index,original_target_index,leg,d_mm,state_sha256,node_id,x_mm,y_mm,group,total_Fx_N,total_Fy_N,material_Fx_N,material_Fy_N,regularization_Fx_N,regularization_Fy_N
0,0,origin,0.0,26d76fa997d7fc33a9ff6a4b606fc4f31e3f1c0753050e330d97c92565c2bbe2,2654,62.0,32.0,physical_only,-0.0,-0.0,-0.0,-0.0,-0.0,-0.0
0,0,origin,0.0,26d76fa997d7fc33a9ff6a4b606fc4f31e3f1c0753050e330d97c92565c2bbe2,2655,63.0,32.0,physical_only,-0.0,-0.0,-0.0,-0.0,-0.0,-0.0
0,0,origin,0.0,26d76fa997d7fc33a9ff6a4b606fc4f31e3f1c0753050e330d97c92565c2bbe2,2656,64.0,32.0,physical_only,-0.0,-0.0,-0.0,-0.0,-0.0,-0.0
0,0,origin,0.0,26d76fa997d7fc33a9ff6a4b606fc4f31e3f1c0753050e330d97c92565c2bbe2,2657,65.0,32.0,physical_only,-0.0,-0.0,-0.0,-0.0,-0.0,-0.0
0,0,origin,0.0,26d76fa997d7fc33a9ff6a4b606fc4f31e3f1c0753050e330d97c92565c2bbe2,2658,66.0,32.0,physical_only,-0.0,-0.0,-0.0,-0.0,-0.0,-0.0
0,0,origin,0.0,26d76fa997d7fc33a9ff6a4b606fc4f31e3f1c0753050e330d97c92565c2bbe2,2659,67.0,32.0,physical_only,-0.0,-0.0,-0.0,-0.0,-0.0,-0.0
0,0,origin,0.0,26d76fa997d7fc33a9ff6a4b606fc4f31e3f1c0753050e330d97c92565c2bbe2,2660,68.0,32.0,physical_only,-0.0,-0.0,-0.0,-0.0,-0.0,-0.0
0,0,origin,0.0,26d76fa997d7fc33a9ff6a4b606fc4f31e3f1c0753050e330d97c92565c2bbe2,2661,69.0,32.0,physical_only,-0.0,-0.0,-0.0,-0.0,-0.0,-0.0
0,0,origin,0.0,26d76fa997d7fc33a9ff6a4b606fc4f31e3f1c0753050e330d97c92565c2bbe2,2662,70.0,32.0,physical_only,-0.0,-0.0,-0.0,-0.0,-0.0,-0.0
0,0,origin,0.0,26d76fa997d7fc33a9ff6a4b606fc4f31e3f1c0753050e330d97c92565c2bbe2,2663,71.0,32.0,physical_only,-0.0,-0.0,-0.0,-0.0,-0.0,-0.0
0,0,origin,0.0,26d76fa997d7fc33a9ff6a4b606fc4f31e3f1c0753050e330d97c92565c2bbe2,2664,72.0,32.0,physical_only,-0.0,-0.0,-0.0,-0.0,-0.0,-0.0
0,0,origin,0.0,26d76fa997d7fc33a9ff6a4b606fc4f31e3f1c0753050e330d97c92565c2bbe2,2665,73.0,32.0,physical_only,-0.0,-0.0,-0.0,-0.0,-0.0,-0.0
0,0,origin,0.0,26d76fa997d7fc33a9ff6a4b606fc4f31e3f1c0753050e330d97c92565c2bbe2,2666,74.0,32.0,physical_only,-0.0,-0.0,-0.0,-0.0,-0.0,-0.0
0,0,origin,0.0,26d76fa997d7fc33a9ff6a4b606fc4f31e3f1c0753050e330d97c92565c2bbe2,2667,75.0,32.0,physical_only,-0.0,-0.0,-0.0,-0.0,-0.0,-0.0
0,0,origin,0.0,26d76fa997d7fc33a9ff6a4b606fc4f31e3f1c0753050e330d97c92565c2bbe2,2668,76.0,32.0,physical_only,-0.0,-0.0,-0.0,-0.0,-0.0,-0.0
0,0,origin,0.0,26d76fa997d7fc33a9ff6a4b606fc4f31e3f1c0753050e330d97c92565c2bbe2,2669,77.0,32.0,physical_only,-0.0,-0.0,-0.0,-0.0,-0.0,-0.0
0,0,origin,0.0,26d76fa997d7fc33a9ff6a4b606fc4f31e3f1c0753050e330d97c92565c2bbe2,2670,78.0,32.0,physical_only,-0.0,-0.0,-0.0,-0.0,-0.0,-0.0
0,0,origin,0.0,26d76fa997d7fc33a9ff6a4b606fc4f31e3f1c0753050e330d97c92565c2bbe2,2735,62.0,33.0,physical_only,-0.0,-0.0,-0.0,-0.0,-0.0,-0.0
0,0,origin,0.0,26d76fa997d7fc33a9ff6a4b606fc4f31e3f1c0753050e330d97c92565c2bbe2,2736,63.0,33.0,interior,-0.0,-0.0,-0.0,-0.0,-0.0,-0.0
0,0,origin,0.0,26d76fa997d7fc33a9ff6a4b606fc4f31e3f1c0753050e330d97c92565c2bbe2,2737,64.0,33.0,interior,-0.0,-0.0,-0.0,-0.0,-0.0,-0.0
0,0,origin,0.0,26d76fa997d7fc33a9ff6a4b606fc4f31e3f1c0753050e330d97c92565c2bbe2,2738,65.0,33.0,interior,-0.0,-0.0,-0.0,-0.0,-0.0,-0.0
0,0,origin,0.0,26d76fa997d7fc33a9ff6a4b606fc4f31e3f1c0753050e330d97c92565c2bbe2,2739,66.0,33.0,interior,-0.0,-0.0,-0.0,-0.0,-0.0,-0.0
0,0,origin,0.0,26d76fa997d7fc33a9ff6a4b606fc4f31e3f1c0753050e330d97c92565c2bbe2,2740,67.0,33.0,interior,-0.0,-0.0,-0.0,-0.0,-0.0,-0.0
0,0,origin,0.0,26d76fa997d7fc33a9ff6a4b606fc4f31e3f1c0753050e330d97c92565c2bbe2,2741,68.0,33.0,interior,-0.0,-0.0,-0.0,-0.0,-0.0,-0.0
0,0,origin,0.0,26d76fa997d7fc33a9ff6a4b606fc4f31e3f1c0753050e330d97c92565c2bbe2,2742,69.0,33.0,interior,-0.0,-0.0,-0.0,-0.0,-0.0,-0.0
0,0,origin,0.0,26d76fa997d7fc33a9ff6a4b606fc4f31e3f1c0753050e330d97c92565c2bbe2,2743,70.0,33.0,interior,-0.0,-0.0,-0.0,-0.0,-0.0,-0.0
0,0,origin,0.0,26d76fa997d7fc33a9ff6a4b606fc4f31e3f1c0753050e330d97c92565c2bbe2,2744,71.0,33.0,interior,-0.0,-0.0,-0.0,-0.0,-0.0,-0.0
0,0,origin,0.0,26d76fa997d7fc33a9ff6a4b606fc4f31e3f1c0753050e330d97c92565c2bbe2,2745,72.0,33.0,interior,-0.0,-0.0,-0.0,-0.0,-0.0,-0.0
0,0,origin,0.0,26d76fa997d7fc33a9ff6a4b606fc4f31e3f1c0753050e330d97c92565c2bbe2,2746,73.0,33.0,interior,-0.0,-0.0,-0.0,-0.0,-0.0,-0.0
0,0,origin,0.0,26d76fa997d7fc33a9ff6a4b606fc4f31e3f1c0753050e330d97c92565c2bbe2,2747,74.0,33.0,interior,-0.0,-0.0,-0.0,-0.0,-0.0,-0.0
0,0,origin,0.0,26d76fa997d7fc33a9ff6a4b606fc4f31e3f1c0753050e330d97c92565c2bbe2,2748,75.0,33.0,interior,-0.0,-0.0,-0.0,-0.0,-0.0,-0.0
0,0,origin,0.0,26d76fa997d7fc33a9ff6a4b606fc4f31e3f1c0753050e330d97c92565c2bbe2,2749,76.0,33.0,interior,-0.0,-0.0,-0.0,-0.0,-0.0,-0.0
0,0,origin,0.0,26d76fa997d7fc33a9ff6a4b606fc4f31e3f1c0753050e330d97c92565c2bbe2,2750,77.0,33.0,interior,-0.0,-0.0,-0.0,-0.0,-0.0,-0.0
0,0,origin,0.0,26d76fa997d7fc33a9ff6a4b606fc4f31e3f1c0753050e330d97c92565c2bbe2,2751,78.0,33.0,physical_only,-0.0,-0.0,-0.0,-0.0,-0.0,-0.0
0,0,origin,0.0,26d76fa997d7fc33a9ff6a4b606fc4f31e3f1c0753050e330d97c92565c2bbe2,2816,62.0,34.0,physical_only,-0.0,-0.0,-0.0,-0.0,-0.0,-0.0
0,0,origin,0.0,26d76fa997d7fc33a9ff6a4b606fc4f31e3f1c0753050e330d97c92565c2bbe2,2817,63.0,34.0,interior,-0.0,-0.0,-0.0,-0.0,-0.0,-0.0
0,0,origin,0.0,26d76fa997d7fc33a9ff6a4b606fc4f31e3f1c0753050e330d97c92565c2bbe2,2818,64.0,34.0,interior,-0.0,-0.0,-0.0,-0.0,-0.0,-0.0
0,0,origin,0.0,26d76fa997d7fc33a9ff6a4b606fc4f31e3f1c0753050e330d97c92565c2bbe2,2819,65.0,34.0,interior,-0.0,-0.0,-0.0,-0.0,-0.0,-0.0
0,0,origin,0.0,26d76fa997d7fc33a9ff6a4b606fc4f31e3f1c0753050e330d97c92565c2bbe2,2820,66.0,34.0,interior,-0.0,-0.0,-0.0,-0.0,-0.0,-0.0
0,0,origin,0.0,26d76fa997d7fc33a9ff6a4b606fc4f31e3f1c0753050e330d97c92565c2bbe2,2821,67.0,34.0,interior,-0.0,-0.0,-0.0,-0.0,-0.0,-0.0
0,0,origin,0.0,26d76fa997d7fc33a9ff6a4b606fc4f31e3f1c0753050e330d97c92565c2bbe2,2822,68.0,34.0,interior,-0.0,-0.0,-0.0,-0.0,-0.0,-0.0
0,0,origin,0.0,26d76fa997d7fc33a9ff6a4b606fc4f31e3f1c0753050e330d97c92565c2bbe2,2823,69.0,34.0,interior,-0.0,-0.0,-0.0,-0.0,-0.0,-0.0
0,0,origin,0.0,26d76fa997d7fc33a9ff6a4b606fc4f31e3f1c0753050e330d97c92565c2bbe2,2824,70.0,34.0,interior,-0.0,-0.0,-0.0,-0.0,-0.0,-0.0
0,0,origin,0.0,26d76fa997d7fc33a9ff6a4b606fc4f31e3f1c0753050e330d97c92565c2bbe2,2825,71.0,34.0,interior,-0.0,-0.0,-0.0,-0.0,-0.0,-0.0
0,0,origin,0.0,26d76fa997d7fc33a9ff6a4b606fc4f31e3f1c0753050e330d97c92565c2bbe2,2826,72.0,34.0,interior,-0.0,-0.0,-0.0,-0.0,-0.0,-0.0
0,0,origin,0.0,26d76fa997d7fc33a9ff6a4b606fc4f31e3f1c0753050e330d97c92565c2bbe2,2827,73.0,34.0,interior,-0.0,-0.0,-0.0,-0.0,-0.0,-0.0
0,0,origin,0.0,26d76fa997d7fc33a9ff6a4b606fc4f31e3f1c0753050e330d97c92565c2bbe2,2828,74.0,34.0,interior,-0.0,-0.0,-0.0,-0.0,-0.0,-0.0
0,0,origin,0.0,26d76fa997d7fc33a9ff6a4b606fc4f31e3f1c0753050e330d97c92565c2bbe2,2829,75.0,34.0,interior,-0.0,-0.0,-0.0,-0.0,-0.0,-0.0
0,0,origin,0.0,26d76fa997d7fc33a9ff6a4b606fc4f31e3f1c0753050e330d97c92565c2bbe2,2830,76.0,34.0,interior,-0.0,-0.0,-0.0,-0.0,-0.0,-0.0
0,0,origin,0.0,26d76fa997d7fc33a9ff6a4b606fc4f31e3f1c0753050e330d97c92565c2bbe2,2831,77.0,34.0,interior,-0.0,-0.0,-0.0,-0.0,-0.0,-0.0
0,0,origin,0.0,26d76fa997d7fc33a9ff6a4b606fc4f31e3f1c0753050e330d97c92565c2bbe2,2832,78.0,34.0,physical_only,-0.0,-0.0,-0.0,-0.0,-0.0,-0.0
0,0,origin,0.0,26d76fa997d7fc33a9ff6a4b606fc4f31e3f1c0753050e330d97c92565c2bbe2,2897,62.0,35.0,physical_only,-0.0,-0.0,-0.0,-0.0,-0.0,-0.0
0,0,origin,0.0,26d76fa997d7fc33a9ff6a4b606fc4f31e3f1c0753050e330d97c92565c2bbe2,2898,63.0,35.0,interior,-0.0,-0.0,-0.0,-0.0,-0.0,-0.0
0,0,origin,0.0,26d76fa997d7fc33a9ff6a4b606fc4f31e3f1c0753050e330d97c92565c2bbe2,2899,64.0,35.0,interior,-0.0,-0.0,-0.0,-0.0,-0.0,-0.0
0,0,origin,0.0,26d76fa997d7fc33a9ff6a4b606fc4f31e3f1c0753050e330d97c92565c2bbe2,2900,65.0,35.0,interior,-0.0,-0.0,-0.0,-0.0,-0.0,-0.0
0,0,origin,0.0,26d76fa997d7fc33a9ff6a4b606fc4f31e3f1c0753050e330d97c92565c2bbe2,2901,66.0,35.0,interior,-0.0,-0.0,-0.0,-0.0,-0.0,-0.0
0,0,origin,0.0,26d76fa997d7fc33a9ff6a4b606fc4f31e3f1c0753050e330d97c92565c2bbe2,2902,67.0,35.0,interior,-0.0,-0.0,-0.0,-0.0,-0.0,-0.0
0,0,origin,0.0,26d76fa997d7fc33a9ff6a4b606fc4f31e3f1c0753050e330d97c92565c2bbe2,2903,68.0,35.0,interior,-0.0,-0.0,-0.0,-0.0,-0.0,-0.0
0,0,origin,0.0,26d76fa997d7fc33a9ff6a4b606fc4f31e3f1c0753050e330d97c92565c2bbe2,2904,69.0,35.0,interior,-0.0,-0.0,-0.0,-0.0,-0.0,-0.0
0,0,origin,0.0,26d76fa997d7fc33a9ff6a4b606fc4f31e3f1c0753050e330d97c92565c2bbe2,2905,70.0,35.0,interior,-0.0,-0.0,-0.0,-0.0,-0.0,-0.0
0,0,origin,0.0,26d76fa997d7fc33a9ff6a4b606fc4f31e3f1c0753050e330d97c92565c2bbe2,2906,71.0,35.0,interior,-0.0,-0.0,-0.0,-0.0,-0.0,-0.0
0,0,origin,0.0,26d76fa997d7fc33a9ff6a4b606fc4f31e3f1c0753050e330d97c92565c2bbe2,2907,72.0,35.0,interior,-0.0,-0.0,-0.0,-0.0,-0.0,-0.0
0,0,origin,0.0,26d76fa997d7fc33a9ff6a4b606fc4f31e3f1c0753050e330d97c92565c2bbe2,2908,73.0,35.0,interior,-0.0,-0.0,-0.0,-0.0,-0.0,-0.0
0,0,origin,0.0,26d76fa997d7fc33a9ff6a4b606fc4f31e3f1c0753050e330d97c92565c2bbe2,2909,74.0,35.0,interior,-0.0,-0.0,-0.0,-0.0,-0.0,-0.0
0,0,origin,0.0,26d76fa997d7fc33a9ff6a4b606fc4f31e3f1c0753050e330d97c92565c2bbe2,2910,75.0,35.0,interior,-0.0,-0.0,-0.0,-0.0,-0.0,-0.0
0,0,origin,0.0,26d76fa997d7fc33a9ff6a4b606fc4f31e3f1c0753050e330d97c92565c2bbe2,2911,76.0,35.0,interior,-0.0,-0.0,-0.0,-0.0,-0.0,-0.0
0,0,origin,0.0,26d76fa997d7fc33a9ff6a4b606fc4f31e3f1c0753050e330d97c92565c2bbe2,2912,77.0,35.0,interior,-0.0,-0.0,-0.0,-0.0,-0.0,-0.0
0,0,origin,0.0,26d76fa997d7fc33a9ff6a4b606fc4f31e3f1c0753050e330d97c92565c2bbe2,2913,78.0,35.0,physical_only,-0.0,-0.0,-0.0,-0.0,-0.0,-0.0
0,0,origin,0.0,26d76fa997d7fc33a9ff6a4b606fc4f31e3f1c0753050e330d97c92565c2bbe2,2978,62.0,36.0,physical_only,-0.0,-0.0,-0.0,-0.0,-0.0,-0.0
0,0,origin,0.0,26d76fa997d7fc33a9ff6a4b606fc4f31e3f1c0753050e330d97c92565c2bbe2,2979,63.0,36.0,interior,-0.0,-0.0,-0.0,-0.0,-0.0,-0.0
0,0,origin,0.0,26d76fa997d7fc33a9ff6a4b606fc4f31e3f1c0753050e330d97c92565c2bbe2,2980,64.0,36.0,interior,-0.0,-0.0,-0.0,-0.0,-0.0,-0.0
0,0,origin,0.0,26d76fa997d7fc33a9ff6a4b606fc4f31e3f1c0753050e330d97c92565c2bbe2,2981,65.0,36.0,interior,-0.0,-0.0,-0.0,-0.0,-0.0,-0.0
0,0,origin,0.0,26d76fa997d7fc33a9ff6a4b606fc4f31e3f1c0753050e330d97c92565c2bbe2,2982,66.0,36.0,interior,-0.0,-0.0,-0.0,-0.0,-0.0,-0.0
0,0,origin,0.0,26d76fa997d7fc33a9ff6a4b606fc4f31e3f1c0753050e330d97c92565c2bbe2,2983,67.0,36.0,interior,-0.0,-0.0,-0.0,-0.0,-0.0,-0.0
0,0,origin,0.0,26d76fa997d7fc33a9ff6a4b606fc4f31e3f1c0753050e330d97c92565c2bbe2,2984,68.0,36.0,interior,-0.0,-0.0,-0.0,-0.0,-0.0,-0.0
0,0,origin,0.0,26d76fa997d7fc33a9ff6a4b606fc4f31e3f1c0753050e330d97c92565c2bbe2,2985,69.0,36.0,interior,-0.0,-0.0,-0.0,-0.0,-0.0,-0.0
0,0,origin,0.0,26d76fa997d7fc33a9ff6a4b606fc4f31e3f1c0753050e330d97c92565c2bbe2,2986,70.0,36.0,interior,-0.0,-0.0,-0.0,-0.0,-0.0,-0.0
0,0,origin,0.0,26d76fa997d7fc33a9ff6a4b606fc4f31e3f1c0753050e330d97c92565c2bbe2,2987,71.0,36.0,interior,-0.0,-0.0,-0.0,-0.0,-0.0,-0.0
0,0,origin,0.0,26d76fa997d7fc33a9ff6a4b606fc4f31e3f1c0753050e330d97c92565c2bbe2,2988,72.0,36.0,interior,-0.0,-0.0,-0.0,-0.0,-0.0,-0.0
0,0,origin,0.0,26d76fa997d7fc33a9ff6a4b606fc4f31e3f1c0753050e330d97c92565c2bbe2,2989,73.0,36.0,interior,-0.0,-0.0,-0.0,-0.0,-0.0,-0.0
0,0,origin,0.0,26d76fa997d7fc33a9ff6a4b606fc4f31e3f1c0753050e330d97c92565c2bbe2,2990,74.0,36.0,interior,-0.0,-0.0,-0.0,-0.0,-0.0,-0.0
0,0,origin,0.0,26d76fa997d7fc33a9ff6a4b606fc4f31e3f1c0753050e330d97c92565c2bbe2,2991,75.0,36.0,interior,-0.0,-0.0,-0.0,-0.0,-0.0,-0.0
0,0,origin,0.0,26d76fa997d7fc33a9ff6a4b606fc4f31e3f1c0753050e330d97c92565c2bbe2,2992,76.0,36.0,interior,-0.0,-0.0,-0.0,-0.0,-0.0,-0.0
0,0,origin,0.0,26d76fa997d7fc33a9ff6a4b606fc4f31e3f1c0753050e330d97c92565c2bbe2,2993,77.0,36.0,interior,-0.0,-0.0,-0.0,-0.0,-0.0,-0.0
0,0,origin,0.0,26d76fa997d7fc33a9ff6a4b606fc4f31e3f1c0753050e330d97c92565c2bbe2,2994,78.0,36.0,physical_only,-0.0,-0.0,-0.0,-0.0,-0.0,-0.0
0,0,origin,0.0,26d76fa997d7fc33a9ff6a4b606fc4f31e3f1c0753050e330d97c92565c2bbe2,3059,62.0,37.0,physical_only,-0.0,-0.0,-0.0,-0.0,-0.0,-0.0
0,0,origin,0.0,26d76fa997d7fc33a9ff6a4b606fc4f31e3f1c0753050e330d97c92565c2bbe2,3060,63.0,37.0,interior,-0.0,-0.0,-0.0,-0.0,-0.0,-0.0
0,0,origin,0.0,26d76fa997d7fc33a9ff6a4b606fc4f31e3f1c0753050e330d97c92565c2bbe2,3061,64.0,37.0,interior,-0.0,-0.0,-0.0,-0.0,-0.0,-0.0
0,0,origin,0.0,26d76fa997d7fc33a9ff6a4b606fc4f31e3f1c0753050e330d97c92565c2bbe2,3062,65.0,37.0,interior,-0.0,-0.0,-0.0,-0.0,-0.0,-0.0
0,0,origin,0.0,26d76fa997d7fc33a9ff6a4b606fc4f31e3f1c0753050e330d97c92565c2bbe2,3063,66.0,37.0,interior,-0.0,-0.0,-0.0,-0.0,-0.0,-0.0
0,0,origin,0.0,26d76fa997d7fc33a9ff6a4b606fc4f31e3f1c0753050e330d97c92565c2bbe2,3064,67.0,37.0,interior,-0.0,-0.0,-0.0,-0.0,-0.0,-0.0
0,0,origin,0.0,26d76fa997d7fc33a9ff6a4b606fc4f31e3f1c0753050e330d97c92565c2bbe2,3065,68.0,37.0,interior,-0.0,-0.0,-0.0,-0.0,-0.0,-0.0
0,0,origin,0.0,26d76fa997d7fc33a9ff6a4b606fc4f31e3f1c0753050e330d97c92565c2bbe2,3066,69.0,37.0,interior,-0.0,-0.0,-0.0,-0.0,-0.0,-0.0
0,0,origin,0.0,26d76fa997d7fc33a9ff6a4b606fc4f31e3f1c0753050e330d97c92565c2bbe2,3067,70.0,37.0,interior,-0.0,-0.0,-0.0,-0.0,-0.0,-0.0
0,0,origin,0.0,26d76fa997d7fc33a9ff6a4b606fc4f31e3f1c0753050e330d97c92565c2bbe2,3068,71.0,37.0,interior,-0.0,-0.0,-0.0,-0.0,-0.0,-0.0
0,0,origin,0.0,26d76fa997d7fc33a9ff6a4b606fc4f31e3f1c0753050e330d97c92565c2bbe2,3069,72.0,37.0,interior,-0.0,-0.0,-0.0,-0.0,-0.0,-0.0
0,0,origin,0.0,26d76fa997d7fc33a9ff6a4b606fc4f31e3f1c0753050e330d97c92565c2bbe2,3070,73.0,37.0,interior,-0.0,-0.0,-0.0,-0.0,-0.0,-0.0
0,0,origin,0.0,26d76fa997d7fc33a9ff6a4b606fc4f31e3f1c0753050e330d97c92565c2bbe2,3071,74.0,37.0,interior,-0.0,-0.0,-0.0,-0.0,-0.0,-0.0
0,0,origin,0.0,26d76fa997d7fc33a9ff6a4b606fc4f31e3f1c0753050e330d97c92565c2bbe2,3072,75.0,37.0,interior,-0.0,-0.0,-0.0,-0.0,-0.0,-0.0
0,0,origin,0.0,26d76fa997d7fc33a9ff6a4b606fc4f31e3f1c0753050e330d97c92565c2bbe2,3073,76.0,37.0,interior,-0.0,-0.0,-0.0,-0.0,-0.0,-0.0
0,0,origin,0.0,26d76fa997d7fc33a9ff6a4b606fc4f31e3f1c0753050e330d97c92565c2bbe2,3074,77.0,37.0,interior,-0.0,-0.0,-0.0,-0.0,-0.0,-0.0
0,0,origin,0.0,26d76fa997d7fc33a9ff6a4b606fc4f31e3f1c0753050e330d97c92565c2bbe2,3075,78.0,37.0,physical_only,-0.0,-0.0,-0.0,-0.0,-0.0,-0.0
0,0,origin,0.0,26d76fa997d7fc33a9ff6a4b606fc4f31e3f1c0753050e330d97c92565c2bbe2,3140,62.0,38.0,physical_only,-0.0,-0.0,-0.0,-0.0,-0.0,-0.0
0,0,origin,0.0,26d76fa997d7fc33a9ff6a4b606fc4f31e3f1c0753050e330d97c92565c2bbe2,3141,63.0,38.0,interior,-0.0,-0.0,-0.0,-0.0,-0.0,-0.0
0,0,origin,0.0,26d76fa997d7fc33a9ff6a4b606fc4f31e3f1c0753050e330d97c92565c2bbe2,3142,64.0,38.0,interior,-0.0,-0.0,-0.0,-0.0,-0.0,-0.0
0,0,origin,0.0,26d76fa997d7fc33a9ff6a4b606fc4f31e3f1c0753050e330d97c92565c2bbe2,3143,65.0,38.0,interior,-0.0,-0.0,-0.0,-0.0,-0.0,-0.0
0,0,origin,0.0,26d76fa997d7fc33a9ff6a4b606fc4f31e3f1c0753050e330d97c92565c2bbe2,3144,66.0,38.0,interior,-0.0,-0.0,-0.0,-0.0,-0.0,-0.0
0,0,origin,0.0,26d76fa997d7fc33a9ff6a4b606fc4f31e3f1c0753050e330d97c92565c2bbe2,3145,67.0,38.0,interior,-0.0,-0.0,-0.0,-0.0,-0.0,-0.0
0,0,origin,0.0,26d76fa997d7fc33a9ff6a4b606fc4f31e3f1c0753050e330d97c92565c2bbe2,3146,68.0,38.0,interior,-0.0,-0.0,-0.0,-0.0,-0.0,-0.0
0,0,origin,0.0,26d76fa997d7fc33a9ff6a4b606fc4f31e3f1c0753050e330d97c92565c2bbe2,3147,69.0,38.0,interior,-0.0,-0.0,-0.0,-0.0,-0.0,-0.0
0,0,origin,0.0,26d76fa997d7fc33a9ff6a4b606fc4f31e3f1c0753050e330d97c92565c2bbe2,3148,70.0,38.0,interior,-0.0,-0.0,-0.0,-0.0,-0.0,-0.0
0,0,origin,0.0,26d76fa997d7fc33a9ff6a4b606fc4f31e3f1c0753050e330d97c92565c2bbe2,3149,71.0,38.0,interior,-0.0,-0.0,-0.0,-0.0,-0.0,-0.0
0,0,origin,0.0,26d76fa997d7fc33a9ff6a4b606fc4f31e3f1c0753050e330d97c92565c2bbe2,3150,72.0,38.0,interior,-0.0,-0.0,-0.0,-0.0,-0.0,-0.0
0,0,origin,0.0,26d76fa997d7fc33a9ff6a4b606fc4f31e3f1c0753050e330d97c92565c2bbe2,3151,73.0,38.0,interior,-0.0,-0.0,-0.0,-0.0,-0.0,-0.0
0,0,origin,0.0,26d76fa997d7fc33a9ff6a4b606fc4f31e3f1c0753050e330d97c92565c2bbe2,3152,74.0,38.0,interior,-0.0,-0.0,-0.0,-0.0,-0.0,-0.0
0,0,origin,0.0,26d76fa997d7fc33a9ff6a4b606fc4f31e3f1c0753050e330d97c92565c2bbe2,3153,75.0,38.0,interior,-0.0,-0.0,-0.0,-0.0,-0.0,-0.0
0,0,origin,0.0,26d76fa997d7fc33a9ff6a4b606fc4f31e3f1c0753050e330d97c92565c2bbe2,3154,76.0,38.0,interior,-0.0,-0.0,-0.0,-0.0,-0.0,-0.0
0,0,origin,0.0,26d76fa997d7fc33a9ff6a4b606fc4f31e3f1c0753050e330d97c92565c2bbe2,3155,77.0,38.0,interior,-0.0,-0.0,-0.0,-0.0,-0.0,-0.0
0,0,origin,0.0,26d76fa997d7fc33a9ff6a4b606fc4f31e3f1c0753050e330d97c92565c2bbe2,3156,78.0,38.0,physical_only,-0.0,-0.0,-0.0,-0.0,-0.0,-0.0
0,0,origin,0.0,26d76fa997d7fc33a9ff6a4b606fc4f31e3f1c0753050e330d97c92565c2bbe2,3221,62.0,39.0,physical_only,-0.0,-0.0,-0.0,-0.0,-0.0,-0.0
0,0,origin,0.0,26d76fa997d7fc33a9ff6a4b606fc4f31e3f1c0753050e330d97c92565c2bbe2,3222,63.0,39.0,interior,-0.0,-0.0,-0.0,-0.0,-0.0,-0.0
0,0,origin,0.0,26d76fa997d7fc33a9ff6a4b606fc4f31e3f1c0753050e330d97c92565c2bbe2,3223,64.0,39.0,interior,-0.0,-0.0,-0.0,-0.0,-0.0,-0.0
0,0,origin,0.0,26d76fa997d7fc33a9ff6a4b606fc4f31e3f1c0753050e330d97c92565c2bbe2,3224,65.0,39.0,interior,-0.0,-0.0,-0.0,-0.0,-0.0,-0.0
0,0,origin,0.0,26d76fa997d7fc33a9ff6a4b606fc4f31e3f1c0753050e330d97c92565c2bbe2,3225,66.0,39.0,interior,-0.0,-0.0,-0.0,-0.0,-0.0,-0.0
0,0,origin,0.0,26d76fa997d7fc33a9ff6a4b606fc4f31e3f1c0753050e330d97c92565c2bbe2,3226,67.0,39.0,interior,-0.0,-0.0,-0.0,-0.0,-0.0,-0.0
0,0,origin,0.0,26d76fa997d7fc33a9ff6a4b606fc4f31e3f1c0753050e330d97c92565c2bbe2,3227,68.0,39.0,interior,-0.0,-0.0,-0.0,-0.0,-0.0,-0.0
0,0,origin,0.0,26d76fa997d7fc33a9ff6a4b606fc4f31e3f1c0753050e330d97c92565c2bbe2,3228,69.0,39.0,interior,-0.0,-0.0,-0.0,-0.0,-0.0,-0.0
0,0,origin,0.0,26d76fa997d7fc33a9ff6a4b606fc4f31e3f1c0753050e330d97c92565c2bbe2,3229,70.0,39.0,interior,-0.0,-0.0,-0.0,-0.0,-0.0,-0.0
0,0,origin,0.0,26d76fa997d7fc33a9ff6a4b606fc4f31e3f1c0753050e330d97c92565c2bbe2,3230,71.0,39.0,interior,-0.0,-0.0,-0.0,-0.0,-0.0,-0.0
0,0,origin,0.0,26d76fa997d7fc33a9ff6a4b606fc4f31e3f1c0753050e330d97c92565c2bbe2,3231,72.0,39.0,interior,-0.0,-0.0,-0.0,-0.0,-0.0,-0.0
0,0,origin,0.0,26d76fa997d7fc33a9ff6a4b606fc4f31e3f1c0753050e330d97c92565c2bbe2,3232,73.0,39.0,interior,-0.0,-0.0,-0.0,-0.0,-0.0,-0.0
0,0,origin,0.0,26d76fa997d7fc33a9ff6a4b606fc4f31e3f1c0753050e330d97c92565c2bbe2,3233,74.0,39.0,interior,-0.0,-0.0,-0.0,-0.0,-0.0,-0.0
0,0,origin,0.0,26d76fa997d7fc33a9ff6a4b606fc4f31e3f1c0753050e330d97c92565c2bbe2,3234,75.0,39.0,interior,-0.0,-0.0,-0.0,-0.0,-0.0,-0.0
0,0,origin,0.0,26d76fa997d7fc33a9ff6a4b606fc4f31e3f1c0753050e330d97c92565c2bbe2,3235,76.0,39.0,interior,-0.0,-0.0,-0.0,-0.0,-0.0,-0.0
0,0,origin,0.0,26d76fa997d7fc33a9ff6a4b606fc4f31e3f1c0753050e330d97c92565c2bbe2,3236,77.0,39.0,interior,-0.0,-0.0,-0.0,-0.0,-0.0,-0.0
0,0,origin,0.0,26d76fa997d7fc33a9ff6a4b606fc4f31e3f1c0753050e330d97c92565c2bbe2,3237,78.0,39.0,physical_only,-0.0,-0.0,-0.0,-0.0,-0.0,-0.0
0,0,origin,0.0,26d76fa997d7fc33a9ff6a4b606fc4f31e3f1c0753050e330d97c92565c2bbe2,3302,62.0,40.0,physical_and_cut,-0.0,-0.0,-0.0,-0.0,-0.0,-0.0
0,0,origin,0.0,26d76fa997d7fc33a9ff6a4b606fc4f31e3f1c0753050e330d97c92565c2bbe2,3303,63.0,40.0,cut_only,-0.0,-0.0,-0.0,-0.0,-0.0,-0.0
0,0,origin,0.0,26d76fa997d7fc33a9ff6a4b606fc4f31e3f1c0753050e330d97c92565c2bbe2,3304,64.0,40.0,cut_only,-0.0,-0.0,-0.0,-0.0,-0.0,-0.0
0,0,origin,0.0,26d76fa997d7fc33a9ff6a4b606fc4f31e3f1c0753050e330d97c92565c2bbe2,3305,65.0,40.0,cut_only,-0.0,-0.0,-0.0,-0.0,-0.0,-0.0
0,0,origin,0.0,26d76fa997d7fc33a9ff6a4b606fc4f31e3f1c0753050e330d97c92565c2bbe2,3306,66.0,40.0,cut_only,-0.0,-0.0,-0.0,-0.0,-0.0,-0.0
0,0,origin,0.0,26d76fa997d7fc33a9ff6a4b606fc4f31e3f1c0753050e330d97c92565c2bbe2,3307,67.0,40.0,cut_only,-0.0,-0.0,-0.0,-0.0,-0.0,-0.0
0,0,origin,0.0,26d76fa997d7fc33a9ff6a4b606fc4f31e3f1c0753050e330d97c92565c2bbe2,3308,68.0,40.0,cut_only,-0.0,-0.0,-0.0,-0.0,-0.0,-0.0
0,0,origin,0.0,26d76fa997d7fc33a9ff6a4b606fc4f31e3f1c0753050e330d97c92565c2bbe2,3309,69.0,40.0,cut_only,-0.0,-0.0,-0.0,-0.0,-0.0,-0.0
0,0,origin,0.0,26d76fa997d7fc33a9ff6a4b606fc4f31e3f1c0753050e330d97c92565c2bbe2,3310,70.0,40.0,cut_only,-0.0,-0.0,-0.0,-0.0,-0.0,-0.0
0,0,origin,0.0,26d76fa997d7fc33a9ff6a4b606fc4f31e3f1c0753050e330d97c92565c2bbe2,3311,71.0,40.0,cut_only,-0.0,-0.0,-0.0,-0.0,-0.0,-0.0
0,0,origin,0.0,26d76fa997d7fc33a9ff6a4b606fc4f31e3f1c0753050e330d97c92565c2bbe2,3312,72.0,40.0,cut_only,-0.0,-0.0,-0.0,-0.0,-0.0,-0.0
0,0,origin,0.0,26d76fa997d7fc33a9ff6a4b606fc4f31e3f1c0753050e330d97c92565c2bbe2,3313,73.0,40.0,cut_only,-0.0,-0.0,-0.0,-0.0,-0.0,-0.0
0,0,origin,0.0,26d76fa997d7fc33a9ff6a4b606fc4f31e3f1c0753050e330d97c92565c2bbe2,3314,74.0,40.0,cut_only,-0.0,-0.0,-0.0,-0.0,-0.0,-0.0
0,0,origin,0.0,26d76fa997d7fc33a9ff6a4b606fc4f31e3f1c0753050e330d97c92565c2bbe2,3315,75.0,40.0,cut_only,-0.0,-0.0,-0.0,-0.0,-0.0,-0.0
0,0,origin,0.0,26d76fa997d7fc33a9ff6a4b606fc4f31e3f1c0753050e330d97c92565c2bbe2,3316,76.0,40.0,cut_only,-0.0,-0.0,-0.0,-0.0,-0.0,-0.0
0,0,origin,0.0,26d76fa997d7fc33a9ff6a4b606fc4f31e3f1c0753050e330d97c92565c2bbe2,3317,77.0,40.0,cut_only,-0.0,-0.0,-0.0,-0.0,-0.0,-0.0
0,0,origin,0.0,26d76fa997d7fc33a9ff6a4b606fc4f31e3f1c0753050e330d97c92565c2bbe2,3318,78.0,40.0,physical_and_cut,-0.0,-0.0,-0.0,-0.0,-0.0,-0.0
1,1,loading,0.5,76e4112e43871de62a7a3e1ea79827dfb5cf945ab7512803685046f0cd376c28,2654,62.0,32.0,physical_only,-0.00010865965139550728,7.684246073855983e-06,-3.169720691486973e-06,1.7747739250435747e-06,-0.00010548993070402031,5.909472148812411e-06
1,1,loading,0.5,76e4112e43871de62a7a3e1ea79827dfb5cf945ab7512803685046f0cd376c28,2655,63.0,32.0,physical_only,-9.73774058959143e-07,-6.127709816314427e-07,-9.632309035512924e-07,1.8072071220882914e-06,-1.0543155407850702e-08,-2.4199781037197336e-06
1,1,loading,0.5,76e4112e43871de62a7a3e1ea79827dfb5cf945ab7512803685046f0cd376c28,2656,64.0,32.0,physical_only,-7.734171864700471e-07,-8.978364562049e-07,-9.677402451312158e-07,2.1945479970033643e-06,1.9432305866116886e-07,-3.0923844532082723e-06
1,1,loading,0.5,76e4112e43871de62a7a3e1ea79827dfb5cf945ab7512803685046f0cd376c28,2657,65.0,32.0,physical_only,-7.965481559472014e-07,-1.2049262923851046e-06,-9.738166402162851e-07,2.5965973784989154e-06,1.7726848426908353e-07,-3.801523670884013e-06
1,1,loading,0.5,76e4112e43871de62a7a3e1ea79827dfb5cf945ab7512803685046f0cd376c28,2658,66.0,32.0,physical_only,-9.566329532994192e-07,-1.2429609034751761e-06,-9.809944303124763e-07,3.0168858885820932e-06,2.436147701305717e-08,-4.259846792057272e-06
1,1,loading,0.5,76e4112e43871de62a7a3e1ea79827dfb5cf945ab7512803685046f0cd376c28,2659,67.0,32.0,physical_only,-1.108237119732005e-06,-1.0154099203891871e-06,-9.883059382566316e-07,3.457155698243999e-06,-1.1993118147537335e-07,-4.472565618633182e-06
1,1,loading,0.5,76e4112e43871de62a7a3e1ea79827dfb5cf945ab7512803685046f0cd376c28,2660,68.0,32.0,physical_only,-1.131295600798028e-06,-7.170354047346522e-07,-9.95194344975766e-07,3.917639090000789e-06,-1.36101255822262e-07,-4.634674494735445e-06
1,1,loading,0.5,76e4112e43871de62a7a3e1ea79827dfb5cf945ab7512803685046f0cd376c28,2661,69.0,32.0,physical_only,-1.1669130463603205e-06,-4.2629884686541176e-07,-1.0014296074003308e-06,4.397942633780481e-06,-1.6548343895998956e-07,-4.824241480645884e-06
1,1,loading,0.5,76e4112e43871de62a7a3e1ea79827dfb5cf945ab7512803685046f0cd376c28,2662,70.0,32.0,physical_only,-1.205495800242772e-06,-8.883014778168275e-08,-1.0070340806854887e-06,4.897565714363886e-06,-1.9846171955728344e-07,-4.986395862145577e-06
1,1,loading,0.5,76e4112e43871de62a7a3e1ea79827dfb5cf945ab7512803685046f0cd376c28,2663,71.0,32.0,physical_only,-1.2480336012408178e-06,2.981721037501316e-07,-1.0119528001041053e-06,5.415961481941937e-06,-2.3608080113671257e-07,-5.1177893781917985e-06
1,1,loading,0.5,76e4112e43871de62a7a3e1ea79827dfb5cf945ab7512803685046f0cd376c28,2664,72.0,32.0,physical_only,-1.2937291615435095e-06,7.375265003279442e-07,-1.0161402699805852e-06,5.9524659575604676e-06,-2.775888915629244e-07,-5.214939457232515e-06
1,1,loading,0.5,76e4112e43871de62a7a3e1ea79827dfb5cf945ab7512803685046f0cd376c28,2665,73.0,32.0,physical_only,-1.3601668794984706e-06,1.2946944409920338e-06,-1.0194703598985773e-06,6.506193202861892e-06,-3.4069651959989314e-07,-5.211498761869846e-06
1,1,loading,0.5,76e4112e43871de62a7a3e1ea79827dfb5cf945ab7512803685046f0cd376c28,2666,74.0,32.0,physical_only,-1.268337729529655e-06,1.9011093917787513e-06,-1.0220129594809421e-06,7.076118110994433e-06,-2.463247700487132e-07,-5.175008719215688e-06
1,1,loading,0.5,76e4112e43871de62a7a3e1ea79827dfb5cf945ab7512803685046f0cd376c28,2667,75.0,32.0,physical_only,-1.0714836760963681e-06,2.3031472360445724e-06,-1.024118852681985e-06,7.661586008734893e-06,-4.736482341438286e-08,-5.358438772690326e-06
1,1,loading,0.5,76e4112e43871de62a7a3e1ea79827dfb5cf945ab7512803685046f0cd376c28,2668,76.0,32.0,physical_only,-8.370552481003792e-07,2.2653294665956404e-06,-1.0266483412918206e-06,8.263360516150424e-06,1.895930931914415e-07,-5.9980310495547925e-06
1,1,loading,0.5,76e4112e43871de62a7a3e1ea79827dfb5cf945ab7512803685046f0cd376c28,2669,77.0,32.0,physical_only,-8.287495369780346e-07,2.1404085906355313e-06,-1.0300720266366912e-06,8.883854642506958e-06,2.0132248965865677e-07,-6.743446051871437e-06
1,1,loading,0.5,76e4112e43871de62a7a3e1ea79827dfb5cf945ab7512803685046f0cd376c28,2670,78.0,32.0,physical_only,-1.5455659632278103e-07,0.00013265341723634242,-1.0833673508241559e-06,9.620267287864359e-06,9.288107545013751e-07,0.00012303314994847807
1,1,loading,0.5,76e4112e43871de62a7a3e1ea79827dfb5cf945ab7512803685046f0cd376c28,2735,62.0,33.0,physical_only,-3.7063195861162664e-06,-7.31385339976281e-07,-2.494840465612643e-06,1.0299417798294209e-07,-1.2114791205036236e-06,-8.34379517959223e-07
1,1,loading,0.5,76e4112e43871de62a7a3e1ea79827dfb5cf945ab7512803685046f0cd376c28,2736,63.0,33.0,interior,-0.0,-0.0,-0.0,-0.0,-0.0,-0.0
1,1,loading,0.5,76e4112e43871de62a7a3e1ea79827dfb5cf945ab7512803685046f0cd376c28,2737,64.0,33.0,interior,-0.0,-0.0,-0.0,-0.0,-0.0,-0.0
1,1,loading,0.5,76e4112e43871de62a7a3e1ea79827dfb5cf945ab7512803685046f0cd376c28,2738,65.0,33.0,interior,-0.0,-0.0,-0.0,-0.0,-0.0,-0.0
1,1,loading,0.5,76e4112e43871de62a7a3e1ea79827dfb5cf945ab7512803685046f0cd376c28,2739,66.0,33.0,interior,-0.0,-0.0,-0.0,-0.0,-0.0,-0.0
1,1,loading,0.5,76e4112e43871de62a7a3e1ea79827dfb5cf945ab7512803685046f0cd376c28,2740,67.0,33.0,interior,-0.0,-0.0,-0.0,-0.0,-0.0,-0.0
1,1,loading,0.5,76e4112e43871de62a7a3e1ea79827dfb5cf945ab7512803685046f0cd376c28,2741,68.0,33.0,interior,-0.0,-0.0,-0.0,-0.0,-0.0,-0.0
1,1,loading,0.5,76e4112e43871de62a7a3e1ea79827dfb5cf945ab7512803685046f0cd376c28,2742,69.0,33.0,interior,-0.0,-0.0,-0.0,-0.0,-0.0,-0.0
1,1,loading,0.5,76e4112e43871de62a7a3e1ea79827dfb5cf945ab7512803685046f0cd376c28,2743,70.0,33.0,interior,-0.0,-0.0,-0.0,-0.0,-0.0,-0.0
1,1,loading,0.5,76e4112e43871de62a7a3e1ea79827dfb5cf945ab7512803685046f0cd376c28,2744,71.0,33.0,interior,-0.0,-0.0,-0.0,-0.0,-0.0,-0.0
1,1,loading,0.5,76e4112e43871de62a7a3e1ea79827dfb5cf945ab7512803685046f0cd376c28,2745,72.0,33.0,interior,-0.0,-0.0,-0.0,-0.0,-0.0,-0.0
1,1,loading,0.5,76e4112e43871de62a7a3e1ea79827dfb5cf945ab7512803685046f0cd376c28,2746,73.0,33.0,interior,-0.0,-0.0,-0.0,-0.0,-0.0,-0.0
1,1,loading,0.5,76e4112e43871de62a7a3e1ea79827dfb5cf945ab7512803685046f0cd376c28,2747,74.0,33.0,interior,-0.0,-0.0,-0.0,-0.0,-0.0,-0.0
1,1,loading,0.5,76e4112e43871de62a7a3e1ea79827dfb5cf945ab7512803685046f0cd376c28,2748,75.0,33.0,interior,-0.0,-0.0,-0.0,-0.0,-0.0,-0.0
1,1,loading,0.5,76e4112e43871de62a7a3e1ea79827dfb5cf945ab7512803685046f0cd376c28,2749,76.0,33.0,interior,-0.0,-0.0,-0.0,-0.0,-0.0,-0.0
1,1,loading,0.5,76e4112e43871de62a7a3e1ea79827dfb5cf945ab7512803685046f0cd376c28,2750,77.0,33.0,interior,-0.0,-0.0,-0.0,-0.0,-0.0,-0.0
1,1,loading,0.5,76e4112e43871de62a7a3e1ea79827dfb5cf945ab7512803685046f0cd376c28,2751,78.0,33.0,physical_only,-5.3348326450853615e-08,4.347472672566551e-09,-3.210862605351744e-08,1.8289821366327048e-07,-2.12397003973362e-08,-1.7855074099070403e-07
1,1,loading,0.5,76e4112e43871de62a7a3e1ea79827dfb5cf945ab7512803685046f0cd376c28,2816,62.0,34.0,physical_only,-3.220521246372379e-06,-3.4213321884455504e-07,-2.5659895106550054e-06,8.446223189899778e-08,-6.545317357173732e-07,-4.265954507435529e-07
1,1,loading,0.5,76e4112e43871de62a7a3e1ea79827dfb5cf945ab7512803685046f0cd376c28,2817,63.0,34.0,interior,-0.0,-0.0,-0.0,-0.0,-0.0,-0.0
1,1,loading,0.5,76e4112e43871de62a7a3e1ea79827dfb5cf945ab7512803685046f0cd376c28,2818,64.0,34.0,interior,-0.0,-0.0,-0.0,-0.0,-0.0,-0.0
1,1,loading,0.5,76e4112e43871de62a7a3e1ea79827dfb5cf945ab7512803685046f0cd376c28,2819,65.0,34.0,interior,-0.0,-0.0,-0.0,-0.0,-0.0,-0.0
1,1,loading,0.5,76e4112e43871de62a7a3e1ea79827dfb5cf945ab7512803685046f0cd376c28,2820,66.0,34.0,interior,-0.0,-0.0,-0.0,-0.0,-0.0,-0.0
1,1,loading,0.5,76e4112e43871de62a7a3e1ea79827dfb5cf945ab7512803685046f0cd376c28,2821,67.0,34.0,interior,-0.0,-0.0,-0.0,-0.0,-0.0,-0.0
1,1,loading,0.5,76e4112e43871de62a7a3e1ea79827dfb5cf945ab7512803685046f0cd376c28,2822,68.0,34.0,interior,-0.0,-0.0,-0.0,-0.0,-0.0,-0.0
1,1,loading,0.5,76e4112e43871de62a7a3e1ea79827dfb5cf945ab7512803685046f0cd376c28,2823,69.0,34.0,interior,-0.0,-0.0,-0.0,-0.0,-0.0,-0.0
1,1,loading,0.5,76e4112e43871de62a7a3e1ea79827dfb5cf945ab7512803685046f0cd376c28,2824,70.0,34.0,interior,-0.0,-0.0,-0.0,-0.0,-0.0,-0.0
1,1,loading,0.5,76e4112e43871de62a7a3e1ea79827dfb5cf945ab7512803685046f0cd376c28,2825,71.0,34.0,interior,-0.0,-0.0,-0.0,-0.0,-0.0,-0.0
1,1,loading,0.5,76e4112e43871de62a7a3e1ea79827dfb5cf945ab7512803685046f0cd376c28,2826,72.0,34.0,interior,-0.0,-0.0,-0.0,-0.0,-0.0,-0.0
1,1,loading,0.5,76e4112e43871de62a7a3e1ea79827dfb5cf945ab7512803685046f0cd376c28,2827,73.0,34.0,interior,-0.0,-0.0,-0.0,-0.0,-0.0,-0.0
1,1,loading,0.5,76e4112e43871de62a7a3e1ea79827dfb5cf945ab7512803685046f0cd376c28,2828,74.0,34.0,interior,-0.0,-0.0,-0.0,-0.0,-0.0,-0.0
1,1,loading,0.5,76e4112e43871de62a7a3e1ea79827dfb5cf945ab7512803685046f0cd376c28,2829,75.0,34.0,interior,-0.0,-0.0,-0.0,-0.0,-0.0,-0.0
1,1,loading,0.5,76e4112e43871de62a7a3e1ea79827dfb5cf945ab7512803685046f0cd376c28,2830,76.0,34.0,interior,-0.0,-0.0,-0.0,-0.0,-0.0,-0.0
1,1,loading,0.5,76e4112e43871de62a7a3e1ea79827dfb5cf945ab7512803685046f0cd376c28,2831,77.0,34.0,interior,-0.0,-0.0,-0.0,-0.0,-0.0,-0.0
1,1,loading,0.5,76e4112e43871de62a7a3e1ea79827dfb5cf945ab7512803685046f0cd376c28,2832,78.0,34.0,physical_only,-5.228939279637944e-08,3.6928664805775056e-09,-3.270085103771394e-08,1.5570223962155671e-07,-1.95885417586655e-08,-1.520093731409789e-07
1,1,loading,0.5,76e4112e43871de62a7a3e1ea79827dfb5cf945ab7512803685046f0cd376c28,2897,62.0,35.0,physical_only,-3.103985705886847e-06,-3.719986015538582e-08,-2.6236250736780215e-06,7.04591248739893e-08,-4.803606322088254e-07,-1.0765898502937491e-07
1,1,loading,0.5,76e4112e43871de62a7a3e1ea79827dfb5cf945ab7512803685046f0cd376c28,2898,63.0,35.0,interior,-0.0,-0.0,-0.0,-0.0,-0.0,-0.0
1,1,loading,0.5,76e4112e43871de62a7a3e1ea79827dfb5cf945ab7512803685046f0cd376c28,2899,64.0,35.0,interior,-0.0,-0.0,-0.0,-0.0,-0.0,-0.0
1,1,loading,0.5,76e4112e43871de62a7a3e1ea79827dfb5cf945ab7512803685046f0cd376c28,2900,65.0,35.0,interior,-0.0,-0.0,-0.0,-0.0,-0.0,-0.0
1,1,loading,0.5,76e4112e43871de62a7a3e1ea79827dfb5cf945ab7512803685046f0cd376c28,2901,66.0,35.0,interior,-0.0,-0.0,-0.0,-0.0,-0.0,-0.0
1,1,loading,0.5,76e4112e43871de62a7a3e1ea79827dfb5cf945ab7512803685046f0cd376c28,2902,67.0,35.0,interior,-0.0,-0.0,-0.0,-0.0,-0.0,-0.0
1,1,loading,0.5,76e4112e43871de62a7a3e1ea79827dfb5cf945ab7512803685046f0cd376c28,2903,68.0,35.0,interior,-0.0,-0.0,-0.0,-0.0,-0.0,-0.0
1,1,loading,0.5,76e4112e43871de62a7a3e1ea79827dfb5cf945ab7512803685046f0cd376c28,2904,69.0,35.0,interior,-0.0,-0.0,-0.0,-0.0,-0.0,-0.0
1,1,loading,0.5,76e4112e43871de62a7a3e1ea79827dfb5cf945ab7512803685046f0cd376c28,2905,70.0,35.0,interior,-0.0,-0.0,-0.0,-0.0,-0.0,-0.0
1,1,loading,0.5,76e4112e43871de62a7a3e1ea79827dfb5cf945ab7512803685046f0cd376c28,2906,71.0,35.0,interior,-0.0,-0.0,-0.0,-0.0,-0.0,-0.0
1,1,loading,0.5,76e4112e43871de62a7a3e1ea79827dfb5cf945ab7512803685046f0cd376c28,2907,72.0,35.0,interior,-0.0,-0.0,-0.0,-0.0,-0.0,-0.0
1,1,loading,0.5,76e4112e43871de62a7a3e1ea79827dfb5cf945ab7512803685046f0cd376c28,2908,73.0,35.0,interior,-0.0,-0.0,-0.0,-0.0,-0.0,-0.0
1,1,loading,0.5,76e4112e43871de62a7a3e1ea79827dfb5cf945ab7512803685046f0cd376c28,2909,74.0,35.0,interior,-0.0,-0.0,-0.0,-0.0,-0.0,-0.0
1,1,loading,0.5,76e4112e43871de62a7a3e1ea79827dfb5cf945ab7512803685046f0cd376c28,2910,75.0,35.0,interior,-0.0,-0.0,-0.0,-0.0,-0.0,-0.0
1,1,loading,0.5,76e4112e43871de62a7a3e1ea79827dfb5cf945ab7512803685046f0cd376c28,2911,76.0,35.0,interior,-0.0,-0.0,-0.0,-0.0,-0.0,-0.0
1,1,loading,0.5,76e4112e43871de62a7a3e1ea79827dfb5cf945ab7512803685046f0cd376c28,2912,77.0,35.0,interior,-0.0,-0.0,-0.0,-0.0,-0.0,-0.0
1,1,loading,0.5,76e4112e43871de62a7a3e1ea79827dfb5cf945ab7512803685046f0cd376c28,2913,78.0,35.0,physical_only,-5.1398897208208526e-08,3.053883252624739e-09,-3.317448704049269e-08,1.2900193099482348e-07,-1.822441016771583e-08,-1.2594804774219848e-07
1,1,loading,0.5,76e4112e43871de62a7a3e1ea79827dfb5cf945ab7512803685046f0cd376c28,2978,62.0,36.0,physical_only,-3.180985714873193e-06,1.2381828426096093e-07,-2.6715870471663595e-06,5.78621967398766e-08,-5.09398667706833e-07,6.595608752108465e-08
1,1,loading,0.5,76e4112e43871de62a7a3e1ea79827dfb5cf945ab7512803685046f0cd376c28,2979,63.0,36.0,interior,-0.0,-0.0,-0.0,-0.0,-0.0,-0.0
1,1,loading,0.5,76e4112e43871de62a7a3e1ea79827dfb5cf945ab7512803685046f0cd376c28,2980,64.0,36.0,interior,-0.0,-0.0,-0.0,-0.0,-0.0,-0.0
1,1,loading,0.5,76e4112e43871de62a7a3e1ea79827dfb5cf945ab7512803685046f0cd376c28,2981,65.0,36.0,interior,-0.0,-0.0,-0.0,-0.0,-0.0,-0.0
1,1,loading,0.5,76e4112e43871de62a7a3e1ea79827dfb5cf945ab7512803685046f0cd376c28,2982,66.0,36.0,interior,-0.0,-0.0,-0.0,-0.0,-0.0,-0.0
1,1,loading,0.5,76e4112e43871de62a7a3e1ea79827dfb5cf945ab7512803685046f0cd376c28,2983,67.0,36.0,interior,-0.0,-0.0,-0.0,-0.0,-0.0,-0.0
1,1,loading,0.5,76e4112e43871de62a7a3e1ea79827dfb5cf945ab7512803685046f0cd376c28,2984,68.0,36.0,interior,-0.0,-0.0,-0.0,-0.0,-0.0,-0.0
1,1,loading,0.5,76e4112e43871de62a7a3e1ea79827dfb5cf945ab7512803685046f0cd376c28,2985,69.0,36.0,interior,-0.0,-0.0,-0.0,-0.0,-0.0,-0.0
1,1,loading,0.5,76e4112e43871de62a7a3e1ea79827dfb5cf945ab7512803685046f0cd376c28,2986,70.0,36.0,interior,-0.0,-0.0,-0.0,-0.0,-0.0,-0.0
1,1,loading,0.5,76e4112e43871de62a7a3e1ea79827dfb5cf945ab7512803685046f0cd376c28,2987,71.0,36.0,interior,-0.0,-0.0,-0.0,-0.0,-0.0,-0.0
1,1,loading,0.5,76e4112e43871de62a7a3e1ea79827dfb5cf945ab7512803685046f0cd376c28,2988,72.0,36.0,interior,-0.0,-0.0,-0.0,-0.0,-0.0,-0.0
1,1,loading,0.5,76e4112e43871de62a7a3e1ea79827dfb5cf945ab7512803685046f0cd376c28,2989,73.0,36.0,interior,-0.0,-0.0,-0.0,-0.0,-0.0,-0.0
1,1,loading,0.5,76e4112e43871de62a7a3e1ea79827dfb5cf945ab7512803685046f0cd376c28,2990,74.0,36.0,interior,-0.0,-0.0,-0.0,-0.0,-0.0,-0.0
1,1,loading,0.5,76e4112e43871de62a7a3e1ea79827dfb5cf945ab7512803685046f0cd376c28,2991,75.0,36.0,interior,-0.0,-0.0,-0.0,-0.0,-0.0,-0.0
1,1,loading,0.5,76e4112e43871de62a7a3e1ea79827dfb5cf945ab7512803685046f0cd376c28,2992,76.0,36.0,interior,-0.0,-0.0,-0.0,-0.0,-0.0,-0.0
1,1,loading,0.5,76e4112e43871de62a7a3e1ea79827dfb5cf945ab7512803685046f0cd376c28,2993,77.0,36.0,interior,-0.0,-0.0,-0.0,-0.0,-0.0,-0.0
1,1,loading,0.5,76e4112e43871de62a7a3e1ea79827dfb5cf945ab7512803685046f0cd376c28,2994,78.0,36.0,physical_only,-5.0674066122352145e-08,2.4277994328032493e-09,-3.35435481467153e-08,1.0271225340674238e-07,-1.7130517975636866e-08,-1.002844539739413e-07
1,1,loading,0.5,76e4112e43871de62a7a3e1ea79827dfb5cf945ab7512803685046f0cd376c28,3059,62.0,37.0,physical_only,-3.3109947854195237e-06,1.6882772483995446e-07,-2.7104734023177665e-06,4.483725675013579e-08,-6.005213831017576e-07,1.2399046808981868e-07
1,1,loading,0.5,76e4112e43871de62a7a3e1ea79827dfb5cf945ab7512803685046f0cd376c28,3060,63.0,37.0,interior,-0.0,-0.0,-0.0,-0.0,-0.0,-0.0
1,1,loading,0.5,76e4112e43871de62a7a3e1ea79827dfb5cf945ab7512803685046f0cd376c28,3061,64.0,37.0,interior,-0.0,-0.0,-0.0,-0.0,-0.0,-0.0
1,1,loading,0.5,76e4112e43871de62a7a3e1ea79827dfb5cf945ab7512803685046f0cd376c28,3062,65.0,37.0,interior,-0.0,-0.0,-0.0,-0.0,-0.0,-0.0
1,1,loading,0.5,76e4112e43871de62a7a3e1ea79827dfb5cf945ab7512803685046f0cd376c28,3063,66.0,37.0,interior,-0.0,-0.0,-0.0,-0.0,-0.0,-0.0
1,1,loading,0.5,76e4112e43871de62a7a3e1ea79827dfb5cf945ab7512803685046f0cd376c28,3064,67.0,37.0,interior,-0.0,-0.0,-0.0,-0.0,-0.0,-0.0
1,1,loading,0.5,76e4112e43871de62a7a3e1ea79827dfb5cf945ab7512803685046f0cd376c28,3065,68.0,37.0,interior,-0.0,-0.0,-0.0,-0.0,-0.0,-0.0
1,1,loading,0.5,76e4112e43871de62a7a3e1ea79827dfb5cf945ab7512803685046f0cd376c28,3066,69.0,37.0,interior,-0.0,-0.0,-0.0,-0.0,-0.0,-0.0
1,1,loading,0.5,76e4112e43871de62a7a3e1ea79827dfb5cf945ab7512803685046f0cd376c28,3067,70.0,37.0,interior,-0.0,-0.0,-0.0,-0.0,-0.0,-0.0
1,1,loading,0.5,76e4112e43871de62a7a3e1ea79827dfb5cf945ab7512803685046f0cd376c28,3068,71.0,37.0,interior,-0.0,-0.0,-0.0,-0.0,-0.0,-0.0
1,1,loading,0.5,76e4112e43871de62a7a3e1ea79827dfb5cf945ab7512803685046f0cd376c28,3069,72.0,37.0,interior,-0.0,-0.0,-0.0,-0.0,-0.0,-0.0
1,1,loading,0.5,76e4112e43871de62a7a3e1ea79827dfb5cf945ab7512803685046f0cd376c28,3070,73.0,37.0,interior,-0.0,-0.0,-0.0,-0.0,-0.0,-0.0
1,1,loading,0.5,76e4112e43871de62a7a3e1ea79827dfb5cf945ab7512803685046f0cd376c28,3071,74.0,37.0,interior,-0.0,-0.0,-0.0,-0.0,-0.0,-0.0
1,1,loading,0.5,76e4112e43871de62a7a3e1ea79827dfb5cf945ab7512803685046f0cd376c28,3072,75.0,37.0,interior,-0.0,-0.0,-0.0,-0.0,-0.0,-0.0
1,1,loading,0.5,76e4112e43871de62a7a3e1ea79827dfb5cf945ab7512803685046f0cd376c28,3073,76.0,37.0,interior,-0.0,-0.0,-0.0,-0.0,-0.0,-0.0
1,1,loading,0.5,76e4112e43871de62a7a3e1ea79827dfb5cf945ab7512803685046f0cd376c28,3074,77.0,37.0,interior,-0.0,-0.0,-0.0,-0.0,-0.0,-0.0
1,1,loading,0.5,76e4112e43871de62a7a3e1ea79827dfb5cf945ab7512803685046f0cd376c28,3075,78.0,37.0,physical_only,-5.011264021928137e-08,1.8119568695872004e-09,-3.381924883327007e-08,7.674950277443705e-08,-1.62933913860113e-08,-7.493754590485147e-08
1,1,loading,0.5,76e4112e43871de62a7a3e1ea79827dfb5cf945ab7512803685046f0cd376c28,3140,62.0,38.0,physical_only,-3.4237527490396337e-06,1.4005033489135033e-07,-2.739425472168396e-06,3.074055548519807e-08,-6.843272768712373e-07,1.0930977940615183e-07
1,1,loading,0.5,76e4112e43871de62a7a3e1ea79827dfb5cf945ab7512803685046f0cd376c28,3141,63.0,38.0,interior,-0.0,-0.0,-0.0,-0.0,-0.0,-0.0
1,1,loading,0.5,76e4112e43871de62a7a3e1ea79827dfb5cf945ab7512803685046f0cd376c28,3142,64.0,38.0,interior,-0.0,-0.0,-0.0,-0.0,-0.0,-0.0
1,1,loading,0.5,76e4112e43871de62a7a3e1ea79827dfb5cf945ab7512803685046f0cd376c28,3143,65.0,38.0,interior,-0.0,-0.0,-0.0,-0.0,-0.0,-0.0
1,1,loading,0.5,76e4112e43871de62a7a3e1ea79827dfb5cf945ab7512803685046f0cd376c28,3144,66.0,38.0,interior,-0.0,-0.0,-0.0,-0.0,-0.0,-0.0
1,1,loading,0.5,76e4112e43871de62a7a3e1ea79827dfb5cf945ab7512803685046f0cd376c28,3145,67.0,38.0,interior,-0.0,-0.0,-0.0,-0.0,-0.0,-0.0
1,1,loading,0.5,76e4112e43871de62a7a3e1ea79827dfb5cf945ab7512803685046f0cd376c28,3146,68.0,38.0,interior,-0.0,-0.0,-0.0,-0.0,-0.0,-0.0
1,1,loading,0.5,76e4112e43871de62a7a3e1ea79827dfb5cf945ab7512803685046f0cd376c28,3147,69.0,38.0,interior,-0.0,-0.0,-0.0,-0.0,-0.0,-0.0
1,1,loading,0.5,76e4112e43871de62a7a3e1ea79827dfb5cf945ab7512803685046f0cd376c28,3148,70.0,38.0,interior,-0.0,-0.0,-0.0,-0.0,-0.0,-0.0
1,1,loading,0.5,76e4112e43871de62a7a3e1ea79827dfb5cf945ab7512803685046f0cd376c28,3149,71.0,38.0,interior,-0.0,-0.0,-0.0,-0.0,-0.0,-0.0
1,1,loading,0.5,76e4112e43871de62a7a3e1ea79827dfb5cf945ab7512803685046f0cd376c28,3150,72.0,38.0,interior,-0.0,-0.0,-0.0,-0.0,-0.0,-0.0
1,1,loading,0.5,76e4112e43871de62a7a3e1ea79827dfb5cf945ab7512803685046f0cd376c28,3151,73.0,38.0,interior,-0.0,-0.0,-0.0,-0.0,-0.0,-0.0
1,1,loading,0.5,76e4112e43871de62a7a3e1ea79827dfb5cf945ab7512803685046f0cd376c28,3152,74.0,38.0,interior,-0.0,-0.0,-0.0,-0.0,-0.0,-0.0
1,1,loading,0.5,76e4112e43871de62a7a3e1ea79827dfb5cf945ab7512803685046f0cd376c28,3153,75.0,38.0,interior,-0.0,-0.0,-0.0,-0.0,-0.0,-0.0
1,1,loading,0.5,76e4112e43871de62a7a3e1ea79827dfb5cf945ab7512803685046f0cd376c28,3154,76.0,38.0,interior,-0.0,-0.0,-0.0,-0.0,-0.0,-0.0
1,1,loading,0.5,76e4112e43871de62a7a3e1ea79827dfb5cf945ab7512803685046f0cd376c28,3155,77.0,38.0,interior,-0.0,-0.0,-0.0,-0.0,-0.0,-0.0
1,1,loading,0.5,76e4112e43871de62a7a3e1ea79827dfb5cf945ab7512803685046f0cd376c28,3156,78.0,38.0,physical_only,-4.971286846038363e-08,1.2037496425549898e-09,-3.401015669655762e-08,5.10310308038554e-08,-1.5702711763826005e-08,-4.9827281161298896e-08
1,1,loading,0.5,76e4112e43871de62a7a3e1ea79827dfb5cf945ab7512803685046f0cd376c28,3221,62.0,39.0,physical_only,-3.4925905563896685e-06,7.591154440291656e-08,-2.757330323634376e-06,1.564981548432272e-08,-7.352602327552928e-07,6.026172891859406e-08
1,1,loading,0.5,76e4112e43871de62a7a3e1ea79827dfb5cf945ab7512803685046f0cd376c28,3222,63.0,39.0,interior,-0.0,-0.0,-0.0,-0.0,-0.0,-0.0
1,1,loading,0.5,76e4112e43871de62a7a3e1ea79827dfb5cf945ab7512803685046f0cd376c28,3223,64.0,39.0,interior,-0.0,-0.0,-0.0,-0.0,-0.0,-0.0
1,1,loading,0.5,76e4112e43871de62a7a3e1ea79827dfb5cf945ab7512803685046f0cd376c28,3224,65.0,39.0,interior,-0.0,-0.0,-0.0,-0.0,-0.0,-0.0
1,1,loading,0.5,76e4112e43871de62a7a3e1ea79827dfb5cf945ab7512803685046f0cd376c28,3225,66.0,39.0,interior,-0.0,-0.0,-0.0,-0.0,-0.0,-0.0
1,1,loading,0.5,76e4112e43871de62a7a3e1ea79827dfb5cf945ab7512803685046f0cd376c28,3226,67.0,39.0,interior,-0.0,-0.0,-0.0,-0.0,-0.0,-0.0
1,1,loading,0.5,76e4112e43871de62a7a3e1ea79827dfb5cf945ab7512803685046f0cd376c28,3227,68.0,39.0,interior,-0.0,-0.0,-0.0,-0.0,-0.0,-0.0
1,1,loading,0.5,76e4112e43871de62a7a3e1ea79827dfb5cf945ab7512803685046f0cd376c28,3228,69.0,39.0,interior,-0.0,-0.0,-0.0,-0.0,-0.0,-0.0
1,1,loading,0.5,76e4112e43871de62a7a3e1ea79827dfb5cf945ab7512803685046f0cd376c28,3229,70.0,39.0,interior,-0.0,-0.0,-0.0,-0.0,-0.0,-0.0
1,1,loading,0.5,76e4112e43871de62a7a3e1ea79827dfb5cf945ab7512803685046f0cd376c28,3230,71.0,39.0,interior,-0.0,-0.0,-0.0,-0.0,-0.0,-0.0
1,1,loading,0.5,76e4112e43871de62a7a3e1ea79827dfb5cf945ab7512803685046f0cd376c28,3231,72.0,39.0,interior,-0.0,-0.0,-0.0,-0.0,-0.0,-0.0
1,1,loading,0.5,76e4112e43871de62a7a3e1ea79827dfb5cf945ab7512803685046f0cd376c28,3232,73.0,39.0,interior,-0.0,-0.0,-0.0,-0.0,-0.0,-0.0
1,1,loading,0.5,76e4112e43871de62a7a3e1ea79827dfb5cf945ab7512803685046f0cd376c28,3233,74.0,39.0,interior,-0.0,-0.0,-0.0,-0.0,-0.0,-0.0
1,1,loading,0.5,76e4112e43871de62a7a3e1ea79827dfb5cf945ab7512803685046f0cd376c28,3234,75.0,39.0,interior,-0.0,-0.0,-0.0,-0.0,-0.0,-0.0
1,1,loading,0.5,76e4112e43871de62a7a3e1ea79827dfb5cf945ab7512803685046f0cd376c28,3235,76.0,39.0,interior,-0.0,-0.0,-0.0,-0.0,-0.0,-0.0
1,1,loading,0.5,76e4112e43871de62a7a3e1ea79827dfb5cf945ab7512803685046f0cd376c28,3236,77.0,39.0,interior,-0.0,-0.0,-0.0,-0.0,-0.0,-0.0
1,1,loading,0.5,76e4112e43871de62a7a3e1ea79827dfb5cf945ab7512803685046f0cd376c28,3237,78.0,39.0,physical_only,-4.947350343537553e-08,6.006109421538287e-10,-3.41223092650087e-08,2.5474976189524767e-08,-1.535119417036684e-08,-2.487436524737051e-08
1,1,loading,0.5,76e4112e43871de62a7a3e1ea79827dfb5cf945ab7512803685046f0cd376c28,3302,62.0,40.0,physical_and_cut,-1.7574791207579604e-06,-2.5656909512113412e-06,-1.3816956802414618e-06,-6.124889190332801e-07,-3.757834405164986e-07,-1.953202032178061e-06
1,1,loading,0.5,76e4112e43871de62a7a3e1ea79827dfb5cf945ab7512803685046f0cd376c28,3303,63.0,40.0,cut_only,-0.0,-0.0,-0.0,-0.0,-0.0,-0.0
1,1,loading,0.5,76e4112e43871de62a7a3e1ea79827dfb5cf945ab7512803685046f0cd376c28,3304,64.0,40.0,cut_only,-0.0,-0.0,-0.0,-0.0,-0.0,-0.0
1,1,loading,0.5,76e4112e43871de62a7a3e1ea79827dfb5cf945ab7512803685046f0cd376c28,3305,65.0,40.0,cut_only,-0.0,-0.0,-0.0,-0.0,-0.0,-0.0
1,1,loading,0.5,76e4112e43871de62a7a3e1ea79827dfb5cf945ab7512803685046f0cd376c28,3306,66.0,40.0,cut_only,-0.0,-0.0,-0.0,-0.0,-0.0,-0.0
1,1,loading,0.5,76e4112e43871de62a7a3e1ea79827dfb5cf945ab7512803685046f0cd376c28,3307,67.0,40.0,cut_only,-0.0,-0.0,-0.0,-0.0,-0.0,-0.0
1,1,loading,0.5,76e4112e43871de62a7a3e1ea79827dfb5cf945ab7512803685046f0cd376c28,3308,68.0,40.0,cut_only,-0.0,-0.0,-0.0,-0.0,-0.0,-0.0
1,1,loading,0.5,76e4112e43871de62a7a3e1ea79827dfb5cf945ab7512803685046f0cd376c28,3309,69.0,40.0,cut_only,-0.0,-0.0,-0.0,-0.0,-0.0,-0.0
1,1,loading,0.5,76e4112e43871de62a7a3e1ea79827dfb5cf945ab7512803685046f0cd376c28,3310,70.0,40.0,cut_only,-0.0,-0.0,-0.0,-0.0,-0.0,-0.0
1,1,loading,0.5,76e4112e43871de62a7a3e1ea79827dfb5cf945ab7512803685046f0cd376c28,3311,71.0,40.0,cut_only,-0.0,-0.0,-0.0,-0.0,-0.0,-0.0
1,1,loading,0.5,76e4112e43871de62a7a3e1ea79827dfb5cf945ab7512803685046f0cd376c28,3312,72.0,40.0,cut_only,-0.0,-0.0,-0.0,-0.0,-0.0,-0.0
1,1,loading,0.5,76e4112e43871de62a7a3e1ea79827dfb5cf945ab7512803685046f0cd376c28,3313,73.0,40.0,cut_only,-0.0,-0.0,-0.0,-0.0,-0.0,-0.0
1,1,loading,0.5,76e4112e43871de62a7a3e1ea79827dfb5cf945ab7512803685046f0cd376c28,3314,74.0,40.0,cut_only,-0.0,-0.0,-0.0,-0.0,-0.0,-0.0
1,1,loading,0.5,76e4112e43871de62a7a3e1ea79827dfb5cf945ab7512803685046f0cd376c28,3315,75.0,40.0,cut_only,-0.0,-0.0,-0.0,-0.0,-0.0,-0.0
1,1,loading,0.5,76e4112e43871de62a7a3e1ea79827dfb5cf945ab7512803685046f0cd376c28,3316,76.0,40.0,cut_only,-0.0,-0.0,-0.0,-0.0,-0.0,-0.0
1,1,loading,0.5,76e4112e43871de62a7a3e1ea79827dfb5cf945ab7512803685046f0cd376c28,3317,77.0,40.0,cut_only,-0.0,-0.0,-0.0,-0.0,-0.0,-0.0
1,1,loading,0.5,76e4112e43871de62a7a3e1ea79827dfb5cf945ab7512803685046f0cd376c28,3318,78.0,40.0,physical_and_cut,-2.469689901601327e-08,-7.738005380741055e-06,-1.707964819499478e-08,1.9605968861716237e-08,-7.617250821018489e-09,-7.757611349602773e-06
2,2,loading,1.0,79bd847ce8fd33c00d5f35204999ba0060c18022a07bf2b2aca637e60549c367,2654,62.0,32.0,physical_only,-0.00021612224256941281,-1.8399449539076826e-05,-6.217710385135944e-06,4.131036122054668e-06,-0.00020990453218427683,-2.2530485661131485e-05
2,2,loading,1.0,79bd847ce8fd33c00d5f35204999ba0060c18022a07bf2b2aca637e60549c367,2655,63.0,32.0,physical_only,-1.6867968306252003e-06,-1.0127696043080018e-05,-2.246557326465773e-06,4.178679749069681e-06,5.597604958405726e-07,-1.4306375792149712e-05
2,2,loading,1.0,79bd847ce8fd33c00d5f35204999ba0060c18022a07bf2b2aca637e60549c367,2656,64.0,32.0,physical_only,-1.0237767885725817e-06,-1.2683273569971567e-05,-2.2675305059333713e-06,5.072060297784158e-06,1.2437537173607896e-06,-1.7755333867755703e-05
2,2,loading,1.0,79bd847ce8fd33c00d5f35204999ba0060c18022a07bf2b2aca637e60549c367,2657,65.0,32.0,physical_only,-9.367346553495316e-07,-1.5933920124382677e-05,-2.2934834780433238e-06,6.041058958953312e-06,1.356748822693792e-06,-2.1974979083336016e-05
2,2,loading,1.0,79bd847ce8fd33c00d5f35204999ba0060c18022a07bf2b2aca637e60549c367,2658,66.0,32.0,physical_only,-1.324473477286988e-06,-1.895912356119931e-05,-2.323599330026102e-06,7.0998704512562944e-06,9.991258527391147e-07,-2.60589940124556e-05
2,2,loading,1.0,79bd847ce8fd33c00d5f35204999ba0060c18022a07bf2b2aca637e60549c367,2659,67.0,32.0,physical_only,-1.7854214042182347e-06,-2.1586698062160518e-05,-2.3559164426072005e-06,8.260087509583881e-06,5.704950383889667e-07,-2.9846785571744413e-05
2,2,loading,1.0,79bd847ce8fd33c00d5f35204999ba0060c18022a07bf2b2aca637e60549c367,2660,68.0,32.0,physical_only,-1.834581970649217e-06,-2.4383639481012225e-05,-2.38936188957693e-06,9.531575864930557e-06,5.547799189277124e-07,-3.391521534594277e-05
2,2,loading,1.0,79bd847ce8fd33c00d5f35204999ba0060c18022a07bf2b2aca637e60549c367,2661,69.0,32.0,physical_only,-1.94405072022436e-06,-2.765023946963693e-05,-2.4235715973681605e-06,1.0924626944886677e-05,4.795208771438004e-07,-3.857486641452366e-05
2,2,loading,1.0,79bd847ce8fd33c00d5f35204999ba0060c18022a07bf2b2aca637e60549c367,2662,70.0,32.0,physical_only,-2.091586490226787e-06,-3.118931897215727e-05,-2.4586856050142183e-06,1.245124390525077e-05,3.670991147874317e-07,-4.364056287740805e-05
2,2,loading,1.0,79bd847ce8fd33c00d5f35204999ba0060c18022a07bf2b2aca637e60549c367,2663,71.0,32.0,physical_only,-2.2902556818325177e-06,-3.4971039122488955e-05,-2.494690554909193e-06,1.412531303132256e-05,2.0443487307667584e-07,-4.909635215381153e-05
2,2,loading,1.0,79bd847ce8fd33c00d5f35204999ba0060c18022a07bf2b2aca637e60549c367,2664,72.0,32.0,physical_only,-2.54612823068577e-06,-3.8949823756119614e-05,-2.5316087229359576e-06,1.5962780945936886e-05,-1.451950774981237e-08,-5.49126047020565e-05
2,2,loading,1.0,79bd847ce8fd33c00d5f35204999ba0060c18022a07bf2b2aca637e60549c367,2665,73.0,32.0,physical_only,-2.973723739503542e-06,-4.27061774860443e-05,-2.5692201613246115e-06,1.7981496932234504e-05,-4.0450357817892995e-07,-6.068767441827879e-05
2,2,loading,1.0,79bd847ce8fd33c00d5f35204999ba0060c18022a07bf2b2aca637e60549c367,2666,74.0,32.0,physical_only,-2.557845471195673e-06,-4.648103170514016e-05,-2.607782770739484e-06,2.0201828776611465e-05,4.993729954381128e-08,-6.668286048175159e-05
2,2,loading,1.0,79bd847ce8fd33c00d5f35204999ba0060c18022a07bf2b2aca637e60549c367,2667,75.0,32.0,physical_only,-1.3609164616188684e-06,-5.1843840832855584e-05,-2.6485843601232792e-06,2.264964228604355e-05,1.2876678985044104e-06,-7.449348311889918e-05
2,2,loading,1.0,79bd847ce8fd33c00d5f35204999ba0060c18022a07bf2b2aca637e60549c367,2668,76.0,32.0,physical_only,4.2558272255938353e-07,-6.0891670864554864e-05,-2.6947773766708256e-06,2.536309273398081e-05,3.12036009923021e-06,-8.625476359853577e-05
2,2,loading,1.0,79bd847ce8fd33c00d5f35204999ba0060c18022a07bf2b2aca637e60549c367,2669,77.0,32.0,physical_only,9.82242928632192e-07,-7.154049574471669e-05,-2.748441851999379e-06,2.8396029584616004e-05,3.7306847806315706e-06,-9.993652532933267e-05
2,2,loading,1.0,79bd847ce8fd33c00d5f35204999ba0060c18022a07bf2b2aca637e60549c367,2670,78.0,32.0,physical_only,-1.9021238953099576e-05,0.000895237044266117,-3.6050557302941073e-06,3.220040905770245e-05,-1.541618322280547e-05,0.0008630366352084144
2,2,loading,1.0,79bd847ce8fd33c00d5f35204999ba0060c18022a07bf2b2aca637e60549c367,2735,62.0,33.0,physical_only,-6.444836991572684e-06,-7.128783517100185e-07,-4.5053235919108675e-06,1.690738204916733e-07,-1.9395133996618163e-06,-8.81952172201692e-07
2,2,loading,1.0,79bd847ce8fd33c00d5f35204999ba0060c18022a07bf2b2aca637e60549c367,2736,63.0,33.0,interior,-0.0,-0.0,-0.0,-0.0,-0.0,-0.0
2,2,loading,1.0,79bd847ce8fd33c00d5f35204999ba0060c18022a07bf2b2aca637e60549c367,2737,64.0,33.0,interior,-0.0,-0.0,-0.0,-0.0,-0.0,-0.0
2,2,loading,1.0,79bd847ce8fd33c00d5f35204999ba0060c18022a07bf2b2aca637e60549c367,2738,65.0,33.0,interior,-0.0,-0.0,-0.0,-0.0,-0.0,-0.0
2,2,loading,1.0,79bd847ce8fd33c00d5f35204999ba0060c18022a07bf2b2aca637e60549c367,2739,66.0,33.0,interior,-0.0,-0.0,-0.0,-0.0,-0.0,-0.0
2,2,loading,1.0,79bd847ce8fd33c00d5f35204999ba0060c18022a07bf2b2aca637e60549c367,2740,67.0,33.0,interior,-0.0,-0.0,-0.0,-0.0,-0.0,-0.0
2,2,loading,1.0,79bd847ce8fd33c00d5f35204999ba0060c18022a07bf2b2aca637e60549c367,2741,68.0,33.0,interior,-0.0,-0.0,-0.0,-0.0,-0.0,-0.0
2,2,loading,1.0,79bd847ce8fd33c00d5f35204999ba0060c18022a07bf2b2aca637e60549c367,2742,69.0,33.0,interior,-0.0,-0.0,-0.0,-0.0,-0.0,-0.0
2,2,loading,1.0,79bd847ce8fd33c00d5f35204999ba0060c18022a07bf2b2aca637e60549c367,2743,70.0,33.0,interior,-0.0,-0.0,-0.0,-0.0,-0.0,-0.0
2,2,loading,1.0,79bd847ce8fd33c00d5f35204999ba0060c18022a07bf2b2aca637e60549c367,2744,71.0,33.0,interior,-0.0,-0.0,-0.0,-0.0,-0.0,-0.0
2,2,loading,1.0,79bd847ce8fd33c00d5f35204999ba0060c18022a07bf2b2aca637e60549c367,2745,72.0,33.0,interior,-0.0,-0.0,-0.0,-0.0,-0.0,-0.0
2,2,loading,1.0,79bd847ce8fd33c00d5f35204999ba0060c18022a07bf2b2aca637e60549c367,2746,73.0,33.0,interior,-0.0,-0.0,-0.0,-0.0,-0.0,-0.0
2,2,loading,1.0,79bd847ce8fd33c00d5f35204999ba0060c18022a07bf2b2aca637e60549c367,2747,74.0,33.0,interior,-0.0,-0.0,-0.0,-0.0,-0.0,-0.0
2,2,loading,1.0,79bd847ce8fd33c00d5f35204999ba0060c18022a07bf2b2aca637e60549c367,2748,75.0,33.0,interior,-0.0,-0.0,-0.0,-0.0,-0.0,-0.0
2,2,loading,1.0,79bd847ce8fd33c00d5f35204999ba0060c18022a07bf2b2aca637e60549c367,2749,76.0,33.0,interior,-0.0,-0.0,-0.0,-0.0,-0.0,-0.0
2,2,loading,1.0,79bd847ce8fd33c00d5f35204999ba0060c18022a07bf2b2aca637e60549c367,2750,77.0,33.0,interior,-0.0,-0.0,-0.0,-0.0,-0.0,-0.0
2,2,loading,1.0,79bd847ce8fd33c00d5f35204999ba0060c18022a07bf2b2aca637e60549c367,2751,78.0,33.0,physical_only,-1.1014217155615119e-07,1.0603537144850226e-08,-9.899241367436849e-08,3.654964260214423e-07,-1.1149757881782701e-08,-3.548928888765921e-07
2,2,loading,1.0,79bd847ce8fd33c00d5f35204999ba0060c18022a07bf2b2aca637e60549c367,2816,62.0,34.0,physical_only,-5.9034585846164435e-06,-2.8032406088993953e-07,-4.670309960441683e-06,1.3974313619525327e-07,-1.233148624174761e-06,-4.20067197085193e-07
2,2,loading,1.0,79bd847ce8fd33c00d5f35204999ba0060c18022a07bf2b2aca637e60549c367,2817,63.0,34.0,interior,-0.0,-0.0,-0.0,-0.0,-0.0,-0.0
2,2,loading,1.0,79bd847ce8fd33c00d5f35204999ba0060c18022a07bf2b2aca637e60549c367,2818,64.0,34.0,interior,-0.0,-0.0,-0.0,-0.0,-0.0,-0.0
2,2,loading,1.0,79bd847ce8fd33c00d5f35204999ba0060c18022a07bf2b2aca637e60549c367,2819,65.0,34.0,interior,-0.0,-0.0,-0.0,-0.0,-0.0,-0.0
2,2,loading,1.0,79bd847ce8fd33c00d5f35204999ba0060c18022a07bf2b2aca637e60549c367,2820,66.0,34.0,interior,-0.0,-0.0,-0.0,-0.0,-0.0,-0.0
2,2,loading,1.0,79bd847ce8fd33c00d5f35204999ba0060c18022a07bf2b2aca637e60549c367,2821,67.0,34.0,interior,-0.0,-0.0,-0.0,-0.0,-0.0,-0.0
2,2,loading,1.0,79bd847ce8fd33c00d5f35204999ba0060c18022a07bf2b2aca637e60549c367,2822,68.0,34.0,interior,-0.0,-0.0,-0.0,-0.0,-0.0,-0.0
2,2,loading,1.0,79bd847ce8fd33c00d5f35204999ba0060c18022a07bf2b2aca637e60549c367,2823,69.0,34.0,interior,-0.0,-0.0,-0.0,-0.0,-0.0,-0.0
2,2,loading,1.0,79bd847ce8fd33c00d5f35204999ba0060c18022a07bf2b2aca637e60549c367,2824,70.0,34.0,interior,-0.0,-0.0,-0.0,-0.0,-0.0,-0.0
2,2,loading,1.0,79bd847ce8fd33c00d5f35204999ba0060c18022a07bf2b2aca637e60549c367,2825,71.0,34.0,interior,-0.0,-0.0,-0.0,-0.0,-0.0,-0.0
2,2,loading,1.0,79bd847ce8fd33c00d5f35204999ba0060c18022a07bf2b2aca637e60549c367,2826,72.0,34.0,interior,-0.0,-0.0,-0.0,-0.0,-0.0,-0.0
2,2,loading,1.0,79bd847ce8fd33c00d5f35204999ba0060c18022a07bf2b2aca637e60549c367,2827,73.0,34.0,interior,-0.0,-0.0,-0.0,-0.0,-0.0,-0.0
2,2,loading,1.0,79bd847ce8fd33c00d5f35204999ba0060c18022a07bf2b2aca637e60549c367,2828,74.0,34.0,interior,-0.0,-0.0,-0.0,-0.0,-0.0,-0.0
2,2,loading,1.0,79bd847ce8fd33c00d5f35204999ba0060c18022a07bf2b2aca637e60549c367,2829,75.0,34.0,interior,-0.0,-0.0,-0.0,-0.0,-0.0,-0.0
2,2,loading,1.0,79bd847ce8fd33c00d5f35204999ba0060c18022a07bf2b2aca637e60549c367,2830,76.0,34.0,interior,-0.0,-0.0,-0.0,-0.0,-0.0,-0.0
2,2,loading,1.0,79bd847ce8fd33c00d5f35204999ba0060c18022a07bf2b2aca637e60549c367,2831,77.0,34.0,interior,-0.0,-0.0,-0.0,-0.0,-0.0,-0.0
2,2,loading,1.0,79bd847ce8fd33c00d5f35204999ba0060c18022a07bf2b2aca637e60549c367,2832,78.0,34.0,physical_only,-1.0795223175704833e-07,8.994203642851079e-09,-9.822201487613324e-08,3.112069164946469e-07,-9.73021688091507e-09,-3.0221271285179306e-07
2,2,loading,1.0,79bd847ce8fd33c00d5f35204999ba0060c18022a07bf2b2aca637e60549c367,2897,62.0,35.0,physical_only,-5.77942127854702e-06,3.8237757271826816e-08,-4.805455425864688e-06,1.1735917729872943e-07,-9.739658526823313e-07,-7.912142002690261e-08
2,2,loading,1.0,79bd847ce8fd33c00d5f35204999ba0060c18022a07bf2b2aca637e60549c367,2898,63.0,35.0,interior,-0.0,-0.0,-0.0,-0.0,-0.0,-0.0
2,2,loading,1.0,79bd847ce8fd33c00d5f35204999ba0060c18022a07bf2b2aca637e60549c367,2899,64.0,35.0,interior,-0.0,-0.0,-0.0,-0.0,-0.0,-0.0
2,2,loading,1.0,79bd847ce8fd33c00d5f35204999ba0060c18022a07bf2b2aca637e60549c367,2900,65.0,35.0,interior,-0.0,-0.0,-0.0,-0.0,-0.0,-0.0
2,2,loading,1.0,79bd847ce8fd33c00d5f35204999ba0060c18022a07bf2b2aca637e60549c367,2901,66.0,35.0,interior,-0.0,-0.0,-0.0,-0.0,-0.0,-0.0
2,2,loading,1.0,79bd847ce8fd33c00d5f35204999ba0060c18022a07bf2b2aca637e60549c367,2902,67.0,35.0,interior,-0.0,-0.0,-0.0,-0.0,-0.0,-0.0
2,2,loading,1.0,79bd847ce8fd33c00d5f35204999ba0060c18022a07bf2b2aca637e60549c367,2903,68.0,35.0,interior,-0.0,-0.0,-0.0,-0.0,-0.0,-0.0
2,2,loading,1.0,79bd847ce8fd33c00d5f35204999ba0060c18022a07bf2b2aca637e60549c367,2904,69.0,35.0,interior,-0.0,-0.0,-0.0,-0.0,-0.0,-0.0
2,2,loading,1.0,79bd847ce8fd33c00d5f35204999ba0060c18022a07bf2b2aca637e60549c367,2905,70.0,35.0,interior,-0.0,-0.0,-0.0,-0.0,-0.0,-0.0
2,2,loading,1.0,79bd847ce8fd33c00d5f35204999ba0060c18022a07bf2b2aca637e60549c367,2906,71.0,35.0,interior,-0.0,-0.0,-0.0,-0.0,-0.0,-0.0
2,2,loading,1.0,79bd847ce8fd33c00d5f35204999ba0060c18022a07bf2b2aca637e60549c367,2907,72.0,35.0,interior,-0.0,-0.0,-0.0,-0.0,-0.0,-0.0
2,2,loading,1.0,79bd847ce8fd33c00d5f35204999ba0060c18022a07bf2b2aca637e60549c367,2908,73.0,35.0,interior,-0.0,-0.0,-0.0,-0.0,-0.0,-0.0
2,2,loading,1.0,79bd847ce8fd33c00d5f35204999ba0060c18022a07bf2b2aca637e60549c367,2909,74.0,35.0,interior,-0.0,-0.0,-0.0,-0.0,-0.0,-0.0
2,2,loading,1.0,79bd847ce8fd33c00d5f35204999ba0060c18022a07bf2b2aca637e60549c367,2910,75.0,35.0,interior,-0.0,-0.0,-0.0,-0.0,-0.0,-0.0
2,2,loading,1.0,79bd847ce8fd33c00d5f35204999ba0060c18022a07bf2b2aca637e60549c367,2911,76.0,35.0,interior,-0.0,-0.0,-0.0,-0.0,-0.0,-0.0
2,2,loading,1.0,79bd847ce8fd33c00d5f35204999ba0060c18022a07bf2b2aca637e60549c367,2912,77.0,35.0,interior,-0.0,-0.0,-0.0,-0.0,-0.0,-0.0
2,2,loading,1.0,79bd847ce8fd33c00d5f35204999ba0060c18022a07bf2b2aca637e60549c367,2913,78.0,35.0,physical_only,-1.061109688680125e-07,7.428850095285666e-09,-9.755022407021828e-08,2.5788048945489794e-07,-8.560744797794205e-09,-2.504516393596112e-07
2,2,loading,1.0,79bd847ce8fd33c00d5f35204999ba0060c18022a07bf2b2aca637e60549c367,2978,62.0,36.0,physical_only,-5.86401301050096e-06,1.9408109896918803e-07,-4.916849344973893e-06,9.692831303210443e-08,-9.471636655270682e-07,9.715278593708381e-08
2,2,loading,1.0,79bd847ce8fd33c00d5f35204999ba0060c18022a07bf2b2aca637e60549c367,2979,63.0,36.0,interior,-0.0,-0.0,-0.0,-0.0,-0.0,-0.0
2,2,loading,1.0,79bd847ce8fd33c00d5f35204999ba0060c18022a07bf2b2aca637e60549c367,2980,64.0,36.0,interior,-0.0,-0.0,-0.0,-0.0,-0.0,-0.0
2,2,loading,1.0,79bd847ce8fd33c00d5f35204999ba0060c18022a07bf2b2aca637e60549c367,2981,65.0,36.0,interior,-0.0,-0.0,-0.0,-0.0,-0.0,-0.0
2,2,loading,1.0,79bd847ce8fd33c00d5f35204999ba0060c18022a07bf2b2aca637e60549c367,2982,66.0,36.0,interior,-0.0,-0.0,-0.0,-0.0,-0.0,-0.0
2,2,loading,1.0,79bd847ce8fd33c00d5f35204999ba0060c18022a07bf2b2aca637e60549c367,2983,67.0,36.0,interior,-0.0,-0.0,-0.0,-0.0,-0.0,-0.0
2,2,loading,1.0,79bd847ce8fd33c00d5f35204999ba0060c18022a07bf2b2aca637e60549c367,2984,68.0,36.0,interior,-0.0,-0.0,-0.0,-0.0,-0.0,-0.0
2,2,loading,1.0,79bd847ce8fd33c00d5f35204999ba0060c18022a07bf2b2aca637e60549c367,2985,69.0,36.0,interior,-0.0,-0.0,-0.0,-0.0,-0.0,-0.0
2,2,loading,1.0,79bd847ce8fd33c00d5f35204999ba0060c18022a07bf2b2aca637e60549c367,2986,70.0,36.0,interior,-0.0,-0.0,-0.0,-0.0,-0.0,-0.0
2,2,loading,1.0,79bd847ce8fd33c00d5f35204999ba0060c18022a07bf2b2aca637e60549c367,2987,71.0,36.0,interior,-0.0,-0.0,-0.0,-0.0,-0.0,-0.0
2,2,loading,1.0,79bd847ce8fd33c00d5f35204999ba0060c18022a07bf2b2aca637e60549c367,2988,72.0,36.0,interior,-0.0,-0.0,-0.0,-0.0,-0.0,-0.0
2,2,loading,1.0,79bd847ce8fd33c00d5f35204999ba0060c18022a07bf2b2aca637e60549c367,2989,73.0,36.0,interior,-0.0,-0.0,-0.0,-0.0,-0.0,-0.0
2,2,loading,1.0,79bd847ce8fd33c00d5f35204999ba0060c18022a07bf2b2aca637e60549c367,2990,74.0,36.0,interior,-0.0,-0.0,-0.0,-0.0,-0.0,-0.0
2,2,loading,1.0,79bd847ce8fd33c00d5f35204999ba0060c18022a07bf2b2aca637e60549c367,2991,75.0,36.0,interior,-0.0,-0.0,-0.0,-0.0,-0.0,-0.0
2,2,loading,1.0,79bd847ce8fd33c00d5f35204999ba0060c18022a07bf2b2aca637e60549c367,2992,76.0,36.0,interior,-0.0,-0.0,-0.0,-0.0,-0.0,-0.0
2,2,loading,1.0,79bd847ce8fd33c00d5f35204999ba0060c18022a07bf2b2aca637e60549c367,2993,77.0,36.0,interior,-0.0,-0.0,-0.0,-0.0,-0.0,-0.0
2,2,loading,1.0,79bd847ce8fd33c00d5f35204999ba0060c18022a07bf2b2aca637e60549c367,2994,78.0,36.0,physical_only,-1.0461247432671634e-07,5.8998605793046145e-09,-9.698725071293887e-08,2.053524126545164e-07,-7.62522361377747e-09,-1.9945255207520996e-07
2,2,loading,1.0,79bd847ce8fd33c00d5f35204999ba0060c18022a07bf2b2aca637e60549c367,3059,62.0,37.0,physical_only,-6.0027183829512545e-06,2.2455148675394903e-07,-5.005669618421379e-06,7.546297130944993e-08,-9.970487645298752e-07,1.490885154444991e-07
2,2,loading,1.0,79bd847ce8fd33c00d5f35204999ba0060c18022a07bf2b2aca637e60549c367,3060,63.0,37.0,interior,-0.0,-0.0,-0.0,-0.0,-0.0,-0.0
2,2,loading,1.0,79bd847ce8fd33c00d5f35204999ba0060c18022a07bf2b2aca637e60549c367,3061,64.0,37.0,interior,-0.0,-0.0,-0.0,-0.0,-0.0,-0.0
2,2,loading,1.0,79bd847ce8fd33c00d5f35204999ba0060c18022a07bf2b2aca637e60549c367,3062,65.0,37.0,interior,-0.0,-0.0,-0.0,-0.0,-0.0,-0.0
2,2,loading,1.0,79bd847ce8fd33c00d5f35204999ba0060c18022a07bf2b2aca637e60549c367,3063,66.0,37.0,interior,-0.0,-0.0,-0.0,-0.0,-0.0,-0.0
2,2,loading,1.0,79bd847ce8fd33c00d5f35204999ba0060c18022a07bf2b2aca637e60549c367,3064,67.0,37.0,interior,-0.0,-0.0,-0.0,-0.0,-0.0,-0.0
2,2,loading,1.0,79bd847ce8fd33c00d5f35204999ba0060c18022a07bf2b2aca637e60549c367,3065,68.0,37.0,interior,-0.0,-0.0,-0.0,-0.0,-0.0,-0.0
2,2,loading,1.0,79bd847ce8fd33c00d5f35204999ba0060c18022a07bf2b2aca637e60549c367,3066,69.0,37.0,interior,-0.0,-0.0,-0.0,-0.0,-0.0,-0.0
2,2,loading,1.0,79bd847ce8fd33c00d5f35204999ba0060c18022a07bf2b2aca637e60549c367,3067,70.0,37.0,interior,-0.0,-0.0,-0.0,-0.0,-0.0,-0.0
2,2,loading,1.0,79bd847ce8fd33c00d5f35204999ba0060c18022a07bf2b2aca637e60549c367,3068,71.0,37.0,interior,-0.0,-0.0,-0.0,-0.0,-0.0,-0.0
2,2,loading,1.0,79bd847ce8fd33c00d5f35204999ba0060c18022a07bf2b2aca637e60549c367,3069,72.0,37.0,interior,-0.0,-0.0,-0.0,-0.0,-0.0,-0.0
2,2,loading,1.0,79bd847ce8fd33c00d5f35204999ba0060c18022a07bf2b2aca637e60549c367,3070,73.0,37.0,interior,-0.0,-0.0,-0.0,-0.0,-0.0,-0.0
2,2,loading,1.0,79bd847ce8fd33c00d5f35204999ba0060c18022a07bf2b2aca637e60549c367,3071,74.0,37.0,interior,-0.0,-0.0,-0.0,-0.0,-0.0,-0.0
2,2,loading,1.0,79bd847ce8fd33c00d5f35204999ba0060c18022a07bf2b2aca637e60549c367,3072,75.0,37.0,interior,-0.0,-0.0,-0.0,-0.0,-0.0,-0.0
2,2,loading,1.0,79bd847ce8fd33c00d5f35204999ba0060c18022a07bf2b2aca637e60549c367,3073,76.0,37.0,interior,-0.0,-0.0,-0.0,-0.0,-0.0,-0.0
2,2,loading,1.0,79bd847ce8fd33c00d5f35204999ba0060c18022a07bf2b2aca637e60549c367,3074,77.0,37.0,interior,-0.0,-0.0,-0.0,-0.0,-0.0,-0.0
2,2,loading,1.0,79bd847ce8fd33c00d5f35204999ba0060c18022a07bf2b2aca637e60549c367,3075,78.0,37.0,physical_only,-1.034519383661738e-07,4.399773162218069e-09,-9.654121778278998e-08,1.5346026651578627e-07,-6.910720583383819e-09,-1.490604933535699e-07
2,2,loading,1.0,79bd847ce8fd33c00d5f35204999ba0060c18022a07bf2b2aca637e60549c367,3140,62.0,38.0,physical_only,-6.121275182887228e-06,1.776015651395049e-07,-5.070801489292189e-06,5.192088544553016e-08,-1.0504736935950408e-06,1.2568067969397475e-07
2,2,loading,1.0,79bd847ce8fd33c00d5f35204999ba0060c18022a07bf2b2aca637e60549c367,3141,63.0,38.0,interior,-0.0,-0.0,-0.0,-0.0,-0.0,-0.0
2,2,loading,1.0,79bd847ce8fd33c00d5f35204999ba0060c18022a07bf2b2aca637e60549c367,3142,64.0,38.0,interior,-0.0,-0.0,-0.0,-0.0,-0.0,-0.0
2,2,loading,1.0,79bd847ce8fd33c00d5f35204999ba0060c18022a07bf2b2aca637e60549c367,3143,65.0,38.0,interior,-0.0,-0.0,-0.0,-0.0,-0.0,-0.0
2,2,loading,1.0,79bd847ce8fd33c00d5f35204999ba0060c18022a07bf2b2aca637e60549c367,3144,66.0,38.0,interior,-0.0,-0.0,-0.0,-0.0,-0.0,-0.0
2,2,loading,1.0,79bd847ce8fd33c00d5f35204999ba0060c18022a07bf2b2aca637e60549c367,3145,67.0,38.0,interior,-0.0,-0.0,-0.0,-0.0,-0.0,-0.0
2,2,loading,1.0,79bd847ce8fd33c00d5f35204999ba0060c18022a07bf2b2aca637e60549c367,3146,68.0,38.0,interior,-0.0,-0.0,-0.0,-0.0,-0.0,-0.0
2,2,loading,1.0,79bd847ce8fd33c00d5f35204999ba0060c18022a07bf2b2aca637e60549c367,3147,69.0,38.0,interior,-0.0,-0.0,-0.0,-0.0,-0.0,-0.0
2,2,loading,1.0,79bd847ce8fd33c00d5f35204999ba0060c18022a07bf2b2aca637e60549c367,3148,70.0,38.0,interior,-0.0,-0.0,-0.0,-0.0,-0.0,-0.0
2,2,loading,1.0,79bd847ce8fd33c00d5f35204999ba0060c18022a07bf2b2aca637e60549c367,3149,71.0,38.0,interior,-0.0,-0.0,-0.0,-0.0,-0.0,-0.0
2,2,loading,1.0,79bd847ce8fd33c00d5f35204999ba0060c18022a07bf2b2aca637e60549c367,3150,72.0,38.0,interior,-0.0,-0.0,-0.0,-0.0,-0.0,-0.0
2,2,loading,1.0,79bd847ce8fd33c00d5f35204999ba0060c18022a07bf2b2aca637e60549c367,3151,73.0,38.0,interior,-0.0,-0.0,-0.0,-0.0,-0.0,-0.0
2,2,loading,1.0,79bd847ce8fd33c00d5f35204999ba0060c18022a07bf2b2aca637e60549c367,3152,74.0,38.0,interior,-0.0,-0.0,-0.0,-0.0,-0.0,-0.0
2,2,loading,1.0,79bd847ce8fd33c00d5f35204999ba0060c18022a07bf2b2aca637e60549c367,3153,75.0,38.0,interior,-0.0,-0.0,-0.0,-0.0,-0.0,-0.0
2,2,loading,1.0,79bd847ce8fd33c00d5f35204999ba0060c18022a07bf2b2aca637e60549c367,3154,76.0,38.0,interior,-0.0,-0.0,-0.0,-0.0,-0.0,-0.0
2,2,loading,1.0,79bd847ce8fd33c00d5f35204999ba0060c18022a07bf2b2aca637e60549c367,3155,77.0,38.0,interior,-0.0,-0.0,-0.0,-0.0,-0.0,-0.0
2,2,loading,1.0,79bd847ce8fd33c00d5f35204999ba0060c18022a07bf2b2aca637e60549c367,3156,78.0,38.0,physical_only,-1.0262563537566081e-07,2.9212510996310997e-09,-9.62183014733752e-08,1.0204346985478983e-07,-6.407333902285609e-09,-9.91222187551565e-08
2,2,loading,1.0,79bd847ce8fd33c00d5f35204999ba0060c18022a07bf2b2aca637e60549c367,3221,62.0,39.0,physical_only,-6.192934883273564e-06,9.460091698726926e-08,-5.1106601154604915e-06,2.6490904736004204e-08,-1.0822747678130716e-06,6.811001225126505e-08
2,2,loading,1.0,79bd847ce8fd33c00d5f35204999ba0060c18022a07bf2b2aca637e60549c367,3222,63.0,39.0,interior,-0.0,-0.0,-0.0,-0.0,-0.0,-0.0
2,2,loading,1.0,79bd847ce8fd33c00d5f35204999ba0060c18022a07bf2b2aca637e60549c367,3223,64.0,39.0,interior,-0.0,-0.0,-0.0,-0.0,-0.0,-0.0
2,2,loading,1.0,79bd847ce8fd33c00d5f35204999ba0060c18022a07bf2b2aca637e60549c367,3224,65.0,39.0,interior,-0.0,-0.0,-0.0,-0.0,-0.0,-0.0
2,2,loading,1.0,79bd847ce8fd33c00d5f35204999ba0060c18022a07bf2b2aca637e60549c367,3225,66.0,39.0,interior,-0.0,-0.0,-0.0,-0.0,-0.0,-0.0
2,2,loading,1.0,79bd847ce8fd33c00d5f35204999ba0060c18022a07bf2b2aca637e60549c367,3226,67.0,39.0,interior,-0.0,-0.0,-0.0,-0.0,-0.0,-0.0
2,2,loading,1.0,79bd847ce8fd33c00d5f35204999ba0060c18022a07bf2b2aca637e60549c367,3227,68.0,39.0,interior,-0.0,-0.0,-0.0,-0.0,-0.0,-0.0
2,2,loading,1.0,79bd847ce8fd33c00d5f35204999ba0060c18022a07bf2b2aca637e60549c367,3228,69.0,39.0,interior,-0.0,-0.0,-0.0,-0.0,-0.0,-0.0
2,2,loading,1.0,79bd847ce8fd33c00d5f35204999ba0060c18022a07bf2b2aca637e60549c367,3229,70.0,39.0,interior,-0.0,-0.0,-0.0,-0.0,-0.0,-0.0
2,2,loading,1.0,79bd847ce8fd33c00d5f35204999ba0060c18022a07bf2b2aca637e60549c367,3230,71.0,39.0,interior,-0.0,-0.0,-0.0,-0.0,-0.0,-0.0
2,2,loading,1.0,79bd847ce8fd33c00d5f35204999ba0060c18022a07bf2b2aca637e60549c367,3231,72.0,39.0,interior,-0.0,-0.0,-0.0,-0.0,-0.0,-0.0
2,2,loading,1.0,79bd847ce8fd33c00d5f35204999ba0060c18022a07bf2b2aca637e60549c367,3232,73.0,39.0,interior,-0.0,-0.0,-0.0,-0.0,-0.0,-0.0
2,2,loading,1.0,79bd847ce8fd33c00d5f35204999ba0060c18022a07bf2b2aca637e60549c367,3233,74.0,39.0,interior,-0.0,-0.0,-0.0,-0.0,-0.0,-0.0
2,2,loading,1.0,79bd847ce8fd33c00d5f35204999ba0060c18022a07bf2b2aca637e60549c367,3234,75.0,39.0,interior,-0.0,-0.0,-0.0,-0.0,-0.0,-0.0
2,2,loading,1.0,79bd847ce8fd33c00d5f35204999ba0060c18022a07bf2b2aca637e60549c367,3235,76.0,39.0,interior,-0.0,-0.0,-0.0,-0.0,-0.0,-0.0
2,2,loading,1.0,79bd847ce8fd33c00d5f35204999ba0060c18022a07bf2b2aca637e60549c367,3236,77.0,39.0,interior,-0.0,-0.0,-0.0,-0.0,-0.0,-0.0
2,2,loading,1.0,79bd847ce8fd33c00d5f35204999ba0060c18022a07bf2b2aca637e60549c367,3237,78.0,39.0,physical_only,-1.021309124378259e-07,1.4570526649398832e-09,-9.602283809975389e-08,5.094281354581091e-08,-6.108074338072018e-09,-4.948576088087289e-08
2,2,loading,1.0,79bd847ce8fd33c00d5f35204999ba0060c18022a07bf2b2aca637e60549c367,3302,62.0,40.0,physical_and_cut,-3.1080461977124025e-06,-2.8231521483322914e-06,-2.5620414457938025e-06,-1.1789292652393527e-06,-5.460047519185997e-07,-1.6442228830929385e-06
2,2,loading,1.0,79bd847ce8fd33c00d5f35204999ba0060c18022a07bf2b2aca637e60549c367,3303,63.0,40.0,cut_only,-0.0,-0.0,-0.0,-0.0,-0.0,-0.0
2,2,loading,1.0,79bd847ce8fd33c00d5f35204999ba0060c18022a07bf2b2aca637e60549c367,3304,64.0,40.0,cut_only,-0.0,-0.0,-0.0,-0.0,-0.0,-0.0
2,2,loading,1.0,79bd847ce8fd33c00d5f35204999ba0060c18022a07bf2b2aca637e60549c367,3305,65.0,40.0,cut_only,-0.0,-0.0,-0.0,-0.0,-0.0,-0.0
2,2,loading,1.0,79bd847ce8fd33c00d5f35204999ba0060c18022a07bf2b2aca637e60549c367,3306,66.0,40.0,cut_only,-0.0,-0.0,-0.0,-0.0,-0.0,-0.0
2,2,loading,1.0,79bd847ce8fd33c00d5f35204999ba0060c18022a07bf2b2aca637e60549c367,3307,67.0,40.0,cut_only,-0.0,-0.0,-0.0,-0.0,-0.0,-0.0
2,2,loading,1.0,79bd847ce8fd33c00d5f35204999ba0060c18022a07bf2b2aca637e60549c367,3308,68.0,40.0,cut_only,-0.0,-0.0,-0.0,-0.0,-0.0,-0.0
2,2,loading,1.0,79bd847ce8fd33c00d5f35204999ba0060c18022a07bf2b2aca637e60549c367,3309,69.0,40.0,cut_only,-0.0,-0.0,-0.0,-0.0,-0.0,-0.0
2,2,loading,1.0,79bd847ce8fd33c00d5f35204999ba0060c18022a07bf2b2aca637e60549c367,3310,70.0,40.0,cut_only,-0.0,-0.0,-0.0,-0.0,-0.0,-0.0
2,2,loading,1.0,79bd847ce8fd33c00d5f35204999ba0060c18022a07bf2b2aca637e60549c367,3311,71.0,40.0,cut_only,-0.0,-0.0,-0.0,-0.0,-0.0,-0.0
2,2,loading,1.0,79bd847ce8fd33c00d5f35204999ba0060c18022a07bf2b2aca637e60549c367,3312,72.0,40.0,cut_only,-0.0,-0.0,-0.0,-0.0,-0.0,-0.0
2,2,loading,1.0,79bd847ce8fd33c00d5f35204999ba0060c18022a07bf2b2aca637e60549c367,3313,73.0,40.0,cut_only,-0.0,-0.0,-0.0,-0.0,-0.0,-0.0
2,2,loading,1.0,79bd847ce8fd33c00d5f35204999ba0060c18022a07bf2b2aca637e60549c367,3314,74.0,40.0,cut_only,-0.0,-0.0,-0.0,-0.0,-0.0,-0.0
2,2,loading,1.0,79bd847ce8fd33c00d5f35204999ba0060c18022a07bf2b2aca637e60549c367,3315,75.0,40.0,cut_only,-0.0,-0.0,-0.0,-0.0,-0.0,-0.0
2,2,loading,1.0,79bd847ce8fd33c00d5f35204999ba0060c18022a07bf2b2aca637e60549c367,3316,76.0,40.0,cut_only,-0.0,-0.0,-0.0,-0.0,-0.0,-0.0
2,2,loading,1.0,79bd847ce8fd33c00d5f35204999ba0060c18022a07bf2b2aca637e60549c367,3317,77.0,40.0,cut_only,-0.0,-0.0,-0.0,-0.0,-0.0,-0.0
2,2,loading,1.0,79bd847ce8fd33c00d5f35204999ba0060c18022a07bf2b2aca637e60549c367,3318,78.0,40.0,physical_and_cut,-5.0983090551363156e-08,-1.5653179111696467e-05,-4.797869976711105e-08,4.510426222188686e-08,-3.0043907842521066e-09,-1.5698283373918353e-05
3,3,loading,1.5,10cc3f7fd3406eef1caf910e80e4a74e22340cba112d7fd8abee4226e42eabd4,2654,62.0,32.0,physical_only,-0.00032133154243542725,-8.56656127385802e-05,-8.850684880644529e-06,6.9294203622795506e-06,-0.0003124808575547827,-9.259503310085974e-05
3,3,loading,1.5,10cc3f7fd3406eef1caf910e80e4a74e22340cba112d7fd8abee4226e42eabd4,2655,63.0,32.0,physical_only,-1.1506617836936554e-06,-3.958970077509437e-05,-3.9014572603435475e-06,6.987566356303255e-06,2.750795476649891e-06,-4.657726713139761e-05
3,3,loading,1.5,10cc3f7fd3406eef1caf910e80e4a74e22340cba112d7fd8abee4226e42eabd4,2656,64.0,32.0,physical_only,7.148470461835843e-07,-5.1157041260255085e-05,-3.966959804815302e-06,8.573676807596518e-06,4.681806850998887e-06,-5.9730718067851625e-05
3,3,loading,1.5,10cc3f7fd3406eef1caf910e80e4a74e22340cba112d7fd8abee4226e42eabd4,2657,65.0,32.0,physical_only,1.5502959918146955e-06,-6.698703031383555e-05,-4.044023903206139e-06,1.0405053873215621e-05,5.594319895020835e-06,-7.739208418705118e-05
3,3,loading,1.5,10cc3f7fd3406eef1caf910e80e4a74e22340cba112d7fd8abee4226e42eabd4,2658,66.0,32.0,physical_only,1.2505203934423883e-06,-8.528813949551577e-05,-4.132591554455166e-06,1.2535730948832072e-05,5.383111947897552e-06,-9.782387044434787e-05
3,3,loading,1.5,10cc3f7fd3406eef1caf910e80e4a74e22340cba112d7fd8abee4226e42eabd4,2659,67.0,32.0,physical_only,6.224208660641384e-07,-0.00010574102206931384,-4.230732398725801e-06,1.5026765362822212e-05,4.853153264789944e-06,-0.00012076778743213602
3,3,loading,1.5,10cc3f7fd3406eef1caf910e80e4a74e22340cba112d7fd8abee4226e42eabd4,2660,68.0,32.0,physical_only,1.151371502364966e-06,-0.0001302014487435531,-4.338479847684695e-06,1.795258210523636e-05,5.489851350049663e-06,-0.0001481540308487895
3,3,loading,1.5,10cc3f7fd3406eef1caf910e80e4a74e22340cba112d7fd8abee4226e42eabd4,2661,69.0,32.0,physical_only,1.5891193724336107e-06,-0.00016026294311197512,-4.457652509418012e-06,2.1411298309012775e-05,6.046771881851624e-06,-0.00018167424142098774
3,3,loading,1.5,10cc3f7fd3406eef1caf910e80e4a74e22340cba112d7fd8abee4226e42eabd4,2662,70.0,32.0,physical_only,1.9774693518316767e-06,-0.00019609560857982886,-4.591579075339208e-06,2.5536312857712807e-05,6.569048427170881e-06,-0.00022163192143754185
3,3,loading,1.5,10cc3f7fd3406eef1caf910e80e4a74e22340cba112d7fd8abee4226e42eabd4,2663,71.0,32.0,physical_only,2.2672885875706195e-06,-0.00023839970532247407,-4.7444311248506655e-06,3.0510664443617813e-05,7.011719712421283e-06,-0.0002689103697660919
3,3,loading,1.5,10cc3f7fd3406eef1caf910e80e4a74e22340cba112d7fd8abee4226e42eabd4,2664,72.0,32.0,physical_only,2.4398236083563552e-06,-0.00028784465238054996,-4.922075209745371e-06,3.6590764037599254e-05,7.36189881810172e-06,-0.0003244354164181492
3,3,loading,1.5,10cc3f7fd3406eef1caf910e80e4a74e22340cba112d7fd8abee4226e42eabd4,2665,73.0,32.0,physical_only,2.0634050387778374e-06,-0.000343650657733628,-5.132205215727199e-06,4.414281791711773e-05,7.195610254505039e-06,-0.0003877934756507458
3,3,loading,1.5,10cc3f7fd3406eef1caf910e80e4a74e22340cba112d7fd8abee4226e42eabd4,2666,74.0,32.0,physical_only,5.277062419112411e-06,-0.00040741569430352304,-5.387313230518147e-06,5.370858879083587e-05,1.0664375649630561e-05,-0.000461124283094359
3,3,loading,1.5,10cc3f7fd3406eef1caf910e80e4a74e22340cba112d7fd8abee4226e42eabd4,2667,75.0,32.0,physical_only,1.2546539010059823e-05,-0.000487098081587502,-5.709831726894635e-06,6.613751634763906e-05,1.825637073695445e-05,-0.0005532355979351411
3,3,loading,1.5,10cc3f7fd3406eef1caf910e80e4a74e22340cba112d7fd8abee4226e42eabd4,2668,76.0,32.0,physical_only,2.4331409945567247e-05,-0.0005954321705067792,-6.141640708950123e-06,8.286695927552927e-05,3.047305065451737e-05,-0.0006782991297823089
3,3,loading,1.5,10cc3f7fd3406eef1caf910e80e4a74e22340cba112d7fd8abee4226e42eabd4,2669,77.0,32.0,physical_only,3.185869642479463e-05,-0.0007129342991130804,-6.743111517114244e-06,0.00010644595216683305,3.8601807941908883e-05,-0.0008193802512799133
3,3,loading,1.5,10cc3f7fd3406eef1caf910e80e4a74e22340cba112d7fd8abee4226e42eabd4,2670,78.0,32.0,physical_only,-0.00019292126519420316,0.004999700263168864,-1.5854171657717264e-05,0.00015481758400288673,-0.00017706709353648592,0.004844882679165977
3,3,loading,1.5,10cc3f7fd3406eef1caf910e80e4a74e22340cba112d7fd8abee4226e42eabd4,2735,62.0,33.0,physical_only,-9.196459288411581e-06,-1.0638031407508196e-07,-5.752674565905354e-06,1.885625319237209e-07,-3.4437847225062278e-06,-2.949428459988029e-07
3,3,loading,1.5,10cc3f7fd3406eef1caf910e80e4a74e22340cba112d7fd8abee4226e42eabd4,2736,63.0,33.0,interior,-0.0,-0.0,-0.0,-0.0,-0.0,-0.0
3,3,loading,1.5,10cc3f7fd3406eef1caf910e80e4a74e22340cba112d7fd8abee4226e42eabd4,2737,64.0,33.0,interior,-0.0,-0.0,-0.0,-0.0,-0.0,-0.0
3,3,loading,1.5,10cc3f7fd3406eef1caf910e80e4a74e22340cba112d7fd8abee4226e42eabd4,2738,65.0,33.0,interior,-0.0,-0.0,-0.0,-0.0,-0.0,-0.0
3,3,loading,1.5,10cc3f7fd3406eef1caf910e80e4a74e22340cba112d7fd8abee4226e42eabd4,2739,66.0,33.0,interior,-0.0,-0.0,-0.0,-0.0,-0.0,-0.0
3,3,loading,1.5,10cc3f7fd3406eef1caf910e80e4a74e22340cba112d7fd8abee4226e42eabd4,2740,67.0,33.0,interior,-0.0,-0.0,-0.0,-0.0,-0.0,-0.0
3,3,loading,1.5,10cc3f7fd3406eef1caf910e80e4a74e22340cba112d7fd8abee4226e42eabd4,2741,68.0,33.0,interior,-0.0,-0.0,-0.0,-0.0,-0.0,-0.0
3,3,loading,1.5,10cc3f7fd3406eef1caf910e80e4a74e22340cba112d7fd8abee4226e42eabd4,2742,69.0,33.0,interior,-0.0,-0.0,-0.0,-0.0,-0.0,-0.0
3,3,loading,1.5,10cc3f7fd3406eef1caf910e80e4a74e22340cba112d7fd8abee4226e42eabd4,2743,70.0,33.0,interior,-0.0,-0.0,-0.0,-0.0,-0.0,-0.0
3,3,loading,1.5,10cc3f7fd3406eef1caf910e80e4a74e22340cba112d7fd8abee4226e42eabd4,2744,71.0,33.0,interior,-0.0,-0.0,-0.0,-0.0,-0.0,-0.0
3,3,loading,1.5,10cc3f7fd3406eef1caf910e80e4a74e22340cba112d7fd8abee4226e42eabd4,2745,72.0,33.0,interior,-0.0,-0.0,-0.0,-0.0,-0.0,-0.0
3,3,loading,1.5,10cc3f7fd3406eef1caf910e80e4a74e22340cba112d7fd8abee4226e42eabd4,2746,73.0,33.0,interior,-0.0,-0.0,-0.0,-0.0,-0.0,-0.0
3,3,loading,1.5,10cc3f7fd3406eef1caf910e80e4a74e22340cba112d7fd8abee4226e42eabd4,2747,74.0,33.0,interior,-0.0,-0.0,-0.0,-0.0,-0.0,-0.0
3,3,loading,1.5,10cc3f7fd3406eef1caf910e80e4a74e22340cba112d7fd8abee4226e42eabd4,2748,75.0,33.0,interior,-0.0,-0.0,-0.0,-0.0,-0.0,-0.0
3,3,loading,1.5,10cc3f7fd3406eef1caf910e80e4a74e22340cba112d7fd8abee4226e42eabd4,2749,76.0,33.0,interior,-0.0,-0.0,-0.0,-0.0,-0.0,-0.0
3,3,loading,1.5,10cc3f7fd3406eef1caf910e80e4a74e22340cba112d7fd8abee4226e42eabd4,2750,77.0,33.0,interior,-0.0,-0.0,-0.0,-0.0,-0.0,-0.0
3,3,loading,1.5,10cc3f7fd3406eef1caf910e80e4a74e22340cba112d7fd8abee4226e42eabd4,2751,78.0,33.0,physical_only,-1.6914182671468728e-07,1.748003132702198e-08,-1.8708885751449536e-07,5.520251225573397e-07,1.7947030799808066e-08,-5.345450912303166e-07
3,3,loading,1.5,10cc3f7fd3406eef1caf910e80e4a74e22340cba112d7fd8abee4226e42eabd4,2816,62.0,34.0,physical_only,-8.70766128482312e-06,1.1980792616165185e-07,-6.1173938052367e-06,1.634880501100305e-07,-2.590267479586422e-06,-4.368012394837861e-08
3,3,loading,1.5,10cc3f7fd3406eef1caf910e80e4a74e22340cba112d7fd8abee4226e42eabd4,2817,63.0,34.0,interior,-0.0,-0.0,-0.0,-0.0,-0.0,-0.0
3,3,loading,1.5,10cc3f7fd3406eef1caf910e80e4a74e22340cba112d7fd8abee4226e42eabd4,2818,64.0,34.0,interior,-0.0,-0.0,-0.0,-0.0,-0.0,-0.0
3,3,loading,1.5,10cc3f7fd3406eef1caf910e80e4a74e22340cba112d7fd8abee4226e42eabd4,2819,65.0,34.0,interior,-0.0,-0.0,-0.0,-0.0,-0.0,-0.0
3,3,loading,1.5,10cc3f7fd3406eef1caf910e80e4a74e22340cba112d7fd8abee4226e42eabd4,2820,66.0,34.0,interior,-0.0,-0.0,-0.0,-0.0,-0.0,-0.0
3,3,loading,1.5,10cc3f7fd3406eef1caf910e80e4a74e22340cba112d7fd8abee4226e42eabd4,2821,67.0,34.0,interior,-0.0,-0.0,-0.0,-0.0,-0.0,-0.0
3,3,loading,1.5,10cc3f7fd3406eef1caf910e80e4a74e22340cba112d7fd8abee4226e42eabd4,2822,68.0,34.0,interior,-0.0,-0.0,-0.0,-0.0,-0.0,-0.0
3,3,loading,1.5,10cc3f7fd3406eef1caf910e80e4a74e22340cba112d7fd8abee4226e42eabd4,2823,69.0,34.0,interior,-0.0,-0.0,-0.0,-0.0,-0.0,-0.0
3,3,loading,1.5,10cc3f7fd3406eef1caf910e80e4a74e22340cba112d7fd8abee4226e42eabd4,2824,70.0,34.0,interior,-0.0,-0.0,-0.0,-0.0,-0.0,-0.0
3,3,loading,1.5,10cc3f7fd3406eef1caf910e80e4a74e22340cba112d7fd8abee4226e42eabd4,2825,71.0,34.0,interior,-0.0,-0.0,-0.0,-0.0,-0.0,-0.0
3,3,loading,1.5,10cc3f7fd3406eef1caf910e80e4a74e22340cba112d7fd8abee4226e42eabd4,2826,72.0,34.0,interior,-0.0,-0.0,-0.0,-0.0,-0.0,-0.0
3,3,loading,1.5,10cc3f7fd3406eef1caf910e80e4a74e22340cba112d7fd8abee4226e42eabd4,2827,73.0,34.0,interior,-0.0,-0.0,-0.0,-0.0,-0.0,-0.0
3,3,loading,1.5,10cc3f7fd3406eef1caf910e80e4a74e22340cba112d7fd8abee4226e42eabd4,2828,74.0,34.0,interior,-0.0,-0.0,-0.0,-0.0,-0.0,-0.0
3,3,loading,1.5,10cc3f7fd3406eef1caf910e80e4a74e22340cba112d7fd8abee4226e42eabd4,2829,75.0,34.0,interior,-0.0,-0.0,-0.0,-0.0,-0.0,-0.0
3,3,loading,1.5,10cc3f7fd3406eef1caf910e80e4a74e22340cba112d7fd8abee4226e42eabd4,2830,76.0,34.0,interior,-0.0,-0.0,-0.0,-0.0,-0.0,-0.0
3,3,loading,1.5,10cc3f7fd3406eef1caf910e80e4a74e22340cba112d7fd8abee4226e42eabd4,2831,77.0,34.0,interior,-0.0,-0.0,-0.0,-0.0,-0.0,-0.0
3,3,loading,1.5,10cc3f7fd3406eef1caf910e80e4a74e22340cba112d7fd8abee4226e42eabd4,2832,78.0,34.0,physical_only,-1.6577423420481745e-07,1.4830227818934228e-08,-1.83808131186293e-07,4.701561496610991e-07,1.8033896981475586e-08,-4.553259218421659e-07
3,3,loading,1.5,10cc3f7fd3406eef1caf910e80e4a74e22340cba112d7fd8abee4226e42eabd4,2897,62.0,35.0,physical_only,-8.51568274515449e-06,2.7653057990836966e-07,-6.421656742928107e-06,1.4171261354785304e-07,-2.094026002226383e-06,1.348179663605167e-07
3,3,loading,1.5,10cc3f7fd3406eef1caf910e80e4a74e22340cba112d7fd8abee4226e42eabd4,2898,63.0,35.0,interior,-0.0,-0.0,-0.0,-0.0,-0.0,-0.0
3,3,loading,1.5,10cc3f7fd3406eef1caf910e80e4a74e22340cba112d7fd8abee4226e42eabd4,2899,64.0,35.0,interior,-0.0,-0.0,-0.0,-0.0,-0.0,-0.0
3,3,loading,1.5,10cc3f7fd3406eef1caf910e80e4a74e22340cba112d7fd8abee4226e42eabd4,2900,65.0,35.0,interior,-0.0,-0.0,-0.0,-0.0,-0.0,-0.0
3,3,loading,1.5,10cc3f7fd3406eef1caf910e80e4a74e22340cba112d7fd8abee4226e42eabd4,2901,66.0,35.0,interior,-0.0,-0.0,-0.0,-0.0,-0.0,-0.0
3,3,loading,1.5,10cc3f7fd3406eef1caf910e80e4a74e22340cba112d7fd8abee4226e42eabd4,2902,67.0,35.0,interior,-0.0,-0.0,-0.0,-0.0,-0.0,-0.0
3,3,loading,1.5,10cc3f7fd3406eef1caf910e80e4a74e22340cba112d7fd8abee4226e42eabd4,2903,68.0,35.0,interior,-0.0,-0.0,-0.0,-0.0,-0.0,-0.0
3,3,loading,1.5,10cc3f7fd3406eef1caf910e80e4a74e22340cba112d7fd8abee4226e42eabd4,2904,69.0,35.0,interior,-0.0,-0.0,-0.0,-0.0,-0.0,-0.0
3,3,loading,1.5,10cc3f7fd3406eef1caf910e80e4a74e22340cba112d7fd8abee4226e42eabd4,2905,70.0,35.0,interior,-0.0,-0.0,-0.0,-0.0,-0.0,-0.0
3,3,loading,1.5,10cc3f7fd3406eef1caf910e80e4a74e22340cba112d7fd8abee4226e42eabd4,2906,71.0,35.0,interior,-0.0,-0.0,-0.0,-0.0,-0.0,-0.0
3,3,loading,1.5,10cc3f7fd3406eef1caf910e80e4a74e22340cba112d7fd8abee4226e42eabd4,2907,72.0,35.0,interior,-0.0,-0.0,-0.0,-0.0,-0.0,-0.0
3,3,loading,1.5,10cc3f7fd3406eef1caf910e80e4a74e22340cba112d7fd8abee4226e42eabd4,2908,73.0,35.0,interior,-0.0,-0.0,-0.0,-0.0,-0.0,-0.0
3,3,loading,1.5,10cc3f7fd3406eef1caf910e80e4a74e22340cba112d7fd8abee4226e42eabd4,2909,74.0,35.0,interior,-0.0,-0.0,-0.0,-0.0,-0.0,-0.0
3,3,loading,1.5,10cc3f7fd3406eef1caf910e80e4a74e22340cba112d7fd8abee4226e42eabd4,2910,75.0,35.0,interior,-0.0,-0.0,-0.0,-0.0,-0.0,-0.0
3,3,loading,1.5,10cc3f7fd3406eef1caf910e80e4a74e22340cba112d7fd8abee4226e42eabd4,2911,76.0,35.0,interior,-0.0,-0.0,-0.0,-0.0,-0.0,-0.0
3,3,loading,1.5,10cc3f7fd3406eef1caf910e80e4a74e22340cba112d7fd8abee4226e42eabd4,2912,77.0,35.0,interior,-0.0,-0.0,-0.0,-0.0,-0.0,-0.0
3,3,loading,1.5,10cc3f7fd3406eef1caf910e80e4a74e22340cba112d7fd8abee4226e42eabd4,2913,78.0,35.0,physical_only,-1.6294320804422136e-07,1.225116332229334e-08,-1.8103850633427636e-07,3.896813162711897e-07,1.8095298290055024e-08,-3.774301529488913e-07
3,3,loading,1.5,10cc3f7fd3406eef1caf910e80e4a74e22340cba112d7fd8abee4226e42eabd4,2978,62.0,36.0,physical_only,-8.489923274691598e-06,3.2833198163836e-07,-6.670424705823136e-06,1.1948823069580427e-07,-1.8194985688684612e-06,2.0884375094255559e-07
3,3,loading,1.5,10cc3f7fd3406eef1caf910e80e4a74e22340cba112d7fd8abee4226e42eabd4,2979,63.0,36.0,interior,-0.0,-0.0,-0.0,-0.0,-0.0,-0.0
3,3,loading,1.5,10cc3f7fd3406eef1caf910e80e4a74e22340cba112d7fd8abee4226e42eabd4,2980,64.0,36.0,interior,-0.0,-0.0,-0.0,-0.0,-0.0,-0.0
3,3,loading,1.5,10cc3f7fd3406eef1caf910e80e4a74e22340cba112d7fd8abee4226e42eabd4,2981,65.0,36.0,interior,-0.0,-0.0,-0.0,-0.0,-0.0,-0.0
3,3,loading,1.5,10cc3f7fd3406eef1caf910e80e4a74e22340cba112d7fd8abee4226e42eabd4,2982,66.0,36.0,interior,-0.0,-0.0,-0.0,-0.0,-0.0,-0.0
3,3,loading,1.5,10cc3f7fd3406eef1caf910e80e4a74e22340cba112d7fd8abee4226e42eabd4,2983,67.0,36.0,interior,-0.0,-0.0,-0.0,-0.0,-0.0,-0.0
3,3,loading,1.5,10cc3f7fd3406eef1caf910e80e4a74e22340cba112d7fd8abee4226e42eabd4,2984,68.0,36.0,interior,-0.0,-0.0,-0.0,-0.0,-0.0,-0.0
3,3,loading,1.5,10cc3f7fd3406eef1caf910e80e4a74e22340cba112d7fd8abee4226e42eabd4,2985,69.0,36.0,interior,-0.0,-0.0,-0.0,-0.0,-0.0,-0.0
3,3,loading,1.5,10cc3f7fd3406eef1caf910e80e4a74e22340cba112d7fd8abee4226e42eabd4,2986,70.0,36.0,interior,-0.0,-0.0,-0.0,-0.0,-0.0,-0.0
3,3,loading,1.5,10cc3f7fd3406eef1caf910e80e4a74e22340cba112d7fd8abee4226e42eabd4,2987,71.0,36.0,interior,-0.0,-0.0,-0.0,-0.0,-0.0,-0.0
3,3,loading,1.5,10cc3f7fd3406eef1caf910e80e4a74e22340cba112d7fd8abee4226e42eabd4,2988,72.0,36.0,interior,-0.0,-0.0,-0.0,-0.0,-0.0,-0.0
3,3,loading,1.5,10cc3f7fd3406eef1caf910e80e4a74e22340cba112d7fd8abee4226e42eabd4,2989,73.0,36.0,interior,-0.0,-0.0,-0.0,-0.0,-0.0,-0.0
3,3,loading,1.5,10cc3f7fd3406eef1caf910e80e4a74e22340cba112d7fd8abee4226e42eabd4,2990,74.0,36.0,interior,-0.0,-0.0,-0.0,-0.0,-0.0,-0.0
3,3,loading,1.5,10cc3f7fd3406eef1caf910e80e4a74e22340cba112d7fd8abee4226e42eabd4,2991,75.0,36.0,interior,-0.0,-0.0,-0.0,-0.0,-0.0,-0.0
3,3,loading,1.5,10cc3f7fd3406eef1caf910e80e4a74e22340cba112d7fd8abee4226e42eabd4,2992,76.0,36.0,interior,-0.0,-0.0,-0.0,-0.0,-0.0,-0.0
3,3,loading,1.5,10cc3f7fd3406eef1caf910e80e4a74e22340cba112d7fd8abee4226e42eabd4,2993,77.0,36.0,interior,-0.0,-0.0,-0.0,-0.0,-0.0,-0.0
3,3,loading,1.5,10cc3f7fd3406eef1caf910e80e4a74e22340cba112d7fd8abee4226e42eabd4,2994,78.0,36.0,physical_only,-1.6063947120240167e-07,9.730817956870642e-09,-1.7877689355909097e-07,3.1036349803985837e-07,1.8137422356689327e-08,-3.0063268008298985e-07
3,3,loading,1.5,10cc3f7fd3406eef1caf910e80e4a74e22340cba112d7fd8abee4226e42eabd4,3059,62.0,37.0,physical_only,-8.525640365666388e-06,2.97648476007276e-07,-6.86519394916768e-06,9.434347499531754e-08,-1.660446416498708e-06,2.0330500101195842e-07
3,3,loading,1.5,10cc3f7fd3406eef1caf910e80e4a74e22340cba112d7fd8abee4226e42eabd4,3060,63.0,37.0,interior,-0.0,-0.0,-0.0,-0.0,-0.0,-0.0
3,3,loading,1.5,10cc3f7fd3406eef1caf910e80e4a74e22340cba112d7fd8abee4226e42eabd4,3061,64.0,37.0,interior,-0.0,-0.0,-0.0,-0.0,-0.0,-0.0
3,3,loading,1.5,10cc3f7fd3406eef1caf910e80e4a74e22340cba112d7fd8abee4226e42eabd4,3062,65.0,37.0,interior,-0.0,-0.0,-0.0,-0.0,-0.0,-0.0
3,3,loading,1.5,10cc3f7fd3406eef1caf910e80e4a74e22340cba112d7fd8abee4226e42eabd4,3063,66.0,37.0,interior,-0.0,-0.0,-0.0,-0.0,-0.0,-0.0
3,3,loading,1.5,10cc3f7fd3406eef1caf910e80e4a74e22340cba112d7fd8abee4226e42eabd4,3064,67.0,37.0,interior,-0.0,-0.0,-0.0,-0.0,-0.0,-0.0
3,3,loading,1.5,10cc3f7fd3406eef1caf910e80e4a74e22340cba112d7fd8abee4226e42eabd4,3065,68.0,37.0,interior,-0.0,-0.0,-0.0,-0.0,-0.0,-0.0
3,3,loading,1.5,10cc3f7fd3406eef1caf910e80e4a74e22340cba112d7fd8abee4226e42eabd4,3066,69.0,37.0,interior,-0.0,-0.0,-0.0,-0.0,-0.0,-0.0
3,3,loading,1.5,10cc3f7fd3406eef1caf910e80e4a74e22340cba112d7fd8abee4226e42eabd4,3067,70.0,37.0,interior,-0.0,-0.0,-0.0,-0.0,-0.0,-0.0
3,3,loading,1.5,10cc3f7fd3406eef1caf910e80e4a74e22340cba112d7fd8abee4226e42eabd4,3068,71.0,37.0,interior,-0.0,-0.0,-0.0,-0.0,-0.0,-0.0
3,3,loading,1.5,10cc3f7fd3406eef1caf910e80e4a74e22340cba112d7fd8abee4226e42eabd4,3069,72.0,37.0,interior,-0.0,-0.0,-0.0,-0.0,-0.0,-0.0
3,3,loading,1.5,10cc3f7fd3406eef1caf910e80e4a74e22340cba112d7fd8abee4226e42eabd4,3070,73.0,37.0,interior,-0.0,-0.0,-0.0,-0.0,-0.0,-0.0
3,3,loading,1.5,10cc3f7fd3406eef1caf910e80e4a74e22340cba112d7fd8abee4226e42eabd4,3071,74.0,37.0,interior,-0.0,-0.0,-0.0,-0.0,-0.0,-0.0
3,3,loading,1.5,10cc3f7fd3406eef1caf910e80e4a74e22340cba112d7fd8abee4226e42eabd4,3072,75.0,37.0,interior,-0.0,-0.0,-0.0,-0.0,-0.0,-0.0
3,3,loading,1.5,10cc3f7fd3406eef1caf910e80e4a74e22340cba112d7fd8abee4226e42eabd4,3073,76.0,37.0,interior,-0.0,-0.0,-0.0,-0.0,-0.0,-0.0
3,3,loading,1.5,10cc3f7fd3406eef1caf910e80e4a74e22340cba112d7fd8abee4226e42eabd4,3074,77.0,37.0,interior,-0.0,-0.0,-0.0,-0.0,-0.0,-0.0
3,3,loading,1.5,10cc3f7fd3406eef1caf910e80e4a74e22340cba112d7fd8abee4226e42eabd4,3075,78.0,37.0,physical_only,-1.5885546899469054e-07,7.25729066914903e-09,-1.7702067576880704e-07,2.319681720562277e-07,1.8165206774116517e-08,-2.2471088138707767e-07
3,3,loading,1.5,10cc3f7fd3406eef1caf910e80e4a74e22340cba112d7fd8abee4226e42eabd4,3140,62.0,38.0,physical_only,-8.568177430191324e-06,2.1604240617875785e-07,-7.005492135018569e-06,6.552989973970814e-08,-1.5626852951727579e-06,1.5051250643904928e-07
3,3,loading,1.5,10cc3f7fd3406eef1caf910e80e4a74e22340cba112d7fd8abee4226e42eabd4,3141,63.0,38.0,interior,-0.0,-0.0,-0.0,-0.0,-0.0,-0.0
3,3,loading,1.5,10cc3f7fd3406eef1caf910e80e4a74e22340cba112d7fd8abee4226e42eabd4,3142,64.0,38.0,interior,-0.0,-0.0,-0.0,-0.0,-0.0,-0.0
3,3,loading,1.5,10cc3f7fd3406eef1caf910e80e4a74e22340cba112d7fd8abee4226e42eabd4,3143,65.0,38.0,interior,-0.0,-0.0,-0.0,-0.0,-0.0,-0.0
3,3,loading,1.5,10cc3f7fd3406eef1caf910e80e4a74e22340cba112d7fd8abee4226e42eabd4,3144,66.0,38.0,interior,-0.0,-0.0,-0.0,-0.0,-0.0,-0.0
3,3,loading,1.5,10cc3f7fd3406eef1caf910e80e4a74e22340cba112d7fd8abee4226e42eabd4,3145,67.0,38.0,interior,-0.0,-0.0,-0.0,-0.0,-0.0,-0.0
3,3,loading,1.5,10cc3f7fd3406eef1caf910e80e4a74e22340cba112d7fd8abee4226e42eabd4,3146,68.0,38.0,interior,-0.0,-0.0,-0.0,-0.0,-0.0,-0.0
3,3,loading,1.5,10cc3f7fd3406eef1caf910e80e4a74e22340cba112d7fd8abee4226e42eabd4,3147,69.0,38.0,interior,-0.0,-0.0,-0.0,-0.0,-0.0,-0.0
3,3,loading,1.5,10cc3f7fd3406eef1caf910e80e4a74e22340cba112d7fd8abee4226e42eabd4,3148,70.0,38.0,interior,-0.0,-0.0,-0.0,-0.0,-0.0,-0.0
3,3,loading,1.5,10cc3f7fd3406eef1caf910e80e4a74e22340cba112d7fd8abee4226e42eabd4,3149,71.0,38.0,interior,-0.0,-0.0,-0.0,-0.0,-0.0,-0.0
3,3,loading,1.5,10cc3f7fd3406eef1caf910e80e4a74e22340cba112d7fd8abee4226e42eabd4,3150,72.0,38.0,interior,-0.0,-0.0,-0.0,-0.0,-0.0,-0.0
3,3,loading,1.5,10cc3f7fd3406eef1caf910e80e4a74e22340cba112d7fd8abee4226e42eabd4,3151,73.0,38.0,interior,-0.0,-0.0,-0.0,-0.0,-0.0,-0.0
3,3,loading,1.5,10cc3f7fd3406eef1caf910e80e4a74e22340cba112d7fd8abee4226e42eabd4,3152,74.0,38.0,interior,-0.0,-0.0,-0.0,-0.0,-0.0,-0.0
3,3,loading,1.5,10cc3f7fd3406eef1caf910e80e4a74e22340cba112d7fd8abee4226e42eabd4,3153,75.0,38.0,interior,-0.0,-0.0,-0.0,-0.0,-0.0,-0.0
3,3,loading,1.5,10cc3f7fd3406eef1caf910e80e4a74e22340cba112d7fd8abee4226e42eabd4,3154,76.0,38.0,interior,-0.0,-0.0,-0.0,-0.0,-0.0,-0.0
3,3,loading,1.5,10cc3f7fd3406eef1caf910e80e4a74e22340cba112d7fd8abee4226e42eabd4,3155,77.0,38.0,interior,-0.0,-0.0,-0.0,-0.0,-0.0,-0.0
3,3,loading,1.5,10cc3f7fd3406eef1caf910e80e4a74e22340cba112d7fd8abee4226e42eabd4,3156,78.0,38.0,physical_only,-1.575853480460842e-07,4.8187821406312805e-09,-1.7576776254120662e-07,1.5426289569969313e-07,1.8182414495122465e-08,-1.494441135590638e-07
3,3,loading,1.5,10cc3f7fd3406eef1caf910e80e4a74e22340cba112d7fd8abee4226e42eabd4,3221,62.0,39.0,physical_only,-8.595514202007017e-06,1.1146083914170866e-07,-7.090251613872378e-06,3.362278295612702e-08,-1.505262588134638e-06,7.783805618558132e-08
3,3,loading,1.5,10cc3f7fd3406eef1caf910e80e4a74e22340cba112d7fd8abee4226e42eabd4,3222,63.0,39.0,interior,-0.0,-0.0,-0.0,-0.0,-0.0,-0.0
3,3,loading,1.5,10cc3f7fd3406eef1caf910e80e4a74e22340cba112d7fd8abee4226e42eabd4,3223,64.0,39.0,interior,-0.0,-0.0,-0.0,-0.0,-0.0,-0.0
3,3,loading,1.5,10cc3f7fd3406eef1caf910e80e4a74e22340cba112d7fd8abee4226e42eabd4,3224,65.0,39.0,interior,-0.0,-0.0,-0.0,-0.0,-0.0,-0.0
3,3,loading,1.5,10cc3f7fd3406eef1caf910e80e4a74e22340cba112d7fd8abee4226e42eabd4,3225,66.0,39.0,interior,-0.0,-0.0,-0.0,-0.0,-0.0,-0.0
3,3,loading,1.5,10cc3f7fd3406eef1caf910e80e4a74e22340cba112d7fd8abee4226e42eabd4,3226,67.0,39.0,interior,-0.0,-0.0,-0.0,-0.0,-0.0,-0.0
3,3,loading,1.5,10cc3f7fd3406eef1caf910e80e4a74e22340cba112d7fd8abee4226e42eabd4,3227,68.0,39.0,interior,-0.0,-0.0,-0.0,-0.0,-0.0,-0.0
3,3,loading,1.5,10cc3f7fd3406eef1caf910e80e4a74e22340cba112d7fd8abee4226e42eabd4,3228,69.0,39.0,interior,-0.0,-0.0,-0.0,-0.0,-0.0,-0.0
3,3,loading,1.5,10cc3f7fd3406eef1caf910e80e4a74e22340cba112d7fd8abee4226e42eabd4,3229,70.0,39.0,interior,-0.0,-0.0,-0.0,-0.0,-0.0,-0.0
3,3,loading,1.5,10cc3f7fd3406eef1caf910e80e4a74e22340cba112d7fd8abee4226e42eabd4,3230,71.0,39.0,interior,-0.0,-0.0,-0.0,-0.0,-0.0,-0.0
3,3,loading,1.5,10cc3f7fd3406eef1caf910e80e4a74e22340cba112d7fd8abee4226e42eabd4,3231,72.0,39.0,interior,-0.0,-0.0,-0.0,-0.0,-0.0,-0.0
3,3,loading,1.5,10cc3f7fd3406eef1caf910e80e4a74e22340cba112d7fd8abee4226e42eabd4,3232,73.0,39.0,interior,-0.0,-0.0,-0.0,-0.0,-0.0,-0.0
3,3,loading,1.5,10cc3f7fd3406eef1caf910e80e4a74e22340cba112d7fd8abee4226e42eabd4,3233,74.0,39.0,interior,-0.0,-0.0,-0.0,-0.0,-0.0,-0.0
3,3,loading,1.5,10cc3f7fd3406eef1caf910e80e4a74e22340cba112d7fd8abee4226e42eabd4,3234,75.0,39.0,interior,-0.0,-0.0,-0.0,-0.0,-0.0,-0.0
3,3,loading,1.5,10cc3f7fd3406eef1caf910e80e4a74e22340cba112d7fd8abee4226e42eabd4,3235,76.0,39.0,interior,-0.0,-0.0,-0.0,-0.0,-0.0,-0.0
3,3,loading,1.5,10cc3f7fd3406eef1caf910e80e4a74e22340cba112d7fd8abee4226e42eabd4,3236,77.0,39.0,interior,-0.0,-0.0,-0.0,-0.0,-0.0,-0.0
3,3,loading,1.5,10cc3f7fd3406eef1caf910e80e4a74e22340cba112d7fd8abee4226e42eabd4,3237,78.0,39.0,physical_only,-1.568249395578686e-07,2.4035732143479465e-09,-1.7501663160378017e-07,7.701678609823271e-08,1.8191692045911567e-08,-7.461321288388582e-08
3,3,loading,1.5,10cc3f7fd3406eef1caf910e80e4a74e22340cba112d7fd8abee4226e42eabd4,3302,62.0,40.0,physical_and_cut,-4.302179450611412e-06,-2.4530550979997745e-06,-3.5593047202362702e-06,-1.6884929694380999e-06,-7.428747303751416e-07,-7.645621285616746e-07
3,3,loading,1.5,10cc3f7fd3406eef1caf910e80e4a74e22340cba112d7fd8abee4226e42eabd4,3303,63.0,40.0,cut_only,-0.0,-0.0,-0.0,-0.0,-0.0,-0.0
3,3,loading,1.5,10cc3f7fd3406eef1caf910e80e4a74e22340cba112d7fd8abee4226e42eabd4,3304,64.0,40.0,cut_only,-0.0,-0.0,-0.0,-0.0,-0.0,-0.0
3,3,loading,1.5,10cc3f7fd3406eef1caf910e80e4a74e22340cba112d7fd8abee4226e42eabd4,3305,65.0,40.0,cut_only,-0.0,-0.0,-0.0,-0.0,-0.0,-0.0
3,3,loading,1.5,10cc3f7fd3406eef1caf910e80e4a74e22340cba112d7fd8abee4226e42eabd4,3306,66.0,40.0,cut_only,-0.0,-0.0,-0.0,-0.0,-0.0,-0.0
3,3,loading,1.5,10cc3f7fd3406eef1caf910e80e4a74e22340cba112d7fd8abee4226e42eabd4,3307,67.0,40.0,cut_only,-0.0,-0.0,-0.0,-0.0,-0.0,-0.0
3,3,loading,1.5,10cc3f7fd3406eef1caf910e80e4a74e22340cba112d7fd8abee4226e42eabd4,3308,68.0,40.0,cut_only,-0.0,-0.0,-0.0,-0.0,-0.0,-0.0
3,3,loading,1.5,10cc3f7fd3406eef1caf910e80e4a74e22340cba112d7fd8abee4226e42eabd4,3309,69.0,40.0,cut_only,-0.0,-0.0,-0.0,-0.0,-0.0,-0.0
3,3,loading,1.5,10cc3f7fd3406eef1caf910e80e4a74e22340cba112d7fd8abee4226e42eabd4,3310,70.0,40.0,cut_only,-0.0,-0.0,-0.0,-0.0,-0.0,-0.0
3,3,loading,1.5,10cc3f7fd3406eef1caf910e80e4a74e22340cba112d7fd8abee4226e42eabd4,3311,71.0,40.0,cut_only,-0.0,-0.0,-0.0,-0.0,-0.0,-0.0
3,3,loading,1.5,10cc3f7fd3406eef1caf910e80e4a74e22340cba112d7fd8abee4226e42eabd4,3312,72.0,40.0,cut_only,-0.0,-0.0,-0.0,-0.0,-0.0,-0.0
3,3,loading,1.5,10cc3f7fd3406eef1caf910e80e4a74e22340cba112d7fd8abee4226e42eabd4,3313,73.0,40.0,cut_only,-0.0,-0.0,-0.0,-0.0,-0.0,-0.0
3,3,loading,1.5,10cc3f7fd3406eef1caf910e80e4a74e22340cba112d7fd8abee4226e42eabd4,3314,74.0,40.0,cut_only,-0.0,-0.0,-0.0,-0.0,-0.0,-0.0
3,3,loading,1.5,10cc3f7fd3406eef1caf910e80e4a74e22340cba112d7fd8abee4226e42eabd4,3315,75.0,40.0,cut_only,-0.0,-0.0,-0.0,-0.0,-0.0,-0.0
3,3,loading,1.5,10cc3f7fd3406eef1caf910e80e4a74e22340cba112d7fd8abee4226e42eabd4,3316,76.0,40.0,cut_only,-0.0,-0.0,-0.0,-0.0,-0.0,-0.0
3,3,loading,1.5,10cc3f7fd3406eef1caf910e80e4a74e22340cba112d7fd8abee4226e42eabd4,3317,77.0,40.0,cut_only,-0.0,-0.0,-0.0,-0.0,-0.0,-0.0
3,3,loading,1.5,10cc3f7fd3406eef1caf910e80e4a74e22340cba112d7fd8abee4226e42eabd4,3318,78.0,40.0,physical_and_cut,-7.828587358097506e-08,-2.403050226024e-05,-8.73831790166225e-08,7.451094307357143e-08,9.097305435647445e-09,-2.410501320331357e-05
4,4,loading,1.75,dfc83d4510b22ca97a914b72fb593c140d1e542255cf2054836705b555bf2558,2654,62.0,32.0,physical_only,-0.0003501579891116555,-0.00010919276938520349,-1.0006174551283264e-05,6.16760680542624e-06,-0.00034015181456037224,-0.00011536037619062972
4,4,loading,1.75,dfc83d4510b22ca97a914b72fb593c140d1e542255cf2054836705b555bf2558,2655,63.0,32.0,physical_only,1.1327852695505479e-07,-6.643009935881848e-05,-5.1756583502270296e-06,5.862800273584138e-06,5.288936877182084e-06,-7.229289963240265e-05
4,4,loading,1.75,dfc83d4510b22ca97a914b72fb593c140d1e542255cf2054836705b555bf2558,2656,64.0,32.0,physical_only,2.694624172438252e-06,-8.57323301024542e-05,-5.289406562594048e-06,7.690434688056227e-06,7.984030735032299e-06,-9.342276479051045e-05
4,4,loading,1.75,dfc83d4510b22ca97a914b72fb593c140d1e542255cf2054836705b555bf2558,2657,65.0,32.0,physical_only,4.3133045531810336e-06,-0.00011492202267037821,-5.41762234073497e-06,9.940099658291378e-06,9.730926893916004e-06,-0.00012486212232866954
4,4,loading,1.75,dfc83d4510b22ca97a914b72fb593c140d1e542255cf2054836705b555bf2558,2658,66.0,32.0,physical_only,4.541462972779803e-06,-0.000151819462364935,-5.5626238179283416e-06,1.2695973741143683e-05,1.0104086790708142e-05,-0.00016451543610607877
4,4,loading,1.75,dfc83d4510b22ca97a914b72fb593c140d1e542255cf2054836705b555bf2558,2659,67.0,32.0,physical_only,4.321939395717188e-06,-0.00019629698633059033,-5.723876596107469e-06,1.6070641489494462e-05,1.0045815991824657e-05,-0.00021236762782008475
4,4,loading,1.75,dfc83d4510b22ca97a914b72fb593c140d1e542255cf2054836705b555bf2558,2660,68.0,32.0,physical_only,6.062909685484883e-06,-0.0002518000912603189,-5.904457351158199e-06,2.0222654027572186e-05,1.1967367036643085e-05,-0.0002720227452878912
4,4,loading,1.75,dfc83d4510b22ca97a914b72fb593c140d1e542255cf2054836705b555bf2558,2661,69.0,32.0,physical_only,7.86868925404567e-06,-0.0003219782783176186,-6.111225331604348e-06,2.538566834326305e-05,1.3979914585650014e-05,-0.0003473639466608817
4,4,loading,1.75,dfc83d4510b22ca97a914b72fb593c140d1e542255cf2054836705b555bf2558,2662,70.0,32.0,physical_only,9.827468632926369e-06,-0.0004083998983931631,-6.355298626232753e-06,3.191188195031941e-05,1.6182767259159122e-05,-0.0004403117803434824
4,4,loading,1.75,dfc83d4510b22ca97a914b72fb593c140d1e542255cf2054836705b555bf2558,2663,71.0,32.0,physical_only,1.1936052540037942e-05,-0.0005137659147199445,-6.652835918765808e-06,4.0344387821794595e-05,1.858888845880374e-05,-0.0005541103025417391
4,4,loading,1.75,dfc83d4510b22ca97a914b72fb593c140d1e542255cf2054836705b555bf2558,2664,72.0,32.0,physical_only,1.4317314576607214e-05,-0.0006409289683486316,-7.029364064311123e-06,5.155599733735405e-05,2.1346678640918345e-05,-0.0006924849656859858
4,4,loading,1.75,dfc83d4510b22ca97a914b72fb593c140d1e542255cf2054836705b555bf2558,2665,73.0,32.0,physical_only,1.658125147436078e-05,-0.0007905471948211405,-7.526406135674629e-06,6.702324422067885e-05,2.41076576100354e-05,-0.0008575704390418196
4,4,loading,1.75,dfc83d4510b22ca97a914b72fb593c140d1e542255cf2054836705b555bf2558,2666,74.0,32.0,physical_only,2.6078277282631985e-05,-0.0009671543780005341,-8.220665394832958e-06,8.944030250603426e-05,3.429894267746494e-05,-0.0010565946805065679
4,4,loading,1.75,dfc83d4510b22ca97a914b72fb593c140d1e542255cf2054836705b555bf2558,2667,75.0,32.0,physical_only,4.349735565055822e-05,-0.0011843671444279882,-9.271175323848894e-06,0.00012429024051318117,5.276853097440712e-05,-0.0013086573849411696
4,4,loading,1.75,dfc83d4510b22ca97a914b72fb593c140d1e542255cf2054836705b555bf2558,2668,76.0,32.0,physical_only,7.067621510046501e-05,-0.0014566004245053152,-1.1058217409258732e-05,0.00018463672666475605,8.173443250972378e-05,-0.0016412371511700715
4,4,loading,1.75,dfc83d4510b22ca97a914b72fb593c140d1e542255cf2054836705b555bf2558,2669,77.0,32.0,physical_only,8.74986840977404e-05,-0.001650857458866584,-1.4615363807709918e-05,0.0003091432984118626,0.00010211404790545038,-0.0019600007572784465
4,4,loading,1.75,dfc83d4510b22ca97a914b72fb593c140d1e542255cf2054836705b555bf2558,2670,78.0,32.0,physical_only,-0.0006744397595420087,0.012729792342344334,-0.00013754485667341292,0.0013388253247819694,-0.0005368949028685958,0.011390967017562365
4,4,loading,1.75,dfc83d4510b22ca97a914b72fb593c140d1e542255cf2054836705b555bf2558,2735,62.0,33.0,physical_only,-1.0860430464628951e-05,3.1515538201486797e-07,-6.042519834072111e-06,2.3114730787109713e-07,-4.817910630556839e-06,8.400807414377084e-08
4,4,loading,1.75,dfc83d4510b22ca97a914b72fb593c140d1e542255cf2054836705b555bf2558,2736,63.0,33.0,interior,-0.0,-0.0,-0.0,-0.0,-0.0,-0.0
4,4,loading,1.75,dfc83d4510b22ca97a914b72fb593c140d1e542255cf2054836705b555bf2558,2737,64.0,33.0,interior,-0.0,-0.0,-0.0,-0.0,-0.0,-0.0
4,4,loading,1.75,dfc83d4510b22ca97a914b72fb593c140d1e542255cf2054836705b555bf2558,2738,65.0,33.0,interior,-0.0,-0.0,-0.0,-0.0,-0.0,-0.0
4,4,loading,1.75,dfc83d4510b22ca97a914b72fb593c140d1e542255cf2054836705b555bf2558,2739,66.0,33.0,interior,-0.0,-0.0,-0.0,-0.0,-0.0,-0.0
4,4,loading,1.75,dfc83d4510b22ca97a914b72fb593c140d1e542255cf2054836705b555bf2558,2740,67.0,33.0,interior,-0.0,-0.0,-0.0,-0.0,-0.0,-0.0
4,4,loading,1.75,dfc83d4510b22ca97a914b72fb593c140d1e542255cf2054836705b555bf2558,2741,68.0,33.0,interior,-0.0,-0.0,-0.0,-0.0,-0.0,-0.0
4,4,loading,1.75,dfc83d4510b22ca97a914b72fb593c140d1e542255cf2054836705b555bf2558,2742,69.0,33.0,interior,-0.0,-0.0,-0.0,-0.0,-0.0,-0.0
4,4,loading,1.75,dfc83d4510b22ca97a914b72fb593c140d1e542255cf2054836705b555bf2558,2743,70.0,33.0,interior,-0.0,-0.0,-0.0,-0.0,-0.0,-0.0
4,4,loading,1.75,dfc83d4510b22ca97a914b72fb593c140d1e542255cf2054836705b555bf2558,2744,71.0,33.0,interior,-0.0,-0.0,-0.0,-0.0,-0.0,-0.0
4,4,loading,1.75,dfc83d4510b22ca97a914b72fb593c140d1e542255cf2054836705b555bf2558,2745,72.0,33.0,interior,-0.0,-0.0,-0.0,-0.0,-0.0,-0.0
4,4,loading,1.75,dfc83d4510b22ca97a914b72fb593c140d1e542255cf2054836705b555bf2558,2746,73.0,33.0,interior,-0.0,-0.0,-0.0,-0.0,-0.0,-0.0
4,4,loading,1.75,dfc83d4510b22ca97a914b72fb593c140d1e542255cf2054836705b555bf2558,2747,74.0,33.0,interior,-0.0,-0.0,-0.0,-0.0,-0.0,-0.0
4,4,loading,1.75,dfc83d4510b22ca97a914b72fb593c140d1e542255cf2054836705b555bf2558,2748,75.0,33.0,interior,-0.0,-0.0,-0.0,-0.0,-0.0,-0.0
4,4,loading,1.75,dfc83d4510b22ca97a914b72fb593c140d1e542255cf2054836705b555bf2558,2749,76.0,33.0,interior,-0.0,-0.0,-0.0,-0.0,-0.0,-0.0
4,4,loading,1.75,dfc83d4510b22ca97a914b72fb593c140d1e542255cf2054836705b555bf2558,2750,77.0,33.0,interior,-0.0,-0.0,-0.0,-0.0,-0.0,-0.0
4,4,loading,1.75,dfc83d4510b22ca97a914b72fb593c140d1e542255cf2054836705b555bf2558,2751,78.0,33.0,physical_only,-2.021534985621003e-07,2.156617912440898e-08,-2.4993344444018546e-07,6.703604789453154e-07,4.777994587808521e-08,-6.487942998209081e-07
4,4,loading,1.75,dfc83d4510b22ca97a914b72fb593c140d1e542255cf2054836705b555bf2558,2816,62.0,34.0,physical_only,-1.0365283796282552e-05,3.929024575056376e-07,-6.566044683562047e-06,2.081654069176334e-07,-3.7992391127205027e-06,1.8473705058800407e-07
4,4,loading,1.75,dfc83d4510b22ca97a914b72fb593c140d1e542255cf2054836705b555bf2558,2817,63.0,34.0,interior,-0.0,-0.0,-0.0,-0.0,-0.0,-0.0
4,4,loading,1.75,dfc83d4510b22ca97a914b72fb593c140d1e542255cf2054836705b555bf2558,2818,64.0,34.0,interior,-0.0,-0.0,-0.0,-0.0,-0.0,-0.0
4,4,loading,1.75,dfc83d4510b22ca97a914b72fb593c140d1e542255cf2054836705b555bf2558,2819,65.0,34.0,interior,-0.0,-0.0,-0.0,-0.0,-0.0,-0.0
4,4,loading,1.75,dfc83d4510b22ca97a914b72fb593c140d1e542255cf2054836705b555bf2558,2820,66.0,34.0,interior,-0.0,-0.0,-0.0,-0.0,-0.0,-0.0
4,4,loading,1.75,dfc83d4510b22ca97a914b72fb593c140d1e542255cf2054836705b555bf2558,2821,67.0,34.0,interior,-0.0,-0.0,-0.0,-0.0,-0.0,-0.0
4,4,loading,1.75,dfc83d4510b22ca97a914b72fb593c140d1e542255cf2054836705b555bf2558,2822,68.0,34.0,interior,-0.0,-0.0,-0.0,-0.0,-0.0,-0.0
4,4,loading,1.75,dfc83d4510b22ca97a914b72fb593c140d1e542255cf2054836705b555bf2558,2823,69.0,34.0,interior,-0.0,-0.0,-0.0,-0.0,-0.0,-0.0
4,4,loading,1.75,dfc83d4510b22ca97a914b72fb593c140d1e542255cf2054836705b555bf2558,2824,70.0,34.0,interior,-0.0,-0.0,-0.0,-0.0,-0.0,-0.0
4,4,loading,1.75,dfc83d4510b22ca97a914b72fb593c140d1e542255cf2054836705b555bf2558,2825,71.0,34.0,interior,-0.0,-0.0,-0.0,-0.0,-0.0,-0.0
4,4,loading,1.75,dfc83d4510b22ca97a914b72fb593c140d1e542255cf2054836705b555bf2558,2826,72.0,34.0,interior,-0.0,-0.0,-0.0,-0.0,-0.0,-0.0
4,4,loading,1.75,dfc83d4510b22ca97a914b72fb593c140d1e542255cf2054836705b555bf2558,2827,73.0,34.0,interior,-0.0,-0.0,-0.0,-0.0,-0.0,-0.0
4,4,loading,1.75,dfc83d4510b22ca97a914b72fb593c140d1e542255cf2054836705b555bf2558,2828,74.0,34.0,interior,-0.0,-0.0,-0.0,-0.0,-0.0,-0.0
4,4,loading,1.75,dfc83d4510b22ca97a914b72fb593c140d1e542255cf2054836705b555bf2558,2829,75.0,34.0,interior,-0.0,-0.0,-0.0,-0.0,-0.0,-0.0
4,4,loading,1.75,dfc83d4510b22ca97a914b72fb593c140d1e542255cf2054836705b555bf2558,2830,76.0,34.0,interior,-0.0,-0.0,-0.0,-0.0,-0.0,-0.0
4,4,loading,1.75,dfc83d4510b22ca97a914b72fb593c140d1e542255cf2054836705b555bf2558,2831,77.0,34.0,interior,-0.0,-0.0,-0.0,-0.0,-0.0,-0.0
4,4,loading,1.75,dfc83d4510b22ca97a914b72fb593c140d1e542255cf2054836705b555bf2558,2832,78.0,34.0,physical_only,-1.98125276327998e-07,1.8303270868066154e-08,-2.444165351947893e-07,5.710584863611108e-07,4.6291258866791245e-08,-5.527552154930451e-07
4,4,loading,1.75,dfc83d4510b22ca97a914b72fb593c140d1e542255cf2054836705b555bf2558,2897,62.0,35.0,physical_only,-1.0062325911672293e-05,4.403372953484426e-07,-7.009730522101427e-06,1.8368167688481555e-07,-3.052595389570869e-06,2.56655618463627e-07
4,4,loading,1.75,dfc83d4510b22ca97a914b72fb593c140d1e542255cf2054836705b555bf2558,2898,63.0,35.0,interior,-0.0,-0.0,-0.0,-0.0,-0.0,-0.0
4,4,loading,1.75,dfc83d4510b22ca97a914b72fb593c140d1e542255cf2054836705b555bf2558,2899,64.0,35.0,interior,-0.0,-0.0,-0.0,-0.0,-0.0,-0.0
4,4,loading,1.75,dfc83d4510b22ca97a914b72fb593c140d1e542255cf2054836705b555bf2558,2900,65.0,35.0,interior,-0.0,-0.0,-0.0,-0.0,-0.0,-0.0
4,4,loading,1.75,dfc83d4510b22ca97a914b72fb593c140d1e542255cf2054836705b555bf2558,2901,66.0,35.0,interior,-0.0,-0.0,-0.0,-0.0,-0.0,-0.0
4,4,loading,1.75,dfc83d4510b22ca97a914b72fb593c140d1e542255cf2054836705b555bf2558,2902,67.0,35.0,interior,-0.0,-0.0,-0.0,-0.0,-0.0,-0.0
4,4,loading,1.75,dfc83d4510b22ca97a914b72fb593c140d1e542255cf2054836705b555bf2558,2903,68.0,35.0,interior,-0.0,-0.0,-0.0,-0.0,-0.0,-0.0
4,4,loading,1.75,dfc83d4510b22ca97a914b72fb593c140d1e542255cf2054836705b555bf2558,2904,69.0,35.0,interior,-0.0,-0.0,-0.0,-0.0,-0.0,-0.0
4,4,loading,1.75,dfc83d4510b22ca97a914b72fb593c140d1e542255cf2054836705b555bf2558,2905,70.0,35.0,interior,-0.0,-0.0,-0.0,-0.0,-0.0,-0.0
4,4,loading,1.75,dfc83d4510b22ca97a914b72fb593c140d1e542255cf2054836705b555bf2558,2906,71.0,35.0,interior,-0.0,-0.0,-0.0,-0.0,-0.0,-0.0
4,4,loading,1.75,dfc83d4510b22ca97a914b72fb593c140d1e542255cf2054836705b555bf2558,2907,72.0,35.0,interior,-0.0,-0.0,-0.0,-0.0,-0.0,-0.0
4,4,loading,1.75,dfc83d4510b22ca97a914b72fb593c140d1e542255cf2054836705b555bf2558,2908,73.0,35.0,interior,-0.0,-0.0,-0.0,-0.0,-0.0,-0.0
4,4,loading,1.75,dfc83d4510b22ca97a914b72fb593c140d1e542255cf2054836705b555bf2558,2909,74.0,35.0,interior,-0.0,-0.0,-0.0,-0.0,-0.0,-0.0
4,4,loading,1.75,dfc83d4510b22ca97a914b72fb593c140d1e542255cf2054836705b555bf2558,2910,75.0,35.0,interior,-0.0,-0.0,-0.0,-0.0,-0.0,-0.0
4,4,loading,1.75,dfc83d4510b22ca97a914b72fb593c140d1e542255cf2054836705b555bf2558,2911,76.0,35.0,interior,-0.0,-0.0,-0.0,-0.0,-0.0,-0.0
4,4,loading,1.75,dfc83d4510b22ca97a914b72fb593c140d1e542255cf2054836705b555bf2558,2912,77.0,35.0,interior,-0.0,-0.0,-0.0,-0.0,-0.0,-0.0
4,4,loading,1.75,dfc83d4510b22ca97a914b72fb593c140d1e542255cf2054836705b555bf2558,2913,78.0,35.0,physical_only,-1.947390378437918e-07,1.5124505539686542e-08,-2.3978294520429364e-07,4.733936175870105e-07,4.504390736050185e-08,-4.582691120473179e-07
4,4,loading,1.75,dfc83d4510b22ca97a914b72fb593c140d1e542255cf2054836705b555bf2558,2978,62.0,36.0,physical_only,-9.897615867597965e-06,4.233667233144156e-07,-7.373963072879734e-06,1.557611510303323e-07,-2.5236527947182303e-06,2.676055722840832e-07
4,4,loading,1.75,dfc83d4510b22ca97a914b72fb593c140d1e542255cf2054836705b555bf2558,2979,63.0,36.0,interior,-0.0,-0.0,-0.0,-0.0,-0.0,-0.0
4,4,loading,1.75,dfc83d4510b22ca97a914b72fb593c140d1e542255cf2054836705b555bf2558,2980,64.0,36.0,interior,-0.0,-0.0,-0.0,-0.0,-0.0,-0.0
4,4,loading,1.75,dfc83d4510b22ca97a914b72fb593c140d1e542255cf2054836705b555bf2558,2981,65.0,36.0,interior,-0.0,-0.0,-0.0,-0.0,-0.0,-0.0
4,4,loading,1.75,dfc83d4510b22ca97a914b72fb593c140d1e542255cf2054836705b555bf2558,2982,66.0,36.0,interior,-0.0,-0.0,-0.0,-0.0,-0.0,-0.0
4,4,loading,1.75,dfc83d4510b22ca97a914b72fb593c140d1e542255cf2054836705b555bf2558,2983,67.0,36.0,interior,-0.0,-0.0,-0.0,-0.0,-0.0,-0.0
4,4,loading,1.75,dfc83d4510b22ca97a914b72fb593c140d1e542255cf2054836705b555bf2558,2984,68.0,36.0,interior,-0.0,-0.0,-0.0,-0.0,-0.0,-0.0
4,4,loading,1.75,dfc83d4510b22ca97a914b72fb593c140d1e542255cf2054836705b555bf2558,2985,69.0,36.0,interior,-0.0,-0.0,-0.0,-0.0,-0.0,-0.0
4,4,loading,1.75,dfc83d4510b22ca97a914b72fb593c140d1e542255cf2054836705b555bf2558,2986,70.0,36.0,interior,-0.0,-0.0,-0.0,-0.0,-0.0,-0.0
4,4,loading,1.75,dfc83d4510b22ca97a914b72fb593c140d1e542255cf2054836705b555bf2558,2987,71.0,36.0,interior,-0.0,-0.0,-0.0,-0.0,-0.0,-0.0
4,4,loading,1.75,dfc83d4510b22ca97a914b72fb593c140d1e542255cf2054836705b555bf2558,2988,72.0,36.0,interior,-0.0,-0.0,-0.0,-0.0,-0.0,-0.0
4,4,loading,1.75,dfc83d4510b22ca97a914b72fb593c140d1e542255cf2054836705b555bf2558,2989,73.0,36.0,interior,-0.0,-0.0,-0.0,-0.0,-0.0,-0.0
4,4,loading,1.75,dfc83d4510b22ca97a914b72fb593c140d1e542255cf2054836705b555bf2558,2990,74.0,36.0,interior,-0.0,-0.0,-0.0,-0.0,-0.0,-0.0
4,4,loading,1.75,dfc83d4510b22ca97a914b72fb593c140d1e542255cf2054836705b555bf2558,2991,75.0,36.0,interior,-0.0,-0.0,-0.0,-0.0,-0.0,-0.0
4,4,loading,1.75,dfc83d4510b22ca97a914b72fb593c140d1e542255cf2054836705b555bf2558,2992,76.0,36.0,interior,-0.0,-0.0,-0.0,-0.0,-0.0,-0.0
4,4,loading,1.75,dfc83d4510b22ca97a914b72fb593c140d1e542255cf2054836705b555bf2558,2993,77.0,36.0,interior,-0.0,-0.0,-0.0,-0.0,-0.0,-0.0
4,4,loading,1.75,dfc83d4510b22ca97a914b72fb593c140d1e542255cf2054836705b555bf2558,2994,78.0,36.0,physical_only,-1.919836126740936e-07,1.201575754874811e-08,-2.3601532835546962e-07,3.770888424706722e-07,4.403171568137602e-08,-3.650730849219279e-07
4,4,loading,1.75,dfc83d4510b22ca97a914b72fb593c140d1e542255cf2054836705b555bf2558,3059,62.0,37.0,physical_only,-9.811717190160363e-06,3.515360899000677e-07,-7.658428531727658e-06,1.23041588764205e-07,-2.1532886584327046e-06,2.284945011358627e-07
4,4,loading,1.75,dfc83d4510b22ca97a914b72fb593c140d1e542255cf2054836705b555bf2558,3060,63.0,37.0,interior,-0.0,-0.0,-0.0,-0.0,-0.0,-0.0
4,4,loading,1.75,dfc83d4510b22ca97a914b72fb593c140d1e542255cf2054836705b555bf2558,3061,64.0,37.0,interior,-0.0,-0.0,-0.0,-0.0,-0.0,-0.0
4,4,loading,1.75,dfc83d4510b22ca97a914b72fb593c140d1e542255cf2054836705b555bf2558,3062,65.0,37.0,interior,-0.0,-0.0,-0.0,-0.0,-0.0,-0.0
4,4,loading,1.75,dfc83d4510b22ca97a914b72fb593c140d1e542255cf2054836705b555bf2558,3063,66.0,37.0,interior,-0.0,-0.0,-0.0,-0.0,-0.0,-0.0
4,4,loading,1.75,dfc83d4510b22ca97a914b72fb593c140d1e542255cf2054836705b555bf2558,3064,67.0,37.0,interior,-0.0,-0.0,-0.0,-0.0,-0.0,-0.0
4,4,loading,1.75,dfc83d4510b22ca97a914b72fb593c140d1e542255cf2054836705b555bf2558,3065,68.0,37.0,interior,-0.0,-0.0,-0.0,-0.0,-0.0,-0.0
4,4,loading,1.75,dfc83d4510b22ca97a914b72fb593c140d1e542255cf2054836705b555bf2558,3066,69.0,37.0,interior,-0.0,-0.0,-0.0,-0.0,-0.0,-0.0
4,4,loading,1.75,dfc83d4510b22ca97a914b72fb593c140d1e542255cf2054836705b555bf2558,3067,70.0,37.0,interior,-0.0,-0.0,-0.0,-0.0,-0.0,-0.0
4,4,loading,1.75,dfc83d4510b22ca97a914b72fb593c140d1e542255cf2054836705b555bf2558,3068,71.0,37.0,interior,-0.0,-0.0,-0.0,-0.0,-0.0,-0.0
4,4,loading,1.75,dfc83d4510b22ca97a914b72fb593c140d1e542255cf2054836705b555bf2558,3069,72.0,37.0,interior,-0.0,-0.0,-0.0,-0.0,-0.0,-0.0
4,4,loading,1.75,dfc83d4510b22ca97a914b72fb593c140d1e542255cf2054836705b555bf2558,3070,73.0,37.0,interior,-0.0,-0.0,-0.0,-0.0,-0.0,-0.0
4,4,loading,1.75,dfc83d4510b22ca97a914b72fb593c140d1e542255cf2054836705b555bf2558,3071,74.0,37.0,interior,-0.0,-0.0,-0.0,-0.0,-0.0,-0.0
4,4,loading,1.75,dfc83d4510b22ca97a914b72fb593c140d1e542255cf2054836705b555bf2558,3072,75.0,37.0,interior,-0.0,-0.0,-0.0,-0.0,-0.0,-0.0
4,4,loading,1.75,dfc83d4510b22ca97a914b72fb593c140d1e542255cf2054836705b555bf2558,3073,76.0,37.0,interior,-0.0,-0.0,-0.0,-0.0,-0.0,-0.0
4,4,loading,1.75,dfc83d4510b22ca97a914b72fb593c140d1e542255cf2054836705b555bf2558,3074,77.0,37.0,interior,-0.0,-0.0,-0.0,-0.0,-0.0,-0.0
4,4,loading,1.75,dfc83d4510b22ca97a914b72fb593c140d1e542255cf2054836705b555bf2558,3075,78.0,37.0,physical_only,-1.8984989898173842e-07,8.962947241470239e-09,-2.3309955051687411e-07,2.8186939228810533e-07,4.324965153513571e-08,-2.7290644504663334e-07
4,4,loading,1.75,dfc83d4510b22ca97a914b72fb593c140d1e542255cf2054836705b555bf2558,3140,62.0,38.0,physical_only,-9.766662906949958e-06,2.453086518873739e-07,-7.862379328930939e-06,8.5378296079423e-08,-1.904283578019018e-06,1.599303558079508e-07
4,4,loading,1.75,dfc83d4510b22ca97a914b72fb593c140d1e542255cf2054836705b555bf2558,3141,63.0,38.0,interior,-0.0,-0.0,-0.0,-0.0,-0.0,-0.0
4,4,loading,1.75,dfc83d4510b22ca97a914b72fb593c140d1e542255cf2054836705b555bf2558,3142,64.0,38.0,interior,-0.0,-0.0,-0.0,-0.0,-0.0,-0.0
4,4,loading,1.75,dfc83d4510b22ca97a914b72fb593c140d1e542255cf2054836705b555bf2558,3143,65.0,38.0,interior,-0.0,-0.0,-0.0,-0.0,-0.0,-0.0
4,4,loading,1.75,dfc83d4510b22ca97a914b72fb593c140d1e542255cf2054836705b555bf2558,3144,66.0,38.0,interior,-0.0,-0.0,-0.0,-0.0,-0.0,-0.0
4,4,loading,1.75,dfc83d4510b22ca97a914b72fb593c140d1e542255cf2054836705b555bf2558,3145,67.0,38.0,interior,-0.0,-0.0,-0.0,-0.0,-0.0,-0.0
4,4,loading,1.75,dfc83d4510b22ca97a914b72fb593c140d1e542255cf2054836705b555bf2558,3146,68.0,38.0,interior,-0.0,-0.0,-0.0,-0.0,-0.0,-0.0
4,4,loading,1.75,dfc83d4510b22ca97a914b72fb593c140d1e542255cf2054836705b555bf2558,3147,69.0,38.0,interior,-0.0,-0.0,-0.0,-0.0,-0.0,-0.0
4,4,loading,1.75,dfc83d4510b22ca97a914b72fb593c140d1e542255cf2054836705b555bf2558,3148,70.0,38.0,interior,-0.0,-0.0,-0.0,-0.0,-0.0,-0.0
4,4,loading,1.75,dfc83d4510b22ca97a914b72fb593c140d1e542255cf2054836705b555bf2558,3149,71.0,38.0,interior,-0.0,-0.0,-0.0,-0.0,-0.0,-0.0
4,4,loading,1.75,dfc83d4510b22ca97a914b72fb593c140d1e542255cf2054836705b555bf2558,3150,72.0,38.0,interior,-0.0,-0.0,-0.0,-0.0,-0.0,-0.0
4,4,loading,1.75,dfc83d4510b22ca97a914b72fb593c140d1e542255cf2054836705b555bf2558,3151,73.0,38.0,interior,-0.0,-0.0,-0.0,-0.0,-0.0,-0.0
4,4,loading,1.75,dfc83d4510b22ca97a914b72fb593c140d1e542255cf2054836705b555bf2558,3152,74.0,38.0,interior,-0.0,-0.0,-0.0,-0.0,-0.0,-0.0
4,4,loading,1.75,dfc83d4510b22ca97a914b72fb593c140d1e542255cf2054836705b555bf2558,3153,75.0,38.0,interior,-0.0,-0.0,-0.0,-0.0,-0.0,-0.0
4,4,loading,1.75,dfc83d4510b22ca97a914b72fb593c140d1e542255cf2054836705b555bf2558,3154,76.0,38.0,interior,-0.0,-0.0,-0.0,-0.0,-0.0,-0.0
4,4,loading,1.75,dfc83d4510b22ca97a914b72fb593c140d1e542255cf2054836705b555bf2558,3155,77.0,38.0,interior,-0.0,-0.0,-0.0,-0.0,-0.0,-0.0
4,4,loading,1.75,dfc83d4510b22ca97a914b72fb593c140d1e542255cf2054836705b555bf2558,3156,78.0,38.0,physical_only,-1.8833084152130476e-07,5.9520412911095695e-09,-2.3102465485981294e-07,1.8746232399631273e-07,4.2693813338508176e-08,-1.8151028270520374e-07
4,4,loading,1.75,dfc83d4510b22ca97a914b72fb593c140d1e542255cf2054836705b555bf2558,3221,62.0,39.0,physical_only,-9.743123659186414e-06,1.244710876949686e-07,-7.98507343829601e-06,4.376779783874206e-08,-1.7580502208904038e-06,8.070328985622685e-08
4,4,loading,1.75,dfc83d4510b22ca97a914b72fb593c140d1e542255cf2054836705b555bf2558,3222,63.0,39.0,interior,-0.0,-0.0,-0.0,-0.0,-0.0,-0.0
4,4,loading,1.75,dfc83d4510b22ca97a914b72fb593c140d1e542255cf2054836705b555bf2558,3223,64.0,39.0,interior,-0.0,-0.0,-0.0,-0.0,-0.0,-0.0
4,4,loading,1.75,dfc83d4510b22ca97a914b72fb593c140d1e542255cf2054836705b555bf2558,3224,65.0,39.0,interior,-0.0,-0.0,-0.0,-0.0,-0.0,-0.0
4,4,loading,1.75,dfc83d4510b22ca97a914b72fb593c140d1e542255cf2054836705b555bf2558,3225,66.0,39.0,interior,-0.0,-0.0,-0.0,-0.0,-0.0,-0.0
4,4,loading,1.75,dfc83d4510b22ca97a914b72fb593c140d1e542255cf2054836705b555bf2558,3226,67.0,39.0,interior,-0.0,-0.0,-0.0,-0.0,-0.0,-0.0
4,4,loading,1.75,dfc83d4510b22ca97a914b72fb593c140d1e542255cf2054836705b555bf2558,3227,68.0,39.0,interior,-0.0,-0.0,-0.0,-0.0,-0.0,-0.0
4,4,loading,1.75,dfc83d4510b22ca97a914b72fb593c140d1e542255cf2054836705b555bf2558,3228,69.0,39.0,interior,-0.0,-0.0,-0.0,-0.0,-0.0,-0.0
4,4,loading,1.75,dfc83d4510b22ca97a914b72fb593c140d1e542255cf2054836705b555bf2558,3229,70.0,39.0,interior,-0.0,-0.0,-0.0,-0.0,-0.0,-0.0
4,4,loading,1.75,dfc83d4510b22ca97a914b72fb593c140d1e542255cf2054836705b555bf2558,3230,71.0,39.0,interior,-0.0,-0.0,-0.0,-0.0,-0.0,-0.0
4,4,loading,1.75,dfc83d4510b22ca97a914b72fb593c140d1e542255cf2054836705b555bf2558,3231,72.0,39.0,interior,-0.0,-0.0,-0.0,-0.0,-0.0,-0.0
4,4,loading,1.75,dfc83d4510b22ca97a914b72fb593c140d1e542255cf2054836705b555bf2558,3232,73.0,39.0,interior,-0.0,-0.0,-0.0,-0.0,-0.0,-0.0
4,4,loading,1.75,dfc83d4510b22ca97a914b72fb593c140d1e542255cf2054836705b555bf2558,3233,74.0,39.0,interior,-0.0,-0.0,-0.0,-0.0,-0.0,-0.0
4,4,loading,1.75,dfc83d4510b22ca97a914b72fb593c140d1e542255cf2054836705b555bf2558,3234,75.0,39.0,interior,-0.0,-0.0,-0.0,-0.0,-0.0,-0.0
4,4,loading,1.75,dfc83d4510b22ca97a914b72fb593c140d1e542255cf2054836705b555bf2558,3235,76.0,39.0,interior,-0.0,-0.0,-0.0,-0.0,-0.0,-0.0
4,4,loading,1.75,dfc83d4510b22ca97a914b72fb593c140d1e542255cf2054836705b555bf2558,3236,77.0,39.0,interior,-0.0,-0.0,-0.0,-0.0,-0.0,-0.0
4,4,loading,1.75,dfc83d4510b22ca97a914b72fb593c140d1e542255cf2054836705b555bf2558,3237,78.0,39.0,physical_only,-1.8742141389783776e-07,2.9690466976497532e-09,-2.297828346566633e-07,9.359607338560795e-08,4.2361420758825536e-08,-9.062702668795764e-08
4,4,loading,1.75,dfc83d4510b22ca97a914b72fb593c140d1e542255cf2054836705b555bf2558,3302,62.0,40.0,physical_and_cut,-4.867743878727541e-06,-2.575428991771128e-06,-4.013012528814904e-06,-1.9260291945661772e-06,-8.547313499126369e-07,-6.493997972049506e-07
4,4,loading,1.75,dfc83d4510b22ca97a914b72fb593c140d1e542255cf2054836705b555bf2558,3303,63.0,40.0,cut_only,-0.0,-0.0,-0.0,-0.0,-0.0,-0.0
4,4,loading,1.75,dfc83d4510b22ca97a914b72fb593c140d1e542255cf2054836705b555bf2558,3304,64.0,40.0,cut_only,-0.0,-0.0,-0.0,-0.0,-0.0,-0.0
4,4,loading,1.75,dfc83d4510b22ca97a914b72fb593c140d1e542255cf2054836705b555bf2558,3305,65.0,40.0,cut_only,-0.0,-0.0,-0.0,-0.0,-0.0,-0.0
4,4,loading,1.75,dfc83d4510b22ca97a914b72fb593c140d1e542255cf2054836705b555bf2558,3306,66.0,40.0,cut_only,-0.0,-0.0,-0.0,-0.0,-0.0,-0.0
4,4,loading,1.75,dfc83d4510b22ca97a914b72fb593c140d1e542255cf2054836705b555bf2558,3307,67.0,40.0,cut_only,-0.0,-0.0,-0.0,-0.0,-0.0,-0.0
4,4,loading,1.75,dfc83d4510b22ca97a914b72fb593c140d1e542255cf2054836705b555bf2558,3308,68.0,40.0,cut_only,-0.0,-0.0,-0.0,-0.0,-0.0,-0.0
4,4,loading,1.75,dfc83d4510b22ca97a914b72fb593c140d1e542255cf2054836705b555bf2558,3309,69.0,40.0,cut_only,-0.0,-0.0,-0.0,-0.0,-0.0,-0.0
4,4,loading,1.75,dfc83d4510b22ca97a914b72fb593c140d1e542255cf2054836705b555bf2558,3310,70.0,40.0,cut_only,-0.0,-0.0,-0.0,-0.0,-0.0,-0.0
4,4,loading,1.75,dfc83d4510b22ca97a914b72fb593c140d1e542255cf2054836705b555bf2558,3311,71.0,40.0,cut_only,-0.0,-0.0,-0.0,-0.0,-0.0,-0.0
4,4,loading,1.75,dfc83d4510b22ca97a914b72fb593c140d1e542255cf2054836705b555bf2558,3312,72.0,40.0,cut_only,-0.0,-0.0,-0.0,-0.0,-0.0,-0.0
4,4,loading,1.75,dfc83d4510b22ca97a914b72fb593c140d1e542255cf2054836705b555bf2558,3313,73.0,40.0,cut_only,-0.0,-0.0,-0.0,-0.0,-0.0,-0.0
4,4,loading,1.75,dfc83d4510b22ca97a914b72fb593c140d1e542255cf2054836705b555bf2558,3314,74.0,40.0,cut_only,-0.0,-0.0,-0.0,-0.0,-0.0,-0.0
4,4,loading,1.75,dfc83d4510b22ca97a914b72fb593c140d1e542255cf2054836705b555bf2558,3315,75.0,40.0,cut_only,-0.0,-0.0,-0.0,-0.0,-0.0,-0.0
4,4,loading,1.75,dfc83d4510b22ca97a914b72fb593c140d1e542255cf2054836705b555bf2558,3316,76.0,40.0,cut_only,-0.0,-0.0,-0.0,-0.0,-0.0,-0.0
4,4,loading,1.75,dfc83d4510b22ca97a914b72fb593c140d1e542255cf2054836705b555bf2558,3317,77.0,40.0,cut_only,-0.0,-0.0,-0.0,-0.0,-0.0,-0.0
4,4,loading,1.75,dfc83d4510b22ca97a914b72fb593c140d1e542255cf2054836705b555bf2558,3318,78.0,40.0,physical_and_cut,-9.355930278282616e-08,-2.951568159565927e-05,-1.1468470686361254e-07,9.415134021953899e-08,2.1125404080786368e-08,-2.9609832935878812e-05
5,5,loading,1.8,36ca9da8fc329a3d8b4b2a79b38c26f33458397a2c03a9bd293f207733bfbffe,2654,62.0,32.0,physical_only,-0.0003423062736070124,-0.00010653661886229283,-1.0175922428225178e-05,5.371907738050557e-06,-0.00033213035117878726,-0.00011190852660034338
5,5,loading,1.8,36ca9da8fc329a3d8b4b2a79b38c26f33458397a2c03a9bd293f207733bfbffe,2655,63.0,32.0,physical_only,5.489409842891478e-07,-6.96610607689886e-05,-5.3770402189328115e-06,4.945048120778713e-06,5.925981203221958e-06,-7.46061088897673e-05
5,5,loading,1.8,36ca9da8fc329a3d8b4b2a79b38c26f33458397a2c03a9bd293f207733bfbffe,2656,64.0,32.0,physical_only,2.6740494027313e-06,-8.949231139293435e-05,-5.489790645902927e-06,6.765157891670016e-06,8.163840048634227e-06,-9.625746928460438e-05
5,5,loading,1.8,36ca9da8fc329a3d8b4b2a79b38c26f33458397a2c03a9bd293f207733bfbffe,2657,65.0,32.0,physical_only,4.176920302918802e-06,-0.0001209709776705511,-5.6192220828144135e-06,9.03733227273051e-06,9.796142385733215e-06,-0.00013000830994328163
5,5,loading,1.8,36ca9da8fc329a3d8b4b2a79b38c26f33458397a2c03a9bd293f207733bfbffe,2658,66.0,32.0,physical_only,4.468763319967833e-06,-0.00016190859448271284,-5.768203861953753e-06,1.1847756865656466e-05,1.0236967181921586e-05,-0.0001737563513483693
5,5,loading,1.8,36ca9da8fc329a3d8b4b2a79b38c26f33458397a2c03a9bd293f207733bfbffe,2659,67.0,32.0,physical_only,4.367902651956792e-06,-0.0002121706176905527,-5.9362030319582015e-06,1.5316691976958813e-05,1.0304105683914993e-05,-0.00022748730966751143
5,5,loading,1.8,36ca9da8fc329a3d8b4b2a79b38c26f33458397a2c03a9bd293f207733bfbffe,2660,68.0,32.0,physical_only,6.386080333832308e-06,-0.0002753822113936117,-6.126598696451123e-06,1.961752200275247e-05,1.2512679030283436e-05,-0.00029499973339636415
5,5,loading,1.8,36ca9da8fc329a3d8b4b2a79b38c26f33458397a2c03a9bd293f207733bfbffe,2661,69.0,32.0,physical_only,8.568066949507892e-06,-0.00035559563523771204,-6.347078944302894e-06,2.500997930013668e-05,1.4915145893810788e-05,-0.0003806056145378488
5,5,loading,1.8,36ca9da8fc329a3d8b4b2a79b38c26f33458397a2c03a9bd293f207733bfbffe,2662,70.0,32.0,physical_only,1.0999424226729748e-05,-0.0004547543910198887,-6.610464727884203e-06,3.18920080561984e-05,1.760988895461394e-05,-0.00048664639907608693
5,5,loading,1.8,36ca9da8fc329a3d8b4b2a79b38c26f33458397a2c03a9bd293f207733bfbffe,2663,71.0,32.0,physical_only,1.3696621521718842e-05,-0.0005760901012056316,-6.935983909598898e-06,4.088917295709629e-05,2.063260543131774e-05,-0.0006169792741627278
5,5,loading,1.8,36ca9da8fc329a3d8b4b2a79b38c26f33458397a2c03a9bd293f207733bfbffe,2664,72.0,32.0,physical_only,1.6838981649036923e-05,-0.0007230754558285178,-7.354848569968384e-06,5.30307440145678e-05,2.4193830219005296e-05,-0.000776106199843086
5,5,loading,1.8,36ca9da8fc329a3d8b4b2a79b38c26f33458397a2c03a9bd293f207733bfbffe,2665,73.0,32.0,physical_only,2.016175321904116e-05,-0.0008970379627058728,-7.919713461072266e-06,7.011154523105358e-05,2.8081466680113408e-05,-0.0009671495079369261
5,5,loading,1.8,36ca9da8fc329a3d8b4b2a79b38c26f33458397a2c03a9bd293f207733bfbffe,2666,74.0,32.0,physical_only,3.118305391897546e-05,-0.0011030230311151355,-8.73115527477296e-06,9.553891839952298e-05,3.991420919374845e-05,-0.0011985619495146578
5,5,loading,1.8,36ca9da8fc329a3d8b4b2a79b38c26f33458397a2c03a9bd293f207733bfbffe,2667,75.0,32.0,physical_only,5.02980007724947e-05,-0.0013531309103348597,-1.0006662973328844e-05,0.00013662749273768716,6.030466374582356e-05,-0.0014897584030725474
5,5,loading,1.8,36ca9da8fc329a3d8b4b2a79b38c26f33458397a2c03a9bd293f207733bfbffe,2668,76.0,32.0,physical_only,7.950668106414277e-05,-0.0016514244042135683,-1.2303405043075486e-05,0.0002122349396846723,9.18100861072182e-05,-0.0018636593438982408
5,5,loading,1.8,36ca9da8fc329a3d8b4b2a79b38c26f33458397a2c03a9bd293f207733bfbffe,2669,77.0,32.0,physical_only,9.309775337556998e-05,-0.001758693725782759,-1.7338731090923832e-05,0.0003860709544010393,0.00011043648446649383,-0.002144764680183797
5,5,loading,1.8,36ca9da8fc329a3d8b4b2a79b38c26f33458397a2c03a9bd293f207733bfbffe,2670,78.0,32.0,physical_only,-0.0011423615313819495,0.01806746338257585,-0.00046314788454605144,0.0044024965428342685,-0.0006792136468358979,0.01366496683974158
5,5,loading,1.8,36ca9da8fc329a3d8b4b2a79b38c26f33458397a2c03a9bd293f207733bfbffe,2735,62.0,33.0,physical_only,-1.1081119267190468e-05,3.677356499487914e-07,-6.1309353069678215e-06,2.3532970862549432e-07,-4.950183960222647e-06,1.3240594132329707e-07
5,5,loading,1.8,36ca9da8fc329a3d8b4b2a79b38c26f33458397a2c03a9bd293f207733bfbffe,2736,63.0,33.0,interior,-0.0,-0.0,-0.0,-0.0,-0.0,-0.0
5,5,loading,1.8,36ca9da8fc329a3d8b4b2a79b38c26f33458397a2c03a9bd293f207733bfbffe,2737,64.0,33.0,interior,-0.0,-0.0,-0.0,-0.0,-0.0,-0.0
5,5,loading,1.8,36ca9da8fc329a3d8b4b2a79b38c26f33458397a2c03a9bd293f207733bfbffe,2738,65.0,33.0,interior,-0.0,-0.0,-0.0,-0.0,-0.0,-0.0
5,5,loading,1.8,36ca9da8fc329a3d8b4b2a79b38c26f33458397a2c03a9bd293f207733bfbffe,2739,66.0,33.0,interior,-0.0,-0.0,-0.0,-0.0,-0.0,-0.0
5,5,loading,1.8,36ca9da8fc329a3d8b4b2a79b38c26f33458397a2c03a9bd293f207733bfbffe,2740,67.0,33.0,interior,-0.0,-0.0,-0.0,-0.0,-0.0,-0.0
5,5,loading,1.8,36ca9da8fc329a3d8b4b2a79b38c26f33458397a2c03a9bd293f207733bfbffe,2741,68.0,33.0,interior,-0.0,-0.0,-0.0,-0.0,-0.0,-0.0
5,5,loading,1.8,36ca9da8fc329a3d8b4b2a79b38c26f33458397a2c03a9bd293f207733bfbffe,2742,69.0,33.0,interior,-0.0,-0.0,-0.0,-0.0,-0.0,-0.0
5,5,loading,1.8,36ca9da8fc329a3d8b4b2a79b38c26f33458397a2c03a9bd293f207733bfbffe,2743,70.0,33.0,interior,-0.0,-0.0,-0.0,-0.0,-0.0,-0.0
5,5,loading,1.8,36ca9da8fc329a3d8b4b2a79b38c26f33458397a2c03a9bd293f207733bfbffe,2744,71.0,33.0,interior,-0.0,-0.0,-0.0,-0.0,-0.0,-0.0
5,5,loading,1.8,36ca9da8fc329a3d8b4b2a79b38c26f33458397a2c03a9bd293f207733bfbffe,2745,72.0,33.0,interior,-0.0,-0.0,-0.0,-0.0,-0.0,-0.0
5,5,loading,1.8,36ca9da8fc329a3d8b4b2a79b38c26f33458397a2c03a9bd293f207733bfbffe,2746,73.0,33.0,interior,-0.0,-0.0,-0.0,-0.0,-0.0,-0.0
5,5,loading,1.8,36ca9da8fc329a3d8b4b2a79b38c26f33458397a2c03a9bd293f207733bfbffe,2747,74.0,33.0,interior,-0.0,-0.0,-0.0,-0.0,-0.0,-0.0
5,5,loading,1.8,36ca9da8fc329a3d8b4b2a79b38c26f33458397a2c03a9bd293f207733bfbffe,2748,75.0,33.0,interior,-0.0,-0.0,-0.0,-0.0,-0.0,-0.0
5,5,loading,1.8,36ca9da8fc329a3d8b4b2a79b38c26f33458397a2c03a9bd293f207733bfbffe,2749,76.0,33.0,interior,-0.0,-0.0,-0.0,-0.0,-0.0,-0.0
5,5,loading,1.8,36ca9da8fc329a3d8b4b2a79b38c26f33458397a2c03a9bd293f207733bfbffe,2750,77.0,33.0,interior,-0.0,-0.0,-0.0,-0.0,-0.0,-0.0
5,5,loading,1.8,36ca9da8fc329a3d8b4b2a79b38c26f33458397a2c03a9bd293f207733bfbffe,2751,78.0,33.0,physical_only,-2.1165533259235104e-07,2.2760721357543772e-08,-2.69641422737064e-07,7.109952079284459e-07,5.798609014471294e-08,-6.882344865708981e-07
5,5,loading,1.8,36ca9da8fc329a3d8b4b2a79b38c26f33458397a2c03a9bd293f207733bfbffe,2816,62.0,34.0,physical_only,-1.058809447168286e-05,4.283344188185625e-07,-6.674862115663413e-06,2.131128548834784e-07,-3.91323235601945e-06,2.1522156393508382e-07
5,5,loading,1.8,36ca9da8fc329a3d8b4b2a79b38c26f33458397a2c03a9bd293f207733bfbffe,2817,63.0,34.0,interior,-0.0,-0.0,-0.0,-0.0,-0.0,-0.0
5,5,loading,1.8,36ca9da8fc329a3d8b4b2a79b38c26f33458397a2c03a9bd293f207733bfbffe,2818,64.0,34.0,interior,-0.0,-0.0,-0.0,-0.0,-0.0,-0.0
5,5,loading,1.8,36ca9da8fc329a3d8b4b2a79b38c26f33458397a2c03a9bd293f207733bfbffe,2819,65.0,34.0,interior,-0.0,-0.0,-0.0,-0.0,-0.0,-0.0
5,5,loading,1.8,36ca9da8fc329a3d8b4b2a79b38c26f33458397a2c03a9bd293f207733bfbffe,2820,66.0,34.0,interior,-0.0,-0.0,-0.0,-0.0,-0.0,-0.0
5,5,loading,1.8,36ca9da8fc329a3d8b4b2a79b38c26f33458397a2c03a9bd293f207733bfbffe,2821,67.0,34.0,interior,-0.0,-0.0,-0.0,-0.0,-0.0,-0.0
5,5,loading,1.8,36ca9da8fc329a3d8b4b2a79b38c26f33458397a2c03a9bd293f207733bfbffe,2822,68.0,34.0,interior,-0.0,-0.0,-0.0,-0.0,-0.0,-0.0
5,5,loading,1.8,36ca9da8fc329a3d8b4b2a79b38c26f33458397a2c03a9bd293f207733bfbffe,2823,69.0,34.0,interior,-0.0,-0.0,-0.0,-0.0,-0.0,-0.0
5,5,loading,1.8,36ca9da8fc329a3d8b4b2a79b38c26f33458397a2c03a9bd293f207733bfbffe,2824,70.0,34.0,interior,-0.0,-0.0,-0.0,-0.0,-0.0,-0.0
5,5,loading,1.8,36ca9da8fc329a3d8b4b2a79b38c26f33458397a2c03a9bd293f207733bfbffe,2825,71.0,34.0,interior,-0.0,-0.0,-0.0,-0.0,-0.0,-0.0
5,5,loading,1.8,36ca9da8fc329a3d8b4b2a79b38c26f33458397a2c03a9bd293f207733bfbffe,2826,72.0,34.0,interior,-0.0,-0.0,-0.0,-0.0,-0.0,-0.0
5,5,loading,1.8,36ca9da8fc329a3d8b4b2a79b38c26f33458397a2c03a9bd293f207733bfbffe,2827,73.0,34.0,interior,-0.0,-0.0,-0.0,-0.0,-0.0,-0.0
5,5,loading,1.8,36ca9da8fc329a3d8b4b2a79b38c26f33458397a2c03a9bd293f207733bfbffe,2828,74.0,34.0,interior,-0.0,-0.0,-0.0,-0.0,-0.0,-0.0
5,5,loading,1.8,36ca9da8fc329a3d8b4b2a79b38c26f33458397a2c03a9bd293f207733bfbffe,2829,75.0,34.0,interior,-0.0,-0.0,-0.0,-0.0,-0.0,-0.0
5,5,loading,1.8,36ca9da8fc329a3d8b4b2a79b38c26f33458397a2c03a9bd293f207733bfbffe,2830,76.0,34.0,interior,-0.0,-0.0,-0.0,-0.0,-0.0,-0.0
5,5,loading,1.8,36ca9da8fc329a3d8b4b2a79b38c26f33458397a2c03a9bd293f207733bfbffe,2831,77.0,34.0,interior,-0.0,-0.0,-0.0,-0.0,-0.0,-0.0
5,5,loading,1.8,36ca9da8fc329a3d8b4b2a79b38c26f33458397a2c03a9bd293f207733bfbffe,2832,78.0,34.0,physical_only,-2.0743755135189107e-07,1.9319620665675982e-08,-2.6337157805925733e-07,6.057136939742776e-07,5.593402670736631e-08,-5.863940733086029e-07
5,5,loading,1.8,36ca9da8fc329a3d8b4b2a79b38c26f33458397a2c03a9bd293f207733bfbffe,2897,62.0,35.0,physical_only,-1.0273933395291683e-05,4.623080239138272e-07,-7.136777105161034e-06,1.8869960907077823e-07,-3.1371562901306487e-06,2.736084148430488e-07
5,5,loading,1.8,36ca9da8fc329a3d8b4b2a79b38c26f33458397a2c03a9bd293f207733bfbffe,2898,63.0,35.0,interior,-0.0,-0.0,-0.0,-0.0,-0.0,-0.0
5,5,loading,1.8,36ca9da8fc329a3d8b4b2a79b38c26f33458397a2c03a9bd293f207733bfbffe,2899,64.0,35.0,interior,-0.0,-0.0,-0.0,-0.0,-0.0,-0.0
5,5,loading,1.8,36ca9da8fc329a3d8b4b2a79b38c26f33458397a2c03a9bd293f207733bfbffe,2900,65.0,35.0,interior,-0.0,-0.0,-0.0,-0.0,-0.0,-0.0
5,5,loading,1.8,36ca9da8fc329a3d8b4b2a79b38c26f33458397a2c03a9bd293f207733bfbffe,2901,66.0,35.0,interior,-0.0,-0.0,-0.0,-0.0,-0.0,-0.0
5,5,loading,1.8,36ca9da8fc329a3d8b4b2a79b38c26f33458397a2c03a9bd293f207733bfbffe,2902,67.0,35.0,interior,-0.0,-0.0,-0.0,-0.0,-0.0,-0.0
5,5,loading,1.8,36ca9da8fc329a3d8b4b2a79b38c26f33458397a2c03a9bd293f207733bfbffe,2903,68.0,35.0,interior,-0.0,-0.0,-0.0,-0.0,-0.0,-0.0
5,5,loading,1.8,36ca9da8fc329a3d8b4b2a79b38c26f33458397a2c03a9bd293f207733bfbffe,2904,69.0,35.0,interior,-0.0,-0.0,-0.0,-0.0,-0.0,-0.0
5,5,loading,1.8,36ca9da8fc329a3d8b4b2a79b38c26f33458397a2c03a9bd293f207733bfbffe,2905,70.0,35.0,interior,-0.0,-0.0,-0.0,-0.0,-0.0,-0.0
5,5,loading,1.8,36ca9da8fc329a3d8b4b2a79b38c26f33458397a2c03a9bd293f207733bfbffe,2906,71.0,35.0,interior,-0.0,-0.0,-0.0,-0.0,-0.0,-0.0
5,5,loading,1.8,36ca9da8fc329a3d8b4b2a79b38c26f33458397a2c03a9bd293f207733bfbffe,2907,72.0,35.0,interior,-0.0,-0.0,-0.0,-0.0,-0.0,-0.0
5,5,loading,1.8,36ca9da8fc329a3d8b4b2a79b38c26f33458397a2c03a9bd293f207733bfbffe,2908,73.0,35.0,interior,-0.0,-0.0,-0.0,-0.0,-0.0,-0.0
5,5,loading,1.8,36ca9da8fc329a3d8b4b2a79b38c26f33458397a2c03a9bd293f207733bfbffe,2909,74.0,35.0,interior,-0.0,-0.0,-0.0,-0.0,-0.0,-0.0
5,5,loading,1.8,36ca9da8fc329a3d8b4b2a79b38c26f33458397a2c03a9bd293f207733bfbffe,2910,75.0,35.0,interior,-0.0,-0.0,-0.0,-0.0,-0.0,-0.0
5,5,loading,1.8,36ca9da8fc329a3d8b4b2a79b38c26f33458397a2c03a9bd293f207733bfbffe,2911,76.0,35.0,interior,-0.0,-0.0,-0.0,-0.0,-0.0,-0.0
5,5,loading,1.8,36ca9da8fc329a3d8b4b2a79b38c26f33458397a2c03a9bd293f207733bfbffe,2912,77.0,35.0,interior,-0.0,-0.0,-0.0,-0.0,-0.0,-0.0
5,5,loading,1.8,36ca9da8fc329a3d8b4b2a79b38c26f33458397a2c03a9bd293f207733bfbffe,2913,78.0,35.0,physical_only,-2.0389197062774576e-07,1.5966087411450327e-08,-2.5811066689164507e-07,5.021495111160562e-07,5.421869626389923e-08,-4.861834237046054e-07
5,5,loading,1.8,36ca9da8fc329a3d8b4b2a79b38c26f33458397a2c03a9bd293f207733bfbffe,2978,62.0,36.0,physical_only,-1.009332444023901e-05,4.363032736104169e-07,-7.5162825054991835e-06,1.603333349931423e-07,-2.5770419347398264e-06,2.759699386172746e-07
5,5,loading,1.8,36ca9da8fc329a3d8b4b2a79b38c26f33458397a2c03a9bd293f207733bfbffe,2979,63.0,36.0,interior,-0.0,-0.0,-0.0,-0.0,-0.0,-0.0
5,5,loading,1.8,36ca9da8fc329a3d8b4b2a79b38c26f33458397a2c03a9bd293f207733bfbffe,2980,64.0,36.0,interior,-0.0,-0.0,-0.0,-0.0,-0.0,-0.0
5,5,loading,1.8,36ca9da8fc329a3d8b4b2a79b38c26f33458397a2c03a9bd293f207733bfbffe,2981,65.0,36.0,interior,-0.0,-0.0,-0.0,-0.0,-0.0,-0.0
5,5,loading,1.8,36ca9da8fc329a3d8b4b2a79b38c26f33458397a2c03a9bd293f207733bfbffe,2982,66.0,36.0,interior,-0.0,-0.0,-0.0,-0.0,-0.0,-0.0
5,5,loading,1.8,36ca9da8fc329a3d8b4b2a79b38c26f33458397a2c03a9bd293f207733bfbffe,2983,67.0,36.0,interior,-0.0,-0.0,-0.0,-0.0,-0.0,-0.0
5,5,loading,1.8,36ca9da8fc329a3d8b4b2a79b38c26f33458397a2c03a9bd293f207733bfbffe,2984,68.0,36.0,interior,-0.0,-0.0,-0.0,-0.0,-0.0,-0.0
5,5,loading,1.8,36ca9da8fc329a3d8b4b2a79b38c26f33458397a2c03a9bd293f207733bfbffe,2985,69.0,36.0,interior,-0.0,-0.0,-0.0,-0.0,-0.0,-0.0
5,5,loading,1.8,36ca9da8fc329a3d8b4b2a79b38c26f33458397a2c03a9bd293f207733bfbffe,2986,70.0,36.0,interior,-0.0,-0.0,-0.0,-0.0,-0.0,-0.0
5,5,loading,1.8,36ca9da8fc329a3d8b4b2a79b38c26f33458397a2c03a9bd293f207733bfbffe,2987,71.0,36.0,interior,-0.0,-0.0,-0.0,-0.0,-0.0,-0.0
5,5,loading,1.8,36ca9da8fc329a3d8b4b2a79b38c26f33458397a2c03a9bd293f207733bfbffe,2988,72.0,36.0,interior,-0.0,-0.0,-0.0,-0.0,-0.0,-0.0
5,5,loading,1.8,36ca9da8fc329a3d8b4b2a79b38c26f33458397a2c03a9bd293f207733bfbffe,2989,73.0,36.0,interior,-0.0,-0.0,-0.0,-0.0,-0.0,-0.0
5,5,loading,1.8,36ca9da8fc329a3d8b4b2a79b38c26f33458397a2c03a9bd293f207733bfbffe,2990,74.0,36.0,interior,-0.0,-0.0,-0.0,-0.0,-0.0,-0.0
5,5,loading,1.8,36ca9da8fc329a3d8b4b2a79b38c26f33458397a2c03a9bd293f207733bfbffe,2991,75.0,36.0,interior,-0.0,-0.0,-0.0,-0.0,-0.0,-0.0
5,5,loading,1.8,36ca9da8fc329a3d8b4b2a79b38c26f33458397a2c03a9bd293f207733bfbffe,2992,76.0,36.0,interior,-0.0,-0.0,-0.0,-0.0,-0.0,-0.0
5,5,loading,1.8,36ca9da8fc329a3d8b4b2a79b38c26f33458397a2c03a9bd293f207733bfbffe,2993,77.0,36.0,interior,-0.0,-0.0,-0.0,-0.0,-0.0,-0.0
5,5,loading,1.8,36ca9da8fc329a3d8b4b2a79b38c26f33458397a2c03a9bd293f207733bfbffe,2994,78.0,36.0,physical_only,-2.0100689323029066e-07,1.2685473481110511e-08,-2.538364021717583e-07,4.0001256574118076e-07,5.282950894146772e-08,-3.873270922600714e-07
5,5,loading,1.8,36ca9da8fc329a3d8b4b2a79b38c26f33458397a2c03a9bd293f207733bfbffe,3059,62.0,37.0,physical_only,-9.992932033418517e-06,3.5879014184018085e-07,-7.812674846964833e-06,1.2679216928372604e-07,-2.180257186453685e-06,2.3199797255645497e-07
5,5,loading,1.8,36ca9da8fc329a3d8b4b2a79b38c26f33458397a2c03a9bd293f207733bfbffe,3060,63.0,37.0,interior,-0.0,-0.0,-0.0,-0.0,-0.0,-0.0
5,5,loading,1.8,36ca9da8fc329a3d8b4b2a79b38c26f33458397a2c03a9bd293f207733bfbffe,3061,64.0,37.0,interior,-0.0,-0.0,-0.0,-0.0,-0.0,-0.0
5,5,loading,1.8,36ca9da8fc329a3d8b4b2a79b38c26f33458397a2c03a9bd293f207733bfbffe,3062,65.0,37.0,interior,-0.0,-0.0,-0.0,-0.0,-0.0,-0.0
5,5,loading,1.8,36ca9da8fc329a3d8b4b2a79b38c26f33458397a2c03a9bd293f207733bfbffe,3063,66.0,37.0,interior,-0.0,-0.0,-0.0,-0.0,-0.0,-0.0
5,5,loading,1.8,36ca9da8fc329a3d8b4b2a79b38c26f33458397a2c03a9bd293f207733bfbffe,3064,67.0,37.0,interior,-0.0,-0.0,-0.0,-0.0,-0.0,-0.0
5,5,loading,1.8,36ca9da8fc329a3d8b4b2a79b38c26f33458397a2c03a9bd293f207733bfbffe,3065,68.0,37.0,interior,-0.0,-0.0,-0.0,-0.0,-0.0,-0.0
5,5,loading,1.8,36ca9da8fc329a3d8b4b2a79b38c26f33458397a2c03a9bd293f207733bfbffe,3066,69.0,37.0,interior,-0.0,-0.0,-0.0,-0.0,-0.0,-0.0
5,5,loading,1.8,36ca9da8fc329a3d8b4b2a79b38c26f33458397a2c03a9bd293f207733bfbffe,3067,70.0,37.0,interior,-0.0,-0.0,-0.0,-0.0,-0.0,-0.0
5,5,loading,1.8,36ca9da8fc329a3d8b4b2a79b38c26f33458397a2c03a9bd293f207733bfbffe,3068,71.0,37.0,interior,-0.0,-0.0,-0.0,-0.0,-0.0,-0.0
5,5,loading,1.8,36ca9da8fc329a3d8b4b2a79b38c26f33458397a2c03a9bd293f207733bfbffe,3069,72.0,37.0,interior,-0.0,-0.0,-0.0,-0.0,-0.0,-0.0
5,5,loading,1.8,36ca9da8fc329a3d8b4b2a79b38c26f33458397a2c03a9bd293f207733bfbffe,3070,73.0,37.0,interior,-0.0,-0.0,-0.0,-0.0,-0.0,-0.0
5,5,loading,1.8,36ca9da8fc329a3d8b4b2a79b38c26f33458397a2c03a9bd293f207733bfbffe,3071,74.0,37.0,interior,-0.0,-0.0,-0.0,-0.0,-0.0,-0.0
5,5,loading,1.8,36ca9da8fc329a3d8b4b2a79b38c26f33458397a2c03a9bd293f207733bfbffe,3072,75.0,37.0,interior,-0.0,-0.0,-0.0,-0.0,-0.0,-0.0
5,5,loading,1.8,36ca9da8fc329a3d8b4b2a79b38c26f33458397a2c03a9bd293f207733bfbffe,3073,76.0,37.0,interior,-0.0,-0.0,-0.0,-0.0,-0.0,-0.0
5,5,loading,1.8,36ca9da8fc329a3d8b4b2a79b38c26f33458397a2c03a9bd293f207733bfbffe,3074,77.0,37.0,interior,-0.0,-0.0,-0.0,-0.0,-0.0,-0.0
5,5,loading,1.8,36ca9da8fc329a3d8b4b2a79b38c26f33458397a2c03a9bd293f207733bfbffe,3075,78.0,37.0,physical_only,-1.9877278614183643e-07,9.463149602152038e-09,-2.505306544388673e-07,2.990148528218812e-07,5.175786829703085e-08,-2.895517032197199e-07
5,5,loading,1.8,36ca9da8fc329a3d8b4b2a79b38c26f33458397a2c03a9bd293f207733bfbffe,3140,62.0,38.0,physical_only,-9.937359169266506e-06,2.4911930702033485e-07,-8.02509427122603e-06,8.803360211625524e-08,-1.9122648980404744e-06,1.6108570490407956e-07
5,5,loading,1.8,36ca9da8fc329a3d8b4b2a79b38c26f33458397a2c03a9bd293f207733bfbffe,3141,63.0,38.0,interior,-0.0,-0.0,-0.0,-0.0,-0.0,-0.0
5,5,loading,1.8,36ca9da8fc329a3d8b4b2a79b38c26f33458397a2c03a9bd293f207733bfbffe,3142,64.0,38.0,interior,-0.0,-0.0,-0.0,-0.0,-0.0,-0.0
5,5,loading,1.8,36ca9da8fc329a3d8b4b2a79b38c26f33458397a2c03a9bd293f207733bfbffe,3143,65.0,38.0,interior,-0.0,-0.0,-0.0,-0.0,-0.0,-0.0
5,5,loading,1.8,36ca9da8fc329a3d8b4b2a79b38c26f33458397a2c03a9bd293f207733bfbffe,3144,66.0,38.0,interior,-0.0,-0.0,-0.0,-0.0,-0.0,-0.0
5,5,loading,1.8,36ca9da8fc329a3d8b4b2a79b38c26f33458397a2c03a9bd293f207733bfbffe,3145,67.0,38.0,interior,-0.0,-0.0,-0.0,-0.0,-0.0,-0.0
5,5,loading,1.8,36ca9da8fc329a3d8b4b2a79b38c26f33458397a2c03a9bd293f207733bfbffe,3146,68.0,38.0,interior,-0.0,-0.0,-0.0,-0.0,-0.0,-0.0
5,5,loading,1.8,36ca9da8fc329a3d8b4b2a79b38c26f33458397a2c03a9bd293f207733bfbffe,3147,69.0,38.0,interior,-0.0,-0.0,-0.0,-0.0,-0.0,-0.0
5,5,loading,1.8,36ca9da8fc329a3d8b4b2a79b38c26f33458397a2c03a9bd293f207733bfbffe,3148,70.0,38.0,interior,-0.0,-0.0,-0.0,-0.0,-0.0,-0.0
5,5,loading,1.8,36ca9da8fc329a3d8b4b2a79b38c26f33458397a2c03a9bd293f207733bfbffe,3149,71.0,38.0,interior,-0.0,-0.0,-0.0,-0.0,-0.0,-0.0
5,5,loading,1.8,36ca9da8fc329a3d8b4b2a79b38c26f33458397a2c03a9bd293f207733bfbffe,3150,72.0,38.0,interior,-0.0,-0.0,-0.0,-0.0,-0.0,-0.0
5,5,loading,1.8,36ca9da8fc329a3d8b4b2a79b38c26f33458397a2c03a9bd293f207733bfbffe,3151,73.0,38.0,interior,-0.0,-0.0,-0.0,-0.0,-0.0,-0.0
5,5,loading,1.8,36ca9da8fc329a3d8b4b2a79b38c26f33458397a2c03a9bd293f207733bfbffe,3152,74.0,38.0,interior,-0.0,-0.0,-0.0,-0.0,-0.0,-0.0
5,5,loading,1.8,36ca9da8fc329a3d8b4b2a79b38c26f33458397a2c03a9bd293f207733bfbffe,3153,75.0,38.0,interior,-0.0,-0.0,-0.0,-0.0,-0.0,-0.0
5,5,loading,1.8,36ca9da8fc329a3d8b4b2a79b38c26f33458397a2c03a9bd293f207733bfbffe,3154,76.0,38.0,interior,-0.0,-0.0,-0.0,-0.0,-0.0,-0.0
5,5,loading,1.8,36ca9da8fc329a3d8b4b2a79b38c26f33458397a2c03a9bd293f207733bfbffe,3155,77.0,38.0,interior,-0.0,-0.0,-0.0,-0.0,-0.0,-0.0
5,5,loading,1.8,36ca9da8fc329a3d8b4b2a79b38c26f33458397a2c03a9bd293f207733bfbffe,3156,78.0,38.0,physical_only,-1.971822586971591e-07,6.284511935061355e-09,-2.4817938871903133e-07,1.9887006155277078e-07,5.099713002187223e-08,-1.9258554961771197e-07
5,5,loading,1.8,36ca9da8fc329a3d8b4b2a79b38c26f33458397a2c03a9bd293f207733bfbffe,3221,62.0,39.0,physical_only,-9.90776087203301e-06,1.2610535201700025e-07,-8.152827250416077e-06,4.514277976605878e-08,-1.754933621616934e-06,8.096257225094168e-08
5,5,loading,1.8,36ca9da8fc329a3d8b4b2a79b38c26f33458397a2c03a9bd293f207733bfbffe,3222,63.0,39.0,interior,-0.0,-0.0,-0.0,-0.0,-0.0,-0.0
5,5,loading,1.8,36ca9da8fc329a3d8b4b2a79b38c26f33458397a2c03a9bd293f207733bfbffe,3223,64.0,39.0,interior,-0.0,-0.0,-0.0,-0.0,-0.0,-0.0
5,5,loading,1.8,36ca9da8fc329a3d8b4b2a79b38c26f33458397a2c03a9bd293f207733bfbffe,3224,65.0,39.0,interior,-0.0,-0.0,-0.0,-0.0,-0.0,-0.0
5,5,loading,1.8,36ca9da8fc329a3d8b4b2a79b38c26f33458397a2c03a9bd293f207733bfbffe,3225,66.0,39.0,interior,-0.0,-0.0,-0.0,-0.0,-0.0,-0.0
5,5,loading,1.8,36ca9da8fc329a3d8b4b2a79b38c26f33458397a2c03a9bd293f207733bfbffe,3226,67.0,39.0,interior,-0.0,-0.0,-0.0,-0.0,-0.0,-0.0
5,5,loading,1.8,36ca9da8fc329a3d8b4b2a79b38c26f33458397a2c03a9bd293f207733bfbffe,3227,68.0,39.0,interior,-0.0,-0.0,-0.0,-0.0,-0.0,-0.0
5,5,loading,1.8,36ca9da8fc329a3d8b4b2a79b38c26f33458397a2c03a9bd293f207733bfbffe,3228,69.0,39.0,interior,-0.0,-0.0,-0.0,-0.0,-0.0,-0.0
5,5,loading,1.8,36ca9da8fc329a3d8b4b2a79b38c26f33458397a2c03a9bd293f207733bfbffe,3229,70.0,39.0,interior,-0.0,-0.0,-0.0,-0.0,-0.0,-0.0
5,5,loading,1.8,36ca9da8fc329a3d8b4b2a79b38c26f33458397a2c03a9bd293f207733bfbffe,3230,71.0,39.0,interior,-0.0,-0.0,-0.0,-0.0,-0.0,-0.0
5,5,loading,1.8,36ca9da8fc329a3d8b4b2a79b38c26f33458397a2c03a9bd293f207733bfbffe,3231,72.0,39.0,interior,-0.0,-0.0,-0.0,-0.0,-0.0,-0.0
5,5,loading,1.8,36ca9da8fc329a3d8b4b2a79b38c26f33458397a2c03a9bd293f207733bfbffe,3232,73.0,39.0,interior,-0.0,-0.0,-0.0,-0.0,-0.0,-0.0
5,5,loading,1.8,36ca9da8fc329a3d8b4b2a79b38c26f33458397a2c03a9bd293f207733bfbffe,3233,74.0,39.0,interior,-0.0,-0.0,-0.0,-0.0,-0.0,-0.0
5,5,loading,1.8,36ca9da8fc329a3d8b4b2a79b38c26f33458397a2c03a9bd293f207733bfbffe,3234,75.0,39.0,interior,-0.0,-0.0,-0.0,-0.0,-0.0,-0.0
5,5,loading,1.8,36ca9da8fc329a3d8b4b2a79b38c26f33458397a2c03a9bd293f207733bfbffe,3235,76.0,39.0,interior,-0.0,-0.0,-0.0,-0.0,-0.0,-0.0
5,5,loading,1.8,36ca9da8fc329a3d8b4b2a79b38c26f33458397a2c03a9bd293f207733bfbffe,3236,77.0,39.0,interior,-0.0,-0.0,-0.0,-0.0,-0.0,-0.0
5,5,loading,1.8,36ca9da8fc329a3d8b4b2a79b38c26f33458397a2c03a9bd293f207733bfbffe,3237,78.0,39.0,physical_only,-1.9623004491323848e-07,3.1349817633898915e-09,-2.4677261529131855e-07,9.929316531231397e-08,5.0542570378080045e-08,-9.615818354892188e-08
5,5,loading,1.8,36ca9da8fc329a3d8b4b2a79b38c26f33458397a2c03a9bd293f207733bfbffe,3302,62.0,40.0,physical_and_cut,-4.9490903669766525e-06,-2.598940422150827e-06,-4.097724616441149e-06,-1.9708777831787663e-06,-8.51365750535503e-07,-6.280626389720609e-07
5,5,loading,1.8,36ca9da8fc329a3d8b4b2a79b38c26f33458397a2c03a9bd293f207733bfbffe,3303,63.0,40.0,cut_only,-0.0,-0.0,-0.0,-0.0,-0.0,-0.0
5,5,loading,1.8,36ca9da8fc329a3d8b4b2a79b38c26f33458397a2c03a9bd293f207733bfbffe,3304,64.0,40.0,cut_only,-0.0,-0.0,-0.0,-0.0,-0.0,-0.0
5,5,loading,1.8,36ca9da8fc329a3d8b4b2a79b38c26f33458397a2c03a9bd293f207733bfbffe,3305,65.0,40.0,cut_only,-0.0,-0.0,-0.0,-0.0,-0.0,-0.0
5,5,loading,1.8,36ca9da8fc329a3d8b4b2a79b38c26f33458397a2c03a9bd293f207733bfbffe,3306,66.0,40.0,cut_only,-0.0,-0.0,-0.0,-0.0,-0.0,-0.0
5,5,loading,1.8,36ca9da8fc329a3d8b4b2a79b38c26f33458397a2c03a9bd293f207733bfbffe,3307,67.0,40.0,cut_only,-0.0,-0.0,-0.0,-0.0,-0.0,-0.0
5,5,loading,1.8,36ca9da8fc329a3d8b4b2a79b38c26f33458397a2c03a9bd293f207733bfbffe,3308,68.0,40.0,cut_only,-0.0,-0.0,-0.0,-0.0,-0.0,-0.0
5,5,loading,1.8,36ca9da8fc329a3d8b4b2a79b38c26f33458397a2c03a9bd293f207733bfbffe,3309,69.0,40.0,cut_only,-0.0,-0.0,-0.0,-0.0,-0.0,-0.0
5,5,loading,1.8,36ca9da8fc329a3d8b4b2a79b38c26f33458397a2c03a9bd293f207733bfbffe,3310,70.0,40.0,cut_only,-0.0,-0.0,-0.0,-0.0,-0.0,-0.0
5,5,loading,1.8,36ca9da8fc329a3d8b4b2a79b38c26f33458397a2c03a9bd293f207733bfbffe,3311,71.0,40.0,cut_only,-0.0,-0.0,-0.0,-0.0,-0.0,-0.0
5,5,loading,1.8,36ca9da8fc329a3d8b4b2a79b38c26f33458397a2c03a9bd293f207733bfbffe,3312,72.0,40.0,cut_only,-0.0,-0.0,-0.0,-0.0,-0.0,-0.0
5,5,loading,1.8,36ca9da8fc329a3d8b4b2a79b38c26f33458397a2c03a9bd293f207733bfbffe,3313,73.0,40.0,cut_only,-0.0,-0.0,-0.0,-0.0,-0.0,-0.0
5,5,loading,1.8,36ca9da8fc329a3d8b4b2a79b38c26f33458397a2c03a9bd293f207733bfbffe,3314,74.0,40.0,cut_only,-0.0,-0.0,-0.0,-0.0,-0.0,-0.0
5,5,loading,1.8,36ca9da8fc329a3d8b4b2a79b38c26f33458397a2c03a9bd293f207733bfbffe,3315,75.0,40.0,cut_only,-0.0,-0.0,-0.0,-0.0,-0.0,-0.0
5,5,loading,1.8,36ca9da8fc329a3d8b4b2a79b38c26f33458397a2c03a9bd293f207733bfbffe,3316,76.0,40.0,cut_only,-0.0,-0.0,-0.0,-0.0,-0.0,-0.0
5,5,loading,1.8,36ca9da8fc329a3d8b4b2a79b38c26f33458397a2c03a9bd293f207733bfbffe,3317,77.0,40.0,cut_only,-0.0,-0.0,-0.0,-0.0,-0.0,-0.0
5,5,loading,1.8,36ca9da8fc329a3d8b4b2a79b38c26f33458397a2c03a9bd293f207733bfbffe,3318,78.0,40.0,physical_and_cut,-9.795649524932992e-08,-3.141909318160944e-05,-1.2315217722149244e-07,1.0051039319749277e-07,2.5195681972162524e-08,-3.1519603574806936e-05
6,6,unloading,1.75,cf79297f86d867db8318f47bba9f65ea072b8a99ee457d8e5a38642de0315d2f,2654,62.0,32.0,physical_only,-0.00035015798889752477,-0.000109192769383767,-1.0006174548207514e-05,6.167606809571893e-06,-0.00034015181434931727,-0.00011536037619333891
6,6,unloading,1.75,cf79297f86d867db8318f47bba9f65ea072b8a99ee457d8e5a38642de0315d2f,2655,63.0,32.0,physical_only,1.1327852526522639e-07,-6.643009937422231e-05,-5.175658350857081e-06,5.862800279938955e-06,5.288936876122307e-06,-7.229289965416129e-05
6,6,unloading,1.75,cf79297f86d867db8318f47bba9f65ea072b8a99ee457d8e5a38642de0315d2f,2656,64.0,32.0,physical_only,2.694624177271376e-06,-8.573233014625521e-05,-5.289406563218126e-06,7.690434695404727e-06,7.984030740489501e-06,-9.342276484165996e-05
6,6,unloading,1.75,cf79297f86d867db8318f47bba9f65ea072b8a99ee457d8e5a38642de0315d2f,2657,65.0,32.0,physical_only,4.313304560586436e-06,-0.00011492202273058656,-5.417622341371752e-06,9.940099666711802e-06,9.730926901958185e-06,-0.0001248621223972983
6,6,unloading,1.75,cf79297f86d867db8318f47bba9f65ea072b8a99ee457d8e5a38642de0315d2f,2658,66.0,32.0,physical_only,4.541462980465119e-06,-0.00015181946243291176,-5.562623818579646e-06,1.2695973750779665e-05,1.0104086799044769e-05,-0.0001645154361836915
6,6,unloading,1.75,cf79297f86d867db8318f47bba9f65ea072b8a99ee457d8e5a38642de0315d2f,2659,67.0,32.0,physical_only,4.321939402977819e-06,-0.00019629698639904815,-5.723876596770464e-06,1.6070641500539087e-05,1.0045815999748277e-05,-0.00021236762789958723
6,6,unloading,1.75,cf79297f86d867db8318f47bba9f65ea072b8a99ee457d8e5a38642de0315d2f,2660,68.0,32.0,physical_only,6.062909693017506e-06,-0.00025180009132503883,-5.9044573518321005e-06,2.0222654040283572e-05,1.1967367044849615e-05,-0.00027202274536532243
6,6,unloading,1.75,cf79297f86d867db8318f47bba9f65ea072b8a99ee457d8e5a38642de0315d2f,2661,69.0,32.0,physical_only,7.868689261504365e-06,-0.00032197827837705914,-6.111225332294219e-06,2.538566835800709e-05,1.397991459379858e-05,-0.00034736394673506627
6,6,unloading,1.75,cf79297f86d867db8318f47bba9f65ea072b8a99ee457d8e5a38642de0315d2f,2662,70.0,32.0,physical_only,9.8274686401714e-06,-0.00040839989844747727,-6.355298626951466e-06,3.1911881967644255e-05,1.6182767267122872e-05,-0.0004403117804151215
6,6,unloading,1.75,cf79297f86d867db8318f47bba9f65ea072b8a99ee457d8e5a38642de0315d2f,2663,71.0,32.0,physical_only,1.1936052547064534e-05,-0.0005137659147711896,-6.652835919536551e-06,4.034438784255881e-05,1.858888846660109e-05,-0.0005541103026137483
6,6,unloading,1.75,cf79297f86d867db8318f47bba9f65ea072b8a99ee457d8e5a38642de0315d2f,2664,72.0,32.0,physical_only,1.431731458359361e-05,-0.0006409289684001875,-7.029364065172239e-06,5.155599736296421e-05,2.1346678648765855e-05,-0.0006924849657631523
6,6,unloading,1.75,cf79297f86d867db8318f47bba9f65ea072b8a99ee457d8e5a38642de0315d2f,2665,73.0,32.0,physical_only,1.6581251481501526e-05,-0.000790547194876715,-7.526406136690497e-06,6.7023244253569e-05,2.4107657618192016e-05,-0.000857570439130284
6,6,unloading,1.75,cf79297f86d867db8318f47bba9f65ea072b8a99ee457d8e5a38642de0315d2f,2666,74.0,32.0,physical_only,2.607827729191853e-05,-0.0009671543780650702,-8.220665396121272e-06,8.944030255075666e-05,3.429894268803979e-05,-0.0010565946806158277
6,6,unloading,1.75,cf79297f86d867db8318f47bba9f65ea072b8a99ee457d8e5a38642de0315d2f,2667,75.0,32.0,physical_only,4.3497355663874146e-05,-0.0011843671445100302,-9.27117532565788e-06,0.00012429024057930639,5.276853098953204e-05,-0.0013086573850893358
6,6,unloading,1.75,cf79297f86d867db8318f47bba9f65ea072b8a99ee457d8e5a38642de0315d2f,2668,76.0,32.0,physical_only,7.067621511942557e-05,-0.0014566004246196057,-1.1058217412229345e-05,0.0001846367267764447,8.173443253165492e-05,-0.0016412371513960505
6,6,unloading,1.75,cf79297f86d867db8318f47bba9f65ea072b8a99ee457d8e5a38642de0315d2f,2669,77.0,32.0,physical_only,8.749868412602361e-05,-0.0016508574590732242,-1.4615363814098322e-05,0.00030914329865170846,0.00010211404794012197,-0.001960000757724933
6,6,unloading,1.75,cf79297f86d867db8318f47bba9f65ea072b8a99ee457d8e5a38642de0315d2f,2670,78.0,32.0,physical_only,-0.0006744397596133441,0.012729792342970468,-0.0001375448569702611,0.0013388253279281897,-0.000536894902643083,0.01139096701504228
6,6,unloading,1.75,cf79297f86d867db8318f47bba9f65ea072b8a99ee457d8e5a38642de0315d2f,2735,62.0,33.0,physical_only,-1.0860430470284074e-05,3.151553827989888e-07,-6.042519829469844e-06,2.311473085206399e-07,-4.817910640814225e-06,8.400807427834881e-08
6,6,unloading,1.75,cf79297f86d867db8318f47bba9f65ea072b8a99ee457d8e5a38642de0315d2f,2736,63.0,33.0,interior,-0.0,-0.0,-0.0,-0.0,-0.0,-0.0
6,6,unloading,1.75,cf79297f86d867db8318f47bba9f65ea072b8a99ee457d8e5a38642de0315d2f,2737,64.0,33.0,interior,-0.0,-0.0,-0.0,-0.0,-0.0,-0.0
6,6,unloading,1.75,cf79297f86d867db8318f47bba9f65ea072b8a99ee457d8e5a38642de0315d2f,2738,65.0,33.0,interior,-0.0,-0.0,-0.0,-0.0,-0.0,-0.0
6,6,unloading,1.75,cf79297f86d867db8318f47bba9f65ea072b8a99ee457d8e5a38642de0315d2f,2739,66.0,33.0,interior,-0.0,-0.0,-0.0,-0.0,-0.0,-0.0
6,6,unloading,1.75,cf79297f86d867db8318f47bba9f65ea072b8a99ee457d8e5a38642de0315d2f,2740,67.0,33.0,interior,-0.0,-0.0,-0.0,-0.0,-0.0,-0.0
6,6,unloading,1.75,cf79297f86d867db8318f47bba9f65ea072b8a99ee457d8e5a38642de0315d2f,2741,68.0,33.0,interior,-0.0,-0.0,-0.0,-0.0,-0.0,-0.0
6,6,unloading,1.75,cf79297f86d867db8318f47bba9f65ea072b8a99ee457d8e5a38642de0315d2f,2742,69.0,33.0,interior,-0.0,-0.0,-0.0,-0.0,-0.0,-0.0
6,6,unloading,1.75,cf79297f86d867db8318f47bba9f65ea072b8a99ee457d8e5a38642de0315d2f,2743,70.0,33.0,interior,-0.0,-0.0,-0.0,-0.0,-0.0,-0.0
6,6,unloading,1.75,cf79297f86d867db8318f47bba9f65ea072b8a99ee457d8e5a38642de0315d2f,2744,71.0,33.0,interior,-0.0,-0.0,-0.0,-0.0,-0.0,-0.0
6,6,unloading,1.75,cf79297f86d867db8318f47bba9f65ea072b8a99ee457d8e5a38642de0315d2f,2745,72.0,33.0,interior,-0.0,-0.0,-0.0,-0.0,-0.0,-0.0
6,6,unloading,1.75,cf79297f86d867db8318f47bba9f65ea072b8a99ee457d8e5a38642de0315d2f,2746,73.0,33.0,interior,-0.0,-0.0,-0.0,-0.0,-0.0,-0.0
6,6,unloading,1.75,cf79297f86d867db8318f47bba9f65ea072b8a99ee457d8e5a38642de0315d2f,2747,74.0,33.0,interior,-0.0,-0.0,-0.0,-0.0,-0.0,-0.0
6,6,unloading,1.75,cf79297f86d867db8318f47bba9f65ea072b8a99ee457d8e5a38642de0315d2f,2748,75.0,33.0,interior,-0.0,-0.0,-0.0,-0.0,-0.0,-0.0
6,6,unloading,1.75,cf79297f86d867db8318f47bba9f65ea072b8a99ee457d8e5a38642de0315d2f,2749,76.0,33.0,interior,-0.0,-0.0,-0.0,-0.0,-0.0,-0.0
6,6,unloading,1.75,cf79297f86d867db8318f47bba9f65ea072b8a99ee457d8e5a38642de0315d2f,2750,77.0,33.0,interior,-0.0,-0.0,-0.0,-0.0,-0.0,-0.0
6,6,unloading,1.75,cf79297f86d867db8318f47bba9f65ea072b8a99ee457d8e5a38642de0315d2f,2751,78.0,33.0,physical_only,-2.0215349853871373e-07,2.1566179121156374e-08,-2.499334443735758e-07,6.703604788131199e-07,4.7779945834862123e-08,-6.487942996919626e-07
6,6,unloading,1.75,cf79297f86d867db8318f47bba9f65ea072b8a99ee457d8e5a38642de0315d2f,2816,62.0,34.0,physical_only,-1.0365283801338412e-05,3.9290245789831793e-07,-6.566044679608327e-06,2.081654074880796e-07,-3.7992391217300873e-06,1.8473705041023832e-07
6,6,unloading,1.75,cf79297f86d867db8318f47bba9f65ea072b8a99ee457d8e5a38642de0315d2f,2817,63.0,34.0,interior,-0.0,-0.0,-0.0,-0.0,-0.0,-0.0
6,6,unloading,1.75,cf79297f86d867db8318f47bba9f65ea072b8a99ee457d8e5a38642de0315d2f,2818,64.0,34.0,interior,-0.0,-0.0,-0.0,-0.0,-0.0,-0.0
6,6,unloading,1.75,cf79297f86d867db8318f47bba9f65ea072b8a99ee457d8e5a38642de0315d2f,2819,65.0,34.0,interior,-0.0,-0.0,-0.0,-0.0,-0.0,-0.0
6,6,unloading,1.75,cf79297f86d867db8318f47bba9f65ea072b8a99ee457d8e5a38642de0315d2f,2820,66.0,34.0,interior,-0.0,-0.0,-0.0,-0.0,-0.0,-0.0
6,6,unloading,1.75,cf79297f86d867db8318f47bba9f65ea072b8a99ee457d8e5a38642de0315d2f,2821,67.0,34.0,interior,-0.0,-0.0,-0.0,-0.0,-0.0,-0.0
6,6,unloading,1.75,cf79297f86d867db8318f47bba9f65ea072b8a99ee457d8e5a38642de0315d2f,2822,68.0,34.0,interior,-0.0,-0.0,-0.0,-0.0,-0.0,-0.0
6,6,unloading,1.75,cf79297f86d867db8318f47bba9f65ea072b8a99ee457d8e5a38642de0315d2f,2823,69.0,34.0,interior,-0.0,-0.0,-0.0,-0.0,-0.0,-0.0
6,6,unloading,1.75,cf79297f86d867db8318f47bba9f65ea072b8a99ee457d8e5a38642de0315d2f,2824,70.0,34.0,interior,-0.0,-0.0,-0.0,-0.0,-0.0,-0.0
6,6,unloading,1.75,cf79297f86d867db8318f47bba9f65ea072b8a99ee457d8e5a38642de0315d2f,2825,71.0,34.0,interior,-0.0,-0.0,-0.0,-0.0,-0.0,-0.0
6,6,unloading,1.75,cf79297f86d867db8318f47bba9f65ea072b8a99ee457d8e5a38642de0315d2f,2826,72.0,34.0,interior,-0.0,-0.0,-0.0,-0.0,-0.0,-0.0
6,6,unloading,1.75,cf79297f86d867db8318f47bba9f65ea072b8a99ee457d8e5a38642de0315d2f,2827,73.0,34.0,interior,-0.0,-0.0,-0.0,-0.0,-0.0,-0.0
6,6,unloading,1.75,cf79297f86d867db8318f47bba9f65ea072b8a99ee457d8e5a38642de0315d2f,2828,74.0,34.0,interior,-0.0,-0.0,-0.0,-0.0,-0.0,-0.0
6,6,unloading,1.75,cf79297f86d867db8318f47bba9f65ea072b8a99ee457d8e5a38642de0315d2f,2829,75.0,34.0,interior,-0.0,-0.0,-0.0,-0.0,-0.0,-0.0
6,6,unloading,1.75,cf79297f86d867db8318f47bba9f65ea072b8a99ee457d8e5a38642de0315d2f,2830,76.0,34.0,interior,-0.0,-0.0,-0.0,-0.0,-0.0,-0.0
6,6,unloading,1.75,cf79297f86d867db8318f47bba9f65ea072b8a99ee457d8e5a38642de0315d2f,2831,77.0,34.0,interior,-0.0,-0.0,-0.0,-0.0,-0.0,-0.0
6,6,unloading,1.75,cf79297f86d867db8318f47bba9f65ea072b8a99ee457d8e5a38642de0315d2f,2832,78.0,34.0,physical_only,-1.9812527630508044e-07,1.83032708652269e-08,-2.4441653513122276e-07,5.710584862483642e-07,4.6291258826142346e-08,-5.527552153831341e-07
6,6,unloading,1.75,cf79297f86d867db8318f47bba9f65ea072b8a99ee457d8e5a38642de0315d2f,2897,62.0,35.0,physical_only,-1.0062325915683213e-05,4.40337295544482e-07,-7.009730518728502e-06,1.8368167736095034e-07,-3.052595396954711e-06,2.566556181835316e-07
6,6,unloading,1.75,cf79297f86d867db8318f47bba9f65ea072b8a99ee457d8e5a38642de0315d2f,2898,63.0,35.0,interior,-0.0,-0.0,-0.0,-0.0,-0.0,-0.0
6,6,unloading,1.75,cf79297f86d867db8318f47bba9f65ea072b8a99ee457d8e5a38642de0315d2f,2899,64.0,35.0,interior,-0.0,-0.0,-0.0,-0.0,-0.0,-0.0
6,6,unloading,1.75,cf79297f86d867db8318f47bba9f65ea072b8a99ee457d8e5a38642de0315d2f,2900,65.0,35.0,interior,-0.0,-0.0,-0.0,-0.0,-0.0,-0.0
6,6,unloading,1.75,cf79297f86d867db8318f47bba9f65ea072b8a99ee457d8e5a38642de0315d2f,2901,66.0,35.0,interior,-0.0,-0.0,-0.0,-0.0,-0.0,-0.0
6,6,unloading,1.75,cf79297f86d867db8318f47bba9f65ea072b8a99ee457d8e5a38642de0315d2f,2902,67.0,35.0,interior,-0.0,-0.0,-0.0,-0.0,-0.0,-0.0
6,6,unloading,1.75,cf79297f86d867db8318f47bba9f65ea072b8a99ee457d8e5a38642de0315d2f,2903,68.0,35.0,interior,-0.0,-0.0,-0.0,-0.0,-0.0,-0.0
6,6,unloading,1.75,cf79297f86d867db8318f47bba9f65ea072b8a99ee457d8e5a38642de0315d2f,2904,69.0,35.0,interior,-0.0,-0.0,-0.0,-0.0,-0.0,-0.0
6,6,unloading,1.75,cf79297f86d867db8318f47bba9f65ea072b8a99ee457d8e5a38642de0315d2f,2905,70.0,35.0,interior,-0.0,-0.0,-0.0,-0.0,-0.0,-0.0
6,6,unloading,1.75,cf79297f86d867db8318f47bba9f65ea072b8a99ee457d8e5a38642de0315d2f,2906,71.0,35.0,interior,-0.0,-0.0,-0.0,-0.0,-0.0,-0.0
6,6,unloading,1.75,cf79297f86d867db8318f47bba9f65ea072b8a99ee457d8e5a38642de0315d2f,2907,72.0,35.0,interior,-0.0,-0.0,-0.0,-0.0,-0.0,-0.0
6,6,unloading,1.75,cf79297f86d867db8318f47bba9f65ea072b8a99ee457d8e5a38642de0315d2f,2908,73.0,35.0,interior,-0.0,-0.0,-0.0,-0.0,-0.0,-0.0
6,6,unloading,1.75,cf79297f86d867db8318f47bba9f65ea072b8a99ee457d8e5a38642de0315d2f,2909,74.0,35.0,interior,-0.0,-0.0,-0.0,-0.0,-0.0,-0.0
6,6,unloading,1.75,cf79297f86d867db8318f47bba9f65ea072b8a99ee457d8e5a38642de0315d2f,2910,75.0,35.0,interior,-0.0,-0.0,-0.0,-0.0,-0.0,-0.0
6,6,unloading,1.75,cf79297f86d867db8318f47bba9f65ea072b8a99ee457d8e5a38642de0315d2f,2911,76.0,35.0,interior,-0.0,-0.0,-0.0,-0.0,-0.0,-0.0
6,6,unloading,1.75,cf79297f86d867db8318f47bba9f65ea072b8a99ee457d8e5a38642de0315d2f,2912,77.0,35.0,interior,-0.0,-0.0,-0.0,-0.0,-0.0,-0.0
6,6,unloading,1.75,cf79297f86d867db8318f47bba9f65ea072b8a99ee457d8e5a38642de0315d2f,2913,78.0,35.0,physical_only,-1.947390378212708e-07,1.5124505537355507e-08,-2.397829451432571e-07,4.733936174934541e-07,4.504390732198626e-08,-4.5826911195609584e-07
6,6,unloading,1.75,cf79297f86d867db8318f47bba9f65ea072b8a99ee457d8e5a38642de0315d2f,2978,62.0,36.0,physical_only,-9.897615870567333e-06,4.2336672343174363e-07,-7.373963069994721e-06,1.5576115140730962e-07,-2.523652800572613e-06,2.6760557202443397e-07
6,6,unloading,1.75,cf79297f86d867db8318f47bba9f65ea072b8a99ee457d8e5a38642de0315d2f,2979,63.0,36.0,interior,-0.0,-0.0,-0.0,-0.0,-0.0,-0.0
6,6,unloading,1.75,cf79297f86d867db8318f47bba9f65ea072b8a99ee457d8e5a38642de0315d2f,2980,64.0,36.0,interior,-0.0,-0.0,-0.0,-0.0,-0.0,-0.0
6,6,unloading,1.75,cf79297f86d867db8318f47bba9f65ea072b8a99ee457d8e5a38642de0315d2f,2981,65.0,36.0,interior,-0.0,-0.0,-0.0,-0.0,-0.0,-0.0
6,6,unloading,1.75,cf79297f86d867db8318f47bba9f65ea072b8a99ee457d8e5a38642de0315d2f,2982,66.0,36.0,interior,-0.0,-0.0,-0.0,-0.0,-0.0,-0.0
6,6,unloading,1.75,cf79297f86d867db8318f47bba9f65ea072b8a99ee457d8e5a38642de0315d2f,2983,67.0,36.0,interior,-0.0,-0.0,-0.0,-0.0,-0.0,-0.0
6,6,unloading,1.75,cf79297f86d867db8318f47bba9f65ea072b8a99ee457d8e5a38642de0315d2f,2984,68.0,36.0,interior,-0.0,-0.0,-0.0,-0.0,-0.0,-0.0
6,6,unloading,1.75,cf79297f86d867db8318f47bba9f65ea072b8a99ee457d8e5a38642de0315d2f,2985,69.0,36.0,interior,-0.0,-0.0,-0.0,-0.0,-0.0,-0.0
6,6,unloading,1.75,cf79297f86d867db8318f47bba9f65ea072b8a99ee457d8e5a38642de0315d2f,2986,70.0,36.0,interior,-0.0,-0.0,-0.0,-0.0,-0.0,-0.0
6,6,unloading,1.75,cf79297f86d867db8318f47bba9f65ea072b8a99ee457d8e5a38642de0315d2f,2987,71.0,36.0,interior,-0.0,-0.0,-0.0,-0.0,-0.0,-0.0
6,6,unloading,1.75,cf79297f86d867db8318f47bba9f65ea072b8a99ee457d8e5a38642de0315d2f,2988,72.0,36.0,interior,-0.0,-0.0,-0.0,-0.0,-0.0,-0.0
6,6,unloading,1.75,cf79297f86d867db8318f47bba9f65ea072b8a99ee457d8e5a38642de0315d2f,2989,73.0,36.0,interior,-0.0,-0.0,-0.0,-0.0,-0.0,-0.0
6,6,unloading,1.75,cf79297f86d867db8318f47bba9f65ea072b8a99ee457d8e5a38642de0315d2f,2990,74.0,36.0,interior,-0.0,-0.0,-0.0,-0.0,-0.0,-0.0
6,6,unloading,1.75,cf79297f86d867db8318f47bba9f65ea072b8a99ee457d8e5a38642de0315d2f,2991,75.0,36.0,interior,-0.0,-0.0,-0.0,-0.0,-0.0,-0.0
6,6,unloading,1.75,cf79297f86d867db8318f47bba9f65ea072b8a99ee457d8e5a38642de0315d2f,2992,76.0,36.0,interior,-0.0,-0.0,-0.0,-0.0,-0.0,-0.0
6,6,unloading,1.75,cf79297f86d867db8318f47bba9f65ea072b8a99ee457d8e5a38642de0315d2f,2993,77.0,36.0,interior,-0.0,-0.0,-0.0,-0.0,-0.0,-0.0
6,6,unloading,1.75,cf79297f86d867db8318f47bba9f65ea072b8a99ee457d8e5a38642de0315d2f,2994,78.0,36.0,physical_only,-1.919836126518877e-07,1.201575754689819e-08,-2.3601532829647255e-07,3.770888423960891e-07,4.403171564458485e-08,-3.650730848491949e-07
6,6,unloading,1.75,cf79297f86d867db8318f47bba9f65ea072b8a99ee457d8e5a38642de0315d2f,3059,62.0,37.0,physical_only,-9.811717192294456e-06,3.515360899814883e-07,-7.658428529225678e-06,1.2304158904303723e-07,-2.153288663068777e-06,2.2849450093845114e-07
6,6,unloading,1.75,cf79297f86d867db8318f47bba9f65ea072b8a99ee457d8e5a38642de0315d2f,3060,63.0,37.0,interior,-0.0,-0.0,-0.0,-0.0,-0.0,-0.0
6,6,unloading,1.75,cf79297f86d867db8318f47bba9f65ea072b8a99ee457d8e5a38642de0315d2f,3061,64.0,37.0,interior,-0.0,-0.0,-0.0,-0.0,-0.0,-0.0
6,6,unloading,1.75,cf79297f86d867db8318f47bba9f65ea072b8a99ee457d8e5a38642de0315d2f,3062,65.0,37.0,interior,-0.0,-0.0,-0.0,-0.0,-0.0,-0.0
6,6,unloading,1.75,cf79297f86d867db8318f47bba9f65ea072b8a99ee457d8e5a38642de0315d2f,3063,66.0,37.0,interior,-0.0,-0.0,-0.0,-0.0,-0.0,-0.0
6,6,unloading,1.75,cf79297f86d867db8318f47bba9f65ea072b8a99ee457d8e5a38642de0315d2f,3064,67.0,37.0,interior,-0.0,-0.0,-0.0,-0.0,-0.0,-0.0
6,6,unloading,1.75,cf79297f86d867db8318f47bba9f65ea072b8a99ee457d8e5a38642de0315d2f,3065,68.0,37.0,interior,-0.0,-0.0,-0.0,-0.0,-0.0,-0.0
6,6,unloading,1.75,cf79297f86d867db8318f47bba9f65ea072b8a99ee457d8e5a38642de0315d2f,3066,69.0,37.0,interior,-0.0,-0.0,-0.0,-0.0,-0.0,-0.0
6,6,unloading,1.75,cf79297f86d867db8318f47bba9f65ea072b8a99ee457d8e5a38642de0315d2f,3067,70.0,37.0,interior,-0.0,-0.0,-0.0,-0.0,-0.0,-0.0
6,6,unloading,1.75,cf79297f86d867db8318f47bba9f65ea072b8a99ee457d8e5a38642de0315d2f,3068,71.0,37.0,interior,-0.0,-0.0,-0.0,-0.0,-0.0,-0.0
6,6,unloading,1.75,cf79297f86d867db8318f47bba9f65ea072b8a99ee457d8e5a38642de0315d2f,3069,72.0,37.0,interior,-0.0,-0.0,-0.0,-0.0,-0.0,-0.0
6,6,unloading,1.75,cf79297f86d867db8318f47bba9f65ea072b8a99ee457d8e5a38642de0315d2f,3070,73.0,37.0,interior,-0.0,-0.0,-0.0,-0.0,-0.0,-0.0
6,6,unloading,1.75,cf79297f86d867db8318f47bba9f65ea072b8a99ee457d8e5a38642de0315d2f,3071,74.0,37.0,interior,-0.0,-0.0,-0.0,-0.0,-0.0,-0.0
6,6,unloading,1.75,cf79297f86d867db8318f47bba9f65ea072b8a99ee457d8e5a38642de0315d2f,3072,75.0,37.0,interior,-0.0,-0.0,-0.0,-0.0,-0.0,-0.0
6,6,unloading,1.75,cf79297f86d867db8318f47bba9f65ea072b8a99ee457d8e5a38642de0315d2f,3073,76.0,37.0,interior,-0.0,-0.0,-0.0,-0.0,-0.0,-0.0
6,6,unloading,1.75,cf79297f86d867db8318f47bba9f65ea072b8a99ee457d8e5a38642de0315d2f,3074,77.0,37.0,interior,-0.0,-0.0,-0.0,-0.0,-0.0,-0.0
6,6,unloading,1.75,cf79297f86d867db8318f47bba9f65ea072b8a99ee457d8e5a38642de0315d2f,3075,78.0,37.0,physical_only,-1.8984989895978145e-07,8.962947240064164e-09,-2.3309955045944449e-07,2.818693922323212e-07,4.3249651499663026e-08,-2.729064449922538e-07
6,6,unloading,1.75,cf79297f86d867db8318f47bba9f65ea072b8a99ee457d8e5a38642de0315d2f,3140,62.0,38.0,physical_only,-9.76666290850259e-06,2.453086519422324e-07,-7.862379326702866e-06,8.537829626304005e-08,-1.9042835817997225e-06,1.5993035567919204e-07
6,6,unloading,1.75,cf79297f86d867db8318f47bba9f65ea072b8a99ee457d8e5a38642de0315d2f,3141,63.0,38.0,interior,-0.0,-0.0,-0.0,-0.0,-0.0,-0.0
6,6,unloading,1.75,cf79297f86d867db8318f47bba9f65ea072b8a99ee457d8e5a38642de0315d2f,3142,64.0,38.0,interior,-0.0,-0.0,-0.0,-0.0,-0.0,-0.0
6,6,unloading,1.75,cf79297f86d867db8318f47bba9f65ea072b8a99ee457d8e5a38642de0315d2f,3143,65.0,38.0,interior,-0.0,-0.0,-0.0,-0.0,-0.0,-0.0
6,6,unloading,1.75,cf79297f86d867db8318f47bba9f65ea072b8a99ee457d8e5a38642de0315d2f,3144,66.0,38.0,interior,-0.0,-0.0,-0.0,-0.0,-0.0,-0.0
6,6,unloading,1.75,cf79297f86d867db8318f47bba9f65ea072b8a99ee457d8e5a38642de0315d2f,3145,67.0,38.0,interior,-0.0,-0.0,-0.0,-0.0,-0.0,-0.0
6,6,unloading,1.75,cf79297f86d867db8318f47bba9f65ea072b8a99ee457d8e5a38642de0315d2f,3146,68.0,38.0,interior,-0.0,-0.0,-0.0,-0.0,-0.0,-0.0
6,6,unloading,1.75,cf79297f86d867db8318f47bba9f65ea072b8a99ee457d8e5a38642de0315d2f,3147,69.0,38.0,interior,-0.0,-0.0,-0.0,-0.0,-0.0,-0.0
6,6,unloading,1.75,cf79297f86d867db8318f47bba9f65ea072b8a99ee457d8e5a38642de0315d2f,3148,70.0,38.0,interior,-0.0,-0.0,-0.0,-0.0,-0.0,-0.0
6,6,unloading,1.75,cf79297f86d867db8318f47bba9f65ea072b8a99ee457d8e5a38642de0315d2f,3149,71.0,38.0,interior,-0.0,-0.0,-0.0,-0.0,-0.0,-0.0
6,6,unloading,1.75,cf79297f86d867db8318f47bba9f65ea072b8a99ee457d8e5a38642de0315d2f,3150,72.0,38.0,interior,-0.0,-0.0,-0.0,-0.0,-0.0,-0.0
6,6,unloading,1.75,cf79297f86d867db8318f47bba9f65ea072b8a99ee457d8e5a38642de0315d2f,3151,73.0,38.0,interior,-0.0,-0.0,-0.0,-0.0,-0.0,-0.0
6,6,unloading,1.75,cf79297f86d867db8318f47bba9f65ea072b8a99ee457d8e5a38642de0315d2f,3152,74.0,38.0,interior,-0.0,-0.0,-0.0,-0.0,-0.0,-0.0
6,6,unloading,1.75,cf79297f86d867db8318f47bba9f65ea072b8a99ee457d8e5a38642de0315d2f,3153,75.0,38.0,interior,-0.0,-0.0,-0.0,-0.0,-0.0,-0.0
6,6,unloading,1.75,cf79297f86d867db8318f47bba9f65ea072b8a99ee457d8e5a38642de0315d2f,3154,76.0,38.0,interior,-0.0,-0.0,-0.0,-0.0,-0.0,-0.0
6,6,unloading,1.75,cf79297f86d867db8318f47bba9f65ea072b8a99ee457d8e5a38642de0315d2f,3155,77.0,38.0,interior,-0.0,-0.0,-0.0,-0.0,-0.0,-0.0
6,6,unloading,1.75,cf79297f86d867db8318f47bba9f65ea072b8a99ee457d8e5a38642de0315d2f,3156,78.0,38.0,physical_only,-1.8833084149952193e-07,5.952041290198162e-09,-2.3102465480349295e-07,1.8746232395919636e-07,4.2693813303971e-08,-1.8151028266899817e-07
6,6,unloading,1.75,cf79297f86d867db8318f47bba9f65ea072b8a99ee457d8e5a38642de0315d2f,3221,62.0,39.0,physical_only,-9.743123660402415e-06,1.2447108772293762e-07,-7.985073436232002e-06,4.376779792981271e-08,-1.7580502241704133e-06,8.07032897931247e-08
6,6,unloading,1.75,cf79297f86d867db8318f47bba9f65ea072b8a99ee457d8e5a38642de0315d2f,3222,63.0,39.0,interior,-0.0,-0.0,-0.0,-0.0,-0.0,-0.0
6,6,unloading,1.75,cf79297f86d867db8318f47bba9f65ea072b8a99ee457d8e5a38642de0315d2f,3223,64.0,39.0,interior,-0.0,-0.0,-0.0,-0.0,-0.0,-0.0
6,6,unloading,1.75,cf79297f86d867db8318f47bba9f65ea072b8a99ee457d8e5a38642de0315d2f,3224,65.0,39.0,interior,-0.0,-0.0,-0.0,-0.0,-0.0,-0.0
6,6,unloading,1.75,cf79297f86d867db8318f47bba9f65ea072b8a99ee457d8e5a38642de0315d2f,3225,66.0,39.0,interior,-0.0,-0.0,-0.0,-0.0,-0.0,-0.0
6,6,unloading,1.75,cf79297f86d867db8318f47bba9f65ea072b8a99ee457d8e5a38642de0315d2f,3226,67.0,39.0,interior,-0.0,-0.0,-0.0,-0.0,-0.0,-0.0
6,6,unloading,1.75,cf79297f86d867db8318f47bba9f65ea072b8a99ee457d8e5a38642de0315d2f,3227,68.0,39.0,interior,-0.0,-0.0,-0.0,-0.0,-0.0,-0.0
6,6,unloading,1.75,cf79297f86d867db8318f47bba9f65ea072b8a99ee457d8e5a38642de0315d2f,3228,69.0,39.0,interior,-0.0,-0.0,-0.0,-0.0,-0.0,-0.0
6,6,unloading,1.75,cf79297f86d867db8318f47bba9f65ea072b8a99ee457d8e5a38642de0315d2f,3229,70.0,39.0,interior,-0.0,-0.0,-0.0,-0.0,-0.0,-0.0
6,6,unloading,1.75,cf79297f86d867db8318f47bba9f65ea072b8a99ee457d8e5a38642de0315d2f,3230,71.0,39.0,interior,-0.0,-0.0,-0.0,-0.0,-0.0,-0.0
6,6,unloading,1.75,cf79297f86d867db8318f47bba9f65ea072b8a99ee457d8e5a38642de0315d2f,3231,72.0,39.0,interior,-0.0,-0.0,-0.0,-0.0,-0.0,-0.0
6,6,unloading,1.75,cf79297f86d867db8318f47bba9f65ea072b8a99ee457d8e5a38642de0315d2f,3232,73.0,39.0,interior,-0.0,-0.0,-0.0,-0.0,-0.0,-0.0
6,6,unloading,1.75,cf79297f86d867db8318f47bba9f65ea072b8a99ee457d8e5a38642de0315d2f,3233,74.0,39.0,interior,-0.0,-0.0,-0.0,-0.0,-0.0,-0.0
6,6,unloading,1.75,cf79297f86d867db8318f47bba9f65ea072b8a99ee457d8e5a38642de0315d2f,3234,75.0,39.0,interior,-0.0,-0.0,-0.0,-0.0,-0.0,-0.0
6,6,unloading,1.75,cf79297f86d867db8318f47bba9f65ea072b8a99ee457d8e5a38642de0315d2f,3235,76.0,39.0,interior,-0.0,-0.0,-0.0,-0.0,-0.0,-0.0
6,6,unloading,1.75,cf79297f86d867db8318f47bba9f65ea072b8a99ee457d8e5a38642de0315d2f,3236,77.0,39.0,interior,-0.0,-0.0,-0.0,-0.0,-0.0,-0.0
6,6,unloading,1.75,cf79297f86d867db8318f47bba9f65ea072b8a99ee457d8e5a38642de0315d2f,3237,78.0,39.0,physical_only,-1.874214138761637e-07,2.969046697178803e-09,-2.2978283460100507e-07,9.359607336707175e-08,4.236142072484138e-08,-9.062702666989212e-08
6,6,unloading,1.75,cf79297f86d867db8318f47bba9f65ea072b8a99ee457d8e5a38642de0315d2f,3302,62.0,40.0,physical_and_cut,-4.867743879280686e-06,-2.5754289937388935e-06,-4.013012527810204e-06,-1.9260291940055634e-06,-8.547313514704824e-07,-6.4939979973333e-07
6,6,unloading,1.75,cf79297f86d867db8318f47bba9f65ea072b8a99ee457d8e5a38642de0315d2f,3303,63.0,40.0,cut_only,-0.0,-0.0,-0.0,-0.0,-0.0,-0.0
6,6,unloading,1.75,cf79297f86d867db8318f47bba9f65ea072b8a99ee457d8e5a38642de0315d2f,3304,64.0,40.0,cut_only,-0.0,-0.0,-0.0,-0.0,-0.0,-0.0
6,6,unloading,1.75,cf79297f86d867db8318f47bba9f65ea072b8a99ee457d8e5a38642de0315d2f,3305,65.0,40.0,cut_only,-0.0,-0.0,-0.0,-0.0,-0.0,-0.0
6,6,unloading,1.75,cf79297f86d867db8318f47bba9f65ea072b8a99ee457d8e5a38642de0315d2f,3306,66.0,40.0,cut_only,-0.0,-0.0,-0.0,-0.0,-0.0,-0.0
6,6,unloading,1.75,cf79297f86d867db8318f47bba9f65ea072b8a99ee457d8e5a38642de0315d2f,3307,67.0,40.0,cut_only,-0.0,-0.0,-0.0,-0.0,-0.0,-0.0
6,6,unloading,1.75,cf79297f86d867db8318f47bba9f65ea072b8a99ee457d8e5a38642de0315d2f,3308,68.0,40.0,cut_only,-0.0,-0.0,-0.0,-0.0,-0.0,-0.0
6,6,unloading,1.75,cf79297f86d867db8318f47bba9f65ea072b8a99ee457d8e5a38642de0315d2f,3309,69.0,40.0,cut_only,-0.0,-0.0,-0.0,-0.0,-0.0,-0.0
6,6,unloading,1.75,cf79297f86d867db8318f47bba9f65ea072b8a99ee457d8e5a38642de0315d2f,3310,70.0,40.0,cut_only,-0.0,-0.0,-0.0,-0.0,-0.0,-0.0
6,6,unloading,1.75,cf79297f86d867db8318f47bba9f65ea072b8a99ee457d8e5a38642de0315d2f,3311,71.0,40.0,cut_only,-0.0,-0.0,-0.0,-0.0,-0.0,-0.0
6,6,unloading,1.75,cf79297f86d867db8318f47bba9f65ea072b8a99ee457d8e5a38642de0315d2f,3312,72.0,40.0,cut_only,-0.0,-0.0,-0.0,-0.0,-0.0,-0.0
6,6,unloading,1.75,cf79297f86d867db8318f47bba9f65ea072b8a99ee457d8e5a38642de0315d2f,3313,73.0,40.0,cut_only,-0.0,-0.0,-0.0,-0.0,-0.0,-0.0
6,6,unloading,1.75,cf79297f86d867db8318f47bba9f65ea072b8a99ee457d8e5a38642de0315d2f,3314,74.0,40.0,cut_only,-0.0,-0.0,-0.0,-0.0,-0.0,-0.0
6,6,unloading,1.75,cf79297f86d867db8318f47bba9f65ea072b8a99ee457d8e5a38642de0315d2f,3315,75.0,40.0,cut_only,-0.0,-0.0,-0.0,-0.0,-0.0,-0.0
6,6,unloading,1.75,cf79297f86d867db8318f47bba9f65ea072b8a99ee457d8e5a38642de0315d2f,3316,76.0,40.0,cut_only,-0.0,-0.0,-0.0,-0.0,-0.0,-0.0
6,6,unloading,1.75,cf79297f86d867db8318f47bba9f65ea072b8a99ee457d8e5a38642de0315d2f,3317,77.0,40.0,cut_only,-0.0,-0.0,-0.0,-0.0,-0.0,-0.0
6,6,unloading,1.75,cf79297f86d867db8318f47bba9f65ea072b8a99ee457d8e5a38642de0315d2f,3318,78.0,40.0,physical_and_cut,-9.355930277200773e-08,-2.9515681589495514e-05,-1.1468470683589341e-07,9.415134019878715e-08,2.1125404063885672e-08,-2.9609832929694303e-05
7,7,unloading,1.5,6cbe49f8ce9371c0d7b579a88613a836838e777adb38fe93579c95f9a4ea2ba9,2654,62.0,32.0,physical_only,-0.000321331542436776,-8.566561273676008e-05,-8.850684880657348e-06,6.9294203622923255e-06,-0.0003124808575561187,-9.25950330990524e-05
7,7,unloading,1.5,6cbe49f8ce9371c0d7b579a88613a836838e777adb38fe93579c95f9a4ea2ba9,2655,63.0,32.0,physical_only,-1.150661783691708e-06,-3.958970077509399e-05,-3.90145726034466e-06,6.987566356311568e-06,2.75079547665295e-06,-4.657726713140555e-05
7,7,unloading,1.5,6cbe49f8ce9371c0d7b579a88613a836838e777adb38fe93579c95f9a4ea2ba9,2656,64.0,32.0,physical_only,7.148470461846872e-07,-5.115704126025823e-05,-3.966959804816456e-06,8.573676807603586e-06,4.681806851001142e-06,-5.973071806786179e-05
7,7,unloading,1.5,6cbe49f8ce9371c0d7b579a88613a836838e777adb38fe93579c95f9a4ea2ba9,2657,65.0,32.0,physical_only,1.5502959918161338e-06,-6.698703031383956e-05,-4.044023903207333e-06,1.0405053873221669e-05,5.594319895023469e-06,-7.739208418706126e-05
7,7,unloading,1.5,6cbe49f8ce9371c0d7b579a88613a836838e777adb38fe93579c95f9a4ea2ba9,2658,66.0,32.0,physical_only,1.2505203934429371e-06,-8.528813949551777e-05,-4.1325915544563954e-06,1.253573094883729e-05,5.383111947899334e-06,-9.782387044435502e-05
7,7,unloading,1.5,6cbe49f8ce9371c0d7b579a88613a836838e777adb38fe93579c95f9a4ea2ba9,2659,67.0,32.0,physical_only,6.224208660664051e-07,-0.00010574102206931693,-4.230732398727063e-06,1.5026765362826759e-05,4.853153264793468e-06,-0.00012076778743214372
7,7,unloading,1.5,6cbe49f8ce9371c0d7b579a88613a836838e777adb38fe93579c95f9a4ea2ba9,2660,68.0,32.0,physical_only,1.1513715023646543e-06,-0.0001302014487435532,-4.338479847685984e-06,1.795258210524037e-05,5.489851350050642e-06,-0.00014815403084879352
7,7,unloading,1.5,6cbe49f8ce9371c0d7b579a88613a836838e777adb38fe93579c95f9a4ea2ba9,2661,69.0,32.0,physical_only,1.5891193724343967e-06,-0.00016026294311197458,-4.457652509419325e-06,2.141129830901636e-05,6.046771881853725e-06,-0.0001816742414209909
7,7,unloading,1.5,6cbe49f8ce9371c0d7b579a88613a836838e777adb38fe93579c95f9a4ea2ba9,2662,70.0,32.0,physical_only,1.9774693518322865e-06,-0.00019609560857982572,-4.591579075340539e-06,2.5536312857716056e-05,6.569048427172826e-06,-0.00022163192143754174
7,7,unloading,1.5,6cbe49f8ce9371c0d7b579a88613a836838e777adb38fe93579c95f9a4ea2ba9,2663,71.0,32.0,physical_only,2.267288587572124e-06,-0.00023839970532247364,-4.744431124852017e-06,3.0510664443620808e-05,7.011719712424136e-06,-0.0002689103697660945
7,7,unloading,1.5,6cbe49f8ce9371c0d7b579a88613a836838e777adb38fe93579c95f9a4ea2ba9,2664,72.0,32.0,physical_only,2.4398236083562807e-06,-0.000287844652380545,-4.9220752097467375e-06,3.659076403760208e-05,7.361898818103021e-06,-0.000324435416418147
7,7,unloading,1.5,6cbe49f8ce9371c0d7b579a88613a836838e777adb38fe93579c95f9a4ea2ba9,2665,73.0,32.0,physical_only,2.0634050387741986e-06,-0.0003436506577336217,-5.132205215728577e-06,4.414281791712044e-05,7.195610254502762e-06,-0.0003877934756507419
7,7,unloading,1.5,6cbe49f8ce9371c0d7b579a88613a836838e777adb38fe93579c95f9a4ea2ba9,2666,74.0,32.0,physical_only,5.277062419112844e-06,-0.0004074156943035261,-5.387313230519541e-06,5.3708588790838555e-05,1.066437564963239e-05,-0.00046112428309436505
7,7,unloading,1.5,6cbe49f8ce9371c0d7b579a88613a836838e777adb38fe93579c95f9a4ea2ba9,2667,75.0,32.0,physical_only,1.254653901006687e-05,-0.000487098081587489,-5.709831726896038e-06,6.613751634764182e-05,1.8256370736962908e-05,-0.0005532355979351307
7,7,unloading,1.5,6cbe49f8ce9371c0d7b579a88613a836838e777adb38fe93579c95f9a4ea2ba9,2668,76.0,32.0,physical_only,2.4331409945563452e-05,-0.0005954321705067657,-6.141640708951534e-06,8.286695927553221e-05,3.0473050654514984e-05,-0.000678299129782298
7,7,unloading,1.5,6cbe49f8ce9371c0d7b579a88613a836838e777adb38fe93579c95f9a4ea2ba9,2669,77.0,32.0,physical_only,3.185869642479024e-05,-0.0007129342991130617,-6.743111517115657e-06,0.00010644595216683626,3.86018079419059e-05,-0.0008193802512798977
7,7,unloading,1.5,6cbe49f8ce9371c0d7b579a88613a836838e777adb38fe93579c95f9a4ea2ba9,2670,78.0,32.0,physical_only,-0.00019292126519419785,0.00499970026316875,-1.5854171657721265e-05,0.0001548175840029045,-0.00017706709353647662,0.004844882679165846
7,7,unloading,1.5,6cbe49f8ce9371c0d7b579a88613a836838e777adb38fe93579c95f9a4ea2ba9,2735,62.0,33.0,physical_only,-9.196459288326534e-06,-1.0638031413186683e-07,-5.752674565912913e-06,1.8856253192620142e-07,-3.4437847224136234e-06,-2.9494284605806826e-07
7,7,unloading,1.5,6cbe49f8ce9371c0d7b579a88613a836838e777adb38fe93579c95f9a4ea2ba9,2736,63.0,33.0,interior,-0.0,-0.0,-0.0,-0.0,-0.0,-0.0
7,7,unloading,1.5,6cbe49f8ce9371c0d7b579a88613a836838e777adb38fe93579c95f9a4ea2ba9,2737,64.0,33.0,interior,-0.0,-0.0,-0.0,-0.0,-0.0,-0.0
7,7,unloading,1.5,6cbe49f8ce9371c0d7b579a88613a836838e777adb38fe93579c95f9a4ea2ba9,2738,65.0,33.0,interior,-0.0,-0.0,-0.0,-0.0,-0.0,-0.0
7,7,unloading,1.5,6cbe49f8ce9371c0d7b579a88613a836838e777adb38fe93579c95f9a4ea2ba9,2739,66.0,33.0,interior,-0.0,-0.0,-0.0,-0.0,-0.0,-0.0
7,7,unloading,1.5,6cbe49f8ce9371c0d7b579a88613a836838e777adb38fe93579c95f9a4ea2ba9,2740,67.0,33.0,interior,-0.0,-0.0,-0.0,-0.0,-0.0,-0.0
7,7,unloading,1.5,6cbe49f8ce9371c0d7b579a88613a836838e777adb38fe93579c95f9a4ea2ba9,2741,68.0,33.0,interior,-0.0,-0.0,-0.0,-0.0,-0.0,-0.0
7,7,unloading,1.5,6cbe49f8ce9371c0d7b579a88613a836838e777adb38fe93579c95f9a4ea2ba9,2742,69.0,33.0,interior,-0.0,-0.0,-0.0,-0.0,-0.0,-0.0
7,7,unloading,1.5,6cbe49f8ce9371c0d7b579a88613a836838e777adb38fe93579c95f9a4ea2ba9,2743,70.0,33.0,interior,-0.0,-0.0,-0.0,-0.0,-0.0,-0.0
7,7,unloading,1.5,6cbe49f8ce9371c0d7b579a88613a836838e777adb38fe93579c95f9a4ea2ba9,2744,71.0,33.0,interior,-0.0,-0.0,-0.0,-0.0,-0.0,-0.0
7,7,unloading,1.5,6cbe49f8ce9371c0d7b579a88613a836838e777adb38fe93579c95f9a4ea2ba9,2745,72.0,33.0,interior,-0.0,-0.0,-0.0,-0.0,-0.0,-0.0
7,7,unloading,1.5,6cbe49f8ce9371c0d7b579a88613a836838e777adb38fe93579c95f9a4ea2ba9,2746,73.0,33.0,interior,-0.0,-0.0,-0.0,-0.0,-0.0,-0.0
7,7,unloading,1.5,6cbe49f8ce9371c0d7b579a88613a836838e777adb38fe93579c95f9a4ea2ba9,2747,74.0,33.0,interior,-0.0,-0.0,-0.0,-0.0,-0.0,-0.0
7,7,unloading,1.5,6cbe49f8ce9371c0d7b579a88613a836838e777adb38fe93579c95f9a4ea2ba9,2748,75.0,33.0,interior,-0.0,-0.0,-0.0,-0.0,-0.0,-0.0
7,7,unloading,1.5,6cbe49f8ce9371c0d7b579a88613a836838e777adb38fe93579c95f9a4ea2ba9,2749,76.0,33.0,interior,-0.0,-0.0,-0.0,-0.0,-0.0,-0.0
7,7,unloading,1.5,6cbe49f8ce9371c0d7b579a88613a836838e777adb38fe93579c95f9a4ea2ba9,2750,77.0,33.0,interior,-0.0,-0.0,-0.0,-0.0,-0.0,-0.0
7,7,unloading,1.5,6cbe49f8ce9371c0d7b579a88613a836838e777adb38fe93579c95f9a4ea2ba9,2751,78.0,33.0,physical_only,-1.691418267146869e-07,1.7480031326988098e-08,-1.870888575144939e-07,5.520251225573379e-07,1.7947030799807007e-08,-5.345450912303505e-07
7,7,unloading,1.5,6cbe49f8ce9371c0d7b579a88613a836838e777adb38fe93579c95f9a4ea2ba9,2816,62.0,34.0,physical_only,-8.707661284795416e-06,1.1980792614512708e-07,-6.117393805242409e-06,1.6348805011202102e-07,-2.590267479553005e-06,-4.368012396689397e-08
7,7,unloading,1.5,6cbe49f8ce9371c0d7b579a88613a836838e777adb38fe93579c95f9a4ea2ba9,2817,63.0,34.0,interior,-0.0,-0.0,-0.0,-0.0,-0.0,-0.0
7,7,unloading,1.5,6cbe49f8ce9371c0d7b579a88613a836838e777adb38fe93579c95f9a4ea2ba9,2818,64.0,34.0,interior,-0.0,-0.0,-0.0,-0.0,-0.0,-0.0
7,7,unloading,1.5,6cbe49f8ce9371c0d7b579a88613a836838e777adb38fe93579c95f9a4ea2ba9,2819,65.0,34.0,interior,-0.0,-0.0,-0.0,-0.0,-0.0,-0.0
7,7,unloading,1.5,6cbe49f8ce9371c0d7b579a88613a836838e777adb38fe93579c95f9a4ea2ba9,2820,66.0,34.0,interior,-0.0,-0.0,-0.0,-0.0,-0.0,-0.0
7,7,unloading,1.5,6cbe49f8ce9371c0d7b579a88613a836838e777adb38fe93579c95f9a4ea2ba9,2821,67.0,34.0,interior,-0.0,-0.0,-0.0,-0.0,-0.0,-0.0
7,7,unloading,1.5,6cbe49f8ce9371c0d7b579a88613a836838e777adb38fe93579c95f9a4ea2ba9,2822,68.0,34.0,interior,-0.0,-0.0,-0.0,-0.0,-0.0,-0.0
7,7,unloading,1.5,6cbe49f8ce9371c0d7b579a88613a836838e777adb38fe93579c95f9a4ea2ba9,2823,69.0,34.0,interior,-0.0,-0.0,-0.0,-0.0,-0.0,-0.0
7,7,unloading,1.5,6cbe49f8ce9371c0d7b579a88613a836838e777adb38fe93579c95f9a4ea2ba9,2824,70.0,34.0,interior,-0.0,-0.0,-0.0,-0.0,-0.0,-0.0
7,7,unloading,1.5,6cbe49f8ce9371c0d7b579a88613a836838e777adb38fe93579c95f9a4ea2ba9,2825,71.0,34.0,interior,-0.0,-0.0,-0.0,-0.0,-0.0,-0.0
7,7,unloading,1.5,6cbe49f8ce9371c0d7b579a88613a836838e777adb38fe93579c95f9a4ea2ba9,2826,72.0,34.0,interior,-0.0,-0.0,-0.0,-0.0,-0.0,-0.0
7,7,unloading,1.5,6cbe49f8ce9371c0d7b579a88613a836838e777adb38fe93579c95f9a4ea2ba9,2827,73.0,34.0,interior,-0.0,-0.0,-0.0,-0.0,-0.0,-0.0
7,7,unloading,1.5,6cbe49f8ce9371c0d7b579a88613a836838e777adb38fe93579c95f9a4ea2ba9,2828,74.0,34.0,interior,-0.0,-0.0,-0.0,-0.0,-0.0,-0.0
7,7,unloading,1.5,6cbe49f8ce9371c0d7b579a88613a836838e777adb38fe93579c95f9a4ea2ba9,2829,75.0,34.0,interior,-0.0,-0.0,-0.0,-0.0,-0.0,-0.0
7,7,unloading,1.5,6cbe49f8ce9371c0d7b579a88613a836838e777adb38fe93579c95f9a4ea2ba9,2830,76.0,34.0,interior,-0.0,-0.0,-0.0,-0.0,-0.0,-0.0
7,7,unloading,1.5,6cbe49f8ce9371c0d7b579a88613a836838e777adb38fe93579c95f9a4ea2ba9,2831,77.0,34.0,interior,-0.0,-0.0,-0.0,-0.0,-0.0,-0.0
7,7,unloading,1.5,6cbe49f8ce9371c0d7b579a88613a836838e777adb38fe93579c95f9a4ea2ba9,2832,78.0,34.0,physical_only,-1.6577423420481708e-07,1.4830227818951169e-08,-1.8380813118629163e-07,4.701561496610974e-07,1.8033896981474527e-08,-4.553259218421456e-07
7,7,unloading,1.5,6cbe49f8ce9371c0d7b579a88613a836838e777adb38fe93579c95f9a4ea2ba9,2897,62.0,35.0,physical_only,-8.515682745143057e-06,2.765305799017416e-07,-6.421656742932715e-06,1.4171261354944949e-07,-2.0940260022103427e-06,1.348179663522921e-07
7,7,unloading,1.5,6cbe49f8ce9371c0d7b579a88613a836838e777adb38fe93579c95f9a4ea2ba9,2898,63.0,35.0,interior,-0.0,-0.0,-0.0,-0.0,-0.0,-0.0
7,7,unloading,1.5,6cbe49f8ce9371c0d7b579a88613a836838e777adb38fe93579c95f9a4ea2ba9,2899,64.0,35.0,interior,-0.0,-0.0,-0.0,-0.0,-0.0,-0.0
7,7,unloading,1.5,6cbe49f8ce9371c0d7b579a88613a836838e777adb38fe93579c95f9a4ea2ba9,2900,65.0,35.0,interior,-0.0,-0.0,-0.0,-0.0,-0.0,-0.0
7,7,unloading,1.5,6cbe49f8ce9371c0d7b579a88613a836838e777adb38fe93579c95f9a4ea2ba9,2901,66.0,35.0,interior,-0.0,-0.0,-0.0,-0.0,-0.0,-0.0
7,7,unloading,1.5,6cbe49f8ce9371c0d7b579a88613a836838e777adb38fe93579c95f9a4ea2ba9,2902,67.0,35.0,interior,-0.0,-0.0,-0.0,-0.0,-0.0,-0.0
7,7,unloading,1.5,6cbe49f8ce9371c0d7b579a88613a836838e777adb38fe93579c95f9a4ea2ba9,2903,68.0,35.0,interior,-0.0,-0.0,-0.0,-0.0,-0.0,-0.0
7,7,unloading,1.5,6cbe49f8ce9371c0d7b579a88613a836838e777adb38fe93579c95f9a4ea2ba9,2904,69.0,35.0,interior,-0.0,-0.0,-0.0,-0.0,-0.0,-0.0
7,7,unloading,1.5,6cbe49f8ce9371c0d7b579a88613a836838e777adb38fe93579c95f9a4ea2ba9,2905,70.0,35.0,interior,-0.0,-0.0,-0.0,-0.0,-0.0,-0.0
7,7,unloading,1.5,6cbe49f8ce9371c0d7b579a88613a836838e777adb38fe93579c95f9a4ea2ba9,2906,71.0,35.0,interior,-0.0,-0.0,-0.0,-0.0,-0.0,-0.0
7,7,unloading,1.5,6cbe49f8ce9371c0d7b579a88613a836838e777adb38fe93579c95f9a4ea2ba9,2907,72.0,35.0,interior,-0.0,-0.0,-0.0,-0.0,-0.0,-0.0
7,7,unloading,1.5,6cbe49f8ce9371c0d7b579a88613a836838e777adb38fe93579c95f9a4ea2ba9,2908,73.0,35.0,interior,-0.0,-0.0,-0.0,-0.0,-0.0,-0.0
7,7,unloading,1.5,6cbe49f8ce9371c0d7b579a88613a836838e777adb38fe93579c95f9a4ea2ba9,2909,74.0,35.0,interior,-0.0,-0.0,-0.0,-0.0,-0.0,-0.0
7,7,unloading,1.5,6cbe49f8ce9371c0d7b579a88613a836838e777adb38fe93579c95f9a4ea2ba9,2910,75.0,35.0,interior,-0.0,-0.0,-0.0,-0.0,-0.0,-0.0
7,7,unloading,1.5,6cbe49f8ce9371c0d7b579a88613a836838e777adb38fe93579c95f9a4ea2ba9,2911,76.0,35.0,interior,-0.0,-0.0,-0.0,-0.0,-0.0,-0.0
7,7,unloading,1.5,6cbe49f8ce9371c0d7b579a88613a836838e777adb38fe93579c95f9a4ea2ba9,2912,77.0,35.0,interior,-0.0,-0.0,-0.0,-0.0,-0.0,-0.0
7,7,unloading,1.5,6cbe49f8ce9371c0d7b579a88613a836838e777adb38fe93579c95f9a4ea2ba9,2913,78.0,35.0,physical_only,-1.6294320804422004e-07,1.225116332229334e-08,-1.81038506334275e-07,3.8968131627118833e-07,1.809529829005501e-08,-3.774301529488947e-07
7,7,unloading,1.5,6cbe49f8ce9371c0d7b579a88613a836838e777adb38fe93579c95f9a4ea2ba9,2978,62.0,36.0,physical_only,-8.489923274685593e-06,3.2833198163492e-07,-6.6704247058270055e-06,1.1948823069704602e-07,-1.8194985688585873e-06,2.0884375093787398e-07
7,7,unloading,1.5,6cbe49f8ce9371c0d7b579a88613a836838e777adb38fe93579c95f9a4ea2ba9,2979,63.0,36.0,interior,-0.0,-0.0,-0.0,-0.0,-0.0,-0.0
7,7,unloading,1.5,6cbe49f8ce9371c0d7b579a88613a836838e777adb38fe93579c95f9a4ea2ba9,2980,64.0,36.0,interior,-0.0,-0.0,-0.0,-0.0,-0.0,-0.0
7,7,unloading,1.5,6cbe49f8ce9371c0d7b579a88613a836838e777adb38fe93579c95f9a4ea2ba9,2981,65.0,36.0,interior,-0.0,-0.0,-0.0,-0.0,-0.0,-0.0
7,7,unloading,1.5,6cbe49f8ce9371c0d7b579a88613a836838e777adb38fe93579c95f9a4ea2ba9,2982,66.0,36.0,interior,-0.0,-0.0,-0.0,-0.0,-0.0,-0.0
7,7,unloading,1.5,6cbe49f8ce9371c0d7b579a88613a836838e777adb38fe93579c95f9a4ea2ba9,2983,67.0,36.0,interior,-0.0,-0.0,-0.0,-0.0,-0.0,-0.0
7,7,unloading,1.5,6cbe49f8ce9371c0d7b579a88613a836838e777adb38fe93579c95f9a4ea2ba9,2984,68.0,36.0,interior,-0.0,-0.0,-0.0,-0.0,-0.0,-0.0
7,7,unloading,1.5,6cbe49f8ce9371c0d7b579a88613a836838e777adb38fe93579c95f9a4ea2ba9,2985,69.0,36.0,interior,-0.0,-0.0,-0.0,-0.0,-0.0,-0.0
7,7,unloading,1.5,6cbe49f8ce9371c0d7b579a88613a836838e777adb38fe93579c95f9a4ea2ba9,2986,70.0,36.0,interior,-0.0,-0.0,-0.0,-0.0,-0.0,-0.0
7,7,unloading,1.5,6cbe49f8ce9371c0d7b579a88613a836838e777adb38fe93579c95f9a4ea2ba9,2987,71.0,36.0,interior,-0.0,-0.0,-0.0,-0.0,-0.0,-0.0
7,7,unloading,1.5,6cbe49f8ce9371c0d7b579a88613a836838e777adb38fe93579c95f9a4ea2ba9,2988,72.0,36.0,interior,-0.0,-0.0,-0.0,-0.0,-0.0,-0.0
7,7,unloading,1.5,6cbe49f8ce9371c0d7b579a88613a836838e777adb38fe93579c95f9a4ea2ba9,2989,73.0,36.0,interior,-0.0,-0.0,-0.0,-0.0,-0.0,-0.0
7,7,unloading,1.5,6cbe49f8ce9371c0d7b579a88613a836838e777adb38fe93579c95f9a4ea2ba9,2990,74.0,36.0,interior,-0.0,-0.0,-0.0,-0.0,-0.0,-0.0
7,7,unloading,1.5,6cbe49f8ce9371c0d7b579a88613a836838e777adb38fe93579c95f9a4ea2ba9,2991,75.0,36.0,interior,-0.0,-0.0,-0.0,-0.0,-0.0,-0.0
7,7,unloading,1.5,6cbe49f8ce9371c0d7b579a88613a836838e777adb38fe93579c95f9a4ea2ba9,2992,76.0,36.0,interior,-0.0,-0.0,-0.0,-0.0,-0.0,-0.0
7,7,unloading,1.5,6cbe49f8ce9371c0d7b579a88613a836838e777adb38fe93579c95f9a4ea2ba9,2993,77.0,36.0,interior,-0.0,-0.0,-0.0,-0.0,-0.0,-0.0
7,7,unloading,1.5,6cbe49f8ce9371c0d7b579a88613a836838e777adb38fe93579c95f9a4ea2ba9,2994,78.0,36.0,physical_only,-1.6063947120240144e-07,9.730817956870642e-09,-1.7877689355908968e-07,3.103634980398573e-07,1.8137422356688282e-08,-3.0063268008298646e-07
7,7,unloading,1.5,6cbe49f8ce9371c0d7b579a88613a836838e777adb38fe93579c95f9a4ea2ba9,3059,62.0,37.0,physical_only,-8.525640365662885e-06,2.976484760052931e-07,-6.865193949171036e-06,9.434347499622937e-08,-1.660446416491847e-06,2.0330500100906374e-07
7,7,unloading,1.5,6cbe49f8ce9371c0d7b579a88613a836838e777adb38fe93579c95f9a4ea2ba9,3060,63.0,37.0,interior,-0.0,-0.0,-0.0,-0.0,-0.0,-0.0
7,7,unloading,1.5,6cbe49f8ce9371c0d7b579a88613a836838e777adb38fe93579c95f9a4ea2ba9,3061,64.0,37.0,interior,-0.0,-0.0,-0.0,-0.0,-0.0,-0.0
7,7,unloading,1.5,6cbe49f8ce9371c0d7b579a88613a836838e777adb38fe93579c95f9a4ea2ba9,3062,65.0,37.0,interior,-0.0,-0.0,-0.0,-0.0,-0.0,-0.0
7,7,unloading,1.5,6cbe49f8ce9371c0d7b579a88613a836838e777adb38fe93579c95f9a4ea2ba9,3063,66.0,37.0,interior,-0.0,-0.0,-0.0,-0.0,-0.0,-0.0
7,7,unloading,1.5,6cbe49f8ce9371c0d7b579a88613a836838e777adb38fe93579c95f9a4ea2ba9,3064,67.0,37.0,interior,-0.0,-0.0,-0.0,-0.0,-0.0,-0.0
7,7,unloading,1.5,6cbe49f8ce9371c0d7b579a88613a836838e777adb38fe93579c95f9a4ea2ba9,3065,68.0,37.0,interior,-0.0,-0.0,-0.0,-0.0,-0.0,-0.0
7,7,unloading,1.5,6cbe49f8ce9371c0d7b579a88613a836838e777adb38fe93579c95f9a4ea2ba9,3066,69.0,37.0,interior,-0.0,-0.0,-0.0,-0.0,-0.0,-0.0
7,7,unloading,1.5,6cbe49f8ce9371c0d7b579a88613a836838e777adb38fe93579c95f9a4ea2ba9,3067,70.0,37.0,interior,-0.0,-0.0,-0.0,-0.0,-0.0,-0.0
7,7,unloading,1.5,6cbe49f8ce9371c0d7b579a88613a836838e777adb38fe93579c95f9a4ea2ba9,3068,71.0,37.0,interior,-0.0,-0.0,-0.0,-0.0,-0.0,-0.0
7,7,unloading,1.5,6cbe49f8ce9371c0d7b579a88613a836838e777adb38fe93579c95f9a4ea2ba9,3069,72.0,37.0,interior,-0.0,-0.0,-0.0,-0.0,-0.0,-0.0
7,7,unloading,1.5,6cbe49f8ce9371c0d7b579a88613a836838e777adb38fe93579c95f9a4ea2ba9,3070,73.0,37.0,interior,-0.0,-0.0,-0.0,-0.0,-0.0,-0.0
7,7,unloading,1.5,6cbe49f8ce9371c0d7b579a88613a836838e777adb38fe93579c95f9a4ea2ba9,3071,74.0,37.0,interior,-0.0,-0.0,-0.0,-0.0,-0.0,-0.0
7,7,unloading,1.5,6cbe49f8ce9371c0d7b579a88613a836838e777adb38fe93579c95f9a4ea2ba9,3072,75.0,37.0,interior,-0.0,-0.0,-0.0,-0.0,-0.0,-0.0
7,7,unloading,1.5,6cbe49f8ce9371c0d7b579a88613a836838e777adb38fe93579c95f9a4ea2ba9,3073,76.0,37.0,interior,-0.0,-0.0,-0.0,-0.0,-0.0,-0.0
7,7,unloading,1.5,6cbe49f8ce9371c0d7b579a88613a836838e777adb38fe93579c95f9a4ea2ba9,3074,77.0,37.0,interior,-0.0,-0.0,-0.0,-0.0,-0.0,-0.0
7,7,unloading,1.5,6cbe49f8ce9371c0d7b579a88613a836838e777adb38fe93579c95f9a4ea2ba9,3075,78.0,37.0,physical_only,-1.5885546899468927e-07,7.25729066914903e-09,-1.7702067576880577e-07,2.319681720562269e-07,1.8165206774116503e-08,-2.2471088138708106e-07
7,7,unloading,1.5,6cbe49f8ce9371c0d7b579a88613a836838e777adb38fe93579c95f9a4ea2ba9,3140,62.0,38.0,physical_only,-8.56817743018901e-06,2.160424061776296e-07,-7.0054921350215824e-06,6.552989974030657e-08,-1.562685295167428e-06,1.505125064373226e-07
7,7,unloading,1.5,6cbe49f8ce9371c0d7b579a88613a836838e777adb38fe93579c95f9a4ea2ba9,3141,63.0,38.0,interior,-0.0,-0.0,-0.0,-0.0,-0.0,-0.0
7,7,unloading,1.5,6cbe49f8ce9371c0d7b579a88613a836838e777adb38fe93579c95f9a4ea2ba9,3142,64.0,38.0,interior,-0.0,-0.0,-0.0,-0.0,-0.0,-0.0
7,7,unloading,1.5,6cbe49f8ce9371c0d7b579a88613a836838e777adb38fe93579c95f9a4ea2ba9,3143,65.0,38.0,interior,-0.0,-0.0,-0.0,-0.0,-0.0,-0.0
7,7,unloading,1.5,6cbe49f8ce9371c0d7b579a88613a836838e777adb38fe93579c95f9a4ea2ba9,3144,66.0,38.0,interior,-0.0,-0.0,-0.0,-0.0,-0.0,-0.0
7,7,unloading,1.5,6cbe49f8ce9371c0d7b579a88613a836838e777adb38fe93579c95f9a4ea2ba9,3145,67.0,38.0,interior,-0.0,-0.0,-0.0,-0.0,-0.0,-0.0
7,7,unloading,1.5,6cbe49f8ce9371c0d7b579a88613a836838e777adb38fe93579c95f9a4ea2ba9,3146,68.0,38.0,interior,-0.0,-0.0,-0.0,-0.0,-0.0,-0.0
7,7,unloading,1.5,6cbe49f8ce9371c0d7b579a88613a836838e777adb38fe93579c95f9a4ea2ba9,3147,69.0,38.0,interior,-0.0,-0.0,-0.0,-0.0,-0.0,-0.0
7,7,unloading,1.5,6cbe49f8ce9371c0d7b579a88613a836838e777adb38fe93579c95f9a4ea2ba9,3148,70.0,38.0,interior,-0.0,-0.0,-0.0,-0.0,-0.0,-0.0
7,7,unloading,1.5,6cbe49f8ce9371c0d7b579a88613a836838e777adb38fe93579c95f9a4ea2ba9,3149,71.0,38.0,interior,-0.0,-0.0,-0.0,-0.0,-0.0,-0.0
7,7,unloading,1.5,6cbe49f8ce9371c0d7b579a88613a836838e777adb38fe93579c95f9a4ea2ba9,3150,72.0,38.0,interior,-0.0,-0.0,-0.0,-0.0,-0.0,-0.0
7,7,unloading,1.5,6cbe49f8ce9371c0d7b579a88613a836838e777adb38fe93579c95f9a4ea2ba9,3151,73.0,38.0,interior,-0.0,-0.0,-0.0,-0.0,-0.0,-0.0
7,7,unloading,1.5,6cbe49f8ce9371c0d7b579a88613a836838e777adb38fe93579c95f9a4ea2ba9,3152,74.0,38.0,interior,-0.0,-0.0,-0.0,-0.0,-0.0,-0.0
7,7,unloading,1.5,6cbe49f8ce9371c0d7b579a88613a836838e777adb38fe93579c95f9a4ea2ba9,3153,75.0,38.0,interior,-0.0,-0.0,-0.0,-0.0,-0.0,-0.0
7,7,unloading,1.5,6cbe49f8ce9371c0d7b579a88613a836838e777adb38fe93579c95f9a4ea2ba9,3154,76.0,38.0,interior,-0.0,-0.0,-0.0,-0.0,-0.0,-0.0
7,7,unloading,1.5,6cbe49f8ce9371c0d7b579a88613a836838e777adb38fe93579c95f9a4ea2ba9,3155,77.0,38.0,interior,-0.0,-0.0,-0.0,-0.0,-0.0,-0.0
7,7,unloading,1.5,6cbe49f8ce9371c0d7b579a88613a836838e777adb38fe93579c95f9a4ea2ba9,3156,78.0,38.0,physical_only,-1.5758534804608398e-07,4.818782140627892e-09,-1.7576776254120537e-07,1.542628956996926e-07,1.8182414495121416e-08,-1.494441135590638e-07
7,7,unloading,1.5,6cbe49f8ce9371c0d7b579a88613a836838e777adb38fe93579c95f9a4ea2ba9,3221,62.0,39.0,physical_only,-8.595514202005246e-06,1.1146083914119112e-07,-7.090251613875197e-06,3.362278295642327e-08,-1.50526258813005e-06,7.783805618476775e-08
7,7,unloading,1.5,6cbe49f8ce9371c0d7b579a88613a836838e777adb38fe93579c95f9a4ea2ba9,3222,63.0,39.0,interior,-0.0,-0.0,-0.0,-0.0,-0.0,-0.0
7,7,unloading,1.5,6cbe49f8ce9371c0d7b579a88613a836838e777adb38fe93579c95f9a4ea2ba9,3223,64.0,39.0,interior,-0.0,-0.0,-0.0,-0.0,-0.0,-0.0
7,7,unloading,1.5,6cbe49f8ce9371c0d7b579a88613a836838e777adb38fe93579c95f9a4ea2ba9,3224,65.0,39.0,interior,-0.0,-0.0,-0.0,-0.0,-0.0,-0.0
7,7,unloading,1.5,6cbe49f8ce9371c0d7b579a88613a836838e777adb38fe93579c95f9a4ea2ba9,3225,66.0,39.0,interior,-0.0,-0.0,-0.0,-0.0,-0.0,-0.0
7,7,unloading,1.5,6cbe49f8ce9371c0d7b579a88613a836838e777adb38fe93579c95f9a4ea2ba9,3226,67.0,39.0,interior,-0.0,-0.0,-0.0,-0.0,-0.0,-0.0
7,7,unloading,1.5,6cbe49f8ce9371c0d7b579a88613a836838e777adb38fe93579c95f9a4ea2ba9,3227,68.0,39.0,interior,-0.0,-0.0,-0.0,-0.0,-0.0,-0.0
7,7,unloading,1.5,6cbe49f8ce9371c0d7b579a88613a836838e777adb38fe93579c95f9a4ea2ba9,3228,69.0,39.0,interior,-0.0,-0.0,-0.0,-0.0,-0.0,-0.0
7,7,unloading,1.5,6cbe49f8ce9371c0d7b579a88613a836838e777adb38fe93579c95f9a4ea2ba9,3229,70.0,39.0,interior,-0.0,-0.0,-0.0,-0.0,-0.0,-0.0
7,7,unloading,1.5,6cbe49f8ce9371c0d7b579a88613a836838e777adb38fe93579c95f9a4ea2ba9,3230,71.0,39.0,interior,-0.0,-0.0,-0.0,-0.0,-0.0,-0.0
7,7,unloading,1.5,6cbe49f8ce9371c0d7b579a88613a836838e777adb38fe93579c95f9a4ea2ba9,3231,72.0,39.0,interior,-0.0,-0.0,-0.0,-0.0,-0.0,-0.0
7,7,unloading,1.5,6cbe49f8ce9371c0d7b579a88613a836838e777adb38fe93579c95f9a4ea2ba9,3232,73.0,39.0,interior,-0.0,-0.0,-0.0,-0.0,-0.0,-0.0
7,7,unloading,1.5,6cbe49f8ce9371c0d7b579a88613a836838e777adb38fe93579c95f9a4ea2ba9,3233,74.0,39.0,interior,-0.0,-0.0,-0.0,-0.0,-0.0,-0.0
7,7,unloading,1.5,6cbe49f8ce9371c0d7b579a88613a836838e777adb38fe93579c95f9a4ea2ba9,3234,75.0,39.0,interior,-0.0,-0.0,-0.0,-0.0,-0.0,-0.0
7,7,unloading,1.5,6cbe49f8ce9371c0d7b579a88613a836838e777adb38fe93579c95f9a4ea2ba9,3235,76.0,39.0,interior,-0.0,-0.0,-0.0,-0.0,-0.0,-0.0
7,7,unloading,1.5,6cbe49f8ce9371c0d7b579a88613a836838e777adb38fe93579c95f9a4ea2ba9,3236,77.0,39.0,interior,-0.0,-0.0,-0.0,-0.0,-0.0,-0.0
7,7,unloading,1.5,6cbe49f8ce9371c0d7b579a88613a836838e777adb38fe93579c95f9a4ea2ba9,3237,78.0,39.0,physical_only,-1.568249395578684e-07,2.4035732143479465e-09,-1.7501663160377892e-07,7.701678609823245e-08,1.8191692045910515e-08,-7.461321288388244e-08
7,7,unloading,1.5,6cbe49f8ce9371c0d7b579a88613a836838e777adb38fe93579c95f9a4ea2ba9,3302,62.0,40.0,physical_and_cut,-4.302179450610606e-06,-2.4530550980183694e-06,-3.559304720237647e-06,-1.68849296943866e-06,-7.42874730372959e-07,-7.645621285797096e-07
7,7,unloading,1.5,6cbe49f8ce9371c0d7b579a88613a836838e777adb38fe93579c95f9a4ea2ba9,3303,63.0,40.0,cut_only,-0.0,-0.0,-0.0,-0.0,-0.0,-0.0
7,7,unloading,1.5,6cbe49f8ce9371c0d7b579a88613a836838e777adb38fe93579c95f9a4ea2ba9,3304,64.0,40.0,cut_only,-0.0,-0.0,-0.0,-0.0,-0.0,-0.0
7,7,unloading,1.5,6cbe49f8ce9371c0d7b579a88613a836838e777adb38fe93579c95f9a4ea2ba9,3305,65.0,40.0,cut_only,-0.0,-0.0,-0.0,-0.0,-0.0,-0.0
7,7,unloading,1.5,6cbe49f8ce9371c0d7b579a88613a836838e777adb38fe93579c95f9a4ea2ba9,3306,66.0,40.0,cut_only,-0.0,-0.0,-0.0,-0.0,-0.0,-0.0
7,7,unloading,1.5,6cbe49f8ce9371c0d7b579a88613a836838e777adb38fe93579c95f9a4ea2ba9,3307,67.0,40.0,cut_only,-0.0,-0.0,-0.0,-0.0,-0.0,-0.0
7,7,unloading,1.5,6cbe49f8ce9371c0d7b579a88613a836838e777adb38fe93579c95f9a4ea2ba9,3308,68.0,40.0,cut_only,-0.0,-0.0,-0.0,-0.0,-0.0,-0.0
7,7,unloading,1.5,6cbe49f8ce9371c0d7b579a88613a836838e777adb38fe93579c95f9a4ea2ba9,3309,69.0,40.0,cut_only,-0.0,-0.0,-0.0,-0.0,-0.0,-0.0
7,7,unloading,1.5,6cbe49f8ce9371c0d7b579a88613a836838e777adb38fe93579c95f9a4ea2ba9,3310,70.0,40.0,cut_only,-0.0,-0.0,-0.0,-0.0,-0.0,-0.0
7,7,unloading,1.5,6cbe49f8ce9371c0d7b579a88613a836838e777adb38fe93579c95f9a4ea2ba9,3311,71.0,40.0,cut_only,-0.0,-0.0,-0.0,-0.0,-0.0,-0.0
7,7,unloading,1.5,6cbe49f8ce9371c0d7b579a88613a836838e777adb38fe93579c95f9a4ea2ba9,3312,72.0,40.0,cut_only,-0.0,-0.0,-0.0,-0.0,-0.0,-0.0
7,7,unloading,1.5,6cbe49f8ce9371c0d7b579a88613a836838e777adb38fe93579c95f9a4ea2ba9,3313,73.0,40.0,cut_only,-0.0,-0.0,-0.0,-0.0,-0.0,-0.0
7,7,unloading,1.5,6cbe49f8ce9371c0d7b579a88613a836838e777adb38fe93579c95f9a4ea2ba9,3314,74.0,40.0,cut_only,-0.0,-0.0,-0.0,-0.0,-0.0,-0.0
7,7,unloading,1.5,6cbe49f8ce9371c0d7b579a88613a836838e777adb38fe93579c95f9a4ea2ba9,3315,75.0,40.0,cut_only,-0.0,-0.0,-0.0,-0.0,-0.0,-0.0
7,7,unloading,1.5,6cbe49f8ce9371c0d7b579a88613a836838e777adb38fe93579c95f9a4ea2ba9,3316,76.0,40.0,cut_only,-0.0,-0.0,-0.0,-0.0,-0.0,-0.0
7,7,unloading,1.5,6cbe49f8ce9371c0d7b579a88613a836838e777adb38fe93579c95f9a4ea2ba9,3317,77.0,40.0,cut_only,-0.0,-0.0,-0.0,-0.0,-0.0,-0.0
7,7,unloading,1.5,6cbe49f8ce9371c0d7b579a88613a836838e777adb38fe93579c95f9a4ea2ba9,3318,78.0,40.0,physical_and_cut,-7.828587358097445e-08,-2.4030502260239908e-05,-8.738317901662189e-08,7.451094307357103e-08,9.097305435647441e-09,-2.410501320331348e-05
8,8,unloading,1.0,7d421c0e76944f949ba32160b67f24a50df8bbd77bf84bbb16c257dccb420b99,2654,62.0,32.0,physical_only,-0.00021612224257076365,-1.839944954693566e-05,-6.2177103849827075e-06,4.131036121985115e-06,-0.00020990453218578095,-2.2530485668920786e-05
8,8,unloading,1.0,7d421c0e76944f949ba32160b67f24a50df8bbd77bf84bbb16c257dccb420b99,2655,63.0,32.0,physical_only,-1.6867968306816856e-06,-1.012769604303764e-05,-2.246557326454368e-06,4.17867974899937e-06,5.597604957726824e-07,-1.430637579203701e-05
8,8,unloading,1.0,7d421c0e76944f949ba32160b67f24a50df8bbd77bf84bbb16c257dccb420b99,2656,64.0,32.0,physical_only,-1.023776788612093e-06,-1.2683273569943717e-05,-2.267530505922025e-06,5.072060297722799e-06,1.2437537173099317e-06,-1.77553338676665e-05
8,8,unloading,1.0,7d421c0e76944f949ba32160b67f24a50df8bbd77bf84bbb16c257dccb420b99,2657,65.0,32.0,physical_only,-9.367346553784413e-07,-1.593392012436335e-05,-2.2934834780320138e-06,6.041058958899431e-06,1.3567488226535727e-06,-2.1974979083262778e-05
8,8,unloading,1.0,7d421c0e76944f949ba32160b67f24a50df8bbd77bf84bbb16c257dccb420b99,2658,66.0,32.0,physical_only,-1.324473477307484e-06,-1.895912356118508e-05,-2.323599330014811e-06,7.099870451208706e-06,9.991258527073272e-07,-2.6058994012393772e-05
8,8,unloading,1.0,7d421c0e76944f949ba32160b67f24a50df8bbd77bf84bbb16c257dccb420b99,2659,67.0,32.0,physical_only,-1.7854214042357555e-06,-2.1586698062148673e-05,-2.3559164425959054e-06,8.260087509541596e-06,5.704950383601498e-07,-2.9846785571690284e-05
8,8,unloading,1.0,7d421c0e76944f949ba32160b67f24a50df8bbd77bf84bbb16c257dccb420b99,2660,68.0,32.0,physical_only,-1.8345819706623855e-06,-2.4383639481003253e-05,-2.389361889565613e-06,9.531575864892742e-06,5.547799189032272e-07,-3.391521534589596e-05
8,8,unloading,1.0,7d421c0e76944f949ba32160b67f24a50df8bbd77bf84bbb16c257dccb420b99,2661,69.0,32.0,physical_only,-1.944050720236141e-06,-2.7650239469629342e-05,-2.4235715973568064e-06,1.0924626944852623e-05,4.795208771206662e-07,-3.8574866414481975e-05
8,8,unloading,1.0,7d421c0e76944f949ba32160b67f24a50df8bbd77bf84bbb16c257dccb420b99,2662,70.0,32.0,physical_only,-2.091586490237348e-06,-3.118931897215109e-05,-2.45868560500282e-06,1.2451243905219862e-05,3.670991147654715e-07,-4.364056287737097e-05
8,8,unloading,1.0,7d421c0e76944f949ba32160b67f24a50df8bbd77bf84bbb16c257dccb420b99,2663,71.0,32.0,physical_only,-2.29025568184087e-06,-3.497103912248435e-05,-2.494690554897745e-06,1.412531303129428e-05,2.044348730568756e-07,-4.909635215377862e-05
8,8,unloading,1.0,7d421c0e76944f949ba32160b67f24a50df8bbd77bf84bbb16c257dccb420b99,2664,72.0,32.0,physical_only,-2.5461282306950695e-06,-3.89498237561156e-05,-2.5316087229244565e-06,1.596278094591077e-05,-1.4519507770612958e-08,-5.4912604702026413e-05
8,8,unloading,1.0,7d421c0e76944f949ba32160b67f24a50df8bbd77bf84bbb16c257dccb420b99,2665,73.0,32.0,physical_only,-2.9737237395091467e-06,-4.270617748603953e-05,-2.569220161313054e-06,1.7981496932210167e-05,-4.0450357819609253e-07,-6.068767441824968e-05
8,8,unloading,1.0,7d421c0e76944f949ba32160b67f24a50df8bbd77bf84bbb16c257dccb420b99,2666,74.0,32.0,physical_only,-2.5578454712020493e-06,-4.6481031705137774e-05,-2.6077827707278713e-06,2.0201828776588555e-05,4.993729952582199e-08,-6.668286048172633e-05
8,8,unloading,1.0,7d421c0e76944f949ba32160b67f24a50df8bbd77bf84bbb16c257dccb420b99,2667,75.0,32.0,physical_only,-1.3609164616245537e-06,-5.184384083285298e-05,-2.6485843601116126e-06,2.264964228602175e-05,1.2876678984870598e-06,-7.449348311887468e-05
8,8,unloading,1.0,7d421c0e76944f949ba32160b67f24a50df8bbd77bf84bbb16c257dccb420b99,2668,76.0,32.0,physical_only,4.255827225526208e-07,-6.0891670864553346e-05,-2.6947773766591065e-06,2.5363092733959828e-05,3.1203600992117278e-06,-8.62547635985131e-05
8,8,unloading,1.0,7d421c0e76944f949ba32160b67f24a50df8bbd77bf84bbb16c257dccb420b99,2669,77.0,32.0,physical_only,9.822429286308451e-07,-7.154049574471138e-05,-2.748441851987609e-06,2.8396029584595533e-05,3.730684780618455e-06,-9.993652532930698e-05
8,8,unloading,1.0,7d421c0e76944f949ba32160b67f24a50df8bbd77bf84bbb16c257dccb420b99,2670,78.0,32.0,physical_only,-1.9021238953126677e-05,0.0008952370442661955,-3.6050557302790204e-06,3.220040905767591e-05,-1.541618322284766e-05,0.0008630366352085196
8,8,unloading,1.0,7d421c0e76944f949ba32160b67f24a50df8bbd77bf84bbb16c257dccb420b99,2735,62.0,33.0,physical_only,-6.444836992040637e-06,-7.128783516352522e-07,-4.505323591818702e-06,1.6907382049626051e-07,-1.9395134002219363e-06,-8.81952172131513e-07
8,8,unloading,1.0,7d421c0e76944f949ba32160b67f24a50df8bbd77bf84bbb16c257dccb420b99,2736,63.0,33.0,interior,-0.0,-0.0,-0.0,-0.0,-0.0,-0.0
8,8,unloading,1.0,7d421c0e76944f949ba32160b67f24a50df8bbd77bf84bbb16c257dccb420b99,2737,64.0,33.0,interior,-0.0,-0.0,-0.0,-0.0,-0.0,-0.0
8,8,unloading,1.0,7d421c0e76944f949ba32160b67f24a50df8bbd77bf84bbb16c257dccb420b99,2738,65.0,33.0,interior,-0.0,-0.0,-0.0,-0.0,-0.0,-0.0
8,8,unloading,1.0,7d421c0e76944f949ba32160b67f24a50df8bbd77bf84bbb16c257dccb420b99,2739,66.0,33.0,interior,-0.0,-0.0,-0.0,-0.0,-0.0,-0.0
8,8,unloading,1.0,7d421c0e76944f949ba32160b67f24a50df8bbd77bf84bbb16c257dccb420b99,2740,67.0,33.0,interior,-0.0,-0.0,-0.0,-0.0,-0.0,-0.0
8,8,unloading,1.0,7d421c0e76944f949ba32160b67f24a50df8bbd77bf84bbb16c257dccb420b99,2741,68.0,33.0,interior,-0.0,-0.0,-0.0,-0.0,-0.0,-0.0
8,8,unloading,1.0,7d421c0e76944f949ba32160b67f24a50df8bbd77bf84bbb16c257dccb420b99,2742,69.0,33.0,interior,-0.0,-0.0,-0.0,-0.0,-0.0,-0.0
8,8,unloading,1.0,7d421c0e76944f949ba32160b67f24a50df8bbd77bf84bbb16c257dccb420b99,2743,70.0,33.0,interior,-0.0,-0.0,-0.0,-0.0,-0.0,-0.0
8,8,unloading,1.0,7d421c0e76944f949ba32160b67f24a50df8bbd77bf84bbb16c257dccb420b99,2744,71.0,33.0,interior,-0.0,-0.0,-0.0,-0.0,-0.0,-0.0
8,8,unloading,1.0,7d421c0e76944f949ba32160b67f24a50df8bbd77bf84bbb16c257dccb420b99,2745,72.0,33.0,interior,-0.0,-0.0,-0.0,-0.0,-0.0,-0.0
8,8,unloading,1.0,7d421c0e76944f949ba32160b67f24a50df8bbd77bf84bbb16c257dccb420b99,2746,73.0,33.0,interior,-0.0,-0.0,-0.0,-0.0,-0.0,-0.0
8,8,unloading,1.0,7d421c0e76944f949ba32160b67f24a50df8bbd77bf84bbb16c257dccb420b99,2747,74.0,33.0,interior,-0.0,-0.0,-0.0,-0.0,-0.0,-0.0
8,8,unloading,1.0,7d421c0e76944f949ba32160b67f24a50df8bbd77bf84bbb16c257dccb420b99,2748,75.0,33.0,interior,-0.0,-0.0,-0.0,-0.0,-0.0,-0.0
8,8,unloading,1.0,7d421c0e76944f949ba32160b67f24a50df8bbd77bf84bbb16c257dccb420b99,2749,76.0,33.0,interior,-0.0,-0.0,-0.0,-0.0,-0.0,-0.0
8,8,unloading,1.0,7d421c0e76944f949ba32160b67f24a50df8bbd77bf84bbb16c257dccb420b99,2750,77.0,33.0,interior,-0.0,-0.0,-0.0,-0.0,-0.0,-0.0
8,8,unloading,1.0,7d421c0e76944f949ba32160b67f24a50df8bbd77bf84bbb16c257dccb420b99,2751,78.0,33.0,physical_only,-1.1014217155615574e-07,1.0603537144857002e-08,-9.899241367439258e-08,3.6549642602145353e-07,-1.1149757881763147e-08,-3.5489288887659886e-07
8,8,unloading,1.0,7d421c0e76944f949ba32160b67f24a50df8bbd77bf84bbb16c257dccb420b99,2816,62.0,34.0,physical_only,-5.903458584967999e-06,-2.803240608714344e-07,-4.6703099603756215e-06,1.3974313619799575e-07,-1.2331486245923779e-06,-4.2006719706942994e-07
8,8,unloading,1.0,7d421c0e76944f949ba32160b67f24a50df8bbd77bf84bbb16c257dccb420b99,2817,63.0,34.0,interior,-0.0,-0.0,-0.0,-0.0,-0.0,-0.0
8,8,unloading,1.0,7d421c0e76944f949ba32160b67f24a50df8bbd77bf84bbb16c257dccb420b99,2818,64.0,34.0,interior,-0.0,-0.0,-0.0,-0.0,-0.0,-0.0
8,8,unloading,1.0,7d421c0e76944f949ba32160b67f24a50df8bbd77bf84bbb16c257dccb420b99,2819,65.0,34.0,interior,-0.0,-0.0,-0.0,-0.0,-0.0,-0.0
8,8,unloading,1.0,7d421c0e76944f949ba32160b67f24a50df8bbd77bf84bbb16c257dccb420b99,2820,66.0,34.0,interior,-0.0,-0.0,-0.0,-0.0,-0.0,-0.0
8,8,unloading,1.0,7d421c0e76944f949ba32160b67f24a50df8bbd77bf84bbb16c257dccb420b99,2821,67.0,34.0,interior,-0.0,-0.0,-0.0,-0.0,-0.0,-0.0
8,8,unloading,1.0,7d421c0e76944f949ba32160b67f24a50df8bbd77bf84bbb16c257dccb420b99,2822,68.0,34.0,interior,-0.0,-0.0,-0.0,-0.0,-0.0,-0.0
8,8,unloading,1.0,7d421c0e76944f949ba32160b67f24a50df8bbd77bf84bbb16c257dccb420b99,2823,69.0,34.0,interior,-0.0,-0.0,-0.0,-0.0,-0.0,-0.0
8,8,unloading,1.0,7d421c0e76944f949ba32160b67f24a50df8bbd77bf84bbb16c257dccb420b99,2824,70.0,34.0,interior,-0.0,-0.0,-0.0,-0.0,-0.0,-0.0
8,8,unloading,1.0,7d421c0e76944f949ba32160b67f24a50df8bbd77bf84bbb16c257dccb420b99,2825,71.0,34.0,interior,-0.0,-0.0,-0.0,-0.0,-0.0,-0.0
8,8,unloading,1.0,7d421c0e76944f949ba32160b67f24a50df8bbd77bf84bbb16c257dccb420b99,2826,72.0,34.0,interior,-0.0,-0.0,-0.0,-0.0,-0.0,-0.0
8,8,unloading,1.0,7d421c0e76944f949ba32160b67f24a50df8bbd77bf84bbb16c257dccb420b99,2827,73.0,34.0,interior,-0.0,-0.0,-0.0,-0.0,-0.0,-0.0
8,8,unloading,1.0,7d421c0e76944f949ba32160b67f24a50df8bbd77bf84bbb16c257dccb420b99,2828,74.0,34.0,interior,-0.0,-0.0,-0.0,-0.0,-0.0,-0.0
8,8,unloading,1.0,7d421c0e76944f949ba32160b67f24a50df8bbd77bf84bbb16c257dccb420b99,2829,75.0,34.0,interior,-0.0,-0.0,-0.0,-0.0,-0.0,-0.0
8,8,unloading,1.0,7d421c0e76944f949ba32160b67f24a50df8bbd77bf84bbb16c257dccb420b99,2830,76.0,34.0,interior,-0.0,-0.0,-0.0,-0.0,-0.0,-0.0
8,8,unloading,1.0,7d421c0e76944f949ba32160b67f24a50df8bbd77bf84bbb16c257dccb420b99,2831,77.0,34.0,interior,-0.0,-0.0,-0.0,-0.0,-0.0,-0.0
8,8,unloading,1.0,7d421c0e76944f949ba32160b67f24a50df8bbd77bf84bbb16c257dccb420b99,2832,78.0,34.0,physical_only,-1.0795223175705261e-07,8.994203642857855e-09,-9.822201487615607e-08,3.112069164946566e-07,-9.730216880896548e-09,-3.0221271285179983e-07
8,8,unloading,1.0,7d421c0e76944f949ba32160b67f24a50df8bbd77bf84bbb16c257dccb420b99,2897,62.0,35.0,physical_only,-5.779421278785296e-06,3.823775726985577e-08,-4.8054554258170585e-06,1.1735917729984328e-07,-9.739658529682371e-07,-7.91214200299873e-08
8,8,unloading,1.0,7d421c0e76944f949ba32160b67f24a50df8bbd77bf84bbb16c257dccb420b99,2898,63.0,35.0,interior,-0.0,-0.0,-0.0,-0.0,-0.0,-0.0
8,8,unloading,1.0,7d421c0e76944f949ba32160b67f24a50df8bbd77bf84bbb16c257dccb420b99,2899,64.0,35.0,interior,-0.0,-0.0,-0.0,-0.0,-0.0,-0.0
8,8,unloading,1.0,7d421c0e76944f949ba32160b67f24a50df8bbd77bf84bbb16c257dccb420b99,2900,65.0,35.0,interior,-0.0,-0.0,-0.0,-0.0,-0.0,-0.0
8,8,unloading,1.0,7d421c0e76944f949ba32160b67f24a50df8bbd77bf84bbb16c257dccb420b99,2901,66.0,35.0,interior,-0.0,-0.0,-0.0,-0.0,-0.0,-0.0
8,8,unloading,1.0,7d421c0e76944f949ba32160b67f24a50df8bbd77bf84bbb16c257dccb420b99,2902,67.0,35.0,interior,-0.0,-0.0,-0.0,-0.0,-0.0,-0.0
8,8,unloading,1.0,7d421c0e76944f949ba32160b67f24a50df8bbd77bf84bbb16c257dccb420b99,2903,68.0,35.0,interior,-0.0,-0.0,-0.0,-0.0,-0.0,-0.0
8,8,unloading,1.0,7d421c0e76944f949ba32160b67f24a50df8bbd77bf84bbb16c257dccb420b99,2904,69.0,35.0,interior,-0.0,-0.0,-0.0,-0.0,-0.0,-0.0
8,8,unloading,1.0,7d421c0e76944f949ba32160b67f24a50df8bbd77bf84bbb16c257dccb420b99,2905,70.0,35.0,interior,-0.0,-0.0,-0.0,-0.0,-0.0,-0.0
8,8,unloading,1.0,7d421c0e76944f949ba32160b67f24a50df8bbd77bf84bbb16c257dccb420b99,2906,71.0,35.0,interior,-0.0,-0.0,-0.0,-0.0,-0.0,-0.0
8,8,unloading,1.0,7d421c0e76944f949ba32160b67f24a50df8bbd77bf84bbb16c257dccb420b99,2907,72.0,35.0,interior,-0.0,-0.0,-0.0,-0.0,-0.0,-0.0
8,8,unloading,1.0,7d421c0e76944f949ba32160b67f24a50df8bbd77bf84bbb16c257dccb420b99,2908,73.0,35.0,interior,-0.0,-0.0,-0.0,-0.0,-0.0,-0.0
8,8,unloading,1.0,7d421c0e76944f949ba32160b67f24a50df8bbd77bf84bbb16c257dccb420b99,2909,74.0,35.0,interior,-0.0,-0.0,-0.0,-0.0,-0.0,-0.0
8,8,unloading,1.0,7d421c0e76944f949ba32160b67f24a50df8bbd77bf84bbb16c257dccb420b99,2910,75.0,35.0,interior,-0.0,-0.0,-0.0,-0.0,-0.0,-0.0
8,8,unloading,1.0,7d421c0e76944f949ba32160b67f24a50df8bbd77bf84bbb16c257dccb420b99,2911,76.0,35.0,interior,-0.0,-0.0,-0.0,-0.0,-0.0,-0.0
8,8,unloading,1.0,7d421c0e76944f949ba32160b67f24a50df8bbd77bf84bbb16c257dccb420b99,2912,77.0,35.0,interior,-0.0,-0.0,-0.0,-0.0,-0.0,-0.0
8,8,unloading,1.0,7d421c0e76944f949ba32160b67f24a50df8bbd77bf84bbb16c257dccb420b99,2913,78.0,35.0,physical_only,-1.0611096886801629e-07,7.428850095299219e-09,-9.75502240702401e-08,2.57880489454906e-07,-8.560744797776199e-09,-2.5045163935960444e-07
8,8,unloading,1.0,7d421c0e76944f949ba32160b67f24a50df8bbd77bf84bbb16c257dccb420b99,2978,62.0,36.0,physical_only,-5.864013010657601e-06,1.940810989629708e-07,-4.916849344938778e-06,9.692831303219549e-08,-9.471636657188229e-07,9.715278593077511e-08
8,8,unloading,1.0,7d421c0e76944f949ba32160b67f24a50df8bbd77bf84bbb16c257dccb420b99,2979,63.0,36.0,interior,-0.0,-0.0,-0.0,-0.0,-0.0,-0.0
8,8,unloading,1.0,7d421c0e76944f949ba32160b67f24a50df8bbd77bf84bbb16c257dccb420b99,2980,64.0,36.0,interior,-0.0,-0.0,-0.0,-0.0,-0.0,-0.0
8,8,unloading,1.0,7d421c0e76944f949ba32160b67f24a50df8bbd77bf84bbb16c257dccb420b99,2981,65.0,36.0,interior,-0.0,-0.0,-0.0,-0.0,-0.0,-0.0
8,8,unloading,1.0,7d421c0e76944f949ba32160b67f24a50df8bbd77bf84bbb16c257dccb420b99,2982,66.0,36.0,interior,-0.0,-0.0,-0.0,-0.0,-0.0,-0.0
8,8,unloading,1.0,7d421c0e76944f949ba32160b67f24a50df8bbd77bf84bbb16c257dccb420b99,2983,67.0,36.0,interior,-0.0,-0.0,-0.0,-0.0,-0.0,-0.0
8,8,unloading,1.0,7d421c0e76944f949ba32160b67f24a50df8bbd77bf84bbb16c257dccb420b99,2984,68.0,36.0,interior,-0.0,-0.0,-0.0,-0.0,-0.0,-0.0
8,8,unloading,1.0,7d421c0e76944f949ba32160b67f24a50df8bbd77bf84bbb16c257dccb420b99,2985,69.0,36.0,interior,-0.0,-0.0,-0.0,-0.0,-0.0,-0.0
8,8,unloading,1.0,7d421c0e76944f949ba32160b67f24a50df8bbd77bf84bbb16c257dccb420b99,2986,70.0,36.0,interior,-0.0,-0.0,-0.0,-0.0,-0.0,-0.0
8,8,unloading,1.0,7d421c0e76944f949ba32160b67f24a50df8bbd77bf84bbb16c257dccb420b99,2987,71.0,36.0,interior,-0.0,-0.0,-0.0,-0.0,-0.0,-0.0
8,8,unloading,1.0,7d421c0e76944f949ba32160b67f24a50df8bbd77bf84bbb16c257dccb420b99,2988,72.0,36.0,interior,-0.0,-0.0,-0.0,-0.0,-0.0,-0.0
8,8,unloading,1.0,7d421c0e76944f949ba32160b67f24a50df8bbd77bf84bbb16c257dccb420b99,2989,73.0,36.0,interior,-0.0,-0.0,-0.0,-0.0,-0.0,-0.0
8,8,unloading,1.0,7d421c0e76944f949ba32160b67f24a50df8bbd77bf84bbb16c257dccb420b99,2990,74.0,36.0,interior,-0.0,-0.0,-0.0,-0.0,-0.0,-0.0
8,8,unloading,1.0,7d421c0e76944f949ba32160b67f24a50df8bbd77bf84bbb16c257dccb420b99,2991,75.0,36.0,interior,-0.0,-0.0,-0.0,-0.0,-0.0,-0.0
8,8,unloading,1.0,7d421c0e76944f949ba32160b67f24a50df8bbd77bf84bbb16c257dccb420b99,2992,76.0,36.0,interior,-0.0,-0.0,-0.0,-0.0,-0.0,-0.0
8,8,unloading,1.0,7d421c0e76944f949ba32160b67f24a50df8bbd77bf84bbb16c257dccb420b99,2993,77.0,36.0,interior,-0.0,-0.0,-0.0,-0.0,-0.0,-0.0
8,8,unloading,1.0,7d421c0e76944f949ba32160b67f24a50df8bbd77bf84bbb16c257dccb420b99,2994,78.0,36.0,physical_only,-1.0461247432671981e-07,5.89986057929445e-09,-9.698725071295981e-08,2.053524126545228e-07,-7.625223613759983e-09,-1.9945255207523029e-07
8,8,unloading,1.0,7d421c0e76944f949ba32160b67f24a50df8bbd77bf84bbb16c257dccb420b99,3059,62.0,37.0,physical_only,-6.00271838305612e-06,2.2455148674863644e-07,-5.005669618394513e-06,7.546297130907829e-08,-9.970487646616062e-07,1.4908851543955815e-07
8,8,unloading,1.0,7d421c0e76944f949ba32160b67f24a50df8bbd77bf84bbb16c257dccb420b99,3060,63.0,37.0,interior,-0.0,-0.0,-0.0,-0.0,-0.0,-0.0
8,8,unloading,1.0,7d421c0e76944f949ba32160b67f24a50df8bbd77bf84bbb16c257dccb420b99,3061,64.0,37.0,interior,-0.0,-0.0,-0.0,-0.0,-0.0,-0.0
8,8,unloading,1.0,7d421c0e76944f949ba32160b67f24a50df8bbd77bf84bbb16c257dccb420b99,3062,65.0,37.0,interior,-0.0,-0.0,-0.0,-0.0,-0.0,-0.0
8,8,unloading,1.0,7d421c0e76944f949ba32160b67f24a50df8bbd77bf84bbb16c257dccb420b99,3063,66.0,37.0,interior,-0.0,-0.0,-0.0,-0.0,-0.0,-0.0
8,8,unloading,1.0,7d421c0e76944f949ba32160b67f24a50df8bbd77bf84bbb16c257dccb420b99,3064,67.0,37.0,interior,-0.0,-0.0,-0.0,-0.0,-0.0,-0.0
8,8,unloading,1.0,7d421c0e76944f949ba32160b67f24a50df8bbd77bf84bbb16c257dccb420b99,3065,68.0,37.0,interior,-0.0,-0.0,-0.0,-0.0,-0.0,-0.0
8,8,unloading,1.0,7d421c0e76944f949ba32160b67f24a50df8bbd77bf84bbb16c257dccb420b99,3066,69.0,37.0,interior,-0.0,-0.0,-0.0,-0.0,-0.0,-0.0
8,8,unloading,1.0,7d421c0e76944f949ba32160b67f24a50df8bbd77bf84bbb16c257dccb420b99,3067,70.0,37.0,interior,-0.0,-0.0,-0.0,-0.0,-0.0,-0.0
8,8,unloading,1.0,7d421c0e76944f949ba32160b67f24a50df8bbd77bf84bbb16c257dccb420b99,3068,71.0,37.0,interior,-0.0,-0.0,-0.0,-0.0,-0.0,-0.0
8,8,unloading,1.0,7d421c0e76944f949ba32160b67f24a50df8bbd77bf84bbb16c257dccb420b99,3069,72.0,37.0,interior,-0.0,-0.0,-0.0,-0.0,-0.0,-0.0
8,8,unloading,1.0,7d421c0e76944f949ba32160b67f24a50df8bbd77bf84bbb16c257dccb420b99,3070,73.0,37.0,interior,-0.0,-0.0,-0.0,-0.0,-0.0,-0.0
8,8,unloading,1.0,7d421c0e76944f949ba32160b67f24a50df8bbd77bf84bbb16c257dccb420b99,3071,74.0,37.0,interior,-0.0,-0.0,-0.0,-0.0,-0.0,-0.0
8,8,unloading,1.0,7d421c0e76944f949ba32160b67f24a50df8bbd77bf84bbb16c257dccb420b99,3072,75.0,37.0,interior,-0.0,-0.0,-0.0,-0.0,-0.0,-0.0
8,8,unloading,1.0,7d421c0e76944f949ba32160b67f24a50df8bbd77bf84bbb16c257dccb420b99,3073,76.0,37.0,interior,-0.0,-0.0,-0.0,-0.0,-0.0,-0.0
8,8,unloading,1.0,7d421c0e76944f949ba32160b67f24a50df8bbd77bf84bbb16c257dccb420b99,3074,77.0,37.0,interior,-0.0,-0.0,-0.0,-0.0,-0.0,-0.0
8,8,unloading,1.0,7d421c0e76944f949ba32160b67f24a50df8bbd77bf84bbb16c257dccb420b99,3075,78.0,37.0,physical_only,-1.0345193836617865e-07,4.399773162224845e-09,-9.654121778281026e-08,1.5346026651579106e-07,-6.910720583368391e-09,-1.490604933535665e-07
8,8,unloading,1.0,7d421c0e76944f949ba32160b67f24a50df8bbd77bf84bbb16c257dccb420b99,3140,62.0,38.0,physical_only,-6.121275182961915e-06,1.7760156513614643e-07,-5.070801489270493e-06,5.19208854450897e-08,-1.0504736936914227e-06,1.2568067969105694e-07
8,8,unloading,1.0,7d421c0e76944f949ba32160b67f24a50df8bbd77bf84bbb16c257dccb420b99,3141,63.0,38.0,interior,-0.0,-0.0,-0.0,-0.0,-0.0,-0.0
8,8,unloading,1.0,7d421c0e76944f949ba32160b67f24a50df8bbd77bf84bbb16c257dccb420b99,3142,64.0,38.0,interior,-0.0,-0.0,-0.0,-0.0,-0.0,-0.0
8,8,unloading,1.0,7d421c0e76944f949ba32160b67f24a50df8bbd77bf84bbb16c257dccb420b99,3143,65.0,38.0,interior,-0.0,-0.0,-0.0,-0.0,-0.0,-0.0
8,8,unloading,1.0,7d421c0e76944f949ba32160b67f24a50df8bbd77bf84bbb16c257dccb420b99,3144,66.0,38.0,interior,-0.0,-0.0,-0.0,-0.0,-0.0,-0.0
8,8,unloading,1.0,7d421c0e76944f949ba32160b67f24a50df8bbd77bf84bbb16c257dccb420b99,3145,67.0,38.0,interior,-0.0,-0.0,-0.0,-0.0,-0.0,-0.0
8,8,unloading,1.0,7d421c0e76944f949ba32160b67f24a50df8bbd77bf84bbb16c257dccb420b99,3146,68.0,38.0,interior,-0.0,-0.0,-0.0,-0.0,-0.0,-0.0
8,8,unloading,1.0,7d421c0e76944f949ba32160b67f24a50df8bbd77bf84bbb16c257dccb420b99,3147,69.0,38.0,interior,-0.0,-0.0,-0.0,-0.0,-0.0,-0.0
8,8,unloading,1.0,7d421c0e76944f949ba32160b67f24a50df8bbd77bf84bbb16c257dccb420b99,3148,70.0,38.0,interior,-0.0,-0.0,-0.0,-0.0,-0.0,-0.0
8,8,unloading,1.0,7d421c0e76944f949ba32160b67f24a50df8bbd77bf84bbb16c257dccb420b99,3149,71.0,38.0,interior,-0.0,-0.0,-0.0,-0.0,-0.0,-0.0
8,8,unloading,1.0,7d421c0e76944f949ba32160b67f24a50df8bbd77bf84bbb16c257dccb420b99,3150,72.0,38.0,interior,-0.0,-0.0,-0.0,-0.0,-0.0,-0.0
8,8,unloading,1.0,7d421c0e76944f949ba32160b67f24a50df8bbd77bf84bbb16c257dccb420b99,3151,73.0,38.0,interior,-0.0,-0.0,-0.0,-0.0,-0.0,-0.0
8,8,unloading,1.0,7d421c0e76944f949ba32160b67f24a50df8bbd77bf84bbb16c257dccb420b99,3152,74.0,38.0,interior,-0.0,-0.0,-0.0,-0.0,-0.0,-0.0
8,8,unloading,1.0,7d421c0e76944f949ba32160b67f24a50df8bbd77bf84bbb16c257dccb420b99,3153,75.0,38.0,interior,-0.0,-0.0,-0.0,-0.0,-0.0,-0.0
8,8,unloading,1.0,7d421c0e76944f949ba32160b67f24a50df8bbd77bf84bbb16c257dccb420b99,3154,76.0,38.0,interior,-0.0,-0.0,-0.0,-0.0,-0.0,-0.0
8,8,unloading,1.0,7d421c0e76944f949ba32160b67f24a50df8bbd77bf84bbb16c257dccb420b99,3155,77.0,38.0,interior,-0.0,-0.0,-0.0,-0.0,-0.0,-0.0
8,8,unloading,1.0,7d421c0e76944f949ba32160b67f24a50df8bbd77bf84bbb16c257dccb420b99,3156,78.0,38.0,physical_only,-1.0262563537566468e-07,2.9212510996310997e-09,-9.621830147339502e-08,1.0204346985479302e-07,-6.407333902269664e-09,-9.912221875516328e-08
8,8,unloading,1.0,7d421c0e76944f949ba32160b67f24a50df8bbd77bf84bbb16c257dccb420b99,3221,62.0,39.0,physical_only,-6.192934883332659e-06,9.460091698571284e-08,-5.110660115441635e-06,2.649090473573019e-08,-1.0822747678910247e-06,6.811001224998307e-08
8,8,unloading,1.0,7d421c0e76944f949ba32160b67f24a50df8bbd77bf84bbb16c257dccb420b99,3222,63.0,39.0,interior,-0.0,-0.0,-0.0,-0.0,-0.0,-0.0
8,8,unloading,1.0,7d421c0e76944f949ba32160b67f24a50df8bbd77bf84bbb16c257dccb420b99,3223,64.0,39.0,interior,-0.0,-0.0,-0.0,-0.0,-0.0,-0.0
8,8,unloading,1.0,7d421c0e76944f949ba32160b67f24a50df8bbd77bf84bbb16c257dccb420b99,3224,65.0,39.0,interior,-0.0,-0.0,-0.0,-0.0,-0.0,-0.0
8,8,unloading,1.0,7d421c0e76944f949ba32160b67f24a50df8bbd77bf84bbb16c257dccb420b99,3225,66.0,39.0,interior,-0.0,-0.0,-0.0,-0.0,-0.0,-0.0
8,8,unloading,1.0,7d421c0e76944f949ba32160b67f24a50df8bbd77bf84bbb16c257dccb420b99,3226,67.0,39.0,interior,-0.0,-0.0,-0.0,-0.0,-0.0,-0.0
8,8,unloading,1.0,7d421c0e76944f949ba32160b67f24a50df8bbd77bf84bbb16c257dccb420b99,3227,68.0,39.0,interior,-0.0,-0.0,-0.0,-0.0,-0.0,-0.0
8,8,unloading,1.0,7d421c0e76944f949ba32160b67f24a50df8bbd77bf84bbb16c257dccb420b99,3228,69.0,39.0,interior,-0.0,-0.0,-0.0,-0.0,-0.0,-0.0
8,8,unloading,1.0,7d421c0e76944f949ba32160b67f24a50df8bbd77bf84bbb16c257dccb420b99,3229,70.0,39.0,interior,-0.0,-0.0,-0.0,-0.0,-0.0,-0.0
8,8,unloading,1.0,7d421c0e76944f949ba32160b67f24a50df8bbd77bf84bbb16c257dccb420b99,3230,71.0,39.0,interior,-0.0,-0.0,-0.0,-0.0,-0.0,-0.0
8,8,unloading,1.0,7d421c0e76944f949ba32160b67f24a50df8bbd77bf84bbb16c257dccb420b99,3231,72.0,39.0,interior,-0.0,-0.0,-0.0,-0.0,-0.0,-0.0
8,8,unloading,1.0,7d421c0e76944f949ba32160b67f24a50df8bbd77bf84bbb16c257dccb420b99,3232,73.0,39.0,interior,-0.0,-0.0,-0.0,-0.0,-0.0,-0.0
8,8,unloading,1.0,7d421c0e76944f949ba32160b67f24a50df8bbd77bf84bbb16c257dccb420b99,3233,74.0,39.0,interior,-0.0,-0.0,-0.0,-0.0,-0.0,-0.0
8,8,unloading,1.0,7d421c0e76944f949ba32160b67f24a50df8bbd77bf84bbb16c257dccb420b99,3234,75.0,39.0,interior,-0.0,-0.0,-0.0,-0.0,-0.0,-0.0
8,8,unloading,1.0,7d421c0e76944f949ba32160b67f24a50df8bbd77bf84bbb16c257dccb420b99,3235,76.0,39.0,interior,-0.0,-0.0,-0.0,-0.0,-0.0,-0.0
8,8,unloading,1.0,7d421c0e76944f949ba32160b67f24a50df8bbd77bf84bbb16c257dccb420b99,3236,77.0,39.0,interior,-0.0,-0.0,-0.0,-0.0,-0.0,-0.0
8,8,unloading,1.0,7d421c0e76944f949ba32160b67f24a50df8bbd77bf84bbb16c257dccb420b99,3237,78.0,39.0,physical_only,-1.02130912437829e-07,1.4570526649432714e-09,-9.602283809977343e-08,5.09428135458125e-08,-6.108074338055562e-09,-4.9485760880869505e-08
8,8,unloading,1.0,7d421c0e76944f949ba32160b67f24a50df8bbd77bf84bbb16c257dccb420b99,3302,62.0,40.0,physical_and_cut,-3.1080461977395897e-06,-2.8231521482450216e-06,-2.562041445784826e-06,-1.1789292652352727e-06,-5.460047519547638e-07,-1.644222883009749e-06
8,8,unloading,1.0,7d421c0e76944f949ba32160b67f24a50df8bbd77bf84bbb16c257dccb420b99,3303,63.0,40.0,cut_only,-0.0,-0.0,-0.0,-0.0,-0.0,-0.0
8,8,unloading,1.0,7d421c0e76944f949ba32160b67f24a50df8bbd77bf84bbb16c257dccb420b99,3304,64.0,40.0,cut_only,-0.0,-0.0,-0.0,-0.0,-0.0,-0.0
8,8,unloading,1.0,7d421c0e76944f949ba32160b67f24a50df8bbd77bf84bbb16c257dccb420b99,3305,65.0,40.0,cut_only,-0.0,-0.0,-0.0,-0.0,-0.0,-0.0
8,8,unloading,1.0,7d421c0e76944f949ba32160b67f24a50df8bbd77bf84bbb16c257dccb420b99,3306,66.0,40.0,cut_only,-0.0,-0.0,-0.0,-0.0,-0.0,-0.0
8,8,unloading,1.0,7d421c0e76944f949ba32160b67f24a50df8bbd77bf84bbb16c257dccb420b99,3307,67.0,40.0,cut_only,-0.0,-0.0,-0.0,-0.0,-0.0,-0.0
8,8,unloading,1.0,7d421c0e76944f949ba32160b67f24a50df8bbd77bf84bbb16c257dccb420b99,3308,68.0,40.0,cut_only,-0.0,-0.0,-0.0,-0.0,-0.0,-0.0
8,8,unloading,1.0,7d421c0e76944f949ba32160b67f24a50df8bbd77bf84bbb16c257dccb420b99,3309,69.0,40.0,cut_only,-0.0,-0.0,-0.0,-0.0,-0.0,-0.0
8,8,unloading,1.0,7d421c0e76944f949ba32160b67f24a50df8bbd77bf84bbb16c257dccb420b99,3310,70.0,40.0,cut_only,-0.0,-0.0,-0.0,-0.0,-0.0,-0.0
8,8,unloading,1.0,7d421c0e76944f949ba32160b67f24a50df8bbd77bf84bbb16c257dccb420b99,3311,71.0,40.0,cut_only,-0.0,-0.0,-0.0,-0.0,-0.0,-0.0
8,8,unloading,1.0,7d421c0e76944f949ba32160b67f24a50df8bbd77bf84bbb16c257dccb420b99,3312,72.0,40.0,cut_only,-0.0,-0.0,-0.0,-0.0,-0.0,-0.0
8,8,unloading,1.0,7d421c0e76944f949ba32160b67f24a50df8bbd77bf84bbb16c257dccb420b99,3313,73.0,40.0,cut_only,-0.0,-0.0,-0.0,-0.0,-0.0,-0.0
8,8,unloading,1.0,7d421c0e76944f949ba32160b67f24a50df8bbd77bf84bbb16c257dccb420b99,3314,74.0,40.0,cut_only,-0.0,-0.0,-0.0,-0.0,-0.0,-0.0
8,8,unloading,1.0,7d421c0e76944f949ba32160b67f24a50df8bbd77bf84bbb16c257dccb420b99,3315,75.0,40.0,cut_only,-0.0,-0.0,-0.0,-0.0,-0.0,-0.0
8,8,unloading,1.0,7d421c0e76944f949ba32160b67f24a50df8bbd77bf84bbb16c257dccb420b99,3316,76.0,40.0,cut_only,-0.0,-0.0,-0.0,-0.0,-0.0,-0.0
8,8,unloading,1.0,7d421c0e76944f949ba32160b67f24a50df8bbd77bf84bbb16c257dccb420b99,3317,77.0,40.0,cut_only,-0.0,-0.0,-0.0,-0.0,-0.0,-0.0
8,8,unloading,1.0,7d421c0e76944f949ba32160b67f24a50df8bbd77bf84bbb16c257dccb420b99,3318,78.0,40.0,physical_and_cut,-5.09830905513657e-08,-1.5653179111696995e-05,-4.797869976712079e-08,4.510426222189177e-08,-3.0043907842449085e-09,-1.5698283373918885e-05
9,9,unloading,0.5,19c273312df4e1cb042a71e4e24ebfe180c177c7d0dada5d1ab148841e9ea69a,2654,62.0,32.0,physical_only,-0.00010865965139551483,7.684246073849354e-06,-3.1697206914867823e-06,1.7747739250434796e-06,-0.00010548993070402805,5.909472148805875e-06
9,9,unloading,0.5,19c273312df4e1cb042a71e4e24ebfe180c177c7d0dada5d1ab148841e9ea69a,2655,63.0,32.0,physical_only,-9.7377405895913e-07,-6.127709816314495e-07,-9.632309035514474e-07,1.8072071220881533e-06,-1.0543155407682619e-08,-2.419978103719605e-06
9,9,unloading,0.5,19c273312df4e1cb042a71e4e24ebfe180c177c7d0dada5d1ab148841e9ea69a,2656,64.0,32.0,physical_only,-7.734171864699533e-07,-8.97836456204961e-07,-9.677402451313651e-07,2.1945479970032414e-06,1.9432305866141186e-07,-3.0923844532082046e-06
9,9,unloading,0.5,19c273312df4e1cb042a71e4e24ebfe180c177c7d0dada5d1ab148841e9ea69a,2657,65.0,32.0,physical_only,-7.965481559473202e-07,-1.2049262923851181e-06,-9.73816640216429e-07,2.5965973784988057e-06,1.7726848426910894e-07,-3.8015236708839183e-06
9,9,unloading,0.5,19c273312df4e1cb042a71e4e24ebfe180c177c7d0dada5d1ab148841e9ea69a,2658,66.0,32.0,physical_only,-9.566329532993004e-07,-1.242960903475149e-06,-9.809944303126163e-07,3.0168858885819954e-06,2.4361477013315727e-08,-4.259846792057143e-06
9,9,unloading,0.5,19c273312df4e1cb042a71e4e24ebfe180c177c7d0dada5d1ab148841e9ea69a,2659,67.0,32.0,physical_only,-1.1082371197320744e-06,-1.0154099203891736e-06,-9.883059382567675e-07,3.4571556982439113e-06,-1.1993118147530707e-07,-4.472565618633081e-06
9,9,unloading,0.5,19c273312df4e1cb042a71e4e24ebfe180c177c7d0dada5d1ab148841e9ea69a,2660,68.0,32.0,physical_only,-1.1312956007979535e-06,-7.170354047347335e-07,-9.951943449758985e-07,3.917639090000711e-06,-1.361012558220549e-07,-4.634674494735445e-06
9,9,unloading,0.5,19c273312df4e1cb042a71e4e24ebfe180c177c7d0dada5d1ab148841e9ea69a,2661,69.0,32.0,physical_only,-1.1669130463604107e-06,-4.262988468654795e-07,-1.0014296074004609e-06,4.39794263378041e-06,-1.654834389599496e-07,-4.824241480645884e-06
9,9,unloading,0.5,19c273312df4e1cb042a71e4e24ebfe180c177c7d0dada5d1ab148841e9ea69a,2662,70.0,32.0,physical_only,-1.2054958002427041e-06,-8.883014778157433e-08,-1.0070340806856162e-06,4.897565714363822e-06,-1.9846171955708778e-07,-4.986395862145401e-06
9,9,unloading,0.5,19c273312df4e1cb042a71e4e24ebfe180c177c7d0dada5d1ab148841e9ea69a,2663,71.0,32.0,physical_only,-1.2480336012408686e-06,2.981721037501316e-07,-1.0119528001042305e-06,5.415961481941879e-06,-2.3608080113663788e-07,-5.117789378191744e-06
9,9,unloading,0.5,19c273312df4e1cb042a71e4e24ebfe180c177c7d0dada5d1ab148841e9ea69a,2664,72.0,32.0,physical_only,-1.2937291615434602e-06,7.375265003277951e-07,-1.016140269980709e-06,5.952465957560415e-06,-2.77588891562751e-07,-5.214939457232623e-06
9,9,unloading,0.5,19c273312df4e1cb042a71e4e24ebfe180c177c7d0dada5d1ab148841e9ea69a,2665,73.0,32.0,physical_only,-1.360166879498478e-06,1.2946944409922506e-06,-1.0194703598986995e-06,6.506193202861844e-06,-3.4069651959977847e-07,-5.211498761869589e-06
9,9,unloading,0.5,19c273312df4e1cb042a71e4e24ebfe180c177c7d0dada5d1ab148841e9ea69a,2666,74.0,32.0,physical_only,-1.2683377295296416e-06,1.9011093917786157e-06,-1.0220129594810629e-06,7.07611811099439e-06,-2.4632477004857865e-07,-5.175008719215769e-06
9,9,unloading,0.5,19c273312df4e1cb042a71e4e24ebfe180c177c7d0dada5d1ab148841e9ea69a,2667,75.0,32.0,physical_only,-1.0714836760963317e-06,2.3031472360446673e-06,-1.0241188526821049e-06,7.661586008734854e-06,-4.736482341422637e-08,-5.35843877269019e-06
9,9,unloading,0.5,19c273312df4e1cb042a71e4e24ebfe180c177c7d0dada5d1ab148841e9ea69a,2668,76.0,32.0,physical_only,-8.370552481003182e-07,2.2653294665955456e-06,-1.0266483412919405e-06,8.263360516150387e-06,1.8959309319162192e-07,-5.998031049554847e-06
9,9,unloading,0.5,19c273312df4e1cb042a71e4e24ebfe180c177c7d0dada5d1ab148841e9ea69a,2669,77.0,32.0,physical_only,-8.287495369779452e-07,2.1404085906356532e-06,-1.03007202663681e-06,8.883854642506924e-06,2.013224896588646e-07,-6.743446051871274e-06
9,9,unloading,0.5,19c273312df4e1cb042a71e4e24ebfe180c177c7d0dada5d1ab148841e9ea69a,2670,78.0,32.0,physical_only,-1.5455659632297347e-07,0.0001326534172363425,-1.0833673508242838e-06,9.620267287864332e-06,9.288107545013101e-07,0.00012303314994847815
9,9,unloading,0.5,19c273312df4e1cb042a71e4e24ebfe180c177c7d0dada5d1ab148841e9ea69a,2735,62.0,33.0,physical_only,-3.706319586115409e-06,-7.313853399768015e-07,-2.4948404656123277e-06,1.0299417798296464e-07,-1.2114791205030823e-06,-8.343795179597664e-07
9,9,unloading,0.5,19c273312df4e1cb042a71e4e24ebfe180c177c7d0dada5d1ab148841e9ea69a,2736,63.0,33.0,interior,-0.0,-0.0,-0.0,-0.0,-0.0,-0.0
9,9,unloading,0.5,19c273312df4e1cb042a71e4e24ebfe180c177c7d0dada5d1ab148841e9ea69a,2737,64.0,33.0,interior,-0.0,-0.0,-0.0,-0.0,-0.0,-0.0
9,9,unloading,0.5,19c273312df4e1cb042a71e4e24ebfe180c177c7d0dada5d1ab148841e9ea69a,2738,65.0,33.0,interior,-0.0,-0.0,-0.0,-0.0,-0.0,-0.0
9,9,unloading,0.5,19c273312df4e1cb042a71e4e24ebfe180c177c7d0dada5d1ab148841e9ea69a,2739,66.0,33.0,interior,-0.0,-0.0,-0.0,-0.0,-0.0,-0.0
9,9,unloading,0.5,19c273312df4e1cb042a71e4e24ebfe180c177c7d0dada5d1ab148841e9ea69a,2740,67.0,33.0,interior,-0.0,-0.0,-0.0,-0.0,-0.0,-0.0
9,9,unloading,0.5,19c273312df4e1cb042a71e4e24ebfe180c177c7d0dada5d1ab148841e9ea69a,2741,68.0,33.0,interior,-0.0,-0.0,-0.0,-0.0,-0.0,-0.0
9,9,unloading,0.5,19c273312df4e1cb042a71e4e24ebfe180c177c7d0dada5d1ab148841e9ea69a,2742,69.0,33.0,interior,-0.0,-0.0,-0.0,-0.0,-0.0,-0.0
9,9,unloading,0.5,19c273312df4e1cb042a71e4e24ebfe180c177c7d0dada5d1ab148841e9ea69a,2743,70.0,33.0,interior,-0.0,-0.0,-0.0,-0.0,-0.0,-0.0
9,9,unloading,0.5,19c273312df4e1cb042a71e4e24ebfe180c177c7d0dada5d1ab148841e9ea69a,2744,71.0,33.0,interior,-0.0,-0.0,-0.0,-0.0,-0.0,-0.0
9,9,unloading,0.5,19c273312df4e1cb042a71e4e24ebfe180c177c7d0dada5d1ab148841e9ea69a,2745,72.0,33.0,interior,-0.0,-0.0,-0.0,-0.0,-0.0,-0.0
9,9,unloading,0.5,19c273312df4e1cb042a71e4e24ebfe180c177c7d0dada5d1ab148841e9ea69a,2746,73.0,33.0,interior,-0.0,-0.0,-0.0,-0.0,-0.0,-0.0
9,9,unloading,0.5,19c273312df4e1cb042a71e4e24ebfe180c177c7d0dada5d1ab148841e9ea69a,2747,74.0,33.0,interior,-0.0,-0.0,-0.0,-0.0,-0.0,-0.0
9,9,unloading,0.5,19c273312df4e1cb042a71e4e24ebfe180c177c7d0dada5d1ab148841e9ea69a,2748,75.0,33.0,interior,-0.0,-0.0,-0.0,-0.0,-0.0,-0.0
9,9,unloading,0.5,19c273312df4e1cb042a71e4e24ebfe180c177c7d0dada5d1ab148841e9ea69a,2749,76.0,33.0,interior,-0.0,-0.0,-0.0,-0.0,-0.0,-0.0
9,9,unloading,0.5,19c273312df4e1cb042a71e4e24ebfe180c177c7d0dada5d1ab148841e9ea69a,2750,77.0,33.0,interior,-0.0,-0.0,-0.0,-0.0,-0.0,-0.0
9,9,unloading,0.5,19c273312df4e1cb042a71e4e24ebfe180c177c7d0dada5d1ab148841e9ea69a,2751,78.0,33.0,physical_only,-5.334832645085412e-08,4.347472672575021e-09,-3.21086260535208e-08,1.8289821366327093e-07,-2.1239700397333342e-08,-1.7855074099069726e-07
9,9,unloading,0.5,19c273312df4e1cb042a71e4e24ebfe180c177c7d0dada5d1ab148841e9ea69a,2816,62.0,34.0,physical_only,-3.2205212463720072e-06,-3.421332188447418e-07,-2.5659895106547026e-06,8.446223189901726e-08,-6.54531735717305e-07,-4.265954507437592e-07
9,9,unloading,0.5,19c273312df4e1cb042a71e4e24ebfe180c177c7d0dada5d1ab148841e9ea69a,2817,63.0,34.0,interior,-0.0,-0.0,-0.0,-0.0,-0.0,-0.0
9,9,unloading,0.5,19c273312df4e1cb042a71e4e24ebfe180c177c7d0dada5d1ab148841e9ea69a,2818,64.0,34.0,interior,-0.0,-0.0,-0.0,-0.0,-0.0,-0.0
9,9,unloading,0.5,19c273312df4e1cb042a71e4e24ebfe180c177c7d0dada5d1ab148841e9ea69a,2819,65.0,34.0,interior,-0.0,-0.0,-0.0,-0.0,-0.0,-0.0
9,9,unloading,0.5,19c273312df4e1cb042a71e4e24ebfe180c177c7d0dada5d1ab148841e9ea69a,2820,66.0,34.0,interior,-0.0,-0.0,-0.0,-0.0,-0.0,-0.0
9,9,unloading,0.5,19c273312df4e1cb042a71e4e24ebfe180c177c7d0dada5d1ab148841e9ea69a,2821,67.0,34.0,interior,-0.0,-0.0,-0.0,-0.0,-0.0,-0.0
9,9,unloading,0.5,19c273312df4e1cb042a71e4e24ebfe180c177c7d0dada5d1ab148841e9ea69a,2822,68.0,34.0,interior,-0.0,-0.0,-0.0,-0.0,-0.0,-0.0
9,9,unloading,0.5,19c273312df4e1cb042a71e4e24ebfe180c177c7d0dada5d1ab148841e9ea69a,2823,69.0,34.0,interior,-0.0,-0.0,-0.0,-0.0,-0.0,-0.0
9,9,unloading,0.5,19c273312df4e1cb042a71e4e24ebfe180c177c7d0dada5d1ab148841e9ea69a,2824,70.0,34.0,interior,-0.0,-0.0,-0.0,-0.0,-0.0,-0.0
9,9,unloading,0.5,19c273312df4e1cb042a71e4e24ebfe180c177c7d0dada5d1ab148841e9ea69a,2825,71.0,34.0,interior,-0.0,-0.0,-0.0,-0.0,-0.0,-0.0
9,9,unloading,0.5,19c273312df4e1cb042a71e4e24ebfe180c177c7d0dada5d1ab148841e9ea69a,2826,72.0,34.0,interior,-0.0,-0.0,-0.0,-0.0,-0.0,-0.0
9,9,unloading,0.5,19c273312df4e1cb042a71e4e24ebfe180c177c7d0dada5d1ab148841e9ea69a,2827,73.0,34.0,interior,-0.0,-0.0,-0.0,-0.0,-0.0,-0.0
9,9,unloading,0.5,19c273312df4e1cb042a71e4e24ebfe180c177c7d0dada5d1ab148841e9ea69a,2828,74.0,34.0,interior,-0.0,-0.0,-0.0,-0.0,-0.0,-0.0
9,9,unloading,0.5,19c273312df4e1cb042a71e4e24ebfe180c177c7d0dada5d1ab148841e9ea69a,2829,75.0,34.0,interior,-0.0,-0.0,-0.0,-0.0,-0.0,-0.0
9,9,unloading,0.5,19c273312df4e1cb042a71e4e24ebfe180c177c7d0dada5d1ab148841e9ea69a,2830,76.0,34.0,interior,-0.0,-0.0,-0.0,-0.0,-0.0,-0.0
9,9,unloading,0.5,19c273312df4e1cb042a71e4e24ebfe180c177c7d0dada5d1ab148841e9ea69a,2831,77.0,34.0,interior,-0.0,-0.0,-0.0,-0.0,-0.0,-0.0
9,9,unloading,0.5,19c273312df4e1cb042a71e4e24ebfe180c177c7d0dada5d1ab148841e9ea69a,2832,78.0,34.0,physical_only,-5.228939279637984e-08,3.6928664805690352e-09,-3.270085103771712e-08,1.557022396215571e-07,-1.9588541758662708e-08,-1.5200937314098736e-07
9,9,unloading,0.5,19c273312df4e1cb042a71e4e24ebfe180c177c7d0dada5d1ab148841e9ea69a,2897,62.0,35.0,physical_only,-3.103985705886664e-06,-3.719986015546036e-08,-2.623625073677733e-06,7.045912487400561e-08,-4.803606322089317e-07,-1.0765898502946576e-07
9,9,unloading,0.5,19c273312df4e1cb042a71e4e24ebfe180c177c7d0dada5d1ab148841e9ea69a,2898,63.0,35.0,interior,-0.0,-0.0,-0.0,-0.0,-0.0,-0.0
9,9,unloading,0.5,19c273312df4e1cb042a71e4e24ebfe180c177c7d0dada5d1ab148841e9ea69a,2899,64.0,35.0,interior,-0.0,-0.0,-0.0,-0.0,-0.0,-0.0
9,9,unloading,0.5,19c273312df4e1cb042a71e4e24ebfe180c177c7d0dada5d1ab148841e9ea69a,2900,65.0,35.0,interior,-0.0,-0.0,-0.0,-0.0,-0.0,-0.0
9,9,unloading,0.5,19c273312df4e1cb042a71e4e24ebfe180c177c7d0dada5d1ab148841e9ea69a,2901,66.0,35.0,interior,-0.0,-0.0,-0.0,-0.0,-0.0,-0.0
9,9,unloading,0.5,19c273312df4e1cb042a71e4e24ebfe180c177c7d0dada5d1ab148841e9ea69a,2902,67.0,35.0,interior,-0.0,-0.0,-0.0,-0.0,-0.0,-0.0
9,9,unloading,0.5,19c273312df4e1cb042a71e4e24ebfe180c177c7d0dada5d1ab148841e9ea69a,2903,68.0,35.0,interior,-0.0,-0.0,-0.0,-0.0,-0.0,-0.0
9,9,unloading,0.5,19c273312df4e1cb042a71e4e24ebfe180c177c7d0dada5d1ab148841e9ea69a,2904,69.0,35.0,interior,-0.0,-0.0,-0.0,-0.0,-0.0,-0.0
9,9,unloading,0.5,19c273312df4e1cb042a71e4e24ebfe180c177c7d0dada5d1ab148841e9ea69a,2905,70.0,35.0,interior,-0.0,-0.0,-0.0,-0.0,-0.0,-0.0
9,9,unloading,0.5,19c273312df4e1cb042a71e4e24ebfe180c177c7d0dada5d1ab148841e9ea69a,2906,71.0,35.0,interior,-0.0,-0.0,-0.0,-0.0,-0.0,-0.0
9,9,unloading,0.5,19c273312df4e1cb042a71e4e24ebfe180c177c7d0dada5d1ab148841e9ea69a,2907,72.0,35.0,interior,-0.0,-0.0,-0.0,-0.0,-0.0,-0.0
9,9,unloading,0.5,19c273312df4e1cb042a71e4e24ebfe180c177c7d0dada5d1ab148841e9ea69a,2908,73.0,35.0,interior,-0.0,-0.0,-0.0,-0.0,-0.0,-0.0
9,9,unloading,0.5,19c273312df4e1cb042a71e4e24ebfe180c177c7d0dada5d1ab148841e9ea69a,2909,74.0,35.0,interior,-0.0,-0.0,-0.0,-0.0,-0.0,-0.0
9,9,unloading,0.5,19c273312df4e1cb042a71e4e24ebfe180c177c7d0dada5d1ab148841e9ea69a,2910,75.0,35.0,interior,-0.0,-0.0,-0.0,-0.0,-0.0,-0.0
9,9,unloading,0.5,19c273312df4e1cb042a71e4e24ebfe180c177c7d0dada5d1ab148841e9ea69a,2911,76.0,35.0,interior,-0.0,-0.0,-0.0,-0.0,-0.0,-0.0
9,9,unloading,0.5,19c273312df4e1cb042a71e4e24ebfe180c177c7d0dada5d1ab148841e9ea69a,2912,77.0,35.0,interior,-0.0,-0.0,-0.0,-0.0,-0.0,-0.0
9,9,unloading,0.5,19c273312df4e1cb042a71e4e24ebfe180c177c7d0dada5d1ab148841e9ea69a,2913,78.0,35.0,physical_only,-5.139889720820882e-08,3.0538832526213507e-09,-3.3174487040495675e-08,1.290019309948238e-07,-1.8224410167713142e-08,-1.2594804774220356e-07
9,9,unloading,0.5,19c273312df4e1cb042a71e4e24ebfe180c177c7d0dada5d1ab148841e9ea69a,2978,62.0,36.0,physical_only,-3.1809857148731116e-06,1.238182842609207e-07,-2.671587047166084e-06,5.7862196739889515e-08,-5.093986677070274e-07,6.595608752103128e-08
9,9,unloading,0.5,19c273312df4e1cb042a71e4e24ebfe180c177c7d0dada5d1ab148841e9ea69a,2979,63.0,36.0,interior,-0.0,-0.0,-0.0,-0.0,-0.0,-0.0
9,9,unloading,0.5,19c273312df4e1cb042a71e4e24ebfe180c177c7d0dada5d1ab148841e9ea69a,2980,64.0,36.0,interior,-0.0,-0.0,-0.0,-0.0,-0.0,-0.0
9,9,unloading,0.5,19c273312df4e1cb042a71e4e24ebfe180c177c7d0dada5d1ab148841e9ea69a,2981,65.0,36.0,interior,-0.0,-0.0,-0.0,-0.0,-0.0,-0.0
9,9,unloading,0.5,19c273312df4e1cb042a71e4e24ebfe180c177c7d0dada5d1ab148841e9ea69a,2982,66.0,36.0,interior,-0.0,-0.0,-0.0,-0.0,-0.0,-0.0
9,9,unloading,0.5,19c273312df4e1cb042a71e4e24ebfe180c177c7d0dada5d1ab148841e9ea69a,2983,67.0,36.0,interior,-0.0,-0.0,-0.0,-0.0,-0.0,-0.0
9,9,unloading,0.5,19c273312df4e1cb042a71e4e24ebfe180c177c7d0dada5d1ab148841e9ea69a,2984,68.0,36.0,interior,-0.0,-0.0,-0.0,-0.0,-0.0,-0.0
9,9,unloading,0.5,19c273312df4e1cb042a71e4e24ebfe180c177c7d0dada5d1ab148841e9ea69a,2985,69.0,36.0,interior,-0.0,-0.0,-0.0,-0.0,-0.0,-0.0
9,9,unloading,0.5,19c273312df4e1cb042a71e4e24ebfe180c177c7d0dada5d1ab148841e9ea69a,2986,70.0,36.0,interior,-0.0,-0.0,-0.0,-0.0,-0.0,-0.0
9,9,unloading,0.5,19c273312df4e1cb042a71e4e24ebfe180c177c7d0dada5d1ab148841e9ea69a,2987,71.0,36.0,interior,-0.0,-0.0,-0.0,-0.0,-0.0,-0.0
9,9,unloading,0.5,19c273312df4e1cb042a71e4e24ebfe180c177c7d0dada5d1ab148841e9ea69a,2988,72.0,36.0,interior,-0.0,-0.0,-0.0,-0.0,-0.0,-0.0
9,9,unloading,0.5,19c273312df4e1cb042a71e4e24ebfe180c177c7d0dada5d1ab148841e9ea69a,2989,73.0,36.0,interior,-0.0,-0.0,-0.0,-0.0,-0.0,-0.0
9,9,unloading,0.5,19c273312df4e1cb042a71e4e24ebfe180c177c7d0dada5d1ab148841e9ea69a,2990,74.0,36.0,interior,-0.0,-0.0,-0.0,-0.0,-0.0,-0.0
9,9,unloading,0.5,19c273312df4e1cb042a71e4e24ebfe180c177c7d0dada5d1ab148841e9ea69a,2991,75.0,36.0,interior,-0.0,-0.0,-0.0,-0.0,-0.0,-0.0
9,9,unloading,0.5,19c273312df4e1cb042a71e4e24ebfe180c177c7d0dada5d1ab148841e9ea69a,2992,76.0,36.0,interior,-0.0,-0.0,-0.0,-0.0,-0.0,-0.0
9,9,unloading,0.5,19c273312df4e1cb042a71e4e24ebfe180c177c7d0dada5d1ab148841e9ea69a,2993,77.0,36.0,interior,-0.0,-0.0,-0.0,-0.0,-0.0,-0.0
9,9,unloading,0.5,19c273312df4e1cb042a71e4e24ebfe180c177c7d0dada5d1ab148841e9ea69a,2994,78.0,36.0,physical_only,-5.0674066122352475e-08,2.4277994328049434e-09,-3.354354814671814e-08,1.0271225340674263e-07,-1.713051797563433e-08,-1.0028445397393622e-07
9,9,unloading,0.5,19c273312df4e1cb042a71e4e24ebfe180c177c7d0dada5d1ab148841e9ea69a,3059,62.0,37.0,physical_only,-3.3109947854194327e-06,1.6882772483993244e-07,-2.710473402317502e-06,4.483725675014532e-08,-6.005213831019311e-07,1.2399046808978734e-07
9,9,unloading,0.5,19c273312df4e1cb042a71e4e24ebfe180c177c7d0dada5d1ab148841e9ea69a,3060,63.0,37.0,interior,-0.0,-0.0,-0.0,-0.0,-0.0,-0.0
9,9,unloading,0.5,19c273312df4e1cb042a71e4e24ebfe180c177c7d0dada5d1ab148841e9ea69a,3061,64.0,37.0,interior,-0.0,-0.0,-0.0,-0.0,-0.0,-0.0
9,9,unloading,0.5,19c273312df4e1cb042a71e4e24ebfe180c177c7d0dada5d1ab148841e9ea69a,3062,65.0,37.0,interior,-0.0,-0.0,-0.0,-0.0,-0.0,-0.0
9,9,unloading,0.5,19c273312df4e1cb042a71e4e24ebfe180c177c7d0dada5d1ab148841e9ea69a,3063,66.0,37.0,interior,-0.0,-0.0,-0.0,-0.0,-0.0,-0.0
9,9,unloading,0.5,19c273312df4e1cb042a71e4e24ebfe180c177c7d0dada5d1ab148841e9ea69a,3064,67.0,37.0,interior,-0.0,-0.0,-0.0,-0.0,-0.0,-0.0
9,9,unloading,0.5,19c273312df4e1cb042a71e4e24ebfe180c177c7d0dada5d1ab148841e9ea69a,3065,68.0,37.0,interior,-0.0,-0.0,-0.0,-0.0,-0.0,-0.0
9,9,unloading,0.5,19c273312df4e1cb042a71e4e24ebfe180c177c7d0dada5d1ab148841e9ea69a,3066,69.0,37.0,interior,-0.0,-0.0,-0.0,-0.0,-0.0,-0.0
9,9,unloading,0.5,19c273312df4e1cb042a71e4e24ebfe180c177c7d0dada5d1ab148841e9ea69a,3067,70.0,37.0,interior,-0.0,-0.0,-0.0,-0.0,-0.0,-0.0
9,9,unloading,0.5,19c273312df4e1cb042a71e4e24ebfe180c177c7d0dada5d1ab148841e9ea69a,3068,71.0,37.0,interior,-0.0,-0.0,-0.0,-0.0,-0.0,-0.0
9,9,unloading,0.5,19c273312df4e1cb042a71e4e24ebfe180c177c7d0dada5d1ab148841e9ea69a,3069,72.0,37.0,interior,-0.0,-0.0,-0.0,-0.0,-0.0,-0.0
9,9,unloading,0.5,19c273312df4e1cb042a71e4e24ebfe180c177c7d0dada5d1ab148841e9ea69a,3070,73.0,37.0,interior,-0.0,-0.0,-0.0,-0.0,-0.0,-0.0
9,9,unloading,0.5,19c273312df4e1cb042a71e4e24ebfe180c177c7d0dada5d1ab148841e9ea69a,3071,74.0,37.0,interior,-0.0,-0.0,-0.0,-0.0,-0.0,-0.0
9,9,unloading,0.5,19c273312df4e1cb042a71e4e24ebfe180c177c7d0dada5d1ab148841e9ea69a,3072,75.0,37.0,interior,-0.0,-0.0,-0.0,-0.0,-0.0,-0.0
9,9,unloading,0.5,19c273312df4e1cb042a71e4e24ebfe180c177c7d0dada5d1ab148841e9ea69a,3073,76.0,37.0,interior,-0.0,-0.0,-0.0,-0.0,-0.0,-0.0
9,9,unloading,0.5,19c273312df4e1cb042a71e4e24ebfe180c177c7d0dada5d1ab148841e9ea69a,3074,77.0,37.0,interior,-0.0,-0.0,-0.0,-0.0,-0.0,-0.0
9,9,unloading,0.5,19c273312df4e1cb042a71e4e24ebfe180c177c7d0dada5d1ab148841e9ea69a,3075,78.0,37.0,physical_only,-5.011264021928161e-08,1.8119568695888945e-09,-3.381924883327283e-08,7.674950277443725e-08,-1.6293391386008784e-08,-7.493754590484808e-08
9,9,unloading,0.5,19c273312df4e1cb042a71e4e24ebfe180c177c7d0dada5d1ab148841e9ea69a,3140,62.0,38.0,physical_only,-3.4237527490395863e-06,1.400503348913372e-07,-2.7394254721681395e-06,3.074055548520453e-08,-6.843272768714468e-07,1.0930977940613277e-07
9,9,unloading,0.5,19c273312df4e1cb042a71e4e24ebfe180c177c7d0dada5d1ab148841e9ea69a,3141,63.0,38.0,interior,-0.0,-0.0,-0.0,-0.0,-0.0,-0.0
9,9,unloading,0.5,19c273312df4e1cb042a71e4e24ebfe180c177c7d0dada5d1ab148841e9ea69a,3142,64.0,38.0,interior,-0.0,-0.0,-0.0,-0.0,-0.0,-0.0
9,9,unloading,0.5,19c273312df4e1cb042a71e4e24ebfe180c177c7d0dada5d1ab148841e9ea69a,3143,65.0,38.0,interior,-0.0,-0.0,-0.0,-0.0,-0.0,-0.0
9,9,unloading,0.5,19c273312df4e1cb042a71e4e24ebfe180c177c7d0dada5d1ab148841e9ea69a,3144,66.0,38.0,interior,-0.0,-0.0,-0.0,-0.0,-0.0,-0.0
9,9,unloading,0.5,19c273312df4e1cb042a71e4e24ebfe180c177c7d0dada5d1ab148841e9ea69a,3145,67.0,38.0,interior,-0.0,-0.0,-0.0,-0.0,-0.0,-0.0
9,9,unloading,0.5,19c273312df4e1cb042a71e4e24ebfe180c177c7d0dada5d1ab148841e9ea69a,3146,68.0,38.0,interior,-0.0,-0.0,-0.0,-0.0,-0.0,-0.0
9,9,unloading,0.5,19c273312df4e1cb042a71e4e24ebfe180c177c7d0dada5d1ab148841e9ea69a,3147,69.0,38.0,interior,-0.0,-0.0,-0.0,-0.0,-0.0,-0.0
9,9,unloading,0.5,19c273312df4e1cb042a71e4e24ebfe180c177c7d0dada5d1ab148841e9ea69a,3148,70.0,38.0,interior,-0.0,-0.0,-0.0,-0.0,-0.0,-0.0
9,9,unloading,0.5,19c273312df4e1cb042a71e4e24ebfe180c177c7d0dada5d1ab148841e9ea69a,3149,71.0,38.0,interior,-0.0,-0.0,-0.0,-0.0,-0.0,-0.0
9,9,unloading,0.5,19c273312df4e1cb042a71e4e24ebfe180c177c7d0dada5d1ab148841e9ea69a,3150,72.0,38.0,interior,-0.0,-0.0,-0.0,-0.0,-0.0,-0.0
9,9,unloading,0.5,19c273312df4e1cb042a71e4e24ebfe180c177c7d0dada5d1ab148841e9ea69a,3151,73.0,38.0,interior,-0.0,-0.0,-0.0,-0.0,-0.0,-0.0
9,9,unloading,0.5,19c273312df4e1cb042a71e4e24ebfe180c177c7d0dada5d1ab148841e9ea69a,3152,74.0,38.0,interior,-0.0,-0.0,-0.0,-0.0,-0.0,-0.0
9,9,unloading,0.5,19c273312df4e1cb042a71e4e24ebfe180c177c7d0dada5d1ab148841e9ea69a,3153,75.0,38.0,interior,-0.0,-0.0,-0.0,-0.0,-0.0,-0.0
9,9,unloading,0.5,19c273312df4e1cb042a71e4e24ebfe180c177c7d0dada5d1ab148841e9ea69a,3154,76.0,38.0,interior,-0.0,-0.0,-0.0,-0.0,-0.0,-0.0
9,9,unloading,0.5,19c273312df4e1cb042a71e4e24ebfe180c177c7d0dada5d1ab148841e9ea69a,3155,77.0,38.0,interior,-0.0,-0.0,-0.0,-0.0,-0.0,-0.0
9,9,unloading,0.5,19c273312df4e1cb042a71e4e24ebfe180c177c7d0dada5d1ab148841e9ea69a,3156,78.0,38.0,physical_only,-4.97128684603839e-08,1.2037496425532958e-09,-3.401015669656031e-08,5.103103080385554e-08,-1.57027117638236e-08,-4.982728116130398e-08
9,9,unloading,0.5,19c273312df4e1cb042a71e4e24ebfe180c177c7d0dada5d1ab148841e9ea69a,3221,62.0,39.0,physical_only,-3.492590556389643e-06,7.591154440291021e-08,-2.7573303236341243e-06,1.564981548432579e-08,-7.352602327555192e-07,6.02617289185841e-08
9,9,unloading,0.5,19c273312df4e1cb042a71e4e24ebfe180c177c7d0dada5d1ab148841e9ea69a,3222,63.0,39.0,interior,-0.0,-0.0,-0.0,-0.0,-0.0,-0.0
9,9,unloading,0.5,19c273312df4e1cb042a71e4e24ebfe180c177c7d0dada5d1ab148841e9ea69a,3223,64.0,39.0,interior,-0.0,-0.0,-0.0,-0.0,-0.0,-0.0
9,9,unloading,0.5,19c273312df4e1cb042a71e4e24ebfe180c177c7d0dada5d1ab148841e9ea69a,3224,65.0,39.0,interior,-0.0,-0.0,-0.0,-0.0,-0.0,-0.0
9,9,unloading,0.5,19c273312df4e1cb042a71e4e24ebfe180c177c7d0dada5d1ab148841e9ea69a,3225,66.0,39.0,interior,-0.0,-0.0,-0.0,-0.0,-0.0,-0.0
9,9,unloading,0.5,19c273312df4e1cb042a71e4e24ebfe180c177c7d0dada5d1ab148841e9ea69a,3226,67.0,39.0,interior,-0.0,-0.0,-0.0,-0.0,-0.0,-0.0
9,9,unloading,0.5,19c273312df4e1cb042a71e4e24ebfe180c177c7d0dada5d1ab148841e9ea69a,3227,68.0,39.0,interior,-0.0,-0.0,-0.0,-0.0,-0.0,-0.0
9,9,unloading,0.5,19c273312df4e1cb042a71e4e24ebfe180c177c7d0dada5d1ab148841e9ea69a,3228,69.0,39.0,interior,-0.0,-0.0,-0.0,-0.0,-0.0,-0.0
9,9,unloading,0.5,19c273312df4e1cb042a71e4e24ebfe180c177c7d0dada5d1ab148841e9ea69a,3229,70.0,39.0,interior,-0.0,-0.0,-0.0,-0.0,-0.0,-0.0
9,9,unloading,0.5,19c273312df4e1cb042a71e4e24ebfe180c177c7d0dada5d1ab148841e9ea69a,3230,71.0,39.0,interior,-0.0,-0.0,-0.0,-0.0,-0.0,-0.0
9,9,unloading,0.5,19c273312df4e1cb042a71e4e24ebfe180c177c7d0dada5d1ab148841e9ea69a,3231,72.0,39.0,interior,-0.0,-0.0,-0.0,-0.0,-0.0,-0.0
9,9,unloading,0.5,19c273312df4e1cb042a71e4e24ebfe180c177c7d0dada5d1ab148841e9ea69a,3232,73.0,39.0,interior,-0.0,-0.0,-0.0,-0.0,-0.0,-0.0
9,9,unloading,0.5,19c273312df4e1cb042a71e4e24ebfe180c177c7d0dada5d1ab148841e9ea69a,3233,74.0,39.0,interior,-0.0,-0.0,-0.0,-0.0,-0.0,-0.0
9,9,unloading,0.5,19c273312df4e1cb042a71e4e24ebfe180c177c7d0dada5d1ab148841e9ea69a,3234,75.0,39.0,interior,-0.0,-0.0,-0.0,-0.0,-0.0,-0.0
9,9,unloading,0.5,19c273312df4e1cb042a71e4e24ebfe180c177c7d0dada5d1ab148841e9ea69a,3235,76.0,39.0,interior,-0.0,-0.0,-0.0,-0.0,-0.0,-0.0
9,9,unloading,0.5,19c273312df4e1cb042a71e4e24ebfe180c177c7d0dada5d1ab148841e9ea69a,3236,77.0,39.0,interior,-0.0,-0.0,-0.0,-0.0,-0.0,-0.0
9,9,unloading,0.5,19c273312df4e1cb042a71e4e24ebfe180c177c7d0dada5d1ab148841e9ea69a,3237,78.0,39.0,physical_only,-4.947350343537575e-08,6.006109421572168e-10,-3.4122309265011346e-08,2.5474976189524823e-08,-1.5351194170364404e-08,-2.4874365247365426e-08
9,9,unloading,0.5,19c273312df4e1cb042a71e4e24ebfe180c177c7d0dada5d1ab148841e9ea69a,3302,62.0,40.0,physical_and_cut,-1.7574791207579483e-06,-2.565690951211727e-06,-1.3816956802413369e-06,-6.124889190332207e-07,-3.7578344051661146e-07,-1.9532020321785062e-06
9,9,unloading,0.5,19c273312df4e1cb042a71e4e24ebfe180c177c7d0dada5d1ab148841e9ea69a,3303,63.0,40.0,cut_only,-0.0,-0.0,-0.0,-0.0,-0.0,-0.0
9,9,unloading,0.5,19c273312df4e1cb042a71e4e24ebfe180c177c7d0dada5d1ab148841e9ea69a,3304,64.0,40.0,cut_only,-0.0,-0.0,-0.0,-0.0,-0.0,-0.0
9,9,unloading,0.5,19c273312df4e1cb042a71e4e24ebfe180c177c7d0dada5d1ab148841e9ea69a,3305,65.0,40.0,cut_only,-0.0,-0.0,-0.0,-0.0,-0.0,-0.0
9,9,unloading,0.5,19c273312df4e1cb042a71e4e24ebfe180c177c7d0dada5d1ab148841e9ea69a,3306,66.0,40.0,cut_only,-0.0,-0.0,-0.0,-0.0,-0.0,-0.0
9,9,unloading,0.5,19c273312df4e1cb042a71e4e24ebfe180c177c7d0dada5d1ab148841e9ea69a,3307,67.0,40.0,cut_only,-0.0,-0.0,-0.0,-0.0,-0.0,-0.0
9,9,unloading,0.5,19c273312df4e1cb042a71e4e24ebfe180c177c7d0dada5d1ab148841e9ea69a,3308,68.0,40.0,cut_only,-0.0,-0.0,-0.0,-0.0,-0.0,-0.0
9,9,unloading,0.5,19c273312df4e1cb042a71e4e24ebfe180c177c7d0dada5d1ab148841e9ea69a,3309,69.0,40.0,cut_only,-0.0,-0.0,-0.0,-0.0,-0.0,-0.0
9,9,unloading,0.5,19c273312df4e1cb042a71e4e24ebfe180c177c7d0dada5d1ab148841e9ea69a,3310,70.0,40.0,cut_only,-0.0,-0.0,-0.0,-0.0,-0.0,-0.0
9,9,unloading,0.5,19c273312df4e1cb042a71e4e24ebfe180c177c7d0dada5d1ab148841e9ea69a,3311,71.0,40.0,cut_only,-0.0,-0.0,-0.0,-0.0,-0.0,-0.0
9,9,unloading,0.5,19c273312df4e1cb042a71e4e24ebfe180c177c7d0dada5d1ab148841e9ea69a,3312,72.0,40.0,cut_only,-0.0,-0.0,-0.0,-0.0,-0.0,-0.0
9,9,unloading,0.5,19c273312df4e1cb042a71e4e24ebfe180c177c7d0dada5d1ab148841e9ea69a,3313,73.0,40.0,cut_only,-0.0,-0.0,-0.0,-0.0,-0.0,-0.0
9,9,unloading,0.5,19c273312df4e1cb042a71e4e24ebfe180c177c7d0dada5d1ab148841e9ea69a,3314,74.0,40.0,cut_only,-0.0,-0.0,-0.0,-0.0,-0.0,-0.0
9,9,unloading,0.5,19c273312df4e1cb042a71e4e24ebfe180c177c7d0dada5d1ab148841e9ea69a,3315,75.0,40.0,cut_only,-0.0,-0.0,-0.0,-0.0,-0.0,-0.0
9,9,unloading,0.5,19c273312df4e1cb042a71e4e24ebfe180c177c7d0dada5d1ab148841e9ea69a,3316,76.0,40.0,cut_only,-0.0,-0.0,-0.0,-0.0,-0.0,-0.0
9,9,unloading,0.5,19c273312df4e1cb042a71e4e24ebfe180c177c7d0dada5d1ab148841e9ea69a,3317,77.0,40.0,cut_only,-0.0,-0.0,-0.0,-0.0,-0.0,-0.0
9,9,unloading,0.5,19c273312df4e1cb042a71e4e24ebfe180c177c7d0dada5d1ab148841e9ea69a,3318,78.0,40.0,physical_and_cut,-2.469689901601339e-08,-7.73800538074108e-06,-1.7079648194996102e-08,1.9605968861716833e-08,-7.617250821017288e-09,-7.757611349602797e-06
10,10,unloading,0.25,d40d5a72d83a8c742a7b1754d50684aaf6dfcbe86277ed516efa0dff6fd4ad2b,2654,62.0,32.0,physical_only,-5.449494742093199e-05,7.676119403071361e-06,-1.5871154775816085e-06,8.209392718234114e-07,-5.2907831943350365e-05,6.855180131247949e-06
10,10,unloading,0.25,d40d5a72d83a8c742a7b1754d50684aaf6dfcbe86277ed516efa0dff6fd4ad2b,2655,63.0,32.0,physical_only,-4.860879860022516e-07,3.87075761333142e-07,-4.4238418085105274e-07,8.408268676571049e-07,-4.3703805151198755e-08,-4.537511063239614e-07
10,10,unloading,0.25,d40d5a72d83a8c742a7b1754d50684aaf6dfcbe86277ed516efa0dff6fd4ad2b,2656,64.0,32.0,physical_only,-4.049125000223415e-07,3.4025584511448303e-07,-4.4384464391742106e-07,1.0231977910162265e-06,3.893214389507958e-08,-6.829419459017452e-07
10,10,unloading,0.25,d40d5a72d83a8c742a7b1754d50684aaf6dfcbe86277ed516efa0dff6fd4ad2b,2657,65.0,32.0,physical_only,-4.208474592596799e-07,3.1172211840470207e-07,-4.459124261681693e-07,1.2092197813934933e-06,2.5064966908489346e-08,-8.974976629887861e-07
10,10,unloading,0.25,d40d5a72d83a8c742a7b1754d50684aaf6dfcbe86277ed516efa0dff6fd4ad2b,2658,66.0,32.0,physical_only,-4.874461086900351e-07,4.121338273503674e-07,-4.4835397245399327e-07,1.4003220583120835e-06,-3.909213623604178e-08,-9.881882309617195e-07
10,10,unloading,0.25,d40d5a72d83a8c742a7b1754d50684aaf6dfcbe86277ed516efa0dff6fd4ad2b,2659,67.0,32.0,physical_only,-5.438751187227089e-07,6.237054901999547e-07,-4.507003008826392e-07,1.597054485440321e-06,-9.317481784006966e-08,-9.733489952403664e-07
10,10,unloading,0.25,d40d5a72d83a8c742a7b1754d50684aaf6dfcbe86277ed516efa0dff6fd4ad2b,2660,68.0,32.0,physical_only,-5.486980721617318e-07,8.62120259343004e-07,-4.5268448745073405e-07,1.7992216961028692e-06,-9.601358471099763e-08,-9.371014367598652e-07
10,10,unloading,0.25,d40d5a72d83a8c742a7b1754d50684aaf6dfcbe86277ed516efa0dff6fd4ad2b,2661,69.0,32.0,physical_only,-5.573855841534289e-07,1.0958572729999622e-06,-4.5420057320028204e-07,2.0063135658933256e-06,-1.0318501095314692e-07,-9.104562928933617e-07
10,10,unloading,0.25,d40d5a72d83a8c742a7b1754d50684aaf6dfcbe86277ed516efa0dff6fd4ad2b,2662,70.0,32.0,physical_only,-5.659451143143728e-07,1.3434868386722712e-06,-4.5527083596060724e-07,2.217765377430661e-06,-1.1067427835376559e-07,-8.742785387583851e-07
10,10,unloading,0.25,d40d5a72d83a8c742a7b1754d50684aaf6dfcbe86277ed516efa0dff6fd4ad2b,2663,71.0,32.0,physical_only,-5.746101678083071e-07,1.603611690648801e-06,-4.5588133392673864e-07,2.4330084139573714e-06,-1.1872883388156855e-07,-8.293967233085708e-07
10,10,unloading,0.25,d40d5a72d83a8c742a7b1754d50684aaf6dfcbe86277ed516efa0dff6fd4ad2b,2664,72.0,32.0,physical_only,-5.83022283568655e-07,1.874863518222682e-06,-4.5602369874532605e-07,2.6514393187547994e-06,-1.269985848233289e-07,-7.765758005321194e-07
10,10,unloading,0.25,d40d5a72d83a8c742a7b1754d50684aaf6dfcbe86277ed516efa0dff6fd4ad2b,2665,73.0,32.0,physical_only,-5.96186098785845e-07,2.174462927993146e-06,-4.556574647769014e-07,2.872389137712217e-06,-1.4052863400894374e-07,-6.979262097190694e-07
10,10,unloading,0.25,d40d5a72d83a8c742a7b1754d50684aaf6dfcbe86277ed516efa0dff6fd4ad2b,2666,74.0,32.0,physical_only,-5.612804554808629e-07,2.4781845340844503e-06,-4.548339690746456e-07,3.0951646391367575e-06,-1.0644648640621732e-07,-6.169801050523089e-07
10,10,unloading,0.25,d40d5a72d83a8c742a7b1754d50684aaf6dfcbe86277ed516efa0dff6fd4ad2b,2667,75.0,32.0,physical_only,-5.005400057670638e-07,2.7140455425814873e-06,-4.537149696685587e-07,3.3192369421611017e-06,-4.682503609850506e-08,-6.051913995796149e-07
10,10,unloading,0.25,d40d5a72d83a8c742a7b1754d50684aaf6dfcbe86277ed516efa0dff6fd4ad2b,2668,76.0,32.0,physical_only,-4.3707020633256667e-07,2.8290732828157995e-06,-4.5266827169557786e-07,3.54460008018588e-06,1.5598065363011086e-08,-7.155267973700821e-07
10,10,unloading,0.25,d40d5a72d83a8c742a7b1754d50684aaf6dfcbe86277ed516efa0dff6fd4ad2b,2669,77.0,32.0,physical_only,-4.4035167586383806e-07,2.9309404357437013e-06,-4.5189071857996226e-07,3.771837654909907e-06,1.1539042716124192e-08,-8.408972191662032e-07
10,10,unloading,0.25,d40d5a72d83a8c742a7b1754d50684aaf6dfcbe86277ed516efa0dff6fd4ad2b,2670,78.0,32.0,physical_only,4.3388140325567337e-07,3.8356859533632505e-05,-4.380623390756652e-07,4.052625259195364e-06,8.719437423313386e-07,3.430423427443714e-05
10,10,unloading,0.25,d40d5a72d83a8c742a7b1754d50684aaf6dfcbe86277ed516efa0dff6fd4ad2b,2735,62.0,33.0,physical_only,-2.0148990074965357e-06,-4.832438961361899e-07,-1.2939340297356942e-06,5.4641059114209894e-08,-7.209649777608417e-07,-5.378849552503996e-07
10,10,unloading,0.25,d40d5a72d83a8c742a7b1754d50684aaf6dfcbe86277ed516efa0dff6fd4ad2b,2736,63.0,33.0,interior,-0.0,-0.0,-0.0,-0.0,-0.0,-0.0
10,10,unloading,0.25,d40d5a72d83a8c742a7b1754d50684aaf6dfcbe86277ed516efa0dff6fd4ad2b,2737,64.0,33.0,interior,-0.0,-0.0,-0.0,-0.0,-0.0,-0.0
10,10,unloading,0.25,d40d5a72d83a8c742a7b1754d50684aaf6dfcbe86277ed516efa0dff6fd4ad2b,2738,65.0,33.0,interior,-0.0,-0.0,-0.0,-0.0,-0.0,-0.0
10,10,unloading,0.25,d40d5a72d83a8c742a7b1754d50684aaf6dfcbe86277ed516efa0dff6fd4ad2b,2739,66.0,33.0,interior,-0.0,-0.0,-0.0,-0.0,-0.0,-0.0
10,10,unloading,0.25,d40d5a72d83a8c742a7b1754d50684aaf6dfcbe86277ed516efa0dff6fd4ad2b,2740,67.0,33.0,interior,-0.0,-0.0,-0.0,-0.0,-0.0,-0.0
10,10,unloading,0.25,d40d5a72d83a8c742a7b1754d50684aaf6dfcbe86277ed516efa0dff6fd4ad2b,2741,68.0,33.0,interior,-0.0,-0.0,-0.0,-0.0,-0.0,-0.0
10,10,unloading,0.25,d40d5a72d83a8c742a7b1754d50684aaf6dfcbe86277ed516efa0dff6fd4ad2b,2742,69.0,33.0,interior,-0.0,-0.0,-0.0,-0.0,-0.0,-0.0
10,10,unloading,0.25,d40d5a72d83a8c742a7b1754d50684aaf6dfcbe86277ed516efa0dff6fd4ad2b,2743,70.0,33.0,interior,-0.0,-0.0,-0.0,-0.0,-0.0,-0.0
10,10,unloading,0.25,d40d5a72d83a8c742a7b1754d50684aaf6dfcbe86277ed516efa0dff6fd4ad2b,2744,71.0,33.0,interior,-0.0,-0.0,-0.0,-0.0,-0.0,-0.0
10,10,unloading,0.25,d40d5a72d83a8c742a7b1754d50684aaf6dfcbe86277ed516efa0dff6fd4ad2b,2745,72.0,33.0,interior,-0.0,-0.0,-0.0,-0.0,-0.0,-0.0
10,10,unloading,0.25,d40d5a72d83a8c742a7b1754d50684aaf6dfcbe86277ed516efa0dff6fd4ad2b,2746,73.0,33.0,interior,-0.0,-0.0,-0.0,-0.0,-0.0,-0.0
10,10,unloading,0.25,d40d5a72d83a8c742a7b1754d50684aaf6dfcbe86277ed516efa0dff6fd4ad2b,2747,74.0,33.0,interior,-0.0,-0.0,-0.0,-0.0,-0.0,-0.0
10,10,unloading,0.25,d40d5a72d83a8c742a7b1754d50684aaf6dfcbe86277ed516efa0dff6fd4ad2b,2748,75.0,33.0,interior,-0.0,-0.0,-0.0,-0.0,-0.0,-0.0
10,10,unloading,0.25,d40d5a72d83a8c742a7b1754d50684aaf6dfcbe86277ed516efa0dff6fd4ad2b,2749,76.0,33.0,interior,-0.0,-0.0,-0.0,-0.0,-0.0,-0.0
10,10,unloading,0.25,d40d5a72d83a8c742a7b1754d50684aaf6dfcbe86277ed516efa0dff6fd4ad2b,2750,77.0,33.0,interior,-0.0,-0.0,-0.0,-0.0,-0.0,-0.0
10,10,unloading,0.25,d40d5a72d83a8c742a7b1754d50684aaf6dfcbe86277ed516efa0dff6fd4ad2b,2751,78.0,33.0,physical_only,-2.5951552032166668e-08,1.7397374771361605e-09,-9.421670978170016e-09,9.127378989494722e-08,-1.6529881053996625e-08,-8.953405241781088e-08
10,10,unloading,0.25,d40d5a72d83a8c742a7b1754d50684aaf6dfcbe86277ed516efa0dff6fd4ad2b,2816,62.0,34.0,physical_only,-1.6998859367577364e-06,-2.342292666685831e-07,-1.3295474458058828e-06,4.4804337671137596e-08,-3.7033849095185385e-07,-2.790336043397209e-07
10,10,unloading,0.25,d40d5a72d83a8c742a7b1754d50684aaf6dfcbe86277ed516efa0dff6fd4ad2b,2817,63.0,34.0,interior,-0.0,-0.0,-0.0,-0.0,-0.0,-0.0
10,10,unloading,0.25,d40d5a72d83a8c742a7b1754d50684aaf6dfcbe86277ed516efa0dff6fd4ad2b,2818,64.0,34.0,interior,-0.0,-0.0,-0.0,-0.0,-0.0,-0.0
10,10,unloading,0.25,d40d5a72d83a8c742a7b1754d50684aaf6dfcbe86277ed516efa0dff6fd4ad2b,2819,65.0,34.0,interior,-0.0,-0.0,-0.0,-0.0,-0.0,-0.0
10,10,unloading,0.25,d40d5a72d83a8c742a7b1754d50684aaf6dfcbe86277ed516efa0dff6fd4ad2b,2820,66.0,34.0,interior,-0.0,-0.0,-0.0,-0.0,-0.0,-0.0
10,10,unloading,0.25,d40d5a72d83a8c742a7b1754d50684aaf6dfcbe86277ed516efa0dff6fd4ad2b,2821,67.0,34.0,interior,-0.0,-0.0,-0.0,-0.0,-0.0,-0.0
10,10,unloading,0.25,d40d5a72d83a8c742a7b1754d50684aaf6dfcbe86277ed516efa0dff6fd4ad2b,2822,68.0,34.0,interior,-0.0,-0.0,-0.0,-0.0,-0.0,-0.0
10,10,unloading,0.25,d40d5a72d83a8c742a7b1754d50684aaf6dfcbe86277ed516efa0dff6fd4ad2b,2823,69.0,34.0,interior,-0.0,-0.0,-0.0,-0.0,-0.0,-0.0
10,10,unloading,0.25,d40d5a72d83a8c742a7b1754d50684aaf6dfcbe86277ed516efa0dff6fd4ad2b,2824,70.0,34.0,interior,-0.0,-0.0,-0.0,-0.0,-0.0,-0.0
10,10,unloading,0.25,d40d5a72d83a8c742a7b1754d50684aaf6dfcbe86277ed516efa0dff6fd4ad2b,2825,71.0,34.0,interior,-0.0,-0.0,-0.0,-0.0,-0.0,-0.0
10,10,unloading,0.25,d40d5a72d83a8c742a7b1754d50684aaf6dfcbe86277ed516efa0dff6fd4ad2b,2826,72.0,34.0,interior,-0.0,-0.0,-0.0,-0.0,-0.0,-0.0
10,10,unloading,0.25,d40d5a72d83a8c742a7b1754d50684aaf6dfcbe86277ed516efa0dff6fd4ad2b,2827,73.0,34.0,interior,-0.0,-0.0,-0.0,-0.0,-0.0,-0.0
10,10,unloading,0.25,d40d5a72d83a8c742a7b1754d50684aaf6dfcbe86277ed516efa0dff6fd4ad2b,2828,74.0,34.0,interior,-0.0,-0.0,-0.0,-0.0,-0.0,-0.0
10,10,unloading,0.25,d40d5a72d83a8c742a7b1754d50684aaf6dfcbe86277ed516efa0dff6fd4ad2b,2829,75.0,34.0,interior,-0.0,-0.0,-0.0,-0.0,-0.0,-0.0
10,10,unloading,0.25,d40d5a72d83a8c742a7b1754d50684aaf6dfcbe86277ed516efa0dff6fd4ad2b,2830,76.0,34.0,interior,-0.0,-0.0,-0.0,-0.0,-0.0,-0.0
10,10,unloading,0.25,d40d5a72d83a8c742a7b1754d50684aaf6dfcbe86277ed516efa0dff6fd4ad2b,2831,77.0,34.0,interior,-0.0,-0.0,-0.0,-0.0,-0.0,-0.0
10,10,unloading,0.25,d40d5a72d83a8c742a7b1754d50684aaf6dfcbe86277ed516efa0dff6fd4ad2b,2832,78.0,34.0,physical_only,-2.5436868311846034e-08,1.4822233065855882e-09,-1.0091541664188383e-08,7.769824345425543e-08,-1.5345326647657658e-08,-7.621602014766949e-08
10,10,unloading,0.25,d40d5a72d83a8c742a7b1754d50684aaf6dfcbe86277ed516efa0dff6fd4ad2b,2897,62.0,35.0,physical_only,-1.6222504627757473e-06,-3.326776433276803e-08,-1.3583651944147498e-06,3.73636934107093e-08,-2.6388526836099745e-07,-7.063145774347733e-08
10,10,unloading,0.25,d40d5a72d83a8c742a7b1754d50684aaf6dfcbe86277ed516efa0dff6fd4ad2b,2898,63.0,35.0,interior,-0.0,-0.0,-0.0,-0.0,-0.0,-0.0
10,10,unloading,0.25,d40d5a72d83a8c742a7b1754d50684aaf6dfcbe86277ed516efa0dff6fd4ad2b,2899,64.0,35.0,interior,-0.0,-0.0,-0.0,-0.0,-0.0,-0.0
10,10,unloading,0.25,d40d5a72d83a8c742a7b1754d50684aaf6dfcbe86277ed516efa0dff6fd4ad2b,2900,65.0,35.0,interior,-0.0,-0.0,-0.0,-0.0,-0.0,-0.0
10,10,unloading,0.25,d40d5a72d83a8c742a7b1754d50684aaf6dfcbe86277ed516efa0dff6fd4ad2b,2901,66.0,35.0,interior,-0.0,-0.0,-0.0,-0.0,-0.0,-0.0
10,10,unloading,0.25,d40d5a72d83a8c742a7b1754d50684aaf6dfcbe86277ed516efa0dff6fd4ad2b,2902,67.0,35.0,interior,-0.0,-0.0,-0.0,-0.0,-0.0,-0.0
10,10,unloading,0.25,d40d5a72d83a8c742a7b1754d50684aaf6dfcbe86277ed516efa0dff6fd4ad2b,2903,68.0,35.0,interior,-0.0,-0.0,-0.0,-0.0,-0.0,-0.0
10,10,unloading,0.25,d40d5a72d83a8c742a7b1754d50684aaf6dfcbe86277ed516efa0dff6fd4ad2b,2904,69.0,35.0,interior,-0.0,-0.0,-0.0,-0.0,-0.0,-0.0
10,10,unloading,0.25,d40d5a72d83a8c742a7b1754d50684aaf6dfcbe86277ed516efa0dff6fd4ad2b,2905,70.0,35.0,interior,-0.0,-0.0,-0.0,-0.0,-0.0,-0.0
10,10,unloading,0.25,d40d5a72d83a8c742a7b1754d50684aaf6dfcbe86277ed516efa0dff6fd4ad2b,2906,71.0,35.0,interior,-0.0,-0.0,-0.0,-0.0,-0.0,-0.0
10,10,unloading,0.25,d40d5a72d83a8c742a7b1754d50684aaf6dfcbe86277ed516efa0dff6fd4ad2b,2907,72.0,35.0,interior,-0.0,-0.0,-0.0,-0.0,-0.0,-0.0
10,10,unloading,0.25,d40d5a72d83a8c742a7b1754d50684aaf6dfcbe86277ed516efa0dff6fd4ad2b,2908,73.0,35.0,interior,-0.0,-0.0,-0.0,-0.0,-0.0,-0.0
10,10,unloading,0.25,d40d5a72d83a8c742a7b1754d50684aaf6dfcbe86277ed516efa0dff6fd4ad2b,2909,74.0,35.0,interior,-0.0,-0.0,-0.0,-0.0,-0.0,-0.0
10,10,unloading,0.25,d40d5a72d83a8c742a7b1754d50684aaf6dfcbe86277ed516efa0dff6fd4ad2b,2910,75.0,35.0,interior,-0.0,-0.0,-0.0,-0.0,-0.0,-0.0
10,10,unloading,0.25,d40d5a72d83a8c742a7b1754d50684aaf6dfcbe86277ed516efa0dff6fd4ad2b,2911,76.0,35.0,interior,-0.0,-0.0,-0.0,-0.0,-0.0,-0.0
10,10,unloading,0.25,d40d5a72d83a8c742a7b1754d50684aaf6dfcbe86277ed516efa0dff6fd4ad2b,2912,77.0,35.0,interior,-0.0,-0.0,-0.0,-0.0,-0.0,-0.0
10,10,unloading,0.25,d40d5a72d83a8c742a7b1754d50684aaf6dfcbe86277ed516efa0dff6fd4ad2b,2913,78.0,35.0,physical_only,-2.5004023161927415e-08,1.2288662581336953e-09,-1.0637827904792538e-08,6.437174339500297e-08,-1.4366195257134887e-08,-6.314287713686854e-08
10,10,unloading,0.25,d40d5a72d83a8c742a7b1754d50684aaf6dfcbe86277ed516efa0dff6fd4ad2b,2978,62.0,36.0,physical_only,-1.6724254093657073e-06,7.541897145337698e-08,-1.3824565471074897e-06,3.0668337619890844e-08,-2.899688622582181e-07,4.475063383348629e-08
10,10,unloading,0.25,d40d5a72d83a8c742a7b1754d50684aaf6dfcbe86277ed516efa0dff6fd4ad2b,2979,63.0,36.0,interior,-0.0,-0.0,-0.0,-0.0,-0.0,-0.0
10,10,unloading,0.25,d40d5a72d83a8c742a7b1754d50684aaf6dfcbe86277ed516efa0dff6fd4ad2b,2980,64.0,36.0,interior,-0.0,-0.0,-0.0,-0.0,-0.0,-0.0
10,10,unloading,0.25,d40d5a72d83a8c742a7b1754d50684aaf6dfcbe86277ed516efa0dff6fd4ad2b,2981,65.0,36.0,interior,-0.0,-0.0,-0.0,-0.0,-0.0,-0.0
10,10,unloading,0.25,d40d5a72d83a8c742a7b1754d50684aaf6dfcbe86277ed516efa0dff6fd4ad2b,2982,66.0,36.0,interior,-0.0,-0.0,-0.0,-0.0,-0.0,-0.0
10,10,unloading,0.25,d40d5a72d83a8c742a7b1754d50684aaf6dfcbe86277ed516efa0dff6fd4ad2b,2983,67.0,36.0,interior,-0.0,-0.0,-0.0,-0.0,-0.0,-0.0
10,10,unloading,0.25,d40d5a72d83a8c742a7b1754d50684aaf6dfcbe86277ed516efa0dff6fd4ad2b,2984,68.0,36.0,interior,-0.0,-0.0,-0.0,-0.0,-0.0,-0.0
10,10,unloading,0.25,d40d5a72d83a8c742a7b1754d50684aaf6dfcbe86277ed516efa0dff6fd4ad2b,2985,69.0,36.0,interior,-0.0,-0.0,-0.0,-0.0,-0.0,-0.0
10,10,unloading,0.25,d40d5a72d83a8c742a7b1754d50684aaf6dfcbe86277ed516efa0dff6fd4ad2b,2986,70.0,36.0,interior,-0.0,-0.0,-0.0,-0.0,-0.0,-0.0
10,10,unloading,0.25,d40d5a72d83a8c742a7b1754d50684aaf6dfcbe86277ed516efa0dff6fd4ad2b,2987,71.0,36.0,interior,-0.0,-0.0,-0.0,-0.0,-0.0,-0.0
10,10,unloading,0.25,d40d5a72d83a8c742a7b1754d50684aaf6dfcbe86277ed516efa0dff6fd4ad2b,2988,72.0,36.0,interior,-0.0,-0.0,-0.0,-0.0,-0.0,-0.0
10,10,unloading,0.25,d40d5a72d83a8c742a7b1754d50684aaf6dfcbe86277ed516efa0dff6fd4ad2b,2989,73.0,36.0,interior,-0.0,-0.0,-0.0,-0.0,-0.0,-0.0
10,10,unloading,0.25,d40d5a72d83a8c742a7b1754d50684aaf6dfcbe86277ed516efa0dff6fd4ad2b,2990,74.0,36.0,interior,-0.0,-0.0,-0.0,-0.0,-0.0,-0.0
10,10,unloading,0.25,d40d5a72d83a8c742a7b1754d50684aaf6dfcbe86277ed516efa0dff6fd4ad2b,2991,75.0,36.0,interior,-0.0,-0.0,-0.0,-0.0,-0.0,-0.0
10,10,unloading,0.25,d40d5a72d83a8c742a7b1754d50684aaf6dfcbe86277ed516efa0dff6fd4ad2b,2992,76.0,36.0,interior,-0.0,-0.0,-0.0,-0.0,-0.0,-0.0
10,10,unloading,0.25,d40d5a72d83a8c742a7b1754d50684aaf6dfcbe86277ed516efa0dff6fd4ad2b,2993,77.0,36.0,interior,-0.0,-0.0,-0.0,-0.0,-0.0,-0.0
10,10,unloading,0.25,d40d5a72d83a8c742a7b1754d50684aaf6dfcbe86277ed516efa0dff6fd4ad2b,2994,78.0,36.0,physical_only,-2.4651683573323676e-08,9.789632138644866e-10,-1.1070989512900443e-08,5.12515610214665e-08,-1.358069406042323e-08,-5.027259780760249e-08
10,10,unloading,0.25,d40d5a72d83a8c742a7b1754d50684aaf6dfcbe86277ed516efa0dff6fd4ad2b,3059,62.0,37.0,physical_only,-1.7588052312322514e-06,1.0772567004741838e-07,-1.4021109676926321e-06,2.375151875928249e-08,-3.5669426353961923e-07,8.397415128813594e-08
10,10,unloading,0.25,d40d5a72d83a8c742a7b1754d50684aaf6dfcbe86277ed516efa0dff6fd4ad2b,3060,63.0,37.0,interior,-0.0,-0.0,-0.0,-0.0,-0.0,-0.0
10,10,unloading,0.25,d40d5a72d83a8c742a7b1754d50684aaf6dfcbe86277ed516efa0dff6fd4ad2b,3061,64.0,37.0,interior,-0.0,-0.0,-0.0,-0.0,-0.0,-0.0
10,10,unloading,0.25,d40d5a72d83a8c742a7b1754d50684aaf6dfcbe86277ed516efa0dff6fd4ad2b,3062,65.0,37.0,interior,-0.0,-0.0,-0.0,-0.0,-0.0,-0.0
10,10,unloading,0.25,d40d5a72d83a8c742a7b1754d50684aaf6dfcbe86277ed516efa0dff6fd4ad2b,3063,66.0,37.0,interior,-0.0,-0.0,-0.0,-0.0,-0.0,-0.0
10,10,unloading,0.25,d40d5a72d83a8c742a7b1754d50684aaf6dfcbe86277ed516efa0dff6fd4ad2b,3064,67.0,37.0,interior,-0.0,-0.0,-0.0,-0.0,-0.0,-0.0
10,10,unloading,0.25,d40d5a72d83a8c742a7b1754d50684aaf6dfcbe86277ed516efa0dff6fd4ad2b,3065,68.0,37.0,interior,-0.0,-0.0,-0.0,-0.0,-0.0,-0.0
10,10,unloading,0.25,d40d5a72d83a8c742a7b1754d50684aaf6dfcbe86277ed516efa0dff6fd4ad2b,3066,69.0,37.0,interior,-0.0,-0.0,-0.0,-0.0,-0.0,-0.0
10,10,unloading,0.25,d40d5a72d83a8c742a7b1754d50684aaf6dfcbe86277ed516efa0dff6fd4ad2b,3067,70.0,37.0,interior,-0.0,-0.0,-0.0,-0.0,-0.0,-0.0
10,10,unloading,0.25,d40d5a72d83a8c742a7b1754d50684aaf6dfcbe86277ed516efa0dff6fd4ad2b,3068,71.0,37.0,interior,-0.0,-0.0,-0.0,-0.0,-0.0,-0.0
10,10,unloading,0.25,d40d5a72d83a8c742a7b1754d50684aaf6dfcbe86277ed516efa0dff6fd4ad2b,3069,72.0,37.0,interior,-0.0,-0.0,-0.0,-0.0,-0.0,-0.0
10,10,unloading,0.25,d40d5a72d83a8c742a7b1754d50684aaf6dfcbe86277ed516efa0dff6fd4ad2b,3070,73.0,37.0,interior,-0.0,-0.0,-0.0,-0.0,-0.0,-0.0
10,10,unloading,0.25,d40d5a72d83a8c742a7b1754d50684aaf6dfcbe86277ed516efa0dff6fd4ad2b,3071,74.0,37.0,interior,-0.0,-0.0,-0.0,-0.0,-0.0,-0.0
10,10,unloading,0.25,d40d5a72d83a8c742a7b1754d50684aaf6dfcbe86277ed516efa0dff6fd4ad2b,3072,75.0,37.0,interior,-0.0,-0.0,-0.0,-0.0,-0.0,-0.0
10,10,unloading,0.25,d40d5a72d83a8c742a7b1754d50684aaf6dfcbe86277ed516efa0dff6fd4ad2b,3073,76.0,37.0,interior,-0.0,-0.0,-0.0,-0.0,-0.0,-0.0
10,10,unloading,0.25,d40d5a72d83a8c742a7b1754d50684aaf6dfcbe86277ed516efa0dff6fd4ad2b,3074,77.0,37.0,interior,-0.0,-0.0,-0.0,-0.0,-0.0,-0.0
10,10,unloading,0.25,d40d5a72d83a8c742a7b1754d50684aaf6dfcbe86277ed516efa0dff6fd4ad2b,3075,78.0,37.0,physical_only,-2.4378763240822548e-08,7.318165727442539e-10,-1.1399405350319362e-08,3.8295637356707525e-08,-1.2979357890503179e-08,-3.7563820783961935e-08
10,10,unloading,0.25,d40d5a72d83a8c742a7b1754d50684aaf6dfcbe86277ed516efa0dff6fd4ad2b,3140,62.0,38.0,physical_only,-1.8344585202629873e-06,9.05989550796041e-08,-1.4168223236552618e-06,1.6276008952933197e-08,-4.1763619660772543e-07,7.43229461266709e-08
10,10,unloading,0.25,d40d5a72d83a8c742a7b1754d50684aaf6dfcbe86277ed516efa0dff6fd4ad2b,3141,63.0,38.0,interior,-0.0,-0.0,-0.0,-0.0,-0.0,-0.0
10,10,unloading,0.25,d40d5a72d83a8c742a7b1754d50684aaf6dfcbe86277ed516efa0dff6fd4ad2b,3142,64.0,38.0,interior,-0.0,-0.0,-0.0,-0.0,-0.0,-0.0
10,10,unloading,0.25,d40d5a72d83a8c742a7b1754d50684aaf6dfcbe86277ed516efa0dff6fd4ad2b,3143,65.0,38.0,interior,-0.0,-0.0,-0.0,-0.0,-0.0,-0.0
10,10,unloading,0.25,d40d5a72d83a8c742a7b1754d50684aaf6dfcbe86277ed516efa0dff6fd4ad2b,3144,66.0,38.0,interior,-0.0,-0.0,-0.0,-0.0,-0.0,-0.0
10,10,unloading,0.25,d40d5a72d83a8c742a7b1754d50684aaf6dfcbe86277ed516efa0dff6fd4ad2b,3145,67.0,38.0,interior,-0.0,-0.0,-0.0,-0.0,-0.0,-0.0
10,10,unloading,0.25,d40d5a72d83a8c742a7b1754d50684aaf6dfcbe86277ed516efa0dff6fd4ad2b,3146,68.0,38.0,interior,-0.0,-0.0,-0.0,-0.0,-0.0,-0.0
10,10,unloading,0.25,d40d5a72d83a8c742a7b1754d50684aaf6dfcbe86277ed516efa0dff6fd4ad2b,3147,69.0,38.0,interior,-0.0,-0.0,-0.0,-0.0,-0.0,-0.0
10,10,unloading,0.25,d40d5a72d83a8c742a7b1754d50684aaf6dfcbe86277ed516efa0dff6fd4ad2b,3148,70.0,38.0,interior,-0.0,-0.0,-0.0,-0.0,-0.0,-0.0
10,10,unloading,0.25,d40d5a72d83a8c742a7b1754d50684aaf6dfcbe86277ed516efa0dff6fd4ad2b,3149,71.0,38.0,interior,-0.0,-0.0,-0.0,-0.0,-0.0,-0.0
10,10,unloading,0.25,d40d5a72d83a8c742a7b1754d50684aaf6dfcbe86277ed516efa0dff6fd4ad2b,3150,72.0,38.0,interior,-0.0,-0.0,-0.0,-0.0,-0.0,-0.0
10,10,unloading,0.25,d40d5a72d83a8c742a7b1754d50684aaf6dfcbe86277ed516efa0dff6fd4ad2b,3151,73.0,38.0,interior,-0.0,-0.0,-0.0,-0.0,-0.0,-0.0
10,10,unloading,0.25,d40d5a72d83a8c742a7b1754d50684aaf6dfcbe86277ed516efa0dff6fd4ad2b,3152,74.0,38.0,interior,-0.0,-0.0,-0.0,-0.0,-0.0,-0.0
10,10,unloading,0.25,d40d5a72d83a8c742a7b1754d50684aaf6dfcbe86277ed516efa0dff6fd4ad2b,3153,75.0,38.0,interior,-0.0,-0.0,-0.0,-0.0,-0.0,-0.0
10,10,unloading,0.25,d40d5a72d83a8c742a7b1754d50684aaf6dfcbe86277ed516efa0dff6fd4ad2b,3154,76.0,38.0,interior,-0.0,-0.0,-0.0,-0.0,-0.0,-0.0
10,10,unloading,0.25,d40d5a72d83a8c742a7b1754d50684aaf6dfcbe86277ed516efa0dff6fd4ad2b,3155,77.0,38.0,interior,-0.0,-0.0,-0.0,-0.0,-0.0,-0.0
10,10,unloading,0.25,d40d5a72d83a8c742a7b1754d50684aaf6dfcbe86277ed516efa0dff6fd4ad2b,3156,78.0,38.0,physical_only,-2.4184419968718605e-08,4.867332303271914e-10,-1.162948207631191e-08,2.546244544380898e-08,-1.2554937892406698e-08,-2.4975712213481696e-08
10,10,unloading,0.25,d40d5a72d83a8c742a7b1754d50684aaf6dfcbe86277ed516efa0dff6fd4ad2b,3221,62.0,39.0,physical_only,-1.880967211116171e-06,4.9385593257872877e-08,-1.4259529477030493e-06,8.283197057099307e-09,-4.5501426341312153e-07,4.110239620077362e-08
10,10,unloading,0.25,d40d5a72d83a8c742a7b1754d50684aaf6dfcbe86277ed516efa0dff6fd4ad2b,3222,63.0,39.0,interior,-0.0,-0.0,-0.0,-0.0,-0.0,-0.0
10,10,unloading,0.25,d40d5a72d83a8c742a7b1754d50684aaf6dfcbe86277ed516efa0dff6fd4ad2b,3223,64.0,39.0,interior,-0.0,-0.0,-0.0,-0.0,-0.0,-0.0
10,10,unloading,0.25,d40d5a72d83a8c742a7b1754d50684aaf6dfcbe86277ed516efa0dff6fd4ad2b,3224,65.0,39.0,interior,-0.0,-0.0,-0.0,-0.0,-0.0,-0.0
10,10,unloading,0.25,d40d5a72d83a8c742a7b1754d50684aaf6dfcbe86277ed516efa0dff6fd4ad2b,3225,66.0,39.0,interior,-0.0,-0.0,-0.0,-0.0,-0.0,-0.0
10,10,unloading,0.25,d40d5a72d83a8c742a7b1754d50684aaf6dfcbe86277ed516efa0dff6fd4ad2b,3226,67.0,39.0,interior,-0.0,-0.0,-0.0,-0.0,-0.0,-0.0
10,10,unloading,0.25,d40d5a72d83a8c742a7b1754d50684aaf6dfcbe86277ed516efa0dff6fd4ad2b,3227,68.0,39.0,interior,-0.0,-0.0,-0.0,-0.0,-0.0,-0.0
10,10,unloading,0.25,d40d5a72d83a8c742a7b1754d50684aaf6dfcbe86277ed516efa0dff6fd4ad2b,3228,69.0,39.0,interior,-0.0,-0.0,-0.0,-0.0,-0.0,-0.0
10,10,unloading,0.25,d40d5a72d83a8c742a7b1754d50684aaf6dfcbe86277ed516efa0dff6fd4ad2b,3229,70.0,39.0,interior,-0.0,-0.0,-0.0,-0.0,-0.0,-0.0
10,10,unloading,0.25,d40d5a72d83a8c742a7b1754d50684aaf6dfcbe86277ed516efa0dff6fd4ad2b,3230,71.0,39.0,interior,-0.0,-0.0,-0.0,-0.0,-0.0,-0.0
10,10,unloading,0.25,d40d5a72d83a8c742a7b1754d50684aaf6dfcbe86277ed516efa0dff6fd4ad2b,3231,72.0,39.0,interior,-0.0,-0.0,-0.0,-0.0,-0.0,-0.0
10,10,unloading,0.25,d40d5a72d83a8c742a7b1754d50684aaf6dfcbe86277ed516efa0dff6fd4ad2b,3232,73.0,39.0,interior,-0.0,-0.0,-0.0,-0.0,-0.0,-0.0
10,10,unloading,0.25,d40d5a72d83a8c742a7b1754d50684aaf6dfcbe86277ed516efa0dff6fd4ad2b,3233,74.0,39.0,interior,-0.0,-0.0,-0.0,-0.0,-0.0,-0.0
10,10,unloading,0.25,d40d5a72d83a8c742a7b1754d50684aaf6dfcbe86277ed516efa0dff6fd4ad2b,3234,75.0,39.0,interior,-0.0,-0.0,-0.0,-0.0,-0.0,-0.0
10,10,unloading,0.25,d40d5a72d83a8c742a7b1754d50684aaf6dfcbe86277ed516efa0dff6fd4ad2b,3235,76.0,39.0,interior,-0.0,-0.0,-0.0,-0.0,-0.0,-0.0
10,10,unloading,0.25,d40d5a72d83a8c742a7b1754d50684aaf6dfcbe86277ed516efa0dff6fd4ad2b,3236,77.0,39.0,interior,-0.0,-0.0,-0.0,-0.0,-0.0,-0.0
10,10,unloading,0.25,d40d5a72d83a8c742a7b1754d50684aaf6dfcbe86277ed516efa0dff6fd4ad2b,3237,78.0,39.0,physical_only,-2.4068053643081622e-08,2.4302350104149663e-10,-1.1765737338201237e-08,1.2710855177569175e-08,-1.2302316304880387e-08,-1.246783167652794e-08
10,10,unloading,0.25,d40d5a72d83a8c742a7b1754d50684aaf6dfcbe86277ed516efa0dff6fd4ad2b,3302,62.0,40.0,physical_and_cut,-9.480698314920022e-07,-1.7064545409479808e-06,-7.145246096289588e-07,-3.1003188961145884e-07,-2.3354522186304332e-07,-1.396422651336522e-06
10,10,unloading,0.25,d40d5a72d83a8c742a7b1754d50684aaf6dfcbe86277ed516efa0dff6fd4ad2b,3303,63.0,40.0,cut_only,-0.0,-0.0,-0.0,-0.0,-0.0,-0.0
10,10,unloading,0.25,d40d5a72d83a8c742a7b1754d50684aaf6dfcbe86277ed516efa0dff6fd4ad2b,3304,64.0,40.0,cut_only,-0.0,-0.0,-0.0,-0.0,-0.0,-0.0
10,10,unloading,0.25,d40d5a72d83a8c742a7b1754d50684aaf6dfcbe86277ed516efa0dff6fd4ad2b,3305,65.0,40.0,cut_only,-0.0,-0.0,-0.0,-0.0,-0.0,-0.0
10,10,unloading,0.25,d40d5a72d83a8c742a7b1754d50684aaf6dfcbe86277ed516efa0dff6fd4ad2b,3306,66.0,40.0,cut_only,-0.0,-0.0,-0.0,-0.0,-0.0,-0.0
10,10,unloading,0.25,d40d5a72d83a8c742a7b1754d50684aaf6dfcbe86277ed516efa0dff6fd4ad2b,3307,67.0,40.0,cut_only,-0.0,-0.0,-0.0,-0.0,-0.0,-0.0
10,10,unloading,0.25,d40d5a72d83a8c742a7b1754d50684aaf6dfcbe86277ed516efa0dff6fd4ad2b,3308,68.0,40.0,cut_only,-0.0,-0.0,-0.0,-0.0,-0.0,-0.0
10,10,unloading,0.25,d40d5a72d83a8c742a7b1754d50684aaf6dfcbe86277ed516efa0dff6fd4ad2b,3309,69.0,40.0,cut_only,-0.0,-0.0,-0.0,-0.0,-0.0,-0.0
10,10,unloading,0.25,d40d5a72d83a8c742a7b1754d50684aaf6dfcbe86277ed516efa0dff6fd4ad2b,3310,70.0,40.0,cut_only,-0.0,-0.0,-0.0,-0.0,-0.0,-0.0
10,10,unloading,0.25,d40d5a72d83a8c742a7b1754d50684aaf6dfcbe86277ed516efa0dff6fd4ad2b,3311,71.0,40.0,cut_only,-0.0,-0.0,-0.0,-0.0,-0.0,-0.0
10,10,unloading,0.25,d40d5a72d83a8c742a7b1754d50684aaf6dfcbe86277ed516efa0dff6fd4ad2b,3312,72.0,40.0,cut_only,-0.0,-0.0,-0.0,-0.0,-0.0,-0.0
10,10,unloading,0.25,d40d5a72d83a8c742a7b1754d50684aaf6dfcbe86277ed516efa0dff6fd4ad2b,3313,73.0,40.0,cut_only,-0.0,-0.0,-0.0,-0.0,-0.0,-0.0
10,10,unloading,0.25,d40d5a72d83a8c742a7b1754d50684aaf6dfcbe86277ed516efa0dff6fd4ad2b,3314,74.0,40.0,cut_only,-0.0,-0.0,-0.0,-0.0,-0.0,-0.0
10,10,unloading,0.25,d40d5a72d83a8c742a7b1754d50684aaf6dfcbe86277ed516efa0dff6fd4ad2b,3315,75.0,40.0,cut_only,-0.0,-0.0,-0.0,-0.0,-0.0,-0.0
10,10,unloading,0.25,d40d5a72d83a8c742a7b1754d50684aaf6dfcbe86277ed516efa0dff6fd4ad2b,3316,76.0,40.0,cut_only,-0.0,-0.0,-0.0,-0.0,-0.0,-0.0
10,10,unloading,0.25,d40d5a72d83a8c742a7b1754d50684aaf6dfcbe86277ed516efa0dff6fd4ad2b,3317,77.0,40.0,cut_only,-0.0,-0.0,-0.0,-0.0,-0.0,-0.0
10,10,unloading,0.25,d40d5a72d83a8c742a7b1754d50684aaf6dfcbe86277ed516efa0dff6fd4ad2b,3318,78.0,40.0,physical_and_cut,-1.2014652389153373e-08,-3.847170936277109e-06,-5.905429227806367e-09,8.66568761511387e-09,-6.109223161347007e-09,-3.855836623892223e-06
11,10,unloading,0.0,e35137987f6a421a5166b049290dd800578b5cbdb9943094c410d7cdaaa05039,2654,62.0,32.0,physical_only,-2.5387930128450328e-23,1.033063010105241e-24,-1.4457722420764605e-25,1.5896578303251888e-25,-2.5243352904242682e-23,8.740972270727219e-25
11,10,unloading,0.0,e35137987f6a421a5166b049290dd800578b5cbdb9943094c410d7cdaaa05039,2655,63.0,32.0,physical_only,-4.3797609257949976e-26,1.762906374143251e-26,-2.1726205128881045e-25,1.099583640715264e-25,1.7346444203086048e-25,-9.232930033009379e-26
11,10,unloading,0.0,e35137987f6a421a5166b049290dd800578b5cbdb9943094c410d7cdaaa05039,2656,64.0,32.0,physical_only,-3.8415512699290306e-26,1.3743317944784788e-26,-2.094790627989277e-25,1.0016792468152705e-25,1.7106355009963732e-25,-8.642460673674225e-26
11,10,unloading,0.0,e35137987f6a421a5166b049290dd800578b5cbdb9943094c410d7cdaaa05039,2657,65.0,32.0,physical_only,-3.4234873790875966e-26,1.0556455481885826e-26,-2.0223728667820402e-25,9.136897732939429e-26,1.68002412887328e-25,-8.081252184750861e-26
11,10,unloading,0.0,e35137987f6a421a5166b049290dd800578b5cbdb9943094c410d7cdaaa05039,2658,66.0,32.0,physical_only,-3.190612933575154e-26,7.632581219360005e-27,-1.9552691444859762e-25,8.349326345872112e-26,1.636207851128464e-25,-7.586068223936112e-26
11,10,unloading,0.0,e35137987f6a421a5166b049290dd800578b5cbdb9943094c410d7cdaaa05039,2659,67.0,32.0,physical_only,-3.045887485221428e-26,5.2251340774458595e-27,-1.8933789840089504e-25,7.647910492377289e-26,1.588790235486808e-25,-7.125397084632707e-26
11,10,unloading,0.0,e35137987f6a421a5166b049290dd800578b5cbdb9943094c410d7cdaaa05039,2660,68.0,32.0,physical_only,-3.059603521312851e-26,3.8914176009724894e-27,-1.8365289582859364e-25,7.026857671200288e-26,1.5305686061546508e-25,-6.637715911103039e-26
11,10,unloading,0.0,e35137987f6a421a5166b049290dd800578b5cbdb9943094c410d7cdaaa05039,2661,69.0,32.0,physical_only,-3.1518915275113995e-26,3.542091310205858e-27,-1.7845350146596032e-25,6.48023494928172e-26,1.4693458619084647e-25,-6.126025818261136e-26
11,10,unloading,0.0,e35137987f6a421a5166b049290dd800578b5cbdb9943094c410d7cdaaa05039,2662,70.0,32.0,physical_only,-3.290744793876533e-26,3.84029109676755e-27,-1.7371975970499323e-25,6.002116228738534e-26,1.4081231176622785e-25,-5.618087119061774e-26
11,10,unloading,0.0,e35137987f6a421a5166b049290dd800578b5cbdb9943094c410d7cdaaa05039,2663,71.0,32.0,physical_only,-3.4741615458114453e-26,4.674733574565253e-27,-1.6943165279972373e-25,5.586625122061028e-26,1.3469003734160923e-25,-5.119151764604502e-26
11,10,unloading,0.0,e35137987f6a421a5166b049290dd800578b5cbdb9943094c410d7cdaaa05039,2664,72.0,32.0,physical_only,-3.6463465885002374e-26,5.59576912052169e-27,-1.6557142948651819e-25,5.22818630018811e-26,1.2910796360151586e-25,-4.6686093881359416e-26
11,10,unloading,0.0,e35137987f6a421a5166b049290dd800578b5cbdb9943094c410d7cdaaa05039,2665,73.0,32.0,physical_only,-3.6380442824519706e-26,6.373513464548261e-27,-1.6212715772232332e-25,4.922193164959343e-26,1.2574671489780366e-25,-4.2848418185045144e-26
11,10,unloading,0.0,e35137987f6a421a5166b049290dd800578b5cbdb9943094c410d7cdaaa05039,2666,74.0,32.0,physical_only,-3.532218314991749e-26,7.075704207233137e-27,-1.590881622044621e-25,4.6649155742344425e-26,1.2376597905454466e-25,-3.95734515351113e-26
11,10,unloading,0.0,e35137987f6a421a5166b049290dd800578b5cbdb9943094c410d7cdaaa05039,2667,75.0,32.0,physical_only,-3.1129541653356316e-26,7.423840576185236e-27,-1.564561004631959e-25,4.4536377881793005e-26,1.2532655880983968e-25,-3.7112537305607735e-26
11,10,unloading,0.0,e35137987f6a421a5166b049290dd800578b5cbdb9943094c410d7cdaaa05039,2668,76.0,32.0,physical_only,-2.2854152636468772e-26,6.893377798361926e-27,-1.542429635726464e-25,4.287299422392383e-26,1.3138881093617766e-25,-3.59796164255619e-26
11,10,unloading,0.0,e35137987f6a421a5166b049290dd800578b5cbdb9943094c410d7cdaaa05039,2669,77.0,32.0,physical_only,-8.549209139256751e-27,3.8436682335512005e-27,-1.5248268041607452e-25,4.167272172488331e-26,1.439334712768177e-25,-3.782905349133211e-26
11,10,unloading,0.0,e35137987f6a421a5166b049290dd800578b5cbdb9943094c410d7cdaaa05039,2670,78.0,32.0,physical_only,-1.190803164329314e-25,-4.71758227132623e-25,-1.451581293390198e-25,3.992201830096327e-26,2.607781290608839e-26,-5.116802454335863e-25
11,10,unloading,0.0,e35137987f6a421a5166b049290dd800578b5cbdb9943094c410d7cdaaa05039,2735,62.0,33.0,physical_only,1.521670510503259e-25,-4.1163388000816365e-26,2.0057972534781352e-26,-1.0293169716388383e-26,1.3210907851554456e-25,-3.0870218284427986e-26
11,10,unloading,0.0,e35137987f6a421a5166b049290dd800578b5cbdb9943094c410d7cdaaa05039,2736,63.0,33.0,interior,-0.0,-0.0,-0.0,-0.0,-0.0,-0.0
11,10,unloading,0.0,e35137987f6a421a5166b049290dd800578b5cbdb9943094c410d7cdaaa05039,2737,64.0,33.0,interior,-0.0,-0.0,-0.0,-0.0,-0.0,-0.0
11,10,unloading,0.0,e35137987f6a421a5166b049290dd800578b5cbdb9943094c410d7cdaaa05039,2738,65.0,33.0,interior,-0.0,-0.0,-0.0,-0.0,-0.0,-0.0
11,10,unloading,0.0,e35137987f6a421a5166b049290dd800578b5cbdb9943094c410d7cdaaa05039,2739,66.0,33.0,interior,-0.0,-0.0,-0.0,-0.0,-0.0,-0.0
11,10,unloading,0.0,e35137987f6a421a5166b049290dd800578b5cbdb9943094c410d7cdaaa05039,2740,67.0,33.0,interior,-0.0,-0.0,-0.0,-0.0,-0.0,-0.0
11,10,unloading,0.0,e35137987f6a421a5166b049290dd800578b5cbdb9943094c410d7cdaaa05039,2741,68.0,33.0,interior,-0.0,-0.0,-0.0,-0.0,-0.0,-0.0
11,10,unloading,0.0,e35137987f6a421a5166b049290dd800578b5cbdb9943094c410d7cdaaa05039,2742,69.0,33.0,interior,-0.0,-0.0,-0.0,-0.0,-0.0,-0.0
11,10,unloading,0.0,e35137987f6a421a5166b049290dd800578b5cbdb9943094c410d7cdaaa05039,2743,70.0,33.0,interior,-0.0,-0.0,-0.0,-0.0,-0.0,-0.0
11,10,unloading,0.0,e35137987f6a421a5166b049290dd800578b5cbdb9943094c410d7cdaaa05039,2744,71.0,33.0,interior,-0.0,-0.0,-0.0,-0.0,-0.0,-0.0
11,10,unloading,0.0,e35137987f6a421a5166b049290dd800578b5cbdb9943094c410d7cdaaa05039,2745,72.0,33.0,interior,-0.0,-0.0,-0.0,-0.0,-0.0,-0.0
11,10,unloading,0.0,e35137987f6a421a5166b049290dd800578b5cbdb9943094c410d7cdaaa05039,2746,73.0,33.0,interior,-0.0,-0.0,-0.0,-0.0,-0.0,-0.0
11,10,unloading,0.0,e35137987f6a421a5166b049290dd800578b5cbdb9943094c410d7cdaaa05039,2747,74.0,33.0,interior,-0.0,-0.0,-0.0,-0.0,-0.0,-0.0
11,10,unloading,0.0,e35137987f6a421a5166b049290dd800578b5cbdb9943094c410d7cdaaa05039,2748,75.0,33.0,interior,-0.0,-0.0,-0.0,-0.0,-0.0,-0.0
11,10,unloading,0.0,e35137987f6a421a5166b049290dd800578b5cbdb9943094c410d7cdaaa05039,2749,76.0,33.0,interior,-0.0,-0.0,-0.0,-0.0,-0.0,-0.0
11,10,unloading,0.0,e35137987f6a421a5166b049290dd800578b5cbdb9943094c410d7cdaaa05039,2750,77.0,33.0,interior,-0.0,-0.0,-0.0,-0.0,-0.0,-0.0
11,10,unloading,0.0,e35137987f6a421a5166b049290dd800578b5cbdb9943094c410d7cdaaa05039,2751,78.0,33.0,physical_only,1.9570643505309066e-27,1.7477485617501294e-28,6.344319215476647e-27,-1.6967016472450884e-27,-4.387254864945746e-27,1.8714765034201042e-27
11,10,unloading,0.0,e35137987f6a421a5166b049290dd800578b5cbdb9943094c410d7cdaaa05039,2816,62.0,34.0,physical_only,6.432381963166126e-26,-1.177152331704483e-26,1.9247073622949793e-26,-8.477799698898255e-27,4.507674600871148e-26,-3.293723618146479e-27
11,10,unloading,0.0,e35137987f6a421a5166b049290dd800578b5cbdb9943094c410d7cdaaa05039,2817,63.0,34.0,interior,-0.0,-0.0,-0.0,-0.0,-0.0,-0.0
11,10,unloading,0.0,e35137987f6a421a5166b049290dd800578b5cbdb9943094c410d7cdaaa05039,2818,64.0,34.0,interior,-0.0,-0.0,-0.0,-0.0,-0.0,-0.0
11,10,unloading,0.0,e35137987f6a421a5166b049290dd800578b5cbdb9943094c410d7cdaaa05039,2819,65.0,34.0,interior,-0.0,-0.0,-0.0,-0.0,-0.0,-0.0
11,10,unloading,0.0,e35137987f6a421a5166b049290dd800578b5cbdb9943094c410d7cdaaa05039,2820,66.0,34.0,interior,-0.0,-0.0,-0.0,-0.0,-0.0,-0.0
11,10,unloading,0.0,e35137987f6a421a5166b049290dd800578b5cbdb9943094c410d7cdaaa05039,2821,67.0,34.0,interior,-0.0,-0.0,-0.0,-0.0,-0.0,-0.0
11,10,unloading,0.0,e35137987f6a421a5166b049290dd800578b5cbdb9943094c410d7cdaaa05039,2822,68.0,34.0,interior,-0.0,-0.0,-0.0,-0.0,-0.0,-0.0
11,10,unloading,0.0,e35137987f6a421a5166b049290dd800578b5cbdb9943094c410d7cdaaa05039,2823,69.0,34.0,interior,-0.0,-0.0,-0.0,-0.0,-0.0,-0.0
11,10,unloading,0.0,e35137987f6a421a5166b049290dd800578b5cbdb9943094c410d7cdaaa05039,2824,70.0,34.0,interior,-0.0,-0.0,-0.0,-0.0,-0.0,-0.0
11,10,unloading,0.0,e35137987f6a421a5166b049290dd800578b5cbdb9943094c410d7cdaaa05039,2825,71.0,34.0,interior,-0.0,-0.0,-0.0,-0.0,-0.0,-0.0
11,10,unloading,0.0,e35137987f6a421a5166b049290dd800578b5cbdb9943094c410d7cdaaa05039,2826,72.0,34.0,interior,-0.0,-0.0,-0.0,-0.0,-0.0,-0.0
11,10,unloading,0.0,e35137987f6a421a5166b049290dd800578b5cbdb9943094c410d7cdaaa05039,2827,73.0,34.0,interior,-0.0,-0.0,-0.0,-0.0,-0.0,-0.0
11,10,unloading,0.0,e35137987f6a421a5166b049290dd800578b5cbdb9943094c410d7cdaaa05039,2828,74.0,34.0,interior,-0.0,-0.0,-0.0,-0.0,-0.0,-0.0
11,10,unloading,0.0,e35137987f6a421a5166b049290dd800578b5cbdb9943094c410d7cdaaa05039,2829,75.0,34.0,interior,-0.0,-0.0,-0.0,-0.0,-0.0,-0.0
11,10,unloading,0.0,e35137987f6a421a5166b049290dd800578b5cbdb9943094c410d7cdaaa05039,2830,76.0,34.0,interior,-0.0,-0.0,-0.0,-0.0,-0.0,-0.0
11,10,unloading,0.0,e35137987f6a421a5166b049290dd800578b5cbdb9943094c410d7cdaaa05039,2831,77.0,34.0,interior,-0.0,-0.0,-0.0,-0.0,-0.0,-0.0
11,10,unloading,0.0,e35137987f6a421a5166b049290dd800578b5cbdb9943094c410d7cdaaa05039,2832,78.0,34.0,physical_only,1.750021668839408e-27,2.1464032819801105e-28,6.0228590276878085e-27,-1.4418344270842518e-27,-4.272837358848399e-27,1.656474755282262e-27
11,10,unloading,0.0,e35137987f6a421a5166b049290dd800578b5cbdb9943094c410d7cdaaa05039,2897,62.0,35.0,physical_only,1.8228035791534993e-26,-1.7710408568541915e-27,1.7882907576421702e-26,-6.876687604345634e-27,3.4512821511330175e-28,5.105646747491302e-27
11,10,unloading,0.0,e35137987f6a421a5166b049290dd800578b5cbdb9943094c410d7cdaaa05039,2898,63.0,35.0,interior,-0.0,-0.0,-0.0,-0.0,-0.0,-0.0
11,10,unloading,0.0,e35137987f6a421a5166b049290dd800578b5cbdb9943094c410d7cdaaa05039,2899,64.0,35.0,interior,-0.0,-0.0,-0.0,-0.0,-0.0,-0.0
11,10,unloading,0.0,e35137987f6a421a5166b049290dd800578b5cbdb9943094c410d7cdaaa05039,2900,65.0,35.0,interior,-0.0,-0.0,-0.0,-0.0,-0.0,-0.0
11,10,unloading,0.0,e35137987f6a421a5166b049290dd800578b5cbdb9943094c410d7cdaaa05039,2901,66.0,35.0,interior,-0.0,-0.0,-0.0,-0.0,-0.0,-0.0
11,10,unloading,0.0,e35137987f6a421a5166b049290dd800578b5cbdb9943094c410d7cdaaa05039,2902,67.0,35.0,interior,-0.0,-0.0,-0.0,-0.0,-0.0,-0.0
11,10,unloading,0.0,e35137987f6a421a5166b049290dd800578b5cbdb9943094c410d7cdaaa05039,2903,68.0,35.0,interior,-0.0,-0.0,-0.0,-0.0,-0.0,-0.0
11,10,unloading,0.0,e35137987f6a421a5166b049290dd800578b5cbdb9943094c410d7cdaaa05039,2904,69.0,35.0,interior,-0.0,-0.0,-0.0,-0.0,-0.0,-0.0
11,10,unloading,0.0,e35137987f6a421a5166b049290dd800578b5cbdb9943094c410d7cdaaa05039,2905,70.0,35.0,interior,-0.0,-0.0,-0.0,-0.0,-0.0,-0.0
11,10,unloading,0.0,e35137987f6a421a5166b049290dd800578b5cbdb9943094c410d7cdaaa05039,2906,71.0,35.0,interior,-0.0,-0.0,-0.0,-0.0,-0.0,-0.0
11,10,unloading,0.0,e35137987f6a421a5166b049290dd800578b5cbdb9943094c410d7cdaaa05039,2907,72.0,35.0,interior,-0.0,-0.0,-0.0,-0.0,-0.0,-0.0
11,10,unloading,0.0,e35137987f6a421a5166b049290dd800578b5cbdb9943094c410d7cdaaa05039,2908,73.0,35.0,interior,-0.0,-0.0,-0.0,-0.0,-0.0,-0.0
11,10,unloading,0.0,e35137987f6a421a5166b049290dd800578b5cbdb9943094c410d7cdaaa05039,2909,74.0,35.0,interior,-0.0,-0.0,-0.0,-0.0,-0.0,-0.0
11,10,unloading,0.0,e35137987f6a421a5166b049290dd800578b5cbdb9943094c410d7cdaaa05039,2910,75.0,35.0,interior,-0.0,-0.0,-0.0,-0.0,-0.0,-0.0
11,10,unloading,0.0,e35137987f6a421a5166b049290dd800578b5cbdb9943094c410d7cdaaa05039,2911,76.0,35.0,interior,-0.0,-0.0,-0.0,-0.0,-0.0,-0.0
11,10,unloading,0.0,e35137987f6a421a5166b049290dd800578b5cbdb9943094c410d7cdaaa05039,2912,77.0,35.0,interior,-0.0,-0.0,-0.0,-0.0,-0.0,-0.0
11,10,unloading,0.0,e35137987f6a421a5166b049290dd800578b5cbdb9943094c410d7cdaaa05039,2913,78.0,35.0,physical_only,1.5467306600068218e-27,2.030350155667601e-28,5.752042933289576e-27,-1.1927178815592602e-27,-4.2053122732827545e-27,1.3957528971260131e-27
11,10,unloading,0.0,e35137987f6a421a5166b049290dd800578b5cbdb9943094c410d7cdaaa05039,2978,62.0,36.0,physical_only,-3.4163622542924395e-27,7.884563836218931e-28,1.6473526838432955e-26,-5.408845913847484e-27,-1.9889889092725395e-26,6.197302297469342e-27
11,10,unloading,0.0,e35137987f6a421a5166b049290dd800578b5cbdb9943094c410d7cdaaa05039,2979,63.0,36.0,interior,-0.0,-0.0,-0.0,-0.0,-0.0,-0.0
11,10,unloading,0.0,e35137987f6a421a5166b049290dd800578b5cbdb9943094c410d7cdaaa05039,2980,64.0,36.0,interior,-0.0,-0.0,-0.0,-0.0,-0.0,-0.0
11,10,unloading,0.0,e35137987f6a421a5166b049290dd800578b5cbdb9943094c410d7cdaaa05039,2981,65.0,36.0,interior,-0.0,-0.0,-0.0,-0.0,-0.0,-0.0
11,10,unloading,0.0,e35137987f6a421a5166b049290dd800578b5cbdb9943094c410d7cdaaa05039,2982,66.0,36.0,interior,-0.0,-0.0,-0.0,-0.0,-0.0,-0.0
11,10,unloading,0.0,e35137987f6a421a5166b049290dd800578b5cbdb9943094c410d7cdaaa05039,2983,67.0,36.0,interior,-0.0,-0.0,-0.0,-0.0,-0.0,-0.0
11,10,unloading,0.0,e35137987f6a421a5166b049290dd800578b5cbdb9943094c410d7cdaaa05039,2984,68.0,36.0,interior,-0.0,-0.0,-0.0,-0.0,-0.0,-0.0
11,10,unloading,0.0,e35137987f6a421a5166b049290dd800578b5cbdb9943094c410d7cdaaa05039,2985,69.0,36.0,interior,-0.0,-0.0,-0.0,-0.0,-0.0,-0.0
11,10,unloading,0.0,e35137987f6a421a5166b049290dd800578b5cbdb9943094c410d7cdaaa05039,2986,70.0,36.0,interior,-0.0,-0.0,-0.0,-0.0,-0.0,-0.0
11,10,unloading,0.0,e35137987f6a421a5166b049290dd800578b5cbdb9943094c410d7cdaaa05039,2987,71.0,36.0,interior,-0.0,-0.0,-0.0,-0.0,-0.0,-0.0
11,10,unloading,0.0,e35137987f6a421a5166b049290dd800578b5cbdb9943094c410d7cdaaa05039,2988,72.0,36.0,interior,-0.0,-0.0,-0.0,-0.0,-0.0,-0.0
11,10,unloading,0.0,e35137987f6a421a5166b049290dd800578b5cbdb9943094c410d7cdaaa05039,2989,73.0,36.0,interior,-0.0,-0.0,-0.0,-0.0,-0.0,-0.0
11,10,unloading,0.0,e35137987f6a421a5166b049290dd800578b5cbdb9943094c410d7cdaaa05039,2990,74.0,36.0,interior,-0.0,-0.0,-0.0,-0.0,-0.0,-0.0
11,10,unloading,0.0,e35137987f6a421a5166b049290dd800578b5cbdb9943094c410d7cdaaa05039,2991,75.0,36.0,interior,-0.0,-0.0,-0.0,-0.0,-0.0,-0.0
11,10,unloading,0.0,e35137987f6a421a5166b049290dd800578b5cbdb9943094c410d7cdaaa05039,2992,76.0,36.0,interior,-0.0,-0.0,-0.0,-0.0,-0.0,-0.0
11,10,unloading,0.0,e35137987f6a421a5166b049290dd800578b5cbdb9943094c410d7cdaaa05039,2993,77.0,36.0,interior,-0.0,-0.0,-0.0,-0.0,-0.0,-0.0
11,10,unloading,0.0,e35137987f6a421a5166b049290dd800578b5cbdb9943094c410d7cdaaa05039,2994,78.0,36.0,physical_only,1.3689715065912319e-27,1.7885870228287057e-28,5.531142752984821e-27,-9.484350872991712e-28,-4.162171246393589e-27,1.1272937895820373e-27
11,10,unloading,0.0,e35137987f6a421a5166b049290dd800578b5cbdb9943094c410d7cdaaa05039,3059,62.0,37.0,physical_only,-1.2803091811822902e-26,1.1038049197944292e-27,1.526483542163077e-26,-4.014971705445773e-27,-2.8067927233453665e-26,5.1187766252403025e-27
11,10,unloading,0.0,e35137987f6a421a5166b049290dd800578b5cbdb9943094c410d7cdaaa05039,3060,63.0,37.0,interior,-0.0,-0.0,-0.0,-0.0,-0.0,-0.0
11,10,unloading,0.0,e35137987f6a421a5166b049290dd800578b5cbdb9943094c410d7cdaaa05039,3061,64.0,37.0,interior,-0.0,-0.0,-0.0,-0.0,-0.0,-0.0
11,10,unloading,0.0,e35137987f6a421a5166b049290dd800578b5cbdb9943094c410d7cdaaa05039,3062,65.0,37.0,interior,-0.0,-0.0,-0.0,-0.0,-0.0,-0.0
11,10,unloading,0.0,e35137987f6a421a5166b049290dd800578b5cbdb9943094c410d7cdaaa05039,3063,66.0,37.0,interior,-0.0,-0.0,-0.0,-0.0,-0.0,-0.0
11,10,unloading,0.0,e35137987f6a421a5166b049290dd800578b5cbdb9943094c410d7cdaaa05039,3064,67.0,37.0,interior,-0.0,-0.0,-0.0,-0.0,-0.0,-0.0
11,10,unloading,0.0,e35137987f6a421a5166b049290dd800578b5cbdb9943094c410d7cdaaa05039,3065,68.0,37.0,interior,-0.0,-0.0,-0.0,-0.0,-0.0,-0.0
11,10,unloading,0.0,e35137987f6a421a5166b049290dd800578b5cbdb9943094c410d7cdaaa05039,3066,69.0,37.0,interior,-0.0,-0.0,-0.0,-0.0,-0.0,-0.0
11,10,unloading,0.0,e35137987f6a421a5166b049290dd800578b5cbdb9943094c410d7cdaaa05039,3067,70.0,37.0,interior,-0.0,-0.0,-0.0,-0.0,-0.0,-0.0
11,10,unloading,0.0,e35137987f6a421a5166b049290dd800578b5cbdb9943094c410d7cdaaa05039,3068,71.0,37.0,interior,-0.0,-0.0,-0.0,-0.0,-0.0,-0.0
11,10,unloading,0.0,e35137987f6a421a5166b049290dd800578b5cbdb9943094c410d7cdaaa05039,3069,72.0,37.0,interior,-0.0,-0.0,-0.0,-0.0,-0.0,-0.0
11,10,unloading,0.0,e35137987f6a421a5166b049290dd800578b5cbdb9943094c410d7cdaaa05039,3070,73.0,37.0,interior,-0.0,-0.0,-0.0,-0.0,-0.0,-0.0
11,10,unloading,0.0,e35137987f6a421a5166b049290dd800578b5cbdb9943094c410d7cdaaa05039,3071,74.0,37.0,interior,-0.0,-0.0,-0.0,-0.0,-0.0,-0.0
11,10,unloading,0.0,e35137987f6a421a5166b049290dd800578b5cbdb9943094c410d7cdaaa05039,3072,75.0,37.0,interior,-0.0,-0.0,-0.0,-0.0,-0.0,-0.0
11,10,unloading,0.0,e35137987f6a421a5166b049290dd800578b5cbdb9943094c410d7cdaaa05039,3073,76.0,37.0,interior,-0.0,-0.0,-0.0,-0.0,-0.0,-0.0
11,10,unloading,0.0,e35137987f6a421a5166b049290dd800578b5cbdb9943094c410d7cdaaa05039,3074,77.0,37.0,interior,-0.0,-0.0,-0.0,-0.0,-0.0,-0.0
11,10,unloading,0.0,e35137987f6a421a5166b049290dd800578b5cbdb9943094c410d7cdaaa05039,3075,78.0,37.0,physical_only,1.2106821038167254e-27,1.3387512046997143e-28,5.3597234724614414e-27,-7.079610591253488e-28,-4.149041368644716e-27,8.418361795953293e-28
11,10,unloading,0.0,e35137987f6a421a5166b049290dd800578b5cbdb9943094c410d7cdaaa05039,3140,62.0,38.0,physical_only,-1.6818137026035794e-26,8.539908640000117e-28,1.4363446930722678e-26,-2.6601271306454908e-27,-3.118158395675848e-26,3.514117994645515e-27
11,10,unloading,0.0,e35137987f6a421a5166b049290dd800578b5cbdb9943094c410d7cdaaa05039,3141,63.0,38.0,interior,-0.0,-0.0,-0.0,-0.0,-0.0,-0.0
11,10,unloading,0.0,e35137987f6a421a5166b049290dd800578b5cbdb9943094c410d7cdaaa05039,3142,64.0,38.0,interior,-0.0,-0.0,-0.0,-0.0,-0.0,-0.0
11,10,unloading,0.0,e35137987f6a421a5166b049290dd800578b5cbdb9943094c410d7cdaaa05039,3143,65.0,38.0,interior,-0.0,-0.0,-0.0,-0.0,-0.0,-0.0
11,10,unloading,0.0,e35137987f6a421a5166b049290dd800578b5cbdb9943094c410d7cdaaa05039,3144,66.0,38.0,interior,-0.0,-0.0,-0.0,-0.0,-0.0,-0.0
11,10,unloading,0.0,e35137987f6a421a5166b049290dd800578b5cbdb9943094c410d7cdaaa05039,3145,67.0,38.0,interior,-0.0,-0.0,-0.0,-0.0,-0.0,-0.0
11,10,unloading,0.0,e35137987f6a421a5166b049290dd800578b5cbdb9943094c410d7cdaaa05039,3146,68.0,38.0,interior,-0.0,-0.0,-0.0,-0.0,-0.0,-0.0
11,10,unloading,0.0,e35137987f6a421a5166b049290dd800578b5cbdb9943094c410d7cdaaa05039,3147,69.0,38.0,interior,-0.0,-0.0,-0.0,-0.0,-0.0,-0.0
11,10,unloading,0.0,e35137987f6a421a5166b049290dd800578b5cbdb9943094c410d7cdaaa05039,3148,70.0,38.0,interior,-0.0,-0.0,-0.0,-0.0,-0.0,-0.0
11,10,unloading,0.0,e35137987f6a421a5166b049290dd800578b5cbdb9943094c410d7cdaaa05039,3149,71.0,38.0,interior,-0.0,-0.0,-0.0,-0.0,-0.0,-0.0
11,10,unloading,0.0,e35137987f6a421a5166b049290dd800578b5cbdb9943094c410d7cdaaa05039,3150,72.0,38.0,interior,-0.0,-0.0,-0.0,-0.0,-0.0,-0.0
11,10,unloading,0.0,e35137987f6a421a5166b049290dd800578b5cbdb9943094c410d7cdaaa05039,3151,73.0,38.0,interior,-0.0,-0.0,-0.0,-0.0,-0.0,-0.0
11,10,unloading,0.0,e35137987f6a421a5166b049290dd800578b5cbdb9943094c410d7cdaaa05039,3152,74.0,38.0,interior,-0.0,-0.0,-0.0,-0.0,-0.0,-0.0
11,10,unloading,0.0,e35137987f6a421a5166b049290dd800578b5cbdb9943094c410d7cdaaa05039,3153,75.0,38.0,interior,-0.0,-0.0,-0.0,-0.0,-0.0,-0.0
11,10,unloading,0.0,e35137987f6a421a5166b049290dd800578b5cbdb9943094c410d7cdaaa05039,3154,76.0,38.0,interior,-0.0,-0.0,-0.0,-0.0,-0.0,-0.0
11,10,unloading,0.0,e35137987f6a421a5166b049290dd800578b5cbdb9943094c410d7cdaaa05039,3155,77.0,38.0,interior,-0.0,-0.0,-0.0,-0.0,-0.0,-0.0
11,10,unloading,0.0,e35137987f6a421a5166b049290dd800578b5cbdb9943094c410d7cdaaa05039,3156,78.0,38.0,physical_only,1.1110436071971693e-27,8.29300160445465e-29,5.237576613986669e-27,-4.703419307038429e-28,-4.126533006789499e-27,5.5327194674838565e-28
11,10,unloading,0.0,e35137987f6a421a5166b049290dd800578b5cbdb9943094c410d7cdaaa05039,3221,62.0,39.0,physical_only,-1.8585074283081475e-26,4.488572323405898e-28,1.3811961213858632e-26,-1.3255519605788918e-27,-3.2397035496940107e-26,1.7744091929194608e-27
11,10,unloading,0.0,e35137987f6a421a5166b049290dd800578b5cbdb9943094c410d7cdaaa05039,3222,63.0,39.0,interior,-0.0,-0.0,-0.0,-0.0,-0.0,-0.0
11,10,unloading,0.0,e35137987f6a421a5166b049290dd800578b5cbdb9943094c410d7cdaaa05039,3223,64.0,39.0,interior,-0.0,-0.0,-0.0,-0.0,-0.0,-0.0
11,10,unloading,0.0,e35137987f6a421a5166b049290dd800578b5cbdb9943094c410d7cdaaa05039,3224,65.0,39.0,interior,-0.0,-0.0,-0.0,-0.0,-0.0,-0.0
11,10,unloading,0.0,e35137987f6a421a5166b049290dd800578b5cbdb9943094c410d7cdaaa05039,3225,66.0,39.0,interior,-0.0,-0.0,-0.0,-0.0,-0.0,-0.0
11,10,unloading,0.0,e35137987f6a421a5166b049290dd800578b5cbdb9943094c410d7cdaaa05039,3226,67.0,39.0,interior,-0.0,-0.0,-0.0,-0.0,-0.0,-0.0
11,10,unloading,0.0,e35137987f6a421a5166b049290dd800578b5cbdb9943094c410d7cdaaa05039,3227,68.0,39.0,interior,-0.0,-0.0,-0.0,-0.0,-0.0,-0.0
11,10,unloading,0.0,e35137987f6a421a5166b049290dd800578b5cbdb9943094c410d7cdaaa05039,3228,69.0,39.0,interior,-0.0,-0.0,-0.0,-0.0,-0.0,-0.0
11,10,unloading,0.0,e35137987f6a421a5166b049290dd800578b5cbdb9943094c410d7cdaaa05039,3229,70.0,39.0,interior,-0.0,-0.0,-0.0,-0.0,-0.0,-0.0
11,10,unloading,0.0,e35137987f6a421a5166b049290dd800578b5cbdb9943094c410d7cdaaa05039,3230,71.0,39.0,interior,-0.0,-0.0,-0.0,-0.0,-0.0,-0.0
11,10,unloading,0.0,e35137987f6a421a5166b049290dd800578b5cbdb9943094c410d7cdaaa05039,3231,72.0,39.0,interior,-0.0,-0.0,-0.0,-0.0,-0.0,-0.0
11,10,unloading,0.0,e35137987f6a421a5166b049290dd800578b5cbdb9943094c410d7cdaaa05039,3232,73.0,39.0,interior,-0.0,-0.0,-0.0,-0.0,-0.0,-0.0
11,10,unloading,0.0,e35137987f6a421a5166b049290dd800578b5cbdb9943094c410d7cdaaa05039,3233,74.0,39.0,interior,-0.0,-0.0,-0.0,-0.0,-0.0,-0.0
11,10,unloading,0.0,e35137987f6a421a5166b049290dd800578b5cbdb9943094c410d7cdaaa05039,3234,75.0,39.0,interior,-0.0,-0.0,-0.0,-0.0,-0.0,-0.0
11,10,unloading,0.0,e35137987f6a421a5166b049290dd800578b5cbdb9943094c410d7cdaaa05039,3235,76.0,39.0,interior,-0.0,-0.0,-0.0,-0.0,-0.0,-0.0
11,10,unloading,0.0,e35137987f6a421a5166b049290dd800578b5cbdb9943094c410d7cdaaa05039,3236,77.0,39.0,interior,-0.0,-0.0,-0.0,-0.0,-0.0,-0.0
11,10,unloading,0.0,e35137987f6a421a5166b049290dd800578b5cbdb9943094c410d7cdaaa05039,3237,78.0,39.0,physical_only,1.0641548638539593e-27,4.618875117331795e-29,5.1644281151457075e-27,-2.34696847811562e-28,-4.100273251291748e-27,2.8088559898487297e-28
11,10,unloading,0.0,e35137987f6a421a5166b049290dd800578b5cbdb9943094c410d7cdaaa05039,3302,62.0,40.0,physical_and_cut,-9.557745073806544e-27,4.417468000681904e-25,6.813336782220161e-27,2.2344587570939618e-27,-1.6371081856026704e-26,4.395123413110964e-25
11,10,unloading,0.0,e35137987f6a421a5166b049290dd800578b5cbdb9943094c410d7cdaaa05039,3303,63.0,40.0,cut_only,-0.0,-0.0,-0.0,-0.0,-0.0,-0.0
11,10,unloading,0.0,e35137987f6a421a5166b049290dd800578b5cbdb9943094c410d7cdaaa05039,3304,64.0,40.0,cut_only,-0.0,-0.0,-0.0,-0.0,-0.0,-0.0
11,10,unloading,0.0,e35137987f6a421a5166b049290dd800578b5cbdb9943094c410d7cdaaa05039,3305,65.0,40.0,cut_only,-0.0,-0.0,-0.0,-0.0,-0.0,-0.0
11,10,unloading,0.0,e35137987f6a421a5166b049290dd800578b5cbdb9943094c410d7cdaaa05039,3306,66.0,40.0,cut_only,-0.0,-0.0,-0.0,-0.0,-0.0,-0.0
11,10,unloading,0.0,e35137987f6a421a5166b049290dd800578b5cbdb9943094c410d7cdaaa05039,3307,67.0,40.0,cut_only,-0.0,-0.0,-0.0,-0.0,-0.0,-0.0
11,10,unloading,0.0,e35137987f6a421a5166b049290dd800578b5cbdb9943094c410d7cdaaa05039,3308,68.0,40.0,cut_only,-0.0,-0.0,-0.0,-0.0,-0.0,-0.0
11,10,unloading,0.0,e35137987f6a421a5166b049290dd800578b5cbdb9943094c410d7cdaaa05039,3309,69.0,40.0,cut_only,-0.0,-0.0,-0.0,-0.0,-0.0,-0.0
11,10,unloading,0.0,e35137987f6a421a5166b049290dd800578b5cbdb9943094c410d7cdaaa05039,3310,70.0,40.0,cut_only,-0.0,-0.0,-0.0,-0.0,-0.0,-0.0
11,10,unloading,0.0,e35137987f6a421a5166b049290dd800578b5cbdb9943094c410d7cdaaa05039,3311,71.0,40.0,cut_only,-0.0,-0.0,-0.0,-0.0,-0.0,-0.0
11,10,unloading,0.0,e35137987f6a421a5166b049290dd800578b5cbdb9943094c410d7cdaaa05039,3312,72.0,40.0,cut_only,-0.0,-0.0,-0.0,-0.0,-0.0,-0.0
11,10,unloading,0.0,e35137987f6a421a5166b049290dd800578b5cbdb9943094c410d7cdaaa05039,3313,73.0,40.0,cut_only,-0.0,-0.0,-0.0,-0.0,-0.0,-0.0
11,10,unloading,0.0,e35137987f6a421a5166b049290dd800578b5cbdb9943094c410d7cdaaa05039,3314,74.0,40.0,cut_only,-0.0,-0.0,-0.0,-0.0,-0.0,-0.0
11,10,unloading,0.0,e35137987f6a421a5166b049290dd800578b5cbdb9943094c410d7cdaaa05039,3315,75.0,40.0,cut_only,-0.0,-0.0,-0.0,-0.0,-0.0,-0.0
11,10,unloading,0.0,e35137987f6a421a5166b049290dd800578b5cbdb9943094c410d7cdaaa05039,3316,76.0,40.0,cut_only,-0.0,-0.0,-0.0,-0.0,-0.0,-0.0
11,10,unloading,0.0,e35137987f6a421a5166b049290dd800578b5cbdb9943094c410d7cdaaa05039,3317,77.0,40.0,cut_only,-0.0,-0.0,-0.0,-0.0,-0.0,-0.0
11,10,unloading,0.0,e35137987f6a421a5166b049290dd800578b5cbdb9943094c410d7cdaaa05039,3318,78.0,40.0,physical_and_cut,5.161373848468387e-28,6.429676944414898e-26,2.5700254041352487e-27,-1.2081320294661327e-27,-2.05388801928841e-27,6.55049014736151e-26
