accepted lambda=0.01000000 minJ=0.972106 residual=4.671e-11 checks=12
accepted lambda=0.02000000 minJ=0.944173 residual=2.585e-11 checks=12
accepted lambda=0.03000000 minJ=0.916231 residual=1.866e-11 checks=12
accepted lambda=0.04000000 minJ=0.888313 residual=1.501e-11 checks=12
accepted lambda=0.05000000 minJ=0.860448 residual=1.284e-11 checks=12
accepted lambda=0.06000000 minJ=0.832663 residual=1.238e-11 checks=12
accepted lambda=0.07000000 minJ=0.804987 residual=1.084e-11 checks=12
accepted lambda=0.08000000 minJ=0.777445 residual=9.636e-12 checks=12
accepted lambda=0.09000000 minJ=0.750063 residual=9.759e-12 checks=12
accepted lambda=0.10000000 minJ=0.722865 residual=8.617e-12 checks=12
accepted lambda=0.11000000 minJ=0.695874 residual=9.415e-12 checks=12
accepted lambda=0.12000000 minJ=0.669113 residual=9.556e-12 checks=12
accepted lambda=0.13000000 minJ=0.642605 residual=9.635e-12 checks=12
accepted lambda=0.14000000 minJ=0.616374 residual=9.080e-12 checks=12
accepted lambda=0.15000000 minJ=0.590443 residual=8.810e-12 checks=12
accepted lambda=0.16000000 minJ=0.564838 residual=8.947e-12 checks=12
accepted lambda=0.17000000 minJ=0.539583 residual=8.760e-12 checks=12
accepted lambda=0.18000000 minJ=0.514705 residual=8.347e-12 checks=12
accepted lambda=0.19000000 minJ=0.49023 residual=8.607e-12 checks=12
accepted lambda=0.20000000 minJ=0.466183 residual=8.951e-12 checks=12
accepted lambda=0.21000000 minJ=0.442588 residual=8.022e-12 checks=12
accepted lambda=0.22000000 minJ=0.419463 residual=8.430e-12 checks=12
accepted lambda=0.23000000 minJ=0.396821 residual=9.473e-12 checks=12
accepted lambda=0.24000000 minJ=0.374654 residual=9.377e-12 checks=12
accepted lambda=0.25000000 minJ=0.351999 residual=9.194e-12 checks=12
accepted lambda=0.26000000 minJ=0.329228 residual=8.708e-12 checks=12
accepted lambda=0.27000000 minJ=0.306409 residual=9.872e-12 checks=12
accepted lambda=0.28000000 minJ=0.283705 residual=8.650e-12 checks=12
accepted lambda=0.29000000 minJ=0.261159 residual=7.949e-12 checks=12
accepted lambda=0.30000000 minJ=0.238786 residual=8.503e-12 checks=11
accepted lambda=0.31000000 minJ=0.216712 residual=8.640e-12 checks=11
accepted lambda=0.32000000 minJ=0.194937 residual=7.840e-12 checks=11
accepted lambda=0.33000000 minJ=0.173512 residual=7.064e-12 checks=11
accepted lambda=0.34000000 minJ=0.152517 residual=7.689e-12 checks=11
accepted lambda=0.35000000 minJ=0.132133 residual=7.788e-12 checks=11
accepted lambda=0.36000000 minJ=0.11232 residual=7.999e-12 checks=10
accepted lambda=0.37000000 minJ=0.0934707 residual=7.810e-12 checks=10
accepted lambda=0.38000000 minJ=0.0758228 residual=7.450e-12 checks=10
accepted lambda=0.39000000 minJ=0.0596341 residual=7.045e-12 checks=9
accepted lambda=0.40000000 minJ=0.0451672 residual=7.947e-12 checks=9
accepted lambda=0.41000000 minJ=0.0326713 residual=7.980e-12 checks=8
accepted lambda=0.42000000 minJ=0.0223488 residual=7.656e-12 checks=8
accepted lambda=0.43000000 minJ=0.0143184 residual=9.652e-12 checks=7
accepted lambda=0.44000000 minJ=0.00858363 residual=2.698e-11 checks=7
accepted lambda=0.45000000 minJ=0.00495271 residual=8.999e-11 checks=7
accepted lambda=0.46000000 minJ=0.00284479 residual=1.692e-10 checks=7
accepted lambda=0.47000000 minJ=0.00170849 residual=4.969e-10 checks=7
accepted lambda=0.48000000 minJ=0.00112775 residual=2.398e-09 checks=6
accepted lambda=0.49000000 minJ=0.000809901 residual=1.597e-09 checks=6
accepted lambda=0.50000000 minJ=0.000620182 residual=9.732e-10 checks=6
accepted lambda=0.51000000 minJ=0.000497869 residual=7.364e-10 checks=6
accepted lambda=0.52000000 minJ=0.000413914 residual=8.248e-10 checks=6
accepted lambda=0.53000000 minJ=0.000353295 residual=1.382e-09 checks=6
accepted lambda=0.54000000 minJ=0.000307695 residual=2.394e-09 checks=6
accepted lambda=0.55000000 minJ=0.000272262 residual=4.085e-09 checks=6
accepted lambda=0.56000000 minJ=0.000244017 residual=7.054e-09 checks=6
accepted lambda=0.57000000 minJ=0.000221043 residual=1.907e-10 checks=7
accepted lambda=0.58000000 minJ=0.000202054 residual=2.144e-10 checks=7
accepted lambda=0.59000000 minJ=0.000186164 residual=3.983e-10 checks=7
accepted lambda=0.60000000 minJ=0.000172749 residual=1.431e-10 checks=7
accepted lambda=0.61000000 minJ=0.000161363 residual=2.628e-10 checks=7
accepted lambda=0.62000000 minJ=0.000151677 residual=2.772e-10 checks=8
accepted lambda=0.63000000 minJ=0.000143415 residual=7.776e-10 checks=8
accepted lambda=0.64000000 minJ=0.000136265 residual=3.501e-10 checks=8
accepted lambda=0.65000000 minJ=0.00012988 residual=5.500e-10 checks=8
accepted lambda=0.66000000 minJ=0.000124016 residual=5.688e-10 checks=8
accepted lambda=0.67000000 minJ=0.000118575 residual=1.000e-09 checks=8
accepted lambda=0.68000000 minJ=0.000113519 residual=1.704e-09 checks=8
accepted lambda=0.69000000 minJ=0.000108827 residual=9.080e-10 checks=8
accepted lambda=0.70000000 minJ=0.000104474 residual=1.987e-09 checks=8
accepted lambda=0.71000000 minJ=0.000100435 residual=1.441e-09 checks=8
accepted lambda=0.72000000 minJ=9.66847e-05 residual=8.167e-09 checks=8
accepted lambda=0.73000000 minJ=9.31998e-05 residual=9.886e-09 checks=8
accepted lambda=0.74000000 minJ=8.99573e-05 residual=1.146e-09 checks=9
accepted lambda=0.75000000 minJ=8.69363e-05 residual=2.603e-09 checks=9
accepted lambda=0.76000000 minJ=8.41176e-05 residual=2.279e-09 checks=9
accepted lambda=0.77000000 minJ=8.14835e-05 residual=9.549e-10 checks=9
accepted lambda=0.78000000 minJ=7.90177e-05 residual=7.248e-09 checks=11
accepted lambda=0.79000000 minJ=7.6705e-05 residual=2.174e-09 checks=12
accepted lambda=0.80000000 minJ=7.45307e-05 residual=6.108e-09 checks=12
accepted lambda=0.81000000 minJ=7.24811e-05 residual=5.637e-09 checks=12
accepted lambda=0.82000000 minJ=7.05441e-05 residual=6.833e-09 checks=12
accepted lambda=0.83000000 minJ=6.87096e-05 residual=8.568e-09 checks=11
accepted lambda=0.84000000 minJ=6.69699e-05 residual=5.194e-09 checks=11
accepted lambda=0.85000000 minJ=6.53188e-05 residual=1.510e-09 checks=11
accepted lambda=0.86000000 minJ=6.37509e-05 residual=4.453e-09 checks=11
accepted lambda=0.87000000 minJ=6.22616e-05 residual=6.521e-09 checks=12
accepted lambda=0.88000000 minJ=6.08462e-05 residual=6.485e-09 checks=11
accepted lambda=0.89000000 minJ=5.95007e-05 residual=4.155e-09 checks=11
accepted lambda=0.90000000 minJ=5.82212e-05 residual=4.387e-09 checks=11
accepted lambda=0.91000000 minJ=5.7004e-05 residual=3.544e-09 checks=11
accepted lambda=0.92000000 minJ=5.58459e-05 residual=4.676e-09 checks=11
accepted lambda=0.93000000 minJ=5.47441e-05 residual=9.806e-09 checks=11
accepted lambda=0.94000000 minJ=5.36962e-05 residual=7.773e-09 checks=12
accepted lambda=0.95000000 minJ=5.27001e-05 residual=7.635e-09 checks=12
accepted lambda=0.96000000 minJ=5.17545e-05 residual=4.113e-09 checks=14
accepted lambda=0.97000000 minJ=5.08585e-05 residual=8.210e-09 checks=13
accepted lambda=0.98000000 minJ=5.00121e-05 residual=7.929e-09 checks=14
accepted lambda=0.99000000 minJ=4.92163e-05 residual=8.828e-09 checks=15
accepted lambda=1.00000000 minJ=4.84743e-05 residual=8.024e-09 checks=14
{
  "status": "success",
  "target_reached": true,
  "target_lambda": 1.0,
  "reached_lambda": 1.0,
  "failure": null,
  "trials": [
    {
      "target_lambda": 0.01,
      "newton_check": 1,
      "factor": 1.0,
      "accepted": false,
      "minimum_J": 0.9720173304064659,
      "phi": 0.01579558747868298,
      "reason": "armijo_insufficient_decrease"
    },
    {
      "target_lambda": 0.01,
      "newton_check": 1,
      "factor": 0.5,
      "accepted": false,
      "minimum_J": 0.9860384590823176,
      "phi": 0.0010929632705149448,
      "reason": "armijo_insufficient_decrease"
    },
    {
      "target_lambda": 0.01,
      "newton_check": 1,
      "factor": 0.25,
      "accepted": false,
      "minimum_J": 0.9930266780109299,
      "phi": 0.00013928235492099032,
      "reason": "armijo_insufficient_decrease"
    },
    {
      "target_lambda": 0.01,
      "newton_check": 1,
      "factor": 0.125,
      "accepted": true,
      "minimum_J": 0.9965152011229077,
      "phi": 7.52087340530403e-05
    },
    {
      "target_lambda": 0.01,
      "newton_check": 2,
      "factor": 1.0,
      "accepted": false,
      "minimum_J": 0.9720711324604514,
      "phi": 0.009220161954926568,
      "reason": "armijo_insufficient_decrease"
    },
    {
      "target_lambda": 0.01,
      "newton_check": 2,
      "factor": 0.5,
      "accepted": false,
      "minimum_J": 0.9843155303779739,
      "phi": 0.0006993202268527455,
      "reason": "armijo_insufficient_decrease"
    },
    {
      "target_lambda": 0.01,
      "newton_check": 2,
      "factor": 0.25,
      "accepted": false,
      "minimum_J": 0.9904209566470143,
      "phi": 0.00011740171944456166,
      "reason": "armijo_insufficient_decrease"
    },
    {
      "target_lambda": 0.01,
      "newton_check": 2,
      "factor": 0.125,
      "accepted": true,
      "minimum_J": 0.9934694766091043,
      "phi": 7.12305170916843e-05
    },
    {
      "target_lambda": 0.01,
      "newton_check": 3,
      "factor": 1.0,
      "accepted": false,
      "minimum_J": 0.9721013039478259,
      "phi": 0.005395997732444823,
      "reason": "armijo_insufficient_decrease"
    },
    {
      "target_lambda": 0.01,
      "newton_check": 3,
      "factor": 0.5,
      "accepted": false,
      "minimum_J": 0.9828022305836865,
      "phi": 0.0004523849917554686,
      "reason": "armijo_insufficient_decrease"
    },
    {
      "target_lambda": 0.01,
      "newton_check": 3,
      "factor": 0.25,
      "accepted": false,
      "minimum_J": 0.9881400636727008,
      "phi": 9.763679218422418e-05,
      "reason": "armijo_insufficient_decrease"
    },
    {
      "target_lambda": 0.01,
      "newton_check": 3,
      "factor": 0.125,
      "accepted": true,
      "minimum_J": 0.990805822659979,
      "phi": 6.649640040916948e-05
    },
    {
      "target_lambda": 0.01,
      "newton_check": 4,
      "factor": 1.0,
      "accepted": false,
      "minimum_J": 0.9721171093371948,
      "phi": 0.0031635748012744445,
      "reason": "armijo_insufficient_decrease"
    },
    {
      "target_lambda": 0.01,
      "newton_check": 4,
      "factor": 0.5,
      "accepted": false,
      "minimum_J": 0.9814741803891458,
      "phi": 0.00029568889020078207,
      "reason": "armijo_insufficient_decrease"
    },
    {
      "target_lambda": 0.01,
      "newton_check": 4,
      "factor": 0.25,
      "accepted": false,
      "minimum_J": 0.9861431801222021,
      "phi": 8.026264331416957e-05,
      "reason": "armijo_insufficient_decrease"
    },
    {
      "target_lambda": 0.01,
      "newton_check": 4,
      "factor": 0.125,
      "accepted": true,
      "minimum_J": 0.9884752960405006,
      "phi": 6.0579668672325576e-05
    },
    {
      "target_lambda": 0.01,
      "newton_check": 5,
      "factor": 1.0,
      "accepted": false,
      "minimum_J": 0.9721243574684257,
      "phi": 0.0018569421028892179,
      "reason": "armijo_insufficient_decrease"
    },
    {
      "target_lambda": 0.01,
      "newton_check": 5,
      "factor": 0.5,
      "accepted": false,
      "minimum_J": 0.9803094467698091,
      "phi": 0.00019519900168575994,
      "reason": "armijo_insufficient_decrease"
    },
    {
      "target_lambda": 0.01,
      "newton_check": 5,
      "factor": 0.25,
      "accepted": false,
      "minimum_J": 0.9843947764089913,
      "phi": 6.53271998121605e-05,
      "reason": "armijo_insufficient_decrease"
    },
    {
      "target_lambda": 0.01,
      "newton_check": 5,
      "factor": 0.125,
      "accepted": true,
      "minimum_J": 0.9864356374757051,
      "phi": 5.383393997415864e-05
    },
    {
      "target_lambda": 0.01,
      "newton_check": 6,
      "factor": 1.0,
      "accepted": false,
      "minimum_J": 0.9721266667568947,
      "phi": 0.0010908000215588416,
      "reason": "armijo_insufficient_decrease"
    },
    {
      "target_lambda": 0.01,
      "newton_check": 6,
      "factor": 0.5,
      "accepted": false,
      "minimum_J": 0.9792884438274861,
      "phi": 0.0001301094193504035,
      "reason": "armijo_insufficient_decrease"
    },
    {
      "target_lambda": 0.01,
      "newton_check": 6,
      "factor": 0.25,
      "accepted": true,
      "minimum_J": 0.9828638635793923,
      "phi": 5.2720833356198126e-05
    },
    {
      "target_lambda": 0.01,
      "newton_check": 7,
      "factor": 1.0,
      "accepted": false,
      "minimum_J": 0.9721327231352159,
      "phi": 0.0003461347373362823,
      "reason": "armijo_insufficient_decrease"
    },
    {
      "target_lambda": 0.01,
      "newton_check": 7,
      "factor": 0.5,
      "accepted": false,
      "minimum_J": 0.977502313278922,
      "phi": 6.489506814542283e-05,
      "reason": "armijo_insufficient_decrease"
    },
    {
      "target_lambda": 0.01,
      "newton_check": 7,
      "factor": 0.25,
      "accepted": true,
      "minimum_J": 0.9801840934095616,
      "phi": 4.228816540845381e-05
    },
    {
      "target_lambda": 0.01,
      "newton_check": 8,
      "factor": 1.0,
      "accepted": false,
      "minimum_J": 0.9721274474459002,
      "phi": 0.00011024610548887298,
      "reason": "armijo_insufficient_decrease"
    },
    {
      "target_lambda": 0.01,
      "newton_check": 8,
      "factor": 0.5,
      "accepted": true,
      "minimum_J": 0.9761580019234538,
      "phi": 3.324767387937298e-05
    },
    {
      "target_lambda": 0.01,
      "newton_check": 9,
      "factor": 1.0,
      "accepted": true,
      "minimum_J": 0.972118620338418,
      "phi": 7.005168189834815e-06
    },
    {
      "target_lambda": 0.01,
      "newton_check": 10,
      "factor": 1.0,
      "accepted": true,
      "minimum_J": 0.9721060909612528,
      "phi": 1.549140452567658e-15
    },
    {
      "target_lambda": 0.01,
      "newton_check": 11,
      "factor": 1.0,
      "accepted": true,
      "minimum_J": 0.9721060633223404,
      "phi": 1.767208310896747e-25
    },
    {
      "target_lambda": 0.02,
      "newton_check": 1,
      "factor": 1.0,
      "accepted": false,
      "minimum_J": 0.9440832498298559,
      "phi": 0.015937737526754717,
      "reason": "armijo_insufficient_decrease"
    },
    {
      "target_lambda": 0.02,
      "newton_check": 1,
      "factor": 0.5,
      "accepted": false,
      "minimum_J": 0.958120610991045,
      "phi": 0.0011022383990752617,
      "reason": "armijo_insufficient_decrease"
    },
    {
      "target_lambda": 0.02,
      "newton_check": 1,
      "factor": 0.25,
      "accepted": false,
      "minimum_J": 0.9651198257604293,
      "phi": 0.00013998484111535868,
      "reason": "armijo_insufficient_decrease"
    },
    {
      "target_lambda": 0.02,
      "newton_check": 1,
      "factor": 0.125,
      "accepted": true,
      "minimum_J": 0.968614566692319,
      "phi": 7.528652810685771e-05
    },
    {
      "target_lambda": 0.02,
      "newton_check": 2,
      "factor": 1.0,
      "accepted": false,
      "minimum_J": 0.9441375050657155,
      "phi": 0.009301175014490043,
      "reason": "armijo_insufficient_decrease"
    },
    {
      "target_lambda": 0.02,
      "newton_check": 2,
      "factor": 0.5,
      "accepted": false,
      "minimum_J": 0.9563954499405977,
      "phi": 0.0007050763876804292,
      "reason": "armijo_insufficient_decrease"
    },
    {
      "target_lambda": 0.02,
      "newton_check": 2,
      "factor": 0.25,
      "accepted": false,
      "minimum_J": 0.9625098618318534,
      "phi": 0.00011801496158177819,
      "reason": "armijo_insufficient_decrease"
    },
    {
      "target_lambda": 0.02,
      "newton_check": 2,
      "factor": 0.125,
      "accepted": true,
      "minimum_J": 0.9655634276409351,
      "phi": 7.138375121617522e-05
    },
    {
      "target_lambda": 0.02,
      "newton_check": 3,
      "factor": 1.0,
      "accepted": false,
      "minimum_J": 0.9441679221593702,
      "phi": 0.005442471618374104,
      "reason": "armijo_insufficient_decrease"
    },
    {
      "target_lambda": 0.02,
      "newton_check": 3,
      "factor": 0.5,
      "accepted": false,
      "minimum_J": 0.9548802484043438,
      "phi": 0.00045601181064236875,
      "reason": "armijo_insufficient_decrease"
    },
    {
      "target_lambda": 0.02,
      "newton_check": 3,
      "factor": 0.25,
      "accepted": false,
      "minimum_J": 0.9602254813986872,
      "phi": 9.816132255281665e-05,
      "reason": "armijo_insufficient_decrease"
    },
    {
      "target_lambda": 0.02,
      "newton_check": 3,
      "factor": 0.125,
      "accepted": true,
      "minimum_J": 0.962895365363823,
      "phi": 6.670002416167655e-05
    },
    {
      "target_lambda": 0.02,
      "newton_check": 4,
      "factor": 1.0,
      "accepted": false,
      "minimum_J": 0.9441838504817731,
      "phi": 0.003190368844219786,
      "reason": "armijo_insufficient_decrease"
    },
    {
      "target_lambda": 0.02,
      "newton_check": 4,
      "factor": 0.5,
      "accepted": false,
      "minimum_J": 0.9535505799127378,
      "phi": 0.00029800553505281185,
      "reason": "armijo_insufficient_decrease"
    },
    {
      "target_lambda": 0.02,
      "newton_check": 4,
      "factor": 0.25,
      "accepted": false,
      "minimum_J": 0.9582257156357654,
      "phi": 8.070372929693266e-05,
      "reason": "armijo_insufficient_decrease"
    },
    {
      "target_lambda": 0.02,
      "newton_check": 4,
      "factor": 0.125,
      "accepted": true,
      "minimum_J": 0.9605612262491654,
      "phi": 6.080686098086351e-05
    },
    {
      "target_lambda": 0.02,
      "newton_check": 5,
      "factor": 1.0,
      "accepted": false,
      "minimum_J": 0.9441911504696298,
      "phi": 0.0018724493169473872,
      "reason": "armijo_insufficient_decrease"
    },
    {
      "target_lambda": 0.02,
      "newton_check": 5,
      "factor": 0.5,
      "accepted": false,
      "minimum_J": 0.9523844690607212,
      "phi": 0.00019669751742086689,
      "reason": "armijo_insufficient_decrease"
    },
    {
      "target_lambda": 0.02,
      "newton_check": 5,
      "factor": 0.25,
      "accepted": false,
      "minimum_J": 0.9564749178302743,
      "phi": 6.569289939668891e-05,
      "reason": "armijo_insufficient_decrease"
    },
    {
      "target_lambda": 0.02,
      "newton_check": 5,
      "factor": 0.125,
      "accepted": true,
      "minimum_J": 0.9585185895835525,
      "phi": 5.4063412174583805e-05
    },
    {
      "target_lambda": 0.02,
      "newton_check": 6,
      "factor": 1.0,
      "accepted": false,
      "minimum_J": 0.9441934718049317,
      "phi": 0.0010998013697253782,
      "reason": "armijo_insufficient_decrease"
    },
    {
      "target_lambda": 0.02,
      "newton_check": 6,
      "factor": 0.5,
      "accepted": false,
      "minimum_J": 0.9513622930453933,
      "phi": 0.0001310902064144443,
      "reason": "armijo_insufficient_decrease"
    },
    {
      "target_lambda": 0.02,
      "newton_check": 6,
      "factor": 0.25,
      "accepted": true,
      "minimum_J": 0.9549420069022608,
      "phi": 5.302046869306476e-05
    },
    {
      "target_lambda": 0.02,
      "newton_check": 7,
      "factor": 1.0,
      "accepted": false,
      "minimum_J": 0.9441995460565029,
      "phi": 0.0003489239203839777,
      "reason": "armijo_insufficient_decrease"
    },
    {
      "target_lambda": 0.02,
      "newton_check": 7,
      "factor": 0.5,
      "accepted": false,
      "minimum_J": 0.9495742135301505,
      "phi": 6.537302400228494e-05,
      "reason": "armijo_insufficient_decrease"
    },
    {
      "target_lambda": 0.02,
      "newton_check": 7,
      "factor": 0.25,
      "accepted": true,
      "minimum_J": 0.9522589694788977,
      "phi": 4.255340437865023e-05
    },
    {
      "target_lambda": 0.02,
      "newton_check": 8,
      "factor": 1.0,
      "accepted": false,
      "minimum_J": 0.9441942208659289,
      "phi": 0.00011112095469303519,
      "reason": "armijo_insufficient_decrease"
    },
    {
      "target_lambda": 0.02,
      "newton_check": 8,
      "factor": 0.5,
      "accepted": true,
      "minimum_J": 0.9482284965024668,
      "phi": 3.348909177668911e-05
    },
    {
      "target_lambda": 0.02,
      "newton_check": 9,
      "factor": 1.0,
      "accepted": true,
      "minimum_J": 0.9441853155774359,
      "phi": 7.059232487569723e-06
    },
    {
      "target_lambda": 0.02,
      "newton_check": 10,
      "factor": 1.0,
      "accepted": true,
      "minimum_J": 0.9441727038821485,
      "phi": 1.5508501000042874e-15
    },
    {
      "target_lambda": 0.02,
      "newton_check": 11,
      "factor": 1.0,
      "accepted": true,
      "minimum_J": 0.9441726761386731,
      "phi": 2.1654869332459894e-25
    },
    {
      "target_lambda": 0.03,
      "newton_check": 1,
      "factor": 1.0,
      "accepted": false,
      "minimum_J": 0.9161423437556979,
      "phi": 0.016059393272171103,
      "reason": "armijo_insufficient_decrease"
    },
    {
      "target_lambda": 0.03,
      "newton_check": 1,
      "factor": 0.5,
      "accepted": false,
      "minimum_J": 0.9301794673257177,
      "phi": 0.0011101603661215498,
      "reason": "armijo_insufficient_decrease"
    },
    {
      "target_lambda": 0.03,
      "newton_check": 1,
      "factor": 0.25,
      "accepted": false,
      "minimum_J": 0.9371815610768285,
      "phi": 0.00014058027297014457,
      "reason": "armijo_insufficient_decrease"
    },
    {
      "target_lambda": 0.03,
      "newton_check": 1,
      "factor": 0.125,
      "accepted": true,
      "minimum_J": 0.940678490943909,
      "phi": 7.535145137671562e-05
    },
    {
      "target_lambda": 0.03,
      "newton_check": 2,
      "factor": 1.0,
      "accepted": false,
      "minimum_J": 0.9161967429769676,
      "phi": 0.009370220126693179,
      "reason": "armijo_insufficient_decrease"
    },
    {
      "target_lambda": 0.03,
      "newton_check": 2,
      "factor": 0.5,
      "accepted": false,
      "minimum_J": 0.928453964970559,
      "phi": 0.0007099719341370313,
      "reason": "armijo_insufficient_decrease"
    },
    {
      "target_lambda": 0.03,
      "newton_check": 2,
      "factor": 0.25,
      "accepted": false,
      "minimum_J": 0.9345703149597643,
      "phi": 0.00011853323457233389,
      "reason": "armijo_insufficient_decrease"
    },
    {
      "target_lambda": 0.03,
      "newton_check": 2,
      "factor": 0.125,
      "accepted": true,
      "minimum_J": 0.937625424702469,
      "phi": 7.151226028332635e-05
    },
    {
      "target_lambda": 0.03,
      "newton_check": 3,
      "factor": 1.0,
      "accepted": false,
      "minimum_J": 0.9162271948303877,
      "phi": 0.005481930112584821,
      "reason": "armijo_insufficient_decrease"
    },
    {
      "target_lambda": 0.03,
      "newton_check": 3,
      "factor": 0.5,
      "accepted": false,
      "minimum_J": 0.9269385298640814,
      "phi": 0.0004590849380348051,
      "reason": "armijo_insufficient_decrease"
    },
    {
      "target_lambda": 0.03,
      "newton_check": 3,
      "factor": 0.25,
      "accepted": false,
      "minimum_J": 0.9322850323076886,
      "phi": 9.860366854549143e-05,
      "reason": "armijo_insufficient_decrease"
    },
    {
      "target_lambda": 0.03,
      "newton_check": 3,
      "factor": 0.125,
      "accepted": true,
      "minimum_J": 0.9349559922611821,
      "phi": 6.687108543897444e-05
    },
    {
      "target_lambda": 0.03,
      "newton_check": 4,
      "factor": 1.0,
      "accepted": false,
      "minimum_J": 0.9162431015560936,
      "phi": 0.0032130401952985546,
      "reason": "armijo_insufficient_decrease"
    },
    {
      "target_lambda": 0.03,
      "newton_check": 4,
      "factor": 0.5,
      "accepted": false,
      "minimum_J": 0.9256087118599838,
      "phi": 0.0002999622253883019,
      "reason": "armijo_insufficient_decrease"
    },
    {
      "target_lambda": 0.03,
      "newton_check": 4,
      "factor": 0.25,
      "accepted": false,
      "minimum_J": 0.9302846432984196,
      "phi": 8.107509925958099e-05,
      "reason": "armijo_insufficient_decrease"
    },
    {
      "target_lambda": 0.03,
      "newton_check": 4,
      "factor": 0.125,
      "accepted": true,
      "minimum_J": 0.9326208905892598,
      "phi": 6.0997822400174374e-05
    },
    {
      "target_lambda": 0.03,
      "newton_check": 5,
      "factor": 1.0,
      "accepted": false,
      "minimum_J": 0.9162503538673301,
      "phi": 0.0018855298640346253,
      "reason": "armijo_insufficient_decrease"
    },
    {
      "target_lambda": 0.03,
      "newton_check": 5,
      "factor": 0.5,
      "accepted": false,
      "minimum_J": 0.9244425152019514,
      "phi": 0.00019795975124259864,
      "reason": "armijo_insufficient_decrease"
    },
    {
      "target_lambda": 0.03,
      "newton_check": 5,
      "factor": 0.25,
      "accepted": false,
      "minimum_J": 0.9285334261390198,
      "phi": 6.600041010366993e-05,
      "reason": "armijo_insufficient_decrease"
    },
    {
      "target_lambda": 0.03,
      "newton_check": 5,
      "factor": 0.125,
      "accepted": true,
      "minimum_J": 0.9305775891749932,
      "phi": 5.425629014934272e-05
    },
    {
      "target_lambda": 0.03,
      "newton_check": 6,
      "factor": 1.0,
      "accepted": false,
      "minimum_J": 0.9162526184083979,
      "phi": 0.001107372982791359,
      "reason": "armijo_insufficient_decrease"
    },
    {
      "target_lambda": 0.03,
      "newton_check": 6,
      "factor": 0.5,
      "accepted": false,
      "minimum_J": 0.923420300412018,
      "phi": 0.00013191445988327378,
      "reason": "armijo_insufficient_decrease"
    },
    {
      "target_lambda": 0.03,
      "newton_check": 6,
      "factor": 0.25,
      "accepted": true,
      "minimum_J": 0.9270002439485864,
      "phi": 5.3272176853799333e-05
    },
    {
      "target_lambda": 0.03,
      "newton_check": 7,
      "factor": 1.0,
      "accepted": false,
      "minimum_J": 0.9162586070435158,
      "phi": 0.00035125718212156067,
      "reason": "armijo_insufficient_decrease"
    },
    {
      "target_lambda": 0.03,
      "newton_check": 7,
      "factor": 0.5,
      "accepted": false,
      "minimum_J": 0.9216322599813086,
      "phi": 6.577330886963025e-05,
      "reason": "armijo_insufficient_decrease"
    },
    {
      "target_lambda": 0.03,
      "newton_check": 7,
      "factor": 0.25,
      "accepted": true,
      "minimum_J": 0.9243169605862619,
      "phi": 4.277595594589426e-05
    },
    {
      "target_lambda": 0.03,
      "newton_check": 8,
      "factor": 1.0,
      "accepted": false,
      "minimum_J": 0.9162531930758426,
      "phi": 0.00011184965360440564,
      "reason": "armijo_insufficient_decrease"
    },
    {
      "target_lambda": 0.03,
      "newton_check": 8,
      "factor": 0.5,
      "accepted": true,
      "minimum_J": 0.9202866372039296,
      "phi": 3.3690872863804284e-05
    },
    {
      "target_lambda": 0.03,
      "newton_check": 9,
      "factor": 1.0,
      "accepted": true,
      "minimum_J": 0.916244179977603,
      "phi": 7.10387417113916e-06
    },
    {
      "target_lambda": 0.03,
      "newton_check": 10,
      "factor": 1.0,
      "accepted": true,
      "minimum_J": 0.9162314964372288,
      "phi": 1.5446209643534084e-15
    },
    {
      "target_lambda": 0.03,
      "newton_check": 11,
      "factor": 1.0,
      "accepted": true,
      "minimum_J": 0.9162314686740376,
      "phi": 2.5371237874015395e-25
    },
    {
      "target_lambda": 0.04,
      "newton_check": 1,
      "factor": 1.0,
      "accepted": false,
      "minimum_J": 0.888225331083333,
      "phi": 0.016159804154072158,
      "reason": "armijo_insufficient_decrease"
    },
    {
      "target_lambda": 0.04,
      "newton_check": 1,
      "factor": 0.5,
      "accepted": false,
      "minimum_J": 0.9022462383495319,
      "phi": 0.001116680641717659,
      "reason": "armijo_insufficient_decrease"
    },
    {
      "target_lambda": 0.04,
      "newton_check": 1,
      "factor": 0.25,
      "accepted": false,
      "minimum_J": 0.9092433131294967,
      "phi": 0.00014106511088995643,
      "reason": "armijo_insufficient_decrease"
    },
    {
      "target_lambda": 0.04,
      "newton_check": 1,
      "factor": 0.125,
      "accepted": true,
      "minimum_J": 0.9127385058061952,
      "phi": 7.540314295215605e-05
    },
    {
      "target_lambda": 0.04,
      "newton_check": 2,
      "factor": 1.0,
      "accepted": false,
      "minimum_J": 0.8882795710952845,
      "phi": 0.009426870151149356,
      "reason": "armijo_insufficient_decrease"
    },
    {
      "target_lambda": 0.04,
      "newton_check": 2,
      "factor": 0.5,
      "accepted": false,
      "minimum_J": 0.9005222311286807,
      "phi": 0.0007139768142185266,
      "reason": "armijo_insufficient_decrease"
    },
    {
      "target_lambda": 0.04,
      "newton_check": 2,
      "factor": 0.25,
      "accepted": false,
      "minimum_J": 0.9066336666369231,
      "phi": 0.00011895344142381944,
      "reason": "armijo_insufficient_decrease"
    },
    {
      "target_lambda": 0.04,
      "newton_check": 2,
      "factor": 0.125,
      "accepted": true,
      "minimum_J": 0.9096869107639303,
      "phi": 7.161530597386019e-05
    },
    {
      "target_lambda": 0.04,
      "newton_check": 3,
      "factor": 1.0,
      "accepted": false,
      "minimum_J": 0.8883098520637128,
      "phi": 0.005514128105989219,
      "reason": "armijo_insufficient_decrease"
    },
    {
      "target_lambda": 0.04,
      "newton_check": 3,
      "factor": 0.5,
      "accepted": false,
      "minimum_J": 0.8990081823153975,
      "phi": 0.0004615854491439383,
      "reason": "armijo_insufficient_decrease"
    },
    {
      "target_lambda": 0.04,
      "newton_check": 3,
      "factor": 0.25,
      "accepted": false,
      "minimum_J": 0.9043499967650578,
      "phi": 9.896117372490061e-05,
      "reason": "armijo_insufficient_decrease"
    },
    {
      "target_lambda": 0.04,
      "newton_check": 3,
      "factor": 0.125,
      "accepted": true,
      "minimum_J": 0.9070190663208426,
      "phi": 6.700858453025737e-05
    },
    {
      "target_lambda": 0.04,
      "newton_check": 4,
      "factor": 1.0,
      "accepted": false,
      "minimum_J": 0.8883255970294536,
      "phi": 0.0032314473322501164,
      "reason": "armijo_insufficient_decrease"
    },
    {
      "target_lambda": 0.04,
      "newton_check": 4,
      "factor": 0.5,
      "accepted": false,
      "minimum_J": 0.8976796408659559,
      "phi": 0.0003015468677697468,
      "reason": "armijo_insufficient_decrease"
    },
    {
      "target_lambda": 0.04,
      "newton_check": 4,
      "factor": 0.25,
      "accepted": false,
      "minimum_J": 0.9023511808911012,
      "phi": 8.137451302948205e-05,
      "reason": "armijo_insufficient_decrease"
    },
    {
      "target_lambda": 0.04,
      "newton_check": 4,
      "factor": 0.125,
      "accepted": true,
      "minimum_J": 0.9046855804303974,
      "phi": 6.115142472842903e-05
    },
    {
      "target_lambda": 0.04,
      "newton_check": 5,
      "factor": 1.0,
      "accepted": false,
      "minimum_J": 0.8883327057203138,
      "phi": 0.0018961016578042244,
      "reason": "armijo_insufficient_decrease"
    },
    {
      "target_lambda": 0.04,
      "newton_check": 5,
      "factor": 0.5,
      "accepted": false,
      "minimum_J": 0.896514612084204,
      "phi": 0.00019897787333272645,
      "reason": "armijo_insufficient_decrease"
    },
    {
      "target_lambda": 0.04,
      "newton_check": 5,
      "factor": 0.25,
      "accepted": false,
      "minimum_J": 0.9006014635095126,
      "phi": 6.62478697306808e-05,
      "reason": "armijo_insufficient_decrease"
    },
    {
      "target_lambda": 0.04,
      "newton_check": 5,
      "factor": 0.125,
      "accepted": true,
      "minimum_J": 0.9026438637830082,
      "phi": 5.441142547996058e-05
    },
    {
      "target_lambda": 0.04,
      "newton_check": 6,
      "factor": 1.0,
      "accepted": false,
      "minimum_J": 0.8883348475308344,
      "phi": 0.0011134670894888462,
      "reason": "armijo_insufficient_decrease"
    },
    {
      "target_lambda": 0.04,
      "newton_check": 6,
      "factor": 0.5,
      "accepted": false,
      "minimum_J": 0.89549345949505,
      "phi": 0.00013257704956634638,
      "reason": "armijo_insufficient_decrease"
    },
    {
      "target_lambda": 0.04,
      "newton_check": 6,
      "factor": 0.25,
      "accepted": true,
      "minimum_J": 0.8990696875985614,
      "phi": 5.3474428452510615e-05
    },
    {
      "target_lambda": 0.04,
      "newton_check": 7,
      "factor": 1.0,
      "accepted": false,
      "minimum_J": 0.8883406515137791,
      "phi": 0.00035311965732901673,
      "reason": "armijo_insufficient_decrease"
    },
    {
      "target_lambda": 0.04,
      "newton_check": 7,
      "factor": 0.5,
      "accepted": false,
      "minimum_J": 0.8937073870132087,
      "phi": 6.609341836433435e-05,
      "reason": "armijo_insufficient_decrease"
    },
    {
      "target_lambda": 0.04,
      "newton_check": 7,
      "factor": 0.25,
      "accepted": true,
      "minimum_J": 0.8963890916701449,
      "phi": 4.295445430586365e-05
    },
    {
      "target_lambda": 0.04,
      "newton_check": 8,
      "factor": 1.0,
      "accepted": false,
      "minimum_J": 0.8883351121590095,
      "phi": 0.00011242750984511506,
      "reason": "armijo_insufficient_decrease"
    },
    {
      "target_lambda": 0.04,
      "newton_check": 8,
      "factor": 0.5,
      "accepted": true,
      "minimum_J": 0.8923633134840597,
      "phi": 3.385174927365096e-05
    },
    {
      "target_lambda": 0.04,
      "newton_check": 9,
      "factor": 1.0,
      "accepted": true,
      "minimum_J": 0.8883259643642166,
      "phi": 7.13879888309769e-06
    },
    {
      "target_lambda": 0.04,
      "newton_check": 10,
      "factor": 1.0,
      "accepted": true,
      "minimum_J": 0.8883132204029226,
      "phi": 1.530381423392451e-15
    },
    {
      "target_lambda": 0.04,
      "newton_check": 11,
      "factor": 1.0,
      "accepted": true,
      "minimum_J": 0.8883131927049963,
      "phi": 2.9185335869351395e-25
    },
    {
      "target_lambda": 0.05,
      "newton_check": 1,
      "factor": 1.0,
      "accepted": false,
      "minimum_J": 0.8603618438712481,
      "phi": 0.01623831482492896,
      "reason": "armijo_insufficient_decrease"
    },
    {
      "target_lambda": 0.05,
      "newton_check": 1,
      "factor": 0.5,
      "accepted": false,
      "minimum_J": 0.8743511510754203,
      "phi": 0.0011217568897394497,
      "reason": "armijo_insufficient_decrease"
    },
    {
      "target_lambda": 0.05,
      "newton_check": 1,
      "factor": 0.25,
      "accepted": false,
      "minimum_J": 0.8813355800870328,
      "phi": 0.0001414362775705001,
      "reason": "armijo_insufficient_decrease"
    },
    {
      "target_lambda": 0.05,
      "newton_check": 1,
      "factor": 0.125,
      "accepted": true,
      "minimum_J": 0.8848252384452207,
      "phi": 7.544129146459866e-05
    },
    {
      "target_lambda": 0.05,
      "newton_check": 2,
      "factor": 1.0,
      "accepted": false,
      "minimum_J": 0.8604156345261433,
      "phi": 0.009470753493282696,
      "reason": "armijo_insufficient_decrease"
    },
    {
      "target_lambda": 0.05,
      "newton_check": 2,
      "factor": 0.5,
      "accepted": false,
      "minimum_J": 0.8726304111798434,
      "phi": 0.0007170649054866608,
      "reason": "armijo_insufficient_decrease"
    },
    {
      "target_lambda": 0.05,
      "newton_check": 2,
      "factor": 0.25,
      "accepted": false,
      "minimum_J": 0.8787303184860725,
      "phi": 0.00011927289673291497,
      "reason": "armijo_insufficient_decrease"
    },
    {
      "target_lambda": 0.05,
      "newton_check": 2,
      "factor": 0.125,
      "accepted": true,
      "minimum_J": 0.8817784018840316,
      "phi": 7.169225006327174e-05
    },
    {
      "target_lambda": 0.05,
      "newton_check": 3,
      "factor": 1.0,
      "accepted": false,
      "minimum_J": 0.8604455492556389,
      "phi": 0.005538853077125254,
      "reason": "armijo_insufficient_decrease"
    },
    {
      "target_lambda": 0.05,
      "newton_check": 3,
      "factor": 0.5,
      "accepted": false,
      "minimum_J": 0.8711193117285764,
      "phi": 0.0004634969454199211,
      "reason": "armijo_insufficient_decrease"
    },
    {
      "target_lambda": 0.05,
      "newton_check": 3,
      "factor": 0.25,
      "accepted": false,
      "minimum_J": 0.8764506908459893,
      "phi": 9.923153927964638e-05,
      "reason": "armijo_insufficient_decrease"
    },
    {
      "target_lambda": 0.05,
      "newton_check": 3,
      "factor": 0.125,
      "accepted": true,
      "minimum_J": 0.8791150048749318,
      "phi": 6.711165706006792e-05
    },
    {
      "target_lambda": 0.05,
      "newton_check": 4,
      "factor": 1.0,
      "accepted": false,
      "minimum_J": 0.8604610003692689,
      "phi": 0.0032454679226818373,
      "reason": "armijo_insufficient_decrease"
    },
    {
      "target_lambda": 0.05,
      "newton_check": 4,
      "factor": 0.5,
      "accepted": false,
      "minimum_J": 0.8697934227408758,
      "phi": 0.0003027490114381252,
      "reason": "armijo_insufficient_decrease"
    },
    {
      "target_lambda": 0.05,
      "newton_check": 4,
      "factor": 0.25,
      "accepted": false,
      "minimum_J": 0.8744555688375973,
      "phi": 8.16000349995388e-05,
      "reason": "armijo_insufficient_decrease"
    },
    {
      "target_lambda": 0.05,
      "newton_check": 4,
      "factor": 0.125,
      "accepted": true,
      "minimum_J": 0.8767856256136881,
      "phi": 6.126669282175878e-05
    },
    {
      "target_lambda": 0.05,
      "newton_check": 5,
      "factor": 1.0,
      "accepted": false,
      "minimum_J": 0.8604678757969655,
      "phi": 0.0019040939399859254,
      "reason": "armijo_insufficient_decrease"
    },
    {
      "target_lambda": 0.05,
      "newton_check": 5,
      "factor": 0.5,
      "accepted": false,
      "minimum_J": 0.8686307712573397,
      "phi": 0.000199745133016935,
      "reason": "armijo_insufficient_decrease"
    },
    {
      "target_lambda": 0.05,
      "newton_check": 5,
      "factor": 0.25,
      "accepted": false,
      "minimum_J": 0.8727092035735169,
      "phi": 6.64336712110891e-05,
      "reason": "armijo_insufficient_decrease"
    },
    {
      "target_lambda": 0.05,
      "newton_check": 5,
      "factor": 0.125,
      "accepted": true,
      "minimum_J": 0.8747476658781036,
      "phi": 5.452782609470981e-05
    },
    {
      "target_lambda": 0.05,
      "newton_check": 6,
      "factor": 1.0,
      "accepted": false,
      "minimum_J": 0.8604698338465693,
      "phi": 0.001118042613571408,
      "reason": "armijo_insufficient_decrease"
    },
    {
      "target_lambda": 0.05,
      "newton_check": 6,
      "factor": 0.5,
      "accepted": false,
      "minimum_J": 0.8676117428265476,
      "phi": 0.0001330735607462248,
      "reason": "armijo_insufficient_decrease"
    },
    {
      "target_lambda": 0.05,
      "newton_check": 6,
      "factor": 0.25,
      "accepted": true,
      "minimum_J": 0.8711804525933785,
      "phi": 5.362590491700288e-05
    },
    {
      "target_lambda": 0.05,
      "newton_check": 7,
      "factor": 1.0,
      "accepted": false,
      "minimum_J": 0.8604753614670233,
      "phi": 0.0003544986262265155,
      "reason": "armijo_insufficient_decrease"
    },
    {
      "target_lambda": 0.05,
      "newton_check": 7,
      "factor": 0.5,
      "accepted": false,
      "minimum_J": 0.8658294979943951,
      "phi": 6.63312036520495e-05,
      "reason": "armijo_insufficient_decrease"
    },
    {
      "target_lambda": 0.05,
      "newton_check": 7,
      "factor": 0.25,
      "accepted": true,
      "minimum_J": 0.8685053730349355,
      "phi": 4.3087723894670684e-05
    },
    {
      "target_lambda": 0.05,
      "newton_check": 8,
      "factor": 1.0,
      "accepted": false,
      "minimum_J": 0.8604696642222291,
      "phi": 0.00011285052399490136,
      "reason": "armijo_insufficient_decrease"
    },
    {
      "target_lambda": 0.05,
      "newton_check": 8,
      "factor": 0.5,
      "accepted": true,
      "minimum_J": 0.8644883763490003,
      "phi": 3.397063501601245e-05
    },
    {
      "target_lambda": 0.05,
      "newton_check": 9,
      "factor": 1.0,
      "accepted": true,
      "minimum_J": 0.8604603588971692,
      "phi": 7.163757722854486e-06
    },
    {
      "target_lambda": 0.05,
      "newton_check": 10,
      "factor": 1.0,
      "accepted": true,
      "minimum_J": 0.8604475671640961,
      "phi": 1.5081947237651754e-15
    },
    {
      "target_lambda": 0.05,
      "newton_check": 11,
      "factor": 1.0,
      "accepted": true,
      "minimum_J": 0.8604475396157054,
      "phi": 3.3400906904035966e-25
    },
    {
      "target_lambda": 0.060000000000000005,
      "newton_check": 1,
      "factor": 1.0,
      "accepted": false,
      "minimum_J": 0.8325803105664891,
      "phi": 0.016294371149363333,
      "reason": "armijo_insufficient_decrease"
    },
    {
      "target_lambda": 0.060000000000000005,
      "newton_check": 1,
      "factor": 0.5,
      "accepted": false,
      "minimum_J": 0.8465232984756221,
      "phi": 0.0011253533514649094,
      "reason": "armijo_insufficient_decrease"
    },
    {
      "target_lambda": 0.060000000000000005,
      "newton_check": 1,
      "factor": 0.25,
      "accepted": false,
      "minimum_J": 0.8534877623917949,
      "phi": 0.00014169118466461557,
      "reason": "armijo_insufficient_decrease"
    },
    {
      "target_lambda": 0.060000000000000005,
      "newton_check": 1,
      "factor": 0.125,
      "accepted": true,
      "minimum_J": 0.8569682368402831,
      "phi": 7.546563749836978e-05
    },
    {
      "target_lambda": 0.060000000000000005,
      "newton_check": 2,
      "factor": 1.0,
      "accepted": false,
      "minimum_J": 0.832633381508537,
      "phi": 0.009501557478382276,
      "reason": "armijo_insufficient_decrease"
    },
    {
      "target_lambda": 0.060000000000000005,
      "newton_check": 2,
      "factor": 0.5,
      "accepted": false,
      "minimum_J": 0.8448075281631728,
      "phi": 0.0007192142496728056,
      "reason": "armijo_insufficient_decrease"
    },
    {
      "target_lambda": 0.060000000000000005,
      "newton_check": 2,
      "factor": 0.25,
      "accepted": false,
      "minimum_J": 0.8508895622489184,
      "phi": 0.00011948934988573099,
      "reason": "armijo_insufficient_decrease"
    },
    {
      "target_lambda": 0.060000000000000005,
      "newton_check": 2,
      "factor": 0.125,
      "accepted": true,
      "minimum_J": 0.8539293194813987,
      "phi": 7.174255962521869e-05
    },
    {
      "target_lambda": 0.060000000000000005,
      "newton_check": 3,
      "factor": 1.0,
      "accepted": false,
      "minimum_J": 0.832662749824891,
      "phi": 0.005555927008046959,
      "reason": "armijo_insufficient_decrease"
    },
    {
      "target_lambda": 0.060000000000000005,
      "newton_check": 3,
      "factor": 0.5,
      "accepted": false,
      "minimum_J": 0.8433008793732392,
      "phi": 0.00046480570069300936,
      "reason": "armijo_insufficient_decrease"
    },
    {
      "target_lambda": 0.060000000000000005,
      "newton_check": 3,
      "factor": 0.25,
      "accepted": false,
      "minimum_J": 0.848616310607343,
      "phi": 9.941284383864374e-05,
      "reason": "armijo_insufficient_decrease"
    },
    {
      "target_lambda": 0.060000000000000005,
      "newton_check": 3,
      "factor": 0.125,
      "accepted": true,
      "minimum_J": 0.8512731178393768,
      "phi": 6.717958118401351e-05
    },
    {
      "target_lambda": 0.060000000000000005,
      "newton_check": 4,
      "factor": 1.0,
      "accepted": false,
      "minimum_J": 0.8326777866302847,
      "phi": 0.0032549999236583687,
      "reason": "armijo_insufficient_decrease"
    },
    {
      "target_lambda": 0.060000000000000005,
      "newton_check": 4,
      "factor": 0.5,
      "accepted": false,
      "minimum_J": 0.8419789642547775,
      "phi": 0.000303559941090075,
      "reason": "armijo_insufficient_decrease"
    },
    {
      "target_lambda": 0.060000000000000005,
      "newton_check": 4,
      "factor": 0.25,
      "accepted": false,
      "minimum_J": 0.8466269190520638,
      "phi": 8.175005081556966e-05,
      "reason": "armijo_insufficient_decrease"
    },
    {
      "target_lambda": 0.060000000000000005,
      "newton_check": 4,
      "factor": 0.125,
      "accepted": true,
      "minimum_J": 0.8489502379469668,
      "phi": 6.134281280663382e-05
    },
    {
      "target_lambda": 0.060000000000000005,
      "newton_check": 5,
      "factor": 1.0,
      "accepted": false,
      "minimum_J": 0.8326843480741625,
      "phi": 0.0019094479133640316,
      "reason": "armijo_insufficient_decrease"
    },
    {
      "target_lambda": 0.060000000000000005,
      "newton_check": 5,
      "factor": 0.5,
      "accepted": false,
      "minimum_J": 0.8408198514570082,
      "phi": 0.00020025591838227977,
      "reason": "armijo_insufficient_decrease"
    },
    {
      "target_lambda": 0.060000000000000005,
      "newton_check": 5,
      "factor": 0.25,
      "accepted": false,
      "minimum_J": 0.8448856843135988,
      "phi": 6.65564764628682e-05,
      "reason": "armijo_insufficient_decrease"
    },
    {
      "target_lambda": 0.060000000000000005,
      "newton_check": 5,
      "factor": 0.125,
      "accepted": true,
      "minimum_J": 0.8469181210331851,
      "phi": 5.4604664676824384e-05
    },
    {
      "target_lambda": 0.060000000000000005,
      "newton_check": 6,
      "factor": 1.0,
      "accepted": false,
      "minimum_J": 0.8326860681736671,
      "phi": 0.001121065541439638,
      "reason": "armijo_insufficient_decrease"
    },
    {
      "target_lambda": 0.060000000000000005,
      "newton_check": 6,
      "factor": 0.5,
      "accepted": false,
      "minimum_J": 0.8398039668446131,
      "phi": 0.00013340033315462947,
      "reason": "armijo_insufficient_decrease"
    },
    {
      "target_lambda": 0.060000000000000005,
      "newton_check": 6,
      "factor": 0.25,
      "accepted": true,
      "minimum_J": 0.8433615119991963,
      "phi": 5.372550986100422e-05
    },
    {
      "target_lambda": 0.060000000000000005,
      "newton_check": 7,
      "factor": 1.0,
      "accepted": false,
      "minimum_J": 0.8326912378125103,
      "phi": 0.00035538362842965637,
      "reason": "armijo_insufficient_decrease"
    },
    {
      "target_lambda": 0.060000000000000005,
      "newton_check": 7,
      "factor": 0.5,
      "accepted": false,
      "minimum_J": 0.8380273344793978,
      "phi": 6.648489039783291e-05,
      "reason": "armijo_insufficient_decrease"
    },
    {
      "target_lambda": 0.060000000000000005,
      "newton_check": 7,
      "factor": 0.25,
      "accepted": true,
      "minimum_J": 0.8406946631326825,
      "phi": 4.317478960546831e-05
    },
    {
      "target_lambda": 0.060000000000000005,
      "newton_check": 8,
      "factor": 1.0,
      "accepted": false,
      "minimum_J": 0.8326853556900288,
      "phi": 0.00011311542548569276,
      "reason": "armijo_insufficient_decrease"
    },
    {
      "target_lambda": 0.060000000000000005,
      "newton_check": 8,
      "factor": 0.5,
      "accepted": true,
      "minimum_J": 0.8366905107831398,
      "phi": 3.404663555901801e-05
    },
    {
      "target_lambda": 0.060000000000000005,
      "newton_check": 9,
      "factor": 1.0,
      "accepted": true,
      "minimum_J": 0.8326758753398821,
      "phi": 7.178549519654279e-06
    },
    {
      "target_lambda": 0.060000000000000005,
      "newton_check": 10,
      "factor": 1.0,
      "accepted": true,
      "minimum_J": 0.8326630500006146,
      "phi": 1.4782551248775605e-15
    },
    {
      "target_lambda": 0.060000000000000005,
      "newton_check": 11,
      "factor": 1.0,
      "accepted": true,
      "minimum_J": 0.8326630226845518,
      "phi": 4.4666312491902065e-25
    },
    {
      "target_lambda": 0.06999999999999999,
      "newton_check": 1,
      "factor": 1.0,
      "accepted": false,
      "minimum_J": 0.8049079120508146,
      "phi": 0.01632752515111811,
      "reason": "armijo_insufficient_decrease"
    },
    {
      "target_lambda": 0.06999999999999999,
      "newton_check": 1,
      "factor": 0.5,
      "accepted": false,
      "minimum_J": 0.8187905573784883,
      "phi": 0.0011274411613002718,
      "reason": "armijo_insufficient_decrease"
    },
    {
      "target_lambda": 0.06999999999999999,
      "newton_check": 1,
      "factor": 0.25,
      "accepted": false,
      "minimum_J": 0.8257280625342206,
      "phi": 0.00014182775455464364,
      "reason": "armijo_insufficient_decrease"
    },
    {
      "target_lambda": 0.06999999999999999,
      "newton_check": 1,
      "factor": 0.125,
      "accepted": true,
      "minimum_J": 0.8291958607350624,
      "phi": 7.547597551439578e-05
    },
    {
      "target_lambda": 0.06999999999999999,
      "newton_check": 2,
      "factor": 1.0,
      "accepted": false,
      "minimum_J": 0.8049600190135339,
      "phi": 0.00951903110243404,
      "reason": "armijo_insufficient_decrease"
    },
    {
      "target_lambda": 0.06999999999999999,
      "newton_check": 2,
      "factor": 0.5,
      "accepted": false,
      "minimum_J": 0.8170813877218369,
      "phi": 0.0007204072435748402,
      "reason": "armijo_insufficient_decrease"
    },
    {
      "target_lambda": 0.06999999999999999,
      "newton_check": 2,
      "factor": 0.25,
      "accepted": false,
      "minimum_J": 0.8231394861903346,
      "phi": 0.00011960100382120722,
      "reason": "armijo_insufficient_decrease"
    },
    {
      "target_lambda": 0.06999999999999999,
      "newton_check": 2,
      "factor": 0.125,
      "accepted": true,
      "minimum_J": 0.8261678889531696,
      "phi": 7.176581119828269e-05
    },
    {
      "target_lambda": 0.06999999999999999,
      "newton_check": 3,
      "factor": 1.0,
      "accepted": false,
      "minimum_J": 0.8049886804948841,
      "phi": 0.00556520794033879,
      "reason": "armijo_insufficient_decrease"
    },
    {
      "target_lambda": 0.06999999999999999,
      "newton_check": 3,
      "factor": 0.5,
      "accepted": false,
      "minimum_J": 0.8155806280631434,
      "phi": 0.00046550077962595774,
      "reason": "armijo_insufficient_decrease"
    },
    {
      "target_lambda": 0.06999999999999999,
      "newton_check": 3,
      "factor": 0.25,
      "accepted": false,
      "minimum_J": 0.8208748443429351,
      "phi": 9.950355946529415e-05,
      "reason": "armijo_insufficient_decrease"
    },
    {
      "target_lambda": 0.06999999999999999,
      "newton_check": 3,
      "factor": 0.125,
      "accepted": true,
      "minimum_J": 0.8235215131067474,
      "phi": 6.721178336595255e-05
    },
    {
      "target_lambda": 0.06999999999999999,
      "newton_check": 4,
      "factor": 1.0,
      "accepted": false,
      "minimum_J": 0.8050031975235257,
      "phi": 0.003259962466428472,
      "reason": "armijo_insufficient_decrease"
    },
    {
      "target_lambda": 0.06999999999999999,
      "newton_check": 4,
      "factor": 0.5,
      "accepted": false,
      "minimum_J": 0.8142639528400865,
      "phi": 0.00030397275147334775,
      "reason": "armijo_insufficient_decrease"
    },
    {
      "target_lambda": 0.06999999999999999,
      "newton_check": 4,
      "factor": 0.25,
      "accepted": false,
      "minimum_J": 0.8188931323546541,
      "phi": 8.182328078411907e-05,
      "reason": "armijo_insufficient_decrease"
    },
    {
      "target_lambda": 0.06999999999999999,
      "newton_check": 4,
      "factor": 0.125,
      "accepted": true,
      "minimum_J": 0.8212074225760109,
      "phi": 6.137913867636497e-05
    },
    {
      "target_lambda": 0.06999999999999999,
      "newton_check": 5,
      "factor": 1.0,
      "accepted": false,
      "minimum_J": 0.805009375652714,
      "phi": 0.0019121172508297529,
      "reason": "armijo_insufficient_decrease"
    },
    {
      "target_lambda": 0.06999999999999999,
      "newton_check": 5,
      "factor": 0.5,
      "accepted": false,
      "minimum_J": 0.8131094913514557,
      "phi": 0.00020050580420948082,
      "reason": "armijo_insufficient_decrease"
    },
    {
      "target_lambda": 0.06999999999999999,
      "newton_check": 5,
      "factor": 0.25,
      "accepted": false,
      "minimum_J": 0.8171587300230063,
      "phi": 6.66152275109254e-05,
      "reason": "armijo_insufficient_decrease"
    },
    {
      "target_lambda": 0.06999999999999999,
      "newton_check": 5,
      "factor": 0.125,
      "accepted": true,
      "minimum_J": 0.8191831445643265,
      "phi": 5.4641285426839974e-05
    },
    {
      "target_lambda": 0.06999999999999999,
      "newton_check": 6,
      "factor": 1.0,
      "accepted": false,
      "minimum_J": 0.805010812278449,
      "phi": 0.0011225092177277489,
      "reason": "armijo_insufficient_decrease"
    },
    {
      "target_lambda": 0.06999999999999999,
      "newton_check": 6,
      "factor": 0.5,
      "accepted": false,
      "minimum_J": 0.812097727317789,
      "phi": 0.0001335544922774431,
      "reason": "armijo_insufficient_decrease"
    },
    {
      "target_lambda": 0.06999999999999999,
      "newton_check": 6,
      "factor": 0.25,
      "accepted": true,
      "minimum_J": 0.8156406231651583,
      "phi": 5.3772378223157776e-05
    },
    {
      "target_lambda": 0.06999999999999999,
      "newton_check": 7,
      "factor": 1.0,
      "accepted": false,
      "minimum_J": 0.8050155550154462,
      "phi": 0.00035576655295936865,
      "reason": "armijo_insufficient_decrease"
    },
    {
      "target_lambda": 0.06999999999999999,
      "newton_check": 7,
      "factor": 0.5,
      "accepted": false,
      "minimum_J": 0.8103284163492591,
      "phi": 6.655309384703709e-05,
      "reason": "armijo_insufficient_decrease"
    },
    {
      "target_lambda": 0.06999999999999999,
      "newton_check": 7,
      "factor": 0.25,
      "accepted": true,
      "minimum_J": 0.8129846015719477,
      "phi": 4.321488496733141e-05
    },
    {
      "target_lambda": 0.06999999999999999,
      "newton_check": 8,
      "factor": 1.0,
      "accepted": false,
      "minimum_J": 0.8050094678841505,
      "phi": 0.00011321970101713441,
      "reason": "armijo_insufficient_decrease"
    },
    {
      "target_lambda": 0.06999999999999999,
      "newton_check": 8,
      "factor": 0.5,
      "accepted": true,
      "minimum_J": 0.8089971794547363,
      "phi": 3.4079055456974845e-05
    },
    {
      "target_lambda": 0.06999999999999999,
      "newton_check": 9,
      "factor": 1.0,
      "accepted": true,
      "minimum_J": 0.8049998015897972,
      "phi": 7.183022591079249e-06
    },
    {
      "target_lambda": 0.06999999999999999,
      "newton_check": 10,
      "factor": 1.0,
      "accepted": true,
      "minimum_J": 0.8049869586305622,
      "phi": 1.4408872618387389e-15
    },
    {
      "target_lambda": 0.06999999999999999,
      "newton_check": 11,
      "factor": 1.0,
      "accepted": true,
      "minimum_J": 0.8049869316274703,
      "phi": 4.661516711970105e-25
    },
    {
      "target_lambda": 0.07999999999999999,
      "newton_check": 1,
      "factor": 1.0,
      "accepted": false,
      "minimum_J": 0.7773706154435545,
      "phi": 0.0163374388552872,
      "reason": "armijo_insufficient_decrease"
    },
    {
      "target_lambda": 0.07999999999999999,
      "newton_check": 1,
      "factor": 0.5,
      "accepted": false,
      "minimum_J": 0.7911795816495892,
      "phi": 0.0011279985912509456,
      "reason": "armijo_insufficient_decrease"
    },
    {
      "target_lambda": 0.07999999999999999,
      "newton_check": 1,
      "factor": 0.25,
      "accepted": false,
      "minimum_J": 0.798083458667049,
      "phi": 0.00014184443698715137,
      "reason": "armijo_insufficient_decrease"
    },
    {
      "target_lambda": 0.07999999999999999,
      "newton_check": 1,
      "factor": 0.125,
      "accepted": true,
      "minimum_J": 0.8015352456543892,
      "phi": 7.547215526033478e-05
    },
    {
      "target_lambda": 0.07999999999999999,
      "newton_check": 2,
      "factor": 1.0,
      "accepted": false,
      "minimum_J": 0.7774215459220286,
      "phi": 0.009522987149624856,
      "reason": "armijo_insufficient_decrease"
    },
    {
      "target_lambda": 0.07999999999999999,
      "newton_check": 2,
      "factor": 0.5,
      "accepted": false,
      "minimum_J": 0.7894785759779516,
      "phi": 0.0007206307855216316,
      "reason": "armijo_insufficient_decrease"
    },
    {
      "target_lambda": 0.07999999999999999,
      "newton_check": 2,
      "factor": 0.25,
      "accepted": false,
      "minimum_J": 0.7955069558636062,
      "phi": 0.00011960652927353455,
      "reason": "armijo_insufficient_decrease"
    },
    {
      "target_lambda": 0.07999999999999999,
      "newton_check": 2,
      "factor": 0.125,
      "accepted": true,
      "minimum_J": 0.7985211120208568,
      "phi": 7.176169389169315e-05
    },
    {
      "target_lambda": 0.07999999999999999,
      "newton_check": 3,
      "factor": 1.0,
      "accepted": false,
      "minimum_J": 0.777449364031314,
      "phi": 0.0055665911600036675,
      "reason": "armijo_insufficient_decrease"
    },
    {
      "target_lambda": 0.07999999999999999,
      "newton_check": 3,
      "factor": 0.5,
      "accepted": false,
      "minimum_J": 0.7879850841695029,
      "phi": 0.00046557412767841115,
      "reason": "armijo_insufficient_decrease"
    },
    {
      "target_lambda": 0.07999999999999999,
      "newton_check": 3,
      "factor": 0.25,
      "accepted": false,
      "minimum_J": 0.793253059631034,
      "phi": 9.950256371350319e-05,
      "reason": "armijo_insufficient_decrease"
    },
    {
      "target_lambda": 0.07999999999999999,
      "newton_check": 3,
      "factor": 0.125,
      "accepted": true,
      "minimum_J": 0.7958870762099084,
      "phi": 6.720784271031483e-05
    },
    {
      "target_lambda": 0.07999999999999999,
      "newton_check": 4,
      "factor": 1.0,
      "accepted": false,
      "minimum_J": 0.7774632738359238,
      "phi": 0.0032602965306106216,
      "reason": "armijo_insufficient_decrease"
    },
    {
      "target_lambda": 0.07999999999999999,
      "newton_check": 4,
      "factor": 0.5,
      "accepted": false,
      "minimum_J": 0.7866748622451408,
      "phi": 0.000303982404052651,
      "reason": "armijo_insufficient_decrease"
    },
    {
      "target_lambda": 0.07999999999999999,
      "newton_check": 4,
      "factor": 0.25,
      "accepted": false,
      "minimum_J": 0.7912808910330803,
      "phi": 8.181878999746764e-05,
      "reason": "armijo_insufficient_decrease"
    },
    {
      "target_lambda": 0.07999999999999999,
      "newton_check": 4,
      "factor": 0.125,
      "accepted": true,
      "minimum_J": 0.7935839640728832,
      "phi": 6.137519724601356e-05
    },
    {
      "target_lambda": 0.07999999999999999,
      "newton_check": 5,
      "factor": 1.0,
      "accepted": false,
      "minimum_J": 0.7774690129525926,
      "phi": 0.0019120684809688585,
      "reason": "armijo_insufficient_decrease"
    },
    {
      "target_lambda": 0.07999999999999999,
      "newton_check": 5,
      "factor": 0.5,
      "accepted": false,
      "minimum_J": 0.7855261183971469,
      "phi": 0.0002004915881748703,
      "reason": "armijo_insufficient_decrease"
    },
    {
      "target_lambda": 0.07999999999999999,
      "newton_check": 5,
      "factor": 0.25,
      "accepted": false,
      "minimum_J": 0.7895549487061168,
      "phi": 6.660915486343903e-05,
      "reason": "armijo_insufficient_decrease"
    },
    {
      "target_lambda": 0.07999999999999999,
      "newton_check": 5,
      "factor": 0.125,
      "accepted": true,
      "minimum_J": 0.7915694332572755,
      "phi": 5.463720913793659e-05
    },
    {
      "target_lambda": 0.07999999999999999,
      "newton_check": 6,
      "factor": 1.0,
      "accepted": false,
      "minimum_J": 0.7774701309185018,
      "phi": 0.001122354564414551,
      "reason": "armijo_insufficient_decrease"
    },
    {
      "target_lambda": 0.07999999999999999,
      "newton_check": 6,
      "factor": 0.5,
      "accepted": false,
      "minimum_J": 0.7845194110180677,
      "phi": 0.00013353397262846995,
      "reason": "armijo_insufficient_decrease"
    },
    {
      "target_lambda": 0.07999999999999999,
      "newton_check": 6,
      "factor": 0.25,
      "accepted": true,
      "minimum_J": 0.7880443293702163,
      "phi": 5.3765883098402175e-05
    },
    {
      "target_lambda": 0.07999999999999999,
      "newton_check": 7,
      "factor": 1.0,
      "accepted": false,
      "minimum_J": 0.7774743928980304,
      "phi": 0.0003556417050591426,
      "reason": "armijo_insufficient_decrease"
    },
    {
      "target_lambda": 0.07999999999999999,
      "newton_check": 7,
      "factor": 0.5,
      "accepted": false,
      "minimum_J": 0.7827590584245478,
      "phi": 6.653483001788692e-05,
      "reason": "armijo_insufficient_decrease"
    },
    {
      "target_lambda": 0.07999999999999999,
      "newton_check": 7,
      "factor": 0.25,
      "accepted": true,
      "minimum_J": 0.7854016182199887,
      "phi": 4.3207458241220165e-05
    },
    {
      "target_lambda": 0.07999999999999999,
      "newton_check": 8,
      "factor": 1.0,
      "accepted": false,
      "minimum_J": 0.7774680887220229,
      "phi": 0.00011316161521215946,
      "reason": "armijo_insufficient_decrease"
    },
    {
      "target_lambda": 0.07999999999999999,
      "newton_check": 8,
      "factor": 0.5,
      "accepted": true,
      "minimum_J": 0.7814346430571933,
      "phi": 3.406740396627538e-05
    },
    {
      "target_lambda": 0.07999999999999999,
      "newton_check": 9,
      "factor": 1.0,
      "accepted": true,
      "minimum_J": 0.7774582332851756,
      "phi": 7.177076024836093e-06
    },
    {
      "target_lambda": 0.07999999999999999,
      "newton_check": 10,
      "factor": 1.0,
      "accepted": true,
      "minimum_J": 0.7774453908187691,
      "phi": 1.3965152429574306e-15
    },
    {
      "target_lambda": 0.07999999999999999,
      "newton_check": 11,
      "factor": 1.0,
      "accepted": true,
      "minimum_J": 0.7774453642065675,
      "phi": 4.813555476790906e-25
    },
    {
      "target_lambda": 0.09,
      "newton_check": 1,
      "factor": 1.0,
      "accepted": false,
      "minimum_J": 0.7499932863142651,
      "phi": 0.016323887044629327,
      "reason": "armijo_insufficient_decrease"
    },
    {
      "target_lambda": 0.09,
      "newton_check": 1,
      "factor": 0.5,
      "accepted": false,
      "minimum_J": 0.7637158734824342,
      "phi": 0.001127011225481262,
      "reason": "armijo_insufficient_decrease"
    },
    {
      "target_lambda": 0.09,
      "newton_check": 1,
      "factor": 0.25,
      "accepted": false,
      "minimum_J": 0.7705797559000053,
      "phi": 0.00014174022070257078,
      "reason": "armijo_insufficient_decrease"
    },
    {
      "target_lambda": 0.09,
      "newton_check": 1,
      "factor": 0.125,
      "accepted": true,
      "minimum_J": 0.7740123443171627,
      "phi": 7.545408271441657e-05
    },
    {
      "target_lambda": 0.09,
      "newton_check": 2,
      "factor": 1.0,
      "accepted": false,
      "minimum_J": 0.7500428644174744,
      "phi": 0.009513303695674331,
      "reason": "armijo_insufficient_decrease"
    },
    {
      "target_lambda": 0.09,
      "newton_check": 2,
      "factor": 0.5,
      "accepted": false,
      "minimum_J": 0.7620245355052704,
      "phi": 0.0007198763788958528,
      "reason": "armijo_insufficient_decrease"
    },
    {
      "target_lambda": 0.09,
      "newton_check": 2,
      "factor": 0.25,
      "accepted": false,
      "minimum_J": 0.7680176726957043,
      "phi": 0.00011950507468083865,
      "reason": "armijo_insufficient_decrease"
    },
    {
      "target_lambda": 0.09,
      "newton_check": 2,
      "factor": 0.125,
      "accepted": true,
      "minimum_J": 0.7710148167025558,
      "phi": 7.173001150778254e-05
    },
    {
      "target_lambda": 0.09,
      "newton_check": 3,
      "factor": 1.0,
      "accepted": false,
      "minimum_J": 0.7500697300544047,
      "phi": 0.005560010024265374,
      "reason": "armijo_insufficient_decrease"
    },
    {
      "target_lambda": 0.09,
      "newton_check": 3,
      "factor": 0.5,
      "accepted": false,
      "minimum_J": 0.7605396377134895,
      "phi": 0.0004650206336531729,
      "reason": "armijo_insufficient_decrease"
    },
    {
      "target_lambda": 0.09,
      "newton_check": 3,
      "factor": 0.25,
      "accepted": false,
      "minimum_J": 0.7657765682917753,
      "phi": 9.940914793454879e-05,
      "reason": "armijo_insufficient_decrease"
    },
    {
      "target_lambda": 0.09,
      "newton_check": 3,
      "factor": 0.125,
      "accepted": true,
      "minimum_J": 0.7683955277681035,
      "phi": 6.716749390987776e-05
    },
    {
      "target_lambda": 0.09,
      "newton_check": 4,
      "factor": 1.0,
      "accepted": false,
      "minimum_J": 0.7500829658270896,
      "phi": 0.0032559654030648233,
      "reason": "armijo_insufficient_decrease"
    },
    {
      "target_lambda": 0.09,
      "newton_check": 4,
      "factor": 0.5,
      "accepted": false,
      "minimum_J": 0.7592370362458825,
      "phi": 0.0003035857655275425,
      "reason": "armijo_insufficient_decrease"
    },
    {
      "target_lambda": 0.09,
      "newton_check": 4,
      "factor": 0.25,
      "accepted": false,
      "minimum_J": 0.7638157293690647,
      "phi": 8.173599518575157e-05,
      "reason": "armijo_insufficient_decrease"
    },
    {
      "target_lambda": 0.09,
      "newton_check": 4,
      "factor": 0.125,
      "accepted": true,
      "minimum_J": 0.7661054904091018,
      "phi": 6.133069151886388e-05
    },
    {
      "target_lambda": 0.09,
      "newton_check": 5,
      "factor": 1.0,
      "accepted": false,
      "minimum_J": 0.7500882258084289,
      "phi": 0.0019092812453539829,
      "reason": "armijo_insufficient_decrease"
    },
    {
      "target_lambda": 0.09,
      "newton_check": 5,
      "factor": 0.5,
      "accepted": false,
      "minimum_J": 0.7580950357257349,
      "phi": 0.00020021131506405376,
      "reason": "armijo_insufficient_decrease"
    },
    {
      "target_lambda": 0.09,
      "newton_check": 5,
      "factor": 0.25,
      "accepted": false,
      "minimum_J": 0.7620998074716602,
      "phi": 6.653778314110159e-05,
      "reason": "armijo_insufficient_decrease"
    },
    {
      "target_lambda": 0.09,
      "newton_check": 5,
      "factor": 0.125,
      "accepted": true,
      "minimum_J": 0.7641025350414414,
      "phi": 5.4592136633235455e-05
    },
    {
      "target_lambda": 0.09,
      "newton_check": 6,
      "factor": 1.0,
      "accepted": false,
      "minimum_J": 0.750089001709475,
      "phi": 0.0011205902291600545,
      "reason": "armijo_insufficient_decrease"
    },
    {
      "target_lambda": 0.09,
      "newton_check": 6,
      "factor": 0.5,
      "accepted": false,
      "minimum_J": 0.7570942853873315,
      "phi": 0.00013333753345825324,
      "reason": "armijo_insufficient_decrease"
    },
    {
      "target_lambda": 0.09,
      "newton_check": 6,
      "factor": 0.25,
      "accepted": true,
      "minimum_J": 0.7605980394673545,
      "phi": 5.370564035292625e-05
    },
    {
      "target_lambda": 0.09,
      "newton_check": 7,
      "factor": 1.0,
      "accepted": false,
      "minimum_J": 0.7500927461823197,
      "phi": 0.00035500584976047323,
      "reason": "armijo_insufficient_decrease"
    },
    {
      "target_lambda": 0.09,
      "newton_check": 7,
      "factor": 0.5,
      "accepted": false,
      "minimum_J": 0.7553444650101153,
      "phi": 6.642952312484884e-05,
      "reason": "armijo_insufficient_decrease"
    },
    {
      "target_lambda": 0.09,
      "newton_check": 7,
      "factor": 0.25,
      "accepted": true,
      "minimum_J": 0.7579710202850538,
      "phi": 4.315217651564595e-05
    },
    {
      "target_lambda": 0.09,
      "newton_check": 8,
      "factor": 1.0,
      "accepted": false,
      "minimum_J": 0.750086222103882,
      "phi": 0.00011294022401908815,
      "reason": "armijo_insufficient_decrease"
    },
    {
      "target_lambda": 0.09,
      "newton_check": 8,
      "factor": 0.5,
      "accepted": true,
      "minimum_J": 0.7540280585203628,
      "phi": 3.401139875562501e-05
    },
    {
      "target_lambda": 0.09,
      "newton_check": 9,
      "factor": 1.0,
      "accepted": true,
      "minimum_J": 0.7500761830577263,
      "phi": 7.1606604511110525e-06
    },
    {
      "target_lambda": 0.09,
      "newton_check": 10,
      "factor": 1.0,
      "accepted": true,
      "minimum_J": 0.7500633616140242,
      "phi": 1.3457161433583617e-15
    },
    {
      "target_lambda": 0.09,
      "newton_check": 11,
      "factor": 1.0,
      "accepted": true,
      "minimum_J": 0.7500633354674431,
      "phi": 6.248008886967543e-25
    },
    {
      "target_lambda": 0.09999999999999999,
      "newton_check": 1,
      "factor": 1.0,
      "accepted": false,
      "minimum_J": 0.7227998749415682,
      "phi": 0.01628675893824631,
      "reason": "armijo_insufficient_decrease"
    },
    {
      "target_lambda": 0.09999999999999999,
      "newton_check": 1,
      "factor": 0.5,
      "accepted": false,
      "minimum_J": 0.7364239309669364,
      "phi": 0.0011244720656039626,
      "reason": "armijo_insufficient_decrease"
    },
    {
      "target_lambda": 0.09999999999999999,
      "newton_check": 1,
      "factor": 0.25,
      "accepted": false,
      "minimum_J": 0.7432417146577973,
      "phi": 0.0001415146401840573,
      "reason": "armijo_insufficient_decrease"
    },
    {
      "target_lambda": 0.09999999999999999,
      "newton_check": 1,
      "factor": 0.125,
      "accepted": true,
      "minimum_J": 0.746652045422772,
      "phi": 7.542172053785609e-05
    },
    {
      "target_lambda": 0.09999999999999999,
      "newton_check": 2,
      "factor": 1.0,
      "accepted": false,
      "minimum_J": 0.7228479652397968,
      "phi": 0.00948992499152006,
      "reason": "armijo_insufficient_decrease"
    },
    {
      "target_lambda": 0.09999999999999999,
      "newton_check": 2,
      "factor": 0.5,
      "accepted": false,
      "minimum_J": 0.7347437172607545,
      "phi": 0.0007181401923058169,
      "reason": "armijo_insufficient_decrease"
    },
    {
      "target_lambda": 0.09999999999999999,
      "newton_check": 2,
      "factor": 0.25,
      "accepted": false,
      "minimum_J": 0.7406963093241309,
      "phi": 0.00011929627171641928,
      "reason": "armijo_insufficient_decrease"
    },
    {
      "target_lambda": 0.09999999999999999,
      "newton_check": 2,
      "factor": 0.125,
      "accepted": true,
      "minimum_J": 0.7436737843690437,
      "phi": 7.167068363124964e-05
    },
    {
      "target_lambda": 0.09999999999999999,
      "newton_check": 3,
      "factor": 1.0,
      "accepted": false,
      "minimum_J": 0.722873799562682,
      "phi": 0.005545436437055696,
      "reason": "armijo_insufficient_decrease"
    },
    {
      "target_lambda": 0.09999999999999999,
      "newton_check": 3,
      "factor": 0.5,
      "accepted": false,
      "minimum_J": 0.7332686981209648,
      "phi": 0.00046383816523977873,
      "reason": "armijo_insufficient_decrease"
    },
    {
      "target_lambda": 0.09999999999999999,
      "newton_check": 3,
      "factor": 0.25,
      "accepted": false,
      "minimum_J": 0.7384699677837806,
      "phi": 9.922302185076612e-05,
      "reason": "armijo_insufficient_decrease"
    },
    {
      "target_lambda": 0.09999999999999999,
      "newton_check": 3,
      "factor": 0.125,
      "accepted": true,
      "minimum_J": 0.741071557711106,
      "phi": 6.709062882550794e-05
    },
    {
      "target_lambda": 0.09999999999999999,
      "newton_check": 4,
      "factor": 1.0,
      "accepted": false,
      "minimum_J": 0.7228863172221576,
      "phi": 0.003246954936136914,
      "reason": "armijo_insufficient_decrease"
    },
    {
      "target_lambda": 0.09999999999999999,
      "newton_check": 4,
      "factor": 0.5,
      "accepted": false,
      "minimum_J": 0.7319748477492543,
      "phi": 0.00030278162929960197,
      "reason": "armijo_insufficient_decrease"
    },
    {
      "target_lambda": 0.09999999999999999,
      "newton_check": 4,
      "factor": 0.25,
      "accepted": false,
      "minimum_J": 0.7365221803008357,
      "phi": 8.157466849236199e-05,
      "reason": "armijo_insufficient_decrease"
    },
    {
      "target_lambda": 0.09999999999999999,
      "newton_check": 4,
      "factor": 0.125,
      "accepted": true,
      "minimum_J": 0.7387966133986346,
      "phi": 6.124550249712793e-05
    },
    {
      "target_lambda": 0.09999999999999999,
      "newton_check": 5,
      "factor": 1.0,
      "accepted": false,
      "minimum_J": 0.7228910750711629,
      "phi": 0.0019037484412515434,
      "reason": "armijo_insufficient_decrease"
    },
    {
      "target_lambda": 0.09999999999999999,
      "newton_check": 5,
      "factor": 0.5,
      "accepted": false,
      "minimum_J": 0.7308405841771359,
      "phi": 0.0001996642900989283,
      "reason": "armijo_insufficient_decrease"
    },
    {
      "target_lambda": 0.09999999999999999,
      "newton_check": 5,
      "factor": 0.25,
      "accepted": false,
      "minimum_J": 0.7348177837734451,
      "phi": 6.640093414692354e-05,
      "reason": "armijo_insufficient_decrease"
    },
    {
      "target_lambda": 0.09999999999999999,
      "newton_check": 5,
      "factor": 0.125,
      "accepted": true,
      "minimum_J": 0.7368069948324295,
      "phi": 5.450595062651281e-05
    },
    {
      "target_lambda": 0.09999999999999999,
      "newton_check": 6,
      "factor": 1.0,
      "accepted": false,
      "minimum_J": 0.7228914984448442,
      "phi": 0.0011172126626504198,
      "reason": "armijo_insufficient_decrease"
    },
    {
      "target_lambda": 0.09999999999999999,
      "newton_check": 6,
      "factor": 0.5,
      "accepted": false,
      "minimum_J": 0.7298466631365819,
      "phi": 0.00013296476702258364,
      "reason": "armijo_insufficient_decrease"
    },
    {
      "target_lambda": 0.09999999999999999,
      "newton_check": 6,
      "factor": 0.25,
      "accepted": true,
      "minimum_J": 0.7333261831089918,
      "phi": 5.35915110717571e-05
    },
    {
      "target_lambda": 0.09999999999999999,
      "newton_check": 7,
      "factor": 1.0,
      "accepted": false,
      "minimum_J": 0.7228947073940853,
      "phi": 0.00035385823336270007,
      "reason": "armijo_insufficient_decrease"
    },
    {
      "target_lambda": 0.09999999999999999,
      "newton_check": 7,
      "factor": 0.5,
      "accepted": false,
      "minimum_J": 0.7281088989805737,
      "phi": 6.623700932379614e-05,
      "reason": "armijo_insufficient_decrease"
    },
    {
      "target_lambda": 0.09999999999999999,
      "newton_check": 7,
      "factor": 0.25,
      "accepted": true,
      "minimum_J": 0.7307171544770417,
      "phi": 4.3048927842971025e-05
    },
    {
      "target_lambda": 0.09999999999999999,
      "newton_check": 8,
      "factor": 1.0,
      "accepted": false,
      "minimum_J": 0.7228879706122694,
      "phi": 0.00011255538075944247,
      "reason": "armijo_insufficient_decrease"
    },
    {
      "target_lambda": 0.09999999999999999,
      "newton_check": 8,
      "factor": 0.5,
      "accepted": true,
      "minimum_J": 0.7268016514568763,
      "phi": 3.391096771710862e-05
    },
    {
      "target_lambda": 0.09999999999999999,
      "newton_check": 9,
      "factor": 1.0,
      "accepted": true,
      "minimum_J": 0.7228777630429819,
      "phi": 7.133778359041899e-06
    },
    {
      "target_lambda": 0.09999999999999999,
      "newton_check": 10,
      "factor": 1.0,
      "accepted": true,
      "minimum_J": 0.7228649858252092,
      "phi": 1.2891446229524214e-15
    },
    {
      "target_lambda": 0.09999999999999999,
      "newton_check": 11,
      "factor": 1.0,
      "accepted": true,
      "minimum_J": 0.7228649602154066,
      "phi": 6.014391345708905e-25
    },
    {
      "target_lambda": 0.11,
      "newton_check": 1,
      "factor": 1.0,
      "accepted": false,
      "minimum_J": 0.6958136668590369,
      "phi": 0.016226058861646755,
      "reason": "armijo_insufficient_decrease"
    },
    {
      "target_lambda": 0.11,
      "newton_check": 1,
      "factor": 0.5,
      "accepted": false,
      "minimum_J": 0.709327464904578,
      "phi": 0.0011203815712263914,
      "reason": "armijo_insufficient_decrease"
    },
    {
      "target_lambda": 0.11,
      "newton_check": 1,
      "factor": 0.25,
      "accepted": false,
      "minimum_J": 0.7160932504018317,
      "phi": 0.00014116777778905794,
      "reason": "armijo_insufficient_decrease"
    },
    {
      "target_lambda": 0.11,
      "newton_check": 1,
      "factor": 0.125,
      "accepted": true,
      "minimum_J": 0.719478364769079,
      "phi": 7.537508811121149e-05
    },
    {
      "target_lambda": 0.11,
      "newton_check": 2,
      "factor": 1.0,
      "accepted": false,
      "minimum_J": 0.6958601770626893,
      "phi": 0.00945286176378442,
      "reason": "armijo_insufficient_decrease"
    },
    {
      "target_lambda": 0.11,
      "newton_check": 2,
      "factor": 0.5,
      "accepted": false,
      "minimum_J": 0.7076598011161488,
      "phi": 0.0007154230791222874,
      "reason": "armijo_insufficient_decrease"
    },
    {
      "target_lambda": 0.11,
      "newton_check": 2,
      "factor": 0.25,
      "accepted": false,
      "minimum_J": 0.7135667154926795,
      "phi": 0.00011898023679714793,
      "reason": "armijo_insufficient_decrease"
    },
    {
      "target_lambda": 0.11,
      "newton_check": 2,
      "factor": 0.125,
      "accepted": true,
      "minimum_J": 0.7165219482683957,
      "phi": 7.15837458314718e-05
    },
    {
      "target_lambda": 0.11,
      "newton_check": 3,
      "factor": 1.0,
      "accepted": false,
      "minimum_J": 0.6958849334550254,
      "phi": 0.005522880982366985,
      "reason": "armijo_insufficient_decrease"
    },
    {
      "target_lambda": 0.11,
      "newton_check": 3,
      "factor": 0.5,
      "accepted": false,
      "minimum_J": 0.7061959179974988,
      "phi": 0.0004620275784733579,
      "reason": "armijo_insufficient_decrease"
    },
    {
      "target_lambda": 0.11,
      "newton_check": 3,
      "factor": 0.25,
      "accepted": false,
      "minimum_J": 0.7113570524168942,
      "phi": 9.894431459210364e-05,
      "reason": "armijo_insufficient_decrease"
    },
    {
      "target_lambda": 0.11,
      "newton_check": 3,
      "factor": 0.125,
      "accepted": true,
      "minimum_J": 0.7139390301636319,
      "phi": 6.697729678702488e-05
    },
    {
      "target_lambda": 0.11,
      "newton_check": 4,
      "factor": 1.0,
      "accepted": false,
      "minimum_J": 0.6958967131003463,
      "phi": 0.0032332736075984057,
      "reason": "armijo_insufficient_decrease"
    },
    {
      "target_lambda": 0.11,
      "newton_check": 4,
      "factor": 0.5,
      "accepted": false,
      "minimum_J": 0.7049119253954728,
      "phi": 0.0003015707202124892,
      "reason": "armijo_insufficient_decrease"
    },
    {
      "target_lambda": 0.11,
      "newton_check": 4,
      "factor": 0.25,
      "accepted": false,
      "minimum_J": 0.709423991220423,
      "phi": 8.133493821227606e-05,
      "reason": "armijo_insufficient_decrease"
    },
    {
      "target_lambda": 0.11,
      "newton_check": 4,
      "factor": 0.125,
      "accepted": true,
      "minimum_J": 0.7116811390522451,
      "phi": 6.111968953666913e-05
    },
    {
      "target_lambda": 0.11,
      "newton_check": 5,
      "factor": 1.0,
      "accepted": false,
      "minimum_J": 0.6959009640336055,
      "phi": 0.0018954762444947566,
      "reason": "armijo_insufficient_decrease"
    },
    {
      "target_lambda": 0.11,
      "newton_check": 5,
      "factor": 0.5,
      "accepted": false,
      "minimum_J": 0.7037863713702874,
      "phi": 0.00019885108105195627,
      "reason": "armijo_insufficient_decrease"
    },
    {
      "target_lambda": 0.11,
      "newton_check": 5,
      "factor": 0.25,
      "accepted": false,
      "minimum_J": 0.7077325851681074,
      "phi": 6.619872738616061e-05,
      "reason": "armijo_insufficient_decrease"
    },
    {
      "target_lambda": 0.11,
      "newton_check": 5,
      "factor": 0.125,
      "accepted": true,
      "minimum_J": 0.7097065695993864,
      "phi": 5.437871605971665e-05
    },
    {
      "target_lambda": 0.11,
      "newton_check": 6,
      "factor": 1.0,
      "accepted": false,
      "minimum_J": 0.695901038173224,
      "phi": 0.0011122261271693692,
      "reason": "armijo_insufficient_decrease"
    },
    {
      "target_lambda": 0.11,
      "newton_check": 6,
      "factor": 0.5,
      "accepted": false,
      "minimum_J": 0.7028001334672325,
      "phi": 0.00013241609957713191,
      "reason": "armijo_insufficient_decrease"
    },
    {
      "target_lambda": 0.11,
      "newton_check": 6,
      "factor": 0.25,
      "accepted": true,
      "minimum_J": 0.706252433928541,
      "phi": 5.342360193539136e-05
    },
    {
      "target_lambda": 0.11,
      "newton_check": 7,
      "factor": 1.0,
      "accepted": false,
      "minimum_J": 0.695903713437712,
      "phi": 0.000352200583067554,
      "reason": "armijo_insufficient_decrease"
    },
    {
      "target_lambda": 0.11,
      "newton_check": 7,
      "factor": 0.5,
      "accepted": false,
      "minimum_J": 0.7010759167536519,
      "phi": 6.595753691168009e-05,
      "reason": "armijo_insufficient_decrease"
    },
    {
      "target_lambda": 0.11,
      "newton_check": 7,
      "factor": 0.25,
      "accepted": true,
      "minimum_J": 0.7036636361087284,
      "phi": 4.289782149643202e-05
    },
    {
      "target_lambda": 0.11,
      "newton_check": 8,
      "factor": 1.0,
      "accepted": false,
      "minimum_J": 0.695896781826561,
      "phi": 0.00011200773537979882,
      "reason": "armijo_insufficient_decrease"
    },
    {
      "target_lambda": 0.11,
      "newton_check": 8,
      "factor": 0.5,
      "accepted": true,
      "minimum_J": 0.6997789539284359,
      "phi": 3.3766248990240855e-05
    },
    {
      "target_lambda": 0.11,
      "newton_check": 9,
      "factor": 1.0,
      "accepted": true,
      "minimum_J": 0.6958864309567853,
      "phi": 7.0964839368812445e-06
    },
    {
      "target_lambda": 0.11,
      "newton_check": 10,
      "factor": 1.0,
      "accepted": true,
      "minimum_J": 0.6958737240402861,
      "phi": 1.2275551258034032e-15
    },
    {
      "target_lambda": 0.11,
      "newton_check": 11,
      "factor": 1.0,
      "accepted": true,
      "minimum_J": 0.6958736990345497,
      "phi": 8.688707775819027e-25
    },
    {
      "target_lambda": 0.12,
      "newton_check": 1,
      "factor": 1.0,
      "accepted": false,
      "minimum_J": 0.6690575824993086,
      "phi": 0.01614190588424235,
      "reason": "armijo_insufficient_decrease"
    },
    {
      "target_lambda": 0.12,
      "newton_check": 1,
      "factor": 0.5,
      "accepted": false,
      "minimum_J": 0.6824496724559527,
      "phi": 0.00111474763424993,
      "reason": "armijo_insufficient_decrease"
    },
    {
      "target_lambda": 0.12,
      "newton_check": 1,
      "factor": 0.25,
      "accepted": false,
      "minimum_J": 0.6891576936675077,
      "phi": 0.0001407002612418878,
      "reason": "armijo_insufficient_decrease"
    },
    {
      "target_lambda": 0.12,
      "newton_check": 1,
      "factor": 0.125,
      "accepted": true,
      "minimum_J": 0.6925146983315923,
      "phi": 7.531426113977413e-05
    },
    {
      "target_lambda": 0.12,
      "newton_check": 2,
      "factor": 1.0,
      "accepted": false,
      "minimum_J": 0.6691024648080686,
      "phi": 0.009402190945933442,
      "reason": "armijo_insufficient_decrease"
    },
    {
      "target_lambda": 0.12,
      "newton_check": 2,
      "factor": 0.5,
      "accepted": false,
      "minimum_J": 0.6807959722319451,
      "phi": 0.0007117305572405196,
      "reason": "armijo_insufficient_decrease"
    },
    {
      "target_lambda": 0.12,
      "newton_check": 2,
      "factor": 0.25,
      "accepted": false,
      "minimum_J": 0.6866521829472974,
      "phi": 0.00011855756857572052,
      "reason": "armijo_insufficient_decrease"
    },
    {
      "target_lambda": 0.12,
      "newton_check": 2,
      "factor": 0.125,
      "accepted": true,
      "minimum_J": 0.6895826525558267,
      "phi": 7.146934893046859e-05
    },
    {
      "target_lambda": 0.12,
      "newton_check": 3,
      "factor": 1.0,
      "accepted": false,
      "minimum_J": 0.66912612986653,
      "phi": 0.005492392730840604,
      "reason": "armijo_insufficient_decrease"
    },
    {
      "target_lambda": 0.12,
      "newton_check": 3,
      "factor": 0.5,
      "accepted": false,
      "minimum_J": 0.6793444718652385,
      "phi": 0.0004595927022274463,
      "reason": "armijo_insufficient_decrease"
    },
    {
      "target_lambda": 0.12,
      "newton_check": 3,
      "factor": 0.25,
      "accepted": false,
      "minimum_J": 0.6844610823740492,
      "phi": 9.857357233489055e-05,
      "reason": "armijo_insufficient_decrease"
    },
    {
      "target_lambda": 0.12,
      "newton_check": 3,
      "factor": 0.125,
      "accepted": true,
      "minimum_J": 0.6870212475058165,
      "phi": 6.682770363766075e-05
    },
    {
      "target_lambda": 0.12,
      "newton_check": 4,
      "factor": 1.0,
      "accepted": false,
      "minimum_J": 0.6691371765084777,
      "phi": 0.0032149523835896653,
      "reason": "armijo_insufficient_decrease"
    },
    {
      "target_lambda": 0.12,
      "newton_check": 4,
      "factor": 0.5,
      "accepted": false,
      "minimum_J": 0.6780714343433826,
      "phi": 0.00029995568271446506,
      "reason": "armijo_insufficient_decrease"
    },
    {
      "target_lambda": 0.12,
      "newton_check": 4,
      "factor": 0.25,
      "accepted": false,
      "minimum_J": 0.6825443965086592,
      "phi": 8.101728659898391e-05,
      "reason": "armijo_insufficient_decrease"
    },
    {
      "target_lambda": 0.12,
      "newton_check": 4,
      "factor": 0.125,
      "accepted": true,
      "minimum_J": 0.6847823359032532,
      "phi": 6.095348925471409e-05
    },
    {
      "target_lambda": 0.12,
      "newton_check": 5,
      "factor": 1.0,
      "accepted": false,
      "minimum_J": 0.6691409344944083,
      "phi": 0.001884484021023262,
      "reason": "armijo_insufficient_decrease"
    },
    {
      "target_lambda": 0.12,
      "newton_check": 5,
      "factor": 0.5,
      "accepted": false,
      "minimum_J": 0.6769555542577348,
      "phi": 0.00019777350988901452,
      "reason": "armijo_insufficient_decrease"
    },
    {
      "target_lambda": 0.12,
      "newton_check": 5,
      "factor": 0.25,
      "accepted": false,
      "minimum_J": 0.6808674248452201,
      "phi": 6.593157814452911e-05,
      "reason": "armijo_insufficient_decrease"
    },
    {
      "target_lambda": 0.12,
      "newton_check": 5,
      "factor": 0.125,
      "accepted": true,
      "minimum_J": 0.6828245003154182,
      "phi": 5.421067898071081e-05
    },
    {
      "target_lambda": 0.12,
      "newton_check": 6,
      "factor": 1.0,
      "accepted": false,
      "minimum_J": 0.6691406768522582,
      "phi": 0.0011056426391367398,
      "reason": "armijo_insufficient_decrease"
    },
    {
      "target_lambda": 0.12,
      "newton_check": 6,
      "factor": 0.5,
      "accepted": false,
      "minimum_J": 0.6759778461598586,
      "phi": 0.0001316927854123776,
      "reason": "armijo_insufficient_decrease"
    },
    {
      "target_lambda": 0.12,
      "newton_check": 6,
      "factor": 0.25,
      "accepted": true,
      "minimum_J": 0.6793999876316441,
      "phi": 5.320226358854108e-05
    },
    {
      "target_lambda": 0.12,
      "newton_check": 7,
      "factor": 1.0,
      "accepted": false,
      "minimum_J": 0.6691428406634743,
      "phi": 0.000350037085386967,
      "reason": "armijo_insufficient_decrease"
    },
    {
      "target_lambda": 0.12,
      "newton_check": 7,
      "factor": 0.5,
      "accepted": false,
      "minimum_J": 0.6742686550426744,
      "phi": 6.559176303006538e-05,
      "reason": "armijo_insufficient_decrease"
    },
    {
      "target_lambda": 0.12,
      "newton_check": 7,
      "factor": 0.25,
      "accepted": true,
      "minimum_J": 0.6768336315609369,
      "phi": 4.26991863916286e-05
    },
    {
      "target_lambda": 0.12,
      "newton_check": 8,
      "factor": 1.0,
      "accepted": false,
      "minimum_J": 0.6691357430787985,
      "phi": 0.00011129872651258381,
      "reason": "armijo_insufficient_decrease"
    },
    {
      "target_lambda": 0.12,
      "newton_check": 8,
      "factor": 0.5,
      "accepted": true,
      "minimum_J": 0.6729830931590624,
      "phi": 3.357758915824828e-05
    },
    {
      "target_lambda": 0.12,
      "newton_check": 9,
      "factor": 1.0,
      "accepted": true,
      "minimum_J": 0.6691252845533028,
      "phi": 7.048882461470816e-06
    },
    {
      "target_lambda": 0.12,
      "newton_check": 10,
      "factor": 1.0,
      "accepted": true,
      "minimum_J": 0.6691126769994457,
      "phi": 1.1617488246432937e-15
    },
    {
      "target_lambda": 0.12,
      "newton_check": 11,
      "factor": 1.0,
      "accepted": true,
      "minimum_J": 0.6691126526609353,
      "phi": 1.0651510091493548e-24
    },
    {
      "target_lambda": 0.13,
      "newton_check": 1,
      "factor": 1.0,
      "accepted": false,
      "minimum_J": 0.6425545049908341,
      "phi": 0.01603453247923735,
      "reason": "armijo_insufficient_decrease"
    },
    {
      "target_lambda": 0.13,
      "newton_check": 1,
      "factor": 0.5,
      "accepted": false,
      "minimum_J": 0.6558135495816735,
      "phi": 0.0011075854904854718,
      "reason": "armijo_insufficient_decrease"
    },
    {
      "target_lambda": 0.13,
      "newton_check": 1,
      "factor": 0.25,
      "accepted": false,
      "minimum_J": 0.6624580938102512,
      "phi": 0.00014011325672288606,
      "reason": "armijo_insufficient_decrease"
    },
    {
      "target_lambda": 0.13,
      "newton_check": 1,
      "factor": 0.125,
      "accepted": true,
      "minimum_J": 0.6657841214078305,
      "phi": 7.523937082797159e-05
    },
    {
      "target_lambda": 0.13,
      "newton_check": 2,
      "factor": 1.0,
      "accepted": false,
      "minimum_J": 0.6425977559701923,
      "phi": 0.009338054814092785,
      "reason": "armijo_insufficient_decrease"
    },
    {
      "target_lambda": 0.13,
      "newton_check": 2,
      "factor": 0.5,
      "accepted": false,
      "minimum_J": 0.6541752348845626,
      "phi": 0.0007070727474186503,
      "reason": "armijo_insufficient_decrease"
    },
    {
      "target_lambda": 0.13,
      "newton_check": 2,
      "factor": 0.25,
      "accepted": false,
      "minimum_J": 0.6599757521950842,
      "phi": 0.00011802934134925113,
      "reason": "armijo_insufficient_decrease"
    },
    {
      "target_lambda": 0.13,
      "newton_check": 2,
      "factor": 0.125,
      "accepted": true,
      "minimum_J": 0.6628789553136798,
      "phi": 7.132775737455432e-05
    },
    {
      "target_lambda": 0.13,
      "newton_check": 3,
      "factor": 1.0,
      "accepted": false,
      "minimum_J": 0.6426203493755176,
      "phi": 0.005454058699384877,
      "reason": "armijo_insufficient_decrease"
    },
    {
      "target_lambda": 0.13,
      "newton_check": 3,
      "factor": 0.5,
      "accepted": false,
      "minimum_J": 0.6527373711508565,
      "phi": 0.0004565402961564606,
      "reason": "armijo_insufficient_decrease"
    },
    {
      "target_lambda": 0.13,
      "newton_check": 3,
      "factor": 0.25,
      "accepted": false,
      "minimum_J": 0.6578050929338332,
      "phi": 9.811175234953355e-05,
      "reason": "armijo_insufficient_decrease"
    },
    {
      "target_lambda": 0.13,
      "newton_check": 3,
      "factor": 0.125,
      "accepted": true,
      "minimum_J": 0.6603412565491472,
      "phi": 6.664220950840187e-05
    },
    {
      "target_lambda": 0.13,
      "newton_check": 4,
      "factor": 1.0,
      "accepted": false,
      "minimum_J": 0.6426306928200378,
      "phi": 0.0031920443846987735,
      "reason": "armijo_insufficient_decrease"
    },
    {
      "target_lambda": 0.13,
      "newton_check": 4,
      "factor": 0.5,
      "accepted": false,
      "minimum_J": 0.6514763922333462,
      "phi": 0.0002979410524007522,
      "reason": "armijo_insufficient_decrease"
    },
    {
      "target_lambda": 0.13,
      "newton_check": 4,
      "factor": 0.25,
      "accepted": false,
      "minimum_J": 0.6559064287784355,
      "phi": 8.062254468328003e-05,
      "reason": "armijo_insufficient_decrease"
    },
    {
      "target_lambda": 0.13,
      "newton_check": 4,
      "factor": 0.125,
      "accepted": true,
      "minimum_J": 0.6581232437605888,
      "phi": 6.07473129710051e-05
    },
    {
      "target_lambda": 0.13,
      "newton_check": 5,
      "factor": 1.0,
      "accepted": false,
      "minimum_J": 0.6426339904799965,
      "phi": 0.0018708041180985739,
      "reason": "armijo_insufficient_decrease"
    },
    {
      "target_lambda": 0.13,
      "newton_check": 5,
      "factor": 0.5,
      "accepted": false,
      "minimum_J": 0.6503711559133104,
      "phi": 0.0001964346331879886,
      "reason": "armijo_insufficient_decrease"
    },
    {
      "target_lambda": 0.13,
      "newton_check": 5,
      "factor": 0.25,
      "accepted": false,
      "minimum_J": 0.6542453345352032,
      "phi": 6.560019302653116e-05,
      "reason": "armijo_insufficient_decrease"
    },
    {
      "target_lambda": 0.13,
      "newton_check": 5,
      "factor": 0.125,
      "accepted": true,
      "minimum_J": 0.6561838228224599,
      "phi": 5.400226387484271e-05
    },
    {
      "target_lambda": 0.13,
      "newton_check": 6,
      "factor": 1.0,
      "accepted": false,
      "minimum_J": 0.6426334325833885,
      "phi": 0.0010974818402958932,
      "reason": "armijo_insufficient_decrease"
    },
    {
      "target_lambda": 0.13,
      "newton_check": 6,
      "factor": 0.5,
      "accepted": false,
      "minimum_J": 0.6494028290574608,
      "phi": 0.00013079689342549653,
      "reason": "armijo_insufficient_decrease"
    },
    {
      "target_lambda": 0.13,
      "newton_check": 6,
      "factor": 0.25,
      "accepted": true,
      "minimum_J": 0.6527918762785933,
      "phi": 5.292808686003464e-05
    },
    {
      "target_lambda": 0.13,
      "newton_check": 7,
      "factor": 1.0,
      "accepted": false,
      "minimum_J": 0.6426351274025025,
      "phi": 0.0003473743416684077,
      "reason": "armijo_insufficient_decrease"
    },
    {
      "target_lambda": 0.13,
      "newton_check": 7,
      "factor": 0.5,
      "accepted": false,
      "minimum_J": 0.6477101495221563,
      "phi": 6.514074669362439e-05,
      "reason": "armijo_insufficient_decrease"
    },
    {
      "target_lambda": 0.13,
      "newton_check": 7,
      "factor": 0.25,
      "accepted": true,
      "minimum_J": 0.6502501748207767,
      "phi": 4.245356756774471e-05
    },
    {
      "target_lambda": 0.13,
      "newton_check": 8,
      "factor": 1.0,
      "accepted": false,
      "minimum_J": 0.6426279035972469,
      "phi": 0.00011043056640441276,
      "reason": "armijo_insufficient_decrease"
    },
    {
      "target_lambda": 0.13,
      "newton_check": 8,
      "factor": 0.5,
      "accepted": true,
      "minimum_J": 0.6464371110264185,
      "phi": 3.334553960268258e-05
    },
    {
      "target_lambda": 0.13,
      "newton_check": 9,
      "factor": 1.0,
      "accepted": true,
      "minimum_J": 0.6426173833948621,
      "phi": 6.991129181232805e-06
    },
    {
      "target_lambda": 0.13,
      "newton_check": 10,
      "factor": 1.0,
      "accepted": true,
      "minimum_J": 0.6426049072433325,
      "phi": 1.0926115288931654e-15
    },
    {
      "target_lambda": 0.13,
      "newton_check": 11,
      "factor": 1.0,
      "accepted": true,
      "minimum_J": 0.6426048836308627,
      "phi": 1.2707903835724125e-24
    },
    {
      "target_lambda": 0.14,
      "newton_check": 1,
      "factor": 1.0,
      "accepted": false,
      "minimum_J": 0.6163276086015598,
      "phi": 0.015904282055904446,
      "reason": "armijo_insufficient_decrease"
    },
    {
      "target_lambda": 0.14,
      "newton_check": 1,
      "factor": 0.5,
      "accepted": false,
      "minimum_J": 0.6294422180297592,
      "phi": 0.0010989175588214076,
      "reason": "armijo_insufficient_decrease"
    },
    {
      "target_lambda": 0.14,
      "newton_check": 1,
      "factor": 0.25,
      "accepted": false,
      "minimum_J": 0.6360175438086983,
      "phi": 0.0001394084568180291,
      "reason": "armijo_insufficient_decrease"
    },
    {
      "target_lambda": 0.14,
      "newton_check": 1,
      "factor": 0.125,
      "accepted": true,
      "minimum_J": 0.6393097119643767,
      "phi": 7.515060259659595e-05
    },
    {
      "target_lambda": 0.14,
      "newton_check": 2,
      "factor": 1.0,
      "accepted": false,
      "minimum_J": 0.6163692673152683,
      "phi": 0.009260659501815923,
      "reason": "armijo_insufficient_decrease"
    },
    {
      "target_lambda": 0.14,
      "newton_check": 2,
      "factor": 0.5,
      "accepted": false,
      "minimum_J": 0.6278207390358229,
      "phi": 0.0007014642682350755,
      "reason": "armijo_insufficient_decrease"
    },
    {
      "target_lambda": 0.14,
      "newton_check": 2,
      "factor": 0.25,
      "accepted": false,
      "minimum_J": 0.6335605378490994,
      "phi": 0.00011739709409462162,
      "reason": "armijo_insufficient_decrease"
    },
    {
      "target_lambda": 0.14,
      "newton_check": 2,
      "factor": 0.125,
      "accepted": true,
      "minimum_J": 0.6364339529939878,
      "phi": 7.11593465747382e-05
    },
    {
      "target_lambda": 0.14,
      "newton_check": 3,
      "factor": 1.0,
      "accepted": false,
      "minimum_J": 0.6163908403769722,
      "phi": 0.005408002939604593,
      "reason": "armijo_insufficient_decrease"
    },
    {
      "target_lambda": 0.14,
      "newton_check": 3,
      "factor": 0.5,
      "accepted": false,
      "minimum_J": 0.6263977903189311,
      "phi": 0.00045287998037253516,
      "reason": "armijo_insufficient_decrease"
    },
    {
      "target_lambda": 0.14,
      "newton_check": 3,
      "factor": 0.25,
      "accepted": false,
      "minimum_J": 0.6314122200648232,
      "phi": 9.756021319691824e-05,
      "reason": "armijo_insufficient_decrease"
    },
    {
      "target_lambda": 0.14,
      "newton_check": 3,
      "factor": 0.125,
      "accepted": true,
      "minimum_J": 0.6339221736314963,
      "phi": 6.642132515981375e-05
    },
    {
      "target_lambda": 0.14,
      "newton_check": 4,
      "factor": 1.0,
      "accepted": false,
      "minimum_J": 0.6164005340839434,
      "phi": 0.003164624329470012,
      "reason": "armijo_insufficient_decrease"
    },
    {
      "target_lambda": 0.14,
      "newton_check": 4,
      "factor": 0.5,
      "accepted": false,
      "minimum_J": 0.6251499948762331,
      "phi": 0.00029553320882443713,
      "reason": "armijo_insufficient_decrease"
    },
    {
      "target_lambda": 0.14,
      "newton_check": 4,
      "factor": 0.25,
      "accepted": false,
      "minimum_J": 0.6295332445084936,
      "phi": 8.015188372613704e-05,
      "reason": "armijo_insufficient_decrease"
    },
    {
      "target_lambda": 0.14,
      "newton_check": 4,
      "factor": 0.125,
      "accepted": true,
      "minimum_J": 0.6317269991336524,
      "phi": 6.0501742533659365e-05
    },
    {
      "target_lambda": 0.14,
      "newton_check": 5,
      "factor": 1.0,
      "accepted": false,
      "minimum_J": 0.6164034218024572,
      "phi": 0.0018544815249369635,
      "reason": "armijo_insufficient_decrease"
    },
    {
      "target_lambda": 0.14,
      "newton_check": 5,
      "factor": 0.5,
      "accepted": false,
      "minimum_J": 0.6240563907839713,
      "phi": 0.00019483871029037713,
      "reason": "armijo_insufficient_decrease"
    },
    {
      "target_lambda": 0.14,
      "newton_check": 5,
      "factor": 0.25,
      "accepted": false,
      "minimum_J": 0.6278894900377922,
      "phi": 6.520556270683306e-05,
      "reason": "armijo_insufficient_decrease"
    },
    {
      "target_lambda": 0.14,
      "newton_check": 5,
      "factor": 0.125,
      "accepted": true,
      "minimum_J": 0.629807693355467,
      "phi": 5.375406934538449e-05
    },
    {
      "target_lambda": 0.14,
      "newton_check": 6,
      "factor": 1.0,
      "accepted": false,
      "minimum_J": 0.6164026085594894,
      "phi": 0.0010877707910210447,
      "reason": "armijo_insufficient_decrease"
    },
    {
      "target_lambda": 0.14,
      "newton_check": 6,
      "factor": 0.5,
      "accepted": false,
      "minimum_J": 0.62309831289743,
      "phi": 0.00012973128555752777,
      "reason": "armijo_insufficient_decrease"
    },
    {
      "target_lambda": 0.14,
      "newton_check": 6,
      "factor": 0.25,
      "accepted": true,
      "minimum_J": 0.6264512936114373,
      "phi": 5.260189668648378e-05
    },
    {
      "target_lambda": 0.14,
      "newton_check": 7,
      "factor": 1.0,
      "accepted": false,
      "minimum_J": 0.6164038960363705,
      "phi": 0.00034422129822127783,
      "reason": "armijo_insufficient_decrease"
    },
    {
      "target_lambda": 0.14,
      "newton_check": 7,
      "factor": 0.5,
      "accepted": false,
      "minimum_J": 0.6214236588763273,
      "phi": 6.460593768359923e-05,
      "reason": "armijo_insufficient_decrease"
    },
    {
      "target_lambda": 0.14,
      "newton_check": 7,
      "factor": 0.25,
      "accepted": true,
      "minimum_J": 0.6239364922569874,
      "phi": 4.216172054933816e-05
    },
    {
      "target_lambda": 0.14,
      "newton_check": 8,
      "factor": 1.0,
      "accepted": false,
      "minimum_J": 0.6163965960750106,
      "phi": 0.00010940621709863367,
      "reason": "armijo_insufficient_decrease"
    },
    {
      "target_lambda": 0.14,
      "newton_check": 8,
      "factor": 0.5,
      "accepted": true,
      "minimum_J": 0.6201642874375738,
      "phi": 3.3070850668796777e-05
    },
    {
      "target_lambda": 0.14,
      "newton_check": 9,
      "factor": 1.0,
      "accepted": true,
      "minimum_J": 0.6163860699227827,
      "phi": 6.923427615464031e-06
    },
    {
      "target_lambda": 0.14,
      "newton_check": 10,
      "factor": 1.0,
      "accepted": true,
      "minimum_J": 0.6163737600050979,
      "phi": 1.0210236695969584e-15
    },
    {
      "target_lambda": 0.14,
      "newton_check": 11,
      "factor": 1.0,
      "accepted": true,
      "minimum_J": 0.6163737371729036,
      "phi": 1.3088432331998405e-24
    },
    {
      "target_lambda": 0.15,
      "newton_check": 1,
      "factor": 1.0,
      "accepted": false,
      "minimum_J": 0.5904006516630178,
      "phi": 0.015751605229324013,
      "reason": "armijo_insufficient_decrease"
    },
    {
      "target_lambda": 0.15,
      "newton_check": 1,
      "factor": 0.5,
      "accepted": false,
      "minimum_J": 0.6033592348465002,
      "phi": 0.0010887731991598853,
      "reason": "armijo_insufficient_decrease"
    },
    {
      "target_lambda": 0.15,
      "newton_check": 1,
      "factor": 0.25,
      "accepted": false,
      "minimum_J": 0.6098594961168363,
      "phi": 0.00013858806267737472,
      "reason": "armijo_insufficient_decrease"
    },
    {
      "target_lambda": 0.15,
      "newton_check": 1,
      "factor": 0.125,
      "accepted": true,
      "minimum_J": 0.6131148691716538,
      "phi": 7.504819421638599e-05
    },
    {
      "target_lambda": 0.15,
      "newton_check": 2,
      "factor": 1.0,
      "accepted": false,
      "minimum_J": 0.5904407956493375,
      "phi": 0.009170272734383403,
      "reason": "armijo_insufficient_decrease"
    },
    {
      "target_lambda": 0.15,
      "newton_check": 2,
      "factor": 0.5,
      "accepted": false,
      "minimum_J": 0.601756087045249,
      "phi": 0.0006949240764720095,
      "reason": "armijo_insufficient_decrease"
    },
    {
      "target_lambda": 0.15,
      "newton_check": 2,
      "factor": 0.25,
      "accepted": false,
      "minimum_J": 0.6074300417671394,
      "phi": 0.00011666281404352385,
      "reason": "armijo_insufficient_decrease"
    },
    {
      "target_lambda": 0.15,
      "newton_check": 2,
      "factor": 0.125,
      "accepted": true,
      "minimum_J": 0.6102710963840683,
      "phi": 7.096459905768213e-05
    },
    {
      "target_lambda": 0.15,
      "newton_check": 3,
      "factor": 1.0,
      "accepted": false,
      "minimum_J": 0.5904614281497302,
      "phi": 0.005354385169786621,
      "reason": "armijo_insufficient_decrease"
    },
    {
      "target_lambda": 0.15,
      "newton_check": 3,
      "factor": 0.5,
      "accepted": false,
      "minimum_J": 0.6003493710141973,
      "phi": 0.00044862413015763224,
      "reason": "armijo_insufficient_decrease"
    },
    {
      "target_lambda": 0.15,
      "newton_check": 3,
      "factor": 0.25,
      "accepted": false,
      "minimum_J": 0.605306010885957,
      "phi": 9.692070016591903e-05,
      "reason": "armijo_insufficient_decrease"
    },
    {
      "target_lambda": 0.15,
      "newton_check": 3,
      "factor": 0.125,
      "accepted": true,
      "minimum_J": 0.607787497931719,
      "phi": 6.61657066852882e-05
    },
    {
      "target_lambda": 0.15,
      "newton_check": 4,
      "factor": 1.0,
      "accepted": false,
      "minimum_J": 0.5904705467678846,
      "phi": 0.0031327877010009666,
      "reason": "armijo_insufficient_decrease"
    },
    {
      "target_lambda": 0.15,
      "newton_check": 4,
      "factor": 0.5,
      "accepted": false,
      "minimum_J": 0.5991159180606997,
      "phi": 0.0002927403049984394,
      "reason": "armijo_insufficient_decrease"
    },
    {
      "target_lambda": 0.15,
      "newton_check": 4,
      "factor": 0.25,
      "accepted": false,
      "minimum_J": 0.6034484319239337,
      "phi": 7.960680260968811e-05,
      "reason": "armijo_insufficient_decrease"
    },
    {
      "target_lambda": 0.15,
      "newton_check": 4,
      "factor": 0.125,
      "accepted": true,
      "minimum_J": 0.6056171459097576,
      "phi": 6.0217524165135324e-05
    },
    {
      "target_lambda": 0.15,
      "newton_check": 5,
      "factor": 1.0,
      "accepted": false,
      "minimum_J": 0.5904730907649686,
      "phi": 0.0018355733666227214,
      "reason": "armijo_insufficient_decrease"
    },
    {
      "target_lambda": 0.15,
      "newton_check": 5,
      "factor": 0.5,
      "accepted": false,
      "minimum_J": 0.5980349643832751,
      "phi": 0.0001929911559473785,
      "reason": "armijo_insufficient_decrease"
    },
    {
      "target_lambda": 0.15,
      "newton_check": 5,
      "factor": 0.25,
      "accepted": false,
      "minimum_J": 0.6018235166579939,
      "phi": 6.474895115092549e-05,
      "reason": "armijo_insufficient_decrease"
    },
    {
      "target_lambda": 0.15,
      "newton_check": 5,
      "factor": 0.125,
      "accepted": true,
      "minimum_J": 0.6037196966617451,
      "phi": 5.3466861730557536e-05
    },
    {
      "target_lambda": 0.15,
      "newton_check": 6,
      "factor": 1.0,
      "accepted": false,
      "minimum_J": 0.5904720789599576,
      "phi": 0.0010765436631253995,
      "reason": "armijo_insufficient_decrease"
    },
    {
      "target_lambda": 0.15,
      "newton_check": 6,
      "factor": 0.5,
      "accepted": false,
      "minimum_J": 0.5970880291021119,
      "phi": 0.00012849958472309247,
      "reason": "armijo_insufficient_decrease"
    },
    {
      "target_lambda": 0.15,
      "newton_check": 6,
      "factor": 0.25,
      "accepted": true,
      "minimum_J": 0.6004018982047435,
      "phi": 5.2224743125206045e-05
    },
    {
      "target_lambda": 0.15,
      "newton_check": 7,
      "factor": 1.0,
      "accepted": false,
      "minimum_J": 0.5904730377205832,
      "phi": 0.0003405891431273696,
      "reason": "armijo_insufficient_decrease"
    },
    {
      "target_lambda": 0.15,
      "newton_check": 7,
      "factor": 0.5,
      "accepted": false,
      "minimum_J": 0.5954329591942629,
      "phi": 6.398916017156392e-05,
      "reason": "armijo_insufficient_decrease"
    },
    {
      "target_lambda": 0.15,
      "newton_check": 7,
      "factor": 0.25,
      "accepted": true,
      "minimum_J": 0.597916301507404,
      "phi": 4.182460299713999e-05
    },
    {
      "target_lambda": 0.15,
      "newton_check": 8,
      "factor": 1.0,
      "accepted": false,
      "minimum_J": 0.5904657206989009,
      "phi": 0.00010822935591555004,
      "reason": "armijo_insufficient_decrease"
    },
    {
      "target_lambda": 0.15,
      "newton_check": 8,
      "factor": 0.5,
      "accepted": true,
      "minimum_J": 0.5941884320528105,
      "phi": 3.2754463150735745e-05
    },
    {
      "target_lambda": 0.15,
      "newton_check": 9,
      "factor": 1.0,
      "accepted": true,
      "minimum_J": 0.5904552527949404,
      "phi": 6.846027110347015e-06
    },
    {
      "target_lambda": 0.15,
      "newton_check": 10,
      "factor": 1.0,
      "accepted": true,
      "minimum_J": 0.5904431462870332,
      "phi": 9.479099223141082e-16
    },
    {
      "target_lambda": 0.15,
      "newton_check": 11,
      "factor": 1.0,
      "accepted": true,
      "minimum_J": 0.5904431242845014,
      "phi": 1.414605943648591e-24
    },
    {
      "target_lambda": 0.16,
      "newton_check": 1,
      "factor": 1.0,
      "accepted": false,
      "minimum_J": 0.5647981860717807,
      "phi": 0.01557705438529121,
      "reason": "armijo_insufficient_decrease"
    },
    {
      "target_lambda": 0.16,
      "newton_check": 1,
      "factor": 0.5,
      "accepted": false,
      "minimum_J": 0.5775888420376148,
      "phi": 0.0010771883600369878,
      "reason": "armijo_insufficient_decrease"
    },
    {
      "target_lambda": 0.16,
      "newton_check": 1,
      "factor": 0.25,
      "accepted": false,
      "minimum_J": 0.5840080298759273,
      "phi": 0.00013765475811048305,
      "reason": "armijo_insufficient_decrease"
    },
    {
      "target_lambda": 0.16,
      "newton_check": 1,
      "factor": 0.125,
      "accepted": true,
      "minimum_J": 0.5872235887589314,
      "phi": 7.493243312526472e-05
    },
    {
      "target_lambda": 0.16,
      "newton_check": 2,
      "factor": 1.0,
      "accepted": false,
      "minimum_J": 0.5648369244424802,
      "phi": 0.009067220562073063,
      "reason": "armijo_insufficient_decrease"
    },
    {
      "target_lambda": 0.16,
      "newton_check": 2,
      "factor": 0.5,
      "accepted": false,
      "minimum_J": 0.5760055773206786,
      "phi": 0.00068747523716538,
      "reason": "armijo_insufficient_decrease"
    },
    {
      "target_lambda": 0.16,
      "newton_check": 2,
      "factor": 0.25,
      "accepted": false,
      "minimum_J": 0.5816084132197985,
      "phi": 0.00011582891302063524,
      "reason": "armijo_insufficient_decrease"
    },
    {
      "target_lambda": 0.16,
      "newton_check": 2,
      "factor": 0.125,
      "accepted": true,
      "minimum_J": 0.5844144585343628,
      "phi": 7.074409884494629e-05
    },
    {
      "target_lambda": 0.16,
      "newton_check": 3,
      "factor": 1.0,
      "accepted": false,
      "minimum_J": 0.5648567192109263,
      "phi": 0.005293398789277761,
      "reason": "armijo_insufficient_decrease"
    },
    {
      "target_lambda": 0.16,
      "newton_check": 3,
      "factor": 0.5,
      "accepted": false,
      "minimum_J": 0.5746164602957593,
      "phi": 0.00044378772323929567,
      "reason": "armijo_insufficient_decrease"
    },
    {
      "target_lambda": 0.16,
      "newton_check": 3,
      "factor": 0.25,
      "accepted": false,
      "minimum_J": 0.57951067727084,
      "phi": 9.619532418488385e-05,
      "reason": "armijo_insufficient_decrease"
    },
    {
      "target_lambda": 0.16,
      "newton_check": 3,
      "factor": 0.125,
      "accepted": true,
      "minimum_J": 0.5819613723665461,
      "phi": 6.587614770805551e-05
    },
    {
      "target_lambda": 0.16,
      "newton_check": 4,
      "factor": 1.0,
      "accepted": false,
      "minimum_J": 0.5648653543102619,
      "phi": 0.003096649543771675,
      "reason": "armijo_insufficient_decrease"
    },
    {
      "target_lambda": 0.16,
      "newton_check": 4,
      "factor": 0.5,
      "accepted": false,
      "minimum_J": 0.5733985509190955,
      "phi": 0.00028957216564086266,
      "reason": "armijo_insufficient_decrease"
    },
    {
      "target_lambda": 0.16,
      "newton_check": 4,
      "factor": 0.25,
      "accepted": false,
      "minimum_J": 0.5776762585379945,
      "phi": 7.898910951220621e-05,
      "reason": "armijo_insufficient_decrease"
    },
    {
      "target_lambda": 0.16,
      "newton_check": 4,
      "factor": 0.125,
      "accepted": true,
      "minimum_J": 0.5798178896760628,
      "phi": 5.989555954967513e-05
    },
    {
      "target_lambda": 0.16,
      "newton_check": 5,
      "factor": 1.0,
      "accepted": false,
      "minimum_J": 0.5648676332931799,
      "phi": 0.001814148174774447,
      "reason": "armijo_insufficient_decrease"
    },
    {
      "target_lambda": 0.16,
      "newton_check": 5,
      "factor": 0.5,
      "accepted": false,
      "minimum_J": 0.5723313023018901,
      "phi": 0.00019089847199840374,
      "reason": "armijo_insufficient_decrease"
    },
    {
      "target_lambda": 0.16,
      "newton_check": 5,
      "factor": 0.25,
      "accepted": false,
      "minimum_J": 0.576071731193294,
      "phi": 6.423188009825046e-05,
      "reason": "armijo_insufficient_decrease"
    },
    {
      "target_lambda": 0.16,
      "newton_check": 5,
      "factor": 0.125,
      "accepted": true,
      "minimum_J": 0.577944094235758,
      "phi": 5.314156586799734e-05
    },
    {
      "target_lambda": 0.16,
      "newton_check": 6,
      "factor": 1.0,
      "accepted": false,
      "minimum_J": 0.5648664889662585,
      "phi": 0.0010638412979488132,
      "reason": "armijo_insufficient_decrease"
    },
    {
      "target_lambda": 0.16,
      "newton_check": 6,
      "factor": 0.5,
      "accepted": false,
      "minimum_J": 0.5713964349057082,
      "phi": 0.00012710612869321503,
      "reason": "armijo_insufficient_decrease"
    },
    {
      "target_lambda": 0.16,
      "newton_check": 6,
      "factor": 0.25,
      "accepted": true,
      "minimum_J": 0.5746680503969079,
      "phi": 5.179788833963152e-05
    },
    {
      "target_lambda": 0.16,
      "newton_check": 7,
      "factor": 1.0,
      "accepted": false,
      "minimum_J": 0.5648672107864905,
      "phi": 0.00033649115784441767,
      "reason": "armijo_insufficient_decrease"
    },
    {
      "target_lambda": 0.16,
      "newton_check": 7,
      "factor": 0.5,
      "accepted": false,
      "minimum_J": 0.5697625622200921,
      "phi": 6.329258911315583e-05,
      "reason": "armijo_insufficient_decrease"
    },
    {
      "target_lambda": 0.16,
      "newton_check": 7,
      "factor": 0.25,
      "accepted": true,
      "minimum_J": 0.5722140392155981,
      "phi": 4.144336265843495e-05
    },
    {
      "target_lambda": 0.16,
      "newton_check": 8,
      "factor": 1.0,
      "accepted": false,
      "minimum_J": 0.5648599425883544,
      "phi": 0.00010690432558626531,
      "reason": "armijo_insufficient_decrease"
    },
    {
      "target_lambda": 0.16,
      "newton_check": 8,
      "factor": 0.5,
      "accepted": true,
      "minimum_J": 0.5685340972109454,
      "phi": 3.2397495980044776e-05
    },
    {
      "target_lambda": 0.16,
      "newton_check": 9,
      "factor": 1.0,
      "accepted": true,
      "minimum_J": 0.5648496033553108,
      "phi": 6.759219318377795e-06
    },
    {
      "target_lambda": 0.16,
      "newton_check": 10,
      "factor": 1.0,
      "accepted": true,
      "minimum_J": 0.5648377389523964,
      "phi": 8.741392031963039e-16
    },
    {
      "target_lambda": 0.16,
      "newton_check": 11,
      "factor": 1.0,
      "accepted": true,
      "minimum_J": 0.5648377178237161,
      "phi": 1.6597842288703093e-24
    },
    {
      "target_lambda": 0.17,
      "newton_check": 1,
      "factor": 1.0,
      "accepted": false,
      "minimum_J": 0.53954561985643,
      "phi": 0.015381275880439261,
      "reason": "armijo_insufficient_decrease"
    },
    {
      "target_lambda": 0.17,
      "newton_check": 1,
      "factor": 0.5,
      "accepted": false,
      "minimum_J": 0.5521561001573607,
      "phi": 0.0010642050730778592,
      "reason": "armijo_insufficient_decrease"
    },
    {
      "target_lambda": 0.17,
      "newton_check": 1,
      "factor": 0.25,
      "accepted": false,
      "minimum_J": 0.5584880168198603,
      "phi": 0.00013661167242786466,
      "reason": "armijo_insufficient_decrease"
    },
    {
      "target_lambda": 0.17,
      "newton_check": 1,
      "factor": 0.125,
      "accepted": true,
      "minimum_J": 0.5616606442791181,
      "phi": 7.48036525909674e-05
    },
    {
      "target_lambda": 0.17,
      "newton_check": 2,
      "factor": 1.0,
      "accepted": false,
      "minimum_J": 0.5395830825497181,
      "phi": 0.008951882627068648,
      "reason": "armijo_insufficient_decrease"
    },
    {
      "target_lambda": 0.17,
      "newton_check": 2,
      "factor": 0.5,
      "accepted": false,
      "minimum_J": 0.5505943276612344,
      "phi": 0.0006791445904187764,
      "reason": "armijo_insufficient_decrease"
    },
    {
      "target_lambda": 0.17,
      "newton_check": 2,
      "factor": 0.25,
      "accepted": false,
      "minimum_J": 0.5561206020318807,
      "phi": 0.00011489819319922085,
      "reason": "armijo_insufficient_decrease"
    },
    {
      "target_lambda": 0.17,
      "newton_check": 2,
      "factor": 0.125,
      "accepted": true,
      "minimum_J": 0.5588889021709255,
      "phi": 7.049852342477978e-05
    },
    {
      "target_lambda": 0.17,
      "newton_check": 3,
      "factor": 1.0,
      "accepted": false,
      "minimum_J": 0.5396021569583458,
      "phi": 0.005225268015760598,
      "reason": "armijo_insufficient_decrease"
    },
    {
      "target_lambda": 0.17,
      "newton_check": 3,
      "factor": 0.5,
      "accepted": false,
      "minimum_J": 0.5492242247914731,
      "phi": 0.00043838811956619,
      "reason": "armijo_insufficient_decrease"
    },
    {
      "target_lambda": 0.17,
      "newton_check": 3,
      "factor": 0.25,
      "accepted": false,
      "minimum_J": 0.5540512372879076,
      "phi": 9.538653141557726e-05,
      "reason": "armijo_insufficient_decrease"
    },
    {
      "target_lambda": 0.17,
      "newton_check": 3,
      "factor": 0.125,
      "accepted": true,
      "minimum_J": 0.5564687381810934,
      "phi": 6.555356828889355e-05
    },
    {
      "target_lambda": 0.17,
      "newton_check": 4,
      "factor": 1.0,
      "accepted": false,
      "minimum_J": 0.539610410330536,
      "phi": 0.0030563427247277445,
      "reason": "armijo_insufficient_decrease"
    },
    {
      "target_lambda": 0.17,
      "newton_check": 4,
      "factor": 0.5,
      "accepted": false,
      "minimum_J": 0.5480231018822437,
      "phi": 0.00028604014003825285,
      "reason": "armijo_insufficient_decrease"
    },
    {
      "target_lambda": 0.17,
      "newton_check": 4,
      "factor": 0.25,
      "accepted": false,
      "minimum_J": 0.5522418019382751,
      "phi": 7.830089551308069e-05,
      "reason": "armijo_insufficient_decrease"
    },
    {
      "target_lambda": 0.17,
      "newton_check": 4,
      "factor": 0.125,
      "accepted": true,
      "minimum_J": 0.5543542405363362,
      "phi": 5.9536892982884286e-05
    },
    {
      "target_lambda": 0.17,
      "newton_check": 5,
      "factor": 1.0,
      "accepted": false,
      "minimum_J": 0.5396125102268916,
      "phi": 0.001790284831297112,
      "reason": "armijo_insufficient_decrease"
    },
    {
      "target_lambda": 0.17,
      "newton_check": 5,
      "factor": 0.5,
      "accepted": false,
      "minimum_J": 0.5469706488644718,
      "phi": 0.0001885681484567911,
      "reason": "armijo_insufficient_decrease"
    },
    {
      "target_lambda": 0.17,
      "newton_check": 5,
      "factor": 0.25,
      "accepted": false,
      "minimum_J": 0.5506592630711176,
      "phi": 6.365610655487343e-05,
      "reason": "armijo_insufficient_decrease"
    },
    {
      "target_lambda": 0.17,
      "newton_check": 5,
      "factor": 0.125,
      "accepted": true,
      "minimum_J": 0.5525059563964049,
      "phi": 5.277925173418389e-05
    },
    {
      "target_lambda": 0.17,
      "newton_check": 6,
      "factor": 1.0,
      "accepted": false,
      "minimum_J": 0.5396113045432224,
      "phi": 0.001049710566591919,
      "reason": "armijo_insufficient_decrease"
    },
    {
      "target_lambda": 0.17,
      "newton_check": 6,
      "factor": 0.5,
      "accepted": false,
      "minimum_J": 0.5460488055310624,
      "phi": 0.00012555590325182095,
      "reason": "armijo_insufficient_decrease"
    },
    {
      "target_lambda": 0.17,
      "newton_check": 6,
      "factor": 0.25,
      "accepted": true,
      "minimum_J": 0.5492749247290452,
      "phi": 5.132278776949813e-05
    },
    {
      "target_lambda": 0.17,
      "newton_check": 7,
      "factor": 1.0,
      "accepted": false,
      "minimum_J": 0.5396118883422633,
      "phi": 0.0003319425028142637,
      "reason": "armijo_insufficient_decrease"
    },
    {
      "target_lambda": 0.17,
      "newton_check": 7,
      "factor": 0.5,
      "accepted": false,
      "minimum_J": 0.5444377960963432,
      "phi": 6.251871606051649e-05,
      "reason": "armijo_insufficient_decrease"
    },
    {
      "target_lambda": 0.17,
      "newton_check": 7,
      "factor": 0.25,
      "accepted": true,
      "minimum_J": 0.5468549578028662,
      "phi": 4.101931991122356e-05
    },
    {
      "target_lambda": 0.17,
      "newton_check": 8,
      "factor": 1.0,
      "accepted": false,
      "minimum_J": 0.5396047380913751,
      "phi": 0.00010543606251382071,
      "reason": "armijo_insufficient_decrease"
    },
    {
      "target_lambda": 0.17,
      "newton_check": 8,
      "factor": 0.5,
      "accepted": true,
      "minimum_J": 0.543226649880117,
      "phi": 3.200122843782301e-05
    },
    {
      "target_lambda": 0.17,
      "newton_check": 9,
      "factor": 1.0,
      "accepted": true,
      "minimum_J": 0.5395946006201401,
      "phi": 6.663333169900359e-06
    },
    {
      "target_lambda": 0.17,
      "newton_check": 10,
      "factor": 1.0,
      "accepted": true,
      "minimum_J": 0.5395830172008096,
      "phi": 8.005629736286588e-16
    },
    {
      "target_lambda": 0.17,
      "newton_check": 11,
      "factor": 1.0,
      "accepted": true,
      "minimum_J": 0.5395829969845588,
      "phi": 1.7961961979122225e-24
    },
    {
      "target_lambda": 0.18,
      "newton_check": 1,
      "factor": 1.0,
      "accepted": false,
      "minimum_J": 0.514669051111524,
      "phi": 0.015164998759643875,
      "reason": "armijo_insufficient_decrease"
    },
    {
      "target_lambda": 0.18,
      "newton_check": 1,
      "factor": 0.5,
      "accepted": false,
      "minimum_J": 0.5270868327281626,
      "phi": 0.0010498707205271296,
      "reason": "armijo_insufficient_decrease"
    },
    {
      "target_lambda": 0.18,
      "newton_check": 1,
      "factor": 0.25,
      "accepted": false,
      "minimum_J": 0.5333251170263901,
      "phi": 0.0001354623262830857,
      "reason": "armijo_insufficient_decrease"
    },
    {
      "target_lambda": 0.18,
      "newton_check": 1,
      "factor": 0.125,
      "accepted": true,
      "minimum_J": 0.5364516075479816,
      "phi": 7.46622260020313e-05
    },
    {
      "target_lambda": 0.18,
      "newton_check": 2,
      "factor": 1.0,
      "accepted": false,
      "minimum_J": 0.5147053731890375,
      "phi": 0.008824685348816497,
      "reason": "armijo_insufficient_decrease"
    },
    {
      "target_lambda": 0.18,
      "newton_check": 2,
      "factor": 0.5,
      "accepted": false,
      "minimum_J": 0.5255482040462861,
      "phi": 0.0006699622709443977,
      "reason": "armijo_insufficient_decrease"
    },
    {
      "target_lambda": 0.18,
      "newton_check": 2,
      "factor": 0.25,
      "accepted": false,
      "minimum_J": 0.5309923342165785,
      "phi": 0.00011387379742569031,
      "reason": "armijo_insufficient_decrease"
    },
    {
      "target_lambda": 0.18,
      "newton_check": 2,
      "factor": 0.125,
      "accepted": true,
      "minimum_J": 0.5337200779871412,
      "phi": 7.022863190980853e-05
    },
    {
      "target_lambda": 0.18,
      "newton_check": 3,
      "factor": 1.0,
      "accepted": false,
      "minimum_J": 0.5147238467454567,
      "phi": 0.0051502437352895876,
      "reason": "armijo_insufficient_decrease"
    },
    {
      "target_lambda": 0.18,
      "newton_check": 3,
      "factor": 0.5,
      "accepted": false,
      "minimum_J": 0.5241985655654757,
      "phi": 0.0004324447416052515,
      "reason": "armijo_insufficient_decrease"
    },
    {
      "target_lambda": 0.18,
      "newton_check": 3,
      "factor": 0.25,
      "accepted": false,
      "minimum_J": 0.5289534725761026,
      "phi": 9.449705887377475e-05,
      "reason": "armijo_insufficient_decrease"
    },
    {
      "target_lambda": 0.18,
      "newton_check": 3,
      "factor": 0.125,
      "accepted": true,
      "minimum_J": 0.5313353129815703,
      "phi": 6.519899855638064e-05
    },
    {
      "target_lambda": 0.18,
      "newton_check": 4,
      "factor": 1.0,
      "accepted": false,
      "minimum_J": 0.5147318206174218,
      "phi": 0.003012015414064351,
      "reason": "armijo_insufficient_decrease"
    },
    {
      "target_lambda": 0.18,
      "newton_check": 4,
      "factor": 0.5,
      "accepted": false,
      "minimum_J": 0.5230155011687762,
      "phi": 0.00028215688857341985,
      "reason": "armijo_insufficient_decrease"
    },
    {
      "target_lambda": 0.18,
      "newton_check": 4,
      "factor": 0.25,
      "accepted": false,
      "minimum_J": 0.5271708906674927,
      "phi": 7.754449608746431e-05,
      "reason": "armijo_insufficient_decrease"
    },
    {
      "target_lambda": 0.18,
      "newton_check": 4,
      "factor": 0.125,
      "accepted": true,
      "minimum_J": 0.5292519727226116,
      "phi": 5.914269256419669e-05
    },
    {
      "target_lambda": 0.18,
      "newton_check": 5,
      "factor": 1.0,
      "accepted": false,
      "minimum_J": 0.5147338268848042,
      "phi": 0.0017640710412091735,
      "reason": "armijo_insufficient_decrease"
    },
    {
      "target_lambda": 0.18,
      "newton_check": 5,
      "factor": 0.5,
      "accepted": false,
      "minimum_J": 0.521978958643595,
      "phi": 0.00018600852015761513,
      "reason": "armijo_insufficient_decrease"
    },
    {
      "target_lambda": 0.18,
      "newton_check": 5,
      "factor": 0.25,
      "accepted": false,
      "minimum_J": 0.5256119803930753,
      "phi": 6.302359006074584e-05,
      "reason": "armijo_insufficient_decrease"
    },
    {
      "target_lambda": 0.18,
      "newton_check": 5,
      "factor": 0.125,
      "accepted": true,
      "minimum_J": 0.5274311052353359,
      "phi": 5.2381114965263904e-05
    },
    {
      "target_lambda": 0.18,
      "newton_check": 6,
      "factor": 1.0,
      "accepted": false,
      "minimum_J": 0.5147326301068894,
      "phi": 0.0010342034458371665,
      "reason": "armijo_insufficient_decrease"
    },
    {
      "target_lambda": 0.18,
      "newton_check": 6,
      "factor": 0.5,
      "accepted": false,
      "minimum_J": 0.5210711159909772,
      "phi": 0.00012385444543367254,
      "reason": "armijo_insufficient_decrease"
    },
    {
      "target_lambda": 0.18,
      "newton_check": 6,
      "factor": 0.25,
      "accepted": true,
      "minimum_J": 0.5242484226931229,
      "phi": 5.080106277958911e-05
    },
    {
      "target_lambda": 0.18,
      "newton_check": 7,
      "factor": 1.0,
      "accepted": false,
      "minimum_J": 0.5147331732335174,
      "phi": 0.0003269599073466638,
      "reason": "armijo_insufficient_decrease"
    },
    {
      "target_lambda": 0.18,
      "newton_check": 7,
      "factor": 0.5,
      "accepted": false,
      "minimum_J": 0.5194846700776281,
      "phi": 6.167029968259754e-05,
      "reason": "armijo_insufficient_decrease"
    },
    {
      "target_lambda": 0.18,
      "newton_check": 7,
      "factor": 0.25,
      "accepted": true,
      "minimum_J": 0.5218650144139524,
      "phi": 4.055394243787871e-05
    },
    {
      "target_lambda": 0.18,
      "newton_check": 8,
      "factor": 1.0,
      "accepted": false,
      "minimum_J": 0.5147262081334602,
      "phi": 0.00010382999318101414,
      "reason": "armijo_insufficient_decrease"
    },
    {
      "target_lambda": 0.18,
      "newton_check": 8,
      "factor": 0.5,
      "accepted": true,
      "minimum_J": 0.5182921232971258,
      "phi": 3.156707441649261e-05
    },
    {
      "target_lambda": 0.18,
      "newton_check": 9,
      "factor": 1.0,
      "accepted": true,
      "minimum_J": 0.5147163430248394,
      "phi": 6.558727643247557e-06
    },
    {
      "target_lambda": 0.18,
      "newton_check": 10,
      "factor": 1.0,
      "accepted": true,
      "minimum_J": 0.5147050776908134,
      "phi": 7.279753602793073e-16
    },
    {
      "target_lambda": 0.18,
      "newton_check": 11,
      "factor": 1.0,
      "accepted": true,
      "minimum_J": 0.5147050584194912,
      "phi": 1.8286440746069955e-24
    },
    {
      "target_lambda": 0.19,
      "newton_check": 1,
      "factor": 1.0,
      "accepted": false,
      "minimum_J": 0.4901947754329513,
      "phi": 0.014929018562950388,
      "reason": "armijo_insufficient_decrease"
    },
    {
      "target_lambda": 0.19,
      "newton_check": 1,
      "factor": 0.5,
      "accepted": false,
      "minimum_J": 0.5024072915852679,
      "phi": 0.0010342369829394273,
      "reason": "armijo_insufficient_decrease"
    },
    {
      "target_lambda": 0.19,
      "newton_check": 1,
      "factor": 0.25,
      "accepted": false,
      "minimum_J": 0.5085455186671405,
      "phi": 0.00013421055340283268,
      "reason": "armijo_insufficient_decrease"
    },
    {
      "target_lambda": 0.19,
      "newton_check": 1,
      "factor": 0.125,
      "accepted": true,
      "minimum_J": 0.5116226244595063,
      "phi": 7.450855857457314e-05
    },
    {
      "target_lambda": 0.19,
      "newton_check": 2,
      "factor": 1.0,
      "accepted": false,
      "minimum_J": 0.4902300758055251,
      "phi": 0.00868609208579184,
      "reason": "armijo_insufficient_decrease"
    },
    {
      "target_lambda": 0.19,
      "newton_check": 2,
      "factor": 0.5,
      "accepted": false,
      "minimum_J": 0.5008934641791204,
      "phi": 0.0006599610136141852,
      "reason": "armijo_insufficient_decrease"
    },
    {
      "target_lambda": 0.19,
      "newton_check": 2,
      "factor": 0.25,
      "accepted": false,
      "minimum_J": 0.5062498228309649,
      "phi": 0.00011275913707654049,
      "reason": "armijo_insufficient_decrease"
    },
    {
      "target_lambda": 0.19,
      "newton_check": 2,
      "factor": 0.125,
      "accepted": true,
      "minimum_J": 0.5089341682731493,
      "phi": 6.993524784424502e-05
    },
    {
      "target_lambda": 0.19,
      "newton_check": 3,
      "factor": 1.0,
      "accepted": false,
      "minimum_J": 0.4902480533780405,
      "phi": 0.005068597541704757,
      "reason": "armijo_insufficient_decrease"
    },
    {
      "target_lambda": 0.19,
      "newton_check": 3,
      "factor": 0.5,
      "accepted": false,
      "minimum_J": 0.49956574232112705,
      "phi": 0.0004259786143789445,
      "reason": "armijo_insufficient_decrease"
    },
    {
      "target_lambda": 0.19,
      "newton_check": 3,
      "factor": 0.25,
      "accepted": false,
      "minimum_J": 0.504243613171021,
      "phi": 9.352987033927982e-05,
      "reason": "armijo_insufficient_decrease"
    },
    {
      "target_lambda": 0.19,
      "newton_check": 3,
      "factor": 0.125,
      "accepted": true,
      "minimum_J": 0.5065873051905572,
      "phi": 6.48135550090907e-05
    },
    {
      "target_lambda": 0.19,
      "newton_check": 4,
      "factor": 1.0,
      "accepted": false,
      "minimum_J": 0.4902558372396788,
      "phi": 0.0029638274686257767,
      "reason": "armijo_insufficient_decrease"
    },
    {
      "target_lambda": 0.19,
      "newton_check": 4,
      "factor": 0.5,
      "accepted": false,
      "minimum_J": 0.4984020078795373,
      "phi": 0.0002779360756411831,
      "reason": "armijo_insufficient_decrease"
    },
    {
      "target_lambda": 0.19,
      "newton_check": 4,
      "factor": 0.25,
      "accepted": false,
      "minimum_J": 0.5024897657011504,
      "phi": 7.672243547693316e-05,
      "reason": "armijo_insufficient_decrease"
    },
    {
      "target_lambda": 0.19,
      "newton_check": 4,
      "factor": 0.125,
      "accepted": true,
      "minimum_J": 0.5045373127373796,
      "phi": 5.871422295274489e-05
    },
    {
      "target_lambda": 0.19,
      "newton_check": 5,
      "factor": 1.0,
      "accepted": false,
      "minimum_J": 0.4902578245495033,
      "phi": 0.0017356011425713684,
      "reason": "armijo_insufficient_decrease"
    },
    {
      "target_lambda": 0.19,
      "newton_check": 5,
      "factor": 0.5,
      "accepted": false,
      "minimum_J": 0.4973824884413861,
      "phi": 0.00018322856070552,
      "reason": "armijo_insufficient_decrease"
    },
    {
      "target_lambda": 0.19,
      "newton_check": 5,
      "factor": 0.25,
      "accepted": false,
      "minimum_J": 0.5009561305388704,
      "phi": 6.23364454429649e-05,
      "reason": "armijo_insufficient_decrease"
    },
    {
      "target_lambda": 0.19,
      "newton_check": 5,
      "factor": 0.125,
      "accepted": true,
      "minimum_J": 0.5027457791254967,
      "phi": 5.194844864290973e-05
    },
    {
      "target_lambda": 0.19,
      "newton_check": 6,
      "factor": 1.0,
      "accepted": false,
      "minimum_J": 0.4902566979837433,
      "phi": 0.0010173756935761545,
      "reason": "armijo_insufficient_decrease"
    },
    {
      "target_lambda": 0.19,
      "newton_check": 6,
      "factor": 0.5,
      "accepted": false,
      "minimum_J": 0.4964896197418369,
      "phi": 0.00012200770447425724,
      "reason": "armijo_insufficient_decrease"
    },
    {
      "target_lambda": 0.19,
      "newton_check": 6,
      "factor": 0.25,
      "accepted": true,
      "minimum_J": 0.4996147947304713,
      "phi": 5.023446114996695e-05
    },
    {
      "target_lambda": 0.19,
      "newton_check": 7,
      "factor": 1.0,
      "accepted": false,
      "minimum_J": 0.4902572846533685,
      "phi": 0.00032156122770362564,
      "reason": "armijo_insufficient_decrease"
    },
    {
      "target_lambda": 0.19,
      "newton_check": 7,
      "factor": 0.5,
      "accepted": false,
      "minimum_J": 0.4949294297827977,
      "phi": 6.0750294835277326e-05,
      "reason": "armijo_insufficient_decrease"
    },
    {
      "target_lambda": 0.19,
      "newton_check": 7,
      "factor": 0.25,
      "accepted": true,
      "minimum_J": 0.4972704597793538,
      "phi": 4.0048808753112034e-05
    },
    {
      "target_lambda": 0.19,
      "newton_check": 8,
      "factor": 1.0,
      "accepted": false,
      "minimum_J": 0.49025056315997834,
      "phi": 0.00010209188719880616,
      "reason": "armijo_insufficient_decrease"
    },
    {
      "target_lambda": 0.19,
      "newton_check": 8,
      "factor": 0.5,
      "accepted": true,
      "minimum_J": 0.49375675440646555,
      "phi": 3.109654563063905e-05
    },
    {
      "target_lambda": 0.19,
      "newton_check": 9,
      "factor": 1.0,
      "accepted": true,
      "minimum_J": 0.49024103174486555,
      "phi": 6.44578160368888e-06
    },
    {
      "target_lambda": 0.19,
      "newton_check": 10,
      "factor": 1.0,
      "accepted": true,
      "minimum_J": 0.49023011723142046,
      "phi": 6.570658785363929e-16
    },
    {
      "target_lambda": 0.19,
      "newton_check": 11,
      "factor": 1.0,
      "accepted": true,
      "minimum_J": 0.49023009893094216,
      "phi": 2.166290837355709e-24
    },
    {
      "target_lambda": 0.19999999999999998,
      "newton_check": 1,
      "factor": 1.0,
      "accepted": false,
      "minimum_J": 0.46614836530398707,
      "phi": 0.014674174454641857,
      "reason": "armijo_insufficient_decrease"
    },
    {
      "target_lambda": 0.19999999999999998,
      "newton_check": 1,
      "factor": 0.5,
      "accepted": false,
      "minimum_J": 0.4781434443580488,
      "phi": 0.0010173583503085997,
      "reason": "armijo_insufficient_decrease"
    },
    {
      "target_lambda": 0.19999999999999998,
      "newton_check": 1,
      "factor": 0.25,
      "accepted": false,
      "minimum_J": 0.48417532470464114,
      "phi": 0.00013286038917732475,
      "reason": "armijo_insufficient_decrease"
    },
    {
      "target_lambda": 0.19999999999999998,
      "newton_check": 1,
      "factor": 0.125,
      "accepted": true,
      "minimum_J": 0.487199850082828,
      "phi": 7.43430753119818e-05
    },
    {
      "target_lambda": 0.19999999999999998,
      "newton_check": 2,
      "factor": 1.0,
      "accepted": false,
      "minimum_J": 0.4661827206785757,
      "phi": 0.008536589308635345,
      "reason": "armijo_insufficient_decrease"
    },
    {
      "target_lambda": 0.19999999999999998,
      "newton_check": 2,
      "factor": 0.5,
      "accepted": false,
      "minimum_J": 0.4766560172529896,
      "phi": 0.0006491751754383429,
      "reason": "armijo_insufficient_decrease"
    },
    {
      "target_lambda": 0.19999999999999998,
      "newton_check": 2,
      "factor": 0.25,
      "accepted": false,
      "minimum_J": 0.4819191166359812,
      "phi": 0.0001115577898301007,
      "reason": "armijo_insufficient_decrease"
    },
    {
      "target_lambda": 0.19999999999999998,
      "newton_check": 2,
      "factor": 0.125,
      "accepted": true,
      "minimum_J": 0.484557279101422,
      "phi": 6.96192345033642e-05
    },
    {
      "target_lambda": 0.19999999999999998,
      "newton_check": 3,
      "factor": 1.0,
      "accepted": false,
      "minimum_J": 0.4662002721330393,
      "phi": 0.004980613367182017,
      "reason": "armijo_insufficient_decrease"
    },
    {
      "target_lambda": 0.19999999999999998,
      "newton_check": 3,
      "factor": 0.5,
      "accepted": false,
      "minimum_J": 0.4753516087459503,
      "phi": 0.00041901171810892243,
      "reason": "armijo_insufficient_decrease"
    },
    {
      "target_lambda": 0.19999999999999998,
      "newton_check": 3,
      "factor": 0.25,
      "accepted": false,
      "minimum_J": 0.4799476522058654,
      "phi": 9.248806551685851e-05,
      "reason": "armijo_insufficient_decrease"
    },
    {
      "target_lambda": 0.19999999999999998,
      "newton_check": 3,
      "factor": 0.125,
      "accepted": true,
      "minimum_J": 0.48225076772418823,
      "phi": 6.439840665945252e-05
    },
    {
      "target_lambda": 0.19999999999999998,
      "newton_check": 4,
      "factor": 1.0,
      "accepted": false,
      "minimum_J": 0.46620792686681006,
      "phi": 0.0029119453745297557,
      "reason": "armijo_insufficient_decrease"
    },
    {
      "target_lambda": 0.19999999999999998,
      "newton_check": 4,
      "factor": 0.5,
      "accepted": false,
      "minimum_J": 0.474208423844236,
      "phi": 0.0002733919389484477,
      "reason": "armijo_insufficient_decrease"
    },
    {
      "target_lambda": 0.19999999999999998,
      "newton_check": 4,
      "factor": 0.25,
      "accepted": false,
      "minimum_J": 0.4782243649213971,
      "phi": 7.583734811629249e-05,
      "reason": "armijo_insufficient_decrease"
    },
    {
      "target_lambda": 0.19999999999999998,
      "newton_check": 4,
      "factor": 0.125,
      "accepted": true,
      "minimum_J": 0.4802362586070886,
      "phi": 5.825280661304348e-05
    },
    {
      "target_lambda": 0.19999999999999998,
      "newton_check": 5,
      "factor": 1.0,
      "accepted": false,
      "minimum_J": 0.4662099467678214,
      "phi": 0.001704973054423064,
      "reason": "armijo_insufficient_decrease"
    },
    {
      "target_lambda": 0.19999999999999998,
      "newton_check": 5,
      "factor": 0.5,
      "accepted": false,
      "minimum_J": 0.47320699223170215,
      "phi": 0.0001802375942796599,
      "reason": "armijo_insufficient_decrease"
    },
    {
      "target_lambda": 0.19999999999999998,
      "newton_check": 5,
      "factor": 0.25,
      "accepted": false,
      "minimum_J": 0.476717597805456,
      "phi": 6.159687617206295e-05,
      "reason": "armijo_insufficient_decrease"
    },
    {
      "target_lambda": 0.19999999999999998,
      "newton_check": 5,
      "factor": 0.125,
      "accepted": true,
      "minimum_J": 0.47847592130278926,
      "phi": 5.148260326656827e-05
    },
    {
      "target_lambda": 0.19999999999999998,
      "newton_check": 6,
      "factor": 1.0,
      "accepted": false,
      "minimum_J": 0.46620893319073226,
      "phi": 0.0009992850129333227,
      "reason": "armijo_insufficient_decrease"
    },
    {
      "target_lambda": 0.19999999999999998,
      "newton_check": 6,
      "factor": 0.5,
      "accepted": false,
      "minimum_J": 0.47233002701017135,
      "phi": 0.00012002184806144799,
      "reason": "armijo_insufficient_decrease"
    },
    {
      "target_lambda": 0.19999999999999998,
      "newton_check": 6,
      "factor": 0.25,
      "accepted": true,
      "minimum_J": 0.4753998740973317,
      "phi": 4.962480152500876e-05
    },
    {
      "target_lambda": 0.19999999999999998,
      "newton_check": 7,
      "factor": 1.0,
      "accepted": false,
      "minimum_J": 0.4662096209199465,
      "phi": 0.00031576483743536477,
      "reason": "armijo_insufficient_decrease"
    },
    {
      "target_lambda": 0.19999999999999998,
      "newton_check": 7,
      "factor": 0.5,
      "accepted": false,
      "minimum_J": 0.47079770642578045,
      "phi": 5.9761754065372656e-05,
      "reason": "armijo_insufficient_decrease"
    },
    {
      "target_lambda": 0.19999999999999998,
      "newton_check": 7,
      "factor": 0.25,
      "accepted": true,
      "minimum_J": 0.47309702999084197,
      "phi": 3.950555711823532e-05
    },
    {
      "target_lambda": 0.19999999999999998,
      "newton_check": 8,
      "factor": 1.0,
      "accepted": false,
      "minimum_J": 0.4662031847836068,
      "phi": 0.0001002276557650566,
      "reason": "armijo_insufficient_decrease"
    },
    {
      "target_lambda": 0.19999999999999998,
      "newton_check": 8,
      "factor": 0.5,
      "accepted": true,
      "minimum_J": 0.4696461110750512,
      "phi": 3.059120064207944e-05
    },
    {
      "target_lambda": 0.19999999999999998,
      "newton_check": 9,
      "factor": 1.0,
      "accepted": true,
      "minimum_J": 0.46619403130576603,
      "phi": 6.3248800522836555e-06
    },
    {
      "target_lambda": 0.19999999999999998,
      "newton_check": 10,
      "factor": 1.0,
      "accepted": true,
      "minimum_J": 0.4661834929884576,
      "phi": 5.884722543840961e-16
    },
    {
      "target_lambda": 0.19999999999999998,
      "newton_check": 11,
      "factor": 1.0,
      "accepted": true,
      "minimum_J": 0.4661834756777588,
      "phi": 2.5956638078078405e-24
    },
    {
      "target_lambda": 0.21000000000000002,
      "newton_check": 1,
      "factor": 1.0,
      "accepted": false,
      "minimum_J": 0.44255324483659647,
      "phi": 0.01440131828299308,
      "reason": "armijo_insufficient_decrease"
    },
    {
      "target_lambda": 0.21000000000000002,
      "newton_check": 1,
      "factor": 0.5,
      "accepted": false,
      "minimum_J": 0.4543197976577925,
      "phi": 0.0009992901051954163,
      "reason": "armijo_insufficient_decrease"
    },
    {
      "target_lambda": 0.21000000000000002,
      "newton_check": 1,
      "factor": 0.25,
      "accepted": false,
      "minimum_J": 0.46023949601792935,
      "phi": 0.00013141591875477822,
      "reason": "armijo_insufficient_decrease"
    },
    {
      "target_lambda": 0.21000000000000002,
      "newton_check": 1,
      "factor": 0.125,
      "accepted": true,
      "minimum_J": 0.46320845068538186,
      "phi": 7.416620442441745e-05
    },
    {
      "target_lambda": 0.21000000000000002,
      "newton_check": 2,
      "factor": 1.0,
      "accepted": false,
      "minimum_J": 0.4425866624740883,
      "phi": 0.008376668004723422,
      "reason": "armijo_insufficient_decrease"
    },
    {
      "target_lambda": 0.21000000000000002,
      "newton_check": 2,
      "factor": 0.5,
      "accepted": false,
      "minimum_J": 0.45286021593884923,
      "phi": 0.0006376394180630236,
      "reason": "armijo_insufficient_decrease"
    },
    {
      "target_lambda": 0.21000000000000002,
      "newton_check": 2,
      "factor": 0.25,
      "accepted": false,
      "minimum_J": 0.45802499815189457,
      "phi": 0.00011027336106828933,
      "reason": "armijo_insufficient_decrease"
    },
    {
      "target_lambda": 0.21000000000000002,
      "newton_check": 2,
      "factor": 0.125,
      "accepted": true,
      "minimum_J": 0.4606143906285828,
      "phi": 6.928146115239969e-05
    },
    {
      "target_lambda": 0.21000000000000002,
      "newton_check": 3,
      "factor": 1.0,
      "accepted": false,
      "minimum_J": 0.4426038017108321,
      "phi": 0.004886576300637116,
      "reason": "armijo_insufficient_decrease"
    },
    {
      "target_lambda": 0.21000000000000002,
      "newton_check": 3,
      "factor": 0.5,
      "accepted": false,
      "minimum_J": 0.45158037722210603,
      "phi": 0.00041156612132966396,
      "reason": "armijo_insufficient_decrease"
    },
    {
      "target_lambda": 0.21000000000000002,
      "newton_check": 3,
      "factor": 0.25,
      "accepted": false,
      "minimum_J": 0.4560902041884443,
      "phi": 9.137475754984933e-05,
      "reason": "armijo_insufficient_decrease"
    },
    {
      "target_lambda": 0.21000000000000002,
      "newton_check": 3,
      "factor": 0.125,
      "accepted": true,
      "minimum_J": 0.4583505024742877,
      "phi": 6.395472901769353e-05
    },
    {
      "target_lambda": 0.21000000000000002,
      "newton_check": 4,
      "factor": 1.0,
      "accepted": false,
      "minimum_J": 0.44261134348326187,
      "phi": 0.0028565355300711635,
      "reason": "armijo_insufficient_decrease"
    },
    {
      "target_lambda": 0.21000000000000002,
      "newton_check": 4,
      "factor": 0.5,
      "accepted": false,
      "minimum_J": 0.45045883448197754,
      "phi": 0.0002685387156594205,
      "reason": "armijo_insufficient_decrease"
    },
    {
      "target_lambda": 0.21000000000000002,
      "newton_check": 4,
      "factor": 0.25,
      "accepted": false,
      "minimum_J": 0.45439914635393286,
      "phi": 7.489187305668299e-05,
      "reason": "armijo_insufficient_decrease"
    },
    {
      "target_lambda": 0.21000000000000002,
      "newton_check": 4,
      "factor": 0.125,
      "accepted": true,
      "minimum_J": 0.4563734438830626,
      "phi": 5.7759771341729306e-05
    },
    {
      "target_lambda": 0.21000000000000002,
      "newton_check": 5,
      "factor": 1.0,
      "accepted": false,
      "minimum_J": 0.4426134120399609,
      "phi": 0.001672284248122828,
      "reason": "armijo_insufficient_decrease"
    },
    {
      "target_lambda": 0.21000000000000002,
      "newton_check": 5,
      "factor": 0.5,
      "accepted": false,
      "minimum_J": 0.4494764411651735,
      "phi": 0.00017704491349912862,
      "reason": "armijo_insufficient_decrease"
    },
    {
      "target_lambda": 0.21000000000000002,
      "newton_check": 5,
      "factor": 0.25,
      "accepted": false,
      "minimum_J": 0.45292069582503164,
      "phi": 6.080708516144626e-05,
      "reason": "armijo_insufficient_decrease"
    },
    {
      "target_lambda": 0.21000000000000002,
      "newton_check": 5,
      "factor": 0.125,
      "accepted": true,
      "minimum_J": 0.45464600817927603,
      "phi": 5.0984932802188375e-05
    },
    {
      "target_lambda": 0.21000000000000002,
      "newton_check": 6,
      "factor": 1.0,
      "accepted": false,
      "minimum_J": 0.44261252622286335,
      "phi": 0.0009799886381524315,
      "reason": "armijo_insufficient_decrease"
    },
    {
      "target_lambda": 0.21000000000000002,
      "newton_check": 6,
      "factor": 0.5,
      "accepted": false,
      "minimum_J": 0.4486162065618044,
      "phi": 0.0001179030061847417,
      "reason": "armijo_insufficient_decrease"
    },
    {
      "target_lambda": 0.21000000000000002,
      "newton_check": 6,
      "factor": 0.25,
      "accepted": true,
      "minimum_J": 0.4516278422107254,
      "phi": 4.89738992107103e-05
    },
    {
      "target_lambda": 0.21000000000000002,
      "newton_check": 7,
      "factor": 1.0,
      "accepted": false,
      "minimum_J": 0.44261333268200964,
      "phi": 0.00030958883488959124,
      "reason": "armijo_insufficient_decrease"
    },
    {
      "target_lambda": 0.21000000000000002,
      "newton_check": 7,
      "factor": 0.5,
      "accepted": false,
      "minimum_J": 0.44711318671546296,
      "phi": 5.8707698302915416e-05,
      "reason": "armijo_insufficient_decrease"
    },
    {
      "target_lambda": 0.21000000000000002,
      "newton_check": 7,
      "factor": 0.25,
      "accepted": true,
      "minimum_J": 0.44936866428036853,
      "phi": 3.892581775606845e-05
    },
    {
      "target_lambda": 0.21000000000000002,
      "newton_check": 8,
      "factor": 1.0,
      "accepted": false,
      "minimum_J": 0.44260719932371895,
      "phi": 9.824309207806796e-05,
      "reason": "armijo_insufficient_decrease"
    },
    {
      "target_lambda": 0.21000000000000002,
      "newton_check": 8,
      "factor": 0.5,
      "accepted": true,
      "minimum_J": 0.4459837380735956,
      "phi": 3.0052578257385883e-05
    },
    {
      "target_lambda": 0.21000000000000002,
      "newton_check": 9,
      "factor": 1.0,
      "accepted": true,
      "minimum_J": 0.4425984435933015,
      "phi": 6.1963967263282234e-06
    },
    {
      "target_lambda": 0.21000000000000002,
      "newton_check": 10,
      "factor": 1.0,
      "accepted": true,
      "minimum_J": 0.4425882966466225,
      "phi": 5.226664410691184e-16
    },
    {
      "target_lambda": 0.21000000000000002,
      "newton_check": 11,
      "factor": 1.0,
      "accepted": true,
      "minimum_J": 0.4425882803374705,
      "phi": 2.2989047513095564e-24
    },
    {
      "target_lambda": 0.22,
      "newton_check": 1,
      "factor": 1.0,
      "accepted": false,
      "minimum_J": 0.4194287546829221,
      "phi": 0.014111275442751954,
      "reason": "armijo_insufficient_decrease"
    },
    {
      "target_lambda": 0.22,
      "newton_check": 1,
      "factor": 0.5,
      "accepted": false,
      "minimum_J": 0.4309577196158112,
      "phi": 0.0009800857675975924,
      "reason": "armijo_insufficient_decrease"
    },
    {
      "target_lambda": 0.22,
      "newton_check": 1,
      "factor": 0.25,
      "accepted": false,
      "minimum_J": 0.43676030050304465,
      "phi": 0.0001298810835059897,
      "reason": "armijo_insufficient_decrease"
    },
    {
      "target_lambda": 0.22,
      "newton_check": 1,
      "factor": 0.125,
      "accepted": true,
      "minimum_J": 0.4396711155518587,
      "phi": 7.397835590426907e-05
    },
    {
      "target_lambda": 0.22,
      "newton_check": 2,
      "factor": 1.0,
      "accepted": false,
      "minimum_J": 0.4194611512253428,
      "phi": 0.008206800387202142,
      "reason": "armijo_insufficient_decrease"
    },
    {
      "target_lambda": 0.22,
      "newton_check": 2,
      "factor": 0.5,
      "accepted": false,
      "minimum_J": 0.4295271496574226,
      "phi": 0.0006253870541773212,
      "reason": "armijo_insufficient_decrease"
    },
    {
      "target_lambda": 0.22,
      "newton_check": 2,
      "factor": 0.25,
      "accepted": false,
      "minimum_J": 0.43458938667184577,
      "phi": 0.00010890930871077867,
      "reason": "armijo_insufficient_decrease"
    },
    {
      "target_lambda": 0.22,
      "newton_check": 2,
      "factor": 0.125,
      "accepted": true,
      "minimum_J": 0.4371278146286537,
      "phi": 6.892275991916876e-05
    },
    {
      "target_lambda": 0.22,
      "newton_check": 3,
      "factor": 1.0,
      "accepted": false,
      "minimum_J": 0.41947782040674175,
      "phi": 0.004786758724099809,
      "reason": "armijo_insufficient_decrease"
    },
    {
      "target_lambda": 0.22,
      "newton_check": 3,
      "factor": 0.5,
      "accepted": false,
      "minimum_J": 0.4282728868024028,
      "phi": 0.00040366290276282375,
      "reason": "armijo_insufficient_decrease"
    },
    {
      "target_lambda": 0.22,
      "newton_check": 3,
      "factor": 0.25,
      "accepted": false,
      "minimum_J": 0.4326928680367042,
      "phi": 9.019291931449411e-05,
      "reason": "armijo_insufficient_decrease"
    },
    {
      "target_lambda": 0.22,
      "newton_check": 3,
      "factor": 0.125,
      "accepted": true,
      "minimum_J": 0.43490847066297106,
      "phi": 6.348364574027916e-05
    },
    {
      "target_lambda": 0.22,
      "newton_check": 4,
      "factor": 1.0,
      "accepted": false,
      "minimum_J": 0.4194852089151292,
      "phi": 0.0027977559925053846,
      "reason": "armijo_insufficient_decrease"
    },
    {
      "target_lambda": 0.22,
      "newton_check": 4,
      "factor": 0.5,
      "accepted": false,
      "minimum_J": 0.42717385487929466,
      "phi": 0.000263389934161946,
      "reason": "armijo_insufficient_decrease"
    },
    {
      "target_lambda": 0.22,
      "newton_check": 4,
      "factor": 0.25,
      "accepted": false,
      "minimum_J": 0.43103541654369176,
      "phi": 7.388852222789952e-05,
      "reason": "armijo_insufficient_decrease"
    },
    {
      "target_lambda": 0.22,
      "newton_check": 4,
      "factor": 0.125,
      "accepted": true,
      "minimum_J": 0.43297050704647316,
      "phi": 5.723638415329351e-05
    },
    {
      "target_lambda": 0.22,
      "newton_check": 5,
      "factor": 1.0,
      "accepted": false,
      "minimum_J": 0.4194872979361511,
      "phi": 0.0016376268382933936,
      "reason": "armijo_insufficient_decrease"
    },
    {
      "target_lambda": 0.22,
      "newton_check": 5,
      "factor": 0.5,
      "accepted": false,
      "minimum_J": 0.4262112506590733,
      "phi": 0.00017365931096601913,
      "reason": "armijo_insufficient_decrease"
    },
    {
      "target_lambda": 0.22,
      "newton_check": 5,
      "factor": 0.25,
      "accepted": false,
      "minimum_J": 0.429586465894714,
      "phi": 5.996916399917176e-05,
      "reason": "armijo_insufficient_decrease"
    },
    {
      "target_lambda": 0.22,
      "newton_check": 5,
      "factor": 0.125,
      "accepted": true,
      "minimum_J": 0.4312773832310788,
      "phi": 5.0456726965591355e-05
    },
    {
      "target_lambda": 0.22,
      "newton_check": 6,
      "factor": 1.0,
      "accepted": false,
      "minimum_J": 0.4194865200908044,
      "phi": 0.0009595404180617836,
      "reason": "armijo_insufficient_decrease"
    },
    {
      "target_lambda": 0.22,
      "newton_check": 6,
      "factor": 0.5,
      "accepted": false,
      "minimum_J": 0.4253683963041787,
      "phi": 0.00011565695914525467,
      "reason": "armijo_insufficient_decrease"
    },
    {
      "target_lambda": 0.22,
      "newton_check": 6,
      "factor": 0.25,
      "accepted": true,
      "minimum_J": 0.42831950092843946,
      "phi": 4.828347440202781e-05
    },
    {
      "target_lambda": 0.22,
      "newton_check": 7,
      "factor": 1.0,
      "accepted": false,
      "minimum_J": 0.419487414484288,
      "phi": 0.00030305009950270666,
      "reason": "armijo_insufficient_decrease"
    },
    {
      "target_lambda": 0.22,
      "newton_check": 7,
      "factor": 0.5,
      "accepted": false,
      "minimum_J": 0.4238957947293686,
      "phi": 5.759096076262775e-05,
      "reason": "armijo_insufficient_decrease"
    },
    {
      "target_lambda": 0.22,
      "newton_check": 7,
      "factor": 0.25,
      "accepted": true,
      "minimum_J": 0.4261057320846552,
      "phi": 3.831112972169085e-05
    },
    {
      "target_lambda": 0.22,
      "newton_check": 8,
      "factor": 1.0,
      "accepted": false,
      "minimum_J": 0.4194815720955972,
      "phi": 9.614356596605876e-05,
      "reason": "armijo_insufficient_decrease"
    },
    {
      "target_lambda": 0.22,
      "newton_check": 8,
      "factor": 0.5,
      "accepted": true,
      "minimum_J": 0.4227893176673769,
      "phi": 2.9482117568160512e-05
    },
    {
      "target_lambda": 0.22,
      "newton_check": 9,
      "factor": 1.0,
      "accepted": true,
      "minimum_J": 0.41947320496454205,
      "phi": 6.060674125202464e-06
    },
    {
      "target_lambda": 0.22,
      "newton_check": 10,
      "factor": 1.0,
      "accepted": true,
      "minimum_J": 0.4194634525166037,
      "phi": 4.60045899841643e-16
    },
    {
      "target_lambda": 0.22,
      "newton_check": 11,
      "factor": 1.0,
      "accepted": true,
      "minimum_J": 0.41946343721366763,
      "phi": 2.7859930617429323e-24
    },
    {
      "target_lambda": 0.23,
      "newton_check": 1,
      "factor": 1.0,
      "accepted": false,
      "minimum_J": 0.3967878255654317,
      "phi": 0.01380480007150358,
      "reason": "armijo_insufficient_decrease"
    },
    {
      "target_lambda": 0.23,
      "newton_check": 1,
      "factor": 0.5,
      "accepted": false,
      "minimum_J": 0.4080733230762395,
      "phi": 0.0009597941653484676,
      "reason": "armijo_insufficient_decrease"
    },
    {
      "target_lambda": 0.23,
      "newton_check": 1,
      "factor": 0.25,
      "accepted": false,
      "minimum_J": 0.41375530306662583,
      "phi": 0.00012825945759272275,
      "reason": "armijo_insufficient_decrease"
    },
    {
      "target_lambda": 0.23,
      "newton_check": 1,
      "factor": 0.125,
      "accepted": true,
      "minimum_J": 0.4166061008705657,
      "phi": 7.377989648543484e-05
    },
    {
      "target_lambda": 0.23,
      "newton_check": 2,
      "factor": 1.0,
      "accepted": false,
      "minimum_J": 0.3968190218165783,
      "phi": 0.008027413631681845,
      "reason": "armijo_insufficient_decrease"
    },
    {
      "target_lambda": 0.23,
      "newton_check": 2,
      "factor": 0.5,
      "accepted": false,
      "minimum_J": 0.40667250849836845,
      "phi": 0.0006124481784119374,
      "reason": "armijo_insufficient_decrease"
    },
    {
      "target_lambda": 0.23,
      "newton_check": 2,
      "factor": 0.25,
      "accepted": false,
      "minimum_J": 0.41162929147316535,
      "phi": 0.00010746874358931712,
      "reason": "armijo_insufficient_decrease"
    },
    {
      "target_lambda": 0.23,
      "newton_check": 2,
      "factor": 0.125,
      "accepted": true,
      "minimum_J": 0.4141151928690409,
      "phi": 6.854387601197066e-05
    },
    {
      "target_lambda": 0.23,
      "newton_check": 3,
      "factor": 1.0,
      "accepted": false,
      "minimum_J": 0.396835088357913,
      "phi": 0.004681404892293108,
      "reason": "armijo_insufficient_decrease"
    },
    {
      "target_lambda": 0.23,
      "newton_check": 3,
      "factor": 0.5,
      "accepted": false,
      "minimum_J": 0.405444450866985,
      "phi": 0.000395320947763151,
      "reason": "armijo_insufficient_decrease"
    },
    {
      "target_lambda": 0.23,
      "newton_check": 3,
      "factor": 0.25,
      "accepted": false,
      "minimum_J": 0.40977214943138784,
      "phi": 8.89452099240308e-05,
      "reason": "armijo_insufficient_decrease"
    },
    {
      "target_lambda": 0.23,
      "newton_check": 3,
      "factor": 0.125,
      "accepted": true,
      "minimum_J": 0.4119417530410598,
      "phi": 6.298616186177558e-05
    },
    {
      "target_lambda": 0.23,
      "newton_check": 4,
      "factor": 1.0,
      "accepted": false,
      "minimum_J": 0.39684222519136025,
      "phi": 0.0027357474208287813,
      "reason": "armijo_insufficient_decrease"
    },
    {
      "target_lambda": 0.23,
      "newton_check": 4,
      "factor": 0.5,
      "accepted": false,
      "minimum_J": 0.40436846365839696,
      "phi": 0.000257957632420836,
      "reason": "armijo_insufficient_decrease"
    },
    {
      "target_lambda": 0.23,
      "newton_check": 4,
      "factor": 0.25,
      "accepted": false,
      "minimum_J": 0.408149226985273,
      "phi": 7.282953292130161e-05,
      "reason": "armijo_insufficient_decrease"
    },
    {
      "target_lambda": 0.23,
      "newton_check": 4,
      "factor": 0.125,
      "accepted": true,
      "minimum_J": 0.41004401967205406,
      "phi": 5.668377617136401e-05
    },
    {
      "target_lambda": 0.23,
      "newton_check": 5,
      "factor": 1.0,
      "accepted": false,
      "minimum_J": 0.39684426142667795,
      "phi": 0.0016010822590297865,
      "reason": "armijo_insufficient_decrease"
    },
    {
      "target_lambda": 0.23,
      "newton_check": 5,
      "factor": 0.5,
      "accepted": false,
      "minimum_J": 0.40342610253228867,
      "phi": 0.00017008856703827402,
      "reason": "armijo_insufficient_decrease"
    },
    {
      "target_lambda": 0.23,
      "newton_check": 5,
      "factor": 0.25,
      "accepted": false,
      "minimum_J": 0.4067305515979032,
      "phi": 5.9084969598643696e-05,
      "reason": "armijo_insufficient_decrease"
    },
    {
      "target_lambda": 0.23,
      "newton_check": 5,
      "factor": 0.125,
      "accepted": true,
      "minimum_J": 0.40838615825891145,
      "phi": 4.9899134848171615e-05
    },
    {
      "target_lambda": 0.23,
      "newton_check": 6,
      "factor": 1.0,
      "accepted": false,
      "minimum_J": 0.39684353688972296,
      "phi": 0.0009379876872009778,
      "reason": "armijo_insufficient_decrease"
    },
    {
      "target_lambda": 0.23,
      "newton_check": 6,
      "factor": 0.5,
      "accepted": false,
      "minimum_J": 0.4026010153990987,
      "phi": 0.00011328879902087986,
      "reason": "armijo_insufficient_decrease"
    },
    {
      "target_lambda": 0.23,
      "newton_check": 6,
      "factor": 0.25,
      "accepted": true,
      "minimum_J": 0.4054901287852005,
      "phi": 4.755505054524923e-05
    },
    {
      "target_lambda": 0.23,
      "newton_check": 7,
      "factor": 1.0,
      "accepted": false,
      "minimum_J": 0.3968444404540462,
      "phi": 0.0002961633010214773,
      "reason": "armijo_insufficient_decrease"
    },
    {
      "target_lambda": 0.23,
      "newton_check": 7,
      "factor": 0.5,
      "accepted": false,
      "minimum_J": 0.4011594866561833,
      "phi": 5.641401972737705e-05,
      "reason": "armijo_insufficient_decrease"
    },
    {
      "target_lambda": 0.23,
      "newton_check": 7,
      "factor": 0.25,
      "accepted": true,
      "minimum_J": 0.40332285822983366,
      "phi": 3.766284991037192e-05
    },
    {
      "target_lambda": 0.23,
      "newton_check": 8,
      "factor": 1.0,
      "accepted": false,
      "minimum_J": 0.39683884836776234,
      "phi": 9.393370882904076e-05,
      "reason": "armijo_insufficient_decrease"
    },
    {
      "target_lambda": 0.23,
      "newton_check": 8,
      "factor": 0.5,
      "accepted": true,
      "minimum_J": 0.4000764519090085,
      "phi": 2.8881072972034394e-05
    },
    {
      "target_lambda": 0.23,
      "newton_check": 9,
      "factor": 1.0,
      "accepted": true,
      "minimum_J": 0.3968308323976572,
      "phi": 5.918003612902923e-06
    },
    {
      "target_lambda": 0.23,
      "newton_check": 10,
      "factor": 1.0,
      "accepted": true,
      "minimum_J": 0.3968214654936628,
      "phi": 4.009099448015347e-16
    },
    {
      "target_lambda": 0.23,
      "newton_check": 11,
      "factor": 1.0,
      "accepted": true,
      "minimum_J": 0.39682145119483325,
      "phi": 3.8453571794897525e-24
    },
    {
      "target_lambda": 0.24,
      "newton_check": 1,
      "factor": 1.0,
      "accepted": false,
      "minimum_J": 0.37459916375115077,
      "phi": 0.013482530492082492,
      "reason": "armijo_insufficient_decrease"
    },
    {
      "target_lambda": 0.24,
      "newton_check": 1,
      "factor": 0.5,
      "accepted": false,
      "minimum_J": 0.3856751039784916,
      "phi": 0.0009384565141597902,
      "reason": "armijo_insufficient_decrease"
    },
    {
      "target_lambda": 0.24,
      "newton_check": 1,
      "factor": 0.25,
      "accepted": false,
      "minimum_J": 0.39123505587452473,
      "phi": 0.00012655402335280878,
      "reason": "armijo_insufficient_decrease"
    },
    {
      "target_lambda": 0.24,
      "newton_check": 1,
      "factor": 0.125,
      "accepted": true,
      "minimum_J": 0.3940249481066425,
      "phi": 7.357112400541935e-05
    },
    {
      "target_lambda": 0.24,
      "newton_check": 2,
      "factor": 1.0,
      "accepted": false,
      "minimum_J": 0.3746349548663973,
      "phi": 0.007838864338502326,
      "reason": "armijo_insufficient_decrease"
    },
    {
      "target_lambda": 0.24,
      "newton_check": 2,
      "factor": 0.5,
      "accepted": false,
      "minimum_J": 0.3843042205651676,
      "phi": 0.0005988478437619964,
      "reason": "armijo_insufficient_decrease"
    },
    {
      "target_lambda": 0.24,
      "newton_check": 2,
      "factor": 0.25,
      "accepted": false,
      "minimum_J": 0.38915448716788176,
      "phi": 0.00010595423234332766,
      "reason": "armijo_insufficient_decrease"
    },
    {
      "target_lambda": 0.24,
      "newton_check": 2,
      "factor": 0.125,
      "accepted": true,
      "minimum_J": 0.3915871933452579,
      "phi": 6.814541767446995e-05
    },
    {
      "target_lambda": 0.24,
      "newton_check": 3,
      "factor": 1.0,
      "accepted": false,
      "minimum_J": 0.37465466831952104,
      "phi": 0.00457071625442593,
      "reason": "armijo_insufficient_decrease"
    },
    {
      "target_lambda": 0.24,
      "newton_check": 3,
      "factor": 0.5,
      "accepted": false,
      "minimum_J": 0.3831024942823797,
      "phi": 0.00038655579606756735,
      "reason": "armijo_insufficient_decrease"
    },
    {
      "target_lambda": 0.24,
      "newton_check": 3,
      "factor": 0.25,
      "accepted": false,
      "minimum_J": 0.3873371254032749,
      "phi": 8.763380588356094e-05,
      "reason": "armijo_insufficient_decrease"
    },
    {
      "target_lambda": 0.24,
      "newton_check": 3,
      "factor": 0.125,
      "accepted": true,
      "minimum_J": 0.38946022977162953,
      "phi": 6.246309759916379e-05
    },
    {
      "target_lambda": 0.24,
      "newton_check": 4,
      "factor": 1.0,
      "accepted": false,
      "minimum_J": 0.3746646868929728,
      "phi": 0.002670624614420279,
      "reason": "armijo_insufficient_decrease"
    },
    {
      "target_lambda": 0.24,
      "newton_check": 4,
      "factor": 0.5,
      "accepted": false,
      "minimum_J": 0.38204964051895496,
      "phi": 0.0002522516213742316,
      "reason": "armijo_insufficient_decrease"
    },
    {
      "target_lambda": 0.24,
      "newton_check": 4,
      "factor": 0.25,
      "accepted": false,
      "minimum_J": 0.38574903108947717,
      "phi": 7.171672580376556e-05,
      "reason": "armijo_insufficient_decrease"
    },
    {
      "target_lambda": 0.24,
      "newton_check": 4,
      "factor": 0.125,
      "accepted": true,
      "minimum_J": 0.3876031544165976,
      "phi": 5.6102868976082456e-05
    },
    {
      "target_lambda": 0.24,
      "newton_check": 5,
      "factor": 1.0,
      "accepted": false,
      "minimum_J": 0.37466899169960666,
      "phi": 0.001562716380268006,
      "reason": "armijo_insufficient_decrease"
    },
    {
      "target_lambda": 0.24,
      "newton_check": 5,
      "factor": 0.5,
      "accepted": false,
      "minimum_J": 0.3811275832875922,
      "phi": 0.00016633897401068792,
      "reason": "armijo_insufficient_decrease"
    },
    {
      "target_lambda": 0.24,
      "newton_check": 5,
      "factor": 0.25,
      "accepted": false,
      "minimum_J": 0.3843608505125439,
      "phi": 5.815600665631696e-05,
      "reason": "armijo_insufficient_decrease"
    },
    {
      "target_lambda": 0.24,
      "newton_check": 5,
      "factor": 0.125,
      "accepted": true,
      "minimum_J": 0.385980872879683,
      "phi": 4.9313090690795626e-05
    },
    {
      "target_lambda": 0.24,
      "newton_check": 6,
      "factor": 1.0,
      "accepted": false,
      "minimum_J": 0.3746700472376537,
      "phi": 0.0009153684414396454,
      "reason": "armijo_insufficient_decrease"
    },
    {
      "target_lambda": 0.24,
      "newton_check": 6,
      "factor": 0.5,
      "accepted": false,
      "minimum_J": 0.3803203035058539,
      "phi": 0.00011080261881419817,
      "reason": "armijo_insufficient_decrease"
    },
    {
      "target_lambda": 0.24,
      "newton_check": 6,
      "factor": 0.25,
      "accepted": true,
      "minimum_J": 0.3831471292054453,
      "phi": 4.6789858129187306e-05
    },
    {
      "target_lambda": 0.24,
      "newton_check": 7,
      "factor": 1.0,
      "accepted": false,
      "minimum_J": 0.37467347222879993,
      "phi": 0.00028894003337860897,
      "reason": "armijo_insufficient_decrease"
    },
    {
      "target_lambda": 0.24,
      "newton_check": 7,
      "factor": 0.5,
      "accepted": false,
      "minimum_J": 0.37890989191558727,
      "phi": 5.517884785306971e-05,
      "reason": "armijo_insufficient_decrease"
    },
    {
      "target_lambda": 0.24,
      "newton_check": 7,
      "factor": 0.25,
      "accepted": true,
      "minimum_J": 0.38102656688101005,
      "phi": 3.698206835400686e-05
    },
    {
      "target_lambda": 0.24,
      "newton_check": 8,
      "factor": 1.0,
      "accepted": false,
      "minimum_J": 0.37466940988289155,
      "phi": 9.161714534400029e-05,
      "reason": "armijo_insufficient_decrease"
    },
    {
      "target_lambda": 0.24,
      "newton_check": 8,
      "factor": 0.5,
      "accepted": true,
      "minimum_J": 0.3778503059727202,
      "phi": 2.8250438410516216e-05
    },
    {
      "target_lambda": 0.24,
      "newton_check": 9,
      "factor": 1.0,
      "accepted": true,
      "minimum_J": 0.3746629256173705,
      "phi": 5.768609392051023e-06
    },
    {
      "target_lambda": 0.24,
      "newton_check": 10,
      "factor": 1.0,
      "accepted": true,
      "minimum_J": 0.3746541984830687,
      "phi": 3.45511167964853e-16
    },
    {
      "target_lambda": 0.24,
      "newton_check": 11,
      "factor": 1.0,
      "accepted": true,
      "minimum_J": 0.37465418489012053,
      "phi": 4.1020544521882755e-24
    },
    {
      "target_lambda": 0.25,
      "newton_check": 1,
      "factor": 1.0,
      "accepted": false,
      "minimum_J": 0.3519021559230848,
      "phi": 0.013144953356356771,
      "reason": "armijo_insufficient_decrease"
    },
    {
      "target_lambda": 0.25,
      "newton_check": 1,
      "factor": 0.5,
      "accepted": false,
      "minimum_J": 0.36334111124059243,
      "phi": 0.0009161040587767701,
      "reason": "armijo_insufficient_decrease"
    },
    {
      "target_lambda": 0.25,
      "newton_check": 1,
      "factor": 0.25,
      "accepted": false,
      "minimum_J": 0.36900610348498913,
      "phi": 0.00012476698694840208,
      "reason": "armijo_insufficient_decrease"
    },
    {
      "target_lambda": 0.25,
      "newton_check": 1,
      "factor": 0.125,
      "accepted": true,
      "minimum_J": 0.37184603852466375,
      "phi": 7.335224571469963e-05
    },
    {
      "target_lambda": 0.25,
      "newton_check": 2,
      "factor": 1.0,
      "accepted": false,
      "minimum_J": 0.35194784375406307,
      "phi": 0.007641418689096655,
      "reason": "armijo_insufficient_decrease"
    },
    {
      "target_lambda": 0.25,
      "newton_check": 2,
      "factor": 0.5,
      "accepted": false,
      "minimum_J": 0.3619481424178404,
      "phi": 0.0005846046356130293,
      "reason": "armijo_insufficient_decrease"
    },
    {
      "target_lambda": 0.25,
      "newton_check": 2,
      "factor": 0.25,
      "accepted": false,
      "minimum_J": 0.36688951592303887,
      "phi": 0.00010436764002300432,
      "reason": "armijo_insufficient_decrease"
    },
    {
      "target_lambda": 0.25,
      "newton_check": 2,
      "factor": 0.125,
      "accepted": true,
      "minimum_J": 0.36936588358680006,
      "phi": 6.772781496479825e-05
    },
    {
      "target_lambda": 0.25,
      "newton_check": 3,
      "factor": 1.0,
      "accepted": false,
      "minimum_J": 0.3519750769340924,
      "phi": 0.0044548404179029525,
      "reason": "armijo_insufficient_decrease"
    },
    {
      "target_lambda": 0.25,
      "newton_check": 3,
      "factor": 0.5,
      "accepted": false,
      "minimum_J": 0.36072680794291667,
      "phi": 0.0003773787666282776,
      "reason": "armijo_insufficient_decrease"
    },
    {
      "target_lambda": 0.25,
      "newton_check": 3,
      "factor": 0.25,
      "accepted": false,
      "minimum_J": 0.3650405554497513,
      "phi": 8.626026902887613e-05,
      "reason": "armijo_insufficient_decrease"
    },
    {
      "target_lambda": 0.25,
      "newton_check": 3,
      "factor": 0.125,
      "accepted": true,
      "minimum_J": 0.36720177193949927,
      "phi": 6.191503488344725e-05
    },
    {
      "target_lambda": 0.25,
      "newton_check": 4,
      "factor": 1.0,
      "accepted": false,
      "minimum_J": 0.35199082247231867,
      "phi": 0.0026024703564200163,
      "reason": "armijo_insufficient_decrease"
    },
    {
      "target_lambda": 0.25,
      "newton_check": 4,
      "factor": 0.5,
      "accepted": false,
      "minimum_J": 0.3596415955485412,
      "phi": 0.0002462789402667337,
      "reason": "armijo_insufficient_decrease"
    },
    {
      "target_lambda": 0.25,
      "newton_check": 4,
      "factor": 0.25,
      "accepted": false,
      "minimum_J": 0.36342474928741914,
      "phi": 7.055139579381365e-05,
      "reason": "armijo_insufficient_decrease"
    },
    {
      "target_lambda": 0.25,
      "newton_check": 4,
      "factor": 0.125,
      "accepted": true,
      "minimum_J": 0.3653121532344422,
      "phi": 5.549431611770127e-05
    },
    {
      "target_lambda": 0.25,
      "newton_check": 5,
      "factor": 1.0,
      "accepted": false,
      "minimum_J": 0.35199949651858053,
      "phi": 0.00152257605621173,
      "reason": "armijo_insufficient_decrease"
    },
    {
      "target_lambda": 0.25,
      "newton_check": 5,
      "factor": 0.5,
      "accepted": false,
      "minimum_J": 0.35868794929838776,
      "phi": 0.00016241499173472063,
      "reason": "armijo_insufficient_decrease"
    },
    {
      "target_lambda": 0.25,
      "newton_check": 5,
      "factor": 0.25,
      "accepted": false,
      "minimum_J": 0.3620122726510221,
      "phi": 5.7183338448622824e-05,
      "reason": "armijo_insufficient_decrease"
    },
    {
      "target_lambda": 0.25,
      "newton_check": 5,
      "factor": 0.125,
      "accepted": true,
      "minimum_J": 0.36366136539241434,
      "phi": 4.869925577708682e-05
    },
    {
      "target_lambda": 0.25,
      "newton_check": 6,
      "factor": 1.0,
      "accepted": false,
      "minimum_J": 0.35200388978190544,
      "phi": 0.0008917093970690318,
      "reason": "armijo_insufficient_decrease"
    },
    {
      "target_lambda": 0.25,
      "newton_check": 6,
      "factor": 0.5,
      "accepted": false,
      "minimum_J": 0.3578528333515229,
      "phi": 0.00010820129170629329,
      "reason": "armijo_insufficient_decrease"
    },
    {
      "target_lambda": 0.25,
      "newton_check": 6,
      "factor": 0.25,
      "accepted": true,
      "minimum_J": 0.3607772554462496,
      "phi": 4.598876254375929e-05
    },
    {
      "target_lambda": 0.25,
      "newton_check": 7,
      "factor": 1.0,
      "accepted": false,
      "minimum_J": 0.3520120882234653,
      "phi": 0.00028138825230692094,
      "reason": "armijo_insufficient_decrease"
    },
    {
      "target_lambda": 0.25,
      "newton_check": 7,
      "factor": 0.5,
      "accepted": false,
      "minimum_J": 0.35639305189992093,
      "phi": 5.3886808258725044e-05,
      "reason": "armijo_insufficient_decrease"
    },
    {
      "target_lambda": 0.25,
      "newton_check": 7,
      "factor": 0.25,
      "accepted": true,
      "minimum_J": 0.3585872261765143,
      "phi": 3.626954641895304e-05
    },
    {
      "target_lambda": 0.25,
      "newton_check": 8,
      "factor": 1.0,
      "accepted": false,
      "minimum_J": 0.35201069890833114,
      "phi": 8.919632757447745e-05,
      "reason": "armijo_insufficient_decrease"
    },
    {
      "target_lambda": 0.25,
      "newton_check": 8,
      "factor": 0.5,
      "accepted": true,
      "minimum_J": 0.3552961860014997,
      "phi": 2.759089604200748e-05
    },
    {
      "target_lambda": 0.25,
      "newton_check": 9,
      "factor": 1.0,
      "accepted": true,
      "minimum_J": 0.3520067950221019,
      "phi": 5.612639605449211e-06
    },
    {
      "target_lambda": 0.25,
      "newton_check": 10,
      "factor": 1.0,
      "accepted": true,
      "minimum_J": 0.351998934229492,
      "phi": 2.9400970726465013e-16
    },
    {
      "target_lambda": 0.25,
      "newton_check": 11,
      "factor": 1.0,
      "accepted": true,
      "minimum_J": 0.35199892111080133,
      "phi": 4.2793719428787004e-24
    },
    {
      "target_lambda": 0.26,
      "newton_check": 1,
      "factor": 1.0,
      "accepted": false,
      "minimum_J": 0.32909583848170815,
      "phi": 0.01279238363696093,
      "reason": "armijo_insufficient_decrease"
    },
    {
      "target_lambda": 0.26,
      "newton_check": 1,
      "factor": 0.5,
      "accepted": false,
      "minimum_J": 0.3405780864025099,
      "phi": 0.0008927567416201907,
      "reason": "armijo_insufficient_decrease"
    },
    {
      "target_lambda": 0.26,
      "newton_check": 1,
      "factor": 0.25,
      "accepted": false,
      "minimum_J": 0.3463286756620906,
      "phi": 0.00012289966948985645,
      "reason": "armijo_insufficient_decrease"
    },
    {
      "target_lambda": 0.26,
      "newton_check": 1,
      "factor": 0.125,
      "accepted": true,
      "minimum_J": 0.3491617150697843,
      "phi": 7.312336440971605e-05
    },
    {
      "target_lambda": 0.26,
      "newton_check": 2,
      "factor": 1.0,
      "accepted": false,
      "minimum_J": 0.3291497768795963,
      "phi": 0.007435242148025099,
      "reason": "armijo_insufficient_decrease"
    },
    {
      "target_lambda": 0.26,
      "newton_check": 2,
      "factor": 0.5,
      "accepted": false,
      "minimum_J": 0.33916714337980713,
      "phi": 0.0005697299181867334,
      "reason": "armijo_insufficient_decrease"
    },
    {
      "target_lambda": 0.26,
      "newton_check": 2,
      "factor": 0.25,
      "accepted": false,
      "minimum_J": 0.3441832661849365,
      "phi": 0.00010271004193413197,
      "reason": "armijo_insufficient_decrease"
    },
    {
      "target_lambda": 0.26,
      "newton_check": 2,
      "factor": 0.125,
      "accepted": true,
      "minimum_J": 0.3466881385827539,
      "phi": 6.729129492432455e-05
    },
    {
      "target_lambda": 0.26,
      "newton_check": 3,
      "factor": 1.0,
      "accepted": false,
      "minimum_J": 0.32918332088139163,
      "phi": 0.00433386583103802,
      "reason": "armijo_insufficient_decrease"
    },
    {
      "target_lambda": 0.26,
      "newton_check": 3,
      "factor": 0.5,
      "accepted": false,
      "minimum_J": 0.3379298335213892,
      "phi": 0.00036779652301747675,
      "reason": "armijo_insufficient_decrease"
    },
    {
      "target_lambda": 0.26,
      "newton_check": 3,
      "factor": 0.25,
      "accepted": false,
      "minimum_J": 0.34230854113084874,
      "phi": 8.48254757165225e-05,
      "reason": "armijo_insufficient_decrease"
    },
    {
      "target_lambda": 0.26,
      "newton_check": 3,
      "factor": 0.125,
      "accepted": true,
      "minimum_J": 0.34450089339172146,
      "phi": 6.134228654733315e-05
    },
    {
      "target_lambda": 0.26,
      "newton_check": 4,
      "factor": 1.0,
      "accepted": false,
      "minimum_J": 0.3292039011538104,
      "phi": 0.002531332651451987,
      "reason": "armijo_insufficient_decrease"
    },
    {
      "target_lambda": 0.26,
      "newton_check": 4,
      "factor": 0.5,
      "accepted": false,
      "minimum_J": 0.33684544696971636,
      "phi": 0.0002400436004249913,
      "reason": "armijo_insufficient_decrease"
    },
    {
      "target_lambda": 0.26,
      "newton_check": 4,
      "factor": 0.25,
      "accepted": false,
      "minimum_J": 0.34067010793605645,
      "phi": 6.933425540764517e-05,
      "reason": "armijo_insufficient_decrease"
    },
    {
      "target_lambda": 0.26,
      "newton_check": 4,
      "factor": 0.125,
      "accepted": true,
      "minimum_J": 0.3425847351027233,
      "phi": 5.485847053578526e-05
    },
    {
      "target_lambda": 0.26,
      "newton_check": 5,
      "factor": 1.0,
      "accepted": false,
      "minimum_J": 0.3292162830850019,
      "phi": 0.0014806876884457146,
      "reason": "armijo_insufficient_decrease"
    },
    {
      "target_lambda": 0.26,
      "newton_check": 5,
      "factor": 0.5,
      "accepted": false,
      "minimum_J": 0.33589550004603486,
      "phi": 0.00015831909360150852,
      "reason": "armijo_insufficient_decrease"
    },
    {
      "target_lambda": 0.26,
      "newton_check": 5,
      "factor": 0.25,
      "accepted": false,
      "minimum_J": 0.33923777111740705,
      "phi": 5.616754186333737e-05,
      "reason": "armijo_insufficient_decrease"
    },
    {
      "target_lambda": 0.26,
      "newton_check": 5,
      "factor": 0.125,
      "accepted": true,
      "minimum_J": 0.3409106664958214,
      "phi": 4.805798698364408e-05
    },
    {
      "target_lambda": 0.26,
      "newton_check": 6,
      "factor": 1.0,
      "accepted": false,
      "minimum_J": 0.3292235220025199,
      "phi": 0.000867025240233138,
      "reason": "armijo_insufficient_decrease"
    },
    {
      "target_lambda": 0.26,
      "newton_check": 6,
      "factor": 0.5,
      "accepted": false,
      "minimum_J": 0.3350635914039009,
      "phi": 0.00010548637631403545,
      "reason": "armijo_insufficient_decrease"
    },
    {
      "target_lambda": 0.26,
      "newton_check": 6,
      "factor": 0.25,
      "accepted": true,
      "minimum_J": 0.33798533054540497,
      "phi": 4.515222848471928e-05
    },
    {
      "target_lambda": 0.26,
      "newton_check": 7,
      "factor": 1.0,
      "accepted": false,
      "minimum_J": 0.3292357791616052,
      "phi": 0.00027351209193954095,
      "reason": "armijo_insufficient_decrease"
    },
    {
      "target_lambda": 0.26,
      "newton_check": 7,
      "factor": 0.5,
      "accepted": false,
      "minimum_J": 0.33360919698199976,
      "phi": 5.2538613001460686e-05,
      "reason": "armijo_insufficient_decrease"
    },
    {
      "target_lambda": 0.26,
      "newton_check": 7,
      "factor": 0.25,
      "accepted": true,
      "minimum_J": 0.3357962507265959,
      "phi": 3.552568814824569e-05
    },
    {
      "target_lambda": 0.26,
      "newton_check": 8,
      "factor": 1.0,
      "accepted": false,
      "minimum_J": 0.32923669851253057,
      "phi": 8.667248950447463e-05,
      "reason": "armijo_insufficient_decrease"
    },
    {
      "target_lambda": 0.26,
      "newton_check": 8,
      "factor": 0.5,
      "accepted": true,
      "minimum_J": 0.3325163742942324,
      "phi": 2.690279658108171e-05
    },
    {
      "target_lambda": 0.26,
      "newton_check": 9,
      "factor": 1.0,
      "accepted": true,
      "minimum_J": 0.3292350390941566,
      "phi": 5.450165003515656e-06
    },
    {
      "target_lambda": 0.26,
      "newton_check": 10,
      "factor": 1.0,
      "accepted": true,
      "minimum_J": 0.3292279714381284,
      "phi": 2.465632086824964e-16
    },
    {
      "target_lambda": 0.26,
      "newton_check": 11,
      "factor": 1.0,
      "accepted": true,
      "minimum_J": 0.3292279588944191,
      "phi": 4.1521618965237715e-24
    },
    {
      "target_lambda": 0.27,
      "newton_check": 1,
      "factor": 1.0,
      "accepted": false,
      "minimum_J": 0.30626237103138326,
      "phi": 0.012424961093461325,
      "reason": "armijo_insufficient_decrease"
    },
    {
      "target_lambda": 0.27,
      "newton_check": 1,
      "factor": 0.5,
      "accepted": false,
      "minimum_J": 0.31775525685708467,
      "phi": 0.0008684229397040533,
      "reason": "armijo_insufficient_decrease"
    },
    {
      "target_lambda": 0.27,
      "newton_check": 1,
      "factor": 0.25,
      "accepted": false,
      "minimum_J": 0.32348613606997073,
      "phi": 0.00012095247698202593,
      "reason": "armijo_insufficient_decrease"
    },
    {
      "target_lambda": 0.27,
      "newton_check": 1,
      "factor": 0.125,
      "accepted": true,
      "minimum_J": 0.3263556795307499,
      "phi": 7.288447276946712e-05
    },
    {
      "target_lambda": 0.27,
      "newton_check": 2,
      "factor": 1.0,
      "accepted": false,
      "minimum_J": 0.30631917118872426,
      "phi": 0.007220398340953136,
      "reason": "armijo_insufficient_decrease"
    },
    {
      "target_lambda": 0.27,
      "newton_check": 2,
      "factor": 0.5,
      "accepted": false,
      "minimum_J": 0.3163505620962237,
      "phi": 0.000554227728719911,
      "reason": "armijo_insufficient_decrease"
    },
    {
      "target_lambda": 0.27,
      "newton_check": 2,
      "factor": 0.25,
      "accepted": false,
      "minimum_J": 0.32134893108692664,
      "phi": 0.00010098170297824872,
      "reason": "armijo_insufficient_decrease"
    },
    {
      "target_lambda": 0.27,
      "newton_check": 2,
      "factor": 0.125,
      "accepted": true,
      "minimum_J": 0.3238512578771971,
      "phi": 6.683587310051061e-05
    },
    {
      "target_lambda": 0.27,
      "newton_check": 3,
      "factor": 1.0,
      "accepted": false,
      "minimum_J": 0.3063550789960246,
      "phi": 0.004207821564841836,
      "reason": "armijo_insufficient_decrease"
    },
    {
      "target_lambda": 0.27,
      "newton_check": 3,
      "factor": 0.5,
      "accepted": false,
      "minimum_J": 0.3151186937963957,
      "phi": 0.0003578110349419299,
      "reason": "armijo_insufficient_decrease"
    },
    {
      "target_lambda": 0.27,
      "newton_check": 3,
      "factor": 0.25,
      "accepted": false,
      "minimum_J": 0.31948176521572186,
      "phi": 8.332960249646093e-05,
      "reason": "armijo_insufficient_decrease"
    },
    {
      "target_lambda": 0.27,
      "newton_check": 3,
      "factor": 0.125,
      "accepted": true,
      "minimum_J": 0.3216657088911904,
      "phi": 6.07448872267816e-05
    },
    {
      "target_lambda": 0.27,
      "newton_check": 4,
      "factor": 1.0,
      "accepted": false,
      "minimum_J": 0.30637758717754193,
      "phi": 0.0024572248062168845,
      "reason": "armijo_insufficient_decrease"
    },
    {
      "target_lambda": 0.27,
      "newton_check": 4,
      "factor": 0.5,
      "accepted": false,
      "minimum_J": 0.31403904317174586,
      "phi": 0.0002335465744393306,
      "reason": "armijo_insufficient_decrease"
    },
    {
      "target_lambda": 0.27,
      "newton_check": 4,
      "factor": 0.25,
      "accepted": false,
      "minimum_J": 0.31784991446658056,
      "phi": 6.806542486333227e-05,
      "reason": "armijo_insufficient_decrease"
    },
    {
      "target_lambda": 0.27,
      "newton_check": 4,
      "factor": 0.125,
      "accepted": true,
      "minimum_J": 0.3197571962876634,
      "phi": 5.4195376101035974e-05
    },
    {
      "target_lambda": 0.27,
      "newton_check": 5,
      "factor": 1.0,
      "accepted": false,
      "minimum_J": 0.3063915261080219,
      "phi": 0.0014370573686520794,
      "reason": "armijo_insufficient_decrease"
    },
    {
      "target_lambda": 0.27,
      "newton_check": 5,
      "factor": 0.5,
      "accepted": false,
      "minimum_J": 0.3130932168865988,
      "phi": 0.00015405176595728858,
      "reason": "armijo_insufficient_decrease"
    },
    {
      "target_lambda": 0.27,
      "newton_check": 5,
      "factor": 0.25,
      "accepted": false,
      "minimum_J": 0.3164233187669188,
      "phi": 5.510870039862494e-05,
      "reason": "armijo_insufficient_decrease"
    },
    {
      "target_lambda": 0.27,
      "newton_check": 5,
      "factor": 0.125,
      "accepted": true,
      "minimum_J": 0.3180897855722379,
      "phi": 4.7389329537931844e-05
    },
    {
      "target_lambda": 0.27,
      "newton_check": 6,
      "factor": 1.0,
      "accepted": false,
      "minimum_J": 0.3064000126079422,
      "phi": 0.0008413187551143586,
      "reason": "armijo_insufficient_decrease"
    },
    {
      "target_lambda": 0.27,
      "newton_check": 6,
      "factor": 0.5,
      "accepted": false,
      "minimum_J": 0.31226489338521185,
      "phi": 0.0001026581192551509,
      "reason": "armijo_insufficient_decrease"
    },
    {
      "target_lambda": 0.27,
      "newton_check": 6,
      "factor": 0.25,
      "accepted": true,
      "minimum_J": 0.3151758914650176,
      "phi": 4.4280314992170825e-05
    },
    {
      "target_lambda": 0.27,
      "newton_check": 7,
      "factor": 1.0,
      "accepted": false,
      "minimum_J": 0.30641400991963497,
      "phi": 0.0002653119271664819,
      "reason": "armijo_insufficient_decrease"
    },
    {
      "target_lambda": 0.27,
      "newton_check": 7,
      "factor": 0.5,
      "accepted": false,
      "minimum_J": 0.31081656780507116,
      "phi": 5.113432621029953e-05,
      "reason": "armijo_insufficient_decrease"
    },
    {
      "target_lambda": 0.27,
      "newton_check": 7,
      "factor": 0.25,
      "accepted": true,
      "minimum_J": 0.3129954127001665,
      "phi": 3.475053785086325e-05
    },
    {
      "target_lambda": 0.27,
      "newton_check": 8,
      "factor": 1.0,
      "accepted": false,
      "minimum_J": 0.30641605825812857,
      "phi": 8.404567127181642e-05,
      "reason": "armijo_insufficient_decrease"
    },
    {
      "target_lambda": 0.27,
      "newton_check": 8,
      "factor": 0.5,
      "accepted": true,
      "minimum_J": 0.30972732472283176,
      "phi": 2.618616122180449e-05
    },
    {
      "target_lambda": 0.27,
      "newton_check": 9,
      "factor": 1.0,
      "accepted": true,
      "minimum_J": 0.3064155574110386,
      "phi": 5.281180874061397e-06
    },
    {
      "target_lambda": 0.27,
      "newton_check": 10,
      "factor": 1.0,
      "accepted": true,
      "minimum_J": 0.30640904805734254,
      "phi": 2.0328588556359016e-16
    },
    {
      "target_lambda": 0.27,
      "newton_check": 11,
      "factor": 1.0,
      "accepted": true,
      "minimum_J": 0.3064090363409303,
      "phi": 5.7541391988884876e-24
    },
    {
      "target_lambda": 0.28,
      "newton_check": 1,
      "factor": 1.0,
      "accepted": false,
      "minimum_J": 0.283544190140386,
      "phi": 0.012042653511464087,
      "reason": "armijo_insufficient_decrease"
    },
    {
      "target_lambda": 0.28,
      "newton_check": 1,
      "factor": 0.5,
      "accepted": false,
      "minimum_J": 0.29498568978601697,
      "phi": 0.0008430996340448093,
      "reason": "armijo_insufficient_decrease"
    },
    {
      "target_lambda": 0.28,
      "newton_check": 1,
      "factor": 0.25,
      "accepted": false,
      "minimum_J": 0.3006930996848607,
      "phi": 0.00011892490010426193,
      "reason": "armijo_insufficient_decrease"
    },
    {
      "target_lambda": 0.28,
      "newton_check": 1,
      "factor": 0.125,
      "accepted": true,
      "minimum_J": 0.3035500021682431,
      "phi": 7.263545039436887e-05
    },
    {
      "target_lambda": 0.28,
      "newton_check": 2,
      "factor": 1.0,
      "accepted": false,
      "minimum_J": 0.2836035932425168,
      "phi": 0.0069968506821274585,
      "reason": "armijo_insufficient_decrease"
    },
    {
      "target_lambda": 0.28,
      "newton_check": 2,
      "factor": 0.5,
      "accepted": false,
      "minimum_J": 0.293587975670784,
      "phi": 0.0005380948633584385,
      "reason": "armijo_insufficient_decrease"
    },
    {
      "target_lambda": 0.28,
      "newton_check": 2,
      "factor": 0.25,
      "accepted": false,
      "minimum_J": 0.29856571600006676,
      "phi": 9.918207648537511e-05,
      "reason": "armijo_insufficient_decrease"
    },
    {
      "target_lambda": 0.28,
      "newton_check": 2,
      "factor": 0.125,
      "accepted": true,
      "minimum_J": 0.301057040854293,
      "phi": 6.636134999167876e-05
    },
    {
      "target_lambda": 0.28,
      "newton_check": 3,
      "factor": 1.0,
      "accepted": false,
      "minimum_J": 0.2836416924921469,
      "phi": 0.004076678052489518,
      "reason": "armijo_insufficient_decrease"
    },
    {
      "target_lambda": 0.28,
      "newton_check": 3,
      "factor": 0.5,
      "accepted": false,
      "minimum_J": 0.2923622170567538,
      "phi": 0.00034741961552886655,
      "reason": "armijo_insufficient_decrease"
    },
    {
      "target_lambda": 0.28,
      "newton_check": 3,
      "factor": 0.25,
      "accepted": false,
      "minimum_J": 0.2967071151179957,
      "phi": 8.177212394541056e-05,
      "reason": "armijo_insufficient_decrease"
    },
    {
      "target_lambda": 0.28,
      "newton_check": 3,
      "factor": 0.125,
      "accepted": true,
      "minimum_J": 0.2988814495267636,
      "phi": 6.0122589907288204e-05
    },
    {
      "target_lambda": 0.28,
      "newton_check": 4,
      "factor": 1.0,
      "accepted": false,
      "minimum_J": 0.28366601349631293,
      "phi": 0.0023801257195274826,
      "reason": "armijo_insufficient_decrease"
    },
    {
      "target_lambda": 0.28,
      "newton_check": 4,
      "factor": 0.5,
      "accepted": false,
      "minimum_J": 0.2912879067508822,
      "phi": 0.0002267858079813943,
      "reason": "armijo_insufficient_decrease"
    },
    {
      "target_lambda": 0.28,
      "newton_check": 4,
      "factor": 0.25,
      "accepted": false,
      "minimum_J": 0.2950827468712316,
      "phi": 6.674442913103802e-05,
      "reason": "armijo_insufficient_decrease"
    },
    {
      "target_lambda": 0.28,
      "newton_check": 4,
      "factor": 0.125,
      "accepted": true,
      "minimum_J": 0.2969816153820996,
      "phi": 5.350476444303338e-05
    },
    {
      "target_lambda": 0.28,
      "newton_check": 5,
      "factor": 1.0,
      "accepted": false,
      "minimum_J": 0.2836814324151995,
      "phi": 0.001391670959109323,
      "reason": "armijo_insufficient_decrease"
    },
    {
      "target_lambda": 0.28,
      "newton_check": 5,
      "factor": 0.5,
      "accepted": false,
      "minimum_J": 0.29034674439261815,
      "phi": 0.0001496115076969249,
      "reason": "armijo_insufficient_decrease"
    },
    {
      "target_lambda": 0.28,
      "newton_check": 5,
      "factor": 0.25,
      "accepted": false,
      "minimum_J": 0.2936626961017646,
      "phi": 5.400640090384054e-05,
      "reason": "armijo_insufficient_decrease"
    },
    {
      "target_lambda": 0.28,
      "newton_check": 5,
      "factor": 0.125,
      "accepted": true,
      "minimum_J": 0.295321784795534,
      "phi": 4.669301408110504e-05
    },
    {
      "target_lambda": 0.28,
      "newton_check": 6,
      "factor": 1.0,
      "accepted": false,
      "minimum_J": 0.28369111486469045,
      "phi": 0.0008145808176853523,
      "reason": "armijo_insufficient_decrease"
    },
    {
      "target_lambda": 0.28,
      "newton_check": 6,
      "factor": 0.5,
      "accepted": false,
      "minimum_J": 0.2895224920244016,
      "phi": 9.971544978762932e-05,
      "reason": "armijo_insufficient_decrease"
    },
    {
      "target_lambda": 0.28,
      "newton_check": 6,
      "factor": 0.25,
      "accepted": true,
      "minimum_J": 0.2924209985014858,
      "phi": 4.337267215996147e-05
    },
    {
      "target_lambda": 0.28,
      "newton_check": 7,
      "factor": 1.0,
      "accepted": false,
      "minimum_J": 0.2837067813490873,
      "phi": 0.0002567843321605338,
      "reason": "armijo_insufficient_decrease"
    },
    {
      "target_lambda": 0.28,
      "newton_check": 7,
      "factor": 0.5,
      "accepted": false,
      "minimum_J": 0.2880811062004233,
      "phi": 4.9673356861913165e-05,
      "reason": "armijo_insufficient_decrease"
    },
    {
      "target_lambda": 0.28,
      "newton_check": 7,
      "factor": 0.25,
      "accepted": true,
      "minimum_J": 0.29025040725680357,
      "phi": 3.394377669749442e-05
    },
    {
      "target_lambda": 0.28,
      "newton_check": 8,
      "factor": 1.0,
      "accepted": false,
      "minimum_J": 0.283709932954712,
      "phi": 8.131469573963607e-05,
      "reason": "armijo_insufficient_decrease"
    },
    {
      "target_lambda": 0.28,
      "newton_check": 8,
      "factor": 0.5,
      "accepted": true,
      "minimum_J": 0.28699809598883846,
      "phi": 2.5440676558920778e-05
    },
    {
      "target_lambda": 0.28,
      "newton_check": 9,
      "factor": 1.0,
      "accepted": true,
      "minimum_J": 0.2837105738807715,
      "phi": 5.1056041096443204e-06
    },
    {
      "target_lambda": 0.28,
      "newton_check": 10,
      "factor": 1.0,
      "accepted": true,
      "minimum_J": 0.28370462948586445,
      "phi": 1.6429334650857575e-16
    },
    {
      "target_lambda": 0.28,
      "newton_check": 11,
      "factor": 1.0,
      "accepted": true,
      "minimum_J": 0.2837046186207724,
      "phi": 4.7511659108498185e-24
    },
    {
      "target_lambda": 0.29,
      "newton_check": 1,
      "factor": 1.0,
      "accepted": false,
      "minimum_J": 0.26099796031603323,
      "phi": 0.011645248528114674,
      "reason": "armijo_insufficient_decrease"
    },
    {
      "target_lambda": 0.29,
      "newton_check": 1,
      "factor": 0.5,
      "accepted": false,
      "minimum_J": 0.2723384528565634,
      "phi": 0.000816771817392425,
      "reason": "armijo_insufficient_decrease"
    },
    {
      "target_lambda": 0.29,
      "newton_check": 1,
      "factor": 0.25,
      "accepted": false,
      "minimum_J": 0.27801832658570735,
      "phi": 0.00011681545170544724,
      "reason": "armijo_insufficient_decrease"
    },
    {
      "target_lambda": 0.29,
      "newton_check": 1,
      "factor": 0.125,
      "accepted": true,
      "minimum_J": 0.2808606703150001,
      "phi": 7.237605283811123e-05
    },
    {
      "target_lambda": 0.29,
      "newton_check": 2,
      "factor": 1.0,
      "accepted": false,
      "minimum_J": 0.26105657352770834,
      "phi": 0.0067644557282555105,
      "reason": "armijo_insufficient_decrease"
    },
    {
      "target_lambda": 0.29,
      "newton_check": 2,
      "factor": 0.5,
      "accepted": false,
      "minimum_J": 0.27094872387091534,
      "phi": 0.0005213203674231259,
      "reason": "armijo_insufficient_decrease"
    },
    {
      "target_lambda": 0.29,
      "newton_check": 2,
      "factor": 0.25,
      "accepted": false,
      "minimum_J": 0.2759022225803482,
      "phi": 9.730973770589413e-05,
      "reason": "armijo_insufficient_decrease"
    },
    {
      "target_lambda": 0.29,
      "newton_check": 2,
      "factor": 0.125,
      "accepted": true,
      "minimum_J": 0.278380827819521,
      "phi": 6.586729096420127e-05
    },
    {
      "target_lambda": 0.29,
      "newton_check": 3,
      "factor": 1.0,
      "accepted": false,
      "minimum_J": 0.2610943988645979,
      "phi": 0.003940342173848799,
      "reason": "armijo_insufficient_decrease"
    },
    {
      "target_lambda": 0.29,
      "newton_check": 3,
      "factor": 0.5,
      "accepted": false,
      "minimum_J": 0.2697299815728071,
      "phi": 0.00033661451734928255,
      "reason": "armijo_insufficient_decrease"
    },
    {
      "target_lambda": 0.29,
      "newton_check": 3,
      "factor": 0.25,
      "accepted": false,
      "minimum_J": 0.2740534967538503,
      "phi": 8.015174776550454e-05,
      "reason": "armijo_insufficient_decrease"
    },
    {
      "target_lambda": 0.29,
      "newton_check": 3,
      "factor": 0.125,
      "accepted": true,
      "minimum_J": 0.27621668530110804,
      "phi": 5.9474839311582705e-05
    },
    {
      "target_lambda": 0.29,
      "newton_check": 4,
      "factor": 1.0,
      "accepted": false,
      "minimum_J": 0.2611187303300977,
      "phi": 0.0022999764392793273,
      "reason": "armijo_insufficient_decrease"
    },
    {
      "target_lambda": 0.29,
      "newton_check": 4,
      "factor": 0.5,
      "accepted": false,
      "minimum_J": 0.2686618249245635,
      "phi": 0.00021975591369094698,
      "reason": "armijo_insufficient_decrease"
    },
    {
      "target_lambda": 0.29,
      "newton_check": 4,
      "factor": 0.25,
      "accepted": false,
      "minimum_J": 0.27243778439007643,
      "phi": 6.53701379569159e-05,
      "reason": "armijo_insufficient_decrease"
    },
    {
      "target_lambda": 0.29,
      "newton_check": 4,
      "factor": 0.125,
      "accepted": true,
      "minimum_J": 0.27432686716490323,
      "phi": 5.278602448558559e-05
    },
    {
      "target_lambda": 0.29,
      "newton_check": 5,
      "factor": 1.0,
      "accepted": false,
      "minimum_J": 0.26113430453170183,
      "phi": 0.0013444917720652559,
      "reason": "armijo_insufficient_decrease"
    },
    {
      "target_lambda": 0.29,
      "newton_check": 5,
      "factor": 0.5,
      "accepted": false,
      "minimum_J": 0.2677260527659486,
      "phi": 0.00014499460505926255,
      "reason": "armijo_insufficient_decrease"
    },
    {
      "target_lambda": 0.29,
      "newton_check": 5,
      "factor": 0.25,
      "accepted": false,
      "minimum_J": 0.2710253266948376,
      "phi": 5.285968021413544e-05,
      "reason": "armijo_insufficient_decrease"
    },
    {
      "target_lambda": 0.29,
      "newton_check": 5,
      "factor": 0.125,
      "accepted": true,
      "minimum_J": 0.27267581361222265,
      "phi": 4.596842485144378e-05
    },
    {
      "target_lambda": 0.29,
      "newton_check": 6,
      "factor": 1.0,
      "accepted": false,
      "minimum_J": 0.26114420471496164,
      "phi": 0.0007867888738591816,
      "reason": "armijo_insufficient_decrease"
    },
    {
      "target_lambda": 0.29,
      "newton_check": 6,
      "factor": 0.5,
      "accepted": false,
      "minimum_J": 0.2669065177272354,
      "phi": 9.665581719105407e-05,
      "reason": "armijo_insufficient_decrease"
    },
    {
      "target_lambda": 0.29,
      "newton_check": 6,
      "factor": 0.25,
      "accepted": true,
      "minimum_J": 0.26979029281063965,
      "phi": 4.242849499522619e-05
    },
    {
      "target_lambda": 0.29,
      "newton_check": 7,
      "factor": 1.0,
      "accepted": false,
      "minimum_J": 0.26116011831245917,
      "phi": 0.0002479214956439249,
      "reason": "armijo_insufficient_decrease"
    },
    {
      "target_lambda": 0.29,
      "newton_check": 7,
      "factor": 0.5,
      "accepted": false,
      "minimum_J": 0.26547321997572515,
      "phi": 4.815436746649816e-05,
      "reason": "armijo_insufficient_decrease"
    },
    {
      "target_lambda": 0.29,
      "newton_check": 7,
      "factor": 0.25,
      "accepted": true,
      "minimum_J": 0.26763125999672593,
      "phi": 3.310467824629007e-05
    },
    {
      "target_lambda": 0.29,
      "newton_check": 8,
      "factor": 1.0,
      "accepted": false,
      "minimum_J": 0.26116366406780556,
      "phi": 7.847695722378697e-05,
      "reason": "armijo_insufficient_decrease"
    },
    {
      "target_lambda": 0.29,
      "newton_check": 8,
      "factor": 0.5,
      "accepted": true,
      "minimum_J": 0.2643963340277668,
      "phi": 2.4665644858721114e-05
    },
    {
      "target_lambda": 0.29,
      "newton_check": 9,
      "factor": 1.0,
      "accepted": true,
      "minimum_J": 0.26116480109148443,
      "phi": 4.9232566885373335e-06
    },
    {
      "target_lambda": 0.29,
      "newton_check": 10,
      "factor": 1.0,
      "accepted": true,
      "minimum_J": 0.2611592993088131,
      "phi": 1.2962422275163855e-16
    },
    {
      "target_lambda": 0.29,
      "newton_check": 11,
      "factor": 1.0,
      "accepted": true,
      "minimum_J": 0.2611592894534027,
      "phi": 4.304827484005131e-24
    },
    {
      "target_lambda": 0.30000000000000004,
      "newton_check": 1,
      "factor": 1.0,
      "accepted": false,
      "minimum_J": 0.23860878957571574,
      "phi": 0.011232314712297535,
      "reason": "armijo_insufficient_decrease"
    },
    {
      "target_lambda": 0.30000000000000004,
      "newton_check": 1,
      "factor": 0.5,
      "accepted": false,
      "minimum_J": 0.2498892722960027,
      "phi": 0.0007894098651826876,
      "reason": "armijo_insufficient_decrease"
    },
    {
      "target_lambda": 0.30000000000000004,
      "newton_check": 1,
      "factor": 0.25,
      "accepted": false,
      "minimum_J": 0.25553640088268204,
      "phi": 0.00011462144170608117,
      "reason": "armijo_insufficient_decrease"
    },
    {
      "target_lambda": 0.30000000000000004,
      "newton_check": 1,
      "factor": 0.125,
      "accepted": true,
      "minimum_J": 0.258361686982654,
      "phi": 7.210588084335925e-05
    },
    {
      "target_lambda": 0.30000000000000004,
      "newton_check": 2,
      "factor": 1.0,
      "accepted": false,
      "minimum_J": 0.23867034627531147,
      "phi": 0.006522937376113705,
      "reason": "armijo_insufficient_decrease"
    },
    {
      "target_lambda": 0.30000000000000004,
      "newton_check": 2,
      "factor": 0.5,
      "accepted": false,
      "minimum_J": 0.24850888559130604,
      "phi": 0.000503883646881223,
      "reason": "armijo_insufficient_decrease"
    },
    {
      "target_lambda": 0.30000000000000004,
      "newton_check": 2,
      "factor": 0.25,
      "accepted": false,
      "minimum_J": 0.25343350352756205,
      "phi": 9.53621654843095e-05,
      "reason": "armijo_insufficient_decrease"
    },
    {
      "target_lambda": 0.30000000000000004,
      "newton_check": 2,
      "factor": 0.125,
      "accepted": true,
      "minimum_J": 0.2558971495652526,
      "phi": 6.535296718276441e-05
    },
    {
      "target_lambda": 0.30000000000000004,
      "newton_check": 3,
      "factor": 1.0,
      "accepted": false,
      "minimum_J": 0.23871066338931834,
      "phi": 0.003798640548382726,
      "reason": "armijo_insufficient_decrease"
    },
    {
      "target_lambda": 0.30000000000000004,
      "newton_check": 3,
      "factor": 0.5,
      "accepted": false,
      "minimum_J": 0.2472983746168078,
      "phi": 0.00032538160016344034,
      "reason": "armijo_insufficient_decrease"
    },
    {
      "target_lambda": 0.30000000000000004,
      "newton_check": 3,
      "factor": 0.25,
      "accepted": false,
      "minimum_J": 0.25159637912591015,
      "phi": 7.846621393276425e-05,
      "reason": "armijo_insufficient_decrease"
    },
    {
      "target_lambda": 0.30000000000000004,
      "newton_check": 3,
      "factor": 0.125,
      "accepted": true,
      "minimum_J": 0.25374641860430114,
      "phi": 5.880069276926421e-05
    },
    {
      "target_lambda": 0.30000000000000004,
      "newton_check": 4,
      "factor": 1.0,
      "accepted": false,
      "minimum_J": 0.2387370640112544,
      "phi": 0.002216669543360765,
      "reason": "armijo_insufficient_decrease"
    },
    {
      "target_lambda": 0.30000000000000004,
      "newton_check": 4,
      "factor": 0.5,
      "accepted": false,
      "minimum_J": 0.2462374546779123,
      "phi": 0.0002124472426218472,
      "reason": "armijo_insufficient_decrease"
    },
    {
      "target_lambda": 0.30000000000000004,
      "newton_check": 4,
      "factor": 0.25,
      "accepted": false,
      "minimum_J": 0.2499908649836407,
      "phi": 6.394058800943143e-05,
      "reason": "armijo_insufficient_decrease"
    },
    {
      "target_lambda": 0.30000000000000004,
      "newton_check": 4,
      "factor": 0.125,
      "accepted": true,
      "minimum_J": 0.2518683738796031,
      "phi": 5.203811252679944e-05
    },
    {
      "target_lambda": 0.30000000000000004,
      "newton_check": 5,
      "factor": 1.0,
      "accepted": false,
      "minimum_J": 0.23875433211054206,
      "phi": 0.0012954539118531809,
      "reason": "armijo_insufficient_decrease"
    },
    {
      "target_lambda": 0.30000000000000004,
      "newton_check": 5,
      "factor": 0.5,
      "accepted": false,
      "minimum_J": 0.24530803490942005,
      "phi": 0.0001401944886957389,
      "reason": "armijo_insufficient_decrease"
    },
    {
      "target_lambda": 0.30000000000000004,
      "newton_check": 5,
      "factor": 0.25,
      "accepted": true,
      "minimum_J": 0.24858737487309793,
      "phi": 5.1666871944139195e-05
    },
    {
      "target_lambda": 0.30000000000000004,
      "newton_check": 6,
      "factor": 1.0,
      "accepted": false,
      "minimum_J": 0.23878156756676494,
      "phi": 0.00040706726032054675,
      "reason": "armijo_insufficient_decrease"
    },
    {
      "target_lambda": 0.30000000000000004,
      "newton_check": 6,
      "factor": 0.5,
      "accepted": false,
      "minimum_J": 0.24368256660461532,
      "phi": 6.913511515880402e-05,
      "reason": "armijo_insufficient_decrease"
    },
    {
      "target_lambda": 0.30000000000000004,
      "newton_check": 6,
      "factor": 0.25,
      "accepted": true,
      "minimum_J": 0.24613449458502737,
      "phi": 4.2195055152735404e-05
    },
    {
      "target_lambda": 0.30000000000000004,
      "newton_check": 7,
      "factor": 1.0,
      "accepted": false,
      "minimum_J": 0.23878906152904886,
      "phi": 0.00012870752126747082,
      "reason": "armijo_insufficient_decrease"
    },
    {
      "target_lambda": 0.30000000000000004,
      "newton_check": 7,
      "factor": 0.5,
      "accepted": true,
      "minimum_J": 0.24246068815278826,
      "phi": 3.5148697594584016e-05
    },
    {
      "target_lambda": 0.30000000000000004,
      "newton_check": 8,
      "factor": 1.0,
      "accepted": true,
      "minimum_J": 0.23879301126826039,
      "phi": 8.063303426960133e-06
    },
    {
      "target_lambda": 0.30000000000000004,
      "newton_check": 9,
      "factor": 1.0,
      "accepted": true,
      "minimum_J": 0.23878586303178428,
      "phi": 4.0982608334766354e-16
    },
    {
      "target_lambda": 0.30000000000000004,
      "newton_check": 10,
      "factor": 1.0,
      "accepted": true,
      "minimum_J": 0.23878584627577998,
      "phi": 5.270821274669688e-24
    },
    {
      "target_lambda": 0.31,
      "newton_check": 1,
      "factor": 1.0,
      "accepted": false,
      "minimum_J": 0.21651812468534942,
      "phi": 0.010803121826330234,
      "reason": "armijo_insufficient_decrease"
    },
    {
      "target_lambda": 0.31,
      "newton_check": 1,
      "factor": 0.5,
      "accepted": false,
      "minimum_J": 0.22770345290109464,
      "phi": 0.0007609641951128976,
      "reason": "armijo_insufficient_decrease"
    },
    {
      "target_lambda": 0.31,
      "newton_check": 1,
      "factor": 0.25,
      "accepted": false,
      "minimum_J": 0.23324206122487465,
      "phi": 0.00011233853266236752,
      "reason": "armijo_insufficient_decrease"
    },
    {
      "target_lambda": 0.31,
      "newton_check": 1,
      "factor": 0.125,
      "accepted": true,
      "minimum_J": 0.23601330665943668,
      "phi": 7.182432215408936e-05
    },
    {
      "target_lambda": 0.31,
      "newton_check": 2,
      "factor": 1.0,
      "accepted": false,
      "minimum_J": 0.21658282771823545,
      "phi": 0.006271837122194168,
      "reason": "armijo_insufficient_decrease"
    },
    {
      "target_lambda": 0.31,
      "newton_check": 2,
      "factor": 0.5,
      "accepted": false,
      "minimum_J": 0.22635034737644147,
      "phi": 0.0004857508454157076,
      "reason": "armijo_insufficient_decrease"
    },
    {
      "target_lambda": 0.31,
      "newton_check": 2,
      "factor": 0.25,
      "accepted": false,
      "minimum_J": 0.23117981791957512,
      "phi": 9.333532829592465e-05,
      "reason": "armijo_insufficient_decrease"
    },
    {
      "target_lambda": 0.31,
      "newton_check": 2,
      "factor": 0.125,
      "accepted": true,
      "minimum_J": 0.23359606001491526,
      "phi": 6.481724441059116e-05
    },
    {
      "target_lambda": 0.31,
      "newton_check": 3,
      "factor": 1.0,
      "accepted": false,
      "minimum_J": 0.21662582929418125,
      "phi": 0.0036512888653914815,
      "reason": "armijo_insufficient_decrease"
    },
    {
      "target_lambda": 0.31,
      "newton_check": 3,
      "factor": 0.5,
      "accepted": false,
      "minimum_J": 0.22515449637358265,
      "phi": 0.00031369788594569884,
      "reason": "armijo_insufficient_decrease"
    },
    {
      "target_lambda": 0.31,
      "newton_check": 3,
      "factor": 0.25,
      "accepted": false,
      "minimum_J": 0.22937843262793742,
      "phi": 7.671192492245269e-05,
      "reason": "armijo_insufficient_decrease"
    },
    {
      "target_lambda": 0.31,
      "newton_check": 3,
      "factor": 0.125,
      "accepted": true,
      "minimum_J": 0.23148685689069629,
      "phi": 5.8098672900082373e-05
    },
    {
      "target_lambda": 0.31,
      "newton_check": 4,
      "factor": 1.0,
      "accepted": false,
      "minimum_J": 0.21665447224417153,
      "phi": 0.0021300303953270573,
      "reason": "armijo_insufficient_decrease"
    },
    {
      "target_lambda": 0.31,
      "newton_check": 4,
      "factor": 0.5,
      "accepted": false,
      "minimum_J": 0.2241022700301872,
      "phi": 0.00020484423704350815,
      "reason": "armijo_insufficient_decrease"
    },
    {
      "target_lambda": 0.31,
      "newton_check": 4,
      "factor": 0.25,
      "accepted": false,
      "minimum_J": 0.22780433343154366,
      "phi": 6.245266230374244e-05,
      "reason": "armijo_insufficient_decrease"
    },
    {
      "target_lambda": 0.31,
      "newton_check": 4,
      "factor": 0.125,
      "accepted": true,
      "minimum_J": 0.22964529356343266,
      "phi": 5.125938687143789e-05
    },
    {
      "target_lambda": 0.31,
      "newton_check": 5,
      "factor": 1.0,
      "accepted": false,
      "minimum_J": 0.2166735844499382,
      "phi": 0.0012444509011298227,
      "reason": "armijo_insufficient_decrease"
    },
    {
      "target_lambda": 0.31,
      "newton_check": 5,
      "factor": 0.5,
      "accepted": false,
      "minimum_J": 0.22318049371387602,
      "phi": 0.00013520062352917743,
      "reason": "armijo_insufficient_decrease"
    },
    {
      "target_lambda": 0.31,
      "newton_check": 5,
      "factor": 0.25,
      "accepted": true,
      "minimum_J": 0.22642845157077351,
      "phi": 5.042533482875753e-05
    },
    {
      "target_lambda": 0.31,
      "newton_check": 6,
      "factor": 1.0,
      "accepted": false,
      "minimum_J": 0.21670341810446966,
      "phi": 0.0003908279937532708,
      "reason": "armijo_insufficient_decrease"
    },
    {
      "target_lambda": 0.31,
      "newton_check": 6,
      "factor": 0.5,
      "accepted": false,
      "minimum_J": 0.22156821602352647,
      "phi": 6.667750524229405e-05,
      "reason": "armijo_insufficient_decrease"
    },
    {
      "target_lambda": 0.31,
      "newton_check": 6,
      "factor": 0.25,
      "accepted": true,
      "minimum_J": 0.2240016000001028,
      "phi": 4.100865509481869e-05
    },
    {
      "target_lambda": 0.31,
      "newton_check": 7,
      "factor": 1.0,
      "accepted": false,
      "minimum_J": 0.21671268155724846,
      "phi": 0.00012350636891475452,
      "reason": "armijo_insufficient_decrease"
    },
    {
      "target_lambda": 0.31,
      "newton_check": 7,
      "factor": 0.5,
      "accepted": true,
      "minimum_J": 0.22035638171484953,
      "phi": 3.3902537882004584e-05
    },
    {
      "target_lambda": 0.31,
      "newton_check": 8,
      "factor": 1.0,
      "accepted": true,
      "minimum_J": 0.21671849530783519,
      "phi": 7.728485438357307e-06
    },
    {
      "target_lambda": 0.31,
      "newton_check": 9,
      "factor": 1.0,
      "accepted": true,
      "minimum_J": 0.21671229750100773,
      "phi": 3.0535419273964274e-16
    },
    {
      "target_lambda": 0.31,
      "newton_check": 10,
      "factor": 1.0,
      "accepted": true,
      "minimum_J": 0.21671228241098692,
      "phi": 5.8103450311560085e-24
    },
    {
      "target_lambda": 0.32,
      "newton_check": 1,
      "factor": 1.0,
      "accepted": false,
      "minimum_J": 0.19473399415954085,
      "phi": 0.010356527921926982,
      "reason": "armijo_insufficient_decrease"
    },
    {
      "target_lambda": 0.32,
      "newton_check": 1,
      "factor": 0.5,
      "accepted": false,
      "minimum_J": 0.20571578160069232,
      "phi": 0.0007313576935133058,
      "reason": "armijo_insufficient_decrease"
    },
    {
      "target_lambda": 0.32,
      "newton_check": 1,
      "factor": 0.25,
      "accepted": false,
      "minimum_J": 0.21121219283469678,
      "phi": 0.0001099601057736862,
      "reason": "armijo_insufficient_decrease"
    },
    {
      "target_lambda": 0.32,
      "newton_check": 1,
      "factor": 0.125,
      "accepted": true,
      "minimum_J": 0.21396177783005552,
      "phi": 7.153046768291533e-05
    },
    {
      "target_lambda": 0.32,
      "newton_check": 2,
      "factor": 1.0,
      "accepted": false,
      "minimum_J": 0.19479966295929813,
      "phi": 0.006010446464976416,
      "reason": "armijo_insufficient_decrease"
    },
    {
      "target_lambda": 0.32,
      "newton_check": 2,
      "factor": 0.5,
      "accepted": false,
      "minimum_J": 0.20437495279518308,
      "phi": 0.0004668698997268836,
      "reason": "armijo_insufficient_decrease"
    },
    {
      "target_lambda": 0.32,
      "newton_check": 2,
      "factor": 0.25,
      "accepted": false,
      "minimum_J": 0.20916692341274465,
      "phi": 9.122311121383648e-05,
      "reason": "armijo_insufficient_decrease"
    },
    {
      "target_lambda": 0.32,
      "newton_check": 2,
      "factor": 0.125,
      "accepted": true,
      "minimum_J": 0.21156399014643315,
      "phi": 6.42584259768698e-05
    },
    {
      "target_lambda": 0.32,
      "newton_check": 3,
      "factor": 1.0,
      "accepted": false,
      "minimum_J": 0.19484379415745753,
      "phi": 0.0034978516505798675,
      "reason": "armijo_insufficient_decrease"
    },
    {
      "target_lambda": 0.32,
      "newton_check": 3,
      "factor": 0.5,
      "accepted": false,
      "minimum_J": 0.20319938243890914,
      "phi": 0.00030152832481077215,
      "reason": "armijo_insufficient_decrease"
    },
    {
      "target_lambda": 0.32,
      "newton_check": 3,
      "factor": 0.25,
      "accepted": false,
      "minimum_J": 0.20738055886441237,
      "phi": 7.488344524243248e-05,
      "reason": "armijo_insufficient_decrease"
    },
    {
      "target_lambda": 0.32,
      "newton_check": 3,
      "factor": 0.125,
      "accepted": true,
      "minimum_J": 0.20947199264835784,
      "phi": 5.7366563192288574e-05
    },
    {
      "target_lambda": 0.32,
      "newton_check": 4,
      "factor": 1.0,
      "accepted": false,
      "minimum_J": 0.19487356394560096,
      "phi": 0.002039793307336843,
      "reason": "armijo_insufficient_decrease"
    },
    {
      "target_lambda": 0.32,
      "newton_check": 4,
      "factor": 0.5,
      "accepted": false,
      "minimum_J": 0.20216926060147866,
      "phi": 0.00019692330750380746,
      "reason": "armijo_insufficient_decrease"
    },
    {
      "target_lambda": 0.32,
      "newton_check": 4,
      "factor": 0.25,
      "accepted": false,
      "minimum_J": 0.20581974720104165,
      "phi": 6.0901663873566165e-05,
      "reason": "armijo_insufficient_decrease"
    },
    {
      "target_lambda": 0.32,
      "newton_check": 4,
      "factor": 0.125,
      "accepted": true,
      "minimum_J": 0.20764565006873106,
      "phi": 5.044738184311672e-05
    },
    {
      "target_lambda": 0.32,
      "newton_check": 5,
      "factor": 1.0,
      "accepted": false,
      "minimum_J": 0.19489371548448284,
      "phi": 0.00119132160771116,
      "reason": "armijo_insufficient_decrease"
    },
    {
      "target_lambda": 0.32,
      "newton_check": 5,
      "factor": 0.5,
      "accepted": false,
      "minimum_J": 0.20126694479426852,
      "phi": 0.00012999710790914112,
      "reason": "armijo_insufficient_decrease"
    },
    {
      "target_lambda": 0.32,
      "newton_check": 5,
      "factor": 0.25,
      "accepted": true,
      "minimum_J": 0.20445561293591588,
      "phi": 4.9131096368007705e-05
    },
    {
      "target_lambda": 0.32,
      "newton_check": 6,
      "factor": 1.0,
      "accepted": false,
      "minimum_J": 0.19492497190773922,
      "phi": 0.0003739055470529864,
      "reason": "armijo_insufficient_decrease"
    },
    {
      "target_lambda": 0.32,
      "newton_check": 6,
      "factor": 0.5,
      "accepted": false,
      "minimum_J": 0.19968870486458265,
      "phi": 6.411600177397954e-05,
      "reason": "armijo_insufficient_decrease"
    },
    {
      "target_lambda": 0.32,
      "newton_check": 6,
      "factor": 0.25,
      "accepted": true,
      "minimum_J": 0.20207176201093777,
      "phi": 3.977193054780942e-05
    },
    {
      "target_lambda": 0.32,
      "newton_check": 7,
      "factor": 1.0,
      "accepted": false,
      "minimum_J": 0.19493546510712995,
      "phi": 0.00011808601748185506,
      "reason": "armijo_insufficient_decrease"
    },
    {
      "target_lambda": 0.32,
      "newton_check": 7,
      "factor": 0.5,
      "accepted": true,
      "minimum_J": 0.1985026987762048,
      "phi": 3.260361294164584e-05
    },
    {
      "target_lambda": 0.32,
      "newton_check": 8,
      "factor": 1.0,
      "accepted": true,
      "minimum_J": 0.19494267680751848,
      "phi": 7.379566811254557e-06
    },
    {
      "target_lambda": 0.32,
      "newton_check": 9,
      "factor": 1.0,
      "accepted": true,
      "minimum_J": 0.1949373965808395,
      "phi": 2.1733099013386323e-16
    },
    {
      "target_lambda": 0.32,
      "newton_check": 10,
      "factor": 1.0,
      "accepted": true,
      "minimum_J": 0.19493738339130068,
      "phi": 5.098846040519227e-24
    },
    {
      "target_lambda": 0.33,
      "newton_check": 1,
      "factor": 1.0,
      "accepted": false,
      "minimum_J": 0.1732813981390284,
      "phi": 0.009890863939736125,
      "reason": "armijo_insufficient_decrease"
    },
    {
      "target_lambda": 0.33,
      "newton_check": 1,
      "factor": 0.5,
      "accepted": false,
      "minimum_J": 0.1841595450797968,
      "phi": 0.0007004778882706033,
      "reason": "armijo_insufficient_decrease"
    },
    {
      "target_lambda": 0.33,
      "newton_check": 1,
      "factor": 0.25,
      "accepted": false,
      "minimum_J": 0.18955554298602678,
      "phi": 0.00010747658020265499,
      "reason": "armijo_insufficient_decrease"
    },
    {
      "target_lambda": 0.33,
      "newton_check": 1,
      "factor": 0.125,
      "accepted": true,
      "minimum_J": 0.19224591289576767,
      "phi": 7.122301624736763e-05
    },
    {
      "target_lambda": 0.33,
      "newton_check": 2,
      "factor": 1.0,
      "accepted": false,
      "minimum_J": 0.1733521693147055,
      "phi": 0.005737741231805179,
      "reason": "armijo_insufficient_decrease"
    },
    {
      "target_lambda": 0.33,
      "newton_check": 2,
      "factor": 0.5,
      "accepted": false,
      "minimum_J": 0.18283449733655008,
      "phi": 0.0004471656570822773,
      "reason": "armijo_insufficient_decrease"
    },
    {
      "target_lambda": 0.33,
      "newton_check": 2,
      "factor": 0.25,
      "accepted": false,
      "minimum_J": 0.18755527669643762,
      "phi": 8.9016723345172e-05,
      "reason": "armijo_insufficient_decrease"
    },
    {
      "target_lambda": 0.33,
      "newton_check": 2,
      "factor": 0.125,
      "accepted": true,
      "minimum_J": 0.18990016488150366,
      "phi": 6.367408138990705e-05
    },
    {
      "target_lambda": 0.33,
      "newton_check": 3,
      "factor": 1.0,
      "accepted": false,
      "minimum_J": 0.17340060810180316,
      "phi": 0.003337705037182847,
      "reason": "armijo_insufficient_decrease"
    },
    {
      "target_lambda": 0.33,
      "newton_check": 3,
      "factor": 0.5,
      "accepted": false,
      "minimum_J": 0.181672912229495,
      "phi": 0.0002888227299477968,
      "reason": "armijo_insufficient_decrease"
    },
    {
      "target_lambda": 0.33,
      "newton_check": 3,
      "factor": 0.25,
      "accepted": false,
      "minimum_J": 0.18580860771113306,
      "phi": 7.297299890835465e-05,
      "reason": "armijo_insufficient_decrease"
    },
    {
      "target_lambda": 0.33,
      "newton_check": 3,
      "factor": 0.125,
      "accepted": true,
      "minimum_J": 0.18785405121067875,
      "phi": 5.660119169530011e-05
    },
    {
      "target_lambda": 0.33,
      "newton_check": 4,
      "factor": 1.0,
      "accepted": false,
      "minimum_J": 0.1734339527256109,
      "phi": 0.0019455804971112152,
      "reason": "armijo_insufficient_decrease"
    },
    {
      "target_lambda": 0.33,
      "newton_check": 4,
      "factor": 0.5,
      "accepted": false,
      "minimum_J": 0.1806551505096033,
      "phi": 0.0001886508931239458,
      "reason": "armijo_insufficient_decrease"
    },
    {
      "target_lambda": 0.33,
      "newton_check": 4,
      "factor": 0.25,
      "accepted": false,
      "minimum_J": 0.18426750793706914,
      "phi": 5.928089804222895e-05,
      "reason": "armijo_insufficient_decrease"
    },
    {
      "target_lambda": 0.33,
      "newton_check": 4,
      "factor": 0.125,
      "accepted": true,
      "minimum_J": 0.1860681609952093,
      "phi": 4.959857464730676e-05
    },
    {
      "target_lambda": 0.33,
      "newton_check": 5,
      "factor": 1.0,
      "accepted": false,
      "minimum_J": 0.17345703240283655,
      "phi": 0.0011358383742397155,
      "reason": "armijo_insufficient_decrease"
    },
    {
      "target_lambda": 0.33,
      "newton_check": 5,
      "factor": 0.5,
      "accepted": false,
      "minimum_J": 0.1797637355574501,
      "phi": 0.00012456143440601363,
      "reason": "armijo_insufficient_decrease"
    },
    {
      "target_lambda": 0.33,
      "newton_check": 5,
      "factor": 0.25,
      "accepted": true,
      "minimum_J": 0.18291846997448322,
      "phi": 4.777851066662608e-05
    },
    {
      "target_lambda": 0.33,
      "newton_check": 6,
      "factor": 1.0,
      "accepted": false,
      "minimum_J": 0.1734925251884435,
      "phi": 0.00035622413815987057,
      "reason": "armijo_insufficient_decrease"
    },
    {
      "target_lambda": 0.33,
      "newton_check": 6,
      "factor": 0.5,
      "accepted": false,
      "minimum_J": 0.1782044084903909,
      "phi": 6.143917210512191e-05,
      "reason": "armijo_insufficient_decrease"
    },
    {
      "target_lambda": 0.33,
      "newton_check": 6,
      "factor": 0.25,
      "accepted": true,
      "minimum_J": 0.18056116695966992,
      "phi": 3.847942757969952e-05
    },
    {
      "target_lambda": 0.33,
      "newton_check": 7,
      "factor": 1.0,
      "accepted": false,
      "minimum_J": 0.1735058123999361,
      "phi": 0.00011242160317619757,
      "reason": "armijo_insufficient_decrease"
    },
    {
      "target_lambda": 0.33,
      "newton_check": 7,
      "factor": 0.5,
      "accepted": true,
      "minimum_J": 0.1770328539681789,
      "phi": 3.124604451251045e-05
    },
    {
      "target_lambda": 0.33,
      "newton_check": 8,
      "factor": 1.0,
      "accepted": true,
      "minimum_J": 0.17351596722437657,
      "phi": 7.014887951238043e-06
    },
    {
      "target_lambda": 0.33,
      "newton_check": 9,
      "factor": 1.0,
      "accepted": true,
      "minimum_J": 0.17351206884208198,
      "phi": 1.459253037006274e-16
    },
    {
      "target_lambda": 0.33,
      "newton_check": 10,
      "factor": 1.0,
      "accepted": true,
      "minimum_J": 0.17351205746965995,
      "phi": 4.401594679534946e-24
    },
    {
      "target_lambda": 0.34,
      "newton_check": 1,
      "factor": 1.0,
      "accepted": false,
      "minimum_J": 0.15226085383958904,
      "phi": 0.00940387294048046,
      "reason": "armijo_insufficient_decrease"
    },
    {
      "target_lambda": 0.34,
      "newton_check": 1,
      "factor": 0.5,
      "accepted": false,
      "minimum_J": 0.16288018109608954,
      "phi": 0.0006681725793017258,
      "reason": "armijo_insufficient_decrease"
    },
    {
      "target_lambda": 0.34,
      "newton_check": 1,
      "factor": 0.25,
      "accepted": false,
      "minimum_J": 0.16819455064324046,
      "phi": 0.0001048749635648156,
      "reason": "armijo_insufficient_decrease"
    },
    {
      "target_lambda": 0.34,
      "newton_check": 1,
      "factor": 0.125,
      "accepted": true,
      "minimum_J": 0.1708529118965418,
      "phi": 7.090019804768349e-05
    },
    {
      "target_lambda": 0.34,
      "newton_check": 2,
      "factor": 1.0,
      "accepted": false,
      "minimum_J": 0.1523358360200076,
      "phi": 0.005452353099287816,
      "reason": "armijo_insufficient_decrease"
    },
    {
      "target_lambda": 0.34,
      "newton_check": 2,
      "factor": 0.5,
      "accepted": false,
      "minimum_J": 0.16158941257339032,
      "phi": 0.00042653754436268167,
      "reason": "armijo_insufficient_decrease"
    },
    {
      "target_lambda": 0.34,
      "newton_check": 2,
      "factor": 0.25,
      "accepted": false,
      "minimum_J": 0.16621992188874568,
      "phi": 8.670434522501295e-05,
      "reason": "armijo_insufficient_decrease"
    },
    {
      "target_lambda": 0.34,
      "newton_check": 2,
      "factor": 0.125,
      "accepted": true,
      "minimum_J": 0.1685361068060886,
      "phi": 6.30609230311229e-05
    },
    {
      "target_lambda": 0.34,
      "newton_check": 3,
      "factor": 1.0,
      "accepted": false,
      "minimum_J": 0.1523880514099521,
      "phi": 0.0031700241454819355,
      "reason": "armijo_insufficient_decrease"
    },
    {
      "target_lambda": 0.34,
      "newton_check": 3,
      "factor": 0.5,
      "accepted": false,
      "minimum_J": 0.16045817339971408,
      "phi": 0.0002755145489031058,
      "reason": "armijo_insufficient_decrease"
    },
    {
      "target_lambda": 0.34,
      "newton_check": 3,
      "factor": 0.25,
      "accepted": false,
      "minimum_J": 0.16449616367582462,
      "phi": 7.097019801910748e-05,
      "reason": "armijo_insufficient_decrease"
    },
    {
      "target_lambda": 0.34,
      "newton_check": 3,
      "factor": 0.125,
      "accepted": true,
      "minimum_J": 0.16651589113418744,
      "phi": 5.579828894303982e-05
    },
    {
      "target_lambda": 0.34,
      "newton_check": 4,
      "factor": 1.0,
      "accepted": false,
      "minimum_J": 0.15242466651545233,
      "phi": 0.0018468969719627171,
      "reason": "armijo_insufficient_decrease"
    },
    {
      "target_lambda": 0.34,
      "newton_check": 4,
      "factor": 0.5,
      "accepted": false,
      "minimum_J": 0.15946721571804906,
      "phi": 0.0001799828212221218,
      "reason": "armijo_insufficient_decrease"
    },
    {
      "target_lambda": 0.34,
      "newton_check": 4,
      "factor": 0.25,
      "accepted": false,
      "minimum_J": 0.16299078764942637,
      "phi": 5.758146587902779e-05,
      "reason": "armijo_insufficient_decrease"
    },
    {
      "target_lambda": 0.34,
      "newton_check": 4,
      "factor": 0.125,
      "accepted": true,
      "minimum_J": 0.16475314794763432,
      "phi": 4.870824429031338e-05
    },
    {
      "target_lambda": 0.34,
      "newton_check": 5,
      "factor": 1.0,
      "accepted": false,
      "minimum_J": 0.15245051037322255,
      "phi": 0.0010777052791494937,
      "reason": "armijo_insufficient_decrease"
    },
    {
      "target_lambda": 0.34,
      "newton_check": 5,
      "factor": 0.5,
      "accepted": false,
      "minimum_J": 0.15859943459067255,
      "phi": 0.00011886415964856003,
      "reason": "armijo_insufficient_decrease"
    },
    {
      "target_lambda": 0.34,
      "newton_check": 5,
      "factor": 0.25,
      "accepted": true,
      "minimum_J": 0.16167569262671513,
      "phi": 4.636010266581928e-05
    },
    {
      "target_lambda": 0.34,
      "newton_check": 6,
      "factor": 1.0,
      "accepted": false,
      "minimum_J": 0.1524900247534767,
      "phi": 0.0003376867689088666,
      "reason": "armijo_insufficient_decrease"
    },
    {
      "target_lambda": 0.34,
      "newton_check": 6,
      "factor": 0.5,
      "accepted": false,
      "minimum_J": 0.15708145978193527,
      "phi": 5.863220633078961e-05,
      "reason": "armijo_insufficient_decrease"
    },
    {
      "target_lambda": 0.34,
      "newton_check": 6,
      "factor": 0.25,
      "accepted": true,
      "minimum_J": 0.15937822647728553,
      "phi": 3.71239827376234e-05
    },
    {
      "target_lambda": 0.34,
      "newton_check": 7,
      "factor": 1.0,
      "accepted": false,
      "minimum_J": 0.1525061292826659,
      "phi": 0.00010648166924645143,
      "reason": "armijo_insufficient_decrease"
    },
    {
      "target_lambda": 0.34,
      "newton_check": 7,
      "factor": 0.5,
      "accepted": true,
      "minimum_J": 0.15594136798707653,
      "phi": 2.9822260392471257e-05
    },
    {
      "target_lambda": 0.34,
      "newton_check": 8,
      "factor": 1.0,
      "accepted": true,
      "minimum_J": 0.15251933313951055,
      "phi": 6.632396418298128e-06
    },
    {
      "target_lambda": 0.34,
      "newton_check": 9,
      "factor": 1.0,
      "accepted": true,
      "minimum_J": 0.15251698129792543,
      "phi": 9.146093180476398e-17
    },
    {
      "target_lambda": 0.34,
      "newton_check": 10,
      "factor": 1.0,
      "accepted": true,
      "minimum_J": 0.15251697193128053,
      "phi": 5.535446596754962e-24
    },
    {
      "target_lambda": 0.35,
      "newton_check": 1,
      "factor": 1.0,
      "accepted": false,
      "minimum_J": 0.13181509042746078,
      "phi": 0.008892776768132226,
      "reason": "armijo_insufficient_decrease"
    },
    {
      "target_lambda": 0.35,
      "newton_check": 1,
      "factor": 0.5,
      "accepted": false,
      "minimum_J": 0.14217467374017864,
      "phi": 0.0006342536752329321,
      "reason": "armijo_insufficient_decrease"
    },
    {
      "target_lambda": 0.35,
      "newton_check": 1,
      "factor": 0.25,
      "accepted": false,
      "minimum_J": 0.14734385947870543,
      "phi": 0.00010213899774178806,
      "reason": "armijo_insufficient_decrease"
    },
    {
      "target_lambda": 0.35,
      "newton_check": 1,
      "factor": 0.125,
      "accepted": true,
      "minimum_J": 0.14992992486573611,
      "phi": 7.055975804922752e-05
    },
    {
      "target_lambda": 0.35,
      "newton_check": 2,
      "factor": 1.0,
      "accepted": false,
      "minimum_J": 0.13190199901647648,
      "phi": 0.005152619579167786,
      "reason": "armijo_insufficient_decrease"
    },
    {
      "target_lambda": 0.35,
      "newton_check": 2,
      "factor": 0.5,
      "accepted": false,
      "minimum_J": 0.1409239337341192,
      "phi": 0.0004048627256316022,
      "reason": "armijo_insufficient_decrease"
    },
    {
      "target_lambda": 0.35,
      "newton_check": 2,
      "factor": 0.25,
      "accepted": false,
      "minimum_J": 0.14542539054308387,
      "phi": 8.427133391620414e-05,
      "reason": "armijo_insufficient_decrease"
    },
    {
      "target_lambda": 0.35,
      "newton_check": 2,
      "factor": 0.125,
      "accepted": true,
      "minimum_J": 0.1476772730151996,
      "phi": 6.241481155422454e-05
    },
    {
      "target_lambda": 0.35,
      "newton_check": 3,
      "factor": 1.0,
      "accepted": false,
      "minimum_J": 0.1319641345547755,
      "phi": 0.002993818078920525,
      "reason": "armijo_insufficient_decrease"
    },
    {
      "target_lambda": 0.35,
      "newton_check": 3,
      "factor": 0.5,
      "accepted": false,
      "minimum_J": 0.13982816484421168,
      "phi": 0.00026152327684180165,
      "reason": "armijo_insufficient_decrease"
    },
    {
      "target_lambda": 0.35,
      "newton_check": 3,
      "factor": 0.25,
      "accepted": false,
      "minimum_J": 0.14375151701824312,
      "phi": 6.886226950308893e-05,
      "reason": "armijo_insufficient_decrease"
    },
    {
      "target_lambda": 0.35,
      "newton_check": 3,
      "factor": 0.125,
      "accepted": true,
      "minimum_J": 0.14571409453885517,
      "phi": 5.495252623247049e-05
    },
    {
      "target_lambda": 0.35,
      "newton_check": 4,
      "factor": 1.0,
      "accepted": false,
      "minimum_J": 0.13200889658208573,
      "phi": 0.0017431539750427812,
      "reason": "armijo_insufficient_decrease"
    },
    {
      "target_lambda": 0.35,
      "newton_check": 4,
      "factor": 0.5,
      "accepted": false,
      "minimum_J": 0.1388685631428849,
      "phi": 0.00017086607430286487,
      "reason": "armijo_insufficient_decrease"
    },
    {
      "target_lambda": 0.35,
      "newton_check": 4,
      "factor": 0.25,
      "accepted": false,
      "minimum_J": 0.14229039271465918,
      "phi": 5.579248839179563e-05,
      "reason": "armijo_insufficient_decrease"
    },
    {
      "target_lambda": 0.35,
      "newton_check": 4,
      "factor": 0.125,
      "accepted": true,
      "minimum_J": 0.14400200959520473,
      "phi": 4.7770539069328765e-05
    },
    {
      "target_lambda": 0.35,
      "newton_check": 5,
      "factor": 1.0,
      "accepted": false,
      "minimum_J": 0.1320413624028659,
      "phi": 0.0010165733713769676,
      "reason": "armijo_insufficient_decrease"
    },
    {
      "target_lambda": 0.35,
      "newton_check": 5,
      "factor": 0.5,
      "accepted": false,
      "minimum_J": 0.13802844810453135,
      "phi": 0.00011287016435833464,
      "reason": "armijo_insufficient_decrease"
    },
    {
      "target_lambda": 0.35,
      "newton_check": 5,
      "factor": 0.25,
      "accepted": true,
      "minimum_J": 0.14101450149758835,
      "phi": 4.486677547729937e-05
    },
    {
      "target_lambda": 0.35,
      "newton_check": 6,
      "factor": 1.0,
      "accepted": false,
      "minimum_J": 0.13209070879022225,
      "phi": 0.00031818084771141034,
      "reason": "armijo_insufficient_decrease"
    },
    {
      "target_lambda": 0.35,
      "newton_check": 6,
      "factor": 0.5,
      "accepted": false,
      "minimum_J": 0.1365588792995475,
      "phi": 5.567760602577209e-05,
      "reason": "armijo_insufficient_decrease"
    },
    {
      "target_lambda": 0.35,
      "newton_check": 6,
      "factor": 0.25,
      "accepted": true,
      "minimum_J": 0.138786270455632,
      "phi": 3.5696968869463565e-05
    },
    {
      "target_lambda": 0.35,
      "newton_check": 7,
      "factor": 1.0,
      "accepted": false,
      "minimum_J": 0.1321130274562276,
      "phi": 0.0001002301340421212,
      "reason": "armijo_insufficient_decrease"
    },
    {
      "target_lambda": 0.35,
      "newton_check": 7,
      "factor": 0.5,
      "accepted": true,
      "minimum_J": 0.1354556597794581,
      "phi": 2.8323360226173336e-05
    },
    {
      "target_lambda": 0.35,
      "newton_check": 8,
      "factor": 1.0,
      "accepted": true,
      "minimum_J": 0.13213273162849556,
      "phi": 6.229789445277857e-06
    },
    {
      "target_lambda": 0.35,
      "newton_check": 9,
      "factor": 1.0,
      "accepted": true,
      "minimum_J": 0.13213310138246792,
      "phi": 5.413466203497918e-17
    },
    {
      "target_lambda": 0.35,
      "newton_check": 10,
      "factor": 1.0,
      "accepted": true,
      "minimum_J": 0.13213309404771184,
      "phi": 6.018024503798049e-24
    },
    {
      "target_lambda": 0.36,
      "newton_check": 1,
      "factor": 1.0,
      "accepted": false,
      "minimum_J": 0.11192891233661557,
      "phi": 0.00835445551814023,
      "reason": "armijo_insufficient_decrease"
    },
    {
      "target_lambda": 0.36,
      "newton_check": 1,
      "factor": 0.5,
      "accepted": false,
      "minimum_J": 0.1220255525440752,
      "phi": 0.000598508262223124,
      "reason": "armijo_insufficient_decrease"
    },
    {
      "target_lambda": 0.36,
      "newton_check": 1,
      "factor": 0.25,
      "accepted": false,
      "minimum_J": 0.12707796063387075,
      "phi": 9.924983229220175e-05,
      "reason": "armijo_insufficient_decrease"
    },
    {
      "target_lambda": 0.36,
      "newton_check": 1,
      "factor": 0.125,
      "accepted": true,
      "minimum_J": 0.12960518667528617,
      "phi": 7.019899369134765e-05
    },
    {
      "target_lambda": 0.36,
      "newton_check": 2,
      "factor": 1.0,
      "accepted": false,
      "minimum_J": 0.11202992733985175,
      "phi": 0.004836686191213761,
      "reason": "armijo_insufficient_decrease"
    },
    {
      "target_lambda": 0.36,
      "newton_check": 2,
      "factor": 0.5,
      "accepted": false,
      "minimum_J": 0.12081325326763856,
      "phi": 0.0003820029160326808,
      "reason": "armijo_insufficient_decrease"
    },
    {
      "target_lambda": 0.36,
      "newton_check": 2,
      "factor": 0.25,
      "accepted": false,
      "minimum_J": 0.12520814403647923,
      "phi": 8.170081504831619e-05,
      "reason": "armijo_insufficient_decrease"
    },
    {
      "target_lambda": 0.36,
      "newton_check": 2,
      "factor": 0.125,
      "accepted": true,
      "minimum_J": 0.12740639637213771,
      "phi": 6.173086080080482e-05
    },
    {
      "target_lambda": 0.36,
      "newton_check": 3,
      "factor": 1.0,
      "accepted": false,
      "minimum_J": 0.1121038171421396,
      "phi": 0.002807986416185609,
      "reason": "armijo_insufficient_decrease"
    },
    {
      "target_lambda": 0.36,
      "newton_check": 3,
      "factor": 0.5,
      "accepted": false,
      "minimum_J": 0.1197517271826253,
      "phi": 0.00024675856545934295,
      "reason": "armijo_insufficient_decrease"
    },
    {
      "target_lambda": 0.36,
      "newton_check": 3,
      "factor": 0.25,
      "accepted": false,
      "minimum_J": 0.1235782168837536,
      "phi": 6.663454946528406e-05,
      "reason": "armijo_insufficient_decrease"
    },
    {
      "target_lambda": 0.36,
      "newton_check": 3,
      "factor": 0.125,
      "accepted": true,
      "minimum_J": 0.12549209540453868,
      "phi": 5.4057672832668786e-05
    },
    {
      "target_lambda": 0.36,
      "newton_check": 4,
      "factor": 1.0,
      "accepted": false,
      "minimum_J": 0.11215823180961333,
      "phi": 0.0016336993649657405,
      "reason": "armijo_insufficient_decrease"
    },
    {
      "target_lambda": 0.36,
      "newton_check": 4,
      "factor": 0.5,
      "accepted": false,
      "minimum_J": 0.11882252139042233,
      "phi": 0.00016124122797686667,
      "reason": "armijo_insufficient_decrease"
    },
    {
      "target_lambda": 0.36,
      "newton_check": 4,
      "factor": 0.25,
      "accepted": true,
      "minimum_J": 0.12215664784331741,
      "phi": 5.390150499141113e-05
    },
    {
      "target_lambda": 0.36,
      "newton_check": 5,
      "factor": 1.0,
      "accepted": false,
      "minimum_J": 0.112240818537466,
      "phi": 0.0005088863817042502,
      "reason": "armijo_insufficient_decrease"
    },
    {
      "target_lambda": 0.36,
      "newton_check": 5,
      "factor": 0.5,
      "accepted": false,
      "minimum_J": 0.11719719370284823,
      "phi": 7.862142853431855e-05,
      "reason": "armijo_insufficient_decrease"
    },
    {
      "target_lambda": 0.36,
      "newton_check": 5,
      "factor": 0.25,
      "accepted": true,
      "minimum_J": 0.11967653590119637,
      "phi": 4.481186309535441e-05
    },
    {
      "target_lambda": 0.36,
      "newton_check": 6,
      "factor": 1.0,
      "accepted": false,
      "minimum_J": 0.11228019275396921,
      "phi": 0.00015987347624691394,
      "reason": "armijo_insufficient_decrease"
    },
    {
      "target_lambda": 0.36,
      "newton_check": 6,
      "factor": 0.5,
      "accepted": true,
      "minimum_J": 0.11597747656550836,
      "phi": 3.96671786613382e-05
    },
    {
      "target_lambda": 0.36,
      "newton_check": 7,
      "factor": 1.0,
      "accepted": true,
      "minimum_J": 0.11231619900186411,
      "phi": 9.892074008749517e-06
    },
    {
      "target_lambda": 0.36,
      "newton_check": 8,
      "factor": 1.0,
      "accepted": true,
      "minimum_J": 0.11231990413131562,
      "phi": 1.3612813543784178e-16
    },
    {
      "target_lambda": 0.36,
      "newton_check": 9,
      "factor": 1.0,
      "accepted": true,
      "minimum_J": 0.11231989350755953,
      "phi": 6.717050954039784e-24
    },
    {
      "target_lambda": 0.37,
      "newton_check": 1,
      "factor": 1.0,
      "accepted": false,
      "minimum_J": 0.09297803320331205,
      "phi": 0.0077853348545837316,
      "reason": "armijo_insufficient_decrease"
    },
    {
      "target_lambda": 0.37,
      "newton_check": 1,
      "factor": 0.5,
      "accepted": false,
      "minimum_J": 0.10264246964964449,
      "phi": 0.000560690197309109,
      "reason": "armijo_insufficient_decrease"
    },
    {
      "target_lambda": 0.37,
      "newton_check": 1,
      "factor": 0.25,
      "accepted": false,
      "minimum_J": 0.10747955815215526,
      "phi": 9.618512522210333e-05,
      "reason": "armijo_insufficient_decrease"
    },
    {
      "target_lambda": 0.37,
      "newton_check": 1,
      "factor": 0.125,
      "accepted": true,
      "minimum_J": 0.10989931997324585,
      "phi": 6.98145970013588e-05
    },
    {
      "target_lambda": 0.37,
      "newton_check": 2,
      "factor": 1.0,
      "accepted": false,
      "minimum_J": 0.0930998917254564,
      "phi": 0.004502381452195389,
      "reason": "armijo_insufficient_decrease"
    },
    {
      "target_lambda": 0.37,
      "newton_check": 2,
      "factor": 0.5,
      "accepted": false,
      "minimum_J": 0.1014945849089651,
      "phi": 0.0003577948932048412,
      "reason": "armijo_insufficient_decrease"
    },
    {
      "target_lambda": 0.37,
      "newton_check": 2,
      "factor": 0.25,
      "accepted": false,
      "minimum_J": 0.10569569720600777,
      "phi": 7.897251771730482e-05,
      "reason": "armijo_insufficient_decrease"
    },
    {
      "target_lambda": 0.37,
      "newton_check": 2,
      "factor": 0.125,
      "accepted": true,
      "minimum_J": 0.1077971947808531,
      "phi": 6.1003116576127995e-05
    },
    {
      "target_lambda": 0.37,
      "newton_check": 3,
      "factor": 1.0,
      "accepted": false,
      "minimum_J": 0.09319073137493869,
      "phi": 0.0026112118068907114,
      "reason": "armijo_insufficient_decrease"
    },
    {
      "target_lambda": 0.37,
      "newton_check": 3,
      "factor": 0.5,
      "accepted": false,
      "minimum_J": 0.10049009290876058,
      "phi": 0.000231111610740145,
      "reason": "armijo_insufficient_decrease"
    },
    {
      "target_lambda": 0.37,
      "newton_check": 3,
      "factor": 0.25,
      "accepted": false,
      "minimum_J": 0.10414267630252312,
      "phi": 6.426921295012351e-05,
      "reason": "armijo_insufficient_decrease"
    },
    {
      "target_lambda": 0.37,
      "newton_check": 3,
      "factor": 0.125,
      "accepted": true,
      "minimum_J": 0.10596969365611698,
      "phi": 5.310612920813545e-05
    },
    {
      "target_lambda": 0.37,
      "newton_check": 4,
      "factor": 1.0,
      "accepted": false,
      "minimum_J": 0.09325878657368564,
      "phi": 0.0015177354751781049,
      "reason": "armijo_insufficient_decrease"
    },
    {
      "target_lambda": 0.37,
      "newton_check": 4,
      "factor": 0.5,
      "accepted": false,
      "minimum_J": 0.09961126386218618,
      "phi": 0.00015103538238307157,
      "reason": "armijo_insufficient_decrease"
    },
    {
      "target_lambda": 0.37,
      "newton_check": 4,
      "factor": 0.25,
      "accepted": true,
      "minimum_J": 0.10278973469597269,
      "phi": 5.189321401842567e-05
    },
    {
      "target_lambda": 0.37,
      "newton_check": 5,
      "factor": 1.0,
      "accepted": false,
      "minimum_J": 0.09336138044773801,
      "phi": 0.00047188402912013095,
      "reason": "armijo_insufficient_decrease"
    },
    {
      "target_lambda": 0.37,
      "newton_check": 5,
      "factor": 0.5,
      "accepted": false,
      "minimum_J": 0.09807387854033506,
      "phi": 7.36279216130169e-05,
      "reason": "armijo_insufficient_decrease"
    },
    {
      "target_lambda": 0.37,
      "newton_check": 5,
      "factor": 0.25,
      "accepted": true,
      "minimum_J": 0.10043138686027464,
      "phi": 4.272058283214462e-05
    },
    {
      "target_lambda": 0.37,
      "newton_check": 6,
      "factor": 1.0,
      "accepted": false,
      "minimum_J": 0.09341314729245676,
      "phi": 0.00014799840549560263,
      "reason": "armijo_insufficient_decrease"
    },
    {
      "target_lambda": 0.37,
      "newton_check": 6,
      "factor": 0.5,
      "accepted": true,
      "minimum_J": 0.09692132260366017,
      "phi": 3.714766589341613e-05
    },
    {
      "target_lambda": 0.37,
      "newton_check": 7,
      "factor": 1.0,
      "accepted": true,
      "minimum_J": 0.09346185579983547,
      "phi": 9.124506332042667e-06
    },
    {
      "target_lambda": 0.37,
      "newton_check": 8,
      "factor": 1.0,
      "accepted": true,
      "minimum_J": 0.0934707393045409,
      "phi": 1.008357843474482e-16
    },
    {
      "target_lambda": 0.37,
      "newton_check": 9,
      "factor": 1.0,
      "accepted": true,
      "minimum_J": 0.09347073259776562,
      "phi": 6.763464632121822e-24
    },
    {
      "target_lambda": 0.38000000000000006,
      "newton_check": 1,
      "factor": 1.0,
      "accepted": false,
      "minimum_J": 0.0752062952635934,
      "phi": 0.0071802622196277446,
      "reason": "armijo_insufficient_decrease"
    },
    {
      "target_lambda": 0.38000000000000006,
      "newton_check": 1,
      "factor": 0.5,
      "accepted": false,
      "minimum_J": 0.0843319921932182,
      "phi": 0.0005204443535494161,
      "reason": "armijo_insufficient_decrease"
    },
    {
      "target_lambda": 0.38000000000000006,
      "newton_check": 1,
      "factor": 0.25,
      "accepted": false,
      "minimum_J": 0.08889973196112662,
      "phi": 9.291262421918958e-05,
      "reason": "armijo_insufficient_decrease"
    },
    {
      "target_lambda": 0.38000000000000006,
      "newton_check": 1,
      "factor": 0.125,
      "accepted": true,
      "minimum_J": 0.09118482467085454,
      "phi": 6.940179088461955e-05
    },
    {
      "target_lambda": 0.38000000000000006,
      "newton_check": 2,
      "factor": 1.0,
      "accepted": false,
      "minimum_J": 0.07535473516232583,
      "phi": 0.004146480065424201,
      "reason": "armijo_insufficient_decrease"
    },
    {
      "target_lambda": 0.38000000000000006,
      "newton_check": 2,
      "factor": 0.5,
      "accepted": false,
      "minimum_J": 0.08326487172581731,
      "phi": 0.0003319965542630549,
      "reason": "armijo_insufficient_decrease"
    },
    {
      "target_lambda": 0.38000000000000006,
      "newton_check": 2,
      "factor": 0.25,
      "accepted": false,
      "minimum_J": 0.08722362115064317,
      "phi": 7.605654702989137e-05,
      "reason": "armijo_insufficient_decrease"
    },
    {
      "target_lambda": 0.38000000000000006,
      "newton_check": 2,
      "factor": 0.125,
      "accepted": true,
      "minimum_J": 0.08920391614882502,
      "phi": 6.0222881110425954e-05
    },
    {
      "target_lambda": 0.38000000000000006,
      "newton_check": 3,
      "factor": 1.0,
      "accepted": false,
      "minimum_J": 0.07546674180303695,
      "phi": 0.0024014938106788806,
      "reason": "armijo_insufficient_decrease"
    },
    {
      "target_lambda": 0.38000000000000006,
      "newton_check": 3,
      "factor": 0.5,
      "accepted": false,
      "minimum_J": 0.08233163817225096,
      "phi": 0.00021441782473694142,
      "reason": "armijo_insufficient_decrease"
    },
    {
      "target_lambda": 0.38000000000000006,
      "newton_check": 3,
      "factor": 0.25,
      "accepted": false,
      "minimum_J": 0.08576685445961797,
      "phi": 6.17396004436238e-05,
      "reason": "armijo_insufficient_decrease"
    },
    {
      "target_lambda": 0.38000000000000006,
      "newton_check": 3,
      "factor": 0.125,
      "accepted": true,
      "minimum_J": 0.08748515462899027,
      "phi": 5.2086681782212686e-05
    },
    {
      "target_lambda": 0.38000000000000006,
      "newton_check": 4,
      "factor": 1.0,
      "accepted": false,
      "minimum_J": 0.07555154157381876,
      "phi": 0.0013940317563667327,
      "reason": "armijo_insufficient_decrease"
    },
    {
      "target_lambda": 0.38000000000000006,
      "newton_check": 4,
      "factor": 0.5,
      "accepted": false,
      "minimum_J": 0.08151557333943442,
      "phi": 0.0001401367798873731,
      "reason": "armijo_insufficient_decrease"
    },
    {
      "target_lambda": 0.38000000000000006,
      "newton_check": 4,
      "factor": 0.25,
      "accepted": true,
      "minimum_J": 0.08449967029371955,
      "phi": 4.9744515943634e-05
    },
    {
      "target_lambda": 0.38000000000000006,
      "newton_check": 5,
      "factor": 1.0,
      "accepted": false,
      "minimum_J": 0.07567833772426455,
      "phi": 0.00043233670893374365,
      "reason": "armijo_insufficient_decrease"
    },
    {
      "target_lambda": 0.38000000000000006,
      "newton_check": 5,
      "factor": 0.5,
      "accepted": false,
      "minimum_J": 0.08008750991775954,
      "phi": 6.828743287169903e-05,
      "reason": "armijo_insufficient_decrease"
    },
    {
      "target_lambda": 0.38000000000000006,
      "newton_check": 5,
      "factor": 0.25,
      "accepted": true,
      "minimum_J": 0.0822932165829304,
      "phi": 4.0483076664786815e-05
    },
    {
      "target_lambda": 0.38000000000000006,
      "newton_check": 6,
      "factor": 1.0,
      "accepted": false,
      "minimum_J": 0.07574470772590353,
      "phi": 0.000135293912507774,
      "reason": "armijo_insufficient_decrease"
    },
    {
      "target_lambda": 0.38000000000000006,
      "newton_check": 6,
      "factor": 0.5,
      "accepted": true,
      "minimum_J": 0.0790181530335065,
      "phi": 3.4451260329532324e-05
    },
    {
      "target_lambda": 0.38000000000000006,
      "newton_check": 7,
      "factor": 1.0,
      "accepted": true,
      "minimum_J": 0.07580810311552726,
      "phi": 8.302101649925649e-06
    },
    {
      "target_lambda": 0.38000000000000006,
      "newton_check": 8,
      "factor": 1.0,
      "accepted": true,
      "minimum_J": 0.07582278661005565,
      "phi": 1.3802632763312259e-16
    },
    {
      "target_lambda": 0.38000000000000006,
      "newton_check": 9,
      "factor": 1.0,
      "accepted": true,
      "minimum_J": 0.07582278433142374,
      "phi": 6.491916925908938e-24
    },
    {
      "target_lambda": 0.38999999999999996,
      "newton_check": 1,
      "factor": 1.0,
      "accepted": false,
      "minimum_J": 0.05888094498113313,
      "phi": 0.006531352881720961,
      "reason": "armijo_insufficient_decrease"
    },
    {
      "target_lambda": 0.38999999999999996,
      "newton_check": 1,
      "factor": 0.5,
      "accepted": false,
      "minimum_J": 0.06734679247726648,
      "phi": 0.0004772266884588137,
      "reason": "armijo_insufficient_decrease"
    },
    {
      "target_lambda": 0.38999999999999996,
      "newton_check": 1,
      "factor": 0.25,
      "accepted": false,
      "minimum_J": 0.07158352035959044,
      "phi": 8.938272161858726e-05,
      "reason": "armijo_insufficient_decrease"
    },
    {
      "target_lambda": 0.38999999999999996,
      "newton_check": 1,
      "factor": 0.125,
      "accepted": true,
      "minimum_J": 0.07370283533431973,
      "phi": 6.895318924971838e-05
    },
    {
      "target_lambda": 0.38999999999999996,
      "newton_check": 2,
      "factor": 1.0,
      "accepted": false,
      "minimum_J": 0.05905937090886565,
      "phi": 0.0037641685316709443,
      "reason": "armijo_insufficient_decrease"
    },
    {
      "target_lambda": 0.38999999999999996,
      "newton_check": 2,
      "factor": 0.5,
      "accepted": false,
      "minimum_J": 0.06637747897009007,
      "phi": 0.0003042451963865302,
      "reason": "armijo_insufficient_decrease"
    },
    {
      "target_lambda": 0.38999999999999996,
      "newton_check": 2,
      "factor": 0.25,
      "accepted": false,
      "minimum_J": 0.07003925111432986,
      "phi": 7.290763431157871e-05,
      "reason": "armijo_insufficient_decrease"
    },
    {
      "target_lambda": 0.38999999999999996,
      "newton_check": 2,
      "factor": 0.125,
      "accepted": true,
      "minimum_J": 0.07187081671485675,
      "phi": 5.9376827785190304e-05
    },
    {
      "target_lambda": 0.38999999999999996,
      "newton_check": 3,
      "factor": 1.0,
      "accepted": false,
      "minimum_J": 0.059194998725941424,
      "phi": 0.0021759277778240467,
      "reason": "armijo_insufficient_decrease"
    },
    {
      "target_lambda": 0.38999999999999996,
      "newton_check": 3,
      "factor": 0.5,
      "accepted": false,
      "minimum_J": 0.06553031976615961,
      "phi": 0.0001964363163354859,
      "reason": "armijo_insufficient_decrease"
    },
    {
      "target_lambda": 0.38999999999999996,
      "newton_check": 3,
      "factor": 0.25,
      "accepted": true,
      "minimum_J": 0.06869992125194767,
      "phi": 5.900595298910047e-05
    },
    {
      "target_lambda": 0.38999999999999996,
      "newton_check": 4,
      "factor": 1.0,
      "accepted": false,
      "minimum_J": 0.05939715849852068,
      "phi": 0.0006691376246727533,
      "reason": "armijo_insufficient_decrease"
    },
    {
      "target_lambda": 0.38999999999999996,
      "newton_check": 4,
      "factor": 0.5,
      "accepted": false,
      "minimum_J": 0.06404730919575446,
      "phi": 9.43869727247045e-05,
      "reason": "armijo_insufficient_decrease"
    },
    {
      "target_lambda": 0.38999999999999996,
      "newton_check": 4,
      "factor": 0.25,
      "accepted": true,
      "minimum_J": 0.06637330755398134,
      "phi": 4.998776815757436e-05
    },
    {
      "target_lambda": 0.38999999999999996,
      "newton_check": 5,
      "factor": 1.0,
      "accepted": false,
      "minimum_J": 0.05950457810650946,
      "phi": 0.00020823422683487202,
      "reason": "armijo_insufficient_decrease"
    },
    {
      "target_lambda": 0.38999999999999996,
      "newton_check": 5,
      "factor": 0.5,
      "accepted": true,
      "minimum_J": 0.06293835322799586,
      "phi": 4.716475863111016e-05
    },
    {
      "target_lambda": 0.38999999999999996,
      "newton_check": 6,
      "factor": 1.0,
      "accepted": true,
      "minimum_J": 0.05960794837565274,
      "phi": 1.264517048719034e-05
    },
    {
      "target_lambda": 0.38999999999999996,
      "newton_check": 7,
      "factor": 1.0,
      "accepted": true,
      "minimum_J": 0.05963406878064367,
      "phi": 8.406540072048736e-16
    },
    {
      "target_lambda": 0.38999999999999996,
      "newton_check": 8,
      "factor": 1.0,
      "accepted": true,
      "minimum_J": 0.059634071710606196,
      "phi": 6.1152726661009836e-24
    },
    {
      "target_lambda": 0.4,
      "newton_check": 1,
      "factor": 1.0,
      "accepted": false,
      "minimum_J": 0.04426972466279295,
      "phi": 0.00583021918141001,
      "reason": "armijo_insufficient_decrease"
    },
    {
      "target_lambda": 0.4,
      "newton_check": 1,
      "factor": 0.5,
      "accepted": false,
      "minimum_J": 0.05195016246120097,
      "phi": 0.00043044444572651444,
      "reason": "armijo_insufficient_decrease"
    },
    {
      "target_lambda": 0.4,
      "newton_check": 1,
      "factor": 0.25,
      "accepted": false,
      "minimum_J": 0.0557916831545301,
      "phi": 8.553754032774962e-05,
      "reason": "armijo_insufficient_decrease"
    },
    {
      "target_lambda": 0.4,
      "newton_check": 1,
      "factor": 0.125,
      "accepted": true,
      "minimum_J": 0.057712768949723645,
      "phi": 6.845945420850336e-05
    },
    {
      "target_lambda": 0.4,
      "newton_check": 2,
      "factor": 1.0,
      "accepted": false,
      "minimum_J": 0.044480220467972634,
      "phi": 0.00335070442270593,
      "reason": "armijo_insufficient_decrease"
    },
    {
      "target_lambda": 0.4,
      "newton_check": 2,
      "factor": 0.5,
      "accepted": false,
      "minimum_J": 0.05109564585405062,
      "phi": 0.00027417081691264605,
      "reason": "armijo_insufficient_decrease"
    },
    {
      "target_lambda": 0.4,
      "newton_check": 2,
      "factor": 0.25,
      "accepted": false,
      "minimum_J": 0.05440399518818856,
      "phi": 6.947555227540233e-05,
      "reason": "armijo_insufficient_decrease"
    },
    {
      "target_lambda": 0.4,
      "newton_check": 2,
      "factor": 0.125,
      "accepted": true,
      "minimum_J": 0.05605832901552941,
      "phi": 5.8448950524040886e-05
    },
    {
      "target_lambda": 0.4,
      "newton_check": 3,
      "factor": 1.0,
      "accepted": false,
      "minimum_J": 0.044640995501515304,
      "phi": 0.0019318586681847244,
      "reason": "armijo_insufficient_decrease"
    },
    {
      "target_lambda": 0.4,
      "newton_check": 3,
      "factor": 0.5,
      "accepted": false,
      "minimum_J": 0.050349351262728055,
      "phi": 0.00017693554226315837,
      "reason": "armijo_insufficient_decrease"
    },
    {
      "target_lambda": 0.4,
      "newton_check": 3,
      "factor": 0.25,
      "accepted": true,
      "minimum_J": 0.05320376239017991,
      "phi": 5.602592421847711e-05
    },
    {
      "target_lambda": 0.4,
      "newton_check": 4,
      "factor": 1.0,
      "accepted": false,
      "minimum_J": 0.04487917835265393,
      "phi": 0.0005910416830353984,
      "reason": "armijo_insufficient_decrease"
    },
    {
      "target_lambda": 0.4,
      "newton_check": 4,
      "factor": 0.5,
      "accepted": false,
      "minimum_J": 0.04904168924758508,
      "phi": 8.488997597229379e-05,
      "reason": "armijo_insufficient_decrease"
    },
    {
      "target_lambda": 0.4,
      "newton_check": 4,
      "factor": 0.25,
      "accepted": true,
      "minimum_J": 0.0511227805379242,
      "phi": 4.6554862034231766e-05
    },
    {
      "target_lambda": 0.4,
      "newton_check": 5,
      "factor": 1.0,
      "accepted": false,
      "minimum_J": 0.045008066664323124,
      "phi": 0.00018312008340359612,
      "reason": "armijo_insufficient_decrease"
    },
    {
      "target_lambda": 0.4,
      "newton_check": 5,
      "factor": 0.5,
      "accepted": true,
      "minimum_J": 0.04806572328691249,
      "phi": 4.2393999150829705e-05
    },
    {
      "target_lambda": 0.4,
      "newton_check": 6,
      "factor": 1.0,
      "accepted": true,
      "minimum_J": 0.04513277994759654,
      "phi": 1.1017366317882867e-05
    },
    {
      "target_lambda": 0.4,
      "newton_check": 7,
      "factor": 1.0,
      "accepted": true,
      "minimum_J": 0.0451671459135374,
      "phi": 1.9397060828791254e-15
    },
    {
      "target_lambda": 0.4,
      "newton_check": 8,
      "factor": 1.0,
      "accepted": true,
      "minimum_J": 0.04516716014625797,
      "phi": 8.184066893613617e-24
    },
    {
      "target_lambda": 0.41000000000000003,
      "newton_check": 1,
      "factor": 1.0,
      "accepted": false,
      "minimum_J": 0.031630996814732956,
      "phi": 0.00507420218791438,
      "reason": "armijo_insufficient_decrease"
    },
    {
      "target_lambda": 0.41000000000000003,
      "newton_check": 1,
      "factor": 0.5,
      "accepted": false,
      "minimum_J": 0.03840301832999578,
      "phi": 0.0003798597765628349,
      "reason": "armijo_insufficient_decrease"
    },
    {
      "target_lambda": 0.41000000000000003,
      "newton_check": 1,
      "factor": 0.25,
      "accepted": false,
      "minimum_J": 0.04178607420050123,
      "phi": 8.13408082427688e-05,
      "reason": "armijo_insufficient_decrease"
    },
    {
      "target_lambda": 0.41000000000000003,
      "newton_check": 1,
      "factor": 0.125,
      "accepted": true,
      "minimum_J": 0.043476863413974394,
      "phi": 6.79124457757816e-05
    },
    {
      "target_lambda": 0.41000000000000003,
      "newton_check": 2,
      "factor": 1.0,
      "accepted": false,
      "minimum_J": 0.03187425077069908,
      "phi": 0.0029052522785744613,
      "reason": "armijo_insufficient_decrease"
    },
    {
      "target_lambda": 0.41000000000000003,
      "newton_check": 2,
      "factor": 0.5,
      "accepted": false,
      "minimum_J": 0.037679306580919655,
      "phi": 0.00024166628799407252,
      "reason": "armijo_insufficient_decrease"
    },
    {
      "target_lambda": 0.41000000000000003,
      "newton_check": 2,
      "factor": 0.25,
      "accepted": true,
      "minimum_J": 0.04057902236959327,
      "phi": 6.573309404558058e-05
    },
    {
      "target_lambda": 0.41000000000000003,
      "newton_check": 3,
      "factor": 1.0,
      "accepted": false,
      "minimum_J": 0.0322337190437127,
      "phi": 0.0008764234624501764,
      "reason": "armijo_insufficient_decrease"
    },
    {
      "target_lambda": 0.41000000000000003,
      "newton_check": 3,
      "factor": 0.5,
      "accepted": false,
      "minimum_J": 0.03640931254806937,
      "phi": 0.00011389583667444512,
      "reason": "armijo_insufficient_decrease"
    },
    {
      "target_lambda": 0.41000000000000003,
      "newton_check": 3,
      "factor": 0.25,
      "accepted": true,
      "minimum_J": 0.03849490291918544,
      "phi": 5.6410757315383646e-05
    },
    {
      "target_lambda": 0.41000000000000003,
      "newton_check": 4,
      "factor": 1.0,
      "accepted": false,
      "minimum_J": 0.032428965922529335,
      "phi": 0.0002688567138181916,
      "reason": "armijo_insufficient_decrease"
    },
    {
      "target_lambda": 0.41000000000000003,
      "newton_check": 4,
      "factor": 0.5,
      "accepted": true,
      "minimum_J": 0.03546395241602169,
      "phi": 5.622194468258745e-05
    },
    {
      "target_lambda": 0.41000000000000003,
      "newton_check": 5,
      "factor": 1.0,
      "accepted": true,
      "minimum_J": 0.03261794336754476,
      "phi": 1.5865823920722204e-05
    },
    {
      "target_lambda": 0.41000000000000003,
      "newton_check": 6,
      "factor": 1.0,
      "accepted": true,
      "minimum_J": 0.032671208279234386,
      "phi": 1.3495168700643414e-14
    },
    {
      "target_lambda": 0.41000000000000003,
      "newton_check": 7,
      "factor": 1.0,
      "accepted": true,
      "minimum_J": 0.03267125411068774,
      "phi": 8.670068702855117e-24
    },
    {
      "target_lambda": 0.42,
      "newton_check": 1,
      "factor": 1.0,
      "accepted": false,
      "minimum_J": 0.021187158865253828,
      "phi": 0.004273944441359015,
      "reason": "armijo_insufficient_decrease"
    },
    {
      "target_lambda": 0.42,
      "newton_check": 1,
      "factor": 0.5,
      "accepted": false,
      "minimum_J": 0.026940985173419005,
      "phi": 0.00032608461121558436,
      "reason": "armijo_insufficient_decrease"
    },
    {
      "target_lambda": 0.42,
      "newton_check": 1,
      "factor": 0.25,
      "accepted": true,
      "minimum_J": 0.02980906431341607,
      "phi": 7.681613934704702e-05
    },
    {
      "target_lambda": 0.42,
      "newton_check": 2,
      "factor": 1.0,
      "accepted": false,
      "minimum_J": 0.021713185454603618,
      "phi": 0.001264881711172754,
      "reason": "armijo_insufficient_decrease"
    },
    {
      "target_lambda": 0.42,
      "newton_check": 2,
      "factor": 0.5,
      "accepted": false,
      "minimum_J": 0.025769168256597603,
      "phi": 0.00015037475168891637,
      "reason": "armijo_insufficient_decrease"
    },
    {
      "target_lambda": 0.42,
      "newton_check": 2,
      "factor": 0.25,
      "accepted": true,
      "minimum_J": 0.027791127128153317,
      "phi": 6.770398977143675e-05
    },
    {
      "target_lambda": 0.42,
      "newton_check": 3,
      "factor": 1.0,
      "accepted": false,
      "minimum_J": 0.02199781012782573,
      "phi": 0.00038276781498141493,
      "reason": "armijo_insufficient_decrease"
    },
    {
      "target_lambda": 0.42,
      "newton_check": 3,
      "factor": 0.5,
      "accepted": false,
      "minimum_J": 0.02489956677771175,
      "phi": 7.32205098331825e-05,
      "reason": "armijo_insufficient_decrease"
    },
    {
      "target_lambda": 0.42,
      "newton_check": 3,
      "factor": 0.25,
      "accepted": true,
      "minimum_J": 0.02634662149036327,
      "phi": 5.1720726499375286e-05
    },
    {
      "target_lambda": 0.42,
      "newton_check": 4,
      "factor": 1.0,
      "accepted": false,
      "minimum_J": 0.022153880771370125,
      "phi": 0.00011746240289776313,
      "reason": "armijo_insufficient_decrease"
    },
    {
      "target_lambda": 0.42,
      "newton_check": 4,
      "factor": 0.5,
      "accepted": true,
      "minimum_J": 0.024253350177173318,
      "phi": 3.703348101829887e-05
    },
    {
      "target_lambda": 0.42,
      "newton_check": 5,
      "factor": 1.0,
      "accepted": true,
      "minimum_J": 0.022304480667469703,
      "phi": 6.926550319786217e-06
    },
    {
      "target_lambda": 0.42,
      "newton_check": 6,
      "factor": 1.0,
      "accepted": true,
      "minimum_J": 0.022348778138928046,
      "phi": 9.271925049549805e-15
    },
    {
      "target_lambda": 0.42,
      "newton_check": 7,
      "factor": 1.0,
      "accepted": true,
      "minimum_J": 0.022348821033870564,
      "phi": 8.374936680951145e-24
    },
    {
      "target_lambda": 0.43,
      "newton_check": 1,
      "factor": 1.0,
      "accepted": false,
      "minimum_J": 0.013082537581060568,
      "phi": 0.0034603728805827337,
      "reason": "armijo_insufficient_decrease"
    },
    {
      "target_lambda": 0.43,
      "newton_check": 1,
      "factor": 0.5,
      "accepted": false,
      "minimum_J": 0.01773530982857589,
      "phi": 0.00027103840776314815,
      "reason": "armijo_insufficient_decrease"
    },
    {
      "target_lambda": 0.43,
      "newton_check": 1,
      "factor": 0.25,
      "accepted": true,
      "minimum_J": 0.020046973061500627,
      "phi": 7.208519515005597e-05
    },
    {
      "target_lambda": 0.43,
      "newton_check": 2,
      "factor": 1.0,
      "accepted": false,
      "minimum_J": 0.01364678895320951,
      "phi": 0.0010118348817734861,
      "reason": "armijo_insufficient_decrease"
    },
    {
      "target_lambda": 0.43,
      "newton_check": 2,
      "factor": 0.5,
      "accepted": false,
      "minimum_J": 0.016858944984688783,
      "phi": 0.00012448499110219682,
      "reason": "armijo_insufficient_decrease"
    },
    {
      "target_lambda": 0.43,
      "newton_check": 2,
      "factor": 0.25,
      "accepted": true,
      "minimum_J": 0.01845597501742778,
      "phi": 6.0723538752049254e-05
    },
    {
      "target_lambda": 0.43,
      "newton_check": 3,
      "factor": 1.0,
      "accepted": false,
      "minimum_J": 0.013949929413598041,
      "phi": 0.0003032666641665421,
      "reason": "armijo_insufficient_decrease"
    },
    {
      "target_lambda": 0.43,
      "newton_check": 3,
      "factor": 0.5,
      "accepted": true,
      "minimum_J": 0.016210072501547847,
      "phi": 6.053305349856249e-05
    },
    {
      "target_lambda": 0.43,
      "newton_check": 4,
      "factor": 1.0,
      "accepted": true,
      "minimum_J": 0.014238046630566638,
      "phi": 1.7099775294318823e-05
    },
    {
      "target_lambda": 0.43,
      "newton_check": 5,
      "factor": 1.0,
      "accepted": true,
      "minimum_J": 0.014318148400783538,
      "phi": 1.8133884099592825e-13
    },
    {
      "target_lambda": 0.43,
      "newton_check": 6,
      "factor": 1.0,
      "accepted": true,
      "minimum_J": 0.014318359208872113,
      "phi": 1.395162126309268e-23
    },
    {
      "target_lambda": 0.44,
      "newton_check": 1,
      "factor": 1.0,
      "accepted": false,
      "minimum_J": 0.007353042400462909,
      "phi": 0.002689953443775722,
      "reason": "armijo_insufficient_decrease"
    },
    {
      "target_lambda": 0.44,
      "newton_check": 1,
      "factor": 0.5,
      "accepted": false,
      "minimum_J": 0.010859162343079964,
      "phi": 0.00021828410249569413,
      "reason": "armijo_insufficient_decrease"
    },
    {
      "target_lambda": 0.44,
      "newton_check": 1,
      "factor": 0.25,
      "accepted": true,
      "minimum_J": 0.012594626160578062,
      "phi": 6.740242742102928e-05
    },
    {
      "target_lambda": 0.44,
      "newton_check": 2,
      "factor": 1.0,
      "accepted": false,
      "minimum_J": 0.007927333315897745,
      "phi": 0.0007779610436113688,
      "reason": "armijo_insufficient_decrease"
    },
    {
      "target_lambda": 0.44,
      "newton_check": 2,
      "factor": 0.5,
      "accepted": false,
      "minimum_J": 0.01027415548265569,
      "phi": 0.00010012610458559657,
      "reason": "armijo_insufficient_decrease"
    },
    {
      "target_lambda": 0.44,
      "newton_check": 2,
      "factor": 0.25,
      "accepted": true,
      "minimum_J": 0.011437684757721611,
      "phi": 5.397029751364134e-05
    },
    {
      "target_lambda": 0.44,
      "newton_check": 3,
      "factor": 1.0,
      "accepted": false,
      "minimum_J": 0.00822935289569978,
      "phi": 0.0002314413786407014,
      "reason": "armijo_insufficient_decrease"
    },
    {
      "target_lambda": 0.44,
      "newton_check": 3,
      "factor": 0.5,
      "accepted": true,
      "minimum_J": 0.00984080557187696,
      "phi": 4.875177684231398e-05
    },
    {
      "target_lambda": 0.44,
      "newton_check": 4,
      "factor": 1.0,
      "accepted": true,
      "minimum_J": 0.008509400201252616,
      "phi": 1.2898516718185298e-05
    },
    {
      "target_lambda": 0.44,
      "newton_check": 5,
      "factor": 1.0,
      "accepted": true,
      "minimum_J": 0.00858330619682888,
      "phi": 3.9308721834320127e-13
    },
    {
      "target_lambda": 0.44,
      "newton_check": 6,
      "factor": 1.0,
      "accepted": true,
      "minimum_J": 0.008583625987445175,
      "phi": 1.1411900772855219e-22
    },
    {
      "target_lambda": 0.45,
      "newton_check": 1,
      "factor": 1.0,
      "accepted": false,
      "minimum_J": 0.0038737012794443785,
      "phi": 0.002044798318419096,
      "reason": "armijo_insufficient_decrease"
    },
    {
      "target_lambda": 0.45,
      "newton_check": 1,
      "factor": 0.5,
      "accepted": false,
      "minimum_J": 0.006249484752873855,
      "phi": 0.00017313336601015812,
      "reason": "armijo_insufficient_decrease"
    },
    {
      "target_lambda": 0.45,
      "newton_check": 1,
      "factor": 0.25,
      "accepted": true,
      "minimum_J": 0.007421760650016754,
      "phi": 6.319064835861594e-05
    },
    {
      "target_lambda": 0.45,
      "newton_check": 2,
      "factor": 1.0,
      "accepted": false,
      "minimum_J": 0.004402200738025444,
      "phi": 0.0005902217197734109,
      "reason": "armijo_insufficient_decrease"
    },
    {
      "target_lambda": 0.45,
      "newton_check": 2,
      "factor": 0.5,
      "accepted": false,
      "minimum_J": 0.005922720289041265,
      "phi": 7.996929269873898e-05,
      "reason": "armijo_insufficient_decrease"
    },
    {
      "target_lambda": 0.45,
      "newton_check": 2,
      "factor": 0.25,
      "accepted": true,
      "minimum_J": 0.006674925368285057,
      "phi": 4.8119171871017965e-05
    },
    {
      "target_lambda": 0.45,
      "newton_check": 3,
      "factor": 1.0,
      "accepted": false,
      "minimum_J": 0.004665950436758263,
      "phi": 0.0001759247880005515,
      "reason": "armijo_insufficient_decrease"
    },
    {
      "target_lambda": 0.45,
      "newton_check": 3,
      "factor": 0.5,
      "accepted": true,
      "minimum_J": 0.00567603722418742,
      "phi": 3.921506660450137e-05
    },
    {
      "target_lambda": 0.45,
      "newton_check": 4,
      "factor": 1.0,
      "accepted": true,
      "minimum_J": 0.004897497535786002,
      "phi": 9.906731522683721e-06
    },
    {
      "target_lambda": 0.45,
      "newton_check": 5,
      "factor": 1.0,
      "accepted": true,
      "minimum_J": 0.00495235733472604,
      "phi": 9.21194885777726e-13
    },
    {
      "target_lambda": 0.45,
      "newton_check": 6,
      "factor": 1.0,
      "accepted": true,
      "minimum_J": 0.0049527143088085365,
      "phi": 1.328235575268048e-21
    },
    {
      "target_lambda": 0.45999999999999996,
      "newton_check": 1,
      "factor": 1.0,
      "accepted": false,
      "minimum_J": 0.0020358572169001474,
      "phi": 0.001596713382195355,
      "reason": "armijo_insufficient_decrease"
    },
    {
      "target_lambda": 0.45999999999999996,
      "newton_check": 1,
      "factor": 0.5,
      "accepted": false,
      "minimum_J": 0.0035619969200675083,
      "phi": 0.00014083748343675332,
      "reason": "armijo_insufficient_decrease"
    },
    {
      "target_lambda": 0.45999999999999996,
      "newton_check": 1,
      "factor": 0.25,
      "accepted": true,
      "minimum_J": 0.004268415455185948,
      "phi": 5.995413392995468e-05
    },
    {
      "target_lambda": 0.45999999999999996,
      "newton_check": 2,
      "factor": 1.0,
      "accepted": false,
      "minimum_J": 0.002450128648581914,
      "phi": 0.0004675536404407142,
      "reason": "armijo_insufficient_decrease"
    },
    {
      "target_lambda": 0.45999999999999996,
      "newton_check": 2,
      "factor": 0.5,
      "accepted": false,
      "minimum_J": 0.0033891339157410562,
      "phi": 6.62198365312621e-05,
      "reason": "armijo_insufficient_decrease"
    },
    {
      "target_lambda": 0.45999999999999996,
      "newton_check": 2,
      "factor": 0.25,
      "accepted": true,
      "minimum_J": 0.003847059243184481,
      "phi": 4.385366248857888e-05
    },
    {
      "target_lambda": 0.45999999999999996,
      "newton_check": 3,
      "factor": 1.0,
      "accepted": false,
      "minimum_J": 0.0026458442269484124,
      "phi": 0.00014128866292621248,
      "reason": "armijo_insufficient_decrease"
    },
    {
      "target_lambda": 0.45999999999999996,
      "newton_check": 3,
      "factor": 0.5,
      "accepted": true,
      "minimum_J": 0.0032530982808152468,
      "phi": 3.287036347202822e-05
    },
    {
      "target_lambda": 0.45999999999999996,
      "newton_check": 4,
      "factor": 1.0,
      "accepted": true,
      "minimum_J": 0.002809072278709584,
      "phi": 8.193828224679985e-06
    },
    {
      "target_lambda": 0.45999999999999996,
      "newton_check": 5,
      "factor": 1.0,
      "accepted": true,
      "minimum_J": 0.002844503858336498,
      "phi": 1.832733305324015e-12
    },
    {
      "target_lambda": 0.45999999999999996,
      "newton_check": 6,
      "factor": 1.0,
      "accepted": true,
      "minimum_J": 0.002844788929051147,
      "phi": 4.907575598993217e-21
    },
    {
      "target_lambda": 0.47,
      "newton_check": 1,
      "factor": 1.0,
      "accepted": false,
      "minimum_J": 0.0012414514135775415,
      "phi": 0.0013524369716398474,
      "reason": "armijo_insufficient_decrease"
    },
    {
      "target_lambda": 0.47,
      "newton_check": 1,
      "factor": 0.5,
      "accepted": false,
      "minimum_J": 0.0020512944277105167,
      "phi": 0.00012173954529024801,
      "reason": "armijo_insufficient_decrease"
    },
    {
      "target_lambda": 0.47,
      "newton_check": 1,
      "factor": 0.25,
      "accepted": true,
      "minimum_J": 0.002450085242478884,
      "phi": 5.784906489638229e-05
    },
    {
      "target_lambda": 0.47,
      "newton_check": 2,
      "factor": 1.0,
      "accepted": false,
      "minimum_J": 0.0014939647703234734,
      "phi": 0.0004017641120626349,
      "reason": "armijo_insufficient_decrease"
    },
    {
      "target_lambda": 0.47,
      "newton_check": 2,
      "factor": 0.5,
      "accepted": false,
      "minimum_J": 0.001975734566761671,
      "phi": 5.832635246016154e-05,
      "reason": "armijo_insufficient_decrease"
    },
    {
      "target_lambda": 0.47,
      "newton_check": 2,
      "factor": 0.25,
      "accepted": true,
      "minimum_J": 0.002213837294710333,
      "phi": 4.121787128089298e-05
    },
    {
      "target_lambda": 0.47,
      "newton_check": 3,
      "factor": 1.0,
      "accepted": false,
      "minimum_J": 0.0016041992819210004,
      "phi": 0.00012295394060240418,
      "reason": "armijo_insufficient_decrease"
    },
    {
      "target_lambda": 0.47,
      "newton_check": 3,
      "factor": 0.5,
      "accepted": true,
      "minimum_J": 0.0019107804301434297,
      "phi": 2.9259538535202146e-05
    },
    {
      "target_lambda": 0.47,
      "newton_check": 4,
      "factor": 1.0,
      "accepted": true,
      "minimum_J": 0.0016907728760822995,
      "phi": 7.300340831588934e-06
    },
    {
      "target_lambda": 0.47,
      "newton_check": 5,
      "factor": 1.0,
      "accepted": true,
      "minimum_J": 0.0017083521015998837,
      "phi": 4.64325764296479e-12
    },
    {
      "target_lambda": 0.47,
      "newton_check": 6,
      "factor": 1.0,
      "accepted": true,
      "minimum_J": 0.0017084904682727249,
      "phi": 4.417402149882253e-20
    },
    {
      "target_lambda": 0.48000000000000004,
      "newton_check": 1,
      "factor": 1.0,
      "accepted": false,
      "minimum_J": 0.0009025432168891348,
      "phi": 0.001222344810439996,
      "reason": "armijo_insufficient_decrease"
    },
    {
      "target_lambda": 0.48000000000000004,
      "newton_check": 1,
      "factor": 0.5,
      "accepted": false,
      "minimum_J": 0.0013091987928812077,
      "phi": 0.0001112366690285357,
      "reason": "armijo_insufficient_decrease"
    },
    {
      "target_lambda": 0.48000000000000004,
      "newton_check": 1,
      "factor": 0.25,
      "accepted": true,
      "minimum_J": 0.0015097651181515226,
      "phi": 5.656736725486262e-05
    },
    {
      "target_lambda": 0.48000000000000004,
      "newton_check": 2,
      "factor": 1.0,
      "accepted": false,
      "minimum_J": 0.0010262551797945235,
      "phi": 0.0003648642570127408,
      "reason": "armijo_insufficient_decrease"
    },
    {
      "target_lambda": 0.48000000000000004,
      "newton_check": 2,
      "factor": 0.5,
      "accepted": true,
      "minimum_J": 0.0012695441469151361,
      "phi": 5.388706649599248e-05
    },
    {
      "target_lambda": 0.48000000000000004,
      "newton_check": 3,
      "factor": 1.0,
      "accepted": true,
      "minimum_J": 0.0011132279129314317,
      "phi": 2.1417333560708367e-05
    },
    {
      "target_lambda": 0.48000000000000004,
      "newton_check": 4,
      "factor": 1.0,
      "accepted": true,
      "minimum_J": 0.0011275913806909356,
      "phi": 2.4556057959723112e-11
    },
    {
      "target_lambda": 0.48000000000000004,
      "newton_check": 5,
      "factor": 1.0,
      "accepted": true,
      "minimum_J": 0.0011277522005478404,
      "phi": 1.073042210319149e-18
    },
    {
      "target_lambda": 0.49,
      "newton_check": 1,
      "factor": 1.0,
      "accepted": false,
      "minimum_J": 0.0007063469930446766,
      "phi": 0.0011170306862851463,
      "reason": "armijo_insufficient_decrease"
    },
    {
      "target_lambda": 0.49,
      "newton_check": 1,
      "factor": 0.5,
      "accepted": false,
      "minimum_J": 0.0009181009462135332,
      "phi": 0.0001045514968714457,
      "reason": "armijo_insufficient_decrease"
    },
    {
      "target_lambda": 0.49,
      "newton_check": 1,
      "factor": 0.25,
      "accepted": true,
      "minimum_J": 0.0010231894107357745,
      "phi": 5.573506374654579e-05
    },
    {
      "target_lambda": 0.49,
      "newton_check": 2,
      "factor": 1.0,
      "accepted": false,
      "minimum_J": 0.0007628140051047137,
      "phi": 0.0003408220004941784,
      "reason": "armijo_insufficient_decrease"
    },
    {
      "target_lambda": 0.49,
      "newton_check": 2,
      "factor": 0.5,
      "accepted": true,
      "minimum_J": 0.0008932971026720265,
      "phi": 5.107284946636306e-05
    },
    {
      "target_lambda": 0.49,
      "newton_check": 3,
      "factor": 1.0,
      "accepted": true,
      "minimum_J": 0.0008028251695007893,
      "phi": 2.0358645563000765e-05
    },
    {
      "target_lambda": 0.49,
      "newton_check": 4,
      "factor": 1.0,
      "accepted": true,
      "minimum_J": 0.0008098422179623331,
      "phi": 1.723230571546198e-11
    },
    {
      "target_lambda": 0.49,
      "newton_check": 5,
      "factor": 1.0,
      "accepted": true,
      "minimum_J": 0.0008099013571288526,
      "phi": 4.957814725040151e-19
    },
    {
      "target_lambda": 0.5,
      "newton_check": 1,
      "factor": 1.0,
      "accepted": false,
      "minimum_J": 0.0005719352942406215,
      "phi": 0.0010526516547791978,
      "reason": "armijo_insufficient_decrease"
    },
    {
      "target_lambda": 0.5,
      "newton_check": 1,
      "factor": 0.5,
      "accepted": false,
      "minimum_J": 0.0006905297287181283,
      "phi": 0.00010004932138013238,
      "reason": "armijo_insufficient_decrease"
    },
    {
      "target_lambda": 0.5,
      "newton_check": 1,
      "factor": 0.25,
      "accepted": true,
      "minimum_J": 0.0007501183936815174,
      "phi": 5.515506207898078e-05
    },
    {
      "target_lambda": 0.5,
      "newton_check": 2,
      "factor": 1.0,
      "accepted": false,
      "minimum_J": 0.000597957027699376,
      "phi": 0.00032430921514032624,
      "reason": "armijo_insufficient_decrease"
    },
    {
      "target_lambda": 0.5,
      "newton_check": 2,
      "factor": 0.5,
      "accepted": true,
      "minimum_J": 0.0006736622957403427,
      "phi": 4.911438840641242e-05
    },
    {
      "target_lambda": 0.5,
      "newton_check": 3,
      "factor": 1.0,
      "accepted": true,
      "minimum_J": 0.0006166957527102225,
      "phi": 1.9558426074326782e-05
    },
    {
      "target_lambda": 0.5,
      "newton_check": 4,
      "factor": 1.0,
      "accepted": true,
      "minimum_J": 0.000620161133595191,
      "phi": 1.2024750349322169e-11
    },
    {
      "target_lambda": 0.5,
      "newton_check": 5,
      "factor": 1.0,
      "accepted": true,
      "minimum_J": 0.0006201821351927578,
      "phi": 1.9177825288044183e-19
    },
    {
      "target_lambda": 0.51,
      "newton_check": 1,
      "factor": 1.0,
      "accepted": false,
      "minimum_J": 0.0004754703428287757,
      "phi": 0.0010046520335733758,
      "reason": "armijo_insufficient_decrease"
    },
    {
      "target_lambda": 0.51,
      "newton_check": 1,
      "factor": 0.5,
      "accepted": false,
      "minimum_J": 0.0005466556659777788,
      "phi": 9.662362415007909e-05,
      "reason": "armijo_insufficient_decrease"
    },
    {
      "target_lambda": 0.51,
      "newton_check": 1,
      "factor": 0.25,
      "accepted": true,
      "minimum_J": 0.0005831262573271697,
      "phi": 5.4713775282295796e-05
    },
    {
      "target_lambda": 0.51,
      "newton_check": 2,
      "factor": 1.0,
      "accepted": false,
      "minimum_J": 0.0004875646329225436,
      "phi": 0.00031151492032064655,
      "reason": "armijo_insufficient_decrease"
    },
    {
      "target_lambda": 0.51,
      "newton_check": 2,
      "factor": 0.5,
      "accepted": true,
      "minimum_J": 0.0005345987185567334,
      "phi": 4.759045784312585e-05
    },
    {
      "target_lambda": 0.51,
      "newton_check": 3,
      "factor": 1.0,
      "accepted": true,
      "minimum_J": 0.0004962558457660724,
      "phi": 1.890161020470816e-05
    },
    {
      "target_lambda": 0.51,
      "newton_check": 4,
      "factor": 1.0,
      "accepted": true,
      "minimum_J": 0.0004978620108400456,
      "phi": 9.948296770897402e-12
    },
    {
      "target_lambda": 0.51,
      "newton_check": 5,
      "factor": 1.0,
      "accepted": true,
      "minimum_J": 0.0004978685460204343,
      "phi": 1.1424890553280458e-19
    },
    {
      "target_lambda": 0.52,
      "newton_check": 1,
      "factor": 1.0,
      "accepted": false,
      "minimum_J": 0.00040464671452410925,
      "phi": 0.0009697822032527844,
      "reason": "armijo_insufficient_decrease"
    },
    {
      "target_lambda": 0.52,
      "newton_check": 1,
      "factor": 0.5,
      "accepted": false,
      "minimum_J": 0.000449610036655979,
      "phi": 9.390920274343068e-05,
      "reason": "armijo_insufficient_decrease"
    },
    {
      "target_lambda": 0.52,
      "newton_check": 1,
      "factor": 0.25,
      "accepted": true,
      "minimum_J": 0.00047332739293427675,
      "phi": 5.4358644739252625e-05
    },
    {
      "target_lambda": 0.52,
      "newton_check": 2,
      "factor": 1.0,
      "accepted": false,
      "minimum_J": 0.0004098539543498976,
      "phi": 0.0003016499493764008,
      "reason": "armijo_insufficient_decrease"
    },
    {
      "target_lambda": 0.52,
      "newton_check": 2,
      "factor": 0.5,
      "accepted": true,
      "minimum_J": 0.00044060779700613885,
      "phi": 4.6361517639023305e-05
    },
    {
      "target_lambda": 0.52,
      "newton_check": 3,
      "factor": 1.0,
      "accepted": true,
      "minimum_J": 0.0004133608056983065,
      "phi": 1.83542493671382e-05
    },
    {
      "target_lambda": 0.52,
      "newton_check": 4,
      "factor": 1.0,
      "accepted": true,
      "minimum_J": 0.00041391279611648556,
      "phi": 1.3615933111462837e-11
    },
    {
      "target_lambda": 0.52,
      "newton_check": 5,
      "factor": 1.0,
      "accepted": true,
      "minimum_J": 0.0004139141190743624,
      "phi": 1.489869106835027e-19
    },
    {
      "target_lambda": 0.53,
      "newton_check": 1,
      "factor": 1.0,
      "accepted": false,
      "minimum_J": 0.0003512622179806675,
      "phi": 0.0009454975349598477,
      "reason": "armijo_insufficient_decrease"
    },
    {
      "target_lambda": 0.53,
      "newton_check": 1,
      "factor": 0.5,
      "accepted": false,
      "minimum_J": 0.0003806281429760931,
      "phi": 9.17707261986183e-05,
      "reason": "armijo_insufficient_decrease"
    },
    {
      "target_lambda": 0.53,
      "newton_check": 1,
      "factor": 0.25,
      "accepted": true,
      "minimum_J": 0.0003967811246370406,
      "phi": 5.4066090617083736e-05
    },
    {
      "target_lambda": 0.53,
      "newton_check": 2,
      "factor": 1.0,
      "accepted": false,
      "minimum_J": 0.00035268944256823157,
      "phi": 0.00029417916667527204,
      "reason": "armijo_insufficient_decrease"
    },
    {
      "target_lambda": 0.53,
      "newton_check": 2,
      "factor": 0.5,
      "accepted": true,
      "minimum_J": 0.00037361179030471104,
      "phi": 4.5370569842051185e-05
    },
    {
      "target_lambda": 0.53,
      "newton_check": 3,
      "factor": 1.0,
      "accepted": true,
      "minimum_J": 0.000353318043354512,
      "phi": 1.7905984590489728e-05
    },
    {
      "target_lambda": 0.53,
      "newton_check": 4,
      "factor": 1.0,
      "accepted": true,
      "minimum_J": 0.0003532944366869256,
      "phi": 2.7268880623434857e-11
    },
    {
      "target_lambda": 0.53,
      "newton_check": 5,
      "factor": 1.0,
      "accepted": true,
      "minimum_J": 0.0003532945103066446,
      "phi": 4.34288159524915e-19
    },
    {
      "target_lambda": 0.54,
      "newton_check": 1,
      "factor": 1.0,
      "accepted": false,
      "minimum_J": 0.00030945743372086333,
      "phi": 0.000928334410797853,
      "reason": "armijo_insufficient_decrease"
    },
    {
      "target_lambda": 0.54,
      "newton_check": 1,
      "factor": 0.5,
      "accepted": false,
      "minimum_J": 0.0003293142848340684,
      "phi": 9.009260314164002e-05,
      "reason": "armijo_insufficient_decrease"
    },
    {
      "target_lambda": 0.54,
      "newton_check": 1,
      "factor": 0.25,
      "accepted": true,
      "minimum_J": 0.00034078897577564124,
      "phi": 5.382285751658444e-05
    },
    {
      "target_lambda": 0.54,
      "newton_check": 2,
      "factor": 1.0,
      "accepted": false,
      "minimum_J": 0.00030879057254402166,
      "phi": 0.00028871031258025803,
      "reason": "armijo_insufficient_decrease"
    },
    {
      "target_lambda": 0.54,
      "newton_check": 2,
      "factor": 0.5,
      "accepted": true,
      "minimum_J": 0.00032365946823031966,
      "phi": 4.458464086897526e-05
    },
    {
      "target_lambda": 0.54,
      "newton_check": 3,
      "factor": 1.0,
      "accepted": true,
      "minimum_J": 0.0003079555966584811,
      "phi": 1.7571338783320867e-05
    },
    {
      "target_lambda": 0.54,
      "newton_check": 4,
      "factor": 1.0,
      "accepted": true,
      "minimum_J": 0.0003076945806076811,
      "phi": 5.637973251922766e-11
    },
    {
      "target_lambda": 0.54,
      "newton_check": 5,
      "factor": 1.0,
      "accepted": true,
      "minimum_J": 0.0003076945475158617,
      "phi": 1.3539341581048378e-18
    },
    {
      "target_lambda": 0.55,
      "newton_check": 1,
      "factor": 1.0,
      "accepted": false,
      "minimum_J": 0.00027544991373731805,
      "phi": 0.0009200876043967845,
      "reason": "armijo_insufficient_decrease"
    },
    {
      "target_lambda": 0.55,
      "newton_check": 1,
      "factor": 0.5,
      "accepted": false,
      "minimum_J": 0.0002896583547317385,
      "phi": 8.891677654178097e-05,
      "reason": "armijo_insufficient_decrease"
    },
    {
      "target_lambda": 0.55,
      "newton_check": 1,
      "factor": 0.25,
      "accepted": true,
      "minimum_J": 0.0002981979821502277,
      "phi": 5.362536289273167e-05
    },
    {
      "target_lambda": 0.55,
      "newton_check": 2,
      "factor": 1.0,
      "accepted": false,
      "minimum_J": 0.00027386147697431944,
      "phi": 0.0002858718296361245,
      "reason": "armijo_insufficient_decrease"
    },
    {
      "target_lambda": 0.55,
      "newton_check": 2,
      "factor": 0.5,
      "accepted": true,
      "minimum_J": 0.0002850296061919775,
      "phi": 4.403373017335509e-05
    },
    {
      "target_lambda": 0.55,
      "newton_check": 3,
      "factor": 1.0,
      "accepted": true,
      "minimum_J": 0.0002725381139874946,
      "phi": 1.7383106136395333e-05
    },
    {
      "target_lambda": 0.55,
      "newton_check": 4,
      "factor": 1.0,
      "accepted": true,
      "minimum_J": 0.0002722617996286883,
      "phi": 1.1577617426419924e-10
    },
    {
      "target_lambda": 0.55,
      "newton_check": 5,
      "factor": 1.0,
      "accepted": true,
      "minimum_J": 0.0002722615912938341,
      "phi": 4.0895887584355145e-18
    },
    {
      "target_lambda": 0.56,
      "newton_check": 1,
      "factor": 1.0,
      "accepted": false,
      "minimum_J": 0.00024704944539779715,
      "phi": 0.0009248567308533534,
      "reason": "armijo_insufficient_decrease"
    },
    {
      "target_lambda": 0.56,
      "newton_check": 1,
      "factor": 0.5,
      "accepted": false,
      "minimum_J": 0.000258096181164836,
      "phi": 8.838356420020055e-05,
      "reason": "armijo_insufficient_decrease"
    },
    {
      "target_lambda": 0.56,
      "newton_check": 1,
      "factor": 0.25,
      "accepted": true,
      "minimum_J": 0.00026478905193407263,
      "phi": 5.3476293848081665e-05
    },
    {
      "target_lambda": 0.56,
      "newton_check": 2,
      "factor": 1.0,
      "accepted": false,
      "minimum_J": 0.00024533894379049064,
      "phi": 0.0002865750645980088,
      "reason": "armijo_insufficient_decrease"
    },
    {
      "target_lambda": 0.56,
      "newton_check": 2,
      "factor": 0.5,
      "accepted": true,
      "minimum_J": 0.0002542990496896775,
      "phi": 4.377613671915822e-05
    },
    {
      "target_lambda": 0.56,
      "newton_check": 3,
      "factor": 1.0,
      "accepted": true,
      "minimum_J": 0.0002441644896478492,
      "phi": 1.738731838182747e-05
    },
    {
      "target_lambda": 0.56,
      "newton_check": 4,
      "factor": 1.0,
      "accepted": true,
      "minimum_J": 0.00024401762727394033,
      "phi": 2.3422043844504375e-10
    },
    {
      "target_lambda": 0.56,
      "newton_check": 5,
      "factor": 1.0,
      "accepted": true,
      "minimum_J": 0.00024401707879294243,
      "phi": 1.2640235939593632e-17
    },
    {
      "target_lambda": 0.57,
      "newton_check": 1,
      "factor": 1.0,
      "accepted": false,
      "minimum_J": 0.0002228618643997244,
      "phi": 0.0009475265708419244,
      "reason": "armijo_insufficient_decrease"
    },
    {
      "target_lambda": 0.57,
      "newton_check": 1,
      "factor": 0.5,
      "accepted": false,
      "minimum_J": 0.00023239014629914705,
      "phi": 8.86749005117491e-05,
      "reason": "armijo_insufficient_decrease"
    },
    {
      "target_lambda": 0.57,
      "newton_check": 1,
      "factor": 0.25,
      "accepted": true,
      "minimum_J": 0.00023794128122116837,
      "phi": 5.338241553887291e-05
    },
    {
      "target_lambda": 0.57,
      "newton_check": 2,
      "factor": 1.0,
      "accepted": false,
      "minimum_J": 0.000221556736641151,
      "phi": 0.000292052488418976,
      "reason": "armijo_insufficient_decrease"
    },
    {
      "target_lambda": 0.57,
      "newton_check": 2,
      "factor": 0.5,
      "accepted": true,
      "minimum_J": 0.00022929841437072386,
      "phi": 4.389503943835662e-05
    },
    {
      "target_lambda": 0.57,
      "newton_check": 3,
      "factor": 1.0,
      "accepted": true,
      "minimum_J": 0.00022095484019194422,
      "phi": 1.7658657631609663e-05
    },
    {
      "target_lambda": 0.57,
      "newton_check": 4,
      "factor": 1.0,
      "accepted": true,
      "minimum_J": 0.0002210435032287005,
      "phi": 4.749363423429735e-10
    },
    {
      "target_lambda": 0.57,
      "newton_check": 5,
      "factor": 1.0,
      "accepted": true,
      "minimum_J": 0.00022104289348211684,
      "phi": 3.681957823088009e-17
    },
    {
      "target_lambda": 0.57,
      "newton_check": 6,
      "factor": 1.0,
      "accepted": true,
      "minimum_J": 0.000221042893433056,
      "phi": 9.574614699994481e-21
    },
    {
      "target_lambda": 0.58,
      "newton_check": 1,
      "factor": 1.0,
      "accepted": false,
      "minimum_J": 0.0002018624311411717,
      "phi": 0.0009967782756130116,
      "reason": "armijo_insufficient_decrease"
    },
    {
      "target_lambda": 0.58,
      "newton_check": 1,
      "factor": 0.5,
      "accepted": false,
      "minimum_J": 0.00021104619139567098,
      "phi": 9.01014919298269e-05,
      "reason": "armijo_insufficient_decrease"
    },
    {
      "target_lambda": 0.58,
      "newton_check": 1,
      "factor": 0.25,
      "accepted": true,
      "minimum_J": 0.00021594292469118484,
      "phi": 5.335846804202163e-05
    },
    {
      "target_lambda": 0.58,
      "newton_check": 2,
      "factor": 1.0,
      "accepted": false,
      "minimum_J": 0.00020134634220892104,
      "phi": 0.0003044526754590591,
      "reason": "armijo_insufficient_decrease"
    },
    {
      "target_lambda": 0.58,
      "newton_check": 2,
      "factor": 0.5,
      "accepted": true,
      "minimum_J": 0.00020857855153006398,
      "phi": 4.453484817838583e-05
    },
    {
      "target_lambda": 0.58,
      "newton_check": 3,
      "factor": 1.0,
      "accepted": true,
      "minimum_J": 0.00020163852226240866,
      "phi": 1.832354558933028e-05
    },
    {
      "target_lambda": 0.58,
      "newton_check": 4,
      "factor": 1.0,
      "accepted": true,
      "minimum_J": 0.00020205356026555728,
      "phi": 9.906667183090771e-10
    },
    {
      "target_lambda": 0.58,
      "newton_check": 5,
      "factor": 1.0,
      "accepted": true,
      "minimum_J": 0.00020205395520755007,
      "phi": 9.895038815185368e-17
    },
    {
      "target_lambda": 0.58,
      "newton_check": 6,
      "factor": 1.0,
      "accepted": true,
      "minimum_J": 0.00020205395522206488,
      "phi": 1.2524059234553781e-20
    },
    {
      "target_lambda": 0.5900000000000001,
      "newton_check": 1,
      "factor": 1.0,
      "accepted": false,
      "minimum_J": 0.00018326375927876586,
      "phi": 0.0010888644110875192,
      "reason": "armijo_insufficient_decrease"
    },
    {
      "target_lambda": 0.5900000000000001,
      "newton_check": 1,
      "factor": 0.5,
      "accepted": false,
      "minimum_J": 0.00019302714523889217,
      "phi": 9.321036107969273e-05,
      "reason": "armijo_insufficient_decrease"
    },
    {
      "target_lambda": 0.5900000000000001,
      "newton_check": 1,
      "factor": 0.25,
      "accepted": true,
      "minimum_J": 0.00019763262222767606,
      "phi": 5.343217355749944e-05
    },
    {
      "target_lambda": 0.5900000000000001,
      "newton_check": 2,
      "factor": 1.0,
      "accepted": false,
      "minimum_J": 0.00018387016334101827,
      "phi": 0.00032751017825329856,
      "reason": "armijo_insufficient_decrease"
    },
    {
      "target_lambda": 0.5900000000000001,
      "newton_check": 2,
      "factor": 0.5,
      "accepted": true,
      "minimum_J": 0.00019113935460896562,
      "phi": 4.59431575333198e-05
    },
    {
      "target_lambda": 0.5900000000000001,
      "newton_check": 3,
      "factor": 1.0,
      "accepted": true,
      "minimum_J": 0.0001853368045786487,
      "phi": 1.9592423238375907e-05
    },
    {
      "target_lambda": 0.5900000000000001,
      "newton_check": 4,
      "factor": 1.0,
      "accepted": true,
      "minimum_J": 0.0001861605101908548,
      "phi": 2.1651299687354952e-09
    },
    {
      "target_lambda": 0.5900000000000001,
      "newton_check": 5,
      "factor": 1.0,
      "accepted": true,
      "minimum_J": 0.00018616411425679457,
      "phi": 3.546302659029314e-16
    },
    {
      "target_lambda": 0.5900000000000001,
      "newton_check": 6,
      "factor": 1.0,
      "accepted": true,
      "minimum_J": 0.00018616411433336165,
      "phi": 4.473049726980659e-20
    },
    {
      "target_lambda": 0.6,
      "newton_check": 1,
      "factor": 1.0,
      "accepted": false,
      "minimum_J": 0.00016649352160629375,
      "phi": 0.0012544735429094991,
      "reason": "armijo_insufficient_decrease"
    },
    {
      "target_lambda": 0.6,
      "newton_check": 1,
      "factor": 0.5,
      "accepted": false,
      "minimum_J": 0.00017760515457332571,
      "phi": 9.895143425097414e-05,
      "reason": "armijo_insufficient_decrease"
    },
    {
      "target_lambda": 0.6,
      "newton_check": 1,
      "factor": 0.25,
      "accepted": true,
      "minimum_J": 0.0001822037186040596,
      "phi": 5.3652313593403124e-05
    },
    {
      "target_lambda": 0.6,
      "newton_check": 2,
      "factor": 1.0,
      "accepted": false,
      "minimum_J": 0.00016853663724251462,
      "phi": 0.00036773843911072304,
      "reason": "armijo_insufficient_decrease"
    },
    {
      "target_lambda": 0.6,
      "newton_check": 2,
      "factor": 0.5,
      "accepted": true,
      "minimum_J": 0.00017628056877517855,
      "phi": 4.854338019441812e-05
    },
    {
      "target_lambda": 0.6,
      "newton_check": 3,
      "factor": 1.0,
      "accepted": true,
      "minimum_J": 0.00017142976185781884,
      "phi": 2.18329910707471e-05
    },
    {
      "target_lambda": 0.6,
      "newton_check": 4,
      "factor": 1.0,
      "accepted": true,
      "minimum_J": 0.00017273898905203355,
      "phi": 4.895016956560245e-09
    },
    {
      "target_lambda": 0.6,
      "newton_check": 5,
      "factor": 1.0,
      "accepted": true,
      "minimum_J": 0.00017274949003363502,
      "phi": 1.7904962616262802e-15
    },
    {
      "target_lambda": 0.6,
      "newton_check": 6,
      "factor": 1.0,
      "accepted": true,
      "minimum_J": 0.00017274949061418785,
      "phi": 5.970036515692637e-21
    },
    {
      "target_lambda": 0.61,
      "newton_check": 1,
      "factor": 1.0,
      "accepted": false,
      "minimum_J": 0.00015112265366720558,
      "phi": 0.0015524041392073248,
      "reason": "armijo_insufficient_decrease"
    },
    {
      "target_lambda": 0.61,
      "newton_check": 1,
      "factor": 0.5,
      "accepted": false,
      "minimum_J": 0.0001642583959266717,
      "phi": 0.0001090395042684333,
      "reason": "armijo_insufficient_decrease"
    },
    {
      "target_lambda": 0.61,
      "newton_check": 1,
      "factor": 0.25,
      "accepted": true,
      "minimum_J": 0.00016908452421548792,
      "phi": 5.410769384621869e-05
    },
    {
      "target_lambda": 0.61,
      "newton_check": 2,
      "factor": 1.0,
      "accepted": false,
      "minimum_J": 0.00015490416849770755,
      "phi": 0.0004369727381877529,
      "reason": "armijo_insufficient_decrease"
    },
    {
      "target_lambda": 0.61,
      "newton_check": 2,
      "factor": 0.5,
      "accepted": true,
      "minimum_J": 0.00016349857444191327,
      "phi": 5.31031095154033e-05
    },
    {
      "target_lambda": 0.61,
      "newton_check": 3,
      "factor": 1.0,
      "accepted": true,
      "minimum_J": 0.0001594643434737847,
      "phi": 2.5720773949223494e-05
    },
    {
      "target_lambda": 0.61,
      "newton_check": 4,
      "factor": 1.0,
      "accepted": true,
      "minimum_J": 0.00016134053162878114,
      "phi": 1.0955404780594928e-08
    },
    {
      "target_lambda": 0.61,
      "newton_check": 5,
      "factor": 1.0,
      "accepted": true,
      "minimum_J": 0.0001613634205936667,
      "phi": 9.132685717330774e-15
    },
    {
      "target_lambda": 0.61,
      "newton_check": 6,
      "factor": 1.0,
      "accepted": true,
      "minimum_J": 0.00016136342372383145,
      "phi": 2.0822725141782314e-20
    },
    {
      "target_lambda": 0.62,
      "newton_check": 1,
      "factor": 1.0,
      "accepted": false,
      "minimum_J": 0.0001368038713105455,
      "phi": 0.002087651167894952,
      "reason": "armijo_insufficient_decrease"
    },
    {
      "target_lambda": 0.62,
      "newton_check": 1,
      "factor": 0.5,
      "accepted": false,
      "minimum_J": 0.00015260145290098496,
      "phi": 0.0001264664819935009,
      "reason": "armijo_insufficient_decrease"
    },
    {
      "target_lambda": 0.62,
      "newton_check": 1,
      "factor": 0.25,
      "accepted": true,
      "minimum_J": 0.0001578618896591073,
      "phi": 5.495478381790895e-05
    },
    {
      "target_lambda": 0.62,
      "newton_check": 2,
      "factor": 1.0,
      "accepted": false,
      "minimum_J": 0.00014264755284847894,
      "phi": 0.0005547314428012994,
      "reason": "armijo_insufficient_decrease"
    },
    {
      "target_lambda": 0.62,
      "newton_check": 2,
      "factor": 0.5,
      "accepted": false,
      "minimum_J": 0.0001524268101179948,
      "phi": 6.0909172786410914e-05,
      "reason": "armijo_insufficient_decrease"
    },
    {
      "target_lambda": 0.62,
      "newton_check": 2,
      "factor": 0.25,
      "accepted": true,
      "minimum_J": 0.0001556873721024589,
      "phi": 3.9065980017935096e-05
    },
    {
      "target_lambda": 0.62,
      "newton_check": 3,
      "factor": 1.0,
      "accepted": false,
      "minimum_J": 0.0001462939633828231,
      "phi": 0.00016794185997404744,
      "reason": "armijo_insufficient_decrease"
    },
    {
      "target_lambda": 0.62,
      "newton_check": 3,
      "factor": 0.5,
      "accepted": true,
      "minimum_J": 0.00015229887031388307,
      "phi": 3.0964465965700436e-05
    },
    {
      "target_lambda": 0.62,
      "newton_check": 4,
      "factor": 1.0,
      "accepted": true,
      "minimum_J": 0.00015019077031612886,
      "phi": 1.0736382528842896e-05
    },
    {
      "target_lambda": 0.62,
      "newton_check": 5,
      "factor": 1.0,
      "accepted": true,
      "minimum_J": 0.00015166299039458386,
      "phi": 2.9456736066572415e-09
    },
    {
      "target_lambda": 0.62,
      "newton_check": 6,
      "factor": 1.0,
      "accepted": true,
      "minimum_J": 0.00015167744935272592,
      "phi": 6.149746444144845e-16
    },
    {
      "target_lambda": 0.62,
      "newton_check": 7,
      "factor": 1.0,
      "accepted": true,
      "minimum_J": 0.00015167745043227676,
      "phi": 2.392231567518492e-20
    },
    {
      "target_lambda": 0.63,
      "newton_check": 1,
      "factor": 1.0,
      "accepted": false,
      "minimum_J": 0.00012352572114321075,
      "phi": 0.0029823419019623237,
      "reason": "armijo_insufficient_decrease"
    },
    {
      "target_lambda": 0.63,
      "newton_check": 1,
      "factor": 0.5,
      "accepted": false,
      "minimum_J": 0.00014240752583312928,
      "phi": 0.00015454777088099426,
      "reason": "armijo_insufficient_decrease"
    },
    {
      "target_lambda": 0.63,
      "newton_check": 1,
      "factor": 0.25,
      "accepted": true,
      "minimum_J": 0.00014824397314549956,
      "phi": 5.636712961990665e-05
    },
    {
      "target_lambda": 0.63,
      "newton_check": 2,
      "factor": 1.0,
      "accepted": false,
      "minimum_J": 0.00013173830615479214,
      "phi": 0.0007358682790595449,
      "reason": "armijo_insufficient_decrease"
    },
    {
      "target_lambda": 0.63,
      "newton_check": 2,
      "factor": 0.5,
      "accepted": false,
      "minimum_J": 0.00014284814942891653,
      "phi": 7.301999762547856e-05,
      "reason": "armijo_insufficient_decrease"
    },
    {
      "target_lambda": 0.63,
      "newton_check": 2,
      "factor": 0.25,
      "accepted": true,
      "minimum_J": 0.00014626031373119125,
      "phi": 4.157938709456264e-05
    },
    {
      "target_lambda": 0.63,
      "newton_check": 3,
      "factor": 1.0,
      "accepted": false,
      "minimum_J": 0.0001365731641379448,
      "phi": 0.00021798782001809523,
      "reason": "armijo_insufficient_decrease"
    },
    {
      "target_lambda": 0.63,
      "newton_check": 3,
      "factor": 0.5,
      "accepted": true,
      "minimum_J": 0.00014310299607055128,
      "phi": 3.689276469718506e-05
    },
    {
      "target_lambda": 0.63,
      "newton_check": 4,
      "factor": 1.0,
      "accepted": true,
      "minimum_J": 0.00014156744204638208,
      "phi": 1.3847264156671309e-05
    },
    {
      "target_lambda": 0.63,
      "newton_check": 5,
      "factor": 1.0,
      "accepted": true,
      "minimum_J": 0.0001433913731756762,
      "phi": 5.228356322230964e-09
    },
    {
      "target_lambda": 0.63,
      "newton_check": 6,
      "factor": 1.0,
      "accepted": true,
      "minimum_J": 0.00014341506379776677,
      "phi": 1.7733811448650612e-15
    },
    {
      "target_lambda": 0.63,
      "newton_check": 7,
      "factor": 1.0,
      "accepted": true,
      "minimum_J": 0.00014341506699517152,
      "phi": 1.943778154803162e-19
    },
    {
      "target_lambda": 0.64,
      "newton_check": 1,
      "factor": 1.0,
      "accepted": false,
      "minimum_J": 0.00011212492790035966,
      "phi": 0.004132015556705572,
      "reason": "armijo_insufficient_decrease"
    },
    {
      "target_lambda": 0.64,
      "newton_check": 1,
      "factor": 0.5,
      "accepted": false,
      "minimum_J": 0.00013368046240916316,
      "phi": 0.0001903489527114299,
      "reason": "armijo_insufficient_decrease"
    },
    {
      "target_lambda": 0.64,
      "newton_check": 1,
      "factor": 0.25,
      "accepted": true,
      "minimum_J": 0.0001400253809427099,
      "phi": 5.819327422732307e-05
    },
    {
      "target_lambda": 0.64,
      "newton_check": 2,
      "factor": 1.0,
      "accepted": false,
      "minimum_J": 0.00012268340449924292,
      "phi": 0.0009367564066820949,
      "reason": "armijo_insufficient_decrease"
    },
    {
      "target_lambda": 0.64,
      "newton_check": 2,
      "factor": 0.5,
      "accepted": false,
      "minimum_J": 0.00013471306475245395,
      "phi": 8.694928482397392e-05,
      "reason": "armijo_insufficient_decrease"
    },
    {
      "target_lambda": 0.64,
      "newton_check": 2,
      "factor": 0.25,
      "accepted": true,
      "minimum_J": 0.0001382088908550438,
      "phi": 4.464220562619977e-05
    },
    {
      "target_lambda": 0.64,
      "newton_check": 3,
      "factor": 1.0,
      "accepted": false,
      "minimum_J": 0.00012851294864977376,
      "phi": 0.00026798743964387905,
      "reason": "armijo_insufficient_decrease"
    },
    {
      "target_lambda": 0.64,
      "newton_check": 3,
      "factor": 0.5,
      "accepted": true,
      "minimum_J": 0.0001352882988157316,
      "phi": 4.328186471465582e-05
    },
    {
      "target_lambda": 0.64,
      "newton_check": 4,
      "factor": 1.0,
      "accepted": true,
      "minimum_J": 0.00013425559616188557,
      "phi": 1.6339030556269074e-05
    },
    {
      "target_lambda": 0.64,
      "newton_check": 5,
      "factor": 1.0,
      "accepted": true,
      "minimum_J": 0.00013623463665123943,
      "phi": 6.524057735285095e-09
    },
    {
      "target_lambda": 0.64,
      "newton_check": 6,
      "factor": 1.0,
      "accepted": true,
      "minimum_J": 0.00013626475166748182,
      "phi": 2.478091660440362e-15
    },
    {
      "target_lambda": 0.64,
      "newton_check": 7,
      "factor": 1.0,
      "accepted": true,
      "minimum_J": 0.00013626475796685856,
      "phi": 4.067231846969835e-20
    },
    {
      "target_lambda": 0.65,
      "newton_check": 1,
      "factor": 1.0,
      "accepted": false,
      "minimum_J": 0.00010421831630668523,
      "phi": 0.004858565064270312,
      "reason": "armijo_insufficient_decrease"
    },
    {
      "target_lambda": 0.65,
      "newton_check": 1,
      "factor": 0.5,
      "accepted": false,
      "minimum_J": 0.0001265747819111826,
      "phi": 0.0002161858251894372,
      "reason": "armijo_insufficient_decrease"
    },
    {
      "target_lambda": 0.65,
      "newton_check": 1,
      "factor": 0.25,
      "accepted": true,
      "minimum_J": 0.00013300308113197015,
      "phi": 5.952563119204114e-05
    },
    {
      "target_lambda": 0.65,
      "newton_check": 2,
      "factor": 1.0,
      "accepted": false,
      "minimum_J": 0.00011624198603178022,
      "phi": 0.0010256366279752392,
      "reason": "armijo_insufficient_decrease"
    },
    {
      "target_lambda": 0.65,
      "newton_check": 2,
      "factor": 0.5,
      "accepted": false,
      "minimum_J": 0.00012801600267082328,
      "phi": 9.448987465069968e-05,
      "reason": "armijo_insufficient_decrease"
    },
    {
      "target_lambda": 0.65,
      "newton_check": 2,
      "factor": 0.25,
      "accepted": true,
      "minimum_J": 0.00013135790917353894,
      "phi": 4.659462619220794e-05
    },
    {
      "target_lambda": 0.65,
      "newton_check": 3,
      "factor": 1.0,
      "accepted": false,
      "minimum_J": 0.00012234943600252863,
      "phi": 0.00028395763899161265,
      "reason": "armijo_insufficient_decrease"
    },
    {
      "target_lambda": 0.65,
      "newton_check": 3,
      "factor": 0.5,
      "accepted": true,
      "minimum_J": 0.0001287352457846215,
      "phi": 4.61796784669889e-05
    },
    {
      "target_lambda": 0.65,
      "newton_check": 4,
      "factor": 1.0,
      "accepted": true,
      "minimum_J": 0.00012802597347790233,
      "phi": 1.648831868673871e-05
    },
    {
      "target_lambda": 0.65,
      "newton_check": 5,
      "factor": 1.0,
      "accepted": true,
      "minimum_J": 0.00012985259049606244,
      "phi": 5.411174806790543e-09
    },
    {
      "target_lambda": 0.65,
      "newton_check": 6,
      "factor": 1.0,
      "accepted": true,
      "minimum_J": 0.00012987986716312127,
      "phi": 1.5977110219746761e-15
    },
    {
      "target_lambda": 0.65,
      "newton_check": 7,
      "factor": 1.0,
      "accepted": true,
      "minimum_J": 0.00012987987291307275,
      "phi": 1.0352605894818952e-19
    },
    {
      "target_lambda": 0.6599999999999999,
      "newton_check": 1,
      "factor": 1.0,
      "accepted": false,
      "minimum_J": 0.000100556712724703,
      "phi": 0.004622355448419829,
      "reason": "armijo_insufficient_decrease"
    },
    {
      "target_lambda": 0.6599999999999999,
      "newton_check": 1,
      "factor": 0.5,
      "accepted": false,
      "minimum_J": 0.00012102469062916333,
      "phi": 0.00021577842330961777,
      "reason": "armijo_insufficient_decrease"
    },
    {
      "target_lambda": 0.6599999999999999,
      "newton_check": 1,
      "factor": 0.25,
      "accepted": true,
      "minimum_J": 0.0001269038812242861,
      "phi": 5.951698251935444e-05
    },
    {
      "target_lambda": 0.6599999999999999,
      "newton_check": 2,
      "factor": 1.0,
      "accepted": false,
      "minimum_J": 0.00011218635206885623,
      "phi": 0.0009614860294534591,
      "reason": "armijo_insufficient_decrease"
    },
    {
      "target_lambda": 0.6599999999999999,
      "newton_check": 2,
      "factor": 0.5,
      "accepted": false,
      "minimum_J": 0.00012249417975805353,
      "phi": 9.186546857905304e-05,
      "reason": "armijo_insufficient_decrease"
    },
    {
      "target_lambda": 0.6599999999999999,
      "newton_check": 2,
      "factor": 0.25,
      "accepted": true,
      "minimum_J": 0.00012543629626674287,
      "phi": 4.631112027195992e-05
    },
    {
      "target_lambda": 0.6599999999999999,
      "newton_check": 3,
      "factor": 1.0,
      "accepted": false,
      "minimum_J": 0.00011764665979204585,
      "phi": 0.0002650953120615449,
      "reason": "armijo_insufficient_decrease"
    },
    {
      "target_lambda": 0.6599999999999999,
      "newton_check": 3,
      "factor": 0.5,
      "accepted": true,
      "minimum_J": 0.00012313541501824432,
      "phi": 4.458421091391486e-05
    },
    {
      "target_lambda": 0.6599999999999999,
      "newton_check": 4,
      "factor": 1.0,
      "accepted": true,
      "minimum_J": 0.00012250301605162662,
      "phi": 1.5218744774005865e-05
    },
    {
      "target_lambda": 0.6599999999999999,
      "newton_check": 5,
      "factor": 1.0,
      "accepted": true,
      "minimum_J": 0.0001239971553523612,
      "phi": 3.776608820334235e-09
    },
    {
      "target_lambda": 0.6599999999999999,
      "newton_check": 6,
      "factor": 1.0,
      "accepted": true,
      "minimum_J": 0.00012401638643681596,
      "phi": 7.844850785212021e-16
    },
    {
      "target_lambda": 0.6599999999999999,
      "newton_check": 7,
      "factor": 1.0,
      "accepted": true,
      "minimum_J": 0.0001240163896270901,
      "phi": 1.1416732756127304e-19
    },
    {
      "target_lambda": 0.67,
      "newton_check": 1,
      "factor": 1.0,
      "accepted": false,
      "minimum_J": 9.937943231901233e-05,
      "phi": 0.004002191942151404,
      "reason": "armijo_insufficient_decrease"
    },
    {
      "target_lambda": 0.67,
      "newton_check": 1,
      "factor": 0.5,
      "accepted": false,
      "minimum_J": 0.0001164461030857245,
      "phi": 0.0002009626477217967,
      "reason": "armijo_insufficient_decrease"
    },
    {
      "target_lambda": 0.67,
      "newton_check": 1,
      "factor": 0.25,
      "accepted": true,
      "minimum_J": 0.00012141829438525669,
      "phi": 5.873764209850618e-05
    },
    {
      "target_lambda": 0.67,
      "newton_check": 2,
      "factor": 1.0,
      "accepted": false,
      "minimum_J": 0.00010912081054595948,
      "phi": 0.0008685508082423598,
      "reason": "armijo_insufficient_decrease"
    },
    {
      "target_lambda": 0.67,
      "newton_check": 2,
      "factor": 0.5,
      "accepted": false,
      "minimum_J": 0.0001176242955371709,
      "phi": 8.61035136077599e-05,
      "reason": "armijo_insufficient_decrease"
    },
    {
      "target_lambda": 0.67,
      "newton_check": 2,
      "factor": 0.25,
      "accepted": true,
      "minimum_J": 0.00012010998072843324,
      "phi": 4.503987346491389e-05
    },
    {
      "target_lambda": 0.67,
      "newton_check": 3,
      "factor": 1.0,
      "accepted": false,
      "minimum_J": 0.00011353651481864918,
      "phi": 0.0002439297509190196,
      "reason": "armijo_insufficient_decrease"
    },
    {
      "target_lambda": 0.67,
      "newton_check": 3,
      "factor": 0.5,
      "accepted": true,
      "minimum_J": 0.00011808323695680326,
      "phi": 4.1995192121873756e-05
    },
    {
      "target_lambda": 0.67,
      "newton_check": 4,
      "factor": 1.0,
      "accepted": true,
      "minimum_J": 0.00011739747399826571,
      "phi": 1.4261055693487536e-05
    },
    {
      "target_lambda": 0.67,
      "newton_check": 5,
      "factor": 1.0,
      "accepted": true,
      "minimum_J": 0.00011856229082590965,
      "phi": 3.082002241838742e-09
    },
    {
      "target_lambda": 0.67,
      "newton_check": 6,
      "factor": 1.0,
      "accepted": true,
      "minimum_J": 0.00011857454371385151,
      "phi": 4.649057857314815e-16
    },
    {
      "target_lambda": 0.67,
      "newton_check": 7,
      "factor": 1.0,
      "accepted": true,
      "minimum_J": 0.0001185745450591578,
      "phi": 3.6362895411676796e-19
    },
    {
      "target_lambda": 0.6799999999999999,
      "newton_check": 1,
      "factor": 1.0,
      "accepted": false,
      "minimum_J": 9.850857512811054e-05,
      "phi": 0.00362986262890388,
      "reason": "armijo_insufficient_decrease"
    },
    {
      "target_lambda": 0.6799999999999999,
      "newton_check": 1,
      "factor": 0.5,
      "accepted": false,
      "minimum_J": 0.00011224691884467788,
      "phi": 0.00019014842467592014,
      "reason": "armijo_insufficient_decrease"
    },
    {
      "target_lambda": 0.6799999999999999,
      "newton_check": 1,
      "factor": 0.25,
      "accepted": true,
      "minimum_J": 0.0001163370716408131,
      "phi": 5.813221013294186e-05
    },
    {
      "target_lambda": 0.6799999999999999,
      "newton_check": 2,
      "factor": 1.0,
      "accepted": false,
      "minimum_J": 0.00010612084731453804,
      "phi": 0.0008226263467591635,
      "reason": "armijo_insufficient_decrease"
    },
    {
      "target_lambda": 0.6799999999999999,
      "newton_check": 2,
      "factor": 0.5,
      "accepted": false,
      "minimum_J": 0.00011306803615294551,
      "phi": 8.283636063569376e-05,
      "reason": "armijo_insufficient_decrease"
    },
    {
      "target_lambda": 0.6799999999999999,
      "newton_check": 2,
      "factor": 0.25,
      "accepted": true,
      "minimum_J": 0.00011516232306500115,
      "phi": 4.418670314476958e-05
    },
    {
      "target_lambda": 0.6799999999999999,
      "newton_check": 3,
      "factor": 1.0,
      "accepted": false,
      "minimum_J": 0.00010958410790419988,
      "phi": 0.00023527412948749012,
      "reason": "armijo_insufficient_decrease"
    },
    {
      "target_lambda": 0.6799999999999999,
      "newton_check": 3,
      "factor": 0.5,
      "accepted": true,
      "minimum_J": 0.00011335577368611667,
      "phi": 4.069271400183164e-05
    },
    {
      "target_lambda": 0.6799999999999999,
      "newton_check": 4,
      "factor": 1.0,
      "accepted": true,
      "minimum_J": 0.00011260833042097727,
      "phi": 1.4083660678770943e-05
    },
    {
      "target_lambda": 0.6799999999999999,
      "newton_check": 5,
      "factor": 1.0,
      "accepted": true,
      "minimum_J": 0.0001135115627468272,
      "phi": 3.1394232939077334e-09
    },
    {
      "target_lambda": 0.6799999999999999,
      "newton_check": 6,
      "factor": 1.0,
      "accepted": true,
      "minimum_J": 0.00011351922966368941,
      "phi": 4.5184108572868015e-16
    },
    {
      "target_lambda": 0.6799999999999999,
      "newton_check": 7,
      "factor": 1.0,
      "accepted": true,
      "minimum_J": 0.00011351923007332631,
      "phi": 1.0877316673869932e-18
    },
    {
      "target_lambda": 0.69,
      "newton_check": 1,
      "factor": 1.0,
      "accepted": false,
      "minimum_J": 9.71529895666835e-05,
      "phi": 0.003584402727080655,
      "reason": "armijo_insufficient_decrease"
    },
    {
      "target_lambda": 0.69,
      "newton_check": 1,
      "factor": 0.5,
      "accepted": false,
      "minimum_J": 0.00010821020339829407,
      "phi": 0.00018835756702806616,
      "reason": "armijo_insufficient_decrease"
    },
    {
      "target_lambda": 0.69,
      "newton_check": 1,
      "factor": 0.25,
      "accepted": true,
      "minimum_J": 0.00011158324012827812,
      "phi": 5.798591976178012e-05
    },
    {
      "target_lambda": 0.69,
      "newton_check": 2,
      "factor": 1.0,
      "accepted": false,
      "minimum_J": 0.00010300508442428329,
      "phi": 0.0008242865395348516,
      "reason": "armijo_insufficient_decrease"
    },
    {
      "target_lambda": 0.69,
      "newton_check": 2,
      "factor": 0.5,
      "accepted": false,
      "minimum_J": 0.00010873774546733226,
      "phi": 8.278546577998602e-05,
      "reason": "armijo_insufficient_decrease"
    },
    {
      "target_lambda": 0.69,
      "newton_check": 2,
      "factor": 0.25,
      "accepted": true,
      "minimum_J": 0.00011052138859534337,
      "phi": 4.406800049981353e-05
    },
    {
      "target_lambda": 0.69,
      "newton_check": 3,
      "factor": 1.0,
      "accepted": false,
      "minimum_J": 0.00010572734316033627,
      "phi": 0.00023830443730049866,
      "reason": "armijo_insufficient_decrease"
    },
    {
      "target_lambda": 0.69,
      "newton_check": 3,
      "factor": 0.5,
      "accepted": true,
      "minimum_J": 0.0001088966363389097,
      "phi": 4.087878260673214e-05
    },
    {
      "target_lambda": 0.69,
      "newton_check": 4,
      "factor": 1.0,
      "accepted": true,
      "minimum_J": 0.00010811440357177855,
      "phi": 1.4581790356707982e-05
    },
    {
      "target_lambda": 0.69,
      "newton_check": 5,
      "factor": 1.0,
      "accepted": true,
      "minimum_J": 0.00010882218553269669,
      "phi": 3.585625290910795e-09
    },
    {
      "target_lambda": 0.69,
      "newton_check": 6,
      "factor": 1.0,
      "accepted": true,
      "minimum_J": 0.0001088270447986336,
      "phi": 5.050038971246177e-16
    },
    {
      "target_lambda": 0.69,
      "newton_check": 7,
      "factor": 1.0,
      "accepted": true,
      "minimum_J": 0.00010882704503944122,
      "phi": 3.179468329842088e-19
    },
    {
      "target_lambda": 0.7000000000000001,
      "newton_check": 1,
      "factor": 1.0,
      "accepted": false,
      "minimum_J": 9.53026904409712e-05,
      "phi": 0.003783275779134403,
      "reason": "armijo_insufficient_decrease"
    },
    {
      "target_lambda": 0.7000000000000001,
      "newton_check": 1,
      "factor": 0.5,
      "accepted": false,
      "minimum_J": 0.0001043163222803597,
      "phi": 0.00019457251488607167,
      "reason": "armijo_insufficient_decrease"
    },
    {
      "target_lambda": 0.7000000000000001,
      "newton_check": 1,
      "factor": 0.25,
      "accepted": true,
      "minimum_J": 0.00010713454729558625,
      "phi": 5.8263621270027707e-05
    },
    {
      "target_lambda": 0.7000000000000001,
      "newton_check": 2,
      "factor": 1.0,
      "accepted": false,
      "minimum_J": 9.982111818624826e-05,
      "phi": 0.0008621698973676895,
      "reason": "armijo_insufficient_decrease"
    },
    {
      "target_lambda": 0.7000000000000001,
      "newton_check": 2,
      "factor": 0.5,
      "accepted": false,
      "minimum_J": 0.00010462840321731136,
      "phi": 8.541093562259276e-05,
      "reason": "armijo_insufficient_decrease"
    },
    {
      "target_lambda": 0.7000000000000001,
      "newton_check": 2,
      "factor": 0.25,
      "accepted": true,
      "minimum_J": 0.00010616911787570488,
      "phi": 4.4596675416208515e-05
    },
    {
      "target_lambda": 0.7000000000000001,
      "newton_check": 3,
      "factor": 1.0,
      "accepted": false,
      "minimum_J": 0.00010198919594584293,
      "phi": 0.0002507873415682883,
      "reason": "armijo_insufficient_decrease"
    },
    {
      "target_lambda": 0.7000000000000001,
      "newton_check": 3,
      "factor": 0.5,
      "accepted": true,
      "minimum_J": 0.00010469667267807239,
      "phi": 4.2323763718897694e-05
    },
    {
      "target_lambda": 0.7000000000000001,
      "newton_check": 4,
      "factor": 1.0,
      "accepted": true,
      "minimum_J": 0.00010390434135935777,
      "phi": 1.5690531037281772e-05
    },
    {
      "target_lambda": 0.7000000000000001,
      "newton_check": 5,
      "factor": 1.0,
      "accepted": true,
      "minimum_J": 0.0001044706982662627,
      "phi": 4.319466633708319e-09
    },
    {
      "target_lambda": 0.7000000000000001,
      "newton_check": 6,
      "factor": 1.0,
      "accepted": true,
      "minimum_J": 0.00010447388920607317,
      "phi": 5.800957424576212e-16
    },
    {
      "target_lambda": 0.7000000000000001,
      "newton_check": 7,
      "factor": 1.0,
      "accepted": true,
      "minimum_J": 0.0001044738892198007,
      "phi": 1.5673298970401397e-18
    },
    {
      "target_lambda": 0.71,
      "newton_check": 1,
      "factor": 1.0,
      "accepted": false,
      "minimum_J": 9.307365700770522e-05,
      "phi": 0.004200894627062549,
      "reason": "armijo_insufficient_decrease"
    },
    {
      "target_lambda": 0.71,
      "newton_check": 1,
      "factor": 0.5,
      "accepted": false,
      "minimum_J": 0.00010057583989522661,
      "phi": 0.00020833038058548642,
      "reason": "armijo_insufficient_decrease"
    },
    {
      "target_lambda": 0.71,
      "newton_check": 1,
      "factor": 0.25,
      "accepted": true,
      "minimum_J": 0.0001029753812558893,
      "phi": 5.894754202089822e-05
    },
    {
      "target_lambda": 0.71,
      "newton_check": 2,
      "factor": 1.0,
      "accepted": false,
      "minimum_J": 9.661618118072092e-05,
      "phi": 0.0009351487360028858,
      "reason": "armijo_insufficient_decrease"
    },
    {
      "target_lambda": 0.71,
      "newton_check": 2,
      "factor": 0.5,
      "accepted": false,
      "minimum_J": 0.00010073765263613933,
      "phi": 9.065505126661249e-05,
      "reason": "armijo_insufficient_decrease"
    },
    {
      "target_lambda": 0.71,
      "newton_check": 2,
      "factor": 0.25,
      "accepted": true,
      "minimum_J": 0.0001020919848014885,
      "phi": 4.575295732670044e-05
    },
    {
      "target_lambda": 0.71,
      "newton_check": 3,
      "factor": 1.0,
      "accepted": false,
      "minimum_J": 9.838216807673621e-05,
      "phi": 0.00027319660286232497,
      "reason": "armijo_insufficient_decrease"
    },
    {
      "target_lambda": 0.71,
      "newton_check": 3,
      "factor": 0.5,
      "accepted": true,
      "minimum_J": 0.00010074597291069145,
      "phi": 4.50550837249576e-05
    },
    {
      "target_lambda": 0.71,
      "newton_check": 4,
      "factor": 1.0,
      "accepted": true,
      "minimum_J": 9.996182887689946e-05,
      "phi": 1.751779037959584e-05
    },
    {
      "target_lambda": 0.71,
      "newton_check": 5,
      "factor": 1.0,
      "accepted": true,
      "minimum_J": 0.00010043248089077485,
      "phi": 5.496626532547851e-09
    },
    {
      "target_lambda": 0.71,
      "newton_check": 6,
      "factor": 1.0,
      "accepted": true,
      "minimum_J": 0.00010043473906140789,
      "phi": 8.179661586037477e-16
    },
    {
      "target_lambda": 0.71,
      "newton_check": 7,
      "factor": 1.0,
      "accepted": true,
      "minimum_J": 0.00010043473916048843,
      "phi": 8.474578309502862e-19
    },
    {
      "target_lambda": 0.7200000000000001,
      "newton_check": 1,
      "factor": 1.0,
      "accepted": false,
      "minimum_J": 9.054173433576406e-05,
      "phi": 0.004899308471213048,
      "reason": "armijo_insufficient_decrease"
    },
    {
      "target_lambda": 0.7200000000000001,
      "newton_check": 1,
      "factor": 0.5,
      "accepted": false,
      "minimum_J": 9.698886469861981e-05,
      "phi": 0.00023112509931117294,
      "reason": "armijo_insufficient_decrease"
    },
    {
      "target_lambda": 0.7200000000000001,
      "newton_check": 1,
      "factor": 0.25,
      "accepted": true,
      "minimum_J": 9.908695891764016e-05,
      "phi": 6.0114389806274825e-05
    },
    {
      "target_lambda": 0.7200000000000001,
      "newton_check": 2,
      "factor": 1.0,
      "accepted": false,
      "minimum_J": 9.341438516111001e-05,
      "phi": 0.001052178020251646,
      "reason": "armijo_insufficient_decrease"
    },
    {
      "target_lambda": 0.7200000000000001,
      "newton_check": 2,
      "factor": 0.5,
      "accepted": false,
      "minimum_J": 9.7055809958623e-05,
      "phi": 9.908673841283331e-05,
      "reason": "armijo_insufficient_decrease"
    },
    {
      "target_lambda": 0.7200000000000001,
      "newton_check": 2,
      "factor": 0.25,
      "accepted": true,
      "minimum_J": 9.827266891841636e-05,
      "phi": 4.7663532857641685e-05
    },
    {
      "target_lambda": 0.7200000000000001,
      "newton_check": 3,
      "factor": 1.0,
      "accepted": false,
      "minimum_J": 9.490785733661497e-05,
      "phi": 0.0003082254791028031,
      "reason": "armijo_insufficient_decrease"
    },
    {
      "target_lambda": 0.7200000000000001,
      "newton_check": 3,
      "factor": 0.5,
      "accepted": false,
      "minimum_J": 9.703001850368175e-05,
      "phi": 4.937986009857596e-05,
      "reason": "armijo_insufficient_decrease"
    },
    {
      "target_lambda": 0.7200000000000001,
      "newton_check": 3,
      "factor": 0.25,
      "accepted": true,
      "minimum_J": 9.776128255458792e-05,
      "phi": 3.523638195680685e-05
    },
    {
      "target_lambda": 0.7200000000000001,
      "newton_check": 4,
      "factor": 1.0,
      "accepted": false,
      "minimum_J": 9.570692931743477e-05,
      "phi": 9.969722423937718e-05,
      "reason": "armijo_insufficient_decrease"
    },
    {
      "target_lambda": 0.7200000000000001,
      "newton_check": 4,
      "factor": 0.5,
      "accepted": true,
      "minimum_J": 9.697698131042531e-05,
      "phi": 2.5891931288639013e-05
    },
    {
      "target_lambda": 0.7200000000000001,
      "newton_check": 5,
      "factor": 1.0,
      "accepted": true,
      "minimum_J": 9.645074673590403e-05,
      "phi": 7.198913534269924e-06
    },
    {
      "target_lambda": 0.7200000000000001,
      "newton_check": 6,
      "factor": 1.0,
      "accepted": true,
      "minimum_J": 9.668414521173456e-05,
      "phi": 1.0161362481577886e-09
    },
    {
      "target_lambda": 0.7200000000000001,
      "newton_check": 7,
      "factor": 1.0,
      "accepted": true,
      "minimum_J": 9.66847156310709e-05,
      "phi": 2.800645730268697e-17
    },
    {
      "target_lambda": 0.73,
      "newton_check": 1,
      "factor": 1.0,
      "accepted": false,
      "minimum_J": 8.776753994647694e-05,
      "phi": 0.006013113897639322,
      "reason": "armijo_insufficient_decrease"
    },
    {
      "target_lambda": 0.73,
      "newton_check": 1,
      "factor": 0.5,
      "accepted": false,
      "minimum_J": 9.355203039879469e-05,
      "phi": 0.0002658819140707761,
      "reason": "armijo_insufficient_decrease"
    },
    {
      "target_lambda": 0.73,
      "newton_check": 1,
      "factor": 0.25,
      "accepted": true,
      "minimum_J": 9.544984866699135e-05,
      "phi": 6.190799122824678e-05
    },
    {
      "target_lambda": 0.73,
      "newton_check": 2,
      "factor": 1.0,
      "accepted": false,
      "minimum_J": 9.023921507827436e-05,
      "phi": 0.0012268881144815449,
      "reason": "armijo_insufficient_decrease"
    },
    {
      "target_lambda": 0.73,
      "newton_check": 2,
      "factor": 0.5,
      "accepted": false,
      "minimum_J": 9.357292277541011e-05,
      "phi": 0.00011156790518222453,
      "reason": "armijo_insufficient_decrease"
    },
    {
      "target_lambda": 0.73,
      "newton_check": 2,
      "factor": 0.25,
      "accepted": true,
      "minimum_J": 9.469348344563413e-05,
      "phi": 5.0541519403505946e-05
    },
    {
      "target_lambda": 0.73,
      "newton_check": 3,
      "factor": 1.0,
      "accepted": false,
      "minimum_J": 9.156944693605193e-05,
      "phi": 0.0003594717665886732,
      "reason": "armijo_insufficient_decrease"
    },
    {
      "target_lambda": 0.73,
      "newton_check": 3,
      "factor": 0.5,
      "accepted": false,
      "minimum_J": 9.353469366501318e-05,
      "phi": 5.5733371436682806e-05,
      "reason": "armijo_insufficient_decrease"
    },
    {
      "target_lambda": 0.73,
      "newton_check": 3,
      "factor": 0.25,
      "accepted": true,
      "minimum_J": 9.421489567466771e-05,
      "phi": 3.8075323465952974e-05
    },
    {
      "target_lambda": 0.73,
      "newton_check": 4,
      "factor": 1.0,
      "accepted": false,
      "minimum_J": 9.229423736064914e-05,
      "phi": 0.00011773110358590824,
      "reason": "armijo_insufficient_decrease"
    },
    {
      "target_lambda": 0.73,
      "newton_check": 4,
      "factor": 0.5,
      "accepted": true,
      "minimum_J": 9.34793446057128e-05,
      "phi": 2.9394475767303423e-05
    },
    {
      "target_lambda": 0.73,
      "newton_check": 5,
      "factor": 1.0,
      "accepted": true,
      "minimum_J": 9.297908553140292e-05,
      "phi": 8.804196334244375e-06
    },
    {
      "target_lambda": 0.73,
      "newton_check": 6,
      "factor": 1.0,
      "accepted": true,
      "minimum_J": 9.3199272779763e-05,
      "phi": 1.5367906115273653e-09
    },
    {
      "target_lambda": 0.73,
      "newton_check": 7,
      "factor": 1.0,
      "accepted": true,
      "minimum_J": 9.319980217485753e-05,
      "phi": 4.218444175343456e-17
    },
    {
      "target_lambda": 0.74,
      "newton_check": 1,
      "factor": 1.0,
      "accepted": false,
      "minimum_J": 8.482072335785794e-05,
      "phi": 0.007747954440600452,
      "reason": "armijo_insufficient_decrease"
    },
    {
      "target_lambda": 0.74,
      "newton_check": 1,
      "factor": 0.5,
      "accepted": false,
      "minimum_J": 9.026502168327509e-05,
      "phi": 0.0003163957605669103,
      "reason": "armijo_insufficient_decrease"
    },
    {
      "target_lambda": 0.74,
      "newton_check": 1,
      "factor": 0.25,
      "accepted": true,
      "minimum_J": 9.204610165820694e-05,
      "phi": 6.450710774565514e-05
    },
    {
      "target_lambda": 0.74,
      "newton_check": 2,
      "factor": 1.0,
      "accepted": false,
      "minimum_J": 8.711942021965121e-05,
      "phi": 0.0014744810824191864,
      "reason": "armijo_insufficient_decrease"
    },
    {
      "target_lambda": 0.74,
      "newton_check": 2,
      "factor": 0.5,
      "accepted": false,
      "minimum_J": 9.02814208068442e-05,
      "phi": 0.000129023005702526,
      "reason": "armijo_insufficient_decrease"
    },
    {
      "target_lambda": 0.74,
      "newton_check": 2,
      "factor": 0.25,
      "accepted": true,
      "minimum_J": 9.133842620053697e-05,
      "phi": 5.4633890416223376e-05
    },
    {
      "target_lambda": 0.74,
      "newton_check": 3,
      "factor": 1.0,
      "accepted": false,
      "minimum_J": 8.837308090931713e-05,
      "phi": 0.00043077511964428563,
      "reason": "armijo_insufficient_decrease"
    },
    {
      "target_lambda": 0.74,
      "newton_check": 3,
      "factor": 0.5,
      "accepted": false,
      "minimum_J": 9.024778024752243e-05,
      "phi": 6.458442613499603e-05,
      "reason": "armijo_insufficient_decrease"
    },
    {
      "target_lambda": 0.74,
      "newton_check": 3,
      "factor": 0.25,
      "accepted": true,
      "minimum_J": 9.089110989761145e-05,
      "phi": 4.2081100516533206e-05
    },
    {
      "target_lambda": 0.74,
      "newton_check": 4,
      "factor": 1.0,
      "accepted": false,
      "minimum_J": 8.906600976361168e-05,
      "phi": 0.00014284467850294918,
      "reason": "armijo_insufficient_decrease"
    },
    {
      "target_lambda": 0.74,
      "newton_check": 4,
      "factor": 0.5,
      "accepted": true,
      "minimum_J": 9.019988802019619e-05,
      "phi": 3.428897319415707e-05
    },
    {
      "target_lambda": 0.74,
      "newton_check": 5,
      "factor": 1.0,
      "accepted": true,
      "minimum_J": 8.97340854970107e-05,
      "phi": 1.1074512301963e-05
    },
    {
      "target_lambda": 0.74,
      "newton_check": 6,
      "factor": 1.0,
      "accepted": true,
      "minimum_J": 8.99567772256262e-05,
      "phi": 2.453276055304554e-09
    },
    {
      "target_lambda": 0.74,
      "newton_check": 7,
      "factor": 1.0,
      "accepted": true,
      "minimum_J": 8.99573417003512e-05,
      "phi": 1.2209325949861762e-16
    },
    {
      "target_lambda": 0.74,
      "newton_check": 8,
      "factor": 1.0,
      "accepted": true,
      "minimum_J": 8.995734182200594e-05,
      "phi": 5.823468940327057e-19
    },
    {
      "target_lambda": 0.7500000000000001,
      "newton_check": 1,
      "factor": 1.0,
      "accepted": false,
      "minimum_J": 8.177238253515258e-05,
      "phi": 0.010402868416921717,
      "reason": "armijo_insufficient_decrease"
    },
    {
      "target_lambda": 0.7500000000000001,
      "newton_check": 1,
      "factor": 0.5,
      "accepted": false,
      "minimum_J": 8.712900803262963e-05,
      "phi": 0.0003871023310811895,
      "reason": "armijo_insufficient_decrease"
    },
    {
      "target_lambda": 0.7500000000000001,
      "newton_check": 1,
      "factor": 0.25,
      "accepted": true,
      "minimum_J": 8.885921138975998e-05,
      "phi": 6.811014940080145e-05
    },
    {
      "target_lambda": 0.7500000000000001,
      "newton_check": 2,
      "factor": 1.0,
      "accepted": false,
      "minimum_J": 8.408371142954922e-05,
      "phi": 0.0018096032151264257,
      "reason": "armijo_insufficient_decrease"
    },
    {
      "target_lambda": 0.7500000000000001,
      "newton_check": 2,
      "factor": 0.5,
      "accepted": false,
      "minimum_J": 8.717486963137755e-05,
      "phi": 0.00015229353808483327,
      "reason": "armijo_insufficient_decrease"
    },
    {
      "target_lambda": 0.7500000000000001,
      "newton_check": 2,
      "factor": 0.25,
      "accepted": true,
      "minimum_J": 8.819289256386316e-05,
      "phi": 6.019212827061153e-05
    },
    {
      "target_lambda": 0.7500000000000001,
      "newton_check": 3,
      "factor": 1.0,
      "accepted": false,
      "minimum_J": 8.53247505463467e-05,
      "phi": 0.0005256947010242671,
      "reason": "armijo_insufficient_decrease"
    },
    {
      "target_lambda": 0.7500000000000001,
      "newton_check": 3,
      "factor": 0.5,
      "accepted": false,
      "minimum_J": 8.715813634787461e-05,
      "phi": 7.63711206120146e-05,
      "reason": "armijo_insufficient_decrease"
    },
    {
      "target_lambda": 0.7500000000000001,
      "newton_check": 3,
      "factor": 0.25,
      "accepted": true,
      "minimum_J": 8.777534315610586e-05,
      "phi": 4.748233608026496e-05
    },
    {
      "target_lambda": 0.7500000000000001,
      "newton_check": 4,
      "factor": 1.0,
      "accepted": false,
      "minimum_J": 8.601642966264343e-05,
      "phi": 0.00017647622642743115,
      "reason": "armijo_insufficient_decrease"
    },
    {
      "target_lambda": 0.7500000000000001,
      "newton_check": 4,
      "factor": 0.5,
      "accepted": true,
      "minimum_J": 8.712455946312523e-05,
      "phi": 4.0848076582520665e-05
    },
    {
      "target_lambda": 0.7500000000000001,
      "newton_check": 5,
      "factor": 1.0,
      "accepted": true,
      "minimum_J": 8.669852890537515e-05,
      "phi": 1.4185801729446776e-05
    },
    {
      "target_lambda": 0.7500000000000001,
      "newton_check": 6,
      "factor": 1.0,
      "accepted": true,
      "minimum_J": 8.693568824190358e-05,
      "phi": 4.03005051565274e-09
    },
    {
      "target_lambda": 0.7500000000000001,
      "newton_check": 7,
      "factor": 1.0,
      "accepted": true,
      "minimum_J": 8.693634990600912e-05,
      "phi": 2.865257382083597e-16
    },
    {
      "target_lambda": 0.7500000000000001,
      "newton_check": 8,
      "factor": 1.0,
      "accepted": true,
      "minimum_J": 8.693634974911069e-05,
      "phi": 3.0874217548724587e-18
    },
    {
      "target_lambda": 0.76,
      "newton_check": 1,
      "factor": 1.0,
      "accepted": false,
      "minimum_J": 7.868877564339487e-05,
      "phi": 0.014387119962332747,
      "reason": "armijo_insufficient_decrease"
    },
    {
      "target_lambda": 0.76,
      "newton_check": 1,
      "factor": 0.5,
      "accepted": false,
      "minimum_J": 8.41452537830711e-05,
      "phi": 0.00048248916332879044,
      "reason": "armijo_insufficient_decrease"
    },
    {
      "target_lambda": 0.76,
      "newton_check": 1,
      "factor": 0.25,
      "accepted": true,
      "minimum_J": 8.587397453683023e-05,
      "phi": 7.290300406550556e-05
    },
    {
      "target_lambda": 0.76,
      "newton_check": 2,
      "factor": 1.0,
      "accepted": false,
      "minimum_J": 8.115840371246417e-05,
      "phi": 0.002241470944850584,
      "reason": "armijo_insufficient_decrease"
    },
    {
      "target_lambda": 0.76,
      "newton_check": 2,
      "factor": 0.5,
      "accepted": false,
      "minimum_J": 8.424734944523968e-05,
      "phi": 0.00018185753988106827,
      "reason": "armijo_insufficient_decrease"
    },
    {
      "target_lambda": 0.76,
      "newton_check": 2,
      "factor": 0.25,
      "accepted": true,
      "minimum_J": 8.52434520747473e-05,
      "phi": 6.741432117988162e-05
    },
    {
      "target_lambda": 0.76,
      "newton_check": 3,
      "factor": 1.0,
      "accepted": false,
      "minimum_J": 8.242993536741081e-05,
      "phi": 0.0006461025208516905,
      "reason": "armijo_insufficient_decrease"
    },
    {
      "target_lambda": 0.76,
      "newton_check": 3,
      "factor": 0.5,
      "accepted": false,
      "minimum_J": 8.425553216293031e-05,
      "phi": 9.1350594661012e-05,
      "reason": "armijo_insufficient_decrease"
    },
    {
      "target_lambda": 0.76,
      "newton_check": 3,
      "factor": 0.25,
      "accepted": true,
      "minimum_J": 8.485420172954656e-05,
      "phi": 5.444458124350163e-05
    },
    {
      "target_lambda": 0.76,
      "newton_check": 4,
      "factor": 1.0,
      "accepted": false,
      "minimum_J": 8.314012774393126e-05,
      "phi": 0.00021955700900536514,
      "reason": "armijo_insufficient_decrease"
    },
    {
      "target_lambda": 0.76,
      "newton_check": 4,
      "factor": 0.5,
      "accepted": true,
      "minimum_J": 8.424045986694558e-05,
      "phi": 4.925470387121445e-05
    },
    {
      "target_lambda": 0.76,
      "newton_check": 5,
      "factor": 1.0,
      "accepted": true,
      "minimum_J": 8.385675704094884e-05,
      "phi": 1.8279656941802473e-05
    },
    {
      "target_lambda": 0.76,
      "newton_check": 6,
      "factor": 1.0,
      "accepted": true,
      "minimum_J": 8.411678711993709e-05,
      "phi": 6.61984749177029e-09
    },
    {
      "target_lambda": 0.76,
      "newton_check": 7,
      "factor": 1.0,
      "accepted": true,
      "minimum_J": 8.411759831145716e-05,
      "phi": 6.741617500713158e-16
    },
    {
      "target_lambda": 0.76,
      "newton_check": 8,
      "factor": 1.0,
      "accepted": true,
      "minimum_J": 8.411759817427259e-05,
      "phi": 2.43019497178533e-18
    },
    {
      "target_lambda": 0.7699999999999999,
      "newton_check": 1,
      "factor": 1.0,
      "accepted": false,
      "minimum_J": 7.563515227701109e-05,
      "phi": 0.020159540482140956,
      "reason": "armijo_insufficient_decrease"
    },
    {
      "target_lambda": 0.7699999999999999,
      "newton_check": 1,
      "factor": 0.5,
      "accepted": false,
      "minimum_J": 8.131608126562138e-05,
      "phi": 0.0006051453021637294,
      "reason": "armijo_insufficient_decrease"
    },
    {
      "target_lambda": 0.7699999999999999,
      "newton_check": 1,
      "factor": 0.25,
      "accepted": true,
      "minimum_J": 8.307676622798692e-05,
      "phi": 7.896560671326261e-05
    },
    {
      "target_lambda": 0.7699999999999999,
      "newton_check": 2,
      "factor": 1.0,
      "accepted": false,
      "minimum_J": 7.836930690699515e-05,
      "phi": 0.0027620929962528817,
      "reason": "armijo_insufficient_decrease"
    },
    {
      "target_lambda": 0.7699999999999999,
      "newton_check": 2,
      "factor": 0.5,
      "accepted": false,
      "minimum_J": 8.14940345708291e-05,
      "phi": 0.00021718208492367043,
      "reason": "armijo_insufficient_decrease"
    },
    {
      "target_lambda": 0.7699999999999999,
      "newton_check": 2,
      "factor": 0.25,
      "accepted": true,
      "minimum_J": 8.24781498998826e-05,
      "phi": 7.629722248522395e-05
    },
    {
      "target_lambda": 0.7699999999999999,
      "newton_check": 3,
      "factor": 1.0,
      "accepted": false,
      "minimum_J": 7.969541678059004e-05,
      "phi": 0.000789139138672566,
      "reason": "armijo_insufficient_decrease"
    },
    {
      "target_lambda": 0.7699999999999999,
      "newton_check": 3,
      "factor": 0.5,
      "accepted": false,
      "minimum_J": 8.153122699450237e-05,
      "phi": 0.00010926564895942608,
      "reason": "armijo_insufficient_decrease"
    },
    {
      "target_lambda": 0.7699999999999999,
      "newton_check": 3,
      "factor": 0.25,
      "accepted": true,
      "minimum_J": 8.211579936211691e-05,
      "phi": 6.292338366772607e-05
    },
    {
      "target_lambda": 0.7699999999999999,
      "newton_check": 4,
      "factor": 1.0,
      "accepted": false,
      "minimum_J": 8.043377773684089e-05,
      "phi": 0.0002713728364674533,
      "reason": "armijo_insufficient_decrease"
    },
    {
      "target_lambda": 0.7699999999999999,
      "newton_check": 4,
      "factor": 0.5,
      "accepted": true,
      "minimum_J": 8.153637401658554e-05,
      "phi": 5.9404283172486235e-05
    },
    {
      "target_lambda": 0.7699999999999999,
      "newton_check": 5,
      "factor": 1.0,
      "accepted": true,
      "minimum_J": 8.11952741555379e-05,
      "phi": 2.3339654007050984e-05
    },
    {
      "target_lambda": 0.7699999999999999,
      "newton_check": 6,
      "factor": 1.0,
      "accepted": true,
      "minimum_J": 8.148248267403863e-05,
      "phi": 1.0532479965725213e-08
    },
    {
      "target_lambda": 0.7699999999999999,
      "newton_check": 7,
      "factor": 1.0,
      "accepted": true,
      "minimum_J": 8.148348307592925e-05,
      "phi": 1.5248743904404022e-15
    },
    {
      "target_lambda": 0.7699999999999999,
      "newton_check": 8,
      "factor": 1.0,
      "accepted": true,
      "minimum_J": 8.148348279694868e-05,
      "phi": 4.379324592240471e-19
    },
    {
      "target_lambda": 0.78,
      "newton_check": 1,
      "factor": 1.0,
      "accepted": false,
      "minimum_J": 7.268766280217929e-05,
      "phi": 0.02794393717444101,
      "reason": "armijo_insufficient_decrease"
    },
    {
      "target_lambda": 0.78,
      "newton_check": 1,
      "factor": 0.5,
      "accepted": false,
      "minimum_J": 7.864769903641989e-05,
      "phi": 0.0007515666234302674,
      "reason": "armijo_insufficient_decrease"
    },
    {
      "target_lambda": 0.78,
      "newton_check": 1,
      "factor": 0.25,
      "accepted": false,
      "minimum_J": 8.045612247624501e-05,
      "phi": 8.608614074907559e-05,
      "reason": "armijo_insufficient_decrease"
    },
    {
      "target_lambda": 0.78,
      "newton_check": 1,
      "factor": 0.125,
      "accepted": true,
      "minimum_J": 8.106743552534015e-05,
      "phi": 6.505295063217892e-05
    },
    {
      "target_lambda": 0.78,
      "newton_check": 2,
      "factor": 1.0,
      "accepted": false,
      "minimum_J": 7.423804001663824e-05,
      "phi": 0.010852978278219004,
      "reason": "armijo_insufficient_decrease"
    },
    {
      "target_lambda": 0.78,
      "newton_check": 2,
      "factor": 0.5,
      "accepted": false,
      "minimum_J": 7.883370523803284e-05,
      "phi": 0.00043029570344135435,
      "reason": "armijo_insufficient_decrease"
    },
    {
      "target_lambda": 0.78,
      "newton_check": 2,
      "factor": 0.25,
      "accepted": false,
      "minimum_J": 8.02458122480116e-05,
      "phi": 6.960573179114226e-05,
      "reason": "armijo_insufficient_decrease"
    },
    {
      "target_lambda": 0.78,
      "newton_check": 2,
      "factor": 0.125,
      "accepted": true,
      "minimum_J": 8.073043435372693e-05,
      "phi": 5.4545464180916354e-05
    },
    {
      "target_lambda": 0.78,
      "newton_check": 3,
      "factor": 1.0,
      "accepted": false,
      "minimum_J": 7.537297771870469e-05,
      "phi": 0.005039857529321256,
      "reason": "armijo_insufficient_decrease"
    },
    {
      "target_lambda": 0.78,
      "newton_check": 3,
      "factor": 0.5,
      "accepted": false,
      "minimum_J": 7.895324279093486e-05,
      "phi": 0.00026278606707840104,
      "reason": "armijo_insufficient_decrease"
    },
    {
      "target_lambda": 0.78,
      "newton_check": 3,
      "factor": 0.25,
      "accepted": false,
      "minimum_J": 8.006722276278626e-05,
      "phi": 5.655462386920723e-05,
      "reason": "armijo_insufficient_decrease"
    },
    {
      "target_lambda": 0.78,
      "newton_check": 3,
      "factor": 0.125,
      "accepted": true,
      "minimum_J": 8.045517460711059e-05,
      "phi": 4.6492659750170655e-05
    },
    {
      "target_lambda": 0.78,
      "newton_check": 4,
      "factor": 1.0,
      "accepted": false,
      "minimum_J": 7.621931051905692e-05,
      "phi": 0.002584384095676335,
      "reason": "armijo_insufficient_decrease"
    },
    {
      "target_lambda": 0.78,
      "newton_check": 4,
      "factor": 0.5,
      "accepted": false,
      "minimum_J": 7.903011192829262e-05,
      "phi": 0.00016755857654642242,
      "reason": "armijo_insufficient_decrease"
    },
    {
      "target_lambda": 0.78,
      "newton_check": 4,
      "factor": 0.25,
      "accepted": true,
      "minimum_J": 7.991586060792582e-05,
      "phi": 4.593290175511891e-05
    },
    {
      "target_lambda": 0.78,
      "newton_check": 5,
      "factor": 1.0,
      "accepted": false,
      "minimum_J": 7.745340562506817e-05,
      "phi": 0.0006627917061631761,
      "reason": "armijo_insufficient_decrease"
    },
    {
      "target_lambda": 0.78,
      "newton_check": 5,
      "factor": 0.5,
      "accepted": false,
      "minimum_J": 7.907323751419144e-05,
      "phi": 7.826601144133993e-05,
      "reason": "armijo_insufficient_decrease"
    },
    {
      "target_lambda": 0.78,
      "newton_check": 5,
      "factor": 0.25,
      "accepted": true,
      "minimum_J": 7.959170015973789e-05,
      "phi": 3.930670833687826e-05
    },
    {
      "target_lambda": 0.78,
      "newton_check": 6,
      "factor": 1.0,
      "accepted": false,
      "minimum_J": 7.811125659601753e-05,
      "phi": 0.00021285947853837898,
      "reason": "armijo_insufficient_decrease"
    },
    {
      "target_lambda": 0.78,
      "newton_check": 6,
      "factor": 0.5,
      "accepted": false,
      "minimum_J": 7.907716921504831e-05,
      "phi": 4.095426344515643e-05,
      "reason": "armijo_insufficient_decrease"
    },
    {
      "target_lambda": 0.78,
      "newton_check": 6,
      "factor": 0.25,
      "accepted": true,
      "minimum_J": 7.939085739530316e-05,
      "phi": 2.9834277585653085e-05
    },
    {
      "target_lambda": 0.78,
      "newton_check": 7,
      "factor": 1.0,
      "accepted": false,
      "minimum_J": 7.848747933491397e-05,
      "phi": 7.334234637707862e-05,
      "reason": "armijo_insufficient_decrease"
    },
    {
      "target_lambda": 0.78,
      "newton_check": 7,
      "factor": 0.5,
      "accepted": true,
      "minimum_J": 7.907138329319883e-05,
      "phi": 2.210547888755632e-05
    },
    {
      "target_lambda": 0.78,
      "newton_check": 8,
      "factor": 1.0,
      "accepted": true,
      "minimum_J": 7.887384994966175e-05,
      "phi": 5.915979213367633e-06
    },
    {
      "target_lambda": 0.78,
      "newton_check": 9,
      "factor": 1.0,
      "accepted": true,
      "minimum_J": 7.901746814335778e-05,
      "phi": 6.80746094160742e-10
    },
    {
      "target_lambda": 0.78,
      "newton_check": 10,
      "factor": 1.0,
      "accepted": true,
      "minimum_J": 7.901772487654412e-05,
      "phi": 2.5887621917421322e-17
    },
    {
      "target_lambda": 0.79,
      "newton_check": 1,
      "factor": 1.0,
      "accepted": false,
      "minimum_J": 6.99469304830673e-05,
      "phi": 0.03703191846637513,
      "reason": "armijo_insufficient_decrease"
    },
    {
      "target_lambda": 0.79,
      "newton_check": 1,
      "factor": 0.5,
      "accepted": false,
      "minimum_J": 7.615333866231498e-05,
      "phi": 0.0009057784275615445,
      "reason": "armijo_insufficient_decrease"
    },
    {
      "target_lambda": 0.79,
      "newton_check": 1,
      "factor": 0.25,
      "accepted": false,
      "minimum_J": 7.800328451567662e-05,
      "phi": 9.349595521928624e-05,
      "reason": "armijo_insufficient_decrease"
    },
    {
      "target_lambda": 0.79,
      "newton_check": 1,
      "factor": 0.125,
      "accepted": true,
      "minimum_J": 7.861494288290385e-05,
      "phi": 6.54739732458631e-05
    },
    {
      "target_lambda": 0.79,
      "newton_check": 2,
      "factor": 1.0,
      "accepted": false,
      "minimum_J": 7.164709818983487e-05,
      "phi": 0.013536281001771924,
      "reason": "armijo_insufficient_decrease"
    },
    {
      "target_lambda": 0.79,
      "newton_check": 2,
      "factor": 0.5,
      "accepted": false,
      "minimum_J": 7.638296767822191e-05,
      "phi": 0.0005080726918069701,
      "reason": "armijo_insufficient_decrease"
    },
    {
      "target_lambda": 0.79,
      "newton_check": 2,
      "factor": 0.25,
      "accepted": false,
      "minimum_J": 7.78119420669765e-05,
      "phi": 7.551514794277995e-05,
      "reason": "armijo_insufficient_decrease"
    },
    {
      "target_lambda": 0.79,
      "newton_check": 2,
      "factor": 0.125,
      "accepted": true,
      "minimum_J": 7.829168917271988e-05,
      "phi": 5.563366940978765e-05
    },
    {
      "target_lambda": 0.79,
      "newton_check": 3,
      "factor": 1.0,
      "accepted": false,
      "minimum_J": 7.286931687878193e-05,
      "phi": 0.006093632996544971,
      "reason": "armijo_insufficient_decrease"
    },
    {
      "target_lambda": 0.79,
      "newton_check": 3,
      "factor": 0.5,
      "accepted": false,
      "minimum_J": 7.653084274076685e-05,
      "phi": 0.0003064350711606039,
      "reason": "armijo_insufficient_decrease"
    },
    {
      "target_lambda": 0.79,
      "newton_check": 3,
      "factor": 0.25,
      "accepted": false,
      "minimum_J": 7.764885088569396e-05,
      "phi": 6.144969690136722e-05,
      "reason": "armijo_insufficient_decrease"
    },
    {
      "target_lambda": 0.79,
      "newton_check": 3,
      "factor": 0.125,
      "accepted": true,
      "minimum_J": 7.80296662612435e-05,
      "phi": 4.809299766635448e-05
    },
    {
      "target_lambda": 0.79,
      "newton_check": 4,
      "factor": 1.0,
      "accepted": false,
      "minimum_J": 7.376916100119753e-05,
      "phi": 0.0030714277881314627,
      "reason": "armijo_insufficient_decrease"
    },
    {
      "target_lambda": 0.79,
      "newton_check": 4,
      "factor": 0.5,
      "accepted": false,
      "minimum_J": 7.662743836706025e-05,
      "phi": 0.00019393476168618964,
      "reason": "armijo_insufficient_decrease"
    },
    {
      "target_lambda": 0.79,
      "newton_check": 4,
      "factor": 0.25,
      "accepted": false,
      "minimum_J": 7.751055849734922e-05,
      "phi": 5.003961658160674e-05,
      "reason": "armijo_insufficient_decrease"
    },
    {
      "target_lambda": 0.79,
      "newton_check": 4,
      "factor": 0.125,
      "accepted": true,
      "minimum_J": 7.781561392555427e-05,
      "phi": 4.159489266799753e-05
    },
    {
      "target_lambda": 0.79,
      "newton_check": 5,
      "factor": 1.0,
      "accepted": false,
      "minimum_J": 7.444429290763731e-05,
      "phi": 0.0016548083057562862,
      "reason": "armijo_insufficient_decrease"
    },
    {
      "target_lambda": 0.79,
      "newton_check": 5,
      "factor": 0.5,
      "accepted": false,
      "minimum_J": 7.669099041971092e-05,
      "phi": 0.0001267746207325054,
      "reason": "armijo_insufficient_decrease"
    },
    {
      "target_lambda": 0.79,
      "newton_check": 5,
      "factor": 0.25,
      "accepted": true,
      "minimum_J": 7.73935614249989e-05,
      "phi": 4.063479628588339e-05
    },
    {
      "target_lambda": 0.79,
      "newton_check": 6,
      "factor": 1.0,
      "accepted": false,
      "minimum_J": 7.543288240053184e-05,
      "phi": 0.0004576058393907216,
      "reason": "armijo_insufficient_decrease"
    },
    {
      "target_lambda": 0.79,
      "newton_check": 6,
      "factor": 0.5,
      "accepted": false,
      "minimum_J": 7.672973600068947e-05,
      "phi": 6.133886100869082e-05,
      "reason": "armijo_insufficient_decrease"
    },
    {
      "target_lambda": 0.79,
      "newton_check": 6,
      "factor": 0.25,
      "accepted": true,
      "minimum_J": 7.714077723277884e-05,
      "phi": 3.385823668376366e-05
    },
    {
      "target_lambda": 0.79,
      "newton_check": 7,
      "factor": 1.0,
      "accepted": false,
      "minimum_J": 7.5966513196034e-05,
      "phi": 0.00014969513143715297,
      "reason": "armijo_insufficient_decrease"
    },
    {
      "target_lambda": 0.79,
      "newton_check": 7,
      "factor": 0.5,
      "accepted": true,
      "minimum_J": 7.673770404662748e-05,
      "phi": 3.231710916799214e-05
    },
    {
      "target_lambda": 0.79,
      "newton_check": 8,
      "factor": 1.0,
      "accepted": true,
      "minimum_J": 7.650562965474626e-05,
      "phi": 1.157109697756774e-05
    },
    {
      "target_lambda": 0.79,
      "newton_check": 9,
      "factor": 1.0,
      "accepted": true,
      "minimum_J": 7.670449915584443e-05,
      "phi": 2.4489037481975416e-09
    },
    {
      "target_lambda": 0.79,
      "newton_check": 10,
      "factor": 1.0,
      "accepted": true,
      "minimum_J": 7.670500120669043e-05,
      "phi": 6.971483369072807e-17
    },
    {
      "target_lambda": 0.79,
      "newton_check": 11,
      "factor": 1.0,
      "accepted": true,
      "minimum_J": 7.670500104628858e-05,
      "phi": 2.3900913247147806e-18
    },
    {
      "target_lambda": 0.7999999999999999,
      "newton_check": 1,
      "factor": 1.0,
      "accepted": false,
      "minimum_J": 6.753440518324097e-05,
      "phi": 0.04496207696637253,
      "reason": "armijo_insufficient_decrease"
    },
    {
      "target_lambda": 0.7999999999999999,
      "newton_check": 1,
      "factor": 0.5,
      "accepted": false,
      "minimum_J": 7.385206882944377e-05,
      "phi": 0.0010354447299188378,
      "reason": "armijo_insufficient_decrease"
    },
    {
      "target_lambda": 0.7999999999999999,
      "newton_check": 1,
      "factor": 0.25,
      "accepted": false,
      "minimum_J": 7.571162636816295e-05,
      "phi": 9.972792537250108e-05,
      "reason": "armijo_insufficient_decrease"
    },
    {
      "target_lambda": 0.7999999999999999,
      "newton_check": 1,
      "factor": 0.125,
      "accepted": true,
      "minimum_J": 7.631658656311728e-05,
      "phi": 6.582675189366741e-05
    },
    {
      "target_lambda": 0.7999999999999999,
      "newton_check": 2,
      "factor": 1.0,
      "accepted": false,
      "minimum_J": 6.934594970702425e-05,
      "phi": 0.015641682848725896,
      "reason": "armijo_insufficient_decrease"
    },
    {
      "target_lambda": 0.7999999999999999,
      "newton_check": 2,
      "factor": 0.5,
      "accepted": false,
      "minimum_J": 7.411626042756339e-05,
      "phi": 0.0005696228784930066,
      "reason": "armijo_insufficient_decrease"
    },
    {
      "target_lambda": 0.7999999999999999,
      "newton_check": 2,
      "factor": 0.25,
      "accepted": false,
      "minimum_J": 7.553767156985559e-05,
      "phi": 8.025956316327809e-05,
      "reason": "armijo_insufficient_decrease"
    },
    {
      "target_lambda": 0.7999999999999999,
      "newton_check": 2,
      "factor": 0.125,
      "accepted": true,
      "minimum_J": 7.600744108523269e-05,
      "phi": 5.652451695879633e-05
    },
    {
      "target_lambda": 0.7999999999999999,
      "newton_check": 3,
      "factor": 1.0,
      "accepted": false,
      "minimum_J": 7.062424169192963e-05,
      "phi": 0.006869574644898255,
      "reason": "armijo_insufficient_decrease"
    },
    {
      "target_lambda": 0.7999999999999999,
      "newton_check": 3,
      "factor": 0.5,
      "accepted": false,
      "minimum_J": 7.428485846862194e-05,
      "phi": 0.00033948021936899104,
      "reason": "armijo_insufficient_decrease"
    },
    {
      "target_lambda": 0.7999999999999999,
      "newton_check": 3,
      "factor": 0.25,
      "accepted": false,
      "minimum_J": 7.538840404802055e-05,
      "phi": 6.526319605262524e-05,
      "reason": "armijo_insufficient_decrease"
    },
    {
      "target_lambda": 0.7999999999999999,
      "newton_check": 3,
      "factor": 0.125,
      "accepted": true,
      "minimum_J": 7.575848613793514e-05,
      "phi": 4.937670885918311e-05
    },
    {
      "target_lambda": 0.7999999999999999,
      "newton_check": 4,
      "factor": 1.0,
      "accepted": false,
      "minimum_J": 7.155402439636607e-05,
      "phi": 0.003415199991218544,
      "reason": "armijo_insufficient_decrease"
    },
    {
      "target_lambda": 0.7999999999999999,
      "newton_check": 4,
      "factor": 0.5,
      "accepted": false,
      "minimum_J": 7.439521518308971e-05,
      "phi": 0.0002132674255305533,
      "reason": "armijo_insufficient_decrease"
    },
    {
      "target_lambda": 0.7999999999999999,
      "newton_check": 4,
      "factor": 0.25,
      "accepted": false,
      "minimum_J": 7.526159064085575e-05,
      "phi": 5.317393597423612e-05,
      "reason": "armijo_insufficient_decrease"
    },
    {
      "target_lambda": 0.7999999999999999,
      "newton_check": 4,
      "factor": 0.125,
      "accepted": true,
      "minimum_J": 7.555622338182589e-05,
      "phi": 4.3082619023065966e-05
    },
    {
      "target_lambda": 0.7999999999999999,
      "newton_check": 5,
      "factor": 1.0,
      "accepted": false,
      "minimum_J": 7.224531595384089e-05,
      "phi": 0.0018253295969355519,
      "reason": "armijo_insufficient_decrease"
    },
    {
      "target_lambda": 0.7999999999999999,
      "newton_check": 5,
      "factor": 0.5,
      "accepted": false,
      "minimum_J": 7.446851326987095e-05,
      "phi": 0.00013877994811146982,
      "reason": "armijo_insufficient_decrease"
    },
    {
      "target_lambda": 0.7999999999999999,
      "newton_check": 5,
      "factor": 0.25,
      "accepted": false,
      "minimum_J": 7.51543042278062e-05,
      "phi": 4.322643610026355e-05,
      "reason": "armijo_insufficient_decrease"
    },
    {
      "target_lambda": 0.7999999999999999,
      "newton_check": 5,
      "factor": 0.125,
      "accepted": true,
      "minimum_J": 7.539074777989609e-05,
      "phi": 3.7261679552863275e-05
    },
    {
      "target_lambda": 0.7999999999999999,
      "newton_check": 6,
      "factor": 1.0,
      "accepted": false,
      "minimum_J": 7.276770527040526e-05,
      "phi": 0.0010198132616751536,
      "reason": "armijo_insufficient_decrease"
    },
    {
      "target_lambda": 0.7999999999999999,
      "newton_check": 6,
      "factor": 0.5,
      "accepted": false,
      "minimum_J": 7.4517464879661e-05,
      "phi": 9.249666296316518e-05,
      "reason": "armijo_insufficient_decrease"
    },
    {
      "target_lambda": 0.7999999999999999,
      "newton_check": 6,
      "factor": 0.25,
      "accepted": true,
      "minimum_J": 7.506366591832529e-05,
      "phi": 3.4988573398520286e-05
    },
    {
      "target_lambda": 0.7999999999999999,
      "newton_check": 7,
      "factor": 1.0,
      "accepted": false,
      "minimum_J": 7.35339882768071e-05,
      "phi": 0.0002987061779309851,
      "reason": "armijo_insufficient_decrease"
    },
    {
      "target_lambda": 0.7999999999999999,
      "newton_check": 7,
      "factor": 0.5,
      "accepted": false,
      "minimum_J": 7.454709196463114e-05,
      "phi": 4.594336568071871e-05,
      "reason": "armijo_insufficient_decrease"
    },
    {
      "target_lambda": 0.7999999999999999,
      "newton_check": 7,
      "factor": 0.25,
      "accepted": true,
      "minimum_J": 7.486744515775384e-05,
      "phi": 2.8163470985092362e-05
    },
    {
      "target_lambda": 0.7999999999999999,
      "newton_check": 8,
      "factor": 1.0,
      "accepted": false,
      "minimum_J": 7.395307929886834e-05,
      "phi": 9.884785913334061e-05,
      "reason": "armijo_insufficient_decrease"
    },
    {
      "target_lambda": 0.7999999999999999,
      "newton_check": 8,
      "factor": 0.5,
      "accepted": true,
      "minimum_J": 7.455433397211834e-05,
      "phi": 2.4300692833619646e-05
    },
    {
      "target_lambda": 0.7999999999999999,
      "newton_check": 9,
      "factor": 1.0,
      "accepted": true,
      "minimum_J": 7.437576074700831e-05,
      "phi": 7.585081199317541e-06
    },
    {
      "target_lambda": 0.7999999999999999,
      "newton_check": 10,
      "factor": 1.0,
      "accepted": true,
      "minimum_J": 7.453039502989361e-05,
      "phi": 1.0133964377471625e-09
    },
    {
      "target_lambda": 0.7999999999999999,
      "newton_check": 11,
      "factor": 1.0,
      "accepted": true,
      "minimum_J": 7.453070991212063e-05,
      "phi": 1.9339815610471194e-17
    },
    {
      "target_lambda": 0.81,
      "newton_check": 1,
      "factor": 1.0,
      "accepted": false,
      "minimum_J": 6.555717962607544e-05,
      "phi": 0.04814217008414073,
      "reason": "armijo_insufficient_decrease"
    },
    {
      "target_lambda": 0.81,
      "newton_check": 1,
      "factor": 0.5,
      "accepted": false,
      "minimum_J": 7.175989080998746e-05,
      "phi": 0.0011010973923447972,
      "reason": "armijo_insufficient_decrease"
    },
    {
      "target_lambda": 0.81,
      "newton_check": 1,
      "factor": 0.25,
      "accepted": false,
      "minimum_J": 7.35742868694725e-05,
      "phi": 0.00010302320599389323,
      "reason": "armijo_insufficient_decrease"
    },
    {
      "target_lambda": 0.81,
      "newton_check": 1,
      "factor": 0.125,
      "accepted": true,
      "minimum_J": 7.415974502073982e-05,
      "phi": 6.601019929940883e-05
    },
    {
      "target_lambda": 0.81,
      "newton_check": 2,
      "factor": 1.0,
      "accepted": false,
      "minimum_J": 6.739737030012369e-05,
      "phi": 0.016334249102300878,
      "reason": "armijo_insufficient_decrease"
    },
    {
      "target_lambda": 0.81,
      "newton_check": 2,
      "factor": 0.5,
      "accepted": false,
      "minimum_J": 7.203949274844554e-05,
      "phi": 0.0005964754929437692,
      "reason": "armijo_insufficient_decrease"
    },
    {
      "target_lambda": 0.81,
      "newton_check": 2,
      "factor": 0.25,
      "accepted": false,
      "minimum_J": 7.341485265903015e-05,
      "phi": 8.248987020415348e-05,
      "reason": "armijo_insufficient_decrease"
    },
    {
      "target_lambda": 0.81,
      "newton_check": 2,
      "factor": 0.125,
      "accepted": true,
      "minimum_J": 7.38661072807542e-05,
      "phi": 5.696516080418734e-05
    },
    {
      "target_lambda": 0.81,
      "newton_check": 3,
      "factor": 1.0,
      "accepted": false,
      "minimum_J": 6.867684194769271e-05,
      "phi": 0.00708447062053654,
      "reason": "armijo_insufficient_decrease"
    },
    {
      "target_lambda": 0.81,
      "newton_check": 3,
      "factor": 0.5,
      "accepted": false,
      "minimum_J": 7.22158030108299e-05,
      "phi": 0.00035205455797079324,
      "reason": "armijo_insufficient_decrease"
    },
    {
      "target_lambda": 0.81,
      "newton_check": 3,
      "factor": 0.25,
      "accepted": false,
      "minimum_J": 7.327703724709465e-05,
      "phi": 6.690220808265064e-05,
      "reason": "armijo_insufficient_decrease"
    },
    {
      "target_lambda": 0.81,
      "newton_check": 3,
      "factor": 0.125,
      "accepted": true,
      "minimum_J": 7.363059278733503e-05,
      "phi": 4.9978652387553954e-05
    },
    {
      "target_lambda": 0.81,
      "newton_check": 4,
      "factor": 1.0,
      "accepted": false,
      "minimum_J": 6.959669732032367e-05,
      "phi": 0.0034974342410465987,
      "reason": "armijo_insufficient_decrease"
    },
    {
      "target_lambda": 0.81,
      "newton_check": 4,
      "factor": 0.5,
      "accepted": false,
      "minimum_J": 7.233016037386288e-05,
      "phi": 0.00021981735959332368,
      "reason": "armijo_insufficient_decrease"
    },
    {
      "target_lambda": 0.81,
      "newton_check": 4,
      "factor": 0.25,
      "accepted": false,
      "minimum_J": 7.315950541105686e-05,
      "phi": 5.443429905990835e-05,
      "reason": "armijo_insufficient_decrease"
    },
    {
      "target_lambda": 0.81,
      "newton_check": 4,
      "factor": 0.125,
      "accepted": true,
      "minimum_J": 7.34398313071591e-05,
      "phi": 4.374629370829618e-05
    },
    {
      "target_lambda": 0.81,
      "newton_check": 5,
      "factor": 1.0,
      "accepted": false,
      "minimum_J": 7.027512401269157e-05,
      "phi": 0.0018612796987935666,
      "reason": "armijo_insufficient_decrease"
    },
    {
      "target_lambda": 0.81,
      "newton_check": 5,
      "factor": 0.5,
      "accepted": false,
      "minimum_J": 7.240582412741821e-05,
      "phi": 0.00014247668657288215,
      "reason": "armijo_insufficient_decrease"
    },
    {
      "target_lambda": 0.81,
      "newton_check": 5,
      "factor": 0.25,
      "accepted": false,
      "minimum_J": 7.305991433307177e-05,
      "phi": 4.4216395592272933e-05,
      "reason": "armijo_insufficient_decrease"
    },
    {
      "target_lambda": 0.81,
      "newton_check": 5,
      "factor": 0.125,
      "accepted": true,
      "minimum_J": 7.328414447276995e-05,
      "phi": 3.7917406810556964e-05
    },
    {
      "target_lambda": 0.81,
      "newton_check": 6,
      "factor": 1.0,
      "accepted": false,
      "minimum_J": 7.078461826153968e-05,
      "phi": 0.0010370450168622734,
      "reason": "armijo_insufficient_decrease"
    },
    {
      "target_lambda": 0.81,
      "newton_check": 6,
      "factor": 0.5,
      "accepted": false,
      "minimum_J": 7.245632573790807e-05,
      "phi": 9.471625835270915e-05,
      "reason": "armijo_insufficient_decrease"
    },
    {
      "target_lambda": 0.81,
      "newton_check": 6,
      "factor": 0.25,
      "accepted": true,
      "minimum_J": 7.297572119842807e-05,
      "phi": 3.577309038568839e-05
    },
    {
      "target_lambda": 0.81,
      "newton_check": 7,
      "factor": 1.0,
      "accepted": false,
      "minimum_J": 7.152786412628326e-05,
      "phi": 0.00030200207293083276,
      "reason": "armijo_insufficient_decrease"
    },
    {
      "target_lambda": 0.81,
      "newton_check": 7,
      "factor": 0.5,
      "accepted": false,
      "minimum_J": 7.24893451939608e-05,
      "phi": 4.685123042140841e-05,
      "reason": "armijo_insufficient_decrease"
    },
    {
      "target_lambda": 0.81,
      "newton_check": 7,
      "factor": 0.25,
      "accepted": true,
      "minimum_J": 7.279192132754217e-05,
      "phi": 2.8800003357545225e-05
    },
    {
      "target_lambda": 0.81,
      "newton_check": 8,
      "factor": 1.0,
      "accepted": false,
      "minimum_J": 7.193061749317187e-05,
      "phi": 9.978392086455128e-05,
      "reason": "armijo_insufficient_decrease"
    },
    {
      "target_lambda": 0.81,
      "newton_check": 8,
      "factor": 0.5,
      "accepted": true,
      "minimum_J": 7.249863552062537e-05,
      "phi": 2.475536021009429e-05
    },
    {
      "target_lambda": 0.81,
      "newton_check": 9,
      "factor": 1.0,
      "accepted": true,
      "minimum_J": 7.233444094809157e-05,
      "phi": 7.632980196198573e-06
    },
    {
      "target_lambda": 0.81,
      "newton_check": 10,
      "factor": 1.0,
      "accepted": true,
      "minimum_J": 7.24808476548424e-05,
      "phi": 9.68472425008308e-10
    },
    {
      "target_lambda": 0.81,
      "newton_check": 11,
      "factor": 1.0,
      "accepted": true,
      "minimum_J": 7.248114060641612e-05,
      "phi": 1.688457890191254e-17
    },
    {
      "target_lambda": 0.82,
      "newton_check": 1,
      "factor": 1.0,
      "accepted": false,
      "minimum_J": 6.403766787325098e-05,
      "phi": 0.04504595543372256,
      "reason": "armijo_insufficient_decrease"
    },
    {
      "target_lambda": 0.82,
      "newton_check": 1,
      "factor": 0.5,
      "accepted": false,
      "minimum_J": 6.987241358597521e-05,
      "phi": 0.0010831586826910832,
      "reason": "armijo_insufficient_decrease"
    },
    {
      "target_lambda": 0.82,
      "newton_check": 1,
      "factor": 0.25,
      "accepted": false,
      "minimum_J": 7.158002943102165e-05,
      "phi": 0.00010247393176875875,
      "reason": "armijo_insufficient_decrease"
    },
    {
      "target_lambda": 0.82,
      "newton_check": 1,
      "factor": 0.125,
      "accepted": true,
      "minimum_J": 7.213139810398358e-05,
      "phi": 6.5971491875886e-05
    },
    {
      "target_lambda": 0.82,
      "newton_check": 2,
      "factor": 1.0,
      "accepted": false,
      "minimum_J": 6.579865396043178e-05,
      "phi": 0.015384961907951756,
      "reason": "armijo_insufficient_decrease"
    },
    {
      "target_lambda": 0.82,
      "newton_check": 2,
      "factor": 0.5,
      "accepted": false,
      "minimum_J": 7.014236257080727e-05,
      "phi": 0.0005819050987790748,
      "reason": "armijo_insufficient_decrease"
    },
    {
      "target_lambda": 0.82,
      "newton_check": 2,
      "factor": 0.25,
      "accepted": false,
      "minimum_J": 7.143121447220034e-05,
      "phi": 8.165453385437091e-05,
      "reason": "armijo_insufficient_decrease"
    },
    {
      "target_lambda": 0.82,
      "newton_check": 2,
      "factor": 0.125,
      "accepted": true,
      "minimum_J": 7.1854889819594e-05,
      "phi": 5.683883170644941e-05
    },
    {
      "target_lambda": 0.82,
      "newton_check": 3,
      "factor": 1.0,
      "accepted": false,
      "minimum_J": 6.701158091144049e-05,
      "phi": 0.006694308425466669,
      "reason": "armijo_insufficient_decrease"
    },
    {
      "target_lambda": 0.82,
      "newton_check": 3,
      "factor": 0.5,
      "accepted": false,
      "minimum_J": 7.031029686704524e-05,
      "phi": 0.0003416745650675673,
      "reason": "armijo_insufficient_decrease"
    },
    {
      "target_lambda": 0.82,
      "newton_check": 3,
      "factor": 0.25,
      "accepted": false,
      "minimum_J": 7.130185872029507e-05,
      "phi": 6.600641957463627e-05,
      "reason": "armijo_insufficient_decrease"
    },
    {
      "target_lambda": 0.82,
      "newton_check": 3,
      "factor": 0.125,
      "accepted": true,
      "minimum_J": 7.163319061383538e-05,
      "phi": 4.974980187121441e-05
    },
    {
      "target_lambda": 0.82,
      "newton_check": 4,
      "factor": 1.0,
      "accepted": false,
      "minimum_J": 6.787756896914898e-05,
      "phi": 0.0033102342353195546,
      "reason": "armijo_insufficient_decrease"
    },
    {
      "target_lambda": 0.82,
      "newton_check": 4,
      "factor": 0.5,
      "accepted": false,
      "minimum_J": 7.041789083141807e-05,
      "phi": 0.00021260446754531073,
      "reason": "armijo_insufficient_decrease"
    },
    {
      "target_lambda": 0.82,
      "newton_check": 4,
      "factor": 0.25,
      "accepted": false,
      "minimum_J": 7.119116848074366e-05,
      "phi": 5.3570377512000986e-05,
      "reason": "armijo_insufficient_decrease"
    },
    {
      "target_lambda": 0.82,
      "newton_check": 4,
      "factor": 0.125,
      "accepted": true,
      "minimum_J": 7.145358648821938e-05,
      "phi": 4.343199473005604e-05
    },
    {
      "target_lambda": 0.82,
      "newton_check": 5,
      "factor": 1.0,
      "accepted": false,
      "minimum_J": 6.851260388884481e-05,
      "phi": 0.001763148722111696,
      "reason": "armijo_insufficient_decrease"
    },
    {
      "target_lambda": 0.82,
      "newton_check": 5,
      "factor": 0.5,
      "accepted": false,
      "minimum_J": 7.048814648683951e-05,
      "phi": 0.0001374874530342082,
      "reason": "armijo_insufficient_decrease"
    },
    {
      "target_lambda": 0.82,
      "newton_check": 5,
      "factor": 0.25,
      "accepted": true,
      "minimum_J": 7.109712931291617e-05,
      "phi": 4.342708544835491e-05
    },
    {
      "target_lambda": 0.82,
      "newton_check": 6,
      "factor": 1.0,
      "accepted": false,
      "minimum_J": 6.942443350116154e-05,
      "phi": 0.0004766668429364772,
      "reason": "armijo_insufficient_decrease"
    },
    {
      "target_lambda": 0.82,
      "newton_check": 6,
      "factor": 0.5,
      "accepted": false,
      "minimum_J": 7.053976993863879e-05,
      "phi": 6.541399530476079e-05,
      "reason": "armijo_insufficient_decrease"
    },
    {
      "target_lambda": 0.82,
      "newton_check": 6,
      "factor": 0.25,
      "accepted": true,
      "minimum_J": 7.088819675924314e-05,
      "phi": 3.629054385359087e-05
    },
    {
      "target_lambda": 0.82,
      "newton_check": 7,
      "factor": 1.0,
      "accepted": false,
      "minimum_J": 6.990116860153258e-05,
      "phi": 0.0001552887604882864,
      "reason": "armijo_insufficient_decrease"
    },
    {
      "target_lambda": 0.82,
      "newton_check": 7,
      "factor": 0.5,
      "accepted": true,
      "minimum_J": 7.05551285762238e-05,
      "phi": 3.4348650405121034e-05
    },
    {
      "target_lambda": 0.82,
      "newton_check": 8,
      "factor": 1.0,
      "accepted": true,
      "minimum_J": 7.037396503374363e-05,
      "phi": 1.1918996815072866e-05
    },
    {
      "target_lambda": 0.82,
      "newton_check": 9,
      "factor": 1.0,
      "accepted": true,
      "minimum_J": 7.054370739660641e-05,
      "phi": 2.1885359098645125e-09
    },
    {
      "target_lambda": 0.82,
      "newton_check": 10,
      "factor": 1.0,
      "accepted": true,
      "minimum_J": 7.054411548842685e-05,
      "phi": 1.6524662367901984e-16
    },
    {
      "target_lambda": 0.82,
      "newton_check": 11,
      "factor": 1.0,
      "accepted": true,
      "minimum_J": 7.05441152760132e-05,
      "phi": 2.543114468501384e-17
    },
    {
      "target_lambda": 0.83,
      "newton_check": 1,
      "factor": 1.0,
      "accepted": false,
      "minimum_J": 6.286630612862991e-05,
      "phi": 0.03816136085265922,
      "reason": "armijo_insufficient_decrease"
    },
    {
      "target_lambda": 0.83,
      "newton_check": 1,
      "factor": 0.5,
      "accepted": false,
      "minimum_J": 6.815359257120735e-05,
      "phi": 0.0010021629526641466,
      "reason": "armijo_insufficient_decrease"
    },
    {
      "target_lambda": 0.83,
      "newton_check": 1,
      "factor": 0.25,
      "accepted": false,
      "minimum_J": 6.971094939208588e-05,
      "phi": 9.892449421416077e-05,
      "reason": "armijo_insufficient_decrease"
    },
    {
      "target_lambda": 0.83,
      "newton_check": 1,
      "factor": 0.125,
      "accepted": true,
      "minimum_J": 7.02180561988539e-05,
      "phi": 6.575811553325163e-05
    },
    {
      "target_lambda": 0.83,
      "newton_check": 2,
      "factor": 1.0,
      "accepted": false,
      "minimum_J": 6.445548377780526e-05,
      "phi": 0.013472931453911569,
      "reason": "armijo_insufficient_decrease"
    },
    {
      "target_lambda": 0.83,
      "newton_check": 2,
      "factor": 0.5,
      "accepted": false,
      "minimum_J": 6.839201650722627e-05,
      "phi": 0.000538637108804546,
      "reason": "armijo_insufficient_decrease"
    },
    {
      "target_lambda": 0.83,
      "newton_check": 2,
      "factor": 0.25,
      "accepted": false,
      "minimum_J": 6.956884798486349e-05,
      "phi": 7.859778163961819e-05,
      "reason": "armijo_insufficient_decrease"
    },
    {
      "target_lambda": 0.83,
      "newton_check": 2,
      "factor": 0.125,
      "accepted": true,
      "minimum_J": 6.99594049996077e-05,
      "phi": 5.628526179511031e-05
    },
    {
      "target_lambda": 0.83,
      "newton_check": 3,
      "factor": 1.0,
      "accepted": false,
      "minimum_J": 6.554911268678836e-05,
      "phi": 0.005961283021953358,
      "reason": "armijo_insufficient_decrease"
    },
    {
      "target_lambda": 0.83,
      "newton_check": 3,
      "factor": 0.5,
      "accepted": false,
      "minimum_J": 6.853879940886633e-05,
      "phi": 0.0003163902467140864,
      "reason": "armijo_insufficient_decrease"
    },
    {
      "target_lambda": 0.83,
      "newton_check": 3,
      "factor": 0.25,
      "accepted": false,
      "minimum_J": 6.944523734381983e-05,
      "phi": 6.336107646221731e-05,
      "reason": "armijo_insufficient_decrease"
    },
    {
      "target_lambda": 0.83,
      "newton_check": 3,
      "factor": 0.125,
      "accepted": true,
      "minimum_J": 6.975135495630245e-05,
      "phi": 4.891672693601581e-05
    },
    {
      "target_lambda": 0.83,
      "newton_check": 4,
      "factor": 1.0,
      "accepted": false,
      "minimum_J": 6.632931014630246e-05,
      "phi": 0.0029759843180684866,
      "reason": "armijo_insufficient_decrease"
    },
    {
      "target_lambda": 0.83,
      "newton_check": 4,
      "factor": 0.5,
      "accepted": false,
      "minimum_J": 6.863160850250522e-05,
      "phi": 0.00019691819563380687,
      "reason": "armijo_insufficient_decrease"
    },
    {
      "target_lambda": 0.83,
      "newton_check": 4,
      "factor": 0.25,
      "accepted": false,
      "minimum_J": 6.93393007152482e-05,
      "phi": 5.1292051389674725e-05,
      "reason": "armijo_insufficient_decrease"
    },
    {
      "target_lambda": 0.83,
      "newton_check": 4,
      "factor": 0.125,
      "accepted": true,
      "minimum_J": 6.958228258313678e-05,
      "phi": 4.2427816861368686e-05
    },
    {
      "target_lambda": 0.83,
      "newton_check": 5,
      "factor": 1.0,
      "accepted": false,
      "minimum_J": 6.690081824977828e-05,
      "phi": 0.0015941517070985406,
      "reason": "armijo_insufficient_decrease"
    },
    {
      "target_lambda": 0.83,
      "newton_check": 5,
      "factor": 0.5,
      "accepted": false,
      "minimum_J": 6.86911432980485e-05,
      "phi": 0.00012735634378700114,
      "reason": "armijo_insufficient_decrease"
    },
    {
      "target_lambda": 0.83,
      "newton_check": 5,
      "factor": 0.25,
      "accepted": true,
      "minimum_J": 6.92491111592812e-05,
      "phi": 4.14833764782852e-05
    },
    {
      "target_lambda": 0.83,
      "newton_check": 6,
      "factor": 1.0,
      "accepted": false,
      "minimum_J": 6.771586100966063e-05,
      "phi": 0.0004342129598873516,
      "reason": "armijo_insufficient_decrease"
    },
    {
      "target_lambda": 0.83,
      "newton_check": 6,
      "factor": 0.5,
      "accepted": false,
      "minimum_J": 6.873006893627748e-05,
      "phi": 6.0600193263016765e-05,
      "reason": "armijo_insufficient_decrease"
    },
    {
      "target_lambda": 0.83,
      "newton_check": 6,
      "factor": 0.25,
      "accepted": true,
      "minimum_J": 6.905148576256941e-05,
      "phi": 3.428937011505155e-05
    },
    {
      "target_lambda": 0.83,
      "newton_check": 7,
      "factor": 1.0,
      "accepted": false,
      "minimum_J": 6.814259834806345e-05,
      "phi": 0.00014160921809003023,
      "reason": "armijo_insufficient_decrease"
    },
    {
      "target_lambda": 0.83,
      "newton_check": 7,
      "factor": 0.5,
      "accepted": true,
      "minimum_J": 6.873853740526882e-05,
      "phi": 3.1790695125484557e-05
    },
    {
      "target_lambda": 0.83,
      "newton_check": 8,
      "factor": 1.0,
      "accepted": true,
      "minimum_J": 6.856170576840522e-05,
      "phi": 1.0815009729035732e-05
    },
    {
      "target_lambda": 0.83,
      "newton_check": 9,
      "factor": 1.0,
      "accepted": true,
      "minimum_J": 6.870931750301166e-05,
      "phi": 1.6804165373884365e-09
    },
    {
      "target_lambda": 0.83,
      "newton_check": 10,
      "factor": 1.0,
      "accepted": true,
      "minimum_J": 6.870963816534608e-05,
      "phi": 4.096529782462819e-17
    },
    {
      "target_lambda": 0.8400000000000001,
      "newton_check": 1,
      "factor": 1.0,
      "accepted": false,
      "minimum_J": 6.184781360399679e-05,
      "phi": 0.03121753568102976,
      "reason": "armijo_insufficient_decrease"
    },
    {
      "target_lambda": 0.8400000000000001,
      "newton_check": 1,
      "factor": 0.5,
      "accepted": false,
      "minimum_J": 6.654769199386439e-05,
      "phi": 0.0009027534303019653,
      "reason": "armijo_insufficient_decrease"
    },
    {
      "target_lambda": 0.8400000000000001,
      "newton_check": 1,
      "factor": 0.25,
      "accepted": false,
      "minimum_J": 6.794590660653084e-05,
      "phi": 9.437287965545506e-05,
      "reason": "armijo_insufficient_decrease"
    },
    {
      "target_lambda": 0.8400000000000001,
      "newton_check": 1,
      "factor": 0.125,
      "accepted": true,
      "minimum_J": 6.840708276648603e-05,
      "phi": 6.548489073583752e-05
    },
    {
      "target_lambda": 0.8400000000000001,
      "newton_check": 2,
      "factor": 1.0,
      "accepted": false,
      "minimum_J": 6.322475594389523e-05,
      "phi": 0.01153038806334152,
      "reason": "armijo_insufficient_decrease"
    },
    {
      "target_lambda": 0.8400000000000001,
      "newton_check": 2,
      "factor": 0.5,
      "accepted": false,
      "minimum_J": 6.674446283200942e-05,
      "phi": 0.0004888547671043829,
      "reason": "armijo_insufficient_decrease"
    },
    {
      "target_lambda": 0.8400000000000001,
      "newton_check": 2,
      "factor": 0.25,
      "accepted": false,
      "minimum_J": 6.78079086704505e-05,
      "phi": 7.493263968443527e-05,
      "reason": "armijo_insufficient_decrease"
    },
    {
      "target_lambda": 0.8400000000000001,
      "newton_check": 2,
      "factor": 0.125,
      "accepted": true,
      "minimum_J": 6.816552968700763e-05,
      "phi": 5.5600099035906506e-05
    },
    {
      "target_lambda": 0.8400000000000001,
      "newton_check": 3,
      "factor": 1.0,
      "accepted": false,
      "minimum_J": 6.418108672568244e-05,
      "phi": 0.005223474671839087,
      "reason": "armijo_insufficient_decrease"
    },
    {
      "target_lambda": 0.8400000000000001,
      "newton_check": 3,
      "factor": 0.5,
      "accepted": false,
      "minimum_J": 6.686526572409527e-05,
      "phi": 0.0002885851221001507,
      "reason": "armijo_insufficient_decrease"
    },
    {
      "target_lambda": 0.8400000000000001,
      "newton_check": 3,
      "factor": 0.25,
      "accepted": false,
      "minimum_J": 6.768838708219371e-05,
      "phi": 6.031281812058482e-05,
      "reason": "armijo_insufficient_decrease"
    },
    {
      "target_lambda": 0.8400000000000001,
      "newton_check": 3,
      "factor": 0.125,
      "accepted": true,
      "minimum_J": 6.797020572983669e-05,
      "phi": 4.791591698247311e-05
    },
    {
      "target_lambda": 0.8400000000000001,
      "newton_check": 4,
      "factor": 1.0,
      "accepted": false,
      "minimum_J": 6.486853909693771e-05,
      "phi": 0.002643962353823834,
      "reason": "armijo_insufficient_decrease"
    },
    {
      "target_lambda": 0.8400000000000001,
      "newton_check": 4,
      "factor": 0.5,
      "accepted": false,
      "minimum_J": 6.694112648877943e-05,
      "phi": 0.00018021131128292275,
      "reason": "armijo_insufficient_decrease"
    },
    {
      "target_lambda": 0.8400000000000001,
      "newton_check": 4,
      "factor": 0.25,
      "accepted": false,
      "minimum_J": 6.758610462919268e-05,
      "phi": 4.8733369374765816e-05,
      "reason": "armijo_insufficient_decrease"
    },
    {
      "target_lambda": 0.8400000000000001,
      "newton_check": 4,
      "factor": 0.125,
      "accepted": true,
      "minimum_J": 6.781076480773895e-05,
      "phi": 4.1250504304859665e-05
    },
    {
      "target_lambda": 0.8400000000000001,
      "newton_check": 5,
      "factor": 1.0,
      "accepted": false,
      "minimum_J": 6.537380060915761e-05,
      "phi": 0.0014286864459603318,
      "reason": "armijo_insufficient_decrease"
    },
    {
      "target_lambda": 0.8400000000000001,
      "newton_check": 5,
      "factor": 0.5,
      "accepted": false,
      "minimum_J": 6.69888375115543e-05,
      "phi": 0.00011682109739517536,
      "reason": "armijo_insufficient_decrease"
    },
    {
      "target_lambda": 0.8400000000000001,
      "newton_check": 5,
      "factor": 0.25,
      "accepted": true,
      "minimum_J": 6.749893986087994e-05,
      "phi": 3.9340499772712634e-05
    },
    {
      "target_lambda": 0.8400000000000001,
      "newton_check": 6,
      "factor": 1.0,
      "accepted": false,
      "minimum_J": 6.60920570473962e-05,
      "phi": 0.00039397889494169997,
      "reason": "armijo_insufficient_decrease"
    },
    {
      "target_lambda": 0.8400000000000001,
      "newton_check": 6,
      "factor": 0.5,
      "accepted": false,
      "minimum_J": 6.701413383405704e-05,
      "phi": 5.575970887696103e-05,
      "reason": "armijo_insufficient_decrease"
    },
    {
      "target_lambda": 0.8400000000000001,
      "newton_check": 6,
      "factor": 0.25,
      "accepted": true,
      "minimum_J": 6.731119569308501e-05,
      "phi": 3.2157543071440754e-05
    },
    {
      "target_lambda": 0.8400000000000001,
      "newton_check": 7,
      "factor": 1.0,
      "accepted": false,
      "minimum_J": 6.647147354267021e-05,
      "phi": 0.00012889855166486856,
      "reason": "armijo_insufficient_decrease"
    },
    {
      "target_lambda": 0.8400000000000001,
      "newton_check": 7,
      "factor": 0.5,
      "accepted": true,
      "minimum_J": 6.701568619591447e-05,
      "phi": 2.925522179234398e-05
    },
    {
      "target_lambda": 0.8400000000000001,
      "newton_check": 8,
      "factor": 1.0,
      "accepted": true,
      "minimum_J": 6.684153304150288e-05,
      "phi": 9.830844499081035e-06
    },
    {
      "target_lambda": 0.8400000000000001,
      "newton_check": 9,
      "factor": 1.0,
      "accepted": true,
      "minimum_J": 6.696966889062723e-05,
      "phi": 1.2931136288586534e-09
    },
    {
      "target_lambda": 0.8400000000000001,
      "newton_check": 10,
      "factor": 1.0,
      "accepted": true,
      "minimum_J": 6.696991847194682e-05,
      "phi": 1.541938266879486e-17
    },
    {
      "target_lambda": 0.85,
      "newton_check": 1,
      "factor": 1.0,
      "accepted": false,
      "minimum_J": 6.080787300224147e-05,
      "phi": 0.026136611950987067,
      "reason": "armijo_insufficient_decrease"
    },
    {
      "target_lambda": 0.85,
      "newton_check": 1,
      "factor": 0.5,
      "accepted": false,
      "minimum_J": 6.500578238355243e-05,
      "phi": 0.000820168494796293,
      "reason": "armijo_insufficient_decrease"
    },
    {
      "target_lambda": 0.85,
      "newton_check": 1,
      "factor": 0.25,
      "accepted": false,
      "minimum_J": 6.626707208988768e-05,
      "phi": 9.050282368646464e-05,
      "reason": "armijo_insufficient_decrease"
    },
    {
      "target_lambda": 0.85,
      "newton_check": 1,
      "factor": 0.125,
      "accepted": true,
      "minimum_J": 6.668830069566246e-05,
      "phi": 6.524997561956757e-05
    },
    {
      "target_lambda": 0.85,
      "newton_check": 2,
      "factor": 1.0,
      "accepted": false,
      "minimum_J": 6.199092618020322e-05,
      "phi": 0.010074714427405792,
      "reason": "armijo_insufficient_decrease"
    },
    {
      "target_lambda": 0.85,
      "newton_check": 2,
      "factor": 0.5,
      "accepted": false,
      "minimum_J": 6.516426844854256e-05,
      "phi": 0.0004487009034200283,
      "reason": "armijo_insufficient_decrease"
    },
    {
      "target_lambda": 0.85,
      "newton_check": 2,
      "factor": 0.25,
      "accepted": false,
      "minimum_J": 6.613244832665599e-05,
      "phi": 7.191135478546852e-05,
      "reason": "armijo_insufficient_decrease"
    },
    {
      "target_lambda": 0.85,
      "newton_check": 2,
      "factor": 0.125,
      "accepted": true,
      "minimum_J": 6.646191544811874e-05,
      "phi": 5.502386073720227e-05
    },
    {
      "target_lambda": 0.85,
      "newton_check": 3,
      "factor": 1.0,
      "accepted": false,
      "minimum_J": 6.282718074158713e-05,
      "phi": 0.004671275414115474,
      "reason": "armijo_insufficient_decrease"
    },
    {
      "target_lambda": 0.85,
      "newton_check": 3,
      "factor": 0.5,
      "accepted": false,
      "minimum_J": 6.526247026548551e-05,
      "phi": 0.00026673789252794,
      "reason": "armijo_insufficient_decrease"
    },
    {
      "target_lambda": 0.85,
      "newton_check": 3,
      "factor": 0.25,
      "accepted": false,
      "minimum_J": 6.601667339915514e-05,
      "phi": 5.7854542281836594e-05,
      "reason": "armijo_insufficient_decrease"
    },
    {
      "target_lambda": 0.85,
      "newton_check": 3,
      "factor": 0.125,
      "accepted": true,
      "minimum_J": 6.627791456228054e-05,
      "phi": 4.708861196890436e-05
    },
    {
      "target_lambda": 0.85,
      "newton_check": 4,
      "factor": 1.0,
      "accepted": false,
      "minimum_J": 6.343511396769255e-05,
      "phi": 0.002397781294372053,
      "reason": "armijo_insufficient_decrease"
    },
    {
      "target_lambda": 0.85,
      "newton_check": 4,
      "factor": 0.5,
      "accepted": false,
      "minimum_J": 6.53240115223021e-05,
      "phi": 0.00016735737344535323,
      "reason": "armijo_insufficient_decrease"
    },
    {
      "target_lambda": 0.85,
      "newton_check": 4,
      "factor": 0.25,
      "accepted": true,
      "minimum_J": 6.591783735709107e-05,
      "phi": 4.670161170521297e-05
    },
    {
      "target_lambda": 0.85,
      "newton_check": 5,
      "factor": 1.0,
      "accepted": false,
      "minimum_J": 6.429117074451815e-05,
      "phi": 0.0006083765645162497,
      "reason": "armijo_insufficient_decrease"
    },
    {
      "target_lambda": 0.85,
      "newton_check": 5,
      "factor": 0.5,
      "accepted": false,
      "minimum_J": 6.536028266183214e-05,
      "phi": 7.621362478626858e-05,
      "reason": "armijo_insufficient_decrease"
    },
    {
      "target_lambda": 0.85,
      "newton_check": 5,
      "factor": 0.25,
      "accepted": true,
      "minimum_J": 6.570300466254546e-05,
      "phi": 3.954511904319151e-05
    },
    {
      "target_lambda": 0.85,
      "newton_check": 6,
      "factor": 1.0,
      "accepted": false,
      "minimum_J": 6.473752068600603e-05,
      "phi": 0.00019666757354817868,
      "reason": "armijo_insufficient_decrease"
    },
    {
      "target_lambda": 0.85,
      "newton_check": 6,
      "factor": 0.5,
      "accepted": false,
      "minimum_J": 6.53652362999885e-05,
      "phi": 3.97463612896822e-05,
      "reason": "armijo_insufficient_decrease"
    },
    {
      "target_lambda": 0.85,
      "newton_check": 6,
      "factor": 0.25,
      "accepted": true,
      "minimum_J": 6.557036388534916e-05,
      "phi": 2.974596892383954e-05
    },
    {
      "target_lambda": 0.85,
      "newton_check": 7,
      "factor": 1.0,
      "accepted": false,
      "minimum_J": 6.498663888775438e-05,
      "phi": 6.833007430301686e-05,
      "reason": "armijo_insufficient_decrease"
    },
    {
      "target_lambda": 0.85,
      "newton_check": 7,
      "factor": 0.5,
      "accepted": true,
      "minimum_J": 6.536145566074937e-05,
      "phi": 2.1472679149945284e-05
    },
    {
      "target_lambda": 0.85,
      "newton_check": 8,
      "factor": 1.0,
      "accepted": true,
      "minimum_J": 6.523298925141124e-05,
      "phi": 5.535993963227867e-06
    },
    {
      "target_lambda": 0.85,
      "newton_check": 9,
      "factor": 1.0,
      "accepted": true,
      "minimum_J": 6.531865481375003e-05,
      "phi": 3.9133220916782953e-10
    },
    {
      "target_lambda": 0.85,
      "newton_check": 10,
      "factor": 1.0,
      "accepted": true,
      "minimum_J": 6.531876954739856e-05,
      "phi": 1.3342449228784374e-18
    },
    {
      "target_lambda": 0.8600000000000001,
      "newton_check": 1,
      "factor": 1.0,
      "accepted": false,
      "minimum_J": 5.9659744696824605e-05,
      "phi": 0.023078144261333068,
      "reason": "armijo_insufficient_decrease"
    },
    {
      "target_lambda": 0.8600000000000001,
      "newton_check": 1,
      "factor": 0.5,
      "accepted": false,
      "minimum_J": 6.350184520228351e-05,
      "phi": 0.0007674595562018983,
      "reason": "armijo_insufficient_decrease"
    },
    {
      "target_lambda": 0.8600000000000001,
      "newton_check": 1,
      "factor": 0.25,
      "accepted": false,
      "minimum_J": 6.466345439631978e-05,
      "phi": 8.801299008168277e-05,
      "reason": "armijo_insufficient_decrease"
    },
    {
      "target_lambda": 0.8600000000000001,
      "newton_check": 1,
      "factor": 0.125,
      "accepted": true,
      "minimum_J": 6.505439872663156e-05,
      "phi": 6.509522124185985e-05
    },
    {
      "target_lambda": 0.8600000000000001,
      "newton_check": 2,
      "factor": 1.0,
      "accepted": false,
      "minimum_J": 6.070072455009304e-05,
      "phi": 0.009190545997067992,
      "reason": "armijo_insufficient_decrease"
    },
    {
      "target_lambda": 0.8600000000000001,
      "newton_check": 2,
      "factor": 0.5,
      "accepted": false,
      "minimum_J": 6.363320653878107e-05,
      "phi": 0.0004237735042405761,
      "reason": "armijo_insufficient_decrease"
    },
    {
      "target_lambda": 0.8600000000000001,
      "newton_check": 2,
      "factor": 0.25,
      "accepted": false,
      "minimum_J": 6.453271385632229e-05,
      "phi": 7.001682853354376e-05,
      "reason": "armijo_insufficient_decrease"
    },
    {
      "target_lambda": 0.8600000000000001,
      "newton_check": 2,
      "factor": 0.125,
      "accepted": true,
      "minimum_J": 6.484078409959513e-05,
      "phi": 5.465428028922052e-05
    },
    {
      "target_lambda": 0.8600000000000001,
      "newton_check": 3,
      "factor": 1.0,
      "accepted": false,
      "minimum_J": 6.145140932413499e-05,
      "phi": 0.00433958325106938,
      "reason": "armijo_insufficient_decrease"
    },
    {
      "target_lambda": 0.8600000000000001,
      "newton_check": 3,
      "factor": 0.5,
      "accepted": false,
      "minimum_J": 6.371626013716176e-05,
      "phi": 0.00025352015418480655,
      "reason": "armijo_insufficient_decrease"
    },
    {
      "target_lambda": 0.8600000000000001,
      "newton_check": 3,
      "factor": 0.25,
      "accepted": false,
      "minimum_J": 6.44210629750617e-05,
      "phi": 5.634214635764826e-05,
      "reason": "armijo_insufficient_decrease"
    },
    {
      "target_lambda": 0.8600000000000001,
      "newton_check": 3,
      "factor": 0.125,
      "accepted": true,
      "minimum_J": 6.466655875099978e-05,
      "phi": 4.6567119054897624e-05
    },
    {
      "target_lambda": 0.8600000000000001,
      "newton_check": 4,
      "factor": 1.0,
      "accepted": false,
      "minimum_J": 6.200483965677225e-05,
      "phi": 0.002253072295473005,
      "reason": "armijo_insufficient_decrease"
    },
    {
      "target_lambda": 0.8600000000000001,
      "newton_check": 4,
      "factor": 0.5,
      "accepted": false,
      "minimum_J": 6.376897407255427e-05,
      "phi": 0.0001597744014245946,
      "reason": "armijo_insufficient_decrease"
    },
    {
      "target_lambda": 0.8600000000000001,
      "newton_check": 4,
      "factor": 0.25,
      "accepted": true,
      "minimum_J": 6.432608512942344e-05,
      "phi": 4.5471454018899955e-05
    },
    {
      "target_lambda": 0.8600000000000001,
      "newton_check": 5,
      "factor": 1.0,
      "accepted": false,
      "minimum_J": 6.278923146868238e-05,
      "phi": 0.0005809490321488938,
      "reason": "armijo_insufficient_decrease"
    },
    {
      "target_lambda": 0.8600000000000001,
      "newton_check": 5,
      "factor": 0.5,
      "accepted": false,
      "minimum_J": 6.379700453051286e-05,
      "phi": 7.319991196612275e-05,
      "reason": "armijo_insufficient_decrease"
    },
    {
      "target_lambda": 0.8600000000000001,
      "newton_check": 5,
      "factor": 0.25,
      "accepted": true,
      "minimum_J": 6.412138139000822e-05,
      "phi": 3.828592801248871e-05
    },
    {
      "target_lambda": 0.8600000000000001,
      "newton_check": 6,
      "factor": 1.0,
      "accepted": false,
      "minimum_J": 6.320640423129269e-05,
      "phi": 0.00018904031786026913,
      "reason": "armijo_insufficient_decrease"
    },
    {
      "target_lambda": 0.8600000000000001,
      "newton_check": 6,
      "factor": 0.5,
      "accepted": true,
      "minimum_J": 6.379969169894124e-05,
      "phi": 3.825364951208562e-05
    },
    {
      "target_lambda": 0.8600000000000001,
      "newton_check": 7,
      "factor": 1.0,
      "accepted": true,
      "minimum_J": 6.361177709868112e-05,
      "phi": 1.4640381184526865e-05
    },
    {
      "target_lambda": 0.8600000000000001,
      "newton_check": 8,
      "factor": 1.0,
      "accepted": true,
      "minimum_J": 6.375060578173297e-05,
      "phi": 2.517639160217314e-09
    },
    {
      "target_lambda": 0.8600000000000001,
      "newton_check": 9,
      "factor": 1.0,
      "accepted": true,
      "minimum_J": 6.375091478950694e-05,
      "phi": 6.998611511639384e-17
    },
    {
      "target_lambda": 0.8600000000000001,
      "newton_check": 10,
      "factor": 1.0,
      "accepted": true,
      "minimum_J": 6.375091457551607e-05,
      "phi": 1.188132513776602e-17
    },
    {
      "target_lambda": 0.87,
      "newton_check": 1,
      "factor": 1.0,
      "accepted": false,
      "minimum_J": 5.8388108888913176e-05,
      "phi": 0.021602990937217917,
      "reason": "armijo_insufficient_decrease"
    },
    {
      "target_lambda": 0.87,
      "newton_check": 1,
      "factor": 0.5,
      "accepted": false,
      "minimum_J": 6.202825460734253e-05,
      "phi": 0.0007439347036768127,
      "reason": "armijo_insufficient_decrease"
    },
    {
      "target_lambda": 0.87,
      "newton_check": 1,
      "factor": 0.25,
      "accepted": false,
      "minimum_J": 6.312927030887019e-05,
      "phi": 8.693271804458382e-05,
      "reason": "armijo_insufficient_decrease"
    },
    {
      "target_lambda": 0.87,
      "newton_check": 1,
      "factor": 0.125,
      "accepted": true,
      "minimum_J": 6.350001387371678e-05,
      "phi": 6.50231351528415e-05
    },
    {
      "target_lambda": 0.87,
      "newton_check": 2,
      "factor": 1.0,
      "accepted": false,
      "minimum_J": 5.934869153281974e-05,
      "phi": 0.008778073055382508,
      "reason": "armijo_insufficient_decrease"
    },
    {
      "target_lambda": 0.87,
      "newton_check": 2,
      "factor": 0.5,
      "accepted": false,
      "minimum_J": 6.214605876761894e-05,
      "phi": 0.0004132425898564903,
      "reason": "armijo_insufficient_decrease"
    },
    {
      "target_lambda": 0.87,
      "newton_check": 2,
      "factor": 0.25,
      "accepted": false,
      "minimum_J": 6.300346283461266e-05,
      "phi": 6.922809916506172e-05,
      "reason": "armijo_insufficient_decrease"
    },
    {
      "target_lambda": 0.87,
      "newton_check": 2,
      "factor": 0.125,
      "accepted": true,
      "minimum_J": 6.329684498499567e-05,
      "phi": 5.449266518863007e-05
    },
    {
      "target_lambda": 0.87,
      "newton_check": 3,
      "factor": 1.0,
      "accepted": false,
      "minimum_J": 6.0052666451998115e-05,
      "phi": 0.0041954087677052564,
      "reason": "armijo_insufficient_decrease"
    },
    {
      "target_lambda": 0.87,
      "newton_check": 3,
      "factor": 0.5,
      "accepted": false,
      "minimum_J": 6.222253259311775e-05,
      "phi": 0.00024835205188483315,
      "reason": "armijo_insufficient_decrease"
    },
    {
      "target_lambda": 0.87,
      "newton_check": 3,
      "factor": 0.25,
      "accepted": false,
      "minimum_J": 6.289663300725827e-05,
      "phi": 5.574292672785383e-05,
      "reason": "armijo_insufficient_decrease"
    },
    {
      "target_lambda": 0.87,
      "newton_check": 3,
      "factor": 0.125,
      "accepted": true,
      "minimum_J": 6.313097505194583e-05,
      "phi": 4.634824354914888e-05
    },
    {
      "target_lambda": 0.87,
      "newton_check": 4,
      "factor": 1.0,
      "accepted": false,
      "minimum_J": 6.057677413310348e-05,
      "phi": 0.0021958056622201614,
      "reason": "armijo_insufficient_decrease"
    },
    {
      "target_lambda": 0.87,
      "newton_check": 4,
      "factor": 0.5,
      "accepted": false,
      "minimum_J": 6.227201045236326e-05,
      "phi": 0.00015705231350790583,
      "reason": "armijo_insufficient_decrease"
    },
    {
      "target_lambda": 0.87,
      "newton_check": 4,
      "factor": 0.25,
      "accepted": true,
      "minimum_J": 6.280602671662122e-05,
      "phi": 4.500620087809642e-05
    },
    {
      "target_lambda": 0.87,
      "newton_check": 5,
      "factor": 1.0,
      "accepted": false,
      "minimum_J": 6.132564649788635e-05,
      "phi": 0.0005724825138976635,
      "reason": "armijo_insufficient_decrease"
    },
    {
      "target_lambda": 0.87,
      "newton_check": 5,
      "factor": 0.5,
      "accepted": false,
      "minimum_J": 6.229880264393719e-05,
      "phi": 7.226266459952748e-05,
      "reason": "armijo_insufficient_decrease"
    },
    {
      "target_lambda": 0.87,
      "newton_check": 5,
      "factor": 0.25,
      "accepted": true,
      "minimum_J": 6.261065618934666e-05,
      "phi": 3.784235948696122e-05
    },
    {
      "target_lambda": 0.87,
      "newton_check": 6,
      "factor": 1.0,
      "accepted": false,
      "minimum_J": 6.172979261749457e-05,
      "phi": 0.00018750247036232034,
      "reason": "armijo_insufficient_decrease"
    },
    {
      "target_lambda": 0.87,
      "newton_check": 6,
      "factor": 0.5,
      "accepted": false,
      "minimum_J": 6.230285692719565e-05,
      "phi": 3.785668896731323e-05,
      "reason": "armijo_insufficient_decrease"
    },
    {
      "target_lambda": 0.87,
      "newton_check": 6,
      "factor": 0.25,
      "accepted": true,
      "minimum_J": 6.2489914690805e-05,
      "phi": 2.8401750974151423e-05
    },
    {
      "target_lambda": 0.87,
      "newton_check": 7,
      "factor": 1.0,
      "accepted": false,
      "minimum_J": 6.195751381584387e-05,
      "phi": 6.569181170122198e-05,
      "reason": "armijo_insufficient_decrease"
    },
    {
      "target_lambda": 0.87,
      "newton_check": 7,
      "factor": 0.5,
      "accepted": true,
      "minimum_J": 6.229965141342176e-05,
      "phi": 2.050354050969797e-05
    },
    {
      "target_lambda": 0.87,
      "newton_check": 8,
      "factor": 1.0,
      "accepted": true,
      "minimum_J": 6.218295420444072e-05,
      "phi": 5.3845135348994135e-06
    },
    {
      "target_lambda": 0.87,
      "newton_check": 9,
      "factor": 1.0,
      "accepted": true,
      "minimum_J": 6.226145927441919e-05,
      "phi": 3.3669839997094217e-10
    },
    {
      "target_lambda": 0.87,
      "newton_check": 10,
      "factor": 1.0,
      "accepted": true,
      "minimum_J": 6.2261560360308e-05,
      "phi": 1.3545451893144505e-16
    },
    {
      "target_lambda": 0.87,
      "newton_check": 11,
      "factor": 1.0,
      "accepted": true,
      "minimum_J": 6.226156036599775e-05,
      "phi": 2.6069408013914835e-17
    },
    {
      "target_lambda": 0.88,
      "newton_check": 1,
      "factor": 1.0,
      "accepted": false,
      "minimum_J": 5.7014532324243076e-05,
      "phi": 0.0212641867412227,
      "reason": "armijo_insufficient_decrease"
    },
    {
      "target_lambda": 0.88,
      "newton_check": 1,
      "factor": 0.5,
      "accepted": false,
      "minimum_J": 6.058689848898215e-05,
      "phi": 0.0007443848304544143,
      "reason": "armijo_insufficient_decrease"
    },
    {
      "target_lambda": 0.88,
      "newton_check": 1,
      "factor": 0.25,
      "accepted": false,
      "minimum_J": 6.166144245961587e-05,
      "phi": 8.704173531761617e-05,
      "reason": "armijo_insufficient_decrease"
    },
    {
      "target_lambda": 0.88,
      "newton_check": 1,
      "factor": 0.125,
      "accepted": true,
      "minimum_J": 6.202080467235835e-05,
      "phi": 6.502129724808948e-05
    },
    {
      "target_lambda": 0.88,
      "newton_check": 2,
      "factor": 1.0,
      "accepted": false,
      "minimum_J": 5.7950126287368555e-05,
      "phi": 0.008722241372307548,
      "reason": "armijo_insufficient_decrease"
    },
    {
      "target_lambda": 0.88,
      "newton_check": 2,
      "factor": 0.5,
      "accepted": false,
      "minimum_J": 6.070336263157103e-05,
      "phi": 0.0004145641451092462,
      "reason": "armijo_insufficient_decrease"
    },
    {
      "target_lambda": 0.88,
      "newton_check": 2,
      "factor": 0.25,
      "accepted": false,
      "minimum_J": 6.154155793987765e-05,
      "phi": 6.936793032180903e-05,
      "reason": "armijo_insufficient_decrease"
    },
    {
      "target_lambda": 0.88,
      "newton_check": 2,
      "factor": 0.125,
      "accepted": true,
      "minimum_J": 6.182604987801863e-05,
      "phi": 5.450687336116102e-05
    },
    {
      "target_lambda": 0.88,
      "newton_check": 3,
      "factor": 1.0,
      "accepted": false,
      "minimum_J": 5.8641041406668245e-05,
      "phi": 0.004195444645829873,
      "reason": "armijo_insufficient_decrease"
    },
    {
      "target_lambda": 0.88,
      "newton_check": 3,
      "factor": 0.5,
      "accepted": false,
      "minimum_J": 6.078066451635473e-05,
      "phi": 0.0002497481703151977,
      "reason": "armijo_insufficient_decrease"
    },
    {
      "target_lambda": 0.88,
      "newton_check": 3,
      "factor": 0.25,
      "accepted": false,
      "minimum_J": 6.144013691496992e-05,
      "phi": 5.590258841824916e-05,
      "reason": "armijo_insufficient_decrease"
    },
    {
      "target_lambda": 0.88,
      "newton_check": 3,
      "factor": 0.125,
      "accepted": true,
      "minimum_J": 6.16672883258841e-05,
      "phi": 4.6383621828360436e-05
    },
    {
      "target_lambda": 0.88,
      "newton_check": 4,
      "factor": 1.0,
      "accepted": false,
      "minimum_J": 5.915861548051784e-05,
      "phi": 0.0022068910055089742,
      "reason": "armijo_insufficient_decrease"
    },
    {
      "target_lambda": 0.88,
      "newton_check": 4,
      "factor": 0.5,
      "accepted": false,
      "minimum_J": 6.0831983998584126e-05,
      "phi": 0.0001582939748249708,
      "reason": "armijo_insufficient_decrease"
    },
    {
      "target_lambda": 0.88,
      "newton_check": 4,
      "factor": 0.25,
      "accepted": true,
      "minimum_J": 6.135439418835976e-05,
      "phi": 4.517499020944053e-05
    },
    {
      "target_lambda": 0.88,
      "newton_check": 5,
      "factor": 1.0,
      "accepted": false,
      "minimum_J": 5.990353382564389e-05,
      "phi": 0.000578991853726503,
      "reason": "armijo_insufficient_decrease"
    },
    {
      "target_lambda": 0.88,
      "newton_check": 5,
      "factor": 0.5,
      "accepted": false,
      "minimum_J": 6.086369583082039e-05,
      "phi": 7.30082993298878e-05,
      "reason": "armijo_insufficient_decrease"
    },
    {
      "target_lambda": 0.88,
      "newton_check": 5,
      "factor": 0.25,
      "accepted": true,
      "minimum_J": 6.116772796341281e-05,
      "phi": 3.8069473024600945e-05
    },
    {
      "target_lambda": 0.88,
      "newton_check": 6,
      "factor": 1.0,
      "accepted": false,
      "minimum_J": 6.03074020647341e-05,
      "phi": 0.00019082987614374203,
      "reason": "armijo_insufficient_decrease"
    },
    {
      "target_lambda": 0.88,
      "newton_check": 6,
      "factor": 0.5,
      "accepted": false,
      "minimum_J": 6.0871985862921146e-05,
      "phi": 3.834911319102893e-05,
      "reason": "armijo_insufficient_decrease"
    },
    {
      "target_lambda": 0.88,
      "newton_check": 6,
      "factor": 0.25,
      "accepted": true,
      "minimum_J": 6.105346212745139e-05,
      "phi": 2.862860463289673e-05
    },
    {
      "target_lambda": 0.88,
      "newton_check": 7,
      "factor": 1.0,
      "accepted": false,
      "minimum_J": 6.053632969215299e-05,
      "phi": 6.722219906405662e-05,
      "reason": "armijo_insufficient_decrease"
    },
    {
      "target_lambda": 0.88,
      "newton_check": 7,
      "factor": 0.5,
      "accepted": true,
      "minimum_J": 6.08723023394055e-05,
      "phi": 2.0811756779502218e-05
    },
    {
      "target_lambda": 0.88,
      "newton_check": 8,
      "factor": 1.0,
      "accepted": true,
      "minimum_J": 6.076509405666315e-05,
      "phi": 5.5609509556080924e-06
    },
    {
      "target_lambda": 0.88,
      "newton_check": 9,
      "factor": 1.0,
      "accepted": true,
      "minimum_J": 6.084612133387433e-05,
      "phi": 3.489276628971313e-10
    },
    {
      "target_lambda": 0.88,
      "newton_check": 10,
      "factor": 1.0,
      "accepted": true,
      "minimum_J": 6.084623075873632e-05,
      "phi": 2.6377240115922504e-17
    },
    {
      "target_lambda": 0.89,
      "newton_check": 1,
      "factor": 1.0,
      "accepted": false,
      "minimum_J": 5.5564624139990476e-05,
      "phi": 0.021758459495482513,
      "reason": "armijo_insufficient_decrease"
    },
    {
      "target_lambda": 0.89,
      "newton_check": 1,
      "factor": 0.5,
      "accepted": false,
      "minimum_J": 5.918089486591166e-05,
      "phi": 0.0007638843839758395,
      "reason": "armijo_insufficient_decrease"
    },
    {
      "target_lambda": 0.89,
      "newton_check": 1,
      "factor": 0.25,
      "accepted": false,
      "minimum_J": 6.0257429665166845e-05,
      "phi": 8.811295067591973e-05,
      "reason": "armijo_insufficient_decrease"
    },
    {
      "target_lambda": 0.89,
      "newton_check": 1,
      "factor": 0.125,
      "accepted": true,
      "minimum_J": 6.061279692528354e-05,
      "phi": 6.507658402734862e-05
    },
    {
      "target_lambda": 0.89,
      "newton_check": 2,
      "factor": 1.0,
      "accepted": false,
      "minimum_J": 5.6523717640532754e-05,
      "phi": 0.008933174704308412,
      "reason": "armijo_insufficient_decrease"
    },
    {
      "target_lambda": 0.89,
      "newton_check": 2,
      "factor": 0.5,
      "accepted": false,
      "minimum_J": 5.930674843248998e-05,
      "phi": 0.0004252537665163017,
      "reason": "armijo_insufficient_decrease"
    },
    {
      "target_lambda": 0.89,
      "newton_check": 2,
      "factor": 0.25,
      "accepted": false,
      "minimum_J": 6.01443954663512e-05,
      "phi": 7.025261430678885e-05,
      "reason": "armijo_insufficient_decrease"
    },
    {
      "target_lambda": 0.89,
      "newton_check": 2,
      "factor": 0.125,
      "accepted": true,
      "minimum_J": 6.042475189221693e-05,
      "phi": 5.466317709442895e-05
    },
    {
      "target_lambda": 0.89,
      "newton_check": 3,
      "factor": 1.0,
      "accepted": false,
      "minimum_J": 5.72300690265461e-05,
      "phi": 0.004304977003544708,
      "reason": "armijo_insufficient_decrease"
    },
    {
      "target_lambda": 0.89,
      "newton_check": 3,
      "factor": 0.5,
      "accepted": false,
      "minimum_J": 5.93911586396498e-05,
      "phi": 0.0002563304160846815,
      "reason": "armijo_insufficient_decrease"
    },
    {
      "target_lambda": 0.89,
      "newton_check": 3,
      "factor": 0.25,
      "accepted": false,
      "minimum_J": 6.00488923130472e-05,
      "phi": 5.666945866504905e-05,
      "reason": "armijo_insufficient_decrease"
    },
    {
      "target_lambda": 0.89,
      "newton_check": 3,
      "factor": 0.125,
      "accepted": true,
      "minimum_J": 6.027205636320549e-05,
      "phi": 4.662370037663556e-05
    },
    {
      "target_lambda": 0.89,
      "newton_check": 4,
      "factor": 1.0,
      "accepted": false,
      "minimum_J": 5.775900218409447e-05,
      "phi": 0.0022703695617159844,
      "reason": "armijo_insufficient_decrease"
    },
    {
      "target_lambda": 0.89,
      "newton_check": 4,
      "factor": 0.5,
      "accepted": false,
      "minimum_J": 5.9448275240893564e-05,
      "phi": 0.00016266582688232776,
      "reason": "armijo_insufficient_decrease"
    },
    {
      "target_lambda": 0.89,
      "newton_check": 4,
      "factor": 0.25,
      "accepted": true,
      "minimum_J": 5.9968352294380604e-05,
      "phi": 4.5850129548528267e-05
    },
    {
      "target_lambda": 0.89,
      "newton_check": 5,
      "factor": 1.0,
      "accepted": false,
      "minimum_J": 5.8525326523427274e-05,
      "phi": 0.0005971985821120816,
      "reason": "armijo_insufficient_decrease"
    },
    {
      "target_lambda": 0.89,
      "newton_check": 5,
      "factor": 0.5,
      "accepted": false,
      "minimum_J": 5.948981579271657e-05,
      "phi": 7.508844544587277e-05,
      "reason": "armijo_insufficient_decrease"
    },
    {
      "target_lambda": 0.89,
      "newton_check": 5,
      "factor": 0.25,
      "accepted": true,
      "minimum_J": 5.978982814145463e-05,
      "phi": 3.883112829331641e-05
    },
    {
      "target_lambda": 0.89,
      "newton_check": 6,
      "factor": 1.0,
      "accepted": false,
      "minimum_J": 5.8939004691765354e-05,
      "phi": 0.00019806422089789903,
      "reason": "armijo_insufficient_decrease"
    },
    {
      "target_lambda": 0.89,
      "newton_check": 6,
      "factor": 0.5,
      "accepted": false,
      "minimum_J": 5.950458107182126e-05,
      "phi": 3.95552030123725e-05,
      "reason": "armijo_insufficient_decrease"
    },
    {
      "target_lambda": 0.89,
      "newton_check": 6,
      "factor": 0.25,
      "accepted": true,
      "minimum_J": 5.968224576901872e-05,
      "phi": 2.930136603826862e-05
    },
    {
      "target_lambda": 0.89,
      "newton_check": 7,
      "factor": 1.0,
      "accepted": false,
      "minimum_J": 5.9174908111109686e-05,
      "phi": 7.019075786049152e-05,
      "reason": "armijo_insufficient_decrease"
    },
    {
      "target_lambda": 0.89,
      "newton_check": 7,
      "factor": 0.5,
      "accepted": true,
      "minimum_J": 5.9509965909964794e-05,
      "phi": 2.151668929129749e-05
    },
    {
      "target_lambda": 0.89,
      "newton_check": 8,
      "factor": 1.0,
      "accepted": true,
      "minimum_J": 5.941380087040926e-05,
      "phi": 5.8687788782802776e-06
    },
    {
      "target_lambda": 0.89,
      "newton_check": 9,
      "factor": 1.0,
      "accepted": true,
      "minimum_J": 5.950060715399148e-05,
      "phi": 3.796152185799512e-10
    },
    {
      "target_lambda": 0.89,
      "newton_check": 10,
      "factor": 1.0,
      "accepted": true,
      "minimum_J": 5.950073588969722e-05,
      "phi": 1.1075597053918915e-17
    },
    {
      "target_lambda": 0.9,
      "newton_check": 1,
      "factor": 1.0,
      "accepted": false,
      "minimum_J": 5.4061780060432904e-05,
      "phi": 0.022902614249652883,
      "reason": "armijo_insufficient_decrease"
    },
    {
      "target_lambda": 0.9,
      "newton_check": 1,
      "factor": 0.5,
      "accepted": false,
      "minimum_J": 5.781302131113258e-05,
      "phi": 0.0007988817606858493,
      "reason": "armijo_insufficient_decrease"
    },
    {
      "target_lambda": 0.9,
      "newton_check": 1,
      "factor": 0.25,
      "accepted": false,
      "minimum_J": 5.891481943604971e-05,
      "phi": 8.997755594926163e-05,
      "reason": "armijo_insufficient_decrease"
    },
    {
      "target_lambda": 0.9,
      "newton_check": 1,
      "factor": 0.125,
      "accepted": true,
      "minimum_J": 5.927226287135566e-05,
      "phi": 6.517920664169924e-05
    },
    {
      "target_lambda": 0.9,
      "newton_check": 2,
      "factor": 1.0,
      "accepted": false,
      "minimum_J": 5.5084882025221174e-05,
      "phi": 0.009350094288438263,
      "reason": "armijo_insufficient_decrease"
    },
    {
      "target_lambda": 0.9,
      "newton_check": 2,
      "factor": 0.5,
      "accepted": false,
      "minimum_J": 5.7957224054049864e-05,
      "phi": 0.00044345549352603085,
      "reason": "armijo_insufficient_decrease"
    },
    {
      "target_lambda": 0.9,
      "newton_check": 2,
      "factor": 0.25,
      "accepted": false,
      "minimum_J": 5.880940636197233e-05,
      "phi": 7.174331147732426e-05,
      "reason": "armijo_insufficient_decrease"
    },
    {
      "target_lambda": 0.9,
      "newton_check": 2,
      "factor": 0.125,
      "accepted": true,
      "minimum_J": 5.908950034418009e-05,
      "phi": 5.493627206224197e-05
    },
    {
      "target_lambda": 0.9,
      "newton_check": 3,
      "factor": 1.0,
      "accepted": false,
      "minimum_J": 5.58299126794673e-05,
      "phi": 0.004500874463119264,
      "reason": "armijo_insufficient_decrease"
    },
    {
      "target_lambda": 0.9,
      "newton_check": 3,
      "factor": 0.5,
      "accepted": false,
      "minimum_J": 5.805384545668883e-05,
      "phi": 0.00026712562571693205,
      "reason": "armijo_insufficient_decrease"
    },
    {
      "target_lambda": 0.9,
      "newton_check": 3,
      "factor": 0.25,
      "accepted": false,
      "minimum_J": 5.872020763735693e-05,
      "phi": 5.793372910090139e-05,
      "reason": "armijo_insufficient_decrease"
    },
    {
      "target_lambda": 0.9,
      "newton_check": 3,
      "factor": 0.125,
      "accepted": true,
      "minimum_J": 5.894198767506459e-05,
      "phi": 4.703188778196458e-05
    },
    {
      "target_lambda": 0.9,
      "newton_check": 4,
      "factor": 1.0,
      "accepted": false,
      "minimum_J": 5.638478517550723e-05,
      "phi": 0.002375205057561699,
      "reason": "armijo_insufficient_decrease"
    },
    {
      "target_lambda": 0.9,
      "newton_check": 4,
      "factor": 0.5,
      "accepted": false,
      "minimum_J": 5.811996569929004e-05,
      "phi": 0.00016956873687560192,
      "reason": "armijo_insufficient_decrease"
    },
    {
      "target_lambda": 0.9,
      "newton_check": 4,
      "factor": 0.25,
      "accepted": true,
      "minimum_J": 5.864512150769171e-05,
      "phi": 4.6938459444879504e-05
    },
    {
      "target_lambda": 0.9,
      "newton_check": 5,
      "factor": 1.0,
      "accepted": false,
      "minimum_J": 5.71924808045403e-05,
      "phi": 0.0006246548326266819,
      "reason": "armijo_insufficient_decrease"
    },
    {
      "target_lambda": 0.9,
      "newton_check": 5,
      "factor": 0.5,
      "accepted": false,
      "minimum_J": 5.817515108514297e-05,
      "phi": 7.824306422040584e-05,
      "reason": "armijo_insufficient_decrease"
    },
    {
      "target_lambda": 0.9,
      "newton_check": 5,
      "factor": 0.25,
      "accepted": true,
      "minimum_J": 5.8474223776038874e-05,
      "phi": 4.002697121568742e-05
    },
    {
      "target_lambda": 0.9,
      "newton_check": 6,
      "factor": 1.0,
      "accepted": false,
      "minimum_J": 5.762343548842764e-05,
      "phi": 0.00020848310144345748,
      "reason": "armijo_insufficient_decrease"
    },
    {
      "target_lambda": 0.9,
      "newton_check": 6,
      "factor": 0.5,
      "accepted": false,
      "minimum_J": 5.819800225553169e-05,
      "phi": 4.1343811453900764e-05,
      "reason": "armijo_insufficient_decrease"
    },
    {
      "target_lambda": 0.9,
      "newton_check": 6,
      "factor": 0.25,
      "accepted": true,
      "minimum_J": 5.8373406169012606e-05,
      "phi": 3.0336883714072333e-05
    },
    {
      "target_lambda": 0.9,
      "newton_check": 7,
      "factor": 1.0,
      "accepted": false,
      "minimum_J": 5.7870715667988514e-05,
      "phi": 7.436789178440452e-05,
      "reason": "armijo_insufficient_decrease"
    },
    {
      "target_lambda": 0.9,
      "newton_check": 7,
      "factor": 0.5,
      "accepted": true,
      "minimum_J": 5.820959954744146e-05,
      "phi": 2.2549513619069646e-05
    },
    {
      "target_lambda": 0.9,
      "newton_check": 8,
      "factor": 1.0,
      "accepted": true,
      "minimum_J": 5.812559548670042e-05,
      "phi": 6.291545329178357e-06
    },
    {
      "target_lambda": 0.9,
      "newton_check": 9,
      "factor": 1.0,
      "accepted": true,
      "minimum_J": 5.8221021595986884e-05,
      "phi": 4.2743004009484625e-10
    },
    {
      "target_lambda": 0.9,
      "newton_check": 10,
      "factor": 1.0,
      "accepted": true,
      "minimum_J": 5.822117969681522e-05,
      "phi": 1.2625478268598995e-17
    },
    {
      "target_lambda": 0.9099999999999999,
      "newton_check": 1,
      "factor": 1.0,
      "accepted": false,
      "minimum_J": 5.25205168266797e-05,
      "phi": 0.02458461499910792,
      "reason": "armijo_insufficient_decrease"
    },
    {
      "target_lambda": 0.9099999999999999,
      "newton_check": 1,
      "factor": 0.5,
      "accepted": false,
      "minimum_J": 5.6484062023334544e-05,
      "phi": 0.0008469957695957972,
      "reason": "armijo_insufficient_decrease"
    },
    {
      "target_lambda": 0.9099999999999999,
      "newton_check": 1,
      "factor": 0.25,
      "accepted": false,
      "minimum_J": 5.763092430023457e-05,
      "phi": 9.252284979971049e-05,
      "reason": "armijo_insufficient_decrease"
    },
    {
      "target_lambda": 0.9099999999999999,
      "newton_check": 1,
      "factor": 0.125,
      "accepted": true,
      "minimum_J": 5.7995627859423384e-05,
      "phi": 6.532261161110231e-05
    },
    {
      "target_lambda": 0.9099999999999999,
      "newton_check": 2,
      "factor": 1.0,
      "accepted": false,
      "minimum_J": 5.3642982072469075e-05,
      "phi": 0.009933519559608322,
      "reason": "armijo_insufficient_decrease"
    },
    {
      "target_lambda": 0.9099999999999999,
      "newton_check": 2,
      "factor": 0.5,
      "accepted": false,
      "minimum_J": 5.6654439959502996e-05,
      "phi": 0.0004679397922790665,
      "reason": "armijo_insufficient_decrease"
    },
    {
      "target_lambda": 0.9099999999999999,
      "newton_check": 2,
      "factor": 0.25,
      "accepted": false,
      "minimum_J": 5.753381765588088e-05,
      "phi": 7.374798009388436e-05,
      "reason": "armijo_insufficient_decrease"
    },
    {
      "target_lambda": 0.9099999999999999,
      "newton_check": 2,
      "factor": 0.125,
      "accepted": true,
      "minimum_J": 5.781691869567133e-05,
      "phi": 5.530913151264302e-05
    },
    {
      "target_lambda": 0.9099999999999999,
      "newton_check": 3,
      "factor": 1.0,
      "accepted": false,
      "minimum_J": 5.4446615082922536e-05,
      "phi": 0.004764949936323199,
      "reason": "armijo_insufficient_decrease"
    },
    {
      "target_lambda": 0.9099999999999999,
      "newton_check": 3,
      "factor": 0.5,
      "accepted": false,
      "minimum_J": 5.676764256426494e-05,
      "phi": 0.0002813674556126087,
      "reason": "armijo_insufficient_decrease"
    },
    {
      "target_lambda": 0.9099999999999999,
      "newton_check": 3,
      "factor": 0.25,
      "accepted": false,
      "minimum_J": 5.7451249547146743e-05,
      "phi": 5.961324372289442e-05,
      "reason": "armijo_insufficient_decrease"
    },
    {
      "target_lambda": 0.9099999999999999,
      "newton_check": 3,
      "factor": 0.125,
      "accepted": true,
      "minimum_J": 5.76738263524584e-05,
      "phi": 4.7582445406152884e-05
    },
    {
      "target_lambda": 0.9099999999999999,
      "newton_check": 4,
      "factor": 1.0,
      "accepted": false,
      "minimum_J": 5.50380499475822e-05,
      "phi": 0.0025136731986765202,
      "reason": "armijo_insufficient_decrease"
    },
    {
      "target_lambda": 0.9099999999999999,
      "newton_check": 4,
      "factor": 0.5,
      "accepted": false,
      "minimum_J": 5.684504570280768e-05,
      "phi": 0.00017858786593602174,
      "reason": "armijo_insufficient_decrease"
    },
    {
      "target_lambda": 0.9099999999999999,
      "newton_check": 4,
      "factor": 0.25,
      "accepted": false,
      "minimum_J": 5.7381712913025195e-05,
      "phi": 4.837532342338756e-05,
      "reason": "armijo_insufficient_decrease"
    },
    {
      "target_lambda": 0.9099999999999999,
      "newton_check": 4,
      "factor": 0.125,
      "accepted": true,
      "minimum_J": 5.7558338855947256e-05,
      "phi": 4.094581950008536e-05
    },
    {
      "target_lambda": 0.9099999999999999,
      "newton_check": 5,
      "factor": 1.0,
      "accepted": false,
      "minimum_J": 5.54835246060827e-05,
      "phi": 0.0014025878009847682,
      "reason": "armijo_insufficient_decrease"
    },
    {
      "target_lambda": 0.9099999999999999,
      "newton_check": 5,
      "factor": 0.5,
      "accepted": false,
      "minimum_J": 5.689940078106963e-05,
      "phi": 0.00011740445805973366,
      "reason": "armijo_insufficient_decrease"
    },
    {
      "target_lambda": 0.9099999999999999,
      "newton_check": 5,
      "factor": 0.25,
      "accepted": true,
      "minimum_J": 5.7323487082246064e-05,
      "phi": 3.9213389684892826e-05
    },
    {
      "target_lambda": 0.9099999999999999,
      "newton_check": 6,
      "factor": 1.0,
      "accepted": false,
      "minimum_J": 5.614109659007628e-05,
      "phi": 0.0004043820948787178,
      "reason": "armijo_insufficient_decrease"
    },
    {
      "target_lambda": 0.9099999999999999,
      "newton_check": 6,
      "factor": 0.5,
      "accepted": false,
      "minimum_J": 5.6947431309438064e-05,
      "phi": 5.698133023297097e-05,
      "reason": "armijo_insufficient_decrease"
    },
    {
      "target_lambda": 0.9099999999999999,
      "newton_check": 6,
      "factor": 0.25,
      "accepted": true,
      "minimum_J": 5.718924406265237e-05,
      "phi": 3.229166831697454e-05
    },
    {
      "target_lambda": 0.9099999999999999,
      "newton_check": 7,
      "factor": 1.0,
      "accepted": false,
      "minimum_J": 5.649806594692484e-05,
      "phi": 0.00013748012082854603,
      "reason": "armijo_insufficient_decrease"
    },
    {
      "target_lambda": 0.9099999999999999,
      "newton_check": 7,
      "factor": 0.5,
      "accepted": true,
      "minimum_J": 5.6969918170755304e-05,
      "phi": 3.0345879790670145e-05
    },
    {
      "target_lambda": 0.9099999999999999,
      "newton_check": 8,
      "factor": 1.0,
      "accepted": true,
      "minimum_J": 5.686434532137293e-05,
      "phi": 1.114392907973111e-05
    },
    {
      "target_lambda": 0.9099999999999999,
      "newton_check": 9,
      "factor": 1.0,
      "accepted": true,
      "minimum_J": 5.7003645987803955e-05,
      "phi": 1.2778693859185885e-09
    },
    {
      "target_lambda": 0.9099999999999999,
      "newton_check": 10,
      "factor": 1.0,
      "accepted": true,
      "minimum_J": 5.7003986231719524e-05,
      "phi": 8.422889770670236e-18
    },
    {
      "target_lambda": 0.92,
      "newton_check": 1,
      "factor": 1.0,
      "accepted": false,
      "minimum_J": 5.094652761995975e-05,
      "phi": 0.02673276343453822,
      "reason": "armijo_insufficient_decrease"
    },
    {
      "target_lambda": 0.92,
      "newton_check": 1,
      "factor": 0.5,
      "accepted": false,
      "minimum_J": 5.519284112210245e-05,
      "phi": 0.0009068343213400254,
      "reason": "armijo_insufficient_decrease"
    },
    {
      "target_lambda": 0.92,
      "newton_check": 1,
      "factor": 0.25,
      "accepted": false,
      "minimum_J": 5.640280972563941e-05,
      "phi": 9.568734593191616e-05,
      "reason": "armijo_insufficient_decrease"
    },
    {
      "target_lambda": 0.92,
      "newton_check": 1,
      "factor": 0.125,
      "accepted": true,
      "minimum_J": 5.677949699241898e-05,
      "phi": 6.550334052829804e-05
    },
    {
      "target_lambda": 0.92,
      "newton_check": 2,
      "factor": 1.0,
      "accepted": false,
      "minimum_J": 5.2202273448823744e-05,
      "phi": 0.010657163705856794,
      "reason": "armijo_insufficient_decrease"
    },
    {
      "target_lambda": 0.92,
      "newton_check": 2,
      "factor": 0.5,
      "accepted": false,
      "minimum_J": 5.539694625473433e-05,
      "phi": 0.0004979775468173317,
      "reason": "armijo_insufficient_decrease"
    },
    {
      "target_lambda": 0.92,
      "newton_check": 2,
      "factor": 0.25,
      "accepted": false,
      "minimum_J": 5.631473688021858e-05,
      "phi": 7.621513909521817e-05,
      "reason": "armijo_insufficient_decrease"
    },
    {
      "target_lambda": 0.92,
      "newton_check": 2,
      "factor": 0.125,
      "accepted": true,
      "minimum_J": 5.660374575285269e-05,
      "phi": 5.5772661706946385e-05
    },
    {
      "target_lambda": 0.92,
      "newton_check": 3,
      "factor": 1.0,
      "accepted": false,
      "minimum_J": 5.3081502154948146e-05,
      "phi": 0.005087580362635279,
      "reason": "armijo_insufficient_decrease"
    },
    {
      "target_lambda": 0.92,
      "newton_check": 3,
      "factor": 0.5,
      "accepted": false,
      "minimum_J": 5.5530433542061685e-05,
      "phi": 0.00029870183693939817,
      "reason": "armijo_insufficient_decrease"
    },
    {
      "target_lambda": 0.92,
      "newton_check": 3,
      "factor": 0.25,
      "accepted": false,
      "minimum_J": 5.62390420440793e-05,
      "phi": 6.166900737500109e-05,
      "reason": "armijo_insufficient_decrease"
    },
    {
      "target_lambda": 0.92,
      "newton_check": 3,
      "factor": 0.125,
      "accepted": true,
      "minimum_J": 5.646438199736815e-05,
      "phi": 4.826231215063252e-05
    },
    {
      "target_lambda": 0.92,
      "newton_check": 4,
      "factor": 1.0,
      "accepted": false,
      "minimum_J": 5.3720882377314736e-05,
      "phi": 0.0026810253186677424,
      "reason": "armijo_insufficient_decrease"
    },
    {
      "target_lambda": 0.92,
      "newton_check": 4,
      "factor": 0.5,
      "accepted": false,
      "minimum_J": 5.562162126076333e-05,
      "phi": 0.00018949292111723103,
      "reason": "armijo_insufficient_decrease"
    },
    {
      "target_lambda": 0.92,
      "newton_check": 4,
      "factor": 0.25,
      "accepted": false,
      "minimum_J": 5.61752488955806e-05,
      "phi": 5.012659879472467e-05,
      "reason": "armijo_insufficient_decrease"
    },
    {
      "target_lambda": 0.92,
      "newton_check": 4,
      "factor": 0.125,
      "accepted": true,
      "minimum_J": 5.635287726631845e-05,
      "phi": 4.174988495282069e-05
    },
    {
      "target_lambda": 0.92,
      "newton_check": 5,
      "factor": 1.0,
      "accepted": false,
      "minimum_J": 5.419890088902451e-05,
      "phi": 0.0014973872370554857,
      "reason": "armijo_insufficient_decrease"
    },
    {
      "target_lambda": 0.92,
      "newton_check": 5,
      "factor": 0.5,
      "accepted": false,
      "minimum_J": 5.56860595403521e-05,
      "phi": 0.00012464799069934054,
      "reason": "armijo_insufficient_decrease"
    },
    {
      "target_lambda": 0.92,
      "newton_check": 5,
      "factor": 0.25,
      "accepted": true,
      "minimum_J": 5.612201102017199e-05,
      "phi": 4.0710032676441734e-05
    },
    {
      "target_lambda": 0.92,
      "newton_check": 6,
      "factor": 1.0,
      "accepted": false,
      "minimum_J": 5.4909942646650155e-05,
      "phi": 0.0004318362412438332,
      "reason": "armijo_insufficient_decrease"
    },
    {
      "target_lambda": 0.92,
      "newton_check": 6,
      "factor": 0.5,
      "accepted": false,
      "minimum_J": 5.5749370019863576e-05,
      "phi": 6.04983194899306e-05,
      "reason": "armijo_insufficient_decrease"
    },
    {
      "target_lambda": 0.92,
      "newton_check": 6,
      "factor": 0.25,
      "accepted": true,
      "minimum_J": 5.599403881679416e-05,
      "phi": 3.3808328790341814e-05
    },
    {
      "target_lambda": 0.92,
      "newton_check": 7,
      "factor": 1.0,
      "accepted": false,
      "minimum_J": 5.529156399656592e-05,
      "phi": 0.0001477659456706133,
      "reason": "armijo_insufficient_decrease"
    },
    {
      "target_lambda": 0.92,
      "newton_check": 7,
      "factor": 0.5,
      "accepted": true,
      "minimum_J": 5.5781133972840166e-05,
      "phi": 3.2318450624804586e-05
    },
    {
      "target_lambda": 0.92,
      "newton_check": 8,
      "factor": 1.0,
      "accepted": true,
      "minimum_J": 5.568926552554227e-05,
      "phi": 1.2136065718973556e-05
    },
    {
      "target_lambda": 0.92,
      "newton_check": 9,
      "factor": 1.0,
      "accepted": true,
      "minimum_J": 5.58454929898052e-05,
      "phi": 1.4670302800792473e-09
    },
    {
      "target_lambda": 0.92,
      "newton_check": 10,
      "factor": 1.0,
      "accepted": true,
      "minimum_J": 5.584592422327625e-05,
      "phi": 1.4988541094724424e-17
    },
    {
      "target_lambda": 0.9299999999999999,
      "newton_check": 1,
      "factor": 1.0,
      "accepted": false,
      "minimum_J": 4.933672337700554e-05,
      "phi": 0.02929934374131902,
      "reason": "armijo_insufficient_decrease"
    },
    {
      "target_lambda": 0.9299999999999999,
      "newton_check": 1,
      "factor": 0.5,
      "accepted": false,
      "minimum_J": 5.39362539496559e-05,
      "phi": 0.0009780038296816848,
      "reason": "armijo_insufficient_decrease"
    },
    {
      "target_lambda": 0.9299999999999999,
      "newton_check": 1,
      "factor": 0.25,
      "accepted": false,
      "minimum_J": 5.522732162068629e-05,
      "phi": 9.946699230166289e-05,
      "reason": "armijo_insufficient_decrease"
    },
    {
      "target_lambda": 0.9299999999999999,
      "newton_check": 1,
      "factor": 0.125,
      "accepted": true,
      "minimum_J": 5.562068105937765e-05,
      "phi": 6.572137334312672e-05
    },
    {
      "target_lambda": 0.9299999999999999,
      "newton_check": 2,
      "factor": 1.0,
      "accepted": false,
      "minimum_J": 5.0761093586594675e-05,
      "phi": 0.011504658297043047,
      "reason": "armijo_insufficient_decrease"
    },
    {
      "target_lambda": 0.9299999999999999,
      "newton_check": 2,
      "factor": 0.5,
      "accepted": false,
      "minimum_J": 5.4182009670370526e-05,
      "phi": 0.0005333427516254574,
      "reason": "armijo_insufficient_decrease"
    },
    {
      "target_lambda": 0.9299999999999999,
      "newton_check": 2,
      "factor": 0.25,
      "accepted": false,
      "minimum_J": 5.514912594925761e-05,
      "phi": 7.913643231988753e-05,
      "reason": "armijo_insufficient_decrease"
    },
    {
      "target_lambda": 0.9299999999999999,
      "newton_check": 2,
      "factor": 0.125,
      "accepted": true,
      "minimum_J": 5.544684865101615e-05,
      "phi": 5.632617496079455e-05
    },
    {
      "target_lambda": 0.9299999999999999,
      "newton_check": 3,
      "factor": 1.0,
      "accepted": false,
      "minimum_J": 5.173357240055849e-05,
      "phi": 0.005462150282381009,
      "reason": "armijo_insufficient_decrease"
    },
    {
      "target_lambda": 0.9299999999999999,
      "newton_check": 3,
      "factor": 0.5,
      "accepted": false,
      "minimum_J": 5.433967543212098e-05,
      "phi": 0.0003189812686687087,
      "reason": "armijo_insufficient_decrease"
    },
    {
      "target_lambda": 0.9299999999999999,
      "newton_check": 3,
      "factor": 0.25,
      "accepted": false,
      "minimum_J": 5.508062826797719e-05,
      "phi": 6.409139745343516e-05,
      "reason": "armijo_insufficient_decrease"
    },
    {
      "target_lambda": 0.9299999999999999,
      "newton_check": 3,
      "factor": 0.125,
      "accepted": true,
      "minimum_J": 5.5310580015146166e-05,
      "phi": 4.906957252899091e-05
    },
    {
      "target_lambda": 0.9299999999999999,
      "newton_check": 4,
      "factor": 1.0,
      "accepted": false,
      "minimum_J": 5.243005080381559e-05,
      "phi": 0.002875478517670951,
      "reason": "armijo_insufficient_decrease"
    },
    {
      "target_lambda": 0.9299999999999999,
      "newton_check": 4,
      "factor": 0.5,
      "accepted": false,
      "minimum_J": 5.4446622698216e-05,
      "phi": 0.00020225511328170165,
      "reason": "armijo_insufficient_decrease"
    },
    {
      "target_lambda": 0.9299999999999999,
      "newton_check": 4,
      "factor": 0.25,
      "accepted": false,
      "minimum_J": 5.5022678180038585e-05,
      "phi": 5.2189182297421514e-05,
      "reason": "armijo_insufficient_decrease"
    },
    {
      "target_lambda": 0.9299999999999999,
      "newton_check": 4,
      "factor": 0.125,
      "accepted": true,
      "minimum_J": 5.520264830273494e-05,
      "phi": 4.270178801224323e-05
    },
    {
      "target_lambda": 0.9299999999999999,
      "newton_check": 5,
      "factor": 1.0,
      "accepted": false,
      "minimum_J": 5.294696165331174e-05,
      "phi": 0.001607599880019472,
      "reason": "armijo_insufficient_decrease"
    },
    {
      "target_lambda": 0.9299999999999999,
      "newton_check": 5,
      "factor": 0.5,
      "accepted": false,
      "minimum_J": 5.45225306011612e-05,
      "phi": 0.00013312464998094275,
      "reason": "armijo_insufficient_decrease"
    },
    {
      "target_lambda": 0.9299999999999999,
      "newton_check": 5,
      "factor": 0.25,
      "accepted": true,
      "minimum_J": 5.4974520856656876e-05,
      "phi": 4.247152304099796e-05
    },
    {
      "target_lambda": 0.9299999999999999,
      "newton_check": 6,
      "factor": 1.0,
      "accepted": false,
      "minimum_J": 5.3721689807366544e-05,
      "phi": 0.00046377104964997107,
      "reason": "armijo_insufficient_decrease"
    },
    {
      "target_lambda": 0.9299999999999999,
      "newton_check": 6,
      "factor": 0.5,
      "accepted": false,
      "minimum_J": 5.4603052000195876e-05,
      "phi": 6.461039623608534e-05,
      "reason": "armijo_insufficient_decrease"
    },
    {
      "target_lambda": 0.9299999999999999,
      "newton_check": 6,
      "factor": 0.25,
      "accepted": true,
      "minimum_J": 5.485252309527478e-05,
      "phi": 3.558887618439047e-05
    },
    {
      "target_lambda": 0.9299999999999999,
      "newton_check": 7,
      "factor": 1.0,
      "accepted": false,
      "minimum_J": 5.4131777588297436e-05,
      "phi": 0.00015985469090659847,
      "reason": "armijo_insufficient_decrease"
    },
    {
      "target_lambda": 0.9299999999999999,
      "newton_check": 7,
      "factor": 0.5,
      "accepted": true,
      "minimum_J": 5.4644907923629136e-05,
      "phi": 3.46364640296485e-05
    },
    {
      "target_lambda": 0.9299999999999999,
      "newton_check": 8,
      "factor": 1.0,
      "accepted": true,
      "minimum_J": 5.456682086942821e-05,
      "phi": 1.3317644959640461e-05
    },
    {
      "target_lambda": 0.9299999999999999,
      "newton_check": 9,
      "factor": 1.0,
      "accepted": true,
      "minimum_J": 5.474358653998936e-05,
      "phi": 1.6866841562406313e-09
    },
    {
      "target_lambda": 0.9299999999999999,
      "newton_check": 10,
      "factor": 1.0,
      "accepted": true,
      "minimum_J": 5.474413969849772e-05,
      "phi": 6.736755779114128e-17
    },
    {
      "target_lambda": 0.94,
      "newton_check": 1,
      "factor": 1.0,
      "accepted": false,
      "minimum_J": 4.7680786934647346e-05,
      "phi": 0.03226188698251083,
      "reason": "armijo_insufficient_decrease"
    },
    {
      "target_lambda": 0.94,
      "newton_check": 1,
      "factor": 0.5,
      "accepted": false,
      "minimum_J": 5.270967875216048e-05,
      "phi": 0.0010615044398175728,
      "reason": "armijo_insufficient_decrease"
    },
    {
      "target_lambda": 0.94,
      "newton_check": 1,
      "factor": 0.25,
      "accepted": false,
      "minimum_J": 5.4101213085476905e-05,
      "phi": 0.00010393713115709435,
      "reason": "armijo_insufficient_decrease"
    },
    {
      "target_lambda": 0.94,
      "newton_check": 1,
      "factor": 0.125,
      "accepted": true,
      "minimum_J": 5.451625235620686e-05,
      "phi": 6.598150698713454e-05
    },
    {
      "target_lambda": 0.94,
      "newton_check": 2,
      "factor": 1.0,
      "accepted": false,
      "minimum_J": 4.9312997846211324e-05,
      "phi": 0.01247058424527761,
      "reason": "armijo_insufficient_decrease"
    },
    {
      "target_lambda": 0.94,
      "newton_check": 2,
      "factor": 0.5,
      "accepted": false,
      "minimum_J": 5.300593364424563e-05,
      "phi": 0.000574446248913661,
      "reason": "armijo_insufficient_decrease"
    },
    {
      "target_lambda": 0.94,
      "newton_check": 2,
      "factor": 0.25,
      "accepted": false,
      "minimum_J": 5.4033920135573904e-05,
      "phi": 8.255978823871701e-05,
      "reason": "armijo_insufficient_decrease"
    },
    {
      "target_lambda": 0.94,
      "newton_check": 2,
      "factor": 0.125,
      "accepted": true,
      "minimum_J": 5.434329302986527e-05,
      "phi": 5.69802453709597e-05
    },
    {
      "target_lambda": 0.94,
      "newton_check": 3,
      "factor": 1.0,
      "accepted": false,
      "minimum_J": 5.0397124433761233e-05,
      "phi": 0.005889152652093408,
      "reason": "armijo_insufficient_decrease"
    },
    {
      "target_lambda": 0.94,
      "newton_check": 3,
      "factor": 0.5,
      "accepted": false,
      "minimum_J": 5.319185192878349e-05,
      "phi": 0.0003424914507312508,
      "reason": "armijo_insufficient_decrease"
    },
    {
      "target_lambda": 0.94,
      "newton_check": 3,
      "factor": 0.25,
      "accepted": false,
      "minimum_J": 5.397298327827071e-05,
      "phi": 6.692202160426664e-05,
      "reason": "armijo_insufficient_decrease"
    },
    {
      "target_lambda": 0.94,
      "newton_check": 3,
      "factor": 0.125,
      "accepted": true,
      "minimum_J": 5.42094908545657e-05,
      "phi": 5.001924860836637e-05
    },
    {
      "target_lambda": 0.94,
      "newton_check": 4,
      "factor": 1.0,
      "accepted": false,
      "minimum_J": 5.1161344605496564e-05,
      "phi": 0.003097833245216299,
      "reason": "armijo_insufficient_decrease"
    },
    {
      "target_lambda": 0.94,
      "newton_check": 4,
      "factor": 0.5,
      "accepted": false,
      "minimum_J": 5.331690692079771e-05,
      "phi": 0.00021704748352768103,
      "reason": "armijo_insufficient_decrease"
    },
    {
      "target_lambda": 0.94,
      "newton_check": 4,
      "factor": 0.25,
      "accepted": false,
      "minimum_J": 5.392107118743246e-05,
      "phi": 5.459668382811829e-05,
      "reason": "armijo_insufficient_decrease"
    },
    {
      "target_lambda": 0.94,
      "newton_check": 4,
      "factor": 0.125,
      "accepted": true,
      "minimum_J": 5.410474909586269e-05,
      "phi": 4.381852867449991e-05
    },
    {
      "target_lambda": 0.94,
      "newton_check": 5,
      "factor": 1.0,
      "accepted": false,
      "minimum_J": 5.172272426670736e-05,
      "phi": 0.0017344011277190183,
      "reason": "armijo_insufficient_decrease"
    },
    {
      "target_lambda": 0.94,
      "newton_check": 5,
      "factor": 0.5,
      "accepted": false,
      "minimum_J": 5.340549336024163e-05,
      "phi": 0.00014298000999794506,
      "reason": "armijo_insufficient_decrease"
    },
    {
      "target_lambda": 0.94,
      "newton_check": 5,
      "factor": 0.25,
      "accepted": false,
      "minimum_J": 5.387806039905492e-05,
      "phi": 4.452946779755635e-05,
      "reason": "armijo_insufficient_decrease"
    },
    {
      "target_lambda": 0.94,
      "newton_check": 5,
      "factor": 0.125,
      "accepted": true,
      "minimum_J": 5.4022139540465465e-05,
      "phi": 3.8035179170425876e-05
    },
    {
      "target_lambda": 0.94,
      "newton_check": 6,
      "factor": 1.0,
      "accepted": false,
      "minimum_J": 5.214781967981026e-05,
      "phi": 0.0010080800321615438,
      "reason": "armijo_insufficient_decrease"
    },
    {
      "target_lambda": 0.94,
      "newton_check": 6,
      "factor": 0.5,
      "accepted": false,
      "minimum_J": 5.3470888728255235e-05,
      "phi": 9.656664293914819e-05,
      "reason": "armijo_insufficient_decrease"
    },
    {
      "target_lambda": 0.94,
      "newton_check": 6,
      "factor": 0.25,
      "accepted": true,
      "minimum_J": 5.384299141307995e-05,
      "phi": 3.619286685693582e-05
    },
    {
      "target_lambda": 0.94,
      "newton_check": 7,
      "factor": 1.0,
      "accepted": false,
      "minimum_J": 5.279866633771691e-05,
      "phi": 0.0003109923149822672,
      "reason": "armijo_insufficient_decrease"
    },
    {
      "target_lambda": 0.94,
      "newton_check": 7,
      "factor": 0.5,
      "accepted": false,
      "minimum_J": 5.354460178863407e-05,
      "phi": 4.860341729565208e-05,
      "reason": "armijo_insufficient_decrease"
    },
    {
      "target_lambda": 0.94,
      "newton_check": 7,
      "factor": 0.25,
      "accepted": true,
      "minimum_J": 5.3749739830369835e-05,
      "phi": 2.93782831551535e-05
    },
    {
      "target_lambda": 0.94,
      "newton_check": 8,
      "factor": 1.0,
      "accepted": false,
      "minimum_J": 5.315397169626321e-05,
      "phi": 0.0001085780168819173,
      "reason": "armijo_insufficient_decrease"
    },
    {
      "target_lambda": 0.94,
      "newton_check": 8,
      "factor": 0.5,
      "accepted": true,
      "minimum_J": 5.358705422376398e-05,
      "phi": 2.6189436029185488e-05
    },
    {
      "target_lambda": 0.94,
      "newton_check": 9,
      "factor": 1.0,
      "accepted": true,
      "minimum_J": 5.353728735603228e-05,
      "phi": 9.017910294207893e-06
    },
    {
      "target_lambda": 0.94,
      "newton_check": 10,
      "factor": 1.0,
      "accepted": true,
      "minimum_J": 5.369575117961685e-05,
      "phi": 7.301627301206071e-10
    },
    {
      "target_lambda": 0.94,
      "newton_check": 11,
      "factor": 1.0,
      "accepted": true,
      "minimum_J": 5.3696198439012085e-05,
      "phi": 4.3242866607482146e-17
    },
    {
      "target_lambda": 0.9500000000000001,
      "newton_check": 1,
      "factor": 1.0,
      "accepted": false,
      "minimum_J": 4.5959748865532646e-05,
      "phi": 0.03560740549425241,
      "reason": "armijo_insufficient_decrease"
    },
    {
      "target_lambda": 0.9500000000000001,
      "newton_check": 1,
      "factor": 0.5,
      "accepted": false,
      "minimum_J": 5.1506656412100535e-05,
      "phi": 0.0011599292109006035,
      "reason": "armijo_insufficient_decrease"
    },
    {
      "target_lambda": 0.9500000000000001,
      "newton_check": 1,
      "factor": 0.25,
      "accepted": false,
      "minimum_J": 5.302109811654595e-05,
      "phi": 0.00010926823998086161,
      "reason": "armijo_insufficient_decrease"
    },
    {
      "target_lambda": 0.9500000000000001,
      "newton_check": 1,
      "factor": 0.125,
      "accepted": true,
      "minimum_J": 5.3463565950855516e-05,
      "phi": 6.629444605749746e-05
    },
    {
      "target_lambda": 0.9500000000000001,
      "newton_check": 2,
      "factor": 1.0,
      "accepted": false,
      "minimum_J": 4.78451961619778e-05,
      "phi": 0.013560106445625492,
      "reason": "armijo_insufficient_decrease"
    },
    {
      "target_lambda": 0.9500000000000001,
      "newton_check": 2,
      "factor": 0.5,
      "accepted": false,
      "minimum_J": 5.186369144156522e-05,
      "phi": 0.0006224846295835412,
      "reason": "armijo_insufficient_decrease"
    },
    {
      "target_lambda": 0.9500000000000001,
      "newton_check": 2,
      "factor": 0.25,
      "accepted": false,
      "minimum_J": 5.296595629212079e-05,
      "phi": 8.660277150965116e-05,
      "reason": "armijo_insufficient_decrease"
    },
    {
      "target_lambda": 0.9500000000000001,
      "newton_check": 2,
      "factor": 0.125,
      "accepted": true,
      "minimum_J": 5.3290343020662594e-05,
      "phi": 5.775951088273839e-05
    },
    {
      "target_lambda": 0.9500000000000001,
      "newton_check": 3,
      "factor": 1.0,
      "accepted": false,
      "minimum_J": 4.906358216318589e-05,
      "phi": 0.006374704189556434,
      "reason": "armijo_insufficient_decrease"
    },
    {
      "target_lambda": 0.9500000000000001,
      "newton_check": 3,
      "factor": 0.5,
      "accepted": false,
      "minimum_J": 5.208293995396152e-05,
      "phi": 0.0003699280991701428,
      "reason": "armijo_insufficient_decrease"
    },
    {
      "target_lambda": 0.9500000000000001,
      "newton_check": 3,
      "factor": 0.25,
      "accepted": false,
      "minimum_J": 5.291313582884622e-05,
      "phi": 7.02558708626425e-05,
      "reason": "armijo_insufficient_decrease"
    },
    {
      "target_lambda": 0.9500000000000001,
      "newton_check": 3,
      "factor": 0.125,
      "accepted": true,
      "minimum_J": 5.315836300795086e-05,
      "phi": 5.114538202959195e-05
    },
    {
      "target_lambda": 0.9500000000000001,
      "newton_check": 4,
      "factor": 1.0,
      "accepted": false,
      "minimum_J": 4.990589032721149e-05,
      "phi": 0.0033531255584459876,
      "reason": "armijo_insufficient_decrease"
    },
    {
      "target_lambda": 0.9500000000000001,
      "newton_check": 4,
      "factor": 0.5,
      "accepted": false,
      "minimum_J": 5.222837069613802e-05,
      "phi": 0.00023436248433566592,
      "reason": "armijo_insufficient_decrease"
    },
    {
      "target_lambda": 0.9500000000000001,
      "newton_check": 4,
      "factor": 0.25,
      "accepted": false,
      "minimum_J": 5.286742785764084e-05,
      "phi": 5.743405504509174e-05,
      "reason": "armijo_insufficient_decrease"
    },
    {
      "target_lambda": 0.9500000000000001,
      "newton_check": 4,
      "factor": 0.125,
      "accepted": true,
      "minimum_J": 5.305641068102054e-05,
      "phi": 4.513999672360595e-05
    },
    {
      "target_lambda": 0.9500000000000001,
      "newton_check": 5,
      "factor": 1.0,
      "accepted": false,
      "minimum_J": 5.0519543092191284e-05,
      "phi": 0.0018814180593486193,
      "reason": "armijo_insufficient_decrease"
    },
    {
      "target_lambda": 0.9500000000000001,
      "newton_check": 5,
      "factor": 0.5,
      "accepted": false,
      "minimum_J": 5.2331391321842976e-05,
      "phi": 0.0001545646196795876,
      "reason": "armijo_insufficient_decrease"
    },
    {
      "target_lambda": 0.9500000000000001,
      "newton_check": 5,
      "factor": 0.25,
      "accepted": false,
      "minimum_J": 5.2829754609491205e-05,
      "phi": 4.6958261409541223e-05,
      "reason": "armijo_insufficient_decrease"
    },
    {
      "target_lambda": 0.9500000000000001,
      "newton_check": 5,
      "factor": 0.125,
      "accepted": true,
      "minimum_J": 5.29770460465958e-05,
      "phi": 3.942589792800082e-05
    },
    {
      "target_lambda": 0.9500000000000001,
      "newton_check": 6,
      "factor": 1.0,
      "accepted": false,
      "minimum_J": 5.098264025884121e-05,
      "phi": 0.001097230968378582,
      "reason": "armijo_insufficient_decrease"
    },
    {
      "target_lambda": 0.9500000000000001,
      "newton_check": 6,
      "factor": 0.5,
      "accepted": false,
      "minimum_J": 5.240790029641365e-05,
      "phi": 0.00010458601936611672,
      "reason": "armijo_insufficient_decrease"
    },
    {
      "target_lambda": 0.9500000000000001,
      "newton_check": 6,
      "factor": 0.25,
      "accepted": true,
      "minimum_J": 5.2799487458054905e-05,
      "phi": 3.8262325064446966e-05
    },
    {
      "target_lambda": 0.9500000000000001,
      "newton_check": 7,
      "factor": 1.0,
      "accepted": false,
      "minimum_J": 5.169980730855413e-05,
      "phi": 0.0003398951093063647,
      "reason": "armijo_insufficient_decrease"
    },
    {
      "target_lambda": 0.9500000000000001,
      "newton_check": 7,
      "factor": 0.5,
      "accepted": false,
      "minimum_J": 5.249894612717147e-05,
      "phi": 5.273056707293015e-05,
      "reason": "armijo_insufficient_decrease"
    },
    {
      "target_lambda": 0.9500000000000001,
      "newton_check": 7,
      "factor": 0.25,
      "accepted": true,
      "minimum_J": 5.27115414781843e-05,
      "phi": 3.135385960378993e-05
    },
    {
      "target_lambda": 0.9500000000000001,
      "newton_check": 8,
      "factor": 1.0,
      "accepted": false,
      "minimum_J": 5.208881058472153e-05,
      "phi": 0.00011976053412754413,
      "reason": "armijo_insufficient_decrease"
    },
    {
      "target_lambda": 0.9500000000000001,
      "newton_check": 8,
      "factor": 0.5,
      "accepted": true,
      "minimum_J": 5.255249705130813e-05,
      "phi": 2.8529393616292925e-05
    },
    {
      "target_lambda": 0.9500000000000001,
      "newton_check": 9,
      "factor": 1.0,
      "accepted": true,
      "minimum_J": 5.251662285656618e-05,
      "phi": 1.0117131800091899e-05
    },
    {
      "target_lambda": 0.9500000000000001,
      "newton_check": 10,
      "factor": 1.0,
      "accepted": true,
      "minimum_J": 5.269953846876359e-05,
      "phi": 8.24636506358027e-10
    },
    {
      "target_lambda": 0.9500000000000001,
      "newton_check": 11,
      "factor": 1.0,
      "accepted": true,
      "minimum_J": 5.270013269120725e-05,
      "phi": 4.261285498499251e-17
    },
    {
      "target_lambda": 0.96,
      "newton_check": 1,
      "factor": 1.0,
      "accepted": false,
      "minimum_J": 4.414245065295494e-05,
      "phi": 0.03935445057948427,
      "reason": "armijo_insufficient_decrease"
    },
    {
      "target_lambda": 0.96,
      "newton_check": 1,
      "factor": 0.5,
      "accepted": false,
      "minimum_J": 5.031804811173352e-05,
      "phi": 0.0012789078540855236,
      "reason": "armijo_insufficient_decrease"
    },
    {
      "target_lambda": 0.96,
      "newton_check": 1,
      "factor": 0.25,
      "accepted": false,
      "minimum_J": 5.198327951069994e-05,
      "phi": 0.00011580597053964426,
      "reason": "armijo_insufficient_decrease"
    },
    {
      "target_lambda": 0.96,
      "newton_check": 1,
      "factor": 0.125,
      "accepted": true,
      "minimum_J": 5.246025337954372e-05,
      "phi": 6.668145543369016e-05
    },
    {
      "target_lambda": 0.96,
      "newton_check": 2,
      "factor": 1.0,
      "accepted": false,
      "minimum_J": 4.6343388521090964e-05,
      "phi": 0.014797182098618461,
      "reason": "armijo_insufficient_decrease"
    },
    {
      "target_lambda": 0.96,
      "newton_check": 2,
      "factor": 0.5,
      "accepted": false,
      "minimum_J": 5.0750140871696626e-05,
      "phi": 0.0006798449937828247,
      "reason": "armijo_insufficient_decrease"
    },
    {
      "target_lambda": 0.96,
      "newton_check": 2,
      "factor": 0.25,
      "accepted": false,
      "minimum_J": 5.194227710512276e-05,
      "phi": 9.149126566811727e-05,
      "reason": "armijo_insufficient_decrease"
    },
    {
      "target_lambda": 0.96,
      "newton_check": 2,
      "factor": 0.125,
      "accepted": true,
      "minimum_J": 5.2285535238673036e-05,
      "phi": 5.8711838375293356e-05
    },
    {
      "target_lambda": 0.96,
      "newton_check": 3,
      "factor": 1.0,
      "accepted": false,
      "minimum_J": 4.7721540379630934e-05,
      "phi": 0.006932817057478993,
      "reason": "armijo_insufficient_decrease"
    },
    {
      "target_lambda": 0.96,
      "newton_check": 3,
      "factor": 0.5,
      "accepted": false,
      "minimum_J": 5.100846951537331e-05,
      "phi": 0.00040258210341875974,
      "reason": "armijo_insufficient_decrease"
    },
    {
      "target_lambda": 0.96,
      "newton_check": 3,
      "factor": 0.25,
      "accepted": false,
      "minimum_J": 5.1898235304485515e-05,
      "phi": 7.426991130442536e-05,
      "reason": "armijo_insufficient_decrease"
    },
    {
      "target_lambda": 0.96,
      "newton_check": 3,
      "factor": 0.125,
      "accepted": true,
      "minimum_J": 5.2154693502541413e-05,
      "phi": 5.251337454505787e-05
    },
    {
      "target_lambda": 0.96,
      "newton_check": 4,
      "factor": 1.0,
      "accepted": false,
      "minimum_J": 4.865640862030771e-05,
      "phi": 0.003650612251201518,
      "reason": "armijo_insufficient_decrease"
    },
    {
      "target_lambda": 0.96,
      "newton_check": 4,
      "factor": 0.5,
      "accepted": false,
      "minimum_J": 5.117755092032702e-05,
      "phi": 0.00025503017621902245,
      "reason": "armijo_insufficient_decrease"
    },
    {
      "target_lambda": 0.96,
      "newton_check": 4,
      "factor": 0.25,
      "accepted": false,
      "minimum_J": 5.185912217558628e-05,
      "phi": 6.085111641524822e-05,
      "reason": "armijo_insufficient_decrease"
    },
    {
      "target_lambda": 0.96,
      "newton_check": 4,
      "factor": 0.125,
      "accepted": true,
      "minimum_J": 5.2055157830628316e-05,
      "phi": 4.674034297205066e-05
    },
    {
      "target_lambda": 0.96,
      "newton_check": 5,
      "factor": 1.0,
      "accepted": false,
      "minimum_J": 4.932987610930869e-05,
      "phi": 0.0020558203704583475,
      "reason": "armijo_insufficient_decrease"
    },
    {
      "target_lambda": 0.96,
      "newton_check": 5,
      "factor": 0.5,
      "accepted": false,
      "minimum_J": 5.1296712875064194e-05,
      "phi": 0.00016851994582110718,
      "reason": "armijo_insufficient_decrease"
    },
    {
      "target_lambda": 0.96,
      "newton_check": 5,
      "factor": 0.25,
      "accepted": false,
      "minimum_J": 5.182698432829066e-05,
      "phi": 4.9894116001452144e-05,
      "reason": "armijo_insufficient_decrease"
    },
    {
      "target_lambda": 0.96,
      "newton_check": 5,
      "factor": 0.125,
      "accepted": true,
      "minimum_J": 5.197883332197458e-05,
      "phi": 4.110910415326094e-05
    },
    {
      "target_lambda": 0.96,
      "newton_check": 6,
      "factor": 1.0,
      "accepted": false,
      "minimum_J": 4.983639079574002e-05,
      "phi": 0.0012045907018866351,
      "reason": "armijo_insufficient_decrease"
    },
    {
      "target_lambda": 0.96,
      "newton_check": 6,
      "factor": 0.5,
      "accepted": false,
      "minimum_J": 5.138559790228851e-05,
      "phi": 0.00011432865604569972,
      "reason": "armijo_insufficient_decrease"
    },
    {
      "target_lambda": 0.96,
      "newton_check": 6,
      "factor": 0.25,
      "accepted": true,
      "minimum_J": 5.180171207240916e-05,
      "phi": 4.07727352492648e-05
    },
    {
      "target_lambda": 0.96,
      "newton_check": 7,
      "factor": 1.0,
      "accepted": false,
      "minimum_J": 5.063200411890565e-05,
      "phi": 0.0003752769172485892,
      "reason": "armijo_insufficient_decrease"
    },
    {
      "target_lambda": 0.96,
      "newton_check": 7,
      "factor": 0.5,
      "accepted": false,
      "minimum_J": 5.1496434185021584e-05,
      "phi": 5.77771036266827e-05,
      "reason": "armijo_insufficient_decrease"
    },
    {
      "target_lambda": 0.96,
      "newton_check": 7,
      "factor": 0.25,
      "accepted": true,
      "minimum_J": 5.171896715195639e-05,
      "phi": 3.375715859208473e-05
    },
    {
      "target_lambda": 0.96,
      "newton_check": 8,
      "factor": 1.0,
      "accepted": false,
      "minimum_J": 5.105964396041374e-05,
      "phi": 0.00013384077398582184,
      "reason": "armijo_insufficient_decrease"
    },
    {
      "target_lambda": 0.96,
      "newton_check": 8,
      "factor": 0.5,
      "accepted": true,
      "minimum_J": 5.1562286743320845e-05,
      "phi": 3.1429654735306085e-05
    },
    {
      "target_lambda": 0.96,
      "newton_check": 9,
      "factor": 1.0,
      "accepted": true,
      "minimum_J": 5.1540770428186055e-05,
      "phi": 1.1549636025097133e-05
    },
    {
      "target_lambda": 0.96,
      "newton_check": 10,
      "factor": 1.0,
      "accepted": true,
      "minimum_J": 5.175370585736843e-05,
      "phi": 9.125963012907315e-10
    },
    {
      "target_lambda": 0.96,
      "newton_check": 11,
      "factor": 1.0,
      "accepted": true,
      "minimum_J": 5.175450458589814e-05,
      "phi": 1.7234029206388944e-16
    },
    {
      "target_lambda": 0.96,
      "newton_check": 12,
      "factor": 1.0,
      "accepted": true,
      "minimum_J": 5.175450377929823e-05,
      "phi": 8.719285803564907e-17
    },
    {
      "target_lambda": 0.96,
      "newton_check": 13,
      "factor": 1.0,
      "accepted": true,
      "minimum_J": 5.1754504515594144e-05,
      "phi": 1.2631336919646354e-17
    },
    {
      "target_lambda": 0.97,
      "newton_check": 1,
      "factor": 1.0,
      "accepted": false,
      "minimum_J": 4.219212957979832e-05,
      "phi": 0.04363370847217251,
      "reason": "armijo_insufficient_decrease"
    },
    {
      "target_lambda": 0.97,
      "newton_check": 1,
      "factor": 0.5,
      "accepted": false,
      "minimum_J": 4.9133726214001246e-05,
      "phi": 0.0014298052084495676,
      "reason": "armijo_insufficient_decrease"
    },
    {
      "target_lambda": 0.97,
      "newton_check": 1,
      "factor": 0.25,
      "accepted": false,
      "minimum_J": 5.098421765790163e-05,
      "phi": 0.00012420603947807128,
      "reason": "armijo_insufficient_decrease"
    },
    {
      "target_lambda": 0.97,
      "newton_check": 1,
      "factor": 0.125,
      "accepted": true,
      "minimum_J": 5.150438665989869e-05,
      "phi": 6.718236207840912e-05
    },
    {
      "target_lambda": 0.97,
      "newton_check": 2,
      "factor": 1.0,
      "accepted": false,
      "minimum_J": 4.478729222006198e-05,
      "phi": 0.016237515385260352,
      "reason": "armijo_insufficient_decrease"
    },
    {
      "target_lambda": 0.97,
      "newton_check": 2,
      "factor": 0.5,
      "accepted": false,
      "minimum_J": 4.9659008665314106e-05,
      "phi": 0.0007508309282991894,
      "reason": "armijo_insufficient_decrease"
    },
    {
      "target_lambda": 0.97,
      "newton_check": 2,
      "factor": 0.25,
      "accepted": false,
      "minimum_J": 5.0959989969874636e-05,
      "phi": 9.762633490029883e-05,
      "reason": "armijo_insufficient_decrease"
    },
    {
      "target_lambda": 0.97,
      "newton_check": 2,
      "factor": 0.125,
      "accepted": true,
      "minimum_J": 5.1326761391473e-05,
      "phi": 5.9924230987809606e-05
    },
    {
      "target_lambda": 0.97,
      "newton_check": 3,
      "factor": 1.0,
      "accepted": false,
      "minimum_J": 4.6360001827865594e-05,
      "phi": 0.007595447810700679,
      "reason": "armijo_insufficient_decrease"
    },
    {
      "target_lambda": 0.97,
      "newton_check": 3,
      "factor": 0.5,
      "accepted": false,
      "minimum_J": 4.9964386604958656e-05,
      "phi": 0.00044280547549279634,
      "reason": "armijo_insufficient_decrease"
    },
    {
      "target_lambda": 0.97,
      "newton_check": 3,
      "factor": 0.25,
      "accepted": false,
      "minimum_J": 5.0925825244018545e-05,
      "phi": 7.927987287813735e-05,
      "reason": "armijo_insufficient_decrease"
    },
    {
      "target_lambda": 0.97,
      "newton_check": 3,
      "factor": 0.125,
      "accepted": true,
      "minimum_J": 5.119635613109795e-05,
      "phi": 5.424076131698763e-05
    },
    {
      "target_lambda": 0.97,
      "newton_check": 4,
      "factor": 1.0,
      "accepted": false,
      "minimum_J": 4.74032616720526e-05,
      "phi": 0.004011190740449705,
      "reason": "armijo_insufficient_decrease"
    },
    {
      "target_lambda": 0.97,
      "newton_check": 4,
      "factor": 0.5,
      "accepted": false,
      "minimum_J": 5.016072445184493e-05,
      "phi": 0.000280657674578763,
      "reason": "armijo_insufficient_decrease"
    },
    {
      "target_lambda": 0.97,
      "newton_check": 4,
      "factor": 0.25,
      "accepted": false,
      "minimum_J": 5.089376917852581e-05,
      "phi": 6.512518114343131e-05,
      "reason": "armijo_insufficient_decrease"
    },
    {
      "target_lambda": 0.97,
      "newton_check": 4,
      "factor": 0.125,
      "accepted": true,
      "minimum_J": 5.1098869876807885e-05,
      "phi": 4.87544544013719e-05
    },
    {
      "target_lambda": 0.97,
      "newton_check": 5,
      "factor": 1.0,
      "accepted": false,
      "minimum_J": 4.814478956382386e-05,
      "phi": 0.002271306511558334,
      "reason": "armijo_insufficient_decrease"
    },
    {
      "target_lambda": 0.97,
      "newton_check": 5,
      "factor": 0.5,
      "accepted": false,
      "minimum_J": 5.0297916192139655e-05,
      "phi": 0.00018599917138927786,
      "reason": "armijo_insufficient_decrease"
    },
    {
      "target_lambda": 0.97,
      "newton_check": 5,
      "factor": 0.25,
      "accepted": false,
      "minimum_J": 5.086741465304045e-05,
      "phi": 5.358186208635844e-05,
      "reason": "armijo_insufficient_decrease"
    },
    {
      "target_lambda": 0.97,
      "newton_check": 5,
      "factor": 0.125,
      "accepted": true,
      "minimum_J": 5.1025397667618385e-05,
      "phi": 4.3226262367088276e-05
    },
    {
      "target_lambda": 0.97,
      "newton_check": 6,
      "factor": 1.0,
      "accepted": false,
      "minimum_J": 4.870146300862071e-05,
      "phi": 0.0013396573657530025,
      "reason": "armijo_insufficient_decrease"
    },
    {
      "target_lambda": 0.97,
      "newton_check": 6,
      "factor": 0.5,
      "accepted": false,
      "minimum_J": 5.0400781973027074e-05,
      "phi": 0.0001266597909988461,
      "reason": "armijo_insufficient_decrease"
    },
    {
      "target_lambda": 0.97,
      "newton_check": 6,
      "factor": 0.25,
      "accepted": false,
      "minimum_J": 5.084742772734624e-05,
      "phi": 4.3940583037908334e-05,
      "reason": "armijo_insufficient_decrease"
    },
    {
      "target_lambda": 0.97,
      "newton_check": 6,
      "factor": 0.125,
      "accepted": true,
      "minimum_J": 5.09699971740171e-05,
      "phi": 3.7753510546367684e-05
    },
    {
      "target_lambda": 0.97,
      "newton_check": 7,
      "factor": 1.0,
      "accepted": false,
      "minimum_J": 4.913330881507208e-05,
      "phi": 0.0008093851072956567,
      "reason": "armijo_insufficient_decrease"
    },
    {
      "target_lambda": 0.97,
      "newton_check": 7,
      "factor": 0.5,
      "accepted": false,
      "minimum_J": 5.048139250460004e-05,
      "phi": 8.771615885950086e-05,
      "reason": "armijo_insufficient_decrease"
    },
    {
      "target_lambda": 0.97,
      "newton_check": 7,
      "factor": 0.25,
      "accepted": true,
      "minimum_J": 5.083312971616226e-05,
      "phi": 3.584304499478125e-05
    },
    {
      "target_lambda": 0.97,
      "newton_check": 8,
      "factor": 1.0,
      "accepted": false,
      "minimum_J": 4.982727896034496e-05,
      "phi": 0.0002661506381070114,
      "reason": "armijo_insufficient_decrease"
    },
    {
      "target_lambda": 0.97,
      "newton_check": 8,
      "factor": 0.5,
      "accepted": false,
      "minimum_J": 5.058683799334944e-05,
      "phi": 4.5594640453588334e-05,
      "reason": "armijo_insufficient_decrease"
    },
    {
      "target_lambda": 0.97,
      "newton_check": 8,
      "factor": 0.25,
      "accepted": true,
      "minimum_J": 5.077414226536822e-05,
      "phi": 2.8864094148489074e-05
    },
    {
      "target_lambda": 0.97,
      "newton_check": 9,
      "factor": 1.0,
      "accepted": false,
      "minimum_J": 5.021669513922035e-05,
      "phi": 9.618620846326525e-05,
      "reason": "armijo_insufficient_decrease"
    },
    {
      "target_lambda": 0.97,
      "newton_check": 9,
      "factor": 0.5,
      "accepted": true,
      "minimum_J": 5.065502253832354e-05,
      "phi": 2.4920764333313826e-05
    },
    {
      "target_lambda": 0.97,
      "newton_check": 10,
      "factor": 1.0,
      "accepted": true,
      "minimum_J": 5.065994777626984e-05,
      "phi": 8.335115612141296e-06
    },
    {
      "target_lambda": 0.97,
      "newton_check": 11,
      "factor": 1.0,
      "accepted": true,
      "minimum_J": 5.085780614846439e-05,
      "phi": 3.7060633058202776e-10
    },
    {
      "target_lambda": 0.97,
      "newton_check": 12,
      "factor": 1.0,
      "accepted": true,
      "minimum_J": 5.085849685683978e-05,
      "phi": 5.136653971026566e-17
    },
    {
      "target_lambda": 0.98,
      "newton_check": 1,
      "factor": 1.0,
      "accepted": false,
      "minimum_J": 4.0058435366653944e-05,
      "phi": 0.04890255234789724,
      "reason": "armijo_insufficient_decrease"
    },
    {
      "target_lambda": 0.98,
      "newton_check": 1,
      "factor": 0.5,
      "accepted": false,
      "minimum_J": 4.794066045565041e-05,
      "phi": 0.0016354057586449272,
      "reason": "armijo_insufficient_decrease"
    },
    {
      "target_lambda": 0.98,
      "newton_check": 1,
      "factor": 0.25,
      "accepted": false,
      "minimum_J": 5.0020127241498715e-05,
      "phi": 0.00013571590536179423,
      "reason": "armijo_insufficient_decrease"
    },
    {
      "target_lambda": 0.98,
      "newton_check": 1,
      "factor": 0.125,
      "accepted": true,
      "minimum_J": 5.059444919627305e-05,
      "phi": 6.78721904364006e-05
    },
    {
      "target_lambda": 0.98,
      "newton_check": 2,
      "factor": 1.0,
      "accepted": false,
      "minimum_J": 4.3155574551268686e-05,
      "phi": 0.018040700468585854,
      "reason": "armijo_insufficient_decrease"
    },
    {
      "target_lambda": 0.98,
      "newton_check": 2,
      "factor": 0.5,
      "accepted": false,
      "minimum_J": 4.85841319721478e-05,
      "phi": 0.0008439820829634954,
      "reason": "armijo_insufficient_decrease"
    },
    {
      "target_lambda": 0.98,
      "newton_check": 2,
      "factor": 0.25,
      "accepted": false,
      "minimum_J": 5.0016570608109425e-05,
      "phi": 0.0001057676712758082,
      "reason": "armijo_insufficient_decrease"
    },
    {
      "target_lambda": 0.98,
      "newton_check": 2,
      "factor": 0.125,
      "accepted": true,
      "minimum_J": 5.0412329907877036e-05,
      "phi": 6.15601503201941e-05
    },
    {
      "target_lambda": 0.98,
      "newton_check": 3,
      "factor": 1.0,
      "accepted": false,
      "minimum_J": 4.496413348257926e-05,
      "phi": 0.008433902314575685,
      "reason": "armijo_insufficient_decrease"
    },
    {
      "target_lambda": 0.98,
      "newton_check": 3,
      "factor": 0.5,
      "accepted": false,
      "minimum_J": 4.894605554237608e-05,
      "phi": 0.0004950440200782189,
      "reason": "armijo_insufficient_decrease"
    },
    {
      "target_lambda": 0.98,
      "newton_check": 3,
      "factor": 0.25,
      "accepted": false,
      "minimum_J": 4.9993648687687944e-05,
      "phi": 8.587190295741189e-05,
      "reason": "armijo_insufficient_decrease"
    },
    {
      "target_lambda": 0.98,
      "newton_check": 3,
      "factor": 0.125,
      "accepted": true,
      "minimum_J": 5.028160328958682e-05,
      "phi": 5.654717809389254e-05
    },
    {
      "target_lambda": 0.98,
      "newton_check": 4,
      "factor": 1.0,
      "accepted": false,
      "minimum_J": 4.613325196518987e-05,
      "phi": 0.004475826967900846,
      "reason": "armijo_insufficient_decrease"
    },
    {
      "target_lambda": 0.98,
      "newton_check": 4,
      "factor": 0.5,
      "accepted": false,
      "minimum_J": 4.917363727768258e-05,
      "phi": 0.00031415838413424274,
      "reason": "armijo_insufficient_decrease"
    },
    {
      "target_lambda": 0.98,
      "newton_check": 4,
      "factor": 0.25,
      "accepted": false,
      "minimum_J": 4.996917269740259e-05,
      "phi": 7.076251287695915e-05,
      "reason": "armijo_insufficient_decrease"
    },
    {
      "target_lambda": 0.98,
      "newton_check": 4,
      "factor": 0.125,
      "accepted": true,
      "minimum_J": 5.018577609583519e-05,
      "phi": 5.1431748466136436e-05
    },
    {
      "target_lambda": 0.98,
      "newton_check": 5,
      "factor": 1.0,
      "accepted": false,
      "minimum_J": 4.695469759377166e-05,
      "phi": 0.002554941192020433,
      "reason": "armijo_insufficient_decrease"
    },
    {
      "target_lambda": 0.98,
      "newton_check": 5,
      "factor": 0.5,
      "accepted": false,
      "minimum_J": 4.933163775807111e-05,
      "phi": 0.0002091269145416481,
      "reason": "armijo_insufficient_decrease"
    },
    {
      "target_lambda": 0.98,
      "newton_check": 5,
      "factor": 0.25,
      "accepted": false,
      "minimum_J": 4.9949057155573594e-05,
      "phi": 5.847196093144206e-05,
      "reason": "armijo_insufficient_decrease"
    },
    {
      "target_lambda": 0.98,
      "newton_check": 5,
      "factor": 0.125,
      "accepted": true,
      "minimum_J": 5.011500418319837e-05,
      "phi": 4.6038079500561016e-05
    },
    {
      "target_lambda": 0.98,
      "newton_check": 6,
      "factor": 1.0,
      "accepted": false,
      "minimum_J": 4.756814554634828e-05,
      "phi": 0.0015221295904550795,
      "reason": "armijo_insufficient_decrease"
    },
    {
      "target_lambda": 0.98,
      "newton_check": 6,
      "factor": 0.5,
      "accepted": false,
      "minimum_J": 4.945008313577024e-05,
      "phi": 0.00014326546123621725,
      "reason": "armijo_insufficient_decrease"
    },
    {
      "target_lambda": 0.98,
      "newton_check": 6,
      "factor": 0.25,
      "accepted": false,
      "minimum_J": 4.9934670729477425e-05,
      "phi": 4.8175391512645815e-05,
      "reason": "armijo_insufficient_decrease"
    },
    {
      "target_lambda": 0.98,
      "newton_check": 6,
      "factor": 0.125,
      "accepted": true,
      "minimum_J": 5.006286922315645e-05,
      "phi": 4.053141283135029e-05
    },
    {
      "target_lambda": 0.98,
      "newton_check": 7,
      "factor": 1.0,
      "accepted": false,
      "minimum_J": 4.8044983667696325e-05,
      "phi": 0.0009293990097552403,
      "reason": "armijo_insufficient_decrease"
    },
    {
      "target_lambda": 0.98,
      "newton_check": 7,
      "factor": 0.5,
      "accepted": false,
      "minimum_J": 4.954362820295393e-05,
      "phi": 9.982959771107403e-05,
      "reason": "armijo_insufficient_decrease"
    },
    {
      "target_lambda": 0.98,
      "newton_check": 7,
      "factor": 0.25,
      "accepted": true,
      "minimum_J": 4.992567415279632e-05,
      "phi": 3.947519697238568e-05
    },
    {
      "target_lambda": 0.98,
      "newton_check": 8,
      "factor": 1.0,
      "accepted": false,
      "minimum_J": 4.88272193264238e-05,
      "phi": 0.0003098133617227906,
      "reason": "armijo_insufficient_decrease"
    },
    {
      "target_lambda": 0.98,
      "newton_check": 8,
      "factor": 0.5,
      "accepted": false,
      "minimum_J": 4.9670990285371795e-05,
      "phi": 5.222374036112932e-05,
      "reason": "armijo_insufficient_decrease"
    },
    {
      "target_lambda": 0.98,
      "newton_check": 8,
      "factor": 0.25,
      "accepted": true,
      "minimum_J": 4.987196810606479e-05,
      "phi": 3.2224092996329525e-05
    },
    {
      "target_lambda": 0.98,
      "newton_check": 9,
      "factor": 1.0,
      "accepted": false,
      "minimum_J": 4.9264614038498604e-05,
      "phi": 0.00011446763374955262,
      "reason": "armijo_insufficient_decrease"
    },
    {
      "target_lambda": 0.98,
      "newton_check": 9,
      "factor": 0.5,
      "accepted": true,
      "minimum_J": 4.9753914575803616e-05,
      "phi": 2.881879416344388e-05
    },
    {
      "target_lambda": 0.98,
      "newton_check": 10,
      "factor": 1.0,
      "accepted": true,
      "minimum_J": 4.9775146879381525e-05,
      "phi": 1.0324618593288773e-05
    },
    {
      "target_lambda": 0.98,
      "newton_check": 11,
      "factor": 1.0,
      "accepted": true,
      "minimum_J": 5.001111300183858e-05,
      "phi": 3.9831657705128655e-10
    },
    {
      "target_lambda": 0.98,
      "newton_check": 12,
      "factor": 1.0,
      "accepted": true,
      "minimum_J": 5.0012078050108255e-05,
      "phi": 1.4922561035382378e-16
    },
    {
      "target_lambda": 0.98,
      "newton_check": 13,
      "factor": 1.0,
      "accepted": true,
      "minimum_J": 5.00120777199209e-05,
      "phi": 4.890733600514395e-17
    },
    {
      "target_lambda": 0.99,
      "newton_check": 1,
      "factor": 1.0,
      "accepted": false,
      "minimum_J": 3.766639395908921e-05,
      "phi": 0.05676334887176015,
      "reason": "armijo_insufficient_decrease"
    },
    {
      "target_lambda": 0.99,
      "newton_check": 1,
      "factor": 0.5,
      "accepted": false,
      "minimum_J": 4.672031210835584e-05,
      "phi": 0.0019458877871192603,
      "reason": "armijo_insufficient_decrease"
    },
    {
      "target_lambda": 0.99,
      "newton_check": 1,
      "factor": 0.25,
      "accepted": false,
      "minimum_J": 4.908646397984812e-05,
      "phi": 0.00015292912794292486,
      "reason": "armijo_insufficient_decrease"
    },
    {
      "target_lambda": 0.99,
      "newton_check": 1,
      "factor": 0.125,
      "accepted": true,
      "minimum_J": 4.972933811803335e-05,
      "phi": 6.890473958601381e-05
    },
    {
      "target_lambda": 0.99,
      "newton_check": 2,
      "factor": 1.0,
      "accepted": false,
      "minimum_J": 4.141416202690058e-05,
      "phi": 0.020608780489084048,
      "reason": "armijo_insufficient_decrease"
    },
    {
      "target_lambda": 0.99,
      "newton_check": 2,
      "factor": 0.5,
      "accepted": false,
      "minimum_J": 4.7516605092768335e-05,
      "phi": 0.0009766064249323787,
      "reason": "armijo_insufficient_decrease"
    },
    {
      "target_lambda": 0.99,
      "newton_check": 2,
      "factor": 0.25,
      "accepted": false,
      "minimum_J": 4.910918536087309e-05,
      "phi": 0.00011742036412271749,
      "reason": "armijo_insufficient_decrease"
    },
    {
      "target_lambda": 0.99,
      "newton_check": 2,
      "factor": 0.125,
      "accepted": true,
      "minimum_J": 4.954081517901052e-05,
      "phi": 6.394806543280852e-05
    },
    {
      "target_lambda": 0.99,
      "newton_check": 3,
      "factor": 1.0,
      "accepted": false,
      "minimum_J": 4.351368282581851e-05,
      "phi": 0.009610095928800258,
      "reason": "armijo_insufficient_decrease"
    },
    {
      "target_lambda": 0.99,
      "newton_check": 3,
      "factor": 0.5,
      "accepted": false,
      "minimum_J": 4.7947843355858524e-05,
      "phi": 0.0005680890730815094,
      "reason": "armijo_insufficient_decrease"
    },
    {
      "target_lambda": 0.99,
      "newton_check": 3,
      "factor": 0.25,
      "accepted": false,
      "minimum_J": 4.909947785638206e-05,
      "phi": 9.519598048733614e-05,
      "reason": "armijo_insufficient_decrease"
    },
    {
      "target_lambda": 0.99,
      "newton_check": 3,
      "factor": 0.125,
      "accepted": true,
      "minimum_J": 4.940893366582033e-05,
      "phi": 5.986914847243189e-05
    },
    {
      "target_lambda": 0.99,
      "newton_check": 4,
      "factor": 1.0,
      "accepted": false,
      "minimum_J": 4.483333785252828e-05,
      "phi": 0.005133269318049183,
      "reason": "armijo_insufficient_decrease"
    },
    {
      "target_lambda": 0.99,
      "newton_check": 4,
      "factor": 0.5,
      "accepted": false,
      "minimum_J": 4.821241318125201e-05,
      "phi": 0.0003612365536948661,
      "reason": "armijo_insufficient_decrease"
    },
    {
      "target_lambda": 0.99,
      "newton_check": 4,
      "factor": 0.25,
      "accepted": false,
      "minimum_J": 4.9083492777903997e-05,
      "phi": 7.875135305277714e-05,
      "reason": "armijo_insufficient_decrease"
    },
    {
      "target_lambda": 0.99,
      "newton_check": 4,
      "factor": 0.125,
      "accepted": true,
      "minimum_J": 4.931441806140402e-05,
      "phi": 5.526517710929655e-05
    },
    {
      "target_lambda": 0.99,
      "newton_check": 5,
      "factor": 1.0,
      "accepted": false,
      "minimum_J": 4.574547803144977e-05,
      "phi": 0.0029651122477859244,
      "reason": "armijo_insufficient_decrease"
    },
    {
      "target_lambda": 0.99,
      "newton_check": 5,
      "factor": 0.5,
      "accepted": false,
      "minimum_J": 4.839376348233076e-05,
      "phi": 0.0002421957028875748,
      "reason": "armijo_insufficient_decrease"
    },
    {
      "target_lambda": 0.99,
      "newton_check": 5,
      "factor": 0.25,
      "accepted": false,
      "minimum_J": 4.907004463357015e-05,
      "phi": 6.54594924486649e-05,
      "reason": "armijo_insufficient_decrease"
    },
    {
      "target_lambda": 0.99,
      "newton_check": 5,
      "factor": 0.125,
      "accepted": true,
      "minimum_J": 4.92462198123805e-05,
      "phi": 5.0060998698848973e-05
    },
    {
      "target_lambda": 0.99,
      "newton_check": 6,
      "factor": 1.0,
      "accepted": false,
      "minimum_J": 4.642359353526168e-05,
      "phi": 0.0017921572919323459,
      "reason": "armijo_insufficient_decrease"
    },
    {
      "target_lambda": 0.99,
      "newton_check": 6,
      "factor": 0.5,
      "accepted": false,
      "minimum_J": 4.852972803017439e-05,
      "phi": 0.00016744990061202958,
      "reason": "armijo_insufficient_decrease"
    },
    {
      "target_lambda": 0.99,
      "newton_check": 6,
      "factor": 0.25,
      "accepted": false,
      "minimum_J": 4.9061679257997956e-05,
      "phi": 5.428109026885308e-05,
      "reason": "armijo_insufficient_decrease"
    },
    {
      "target_lambda": 0.99,
      "newton_check": 6,
      "factor": 0.125,
      "accepted": true,
      "minimum_J": 4.9197375871746966e-05,
      "phi": 4.451496709815761e-05
    },
    {
      "target_lambda": 0.99,
      "newton_check": 7,
      "factor": 1.0,
      "accepted": false,
      "minimum_J": 4.695188829755598e-05,
      "phi": 0.0011116520345545776,
      "reason": "armijo_insufficient_decrease"
    },
    {
      "target_lambda": 0.99,
      "newton_check": 7,
      "factor": 0.5,
      "accepted": false,
      "minimum_J": 4.86378717751664e-05,
      "phi": 0.00011782941966271376,
      "reason": "armijo_insufficient_decrease"
    },
    {
      "target_lambda": 0.99,
      "newton_check": 7,
      "factor": 0.25,
      "accepted": false,
      "minimum_J": 4.905843374868077e-05,
      "phi": 4.476445620480306e-05,
      "reason": "armijo_insufficient_decrease"
    },
    {
      "target_lambda": 0.99,
      "newton_check": 7,
      "factor": 0.125,
      "accepted": true,
      "minimum_J": 4.9163107289547814e-05,
      "phi": 3.892124618453434e-05
    },
    {
      "target_lambda": 0.99,
      "newton_check": 8,
      "factor": 1.0,
      "accepted": false,
      "minimum_J": 4.737638988438723e-05,
      "phi": 0.0006988576229599716,
      "reason": "armijo_insufficient_decrease"
    },
    {
      "target_lambda": 0.99,
      "newton_check": 8,
      "factor": 0.5,
      "accepted": false,
      "minimum_J": 4.872730530785814e-05,
      "phi": 8.370327731465597e-05,
      "reason": "armijo_insufficient_decrease"
    },
    {
      "target_lambda": 0.99,
      "newton_check": 8,
      "factor": 0.25,
      "accepted": true,
      "minimum_J": 4.905959547873129e-05,
      "phi": 3.666500022709117e-05
    },
    {
      "target_lambda": 0.99,
      "newton_check": 9,
      "factor": 1.0,
      "accepted": false,
      "minimum_J": 4.808751853010838e-05,
      "phi": 0.0002448266584939252,
      "reason": "armijo_insufficient_decrease"
    },
    {
      "target_lambda": 0.99,
      "newton_check": 9,
      "factor": 0.5,
      "accepted": false,
      "minimum_J": 4.885377532327742e-05,
      "phi": 4.490706418366379e-05,
      "reason": "armijo_insufficient_decrease"
    },
    {
      "target_lambda": 0.99,
      "newton_check": 9,
      "factor": 0.25,
      "accepted": true,
      "minimum_J": 4.902673998086282e-05,
      "phi": 2.9361268332232138e-05
    },
    {
      "target_lambda": 0.99,
      "newton_check": 10,
      "factor": 1.0,
      "accepted": false,
      "minimum_J": 4.850161351868962e-05,
      "phi": 9.243662678814158e-05,
      "reason": "armijo_insufficient_decrease"
    },
    {
      "target_lambda": 0.99,
      "newton_check": 10,
      "factor": 0.5,
      "accepted": true,
      "minimum_J": 4.8941387798534385e-05,
      "phi": 2.4985859252855383e-05
    },
    {
      "target_lambda": 0.99,
      "newton_check": 11,
      "factor": 1.0,
      "accepted": true,
      "minimum_J": 4.898925236929617e-05,
      "phi": 8.543756029752331e-06
    },
    {
      "target_lambda": 0.99,
      "newton_check": 12,
      "factor": 1.0,
      "accepted": true,
      "minimum_J": 4.921546439380161e-05,
      "phi": 1.799735707616746e-10
    },
    {
      "target_lambda": 0.99,
      "newton_check": 13,
      "factor": 1.0,
      "accepted": true,
      "minimum_J": 4.921634334320642e-05,
      "phi": 1.5878226776120772e-16
    },
    {
      "target_lambda": 0.99,
      "newton_check": 14,
      "factor": 1.0,
      "accepted": true,
      "minimum_J": 4.921634256574185e-05,
      "phi": 6.18644925024245e-17
    },
    {
      "target_lambda": 1.0,
      "newton_check": 1,
      "factor": 1.0,
      "accepted": false,
      "minimum_J": 3.488920793478099e-05,
      "phi": 0.07231306500663533,
      "reason": "armijo_insufficient_decrease"
    },
    {
      "target_lambda": 1.0,
      "newton_check": 1,
      "factor": 0.5,
      "accepted": false,
      "minimum_J": 4.544215430796538e-05,
      "phi": 0.002476416145445814,
      "reason": "armijo_insufficient_decrease"
    },
    {
      "target_lambda": 1.0,
      "newton_check": 1,
      "factor": 0.25,
      "accepted": false,
      "minimum_J": 4.817659319968293e-05,
      "phi": 0.00018150470316449321,
      "reason": "armijo_insufficient_decrease"
    },
    {
      "target_lambda": 1.0,
      "newton_check": 1,
      "factor": 0.125,
      "accepted": true,
      "minimum_J": 4.8908304074276114e-05,
      "phi": 7.06121437992266e-05
    },
    {
      "target_lambda": 1.0,
      "newton_check": 2,
      "factor": 1.0,
      "accepted": false,
      "minimum_J": 3.951302224297769e-05,
      "phi": 0.024939550661613477,
      "reason": "armijo_insufficient_decrease"
    },
    {
      "target_lambda": 1.0,
      "newton_check": 2,
      "factor": 0.5,
      "accepted": false,
      "minimum_J": 4.6444059039607314e-05,
      "phi": 0.001184725865640661,
      "reason": "armijo_insufficient_decrease"
    },
    {
      "target_lambda": 1.0,
      "newton_check": 2,
      "factor": 0.25,
      "accepted": false,
      "minimum_J": 4.8234530526751923e-05,
      "phi": 0.00013566994864274153,
      "reason": "armijo_insufficient_decrease"
    },
    {
      "target_lambda": 1.0,
      "newton_check": 2,
      "factor": 0.125,
      "accepted": true,
      "minimum_J": 4.871100454144005e-05,
      "phi": 6.777666206535161e-05
    },
    {
      "target_lambda": 1.0,
      "newton_check": 3,
      "factor": 1.0,
      "accepted": false,
      "minimum_J": 4.1980937279199526e-05,
      "phi": 0.011488337052804023,
      "reason": "armijo_insufficient_decrease"
    },
    {
      "target_lambda": 1.0,
      "newton_check": 3,
      "factor": 0.5,
      "accepted": false,
      "minimum_J": 4.696269237679915e-05,
      "phi": 0.0006797037424386385,
      "reason": "armijo_insufficient_decrease"
    },
    {
      "target_lambda": 1.0,
      "newton_check": 3,
      "factor": 0.25,
      "accepted": false,
      "minimum_J": 4.824102882752425e-05,
      "phi": 0.00010957758577057671,
      "reason": "armijo_insufficient_decrease"
    },
    {
      "target_lambda": 1.0,
      "newton_check": 3,
      "factor": 0.125,
      "accepted": true,
      "minimum_J": 4.8577061775265715e-05,
      "phi": 6.51085171113965e-05
    },
    {
      "target_lambda": 1.0,
      "newton_check": 4,
      "factor": 1.0,
      "accepted": false,
      "minimum_J": 4.347796811854653e-05,
      "phi": 0.006179582534884088,
      "reason": "armijo_insufficient_decrease"
    },
    {
      "target_lambda": 1.0,
      "newton_check": 4,
      "factor": 0.5,
      "accepted": false,
      "minimum_J": 4.727050422263057e-05,
      "phi": 0.0004337057372368878,
      "reason": "armijo_insufficient_decrease"
    },
    {
      "target_lambda": 1.0,
      "newton_check": 4,
      "factor": 0.25,
      "accepted": false,
      "minimum_J": 4.8234530318968846e-05,
      "phi": 9.112370960738127e-05,
      "reason": "armijo_insufficient_decrease"
    },
    {
      "target_lambda": 1.0,
      "newton_check": 4,
      "factor": 0.125,
      "accepted": true,
      "minimum_J": 4.848348287609288e-05,
      "phi": 6.12701581867459e-05
    },
    {
      "target_lambda": 1.0,
      "newton_check": 5,
      "factor": 1.0,
      "accepted": false,
      "minimum_J": 4.449290796230719e-05,
      "phi": 0.0036302406746024168,
      "reason": "armijo_insufficient_decrease"
    },
    {
      "target_lambda": 1.0,
      "newton_check": 5,
      "factor": 0.5,
      "accepted": false,
      "minimum_J": 4.747807850596128e-05,
      "phi": 0.0002941898798841002,
      "reason": "armijo_insufficient_decrease"
    },
    {
      "target_lambda": 1.0,
      "newton_check": 5,
      "factor": 0.25,
      "accepted": false,
      "minimum_J": 4.822825146449077e-05,
      "phi": 7.639864707242099e-05,
      "reason": "armijo_insufficient_decrease"
    },
    {
      "target_lambda": 1.0,
      "newton_check": 5,
      "factor": 0.125,
      "accepted": true,
      "minimum_J": 4.841773486023078e-05,
      "phi": 5.6360937687515195e-05
    },
    {
      "target_lambda": 1.0,
      "newton_check": 6,
      "factor": 1.0,
      "accepted": false,
      "minimum_J": 4.524337757754529e-05,
      "phi": 0.00224141352297292,
      "reason": "armijo_insufficient_decrease"
    },
    {
      "target_lambda": 1.0,
      "newton_check": 6,
      "factor": 0.5,
      "accepted": false,
      "minimum_J": 4.763347706647883e-05,
      "phi": 0.0002064194015073322,
      "reason": "armijo_insufficient_decrease"
    },
    {
      "target_lambda": 1.0,
      "newton_check": 6,
      "factor": 0.25,
      "accepted": false,
      "minimum_J": 4.822633617634851e-05,
      "phi": 6.396035958539887e-05,
      "reason": "armijo_insufficient_decrease"
    },
    {
      "target_lambda": 1.0,
      "newton_check": 6,
      "factor": 0.125,
      "accepted": true,
      "minimum_J": 4.837221807278373e-05,
      "phi": 5.077634406354967e-05
    },
    {
      "target_lambda": 1.0,
      "newton_check": 7,
      "factor": 1.0,
      "accepted": false,
      "minimum_J": 4.5831076750272955e-05,
      "phi": 0.0014220003005391269,
      "reason": "armijo_insufficient_decrease"
    },
    {
      "target_lambda": 1.0,
      "newton_check": 7,
      "factor": 0.5,
      "accepted": false,
      "minimum_J": 4.775828248893797e-05,
      "phi": 0.00014745433678974837,
      "reason": "armijo_insufficient_decrease"
    },
    {
      "target_lambda": 1.0,
      "newton_check": 7,
      "factor": 0.25,
      "accepted": false,
      "minimum_J": 4.822940904950734e-05,
      "phi": 5.324556992461367e-05,
      "reason": "armijo_insufficient_decrease"
    },
    {
      "target_lambda": 1.0,
      "newton_check": 7,
      "factor": 0.125,
      "accepted": true,
      "minimum_J": 4.834185325349678e-05,
      "phi": 4.491221598231153e-05
    },
    {
      "target_lambda": 1.0,
      "newton_check": 8,
      "factor": 1.0,
      "accepted": false,
      "minimum_J": 4.6307443449242566e-05,
      "phi": 0.0009143063004814052,
      "reason": "armijo_insufficient_decrease"
    },
    {
      "target_lambda": 1.0,
      "newton_check": 8,
      "factor": 0.5,
      "accepted": false,
      "minimum_J": 4.786279135930387e-05,
      "phi": 0.00010625526784596416,
      "reason": "armijo_insufficient_decrease"
    },
    {
      "target_lambda": 1.0,
      "newton_check": 8,
      "factor": 0.25,
      "accepted": true,
      "minimum_J": 4.8236858060123893e-05,
      "phi": 4.4001812023966244e-05
    },
    {
      "target_lambda": 1.0,
      "newton_check": 9,
      "factor": 1.0,
      "accepted": false,
      "minimum_J": 4.712989415317669e-05,
      "phi": 0.00032944098331450883,
      "reason": "armijo_insufficient_decrease"
    },
    {
      "target_lambda": 1.0,
      "newton_check": 9,
      "factor": 0.5,
      "accepted": false,
      "minimum_J": 4.8016470763717866e-05,
      "phi": 5.7903768761885365e-05,
      "reason": "armijo_insufficient_decrease"
    },
    {
      "target_lambda": 1.0,
      "newton_check": 9,
      "factor": 0.25,
      "accepted": true,
      "minimum_J": 4.820993807589231e-05,
      "phi": 3.6079174862511364e-05
    },
    {
      "target_lambda": 1.0,
      "newton_check": 10,
      "factor": 1.0,
      "accepted": false,
      "minimum_J": 4.760948512446433e-05,
      "phi": 0.0001296070666848481,
      "reason": "armijo_insufficient_decrease"
    },
    {
      "target_lambda": 1.0,
      "newton_check": 10,
      "factor": 0.5,
      "accepted": true,
      "minimum_J": 4.812366041795636e-05,
      "phi": 3.2843404322117484e-05
    },
    {
      "target_lambda": 1.0,
      "newton_check": 11,
      "factor": 1.0,
      "accepted": true,
      "minimum_J": 4.819166433728092e-05,
      "phi": 1.2894675327475221e-05
    },
    {
      "target_lambda": 1.0,
      "newton_check": 12,
      "factor": 1.0,
      "accepted": true,
      "minimum_J": 4.8473003118262066e-05,
      "phi": 2.9786639229489967e-10
    },
    {
      "target_lambda": 1.0,
      "newton_check": 13,
      "factor": 1.0,
      "accepted": true,
      "minimum_J": 4.8474296904637984e-05,
      "phi": 5.214658490840541e-17
    }
  ],
  "failed_attempts": [],
  "maximum_bisection_depth": 0,
  "timing_seconds": {
    "kernel_and_transfer": 21.28009320178535,
    "assembly": 2.4957675982732326,
    "sparse_solve": 19.843492001644336,
    "all_assembly_attempts_wall": 23.93864719348494,
    "callback": 1.4668900995748118,
    "first_kernel_including_compile": 0.26742549997288734,
    "kernel_calls": 3265,
    "successful_kernel_calls": 3265,
    "newton_base_checks": 1009,
    "total": 46.27584769995883
  },
  "units_mode": "source_numeric",
  "reference_state": "undeformed",
  "scope": "specified code benchmark; not independent contact-accuracy validation",
  "schema_version": "hf-tmc-code-benchmark-1.0",
  "evaluation_id": "eb46ca73-bbf1-464d-b4c3-e2d8cae73790",
  "created_at_utc": "2026-09-13T11:42:27.509458+00:00",
  "benchmark_config": {
    "benchmark_id": "p26_uploaded_cshape_62x30_source_v1",
    "source_zip_sha256": "58f203ff1dba3c64c64d5fa2de12d4bdd3a711be69ee83a4ddd3335680e3eb08",
    "units_mode": "source_numeric",
    "control": "force_multiplier",
    "domain": [
      100.0,
      50.0
    ],
    "cells": [
      62,
      30
    ],
    "E": 100.0,
    "nu": 0.3,
    "kv": 1e-06,
    "alpha": 1e-06,
    "thickness_factor": 1.0,
    "kr": 1.3461538461538458,
    "solid_cells": 828,
    "medium_cells": 1032,
    "total_force": [
      0.0,
      -3.0
    ],
    "loaded_nodes": [
      1945,
      1946,
      1947,
      1948,
      1949,
      1950
    ],
    "loaded_coordinates": [
      [
        88.70967741935483,
        50.0
      ],
      [
        90.32258064516128,
        50.0
      ],
      [
        91.93548387096773,
        50.0
      ],
      [
        93.54838709677419,
        50.0
      ],
      [
        95.16129032258064,
        50.0
      ],
      [
        96.77419354838709,
        50.0
      ]
    ],
    "loaded_force_y": [
      -0.3,
      -0.6,
      -0.6,
      -0.6,
      -0.6,
      -0.3
    ],
    "targets_origin": "source_exported_exact_values",
    "targets": [
      0.01,
      0.02,
      0.03,
      0.04,
      0.05,
      0.060000000000000005,
      0.06999999999999999,
      0.07999999999999999,
      0.09,
      0.09999999999999999,
      0.11,
      0.12,
      0.13,
      0.14,
      0.15,
      0.16,
      0.17,
      0.18,
      0.19,
      0.19999999999999998,
      0.21000000000000002,
      0.22,
      0.23,
      0.24,
      0.25,
      0.26,
      0.27,
      0.28,
      0.29,
      0.30000000000000004,
      0.31,
      0.32,
      0.33,
      0.34,
      0.35,
      0.36,
      0.37,
      0.38000000000000006,
      0.38999999999999996,
      0.4,
      0.41000000000000003,
      0.42,
      0.43,
      0.44,
      0.45,
      0.45999999999999996,
      0.47,
      0.48000000000000004,
      0.49,
      0.5,
      0.51,
      0.52,
      0.53,
      0.54,
      0.55,
      0.56,
      0.57,
      0.58,
      0.5900000000000001,
      0.6,
      0.61,
      0.62,
      0.63,
      0.64,
      0.65,
      0.6599999999999999,
      0.67,
      0.6799999999999999,
      0.69,
      0.7000000000000001,
      0.71,
      0.7200000000000001,
      0.73,
      0.74,
      0.7500000000000001,
      0.76,
      0.7699999999999999,
      0.78,
      0.79,
      0.7999999999999999,
      0.81,
      0.82,
      0.83,
      0.8400000000000001,
      0.85,
      0.8600000000000001,
      0.87,
      0.88,
      0.89,
      0.9,
      0.9099999999999999,
      0.92,
      0.9299999999999999,
      0.94,
      0.9500000000000001,
      0.96,
      0.97,
      0.98,
      0.99,
      1.0
    ],
    "solver": {
      "tolerance": 1e-08,
      "max_checks": 25,
      "armijo_c": 0.0001,
      "max_backtracks": 12,
      "max_bisections": 4,
      "minimum_increment": 0.000625,
      "time_limit_seconds": 1200.0
    }
  },
  "benchmark_config_sha256": "ca0e63cf85d204012193e37cbb2be37988edba43f2e8806ec666cba325fd4c90",
  "source_code_sha256": "7417de56baa7c02142ad70cf5d95f1bcfbd7fc4633608f3627b8b6777cb31c4a",
  "units": {
    "length": "source_length",
    "force": "source_force",
    "stress": "source_stress",
    "energy": "source_energy"
  },
  "model_extent": "full_domain; no symmetry force factor",
  "functionality": {
    "status": "not_assessed"
  },
  "contact_accuracy": {
    "status": "not_validated"
  },
  "accepted_step_count": 100,
  "original_targets_reached": 100,
  "accepted_steps": [
    {
      "lambda": 0.01,
      "relative_residual": 4.670908535476108e-11,
      "residual_scale": 0.012727922061357855,
      "minimum_J": 0.9721060633223404,
      "solid_material_energy": 0.010959520157170355,
      "medium_material_energy": 3.5018213297273286e-05,
      "global_force_balance": [
        5.0584536559483695e-15,
        -2.0816681711721685e-17
      ],
      "fixed_displacement_max": 0.0,
      "newton_checks": 12,
      "original_target_lambda": 0.01,
      "is_original_target": true,
      "bisection_depth": 0,
      "elapsed_seconds": 0.8953894999576733
    },
    {
      "lambda": 0.02,
      "relative_residual": 2.5852662626355844e-11,
      "residual_scale": 0.02545584412271571,
      "minimum_J": 0.9441726761386731,
      "solid_material_energy": 0.04391559637709519,
      "medium_material_energy": 0.00014240684927759894,
      "global_force_balance": [
        2.8171909249863347e-14,
        4.85722573273506e-17
      ],
      "fixed_displacement_max": 0.0,
      "newton_checks": 12,
      "original_target_lambda": 0.02,
      "is_original_target": true,
      "bisection_depth": 0,
      "elapsed_seconds": 1.4880980999441817
    },
    {
      "lambda": 0.03,
      "relative_residual": 1.8655507353992577e-11,
      "residual_scale": 0.03818376618407356,
      "minimum_J": 0.9162314686740376,
      "solid_material_energy": 0.09896335123558718,
      "medium_material_energy": 0.0003258207726911091,
      "global_force_balance": [
        7.732703366514215e-14,
        0.0
      ],
      "fixed_displacement_max": 0.0,
      "newton_checks": 12,
      "original_target_lambda": 0.03,
      "is_original_target": true,
      "bisection_depth": 0,
      "elapsed_seconds": 2.0782232999335974
    },
    {
      "lambda": 0.04,
      "relative_residual": 1.5006515000055602e-11,
      "residual_scale": 0.05091168824543142,
      "minimum_J": 0.8883131927049963,
      "solid_material_energy": 0.17616915504369776,
      "medium_material_energy": 0.0005891240191720217,
      "global_force_balance": [
        3.26405569239796e-14,
        2.914335439641036e-16
      ],
      "fixed_displacement_max": 0.0,
      "newton_checks": 12,
      "original_target_lambda": 0.04,
      "is_original_target": true,
      "bisection_depth": 0,
      "elapsed_seconds": 2.6716321000130847
    },
    {
      "lambda": 0.05,
      "relative_residual": 1.2843004031135678e-11,
      "residual_scale": 0.06363961030678927,
      "minimum_J": 0.8604475396157054,
      "solid_material_energy": 0.275570019463209,
      "medium_material_energy": 0.0009363923175821718,
      "global_force_balance": [
        2.808864252301646e-14,
        5.551115123125783e-17
      ],
      "fixed_displacement_max": 0.0,
      "newton_checks": 12,
      "original_target_lambda": 0.05,
      "is_original_target": true,
      "bisection_depth": 0,
      "elapsed_seconds": 3.239368599955924
    },
    {
      "lambda": 0.060000000000000005,
      "relative_residual": 1.2376455659287194e-11,
      "residual_scale": 0.07636753236814714,
      "minimum_J": 0.8326630226845518,
      "solid_material_energy": 0.3971730917663551,
      "medium_material_energy": 0.0013719130420437016,
      "global_force_balance": [
        8.215650382226158e-15,
        2.7755575615628914e-16
      ],
      "fixed_displacement_max": 0.0,
      "newton_checks": 12,
      "original_target_lambda": 0.060000000000000005,
      "is_original_target": true,
      "bisection_depth": 0,
      "elapsed_seconds": 3.809668399975635
    },
    {
      "lambda": 0.06999999999999999,
      "relative_residual": 1.0837349347851232e-11,
      "residual_scale": 0.08909545442950498,
      "minimum_J": 0.8049869316274703,
      "solid_material_energy": 0.5409552511031945,
      "medium_material_energy": 0.0019001834034478877,
      "global_force_balance": [
        -5.551115123125783e-15,
        -1.6653345369377348e-16
      ],
      "fixed_displacement_max": 0.0,
      "newton_checks": 12,
      "original_target_lambda": 0.06999999999999999,
      "is_original_target": true,
      "bisection_depth": 0,
      "elapsed_seconds": 4.391918699955568
    },
    {
      "lambda": 0.07999999999999999,
      "relative_residual": 9.636082169974793e-12,
      "residual_scale": 0.10182337649086284,
      "minimum_J": 0.7774453642065675,
      "solid_material_energy": 0.7068628071300511,
      "medium_material_energy": 0.0025259079465522172,
      "global_force_balance": [
        2.475797344914099e-14,
        8.326672684688674e-17
      ],
      "fixed_displacement_max": 0.0,
      "newton_checks": 12,
      "original_target_lambda": 0.07999999999999999,
      "is_original_target": true,
      "bisection_depth": 0,
      "elapsed_seconds": 4.992768199997954
    },
    {
      "lambda": 0.09,
      "relative_residual": 9.758561450429398e-12,
      "residual_scale": 0.1145512985522207,
      "minimum_J": 0.7500633354674431,
      "solid_material_energy": 0.8948113005178204,
      "medium_material_energy": 0.0032539965119565096,
      "global_force_balance": [
        -1.0208500711428314e-13,
        1.1102230246251565e-16
      ],
      "fixed_displacement_max": 0.0,
      "newton_checks": 12,
      "original_target_lambda": 0.09,
      "is_original_target": true,
      "bisection_depth": 0,
      "elapsed_seconds": 5.552405099966563
    },
    {
      "lambda": 0.09999999999999999,
      "relative_residual": 8.616945218839091e-12,
      "residual_scale": 0.12727922061357855,
      "minimum_J": 0.7228649602154066,
      "solid_material_energy": 1.1046854041982939,
      "medium_material_energy": 0.004089563748310229,
      "global_force_balance": [
        2.4202861936828413e-14,
        -4.996003610813204e-16
      ],
      "fixed_displacement_max": 0.0,
      "newton_checks": 12,
      "original_target_lambda": 0.09999999999999999,
      "is_original_target": true,
      "bisection_depth": 0,
      "elapsed_seconds": 6.1194535999093205
    },
    {
      "lambda": 0.11,
      "relative_residual": 9.415478597657238e-12,
      "residual_scale": 0.1400071426749364,
      "minimum_J": 0.6958736990345497,
      "solid_material_energy": 1.336338923617428,
      "medium_material_energy": 0.005037931054202159,
      "global_force_balance": [
        -3.141931159689193e-14,
        0.0
      ],
      "fixed_displacement_max": 0.0,
      "newton_checks": 12,
      "original_target_lambda": 0.11,
      "is_original_target": true,
      "bisection_depth": 0,
      "elapsed_seconds": 6.686334599973634
    },
    {
      "lambda": 0.12,
      "relative_residual": 9.556125311685588e-12,
      "residual_scale": 0.15273506473629425,
      "minimum_J": 0.6691126526609353,
      "solid_material_energy": 1.589594893710877,
      "medium_material_energy": 0.006104631554260199,
      "global_force_balance": [
        2.375877272697835e-14,
        3.3306690738754696e-16
      ],
      "fixed_displacement_max": 0.0,
      "newton_checks": 12,
      "original_target_lambda": 0.12,
      "is_original_target": true,
      "bisection_depth": 0,
      "elapsed_seconds": 7.24176050000824
    },
    {
      "lambda": 0.13,
      "relative_residual": 9.634986492786361e-12,
      "residual_scale": 0.16546298679765212,
      "minimum_J": 0.6426048836308627,
      "solid_material_energy": 1.8642457694539971,
      "medium_material_energy": 0.00729541844663475,
      "global_force_balance": [
        -1.5654144647214707e-14,
        -2.220446049250313e-16
      ],
      "fixed_displacement_max": 0.0,
      "newton_checks": 12,
      "original_target_lambda": 0.13,
      "is_original_target": true,
      "bisection_depth": 0,
      "elapsed_seconds": 7.798244299949147
    },
    {
      "lambda": 0.14,
      "relative_residual": 9.079737041467155e-12,
      "residual_scale": 0.17819090885900998,
      "minimum_J": 0.6163737371729036,
      "solid_material_energy": 2.160053705325764,
      "medium_material_energy": 0.008616276880022943,
      "global_force_balance": [
        7.838174553853605e-14,
        -3.3306690738754696e-16
      ],
      "fixed_displacement_max": 0.0,
      "newton_checks": 12,
      "original_target_lambda": 0.14,
      "is_original_target": true,
      "bisection_depth": 0,
      "elapsed_seconds": 8.382117899949662
    },
    {
      "lambda": 0.15,
      "relative_residual": 8.810163558864031e-12,
      "residual_scale": 0.19091883092036782,
      "minimum_J": 0.5904431242845014,
      "solid_material_energy": 2.4767509160837418,
      "medium_material_energy": 0.01007343951204976,
      "global_force_balance": [
        4.574118861455645e-14,
        1.6653345369377348e-16
      ],
      "fixed_displacement_max": 0.0,
      "newton_checks": 12,
      "original_target_lambda": 0.15,
      "is_original_target": true,
      "bisection_depth": 0,
      "elapsed_seconds": 8.970258999965154
    },
    {
      "lambda": 0.16,
      "relative_residual": 8.946709262287903e-12,
      "residual_scale": 0.2036467529817257,
      "minimum_J": 0.5648377178237161,
      "solid_material_energy": 2.814040105696643,
      "medium_material_energy": 0.01167340616262852,
      "global_force_balance": [
        -8.038014698286133e-14,
        -6.106226635438361e-16
      ],
      "fixed_displacement_max": 0.0,
      "newton_checks": 12,
      "original_target_lambda": 0.16,
      "is_original_target": true,
      "bisection_depth": 0,
      "elapsed_seconds": 9.528678799979389
    },
    {
      "lambda": 0.17,
      "relative_residual": 8.759623807119356e-12,
      "residual_scale": 0.21637467504308355,
      "minimum_J": 0.5395829969845588,
      "solid_material_energy": 3.171594941416357,
      "medium_material_energy": 0.013422968622121285,
      "global_force_balance": [
        2.142730437526552e-14,
        8.881784197001252e-16
      ],
      "fixed_displacement_max": 0.0,
      "newton_checks": 12,
      "original_target_lambda": 0.17,
      "is_original_target": true,
      "bisection_depth": 0,
      "elapsed_seconds": 10.109140799962915
    },
    {
      "lambda": 0.18,
      "relative_residual": 8.347368320326736e-12,
      "residual_scale": 0.2291025971044414,
      "minimum_J": 0.5147050584194912,
      "solid_material_energy": 3.5490605336246097,
      "medium_material_energy": 0.015329242840607438,
      "global_force_balance": [
        8.992806499463768e-15,
        -4.440892098500626e-16
      ],
      "fixed_displacement_max": 0.0,
      "newton_checks": 12,
      "original_target_lambda": 0.18,
      "is_original_target": true,
      "bisection_depth": 0,
      "elapsed_seconds": 10.643635399988852
    },
    {
      "lambda": 0.19,
      "relative_residual": 8.607207459903666e-12,
      "residual_scale": 0.24183051916579923,
      "minimum_J": 0.49023009893094216,
      "solid_material_energy": 3.946053857276442,
      "medium_material_energy": 0.017399712533774748,
      "global_force_balance": [
        1.290079154614432e-13,
        2.220446049250313e-16
      ],
      "fixed_displacement_max": 0.0,
      "newton_checks": 12,
      "original_target_lambda": 0.19,
      "is_original_target": true,
      "bisection_depth": 0,
      "elapsed_seconds": 11.221421199967153
    },
    {
      "lambda": 0.19999999999999998,
      "relative_residual": 8.95059122101968e-12,
      "residual_scale": 0.2545584412271571,
      "minimum_J": 0.4661834756777588,
      "solid_material_energy": 4.3621640172617875,
      "medium_material_energy": 0.01964229070915718,
      "global_force_balance": [
        -4.39648317751562e-14,
        0.0
      ],
      "fixed_displacement_max": 0.0,
      "newton_checks": 12,
      "original_target_lambda": 0.19999999999999998,
      "is_original_target": true,
      "bisection_depth": 0,
      "elapsed_seconds": 11.820110599976033
    },
    {
      "lambda": 0.21000000000000002,
      "relative_residual": 8.022296046268802e-12,
      "residual_scale": 0.26728636328851496,
      "minimum_J": 0.4425882803374705,
      "solid_material_energy": 4.79695222186361,
      "medium_material_energy": 0.02206540848596932,
      "global_force_balance": [
        -1.021405182655144e-14,
        -3.3306690738754696e-16
      ],
      "fixed_displacement_max": 0.0,
      "newton_checks": 12,
      "original_target_lambda": 0.21000000000000002,
      "is_original_target": true,
      "bisection_depth": 0,
      "elapsed_seconds": 12.426444199983962
    },
    {
      "lambda": 0.22,
      "relative_residual": 8.429946565769363e-12,
      "residual_scale": 0.2800142853498728,
      "minimum_J": 0.41946343721366763,
      "solid_material_energy": 5.249951296654899,
      "medium_material_energy": 0.024678143123012763,
      "global_force_balance": [
        6.217248937900877e-15,
        1.1102230246251565e-16
      ],
      "fixed_displacement_max": 0.0,
      "newton_checks": 12,
      "original_target_lambda": 0.22,
      "is_original_target": true,
      "bisection_depth": 0,
      "elapsed_seconds": 12.980291999992914
    },
    {
      "lambda": 0.23,
      "relative_residual": 9.473228068082861e-12,
      "residual_scale": 0.2927422074112307,
      "minimum_J": 0.39682145119483325,
      "solid_material_energy": 5.720664562807537,
      "medium_material_energy": 0.02749039812463053,
      "global_force_balance": [
        -1.6209256159527285e-14,
        -6.661338147750939e-16
      ],
      "fixed_displacement_max": 0.0,
      "newton_checks": 12,
      "original_target_lambda": 0.23,
      "is_original_target": true,
      "bisection_depth": 0,
      "elapsed_seconds": 13.539466099929996
    },
    {
      "lambda": 0.24,
      "relative_residual": 9.376634100648269e-12,
      "residual_scale": 0.3054701294725885,
      "minimum_J": 0.37465418489012053,
      "solid_material_energy": 6.208563933918267,
      "medium_material_energy": 0.030513146256509843,
      "global_force_balance": [
        2.1538326677728037e-14,
        1.1102230246251565e-15
      ],
      "fixed_displacement_max": 0.0,
      "newton_checks": 12,
      "original_target_lambda": 0.24,
      "is_original_target": true,
      "bisection_depth": 0,
      "elapsed_seconds": 14.106466299970634
    },
    {
      "lambda": 0.25,
      "relative_residual": 9.194063524949906e-12,
      "residual_scale": 0.31819805153394637,
      "minimum_J": 0.35199892111080133,
      "solid_material_energy": 6.713087150093939,
      "medium_material_energy": 0.033758740687678895,
      "global_force_balance": [
        -3.752553823233029e-14,
        -4.440892098500626e-16
      ],
      "fixed_displacement_max": 0.0,
      "newton_checks": 12,
      "original_target_lambda": 0.25,
      "is_original_target": true,
      "bisection_depth": 0,
      "elapsed_seconds": 14.670931699918583
    },
    {
      "lambda": 0.26,
      "relative_residual": 8.708056569990573e-12,
      "residual_scale": 0.33092597359530423,
      "minimum_J": 0.3292279588944191,
      "solid_material_energy": 7.233634128781328,
      "medium_material_energy": 0.037241291670900435,
      "global_force_balance": [
        -4.907185768843192e-14,
        -6.661338147750939e-16
      ],
      "fixed_displacement_max": 0.0,
      "newton_checks": 12,
      "original_target_lambda": 0.26,
      "is_original_target": true,
      "bisection_depth": 0,
      "elapsed_seconds": 15.269202399998903
    },
    {
      "lambda": 0.27,
      "relative_residual": 9.8715172275157e-12,
      "residual_scale": 0.3436538956566621,
      "minimum_J": 0.3064090363409303,
      "solid_material_energy": 7.7695624011062066,
      "medium_material_energy": 0.040977099722114975,
      "global_force_balance": [
        9.792167077193881e-14,
        -4.440892098500626e-16
      ],
      "fixed_displacement_max": 0.0,
      "newton_checks": 12,
      "original_target_lambda": 0.27,
      "is_original_target": true,
      "bisection_depth": 0,
      "elapsed_seconds": 15.844649699982256
    },
    {
      "lambda": 0.28,
      "relative_residual": 8.649672194945463e-12,
      "residual_scale": 0.35638181771801997,
      "minimum_J": 0.2837046186207724,
      "solid_material_energy": 8.320181457467271,
      "medium_material_energy": 0.044985135106727386,
      "global_force_balance": [
        8.659739592076221e-14,
        4.440892098500626e-16
      ],
      "fixed_displacement_max": 0.0,
      "newton_checks": 12,
      "original_target_lambda": 0.28,
      "is_original_target": true,
      "bisection_depth": 0,
      "elapsed_seconds": 16.424112299922854
    },
    {
      "lambda": 0.29,
      "relative_residual": 7.949455082864779e-12,
      "residual_scale": 0.3691097397793778,
      "minimum_J": 0.2611592894534027,
      "solid_material_energy": 8.884745533118148,
      "medium_material_energy": 0.04928755884056076,
      "global_force_balance": [
        1.7319479184152442e-14,
        -6.661338147750939e-16
      ],
      "fixed_displacement_max": 0.0,
      "newton_checks": 12,
      "original_target_lambda": 0.29,
      "is_original_target": true,
      "bisection_depth": 0,
      "elapsed_seconds": 16.953070599935018
    },
    {
      "lambda": 0.30000000000000004,
      "relative_residual": 8.503062690083974e-12,
      "residual_scale": 0.3818376618407357,
      "minimum_J": 0.23878584627577998,
      "solid_material_energy": 9.462443982046551,
      "medium_material_energy": 0.053910288570460485,
      "global_force_balance": [
        1.687538997430238e-13,
        -2.220446049250313e-16
      ],
      "fixed_displacement_max": 0.0,
      "newton_checks": 11,
      "original_target_lambda": 0.30000000000000004,
      "is_original_target": true,
      "bisection_depth": 0,
      "elapsed_seconds": 17.458255899953656
    },
    {
      "lambda": 0.31,
      "relative_residual": 8.6396617312668e-12,
      "residual_scale": 0.39456558390209356,
      "minimum_J": 0.21671228241098692,
      "solid_material_energy": 10.05238803189164,
      "medium_material_energy": 0.05888361465614822,
      "global_force_balance": [
        -1.687538997430238e-14,
        -4.440892098500626e-16
      ],
      "fixed_displacement_max": 0.0,
      "newton_checks": 11,
      "original_target_lambda": 0.31,
      "is_original_target": true,
      "bisection_depth": 0,
      "elapsed_seconds": 17.962648599990644
    },
    {
      "lambda": 0.32,
      "relative_residual": 7.840494622552795e-12,
      "residual_scale": 0.4072935059634514,
      "minimum_J": 0.19493738339130068,
      "solid_material_energy": 10.653592525988298,
      "medium_material_energy": 0.06424285401220019,
      "global_force_balance": [
        5.3734794391857577e-14,
        -7.771561172376096e-16
      ],
      "fixed_displacement_max": 0.0,
      "newton_checks": 11,
      "original_target_lambda": 0.32,
      "is_original_target": true,
      "bisection_depth": 0,
      "elapsed_seconds": 18.481144899968058
    },
    {
      "lambda": 0.33,
      "relative_residual": 7.063965614501969e-12,
      "residual_scale": 0.42002142802480924,
      "minimum_J": 0.17351205746965995,
      "solid_material_energy": 11.264951400607258,
      "medium_material_energy": 0.07002896988275573,
      "global_force_balance": [
        1.1235457009206584e-13,
        4.440892098500626e-16
      ],
      "fixed_displacement_max": 0.0,
      "newton_checks": 11,
      "original_target_lambda": 0.33,
      "is_original_target": true,
      "bisection_depth": 0,
      "elapsed_seconds": 18.99317939998582
    },
    {
      "lambda": 0.34,
      "relative_residual": 7.68873525085513e-12,
      "residual_scale": 0.4327493500861671,
      "minimum_J": 0.15251697193128053,
      "solid_material_energy": 11.88520622433618,
      "medium_material_energy": 0.07628894151949095,
      "global_force_balance": [
        4.440892098500626e-14,
        8.881784197001252e-16
      ],
      "fixed_displacement_max": 0.0,
      "newton_checks": 11,
      "original_target_lambda": 0.34,
      "is_original_target": true,
      "bisection_depth": 0,
      "elapsed_seconds": 19.5058260000078
    },
    {
      "lambda": 0.35,
      "relative_residual": 7.787829330830696e-12,
      "residual_scale": 0.4454772721475249,
      "minimum_J": 0.13213309404771184,
      "solid_material_energy": 12.51290740298099,
      "medium_material_energy": 0.08307536880072602,
      "global_force_balance": [
        -1.9095836023552692e-14,
        -6.661338147750939e-16
      ],
      "fixed_displacement_max": 0.0,
      "newton_checks": 11,
      "original_target_lambda": 0.35,
      "is_original_target": true,
      "bisection_depth": 0,
      "elapsed_seconds": 20.012923099915497
    },
    {
      "lambda": 0.36,
      "relative_residual": 7.999158645253493e-12,
      "residual_scale": 0.4582051942088828,
      "minimum_J": 0.11231989350755953,
      "solid_material_energy": 13.146363366588556,
      "medium_material_energy": 0.0904443606806655,
      "global_force_balance": [
        -8.815170815523743e-14,
        6.661338147750939e-16
      ],
      "fixed_displacement_max": 0.0,
      "newton_checks": 10,
      "original_target_lambda": 0.36,
      "is_original_target": true,
      "bisection_depth": 0,
      "elapsed_seconds": 20.476015999913216
    },
    {
      "lambda": 0.37,
      "relative_residual": 7.809808867699414e-12,
      "residual_scale": 0.47093311627024065,
      "minimum_J": 0.09347073259776562,
      "solid_material_energy": 13.783557125677813,
      "medium_material_energy": 0.09845068124691106,
      "global_force_balance": [
        -1.312283615106935e-13,
        2.220446049250313e-16
      ],
      "fixed_displacement_max": 0.0,
      "newton_checks": 10,
      "original_target_lambda": 0.37,
      "is_original_target": true,
      "bisection_depth": 0,
      "elapsed_seconds": 20.924161899951287
    },
    {
      "lambda": 0.38000000000000006,
      "relative_residual": 7.450070331931901e-12,
      "residual_scale": 0.48366103833159857,
      "minimum_J": 0.07582278433142374,
      "solid_material_energy": 14.421997282824295,
      "medium_material_energy": 0.10714000852527633,
      "global_force_balance": [
        1.2101430968414206e-13,
        2.886579864025407e-15
      ],
      "fixed_displacement_max": 0.0,
      "newton_checks": 10,
      "original_target_lambda": 0.38000000000000006,
      "is_original_target": true,
      "bisection_depth": 0,
      "elapsed_seconds": 21.408880400005728
    },
    {
      "lambda": 0.38999999999999996,
      "relative_residual": 7.04532114131542e-12,
      "residual_scale": 0.49638896039295627,
      "minimum_J": 0.059634071710606196,
      "solid_material_energy": 15.058510382044732,
      "medium_material_energy": 0.11653772429464636,
      "global_force_balance": [
        2.6201263381153694e-14,
        1.9984014443252818e-15
      ],
      "fixed_displacement_max": 0.0,
      "newton_checks": 9,
      "original_target_lambda": 0.38999999999999996,
      "is_original_target": true,
      "bisection_depth": 0,
      "elapsed_seconds": 21.82835269998759
    },
    {
      "lambda": 0.4,
      "relative_residual": 7.946613315219255e-12,
      "residual_scale": 0.5091168824543142,
      "minimum_J": 0.04516716014625797,
      "solid_material_energy": 15.689045548888691,
      "medium_material_energy": 0.1266293854682956,
      "global_force_balance": [
        -4.884981308350689e-15,
        1.7763568394002505e-15
      ],
      "fixed_displacement_max": 0.0,
      "newton_checks": 9,
      "original_target_lambda": 0.4,
      "is_original_target": true,
      "bisection_depth": 0,
      "elapsed_seconds": 22.226890999940224
    },
    {
      "lambda": 0.41000000000000003,
      "relative_residual": 7.979668838520223e-12,
      "residual_scale": 0.5218448045156721,
      "minimum_J": 0.03267125411068774,
      "solid_material_energy": 16.308572250430487,
      "medium_material_energy": 0.1373266175274527,
      "global_force_balance": [
        -3.3306690738754696e-14,
        0.0
      ],
      "fixed_displacement_max": 0.0,
      "newton_checks": 8,
      "original_target_lambda": 0.41000000000000003,
      "is_original_target": true,
      "bisection_depth": 0,
      "elapsed_seconds": 22.58610770001542
    },
    {
      "lambda": 0.42,
      "relative_residual": 7.65594783730735e-12,
      "residual_scale": 0.5345727265770299,
      "minimum_J": 0.022348821033870564,
      "solid_material_energy": 16.9111610234918,
      "medium_material_energy": 0.14841941157325295,
      "global_force_balance": [
        8.659739592076221e-14,
        1.7763568394002505e-15
      ],
      "fixed_displacement_max": 0.0,
      "newton_checks": 8,
      "original_target_lambda": 0.42,
      "is_original_target": true,
      "bisection_depth": 0,
      "elapsed_seconds": 22.9123028999893
    },
    {
      "lambda": 0.43,
      "relative_residual": 9.651645609858638e-12,
      "residual_scale": 0.5473006486383878,
      "minimum_J": 0.014318359208872113,
      "solid_material_energy": 17.49040894297053,
      "medium_material_energy": 0.1595289873438483,
      "global_force_balance": [
        -4.973799150320701e-14,
        -8.881784197001252e-16
      ],
      "fixed_displacement_max": 0.0,
      "newton_checks": 7,
      "original_target_lambda": 0.43,
      "is_original_target": true,
      "bisection_depth": 0,
      "elapsed_seconds": 23.20046329998877
    },
    {
      "lambda": 0.44,
      "relative_residual": 2.6976386685417418e-11,
      "residual_scale": 0.5600285706997457,
      "minimum_J": 0.008583625987445175,
      "solid_material_energy": 18.04065254755395,
      "medium_material_energy": 0.17010404227099626,
      "global_force_balance": [
        1.3322676295501878e-15,
        -6.661338147750939e-16
      ],
      "fixed_displacement_max": 0.0,
      "newton_checks": 7,
      "original_target_lambda": 0.44,
      "is_original_target": true,
      "bisection_depth": 0,
      "elapsed_seconds": 23.488538699923083
    },
    {
      "lambda": 0.45,
      "relative_residual": 8.998757250884271e-11,
      "residual_scale": 0.5727564927611035,
      "minimum_J": 0.0049527143088085365,
      "solid_material_energy": 18.559792077022124,
      "medium_material_energy": 0.1795731446006494,
      "global_force_balance": [
        9.325873406851315e-15,
        -4.440892098500626e-16
      ],
      "fixed_displacement_max": 0.0,
      "newton_checks": 7,
      "original_target_lambda": 0.45,
      "is_original_target": true,
      "bisection_depth": 0,
      "elapsed_seconds": 23.78866720001679
    },
    {
      "lambda": 0.45999999999999996,
      "relative_residual": 1.6921278878672237e-10,
      "residual_scale": 0.5854844148224613,
      "minimum_J": 0.002844788929051147,
      "solid_material_energy": 19.051977201638763,
      "medium_material_energy": 0.18766844134275523,
      "global_force_balance": [
        1.425526363618701e-13,
        -2.220446049250313e-16
      ],
      "fixed_displacement_max": 0.0,
      "newton_checks": 7,
      "original_target_lambda": 0.45999999999999996,
      "is_original_target": true,
      "bisection_depth": 0,
      "elapsed_seconds": 24.06001169991214
    },
    {
      "lambda": 0.47,
      "relative_residual": 4.968703729259363e-10,
      "residual_scale": 0.5982123368838191,
      "minimum_J": 0.0017084904682727249,
      "solid_material_energy": 19.52517775539639,
      "medium_material_energy": 0.19450697722042265,
      "global_force_balance": [
        -1.0658141036401503e-13,
        1.9984014443252818e-15
      ],
      "fixed_displacement_max": 0.0,
      "newton_checks": 7,
      "original_target_lambda": 0.47,
      "is_original_target": true,
      "bisection_depth": 0,
      "elapsed_seconds": 24.349893299979158
    },
    {
      "lambda": 0.48000000000000004,
      "relative_residual": 2.397864592799036e-09,
      "residual_scale": 0.6109402589451771,
      "minimum_J": 0.0011277522005478404,
      "solid_material_energy": 19.986786203449753,
      "medium_material_energy": 0.2003667946442701,
      "global_force_balance": [
        3.5083047578154947e-14,
        1.1102230246251565e-15
      ],
      "fixed_displacement_max": 0.0,
      "newton_checks": 6,
      "original_target_lambda": 0.48000000000000004,
      "is_original_target": true,
      "bisection_depth": 0,
      "elapsed_seconds": 24.603819099953398
    },
    {
      "lambda": 0.49,
      "relative_residual": 1.596638337187557e-09,
      "residual_scale": 0.6236681810065349,
      "minimum_J": 0.0008099013571288526,
      "solid_material_energy": 20.441998235289127,
      "medium_material_energy": 0.2055064858201158,
      "global_force_balance": [
        -3.1086244689504383e-15,
        -1.3322676295501878e-15
      ],
      "fixed_displacement_max": 0.0,
      "newton_checks": 6,
      "original_target_lambda": 0.49,
      "is_original_target": true,
      "bisection_depth": 0,
      "elapsed_seconds": 24.829290599911474
    },
    {
      "lambda": 0.5,
      "relative_residual": 9.731665394023578e-10,
      "residual_scale": 0.6363961030678927,
      "minimum_J": 0.0006201821351927578,
      "solid_material_energy": 20.894105603250566,
      "medium_material_energy": 0.21011307804508195,
      "global_force_balance": [
        7.105427357601002e-15,
        0.0
      ],
      "fixed_displacement_max": 0.0,
      "newton_checks": 6,
      "original_target_lambda": 0.5,
      "is_original_target": true,
      "bisection_depth": 0,
      "elapsed_seconds": 25.059368700021878
    },
    {
      "lambda": 0.51,
      "relative_residual": 7.363992599984927e-10,
      "residual_scale": 0.6491240251292506,
      "minimum_J": 0.0004978685460204343,
      "solid_material_energy": 21.345136984203968,
      "medium_material_energy": 0.21431281773649985,
      "global_force_balance": [
        5.1514348342607263e-14,
        2.220446049250313e-16
      ],
      "fixed_displacement_max": 0.0,
      "newton_checks": 6,
      "original_target_lambda": 0.51,
      "is_original_target": true,
      "bisection_depth": 0,
      "elapsed_seconds": 25.307754799956456
    },
    {
      "lambda": 0.52,
      "relative_residual": 8.247611646522141e-10,
      "residual_scale": 0.6618519471906085,
      "minimum_J": 0.0004139141190743624,
      "solid_material_energy": 21.79634367779328,
      "medium_material_energy": 0.21818910757764132,
      "global_force_balance": [
        9.769962616701378e-15,
        -3.774758283725532e-15
      ],
      "fixed_displacement_max": 0.0,
      "newton_checks": 6,
      "original_target_lambda": 0.52,
      "is_original_target": true,
      "bisection_depth": 0,
      "elapsed_seconds": 25.568528799922206
    },
    {
      "lambda": 0.53,
      "relative_residual": 1.381562750032049e-09,
      "residual_scale": 0.6745798692519663,
      "minimum_J": 0.0003532945103066446,
      "solid_material_energy": 22.248576367006116,
      "medium_material_energy": 0.22180408270282853,
      "global_force_balance": [
        -1.2434497875801753e-13,
        2.886579864025407e-15
      ],
      "fixed_displacement_max": 0.0,
      "newton_checks": 6,
      "original_target_lambda": 0.53,
      "is_original_target": true,
      "bisection_depth": 0,
      "elapsed_seconds": 25.82309099996928
    },
    {
      "lambda": 0.54,
      "relative_residual": 2.3942114470965417e-09,
      "residual_scale": 0.6873077913133242,
      "minimum_J": 0.0003076945475158617,
      "solid_material_energy": 22.702452119839236,
      "medium_material_energy": 0.22520980007496907,
      "global_force_balance": [
        1.6475709685437323e-13,
        -3.552713678800501e-15
      ],
      "fixed_displacement_max": 0.0,
      "newton_checks": 6,
      "original_target_lambda": 0.54,
      "is_original_target": true,
      "bisection_depth": 0,
      "elapsed_seconds": 26.08532969991211
    },
    {
      "lambda": 0.55,
      "relative_residual": 4.0854003353524024e-09,
      "residual_scale": 0.7000357133746821,
      "minimum_J": 0.0002722615912938341,
      "solid_material_energy": 23.158382787994277,
      "medium_material_energy": 0.2284470357471948,
      "global_force_balance": [
        3.4638958368304884e-14,
        -1.3322676295501878e-15
      ],
      "fixed_displacement_max": 0.0,
      "newton_checks": 6,
      "original_target_lambda": 0.55,
      "is_original_target": true,
      "bisection_depth": 0,
      "elapsed_seconds": 26.338423099950887
    },
    {
      "lambda": 0.56,
      "relative_residual": 7.054188388674644e-09,
      "residual_scale": 0.7127636354360399,
      "minimum_J": 0.00024401707879294243,
      "solid_material_energy": 23.61662083986443,
      "medium_material_energy": 0.23154568814482596,
      "global_force_balance": [
        5.861977570020827e-14,
        -2.220446049250313e-16
      ],
      "fixed_displacement_max": 0.0,
      "newton_checks": 6,
      "original_target_lambda": 0.56,
      "is_original_target": true,
      "bisection_depth": 0,
      "elapsed_seconds": 26.59116059995722
    },
    {
      "lambda": 0.57,
      "relative_residual": 1.9074067097830376e-10,
      "residual_scale": 0.7254915574973977,
      "minimum_J": 0.000221042893433056,
      "solid_material_energy": 24.07731715574352,
      "medium_material_energy": 0.23452813489912475,
      "global_force_balance": [
        -8.837375276016246e-14,
        1.1102230246251565e-15
      ],
      "fixed_displacement_max": 0.0,
      "newton_checks": 7,
      "original_target_lambda": 0.57,
      "is_original_target": true,
      "bisection_depth": 0,
      "elapsed_seconds": 26.87396140000783
    },
    {
      "lambda": 0.58,
      "relative_residual": 2.1438877861562496e-10,
      "residual_scale": 0.7382194795587556,
      "minimum_J": 0.00020205395522206488,
      "solid_material_energy": 24.540560617413092,
      "medium_material_energy": 0.23741208076278786,
      "global_force_balance": [
        1.5987211554602254e-14,
        0.0
      ],
      "fixed_displacement_max": 0.0,
      "newton_checks": 7,
      "original_target_lambda": 0.58,
      "is_original_target": true,
      "bisection_depth": 0,
      "elapsed_seconds": 27.145996099920012
    },
    {
      "lambda": 0.5900000000000001,
      "relative_residual": 3.9829727782686076e-10,
      "residual_scale": 0.7509474016201135,
      "minimum_J": 0.00018616411433336165,
      "solid_material_energy": 25.006397130648413,
      "medium_material_energy": 0.24021186810491252,
      "global_force_balance": [
        2.220446049250313e-14,
        -3.3306690738754696e-15
      ],
      "fixed_displacement_max": 0.0,
      "newton_checks": 7,
      "original_target_lambda": 0.5900000000000001,
      "is_original_target": true,
      "bisection_depth": 0,
      "elapsed_seconds": 27.414810999995098
    },
    {
      "lambda": 0.6,
      "relative_residual": 1.4308520286017527e-10,
      "residual_scale": 0.7636753236814713,
      "minimum_J": 0.00017274949061418785,
      "solid_material_energy": 25.47483771168701,
      "medium_material_energy": 0.24293880430120365,
      "global_force_balance": [
        -1.603162047558726e-13,
        4.440892098500626e-16
      ],
      "fixed_displacement_max": 0.0,
      "newton_checks": 7,
      "original_target_lambda": 0.6,
      "is_original_target": true,
      "bisection_depth": 0,
      "elapsed_seconds": 27.69118189997971
    },
    {
      "lambda": 0.61,
      "relative_residual": 2.628430211863554e-10,
      "residual_scale": 0.7764032457428292,
      "minimum_J": 0.00016136342372383145,
      "solid_material_energy": 25.945869194386944,
      "medium_material_energy": 0.2456020036006898,
      "global_force_balance": [
        5.595524044110789e-14,
        1.1102230246251565e-15
      ],
      "fixed_displacement_max": 0.0,
      "newton_checks": 7,
      "original_target_lambda": 0.61,
      "is_original_target": true,
      "bisection_depth": 0,
      "elapsed_seconds": 27.97627460001968
    },
    {
      "lambda": 0.62,
      "relative_residual": 2.7718351748812786e-10,
      "residual_scale": 0.7891311678041871,
      "minimum_J": 0.00015167745043227676,
      "solid_material_energy": 26.419466893103806,
      "medium_material_energy": 0.24821005624292308,
      "global_force_balance": [
        8.79296635503124e-14,
        -1.7763568394002505e-15
      ],
      "fixed_displacement_max": 0.0,
      "newton_checks": 8,
      "original_target_lambda": 0.62,
      "is_original_target": true,
      "bisection_depth": 0,
      "elapsed_seconds": 28.300479399971664
    },
    {
      "lambda": 0.63,
      "relative_residual": 7.775714212574234e-10,
      "residual_scale": 0.8018590898655449,
      "minimum_J": 0.00014341506699517152,
      "solid_material_energy": 26.895595595250438,
      "medium_material_energy": 0.25077205509418143,
      "global_force_balance": [
        8.171241461241152e-14,
        8.881784197001252e-16
      ],
      "fixed_displacement_max": 0.0,
      "newton_checks": 8,
      "original_target_lambda": 0.63,
      "is_original_target": true,
      "bisection_depth": 0,
      "elapsed_seconds": 28.61796579998918
    },
    {
      "lambda": 0.64,
      "relative_residual": 3.5012810911296606e-10,
      "residual_scale": 0.8145870119269027,
      "minimum_J": 0.00013626475796685856,
      "solid_material_energy": 27.374195216839773,
      "medium_material_energy": 0.2532961443904357,
      "global_force_balance": [
        2.3092638912203256e-14,
        6.661338147750939e-16
      ],
      "fixed_displacement_max": 0.0,
      "newton_checks": 8,
      "original_target_lambda": 0.64,
      "is_original_target": true,
      "bisection_depth": 0,
      "elapsed_seconds": 28.945179999922402
    },
    {
      "lambda": 0.65,
      "relative_residual": 5.500079626241344e-10,
      "residual_scale": 0.8273149339882606,
      "minimum_J": 0.00012987987291307275,
      "solid_material_energy": 27.855177623721282,
      "medium_material_energy": 0.25578626644315355,
      "global_force_balance": [
        -4.440892098500626e-15,
        5.10702591327572e-15
      ],
      "fixed_displacement_max": 0.0,
      "newton_checks": 8,
      "original_target_lambda": 0.65,
      "is_original_target": true,
      "bisection_depth": 0,
      "elapsed_seconds": 29.251465799985453
    },
    {
      "lambda": 0.6599999999999999,
      "relative_residual": 5.688325931396288e-10,
      "residual_scale": 0.8400428560496185,
      "minimum_J": 0.0001240163896270901,
      "solid_material_energy": 28.338457119145023,
      "medium_material_energy": 0.2582429118784936,
      "global_force_balance": [
        -1.283417816466681e-13,
        1.7763568394002505e-15
      ],
      "fixed_displacement_max": 0.0,
      "newton_checks": 8,
      "original_target_lambda": 0.6599999999999999,
      "is_original_target": true,
      "bisection_depth": 0,
      "elapsed_seconds": 29.595626799971797
    },
    {
      "lambda": 0.67,
      "relative_residual": 1.0000274358611684e-09,
      "residual_scale": 0.8527707781109763,
      "minimum_J": 0.0001185745450591578,
      "solid_material_energy": 28.823967645097273,
      "medium_material_energy": 0.2606668743384025,
      "global_force_balance": [
        1.7763568394002505e-14,
        1.7763568394002505e-15
      ],
      "fixed_displacement_max": 0.0,
      "newton_checks": 8,
      "original_target_lambda": 0.67,
      "is_original_target": true,
      "bisection_depth": 0,
      "elapsed_seconds": 29.933503899956122
    },
    {
      "lambda": 0.6799999999999999,
      "relative_residual": 1.704156450906673e-09,
      "residual_scale": 0.8654987001723341,
      "minimum_J": 0.00011351923007332631,
      "solid_material_energy": 29.311648619153303,
      "medium_material_energy": 0.26305968436100136,
      "global_force_balance": [
        5.81756864903582e-14,
        -1.7763568394002505e-15
      ],
      "fixed_displacement_max": 0.0,
      "newton_checks": 8,
      "original_target_lambda": 0.6799999999999999,
      "is_original_target": true,
      "bisection_depth": 0,
      "elapsed_seconds": 30.260741899954155
    },
    {
      "lambda": 0.69,
      "relative_residual": 9.079995942985219e-10,
      "residual_scale": 0.8782266222336921,
      "minimum_J": 0.00010882704503944122,
      "solid_material_energy": 29.801435076656695,
      "medium_material_energy": 0.2654226332896198,
      "global_force_balance": [
        -3.952393967665557e-14,
        0.0
      ],
      "fixed_displacement_max": 0.0,
      "newton_checks": 8,
      "original_target_lambda": 0.69,
      "is_original_target": true,
      "bisection_depth": 0,
      "elapsed_seconds": 30.598946399986744
    },
    {
      "lambda": 0.7000000000000001,
      "relative_residual": 1.9871912181064708e-09,
      "residual_scale": 0.8909545442950499,
      "minimum_J": 0.0001044738892198007,
      "solid_material_energy": 30.293260721065902,
      "medium_material_energy": 0.2677569007378468,
      "global_force_balance": [
        6.394884621840902e-14,
        2.220446049250313e-15
      ],
      "fixed_displacement_max": 0.0,
      "newton_checks": 8,
      "original_target_lambda": 0.7000000000000001,
      "is_original_target": true,
      "bisection_depth": 0,
      "elapsed_seconds": 30.938476499984972
    },
    {
      "lambda": 0.71,
      "relative_residual": 1.4406490267465225e-09,
      "residual_scale": 0.9036824663564077,
      "minimum_J": 0.00010043473916048843,
      "solid_material_energy": 30.787063907700144,
      "medium_material_energy": 0.27006427661410887,
      "global_force_balance": [
        2.2648549702353193e-14,
        0.0
      ],
      "fixed_displacement_max": 0.0,
      "newton_checks": 8,
      "original_target_lambda": 0.71,
      "is_original_target": true,
      "bisection_depth": 0,
      "elapsed_seconds": 31.282182800001465
    },
    {
      "lambda": 0.7200000000000001,
      "relative_residual": 8.166840655630292e-09,
      "residual_scale": 0.9164103884177657,
      "minimum_J": 9.66847156310709e-05,
      "solid_material_energy": 31.28278919018237,
      "medium_material_energy": 0.272347419073468,
      "global_force_balance": [
        -5.240252676230739e-14,
        2.220446049250313e-15
      ],
      "fixed_displacement_max": 0.0,
      "newton_checks": 8,
      "original_target_lambda": 0.7200000000000001,
      "is_original_target": true,
      "bisection_depth": 0,
      "elapsed_seconds": 31.616008499986492
    },
    {
      "lambda": 0.73,
      "relative_residual": 9.88577641116578e-09,
      "residual_scale": 0.9291383104791234,
      "minimum_J": 9.319980217485753e-05,
      "solid_material_energy": 31.780384305190577,
      "medium_material_energy": 0.27460943114054237,
      "global_force_balance": [
        -4.574118861455645e-14,
        3.1086244689504383e-15
      ],
      "fixed_displacement_max": 0.0,
      "newton_checks": 8,
      "original_target_lambda": 0.73,
      "is_original_target": true,
      "bisection_depth": 0,
      "elapsed_seconds": 31.962260699947365
    },
    {
      "lambda": 0.74,
      "relative_residual": 1.145820669275081e-09,
      "residual_scale": 0.9418662325404813,
      "minimum_J": 8.995734182200594e-05,
      "solid_material_energy": 32.27979655686003,
      "medium_material_energy": 0.27685327110294966,
      "global_force_balance": [
        -4.884981308350689e-15,
        -2.220446049250313e-15
      ],
      "fixed_displacement_max": 0.0,
      "newton_checks": 9,
      "original_target_lambda": 0.74,
      "is_original_target": true,
      "bisection_depth": 0,
      "elapsed_seconds": 32.349046399933286
    },
    {
      "lambda": 0.7500000000000001,
      "relative_residual": 2.6031201094498218e-09,
      "residual_scale": 0.9545941546018394,
      "minimum_J": 8.693634974911069e-05,
      "solid_material_energy": 32.78097095508586,
      "medium_material_energy": 0.2790813930502945,
      "global_force_balance": [
        -1.4654943925052066e-14,
        2.6645352591003757e-15
      ],
      "fixed_displacement_max": 0.0,
      "newton_checks": 9,
      "original_target_lambda": 0.7500000000000001,
      "is_original_target": true,
      "bisection_depth": 0,
      "elapsed_seconds": 32.734472499927506
    },
    {
      "lambda": 0.76,
      "relative_residual": 2.2791056456839757e-09,
      "residual_scale": 0.9673220766631969,
      "minimum_J": 8.411759817427259e-05,
      "solid_material_energy": 33.28384982927126,
      "medium_material_energy": 0.28129561954132387,
      "global_force_balance": [
        -4.8405723873656825e-14,
        -1.7763568394002505e-15
      ],
      "fixed_displacement_max": 0.0,
      "newton_checks": 9,
      "original_target_lambda": 0.76,
      "is_original_target": true,
      "bisection_depth": 0,
      "elapsed_seconds": 33.13261369999964
    },
    {
      "lambda": 0.7699999999999999,
      "relative_residual": 9.549273528583755e-10,
      "residual_scale": 0.9800499987245547,
      "minimum_J": 8.148348279694868e-05,
      "solid_material_energy": 33.78837289723571,
      "medium_material_energy": 0.28349709692625635,
      "global_force_balance": [
        -2.886579864025407e-14,
        -1.3322676295501878e-15
      ],
      "fixed_displacement_max": 0.0,
      "newton_checks": 9,
      "original_target_lambda": 0.7699999999999999,
      "is_original_target": true,
      "bisection_depth": 0,
      "elapsed_seconds": 33.52662259992212
    },
    {
      "lambda": 0.78,
      "relative_residual": 7.247846157935357e-09,
      "residual_scale": 0.9927779207859126,
      "minimum_J": 7.901772487654412e-05,
      "solid_material_energy": 34.2944771535086,
      "medium_material_energy": 0.2856862195856078,
      "global_force_balance": [
        -2.930988785010413e-14,
        -8.881784197001252e-16
      ],
      "fixed_displacement_max": 0.0,
      "newton_checks": 11,
      "original_target_lambda": 0.78,
      "is_original_target": true,
      "bisection_depth": 0,
      "elapsed_seconds": 34.024556599906646
    },
    {
      "lambda": 0.79,
      "relative_residual": 2.174391025875263e-09,
      "residual_scale": 1.0055058428472705,
      "minimum_J": 7.670500104628858e-05,
      "solid_material_energy": 34.802096611930274,
      "medium_material_energy": 0.2878625133465097,
      "global_force_balance": [
        -8.393286066166183e-14,
        2.6645352591003757e-15
      ],
      "fixed_displacement_max": 0.0,
      "newton_checks": 12,
      "original_target_lambda": 0.79,
      "is_original_target": true,
      "bisection_depth": 0,
      "elapsed_seconds": 34.59112589992583
    },
    {
      "lambda": 0.7999999999999999,
      "relative_residual": 6.10792461152131e-09,
      "residual_scale": 1.0182337649086284,
      "minimum_J": 7.453070991212063e-05,
      "solid_material_energy": 35.311162734165244,
      "medium_material_energy": 0.29002462130567397,
      "global_force_balance": [
        1.7763568394002505e-14,
        -1.3322676295501878e-15
      ],
      "fixed_displacement_max": 0.0,
      "newton_checks": 12,
      "original_target_lambda": 0.7999999999999999,
      "is_original_target": true,
      "bisection_depth": 0,
      "elapsed_seconds": 35.11481509997975
    },
    {
      "lambda": 0.81,
      "relative_residual": 5.636604832497317e-09,
      "residual_scale": 1.0309616869699862,
      "minimum_J": 7.248114060641612e-05,
      "solid_material_energy": 35.821606728750126,
      "medium_material_energy": 0.29217064339558113,
      "global_force_balance": [
        -1.6830981053317373e-13,
        4.440892098500626e-16
      ],
      "fixed_displacement_max": 0.0,
      "newton_checks": 12,
      "original_target_lambda": 0.81,
      "is_original_target": true,
      "bisection_depth": 0,
      "elapsed_seconds": 35.669223099946976
    },
    {
      "lambda": 0.82,
      "relative_residual": 6.833238710465718e-09,
      "residual_scale": 1.0436896090313441,
      "minimum_J": 7.05441152760132e-05,
      "solid_material_energy": 36.33336364504414,
      "medium_material_energy": 0.2942988942720146,
      "global_force_balance": [
        5.5067062021407764e-14,
        4.440892098500626e-16
      ],
      "fixed_displacement_max": 0.0,
      "newton_checks": 12,
      "original_target_lambda": 0.82,
      "is_original_target": true,
      "bisection_depth": 0,
      "elapsed_seconds": 36.229252799996175
    },
    {
      "lambda": 0.83,
      "relative_residual": 8.568157803442888e-09,
      "residual_scale": 1.056417531092702,
      "minimum_J": 6.870963816534608e-05,
      "solid_material_energy": 36.846375819569644,
      "medium_material_energy": 0.2964086630473976,
      "global_force_balance": [
        4.3520742565306136e-14,
        2.220446049250313e-15
      ],
      "fixed_displacement_max": 0.0,
      "newton_checks": 11,
      "original_target_lambda": 0.83,
      "is_original_target": true,
      "bisection_depth": 0,
      "elapsed_seconds": 36.749599599977955
    },
    {
      "lambda": 0.8400000000000001,
      "relative_residual": 5.194116637953572e-09,
      "residual_scale": 1.0691454531540598,
      "minimum_J": 6.696991847194682e-05,
      "solid_material_energy": 37.360593087045544,
      "medium_material_energy": 0.29850040819511986,
      "global_force_balance": [
        1.021405182655144e-13,
        -8.881784197001252e-16
      ],
      "fixed_displacement_max": 0.0,
      "newton_checks": 11,
      "original_target_lambda": 0.8400000000000001,
      "is_original_target": true,
      "bisection_depth": 0,
      "elapsed_seconds": 37.26247409998905
    },
    {
      "lambda": 0.85,
      "relative_residual": 1.509928367207053e-09,
      "residual_scale": 1.0818733752154177,
      "minimum_J": 6.531876954739856e-05,
      "solid_material_energy": 37.87597021659666,
      "medium_material_energy": 0.3005753580333461,
      "global_force_balance": [
        -4.8405723873656825e-14,
        4.440892098500626e-15
      ],
      "fixed_displacement_max": 0.0,
      "newton_checks": 11,
      "original_target_lambda": 0.85,
      "is_original_target": true,
      "bisection_depth": 0,
      "elapsed_seconds": 37.774481599917635
    },
    {
      "lambda": 0.8600000000000001,
      "relative_residual": 4.453397691834507e-09,
      "residual_scale": 1.0946012972767756,
      "minimum_J": 6.375091457551607e-05,
      "solid_material_energy": 38.39246408871884,
      "medium_material_energy": 0.30263497193806754,
      "global_force_balance": [
        2.349231920106831e-13,
        3.1086244689504383e-15
      ],
      "fixed_displacement_max": 0.0,
      "newton_checks": 11,
      "original_target_lambda": 0.8600000000000001,
      "is_original_target": true,
      "bisection_depth": 0,
      "elapsed_seconds": 38.264524600002915
    },
    {
      "lambda": 0.87,
      "relative_residual": 6.520844180163685e-09,
      "residual_scale": 1.1073292193381334,
      "minimum_J": 6.226156036599775e-05,
      "solid_material_energy": 38.91003208747667,
      "medium_material_energy": 0.30468059527286384,
      "global_force_balance": [
        3.6415315207705135e-14,
        -4.440892098500626e-16
      ],
      "fixed_displacement_max": 0.0,
      "newton_checks": 12,
      "original_target_lambda": 0.87,
      "is_original_target": true,
      "bisection_depth": 0,
      "elapsed_seconds": 38.77778529992793
    },
    {
      "lambda": 0.88,
      "relative_residual": 6.484694106021732e-09,
      "residual_scale": 1.1200571413994913,
      "minimum_J": 6.084623075873632e-05,
      "solid_material_energy": 39.42863158626992,
      "medium_material_energy": 0.30671332856629974,
      "global_force_balance": [
        -1.7763568394002505e-14,
        0.0
      ],
      "fixed_displacement_max": 0.0,
      "newton_checks": 11,
      "original_target_lambda": 0.88,
      "is_original_target": true,
      "bisection_depth": 0,
      "elapsed_seconds": 39.27016239997465
    },
    {
      "lambda": 0.89,
      "relative_residual": 4.154808940979809e-09,
      "residual_scale": 1.1327850634608492,
      "minimum_J": 5.950073588969722e-05,
      "solid_material_energy": 39.948219951163374,
      "medium_material_energy": 0.30873401265756634,
      "global_force_balance": [
        5.3734794391857577e-14,
        -8.881784197001252e-16
      ],
      "fixed_displacement_max": 0.0,
      "newton_checks": 11,
      "original_target_lambda": 0.89,
      "is_original_target": true,
      "bisection_depth": 0,
      "elapsed_seconds": 39.77198929991573
    },
    {
      "lambda": 0.9,
      "relative_residual": 4.386709758307277e-09,
      "residual_scale": 1.145512985522207,
      "minimum_J": 5.822117969681522e-05,
      "solid_material_energy": 40.46875470550735,
      "medium_material_energy": 0.31074325716591716,
      "global_force_balance": [
        -1.7630341631047486e-13,
        -1.7763568394002505e-15
      ],
      "fixed_displacement_max": 0.0,
      "newton_checks": 11,
      "original_target_lambda": 0.9,
      "is_original_target": true,
      "bisection_depth": 0,
      "elapsed_seconds": 40.25895759998821
    },
    {
      "lambda": 0.9099999999999999,
      "relative_residual": 3.5436160241619484e-09,
      "residual_scale": 1.1582409075835647,
      "minimum_J": 5.7003986231719524e-05,
      "solid_material_energy": 40.99019375053229,
      "medium_material_energy": 0.31274148540106983,
      "global_force_balance": [
        -2.6201263381153694e-14,
        8.881784197001252e-16
      ],
      "fixed_displacement_max": 0.0,
      "newton_checks": 11,
      "original_target_lambda": 0.9099999999999999,
      "is_original_target": true,
      "bisection_depth": 0,
      "elapsed_seconds": 40.73117049993016
    },
    {
      "lambda": 0.92,
      "relative_residual": 4.675729122996427e-09,
      "residual_scale": 1.1709688296449228,
      "minimum_J": 5.584592422327625e-05,
      "solid_material_energy": 41.51249563894168,
      "medium_material_energy": 0.31472899103239227,
      "global_force_balance": [
        8.79296635503124e-14,
        -1.7763568394002505e-15
      ],
      "fixed_displacement_max": 0.0,
      "newton_checks": 11,
      "original_target_lambda": 0.92,
      "is_original_target": true,
      "bisection_depth": 0,
      "elapsed_seconds": 41.242943799938075
    },
    {
      "lambda": 0.9299999999999999,
      "relative_residual": 9.806181874334328e-09,
      "residual_scale": 1.1836967517062804,
      "minimum_J": 5.474413969849772e-05,
      "solid_material_energy": 42.03561988662696,
      "medium_material_energy": 0.31670600232609264,
      "global_force_balance": [
        -8.881784197001252e-16,
        0.0
      ],
      "fixed_displacement_max": 0.0,
      "newton_checks": 11,
      "original_target_lambda": 0.9299999999999999,
      "is_original_target": true,
      "bisection_depth": 0,
      "elapsed_seconds": 41.756154599948786
    },
    {
      "lambda": 0.94,
      "relative_residual": 7.77296791093278e-09,
      "residual_scale": 1.1964246737676383,
      "minimum_J": 5.3696198439012085e-05,
      "solid_material_energy": 42.55952725527494,
      "medium_material_energy": 0.31867274099577325,
      "global_force_balance": [
        -2.7977620220553945e-14,
        2.6645352591003757e-15
      ],
      "fixed_displacement_max": 0.0,
      "newton_checks": 12,
      "original_target_lambda": 0.94,
      "is_original_target": true,
      "bisection_depth": 0,
      "elapsed_seconds": 42.35409139993135
    },
    {
      "lambda": 0.9500000000000001,
      "relative_residual": 7.634914909320967e-09,
      "residual_scale": 1.2091525958289964,
      "minimum_J": 5.270013269120725e-05,
      "solid_material_energy": 43.08417991288271,
      "medium_material_energy": 0.3206294571641659,
      "global_force_balance": [
        -2.042810365310288e-14,
        4.440892098500626e-16
      ],
      "fixed_displacement_max": 0.0,
      "newton_checks": 12,
      "original_target_lambda": 0.9500000000000001,
      "is_original_target": true,
      "bisection_depth": 0,
      "elapsed_seconds": 42.932227200013585
    },
    {
      "lambda": 0.96,
      "relative_residual": 4.113494464409648e-09,
      "residual_scale": 1.221880517890354,
      "minimum_J": 5.1754504515594144e-05,
      "solid_material_energy": 43.60954141540608,
      "medium_material_energy": 0.3225764279636587,
      "global_force_balance": [
        -1.389999226830696e-13,
        -8.881784197001252e-16
      ],
      "fixed_displacement_max": 0.0,
      "newton_checks": 14,
      "original_target_lambda": 0.96,
      "is_original_target": true,
      "bisection_depth": 0,
      "elapsed_seconds": 43.598497599945404
    },
    {
      "lambda": 0.97,
      "relative_residual": 8.209673993303171e-09,
      "residual_scale": 1.2346084399517119,
      "minimum_J": 5.085849685683978e-05,
      "solid_material_energy": 44.135576535575275,
      "medium_material_energy": 0.3245139228550762,
      "global_force_balance": [
        4.085620730620576e-14,
        4.440892098500626e-16
      ],
      "fixed_displacement_max": 0.0,
      "newton_checks": 13,
      "original_target_lambda": 0.97,
      "is_original_target": true,
      "bisection_depth": 0,
      "elapsed_seconds": 44.217185299959965
    },
    {
      "lambda": 0.98,
      "relative_residual": 7.929000014381118e-09,
      "residual_scale": 1.2473363620130697,
      "minimum_J": 5.00120777199209e-05,
      "solid_material_energy": 44.66225104455849,
      "medium_material_energy": 0.32644215490499007,
      "global_force_balance": [
        1.652011860642233e-13,
        -8.881784197001252e-16
      ],
      "fixed_displacement_max": 0.0,
      "newton_checks": 14,
      "original_target_lambda": 0.98,
      "is_original_target": true,
      "bisection_depth": 0,
      "elapsed_seconds": 44.90009389992338
    },
    {
      "lambda": 0.99,
      "relative_residual": 8.82760766838267e-09,
      "residual_scale": 1.2600642840744276,
      "minimum_J": 4.921634256574185e-05,
      "solid_material_energy": 45.18953161593852,
      "medium_material_energy": 0.32836125007790645,
      "global_force_balance": [
        1.1102230246251565e-14,
        -4.884981308350689e-15
      ],
      "fixed_displacement_max": 0.0,
      "newton_checks": 15,
      "original_target_lambda": 0.99,
      "is_original_target": true,
      "bisection_depth": 0,
      "elapsed_seconds": 45.612358700018376
    },
    {
      "lambda": 1.0,
      "relative_residual": 8.023621369788882e-09,
      "residual_scale": 1.2727922061357855,
      "minimum_J": 4.8474296904637984e-05,
      "solid_material_energy": 45.71738610785576,
      "medium_material_energy": 0.330271282269288,
      "global_force_balance": [
        2.708944180085382e-14,
        -5.329070518200751e-15
      ],
      "fixed_displacement_max": 0.0,
      "newton_checks": 14,
      "original_target_lambda": 1.0,
      "is_original_target": true,
      "bisection_depth": 0,
      "elapsed_seconds": 46.2619102000026
    }
  ],
  "target_metrics": {
    "lambda": 1.0,
    "relative_residual": 8.023621369788882e-09,
    "residual_scale": 1.2727922061357855,
    "minimum_J": 4.8474296904637984e-05,
    "solid_material_energy": 45.71738610785576,
    "medium_material_energy": 0.330271282269288,
    "global_force_balance": [
      2.708944180085382e-14,
      -5.329070518200751e-15
    ],
    "fixed_displacement_max": 0.0,
    "newton_checks": 14,
    "original_target_lambda": 1.0,
    "is_original_target": true,
    "bisection_depth": 0,
    "elapsed_seconds": 46.2619102000026
  },
  "environment": {
    "python": "3.13.6",
    "versions": {
      "numpy": "2.4.6",
      "scipy": "1.17.1",
      "jax": "0.11.0",
      "jaxlib": "0.11.0",
      "matplotlib": "3.10.9"
    },
    "backend": "cpu",
    "x64": true
  },
  "visualization": {
    "status": "success"
  }
}
