index,original_target_index,leg,d_mm,state_sha256,node_id,x_mm,y_mm,group,total_Fx_N,total_Fy_N,material_Fx_N,material_Fy_N,regularization_Fx_N,regularization_Fy_N
0,0,origin,0.0,5dc7eff9fc56587502ee3838b09ba4a21feeac7a6273497c942d563aecf9cb89,2635,62.0,31.0,physical_only,-0.0,-0.0,-0.0,-0.0,-0.0,-0.0
0,0,origin,0.0,5dc7eff9fc56587502ee3838b09ba4a21feeac7a6273497c942d563aecf9cb89,2636,63.0,31.0,physical_only,-0.0,-0.0,-0.0,-0.0,-0.0,-0.0
0,0,origin,0.0,5dc7eff9fc56587502ee3838b09ba4a21feeac7a6273497c942d563aecf9cb89,2637,64.0,31.0,physical_only,-0.0,-0.0,-0.0,-0.0,-0.0,-0.0
0,0,origin,0.0,5dc7eff9fc56587502ee3838b09ba4a21feeac7a6273497c942d563aecf9cb89,2638,65.0,31.0,physical_only,-0.0,-0.0,-0.0,-0.0,-0.0,-0.0
0,0,origin,0.0,5dc7eff9fc56587502ee3838b09ba4a21feeac7a6273497c942d563aecf9cb89,2639,66.0,31.0,physical_only,-0.0,-0.0,-0.0,-0.0,-0.0,-0.0
0,0,origin,0.0,5dc7eff9fc56587502ee3838b09ba4a21feeac7a6273497c942d563aecf9cb89,2640,67.0,31.0,physical_only,-0.0,-0.0,-0.0,-0.0,-0.0,-0.0
0,0,origin,0.0,5dc7eff9fc56587502ee3838b09ba4a21feeac7a6273497c942d563aecf9cb89,2641,68.0,31.0,physical_only,-0.0,-0.0,-0.0,-0.0,-0.0,-0.0
0,0,origin,0.0,5dc7eff9fc56587502ee3838b09ba4a21feeac7a6273497c942d563aecf9cb89,2642,69.0,31.0,physical_only,-0.0,-0.0,-0.0,-0.0,-0.0,-0.0
0,0,origin,0.0,5dc7eff9fc56587502ee3838b09ba4a21feeac7a6273497c942d563aecf9cb89,2643,70.0,31.0,physical_only,-0.0,-0.0,-0.0,-0.0,-0.0,-0.0
0,0,origin,0.0,5dc7eff9fc56587502ee3838b09ba4a21feeac7a6273497c942d563aecf9cb89,2644,71.0,31.0,physical_only,-0.0,-0.0,-0.0,-0.0,-0.0,-0.0
0,0,origin,0.0,5dc7eff9fc56587502ee3838b09ba4a21feeac7a6273497c942d563aecf9cb89,2645,72.0,31.0,physical_only,-0.0,-0.0,-0.0,-0.0,-0.0,-0.0
0,0,origin,0.0,5dc7eff9fc56587502ee3838b09ba4a21feeac7a6273497c942d563aecf9cb89,2646,73.0,31.0,physical_only,-0.0,-0.0,-0.0,-0.0,-0.0,-0.0
0,0,origin,0.0,5dc7eff9fc56587502ee3838b09ba4a21feeac7a6273497c942d563aecf9cb89,2647,74.0,31.0,physical_only,-0.0,-0.0,-0.0,-0.0,-0.0,-0.0
0,0,origin,0.0,5dc7eff9fc56587502ee3838b09ba4a21feeac7a6273497c942d563aecf9cb89,2648,75.0,31.0,physical_only,-0.0,-0.0,-0.0,-0.0,-0.0,-0.0
0,0,origin,0.0,5dc7eff9fc56587502ee3838b09ba4a21feeac7a6273497c942d563aecf9cb89,2649,76.0,31.0,physical_only,-0.0,-0.0,-0.0,-0.0,-0.0,-0.0
0,0,origin,0.0,5dc7eff9fc56587502ee3838b09ba4a21feeac7a6273497c942d563aecf9cb89,2650,77.0,31.0,physical_only,-0.0,-0.0,-0.0,-0.0,-0.0,-0.0
0,0,origin,0.0,5dc7eff9fc56587502ee3838b09ba4a21feeac7a6273497c942d563aecf9cb89,2651,78.0,31.0,physical_only,-0.0,-0.0,-0.0,-0.0,-0.0,-0.0
0,0,origin,0.0,5dc7eff9fc56587502ee3838b09ba4a21feeac7a6273497c942d563aecf9cb89,2652,79.0,31.0,physical_only,-0.0,-0.0,-0.0,-0.0,-0.0,-0.0
0,0,origin,0.0,5dc7eff9fc56587502ee3838b09ba4a21feeac7a6273497c942d563aecf9cb89,2653,80.0,31.0,physical_only,-0.0,-0.0,-0.0,-0.0,-0.0,-0.0
0,0,origin,0.0,5dc7eff9fc56587502ee3838b09ba4a21feeac7a6273497c942d563aecf9cb89,2718,62.0,32.0,physical_only,-0.0,-0.0,-0.0,-0.0,-0.0,-0.0
0,0,origin,0.0,5dc7eff9fc56587502ee3838b09ba4a21feeac7a6273497c942d563aecf9cb89,2719,63.0,32.0,interior,-0.0,-0.0,-0.0,-0.0,-0.0,-0.0
0,0,origin,0.0,5dc7eff9fc56587502ee3838b09ba4a21feeac7a6273497c942d563aecf9cb89,2720,64.0,32.0,interior,-0.0,-0.0,-0.0,-0.0,-0.0,-0.0
0,0,origin,0.0,5dc7eff9fc56587502ee3838b09ba4a21feeac7a6273497c942d563aecf9cb89,2721,65.0,32.0,interior,-0.0,-0.0,-0.0,-0.0,-0.0,-0.0
0,0,origin,0.0,5dc7eff9fc56587502ee3838b09ba4a21feeac7a6273497c942d563aecf9cb89,2722,66.0,32.0,interior,-0.0,-0.0,-0.0,-0.0,-0.0,-0.0
0,0,origin,0.0,5dc7eff9fc56587502ee3838b09ba4a21feeac7a6273497c942d563aecf9cb89,2723,67.0,32.0,interior,-0.0,-0.0,-0.0,-0.0,-0.0,-0.0
0,0,origin,0.0,5dc7eff9fc56587502ee3838b09ba4a21feeac7a6273497c942d563aecf9cb89,2724,68.0,32.0,interior,-0.0,-0.0,-0.0,-0.0,-0.0,-0.0
0,0,origin,0.0,5dc7eff9fc56587502ee3838b09ba4a21feeac7a6273497c942d563aecf9cb89,2725,69.0,32.0,interior,-0.0,-0.0,-0.0,-0.0,-0.0,-0.0
0,0,origin,0.0,5dc7eff9fc56587502ee3838b09ba4a21feeac7a6273497c942d563aecf9cb89,2726,70.0,32.0,interior,-0.0,-0.0,-0.0,-0.0,-0.0,-0.0
0,0,origin,0.0,5dc7eff9fc56587502ee3838b09ba4a21feeac7a6273497c942d563aecf9cb89,2727,71.0,32.0,interior,-0.0,-0.0,-0.0,-0.0,-0.0,-0.0
0,0,origin,0.0,5dc7eff9fc56587502ee3838b09ba4a21feeac7a6273497c942d563aecf9cb89,2728,72.0,32.0,interior,-0.0,-0.0,-0.0,-0.0,-0.0,-0.0
0,0,origin,0.0,5dc7eff9fc56587502ee3838b09ba4a21feeac7a6273497c942d563aecf9cb89,2729,73.0,32.0,interior,-0.0,-0.0,-0.0,-0.0,-0.0,-0.0
0,0,origin,0.0,5dc7eff9fc56587502ee3838b09ba4a21feeac7a6273497c942d563aecf9cb89,2730,74.0,32.0,interior,-0.0,-0.0,-0.0,-0.0,-0.0,-0.0
0,0,origin,0.0,5dc7eff9fc56587502ee3838b09ba4a21feeac7a6273497c942d563aecf9cb89,2731,75.0,32.0,interior,-0.0,-0.0,-0.0,-0.0,-0.0,-0.0
0,0,origin,0.0,5dc7eff9fc56587502ee3838b09ba4a21feeac7a6273497c942d563aecf9cb89,2732,76.0,32.0,interior,-0.0,-0.0,-0.0,-0.0,-0.0,-0.0
0,0,origin,0.0,5dc7eff9fc56587502ee3838b09ba4a21feeac7a6273497c942d563aecf9cb89,2733,77.0,32.0,interior,-0.0,-0.0,-0.0,-0.0,-0.0,-0.0
0,0,origin,0.0,5dc7eff9fc56587502ee3838b09ba4a21feeac7a6273497c942d563aecf9cb89,2734,78.0,32.0,interior,-0.0,-0.0,-0.0,-0.0,-0.0,-0.0
0,0,origin,0.0,5dc7eff9fc56587502ee3838b09ba4a21feeac7a6273497c942d563aecf9cb89,2735,79.0,32.0,interior,-0.0,-0.0,-0.0,-0.0,-0.0,-0.0
0,0,origin,0.0,5dc7eff9fc56587502ee3838b09ba4a21feeac7a6273497c942d563aecf9cb89,2736,80.0,32.0,physical_only,-0.0,-0.0,-0.0,-0.0,-0.0,-0.0
0,0,origin,0.0,5dc7eff9fc56587502ee3838b09ba4a21feeac7a6273497c942d563aecf9cb89,2801,62.0,33.0,physical_only,-0.0,-0.0,-0.0,-0.0,-0.0,-0.0
0,0,origin,0.0,5dc7eff9fc56587502ee3838b09ba4a21feeac7a6273497c942d563aecf9cb89,2802,63.0,33.0,interior,-0.0,-0.0,-0.0,-0.0,-0.0,-0.0
0,0,origin,0.0,5dc7eff9fc56587502ee3838b09ba4a21feeac7a6273497c942d563aecf9cb89,2803,64.0,33.0,interior,-0.0,-0.0,-0.0,-0.0,-0.0,-0.0
0,0,origin,0.0,5dc7eff9fc56587502ee3838b09ba4a21feeac7a6273497c942d563aecf9cb89,2804,65.0,33.0,interior,-0.0,-0.0,-0.0,-0.0,-0.0,-0.0
0,0,origin,0.0,5dc7eff9fc56587502ee3838b09ba4a21feeac7a6273497c942d563aecf9cb89,2805,66.0,33.0,interior,-0.0,-0.0,-0.0,-0.0,-0.0,-0.0
0,0,origin,0.0,5dc7eff9fc56587502ee3838b09ba4a21feeac7a6273497c942d563aecf9cb89,2806,67.0,33.0,interior,-0.0,-0.0,-0.0,-0.0,-0.0,-0.0
0,0,origin,0.0,5dc7eff9fc56587502ee3838b09ba4a21feeac7a6273497c942d563aecf9cb89,2807,68.0,33.0,interior,-0.0,-0.0,-0.0,-0.0,-0.0,-0.0
0,0,origin,0.0,5dc7eff9fc56587502ee3838b09ba4a21feeac7a6273497c942d563aecf9cb89,2808,69.0,33.0,interior,-0.0,-0.0,-0.0,-0.0,-0.0,-0.0
0,0,origin,0.0,5dc7eff9fc56587502ee3838b09ba4a21feeac7a6273497c942d563aecf9cb89,2809,70.0,33.0,interior,-0.0,-0.0,-0.0,-0.0,-0.0,-0.0
0,0,origin,0.0,5dc7eff9fc56587502ee3838b09ba4a21feeac7a6273497c942d563aecf9cb89,2810,71.0,33.0,interior,-0.0,-0.0,-0.0,-0.0,-0.0,-0.0
0,0,origin,0.0,5dc7eff9fc56587502ee3838b09ba4a21feeac7a6273497c942d563aecf9cb89,2811,72.0,33.0,interior,-0.0,-0.0,-0.0,-0.0,-0.0,-0.0
0,0,origin,0.0,5dc7eff9fc56587502ee3838b09ba4a21feeac7a6273497c942d563aecf9cb89,2812,73.0,33.0,interior,-0.0,-0.0,-0.0,-0.0,-0.0,-0.0
0,0,origin,0.0,5dc7eff9fc56587502ee3838b09ba4a21feeac7a6273497c942d563aecf9cb89,2813,74.0,33.0,interior,-0.0,-0.0,-0.0,-0.0,-0.0,-0.0
0,0,origin,0.0,5dc7eff9fc56587502ee3838b09ba4a21feeac7a6273497c942d563aecf9cb89,2814,75.0,33.0,interior,-0.0,-0.0,-0.0,-0.0,-0.0,-0.0
0,0,origin,0.0,5dc7eff9fc56587502ee3838b09ba4a21feeac7a6273497c942d563aecf9cb89,2815,76.0,33.0,interior,-0.0,-0.0,-0.0,-0.0,-0.0,-0.0
0,0,origin,0.0,5dc7eff9fc56587502ee3838b09ba4a21feeac7a6273497c942d563aecf9cb89,2816,77.0,33.0,interior,-0.0,-0.0,-0.0,-0.0,-0.0,-0.0
0,0,origin,0.0,5dc7eff9fc56587502ee3838b09ba4a21feeac7a6273497c942d563aecf9cb89,2817,78.0,33.0,interior,-0.0,-0.0,-0.0,-0.0,-0.0,-0.0
0,0,origin,0.0,5dc7eff9fc56587502ee3838b09ba4a21feeac7a6273497c942d563aecf9cb89,2818,79.0,33.0,interior,-0.0,-0.0,-0.0,-0.0,-0.0,-0.0
0,0,origin,0.0,5dc7eff9fc56587502ee3838b09ba4a21feeac7a6273497c942d563aecf9cb89,2819,80.0,33.0,physical_only,-0.0,-0.0,-0.0,-0.0,-0.0,-0.0
0,0,origin,0.0,5dc7eff9fc56587502ee3838b09ba4a21feeac7a6273497c942d563aecf9cb89,2884,62.0,34.0,physical_only,-0.0,-0.0,-0.0,-0.0,-0.0,-0.0
0,0,origin,0.0,5dc7eff9fc56587502ee3838b09ba4a21feeac7a6273497c942d563aecf9cb89,2885,63.0,34.0,interior,-0.0,-0.0,-0.0,-0.0,-0.0,-0.0
0,0,origin,0.0,5dc7eff9fc56587502ee3838b09ba4a21feeac7a6273497c942d563aecf9cb89,2886,64.0,34.0,interior,-0.0,-0.0,-0.0,-0.0,-0.0,-0.0
0,0,origin,0.0,5dc7eff9fc56587502ee3838b09ba4a21feeac7a6273497c942d563aecf9cb89,2887,65.0,34.0,interior,-0.0,-0.0,-0.0,-0.0,-0.0,-0.0
0,0,origin,0.0,5dc7eff9fc56587502ee3838b09ba4a21feeac7a6273497c942d563aecf9cb89,2888,66.0,34.0,interior,-0.0,-0.0,-0.0,-0.0,-0.0,-0.0
0,0,origin,0.0,5dc7eff9fc56587502ee3838b09ba4a21feeac7a6273497c942d563aecf9cb89,2889,67.0,34.0,interior,-0.0,-0.0,-0.0,-0.0,-0.0,-0.0
0,0,origin,0.0,5dc7eff9fc56587502ee3838b09ba4a21feeac7a6273497c942d563aecf9cb89,2890,68.0,34.0,interior,-0.0,-0.0,-0.0,-0.0,-0.0,-0.0
0,0,origin,0.0,5dc7eff9fc56587502ee3838b09ba4a21feeac7a6273497c942d563aecf9cb89,2891,69.0,34.0,interior,-0.0,-0.0,-0.0,-0.0,-0.0,-0.0
0,0,origin,0.0,5dc7eff9fc56587502ee3838b09ba4a21feeac7a6273497c942d563aecf9cb89,2892,70.0,34.0,interior,-0.0,-0.0,-0.0,-0.0,-0.0,-0.0
0,0,origin,0.0,5dc7eff9fc56587502ee3838b09ba4a21feeac7a6273497c942d563aecf9cb89,2893,71.0,34.0,interior,-0.0,-0.0,-0.0,-0.0,-0.0,-0.0
0,0,origin,0.0,5dc7eff9fc56587502ee3838b09ba4a21feeac7a6273497c942d563aecf9cb89,2894,72.0,34.0,interior,-0.0,-0.0,-0.0,-0.0,-0.0,-0.0
0,0,origin,0.0,5dc7eff9fc56587502ee3838b09ba4a21feeac7a6273497c942d563aecf9cb89,2895,73.0,34.0,interior,-0.0,-0.0,-0.0,-0.0,-0.0,-0.0
0,0,origin,0.0,5dc7eff9fc56587502ee3838b09ba4a21feeac7a6273497c942d563aecf9cb89,2896,74.0,34.0,interior,-0.0,-0.0,-0.0,-0.0,-0.0,-0.0
0,0,origin,0.0,5dc7eff9fc56587502ee3838b09ba4a21feeac7a6273497c942d563aecf9cb89,2897,75.0,34.0,interior,-0.0,-0.0,-0.0,-0.0,-0.0,-0.0
0,0,origin,0.0,5dc7eff9fc56587502ee3838b09ba4a21feeac7a6273497c942d563aecf9cb89,2898,76.0,34.0,interior,-0.0,-0.0,-0.0,-0.0,-0.0,-0.0
0,0,origin,0.0,5dc7eff9fc56587502ee3838b09ba4a21feeac7a6273497c942d563aecf9cb89,2899,77.0,34.0,interior,-0.0,-0.0,-0.0,-0.0,-0.0,-0.0
0,0,origin,0.0,5dc7eff9fc56587502ee3838b09ba4a21feeac7a6273497c942d563aecf9cb89,2900,78.0,34.0,interior,-0.0,-0.0,-0.0,-0.0,-0.0,-0.0
0,0,origin,0.0,5dc7eff9fc56587502ee3838b09ba4a21feeac7a6273497c942d563aecf9cb89,2901,79.0,34.0,interior,-0.0,-0.0,-0.0,-0.0,-0.0,-0.0
0,0,origin,0.0,5dc7eff9fc56587502ee3838b09ba4a21feeac7a6273497c942d563aecf9cb89,2902,80.0,34.0,physical_only,-0.0,-0.0,-0.0,-0.0,-0.0,-0.0
0,0,origin,0.0,5dc7eff9fc56587502ee3838b09ba4a21feeac7a6273497c942d563aecf9cb89,2967,62.0,35.0,physical_only,-0.0,-0.0,-0.0,-0.0,-0.0,-0.0
0,0,origin,0.0,5dc7eff9fc56587502ee3838b09ba4a21feeac7a6273497c942d563aecf9cb89,2968,63.0,35.0,interior,-0.0,-0.0,-0.0,-0.0,-0.0,-0.0
0,0,origin,0.0,5dc7eff9fc56587502ee3838b09ba4a21feeac7a6273497c942d563aecf9cb89,2969,64.0,35.0,interior,-0.0,-0.0,-0.0,-0.0,-0.0,-0.0
0,0,origin,0.0,5dc7eff9fc56587502ee3838b09ba4a21feeac7a6273497c942d563aecf9cb89,2970,65.0,35.0,interior,-0.0,-0.0,-0.0,-0.0,-0.0,-0.0
0,0,origin,0.0,5dc7eff9fc56587502ee3838b09ba4a21feeac7a6273497c942d563aecf9cb89,2971,66.0,35.0,interior,-0.0,-0.0,-0.0,-0.0,-0.0,-0.0
0,0,origin,0.0,5dc7eff9fc56587502ee3838b09ba4a21feeac7a6273497c942d563aecf9cb89,2972,67.0,35.0,interior,-0.0,-0.0,-0.0,-0.0,-0.0,-0.0
0,0,origin,0.0,5dc7eff9fc56587502ee3838b09ba4a21feeac7a6273497c942d563aecf9cb89,2973,68.0,35.0,interior,-0.0,-0.0,-0.0,-0.0,-0.0,-0.0
0,0,origin,0.0,5dc7eff9fc56587502ee3838b09ba4a21feeac7a6273497c942d563aecf9cb89,2974,69.0,35.0,interior,-0.0,-0.0,-0.0,-0.0,-0.0,-0.0
0,0,origin,0.0,5dc7eff9fc56587502ee3838b09ba4a21feeac7a6273497c942d563aecf9cb89,2975,70.0,35.0,interior,-0.0,-0.0,-0.0,-0.0,-0.0,-0.0
0,0,origin,0.0,5dc7eff9fc56587502ee3838b09ba4a21feeac7a6273497c942d563aecf9cb89,2976,71.0,35.0,interior,-0.0,-0.0,-0.0,-0.0,-0.0,-0.0
0,0,origin,0.0,5dc7eff9fc56587502ee3838b09ba4a21feeac7a6273497c942d563aecf9cb89,2977,72.0,35.0,interior,-0.0,-0.0,-0.0,-0.0,-0.0,-0.0
0,0,origin,0.0,5dc7eff9fc56587502ee3838b09ba4a21feeac7a6273497c942d563aecf9cb89,2978,73.0,35.0,interior,-0.0,-0.0,-0.0,-0.0,-0.0,-0.0
0,0,origin,0.0,5dc7eff9fc56587502ee3838b09ba4a21feeac7a6273497c942d563aecf9cb89,2979,74.0,35.0,interior,-0.0,-0.0,-0.0,-0.0,-0.0,-0.0
0,0,origin,0.0,5dc7eff9fc56587502ee3838b09ba4a21feeac7a6273497c942d563aecf9cb89,2980,75.0,35.0,interior,-0.0,-0.0,-0.0,-0.0,-0.0,-0.0
0,0,origin,0.0,5dc7eff9fc56587502ee3838b09ba4a21feeac7a6273497c942d563aecf9cb89,2981,76.0,35.0,interior,-0.0,-0.0,-0.0,-0.0,-0.0,-0.0
0,0,origin,0.0,5dc7eff9fc56587502ee3838b09ba4a21feeac7a6273497c942d563aecf9cb89,2982,77.0,35.0,interior,-0.0,-0.0,-0.0,-0.0,-0.0,-0.0
0,0,origin,0.0,5dc7eff9fc56587502ee3838b09ba4a21feeac7a6273497c942d563aecf9cb89,2983,78.0,35.0,interior,-0.0,-0.0,-0.0,-0.0,-0.0,-0.0
0,0,origin,0.0,5dc7eff9fc56587502ee3838b09ba4a21feeac7a6273497c942d563aecf9cb89,2984,79.0,35.0,interior,-0.0,-0.0,-0.0,-0.0,-0.0,-0.0
0,0,origin,0.0,5dc7eff9fc56587502ee3838b09ba4a21feeac7a6273497c942d563aecf9cb89,2985,80.0,35.0,physical_only,-0.0,-0.0,-0.0,-0.0,-0.0,-0.0
0,0,origin,0.0,5dc7eff9fc56587502ee3838b09ba4a21feeac7a6273497c942d563aecf9cb89,3050,62.0,36.0,physical_only,-0.0,-0.0,-0.0,-0.0,-0.0,-0.0
0,0,origin,0.0,5dc7eff9fc56587502ee3838b09ba4a21feeac7a6273497c942d563aecf9cb89,3051,63.0,36.0,interior,-0.0,-0.0,-0.0,-0.0,-0.0,-0.0
0,0,origin,0.0,5dc7eff9fc56587502ee3838b09ba4a21feeac7a6273497c942d563aecf9cb89,3052,64.0,36.0,interior,-0.0,-0.0,-0.0,-0.0,-0.0,-0.0
0,0,origin,0.0,5dc7eff9fc56587502ee3838b09ba4a21feeac7a6273497c942d563aecf9cb89,3053,65.0,36.0,interior,-0.0,-0.0,-0.0,-0.0,-0.0,-0.0
0,0,origin,0.0,5dc7eff9fc56587502ee3838b09ba4a21feeac7a6273497c942d563aecf9cb89,3054,66.0,36.0,interior,-0.0,-0.0,-0.0,-0.0,-0.0,-0.0
0,0,origin,0.0,5dc7eff9fc56587502ee3838b09ba4a21feeac7a6273497c942d563aecf9cb89,3055,67.0,36.0,interior,-0.0,-0.0,-0.0,-0.0,-0.0,-0.0
0,0,origin,0.0,5dc7eff9fc56587502ee3838b09ba4a21feeac7a6273497c942d563aecf9cb89,3056,68.0,36.0,interior,-0.0,-0.0,-0.0,-0.0,-0.0,-0.0
0,0,origin,0.0,5dc7eff9fc56587502ee3838b09ba4a21feeac7a6273497c942d563aecf9cb89,3057,69.0,36.0,interior,-0.0,-0.0,-0.0,-0.0,-0.0,-0.0
0,0,origin,0.0,5dc7eff9fc56587502ee3838b09ba4a21feeac7a6273497c942d563aecf9cb89,3058,70.0,36.0,interior,-0.0,-0.0,-0.0,-0.0,-0.0,-0.0
0,0,origin,0.0,5dc7eff9fc56587502ee3838b09ba4a21feeac7a6273497c942d563aecf9cb89,3059,71.0,36.0,interior,-0.0,-0.0,-0.0,-0.0,-0.0,-0.0
0,0,origin,0.0,5dc7eff9fc56587502ee3838b09ba4a21feeac7a6273497c942d563aecf9cb89,3060,72.0,36.0,interior,-0.0,-0.0,-0.0,-0.0,-0.0,-0.0
0,0,origin,0.0,5dc7eff9fc56587502ee3838b09ba4a21feeac7a6273497c942d563aecf9cb89,3061,73.0,36.0,interior,-0.0,-0.0,-0.0,-0.0,-0.0,-0.0
0,0,origin,0.0,5dc7eff9fc56587502ee3838b09ba4a21feeac7a6273497c942d563aecf9cb89,3062,74.0,36.0,interior,-0.0,-0.0,-0.0,-0.0,-0.0,-0.0
0,0,origin,0.0,5dc7eff9fc56587502ee3838b09ba4a21feeac7a6273497c942d563aecf9cb89,3063,75.0,36.0,interior,-0.0,-0.0,-0.0,-0.0,-0.0,-0.0
0,0,origin,0.0,5dc7eff9fc56587502ee3838b09ba4a21feeac7a6273497c942d563aecf9cb89,3064,76.0,36.0,interior,-0.0,-0.0,-0.0,-0.0,-0.0,-0.0
0,0,origin,0.0,5dc7eff9fc56587502ee3838b09ba4a21feeac7a6273497c942d563aecf9cb89,3065,77.0,36.0,interior,-0.0,-0.0,-0.0,-0.0,-0.0,-0.0
0,0,origin,0.0,5dc7eff9fc56587502ee3838b09ba4a21feeac7a6273497c942d563aecf9cb89,3066,78.0,36.0,interior,-0.0,-0.0,-0.0,-0.0,-0.0,-0.0
0,0,origin,0.0,5dc7eff9fc56587502ee3838b09ba4a21feeac7a6273497c942d563aecf9cb89,3067,79.0,36.0,interior,-0.0,-0.0,-0.0,-0.0,-0.0,-0.0
0,0,origin,0.0,5dc7eff9fc56587502ee3838b09ba4a21feeac7a6273497c942d563aecf9cb89,3068,80.0,36.0,physical_only,-0.0,-0.0,-0.0,-0.0,-0.0,-0.0
0,0,origin,0.0,5dc7eff9fc56587502ee3838b09ba4a21feeac7a6273497c942d563aecf9cb89,3133,62.0,37.0,physical_only,-0.0,-0.0,-0.0,-0.0,-0.0,-0.0
0,0,origin,0.0,5dc7eff9fc56587502ee3838b09ba4a21feeac7a6273497c942d563aecf9cb89,3134,63.0,37.0,interior,-0.0,-0.0,-0.0,-0.0,-0.0,-0.0
0,0,origin,0.0,5dc7eff9fc56587502ee3838b09ba4a21feeac7a6273497c942d563aecf9cb89,3135,64.0,37.0,interior,-0.0,-0.0,-0.0,-0.0,-0.0,-0.0
0,0,origin,0.0,5dc7eff9fc56587502ee3838b09ba4a21feeac7a6273497c942d563aecf9cb89,3136,65.0,37.0,interior,-0.0,-0.0,-0.0,-0.0,-0.0,-0.0
0,0,origin,0.0,5dc7eff9fc56587502ee3838b09ba4a21feeac7a6273497c942d563aecf9cb89,3137,66.0,37.0,interior,-0.0,-0.0,-0.0,-0.0,-0.0,-0.0
0,0,origin,0.0,5dc7eff9fc56587502ee3838b09ba4a21feeac7a6273497c942d563aecf9cb89,3138,67.0,37.0,interior,-0.0,-0.0,-0.0,-0.0,-0.0,-0.0
0,0,origin,0.0,5dc7eff9fc56587502ee3838b09ba4a21feeac7a6273497c942d563aecf9cb89,3139,68.0,37.0,interior,-0.0,-0.0,-0.0,-0.0,-0.0,-0.0
0,0,origin,0.0,5dc7eff9fc56587502ee3838b09ba4a21feeac7a6273497c942d563aecf9cb89,3140,69.0,37.0,interior,-0.0,-0.0,-0.0,-0.0,-0.0,-0.0
0,0,origin,0.0,5dc7eff9fc56587502ee3838b09ba4a21feeac7a6273497c942d563aecf9cb89,3141,70.0,37.0,interior,-0.0,-0.0,-0.0,-0.0,-0.0,-0.0
0,0,origin,0.0,5dc7eff9fc56587502ee3838b09ba4a21feeac7a6273497c942d563aecf9cb89,3142,71.0,37.0,interior,-0.0,-0.0,-0.0,-0.0,-0.0,-0.0
0,0,origin,0.0,5dc7eff9fc56587502ee3838b09ba4a21feeac7a6273497c942d563aecf9cb89,3143,72.0,37.0,interior,-0.0,-0.0,-0.0,-0.0,-0.0,-0.0
0,0,origin,0.0,5dc7eff9fc56587502ee3838b09ba4a21feeac7a6273497c942d563aecf9cb89,3144,73.0,37.0,interior,-0.0,-0.0,-0.0,-0.0,-0.0,-0.0
0,0,origin,0.0,5dc7eff9fc56587502ee3838b09ba4a21feeac7a6273497c942d563aecf9cb89,3145,74.0,37.0,interior,-0.0,-0.0,-0.0,-0.0,-0.0,-0.0
0,0,origin,0.0,5dc7eff9fc56587502ee3838b09ba4a21feeac7a6273497c942d563aecf9cb89,3146,75.0,37.0,interior,-0.0,-0.0,-0.0,-0.0,-0.0,-0.0
0,0,origin,0.0,5dc7eff9fc56587502ee3838b09ba4a21feeac7a6273497c942d563aecf9cb89,3147,76.0,37.0,interior,-0.0,-0.0,-0.0,-0.0,-0.0,-0.0
0,0,origin,0.0,5dc7eff9fc56587502ee3838b09ba4a21feeac7a6273497c942d563aecf9cb89,3148,77.0,37.0,interior,-0.0,-0.0,-0.0,-0.0,-0.0,-0.0
0,0,origin,0.0,5dc7eff9fc56587502ee3838b09ba4a21feeac7a6273497c942d563aecf9cb89,3149,78.0,37.0,interior,-0.0,-0.0,-0.0,-0.0,-0.0,-0.0
0,0,origin,0.0,5dc7eff9fc56587502ee3838b09ba4a21feeac7a6273497c942d563aecf9cb89,3150,79.0,37.0,interior,-0.0,-0.0,-0.0,-0.0,-0.0,-0.0
0,0,origin,0.0,5dc7eff9fc56587502ee3838b09ba4a21feeac7a6273497c942d563aecf9cb89,3151,80.0,37.0,physical_only,-0.0,-0.0,-0.0,-0.0,-0.0,-0.0
0,0,origin,0.0,5dc7eff9fc56587502ee3838b09ba4a21feeac7a6273497c942d563aecf9cb89,3216,62.0,38.0,physical_only,-0.0,-0.0,-0.0,-0.0,-0.0,-0.0
0,0,origin,0.0,5dc7eff9fc56587502ee3838b09ba4a21feeac7a6273497c942d563aecf9cb89,3217,63.0,38.0,interior,-0.0,-0.0,-0.0,-0.0,-0.0,-0.0
0,0,origin,0.0,5dc7eff9fc56587502ee3838b09ba4a21feeac7a6273497c942d563aecf9cb89,3218,64.0,38.0,interior,-0.0,-0.0,-0.0,-0.0,-0.0,-0.0
0,0,origin,0.0,5dc7eff9fc56587502ee3838b09ba4a21feeac7a6273497c942d563aecf9cb89,3219,65.0,38.0,interior,-0.0,-0.0,-0.0,-0.0,-0.0,-0.0
0,0,origin,0.0,5dc7eff9fc56587502ee3838b09ba4a21feeac7a6273497c942d563aecf9cb89,3220,66.0,38.0,interior,-0.0,-0.0,-0.0,-0.0,-0.0,-0.0
0,0,origin,0.0,5dc7eff9fc56587502ee3838b09ba4a21feeac7a6273497c942d563aecf9cb89,3221,67.0,38.0,interior,-0.0,-0.0,-0.0,-0.0,-0.0,-0.0
0,0,origin,0.0,5dc7eff9fc56587502ee3838b09ba4a21feeac7a6273497c942d563aecf9cb89,3222,68.0,38.0,interior,-0.0,-0.0,-0.0,-0.0,-0.0,-0.0
0,0,origin,0.0,5dc7eff9fc56587502ee3838b09ba4a21feeac7a6273497c942d563aecf9cb89,3223,69.0,38.0,interior,-0.0,-0.0,-0.0,-0.0,-0.0,-0.0
0,0,origin,0.0,5dc7eff9fc56587502ee3838b09ba4a21feeac7a6273497c942d563aecf9cb89,3224,70.0,38.0,interior,-0.0,-0.0,-0.0,-0.0,-0.0,-0.0
0,0,origin,0.0,5dc7eff9fc56587502ee3838b09ba4a21feeac7a6273497c942d563aecf9cb89,3225,71.0,38.0,interior,-0.0,-0.0,-0.0,-0.0,-0.0,-0.0
0,0,origin,0.0,5dc7eff9fc56587502ee3838b09ba4a21feeac7a6273497c942d563aecf9cb89,3226,72.0,38.0,interior,-0.0,-0.0,-0.0,-0.0,-0.0,-0.0
0,0,origin,0.0,5dc7eff9fc56587502ee3838b09ba4a21feeac7a6273497c942d563aecf9cb89,3227,73.0,38.0,interior,-0.0,-0.0,-0.0,-0.0,-0.0,-0.0
0,0,origin,0.0,5dc7eff9fc56587502ee3838b09ba4a21feeac7a6273497c942d563aecf9cb89,3228,74.0,38.0,interior,-0.0,-0.0,-0.0,-0.0,-0.0,-0.0
0,0,origin,0.0,5dc7eff9fc56587502ee3838b09ba4a21feeac7a6273497c942d563aecf9cb89,3229,75.0,38.0,interior,-0.0,-0.0,-0.0,-0.0,-0.0,-0.0
0,0,origin,0.0,5dc7eff9fc56587502ee3838b09ba4a21feeac7a6273497c942d563aecf9cb89,3230,76.0,38.0,interior,-0.0,-0.0,-0.0,-0.0,-0.0,-0.0
0,0,origin,0.0,5dc7eff9fc56587502ee3838b09ba4a21feeac7a6273497c942d563aecf9cb89,3231,77.0,38.0,interior,-0.0,-0.0,-0.0,-0.0,-0.0,-0.0
0,0,origin,0.0,5dc7eff9fc56587502ee3838b09ba4a21feeac7a6273497c942d563aecf9cb89,3232,78.0,38.0,interior,-0.0,-0.0,-0.0,-0.0,-0.0,-0.0
0,0,origin,0.0,5dc7eff9fc56587502ee3838b09ba4a21feeac7a6273497c942d563aecf9cb89,3233,79.0,38.0,interior,-0.0,-0.0,-0.0,-0.0,-0.0,-0.0
0,0,origin,0.0,5dc7eff9fc56587502ee3838b09ba4a21feeac7a6273497c942d563aecf9cb89,3234,80.0,38.0,physical_only,-0.0,-0.0,-0.0,-0.0,-0.0,-0.0
0,0,origin,0.0,5dc7eff9fc56587502ee3838b09ba4a21feeac7a6273497c942d563aecf9cb89,3299,62.0,39.0,physical_only,-0.0,-0.0,-0.0,-0.0,-0.0,-0.0
0,0,origin,0.0,5dc7eff9fc56587502ee3838b09ba4a21feeac7a6273497c942d563aecf9cb89,3300,63.0,39.0,interior,-0.0,-0.0,-0.0,-0.0,-0.0,-0.0
0,0,origin,0.0,5dc7eff9fc56587502ee3838b09ba4a21feeac7a6273497c942d563aecf9cb89,3301,64.0,39.0,interior,-0.0,-0.0,-0.0,-0.0,-0.0,-0.0
0,0,origin,0.0,5dc7eff9fc56587502ee3838b09ba4a21feeac7a6273497c942d563aecf9cb89,3302,65.0,39.0,interior,-0.0,-0.0,-0.0,-0.0,-0.0,-0.0
0,0,origin,0.0,5dc7eff9fc56587502ee3838b09ba4a21feeac7a6273497c942d563aecf9cb89,3303,66.0,39.0,interior,-0.0,-0.0,-0.0,-0.0,-0.0,-0.0
0,0,origin,0.0,5dc7eff9fc56587502ee3838b09ba4a21feeac7a6273497c942d563aecf9cb89,3304,67.0,39.0,interior,-0.0,-0.0,-0.0,-0.0,-0.0,-0.0
0,0,origin,0.0,5dc7eff9fc56587502ee3838b09ba4a21feeac7a6273497c942d563aecf9cb89,3305,68.0,39.0,interior,-0.0,-0.0,-0.0,-0.0,-0.0,-0.0
0,0,origin,0.0,5dc7eff9fc56587502ee3838b09ba4a21feeac7a6273497c942d563aecf9cb89,3306,69.0,39.0,interior,-0.0,-0.0,-0.0,-0.0,-0.0,-0.0
0,0,origin,0.0,5dc7eff9fc56587502ee3838b09ba4a21feeac7a6273497c942d563aecf9cb89,3307,70.0,39.0,interior,-0.0,-0.0,-0.0,-0.0,-0.0,-0.0
0,0,origin,0.0,5dc7eff9fc56587502ee3838b09ba4a21feeac7a6273497c942d563aecf9cb89,3308,71.0,39.0,interior,-0.0,-0.0,-0.0,-0.0,-0.0,-0.0
0,0,origin,0.0,5dc7eff9fc56587502ee3838b09ba4a21feeac7a6273497c942d563aecf9cb89,3309,72.0,39.0,interior,-0.0,-0.0,-0.0,-0.0,-0.0,-0.0
0,0,origin,0.0,5dc7eff9fc56587502ee3838b09ba4a21feeac7a6273497c942d563aecf9cb89,3310,73.0,39.0,interior,-0.0,-0.0,-0.0,-0.0,-0.0,-0.0
0,0,origin,0.0,5dc7eff9fc56587502ee3838b09ba4a21feeac7a6273497c942d563aecf9cb89,3311,74.0,39.0,interior,-0.0,-0.0,-0.0,-0.0,-0.0,-0.0
0,0,origin,0.0,5dc7eff9fc56587502ee3838b09ba4a21feeac7a6273497c942d563aecf9cb89,3312,75.0,39.0,interior,-0.0,-0.0,-0.0,-0.0,-0.0,-0.0
0,0,origin,0.0,5dc7eff9fc56587502ee3838b09ba4a21feeac7a6273497c942d563aecf9cb89,3313,76.0,39.0,interior,-0.0,-0.0,-0.0,-0.0,-0.0,-0.0
0,0,origin,0.0,5dc7eff9fc56587502ee3838b09ba4a21feeac7a6273497c942d563aecf9cb89,3314,77.0,39.0,interior,-0.0,-0.0,-0.0,-0.0,-0.0,-0.0
0,0,origin,0.0,5dc7eff9fc56587502ee3838b09ba4a21feeac7a6273497c942d563aecf9cb89,3315,78.0,39.0,interior,-0.0,-0.0,-0.0,-0.0,-0.0,-0.0
0,0,origin,0.0,5dc7eff9fc56587502ee3838b09ba4a21feeac7a6273497c942d563aecf9cb89,3316,79.0,39.0,interior,-0.0,-0.0,-0.0,-0.0,-0.0,-0.0
0,0,origin,0.0,5dc7eff9fc56587502ee3838b09ba4a21feeac7a6273497c942d563aecf9cb89,3317,80.0,39.0,physical_only,-0.0,-0.0,-0.0,-0.0,-0.0,-0.0
0,0,origin,0.0,5dc7eff9fc56587502ee3838b09ba4a21feeac7a6273497c942d563aecf9cb89,3382,62.0,40.0,physical_and_cut,-0.0,-0.0,-0.0,-0.0,-0.0,-0.0
0,0,origin,0.0,5dc7eff9fc56587502ee3838b09ba4a21feeac7a6273497c942d563aecf9cb89,3383,63.0,40.0,cut_only,-0.0,-0.0,-0.0,-0.0,-0.0,-0.0
0,0,origin,0.0,5dc7eff9fc56587502ee3838b09ba4a21feeac7a6273497c942d563aecf9cb89,3384,64.0,40.0,cut_only,-0.0,-0.0,-0.0,-0.0,-0.0,-0.0
0,0,origin,0.0,5dc7eff9fc56587502ee3838b09ba4a21feeac7a6273497c942d563aecf9cb89,3385,65.0,40.0,cut_only,-0.0,-0.0,-0.0,-0.0,-0.0,-0.0
0,0,origin,0.0,5dc7eff9fc56587502ee3838b09ba4a21feeac7a6273497c942d563aecf9cb89,3386,66.0,40.0,cut_only,-0.0,-0.0,-0.0,-0.0,-0.0,-0.0
0,0,origin,0.0,5dc7eff9fc56587502ee3838b09ba4a21feeac7a6273497c942d563aecf9cb89,3387,67.0,40.0,cut_only,-0.0,-0.0,-0.0,-0.0,-0.0,-0.0
0,0,origin,0.0,5dc7eff9fc56587502ee3838b09ba4a21feeac7a6273497c942d563aecf9cb89,3388,68.0,40.0,cut_only,-0.0,-0.0,-0.0,-0.0,-0.0,-0.0
0,0,origin,0.0,5dc7eff9fc56587502ee3838b09ba4a21feeac7a6273497c942d563aecf9cb89,3389,69.0,40.0,cut_only,-0.0,-0.0,-0.0,-0.0,-0.0,-0.0
0,0,origin,0.0,5dc7eff9fc56587502ee3838b09ba4a21feeac7a6273497c942d563aecf9cb89,3390,70.0,40.0,cut_only,-0.0,-0.0,-0.0,-0.0,-0.0,-0.0
0,0,origin,0.0,5dc7eff9fc56587502ee3838b09ba4a21feeac7a6273497c942d563aecf9cb89,3391,71.0,40.0,cut_only,-0.0,-0.0,-0.0,-0.0,-0.0,-0.0
0,0,origin,0.0,5dc7eff9fc56587502ee3838b09ba4a21feeac7a6273497c942d563aecf9cb89,3392,72.0,40.0,cut_only,-0.0,-0.0,-0.0,-0.0,-0.0,-0.0
0,0,origin,0.0,5dc7eff9fc56587502ee3838b09ba4a21feeac7a6273497c942d563aecf9cb89,3393,73.0,40.0,cut_only,-0.0,-0.0,-0.0,-0.0,-0.0,-0.0
0,0,origin,0.0,5dc7eff9fc56587502ee3838b09ba4a21feeac7a6273497c942d563aecf9cb89,3394,74.0,40.0,cut_only,-0.0,-0.0,-0.0,-0.0,-0.0,-0.0
0,0,origin,0.0,5dc7eff9fc56587502ee3838b09ba4a21feeac7a6273497c942d563aecf9cb89,3395,75.0,40.0,cut_only,-0.0,-0.0,-0.0,-0.0,-0.0,-0.0
0,0,origin,0.0,5dc7eff9fc56587502ee3838b09ba4a21feeac7a6273497c942d563aecf9cb89,3396,76.0,40.0,cut_only,-0.0,-0.0,-0.0,-0.0,-0.0,-0.0
0,0,origin,0.0,5dc7eff9fc56587502ee3838b09ba4a21feeac7a6273497c942d563aecf9cb89,3397,77.0,40.0,cut_only,-0.0,-0.0,-0.0,-0.0,-0.0,-0.0
0,0,origin,0.0,5dc7eff9fc56587502ee3838b09ba4a21feeac7a6273497c942d563aecf9cb89,3398,78.0,40.0,cut_only,-0.0,-0.0,-0.0,-0.0,-0.0,-0.0
0,0,origin,0.0,5dc7eff9fc56587502ee3838b09ba4a21feeac7a6273497c942d563aecf9cb89,3399,79.0,40.0,cut_only,-0.0,-0.0,-0.0,-0.0,-0.0,-0.0
0,0,origin,0.0,5dc7eff9fc56587502ee3838b09ba4a21feeac7a6273497c942d563aecf9cb89,3400,80.0,40.0,physical_and_cut,-0.0,-0.0,-0.0,-0.0,-0.0,-0.0
1,1,loading,0.25,1049cf7979732f65d511aae2a6fc687672ef21e221eab6671a2624673de542db,2635,62.0,31.0,physical_only,-0.00011003840719252222,1.522129024991043e-05,-1.7862916256624278e-06,1.5668767337807657e-06,-0.00010825211556685977,1.365441351612967e-05
1,1,loading,0.25,1049cf7979732f65d511aae2a6fc687672ef21e221eab6671a2624673de542db,2636,63.0,31.0,physical_only,-8.299192035701268e-07,-6.15104462558158e-07,-8.27760155590258e-07,1.703160214816275e-06,-2.1590479798688344e-09,-2.3182646773744326e-06
1,1,loading,0.25,1049cf7979732f65d511aae2a6fc687672ef21e221eab6671a2624673de542db,2637,64.0,31.0,physical_only,-6.295614778815418e-07,-8.936128303641051e-07,-8.329475596692145e-07,2.0981444918030194e-06,2.033860817876726e-07,-2.991757322167128e-06
1,1,loading,0.25,1049cf7979732f65d511aae2a6fc687672ef21e221eab6671a2624673de542db,2638,65.0,31.0,physical_only,-6.532358004693569e-07,-1.19918394370267e-06,-8.397194197625025e-07,2.506440263253898e-06,1.8648361929314562e-07,-3.705624206956569e-06
1,1,loading,0.25,1049cf7979732f65d511aae2a6fc687672ef21e221eab6671a2624673de542db,2639,66.0,31.0,physical_only,-8.104814367952734e-07,-1.239493395131344e-06,-8.476198337000819e-07,2.9317838179521363e-06,3.713839690480883e-08,-4.171277213083473e-06
1,1,loading,0.25,1049cf7979732f65d511aae2a6fc687672ef21e221eab6671a2624673de542db,2640,67.0,31.0,physical_only,-9.56336578019053e-07,-1.0139136287566118e-06,-8.556716614307809e-07,3.3761199279479075e-06,-1.0066491658827195e-07,-4.390033556704518e-06
1,1,loading,0.25,1049cf7979732f65d511aae2a6fc687672ef21e221eab6671a2624673de542db,2641,68.0,31.0,physical_only,-9.729151310655627e-07,-7.147720944911996e-07,-8.63305784884769e-07,3.839826483581909e-06,-1.0960934618079367e-07,-4.554598578073112e-06
1,1,loading,0.25,1049cf7979732f65d511aae2a6fc687672ef21e221eab6671a2624673de542db,2642,69.0,31.0,physical_only,-1.0025076685167733e-06,-4.2326315507793476e-07,-8.702902127204624e-07,4.322602521073291e-06,-1.32217455796311e-07,-4.745865676151215e-06
1,1,loading,0.25,1049cf7979732f65d511aae2a6fc687672ef21e221eab6671a2624673de542db,2643,70.0,31.0,physical_only,-1.0348912830849645e-06,-8.519371731917347e-08,-8.766549329608965e-07,4.824018387793143e-06,-1.5823635012406795e-07,-4.9092121051123264e-06
1,1,loading,0.25,1049cf7979732f65d511aae2a6fc687672ef21e221eab6671a2624673de542db,2644,71.0,31.0,physical_only,-1.0711004006788903e-06,3.0223864522661154e-07,-8.823491875783247e-07,5.343592107553905e-06,-1.8875121310056552e-07,-5.0413534623273e-06
1,1,loading,0.25,1049cf7979732f65d511aae2a6fc687672ef21e221eab6671a2624673de542db,2645,72.0,31.0,physical_only,-1.1103964798527435e-06,7.419016419283133e-07,-8.87330708896942e-07,5.880715084125802e-06,-2.2306577095580135e-07,-5.138813442197488e-06
1,1,loading,0.25,1049cf7979732f65d511aae2a6fc687672ef21e221eab6671a2624673de542db,2646,73.0,31.0,physical_only,-1.1695895661186196e-06,1.2984935321690442e-06,-8.914775979401297e-07,6.434552797296e-06,-2.7811196817848984e-07,-5.136059265126945e-06
1,1,loading,0.25,1049cf7979732f65d511aae2a6fc687672ef21e221eab6671a2624673de542db,2647,74.0,31.0,physical_only,-1.0717054464195065e-06,1.9065907948709565e-06,-8.94858352981205e-07,7.00411858908972e-06,-1.7684709343830163e-07,-5.097527794218766e-06
1,1,loading,0.25,1049cf7979732f65d511aae2a6fc687672ef21e221eab6671a2624673de542db,2648,75.0,31.0,physical_only,-8.726476266321994e-07,2.313077441115562e-06,-8.978165600378368e-07,7.588763255240725e-06,2.516893340563725e-08,-5.275685814125155e-06
1,1,loading,0.25,1049cf7979732f65d511aae2a6fc687672ef21e221eab6671a2624673de542db,2649,76.0,31.0,physical_only,-6.441126682818848e-07,2.2845719074109626e-06,-9.012019075108354e-07,8.189212464451205e-06,2.570892392289506e-07,-5.9046405570402474e-06
1,1,loading,0.25,1049cf7979732f65d511aae2a6fc687672ef21e221eab6671a2624673de542db,2650,77.0,31.0,physical_only,-6.453621969477677e-07,2.151235791902415e-06,-9.05498489815233e-07,8.807860140077425e-06,2.601362928674651e-07,-6.656624348175006e-06
1,1,loading,0.25,1049cf7979732f65d511aae2a6fc687672ef21e221eab6671a2624673de542db,2651,78.0,31.0,physical_only,-7.035591128719957e-07,2.1347921417858717e-06,-9.107364731161876e-07,9.44760674750566e-06,2.0717736024419196e-07,-7.31281460571978e-06
1,1,loading,0.25,1049cf7979732f65d511aae2a6fc687672ef21e221eab6671a2624673de542db,2652,79.0,31.0,physical_only,-7.829213638954243e-07,2.3370525133054054e-06,-9.165093909060682e-07,1.0110854213891387e-05,1.3358802701064356e-07,-7.773801700585998e-06
1,1,loading,0.25,1049cf7979732f65d511aae2a6fc687672ef21e221eab6671a2624673de542db,2653,80.0,31.0,physical_only,-6.602504063154467e-07,0.00015001841834280666,-5.559414110407649e-07,1.0587343777178567e-05,-1.0430899527468148e-07,0.0001394310745656281
1,1,loading,0.25,1049cf7979732f65d511aae2a6fc687672ef21e221eab6671a2624673de542db,2718,62.0,32.0,physical_only,-2.679873581571817e-06,-6.839572628637567e-07,-1.2119472382896944e-06,6.481675648392991e-08,-1.467926343282122e-06,-7.487740193476863e-07
1,1,loading,0.25,1049cf7979732f65d511aae2a6fc687672ef21e221eab6671a2624673de542db,2719,63.0,32.0,interior,-0.0,-0.0,-0.0,-0.0,-0.0,-0.0
1,1,loading,0.25,1049cf7979732f65d511aae2a6fc687672ef21e221eab6671a2624673de542db,2720,64.0,32.0,interior,-0.0,-0.0,-0.0,-0.0,-0.0,-0.0
1,1,loading,0.25,1049cf7979732f65d511aae2a6fc687672ef21e221eab6671a2624673de542db,2721,65.0,32.0,interior,-0.0,-0.0,-0.0,-0.0,-0.0,-0.0
1,1,loading,0.25,1049cf7979732f65d511aae2a6fc687672ef21e221eab6671a2624673de542db,2722,66.0,32.0,interior,-0.0,-0.0,-0.0,-0.0,-0.0,-0.0
1,1,loading,0.25,1049cf7979732f65d511aae2a6fc687672ef21e221eab6671a2624673de542db,2723,67.0,32.0,interior,-0.0,-0.0,-0.0,-0.0,-0.0,-0.0
1,1,loading,0.25,1049cf7979732f65d511aae2a6fc687672ef21e221eab6671a2624673de542db,2724,68.0,32.0,interior,-0.0,-0.0,-0.0,-0.0,-0.0,-0.0
1,1,loading,0.25,1049cf7979732f65d511aae2a6fc687672ef21e221eab6671a2624673de542db,2725,69.0,32.0,interior,-0.0,-0.0,-0.0,-0.0,-0.0,-0.0
1,1,loading,0.25,1049cf7979732f65d511aae2a6fc687672ef21e221eab6671a2624673de542db,2726,70.0,32.0,interior,-0.0,-0.0,-0.0,-0.0,-0.0,-0.0
1,1,loading,0.25,1049cf7979732f65d511aae2a6fc687672ef21e221eab6671a2624673de542db,2727,71.0,32.0,interior,-0.0,-0.0,-0.0,-0.0,-0.0,-0.0
1,1,loading,0.25,1049cf7979732f65d511aae2a6fc687672ef21e221eab6671a2624673de542db,2728,72.0,32.0,interior,-0.0,-0.0,-0.0,-0.0,-0.0,-0.0
1,1,loading,0.25,1049cf7979732f65d511aae2a6fc687672ef21e221eab6671a2624673de542db,2729,73.0,32.0,interior,-0.0,-0.0,-0.0,-0.0,-0.0,-0.0
1,1,loading,0.25,1049cf7979732f65d511aae2a6fc687672ef21e221eab6671a2624673de542db,2730,74.0,32.0,interior,-0.0,-0.0,-0.0,-0.0,-0.0,-0.0
1,1,loading,0.25,1049cf7979732f65d511aae2a6fc687672ef21e221eab6671a2624673de542db,2731,75.0,32.0,interior,-0.0,-0.0,-0.0,-0.0,-0.0,-0.0
1,1,loading,0.25,1049cf7979732f65d511aae2a6fc687672ef21e221eab6671a2624673de542db,2732,76.0,32.0,interior,-0.0,-0.0,-0.0,-0.0,-0.0,-0.0
1,1,loading,0.25,1049cf7979732f65d511aae2a6fc687672ef21e221eab6671a2624673de542db,2733,77.0,32.0,interior,-0.0,-0.0,-0.0,-0.0,-0.0,-0.0
1,1,loading,0.25,1049cf7979732f65d511aae2a6fc687672ef21e221eab6671a2624673de542db,2734,78.0,32.0,interior,-0.0,-0.0,-0.0,-0.0,-0.0,-0.0
1,1,loading,0.25,1049cf7979732f65d511aae2a6fc687672ef21e221eab6671a2624673de542db,2735,79.0,32.0,interior,-0.0,-0.0,-0.0,-0.0,-0.0,-0.0
1,1,loading,0.25,1049cf7979732f65d511aae2a6fc687672ef21e221eab6671a2624673de542db,2736,80.0,32.0,physical_only,3.82719801679333e-10,-1.3745008280429022e-08,2.123214915374306e-07,2.638498766734257e-11,-2.1193877173575142e-07,-1.3771393268096325e-08
1,1,loading,0.25,1049cf7979732f65d511aae2a6fc687672ef21e221eab6671a2624673de542db,2801,62.0,33.0,physical_only,-2.0113977932961903e-06,-4.818489519293315e-07,-1.261714446713667e-06,5.0977528537611736e-08,-7.496833465825229e-07,-5.328264804669431e-07
1,1,loading,0.25,1049cf7979732f65d511aae2a6fc687672ef21e221eab6671a2624673de542db,2802,63.0,33.0,interior,-0.0,-0.0,-0.0,-0.0,-0.0,-0.0
1,1,loading,0.25,1049cf7979732f65d511aae2a6fc687672ef21e221eab6671a2624673de542db,2803,64.0,33.0,interior,-0.0,-0.0,-0.0,-0.0,-0.0,-0.0
1,1,loading,0.25,1049cf7979732f65d511aae2a6fc687672ef21e221eab6671a2624673de542db,2804,65.0,33.0,interior,-0.0,-0.0,-0.0,-0.0,-0.0,-0.0
1,1,loading,0.25,1049cf7979732f65d511aae2a6fc687672ef21e221eab6671a2624673de542db,2805,66.0,33.0,interior,-0.0,-0.0,-0.0,-0.0,-0.0,-0.0
1,1,loading,0.25,1049cf7979732f65d511aae2a6fc687672ef21e221eab6671a2624673de542db,2806,67.0,33.0,interior,-0.0,-0.0,-0.0,-0.0,-0.0,-0.0
1,1,loading,0.25,1049cf7979732f65d511aae2a6fc687672ef21e221eab6671a2624673de542db,2807,68.0,33.0,interior,-0.0,-0.0,-0.0,-0.0,-0.0,-0.0
1,1,loading,0.25,1049cf7979732f65d511aae2a6fc687672ef21e221eab6671a2624673de542db,2808,69.0,33.0,interior,-0.0,-0.0,-0.0,-0.0,-0.0,-0.0
1,1,loading,0.25,1049cf7979732f65d511aae2a6fc687672ef21e221eab6671a2624673de542db,2809,70.0,33.0,interior,-0.0,-0.0,-0.0,-0.0,-0.0,-0.0
1,1,loading,0.25,1049cf7979732f65d511aae2a6fc687672ef21e221eab6671a2624673de542db,2810,71.0,33.0,interior,-0.0,-0.0,-0.0,-0.0,-0.0,-0.0
1,1,loading,0.25,1049cf7979732f65d511aae2a6fc687672ef21e221eab6671a2624673de542db,2811,72.0,33.0,interior,-0.0,-0.0,-0.0,-0.0,-0.0,-0.0
1,1,loading,0.25,1049cf7979732f65d511aae2a6fc687672ef21e221eab6671a2624673de542db,2812,73.0,33.0,interior,-0.0,-0.0,-0.0,-0.0,-0.0,-0.0
1,1,loading,0.25,1049cf7979732f65d511aae2a6fc687672ef21e221eab6671a2624673de542db,2813,74.0,33.0,interior,-0.0,-0.0,-0.0,-0.0,-0.0,-0.0
1,1,loading,0.25,1049cf7979732f65d511aae2a6fc687672ef21e221eab6671a2624673de542db,2814,75.0,33.0,interior,-0.0,-0.0,-0.0,-0.0,-0.0,-0.0
1,1,loading,0.25,1049cf7979732f65d511aae2a6fc687672ef21e221eab6671a2624673de542db,2815,76.0,33.0,interior,-0.0,-0.0,-0.0,-0.0,-0.0,-0.0
1,1,loading,0.25,1049cf7979732f65d511aae2a6fc687672ef21e221eab6671a2624673de542db,2816,77.0,33.0,interior,-0.0,-0.0,-0.0,-0.0,-0.0,-0.0
1,1,loading,0.25,1049cf7979732f65d511aae2a6fc687672ef21e221eab6671a2624673de542db,2817,78.0,33.0,interior,-0.0,-0.0,-0.0,-0.0,-0.0,-0.0
1,1,loading,0.25,1049cf7979732f65d511aae2a6fc687672ef21e221eab6671a2624673de542db,2818,79.0,33.0,interior,-0.0,-0.0,-0.0,-0.0,-0.0,-0.0
1,1,loading,0.25,1049cf7979732f65d511aae2a6fc687672ef21e221eab6671a2624673de542db,2819,80.0,33.0,physical_only,3.0599803017784723e-10,-1.1666073226280822e-08,1.9732933157953768e-07,7.071178715345352e-11,-1.9702333354935976e-07,-1.1736785013434322e-08
1,1,loading,0.25,1049cf7979732f65d511aae2a6fc687672ef21e221eab6671a2624673de542db,2884,62.0,34.0,physical_only,-1.6984056291288933e-06,-2.3321316466505157e-07,-1.2993751772166169e-06,4.1700016962188785e-08,-3.9903045191227687e-07,-2.7491318162724035e-07
1,1,loading,0.25,1049cf7979732f65d511aae2a6fc687672ef21e221eab6671a2624673de542db,2885,63.0,34.0,interior,-0.0,-0.0,-0.0,-0.0,-0.0,-0.0
1,1,loading,0.25,1049cf7979732f65d511aae2a6fc687672ef21e221eab6671a2624673de542db,2886,64.0,34.0,interior,-0.0,-0.0,-0.0,-0.0,-0.0,-0.0
1,1,loading,0.25,1049cf7979732f65d511aae2a6fc687672ef21e221eab6671a2624673de542db,2887,65.0,34.0,interior,-0.0,-0.0,-0.0,-0.0,-0.0,-0.0
1,1,loading,0.25,1049cf7979732f65d511aae2a6fc687672ef21e221eab6671a2624673de542db,2888,66.0,34.0,interior,-0.0,-0.0,-0.0,-0.0,-0.0,-0.0
1,1,loading,0.25,1049cf7979732f65d511aae2a6fc687672ef21e221eab6671a2624673de542db,2889,67.0,34.0,interior,-0.0,-0.0,-0.0,-0.0,-0.0,-0.0
1,1,loading,0.25,1049cf7979732f65d511aae2a6fc687672ef21e221eab6671a2624673de542db,2890,68.0,34.0,interior,-0.0,-0.0,-0.0,-0.0,-0.0,-0.0
1,1,loading,0.25,1049cf7979732f65d511aae2a6fc687672ef21e221eab6671a2624673de542db,2891,69.0,34.0,interior,-0.0,-0.0,-0.0,-0.0,-0.0,-0.0
1,1,loading,0.25,1049cf7979732f65d511aae2a6fc687672ef21e221eab6671a2624673de542db,2892,70.0,34.0,interior,-0.0,-0.0,-0.0,-0.0,-0.0,-0.0
1,1,loading,0.25,1049cf7979732f65d511aae2a6fc687672ef21e221eab6671a2624673de542db,2893,71.0,34.0,interior,-0.0,-0.0,-0.0,-0.0,-0.0,-0.0
1,1,loading,0.25,1049cf7979732f65d511aae2a6fc687672ef21e221eab6671a2624673de542db,2894,72.0,34.0,interior,-0.0,-0.0,-0.0,-0.0,-0.0,-0.0
1,1,loading,0.25,1049cf7979732f65d511aae2a6fc687672ef21e221eab6671a2624673de542db,2895,73.0,34.0,interior,-0.0,-0.0,-0.0,-0.0,-0.0,-0.0
1,1,loading,0.25,1049cf7979732f65d511aae2a6fc687672ef21e221eab6671a2624673de542db,2896,74.0,34.0,interior,-0.0,-0.0,-0.0,-0.0,-0.0,-0.0
1,1,loading,0.25,1049cf7979732f65d511aae2a6fc687672ef21e221eab6671a2624673de542db,2897,75.0,34.0,interior,-0.0,-0.0,-0.0,-0.0,-0.0,-0.0
1,1,loading,0.25,1049cf7979732f65d511aae2a6fc687672ef21e221eab6671a2624673de542db,2898,76.0,34.0,interior,-0.0,-0.0,-0.0,-0.0,-0.0,-0.0
1,1,loading,0.25,1049cf7979732f65d511aae2a6fc687672ef21e221eab6671a2624673de542db,2899,77.0,34.0,interior,-0.0,-0.0,-0.0,-0.0,-0.0,-0.0
1,1,loading,0.25,1049cf7979732f65d511aae2a6fc687672ef21e221eab6671a2624673de542db,2900,78.0,34.0,interior,-0.0,-0.0,-0.0,-0.0,-0.0,-0.0
1,1,loading,0.25,1049cf7979732f65d511aae2a6fc687672ef21e221eab6671a2624673de542db,2901,79.0,34.0,interior,-0.0,-0.0,-0.0,-0.0,-0.0,-0.0
1,1,loading,0.25,1049cf7979732f65d511aae2a6fc687672ef21e221eab6671a2624673de542db,2902,80.0,34.0,physical_only,2.4264593910121356e-10,-9.737252510210207e-09,1.8469614469686e-07,9.50086633324893e-11,-1.8445349875775882e-07,-9.832261173542703e-09
1,1,loading,0.25,1049cf7979732f65d511aae2a6fc687672ef21e221eab6671a2624673de542db,2967,62.0,35.0,physical_only,-1.6206188584371245e-06,-3.2439123610514494e-08,-1.3299052374609968e-06,3.479024854674776e-08,-2.907136209761272e-07,-6.722937215726225e-08
1,1,loading,0.25,1049cf7979732f65d511aae2a6fc687672ef21e221eab6671a2624673de542db,2968,63.0,35.0,interior,-0.0,-0.0,-0.0,-0.0,-0.0,-0.0
1,1,loading,0.25,1049cf7979732f65d511aae2a6fc687672ef21e221eab6671a2624673de542db,2969,64.0,35.0,interior,-0.0,-0.0,-0.0,-0.0,-0.0,-0.0
1,1,loading,0.25,1049cf7979732f65d511aae2a6fc687672ef21e221eab6671a2624673de542db,2970,65.0,35.0,interior,-0.0,-0.0,-0.0,-0.0,-0.0,-0.0
1,1,loading,0.25,1049cf7979732f65d511aae2a6fc687672ef21e221eab6671a2624673de542db,2971,66.0,35.0,interior,-0.0,-0.0,-0.0,-0.0,-0.0,-0.0
1,1,loading,0.25,1049cf7979732f65d511aae2a6fc687672ef21e221eab6671a2624673de542db,2972,67.0,35.0,interior,-0.0,-0.0,-0.0,-0.0,-0.0,-0.0
1,1,loading,0.25,1049cf7979732f65d511aae2a6fc687672ef21e221eab6671a2624673de542db,2973,68.0,35.0,interior,-0.0,-0.0,-0.0,-0.0,-0.0,-0.0
1,1,loading,0.25,1049cf7979732f65d511aae2a6fc687672ef21e221eab6671a2624673de542db,2974,69.0,35.0,interior,-0.0,-0.0,-0.0,-0.0,-0.0,-0.0
1,1,loading,0.25,1049cf7979732f65d511aae2a6fc687672ef21e221eab6671a2624673de542db,2975,70.0,35.0,interior,-0.0,-0.0,-0.0,-0.0,-0.0,-0.0
1,1,loading,0.25,1049cf7979732f65d511aae2a6fc687672ef21e221eab6671a2624673de542db,2976,71.0,35.0,interior,-0.0,-0.0,-0.0,-0.0,-0.0,-0.0
1,1,loading,0.25,1049cf7979732f65d511aae2a6fc687672ef21e221eab6671a2624673de542db,2977,72.0,35.0,interior,-0.0,-0.0,-0.0,-0.0,-0.0,-0.0
1,1,loading,0.25,1049cf7979732f65d511aae2a6fc687672ef21e221eab6671a2624673de542db,2978,73.0,35.0,interior,-0.0,-0.0,-0.0,-0.0,-0.0,-0.0
1,1,loading,0.25,1049cf7979732f65d511aae2a6fc687672ef21e221eab6671a2624673de542db,2979,74.0,35.0,interior,-0.0,-0.0,-0.0,-0.0,-0.0,-0.0
1,1,loading,0.25,1049cf7979732f65d511aae2a6fc687672ef21e221eab6671a2624673de542db,2980,75.0,35.0,interior,-0.0,-0.0,-0.0,-0.0,-0.0,-0.0
1,1,loading,0.25,1049cf7979732f65d511aae2a6fc687672ef21e221eab6671a2624673de542db,2981,76.0,35.0,interior,-0.0,-0.0,-0.0,-0.0,-0.0,-0.0
1,1,loading,0.25,1049cf7979732f65d511aae2a6fc687672ef21e221eab6671a2624673de542db,2982,77.0,35.0,interior,-0.0,-0.0,-0.0,-0.0,-0.0,-0.0
1,1,loading,0.25,1049cf7979732f65d511aae2a6fc687672ef21e221eab6671a2624673de542db,2983,78.0,35.0,interior,-0.0,-0.0,-0.0,-0.0,-0.0,-0.0
1,1,loading,0.25,1049cf7979732f65d511aae2a6fc687672ef21e221eab6671a2624673de542db,2984,79.0,35.0,interior,-0.0,-0.0,-0.0,-0.0,-0.0,-0.0
1,1,loading,0.25,1049cf7979732f65d511aae2a6fc687672ef21e221eab6671a2624673de542db,2985,80.0,35.0,physical_only,1.912271941468943e-10,-7.932881950862948e-09,1.742625899551084e-07,1.0285214334999332e-10,-1.7407136276096142e-07,-8.035734094212981e-09
1,1,loading,0.25,1049cf7979732f65d511aae2a6fc687672ef21e221eab6671a2624673de542db,3050,62.0,36.0,physical_only,-1.6707853933417147e-06,7.599729906796385e-08,-1.3553738963059802e-06,2.8614489274497723e-08,-3.154114970357345e-07,4.7382809793466124e-08
1,1,loading,0.25,1049cf7979732f65d511aae2a6fc687672ef21e221eab6671a2624673de542db,3051,63.0,36.0,interior,-0.0,-0.0,-0.0,-0.0,-0.0,-0.0
1,1,loading,0.25,1049cf7979732f65d511aae2a6fc687672ef21e221eab6671a2624673de542db,3052,64.0,36.0,interior,-0.0,-0.0,-0.0,-0.0,-0.0,-0.0
1,1,loading,0.25,1049cf7979732f65d511aae2a6fc687672ef21e221eab6671a2624673de542db,3053,65.0,36.0,interior,-0.0,-0.0,-0.0,-0.0,-0.0,-0.0
1,1,loading,0.25,1049cf7979732f65d511aae2a6fc687672ef21e221eab6671a2624673de542db,3054,66.0,36.0,interior,-0.0,-0.0,-0.0,-0.0,-0.0,-0.0
1,1,loading,0.25,1049cf7979732f65d511aae2a6fc687672ef21e221eab6671a2624673de542db,3055,67.0,36.0,interior,-0.0,-0.0,-0.0,-0.0,-0.0,-0.0
1,1,loading,0.25,1049cf7979732f65d511aae2a6fc687672ef21e221eab6671a2624673de542db,3056,68.0,36.0,interior,-0.0,-0.0,-0.0,-0.0,-0.0,-0.0
1,1,loading,0.25,1049cf7979732f65d511aae2a6fc687672ef21e221eab6671a2624673de542db,3057,69.0,36.0,interior,-0.0,-0.0,-0.0,-0.0,-0.0,-0.0
1,1,loading,0.25,1049cf7979732f65d511aae2a6fc687672ef21e221eab6671a2624673de542db,3058,70.0,36.0,interior,-0.0,-0.0,-0.0,-0.0,-0.0,-0.0
1,1,loading,0.25,1049cf7979732f65d511aae2a6fc687672ef21e221eab6671a2624673de542db,3059,71.0,36.0,interior,-0.0,-0.0,-0.0,-0.0,-0.0,-0.0
1,1,loading,0.25,1049cf7979732f65d511aae2a6fc687672ef21e221eab6671a2624673de542db,3060,72.0,36.0,interior,-0.0,-0.0,-0.0,-0.0,-0.0,-0.0
1,1,loading,0.25,1049cf7979732f65d511aae2a6fc687672ef21e221eab6671a2624673de542db,3061,73.0,36.0,interior,-0.0,-0.0,-0.0,-0.0,-0.0,-0.0
1,1,loading,0.25,1049cf7979732f65d511aae2a6fc687672ef21e221eab6671a2624673de542db,3062,74.0,36.0,interior,-0.0,-0.0,-0.0,-0.0,-0.0,-0.0
1,1,loading,0.25,1049cf7979732f65d511aae2a6fc687672ef21e221eab6671a2624673de542db,3063,75.0,36.0,interior,-0.0,-0.0,-0.0,-0.0,-0.0,-0.0
1,1,loading,0.25,1049cf7979732f65d511aae2a6fc687672ef21e221eab6671a2624673de542db,3064,76.0,36.0,interior,-0.0,-0.0,-0.0,-0.0,-0.0,-0.0
1,1,loading,0.25,1049cf7979732f65d511aae2a6fc687672ef21e221eab6671a2624673de542db,3065,77.0,36.0,interior,-0.0,-0.0,-0.0,-0.0,-0.0,-0.0
1,1,loading,0.25,1049cf7979732f65d511aae2a6fc687672ef21e221eab6671a2624673de542db,3066,78.0,36.0,interior,-0.0,-0.0,-0.0,-0.0,-0.0,-0.0
1,1,loading,0.25,1049cf7979732f65d511aae2a6fc687672ef21e221eab6671a2624673de542db,3067,79.0,36.0,interior,-0.0,-0.0,-0.0,-0.0,-0.0,-0.0
1,1,loading,0.25,1049cf7979732f65d511aae2a6fc687672ef21e221eab6671a2624673de542db,3068,80.0,36.0,physical_only,1.5059839412872845e-10,-6.229335327827314e-09,1.6589778306575014e-07,9.747216919942609e-11,-1.6574718467162144e-07,-6.3268074970266935e-09
1,1,loading,0.25,1049cf7979732f65d511aae2a6fc687672ef21e221eab6671a2624673de542db,3133,62.0,37.0,physical_only,-1.7570787910531508e-06,1.0811897885862469e-07,-1.3760824057886312e-06,2.2212373965983177e-08,-3.8099638526451965e-07,8.590660489264135e-08
1,1,loading,0.25,1049cf7979732f65d511aae2a6fc687672ef21e221eab6671a2624673de542db,3134,63.0,37.0,interior,-0.0,-0.0,-0.0,-0.0,-0.0,-0.0
1,1,loading,0.25,1049cf7979732f65d511aae2a6fc687672ef21e221eab6671a2624673de542db,3135,64.0,37.0,interior,-0.0,-0.0,-0.0,-0.0,-0.0,-0.0
1,1,loading,0.25,1049cf7979732f65d511aae2a6fc687672ef21e221eab6671a2624673de542db,3136,65.0,37.0,interior,-0.0,-0.0,-0.0,-0.0,-0.0,-0.0
1,1,loading,0.25,1049cf7979732f65d511aae2a6fc687672ef21e221eab6671a2624673de542db,3137,66.0,37.0,interior,-0.0,-0.0,-0.0,-0.0,-0.0,-0.0
1,1,loading,0.25,1049cf7979732f65d511aae2a6fc687672ef21e221eab6671a2624673de542db,3138,67.0,37.0,interior,-0.0,-0.0,-0.0,-0.0,-0.0,-0.0
1,1,loading,0.25,1049cf7979732f65d511aae2a6fc687672ef21e221eab6671a2624673de542db,3139,68.0,37.0,interior,-0.0,-0.0,-0.0,-0.0,-0.0,-0.0
1,1,loading,0.25,1049cf7979732f65d511aae2a6fc687672ef21e221eab6671a2624673de542db,3140,69.0,37.0,interior,-0.0,-0.0,-0.0,-0.0,-0.0,-0.0
1,1,loading,0.25,1049cf7979732f65d511aae2a6fc687672ef21e221eab6671a2624673de542db,3141,70.0,37.0,interior,-0.0,-0.0,-0.0,-0.0,-0.0,-0.0
1,1,loading,0.25,1049cf7979732f65d511aae2a6fc687672ef21e221eab6671a2624673de542db,3142,71.0,37.0,interior,-0.0,-0.0,-0.0,-0.0,-0.0,-0.0
1,1,loading,0.25,1049cf7979732f65d511aae2a6fc687672ef21e221eab6671a2624673de542db,3143,72.0,37.0,interior,-0.0,-0.0,-0.0,-0.0,-0.0,-0.0
1,1,loading,0.25,1049cf7979732f65d511aae2a6fc687672ef21e221eab6671a2624673de542db,3144,73.0,37.0,interior,-0.0,-0.0,-0.0,-0.0,-0.0,-0.0
1,1,loading,0.25,1049cf7979732f65d511aae2a6fc687672ef21e221eab6671a2624673de542db,3145,74.0,37.0,interior,-0.0,-0.0,-0.0,-0.0,-0.0,-0.0
1,1,loading,0.25,1049cf7979732f65d511aae2a6fc687672ef21e221eab6671a2624673de542db,3146,75.0,37.0,interior,-0.0,-0.0,-0.0,-0.0,-0.0,-0.0
1,1,loading,0.25,1049cf7979732f65d511aae2a6fc687672ef21e221eab6671a2624673de542db,3147,76.0,37.0,interior,-0.0,-0.0,-0.0,-0.0,-0.0,-0.0
1,1,loading,0.25,1049cf7979732f65d511aae2a6fc687672ef21e221eab6671a2624673de542db,3148,77.0,37.0,interior,-0.0,-0.0,-0.0,-0.0,-0.0,-0.0
1,1,loading,0.25,1049cf7979732f65d511aae2a6fc687672ef21e221eab6671a2624673de542db,3149,78.0,37.0,interior,-0.0,-0.0,-0.0,-0.0,-0.0,-0.0
1,1,loading,0.25,1049cf7979732f65d511aae2a6fc687672ef21e221eab6671a2624673de542db,3150,79.0,37.0,interior,-0.0,-0.0,-0.0,-0.0,-0.0,-0.0
1,1,loading,0.25,1049cf7979732f65d511aae2a6fc687672ef21e221eab6671a2624673de542db,3151,80.0,37.0,physical_only,1.1987037791574883e-10,-4.604607442883125e-09,1.59497254255637e-07,8.182398474242578e-11,-1.5937738387772124e-07,-4.686431427625558e-09
1,1,loading,0.25,1049cf7979732f65d511aae2a6fc687672ef21e221eab6671a2624673de542db,3216,62.0,38.0,physical_only,-1.8326621638529155e-06,9.08432783069132e-08,-1.3915367741217721e-06,1.5250107161870536e-08,-4.4112538973114326e-07,7.55931711450426e-08
1,1,loading,0.25,1049cf7979732f65d511aae2a6fc687672ef21e221eab6671a2624673de542db,3217,63.0,38.0,interior,-0.0,-0.0,-0.0,-0.0,-0.0,-0.0
1,1,loading,0.25,1049cf7979732f65d511aae2a6fc687672ef21e221eab6671a2624673de542db,3218,64.0,38.0,interior,-0.0,-0.0,-0.0,-0.0,-0.0,-0.0
1,1,loading,0.25,1049cf7979732f65d511aae2a6fc687672ef21e221eab6671a2624673de542db,3219,65.0,38.0,interior,-0.0,-0.0,-0.0,-0.0,-0.0,-0.0
1,1,loading,0.25,1049cf7979732f65d511aae2a6fc687672ef21e221eab6671a2624673de542db,3220,66.0,38.0,interior,-0.0,-0.0,-0.0,-0.0,-0.0,-0.0
1,1,loading,0.25,1049cf7979732f65d511aae2a6fc687672ef21e221eab6671a2624673de542db,3221,67.0,38.0,interior,-0.0,-0.0,-0.0,-0.0,-0.0,-0.0
1,1,loading,0.25,1049cf7979732f65d511aae2a6fc687672ef21e221eab6671a2624673de542db,3222,68.0,38.0,interior,-0.0,-0.0,-0.0,-0.0,-0.0,-0.0
1,1,loading,0.25,1049cf7979732f65d511aae2a6fc687672ef21e221eab6671a2624673de542db,3223,69.0,38.0,interior,-0.0,-0.0,-0.0,-0.0,-0.0,-0.0
1,1,loading,0.25,1049cf7979732f65d511aae2a6fc687672ef21e221eab6671a2624673de542db,3224,70.0,38.0,interior,-0.0,-0.0,-0.0,-0.0,-0.0,-0.0
1,1,loading,0.25,1049cf7979732f65d511aae2a6fc687672ef21e221eab6671a2624673de542db,3225,71.0,38.0,interior,-0.0,-0.0,-0.0,-0.0,-0.0,-0.0
1,1,loading,0.25,1049cf7979732f65d511aae2a6fc687672ef21e221eab6671a2624673de542db,3226,72.0,38.0,interior,-0.0,-0.0,-0.0,-0.0,-0.0,-0.0
1,1,loading,0.25,1049cf7979732f65d511aae2a6fc687672ef21e221eab6671a2624673de542db,3227,73.0,38.0,interior,-0.0,-0.0,-0.0,-0.0,-0.0,-0.0
1,1,loading,0.25,1049cf7979732f65d511aae2a6fc687672ef21e221eab6671a2624673de542db,3228,74.0,38.0,interior,-0.0,-0.0,-0.0,-0.0,-0.0,-0.0
1,1,loading,0.25,1049cf7979732f65d511aae2a6fc687672ef21e221eab6671a2624673de542db,3229,75.0,38.0,interior,-0.0,-0.0,-0.0,-0.0,-0.0,-0.0
1,1,loading,0.25,1049cf7979732f65d511aae2a6fc687672ef21e221eab6671a2624673de542db,3230,76.0,38.0,interior,-0.0,-0.0,-0.0,-0.0,-0.0,-0.0
1,1,loading,0.25,1049cf7979732f65d511aae2a6fc687672ef21e221eab6671a2624673de542db,3231,77.0,38.0,interior,-0.0,-0.0,-0.0,-0.0,-0.0,-0.0
1,1,loading,0.25,1049cf7979732f65d511aae2a6fc687672ef21e221eab6671a2624673de542db,3232,78.0,38.0,interior,-0.0,-0.0,-0.0,-0.0,-0.0,-0.0
1,1,loading,0.25,1049cf7979732f65d511aae2a6fc687672ef21e221eab6671a2624673de542db,3233,79.0,38.0,interior,-0.0,-0.0,-0.0,-0.0,-0.0,-0.0
1,1,loading,0.25,1049cf7979732f65d511aae2a6fc687672ef21e221eab6671a2624673de542db,3234,80.0,38.0,physical_only,9.83791078316918e-11,-3.0379416206690317e-09,1.5498134293537766e-07,5.8651876083668e-11,-1.5488296382754597e-07,-3.096593496752713e-09
1,1,loading,0.25,1049cf7979732f65d511aae2a6fc687672ef21e221eab6671a2624673de542db,3299,62.0,39.0,physical_only,-1.879126428753102e-06,4.95032228348659e-08,-1.4011091593678566e-06,7.770248851133827e-09,-4.780172693852456e-07,4.173297398373202e-08
1,1,loading,0.25,1049cf7979732f65d511aae2a6fc687672ef21e221eab6671a2624673de542db,3300,63.0,39.0,interior,-0.0,-0.0,-0.0,-0.0,-0.0,-0.0
1,1,loading,0.25,1049cf7979732f65d511aae2a6fc687672ef21e221eab6671a2624673de542db,3301,64.0,39.0,interior,-0.0,-0.0,-0.0,-0.0,-0.0,-0.0
1,1,loading,0.25,1049cf7979732f65d511aae2a6fc687672ef21e221eab6671a2624673de542db,3302,65.0,39.0,interior,-0.0,-0.0,-0.0,-0.0,-0.0,-0.0
1,1,loading,0.25,1049cf7979732f65d511aae2a6fc687672ef21e221eab6671a2624673de542db,3303,66.0,39.0,interior,-0.0,-0.0,-0.0,-0.0,-0.0,-0.0
1,1,loading,0.25,1049cf7979732f65d511aae2a6fc687672ef21e221eab6671a2624673de542db,3304,67.0,39.0,interior,-0.0,-0.0,-0.0,-0.0,-0.0,-0.0
1,1,loading,0.25,1049cf7979732f65d511aae2a6fc687672ef21e221eab6671a2624673de542db,3305,68.0,39.0,interior,-0.0,-0.0,-0.0,-0.0,-0.0,-0.0
1,1,loading,0.25,1049cf7979732f65d511aae2a6fc687672ef21e221eab6671a2624673de542db,3306,69.0,39.0,interior,-0.0,-0.0,-0.0,-0.0,-0.0,-0.0
1,1,loading,0.25,1049cf7979732f65d511aae2a6fc687672ef21e221eab6671a2624673de542db,3307,70.0,39.0,interior,-0.0,-0.0,-0.0,-0.0,-0.0,-0.0
1,1,loading,0.25,1049cf7979732f65d511aae2a6fc687672ef21e221eab6671a2624673de542db,3308,71.0,39.0,interior,-0.0,-0.0,-0.0,-0.0,-0.0,-0.0
1,1,loading,0.25,1049cf7979732f65d511aae2a6fc687672ef21e221eab6671a2624673de542db,3309,72.0,39.0,interior,-0.0,-0.0,-0.0,-0.0,-0.0,-0.0
1,1,loading,0.25,1049cf7979732f65d511aae2a6fc687672ef21e221eab6671a2624673de542db,3310,73.0,39.0,interior,-0.0,-0.0,-0.0,-0.0,-0.0,-0.0
1,1,loading,0.25,1049cf7979732f65d511aae2a6fc687672ef21e221eab6671a2624673de542db,3311,74.0,39.0,interior,-0.0,-0.0,-0.0,-0.0,-0.0,-0.0
1,1,loading,0.25,1049cf7979732f65d511aae2a6fc687672ef21e221eab6671a2624673de542db,3312,75.0,39.0,interior,-0.0,-0.0,-0.0,-0.0,-0.0,-0.0
1,1,loading,0.25,1049cf7979732f65d511aae2a6fc687672ef21e221eab6671a2624673de542db,3313,76.0,39.0,interior,-0.0,-0.0,-0.0,-0.0,-0.0,-0.0
1,1,loading,0.25,1049cf7979732f65d511aae2a6fc687672ef21e221eab6671a2624673de542db,3314,77.0,39.0,interior,-0.0,-0.0,-0.0,-0.0,-0.0,-0.0
1,1,loading,0.25,1049cf7979732f65d511aae2a6fc687672ef21e221eab6671a2624673de542db,3315,78.0,39.0,interior,-0.0,-0.0,-0.0,-0.0,-0.0,-0.0
1,1,loading,0.25,1049cf7979732f65d511aae2a6fc687672ef21e221eab6671a2624673de542db,3316,79.0,39.0,interior,-0.0,-0.0,-0.0,-0.0,-0.0,-0.0
1,1,loading,0.25,1049cf7979732f65d511aae2a6fc687672ef21e221eab6671a2624673de542db,3317,80.0,39.0,physical_only,8.566449939224608e-11,-1.5094904249573242e-09,1.522939882606374e-07,3.054684781671374e-11,-1.5220832376124515e-07,-1.540037272774018e-09
1,1,loading,0.25,1049cf7979732f65d511aae2a6fc687672ef21e221eab6671a2624673de542db,3382,62.0,40.0,physical_and_cut,-9.471421516356702e-07,-1.566212008648502e-06,-7.021760043243964e-07,-3.0478314482839587e-07,-2.449661473112738e-07,-1.261428863820106e-06
1,1,loading,0.25,1049cf7979732f65d511aae2a6fc687672ef21e221eab6671a2624673de542db,3383,63.0,40.0,cut_only,-0.0,-0.0,-0.0,-0.0,-0.0,-0.0
1,1,loading,0.25,1049cf7979732f65d511aae2a6fc687672ef21e221eab6671a2624673de542db,3384,64.0,40.0,cut_only,-0.0,-0.0,-0.0,-0.0,-0.0,-0.0
1,1,loading,0.25,1049cf7979732f65d511aae2a6fc687672ef21e221eab6671a2624673de542db,3385,65.0,40.0,cut_only,-0.0,-0.0,-0.0,-0.0,-0.0,-0.0
1,1,loading,0.25,1049cf7979732f65d511aae2a6fc687672ef21e221eab6671a2624673de542db,3386,66.0,40.0,cut_only,-0.0,-0.0,-0.0,-0.0,-0.0,-0.0
1,1,loading,0.25,1049cf7979732f65d511aae2a6fc687672ef21e221eab6671a2624673de542db,3387,67.0,40.0,cut_only,-0.0,-0.0,-0.0,-0.0,-0.0,-0.0
1,1,loading,0.25,1049cf7979732f65d511aae2a6fc687672ef21e221eab6671a2624673de542db,3388,68.0,40.0,cut_only,-0.0,-0.0,-0.0,-0.0,-0.0,-0.0
1,1,loading,0.25,1049cf7979732f65d511aae2a6fc687672ef21e221eab6671a2624673de542db,3389,69.0,40.0,cut_only,-0.0,-0.0,-0.0,-0.0,-0.0,-0.0
1,1,loading,0.25,1049cf7979732f65d511aae2a6fc687672ef21e221eab6671a2624673de542db,3390,70.0,40.0,cut_only,-0.0,-0.0,-0.0,-0.0,-0.0,-0.0
1,1,loading,0.25,1049cf7979732f65d511aae2a6fc687672ef21e221eab6671a2624673de542db,3391,71.0,40.0,cut_only,-0.0,-0.0,-0.0,-0.0,-0.0,-0.0
1,1,loading,0.25,1049cf7979732f65d511aae2a6fc687672ef21e221eab6671a2624673de542db,3392,72.0,40.0,cut_only,-0.0,-0.0,-0.0,-0.0,-0.0,-0.0
1,1,loading,0.25,1049cf7979732f65d511aae2a6fc687672ef21e221eab6671a2624673de542db,3393,73.0,40.0,cut_only,-0.0,-0.0,-0.0,-0.0,-0.0,-0.0
1,1,loading,0.25,1049cf7979732f65d511aae2a6fc687672ef21e221eab6671a2624673de542db,3394,74.0,40.0,cut_only,-0.0,-0.0,-0.0,-0.0,-0.0,-0.0
1,1,loading,0.25,1049cf7979732f65d511aae2a6fc687672ef21e221eab6671a2624673de542db,3395,75.0,40.0,cut_only,-0.0,-0.0,-0.0,-0.0,-0.0,-0.0
1,1,loading,0.25,1049cf7979732f65d511aae2a6fc687672ef21e221eab6671a2624673de542db,3396,76.0,40.0,cut_only,-0.0,-0.0,-0.0,-0.0,-0.0,-0.0
1,1,loading,0.25,1049cf7979732f65d511aae2a6fc687672ef21e221eab6671a2624673de542db,3397,77.0,40.0,cut_only,-0.0,-0.0,-0.0,-0.0,-0.0,-0.0
1,1,loading,0.25,1049cf7979732f65d511aae2a6fc687672ef21e221eab6671a2624673de542db,3398,78.0,40.0,cut_only,-0.0,-0.0,-0.0,-0.0,-0.0,-0.0
1,1,loading,0.25,1049cf7979732f65d511aae2a6fc687672ef21e221eab6671a2624673de542db,3399,79.0,40.0,cut_only,-0.0,-0.0,-0.0,-0.0,-0.0,-0.0
1,1,loading,0.25,1049cf7979732f65d511aae2a6fc687672ef21e221eab6671a2624673de542db,3400,80.0,40.0,physical_and_cut,4.072802452393609e-11,-2.2809078767111627e-07,7.570094279014121e-08,-3.227707684684035e-08,-7.566021476561726e-08,-1.9581371082427591e-07
2,2,loading,0.5,5b70cf246080bc0df818b08763e35eed3dda34383e20e34da4c66e7bb0dc8f03,2635,62.0,31.0,physical_only,-0.00023527284758430208,7.711204236777502e-06,-3.513543474158256e-06,3.360229419886103e-06,-0.00023175930411014383,4.350974816891409e-06
2,2,loading,0.5,5b70cf246080bc0df818b08763e35eed3dda34383e20e34da4c66e7bb0dc8f03,2636,63.0,31.0,physical_only,-1.510574115436592e-06,-9.708020893254394e-06,-1.7416403362190088e-06,3.715453481254625e-06,2.310662207824171e-07,-1.3423474374509018e-05
2,2,loading,0.5,5b70cf246080bc0df818b08763e35eed3dda34383e20e34da4c66e7bb0dc8f03,2637,64.0,31.0,physical_only,-8.781672860559258e-07,-1.2179036259565412e-05,-1.7619702987211531e-06,4.638036355460102e-06,8.838030126652273e-07,-1.681707261502551e-05
2,2,loading,0.5,5b70cf246080bc0df818b08763e35eed3dda34383e20e34da4c66e7bb0dc8f03,2638,65.0,31.0,physical_only,-8.462960740302291e-07,-1.5342365667026366e-05,-1.7869683241864708e-06,5.626224000157824e-06,9.406722501562412e-07,-2.09685896671842e-05
2,2,loading,0.5,5b70cf246080bc0df818b08763e35eed3dda34383e20e34da4c66e7bb0dc8f03,2639,66.0,31.0,physical_only,-1.278740348260189e-06,-1.826397372866535e-05,-1.8158543161119838e-06,6.695373947128426e-06,5.371139678517948e-07,-2.495934767579377e-05
2,2,loading,0.5,5b70cf246080bc0df818b08763e35eed3dda34383e20e34da4c66e7bb0dc8f03,2640,67.0,31.0,physical_only,-1.7682428306412035e-06,-2.0759132160226226e-05,-1.8465930118791795e-06,7.857980568116023e-06,7.835018123797516e-08,-2.8617112728342246e-05
2,2,loading,0.5,5b70cf246080bc0df818b08763e35eed3dda34383e20e34da4c66e7bb0dc8f03,2641,68.0,31.0,physical_only,-1.839846146343496e-06,-2.3378823693916736e-05,-1.8780523052002762e-06,9.124258527412171e-06,3.820615885678019e-08,-3.250308222132889e-05
2,2,loading,0.5,5b70cf246080bc0df818b08763e35eed3dda34383e20e34da4c66e7bb0dc8f03,2642,69.0,31.0,physical_only,-1.9774392015508638e-06,-2.6433798513015363e-05,-1.909875295086937e-06,1.0504360786332314e-05,-6.756390646392687e-08,-3.6938159299347616e-05
2,2,loading,0.5,5b70cf246080bc0df818b08763e35eed3dda34383e20e34da4c66e7bb0dc8f03,2643,70.0,31.0,physical_only,-2.1509229335585383e-06,-2.972594512145883e-05,-1.94226749114144e-06,1.200985665217456e-05,-2.0865544241709782e-07,-4.173580177363337e-05
2,2,loading,0.5,5b70cf246080bc0df818b08763e35eed3dda34383e20e34da4c66e7bb0dc8f03,2644,71.0,31.0,physical_only,-2.3703401878247744e-06,-3.322664222632022e-05,-1.9752562325330226e-06,1.3653981956729479e-05,-3.9508395529175135e-07,-4.6880624183049714e-05
2,2,loading,0.5,5b70cf246080bc0df818b08763e35eed3dda34383e20e34da4c66e7bb0dc8f03,2645,72.0,31.0,physical_only,-2.63813091231895e-06,-3.68929012147503e-05,-2.008899947037985e-06,1.5451760625972497e-05,-6.292309652809653e-07,-5.234466184072281e-05
2,2,loading,0.5,5b70cf246080bc0df818b08763e35eed3dda34383e20e34da4c66e7bb0dc8f03,2646,73.0,31.0,physical_only,-3.050497528710373e-06,-4.033209118343566e-05,-2.043032828557145e-06,1.7419901839235204e-05,-1.0074647001532278e-06,-5.775199302267086e-05
2,2,loading,0.5,5b70cf246080bc0df818b08763e35eed3dda34383e20e34da4c66e7bb0dc8f03,2647,74.0,31.0,physical_only,-2.6341823923015554e-06,-4.378088581448485e-05,-2.0779376872626705e-06,1.9577302425858904e-05,-5.562447050388845e-07,-6.335818824034368e-05
2,2,loading,0.5,5b70cf246080bc0df818b08763e35eed3dda34383e20e34da4c66e7bb0dc8f03,2648,75.0,31.0,physical_only,-1.5102200197973257e-06,-4.8780901564014095e-05,-2.114870727268122e-06,2.194769990347593e-05,6.046507074707961e-07,-7.072860146749001e-05
2,2,loading,0.5,5b70cf246080bc0df818b08763e35eed3dda34383e20e34da4c66e7bb0dc8f03,2649,76.0,31.0,physical_only,-1.9044019504962355e-09,-5.728840089468264e-05,-2.156845362119187e-06,2.456590364743009e-05,2.154940960168691e-06,-8.185430454211268e-05
2,2,loading,0.5,5b70cf246080bc0df818b08763e35eed3dda34383e20e34da4c66e7bb0dc8f03,2650,77.0,31.0,physical_only,1.1397410110270577e-07,-6.77289643017195e-05,-2.206074250964868e-06,2.7481812586228597e-05,2.3200483520675728e-06,-9.521077688794805e-05
2,2,loading,0.5,5b70cf246080bc0df818b08763e35eed3dda34383e20e34da4c66e7bb0dc8f03,2651,78.0,31.0,physical_only,-1.6982137522488702e-07,-7.874414698416004e-05,-2.2634683280375645e-06,3.0758337147420624e-05,2.093646952812677e-06,-0.00010950248413158067
2,2,loading,0.5,5b70cf246080bc0df818b08763e35eed3dda34383e20e34da4c66e7bb0dc8f03,2652,79.0,31.0,physical_only,-7.198971045415795e-07,-8.554699741815191e-05,-2.3270258751819718e-06,3.446602800147141e-05,1.6071287706403927e-06,-0.00012001302541962341
2,2,loading,0.5,5b70cf246080bc0df818b08763e35eed3dda34383e20e34da4c66e7bb0dc8f03,2653,80.0,31.0,physical_only,-9.824487484610676e-06,0.0011051995755813123,-9.335637691659832e-07,3.678872921182438e-05,-8.890923715444694e-06,0.0010684108463694878
2,2,loading,0.5,5b70cf246080bc0df818b08763e35eed3dda34383e20e34da4c66e7bb0dc8f03,2718,62.0,32.0,physical_only,-4.764969391833278e-06,-1.0601436304645496e-06,-2.2522120468558816e-06,1.1231298185890675e-07,-2.5127573449773974e-06,-1.172456612323456e-06
2,2,loading,0.5,5b70cf246080bc0df818b08763e35eed3dda34383e20e34da4c66e7bb0dc8f03,2719,63.0,32.0,interior,-0.0,-0.0,-0.0,-0.0,-0.0,-0.0
2,2,loading,0.5,5b70cf246080bc0df818b08763e35eed3dda34383e20e34da4c66e7bb0dc8f03,2720,64.0,32.0,interior,-0.0,-0.0,-0.0,-0.0,-0.0,-0.0
2,2,loading,0.5,5b70cf246080bc0df818b08763e35eed3dda34383e20e34da4c66e7bb0dc8f03,2721,65.0,32.0,interior,-0.0,-0.0,-0.0,-0.0,-0.0,-0.0
2,2,loading,0.5,5b70cf246080bc0df818b08763e35eed3dda34383e20e34da4c66e7bb0dc8f03,2722,66.0,32.0,interior,-0.0,-0.0,-0.0,-0.0,-0.0,-0.0
2,2,loading,0.5,5b70cf246080bc0df818b08763e35eed3dda34383e20e34da4c66e7bb0dc8f03,2723,67.0,32.0,interior,-0.0,-0.0,-0.0,-0.0,-0.0,-0.0
2,2,loading,0.5,5b70cf246080bc0df818b08763e35eed3dda34383e20e34da4c66e7bb0dc8f03,2724,68.0,32.0,interior,-0.0,-0.0,-0.0,-0.0,-0.0,-0.0
2,2,loading,0.5,5b70cf246080bc0df818b08763e35eed3dda34383e20e34da4c66e7bb0dc8f03,2725,69.0,32.0,interior,-0.0,-0.0,-0.0,-0.0,-0.0,-0.0
2,2,loading,0.5,5b70cf246080bc0df818b08763e35eed3dda34383e20e34da4c66e7bb0dc8f03,2726,70.0,32.0,interior,-0.0,-0.0,-0.0,-0.0,-0.0,-0.0
2,2,loading,0.5,5b70cf246080bc0df818b08763e35eed3dda34383e20e34da4c66e7bb0dc8f03,2727,71.0,32.0,interior,-0.0,-0.0,-0.0,-0.0,-0.0,-0.0
2,2,loading,0.5,5b70cf246080bc0df818b08763e35eed3dda34383e20e34da4c66e7bb0dc8f03,2728,72.0,32.0,interior,-0.0,-0.0,-0.0,-0.0,-0.0,-0.0
2,2,loading,0.5,5b70cf246080bc0df818b08763e35eed3dda34383e20e34da4c66e7bb0dc8f03,2729,73.0,32.0,interior,-0.0,-0.0,-0.0,-0.0,-0.0,-0.0
2,2,loading,0.5,5b70cf246080bc0df818b08763e35eed3dda34383e20e34da4c66e7bb0dc8f03,2730,74.0,32.0,interior,-0.0,-0.0,-0.0,-0.0,-0.0,-0.0
2,2,loading,0.5,5b70cf246080bc0df818b08763e35eed3dda34383e20e34da4c66e7bb0dc8f03,2731,75.0,32.0,interior,-0.0,-0.0,-0.0,-0.0,-0.0,-0.0
2,2,loading,0.5,5b70cf246080bc0df818b08763e35eed3dda34383e20e34da4c66e7bb0dc8f03,2732,76.0,32.0,interior,-0.0,-0.0,-0.0,-0.0,-0.0,-0.0
2,2,loading,0.5,5b70cf246080bc0df818b08763e35eed3dda34383e20e34da4c66e7bb0dc8f03,2733,77.0,32.0,interior,-0.0,-0.0,-0.0,-0.0,-0.0,-0.0
2,2,loading,0.5,5b70cf246080bc0df818b08763e35eed3dda34383e20e34da4c66e7bb0dc8f03,2734,78.0,32.0,interior,-0.0,-0.0,-0.0,-0.0,-0.0,-0.0
2,2,loading,0.5,5b70cf246080bc0df818b08763e35eed3dda34383e20e34da4c66e7bb0dc8f03,2735,79.0,32.0,interior,-0.0,-0.0,-0.0,-0.0,-0.0,-0.0
2,2,loading,0.5,5b70cf246080bc0df818b08763e35eed3dda34383e20e34da4c66e7bb0dc8f03,2736,80.0,32.0,physical_only,2.293647667765854e-08,-3.847468550607519e-08,5.430476473702447e-07,-8.765072743179143e-08,-5.201111706925858e-07,4.917604192571649e-08
2,2,loading,0.5,5b70cf246080bc0df818b08763e35eed3dda34383e20e34da4c66e7bb0dc8f03,2801,62.0,33.0,physical_only,-3.705394905069902e-06,-7.22742140032894e-07,-2.3573001326354843e-06,8.781912747001309e-08,-1.3480947724344177e-06,-8.105612675029071e-07
2,2,loading,0.5,5b70cf246080bc0df818b08763e35eed3dda34383e20e34da4c66e7bb0dc8f03,2802,63.0,33.0,interior,-0.0,-0.0,-0.0,-0.0,-0.0,-0.0
2,2,loading,0.5,5b70cf246080bc0df818b08763e35eed3dda34383e20e34da4c66e7bb0dc8f03,2803,64.0,33.0,interior,-0.0,-0.0,-0.0,-0.0,-0.0,-0.0
2,2,loading,0.5,5b70cf246080bc0df818b08763e35eed3dda34383e20e34da4c66e7bb0dc8f03,2804,65.0,33.0,interior,-0.0,-0.0,-0.0,-0.0,-0.0,-0.0
2,2,loading,0.5,5b70cf246080bc0df818b08763e35eed3dda34383e20e34da4c66e7bb0dc8f03,2805,66.0,33.0,interior,-0.0,-0.0,-0.0,-0.0,-0.0,-0.0
2,2,loading,0.5,5b70cf246080bc0df818b08763e35eed3dda34383e20e34da4c66e7bb0dc8f03,2806,67.0,33.0,interior,-0.0,-0.0,-0.0,-0.0,-0.0,-0.0
2,2,loading,0.5,5b70cf246080bc0df818b08763e35eed3dda34383e20e34da4c66e7bb0dc8f03,2807,68.0,33.0,interior,-0.0,-0.0,-0.0,-0.0,-0.0,-0.0
2,2,loading,0.5,5b70cf246080bc0df818b08763e35eed3dda34383e20e34da4c66e7bb0dc8f03,2808,69.0,33.0,interior,-0.0,-0.0,-0.0,-0.0,-0.0,-0.0
2,2,loading,0.5,5b70cf246080bc0df818b08763e35eed3dda34383e20e34da4c66e7bb0dc8f03,2809,70.0,33.0,interior,-0.0,-0.0,-0.0,-0.0,-0.0,-0.0
2,2,loading,0.5,5b70cf246080bc0df818b08763e35eed3dda34383e20e34da4c66e7bb0dc8f03,2810,71.0,33.0,interior,-0.0,-0.0,-0.0,-0.0,-0.0,-0.0
2,2,loading,0.5,5b70cf246080bc0df818b08763e35eed3dda34383e20e34da4c66e7bb0dc8f03,2811,72.0,33.0,interior,-0.0,-0.0,-0.0,-0.0,-0.0,-0.0
2,2,loading,0.5,5b70cf246080bc0df818b08763e35eed3dda34383e20e34da4c66e7bb0dc8f03,2812,73.0,33.0,interior,-0.0,-0.0,-0.0,-0.0,-0.0,-0.0
2,2,loading,0.5,5b70cf246080bc0df818b08763e35eed3dda34383e20e34da4c66e7bb0dc8f03,2813,74.0,33.0,interior,-0.0,-0.0,-0.0,-0.0,-0.0,-0.0
2,2,loading,0.5,5b70cf246080bc0df818b08763e35eed3dda34383e20e34da4c66e7bb0dc8f03,2814,75.0,33.0,interior,-0.0,-0.0,-0.0,-0.0,-0.0,-0.0
2,2,loading,0.5,5b70cf246080bc0df818b08763e35eed3dda34383e20e34da4c66e7bb0dc8f03,2815,76.0,33.0,interior,-0.0,-0.0,-0.0,-0.0,-0.0,-0.0
2,2,loading,0.5,5b70cf246080bc0df818b08763e35eed3dda34383e20e34da4c66e7bb0dc8f03,2816,77.0,33.0,interior,-0.0,-0.0,-0.0,-0.0,-0.0,-0.0
2,2,loading,0.5,5b70cf246080bc0df818b08763e35eed3dda34383e20e34da4c66e7bb0dc8f03,2817,78.0,33.0,interior,-0.0,-0.0,-0.0,-0.0,-0.0,-0.0
2,2,loading,0.5,5b70cf246080bc0df818b08763e35eed3dda34383e20e34da4c66e7bb0dc8f03,2818,79.0,33.0,interior,-0.0,-0.0,-0.0,-0.0,-0.0,-0.0
2,2,loading,0.5,5b70cf246080bc0df818b08763e35eed3dda34383e20e34da4c66e7bb0dc8f03,2819,80.0,33.0,physical_only,2.2215866220675517e-08,-3.251641787714947e-08,5.04637338163517e-07,-7.571109631564902e-08,-4.824214719428416e-07,4.3194678438499885e-08
2,2,loading,0.5,5b70cf246080bc0df818b08763e35eed3dda34383e20e34da4c66e7bb0dc8f03,2884,62.0,34.0,physical_only,-3.2218800155160972e-06,-3.3553495252508033e-07,-2.4383111482713002e-06,7.169732566741667e-08,-7.83568867244797e-07,-4.07232278192497e-07
2,2,loading,0.5,5b70cf246080bc0df818b08763e35eed3dda34383e20e34da4c66e7bb0dc8f03,2885,63.0,34.0,interior,-0.0,-0.0,-0.0,-0.0,-0.0,-0.0
2,2,loading,0.5,5b70cf246080bc0df818b08763e35eed3dda34383e20e34da4c66e7bb0dc8f03,2886,64.0,34.0,interior,-0.0,-0.0,-0.0,-0.0,-0.0,-0.0
2,2,loading,0.5,5b70cf246080bc0df818b08763e35eed3dda34383e20e34da4c66e7bb0dc8f03,2887,65.0,34.0,interior,-0.0,-0.0,-0.0,-0.0,-0.0,-0.0
2,2,loading,0.5,5b70cf246080bc0df818b08763e35eed3dda34383e20e34da4c66e7bb0dc8f03,2888,66.0,34.0,interior,-0.0,-0.0,-0.0,-0.0,-0.0,-0.0
2,2,loading,0.5,5b70cf246080bc0df818b08763e35eed3dda34383e20e34da4c66e7bb0dc8f03,2889,67.0,34.0,interior,-0.0,-0.0,-0.0,-0.0,-0.0,-0.0
2,2,loading,0.5,5b70cf246080bc0df818b08763e35eed3dda34383e20e34da4c66e7bb0dc8f03,2890,68.0,34.0,interior,-0.0,-0.0,-0.0,-0.0,-0.0,-0.0
2,2,loading,0.5,5b70cf246080bc0df818b08763e35eed3dda34383e20e34da4c66e7bb0dc8f03,2891,69.0,34.0,interior,-0.0,-0.0,-0.0,-0.0,-0.0,-0.0
2,2,loading,0.5,5b70cf246080bc0df818b08763e35eed3dda34383e20e34da4c66e7bb0dc8f03,2892,70.0,34.0,interior,-0.0,-0.0,-0.0,-0.0,-0.0,-0.0
2,2,loading,0.5,5b70cf246080bc0df818b08763e35eed3dda34383e20e34da4c66e7bb0dc8f03,2893,71.0,34.0,interior,-0.0,-0.0,-0.0,-0.0,-0.0,-0.0
2,2,loading,0.5,5b70cf246080bc0df818b08763e35eed3dda34383e20e34da4c66e7bb0dc8f03,2894,72.0,34.0,interior,-0.0,-0.0,-0.0,-0.0,-0.0,-0.0
2,2,loading,0.5,5b70cf246080bc0df818b08763e35eed3dda34383e20e34da4c66e7bb0dc8f03,2895,73.0,34.0,interior,-0.0,-0.0,-0.0,-0.0,-0.0,-0.0
2,2,loading,0.5,5b70cf246080bc0df818b08763e35eed3dda34383e20e34da4c66e7bb0dc8f03,2896,74.0,34.0,interior,-0.0,-0.0,-0.0,-0.0,-0.0,-0.0
2,2,loading,0.5,5b70cf246080bc0df818b08763e35eed3dda34383e20e34da4c66e7bb0dc8f03,2897,75.0,34.0,interior,-0.0,-0.0,-0.0,-0.0,-0.0,-0.0
2,2,loading,0.5,5b70cf246080bc0df818b08763e35eed3dda34383e20e34da4c66e7bb0dc8f03,2898,76.0,34.0,interior,-0.0,-0.0,-0.0,-0.0,-0.0,-0.0
2,2,loading,0.5,5b70cf246080bc0df818b08763e35eed3dda34383e20e34da4c66e7bb0dc8f03,2899,77.0,34.0,interior,-0.0,-0.0,-0.0,-0.0,-0.0,-0.0
2,2,loading,0.5,5b70cf246080bc0df818b08763e35eed3dda34383e20e34da4c66e7bb0dc8f03,2900,78.0,34.0,interior,-0.0,-0.0,-0.0,-0.0,-0.0,-0.0
2,2,loading,0.5,5b70cf246080bc0df818b08763e35eed3dda34383e20e34da4c66e7bb0dc8f03,2901,79.0,34.0,interior,-0.0,-0.0,-0.0,-0.0,-0.0,-0.0
2,2,loading,0.5,5b70cf246080bc0df818b08763e35eed3dda34383e20e34da4c66e7bb0dc8f03,2902,80.0,34.0,physical_only,2.1606656188824753e-08,-2.704506646418646e-08,4.723794435786691e-07,-6.417902072794227e-08,-4.5077278738984443e-07,3.7133954263756066e-08
2,2,loading,0.5,5b70cf246080bc0df818b08763e35eed3dda34383e20e34da4c66e7bb0dc8f03,2967,62.0,35.0,physical_only,-3.104072677802851e-06,-3.199187249071882e-08,-2.504242177315139e-06,5.991147098608373e-08,-5.998305004877113e-07,-9.190334347680255e-08
2,2,loading,0.5,5b70cf246080bc0df818b08763e35eed3dda34383e20e34da4c66e7bb0dc8f03,2968,63.0,35.0,interior,-0.0,-0.0,-0.0,-0.0,-0.0,-0.0
2,2,loading,0.5,5b70cf246080bc0df818b08763e35eed3dda34383e20e34da4c66e7bb0dc8f03,2969,64.0,35.0,interior,-0.0,-0.0,-0.0,-0.0,-0.0,-0.0
2,2,loading,0.5,5b70cf246080bc0df818b08763e35eed3dda34383e20e34da4c66e7bb0dc8f03,2970,65.0,35.0,interior,-0.0,-0.0,-0.0,-0.0,-0.0,-0.0
2,2,loading,0.5,5b70cf246080bc0df818b08763e35eed3dda34383e20e34da4c66e7bb0dc8f03,2971,66.0,35.0,interior,-0.0,-0.0,-0.0,-0.0,-0.0,-0.0
2,2,loading,0.5,5b70cf246080bc0df818b08763e35eed3dda34383e20e34da4c66e7bb0dc8f03,2972,67.0,35.0,interior,-0.0,-0.0,-0.0,-0.0,-0.0,-0.0
2,2,loading,0.5,5b70cf246080bc0df818b08763e35eed3dda34383e20e34da4c66e7bb0dc8f03,2973,68.0,35.0,interior,-0.0,-0.0,-0.0,-0.0,-0.0,-0.0
2,2,loading,0.5,5b70cf246080bc0df818b08763e35eed3dda34383e20e34da4c66e7bb0dc8f03,2974,69.0,35.0,interior,-0.0,-0.0,-0.0,-0.0,-0.0,-0.0
2,2,loading,0.5,5b70cf246080bc0df818b08763e35eed3dda34383e20e34da4c66e7bb0dc8f03,2975,70.0,35.0,interior,-0.0,-0.0,-0.0,-0.0,-0.0,-0.0
2,2,loading,0.5,5b70cf246080bc0df818b08763e35eed3dda34383e20e34da4c66e7bb0dc8f03,2976,71.0,35.0,interior,-0.0,-0.0,-0.0,-0.0,-0.0,-0.0
2,2,loading,0.5,5b70cf246080bc0df818b08763e35eed3dda34383e20e34da4c66e7bb0dc8f03,2977,72.0,35.0,interior,-0.0,-0.0,-0.0,-0.0,-0.0,-0.0
2,2,loading,0.5,5b70cf246080bc0df818b08763e35eed3dda34383e20e34da4c66e7bb0dc8f03,2978,73.0,35.0,interior,-0.0,-0.0,-0.0,-0.0,-0.0,-0.0
2,2,loading,0.5,5b70cf246080bc0df818b08763e35eed3dda34383e20e34da4c66e7bb0dc8f03,2979,74.0,35.0,interior,-0.0,-0.0,-0.0,-0.0,-0.0,-0.0
2,2,loading,0.5,5b70cf246080bc0df818b08763e35eed3dda34383e20e34da4c66e7bb0dc8f03,2980,75.0,35.0,interior,-0.0,-0.0,-0.0,-0.0,-0.0,-0.0
2,2,loading,0.5,5b70cf246080bc0df818b08763e35eed3dda34383e20e34da4c66e7bb0dc8f03,2981,76.0,35.0,interior,-0.0,-0.0,-0.0,-0.0,-0.0,-0.0
2,2,loading,0.5,5b70cf246080bc0df818b08763e35eed3dda34383e20e34da4c66e7bb0dc8f03,2982,77.0,35.0,interior,-0.0,-0.0,-0.0,-0.0,-0.0,-0.0
2,2,loading,0.5,5b70cf246080bc0df818b08763e35eed3dda34383e20e34da4c66e7bb0dc8f03,2983,78.0,35.0,interior,-0.0,-0.0,-0.0,-0.0,-0.0,-0.0
2,2,loading,0.5,5b70cf246080bc0df818b08763e35eed3dda34383e20e34da4c66e7bb0dc8f03,2984,79.0,35.0,interior,-0.0,-0.0,-0.0,-0.0,-0.0,-0.0
2,2,loading,0.5,5b70cf246080bc0df818b08763e35eed3dda34383e20e34da4c66e7bb0dc8f03,2985,80.0,35.0,physical_only,2.110169028437171e-08,-2.1970845070630238e-08,4.4581189449357593e-07,-5.298580205656133e-08,-4.247102042092039e-07,3.1014956985930935e-08
2,2,loading,0.5,5b70cf246080bc0df818b08763e35eed3dda34383e20e34da4c66e7bb0dc8f03,3050,62.0,36.0,physical_only,-3.180004921595813e-06,1.2772561581633575e-07,-2.5588908301856046e-06,4.944834846054785e-08,-6.211140914102082e-07,7.827726735578811e-08
2,2,loading,0.5,5b70cf246080bc0df818b08763e35eed3dda34383e20e34da4c66e7bb0dc8f03,3051,63.0,36.0,interior,-0.0,-0.0,-0.0,-0.0,-0.0,-0.0
2,2,loading,0.5,5b70cf246080bc0df818b08763e35eed3dda34383e20e34da4c66e7bb0dc8f03,3052,64.0,36.0,interior,-0.0,-0.0,-0.0,-0.0,-0.0,-0.0
2,2,loading,0.5,5b70cf246080bc0df818b08763e35eed3dda34383e20e34da4c66e7bb0dc8f03,3053,65.0,36.0,interior,-0.0,-0.0,-0.0,-0.0,-0.0,-0.0
2,2,loading,0.5,5b70cf246080bc0df818b08763e35eed3dda34383e20e34da4c66e7bb0dc8f03,3054,66.0,36.0,interior,-0.0,-0.0,-0.0,-0.0,-0.0,-0.0
2,2,loading,0.5,5b70cf246080bc0df818b08763e35eed3dda34383e20e34da4c66e7bb0dc8f03,3055,67.0,36.0,interior,-0.0,-0.0,-0.0,-0.0,-0.0,-0.0
2,2,loading,0.5,5b70cf246080bc0df818b08763e35eed3dda34383e20e34da4c66e7bb0dc8f03,3056,68.0,36.0,interior,-0.0,-0.0,-0.0,-0.0,-0.0,-0.0
2,2,loading,0.5,5b70cf246080bc0df818b08763e35eed3dda34383e20e34da4c66e7bb0dc8f03,3057,69.0,36.0,interior,-0.0,-0.0,-0.0,-0.0,-0.0,-0.0
2,2,loading,0.5,5b70cf246080bc0df818b08763e35eed3dda34383e20e34da4c66e7bb0dc8f03,3058,70.0,36.0,interior,-0.0,-0.0,-0.0,-0.0,-0.0,-0.0
2,2,loading,0.5,5b70cf246080bc0df818b08763e35eed3dda34383e20e34da4c66e7bb0dc8f03,3059,71.0,36.0,interior,-0.0,-0.0,-0.0,-0.0,-0.0,-0.0
2,2,loading,0.5,5b70cf246080bc0df818b08763e35eed3dda34383e20e34da4c66e7bb0dc8f03,3060,72.0,36.0,interior,-0.0,-0.0,-0.0,-0.0,-0.0,-0.0
2,2,loading,0.5,5b70cf246080bc0df818b08763e35eed3dda34383e20e34da4c66e7bb0dc8f03,3061,73.0,36.0,interior,-0.0,-0.0,-0.0,-0.0,-0.0,-0.0
2,2,loading,0.5,5b70cf246080bc0df818b08763e35eed3dda34383e20e34da4c66e7bb0dc8f03,3062,74.0,36.0,interior,-0.0,-0.0,-0.0,-0.0,-0.0,-0.0
2,2,loading,0.5,5b70cf246080bc0df818b08763e35eed3dda34383e20e34da4c66e7bb0dc8f03,3063,75.0,36.0,interior,-0.0,-0.0,-0.0,-0.0,-0.0,-0.0
2,2,loading,0.5,5b70cf246080bc0df818b08763e35eed3dda34383e20e34da4c66e7bb0dc8f03,3064,76.0,36.0,interior,-0.0,-0.0,-0.0,-0.0,-0.0,-0.0
2,2,loading,0.5,5b70cf246080bc0df818b08763e35eed3dda34383e20e34da4c66e7bb0dc8f03,3065,77.0,36.0,interior,-0.0,-0.0,-0.0,-0.0,-0.0,-0.0
2,2,loading,0.5,5b70cf246080bc0df818b08763e35eed3dda34383e20e34da4c66e7bb0dc8f03,3066,78.0,36.0,interior,-0.0,-0.0,-0.0,-0.0,-0.0,-0.0
2,2,loading,0.5,5b70cf246080bc0df818b08763e35eed3dda34383e20e34da4c66e7bb0dc8f03,3067,79.0,36.0,interior,-0.0,-0.0,-0.0,-0.0,-0.0,-0.0
2,2,loading,0.5,5b70cf246080bc0df818b08763e35eed3dda34383e20e34da4c66e7bb0dc8f03,3068,80.0,36.0,physical_only,2.0695392604158618e-08,-1.7214069198292236e-08,4.24559655704648e-07,-4.206791237017263e-08,-4.0386426310048937e-07,2.4853843171880275e-08
2,2,loading,0.5,5b70cf246080bc0df818b08763e35eed3dda34383e20e34da4c66e7bb0dc8f03,3133,62.0,37.0,physical_only,-3.3090012167090358e-06,1.7163346183230084e-07,-2.602893995835109e-06,3.852874234096793e-08,-7.061072208739269e-07,1.3310471949133301e-07
2,2,loading,0.5,5b70cf246080bc0df818b08763e35eed3dda34383e20e34da4c66e7bb0dc8f03,3134,63.0,37.0,interior,-0.0,-0.0,-0.0,-0.0,-0.0,-0.0
2,2,loading,0.5,5b70cf246080bc0df818b08763e35eed3dda34383e20e34da4c66e7bb0dc8f03,3135,64.0,37.0,interior,-0.0,-0.0,-0.0,-0.0,-0.0,-0.0
2,2,loading,0.5,5b70cf246080bc0df818b08763e35eed3dda34383e20e34da4c66e7bb0dc8f03,3136,65.0,37.0,interior,-0.0,-0.0,-0.0,-0.0,-0.0,-0.0
2,2,loading,0.5,5b70cf246080bc0df818b08763e35eed3dda34383e20e34da4c66e7bb0dc8f03,3137,66.0,37.0,interior,-0.0,-0.0,-0.0,-0.0,-0.0,-0.0
2,2,loading,0.5,5b70cf246080bc0df818b08763e35eed3dda34383e20e34da4c66e7bb0dc8f03,3138,67.0,37.0,interior,-0.0,-0.0,-0.0,-0.0,-0.0,-0.0
2,2,loading,0.5,5b70cf246080bc0df818b08763e35eed3dda34383e20e34da4c66e7bb0dc8f03,3139,68.0,37.0,interior,-0.0,-0.0,-0.0,-0.0,-0.0,-0.0
2,2,loading,0.5,5b70cf246080bc0df818b08763e35eed3dda34383e20e34da4c66e7bb0dc8f03,3140,69.0,37.0,interior,-0.0,-0.0,-0.0,-0.0,-0.0,-0.0
2,2,loading,0.5,5b70cf246080bc0df818b08763e35eed3dda34383e20e34da4c66e7bb0dc8f03,3141,70.0,37.0,interior,-0.0,-0.0,-0.0,-0.0,-0.0,-0.0
2,2,loading,0.5,5b70cf246080bc0df818b08763e35eed3dda34383e20e34da4c66e7bb0dc8f03,3142,71.0,37.0,interior,-0.0,-0.0,-0.0,-0.0,-0.0,-0.0
2,2,loading,0.5,5b70cf246080bc0df818b08763e35eed3dda34383e20e34da4c66e7bb0dc8f03,3143,72.0,37.0,interior,-0.0,-0.0,-0.0,-0.0,-0.0,-0.0
2,2,loading,0.5,5b70cf246080bc0df818b08763e35eed3dda34383e20e34da4c66e7bb0dc8f03,3144,73.0,37.0,interior,-0.0,-0.0,-0.0,-0.0,-0.0,-0.0
2,2,loading,0.5,5b70cf246080bc0df818b08763e35eed3dda34383e20e34da4c66e7bb0dc8f03,3145,74.0,37.0,interior,-0.0,-0.0,-0.0,-0.0,-0.0,-0.0
2,2,loading,0.5,5b70cf246080bc0df818b08763e35eed3dda34383e20e34da4c66e7bb0dc8f03,3146,75.0,37.0,interior,-0.0,-0.0,-0.0,-0.0,-0.0,-0.0
2,2,loading,0.5,5b70cf246080bc0df818b08763e35eed3dda34383e20e34da4c66e7bb0dc8f03,3147,76.0,37.0,interior,-0.0,-0.0,-0.0,-0.0,-0.0,-0.0
2,2,loading,0.5,5b70cf246080bc0df818b08763e35eed3dda34383e20e34da4c66e7bb0dc8f03,3148,77.0,37.0,interior,-0.0,-0.0,-0.0,-0.0,-0.0,-0.0
2,2,loading,0.5,5b70cf246080bc0df818b08763e35eed3dda34383e20e34da4c66e7bb0dc8f03,3149,78.0,37.0,interior,-0.0,-0.0,-0.0,-0.0,-0.0,-0.0
2,2,loading,0.5,5b70cf246080bc0df818b08763e35eed3dda34383e20e34da4c66e7bb0dc8f03,3150,79.0,37.0,interior,-0.0,-0.0,-0.0,-0.0,-0.0,-0.0
2,2,loading,0.5,5b70cf246080bc0df818b08763e35eed3dda34383e20e34da4c66e7bb0dc8f03,3151,80.0,37.0,physical_only,2.038349815834742e-08,-1.2702807948648968e-08,4.083262641577971e-07,-3.136584313782542e-08,-3.879427659994497e-07,1.8663035189176108e-08
2,2,loading,0.5,5b70cf246080bc0df818b08763e35eed3dda34383e20e34da4c66e7bb0dc8f03,3216,62.0,38.0,physical_only,-3.4210150996022076e-06,1.4186576672928518e-07,-2.6354507568427504e-06,2.653275940667991e-08,-7.855643427594567e-07,1.1533300732260538e-07
2,2,loading,0.5,5b70cf246080bc0df818b08763e35eed3dda34383e20e34da4c66e7bb0dc8f03,3217,63.0,38.0,interior,-0.0,-0.0,-0.0,-0.0,-0.0,-0.0
2,2,loading,0.5,5b70cf246080bc0df818b08763e35eed3dda34383e20e34da4c66e7bb0dc8f03,3218,64.0,38.0,interior,-0.0,-0.0,-0.0,-0.0,-0.0,-0.0
2,2,loading,0.5,5b70cf246080bc0df818b08763e35eed3dda34383e20e34da4c66e7bb0dc8f03,3219,65.0,38.0,interior,-0.0,-0.0,-0.0,-0.0,-0.0,-0.0
2,2,loading,0.5,5b70cf246080bc0df818b08763e35eed3dda34383e20e34da4c66e7bb0dc8f03,3220,66.0,38.0,interior,-0.0,-0.0,-0.0,-0.0,-0.0,-0.0
2,2,loading,0.5,5b70cf246080bc0df818b08763e35eed3dda34383e20e34da4c66e7bb0dc8f03,3221,67.0,38.0,interior,-0.0,-0.0,-0.0,-0.0,-0.0,-0.0
2,2,loading,0.5,5b70cf246080bc0df818b08763e35eed3dda34383e20e34da4c66e7bb0dc8f03,3222,68.0,38.0,interior,-0.0,-0.0,-0.0,-0.0,-0.0,-0.0
2,2,loading,0.5,5b70cf246080bc0df818b08763e35eed3dda34383e20e34da4c66e7bb0dc8f03,3223,69.0,38.0,interior,-0.0,-0.0,-0.0,-0.0,-0.0,-0.0
2,2,loading,0.5,5b70cf246080bc0df818b08763e35eed3dda34383e20e34da4c66e7bb0dc8f03,3224,70.0,38.0,interior,-0.0,-0.0,-0.0,-0.0,-0.0,-0.0
2,2,loading,0.5,5b70cf246080bc0df818b08763e35eed3dda34383e20e34da4c66e7bb0dc8f03,3225,71.0,38.0,interior,-0.0,-0.0,-0.0,-0.0,-0.0,-0.0
2,2,loading,0.5,5b70cf246080bc0df818b08763e35eed3dda34383e20e34da4c66e7bb0dc8f03,3226,72.0,38.0,interior,-0.0,-0.0,-0.0,-0.0,-0.0,-0.0
2,2,loading,0.5,5b70cf246080bc0df818b08763e35eed3dda34383e20e34da4c66e7bb0dc8f03,3227,73.0,38.0,interior,-0.0,-0.0,-0.0,-0.0,-0.0,-0.0
2,2,loading,0.5,5b70cf246080bc0df818b08763e35eed3dda34383e20e34da4c66e7bb0dc8f03,3228,74.0,38.0,interior,-0.0,-0.0,-0.0,-0.0,-0.0,-0.0
2,2,loading,0.5,5b70cf246080bc0df818b08763e35eed3dda34383e20e34da4c66e7bb0dc8f03,3229,75.0,38.0,interior,-0.0,-0.0,-0.0,-0.0,-0.0,-0.0
2,2,loading,0.5,5b70cf246080bc0df818b08763e35eed3dda34383e20e34da4c66e7bb0dc8f03,3230,76.0,38.0,interior,-0.0,-0.0,-0.0,-0.0,-0.0,-0.0
2,2,loading,0.5,5b70cf246080bc0df818b08763e35eed3dda34383e20e34da4c66e7bb0dc8f03,3231,77.0,38.0,interior,-0.0,-0.0,-0.0,-0.0,-0.0,-0.0
2,2,loading,0.5,5b70cf246080bc0df818b08763e35eed3dda34383e20e34da4c66e7bb0dc8f03,3232,78.0,38.0,interior,-0.0,-0.0,-0.0,-0.0,-0.0,-0.0
2,2,loading,0.5,5b70cf246080bc0df818b08763e35eed3dda34383e20e34da4c66e7bb0dc8f03,3233,79.0,38.0,interior,-0.0,-0.0,-0.0,-0.0,-0.0,-0.0
2,2,loading,0.5,5b70cf246080bc0df818b08763e35eed3dda34383e20e34da4c66e7bb0dc8f03,3234,80.0,38.0,physical_only,2.0162860811139067e-08,-8.370932015319234e-09,3.9688736314036434e-07,-2.0823124793694158e-08,-3.7672450232922516e-07,1.2452192778375097e-08
2,2,loading,0.5,5b70cf246080bc0df818b08763e35eed3dda34383e20e34da4c66e7bb0dc8f03,3299,62.0,39.0,physical_only,-3.4894074351741584e-06,7.680398375283653e-08,-2.6554977602381015e-06,1.3544892740887608e-08,-8.339096749360575e-07,6.325909101194892e-08
2,2,loading,0.5,5b70cf246080bc0df818b08763e35eed3dda34383e20e34da4c66e7bb0dc8f03,3300,63.0,39.0,interior,-0.0,-0.0,-0.0,-0.0,-0.0,-0.0
2,2,loading,0.5,5b70cf246080bc0df818b08763e35eed3dda34383e20e34da4c66e7bb0dc8f03,3301,64.0,39.0,interior,-0.0,-0.0,-0.0,-0.0,-0.0,-0.0
2,2,loading,0.5,5b70cf246080bc0df818b08763e35eed3dda34383e20e34da4c66e7bb0dc8f03,3302,65.0,39.0,interior,-0.0,-0.0,-0.0,-0.0,-0.0,-0.0
2,2,loading,0.5,5b70cf246080bc0df818b08763e35eed3dda34383e20e34da4c66e7bb0dc8f03,3303,66.0,39.0,interior,-0.0,-0.0,-0.0,-0.0,-0.0,-0.0
2,2,loading,0.5,5b70cf246080bc0df818b08763e35eed3dda34383e20e34da4c66e7bb0dc8f03,3304,67.0,39.0,interior,-0.0,-0.0,-0.0,-0.0,-0.0,-0.0
2,2,loading,0.5,5b70cf246080bc0df818b08763e35eed3dda34383e20e34da4c66e7bb0dc8f03,3305,68.0,39.0,interior,-0.0,-0.0,-0.0,-0.0,-0.0,-0.0
2,2,loading,0.5,5b70cf246080bc0df818b08763e35eed3dda34383e20e34da4c66e7bb0dc8f03,3306,69.0,39.0,interior,-0.0,-0.0,-0.0,-0.0,-0.0,-0.0
2,2,loading,0.5,5b70cf246080bc0df818b08763e35eed3dda34383e20e34da4c66e7bb0dc8f03,3307,70.0,39.0,interior,-0.0,-0.0,-0.0,-0.0,-0.0,-0.0
2,2,loading,0.5,5b70cf246080bc0df818b08763e35eed3dda34383e20e34da4c66e7bb0dc8f03,3308,71.0,39.0,interior,-0.0,-0.0,-0.0,-0.0,-0.0,-0.0
2,2,loading,0.5,5b70cf246080bc0df818b08763e35eed3dda34383e20e34da4c66e7bb0dc8f03,3309,72.0,39.0,interior,-0.0,-0.0,-0.0,-0.0,-0.0,-0.0
2,2,loading,0.5,5b70cf246080bc0df818b08763e35eed3dda34383e20e34da4c66e7bb0dc8f03,3310,73.0,39.0,interior,-0.0,-0.0,-0.0,-0.0,-0.0,-0.0
2,2,loading,0.5,5b70cf246080bc0df818b08763e35eed3dda34383e20e34da4c66e7bb0dc8f03,3311,74.0,39.0,interior,-0.0,-0.0,-0.0,-0.0,-0.0,-0.0
2,2,loading,0.5,5b70cf246080bc0df818b08763e35eed3dda34383e20e34da4c66e7bb0dc8f03,3312,75.0,39.0,interior,-0.0,-0.0,-0.0,-0.0,-0.0,-0.0
2,2,loading,0.5,5b70cf246080bc0df818b08763e35eed3dda34383e20e34da4c66e7bb0dc8f03,3313,76.0,39.0,interior,-0.0,-0.0,-0.0,-0.0,-0.0,-0.0
2,2,loading,0.5,5b70cf246080bc0df818b08763e35eed3dda34383e20e34da4c66e7bb0dc8f03,3314,77.0,39.0,interior,-0.0,-0.0,-0.0,-0.0,-0.0,-0.0
2,2,loading,0.5,5b70cf246080bc0df818b08763e35eed3dda34383e20e34da4c66e7bb0dc8f03,3315,78.0,39.0,interior,-0.0,-0.0,-0.0,-0.0,-0.0,-0.0
2,2,loading,0.5,5b70cf246080bc0df818b08763e35eed3dda34383e20e34da4c66e7bb0dc8f03,3316,79.0,39.0,interior,-0.0,-0.0,-0.0,-0.0,-0.0,-0.0
2,2,loading,0.5,5b70cf246080bc0df818b08763e35eed3dda34383e20e34da4c66e7bb0dc8f03,3317,80.0,39.0,physical_only,2.003131963962393e-08,-4.156443697538799e-09,3.9008593910062223e-07,-1.0385469621536938e-08,-3.700546194609983e-07,6.229025923998365e-09
2,2,loading,0.5,5b70cf246080bc0df818b08763e35eed3dda34383e20e34da4c66e7bb0dc8f03,3382,62.0,40.0,physical_and_cut,-1.755814286757201e-06,-2.1275329343120073e-06,-1.3311347022470883e-06,-5.901253366704504e-07,-4.2467958451011266e-07,-1.5374075976415572e-06
2,2,loading,0.5,5b70cf246080bc0df818b08763e35eed3dda34383e20e34da4c66e7bb0dc8f03,3383,63.0,40.0,cut_only,-0.0,-0.0,-0.0,-0.0,-0.0,-0.0
2,2,loading,0.5,5b70cf246080bc0df818b08763e35eed3dda34383e20e34da4c66e7bb0dc8f03,3384,64.0,40.0,cut_only,-0.0,-0.0,-0.0,-0.0,-0.0,-0.0
2,2,loading,0.5,5b70cf246080bc0df818b08763e35eed3dda34383e20e34da4c66e7bb0dc8f03,3385,65.0,40.0,cut_only,-0.0,-0.0,-0.0,-0.0,-0.0,-0.0
2,2,loading,0.5,5b70cf246080bc0df818b08763e35eed3dda34383e20e34da4c66e7bb0dc8f03,3386,66.0,40.0,cut_only,-0.0,-0.0,-0.0,-0.0,-0.0,-0.0
2,2,loading,0.5,5b70cf246080bc0df818b08763e35eed3dda34383e20e34da4c66e7bb0dc8f03,3387,67.0,40.0,cut_only,-0.0,-0.0,-0.0,-0.0,-0.0,-0.0
2,2,loading,0.5,5b70cf246080bc0df818b08763e35eed3dda34383e20e34da4c66e7bb0dc8f03,3388,68.0,40.0,cut_only,-0.0,-0.0,-0.0,-0.0,-0.0,-0.0
2,2,loading,0.5,5b70cf246080bc0df818b08763e35eed3dda34383e20e34da4c66e7bb0dc8f03,3389,69.0,40.0,cut_only,-0.0,-0.0,-0.0,-0.0,-0.0,-0.0
2,2,loading,0.5,5b70cf246080bc0df818b08763e35eed3dda34383e20e34da4c66e7bb0dc8f03,3390,70.0,40.0,cut_only,-0.0,-0.0,-0.0,-0.0,-0.0,-0.0
2,2,loading,0.5,5b70cf246080bc0df818b08763e35eed3dda34383e20e34da4c66e7bb0dc8f03,3391,71.0,40.0,cut_only,-0.0,-0.0,-0.0,-0.0,-0.0,-0.0
2,2,loading,0.5,5b70cf246080bc0df818b08763e35eed3dda34383e20e34da4c66e7bb0dc8f03,3392,72.0,40.0,cut_only,-0.0,-0.0,-0.0,-0.0,-0.0,-0.0
2,2,loading,0.5,5b70cf246080bc0df818b08763e35eed3dda34383e20e34da4c66e7bb0dc8f03,3393,73.0,40.0,cut_only,-0.0,-0.0,-0.0,-0.0,-0.0,-0.0
2,2,loading,0.5,5b70cf246080bc0df818b08763e35eed3dda34383e20e34da4c66e7bb0dc8f03,3394,74.0,40.0,cut_only,-0.0,-0.0,-0.0,-0.0,-0.0,-0.0
2,2,loading,0.5,5b70cf246080bc0df818b08763e35eed3dda34383e20e34da4c66e7bb0dc8f03,3395,75.0,40.0,cut_only,-0.0,-0.0,-0.0,-0.0,-0.0,-0.0
2,2,loading,0.5,5b70cf246080bc0df818b08763e35eed3dda34383e20e34da4c66e7bb0dc8f03,3396,76.0,40.0,cut_only,-0.0,-0.0,-0.0,-0.0,-0.0,-0.0
2,2,loading,0.5,5b70cf246080bc0df818b08763e35eed3dda34383e20e34da4c66e7bb0dc8f03,3397,77.0,40.0,cut_only,-0.0,-0.0,-0.0,-0.0,-0.0,-0.0
2,2,loading,0.5,5b70cf246080bc0df818b08763e35eed3dda34383e20e34da4c66e7bb0dc8f03,3398,78.0,40.0,cut_only,-0.0,-0.0,-0.0,-0.0,-0.0,-0.0
2,2,loading,0.5,5b70cf246080bc0df818b08763e35eed3dda34383e20e34da4c66e7bb0dc8f03,3399,79.0,40.0,cut_only,-0.0,-0.0,-0.0,-0.0,-0.0,-0.0
2,2,loading,0.5,5b70cf246080bc0df818b08763e35eed3dda34383e20e34da4c66e7bb0dc8f03,3400,80.0,40.0,physical_and_cut,9.993805587972742e-09,2.367139301661616e-06,1.9391452720995316e-07,-8.802600335434404e-08,-1.8392072162198044e-07,2.45516530501596e-06
3,3,loading,0.65,f27c26f890823b197af5b1a26f95688f16e5455345236d13f334dc9697a8ffa8,2635,62.0,31.0,physical_only,-0.0003186734343838199,-1.2028269427074427e-05,-4.492498248731336e-06,4.561445282286946e-06,-0.00031418093613508856,-1.658971470936139e-05
3,3,loading,0.65,f27c26f890823b197af5b1a26f95688f16e5455345236d13f334dc9697a8ffa8,2636,63.0,31.0,physical_only,-1.658641573614981e-06,-2.2661572409465576e-05,-2.3307173778602647e-06,5.109949798872547e-06,6.720758042452836e-07,-2.7771522208338125e-05
3,3,loading,0.65,f27c26f890823b197af5b1a26f95688f16e5455345236d13f334dc9697a8ffa8,2637,64.0,31.0,physical_only,-5.260827207578903e-07,-2.903069251999072e-05,-2.3672355803827355e-06,6.4416744298776845e-06,1.8411528596248448e-06,-3.5472366949868374e-05
3,3,loading,0.65,f27c26f890823b197af5b1a26f95688f16e5455345236d13f334dc9697a8ffa8,2638,65.0,31.0,physical_only,-3.411873729552547e-07,-3.751420029363058e-05,-2.412035677205249e-06,7.906009507993307e-06,2.0708483042499946e-06,-4.5420209801623864e-05
3,3,loading,0.65,f27c26f890823b197af5b1a26f95688f16e5455345236d13f334dc9697a8ffa8,2639,66.0,31.0,physical_only,-9.959183427201854e-07,-4.659258718762993e-05,-2.464418047528449e-06,9.536783136556477e-06,1.4684997048082636e-06,-5.612937032418644e-05
3,3,loading,0.65,f27c26f890823b197af5b1a26f95688f16e5455345236d13f334dc9697a8ffa8,2640,67.0,31.0,physical_only,-1.8432692693574886e-06,-5.590350737749917e-05,-2.5218478740585884e-06,1.136702218911482e-05,6.78578604701099e-07,-6.727052956661406e-05
3,3,loading,0.65,f27c26f890823b197af5b1a26f95688f16e5455345236d13f334dc9697a8ffa8,2641,68.0,31.0,physical_only,-1.9279686267364896e-06,-6.649798016218037e-05,-2.5831872715052545e-06,1.3430751926654406e-05,6.55218644768765e-07,-7.992873208883476e-05
3,3,loading,0.65,f27c26f890823b197af5b1a26f95688f16e5455345236d13f334dc9697a8ffa8,2642,69.0,31.0,physical_only,-2.154051132960159e-06,-7.915018271967858e-05,-2.648558525015115e-06,1.5767662329981316e-05,4.945073920549553e-07,-9.491784504965994e-05
3,3,loading,0.65,f27c26f890823b197af5b1a26f95688f16e5455345236d13f334dc9697a8ffa8,2643,70.0,31.0,physical_only,-2.4684430480799695e-06,-9.36393058987323e-05,-2.71901978240386e-06,1.8427186193751648e-05,2.5057673432389213e-07,-0.00011206649209248392
3,3,loading,0.65,f27c26f890823b197af5b1a26f95688f16e5455345236d13f334dc9697a8ffa8,2644,71.0,31.0,physical_only,-2.8934422412601877e-06,-0.00011007337321537422,-2.795566544047383e-06,2.1471257507154002e-05,-9.787569721280494e-08,-0.00013154463072252828
3,3,loading,0.65,f27c26f890823b197af5b1a26f95688f16e5455345236d13f334dc9697a8ffa8,2645,72.0,31.0,physical_only,-3.4306047271131633e-06,-0.00012852621046346806,-2.8795138504052406e-06,2.49781560882949e-05,-5.510908767079214e-07,-0.00015350436655176306
3,3,loading,0.65,f27c26f890823b197af5b1a26f95688f16e5455345236d13f334dc9697a8ffa8,2646,73.0,31.0,physical_only,-4.279949255482962e-06,-0.00014828517480970974,-2.9721659895476804e-06,2.9047249796793678e-05,-1.3077832659352804e-06,-0.00017733242460650348
3,3,loading,0.65,f27c26f890823b197af5b1a26f95688f16e5455345236d13f334dc9697a8ffa8,2647,74.0,31.0,physical_only,-3.161083466698189e-06,-0.00017006305799442743,-3.075989968018031e-06,3.3807179113664544e-05,-8.509349868015746e-08,-0.00020387023710809172
3,3,loading,0.65,f27c26f890823b197af5b1a26f95688f16e5455345236d13f334dc9697a8ffa8,2648,75.0,31.0,physical_only,-2.042507610874226e-07,-0.00019805368159678738,-3.196102759063614e-06,3.9433498947546446e-05,2.9918519979761906e-06,-0.0002374871805443338
3,3,loading,0.65,f27c26f890823b197af5b1a26f95688f16e5455345236d13f334dc9697a8ffa8,2649,76.0,31.0,physical_only,3.7423114149189772e-06,-0.00023803646057915366,-3.342288831252709e-06,4.618420471893733e-05,7.084600246171686e-06,-0.0002842206652980911
3,3,loading,0.65,f27c26f890823b197af5b1a26f95688f16e5455345236d13f334dc9697a8ffa8,2650,77.0,31.0,physical_only,3.7850366061564455e-06,-0.0002863058475172614,-3.5250715501337226e-06,5.444526406650675e-05,7.310108156290167e-06,-0.0003407511115837683
3,3,loading,0.65,f27c26f890823b197af5b1a26f95688f16e5455345236d13f334dc9697a8ffa8,2651,78.0,31.0,physical_only,2.6581946785705637e-06,-0.00033925880659450196,-3.755603140998868e-06,6.478463604736157e-05,6.41379781956943e-06,-0.0004040434426418639
3,3,loading,0.65,f27c26f890823b197af5b1a26f95688f16e5455345236d13f334dc9697a8ffa8,2652,79.0,31.0,physical_only,2.0193198330583078e-07,-0.0003612499929661942,-4.034901054999059e-06,7.800184069502511e-05,4.236833038304893e-06,-0.00043925183366121936
3,3,loading,0.65,f27c26f890823b197af5b1a26f95688f16e5455345236d13f334dc9697a8ffa8,2653,80.0,31.0,physical_only,-3.016194301079921e-05,0.0032471609336475553,5.930434459346654e-07,8.39294221780767e-05,-3.075498645673388e-05,0.0031632315114694786
3,3,loading,0.65,f27c26f890823b197af5b1a26f95688f16e5455345236d13f334dc9697a8ffa8,2718,62.0,32.0,physical_only,-5.795536205201093e-06,-1.1520133632820141e-06,-2.7682908052100157e-06,1.2979057971981255e-07,-3.027245399991079e-06,-1.2818039430018264e-06
3,3,loading,0.65,f27c26f890823b197af5b1a26f95688f16e5455345236d13f334dc9697a8ffa8,2719,63.0,32.0,interior,-0.0,-0.0,-0.0,-0.0,-0.0,-0.0
3,3,loading,0.65,f27c26f890823b197af5b1a26f95688f16e5455345236d13f334dc9697a8ffa8,2720,64.0,32.0,interior,-0.0,-0.0,-0.0,-0.0,-0.0,-0.0
3,3,loading,0.65,f27c26f890823b197af5b1a26f95688f16e5455345236d13f334dc9697a8ffa8,2721,65.0,32.0,interior,-0.0,-0.0,-0.0,-0.0,-0.0,-0.0
3,3,loading,0.65,f27c26f890823b197af5b1a26f95688f16e5455345236d13f334dc9697a8ffa8,2722,66.0,32.0,interior,-0.0,-0.0,-0.0,-0.0,-0.0,-0.0
3,3,loading,0.65,f27c26f890823b197af5b1a26f95688f16e5455345236d13f334dc9697a8ffa8,2723,67.0,32.0,interior,-0.0,-0.0,-0.0,-0.0,-0.0,-0.0
3,3,loading,0.65,f27c26f890823b197af5b1a26f95688f16e5455345236d13f334dc9697a8ffa8,2724,68.0,32.0,interior,-0.0,-0.0,-0.0,-0.0,-0.0,-0.0
3,3,loading,0.65,f27c26f890823b197af5b1a26f95688f16e5455345236d13f334dc9697a8ffa8,2725,69.0,32.0,interior,-0.0,-0.0,-0.0,-0.0,-0.0,-0.0
3,3,loading,0.65,f27c26f890823b197af5b1a26f95688f16e5455345236d13f334dc9697a8ffa8,2726,70.0,32.0,interior,-0.0,-0.0,-0.0,-0.0,-0.0,-0.0
3,3,loading,0.65,f27c26f890823b197af5b1a26f95688f16e5455345236d13f334dc9697a8ffa8,2727,71.0,32.0,interior,-0.0,-0.0,-0.0,-0.0,-0.0,-0.0
3,3,loading,0.65,f27c26f890823b197af5b1a26f95688f16e5455345236d13f334dc9697a8ffa8,2728,72.0,32.0,interior,-0.0,-0.0,-0.0,-0.0,-0.0,-0.0
3,3,loading,0.65,f27c26f890823b197af5b1a26f95688f16e5455345236d13f334dc9697a8ffa8,2729,73.0,32.0,interior,-0.0,-0.0,-0.0,-0.0,-0.0,-0.0
3,3,loading,0.65,f27c26f890823b197af5b1a26f95688f16e5455345236d13f334dc9697a8ffa8,2730,74.0,32.0,interior,-0.0,-0.0,-0.0,-0.0,-0.0,-0.0
3,3,loading,0.65,f27c26f890823b197af5b1a26f95688f16e5455345236d13f334dc9697a8ffa8,2731,75.0,32.0,interior,-0.0,-0.0,-0.0,-0.0,-0.0,-0.0
3,3,loading,0.65,f27c26f890823b197af5b1a26f95688f16e5455345236d13f334dc9697a8ffa8,2732,76.0,32.0,interior,-0.0,-0.0,-0.0,-0.0,-0.0,-0.0
3,3,loading,0.65,f27c26f890823b197af5b1a26f95688f16e5455345236d13f334dc9697a8ffa8,2733,77.0,32.0,interior,-0.0,-0.0,-0.0,-0.0,-0.0,-0.0
3,3,loading,0.65,f27c26f890823b197af5b1a26f95688f16e5455345236d13f334dc9697a8ffa8,2734,78.0,32.0,interior,-0.0,-0.0,-0.0,-0.0,-0.0,-0.0
3,3,loading,0.65,f27c26f890823b197af5b1a26f95688f16e5455345236d13f334dc9697a8ffa8,2735,79.0,32.0,interior,-0.0,-0.0,-0.0,-0.0,-0.0,-0.0
3,3,loading,0.65,f27c26f890823b197af5b1a26f95688f16e5455345236d13f334dc9697a8ffa8,2736,80.0,32.0,physical_only,8.002045563144893e-08,-6.714681958669511e-08,8.374039989397093e-07,-3.219215822801613e-07,-7.573835433082606e-07,2.5477476269346695e-07
3,3,loading,0.65,f27c26f890823b197af5b1a26f95688f16e5455345236d13f334dc9697a8ffa8,2801,62.0,33.0,physical_only,-4.609600630427602e-06,-7.673885706299468e-07,-2.912889615972801e-06,1.012359438036328e-07,-1.6967110144548013e-06,-8.686245144335799e-07
3,3,loading,0.65,f27c26f890823b197af5b1a26f95688f16e5455345236d13f334dc9697a8ffa8,2802,63.0,33.0,interior,-0.0,-0.0,-0.0,-0.0,-0.0,-0.0
3,3,loading,0.65,f27c26f890823b197af5b1a26f95688f16e5455345236d13f334dc9697a8ffa8,2803,64.0,33.0,interior,-0.0,-0.0,-0.0,-0.0,-0.0,-0.0
3,3,loading,0.65,f27c26f890823b197af5b1a26f95688f16e5455345236d13f334dc9697a8ffa8,2804,65.0,33.0,interior,-0.0,-0.0,-0.0,-0.0,-0.0,-0.0
3,3,loading,0.65,f27c26f890823b197af5b1a26f95688f16e5455345236d13f334dc9697a8ffa8,2805,66.0,33.0,interior,-0.0,-0.0,-0.0,-0.0,-0.0,-0.0
3,3,loading,0.65,f27c26f890823b197af5b1a26f95688f16e5455345236d13f334dc9697a8ffa8,2806,67.0,33.0,interior,-0.0,-0.0,-0.0,-0.0,-0.0,-0.0
3,3,loading,0.65,f27c26f890823b197af5b1a26f95688f16e5455345236d13f334dc9697a8ffa8,2807,68.0,33.0,interior,-0.0,-0.0,-0.0,-0.0,-0.0,-0.0
3,3,loading,0.65,f27c26f890823b197af5b1a26f95688f16e5455345236d13f334dc9697a8ffa8,2808,69.0,33.0,interior,-0.0,-0.0,-0.0,-0.0,-0.0,-0.0
3,3,loading,0.65,f27c26f890823b197af5b1a26f95688f16e5455345236d13f334dc9697a8ffa8,2809,70.0,33.0,interior,-0.0,-0.0,-0.0,-0.0,-0.0,-0.0
3,3,loading,0.65,f27c26f890823b197af5b1a26f95688f16e5455345236d13f334dc9697a8ffa8,2810,71.0,33.0,interior,-0.0,-0.0,-0.0,-0.0,-0.0,-0.0
3,3,loading,0.65,f27c26f890823b197af5b1a26f95688f16e5455345236d13f334dc9697a8ffa8,2811,72.0,33.0,interior,-0.0,-0.0,-0.0,-0.0,-0.0,-0.0
3,3,loading,0.65,f27c26f890823b197af5b1a26f95688f16e5455345236d13f334dc9697a8ffa8,2812,73.0,33.0,interior,-0.0,-0.0,-0.0,-0.0,-0.0,-0.0
3,3,loading,0.65,f27c26f890823b197af5b1a26f95688f16e5455345236d13f334dc9697a8ffa8,2813,74.0,33.0,interior,-0.0,-0.0,-0.0,-0.0,-0.0,-0.0
3,3,loading,0.65,f27c26f890823b197af5b1a26f95688f16e5455345236d13f334dc9697a8ffa8,2814,75.0,33.0,interior,-0.0,-0.0,-0.0,-0.0,-0.0,-0.0
3,3,loading,0.65,f27c26f890823b197af5b1a26f95688f16e5455345236d13f334dc9697a8ffa8,2815,76.0,33.0,interior,-0.0,-0.0,-0.0,-0.0,-0.0,-0.0
3,3,loading,0.65,f27c26f890823b197af5b1a26f95688f16e5455345236d13f334dc9697a8ffa8,2816,77.0,33.0,interior,-0.0,-0.0,-0.0,-0.0,-0.0,-0.0
3,3,loading,0.65,f27c26f890823b197af5b1a26f95688f16e5455345236d13f334dc9697a8ffa8,2817,78.0,33.0,interior,-0.0,-0.0,-0.0,-0.0,-0.0,-0.0
3,3,loading,0.65,f27c26f890823b197af5b1a26f95688f16e5455345236d13f334dc9697a8ffa8,2818,79.0,33.0,interior,-0.0,-0.0,-0.0,-0.0,-0.0,-0.0
3,3,loading,0.65,f27c26f890823b197af5b1a26f95688f16e5455345236d13f334dc9697a8ffa8,2819,80.0,33.0,physical_only,7.7978846363226e-08,-5.644433162306556e-08,7.787635078479782e-07,-2.778385397793646e-07,-7.007846614847522e-07,2.213942081562982e-07
3,3,loading,0.65,f27c26f890823b197af5b1a26f95688f16e5455345236d13f334dc9697a8ffa8,2884,62.0,34.0,physical_only,-4.075053820782367e-06,-3.4156152667332324e-07,-3.0260506985413906e-06,8.267068305795508e-08,-1.0490031222409764e-06,-4.2423220973127843e-07
3,3,loading,0.65,f27c26f890823b197af5b1a26f95688f16e5455345236d13f334dc9697a8ffa8,2885,63.0,34.0,interior,-0.0,-0.0,-0.0,-0.0,-0.0,-0.0
3,3,loading,0.65,f27c26f890823b197af5b1a26f95688f16e5455345236d13f334dc9697a8ffa8,2886,64.0,34.0,interior,-0.0,-0.0,-0.0,-0.0,-0.0,-0.0
3,3,loading,0.65,f27c26f890823b197af5b1a26f95688f16e5455345236d13f334dc9697a8ffa8,2887,65.0,34.0,interior,-0.0,-0.0,-0.0,-0.0,-0.0,-0.0
3,3,loading,0.65,f27c26f890823b197af5b1a26f95688f16e5455345236d13f334dc9697a8ffa8,2888,66.0,34.0,interior,-0.0,-0.0,-0.0,-0.0,-0.0,-0.0
3,3,loading,0.65,f27c26f890823b197af5b1a26f95688f16e5455345236d13f334dc9697a8ffa8,2889,67.0,34.0,interior,-0.0,-0.0,-0.0,-0.0,-0.0,-0.0
3,3,loading,0.65,f27c26f890823b197af5b1a26f95688f16e5455345236d13f334dc9697a8ffa8,2890,68.0,34.0,interior,-0.0,-0.0,-0.0,-0.0,-0.0,-0.0
3,3,loading,0.65,f27c26f890823b197af5b1a26f95688f16e5455345236d13f334dc9697a8ffa8,2891,69.0,34.0,interior,-0.0,-0.0,-0.0,-0.0,-0.0,-0.0
3,3,loading,0.65,f27c26f890823b197af5b1a26f95688f16e5455345236d13f334dc9697a8ffa8,2892,70.0,34.0,interior,-0.0,-0.0,-0.0,-0.0,-0.0,-0.0
3,3,loading,0.65,f27c26f890823b197af5b1a26f95688f16e5455345236d13f334dc9697a8ffa8,2893,71.0,34.0,interior,-0.0,-0.0,-0.0,-0.0,-0.0,-0.0
3,3,loading,0.65,f27c26f890823b197af5b1a26f95688f16e5455345236d13f334dc9697a8ffa8,2894,72.0,34.0,interior,-0.0,-0.0,-0.0,-0.0,-0.0,-0.0
3,3,loading,0.65,f27c26f890823b197af5b1a26f95688f16e5455345236d13f334dc9697a8ffa8,2895,73.0,34.0,interior,-0.0,-0.0,-0.0,-0.0,-0.0,-0.0
3,3,loading,0.65,f27c26f890823b197af5b1a26f95688f16e5455345236d13f334dc9697a8ffa8,2896,74.0,34.0,interior,-0.0,-0.0,-0.0,-0.0,-0.0,-0.0
3,3,loading,0.65,f27c26f890823b197af5b1a26f95688f16e5455345236d13f334dc9697a8ffa8,2897,75.0,34.0,interior,-0.0,-0.0,-0.0,-0.0,-0.0,-0.0
3,3,loading,0.65,f27c26f890823b197af5b1a26f95688f16e5455345236d13f334dc9697a8ffa8,2898,76.0,34.0,interior,-0.0,-0.0,-0.0,-0.0,-0.0,-0.0
3,3,loading,0.65,f27c26f890823b197af5b1a26f95688f16e5455345236d13f334dc9697a8ffa8,2899,77.0,34.0,interior,-0.0,-0.0,-0.0,-0.0,-0.0,-0.0
3,3,loading,0.65,f27c26f890823b197af5b1a26f95688f16e5455345236d13f334dc9697a8ffa8,2900,78.0,34.0,interior,-0.0,-0.0,-0.0,-0.0,-0.0,-0.0
3,3,loading,0.65,f27c26f890823b197af5b1a26f95688f16e5455345236d13f334dc9697a8ffa8,2901,79.0,34.0,interior,-0.0,-0.0,-0.0,-0.0,-0.0,-0.0
3,3,loading,0.65,f27c26f890823b197af5b1a26f95688f16e5455345236d13f334dc9697a8ffa8,2902,80.0,34.0,physical_only,7.623246837125565e-08,-4.674176380072809e-08,7.296740201408776e-07,-2.3536131796270008e-07,-6.534415517696218e-07,1.8861955416197364e-07
3,3,loading,0.65,f27c26f890823b197af5b1a26f95688f16e5455345236d13f334dc9697a8ffa8,2967,62.0,35.0,physical_only,-3.945031841253814e-06,-1.3671431292743473e-08,-3.1185154104985844e-06,6.92627332892476e-08,-8.2651643075523e-07,-8.293416458199097e-08
3,3,loading,0.65,f27c26f890823b197af5b1a26f95688f16e5455345236d13f334dc9697a8ffa8,2968,63.0,35.0,interior,-0.0,-0.0,-0.0,-0.0,-0.0,-0.0
3,3,loading,0.65,f27c26f890823b197af5b1a26f95688f16e5455345236d13f334dc9697a8ffa8,2969,64.0,35.0,interior,-0.0,-0.0,-0.0,-0.0,-0.0,-0.0
3,3,loading,0.65,f27c26f890823b197af5b1a26f95688f16e5455345236d13f334dc9697a8ffa8,2970,65.0,35.0,interior,-0.0,-0.0,-0.0,-0.0,-0.0,-0.0
3,3,loading,0.65,f27c26f890823b197af5b1a26f95688f16e5455345236d13f334dc9697a8ffa8,2971,66.0,35.0,interior,-0.0,-0.0,-0.0,-0.0,-0.0,-0.0
3,3,loading,0.65,f27c26f890823b197af5b1a26f95688f16e5455345236d13f334dc9697a8ffa8,2972,67.0,35.0,interior,-0.0,-0.0,-0.0,-0.0,-0.0,-0.0
3,3,loading,0.65,f27c26f890823b197af5b1a26f95688f16e5455345236d13f334dc9697a8ffa8,2973,68.0,35.0,interior,-0.0,-0.0,-0.0,-0.0,-0.0,-0.0
3,3,loading,0.65,f27c26f890823b197af5b1a26f95688f16e5455345236d13f334dc9697a8ffa8,2974,69.0,35.0,interior,-0.0,-0.0,-0.0,-0.0,-0.0,-0.0
3,3,loading,0.65,f27c26f890823b197af5b1a26f95688f16e5455345236d13f334dc9697a8ffa8,2975,70.0,35.0,interior,-0.0,-0.0,-0.0,-0.0,-0.0,-0.0
3,3,loading,0.65,f27c26f890823b197af5b1a26f95688f16e5455345236d13f334dc9697a8ffa8,2976,71.0,35.0,interior,-0.0,-0.0,-0.0,-0.0,-0.0,-0.0
3,3,loading,0.65,f27c26f890823b197af5b1a26f95688f16e5455345236d13f334dc9697a8ffa8,2977,72.0,35.0,interior,-0.0,-0.0,-0.0,-0.0,-0.0,-0.0
3,3,loading,0.65,f27c26f890823b197af5b1a26f95688f16e5455345236d13f334dc9697a8ffa8,2978,73.0,35.0,interior,-0.0,-0.0,-0.0,-0.0,-0.0,-0.0
3,3,loading,0.65,f27c26f890823b197af5b1a26f95688f16e5455345236d13f334dc9697a8ffa8,2979,74.0,35.0,interior,-0.0,-0.0,-0.0,-0.0,-0.0,-0.0
3,3,loading,0.65,f27c26f890823b197af5b1a26f95688f16e5455345236d13f334dc9697a8ffa8,2980,75.0,35.0,interior,-0.0,-0.0,-0.0,-0.0,-0.0,-0.0
3,3,loading,0.65,f27c26f890823b197af5b1a26f95688f16e5455345236d13f334dc9697a8ffa8,2981,76.0,35.0,interior,-0.0,-0.0,-0.0,-0.0,-0.0,-0.0
3,3,loading,0.65,f27c26f890823b197af5b1a26f95688f16e5455345236d13f334dc9697a8ffa8,2982,77.0,35.0,interior,-0.0,-0.0,-0.0,-0.0,-0.0,-0.0
3,3,loading,0.65,f27c26f890823b197af5b1a26f95688f16e5455345236d13f334dc9697a8ffa8,2983,78.0,35.0,interior,-0.0,-0.0,-0.0,-0.0,-0.0,-0.0
3,3,loading,0.65,f27c26f890823b197af5b1a26f95688f16e5455345236d13f334dc9697a8ffa8,2984,79.0,35.0,interior,-0.0,-0.0,-0.0,-0.0,-0.0,-0.0
3,3,loading,0.65,f27c26f890823b197af5b1a26f95688f16e5455345236d13f334dc9697a8ffa8,2985,80.0,35.0,physical_only,7.477062885658862e-08,-3.7838983857379815e-08,6.893499422380525e-07,-1.9420961203156724e-07,-6.145793133814637e-07,1.5637062817418604e-07
3,3,loading,0.65,f27c26f890823b197af5b1a26f95688f16e5455345236d13f334dc9697a8ffa8,3050,62.0,36.0,physical_only,-4.026311996709805e-06,1.5528303701351505e-07,-3.1948799833287106e-06,5.7382361336617924e-08,-8.314320133810947e-07,9.790067567689723e-08
3,3,loading,0.65,f27c26f890823b197af5b1a26f95688f16e5455345236d13f334dc9697a8ffa8,3051,63.0,36.0,interior,-0.0,-0.0,-0.0,-0.0,-0.0,-0.0
3,3,loading,0.65,f27c26f890823b197af5b1a26f95688f16e5455345236d13f334dc9697a8ffa8,3052,64.0,36.0,interior,-0.0,-0.0,-0.0,-0.0,-0.0,-0.0
3,3,loading,0.65,f27c26f890823b197af5b1a26f95688f16e5455345236d13f334dc9697a8ffa8,3053,65.0,36.0,interior,-0.0,-0.0,-0.0,-0.0,-0.0,-0.0
3,3,loading,0.65,f27c26f890823b197af5b1a26f95688f16e5455345236d13f334dc9697a8ffa8,3054,66.0,36.0,interior,-0.0,-0.0,-0.0,-0.0,-0.0,-0.0
3,3,loading,0.65,f27c26f890823b197af5b1a26f95688f16e5455345236d13f334dc9697a8ffa8,3055,67.0,36.0,interior,-0.0,-0.0,-0.0,-0.0,-0.0,-0.0
3,3,loading,0.65,f27c26f890823b197af5b1a26f95688f16e5455345236d13f334dc9697a8ffa8,3056,68.0,36.0,interior,-0.0,-0.0,-0.0,-0.0,-0.0,-0.0
3,3,loading,0.65,f27c26f890823b197af5b1a26f95688f16e5455345236d13f334dc9697a8ffa8,3057,69.0,36.0,interior,-0.0,-0.0,-0.0,-0.0,-0.0,-0.0
3,3,loading,0.65,f27c26f890823b197af5b1a26f95688f16e5455345236d13f334dc9697a8ffa8,3058,70.0,36.0,interior,-0.0,-0.0,-0.0,-0.0,-0.0,-0.0
3,3,loading,0.65,f27c26f890823b197af5b1a26f95688f16e5455345236d13f334dc9697a8ffa8,3059,71.0,36.0,interior,-0.0,-0.0,-0.0,-0.0,-0.0,-0.0
3,3,loading,0.65,f27c26f890823b197af5b1a26f95688f16e5455345236d13f334dc9697a8ffa8,3060,72.0,36.0,interior,-0.0,-0.0,-0.0,-0.0,-0.0,-0.0
3,3,loading,0.65,f27c26f890823b197af5b1a26f95688f16e5455345236d13f334dc9697a8ffa8,3061,73.0,36.0,interior,-0.0,-0.0,-0.0,-0.0,-0.0,-0.0
3,3,loading,0.65,f27c26f890823b197af5b1a26f95688f16e5455345236d13f334dc9697a8ffa8,3062,74.0,36.0,interior,-0.0,-0.0,-0.0,-0.0,-0.0,-0.0
3,3,loading,0.65,f27c26f890823b197af5b1a26f95688f16e5455345236d13f334dc9697a8ffa8,3063,75.0,36.0,interior,-0.0,-0.0,-0.0,-0.0,-0.0,-0.0
3,3,loading,0.65,f27c26f890823b197af5b1a26f95688f16e5455345236d13f334dc9697a8ffa8,3064,76.0,36.0,interior,-0.0,-0.0,-0.0,-0.0,-0.0,-0.0
3,3,loading,0.65,f27c26f890823b197af5b1a26f95688f16e5455345236d13f334dc9697a8ffa8,3065,77.0,36.0,interior,-0.0,-0.0,-0.0,-0.0,-0.0,-0.0
3,3,loading,0.65,f27c26f890823b197af5b1a26f95688f16e5455345236d13f334dc9697a8ffa8,3066,78.0,36.0,interior,-0.0,-0.0,-0.0,-0.0,-0.0,-0.0
3,3,loading,0.65,f27c26f890823b197af5b1a26f95688f16e5455345236d13f334dc9697a8ffa8,3067,79.0,36.0,interior,-0.0,-0.0,-0.0,-0.0,-0.0,-0.0
3,3,loading,0.65,f27c26f890823b197af5b1a26f95688f16e5455345236d13f334dc9697a8ffa8,3068,80.0,36.0,physical_only,7.358497050754122e-08,-2.9565424831774962e-08,6.571609548212845e-07,-1.5412864446542562e-07,-5.835759843137433e-07,1.2456321963365193e-07
3,3,loading,0.65,f27c26f890823b197af5b1a26f95688f16e5455345236d13f334dc9697a8ffa8,3133,62.0,37.0,physical_only,-4.164776092123021e-06,1.980570277305021e-07,-3.2559831103766812e-06,4.4875010438273236e-08,-9.087929817463385e-07,1.5318201729222908e-07
3,3,loading,0.65,f27c26f890823b197af5b1a26f95688f16e5455345236d13f334dc9697a8ffa8,3134,63.0,37.0,interior,-0.0,-0.0,-0.0,-0.0,-0.0,-0.0
3,3,loading,0.65,f27c26f890823b197af5b1a26f95688f16e5455345236d13f334dc9697a8ffa8,3135,64.0,37.0,interior,-0.0,-0.0,-0.0,-0.0,-0.0,-0.0
3,3,loading,0.65,f27c26f890823b197af5b1a26f95688f16e5455345236d13f334dc9697a8ffa8,3136,65.0,37.0,interior,-0.0,-0.0,-0.0,-0.0,-0.0,-0.0
3,3,loading,0.65,f27c26f890823b197af5b1a26f95688f16e5455345236d13f334dc9697a8ffa8,3137,66.0,37.0,interior,-0.0,-0.0,-0.0,-0.0,-0.0,-0.0
3,3,loading,0.65,f27c26f890823b197af5b1a26f95688f16e5455345236d13f334dc9697a8ffa8,3138,67.0,37.0,interior,-0.0,-0.0,-0.0,-0.0,-0.0,-0.0
3,3,loading,0.65,f27c26f890823b197af5b1a26f95688f16e5455345236d13f334dc9697a8ffa8,3139,68.0,37.0,interior,-0.0,-0.0,-0.0,-0.0,-0.0,-0.0
3,3,loading,0.65,f27c26f890823b197af5b1a26f95688f16e5455345236d13f334dc9697a8ffa8,3140,69.0,37.0,interior,-0.0,-0.0,-0.0,-0.0,-0.0,-0.0
3,3,loading,0.65,f27c26f890823b197af5b1a26f95688f16e5455345236d13f334dc9697a8ffa8,3141,70.0,37.0,interior,-0.0,-0.0,-0.0,-0.0,-0.0,-0.0
3,3,loading,0.65,f27c26f890823b197af5b1a26f95688f16e5455345236d13f334dc9697a8ffa8,3142,71.0,37.0,interior,-0.0,-0.0,-0.0,-0.0,-0.0,-0.0
3,3,loading,0.65,f27c26f890823b197af5b1a26f95688f16e5455345236d13f334dc9697a8ffa8,3143,72.0,37.0,interior,-0.0,-0.0,-0.0,-0.0,-0.0,-0.0
3,3,loading,0.65,f27c26f890823b197af5b1a26f95688f16e5455345236d13f334dc9697a8ffa8,3144,73.0,37.0,interior,-0.0,-0.0,-0.0,-0.0,-0.0,-0.0
3,3,loading,0.65,f27c26f890823b197af5b1a26f95688f16e5455345236d13f334dc9697a8ffa8,3145,74.0,37.0,interior,-0.0,-0.0,-0.0,-0.0,-0.0,-0.0
3,3,loading,0.65,f27c26f890823b197af5b1a26f95688f16e5455345236d13f334dc9697a8ffa8,3146,75.0,37.0,interior,-0.0,-0.0,-0.0,-0.0,-0.0,-0.0
3,3,loading,0.65,f27c26f890823b197af5b1a26f95688f16e5455345236d13f334dc9697a8ffa8,3147,76.0,37.0,interior,-0.0,-0.0,-0.0,-0.0,-0.0,-0.0
3,3,loading,0.65,f27c26f890823b197af5b1a26f95688f16e5455345236d13f334dc9697a8ffa8,3148,77.0,37.0,interior,-0.0,-0.0,-0.0,-0.0,-0.0,-0.0
3,3,loading,0.65,f27c26f890823b197af5b1a26f95688f16e5455345236d13f334dc9697a8ffa8,3149,78.0,37.0,interior,-0.0,-0.0,-0.0,-0.0,-0.0,-0.0
3,3,loading,0.65,f27c26f890823b197af5b1a26f95688f16e5455345236d13f334dc9697a8ffa8,3150,79.0,37.0,interior,-0.0,-0.0,-0.0,-0.0,-0.0,-0.0
3,3,loading,0.65,f27c26f890823b197af5b1a26f95688f16e5455345236d13f334dc9697a8ffa8,3151,80.0,37.0,physical_only,7.266906163750374e-08,-2.177240290520293e-08,6.326133875035694e-07,-1.1488313977077123e-07,-5.599443258660657e-07,9.311073686556856e-08
3,3,loading,0.65,f27c26f890823b197af5b1a26f95688f16e5455345236d13f334dc9697a8ffa8,3216,62.0,38.0,physical_only,-4.2846434443741184e-06,1.6132179839154704e-07,-3.300932345137998e-06,3.099193329051045e-08,-9.837110992361205e-07,1.303298651010367e-07
3,3,loading,0.65,f27c26f890823b197af5b1a26f95688f16e5455345236d13f334dc9697a8ffa8,3217,63.0,38.0,interior,-0.0,-0.0,-0.0,-0.0,-0.0,-0.0
3,3,loading,0.65,f27c26f890823b197af5b1a26f95688f16e5455345236d13f334dc9697a8ffa8,3218,64.0,38.0,interior,-0.0,-0.0,-0.0,-0.0,-0.0,-0.0
3,3,loading,0.65,f27c26f890823b197af5b1a26f95688f16e5455345236d13f334dc9697a8ffa8,3219,65.0,38.0,interior,-0.0,-0.0,-0.0,-0.0,-0.0,-0.0
3,3,loading,0.65,f27c26f890823b197af5b1a26f95688f16e5455345236d13f334dc9697a8ffa8,3220,66.0,38.0,interior,-0.0,-0.0,-0.0,-0.0,-0.0,-0.0
3,3,loading,0.65,f27c26f890823b197af5b1a26f95688f16e5455345236d13f334dc9697a8ffa8,3221,67.0,38.0,interior,-0.0,-0.0,-0.0,-0.0,-0.0,-0.0
3,3,loading,0.65,f27c26f890823b197af5b1a26f95688f16e5455345236d13f334dc9697a8ffa8,3222,68.0,38.0,interior,-0.0,-0.0,-0.0,-0.0,-0.0,-0.0
3,3,loading,0.65,f27c26f890823b197af5b1a26f95688f16e5455345236d13f334dc9697a8ffa8,3223,69.0,38.0,interior,-0.0,-0.0,-0.0,-0.0,-0.0,-0.0
3,3,loading,0.65,f27c26f890823b197af5b1a26f95688f16e5455345236d13f334dc9697a8ffa8,3224,70.0,38.0,interior,-0.0,-0.0,-0.0,-0.0,-0.0,-0.0
3,3,loading,0.65,f27c26f890823b197af5b1a26f95688f16e5455345236d13f334dc9697a8ffa8,3225,71.0,38.0,interior,-0.0,-0.0,-0.0,-0.0,-0.0,-0.0
3,3,loading,0.65,f27c26f890823b197af5b1a26f95688f16e5455345236d13f334dc9697a8ffa8,3226,72.0,38.0,interior,-0.0,-0.0,-0.0,-0.0,-0.0,-0.0
3,3,loading,0.65,f27c26f890823b197af5b1a26f95688f16e5455345236d13f334dc9697a8ffa8,3227,73.0,38.0,interior,-0.0,-0.0,-0.0,-0.0,-0.0,-0.0
3,3,loading,0.65,f27c26f890823b197af5b1a26f95688f16e5455345236d13f334dc9697a8ffa8,3228,74.0,38.0,interior,-0.0,-0.0,-0.0,-0.0,-0.0,-0.0
3,3,loading,0.65,f27c26f890823b197af5b1a26f95688f16e5455345236d13f334dc9697a8ffa8,3229,75.0,38.0,interior,-0.0,-0.0,-0.0,-0.0,-0.0,-0.0
3,3,loading,0.65,f27c26f890823b197af5b1a26f95688f16e5455345236d13f334dc9697a8ffa8,3230,76.0,38.0,interior,-0.0,-0.0,-0.0,-0.0,-0.0,-0.0
3,3,loading,0.65,f27c26f890823b197af5b1a26f95688f16e5455345236d13f334dc9697a8ffa8,3231,77.0,38.0,interior,-0.0,-0.0,-0.0,-0.0,-0.0,-0.0
3,3,loading,0.65,f27c26f890823b197af5b1a26f95688f16e5455345236d13f334dc9697a8ffa8,3232,78.0,38.0,interior,-0.0,-0.0,-0.0,-0.0,-0.0,-0.0
3,3,loading,0.65,f27c26f890823b197af5b1a26f95688f16e5455345236d13f334dc9697a8ffa8,3233,79.0,38.0,interior,-0.0,-0.0,-0.0,-0.0,-0.0,-0.0
3,3,loading,0.65,f27c26f890823b197af5b1a26f95688f16e5455345236d13f334dc9697a8ffa8,3234,80.0,38.0,physical_only,7.201812402796416e-08,-1.4327134305987664e-08,6.153363205294023e-07,-7.625236350770278e-08,-5.433181965014381e-07,6.19252292017151e-08
3,3,loading,0.65,f27c26f890823b197af5b1a26f95688f16e5455345236d13f334dc9697a8ffa8,3299,62.0,39.0,physical_only,-4.357587217315862e-06,8.686329658956608e-08,-3.328499738377959e-06,1.5849452137099744e-08,-1.0290874789379028e-06,7.101384445246623e-08
3,3,loading,0.65,f27c26f890823b197af5b1a26f95688f16e5455345236d13f334dc9697a8ffa8,3300,63.0,39.0,interior,-0.0,-0.0,-0.0,-0.0,-0.0,-0.0
3,3,loading,0.65,f27c26f890823b197af5b1a26f95688f16e5455345236d13f334dc9697a8ffa8,3301,64.0,39.0,interior,-0.0,-0.0,-0.0,-0.0,-0.0,-0.0
3,3,loading,0.65,f27c26f890823b197af5b1a26f95688f16e5455345236d13f334dc9697a8ffa8,3302,65.0,39.0,interior,-0.0,-0.0,-0.0,-0.0,-0.0,-0.0
3,3,loading,0.65,f27c26f890823b197af5b1a26f95688f16e5455345236d13f334dc9697a8ffa8,3303,66.0,39.0,interior,-0.0,-0.0,-0.0,-0.0,-0.0,-0.0
3,3,loading,0.65,f27c26f890823b197af5b1a26f95688f16e5455345236d13f334dc9697a8ffa8,3304,67.0,39.0,interior,-0.0,-0.0,-0.0,-0.0,-0.0,-0.0
3,3,loading,0.65,f27c26f890823b197af5b1a26f95688f16e5455345236d13f334dc9697a8ffa8,3305,68.0,39.0,interior,-0.0,-0.0,-0.0,-0.0,-0.0,-0.0
3,3,loading,0.65,f27c26f890823b197af5b1a26f95688f16e5455345236d13f334dc9697a8ffa8,3306,69.0,39.0,interior,-0.0,-0.0,-0.0,-0.0,-0.0,-0.0
3,3,loading,0.65,f27c26f890823b197af5b1a26f95688f16e5455345236d13f334dc9697a8ffa8,3307,70.0,39.0,interior,-0.0,-0.0,-0.0,-0.0,-0.0,-0.0
3,3,loading,0.65,f27c26f890823b197af5b1a26f95688f16e5455345236d13f334dc9697a8ffa8,3308,71.0,39.0,interior,-0.0,-0.0,-0.0,-0.0,-0.0,-0.0
3,3,loading,0.65,f27c26f890823b197af5b1a26f95688f16e5455345236d13f334dc9697a8ffa8,3309,72.0,39.0,interior,-0.0,-0.0,-0.0,-0.0,-0.0,-0.0
3,3,loading,0.65,f27c26f890823b197af5b1a26f95688f16e5455345236d13f334dc9697a8ffa8,3310,73.0,39.0,interior,-0.0,-0.0,-0.0,-0.0,-0.0,-0.0
3,3,loading,0.65,f27c26f890823b197af5b1a26f95688f16e5455345236d13f334dc9697a8ffa8,3311,74.0,39.0,interior,-0.0,-0.0,-0.0,-0.0,-0.0,-0.0
3,3,loading,0.65,f27c26f890823b197af5b1a26f95688f16e5455345236d13f334dc9697a8ffa8,3312,75.0,39.0,interior,-0.0,-0.0,-0.0,-0.0,-0.0,-0.0
3,3,loading,0.65,f27c26f890823b197af5b1a26f95688f16e5455345236d13f334dc9697a8ffa8,3313,76.0,39.0,interior,-0.0,-0.0,-0.0,-0.0,-0.0,-0.0
3,3,loading,0.65,f27c26f890823b197af5b1a26f95688f16e5455345236d13f334dc9697a8ffa8,3314,77.0,39.0,interior,-0.0,-0.0,-0.0,-0.0,-0.0,-0.0
3,3,loading,0.65,f27c26f890823b197af5b1a26f95688f16e5455345236d13f334dc9697a8ffa8,3315,78.0,39.0,interior,-0.0,-0.0,-0.0,-0.0,-0.0,-0.0
3,3,loading,0.65,f27c26f890823b197af5b1a26f95688f16e5455345236d13f334dc9697a8ffa8,3316,79.0,39.0,interior,-0.0,-0.0,-0.0,-0.0,-0.0,-0.0
3,3,loading,0.65,f27c26f890823b197af5b1a26f95688f16e5455345236d13f334dc9697a8ffa8,3317,80.0,39.0,physical_only,7.162885418868023e-08,-7.107904956092022e-09,6.050715363146292e-07,-3.8025910274318334e-08,-5.33442682125949e-07,3.091800531822602e-08
3,3,loading,0.65,f27c26f890823b197af5b1a26f95688f16e5455345236d13f334dc9697a8ffa8,3382,62.0,40.0,physical_and_cut,-2.190617631594744e-06,-2.141715894764749e-06,-1.6688966232711835e-06,-7.484182322496027e-07,-5.217210083235604e-07,-1.3932976625151462e-06
3,3,loading,0.65,f27c26f890823b197af5b1a26f95688f16e5455345236d13f334dc9697a8ffa8,3383,63.0,40.0,cut_only,-0.0,-0.0,-0.0,-0.0,-0.0,-0.0
3,3,loading,0.65,f27c26f890823b197af5b1a26f95688f16e5455345236d13f334dc9697a8ffa8,3384,64.0,40.0,cut_only,-0.0,-0.0,-0.0,-0.0,-0.0,-0.0
3,3,loading,0.65,f27c26f890823b197af5b1a26f95688f16e5455345236d13f334dc9697a8ffa8,3385,65.0,40.0,cut_only,-0.0,-0.0,-0.0,-0.0,-0.0,-0.0
3,3,loading,0.65,f27c26f890823b197af5b1a26f95688f16e5455345236d13f334dc9697a8ffa8,3386,66.0,40.0,cut_only,-0.0,-0.0,-0.0,-0.0,-0.0,-0.0
3,3,loading,0.65,f27c26f890823b197af5b1a26f95688f16e5455345236d13f334dc9697a8ffa8,3387,67.0,40.0,cut_only,-0.0,-0.0,-0.0,-0.0,-0.0,-0.0
3,3,loading,0.65,f27c26f890823b197af5b1a26f95688f16e5455345236d13f334dc9697a8ffa8,3388,68.0,40.0,cut_only,-0.0,-0.0,-0.0,-0.0,-0.0,-0.0
3,3,loading,0.65,f27c26f890823b197af5b1a26f95688f16e5455345236d13f334dc9697a8ffa8,3389,69.0,40.0,cut_only,-0.0,-0.0,-0.0,-0.0,-0.0,-0.0
3,3,loading,0.65,f27c26f890823b197af5b1a26f95688f16e5455345236d13f334dc9697a8ffa8,3390,70.0,40.0,cut_only,-0.0,-0.0,-0.0,-0.0,-0.0,-0.0
3,3,loading,0.65,f27c26f890823b197af5b1a26f95688f16e5455345236d13f334dc9697a8ffa8,3391,71.0,40.0,cut_only,-0.0,-0.0,-0.0,-0.0,-0.0,-0.0
3,3,loading,0.65,f27c26f890823b197af5b1a26f95688f16e5455345236d13f334dc9697a8ffa8,3392,72.0,40.0,cut_only,-0.0,-0.0,-0.0,-0.0,-0.0,-0.0
3,3,loading,0.65,f27c26f890823b197af5b1a26f95688f16e5455345236d13f334dc9697a8ffa8,3393,73.0,40.0,cut_only,-0.0,-0.0,-0.0,-0.0,-0.0,-0.0
3,3,loading,0.65,f27c26f890823b197af5b1a26f95688f16e5455345236d13f334dc9697a8ffa8,3394,74.0,40.0,cut_only,-0.0,-0.0,-0.0,-0.0,-0.0,-0.0
3,3,loading,0.65,f27c26f890823b197af5b1a26f95688f16e5455345236d13f334dc9697a8ffa8,3395,75.0,40.0,cut_only,-0.0,-0.0,-0.0,-0.0,-0.0,-0.0
3,3,loading,0.65,f27c26f890823b197af5b1a26f95688f16e5455345236d13f334dc9697a8ffa8,3396,76.0,40.0,cut_only,-0.0,-0.0,-0.0,-0.0,-0.0,-0.0
3,3,loading,0.65,f27c26f890823b197af5b1a26f95688f16e5455345236d13f334dc9697a8ffa8,3397,77.0,40.0,cut_only,-0.0,-0.0,-0.0,-0.0,-0.0,-0.0
3,3,loading,0.65,f27c26f890823b197af5b1a26f95688f16e5455345236d13f334dc9697a8ffa8,3398,78.0,40.0,cut_only,-0.0,-0.0,-0.0,-0.0,-0.0,-0.0
3,3,loading,0.65,f27c26f890823b197af5b1a26f95688f16e5455345236d13f334dc9697a8ffa8,3399,79.0,40.0,cut_only,-0.0,-0.0,-0.0,-0.0,-0.0,-0.0
3,3,loading,0.65,f27c26f890823b197af5b1a26f95688f16e5455345236d13f334dc9697a8ffa8,3400,80.0,40.0,physical_and_cut,3.5749655528554705e-08,9.386031270799916e-06,3.008333610601303e-07,-1.4751288165686817e-07,-2.6508370553157557e-07,9.533544152456784e-06
4,4,loading,0.75,2835d741700f0f4436e12208c8796e700ae8de9e4fd916d955ed0577bcf26fcf,2635,62.0,31.0,physical_only,-0.00037762368797931447,-3.325646596538052e-05,-5.106387158079682e-06,5.414116651063448e-06,-0.0003725173008212348,-3.867058261644401e-05
4,4,loading,0.75,2835d741700f0f4436e12208c8796e700ae8de9e4fd916d955ed0577bcf26fcf,2636,63.0,31.0,physical_only,-1.5339949366672683e-06,-3.600509001409148e-05,-2.736897781733201e-06,6.126616889712796e-06,1.202902845065933e-06,-4.2131706903804285e-05
4,4,loading,0.75,2835d741700f0f4436e12208c8796e700ae8de9e4fd916d955ed0577bcf26fcf,2637,64.0,31.0,physical_only,1.1937900494359273e-07,-4.7044238037849406e-05,-2.7882369415090116e-06,7.78145829960891e-06,2.9076159464526027e-06,-5.482569633745828e-05
4,4,loading,0.75,2835d741700f0f4436e12208c8796e700ae8de9e4fd916d955ed0577bcf26fcf,2638,65.0,31.0,physical_only,5.034985291960352e-07,-6.212391413674425e-05,-2.851666945048283e-06,9.63780567532862e-06,3.3551654742443186e-06,-7.176171981207284e-05
4,4,loading,0.75,2835d741700f0f4436e12208c8796e700ae8de9e4fd916d955ed0577bcf26fcf,2639,66.0,31.0,physical_only,-3.3324169248631516e-07,-7.926081461410777e-05,-2.9268413466051952e-06,1.1752284950592692e-05,2.5935996541188818e-06,-9.101309956470054e-05
4,4,loading,0.75,2835d741700f0f4436e12208c8796e700ae8de9e4fd916d955ed0577bcf26fcf,2640,67.0,31.0,physical_only,-1.5370324729785135e-06,-9.801746824429896e-05,-3.0111366719794653e-06,1.4185771800429828e-05,1.4741041990009492e-06,-0.00011220324004472884
4,4,loading,0.75,2835d741700f0f4436e12208c8796e700ae8de9e4fd916d955ed0577bcf26fcf,2641,68.0,31.0,physical_only,-1.6021802013009493e-06,-0.00012011342224162202,-3.1039190719434468e-06,1.7007887144676427e-05,1.5017388706424966e-06,-0.0001371213093862985
4,4,loading,0.75,2835d741700f0f4436e12208c8796e700ae8de9e4fd916d955ed0577bcf26fcf,2642,69.0,31.0,physical_only,-1.8946563007435104e-06,-0.0001470494593065328,-3.2064718391971183e-06,2.030642404006544e-05,1.3118155384536108e-06,-0.00016735588334659823
4,4,loading,0.75,2835d741700f0f4436e12208c8796e700ae8de9e4fd916d955ed0577bcf26fcf,2643,70.0,31.0,physical_only,-2.328824646602556e-06,-0.00017879977945945054,-3.321659522744547e-06,2.4197819153171176e-05,9.928348761419915e-07,-0.00020299759861262183
4,4,loading,0.75,2835d741700f0f4436e12208c8796e700ae8de9e4fd916d955ed0577bcf26fcf,2644,71.0,31.0,physical_only,-2.9246094916463324e-06,-0.0002158883220279215,-3.452875326036448e-06,2.8838602901162622e-05,5.282658343901138e-07,-0.0002447269249290841
4,4,loading,0.75,2835d741700f0f4436e12208c8796e700ae8de9e4fd916d955ed0577bcf26fcf,2645,72.0,31.0,physical_only,-3.6476989811854903e-06,-0.00025882003564865795,-3.604857530331605e-06,3.44434816216753e-05,-4.28414508538838e-08,-0.0002932635172703333
4,4,loading,0.75,2835d741700f0f4436e12208c8796e700ae8de9e4fd916d955ed0577bcf26fcf,2646,73.0,31.0,physical_only,-4.730862025432429e-06,-0.0003069152478166919,-3.783751438246774e-06,4.131290628289037e-05,-9.471105871856554e-07,-0.0003482281540995824
4,4,loading,0.75,2835d741700f0f4436e12208c8796e700ae8de9e4fd916d955ed0577bcf26fcf,2647,74.0,31.0,physical_only,-2.303934622349177e-06,-0.00036202800013342314,-3.999563952014014e-06,4.9881254471764304e-05,1.6956293296648373e-06,-0.0004119092546051874
4,4,loading,0.75,2835d741700f0f4436e12208c8796e700ae8de9e4fd916d955ed0577bcf26fcf,2648,75.0,31.0,physical_only,3.406397908741988e-06,-0.00043244880421878466,-4.270375480899644e-06,6.081262577453873e-05,7.67677338964163e-06,-0.0004932614299933235
4,4,loading,0.75,2835d741700f0f4436e12208c8796e700ae8de9e4fd916d955ed0577bcf26fcf,2649,76.0,31.0,physical_only,1.0397229533729387e-05,-0.0005293212565507786,-4.629042975542851e-06,7.519832327931898e-05,1.5026272509272243e-05,-0.0006045195798300975
4,4,loading,0.75,2835d741700f0f4436e12208c8796e700ae8de9e4fd916d955ed0577bcf26fcf,2650,77.0,31.0,physical_only,9.061216458793428e-06,-0.0006446442943486,-5.123973559968863e-06,9.492682230035523e-05,1.4185190018762288e-05,-0.0007395711166489553
4,4,loading,0.75,2835d741700f0f4436e12208c8796e700ae8de9e4fd916d955ed0577bcf26fcf,2651,78.0,31.0,physical_only,5.033333869882632e-06,-0.000769069411269252,-5.833822680809712e-06,0.00012344037867074656,1.0867156550692341e-05,-0.0008925097899399985
4,4,loading,0.75,2835d741700f0f4436e12208c8796e700ae8de9e4fd916d955ed0577bcf26fcf,2652,79.0,31.0,physical_only,-3.5443645134043903e-06,-0.0007718524424568766,-6.850234148544379e-06,0.0001672408672348831,3.3058696351399917e-06,-0.0009390933096917603
4,4,loading,0.75,2835d741700f0f4436e12208c8796e700ae8de9e4fd916d955ed0577bcf26fcf,2653,80.0,31.0,physical_only,-3.939131510240293e-05,0.006431246821458329,8.323476456106781e-06,0.0001709811539598071,-4.77147915585097e-05,0.006260265667498523
4,4,loading,0.75,2835d741700f0f4436e12208c8796e700ae8de9e4fd916d955ed0577bcf26fcf,2718,62.0,32.0,physical_only,-6.41455267871238e-06,-1.158297790044068e-06,-3.0574751402172775e-06,1.3616428693920443e-07,-3.357077538495102e-06,-1.2944620769832724e-06
4,4,loading,0.75,2835d741700f0f4436e12208c8796e700ae8de9e4fd916d955ed0577bcf26fcf,2719,63.0,32.0,interior,-0.0,-0.0,-0.0,-0.0,-0.0,-0.0
4,4,loading,0.75,2835d741700f0f4436e12208c8796e700ae8de9e4fd916d955ed0577bcf26fcf,2720,64.0,32.0,interior,-0.0,-0.0,-0.0,-0.0,-0.0,-0.0
4,4,loading,0.75,2835d741700f0f4436e12208c8796e700ae8de9e4fd916d955ed0577bcf26fcf,2721,65.0,32.0,interior,-0.0,-0.0,-0.0,-0.0,-0.0,-0.0
4,4,loading,0.75,2835d741700f0f4436e12208c8796e700ae8de9e4fd916d955ed0577bcf26fcf,2722,66.0,32.0,interior,-0.0,-0.0,-0.0,-0.0,-0.0,-0.0
4,4,loading,0.75,2835d741700f0f4436e12208c8796e700ae8de9e4fd916d955ed0577bcf26fcf,2723,67.0,32.0,interior,-0.0,-0.0,-0.0,-0.0,-0.0,-0.0
4,4,loading,0.75,2835d741700f0f4436e12208c8796e700ae8de9e4fd916d955ed0577bcf26fcf,2724,68.0,32.0,interior,-0.0,-0.0,-0.0,-0.0,-0.0,-0.0
4,4,loading,0.75,2835d741700f0f4436e12208c8796e700ae8de9e4fd916d955ed0577bcf26fcf,2725,69.0,32.0,interior,-0.0,-0.0,-0.0,-0.0,-0.0,-0.0
4,4,loading,0.75,2835d741700f0f4436e12208c8796e700ae8de9e4fd916d955ed0577bcf26fcf,2726,70.0,32.0,interior,-0.0,-0.0,-0.0,-0.0,-0.0,-0.0
4,4,loading,0.75,2835d741700f0f4436e12208c8796e700ae8de9e4fd916d955ed0577bcf26fcf,2727,71.0,32.0,interior,-0.0,-0.0,-0.0,-0.0,-0.0,-0.0
4,4,loading,0.75,2835d741700f0f4436e12208c8796e700ae8de9e4fd916d955ed0577bcf26fcf,2728,72.0,32.0,interior,-0.0,-0.0,-0.0,-0.0,-0.0,-0.0
4,4,loading,0.75,2835d741700f0f4436e12208c8796e700ae8de9e4fd916d955ed0577bcf26fcf,2729,73.0,32.0,interior,-0.0,-0.0,-0.0,-0.0,-0.0,-0.0
4,4,loading,0.75,2835d741700f0f4436e12208c8796e700ae8de9e4fd916d955ed0577bcf26fcf,2730,74.0,32.0,interior,-0.0,-0.0,-0.0,-0.0,-0.0,-0.0
4,4,loading,0.75,2835d741700f0f4436e12208c8796e700ae8de9e4fd916d955ed0577bcf26fcf,2731,75.0,32.0,interior,-0.0,-0.0,-0.0,-0.0,-0.0,-0.0
4,4,loading,0.75,2835d741700f0f4436e12208c8796e700ae8de9e4fd916d955ed0577bcf26fcf,2732,76.0,32.0,interior,-0.0,-0.0,-0.0,-0.0,-0.0,-0.0
4,4,loading,0.75,2835d741700f0f4436e12208c8796e700ae8de9e4fd916d955ed0577bcf26fcf,2733,77.0,32.0,interior,-0.0,-0.0,-0.0,-0.0,-0.0,-0.0
4,4,loading,0.75,2835d741700f0f4436e12208c8796e700ae8de9e4fd916d955ed0577bcf26fcf,2734,78.0,32.0,interior,-0.0,-0.0,-0.0,-0.0,-0.0,-0.0
4,4,loading,0.75,2835d741700f0f4436e12208c8796e700ae8de9e4fd916d955ed0577bcf26fcf,2735,79.0,32.0,interior,-0.0,-0.0,-0.0,-0.0,-0.0,-0.0
4,4,loading,0.75,2835d741700f0f4436e12208c8796e700ae8de9e4fd916d955ed0577bcf26fcf,2736,80.0,32.0,physical_only,1.8213936421907616e-07,-9.182979139270213e-08,9.764420335026251e-07,-7.574395251058073e-07,-7.943026692835489e-07,6.656097337131057e-07
4,4,loading,0.75,2835d741700f0f4436e12208c8796e700ae8de9e4fd916d955ed0577bcf26fcf,2801,62.0,33.0,physical_only,-5.181394111093064e-06,-7.577564334149695e-07,-3.232412888456876e-06,1.0616489054545899e-07,-1.948981222636188e-06,-8.639213239604283e-07
4,4,loading,0.75,2835d741700f0f4436e12208c8796e700ae8de9e4fd916d955ed0577bcf26fcf,2802,63.0,33.0,interior,-0.0,-0.0,-0.0,-0.0,-0.0,-0.0
4,4,loading,0.75,2835d741700f0f4436e12208c8796e700ae8de9e4fd916d955ed0577bcf26fcf,2803,64.0,33.0,interior,-0.0,-0.0,-0.0,-0.0,-0.0,-0.0
4,4,loading,0.75,2835d741700f0f4436e12208c8796e700ae8de9e4fd916d955ed0577bcf26fcf,2804,65.0,33.0,interior,-0.0,-0.0,-0.0,-0.0,-0.0,-0.0
4,4,loading,0.75,2835d741700f0f4436e12208c8796e700ae8de9e4fd916d955ed0577bcf26fcf,2805,66.0,33.0,interior,-0.0,-0.0,-0.0,-0.0,-0.0,-0.0
4,4,loading,0.75,2835d741700f0f4436e12208c8796e700ae8de9e4fd916d955ed0577bcf26fcf,2806,67.0,33.0,interior,-0.0,-0.0,-0.0,-0.0,-0.0,-0.0
4,4,loading,0.75,2835d741700f0f4436e12208c8796e700ae8de9e4fd916d955ed0577bcf26fcf,2807,68.0,33.0,interior,-0.0,-0.0,-0.0,-0.0,-0.0,-0.0
4,4,loading,0.75,2835d741700f0f4436e12208c8796e700ae8de9e4fd916d955ed0577bcf26fcf,2808,69.0,33.0,interior,-0.0,-0.0,-0.0,-0.0,-0.0,-0.0
4,4,loading,0.75,2835d741700f0f4436e12208c8796e700ae8de9e4fd916d955ed0577bcf26fcf,2809,70.0,33.0,interior,-0.0,-0.0,-0.0,-0.0,-0.0,-0.0
4,4,loading,0.75,2835d741700f0f4436e12208c8796e700ae8de9e4fd916d955ed0577bcf26fcf,2810,71.0,33.0,interior,-0.0,-0.0,-0.0,-0.0,-0.0,-0.0
4,4,loading,0.75,2835d741700f0f4436e12208c8796e700ae8de9e4fd916d955ed0577bcf26fcf,2811,72.0,33.0,interior,-0.0,-0.0,-0.0,-0.0,-0.0,-0.0
4,4,loading,0.75,2835d741700f0f4436e12208c8796e700ae8de9e4fd916d955ed0577bcf26fcf,2812,73.0,33.0,interior,-0.0,-0.0,-0.0,-0.0,-0.0,-0.0
4,4,loading,0.75,2835d741700f0f4436e12208c8796e700ae8de9e4fd916d955ed0577bcf26fcf,2813,74.0,33.0,interior,-0.0,-0.0,-0.0,-0.0,-0.0,-0.0
4,4,loading,0.75,2835d741700f0f4436e12208c8796e700ae8de9e4fd916d955ed0577bcf26fcf,2814,75.0,33.0,interior,-0.0,-0.0,-0.0,-0.0,-0.0,-0.0
4,4,loading,0.75,2835d741700f0f4436e12208c8796e700ae8de9e4fd916d955ed0577bcf26fcf,2815,76.0,33.0,interior,-0.0,-0.0,-0.0,-0.0,-0.0,-0.0
4,4,loading,0.75,2835d741700f0f4436e12208c8796e700ae8de9e4fd916d955ed0577bcf26fcf,2816,77.0,33.0,interior,-0.0,-0.0,-0.0,-0.0,-0.0,-0.0
4,4,loading,0.75,2835d741700f0f4436e12208c8796e700ae8de9e4fd916d955ed0577bcf26fcf,2817,78.0,33.0,interior,-0.0,-0.0,-0.0,-0.0,-0.0,-0.0
4,4,loading,0.75,2835d741700f0f4436e12208c8796e700ae8de9e4fd916d955ed0577bcf26fcf,2818,79.0,33.0,interior,-0.0,-0.0,-0.0,-0.0,-0.0,-0.0
4,4,loading,0.75,2835d741700f0f4436e12208c8796e700ae8de9e4fd916d955ed0577bcf26fcf,2819,80.0,33.0,physical_only,1.7813336351648516e-07,-7.686433293304984e-08,9.117855156558926e-07,-6.534884167287771e-07,-7.336521521394067e-07,5.766240837957289e-07
4,4,loading,0.75,2835d741700f0f4436e12208c8796e700ae8de9e4fd916d955ed0577bcf26fcf,2884,62.0,34.0,physical_only,-4.627827065992373e-06,-3.229975846360972e-07,-3.3708521881163933e-06,8.682140637269132e-08,-1.2569748778759788e-06,-4.0981899100878854e-07
4,4,loading,0.75,2835d741700f0f4436e12208c8796e700ae8de9e4fd916d955ed0577bcf26fcf,2885,63.0,34.0,interior,-0.0,-0.0,-0.0,-0.0,-0.0,-0.0
4,4,loading,0.75,2835d741700f0f4436e12208c8796e700ae8de9e4fd916d955ed0577bcf26fcf,2886,64.0,34.0,interior,-0.0,-0.0,-0.0,-0.0,-0.0,-0.0
4,4,loading,0.75,2835d741700f0f4436e12208c8796e700ae8de9e4fd916d955ed0577bcf26fcf,2887,65.0,34.0,interior,-0.0,-0.0,-0.0,-0.0,-0.0,-0.0
4,4,loading,0.75,2835d741700f0f4436e12208c8796e700ae8de9e4fd916d955ed0577bcf26fcf,2888,66.0,34.0,interior,-0.0,-0.0,-0.0,-0.0,-0.0,-0.0
4,4,loading,0.75,2835d741700f0f4436e12208c8796e700ae8de9e4fd916d955ed0577bcf26fcf,2889,67.0,34.0,interior,-0.0,-0.0,-0.0,-0.0,-0.0,-0.0
4,4,loading,0.75,2835d741700f0f4436e12208c8796e700ae8de9e4fd916d955ed0577bcf26fcf,2890,68.0,34.0,interior,-0.0,-0.0,-0.0,-0.0,-0.0,-0.0
4,4,loading,0.75,2835d741700f0f4436e12208c8796e700ae8de9e4fd916d955ed0577bcf26fcf,2891,69.0,34.0,interior,-0.0,-0.0,-0.0,-0.0,-0.0,-0.0
4,4,loading,0.75,2835d741700f0f4436e12208c8796e700ae8de9e4fd916d955ed0577bcf26fcf,2892,70.0,34.0,interior,-0.0,-0.0,-0.0,-0.0,-0.0,-0.0
4,4,loading,0.75,2835d741700f0f4436e12208c8796e700ae8de9e4fd916d955ed0577bcf26fcf,2893,71.0,34.0,interior,-0.0,-0.0,-0.0,-0.0,-0.0,-0.0
4,4,loading,0.75,2835d741700f0f4436e12208c8796e700ae8de9e4fd916d955ed0577bcf26fcf,2894,72.0,34.0,interior,-0.0,-0.0,-0.0,-0.0,-0.0,-0.0
4,4,loading,0.75,2835d741700f0f4436e12208c8796e700ae8de9e4fd916d955ed0577bcf26fcf,2895,73.0,34.0,interior,-0.0,-0.0,-0.0,-0.0,-0.0,-0.0
4,4,loading,0.75,2835d741700f0f4436e12208c8796e700ae8de9e4fd916d955ed0577bcf26fcf,2896,74.0,34.0,interior,-0.0,-0.0,-0.0,-0.0,-0.0,-0.0
4,4,loading,0.75,2835d741700f0f4436e12208c8796e700ae8de9e4fd916d955ed0577bcf26fcf,2897,75.0,34.0,interior,-0.0,-0.0,-0.0,-0.0,-0.0,-0.0
4,4,loading,0.75,2835d741700f0f4436e12208c8796e700ae8de9e4fd916d955ed0577bcf26fcf,2898,76.0,34.0,interior,-0.0,-0.0,-0.0,-0.0,-0.0,-0.0
4,4,loading,0.75,2835d741700f0f4436e12208c8796e700ae8de9e4fd916d955ed0577bcf26fcf,2899,77.0,34.0,interior,-0.0,-0.0,-0.0,-0.0,-0.0,-0.0
4,4,loading,0.75,2835d741700f0f4436e12208c8796e700ae8de9e4fd916d955ed0577bcf26fcf,2900,78.0,34.0,interior,-0.0,-0.0,-0.0,-0.0,-0.0,-0.0
4,4,loading,0.75,2835d741700f0f4436e12208c8796e700ae8de9e4fd916d955ed0577bcf26fcf,2901,79.0,34.0,interior,-0.0,-0.0,-0.0,-0.0,-0.0,-0.0
4,4,loading,0.75,2835d741700f0f4436e12208c8796e700ae8de9e4fd916d955ed0577bcf26fcf,2902,80.0,34.0,physical_only,1.7464778211190099e-07,-6.343689072667283e-08,8.577228415373814e-07,-5.534212581734384e-07,-6.830750594254804e-07,4.899843674467685e-07
4,4,loading,0.75,2835d741700f0f4436e12208c8796e700ae8de9e4fd916d955ed0577bcf26fcf,2967,62.0,35.0,physical_only,-4.4914262204532996e-06,7.85153000256598e-09,-3.4843280682919058e-06,7.296021774612092e-08,-1.0070981521613946e-06,-6.510868774355472e-08
4,4,loading,0.75,2835d741700f0f4436e12208c8796e700ae8de9e4fd916d955ed0577bcf26fcf,2968,63.0,35.0,interior,-0.0,-0.0,-0.0,-0.0,-0.0,-0.0
4,4,loading,0.75,2835d741700f0f4436e12208c8796e700ae8de9e4fd916d955ed0577bcf26fcf,2969,64.0,35.0,interior,-0.0,-0.0,-0.0,-0.0,-0.0,-0.0
4,4,loading,0.75,2835d741700f0f4436e12208c8796e700ae8de9e4fd916d955ed0577bcf26fcf,2970,65.0,35.0,interior,-0.0,-0.0,-0.0,-0.0,-0.0,-0.0
4,4,loading,0.75,2835d741700f0f4436e12208c8796e700ae8de9e4fd916d955ed0577bcf26fcf,2971,66.0,35.0,interior,-0.0,-0.0,-0.0,-0.0,-0.0,-0.0
4,4,loading,0.75,2835d741700f0f4436e12208c8796e700ae8de9e4fd916d955ed0577bcf26fcf,2972,67.0,35.0,interior,-0.0,-0.0,-0.0,-0.0,-0.0,-0.0
4,4,loading,0.75,2835d741700f0f4436e12208c8796e700ae8de9e4fd916d955ed0577bcf26fcf,2973,68.0,35.0,interior,-0.0,-0.0,-0.0,-0.0,-0.0,-0.0
4,4,loading,0.75,2835d741700f0f4436e12208c8796e700ae8de9e4fd916d955ed0577bcf26fcf,2974,69.0,35.0,interior,-0.0,-0.0,-0.0,-0.0,-0.0,-0.0
4,4,loading,0.75,2835d741700f0f4436e12208c8796e700ae8de9e4fd916d955ed0577bcf26fcf,2975,70.0,35.0,interior,-0.0,-0.0,-0.0,-0.0,-0.0,-0.0
4,4,loading,0.75,2835d741700f0f4436e12208c8796e700ae8de9e4fd916d955ed0577bcf26fcf,2976,71.0,35.0,interior,-0.0,-0.0,-0.0,-0.0,-0.0,-0.0
4,4,loading,0.75,2835d741700f0f4436e12208c8796e700ae8de9e4fd916d955ed0577bcf26fcf,2977,72.0,35.0,interior,-0.0,-0.0,-0.0,-0.0,-0.0,-0.0
4,4,loading,0.75,2835d741700f0f4436e12208c8796e700ae8de9e4fd916d955ed0577bcf26fcf,2978,73.0,35.0,interior,-0.0,-0.0,-0.0,-0.0,-0.0,-0.0
4,4,loading,0.75,2835d741700f0f4436e12208c8796e700ae8de9e4fd916d955ed0577bcf26fcf,2979,74.0,35.0,interior,-0.0,-0.0,-0.0,-0.0,-0.0,-0.0
4,4,loading,0.75,2835d741700f0f4436e12208c8796e700ae8de9e4fd916d955ed0577bcf26fcf,2980,75.0,35.0,interior,-0.0,-0.0,-0.0,-0.0,-0.0,-0.0
4,4,loading,0.75,2835d741700f0f4436e12208c8796e700ae8de9e4fd916d955ed0577bcf26fcf,2981,76.0,35.0,interior,-0.0,-0.0,-0.0,-0.0,-0.0,-0.0
4,4,loading,0.75,2835d741700f0f4436e12208c8796e700ae8de9e4fd916d955ed0577bcf26fcf,2982,77.0,35.0,interior,-0.0,-0.0,-0.0,-0.0,-0.0,-0.0
4,4,loading,0.75,2835d741700f0f4436e12208c8796e700ae8de9e4fd916d955ed0577bcf26fcf,2983,78.0,35.0,interior,-0.0,-0.0,-0.0,-0.0,-0.0,-0.0
4,4,loading,0.75,2835d741700f0f4436e12208c8796e700ae8de9e4fd916d955ed0577bcf26fcf,2984,79.0,35.0,interior,-0.0,-0.0,-0.0,-0.0,-0.0,-0.0
4,4,loading,0.75,2835d741700f0f4436e12208c8796e700ae8de9e4fd916d955ed0577bcf26fcf,2985,80.0,35.0,physical_only,1.716914078088693e-07,-5.121874646714424e-08,8.133541919884503e-07,-4.565528388538157e-07,-6.41662784179581e-07,4.053340923866703e-07
4,4,loading,0.75,2835d741700f0f4436e12208c8796e700ae8de9e4fd916d955ed0577bcf26fcf,3050,62.0,36.0,physical_only,-4.571404596489286e-06,1.7529609922039032e-07,-3.5778384305102947e-06,6.066569458413634e-08,-9.935661659789906e-07,1.1463040463625377e-07
4,4,loading,0.75,2835d741700f0f4436e12208c8796e700ae8de9e4fd916d955ed0577bcf26fcf,3051,63.0,36.0,interior,-0.0,-0.0,-0.0,-0.0,-0.0,-0.0
4,4,loading,0.75,2835d741700f0f4436e12208c8796e700ae8de9e4fd916d955ed0577bcf26fcf,3052,64.0,36.0,interior,-0.0,-0.0,-0.0,-0.0,-0.0,-0.0
4,4,loading,0.75,2835d741700f0f4436e12208c8796e700ae8de9e4fd916d955ed0577bcf26fcf,3053,65.0,36.0,interior,-0.0,-0.0,-0.0,-0.0,-0.0,-0.0
4,4,loading,0.75,2835d741700f0f4436e12208c8796e700ae8de9e4fd916d955ed0577bcf26fcf,3054,66.0,36.0,interior,-0.0,-0.0,-0.0,-0.0,-0.0,-0.0
4,4,loading,0.75,2835d741700f0f4436e12208c8796e700ae8de9e4fd916d955ed0577bcf26fcf,3055,67.0,36.0,interior,-0.0,-0.0,-0.0,-0.0,-0.0,-0.0
4,4,loading,0.75,2835d741700f0f4436e12208c8796e700ae8de9e4fd916d955ed0577bcf26fcf,3056,68.0,36.0,interior,-0.0,-0.0,-0.0,-0.0,-0.0,-0.0
4,4,loading,0.75,2835d741700f0f4436e12208c8796e700ae8de9e4fd916d955ed0577bcf26fcf,3057,69.0,36.0,interior,-0.0,-0.0,-0.0,-0.0,-0.0,-0.0
4,4,loading,0.75,2835d741700f0f4436e12208c8796e700ae8de9e4fd916d955ed0577bcf26fcf,3058,70.0,36.0,interior,-0.0,-0.0,-0.0,-0.0,-0.0,-0.0
4,4,loading,0.75,2835d741700f0f4436e12208c8796e700ae8de9e4fd916d955ed0577bcf26fcf,3059,71.0,36.0,interior,-0.0,-0.0,-0.0,-0.0,-0.0,-0.0
4,4,loading,0.75,2835d741700f0f4436e12208c8796e700ae8de9e4fd916d955ed0577bcf26fcf,3060,72.0,36.0,interior,-0.0,-0.0,-0.0,-0.0,-0.0,-0.0
4,4,loading,0.75,2835d741700f0f4436e12208c8796e700ae8de9e4fd916d955ed0577bcf26fcf,3061,73.0,36.0,interior,-0.0,-0.0,-0.0,-0.0,-0.0,-0.0
4,4,loading,0.75,2835d741700f0f4436e12208c8796e700ae8de9e4fd916d955ed0577bcf26fcf,3062,74.0,36.0,interior,-0.0,-0.0,-0.0,-0.0,-0.0,-0.0
4,4,loading,0.75,2835d741700f0f4436e12208c8796e700ae8de9e4fd916d955ed0577bcf26fcf,3063,75.0,36.0,interior,-0.0,-0.0,-0.0,-0.0,-0.0,-0.0
4,4,loading,0.75,2835d741700f0f4436e12208c8796e700ae8de9e4fd916d955ed0577bcf26fcf,3064,76.0,36.0,interior,-0.0,-0.0,-0.0,-0.0,-0.0,-0.0
4,4,loading,0.75,2835d741700f0f4436e12208c8796e700ae8de9e4fd916d955ed0577bcf26fcf,3065,77.0,36.0,interior,-0.0,-0.0,-0.0,-0.0,-0.0,-0.0
4,4,loading,0.75,2835d741700f0f4436e12208c8796e700ae8de9e4fd916d955ed0577bcf26fcf,3066,78.0,36.0,interior,-0.0,-0.0,-0.0,-0.0,-0.0,-0.0
4,4,loading,0.75,2835d741700f0f4436e12208c8796e700ae8de9e4fd916d955ed0577bcf26fcf,3067,79.0,36.0,interior,-0.0,-0.0,-0.0,-0.0,-0.0,-0.0
4,4,loading,0.75,2835d741700f0f4436e12208c8796e700ae8de9e4fd916d955ed0577bcf26fcf,3068,80.0,36.0,physical_only,1.692692750045844e-07,-3.993891850948033e-08,7.779615823456441e-07,-3.6226366127593973e-07,-6.086923073410594e-07,3.2232474276646194e-07
4,4,loading,0.75,2835d741700f0f4436e12208c8796e700ae8de9e4fd916d955ed0577bcf26fcf,3133,62.0,37.0,physical_only,-4.709954497929894e-06,2.140521030958731e-07,-3.6523507682851266e-06,4.76012616370629e-08,-1.057603729644768e-06,1.664508414588101e-07
4,4,loading,0.75,2835d741700f0f4436e12208c8796e700ae8de9e4fd916d955ed0577bcf26fcf,3134,63.0,37.0,interior,-0.0,-0.0,-0.0,-0.0,-0.0,-0.0
4,4,loading,0.75,2835d741700f0f4436e12208c8796e700ae8de9e4fd916d955ed0577bcf26fcf,3135,64.0,37.0,interior,-0.0,-0.0,-0.0,-0.0,-0.0,-0.0
4,4,loading,0.75,2835d741700f0f4436e12208c8796e700ae8de9e4fd916d955ed0577bcf26fcf,3136,65.0,37.0,interior,-0.0,-0.0,-0.0,-0.0,-0.0,-0.0
4,4,loading,0.75,2835d741700f0f4436e12208c8796e700ae8de9e4fd916d955ed0577bcf26fcf,3137,66.0,37.0,interior,-0.0,-0.0,-0.0,-0.0,-0.0,-0.0
4,4,loading,0.75,2835d741700f0f4436e12208c8796e700ae8de9e4fd916d955ed0577bcf26fcf,3138,67.0,37.0,interior,-0.0,-0.0,-0.0,-0.0,-0.0,-0.0
4,4,loading,0.75,2835d741700f0f4436e12208c8796e700ae8de9e4fd916d955ed0577bcf26fcf,3139,68.0,37.0,interior,-0.0,-0.0,-0.0,-0.0,-0.0,-0.0
4,4,loading,0.75,2835d741700f0f4436e12208c8796e700ae8de9e4fd916d955ed0577bcf26fcf,3140,69.0,37.0,interior,-0.0,-0.0,-0.0,-0.0,-0.0,-0.0
4,4,loading,0.75,2835d741700f0f4436e12208c8796e700ae8de9e4fd916d955ed0577bcf26fcf,3141,70.0,37.0,interior,-0.0,-0.0,-0.0,-0.0,-0.0,-0.0
4,4,loading,0.75,2835d741700f0f4436e12208c8796e700ae8de9e4fd916d955ed0577bcf26fcf,3142,71.0,37.0,interior,-0.0,-0.0,-0.0,-0.0,-0.0,-0.0
4,4,loading,0.75,2835d741700f0f4436e12208c8796e700ae8de9e4fd916d955ed0577bcf26fcf,3143,72.0,37.0,interior,-0.0,-0.0,-0.0,-0.0,-0.0,-0.0
4,4,loading,0.75,2835d741700f0f4436e12208c8796e700ae8de9e4fd916d955ed0577bcf26fcf,3144,73.0,37.0,interior,-0.0,-0.0,-0.0,-0.0,-0.0,-0.0
4,4,loading,0.75,2835d741700f0f4436e12208c8796e700ae8de9e4fd916d955ed0577bcf26fcf,3145,74.0,37.0,interior,-0.0,-0.0,-0.0,-0.0,-0.0,-0.0
4,4,loading,0.75,2835d741700f0f4436e12208c8796e700ae8de9e4fd916d955ed0577bcf26fcf,3146,75.0,37.0,interior,-0.0,-0.0,-0.0,-0.0,-0.0,-0.0
4,4,loading,0.75,2835d741700f0f4436e12208c8796e700ae8de9e4fd916d955ed0577bcf26fcf,3147,76.0,37.0,interior,-0.0,-0.0,-0.0,-0.0,-0.0,-0.0
4,4,loading,0.75,2835d741700f0f4436e12208c8796e700ae8de9e4fd916d955ed0577bcf26fcf,3148,77.0,37.0,interior,-0.0,-0.0,-0.0,-0.0,-0.0,-0.0
4,4,loading,0.75,2835d741700f0f4436e12208c8796e700ae8de9e4fd916d955ed0577bcf26fcf,3149,78.0,37.0,interior,-0.0,-0.0,-0.0,-0.0,-0.0,-0.0
4,4,loading,0.75,2835d741700f0f4436e12208c8796e700ae8de9e4fd916d955ed0577bcf26fcf,3150,79.0,37.0,interior,-0.0,-0.0,-0.0,-0.0,-0.0,-0.0
4,4,loading,0.75,2835d741700f0f4436e12208c8796e700ae8de9e4fd916d955ed0577bcf26fcf,3151,80.0,37.0,physical_only,1.6738406216526277e-07,-2.936790426838972e-08,7.509851736120446e-07,-2.699841456595995e-07,-5.83601111446782e-07,2.406162413912062e-07
4,4,loading,0.75,2835d741700f0f4436e12208c8796e700ae8de9e4fd916d955ed0577bcf26fcf,3216,62.0,38.0,physical_only,-4.829974363863371e-06,1.721792641669309e-07,-3.7069524833736584e-06,3.2958586839829625e-08,-1.1230218804897126e-06,1.3922067732710127e-07
4,4,loading,0.75,2835d741700f0f4436e12208c8796e700ae8de9e4fd916d955ed0577bcf26fcf,3217,63.0,38.0,interior,-0.0,-0.0,-0.0,-0.0,-0.0,-0.0
4,4,loading,0.75,2835d741700f0f4436e12208c8796e700ae8de9e4fd916d955ed0577bcf26fcf,3218,64.0,38.0,interior,-0.0,-0.0,-0.0,-0.0,-0.0,-0.0
4,4,loading,0.75,2835d741700f0f4436e12208c8796e700ae8de9e4fd916d955ed0577bcf26fcf,3219,65.0,38.0,interior,-0.0,-0.0,-0.0,-0.0,-0.0,-0.0
4,4,loading,0.75,2835d741700f0f4436e12208c8796e700ae8de9e4fd916d955ed0577bcf26fcf,3220,66.0,38.0,interior,-0.0,-0.0,-0.0,-0.0,-0.0,-0.0
4,4,loading,0.75,2835d741700f0f4436e12208c8796e700ae8de9e4fd916d955ed0577bcf26fcf,3221,67.0,38.0,interior,-0.0,-0.0,-0.0,-0.0,-0.0,-0.0
4,4,loading,0.75,2835d741700f0f4436e12208c8796e700ae8de9e4fd916d955ed0577bcf26fcf,3222,68.0,38.0,interior,-0.0,-0.0,-0.0,-0.0,-0.0,-0.0
4,4,loading,0.75,2835d741700f0f4436e12208c8796e700ae8de9e4fd916d955ed0577bcf26fcf,3223,69.0,38.0,interior,-0.0,-0.0,-0.0,-0.0,-0.0,-0.0
4,4,loading,0.75,2835d741700f0f4436e12208c8796e700ae8de9e4fd916d955ed0577bcf26fcf,3224,70.0,38.0,interior,-0.0,-0.0,-0.0,-0.0,-0.0,-0.0
4,4,loading,0.75,2835d741700f0f4436e12208c8796e700ae8de9e4fd916d955ed0577bcf26fcf,3225,71.0,38.0,interior,-0.0,-0.0,-0.0,-0.0,-0.0,-0.0
4,4,loading,0.75,2835d741700f0f4436e12208c8796e700ae8de9e4fd916d955ed0577bcf26fcf,3226,72.0,38.0,interior,-0.0,-0.0,-0.0,-0.0,-0.0,-0.0
4,4,loading,0.75,2835d741700f0f4436e12208c8796e700ae8de9e4fd916d955ed0577bcf26fcf,3227,73.0,38.0,interior,-0.0,-0.0,-0.0,-0.0,-0.0,-0.0
4,4,loading,0.75,2835d741700f0f4436e12208c8796e700ae8de9e4fd916d955ed0577bcf26fcf,3228,74.0,38.0,interior,-0.0,-0.0,-0.0,-0.0,-0.0,-0.0
4,4,loading,0.75,2835d741700f0f4436e12208c8796e700ae8de9e4fd916d955ed0577bcf26fcf,3229,75.0,38.0,interior,-0.0,-0.0,-0.0,-0.0,-0.0,-0.0
4,4,loading,0.75,2835d741700f0f4436e12208c8796e700ae8de9e4fd916d955ed0577bcf26fcf,3230,76.0,38.0,interior,-0.0,-0.0,-0.0,-0.0,-0.0,-0.0
4,4,loading,0.75,2835d741700f0f4436e12208c8796e700ae8de9e4fd916d955ed0577bcf26fcf,3231,77.0,38.0,interior,-0.0,-0.0,-0.0,-0.0,-0.0,-0.0
4,4,loading,0.75,2835d741700f0f4436e12208c8796e700ae8de9e4fd916d955ed0577bcf26fcf,3232,78.0,38.0,interior,-0.0,-0.0,-0.0,-0.0,-0.0,-0.0
4,4,loading,0.75,2835d741700f0f4436e12208c8796e700ae8de9e4fd916d955ed0577bcf26fcf,3233,79.0,38.0,interior,-0.0,-0.0,-0.0,-0.0,-0.0,-0.0
4,4,loading,0.75,2835d741700f0f4436e12208c8796e700ae8de9e4fd916d955ed0577bcf26fcf,3234,80.0,38.0,physical_only,1.6603704484542781e-07,-1.9305627803326204e-08,7.320057775870338e-07,-1.791817645204138e-07,-5.659687327416059e-07,1.5987613671708686e-07
4,4,loading,0.75,2835d741700f0f4436e12208c8796e700ae8de9e4fd916d955ed0577bcf26fcf,3299,62.0,39.0,physical_only,-4.902899459289042e-06,9.228984322191083e-08,-3.740349003860162e-06,1.6881540838466854e-08,-1.16255045542888e-06,7.540830238344397e-08
4,4,loading,0.75,2835d741700f0f4436e12208c8796e700ae8de9e4fd916d955ed0577bcf26fcf,3300,63.0,39.0,interior,-0.0,-0.0,-0.0,-0.0,-0.0,-0.0
4,4,loading,0.75,2835d741700f0f4436e12208c8796e700ae8de9e4fd916d955ed0577bcf26fcf,3301,64.0,39.0,interior,-0.0,-0.0,-0.0,-0.0,-0.0,-0.0
4,4,loading,0.75,2835d741700f0f4436e12208c8796e700ae8de9e4fd916d955ed0577bcf26fcf,3302,65.0,39.0,interior,-0.0,-0.0,-0.0,-0.0,-0.0,-0.0
4,4,loading,0.75,2835d741700f0f4436e12208c8796e700ae8de9e4fd916d955ed0577bcf26fcf,3303,66.0,39.0,interior,-0.0,-0.0,-0.0,-0.0,-0.0,-0.0
4,4,loading,0.75,2835d741700f0f4436e12208c8796e700ae8de9e4fd916d955ed0577bcf26fcf,3304,67.0,39.0,interior,-0.0,-0.0,-0.0,-0.0,-0.0,-0.0
4,4,loading,0.75,2835d741700f0f4436e12208c8796e700ae8de9e4fd916d955ed0577bcf26fcf,3305,68.0,39.0,interior,-0.0,-0.0,-0.0,-0.0,-0.0,-0.0
4,4,loading,0.75,2835d741700f0f4436e12208c8796e700ae8de9e4fd916d955ed0577bcf26fcf,3306,69.0,39.0,interior,-0.0,-0.0,-0.0,-0.0,-0.0,-0.0
4,4,loading,0.75,2835d741700f0f4436e12208c8796e700ae8de9e4fd916d955ed0577bcf26fcf,3307,70.0,39.0,interior,-0.0,-0.0,-0.0,-0.0,-0.0,-0.0
4,4,loading,0.75,2835d741700f0f4436e12208c8796e700ae8de9e4fd916d955ed0577bcf26fcf,3308,71.0,39.0,interior,-0.0,-0.0,-0.0,-0.0,-0.0,-0.0
4,4,loading,0.75,2835d741700f0f4436e12208c8796e700ae8de9e4fd916d955ed0577bcf26fcf,3309,72.0,39.0,interior,-0.0,-0.0,-0.0,-0.0,-0.0,-0.0
4,4,loading,0.75,2835d741700f0f4436e12208c8796e700ae8de9e4fd916d955ed0577bcf26fcf,3310,73.0,39.0,interior,-0.0,-0.0,-0.0,-0.0,-0.0,-0.0
4,4,loading,0.75,2835d741700f0f4436e12208c8796e700ae8de9e4fd916d955ed0577bcf26fcf,3311,74.0,39.0,interior,-0.0,-0.0,-0.0,-0.0,-0.0,-0.0
4,4,loading,0.75,2835d741700f0f4436e12208c8796e700ae8de9e4fd916d955ed0577bcf26fcf,3312,75.0,39.0,interior,-0.0,-0.0,-0.0,-0.0,-0.0,-0.0
4,4,loading,0.75,2835d741700f0f4436e12208c8796e700ae8de9e4fd916d955ed0577bcf26fcf,3313,76.0,39.0,interior,-0.0,-0.0,-0.0,-0.0,-0.0,-0.0
4,4,loading,0.75,2835d741700f0f4436e12208c8796e700ae8de9e4fd916d955ed0577bcf26fcf,3314,77.0,39.0,interior,-0.0,-0.0,-0.0,-0.0,-0.0,-0.0
4,4,loading,0.75,2835d741700f0f4436e12208c8796e700ae8de9e4fd916d955ed0577bcf26fcf,3315,78.0,39.0,interior,-0.0,-0.0,-0.0,-0.0,-0.0,-0.0
4,4,loading,0.75,2835d741700f0f4436e12208c8796e700ae8de9e4fd916d955ed0577bcf26fcf,3316,79.0,39.0,interior,-0.0,-0.0,-0.0,-0.0,-0.0,-0.0
4,4,loading,0.75,2835d741700f0f4436e12208c8796e700ae8de9e4fd916d955ed0577bcf26fcf,3317,80.0,39.0,physical_only,1.652287350110718e-07,-9.572128352380518e-09,7.207323106537209e-07,-8.935022032711528e-08,-5.555035756426492e-07,7.977809197473576e-08
4,4,loading,0.75,2835d741700f0f4436e12208c8796e700ae8de9e4fd916d955ed0577bcf26fcf,3382,62.0,40.0,physical_and_cut,-2.4632544610559597e-06,-2.0609671695996308e-06,-1.8757962047803766e-06,-8.472124885785949e-07,-5.87458256275583e-07,-1.2137546810210362e-06
4,4,loading,0.75,2835d741700f0f4436e12208c8796e700ae8de9e4fd916d955ed0577bcf26fcf,3383,63.0,40.0,cut_only,-0.0,-0.0,-0.0,-0.0,-0.0,-0.0
4,4,loading,0.75,2835d741700f0f4436e12208c8796e700ae8de9e4fd916d955ed0577bcf26fcf,3384,64.0,40.0,cut_only,-0.0,-0.0,-0.0,-0.0,-0.0,-0.0
4,4,loading,0.75,2835d741700f0f4436e12208c8796e700ae8de9e4fd916d955ed0577bcf26fcf,3385,65.0,40.0,cut_only,-0.0,-0.0,-0.0,-0.0,-0.0,-0.0
4,4,loading,0.75,2835d741700f0f4436e12208c8796e700ae8de9e4fd916d955ed0577bcf26fcf,3386,66.0,40.0,cut_only,-0.0,-0.0,-0.0,-0.0,-0.0,-0.0
4,4,loading,0.75,2835d741700f0f4436e12208c8796e700ae8de9e4fd916d955ed0577bcf26fcf,3387,67.0,40.0,cut_only,-0.0,-0.0,-0.0,-0.0,-0.0,-0.0
4,4,loading,0.75,2835d741700f0f4436e12208c8796e700ae8de9e4fd916d955ed0577bcf26fcf,3388,68.0,40.0,cut_only,-0.0,-0.0,-0.0,-0.0,-0.0,-0.0
4,4,loading,0.75,2835d741700f0f4436e12208c8796e700ae8de9e4fd916d955ed0577bcf26fcf,3389,69.0,40.0,cut_only,-0.0,-0.0,-0.0,-0.0,-0.0,-0.0
4,4,loading,0.75,2835d741700f0f4436e12208c8796e700ae8de9e4fd916d955ed0577bcf26fcf,3390,70.0,40.0,cut_only,-0.0,-0.0,-0.0,-0.0,-0.0,-0.0
4,4,loading,0.75,2835d741700f0f4436e12208c8796e700ae8de9e4fd916d955ed0577bcf26fcf,3391,71.0,40.0,cut_only,-0.0,-0.0,-0.0,-0.0,-0.0,-0.0
4,4,loading,0.75,2835d741700f0f4436e12208c8796e700ae8de9e4fd916d955ed0577bcf26fcf,3392,72.0,40.0,cut_only,-0.0,-0.0,-0.0,-0.0,-0.0,-0.0
4,4,loading,0.75,2835d741700f0f4436e12208c8796e700ae8de9e4fd916d955ed0577bcf26fcf,3393,73.0,40.0,cut_only,-0.0,-0.0,-0.0,-0.0,-0.0,-0.0
4,4,loading,0.75,2835d741700f0f4436e12208c8796e700ae8de9e4fd916d955ed0577bcf26fcf,3394,74.0,40.0,cut_only,-0.0,-0.0,-0.0,-0.0,-0.0,-0.0
4,4,loading,0.75,2835d741700f0f4436e12208c8796e700ae8de9e4fd916d955ed0577bcf26fcf,3395,75.0,40.0,cut_only,-0.0,-0.0,-0.0,-0.0,-0.0,-0.0
4,4,loading,0.75,2835d741700f0f4436e12208c8796e700ae8de9e4fd916d955ed0577bcf26fcf,3396,76.0,40.0,cut_only,-0.0,-0.0,-0.0,-0.0,-0.0,-0.0
4,4,loading,0.75,2835d741700f0f4436e12208c8796e700ae8de9e4fd916d955ed0577bcf26fcf,3397,77.0,40.0,cut_only,-0.0,-0.0,-0.0,-0.0,-0.0,-0.0
4,4,loading,0.75,2835d741700f0f4436e12208c8796e700ae8de9e4fd916d955ed0577bcf26fcf,3398,78.0,40.0,cut_only,-0.0,-0.0,-0.0,-0.0,-0.0,-0.0
4,4,loading,0.75,2835d741700f0f4436e12208c8796e700ae8de9e4fd916d955ed0577bcf26fcf,3399,79.0,40.0,cut_only,-0.0,-0.0,-0.0,-0.0,-0.0,-0.0
4,4,loading,0.75,2835d741700f0f4436e12208c8796e700ae8de9e4fd916d955ed0577bcf26fcf,3400,80.0,40.0,physical_and_cut,8.247964455364227e-08,2.2391995755018957e-05,3.584966789569664e-07,-1.9715313536491622e-07,-2.7601703440332415e-07,2.258914889038387e-05
5,5,loading,0.8,49524fcc2f7d90e5dc498b00fc29ec5e91dfb8f343ca7020880b45874415be63,2635,62.0,31.0,physical_only,-0.0004077830185849308,-4.653551084618657e-05,-5.396669316973289e-06,5.851773728685267e-06,-0.0004023863492679575,-5.238728457487183e-05
5,5,loading,0.8,49524fcc2f7d90e5dc498b00fc29ec5e91dfb8f343ca7020880b45874415be63,2636,63.0,31.0,physical_only,-1.3758170241697957e-06,-4.4385601357515273e-05,-2.9413631694830883e-06,6.658184805102037e-06,1.5655461453132909e-06,-5.104378616261731e-05
5,5,loading,0.8,49524fcc2f7d90e5dc498b00fc29ec5e91dfb8f343ca7020880b45874415be63,2637,64.0,31.0,physical_only,6.182151016678091e-07,-5.862818475811085e-05,-3.0015050073644288e-06,8.491052167046193e-06,3.6197201090322375e-06,-6.711923692515704e-05
5,5,loading,0.8,49524fcc2f7d90e5dc498b00fc29ec5e91dfb8f343ca7020880b45874415be63,2638,65.0,31.0,physical_only,1.1419777475907124e-06,-7.833950113645565e-05,-3.0762395294223116e-06,1.0569348520585875e-05,4.218217277013023e-06,-8.890884965704157e-05
5,5,loading,0.8,49524fcc2f7d90e5dc498b00fc29ec5e91dfb8f343ca7020880b45874415be63,2639,66.0,31.0,physical_only,1.957350722141645e-07,-0.00010129153901176842,-3.1655549897705043e-06,1.2966002732136204e-05,3.3612900619846688e-06,-0.0001142575417439046
5,5,loading,0.8,49524fcc2f7d90e5dc498b00fc29ec5e91dfb8f343ca7020880b45874415be63,2640,67.0,31.0,physical_only,-1.2494219418773602e-06,-0.00012704973051321682,-3.2669367239088866e-06,1.576286590455322e-05,2.0175147820315276e-06,-0.00014281259641776996
5,5,loading,0.8,49524fcc2f7d90e5dc498b00fc29ec5e91dfb8f343ca7020880b45874415be63,2641,68.0,31.0,physical_only,-1.3025082268026245e-06,-0.00015784296164835995,-3.3803122178042157e-06,1.9057877633477052e-05,2.077803991001593e-06,-0.00017690083928183708
5,5,loading,0.8,49524fcc2f7d90e5dc498b00fc29ec5e91dfb8f343ca7020880b45874415be63,2642,69.0,31.0,physical_only,-1.6461885137459418e-06,-0.00019576302838263994,-3.508074576986047e-06,2.2979194056380507e-05,1.861886063240105e-06,-0.0002187422224390203
5,5,loading,0.8,49524fcc2f7d90e5dc498b00fc29ec5e91dfb8f343ca7020880b45874415be63,2643,70.0,31.0,physical_only,-2.167322818372997e-06,-0.00024101319064657708,-3.6548258255924285e-06,2.7702722979473354e-05,1.4875030072194317e-06,-0.00026871591362605035
5,5,loading,0.8,49524fcc2f7d90e5dc498b00fc29ec5e91dfb8f343ca7020880b45874415be63,2644,71.0,31.0,physical_only,-2.87093582964255e-06,-0.00029452191874542485,-3.82645552198888e-06,3.3474544433501555e-05,9.5551969234633e-07,-0.0003279964631789265
5,5,loading,0.8,49524fcc2f7d90e5dc498b00fc29ec5e91dfb8f343ca7020880b45874415be63,2645,72.0,31.0,physical_only,-3.668867654565765e-06,-0.0003572312778685211,-4.0315251141522505e-06,4.064843706448262e-05,3.626574595864855e-07,-0.0003978797149330037
5,5,loading,0.8,49524fcc2f7d90e5dc498b00fc29ec5e91dfb8f343ca7020880b45874415be63,2646,73.0,31.0,physical_only,-4.739527296488804e-06,-0.00042871365931843606,-4.282154118853091e-06,4.9748454641663975e-05,-4.5737317763571396e-07,-0.0004784621139601003
5,5,loading,0.8,49524fcc2f7d90e5dc498b00fc29ec5e91dfb8f343ca7020880b45874415be63,2647,74.0,31.0,physical_only,-1.0975834243672585e-06,-0.0005119696042942563,-4.598455635615336e-06,6.158544376319046e-05,3.500872211248078e-06,-0.0005735550480574464
5,5,loading,0.8,49524fcc2f7d90e5dc498b00fc29ec5e91dfb8f343ca7020880b45874415be63,2648,75.0,31.0,physical_only,6.84738126134156e-06,-0.0006185956641946429,-5.017211503158412e-06,7.750038428653998e-05,1.1864592764499974e-05,-0.0006960960484811833
5,5,loading,0.8,49524fcc2f7d90e5dc498b00fc29ec5e91dfb8f343ca7020880b45874415be63,2649,76.0,31.0,physical_only,1.5820488522945913e-05,-0.0007633696472066067,-5.608151073947494e-06,9.991011214714087e-05,2.1428639596893398e-05,-0.0008632797593537476
5,5,loading,0.8,49524fcc2f7d90e5dc498b00fc29ec5e91dfb8f343ca7020880b45874415be63,2650,77.0,31.0,physical_only,1.2262864780688796e-05,-0.0009326428126580728,-6.494284567627855e-06,0.00013355488795044118,1.8757149348316656e-05,-0.0010661977006085135
5,5,loading,0.8,49524fcc2f7d90e5dc498b00fc29ec5e91dfb8f343ca7020880b45874415be63,2651,78.0,31.0,physical_only,4.321967551652514e-06,-0.0011068567929734593,-7.927813546525007e-06,0.00018882241877417257,1.2249781098177509e-05,-0.0012956792117476308
5,5,loading,0.8,49524fcc2f7d90e5dc498b00fc29ec5e91dfb8f343ca7020880b45874415be63,2652,79.0,31.0,physical_only,-1.2500431288212357e-05,-0.0010313726108596597,-1.0401641764311514e-05,0.0002917047509264725,-2.098789523900826e-06,-0.001323077361786132
5,5,loading,0.8,49524fcc2f7d90e5dc498b00fc29ec5e91dfb8f343ca7020880b45874415be63,2653,80.0,31.0,physical_only,-2.4571634949506173e-05,0.008937179290443681,1.9283990924231726e-05,0.0002732800367605387,-4.3855625873737906e-05,0.008663899253683143
5,5,loading,0.8,49524fcc2f7d90e5dc498b00fc29ec5e91dfb8f343ca7020880b45874415be63,2718,62.0,32.0,physical_only,-6.707205187920129e-06,-1.144977582231732e-06,-3.183388731196519e-06,1.3771285388172838e-07,-3.5238164567236097e-06,-1.2826904361134605e-06
5,5,loading,0.8,49524fcc2f7d90e5dc498b00fc29ec5e91dfb8f343ca7020880b45874415be63,2719,63.0,32.0,interior,-0.0,-0.0,-0.0,-0.0,-0.0,-0.0
5,5,loading,0.8,49524fcc2f7d90e5dc498b00fc29ec5e91dfb8f343ca7020880b45874415be63,2720,64.0,32.0,interior,-0.0,-0.0,-0.0,-0.0,-0.0,-0.0
5,5,loading,0.8,49524fcc2f7d90e5dc498b00fc29ec5e91dfb8f343ca7020880b45874415be63,2721,65.0,32.0,interior,-0.0,-0.0,-0.0,-0.0,-0.0,-0.0
5,5,loading,0.8,49524fcc2f7d90e5dc498b00fc29ec5e91dfb8f343ca7020880b45874415be63,2722,66.0,32.0,interior,-0.0,-0.0,-0.0,-0.0,-0.0,-0.0
5,5,loading,0.8,49524fcc2f7d90e5dc498b00fc29ec5e91dfb8f343ca7020880b45874415be63,2723,67.0,32.0,interior,-0.0,-0.0,-0.0,-0.0,-0.0,-0.0
5,5,loading,0.8,49524fcc2f7d90e5dc498b00fc29ec5e91dfb8f343ca7020880b45874415be63,2724,68.0,32.0,interior,-0.0,-0.0,-0.0,-0.0,-0.0,-0.0
5,5,loading,0.8,49524fcc2f7d90e5dc498b00fc29ec5e91dfb8f343ca7020880b45874415be63,2725,69.0,32.0,interior,-0.0,-0.0,-0.0,-0.0,-0.0,-0.0
5,5,loading,0.8,49524fcc2f7d90e5dc498b00fc29ec5e91dfb8f343ca7020880b45874415be63,2726,70.0,32.0,interior,-0.0,-0.0,-0.0,-0.0,-0.0,-0.0
5,5,loading,0.8,49524fcc2f7d90e5dc498b00fc29ec5e91dfb8f343ca7020880b45874415be63,2727,71.0,32.0,interior,-0.0,-0.0,-0.0,-0.0,-0.0,-0.0
5,5,loading,0.8,49524fcc2f7d90e5dc498b00fc29ec5e91dfb8f343ca7020880b45874415be63,2728,72.0,32.0,interior,-0.0,-0.0,-0.0,-0.0,-0.0,-0.0
5,5,loading,0.8,49524fcc2f7d90e5dc498b00fc29ec5e91dfb8f343ca7020880b45874415be63,2729,73.0,32.0,interior,-0.0,-0.0,-0.0,-0.0,-0.0,-0.0
5,5,loading,0.8,49524fcc2f7d90e5dc498b00fc29ec5e91dfb8f343ca7020880b45874415be63,2730,74.0,32.0,interior,-0.0,-0.0,-0.0,-0.0,-0.0,-0.0
5,5,loading,0.8,49524fcc2f7d90e5dc498b00fc29ec5e91dfb8f343ca7020880b45874415be63,2731,75.0,32.0,interior,-0.0,-0.0,-0.0,-0.0,-0.0,-0.0
5,5,loading,0.8,49524fcc2f7d90e5dc498b00fc29ec5e91dfb8f343ca7020880b45874415be63,2732,76.0,32.0,interior,-0.0,-0.0,-0.0,-0.0,-0.0,-0.0
5,5,loading,0.8,49524fcc2f7d90e5dc498b00fc29ec5e91dfb8f343ca7020880b45874415be63,2733,77.0,32.0,interior,-0.0,-0.0,-0.0,-0.0,-0.0,-0.0
5,5,loading,0.8,49524fcc2f7d90e5dc498b00fc29ec5e91dfb8f343ca7020880b45874415be63,2734,78.0,32.0,interior,-0.0,-0.0,-0.0,-0.0,-0.0,-0.0
5,5,loading,0.8,49524fcc2f7d90e5dc498b00fc29ec5e91dfb8f343ca7020880b45874415be63,2735,79.0,32.0,interior,-0.0,-0.0,-0.0,-0.0,-0.0,-0.0
5,5,loading,0.8,49524fcc2f7d90e5dc498b00fc29ec5e91dfb8f343ca7020880b45874415be63,2736,80.0,32.0,physical_only,2.7021870934912704e-07,-9.30207708338247e-08,8.793090552308153e-07,-1.1265717908178231e-06,-6.090903458816879e-07,1.0335510199840033e-06
5,5,loading,0.8,49524fcc2f7d90e5dc498b00fc29ec5e91dfb8f343ca7020880b45874415be63,2801,62.0,33.0,physical_only,-5.459759525993507e-06,-7.415147398830344e-07,-3.374814703735593e-06,1.0741232609063798e-07,-2.0849448222579125e-06,-8.489270659736723e-07
5,5,loading,0.8,49524fcc2f7d90e5dc498b00fc29ec5e91dfb8f343ca7020880b45874415be63,2802,63.0,33.0,interior,-0.0,-0.0,-0.0,-0.0,-0.0,-0.0
5,5,loading,0.8,49524fcc2f7d90e5dc498b00fc29ec5e91dfb8f343ca7020880b45874415be63,2803,64.0,33.0,interior,-0.0,-0.0,-0.0,-0.0,-0.0,-0.0
5,5,loading,0.8,49524fcc2f7d90e5dc498b00fc29ec5e91dfb8f343ca7020880b45874415be63,2804,65.0,33.0,interior,-0.0,-0.0,-0.0,-0.0,-0.0,-0.0
5,5,loading,0.8,49524fcc2f7d90e5dc498b00fc29ec5e91dfb8f343ca7020880b45874415be63,2805,66.0,33.0,interior,-0.0,-0.0,-0.0,-0.0,-0.0,-0.0
5,5,loading,0.8,49524fcc2f7d90e5dc498b00fc29ec5e91dfb8f343ca7020880b45874415be63,2806,67.0,33.0,interior,-0.0,-0.0,-0.0,-0.0,-0.0,-0.0
5,5,loading,0.8,49524fcc2f7d90e5dc498b00fc29ec5e91dfb8f343ca7020880b45874415be63,2807,68.0,33.0,interior,-0.0,-0.0,-0.0,-0.0,-0.0,-0.0
5,5,loading,0.8,49524fcc2f7d90e5dc498b00fc29ec5e91dfb8f343ca7020880b45874415be63,2808,69.0,33.0,interior,-0.0,-0.0,-0.0,-0.0,-0.0,-0.0
5,5,loading,0.8,49524fcc2f7d90e5dc498b00fc29ec5e91dfb8f343ca7020880b45874415be63,2809,70.0,33.0,interior,-0.0,-0.0,-0.0,-0.0,-0.0,-0.0
5,5,loading,0.8,49524fcc2f7d90e5dc498b00fc29ec5e91dfb8f343ca7020880b45874415be63,2810,71.0,33.0,interior,-0.0,-0.0,-0.0,-0.0,-0.0,-0.0
5,5,loading,0.8,49524fcc2f7d90e5dc498b00fc29ec5e91dfb8f343ca7020880b45874415be63,2811,72.0,33.0,interior,-0.0,-0.0,-0.0,-0.0,-0.0,-0.0
5,5,loading,0.8,49524fcc2f7d90e5dc498b00fc29ec5e91dfb8f343ca7020880b45874415be63,2812,73.0,33.0,interior,-0.0,-0.0,-0.0,-0.0,-0.0,-0.0
5,5,loading,0.8,49524fcc2f7d90e5dc498b00fc29ec5e91dfb8f343ca7020880b45874415be63,2813,74.0,33.0,interior,-0.0,-0.0,-0.0,-0.0,-0.0,-0.0
5,5,loading,0.8,49524fcc2f7d90e5dc498b00fc29ec5e91dfb8f343ca7020880b45874415be63,2814,75.0,33.0,interior,-0.0,-0.0,-0.0,-0.0,-0.0,-0.0
5,5,loading,0.8,49524fcc2f7d90e5dc498b00fc29ec5e91dfb8f343ca7020880b45874415be63,2815,76.0,33.0,interior,-0.0,-0.0,-0.0,-0.0,-0.0,-0.0
5,5,loading,0.8,49524fcc2f7d90e5dc498b00fc29ec5e91dfb8f343ca7020880b45874415be63,2816,77.0,33.0,interior,-0.0,-0.0,-0.0,-0.0,-0.0,-0.0
5,5,loading,0.8,49524fcc2f7d90e5dc498b00fc29ec5e91dfb8f343ca7020880b45874415be63,2817,78.0,33.0,interior,-0.0,-0.0,-0.0,-0.0,-0.0,-0.0
5,5,loading,0.8,49524fcc2f7d90e5dc498b00fc29ec5e91dfb8f343ca7020880b45874415be63,2818,79.0,33.0,interior,-0.0,-0.0,-0.0,-0.0,-0.0,-0.0
5,5,loading,0.8,49524fcc2f7d90e5dc498b00fc29ec5e91dfb8f343ca7020880b45874415be63,2819,80.0,33.0,physical_only,2.645380611955393e-07,-7.79844144655178e-08,8.274663409835835e-07,-9.730088656795941e-07,-5.629282797880442e-07,8.950244512140746e-07
5,5,loading,0.8,49524fcc2f7d90e5dc498b00fc29ec5e91dfb8f343ca7020880b45874415be63,2884,62.0,34.0,physical_only,-4.899755726349319e-06,-3.0701033808115846e-07,-3.5271705827928572e-06,8.795513908243128e-08,-1.3725851435564627e-06,-3.9496547716358975e-07
5,5,loading,0.8,49524fcc2f7d90e5dc498b00fc29ec5e91dfb8f343ca7020880b45874415be63,2885,63.0,34.0,interior,-0.0,-0.0,-0.0,-0.0,-0.0,-0.0
5,5,loading,0.8,49524fcc2f7d90e5dc498b00fc29ec5e91dfb8f343ca7020880b45874415be63,2886,64.0,34.0,interior,-0.0,-0.0,-0.0,-0.0,-0.0,-0.0
5,5,loading,0.8,49524fcc2f7d90e5dc498b00fc29ec5e91dfb8f343ca7020880b45874415be63,2887,65.0,34.0,interior,-0.0,-0.0,-0.0,-0.0,-0.0,-0.0
5,5,loading,0.8,49524fcc2f7d90e5dc498b00fc29ec5e91dfb8f343ca7020880b45874415be63,2888,66.0,34.0,interior,-0.0,-0.0,-0.0,-0.0,-0.0,-0.0
5,5,loading,0.8,49524fcc2f7d90e5dc498b00fc29ec5e91dfb8f343ca7020880b45874415be63,2889,67.0,34.0,interior,-0.0,-0.0,-0.0,-0.0,-0.0,-0.0
5,5,loading,0.8,49524fcc2f7d90e5dc498b00fc29ec5e91dfb8f343ca7020880b45874415be63,2890,68.0,34.0,interior,-0.0,-0.0,-0.0,-0.0,-0.0,-0.0
5,5,loading,0.8,49524fcc2f7d90e5dc498b00fc29ec5e91dfb8f343ca7020880b45874415be63,2891,69.0,34.0,interior,-0.0,-0.0,-0.0,-0.0,-0.0,-0.0
5,5,loading,0.8,49524fcc2f7d90e5dc498b00fc29ec5e91dfb8f343ca7020880b45874415be63,2892,70.0,34.0,interior,-0.0,-0.0,-0.0,-0.0,-0.0,-0.0
5,5,loading,0.8,49524fcc2f7d90e5dc498b00fc29ec5e91dfb8f343ca7020880b45874415be63,2893,71.0,34.0,interior,-0.0,-0.0,-0.0,-0.0,-0.0,-0.0
5,5,loading,0.8,49524fcc2f7d90e5dc498b00fc29ec5e91dfb8f343ca7020880b45874415be63,2894,72.0,34.0,interior,-0.0,-0.0,-0.0,-0.0,-0.0,-0.0
5,5,loading,0.8,49524fcc2f7d90e5dc498b00fc29ec5e91dfb8f343ca7020880b45874415be63,2895,73.0,34.0,interior,-0.0,-0.0,-0.0,-0.0,-0.0,-0.0
5,5,loading,0.8,49524fcc2f7d90e5dc498b00fc29ec5e91dfb8f343ca7020880b45874415be63,2896,74.0,34.0,interior,-0.0,-0.0,-0.0,-0.0,-0.0,-0.0
5,5,loading,0.8,49524fcc2f7d90e5dc498b00fc29ec5e91dfb8f343ca7020880b45874415be63,2897,75.0,34.0,interior,-0.0,-0.0,-0.0,-0.0,-0.0,-0.0
5,5,loading,0.8,49524fcc2f7d90e5dc498b00fc29ec5e91dfb8f343ca7020880b45874415be63,2898,76.0,34.0,interior,-0.0,-0.0,-0.0,-0.0,-0.0,-0.0
5,5,loading,0.8,49524fcc2f7d90e5dc498b00fc29ec5e91dfb8f343ca7020880b45874415be63,2899,77.0,34.0,interior,-0.0,-0.0,-0.0,-0.0,-0.0,-0.0
5,5,loading,0.8,49524fcc2f7d90e5dc498b00fc29ec5e91dfb8f343ca7020880b45874415be63,2900,78.0,34.0,interior,-0.0,-0.0,-0.0,-0.0,-0.0,-0.0
5,5,loading,0.8,49524fcc2f7d90e5dc498b00fc29ec5e91dfb8f343ca7020880b45874415be63,2901,79.0,34.0,interior,-0.0,-0.0,-0.0,-0.0,-0.0,-0.0
5,5,loading,0.8,49524fcc2f7d90e5dc498b00fc29ec5e91dfb8f343ca7020880b45874415be63,2902,80.0,34.0,physical_only,2.595643407870705e-07,-6.445311389944696e-08,7.840094434422076e-07,-8.247466459945609e-07,-5.244451026551371e-07,7.602935320951142e-07
5,5,loading,0.8,49524fcc2f7d90e5dc498b00fc29ec5e91dfb8f343ca7020880b45874415be63,2967,62.0,35.0,physical_only,-4.759963251201053e-06,2.1748915983991426e-08,-3.6522616107858764e-06,7.406359791421795e-08,-1.1077016404151762e-06,-5.231468193022652e-08
5,5,loading,0.8,49524fcc2f7d90e5dc498b00fc29ec5e91dfb8f343ca7020880b45874415be63,2968,63.0,35.0,interior,-0.0,-0.0,-0.0,-0.0,-0.0,-0.0
5,5,loading,0.8,49524fcc2f7d90e5dc498b00fc29ec5e91dfb8f343ca7020880b45874415be63,2969,64.0,35.0,interior,-0.0,-0.0,-0.0,-0.0,-0.0,-0.0
5,5,loading,0.8,49524fcc2f7d90e5dc498b00fc29ec5e91dfb8f343ca7020880b45874415be63,2970,65.0,35.0,interior,-0.0,-0.0,-0.0,-0.0,-0.0,-0.0
5,5,loading,0.8,49524fcc2f7d90e5dc498b00fc29ec5e91dfb8f343ca7020880b45874415be63,2971,66.0,35.0,interior,-0.0,-0.0,-0.0,-0.0,-0.0,-0.0
5,5,loading,0.8,49524fcc2f7d90e5dc498b00fc29ec5e91dfb8f343ca7020880b45874415be63,2972,67.0,35.0,interior,-0.0,-0.0,-0.0,-0.0,-0.0,-0.0
5,5,loading,0.8,49524fcc2f7d90e5dc498b00fc29ec5e91dfb8f343ca7020880b45874415be63,2973,68.0,35.0,interior,-0.0,-0.0,-0.0,-0.0,-0.0,-0.0
5,5,loading,0.8,49524fcc2f7d90e5dc498b00fc29ec5e91dfb8f343ca7020880b45874415be63,2974,69.0,35.0,interior,-0.0,-0.0,-0.0,-0.0,-0.0,-0.0
5,5,loading,0.8,49524fcc2f7d90e5dc498b00fc29ec5e91dfb8f343ca7020880b45874415be63,2975,70.0,35.0,interior,-0.0,-0.0,-0.0,-0.0,-0.0,-0.0
5,5,loading,0.8,49524fcc2f7d90e5dc498b00fc29ec5e91dfb8f343ca7020880b45874415be63,2976,71.0,35.0,interior,-0.0,-0.0,-0.0,-0.0,-0.0,-0.0
5,5,loading,0.8,49524fcc2f7d90e5dc498b00fc29ec5e91dfb8f343ca7020880b45874415be63,2977,72.0,35.0,interior,-0.0,-0.0,-0.0,-0.0,-0.0,-0.0
5,5,loading,0.8,49524fcc2f7d90e5dc498b00fc29ec5e91dfb8f343ca7020880b45874415be63,2978,73.0,35.0,interior,-0.0,-0.0,-0.0,-0.0,-0.0,-0.0
5,5,loading,0.8,49524fcc2f7d90e5dc498b00fc29ec5e91dfb8f343ca7020880b45874415be63,2979,74.0,35.0,interior,-0.0,-0.0,-0.0,-0.0,-0.0,-0.0
5,5,loading,0.8,49524fcc2f7d90e5dc498b00fc29ec5e91dfb8f343ca7020880b45874415be63,2980,75.0,35.0,interior,-0.0,-0.0,-0.0,-0.0,-0.0,-0.0
5,5,loading,0.8,49524fcc2f7d90e5dc498b00fc29ec5e91dfb8f343ca7020880b45874415be63,2981,76.0,35.0,interior,-0.0,-0.0,-0.0,-0.0,-0.0,-0.0
5,5,loading,0.8,49524fcc2f7d90e5dc498b00fc29ec5e91dfb8f343ca7020880b45874415be63,2982,77.0,35.0,interior,-0.0,-0.0,-0.0,-0.0,-0.0,-0.0
5,5,loading,0.8,49524fcc2f7d90e5dc498b00fc29ec5e91dfb8f343ca7020880b45874415be63,2983,78.0,35.0,interior,-0.0,-0.0,-0.0,-0.0,-0.0,-0.0
5,5,loading,0.8,49524fcc2f7d90e5dc498b00fc29ec5e91dfb8f343ca7020880b45874415be63,2984,79.0,35.0,interior,-0.0,-0.0,-0.0,-0.0,-0.0,-0.0
5,5,loading,0.8,49524fcc2f7d90e5dc498b00fc29ec5e91dfb8f343ca7020880b45874415be63,2985,80.0,35.0,physical_only,2.5532612022884565e-07,-5.2104099947011253e-08,7.482697498775992e-07,-6.808770154472489e-07,-4.929436296487537e-07,6.28772915500233e-07
5,5,loading,0.8,49524fcc2f7d90e5dc498b00fc29ec5e91dfb8f343ca7020880b45874415be63,3050,62.0,36.0,physical_only,-4.837601323582906e-06,1.8636362716842648e-07,-3.755240767893165e-06,6.17223844792637e-08,-1.0823605556897408e-06,1.2464124268916278e-07
5,5,loading,0.8,49524fcc2f7d90e5dc498b00fc29ec5e91dfb8f343ca7020880b45874415be63,3051,63.0,36.0,interior,-0.0,-0.0,-0.0,-0.0,-0.0,-0.0
5,5,loading,0.8,49524fcc2f7d90e5dc498b00fc29ec5e91dfb8f343ca7020880b45874415be63,3052,64.0,36.0,interior,-0.0,-0.0,-0.0,-0.0,-0.0,-0.0
5,5,loading,0.8,49524fcc2f7d90e5dc498b00fc29ec5e91dfb8f343ca7020880b45874415be63,3053,65.0,36.0,interior,-0.0,-0.0,-0.0,-0.0,-0.0,-0.0
5,5,loading,0.8,49524fcc2f7d90e5dc498b00fc29ec5e91dfb8f343ca7020880b45874415be63,3054,66.0,36.0,interior,-0.0,-0.0,-0.0,-0.0,-0.0,-0.0
5,5,loading,0.8,49524fcc2f7d90e5dc498b00fc29ec5e91dfb8f343ca7020880b45874415be63,3055,67.0,36.0,interior,-0.0,-0.0,-0.0,-0.0,-0.0,-0.0
5,5,loading,0.8,49524fcc2f7d90e5dc498b00fc29ec5e91dfb8f343ca7020880b45874415be63,3056,68.0,36.0,interior,-0.0,-0.0,-0.0,-0.0,-0.0,-0.0
5,5,loading,0.8,49524fcc2f7d90e5dc498b00fc29ec5e91dfb8f343ca7020880b45874415be63,3057,69.0,36.0,interior,-0.0,-0.0,-0.0,-0.0,-0.0,-0.0
5,5,loading,0.8,49524fcc2f7d90e5dc498b00fc29ec5e91dfb8f343ca7020880b45874415be63,3058,70.0,36.0,interior,-0.0,-0.0,-0.0,-0.0,-0.0,-0.0
5,5,loading,0.8,49524fcc2f7d90e5dc498b00fc29ec5e91dfb8f343ca7020880b45874415be63,3059,71.0,36.0,interior,-0.0,-0.0,-0.0,-0.0,-0.0,-0.0
5,5,loading,0.8,49524fcc2f7d90e5dc498b00fc29ec5e91dfb8f343ca7020880b45874415be63,3060,72.0,36.0,interior,-0.0,-0.0,-0.0,-0.0,-0.0,-0.0
5,5,loading,0.8,49524fcc2f7d90e5dc498b00fc29ec5e91dfb8f343ca7020880b45874415be63,3061,73.0,36.0,interior,-0.0,-0.0,-0.0,-0.0,-0.0,-0.0
5,5,loading,0.8,49524fcc2f7d90e5dc498b00fc29ec5e91dfb8f343ca7020880b45874415be63,3062,74.0,36.0,interior,-0.0,-0.0,-0.0,-0.0,-0.0,-0.0
5,5,loading,0.8,49524fcc2f7d90e5dc498b00fc29ec5e91dfb8f343ca7020880b45874415be63,3063,75.0,36.0,interior,-0.0,-0.0,-0.0,-0.0,-0.0,-0.0
5,5,loading,0.8,49524fcc2f7d90e5dc498b00fc29ec5e91dfb8f343ca7020880b45874415be63,3064,76.0,36.0,interior,-0.0,-0.0,-0.0,-0.0,-0.0,-0.0
5,5,loading,0.8,49524fcc2f7d90e5dc498b00fc29ec5e91dfb8f343ca7020880b45874415be63,3065,77.0,36.0,interior,-0.0,-0.0,-0.0,-0.0,-0.0,-0.0
5,5,loading,0.8,49524fcc2f7d90e5dc498b00fc29ec5e91dfb8f343ca7020880b45874415be63,3066,78.0,36.0,interior,-0.0,-0.0,-0.0,-0.0,-0.0,-0.0
5,5,loading,0.8,49524fcc2f7d90e5dc498b00fc29ec5e91dfb8f343ca7020880b45874415be63,3067,79.0,36.0,interior,-0.0,-0.0,-0.0,-0.0,-0.0,-0.0
5,5,loading,0.8,49524fcc2f7d90e5dc498b00fc29ec5e91dfb8f343ca7020880b45874415be63,3068,80.0,36.0,physical_only,2.518418181084517e-07,-4.067180214624731e-08,7.197110946844672e-07,-5.405670790770108e-07,-4.6786927657601516e-07,4.998952769307591e-07
5,5,loading,0.8,49524fcc2f7d90e5dc498b00fc29ec5e91dfb8f343ca7020880b45874415be63,3133,62.0,37.0,physical_only,-4.974334776305378e-06,2.2214776583533363e-07,-3.837135672721715e-06,4.852764513860853e-08,-1.1371991035836622e-06,1.736201206967249e-07
5,5,loading,0.8,49524fcc2f7d90e5dc498b00fc29ec5e91dfb8f343ca7020880b45874415be63,3134,63.0,37.0,interior,-0.0,-0.0,-0.0,-0.0,-0.0,-0.0
5,5,loading,0.8,49524fcc2f7d90e5dc498b00fc29ec5e91dfb8f343ca7020880b45874415be63,3135,64.0,37.0,interior,-0.0,-0.0,-0.0,-0.0,-0.0,-0.0
5,5,loading,0.8,49524fcc2f7d90e5dc498b00fc29ec5e91dfb8f343ca7020880b45874415be63,3136,65.0,37.0,interior,-0.0,-0.0,-0.0,-0.0,-0.0,-0.0
5,5,loading,0.8,49524fcc2f7d90e5dc498b00fc29ec5e91dfb8f343ca7020880b45874415be63,3137,66.0,37.0,interior,-0.0,-0.0,-0.0,-0.0,-0.0,-0.0
5,5,loading,0.8,49524fcc2f7d90e5dc498b00fc29ec5e91dfb8f343ca7020880b45874415be63,3138,67.0,37.0,interior,-0.0,-0.0,-0.0,-0.0,-0.0,-0.0
5,5,loading,0.8,49524fcc2f7d90e5dc498b00fc29ec5e91dfb8f343ca7020880b45874415be63,3139,68.0,37.0,interior,-0.0,-0.0,-0.0,-0.0,-0.0,-0.0
5,5,loading,0.8,49524fcc2f7d90e5dc498b00fc29ec5e91dfb8f343ca7020880b45874415be63,3140,69.0,37.0,interior,-0.0,-0.0,-0.0,-0.0,-0.0,-0.0
5,5,loading,0.8,49524fcc2f7d90e5dc498b00fc29ec5e91dfb8f343ca7020880b45874415be63,3141,70.0,37.0,interior,-0.0,-0.0,-0.0,-0.0,-0.0,-0.0
5,5,loading,0.8,49524fcc2f7d90e5dc498b00fc29ec5e91dfb8f343ca7020880b45874415be63,3142,71.0,37.0,interior,-0.0,-0.0,-0.0,-0.0,-0.0,-0.0
5,5,loading,0.8,49524fcc2f7d90e5dc498b00fc29ec5e91dfb8f343ca7020880b45874415be63,3143,72.0,37.0,interior,-0.0,-0.0,-0.0,-0.0,-0.0,-0.0
5,5,loading,0.8,49524fcc2f7d90e5dc498b00fc29ec5e91dfb8f343ca7020880b45874415be63,3144,73.0,37.0,interior,-0.0,-0.0,-0.0,-0.0,-0.0,-0.0
5,5,loading,0.8,49524fcc2f7d90e5dc498b00fc29ec5e91dfb8f343ca7020880b45874415be63,3145,74.0,37.0,interior,-0.0,-0.0,-0.0,-0.0,-0.0,-0.0
5,5,loading,0.8,49524fcc2f7d90e5dc498b00fc29ec5e91dfb8f343ca7020880b45874415be63,3146,75.0,37.0,interior,-0.0,-0.0,-0.0,-0.0,-0.0,-0.0
5,5,loading,0.8,49524fcc2f7d90e5dc498b00fc29ec5e91dfb8f343ca7020880b45874415be63,3147,76.0,37.0,interior,-0.0,-0.0,-0.0,-0.0,-0.0,-0.0
5,5,loading,0.8,49524fcc2f7d90e5dc498b00fc29ec5e91dfb8f343ca7020880b45874415be63,3148,77.0,37.0,interior,-0.0,-0.0,-0.0,-0.0,-0.0,-0.0
5,5,loading,0.8,49524fcc2f7d90e5dc498b00fc29ec5e91dfb8f343ca7020880b45874415be63,3149,78.0,37.0,interior,-0.0,-0.0,-0.0,-0.0,-0.0,-0.0
5,5,loading,0.8,49524fcc2f7d90e5dc498b00fc29ec5e91dfb8f343ca7020880b45874415be63,3150,79.0,37.0,interior,-0.0,-0.0,-0.0,-0.0,-0.0,-0.0
5,5,loading,0.8,49524fcc2f7d90e5dc498b00fc29ec5e91dfb8f343ca7020880b45874415be63,3151,80.0,37.0,physical_only,2.491230945581149e-07,-2.9931638636824056e-08,6.979137506256234e-07,-4.0304177409371887e-07,-4.4879065606750856e-07,3.7311013545689793e-07
5,5,loading,0.8,49524fcc2f7d90e5dc498b00fc29ec5e91dfb8f343ca7020880b45874415be63,3216,62.0,38.0,physical_only,-5.092979372716036e-06,1.7742300129153084e-07,-3.8970349915125884e-06,3.3650691393766406e-08,-1.1959443812034489e-06,1.4377230989776475e-07
5,5,loading,0.8,49524fcc2f7d90e5dc498b00fc29ec5e91dfb8f343ca7020880b45874415be63,3217,63.0,38.0,interior,-0.0,-0.0,-0.0,-0.0,-0.0,-0.0
5,5,loading,0.8,49524fcc2f7d90e5dc498b00fc29ec5e91dfb8f343ca7020880b45874415be63,3218,64.0,38.0,interior,-0.0,-0.0,-0.0,-0.0,-0.0,-0.0
5,5,loading,0.8,49524fcc2f7d90e5dc498b00fc29ec5e91dfb8f343ca7020880b45874415be63,3219,65.0,38.0,interior,-0.0,-0.0,-0.0,-0.0,-0.0,-0.0
5,5,loading,0.8,49524fcc2f7d90e5dc498b00fc29ec5e91dfb8f343ca7020880b45874415be63,3220,66.0,38.0,interior,-0.0,-0.0,-0.0,-0.0,-0.0,-0.0
5,5,loading,0.8,49524fcc2f7d90e5dc498b00fc29ec5e91dfb8f343ca7020880b45874415be63,3221,67.0,38.0,interior,-0.0,-0.0,-0.0,-0.0,-0.0,-0.0
5,5,loading,0.8,49524fcc2f7d90e5dc498b00fc29ec5e91dfb8f343ca7020880b45874415be63,3222,68.0,38.0,interior,-0.0,-0.0,-0.0,-0.0,-0.0,-0.0
5,5,loading,0.8,49524fcc2f7d90e5dc498b00fc29ec5e91dfb8f343ca7020880b45874415be63,3223,69.0,38.0,interior,-0.0,-0.0,-0.0,-0.0,-0.0,-0.0
5,5,loading,0.8,49524fcc2f7d90e5dc498b00fc29ec5e91dfb8f343ca7020880b45874415be63,3224,70.0,38.0,interior,-0.0,-0.0,-0.0,-0.0,-0.0,-0.0
5,5,loading,0.8,49524fcc2f7d90e5dc498b00fc29ec5e91dfb8f343ca7020880b45874415be63,3225,71.0,38.0,interior,-0.0,-0.0,-0.0,-0.0,-0.0,-0.0
5,5,loading,0.8,49524fcc2f7d90e5dc498b00fc29ec5e91dfb8f343ca7020880b45874415be63,3226,72.0,38.0,interior,-0.0,-0.0,-0.0,-0.0,-0.0,-0.0
5,5,loading,0.8,49524fcc2f7d90e5dc498b00fc29ec5e91dfb8f343ca7020880b45874415be63,3227,73.0,38.0,interior,-0.0,-0.0,-0.0,-0.0,-0.0,-0.0
5,5,loading,0.8,49524fcc2f7d90e5dc498b00fc29ec5e91dfb8f343ca7020880b45874415be63,3228,74.0,38.0,interior,-0.0,-0.0,-0.0,-0.0,-0.0,-0.0
5,5,loading,0.8,49524fcc2f7d90e5dc498b00fc29ec5e91dfb8f343ca7020880b45874415be63,3229,75.0,38.0,interior,-0.0,-0.0,-0.0,-0.0,-0.0,-0.0
5,5,loading,0.8,49524fcc2f7d90e5dc498b00fc29ec5e91dfb8f343ca7020880b45874415be63,3230,76.0,38.0,interior,-0.0,-0.0,-0.0,-0.0,-0.0,-0.0
5,5,loading,0.8,49524fcc2f7d90e5dc498b00fc29ec5e91dfb8f343ca7020880b45874415be63,3231,77.0,38.0,interior,-0.0,-0.0,-0.0,-0.0,-0.0,-0.0
5,5,loading,0.8,49524fcc2f7d90e5dc498b00fc29ec5e91dfb8f343ca7020880b45874415be63,3232,78.0,38.0,interior,-0.0,-0.0,-0.0,-0.0,-0.0,-0.0
5,5,loading,0.8,49524fcc2f7d90e5dc498b00fc29ec5e91dfb8f343ca7020880b45874415be63,3233,79.0,38.0,interior,-0.0,-0.0,-0.0,-0.0,-0.0,-0.0
5,5,loading,0.8,49524fcc2f7d90e5dc498b00fc29ec5e91dfb8f343ca7020880b45874415be63,3234,80.0,38.0,physical_only,2.4717712583872934e-07,-1.9688052542852683e-08,6.825624807562011e-07,-2.675693820061724e-07,-4.353853549174718e-07,2.478813294633204e-07
5,5,loading,0.8,49524fcc2f7d90e5dc498b00fc29ec5e91dfb8f343ca7020880b45874415be63,3299,62.0,39.0,physical_only,-5.165035072169965e-06,9.485649374057295e-08,-3.93362335480929e-06,1.725185699544549e-08,-1.2314117173606745e-06,7.760463674512746e-08
5,5,loading,0.8,49524fcc2f7d90e5dc498b00fc29ec5e91dfb8f343ca7020880b45874415be63,3300,63.0,39.0,interior,-0.0,-0.0,-0.0,-0.0,-0.0,-0.0
5,5,loading,0.8,49524fcc2f7d90e5dc498b00fc29ec5e91dfb8f343ca7020880b45874415be63,3301,64.0,39.0,interior,-0.0,-0.0,-0.0,-0.0,-0.0,-0.0
5,5,loading,0.8,49524fcc2f7d90e5dc498b00fc29ec5e91dfb8f343ca7020880b45874415be63,3302,65.0,39.0,interior,-0.0,-0.0,-0.0,-0.0,-0.0,-0.0
5,5,loading,0.8,49524fcc2f7d90e5dc498b00fc29ec5e91dfb8f343ca7020880b45874415be63,3303,66.0,39.0,interior,-0.0,-0.0,-0.0,-0.0,-0.0,-0.0
5,5,loading,0.8,49524fcc2f7d90e5dc498b00fc29ec5e91dfb8f343ca7020880b45874415be63,3304,67.0,39.0,interior,-0.0,-0.0,-0.0,-0.0,-0.0,-0.0
5,5,loading,0.8,49524fcc2f7d90e5dc498b00fc29ec5e91dfb8f343ca7020880b45874415be63,3305,68.0,39.0,interior,-0.0,-0.0,-0.0,-0.0,-0.0,-0.0
5,5,loading,0.8,49524fcc2f7d90e5dc498b00fc29ec5e91dfb8f343ca7020880b45874415be63,3306,69.0,39.0,interior,-0.0,-0.0,-0.0,-0.0,-0.0,-0.0
5,5,loading,0.8,49524fcc2f7d90e5dc498b00fc29ec5e91dfb8f343ca7020880b45874415be63,3307,70.0,39.0,interior,-0.0,-0.0,-0.0,-0.0,-0.0,-0.0
5,5,loading,0.8,49524fcc2f7d90e5dc498b00fc29ec5e91dfb8f343ca7020880b45874415be63,3308,71.0,39.0,interior,-0.0,-0.0,-0.0,-0.0,-0.0,-0.0
5,5,loading,0.8,49524fcc2f7d90e5dc498b00fc29ec5e91dfb8f343ca7020880b45874415be63,3309,72.0,39.0,interior,-0.0,-0.0,-0.0,-0.0,-0.0,-0.0
5,5,loading,0.8,49524fcc2f7d90e5dc498b00fc29ec5e91dfb8f343ca7020880b45874415be63,3310,73.0,39.0,interior,-0.0,-0.0,-0.0,-0.0,-0.0,-0.0
5,5,loading,0.8,49524fcc2f7d90e5dc498b00fc29ec5e91dfb8f343ca7020880b45874415be63,3311,74.0,39.0,interior,-0.0,-0.0,-0.0,-0.0,-0.0,-0.0
5,5,loading,0.8,49524fcc2f7d90e5dc498b00fc29ec5e91dfb8f343ca7020880b45874415be63,3312,75.0,39.0,interior,-0.0,-0.0,-0.0,-0.0,-0.0,-0.0
5,5,loading,0.8,49524fcc2f7d90e5dc498b00fc29ec5e91dfb8f343ca7020880b45874415be63,3313,76.0,39.0,interior,-0.0,-0.0,-0.0,-0.0,-0.0,-0.0
5,5,loading,0.8,49524fcc2f7d90e5dc498b00fc29ec5e91dfb8f343ca7020880b45874415be63,3314,77.0,39.0,interior,-0.0,-0.0,-0.0,-0.0,-0.0,-0.0
5,5,loading,0.8,49524fcc2f7d90e5dc498b00fc29ec5e91dfb8f343ca7020880b45874415be63,3315,78.0,39.0,interior,-0.0,-0.0,-0.0,-0.0,-0.0,-0.0
5,5,loading,0.8,49524fcc2f7d90e5dc498b00fc29ec5e91dfb8f343ca7020880b45874415be63,3316,79.0,39.0,interior,-0.0,-0.0,-0.0,-0.0,-0.0,-0.0
5,5,loading,0.8,49524fcc2f7d90e5dc498b00fc29ec5e91dfb8f343ca7020880b45874415be63,3317,80.0,39.0,physical_only,2.4600810939360794e-07,-9.765301602505244e-09,6.734378987525185e-07,-1.3344909732512814e-07,-4.274297893589106e-07,1.2368379572262579e-07
5,5,loading,0.8,49524fcc2f7d90e5dc498b00fc29ec5e91dfb8f343ca7020880b45874415be63,3382,62.0,40.0,physical_and_cut,-2.594173478422097e-06,-2.0011252899765904e-06,-1.9729666021708823e-06,-8.941065104269264e-07,-6.212068762512149e-07,-1.1070187795496638e-06
5,5,loading,0.8,49524fcc2f7d90e5dc498b00fc29ec5e91dfb8f343ca7020880b45874415be63,3383,63.0,40.0,cut_only,-0.0,-0.0,-0.0,-0.0,-0.0,-0.0
5,5,loading,0.8,49524fcc2f7d90e5dc498b00fc29ec5e91dfb8f343ca7020880b45874415be63,3384,64.0,40.0,cut_only,-0.0,-0.0,-0.0,-0.0,-0.0,-0.0
5,5,loading,0.8,49524fcc2f7d90e5dc498b00fc29ec5e91dfb8f343ca7020880b45874415be63,3385,65.0,40.0,cut_only,-0.0,-0.0,-0.0,-0.0,-0.0,-0.0
5,5,loading,0.8,49524fcc2f7d90e5dc498b00fc29ec5e91dfb8f343ca7020880b45874415be63,3386,66.0,40.0,cut_only,-0.0,-0.0,-0.0,-0.0,-0.0,-0.0
5,5,loading,0.8,49524fcc2f7d90e5dc498b00fc29ec5e91dfb8f343ca7020880b45874415be63,3387,67.0,40.0,cut_only,-0.0,-0.0,-0.0,-0.0,-0.0,-0.0
5,5,loading,0.8,49524fcc2f7d90e5dc498b00fc29ec5e91dfb8f343ca7020880b45874415be63,3388,68.0,40.0,cut_only,-0.0,-0.0,-0.0,-0.0,-0.0,-0.0
5,5,loading,0.8,49524fcc2f7d90e5dc498b00fc29ec5e91dfb8f343ca7020880b45874415be63,3389,69.0,40.0,cut_only,-0.0,-0.0,-0.0,-0.0,-0.0,-0.0
5,5,loading,0.8,49524fcc2f7d90e5dc498b00fc29ec5e91dfb8f343ca7020880b45874415be63,3390,70.0,40.0,cut_only,-0.0,-0.0,-0.0,-0.0,-0.0,-0.0
5,5,loading,0.8,49524fcc2f7d90e5dc498b00fc29ec5e91dfb8f343ca7020880b45874415be63,3391,71.0,40.0,cut_only,-0.0,-0.0,-0.0,-0.0,-0.0,-0.0
5,5,loading,0.8,49524fcc2f7d90e5dc498b00fc29ec5e91dfb8f343ca7020880b45874415be63,3392,72.0,40.0,cut_only,-0.0,-0.0,-0.0,-0.0,-0.0,-0.0
5,5,loading,0.8,49524fcc2f7d90e5dc498b00fc29ec5e91dfb8f343ca7020880b45874415be63,3393,73.0,40.0,cut_only,-0.0,-0.0,-0.0,-0.0,-0.0,-0.0
5,5,loading,0.8,49524fcc2f7d90e5dc498b00fc29ec5e91dfb8f343ca7020880b45874415be63,3394,74.0,40.0,cut_only,-0.0,-0.0,-0.0,-0.0,-0.0,-0.0
5,5,loading,0.8,49524fcc2f7d90e5dc498b00fc29ec5e91dfb8f343ca7020880b45874415be63,3395,75.0,40.0,cut_only,-0.0,-0.0,-0.0,-0.0,-0.0,-0.0
5,5,loading,0.8,49524fcc2f7d90e5dc498b00fc29ec5e91dfb8f343ca7020880b45874415be63,3396,76.0,40.0,cut_only,-0.0,-0.0,-0.0,-0.0,-0.0,-0.0
5,5,loading,0.8,49524fcc2f7d90e5dc498b00fc29ec5e91dfb8f343ca7020880b45874415be63,3397,77.0,40.0,cut_only,-0.0,-0.0,-0.0,-0.0,-0.0,-0.0
5,5,loading,0.8,49524fcc2f7d90e5dc498b00fc29ec5e91dfb8f343ca7020880b45874415be63,3398,78.0,40.0,cut_only,-0.0,-0.0,-0.0,-0.0,-0.0,-0.0
5,5,loading,0.8,49524fcc2f7d90e5dc498b00fc29ec5e91dfb8f343ca7020880b45874415be63,3399,79.0,40.0,cut_only,-0.0,-0.0,-0.0,-0.0,-0.0,-0.0
5,5,loading,0.8,49524fcc2f7d90e5dc498b00fc29ec5e91dfb8f343ca7020880b45874415be63,3400,80.0,40.0,physical_and_cut,1.2280910742206287e-07,3.418148739985328e-05,3.352053119937152e-07,-2.0812564923227413e-07,-2.1239620457165236e-07,3.4389613049085555e-05
6,6,loading,0.85,f0be9e5b4d694bef8d928b91ef7b3c9cad0fa115750213abe08db003f0c3cd3d,2635,62.0,31.0,physical_only,-0.00043729483892127356,-6.130774067433462e-05,-5.665385968811252e-06,6.281825662509533e-06,-0.00043162945295246237,-6.758956633684417e-05
6,6,loading,0.85,f0be9e5b4d694bef8d928b91ef7b3c9cad0fa115750213abe08db003f0c3cd3d,2636,63.0,31.0,physical_only,-1.1551326356619767e-06,-5.379312713552645e-05,-3.1391186421921217e-06,7.188493274172652e-06,1.9839860065301463e-06,-6.098162040969908e-05
6,6,loading,0.85,f0be9e5b4d694bef8d928b91ef7b3c9cad0fa115750213abe08db003f0c3cd3d,2637,64.0,31.0,physical_only,1.231278524865827e-06,-7.183150221848616e-05,-3.2087760769271137e-06,9.2062573807529e-06,4.440054601792939e-06,-8.103775959923904e-05
6,6,loading,0.85,f0be9e5b4d694bef8d928b91ef7b3c9cad0fa115750213abe08db003f0c3cd3d,2638,65.0,31.0,physical_only,1.92135007531079e-06,-9.713131260027317e-05,-3.2959283943941625e-06,1.1519454948313518e-05,5.217278469704955e-06,-0.00010865076754858671
6,6,loading,0.85,f0be9e5b4d694bef8d928b91ef7b3c9cad0fa115750213abe08db003f0c3cd3d,2639,66.0,31.0,physical_only,8.503435134927029e-07,-0.00012723311524304127,-3.401050706366357e-06,1.4221087817791736e-05,4.251394219859058e-06,-0.00014145420306083307
6,6,loading,0.85,f0be9e5b4d694bef8d928b91ef7b3c9cad0fa115750213abe08db003f0c3cd3d,2640,67.0,31.0,physical_only,-8.969030674189671e-07,-0.00016174193995564942,-3.5218993645903357e-06,1.7419791751918324e-05,2.6249962971713707e-06,-0.00017916173170756775
6,6,loading,0.85,f0be9e5b4d694bef8d928b91ef7b3c9cad0fa115750213abe08db003f0c3cd3d,2641,68.0,31.0,physical_only,-9.53408400847465e-07,-0.00020353510062024046,-3.6592662261987715e-06,2.125107323191034e-05,2.7058578253513057e-06,-0.0002247861738521507
6,6,loading,0.85,f0be9e5b4d694bef8d928b91ef7b3c9cad0fa115750213abe08db003f0c3cd3d,2642,69.0,31.0,physical_only,-1.3845547546691554e-06,-0.00025549214961871646,-3.817184136275354e-06,2.589876771893657e-05,2.432629381606202e-06,-0.0002813909173376532
6,6,loading,0.85,f0be9e5b4d694bef8d928b91ef7b3c9cad0fa115750213abe08db003f0c3cd3d,2643,70.0,31.0,physical_only,-2.0396903074195285e-06,-0.000318163336806814,-4.002882019870808e-06,3.162445579899158e-05,1.9631917124512743e-06,-0.0003497877926058057
6,6,loading,0.85,f0be9e5b4d694bef8d928b91ef7b3c9cad0fa115750213abe08db003f0c3cd3d,2644,71.0,31.0,physical_only,-2.8906612889208505e-06,-0.00039305358653647714,-4.226247210536595e-06,3.8809985425829295e-05,1.3355859216157502e-06,-0.0004318635719623063
6,6,loading,0.85,f0be9e5b4d694bef8d928b91ef7b3c9cad0fa115750213abe08db003f0c3cd3d,2645,72.0,31.0,physical_only,-3.7494841370054767e-06,-0.0004817350302229171,-4.502332254850057e-06,4.803316541226058e-05,7.528481178445788e-07,-0.0005297681956351781
6,6,loading,0.85,f0be9e5b4d694bef8d928b91ef7b3c9cad0fa115750213abe08db003f0c3cd3d,2646,73.0,31.0,physical_only,-4.629008226506271e-06,-0.0005842992229469503,-4.854232795277445e-06,6.0205846168288185e-05,2.2522456877117707e-07,-0.0006445050691152383
6,6,loading,0.85,f0be9e5b4d694bef8d928b91ef7b3c9cad0fa115750213abe08db003f0c3cd3d,2647,74.0,31.0,physical_only,7.485481506991207e-07,-0.0007054239570957457,-5.322215559576975e-06,7.685390263002945e-05,6.070763710276098e-06,-0.000782277859725775
6,6,loading,0.85,f0be9e5b4d694bef8d928b91ef7b3c9cad0fa115750213abe08db003f0c3cd3d,2648,75.0,31.0,physical_only,1.1578303480640849e-05,-0.0008608076859712589,-5.983980644711985e-06,0.00010075768139566938,1.7562284125352835e-05,-0.0009615653673669287
6,6,loading,0.85,f0be9e5b4d694bef8d928b91ef7b3c9cad0fa115750213abe08db003f0c3cd3d,2649,76.0,31.0,physical_only,2.241498505121599e-05,-0.0010682729419198662,-7.0012202135284405e-06,0.00013759570366369823,2.9416205264744435e-05,-0.0012058686455835637
6,6,loading,0.85,f0be9e5b4d694bef8d928b91ef7b3c9cad0fa115750213abe08db003f0c3cd3d,2650,77.0,31.0,physical_only,1.4155883789914803e-05,-0.0013006504933889213,-8.729091800718481e-06,0.00020073578598828477,2.2884975590633296e-05,-0.0015013862793772058
6,6,loading,0.85,f0be9e5b4d694bef8d928b91ef7b3c9cad0fa115750213abe08db003f0c3cd3d,2651,78.0,31.0,physical_only,-1.8517308434148053e-06,-0.0015027764640841504,-1.2174005995028722e-05,0.00032963994339459937,1.0322275151613923e-05,-0.0018324164074787512
6,6,loading,0.85,f0be9e5b4d694bef8d928b91ef7b3c9cad0fa115750213abe08db003f0c3cd3d,2652,79.0,31.0,physical_only,-3.8184755975858775e-05,-0.0010864888736116986,-2.1330943421800297e-05,0.0007007831148698277,-1.6853812554058485e-05,-0.0017872719884815258
6,6,loading,0.85,f0be9e5b4d694bef8d928b91ef7b3c9cad0fa115750213abe08db003f0c3cd3d,2653,80.0,31.0,physical_only,1.824224123675679e-05,0.012359488905926724,3.404185110701543e-05,0.0006314617497117457,-1.5799609870258653e-05,0.011728027156214979
6,6,loading,0.85,f0be9e5b4d694bef8d928b91ef7b3c9cad0fa115750213abe08db003f0c3cd3d,2718,62.0,32.0,physical_only,-6.98557350343242e-06,-1.1217431393060903e-06,-3.2931618348590273e-06,1.381621801998798e-07,-3.6924116685733905e-06,-1.2599053195059702e-06
6,6,loading,0.85,f0be9e5b4d694bef8d928b91ef7b3c9cad0fa115750213abe08db003f0c3cd3d,2719,63.0,32.0,interior,-0.0,-0.0,-0.0,-0.0,-0.0,-0.0
6,6,loading,0.85,f0be9e5b4d694bef8d928b91ef7b3c9cad0fa115750213abe08db003f0c3cd3d,2720,64.0,32.0,interior,-0.0,-0.0,-0.0,-0.0,-0.0,-0.0
6,6,loading,0.85,f0be9e5b4d694bef8d928b91ef7b3c9cad0fa115750213abe08db003f0c3cd3d,2721,65.0,32.0,interior,-0.0,-0.0,-0.0,-0.0,-0.0,-0.0
6,6,loading,0.85,f0be9e5b4d694bef8d928b91ef7b3c9cad0fa115750213abe08db003f0c3cd3d,2722,66.0,32.0,interior,-0.0,-0.0,-0.0,-0.0,-0.0,-0.0
6,6,loading,0.85,f0be9e5b4d694bef8d928b91ef7b3c9cad0fa115750213abe08db003f0c3cd3d,2723,67.0,32.0,interior,-0.0,-0.0,-0.0,-0.0,-0.0,-0.0
6,6,loading,0.85,f0be9e5b4d694bef8d928b91ef7b3c9cad0fa115750213abe08db003f0c3cd3d,2724,68.0,32.0,interior,-0.0,-0.0,-0.0,-0.0,-0.0,-0.0
6,6,loading,0.85,f0be9e5b4d694bef8d928b91ef7b3c9cad0fa115750213abe08db003f0c3cd3d,2725,69.0,32.0,interior,-0.0,-0.0,-0.0,-0.0,-0.0,-0.0
6,6,loading,0.85,f0be9e5b4d694bef8d928b91ef7b3c9cad0fa115750213abe08db003f0c3cd3d,2726,70.0,32.0,interior,-0.0,-0.0,-0.0,-0.0,-0.0,-0.0
6,6,loading,0.85,f0be9e5b4d694bef8d928b91ef7b3c9cad0fa115750213abe08db003f0c3cd3d,2727,71.0,32.0,interior,-0.0,-0.0,-0.0,-0.0,-0.0,-0.0
6,6,loading,0.85,f0be9e5b4d694bef8d928b91ef7b3c9cad0fa115750213abe08db003f0c3cd3d,2728,72.0,32.0,interior,-0.0,-0.0,-0.0,-0.0,-0.0,-0.0
6,6,loading,0.85,f0be9e5b4d694bef8d928b91ef7b3c9cad0fa115750213abe08db003f0c3cd3d,2729,73.0,32.0,interior,-0.0,-0.0,-0.0,-0.0,-0.0,-0.0
6,6,loading,0.85,f0be9e5b4d694bef8d928b91ef7b3c9cad0fa115750213abe08db003f0c3cd3d,2730,74.0,32.0,interior,-0.0,-0.0,-0.0,-0.0,-0.0,-0.0
6,6,loading,0.85,f0be9e5b4d694bef8d928b91ef7b3c9cad0fa115750213abe08db003f0c3cd3d,2731,75.0,32.0,interior,-0.0,-0.0,-0.0,-0.0,-0.0,-0.0
6,6,loading,0.85,f0be9e5b4d694bef8d928b91ef7b3c9cad0fa115750213abe08db003f0c3cd3d,2732,76.0,32.0,interior,-0.0,-0.0,-0.0,-0.0,-0.0,-0.0
6,6,loading,0.85,f0be9e5b4d694bef8d928b91ef7b3c9cad0fa115750213abe08db003f0c3cd3d,2733,77.0,32.0,interior,-0.0,-0.0,-0.0,-0.0,-0.0,-0.0
6,6,loading,0.85,f0be9e5b4d694bef8d928b91ef7b3c9cad0fa115750213abe08db003f0c3cd3d,2734,78.0,32.0,interior,-0.0,-0.0,-0.0,-0.0,-0.0,-0.0
6,6,loading,0.85,f0be9e5b4d694bef8d928b91ef7b3c9cad0fa115750213abe08db003f0c3cd3d,2735,79.0,32.0,interior,-0.0,-0.0,-0.0,-0.0,-0.0,-0.0
6,6,loading,0.85,f0be9e5b4d694bef8d928b91ef7b3c9cad0fa115750213abe08db003f0c3cd3d,2736,80.0,32.0,physical_only,3.8547528811609406e-07,-6.939263695326665e-08,5.319678441456557e-07,-1.566518445432606e-06,-1.4649255602956176e-07,1.4971258084793394e-06
6,6,loading,0.85,f0be9e5b4d694bef8d928b91ef7b3c9cad0fa115750213abe08db003f0c3cd3d,2801,62.0,33.0,physical_only,-5.727984955990579e-06,-7.189705635929413e-07,-3.5015931767535564e-06,1.0784617196844319e-07,-2.226391779237023e-06,-8.268167355613844e-07
6,6,loading,0.85,f0be9e5b4d694bef8d928b91ef7b3c9cad0fa115750213abe08db003f0c3cd3d,2802,63.0,33.0,interior,-0.0,-0.0,-0.0,-0.0,-0.0,-0.0
6,6,loading,0.85,f0be9e5b4d694bef8d928b91ef7b3c9cad0fa115750213abe08db003f0c3cd3d,2803,64.0,33.0,interior,-0.0,-0.0,-0.0,-0.0,-0.0,-0.0
6,6,loading,0.85,f0be9e5b4d694bef8d928b91ef7b3c9cad0fa115750213abe08db003f0c3cd3d,2804,65.0,33.0,interior,-0.0,-0.0,-0.0,-0.0,-0.0,-0.0
6,6,loading,0.85,f0be9e5b4d694bef8d928b91ef7b3c9cad0fa115750213abe08db003f0c3cd3d,2805,66.0,33.0,interior,-0.0,-0.0,-0.0,-0.0,-0.0,-0.0
6,6,loading,0.85,f0be9e5b4d694bef8d928b91ef7b3c9cad0fa115750213abe08db003f0c3cd3d,2806,67.0,33.0,interior,-0.0,-0.0,-0.0,-0.0,-0.0,-0.0
6,6,loading,0.85,f0be9e5b4d694bef8d928b91ef7b3c9cad0fa115750213abe08db003f0c3cd3d,2807,68.0,33.0,interior,-0.0,-0.0,-0.0,-0.0,-0.0,-0.0
6,6,loading,0.85,f0be9e5b4d694bef8d928b91ef7b3c9cad0fa115750213abe08db003f0c3cd3d,2808,69.0,33.0,interior,-0.0,-0.0,-0.0,-0.0,-0.0,-0.0
6,6,loading,0.85,f0be9e5b4d694bef8d928b91ef7b3c9cad0fa115750213abe08db003f0c3cd3d,2809,70.0,33.0,interior,-0.0,-0.0,-0.0,-0.0,-0.0,-0.0
6,6,loading,0.85,f0be9e5b4d694bef8d928b91ef7b3c9cad0fa115750213abe08db003f0c3cd3d,2810,71.0,33.0,interior,-0.0,-0.0,-0.0,-0.0,-0.0,-0.0
6,6,loading,0.85,f0be9e5b4d694bef8d928b91ef7b3c9cad0fa115750213abe08db003f0c3cd3d,2811,72.0,33.0,interior,-0.0,-0.0,-0.0,-0.0,-0.0,-0.0
6,6,loading,0.85,f0be9e5b4d694bef8d928b91ef7b3c9cad0fa115750213abe08db003f0c3cd3d,2812,73.0,33.0,interior,-0.0,-0.0,-0.0,-0.0,-0.0,-0.0
6,6,loading,0.85,f0be9e5b4d694bef8d928b91ef7b3c9cad0fa115750213abe08db003f0c3cd3d,2813,74.0,33.0,interior,-0.0,-0.0,-0.0,-0.0,-0.0,-0.0
6,6,loading,0.85,f0be9e5b4d694bef8d928b91ef7b3c9cad0fa115750213abe08db003f0c3cd3d,2814,75.0,33.0,interior,-0.0,-0.0,-0.0,-0.0,-0.0,-0.0
6,6,loading,0.85,f0be9e5b4d694bef8d928b91ef7b3c9cad0fa115750213abe08db003f0c3cd3d,2815,76.0,33.0,interior,-0.0,-0.0,-0.0,-0.0,-0.0,-0.0
6,6,loading,0.85,f0be9e5b4d694bef8d928b91ef7b3c9cad0fa115750213abe08db003f0c3cd3d,2816,77.0,33.0,interior,-0.0,-0.0,-0.0,-0.0,-0.0,-0.0
6,6,loading,0.85,f0be9e5b4d694bef8d928b91ef7b3c9cad0fa115750213abe08db003f0c3cd3d,2817,78.0,33.0,interior,-0.0,-0.0,-0.0,-0.0,-0.0,-0.0
6,6,loading,0.85,f0be9e5b4d694bef8d928b91ef7b3c9cad0fa115750213abe08db003f0c3cd3d,2818,79.0,33.0,interior,-0.0,-0.0,-0.0,-0.0,-0.0,-0.0
6,6,loading,0.85,f0be9e5b4d694bef8d928b91ef7b3c9cad0fa115750213abe08db003f0c3cd3d,2819,80.0,33.0,physical_only,3.7696578611610623e-07,-5.8830288636494376e-08,5.139839334564785e-07,-1.3567801760521808e-06,-1.3701814734037224e-07,1.297949887415684e-06
6,6,loading,0.85,f0be9e5b4d694bef8d928b91ef7b3c9cad0fa115750213abe08db003f0c3cd3d,2884,62.0,34.0,physical_only,-5.162343944629246e-06,-2.87242483663947e-07,-3.668409229671824e-06,8.846211516125197e-08,-1.493934714957424e-06,-3.75704598825199e-07
6,6,loading,0.85,f0be9e5b4d694bef8d928b91ef7b3c9cad0fa115750213abe08db003f0c3cd3d,2885,63.0,34.0,interior,-0.0,-0.0,-0.0,-0.0,-0.0,-0.0
6,6,loading,0.85,f0be9e5b4d694bef8d928b91ef7b3c9cad0fa115750213abe08db003f0c3cd3d,2886,64.0,34.0,interior,-0.0,-0.0,-0.0,-0.0,-0.0,-0.0
6,6,loading,0.85,f0be9e5b4d694bef8d928b91ef7b3c9cad0fa115750213abe08db003f0c3cd3d,2887,65.0,34.0,interior,-0.0,-0.0,-0.0,-0.0,-0.0,-0.0
6,6,loading,0.85,f0be9e5b4d694bef8d928b91ef7b3c9cad0fa115750213abe08db003f0c3cd3d,2888,66.0,34.0,interior,-0.0,-0.0,-0.0,-0.0,-0.0,-0.0
6,6,loading,0.85,f0be9e5b4d694bef8d928b91ef7b3c9cad0fa115750213abe08db003f0c3cd3d,2889,67.0,34.0,interior,-0.0,-0.0,-0.0,-0.0,-0.0,-0.0
6,6,loading,0.85,f0be9e5b4d694bef8d928b91ef7b3c9cad0fa115750213abe08db003f0c3cd3d,2890,68.0,34.0,interior,-0.0,-0.0,-0.0,-0.0,-0.0,-0.0
6,6,loading,0.85,f0be9e5b4d694bef8d928b91ef7b3c9cad0fa115750213abe08db003f0c3cd3d,2891,69.0,34.0,interior,-0.0,-0.0,-0.0,-0.0,-0.0,-0.0
6,6,loading,0.85,f0be9e5b4d694bef8d928b91ef7b3c9cad0fa115750213abe08db003f0c3cd3d,2892,70.0,34.0,interior,-0.0,-0.0,-0.0,-0.0,-0.0,-0.0
6,6,loading,0.85,f0be9e5b4d694bef8d928b91ef7b3c9cad0fa115750213abe08db003f0c3cd3d,2893,71.0,34.0,interior,-0.0,-0.0,-0.0,-0.0,-0.0,-0.0
6,6,loading,0.85,f0be9e5b4d694bef8d928b91ef7b3c9cad0fa115750213abe08db003f0c3cd3d,2894,72.0,34.0,interior,-0.0,-0.0,-0.0,-0.0,-0.0,-0.0
6,6,loading,0.85,f0be9e5b4d694bef8d928b91ef7b3c9cad0fa115750213abe08db003f0c3cd3d,2895,73.0,34.0,interior,-0.0,-0.0,-0.0,-0.0,-0.0,-0.0
6,6,loading,0.85,f0be9e5b4d694bef8d928b91ef7b3c9cad0fa115750213abe08db003f0c3cd3d,2896,74.0,34.0,interior,-0.0,-0.0,-0.0,-0.0,-0.0,-0.0
6,6,loading,0.85,f0be9e5b4d694bef8d928b91ef7b3c9cad0fa115750213abe08db003f0c3cd3d,2897,75.0,34.0,interior,-0.0,-0.0,-0.0,-0.0,-0.0,-0.0
6,6,loading,0.85,f0be9e5b4d694bef8d928b91ef7b3c9cad0fa115750213abe08db003f0c3cd3d,2898,76.0,34.0,interior,-0.0,-0.0,-0.0,-0.0,-0.0,-0.0
6,6,loading,0.85,f0be9e5b4d694bef8d928b91ef7b3c9cad0fa115750213abe08db003f0c3cd3d,2899,77.0,34.0,interior,-0.0,-0.0,-0.0,-0.0,-0.0,-0.0
6,6,loading,0.85,f0be9e5b4d694bef8d928b91ef7b3c9cad0fa115750213abe08db003f0c3cd3d,2900,78.0,34.0,interior,-0.0,-0.0,-0.0,-0.0,-0.0,-0.0
6,6,loading,0.85,f0be9e5b4d694bef8d928b91ef7b3c9cad0fa115750213abe08db003f0c3cd3d,2901,79.0,34.0,interior,-0.0,-0.0,-0.0,-0.0,-0.0,-0.0
6,6,loading,0.85,f0be9e5b4d694bef8d928b91ef7b3c9cad0fa115750213abe08db003f0c3cd3d,2902,80.0,34.0,physical_only,3.6957794035022753e-07,-4.9087298844510024e-08,4.987176941259751e-07,-1.1527209781135501e-06,-1.2913975377574756e-07,1.1036336792690437e-06
6,6,loading,0.85,f0be9e5b4d694bef8d928b91ef7b3c9cad0fa115750213abe08db003f0c3cd3d,2967,62.0,35.0,physical_only,-5.0187185242867035e-06,3.761011657989964e-08,-3.8056022507285643e-06,7.467365741229154e-08,-1.2131162735581383e-06,-3.7063540832392055e-08
6,6,loading,0.85,f0be9e5b4d694bef8d928b91ef7b3c9cad0fa115750213abe08db003f0c3cd3d,2968,63.0,35.0,interior,-0.0,-0.0,-0.0,-0.0,-0.0,-0.0
6,6,loading,0.85,f0be9e5b4d694bef8d928b91ef7b3c9cad0fa115750213abe08db003f0c3cd3d,2969,64.0,35.0,interior,-0.0,-0.0,-0.0,-0.0,-0.0,-0.0
6,6,loading,0.85,f0be9e5b4d694bef8d928b91ef7b3c9cad0fa115750213abe08db003f0c3cd3d,2970,65.0,35.0,interior,-0.0,-0.0,-0.0,-0.0,-0.0,-0.0
6,6,loading,0.85,f0be9e5b4d694bef8d928b91ef7b3c9cad0fa115750213abe08db003f0c3cd3d,2971,66.0,35.0,interior,-0.0,-0.0,-0.0,-0.0,-0.0,-0.0
6,6,loading,0.85,f0be9e5b4d694bef8d928b91ef7b3c9cad0fa115750213abe08db003f0c3cd3d,2972,67.0,35.0,interior,-0.0,-0.0,-0.0,-0.0,-0.0,-0.0
6,6,loading,0.85,f0be9e5b4d694bef8d928b91ef7b3c9cad0fa115750213abe08db003f0c3cd3d,2973,68.0,35.0,interior,-0.0,-0.0,-0.0,-0.0,-0.0,-0.0
6,6,loading,0.85,f0be9e5b4d694bef8d928b91ef7b3c9cad0fa115750213abe08db003f0c3cd3d,2974,69.0,35.0,interior,-0.0,-0.0,-0.0,-0.0,-0.0,-0.0
6,6,loading,0.85,f0be9e5b4d694bef8d928b91ef7b3c9cad0fa115750213abe08db003f0c3cd3d,2975,70.0,35.0,interior,-0.0,-0.0,-0.0,-0.0,-0.0,-0.0
6,6,loading,0.85,f0be9e5b4d694bef8d928b91ef7b3c9cad0fa115750213abe08db003f0c3cd3d,2976,71.0,35.0,interior,-0.0,-0.0,-0.0,-0.0,-0.0,-0.0
6,6,loading,0.85,f0be9e5b4d694bef8d928b91ef7b3c9cad0fa115750213abe08db003f0c3cd3d,2977,72.0,35.0,interior,-0.0,-0.0,-0.0,-0.0,-0.0,-0.0
6,6,loading,0.85,f0be9e5b4d694bef8d928b91ef7b3c9cad0fa115750213abe08db003f0c3cd3d,2978,73.0,35.0,interior,-0.0,-0.0,-0.0,-0.0,-0.0,-0.0
6,6,loading,0.85,f0be9e5b4d694bef8d928b91ef7b3c9cad0fa115750213abe08db003f0c3cd3d,2979,74.0,35.0,interior,-0.0,-0.0,-0.0,-0.0,-0.0,-0.0
6,6,loading,0.85,f0be9e5b4d694bef8d928b91ef7b3c9cad0fa115750213abe08db003f0c3cd3d,2980,75.0,35.0,interior,-0.0,-0.0,-0.0,-0.0,-0.0,-0.0
6,6,loading,0.85,f0be9e5b4d694bef8d928b91ef7b3c9cad0fa115750213abe08db003f0c3cd3d,2981,76.0,35.0,interior,-0.0,-0.0,-0.0,-0.0,-0.0,-0.0
6,6,loading,0.85,f0be9e5b4d694bef8d928b91ef7b3c9cad0fa115750213abe08db003f0c3cd3d,2982,77.0,35.0,interior,-0.0,-0.0,-0.0,-0.0,-0.0,-0.0
6,6,loading,0.85,f0be9e5b4d694bef8d928b91ef7b3c9cad0fa115750213abe08db003f0c3cd3d,2983,78.0,35.0,interior,-0.0,-0.0,-0.0,-0.0,-0.0,-0.0
6,6,loading,0.85,f0be9e5b4d694bef8d928b91ef7b3c9cad0fa115750213abe08db003f0c3cd3d,2984,79.0,35.0,interior,-0.0,-0.0,-0.0,-0.0,-0.0,-0.0
6,6,loading,0.85,f0be9e5b4d694bef8d928b91ef7b3c9cad0fa115750213abe08db003f0c3cd3d,2985,80.0,35.0,physical_only,3.633224921241374e-07,-3.9998276302094017e-08,4.860264648442772e-07,-9.534499423159399e-07,-1.227039727201398e-07,9.134516660138444e-07
6,6,loading,0.85,f0be9e5b4d694bef8d928b91ef7b3c9cad0fa115750213abe08db003f0c3cd3d,3050,62.0,36.0,physical_only,-5.093009285955445e-06,1.9831598265676735e-07,-3.918447836613749e-06,6.239356480581588e-08,-1.1745614493416964e-06,1.3592241785095153e-07
6,6,loading,0.85,f0be9e5b4d694bef8d928b91ef7b3c9cad0fa115750213abe08db003f0c3cd3d,3051,63.0,36.0,interior,-0.0,-0.0,-0.0,-0.0,-0.0,-0.0
6,6,loading,0.85,f0be9e5b4d694bef8d928b91ef7b3c9cad0fa115750213abe08db003f0c3cd3d,3052,64.0,36.0,interior,-0.0,-0.0,-0.0,-0.0,-0.0,-0.0
6,6,loading,0.85,f0be9e5b4d694bef8d928b91ef7b3c9cad0fa115750213abe08db003f0c3cd3d,3053,65.0,36.0,interior,-0.0,-0.0,-0.0,-0.0,-0.0,-0.0
6,6,loading,0.85,f0be9e5b4d694bef8d928b91ef7b3c9cad0fa115750213abe08db003f0c3cd3d,3054,66.0,36.0,interior,-0.0,-0.0,-0.0,-0.0,-0.0,-0.0
6,6,loading,0.85,f0be9e5b4d694bef8d928b91ef7b3c9cad0fa115750213abe08db003f0c3cd3d,3055,67.0,36.0,interior,-0.0,-0.0,-0.0,-0.0,-0.0,-0.0
6,6,loading,0.85,f0be9e5b4d694bef8d928b91ef7b3c9cad0fa115750213abe08db003f0c3cd3d,3056,68.0,36.0,interior,-0.0,-0.0,-0.0,-0.0,-0.0,-0.0
6,6,loading,0.85,f0be9e5b4d694bef8d928b91ef7b3c9cad0fa115750213abe08db003f0c3cd3d,3057,69.0,36.0,interior,-0.0,-0.0,-0.0,-0.0,-0.0,-0.0
6,6,loading,0.85,f0be9e5b4d694bef8d928b91ef7b3c9cad0fa115750213abe08db003f0c3cd3d,3058,70.0,36.0,interior,-0.0,-0.0,-0.0,-0.0,-0.0,-0.0
6,6,loading,0.85,f0be9e5b4d694bef8d928b91ef7b3c9cad0fa115750213abe08db003f0c3cd3d,3059,71.0,36.0,interior,-0.0,-0.0,-0.0,-0.0,-0.0,-0.0
6,6,loading,0.85,f0be9e5b4d694bef8d928b91ef7b3c9cad0fa115750213abe08db003f0c3cd3d,3060,72.0,36.0,interior,-0.0,-0.0,-0.0,-0.0,-0.0,-0.0
6,6,loading,0.85,f0be9e5b4d694bef8d928b91ef7b3c9cad0fa115750213abe08db003f0c3cd3d,3061,73.0,36.0,interior,-0.0,-0.0,-0.0,-0.0,-0.0,-0.0
6,6,loading,0.85,f0be9e5b4d694bef8d928b91ef7b3c9cad0fa115750213abe08db003f0c3cd3d,3062,74.0,36.0,interior,-0.0,-0.0,-0.0,-0.0,-0.0,-0.0
6,6,loading,0.85,f0be9e5b4d694bef8d928b91ef7b3c9cad0fa115750213abe08db003f0c3cd3d,3063,75.0,36.0,interior,-0.0,-0.0,-0.0,-0.0,-0.0,-0.0
6,6,loading,0.85,f0be9e5b4d694bef8d928b91ef7b3c9cad0fa115750213abe08db003f0c3cd3d,3064,76.0,36.0,interior,-0.0,-0.0,-0.0,-0.0,-0.0,-0.0
6,6,loading,0.85,f0be9e5b4d694bef8d928b91ef7b3c9cad0fa115750213abe08db003f0c3cd3d,3065,77.0,36.0,interior,-0.0,-0.0,-0.0,-0.0,-0.0,-0.0
6,6,loading,0.85,f0be9e5b4d694bef8d928b91ef7b3c9cad0fa115750213abe08db003f0c3cd3d,3066,78.0,36.0,interior,-0.0,-0.0,-0.0,-0.0,-0.0,-0.0
6,6,loading,0.85,f0be9e5b4d694bef8d928b91ef7b3c9cad0fa115750213abe08db003f0c3cd3d,3067,79.0,36.0,interior,-0.0,-0.0,-0.0,-0.0,-0.0,-0.0
6,6,loading,0.85,f0be9e5b4d694bef8d928b91ef7b3c9cad0fa115750213abe08db003f0c3cd3d,3068,80.0,36.0,physical_only,3.582042384007349e-07,-3.1423031381598967e-08,4.757939380480305e-07,-7.581142841790722e-07,-1.1758969964729559e-07,7.266912527974741e-07
6,6,loading,0.85,f0be9e5b4d694bef8d928b91ef7b3c9cad0fa115750213abe08db003f0c3cd3d,3133,62.0,37.0,physical_only,-5.226924037670475e-06,2.305719922377088e-07,-4.008026828005068e-06,4.9166892255406015e-08,-1.2188972096654077e-06,1.81405099982303e-07
6,6,loading,0.85,f0be9e5b4d694bef8d928b91ef7b3c9cad0fa115750213abe08db003f0c3cd3d,3134,63.0,37.0,interior,-0.0,-0.0,-0.0,-0.0,-0.0,-0.0
6,6,loading,0.85,f0be9e5b4d694bef8d928b91ef7b3c9cad0fa115750213abe08db003f0c3cd3d,3135,64.0,37.0,interior,-0.0,-0.0,-0.0,-0.0,-0.0,-0.0
6,6,loading,0.85,f0be9e5b4d694bef8d928b91ef7b3c9cad0fa115750213abe08db003f0c3cd3d,3136,65.0,37.0,interior,-0.0,-0.0,-0.0,-0.0,-0.0,-0.0
6,6,loading,0.85,f0be9e5b4d694bef8d928b91ef7b3c9cad0fa115750213abe08db003f0c3cd3d,3137,66.0,37.0,interior,-0.0,-0.0,-0.0,-0.0,-0.0,-0.0
6,6,loading,0.85,f0be9e5b4d694bef8d928b91ef7b3c9cad0fa115750213abe08db003f0c3cd3d,3138,67.0,37.0,interior,-0.0,-0.0,-0.0,-0.0,-0.0,-0.0
6,6,loading,0.85,f0be9e5b4d694bef8d928b91ef7b3c9cad0fa115750213abe08db003f0c3cd3d,3139,68.0,37.0,interior,-0.0,-0.0,-0.0,-0.0,-0.0,-0.0
6,6,loading,0.85,f0be9e5b4d694bef8d928b91ef7b3c9cad0fa115750213abe08db003f0c3cd3d,3140,69.0,37.0,interior,-0.0,-0.0,-0.0,-0.0,-0.0,-0.0
6,6,loading,0.85,f0be9e5b4d694bef8d928b91ef7b3c9cad0fa115750213abe08db003f0c3cd3d,3141,70.0,37.0,interior,-0.0,-0.0,-0.0,-0.0,-0.0,-0.0
6,6,loading,0.85,f0be9e5b4d694bef8d928b91ef7b3c9cad0fa115750213abe08db003f0c3cd3d,3142,71.0,37.0,interior,-0.0,-0.0,-0.0,-0.0,-0.0,-0.0
6,6,loading,0.85,f0be9e5b4d694bef8d928b91ef7b3c9cad0fa115750213abe08db003f0c3cd3d,3143,72.0,37.0,interior,-0.0,-0.0,-0.0,-0.0,-0.0,-0.0
6,6,loading,0.85,f0be9e5b4d694bef8d928b91ef7b3c9cad0fa115750213abe08db003f0c3cd3d,3144,73.0,37.0,interior,-0.0,-0.0,-0.0,-0.0,-0.0,-0.0
6,6,loading,0.85,f0be9e5b4d694bef8d928b91ef7b3c9cad0fa115750213abe08db003f0c3cd3d,3145,74.0,37.0,interior,-0.0,-0.0,-0.0,-0.0,-0.0,-0.0
6,6,loading,0.85,f0be9e5b4d694bef8d928b91ef7b3c9cad0fa115750213abe08db003f0c3cd3d,3146,75.0,37.0,interior,-0.0,-0.0,-0.0,-0.0,-0.0,-0.0
6,6,loading,0.85,f0be9e5b4d694bef8d928b91ef7b3c9cad0fa115750213abe08db003f0c3cd3d,3147,76.0,37.0,interior,-0.0,-0.0,-0.0,-0.0,-0.0,-0.0
6,6,loading,0.85,f0be9e5b4d694bef8d928b91ef7b3c9cad0fa115750213abe08db003f0c3cd3d,3148,77.0,37.0,interior,-0.0,-0.0,-0.0,-0.0,-0.0,-0.0
6,6,loading,0.85,f0be9e5b4d694bef8d928b91ef7b3c9cad0fa115750213abe08db003f0c3cd3d,3149,78.0,37.0,interior,-0.0,-0.0,-0.0,-0.0,-0.0,-0.0
6,6,loading,0.85,f0be9e5b4d694bef8d928b91ef7b3c9cad0fa115750213abe08db003f0c3cd3d,3150,79.0,37.0,interior,-0.0,-0.0,-0.0,-0.0,-0.0,-0.0
6,6,loading,0.85,f0be9e5b4d694bef8d928b91ef7b3c9cad0fa115750213abe08db003f0c3cd3d,3151,80.0,37.0,physical_only,3.54224536568206e-07,-2.3239809990383887e-08,4.6792783811123827e-07,-5.658918148126678e-07,-1.1370330154303227e-07,5.4265200482228e-07
6,6,loading,0.85,f0be9e5b4d694bef8d928b91ef7b3c9cad0fa115750213abe08db003f0c3cd3d,3216,62.0,38.0,physical_only,-5.343429589567224e-06,1.8276079790362932e-07,-4.073433048530903e-06,3.4151504840109275e-08,-1.2699965410363214e-06,1.4860929306352004e-07
6,6,loading,0.85,f0be9e5b4d694bef8d928b91ef7b3c9cad0fa115750213abe08db003f0c3cd3d,3217,63.0,38.0,interior,-0.0,-0.0,-0.0,-0.0,-0.0,-0.0
6,6,loading,0.85,f0be9e5b4d694bef8d928b91ef7b3c9cad0fa115750213abe08db003f0c3cd3d,3218,64.0,38.0,interior,-0.0,-0.0,-0.0,-0.0,-0.0,-0.0
6,6,loading,0.85,f0be9e5b4d694bef8d928b91ef7b3c9cad0fa115750213abe08db003f0c3cd3d,3219,65.0,38.0,interior,-0.0,-0.0,-0.0,-0.0,-0.0,-0.0
6,6,loading,0.85,f0be9e5b4d694bef8d928b91ef7b3c9cad0fa115750213abe08db003f0c3cd3d,3220,66.0,38.0,interior,-0.0,-0.0,-0.0,-0.0,-0.0,-0.0
6,6,loading,0.85,f0be9e5b4d694bef8d928b91ef7b3c9cad0fa115750213abe08db003f0c3cd3d,3221,67.0,38.0,interior,-0.0,-0.0,-0.0,-0.0,-0.0,-0.0
6,6,loading,0.85,f0be9e5b4d694bef8d928b91ef7b3c9cad0fa115750213abe08db003f0c3cd3d,3222,68.0,38.0,interior,-0.0,-0.0,-0.0,-0.0,-0.0,-0.0
6,6,loading,0.85,f0be9e5b4d694bef8d928b91ef7b3c9cad0fa115750213abe08db003f0c3cd3d,3223,69.0,38.0,interior,-0.0,-0.0,-0.0,-0.0,-0.0,-0.0
6,6,loading,0.85,f0be9e5b4d694bef8d928b91ef7b3c9cad0fa115750213abe08db003f0c3cd3d,3224,70.0,38.0,interior,-0.0,-0.0,-0.0,-0.0,-0.0,-0.0
6,6,loading,0.85,f0be9e5b4d694bef8d928b91ef7b3c9cad0fa115750213abe08db003f0c3cd3d,3225,71.0,38.0,interior,-0.0,-0.0,-0.0,-0.0,-0.0,-0.0
6,6,loading,0.85,f0be9e5b4d694bef8d928b91ef7b3c9cad0fa115750213abe08db003f0c3cd3d,3226,72.0,38.0,interior,-0.0,-0.0,-0.0,-0.0,-0.0,-0.0
6,6,loading,0.85,f0be9e5b4d694bef8d928b91ef7b3c9cad0fa115750213abe08db003f0c3cd3d,3227,73.0,38.0,interior,-0.0,-0.0,-0.0,-0.0,-0.0,-0.0
6,6,loading,0.85,f0be9e5b4d694bef8d928b91ef7b3c9cad0fa115750213abe08db003f0c3cd3d,3228,74.0,38.0,interior,-0.0,-0.0,-0.0,-0.0,-0.0,-0.0
6,6,loading,0.85,f0be9e5b4d694bef8d928b91ef7b3c9cad0fa115750213abe08db003f0c3cd3d,3229,75.0,38.0,interior,-0.0,-0.0,-0.0,-0.0,-0.0,-0.0
6,6,loading,0.85,f0be9e5b4d694bef8d928b91ef7b3c9cad0fa115750213abe08db003f0c3cd3d,3230,76.0,38.0,interior,-0.0,-0.0,-0.0,-0.0,-0.0,-0.0
6,6,loading,0.85,f0be9e5b4d694bef8d928b91ef7b3c9cad0fa115750213abe08db003f0c3cd3d,3231,77.0,38.0,interior,-0.0,-0.0,-0.0,-0.0,-0.0,-0.0
6,6,loading,0.85,f0be9e5b4d694bef8d928b91ef7b3c9cad0fa115750213abe08db003f0c3cd3d,3232,78.0,38.0,interior,-0.0,-0.0,-0.0,-0.0,-0.0,-0.0
6,6,loading,0.85,f0be9e5b4d694bef8d928b91ef7b3c9cad0fa115750213abe08db003f0c3cd3d,3233,79.0,38.0,interior,-0.0,-0.0,-0.0,-0.0,-0.0,-0.0
6,6,loading,0.85,f0be9e5b4d694bef8d928b91ef7b3c9cad0fa115750213abe08db003f0c3cd3d,3234,80.0,38.0,physical_only,3.5138300612259437e-07,-1.534013312618534e-08,4.623581325917968e-07,-3.7598408473320474e-07,-1.1097512646920247e-07,3.606439516070205e-07
6,6,loading,0.85,f0be9e5b4d694bef8d928b91ef7b3c9cad0fa115750213abe08db003f0c3cd3d,3299,62.0,39.0,physical_only,-5.41416312270239e-06,9.744127270033331e-08,-4.11333609445909e-06,1.7526467121584718e-08,-1.3008270282432997e-06,7.991480557874849e-08
6,6,loading,0.85,f0be9e5b4d694bef8d928b91ef7b3c9cad0fa115750213abe08db003f0c3cd3d,3300,63.0,39.0,interior,-0.0,-0.0,-0.0,-0.0,-0.0,-0.0
6,6,loading,0.85,f0be9e5b4d694bef8d928b91ef7b3c9cad0fa115750213abe08db003f0c3cd3d,3301,64.0,39.0,interior,-0.0,-0.0,-0.0,-0.0,-0.0,-0.0
6,6,loading,0.85,f0be9e5b4d694bef8d928b91ef7b3c9cad0fa115750213abe08db003f0c3cd3d,3302,65.0,39.0,interior,-0.0,-0.0,-0.0,-0.0,-0.0,-0.0
6,6,loading,0.85,f0be9e5b4d694bef8d928b91ef7b3c9cad0fa115750213abe08db003f0c3cd3d,3303,66.0,39.0,interior,-0.0,-0.0,-0.0,-0.0,-0.0,-0.0
6,6,loading,0.85,f0be9e5b4d694bef8d928b91ef7b3c9cad0fa115750213abe08db003f0c3cd3d,3304,67.0,39.0,interior,-0.0,-0.0,-0.0,-0.0,-0.0,-0.0
6,6,loading,0.85,f0be9e5b4d694bef8d928b91ef7b3c9cad0fa115750213abe08db003f0c3cd3d,3305,68.0,39.0,interior,-0.0,-0.0,-0.0,-0.0,-0.0,-0.0
6,6,loading,0.85,f0be9e5b4d694bef8d928b91ef7b3c9cad0fa115750213abe08db003f0c3cd3d,3306,69.0,39.0,interior,-0.0,-0.0,-0.0,-0.0,-0.0,-0.0
6,6,loading,0.85,f0be9e5b4d694bef8d928b91ef7b3c9cad0fa115750213abe08db003f0c3cd3d,3307,70.0,39.0,interior,-0.0,-0.0,-0.0,-0.0,-0.0,-0.0
6,6,loading,0.85,f0be9e5b4d694bef8d928b91ef7b3c9cad0fa115750213abe08db003f0c3cd3d,3308,71.0,39.0,interior,-0.0,-0.0,-0.0,-0.0,-0.0,-0.0
6,6,loading,0.85,f0be9e5b4d694bef8d928b91ef7b3c9cad0fa115750213abe08db003f0c3cd3d,3309,72.0,39.0,interior,-0.0,-0.0,-0.0,-0.0,-0.0,-0.0
6,6,loading,0.85,f0be9e5b4d694bef8d928b91ef7b3c9cad0fa115750213abe08db003f0c3cd3d,3310,73.0,39.0,interior,-0.0,-0.0,-0.0,-0.0,-0.0,-0.0
6,6,loading,0.85,f0be9e5b4d694bef8d928b91ef7b3c9cad0fa115750213abe08db003f0c3cd3d,3311,74.0,39.0,interior,-0.0,-0.0,-0.0,-0.0,-0.0,-0.0
6,6,loading,0.85,f0be9e5b4d694bef8d928b91ef7b3c9cad0fa115750213abe08db003f0c3cd3d,3312,75.0,39.0,interior,-0.0,-0.0,-0.0,-0.0,-0.0,-0.0
6,6,loading,0.85,f0be9e5b4d694bef8d928b91ef7b3c9cad0fa115750213abe08db003f0c3cd3d,3313,76.0,39.0,interior,-0.0,-0.0,-0.0,-0.0,-0.0,-0.0
6,6,loading,0.85,f0be9e5b4d694bef8d928b91ef7b3c9cad0fa115750213abe08db003f0c3cd3d,3314,77.0,39.0,interior,-0.0,-0.0,-0.0,-0.0,-0.0,-0.0
6,6,loading,0.85,f0be9e5b4d694bef8d928b91ef7b3c9cad0fa115750213abe08db003f0c3cd3d,3315,78.0,39.0,interior,-0.0,-0.0,-0.0,-0.0,-0.0,-0.0
6,6,loading,0.85,f0be9e5b4d694bef8d928b91ef7b3c9cad0fa115750213abe08db003f0c3cd3d,3316,79.0,39.0,interior,-0.0,-0.0,-0.0,-0.0,-0.0,-0.0
6,6,loading,0.85,f0be9e5b4d694bef8d928b91ef7b3c9cad0fa115750213abe08db003f0c3cd3d,3317,80.0,39.0,physical_only,3.4967866674349383e-07,-7.62470286522443e-09,4.5903570597096885e-07,-1.8761003340980665e-07,-1.0935703922747504e-07,1.799853305445862e-07
6,6,loading,0.85,f0be9e5b4d694bef8d928b91ef7b3c9cad0fa115750213abe08db003f0c3cd3d,3382,62.0,40.0,physical_and_cut,-2.718515000890261e-06,-1.9328709414188825e-06,-2.063376432278643e-06,-9.380301912795091e-07,-6.55138568611618e-07,-9.948407501393733e-07
6,6,loading,0.85,f0be9e5b4d694bef8d928b91ef7b3c9cad0fa115750213abe08db003f0c3cd3d,3383,63.0,40.0,cut_only,-0.0,-0.0,-0.0,-0.0,-0.0,-0.0
6,6,loading,0.85,f0be9e5b4d694bef8d928b91ef7b3c9cad0fa115750213abe08db003f0c3cd3d,3384,64.0,40.0,cut_only,-0.0,-0.0,-0.0,-0.0,-0.0,-0.0
6,6,loading,0.85,f0be9e5b4d694bef8d928b91ef7b3c9cad0fa115750213abe08db003f0c3cd3d,3385,65.0,40.0,cut_only,-0.0,-0.0,-0.0,-0.0,-0.0,-0.0
6,6,loading,0.85,f0be9e5b4d694bef8d928b91ef7b3c9cad0fa115750213abe08db003f0c3cd3d,3386,66.0,40.0,cut_only,-0.0,-0.0,-0.0,-0.0,-0.0,-0.0
6,6,loading,0.85,f0be9e5b4d694bef8d928b91ef7b3c9cad0fa115750213abe08db003f0c3cd3d,3387,67.0,40.0,cut_only,-0.0,-0.0,-0.0,-0.0,-0.0,-0.0
6,6,loading,0.85,f0be9e5b4d694bef8d928b91ef7b3c9cad0fa115750213abe08db003f0c3cd3d,3388,68.0,40.0,cut_only,-0.0,-0.0,-0.0,-0.0,-0.0,-0.0
6,6,loading,0.85,f0be9e5b4d694bef8d928b91ef7b3c9cad0fa115750213abe08db003f0c3cd3d,3389,69.0,40.0,cut_only,-0.0,-0.0,-0.0,-0.0,-0.0,-0.0
6,6,loading,0.85,f0be9e5b4d694bef8d928b91ef7b3c9cad0fa115750213abe08db003f0c3cd3d,3390,70.0,40.0,cut_only,-0.0,-0.0,-0.0,-0.0,-0.0,-0.0
6,6,loading,0.85,f0be9e5b4d694bef8d928b91ef7b3c9cad0fa115750213abe08db003f0c3cd3d,3391,71.0,40.0,cut_only,-0.0,-0.0,-0.0,-0.0,-0.0,-0.0
6,6,loading,0.85,f0be9e5b4d694bef8d928b91ef7b3c9cad0fa115750213abe08db003f0c3cd3d,3392,72.0,40.0,cut_only,-0.0,-0.0,-0.0,-0.0,-0.0,-0.0
6,6,loading,0.85,f0be9e5b4d694bef8d928b91ef7b3c9cad0fa115750213abe08db003f0c3cd3d,3393,73.0,40.0,cut_only,-0.0,-0.0,-0.0,-0.0,-0.0,-0.0
6,6,loading,0.85,f0be9e5b4d694bef8d928b91ef7b3c9cad0fa115750213abe08db003f0c3cd3d,3394,74.0,40.0,cut_only,-0.0,-0.0,-0.0,-0.0,-0.0,-0.0
6,6,loading,0.85,f0be9e5b4d694bef8d928b91ef7b3c9cad0fa115750213abe08db003f0c3cd3d,3395,75.0,40.0,cut_only,-0.0,-0.0,-0.0,-0.0,-0.0,-0.0
6,6,loading,0.85,f0be9e5b4d694bef8d928b91ef7b3c9cad0fa115750213abe08db003f0c3cd3d,3396,76.0,40.0,cut_only,-0.0,-0.0,-0.0,-0.0,-0.0,-0.0
6,6,loading,0.85,f0be9e5b4d694bef8d928b91ef7b3c9cad0fa115750213abe08db003f0c3cd3d,3397,77.0,40.0,cut_only,-0.0,-0.0,-0.0,-0.0,-0.0,-0.0
6,6,loading,0.85,f0be9e5b4d694bef8d928b91ef7b3c9cad0fa115750213abe08db003f0c3cd3d,3398,78.0,40.0,cut_only,-0.0,-0.0,-0.0,-0.0,-0.0,-0.0
6,6,loading,0.85,f0be9e5b4d694bef8d928b91ef7b3c9cad0fa115750213abe08db003f0c3cd3d,3399,79.0,40.0,cut_only,-0.0,-0.0,-0.0,-0.0,-0.0,-0.0
6,6,loading,0.85,f0be9e5b4d694bef8d928b91ef7b3c9cad0fa115750213abe08db003f0c3cd3d,3400,80.0,40.0,physical_and_cut,1.7455533149911117e-07,5.058165429122508e-05,2.2896572278508827e-07,-1.880331863669093e-07,-5.44103912859771e-08,5.0769687477591986e-05
7,7,loading,0.9,df5318ab908305b93af84f73f7c1908c9f2cb6341215f4f09ee5a94d90e70d0a,2635,62.0,31.0,physical_only,-0.00044570557328611635,-6.922009088452003e-05,-5.72783222862843e-06,6.4239768166760115e-06,-0.0004399777410574879,-7.564406770119602e-05
7,7,loading,0.9,df5318ab908305b93af84f73f7c1908c9f2cb6341215f4f09ee5a94d90e70d0a,2636,63.0,31.0,physical_only,-1.2491149958410884e-06,-5.8691646996854676e-05,-3.1909239200317813e-06,7.3906449019937434e-06,1.941808924190692e-06,-6.608229189884843e-05
7,7,loading,0.9,df5318ab908305b93af84f73f7c1908c9f2cb6341215f4f09ee5a94d90e70d0a,2637,64.0,31.0,physical_only,1.2345883851865782e-06,-7.843083609933939e-05,-3.2640334606256302e-06,9.49693063337822e-06,4.498621845812209e-06,-8.792776673271759e-05
7,7,loading,0.9,df5318ab908305b93af84f73f7c1908c9f2cb6341215f4f09ee5a94d90e70d0a,2638,65.0,31.0,physical_only,1.9833742843086696e-06,-0.00010644852448125398,-3.3557705041846844e-06,1.1922590261369525e-05,5.3391447884933566e-06,-0.00011837111474262342
7,7,loading,0.9,df5318ab908305b93af84f73f7c1908c9f2cb6341215f4f09ee5a94d90e70d0a,2639,66.0,31.0,physical_only,8.571971109278593e-07,-0.00014032592927582714,-3.467216734534313e-06,1.477074935736953e-05,4.32441384546217e-06,-0.0001550966786331968
7,7,loading,0.9,df5318ab908305b93af84f73f7c1908c9f2cb6341215f4f09ee5a94d90e70d0a,2640,67.0,31.0,physical_only,-1.1920261005992496e-06,-0.00017952690732325066,-3.5964256610344363e-06,1.8164587477553218e-05,2.4043995604351898e-06,-0.0001976914948008038
7,7,loading,0.9,df5318ab908305b93af84f73f7c1908c9f2cb6341215f4f09ee5a94d90e70d0a,2641,68.0,31.0,physical_only,-1.408363440623209e-06,-0.00022716835512354692,-3.7446813382340756e-06,2.2260430111742894e-05,2.3363178976108666e-06,-0.0002494287852352899
7,7,loading,0.9,df5318ab908305b93af84f73f7c1908c9f2cb6341215f4f09ee5a94d90e70d0a,2642,69.0,31.0,physical_only,-2.061189035600354e-06,-0.0002866583393811807,-3.9169246869173e-06,2.7273552030832715e-05,1.8557356513169442e-06,-0.00031393189141201315
7,7,loading,0.9,df5318ab908305b93af84f73f7c1908c9f2cb6341215f4f09ee5a94d90e70d0a,2643,70.0,31.0,physical_only,-3.000751271568083e-06,-0.00035877340291596855,-4.121984798375301e-06,3.351548340134706e-05,1.1212335268072175e-06,-0.00039228888631731573
7,7,loading,0.9,df5318ab908305b93af84f73f7c1908c9f2cb6341215f4f09ee5a94d90e70d0a,2644,71.0,31.0,physical_only,-4.180433304714633e-06,-0.0004453724201558915,-4.372290217303709e-06,4.1450436821505296e-05,1.9185691258907604e-07,-0.00048682285697739685
7,7,loading,0.9,df5318ab908305b93af84f73f7c1908c9f2cb6341215f4f09ee5a94d90e70d0a,2645,72.0,31.0,physical_only,-5.353789139670372e-06,-0.0005484030101097297,-4.687191213574309e-06,5.179866595822087e-05,-6.665979260960628e-07,-0.000600201676067951
7,7,loading,0.9,df5318ab908305b93af84f73f7c1908c9f2cb6341215f4f09ee5a94d90e70d0a,2646,73.0,31.0,physical_only,-6.322652540715823e-06,-0.0006686871885203775,-5.097633836606441e-06,6.573376520676575e-05,-1.2250187041093767e-06,-0.0007344209537271432
7,7,loading,0.9,df5318ab908305b93af84f73f7c1908c9f2cb6341215f4f09ee5a94d90e70d0a,2647,74.0,31.0,physical_only,-1.3240758311440573e-06,-0.0008115878490311322,-5.658998754072613e-06,8.530071975424098e-05,4.3349229229285545e-06,-0.0008968885687853727
7,7,loading,0.9,df5318ab908305b93af84f73f7c1908c9f2cb6341215f4f09ee5a94d90e70d0a,2648,75.0,31.0,physical_only,8.221917693620495e-06,-0.0009927930224587437,-6.48132807844317e-06,0.00011442049029587294,1.4703245772063662e-05,-0.0011072135127546167
7,7,loading,0.9,df5318ab908305b93af84f73f7c1908c9f2cb6341215f4f09ee5a94d90e70d0a,2649,76.0,31.0,physical_only,1.3768893815569499e-05,-0.0012272990984109212,-7.806378598422603e-06,0.00016166989083340474,2.1575272413992103e-05,-0.0013889689892443262
7,7,loading,0.9,df5318ab908305b93af84f73f7c1908c9f2cb6341215f4f09ee5a94d90e70d0a,2650,77.0,31.0,physical_only,-1.106153902219917e-05,-0.0014637310032883212,-1.0227182435898286e-05,0.0002494993322833533,-8.343565863008778e-07,-0.0017132303355716742
7,7,loading,0.9,df5318ab908305b93af84f73f7c1908c9f2cb6341215f4f09ee5a94d90e70d0a,2651,78.0,31.0,physical_only,-5.3265334214470646e-05,-0.0016225649210584534,-1.584093360813053e-05,0.00045923227760043576,-3.742440060634011e-05,-0.0020817971986588895
7,7,loading,0.9,df5318ab908305b93af84f73f7c1908c9f2cb6341215f4f09ee5a94d90e70d0a,2652,79.0,31.0,physical_only,-0.00015519190219399063,0.0001406143004540148,-3.839352629138949e-05,0.0014323452758290911,-0.00011679837590260114,-0.0012917309753750772
7,7,loading,0.9,df5318ab908305b93af84f73f7c1908c9f2cb6341215f4f09ee5a94d90e70d0a,2653,80.0,31.0,physical_only,-0.00014600719613407453,0.02340173560031739,-0.00034372678705459677,0.010839009572991895,0.00019771959092052227,0.012562726027325494
7,7,loading,0.9,df5318ab908305b93af84f73f7c1908c9f2cb6341215f4f09ee5a94d90e70d0a,2718,62.0,32.0,physical_only,-7.152865058459932e-06,-1.109189081832981e-06,-3.320242457568317e-06,1.372910708162444e-07,-3.832622600891615e-06,-1.2464801526492254e-06
7,7,loading,0.9,df5318ab908305b93af84f73f7c1908c9f2cb6341215f4f09ee5a94d90e70d0a,2719,63.0,32.0,interior,-0.0,-0.0,-0.0,-0.0,-0.0,-0.0
7,7,loading,0.9,df5318ab908305b93af84f73f7c1908c9f2cb6341215f4f09ee5a94d90e70d0a,2720,64.0,32.0,interior,-0.0,-0.0,-0.0,-0.0,-0.0,-0.0
7,7,loading,0.9,df5318ab908305b93af84f73f7c1908c9f2cb6341215f4f09ee5a94d90e70d0a,2721,65.0,32.0,interior,-0.0,-0.0,-0.0,-0.0,-0.0,-0.0
7,7,loading,0.9,df5318ab908305b93af84f73f7c1908c9f2cb6341215f4f09ee5a94d90e70d0a,2722,66.0,32.0,interior,-0.0,-0.0,-0.0,-0.0,-0.0,-0.0
7,7,loading,0.9,df5318ab908305b93af84f73f7c1908c9f2cb6341215f4f09ee5a94d90e70d0a,2723,67.0,32.0,interior,-0.0,-0.0,-0.0,-0.0,-0.0,-0.0
7,7,loading,0.9,df5318ab908305b93af84f73f7c1908c9f2cb6341215f4f09ee5a94d90e70d0a,2724,68.0,32.0,interior,-0.0,-0.0,-0.0,-0.0,-0.0,-0.0
7,7,loading,0.9,df5318ab908305b93af84f73f7c1908c9f2cb6341215f4f09ee5a94d90e70d0a,2725,69.0,32.0,interior,-0.0,-0.0,-0.0,-0.0,-0.0,-0.0
7,7,loading,0.9,df5318ab908305b93af84f73f7c1908c9f2cb6341215f4f09ee5a94d90e70d0a,2726,70.0,32.0,interior,-0.0,-0.0,-0.0,-0.0,-0.0,-0.0
7,7,loading,0.9,df5318ab908305b93af84f73f7c1908c9f2cb6341215f4f09ee5a94d90e70d0a,2727,71.0,32.0,interior,-0.0,-0.0,-0.0,-0.0,-0.0,-0.0
7,7,loading,0.9,df5318ab908305b93af84f73f7c1908c9f2cb6341215f4f09ee5a94d90e70d0a,2728,72.0,32.0,interior,-0.0,-0.0,-0.0,-0.0,-0.0,-0.0
7,7,loading,0.9,df5318ab908305b93af84f73f7c1908c9f2cb6341215f4f09ee5a94d90e70d0a,2729,73.0,32.0,interior,-0.0,-0.0,-0.0,-0.0,-0.0,-0.0
7,7,loading,0.9,df5318ab908305b93af84f73f7c1908c9f2cb6341215f4f09ee5a94d90e70d0a,2730,74.0,32.0,interior,-0.0,-0.0,-0.0,-0.0,-0.0,-0.0
7,7,loading,0.9,df5318ab908305b93af84f73f7c1908c9f2cb6341215f4f09ee5a94d90e70d0a,2731,75.0,32.0,interior,-0.0,-0.0,-0.0,-0.0,-0.0,-0.0
7,7,loading,0.9,df5318ab908305b93af84f73f7c1908c9f2cb6341215f4f09ee5a94d90e70d0a,2732,76.0,32.0,interior,-0.0,-0.0,-0.0,-0.0,-0.0,-0.0
7,7,loading,0.9,df5318ab908305b93af84f73f7c1908c9f2cb6341215f4f09ee5a94d90e70d0a,2733,77.0,32.0,interior,-0.0,-0.0,-0.0,-0.0,-0.0,-0.0
7,7,loading,0.9,df5318ab908305b93af84f73f7c1908c9f2cb6341215f4f09ee5a94d90e70d0a,2734,78.0,32.0,interior,-0.0,-0.0,-0.0,-0.0,-0.0,-0.0
7,7,loading,0.9,df5318ab908305b93af84f73f7c1908c9f2cb6341215f4f09ee5a94d90e70d0a,2735,79.0,32.0,interior,-0.0,-0.0,-0.0,-0.0,-0.0,-0.0
7,7,loading,0.9,df5318ab908305b93af84f73f7c1908c9f2cb6341215f4f09ee5a94d90e70d0a,2736,80.0,32.0,physical_only,4.401062283745785e-07,-5.1485413490656305e-08,3.096972388402731e-07,-1.7531979571519769e-06,1.3040898953430505e-07,1.7017125436612977e-06
7,7,loading,0.9,df5318ab908305b93af84f73f7c1908c9f2cb6341215f4f09ee5a94d90e70d0a,2801,62.0,33.0,physical_only,-5.860142097601787e-06,-7.139737479433101e-07,-3.5381664587847654e-06,1.0710267706050883e-07,-2.3219756388170233e-06,-8.210764250038187e-07
7,7,loading,0.9,df5318ab908305b93af84f73f7c1908c9f2cb6341215f4f09ee5a94d90e70d0a,2802,63.0,33.0,interior,-0.0,-0.0,-0.0,-0.0,-0.0,-0.0
7,7,loading,0.9,df5318ab908305b93af84f73f7c1908c9f2cb6341215f4f09ee5a94d90e70d0a,2803,64.0,33.0,interior,-0.0,-0.0,-0.0,-0.0,-0.0,-0.0
7,7,loading,0.9,df5318ab908305b93af84f73f7c1908c9f2cb6341215f4f09ee5a94d90e70d0a,2804,65.0,33.0,interior,-0.0,-0.0,-0.0,-0.0,-0.0,-0.0
7,7,loading,0.9,df5318ab908305b93af84f73f7c1908c9f2cb6341215f4f09ee5a94d90e70d0a,2805,66.0,33.0,interior,-0.0,-0.0,-0.0,-0.0,-0.0,-0.0
7,7,loading,0.9,df5318ab908305b93af84f73f7c1908c9f2cb6341215f4f09ee5a94d90e70d0a,2806,67.0,33.0,interior,-0.0,-0.0,-0.0,-0.0,-0.0,-0.0
7,7,loading,0.9,df5318ab908305b93af84f73f7c1908c9f2cb6341215f4f09ee5a94d90e70d0a,2807,68.0,33.0,interior,-0.0,-0.0,-0.0,-0.0,-0.0,-0.0
7,7,loading,0.9,df5318ab908305b93af84f73f7c1908c9f2cb6341215f4f09ee5a94d90e70d0a,2808,69.0,33.0,interior,-0.0,-0.0,-0.0,-0.0,-0.0,-0.0
7,7,loading,0.9,df5318ab908305b93af84f73f7c1908c9f2cb6341215f4f09ee5a94d90e70d0a,2809,70.0,33.0,interior,-0.0,-0.0,-0.0,-0.0,-0.0,-0.0
7,7,loading,0.9,df5318ab908305b93af84f73f7c1908c9f2cb6341215f4f09ee5a94d90e70d0a,2810,71.0,33.0,interior,-0.0,-0.0,-0.0,-0.0,-0.0,-0.0
7,7,loading,0.9,df5318ab908305b93af84f73f7c1908c9f2cb6341215f4f09ee5a94d90e70d0a,2811,72.0,33.0,interior,-0.0,-0.0,-0.0,-0.0,-0.0,-0.0
7,7,loading,0.9,df5318ab908305b93af84f73f7c1908c9f2cb6341215f4f09ee5a94d90e70d0a,2812,73.0,33.0,interior,-0.0,-0.0,-0.0,-0.0,-0.0,-0.0
7,7,loading,0.9,df5318ab908305b93af84f73f7c1908c9f2cb6341215f4f09ee5a94d90e70d0a,2813,74.0,33.0,interior,-0.0,-0.0,-0.0,-0.0,-0.0,-0.0
7,7,loading,0.9,df5318ab908305b93af84f73f7c1908c9f2cb6341215f4f09ee5a94d90e70d0a,2814,75.0,33.0,interior,-0.0,-0.0,-0.0,-0.0,-0.0,-0.0
7,7,loading,0.9,df5318ab908305b93af84f73f7c1908c9f2cb6341215f4f09ee5a94d90e70d0a,2815,76.0,33.0,interior,-0.0,-0.0,-0.0,-0.0,-0.0,-0.0
7,7,loading,0.9,df5318ab908305b93af84f73f7c1908c9f2cb6341215f4f09ee5a94d90e70d0a,2816,77.0,33.0,interior,-0.0,-0.0,-0.0,-0.0,-0.0,-0.0
7,7,loading,0.9,df5318ab908305b93af84f73f7c1908c9f2cb6341215f4f09ee5a94d90e70d0a,2817,78.0,33.0,interior,-0.0,-0.0,-0.0,-0.0,-0.0,-0.0
7,7,loading,0.9,df5318ab908305b93af84f73f7c1908c9f2cb6341215f4f09ee5a94d90e70d0a,2818,79.0,33.0,interior,-0.0,-0.0,-0.0,-0.0,-0.0,-0.0
7,7,loading,0.9,df5318ab908305b93af84f73f7c1908c9f2cb6341215f4f09ee5a94d90e70d0a,2819,80.0,33.0,physical_only,4.2990675224382546e-07,-4.411377030417367e-08,3.113599473748368e-07,-1.520883128952571e-06,1.1854680486898874e-07,1.4767693586484147e-06
7,7,loading,0.9,df5318ab908305b93af84f73f7c1908c9f2cb6341215f4f09ee5a94d90e70d0a,2884,62.0,34.0,physical_only,-5.275407503907623e-06,-2.772002716580471e-07,-3.712933435262587e-06,8.795089069171706e-08,-1.5624740686450353e-06,-3.6515116234976414e-07
7,7,loading,0.9,df5318ab908305b93af84f73f7c1908c9f2cb6341215f4f09ee5a94d90e70d0a,2885,63.0,34.0,interior,-0.0,-0.0,-0.0,-0.0,-0.0,-0.0
7,7,loading,0.9,df5318ab908305b93af84f73f7c1908c9f2cb6341215f4f09ee5a94d90e70d0a,2886,64.0,34.0,interior,-0.0,-0.0,-0.0,-0.0,-0.0,-0.0
7,7,loading,0.9,df5318ab908305b93af84f73f7c1908c9f2cb6341215f4f09ee5a94d90e70d0a,2887,65.0,34.0,interior,-0.0,-0.0,-0.0,-0.0,-0.0,-0.0
7,7,loading,0.9,df5318ab908305b93af84f73f7c1908c9f2cb6341215f4f09ee5a94d90e70d0a,2888,66.0,34.0,interior,-0.0,-0.0,-0.0,-0.0,-0.0,-0.0
7,7,loading,0.9,df5318ab908305b93af84f73f7c1908c9f2cb6341215f4f09ee5a94d90e70d0a,2889,67.0,34.0,interior,-0.0,-0.0,-0.0,-0.0,-0.0,-0.0
7,7,loading,0.9,df5318ab908305b93af84f73f7c1908c9f2cb6341215f4f09ee5a94d90e70d0a,2890,68.0,34.0,interior,-0.0,-0.0,-0.0,-0.0,-0.0,-0.0
7,7,loading,0.9,df5318ab908305b93af84f73f7c1908c9f2cb6341215f4f09ee5a94d90e70d0a,2891,69.0,34.0,interior,-0.0,-0.0,-0.0,-0.0,-0.0,-0.0
7,7,loading,0.9,df5318ab908305b93af84f73f7c1908c9f2cb6341215f4f09ee5a94d90e70d0a,2892,70.0,34.0,interior,-0.0,-0.0,-0.0,-0.0,-0.0,-0.0
7,7,loading,0.9,df5318ab908305b93af84f73f7c1908c9f2cb6341215f4f09ee5a94d90e70d0a,2893,71.0,34.0,interior,-0.0,-0.0,-0.0,-0.0,-0.0,-0.0
7,7,loading,0.9,df5318ab908305b93af84f73f7c1908c9f2cb6341215f4f09ee5a94d90e70d0a,2894,72.0,34.0,interior,-0.0,-0.0,-0.0,-0.0,-0.0,-0.0
7,7,loading,0.9,df5318ab908305b93af84f73f7c1908c9f2cb6341215f4f09ee5a94d90e70d0a,2895,73.0,34.0,interior,-0.0,-0.0,-0.0,-0.0,-0.0,-0.0
7,7,loading,0.9,df5318ab908305b93af84f73f7c1908c9f2cb6341215f4f09ee5a94d90e70d0a,2896,74.0,34.0,interior,-0.0,-0.0,-0.0,-0.0,-0.0,-0.0
7,7,loading,0.9,df5318ab908305b93af84f73f7c1908c9f2cb6341215f4f09ee5a94d90e70d0a,2897,75.0,34.0,interior,-0.0,-0.0,-0.0,-0.0,-0.0,-0.0
7,7,loading,0.9,df5318ab908305b93af84f73f7c1908c9f2cb6341215f4f09ee5a94d90e70d0a,2898,76.0,34.0,interior,-0.0,-0.0,-0.0,-0.0,-0.0,-0.0
7,7,loading,0.9,df5318ab908305b93af84f73f7c1908c9f2cb6341215f4f09ee5a94d90e70d0a,2899,77.0,34.0,interior,-0.0,-0.0,-0.0,-0.0,-0.0,-0.0
7,7,loading,0.9,df5318ab908305b93af84f73f7c1908c9f2cb6341215f4f09ee5a94d90e70d0a,2900,78.0,34.0,interior,-0.0,-0.0,-0.0,-0.0,-0.0,-0.0
7,7,loading,0.9,df5318ab908305b93af84f73f7c1908c9f2cb6341215f4f09ee5a94d90e70d0a,2901,79.0,34.0,interior,-0.0,-0.0,-0.0,-0.0,-0.0,-0.0
7,7,loading,0.9,df5318ab908305b93af84f73f7c1908c9f2cb6341215f4f09ee5a94d90e70d0a,2902,80.0,34.0,physical_only,4.211100996643311e-07,-3.7143074053974006e-08,3.125768828219034e-07,-1.293869567825907e-06,1.0853321684242763e-07,1.2567264937719363e-06
7,7,loading,0.9,df5318ab908305b93af84f73f7c1908c9f2cb6341215f4f09ee5a94d90e70d0a,2967,62.0,35.0,physical_only,-5.1278554943157e-06,5.0309661374289215e-08,-3.856804840375519e-06,7.44458297745554e-08,-1.2710506539401812e-06,-2.413616840026624e-08
7,7,loading,0.9,df5318ab908305b93af84f73f7c1908c9f2cb6341215f4f09ee5a94d90e70d0a,2968,63.0,35.0,interior,-0.0,-0.0,-0.0,-0.0,-0.0,-0.0
7,7,loading,0.9,df5318ab908305b93af84f73f7c1908c9f2cb6341215f4f09ee5a94d90e70d0a,2969,64.0,35.0,interior,-0.0,-0.0,-0.0,-0.0,-0.0,-0.0
7,7,loading,0.9,df5318ab908305b93af84f73f7c1908c9f2cb6341215f4f09ee5a94d90e70d0a,2970,65.0,35.0,interior,-0.0,-0.0,-0.0,-0.0,-0.0,-0.0
7,7,loading,0.9,df5318ab908305b93af84f73f7c1908c9f2cb6341215f4f09ee5a94d90e70d0a,2971,66.0,35.0,interior,-0.0,-0.0,-0.0,-0.0,-0.0,-0.0
7,7,loading,0.9,df5318ab908305b93af84f73f7c1908c9f2cb6341215f4f09ee5a94d90e70d0a,2972,67.0,35.0,interior,-0.0,-0.0,-0.0,-0.0,-0.0,-0.0
7,7,loading,0.9,df5318ab908305b93af84f73f7c1908c9f2cb6341215f4f09ee5a94d90e70d0a,2973,68.0,35.0,interior,-0.0,-0.0,-0.0,-0.0,-0.0,-0.0
7,7,loading,0.9,df5318ab908305b93af84f73f7c1908c9f2cb6341215f4f09ee5a94d90e70d0a,2974,69.0,35.0,interior,-0.0,-0.0,-0.0,-0.0,-0.0,-0.0
7,7,loading,0.9,df5318ab908305b93af84f73f7c1908c9f2cb6341215f4f09ee5a94d90e70d0a,2975,70.0,35.0,interior,-0.0,-0.0,-0.0,-0.0,-0.0,-0.0
7,7,loading,0.9,df5318ab908305b93af84f73f7c1908c9f2cb6341215f4f09ee5a94d90e70d0a,2976,71.0,35.0,interior,-0.0,-0.0,-0.0,-0.0,-0.0,-0.0
7,7,loading,0.9,df5318ab908305b93af84f73f7c1908c9f2cb6341215f4f09ee5a94d90e70d0a,2977,72.0,35.0,interior,-0.0,-0.0,-0.0,-0.0,-0.0,-0.0
7,7,loading,0.9,df5318ab908305b93af84f73f7c1908c9f2cb6341215f4f09ee5a94d90e70d0a,2978,73.0,35.0,interior,-0.0,-0.0,-0.0,-0.0,-0.0,-0.0
7,7,loading,0.9,df5318ab908305b93af84f73f7c1908c9f2cb6341215f4f09ee5a94d90e70d0a,2979,74.0,35.0,interior,-0.0,-0.0,-0.0,-0.0,-0.0,-0.0
7,7,loading,0.9,df5318ab908305b93af84f73f7c1908c9f2cb6341215f4f09ee5a94d90e70d0a,2980,75.0,35.0,interior,-0.0,-0.0,-0.0,-0.0,-0.0,-0.0
7,7,loading,0.9,df5318ab908305b93af84f73f7c1908c9f2cb6341215f4f09ee5a94d90e70d0a,2981,76.0,35.0,interior,-0.0,-0.0,-0.0,-0.0,-0.0,-0.0
7,7,loading,0.9,df5318ab908305b93af84f73f7c1908c9f2cb6341215f4f09ee5a94d90e70d0a,2982,77.0,35.0,interior,-0.0,-0.0,-0.0,-0.0,-0.0,-0.0
7,7,loading,0.9,df5318ab908305b93af84f73f7c1908c9f2cb6341215f4f09ee5a94d90e70d0a,2983,78.0,35.0,interior,-0.0,-0.0,-0.0,-0.0,-0.0,-0.0
7,7,loading,0.9,df5318ab908305b93af84f73f7c1908c9f2cb6341215f4f09ee5a94d90e70d0a,2984,79.0,35.0,interior,-0.0,-0.0,-0.0,-0.0,-0.0,-0.0
7,7,loading,0.9,df5318ab908305b93af84f73f7c1908c9f2cb6341215f4f09ee5a94d90e70d0a,2985,80.0,35.0,physical_only,4.137001228400865e-07,-3.04960168547849e-08,3.134470628914136e-07,-1.0713751877784977e-06,1.0025305994867298e-07,1.040879170923715e-06
7,7,loading,0.9,df5318ab908305b93af84f73f7c1908c9f2cb6341215f4f09ee5a94d90e70d0a,3050,62.0,36.0,physical_only,-5.202958298323951e-06,2.1051517516213145e-07,-3.975178108796188e-06,6.23968083503668e-08,-1.2277801895277629e-06,1.481183668117648e-07
7,7,loading,0.9,df5318ab908305b93af84f73f7c1908c9f2cb6341215f4f09ee5a94d90e70d0a,3051,63.0,36.0,interior,-0.0,-0.0,-0.0,-0.0,-0.0,-0.0
7,7,loading,0.9,df5318ab908305b93af84f73f7c1908c9f2cb6341215f4f09ee5a94d90e70d0a,3052,64.0,36.0,interior,-0.0,-0.0,-0.0,-0.0,-0.0,-0.0
7,7,loading,0.9,df5318ab908305b93af84f73f7c1908c9f2cb6341215f4f09ee5a94d90e70d0a,3053,65.0,36.0,interior,-0.0,-0.0,-0.0,-0.0,-0.0,-0.0
7,7,loading,0.9,df5318ab908305b93af84f73f7c1908c9f2cb6341215f4f09ee5a94d90e70d0a,3054,66.0,36.0,interior,-0.0,-0.0,-0.0,-0.0,-0.0,-0.0
7,7,loading,0.9,df5318ab908305b93af84f73f7c1908c9f2cb6341215f4f09ee5a94d90e70d0a,3055,67.0,36.0,interior,-0.0,-0.0,-0.0,-0.0,-0.0,-0.0
7,7,loading,0.9,df5318ab908305b93af84f73f7c1908c9f2cb6341215f4f09ee5a94d90e70d0a,3056,68.0,36.0,interior,-0.0,-0.0,-0.0,-0.0,-0.0,-0.0
7,7,loading,0.9,df5318ab908305b93af84f73f7c1908c9f2cb6341215f4f09ee5a94d90e70d0a,3057,69.0,36.0,interior,-0.0,-0.0,-0.0,-0.0,-0.0,-0.0
7,7,loading,0.9,df5318ab908305b93af84f73f7c1908c9f2cb6341215f4f09ee5a94d90e70d0a,3058,70.0,36.0,interior,-0.0,-0.0,-0.0,-0.0,-0.0,-0.0
7,7,loading,0.9,df5318ab908305b93af84f73f7c1908c9f2cb6341215f4f09ee5a94d90e70d0a,3059,71.0,36.0,interior,-0.0,-0.0,-0.0,-0.0,-0.0,-0.0
7,7,loading,0.9,df5318ab908305b93af84f73f7c1908c9f2cb6341215f4f09ee5a94d90e70d0a,3060,72.0,36.0,interior,-0.0,-0.0,-0.0,-0.0,-0.0,-0.0
7,7,loading,0.9,df5318ab908305b93af84f73f7c1908c9f2cb6341215f4f09ee5a94d90e70d0a,3061,73.0,36.0,interior,-0.0,-0.0,-0.0,-0.0,-0.0,-0.0
7,7,loading,0.9,df5318ab908305b93af84f73f7c1908c9f2cb6341215f4f09ee5a94d90e70d0a,3062,74.0,36.0,interior,-0.0,-0.0,-0.0,-0.0,-0.0,-0.0
7,7,loading,0.9,df5318ab908305b93af84f73f7c1908c9f2cb6341215f4f09ee5a94d90e70d0a,3063,75.0,36.0,interior,-0.0,-0.0,-0.0,-0.0,-0.0,-0.0
7,7,loading,0.9,df5318ab908305b93af84f73f7c1908c9f2cb6341215f4f09ee5a94d90e70d0a,3064,76.0,36.0,interior,-0.0,-0.0,-0.0,-0.0,-0.0,-0.0
7,7,loading,0.9,df5318ab908305b93af84f73f7c1908c9f2cb6341215f4f09ee5a94d90e70d0a,3065,77.0,36.0,interior,-0.0,-0.0,-0.0,-0.0,-0.0,-0.0
7,7,loading,0.9,df5318ab908305b93af84f73f7c1908c9f2cb6341215f4f09ee5a94d90e70d0a,3066,78.0,36.0,interior,-0.0,-0.0,-0.0,-0.0,-0.0,-0.0
7,7,loading,0.9,df5318ab908305b93af84f73f7c1908c9f2cb6341215f4f09ee5a94d90e70d0a,3067,79.0,36.0,interior,-0.0,-0.0,-0.0,-0.0,-0.0,-0.0
7,7,loading,0.9,df5318ab908305b93af84f73f7c1908c9f2cb6341215f4f09ee5a94d90e70d0a,3068,80.0,36.0,physical_only,4.076612963586035e-07,-2.4105713620283268e-08,3.1405196997870986e-07,-8.526288893403626e-07,9.360932637989358e-08,8.285231757200785e-07
7,7,loading,0.9,df5318ab908305b93af84f73f7c1908c9f2cb6341215f4f09ee5a94d90e70d0a,3133,62.0,37.0,physical_only,-5.338616648066898e-06,2.402972211845736e-07,-4.069133973282463e-06,4.930004945961476e-08,-1.269482674784435e-06,1.9099717172495873e-07
7,7,loading,0.9,df5318ab908305b93af84f73f7c1908c9f2cb6341215f4f09ee5a94d90e70d0a,3134,63.0,37.0,interior,-0.0,-0.0,-0.0,-0.0,-0.0,-0.0
7,7,loading,0.9,df5318ab908305b93af84f73f7c1908c9f2cb6341215f4f09ee5a94d90e70d0a,3135,64.0,37.0,interior,-0.0,-0.0,-0.0,-0.0,-0.0,-0.0
7,7,loading,0.9,df5318ab908305b93af84f73f7c1908c9f2cb6341215f4f09ee5a94d90e70d0a,3136,65.0,37.0,interior,-0.0,-0.0,-0.0,-0.0,-0.0,-0.0
7,7,loading,0.9,df5318ab908305b93af84f73f7c1908c9f2cb6341215f4f09ee5a94d90e70d0a,3137,66.0,37.0,interior,-0.0,-0.0,-0.0,-0.0,-0.0,-0.0
7,7,loading,0.9,df5318ab908305b93af84f73f7c1908c9f2cb6341215f4f09ee5a94d90e70d0a,3138,67.0,37.0,interior,-0.0,-0.0,-0.0,-0.0,-0.0,-0.0
7,7,loading,0.9,df5318ab908305b93af84f73f7c1908c9f2cb6341215f4f09ee5a94d90e70d0a,3139,68.0,37.0,interior,-0.0,-0.0,-0.0,-0.0,-0.0,-0.0
7,7,loading,0.9,df5318ab908305b93af84f73f7c1908c9f2cb6341215f4f09ee5a94d90e70d0a,3140,69.0,37.0,interior,-0.0,-0.0,-0.0,-0.0,-0.0,-0.0
7,7,loading,0.9,df5318ab908305b93af84f73f7c1908c9f2cb6341215f4f09ee5a94d90e70d0a,3141,70.0,37.0,interior,-0.0,-0.0,-0.0,-0.0,-0.0,-0.0
7,7,loading,0.9,df5318ab908305b93af84f73f7c1908c9f2cb6341215f4f09ee5a94d90e70d0a,3142,71.0,37.0,interior,-0.0,-0.0,-0.0,-0.0,-0.0,-0.0
7,7,loading,0.9,df5318ab908305b93af84f73f7c1908c9f2cb6341215f4f09ee5a94d90e70d0a,3143,72.0,37.0,interior,-0.0,-0.0,-0.0,-0.0,-0.0,-0.0
7,7,loading,0.9,df5318ab908305b93af84f73f7c1908c9f2cb6341215f4f09ee5a94d90e70d0a,3144,73.0,37.0,interior,-0.0,-0.0,-0.0,-0.0,-0.0,-0.0
7,7,loading,0.9,df5318ab908305b93af84f73f7c1908c9f2cb6341215f4f09ee5a94d90e70d0a,3145,74.0,37.0,interior,-0.0,-0.0,-0.0,-0.0,-0.0,-0.0
7,7,loading,0.9,df5318ab908305b93af84f73f7c1908c9f2cb6341215f4f09ee5a94d90e70d0a,3146,75.0,37.0,interior,-0.0,-0.0,-0.0,-0.0,-0.0,-0.0
7,7,loading,0.9,df5318ab908305b93af84f73f7c1908c9f2cb6341215f4f09ee5a94d90e70d0a,3147,76.0,37.0,interior,-0.0,-0.0,-0.0,-0.0,-0.0,-0.0
7,7,loading,0.9,df5318ab908305b93af84f73f7c1908c9f2cb6341215f4f09ee5a94d90e70d0a,3148,77.0,37.0,interior,-0.0,-0.0,-0.0,-0.0,-0.0,-0.0
7,7,loading,0.9,df5318ab908305b93af84f73f7c1908c9f2cb6341215f4f09ee5a94d90e70d0a,3149,78.0,37.0,interior,-0.0,-0.0,-0.0,-0.0,-0.0,-0.0
7,7,loading,0.9,df5318ab908305b93af84f73f7c1908c9f2cb6341215f4f09ee5a94d90e70d0a,3150,79.0,37.0,interior,-0.0,-0.0,-0.0,-0.0,-0.0,-0.0
7,7,loading,0.9,df5318ab908305b93af84f73f7c1908c9f2cb6341215f4f09ee5a94d90e70d0a,3151,80.0,37.0,physical_only,4.029798203635853e-07,-1.7912923710487684e-08,3.144567092160514e-07,-6.368691063343789e-07,8.852311114753385e-08,6.189561826238897e-07
7,7,loading,0.9,df5318ab908305b93af84f73f7c1908c9f2cb6341215f4f09ee5a94d90e70d0a,3216,62.0,38.0,physical_only,-5.45637772947209e-06,1.8924564112145615e-07,-4.137719527886234e-06,3.430893926017735e-08,-1.3186582015858563e-06,1.549367018612787e-07
7,7,loading,0.9,df5318ab908305b93af84f73f7c1908c9f2cb6341215f4f09ee5a94d90e70d0a,3217,63.0,38.0,interior,-0.0,-0.0,-0.0,-0.0,-0.0,-0.0
7,7,loading,0.9,df5318ab908305b93af84f73f7c1908c9f2cb6341215f4f09ee5a94d90e70d0a,3218,64.0,38.0,interior,-0.0,-0.0,-0.0,-0.0,-0.0,-0.0
7,7,loading,0.9,df5318ab908305b93af84f73f7c1908c9f2cb6341215f4f09ee5a94d90e70d0a,3219,65.0,38.0,interior,-0.0,-0.0,-0.0,-0.0,-0.0,-0.0
7,7,loading,0.9,df5318ab908305b93af84f73f7c1908c9f2cb6341215f4f09ee5a94d90e70d0a,3220,66.0,38.0,interior,-0.0,-0.0,-0.0,-0.0,-0.0,-0.0
7,7,loading,0.9,df5318ab908305b93af84f73f7c1908c9f2cb6341215f4f09ee5a94d90e70d0a,3221,67.0,38.0,interior,-0.0,-0.0,-0.0,-0.0,-0.0,-0.0
7,7,loading,0.9,df5318ab908305b93af84f73f7c1908c9f2cb6341215f4f09ee5a94d90e70d0a,3222,68.0,38.0,interior,-0.0,-0.0,-0.0,-0.0,-0.0,-0.0
7,7,loading,0.9,df5318ab908305b93af84f73f7c1908c9f2cb6341215f4f09ee5a94d90e70d0a,3223,69.0,38.0,interior,-0.0,-0.0,-0.0,-0.0,-0.0,-0.0
7,7,loading,0.9,df5318ab908305b93af84f73f7c1908c9f2cb6341215f4f09ee5a94d90e70d0a,3224,70.0,38.0,interior,-0.0,-0.0,-0.0,-0.0,-0.0,-0.0
7,7,loading,0.9,df5318ab908305b93af84f73f7c1908c9f2cb6341215f4f09ee5a94d90e70d0a,3225,71.0,38.0,interior,-0.0,-0.0,-0.0,-0.0,-0.0,-0.0
7,7,loading,0.9,df5318ab908305b93af84f73f7c1908c9f2cb6341215f4f09ee5a94d90e70d0a,3226,72.0,38.0,interior,-0.0,-0.0,-0.0,-0.0,-0.0,-0.0
7,7,loading,0.9,df5318ab908305b93af84f73f7c1908c9f2cb6341215f4f09ee5a94d90e70d0a,3227,73.0,38.0,interior,-0.0,-0.0,-0.0,-0.0,-0.0,-0.0
7,7,loading,0.9,df5318ab908305b93af84f73f7c1908c9f2cb6341215f4f09ee5a94d90e70d0a,3228,74.0,38.0,interior,-0.0,-0.0,-0.0,-0.0,-0.0,-0.0
7,7,loading,0.9,df5318ab908305b93af84f73f7c1908c9f2cb6341215f4f09ee5a94d90e70d0a,3229,75.0,38.0,interior,-0.0,-0.0,-0.0,-0.0,-0.0,-0.0
7,7,loading,0.9,df5318ab908305b93af84f73f7c1908c9f2cb6341215f4f09ee5a94d90e70d0a,3230,76.0,38.0,interior,-0.0,-0.0,-0.0,-0.0,-0.0,-0.0
7,7,loading,0.9,df5318ab908305b93af84f73f7c1908c9f2cb6341215f4f09ee5a94d90e70d0a,3231,77.0,38.0,interior,-0.0,-0.0,-0.0,-0.0,-0.0,-0.0
7,7,loading,0.9,df5318ab908305b93af84f73f7c1908c9f2cb6341215f4f09ee5a94d90e70d0a,3232,78.0,38.0,interior,-0.0,-0.0,-0.0,-0.0,-0.0,-0.0
7,7,loading,0.9,df5318ab908305b93af84f73f7c1908c9f2cb6341215f4f09ee5a94d90e70d0a,3233,79.0,38.0,interior,-0.0,-0.0,-0.0,-0.0,-0.0,-0.0
7,7,loading,0.9,df5318ab908305b93af84f73f7c1908c9f2cb6341215f4f09ee5a94d90e70d0a,3234,80.0,38.0,physical_only,3.9964435682423825e-07,-1.1863918148428574e-08,3.147109500596757e-07,-4.233421345243138e-07,8.493340676456251e-08,4.1147821637588185e-07
7,7,loading,0.9,df5318ab908305b93af84f73f7c1908c9f2cb6341215f4f09ee5a94d90e70d0a,3299,62.0,39.0,physical_only,-5.527703375468473e-06,1.006207256136409e-07,-4.179553444265053e-06,1.7626750063050693e-08,-1.3481499312034199e-06,8.299397555059042e-08
7,7,loading,0.9,df5318ab908305b93af84f73f7c1908c9f2cb6341215f4f09ee5a94d90e70d0a,3300,63.0,39.0,interior,-0.0,-0.0,-0.0,-0.0,-0.0,-0.0
7,7,loading,0.9,df5318ab908305b93af84f73f7c1908c9f2cb6341215f4f09ee5a94d90e70d0a,3301,64.0,39.0,interior,-0.0,-0.0,-0.0,-0.0,-0.0,-0.0
7,7,loading,0.9,df5318ab908305b93af84f73f7c1908c9f2cb6341215f4f09ee5a94d90e70d0a,3302,65.0,39.0,interior,-0.0,-0.0,-0.0,-0.0,-0.0,-0.0
7,7,loading,0.9,df5318ab908305b93af84f73f7c1908c9f2cb6341215f4f09ee5a94d90e70d0a,3303,66.0,39.0,interior,-0.0,-0.0,-0.0,-0.0,-0.0,-0.0
7,7,loading,0.9,df5318ab908305b93af84f73f7c1908c9f2cb6341215f4f09ee5a94d90e70d0a,3304,67.0,39.0,interior,-0.0,-0.0,-0.0,-0.0,-0.0,-0.0
7,7,loading,0.9,df5318ab908305b93af84f73f7c1908c9f2cb6341215f4f09ee5a94d90e70d0a,3305,68.0,39.0,interior,-0.0,-0.0,-0.0,-0.0,-0.0,-0.0
7,7,loading,0.9,df5318ab908305b93af84f73f7c1908c9f2cb6341215f4f09ee5a94d90e70d0a,3306,69.0,39.0,interior,-0.0,-0.0,-0.0,-0.0,-0.0,-0.0
7,7,loading,0.9,df5318ab908305b93af84f73f7c1908c9f2cb6341215f4f09ee5a94d90e70d0a,3307,70.0,39.0,interior,-0.0,-0.0,-0.0,-0.0,-0.0,-0.0
7,7,loading,0.9,df5318ab908305b93af84f73f7c1908c9f2cb6341215f4f09ee5a94d90e70d0a,3308,71.0,39.0,interior,-0.0,-0.0,-0.0,-0.0,-0.0,-0.0
7,7,loading,0.9,df5318ab908305b93af84f73f7c1908c9f2cb6341215f4f09ee5a94d90e70d0a,3309,72.0,39.0,interior,-0.0,-0.0,-0.0,-0.0,-0.0,-0.0
7,7,loading,0.9,df5318ab908305b93af84f73f7c1908c9f2cb6341215f4f09ee5a94d90e70d0a,3310,73.0,39.0,interior,-0.0,-0.0,-0.0,-0.0,-0.0,-0.0
7,7,loading,0.9,df5318ab908305b93af84f73f7c1908c9f2cb6341215f4f09ee5a94d90e70d0a,3311,74.0,39.0,interior,-0.0,-0.0,-0.0,-0.0,-0.0,-0.0
7,7,loading,0.9,df5318ab908305b93af84f73f7c1908c9f2cb6341215f4f09ee5a94d90e70d0a,3312,75.0,39.0,interior,-0.0,-0.0,-0.0,-0.0,-0.0,-0.0
7,7,loading,0.9,df5318ab908305b93af84f73f7c1908c9f2cb6341215f4f09ee5a94d90e70d0a,3313,76.0,39.0,interior,-0.0,-0.0,-0.0,-0.0,-0.0,-0.0
7,7,loading,0.9,df5318ab908305b93af84f73f7c1908c9f2cb6341215f4f09ee5a94d90e70d0a,3314,77.0,39.0,interior,-0.0,-0.0,-0.0,-0.0,-0.0,-0.0
7,7,loading,0.9,df5318ab908305b93af84f73f7c1908c9f2cb6341215f4f09ee5a94d90e70d0a,3315,78.0,39.0,interior,-0.0,-0.0,-0.0,-0.0,-0.0,-0.0
7,7,loading,0.9,df5318ab908305b93af84f73f7c1908c9f2cb6341215f4f09ee5a94d90e70d0a,3316,79.0,39.0,interior,-0.0,-0.0,-0.0,-0.0,-0.0,-0.0
7,7,loading,0.9,df5318ab908305b93af84f73f7c1908c9f2cb6341215f4f09ee5a94d90e70d0a,3317,80.0,39.0,physical_only,3.9764651270034306e-07,-5.908781737360607e-09,3.1484965412975603e-07,-2.1130029788487225e-07,8.279685857058707e-08,2.0539151614751408e-07
7,7,loading,0.9,df5318ab908305b93af84f73f7c1908c9f2cb6341215f4f09ee5a94d90e70d0a,3382,62.0,40.0,physical_and_cut,-2.775361547010674e-06,-1.8889979999748687e-06,-2.0968089142172503e-06,-9.54390854091614e-07,-6.785526327934237e-07,-9.346071458832548e-07
7,7,loading,0.9,df5318ab908305b93af84f73f7c1908c9f2cb6341215f4f09ee5a94d90e70d0a,3383,63.0,40.0,cut_only,-0.0,-0.0,-0.0,-0.0,-0.0,-0.0
7,7,loading,0.9,df5318ab908305b93af84f73f7c1908c9f2cb6341215f4f09ee5a94d90e70d0a,3384,64.0,40.0,cut_only,-0.0,-0.0,-0.0,-0.0,-0.0,-0.0
7,7,loading,0.9,df5318ab908305b93af84f73f7c1908c9f2cb6341215f4f09ee5a94d90e70d0a,3385,65.0,40.0,cut_only,-0.0,-0.0,-0.0,-0.0,-0.0,-0.0
7,7,loading,0.9,df5318ab908305b93af84f73f7c1908c9f2cb6341215f4f09ee5a94d90e70d0a,3386,66.0,40.0,cut_only,-0.0,-0.0,-0.0,-0.0,-0.0,-0.0
7,7,loading,0.9,df5318ab908305b93af84f73f7c1908c9f2cb6341215f4f09ee5a94d90e70d0a,3387,67.0,40.0,cut_only,-0.0,-0.0,-0.0,-0.0,-0.0,-0.0
7,7,loading,0.9,df5318ab908305b93af84f73f7c1908c9f2cb6341215f4f09ee5a94d90e70d0a,3388,68.0,40.0,cut_only,-0.0,-0.0,-0.0,-0.0,-0.0,-0.0
7,7,loading,0.9,df5318ab908305b93af84f73f7c1908c9f2cb6341215f4f09ee5a94d90e70d0a,3389,69.0,40.0,cut_only,-0.0,-0.0,-0.0,-0.0,-0.0,-0.0
7,7,loading,0.9,df5318ab908305b93af84f73f7c1908c9f2cb6341215f4f09ee5a94d90e70d0a,3390,70.0,40.0,cut_only,-0.0,-0.0,-0.0,-0.0,-0.0,-0.0
7,7,loading,0.9,df5318ab908305b93af84f73f7c1908c9f2cb6341215f4f09ee5a94d90e70d0a,3391,71.0,40.0,cut_only,-0.0,-0.0,-0.0,-0.0,-0.0,-0.0
7,7,loading,0.9,df5318ab908305b93af84f73f7c1908c9f2cb6341215f4f09ee5a94d90e70d0a,3392,72.0,40.0,cut_only,-0.0,-0.0,-0.0,-0.0,-0.0,-0.0
7,7,loading,0.9,df5318ab908305b93af84f73f7c1908c9f2cb6341215f4f09ee5a94d90e70d0a,3393,73.0,40.0,cut_only,-0.0,-0.0,-0.0,-0.0,-0.0,-0.0
7,7,loading,0.9,df5318ab908305b93af84f73f7c1908c9f2cb6341215f4f09ee5a94d90e70d0a,3394,74.0,40.0,cut_only,-0.0,-0.0,-0.0,-0.0,-0.0,-0.0
7,7,loading,0.9,df5318ab908305b93af84f73f7c1908c9f2cb6341215f4f09ee5a94d90e70d0a,3395,75.0,40.0,cut_only,-0.0,-0.0,-0.0,-0.0,-0.0,-0.0
7,7,loading,0.9,df5318ab908305b93af84f73f7c1908c9f2cb6341215f4f09ee5a94d90e70d0a,3396,76.0,40.0,cut_only,-0.0,-0.0,-0.0,-0.0,-0.0,-0.0
7,7,loading,0.9,df5318ab908305b93af84f73f7c1908c9f2cb6341215f4f09ee5a94d90e70d0a,3397,77.0,40.0,cut_only,-0.0,-0.0,-0.0,-0.0,-0.0,-0.0
7,7,loading,0.9,df5318ab908305b93af84f73f7c1908c9f2cb6341215f4f09ee5a94d90e70d0a,3398,78.0,40.0,cut_only,-0.0,-0.0,-0.0,-0.0,-0.0,-0.0
7,7,loading,0.9,df5318ab908305b93af84f73f7c1908c9f2cb6341215f4f09ee5a94d90e70d0a,3399,79.0,40.0,cut_only,-0.0,-0.0,-0.0,-0.0,-0.0,-0.0
7,7,loading,0.9,df5318ab908305b93af84f73f7c1908c9f2cb6341215f4f09ee5a94d90e70d0a,3400,80.0,40.0,physical_and_cut,1.9849057113109077e-07,5.875535207230167e-05,1.5744679618187308e-07,-1.685747844735633e-07,4.10437749492177e-08,5.892392685677523e-05
8,8,loading,0.95,07fbb6971ad1be9b0c7a5002fbf8c11068f479a6a8766e10a697ae34d9479d5e,2635,62.0,31.0,physical_only,-0.00044140212802008973,-7.228735129628534e-05,-5.672580988794766e-06,6.391578172433311e-06,-0.000435729547031295,-7.867892946871867e-05
8,8,loading,0.95,07fbb6971ad1be9b0c7a5002fbf8c11068f479a6a8766e10a697ae34d9479d5e,2636,63.0,31.0,physical_only,-1.5683590831408734e-06,-6.037356653168047e-05,-3.1560168563235646e-06,7.390326373996867e-06,1.5876577731826907e-06,-6.776389290567738e-05
8,8,loading,0.95,07fbb6971ad1be9b0c7a5002fbf8c11068f479a6a8766e10a697ae34d9479d5e,2637,64.0,31.0,physical_only,8.041530334300624e-07,-8.026189523182838e-05,-3.2285586245876204e-06,9.52262633783867e-06,4.032711658017685e-06,-8.978452156966699e-05
8,8,loading,0.95,07fbb6971ad1be9b0c7a5002fbf8c11068f479a6a8766e10a697ae34d9479d5e,2638,65.0,31.0,physical_only,1.529783273343841e-06,-0.00010879466936453971,-3.319589197830021e-06,1.1979501561548621e-05,4.849372471173861e-06,-0.00012077417092608831
8,8,loading,0.95,07fbb6971ad1be9b0c7a5002fbf8c11068f479a6a8766e10a697ae34d9479d5e,2639,66.0,31.0,physical_only,3.9566042807700154e-07,-0.00014375636973873863,-3.4307941890183576e-06,1.486627355077712e-05,3.8264546170953595e-06,-0.0001586226432895158
8,8,loading,0.95,07fbb6971ad1be9b0c7a5002fbf8c11068f479a6a8766e10a697ae34d9479d5e,2640,67.0,31.0,physical_only,-1.931847498249756e-06,-0.00018433976843651684,-3.560456533525371e-06,1.83102865011902e-05,1.6286090352756167e-06,-0.00020265005493770713
8,8,loading,0.95,07fbb6971ad1be9b0c7a5002fbf8c11068f479a6a8766e10a697ae34d9479d5e,2641,68.0,31.0,physical_only,-2.402919430784239e-06,-0.0002335805207770395,-3.7099636913632286e-06,2.2473710482576034e-05,1.3070442605789898e-06,-0.00025605423125961554
8,8,loading,0.95,07fbb6971ad1be9b0c7a5002fbf8c11068f479a6a8766e10a697ae34d9479d5e,2642,69.0,31.0,physical_only,-3.350431800988391e-06,-0.00029516126521546434,-3.884427187602998e-06,2.7580329226484776e-05,5.339953866146074e-07,-0.0003227415944419491
8,8,loading,0.95,07fbb6971ad1be9b0c7a5002fbf8c11068f479a6a8766e10a697ae34d9479d5e,2643,70.0,31.0,physical_only,-4.655662097264254e-06,-0.0003699534441085725,-4.093148032121032e-06,3.39553688174981e-05,-5.62514065143222e-07,-0.0004039088129260708
8,8,loading,0.95,07fbb6971ad1be9b0c7a5002fbf8c11068f479a6a8766e10a697ae34d9479d5e,2644,71.0,31.0,physical_only,-6.274732795234686e-06,-0.00045995031055961425,-4.349321401498755e-06,4.208617364514036e-05,-1.9254113937359306e-06,-0.0005020364842047546
8,8,loading,0.95,07fbb6971ad1be9b0c7a5002fbf8c11068f479a6a8766e10a697ae34d9479d5e,2645,72.0,31.0,physical_only,-7.95699650490701e-06,-0.0005672262030952022,-4.6735991812657175e-06,5.2734024739298806e-05,-3.2833973236412924e-06,-0.000619960227834501
8,8,loading,0.95,07fbb6971ad1be9b0c7a5002fbf8c11068f479a6a8766e10a697ae34d9479d5e,2646,73.0,31.0,physical_only,-9.332863695772516e-06,-0.0006933363932721216,-5.099560441415166e-06,6.715091628336574e-05,-4.23330325435735e-06,-0.0007604873095554874
8,8,loading,0.95,07fbb6971ad1be9b0c7a5002fbf8c11068f479a6a8766e10a697ae34d9479d5e,2647,74.0,31.0,physical_only,-6.379370693628611e-06,-0.000843469912307067,-5.687441643191953e-06,8.754371000576933e-05,-6.919290504366567e-07,-0.0009310136223128367
8,8,loading,0.95,07fbb6971ad1be9b0c7a5002fbf8c11068f479a6a8766e10a697ae34d9479d5e,2648,75.0,31.0,physical_only,-1.1811342433542997e-06,-0.0010304863484472421,-6.556827235813794e-06,0.00011819850981510696,5.375692992459493e-06,-0.0011486848582623489
8,8,loading,0.95,07fbb6971ad1be9b0c7a5002fbf8c11068f479a6a8766e10a697ae34d9479d5e,2649,76.0,31.0,physical_only,-5.603431436704591e-06,-0.0012639608961163814,-7.972245518275657e-06,0.00016863854885673302,2.3688140815710635e-06,-0.0014325994449731145
8,8,loading,0.95,07fbb6971ad1be9b0c7a5002fbf8c11068f479a6a8766e10a697ae34d9479d5e,2650,77.0,31.0,physical_only,-5.4054318894028494e-05,-0.0014681424232116606,-1.059095154946519e-05,0.00026434614575903293,-4.34633673445633e-05,-0.0017324885689706925
8,8,loading,0.95,07fbb6971ad1be9b0c7a5002fbf8c11068f479a6a8766e10a697ae34d9479d5e,2651,78.0,31.0,physical_only,-0.00013248858113771854,-0.0015864090922111992,-1.6900196449738368e-05,0.0005025332137943867,-0.00011558838468798018,-0.002088942306005587
8,8,loading,0.95,07fbb6971ad1be9b0c7a5002fbf8c11068f479a6a8766e10a697ae34d9479d5e,2652,79.0,31.0,physical_only,-0.0003034491342045443,0.0015079180414749802,-4.024340248189149e-05,0.0016298959248515264,-0.00026320573172265276,-0.00012197788337654433
8,8,loading,0.95,07fbb6971ad1be9b0c7a5002fbf8c11068f479a6a8766e10a697ae34d9479d5e,2653,80.0,31.0,physical_only,-0.0003989986250213644,0.03937191306300512,-0.0009200961184291913,0.027707797541740325,0.0005210974934078268,0.011664115521264796
8,8,loading,0.95,07fbb6971ad1be9b0c7a5002fbf8c11068f479a6a8766e10a697ae34d9479d5e,2718,62.0,32.0,physical_only,-7.2589938573735055e-06,-1.1067080868306444e-06,-3.303113941726144e-06,1.3602180407852435e-07,-3.955879915647361e-06,-1.2427298909091687e-06
8,8,loading,0.95,07fbb6971ad1be9b0c7a5002fbf8c11068f479a6a8766e10a697ae34d9479d5e,2719,63.0,32.0,interior,-0.0,-0.0,-0.0,-0.0,-0.0,-0.0
8,8,loading,0.95,07fbb6971ad1be9b0c7a5002fbf8c11068f479a6a8766e10a697ae34d9479d5e,2720,64.0,32.0,interior,-0.0,-0.0,-0.0,-0.0,-0.0,-0.0
8,8,loading,0.95,07fbb6971ad1be9b0c7a5002fbf8c11068f479a6a8766e10a697ae34d9479d5e,2721,65.0,32.0,interior,-0.0,-0.0,-0.0,-0.0,-0.0,-0.0
8,8,loading,0.95,07fbb6971ad1be9b0c7a5002fbf8c11068f479a6a8766e10a697ae34d9479d5e,2722,66.0,32.0,interior,-0.0,-0.0,-0.0,-0.0,-0.0,-0.0
8,8,loading,0.95,07fbb6971ad1be9b0c7a5002fbf8c11068f479a6a8766e10a697ae34d9479d5e,2723,67.0,32.0,interior,-0.0,-0.0,-0.0,-0.0,-0.0,-0.0
8,8,loading,0.95,07fbb6971ad1be9b0c7a5002fbf8c11068f479a6a8766e10a697ae34d9479d5e,2724,68.0,32.0,interior,-0.0,-0.0,-0.0,-0.0,-0.0,-0.0
8,8,loading,0.95,07fbb6971ad1be9b0c7a5002fbf8c11068f479a6a8766e10a697ae34d9479d5e,2725,69.0,32.0,interior,-0.0,-0.0,-0.0,-0.0,-0.0,-0.0
8,8,loading,0.95,07fbb6971ad1be9b0c7a5002fbf8c11068f479a6a8766e10a697ae34d9479d5e,2726,70.0,32.0,interior,-0.0,-0.0,-0.0,-0.0,-0.0,-0.0
8,8,loading,0.95,07fbb6971ad1be9b0c7a5002fbf8c11068f479a6a8766e10a697ae34d9479d5e,2727,71.0,32.0,interior,-0.0,-0.0,-0.0,-0.0,-0.0,-0.0
8,8,loading,0.95,07fbb6971ad1be9b0c7a5002fbf8c11068f479a6a8766e10a697ae34d9479d5e,2728,72.0,32.0,interior,-0.0,-0.0,-0.0,-0.0,-0.0,-0.0
8,8,loading,0.95,07fbb6971ad1be9b0c7a5002fbf8c11068f479a6a8766e10a697ae34d9479d5e,2729,73.0,32.0,interior,-0.0,-0.0,-0.0,-0.0,-0.0,-0.0
8,8,loading,0.95,07fbb6971ad1be9b0c7a5002fbf8c11068f479a6a8766e10a697ae34d9479d5e,2730,74.0,32.0,interior,-0.0,-0.0,-0.0,-0.0,-0.0,-0.0
8,8,loading,0.95,07fbb6971ad1be9b0c7a5002fbf8c11068f479a6a8766e10a697ae34d9479d5e,2731,75.0,32.0,interior,-0.0,-0.0,-0.0,-0.0,-0.0,-0.0
8,8,loading,0.95,07fbb6971ad1be9b0c7a5002fbf8c11068f479a6a8766e10a697ae34d9479d5e,2732,76.0,32.0,interior,-0.0,-0.0,-0.0,-0.0,-0.0,-0.0
8,8,loading,0.95,07fbb6971ad1be9b0c7a5002fbf8c11068f479a6a8766e10a697ae34d9479d5e,2733,77.0,32.0,interior,-0.0,-0.0,-0.0,-0.0,-0.0,-0.0
8,8,loading,0.95,07fbb6971ad1be9b0c7a5002fbf8c11068f479a6a8766e10a697ae34d9479d5e,2734,78.0,32.0,interior,-0.0,-0.0,-0.0,-0.0,-0.0,-0.0
8,8,loading,0.95,07fbb6971ad1be9b0c7a5002fbf8c11068f479a6a8766e10a697ae34d9479d5e,2735,79.0,32.0,interior,-0.0,-0.0,-0.0,-0.0,-0.0,-0.0
8,8,loading,0.95,07fbb6971ad1be9b0c7a5002fbf8c11068f479a6a8766e10a697ae34d9479d5e,2736,80.0,32.0,physical_only,4.456996362624059e-07,-5.0973362099445644e-08,2.996059216853543e-07,-1.7747265419535007e-06,1.4609371457705129e-07,1.7237531798540532e-06
8,8,loading,0.95,07fbb6971ad1be9b0c7a5002fbf8c11068f479a6a8766e10a697ae34d9479d5e,2801,62.0,33.0,physical_only,-5.913330962781849e-06,-7.219879578959608e-07,-3.525717664597789e-06,1.05935916016643e-07,-2.387613298184059e-06,-8.279238739126042e-07
8,8,loading,0.95,07fbb6971ad1be9b0c7a5002fbf8c11068f479a6a8766e10a697ae34d9479d5e,2802,63.0,33.0,interior,-0.0,-0.0,-0.0,-0.0,-0.0,-0.0
8,8,loading,0.95,07fbb6971ad1be9b0c7a5002fbf8c11068f479a6a8766e10a697ae34d9479d5e,2803,64.0,33.0,interior,-0.0,-0.0,-0.0,-0.0,-0.0,-0.0
8,8,loading,0.95,07fbb6971ad1be9b0c7a5002fbf8c11068f479a6a8766e10a697ae34d9479d5e,2804,65.0,33.0,interior,-0.0,-0.0,-0.0,-0.0,-0.0,-0.0
8,8,loading,0.95,07fbb6971ad1be9b0c7a5002fbf8c11068f479a6a8766e10a697ae34d9479d5e,2805,66.0,33.0,interior,-0.0,-0.0,-0.0,-0.0,-0.0,-0.0
8,8,loading,0.95,07fbb6971ad1be9b0c7a5002fbf8c11068f479a6a8766e10a697ae34d9479d5e,2806,67.0,33.0,interior,-0.0,-0.0,-0.0,-0.0,-0.0,-0.0
8,8,loading,0.95,07fbb6971ad1be9b0c7a5002fbf8c11068f479a6a8766e10a697ae34d9479d5e,2807,68.0,33.0,interior,-0.0,-0.0,-0.0,-0.0,-0.0,-0.0
8,8,loading,0.95,07fbb6971ad1be9b0c7a5002fbf8c11068f479a6a8766e10a697ae34d9479d5e,2808,69.0,33.0,interior,-0.0,-0.0,-0.0,-0.0,-0.0,-0.0
8,8,loading,0.95,07fbb6971ad1be9b0c7a5002fbf8c11068f479a6a8766e10a697ae34d9479d5e,2809,70.0,33.0,interior,-0.0,-0.0,-0.0,-0.0,-0.0,-0.0
8,8,loading,0.95,07fbb6971ad1be9b0c7a5002fbf8c11068f479a6a8766e10a697ae34d9479d5e,2810,71.0,33.0,interior,-0.0,-0.0,-0.0,-0.0,-0.0,-0.0
8,8,loading,0.95,07fbb6971ad1be9b0c7a5002fbf8c11068f479a6a8766e10a697ae34d9479d5e,2811,72.0,33.0,interior,-0.0,-0.0,-0.0,-0.0,-0.0,-0.0
8,8,loading,0.95,07fbb6971ad1be9b0c7a5002fbf8c11068f479a6a8766e10a697ae34d9479d5e,2812,73.0,33.0,interior,-0.0,-0.0,-0.0,-0.0,-0.0,-0.0
8,8,loading,0.95,07fbb6971ad1be9b0c7a5002fbf8c11068f479a6a8766e10a697ae34d9479d5e,2813,74.0,33.0,interior,-0.0,-0.0,-0.0,-0.0,-0.0,-0.0
8,8,loading,0.95,07fbb6971ad1be9b0c7a5002fbf8c11068f479a6a8766e10a697ae34d9479d5e,2814,75.0,33.0,interior,-0.0,-0.0,-0.0,-0.0,-0.0,-0.0
8,8,loading,0.95,07fbb6971ad1be9b0c7a5002fbf8c11068f479a6a8766e10a697ae34d9479d5e,2815,76.0,33.0,interior,-0.0,-0.0,-0.0,-0.0,-0.0,-0.0
8,8,loading,0.95,07fbb6971ad1be9b0c7a5002fbf8c11068f479a6a8766e10a697ae34d9479d5e,2816,77.0,33.0,interior,-0.0,-0.0,-0.0,-0.0,-0.0,-0.0
8,8,loading,0.95,07fbb6971ad1be9b0c7a5002fbf8c11068f479a6a8766e10a697ae34d9479d5e,2817,78.0,33.0,interior,-0.0,-0.0,-0.0,-0.0,-0.0,-0.0
8,8,loading,0.95,07fbb6971ad1be9b0c7a5002fbf8c11068f479a6a8766e10a697ae34d9479d5e,2818,79.0,33.0,interior,-0.0,-0.0,-0.0,-0.0,-0.0,-0.0
8,8,loading,0.95,07fbb6971ad1be9b0c7a5002fbf8c11068f479a6a8766e10a697ae34d9479d5e,2819,80.0,33.0,physical_only,4.3534488848088546e-07,-4.3699802127866423e-08,3.0231110844629807e-07,-1.5396795380941083e-06,1.330337800345873e-07,1.4959797359662363e-06
8,8,loading,0.95,07fbb6971ad1be9b0c7a5002fbf8c11068f479a6a8766e10a697ae34d9479d5e,2884,62.0,34.0,physical_only,-5.300627055739572e-06,-2.743641491071585e-07,-3.704219499890722e-06,8.704256674266643e-08,-1.596407555848849e-06,-3.614067158498249e-07
8,8,loading,0.95,07fbb6971ad1be9b0c7a5002fbf8c11068f479a6a8766e10a697ae34d9479d5e,2885,63.0,34.0,interior,-0.0,-0.0,-0.0,-0.0,-0.0,-0.0
8,8,loading,0.95,07fbb6971ad1be9b0c7a5002fbf8c11068f479a6a8766e10a697ae34d9479d5e,2886,64.0,34.0,interior,-0.0,-0.0,-0.0,-0.0,-0.0,-0.0
8,8,loading,0.95,07fbb6971ad1be9b0c7a5002fbf8c11068f479a6a8766e10a697ae34d9479d5e,2887,65.0,34.0,interior,-0.0,-0.0,-0.0,-0.0,-0.0,-0.0
8,8,loading,0.95,07fbb6971ad1be9b0c7a5002fbf8c11068f479a6a8766e10a697ae34d9479d5e,2888,66.0,34.0,interior,-0.0,-0.0,-0.0,-0.0,-0.0,-0.0
8,8,loading,0.95,07fbb6971ad1be9b0c7a5002fbf8c11068f479a6a8766e10a697ae34d9479d5e,2889,67.0,34.0,interior,-0.0,-0.0,-0.0,-0.0,-0.0,-0.0
8,8,loading,0.95,07fbb6971ad1be9b0c7a5002fbf8c11068f479a6a8766e10a697ae34d9479d5e,2890,68.0,34.0,interior,-0.0,-0.0,-0.0,-0.0,-0.0,-0.0
8,8,loading,0.95,07fbb6971ad1be9b0c7a5002fbf8c11068f479a6a8766e10a697ae34d9479d5e,2891,69.0,34.0,interior,-0.0,-0.0,-0.0,-0.0,-0.0,-0.0
8,8,loading,0.95,07fbb6971ad1be9b0c7a5002fbf8c11068f479a6a8766e10a697ae34d9479d5e,2892,70.0,34.0,interior,-0.0,-0.0,-0.0,-0.0,-0.0,-0.0
8,8,loading,0.95,07fbb6971ad1be9b0c7a5002fbf8c11068f479a6a8766e10a697ae34d9479d5e,2893,71.0,34.0,interior,-0.0,-0.0,-0.0,-0.0,-0.0,-0.0
8,8,loading,0.95,07fbb6971ad1be9b0c7a5002fbf8c11068f479a6a8766e10a697ae34d9479d5e,2894,72.0,34.0,interior,-0.0,-0.0,-0.0,-0.0,-0.0,-0.0
8,8,loading,0.95,07fbb6971ad1be9b0c7a5002fbf8c11068f479a6a8766e10a697ae34d9479d5e,2895,73.0,34.0,interior,-0.0,-0.0,-0.0,-0.0,-0.0,-0.0
8,8,loading,0.95,07fbb6971ad1be9b0c7a5002fbf8c11068f479a6a8766e10a697ae34d9479d5e,2896,74.0,34.0,interior,-0.0,-0.0,-0.0,-0.0,-0.0,-0.0
8,8,loading,0.95,07fbb6971ad1be9b0c7a5002fbf8c11068f479a6a8766e10a697ae34d9479d5e,2897,75.0,34.0,interior,-0.0,-0.0,-0.0,-0.0,-0.0,-0.0
8,8,loading,0.95,07fbb6971ad1be9b0c7a5002fbf8c11068f479a6a8766e10a697ae34d9479d5e,2898,76.0,34.0,interior,-0.0,-0.0,-0.0,-0.0,-0.0,-0.0
8,8,loading,0.95,07fbb6971ad1be9b0c7a5002fbf8c11068f479a6a8766e10a697ae34d9479d5e,2899,77.0,34.0,interior,-0.0,-0.0,-0.0,-0.0,-0.0,-0.0
8,8,loading,0.95,07fbb6971ad1be9b0c7a5002fbf8c11068f479a6a8766e10a697ae34d9479d5e,2900,78.0,34.0,interior,-0.0,-0.0,-0.0,-0.0,-0.0,-0.0
8,8,loading,0.95,07fbb6971ad1be9b0c7a5002fbf8c11068f479a6a8766e10a697ae34d9479d5e,2901,79.0,34.0,interior,-0.0,-0.0,-0.0,-0.0,-0.0,-0.0
8,8,loading,0.95,07fbb6971ad1be9b0c7a5002fbf8c11068f479a6a8766e10a697ae34d9479d5e,2902,80.0,34.0,physical_only,4.2641660385686556e-07,-3.681258344089401e-08,3.0440411862655494e-07,-1.3099464990036026e-06,1.2201248523031051e-07,1.2731339155627069e-06
8,8,loading,0.95,07fbb6971ad1be9b0c7a5002fbf8c11068f479a6a8766e10a697ae34d9479d5e,2967,62.0,35.0,physical_only,-5.149216351852007e-06,6.047625372649427e-08,-3.85123904519226e-06,7.388210649172014e-08,-1.297977306659747e-06,-1.3405852765225817e-08
8,8,loading,0.95,07fbb6971ad1be9b0c7a5002fbf8c11068f479a6a8766e10a697ae34d9479d5e,2968,63.0,35.0,interior,-0.0,-0.0,-0.0,-0.0,-0.0,-0.0
8,8,loading,0.95,07fbb6971ad1be9b0c7a5002fbf8c11068f479a6a8766e10a697ae34d9479d5e,2969,64.0,35.0,interior,-0.0,-0.0,-0.0,-0.0,-0.0,-0.0
8,8,loading,0.95,07fbb6971ad1be9b0c7a5002fbf8c11068f479a6a8766e10a697ae34d9479d5e,2970,65.0,35.0,interior,-0.0,-0.0,-0.0,-0.0,-0.0,-0.0
8,8,loading,0.95,07fbb6971ad1be9b0c7a5002fbf8c11068f479a6a8766e10a697ae34d9479d5e,2971,66.0,35.0,interior,-0.0,-0.0,-0.0,-0.0,-0.0,-0.0
8,8,loading,0.95,07fbb6971ad1be9b0c7a5002fbf8c11068f479a6a8766e10a697ae34d9479d5e,2972,67.0,35.0,interior,-0.0,-0.0,-0.0,-0.0,-0.0,-0.0
8,8,loading,0.95,07fbb6971ad1be9b0c7a5002fbf8c11068f479a6a8766e10a697ae34d9479d5e,2973,68.0,35.0,interior,-0.0,-0.0,-0.0,-0.0,-0.0,-0.0
8,8,loading,0.95,07fbb6971ad1be9b0c7a5002fbf8c11068f479a6a8766e10a697ae34d9479d5e,2974,69.0,35.0,interior,-0.0,-0.0,-0.0,-0.0,-0.0,-0.0
8,8,loading,0.95,07fbb6971ad1be9b0c7a5002fbf8c11068f479a6a8766e10a697ae34d9479d5e,2975,70.0,35.0,interior,-0.0,-0.0,-0.0,-0.0,-0.0,-0.0
8,8,loading,0.95,07fbb6971ad1be9b0c7a5002fbf8c11068f479a6a8766e10a697ae34d9479d5e,2976,71.0,35.0,interior,-0.0,-0.0,-0.0,-0.0,-0.0,-0.0
8,8,loading,0.95,07fbb6971ad1be9b0c7a5002fbf8c11068f479a6a8766e10a697ae34d9479d5e,2977,72.0,35.0,interior,-0.0,-0.0,-0.0,-0.0,-0.0,-0.0
8,8,loading,0.95,07fbb6971ad1be9b0c7a5002fbf8c11068f479a6a8766e10a697ae34d9479d5e,2978,73.0,35.0,interior,-0.0,-0.0,-0.0,-0.0,-0.0,-0.0
8,8,loading,0.95,07fbb6971ad1be9b0c7a5002fbf8c11068f479a6a8766e10a697ae34d9479d5e,2979,74.0,35.0,interior,-0.0,-0.0,-0.0,-0.0,-0.0,-0.0
8,8,loading,0.95,07fbb6971ad1be9b0c7a5002fbf8c11068f479a6a8766e10a697ae34d9479d5e,2980,75.0,35.0,interior,-0.0,-0.0,-0.0,-0.0,-0.0,-0.0
8,8,loading,0.95,07fbb6971ad1be9b0c7a5002fbf8c11068f479a6a8766e10a697ae34d9479d5e,2981,76.0,35.0,interior,-0.0,-0.0,-0.0,-0.0,-0.0,-0.0
8,8,loading,0.95,07fbb6971ad1be9b0c7a5002fbf8c11068f479a6a8766e10a697ae34d9479d5e,2982,77.0,35.0,interior,-0.0,-0.0,-0.0,-0.0,-0.0,-0.0
8,8,loading,0.95,07fbb6971ad1be9b0c7a5002fbf8c11068f479a6a8766e10a697ae34d9479d5e,2983,78.0,35.0,interior,-0.0,-0.0,-0.0,-0.0,-0.0,-0.0
8,8,loading,0.95,07fbb6971ad1be9b0c7a5002fbf8c11068f479a6a8766e10a697ae34d9479d5e,2984,79.0,35.0,interior,-0.0,-0.0,-0.0,-0.0,-0.0,-0.0
8,8,loading,0.95,07fbb6971ad1be9b0c7a5002fbf8c11068f479a6a8766e10a697ae34d9479d5e,2985,80.0,35.0,physical_only,4.188972997149974e-07,-3.023720360823456e-08,3.0599601139914357e-07,-1.0847462715179511e-06,1.129012883158538e-07,1.0545090679097005e-06
8,8,loading,0.95,07fbb6971ad1be9b0c7a5002fbf8c11068f479a6a8766e10a697ae34d9479d5e,3050,62.0,36.0,physical_only,-5.228045434608295e-06,2.2261115289943486e-07,-3.97231054952019e-06,6.212913161741577e-08,-1.2557348850881049e-06,1.6048202128201913e-07
8,8,loading,0.95,07fbb6971ad1be9b0c7a5002fbf8c11068f479a6a8766e10a697ae34d9479d5e,3051,63.0,36.0,interior,-0.0,-0.0,-0.0,-0.0,-0.0,-0.0
8,8,loading,0.95,07fbb6971ad1be9b0c7a5002fbf8c11068f479a6a8766e10a697ae34d9479d5e,3052,64.0,36.0,interior,-0.0,-0.0,-0.0,-0.0,-0.0,-0.0
8,8,loading,0.95,07fbb6971ad1be9b0c7a5002fbf8c11068f479a6a8766e10a697ae34d9479d5e,3053,65.0,36.0,interior,-0.0,-0.0,-0.0,-0.0,-0.0,-0.0
8,8,loading,0.95,07fbb6971ad1be9b0c7a5002fbf8c11068f479a6a8766e10a697ae34d9479d5e,3054,66.0,36.0,interior,-0.0,-0.0,-0.0,-0.0,-0.0,-0.0
8,8,loading,0.95,07fbb6971ad1be9b0c7a5002fbf8c11068f479a6a8766e10a697ae34d9479d5e,3055,67.0,36.0,interior,-0.0,-0.0,-0.0,-0.0,-0.0,-0.0
8,8,loading,0.95,07fbb6971ad1be9b0c7a5002fbf8c11068f479a6a8766e10a697ae34d9479d5e,3056,68.0,36.0,interior,-0.0,-0.0,-0.0,-0.0,-0.0,-0.0
8,8,loading,0.95,07fbb6971ad1be9b0c7a5002fbf8c11068f479a6a8766e10a697ae34d9479d5e,3057,69.0,36.0,interior,-0.0,-0.0,-0.0,-0.0,-0.0,-0.0
8,8,loading,0.95,07fbb6971ad1be9b0c7a5002fbf8c11068f479a6a8766e10a697ae34d9479d5e,3058,70.0,36.0,interior,-0.0,-0.0,-0.0,-0.0,-0.0,-0.0
8,8,loading,0.95,07fbb6971ad1be9b0c7a5002fbf8c11068f479a6a8766e10a697ae34d9479d5e,3059,71.0,36.0,interior,-0.0,-0.0,-0.0,-0.0,-0.0,-0.0
8,8,loading,0.95,07fbb6971ad1be9b0c7a5002fbf8c11068f479a6a8766e10a697ae34d9479d5e,3060,72.0,36.0,interior,-0.0,-0.0,-0.0,-0.0,-0.0,-0.0
8,8,loading,0.95,07fbb6971ad1be9b0c7a5002fbf8c11068f479a6a8766e10a697ae34d9479d5e,3061,73.0,36.0,interior,-0.0,-0.0,-0.0,-0.0,-0.0,-0.0
8,8,loading,0.95,07fbb6971ad1be9b0c7a5002fbf8c11068f479a6a8766e10a697ae34d9479d5e,3062,74.0,36.0,interior,-0.0,-0.0,-0.0,-0.0,-0.0,-0.0
8,8,loading,0.95,07fbb6971ad1be9b0c7a5002fbf8c11068f479a6a8766e10a697ae34d9479d5e,3063,75.0,36.0,interior,-0.0,-0.0,-0.0,-0.0,-0.0,-0.0
8,8,loading,0.95,07fbb6971ad1be9b0c7a5002fbf8c11068f479a6a8766e10a697ae34d9479d5e,3064,76.0,36.0,interior,-0.0,-0.0,-0.0,-0.0,-0.0,-0.0
8,8,loading,0.95,07fbb6971ad1be9b0c7a5002fbf8c11068f479a6a8766e10a697ae34d9479d5e,3065,77.0,36.0,interior,-0.0,-0.0,-0.0,-0.0,-0.0,-0.0
8,8,loading,0.95,07fbb6971ad1be9b0c7a5002fbf8c11068f479a6a8766e10a697ae34d9479d5e,3066,78.0,36.0,interior,-0.0,-0.0,-0.0,-0.0,-0.0,-0.0
8,8,loading,0.95,07fbb6971ad1be9b0c7a5002fbf8c11068f479a6a8766e10a697ae34d9479d5e,3067,79.0,36.0,interior,-0.0,-0.0,-0.0,-0.0,-0.0,-0.0
8,8,loading,0.95,07fbb6971ad1be9b0c7a5002fbf8c11068f479a6a8766e10a697ae34d9479d5e,3068,80.0,36.0,physical_only,4.1277038133497497e-07,-2.3909226211759195e-08,3.071782305077044e-07,-8.633073422176679e-07,1.0559215082727056e-07,8.393981160059109e-07
8,8,loading,0.95,07fbb6971ad1be9b0c7a5002fbf8c11068f479a6a8766e10a697ae34d9479d5e,3133,62.0,37.0,physical_only,-5.368586764669029e-06,2.507194186169804e-07,-4.0684858389138255e-06,4.9225936539281366e-08,-1.300100925755204e-06,2.0149348207769899e-07
8,8,loading,0.95,07fbb6971ad1be9b0c7a5002fbf8c11068f479a6a8766e10a697ae34d9479d5e,3134,63.0,37.0,interior,-0.0,-0.0,-0.0,-0.0,-0.0,-0.0
8,8,loading,0.95,07fbb6971ad1be9b0c7a5002fbf8c11068f479a6a8766e10a697ae34d9479d5e,3135,64.0,37.0,interior,-0.0,-0.0,-0.0,-0.0,-0.0,-0.0
8,8,loading,0.95,07fbb6971ad1be9b0c7a5002fbf8c11068f479a6a8766e10a697ae34d9479d5e,3136,65.0,37.0,interior,-0.0,-0.0,-0.0,-0.0,-0.0,-0.0
8,8,loading,0.95,07fbb6971ad1be9b0c7a5002fbf8c11068f479a6a8766e10a697ae34d9479d5e,3137,66.0,37.0,interior,-0.0,-0.0,-0.0,-0.0,-0.0,-0.0
8,8,loading,0.95,07fbb6971ad1be9b0c7a5002fbf8c11068f479a6a8766e10a697ae34d9479d5e,3138,67.0,37.0,interior,-0.0,-0.0,-0.0,-0.0,-0.0,-0.0
8,8,loading,0.95,07fbb6971ad1be9b0c7a5002fbf8c11068f479a6a8766e10a697ae34d9479d5e,3139,68.0,37.0,interior,-0.0,-0.0,-0.0,-0.0,-0.0,-0.0
8,8,loading,0.95,07fbb6971ad1be9b0c7a5002fbf8c11068f479a6a8766e10a697ae34d9479d5e,3140,69.0,37.0,interior,-0.0,-0.0,-0.0,-0.0,-0.0,-0.0
8,8,loading,0.95,07fbb6971ad1be9b0c7a5002fbf8c11068f479a6a8766e10a697ae34d9479d5e,3141,70.0,37.0,interior,-0.0,-0.0,-0.0,-0.0,-0.0,-0.0
8,8,loading,0.95,07fbb6971ad1be9b0c7a5002fbf8c11068f479a6a8766e10a697ae34d9479d5e,3142,71.0,37.0,interior,-0.0,-0.0,-0.0,-0.0,-0.0,-0.0
8,8,loading,0.95,07fbb6971ad1be9b0c7a5002fbf8c11068f479a6a8766e10a697ae34d9479d5e,3143,72.0,37.0,interior,-0.0,-0.0,-0.0,-0.0,-0.0,-0.0
8,8,loading,0.95,07fbb6971ad1be9b0c7a5002fbf8c11068f479a6a8766e10a697ae34d9479d5e,3144,73.0,37.0,interior,-0.0,-0.0,-0.0,-0.0,-0.0,-0.0
8,8,loading,0.95,07fbb6971ad1be9b0c7a5002fbf8c11068f479a6a8766e10a697ae34d9479d5e,3145,74.0,37.0,interior,-0.0,-0.0,-0.0,-0.0,-0.0,-0.0
8,8,loading,0.95,07fbb6971ad1be9b0c7a5002fbf8c11068f479a6a8766e10a697ae34d9479d5e,3146,75.0,37.0,interior,-0.0,-0.0,-0.0,-0.0,-0.0,-0.0
8,8,loading,0.95,07fbb6971ad1be9b0c7a5002fbf8c11068f479a6a8766e10a697ae34d9479d5e,3147,76.0,37.0,interior,-0.0,-0.0,-0.0,-0.0,-0.0,-0.0
8,8,loading,0.95,07fbb6971ad1be9b0c7a5002fbf8c11068f479a6a8766e10a697ae34d9479d5e,3148,77.0,37.0,interior,-0.0,-0.0,-0.0,-0.0,-0.0,-0.0
8,8,loading,0.95,07fbb6971ad1be9b0c7a5002fbf8c11068f479a6a8766e10a697ae34d9479d5e,3149,78.0,37.0,interior,-0.0,-0.0,-0.0,-0.0,-0.0,-0.0
8,8,loading,0.95,07fbb6971ad1be9b0c7a5002fbf8c11068f479a6a8766e10a697ae34d9479d5e,3150,79.0,37.0,interior,-0.0,-0.0,-0.0,-0.0,-0.0,-0.0
8,8,loading,0.95,07fbb6971ad1be9b0c7a5002fbf8c11068f479a6a8766e10a697ae34d9479d5e,3151,80.0,37.0,physical_only,4.0802121321074024e-07,-1.7771583819497605e-08,3.0802387606765205e-07,-6.448666751720009e-07,9.999733714308821e-08,6.270950913525025e-07
8,8,loading,0.95,07fbb6971ad1be9b0c7a5002fbf8c11068f479a6a8766e10a697ae34d9479d5e,3216,62.0,38.0,physical_only,-5.489925296856773e-06,1.9639290929828196e-07,-4.138732710597684e-06,3.432433261279583e-08,-1.3511925862590886e-06,1.6206857668548623e-07
8,8,loading,0.95,07fbb6971ad1be9b0c7a5002fbf8c11068f479a6a8766e10a697ae34d9479d5e,3217,63.0,38.0,interior,-0.0,-0.0,-0.0,-0.0,-0.0,-0.0
8,8,loading,0.95,07fbb6971ad1be9b0c7a5002fbf8c11068f479a6a8766e10a697ae34d9479d5e,3218,64.0,38.0,interior,-0.0,-0.0,-0.0,-0.0,-0.0,-0.0
8,8,loading,0.95,07fbb6971ad1be9b0c7a5002fbf8c11068f479a6a8766e10a697ae34d9479d5e,3219,65.0,38.0,interior,-0.0,-0.0,-0.0,-0.0,-0.0,-0.0
8,8,loading,0.95,07fbb6971ad1be9b0c7a5002fbf8c11068f479a6a8766e10a697ae34d9479d5e,3220,66.0,38.0,interior,-0.0,-0.0,-0.0,-0.0,-0.0,-0.0
8,8,loading,0.95,07fbb6971ad1be9b0c7a5002fbf8c11068f479a6a8766e10a697ae34d9479d5e,3221,67.0,38.0,interior,-0.0,-0.0,-0.0,-0.0,-0.0,-0.0
8,8,loading,0.95,07fbb6971ad1be9b0c7a5002fbf8c11068f479a6a8766e10a697ae34d9479d5e,3222,68.0,38.0,interior,-0.0,-0.0,-0.0,-0.0,-0.0,-0.0
8,8,loading,0.95,07fbb6971ad1be9b0c7a5002fbf8c11068f479a6a8766e10a697ae34d9479d5e,3223,69.0,38.0,interior,-0.0,-0.0,-0.0,-0.0,-0.0,-0.0
8,8,loading,0.95,07fbb6971ad1be9b0c7a5002fbf8c11068f479a6a8766e10a697ae34d9479d5e,3224,70.0,38.0,interior,-0.0,-0.0,-0.0,-0.0,-0.0,-0.0
8,8,loading,0.95,07fbb6971ad1be9b0c7a5002fbf8c11068f479a6a8766e10a697ae34d9479d5e,3225,71.0,38.0,interior,-0.0,-0.0,-0.0,-0.0,-0.0,-0.0
8,8,loading,0.95,07fbb6971ad1be9b0c7a5002fbf8c11068f479a6a8766e10a697ae34d9479d5e,3226,72.0,38.0,interior,-0.0,-0.0,-0.0,-0.0,-0.0,-0.0
8,8,loading,0.95,07fbb6971ad1be9b0c7a5002fbf8c11068f479a6a8766e10a697ae34d9479d5e,3227,73.0,38.0,interior,-0.0,-0.0,-0.0,-0.0,-0.0,-0.0
8,8,loading,0.95,07fbb6971ad1be9b0c7a5002fbf8c11068f479a6a8766e10a697ae34d9479d5e,3228,74.0,38.0,interior,-0.0,-0.0,-0.0,-0.0,-0.0,-0.0
8,8,loading,0.95,07fbb6971ad1be9b0c7a5002fbf8c11068f479a6a8766e10a697ae34d9479d5e,3229,75.0,38.0,interior,-0.0,-0.0,-0.0,-0.0,-0.0,-0.0
8,8,loading,0.95,07fbb6971ad1be9b0c7a5002fbf8c11068f479a6a8766e10a697ae34d9479d5e,3230,76.0,38.0,interior,-0.0,-0.0,-0.0,-0.0,-0.0,-0.0
8,8,loading,0.95,07fbb6971ad1be9b0c7a5002fbf8c11068f479a6a8766e10a697ae34d9479d5e,3231,77.0,38.0,interior,-0.0,-0.0,-0.0,-0.0,-0.0,-0.0
8,8,loading,0.95,07fbb6971ad1be9b0c7a5002fbf8c11068f479a6a8766e10a697ae34d9479d5e,3232,78.0,38.0,interior,-0.0,-0.0,-0.0,-0.0,-0.0,-0.0
8,8,loading,0.95,07fbb6971ad1be9b0c7a5002fbf8c11068f479a6a8766e10a697ae34d9479d5e,3233,79.0,38.0,interior,-0.0,-0.0,-0.0,-0.0,-0.0,-0.0
8,8,loading,0.95,07fbb6971ad1be9b0c7a5002fbf8c11068f479a6a8766e10a697ae34d9479d5e,3234,80.0,38.0,physical_only,4.0463783090875663e-07,-1.1772513215679327e-08,3.085887393148017e-07,-4.2866829446030745e-07,9.604909159395486e-08,4.1689578124462907e-07
8,8,loading,0.95,07fbb6971ad1be9b0c7a5002fbf8c11068f479a6a8766e10a697ae34d9479d5e,3299,62.0,39.0,physical_only,-5.563149335367017e-06,1.0414856558475097e-07,-4.181595268469253e-06,1.7654359429931464e-08,-1.381554066897764e-06,8.649420615481961e-08
8,8,loading,0.95,07fbb6971ad1be9b0c7a5002fbf8c11068f479a6a8766e10a697ae34d9479d5e,3300,63.0,39.0,interior,-0.0,-0.0,-0.0,-0.0,-0.0,-0.0
8,8,loading,0.95,07fbb6971ad1be9b0c7a5002fbf8c11068f479a6a8766e10a697ae34d9479d5e,3301,64.0,39.0,interior,-0.0,-0.0,-0.0,-0.0,-0.0,-0.0
8,8,loading,0.95,07fbb6971ad1be9b0c7a5002fbf8c11068f479a6a8766e10a697ae34d9479d5e,3302,65.0,39.0,interior,-0.0,-0.0,-0.0,-0.0,-0.0,-0.0
8,8,loading,0.95,07fbb6971ad1be9b0c7a5002fbf8c11068f479a6a8766e10a697ae34d9479d5e,3303,66.0,39.0,interior,-0.0,-0.0,-0.0,-0.0,-0.0,-0.0
8,8,loading,0.95,07fbb6971ad1be9b0c7a5002fbf8c11068f479a6a8766e10a697ae34d9479d5e,3304,67.0,39.0,interior,-0.0,-0.0,-0.0,-0.0,-0.0,-0.0
8,8,loading,0.95,07fbb6971ad1be9b0c7a5002fbf8c11068f479a6a8766e10a697ae34d9479d5e,3305,68.0,39.0,interior,-0.0,-0.0,-0.0,-0.0,-0.0,-0.0
8,8,loading,0.95,07fbb6971ad1be9b0c7a5002fbf8c11068f479a6a8766e10a697ae34d9479d5e,3306,69.0,39.0,interior,-0.0,-0.0,-0.0,-0.0,-0.0,-0.0
8,8,loading,0.95,07fbb6971ad1be9b0c7a5002fbf8c11068f479a6a8766e10a697ae34d9479d5e,3307,70.0,39.0,interior,-0.0,-0.0,-0.0,-0.0,-0.0,-0.0
8,8,loading,0.95,07fbb6971ad1be9b0c7a5002fbf8c11068f479a6a8766e10a697ae34d9479d5e,3308,71.0,39.0,interior,-0.0,-0.0,-0.0,-0.0,-0.0,-0.0
8,8,loading,0.95,07fbb6971ad1be9b0c7a5002fbf8c11068f479a6a8766e10a697ae34d9479d5e,3309,72.0,39.0,interior,-0.0,-0.0,-0.0,-0.0,-0.0,-0.0
8,8,loading,0.95,07fbb6971ad1be9b0c7a5002fbf8c11068f479a6a8766e10a697ae34d9479d5e,3310,73.0,39.0,interior,-0.0,-0.0,-0.0,-0.0,-0.0,-0.0
8,8,loading,0.95,07fbb6971ad1be9b0c7a5002fbf8c11068f479a6a8766e10a697ae34d9479d5e,3311,74.0,39.0,interior,-0.0,-0.0,-0.0,-0.0,-0.0,-0.0
8,8,loading,0.95,07fbb6971ad1be9b0c7a5002fbf8c11068f479a6a8766e10a697ae34d9479d5e,3312,75.0,39.0,interior,-0.0,-0.0,-0.0,-0.0,-0.0,-0.0
8,8,loading,0.95,07fbb6971ad1be9b0c7a5002fbf8c11068f479a6a8766e10a697ae34d9479d5e,3313,76.0,39.0,interior,-0.0,-0.0,-0.0,-0.0,-0.0,-0.0
8,8,loading,0.95,07fbb6971ad1be9b0c7a5002fbf8c11068f479a6a8766e10a697ae34d9479d5e,3314,77.0,39.0,interior,-0.0,-0.0,-0.0,-0.0,-0.0,-0.0
8,8,loading,0.95,07fbb6971ad1be9b0c7a5002fbf8c11068f479a6a8766e10a697ae34d9479d5e,3315,78.0,39.0,interior,-0.0,-0.0,-0.0,-0.0,-0.0,-0.0
8,8,loading,0.95,07fbb6971ad1be9b0c7a5002fbf8c11068f479a6a8766e10a697ae34d9479d5e,3316,79.0,39.0,interior,-0.0,-0.0,-0.0,-0.0,-0.0,-0.0
8,8,loading,0.95,07fbb6971ad1be9b0c7a5002fbf8c11068f479a6a8766e10a697ae34d9479d5e,3317,80.0,39.0,physical_only,4.0261140622635716e-07,-5.863916358756773e-09,3.0891210288363163e-07,-2.1396167544304437e-07,9.369930334272557e-08,2.0809775908429057e-07
8,8,loading,0.95,07fbb6971ad1be9b0c7a5002fbf8c11068f479a6a8766e10a697ae34d9479d5e,3382,62.0,40.0,physical_and_cut,-2.7933648566166906e-06,-1.8626702460534072e-06,-2.098003929192769e-06,-9.550491065368952e-07,-6.953609274239216e-07,-9.076211395165119e-07
8,8,loading,0.95,07fbb6971ad1be9b0c7a5002fbf8c11068f479a6a8766e10a697ae34d9479d5e,3383,63.0,40.0,cut_only,-0.0,-0.0,-0.0,-0.0,-0.0,-0.0
8,8,loading,0.95,07fbb6971ad1be9b0c7a5002fbf8c11068f479a6a8766e10a697ae34d9479d5e,3384,64.0,40.0,cut_only,-0.0,-0.0,-0.0,-0.0,-0.0,-0.0
8,8,loading,0.95,07fbb6971ad1be9b0c7a5002fbf8c11068f479a6a8766e10a697ae34d9479d5e,3385,65.0,40.0,cut_only,-0.0,-0.0,-0.0,-0.0,-0.0,-0.0
8,8,loading,0.95,07fbb6971ad1be9b0c7a5002fbf8c11068f479a6a8766e10a697ae34d9479d5e,3386,66.0,40.0,cut_only,-0.0,-0.0,-0.0,-0.0,-0.0,-0.0
8,8,loading,0.95,07fbb6971ad1be9b0c7a5002fbf8c11068f479a6a8766e10a697ae34d9479d5e,3387,67.0,40.0,cut_only,-0.0,-0.0,-0.0,-0.0,-0.0,-0.0
8,8,loading,0.95,07fbb6971ad1be9b0c7a5002fbf8c11068f479a6a8766e10a697ae34d9479d5e,3388,68.0,40.0,cut_only,-0.0,-0.0,-0.0,-0.0,-0.0,-0.0
8,8,loading,0.95,07fbb6971ad1be9b0c7a5002fbf8c11068f479a6a8766e10a697ae34d9479d5e,3389,69.0,40.0,cut_only,-0.0,-0.0,-0.0,-0.0,-0.0,-0.0
8,8,loading,0.95,07fbb6971ad1be9b0c7a5002fbf8c11068f479a6a8766e10a697ae34d9479d5e,3390,70.0,40.0,cut_only,-0.0,-0.0,-0.0,-0.0,-0.0,-0.0
8,8,loading,0.95,07fbb6971ad1be9b0c7a5002fbf8c11068f479a6a8766e10a697ae34d9479d5e,3391,71.0,40.0,cut_only,-0.0,-0.0,-0.0,-0.0,-0.0,-0.0
8,8,loading,0.95,07fbb6971ad1be9b0c7a5002fbf8c11068f479a6a8766e10a697ae34d9479d5e,3392,72.0,40.0,cut_only,-0.0,-0.0,-0.0,-0.0,-0.0,-0.0
8,8,loading,0.95,07fbb6971ad1be9b0c7a5002fbf8c11068f479a6a8766e10a697ae34d9479d5e,3393,73.0,40.0,cut_only,-0.0,-0.0,-0.0,-0.0,-0.0,-0.0
8,8,loading,0.95,07fbb6971ad1be9b0c7a5002fbf8c11068f479a6a8766e10a697ae34d9479d5e,3394,74.0,40.0,cut_only,-0.0,-0.0,-0.0,-0.0,-0.0,-0.0
8,8,loading,0.95,07fbb6971ad1be9b0c7a5002fbf8c11068f479a6a8766e10a697ae34d9479d5e,3395,75.0,40.0,cut_only,-0.0,-0.0,-0.0,-0.0,-0.0,-0.0
8,8,loading,0.95,07fbb6971ad1be9b0c7a5002fbf8c11068f479a6a8766e10a697ae34d9479d5e,3396,76.0,40.0,cut_only,-0.0,-0.0,-0.0,-0.0,-0.0,-0.0
8,8,loading,0.95,07fbb6971ad1be9b0c7a5002fbf8c11068f479a6a8766e10a697ae34d9479d5e,3397,77.0,40.0,cut_only,-0.0,-0.0,-0.0,-0.0,-0.0,-0.0
8,8,loading,0.95,07fbb6971ad1be9b0c7a5002fbf8c11068f479a6a8766e10a697ae34d9479d5e,3398,78.0,40.0,cut_only,-0.0,-0.0,-0.0,-0.0,-0.0,-0.0
8,8,loading,0.95,07fbb6971ad1be9b0c7a5002fbf8c11068f479a6a8766e10a697ae34d9479d5e,3399,79.0,40.0,cut_only,-0.0,-0.0,-0.0,-0.0,-0.0,-0.0
8,8,loading,0.95,07fbb6971ad1be9b0c7a5002fbf8c11068f479a6a8766e10a697ae34d9479d5e,3400,80.0,40.0,physical_and_cut,2.0096826857373917e-07,5.956376349095706e-05,1.5450865482961034e-07,-1.6858009107735608e-07,4.645961374412884e-08,5.9732343582034416e-05
9,9,loading,1.0,1db8f2c0780a513f615b9ee0ccdb4b784cf1f6a6d9f6262afd6091a3283ae236,2635,62.0,31.0,physical_only,-0.00043696499787856263,-7.52984617952975e-05,-5.6172187059525535e-06,6.356060097842994e-06,-0.0004313477791726101,-8.165452189314051e-05
9,9,loading,1.0,1db8f2c0780a513f615b9ee0ccdb4b784cf1f6a6d9f6262afd6091a3283ae236,2636,63.0,31.0,physical_only,-1.8963452178512156e-06,-6.201571837713074e-05,-3.1208062686364234e-06,7.385793287607851e-06,1.2244610507852078e-06,-6.94015116647386e-05
9,9,loading,1.0,1db8f2c0780a513f615b9ee0ccdb4b784cf1f6a6d9f6262afd6091a3283ae236,2637,64.0,31.0,physical_only,3.5445570460034815e-07,-8.20329439451974e-05,-3.1927511845217178e-06,9.542985330992428e-06,3.5472068891220655e-06,-9.157592927618984e-05
9,9,loading,1.0,1db8f2c0780a513f615b9ee0ccdb4b784cf1f6a6d9f6262afd6091a3283ae236,2638,65.0,31.0,physical_only,1.052289477525373e-06,-0.00011103866615450362,-3.2830108095557873e-06,1.2029693214070652e-05,4.335300287081161e-06,-0.00012306835936857423
9,9,loading,1.0,1db8f2c0780a513f615b9ee0ccdb4b784cf1f6a6d9f6262afd6091a3283ae236,2639,66.0,31.0,physical_only,-8.821952243638348e-08,-0.00014703922619073299,-3.3938740682382862e-06,1.4953263948264288e-05,3.3056545458019006e-06,-0.00016199249013899733
9,9,loading,1.0,1db8f2c0780a513f615b9ee0ccdb4b784cf1f6a6d9f6262afd6091a3283ae236,2640,67.0,31.0,physical_only,-2.692916550542694e-06,-0.000188962471506126,-3.5238693316427054e-06,1.844504226991986e-05,8.309527811000125e-07,-0.00020740751377604585
9,9,loading,1.0,1db8f2c0780a513f615b9ee0ccdb4b784cf1f6a6d9f6262afd6091a3283ae236,2641,68.0,31.0,physical_only,-3.4257830062199108e-06,-0.00023975515994290508,-3.6744939104310494e-06,2.2672875920462934e-05,2.487109042111378e-07,-0.00026242803586336814
9,9,loading,1.0,1db8f2c0780a513f615b9ee0ccdb4b784cf1f6a6d9f6262afd6091a3283ae236,2642,69.0,31.0,physical_only,-4.675142877051636e-06,-0.00030337155413401643,-3.851028726488494e-06,2.7868851369070683e-05,-8.241141505631415e-07,-0.00033124040550308684
9,9,loading,1.0,1db8f2c0780a513f615b9ee0ccdb4b784cf1f6a6d9f6262afd6091a3283ae236,2643,70.0,31.0,physical_only,-6.354367047839529e-06,-0.0003807860455291047,-4.063244568138971e-06,3.437163709346036e-05,-2.2911224797005546e-06,-0.0004151576826225652
9,9,loading,1.0,1db8f2c0780a513f615b9ee0ccdb4b784cf1f6a6d9f6262afd6091a3283ae236,2644,71.0,31.0,physical_only,-8.422134530635047e-06,-0.0004741344910605286,-4.325107946659646e-06,4.26914670999398e-05,-4.097026583975401e-06,-0.0005168259581604688
9,9,loading,1.0,1db8f2c0780a513f615b9ee0ccdb4b784cf1f6a6d9f6262afd6091a3283ae236,2645,72.0,31.0,physical_only,-1.0623490894328636e-05,-0.0005856296833700856,-4.6585914362257745e-06,5.3630617227116246e-05,-5.964899458102862e-06,-0.0006392603005972016
9,9,loading,1.0,1db8f2c0780a513f615b9ee0ccdb4b784cf1f6a6d9f6262afd6091a3283ae236,2646,73.0,31.0,physical_only,-1.2407673443520284e-05,-0.0007176125389428234,-5.099979935617793e-06,6.85203975535972e-05,-7.3076935079024905e-06,-0.0007861329364964205
9,9,loading,1.0,1db8f2c0780a513f615b9ee0ccdb4b784cf1f6a6d9f6262afd6091a3283ae236,2647,74.0,31.0,physical_only,-1.1605346178658613e-05,-0.0008751088450379791,-5.714580467338998e-06,8.973409628533312e-05,-5.8907657113196146e-06,-0.0009648429413233123
9,9,loading,1.0,1db8f2c0780a513f615b9ee0ccdb4b784cf1f6a6d9f6262afd6091a3283ae236,2648,75.0,31.0,physical_only,-1.1027769507140492e-05,-0.0010679223787646366,-6.632084949411822e-06,0.00012194061653213287,-4.39568455772867e-06,-0.0011898629952967685
9,9,loading,1.0,1db8f2c0780a513f615b9ee0ccdb4b784cf1f6a6d9f6262afd6091a3283ae236,2649,76.0,31.0,physical_only,-2.595372782830495e-05,-0.0012995911818815082,-8.141536251024231e-06,0.00017567973404615078,-1.781219157728072e-05,-0.0014752709159276591
9,9,loading,1.0,1db8f2c0780a513f615b9ee0ccdb4b784cf1f6a6d9f6262afd6091a3283ae236,2650,77.0,31.0,physical_only,-9.870047569143913e-05,-0.0014689163044604792,-1.097183124902888e-05,0.0002798087091404663,-8.772864444241024e-05,-0.0017487250136009455
9,9,loading,1.0,1db8f2c0780a513f615b9ee0ccdb4b784cf1f6a6d9f6262afd6091a3283ae236,2651,78.0,31.0,physical_only,-0.00021401449306103994,-0.0015372135335381069,-1.8070963402167295e-05,0.0005505671687525548,-0.00019594352965887271,-0.0020877807022906623
9,9,loading,1.0,1db8f2c0780a513f615b9ee0ccdb4b784cf1f6a6d9f6262afd6091a3283ae236,2652,79.0,31.0,physical_only,-0.0004442291666825268,0.0029083712430042624,-4.2123283434060174e-05,0.0018574448756563885,-0.0004021058832484666,0.001050926367347875
9,9,loading,1.0,1db8f2c0780a513f615b9ee0ccdb4b784cf1f6a6d9f6262afd6091a3283ae236,2653,80.0,31.0,physical_only,-0.000539535920898659,0.055443801743725304,-0.0013825785510767055,0.04469644349993134,0.0008430426301780465,0.01074735824379397
9,9,loading,1.0,1db8f2c0780a513f615b9ee0ccdb4b784cf1f6a6d9f6262afd6091a3283ae236,2718,62.0,32.0,physical_only,-7.366620363200526e-06,-1.1039683745858946e-06,-3.2862069973727587e-06,1.347060222150245e-07,-4.080413365827768e-06,-1.2386743968009192e-06
9,9,loading,1.0,1db8f2c0780a513f615b9ee0ccdb4b784cf1f6a6d9f6262afd6091a3283ae236,2719,63.0,32.0,interior,-0.0,-0.0,-0.0,-0.0,-0.0,-0.0
9,9,loading,1.0,1db8f2c0780a513f615b9ee0ccdb4b784cf1f6a6d9f6262afd6091a3283ae236,2720,64.0,32.0,interior,-0.0,-0.0,-0.0,-0.0,-0.0,-0.0
9,9,loading,1.0,1db8f2c0780a513f615b9ee0ccdb4b784cf1f6a6d9f6262afd6091a3283ae236,2721,65.0,32.0,interior,-0.0,-0.0,-0.0,-0.0,-0.0,-0.0
9,9,loading,1.0,1db8f2c0780a513f615b9ee0ccdb4b784cf1f6a6d9f6262afd6091a3283ae236,2722,66.0,32.0,interior,-0.0,-0.0,-0.0,-0.0,-0.0,-0.0
9,9,loading,1.0,1db8f2c0780a513f615b9ee0ccdb4b784cf1f6a6d9f6262afd6091a3283ae236,2723,67.0,32.0,interior,-0.0,-0.0,-0.0,-0.0,-0.0,-0.0
9,9,loading,1.0,1db8f2c0780a513f615b9ee0ccdb4b784cf1f6a6d9f6262afd6091a3283ae236,2724,68.0,32.0,interior,-0.0,-0.0,-0.0,-0.0,-0.0,-0.0
9,9,loading,1.0,1db8f2c0780a513f615b9ee0ccdb4b784cf1f6a6d9f6262afd6091a3283ae236,2725,69.0,32.0,interior,-0.0,-0.0,-0.0,-0.0,-0.0,-0.0
9,9,loading,1.0,1db8f2c0780a513f615b9ee0ccdb4b784cf1f6a6d9f6262afd6091a3283ae236,2726,70.0,32.0,interior,-0.0,-0.0,-0.0,-0.0,-0.0,-0.0
9,9,loading,1.0,1db8f2c0780a513f615b9ee0ccdb4b784cf1f6a6d9f6262afd6091a3283ae236,2727,71.0,32.0,interior,-0.0,-0.0,-0.0,-0.0,-0.0,-0.0
9,9,loading,1.0,1db8f2c0780a513f615b9ee0ccdb4b784cf1f6a6d9f6262afd6091a3283ae236,2728,72.0,32.0,interior,-0.0,-0.0,-0.0,-0.0,-0.0,-0.0
9,9,loading,1.0,1db8f2c0780a513f615b9ee0ccdb4b784cf1f6a6d9f6262afd6091a3283ae236,2729,73.0,32.0,interior,-0.0,-0.0,-0.0,-0.0,-0.0,-0.0
9,9,loading,1.0,1db8f2c0780a513f615b9ee0ccdb4b784cf1f6a6d9f6262afd6091a3283ae236,2730,74.0,32.0,interior,-0.0,-0.0,-0.0,-0.0,-0.0,-0.0
9,9,loading,1.0,1db8f2c0780a513f615b9ee0ccdb4b784cf1f6a6d9f6262afd6091a3283ae236,2731,75.0,32.0,interior,-0.0,-0.0,-0.0,-0.0,-0.0,-0.0
9,9,loading,1.0,1db8f2c0780a513f615b9ee0ccdb4b784cf1f6a6d9f6262afd6091a3283ae236,2732,76.0,32.0,interior,-0.0,-0.0,-0.0,-0.0,-0.0,-0.0
9,9,loading,1.0,1db8f2c0780a513f615b9ee0ccdb4b784cf1f6a6d9f6262afd6091a3283ae236,2733,77.0,32.0,interior,-0.0,-0.0,-0.0,-0.0,-0.0,-0.0
9,9,loading,1.0,1db8f2c0780a513f615b9ee0ccdb4b784cf1f6a6d9f6262afd6091a3283ae236,2734,78.0,32.0,interior,-0.0,-0.0,-0.0,-0.0,-0.0,-0.0
9,9,loading,1.0,1db8f2c0780a513f615b9ee0ccdb4b784cf1f6a6d9f6262afd6091a3283ae236,2735,79.0,32.0,interior,-0.0,-0.0,-0.0,-0.0,-0.0,-0.0
9,9,loading,1.0,1db8f2c0780a513f615b9ee0ccdb4b784cf1f6a6d9f6262afd6091a3283ae236,2736,80.0,32.0,physical_only,4.5087378843792386e-07,-5.060881280698627e-08,2.9127122445805115e-07,-1.7948966994535999e-06,1.596025639798726e-07,1.7442878866465986e-06
9,9,loading,1.0,1db8f2c0780a513f615b9ee0ccdb4b784cf1f6a6d9f6262afd6091a3283ae236,2801,62.0,33.0,physical_only,-5.966786748736924e-06,-7.298921893003224e-07,-3.513430855587759e-06,1.0472544809359155e-07,-2.4533558931491643e-06,-8.346176373939139e-07
9,9,loading,1.0,1db8f2c0780a513f615b9ee0ccdb4b784cf1f6a6d9f6262afd6091a3283ae236,2802,63.0,33.0,interior,-0.0,-0.0,-0.0,-0.0,-0.0,-0.0
9,9,loading,1.0,1db8f2c0780a513f615b9ee0ccdb4b784cf1f6a6d9f6262afd6091a3283ae236,2803,64.0,33.0,interior,-0.0,-0.0,-0.0,-0.0,-0.0,-0.0
9,9,loading,1.0,1db8f2c0780a513f615b9ee0ccdb4b784cf1f6a6d9f6262afd6091a3283ae236,2804,65.0,33.0,interior,-0.0,-0.0,-0.0,-0.0,-0.0,-0.0
9,9,loading,1.0,1db8f2c0780a513f615b9ee0ccdb4b784cf1f6a6d9f6262afd6091a3283ae236,2805,66.0,33.0,interior,-0.0,-0.0,-0.0,-0.0,-0.0,-0.0
9,9,loading,1.0,1db8f2c0780a513f615b9ee0ccdb4b784cf1f6a6d9f6262afd6091a3283ae236,2806,67.0,33.0,interior,-0.0,-0.0,-0.0,-0.0,-0.0,-0.0
9,9,loading,1.0,1db8f2c0780a513f615b9ee0ccdb4b784cf1f6a6d9f6262afd6091a3283ae236,2807,68.0,33.0,interior,-0.0,-0.0,-0.0,-0.0,-0.0,-0.0
9,9,loading,1.0,1db8f2c0780a513f615b9ee0ccdb4b784cf1f6a6d9f6262afd6091a3283ae236,2808,69.0,33.0,interior,-0.0,-0.0,-0.0,-0.0,-0.0,-0.0
9,9,loading,1.0,1db8f2c0780a513f615b9ee0ccdb4b784cf1f6a6d9f6262afd6091a3283ae236,2809,70.0,33.0,interior,-0.0,-0.0,-0.0,-0.0,-0.0,-0.0
9,9,loading,1.0,1db8f2c0780a513f615b9ee0ccdb4b784cf1f6a6d9f6262afd6091a3283ae236,2810,71.0,33.0,interior,-0.0,-0.0,-0.0,-0.0,-0.0,-0.0
9,9,loading,1.0,1db8f2c0780a513f615b9ee0ccdb4b784cf1f6a6d9f6262afd6091a3283ae236,2811,72.0,33.0,interior,-0.0,-0.0,-0.0,-0.0,-0.0,-0.0
9,9,loading,1.0,1db8f2c0780a513f615b9ee0ccdb4b784cf1f6a6d9f6262afd6091a3283ae236,2812,73.0,33.0,interior,-0.0,-0.0,-0.0,-0.0,-0.0,-0.0
9,9,loading,1.0,1db8f2c0780a513f615b9ee0ccdb4b784cf1f6a6d9f6262afd6091a3283ae236,2813,74.0,33.0,interior,-0.0,-0.0,-0.0,-0.0,-0.0,-0.0
9,9,loading,1.0,1db8f2c0780a513f615b9ee0ccdb4b784cf1f6a6d9f6262afd6091a3283ae236,2814,75.0,33.0,interior,-0.0,-0.0,-0.0,-0.0,-0.0,-0.0
9,9,loading,1.0,1db8f2c0780a513f615b9ee0ccdb4b784cf1f6a6d9f6262afd6091a3283ae236,2815,76.0,33.0,interior,-0.0,-0.0,-0.0,-0.0,-0.0,-0.0
9,9,loading,1.0,1db8f2c0780a513f615b9ee0ccdb4b784cf1f6a6d9f6262afd6091a3283ae236,2816,77.0,33.0,interior,-0.0,-0.0,-0.0,-0.0,-0.0,-0.0
9,9,loading,1.0,1db8f2c0780a513f615b9ee0ccdb4b784cf1f6a6d9f6262afd6091a3283ae236,2817,78.0,33.0,interior,-0.0,-0.0,-0.0,-0.0,-0.0,-0.0
9,9,loading,1.0,1db8f2c0780a513f615b9ee0ccdb4b784cf1f6a6d9f6262afd6091a3283ae236,2818,79.0,33.0,interior,-0.0,-0.0,-0.0,-0.0,-0.0,-0.0
9,9,loading,1.0,1db8f2c0780a513f615b9ee0ccdb4b784cf1f6a6d9f6262afd6091a3283ae236,2819,80.0,33.0,physical_only,4.4037693772194623e-07,-4.340754340233157e-08,2.948661372643342e-07,-1.5572811876568952e-06,1.455108004576119e-07,1.5138736442545661e-06
9,9,loading,1.0,1db8f2c0780a513f615b9ee0ccdb4b784cf1f6a6d9f6262afd6091a3283ae236,2884,62.0,34.0,physical_only,-5.325624215943173e-06,-2.713179924389004e-07,-3.695608974291401e-06,8.609647128535187e-08,-1.6300152416517709e-06,-3.5741446372425225e-07
9,9,loading,1.0,1db8f2c0780a513f615b9ee0ccdb4b784cf1f6a6d9f6262afd6091a3283ae236,2885,63.0,34.0,interior,-0.0,-0.0,-0.0,-0.0,-0.0,-0.0
9,9,loading,1.0,1db8f2c0780a513f615b9ee0ccdb4b784cf1f6a6d9f6262afd6091a3283ae236,2886,64.0,34.0,interior,-0.0,-0.0,-0.0,-0.0,-0.0,-0.0
9,9,loading,1.0,1db8f2c0780a513f615b9ee0ccdb4b784cf1f6a6d9f6262afd6091a3283ae236,2887,65.0,34.0,interior,-0.0,-0.0,-0.0,-0.0,-0.0,-0.0
9,9,loading,1.0,1db8f2c0780a513f615b9ee0ccdb4b784cf1f6a6d9f6262afd6091a3283ae236,2888,66.0,34.0,interior,-0.0,-0.0,-0.0,-0.0,-0.0,-0.0
9,9,loading,1.0,1db8f2c0780a513f615b9ee0ccdb4b784cf1f6a6d9f6262afd6091a3283ae236,2889,67.0,34.0,interior,-0.0,-0.0,-0.0,-0.0,-0.0,-0.0
9,9,loading,1.0,1db8f2c0780a513f615b9ee0ccdb4b784cf1f6a6d9f6262afd6091a3283ae236,2890,68.0,34.0,interior,-0.0,-0.0,-0.0,-0.0,-0.0,-0.0
9,9,loading,1.0,1db8f2c0780a513f615b9ee0ccdb4b784cf1f6a6d9f6262afd6091a3283ae236,2891,69.0,34.0,interior,-0.0,-0.0,-0.0,-0.0,-0.0,-0.0
9,9,loading,1.0,1db8f2c0780a513f615b9ee0ccdb4b784cf1f6a6d9f6262afd6091a3283ae236,2892,70.0,34.0,interior,-0.0,-0.0,-0.0,-0.0,-0.0,-0.0
9,9,loading,1.0,1db8f2c0780a513f615b9ee0ccdb4b784cf1f6a6d9f6262afd6091a3283ae236,2893,71.0,34.0,interior,-0.0,-0.0,-0.0,-0.0,-0.0,-0.0
9,9,loading,1.0,1db8f2c0780a513f615b9ee0ccdb4b784cf1f6a6d9f6262afd6091a3283ae236,2894,72.0,34.0,interior,-0.0,-0.0,-0.0,-0.0,-0.0,-0.0
9,9,loading,1.0,1db8f2c0780a513f615b9ee0ccdb4b784cf1f6a6d9f6262afd6091a3283ae236,2895,73.0,34.0,interior,-0.0,-0.0,-0.0,-0.0,-0.0,-0.0
9,9,loading,1.0,1db8f2c0780a513f615b9ee0ccdb4b784cf1f6a6d9f6262afd6091a3283ae236,2896,74.0,34.0,interior,-0.0,-0.0,-0.0,-0.0,-0.0,-0.0
9,9,loading,1.0,1db8f2c0780a513f615b9ee0ccdb4b784cf1f6a6d9f6262afd6091a3283ae236,2897,75.0,34.0,interior,-0.0,-0.0,-0.0,-0.0,-0.0,-0.0
9,9,loading,1.0,1db8f2c0780a513f615b9ee0ccdb4b784cf1f6a6d9f6262afd6091a3283ae236,2898,76.0,34.0,interior,-0.0,-0.0,-0.0,-0.0,-0.0,-0.0
9,9,loading,1.0,1db8f2c0780a513f615b9ee0ccdb4b784cf1f6a6d9f6262afd6091a3283ae236,2899,77.0,34.0,interior,-0.0,-0.0,-0.0,-0.0,-0.0,-0.0
9,9,loading,1.0,1db8f2c0780a513f615b9ee0ccdb4b784cf1f6a6d9f6262afd6091a3283ae236,2900,78.0,34.0,interior,-0.0,-0.0,-0.0,-0.0,-0.0,-0.0
9,9,loading,1.0,1db8f2c0780a513f615b9ee0ccdb4b784cf1f6a6d9f6262afd6091a3283ae236,2901,79.0,34.0,interior,-0.0,-0.0,-0.0,-0.0,-0.0,-0.0
9,9,loading,1.0,1db8f2c0780a513f615b9ee0ccdb4b784cf1f6a6d9f6262afd6091a3283ae236,2902,80.0,34.0,physical_only,4.313279854676259e-07,-3.6581216866570865e-08,2.9770686476476936e-07,-1.3249953219972029e-06,1.3362112070285665e-07,1.2884141051306439e-06
9,9,loading,1.0,1db8f2c0780a513f615b9ee0ccdb4b784cf1f6a6d9f6262afd6091a3283ae236,2967,62.0,35.0,physical_only,-5.170252708147955e-06,7.083998581083342e-08,-3.845724987011984e-06,7.328755168334494e-08,-1.3245277211359707e-06,-2.447565872511599e-09
9,9,loading,1.0,1db8f2c0780a513f615b9ee0ccdb4b784cf1f6a6d9f6262afd6091a3283ae236,2968,63.0,35.0,interior,-0.0,-0.0,-0.0,-0.0,-0.0,-0.0
9,9,loading,1.0,1db8f2c0780a513f615b9ee0ccdb4b784cf1f6a6d9f6262afd6091a3283ae236,2969,64.0,35.0,interior,-0.0,-0.0,-0.0,-0.0,-0.0,-0.0
9,9,loading,1.0,1db8f2c0780a513f615b9ee0ccdb4b784cf1f6a6d9f6262afd6091a3283ae236,2970,65.0,35.0,interior,-0.0,-0.0,-0.0,-0.0,-0.0,-0.0
9,9,loading,1.0,1db8f2c0780a513f615b9ee0ccdb4b784cf1f6a6d9f6262afd6091a3283ae236,2971,66.0,35.0,interior,-0.0,-0.0,-0.0,-0.0,-0.0,-0.0
9,9,loading,1.0,1db8f2c0780a513f615b9ee0ccdb4b784cf1f6a6d9f6262afd6091a3283ae236,2972,67.0,35.0,interior,-0.0,-0.0,-0.0,-0.0,-0.0,-0.0
9,9,loading,1.0,1db8f2c0780a513f615b9ee0ccdb4b784cf1f6a6d9f6262afd6091a3283ae236,2973,68.0,35.0,interior,-0.0,-0.0,-0.0,-0.0,-0.0,-0.0
9,9,loading,1.0,1db8f2c0780a513f615b9ee0ccdb4b784cf1f6a6d9f6262afd6091a3283ae236,2974,69.0,35.0,interior,-0.0,-0.0,-0.0,-0.0,-0.0,-0.0
9,9,loading,1.0,1db8f2c0780a513f615b9ee0ccdb4b784cf1f6a6d9f6262afd6091a3283ae236,2975,70.0,35.0,interior,-0.0,-0.0,-0.0,-0.0,-0.0,-0.0
9,9,loading,1.0,1db8f2c0780a513f615b9ee0ccdb4b784cf1f6a6d9f6262afd6091a3283ae236,2976,71.0,35.0,interior,-0.0,-0.0,-0.0,-0.0,-0.0,-0.0
9,9,loading,1.0,1db8f2c0780a513f615b9ee0ccdb4b784cf1f6a6d9f6262afd6091a3283ae236,2977,72.0,35.0,interior,-0.0,-0.0,-0.0,-0.0,-0.0,-0.0
9,9,loading,1.0,1db8f2c0780a513f615b9ee0ccdb4b784cf1f6a6d9f6262afd6091a3283ae236,2978,73.0,35.0,interior,-0.0,-0.0,-0.0,-0.0,-0.0,-0.0
9,9,loading,1.0,1db8f2c0780a513f615b9ee0ccdb4b784cf1f6a6d9f6262afd6091a3283ae236,2979,74.0,35.0,interior,-0.0,-0.0,-0.0,-0.0,-0.0,-0.0
9,9,loading,1.0,1db8f2c0780a513f615b9ee0ccdb4b784cf1f6a6d9f6262afd6091a3283ae236,2980,75.0,35.0,interior,-0.0,-0.0,-0.0,-0.0,-0.0,-0.0
9,9,loading,1.0,1db8f2c0780a513f615b9ee0ccdb4b784cf1f6a6d9f6262afd6091a3283ae236,2981,76.0,35.0,interior,-0.0,-0.0,-0.0,-0.0,-0.0,-0.0
9,9,loading,1.0,1db8f2c0780a513f615b9ee0ccdb4b784cf1f6a6d9f6262afd6091a3283ae236,2982,77.0,35.0,interior,-0.0,-0.0,-0.0,-0.0,-0.0,-0.0
9,9,loading,1.0,1db8f2c0780a513f615b9ee0ccdb4b784cf1f6a6d9f6262afd6091a3283ae236,2983,78.0,35.0,interior,-0.0,-0.0,-0.0,-0.0,-0.0,-0.0
9,9,loading,1.0,1db8f2c0780a513f615b9ee0ccdb4b784cf1f6a6d9f6262afd6091a3283ae236,2984,79.0,35.0,interior,-0.0,-0.0,-0.0,-0.0,-0.0,-0.0
9,9,loading,1.0,1db8f2c0780a513f615b9ee0ccdb4b784cf1f6a6d9f6262afd6091a3283ae236,2985,80.0,35.0,physical_only,4.2370832942997087e-07,-3.005747878243319e-08,2.9991472779091965e-07,-1.0972580672027086e-06,1.2379360163905127e-07,1.0672005884202585e-06
9,9,loading,1.0,1db8f2c0780a513f615b9ee0ccdb4b784cf1f6a6d9f6262afd6091a3283ae236,3050,62.0,36.0,physical_only,-5.252766406619769e-06,2.3483843714620133e-07,-3.9694519264117785e-06,6.183721765161291e-08,-1.2833144802079907e-06,1.730012194945885e-07
9,9,loading,1.0,1db8f2c0780a513f615b9ee0ccdb4b784cf1f6a6d9f6262afd6091a3283ae236,3051,63.0,36.0,interior,-0.0,-0.0,-0.0,-0.0,-0.0,-0.0
9,9,loading,1.0,1db8f2c0780a513f615b9ee0ccdb4b784cf1f6a6d9f6262afd6091a3283ae236,3052,64.0,36.0,interior,-0.0,-0.0,-0.0,-0.0,-0.0,-0.0
9,9,loading,1.0,1db8f2c0780a513f615b9ee0ccdb4b784cf1f6a6d9f6262afd6091a3283ae236,3053,65.0,36.0,interior,-0.0,-0.0,-0.0,-0.0,-0.0,-0.0
9,9,loading,1.0,1db8f2c0780a513f615b9ee0ccdb4b784cf1f6a6d9f6262afd6091a3283ae236,3054,66.0,36.0,interior,-0.0,-0.0,-0.0,-0.0,-0.0,-0.0
9,9,loading,1.0,1db8f2c0780a513f615b9ee0ccdb4b784cf1f6a6d9f6262afd6091a3283ae236,3055,67.0,36.0,interior,-0.0,-0.0,-0.0,-0.0,-0.0,-0.0
9,9,loading,1.0,1db8f2c0780a513f615b9ee0ccdb4b784cf1f6a6d9f6262afd6091a3283ae236,3056,68.0,36.0,interior,-0.0,-0.0,-0.0,-0.0,-0.0,-0.0
9,9,loading,1.0,1db8f2c0780a513f615b9ee0ccdb4b784cf1f6a6d9f6262afd6091a3283ae236,3057,69.0,36.0,interior,-0.0,-0.0,-0.0,-0.0,-0.0,-0.0
9,9,loading,1.0,1db8f2c0780a513f615b9ee0ccdb4b784cf1f6a6d9f6262afd6091a3283ae236,3058,70.0,36.0,interior,-0.0,-0.0,-0.0,-0.0,-0.0,-0.0
9,9,loading,1.0,1db8f2c0780a513f615b9ee0ccdb4b784cf1f6a6d9f6262afd6091a3283ae236,3059,71.0,36.0,interior,-0.0,-0.0,-0.0,-0.0,-0.0,-0.0
9,9,loading,1.0,1db8f2c0780a513f615b9ee0ccdb4b784cf1f6a6d9f6262afd6091a3283ae236,3060,72.0,36.0,interior,-0.0,-0.0,-0.0,-0.0,-0.0,-0.0
9,9,loading,1.0,1db8f2c0780a513f615b9ee0ccdb4b784cf1f6a6d9f6262afd6091a3283ae236,3061,73.0,36.0,interior,-0.0,-0.0,-0.0,-0.0,-0.0,-0.0
9,9,loading,1.0,1db8f2c0780a513f615b9ee0ccdb4b784cf1f6a6d9f6262afd6091a3283ae236,3062,74.0,36.0,interior,-0.0,-0.0,-0.0,-0.0,-0.0,-0.0
9,9,loading,1.0,1db8f2c0780a513f615b9ee0ccdb4b784cf1f6a6d9f6262afd6091a3283ae236,3063,75.0,36.0,interior,-0.0,-0.0,-0.0,-0.0,-0.0,-0.0
9,9,loading,1.0,1db8f2c0780a513f615b9ee0ccdb4b784cf1f6a6d9f6262afd6091a3283ae236,3064,76.0,36.0,interior,-0.0,-0.0,-0.0,-0.0,-0.0,-0.0
9,9,loading,1.0,1db8f2c0780a513f615b9ee0ccdb4b784cf1f6a6d9f6262afd6091a3283ae236,3065,77.0,36.0,interior,-0.0,-0.0,-0.0,-0.0,-0.0,-0.0
9,9,loading,1.0,1db8f2c0780a513f615b9ee0ccdb4b784cf1f6a6d9f6262afd6091a3283ae236,3066,78.0,36.0,interior,-0.0,-0.0,-0.0,-0.0,-0.0,-0.0
9,9,loading,1.0,1db8f2c0780a513f615b9ee0ccdb4b784cf1f6a6d9f6262afd6091a3283ae236,3067,79.0,36.0,interior,-0.0,-0.0,-0.0,-0.0,-0.0,-0.0
9,9,loading,1.0,1db8f2c0780a513f615b9ee0ccdb4b784cf1f6a6d9f6262afd6091a3283ae236,3068,80.0,36.0,physical_only,4.175004688625807e-07,-2.3773786827943448e-08,3.0158966705320854e-07,-8.732968718429155e-07,1.1591080180937215e-07,8.495230850149779e-07
9,9,loading,1.0,1db8f2c0780a513f615b9ee0ccdb4b784cf1f6a6d9f6262afd6091a3283ae236,3133,62.0,37.0,physical_only,-5.398138458604733e-06,2.6120508331031756e-07,-4.067813023576019e-06,4.913374695740833e-08,-1.330325435028713e-06,2.1207133635290923e-07
9,9,loading,1.0,1db8f2c0780a513f615b9ee0ccdb4b784cf1f6a6d9f6262afd6091a3283ae236,3134,63.0,37.0,interior,-0.0,-0.0,-0.0,-0.0,-0.0,-0.0
9,9,loading,1.0,1db8f2c0780a513f615b9ee0ccdb4b784cf1f6a6d9f6262afd6091a3283ae236,3135,64.0,37.0,interior,-0.0,-0.0,-0.0,-0.0,-0.0,-0.0
9,9,loading,1.0,1db8f2c0780a513f615b9ee0ccdb4b784cf1f6a6d9f6262afd6091a3283ae236,3136,65.0,37.0,interior,-0.0,-0.0,-0.0,-0.0,-0.0,-0.0
9,9,loading,1.0,1db8f2c0780a513f615b9ee0ccdb4b784cf1f6a6d9f6262afd6091a3283ae236,3137,66.0,37.0,interior,-0.0,-0.0,-0.0,-0.0,-0.0,-0.0
9,9,loading,1.0,1db8f2c0780a513f615b9ee0ccdb4b784cf1f6a6d9f6262afd6091a3283ae236,3138,67.0,37.0,interior,-0.0,-0.0,-0.0,-0.0,-0.0,-0.0
9,9,loading,1.0,1db8f2c0780a513f615b9ee0ccdb4b784cf1f6a6d9f6262afd6091a3283ae236,3139,68.0,37.0,interior,-0.0,-0.0,-0.0,-0.0,-0.0,-0.0
9,9,loading,1.0,1db8f2c0780a513f615b9ee0ccdb4b784cf1f6a6d9f6262afd6091a3283ae236,3140,69.0,37.0,interior,-0.0,-0.0,-0.0,-0.0,-0.0,-0.0
9,9,loading,1.0,1db8f2c0780a513f615b9ee0ccdb4b784cf1f6a6d9f6262afd6091a3283ae236,3141,70.0,37.0,interior,-0.0,-0.0,-0.0,-0.0,-0.0,-0.0
9,9,loading,1.0,1db8f2c0780a513f615b9ee0ccdb4b784cf1f6a6d9f6262afd6091a3283ae236,3142,71.0,37.0,interior,-0.0,-0.0,-0.0,-0.0,-0.0,-0.0
9,9,loading,1.0,1db8f2c0780a513f615b9ee0ccdb4b784cf1f6a6d9f6262afd6091a3283ae236,3143,72.0,37.0,interior,-0.0,-0.0,-0.0,-0.0,-0.0,-0.0
9,9,loading,1.0,1db8f2c0780a513f615b9ee0ccdb4b784cf1f6a6d9f6262afd6091a3283ae236,3144,73.0,37.0,interior,-0.0,-0.0,-0.0,-0.0,-0.0,-0.0
9,9,loading,1.0,1db8f2c0780a513f615b9ee0ccdb4b784cf1f6a6d9f6262afd6091a3283ae236,3145,74.0,37.0,interior,-0.0,-0.0,-0.0,-0.0,-0.0,-0.0
9,9,loading,1.0,1db8f2c0780a513f615b9ee0ccdb4b784cf1f6a6d9f6262afd6091a3283ae236,3146,75.0,37.0,interior,-0.0,-0.0,-0.0,-0.0,-0.0,-0.0
9,9,loading,1.0,1db8f2c0780a513f615b9ee0ccdb4b784cf1f6a6d9f6262afd6091a3283ae236,3147,76.0,37.0,interior,-0.0,-0.0,-0.0,-0.0,-0.0,-0.0
9,9,loading,1.0,1db8f2c0780a513f615b9ee0ccdb4b784cf1f6a6d9f6262afd6091a3283ae236,3148,77.0,37.0,interior,-0.0,-0.0,-0.0,-0.0,-0.0,-0.0
9,9,loading,1.0,1db8f2c0780a513f615b9ee0ccdb4b784cf1f6a6d9f6262afd6091a3283ae236,3149,78.0,37.0,interior,-0.0,-0.0,-0.0,-0.0,-0.0,-0.0
9,9,loading,1.0,1db8f2c0780a513f615b9ee0ccdb4b784cf1f6a6d9f6262afd6091a3283ae236,3150,79.0,37.0,interior,-0.0,-0.0,-0.0,-0.0,-0.0,-0.0
9,9,loading,1.0,1db8f2c0780a513f615b9ee0ccdb4b784cf1f6a6d9f6262afd6091a3283ae236,3151,80.0,37.0,physical_only,4.126890546794185e-07,-1.7674768279293666e-08,3.028116074488085e-07,-6.523467555122291e-07,1.0987744723061005e-07,6.346719872329291e-07
9,9,loading,1.0,1db8f2c0780a513f615b9ee0ccdb4b784cf1f6a6d9f6262afd6091a3283ae236,3216,62.0,38.0,physical_only,-5.522992587246008e-06,2.035596834507145e-07,-4.139696901406031e-06,3.432762777439276e-08,-1.3832956858399766e-06,1.6923205567632153e-07
9,9,loading,1.0,1db8f2c0780a513f615b9ee0ccdb4b784cf1f6a6d9f6262afd6091a3283ae236,3217,63.0,38.0,interior,-0.0,-0.0,-0.0,-0.0,-0.0,-0.0
9,9,loading,1.0,1db8f2c0780a513f615b9ee0ccdb4b784cf1f6a6d9f6262afd6091a3283ae236,3218,64.0,38.0,interior,-0.0,-0.0,-0.0,-0.0,-0.0,-0.0
9,9,loading,1.0,1db8f2c0780a513f615b9ee0ccdb4b784cf1f6a6d9f6262afd6091a3283ae236,3219,65.0,38.0,interior,-0.0,-0.0,-0.0,-0.0,-0.0,-0.0
9,9,loading,1.0,1db8f2c0780a513f615b9ee0ccdb4b784cf1f6a6d9f6262afd6091a3283ae236,3220,66.0,38.0,interior,-0.0,-0.0,-0.0,-0.0,-0.0,-0.0
9,9,loading,1.0,1db8f2c0780a513f615b9ee0ccdb4b784cf1f6a6d9f6262afd6091a3283ae236,3221,67.0,38.0,interior,-0.0,-0.0,-0.0,-0.0,-0.0,-0.0
9,9,loading,1.0,1db8f2c0780a513f615b9ee0ccdb4b784cf1f6a6d9f6262afd6091a3283ae236,3222,68.0,38.0,interior,-0.0,-0.0,-0.0,-0.0,-0.0,-0.0
9,9,loading,1.0,1db8f2c0780a513f615b9ee0ccdb4b784cf1f6a6d9f6262afd6091a3283ae236,3223,69.0,38.0,interior,-0.0,-0.0,-0.0,-0.0,-0.0,-0.0
9,9,loading,1.0,1db8f2c0780a513f615b9ee0ccdb4b784cf1f6a6d9f6262afd6091a3283ae236,3224,70.0,38.0,interior,-0.0,-0.0,-0.0,-0.0,-0.0,-0.0
9,9,loading,1.0,1db8f2c0780a513f615b9ee0ccdb4b784cf1f6a6d9f6262afd6091a3283ae236,3225,71.0,38.0,interior,-0.0,-0.0,-0.0,-0.0,-0.0,-0.0
9,9,loading,1.0,1db8f2c0780a513f615b9ee0ccdb4b784cf1f6a6d9f6262afd6091a3283ae236,3226,72.0,38.0,interior,-0.0,-0.0,-0.0,-0.0,-0.0,-0.0
9,9,loading,1.0,1db8f2c0780a513f615b9ee0ccdb4b784cf1f6a6d9f6262afd6091a3283ae236,3227,73.0,38.0,interior,-0.0,-0.0,-0.0,-0.0,-0.0,-0.0
9,9,loading,1.0,1db8f2c0780a513f615b9ee0ccdb4b784cf1f6a6d9f6262afd6091a3283ae236,3228,74.0,38.0,interior,-0.0,-0.0,-0.0,-0.0,-0.0,-0.0
9,9,loading,1.0,1db8f2c0780a513f615b9ee0ccdb4b784cf1f6a6d9f6262afd6091a3283ae236,3229,75.0,38.0,interior,-0.0,-0.0,-0.0,-0.0,-0.0,-0.0
9,9,loading,1.0,1db8f2c0780a513f615b9ee0ccdb4b784cf1f6a6d9f6262afd6091a3283ae236,3230,76.0,38.0,interior,-0.0,-0.0,-0.0,-0.0,-0.0,-0.0
9,9,loading,1.0,1db8f2c0780a513f615b9ee0ccdb4b784cf1f6a6d9f6262afd6091a3283ae236,3231,77.0,38.0,interior,-0.0,-0.0,-0.0,-0.0,-0.0,-0.0
9,9,loading,1.0,1db8f2c0780a513f615b9ee0ccdb4b784cf1f6a6d9f6262afd6091a3283ae236,3232,78.0,38.0,interior,-0.0,-0.0,-0.0,-0.0,-0.0,-0.0
9,9,loading,1.0,1db8f2c0780a513f615b9ee0ccdb4b784cf1f6a6d9f6262afd6091a3283ae236,3233,79.0,38.0,interior,-0.0,-0.0,-0.0,-0.0,-0.0,-0.0
9,9,loading,1.0,1db8f2c0780a513f615b9ee0ccdb4b784cf1f6a6d9f6262afd6091a3283ae236,3234,80.0,38.0,physical_only,4.092615844324111e-07,-1.1710202470357166e-08,3.0364156899170867e-07,-4.3364910919554017e-07,1.0562001544070234e-07,4.2193890672518263e-07
9,9,loading,1.0,1db8f2c0780a513f615b9ee0ccdb4b784cf1f6a6d9f6262afd6091a3283ae236,3299,62.0,39.0,physical_only,-5.598065696676567e-06,1.0767829789561662e-07,-4.183573335203986e-06,1.7675880822740486e-08,-1.4144923614725807e-06,9.000241707287593e-08
9,9,loading,1.0,1db8f2c0780a513f615b9ee0ccdb4b784cf1f6a6d9f6262afd6091a3283ae236,3300,63.0,39.0,interior,-0.0,-0.0,-0.0,-0.0,-0.0,-0.0
9,9,loading,1.0,1db8f2c0780a513f615b9ee0ccdb4b784cf1f6a6d9f6262afd6091a3283ae236,3301,64.0,39.0,interior,-0.0,-0.0,-0.0,-0.0,-0.0,-0.0
9,9,loading,1.0,1db8f2c0780a513f615b9ee0ccdb4b784cf1f6a6d9f6262afd6091a3283ae236,3302,65.0,39.0,interior,-0.0,-0.0,-0.0,-0.0,-0.0,-0.0
9,9,loading,1.0,1db8f2c0780a513f615b9ee0ccdb4b784cf1f6a6d9f6262afd6091a3283ae236,3303,66.0,39.0,interior,-0.0,-0.0,-0.0,-0.0,-0.0,-0.0
9,9,loading,1.0,1db8f2c0780a513f615b9ee0ccdb4b784cf1f6a6d9f6262afd6091a3283ae236,3304,67.0,39.0,interior,-0.0,-0.0,-0.0,-0.0,-0.0,-0.0
9,9,loading,1.0,1db8f2c0780a513f615b9ee0ccdb4b784cf1f6a6d9f6262afd6091a3283ae236,3305,68.0,39.0,interior,-0.0,-0.0,-0.0,-0.0,-0.0,-0.0
9,9,loading,1.0,1db8f2c0780a513f615b9ee0ccdb4b784cf1f6a6d9f6262afd6091a3283ae236,3306,69.0,39.0,interior,-0.0,-0.0,-0.0,-0.0,-0.0,-0.0
9,9,loading,1.0,1db8f2c0780a513f615b9ee0ccdb4b784cf1f6a6d9f6262afd6091a3283ae236,3307,70.0,39.0,interior,-0.0,-0.0,-0.0,-0.0,-0.0,-0.0
9,9,loading,1.0,1db8f2c0780a513f615b9ee0ccdb4b784cf1f6a6d9f6262afd6091a3283ae236,3308,71.0,39.0,interior,-0.0,-0.0,-0.0,-0.0,-0.0,-0.0
9,9,loading,1.0,1db8f2c0780a513f615b9ee0ccdb4b784cf1f6a6d9f6262afd6091a3283ae236,3309,72.0,39.0,interior,-0.0,-0.0,-0.0,-0.0,-0.0,-0.0
9,9,loading,1.0,1db8f2c0780a513f615b9ee0ccdb4b784cf1f6a6d9f6262afd6091a3283ae236,3310,73.0,39.0,interior,-0.0,-0.0,-0.0,-0.0,-0.0,-0.0
9,9,loading,1.0,1db8f2c0780a513f615b9ee0ccdb4b784cf1f6a6d9f6262afd6091a3283ae236,3311,74.0,39.0,interior,-0.0,-0.0,-0.0,-0.0,-0.0,-0.0
9,9,loading,1.0,1db8f2c0780a513f615b9ee0ccdb4b784cf1f6a6d9f6262afd6091a3283ae236,3312,75.0,39.0,interior,-0.0,-0.0,-0.0,-0.0,-0.0,-0.0
9,9,loading,1.0,1db8f2c0780a513f615b9ee0ccdb4b784cf1f6a6d9f6262afd6091a3283ae236,3313,76.0,39.0,interior,-0.0,-0.0,-0.0,-0.0,-0.0,-0.0
9,9,loading,1.0,1db8f2c0780a513f615b9ee0ccdb4b784cf1f6a6d9f6262afd6091a3283ae236,3314,77.0,39.0,interior,-0.0,-0.0,-0.0,-0.0,-0.0,-0.0
9,9,loading,1.0,1db8f2c0780a513f615b9ee0ccdb4b784cf1f6a6d9f6262afd6091a3283ae236,3315,78.0,39.0,interior,-0.0,-0.0,-0.0,-0.0,-0.0,-0.0
9,9,loading,1.0,1db8f2c0780a513f615b9ee0ccdb4b784cf1f6a6d9f6262afd6091a3283ae236,3316,79.0,39.0,interior,-0.0,-0.0,-0.0,-0.0,-0.0,-0.0
9,9,loading,1.0,1db8f2c0780a513f615b9ee0ccdb4b784cf1f6a6d9f6262afd6091a3283ae236,3317,80.0,39.0,physical_only,4.0720885461271354e-07,-5.833423822797451e-09,3.041225265703519e-07,-2.1645027971227351e-07,1.0308632804236163e-07,2.1061685588948115e-07
9,9,loading,1.0,1db8f2c0780a513f615b9ee0ccdb4b784cf1f6a6d9f6262afd6091a3283ae236,3382,62.0,40.0,physical_and_cut,-2.8110940589577693e-06,-1.836070922127846e-06,-2.0991645858927104e-06,-9.556922397596887e-07,-7.119294730650592e-07,-8.803786823681573e-07
9,9,loading,1.0,1db8f2c0780a513f615b9ee0ccdb4b784cf1f6a6d9f6262afd6091a3283ae236,3383,63.0,40.0,cut_only,-0.0,-0.0,-0.0,-0.0,-0.0,-0.0
9,9,loading,1.0,1db8f2c0780a513f615b9ee0ccdb4b784cf1f6a6d9f6262afd6091a3283ae236,3384,64.0,40.0,cut_only,-0.0,-0.0,-0.0,-0.0,-0.0,-0.0
9,9,loading,1.0,1db8f2c0780a513f615b9ee0ccdb4b784cf1f6a6d9f6262afd6091a3283ae236,3385,65.0,40.0,cut_only,-0.0,-0.0,-0.0,-0.0,-0.0,-0.0
9,9,loading,1.0,1db8f2c0780a513f615b9ee0ccdb4b784cf1f6a6d9f6262afd6091a3283ae236,3386,66.0,40.0,cut_only,-0.0,-0.0,-0.0,-0.0,-0.0,-0.0
9,9,loading,1.0,1db8f2c0780a513f615b9ee0ccdb4b784cf1f6a6d9f6262afd6091a3283ae236,3387,67.0,40.0,cut_only,-0.0,-0.0,-0.0,-0.0,-0.0,-0.0
9,9,loading,1.0,1db8f2c0780a513f615b9ee0ccdb4b784cf1f6a6d9f6262afd6091a3283ae236,3388,68.0,40.0,cut_only,-0.0,-0.0,-0.0,-0.0,-0.0,-0.0
9,9,loading,1.0,1db8f2c0780a513f615b9ee0ccdb4b784cf1f6a6d9f6262afd6091a3283ae236,3389,69.0,40.0,cut_only,-0.0,-0.0,-0.0,-0.0,-0.0,-0.0
9,9,loading,1.0,1db8f2c0780a513f615b9ee0ccdb4b784cf1f6a6d9f6262afd6091a3283ae236,3390,70.0,40.0,cut_only,-0.0,-0.0,-0.0,-0.0,-0.0,-0.0
9,9,loading,1.0,1db8f2c0780a513f615b9ee0ccdb4b784cf1f6a6d9f6262afd6091a3283ae236,3391,71.0,40.0,cut_only,-0.0,-0.0,-0.0,-0.0,-0.0,-0.0
9,9,loading,1.0,1db8f2c0780a513f615b9ee0ccdb4b784cf1f6a6d9f6262afd6091a3283ae236,3392,72.0,40.0,cut_only,-0.0,-0.0,-0.0,-0.0,-0.0,-0.0
9,9,loading,1.0,1db8f2c0780a513f615b9ee0ccdb4b784cf1f6a6d9f6262afd6091a3283ae236,3393,73.0,40.0,cut_only,-0.0,-0.0,-0.0,-0.0,-0.0,-0.0
9,9,loading,1.0,1db8f2c0780a513f615b9ee0ccdb4b784cf1f6a6d9f6262afd6091a3283ae236,3394,74.0,40.0,cut_only,-0.0,-0.0,-0.0,-0.0,-0.0,-0.0
9,9,loading,1.0,1db8f2c0780a513f615b9ee0ccdb4b784cf1f6a6d9f6262afd6091a3283ae236,3395,75.0,40.0,cut_only,-0.0,-0.0,-0.0,-0.0,-0.0,-0.0
9,9,loading,1.0,1db8f2c0780a513f615b9ee0ccdb4b784cf1f6a6d9f6262afd6091a3283ae236,3396,76.0,40.0,cut_only,-0.0,-0.0,-0.0,-0.0,-0.0,-0.0
9,9,loading,1.0,1db8f2c0780a513f615b9ee0ccdb4b784cf1f6a6d9f6262afd6091a3283ae236,3397,77.0,40.0,cut_only,-0.0,-0.0,-0.0,-0.0,-0.0,-0.0
9,9,loading,1.0,1db8f2c0780a513f615b9ee0ccdb4b784cf1f6a6d9f6262afd6091a3283ae236,3398,78.0,40.0,cut_only,-0.0,-0.0,-0.0,-0.0,-0.0,-0.0
9,9,loading,1.0,1db8f2c0780a513f615b9ee0ccdb4b784cf1f6a6d9f6262afd6091a3283ae236,3399,79.0,40.0,cut_only,-0.0,-0.0,-0.0,-0.0,-0.0,-0.0
9,9,loading,1.0,1db8f2c0780a513f615b9ee0ccdb4b784cf1f6a6d9f6262afd6091a3283ae236,3400,80.0,40.0,physical_and_cut,2.0326262079131645e-07,6.031099353673352e-05,1.5214001068700025e-07,-1.6874732983258222e-07,5.11226101043162e-08,6.04797408665661e-05
10,10,loading,1.05,10b74fa9316622aacda3c22a74e43304b8b67a67359f20da9bc685a2da958a71,2635,62.0,31.0,physical_only,-0.00043246894016263837,-7.827957864876535e-05,-5.562385464431438e-06,6.318450316131836e-06,-0.0004269065546982069,-8.459802896489719e-05
10,10,loading,1.05,10b74fa9316622aacda3c22a74e43304b8b67a67359f20da9bc685a2da958a71,2636,63.0,31.0,physical_only,-2.231291050151282e-06,-6.36351590482716e-05,-3.0857752774666908e-06,7.378243553567254e-06,8.544842273154093e-07,-7.101340260183884e-05
10,10,loading,1.05,10b74fa9316622aacda3c22a74e43304b8b67a67359f20da9bc685a2da958a71,2637,64.0,31.0,physical_only,-1.1146069943540327e-07,-8.376976689307213e-05,-3.1571160767642042e-06,9.559559411399271e-06,3.045655377328801e-06,-9.332932630447141e-05
10,10,loading,1.05,10b74fa9316622aacda3c22a74e43304b8b67a67359f20da9bc685a2da958a71,2638,65.0,31.0,physical_only,5.544495133742857e-07,-0.00011321807950806409,-3.2465691542513457e-06,1.207517379543561e-05,3.80101866762563e-06,-0.00012529325330349977
10,10,loading,1.05,10b74fa9316622aacda3c22a74e43304b8b67a67359f20da9bc685a2da958a71,2639,66.0,31.0,physical_only,-5.909521480688303e-07,-0.0001502257289267121,-3.3570256356347395e-06,1.5034330914437063e-05,2.7660734875659084e-06,-0.00016526005984114915
10,10,loading,1.05,10b74fa9316622aacda3c22a74e43304b8b67a67359f20da9bc685a2da958a71,2640,67.0,31.0,physical_only,-3.471181187395868e-06,-0.00019346296113173923,-3.48727549991433e-06,1.8572264475926237e-05,1.609431251846236e-08,-0.00021203522560766554
10,10,loading,1.05,10b74fa9316622aacda3c22a74e43304b8b67a67359f20da9bc685a2da958a71,2641,68.0,31.0,physical_only,-4.471680279272126e-06,-0.0002457820045261512,-3.638934477924702e-06,2.2862408795755082e-05,-8.327458013474251e-07,-0.00026864441332190617
10,10,loading,1.05,10b74fa9316622aacda3c22a74e43304b8b67a67359f20da9bc685a2da958a71,2642,69.0,31.0,physical_only,-6.028706393903809e-06,-0.0003114069875909478,-3.817455608893482e-06,2.814506362228576e-05,-2.211250785010327e-06,-0.00033955205121323343
10,10,loading,1.05,10b74fa9316622aacda3c22a74e43304b8b67a67359f20da9bc685a2da958a71,2643,70.0,31.0,physical_only,-8.088530381713427e-06,-0.00039142438577322784,-4.033083193009503e-06,3.477227101877436e-05,-4.055447188703925e-06,-0.0004261966567920021
10,10,loading,1.05,10b74fa9316622aacda3c22a74e43304b8b67a67359f20da9bc685a2da958a71,2644,71.0,31.0,physical_only,-1.0611987838637147e-05,-0.0004881226935402453,-4.300569352500143e-06,4.327721693180929e-05,-6.311418486137002e-06,-0.0005313999104720546
10,10,loading,1.05,10b74fa9316622aacda3c22a74e43304b8b67a67359f20da9bc685a2da958a71,2645,72.0,31.0,physical_only,-1.3339282097458749e-05,-0.0006038673768301575,-4.643243339865199e-06,5.4503674368565964e-05,-8.69603875759355e-06,-0.0006583710511987237
10,10,loading,1.05,10b74fa9316622aacda3c22a74e43304b8b67a67359f20da9bc685a2da958a71,2646,73.0,31.0,physical_only,-1.5528255458532276e-05,-0.0007418393478439314,-5.100200560583439e-06,6.98642060022411e-05,-1.0428054897948833e-05,-0.0008117035538461725
10,10,loading,1.05,10b74fa9316622aacda3c22a74e43304b8b67a67359f20da9bc685a2da958a71,2647,74.0,31.0,physical_only,-1.697054517892307e-05,-0.00090692002097853,-5.742105174233705e-06,9.190530065198869e-05,-1.1228440004689366e-05,-0.0009988253216305183
10,10,loading,1.05,10b74fa9316622aacda3c22a74e43304b8b67a67359f20da9bc685a2da958a71,2648,75.0,31.0,physical_only,-2.1267377867428453e-05,-0.0011056440038072933,-6.7095116442205455e-06,0.0001257022078694673,-1.4557866223207905e-05,-0.0012313462116767607
10,10,loading,1.05,10b74fa9316622aacda3c22a74e43304b8b67a67359f20da9bc685a2da958a71,2649,76.0,31.0,physical_only,-4.7197458944285776e-05,-0.0013348816788753609,-8.318318885205021e-06,0.0001829015280926015,-3.8879140059080766e-05,-0.0015177832069679627
10,10,loading,1.05,10b74fa9316622aacda3c22a74e43304b8b67a67359f20da9bc685a2da958a71,2650,77.0,31.0,physical_only,-0.00014481171022569816,-0.0014668919182593432,-1.1379151608062736e-05,0.0002961795349686222,-0.00013343255861763544,-0.0017630714532279653
10,10,loading,1.05,10b74fa9316622aacda3c22a74e43304b8b67a67359f20da9bc685a2da958a71,2651,78.0,31.0,physical_only,-0.0002974571128643049,-0.001474267092408681,-1.939917488851115e-05,0.0006051244090682735,-0.0002780579379757938,-0.0020793915014769553
10,10,loading,1.05,10b74fa9316622aacda3c22a74e43304b8b67a67359f20da9bc685a2da958a71,2652,79.0,31.0,physical_only,-0.00057746861023814,0.0043548445293899824,-4.430568706692113e-05,0.0021349284846464713,-0.0005331629231712189,0.00221991604474351
10,10,loading,1.05,10b74fa9316622aacda3c22a74e43304b8b67a67359f20da9bc685a2da958a71,2653,80.0,31.0,physical_only,-0.0005697530536879635,0.07157273352819375,-0.0017322053067413445,0.061747467103057715,0.0011624522530533812,0.009825266425136038
10,10,loading,1.05,10b74fa9316622aacda3c22a74e43304b8b67a67359f20da9bc685a2da958a71,2718,62.0,32.0,physical_only,-7.4760558508381374e-06,-1.1008866778426629e-06,-3.2697488619105184e-06,1.333458748388409e-07,-4.206306988927617e-06,-1.234232552681504e-06
10,10,loading,1.05,10b74fa9316622aacda3c22a74e43304b8b67a67359f20da9bc685a2da958a71,2719,63.0,32.0,interior,-0.0,-0.0,-0.0,-0.0,-0.0,-0.0
10,10,loading,1.05,10b74fa9316622aacda3c22a74e43304b8b67a67359f20da9bc685a2da958a71,2720,64.0,32.0,interior,-0.0,-0.0,-0.0,-0.0,-0.0,-0.0
10,10,loading,1.05,10b74fa9316622aacda3c22a74e43304b8b67a67359f20da9bc685a2da958a71,2721,65.0,32.0,interior,-0.0,-0.0,-0.0,-0.0,-0.0,-0.0
10,10,loading,1.05,10b74fa9316622aacda3c22a74e43304b8b67a67359f20da9bc685a2da958a71,2722,66.0,32.0,interior,-0.0,-0.0,-0.0,-0.0,-0.0,-0.0
10,10,loading,1.05,10b74fa9316622aacda3c22a74e43304b8b67a67359f20da9bc685a2da958a71,2723,67.0,32.0,interior,-0.0,-0.0,-0.0,-0.0,-0.0,-0.0
10,10,loading,1.05,10b74fa9316622aacda3c22a74e43304b8b67a67359f20da9bc685a2da958a71,2724,68.0,32.0,interior,-0.0,-0.0,-0.0,-0.0,-0.0,-0.0
10,10,loading,1.05,10b74fa9316622aacda3c22a74e43304b8b67a67359f20da9bc685a2da958a71,2725,69.0,32.0,interior,-0.0,-0.0,-0.0,-0.0,-0.0,-0.0
10,10,loading,1.05,10b74fa9316622aacda3c22a74e43304b8b67a67359f20da9bc685a2da958a71,2726,70.0,32.0,interior,-0.0,-0.0,-0.0,-0.0,-0.0,-0.0
10,10,loading,1.05,10b74fa9316622aacda3c22a74e43304b8b67a67359f20da9bc685a2da958a71,2727,71.0,32.0,interior,-0.0,-0.0,-0.0,-0.0,-0.0,-0.0
10,10,loading,1.05,10b74fa9316622aacda3c22a74e43304b8b67a67359f20da9bc685a2da958a71,2728,72.0,32.0,interior,-0.0,-0.0,-0.0,-0.0,-0.0,-0.0
10,10,loading,1.05,10b74fa9316622aacda3c22a74e43304b8b67a67359f20da9bc685a2da958a71,2729,73.0,32.0,interior,-0.0,-0.0,-0.0,-0.0,-0.0,-0.0
10,10,loading,1.05,10b74fa9316622aacda3c22a74e43304b8b67a67359f20da9bc685a2da958a71,2730,74.0,32.0,interior,-0.0,-0.0,-0.0,-0.0,-0.0,-0.0
10,10,loading,1.05,10b74fa9316622aacda3c22a74e43304b8b67a67359f20da9bc685a2da958a71,2731,75.0,32.0,interior,-0.0,-0.0,-0.0,-0.0,-0.0,-0.0
10,10,loading,1.05,10b74fa9316622aacda3c22a74e43304b8b67a67359f20da9bc685a2da958a71,2732,76.0,32.0,interior,-0.0,-0.0,-0.0,-0.0,-0.0,-0.0
10,10,loading,1.05,10b74fa9316622aacda3c22a74e43304b8b67a67359f20da9bc685a2da958a71,2733,77.0,32.0,interior,-0.0,-0.0,-0.0,-0.0,-0.0,-0.0
10,10,loading,1.05,10b74fa9316622aacda3c22a74e43304b8b67a67359f20da9bc685a2da958a71,2734,78.0,32.0,interior,-0.0,-0.0,-0.0,-0.0,-0.0,-0.0
10,10,loading,1.05,10b74fa9316622aacda3c22a74e43304b8b67a67359f20da9bc685a2da958a71,2735,79.0,32.0,interior,-0.0,-0.0,-0.0,-0.0,-0.0,-0.0
10,10,loading,1.05,10b74fa9316622aacda3c22a74e43304b8b67a67359f20da9bc685a2da958a71,2736,80.0,32.0,physical_only,4.559186350608391e-07,-5.028191675246279e-08,2.833624488106486e-07,-1.8146515021326896e-06,1.7255618625019038e-07,1.7643695853802226e-06
10,10,loading,1.05,10b74fa9316622aacda3c22a74e43304b8b67a67359f20da9bc685a2da958a71,2801,62.0,33.0,physical_only,-6.020938620478645e-06,-7.375910862492187e-07,-3.501562424915991e-06,1.034739890999442e-07,-2.5193761955626528e-06,-8.41065075349163e-07
10,10,loading,1.05,10b74fa9316622aacda3c22a74e43304b8b67a67359f20da9bc685a2da958a71,2802,63.0,33.0,interior,-0.0,-0.0,-0.0,-0.0,-0.0,-0.0
10,10,loading,1.05,10b74fa9316622aacda3c22a74e43304b8b67a67359f20da9bc685a2da958a71,2803,64.0,33.0,interior,-0.0,-0.0,-0.0,-0.0,-0.0,-0.0
10,10,loading,1.05,10b74fa9316622aacda3c22a74e43304b8b67a67359f20da9bc685a2da958a71,2804,65.0,33.0,interior,-0.0,-0.0,-0.0,-0.0,-0.0,-0.0
10,10,loading,1.05,10b74fa9316622aacda3c22a74e43304b8b67a67359f20da9bc685a2da958a71,2805,66.0,33.0,interior,-0.0,-0.0,-0.0,-0.0,-0.0,-0.0
10,10,loading,1.05,10b74fa9316622aacda3c22a74e43304b8b67a67359f20da9bc685a2da958a71,2806,67.0,33.0,interior,-0.0,-0.0,-0.0,-0.0,-0.0,-0.0
10,10,loading,1.05,10b74fa9316622aacda3c22a74e43304b8b67a67359f20da9bc685a2da958a71,2807,68.0,33.0,interior,-0.0,-0.0,-0.0,-0.0,-0.0,-0.0
10,10,loading,1.05,10b74fa9316622aacda3c22a74e43304b8b67a67359f20da9bc685a2da958a71,2808,69.0,33.0,interior,-0.0,-0.0,-0.0,-0.0,-0.0,-0.0
10,10,loading,1.05,10b74fa9316622aacda3c22a74e43304b8b67a67359f20da9bc685a2da958a71,2809,70.0,33.0,interior,-0.0,-0.0,-0.0,-0.0,-0.0,-0.0
10,10,loading,1.05,10b74fa9316622aacda3c22a74e43304b8b67a67359f20da9bc685a2da958a71,2810,71.0,33.0,interior,-0.0,-0.0,-0.0,-0.0,-0.0,-0.0
10,10,loading,1.05,10b74fa9316622aacda3c22a74e43304b8b67a67359f20da9bc685a2da958a71,2811,72.0,33.0,interior,-0.0,-0.0,-0.0,-0.0,-0.0,-0.0
10,10,loading,1.05,10b74fa9316622aacda3c22a74e43304b8b67a67359f20da9bc685a2da958a71,2812,73.0,33.0,interior,-0.0,-0.0,-0.0,-0.0,-0.0,-0.0
10,10,loading,1.05,10b74fa9316622aacda3c22a74e43304b8b67a67359f20da9bc685a2da958a71,2813,74.0,33.0,interior,-0.0,-0.0,-0.0,-0.0,-0.0,-0.0
10,10,loading,1.05,10b74fa9316622aacda3c22a74e43304b8b67a67359f20da9bc685a2da958a71,2814,75.0,33.0,interior,-0.0,-0.0,-0.0,-0.0,-0.0,-0.0
10,10,loading,1.05,10b74fa9316622aacda3c22a74e43304b8b67a67359f20da9bc685a2da958a71,2815,76.0,33.0,interior,-0.0,-0.0,-0.0,-0.0,-0.0,-0.0
10,10,loading,1.05,10b74fa9316622aacda3c22a74e43304b8b67a67359f20da9bc685a2da958a71,2816,77.0,33.0,interior,-0.0,-0.0,-0.0,-0.0,-0.0,-0.0
10,10,loading,1.05,10b74fa9316622aacda3c22a74e43304b8b67a67359f20da9bc685a2da958a71,2817,78.0,33.0,interior,-0.0,-0.0,-0.0,-0.0,-0.0,-0.0
10,10,loading,1.05,10b74fa9316622aacda3c22a74e43304b8b67a67359f20da9bc685a2da958a71,2818,79.0,33.0,interior,-0.0,-0.0,-0.0,-0.0,-0.0,-0.0
10,10,loading,1.05,10b74fa9316622aacda3c22a74e43304b8b67a67359f20da9bc685a2da958a71,2819,80.0,33.0,physical_only,4.4528323644167936e-07,-4.31462527827924e-08,2.878078531009802e-07,-1.5745198692480467e-06,1.5747538334069924e-07,1.5313736164652628e-06
10,10,loading,1.05,10b74fa9316622aacda3c22a74e43304b8b67a67359f20da9bc685a2da958a71,2884,62.0,34.0,physical_only,-5.350889283526702e-06,-2.680076694853933e-07,-3.6873840489590566e-06,8.511536094583612e-08,-1.6635052345676455e-06,-3.531230304312294e-07
10,10,loading,1.05,10b74fa9316622aacda3c22a74e43304b8b67a67359f20da9bc685a2da958a71,2885,63.0,34.0,interior,-0.0,-0.0,-0.0,-0.0,-0.0,-0.0
10,10,loading,1.05,10b74fa9316622aacda3c22a74e43304b8b67a67359f20da9bc685a2da958a71,2886,64.0,34.0,interior,-0.0,-0.0,-0.0,-0.0,-0.0,-0.0
10,10,loading,1.05,10b74fa9316622aacda3c22a74e43304b8b67a67359f20da9bc685a2da958a71,2887,65.0,34.0,interior,-0.0,-0.0,-0.0,-0.0,-0.0,-0.0
10,10,loading,1.05,10b74fa9316622aacda3c22a74e43304b8b67a67359f20da9bc685a2da958a71,2888,66.0,34.0,interior,-0.0,-0.0,-0.0,-0.0,-0.0,-0.0
10,10,loading,1.05,10b74fa9316622aacda3c22a74e43304b8b67a67359f20da9bc685a2da958a71,2889,67.0,34.0,interior,-0.0,-0.0,-0.0,-0.0,-0.0,-0.0
10,10,loading,1.05,10b74fa9316622aacda3c22a74e43304b8b67a67359f20da9bc685a2da958a71,2890,68.0,34.0,interior,-0.0,-0.0,-0.0,-0.0,-0.0,-0.0
10,10,loading,1.05,10b74fa9316622aacda3c22a74e43304b8b67a67359f20da9bc685a2da958a71,2891,69.0,34.0,interior,-0.0,-0.0,-0.0,-0.0,-0.0,-0.0
10,10,loading,1.05,10b74fa9316622aacda3c22a74e43304b8b67a67359f20da9bc685a2da958a71,2892,70.0,34.0,interior,-0.0,-0.0,-0.0,-0.0,-0.0,-0.0
10,10,loading,1.05,10b74fa9316622aacda3c22a74e43304b8b67a67359f20da9bc685a2da958a71,2893,71.0,34.0,interior,-0.0,-0.0,-0.0,-0.0,-0.0,-0.0
10,10,loading,1.05,10b74fa9316622aacda3c22a74e43304b8b67a67359f20da9bc685a2da958a71,2894,72.0,34.0,interior,-0.0,-0.0,-0.0,-0.0,-0.0,-0.0
10,10,loading,1.05,10b74fa9316622aacda3c22a74e43304b8b67a67359f20da9bc685a2da958a71,2895,73.0,34.0,interior,-0.0,-0.0,-0.0,-0.0,-0.0,-0.0
10,10,loading,1.05,10b74fa9316622aacda3c22a74e43304b8b67a67359f20da9bc685a2da958a71,2896,74.0,34.0,interior,-0.0,-0.0,-0.0,-0.0,-0.0,-0.0
10,10,loading,1.05,10b74fa9316622aacda3c22a74e43304b8b67a67359f20da9bc685a2da958a71,2897,75.0,34.0,interior,-0.0,-0.0,-0.0,-0.0,-0.0,-0.0
10,10,loading,1.05,10b74fa9316622aacda3c22a74e43304b8b67a67359f20da9bc685a2da958a71,2898,76.0,34.0,interior,-0.0,-0.0,-0.0,-0.0,-0.0,-0.0
10,10,loading,1.05,10b74fa9316622aacda3c22a74e43304b8b67a67359f20da9bc685a2da958a71,2899,77.0,34.0,interior,-0.0,-0.0,-0.0,-0.0,-0.0,-0.0
10,10,loading,1.05,10b74fa9316622aacda3c22a74e43304b8b67a67359f20da9bc685a2da958a71,2900,78.0,34.0,interior,-0.0,-0.0,-0.0,-0.0,-0.0,-0.0
10,10,loading,1.05,10b74fa9316622aacda3c22a74e43304b8b67a67359f20da9bc685a2da958a71,2901,79.0,34.0,interior,-0.0,-0.0,-0.0,-0.0,-0.0,-0.0
10,10,loading,1.05,10b74fa9316622aacda3c22a74e43304b8b67a67359f20da9bc685a2da958a71,2902,80.0,34.0,physical_only,4.3611660196425036e-07,-3.637500601026472e-08,2.9136343567400826e-07,-1.339733477374613e-06,1.447531662902421e-07,1.3033584713643384e-06
10,10,loading,1.05,10b74fa9316622aacda3c22a74e43304b8b67a67359f20da9bc685a2da958a71,2967,62.0,35.0,physical_only,-5.191458031883521e-06,8.14225710564465e-08,-3.840566579196958e-06,7.266461954959388e-08,-1.3508914526865634e-06,8.757951506852616e-09
10,10,loading,1.05,10b74fa9316622aacda3c22a74e43304b8b67a67359f20da9bc685a2da958a71,2968,63.0,35.0,interior,-0.0,-0.0,-0.0,-0.0,-0.0,-0.0
10,10,loading,1.05,10b74fa9316622aacda3c22a74e43304b8b67a67359f20da9bc685a2da958a71,2969,64.0,35.0,interior,-0.0,-0.0,-0.0,-0.0,-0.0,-0.0
10,10,loading,1.05,10b74fa9316622aacda3c22a74e43304b8b67a67359f20da9bc685a2da958a71,2970,65.0,35.0,interior,-0.0,-0.0,-0.0,-0.0,-0.0,-0.0
10,10,loading,1.05,10b74fa9316622aacda3c22a74e43304b8b67a67359f20da9bc685a2da958a71,2971,66.0,35.0,interior,-0.0,-0.0,-0.0,-0.0,-0.0,-0.0
10,10,loading,1.05,10b74fa9316622aacda3c22a74e43304b8b67a67359f20da9bc685a2da958a71,2972,67.0,35.0,interior,-0.0,-0.0,-0.0,-0.0,-0.0,-0.0
10,10,loading,1.05,10b74fa9316622aacda3c22a74e43304b8b67a67359f20da9bc685a2da958a71,2973,68.0,35.0,interior,-0.0,-0.0,-0.0,-0.0,-0.0,-0.0
10,10,loading,1.05,10b74fa9316622aacda3c22a74e43304b8b67a67359f20da9bc685a2da958a71,2974,69.0,35.0,interior,-0.0,-0.0,-0.0,-0.0,-0.0,-0.0
10,10,loading,1.05,10b74fa9316622aacda3c22a74e43304b8b67a67359f20da9bc685a2da958a71,2975,70.0,35.0,interior,-0.0,-0.0,-0.0,-0.0,-0.0,-0.0
10,10,loading,1.05,10b74fa9316622aacda3c22a74e43304b8b67a67359f20da9bc685a2da958a71,2976,71.0,35.0,interior,-0.0,-0.0,-0.0,-0.0,-0.0,-0.0
10,10,loading,1.05,10b74fa9316622aacda3c22a74e43304b8b67a67359f20da9bc685a2da958a71,2977,72.0,35.0,interior,-0.0,-0.0,-0.0,-0.0,-0.0,-0.0
10,10,loading,1.05,10b74fa9316622aacda3c22a74e43304b8b67a67359f20da9bc685a2da958a71,2978,73.0,35.0,interior,-0.0,-0.0,-0.0,-0.0,-0.0,-0.0
10,10,loading,1.05,10b74fa9316622aacda3c22a74e43304b8b67a67359f20da9bc685a2da958a71,2979,74.0,35.0,interior,-0.0,-0.0,-0.0,-0.0,-0.0,-0.0
10,10,loading,1.05,10b74fa9316622aacda3c22a74e43304b8b67a67359f20da9bc685a2da958a71,2980,75.0,35.0,interior,-0.0,-0.0,-0.0,-0.0,-0.0,-0.0
10,10,loading,1.05,10b74fa9316622aacda3c22a74e43304b8b67a67359f20da9bc685a2da958a71,2981,76.0,35.0,interior,-0.0,-0.0,-0.0,-0.0,-0.0,-0.0
10,10,loading,1.05,10b74fa9316622aacda3c22a74e43304b8b67a67359f20da9bc685a2da958a71,2982,77.0,35.0,interior,-0.0,-0.0,-0.0,-0.0,-0.0,-0.0
10,10,loading,1.05,10b74fa9316622aacda3c22a74e43304b8b67a67359f20da9bc685a2da958a71,2983,78.0,35.0,interior,-0.0,-0.0,-0.0,-0.0,-0.0,-0.0
10,10,loading,1.05,10b74fa9316622aacda3c22a74e43304b8b67a67359f20da9bc685a2da958a71,2984,79.0,35.0,interior,-0.0,-0.0,-0.0,-0.0,-0.0,-0.0
10,10,loading,1.05,10b74fa9316622aacda3c22a74e43304b8b67a67359f20da9bc685a2da958a71,2985,80.0,35.0,physical_only,4.283990568421399e-07,-2.989778395893323e-08,2.9416026942321975e-07,-1.1095113465431127e-06,1.3423878741892006e-07,1.0796135625841974e-06
10,10,loading,1.05,10b74fa9316622aacda3c22a74e43304b8b67a67359f20da9bc685a2da958a71,3050,62.0,36.0,physical_only,-5.277598669717069e-06,2.472015822166644e-07,-3.966923621417628e-06,6.152311206441892e-08,-1.3106750482994407e-06,1.8567847015224553e-07
10,10,loading,1.05,10b74fa9316622aacda3c22a74e43304b8b67a67359f20da9bc685a2da958a71,3051,63.0,36.0,interior,-0.0,-0.0,-0.0,-0.0,-0.0,-0.0
10,10,loading,1.05,10b74fa9316622aacda3c22a74e43304b8b67a67359f20da9bc685a2da958a71,3052,64.0,36.0,interior,-0.0,-0.0,-0.0,-0.0,-0.0,-0.0
10,10,loading,1.05,10b74fa9316622aacda3c22a74e43304b8b67a67359f20da9bc685a2da958a71,3053,65.0,36.0,interior,-0.0,-0.0,-0.0,-0.0,-0.0,-0.0
10,10,loading,1.05,10b74fa9316622aacda3c22a74e43304b8b67a67359f20da9bc685a2da958a71,3054,66.0,36.0,interior,-0.0,-0.0,-0.0,-0.0,-0.0,-0.0
10,10,loading,1.05,10b74fa9316622aacda3c22a74e43304b8b67a67359f20da9bc685a2da958a71,3055,67.0,36.0,interior,-0.0,-0.0,-0.0,-0.0,-0.0,-0.0
10,10,loading,1.05,10b74fa9316622aacda3c22a74e43304b8b67a67359f20da9bc685a2da958a71,3056,68.0,36.0,interior,-0.0,-0.0,-0.0,-0.0,-0.0,-0.0
10,10,loading,1.05,10b74fa9316622aacda3c22a74e43304b8b67a67359f20da9bc685a2da958a71,3057,69.0,36.0,interior,-0.0,-0.0,-0.0,-0.0,-0.0,-0.0
10,10,loading,1.05,10b74fa9316622aacda3c22a74e43304b8b67a67359f20da9bc685a2da958a71,3058,70.0,36.0,interior,-0.0,-0.0,-0.0,-0.0,-0.0,-0.0
10,10,loading,1.05,10b74fa9316622aacda3c22a74e43304b8b67a67359f20da9bc685a2da958a71,3059,71.0,36.0,interior,-0.0,-0.0,-0.0,-0.0,-0.0,-0.0
10,10,loading,1.05,10b74fa9316622aacda3c22a74e43304b8b67a67359f20da9bc685a2da958a71,3060,72.0,36.0,interior,-0.0,-0.0,-0.0,-0.0,-0.0,-0.0
10,10,loading,1.05,10b74fa9316622aacda3c22a74e43304b8b67a67359f20da9bc685a2da958a71,3061,73.0,36.0,interior,-0.0,-0.0,-0.0,-0.0,-0.0,-0.0
10,10,loading,1.05,10b74fa9316622aacda3c22a74e43304b8b67a67359f20da9bc685a2da958a71,3062,74.0,36.0,interior,-0.0,-0.0,-0.0,-0.0,-0.0,-0.0
10,10,loading,1.05,10b74fa9316622aacda3c22a74e43304b8b67a67359f20da9bc685a2da958a71,3063,75.0,36.0,interior,-0.0,-0.0,-0.0,-0.0,-0.0,-0.0
10,10,loading,1.05,10b74fa9316622aacda3c22a74e43304b8b67a67359f20da9bc685a2da958a71,3064,76.0,36.0,interior,-0.0,-0.0,-0.0,-0.0,-0.0,-0.0
10,10,loading,1.05,10b74fa9316622aacda3c22a74e43304b8b67a67359f20da9bc685a2da958a71,3065,77.0,36.0,interior,-0.0,-0.0,-0.0,-0.0,-0.0,-0.0
10,10,loading,1.05,10b74fa9316622aacda3c22a74e43304b8b67a67359f20da9bc685a2da958a71,3066,78.0,36.0,interior,-0.0,-0.0,-0.0,-0.0,-0.0,-0.0
10,10,loading,1.05,10b74fa9316622aacda3c22a74e43304b8b67a67359f20da9bc685a2da958a71,3067,79.0,36.0,interior,-0.0,-0.0,-0.0,-0.0,-0.0,-0.0
10,10,loading,1.05,10b74fa9316622aacda3c22a74e43304b8b67a67359f20da9bc685a2da958a71,3068,80.0,36.0,physical_only,4.221122290885545e-07,-2.3653784322181202e-08,2.963063769427055e-07,-8.830798627721038e-07,1.2580585214584883e-07,8.594260784499199e-07
10,10,loading,1.05,10b74fa9316622aacda3c22a74e43304b8b67a67359f20da9bc685a2da958a71,3133,62.0,37.0,physical_only,-5.4277310653107485e-06,2.717525000666297e-07,-4.067450254317263e-06,4.902507414846855e-08,-1.3602808109934853e-06,2.2272742591816112e-07
10,10,loading,1.05,10b74fa9316622aacda3c22a74e43304b8b67a67359f20da9bc685a2da958a71,3134,63.0,37.0,interior,-0.0,-0.0,-0.0,-0.0,-0.0,-0.0
10,10,loading,1.05,10b74fa9316622aacda3c22a74e43304b8b67a67359f20da9bc685a2da958a71,3135,64.0,37.0,interior,-0.0,-0.0,-0.0,-0.0,-0.0,-0.0
10,10,loading,1.05,10b74fa9316622aacda3c22a74e43304b8b67a67359f20da9bc685a2da958a71,3136,65.0,37.0,interior,-0.0,-0.0,-0.0,-0.0,-0.0,-0.0
10,10,loading,1.05,10b74fa9316622aacda3c22a74e43304b8b67a67359f20da9bc685a2da958a71,3137,66.0,37.0,interior,-0.0,-0.0,-0.0,-0.0,-0.0,-0.0
10,10,loading,1.05,10b74fa9316622aacda3c22a74e43304b8b67a67359f20da9bc685a2da958a71,3138,67.0,37.0,interior,-0.0,-0.0,-0.0,-0.0,-0.0,-0.0
10,10,loading,1.05,10b74fa9316622aacda3c22a74e43304b8b67a67359f20da9bc685a2da958a71,3139,68.0,37.0,interior,-0.0,-0.0,-0.0,-0.0,-0.0,-0.0
10,10,loading,1.05,10b74fa9316622aacda3c22a74e43304b8b67a67359f20da9bc685a2da958a71,3140,69.0,37.0,interior,-0.0,-0.0,-0.0,-0.0,-0.0,-0.0
10,10,loading,1.05,10b74fa9316622aacda3c22a74e43304b8b67a67359f20da9bc685a2da958a71,3141,70.0,37.0,interior,-0.0,-0.0,-0.0,-0.0,-0.0,-0.0
10,10,loading,1.05,10b74fa9316622aacda3c22a74e43304b8b67a67359f20da9bc685a2da958a71,3142,71.0,37.0,interior,-0.0,-0.0,-0.0,-0.0,-0.0,-0.0
10,10,loading,1.05,10b74fa9316622aacda3c22a74e43304b8b67a67359f20da9bc685a2da958a71,3143,72.0,37.0,interior,-0.0,-0.0,-0.0,-0.0,-0.0,-0.0
10,10,loading,1.05,10b74fa9316622aacda3c22a74e43304b8b67a67359f20da9bc685a2da958a71,3144,73.0,37.0,interior,-0.0,-0.0,-0.0,-0.0,-0.0,-0.0
10,10,loading,1.05,10b74fa9316622aacda3c22a74e43304b8b67a67359f20da9bc685a2da958a71,3145,74.0,37.0,interior,-0.0,-0.0,-0.0,-0.0,-0.0,-0.0
10,10,loading,1.05,10b74fa9316622aacda3c22a74e43304b8b67a67359f20da9bc685a2da958a71,3146,75.0,37.0,interior,-0.0,-0.0,-0.0,-0.0,-0.0,-0.0
10,10,loading,1.05,10b74fa9316622aacda3c22a74e43304b8b67a67359f20da9bc685a2da958a71,3147,76.0,37.0,interior,-0.0,-0.0,-0.0,-0.0,-0.0,-0.0
10,10,loading,1.05,10b74fa9316622aacda3c22a74e43304b8b67a67359f20da9bc685a2da958a71,3148,77.0,37.0,interior,-0.0,-0.0,-0.0,-0.0,-0.0,-0.0
10,10,loading,1.05,10b74fa9316622aacda3c22a74e43304b8b67a67359f20da9bc685a2da958a71,3149,78.0,37.0,interior,-0.0,-0.0,-0.0,-0.0,-0.0,-0.0
10,10,loading,1.05,10b74fa9316622aacda3c22a74e43304b8b67a67359f20da9bc685a2da958a71,3150,79.0,37.0,interior,-0.0,-0.0,-0.0,-0.0,-0.0,-0.0
10,10,loading,1.05,10b74fa9316622aacda3c22a74e43304b8b67a67359f20da9bc685a2da958a71,3151,80.0,37.0,physical_only,4.1724008151329204e-07,-1.7589198436889896e-08,2.978881789522183e-07,-6.596721053765906e-07,1.1935190256107381e-07,6.420829069396939e-07
10,10,loading,1.05,10b74fa9316622aacda3c22a74e43304b8b67a67359f20da9bc685a2da958a71,3216,62.0,38.0,physical_only,-5.556025515329261e-06,2.107435158348517e-07,-4.140956226925384e-06,3.431992501577927e-08,-1.4150692884038765e-06,1.7642359081907254e-07
10,10,loading,1.05,10b74fa9316622aacda3c22a74e43304b8b67a67359f20da9bc685a2da958a71,3217,63.0,38.0,interior,-0.0,-0.0,-0.0,-0.0,-0.0,-0.0
10,10,loading,1.05,10b74fa9316622aacda3c22a74e43304b8b67a67359f20da9bc685a2da958a71,3218,64.0,38.0,interior,-0.0,-0.0,-0.0,-0.0,-0.0,-0.0
10,10,loading,1.05,10b74fa9316622aacda3c22a74e43304b8b67a67359f20da9bc685a2da958a71,3219,65.0,38.0,interior,-0.0,-0.0,-0.0,-0.0,-0.0,-0.0
10,10,loading,1.05,10b74fa9316622aacda3c22a74e43304b8b67a67359f20da9bc685a2da958a71,3220,66.0,38.0,interior,-0.0,-0.0,-0.0,-0.0,-0.0,-0.0
10,10,loading,1.05,10b74fa9316622aacda3c22a74e43304b8b67a67359f20da9bc685a2da958a71,3221,67.0,38.0,interior,-0.0,-0.0,-0.0,-0.0,-0.0,-0.0
10,10,loading,1.05,10b74fa9316622aacda3c22a74e43304b8b67a67359f20da9bc685a2da958a71,3222,68.0,38.0,interior,-0.0,-0.0,-0.0,-0.0,-0.0,-0.0
10,10,loading,1.05,10b74fa9316622aacda3c22a74e43304b8b67a67359f20da9bc685a2da958a71,3223,69.0,38.0,interior,-0.0,-0.0,-0.0,-0.0,-0.0,-0.0
10,10,loading,1.05,10b74fa9316622aacda3c22a74e43304b8b67a67359f20da9bc685a2da958a71,3224,70.0,38.0,interior,-0.0,-0.0,-0.0,-0.0,-0.0,-0.0
10,10,loading,1.05,10b74fa9316622aacda3c22a74e43304b8b67a67359f20da9bc685a2da958a71,3225,71.0,38.0,interior,-0.0,-0.0,-0.0,-0.0,-0.0,-0.0
10,10,loading,1.05,10b74fa9316622aacda3c22a74e43304b8b67a67359f20da9bc685a2da958a71,3226,72.0,38.0,interior,-0.0,-0.0,-0.0,-0.0,-0.0,-0.0
10,10,loading,1.05,10b74fa9316622aacda3c22a74e43304b8b67a67359f20da9bc685a2da958a71,3227,73.0,38.0,interior,-0.0,-0.0,-0.0,-0.0,-0.0,-0.0
10,10,loading,1.05,10b74fa9316622aacda3c22a74e43304b8b67a67359f20da9bc685a2da958a71,3228,74.0,38.0,interior,-0.0,-0.0,-0.0,-0.0,-0.0,-0.0
10,10,loading,1.05,10b74fa9316622aacda3c22a74e43304b8b67a67359f20da9bc685a2da958a71,3229,75.0,38.0,interior,-0.0,-0.0,-0.0,-0.0,-0.0,-0.0
10,10,loading,1.05,10b74fa9316622aacda3c22a74e43304b8b67a67359f20da9bc685a2da958a71,3230,76.0,38.0,interior,-0.0,-0.0,-0.0,-0.0,-0.0,-0.0
10,10,loading,1.05,10b74fa9316622aacda3c22a74e43304b8b67a67359f20da9bc685a2da958a71,3231,77.0,38.0,interior,-0.0,-0.0,-0.0,-0.0,-0.0,-0.0
10,10,loading,1.05,10b74fa9316622aacda3c22a74e43304b8b67a67359f20da9bc685a2da958a71,3232,78.0,38.0,interior,-0.0,-0.0,-0.0,-0.0,-0.0,-0.0
10,10,loading,1.05,10b74fa9316622aacda3c22a74e43304b8b67a67359f20da9bc685a2da958a71,3233,79.0,38.0,interior,-0.0,-0.0,-0.0,-0.0,-0.0,-0.0
10,10,loading,1.05,10b74fa9316622aacda3c22a74e43304b8b67a67359f20da9bc685a2da958a71,3234,80.0,38.0,physical_only,4.137695918044082e-07,-1.1655234408584404e-08,2.989716748501728e-07,-4.3852685760054845e-07,1.1479791695423535e-07,4.268716231919565e-07
10,10,loading,1.05,10b74fa9316622aacda3c22a74e43304b8b67a67359f20da9bc685a2da958a71,3299,62.0,39.0,physical_only,-5.632890915132174e-06,1.1120858671994043e-07,-4.18583736054731e-06,1.7691878428495364e-08,-1.447053554584863e-06,9.351670829144517e-08
10,10,loading,1.05,10b74fa9316622aacda3c22a74e43304b8b67a67359f20da9bc685a2da958a71,3300,63.0,39.0,interior,-0.0,-0.0,-0.0,-0.0,-0.0,-0.0
10,10,loading,1.05,10b74fa9316622aacda3c22a74e43304b8b67a67359f20da9bc685a2da958a71,3301,64.0,39.0,interior,-0.0,-0.0,-0.0,-0.0,-0.0,-0.0
10,10,loading,1.05,10b74fa9316622aacda3c22a74e43304b8b67a67359f20da9bc685a2da958a71,3302,65.0,39.0,interior,-0.0,-0.0,-0.0,-0.0,-0.0,-0.0
10,10,loading,1.05,10b74fa9316622aacda3c22a74e43304b8b67a67359f20da9bc685a2da958a71,3303,66.0,39.0,interior,-0.0,-0.0,-0.0,-0.0,-0.0,-0.0
10,10,loading,1.05,10b74fa9316622aacda3c22a74e43304b8b67a67359f20da9bc685a2da958a71,3304,67.0,39.0,interior,-0.0,-0.0,-0.0,-0.0,-0.0,-0.0
10,10,loading,1.05,10b74fa9316622aacda3c22a74e43304b8b67a67359f20da9bc685a2da958a71,3305,68.0,39.0,interior,-0.0,-0.0,-0.0,-0.0,-0.0,-0.0
10,10,loading,1.05,10b74fa9316622aacda3c22a74e43304b8b67a67359f20da9bc685a2da958a71,3306,69.0,39.0,interior,-0.0,-0.0,-0.0,-0.0,-0.0,-0.0
10,10,loading,1.05,10b74fa9316622aacda3c22a74e43304b8b67a67359f20da9bc685a2da958a71,3307,70.0,39.0,interior,-0.0,-0.0,-0.0,-0.0,-0.0,-0.0
10,10,loading,1.05,10b74fa9316622aacda3c22a74e43304b8b67a67359f20da9bc685a2da958a71,3308,71.0,39.0,interior,-0.0,-0.0,-0.0,-0.0,-0.0,-0.0
10,10,loading,1.05,10b74fa9316622aacda3c22a74e43304b8b67a67359f20da9bc685a2da958a71,3309,72.0,39.0,interior,-0.0,-0.0,-0.0,-0.0,-0.0,-0.0
10,10,loading,1.05,10b74fa9316622aacda3c22a74e43304b8b67a67359f20da9bc685a2da958a71,3310,73.0,39.0,interior,-0.0,-0.0,-0.0,-0.0,-0.0,-0.0
10,10,loading,1.05,10b74fa9316622aacda3c22a74e43304b8b67a67359f20da9bc685a2da958a71,3311,74.0,39.0,interior,-0.0,-0.0,-0.0,-0.0,-0.0,-0.0
10,10,loading,1.05,10b74fa9316622aacda3c22a74e43304b8b67a67359f20da9bc685a2da958a71,3312,75.0,39.0,interior,-0.0,-0.0,-0.0,-0.0,-0.0,-0.0
10,10,loading,1.05,10b74fa9316622aacda3c22a74e43304b8b67a67359f20da9bc685a2da958a71,3313,76.0,39.0,interior,-0.0,-0.0,-0.0,-0.0,-0.0,-0.0
10,10,loading,1.05,10b74fa9316622aacda3c22a74e43304b8b67a67359f20da9bc685a2da958a71,3314,77.0,39.0,interior,-0.0,-0.0,-0.0,-0.0,-0.0,-0.0
10,10,loading,1.05,10b74fa9316622aacda3c22a74e43304b8b67a67359f20da9bc685a2da958a71,3315,78.0,39.0,interior,-0.0,-0.0,-0.0,-0.0,-0.0,-0.0
10,10,loading,1.05,10b74fa9316622aacda3c22a74e43304b8b67a67359f20da9bc685a2da958a71,3316,79.0,39.0,interior,-0.0,-0.0,-0.0,-0.0,-0.0,-0.0
10,10,loading,1.05,10b74fa9316622aacda3c22a74e43304b8b67a67359f20da9bc685a2da958a71,3317,80.0,39.0,physical_only,4.1169119329361904e-07,-5.806557001780438e-09,2.9960335703510577e-07,-2.1888737792891105e-07,1.1208783625851328e-07,2.1308082092711907e-07
10,10,loading,1.05,10b74fa9316622aacda3c22a74e43304b8b67a67359f20da9bc685a2da958a71,3382,62.0,40.0,physical_and_cut,-2.8287672315823065e-06,-1.8091168524071915e-06,-2.1004666699883517e-06,-9.564059521895436e-07,-7.283005615939545e-07,-8.527109002176478e-07
10,10,loading,1.05,10b74fa9316622aacda3c22a74e43304b8b67a67359f20da9bc685a2da958a71,3383,63.0,40.0,cut_only,-0.0,-0.0,-0.0,-0.0,-0.0,-0.0
10,10,loading,1.05,10b74fa9316622aacda3c22a74e43304b8b67a67359f20da9bc685a2da958a71,3384,64.0,40.0,cut_only,-0.0,-0.0,-0.0,-0.0,-0.0,-0.0
10,10,loading,1.05,10b74fa9316622aacda3c22a74e43304b8b67a67359f20da9bc685a2da958a71,3385,65.0,40.0,cut_only,-0.0,-0.0,-0.0,-0.0,-0.0,-0.0
10,10,loading,1.05,10b74fa9316622aacda3c22a74e43304b8b67a67359f20da9bc685a2da958a71,3386,66.0,40.0,cut_only,-0.0,-0.0,-0.0,-0.0,-0.0,-0.0
10,10,loading,1.05,10b74fa9316622aacda3c22a74e43304b8b67a67359f20da9bc685a2da958a71,3387,67.0,40.0,cut_only,-0.0,-0.0,-0.0,-0.0,-0.0,-0.0
10,10,loading,1.05,10b74fa9316622aacda3c22a74e43304b8b67a67359f20da9bc685a2da958a71,3388,68.0,40.0,cut_only,-0.0,-0.0,-0.0,-0.0,-0.0,-0.0
10,10,loading,1.05,10b74fa9316622aacda3c22a74e43304b8b67a67359f20da9bc685a2da958a71,3389,69.0,40.0,cut_only,-0.0,-0.0,-0.0,-0.0,-0.0,-0.0
10,10,loading,1.05,10b74fa9316622aacda3c22a74e43304b8b67a67359f20da9bc685a2da958a71,3390,70.0,40.0,cut_only,-0.0,-0.0,-0.0,-0.0,-0.0,-0.0
10,10,loading,1.05,10b74fa9316622aacda3c22a74e43304b8b67a67359f20da9bc685a2da958a71,3391,71.0,40.0,cut_only,-0.0,-0.0,-0.0,-0.0,-0.0,-0.0
10,10,loading,1.05,10b74fa9316622aacda3c22a74e43304b8b67a67359f20da9bc685a2da958a71,3392,72.0,40.0,cut_only,-0.0,-0.0,-0.0,-0.0,-0.0,-0.0
10,10,loading,1.05,10b74fa9316622aacda3c22a74e43304b8b67a67359f20da9bc685a2da958a71,3393,73.0,40.0,cut_only,-0.0,-0.0,-0.0,-0.0,-0.0,-0.0
10,10,loading,1.05,10b74fa9316622aacda3c22a74e43304b8b67a67359f20da9bc685a2da958a71,3394,74.0,40.0,cut_only,-0.0,-0.0,-0.0,-0.0,-0.0,-0.0
10,10,loading,1.05,10b74fa9316622aacda3c22a74e43304b8b67a67359f20da9bc685a2da958a71,3395,75.0,40.0,cut_only,-0.0,-0.0,-0.0,-0.0,-0.0,-0.0
10,10,loading,1.05,10b74fa9316622aacda3c22a74e43304b8b67a67359f20da9bc685a2da958a71,3396,76.0,40.0,cut_only,-0.0,-0.0,-0.0,-0.0,-0.0,-0.0
10,10,loading,1.05,10b74fa9316622aacda3c22a74e43304b8b67a67359f20da9bc685a2da958a71,3397,77.0,40.0,cut_only,-0.0,-0.0,-0.0,-0.0,-0.0,-0.0
10,10,loading,1.05,10b74fa9316622aacda3c22a74e43304b8b67a67359f20da9bc685a2da958a71,3398,78.0,40.0,cut_only,-0.0,-0.0,-0.0,-0.0,-0.0,-0.0
10,10,loading,1.05,10b74fa9316622aacda3c22a74e43304b8b67a67359f20da9bc685a2da958a71,3399,79.0,40.0,cut_only,-0.0,-0.0,-0.0,-0.0,-0.0,-0.0
10,10,loading,1.05,10b74fa9316622aacda3c22a74e43304b8b67a67359f20da9bc685a2da958a71,3400,80.0,40.0,physical_and_cut,2.0549952385097684e-07,6.104147790060913e-05,1.4990543074638067e-07,-1.6894748733316583e-07,5.5594093104596176e-08,6.12104253879423e-05
11,11,loading,1.1,2f2a8f20442813418a569231f1ec040dfffa0f26c99cab5831a845d01bffc571,2635,62.0,31.0,physical_only,-0.0004279245336550861,-8.123185499402668e-05,-5.508124223749986e-06,6.278907828607503e-06,-0.0004224164094313361,-8.751076282263418e-05
11,11,loading,1.1,2f2a8f20442813418a569231f1ec040dfffa0f26c99cab5831a845d01bffc571,2636,63.0,31.0,physical_only,-2.5725617432539265e-06,-6.523239352037083e-05,-3.0509658914328645e-06,7.367868873460405e-06,4.78404148178938e-07,-7.260026239383125e-05
11,11,loading,1.1,2f2a8f20442813418a569231f1ec040dfffa0f26c99cab5831a845d01bffc571,2637,64.0,31.0,physical_only,-5.927260555492564e-07,-8.547350282005087e-05,-3.1216963956966095e-06,9.5725794497631e-06,2.5289703401473535e-06,-9.504608226981395e-05
11,11,loading,1.1,2f2a8f20442813418a569231f1ec040dfffa0f26c99cab5831a845d01bffc571,2638,65.0,31.0,physical_only,3.725934331123469e-08,-0.00011533436181942894,-3.210308947140828e-06,1.2116219397921248e-05,3.2475682904520623e-06,-0.00012745058121735016
11,11,loading,1.1,2f2a8f20442813418a569231f1ec040dfffa0f26c99cab5831a845d01bffc571,2639,66.0,31.0,physical_only,-1.1113422414444044e-06,-0.00015331687938640595,-3.320295214971783e-06,1.5109802552708223e-05,2.2089529735273796e-06,-0.00016842668193911418
11,11,loading,1.1,2f2a8f20442813418a569231f1ec040dfffa0f26c99cab5831a845d01bffc571,2640,67.0,31.0,physical_only,-4.264707404827883e-06,-0.0001978414501436199,-3.4507226334932375e-06,1.8692337559184987e-05,-8.139847713346467e-07,-0.00021653378770280498
11,11,loading,1.1,2f2a8f20442813418a569231f1ec040dfffa0f26c99cab5831a845d01bffc571,2641,68.0,31.0,physical_only,-5.537842384352254e-06,-0.00025166049854961653,-3.6033338612041534e-06,2.3042749502728155e-05,-1.934508523148099e-06,-0.00027470324805234456
11,11,loading,1.1,2f2a8f20442813418a569231f1ec040dfffa0f26c99cab5831a845d01bffc571,2642,69.0,31.0,physical_only,-7.407250406513496e-06,-0.00031926608104059645,-3.7837566166626096e-06,2.8409453778334375e-05,-3.6234937898508873e-06,-0.00034767553481893066
11,11,loading,1.1,2f2a8f20442813418a569231f1ec040dfffa0f26c99cab5831a845d01bffc571,2643,70.0,31.0,physical_only,-9.852798641095778e-06,-0.00040186621797709543,-4.002711962679243e-06,3.5157781276167536e-05,-5.8500866784165355e-06,-0.00043702399925326296
11,11,loading,1.1,2f2a8f20442813418a569231f1ec040dfffa0f26c99cab5831a845d01bffc571,2644,71.0,31.0,physical_only,-1.2836975538334316e-05,-0.0005019126622293666,-4.275751254609945e-06,4.384390215112182e-05,-8.561224283724373e-06,-0.0005457565643804886
11,11,loading,1.1,2f2a8f20442813418a569231f1ec040dfffa0f26c99cab5831a845d01bffc571,2645,72.0,31.0,physical_only,-1.6094476808485353e-05,-0.0006219388926214375,-4.627595639436133e-06,5.535353636524209e-05,-1.1466881169049221e-05,-0.0006772924289866799
11,11,loading,1.1,2f2a8f20442813418a569231f1ec040dfffa0f26c99cab5831a845d01bffc571,2646,73.0,31.0,physical_only,-1.8681389952331527e-05,-0.000766021826020917,-5.100255624377611e-06,7.118235906942121e-05,-1.3581134327953912e-05,-0.0008372041850903383
11,11,loading,1.1,2f2a8f20442813418a569231f1ec040dfffa0f26c99cab5831a845d01bffc571,2647,74.0,31.0,physical_only,-2.2457030046598875e-05,-0.0009389210782109426,-5.770045893453276e-06,9.40568301000864e-05,-1.668698415314559e-05,-0.0010329779083110288
11,11,loading,1.1,2f2a8f20442813418a569231f1ec040dfffa0f26c99cab5831a845d01bffc571,2648,75.0,31.0,physical_only,-3.187664805429546e-05,-0.0011436898396304535,-6.789180404093782e-06,0.00012948292945110648,-2.508746765020167e-05,-0.00127317276908156
11,11,loading,1.1,2f2a8f20442813418a569231f1ec040dfffa0f26c99cab5831a845d01bffc571,2649,76.0,31.0,physical_only,-6.92961077929956e-05,-0.0013698775779948606,-8.502975207114953e-06,0.00019031138731863433,-6.079313258588063e-05,-0.0015601889653134955
11,11,loading,1.1,2f2a8f20442813418a569231f1ec040dfffa0f26c99cab5831a845d01bffc571,2650,77.0,31.0,physical_only,-0.00019226809453074404,-0.0014621036694626166,-1.1815455111543716e-05,0.0003135445022578823,-0.0001804526394192003,-0.0017756481717205001
11,11,loading,1.1,2f2a8f20442813418a569231f1ec040dfffa0f26c99cab5831a845d01bffc571,2651,78.0,31.0,physical_only,-0.000382533652556691,-0.0013958506194273988,-2.0920427146667364e-05,0.0006677217255740896,-0.00036161322541002354,-0.002063572345001489
11,11,loading,1.1,2f2a8f20442813418a569231f1ec040dfffa0f26c99cab5831a845d01bffc571,2652,79.0,31.0,physical_only,-0.0007032700445899056,0.005862837142891069,-4.69444639074428e-05,0.0024817865288854924,-0.0006563255806824629,0.003381050614005579
11,11,loading,1.1,2f2a8f20442813418a569231f1ec040dfffa0f26c99cab5831a845d01bffc571,2653,80.0,31.0,physical_only,-0.0004934048042128991,0.08773566825912216,-0.0019721526671467905,0.07883374482658496,0.0014787478629338915,0.008901923432537187
11,11,loading,1.1,2f2a8f20442813418a569231f1ec040dfffa0f26c99cab5831a845d01bffc571,2718,62.0,32.0,physical_only,-7.58730029294865e-06,-1.0974356668172333e-06,-3.2537429725987874e-06,1.31942268348701e-07,-4.333557320349859e-06,-1.2293779351659341e-06
11,11,loading,1.1,2f2a8f20442813418a569231f1ec040dfffa0f26c99cab5831a845d01bffc571,2719,63.0,32.0,interior,-0.0,-0.0,-0.0,-0.0,-0.0,-0.0
11,11,loading,1.1,2f2a8f20442813418a569231f1ec040dfffa0f26c99cab5831a845d01bffc571,2720,64.0,32.0,interior,-0.0,-0.0,-0.0,-0.0,-0.0,-0.0
11,11,loading,1.1,2f2a8f20442813418a569231f1ec040dfffa0f26c99cab5831a845d01bffc571,2721,65.0,32.0,interior,-0.0,-0.0,-0.0,-0.0,-0.0,-0.0
11,11,loading,1.1,2f2a8f20442813418a569231f1ec040dfffa0f26c99cab5831a845d01bffc571,2722,66.0,32.0,interior,-0.0,-0.0,-0.0,-0.0,-0.0,-0.0
11,11,loading,1.1,2f2a8f20442813418a569231f1ec040dfffa0f26c99cab5831a845d01bffc571,2723,67.0,32.0,interior,-0.0,-0.0,-0.0,-0.0,-0.0,-0.0
11,11,loading,1.1,2f2a8f20442813418a569231f1ec040dfffa0f26c99cab5831a845d01bffc571,2724,68.0,32.0,interior,-0.0,-0.0,-0.0,-0.0,-0.0,-0.0
11,11,loading,1.1,2f2a8f20442813418a569231f1ec040dfffa0f26c99cab5831a845d01bffc571,2725,69.0,32.0,interior,-0.0,-0.0,-0.0,-0.0,-0.0,-0.0
11,11,loading,1.1,2f2a8f20442813418a569231f1ec040dfffa0f26c99cab5831a845d01bffc571,2726,70.0,32.0,interior,-0.0,-0.0,-0.0,-0.0,-0.0,-0.0
11,11,loading,1.1,2f2a8f20442813418a569231f1ec040dfffa0f26c99cab5831a845d01bffc571,2727,71.0,32.0,interior,-0.0,-0.0,-0.0,-0.0,-0.0,-0.0
11,11,loading,1.1,2f2a8f20442813418a569231f1ec040dfffa0f26c99cab5831a845d01bffc571,2728,72.0,32.0,interior,-0.0,-0.0,-0.0,-0.0,-0.0,-0.0
11,11,loading,1.1,2f2a8f20442813418a569231f1ec040dfffa0f26c99cab5831a845d01bffc571,2729,73.0,32.0,interior,-0.0,-0.0,-0.0,-0.0,-0.0,-0.0
11,11,loading,1.1,2f2a8f20442813418a569231f1ec040dfffa0f26c99cab5831a845d01bffc571,2730,74.0,32.0,interior,-0.0,-0.0,-0.0,-0.0,-0.0,-0.0
11,11,loading,1.1,2f2a8f20442813418a569231f1ec040dfffa0f26c99cab5831a845d01bffc571,2731,75.0,32.0,interior,-0.0,-0.0,-0.0,-0.0,-0.0,-0.0
11,11,loading,1.1,2f2a8f20442813418a569231f1ec040dfffa0f26c99cab5831a845d01bffc571,2732,76.0,32.0,interior,-0.0,-0.0,-0.0,-0.0,-0.0,-0.0
11,11,loading,1.1,2f2a8f20442813418a569231f1ec040dfffa0f26c99cab5831a845d01bffc571,2733,77.0,32.0,interior,-0.0,-0.0,-0.0,-0.0,-0.0,-0.0
11,11,loading,1.1,2f2a8f20442813418a569231f1ec040dfffa0f26c99cab5831a845d01bffc571,2734,78.0,32.0,interior,-0.0,-0.0,-0.0,-0.0,-0.0,-0.0
11,11,loading,1.1,2f2a8f20442813418a569231f1ec040dfffa0f26c99cab5831a845d01bffc571,2735,79.0,32.0,interior,-0.0,-0.0,-0.0,-0.0,-0.0,-0.0
11,11,loading,1.1,2f2a8f20442813418a569231f1ec040dfffa0f26c99cab5831a845d01bffc571,2736,80.0,32.0,physical_only,4.608672611195774e-07,-4.998294671462234e-08,2.7574561178059786e-07,-1.834109093227267e-06,1.8512164933897984e-07,1.7841261465126372e-06
11,11,loading,1.1,2f2a8f20442813418a569231f1ec040dfffa0f26c99cab5831a845d01bffc571,2801,62.0,33.0,physical_only,-6.075816469727141e-06,-7.450587671935073e-07,-3.490120668689783e-06,1.0218273946111681e-07,-2.5856958010373584e-06,-8.472415066546243e-07
11,11,loading,1.1,2f2a8f20442813418a569231f1ec040dfffa0f26c99cab5831a845d01bffc571,2802,63.0,33.0,interior,-0.0,-0.0,-0.0,-0.0,-0.0,-0.0
11,11,loading,1.1,2f2a8f20442813418a569231f1ec040dfffa0f26c99cab5831a845d01bffc571,2803,64.0,33.0,interior,-0.0,-0.0,-0.0,-0.0,-0.0,-0.0
11,11,loading,1.1,2f2a8f20442813418a569231f1ec040dfffa0f26c99cab5831a845d01bffc571,2804,65.0,33.0,interior,-0.0,-0.0,-0.0,-0.0,-0.0,-0.0
11,11,loading,1.1,2f2a8f20442813418a569231f1ec040dfffa0f26c99cab5831a845d01bffc571,2805,66.0,33.0,interior,-0.0,-0.0,-0.0,-0.0,-0.0,-0.0
11,11,loading,1.1,2f2a8f20442813418a569231f1ec040dfffa0f26c99cab5831a845d01bffc571,2806,67.0,33.0,interior,-0.0,-0.0,-0.0,-0.0,-0.0,-0.0
11,11,loading,1.1,2f2a8f20442813418a569231f1ec040dfffa0f26c99cab5831a845d01bffc571,2807,68.0,33.0,interior,-0.0,-0.0,-0.0,-0.0,-0.0,-0.0
11,11,loading,1.1,2f2a8f20442813418a569231f1ec040dfffa0f26c99cab5831a845d01bffc571,2808,69.0,33.0,interior,-0.0,-0.0,-0.0,-0.0,-0.0,-0.0
11,11,loading,1.1,2f2a8f20442813418a569231f1ec040dfffa0f26c99cab5831a845d01bffc571,2809,70.0,33.0,interior,-0.0,-0.0,-0.0,-0.0,-0.0,-0.0
11,11,loading,1.1,2f2a8f20442813418a569231f1ec040dfffa0f26c99cab5831a845d01bffc571,2810,71.0,33.0,interior,-0.0,-0.0,-0.0,-0.0,-0.0,-0.0
11,11,loading,1.1,2f2a8f20442813418a569231f1ec040dfffa0f26c99cab5831a845d01bffc571,2811,72.0,33.0,interior,-0.0,-0.0,-0.0,-0.0,-0.0,-0.0
11,11,loading,1.1,2f2a8f20442813418a569231f1ec040dfffa0f26c99cab5831a845d01bffc571,2812,73.0,33.0,interior,-0.0,-0.0,-0.0,-0.0,-0.0,-0.0
11,11,loading,1.1,2f2a8f20442813418a569231f1ec040dfffa0f26c99cab5831a845d01bffc571,2813,74.0,33.0,interior,-0.0,-0.0,-0.0,-0.0,-0.0,-0.0
11,11,loading,1.1,2f2a8f20442813418a569231f1ec040dfffa0f26c99cab5831a845d01bffc571,2814,75.0,33.0,interior,-0.0,-0.0,-0.0,-0.0,-0.0,-0.0
11,11,loading,1.1,2f2a8f20442813418a569231f1ec040dfffa0f26c99cab5831a845d01bffc571,2815,76.0,33.0,interior,-0.0,-0.0,-0.0,-0.0,-0.0,-0.0
11,11,loading,1.1,2f2a8f20442813418a569231f1ec040dfffa0f26c99cab5831a845d01bffc571,2816,77.0,33.0,interior,-0.0,-0.0,-0.0,-0.0,-0.0,-0.0
11,11,loading,1.1,2f2a8f20442813418a569231f1ec040dfffa0f26c99cab5831a845d01bffc571,2817,78.0,33.0,interior,-0.0,-0.0,-0.0,-0.0,-0.0,-0.0
11,11,loading,1.1,2f2a8f20442813418a569231f1ec040dfffa0f26c99cab5831a845d01bffc571,2818,79.0,33.0,interior,-0.0,-0.0,-0.0,-0.0,-0.0,-0.0
11,11,loading,1.1,2f2a8f20442813418a569231f1ec040dfffa0f26c99cab5831a845d01bffc571,2819,80.0,33.0,physical_only,4.5009586714616536e-07,-4.290791122208489e-08,2.8101397105513444e-07,-1.5914993680429803e-06,1.6908189609103092e-07,1.548591456820904e-06
11,11,loading,1.1,2f2a8f20442813418a569231f1ec040dfffa0f26c99cab5831a845d01bffc571,2884,62.0,34.0,physical_only,-5.376468911819644e-06,-2.644183149427766e-07,-3.679557517102597e-06,8.41004886654772e-08,-1.6969113947170475e-06,-3.485188036082539e-07
11,11,loading,1.1,2f2a8f20442813418a569231f1ec040dfffa0f26c99cab5831a845d01bffc571,2885,63.0,34.0,interior,-0.0,-0.0,-0.0,-0.0,-0.0,-0.0
11,11,loading,1.1,2f2a8f20442813418a569231f1ec040dfffa0f26c99cab5831a845d01bffc571,2886,64.0,34.0,interior,-0.0,-0.0,-0.0,-0.0,-0.0,-0.0
11,11,loading,1.1,2f2a8f20442813418a569231f1ec040dfffa0f26c99cab5831a845d01bffc571,2887,65.0,34.0,interior,-0.0,-0.0,-0.0,-0.0,-0.0,-0.0
11,11,loading,1.1,2f2a8f20442813418a569231f1ec040dfffa0f26c99cab5831a845d01bffc571,2888,66.0,34.0,interior,-0.0,-0.0,-0.0,-0.0,-0.0,-0.0
11,11,loading,1.1,2f2a8f20442813418a569231f1ec040dfffa0f26c99cab5831a845d01bffc571,2889,67.0,34.0,interior,-0.0,-0.0,-0.0,-0.0,-0.0,-0.0
11,11,loading,1.1,2f2a8f20442813418a569231f1ec040dfffa0f26c99cab5831a845d01bffc571,2890,68.0,34.0,interior,-0.0,-0.0,-0.0,-0.0,-0.0,-0.0
11,11,loading,1.1,2f2a8f20442813418a569231f1ec040dfffa0f26c99cab5831a845d01bffc571,2891,69.0,34.0,interior,-0.0,-0.0,-0.0,-0.0,-0.0,-0.0
11,11,loading,1.1,2f2a8f20442813418a569231f1ec040dfffa0f26c99cab5831a845d01bffc571,2892,70.0,34.0,interior,-0.0,-0.0,-0.0,-0.0,-0.0,-0.0
11,11,loading,1.1,2f2a8f20442813418a569231f1ec040dfffa0f26c99cab5831a845d01bffc571,2893,71.0,34.0,interior,-0.0,-0.0,-0.0,-0.0,-0.0,-0.0
11,11,loading,1.1,2f2a8f20442813418a569231f1ec040dfffa0f26c99cab5831a845d01bffc571,2894,72.0,34.0,interior,-0.0,-0.0,-0.0,-0.0,-0.0,-0.0
11,11,loading,1.1,2f2a8f20442813418a569231f1ec040dfffa0f26c99cab5831a845d01bffc571,2895,73.0,34.0,interior,-0.0,-0.0,-0.0,-0.0,-0.0,-0.0
11,11,loading,1.1,2f2a8f20442813418a569231f1ec040dfffa0f26c99cab5831a845d01bffc571,2896,74.0,34.0,interior,-0.0,-0.0,-0.0,-0.0,-0.0,-0.0
11,11,loading,1.1,2f2a8f20442813418a569231f1ec040dfffa0f26c99cab5831a845d01bffc571,2897,75.0,34.0,interior,-0.0,-0.0,-0.0,-0.0,-0.0,-0.0
11,11,loading,1.1,2f2a8f20442813418a569231f1ec040dfffa0f26c99cab5831a845d01bffc571,2898,76.0,34.0,interior,-0.0,-0.0,-0.0,-0.0,-0.0,-0.0
11,11,loading,1.1,2f2a8f20442813418a569231f1ec040dfffa0f26c99cab5831a845d01bffc571,2899,77.0,34.0,interior,-0.0,-0.0,-0.0,-0.0,-0.0,-0.0
11,11,loading,1.1,2f2a8f20442813418a569231f1ec040dfffa0f26c99cab5831a845d01bffc571,2900,78.0,34.0,interior,-0.0,-0.0,-0.0,-0.0,-0.0,-0.0
11,11,loading,1.1,2f2a8f20442813418a569231f1ec040dfffa0f26c99cab5831a845d01bffc571,2901,79.0,34.0,interior,-0.0,-0.0,-0.0,-0.0,-0.0,-0.0
11,11,loading,1.1,2f2a8f20442813418a569231f1ec040dfffa0f26c99cab5831a845d01bffc571,2902,80.0,34.0,physical_only,4.4081369656126267e-07,-3.618742630228625e-08,2.85261376322079e-07,-1.354250186906694e-06,1.5555232023918367e-07,1.3180627606044018e-06
11,11,loading,1.1,2f2a8f20442813418a569231f1ec040dfffa0f26c99cab5831a845d01bffc571,2967,62.0,35.0,physical_only,-5.212882689845515e-06,9.223120607372454e-08,-3.8357804970373885e-06,7.20144681405256e-08,-1.3771021928081247e-06,2.0216737933199002e-08
11,11,loading,1.1,2f2a8f20442813418a569231f1ec040dfffa0f26c99cab5831a845d01bffc571,2968,63.0,35.0,interior,-0.0,-0.0,-0.0,-0.0,-0.0,-0.0
11,11,loading,1.1,2f2a8f20442813418a569231f1ec040dfffa0f26c99cab5831a845d01bffc571,2969,64.0,35.0,interior,-0.0,-0.0,-0.0,-0.0,-0.0,-0.0
11,11,loading,1.1,2f2a8f20442813418a569231f1ec040dfffa0f26c99cab5831a845d01bffc571,2970,65.0,35.0,interior,-0.0,-0.0,-0.0,-0.0,-0.0,-0.0
11,11,loading,1.1,2f2a8f20442813418a569231f1ec040dfffa0f26c99cab5831a845d01bffc571,2971,66.0,35.0,interior,-0.0,-0.0,-0.0,-0.0,-0.0,-0.0
11,11,loading,1.1,2f2a8f20442813418a569231f1ec040dfffa0f26c99cab5831a845d01bffc571,2972,67.0,35.0,interior,-0.0,-0.0,-0.0,-0.0,-0.0,-0.0
11,11,loading,1.1,2f2a8f20442813418a569231f1ec040dfffa0f26c99cab5831a845d01bffc571,2973,68.0,35.0,interior,-0.0,-0.0,-0.0,-0.0,-0.0,-0.0
11,11,loading,1.1,2f2a8f20442813418a569231f1ec040dfffa0f26c99cab5831a845d01bffc571,2974,69.0,35.0,interior,-0.0,-0.0,-0.0,-0.0,-0.0,-0.0
11,11,loading,1.1,2f2a8f20442813418a569231f1ec040dfffa0f26c99cab5831a845d01bffc571,2975,70.0,35.0,interior,-0.0,-0.0,-0.0,-0.0,-0.0,-0.0
11,11,loading,1.1,2f2a8f20442813418a569231f1ec040dfffa0f26c99cab5831a845d01bffc571,2976,71.0,35.0,interior,-0.0,-0.0,-0.0,-0.0,-0.0,-0.0
11,11,loading,1.1,2f2a8f20442813418a569231f1ec040dfffa0f26c99cab5831a845d01bffc571,2977,72.0,35.0,interior,-0.0,-0.0,-0.0,-0.0,-0.0,-0.0
11,11,loading,1.1,2f2a8f20442813418a569231f1ec040dfffa0f26c99cab5831a845d01bffc571,2978,73.0,35.0,interior,-0.0,-0.0,-0.0,-0.0,-0.0,-0.0
11,11,loading,1.1,2f2a8f20442813418a569231f1ec040dfffa0f26c99cab5831a845d01bffc571,2979,74.0,35.0,interior,-0.0,-0.0,-0.0,-0.0,-0.0,-0.0
11,11,loading,1.1,2f2a8f20442813418a569231f1ec040dfffa0f26c99cab5831a845d01bffc571,2980,75.0,35.0,interior,-0.0,-0.0,-0.0,-0.0,-0.0,-0.0
11,11,loading,1.1,2f2a8f20442813418a569231f1ec040dfffa0f26c99cab5831a845d01bffc571,2981,76.0,35.0,interior,-0.0,-0.0,-0.0,-0.0,-0.0,-0.0
11,11,loading,1.1,2f2a8f20442813418a569231f1ec040dfffa0f26c99cab5831a845d01bffc571,2982,77.0,35.0,interior,-0.0,-0.0,-0.0,-0.0,-0.0,-0.0
11,11,loading,1.1,2f2a8f20442813418a569231f1ec040dfffa0f26c99cab5831a845d01bffc571,2983,78.0,35.0,interior,-0.0,-0.0,-0.0,-0.0,-0.0,-0.0
11,11,loading,1.1,2f2a8f20442813418a569231f1ec040dfffa0f26c99cab5831a845d01bffc571,2984,79.0,35.0,interior,-0.0,-0.0,-0.0,-0.0,-0.0,-0.0
11,11,loading,1.1,2f2a8f20442813418a569231f1ec040dfffa0f26c99cab5831a845d01bffc571,2985,80.0,35.0,physical_only,4.3300003512153773e-07,-2.9752918450604384e-08,2.8862827924812937e-07,-1.1215806222754346e-06,1.4437175587340847e-07,1.0918277038248387e-06
11,11,loading,1.1,2f2a8f20442813418a569231f1ec040dfffa0f26c99cab5831a845d01bffc571,3050,62.0,36.0,physical_only,-5.302591866342726e-06,2.597038166695119e-07,-3.96474548106742e-06,6.118780427793465e-08,-1.3378463852753045e-06,1.9851601239157718e-07
11,11,loading,1.1,2f2a8f20442813418a569231f1ec040dfffa0f26c99cab5831a845d01bffc571,3051,63.0,36.0,interior,-0.0,-0.0,-0.0,-0.0,-0.0,-0.0
11,11,loading,1.1,2f2a8f20442813418a569231f1ec040dfffa0f26c99cab5831a845d01bffc571,3052,64.0,36.0,interior,-0.0,-0.0,-0.0,-0.0,-0.0,-0.0
11,11,loading,1.1,2f2a8f20442813418a569231f1ec040dfffa0f26c99cab5831a845d01bffc571,3053,65.0,36.0,interior,-0.0,-0.0,-0.0,-0.0,-0.0,-0.0
11,11,loading,1.1,2f2a8f20442813418a569231f1ec040dfffa0f26c99cab5831a845d01bffc571,3054,66.0,36.0,interior,-0.0,-0.0,-0.0,-0.0,-0.0,-0.0
11,11,loading,1.1,2f2a8f20442813418a569231f1ec040dfffa0f26c99cab5831a845d01bffc571,3055,67.0,36.0,interior,-0.0,-0.0,-0.0,-0.0,-0.0,-0.0
11,11,loading,1.1,2f2a8f20442813418a569231f1ec040dfffa0f26c99cab5831a845d01bffc571,3056,68.0,36.0,interior,-0.0,-0.0,-0.0,-0.0,-0.0,-0.0
11,11,loading,1.1,2f2a8f20442813418a569231f1ec040dfffa0f26c99cab5831a845d01bffc571,3057,69.0,36.0,interior,-0.0,-0.0,-0.0,-0.0,-0.0,-0.0
11,11,loading,1.1,2f2a8f20442813418a569231f1ec040dfffa0f26c99cab5831a845d01bffc571,3058,70.0,36.0,interior,-0.0,-0.0,-0.0,-0.0,-0.0,-0.0
11,11,loading,1.1,2f2a8f20442813418a569231f1ec040dfffa0f26c99cab5831a845d01bffc571,3059,71.0,36.0,interior,-0.0,-0.0,-0.0,-0.0,-0.0,-0.0
11,11,loading,1.1,2f2a8f20442813418a569231f1ec040dfffa0f26c99cab5831a845d01bffc571,3060,72.0,36.0,interior,-0.0,-0.0,-0.0,-0.0,-0.0,-0.0
11,11,loading,1.1,2f2a8f20442813418a569231f1ec040dfffa0f26c99cab5831a845d01bffc571,3061,73.0,36.0,interior,-0.0,-0.0,-0.0,-0.0,-0.0,-0.0
11,11,loading,1.1,2f2a8f20442813418a569231f1ec040dfffa0f26c99cab5831a845d01bffc571,3062,74.0,36.0,interior,-0.0,-0.0,-0.0,-0.0,-0.0,-0.0
11,11,loading,1.1,2f2a8f20442813418a569231f1ec040dfffa0f26c99cab5831a845d01bffc571,3063,75.0,36.0,interior,-0.0,-0.0,-0.0,-0.0,-0.0,-0.0
11,11,loading,1.1,2f2a8f20442813418a569231f1ec040dfffa0f26c99cab5831a845d01bffc571,3064,76.0,36.0,interior,-0.0,-0.0,-0.0,-0.0,-0.0,-0.0
11,11,loading,1.1,2f2a8f20442813418a569231f1ec040dfffa0f26c99cab5831a845d01bffc571,3065,77.0,36.0,interior,-0.0,-0.0,-0.0,-0.0,-0.0,-0.0
11,11,loading,1.1,2f2a8f20442813418a569231f1ec040dfffa0f26c99cab5831a845d01bffc571,3066,78.0,36.0,interior,-0.0,-0.0,-0.0,-0.0,-0.0,-0.0
11,11,loading,1.1,2f2a8f20442813418a569231f1ec040dfffa0f26c99cab5831a845d01bffc571,3067,79.0,36.0,interior,-0.0,-0.0,-0.0,-0.0,-0.0,-0.0
11,11,loading,1.1,2f2a8f20442813418a569231f1ec040dfffa0f26c99cab5831a845d01bffc571,3068,80.0,36.0,physical_only,4.2663566363430714e-07,-2.3545207945355738e-08,2.9123048136775115e-07,-8.927160178969578e-07,1.354051822665561e-07,8.691708099516131e-07
11,11,loading,1.1,2f2a8f20442813418a569231f1ec040dfffa0f26c99cab5831a845d01bffc571,3133,62.0,37.0,physical_only,-5.457412711950619e-06,2.8236324331982334e-07,-4.067419825923122e-06,4.890069587769602e-08,-1.3899928860274969e-06,2.3346254744212732e-07
11,11,loading,1.1,2f2a8f20442813418a569231f1ec040dfffa0f26c99cab5831a845d01bffc571,3134,63.0,37.0,interior,-0.0,-0.0,-0.0,-0.0,-0.0,-0.0
11,11,loading,1.1,2f2a8f20442813418a569231f1ec040dfffa0f26c99cab5831a845d01bffc571,3135,64.0,37.0,interior,-0.0,-0.0,-0.0,-0.0,-0.0,-0.0
11,11,loading,1.1,2f2a8f20442813418a569231f1ec040dfffa0f26c99cab5831a845d01bffc571,3136,65.0,37.0,interior,-0.0,-0.0,-0.0,-0.0,-0.0,-0.0
11,11,loading,1.1,2f2a8f20442813418a569231f1ec040dfffa0f26c99cab5831a845d01bffc571,3137,66.0,37.0,interior,-0.0,-0.0,-0.0,-0.0,-0.0,-0.0
11,11,loading,1.1,2f2a8f20442813418a569231f1ec040dfffa0f26c99cab5831a845d01bffc571,3138,67.0,37.0,interior,-0.0,-0.0,-0.0,-0.0,-0.0,-0.0
11,11,loading,1.1,2f2a8f20442813418a569231f1ec040dfffa0f26c99cab5831a845d01bffc571,3139,68.0,37.0,interior,-0.0,-0.0,-0.0,-0.0,-0.0,-0.0
11,11,loading,1.1,2f2a8f20442813418a569231f1ec040dfffa0f26c99cab5831a845d01bffc571,3140,69.0,37.0,interior,-0.0,-0.0,-0.0,-0.0,-0.0,-0.0
11,11,loading,1.1,2f2a8f20442813418a569231f1ec040dfffa0f26c99cab5831a845d01bffc571,3141,70.0,37.0,interior,-0.0,-0.0,-0.0,-0.0,-0.0,-0.0
11,11,loading,1.1,2f2a8f20442813418a569231f1ec040dfffa0f26c99cab5831a845d01bffc571,3142,71.0,37.0,interior,-0.0,-0.0,-0.0,-0.0,-0.0,-0.0
11,11,loading,1.1,2f2a8f20442813418a569231f1ec040dfffa0f26c99cab5831a845d01bffc571,3143,72.0,37.0,interior,-0.0,-0.0,-0.0,-0.0,-0.0,-0.0
11,11,loading,1.1,2f2a8f20442813418a569231f1ec040dfffa0f26c99cab5831a845d01bffc571,3144,73.0,37.0,interior,-0.0,-0.0,-0.0,-0.0,-0.0,-0.0
11,11,loading,1.1,2f2a8f20442813418a569231f1ec040dfffa0f26c99cab5831a845d01bffc571,3145,74.0,37.0,interior,-0.0,-0.0,-0.0,-0.0,-0.0,-0.0
11,11,loading,1.1,2f2a8f20442813418a569231f1ec040dfffa0f26c99cab5831a845d01bffc571,3146,75.0,37.0,interior,-0.0,-0.0,-0.0,-0.0,-0.0,-0.0
11,11,loading,1.1,2f2a8f20442813418a569231f1ec040dfffa0f26c99cab5831a845d01bffc571,3147,76.0,37.0,interior,-0.0,-0.0,-0.0,-0.0,-0.0,-0.0
11,11,loading,1.1,2f2a8f20442813418a569231f1ec040dfffa0f26c99cab5831a845d01bffc571,3148,77.0,37.0,interior,-0.0,-0.0,-0.0,-0.0,-0.0,-0.0
11,11,loading,1.1,2f2a8f20442813418a569231f1ec040dfffa0f26c99cab5831a845d01bffc571,3149,78.0,37.0,interior,-0.0,-0.0,-0.0,-0.0,-0.0,-0.0
11,11,loading,1.1,2f2a8f20442813418a569231f1ec040dfffa0f26c99cab5831a845d01bffc571,3150,79.0,37.0,interior,-0.0,-0.0,-0.0,-0.0,-0.0,-0.0
11,11,loading,1.1,2f2a8f20442813418a569231f1ec040dfffa0f26c99cab5831a845d01bffc571,3151,80.0,37.0,physical_only,4.217038741317564e-07,-1.751195138273193e-08,2.9316065987286514e-07,-6.668875501500177e-07,1.285432142588913e-07,6.493755987672847e-07
11,11,loading,1.1,2f2a8f20442813418a569231f1ec040dfffa0f26c99cab5831a845d01bffc571,3216,62.0,38.0,physical_only,-5.589071210948583e-06,2.1794532831100504e-07,-4.1425347185202185e-06,3.43017606245452e-08,-1.4465364924283647e-06,1.8364356768645995e-07
11,11,loading,1.1,2f2a8f20442813418a569231f1ec040dfffa0f26c99cab5831a845d01bffc571,3217,63.0,38.0,interior,-0.0,-0.0,-0.0,-0.0,-0.0,-0.0
11,11,loading,1.1,2f2a8f20442813418a569231f1ec040dfffa0f26c99cab5831a845d01bffc571,3218,64.0,38.0,interior,-0.0,-0.0,-0.0,-0.0,-0.0,-0.0
11,11,loading,1.1,2f2a8f20442813418a569231f1ec040dfffa0f26c99cab5831a845d01bffc571,3219,65.0,38.0,interior,-0.0,-0.0,-0.0,-0.0,-0.0,-0.0
11,11,loading,1.1,2f2a8f20442813418a569231f1ec040dfffa0f26c99cab5831a845d01bffc571,3220,66.0,38.0,interior,-0.0,-0.0,-0.0,-0.0,-0.0,-0.0
11,11,loading,1.1,2f2a8f20442813418a569231f1ec040dfffa0f26c99cab5831a845d01bffc571,3221,67.0,38.0,interior,-0.0,-0.0,-0.0,-0.0,-0.0,-0.0
11,11,loading,1.1,2f2a8f20442813418a569231f1ec040dfffa0f26c99cab5831a845d01bffc571,3222,68.0,38.0,interior,-0.0,-0.0,-0.0,-0.0,-0.0,-0.0
11,11,loading,1.1,2f2a8f20442813418a569231f1ec040dfffa0f26c99cab5831a845d01bffc571,3223,69.0,38.0,interior,-0.0,-0.0,-0.0,-0.0,-0.0,-0.0
11,11,loading,1.1,2f2a8f20442813418a569231f1ec040dfffa0f26c99cab5831a845d01bffc571,3224,70.0,38.0,interior,-0.0,-0.0,-0.0,-0.0,-0.0,-0.0
11,11,loading,1.1,2f2a8f20442813418a569231f1ec040dfffa0f26c99cab5831a845d01bffc571,3225,71.0,38.0,interior,-0.0,-0.0,-0.0,-0.0,-0.0,-0.0
11,11,loading,1.1,2f2a8f20442813418a569231f1ec040dfffa0f26c99cab5831a845d01bffc571,3226,72.0,38.0,interior,-0.0,-0.0,-0.0,-0.0,-0.0,-0.0
11,11,loading,1.1,2f2a8f20442813418a569231f1ec040dfffa0f26c99cab5831a845d01bffc571,3227,73.0,38.0,interior,-0.0,-0.0,-0.0,-0.0,-0.0,-0.0
11,11,loading,1.1,2f2a8f20442813418a569231f1ec040dfffa0f26c99cab5831a845d01bffc571,3228,74.0,38.0,interior,-0.0,-0.0,-0.0,-0.0,-0.0,-0.0
11,11,loading,1.1,2f2a8f20442813418a569231f1ec040dfffa0f26c99cab5831a845d01bffc571,3229,75.0,38.0,interior,-0.0,-0.0,-0.0,-0.0,-0.0,-0.0
11,11,loading,1.1,2f2a8f20442813418a569231f1ec040dfffa0f26c99cab5831a845d01bffc571,3230,76.0,38.0,interior,-0.0,-0.0,-0.0,-0.0,-0.0,-0.0
11,11,loading,1.1,2f2a8f20442813418a569231f1ec040dfffa0f26c99cab5831a845d01bffc571,3231,77.0,38.0,interior,-0.0,-0.0,-0.0,-0.0,-0.0,-0.0
11,11,loading,1.1,2f2a8f20442813418a569231f1ec040dfffa0f26c99cab5831a845d01bffc571,3232,78.0,38.0,interior,-0.0,-0.0,-0.0,-0.0,-0.0,-0.0
11,11,loading,1.1,2f2a8f20442813418a569231f1ec040dfffa0f26c99cab5831a845d01bffc571,3233,79.0,38.0,interior,-0.0,-0.0,-0.0,-0.0,-0.0,-0.0
11,11,loading,1.1,2f2a8f20442813418a569231f1ec040dfffa0f26c99cab5831a845d01bffc571,3234,80.0,38.0,physical_only,4.181911366228503e-07,-1.1605700199167888e-08,2.944896125345321e-07,-4.4333144416959604e-07,1.2370152408831822e-07,4.3172574397042313e-07
11,11,loading,1.1,2f2a8f20442813418a569231f1ec040dfffa0f26c99cab5831a845d01bffc571,3299,62.0,39.0,physical_only,-5.667671730623923e-06,1.1473991865779001e-07,-4.188412413008491e-06,1.7702626021512893e-08,-1.479259317615432e-06,9.703729263627722e-08
11,11,loading,1.1,2f2a8f20442813418a569231f1ec040dfffa0f26c99cab5831a845d01bffc571,3300,63.0,39.0,interior,-0.0,-0.0,-0.0,-0.0,-0.0,-0.0
11,11,loading,1.1,2f2a8f20442813418a569231f1ec040dfffa0f26c99cab5831a845d01bffc571,3301,64.0,39.0,interior,-0.0,-0.0,-0.0,-0.0,-0.0,-0.0
11,11,loading,1.1,2f2a8f20442813418a569231f1ec040dfffa0f26c99cab5831a845d01bffc571,3302,65.0,39.0,interior,-0.0,-0.0,-0.0,-0.0,-0.0,-0.0
11,11,loading,1.1,2f2a8f20442813418a569231f1ec040dfffa0f26c99cab5831a845d01bffc571,3303,66.0,39.0,interior,-0.0,-0.0,-0.0,-0.0,-0.0,-0.0
11,11,loading,1.1,2f2a8f20442813418a569231f1ec040dfffa0f26c99cab5831a845d01bffc571,3304,67.0,39.0,interior,-0.0,-0.0,-0.0,-0.0,-0.0,-0.0
11,11,loading,1.1,2f2a8f20442813418a569231f1ec040dfffa0f26c99cab5831a845d01bffc571,3305,68.0,39.0,interior,-0.0,-0.0,-0.0,-0.0,-0.0,-0.0
11,11,loading,1.1,2f2a8f20442813418a569231f1ec040dfffa0f26c99cab5831a845d01bffc571,3306,69.0,39.0,interior,-0.0,-0.0,-0.0,-0.0,-0.0,-0.0
11,11,loading,1.1,2f2a8f20442813418a569231f1ec040dfffa0f26c99cab5831a845d01bffc571,3307,70.0,39.0,interior,-0.0,-0.0,-0.0,-0.0,-0.0,-0.0
11,11,loading,1.1,2f2a8f20442813418a569231f1ec040dfffa0f26c99cab5831a845d01bffc571,3308,71.0,39.0,interior,-0.0,-0.0,-0.0,-0.0,-0.0,-0.0
11,11,loading,1.1,2f2a8f20442813418a569231f1ec040dfffa0f26c99cab5831a845d01bffc571,3309,72.0,39.0,interior,-0.0,-0.0,-0.0,-0.0,-0.0,-0.0
11,11,loading,1.1,2f2a8f20442813418a569231f1ec040dfffa0f26c99cab5831a845d01bffc571,3310,73.0,39.0,interior,-0.0,-0.0,-0.0,-0.0,-0.0,-0.0
11,11,loading,1.1,2f2a8f20442813418a569231f1ec040dfffa0f26c99cab5831a845d01bffc571,3311,74.0,39.0,interior,-0.0,-0.0,-0.0,-0.0,-0.0,-0.0
11,11,loading,1.1,2f2a8f20442813418a569231f1ec040dfffa0f26c99cab5831a845d01bffc571,3312,75.0,39.0,interior,-0.0,-0.0,-0.0,-0.0,-0.0,-0.0
11,11,loading,1.1,2f2a8f20442813418a569231f1ec040dfffa0f26c99cab5831a845d01bffc571,3313,76.0,39.0,interior,-0.0,-0.0,-0.0,-0.0,-0.0,-0.0
11,11,loading,1.1,2f2a8f20442813418a569231f1ec040dfffa0f26c99cab5831a845d01bffc571,3314,77.0,39.0,interior,-0.0,-0.0,-0.0,-0.0,-0.0,-0.0
11,11,loading,1.1,2f2a8f20442813418a569231f1ec040dfffa0f26c99cab5831a845d01bffc571,3315,78.0,39.0,interior,-0.0,-0.0,-0.0,-0.0,-0.0,-0.0
11,11,loading,1.1,2f2a8f20442813418a569231f1ec040dfffa0f26c99cab5831a845d01bffc571,3316,79.0,39.0,interior,-0.0,-0.0,-0.0,-0.0,-0.0,-0.0
11,11,loading,1.1,2f2a8f20442813418a569231f1ec040dfffa0f26c99cab5831a845d01bffc571,3317,80.0,39.0,physical_only,4.1608752935329204e-07,-5.782373260927991e-09,2.952672226658065e-07,-2.212879282054963e-07,1.2082030668748552e-07,2.1550555494457082e-07
11,11,loading,1.1,2f2a8f20442813418a569231f1ec040dfffa0f26c99cab5831a845d01bffc571,3382,62.0,40.0,physical_and_cut,-2.8464077061788343e-06,-1.7818190491715877e-06,-2.1019228882162913e-06,-9.571964004311893e-07,-7.444848179625427e-07,-8.246226487403983e-07
11,11,loading,1.1,2f2a8f20442813418a569231f1ec040dfffa0f26c99cab5831a845d01bffc571,3383,63.0,40.0,cut_only,-0.0,-0.0,-0.0,-0.0,-0.0,-0.0
11,11,loading,1.1,2f2a8f20442813418a569231f1ec040dfffa0f26c99cab5831a845d01bffc571,3384,64.0,40.0,cut_only,-0.0,-0.0,-0.0,-0.0,-0.0,-0.0
11,11,loading,1.1,2f2a8f20442813418a569231f1ec040dfffa0f26c99cab5831a845d01bffc571,3385,65.0,40.0,cut_only,-0.0,-0.0,-0.0,-0.0,-0.0,-0.0
11,11,loading,1.1,2f2a8f20442813418a569231f1ec040dfffa0f26c99cab5831a845d01bffc571,3386,66.0,40.0,cut_only,-0.0,-0.0,-0.0,-0.0,-0.0,-0.0
11,11,loading,1.1,2f2a8f20442813418a569231f1ec040dfffa0f26c99cab5831a845d01bffc571,3387,67.0,40.0,cut_only,-0.0,-0.0,-0.0,-0.0,-0.0,-0.0
11,11,loading,1.1,2f2a8f20442813418a569231f1ec040dfffa0f26c99cab5831a845d01bffc571,3388,68.0,40.0,cut_only,-0.0,-0.0,-0.0,-0.0,-0.0,-0.0
11,11,loading,1.1,2f2a8f20442813418a569231f1ec040dfffa0f26c99cab5831a845d01bffc571,3389,69.0,40.0,cut_only,-0.0,-0.0,-0.0,-0.0,-0.0,-0.0
11,11,loading,1.1,2f2a8f20442813418a569231f1ec040dfffa0f26c99cab5831a845d01bffc571,3390,70.0,40.0,cut_only,-0.0,-0.0,-0.0,-0.0,-0.0,-0.0
11,11,loading,1.1,2f2a8f20442813418a569231f1ec040dfffa0f26c99cab5831a845d01bffc571,3391,71.0,40.0,cut_only,-0.0,-0.0,-0.0,-0.0,-0.0,-0.0
11,11,loading,1.1,2f2a8f20442813418a569231f1ec040dfffa0f26c99cab5831a845d01bffc571,3392,72.0,40.0,cut_only,-0.0,-0.0,-0.0,-0.0,-0.0,-0.0
11,11,loading,1.1,2f2a8f20442813418a569231f1ec040dfffa0f26c99cab5831a845d01bffc571,3393,73.0,40.0,cut_only,-0.0,-0.0,-0.0,-0.0,-0.0,-0.0
11,11,loading,1.1,2f2a8f20442813418a569231f1ec040dfffa0f26c99cab5831a845d01bffc571,3394,74.0,40.0,cut_only,-0.0,-0.0,-0.0,-0.0,-0.0,-0.0
11,11,loading,1.1,2f2a8f20442813418a569231f1ec040dfffa0f26c99cab5831a845d01bffc571,3395,75.0,40.0,cut_only,-0.0,-0.0,-0.0,-0.0,-0.0,-0.0
11,11,loading,1.1,2f2a8f20442813418a569231f1ec040dfffa0f26c99cab5831a845d01bffc571,3396,76.0,40.0,cut_only,-0.0,-0.0,-0.0,-0.0,-0.0,-0.0
11,11,loading,1.1,2f2a8f20442813418a569231f1ec040dfffa0f26c99cab5831a845d01bffc571,3397,77.0,40.0,cut_only,-0.0,-0.0,-0.0,-0.0,-0.0,-0.0
11,11,loading,1.1,2f2a8f20442813418a569231f1ec040dfffa0f26c99cab5831a845d01bffc571,3398,78.0,40.0,cut_only,-0.0,-0.0,-0.0,-0.0,-0.0,-0.0
11,11,loading,1.1,2f2a8f20442813418a569231f1ec040dfffa0f26c99cab5831a845d01bffc571,3399,79.0,40.0,cut_only,-0.0,-0.0,-0.0,-0.0,-0.0,-0.0
11,11,loading,1.1,2f2a8f20442813418a569231f1ec040dfffa0f26c99cab5831a845d01bffc571,3400,80.0,40.0,physical_and_cut,2.0769350200566017e-07,6.176037318401657e-05,1.477615730770059e-07,-1.6916908614422847e-07,5.993192892865427e-08,6.19295422701608e-05
12,12,loading,1.15,2a0aaba4a2097e650a83df4f62b5067dc35b417dea3e7bc3072becd0e81bb4a0,2635,62.0,31.0,physical_only,-0.0004233335465772781,-8.415309825361491e-05,-5.454394660849463e-06,6.2374770619413066e-06,-0.0004178791519164286,-9.039057531555623e-05
12,12,loading,1.15,2a0aaba4a2097e650a83df4f62b5067dc35b417dea3e7bc3072becd0e81bb4a0,2636,63.0,31.0,physical_only,-2.9197109428636846e-06,-6.680571424246088e-05,-3.0163592467852137e-06,7.35472907133127e-06,9.664830392152954e-08,-7.416044331379218e-05
12,12,loading,1.15,2a0aaba4a2097e650a83df4f62b5067dc35b417dea3e7bc3072becd0e81bb4a0,2637,64.0,31.0,physical_only,-1.0888239128230329e-06,-8.714184817534018e-05,-3.086471358510873e-06,9.582102770825703e-06,1.99764744568784e-06,-9.672395094616589e-05
12,12,loading,1.15,2a0aaba4a2097e650a83df4f62b5067dc35b417dea3e7bc3072becd0e81bb4a0,2638,65.0,31.0,physical_only,-4.986627885229104e-07,-0.00011738371962817149,-3.174206888336146e-06,1.2152876963735183e-05,2.6755440998132347e-06,-0.00012953659659190666
12,12,loading,1.15,2a0aaba4a2097e650a83df4f62b5067dc35b417dea3e7bc3072becd0e81bb4a0,2639,66.0,31.0,physical_only,-1.6484595313112594e-06,-0.00015630623682309352,-3.2836558728419444e-06,1.5179701806676573e-05,1.635196341530685e-06,-0.00017148593862977002
12,12,loading,1.15,2a0aaba4a2097e650a83df4f62b5067dc35b417dea3e7bc3072becd0e81bb4a0,2640,67.0,31.0,physical_only,-5.071679397276488e-06,-0.00020208804174473333,-3.4141787898359837e-06,1.8805236049813922e-05,-1.6575006074405054e-06,-0.00022089327779454724
12,12,loading,1.15,2a0aaba4a2097e650a83df4f62b5067dc35b417dea3e7bc3072becd0e81bb4a0,2641,68.0,31.0,physical_only,-6.621559900612348e-06,-0.00025737659060444157,-3.567653422454336e-06,2.3213782964529507e-05,-3.053906478158011e-06,-0.00028059037356897116
12,12,loading,1.15,2a0aaba4a2097e650a83df4f62b5067dc35b417dea3e7bc3072becd0e81bb4a0,2642,69.0,31.0,physical_only,-8.80682224093604e-06,-0.00032692955106243516,-3.749883996519236e-06,2.866174887434325e-05,-5.056938244416804e-06,-0.00035559129993677826
12,12,loading,1.15,2a0aaba4a2097e650a83df4f62b5067dc35b417dea3e7bc3072becd0e81bb4a0,2643,70.0,31.0,physical_only,-1.1641522978437106e-05,-0.00041208626073879436,-3.9720701393461e-06,3.5527621744973825e-05,-7.669452839091006e-06,-0.00044761388248376827
12,12,loading,1.15,2a0aaba4a2097e650a83df4f62b5067dc35b417dea3e7bc3072becd0e81bb4a0,2644,71.0,31.0,physical_only,-1.5089188130673838e-05,-0.0005154728896990318,-4.250573821325019e-06,4.439050485589692e-05,-1.0838614309348816e-05,-0.000559863394554929
12,12,loading,1.15,2a0aaba4a2097e650a83df4f62b5067dc35b417dea3e7bc3072becd0e81bb4a0,2645,72.0,31.0,physical_only,-1.8878226069573368e-05,-0.0006398074047314255,-4.611539656979778e-06,5.617836493969269e-05,-1.4266686412593593e-05,-0.0006959857696711182
12,12,loading,1.15,2a0aaba4a2097e650a83df4f62b5067dc35b417dea3e7bc3072becd0e81bb4a0,2646,73.0,31.0,physical_only,-2.1852471502681842e-05,-0.0007901207969583292,-5.099992323844356e-06,7.247158082817225e-05,-1.6752479178837483e-05,-0.000862592377786501
12,12,loading,1.15,2a0aaba4a2097e650a83df4f62b5067dc35b417dea3e7bc3072becd0e81bb4a0,2647,74.0,31.0,physical_only,-2.804607885890564e-05,-0.000971076814732518,-5.79818534331001e-06,9.618293396814057e-05,-2.2247893515595638e-05,-0.0010672597487006589
12,12,loading,1.15,2a0aaba4a2097e650a83df4f62b5067dc35b417dea3e7bc3072becd0e81bb4a0,2648,75.0,31.0,physical_only,-4.2832583526047536e-05,-0.0011820339339768072,-6.870802791746055e-06,0.00013327335623469858,-3.596178073430147e-05,-0.001315307290211505
12,12,loading,1.15,2a0aaba4a2097e650a83df4f62b5067dc35b417dea3e7bc3072becd0e81bb4a0,2649,76.0,31.0,physical_only,-9.221069336022465e-05,-0.0014045408510356414,-8.695289172500212e-06,0.00019789951141044692,-8.351540418772444e-05,-0.0016024403624460871
12,12,loading,1.15,2a0aaba4a2097e650a83df4f62b5067dc35b417dea3e7bc3072becd0e81bb4a0,2650,77.0,31.0,physical_only,-0.00024093340776470758,-0.0014544954170953167,-1.2282271423610972e-05,0.00033195744921147696,-0.0002286511363410966,-0.0017864528663067945
12,12,loading,1.15,2a0aaba4a2097e650a83df4f62b5067dc35b417dea3e7bc3072becd0e81bb4a0,2651,78.0,31.0,physical_only,-0.00046892199459912606,-0.0012995996258876649,-2.2678062715092023e-05,0.0007402538655584815,-0.0004462439318840341,-0.0020398534914461454
12,12,loading,1.15,2a0aaba4a2097e650a83df4f62b5067dc35b417dea3e7bc3072becd0e81bb4a0,2652,79.0,31.0,physical_only,-0.0008217997421691073,0.007456253122696358,-5.0257344038062867e-05,0.0029263719999621345,-0.0007715423981310445,0.0045298811227342224
12,12,loading,1.15,2a0aaba4a2097e650a83df4f62b5067dc35b417dea3e7bc3072becd0e81bb4a0,2653,80.0,31.0,physical_only,-0.0003149654458572992,0.10390395502128827,-0.002106246375798267,0.09592287060796824,0.001791280929940968,0.007981084413320029
12,12,loading,1.15,2a0aaba4a2097e650a83df4f62b5067dc35b417dea3e7bc3072becd0e81bb4a0,2718,62.0,32.0,physical_only,-7.700317744540342e-06,-1.0935954386670746e-06,-3.2381609459142076e-06,1.3049605409308854e-07,-4.462156798626138e-06,-1.2240914927601628e-06
12,12,loading,1.15,2a0aaba4a2097e650a83df4f62b5067dc35b417dea3e7bc3072becd0e81bb4a0,2719,63.0,32.0,interior,-0.0,-0.0,-0.0,-0.0,-0.0,-0.0
12,12,loading,1.15,2a0aaba4a2097e650a83df4f62b5067dc35b417dea3e7bc3072becd0e81bb4a0,2720,64.0,32.0,interior,-0.0,-0.0,-0.0,-0.0,-0.0,-0.0
12,12,loading,1.15,2a0aaba4a2097e650a83df4f62b5067dc35b417dea3e7bc3072becd0e81bb4a0,2721,65.0,32.0,interior,-0.0,-0.0,-0.0,-0.0,-0.0,-0.0
12,12,loading,1.15,2a0aaba4a2097e650a83df4f62b5067dc35b417dea3e7bc3072becd0e81bb4a0,2722,66.0,32.0,interior,-0.0,-0.0,-0.0,-0.0,-0.0,-0.0
12,12,loading,1.15,2a0aaba4a2097e650a83df4f62b5067dc35b417dea3e7bc3072becd0e81bb4a0,2723,67.0,32.0,interior,-0.0,-0.0,-0.0,-0.0,-0.0,-0.0
12,12,loading,1.15,2a0aaba4a2097e650a83df4f62b5067dc35b417dea3e7bc3072becd0e81bb4a0,2724,68.0,32.0,interior,-0.0,-0.0,-0.0,-0.0,-0.0,-0.0
12,12,loading,1.15,2a0aaba4a2097e650a83df4f62b5067dc35b417dea3e7bc3072becd0e81bb4a0,2725,69.0,32.0,interior,-0.0,-0.0,-0.0,-0.0,-0.0,-0.0
12,12,loading,1.15,2a0aaba4a2097e650a83df4f62b5067dc35b417dea3e7bc3072becd0e81bb4a0,2726,70.0,32.0,interior,-0.0,-0.0,-0.0,-0.0,-0.0,-0.0
12,12,loading,1.15,2a0aaba4a2097e650a83df4f62b5067dc35b417dea3e7bc3072becd0e81bb4a0,2727,71.0,32.0,interior,-0.0,-0.0,-0.0,-0.0,-0.0,-0.0
12,12,loading,1.15,2a0aaba4a2097e650a83df4f62b5067dc35b417dea3e7bc3072becd0e81bb4a0,2728,72.0,32.0,interior,-0.0,-0.0,-0.0,-0.0,-0.0,-0.0
12,12,loading,1.15,2a0aaba4a2097e650a83df4f62b5067dc35b417dea3e7bc3072becd0e81bb4a0,2729,73.0,32.0,interior,-0.0,-0.0,-0.0,-0.0,-0.0,-0.0
12,12,loading,1.15,2a0aaba4a2097e650a83df4f62b5067dc35b417dea3e7bc3072becd0e81bb4a0,2730,74.0,32.0,interior,-0.0,-0.0,-0.0,-0.0,-0.0,-0.0
12,12,loading,1.15,2a0aaba4a2097e650a83df4f62b5067dc35b417dea3e7bc3072becd0e81bb4a0,2731,75.0,32.0,interior,-0.0,-0.0,-0.0,-0.0,-0.0,-0.0
12,12,loading,1.15,2a0aaba4a2097e650a83df4f62b5067dc35b417dea3e7bc3072becd0e81bb4a0,2732,76.0,32.0,interior,-0.0,-0.0,-0.0,-0.0,-0.0,-0.0
12,12,loading,1.15,2a0aaba4a2097e650a83df4f62b5067dc35b417dea3e7bc3072becd0e81bb4a0,2733,77.0,32.0,interior,-0.0,-0.0,-0.0,-0.0,-0.0,-0.0
12,12,loading,1.15,2a0aaba4a2097e650a83df4f62b5067dc35b417dea3e7bc3072becd0e81bb4a0,2734,78.0,32.0,interior,-0.0,-0.0,-0.0,-0.0,-0.0,-0.0
12,12,loading,1.15,2a0aaba4a2097e650a83df4f62b5067dc35b417dea3e7bc3072becd0e81bb4a0,2735,79.0,32.0,interior,-0.0,-0.0,-0.0,-0.0,-0.0,-0.0
12,12,loading,1.15,2a0aaba4a2097e650a83df4f62b5067dc35b417dea3e7bc3072becd0e81bb4a0,2736,80.0,32.0,physical_only,4.6572254074861774e-07,-4.971425162077843e-08,2.6842890963803645e-07,-1.8532922324479941e-06,1.972936311105813e-07,1.8035779808272168e-06
12,12,loading,1.15,2a0aaba4a2097e650a83df4f62b5067dc35b417dea3e7bc3072becd0e81bb4a0,2801,62.0,33.0,physical_only,-6.131399635850401e-06,-7.52279327974369e-07,-3.479078949864683e-06,1.0085278045342942e-07,-2.652320685985717e-06,-8.531321084277986e-07
12,12,loading,1.15,2a0aaba4a2097e650a83df4f62b5067dc35b417dea3e7bc3072becd0e81bb4a0,2802,63.0,33.0,interior,-0.0,-0.0,-0.0,-0.0,-0.0,-0.0
12,12,loading,1.15,2a0aaba4a2097e650a83df4f62b5067dc35b417dea3e7bc3072becd0e81bb4a0,2803,64.0,33.0,interior,-0.0,-0.0,-0.0,-0.0,-0.0,-0.0
12,12,loading,1.15,2a0aaba4a2097e650a83df4f62b5067dc35b417dea3e7bc3072becd0e81bb4a0,2804,65.0,33.0,interior,-0.0,-0.0,-0.0,-0.0,-0.0,-0.0
12,12,loading,1.15,2a0aaba4a2097e650a83df4f62b5067dc35b417dea3e7bc3072becd0e81bb4a0,2805,66.0,33.0,interior,-0.0,-0.0,-0.0,-0.0,-0.0,-0.0
12,12,loading,1.15,2a0aaba4a2097e650a83df4f62b5067dc35b417dea3e7bc3072becd0e81bb4a0,2806,67.0,33.0,interior,-0.0,-0.0,-0.0,-0.0,-0.0,-0.0
12,12,loading,1.15,2a0aaba4a2097e650a83df4f62b5067dc35b417dea3e7bc3072becd0e81bb4a0,2807,68.0,33.0,interior,-0.0,-0.0,-0.0,-0.0,-0.0,-0.0
12,12,loading,1.15,2a0aaba4a2097e650a83df4f62b5067dc35b417dea3e7bc3072becd0e81bb4a0,2808,69.0,33.0,interior,-0.0,-0.0,-0.0,-0.0,-0.0,-0.0
12,12,loading,1.15,2a0aaba4a2097e650a83df4f62b5067dc35b417dea3e7bc3072becd0e81bb4a0,2809,70.0,33.0,interior,-0.0,-0.0,-0.0,-0.0,-0.0,-0.0
12,12,loading,1.15,2a0aaba4a2097e650a83df4f62b5067dc35b417dea3e7bc3072becd0e81bb4a0,2810,71.0,33.0,interior,-0.0,-0.0,-0.0,-0.0,-0.0,-0.0
12,12,loading,1.15,2a0aaba4a2097e650a83df4f62b5067dc35b417dea3e7bc3072becd0e81bb4a0,2811,72.0,33.0,interior,-0.0,-0.0,-0.0,-0.0,-0.0,-0.0
12,12,loading,1.15,2a0aaba4a2097e650a83df4f62b5067dc35b417dea3e7bc3072becd0e81bb4a0,2812,73.0,33.0,interior,-0.0,-0.0,-0.0,-0.0,-0.0,-0.0
12,12,loading,1.15,2a0aaba4a2097e650a83df4f62b5067dc35b417dea3e7bc3072becd0e81bb4a0,2813,74.0,33.0,interior,-0.0,-0.0,-0.0,-0.0,-0.0,-0.0
12,12,loading,1.15,2a0aaba4a2097e650a83df4f62b5067dc35b417dea3e7bc3072becd0e81bb4a0,2814,75.0,33.0,interior,-0.0,-0.0,-0.0,-0.0,-0.0,-0.0
12,12,loading,1.15,2a0aaba4a2097e650a83df4f62b5067dc35b417dea3e7bc3072becd0e81bb4a0,2815,76.0,33.0,interior,-0.0,-0.0,-0.0,-0.0,-0.0,-0.0
12,12,loading,1.15,2a0aaba4a2097e650a83df4f62b5067dc35b417dea3e7bc3072becd0e81bb4a0,2816,77.0,33.0,interior,-0.0,-0.0,-0.0,-0.0,-0.0,-0.0
12,12,loading,1.15,2a0aaba4a2097e650a83df4f62b5067dc35b417dea3e7bc3072becd0e81bb4a0,2817,78.0,33.0,interior,-0.0,-0.0,-0.0,-0.0,-0.0,-0.0
12,12,loading,1.15,2a0aaba4a2097e650a83df4f62b5067dc35b417dea3e7bc3072becd0e81bb4a0,2818,79.0,33.0,interior,-0.0,-0.0,-0.0,-0.0,-0.0,-0.0
12,12,loading,1.15,2a0aaba4a2097e650a83df4f62b5067dc35b417dea3e7bc3072becd0e81bb4a0,2819,80.0,33.0,physical_only,4.548177301031157e-07,-4.269448150878328e-08,2.74492332312176e-07,-1.6082392299977013e-06,1.8032539779093968e-07,1.5655447484889148e-06
12,12,loading,1.15,2a0aaba4a2097e650a83df4f62b5067dc35b417dea3e7bc3072becd0e81bb4a0,2884,62.0,34.0,physical_only,-5.402351403593722e-06,-2.6054055617282694e-07,-3.6721044842716487e-06,8.305296934581398e-08,-1.7302469193220746e-06,-3.4359352551864097e-07
12,12,loading,1.15,2a0aaba4a2097e650a83df4f62b5067dc35b417dea3e7bc3072becd0e81bb4a0,2885,63.0,34.0,interior,-0.0,-0.0,-0.0,-0.0,-0.0,-0.0
12,12,loading,1.15,2a0aaba4a2097e650a83df4f62b5067dc35b417dea3e7bc3072becd0e81bb4a0,2886,64.0,34.0,interior,-0.0,-0.0,-0.0,-0.0,-0.0,-0.0
12,12,loading,1.15,2a0aaba4a2097e650a83df4f62b5067dc35b417dea3e7bc3072becd0e81bb4a0,2887,65.0,34.0,interior,-0.0,-0.0,-0.0,-0.0,-0.0,-0.0
12,12,loading,1.15,2a0aaba4a2097e650a83df4f62b5067dc35b417dea3e7bc3072becd0e81bb4a0,2888,66.0,34.0,interior,-0.0,-0.0,-0.0,-0.0,-0.0,-0.0
12,12,loading,1.15,2a0aaba4a2097e650a83df4f62b5067dc35b417dea3e7bc3072becd0e81bb4a0,2889,67.0,34.0,interior,-0.0,-0.0,-0.0,-0.0,-0.0,-0.0
12,12,loading,1.15,2a0aaba4a2097e650a83df4f62b5067dc35b417dea3e7bc3072becd0e81bb4a0,2890,68.0,34.0,interior,-0.0,-0.0,-0.0,-0.0,-0.0,-0.0
12,12,loading,1.15,2a0aaba4a2097e650a83df4f62b5067dc35b417dea3e7bc3072becd0e81bb4a0,2891,69.0,34.0,interior,-0.0,-0.0,-0.0,-0.0,-0.0,-0.0
12,12,loading,1.15,2a0aaba4a2097e650a83df4f62b5067dc35b417dea3e7bc3072becd0e81bb4a0,2892,70.0,34.0,interior,-0.0,-0.0,-0.0,-0.0,-0.0,-0.0
12,12,loading,1.15,2a0aaba4a2097e650a83df4f62b5067dc35b417dea3e7bc3072becd0e81bb4a0,2893,71.0,34.0,interior,-0.0,-0.0,-0.0,-0.0,-0.0,-0.0
12,12,loading,1.15,2a0aaba4a2097e650a83df4f62b5067dc35b417dea3e7bc3072becd0e81bb4a0,2894,72.0,34.0,interior,-0.0,-0.0,-0.0,-0.0,-0.0,-0.0
12,12,loading,1.15,2a0aaba4a2097e650a83df4f62b5067dc35b417dea3e7bc3072becd0e81bb4a0,2895,73.0,34.0,interior,-0.0,-0.0,-0.0,-0.0,-0.0,-0.0
12,12,loading,1.15,2a0aaba4a2097e650a83df4f62b5067dc35b417dea3e7bc3072becd0e81bb4a0,2896,74.0,34.0,interior,-0.0,-0.0,-0.0,-0.0,-0.0,-0.0
12,12,loading,1.15,2a0aaba4a2097e650a83df4f62b5067dc35b417dea3e7bc3072becd0e81bb4a0,2897,75.0,34.0,interior,-0.0,-0.0,-0.0,-0.0,-0.0,-0.0
12,12,loading,1.15,2a0aaba4a2097e650a83df4f62b5067dc35b417dea3e7bc3072becd0e81bb4a0,2898,76.0,34.0,interior,-0.0,-0.0,-0.0,-0.0,-0.0,-0.0
12,12,loading,1.15,2a0aaba4a2097e650a83df4f62b5067dc35b417dea3e7bc3072becd0e81bb4a0,2899,77.0,34.0,interior,-0.0,-0.0,-0.0,-0.0,-0.0,-0.0
12,12,loading,1.15,2a0aaba4a2097e650a83df4f62b5067dc35b417dea3e7bc3072becd0e81bb4a0,2900,78.0,34.0,interior,-0.0,-0.0,-0.0,-0.0,-0.0,-0.0
12,12,loading,1.15,2a0aaba4a2097e650a83df4f62b5067dc35b417dea3e7bc3072becd0e81bb4a0,2901,79.0,34.0,interior,-0.0,-0.0,-0.0,-0.0,-0.0,-0.0
12,12,loading,1.15,2a0aaba4a2097e650a83df4f62b5067dc35b417dea3e7bc3072becd0e81bb4a0,2902,80.0,34.0,physical_only,4.454221821300651e-07,-3.6020094440987797e-08,2.794082131940998e-07,-1.3685619349199918e-06,1.660139689359652e-07,1.3325418404789994e-06
12,12,loading,1.15,2a0aaba4a2097e650a83df4f62b5067dc35b417dea3e7bc3072becd0e81bb4a0,2967,62.0,35.0,physical_only,-5.234518126868916e-06,1.0327129886454672e-07,-3.831343409549167e-06,7.13381306224717e-08,-1.4031747173197482e-06,3.1933168242075173e-08
12,12,loading,1.15,2a0aaba4a2097e650a83df4f62b5067dc35b417dea3e7bc3072becd0e81bb4a0,2968,63.0,35.0,interior,-0.0,-0.0,-0.0,-0.0,-0.0,-0.0
12,12,loading,1.15,2a0aaba4a2097e650a83df4f62b5067dc35b417dea3e7bc3072becd0e81bb4a0,2969,64.0,35.0,interior,-0.0,-0.0,-0.0,-0.0,-0.0,-0.0
12,12,loading,1.15,2a0aaba4a2097e650a83df4f62b5067dc35b417dea3e7bc3072becd0e81bb4a0,2970,65.0,35.0,interior,-0.0,-0.0,-0.0,-0.0,-0.0,-0.0
12,12,loading,1.15,2a0aaba4a2097e650a83df4f62b5067dc35b417dea3e7bc3072becd0e81bb4a0,2971,66.0,35.0,interior,-0.0,-0.0,-0.0,-0.0,-0.0,-0.0
12,12,loading,1.15,2a0aaba4a2097e650a83df4f62b5067dc35b417dea3e7bc3072becd0e81bb4a0,2972,67.0,35.0,interior,-0.0,-0.0,-0.0,-0.0,-0.0,-0.0
12,12,loading,1.15,2a0aaba4a2097e650a83df4f62b5067dc35b417dea3e7bc3072becd0e81bb4a0,2973,68.0,35.0,interior,-0.0,-0.0,-0.0,-0.0,-0.0,-0.0
12,12,loading,1.15,2a0aaba4a2097e650a83df4f62b5067dc35b417dea3e7bc3072becd0e81bb4a0,2974,69.0,35.0,interior,-0.0,-0.0,-0.0,-0.0,-0.0,-0.0
12,12,loading,1.15,2a0aaba4a2097e650a83df4f62b5067dc35b417dea3e7bc3072becd0e81bb4a0,2975,70.0,35.0,interior,-0.0,-0.0,-0.0,-0.0,-0.0,-0.0
12,12,loading,1.15,2a0aaba4a2097e650a83df4f62b5067dc35b417dea3e7bc3072becd0e81bb4a0,2976,71.0,35.0,interior,-0.0,-0.0,-0.0,-0.0,-0.0,-0.0
12,12,loading,1.15,2a0aaba4a2097e650a83df4f62b5067dc35b417dea3e7bc3072becd0e81bb4a0,2977,72.0,35.0,interior,-0.0,-0.0,-0.0,-0.0,-0.0,-0.0
12,12,loading,1.15,2a0aaba4a2097e650a83df4f62b5067dc35b417dea3e7bc3072becd0e81bb4a0,2978,73.0,35.0,interior,-0.0,-0.0,-0.0,-0.0,-0.0,-0.0
12,12,loading,1.15,2a0aaba4a2097e650a83df4f62b5067dc35b417dea3e7bc3072becd0e81bb4a0,2979,74.0,35.0,interior,-0.0,-0.0,-0.0,-0.0,-0.0,-0.0
12,12,loading,1.15,2a0aaba4a2097e650a83df4f62b5067dc35b417dea3e7bc3072becd0e81bb4a0,2980,75.0,35.0,interior,-0.0,-0.0,-0.0,-0.0,-0.0,-0.0
12,12,loading,1.15,2a0aaba4a2097e650a83df4f62b5067dc35b417dea3e7bc3072becd0e81bb4a0,2981,76.0,35.0,interior,-0.0,-0.0,-0.0,-0.0,-0.0,-0.0
12,12,loading,1.15,2a0aaba4a2097e650a83df4f62b5067dc35b417dea3e7bc3072becd0e81bb4a0,2982,77.0,35.0,interior,-0.0,-0.0,-0.0,-0.0,-0.0,-0.0
12,12,loading,1.15,2a0aaba4a2097e650a83df4f62b5067dc35b417dea3e7bc3072becd0e81bb4a0,2983,78.0,35.0,interior,-0.0,-0.0,-0.0,-0.0,-0.0,-0.0
12,12,loading,1.15,2a0aaba4a2097e650a83df4f62b5067dc35b417dea3e7bc3072becd0e81bb4a0,2984,79.0,35.0,interior,-0.0,-0.0,-0.0,-0.0,-0.0,-0.0
12,12,loading,1.15,2a0aaba4a2097e650a83df4f62b5067dc35b417dea3e7bc3072becd0e81bb4a0,2985,80.0,35.0,physical_only,4.37514181154795e-07,-2.962418490356155e-08,2.8332601333340876e-07,-1.1334794442565875e-06,1.5418816782138606e-07,1.1038552593530232e-06
12,12,loading,1.15,2a0aaba4a2097e650a83df4f62b5067dc35b417dea3e7bc3072becd0e81bb4a0,3050,62.0,36.0,physical_only,-5.327738616123533e-06,2.723485092143761e-07,-3.962895483628346e-06,6.08321793167617e-08,-1.3648431324951884e-06,2.1151632989761442e-07
12,12,loading,1.15,2a0aaba4a2097e650a83df4f62b5067dc35b417dea3e7bc3072becd0e81bb4a0,3051,63.0,36.0,interior,-0.0,-0.0,-0.0,-0.0,-0.0,-0.0
12,12,loading,1.15,2a0aaba4a2097e650a83df4f62b5067dc35b417dea3e7bc3072becd0e81bb4a0,3052,64.0,36.0,interior,-0.0,-0.0,-0.0,-0.0,-0.0,-0.0
12,12,loading,1.15,2a0aaba4a2097e650a83df4f62b5067dc35b417dea3e7bc3072becd0e81bb4a0,3053,65.0,36.0,interior,-0.0,-0.0,-0.0,-0.0,-0.0,-0.0
12,12,loading,1.15,2a0aaba4a2097e650a83df4f62b5067dc35b417dea3e7bc3072becd0e81bb4a0,3054,66.0,36.0,interior,-0.0,-0.0,-0.0,-0.0,-0.0,-0.0
12,12,loading,1.15,2a0aaba4a2097e650a83df4f62b5067dc35b417dea3e7bc3072becd0e81bb4a0,3055,67.0,36.0,interior,-0.0,-0.0,-0.0,-0.0,-0.0,-0.0
12,12,loading,1.15,2a0aaba4a2097e650a83df4f62b5067dc35b417dea3e7bc3072becd0e81bb4a0,3056,68.0,36.0,interior,-0.0,-0.0,-0.0,-0.0,-0.0,-0.0
12,12,loading,1.15,2a0aaba4a2097e650a83df4f62b5067dc35b417dea3e7bc3072becd0e81bb4a0,3057,69.0,36.0,interior,-0.0,-0.0,-0.0,-0.0,-0.0,-0.0
12,12,loading,1.15,2a0aaba4a2097e650a83df4f62b5067dc35b417dea3e7bc3072becd0e81bb4a0,3058,70.0,36.0,interior,-0.0,-0.0,-0.0,-0.0,-0.0,-0.0
12,12,loading,1.15,2a0aaba4a2097e650a83df4f62b5067dc35b417dea3e7bc3072becd0e81bb4a0,3059,71.0,36.0,interior,-0.0,-0.0,-0.0,-0.0,-0.0,-0.0
12,12,loading,1.15,2a0aaba4a2097e650a83df4f62b5067dc35b417dea3e7bc3072becd0e81bb4a0,3060,72.0,36.0,interior,-0.0,-0.0,-0.0,-0.0,-0.0,-0.0
12,12,loading,1.15,2a0aaba4a2097e650a83df4f62b5067dc35b417dea3e7bc3072becd0e81bb4a0,3061,73.0,36.0,interior,-0.0,-0.0,-0.0,-0.0,-0.0,-0.0
12,12,loading,1.15,2a0aaba4a2097e650a83df4f62b5067dc35b417dea3e7bc3072becd0e81bb4a0,3062,74.0,36.0,interior,-0.0,-0.0,-0.0,-0.0,-0.0,-0.0
12,12,loading,1.15,2a0aaba4a2097e650a83df4f62b5067dc35b417dea3e7bc3072becd0e81bb4a0,3063,75.0,36.0,interior,-0.0,-0.0,-0.0,-0.0,-0.0,-0.0
12,12,loading,1.15,2a0aaba4a2097e650a83df4f62b5067dc35b417dea3e7bc3072becd0e81bb4a0,3064,76.0,36.0,interior,-0.0,-0.0,-0.0,-0.0,-0.0,-0.0
12,12,loading,1.15,2a0aaba4a2097e650a83df4f62b5067dc35b417dea3e7bc3072becd0e81bb4a0,3065,77.0,36.0,interior,-0.0,-0.0,-0.0,-0.0,-0.0,-0.0
12,12,loading,1.15,2a0aaba4a2097e650a83df4f62b5067dc35b417dea3e7bc3072becd0e81bb4a0,3066,78.0,36.0,interior,-0.0,-0.0,-0.0,-0.0,-0.0,-0.0
12,12,loading,1.15,2a0aaba4a2097e650a83df4f62b5067dc35b417dea3e7bc3072becd0e81bb4a0,3067,79.0,36.0,interior,-0.0,-0.0,-0.0,-0.0,-0.0,-0.0
12,12,loading,1.15,2a0aaba4a2097e650a83df4f62b5067dc35b417dea3e7bc3072becd0e81bb4a0,3068,80.0,36.0,physical_only,4.3107368847251293e-07,-2.34490715078677e-08,2.863690128256753e-07,-9.022160562236309e-07,1.4470467564683775e-07,8.787669847157704e-07
12,12,loading,1.15,2a0aaba4a2097e650a83df4f62b5067dc35b417dea3e7bc3072becd0e81bb4a0,3133,62.0,37.0,physical_only,-5.487176740099287e-06,2.930396414411935e-07,-4.067700744664767e-06,4.876130757813482e-08,-1.4194759954345198e-06,2.4427833386305865e-07
12,12,loading,1.15,2a0aaba4a2097e650a83df4f62b5067dc35b417dea3e7bc3072becd0e81bb4a0,3134,63.0,37.0,interior,-0.0,-0.0,-0.0,-0.0,-0.0,-0.0
12,12,loading,1.15,2a0aaba4a2097e650a83df4f62b5067dc35b417dea3e7bc3072becd0e81bb4a0,3135,64.0,37.0,interior,-0.0,-0.0,-0.0,-0.0,-0.0,-0.0
12,12,loading,1.15,2a0aaba4a2097e650a83df4f62b5067dc35b417dea3e7bc3072becd0e81bb4a0,3136,65.0,37.0,interior,-0.0,-0.0,-0.0,-0.0,-0.0,-0.0
12,12,loading,1.15,2a0aaba4a2097e650a83df4f62b5067dc35b417dea3e7bc3072becd0e81bb4a0,3137,66.0,37.0,interior,-0.0,-0.0,-0.0,-0.0,-0.0,-0.0
12,12,loading,1.15,2a0aaba4a2097e650a83df4f62b5067dc35b417dea3e7bc3072becd0e81bb4a0,3138,67.0,37.0,interior,-0.0,-0.0,-0.0,-0.0,-0.0,-0.0
12,12,loading,1.15,2a0aaba4a2097e650a83df4f62b5067dc35b417dea3e7bc3072becd0e81bb4a0,3139,68.0,37.0,interior,-0.0,-0.0,-0.0,-0.0,-0.0,-0.0
12,12,loading,1.15,2a0aaba4a2097e650a83df4f62b5067dc35b417dea3e7bc3072becd0e81bb4a0,3140,69.0,37.0,interior,-0.0,-0.0,-0.0,-0.0,-0.0,-0.0
12,12,loading,1.15,2a0aaba4a2097e650a83df4f62b5067dc35b417dea3e7bc3072becd0e81bb4a0,3141,70.0,37.0,interior,-0.0,-0.0,-0.0,-0.0,-0.0,-0.0
12,12,loading,1.15,2a0aaba4a2097e650a83df4f62b5067dc35b417dea3e7bc3072becd0e81bb4a0,3142,71.0,37.0,interior,-0.0,-0.0,-0.0,-0.0,-0.0,-0.0
12,12,loading,1.15,2a0aaba4a2097e650a83df4f62b5067dc35b417dea3e7bc3072becd0e81bb4a0,3143,72.0,37.0,interior,-0.0,-0.0,-0.0,-0.0,-0.0,-0.0
12,12,loading,1.15,2a0aaba4a2097e650a83df4f62b5067dc35b417dea3e7bc3072becd0e81bb4a0,3144,73.0,37.0,interior,-0.0,-0.0,-0.0,-0.0,-0.0,-0.0
12,12,loading,1.15,2a0aaba4a2097e650a83df4f62b5067dc35b417dea3e7bc3072becd0e81bb4a0,3145,74.0,37.0,interior,-0.0,-0.0,-0.0,-0.0,-0.0,-0.0
12,12,loading,1.15,2a0aaba4a2097e650a83df4f62b5067dc35b417dea3e7bc3072becd0e81bb4a0,3146,75.0,37.0,interior,-0.0,-0.0,-0.0,-0.0,-0.0,-0.0
12,12,loading,1.15,2a0aaba4a2097e650a83df4f62b5067dc35b417dea3e7bc3072becd0e81bb4a0,3147,76.0,37.0,interior,-0.0,-0.0,-0.0,-0.0,-0.0,-0.0
12,12,loading,1.15,2a0aaba4a2097e650a83df4f62b5067dc35b417dea3e7bc3072becd0e81bb4a0,3148,77.0,37.0,interior,-0.0,-0.0,-0.0,-0.0,-0.0,-0.0
12,12,loading,1.15,2a0aaba4a2097e650a83df4f62b5067dc35b417dea3e7bc3072becd0e81bb4a0,3149,78.0,37.0,interior,-0.0,-0.0,-0.0,-0.0,-0.0,-0.0
12,12,loading,1.15,2a0aaba4a2097e650a83df4f62b5067dc35b417dea3e7bc3072becd0e81bb4a0,3150,79.0,37.0,interior,-0.0,-0.0,-0.0,-0.0,-0.0,-0.0
12,12,loading,1.15,2a0aaba4a2097e650a83df4f62b5067dc35b417dea3e7bc3072becd0e81bb4a0,3151,80.0,37.0,physical_only,4.2608334534185845e-07,-1.744377135963547e-08,2.886359076174542e-07,-6.740010593161262e-07,1.3744743772440425e-07,6.565572879564928e-07
12,12,loading,1.15,2a0aaba4a2097e650a83df4f62b5067dc35b417dea3e7bc3072becd0e81bb4a0,3216,62.0,38.0,physical_only,-5.622123715775295e-06,2.2516672007249348e-07,-4.144412120000723e-06,3.427361292025262e-08,-1.477711595774572e-06,1.9089310715224086e-07
12,12,loading,1.15,2a0aaba4a2097e650a83df4f62b5067dc35b417dea3e7bc3072becd0e81bb4a0,3217,63.0,38.0,interior,-0.0,-0.0,-0.0,-0.0,-0.0,-0.0
12,12,loading,1.15,2a0aaba4a2097e650a83df4f62b5067dc35b417dea3e7bc3072becd0e81bb4a0,3218,64.0,38.0,interior,-0.0,-0.0,-0.0,-0.0,-0.0,-0.0
12,12,loading,1.15,2a0aaba4a2097e650a83df4f62b5067dc35b417dea3e7bc3072becd0e81bb4a0,3219,65.0,38.0,interior,-0.0,-0.0,-0.0,-0.0,-0.0,-0.0
12,12,loading,1.15,2a0aaba4a2097e650a83df4f62b5067dc35b417dea3e7bc3072becd0e81bb4a0,3220,66.0,38.0,interior,-0.0,-0.0,-0.0,-0.0,-0.0,-0.0
12,12,loading,1.15,2a0aaba4a2097e650a83df4f62b5067dc35b417dea3e7bc3072becd0e81bb4a0,3221,67.0,38.0,interior,-0.0,-0.0,-0.0,-0.0,-0.0,-0.0
12,12,loading,1.15,2a0aaba4a2097e650a83df4f62b5067dc35b417dea3e7bc3072becd0e81bb4a0,3222,68.0,38.0,interior,-0.0,-0.0,-0.0,-0.0,-0.0,-0.0
12,12,loading,1.15,2a0aaba4a2097e650a83df4f62b5067dc35b417dea3e7bc3072becd0e81bb4a0,3223,69.0,38.0,interior,-0.0,-0.0,-0.0,-0.0,-0.0,-0.0
12,12,loading,1.15,2a0aaba4a2097e650a83df4f62b5067dc35b417dea3e7bc3072becd0e81bb4a0,3224,70.0,38.0,interior,-0.0,-0.0,-0.0,-0.0,-0.0,-0.0
12,12,loading,1.15,2a0aaba4a2097e650a83df4f62b5067dc35b417dea3e7bc3072becd0e81bb4a0,3225,71.0,38.0,interior,-0.0,-0.0,-0.0,-0.0,-0.0,-0.0
12,12,loading,1.15,2a0aaba4a2097e650a83df4f62b5067dc35b417dea3e7bc3072becd0e81bb4a0,3226,72.0,38.0,interior,-0.0,-0.0,-0.0,-0.0,-0.0,-0.0
12,12,loading,1.15,2a0aaba4a2097e650a83df4f62b5067dc35b417dea3e7bc3072becd0e81bb4a0,3227,73.0,38.0,interior,-0.0,-0.0,-0.0,-0.0,-0.0,-0.0
12,12,loading,1.15,2a0aaba4a2097e650a83df4f62b5067dc35b417dea3e7bc3072becd0e81bb4a0,3228,74.0,38.0,interior,-0.0,-0.0,-0.0,-0.0,-0.0,-0.0
12,12,loading,1.15,2a0aaba4a2097e650a83df4f62b5067dc35b417dea3e7bc3072becd0e81bb4a0,3229,75.0,38.0,interior,-0.0,-0.0,-0.0,-0.0,-0.0,-0.0
12,12,loading,1.15,2a0aaba4a2097e650a83df4f62b5067dc35b417dea3e7bc3072becd0e81bb4a0,3230,76.0,38.0,interior,-0.0,-0.0,-0.0,-0.0,-0.0,-0.0
12,12,loading,1.15,2a0aaba4a2097e650a83df4f62b5067dc35b417dea3e7bc3072becd0e81bb4a0,3231,77.0,38.0,interior,-0.0,-0.0,-0.0,-0.0,-0.0,-0.0
12,12,loading,1.15,2a0aaba4a2097e650a83df4f62b5067dc35b417dea3e7bc3072becd0e81bb4a0,3232,78.0,38.0,interior,-0.0,-0.0,-0.0,-0.0,-0.0,-0.0
12,12,loading,1.15,2a0aaba4a2097e650a83df4f62b5067dc35b417dea3e7bc3072becd0e81bb4a0,3233,79.0,38.0,interior,-0.0,-0.0,-0.0,-0.0,-0.0,-0.0
12,12,loading,1.15,2a0aaba4a2097e650a83df4f62b5067dc35b417dea3e7bc3072becd0e81bb4a0,3234,80.0,38.0,physical_only,4.22529128180663e-07,-1.1562088467510236e-08,2.9020211383892973e-07,-4.4806814893422146e-07,1.3232701434173326e-07,4.365060604667189e-07
12,12,loading,1.15,2a0aaba4a2097e650a83df4f62b5067dc35b417dea3e7bc3072becd0e81bb4a0,3299,62.0,39.0,physical_only,-5.702402757594029e-06,1.1827313800315728e-07,-4.1912786799829015e-06,1.770836715601947e-08,-1.511124077611127e-06,1.005647708471377e-07
12,12,loading,1.15,2a0aaba4a2097e650a83df4f62b5067dc35b417dea3e7bc3072becd0e81bb4a0,3300,63.0,39.0,interior,-0.0,-0.0,-0.0,-0.0,-0.0,-0.0
12,12,loading,1.15,2a0aaba4a2097e650a83df4f62b5067dc35b417dea3e7bc3072becd0e81bb4a0,3301,64.0,39.0,interior,-0.0,-0.0,-0.0,-0.0,-0.0,-0.0
12,12,loading,1.15,2a0aaba4a2097e650a83df4f62b5067dc35b417dea3e7bc3072becd0e81bb4a0,3302,65.0,39.0,interior,-0.0,-0.0,-0.0,-0.0,-0.0,-0.0
12,12,loading,1.15,2a0aaba4a2097e650a83df4f62b5067dc35b417dea3e7bc3072becd0e81bb4a0,3303,66.0,39.0,interior,-0.0,-0.0,-0.0,-0.0,-0.0,-0.0
12,12,loading,1.15,2a0aaba4a2097e650a83df4f62b5067dc35b417dea3e7bc3072becd0e81bb4a0,3304,67.0,39.0,interior,-0.0,-0.0,-0.0,-0.0,-0.0,-0.0
12,12,loading,1.15,2a0aaba4a2097e650a83df4f62b5067dc35b417dea3e7bc3072becd0e81bb4a0,3305,68.0,39.0,interior,-0.0,-0.0,-0.0,-0.0,-0.0,-0.0
12,12,loading,1.15,2a0aaba4a2097e650a83df4f62b5067dc35b417dea3e7bc3072becd0e81bb4a0,3306,69.0,39.0,interior,-0.0,-0.0,-0.0,-0.0,-0.0,-0.0
12,12,loading,1.15,2a0aaba4a2097e650a83df4f62b5067dc35b417dea3e7bc3072becd0e81bb4a0,3307,70.0,39.0,interior,-0.0,-0.0,-0.0,-0.0,-0.0,-0.0
12,12,loading,1.15,2a0aaba4a2097e650a83df4f62b5067dc35b417dea3e7bc3072becd0e81bb4a0,3308,71.0,39.0,interior,-0.0,-0.0,-0.0,-0.0,-0.0,-0.0
12,12,loading,1.15,2a0aaba4a2097e650a83df4f62b5067dc35b417dea3e7bc3072becd0e81bb4a0,3309,72.0,39.0,interior,-0.0,-0.0,-0.0,-0.0,-0.0,-0.0
12,12,loading,1.15,2a0aaba4a2097e650a83df4f62b5067dc35b417dea3e7bc3072becd0e81bb4a0,3310,73.0,39.0,interior,-0.0,-0.0,-0.0,-0.0,-0.0,-0.0
12,12,loading,1.15,2a0aaba4a2097e650a83df4f62b5067dc35b417dea3e7bc3072becd0e81bb4a0,3311,74.0,39.0,interior,-0.0,-0.0,-0.0,-0.0,-0.0,-0.0
12,12,loading,1.15,2a0aaba4a2097e650a83df4f62b5067dc35b417dea3e7bc3072becd0e81bb4a0,3312,75.0,39.0,interior,-0.0,-0.0,-0.0,-0.0,-0.0,-0.0
12,12,loading,1.15,2a0aaba4a2097e650a83df4f62b5067dc35b417dea3e7bc3072becd0e81bb4a0,3313,76.0,39.0,interior,-0.0,-0.0,-0.0,-0.0,-0.0,-0.0
12,12,loading,1.15,2a0aaba4a2097e650a83df4f62b5067dc35b417dea3e7bc3072becd0e81bb4a0,3314,77.0,39.0,interior,-0.0,-0.0,-0.0,-0.0,-0.0,-0.0
12,12,loading,1.15,2a0aaba4a2097e650a83df4f62b5067dc35b417dea3e7bc3072becd0e81bb4a0,3315,78.0,39.0,interior,-0.0,-0.0,-0.0,-0.0,-0.0,-0.0
12,12,loading,1.15,2a0aaba4a2097e650a83df4f62b5067dc35b417dea3e7bc3072becd0e81bb4a0,3316,79.0,39.0,interior,-0.0,-0.0,-0.0,-0.0,-0.0,-0.0
12,12,loading,1.15,2a0aaba4a2097e650a83df4f62b5067dc35b417dea3e7bc3072becd0e81bb4a0,3317,80.0,39.0,physical_only,4.2040076949198634e-07,-5.761114678942843e-09,2.9112077969662027e-07,-2.236545607241078e-07,1.2927998979536607e-07,2.1789344604516232e-07
12,12,loading,1.15,2a0aaba4a2097e650a83df4f62b5067dc35b417dea3e7bc3072becd0e81bb4a0,3382,62.0,40.0,physical_and_cut,-2.8640129022177553e-06,-1.7542008529029557e-06,-2.103523408290424e-06,-9.580587453146799e-07,-7.604894939273311e-07,-7.961421075882758e-07
12,12,loading,1.15,2a0aaba4a2097e650a83df4f62b5067dc35b417dea3e7bc3072becd0e81bb4a0,3383,63.0,40.0,cut_only,-0.0,-0.0,-0.0,-0.0,-0.0,-0.0
12,12,loading,1.15,2a0aaba4a2097e650a83df4f62b5067dc35b417dea3e7bc3072becd0e81bb4a0,3384,64.0,40.0,cut_only,-0.0,-0.0,-0.0,-0.0,-0.0,-0.0
12,12,loading,1.15,2a0aaba4a2097e650a83df4f62b5067dc35b417dea3e7bc3072becd0e81bb4a0,3385,65.0,40.0,cut_only,-0.0,-0.0,-0.0,-0.0,-0.0,-0.0
12,12,loading,1.15,2a0aaba4a2097e650a83df4f62b5067dc35b417dea3e7bc3072becd0e81bb4a0,3386,66.0,40.0,cut_only,-0.0,-0.0,-0.0,-0.0,-0.0,-0.0
12,12,loading,1.15,2a0aaba4a2097e650a83df4f62b5067dc35b417dea3e7bc3072becd0e81bb4a0,3387,67.0,40.0,cut_only,-0.0,-0.0,-0.0,-0.0,-0.0,-0.0
12,12,loading,1.15,2a0aaba4a2097e650a83df4f62b5067dc35b417dea3e7bc3072becd0e81bb4a0,3388,68.0,40.0,cut_only,-0.0,-0.0,-0.0,-0.0,-0.0,-0.0
12,12,loading,1.15,2a0aaba4a2097e650a83df4f62b5067dc35b417dea3e7bc3072becd0e81bb4a0,3389,69.0,40.0,cut_only,-0.0,-0.0,-0.0,-0.0,-0.0,-0.0
12,12,loading,1.15,2a0aaba4a2097e650a83df4f62b5067dc35b417dea3e7bc3072becd0e81bb4a0,3390,70.0,40.0,cut_only,-0.0,-0.0,-0.0,-0.0,-0.0,-0.0
12,12,loading,1.15,2a0aaba4a2097e650a83df4f62b5067dc35b417dea3e7bc3072becd0e81bb4a0,3391,71.0,40.0,cut_only,-0.0,-0.0,-0.0,-0.0,-0.0,-0.0
12,12,loading,1.15,2a0aaba4a2097e650a83df4f62b5067dc35b417dea3e7bc3072becd0e81bb4a0,3392,72.0,40.0,cut_only,-0.0,-0.0,-0.0,-0.0,-0.0,-0.0
12,12,loading,1.15,2a0aaba4a2097e650a83df4f62b5067dc35b417dea3e7bc3072becd0e81bb4a0,3393,73.0,40.0,cut_only,-0.0,-0.0,-0.0,-0.0,-0.0,-0.0
12,12,loading,1.15,2a0aaba4a2097e650a83df4f62b5067dc35b417dea3e7bc3072becd0e81bb4a0,3394,74.0,40.0,cut_only,-0.0,-0.0,-0.0,-0.0,-0.0,-0.0
12,12,loading,1.15,2a0aaba4a2097e650a83df4f62b5067dc35b417dea3e7bc3072becd0e81bb4a0,3395,75.0,40.0,cut_only,-0.0,-0.0,-0.0,-0.0,-0.0,-0.0
12,12,loading,1.15,2a0aaba4a2097e650a83df4f62b5067dc35b417dea3e7bc3072becd0e81bb4a0,3396,76.0,40.0,cut_only,-0.0,-0.0,-0.0,-0.0,-0.0,-0.0
12,12,loading,1.15,2a0aaba4a2097e650a83df4f62b5067dc35b417dea3e7bc3072becd0e81bb4a0,3397,77.0,40.0,cut_only,-0.0,-0.0,-0.0,-0.0,-0.0,-0.0
12,12,loading,1.15,2a0aaba4a2097e650a83df4f62b5067dc35b417dea3e7bc3072becd0e81bb4a0,3398,78.0,40.0,cut_only,-0.0,-0.0,-0.0,-0.0,-0.0,-0.0
12,12,loading,1.15,2a0aaba4a2097e650a83df4f62b5067dc35b417dea3e7bc3072becd0e81bb4a0,3399,79.0,40.0,cut_only,-0.0,-0.0,-0.0,-0.0,-0.0,-0.0
12,12,loading,1.15,2a0aaba4a2097e650a83df4f62b5067dc35b417dea3e7bc3072becd0e81bb4a0,3400,80.0,40.0,physical_and_cut,2.0984600813386e-07,6.246822665578354e-05,1.4571175318789994e-07,-1.694147830924394e-07,6.413425494596006e-08,6.263764143887598e-05
13,13,loading,1.2,6ae284e297811d465ba791b9a2fe90289cf958d1ba8c6eb7eec8ad5d7463e4fc,2635,62.0,31.0,physical_only,-0.0004186928068219053,-8.703925818415943e-05,-5.401106896476156e-06,6.194143843155783e-06,-0.0004132916999254292,-9.32334020273152e-05
13,13,loading,1.2,6ae284e297811d465ba791b9a2fe90289cf958d1ba8c6eb7eec8ad5d7463e4fc,2636,63.0,31.0,physical_only,-3.272429263108348e-06,-6.83521770332774e-05,-2.981901423204554e-06,7.3388173988240315e-06,-2.90527839903794e-07,-7.569099443210139e-05
13,13,loading,1.2,6ae284e297811d465ba791b9a2fe90289cf958d1ba8c6eb7eec8ad5d7463e4fc,2637,64.0,31.0,physical_only,-1.5995049230042537e-06,-8.87704086211783e-05,-3.0513831906836178e-06,9.588097961519376e-06,1.4518782676793643e-06,-9.835850658269772e-05
13,13,loading,1.2,6ae284e297811d465ba791b9a2fe90289cf958d1ba8c6eb7eec8ad5d7463e4fc,2638,65.0,31.0,physical_only,-1.0529475783572123e-06,-0.00011935891918325221,-3.1381998050857035e-06,1.2185073624396021e-05,2.085252226728491e-06,-0.00013154399280764824
13,13,loading,1.2,6ae284e297811d465ba791b9a2fe90289cf958d1ba8c6eb7eec8ad5d7463e4fc,2639,66.0,31.0,physical_only,-2.2014633516807872e-06,-0.00015918228725327456,-3.24703701786099e-06,1.5243887000510374e-05,1.0455736661802035e-06,-0.000174426174253785
13,13,loading,1.2,6ae284e297811d465ba791b9a2fe90289cf958d1ba8c6eb7eec8ad5d7463e4fc,2640,67.0,31.0,physical_only,-5.890126887428135e-06,-0.00020618585110435247,-3.3775638745532625e-06,1.8910705345445137e-05,-2.5125630128748728e-06,-0.00022509655644979752
13,13,loading,1.2,6ae284e297811d465ba791b9a2fe90289cf958d1ba8c6eb7eec8ad5d7463e4fc,2641,68.0,31.0,physical_only,-7.719797584134407e-06,-0.00026290688291471143,-3.5318010921510776e-06,2.3375072346849593e-05,-4.187996491983331e-06,-0.00028628195526156103
13,13,loading,1.2,6ae284e297811d465ba791b9a2fe90289cf958d1ba8c6eb7eec8ad5d7463e4fc,2642,69.0,31.0,physical_only,-1.0222850178204138e-05,-0.00033436583133674693,-3.715730150833465e-06,2.8901220219710035e-05,-6.5071200273706725e-06,-0.00036326705155645704
13,13,loading,1.2,6ae284e297811d465ba791b9a2fe90289cf958d1ba8c6eb7eec8ad5d7463e4fc,2643,70.0,31.0,physical_only,-1.3448008284572199e-05,-0.0004220435517650321,-3.94102893766334e-06,3.588059307129542e-05,-9.506979346908857e-06,-0.0004579241448363278
13,13,loading,1.2,6ae284e297811d465ba791b9a2fe90289cf958d1ba8c6eb7eec8ad5d7463e4fc,2644,71.0,31.0,physical_only,-1.735907507578402e-05,-0.0005287524629767498,-4.2248780911485436e-06,4.49150537641428e-05,-1.3134196984635478e-05,-0.0005736675167408922
13,13,loading,1.2,6ae284e297811d465ba791b9a2fe90289cf958d1ba8c6eb7eec8ad5d7463e4fc,2645,72.0,31.0,physical_only,-2.167725527240806e-05,-0.000657412910360239,-4.594871558222999e-06,5.697489166121161e-05,-1.7082383714185063e-05,-0.0007143878020214505
13,13,loading,1.2,6ae284e297811d465ba791b9a2fe90289cf958d1ba8c6eb7eec8ad5d7463e4fc,2646,73.0,31.0,physical_only,-2.502342829994806e-05,-0.0008140709244902167,-5.099137619484237e-06,7.37263591023541e-05,-1.992429068046383e-05,-0.0008877972835925709
13,13,loading,1.2,6ae284e297811d465ba791b9a2fe90289cf958d1ba8c6eb7eec8ad5d7463e4fc,2647,74.0,31.0,physical_only,-3.371534795173116e-05,-0.001003323826117953,-5.826142055712147e-06,9.827413703018966e-05,-2.7889205896019015e-05,-0.001101597963148143
13,13,loading,1.2,6ae284e297811d465ba791b9a2fe90289cf958d1ba8c6eb7eec8ad5d7463e4fc,2648,75.0,31.0,physical_only,-5.41084766023809e-05,-0.0012206190662058854,-6.953837669198197e-06,0.0001370572459181546,-4.7154638933182705e-05,-0.0013576763121240405
13,13,loading,1.2,6ae284e297811d465ba791b9a2fe90289cf958d1ba8c6eb7eec8ad5d7463e4fc,2649,76.0,31.0,physical_only,-0.0001158944454764012,-0.0014387919797066856,-8.894586698773484e-06,0.00020564195540605473,-0.00010699985877762774,-0.0016444339351127405
13,13,loading,1.2,6ae284e297811d465ba791b9a2fe90289cf958d1ba8c6eb7eec8ad5d7463e4fc,2650,77.0,31.0,physical_only,-0.00029063094524708227,-0.0014439907071818973,-1.2780281213425604e-05,0.0003514430843074153,-0.00027785066403365657,-0.0017954337914893124
13,13,loading,1.2,6ae284e297811d465ba791b9a2fe90289cf958d1ba8c6eb7eec8ad5d7463e4fc,2651,78.0,31.0,physical_only,-0.0005562073909262353,-0.0011822403774568516,-2.4728236560562688e-05,0.0008252298733091815,-0.0005314791543656725,-0.0020074702507660355
13,13,loading,1.2,6ae284e297811d465ba791b9a2fe90289cf958d1ba8c6eb7eec8ad5d7463e4fc,2652,79.0,31.0,physical_only,-0.000933318883903297,0.009173925142614458,-5.462449296649232e-05,0.0035135026615615286,-0.0008786943909368046,0.00566042248105293
13,13,loading,1.2,6ae284e297811d465ba791b9a2fe90289cf958d1ba8c6eb7eec8ad5d7463e4fc,2653,80.0,31.0,physical_only,-3.997061017885955e-05,0.12003497694342974,-0.002139138401293789,0.1129675345922683,0.00209916779111493,0.007067442351161445
13,13,loading,1.2,6ae284e297811d465ba791b9a2fe90289cf958d1ba8c6eb7eec8ad5d7463e4fc,2718,62.0,32.0,physical_only,-7.815061988705138e-06,-1.0893491789120577e-06,-3.222954284929112e-06,1.2900826661237218e-07,-4.5921077037760255e-06,-1.2183574455244302e-06
13,13,loading,1.2,6ae284e297811d465ba791b9a2fe90289cf958d1ba8c6eb7eec8ad5d7463e4fc,2719,63.0,32.0,interior,-0.0,-0.0,-0.0,-0.0,-0.0,-0.0
13,13,loading,1.2,6ae284e297811d465ba791b9a2fe90289cf958d1ba8c6eb7eec8ad5d7463e4fc,2720,64.0,32.0,interior,-0.0,-0.0,-0.0,-0.0,-0.0,-0.0
13,13,loading,1.2,6ae284e297811d465ba791b9a2fe90289cf958d1ba8c6eb7eec8ad5d7463e4fc,2721,65.0,32.0,interior,-0.0,-0.0,-0.0,-0.0,-0.0,-0.0
13,13,loading,1.2,6ae284e297811d465ba791b9a2fe90289cf958d1ba8c6eb7eec8ad5d7463e4fc,2722,66.0,32.0,interior,-0.0,-0.0,-0.0,-0.0,-0.0,-0.0
13,13,loading,1.2,6ae284e297811d465ba791b9a2fe90289cf958d1ba8c6eb7eec8ad5d7463e4fc,2723,67.0,32.0,interior,-0.0,-0.0,-0.0,-0.0,-0.0,-0.0
13,13,loading,1.2,6ae284e297811d465ba791b9a2fe90289cf958d1ba8c6eb7eec8ad5d7463e4fc,2724,68.0,32.0,interior,-0.0,-0.0,-0.0,-0.0,-0.0,-0.0
13,13,loading,1.2,6ae284e297811d465ba791b9a2fe90289cf958d1ba8c6eb7eec8ad5d7463e4fc,2725,69.0,32.0,interior,-0.0,-0.0,-0.0,-0.0,-0.0,-0.0
13,13,loading,1.2,6ae284e297811d465ba791b9a2fe90289cf958d1ba8c6eb7eec8ad5d7463e4fc,2726,70.0,32.0,interior,-0.0,-0.0,-0.0,-0.0,-0.0,-0.0
13,13,loading,1.2,6ae284e297811d465ba791b9a2fe90289cf958d1ba8c6eb7eec8ad5d7463e4fc,2727,71.0,32.0,interior,-0.0,-0.0,-0.0,-0.0,-0.0,-0.0
13,13,loading,1.2,6ae284e297811d465ba791b9a2fe90289cf958d1ba8c6eb7eec8ad5d7463e4fc,2728,72.0,32.0,interior,-0.0,-0.0,-0.0,-0.0,-0.0,-0.0
13,13,loading,1.2,6ae284e297811d465ba791b9a2fe90289cf958d1ba8c6eb7eec8ad5d7463e4fc,2729,73.0,32.0,interior,-0.0,-0.0,-0.0,-0.0,-0.0,-0.0
13,13,loading,1.2,6ae284e297811d465ba791b9a2fe90289cf958d1ba8c6eb7eec8ad5d7463e4fc,2730,74.0,32.0,interior,-0.0,-0.0,-0.0,-0.0,-0.0,-0.0
13,13,loading,1.2,6ae284e297811d465ba791b9a2fe90289cf958d1ba8c6eb7eec8ad5d7463e4fc,2731,75.0,32.0,interior,-0.0,-0.0,-0.0,-0.0,-0.0,-0.0
13,13,loading,1.2,6ae284e297811d465ba791b9a2fe90289cf958d1ba8c6eb7eec8ad5d7463e4fc,2732,76.0,32.0,interior,-0.0,-0.0,-0.0,-0.0,-0.0,-0.0
13,13,loading,1.2,6ae284e297811d465ba791b9a2fe90289cf958d1ba8c6eb7eec8ad5d7463e4fc,2733,77.0,32.0,interior,-0.0,-0.0,-0.0,-0.0,-0.0,-0.0
13,13,loading,1.2,6ae284e297811d465ba791b9a2fe90289cf958d1ba8c6eb7eec8ad5d7463e4fc,2734,78.0,32.0,interior,-0.0,-0.0,-0.0,-0.0,-0.0,-0.0
13,13,loading,1.2,6ae284e297811d465ba791b9a2fe90289cf958d1ba8c6eb7eec8ad5d7463e4fc,2735,79.0,32.0,interior,-0.0,-0.0,-0.0,-0.0,-0.0,-0.0
13,13,loading,1.2,6ae284e297811d465ba791b9a2fe90289cf958d1ba8c6eb7eec8ad5d7463e4fc,2736,80.0,32.0,physical_only,4.704766433282478e-07,-4.94828375568958e-08,2.6147311646360384e-07,-1.8721916748346175e-06,2.0900352686464373e-07,1.8227088372777168e-06
13,13,loading,1.2,6ae284e297811d465ba791b9a2fe90289cf958d1ba8c6eb7eec8ad5d7463e4fc,2801,62.0,33.0,physical_only,-6.187644986534261e-06,-7.592425687106527e-07,-3.4683891636810614e-06,9.94853063652239e-08,-2.7192558228532006e-06,-8.587278750758765e-07
13,13,loading,1.2,6ae284e297811d465ba791b9a2fe90289cf958d1ba8c6eb7eec8ad5d7463e4fc,2802,63.0,33.0,interior,-0.0,-0.0,-0.0,-0.0,-0.0,-0.0
13,13,loading,1.2,6ae284e297811d465ba791b9a2fe90289cf958d1ba8c6eb7eec8ad5d7463e4fc,2803,64.0,33.0,interior,-0.0,-0.0,-0.0,-0.0,-0.0,-0.0
13,13,loading,1.2,6ae284e297811d465ba791b9a2fe90289cf958d1ba8c6eb7eec8ad5d7463e4fc,2804,65.0,33.0,interior,-0.0,-0.0,-0.0,-0.0,-0.0,-0.0
13,13,loading,1.2,6ae284e297811d465ba791b9a2fe90289cf958d1ba8c6eb7eec8ad5d7463e4fc,2805,66.0,33.0,interior,-0.0,-0.0,-0.0,-0.0,-0.0,-0.0
13,13,loading,1.2,6ae284e297811d465ba791b9a2fe90289cf958d1ba8c6eb7eec8ad5d7463e4fc,2806,67.0,33.0,interior,-0.0,-0.0,-0.0,-0.0,-0.0,-0.0
13,13,loading,1.2,6ae284e297811d465ba791b9a2fe90289cf958d1ba8c6eb7eec8ad5d7463e4fc,2807,68.0,33.0,interior,-0.0,-0.0,-0.0,-0.0,-0.0,-0.0
13,13,loading,1.2,6ae284e297811d465ba791b9a2fe90289cf958d1ba8c6eb7eec8ad5d7463e4fc,2808,69.0,33.0,interior,-0.0,-0.0,-0.0,-0.0,-0.0,-0.0
13,13,loading,1.2,6ae284e297811d465ba791b9a2fe90289cf958d1ba8c6eb7eec8ad5d7463e4fc,2809,70.0,33.0,interior,-0.0,-0.0,-0.0,-0.0,-0.0,-0.0
13,13,loading,1.2,6ae284e297811d465ba791b9a2fe90289cf958d1ba8c6eb7eec8ad5d7463e4fc,2810,71.0,33.0,interior,-0.0,-0.0,-0.0,-0.0,-0.0,-0.0
13,13,loading,1.2,6ae284e297811d465ba791b9a2fe90289cf958d1ba8c6eb7eec8ad5d7463e4fc,2811,72.0,33.0,interior,-0.0,-0.0,-0.0,-0.0,-0.0,-0.0
13,13,loading,1.2,6ae284e297811d465ba791b9a2fe90289cf958d1ba8c6eb7eec8ad5d7463e4fc,2812,73.0,33.0,interior,-0.0,-0.0,-0.0,-0.0,-0.0,-0.0
13,13,loading,1.2,6ae284e297811d465ba791b9a2fe90289cf958d1ba8c6eb7eec8ad5d7463e4fc,2813,74.0,33.0,interior,-0.0,-0.0,-0.0,-0.0,-0.0,-0.0
13,13,loading,1.2,6ae284e297811d465ba791b9a2fe90289cf958d1ba8c6eb7eec8ad5d7463e4fc,2814,75.0,33.0,interior,-0.0,-0.0,-0.0,-0.0,-0.0,-0.0
13,13,loading,1.2,6ae284e297811d465ba791b9a2fe90289cf958d1ba8c6eb7eec8ad5d7463e4fc,2815,76.0,33.0,interior,-0.0,-0.0,-0.0,-0.0,-0.0,-0.0
13,13,loading,1.2,6ae284e297811d465ba791b9a2fe90289cf958d1ba8c6eb7eec8ad5d7463e4fc,2816,77.0,33.0,interior,-0.0,-0.0,-0.0,-0.0,-0.0,-0.0
13,13,loading,1.2,6ae284e297811d465ba791b9a2fe90289cf958d1ba8c6eb7eec8ad5d7463e4fc,2817,78.0,33.0,interior,-0.0,-0.0,-0.0,-0.0,-0.0,-0.0
13,13,loading,1.2,6ae284e297811d465ba791b9a2fe90289cf958d1ba8c6eb7eec8ad5d7463e4fc,2818,79.0,33.0,interior,-0.0,-0.0,-0.0,-0.0,-0.0,-0.0
13,13,loading,1.2,6ae284e297811d465ba791b9a2fe90289cf958d1ba8c6eb7eec8ad5d7463e4fc,2819,80.0,33.0,physical_only,4.594414039220783e-07,-4.251178006310901e-08,2.6829895168823634e-07,-1.624730657036749e-06,1.9114245223384208e-07,1.5822188769736332e-06
13,13,loading,1.2,6ae284e297811d465ba791b9a2fe90289cf958d1ba8c6eb7eec8ad5d7463e4fc,2884,62.0,34.0,physical_only,-5.428495694878563e-06,-2.5636782945777893e-07,-3.6649773456523216e-06,8.197398953972421e-08,-1.7635183492262413e-06,-3.3834181899750324e-07
13,13,loading,1.2,6ae284e297811d465ba791b9a2fe90289cf958d1ba8c6eb7eec8ad5d7463e4fc,2885,63.0,34.0,interior,-0.0,-0.0,-0.0,-0.0,-0.0,-0.0
13,13,loading,1.2,6ae284e297811d465ba791b9a2fe90289cf958d1ba8c6eb7eec8ad5d7463e4fc,2886,64.0,34.0,interior,-0.0,-0.0,-0.0,-0.0,-0.0,-0.0
13,13,loading,1.2,6ae284e297811d465ba791b9a2fe90289cf958d1ba8c6eb7eec8ad5d7463e4fc,2887,65.0,34.0,interior,-0.0,-0.0,-0.0,-0.0,-0.0,-0.0
13,13,loading,1.2,6ae284e297811d465ba791b9a2fe90289cf958d1ba8c6eb7eec8ad5d7463e4fc,2888,66.0,34.0,interior,-0.0,-0.0,-0.0,-0.0,-0.0,-0.0
13,13,loading,1.2,6ae284e297811d465ba791b9a2fe90289cf958d1ba8c6eb7eec8ad5d7463e4fc,2889,67.0,34.0,interior,-0.0,-0.0,-0.0,-0.0,-0.0,-0.0
13,13,loading,1.2,6ae284e297811d465ba791b9a2fe90289cf958d1ba8c6eb7eec8ad5d7463e4fc,2890,68.0,34.0,interior,-0.0,-0.0,-0.0,-0.0,-0.0,-0.0
13,13,loading,1.2,6ae284e297811d465ba791b9a2fe90289cf958d1ba8c6eb7eec8ad5d7463e4fc,2891,69.0,34.0,interior,-0.0,-0.0,-0.0,-0.0,-0.0,-0.0
13,13,loading,1.2,6ae284e297811d465ba791b9a2fe90289cf958d1ba8c6eb7eec8ad5d7463e4fc,2892,70.0,34.0,interior,-0.0,-0.0,-0.0,-0.0,-0.0,-0.0
13,13,loading,1.2,6ae284e297811d465ba791b9a2fe90289cf958d1ba8c6eb7eec8ad5d7463e4fc,2893,71.0,34.0,interior,-0.0,-0.0,-0.0,-0.0,-0.0,-0.0
13,13,loading,1.2,6ae284e297811d465ba791b9a2fe90289cf958d1ba8c6eb7eec8ad5d7463e4fc,2894,72.0,34.0,interior,-0.0,-0.0,-0.0,-0.0,-0.0,-0.0
13,13,loading,1.2,6ae284e297811d465ba791b9a2fe90289cf958d1ba8c6eb7eec8ad5d7463e4fc,2895,73.0,34.0,interior,-0.0,-0.0,-0.0,-0.0,-0.0,-0.0
13,13,loading,1.2,6ae284e297811d465ba791b9a2fe90289cf958d1ba8c6eb7eec8ad5d7463e4fc,2896,74.0,34.0,interior,-0.0,-0.0,-0.0,-0.0,-0.0,-0.0
13,13,loading,1.2,6ae284e297811d465ba791b9a2fe90289cf958d1ba8c6eb7eec8ad5d7463e4fc,2897,75.0,34.0,interior,-0.0,-0.0,-0.0,-0.0,-0.0,-0.0
13,13,loading,1.2,6ae284e297811d465ba791b9a2fe90289cf958d1ba8c6eb7eec8ad5d7463e4fc,2898,76.0,34.0,interior,-0.0,-0.0,-0.0,-0.0,-0.0,-0.0
13,13,loading,1.2,6ae284e297811d465ba791b9a2fe90289cf958d1ba8c6eb7eec8ad5d7463e4fc,2899,77.0,34.0,interior,-0.0,-0.0,-0.0,-0.0,-0.0,-0.0
13,13,loading,1.2,6ae284e297811d465ba791b9a2fe90289cf958d1ba8c6eb7eec8ad5d7463e4fc,2900,78.0,34.0,interior,-0.0,-0.0,-0.0,-0.0,-0.0,-0.0
13,13,loading,1.2,6ae284e297811d465ba791b9a2fe90289cf958d1ba8c6eb7eec8ad5d7463e4fc,2901,79.0,34.0,interior,-0.0,-0.0,-0.0,-0.0,-0.0,-0.0
13,13,loading,1.2,6ae284e297811d465ba791b9a2fe90289cf958d1ba8c6eb7eec8ad5d7463e4fc,2902,80.0,34.0,physical_only,4.4993496602051717e-07,-3.5877773136520213e-08,2.7385593566229174e-07,-1.3826606754307117e-06,1.7607903035822553e-07,1.3467829022941927e-06
13,13,loading,1.2,6ae284e297811d465ba791b9a2fe90289cf958d1ba8c6eb7eec8ad5d7463e4fc,2967,62.0,35.0,physical_only,-5.256325199599003e-06,1.1454785540770806e-07,-3.827208209844881e-06,7.063669272619588e-08,-1.429116989754122e-06,4.391116268151214e-08
13,13,loading,1.2,6ae284e297811d465ba791b9a2fe90289cf958d1ba8c6eb7eec8ad5d7463e4fc,2968,63.0,35.0,interior,-0.0,-0.0,-0.0,-0.0,-0.0,-0.0
13,13,loading,1.2,6ae284e297811d465ba791b9a2fe90289cf958d1ba8c6eb7eec8ad5d7463e4fc,2969,64.0,35.0,interior,-0.0,-0.0,-0.0,-0.0,-0.0,-0.0
13,13,loading,1.2,6ae284e297811d465ba791b9a2fe90289cf958d1ba8c6eb7eec8ad5d7463e4fc,2970,65.0,35.0,interior,-0.0,-0.0,-0.0,-0.0,-0.0,-0.0
13,13,loading,1.2,6ae284e297811d465ba791b9a2fe90289cf958d1ba8c6eb7eec8ad5d7463e4fc,2971,66.0,35.0,interior,-0.0,-0.0,-0.0,-0.0,-0.0,-0.0
13,13,loading,1.2,6ae284e297811d465ba791b9a2fe90289cf958d1ba8c6eb7eec8ad5d7463e4fc,2972,67.0,35.0,interior,-0.0,-0.0,-0.0,-0.0,-0.0,-0.0
13,13,loading,1.2,6ae284e297811d465ba791b9a2fe90289cf958d1ba8c6eb7eec8ad5d7463e4fc,2973,68.0,35.0,interior,-0.0,-0.0,-0.0,-0.0,-0.0,-0.0
13,13,loading,1.2,6ae284e297811d465ba791b9a2fe90289cf958d1ba8c6eb7eec8ad5d7463e4fc,2974,69.0,35.0,interior,-0.0,-0.0,-0.0,-0.0,-0.0,-0.0
13,13,loading,1.2,6ae284e297811d465ba791b9a2fe90289cf958d1ba8c6eb7eec8ad5d7463e4fc,2975,70.0,35.0,interior,-0.0,-0.0,-0.0,-0.0,-0.0,-0.0
13,13,loading,1.2,6ae284e297811d465ba791b9a2fe90289cf958d1ba8c6eb7eec8ad5d7463e4fc,2976,71.0,35.0,interior,-0.0,-0.0,-0.0,-0.0,-0.0,-0.0
13,13,loading,1.2,6ae284e297811d465ba791b9a2fe90289cf958d1ba8c6eb7eec8ad5d7463e4fc,2977,72.0,35.0,interior,-0.0,-0.0,-0.0,-0.0,-0.0,-0.0
13,13,loading,1.2,6ae284e297811d465ba791b9a2fe90289cf958d1ba8c6eb7eec8ad5d7463e4fc,2978,73.0,35.0,interior,-0.0,-0.0,-0.0,-0.0,-0.0,-0.0
13,13,loading,1.2,6ae284e297811d465ba791b9a2fe90289cf958d1ba8c6eb7eec8ad5d7463e4fc,2979,74.0,35.0,interior,-0.0,-0.0,-0.0,-0.0,-0.0,-0.0
13,13,loading,1.2,6ae284e297811d465ba791b9a2fe90289cf958d1ba8c6eb7eec8ad5d7463e4fc,2980,75.0,35.0,interior,-0.0,-0.0,-0.0,-0.0,-0.0,-0.0
13,13,loading,1.2,6ae284e297811d465ba791b9a2fe90289cf958d1ba8c6eb7eec8ad5d7463e4fc,2981,76.0,35.0,interior,-0.0,-0.0,-0.0,-0.0,-0.0,-0.0
13,13,loading,1.2,6ae284e297811d465ba791b9a2fe90289cf958d1ba8c6eb7eec8ad5d7463e4fc,2982,77.0,35.0,interior,-0.0,-0.0,-0.0,-0.0,-0.0,-0.0
13,13,loading,1.2,6ae284e297811d465ba791b9a2fe90289cf958d1ba8c6eb7eec8ad5d7463e4fc,2983,78.0,35.0,interior,-0.0,-0.0,-0.0,-0.0,-0.0,-0.0
13,13,loading,1.2,6ae284e297811d465ba791b9a2fe90289cf958d1ba8c6eb7eec8ad5d7463e4fc,2984,79.0,35.0,interior,-0.0,-0.0,-0.0,-0.0,-0.0,-0.0
13,13,loading,1.2,6ae284e297811d465ba791b9a2fe90289cf958d1ba8c6eb7eec8ad5d7463e4fc,2985,80.0,35.0,physical_only,4.419346630625386e-07,-2.9515401044877244e-08,2.783021268727372e-07,-1.1452007645154177e-06,1.6363253618980132e-07,1.1156853634705307e-06
13,13,loading,1.2,6ae284e297811d465ba791b9a2fe90289cf958d1ba8c6eb7eec8ad5d7463e4fc,3050,62.0,36.0,physical_only,-5.35300175307479e-06,2.851397857071852e-07,-3.961326969005134e-06,6.045716150119334e-08,-1.3916747840696555e-06,2.246826242059918e-07
13,13,loading,1.2,6ae284e297811d465ba791b9a2fe90289cf958d1ba8c6eb7eec8ad5d7463e4fc,3051,63.0,36.0,interior,-0.0,-0.0,-0.0,-0.0,-0.0,-0.0
13,13,loading,1.2,6ae284e297811d465ba791b9a2fe90289cf958d1ba8c6eb7eec8ad5d7463e4fc,3052,64.0,36.0,interior,-0.0,-0.0,-0.0,-0.0,-0.0,-0.0
13,13,loading,1.2,6ae284e297811d465ba791b9a2fe90289cf958d1ba8c6eb7eec8ad5d7463e4fc,3053,65.0,36.0,interior,-0.0,-0.0,-0.0,-0.0,-0.0,-0.0
13,13,loading,1.2,6ae284e297811d465ba791b9a2fe90289cf958d1ba8c6eb7eec8ad5d7463e4fc,3054,66.0,36.0,interior,-0.0,-0.0,-0.0,-0.0,-0.0,-0.0
13,13,loading,1.2,6ae284e297811d465ba791b9a2fe90289cf958d1ba8c6eb7eec8ad5d7463e4fc,3055,67.0,36.0,interior,-0.0,-0.0,-0.0,-0.0,-0.0,-0.0
13,13,loading,1.2,6ae284e297811d465ba791b9a2fe90289cf958d1ba8c6eb7eec8ad5d7463e4fc,3056,68.0,36.0,interior,-0.0,-0.0,-0.0,-0.0,-0.0,-0.0
13,13,loading,1.2,6ae284e297811d465ba791b9a2fe90289cf958d1ba8c6eb7eec8ad5d7463e4fc,3057,69.0,36.0,interior,-0.0,-0.0,-0.0,-0.0,-0.0,-0.0
13,13,loading,1.2,6ae284e297811d465ba791b9a2fe90289cf958d1ba8c6eb7eec8ad5d7463e4fc,3058,70.0,36.0,interior,-0.0,-0.0,-0.0,-0.0,-0.0,-0.0
13,13,loading,1.2,6ae284e297811d465ba791b9a2fe90289cf958d1ba8c6eb7eec8ad5d7463e4fc,3059,71.0,36.0,interior,-0.0,-0.0,-0.0,-0.0,-0.0,-0.0
13,13,loading,1.2,6ae284e297811d465ba791b9a2fe90289cf958d1ba8c6eb7eec8ad5d7463e4fc,3060,72.0,36.0,interior,-0.0,-0.0,-0.0,-0.0,-0.0,-0.0
13,13,loading,1.2,6ae284e297811d465ba791b9a2fe90289cf958d1ba8c6eb7eec8ad5d7463e4fc,3061,73.0,36.0,interior,-0.0,-0.0,-0.0,-0.0,-0.0,-0.0
13,13,loading,1.2,6ae284e297811d465ba791b9a2fe90289cf958d1ba8c6eb7eec8ad5d7463e4fc,3062,74.0,36.0,interior,-0.0,-0.0,-0.0,-0.0,-0.0,-0.0
13,13,loading,1.2,6ae284e297811d465ba791b9a2fe90289cf958d1ba8c6eb7eec8ad5d7463e4fc,3063,75.0,36.0,interior,-0.0,-0.0,-0.0,-0.0,-0.0,-0.0
13,13,loading,1.2,6ae284e297811d465ba791b9a2fe90289cf958d1ba8c6eb7eec8ad5d7463e4fc,3064,76.0,36.0,interior,-0.0,-0.0,-0.0,-0.0,-0.0,-0.0
13,13,loading,1.2,6ae284e297811d465ba791b9a2fe90289cf958d1ba8c6eb7eec8ad5d7463e4fc,3065,77.0,36.0,interior,-0.0,-0.0,-0.0,-0.0,-0.0,-0.0
13,13,loading,1.2,6ae284e297811d465ba791b9a2fe90289cf958d1ba8c6eb7eec8ad5d7463e4fc,3066,78.0,36.0,interior,-0.0,-0.0,-0.0,-0.0,-0.0,-0.0
13,13,loading,1.2,6ae284e297811d465ba791b9a2fe90289cf958d1ba8c6eb7eec8ad5d7463e4fc,3067,79.0,36.0,interior,-0.0,-0.0,-0.0,-0.0,-0.0,-0.0
13,13,loading,1.2,6ae284e297811d465ba791b9a2fe90289cf958d1ba8c6eb7eec8ad5d7463e4fc,3068,80.0,36.0,physical_only,4.3541967396681166e-07,-2.3368333284170943e-08,2.8176794756821244e-07,-9.11574121852707e-07,1.5365172639859922e-07,8.882057885685409e-07
13,13,loading,1.2,6ae284e297811d465ba791b9a2fe90289cf958d1ba8c6eb7eec8ad5d7463e4fc,3133,62.0,37.0,physical_only,-5.516987914491347e-06,3.037850236061312e-07,-4.068246718327009e-06,4.860763201855097e-08,-1.448741196164338e-06,2.551773915875803e-07
13,13,loading,1.2,6ae284e297811d465ba791b9a2fe90289cf958d1ba8c6eb7eec8ad5d7463e4fc,3134,63.0,37.0,interior,-0.0,-0.0,-0.0,-0.0,-0.0,-0.0
13,13,loading,1.2,6ae284e297811d465ba791b9a2fe90289cf958d1ba8c6eb7eec8ad5d7463e4fc,3135,64.0,37.0,interior,-0.0,-0.0,-0.0,-0.0,-0.0,-0.0
13,13,loading,1.2,6ae284e297811d465ba791b9a2fe90289cf958d1ba8c6eb7eec8ad5d7463e4fc,3136,65.0,37.0,interior,-0.0,-0.0,-0.0,-0.0,-0.0,-0.0
13,13,loading,1.2,6ae284e297811d465ba791b9a2fe90289cf958d1ba8c6eb7eec8ad5d7463e4fc,3137,66.0,37.0,interior,-0.0,-0.0,-0.0,-0.0,-0.0,-0.0
13,13,loading,1.2,6ae284e297811d465ba791b9a2fe90289cf958d1ba8c6eb7eec8ad5d7463e4fc,3138,67.0,37.0,interior,-0.0,-0.0,-0.0,-0.0,-0.0,-0.0
13,13,loading,1.2,6ae284e297811d465ba791b9a2fe90289cf958d1ba8c6eb7eec8ad5d7463e4fc,3139,68.0,37.0,interior,-0.0,-0.0,-0.0,-0.0,-0.0,-0.0
13,13,loading,1.2,6ae284e297811d465ba791b9a2fe90289cf958d1ba8c6eb7eec8ad5d7463e4fc,3140,69.0,37.0,interior,-0.0,-0.0,-0.0,-0.0,-0.0,-0.0
13,13,loading,1.2,6ae284e297811d465ba791b9a2fe90289cf958d1ba8c6eb7eec8ad5d7463e4fc,3141,70.0,37.0,interior,-0.0,-0.0,-0.0,-0.0,-0.0,-0.0
13,13,loading,1.2,6ae284e297811d465ba791b9a2fe90289cf958d1ba8c6eb7eec8ad5d7463e4fc,3142,71.0,37.0,interior,-0.0,-0.0,-0.0,-0.0,-0.0,-0.0
13,13,loading,1.2,6ae284e297811d465ba791b9a2fe90289cf958d1ba8c6eb7eec8ad5d7463e4fc,3143,72.0,37.0,interior,-0.0,-0.0,-0.0,-0.0,-0.0,-0.0
13,13,loading,1.2,6ae284e297811d465ba791b9a2fe90289cf958d1ba8c6eb7eec8ad5d7463e4fc,3144,73.0,37.0,interior,-0.0,-0.0,-0.0,-0.0,-0.0,-0.0
13,13,loading,1.2,6ae284e297811d465ba791b9a2fe90289cf958d1ba8c6eb7eec8ad5d7463e4fc,3145,74.0,37.0,interior,-0.0,-0.0,-0.0,-0.0,-0.0,-0.0
13,13,loading,1.2,6ae284e297811d465ba791b9a2fe90289cf958d1ba8c6eb7eec8ad5d7463e4fc,3146,75.0,37.0,interior,-0.0,-0.0,-0.0,-0.0,-0.0,-0.0
13,13,loading,1.2,6ae284e297811d465ba791b9a2fe90289cf958d1ba8c6eb7eec8ad5d7463e4fc,3147,76.0,37.0,interior,-0.0,-0.0,-0.0,-0.0,-0.0,-0.0
13,13,loading,1.2,6ae284e297811d465ba791b9a2fe90289cf958d1ba8c6eb7eec8ad5d7463e4fc,3148,77.0,37.0,interior,-0.0,-0.0,-0.0,-0.0,-0.0,-0.0
13,13,loading,1.2,6ae284e297811d465ba791b9a2fe90289cf958d1ba8c6eb7eec8ad5d7463e4fc,3149,78.0,37.0,interior,-0.0,-0.0,-0.0,-0.0,-0.0,-0.0
13,13,loading,1.2,6ae284e297811d465ba791b9a2fe90289cf958d1ba8c6eb7eec8ad5d7463e4fc,3150,79.0,37.0,interior,-0.0,-0.0,-0.0,-0.0,-0.0,-0.0
13,13,loading,1.2,6ae284e297811d465ba791b9a2fe90289cf958d1ba8c6eb7eec8ad5d7463e4fc,3151,80.0,37.0,physical_only,4.30372016244755e-07,-1.7386822498549072e-08,2.8435784528151866e-07,-6.81008117283957e-07,1.460141709632364e-07,6.63621294785398e-07
13,13,loading,1.2,6ae284e297811d465ba791b9a2fe90289cf958d1ba8c6eb7eec8ad5d7463e4fc,3216,62.0,38.0,physical_only,-5.655149442788012e-06,2.3241006607672846e-07,-4.146542411537995e-06,3.423597683522794e-08,-1.508607031250017e-06,1.9817408924150062e-07
13,13,loading,1.2,6ae284e297811d465ba791b9a2fe90289cf958d1ba8c6eb7eec8ad5d7463e4fc,3217,63.0,38.0,interior,-0.0,-0.0,-0.0,-0.0,-0.0,-0.0
13,13,loading,1.2,6ae284e297811d465ba791b9a2fe90289cf958d1ba8c6eb7eec8ad5d7463e4fc,3218,64.0,38.0,interior,-0.0,-0.0,-0.0,-0.0,-0.0,-0.0
13,13,loading,1.2,6ae284e297811d465ba791b9a2fe90289cf958d1ba8c6eb7eec8ad5d7463e4fc,3219,65.0,38.0,interior,-0.0,-0.0,-0.0,-0.0,-0.0,-0.0
13,13,loading,1.2,6ae284e297811d465ba791b9a2fe90289cf958d1ba8c6eb7eec8ad5d7463e4fc,3220,66.0,38.0,interior,-0.0,-0.0,-0.0,-0.0,-0.0,-0.0
13,13,loading,1.2,6ae284e297811d465ba791b9a2fe90289cf958d1ba8c6eb7eec8ad5d7463e4fc,3221,67.0,38.0,interior,-0.0,-0.0,-0.0,-0.0,-0.0,-0.0
13,13,loading,1.2,6ae284e297811d465ba791b9a2fe90289cf958d1ba8c6eb7eec8ad5d7463e4fc,3222,68.0,38.0,interior,-0.0,-0.0,-0.0,-0.0,-0.0,-0.0
13,13,loading,1.2,6ae284e297811d465ba791b9a2fe90289cf958d1ba8c6eb7eec8ad5d7463e4fc,3223,69.0,38.0,interior,-0.0,-0.0,-0.0,-0.0,-0.0,-0.0
13,13,loading,1.2,6ae284e297811d465ba791b9a2fe90289cf958d1ba8c6eb7eec8ad5d7463e4fc,3224,70.0,38.0,interior,-0.0,-0.0,-0.0,-0.0,-0.0,-0.0
13,13,loading,1.2,6ae284e297811d465ba791b9a2fe90289cf958d1ba8c6eb7eec8ad5d7463e4fc,3225,71.0,38.0,interior,-0.0,-0.0,-0.0,-0.0,-0.0,-0.0
13,13,loading,1.2,6ae284e297811d465ba791b9a2fe90289cf958d1ba8c6eb7eec8ad5d7463e4fc,3226,72.0,38.0,interior,-0.0,-0.0,-0.0,-0.0,-0.0,-0.0
13,13,loading,1.2,6ae284e297811d465ba791b9a2fe90289cf958d1ba8c6eb7eec8ad5d7463e4fc,3227,73.0,38.0,interior,-0.0,-0.0,-0.0,-0.0,-0.0,-0.0
13,13,loading,1.2,6ae284e297811d465ba791b9a2fe90289cf958d1ba8c6eb7eec8ad5d7463e4fc,3228,74.0,38.0,interior,-0.0,-0.0,-0.0,-0.0,-0.0,-0.0
13,13,loading,1.2,6ae284e297811d465ba791b9a2fe90289cf958d1ba8c6eb7eec8ad5d7463e4fc,3229,75.0,38.0,interior,-0.0,-0.0,-0.0,-0.0,-0.0,-0.0
13,13,loading,1.2,6ae284e297811d465ba791b9a2fe90289cf958d1ba8c6eb7eec8ad5d7463e4fc,3230,76.0,38.0,interior,-0.0,-0.0,-0.0,-0.0,-0.0,-0.0
13,13,loading,1.2,6ae284e297811d465ba791b9a2fe90289cf958d1ba8c6eb7eec8ad5d7463e4fc,3231,77.0,38.0,interior,-0.0,-0.0,-0.0,-0.0,-0.0,-0.0
13,13,loading,1.2,6ae284e297811d465ba791b9a2fe90289cf958d1ba8c6eb7eec8ad5d7463e4fc,3232,78.0,38.0,interior,-0.0,-0.0,-0.0,-0.0,-0.0,-0.0
13,13,loading,1.2,6ae284e297811d465ba791b9a2fe90289cf958d1ba8c6eb7eec8ad5d7463e4fc,3233,79.0,38.0,interior,-0.0,-0.0,-0.0,-0.0,-0.0,-0.0
13,13,loading,1.2,6ae284e297811d465ba791b9a2fe90289cf958d1ba8c6eb7eec8ad5d7463e4fc,3234,80.0,38.0,physical_only,4.2677719187232015e-07,-1.152581645442075e-08,2.861516516192471e-07,-4.5273390375259023e-07,1.4062554025307304e-07,4.4120808729817033e-07
13,13,loading,1.2,6ae284e297811d465ba791b9a2fe90289cf958d1ba8c6eb7eec8ad5d7463e4fc,3299,62.0,39.0,physical_only,-5.7370515145624694e-06,1.2180948540229135e-07,-4.1943903085772885e-06,1.7709353039207567e-08,-1.542661205985181e-06,1.0410013236308378e-07
13,13,loading,1.2,6ae284e297811d465ba791b9a2fe90289cf958d1ba8c6eb7eec8ad5d7463e4fc,3300,63.0,39.0,interior,-0.0,-0.0,-0.0,-0.0,-0.0,-0.0
13,13,loading,1.2,6ae284e297811d465ba791b9a2fe90289cf958d1ba8c6eb7eec8ad5d7463e4fc,3301,64.0,39.0,interior,-0.0,-0.0,-0.0,-0.0,-0.0,-0.0
13,13,loading,1.2,6ae284e297811d465ba791b9a2fe90289cf958d1ba8c6eb7eec8ad5d7463e4fc,3302,65.0,39.0,interior,-0.0,-0.0,-0.0,-0.0,-0.0,-0.0
13,13,loading,1.2,6ae284e297811d465ba791b9a2fe90289cf958d1ba8c6eb7eec8ad5d7463e4fc,3303,66.0,39.0,interior,-0.0,-0.0,-0.0,-0.0,-0.0,-0.0
13,13,loading,1.2,6ae284e297811d465ba791b9a2fe90289cf958d1ba8c6eb7eec8ad5d7463e4fc,3304,67.0,39.0,interior,-0.0,-0.0,-0.0,-0.0,-0.0,-0.0
13,13,loading,1.2,6ae284e297811d465ba791b9a2fe90289cf958d1ba8c6eb7eec8ad5d7463e4fc,3305,68.0,39.0,interior,-0.0,-0.0,-0.0,-0.0,-0.0,-0.0
13,13,loading,1.2,6ae284e297811d465ba791b9a2fe90289cf958d1ba8c6eb7eec8ad5d7463e4fc,3306,69.0,39.0,interior,-0.0,-0.0,-0.0,-0.0,-0.0,-0.0
13,13,loading,1.2,6ae284e297811d465ba791b9a2fe90289cf958d1ba8c6eb7eec8ad5d7463e4fc,3307,70.0,39.0,interior,-0.0,-0.0,-0.0,-0.0,-0.0,-0.0
13,13,loading,1.2,6ae284e297811d465ba791b9a2fe90289cf958d1ba8c6eb7eec8ad5d7463e4fc,3308,71.0,39.0,interior,-0.0,-0.0,-0.0,-0.0,-0.0,-0.0
13,13,loading,1.2,6ae284e297811d465ba791b9a2fe90289cf958d1ba8c6eb7eec8ad5d7463e4fc,3309,72.0,39.0,interior,-0.0,-0.0,-0.0,-0.0,-0.0,-0.0
13,13,loading,1.2,6ae284e297811d465ba791b9a2fe90289cf958d1ba8c6eb7eec8ad5d7463e4fc,3310,73.0,39.0,interior,-0.0,-0.0,-0.0,-0.0,-0.0,-0.0
13,13,loading,1.2,6ae284e297811d465ba791b9a2fe90289cf958d1ba8c6eb7eec8ad5d7463e4fc,3311,74.0,39.0,interior,-0.0,-0.0,-0.0,-0.0,-0.0,-0.0
13,13,loading,1.2,6ae284e297811d465ba791b9a2fe90289cf958d1ba8c6eb7eec8ad5d7463e4fc,3312,75.0,39.0,interior,-0.0,-0.0,-0.0,-0.0,-0.0,-0.0
13,13,loading,1.2,6ae284e297811d465ba791b9a2fe90289cf958d1ba8c6eb7eec8ad5d7463e4fc,3313,76.0,39.0,interior,-0.0,-0.0,-0.0,-0.0,-0.0,-0.0
13,13,loading,1.2,6ae284e297811d465ba791b9a2fe90289cf958d1ba8c6eb7eec8ad5d7463e4fc,3314,77.0,39.0,interior,-0.0,-0.0,-0.0,-0.0,-0.0,-0.0
13,13,loading,1.2,6ae284e297811d465ba791b9a2fe90289cf958d1ba8c6eb7eec8ad5d7463e4fc,3315,78.0,39.0,interior,-0.0,-0.0,-0.0,-0.0,-0.0,-0.0
13,13,loading,1.2,6ae284e297811d465ba791b9a2fe90289cf958d1ba8c6eb7eec8ad5d7463e4fc,3316,79.0,39.0,interior,-0.0,-0.0,-0.0,-0.0,-0.0,-0.0
13,13,loading,1.2,6ae284e297811d465ba791b9a2fe90289cf958d1ba8c6eb7eec8ad5d7463e4fc,3317,80.0,39.0,physical_only,4.246246003678644e-07,-5.743482315288297e-09,2.872056373530991e-07,-2.2598572431623422e-07,1.3741896301476529e-07,2.2024224200093486e-07
13,13,loading,1.2,6ae284e297811d465ba791b9a2fe90289cf958d1ba8c6eb7eec8ad5d7463e4fc,3382,62.0,40.0,physical_and_cut,-2.881566773139021e-06,-1.7262926889572523e-06,-2.105245331861783e-06,-9.589817644695995e-07,-7.763214412772378e-07,-7.673109244876527e-07
13,13,loading,1.2,6ae284e297811d465ba791b9a2fe90289cf958d1ba8c6eb7eec8ad5d7463e4fc,3383,63.0,40.0,cut_only,-0.0,-0.0,-0.0,-0.0,-0.0,-0.0
13,13,loading,1.2,6ae284e297811d465ba791b9a2fe90289cf958d1ba8c6eb7eec8ad5d7463e4fc,3384,64.0,40.0,cut_only,-0.0,-0.0,-0.0,-0.0,-0.0,-0.0
13,13,loading,1.2,6ae284e297811d465ba791b9a2fe90289cf958d1ba8c6eb7eec8ad5d7463e4fc,3385,65.0,40.0,cut_only,-0.0,-0.0,-0.0,-0.0,-0.0,-0.0
13,13,loading,1.2,6ae284e297811d465ba791b9a2fe90289cf958d1ba8c6eb7eec8ad5d7463e4fc,3386,66.0,40.0,cut_only,-0.0,-0.0,-0.0,-0.0,-0.0,-0.0
13,13,loading,1.2,6ae284e297811d465ba791b9a2fe90289cf958d1ba8c6eb7eec8ad5d7463e4fc,3387,67.0,40.0,cut_only,-0.0,-0.0,-0.0,-0.0,-0.0,-0.0
13,13,loading,1.2,6ae284e297811d465ba791b9a2fe90289cf958d1ba8c6eb7eec8ad5d7463e4fc,3388,68.0,40.0,cut_only,-0.0,-0.0,-0.0,-0.0,-0.0,-0.0
13,13,loading,1.2,6ae284e297811d465ba791b9a2fe90289cf958d1ba8c6eb7eec8ad5d7463e4fc,3389,69.0,40.0,cut_only,-0.0,-0.0,-0.0,-0.0,-0.0,-0.0
13,13,loading,1.2,6ae284e297811d465ba791b9a2fe90289cf958d1ba8c6eb7eec8ad5d7463e4fc,3390,70.0,40.0,cut_only,-0.0,-0.0,-0.0,-0.0,-0.0,-0.0
13,13,loading,1.2,6ae284e297811d465ba791b9a2fe90289cf958d1ba8c6eb7eec8ad5d7463e4fc,3391,71.0,40.0,cut_only,-0.0,-0.0,-0.0,-0.0,-0.0,-0.0
13,13,loading,1.2,6ae284e297811d465ba791b9a2fe90289cf958d1ba8c6eb7eec8ad5d7463e4fc,3392,72.0,40.0,cut_only,-0.0,-0.0,-0.0,-0.0,-0.0,-0.0
13,13,loading,1.2,6ae284e297811d465ba791b9a2fe90289cf958d1ba8c6eb7eec8ad5d7463e4fc,3393,73.0,40.0,cut_only,-0.0,-0.0,-0.0,-0.0,-0.0,-0.0
13,13,loading,1.2,6ae284e297811d465ba791b9a2fe90289cf958d1ba8c6eb7eec8ad5d7463e4fc,3394,74.0,40.0,cut_only,-0.0,-0.0,-0.0,-0.0,-0.0,-0.0
13,13,loading,1.2,6ae284e297811d465ba791b9a2fe90289cf958d1ba8c6eb7eec8ad5d7463e4fc,3395,75.0,40.0,cut_only,-0.0,-0.0,-0.0,-0.0,-0.0,-0.0
13,13,loading,1.2,6ae284e297811d465ba791b9a2fe90289cf958d1ba8c6eb7eec8ad5d7463e4fc,3396,76.0,40.0,cut_only,-0.0,-0.0,-0.0,-0.0,-0.0,-0.0
13,13,loading,1.2,6ae284e297811d465ba791b9a2fe90289cf958d1ba8c6eb7eec8ad5d7463e4fc,3397,77.0,40.0,cut_only,-0.0,-0.0,-0.0,-0.0,-0.0,-0.0
13,13,loading,1.2,6ae284e297811d465ba791b9a2fe90289cf958d1ba8c6eb7eec8ad5d7463e4fc,3398,78.0,40.0,cut_only,-0.0,-0.0,-0.0,-0.0,-0.0,-0.0
13,13,loading,1.2,6ae284e297811d465ba791b9a2fe90289cf958d1ba8c6eb7eec8ad5d7463e4fc,3399,79.0,40.0,cut_only,-0.0,-0.0,-0.0,-0.0,-0.0,-0.0
13,13,loading,1.2,6ae284e297811d465ba791b9a2fe90289cf958d1ba8c6eb7eec8ad5d7463e4fc,3400,80.0,40.0,physical_and_cut,2.1195389566777585e-07,6.316395588215206e-05,1.4377663229587075e-07,-1.69692675558048e-07,6.81772633719051e-08,6.333364855771011e-05
14,14,unloading,1.15,d7aaaa575be032b9e950e360fd839d722551dd78fb913508f809232cdda4c3b4,2635,62.0,31.0,physical_only,-0.0004233335465772775,-8.415309825361467e-05,-5.454394660849456e-06,6.237477061941298e-06,-0.000417879151916428,-9.039057531555597e-05
14,14,unloading,1.15,d7aaaa575be032b9e950e360fd839d722551dd78fb913508f809232cdda4c3b4,2636,63.0,31.0,physical_only,-2.919710942863681e-06,-6.680571424246072e-05,-3.0163592467852095e-06,7.35472907133126e-06,9.664830392152912e-08,-7.416044331379202e-05
14,14,unloading,1.15,d7aaaa575be032b9e950e360fd839d722551dd78fb913508f809232cdda4c3b4,2637,64.0,31.0,physical_only,-1.0888239128230314e-06,-8.714184817533964e-05,-3.086471358510868e-06,9.58210277082569e-06,1.9976474456878363e-06,-9.672395094616535e-05
14,14,unloading,1.15,d7aaaa575be032b9e950e360fd839d722551dd78fb913508f809232cdda4c3b4,2638,65.0,31.0,physical_only,-4.986627885229112e-07,-0.000117383719628171,-3.1742068883361404e-06,1.2152876963735164e-05,2.6755440998132296e-06,-0.00012953659659190617
14,14,unloading,1.15,d7aaaa575be032b9e950e360fd839d722551dd78fb913508f809232cdda4c3b4,2639,66.0,31.0,physical_only,-1.6484595313121158e-06,-0.00015630623682309373,-3.283655872841939e-06,1.517970180667655e-05,1.6351963415298227e-06,-0.00017148593862977024
14,14,unloading,1.15,d7aaaa575be032b9e950e360fd839d722551dd78fb913508f809232cdda4c3b4,2640,67.0,31.0,physical_only,-5.0716793972756234e-06,-0.0002020880417447317,-3.414178789835978e-06,1.8805236049813892e-05,-1.6575006074396448e-06,-0.00022089327779454572
14,14,unloading,1.15,d7aaaa575be032b9e950e360fd839d722551dd78fb913508f809232cdda4c3b4,2641,68.0,31.0,physical_only,-6.621559900612336e-06,-0.0002573765906044405,-3.5676534224543294e-06,2.3213782964529467e-05,-3.053906478158007e-06,-0.00028059037356896997
14,14,unloading,1.15,d7aaaa575be032b9e950e360fd839d722551dd78fb913508f809232cdda4c3b4,2642,69.0,31.0,physical_only,-8.806822240936022e-06,-0.0003269295510624356,-3.7498839965192293e-06,2.8661748874343192e-05,-5.056938244416793e-06,-0.0003555912999367787
14,14,unloading,1.15,d7aaaa575be032b9e950e360fd839d722551dd78fb913508f809232cdda4c3b4,2643,70.0,31.0,physical_only,-1.1641522978437075e-05,-0.0004120862607387881,-3.9720701393460916e-06,3.5527621744973743e-05,-7.669452839090984e-06,-0.00044761388248376155
14,14,unloading,1.15,d7aaaa575be032b9e950e360fd839d722551dd78fb913508f809232cdda4c3b4,2644,71.0,31.0,physical_only,-1.5089188130676753e-05,-0.0005154728896990418,-4.250573821325012e-06,4.439050485589681e-05,-1.0838614309351743e-05,-0.0005598633945549385
14,14,unloading,1.15,d7aaaa575be032b9e950e360fd839d722551dd78fb913508f809232cdda4c3b4,2645,72.0,31.0,physical_only,-1.8878226069566602e-05,-0.0006398074047314103,-4.611539656979769e-06,5.617836493969254e-05,-1.4266686412586833e-05,-0.000695985769671103
14,14,unloading,1.15,d7aaaa575be032b9e950e360fd839d722551dd78fb913508f809232cdda4c3b4,2646,73.0,31.0,physical_only,-2.1852471502685515e-05,-0.0007901207969583219,-5.099992323844338e-06,7.247158082817201e-05,-1.6752479178841176e-05,-0.0008625923777864936
14,14,unloading,1.15,d7aaaa575be032b9e950e360fd839d722551dd78fb913508f809232cdda4c3b4,2647,74.0,31.0,physical_only,-2.804607885891165e-05,-0.000971076814732524,-5.798185343309992e-06,9.618293396814015e-05,-2.2247893515601655e-05,-0.001067259748700665
14,14,unloading,1.15,d7aaaa575be032b9e950e360fd839d722551dd78fb913508f809232cdda4c3b4,2648,75.0,31.0,physical_only,-4.283258352604126e-05,-0.001182033933976802,-6.8708027917460285e-06,0.0001332733562346979,-3.596178073429525e-05,-0.0013153072902115006
14,14,unloading,1.15,d7aaaa575be032b9e950e360fd839d722551dd78fb913508f809232cdda4c3b4,2649,76.0,31.0,physical_only,-9.221069336022432e-05,-0.0014045408510356362,-8.695289172500168e-06,0.0001978995114104456,-8.351540418772416e-05,-0.001602440362446081
14,14,unloading,1.15,d7aaaa575be032b9e950e360fd839d722551dd78fb913508f809232cdda4c3b4,2650,77.0,31.0,physical_only,-0.00024093340776470658,-0.0014544954170952855,-1.228227142361086e-05,0.00033195744921147365,-0.00022865113634109568,-0.0017864528663067598
14,14,unloading,1.15,d7aaaa575be032b9e950e360fd839d722551dd78fb913508f809232cdda4c3b4,2651,78.0,31.0,physical_only,-0.00046892199459913864,-0.0012995996258876596,-2.267806271509154e-05,0.0007402538655584651,-0.00044624393188404717,-0.0020398534914461263
14,14,unloading,1.15,d7aaaa575be032b9e950e360fd839d722551dd78fb913508f809232cdda4c3b4,2652,79.0,31.0,physical_only,-0.0008217997421691014,0.007456253122696047,-5.0257344038058476e-05,0.0029263719999618352,-0.0007715423981310427,0.004529881122734213
14,14,unloading,1.15,d7aaaa575be032b9e950e360fd839d722551dd78fb913508f809232cdda4c3b4,2653,80.0,31.0,physical_only,-0.00031496544579175416,0.10390395501846489,-0.0021062463757327366,0.09592287060514494,0.0017912809299409822,0.007981084413319944
14,14,unloading,1.15,d7aaaa575be032b9e950e360fd839d722551dd78fb913508f809232cdda4c3b4,2718,62.0,32.0,physical_only,-7.700317744540309e-06,-1.0935954386670746e-06,-3.2381609459142042e-06,1.3049605409308854e-07,-4.462156798626103e-06,-1.224091492760163e-06
14,14,unloading,1.15,d7aaaa575be032b9e950e360fd839d722551dd78fb913508f809232cdda4c3b4,2719,63.0,32.0,interior,-0.0,-0.0,-0.0,-0.0,-0.0,-0.0
14,14,unloading,1.15,d7aaaa575be032b9e950e360fd839d722551dd78fb913508f809232cdda4c3b4,2720,64.0,32.0,interior,-0.0,-0.0,-0.0,-0.0,-0.0,-0.0
14,14,unloading,1.15,d7aaaa575be032b9e950e360fd839d722551dd78fb913508f809232cdda4c3b4,2721,65.0,32.0,interior,-0.0,-0.0,-0.0,-0.0,-0.0,-0.0
14,14,unloading,1.15,d7aaaa575be032b9e950e360fd839d722551dd78fb913508f809232cdda4c3b4,2722,66.0,32.0,interior,-0.0,-0.0,-0.0,-0.0,-0.0,-0.0
14,14,unloading,1.15,d7aaaa575be032b9e950e360fd839d722551dd78fb913508f809232cdda4c3b4,2723,67.0,32.0,interior,-0.0,-0.0,-0.0,-0.0,-0.0,-0.0
14,14,unloading,1.15,d7aaaa575be032b9e950e360fd839d722551dd78fb913508f809232cdda4c3b4,2724,68.0,32.0,interior,-0.0,-0.0,-0.0,-0.0,-0.0,-0.0
14,14,unloading,1.15,d7aaaa575be032b9e950e360fd839d722551dd78fb913508f809232cdda4c3b4,2725,69.0,32.0,interior,-0.0,-0.0,-0.0,-0.0,-0.0,-0.0
14,14,unloading,1.15,d7aaaa575be032b9e950e360fd839d722551dd78fb913508f809232cdda4c3b4,2726,70.0,32.0,interior,-0.0,-0.0,-0.0,-0.0,-0.0,-0.0
14,14,unloading,1.15,d7aaaa575be032b9e950e360fd839d722551dd78fb913508f809232cdda4c3b4,2727,71.0,32.0,interior,-0.0,-0.0,-0.0,-0.0,-0.0,-0.0
14,14,unloading,1.15,d7aaaa575be032b9e950e360fd839d722551dd78fb913508f809232cdda4c3b4,2728,72.0,32.0,interior,-0.0,-0.0,-0.0,-0.0,-0.0,-0.0
14,14,unloading,1.15,d7aaaa575be032b9e950e360fd839d722551dd78fb913508f809232cdda4c3b4,2729,73.0,32.0,interior,-0.0,-0.0,-0.0,-0.0,-0.0,-0.0
14,14,unloading,1.15,d7aaaa575be032b9e950e360fd839d722551dd78fb913508f809232cdda4c3b4,2730,74.0,32.0,interior,-0.0,-0.0,-0.0,-0.0,-0.0,-0.0
14,14,unloading,1.15,d7aaaa575be032b9e950e360fd839d722551dd78fb913508f809232cdda4c3b4,2731,75.0,32.0,interior,-0.0,-0.0,-0.0,-0.0,-0.0,-0.0
14,14,unloading,1.15,d7aaaa575be032b9e950e360fd839d722551dd78fb913508f809232cdda4c3b4,2732,76.0,32.0,interior,-0.0,-0.0,-0.0,-0.0,-0.0,-0.0
14,14,unloading,1.15,d7aaaa575be032b9e950e360fd839d722551dd78fb913508f809232cdda4c3b4,2733,77.0,32.0,interior,-0.0,-0.0,-0.0,-0.0,-0.0,-0.0
14,14,unloading,1.15,d7aaaa575be032b9e950e360fd839d722551dd78fb913508f809232cdda4c3b4,2734,78.0,32.0,interior,-0.0,-0.0,-0.0,-0.0,-0.0,-0.0
14,14,unloading,1.15,d7aaaa575be032b9e950e360fd839d722551dd78fb913508f809232cdda4c3b4,2735,79.0,32.0,interior,-0.0,-0.0,-0.0,-0.0,-0.0,-0.0
14,14,unloading,1.15,d7aaaa575be032b9e950e360fd839d722551dd78fb913508f809232cdda4c3b4,2736,80.0,32.0,physical_only,4.6572254074861436e-07,-4.9714251620737774e-08,2.6842890963805413e-07,-1.8532922324479835e-06,1.972936311105599e-07,1.8035779808272439e-06
14,14,unloading,1.15,d7aaaa575be032b9e950e360fd839d722551dd78fb913508f809232cdda4c3b4,2801,62.0,33.0,physical_only,-6.131399635850399e-06,-7.522793279743696e-07,-3.47907894986468e-06,1.0085278045342942e-07,-2.6523206859857206e-06,-8.531321084277993e-07
14,14,unloading,1.15,d7aaaa575be032b9e950e360fd839d722551dd78fb913508f809232cdda4c3b4,2802,63.0,33.0,interior,-0.0,-0.0,-0.0,-0.0,-0.0,-0.0
14,14,unloading,1.15,d7aaaa575be032b9e950e360fd839d722551dd78fb913508f809232cdda4c3b4,2803,64.0,33.0,interior,-0.0,-0.0,-0.0,-0.0,-0.0,-0.0
14,14,unloading,1.15,d7aaaa575be032b9e950e360fd839d722551dd78fb913508f809232cdda4c3b4,2804,65.0,33.0,interior,-0.0,-0.0,-0.0,-0.0,-0.0,-0.0
14,14,unloading,1.15,d7aaaa575be032b9e950e360fd839d722551dd78fb913508f809232cdda4c3b4,2805,66.0,33.0,interior,-0.0,-0.0,-0.0,-0.0,-0.0,-0.0
14,14,unloading,1.15,d7aaaa575be032b9e950e360fd839d722551dd78fb913508f809232cdda4c3b4,2806,67.0,33.0,interior,-0.0,-0.0,-0.0,-0.0,-0.0,-0.0
14,14,unloading,1.15,d7aaaa575be032b9e950e360fd839d722551dd78fb913508f809232cdda4c3b4,2807,68.0,33.0,interior,-0.0,-0.0,-0.0,-0.0,-0.0,-0.0
14,14,unloading,1.15,d7aaaa575be032b9e950e360fd839d722551dd78fb913508f809232cdda4c3b4,2808,69.0,33.0,interior,-0.0,-0.0,-0.0,-0.0,-0.0,-0.0
14,14,unloading,1.15,d7aaaa575be032b9e950e360fd839d722551dd78fb913508f809232cdda4c3b4,2809,70.0,33.0,interior,-0.0,-0.0,-0.0,-0.0,-0.0,-0.0
14,14,unloading,1.15,d7aaaa575be032b9e950e360fd839d722551dd78fb913508f809232cdda4c3b4,2810,71.0,33.0,interior,-0.0,-0.0,-0.0,-0.0,-0.0,-0.0
14,14,unloading,1.15,d7aaaa575be032b9e950e360fd839d722551dd78fb913508f809232cdda4c3b4,2811,72.0,33.0,interior,-0.0,-0.0,-0.0,-0.0,-0.0,-0.0
14,14,unloading,1.15,d7aaaa575be032b9e950e360fd839d722551dd78fb913508f809232cdda4c3b4,2812,73.0,33.0,interior,-0.0,-0.0,-0.0,-0.0,-0.0,-0.0
14,14,unloading,1.15,d7aaaa575be032b9e950e360fd839d722551dd78fb913508f809232cdda4c3b4,2813,74.0,33.0,interior,-0.0,-0.0,-0.0,-0.0,-0.0,-0.0
14,14,unloading,1.15,d7aaaa575be032b9e950e360fd839d722551dd78fb913508f809232cdda4c3b4,2814,75.0,33.0,interior,-0.0,-0.0,-0.0,-0.0,-0.0,-0.0
14,14,unloading,1.15,d7aaaa575be032b9e950e360fd839d722551dd78fb913508f809232cdda4c3b4,2815,76.0,33.0,interior,-0.0,-0.0,-0.0,-0.0,-0.0,-0.0
14,14,unloading,1.15,d7aaaa575be032b9e950e360fd839d722551dd78fb913508f809232cdda4c3b4,2816,77.0,33.0,interior,-0.0,-0.0,-0.0,-0.0,-0.0,-0.0
14,14,unloading,1.15,d7aaaa575be032b9e950e360fd839d722551dd78fb913508f809232cdda4c3b4,2817,78.0,33.0,interior,-0.0,-0.0,-0.0,-0.0,-0.0,-0.0
14,14,unloading,1.15,d7aaaa575be032b9e950e360fd839d722551dd78fb913508f809232cdda4c3b4,2818,79.0,33.0,interior,-0.0,-0.0,-0.0,-0.0,-0.0,-0.0
14,14,unloading,1.15,d7aaaa575be032b9e950e360fd839d722551dd78fb913508f809232cdda4c3b4,2819,80.0,33.0,physical_only,4.548177301031125e-07,-4.269448150872907e-08,2.744923323121921e-07,-1.6082392299976917e-06,1.8032539779092051e-07,1.5655447484889555e-06
14,14,unloading,1.15,d7aaaa575be032b9e950e360fd839d722551dd78fb913508f809232cdda4c3b4,2884,62.0,34.0,physical_only,-5.402351403593749e-06,-2.6054055617282684e-07,-3.6721044842716457e-06,8.305296934581398e-08,-1.7302469193221034e-06,-3.4359352551864076e-07
14,14,unloading,1.15,d7aaaa575be032b9e950e360fd839d722551dd78fb913508f809232cdda4c3b4,2885,63.0,34.0,interior,-0.0,-0.0,-0.0,-0.0,-0.0,-0.0
14,14,unloading,1.15,d7aaaa575be032b9e950e360fd839d722551dd78fb913508f809232cdda4c3b4,2886,64.0,34.0,interior,-0.0,-0.0,-0.0,-0.0,-0.0,-0.0
14,14,unloading,1.15,d7aaaa575be032b9e950e360fd839d722551dd78fb913508f809232cdda4c3b4,2887,65.0,34.0,interior,-0.0,-0.0,-0.0,-0.0,-0.0,-0.0
14,14,unloading,1.15,d7aaaa575be032b9e950e360fd839d722551dd78fb913508f809232cdda4c3b4,2888,66.0,34.0,interior,-0.0,-0.0,-0.0,-0.0,-0.0,-0.0
14,14,unloading,1.15,d7aaaa575be032b9e950e360fd839d722551dd78fb913508f809232cdda4c3b4,2889,67.0,34.0,interior,-0.0,-0.0,-0.0,-0.0,-0.0,-0.0
14,14,unloading,1.15,d7aaaa575be032b9e950e360fd839d722551dd78fb913508f809232cdda4c3b4,2890,68.0,34.0,interior,-0.0,-0.0,-0.0,-0.0,-0.0,-0.0
14,14,unloading,1.15,d7aaaa575be032b9e950e360fd839d722551dd78fb913508f809232cdda4c3b4,2891,69.0,34.0,interior,-0.0,-0.0,-0.0,-0.0,-0.0,-0.0
14,14,unloading,1.15,d7aaaa575be032b9e950e360fd839d722551dd78fb913508f809232cdda4c3b4,2892,70.0,34.0,interior,-0.0,-0.0,-0.0,-0.0,-0.0,-0.0
14,14,unloading,1.15,d7aaaa575be032b9e950e360fd839d722551dd78fb913508f809232cdda4c3b4,2893,71.0,34.0,interior,-0.0,-0.0,-0.0,-0.0,-0.0,-0.0
14,14,unloading,1.15,d7aaaa575be032b9e950e360fd839d722551dd78fb913508f809232cdda4c3b4,2894,72.0,34.0,interior,-0.0,-0.0,-0.0,-0.0,-0.0,-0.0
14,14,unloading,1.15,d7aaaa575be032b9e950e360fd839d722551dd78fb913508f809232cdda4c3b4,2895,73.0,34.0,interior,-0.0,-0.0,-0.0,-0.0,-0.0,-0.0
14,14,unloading,1.15,d7aaaa575be032b9e950e360fd839d722551dd78fb913508f809232cdda4c3b4,2896,74.0,34.0,interior,-0.0,-0.0,-0.0,-0.0,-0.0,-0.0
14,14,unloading,1.15,d7aaaa575be032b9e950e360fd839d722551dd78fb913508f809232cdda4c3b4,2897,75.0,34.0,interior,-0.0,-0.0,-0.0,-0.0,-0.0,-0.0
14,14,unloading,1.15,d7aaaa575be032b9e950e360fd839d722551dd78fb913508f809232cdda4c3b4,2898,76.0,34.0,interior,-0.0,-0.0,-0.0,-0.0,-0.0,-0.0
14,14,unloading,1.15,d7aaaa575be032b9e950e360fd839d722551dd78fb913508f809232cdda4c3b4,2899,77.0,34.0,interior,-0.0,-0.0,-0.0,-0.0,-0.0,-0.0
14,14,unloading,1.15,d7aaaa575be032b9e950e360fd839d722551dd78fb913508f809232cdda4c3b4,2900,78.0,34.0,interior,-0.0,-0.0,-0.0,-0.0,-0.0,-0.0
14,14,unloading,1.15,d7aaaa575be032b9e950e360fd839d722551dd78fb913508f809232cdda4c3b4,2901,79.0,34.0,interior,-0.0,-0.0,-0.0,-0.0,-0.0,-0.0
14,14,unloading,1.15,d7aaaa575be032b9e950e360fd839d722551dd78fb913508f809232cdda4c3b4,2902,80.0,34.0,physical_only,4.454221821300615e-07,-3.602009444105556e-08,2.794082131941146e-07,-1.3685619349199833e-06,1.6601396893594688e-07,1.332541840478918e-06
14,14,unloading,1.15,d7aaaa575be032b9e950e360fd839d722551dd78fb913508f809232cdda4c3b4,2967,62.0,35.0,physical_only,-5.234518126868884e-06,1.032712988645462e-07,-3.831343409549164e-06,7.133813062247159e-08,-1.4031747173197194e-06,3.19331682420747e-08
14,14,unloading,1.15,d7aaaa575be032b9e950e360fd839d722551dd78fb913508f809232cdda4c3b4,2968,63.0,35.0,interior,-0.0,-0.0,-0.0,-0.0,-0.0,-0.0
14,14,unloading,1.15,d7aaaa575be032b9e950e360fd839d722551dd78fb913508f809232cdda4c3b4,2969,64.0,35.0,interior,-0.0,-0.0,-0.0,-0.0,-0.0,-0.0
14,14,unloading,1.15,d7aaaa575be032b9e950e360fd839d722551dd78fb913508f809232cdda4c3b4,2970,65.0,35.0,interior,-0.0,-0.0,-0.0,-0.0,-0.0,-0.0
14,14,unloading,1.15,d7aaaa575be032b9e950e360fd839d722551dd78fb913508f809232cdda4c3b4,2971,66.0,35.0,interior,-0.0,-0.0,-0.0,-0.0,-0.0,-0.0
14,14,unloading,1.15,d7aaaa575be032b9e950e360fd839d722551dd78fb913508f809232cdda4c3b4,2972,67.0,35.0,interior,-0.0,-0.0,-0.0,-0.0,-0.0,-0.0
14,14,unloading,1.15,d7aaaa575be032b9e950e360fd839d722551dd78fb913508f809232cdda4c3b4,2973,68.0,35.0,interior,-0.0,-0.0,-0.0,-0.0,-0.0,-0.0
14,14,unloading,1.15,d7aaaa575be032b9e950e360fd839d722551dd78fb913508f809232cdda4c3b4,2974,69.0,35.0,interior,-0.0,-0.0,-0.0,-0.0,-0.0,-0.0
14,14,unloading,1.15,d7aaaa575be032b9e950e360fd839d722551dd78fb913508f809232cdda4c3b4,2975,70.0,35.0,interior,-0.0,-0.0,-0.0,-0.0,-0.0,-0.0
14,14,unloading,1.15,d7aaaa575be032b9e950e360fd839d722551dd78fb913508f809232cdda4c3b4,2976,71.0,35.0,interior,-0.0,-0.0,-0.0,-0.0,-0.0,-0.0
14,14,unloading,1.15,d7aaaa575be032b9e950e360fd839d722551dd78fb913508f809232cdda4c3b4,2977,72.0,35.0,interior,-0.0,-0.0,-0.0,-0.0,-0.0,-0.0
14,14,unloading,1.15,d7aaaa575be032b9e950e360fd839d722551dd78fb913508f809232cdda4c3b4,2978,73.0,35.0,interior,-0.0,-0.0,-0.0,-0.0,-0.0,-0.0
14,14,unloading,1.15,d7aaaa575be032b9e950e360fd839d722551dd78fb913508f809232cdda4c3b4,2979,74.0,35.0,interior,-0.0,-0.0,-0.0,-0.0,-0.0,-0.0
14,14,unloading,1.15,d7aaaa575be032b9e950e360fd839d722551dd78fb913508f809232cdda4c3b4,2980,75.0,35.0,interior,-0.0,-0.0,-0.0,-0.0,-0.0,-0.0
14,14,unloading,1.15,d7aaaa575be032b9e950e360fd839d722551dd78fb913508f809232cdda4c3b4,2981,76.0,35.0,interior,-0.0,-0.0,-0.0,-0.0,-0.0,-0.0
14,14,unloading,1.15,d7aaaa575be032b9e950e360fd839d722551dd78fb913508f809232cdda4c3b4,2982,77.0,35.0,interior,-0.0,-0.0,-0.0,-0.0,-0.0,-0.0
14,14,unloading,1.15,d7aaaa575be032b9e950e360fd839d722551dd78fb913508f809232cdda4c3b4,2983,78.0,35.0,interior,-0.0,-0.0,-0.0,-0.0,-0.0,-0.0
14,14,unloading,1.15,d7aaaa575be032b9e950e360fd839d722551dd78fb913508f809232cdda4c3b4,2984,79.0,35.0,interior,-0.0,-0.0,-0.0,-0.0,-0.0,-0.0
14,14,unloading,1.15,d7aaaa575be032b9e950e360fd839d722551dd78fb913508f809232cdda4c3b4,2985,80.0,35.0,physical_only,4.375141811547918e-07,-2.9624184903520893e-08,2.833260133334227e-07,-1.1334794442565807e-06,1.5418816782136901e-07,1.1038552593530638e-06
14,14,unloading,1.15,d7aaaa575be032b9e950e360fd839d722551dd78fb913508f809232cdda4c3b4,3050,62.0,36.0,physical_only,-5.327738616123532e-06,2.723485092143759e-07,-3.962895483628342e-06,6.08321793167617e-08,-1.3648431324951892e-06,2.1151632989761418e-07
14,14,unloading,1.15,d7aaaa575be032b9e950e360fd839d722551dd78fb913508f809232cdda4c3b4,3051,63.0,36.0,interior,-0.0,-0.0,-0.0,-0.0,-0.0,-0.0
14,14,unloading,1.15,d7aaaa575be032b9e950e360fd839d722551dd78fb913508f809232cdda4c3b4,3052,64.0,36.0,interior,-0.0,-0.0,-0.0,-0.0,-0.0,-0.0
14,14,unloading,1.15,d7aaaa575be032b9e950e360fd839d722551dd78fb913508f809232cdda4c3b4,3053,65.0,36.0,interior,-0.0,-0.0,-0.0,-0.0,-0.0,-0.0
14,14,unloading,1.15,d7aaaa575be032b9e950e360fd839d722551dd78fb913508f809232cdda4c3b4,3054,66.0,36.0,interior,-0.0,-0.0,-0.0,-0.0,-0.0,-0.0
14,14,unloading,1.15,d7aaaa575be032b9e950e360fd839d722551dd78fb913508f809232cdda4c3b4,3055,67.0,36.0,interior,-0.0,-0.0,-0.0,-0.0,-0.0,-0.0
14,14,unloading,1.15,d7aaaa575be032b9e950e360fd839d722551dd78fb913508f809232cdda4c3b4,3056,68.0,36.0,interior,-0.0,-0.0,-0.0,-0.0,-0.0,-0.0
14,14,unloading,1.15,d7aaaa575be032b9e950e360fd839d722551dd78fb913508f809232cdda4c3b4,3057,69.0,36.0,interior,-0.0,-0.0,-0.0,-0.0,-0.0,-0.0
14,14,unloading,1.15,d7aaaa575be032b9e950e360fd839d722551dd78fb913508f809232cdda4c3b4,3058,70.0,36.0,interior,-0.0,-0.0,-0.0,-0.0,-0.0,-0.0
14,14,unloading,1.15,d7aaaa575be032b9e950e360fd839d722551dd78fb913508f809232cdda4c3b4,3059,71.0,36.0,interior,-0.0,-0.0,-0.0,-0.0,-0.0,-0.0
14,14,unloading,1.15,d7aaaa575be032b9e950e360fd839d722551dd78fb913508f809232cdda4c3b4,3060,72.0,36.0,interior,-0.0,-0.0,-0.0,-0.0,-0.0,-0.0
14,14,unloading,1.15,d7aaaa575be032b9e950e360fd839d722551dd78fb913508f809232cdda4c3b4,3061,73.0,36.0,interior,-0.0,-0.0,-0.0,-0.0,-0.0,-0.0
14,14,unloading,1.15,d7aaaa575be032b9e950e360fd839d722551dd78fb913508f809232cdda4c3b4,3062,74.0,36.0,interior,-0.0,-0.0,-0.0,-0.0,-0.0,-0.0
14,14,unloading,1.15,d7aaaa575be032b9e950e360fd839d722551dd78fb913508f809232cdda4c3b4,3063,75.0,36.0,interior,-0.0,-0.0,-0.0,-0.0,-0.0,-0.0
14,14,unloading,1.15,d7aaaa575be032b9e950e360fd839d722551dd78fb913508f809232cdda4c3b4,3064,76.0,36.0,interior,-0.0,-0.0,-0.0,-0.0,-0.0,-0.0
14,14,unloading,1.15,d7aaaa575be032b9e950e360fd839d722551dd78fb913508f809232cdda4c3b4,3065,77.0,36.0,interior,-0.0,-0.0,-0.0,-0.0,-0.0,-0.0
14,14,unloading,1.15,d7aaaa575be032b9e950e360fd839d722551dd78fb913508f809232cdda4c3b4,3066,78.0,36.0,interior,-0.0,-0.0,-0.0,-0.0,-0.0,-0.0
14,14,unloading,1.15,d7aaaa575be032b9e950e360fd839d722551dd78fb913508f809232cdda4c3b4,3067,79.0,36.0,interior,-0.0,-0.0,-0.0,-0.0,-0.0,-0.0
14,14,unloading,1.15,d7aaaa575be032b9e950e360fd839d722551dd78fb913508f809232cdda4c3b4,3068,80.0,36.0,physical_only,4.3107368847250986e-07,-2.3449071507854148e-08,2.8636901282568825e-07,-9.022160562236254e-07,1.4470467564682166e-07,8.787669847157704e-07
14,14,unloading,1.15,d7aaaa575be032b9e950e360fd839d722551dd78fb913508f809232cdda4c3b4,3133,62.0,37.0,physical_only,-5.487176740099312e-06,2.9303964144119374e-07,-4.0677007446647635e-06,4.876130757813471e-08,-1.4194759954345478e-06,2.442783338630589e-07
14,14,unloading,1.15,d7aaaa575be032b9e950e360fd839d722551dd78fb913508f809232cdda4c3b4,3134,63.0,37.0,interior,-0.0,-0.0,-0.0,-0.0,-0.0,-0.0
14,14,unloading,1.15,d7aaaa575be032b9e950e360fd839d722551dd78fb913508f809232cdda4c3b4,3135,64.0,37.0,interior,-0.0,-0.0,-0.0,-0.0,-0.0,-0.0
14,14,unloading,1.15,d7aaaa575be032b9e950e360fd839d722551dd78fb913508f809232cdda4c3b4,3136,65.0,37.0,interior,-0.0,-0.0,-0.0,-0.0,-0.0,-0.0
14,14,unloading,1.15,d7aaaa575be032b9e950e360fd839d722551dd78fb913508f809232cdda4c3b4,3137,66.0,37.0,interior,-0.0,-0.0,-0.0,-0.0,-0.0,-0.0
14,14,unloading,1.15,d7aaaa575be032b9e950e360fd839d722551dd78fb913508f809232cdda4c3b4,3138,67.0,37.0,interior,-0.0,-0.0,-0.0,-0.0,-0.0,-0.0
14,14,unloading,1.15,d7aaaa575be032b9e950e360fd839d722551dd78fb913508f809232cdda4c3b4,3139,68.0,37.0,interior,-0.0,-0.0,-0.0,-0.0,-0.0,-0.0
14,14,unloading,1.15,d7aaaa575be032b9e950e360fd839d722551dd78fb913508f809232cdda4c3b4,3140,69.0,37.0,interior,-0.0,-0.0,-0.0,-0.0,-0.0,-0.0
14,14,unloading,1.15,d7aaaa575be032b9e950e360fd839d722551dd78fb913508f809232cdda4c3b4,3141,70.0,37.0,interior,-0.0,-0.0,-0.0,-0.0,-0.0,-0.0
14,14,unloading,1.15,d7aaaa575be032b9e950e360fd839d722551dd78fb913508f809232cdda4c3b4,3142,71.0,37.0,interior,-0.0,-0.0,-0.0,-0.0,-0.0,-0.0
14,14,unloading,1.15,d7aaaa575be032b9e950e360fd839d722551dd78fb913508f809232cdda4c3b4,3143,72.0,37.0,interior,-0.0,-0.0,-0.0,-0.0,-0.0,-0.0
14,14,unloading,1.15,d7aaaa575be032b9e950e360fd839d722551dd78fb913508f809232cdda4c3b4,3144,73.0,37.0,interior,-0.0,-0.0,-0.0,-0.0,-0.0,-0.0
14,14,unloading,1.15,d7aaaa575be032b9e950e360fd839d722551dd78fb913508f809232cdda4c3b4,3145,74.0,37.0,interior,-0.0,-0.0,-0.0,-0.0,-0.0,-0.0
14,14,unloading,1.15,d7aaaa575be032b9e950e360fd839d722551dd78fb913508f809232cdda4c3b4,3146,75.0,37.0,interior,-0.0,-0.0,-0.0,-0.0,-0.0,-0.0
14,14,unloading,1.15,d7aaaa575be032b9e950e360fd839d722551dd78fb913508f809232cdda4c3b4,3147,76.0,37.0,interior,-0.0,-0.0,-0.0,-0.0,-0.0,-0.0
14,14,unloading,1.15,d7aaaa575be032b9e950e360fd839d722551dd78fb913508f809232cdda4c3b4,3148,77.0,37.0,interior,-0.0,-0.0,-0.0,-0.0,-0.0,-0.0
14,14,unloading,1.15,d7aaaa575be032b9e950e360fd839d722551dd78fb913508f809232cdda4c3b4,3149,78.0,37.0,interior,-0.0,-0.0,-0.0,-0.0,-0.0,-0.0
14,14,unloading,1.15,d7aaaa575be032b9e950e360fd839d722551dd78fb913508f809232cdda4c3b4,3150,79.0,37.0,interior,-0.0,-0.0,-0.0,-0.0,-0.0,-0.0
14,14,unloading,1.15,d7aaaa575be032b9e950e360fd839d722551dd78fb913508f809232cdda4c3b4,3151,80.0,37.0,physical_only,4.260833453418556e-07,-1.7443771359649022e-08,2.8863590761746663e-07,-6.740010593161221e-07,1.3744743772438895e-07,6.565572879564657e-07
14,14,unloading,1.15,d7aaaa575be032b9e950e360fd839d722551dd78fb913508f809232cdda4c3b4,3216,62.0,38.0,physical_only,-5.622123715775266e-06,2.2516672007249348e-07,-4.1444121200007196e-06,3.427361292025262e-08,-1.477711595774546e-06,1.9089310715224107e-07
14,14,unloading,1.15,d7aaaa575be032b9e950e360fd839d722551dd78fb913508f809232cdda4c3b4,3217,63.0,38.0,interior,-0.0,-0.0,-0.0,-0.0,-0.0,-0.0
14,14,unloading,1.15,d7aaaa575be032b9e950e360fd839d722551dd78fb913508f809232cdda4c3b4,3218,64.0,38.0,interior,-0.0,-0.0,-0.0,-0.0,-0.0,-0.0
14,14,unloading,1.15,d7aaaa575be032b9e950e360fd839d722551dd78fb913508f809232cdda4c3b4,3219,65.0,38.0,interior,-0.0,-0.0,-0.0,-0.0,-0.0,-0.0
14,14,unloading,1.15,d7aaaa575be032b9e950e360fd839d722551dd78fb913508f809232cdda4c3b4,3220,66.0,38.0,interior,-0.0,-0.0,-0.0,-0.0,-0.0,-0.0
14,14,unloading,1.15,d7aaaa575be032b9e950e360fd839d722551dd78fb913508f809232cdda4c3b4,3221,67.0,38.0,interior,-0.0,-0.0,-0.0,-0.0,-0.0,-0.0
14,14,unloading,1.15,d7aaaa575be032b9e950e360fd839d722551dd78fb913508f809232cdda4c3b4,3222,68.0,38.0,interior,-0.0,-0.0,-0.0,-0.0,-0.0,-0.0
14,14,unloading,1.15,d7aaaa575be032b9e950e360fd839d722551dd78fb913508f809232cdda4c3b4,3223,69.0,38.0,interior,-0.0,-0.0,-0.0,-0.0,-0.0,-0.0
14,14,unloading,1.15,d7aaaa575be032b9e950e360fd839d722551dd78fb913508f809232cdda4c3b4,3224,70.0,38.0,interior,-0.0,-0.0,-0.0,-0.0,-0.0,-0.0
14,14,unloading,1.15,d7aaaa575be032b9e950e360fd839d722551dd78fb913508f809232cdda4c3b4,3225,71.0,38.0,interior,-0.0,-0.0,-0.0,-0.0,-0.0,-0.0
14,14,unloading,1.15,d7aaaa575be032b9e950e360fd839d722551dd78fb913508f809232cdda4c3b4,3226,72.0,38.0,interior,-0.0,-0.0,-0.0,-0.0,-0.0,-0.0
14,14,unloading,1.15,d7aaaa575be032b9e950e360fd839d722551dd78fb913508f809232cdda4c3b4,3227,73.0,38.0,interior,-0.0,-0.0,-0.0,-0.0,-0.0,-0.0
14,14,unloading,1.15,d7aaaa575be032b9e950e360fd839d722551dd78fb913508f809232cdda4c3b4,3228,74.0,38.0,interior,-0.0,-0.0,-0.0,-0.0,-0.0,-0.0
14,14,unloading,1.15,d7aaaa575be032b9e950e360fd839d722551dd78fb913508f809232cdda4c3b4,3229,75.0,38.0,interior,-0.0,-0.0,-0.0,-0.0,-0.0,-0.0
14,14,unloading,1.15,d7aaaa575be032b9e950e360fd839d722551dd78fb913508f809232cdda4c3b4,3230,76.0,38.0,interior,-0.0,-0.0,-0.0,-0.0,-0.0,-0.0
14,14,unloading,1.15,d7aaaa575be032b9e950e360fd839d722551dd78fb913508f809232cdda4c3b4,3231,77.0,38.0,interior,-0.0,-0.0,-0.0,-0.0,-0.0,-0.0
14,14,unloading,1.15,d7aaaa575be032b9e950e360fd839d722551dd78fb913508f809232cdda4c3b4,3232,78.0,38.0,interior,-0.0,-0.0,-0.0,-0.0,-0.0,-0.0
14,14,unloading,1.15,d7aaaa575be032b9e950e360fd839d722551dd78fb913508f809232cdda4c3b4,3233,79.0,38.0,interior,-0.0,-0.0,-0.0,-0.0,-0.0,-0.0
14,14,unloading,1.15,d7aaaa575be032b9e950e360fd839d722551dd78fb913508f809232cdda4c3b4,3234,80.0,38.0,physical_only,4.2252912818066035e-07,-1.1562088467523789e-08,2.9020211383894186e-07,-4.4806814893421876e-07,1.3232701434171852e-07,4.3650606046670534e-07
14,14,unloading,1.15,d7aaaa575be032b9e950e360fd839d722551dd78fb913508f809232cdda4c3b4,3299,62.0,39.0,physical_only,-5.702402757594e-06,1.1827313800315664e-07,-4.191278679982898e-06,1.7708367156019575e-08,-1.5111240776111023e-06,1.0056477084713707e-07
14,14,unloading,1.15,d7aaaa575be032b9e950e360fd839d722551dd78fb913508f809232cdda4c3b4,3300,63.0,39.0,interior,-0.0,-0.0,-0.0,-0.0,-0.0,-0.0
14,14,unloading,1.15,d7aaaa575be032b9e950e360fd839d722551dd78fb913508f809232cdda4c3b4,3301,64.0,39.0,interior,-0.0,-0.0,-0.0,-0.0,-0.0,-0.0
14,14,unloading,1.15,d7aaaa575be032b9e950e360fd839d722551dd78fb913508f809232cdda4c3b4,3302,65.0,39.0,interior,-0.0,-0.0,-0.0,-0.0,-0.0,-0.0
14,14,unloading,1.15,d7aaaa575be032b9e950e360fd839d722551dd78fb913508f809232cdda4c3b4,3303,66.0,39.0,interior,-0.0,-0.0,-0.0,-0.0,-0.0,-0.0
14,14,unloading,1.15,d7aaaa575be032b9e950e360fd839d722551dd78fb913508f809232cdda4c3b4,3304,67.0,39.0,interior,-0.0,-0.0,-0.0,-0.0,-0.0,-0.0
14,14,unloading,1.15,d7aaaa575be032b9e950e360fd839d722551dd78fb913508f809232cdda4c3b4,3305,68.0,39.0,interior,-0.0,-0.0,-0.0,-0.0,-0.0,-0.0
14,14,unloading,1.15,d7aaaa575be032b9e950e360fd839d722551dd78fb913508f809232cdda4c3b4,3306,69.0,39.0,interior,-0.0,-0.0,-0.0,-0.0,-0.0,-0.0
14,14,unloading,1.15,d7aaaa575be032b9e950e360fd839d722551dd78fb913508f809232cdda4c3b4,3307,70.0,39.0,interior,-0.0,-0.0,-0.0,-0.0,-0.0,-0.0
14,14,unloading,1.15,d7aaaa575be032b9e950e360fd839d722551dd78fb913508f809232cdda4c3b4,3308,71.0,39.0,interior,-0.0,-0.0,-0.0,-0.0,-0.0,-0.0
14,14,unloading,1.15,d7aaaa575be032b9e950e360fd839d722551dd78fb913508f809232cdda4c3b4,3309,72.0,39.0,interior,-0.0,-0.0,-0.0,-0.0,-0.0,-0.0
14,14,unloading,1.15,d7aaaa575be032b9e950e360fd839d722551dd78fb913508f809232cdda4c3b4,3310,73.0,39.0,interior,-0.0,-0.0,-0.0,-0.0,-0.0,-0.0
14,14,unloading,1.15,d7aaaa575be032b9e950e360fd839d722551dd78fb913508f809232cdda4c3b4,3311,74.0,39.0,interior,-0.0,-0.0,-0.0,-0.0,-0.0,-0.0
14,14,unloading,1.15,d7aaaa575be032b9e950e360fd839d722551dd78fb913508f809232cdda4c3b4,3312,75.0,39.0,interior,-0.0,-0.0,-0.0,-0.0,-0.0,-0.0
14,14,unloading,1.15,d7aaaa575be032b9e950e360fd839d722551dd78fb913508f809232cdda4c3b4,3313,76.0,39.0,interior,-0.0,-0.0,-0.0,-0.0,-0.0,-0.0
14,14,unloading,1.15,d7aaaa575be032b9e950e360fd839d722551dd78fb913508f809232cdda4c3b4,3314,77.0,39.0,interior,-0.0,-0.0,-0.0,-0.0,-0.0,-0.0
14,14,unloading,1.15,d7aaaa575be032b9e950e360fd839d722551dd78fb913508f809232cdda4c3b4,3315,78.0,39.0,interior,-0.0,-0.0,-0.0,-0.0,-0.0,-0.0
14,14,unloading,1.15,d7aaaa575be032b9e950e360fd839d722551dd78fb913508f809232cdda4c3b4,3316,79.0,39.0,interior,-0.0,-0.0,-0.0,-0.0,-0.0,-0.0
14,14,unloading,1.15,d7aaaa575be032b9e950e360fd839d722551dd78fb913508f809232cdda4c3b4,3317,80.0,39.0,physical_only,4.2040076949198317e-07,-5.761114678929291e-09,2.9112077969663213e-07,-2.2365456072410654e-07,1.2927998979535104e-07,2.1789344604517587e-07
14,14,unloading,1.15,d7aaaa575be032b9e950e360fd839d722551dd78fb913508f809232cdda4c3b4,3382,62.0,40.0,physical_and_cut,-2.8640129022177802e-06,-1.7542008529029557e-06,-2.1035234082904222e-06,-9.58058745314679e-07,-7.604894939273579e-07,-7.961421075882767e-07
14,14,unloading,1.15,d7aaaa575be032b9e950e360fd839d722551dd78fb913508f809232cdda4c3b4,3383,63.0,40.0,cut_only,-0.0,-0.0,-0.0,-0.0,-0.0,-0.0
14,14,unloading,1.15,d7aaaa575be032b9e950e360fd839d722551dd78fb913508f809232cdda4c3b4,3384,64.0,40.0,cut_only,-0.0,-0.0,-0.0,-0.0,-0.0,-0.0
14,14,unloading,1.15,d7aaaa575be032b9e950e360fd839d722551dd78fb913508f809232cdda4c3b4,3385,65.0,40.0,cut_only,-0.0,-0.0,-0.0,-0.0,-0.0,-0.0
14,14,unloading,1.15,d7aaaa575be032b9e950e360fd839d722551dd78fb913508f809232cdda4c3b4,3386,66.0,40.0,cut_only,-0.0,-0.0,-0.0,-0.0,-0.0,-0.0
14,14,unloading,1.15,d7aaaa575be032b9e950e360fd839d722551dd78fb913508f809232cdda4c3b4,3387,67.0,40.0,cut_only,-0.0,-0.0,-0.0,-0.0,-0.0,-0.0
14,14,unloading,1.15,d7aaaa575be032b9e950e360fd839d722551dd78fb913508f809232cdda4c3b4,3388,68.0,40.0,cut_only,-0.0,-0.0,-0.0,-0.0,-0.0,-0.0
14,14,unloading,1.15,d7aaaa575be032b9e950e360fd839d722551dd78fb913508f809232cdda4c3b4,3389,69.0,40.0,cut_only,-0.0,-0.0,-0.0,-0.0,-0.0,-0.0
14,14,unloading,1.15,d7aaaa575be032b9e950e360fd839d722551dd78fb913508f809232cdda4c3b4,3390,70.0,40.0,cut_only,-0.0,-0.0,-0.0,-0.0,-0.0,-0.0
14,14,unloading,1.15,d7aaaa575be032b9e950e360fd839d722551dd78fb913508f809232cdda4c3b4,3391,71.0,40.0,cut_only,-0.0,-0.0,-0.0,-0.0,-0.0,-0.0
14,14,unloading,1.15,d7aaaa575be032b9e950e360fd839d722551dd78fb913508f809232cdda4c3b4,3392,72.0,40.0,cut_only,-0.0,-0.0,-0.0,-0.0,-0.0,-0.0
14,14,unloading,1.15,d7aaaa575be032b9e950e360fd839d722551dd78fb913508f809232cdda4c3b4,3393,73.0,40.0,cut_only,-0.0,-0.0,-0.0,-0.0,-0.0,-0.0
14,14,unloading,1.15,d7aaaa575be032b9e950e360fd839d722551dd78fb913508f809232cdda4c3b4,3394,74.0,40.0,cut_only,-0.0,-0.0,-0.0,-0.0,-0.0,-0.0
14,14,unloading,1.15,d7aaaa575be032b9e950e360fd839d722551dd78fb913508f809232cdda4c3b4,3395,75.0,40.0,cut_only,-0.0,-0.0,-0.0,-0.0,-0.0,-0.0
14,14,unloading,1.15,d7aaaa575be032b9e950e360fd839d722551dd78fb913508f809232cdda4c3b4,3396,76.0,40.0,cut_only,-0.0,-0.0,-0.0,-0.0,-0.0,-0.0
14,14,unloading,1.15,d7aaaa575be032b9e950e360fd839d722551dd78fb913508f809232cdda4c3b4,3397,77.0,40.0,cut_only,-0.0,-0.0,-0.0,-0.0,-0.0,-0.0
14,14,unloading,1.15,d7aaaa575be032b9e950e360fd839d722551dd78fb913508f809232cdda4c3b4,3398,78.0,40.0,cut_only,-0.0,-0.0,-0.0,-0.0,-0.0,-0.0
14,14,unloading,1.15,d7aaaa575be032b9e950e360fd839d722551dd78fb913508f809232cdda4c3b4,3399,79.0,40.0,cut_only,-0.0,-0.0,-0.0,-0.0,-0.0,-0.0
14,14,unloading,1.15,d7aaaa575be032b9e950e360fd839d722551dd78fb913508f809232cdda4c3b4,3400,80.0,40.0,physical_and_cut,2.098460081338587e-07,6.2468226655783e-05,1.457117531879058e-07,-1.6941478309244128e-07,6.413425494595291e-08,6.263764143887543e-05
15,15,unloading,1.1,faf706b3ba5c39b70a351342dcef21710e03c6d74174cd4c70b0f02c02185e36,2635,62.0,31.0,physical_only,-0.0004279245336551018,-8.12318549940329e-05,-5.508124223750131e-06,6.278907828607707e-06,-0.00042241640943135167,-8.751076282264057e-05
15,15,unloading,1.1,faf706b3ba5c39b70a351342dcef21710e03c6d74174cd4c70b0f02c02185e36,2636,63.0,31.0,physical_only,-2.5725617432534098e-06,-6.523239352037517e-05,-3.0509658914329703e-06,7.367868873460643e-06,4.78404148179561e-07,-7.260026239383586e-05
15,15,unloading,1.1,faf706b3ba5c39b70a351342dcef21710e03c6d74174cd4c70b0f02c02185e36,2637,64.0,31.0,physical_only,-5.927260555489358e-07,-8.547350282005672e-05,-3.1216963956967204e-06,9.572579449763415e-06,2.5289703401477846e-06,-9.504608226982013e-05
15,15,unloading,1.1,faf706b3ba5c39b70a351342dcef21710e03c6d74174cd4c70b0f02c02185e36,2638,65.0,31.0,physical_only,3.725934331102378e-08,-0.0001153343618194387,-3.210308947140945e-06,1.2116219397921662e-05,3.247568290451969e-06,-0.0001274505812173603
15,15,unloading,1.1,faf706b3ba5c39b70a351342dcef21710e03c6d74174cd4c70b0f02c02185e36,2639,66.0,31.0,physical_only,-1.111342241442319e-06,-0.0001533168793864183,-3.3202952149719097e-06,1.5109802552708774e-05,2.2089529735295903e-06,-0.0001684266819391272
15,15,unloading,1.1,faf706b3ba5c39b70a351342dcef21710e03c6d74174cd4c70b0f02c02185e36,2640,67.0,31.0,physical_only,-4.264707404829236e-06,-0.0001978414501436366,-3.450722633493373e-06,1.8692337559185722e-05,-8.13984771335863e-07,-0.00021653378770282233
15,15,unloading,1.1,faf706b3ba5c39b70a351342dcef21710e03c6d74174cd4c70b0f02c02185e36,2641,68.0,31.0,physical_only,-5.537842384350447e-06,-0.0002516604985496394,-3.6033338612043007e-06,2.304274950272914e-05,-1.9345085231461458e-06,-0.0002747032480523684
15,15,unloading,1.1,faf706b3ba5c39b70a351342dcef21710e03c6d74174cd4c70b0f02c02185e36,2642,69.0,31.0,physical_only,-7.407250406514431e-06,-0.0003192660810406266,-3.783756616662772e-06,2.8409453778335713e-05,-3.623493789851658e-06,-0.0003476755348189623
15,15,unloading,1.1,faf706b3ba5c39b70a351342dcef21710e03c6d74174cd4c70b0f02c02185e36,2643,70.0,31.0,physical_only,-9.85279864109302e-06,-0.0004018662179771388,-4.0027119626794295e-06,3.515778127616939e-05,-5.850086678413591e-06,-0.0004370239992533085
15,15,unloading,1.1,faf706b3ba5c39b70a351342dcef21710e03c6d74174cd4c70b0f02c02185e36,2644,71.0,31.0,physical_only,-1.2836975538336104e-05,-0.0005019126622294147,-4.27575125461016e-06,4.384390215112445e-05,-8.561224283725943e-06,-0.0005457565643805389
15,15,unloading,1.1,faf706b3ba5c39b70a351342dcef21710e03c6d74174cd4c70b0f02c02185e36,2645,72.0,31.0,physical_only,-1.6094476808484848e-05,-0.0006219388926215052,-4.6275956394363926e-06,5.5353536365245916e-05,-1.1466881169048457e-05,-0.000677292428986751
15,15,unloading,1.1,faf706b3ba5c39b70a351342dcef21710e03c6d74174cd4c70b0f02c02185e36,2646,73.0,31.0,physical_only,-1.8681389952326224e-05,-0.000766021826021015,-5.1002556243779445e-06,7.118235906942701e-05,-1.3581134327948278e-05,-0.0008372041850904424
15,15,unloading,1.1,faf706b3ba5c39b70a351342dcef21710e03c6d74174cd4c70b0f02c02185e36,2647,74.0,31.0,physical_only,-2.2457030046602974e-05,-0.0009389210782110441,-5.7700458934537235e-06,9.405683010009567e-05,-1.668698415314925e-05,-0.001032977908311139
15,15,unloading,1.1,faf706b3ba5c39b70a351342dcef21710e03c6d74174cd4c70b0f02c02185e36,2648,75.0,31.0,physical_only,-3.18766480542877e-05,-0.0011436898396305914,-6.789180404094441e-06,0.0001294829294511225,-2.5087467650193247e-05,-0.0012731727690817145
15,15,unloading,1.1,faf706b3ba5c39b70a351342dcef21710e03c6d74174cd4c70b0f02c02185e36,2649,76.0,31.0,physical_only,-6.929610779298691e-05,-0.001369877577995027,-8.502975207116072e-06,0.00019031138731866559,-6.079313258587084e-05,-0.0015601889653136932
15,15,unloading,1.1,faf706b3ba5c39b70a351342dcef21710e03c6d74174cd4c70b0f02c02185e36,2650,77.0,31.0,physical_only,-0.0001922680945307421,-0.0014621036694628074,-1.1815455111546114e-05,0.00031354450225795817,-0.00018045263941919595,-0.0017756481717207655
15,15,unloading,1.1,faf706b3ba5c39b70a351342dcef21710e03c6d74174cd4c70b0f02c02185e36,2651,78.0,31.0,physical_only,-0.0003825336525566765,-0.0013958506194273624,-2.0920427146675828e-05,0.0006677217255743953,-0.00036161322541000066,-0.0020635723450017577
15,15,unloading,1.1,faf706b3ba5c39b70a351342dcef21710e03c6d74174cd4c70b0f02c02185e36,2652,79.0,31.0,physical_only,-0.0007032700445899599,0.0058628371428954325,-4.694446390752521e-05,0.0024817865288904797,-0.0006563255806824346,0.003381050614004953
15,15,unloading,1.1,faf706b3ba5c39b70a351342dcef21710e03c6d74174cd4c70b0f02c02185e36,2653,80.0,31.0,physical_only,-0.0004934048054030421,0.08773566830408712,-0.001972152668336891,0.07883374487154789,0.0014787478629338488,0.00890192343253922
15,15,unloading,1.1,faf706b3ba5c39b70a351342dcef21710e03c6d74174cd4c70b0f02c02185e36,2718,62.0,32.0,physical_only,-7.587300292948675e-06,-1.0974356668172244e-06,-3.2537429725988433e-06,1.319422683487011e-07,-4.333557320349832e-06,-1.2293779351659256e-06
15,15,unloading,1.1,faf706b3ba5c39b70a351342dcef21710e03c6d74174cd4c70b0f02c02185e36,2719,63.0,32.0,interior,-0.0,-0.0,-0.0,-0.0,-0.0,-0.0
15,15,unloading,1.1,faf706b3ba5c39b70a351342dcef21710e03c6d74174cd4c70b0f02c02185e36,2720,64.0,32.0,interior,-0.0,-0.0,-0.0,-0.0,-0.0,-0.0
15,15,unloading,1.1,faf706b3ba5c39b70a351342dcef21710e03c6d74174cd4c70b0f02c02185e36,2721,65.0,32.0,interior,-0.0,-0.0,-0.0,-0.0,-0.0,-0.0
15,15,unloading,1.1,faf706b3ba5c39b70a351342dcef21710e03c6d74174cd4c70b0f02c02185e36,2722,66.0,32.0,interior,-0.0,-0.0,-0.0,-0.0,-0.0,-0.0
15,15,unloading,1.1,faf706b3ba5c39b70a351342dcef21710e03c6d74174cd4c70b0f02c02185e36,2723,67.0,32.0,interior,-0.0,-0.0,-0.0,-0.0,-0.0,-0.0
15,15,unloading,1.1,faf706b3ba5c39b70a351342dcef21710e03c6d74174cd4c70b0f02c02185e36,2724,68.0,32.0,interior,-0.0,-0.0,-0.0,-0.0,-0.0,-0.0
15,15,unloading,1.1,faf706b3ba5c39b70a351342dcef21710e03c6d74174cd4c70b0f02c02185e36,2725,69.0,32.0,interior,-0.0,-0.0,-0.0,-0.0,-0.0,-0.0
15,15,unloading,1.1,faf706b3ba5c39b70a351342dcef21710e03c6d74174cd4c70b0f02c02185e36,2726,70.0,32.0,interior,-0.0,-0.0,-0.0,-0.0,-0.0,-0.0
15,15,unloading,1.1,faf706b3ba5c39b70a351342dcef21710e03c6d74174cd4c70b0f02c02185e36,2727,71.0,32.0,interior,-0.0,-0.0,-0.0,-0.0,-0.0,-0.0
15,15,unloading,1.1,faf706b3ba5c39b70a351342dcef21710e03c6d74174cd4c70b0f02c02185e36,2728,72.0,32.0,interior,-0.0,-0.0,-0.0,-0.0,-0.0,-0.0
15,15,unloading,1.1,faf706b3ba5c39b70a351342dcef21710e03c6d74174cd4c70b0f02c02185e36,2729,73.0,32.0,interior,-0.0,-0.0,-0.0,-0.0,-0.0,-0.0
15,15,unloading,1.1,faf706b3ba5c39b70a351342dcef21710e03c6d74174cd4c70b0f02c02185e36,2730,74.0,32.0,interior,-0.0,-0.0,-0.0,-0.0,-0.0,-0.0
15,15,unloading,1.1,faf706b3ba5c39b70a351342dcef21710e03c6d74174cd4c70b0f02c02185e36,2731,75.0,32.0,interior,-0.0,-0.0,-0.0,-0.0,-0.0,-0.0
15,15,unloading,1.1,faf706b3ba5c39b70a351342dcef21710e03c6d74174cd4c70b0f02c02185e36,2732,76.0,32.0,interior,-0.0,-0.0,-0.0,-0.0,-0.0,-0.0
15,15,unloading,1.1,faf706b3ba5c39b70a351342dcef21710e03c6d74174cd4c70b0f02c02185e36,2733,77.0,32.0,interior,-0.0,-0.0,-0.0,-0.0,-0.0,-0.0
15,15,unloading,1.1,faf706b3ba5c39b70a351342dcef21710e03c6d74174cd4c70b0f02c02185e36,2734,78.0,32.0,interior,-0.0,-0.0,-0.0,-0.0,-0.0,-0.0
15,15,unloading,1.1,faf706b3ba5c39b70a351342dcef21710e03c6d74174cd4c70b0f02c02185e36,2735,79.0,32.0,interior,-0.0,-0.0,-0.0,-0.0,-0.0,-0.0
15,15,unloading,1.1,faf706b3ba5c39b70a351342dcef21710e03c6d74174cd4c70b0f02c02185e36,2736,80.0,32.0,physical_only,4.6086726111965276e-07,-4.998294671467655e-08,2.757456117802238e-07,-1.834109093227501e-06,1.851216493394292e-07,1.784126146512827e-06
15,15,unloading,1.1,faf706b3ba5c39b70a351342dcef21710e03c6d74174cd4c70b0f02c02185e36,2801,62.0,33.0,physical_only,-6.075816469727256e-06,-7.450587671934904e-07,-3.490120668689844e-06,1.0218273946111713e-07,-2.5856958010374126e-06,-8.472415066546074e-07
15,15,unloading,1.1,faf706b3ba5c39b70a351342dcef21710e03c6d74174cd4c70b0f02c02185e36,2802,63.0,33.0,interior,-0.0,-0.0,-0.0,-0.0,-0.0,-0.0
15,15,unloading,1.1,faf706b3ba5c39b70a351342dcef21710e03c6d74174cd4c70b0f02c02185e36,2803,64.0,33.0,interior,-0.0,-0.0,-0.0,-0.0,-0.0,-0.0
15,15,unloading,1.1,faf706b3ba5c39b70a351342dcef21710e03c6d74174cd4c70b0f02c02185e36,2804,65.0,33.0,interior,-0.0,-0.0,-0.0,-0.0,-0.0,-0.0
15,15,unloading,1.1,faf706b3ba5c39b70a351342dcef21710e03c6d74174cd4c70b0f02c02185e36,2805,66.0,33.0,interior,-0.0,-0.0,-0.0,-0.0,-0.0,-0.0
15,15,unloading,1.1,faf706b3ba5c39b70a351342dcef21710e03c6d74174cd4c70b0f02c02185e36,2806,67.0,33.0,interior,-0.0,-0.0,-0.0,-0.0,-0.0,-0.0
15,15,unloading,1.1,faf706b3ba5c39b70a351342dcef21710e03c6d74174cd4c70b0f02c02185e36,2807,68.0,33.0,interior,-0.0,-0.0,-0.0,-0.0,-0.0,-0.0
15,15,unloading,1.1,faf706b3ba5c39b70a351342dcef21710e03c6d74174cd4c70b0f02c02185e36,2808,69.0,33.0,interior,-0.0,-0.0,-0.0,-0.0,-0.0,-0.0
15,15,unloading,1.1,faf706b3ba5c39b70a351342dcef21710e03c6d74174cd4c70b0f02c02185e36,2809,70.0,33.0,interior,-0.0,-0.0,-0.0,-0.0,-0.0,-0.0
15,15,unloading,1.1,faf706b3ba5c39b70a351342dcef21710e03c6d74174cd4c70b0f02c02185e36,2810,71.0,33.0,interior,-0.0,-0.0,-0.0,-0.0,-0.0,-0.0
15,15,unloading,1.1,faf706b3ba5c39b70a351342dcef21710e03c6d74174cd4c70b0f02c02185e36,2811,72.0,33.0,interior,-0.0,-0.0,-0.0,-0.0,-0.0,-0.0
15,15,unloading,1.1,faf706b3ba5c39b70a351342dcef21710e03c6d74174cd4c70b0f02c02185e36,2812,73.0,33.0,interior,-0.0,-0.0,-0.0,-0.0,-0.0,-0.0
15,15,unloading,1.1,faf706b3ba5c39b70a351342dcef21710e03c6d74174cd4c70b0f02c02185e36,2813,74.0,33.0,interior,-0.0,-0.0,-0.0,-0.0,-0.0,-0.0
15,15,unloading,1.1,faf706b3ba5c39b70a351342dcef21710e03c6d74174cd4c70b0f02c02185e36,2814,75.0,33.0,interior,-0.0,-0.0,-0.0,-0.0,-0.0,-0.0
15,15,unloading,1.1,faf706b3ba5c39b70a351342dcef21710e03c6d74174cd4c70b0f02c02185e36,2815,76.0,33.0,interior,-0.0,-0.0,-0.0,-0.0,-0.0,-0.0
15,15,unloading,1.1,faf706b3ba5c39b70a351342dcef21710e03c6d74174cd4c70b0f02c02185e36,2816,77.0,33.0,interior,-0.0,-0.0,-0.0,-0.0,-0.0,-0.0
15,15,unloading,1.1,faf706b3ba5c39b70a351342dcef21710e03c6d74174cd4c70b0f02c02185e36,2817,78.0,33.0,interior,-0.0,-0.0,-0.0,-0.0,-0.0,-0.0
15,15,unloading,1.1,faf706b3ba5c39b70a351342dcef21710e03c6d74174cd4c70b0f02c02185e36,2818,79.0,33.0,interior,-0.0,-0.0,-0.0,-0.0,-0.0,-0.0
15,15,unloading,1.1,faf706b3ba5c39b70a351342dcef21710e03c6d74174cd4c70b0f02c02185e36,2819,80.0,33.0,physical_only,4.5009586714623863e-07,-4.290791122199002e-08,2.810139710547918e-07,-1.5914993680431878e-06,1.690818960914466e-07,1.5485914568211885e-06
15,15,unloading,1.1,faf706b3ba5c39b70a351342dcef21710e03c6d74174cd4c70b0f02c02185e36,2884,62.0,34.0,physical_only,-5.376468911819733e-06,-2.6441831494276896e-07,-3.6795575171026623e-06,8.41004886654773e-08,-1.6969113947170712e-06,-3.4851880360824626e-07
15,15,unloading,1.1,faf706b3ba5c39b70a351342dcef21710e03c6d74174cd4c70b0f02c02185e36,2885,63.0,34.0,interior,-0.0,-0.0,-0.0,-0.0,-0.0,-0.0
15,15,unloading,1.1,faf706b3ba5c39b70a351342dcef21710e03c6d74174cd4c70b0f02c02185e36,2886,64.0,34.0,interior,-0.0,-0.0,-0.0,-0.0,-0.0,-0.0
15,15,unloading,1.1,faf706b3ba5c39b70a351342dcef21710e03c6d74174cd4c70b0f02c02185e36,2887,65.0,34.0,interior,-0.0,-0.0,-0.0,-0.0,-0.0,-0.0
15,15,unloading,1.1,faf706b3ba5c39b70a351342dcef21710e03c6d74174cd4c70b0f02c02185e36,2888,66.0,34.0,interior,-0.0,-0.0,-0.0,-0.0,-0.0,-0.0
15,15,unloading,1.1,faf706b3ba5c39b70a351342dcef21710e03c6d74174cd4c70b0f02c02185e36,2889,67.0,34.0,interior,-0.0,-0.0,-0.0,-0.0,-0.0,-0.0
15,15,unloading,1.1,faf706b3ba5c39b70a351342dcef21710e03c6d74174cd4c70b0f02c02185e36,2890,68.0,34.0,interior,-0.0,-0.0,-0.0,-0.0,-0.0,-0.0
15,15,unloading,1.1,faf706b3ba5c39b70a351342dcef21710e03c6d74174cd4c70b0f02c02185e36,2891,69.0,34.0,interior,-0.0,-0.0,-0.0,-0.0,-0.0,-0.0
15,15,unloading,1.1,faf706b3ba5c39b70a351342dcef21710e03c6d74174cd4c70b0f02c02185e36,2892,70.0,34.0,interior,-0.0,-0.0,-0.0,-0.0,-0.0,-0.0
15,15,unloading,1.1,faf706b3ba5c39b70a351342dcef21710e03c6d74174cd4c70b0f02c02185e36,2893,71.0,34.0,interior,-0.0,-0.0,-0.0,-0.0,-0.0,-0.0
15,15,unloading,1.1,faf706b3ba5c39b70a351342dcef21710e03c6d74174cd4c70b0f02c02185e36,2894,72.0,34.0,interior,-0.0,-0.0,-0.0,-0.0,-0.0,-0.0
15,15,unloading,1.1,faf706b3ba5c39b70a351342dcef21710e03c6d74174cd4c70b0f02c02185e36,2895,73.0,34.0,interior,-0.0,-0.0,-0.0,-0.0,-0.0,-0.0
15,15,unloading,1.1,faf706b3ba5c39b70a351342dcef21710e03c6d74174cd4c70b0f02c02185e36,2896,74.0,34.0,interior,-0.0,-0.0,-0.0,-0.0,-0.0,-0.0
15,15,unloading,1.1,faf706b3ba5c39b70a351342dcef21710e03c6d74174cd4c70b0f02c02185e36,2897,75.0,34.0,interior,-0.0,-0.0,-0.0,-0.0,-0.0,-0.0
15,15,unloading,1.1,faf706b3ba5c39b70a351342dcef21710e03c6d74174cd4c70b0f02c02185e36,2898,76.0,34.0,interior,-0.0,-0.0,-0.0,-0.0,-0.0,-0.0
15,15,unloading,1.1,faf706b3ba5c39b70a351342dcef21710e03c6d74174cd4c70b0f02c02185e36,2899,77.0,34.0,interior,-0.0,-0.0,-0.0,-0.0,-0.0,-0.0
15,15,unloading,1.1,faf706b3ba5c39b70a351342dcef21710e03c6d74174cd4c70b0f02c02185e36,2900,78.0,34.0,interior,-0.0,-0.0,-0.0,-0.0,-0.0,-0.0
15,15,unloading,1.1,faf706b3ba5c39b70a351342dcef21710e03c6d74174cd4c70b0f02c02185e36,2901,79.0,34.0,interior,-0.0,-0.0,-0.0,-0.0,-0.0,-0.0
15,15,unloading,1.1,faf706b3ba5c39b70a351342dcef21710e03c6d74174cd4c70b0f02c02185e36,2902,80.0,34.0,physical_only,4.408136965613334e-07,-3.618742630231335e-08,2.8526137632176274e-07,-1.3542501869068733e-06,1.5555232023957076e-07,1.3180627606045644e-06
15,15,unloading,1.1,faf706b3ba5c39b70a351342dcef21710e03c6d74174cd4c70b0f02c02185e36,2967,62.0,35.0,physical_only,-5.212882689845604e-06,9.22312060737274e-08,-3.835780497037458e-06,7.201446814052581e-08,-1.377102192808145e-06,2.0216737933201504e-08
15,15,unloading,1.1,faf706b3ba5c39b70a351342dcef21710e03c6d74174cd4c70b0f02c02185e36,2968,63.0,35.0,interior,-0.0,-0.0,-0.0,-0.0,-0.0,-0.0
15,15,unloading,1.1,faf706b3ba5c39b70a351342dcef21710e03c6d74174cd4c70b0f02c02185e36,2969,64.0,35.0,interior,-0.0,-0.0,-0.0,-0.0,-0.0,-0.0
15,15,unloading,1.1,faf706b3ba5c39b70a351342dcef21710e03c6d74174cd4c70b0f02c02185e36,2970,65.0,35.0,interior,-0.0,-0.0,-0.0,-0.0,-0.0,-0.0
15,15,unloading,1.1,faf706b3ba5c39b70a351342dcef21710e03c6d74174cd4c70b0f02c02185e36,2971,66.0,35.0,interior,-0.0,-0.0,-0.0,-0.0,-0.0,-0.0
15,15,unloading,1.1,faf706b3ba5c39b70a351342dcef21710e03c6d74174cd4c70b0f02c02185e36,2972,67.0,35.0,interior,-0.0,-0.0,-0.0,-0.0,-0.0,-0.0
15,15,unloading,1.1,faf706b3ba5c39b70a351342dcef21710e03c6d74174cd4c70b0f02c02185e36,2973,68.0,35.0,interior,-0.0,-0.0,-0.0,-0.0,-0.0,-0.0
15,15,unloading,1.1,faf706b3ba5c39b70a351342dcef21710e03c6d74174cd4c70b0f02c02185e36,2974,69.0,35.0,interior,-0.0,-0.0,-0.0,-0.0,-0.0,-0.0
15,15,unloading,1.1,faf706b3ba5c39b70a351342dcef21710e03c6d74174cd4c70b0f02c02185e36,2975,70.0,35.0,interior,-0.0,-0.0,-0.0,-0.0,-0.0,-0.0
15,15,unloading,1.1,faf706b3ba5c39b70a351342dcef21710e03c6d74174cd4c70b0f02c02185e36,2976,71.0,35.0,interior,-0.0,-0.0,-0.0,-0.0,-0.0,-0.0
15,15,unloading,1.1,faf706b3ba5c39b70a351342dcef21710e03c6d74174cd4c70b0f02c02185e36,2977,72.0,35.0,interior,-0.0,-0.0,-0.0,-0.0,-0.0,-0.0
15,15,unloading,1.1,faf706b3ba5c39b70a351342dcef21710e03c6d74174cd4c70b0f02c02185e36,2978,73.0,35.0,interior,-0.0,-0.0,-0.0,-0.0,-0.0,-0.0
15,15,unloading,1.1,faf706b3ba5c39b70a351342dcef21710e03c6d74174cd4c70b0f02c02185e36,2979,74.0,35.0,interior,-0.0,-0.0,-0.0,-0.0,-0.0,-0.0
15,15,unloading,1.1,faf706b3ba5c39b70a351342dcef21710e03c6d74174cd4c70b0f02c02185e36,2980,75.0,35.0,interior,-0.0,-0.0,-0.0,-0.0,-0.0,-0.0
15,15,unloading,1.1,faf706b3ba5c39b70a351342dcef21710e03c6d74174cd4c70b0f02c02185e36,2981,76.0,35.0,interior,-0.0,-0.0,-0.0,-0.0,-0.0,-0.0
15,15,unloading,1.1,faf706b3ba5c39b70a351342dcef21710e03c6d74174cd4c70b0f02c02185e36,2982,77.0,35.0,interior,-0.0,-0.0,-0.0,-0.0,-0.0,-0.0
15,15,unloading,1.1,faf706b3ba5c39b70a351342dcef21710e03c6d74174cd4c70b0f02c02185e36,2983,78.0,35.0,interior,-0.0,-0.0,-0.0,-0.0,-0.0,-0.0
15,15,unloading,1.1,faf706b3ba5c39b70a351342dcef21710e03c6d74174cd4c70b0f02c02185e36,2984,79.0,35.0,interior,-0.0,-0.0,-0.0,-0.0,-0.0,-0.0
15,15,unloading,1.1,faf706b3ba5c39b70a351342dcef21710e03c6d74174cd4c70b0f02c02185e36,2985,80.0,35.0,physical_only,4.3300003512160656e-07,-2.9752918450563727e-08,2.886282792478349e-07,-1.121580622275585e-06,1.4437175587377164e-07,1.0918277038250284e-06
15,15,unloading,1.1,faf706b3ba5c39b70a351342dcef21710e03c6d74174cd4c70b0f02c02185e36,3050,62.0,36.0,physical_only,-5.30259186634284e-06,2.5970381666951083e-07,-3.964745481067493e-06,6.118780427793476e-08,-1.337846385275346e-06,1.9851601239157602e-07
15,15,unloading,1.1,faf706b3ba5c39b70a351342dcef21710e03c6d74174cd4c70b0f02c02185e36,3051,63.0,36.0,interior,-0.0,-0.0,-0.0,-0.0,-0.0,-0.0
15,15,unloading,1.1,faf706b3ba5c39b70a351342dcef21710e03c6d74174cd4c70b0f02c02185e36,3052,64.0,36.0,interior,-0.0,-0.0,-0.0,-0.0,-0.0,-0.0
15,15,unloading,1.1,faf706b3ba5c39b70a351342dcef21710e03c6d74174cd4c70b0f02c02185e36,3053,65.0,36.0,interior,-0.0,-0.0,-0.0,-0.0,-0.0,-0.0
15,15,unloading,1.1,faf706b3ba5c39b70a351342dcef21710e03c6d74174cd4c70b0f02c02185e36,3054,66.0,36.0,interior,-0.0,-0.0,-0.0,-0.0,-0.0,-0.0
15,15,unloading,1.1,faf706b3ba5c39b70a351342dcef21710e03c6d74174cd4c70b0f02c02185e36,3055,67.0,36.0,interior,-0.0,-0.0,-0.0,-0.0,-0.0,-0.0
15,15,unloading,1.1,faf706b3ba5c39b70a351342dcef21710e03c6d74174cd4c70b0f02c02185e36,3056,68.0,36.0,interior,-0.0,-0.0,-0.0,-0.0,-0.0,-0.0
15,15,unloading,1.1,faf706b3ba5c39b70a351342dcef21710e03c6d74174cd4c70b0f02c02185e36,3057,69.0,36.0,interior,-0.0,-0.0,-0.0,-0.0,-0.0,-0.0
15,15,unloading,1.1,faf706b3ba5c39b70a351342dcef21710e03c6d74174cd4c70b0f02c02185e36,3058,70.0,36.0,interior,-0.0,-0.0,-0.0,-0.0,-0.0,-0.0
15,15,unloading,1.1,faf706b3ba5c39b70a351342dcef21710e03c6d74174cd4c70b0f02c02185e36,3059,71.0,36.0,interior,-0.0,-0.0,-0.0,-0.0,-0.0,-0.0
15,15,unloading,1.1,faf706b3ba5c39b70a351342dcef21710e03c6d74174cd4c70b0f02c02185e36,3060,72.0,36.0,interior,-0.0,-0.0,-0.0,-0.0,-0.0,-0.0
15,15,unloading,1.1,faf706b3ba5c39b70a351342dcef21710e03c6d74174cd4c70b0f02c02185e36,3061,73.0,36.0,interior,-0.0,-0.0,-0.0,-0.0,-0.0,-0.0
15,15,unloading,1.1,faf706b3ba5c39b70a351342dcef21710e03c6d74174cd4c70b0f02c02185e36,3062,74.0,36.0,interior,-0.0,-0.0,-0.0,-0.0,-0.0,-0.0
15,15,unloading,1.1,faf706b3ba5c39b70a351342dcef21710e03c6d74174cd4c70b0f02c02185e36,3063,75.0,36.0,interior,-0.0,-0.0,-0.0,-0.0,-0.0,-0.0
15,15,unloading,1.1,faf706b3ba5c39b70a351342dcef21710e03c6d74174cd4c70b0f02c02185e36,3064,76.0,36.0,interior,-0.0,-0.0,-0.0,-0.0,-0.0,-0.0
15,15,unloading,1.1,faf706b3ba5c39b70a351342dcef21710e03c6d74174cd4c70b0f02c02185e36,3065,77.0,36.0,interior,-0.0,-0.0,-0.0,-0.0,-0.0,-0.0
15,15,unloading,1.1,faf706b3ba5c39b70a351342dcef21710e03c6d74174cd4c70b0f02c02185e36,3066,78.0,36.0,interior,-0.0,-0.0,-0.0,-0.0,-0.0,-0.0
15,15,unloading,1.1,faf706b3ba5c39b70a351342dcef21710e03c6d74174cd4c70b0f02c02185e36,3067,79.0,36.0,interior,-0.0,-0.0,-0.0,-0.0,-0.0,-0.0
15,15,unloading,1.1,faf706b3ba5c39b70a351342dcef21710e03c6d74174cd4c70b0f02c02185e36,3068,80.0,36.0,physical_only,4.266356636343746e-07,-2.3545207945382843e-08,2.9123048136747417e-07,-8.927160178970787e-07,1.354051822669004e-07,8.691708099516944e-07
15,15,unloading,1.1,faf706b3ba5c39b70a351342dcef21710e03c6d74174cd4c70b0f02c02185e36,3133,62.0,37.0,physical_only,-5.457412711950727e-06,2.8236324331982186e-07,-4.067419825923197e-06,4.890069587769602e-08,-1.389992886027529e-06,2.3346254744212595e-07
15,15,unloading,1.1,faf706b3ba5c39b70a351342dcef21710e03c6d74174cd4c70b0f02c02185e36,3134,63.0,37.0,interior,-0.0,-0.0,-0.0,-0.0,-0.0,-0.0
15,15,unloading,1.1,faf706b3ba5c39b70a351342dcef21710e03c6d74174cd4c70b0f02c02185e36,3135,64.0,37.0,interior,-0.0,-0.0,-0.0,-0.0,-0.0,-0.0
15,15,unloading,1.1,faf706b3ba5c39b70a351342dcef21710e03c6d74174cd4c70b0f02c02185e36,3136,65.0,37.0,interior,-0.0,-0.0,-0.0,-0.0,-0.0,-0.0
15,15,unloading,1.1,faf706b3ba5c39b70a351342dcef21710e03c6d74174cd4c70b0f02c02185e36,3137,66.0,37.0,interior,-0.0,-0.0,-0.0,-0.0,-0.0,-0.0
15,15,unloading,1.1,faf706b3ba5c39b70a351342dcef21710e03c6d74174cd4c70b0f02c02185e36,3138,67.0,37.0,interior,-0.0,-0.0,-0.0,-0.0,-0.0,-0.0
15,15,unloading,1.1,faf706b3ba5c39b70a351342dcef21710e03c6d74174cd4c70b0f02c02185e36,3139,68.0,37.0,interior,-0.0,-0.0,-0.0,-0.0,-0.0,-0.0
15,15,unloading,1.1,faf706b3ba5c39b70a351342dcef21710e03c6d74174cd4c70b0f02c02185e36,3140,69.0,37.0,interior,-0.0,-0.0,-0.0,-0.0,-0.0,-0.0
15,15,unloading,1.1,faf706b3ba5c39b70a351342dcef21710e03c6d74174cd4c70b0f02c02185e36,3141,70.0,37.0,interior,-0.0,-0.0,-0.0,-0.0,-0.0,-0.0
15,15,unloading,1.1,faf706b3ba5c39b70a351342dcef21710e03c6d74174cd4c70b0f02c02185e36,3142,71.0,37.0,interior,-0.0,-0.0,-0.0,-0.0,-0.0,-0.0
15,15,unloading,1.1,faf706b3ba5c39b70a351342dcef21710e03c6d74174cd4c70b0f02c02185e36,3143,72.0,37.0,interior,-0.0,-0.0,-0.0,-0.0,-0.0,-0.0
15,15,unloading,1.1,faf706b3ba5c39b70a351342dcef21710e03c6d74174cd4c70b0f02c02185e36,3144,73.0,37.0,interior,-0.0,-0.0,-0.0,-0.0,-0.0,-0.0
15,15,unloading,1.1,faf706b3ba5c39b70a351342dcef21710e03c6d74174cd4c70b0f02c02185e36,3145,74.0,37.0,interior,-0.0,-0.0,-0.0,-0.0,-0.0,-0.0
15,15,unloading,1.1,faf706b3ba5c39b70a351342dcef21710e03c6d74174cd4c70b0f02c02185e36,3146,75.0,37.0,interior,-0.0,-0.0,-0.0,-0.0,-0.0,-0.0
15,15,unloading,1.1,faf706b3ba5c39b70a351342dcef21710e03c6d74174cd4c70b0f02c02185e36,3147,76.0,37.0,interior,-0.0,-0.0,-0.0,-0.0,-0.0,-0.0
15,15,unloading,1.1,faf706b3ba5c39b70a351342dcef21710e03c6d74174cd4c70b0f02c02185e36,3148,77.0,37.0,interior,-0.0,-0.0,-0.0,-0.0,-0.0,-0.0
15,15,unloading,1.1,faf706b3ba5c39b70a351342dcef21710e03c6d74174cd4c70b0f02c02185e36,3149,78.0,37.0,interior,-0.0,-0.0,-0.0,-0.0,-0.0,-0.0
15,15,unloading,1.1,faf706b3ba5c39b70a351342dcef21710e03c6d74174cd4c70b0f02c02185e36,3150,79.0,37.0,interior,-0.0,-0.0,-0.0,-0.0,-0.0,-0.0
15,15,unloading,1.1,faf706b3ba5c39b70a351342dcef21710e03c6d74174cd4c70b0f02c02185e36,3151,80.0,37.0,physical_only,4.217038741318227e-07,-1.751195138269127e-08,2.931606598726016e-07,-6.668875501501087e-07,1.28543214259221e-07,6.493755987674202e-07
15,15,unloading,1.1,faf706b3ba5c39b70a351342dcef21710e03c6d74174cd4c70b0f02c02185e36,3216,62.0,38.0,physical_only,-5.5890712109486345e-06,2.179453283110023e-07,-4.142534718520295e-06,3.43017606245452e-08,-1.4465364924283398e-06,1.836435676864571e-07
15,15,unloading,1.1,faf706b3ba5c39b70a351342dcef21710e03c6d74174cd4c70b0f02c02185e36,3217,63.0,38.0,interior,-0.0,-0.0,-0.0,-0.0,-0.0,-0.0
15,15,unloading,1.1,faf706b3ba5c39b70a351342dcef21710e03c6d74174cd4c70b0f02c02185e36,3218,64.0,38.0,interior,-0.0,-0.0,-0.0,-0.0,-0.0,-0.0
15,15,unloading,1.1,faf706b3ba5c39b70a351342dcef21710e03c6d74174cd4c70b0f02c02185e36,3219,65.0,38.0,interior,-0.0,-0.0,-0.0,-0.0,-0.0,-0.0
15,15,unloading,1.1,faf706b3ba5c39b70a351342dcef21710e03c6d74174cd4c70b0f02c02185e36,3220,66.0,38.0,interior,-0.0,-0.0,-0.0,-0.0,-0.0,-0.0
15,15,unloading,1.1,faf706b3ba5c39b70a351342dcef21710e03c6d74174cd4c70b0f02c02185e36,3221,67.0,38.0,interior,-0.0,-0.0,-0.0,-0.0,-0.0,-0.0
15,15,unloading,1.1,faf706b3ba5c39b70a351342dcef21710e03c6d74174cd4c70b0f02c02185e36,3222,68.0,38.0,interior,-0.0,-0.0,-0.0,-0.0,-0.0,-0.0
15,15,unloading,1.1,faf706b3ba5c39b70a351342dcef21710e03c6d74174cd4c70b0f02c02185e36,3223,69.0,38.0,interior,-0.0,-0.0,-0.0,-0.0,-0.0,-0.0
15,15,unloading,1.1,faf706b3ba5c39b70a351342dcef21710e03c6d74174cd4c70b0f02c02185e36,3224,70.0,38.0,interior,-0.0,-0.0,-0.0,-0.0,-0.0,-0.0
15,15,unloading,1.1,faf706b3ba5c39b70a351342dcef21710e03c6d74174cd4c70b0f02c02185e36,3225,71.0,38.0,interior,-0.0,-0.0,-0.0,-0.0,-0.0,-0.0
15,15,unloading,1.1,faf706b3ba5c39b70a351342dcef21710e03c6d74174cd4c70b0f02c02185e36,3226,72.0,38.0,interior,-0.0,-0.0,-0.0,-0.0,-0.0,-0.0
15,15,unloading,1.1,faf706b3ba5c39b70a351342dcef21710e03c6d74174cd4c70b0f02c02185e36,3227,73.0,38.0,interior,-0.0,-0.0,-0.0,-0.0,-0.0,-0.0
15,15,unloading,1.1,faf706b3ba5c39b70a351342dcef21710e03c6d74174cd4c70b0f02c02185e36,3228,74.0,38.0,interior,-0.0,-0.0,-0.0,-0.0,-0.0,-0.0
15,15,unloading,1.1,faf706b3ba5c39b70a351342dcef21710e03c6d74174cd4c70b0f02c02185e36,3229,75.0,38.0,interior,-0.0,-0.0,-0.0,-0.0,-0.0,-0.0
15,15,unloading,1.1,faf706b3ba5c39b70a351342dcef21710e03c6d74174cd4c70b0f02c02185e36,3230,76.0,38.0,interior,-0.0,-0.0,-0.0,-0.0,-0.0,-0.0
15,15,unloading,1.1,faf706b3ba5c39b70a351342dcef21710e03c6d74174cd4c70b0f02c02185e36,3231,77.0,38.0,interior,-0.0,-0.0,-0.0,-0.0,-0.0,-0.0
15,15,unloading,1.1,faf706b3ba5c39b70a351342dcef21710e03c6d74174cd4c70b0f02c02185e36,3232,78.0,38.0,interior,-0.0,-0.0,-0.0,-0.0,-0.0,-0.0
15,15,unloading,1.1,faf706b3ba5c39b70a351342dcef21710e03c6d74174cd4c70b0f02c02185e36,3233,79.0,38.0,interior,-0.0,-0.0,-0.0,-0.0,-0.0,-0.0
15,15,unloading,1.1,faf706b3ba5c39b70a351342dcef21710e03c6d74174cd4c70b0f02c02185e36,3234,80.0,38.0,physical_only,4.181911366229161e-07,-1.160570019918144e-08,2.94489612534278e-07,-4.43331444169657e-07,1.237015240886381e-07,4.317257439704909e-07
15,15,unloading,1.1,faf706b3ba5c39b70a351342dcef21710e03c6d74174cd4c70b0f02c02185e36,3299,62.0,39.0,physical_only,-5.667671730624025e-06,1.147399186577898e-07,-4.188412413008569e-06,1.7702626021512893e-08,-1.4792593176154563e-06,9.70372926362768e-08
15,15,unloading,1.1,faf706b3ba5c39b70a351342dcef21710e03c6d74174cd4c70b0f02c02185e36,3300,63.0,39.0,interior,-0.0,-0.0,-0.0,-0.0,-0.0,-0.0
15,15,unloading,1.1,faf706b3ba5c39b70a351342dcef21710e03c6d74174cd4c70b0f02c02185e36,3301,64.0,39.0,interior,-0.0,-0.0,-0.0,-0.0,-0.0,-0.0
15,15,unloading,1.1,faf706b3ba5c39b70a351342dcef21710e03c6d74174cd4c70b0f02c02185e36,3302,65.0,39.0,interior,-0.0,-0.0,-0.0,-0.0,-0.0,-0.0
15,15,unloading,1.1,faf706b3ba5c39b70a351342dcef21710e03c6d74174cd4c70b0f02c02185e36,3303,66.0,39.0,interior,-0.0,-0.0,-0.0,-0.0,-0.0,-0.0
15,15,unloading,1.1,faf706b3ba5c39b70a351342dcef21710e03c6d74174cd4c70b0f02c02185e36,3304,67.0,39.0,interior,-0.0,-0.0,-0.0,-0.0,-0.0,-0.0
15,15,unloading,1.1,faf706b3ba5c39b70a351342dcef21710e03c6d74174cd4c70b0f02c02185e36,3305,68.0,39.0,interior,-0.0,-0.0,-0.0,-0.0,-0.0,-0.0
15,15,unloading,1.1,faf706b3ba5c39b70a351342dcef21710e03c6d74174cd4c70b0f02c02185e36,3306,69.0,39.0,interior,-0.0,-0.0,-0.0,-0.0,-0.0,-0.0
15,15,unloading,1.1,faf706b3ba5c39b70a351342dcef21710e03c6d74174cd4c70b0f02c02185e36,3307,70.0,39.0,interior,-0.0,-0.0,-0.0,-0.0,-0.0,-0.0
15,15,unloading,1.1,faf706b3ba5c39b70a351342dcef21710e03c6d74174cd4c70b0f02c02185e36,3308,71.0,39.0,interior,-0.0,-0.0,-0.0,-0.0,-0.0,-0.0
15,15,unloading,1.1,faf706b3ba5c39b70a351342dcef21710e03c6d74174cd4c70b0f02c02185e36,3309,72.0,39.0,interior,-0.0,-0.0,-0.0,-0.0,-0.0,-0.0
15,15,unloading,1.1,faf706b3ba5c39b70a351342dcef21710e03c6d74174cd4c70b0f02c02185e36,3310,73.0,39.0,interior,-0.0,-0.0,-0.0,-0.0,-0.0,-0.0
15,15,unloading,1.1,faf706b3ba5c39b70a351342dcef21710e03c6d74174cd4c70b0f02c02185e36,3311,74.0,39.0,interior,-0.0,-0.0,-0.0,-0.0,-0.0,-0.0
15,15,unloading,1.1,faf706b3ba5c39b70a351342dcef21710e03c6d74174cd4c70b0f02c02185e36,3312,75.0,39.0,interior,-0.0,-0.0,-0.0,-0.0,-0.0,-0.0
15,15,unloading,1.1,faf706b3ba5c39b70a351342dcef21710e03c6d74174cd4c70b0f02c02185e36,3313,76.0,39.0,interior,-0.0,-0.0,-0.0,-0.0,-0.0,-0.0
15,15,unloading,1.1,faf706b3ba5c39b70a351342dcef21710e03c6d74174cd4c70b0f02c02185e36,3314,77.0,39.0,interior,-0.0,-0.0,-0.0,-0.0,-0.0,-0.0
15,15,unloading,1.1,faf706b3ba5c39b70a351342dcef21710e03c6d74174cd4c70b0f02c02185e36,3315,78.0,39.0,interior,-0.0,-0.0,-0.0,-0.0,-0.0,-0.0
15,15,unloading,1.1,faf706b3ba5c39b70a351342dcef21710e03c6d74174cd4c70b0f02c02185e36,3316,79.0,39.0,interior,-0.0,-0.0,-0.0,-0.0,-0.0,-0.0
15,15,unloading,1.1,faf706b3ba5c39b70a351342dcef21710e03c6d74174cd4c70b0f02c02185e36,3317,80.0,39.0,physical_only,4.1608752935335763e-07,-5.782373260914439e-09,2.952672226655579e-07,-2.2128792820552682e-07,1.208203066877997e-07,2.1550555494461148e-07
15,15,unloading,1.1,faf706b3ba5c39b70a351342dcef21710e03c6d74174cd4c70b0f02c02185e36,3382,62.0,40.0,physical_and_cut,-2.8464077061788846e-06,-1.7818190491715665e-06,-2.1019228882163303e-06,-9.571964004312084e-07,-7.444848179625543e-07,-8.246226487403582e-07
15,15,unloading,1.1,faf706b3ba5c39b70a351342dcef21710e03c6d74174cd4c70b0f02c02185e36,3383,63.0,40.0,cut_only,-0.0,-0.0,-0.0,-0.0,-0.0,-0.0
15,15,unloading,1.1,faf706b3ba5c39b70a351342dcef21710e03c6d74174cd4c70b0f02c02185e36,3384,64.0,40.0,cut_only,-0.0,-0.0,-0.0,-0.0,-0.0,-0.0
15,15,unloading,1.1,faf706b3ba5c39b70a351342dcef21710e03c6d74174cd4c70b0f02c02185e36,3385,65.0,40.0,cut_only,-0.0,-0.0,-0.0,-0.0,-0.0,-0.0
15,15,unloading,1.1,faf706b3ba5c39b70a351342dcef21710e03c6d74174cd4c70b0f02c02185e36,3386,66.0,40.0,cut_only,-0.0,-0.0,-0.0,-0.0,-0.0,-0.0
15,15,unloading,1.1,faf706b3ba5c39b70a351342dcef21710e03c6d74174cd4c70b0f02c02185e36,3387,67.0,40.0,cut_only,-0.0,-0.0,-0.0,-0.0,-0.0,-0.0
15,15,unloading,1.1,faf706b3ba5c39b70a351342dcef21710e03c6d74174cd4c70b0f02c02185e36,3388,68.0,40.0,cut_only,-0.0,-0.0,-0.0,-0.0,-0.0,-0.0
15,15,unloading,1.1,faf706b3ba5c39b70a351342dcef21710e03c6d74174cd4c70b0f02c02185e36,3389,69.0,40.0,cut_only,-0.0,-0.0,-0.0,-0.0,-0.0,-0.0
15,15,unloading,1.1,faf706b3ba5c39b70a351342dcef21710e03c6d74174cd4c70b0f02c02185e36,3390,70.0,40.0,cut_only,-0.0,-0.0,-0.0,-0.0,-0.0,-0.0
15,15,unloading,1.1,faf706b3ba5c39b70a351342dcef21710e03c6d74174cd4c70b0f02c02185e36,3391,71.0,40.0,cut_only,-0.0,-0.0,-0.0,-0.0,-0.0,-0.0
15,15,unloading,1.1,faf706b3ba5c39b70a351342dcef21710e03c6d74174cd4c70b0f02c02185e36,3392,72.0,40.0,cut_only,-0.0,-0.0,-0.0,-0.0,-0.0,-0.0
15,15,unloading,1.1,faf706b3ba5c39b70a351342dcef21710e03c6d74174cd4c70b0f02c02185e36,3393,73.0,40.0,cut_only,-0.0,-0.0,-0.0,-0.0,-0.0,-0.0
15,15,unloading,1.1,faf706b3ba5c39b70a351342dcef21710e03c6d74174cd4c70b0f02c02185e36,3394,74.0,40.0,cut_only,-0.0,-0.0,-0.0,-0.0,-0.0,-0.0
15,15,unloading,1.1,faf706b3ba5c39b70a351342dcef21710e03c6d74174cd4c70b0f02c02185e36,3395,75.0,40.0,cut_only,-0.0,-0.0,-0.0,-0.0,-0.0,-0.0
15,15,unloading,1.1,faf706b3ba5c39b70a351342dcef21710e03c6d74174cd4c70b0f02c02185e36,3396,76.0,40.0,cut_only,-0.0,-0.0,-0.0,-0.0,-0.0,-0.0
15,15,unloading,1.1,faf706b3ba5c39b70a351342dcef21710e03c6d74174cd4c70b0f02c02185e36,3397,77.0,40.0,cut_only,-0.0,-0.0,-0.0,-0.0,-0.0,-0.0
15,15,unloading,1.1,faf706b3ba5c39b70a351342dcef21710e03c6d74174cd4c70b0f02c02185e36,3398,78.0,40.0,cut_only,-0.0,-0.0,-0.0,-0.0,-0.0,-0.0
15,15,unloading,1.1,faf706b3ba5c39b70a351342dcef21710e03c6d74174cd4c70b0f02c02185e36,3399,79.0,40.0,cut_only,-0.0,-0.0,-0.0,-0.0,-0.0,-0.0
15,15,unloading,1.1,faf706b3ba5c39b70a351342dcef21710e03c6d74174cd4c70b0f02c02185e36,3400,80.0,40.0,physical_and_cut,2.076935020056924e-07,6.17603731840283e-05,1.4776157307688254e-07,-1.6916908614419015e-07,5.993192892880986e-08,6.192954227017249e-05
16,16,unloading,1.0,3061154c9644a6e07832c442a633489902ad4ec83af1327a81e43c6e4396e054,2635,62.0,31.0,physical_only,-0.00043696499787856366,-7.529846179529784e-05,-5.617218705952566e-06,6.3560600978430125e-06,-0.0004313477791726111,-8.165452189314086e-05
16,16,unloading,1.0,3061154c9644a6e07832c442a633489902ad4ec83af1327a81e43c6e4396e054,2636,63.0,31.0,physical_only,-1.8963452178515518e-06,-6.201571837713128e-05,-3.1208062686364323e-06,7.385793287607874e-06,1.22446105078488e-06,-6.940151166473914e-05
16,16,unloading,1.0,3061154c9644a6e07832c442a633489902ad4ec83af1327a81e43c6e4396e054,2637,64.0,31.0,physical_only,3.5445570460035153e-07,-8.203294394519794e-05,-3.1927511845217275e-06,9.542985330992458e-06,3.5472068891220807e-06,-9.157592927619044e-05
16,16,unloading,1.0,3061154c9644a6e07832c442a633489902ad4ec83af1327a81e43c6e4396e054,2638,65.0,31.0,physical_only,1.0522894775260472e-06,-0.00011103866615450411,-3.283010809555797e-06,1.2029693214070693e-05,4.335300287081845e-06,-0.00012306835936857482
16,16,unloading,1.0,3061154c9644a6e07832c442a633489902ad4ec83af1327a81e43c6e4396e054,2639,66.0,31.0,physical_only,-8.821952243704078e-08,-0.00014703922619073472,-3.3938740682382964e-06,1.4953263948264338e-05,3.3056545458012535e-06,-0.00016199249013899907
16,16,unloading,1.0,3061154c9644a6e07832c442a633489902ad4ec83af1327a81e43c6e4396e054,2640,67.0,31.0,physical_only,-2.692916550542696e-06,-0.00018896247150612644,-3.523869331642717e-06,1.844504226991993e-05,8.309527811000226e-07,-0.0002074075137760464
16,16,unloading,1.0,3061154c9644a6e07832c442a633489902ad4ec83af1327a81e43c6e4396e054,2641,68.0,31.0,physical_only,-3.425783006219914e-06,-0.00023975515994290833,-3.6744939104310626e-06,2.2672875920463022e-05,2.4871090421114795e-07,-0.0002624280358633714
16,16,unloading,1.0,3061154c9644a6e07832c442a633489902ad4ec83af1327a81e43c6e4396e054,2642,69.0,31.0,physical_only,-4.675142877049908e-06,-0.0003033715541340173,-3.851028726488509e-06,2.7868851369070808e-05,-8.241141505614e-07,-0.00033124040550308815
16,16,unloading,1.0,3061154c9644a6e07832c442a633489902ad4ec83af1327a81e43c6e4396e054,2643,70.0,31.0,physical_only,-6.3543670478412825e-06,-0.00038078604552911036,-4.063244568138988e-06,3.437163709346052e-05,-2.291122479702296e-06,-0.00041515768262257086
16,16,unloading,1.0,3061154c9644a6e07832c442a633489902ad4ec83af1327a81e43c6e4396e054,2644,71.0,31.0,physical_only,-8.422134530635082e-06,-0.0004741344910605338,-4.325107946659666e-06,4.269146709994003e-05,-4.097026583975416e-06,-0.000516825958160474
16,16,unloading,1.0,3061154c9644a6e07832c442a633489902ad4ec83af1327a81e43c6e4396e054,2645,72.0,31.0,physical_only,-1.0623490894328694e-05,-0.0005856296833700926,-4.6585914362258e-06,5.36306172271166e-05,-5.964899458102895e-06,-0.000639260300597209
16,16,unloading,1.0,3061154c9644a6e07832c442a633489902ad4ec83af1327a81e43c6e4396e054,2646,73.0,31.0,physical_only,-1.2407673443520359e-05,-0.0007176125389428216,-5.099979935617818e-06,6.852039755359771e-05,-7.30769350790254e-06,-0.0007861329364964192
16,16,unloading,1.0,3061154c9644a6e07832c442a633489902ad4ec83af1327a81e43c6e4396e054,2647,74.0,31.0,physical_only,-1.1605346178652941e-05,-0.0008751088450379982,-5.714580467339034e-06,8.97340962853339e-05,-5.890765711313909e-06,-0.0009648429413233327
16,16,unloading,1.0,3061154c9644a6e07832c442a633489902ad4ec83af1327a81e43c6e4396e054,2648,75.0,31.0,physical_only,-1.1027769507146327e-05,-0.0010679223787646323,-6.632084949411873e-06,0.00012194061653213417,-4.395684557734453e-06,-0.0011898629952967667
16,16,unloading,1.0,3061154c9644a6e07832c442a633489902ad4ec83af1327a81e43c6e4396e054,2649,76.0,31.0,physical_only,-2.5953727828296063e-05,-0.0012995911818815377,-8.14153625102432e-06,0.0001756797340461532,-1.7812191577271745e-05,-0.0014752709159276903
16,16,unloading,1.0,3061154c9644a6e07832c442a633489902ad4ec83af1327a81e43c6e4396e054,2650,77.0,31.0,physical_only,-9.870047569146057e-05,-0.0014689163044604957,-1.0971831249029066e-05,0.00027980870914047186,-8.772864444243153e-05,-0.001748725013600968
16,16,unloading,1.0,3061154c9644a6e07832c442a633489902ad4ec83af1327a81e43c6e4396e054,2651,78.0,31.0,physical_only,-0.00021401449306100235,-0.0015372135335381173,-1.8070963402167858e-05,0.0005505671687525742,-0.0001959435296588345,-0.0020877807022906918
16,16,unloading,1.0,3061154c9644a6e07832c442a633489902ad4ec83af1327a81e43c6e4396e054,2652,79.0,31.0,physical_only,-0.0004442291666825481,0.0029083712430044515,-4.212328343406565e-05,0.0018574448756566559,-0.00040210588324848253,0.0010509263673477952
16,16,unloading,1.0,3061154c9644a6e07832c442a633489902ad4ec83af1327a81e43c6e4396e054,2653,80.0,31.0,physical_only,-0.0005395359209449753,0.0554438017451179,-0.0013825785511230107,0.044696443501323714,0.0008430426301780351,0.010747358243794188
16,16,unloading,1.0,3061154c9644a6e07832c442a633489902ad4ec83af1327a81e43c6e4396e054,2718,62.0,32.0,physical_only,-7.366620363200529e-06,-1.1039683745858954e-06,-3.286206997372764e-06,1.347060222150245e-07,-4.080413365827766e-06,-1.2386743968009198e-06
16,16,unloading,1.0,3061154c9644a6e07832c442a633489902ad4ec83af1327a81e43c6e4396e054,2719,63.0,32.0,interior,-0.0,-0.0,-0.0,-0.0,-0.0,-0.0
16,16,unloading,1.0,3061154c9644a6e07832c442a633489902ad4ec83af1327a81e43c6e4396e054,2720,64.0,32.0,interior,-0.0,-0.0,-0.0,-0.0,-0.0,-0.0
16,16,unloading,1.0,3061154c9644a6e07832c442a633489902ad4ec83af1327a81e43c6e4396e054,2721,65.0,32.0,interior,-0.0,-0.0,-0.0,-0.0,-0.0,-0.0
16,16,unloading,1.0,3061154c9644a6e07832c442a633489902ad4ec83af1327a81e43c6e4396e054,2722,66.0,32.0,interior,-0.0,-0.0,-0.0,-0.0,-0.0,-0.0
16,16,unloading,1.0,3061154c9644a6e07832c442a633489902ad4ec83af1327a81e43c6e4396e054,2723,67.0,32.0,interior,-0.0,-0.0,-0.0,-0.0,-0.0,-0.0
16,16,unloading,1.0,3061154c9644a6e07832c442a633489902ad4ec83af1327a81e43c6e4396e054,2724,68.0,32.0,interior,-0.0,-0.0,-0.0,-0.0,-0.0,-0.0
16,16,unloading,1.0,3061154c9644a6e07832c442a633489902ad4ec83af1327a81e43c6e4396e054,2725,69.0,32.0,interior,-0.0,-0.0,-0.0,-0.0,-0.0,-0.0
16,16,unloading,1.0,3061154c9644a6e07832c442a633489902ad4ec83af1327a81e43c6e4396e054,2726,70.0,32.0,interior,-0.0,-0.0,-0.0,-0.0,-0.0,-0.0
16,16,unloading,1.0,3061154c9644a6e07832c442a633489902ad4ec83af1327a81e43c6e4396e054,2727,71.0,32.0,interior,-0.0,-0.0,-0.0,-0.0,-0.0,-0.0
16,16,unloading,1.0,3061154c9644a6e07832c442a633489902ad4ec83af1327a81e43c6e4396e054,2728,72.0,32.0,interior,-0.0,-0.0,-0.0,-0.0,-0.0,-0.0
16,16,unloading,1.0,3061154c9644a6e07832c442a633489902ad4ec83af1327a81e43c6e4396e054,2729,73.0,32.0,interior,-0.0,-0.0,-0.0,-0.0,-0.0,-0.0
16,16,unloading,1.0,3061154c9644a6e07832c442a633489902ad4ec83af1327a81e43c6e4396e054,2730,74.0,32.0,interior,-0.0,-0.0,-0.0,-0.0,-0.0,-0.0
16,16,unloading,1.0,3061154c9644a6e07832c442a633489902ad4ec83af1327a81e43c6e4396e054,2731,75.0,32.0,interior,-0.0,-0.0,-0.0,-0.0,-0.0,-0.0
16,16,unloading,1.0,3061154c9644a6e07832c442a633489902ad4ec83af1327a81e43c6e4396e054,2732,76.0,32.0,interior,-0.0,-0.0,-0.0,-0.0,-0.0,-0.0
16,16,unloading,1.0,3061154c9644a6e07832c442a633489902ad4ec83af1327a81e43c6e4396e054,2733,77.0,32.0,interior,-0.0,-0.0,-0.0,-0.0,-0.0,-0.0
16,16,unloading,1.0,3061154c9644a6e07832c442a633489902ad4ec83af1327a81e43c6e4396e054,2734,78.0,32.0,interior,-0.0,-0.0,-0.0,-0.0,-0.0,-0.0
16,16,unloading,1.0,3061154c9644a6e07832c442a633489902ad4ec83af1327a81e43c6e4396e054,2735,79.0,32.0,interior,-0.0,-0.0,-0.0,-0.0,-0.0,-0.0
16,16,unloading,1.0,3061154c9644a6e07832c442a633489902ad4ec83af1327a81e43c6e4396e054,2736,80.0,32.0,physical_only,4.508737884379302e-07,-5.0608812807067583e-08,2.9127122445802055e-07,-1.7948966994536202e-06,1.5960256397990966e-07,1.7442878866465443e-06
16,16,unloading,1.0,3061154c9644a6e07832c442a633489902ad4ec83af1327a81e43c6e4396e054,2801,62.0,33.0,physical_only,-5.966786748736929e-06,-7.298921893003205e-07,-3.5134308555877645e-06,1.0472544809359165e-07,-2.4533558931491643e-06,-8.346176373939122e-07
16,16,unloading,1.0,3061154c9644a6e07832c442a633489902ad4ec83af1327a81e43c6e4396e054,2802,63.0,33.0,interior,-0.0,-0.0,-0.0,-0.0,-0.0,-0.0
16,16,unloading,1.0,3061154c9644a6e07832c442a633489902ad4ec83af1327a81e43c6e4396e054,2803,64.0,33.0,interior,-0.0,-0.0,-0.0,-0.0,-0.0,-0.0
16,16,unloading,1.0,3061154c9644a6e07832c442a633489902ad4ec83af1327a81e43c6e4396e054,2804,65.0,33.0,interior,-0.0,-0.0,-0.0,-0.0,-0.0,-0.0
16,16,unloading,1.0,3061154c9644a6e07832c442a633489902ad4ec83af1327a81e43c6e4396e054,2805,66.0,33.0,interior,-0.0,-0.0,-0.0,-0.0,-0.0,-0.0
16,16,unloading,1.0,3061154c9644a6e07832c442a633489902ad4ec83af1327a81e43c6e4396e054,2806,67.0,33.0,interior,-0.0,-0.0,-0.0,-0.0,-0.0,-0.0
16,16,unloading,1.0,3061154c9644a6e07832c442a633489902ad4ec83af1327a81e43c6e4396e054,2807,68.0,33.0,interior,-0.0,-0.0,-0.0,-0.0,-0.0,-0.0
16,16,unloading,1.0,3061154c9644a6e07832c442a633489902ad4ec83af1327a81e43c6e4396e054,2808,69.0,33.0,interior,-0.0,-0.0,-0.0,-0.0,-0.0,-0.0
16,16,unloading,1.0,3061154c9644a6e07832c442a633489902ad4ec83af1327a81e43c6e4396e054,2809,70.0,33.0,interior,-0.0,-0.0,-0.0,-0.0,-0.0,-0.0
16,16,unloading,1.0,3061154c9644a6e07832c442a633489902ad4ec83af1327a81e43c6e4396e054,2810,71.0,33.0,interior,-0.0,-0.0,-0.0,-0.0,-0.0,-0.0
16,16,unloading,1.0,3061154c9644a6e07832c442a633489902ad4ec83af1327a81e43c6e4396e054,2811,72.0,33.0,interior,-0.0,-0.0,-0.0,-0.0,-0.0,-0.0
16,16,unloading,1.0,3061154c9644a6e07832c442a633489902ad4ec83af1327a81e43c6e4396e054,2812,73.0,33.0,interior,-0.0,-0.0,-0.0,-0.0,-0.0,-0.0
16,16,unloading,1.0,3061154c9644a6e07832c442a633489902ad4ec83af1327a81e43c6e4396e054,2813,74.0,33.0,interior,-0.0,-0.0,-0.0,-0.0,-0.0,-0.0
16,16,unloading,1.0,3061154c9644a6e07832c442a633489902ad4ec83af1327a81e43c6e4396e054,2814,75.0,33.0,interior,-0.0,-0.0,-0.0,-0.0,-0.0,-0.0
16,16,unloading,1.0,3061154c9644a6e07832c442a633489902ad4ec83af1327a81e43c6e4396e054,2815,76.0,33.0,interior,-0.0,-0.0,-0.0,-0.0,-0.0,-0.0
16,16,unloading,1.0,3061154c9644a6e07832c442a633489902ad4ec83af1327a81e43c6e4396e054,2816,77.0,33.0,interior,-0.0,-0.0,-0.0,-0.0,-0.0,-0.0
16,16,unloading,1.0,3061154c9644a6e07832c442a633489902ad4ec83af1327a81e43c6e4396e054,2817,78.0,33.0,interior,-0.0,-0.0,-0.0,-0.0,-0.0,-0.0
16,16,unloading,1.0,3061154c9644a6e07832c442a633489902ad4ec83af1327a81e43c6e4396e054,2818,79.0,33.0,interior,-0.0,-0.0,-0.0,-0.0,-0.0,-0.0
16,16,unloading,1.0,3061154c9644a6e07832c442a633489902ad4ec83af1327a81e43c6e4396e054,2819,80.0,33.0,physical_only,4.4037693772195237e-07,-4.3407543402318016e-08,2.9486613726430626e-07,-1.557281187656913e-06,1.45510800457646e-07,1.5138736442546068e-06
16,16,unloading,1.0,3061154c9644a6e07832c442a633489902ad4ec83af1327a81e43c6e4396e054,2884,62.0,34.0,physical_only,-5.325624215943178e-06,-2.713179924388993e-07,-3.695608974291407e-06,8.609647128535197e-08,-1.6300152416517717e-06,-3.574144637242513e-07
16,16,unloading,1.0,3061154c9644a6e07832c442a633489902ad4ec83af1327a81e43c6e4396e054,2885,63.0,34.0,interior,-0.0,-0.0,-0.0,-0.0,-0.0,-0.0
16,16,unloading,1.0,3061154c9644a6e07832c442a633489902ad4ec83af1327a81e43c6e4396e054,2886,64.0,34.0,interior,-0.0,-0.0,-0.0,-0.0,-0.0,-0.0
16,16,unloading,1.0,3061154c9644a6e07832c442a633489902ad4ec83af1327a81e43c6e4396e054,2887,65.0,34.0,interior,-0.0,-0.0,-0.0,-0.0,-0.0,-0.0
16,16,unloading,1.0,3061154c9644a6e07832c442a633489902ad4ec83af1327a81e43c6e4396e054,2888,66.0,34.0,interior,-0.0,-0.0,-0.0,-0.0,-0.0,-0.0
16,16,unloading,1.0,3061154c9644a6e07832c442a633489902ad4ec83af1327a81e43c6e4396e054,2889,67.0,34.0,interior,-0.0,-0.0,-0.0,-0.0,-0.0,-0.0
16,16,unloading,1.0,3061154c9644a6e07832c442a633489902ad4ec83af1327a81e43c6e4396e054,2890,68.0,34.0,interior,-0.0,-0.0,-0.0,-0.0,-0.0,-0.0
16,16,unloading,1.0,3061154c9644a6e07832c442a633489902ad4ec83af1327a81e43c6e4396e054,2891,69.0,34.0,interior,-0.0,-0.0,-0.0,-0.0,-0.0,-0.0
16,16,unloading,1.0,3061154c9644a6e07832c442a633489902ad4ec83af1327a81e43c6e4396e054,2892,70.0,34.0,interior,-0.0,-0.0,-0.0,-0.0,-0.0,-0.0
16,16,unloading,1.0,3061154c9644a6e07832c442a633489902ad4ec83af1327a81e43c6e4396e054,2893,71.0,34.0,interior,-0.0,-0.0,-0.0,-0.0,-0.0,-0.0
16,16,unloading,1.0,3061154c9644a6e07832c442a633489902ad4ec83af1327a81e43c6e4396e054,2894,72.0,34.0,interior,-0.0,-0.0,-0.0,-0.0,-0.0,-0.0
16,16,unloading,1.0,3061154c9644a6e07832c442a633489902ad4ec83af1327a81e43c6e4396e054,2895,73.0,34.0,interior,-0.0,-0.0,-0.0,-0.0,-0.0,-0.0
16,16,unloading,1.0,3061154c9644a6e07832c442a633489902ad4ec83af1327a81e43c6e4396e054,2896,74.0,34.0,interior,-0.0,-0.0,-0.0,-0.0,-0.0,-0.0
16,16,unloading,1.0,3061154c9644a6e07832c442a633489902ad4ec83af1327a81e43c6e4396e054,2897,75.0,34.0,interior,-0.0,-0.0,-0.0,-0.0,-0.0,-0.0
16,16,unloading,1.0,3061154c9644a6e07832c442a633489902ad4ec83af1327a81e43c6e4396e054,2898,76.0,34.0,interior,-0.0,-0.0,-0.0,-0.0,-0.0,-0.0
16,16,unloading,1.0,3061154c9644a6e07832c442a633489902ad4ec83af1327a81e43c6e4396e054,2899,77.0,34.0,interior,-0.0,-0.0,-0.0,-0.0,-0.0,-0.0
16,16,unloading,1.0,3061154c9644a6e07832c442a633489902ad4ec83af1327a81e43c6e4396e054,2900,78.0,34.0,interior,-0.0,-0.0,-0.0,-0.0,-0.0,-0.0
16,16,unloading,1.0,3061154c9644a6e07832c442a633489902ad4ec83af1327a81e43c6e4396e054,2901,79.0,34.0,interior,-0.0,-0.0,-0.0,-0.0,-0.0,-0.0
16,16,unloading,1.0,3061154c9644a6e07832c442a633489902ad4ec83af1327a81e43c6e4396e054,2902,80.0,34.0,physical_only,4.3132798546763205e-07,-3.658121686655731e-08,2.9770686476474353e-07,-1.3249953219972185e-06,1.336211207028883e-07,1.2884141051306574e-06
16,16,unloading,1.0,3061154c9644a6e07832c442a633489902ad4ec83af1327a81e43c6e4396e054,2967,62.0,35.0,physical_only,-5.170252708147988e-06,7.083998581083406e-08,-3.845724987011991e-06,7.328755168334494e-08,-1.3245277211359978e-06,-2.4475658725110962e-09
16,16,unloading,1.0,3061154c9644a6e07832c442a633489902ad4ec83af1327a81e43c6e4396e054,2968,63.0,35.0,interior,-0.0,-0.0,-0.0,-0.0,-0.0,-0.0
16,16,unloading,1.0,3061154c9644a6e07832c442a633489902ad4ec83af1327a81e43c6e4396e054,2969,64.0,35.0,interior,-0.0,-0.0,-0.0,-0.0,-0.0,-0.0
16,16,unloading,1.0,3061154c9644a6e07832c442a633489902ad4ec83af1327a81e43c6e4396e054,2970,65.0,35.0,interior,-0.0,-0.0,-0.0,-0.0,-0.0,-0.0
16,16,unloading,1.0,3061154c9644a6e07832c442a633489902ad4ec83af1327a81e43c6e4396e054,2971,66.0,35.0,interior,-0.0,-0.0,-0.0,-0.0,-0.0,-0.0
16,16,unloading,1.0,3061154c9644a6e07832c442a633489902ad4ec83af1327a81e43c6e4396e054,2972,67.0,35.0,interior,-0.0,-0.0,-0.0,-0.0,-0.0,-0.0
16,16,unloading,1.0,3061154c9644a6e07832c442a633489902ad4ec83af1327a81e43c6e4396e054,2973,68.0,35.0,interior,-0.0,-0.0,-0.0,-0.0,-0.0,-0.0
16,16,unloading,1.0,3061154c9644a6e07832c442a633489902ad4ec83af1327a81e43c6e4396e054,2974,69.0,35.0,interior,-0.0,-0.0,-0.0,-0.0,-0.0,-0.0
16,16,unloading,1.0,3061154c9644a6e07832c442a633489902ad4ec83af1327a81e43c6e4396e054,2975,70.0,35.0,interior,-0.0,-0.0,-0.0,-0.0,-0.0,-0.0
16,16,unloading,1.0,3061154c9644a6e07832c442a633489902ad4ec83af1327a81e43c6e4396e054,2976,71.0,35.0,interior,-0.0,-0.0,-0.0,-0.0,-0.0,-0.0
16,16,unloading,1.0,3061154c9644a6e07832c442a633489902ad4ec83af1327a81e43c6e4396e054,2977,72.0,35.0,interior,-0.0,-0.0,-0.0,-0.0,-0.0,-0.0
16,16,unloading,1.0,3061154c9644a6e07832c442a633489902ad4ec83af1327a81e43c6e4396e054,2978,73.0,35.0,interior,-0.0,-0.0,-0.0,-0.0,-0.0,-0.0
16,16,unloading,1.0,3061154c9644a6e07832c442a633489902ad4ec83af1327a81e43c6e4396e054,2979,74.0,35.0,interior,-0.0,-0.0,-0.0,-0.0,-0.0,-0.0
16,16,unloading,1.0,3061154c9644a6e07832c442a633489902ad4ec83af1327a81e43c6e4396e054,2980,75.0,35.0,interior,-0.0,-0.0,-0.0,-0.0,-0.0,-0.0
16,16,unloading,1.0,3061154c9644a6e07832c442a633489902ad4ec83af1327a81e43c6e4396e054,2981,76.0,35.0,interior,-0.0,-0.0,-0.0,-0.0,-0.0,-0.0
16,16,unloading,1.0,3061154c9644a6e07832c442a633489902ad4ec83af1327a81e43c6e4396e054,2982,77.0,35.0,interior,-0.0,-0.0,-0.0,-0.0,-0.0,-0.0
16,16,unloading,1.0,3061154c9644a6e07832c442a633489902ad4ec83af1327a81e43c6e4396e054,2983,78.0,35.0,interior,-0.0,-0.0,-0.0,-0.0,-0.0,-0.0
16,16,unloading,1.0,3061154c9644a6e07832c442a633489902ad4ec83af1327a81e43c6e4396e054,2984,79.0,35.0,interior,-0.0,-0.0,-0.0,-0.0,-0.0,-0.0
16,16,unloading,1.0,3061154c9644a6e07832c442a633489902ad4ec83af1327a81e43c6e4396e054,2985,80.0,35.0,physical_only,4.237083294299773e-07,-3.0057478782473846e-08,2.999147277908957e-07,-1.0972580672027216e-06,1.2379360163908176e-07,1.067200588420245e-06
16,16,unloading,1.0,3061154c9644a6e07832c442a633489902ad4ec83af1327a81e43c6e4396e054,3050,62.0,36.0,physical_only,-5.252766406619773e-06,2.3483843714620027e-07,-3.9694519264117835e-06,6.18372176516127e-08,-1.283314480207989e-06,1.7300121949458746e-07
16,16,unloading,1.0,3061154c9644a6e07832c442a633489902ad4ec83af1327a81e43c6e4396e054,3051,63.0,36.0,interior,-0.0,-0.0,-0.0,-0.0,-0.0,-0.0
16,16,unloading,1.0,3061154c9644a6e07832c442a633489902ad4ec83af1327a81e43c6e4396e054,3052,64.0,36.0,interior,-0.0,-0.0,-0.0,-0.0,-0.0,-0.0
16,16,unloading,1.0,3061154c9644a6e07832c442a633489902ad4ec83af1327a81e43c6e4396e054,3053,65.0,36.0,interior,-0.0,-0.0,-0.0,-0.0,-0.0,-0.0
16,16,unloading,1.0,3061154c9644a6e07832c442a633489902ad4ec83af1327a81e43c6e4396e054,3054,66.0,36.0,interior,-0.0,-0.0,-0.0,-0.0,-0.0,-0.0
16,16,unloading,1.0,3061154c9644a6e07832c442a633489902ad4ec83af1327a81e43c6e4396e054,3055,67.0,36.0,interior,-0.0,-0.0,-0.0,-0.0,-0.0,-0.0
16,16,unloading,1.0,3061154c9644a6e07832c442a633489902ad4ec83af1327a81e43c6e4396e054,3056,68.0,36.0,interior,-0.0,-0.0,-0.0,-0.0,-0.0,-0.0
16,16,unloading,1.0,3061154c9644a6e07832c442a633489902ad4ec83af1327a81e43c6e4396e054,3057,69.0,36.0,interior,-0.0,-0.0,-0.0,-0.0,-0.0,-0.0
16,16,unloading,1.0,3061154c9644a6e07832c442a633489902ad4ec83af1327a81e43c6e4396e054,3058,70.0,36.0,interior,-0.0,-0.0,-0.0,-0.0,-0.0,-0.0
16,16,unloading,1.0,3061154c9644a6e07832c442a633489902ad4ec83af1327a81e43c6e4396e054,3059,71.0,36.0,interior,-0.0,-0.0,-0.0,-0.0,-0.0,-0.0
16,16,unloading,1.0,3061154c9644a6e07832c442a633489902ad4ec83af1327a81e43c6e4396e054,3060,72.0,36.0,interior,-0.0,-0.0,-0.0,-0.0,-0.0,-0.0
16,16,unloading,1.0,3061154c9644a6e07832c442a633489902ad4ec83af1327a81e43c6e4396e054,3061,73.0,36.0,interior,-0.0,-0.0,-0.0,-0.0,-0.0,-0.0
16,16,unloading,1.0,3061154c9644a6e07832c442a633489902ad4ec83af1327a81e43c6e4396e054,3062,74.0,36.0,interior,-0.0,-0.0,-0.0,-0.0,-0.0,-0.0
16,16,unloading,1.0,3061154c9644a6e07832c442a633489902ad4ec83af1327a81e43c6e4396e054,3063,75.0,36.0,interior,-0.0,-0.0,-0.0,-0.0,-0.0,-0.0
16,16,unloading,1.0,3061154c9644a6e07832c442a633489902ad4ec83af1327a81e43c6e4396e054,3064,76.0,36.0,interior,-0.0,-0.0,-0.0,-0.0,-0.0,-0.0
16,16,unloading,1.0,3061154c9644a6e07832c442a633489902ad4ec83af1327a81e43c6e4396e054,3065,77.0,36.0,interior,-0.0,-0.0,-0.0,-0.0,-0.0,-0.0
16,16,unloading,1.0,3061154c9644a6e07832c442a633489902ad4ec83af1327a81e43c6e4396e054,3066,78.0,36.0,interior,-0.0,-0.0,-0.0,-0.0,-0.0,-0.0
16,16,unloading,1.0,3061154c9644a6e07832c442a633489902ad4ec83af1327a81e43c6e4396e054,3067,79.0,36.0,interior,-0.0,-0.0,-0.0,-0.0,-0.0,-0.0
16,16,unloading,1.0,3061154c9644a6e07832c442a633489902ad4ec83af1327a81e43c6e4396e054,3068,80.0,36.0,physical_only,4.175004688625861e-07,-2.3773786827916343e-08,3.015896670531861e-07,-8.73296871842926e-07,1.1591080180939994e-07,8.49523085015005e-07
16,16,unloading,1.0,3061154c9644a6e07832c442a633489902ad4ec83af1327a81e43c6e4396e054,3133,62.0,37.0,physical_only,-5.398138458604711e-06,2.61205083310318e-07,-4.067813023576026e-06,4.9133746957408434e-08,-1.3303254350286846e-06,2.1207133635290955e-07
16,16,unloading,1.0,3061154c9644a6e07832c442a633489902ad4ec83af1327a81e43c6e4396e054,3134,63.0,37.0,interior,-0.0,-0.0,-0.0,-0.0,-0.0,-0.0
16,16,unloading,1.0,3061154c9644a6e07832c442a633489902ad4ec83af1327a81e43c6e4396e054,3135,64.0,37.0,interior,-0.0,-0.0,-0.0,-0.0,-0.0,-0.0
16,16,unloading,1.0,3061154c9644a6e07832c442a633489902ad4ec83af1327a81e43c6e4396e054,3136,65.0,37.0,interior,-0.0,-0.0,-0.0,-0.0,-0.0,-0.0
16,16,unloading,1.0,3061154c9644a6e07832c442a633489902ad4ec83af1327a81e43c6e4396e054,3137,66.0,37.0,interior,-0.0,-0.0,-0.0,-0.0,-0.0,-0.0
16,16,unloading,1.0,3061154c9644a6e07832c442a633489902ad4ec83af1327a81e43c6e4396e054,3138,67.0,37.0,interior,-0.0,-0.0,-0.0,-0.0,-0.0,-0.0
16,16,unloading,1.0,3061154c9644a6e07832c442a633489902ad4ec83af1327a81e43c6e4396e054,3139,68.0,37.0,interior,-0.0,-0.0,-0.0,-0.0,-0.0,-0.0
16,16,unloading,1.0,3061154c9644a6e07832c442a633489902ad4ec83af1327a81e43c6e4396e054,3140,69.0,37.0,interior,-0.0,-0.0,-0.0,-0.0,-0.0,-0.0
16,16,unloading,1.0,3061154c9644a6e07832c442a633489902ad4ec83af1327a81e43c6e4396e054,3141,70.0,37.0,interior,-0.0,-0.0,-0.0,-0.0,-0.0,-0.0
16,16,unloading,1.0,3061154c9644a6e07832c442a633489902ad4ec83af1327a81e43c6e4396e054,3142,71.0,37.0,interior,-0.0,-0.0,-0.0,-0.0,-0.0,-0.0
16,16,unloading,1.0,3061154c9644a6e07832c442a633489902ad4ec83af1327a81e43c6e4396e054,3143,72.0,37.0,interior,-0.0,-0.0,-0.0,-0.0,-0.0,-0.0
16,16,unloading,1.0,3061154c9644a6e07832c442a633489902ad4ec83af1327a81e43c6e4396e054,3144,73.0,37.0,interior,-0.0,-0.0,-0.0,-0.0,-0.0,-0.0
16,16,unloading,1.0,3061154c9644a6e07832c442a633489902ad4ec83af1327a81e43c6e4396e054,3145,74.0,37.0,interior,-0.0,-0.0,-0.0,-0.0,-0.0,-0.0
16,16,unloading,1.0,3061154c9644a6e07832c442a633489902ad4ec83af1327a81e43c6e4396e054,3146,75.0,37.0,interior,-0.0,-0.0,-0.0,-0.0,-0.0,-0.0
16,16,unloading,1.0,3061154c9644a6e07832c442a633489902ad4ec83af1327a81e43c6e4396e054,3147,76.0,37.0,interior,-0.0,-0.0,-0.0,-0.0,-0.0,-0.0
16,16,unloading,1.0,3061154c9644a6e07832c442a633489902ad4ec83af1327a81e43c6e4396e054,3148,77.0,37.0,interior,-0.0,-0.0,-0.0,-0.0,-0.0,-0.0
16,16,unloading,1.0,3061154c9644a6e07832c442a633489902ad4ec83af1327a81e43c6e4396e054,3149,78.0,37.0,interior,-0.0,-0.0,-0.0,-0.0,-0.0,-0.0
16,16,unloading,1.0,3061154c9644a6e07832c442a633489902ad4ec83af1327a81e43c6e4396e054,3150,79.0,37.0,interior,-0.0,-0.0,-0.0,-0.0,-0.0,-0.0
16,16,unloading,1.0,3061154c9644a6e07832c442a633489902ad4ec83af1327a81e43c6e4396e054,3151,80.0,37.0,physical_only,4.126890546794247e-07,-1.7674768279334323e-08,3.028116074487871e-07,-6.523467555122368e-07,1.0987744723063757e-07,6.346719872329156e-07
16,16,unloading,1.0,3061154c9644a6e07832c442a633489902ad4ec83af1327a81e43c6e4396e054,3216,62.0,38.0,physical_only,-5.522992587246038e-06,2.0355968345071493e-07,-4.139696901406038e-06,3.432762777439287e-08,-1.3832956858400007e-06,1.6923205567632217e-07
16,16,unloading,1.0,3061154c9644a6e07832c442a633489902ad4ec83af1327a81e43c6e4396e054,3217,63.0,38.0,interior,-0.0,-0.0,-0.0,-0.0,-0.0,-0.0
16,16,unloading,1.0,3061154c9644a6e07832c442a633489902ad4ec83af1327a81e43c6e4396e054,3218,64.0,38.0,interior,-0.0,-0.0,-0.0,-0.0,-0.0,-0.0
16,16,unloading,1.0,3061154c9644a6e07832c442a633489902ad4ec83af1327a81e43c6e4396e054,3219,65.0,38.0,interior,-0.0,-0.0,-0.0,-0.0,-0.0,-0.0
16,16,unloading,1.0,3061154c9644a6e07832c442a633489902ad4ec83af1327a81e43c6e4396e054,3220,66.0,38.0,interior,-0.0,-0.0,-0.0,-0.0,-0.0,-0.0
16,16,unloading,1.0,3061154c9644a6e07832c442a633489902ad4ec83af1327a81e43c6e4396e054,3221,67.0,38.0,interior,-0.0,-0.0,-0.0,-0.0,-0.0,-0.0
16,16,unloading,1.0,3061154c9644a6e07832c442a633489902ad4ec83af1327a81e43c6e4396e054,3222,68.0,38.0,interior,-0.0,-0.0,-0.0,-0.0,-0.0,-0.0
16,16,unloading,1.0,3061154c9644a6e07832c442a633489902ad4ec83af1327a81e43c6e4396e054,3223,69.0,38.0,interior,-0.0,-0.0,-0.0,-0.0,-0.0,-0.0
16,16,unloading,1.0,3061154c9644a6e07832c442a633489902ad4ec83af1327a81e43c6e4396e054,3224,70.0,38.0,interior,-0.0,-0.0,-0.0,-0.0,-0.0,-0.0
16,16,unloading,1.0,3061154c9644a6e07832c442a633489902ad4ec83af1327a81e43c6e4396e054,3225,71.0,38.0,interior,-0.0,-0.0,-0.0,-0.0,-0.0,-0.0
16,16,unloading,1.0,3061154c9644a6e07832c442a633489902ad4ec83af1327a81e43c6e4396e054,3226,72.0,38.0,interior,-0.0,-0.0,-0.0,-0.0,-0.0,-0.0
16,16,unloading,1.0,3061154c9644a6e07832c442a633489902ad4ec83af1327a81e43c6e4396e054,3227,73.0,38.0,interior,-0.0,-0.0,-0.0,-0.0,-0.0,-0.0
16,16,unloading,1.0,3061154c9644a6e07832c442a633489902ad4ec83af1327a81e43c6e4396e054,3228,74.0,38.0,interior,-0.0,-0.0,-0.0,-0.0,-0.0,-0.0
16,16,unloading,1.0,3061154c9644a6e07832c442a633489902ad4ec83af1327a81e43c6e4396e054,3229,75.0,38.0,interior,-0.0,-0.0,-0.0,-0.0,-0.0,-0.0
16,16,unloading,1.0,3061154c9644a6e07832c442a633489902ad4ec83af1327a81e43c6e4396e054,3230,76.0,38.0,interior,-0.0,-0.0,-0.0,-0.0,-0.0,-0.0
16,16,unloading,1.0,3061154c9644a6e07832c442a633489902ad4ec83af1327a81e43c6e4396e054,3231,77.0,38.0,interior,-0.0,-0.0,-0.0,-0.0,-0.0,-0.0
16,16,unloading,1.0,3061154c9644a6e07832c442a633489902ad4ec83af1327a81e43c6e4396e054,3232,78.0,38.0,interior,-0.0,-0.0,-0.0,-0.0,-0.0,-0.0
16,16,unloading,1.0,3061154c9644a6e07832c442a633489902ad4ec83af1327a81e43c6e4396e054,3233,79.0,38.0,interior,-0.0,-0.0,-0.0,-0.0,-0.0,-0.0
16,16,unloading,1.0,3061154c9644a6e07832c442a633489902ad4ec83af1327a81e43c6e4396e054,3234,80.0,38.0,physical_only,4.0926158443241596e-07,-1.1710202470316508e-08,3.03641568991688e-07,-4.3364910919554546e-07,1.0562001544072796e-07,4.2193890672523007e-07
16,16,unloading,1.0,3061154c9644a6e07832c442a633489902ad4ec83af1327a81e43c6e4396e054,3299,62.0,39.0,physical_only,-5.598065696676572e-06,1.0767829789561684e-07,-4.183573335203993e-06,1.7675880822740592e-08,-1.4144923614725786e-06,9.000241707287614e-08
16,16,unloading,1.0,3061154c9644a6e07832c442a633489902ad4ec83af1327a81e43c6e4396e054,3300,63.0,39.0,interior,-0.0,-0.0,-0.0,-0.0,-0.0,-0.0
16,16,unloading,1.0,3061154c9644a6e07832c442a633489902ad4ec83af1327a81e43c6e4396e054,3301,64.0,39.0,interior,-0.0,-0.0,-0.0,-0.0,-0.0,-0.0
16,16,unloading,1.0,3061154c9644a6e07832c442a633489902ad4ec83af1327a81e43c6e4396e054,3302,65.0,39.0,interior,-0.0,-0.0,-0.0,-0.0,-0.0,-0.0
16,16,unloading,1.0,3061154c9644a6e07832c442a633489902ad4ec83af1327a81e43c6e4396e054,3303,66.0,39.0,interior,-0.0,-0.0,-0.0,-0.0,-0.0,-0.0
16,16,unloading,1.0,3061154c9644a6e07832c442a633489902ad4ec83af1327a81e43c6e4396e054,3304,67.0,39.0,interior,-0.0,-0.0,-0.0,-0.0,-0.0,-0.0
16,16,unloading,1.0,3061154c9644a6e07832c442a633489902ad4ec83af1327a81e43c6e4396e054,3305,68.0,39.0,interior,-0.0,-0.0,-0.0,-0.0,-0.0,-0.0
16,16,unloading,1.0,3061154c9644a6e07832c442a633489902ad4ec83af1327a81e43c6e4396e054,3306,69.0,39.0,interior,-0.0,-0.0,-0.0,-0.0,-0.0,-0.0
16,16,unloading,1.0,3061154c9644a6e07832c442a633489902ad4ec83af1327a81e43c6e4396e054,3307,70.0,39.0,interior,-0.0,-0.0,-0.0,-0.0,-0.0,-0.0
16,16,unloading,1.0,3061154c9644a6e07832c442a633489902ad4ec83af1327a81e43c6e4396e054,3308,71.0,39.0,interior,-0.0,-0.0,-0.0,-0.0,-0.0,-0.0
16,16,unloading,1.0,3061154c9644a6e07832c442a633489902ad4ec83af1327a81e43c6e4396e054,3309,72.0,39.0,interior,-0.0,-0.0,-0.0,-0.0,-0.0,-0.0
16,16,unloading,1.0,3061154c9644a6e07832c442a633489902ad4ec83af1327a81e43c6e4396e054,3310,73.0,39.0,interior,-0.0,-0.0,-0.0,-0.0,-0.0,-0.0
16,16,unloading,1.0,3061154c9644a6e07832c442a633489902ad4ec83af1327a81e43c6e4396e054,3311,74.0,39.0,interior,-0.0,-0.0,-0.0,-0.0,-0.0,-0.0
16,16,unloading,1.0,3061154c9644a6e07832c442a633489902ad4ec83af1327a81e43c6e4396e054,3312,75.0,39.0,interior,-0.0,-0.0,-0.0,-0.0,-0.0,-0.0
16,16,unloading,1.0,3061154c9644a6e07832c442a633489902ad4ec83af1327a81e43c6e4396e054,3313,76.0,39.0,interior,-0.0,-0.0,-0.0,-0.0,-0.0,-0.0
16,16,unloading,1.0,3061154c9644a6e07832c442a633489902ad4ec83af1327a81e43c6e4396e054,3314,77.0,39.0,interior,-0.0,-0.0,-0.0,-0.0,-0.0,-0.0
16,16,unloading,1.0,3061154c9644a6e07832c442a633489902ad4ec83af1327a81e43c6e4396e054,3315,78.0,39.0,interior,-0.0,-0.0,-0.0,-0.0,-0.0,-0.0
16,16,unloading,1.0,3061154c9644a6e07832c442a633489902ad4ec83af1327a81e43c6e4396e054,3316,79.0,39.0,interior,-0.0,-0.0,-0.0,-0.0,-0.0,-0.0
16,16,unloading,1.0,3061154c9644a6e07832c442a633489902ad4ec83af1327a81e43c6e4396e054,3317,80.0,39.0,physical_only,4.0720885461271884e-07,-5.8334238228042274e-09,3.041225265703317e-07,-2.1645027971227606e-07,1.030863280423872e-07,2.106168558894676e-07
16,16,unloading,1.0,3061154c9644a6e07832c442a633489902ad4ec83af1327a81e43c6e4396e054,3382,62.0,40.0,physical_and_cut,-2.8110940589577714e-06,-1.836070922127845e-06,-2.0991645858927138e-06,-9.556922397596904e-07,-7.119294730650579e-07,-8.803786823681549e-07
16,16,unloading,1.0,3061154c9644a6e07832c442a633489902ad4ec83af1327a81e43c6e4396e054,3383,63.0,40.0,cut_only,-0.0,-0.0,-0.0,-0.0,-0.0,-0.0
16,16,unloading,1.0,3061154c9644a6e07832c442a633489902ad4ec83af1327a81e43c6e4396e054,3384,64.0,40.0,cut_only,-0.0,-0.0,-0.0,-0.0,-0.0,-0.0
16,16,unloading,1.0,3061154c9644a6e07832c442a633489902ad4ec83af1327a81e43c6e4396e054,3385,65.0,40.0,cut_only,-0.0,-0.0,-0.0,-0.0,-0.0,-0.0
16,16,unloading,1.0,3061154c9644a6e07832c442a633489902ad4ec83af1327a81e43c6e4396e054,3386,66.0,40.0,cut_only,-0.0,-0.0,-0.0,-0.0,-0.0,-0.0
16,16,unloading,1.0,3061154c9644a6e07832c442a633489902ad4ec83af1327a81e43c6e4396e054,3387,67.0,40.0,cut_only,-0.0,-0.0,-0.0,-0.0,-0.0,-0.0
16,16,unloading,1.0,3061154c9644a6e07832c442a633489902ad4ec83af1327a81e43c6e4396e054,3388,68.0,40.0,cut_only,-0.0,-0.0,-0.0,-0.0,-0.0,-0.0
16,16,unloading,1.0,3061154c9644a6e07832c442a633489902ad4ec83af1327a81e43c6e4396e054,3389,69.0,40.0,cut_only,-0.0,-0.0,-0.0,-0.0,-0.0,-0.0
16,16,unloading,1.0,3061154c9644a6e07832c442a633489902ad4ec83af1327a81e43c6e4396e054,3390,70.0,40.0,cut_only,-0.0,-0.0,-0.0,-0.0,-0.0,-0.0
16,16,unloading,1.0,3061154c9644a6e07832c442a633489902ad4ec83af1327a81e43c6e4396e054,3391,71.0,40.0,cut_only,-0.0,-0.0,-0.0,-0.0,-0.0,-0.0
16,16,unloading,1.0,3061154c9644a6e07832c442a633489902ad4ec83af1327a81e43c6e4396e054,3392,72.0,40.0,cut_only,-0.0,-0.0,-0.0,-0.0,-0.0,-0.0
16,16,unloading,1.0,3061154c9644a6e07832c442a633489902ad4ec83af1327a81e43c6e4396e054,3393,73.0,40.0,cut_only,-0.0,-0.0,-0.0,-0.0,-0.0,-0.0
16,16,unloading,1.0,3061154c9644a6e07832c442a633489902ad4ec83af1327a81e43c6e4396e054,3394,74.0,40.0,cut_only,-0.0,-0.0,-0.0,-0.0,-0.0,-0.0
16,16,unloading,1.0,3061154c9644a6e07832c442a633489902ad4ec83af1327a81e43c6e4396e054,3395,75.0,40.0,cut_only,-0.0,-0.0,-0.0,-0.0,-0.0,-0.0
16,16,unloading,1.0,3061154c9644a6e07832c442a633489902ad4ec83af1327a81e43c6e4396e054,3396,76.0,40.0,cut_only,-0.0,-0.0,-0.0,-0.0,-0.0,-0.0
16,16,unloading,1.0,3061154c9644a6e07832c442a633489902ad4ec83af1327a81e43c6e4396e054,3397,77.0,40.0,cut_only,-0.0,-0.0,-0.0,-0.0,-0.0,-0.0
16,16,unloading,1.0,3061154c9644a6e07832c442a633489902ad4ec83af1327a81e43c6e4396e054,3398,78.0,40.0,cut_only,-0.0,-0.0,-0.0,-0.0,-0.0,-0.0
16,16,unloading,1.0,3061154c9644a6e07832c442a633489902ad4ec83af1327a81e43c6e4396e054,3399,79.0,40.0,cut_only,-0.0,-0.0,-0.0,-0.0,-0.0,-0.0
16,16,unloading,1.0,3061154c9644a6e07832c442a633489902ad4ec83af1327a81e43c6e4396e054,3400,80.0,40.0,physical_and_cut,2.0326262079131966e-07,6.03109935367345e-05,1.5214001068699022e-07,-1.6874732983257917e-07,5.112261010432944e-08,6.0479740866567085e-05
17,17,unloading,0.9,9cb229a3f154bc6f96e2ee3f1b4e18b125126a6f97e6194c8b2902f0266d0f17,2635,62.0,31.0,physical_only,-0.0004457055732861163,-6.922009088452003e-05,-5.727832228628429e-06,6.423976816676008e-06,-0.00043997774105748787,-7.564406770119605e-05
17,17,unloading,0.9,9cb229a3f154bc6f96e2ee3f1b4e18b125126a6f97e6194c8b2902f0266d0f17,2636,63.0,31.0,physical_only,-1.24911499584109e-06,-5.869164699685446e-05,-3.1909239200317796e-06,7.390644901993741e-06,1.9418089241906904e-06,-6.608229189884816e-05
17,17,unloading,0.9,9cb229a3f154bc6f96e2ee3f1b4e18b125126a6f97e6194c8b2902f0266d0f17,2637,64.0,31.0,physical_only,1.2345883851865782e-06,-7.843083609933922e-05,-3.264033460625629e-06,9.496930633378216e-06,4.4986218458122054e-06,-8.792776673271742e-05
17,17,unloading,0.9,9cb229a3f154bc6f96e2ee3f1b4e18b125126a6f97e6194c8b2902f0266d0f17,2638,65.0,31.0,physical_only,1.9833742843086696e-06,-0.00010644852448125414,-3.3557705041846835e-06,1.192259026136952e-05,5.33914478849335e-06,-0.0001183711147426237
17,17,unloading,0.9,9cb229a3f154bc6f96e2ee3f1b4e18b125126a6f97e6194c8b2902f0266d0f17,2639,66.0,31.0,physical_only,8.571971109278593e-07,-0.00014032592927582703,-3.4672167345343113e-06,1.4770749357369522e-05,4.32441384546217e-06,-0.0001550966786331966
17,17,unloading,0.9,9cb229a3f154bc6f96e2ee3f1b4e18b125126a6f97e6194c8b2902f0266d0f17,2640,67.0,31.0,physical_only,-1.1920261005992496e-06,-0.00017952690732325055,-3.596425661034436e-06,1.8164587477553208e-05,2.4043995604351864e-06,-0.00019769149480080368
17,17,unloading,0.9,9cb229a3f154bc6f96e2ee3f1b4e18b125126a6f97e6194c8b2902f0266d0f17,2641,68.0,31.0,physical_only,-1.4083634406232158e-06,-0.0002271683551235453,-3.7446813382340735e-06,2.226043011174288e-05,2.33631789761086e-06,-0.00024942878523528825
17,17,unloading,0.9,9cb229a3f154bc6f96e2ee3f1b4e18b125126a6f97e6194c8b2902f0266d0f17,2642,69.0,31.0,physical_only,-2.0611890356003575e-06,-0.0002866583393811796,-3.916924686917297e-06,2.7273552030832692e-05,1.855735651316934e-06,-0.0003139318914120123
17,17,unloading,0.9,9cb229a3f154bc6f96e2ee3f1b4e18b125126a6f97e6194c8b2902f0266d0f17,2643,70.0,31.0,physical_only,-3.0007512715680864e-06,-0.00035877340291596963,-4.121984798375298e-06,3.351548340134702e-05,1.1212335268072175e-06,-0.0003922888863173166
17,17,unloading,0.9,9cb229a3f154bc6f96e2ee3f1b4e18b125126a6f97e6194c8b2902f0266d0f17,2644,71.0,31.0,physical_only,-4.180433304717353e-06,-0.00044537242015589107,-4.372290217303705e-06,4.145043682150525e-05,1.91856912586352e-07,-0.0004868228569773964
17,17,unloading,0.9,9cb229a3f154bc6f96e2ee3f1b4e18b125126a6f97e6194c8b2902f0266d0f17,2645,72.0,31.0,physical_only,-5.353789139667648e-06,-0.0005484030101097293,-4.687191213574306e-06,5.1798665958220814e-05,-6.665979260933388e-07,-0.0006002016760679502
17,17,unloading,0.9,9cb229a3f154bc6f96e2ee3f1b4e18b125126a6f97e6194c8b2902f0266d0f17,2646,73.0,31.0,physical_only,-6.3226525407114524e-06,-0.0006686871885203771,-5.097633836606437e-06,6.573376520676568e-05,-1.2250187041050196e-06,-0.0007344209537271428
17,17,unloading,0.9,9cb229a3f154bc6f96e2ee3f1b4e18b125126a6f97e6194c8b2902f0266d0f17,2647,74.0,31.0,physical_only,-1.3240758311484178e-06,-0.0008115878490311309,-5.658998754072609e-06,8.530071975424087e-05,4.334922922924191e-06,-0.0008968885687853723
17,17,unloading,0.9,9cb229a3f154bc6f96e2ee3f1b4e18b125126a6f97e6194c8b2902f0266d0f17,2648,75.0,31.0,physical_only,8.22191769361357e-06,-0.000992793022458742,-6.481328078443163e-06,0.00011442049029587277,1.470324577205673e-05,-0.001107213512754615
17,17,unloading,0.9,9cb229a3f154bc6f96e2ee3f1b4e18b125126a6f97e6194c8b2902f0266d0f17,2649,76.0,31.0,physical_only,1.3768893815576397e-05,-0.0012272990984109203,-7.806378598422594e-06,0.0001616698908334044,2.1575272413998995e-05,-0.0013889689892443245
17,17,unloading,0.9,9cb229a3f154bc6f96e2ee3f1b4e18b125126a6f97e6194c8b2902f0266d0f17,2650,77.0,31.0,physical_only,-1.1061539022188288e-05,-0.0014637310032883204,-1.0227182435898269e-05,0.0002494993322833527,-8.343565862900222e-07,-0.0017132303355716734
17,17,unloading,0.9,9cb229a3f154bc6f96e2ee3f1b4e18b125126a6f97e6194c8b2902f0266d0f17,2651,78.0,31.0,physical_only,-5.3265334214481406e-05,-0.0016225649210584534,-1.584093360813048e-05,0.00045923227760043397,-3.742440060635092e-05,-0.002081797198658886
17,17,unloading,0.9,9cb229a3f154bc6f96e2ee3f1b4e18b125126a6f97e6194c8b2902f0266d0f17,2652,79.0,31.0,physical_only,-0.00015519190219400678,0.00014061430045399746,-3.8393526291389073e-05,0.0014323452758290734,-0.00011679837590261772,-0.0012917309753750755
17,17,unloading,0.9,9cb229a3f154bc6f96e2ee3f1b4e18b125126a6f97e6194c8b2902f0266d0f17,2653,80.0,31.0,physical_only,-0.00014600719613373488,0.023401735600309427,-0.00034372678705427585,0.010839009572983923,0.000197719590920541,0.012562726027325501
17,17,unloading,0.9,9cb229a3f154bc6f96e2ee3f1b4e18b125126a6f97e6194c8b2902f0266d0f17,2718,62.0,32.0,physical_only,-7.152865058459964e-06,-1.109189081832984e-06,-3.3202424575683173e-06,1.372910708162443e-07,-3.8326226008916455e-06,-1.2464801526492284e-06
17,17,unloading,0.9,9cb229a3f154bc6f96e2ee3f1b4e18b125126a6f97e6194c8b2902f0266d0f17,2719,63.0,32.0,interior,-0.0,-0.0,-0.0,-0.0,-0.0,-0.0
17,17,unloading,0.9,9cb229a3f154bc6f96e2ee3f1b4e18b125126a6f97e6194c8b2902f0266d0f17,2720,64.0,32.0,interior,-0.0,-0.0,-0.0,-0.0,-0.0,-0.0
17,17,unloading,0.9,9cb229a3f154bc6f96e2ee3f1b4e18b125126a6f97e6194c8b2902f0266d0f17,2721,65.0,32.0,interior,-0.0,-0.0,-0.0,-0.0,-0.0,-0.0
17,17,unloading,0.9,9cb229a3f154bc6f96e2ee3f1b4e18b125126a6f97e6194c8b2902f0266d0f17,2722,66.0,32.0,interior,-0.0,-0.0,-0.0,-0.0,-0.0,-0.0
17,17,unloading,0.9,9cb229a3f154bc6f96e2ee3f1b4e18b125126a6f97e6194c8b2902f0266d0f17,2723,67.0,32.0,interior,-0.0,-0.0,-0.0,-0.0,-0.0,-0.0
17,17,unloading,0.9,9cb229a3f154bc6f96e2ee3f1b4e18b125126a6f97e6194c8b2902f0266d0f17,2724,68.0,32.0,interior,-0.0,-0.0,-0.0,-0.0,-0.0,-0.0
17,17,unloading,0.9,9cb229a3f154bc6f96e2ee3f1b4e18b125126a6f97e6194c8b2902f0266d0f17,2725,69.0,32.0,interior,-0.0,-0.0,-0.0,-0.0,-0.0,-0.0
17,17,unloading,0.9,9cb229a3f154bc6f96e2ee3f1b4e18b125126a6f97e6194c8b2902f0266d0f17,2726,70.0,32.0,interior,-0.0,-0.0,-0.0,-0.0,-0.0,-0.0
17,17,unloading,0.9,9cb229a3f154bc6f96e2ee3f1b4e18b125126a6f97e6194c8b2902f0266d0f17,2727,71.0,32.0,interior,-0.0,-0.0,-0.0,-0.0,-0.0,-0.0
17,17,unloading,0.9,9cb229a3f154bc6f96e2ee3f1b4e18b125126a6f97e6194c8b2902f0266d0f17,2728,72.0,32.0,interior,-0.0,-0.0,-0.0,-0.0,-0.0,-0.0
17,17,unloading,0.9,9cb229a3f154bc6f96e2ee3f1b4e18b125126a6f97e6194c8b2902f0266d0f17,2729,73.0,32.0,interior,-0.0,-0.0,-0.0,-0.0,-0.0,-0.0
17,17,unloading,0.9,9cb229a3f154bc6f96e2ee3f1b4e18b125126a6f97e6194c8b2902f0266d0f17,2730,74.0,32.0,interior,-0.0,-0.0,-0.0,-0.0,-0.0,-0.0
17,17,unloading,0.9,9cb229a3f154bc6f96e2ee3f1b4e18b125126a6f97e6194c8b2902f0266d0f17,2731,75.0,32.0,interior,-0.0,-0.0,-0.0,-0.0,-0.0,-0.0
17,17,unloading,0.9,9cb229a3f154bc6f96e2ee3f1b4e18b125126a6f97e6194c8b2902f0266d0f17,2732,76.0,32.0,interior,-0.0,-0.0,-0.0,-0.0,-0.0,-0.0
17,17,unloading,0.9,9cb229a3f154bc6f96e2ee3f1b4e18b125126a6f97e6194c8b2902f0266d0f17,2733,77.0,32.0,interior,-0.0,-0.0,-0.0,-0.0,-0.0,-0.0
17,17,unloading,0.9,9cb229a3f154bc6f96e2ee3f1b4e18b125126a6f97e6194c8b2902f0266d0f17,2734,78.0,32.0,interior,-0.0,-0.0,-0.0,-0.0,-0.0,-0.0
17,17,unloading,0.9,9cb229a3f154bc6f96e2ee3f1b4e18b125126a6f97e6194c8b2902f0266d0f17,2735,79.0,32.0,interior,-0.0,-0.0,-0.0,-0.0,-0.0,-0.0
17,17,unloading,0.9,9cb229a3f154bc6f96e2ee3f1b4e18b125126a6f97e6194c8b2902f0266d0f17,2736,80.0,32.0,physical_only,4.40106228374577e-07,-5.148541349066986e-08,3.096972388402783e-07,-1.753197957151975e-06,1.304089895342988e-07,1.7017125436612977e-06
17,17,unloading,0.9,9cb229a3f154bc6f96e2ee3f1b4e18b125126a6f97e6194c8b2902f0266d0f17,2801,62.0,33.0,physical_only,-5.8601420976017565e-06,-7.139737479433091e-07,-3.5381664587847654e-06,1.0710267706050872e-07,-2.321975638816991e-06,-8.210764250038178e-07
17,17,unloading,0.9,9cb229a3f154bc6f96e2ee3f1b4e18b125126a6f97e6194c8b2902f0266d0f17,2802,63.0,33.0,interior,-0.0,-0.0,-0.0,-0.0,-0.0,-0.0
17,17,unloading,0.9,9cb229a3f154bc6f96e2ee3f1b4e18b125126a6f97e6194c8b2902f0266d0f17,2803,64.0,33.0,interior,-0.0,-0.0,-0.0,-0.0,-0.0,-0.0
17,17,unloading,0.9,9cb229a3f154bc6f96e2ee3f1b4e18b125126a6f97e6194c8b2902f0266d0f17,2804,65.0,33.0,interior,-0.0,-0.0,-0.0,-0.0,-0.0,-0.0
17,17,unloading,0.9,9cb229a3f154bc6f96e2ee3f1b4e18b125126a6f97e6194c8b2902f0266d0f17,2805,66.0,33.0,interior,-0.0,-0.0,-0.0,-0.0,-0.0,-0.0
17,17,unloading,0.9,9cb229a3f154bc6f96e2ee3f1b4e18b125126a6f97e6194c8b2902f0266d0f17,2806,67.0,33.0,interior,-0.0,-0.0,-0.0,-0.0,-0.0,-0.0
17,17,unloading,0.9,9cb229a3f154bc6f96e2ee3f1b4e18b125126a6f97e6194c8b2902f0266d0f17,2807,68.0,33.0,interior,-0.0,-0.0,-0.0,-0.0,-0.0,-0.0
17,17,unloading,0.9,9cb229a3f154bc6f96e2ee3f1b4e18b125126a6f97e6194c8b2902f0266d0f17,2808,69.0,33.0,interior,-0.0,-0.0,-0.0,-0.0,-0.0,-0.0
17,17,unloading,0.9,9cb229a3f154bc6f96e2ee3f1b4e18b125126a6f97e6194c8b2902f0266d0f17,2809,70.0,33.0,interior,-0.0,-0.0,-0.0,-0.0,-0.0,-0.0
17,17,unloading,0.9,9cb229a3f154bc6f96e2ee3f1b4e18b125126a6f97e6194c8b2902f0266d0f17,2810,71.0,33.0,interior,-0.0,-0.0,-0.0,-0.0,-0.0,-0.0
17,17,unloading,0.9,9cb229a3f154bc6f96e2ee3f1b4e18b125126a6f97e6194c8b2902f0266d0f17,2811,72.0,33.0,interior,-0.0,-0.0,-0.0,-0.0,-0.0,-0.0
17,17,unloading,0.9,9cb229a3f154bc6f96e2ee3f1b4e18b125126a6f97e6194c8b2902f0266d0f17,2812,73.0,33.0,interior,-0.0,-0.0,-0.0,-0.0,-0.0,-0.0
17,17,unloading,0.9,9cb229a3f154bc6f96e2ee3f1b4e18b125126a6f97e6194c8b2902f0266d0f17,2813,74.0,33.0,interior,-0.0,-0.0,-0.0,-0.0,-0.0,-0.0
17,17,unloading,0.9,9cb229a3f154bc6f96e2ee3f1b4e18b125126a6f97e6194c8b2902f0266d0f17,2814,75.0,33.0,interior,-0.0,-0.0,-0.0,-0.0,-0.0,-0.0
17,17,unloading,0.9,9cb229a3f154bc6f96e2ee3f1b4e18b125126a6f97e6194c8b2902f0266d0f17,2815,76.0,33.0,interior,-0.0,-0.0,-0.0,-0.0,-0.0,-0.0
17,17,unloading,0.9,9cb229a3f154bc6f96e2ee3f1b4e18b125126a6f97e6194c8b2902f0266d0f17,2816,77.0,33.0,interior,-0.0,-0.0,-0.0,-0.0,-0.0,-0.0
17,17,unloading,0.9,9cb229a3f154bc6f96e2ee3f1b4e18b125126a6f97e6194c8b2902f0266d0f17,2817,78.0,33.0,interior,-0.0,-0.0,-0.0,-0.0,-0.0,-0.0
17,17,unloading,0.9,9cb229a3f154bc6f96e2ee3f1b4e18b125126a6f97e6194c8b2902f0266d0f17,2818,79.0,33.0,interior,-0.0,-0.0,-0.0,-0.0,-0.0,-0.0
17,17,unloading,0.9,9cb229a3f154bc6f96e2ee3f1b4e18b125126a6f97e6194c8b2902f0266d0f17,2819,80.0,33.0,physical_only,4.2990675224382504e-07,-4.411377030428209e-08,3.113599473748417e-07,-1.520883128952569e-06,1.1854680486898334e-07,1.4767693586483063e-06
17,17,unloading,0.9,9cb229a3f154bc6f96e2ee3f1b4e18b125126a6f97e6194c8b2902f0266d0f17,2884,62.0,34.0,physical_only,-5.275407503907623e-06,-2.7720027165804814e-07,-3.712933435262587e-06,8.795089069171706e-08,-1.5624740686450353e-06,-3.651511623497651e-07
17,17,unloading,0.9,9cb229a3f154bc6f96e2ee3f1b4e18b125126a6f97e6194c8b2902f0266d0f17,2885,63.0,34.0,interior,-0.0,-0.0,-0.0,-0.0,-0.0,-0.0
17,17,unloading,0.9,9cb229a3f154bc6f96e2ee3f1b4e18b125126a6f97e6194c8b2902f0266d0f17,2886,64.0,34.0,interior,-0.0,-0.0,-0.0,-0.0,-0.0,-0.0
17,17,unloading,0.9,9cb229a3f154bc6f96e2ee3f1b4e18b125126a6f97e6194c8b2902f0266d0f17,2887,65.0,34.0,interior,-0.0,-0.0,-0.0,-0.0,-0.0,-0.0
17,17,unloading,0.9,9cb229a3f154bc6f96e2ee3f1b4e18b125126a6f97e6194c8b2902f0266d0f17,2888,66.0,34.0,interior,-0.0,-0.0,-0.0,-0.0,-0.0,-0.0
17,17,unloading,0.9,9cb229a3f154bc6f96e2ee3f1b4e18b125126a6f97e6194c8b2902f0266d0f17,2889,67.0,34.0,interior,-0.0,-0.0,-0.0,-0.0,-0.0,-0.0
17,17,unloading,0.9,9cb229a3f154bc6f96e2ee3f1b4e18b125126a6f97e6194c8b2902f0266d0f17,2890,68.0,34.0,interior,-0.0,-0.0,-0.0,-0.0,-0.0,-0.0
17,17,unloading,0.9,9cb229a3f154bc6f96e2ee3f1b4e18b125126a6f97e6194c8b2902f0266d0f17,2891,69.0,34.0,interior,-0.0,-0.0,-0.0,-0.0,-0.0,-0.0
17,17,unloading,0.9,9cb229a3f154bc6f96e2ee3f1b4e18b125126a6f97e6194c8b2902f0266d0f17,2892,70.0,34.0,interior,-0.0,-0.0,-0.0,-0.0,-0.0,-0.0
17,17,unloading,0.9,9cb229a3f154bc6f96e2ee3f1b4e18b125126a6f97e6194c8b2902f0266d0f17,2893,71.0,34.0,interior,-0.0,-0.0,-0.0,-0.0,-0.0,-0.0
17,17,unloading,0.9,9cb229a3f154bc6f96e2ee3f1b4e18b125126a6f97e6194c8b2902f0266d0f17,2894,72.0,34.0,interior,-0.0,-0.0,-0.0,-0.0,-0.0,-0.0
17,17,unloading,0.9,9cb229a3f154bc6f96e2ee3f1b4e18b125126a6f97e6194c8b2902f0266d0f17,2895,73.0,34.0,interior,-0.0,-0.0,-0.0,-0.0,-0.0,-0.0
17,17,unloading,0.9,9cb229a3f154bc6f96e2ee3f1b4e18b125126a6f97e6194c8b2902f0266d0f17,2896,74.0,34.0,interior,-0.0,-0.0,-0.0,-0.0,-0.0,-0.0
17,17,unloading,0.9,9cb229a3f154bc6f96e2ee3f1b4e18b125126a6f97e6194c8b2902f0266d0f17,2897,75.0,34.0,interior,-0.0,-0.0,-0.0,-0.0,-0.0,-0.0
17,17,unloading,0.9,9cb229a3f154bc6f96e2ee3f1b4e18b125126a6f97e6194c8b2902f0266d0f17,2898,76.0,34.0,interior,-0.0,-0.0,-0.0,-0.0,-0.0,-0.0
17,17,unloading,0.9,9cb229a3f154bc6f96e2ee3f1b4e18b125126a6f97e6194c8b2902f0266d0f17,2899,77.0,34.0,interior,-0.0,-0.0,-0.0,-0.0,-0.0,-0.0
17,17,unloading,0.9,9cb229a3f154bc6f96e2ee3f1b4e18b125126a6f97e6194c8b2902f0266d0f17,2900,78.0,34.0,interior,-0.0,-0.0,-0.0,-0.0,-0.0,-0.0
17,17,unloading,0.9,9cb229a3f154bc6f96e2ee3f1b4e18b125126a6f97e6194c8b2902f0266d0f17,2901,79.0,34.0,interior,-0.0,-0.0,-0.0,-0.0,-0.0,-0.0
17,17,unloading,0.9,9cb229a3f154bc6f96e2ee3f1b4e18b125126a6f97e6194c8b2902f0266d0f17,2902,80.0,34.0,physical_only,4.211100996643298e-07,-3.7143074053865585e-08,3.1257688282190797e-07,-1.2938695678259059e-06,1.0853321684242191e-07,1.2567264937720312e-06
17,17,unloading,0.9,9cb229a3f154bc6f96e2ee3f1b4e18b125126a6f97e6194c8b2902f0266d0f17,2967,62.0,35.0,physical_only,-5.1278554943157275e-06,5.030966137428985e-08,-3.856804840375519e-06,7.44458297745553e-08,-1.2710506539402091e-06,-2.413616840026534e-08
17,17,unloading,0.9,9cb229a3f154bc6f96e2ee3f1b4e18b125126a6f97e6194c8b2902f0266d0f17,2968,63.0,35.0,interior,-0.0,-0.0,-0.0,-0.0,-0.0,-0.0
17,17,unloading,0.9,9cb229a3f154bc6f96e2ee3f1b4e18b125126a6f97e6194c8b2902f0266d0f17,2969,64.0,35.0,interior,-0.0,-0.0,-0.0,-0.0,-0.0,-0.0
17,17,unloading,0.9,9cb229a3f154bc6f96e2ee3f1b4e18b125126a6f97e6194c8b2902f0266d0f17,2970,65.0,35.0,interior,-0.0,-0.0,-0.0,-0.0,-0.0,-0.0
17,17,unloading,0.9,9cb229a3f154bc6f96e2ee3f1b4e18b125126a6f97e6194c8b2902f0266d0f17,2971,66.0,35.0,interior,-0.0,-0.0,-0.0,-0.0,-0.0,-0.0
17,17,unloading,0.9,9cb229a3f154bc6f96e2ee3f1b4e18b125126a6f97e6194c8b2902f0266d0f17,2972,67.0,35.0,interior,-0.0,-0.0,-0.0,-0.0,-0.0,-0.0
17,17,unloading,0.9,9cb229a3f154bc6f96e2ee3f1b4e18b125126a6f97e6194c8b2902f0266d0f17,2973,68.0,35.0,interior,-0.0,-0.0,-0.0,-0.0,-0.0,-0.0
17,17,unloading,0.9,9cb229a3f154bc6f96e2ee3f1b4e18b125126a6f97e6194c8b2902f0266d0f17,2974,69.0,35.0,interior,-0.0,-0.0,-0.0,-0.0,-0.0,-0.0
17,17,unloading,0.9,9cb229a3f154bc6f96e2ee3f1b4e18b125126a6f97e6194c8b2902f0266d0f17,2975,70.0,35.0,interior,-0.0,-0.0,-0.0,-0.0,-0.0,-0.0
17,17,unloading,0.9,9cb229a3f154bc6f96e2ee3f1b4e18b125126a6f97e6194c8b2902f0266d0f17,2976,71.0,35.0,interior,-0.0,-0.0,-0.0,-0.0,-0.0,-0.0
17,17,unloading,0.9,9cb229a3f154bc6f96e2ee3f1b4e18b125126a6f97e6194c8b2902f0266d0f17,2977,72.0,35.0,interior,-0.0,-0.0,-0.0,-0.0,-0.0,-0.0
17,17,unloading,0.9,9cb229a3f154bc6f96e2ee3f1b4e18b125126a6f97e6194c8b2902f0266d0f17,2978,73.0,35.0,interior,-0.0,-0.0,-0.0,-0.0,-0.0,-0.0
17,17,unloading,0.9,9cb229a3f154bc6f96e2ee3f1b4e18b125126a6f97e6194c8b2902f0266d0f17,2979,74.0,35.0,interior,-0.0,-0.0,-0.0,-0.0,-0.0,-0.0
17,17,unloading,0.9,9cb229a3f154bc6f96e2ee3f1b4e18b125126a6f97e6194c8b2902f0266d0f17,2980,75.0,35.0,interior,-0.0,-0.0,-0.0,-0.0,-0.0,-0.0
17,17,unloading,0.9,9cb229a3f154bc6f96e2ee3f1b4e18b125126a6f97e6194c8b2902f0266d0f17,2981,76.0,35.0,interior,-0.0,-0.0,-0.0,-0.0,-0.0,-0.0
17,17,unloading,0.9,9cb229a3f154bc6f96e2ee3f1b4e18b125126a6f97e6194c8b2902f0266d0f17,2982,77.0,35.0,interior,-0.0,-0.0,-0.0,-0.0,-0.0,-0.0
17,17,unloading,0.9,9cb229a3f154bc6f96e2ee3f1b4e18b125126a6f97e6194c8b2902f0266d0f17,2983,78.0,35.0,interior,-0.0,-0.0,-0.0,-0.0,-0.0,-0.0
17,17,unloading,0.9,9cb229a3f154bc6f96e2ee3f1b4e18b125126a6f97e6194c8b2902f0266d0f17,2984,79.0,35.0,interior,-0.0,-0.0,-0.0,-0.0,-0.0,-0.0
17,17,unloading,0.9,9cb229a3f154bc6f96e2ee3f1b4e18b125126a6f97e6194c8b2902f0266d0f17,2985,80.0,35.0,physical_only,4.13700122840086e-07,-3.049601685487977e-08,3.134470628914178e-07,-1.0713751877784965e-06,1.0025305994866816e-07,1.0408791709236268e-06
17,17,unloading,0.9,9cb229a3f154bc6f96e2ee3f1b4e18b125126a6f97e6194c8b2902f0266d0f17,3050,62.0,36.0,physical_only,-5.202958298323895e-06,2.1051517516213145e-07,-3.975178108796188e-06,6.23968083503668e-08,-1.227780189527707e-06,1.4811836681176475e-07
17,17,unloading,0.9,9cb229a3f154bc6f96e2ee3f1b4e18b125126a6f97e6194c8b2902f0266d0f17,3051,63.0,36.0,interior,-0.0,-0.0,-0.0,-0.0,-0.0,-0.0
17,17,unloading,0.9,9cb229a3f154bc6f96e2ee3f1b4e18b125126a6f97e6194c8b2902f0266d0f17,3052,64.0,36.0,interior,-0.0,-0.0,-0.0,-0.0,-0.0,-0.0
17,17,unloading,0.9,9cb229a3f154bc6f96e2ee3f1b4e18b125126a6f97e6194c8b2902f0266d0f17,3053,65.0,36.0,interior,-0.0,-0.0,-0.0,-0.0,-0.0,-0.0
17,17,unloading,0.9,9cb229a3f154bc6f96e2ee3f1b4e18b125126a6f97e6194c8b2902f0266d0f17,3054,66.0,36.0,interior,-0.0,-0.0,-0.0,-0.0,-0.0,-0.0
17,17,unloading,0.9,9cb229a3f154bc6f96e2ee3f1b4e18b125126a6f97e6194c8b2902f0266d0f17,3055,67.0,36.0,interior,-0.0,-0.0,-0.0,-0.0,-0.0,-0.0
17,17,unloading,0.9,9cb229a3f154bc6f96e2ee3f1b4e18b125126a6f97e6194c8b2902f0266d0f17,3056,68.0,36.0,interior,-0.0,-0.0,-0.0,-0.0,-0.0,-0.0
17,17,unloading,0.9,9cb229a3f154bc6f96e2ee3f1b4e18b125126a6f97e6194c8b2902f0266d0f17,3057,69.0,36.0,interior,-0.0,-0.0,-0.0,-0.0,-0.0,-0.0
17,17,unloading,0.9,9cb229a3f154bc6f96e2ee3f1b4e18b125126a6f97e6194c8b2902f0266d0f17,3058,70.0,36.0,interior,-0.0,-0.0,-0.0,-0.0,-0.0,-0.0
17,17,unloading,0.9,9cb229a3f154bc6f96e2ee3f1b4e18b125126a6f97e6194c8b2902f0266d0f17,3059,71.0,36.0,interior,-0.0,-0.0,-0.0,-0.0,-0.0,-0.0
17,17,unloading,0.9,9cb229a3f154bc6f96e2ee3f1b4e18b125126a6f97e6194c8b2902f0266d0f17,3060,72.0,36.0,interior,-0.0,-0.0,-0.0,-0.0,-0.0,-0.0
17,17,unloading,0.9,9cb229a3f154bc6f96e2ee3f1b4e18b125126a6f97e6194c8b2902f0266d0f17,3061,73.0,36.0,interior,-0.0,-0.0,-0.0,-0.0,-0.0,-0.0
17,17,unloading,0.9,9cb229a3f154bc6f96e2ee3f1b4e18b125126a6f97e6194c8b2902f0266d0f17,3062,74.0,36.0,interior,-0.0,-0.0,-0.0,-0.0,-0.0,-0.0
17,17,unloading,0.9,9cb229a3f154bc6f96e2ee3f1b4e18b125126a6f97e6194c8b2902f0266d0f17,3063,75.0,36.0,interior,-0.0,-0.0,-0.0,-0.0,-0.0,-0.0
17,17,unloading,0.9,9cb229a3f154bc6f96e2ee3f1b4e18b125126a6f97e6194c8b2902f0266d0f17,3064,76.0,36.0,interior,-0.0,-0.0,-0.0,-0.0,-0.0,-0.0
17,17,unloading,0.9,9cb229a3f154bc6f96e2ee3f1b4e18b125126a6f97e6194c8b2902f0266d0f17,3065,77.0,36.0,interior,-0.0,-0.0,-0.0,-0.0,-0.0,-0.0
17,17,unloading,0.9,9cb229a3f154bc6f96e2ee3f1b4e18b125126a6f97e6194c8b2902f0266d0f17,3066,78.0,36.0,interior,-0.0,-0.0,-0.0,-0.0,-0.0,-0.0
17,17,unloading,0.9,9cb229a3f154bc6f96e2ee3f1b4e18b125126a6f97e6194c8b2902f0266d0f17,3067,79.0,36.0,interior,-0.0,-0.0,-0.0,-0.0,-0.0,-0.0
17,17,unloading,0.9,9cb229a3f154bc6f96e2ee3f1b4e18b125126a6f97e6194c8b2902f0266d0f17,3068,80.0,36.0,physical_only,4.076612963586021e-07,-2.4105713620222282e-08,3.140519699787139e-07,-8.526288893403615e-07,9.360932637988839e-08,8.285231757201327e-07
17,17,unloading,0.9,9cb229a3f154bc6f96e2ee3f1b4e18b125126a6f97e6194c8b2902f0266d0f17,3133,62.0,37.0,physical_only,-5.338616648066953e-06,2.4029722118457296e-07,-4.069133973282463e-06,4.930004945961476e-08,-1.2694826747844892e-06,1.909971717249582e-07
17,17,unloading,0.9,9cb229a3f154bc6f96e2ee3f1b4e18b125126a6f97e6194c8b2902f0266d0f17,3134,63.0,37.0,interior,-0.0,-0.0,-0.0,-0.0,-0.0,-0.0
17,17,unloading,0.9,9cb229a3f154bc6f96e2ee3f1b4e18b125126a6f97e6194c8b2902f0266d0f17,3135,64.0,37.0,interior,-0.0,-0.0,-0.0,-0.0,-0.0,-0.0
17,17,unloading,0.9,9cb229a3f154bc6f96e2ee3f1b4e18b125126a6f97e6194c8b2902f0266d0f17,3136,65.0,37.0,interior,-0.0,-0.0,-0.0,-0.0,-0.0,-0.0
17,17,unloading,0.9,9cb229a3f154bc6f96e2ee3f1b4e18b125126a6f97e6194c8b2902f0266d0f17,3137,66.0,37.0,interior,-0.0,-0.0,-0.0,-0.0,-0.0,-0.0
17,17,unloading,0.9,9cb229a3f154bc6f96e2ee3f1b4e18b125126a6f97e6194c8b2902f0266d0f17,3138,67.0,37.0,interior,-0.0,-0.0,-0.0,-0.0,-0.0,-0.0
17,17,unloading,0.9,9cb229a3f154bc6f96e2ee3f1b4e18b125126a6f97e6194c8b2902f0266d0f17,3139,68.0,37.0,interior,-0.0,-0.0,-0.0,-0.0,-0.0,-0.0
17,17,unloading,0.9,9cb229a3f154bc6f96e2ee3f1b4e18b125126a6f97e6194c8b2902f0266d0f17,3140,69.0,37.0,interior,-0.0,-0.0,-0.0,-0.0,-0.0,-0.0
17,17,unloading,0.9,9cb229a3f154bc6f96e2ee3f1b4e18b125126a6f97e6194c8b2902f0266d0f17,3141,70.0,37.0,interior,-0.0,-0.0,-0.0,-0.0,-0.0,-0.0
17,17,unloading,0.9,9cb229a3f154bc6f96e2ee3f1b4e18b125126a6f97e6194c8b2902f0266d0f17,3142,71.0,37.0,interior,-0.0,-0.0,-0.0,-0.0,-0.0,-0.0
17,17,unloading,0.9,9cb229a3f154bc6f96e2ee3f1b4e18b125126a6f97e6194c8b2902f0266d0f17,3143,72.0,37.0,interior,-0.0,-0.0,-0.0,-0.0,-0.0,-0.0
17,17,unloading,0.9,9cb229a3f154bc6f96e2ee3f1b4e18b125126a6f97e6194c8b2902f0266d0f17,3144,73.0,37.0,interior,-0.0,-0.0,-0.0,-0.0,-0.0,-0.0
17,17,unloading,0.9,9cb229a3f154bc6f96e2ee3f1b4e18b125126a6f97e6194c8b2902f0266d0f17,3145,74.0,37.0,interior,-0.0,-0.0,-0.0,-0.0,-0.0,-0.0
17,17,unloading,0.9,9cb229a3f154bc6f96e2ee3f1b4e18b125126a6f97e6194c8b2902f0266d0f17,3146,75.0,37.0,interior,-0.0,-0.0,-0.0,-0.0,-0.0,-0.0
17,17,unloading,0.9,9cb229a3f154bc6f96e2ee3f1b4e18b125126a6f97e6194c8b2902f0266d0f17,3147,76.0,37.0,interior,-0.0,-0.0,-0.0,-0.0,-0.0,-0.0
17,17,unloading,0.9,9cb229a3f154bc6f96e2ee3f1b4e18b125126a6f97e6194c8b2902f0266d0f17,3148,77.0,37.0,interior,-0.0,-0.0,-0.0,-0.0,-0.0,-0.0
17,17,unloading,0.9,9cb229a3f154bc6f96e2ee3f1b4e18b125126a6f97e6194c8b2902f0266d0f17,3149,78.0,37.0,interior,-0.0,-0.0,-0.0,-0.0,-0.0,-0.0
17,17,unloading,0.9,9cb229a3f154bc6f96e2ee3f1b4e18b125126a6f97e6194c8b2902f0266d0f17,3150,79.0,37.0,interior,-0.0,-0.0,-0.0,-0.0,-0.0,-0.0
17,17,unloading,0.9,9cb229a3f154bc6f96e2ee3f1b4e18b125126a6f97e6194c8b2902f0266d0f17,3151,80.0,37.0,physical_only,4.029798203635857e-07,-1.7912923710521565e-08,3.1445670921605523e-07,-6.368691063343782e-07,8.852311114753052e-08,6.189561826238626e-07
17,17,unloading,0.9,9cb229a3f154bc6f96e2ee3f1b4e18b125126a6f97e6194c8b2902f0266d0f17,3216,62.0,38.0,physical_only,-5.456377729472038e-06,1.8924564112145637e-07,-4.137719527886233e-06,3.430893926017735e-08,-1.3186582015858038e-06,1.549367018612789e-07
17,17,unloading,0.9,9cb229a3f154bc6f96e2ee3f1b4e18b125126a6f97e6194c8b2902f0266d0f17,3217,63.0,38.0,interior,-0.0,-0.0,-0.0,-0.0,-0.0,-0.0
17,17,unloading,0.9,9cb229a3f154bc6f96e2ee3f1b4e18b125126a6f97e6194c8b2902f0266d0f17,3218,64.0,38.0,interior,-0.0,-0.0,-0.0,-0.0,-0.0,-0.0
17,17,unloading,0.9,9cb229a3f154bc6f96e2ee3f1b4e18b125126a6f97e6194c8b2902f0266d0f17,3219,65.0,38.0,interior,-0.0,-0.0,-0.0,-0.0,-0.0,-0.0
17,17,unloading,0.9,9cb229a3f154bc6f96e2ee3f1b4e18b125126a6f97e6194c8b2902f0266d0f17,3220,66.0,38.0,interior,-0.0,-0.0,-0.0,-0.0,-0.0,-0.0
17,17,unloading,0.9,9cb229a3f154bc6f96e2ee3f1b4e18b125126a6f97e6194c8b2902f0266d0f17,3221,67.0,38.0,interior,-0.0,-0.0,-0.0,-0.0,-0.0,-0.0
17,17,unloading,0.9,9cb229a3f154bc6f96e2ee3f1b4e18b125126a6f97e6194c8b2902f0266d0f17,3222,68.0,38.0,interior,-0.0,-0.0,-0.0,-0.0,-0.0,-0.0
17,17,unloading,0.9,9cb229a3f154bc6f96e2ee3f1b4e18b125126a6f97e6194c8b2902f0266d0f17,3223,69.0,38.0,interior,-0.0,-0.0,-0.0,-0.0,-0.0,-0.0
17,17,unloading,0.9,9cb229a3f154bc6f96e2ee3f1b4e18b125126a6f97e6194c8b2902f0266d0f17,3224,70.0,38.0,interior,-0.0,-0.0,-0.0,-0.0,-0.0,-0.0
17,17,unloading,0.9,9cb229a3f154bc6f96e2ee3f1b4e18b125126a6f97e6194c8b2902f0266d0f17,3225,71.0,38.0,interior,-0.0,-0.0,-0.0,-0.0,-0.0,-0.0
17,17,unloading,0.9,9cb229a3f154bc6f96e2ee3f1b4e18b125126a6f97e6194c8b2902f0266d0f17,3226,72.0,38.0,interior,-0.0,-0.0,-0.0,-0.0,-0.0,-0.0
17,17,unloading,0.9,9cb229a3f154bc6f96e2ee3f1b4e18b125126a6f97e6194c8b2902f0266d0f17,3227,73.0,38.0,interior,-0.0,-0.0,-0.0,-0.0,-0.0,-0.0
17,17,unloading,0.9,9cb229a3f154bc6f96e2ee3f1b4e18b125126a6f97e6194c8b2902f0266d0f17,3228,74.0,38.0,interior,-0.0,-0.0,-0.0,-0.0,-0.0,-0.0
17,17,unloading,0.9,9cb229a3f154bc6f96e2ee3f1b4e18b125126a6f97e6194c8b2902f0266d0f17,3229,75.0,38.0,interior,-0.0,-0.0,-0.0,-0.0,-0.0,-0.0
17,17,unloading,0.9,9cb229a3f154bc6f96e2ee3f1b4e18b125126a6f97e6194c8b2902f0266d0f17,3230,76.0,38.0,interior,-0.0,-0.0,-0.0,-0.0,-0.0,-0.0
17,17,unloading,0.9,9cb229a3f154bc6f96e2ee3f1b4e18b125126a6f97e6194c8b2902f0266d0f17,3231,77.0,38.0,interior,-0.0,-0.0,-0.0,-0.0,-0.0,-0.0
17,17,unloading,0.9,9cb229a3f154bc6f96e2ee3f1b4e18b125126a6f97e6194c8b2902f0266d0f17,3232,78.0,38.0,interior,-0.0,-0.0,-0.0,-0.0,-0.0,-0.0
17,17,unloading,0.9,9cb229a3f154bc6f96e2ee3f1b4e18b125126a6f97e6194c8b2902f0266d0f17,3233,79.0,38.0,interior,-0.0,-0.0,-0.0,-0.0,-0.0,-0.0
17,17,unloading,0.9,9cb229a3f154bc6f96e2ee3f1b4e18b125126a6f97e6194c8b2902f0266d0f17,3234,80.0,38.0,physical_only,3.9964435682423624e-07,-1.1863918148408246e-08,3.147109500596794e-07,-4.2334213452431333e-07,8.493340676455685e-08,4.1147821637590895e-07
17,17,unloading,0.9,9cb229a3f154bc6f96e2ee3f1b4e18b125126a6f97e6194c8b2902f0266d0f17,3299,62.0,39.0,physical_only,-5.527703375468525e-06,1.0062072561364005e-07,-4.1795534442650526e-06,1.7626750063050588e-08,-1.3481499312034724e-06,8.299397555058936e-08
17,17,unloading,0.9,9cb229a3f154bc6f96e2ee3f1b4e18b125126a6f97e6194c8b2902f0266d0f17,3300,63.0,39.0,interior,-0.0,-0.0,-0.0,-0.0,-0.0,-0.0
17,17,unloading,0.9,9cb229a3f154bc6f96e2ee3f1b4e18b125126a6f97e6194c8b2902f0266d0f17,3301,64.0,39.0,interior,-0.0,-0.0,-0.0,-0.0,-0.0,-0.0
17,17,unloading,0.9,9cb229a3f154bc6f96e2ee3f1b4e18b125126a6f97e6194c8b2902f0266d0f17,3302,65.0,39.0,interior,-0.0,-0.0,-0.0,-0.0,-0.0,-0.0
17,17,unloading,0.9,9cb229a3f154bc6f96e2ee3f1b4e18b125126a6f97e6194c8b2902f0266d0f17,3303,66.0,39.0,interior,-0.0,-0.0,-0.0,-0.0,-0.0,-0.0
17,17,unloading,0.9,9cb229a3f154bc6f96e2ee3f1b4e18b125126a6f97e6194c8b2902f0266d0f17,3304,67.0,39.0,interior,-0.0,-0.0,-0.0,-0.0,-0.0,-0.0
17,17,unloading,0.9,9cb229a3f154bc6f96e2ee3f1b4e18b125126a6f97e6194c8b2902f0266d0f17,3305,68.0,39.0,interior,-0.0,-0.0,-0.0,-0.0,-0.0,-0.0
17,17,unloading,0.9,9cb229a3f154bc6f96e2ee3f1b4e18b125126a6f97e6194c8b2902f0266d0f17,3306,69.0,39.0,interior,-0.0,-0.0,-0.0,-0.0,-0.0,-0.0
17,17,unloading,0.9,9cb229a3f154bc6f96e2ee3f1b4e18b125126a6f97e6194c8b2902f0266d0f17,3307,70.0,39.0,interior,-0.0,-0.0,-0.0,-0.0,-0.0,-0.0
17,17,unloading,0.9,9cb229a3f154bc6f96e2ee3f1b4e18b125126a6f97e6194c8b2902f0266d0f17,3308,71.0,39.0,interior,-0.0,-0.0,-0.0,-0.0,-0.0,-0.0
17,17,unloading,0.9,9cb229a3f154bc6f96e2ee3f1b4e18b125126a6f97e6194c8b2902f0266d0f17,3309,72.0,39.0,interior,-0.0,-0.0,-0.0,-0.0,-0.0,-0.0
17,17,unloading,0.9,9cb229a3f154bc6f96e2ee3f1b4e18b125126a6f97e6194c8b2902f0266d0f17,3310,73.0,39.0,interior,-0.0,-0.0,-0.0,-0.0,-0.0,-0.0
17,17,unloading,0.9,9cb229a3f154bc6f96e2ee3f1b4e18b125126a6f97e6194c8b2902f0266d0f17,3311,74.0,39.0,interior,-0.0,-0.0,-0.0,-0.0,-0.0,-0.0
17,17,unloading,0.9,9cb229a3f154bc6f96e2ee3f1b4e18b125126a6f97e6194c8b2902f0266d0f17,3312,75.0,39.0,interior,-0.0,-0.0,-0.0,-0.0,-0.0,-0.0
17,17,unloading,0.9,9cb229a3f154bc6f96e2ee3f1b4e18b125126a6f97e6194c8b2902f0266d0f17,3313,76.0,39.0,interior,-0.0,-0.0,-0.0,-0.0,-0.0,-0.0
17,17,unloading,0.9,9cb229a3f154bc6f96e2ee3f1b4e18b125126a6f97e6194c8b2902f0266d0f17,3314,77.0,39.0,interior,-0.0,-0.0,-0.0,-0.0,-0.0,-0.0
17,17,unloading,0.9,9cb229a3f154bc6f96e2ee3f1b4e18b125126a6f97e6194c8b2902f0266d0f17,3315,78.0,39.0,interior,-0.0,-0.0,-0.0,-0.0,-0.0,-0.0
17,17,unloading,0.9,9cb229a3f154bc6f96e2ee3f1b4e18b125126a6f97e6194c8b2902f0266d0f17,3316,79.0,39.0,interior,-0.0,-0.0,-0.0,-0.0,-0.0,-0.0
17,17,unloading,0.9,9cb229a3f154bc6f96e2ee3f1b4e18b125126a6f97e6194c8b2902f0266d0f17,3317,80.0,39.0,physical_only,3.9764651270034375e-07,-5.908781737367383e-09,3.148496541297595e-07,-2.1130029788487199e-07,8.279685857058422e-08,2.053915161475073e-07
17,17,unloading,0.9,9cb229a3f154bc6f96e2ee3f1b4e18b125126a6f97e6194c8b2902f0266d0f17,3382,62.0,40.0,physical_and_cut,-2.7753615470106477e-06,-1.888997999974868e-06,-2.09680891421725e-06,-9.543908540916138e-07,-6.785526327933975e-07,-9.346071458832543e-07
17,17,unloading,0.9,9cb229a3f154bc6f96e2ee3f1b4e18b125126a6f97e6194c8b2902f0266d0f17,3383,63.0,40.0,cut_only,-0.0,-0.0,-0.0,-0.0,-0.0,-0.0
17,17,unloading,0.9,9cb229a3f154bc6f96e2ee3f1b4e18b125126a6f97e6194c8b2902f0266d0f17,3384,64.0,40.0,cut_only,-0.0,-0.0,-0.0,-0.0,-0.0,-0.0
17,17,unloading,0.9,9cb229a3f154bc6f96e2ee3f1b4e18b125126a6f97e6194c8b2902f0266d0f17,3385,65.0,40.0,cut_only,-0.0,-0.0,-0.0,-0.0,-0.0,-0.0
17,17,unloading,0.9,9cb229a3f154bc6f96e2ee3f1b4e18b125126a6f97e6194c8b2902f0266d0f17,3386,66.0,40.0,cut_only,-0.0,-0.0,-0.0,-0.0,-0.0,-0.0
17,17,unloading,0.9,9cb229a3f154bc6f96e2ee3f1b4e18b125126a6f97e6194c8b2902f0266d0f17,3387,67.0,40.0,cut_only,-0.0,-0.0,-0.0,-0.0,-0.0,-0.0
17,17,unloading,0.9,9cb229a3f154bc6f96e2ee3f1b4e18b125126a6f97e6194c8b2902f0266d0f17,3388,68.0,40.0,cut_only,-0.0,-0.0,-0.0,-0.0,-0.0,-0.0
17,17,unloading,0.9,9cb229a3f154bc6f96e2ee3f1b4e18b125126a6f97e6194c8b2902f0266d0f17,3389,69.0,40.0,cut_only,-0.0,-0.0,-0.0,-0.0,-0.0,-0.0
17,17,unloading,0.9,9cb229a3f154bc6f96e2ee3f1b4e18b125126a6f97e6194c8b2902f0266d0f17,3390,70.0,40.0,cut_only,-0.0,-0.0,-0.0,-0.0,-0.0,-0.0
17,17,unloading,0.9,9cb229a3f154bc6f96e2ee3f1b4e18b125126a6f97e6194c8b2902f0266d0f17,3391,71.0,40.0,cut_only,-0.0,-0.0,-0.0,-0.0,-0.0,-0.0
17,17,unloading,0.9,9cb229a3f154bc6f96e2ee3f1b4e18b125126a6f97e6194c8b2902f0266d0f17,3392,72.0,40.0,cut_only,-0.0,-0.0,-0.0,-0.0,-0.0,-0.0
17,17,unloading,0.9,9cb229a3f154bc6f96e2ee3f1b4e18b125126a6f97e6194c8b2902f0266d0f17,3393,73.0,40.0,cut_only,-0.0,-0.0,-0.0,-0.0,-0.0,-0.0
17,17,unloading,0.9,9cb229a3f154bc6f96e2ee3f1b4e18b125126a6f97e6194c8b2902f0266d0f17,3394,74.0,40.0,cut_only,-0.0,-0.0,-0.0,-0.0,-0.0,-0.0
17,17,unloading,0.9,9cb229a3f154bc6f96e2ee3f1b4e18b125126a6f97e6194c8b2902f0266d0f17,3395,75.0,40.0,cut_only,-0.0,-0.0,-0.0,-0.0,-0.0,-0.0
17,17,unloading,0.9,9cb229a3f154bc6f96e2ee3f1b4e18b125126a6f97e6194c8b2902f0266d0f17,3396,76.0,40.0,cut_only,-0.0,-0.0,-0.0,-0.0,-0.0,-0.0
17,17,unloading,0.9,9cb229a3f154bc6f96e2ee3f1b4e18b125126a6f97e6194c8b2902f0266d0f17,3397,77.0,40.0,cut_only,-0.0,-0.0,-0.0,-0.0,-0.0,-0.0
17,17,unloading,0.9,9cb229a3f154bc6f96e2ee3f1b4e18b125126a6f97e6194c8b2902f0266d0f17,3398,78.0,40.0,cut_only,-0.0,-0.0,-0.0,-0.0,-0.0,-0.0
17,17,unloading,0.9,9cb229a3f154bc6f96e2ee3f1b4e18b125126a6f97e6194c8b2902f0266d0f17,3399,79.0,40.0,cut_only,-0.0,-0.0,-0.0,-0.0,-0.0,-0.0
17,17,unloading,0.9,9cb229a3f154bc6f96e2ee3f1b4e18b125126a6f97e6194c8b2902f0266d0f17,3400,80.0,40.0,physical_and_cut,1.984905711310897e-07,5.875535207230154e-05,1.5744679618187483e-07,-1.6857478447356391e-07,4.104377494921488e-08,5.8923926856775105e-05
18,18,unloading,0.8,a801301b510562e9689081fa7f4396eeaabafbf2386b72118512b6944b9e40db,2635,62.0,31.0,physical_only,-0.00040778301858493074,-4.653551084618673e-05,-5.396669316973288e-06,5.851773728685265e-06,-0.0004023863492679574,-5.238728457487199e-05
18,18,unloading,0.8,a801301b510562e9689081fa7f4396eeaabafbf2386b72118512b6944b9e40db,2636,63.0,31.0,physical_only,-1.3758170241697966e-06,-4.438560135751492e-05,-2.941363169483088e-06,6.658184805102036e-06,1.5655461453132909e-06,-5.104378616261696e-05
18,18,unloading,0.8,a801301b510562e9689081fa7f4396eeaabafbf2386b72118512b6944b9e40db,2637,64.0,31.0,physical_only,6.182151016678108e-07,-5.8628184758111285e-05,-3.0015050073644283e-06,8.491052167046191e-06,3.619720109032239e-06,-6.711923692515748e-05
18,18,unloading,0.8,a801301b510562e9689081fa7f4396eeaabafbf2386b72118512b6944b9e40db,2638,65.0,31.0,physical_only,1.1419777475907107e-06,-7.833950113645479e-05,-3.0762395294223107e-06,1.0569348520585874e-05,4.218217277013023e-06,-8.89088496570407e-05
18,18,unloading,0.8,a801301b510562e9689081fa7f4396eeaabafbf2386b72118512b6944b9e40db,2639,66.0,31.0,physical_only,1.957350722141645e-07,-0.00010129153901176896,-3.165554989770503e-06,1.29660027321362e-05,3.3612900619846654e-06,-0.00011425754174390515
18,18,unloading,0.8,a801301b510562e9689081fa7f4396eeaabafbf2386b72118512b6944b9e40db,2640,67.0,31.0,physical_only,-1.2494219418773569e-06,-0.0001270497305132177,-3.266936723908887e-06,1.5762865904553215e-05,2.0175147820315276e-06,-0.00014281259641777094
18,18,unloading,0.8,a801301b510562e9689081fa7f4396eeaabafbf2386b72118512b6944b9e40db,2641,68.0,31.0,physical_only,-1.3025082268026211e-06,-0.0001578429616483592,-3.3803122178042157e-06,1.9057877633477052e-05,2.0778039910015962e-06,-0.0001769008392818362
18,18,unloading,0.8,a801301b510562e9689081fa7f4396eeaabafbf2386b72118512b6944b9e40db,2642,69.0,31.0,physical_only,-1.6461885137459385e-06,-0.00019576302838263994,-3.5080745769860467e-06,2.297919405638051e-05,1.861886063240105e-06,-0.0002187422224390203
18,18,unloading,0.8,a801301b510562e9689081fa7f4396eeaabafbf2386b72118512b6944b9e40db,2643,70.0,31.0,physical_only,-2.1673228183729935e-06,-0.00024101319064657708,-3.6548258255924285e-06,2.7702722979473354e-05,1.4875030072194317e-06,-0.00026871591362605035
18,18,unloading,0.8,a801301b510562e9689081fa7f4396eeaabafbf2386b72118512b6944b9e40db,2644,71.0,31.0,physical_only,-2.87093582964255e-06,-0.00029452191874542485,-3.826455521988879e-06,3.347454443350155e-05,9.5551969234633e-07,-0.0003279964631789265
18,18,unloading,0.8,a801301b510562e9689081fa7f4396eeaabafbf2386b72118512b6944b9e40db,2645,72.0,31.0,physical_only,-3.6688676545657718e-06,-0.00035723127786851504,-4.031525114152247e-06,4.0648437064482616e-05,3.6265745958647533e-07,-0.00039787971493299764
18,18,unloading,0.8,a801301b510562e9689081fa7f4396eeaabafbf2386b72118512b6944b9e40db,2646,73.0,31.0,physical_only,-4.739527296488797e-06,-0.00042871365931844863,-4.28215411885309e-06,4.9748454641663955e-05,-4.573731776357072e-07,-0.0004784621139601124
18,18,unloading,0.8,a801301b510562e9689081fa7f4396eeaabafbf2386b72118512b6944b9e40db,2647,74.0,31.0,physical_only,-1.097583424367262e-06,-0.0005119696042942411,-4.598455635615333e-06,6.158544376319045e-05,3.500872211248068e-06,-0.0005735550480574312
18,18,unloading,0.8,a801301b510562e9689081fa7f4396eeaabafbf2386b72118512b6944b9e40db,2648,75.0,31.0,physical_only,6.847381261341563e-06,-0.0006185956641946619,-5.017211503158413e-06,7.750038428653995e-05,1.1864592764499974e-05,-0.0006960960484812019
18,18,unloading,0.8,a801301b510562e9689081fa7f4396eeaabafbf2386b72118512b6944b9e40db,2649,76.0,31.0,physical_only,1.5820488522945913e-05,-0.0007633696472065972,-5.608151073947497e-06,9.991011214714085e-05,2.142863959689341e-05,-0.0008632797593537381
18,18,unloading,0.8,a801301b510562e9689081fa7f4396eeaabafbf2386b72118512b6944b9e40db,2650,77.0,31.0,physical_only,1.2262864780688796e-05,-0.0009326428126580728,-6.494284567627855e-06,0.00013355488795044118,1.8757149348316656e-05,-0.0010661977006085135
18,18,unloading,0.8,a801301b510562e9689081fa7f4396eeaabafbf2386b72118512b6944b9e40db,2651,78.0,31.0,physical_only,4.321967551652514e-06,-0.0011068567929734593,-7.927813546525007e-06,0.00018882241877417257,1.2249781098177509e-05,-0.0012956792117476308
18,18,unloading,0.8,a801301b510562e9689081fa7f4396eeaabafbf2386b72118512b6944b9e40db,2652,79.0,31.0,physical_only,-1.250043128821237e-05,-0.0010313726108596337,-1.0401641764311497e-05,0.0002917047509264723,-2.0987895239008665e-06,-0.001323077361786106
18,18,unloading,0.8,a801301b510562e9689081fa7f4396eeaabafbf2386b72118512b6944b9e40db,2653,80.0,31.0,physical_only,-2.4571634949509036e-05,0.008937179290443633,1.9283990924231567e-05,0.00027328003676053937,-4.38556258737406e-05,0.008663899253683095
18,18,unloading,0.8,a801301b510562e9689081fa7f4396eeaabafbf2386b72118512b6944b9e40db,2718,62.0,32.0,physical_only,-6.707205187920146e-06,-1.1449775822317332e-06,-3.183388731196519e-06,1.377128538817286e-07,-3.5238164567236266e-06,-1.2826904361134618e-06
18,18,unloading,0.8,a801301b510562e9689081fa7f4396eeaabafbf2386b72118512b6944b9e40db,2719,63.0,32.0,interior,-0.0,-0.0,-0.0,-0.0,-0.0,-0.0
18,18,unloading,0.8,a801301b510562e9689081fa7f4396eeaabafbf2386b72118512b6944b9e40db,2720,64.0,32.0,interior,-0.0,-0.0,-0.0,-0.0,-0.0,-0.0
18,18,unloading,0.8,a801301b510562e9689081fa7f4396eeaabafbf2386b72118512b6944b9e40db,2721,65.0,32.0,interior,-0.0,-0.0,-0.0,-0.0,-0.0,-0.0
18,18,unloading,0.8,a801301b510562e9689081fa7f4396eeaabafbf2386b72118512b6944b9e40db,2722,66.0,32.0,interior,-0.0,-0.0,-0.0,-0.0,-0.0,-0.0
18,18,unloading,0.8,a801301b510562e9689081fa7f4396eeaabafbf2386b72118512b6944b9e40db,2723,67.0,32.0,interior,-0.0,-0.0,-0.0,-0.0,-0.0,-0.0
18,18,unloading,0.8,a801301b510562e9689081fa7f4396eeaabafbf2386b72118512b6944b9e40db,2724,68.0,32.0,interior,-0.0,-0.0,-0.0,-0.0,-0.0,-0.0
18,18,unloading,0.8,a801301b510562e9689081fa7f4396eeaabafbf2386b72118512b6944b9e40db,2725,69.0,32.0,interior,-0.0,-0.0,-0.0,-0.0,-0.0,-0.0
18,18,unloading,0.8,a801301b510562e9689081fa7f4396eeaabafbf2386b72118512b6944b9e40db,2726,70.0,32.0,interior,-0.0,-0.0,-0.0,-0.0,-0.0,-0.0
18,18,unloading,0.8,a801301b510562e9689081fa7f4396eeaabafbf2386b72118512b6944b9e40db,2727,71.0,32.0,interior,-0.0,-0.0,-0.0,-0.0,-0.0,-0.0
18,18,unloading,0.8,a801301b510562e9689081fa7f4396eeaabafbf2386b72118512b6944b9e40db,2728,72.0,32.0,interior,-0.0,-0.0,-0.0,-0.0,-0.0,-0.0
18,18,unloading,0.8,a801301b510562e9689081fa7f4396eeaabafbf2386b72118512b6944b9e40db,2729,73.0,32.0,interior,-0.0,-0.0,-0.0,-0.0,-0.0,-0.0
18,18,unloading,0.8,a801301b510562e9689081fa7f4396eeaabafbf2386b72118512b6944b9e40db,2730,74.0,32.0,interior,-0.0,-0.0,-0.0,-0.0,-0.0,-0.0
18,18,unloading,0.8,a801301b510562e9689081fa7f4396eeaabafbf2386b72118512b6944b9e40db,2731,75.0,32.0,interior,-0.0,-0.0,-0.0,-0.0,-0.0,-0.0
18,18,unloading,0.8,a801301b510562e9689081fa7f4396eeaabafbf2386b72118512b6944b9e40db,2732,76.0,32.0,interior,-0.0,-0.0,-0.0,-0.0,-0.0,-0.0
18,18,unloading,0.8,a801301b510562e9689081fa7f4396eeaabafbf2386b72118512b6944b9e40db,2733,77.0,32.0,interior,-0.0,-0.0,-0.0,-0.0,-0.0,-0.0
18,18,unloading,0.8,a801301b510562e9689081fa7f4396eeaabafbf2386b72118512b6944b9e40db,2734,78.0,32.0,interior,-0.0,-0.0,-0.0,-0.0,-0.0,-0.0
18,18,unloading,0.8,a801301b510562e9689081fa7f4396eeaabafbf2386b72118512b6944b9e40db,2735,79.0,32.0,interior,-0.0,-0.0,-0.0,-0.0,-0.0,-0.0
18,18,unloading,0.8,a801301b510562e9689081fa7f4396eeaabafbf2386b72118512b6944b9e40db,2736,80.0,32.0,physical_only,2.702187093492232e-07,-9.302077083349266e-08,8.79309055230791e-07,-1.1265717908178057e-06,-6.090903458815672e-07,1.033551019984315e-06
18,18,unloading,0.8,a801301b510562e9689081fa7f4396eeaabafbf2386b72118512b6944b9e40db,2801,62.0,33.0,physical_only,-5.459759525993538e-06,-7.415147398830352e-07,-3.374814703735593e-06,1.0741232609063798e-07,-2.0849448222579447e-06,-8.489270659736733e-07
18,18,unloading,0.8,a801301b510562e9689081fa7f4396eeaabafbf2386b72118512b6944b9e40db,2802,63.0,33.0,interior,-0.0,-0.0,-0.0,-0.0,-0.0,-0.0
18,18,unloading,0.8,a801301b510562e9689081fa7f4396eeaabafbf2386b72118512b6944b9e40db,2803,64.0,33.0,interior,-0.0,-0.0,-0.0,-0.0,-0.0,-0.0
18,18,unloading,0.8,a801301b510562e9689081fa7f4396eeaabafbf2386b72118512b6944b9e40db,2804,65.0,33.0,interior,-0.0,-0.0,-0.0,-0.0,-0.0,-0.0
18,18,unloading,0.8,a801301b510562e9689081fa7f4396eeaabafbf2386b72118512b6944b9e40db,2805,66.0,33.0,interior,-0.0,-0.0,-0.0,-0.0,-0.0,-0.0
18,18,unloading,0.8,a801301b510562e9689081fa7f4396eeaabafbf2386b72118512b6944b9e40db,2806,67.0,33.0,interior,-0.0,-0.0,-0.0,-0.0,-0.0,-0.0
18,18,unloading,0.8,a801301b510562e9689081fa7f4396eeaabafbf2386b72118512b6944b9e40db,2807,68.0,33.0,interior,-0.0,-0.0,-0.0,-0.0,-0.0,-0.0
18,18,unloading,0.8,a801301b510562e9689081fa7f4396eeaabafbf2386b72118512b6944b9e40db,2808,69.0,33.0,interior,-0.0,-0.0,-0.0,-0.0,-0.0,-0.0
18,18,unloading,0.8,a801301b510562e9689081fa7f4396eeaabafbf2386b72118512b6944b9e40db,2809,70.0,33.0,interior,-0.0,-0.0,-0.0,-0.0,-0.0,-0.0
18,18,unloading,0.8,a801301b510562e9689081fa7f4396eeaabafbf2386b72118512b6944b9e40db,2810,71.0,33.0,interior,-0.0,-0.0,-0.0,-0.0,-0.0,-0.0
18,18,unloading,0.8,a801301b510562e9689081fa7f4396eeaabafbf2386b72118512b6944b9e40db,2811,72.0,33.0,interior,-0.0,-0.0,-0.0,-0.0,-0.0,-0.0
18,18,unloading,0.8,a801301b510562e9689081fa7f4396eeaabafbf2386b72118512b6944b9e40db,2812,73.0,33.0,interior,-0.0,-0.0,-0.0,-0.0,-0.0,-0.0
18,18,unloading,0.8,a801301b510562e9689081fa7f4396eeaabafbf2386b72118512b6944b9e40db,2813,74.0,33.0,interior,-0.0,-0.0,-0.0,-0.0,-0.0,-0.0
18,18,unloading,0.8,a801301b510562e9689081fa7f4396eeaabafbf2386b72118512b6944b9e40db,2814,75.0,33.0,interior,-0.0,-0.0,-0.0,-0.0,-0.0,-0.0
18,18,unloading,0.8,a801301b510562e9689081fa7f4396eeaabafbf2386b72118512b6944b9e40db,2815,76.0,33.0,interior,-0.0,-0.0,-0.0,-0.0,-0.0,-0.0
18,18,unloading,0.8,a801301b510562e9689081fa7f4396eeaabafbf2386b72118512b6944b9e40db,2816,77.0,33.0,interior,-0.0,-0.0,-0.0,-0.0,-0.0,-0.0
18,18,unloading,0.8,a801301b510562e9689081fa7f4396eeaabafbf2386b72118512b6944b9e40db,2817,78.0,33.0,interior,-0.0,-0.0,-0.0,-0.0,-0.0,-0.0
18,18,unloading,0.8,a801301b510562e9689081fa7f4396eeaabafbf2386b72118512b6944b9e40db,2818,79.0,33.0,interior,-0.0,-0.0,-0.0,-0.0,-0.0,-0.0
18,18,unloading,0.8,a801301b510562e9689081fa7f4396eeaabafbf2386b72118512b6944b9e40db,2819,80.0,33.0,physical_only,2.645380611956257e-07,-7.798441446521965e-08,8.27466340983564e-07,-9.73008865679578e-07,-5.629282797879383e-07,8.950244512143525e-07
18,18,unloading,0.8,a801301b510562e9689081fa7f4396eeaabafbf2386b72118512b6944b9e40db,2884,62.0,34.0,physical_only,-4.899755726349258e-06,-3.0701033808115846e-07,-3.527170582792857e-06,8.795513908243128e-08,-1.3725851435564e-06,-3.9496547716358975e-07
18,18,unloading,0.8,a801301b510562e9689081fa7f4396eeaabafbf2386b72118512b6944b9e40db,2885,63.0,34.0,interior,-0.0,-0.0,-0.0,-0.0,-0.0,-0.0
18,18,unloading,0.8,a801301b510562e9689081fa7f4396eeaabafbf2386b72118512b6944b9e40db,2886,64.0,34.0,interior,-0.0,-0.0,-0.0,-0.0,-0.0,-0.0
18,18,unloading,0.8,a801301b510562e9689081fa7f4396eeaabafbf2386b72118512b6944b9e40db,2887,65.0,34.0,interior,-0.0,-0.0,-0.0,-0.0,-0.0,-0.0
18,18,unloading,0.8,a801301b510562e9689081fa7f4396eeaabafbf2386b72118512b6944b9e40db,2888,66.0,34.0,interior,-0.0,-0.0,-0.0,-0.0,-0.0,-0.0
18,18,unloading,0.8,a801301b510562e9689081fa7f4396eeaabafbf2386b72118512b6944b9e40db,2889,67.0,34.0,interior,-0.0,-0.0,-0.0,-0.0,-0.0,-0.0
18,18,unloading,0.8,a801301b510562e9689081fa7f4396eeaabafbf2386b72118512b6944b9e40db,2890,68.0,34.0,interior,-0.0,-0.0,-0.0,-0.0,-0.0,-0.0
18,18,unloading,0.8,a801301b510562e9689081fa7f4396eeaabafbf2386b72118512b6944b9e40db,2891,69.0,34.0,interior,-0.0,-0.0,-0.0,-0.0,-0.0,-0.0
18,18,unloading,0.8,a801301b510562e9689081fa7f4396eeaabafbf2386b72118512b6944b9e40db,2892,70.0,34.0,interior,-0.0,-0.0,-0.0,-0.0,-0.0,-0.0
18,18,unloading,0.8,a801301b510562e9689081fa7f4396eeaabafbf2386b72118512b6944b9e40db,2893,71.0,34.0,interior,-0.0,-0.0,-0.0,-0.0,-0.0,-0.0
18,18,unloading,0.8,a801301b510562e9689081fa7f4396eeaabafbf2386b72118512b6944b9e40db,2894,72.0,34.0,interior,-0.0,-0.0,-0.0,-0.0,-0.0,-0.0
18,18,unloading,0.8,a801301b510562e9689081fa7f4396eeaabafbf2386b72118512b6944b9e40db,2895,73.0,34.0,interior,-0.0,-0.0,-0.0,-0.0,-0.0,-0.0
18,18,unloading,0.8,a801301b510562e9689081fa7f4396eeaabafbf2386b72118512b6944b9e40db,2896,74.0,34.0,interior,-0.0,-0.0,-0.0,-0.0,-0.0,-0.0
18,18,unloading,0.8,a801301b510562e9689081fa7f4396eeaabafbf2386b72118512b6944b9e40db,2897,75.0,34.0,interior,-0.0,-0.0,-0.0,-0.0,-0.0,-0.0
18,18,unloading,0.8,a801301b510562e9689081fa7f4396eeaabafbf2386b72118512b6944b9e40db,2898,76.0,34.0,interior,-0.0,-0.0,-0.0,-0.0,-0.0,-0.0
18,18,unloading,0.8,a801301b510562e9689081fa7f4396eeaabafbf2386b72118512b6944b9e40db,2899,77.0,34.0,interior,-0.0,-0.0,-0.0,-0.0,-0.0,-0.0
18,18,unloading,0.8,a801301b510562e9689081fa7f4396eeaabafbf2386b72118512b6944b9e40db,2900,78.0,34.0,interior,-0.0,-0.0,-0.0,-0.0,-0.0,-0.0
18,18,unloading,0.8,a801301b510562e9689081fa7f4396eeaabafbf2386b72118512b6944b9e40db,2901,79.0,34.0,interior,-0.0,-0.0,-0.0,-0.0,-0.0,-0.0
18,18,unloading,0.8,a801301b510562e9689081fa7f4396eeaabafbf2386b72118512b6944b9e40db,2902,80.0,34.0,physical_only,2.595643407871374e-07,-6.445311389934532e-08,7.84009443442192e-07,-8.247466459945463e-07,-5.244451026550546e-07,7.602935320952023e-07
18,18,unloading,0.8,a801301b510562e9689081fa7f4396eeaabafbf2386b72118512b6944b9e40db,2967,62.0,35.0,physical_only,-4.759963251201113e-06,2.1748915983991003e-08,-3.6522616107858764e-06,7.406359791421795e-08,-1.1077016404152355e-06,-5.231468193022705e-08
18,18,unloading,0.8,a801301b510562e9689081fa7f4396eeaabafbf2386b72118512b6944b9e40db,2968,63.0,35.0,interior,-0.0,-0.0,-0.0,-0.0,-0.0,-0.0
18,18,unloading,0.8,a801301b510562e9689081fa7f4396eeaabafbf2386b72118512b6944b9e40db,2969,64.0,35.0,interior,-0.0,-0.0,-0.0,-0.0,-0.0,-0.0
18,18,unloading,0.8,a801301b510562e9689081fa7f4396eeaabafbf2386b72118512b6944b9e40db,2970,65.0,35.0,interior,-0.0,-0.0,-0.0,-0.0,-0.0,-0.0
18,18,unloading,0.8,a801301b510562e9689081fa7f4396eeaabafbf2386b72118512b6944b9e40db,2971,66.0,35.0,interior,-0.0,-0.0,-0.0,-0.0,-0.0,-0.0
18,18,unloading,0.8,a801301b510562e9689081fa7f4396eeaabafbf2386b72118512b6944b9e40db,2972,67.0,35.0,interior,-0.0,-0.0,-0.0,-0.0,-0.0,-0.0
18,18,unloading,0.8,a801301b510562e9689081fa7f4396eeaabafbf2386b72118512b6944b9e40db,2973,68.0,35.0,interior,-0.0,-0.0,-0.0,-0.0,-0.0,-0.0
18,18,unloading,0.8,a801301b510562e9689081fa7f4396eeaabafbf2386b72118512b6944b9e40db,2974,69.0,35.0,interior,-0.0,-0.0,-0.0,-0.0,-0.0,-0.0
18,18,unloading,0.8,a801301b510562e9689081fa7f4396eeaabafbf2386b72118512b6944b9e40db,2975,70.0,35.0,interior,-0.0,-0.0,-0.0,-0.0,-0.0,-0.0
18,18,unloading,0.8,a801301b510562e9689081fa7f4396eeaabafbf2386b72118512b6944b9e40db,2976,71.0,35.0,interior,-0.0,-0.0,-0.0,-0.0,-0.0,-0.0
18,18,unloading,0.8,a801301b510562e9689081fa7f4396eeaabafbf2386b72118512b6944b9e40db,2977,72.0,35.0,interior,-0.0,-0.0,-0.0,-0.0,-0.0,-0.0
18,18,unloading,0.8,a801301b510562e9689081fa7f4396eeaabafbf2386b72118512b6944b9e40db,2978,73.0,35.0,interior,-0.0,-0.0,-0.0,-0.0,-0.0,-0.0
18,18,unloading,0.8,a801301b510562e9689081fa7f4396eeaabafbf2386b72118512b6944b9e40db,2979,74.0,35.0,interior,-0.0,-0.0,-0.0,-0.0,-0.0,-0.0
18,18,unloading,0.8,a801301b510562e9689081fa7f4396eeaabafbf2386b72118512b6944b9e40db,2980,75.0,35.0,interior,-0.0,-0.0,-0.0,-0.0,-0.0,-0.0
18,18,unloading,0.8,a801301b510562e9689081fa7f4396eeaabafbf2386b72118512b6944b9e40db,2981,76.0,35.0,interior,-0.0,-0.0,-0.0,-0.0,-0.0,-0.0
18,18,unloading,0.8,a801301b510562e9689081fa7f4396eeaabafbf2386b72118512b6944b9e40db,2982,77.0,35.0,interior,-0.0,-0.0,-0.0,-0.0,-0.0,-0.0
18,18,unloading,0.8,a801301b510562e9689081fa7f4396eeaabafbf2386b72118512b6944b9e40db,2983,78.0,35.0,interior,-0.0,-0.0,-0.0,-0.0,-0.0,-0.0
18,18,unloading,0.8,a801301b510562e9689081fa7f4396eeaabafbf2386b72118512b6944b9e40db,2984,79.0,35.0,interior,-0.0,-0.0,-0.0,-0.0,-0.0,-0.0
18,18,unloading,0.8,a801301b510562e9689081fa7f4396eeaabafbf2386b72118512b6944b9e40db,2985,80.0,35.0,physical_only,2.5532612022891193e-07,-5.210409994689606e-08,7.48269749877587e-07,-6.808770154472365e-07,-4.929436296486749e-07,6.287729155003414e-07
18,18,unloading,0.8,a801301b510562e9689081fa7f4396eeaabafbf2386b72118512b6944b9e40db,3050,62.0,36.0,physical_only,-4.8376013235828475e-06,1.863636271684269e-07,-3.7552407678931643e-06,6.17223844792637e-08,-1.0823605556896832e-06,1.246412426891632e-07
18,18,unloading,0.8,a801301b510562e9689081fa7f4396eeaabafbf2386b72118512b6944b9e40db,3051,63.0,36.0,interior,-0.0,-0.0,-0.0,-0.0,-0.0,-0.0
18,18,unloading,0.8,a801301b510562e9689081fa7f4396eeaabafbf2386b72118512b6944b9e40db,3052,64.0,36.0,interior,-0.0,-0.0,-0.0,-0.0,-0.0,-0.0
18,18,unloading,0.8,a801301b510562e9689081fa7f4396eeaabafbf2386b72118512b6944b9e40db,3053,65.0,36.0,interior,-0.0,-0.0,-0.0,-0.0,-0.0,-0.0
18,18,unloading,0.8,a801301b510562e9689081fa7f4396eeaabafbf2386b72118512b6944b9e40db,3054,66.0,36.0,interior,-0.0,-0.0,-0.0,-0.0,-0.0,-0.0
18,18,unloading,0.8,a801301b510562e9689081fa7f4396eeaabafbf2386b72118512b6944b9e40db,3055,67.0,36.0,interior,-0.0,-0.0,-0.0,-0.0,-0.0,-0.0
18,18,unloading,0.8,a801301b510562e9689081fa7f4396eeaabafbf2386b72118512b6944b9e40db,3056,68.0,36.0,interior,-0.0,-0.0,-0.0,-0.0,-0.0,-0.0
18,18,unloading,0.8,a801301b510562e9689081fa7f4396eeaabafbf2386b72118512b6944b9e40db,3057,69.0,36.0,interior,-0.0,-0.0,-0.0,-0.0,-0.0,-0.0
18,18,unloading,0.8,a801301b510562e9689081fa7f4396eeaabafbf2386b72118512b6944b9e40db,3058,70.0,36.0,interior,-0.0,-0.0,-0.0,-0.0,-0.0,-0.0
18,18,unloading,0.8,a801301b510562e9689081fa7f4396eeaabafbf2386b72118512b6944b9e40db,3059,71.0,36.0,interior,-0.0,-0.0,-0.0,-0.0,-0.0,-0.0
18,18,unloading,0.8,a801301b510562e9689081fa7f4396eeaabafbf2386b72118512b6944b9e40db,3060,72.0,36.0,interior,-0.0,-0.0,-0.0,-0.0,-0.0,-0.0
18,18,unloading,0.8,a801301b510562e9689081fa7f4396eeaabafbf2386b72118512b6944b9e40db,3061,73.0,36.0,interior,-0.0,-0.0,-0.0,-0.0,-0.0,-0.0
18,18,unloading,0.8,a801301b510562e9689081fa7f4396eeaabafbf2386b72118512b6944b9e40db,3062,74.0,36.0,interior,-0.0,-0.0,-0.0,-0.0,-0.0,-0.0
18,18,unloading,0.8,a801301b510562e9689081fa7f4396eeaabafbf2386b72118512b6944b9e40db,3063,75.0,36.0,interior,-0.0,-0.0,-0.0,-0.0,-0.0,-0.0
18,18,unloading,0.8,a801301b510562e9689081fa7f4396eeaabafbf2386b72118512b6944b9e40db,3064,76.0,36.0,interior,-0.0,-0.0,-0.0,-0.0,-0.0,-0.0
18,18,unloading,0.8,a801301b510562e9689081fa7f4396eeaabafbf2386b72118512b6944b9e40db,3065,77.0,36.0,interior,-0.0,-0.0,-0.0,-0.0,-0.0,-0.0
18,18,unloading,0.8,a801301b510562e9689081fa7f4396eeaabafbf2386b72118512b6944b9e40db,3066,78.0,36.0,interior,-0.0,-0.0,-0.0,-0.0,-0.0,-0.0
18,18,unloading,0.8,a801301b510562e9689081fa7f4396eeaabafbf2386b72118512b6944b9e40db,3067,79.0,36.0,interior,-0.0,-0.0,-0.0,-0.0,-0.0,-0.0
18,18,unloading,0.8,a801301b510562e9689081fa7f4396eeaabafbf2386b72118512b6944b9e40db,3068,80.0,36.0,physical_only,2.518418181084949e-07,-4.0671802146165995e-08,7.197110946844572e-07,-5.405670790770007e-07,-4.6786927657596265e-07,4.998952769308336e-07
18,18,unloading,0.8,a801301b510562e9689081fa7f4396eeaabafbf2386b72118512b6944b9e40db,3133,62.0,37.0,physical_only,-4.974334776305407e-06,2.221477658353332e-07,-3.837135672721715e-06,4.8527645138608636e-08,-1.137199103583691e-06,1.7362012069672446e-07
18,18,unloading,0.8,a801301b510562e9689081fa7f4396eeaabafbf2386b72118512b6944b9e40db,3134,63.0,37.0,interior,-0.0,-0.0,-0.0,-0.0,-0.0,-0.0
18,18,unloading,0.8,a801301b510562e9689081fa7f4396eeaabafbf2386b72118512b6944b9e40db,3135,64.0,37.0,interior,-0.0,-0.0,-0.0,-0.0,-0.0,-0.0
18,18,unloading,0.8,a801301b510562e9689081fa7f4396eeaabafbf2386b72118512b6944b9e40db,3136,65.0,37.0,interior,-0.0,-0.0,-0.0,-0.0,-0.0,-0.0
18,18,unloading,0.8,a801301b510562e9689081fa7f4396eeaabafbf2386b72118512b6944b9e40db,3137,66.0,37.0,interior,-0.0,-0.0,-0.0,-0.0,-0.0,-0.0
18,18,unloading,0.8,a801301b510562e9689081fa7f4396eeaabafbf2386b72118512b6944b9e40db,3138,67.0,37.0,interior,-0.0,-0.0,-0.0,-0.0,-0.0,-0.0
18,18,unloading,0.8,a801301b510562e9689081fa7f4396eeaabafbf2386b72118512b6944b9e40db,3139,68.0,37.0,interior,-0.0,-0.0,-0.0,-0.0,-0.0,-0.0
18,18,unloading,0.8,a801301b510562e9689081fa7f4396eeaabafbf2386b72118512b6944b9e40db,3140,69.0,37.0,interior,-0.0,-0.0,-0.0,-0.0,-0.0,-0.0
18,18,unloading,0.8,a801301b510562e9689081fa7f4396eeaabafbf2386b72118512b6944b9e40db,3141,70.0,37.0,interior,-0.0,-0.0,-0.0,-0.0,-0.0,-0.0
18,18,unloading,0.8,a801301b510562e9689081fa7f4396eeaabafbf2386b72118512b6944b9e40db,3142,71.0,37.0,interior,-0.0,-0.0,-0.0,-0.0,-0.0,-0.0
18,18,unloading,0.8,a801301b510562e9689081fa7f4396eeaabafbf2386b72118512b6944b9e40db,3143,72.0,37.0,interior,-0.0,-0.0,-0.0,-0.0,-0.0,-0.0
18,18,unloading,0.8,a801301b510562e9689081fa7f4396eeaabafbf2386b72118512b6944b9e40db,3144,73.0,37.0,interior,-0.0,-0.0,-0.0,-0.0,-0.0,-0.0
18,18,unloading,0.8,a801301b510562e9689081fa7f4396eeaabafbf2386b72118512b6944b9e40db,3145,74.0,37.0,interior,-0.0,-0.0,-0.0,-0.0,-0.0,-0.0
18,18,unloading,0.8,a801301b510562e9689081fa7f4396eeaabafbf2386b72118512b6944b9e40db,3146,75.0,37.0,interior,-0.0,-0.0,-0.0,-0.0,-0.0,-0.0
18,18,unloading,0.8,a801301b510562e9689081fa7f4396eeaabafbf2386b72118512b6944b9e40db,3147,76.0,37.0,interior,-0.0,-0.0,-0.0,-0.0,-0.0,-0.0
18,18,unloading,0.8,a801301b510562e9689081fa7f4396eeaabafbf2386b72118512b6944b9e40db,3148,77.0,37.0,interior,-0.0,-0.0,-0.0,-0.0,-0.0,-0.0
18,18,unloading,0.8,a801301b510562e9689081fa7f4396eeaabafbf2386b72118512b6944b9e40db,3149,78.0,37.0,interior,-0.0,-0.0,-0.0,-0.0,-0.0,-0.0
18,18,unloading,0.8,a801301b510562e9689081fa7f4396eeaabafbf2386b72118512b6944b9e40db,3150,79.0,37.0,interior,-0.0,-0.0,-0.0,-0.0,-0.0,-0.0
18,18,unloading,0.8,a801301b510562e9689081fa7f4396eeaabafbf2386b72118512b6944b9e40db,3151,80.0,37.0,physical_only,2.4912309455816083e-07,-2.993163863680373e-08,6.979137506256154e-07,-4.0304177409371124e-07,-4.4879065606745456e-07,3.731101354569115e-07
18,18,unloading,0.8,a801301b510562e9689081fa7f4396eeaabafbf2386b72118512b6944b9e40db,3216,62.0,38.0,physical_only,-5.092979372716064e-06,1.7742300129153084e-07,-3.897034991512588e-06,3.36506913937663e-08,-1.1959443812034766e-06,1.4377230989776443e-07
18,18,unloading,0.8,a801301b510562e9689081fa7f4396eeaabafbf2386b72118512b6944b9e40db,3217,63.0,38.0,interior,-0.0,-0.0,-0.0,-0.0,-0.0,-0.0
18,18,unloading,0.8,a801301b510562e9689081fa7f4396eeaabafbf2386b72118512b6944b9e40db,3218,64.0,38.0,interior,-0.0,-0.0,-0.0,-0.0,-0.0,-0.0
18,18,unloading,0.8,a801301b510562e9689081fa7f4396eeaabafbf2386b72118512b6944b9e40db,3219,65.0,38.0,interior,-0.0,-0.0,-0.0,-0.0,-0.0,-0.0
18,18,unloading,0.8,a801301b510562e9689081fa7f4396eeaabafbf2386b72118512b6944b9e40db,3220,66.0,38.0,interior,-0.0,-0.0,-0.0,-0.0,-0.0,-0.0
18,18,unloading,0.8,a801301b510562e9689081fa7f4396eeaabafbf2386b72118512b6944b9e40db,3221,67.0,38.0,interior,-0.0,-0.0,-0.0,-0.0,-0.0,-0.0
18,18,unloading,0.8,a801301b510562e9689081fa7f4396eeaabafbf2386b72118512b6944b9e40db,3222,68.0,38.0,interior,-0.0,-0.0,-0.0,-0.0,-0.0,-0.0
18,18,unloading,0.8,a801301b510562e9689081fa7f4396eeaabafbf2386b72118512b6944b9e40db,3223,69.0,38.0,interior,-0.0,-0.0,-0.0,-0.0,-0.0,-0.0
18,18,unloading,0.8,a801301b510562e9689081fa7f4396eeaabafbf2386b72118512b6944b9e40db,3224,70.0,38.0,interior,-0.0,-0.0,-0.0,-0.0,-0.0,-0.0
18,18,unloading,0.8,a801301b510562e9689081fa7f4396eeaabafbf2386b72118512b6944b9e40db,3225,71.0,38.0,interior,-0.0,-0.0,-0.0,-0.0,-0.0,-0.0
18,18,unloading,0.8,a801301b510562e9689081fa7f4396eeaabafbf2386b72118512b6944b9e40db,3226,72.0,38.0,interior,-0.0,-0.0,-0.0,-0.0,-0.0,-0.0
18,18,unloading,0.8,a801301b510562e9689081fa7f4396eeaabafbf2386b72118512b6944b9e40db,3227,73.0,38.0,interior,-0.0,-0.0,-0.0,-0.0,-0.0,-0.0
18,18,unloading,0.8,a801301b510562e9689081fa7f4396eeaabafbf2386b72118512b6944b9e40db,3228,74.0,38.0,interior,-0.0,-0.0,-0.0,-0.0,-0.0,-0.0
18,18,unloading,0.8,a801301b510562e9689081fa7f4396eeaabafbf2386b72118512b6944b9e40db,3229,75.0,38.0,interior,-0.0,-0.0,-0.0,-0.0,-0.0,-0.0
18,18,unloading,0.8,a801301b510562e9689081fa7f4396eeaabafbf2386b72118512b6944b9e40db,3230,76.0,38.0,interior,-0.0,-0.0,-0.0,-0.0,-0.0,-0.0
18,18,unloading,0.8,a801301b510562e9689081fa7f4396eeaabafbf2386b72118512b6944b9e40db,3231,77.0,38.0,interior,-0.0,-0.0,-0.0,-0.0,-0.0,-0.0
18,18,unloading,0.8,a801301b510562e9689081fa7f4396eeaabafbf2386b72118512b6944b9e40db,3232,78.0,38.0,interior,-0.0,-0.0,-0.0,-0.0,-0.0,-0.0
18,18,unloading,0.8,a801301b510562e9689081fa7f4396eeaabafbf2386b72118512b6944b9e40db,3233,79.0,38.0,interior,-0.0,-0.0,-0.0,-0.0,-0.0,-0.0
18,18,unloading,0.8,a801301b510562e9689081fa7f4396eeaabafbf2386b72118512b6944b9e40db,3234,80.0,38.0,physical_only,2.4717712583876333e-07,-1.968805254283913e-08,6.825624807561943e-07,-2.6756938200616734e-07,-4.3538535491743093e-07,2.4788132946332715e-07
18,18,unloading,0.8,a801301b510562e9689081fa7f4396eeaabafbf2386b72118512b6944b9e40db,3299,62.0,39.0,physical_only,-5.165035072169909e-06,9.485649374057337e-08,-3.93362335480929e-06,1.7251856995445383e-08,-1.231411717360619e-06,7.76046367451281e-08
18,18,unloading,0.8,a801301b510562e9689081fa7f4396eeaabafbf2386b72118512b6944b9e40db,3300,63.0,39.0,interior,-0.0,-0.0,-0.0,-0.0,-0.0,-0.0
18,18,unloading,0.8,a801301b510562e9689081fa7f4396eeaabafbf2386b72118512b6944b9e40db,3301,64.0,39.0,interior,-0.0,-0.0,-0.0,-0.0,-0.0,-0.0
18,18,unloading,0.8,a801301b510562e9689081fa7f4396eeaabafbf2386b72118512b6944b9e40db,3302,65.0,39.0,interior,-0.0,-0.0,-0.0,-0.0,-0.0,-0.0
18,18,unloading,0.8,a801301b510562e9689081fa7f4396eeaabafbf2386b72118512b6944b9e40db,3303,66.0,39.0,interior,-0.0,-0.0,-0.0,-0.0,-0.0,-0.0
18,18,unloading,0.8,a801301b510562e9689081fa7f4396eeaabafbf2386b72118512b6944b9e40db,3304,67.0,39.0,interior,-0.0,-0.0,-0.0,-0.0,-0.0,-0.0
18,18,unloading,0.8,a801301b510562e9689081fa7f4396eeaabafbf2386b72118512b6944b9e40db,3305,68.0,39.0,interior,-0.0,-0.0,-0.0,-0.0,-0.0,-0.0
18,18,unloading,0.8,a801301b510562e9689081fa7f4396eeaabafbf2386b72118512b6944b9e40db,3306,69.0,39.0,interior,-0.0,-0.0,-0.0,-0.0,-0.0,-0.0
18,18,unloading,0.8,a801301b510562e9689081fa7f4396eeaabafbf2386b72118512b6944b9e40db,3307,70.0,39.0,interior,-0.0,-0.0,-0.0,-0.0,-0.0,-0.0
18,18,unloading,0.8,a801301b510562e9689081fa7f4396eeaabafbf2386b72118512b6944b9e40db,3308,71.0,39.0,interior,-0.0,-0.0,-0.0,-0.0,-0.0,-0.0
18,18,unloading,0.8,a801301b510562e9689081fa7f4396eeaabafbf2386b72118512b6944b9e40db,3309,72.0,39.0,interior,-0.0,-0.0,-0.0,-0.0,-0.0,-0.0
18,18,unloading,0.8,a801301b510562e9689081fa7f4396eeaabafbf2386b72118512b6944b9e40db,3310,73.0,39.0,interior,-0.0,-0.0,-0.0,-0.0,-0.0,-0.0
18,18,unloading,0.8,a801301b510562e9689081fa7f4396eeaabafbf2386b72118512b6944b9e40db,3311,74.0,39.0,interior,-0.0,-0.0,-0.0,-0.0,-0.0,-0.0
18,18,unloading,0.8,a801301b510562e9689081fa7f4396eeaabafbf2386b72118512b6944b9e40db,3312,75.0,39.0,interior,-0.0,-0.0,-0.0,-0.0,-0.0,-0.0
18,18,unloading,0.8,a801301b510562e9689081fa7f4396eeaabafbf2386b72118512b6944b9e40db,3313,76.0,39.0,interior,-0.0,-0.0,-0.0,-0.0,-0.0,-0.0
18,18,unloading,0.8,a801301b510562e9689081fa7f4396eeaabafbf2386b72118512b6944b9e40db,3314,77.0,39.0,interior,-0.0,-0.0,-0.0,-0.0,-0.0,-0.0
18,18,unloading,0.8,a801301b510562e9689081fa7f4396eeaabafbf2386b72118512b6944b9e40db,3315,78.0,39.0,interior,-0.0,-0.0,-0.0,-0.0,-0.0,-0.0
18,18,unloading,0.8,a801301b510562e9689081fa7f4396eeaabafbf2386b72118512b6944b9e40db,3316,79.0,39.0,interior,-0.0,-0.0,-0.0,-0.0,-0.0,-0.0
18,18,unloading,0.8,a801301b510562e9689081fa7f4396eeaabafbf2386b72118512b6944b9e40db,3317,80.0,39.0,physical_only,2.46008109393636e-07,-9.765301602484915e-09,6.734378987525122e-07,-1.334490973251256e-07,-4.2742978935887625e-07,1.2368379572263256e-07
18,18,unloading,0.8,a801301b510562e9689081fa7f4396eeaabafbf2386b72118512b6944b9e40db,3382,62.0,40.0,physical_and_cut,-2.5941734784221246e-06,-2.001125289976591e-06,-1.972966602170882e-06,-8.941065104269263e-07,-6.212068762512427e-07,-1.1070187795496647e-06
18,18,unloading,0.8,a801301b510562e9689081fa7f4396eeaabafbf2386b72118512b6944b9e40db,3383,63.0,40.0,cut_only,-0.0,-0.0,-0.0,-0.0,-0.0,-0.0
18,18,unloading,0.8,a801301b510562e9689081fa7f4396eeaabafbf2386b72118512b6944b9e40db,3384,64.0,40.0,cut_only,-0.0,-0.0,-0.0,-0.0,-0.0,-0.0
18,18,unloading,0.8,a801301b510562e9689081fa7f4396eeaabafbf2386b72118512b6944b9e40db,3385,65.0,40.0,cut_only,-0.0,-0.0,-0.0,-0.0,-0.0,-0.0
18,18,unloading,0.8,a801301b510562e9689081fa7f4396eeaabafbf2386b72118512b6944b9e40db,3386,66.0,40.0,cut_only,-0.0,-0.0,-0.0,-0.0,-0.0,-0.0
18,18,unloading,0.8,a801301b510562e9689081fa7f4396eeaabafbf2386b72118512b6944b9e40db,3387,67.0,40.0,cut_only,-0.0,-0.0,-0.0,-0.0,-0.0,-0.0
18,18,unloading,0.8,a801301b510562e9689081fa7f4396eeaabafbf2386b72118512b6944b9e40db,3388,68.0,40.0,cut_only,-0.0,-0.0,-0.0,-0.0,-0.0,-0.0
18,18,unloading,0.8,a801301b510562e9689081fa7f4396eeaabafbf2386b72118512b6944b9e40db,3389,69.0,40.0,cut_only,-0.0,-0.0,-0.0,-0.0,-0.0,-0.0
18,18,unloading,0.8,a801301b510562e9689081fa7f4396eeaabafbf2386b72118512b6944b9e40db,3390,70.0,40.0,cut_only,-0.0,-0.0,-0.0,-0.0,-0.0,-0.0
18,18,unloading,0.8,a801301b510562e9689081fa7f4396eeaabafbf2386b72118512b6944b9e40db,3391,71.0,40.0,cut_only,-0.0,-0.0,-0.0,-0.0,-0.0,-0.0
18,18,unloading,0.8,a801301b510562e9689081fa7f4396eeaabafbf2386b72118512b6944b9e40db,3392,72.0,40.0,cut_only,-0.0,-0.0,-0.0,-0.0,-0.0,-0.0
18,18,unloading,0.8,a801301b510562e9689081fa7f4396eeaabafbf2386b72118512b6944b9e40db,3393,73.0,40.0,cut_only,-0.0,-0.0,-0.0,-0.0,-0.0,-0.0
18,18,unloading,0.8,a801301b510562e9689081fa7f4396eeaabafbf2386b72118512b6944b9e40db,3394,74.0,40.0,cut_only,-0.0,-0.0,-0.0,-0.0,-0.0,-0.0
18,18,unloading,0.8,a801301b510562e9689081fa7f4396eeaabafbf2386b72118512b6944b9e40db,3395,75.0,40.0,cut_only,-0.0,-0.0,-0.0,-0.0,-0.0,-0.0
18,18,unloading,0.8,a801301b510562e9689081fa7f4396eeaabafbf2386b72118512b6944b9e40db,3396,76.0,40.0,cut_only,-0.0,-0.0,-0.0,-0.0,-0.0,-0.0
18,18,unloading,0.8,a801301b510562e9689081fa7f4396eeaabafbf2386b72118512b6944b9e40db,3397,77.0,40.0,cut_only,-0.0,-0.0,-0.0,-0.0,-0.0,-0.0
18,18,unloading,0.8,a801301b510562e9689081fa7f4396eeaabafbf2386b72118512b6944b9e40db,3398,78.0,40.0,cut_only,-0.0,-0.0,-0.0,-0.0,-0.0,-0.0
18,18,unloading,0.8,a801301b510562e9689081fa7f4396eeaabafbf2386b72118512b6944b9e40db,3399,79.0,40.0,cut_only,-0.0,-0.0,-0.0,-0.0,-0.0,-0.0
18,18,unloading,0.8,a801301b510562e9689081fa7f4396eeaabafbf2386b72118512b6944b9e40db,3400,80.0,40.0,physical_and_cut,1.2280910742208058e-07,3.418148739985271e-05,3.3520531199371225e-07,-2.0812564923227167e-07,-2.1239620457163164e-07,3.4389613049084986e-05
19,19,unloading,0.75,c97175986650d427c6c25abb94fa671f6dd1c7aab8d876ff077b1cc6abbb5a98,2635,62.0,31.0,physical_only,-0.00037762368797931496,-3.3256465965380465e-05,-5.106387158079683e-06,5.41411665106345e-06,-0.0003725173008212353,-3.867058261644393e-05
19,19,unloading,0.75,c97175986650d427c6c25abb94fa671f6dd1c7aab8d876ff077b1cc6abbb5a98,2636,63.0,31.0,physical_only,-1.5339949366669752e-06,-3.600509001409151e-05,-2.7368977817332018e-06,6.126616889712797e-06,1.2029028450662261e-06,-4.213170690380431e-05
19,19,unloading,0.75,c97175986650d427c6c25abb94fa671f6dd1c7aab8d876ff077b1cc6abbb5a98,2637,64.0,31.0,physical_only,1.193790049440264e-07,-4.704423803784995e-05,-2.788236941509013e-06,7.781458299608913e-06,2.907615946453038e-06,-5.482569633745882e-05
19,19,unloading,0.75,c97175986650d427c6c25abb94fa671f6dd1c7aab8d876ff077b1cc6abbb5a98,2638,65.0,31.0,physical_only,5.034985291950797e-07,-6.212391413674381e-05,-2.8516669450482834e-06,9.637805675328625e-06,3.355165474243365e-06,-7.176171981207246e-05
19,19,unloading,0.75,c97175986650d427c6c25abb94fa671f6dd1c7aab8d876ff077b1cc6abbb5a98,2639,66.0,31.0,physical_only,-3.332416924857883e-07,-7.926081461410788e-05,-2.926841346605196e-06,1.1752284950592697e-05,2.5935996541194052e-06,-9.101309956470054e-05
19,19,unloading,0.75,c97175986650d427c6c25abb94fa671f6dd1c7aab8d876ff077b1cc6abbb5a98,2640,67.0,31.0,physical_only,-1.5370324729785135e-06,-9.801746824429918e-05,-3.011136671979466e-06,1.4185771800429834e-05,1.474104199000956e-06,-0.00011220324004472895
19,19,unloading,0.75,c97175986650d427c6c25abb94fa671f6dd1c7aab8d876ff077b1cc6abbb5a98,2641,68.0,31.0,physical_only,-1.602180201299987e-06,-0.00012011342224162213,-3.1039190719434476e-06,1.7007887144676434e-05,1.5017388706434589e-06,-0.00013712130938629862
19,19,unloading,0.75,c97175986650d427c6c25abb94fa671f6dd1c7aab8d876ff077b1cc6abbb5a98,2642,69.0,31.0,physical_only,-1.8946563007444726e-06,-0.00014704945930653292,-3.206471839197119e-06,2.030642404006545e-05,1.3118155384526452e-06,-0.00016735588334659834
19,19,unloading,0.75,c97175986650d427c6c25abb94fa671f6dd1c7aab8d876ff077b1cc6abbb5a98,2643,70.0,31.0,physical_only,-2.3288246466025524e-06,-0.00017879977945945216,-3.32165952274455e-06,2.4197819153171193e-05,9.928348761419982e-07,-0.00020299759861262345
19,19,unloading,0.75,c97175986650d427c6c25abb94fa671f6dd1c7aab8d876ff077b1cc6abbb5a98,2644,71.0,31.0,physical_only,-2.924609491646336e-06,-0.00021588832202791824,-3.4528753260364488e-06,2.883860290116264e-05,5.282658343901138e-07,-0.0002447269249290808
19,19,unloading,0.75,c97175986650d427c6c25abb94fa671f6dd1c7aab8d876ff077b1cc6abbb5a98,2645,72.0,31.0,physical_only,-3.6476989811854903e-06,-0.0002588200356486599,-3.604857530331605e-06,3.4443481621675316e-05,-4.284145085388719e-08,-0.0002932635172703353
19,19,unloading,0.75,c97175986650d427c6c25abb94fa671f6dd1c7aab8d876ff077b1cc6abbb5a98,2646,73.0,31.0,physical_only,-4.730862025432425e-06,-0.0003069152478166984,-3.7837514382467787e-06,4.1312906282890395e-05,-9.471105871856452e-07,-0.0003482281540995889
19,19,unloading,0.75,c97175986650d427c6c25abb94fa671f6dd1c7aab8d876ff077b1cc6abbb5a98,2647,74.0,31.0,physical_only,-2.303934622349184e-06,-0.000362028000133411,-3.9995639520140145e-06,4.988125447176435e-05,1.6956293296648305e-06,-0.0004119092546051753
19,19,unloading,0.75,c97175986650d427c6c25abb94fa671f6dd1c7aab8d876ff077b1cc6abbb5a98,2648,75.0,31.0,physical_only,3.406397908741998e-06,-0.00043244880421880027,-4.270375480899647e-06,6.081262577453878e-05,7.676773389641641e-06,-0.0004932614299933392
19,19,unloading,0.75,c97175986650d427c6c25abb94fa671f6dd1c7aab8d876ff077b1cc6abbb5a98,2649,76.0,31.0,physical_only,1.0397229533729394e-05,-0.0005293212565507608,-4.629042975542852e-06,7.519832327931907e-05,1.5026272509272243e-05,-0.0006045195798300793
19,19,unloading,0.75,c97175986650d427c6c25abb94fa671f6dd1c7aab8d876ff077b1cc6abbb5a98,2650,77.0,31.0,physical_only,9.061216458787465e-06,-0.0006446442943486099,-5.1239735599688624e-06,9.492682230035528e-05,1.4185190018756332e-05,-0.0007395711166489653
19,19,unloading,0.75,c97175986650d427c6c25abb94fa671f6dd1c7aab8d876ff077b1cc6abbb5a98,2651,78.0,31.0,physical_only,5.033333869895859e-06,-0.0007690694112692529,-5.833822680809715e-06,0.00012344037867074664,1.0867156550705575e-05,-0.0008925097899399994
19,19,unloading,0.75,c97175986650d427c6c25abb94fa671f6dd1c7aab8d876ff077b1cc6abbb5a98,2652,79.0,31.0,physical_only,-3.5443645134116273e-06,-0.0007718524424568966,-6.850234148544393e-06,0.00016724086723488336,3.3058696351327547e-06,-0.0009390933096917794
19,19,unloading,0.75,c97175986650d427c6c25abb94fa671f6dd1c7aab8d876ff077b1cc6abbb5a98,2653,80.0,31.0,physical_only,-3.9391315102399525e-05,0.006431246821458387,8.323476456107364e-06,0.00017098115395980563,-4.771479155850689e-05,0.006260265667498581
19,19,unloading,0.75,c97175986650d427c6c25abb94fa671f6dd1c7aab8d876ff077b1cc6abbb5a98,2718,62.0,32.0,physical_only,-6.41455267871238e-06,-1.158297790044068e-06,-3.0574751402172783e-06,1.3616428693920443e-07,-3.357077538495102e-06,-1.294462076983272e-06
19,19,unloading,0.75,c97175986650d427c6c25abb94fa671f6dd1c7aab8d876ff077b1cc6abbb5a98,2719,63.0,32.0,interior,-0.0,-0.0,-0.0,-0.0,-0.0,-0.0
19,19,unloading,0.75,c97175986650d427c6c25abb94fa671f6dd1c7aab8d876ff077b1cc6abbb5a98,2720,64.0,32.0,interior,-0.0,-0.0,-0.0,-0.0,-0.0,-0.0
19,19,unloading,0.75,c97175986650d427c6c25abb94fa671f6dd1c7aab8d876ff077b1cc6abbb5a98,2721,65.0,32.0,interior,-0.0,-0.0,-0.0,-0.0,-0.0,-0.0
19,19,unloading,0.75,c97175986650d427c6c25abb94fa671f6dd1c7aab8d876ff077b1cc6abbb5a98,2722,66.0,32.0,interior,-0.0,-0.0,-0.0,-0.0,-0.0,-0.0
19,19,unloading,0.75,c97175986650d427c6c25abb94fa671f6dd1c7aab8d876ff077b1cc6abbb5a98,2723,67.0,32.0,interior,-0.0,-0.0,-0.0,-0.0,-0.0,-0.0
19,19,unloading,0.75,c97175986650d427c6c25abb94fa671f6dd1c7aab8d876ff077b1cc6abbb5a98,2724,68.0,32.0,interior,-0.0,-0.0,-0.0,-0.0,-0.0,-0.0
19,19,unloading,0.75,c97175986650d427c6c25abb94fa671f6dd1c7aab8d876ff077b1cc6abbb5a98,2725,69.0,32.0,interior,-0.0,-0.0,-0.0,-0.0,-0.0,-0.0
19,19,unloading,0.75,c97175986650d427c6c25abb94fa671f6dd1c7aab8d876ff077b1cc6abbb5a98,2726,70.0,32.0,interior,-0.0,-0.0,-0.0,-0.0,-0.0,-0.0
19,19,unloading,0.75,c97175986650d427c6c25abb94fa671f6dd1c7aab8d876ff077b1cc6abbb5a98,2727,71.0,32.0,interior,-0.0,-0.0,-0.0,-0.0,-0.0,-0.0
19,19,unloading,0.75,c97175986650d427c6c25abb94fa671f6dd1c7aab8d876ff077b1cc6abbb5a98,2728,72.0,32.0,interior,-0.0,-0.0,-0.0,-0.0,-0.0,-0.0
19,19,unloading,0.75,c97175986650d427c6c25abb94fa671f6dd1c7aab8d876ff077b1cc6abbb5a98,2729,73.0,32.0,interior,-0.0,-0.0,-0.0,-0.0,-0.0,-0.0
19,19,unloading,0.75,c97175986650d427c6c25abb94fa671f6dd1c7aab8d876ff077b1cc6abbb5a98,2730,74.0,32.0,interior,-0.0,-0.0,-0.0,-0.0,-0.0,-0.0
19,19,unloading,0.75,c97175986650d427c6c25abb94fa671f6dd1c7aab8d876ff077b1cc6abbb5a98,2731,75.0,32.0,interior,-0.0,-0.0,-0.0,-0.0,-0.0,-0.0
19,19,unloading,0.75,c97175986650d427c6c25abb94fa671f6dd1c7aab8d876ff077b1cc6abbb5a98,2732,76.0,32.0,interior,-0.0,-0.0,-0.0,-0.0,-0.0,-0.0
19,19,unloading,0.75,c97175986650d427c6c25abb94fa671f6dd1c7aab8d876ff077b1cc6abbb5a98,2733,77.0,32.0,interior,-0.0,-0.0,-0.0,-0.0,-0.0,-0.0
19,19,unloading,0.75,c97175986650d427c6c25abb94fa671f6dd1c7aab8d876ff077b1cc6abbb5a98,2734,78.0,32.0,interior,-0.0,-0.0,-0.0,-0.0,-0.0,-0.0
19,19,unloading,0.75,c97175986650d427c6c25abb94fa671f6dd1c7aab8d876ff077b1cc6abbb5a98,2735,79.0,32.0,interior,-0.0,-0.0,-0.0,-0.0,-0.0,-0.0
19,19,unloading,0.75,c97175986650d427c6c25abb94fa671f6dd1c7aab8d876ff077b1cc6abbb5a98,2736,80.0,32.0,physical_only,1.8213936421923964e-07,-9.182979139252595e-08,9.764420335027094e-07,-7.574395251058512e-07,-7.943026692834702e-07,6.656097337133225e-07
19,19,unloading,0.75,c97175986650d427c6c25abb94fa671f6dd1c7aab8d876ff077b1cc6abbb5a98,2801,62.0,33.0,physical_only,-5.181394111093032e-06,-7.577564334149682e-07,-3.2324128884568768e-06,1.0616489054545899e-07,-1.948981222636155e-06,-8.639213239604274e-07
19,19,unloading,0.75,c97175986650d427c6c25abb94fa671f6dd1c7aab8d876ff077b1cc6abbb5a98,2802,63.0,33.0,interior,-0.0,-0.0,-0.0,-0.0,-0.0,-0.0
19,19,unloading,0.75,c97175986650d427c6c25abb94fa671f6dd1c7aab8d876ff077b1cc6abbb5a98,2803,64.0,33.0,interior,-0.0,-0.0,-0.0,-0.0,-0.0,-0.0
19,19,unloading,0.75,c97175986650d427c6c25abb94fa671f6dd1c7aab8d876ff077b1cc6abbb5a98,2804,65.0,33.0,interior,-0.0,-0.0,-0.0,-0.0,-0.0,-0.0
19,19,unloading,0.75,c97175986650d427c6c25abb94fa671f6dd1c7aab8d876ff077b1cc6abbb5a98,2805,66.0,33.0,interior,-0.0,-0.0,-0.0,-0.0,-0.0,-0.0
19,19,unloading,0.75,c97175986650d427c6c25abb94fa671f6dd1c7aab8d876ff077b1cc6abbb5a98,2806,67.0,33.0,interior,-0.0,-0.0,-0.0,-0.0,-0.0,-0.0
19,19,unloading,0.75,c97175986650d427c6c25abb94fa671f6dd1c7aab8d876ff077b1cc6abbb5a98,2807,68.0,33.0,interior,-0.0,-0.0,-0.0,-0.0,-0.0,-0.0
19,19,unloading,0.75,c97175986650d427c6c25abb94fa671f6dd1c7aab8d876ff077b1cc6abbb5a98,2808,69.0,33.0,interior,-0.0,-0.0,-0.0,-0.0,-0.0,-0.0
19,19,unloading,0.75,c97175986650d427c6c25abb94fa671f6dd1c7aab8d876ff077b1cc6abbb5a98,2809,70.0,33.0,interior,-0.0,-0.0,-0.0,-0.0,-0.0,-0.0
19,19,unloading,0.75,c97175986650d427c6c25abb94fa671f6dd1c7aab8d876ff077b1cc6abbb5a98,2810,71.0,33.0,interior,-0.0,-0.0,-0.0,-0.0,-0.0,-0.0
19,19,unloading,0.75,c97175986650d427c6c25abb94fa671f6dd1c7aab8d876ff077b1cc6abbb5a98,2811,72.0,33.0,interior,-0.0,-0.0,-0.0,-0.0,-0.0,-0.0
19,19,unloading,0.75,c97175986650d427c6c25abb94fa671f6dd1c7aab8d876ff077b1cc6abbb5a98,2812,73.0,33.0,interior,-0.0,-0.0,-0.0,-0.0,-0.0,-0.0
19,19,unloading,0.75,c97175986650d427c6c25abb94fa671f6dd1c7aab8d876ff077b1cc6abbb5a98,2813,74.0,33.0,interior,-0.0,-0.0,-0.0,-0.0,-0.0,-0.0
19,19,unloading,0.75,c97175986650d427c6c25abb94fa671f6dd1c7aab8d876ff077b1cc6abbb5a98,2814,75.0,33.0,interior,-0.0,-0.0,-0.0,-0.0,-0.0,-0.0
19,19,unloading,0.75,c97175986650d427c6c25abb94fa671f6dd1c7aab8d876ff077b1cc6abbb5a98,2815,76.0,33.0,interior,-0.0,-0.0,-0.0,-0.0,-0.0,-0.0
19,19,unloading,0.75,c97175986650d427c6c25abb94fa671f6dd1c7aab8d876ff077b1cc6abbb5a98,2816,77.0,33.0,interior,-0.0,-0.0,-0.0,-0.0,-0.0,-0.0
19,19,unloading,0.75,c97175986650d427c6c25abb94fa671f6dd1c7aab8d876ff077b1cc6abbb5a98,2817,78.0,33.0,interior,-0.0,-0.0,-0.0,-0.0,-0.0,-0.0
19,19,unloading,0.75,c97175986650d427c6c25abb94fa671f6dd1c7aab8d876ff077b1cc6abbb5a98,2818,79.0,33.0,interior,-0.0,-0.0,-0.0,-0.0,-0.0,-0.0
19,19,unloading,0.75,c97175986650d427c6c25abb94fa671f6dd1c7aab8d876ff077b1cc6abbb5a98,2819,80.0,33.0,physical_only,1.781333635165597e-07,-7.686433293300579e-08,9.117855156559715e-07,-6.534884167288144e-07,-7.336521521394118e-07,5.766240837958069e-07
19,19,unloading,0.75,c97175986650d427c6c25abb94fa671f6dd1c7aab8d876ff077b1cc6abbb5a98,2884,62.0,34.0,physical_only,-4.627827065992406e-06,-3.22997584636097e-07,-3.370852188116394e-06,8.682140637269142e-08,-1.2569748778760119e-06,-4.0981899100878844e-07
19,19,unloading,0.75,c97175986650d427c6c25abb94fa671f6dd1c7aab8d876ff077b1cc6abbb5a98,2885,63.0,34.0,interior,-0.0,-0.0,-0.0,-0.0,-0.0,-0.0
19,19,unloading,0.75,c97175986650d427c6c25abb94fa671f6dd1c7aab8d876ff077b1cc6abbb5a98,2886,64.0,34.0,interior,-0.0,-0.0,-0.0,-0.0,-0.0,-0.0
19,19,unloading,0.75,c97175986650d427c6c25abb94fa671f6dd1c7aab8d876ff077b1cc6abbb5a98,2887,65.0,34.0,interior,-0.0,-0.0,-0.0,-0.0,-0.0,-0.0
19,19,unloading,0.75,c97175986650d427c6c25abb94fa671f6dd1c7aab8d876ff077b1cc6abbb5a98,2888,66.0,34.0,interior,-0.0,-0.0,-0.0,-0.0,-0.0,-0.0
19,19,unloading,0.75,c97175986650d427c6c25abb94fa671f6dd1c7aab8d876ff077b1cc6abbb5a98,2889,67.0,34.0,interior,-0.0,-0.0,-0.0,-0.0,-0.0,-0.0
19,19,unloading,0.75,c97175986650d427c6c25abb94fa671f6dd1c7aab8d876ff077b1cc6abbb5a98,2890,68.0,34.0,interior,-0.0,-0.0,-0.0,-0.0,-0.0,-0.0
19,19,unloading,0.75,c97175986650d427c6c25abb94fa671f6dd1c7aab8d876ff077b1cc6abbb5a98,2891,69.0,34.0,interior,-0.0,-0.0,-0.0,-0.0,-0.0,-0.0
19,19,unloading,0.75,c97175986650d427c6c25abb94fa671f6dd1c7aab8d876ff077b1cc6abbb5a98,2892,70.0,34.0,interior,-0.0,-0.0,-0.0,-0.0,-0.0,-0.0
19,19,unloading,0.75,c97175986650d427c6c25abb94fa671f6dd1c7aab8d876ff077b1cc6abbb5a98,2893,71.0,34.0,interior,-0.0,-0.0,-0.0,-0.0,-0.0,-0.0
19,19,unloading,0.75,c97175986650d427c6c25abb94fa671f6dd1c7aab8d876ff077b1cc6abbb5a98,2894,72.0,34.0,interior,-0.0,-0.0,-0.0,-0.0,-0.0,-0.0
19,19,unloading,0.75,c97175986650d427c6c25abb94fa671f6dd1c7aab8d876ff077b1cc6abbb5a98,2895,73.0,34.0,interior,-0.0,-0.0,-0.0,-0.0,-0.0,-0.0
19,19,unloading,0.75,c97175986650d427c6c25abb94fa671f6dd1c7aab8d876ff077b1cc6abbb5a98,2896,74.0,34.0,interior,-0.0,-0.0,-0.0,-0.0,-0.0,-0.0
19,19,unloading,0.75,c97175986650d427c6c25abb94fa671f6dd1c7aab8d876ff077b1cc6abbb5a98,2897,75.0,34.0,interior,-0.0,-0.0,-0.0,-0.0,-0.0,-0.0
19,19,unloading,0.75,c97175986650d427c6c25abb94fa671f6dd1c7aab8d876ff077b1cc6abbb5a98,2898,76.0,34.0,interior,-0.0,-0.0,-0.0,-0.0,-0.0,-0.0
19,19,unloading,0.75,c97175986650d427c6c25abb94fa671f6dd1c7aab8d876ff077b1cc6abbb5a98,2899,77.0,34.0,interior,-0.0,-0.0,-0.0,-0.0,-0.0,-0.0
19,19,unloading,0.75,c97175986650d427c6c25abb94fa671f6dd1c7aab8d876ff077b1cc6abbb5a98,2900,78.0,34.0,interior,-0.0,-0.0,-0.0,-0.0,-0.0,-0.0
19,19,unloading,0.75,c97175986650d427c6c25abb94fa671f6dd1c7aab8d876ff077b1cc6abbb5a98,2901,79.0,34.0,interior,-0.0,-0.0,-0.0,-0.0,-0.0,-0.0
19,19,unloading,0.75,c97175986650d427c6c25abb94fa671f6dd1c7aab8d876ff077b1cc6abbb5a98,2902,80.0,34.0,physical_only,1.7464778211194503e-07,-6.343689072663895e-08,8.577228415374552e-07,-5.534212581734697e-07,-6.830750594255105e-07,4.899843674468295e-07
19,19,unloading,0.75,c97175986650d427c6c25abb94fa671f6dd1c7aab8d876ff077b1cc6abbb5a98,2967,62.0,35.0,physical_only,-4.4914262204533e-06,7.85153000256598e-09,-3.4843280682919066e-06,7.296021774612081e-08,-1.0070981521613946e-06,-6.510868774355472e-08
19,19,unloading,0.75,c97175986650d427c6c25abb94fa671f6dd1c7aab8d876ff077b1cc6abbb5a98,2968,63.0,35.0,interior,-0.0,-0.0,-0.0,-0.0,-0.0,-0.0
19,19,unloading,0.75,c97175986650d427c6c25abb94fa671f6dd1c7aab8d876ff077b1cc6abbb5a98,2969,64.0,35.0,interior,-0.0,-0.0,-0.0,-0.0,-0.0,-0.0
19,19,unloading,0.75,c97175986650d427c6c25abb94fa671f6dd1c7aab8d876ff077b1cc6abbb5a98,2970,65.0,35.0,interior,-0.0,-0.0,-0.0,-0.0,-0.0,-0.0
19,19,unloading,0.75,c97175986650d427c6c25abb94fa671f6dd1c7aab8d876ff077b1cc6abbb5a98,2971,66.0,35.0,interior,-0.0,-0.0,-0.0,-0.0,-0.0,-0.0
19,19,unloading,0.75,c97175986650d427c6c25abb94fa671f6dd1c7aab8d876ff077b1cc6abbb5a98,2972,67.0,35.0,interior,-0.0,-0.0,-0.0,-0.0,-0.0,-0.0
19,19,unloading,0.75,c97175986650d427c6c25abb94fa671f6dd1c7aab8d876ff077b1cc6abbb5a98,2973,68.0,35.0,interior,-0.0,-0.0,-0.0,-0.0,-0.0,-0.0
19,19,unloading,0.75,c97175986650d427c6c25abb94fa671f6dd1c7aab8d876ff077b1cc6abbb5a98,2974,69.0,35.0,interior,-0.0,-0.0,-0.0,-0.0,-0.0,-0.0
19,19,unloading,0.75,c97175986650d427c6c25abb94fa671f6dd1c7aab8d876ff077b1cc6abbb5a98,2975,70.0,35.0,interior,-0.0,-0.0,-0.0,-0.0,-0.0,-0.0
19,19,unloading,0.75,c97175986650d427c6c25abb94fa671f6dd1c7aab8d876ff077b1cc6abbb5a98,2976,71.0,35.0,interior,-0.0,-0.0,-0.0,-0.0,-0.0,-0.0
19,19,unloading,0.75,c97175986650d427c6c25abb94fa671f6dd1c7aab8d876ff077b1cc6abbb5a98,2977,72.0,35.0,interior,-0.0,-0.0,-0.0,-0.0,-0.0,-0.0
19,19,unloading,0.75,c97175986650d427c6c25abb94fa671f6dd1c7aab8d876ff077b1cc6abbb5a98,2978,73.0,35.0,interior,-0.0,-0.0,-0.0,-0.0,-0.0,-0.0
19,19,unloading,0.75,c97175986650d427c6c25abb94fa671f6dd1c7aab8d876ff077b1cc6abbb5a98,2979,74.0,35.0,interior,-0.0,-0.0,-0.0,-0.0,-0.0,-0.0
19,19,unloading,0.75,c97175986650d427c6c25abb94fa671f6dd1c7aab8d876ff077b1cc6abbb5a98,2980,75.0,35.0,interior,-0.0,-0.0,-0.0,-0.0,-0.0,-0.0
19,19,unloading,0.75,c97175986650d427c6c25abb94fa671f6dd1c7aab8d876ff077b1cc6abbb5a98,2981,76.0,35.0,interior,-0.0,-0.0,-0.0,-0.0,-0.0,-0.0
19,19,unloading,0.75,c97175986650d427c6c25abb94fa671f6dd1c7aab8d876ff077b1cc6abbb5a98,2982,77.0,35.0,interior,-0.0,-0.0,-0.0,-0.0,-0.0,-0.0
19,19,unloading,0.75,c97175986650d427c6c25abb94fa671f6dd1c7aab8d876ff077b1cc6abbb5a98,2983,78.0,35.0,interior,-0.0,-0.0,-0.0,-0.0,-0.0,-0.0
19,19,unloading,0.75,c97175986650d427c6c25abb94fa671f6dd1c7aab8d876ff077b1cc6abbb5a98,2984,79.0,35.0,interior,-0.0,-0.0,-0.0,-0.0,-0.0,-0.0
19,19,unloading,0.75,c97175986650d427c6c25abb94fa671f6dd1c7aab8d876ff077b1cc6abbb5a98,2985,80.0,35.0,physical_only,1.7169140780888453e-07,-5.121874646714085e-08,8.133541919885197e-07,-4.565528388538413e-07,-6.416627841796352e-07,4.0533409238670417e-07
19,19,unloading,0.75,c97175986650d427c6c25abb94fa671f6dd1c7aab8d876ff077b1cc6abbb5a98,3050,62.0,36.0,physical_only,-4.571404596489286e-06,1.7529609922038969e-07,-3.5778384305102956e-06,6.066569458413644e-08,-9.935661659789898e-07,1.1463040463625324e-07
19,19,unloading,0.75,c97175986650d427c6c25abb94fa671f6dd1c7aab8d876ff077b1cc6abbb5a98,3051,63.0,36.0,interior,-0.0,-0.0,-0.0,-0.0,-0.0,-0.0
19,19,unloading,0.75,c97175986650d427c6c25abb94fa671f6dd1c7aab8d876ff077b1cc6abbb5a98,3052,64.0,36.0,interior,-0.0,-0.0,-0.0,-0.0,-0.0,-0.0
19,19,unloading,0.75,c97175986650d427c6c25abb94fa671f6dd1c7aab8d876ff077b1cc6abbb5a98,3053,65.0,36.0,interior,-0.0,-0.0,-0.0,-0.0,-0.0,-0.0
19,19,unloading,0.75,c97175986650d427c6c25abb94fa671f6dd1c7aab8d876ff077b1cc6abbb5a98,3054,66.0,36.0,interior,-0.0,-0.0,-0.0,-0.0,-0.0,-0.0
19,19,unloading,0.75,c97175986650d427c6c25abb94fa671f6dd1c7aab8d876ff077b1cc6abbb5a98,3055,67.0,36.0,interior,-0.0,-0.0,-0.0,-0.0,-0.0,-0.0
19,19,unloading,0.75,c97175986650d427c6c25abb94fa671f6dd1c7aab8d876ff077b1cc6abbb5a98,3056,68.0,36.0,interior,-0.0,-0.0,-0.0,-0.0,-0.0,-0.0
19,19,unloading,0.75,c97175986650d427c6c25abb94fa671f6dd1c7aab8d876ff077b1cc6abbb5a98,3057,69.0,36.0,interior,-0.0,-0.0,-0.0,-0.0,-0.0,-0.0
19,19,unloading,0.75,c97175986650d427c6c25abb94fa671f6dd1c7aab8d876ff077b1cc6abbb5a98,3058,70.0,36.0,interior,-0.0,-0.0,-0.0,-0.0,-0.0,-0.0
19,19,unloading,0.75,c97175986650d427c6c25abb94fa671f6dd1c7aab8d876ff077b1cc6abbb5a98,3059,71.0,36.0,interior,-0.0,-0.0,-0.0,-0.0,-0.0,-0.0
19,19,unloading,0.75,c97175986650d427c6c25abb94fa671f6dd1c7aab8d876ff077b1cc6abbb5a98,3060,72.0,36.0,interior,-0.0,-0.0,-0.0,-0.0,-0.0,-0.0
19,19,unloading,0.75,c97175986650d427c6c25abb94fa671f6dd1c7aab8d876ff077b1cc6abbb5a98,3061,73.0,36.0,interior,-0.0,-0.0,-0.0,-0.0,-0.0,-0.0
19,19,unloading,0.75,c97175986650d427c6c25abb94fa671f6dd1c7aab8d876ff077b1cc6abbb5a98,3062,74.0,36.0,interior,-0.0,-0.0,-0.0,-0.0,-0.0,-0.0
19,19,unloading,0.75,c97175986650d427c6c25abb94fa671f6dd1c7aab8d876ff077b1cc6abbb5a98,3063,75.0,36.0,interior,-0.0,-0.0,-0.0,-0.0,-0.0,-0.0
19,19,unloading,0.75,c97175986650d427c6c25abb94fa671f6dd1c7aab8d876ff077b1cc6abbb5a98,3064,76.0,36.0,interior,-0.0,-0.0,-0.0,-0.0,-0.0,-0.0
19,19,unloading,0.75,c97175986650d427c6c25abb94fa671f6dd1c7aab8d876ff077b1cc6abbb5a98,3065,77.0,36.0,interior,-0.0,-0.0,-0.0,-0.0,-0.0,-0.0
19,19,unloading,0.75,c97175986650d427c6c25abb94fa671f6dd1c7aab8d876ff077b1cc6abbb5a98,3066,78.0,36.0,interior,-0.0,-0.0,-0.0,-0.0,-0.0,-0.0
19,19,unloading,0.75,c97175986650d427c6c25abb94fa671f6dd1c7aab8d876ff077b1cc6abbb5a98,3067,79.0,36.0,interior,-0.0,-0.0,-0.0,-0.0,-0.0,-0.0
19,19,unloading,0.75,c97175986650d427c6c25abb94fa671f6dd1c7aab8d876ff077b1cc6abbb5a98,3068,80.0,36.0,physical_only,1.6926927500459965e-07,-3.9938918509487106e-08,7.779615823457099e-07,-3.6226366127596e-07,-6.086923073411103e-07,3.223247427664721e-07
19,19,unloading,0.75,c97175986650d427c6c25abb94fa671f6dd1c7aab8d876ff077b1cc6abbb5a98,3133,62.0,37.0,physical_only,-4.709954497929896e-06,2.1405210309587396e-07,-3.652350768285128e-06,4.76012616370629e-08,-1.057603729644768e-06,1.6645084145881095e-07
19,19,unloading,0.75,c97175986650d427c6c25abb94fa671f6dd1c7aab8d876ff077b1cc6abbb5a98,3134,63.0,37.0,interior,-0.0,-0.0,-0.0,-0.0,-0.0,-0.0
19,19,unloading,0.75,c97175986650d427c6c25abb94fa671f6dd1c7aab8d876ff077b1cc6abbb5a98,3135,64.0,37.0,interior,-0.0,-0.0,-0.0,-0.0,-0.0,-0.0
19,19,unloading,0.75,c97175986650d427c6c25abb94fa671f6dd1c7aab8d876ff077b1cc6abbb5a98,3136,65.0,37.0,interior,-0.0,-0.0,-0.0,-0.0,-0.0,-0.0
19,19,unloading,0.75,c97175986650d427c6c25abb94fa671f6dd1c7aab8d876ff077b1cc6abbb5a98,3137,66.0,37.0,interior,-0.0,-0.0,-0.0,-0.0,-0.0,-0.0
19,19,unloading,0.75,c97175986650d427c6c25abb94fa671f6dd1c7aab8d876ff077b1cc6abbb5a98,3138,67.0,37.0,interior,-0.0,-0.0,-0.0,-0.0,-0.0,-0.0
19,19,unloading,0.75,c97175986650d427c6c25abb94fa671f6dd1c7aab8d876ff077b1cc6abbb5a98,3139,68.0,37.0,interior,-0.0,-0.0,-0.0,-0.0,-0.0,-0.0
19,19,unloading,0.75,c97175986650d427c6c25abb94fa671f6dd1c7aab8d876ff077b1cc6abbb5a98,3140,69.0,37.0,interior,-0.0,-0.0,-0.0,-0.0,-0.0,-0.0
19,19,unloading,0.75,c97175986650d427c6c25abb94fa671f6dd1c7aab8d876ff077b1cc6abbb5a98,3141,70.0,37.0,interior,-0.0,-0.0,-0.0,-0.0,-0.0,-0.0
19,19,unloading,0.75,c97175986650d427c6c25abb94fa671f6dd1c7aab8d876ff077b1cc6abbb5a98,3142,71.0,37.0,interior,-0.0,-0.0,-0.0,-0.0,-0.0,-0.0
19,19,unloading,0.75,c97175986650d427c6c25abb94fa671f6dd1c7aab8d876ff077b1cc6abbb5a98,3143,72.0,37.0,interior,-0.0,-0.0,-0.0,-0.0,-0.0,-0.0
19,19,unloading,0.75,c97175986650d427c6c25abb94fa671f6dd1c7aab8d876ff077b1cc6abbb5a98,3144,73.0,37.0,interior,-0.0,-0.0,-0.0,-0.0,-0.0,-0.0
19,19,unloading,0.75,c97175986650d427c6c25abb94fa671f6dd1c7aab8d876ff077b1cc6abbb5a98,3145,74.0,37.0,interior,-0.0,-0.0,-0.0,-0.0,-0.0,-0.0
19,19,unloading,0.75,c97175986650d427c6c25abb94fa671f6dd1c7aab8d876ff077b1cc6abbb5a98,3146,75.0,37.0,interior,-0.0,-0.0,-0.0,-0.0,-0.0,-0.0
19,19,unloading,0.75,c97175986650d427c6c25abb94fa671f6dd1c7aab8d876ff077b1cc6abbb5a98,3147,76.0,37.0,interior,-0.0,-0.0,-0.0,-0.0,-0.0,-0.0
19,19,unloading,0.75,c97175986650d427c6c25abb94fa671f6dd1c7aab8d876ff077b1cc6abbb5a98,3148,77.0,37.0,interior,-0.0,-0.0,-0.0,-0.0,-0.0,-0.0
19,19,unloading,0.75,c97175986650d427c6c25abb94fa671f6dd1c7aab8d876ff077b1cc6abbb5a98,3149,78.0,37.0,interior,-0.0,-0.0,-0.0,-0.0,-0.0,-0.0
19,19,unloading,0.75,c97175986650d427c6c25abb94fa671f6dd1c7aab8d876ff077b1cc6abbb5a98,3150,79.0,37.0,interior,-0.0,-0.0,-0.0,-0.0,-0.0,-0.0
19,19,unloading,0.75,c97175986650d427c6c25abb94fa671f6dd1c7aab8d876ff077b1cc6abbb5a98,3151,80.0,37.0,physical_only,1.6738406216527315e-07,-2.9367904268393107e-08,7.509851736121079e-07,-2.699841456596145e-07,-5.83601111446835e-07,2.4061624139122315e-07
19,19,unloading,0.75,c97175986650d427c6c25abb94fa671f6dd1c7aab8d876ff077b1cc6abbb5a98,3216,62.0,38.0,physical_only,-4.829974363863371e-06,1.721792641669311e-07,-3.706952483373659e-06,3.295858683982952e-08,-1.1230218804897121e-06,1.392206773271017e-07
19,19,unloading,0.75,c97175986650d427c6c25abb94fa671f6dd1c7aab8d876ff077b1cc6abbb5a98,3217,63.0,38.0,interior,-0.0,-0.0,-0.0,-0.0,-0.0,-0.0
19,19,unloading,0.75,c97175986650d427c6c25abb94fa671f6dd1c7aab8d876ff077b1cc6abbb5a98,3218,64.0,38.0,interior,-0.0,-0.0,-0.0,-0.0,-0.0,-0.0
19,19,unloading,0.75,c97175986650d427c6c25abb94fa671f6dd1c7aab8d876ff077b1cc6abbb5a98,3219,65.0,38.0,interior,-0.0,-0.0,-0.0,-0.0,-0.0,-0.0
19,19,unloading,0.75,c97175986650d427c6c25abb94fa671f6dd1c7aab8d876ff077b1cc6abbb5a98,3220,66.0,38.0,interior,-0.0,-0.0,-0.0,-0.0,-0.0,-0.0
19,19,unloading,0.75,c97175986650d427c6c25abb94fa671f6dd1c7aab8d876ff077b1cc6abbb5a98,3221,67.0,38.0,interior,-0.0,-0.0,-0.0,-0.0,-0.0,-0.0
19,19,unloading,0.75,c97175986650d427c6c25abb94fa671f6dd1c7aab8d876ff077b1cc6abbb5a98,3222,68.0,38.0,interior,-0.0,-0.0,-0.0,-0.0,-0.0,-0.0
19,19,unloading,0.75,c97175986650d427c6c25abb94fa671f6dd1c7aab8d876ff077b1cc6abbb5a98,3223,69.0,38.0,interior,-0.0,-0.0,-0.0,-0.0,-0.0,-0.0
19,19,unloading,0.75,c97175986650d427c6c25abb94fa671f6dd1c7aab8d876ff077b1cc6abbb5a98,3224,70.0,38.0,interior,-0.0,-0.0,-0.0,-0.0,-0.0,-0.0
19,19,unloading,0.75,c97175986650d427c6c25abb94fa671f6dd1c7aab8d876ff077b1cc6abbb5a98,3225,71.0,38.0,interior,-0.0,-0.0,-0.0,-0.0,-0.0,-0.0
19,19,unloading,0.75,c97175986650d427c6c25abb94fa671f6dd1c7aab8d876ff077b1cc6abbb5a98,3226,72.0,38.0,interior,-0.0,-0.0,-0.0,-0.0,-0.0,-0.0
19,19,unloading,0.75,c97175986650d427c6c25abb94fa671f6dd1c7aab8d876ff077b1cc6abbb5a98,3227,73.0,38.0,interior,-0.0,-0.0,-0.0,-0.0,-0.0,-0.0
19,19,unloading,0.75,c97175986650d427c6c25abb94fa671f6dd1c7aab8d876ff077b1cc6abbb5a98,3228,74.0,38.0,interior,-0.0,-0.0,-0.0,-0.0,-0.0,-0.0
19,19,unloading,0.75,c97175986650d427c6c25abb94fa671f6dd1c7aab8d876ff077b1cc6abbb5a98,3229,75.0,38.0,interior,-0.0,-0.0,-0.0,-0.0,-0.0,-0.0
19,19,unloading,0.75,c97175986650d427c6c25abb94fa671f6dd1c7aab8d876ff077b1cc6abbb5a98,3230,76.0,38.0,interior,-0.0,-0.0,-0.0,-0.0,-0.0,-0.0
19,19,unloading,0.75,c97175986650d427c6c25abb94fa671f6dd1c7aab8d876ff077b1cc6abbb5a98,3231,77.0,38.0,interior,-0.0,-0.0,-0.0,-0.0,-0.0,-0.0
19,19,unloading,0.75,c97175986650d427c6c25abb94fa671f6dd1c7aab8d876ff077b1cc6abbb5a98,3232,78.0,38.0,interior,-0.0,-0.0,-0.0,-0.0,-0.0,-0.0
19,19,unloading,0.75,c97175986650d427c6c25abb94fa671f6dd1c7aab8d876ff077b1cc6abbb5a98,3233,79.0,38.0,interior,-0.0,-0.0,-0.0,-0.0,-0.0,-0.0
19,19,unloading,0.75,c97175986650d427c6c25abb94fa671f6dd1c7aab8d876ff077b1cc6abbb5a98,3234,80.0,38.0,physical_only,1.6603704484544857e-07,-1.9305627803329592e-08,7.320057775870952e-07,-1.7918176452042378e-07,-5.659687327416466e-07,1.5987613671709702e-07
19,19,unloading,0.75,c97175986650d427c6c25abb94fa671f6dd1c7aab8d876ff077b1cc6abbb5a98,3299,62.0,39.0,physical_only,-4.9028994592890135e-06,9.228984322190998e-08,-3.7403490038601632e-06,1.6881540838466854e-08,-1.1625504554288505e-06,7.540830238344313e-08
19,19,unloading,0.75,c97175986650d427c6c25abb94fa671f6dd1c7aab8d876ff077b1cc6abbb5a98,3300,63.0,39.0,interior,-0.0,-0.0,-0.0,-0.0,-0.0,-0.0
19,19,unloading,0.75,c97175986650d427c6c25abb94fa671f6dd1c7aab8d876ff077b1cc6abbb5a98,3301,64.0,39.0,interior,-0.0,-0.0,-0.0,-0.0,-0.0,-0.0
19,19,unloading,0.75,c97175986650d427c6c25abb94fa671f6dd1c7aab8d876ff077b1cc6abbb5a98,3302,65.0,39.0,interior,-0.0,-0.0,-0.0,-0.0,-0.0,-0.0
19,19,unloading,0.75,c97175986650d427c6c25abb94fa671f6dd1c7aab8d876ff077b1cc6abbb5a98,3303,66.0,39.0,interior,-0.0,-0.0,-0.0,-0.0,-0.0,-0.0
19,19,unloading,0.75,c97175986650d427c6c25abb94fa671f6dd1c7aab8d876ff077b1cc6abbb5a98,3304,67.0,39.0,interior,-0.0,-0.0,-0.0,-0.0,-0.0,-0.0
19,19,unloading,0.75,c97175986650d427c6c25abb94fa671f6dd1c7aab8d876ff077b1cc6abbb5a98,3305,68.0,39.0,interior,-0.0,-0.0,-0.0,-0.0,-0.0,-0.0
19,19,unloading,0.75,c97175986650d427c6c25abb94fa671f6dd1c7aab8d876ff077b1cc6abbb5a98,3306,69.0,39.0,interior,-0.0,-0.0,-0.0,-0.0,-0.0,-0.0
19,19,unloading,0.75,c97175986650d427c6c25abb94fa671f6dd1c7aab8d876ff077b1cc6abbb5a98,3307,70.0,39.0,interior,-0.0,-0.0,-0.0,-0.0,-0.0,-0.0
19,19,unloading,0.75,c97175986650d427c6c25abb94fa671f6dd1c7aab8d876ff077b1cc6abbb5a98,3308,71.0,39.0,interior,-0.0,-0.0,-0.0,-0.0,-0.0,-0.0
19,19,unloading,0.75,c97175986650d427c6c25abb94fa671f6dd1c7aab8d876ff077b1cc6abbb5a98,3309,72.0,39.0,interior,-0.0,-0.0,-0.0,-0.0,-0.0,-0.0
19,19,unloading,0.75,c97175986650d427c6c25abb94fa671f6dd1c7aab8d876ff077b1cc6abbb5a98,3310,73.0,39.0,interior,-0.0,-0.0,-0.0,-0.0,-0.0,-0.0
19,19,unloading,0.75,c97175986650d427c6c25abb94fa671f6dd1c7aab8d876ff077b1cc6abbb5a98,3311,74.0,39.0,interior,-0.0,-0.0,-0.0,-0.0,-0.0,-0.0
19,19,unloading,0.75,c97175986650d427c6c25abb94fa671f6dd1c7aab8d876ff077b1cc6abbb5a98,3312,75.0,39.0,interior,-0.0,-0.0,-0.0,-0.0,-0.0,-0.0
19,19,unloading,0.75,c97175986650d427c6c25abb94fa671f6dd1c7aab8d876ff077b1cc6abbb5a98,3313,76.0,39.0,interior,-0.0,-0.0,-0.0,-0.0,-0.0,-0.0
19,19,unloading,0.75,c97175986650d427c6c25abb94fa671f6dd1c7aab8d876ff077b1cc6abbb5a98,3314,77.0,39.0,interior,-0.0,-0.0,-0.0,-0.0,-0.0,-0.0
19,19,unloading,0.75,c97175986650d427c6c25abb94fa671f6dd1c7aab8d876ff077b1cc6abbb5a98,3315,78.0,39.0,interior,-0.0,-0.0,-0.0,-0.0,-0.0,-0.0
19,19,unloading,0.75,c97175986650d427c6c25abb94fa671f6dd1c7aab8d876ff077b1cc6abbb5a98,3316,79.0,39.0,interior,-0.0,-0.0,-0.0,-0.0,-0.0,-0.0
19,19,unloading,0.75,c97175986650d427c6c25abb94fa671f6dd1c7aab8d876ff077b1cc6abbb5a98,3317,80.0,39.0,physical_only,1.6522873501106942e-07,-9.572128352383906e-09,7.207323106537811e-07,-8.935022032712028e-08,-5.555035756427117e-07,7.977809197473238e-08
19,19,unloading,0.75,c97175986650d427c6c25abb94fa671f6dd1c7aab8d876ff077b1cc6abbb5a98,3382,62.0,40.0,physical_and_cut,-2.4632544610559894e-06,-2.0609671695996304e-06,-1.8757962047803775e-06,-8.472124885785952e-07,-5.874582562756119e-07,-1.213754681021035e-06
19,19,unloading,0.75,c97175986650d427c6c25abb94fa671f6dd1c7aab8d876ff077b1cc6abbb5a98,3383,63.0,40.0,cut_only,-0.0,-0.0,-0.0,-0.0,-0.0,-0.0
19,19,unloading,0.75,c97175986650d427c6c25abb94fa671f6dd1c7aab8d876ff077b1cc6abbb5a98,3384,64.0,40.0,cut_only,-0.0,-0.0,-0.0,-0.0,-0.0,-0.0
19,19,unloading,0.75,c97175986650d427c6c25abb94fa671f6dd1c7aab8d876ff077b1cc6abbb5a98,3385,65.0,40.0,cut_only,-0.0,-0.0,-0.0,-0.0,-0.0,-0.0
19,19,unloading,0.75,c97175986650d427c6c25abb94fa671f6dd1c7aab8d876ff077b1cc6abbb5a98,3386,66.0,40.0,cut_only,-0.0,-0.0,-0.0,-0.0,-0.0,-0.0
19,19,unloading,0.75,c97175986650d427c6c25abb94fa671f6dd1c7aab8d876ff077b1cc6abbb5a98,3387,67.0,40.0,cut_only,-0.0,-0.0,-0.0,-0.0,-0.0,-0.0
19,19,unloading,0.75,c97175986650d427c6c25abb94fa671f6dd1c7aab8d876ff077b1cc6abbb5a98,3388,68.0,40.0,cut_only,-0.0,-0.0,-0.0,-0.0,-0.0,-0.0
19,19,unloading,0.75,c97175986650d427c6c25abb94fa671f6dd1c7aab8d876ff077b1cc6abbb5a98,3389,69.0,40.0,cut_only,-0.0,-0.0,-0.0,-0.0,-0.0,-0.0
19,19,unloading,0.75,c97175986650d427c6c25abb94fa671f6dd1c7aab8d876ff077b1cc6abbb5a98,3390,70.0,40.0,cut_only,-0.0,-0.0,-0.0,-0.0,-0.0,-0.0
19,19,unloading,0.75,c97175986650d427c6c25abb94fa671f6dd1c7aab8d876ff077b1cc6abbb5a98,3391,71.0,40.0,cut_only,-0.0,-0.0,-0.0,-0.0,-0.0,-0.0
19,19,unloading,0.75,c97175986650d427c6c25abb94fa671f6dd1c7aab8d876ff077b1cc6abbb5a98,3392,72.0,40.0,cut_only,-0.0,-0.0,-0.0,-0.0,-0.0,-0.0
19,19,unloading,0.75,c97175986650d427c6c25abb94fa671f6dd1c7aab8d876ff077b1cc6abbb5a98,3393,73.0,40.0,cut_only,-0.0,-0.0,-0.0,-0.0,-0.0,-0.0
19,19,unloading,0.75,c97175986650d427c6c25abb94fa671f6dd1c7aab8d876ff077b1cc6abbb5a98,3394,74.0,40.0,cut_only,-0.0,-0.0,-0.0,-0.0,-0.0,-0.0
19,19,unloading,0.75,c97175986650d427c6c25abb94fa671f6dd1c7aab8d876ff077b1cc6abbb5a98,3395,75.0,40.0,cut_only,-0.0,-0.0,-0.0,-0.0,-0.0,-0.0
19,19,unloading,0.75,c97175986650d427c6c25abb94fa671f6dd1c7aab8d876ff077b1cc6abbb5a98,3396,76.0,40.0,cut_only,-0.0,-0.0,-0.0,-0.0,-0.0,-0.0
19,19,unloading,0.75,c97175986650d427c6c25abb94fa671f6dd1c7aab8d876ff077b1cc6abbb5a98,3397,77.0,40.0,cut_only,-0.0,-0.0,-0.0,-0.0,-0.0,-0.0
19,19,unloading,0.75,c97175986650d427c6c25abb94fa671f6dd1c7aab8d876ff077b1cc6abbb5a98,3398,78.0,40.0,cut_only,-0.0,-0.0,-0.0,-0.0,-0.0,-0.0
19,19,unloading,0.75,c97175986650d427c6c25abb94fa671f6dd1c7aab8d876ff077b1cc6abbb5a98,3399,79.0,40.0,cut_only,-0.0,-0.0,-0.0,-0.0,-0.0,-0.0
19,19,unloading,0.75,c97175986650d427c6c25abb94fa671f6dd1c7aab8d876ff077b1cc6abbb5a98,3400,80.0,40.0,physical_and_cut,8.247964455364771e-08,2.2391995755019885e-05,3.5849667895699636e-07,-1.971531353649316e-07,-2.7601703440334867e-07,2.2589148890384817e-05
20,20,unloading,0.65,322b781349e1d476bbfd3e912a415249901e4dcc207844530ec0f845f57f2a0a,2635,62.0,31.0,physical_only,-0.00031867343438389073,-1.2028269427110865e-05,-4.492498248732261e-06,4.561445282288178e-06,-0.00031418093613515844,-1.6589714709399034e-05
20,20,unloading,0.65,322b781349e1d476bbfd3e912a415249901e4dcc207844530ec0f845f57f2a0a,2636,63.0,31.0,physical_only,-1.658641573614611e-06,-2.2661572409482273e-05,-2.3307173778609753e-06,5.109949798874008e-06,6.720758042463644e-07,-2.7771522208356285e-05
20,20,unloading,0.65,322b781349e1d476bbfd3e912a415249901e4dcc207844530ec0f845f57f2a0a,2637,64.0,31.0,physical_only,-5.260827207570077e-07,-2.9030692520013324e-05,-2.367235580383468e-06,6.44167442987959e-06,1.841152859626461e-06,-3.5472366949892905e-05
20,20,unloading,0.65,322b781349e1d476bbfd3e912a415249901e4dcc207844530ec0f845f57f2a0a,2638,65.0,31.0,physical_only,-3.4118737295392654e-07,-3.751420029366129e-05,-2.412035677206009e-06,7.906009507995748e-06,2.0708483042520834e-06,-4.542020980165704e-05
20,20,unloading,0.65,322b781349e1d476bbfd3e912a415249901e4dcc207844530ec0f845f57f2a0a,2639,66.0,31.0,physical_only,-9.959183427193553e-07,-4.6592587187670534e-05,-2.464418047529242e-06,9.536783136559573e-06,1.4684997048098882e-06,-5.6129370324230134e-05
20,20,unloading,0.65,322b781349e1d476bbfd3e912a415249901e4dcc207844530ec0f845f57f2a0a,2640,67.0,31.0,physical_only,-1.8432692693576614e-06,-5.5903507377549964e-05,-2.5218478740594193e-06,1.136702218911872e-05,6.785786047017563e-07,-6.72705295666687e-05
20,20,unloading,0.65,322b781349e1d476bbfd3e912a415249901e4dcc207844530ec0f845f57f2a0a,2641,68.0,31.0,physical_only,-1.9279686267368826e-06,-6.649798016224347e-05,-2.583187271506126e-06,1.3430751926659292e-05,6.552186447692444e-07,-7.992873208890274e-05
20,20,unloading,0.65,322b781349e1d476bbfd3e912a415249901e4dcc207844530ec0f845f57f2a0a,2642,69.0,31.0,physical_only,-2.154051132960069e-06,-7.915018271975702e-05,-2.648558525016034e-06,1.5767662329987425e-05,4.94507392055965e-07,-9.491784504974451e-05
20,20,unloading,0.65,322b781349e1d476bbfd3e912a415249901e4dcc207844530ec0f845f57f2a0a,2643,70.0,31.0,physical_only,-2.468443048081179e-06,-9.363930589882782e-05,-2.7190197824048315e-06,1.8427186193759282e-05,2.505767343236516e-07,-0.00011206649209258702
20,20,unloading,0.65,322b781349e1d476bbfd3e912a415249901e4dcc207844530ec0f845f57f2a0a,2644,71.0,31.0,physical_only,-2.893442241260967e-06,-0.00011007337321548871,-2.7955665440484153e-06,2.1471257507163533e-05,-9.787569721255252e-08,-0.00013154463072265231
20,20,unloading,0.65,322b781349e1d476bbfd3e912a415249901e4dcc207844530ec0f845f57f2a0a,2645,72.0,31.0,physical_only,-3.430604727114587e-06,-0.00012852621046360662,-2.879513850406343e-06,2.4978156088306827e-05,-5.510908767082433e-07,-0.00015350436655191344
20,20,unloading,0.65,322b781349e1d476bbfd3e912a415249901e4dcc207844530ec0f845f57f2a0a,2646,73.0,31.0,physical_only,-4.279949255483601e-06,-0.00014828517480987725,-2.9721659895488713e-06,2.9047249796808646e-05,-1.3077832659347298e-06,-0.00017733242460668595
20,20,unloading,0.65,322b781349e1d476bbfd3e912a415249901e4dcc207844530ec0f845f57f2a0a,2647,74.0,31.0,physical_only,-3.161083466698096e-06,-0.00017006305799461912,-3.075989968019327e-06,3.380717911368345e-05,-8.509349867877002e-08,-0.0002038702371083027
20,20,unloading,0.65,322b781349e1d476bbfd3e912a415249901e4dcc207844530ec0f845f57f2a0a,2648,75.0,31.0,physical_only,-2.0425076108011015e-07,-0.00019805368159702503,-3.1961027590650455e-06,3.943349894757048e-05,2.9918519979849353e-06,-0.00023748718054459553
20,20,unloading,0.65,322b781349e1d476bbfd3e912a415249901e4dcc207844530ec0f845f57f2a0a,2649,76.0,31.0,physical_only,3.7423114149253774e-06,-0.0002380364605794427,-3.342288831254321e-06,4.6184204718968235e-05,7.084600246179699e-06,-0.00028422066529841094
20,20,unloading,0.65,322b781349e1d476bbfd3e912a415249901e4dcc207844530ec0f845f57f2a0a,2650,77.0,31.0,physical_only,3.785036606160135e-06,-0.0002863058475176283,-3.5250715501355836e-06,5.444526406654711e-05,7.3101081562957204e-06,-0.0003407511115841755
20,20,unloading,0.65,322b781349e1d476bbfd3e912a415249901e4dcc207844530ec0f845f57f2a0a,2651,78.0,31.0,physical_only,2.658194678572905e-06,-0.00033925880659492914,-3.755603141001072e-06,6.47846360474153e-05,6.413797819573977e-06,-0.0004040434426423444
20,20,unloading,0.65,322b781349e1d476bbfd3e912a415249901e4dcc207844530ec0f845f57f2a0a,2652,79.0,31.0,physical_only,2.0193198329510056e-07,-0.0003612499929665819,-4.034901055001696e-06,7.800184069509823e-05,4.236833038296796e-06,-0.00043925183366167993
20,20,unloading,0.65,322b781349e1d476bbfd3e912a415249901e4dcc207844530ec0f845f57f2a0a,2653,80.0,31.0,physical_only,-3.0161943010789856e-05,0.0032471609336498274,5.930434459335455e-07,8.392942217816304e-05,-3.07549864567234e-05,0.003163231511471665
20,20,unloading,0.65,322b781349e1d476bbfd3e912a415249901e4dcc207844530ec0f845f57f2a0a,2718,62.0,32.0,physical_only,-5.795536205201176e-06,-1.1520133632812658e-06,-2.76829080521038e-06,1.2979057971982187e-07,-3.027245399990796e-06,-1.2818039430010873e-06
20,20,unloading,0.65,322b781349e1d476bbfd3e912a415249901e4dcc207844530ec0f845f57f2a0a,2719,63.0,32.0,interior,-0.0,-0.0,-0.0,-0.0,-0.0,-0.0
20,20,unloading,0.65,322b781349e1d476bbfd3e912a415249901e4dcc207844530ec0f845f57f2a0a,2720,64.0,32.0,interior,-0.0,-0.0,-0.0,-0.0,-0.0,-0.0
20,20,unloading,0.65,322b781349e1d476bbfd3e912a415249901e4dcc207844530ec0f845f57f2a0a,2721,65.0,32.0,interior,-0.0,-0.0,-0.0,-0.0,-0.0,-0.0
20,20,unloading,0.65,322b781349e1d476bbfd3e912a415249901e4dcc207844530ec0f845f57f2a0a,2722,66.0,32.0,interior,-0.0,-0.0,-0.0,-0.0,-0.0,-0.0
20,20,unloading,0.65,322b781349e1d476bbfd3e912a415249901e4dcc207844530ec0f845f57f2a0a,2723,67.0,32.0,interior,-0.0,-0.0,-0.0,-0.0,-0.0,-0.0
20,20,unloading,0.65,322b781349e1d476bbfd3e912a415249901e4dcc207844530ec0f845f57f2a0a,2724,68.0,32.0,interior,-0.0,-0.0,-0.0,-0.0,-0.0,-0.0
20,20,unloading,0.65,322b781349e1d476bbfd3e912a415249901e4dcc207844530ec0f845f57f2a0a,2725,69.0,32.0,interior,-0.0,-0.0,-0.0,-0.0,-0.0,-0.0
20,20,unloading,0.65,322b781349e1d476bbfd3e912a415249901e4dcc207844530ec0f845f57f2a0a,2726,70.0,32.0,interior,-0.0,-0.0,-0.0,-0.0,-0.0,-0.0
20,20,unloading,0.65,322b781349e1d476bbfd3e912a415249901e4dcc207844530ec0f845f57f2a0a,2727,71.0,32.0,interior,-0.0,-0.0,-0.0,-0.0,-0.0,-0.0
20,20,unloading,0.65,322b781349e1d476bbfd3e912a415249901e4dcc207844530ec0f845f57f2a0a,2728,72.0,32.0,interior,-0.0,-0.0,-0.0,-0.0,-0.0,-0.0
20,20,unloading,0.65,322b781349e1d476bbfd3e912a415249901e4dcc207844530ec0f845f57f2a0a,2729,73.0,32.0,interior,-0.0,-0.0,-0.0,-0.0,-0.0,-0.0
20,20,unloading,0.65,322b781349e1d476bbfd3e912a415249901e4dcc207844530ec0f845f57f2a0a,2730,74.0,32.0,interior,-0.0,-0.0,-0.0,-0.0,-0.0,-0.0
20,20,unloading,0.65,322b781349e1d476bbfd3e912a415249901e4dcc207844530ec0f845f57f2a0a,2731,75.0,32.0,interior,-0.0,-0.0,-0.0,-0.0,-0.0,-0.0
20,20,unloading,0.65,322b781349e1d476bbfd3e912a415249901e4dcc207844530ec0f845f57f2a0a,2732,76.0,32.0,interior,-0.0,-0.0,-0.0,-0.0,-0.0,-0.0
20,20,unloading,0.65,322b781349e1d476bbfd3e912a415249901e4dcc207844530ec0f845f57f2a0a,2733,77.0,32.0,interior,-0.0,-0.0,-0.0,-0.0,-0.0,-0.0
20,20,unloading,0.65,322b781349e1d476bbfd3e912a415249901e4dcc207844530ec0f845f57f2a0a,2734,78.0,32.0,interior,-0.0,-0.0,-0.0,-0.0,-0.0,-0.0
20,20,unloading,0.65,322b781349e1d476bbfd3e912a415249901e4dcc207844530ec0f845f57f2a0a,2735,79.0,32.0,interior,-0.0,-0.0,-0.0,-0.0,-0.0,-0.0
20,20,unloading,0.65,322b781349e1d476bbfd3e912a415249901e4dcc207844530ec0f845f57f2a0a,2736,80.0,32.0,physical_only,8.002045563426955e-08,-6.714681958280384e-08,8.374039989390977e-07,-3.219215822799954e-07,-7.573835433048284e-07,2.547747626971922e-07
20,20,unloading,0.65,322b781349e1d476bbfd3e912a415249901e4dcc207844530ec0f845f57f2a0a,2801,62.0,33.0,physical_only,-4.609600630428425e-06,-7.673885706293568e-07,-2.912889615973255e-06,1.0123594380365155e-07,-1.696711014455169e-06,-8.686245144330081e-07
20,20,unloading,0.65,322b781349e1d476bbfd3e912a415249901e4dcc207844530ec0f845f57f2a0a,2802,63.0,33.0,interior,-0.0,-0.0,-0.0,-0.0,-0.0,-0.0
20,20,unloading,0.65,322b781349e1d476bbfd3e912a415249901e4dcc207844530ec0f845f57f2a0a,2803,64.0,33.0,interior,-0.0,-0.0,-0.0,-0.0,-0.0,-0.0
20,20,unloading,0.65,322b781349e1d476bbfd3e912a415249901e4dcc207844530ec0f845f57f2a0a,2804,65.0,33.0,interior,-0.0,-0.0,-0.0,-0.0,-0.0,-0.0
20,20,unloading,0.65,322b781349e1d476bbfd3e912a415249901e4dcc207844530ec0f845f57f2a0a,2805,66.0,33.0,interior,-0.0,-0.0,-0.0,-0.0,-0.0,-0.0
20,20,unloading,0.65,322b781349e1d476bbfd3e912a415249901e4dcc207844530ec0f845f57f2a0a,2806,67.0,33.0,interior,-0.0,-0.0,-0.0,-0.0,-0.0,-0.0
20,20,unloading,0.65,322b781349e1d476bbfd3e912a415249901e4dcc207844530ec0f845f57f2a0a,2807,68.0,33.0,interior,-0.0,-0.0,-0.0,-0.0,-0.0,-0.0
20,20,unloading,0.65,322b781349e1d476bbfd3e912a415249901e4dcc207844530ec0f845f57f2a0a,2808,69.0,33.0,interior,-0.0,-0.0,-0.0,-0.0,-0.0,-0.0
20,20,unloading,0.65,322b781349e1d476bbfd3e912a415249901e4dcc207844530ec0f845f57f2a0a,2809,70.0,33.0,interior,-0.0,-0.0,-0.0,-0.0,-0.0,-0.0
20,20,unloading,0.65,322b781349e1d476bbfd3e912a415249901e4dcc207844530ec0f845f57f2a0a,2810,71.0,33.0,interior,-0.0,-0.0,-0.0,-0.0,-0.0,-0.0
20,20,unloading,0.65,322b781349e1d476bbfd3e912a415249901e4dcc207844530ec0f845f57f2a0a,2811,72.0,33.0,interior,-0.0,-0.0,-0.0,-0.0,-0.0,-0.0
20,20,unloading,0.65,322b781349e1d476bbfd3e912a415249901e4dcc207844530ec0f845f57f2a0a,2812,73.0,33.0,interior,-0.0,-0.0,-0.0,-0.0,-0.0,-0.0
20,20,unloading,0.65,322b781349e1d476bbfd3e912a415249901e4dcc207844530ec0f845f57f2a0a,2813,74.0,33.0,interior,-0.0,-0.0,-0.0,-0.0,-0.0,-0.0
20,20,unloading,0.65,322b781349e1d476bbfd3e912a415249901e4dcc207844530ec0f845f57f2a0a,2814,75.0,33.0,interior,-0.0,-0.0,-0.0,-0.0,-0.0,-0.0
20,20,unloading,0.65,322b781349e1d476bbfd3e912a415249901e4dcc207844530ec0f845f57f2a0a,2815,76.0,33.0,interior,-0.0,-0.0,-0.0,-0.0,-0.0,-0.0
20,20,unloading,0.65,322b781349e1d476bbfd3e912a415249901e4dcc207844530ec0f845f57f2a0a,2816,77.0,33.0,interior,-0.0,-0.0,-0.0,-0.0,-0.0,-0.0
20,20,unloading,0.65,322b781349e1d476bbfd3e912a415249901e4dcc207844530ec0f845f57f2a0a,2817,78.0,33.0,interior,-0.0,-0.0,-0.0,-0.0,-0.0,-0.0
20,20,unloading,0.65,322b781349e1d476bbfd3e912a415249901e4dcc207844530ec0f845f57f2a0a,2818,79.0,33.0,interior,-0.0,-0.0,-0.0,-0.0,-0.0,-0.0
20,20,unloading,0.65,322b781349e1d476bbfd3e912a415249901e4dcc207844530ec0f845f57f2a0a,2819,80.0,33.0,physical_only,7.797884636447199e-08,-5.6444331623201085e-08,7.787635078474371e-07,-2.7783853977923913e-07,-7.007846614829649e-07,2.21394208156039e-07
20,20,unloading,0.65,322b781349e1d476bbfd3e912a415249901e4dcc207844530ec0f845f57f2a0a,2884,62.0,34.0,physical_only,-4.075053820783612e-06,-3.4156152667293276e-07,-3.026050698541932e-06,8.267068305797732e-08,-1.049003122241681e-06,-4.242322097309102e-07
20,20,unloading,0.65,322b781349e1d476bbfd3e912a415249901e4dcc207844530ec0f845f57f2a0a,2885,63.0,34.0,interior,-0.0,-0.0,-0.0,-0.0,-0.0,-0.0
20,20,unloading,0.65,322b781349e1d476bbfd3e912a415249901e4dcc207844530ec0f845f57f2a0a,2886,64.0,34.0,interior,-0.0,-0.0,-0.0,-0.0,-0.0,-0.0
20,20,unloading,0.65,322b781349e1d476bbfd3e912a415249901e4dcc207844530ec0f845f57f2a0a,2887,65.0,34.0,interior,-0.0,-0.0,-0.0,-0.0,-0.0,-0.0
20,20,unloading,0.65,322b781349e1d476bbfd3e912a415249901e4dcc207844530ec0f845f57f2a0a,2888,66.0,34.0,interior,-0.0,-0.0,-0.0,-0.0,-0.0,-0.0
20,20,unloading,0.65,322b781349e1d476bbfd3e912a415249901e4dcc207844530ec0f845f57f2a0a,2889,67.0,34.0,interior,-0.0,-0.0,-0.0,-0.0,-0.0,-0.0
20,20,unloading,0.65,322b781349e1d476bbfd3e912a415249901e4dcc207844530ec0f845f57f2a0a,2890,68.0,34.0,interior,-0.0,-0.0,-0.0,-0.0,-0.0,-0.0
20,20,unloading,0.65,322b781349e1d476bbfd3e912a415249901e4dcc207844530ec0f845f57f2a0a,2891,69.0,34.0,interior,-0.0,-0.0,-0.0,-0.0,-0.0,-0.0
20,20,unloading,0.65,322b781349e1d476bbfd3e912a415249901e4dcc207844530ec0f845f57f2a0a,2892,70.0,34.0,interior,-0.0,-0.0,-0.0,-0.0,-0.0,-0.0
20,20,unloading,0.65,322b781349e1d476bbfd3e912a415249901e4dcc207844530ec0f845f57f2a0a,2893,71.0,34.0,interior,-0.0,-0.0,-0.0,-0.0,-0.0,-0.0
20,20,unloading,0.65,322b781349e1d476bbfd3e912a415249901e4dcc207844530ec0f845f57f2a0a,2894,72.0,34.0,interior,-0.0,-0.0,-0.0,-0.0,-0.0,-0.0
20,20,unloading,0.65,322b781349e1d476bbfd3e912a415249901e4dcc207844530ec0f845f57f2a0a,2895,73.0,34.0,interior,-0.0,-0.0,-0.0,-0.0,-0.0,-0.0
20,20,unloading,0.65,322b781349e1d476bbfd3e912a415249901e4dcc207844530ec0f845f57f2a0a,2896,74.0,34.0,interior,-0.0,-0.0,-0.0,-0.0,-0.0,-0.0
20,20,unloading,0.65,322b781349e1d476bbfd3e912a415249901e4dcc207844530ec0f845f57f2a0a,2897,75.0,34.0,interior,-0.0,-0.0,-0.0,-0.0,-0.0,-0.0
20,20,unloading,0.65,322b781349e1d476bbfd3e912a415249901e4dcc207844530ec0f845f57f2a0a,2898,76.0,34.0,interior,-0.0,-0.0,-0.0,-0.0,-0.0,-0.0
20,20,unloading,0.65,322b781349e1d476bbfd3e912a415249901e4dcc207844530ec0f845f57f2a0a,2899,77.0,34.0,interior,-0.0,-0.0,-0.0,-0.0,-0.0,-0.0
20,20,unloading,0.65,322b781349e1d476bbfd3e912a415249901e4dcc207844530ec0f845f57f2a0a,2900,78.0,34.0,interior,-0.0,-0.0,-0.0,-0.0,-0.0,-0.0
20,20,unloading,0.65,322b781349e1d476bbfd3e912a415249901e4dcc207844530ec0f845f57f2a0a,2901,79.0,34.0,interior,-0.0,-0.0,-0.0,-0.0,-0.0,-0.0
20,20,unloading,0.65,322b781349e1d476bbfd3e912a415249901e4dcc207844530ec0f845f57f2a0a,2902,80.0,34.0,physical_only,7.62324683717842e-08,-4.6741763802493304e-08,7.296740201403933e-07,-2.3536131796261427e-07,-6.534415517686092e-07,1.8861955416012033e-07
20,20,unloading,0.65,322b781349e1d476bbfd3e912a415249901e4dcc207844530ec0f845f57f2a0a,2967,62.0,35.0,physical_only,-3.94503184125519e-06,-1.3671431292512021e-08,-3.1185154104992036e-06,6.926273328926931e-08,-8.265164307559864e-07,-8.293416458178144e-08
20,20,unloading,0.65,322b781349e1d476bbfd3e912a415249901e4dcc207844530ec0f845f57f2a0a,2968,63.0,35.0,interior,-0.0,-0.0,-0.0,-0.0,-0.0,-0.0
20,20,unloading,0.65,322b781349e1d476bbfd3e912a415249901e4dcc207844530ec0f845f57f2a0a,2969,64.0,35.0,interior,-0.0,-0.0,-0.0,-0.0,-0.0,-0.0
20,20,unloading,0.65,322b781349e1d476bbfd3e912a415249901e4dcc207844530ec0f845f57f2a0a,2970,65.0,35.0,interior,-0.0,-0.0,-0.0,-0.0,-0.0,-0.0
20,20,unloading,0.65,322b781349e1d476bbfd3e912a415249901e4dcc207844530ec0f845f57f2a0a,2971,66.0,35.0,interior,-0.0,-0.0,-0.0,-0.0,-0.0,-0.0
20,20,unloading,0.65,322b781349e1d476bbfd3e912a415249901e4dcc207844530ec0f845f57f2a0a,2972,67.0,35.0,interior,-0.0,-0.0,-0.0,-0.0,-0.0,-0.0
20,20,unloading,0.65,322b781349e1d476bbfd3e912a415249901e4dcc207844530ec0f845f57f2a0a,2973,68.0,35.0,interior,-0.0,-0.0,-0.0,-0.0,-0.0,-0.0
20,20,unloading,0.65,322b781349e1d476bbfd3e912a415249901e4dcc207844530ec0f845f57f2a0a,2974,69.0,35.0,interior,-0.0,-0.0,-0.0,-0.0,-0.0,-0.0
20,20,unloading,0.65,322b781349e1d476bbfd3e912a415249901e4dcc207844530ec0f845f57f2a0a,2975,70.0,35.0,interior,-0.0,-0.0,-0.0,-0.0,-0.0,-0.0
20,20,unloading,0.65,322b781349e1d476bbfd3e912a415249901e4dcc207844530ec0f845f57f2a0a,2976,71.0,35.0,interior,-0.0,-0.0,-0.0,-0.0,-0.0,-0.0
20,20,unloading,0.65,322b781349e1d476bbfd3e912a415249901e4dcc207844530ec0f845f57f2a0a,2977,72.0,35.0,interior,-0.0,-0.0,-0.0,-0.0,-0.0,-0.0
20,20,unloading,0.65,322b781349e1d476bbfd3e912a415249901e4dcc207844530ec0f845f57f2a0a,2978,73.0,35.0,interior,-0.0,-0.0,-0.0,-0.0,-0.0,-0.0
20,20,unloading,0.65,322b781349e1d476bbfd3e912a415249901e4dcc207844530ec0f845f57f2a0a,2979,74.0,35.0,interior,-0.0,-0.0,-0.0,-0.0,-0.0,-0.0
20,20,unloading,0.65,322b781349e1d476bbfd3e912a415249901e4dcc207844530ec0f845f57f2a0a,2980,75.0,35.0,interior,-0.0,-0.0,-0.0,-0.0,-0.0,-0.0
20,20,unloading,0.65,322b781349e1d476bbfd3e912a415249901e4dcc207844530ec0f845f57f2a0a,2981,76.0,35.0,interior,-0.0,-0.0,-0.0,-0.0,-0.0,-0.0
20,20,unloading,0.65,322b781349e1d476bbfd3e912a415249901e4dcc207844530ec0f845f57f2a0a,2982,77.0,35.0,interior,-0.0,-0.0,-0.0,-0.0,-0.0,-0.0
20,20,unloading,0.65,322b781349e1d476bbfd3e912a415249901e4dcc207844530ec0f845f57f2a0a,2983,78.0,35.0,interior,-0.0,-0.0,-0.0,-0.0,-0.0,-0.0
20,20,unloading,0.65,322b781349e1d476bbfd3e912a415249901e4dcc207844530ec0f845f57f2a0a,2984,79.0,35.0,interior,-0.0,-0.0,-0.0,-0.0,-0.0,-0.0
20,20,unloading,0.65,322b781349e1d476bbfd3e912a415249901e4dcc207844530ec0f845f57f2a0a,2985,80.0,35.0,physical_only,7.477062885682028e-08,-3.783898385958888e-08,6.893499422376144e-07,-1.9420961203151387e-07,-6.145793133807945e-07,1.5637062817192277e-07
20,20,unloading,0.65,322b781349e1d476bbfd3e912a415249901e4dcc207844530ec0f845f57f2a0a,3050,62.0,36.0,physical_only,-4.0263119967113304e-06,1.552830370136512e-07,-3.1948799833293955e-06,5.738236133663698e-08,-8.314320133819358e-07,9.790067567701423e-08
20,20,unloading,0.65,322b781349e1d476bbfd3e912a415249901e4dcc207844530ec0f845f57f2a0a,3051,63.0,36.0,interior,-0.0,-0.0,-0.0,-0.0,-0.0,-0.0
20,20,unloading,0.65,322b781349e1d476bbfd3e912a415249901e4dcc207844530ec0f845f57f2a0a,3052,64.0,36.0,interior,-0.0,-0.0,-0.0,-0.0,-0.0,-0.0
20,20,unloading,0.65,322b781349e1d476bbfd3e912a415249901e4dcc207844530ec0f845f57f2a0a,3053,65.0,36.0,interior,-0.0,-0.0,-0.0,-0.0,-0.0,-0.0
20,20,unloading,0.65,322b781349e1d476bbfd3e912a415249901e4dcc207844530ec0f845f57f2a0a,3054,66.0,36.0,interior,-0.0,-0.0,-0.0,-0.0,-0.0,-0.0
20,20,unloading,0.65,322b781349e1d476bbfd3e912a415249901e4dcc207844530ec0f845f57f2a0a,3055,67.0,36.0,interior,-0.0,-0.0,-0.0,-0.0,-0.0,-0.0
20,20,unloading,0.65,322b781349e1d476bbfd3e912a415249901e4dcc207844530ec0f845f57f2a0a,3056,68.0,36.0,interior,-0.0,-0.0,-0.0,-0.0,-0.0,-0.0
20,20,unloading,0.65,322b781349e1d476bbfd3e912a415249901e4dcc207844530ec0f845f57f2a0a,3057,69.0,36.0,interior,-0.0,-0.0,-0.0,-0.0,-0.0,-0.0
20,20,unloading,0.65,322b781349e1d476bbfd3e912a415249901e4dcc207844530ec0f845f57f2a0a,3058,70.0,36.0,interior,-0.0,-0.0,-0.0,-0.0,-0.0,-0.0
20,20,unloading,0.65,322b781349e1d476bbfd3e912a415249901e4dcc207844530ec0f845f57f2a0a,3059,71.0,36.0,interior,-0.0,-0.0,-0.0,-0.0,-0.0,-0.0
20,20,unloading,0.65,322b781349e1d476bbfd3e912a415249901e4dcc207844530ec0f845f57f2a0a,3060,72.0,36.0,interior,-0.0,-0.0,-0.0,-0.0,-0.0,-0.0
20,20,unloading,0.65,322b781349e1d476bbfd3e912a415249901e4dcc207844530ec0f845f57f2a0a,3061,73.0,36.0,interior,-0.0,-0.0,-0.0,-0.0,-0.0,-0.0
20,20,unloading,0.65,322b781349e1d476bbfd3e912a415249901e4dcc207844530ec0f845f57f2a0a,3062,74.0,36.0,interior,-0.0,-0.0,-0.0,-0.0,-0.0,-0.0
20,20,unloading,0.65,322b781349e1d476bbfd3e912a415249901e4dcc207844530ec0f845f57f2a0a,3063,75.0,36.0,interior,-0.0,-0.0,-0.0,-0.0,-0.0,-0.0
20,20,unloading,0.65,322b781349e1d476bbfd3e912a415249901e4dcc207844530ec0f845f57f2a0a,3064,76.0,36.0,interior,-0.0,-0.0,-0.0,-0.0,-0.0,-0.0
20,20,unloading,0.65,322b781349e1d476bbfd3e912a415249901e4dcc207844530ec0f845f57f2a0a,3065,77.0,36.0,interior,-0.0,-0.0,-0.0,-0.0,-0.0,-0.0
20,20,unloading,0.65,322b781349e1d476bbfd3e912a415249901e4dcc207844530ec0f845f57f2a0a,3066,78.0,36.0,interior,-0.0,-0.0,-0.0,-0.0,-0.0,-0.0
20,20,unloading,0.65,322b781349e1d476bbfd3e912a415249901e4dcc207844530ec0f845f57f2a0a,3067,79.0,36.0,interior,-0.0,-0.0,-0.0,-0.0,-0.0,-0.0
20,20,unloading,0.65,322b781349e1d476bbfd3e912a415249901e4dcc207844530ec0f845f57f2a0a,3068,80.0,36.0,physical_only,7.358497050765472e-08,-2.9565424833868828e-08,6.571609548208831e-07,-1.5412864446539582e-07,-5.835759843132278e-07,1.2456321963152927e-07
20,20,unloading,0.65,322b781349e1d476bbfd3e912a415249901e4dcc207844530ec0f845f57f2a0a,3133,62.0,37.0,physical_only,-4.164776092124418e-06,1.980570277305883e-07,-3.255983110377418e-06,4.4875010438288695e-08,-9.087929817470004e-07,1.531820172922996e-07
20,20,unloading,0.65,322b781349e1d476bbfd3e912a415249901e4dcc207844530ec0f845f57f2a0a,3134,63.0,37.0,interior,-0.0,-0.0,-0.0,-0.0,-0.0,-0.0
20,20,unloading,0.65,322b781349e1d476bbfd3e912a415249901e4dcc207844530ec0f845f57f2a0a,3135,64.0,37.0,interior,-0.0,-0.0,-0.0,-0.0,-0.0,-0.0
20,20,unloading,0.65,322b781349e1d476bbfd3e912a415249901e4dcc207844530ec0f845f57f2a0a,3136,65.0,37.0,interior,-0.0,-0.0,-0.0,-0.0,-0.0,-0.0
20,20,unloading,0.65,322b781349e1d476bbfd3e912a415249901e4dcc207844530ec0f845f57f2a0a,3137,66.0,37.0,interior,-0.0,-0.0,-0.0,-0.0,-0.0,-0.0
20,20,unloading,0.65,322b781349e1d476bbfd3e912a415249901e4dcc207844530ec0f845f57f2a0a,3138,67.0,37.0,interior,-0.0,-0.0,-0.0,-0.0,-0.0,-0.0
20,20,unloading,0.65,322b781349e1d476bbfd3e912a415249901e4dcc207844530ec0f845f57f2a0a,3139,68.0,37.0,interior,-0.0,-0.0,-0.0,-0.0,-0.0,-0.0
20,20,unloading,0.65,322b781349e1d476bbfd3e912a415249901e4dcc207844530ec0f845f57f2a0a,3140,69.0,37.0,interior,-0.0,-0.0,-0.0,-0.0,-0.0,-0.0
20,20,unloading,0.65,322b781349e1d476bbfd3e912a415249901e4dcc207844530ec0f845f57f2a0a,3141,70.0,37.0,interior,-0.0,-0.0,-0.0,-0.0,-0.0,-0.0
20,20,unloading,0.65,322b781349e1d476bbfd3e912a415249901e4dcc207844530ec0f845f57f2a0a,3142,71.0,37.0,interior,-0.0,-0.0,-0.0,-0.0,-0.0,-0.0
20,20,unloading,0.65,322b781349e1d476bbfd3e912a415249901e4dcc207844530ec0f845f57f2a0a,3143,72.0,37.0,interior,-0.0,-0.0,-0.0,-0.0,-0.0,-0.0
20,20,unloading,0.65,322b781349e1d476bbfd3e912a415249901e4dcc207844530ec0f845f57f2a0a,3144,73.0,37.0,interior,-0.0,-0.0,-0.0,-0.0,-0.0,-0.0
20,20,unloading,0.65,322b781349e1d476bbfd3e912a415249901e4dcc207844530ec0f845f57f2a0a,3145,74.0,37.0,interior,-0.0,-0.0,-0.0,-0.0,-0.0,-0.0
20,20,unloading,0.65,322b781349e1d476bbfd3e912a415249901e4dcc207844530ec0f845f57f2a0a,3146,75.0,37.0,interior,-0.0,-0.0,-0.0,-0.0,-0.0,-0.0
20,20,unloading,0.65,322b781349e1d476bbfd3e912a415249901e4dcc207844530ec0f845f57f2a0a,3147,76.0,37.0,interior,-0.0,-0.0,-0.0,-0.0,-0.0,-0.0
20,20,unloading,0.65,322b781349e1d476bbfd3e912a415249901e4dcc207844530ec0f845f57f2a0a,3148,77.0,37.0,interior,-0.0,-0.0,-0.0,-0.0,-0.0,-0.0
20,20,unloading,0.65,322b781349e1d476bbfd3e912a415249901e4dcc207844530ec0f845f57f2a0a,3149,78.0,37.0,interior,-0.0,-0.0,-0.0,-0.0,-0.0,-0.0
20,20,unloading,0.65,322b781349e1d476bbfd3e912a415249901e4dcc207844530ec0f845f57f2a0a,3150,79.0,37.0,interior,-0.0,-0.0,-0.0,-0.0,-0.0,-0.0
20,20,unloading,0.65,322b781349e1d476bbfd3e912a415249901e4dcc207844530ec0f845f57f2a0a,3151,80.0,37.0,physical_only,7.266906163754482e-08,-2.1772402906893606e-08,6.326133875031961e-07,-1.1488313977075678e-07,-5.599443258656512e-07,9.311073686386094e-08
20,20,unloading,0.65,322b781349e1d476bbfd3e912a415249901e4dcc207844530ec0f845f57f2a0a,3216,62.0,38.0,physical_only,-4.284643444375652e-06,1.6132179839160083e-07,-3.300932345138772e-06,3.0991933290521355e-08,-9.8371109923688e-07,1.3032986510107948e-07
20,20,unloading,0.65,322b781349e1d476bbfd3e912a415249901e4dcc207844530ec0f845f57f2a0a,3217,63.0,38.0,interior,-0.0,-0.0,-0.0,-0.0,-0.0,-0.0
20,20,unloading,0.65,322b781349e1d476bbfd3e912a415249901e4dcc207844530ec0f845f57f2a0a,3218,64.0,38.0,interior,-0.0,-0.0,-0.0,-0.0,-0.0,-0.0
20,20,unloading,0.65,322b781349e1d476bbfd3e912a415249901e4dcc207844530ec0f845f57f2a0a,3219,65.0,38.0,interior,-0.0,-0.0,-0.0,-0.0,-0.0,-0.0
20,20,unloading,0.65,322b781349e1d476bbfd3e912a415249901e4dcc207844530ec0f845f57f2a0a,3220,66.0,38.0,interior,-0.0,-0.0,-0.0,-0.0,-0.0,-0.0
20,20,unloading,0.65,322b781349e1d476bbfd3e912a415249901e4dcc207844530ec0f845f57f2a0a,3221,67.0,38.0,interior,-0.0,-0.0,-0.0,-0.0,-0.0,-0.0
20,20,unloading,0.65,322b781349e1d476bbfd3e912a415249901e4dcc207844530ec0f845f57f2a0a,3222,68.0,38.0,interior,-0.0,-0.0,-0.0,-0.0,-0.0,-0.0
20,20,unloading,0.65,322b781349e1d476bbfd3e912a415249901e4dcc207844530ec0f845f57f2a0a,3223,69.0,38.0,interior,-0.0,-0.0,-0.0,-0.0,-0.0,-0.0
20,20,unloading,0.65,322b781349e1d476bbfd3e912a415249901e4dcc207844530ec0f845f57f2a0a,3224,70.0,38.0,interior,-0.0,-0.0,-0.0,-0.0,-0.0,-0.0
20,20,unloading,0.65,322b781349e1d476bbfd3e912a415249901e4dcc207844530ec0f845f57f2a0a,3225,71.0,38.0,interior,-0.0,-0.0,-0.0,-0.0,-0.0,-0.0
20,20,unloading,0.65,322b781349e1d476bbfd3e912a415249901e4dcc207844530ec0f845f57f2a0a,3226,72.0,38.0,interior,-0.0,-0.0,-0.0,-0.0,-0.0,-0.0
20,20,unloading,0.65,322b781349e1d476bbfd3e912a415249901e4dcc207844530ec0f845f57f2a0a,3227,73.0,38.0,interior,-0.0,-0.0,-0.0,-0.0,-0.0,-0.0
20,20,unloading,0.65,322b781349e1d476bbfd3e912a415249901e4dcc207844530ec0f845f57f2a0a,3228,74.0,38.0,interior,-0.0,-0.0,-0.0,-0.0,-0.0,-0.0
20,20,unloading,0.65,322b781349e1d476bbfd3e912a415249901e4dcc207844530ec0f845f57f2a0a,3229,75.0,38.0,interior,-0.0,-0.0,-0.0,-0.0,-0.0,-0.0
20,20,unloading,0.65,322b781349e1d476bbfd3e912a415249901e4dcc207844530ec0f845f57f2a0a,3230,76.0,38.0,interior,-0.0,-0.0,-0.0,-0.0,-0.0,-0.0
20,20,unloading,0.65,322b781349e1d476bbfd3e912a415249901e4dcc207844530ec0f845f57f2a0a,3231,77.0,38.0,interior,-0.0,-0.0,-0.0,-0.0,-0.0,-0.0
20,20,unloading,0.65,322b781349e1d476bbfd3e912a415249901e4dcc207844530ec0f845f57f2a0a,3232,78.0,38.0,interior,-0.0,-0.0,-0.0,-0.0,-0.0,-0.0
20,20,unloading,0.65,322b781349e1d476bbfd3e912a415249901e4dcc207844530ec0f845f57f2a0a,3233,79.0,38.0,interior,-0.0,-0.0,-0.0,-0.0,-0.0,-0.0
20,20,unloading,0.65,322b781349e1d476bbfd3e912a415249901e4dcc207844530ec0f845f57f2a0a,3234,80.0,38.0,physical_only,7.201812402803171e-08,-1.4327134307170122e-08,6.15336320529049e-07,-7.625236350769696e-08,-5.433181965010175e-07,6.192522920052756e-08
20,20,unloading,0.65,322b781349e1d476bbfd3e912a415249901e4dcc207844530ec0f845f57f2a0a,3299,62.0,39.0,physical_only,-4.357587217317343e-06,8.686329658959318e-08,-3.328499738378755e-06,1.584945213710525e-08,-1.0290874789385876e-06,7.101384445248783e-08
20,20,unloading,0.65,322b781349e1d476bbfd3e912a415249901e4dcc207844530ec0f845f57f2a0a,3300,63.0,39.0,interior,-0.0,-0.0,-0.0,-0.0,-0.0,-0.0
20,20,unloading,0.65,322b781349e1d476bbfd3e912a415249901e4dcc207844530ec0f845f57f2a0a,3301,64.0,39.0,interior,-0.0,-0.0,-0.0,-0.0,-0.0,-0.0
20,20,unloading,0.65,322b781349e1d476bbfd3e912a415249901e4dcc207844530ec0f845f57f2a0a,3302,65.0,39.0,interior,-0.0,-0.0,-0.0,-0.0,-0.0,-0.0
20,20,unloading,0.65,322b781349e1d476bbfd3e912a415249901e4dcc207844530ec0f845f57f2a0a,3303,66.0,39.0,interior,-0.0,-0.0,-0.0,-0.0,-0.0,-0.0
20,20,unloading,0.65,322b781349e1d476bbfd3e912a415249901e4dcc207844530ec0f845f57f2a0a,3304,67.0,39.0,interior,-0.0,-0.0,-0.0,-0.0,-0.0,-0.0
20,20,unloading,0.65,322b781349e1d476bbfd3e912a415249901e4dcc207844530ec0f845f57f2a0a,3305,68.0,39.0,interior,-0.0,-0.0,-0.0,-0.0,-0.0,-0.0
20,20,unloading,0.65,322b781349e1d476bbfd3e912a415249901e4dcc207844530ec0f845f57f2a0a,3306,69.0,39.0,interior,-0.0,-0.0,-0.0,-0.0,-0.0,-0.0
20,20,unloading,0.65,322b781349e1d476bbfd3e912a415249901e4dcc207844530ec0f845f57f2a0a,3307,70.0,39.0,interior,-0.0,-0.0,-0.0,-0.0,-0.0,-0.0
20,20,unloading,0.65,322b781349e1d476bbfd3e912a415249901e4dcc207844530ec0f845f57f2a0a,3308,71.0,39.0,interior,-0.0,-0.0,-0.0,-0.0,-0.0,-0.0
20,20,unloading,0.65,322b781349e1d476bbfd3e912a415249901e4dcc207844530ec0f845f57f2a0a,3309,72.0,39.0,interior,-0.0,-0.0,-0.0,-0.0,-0.0,-0.0
20,20,unloading,0.65,322b781349e1d476bbfd3e912a415249901e4dcc207844530ec0f845f57f2a0a,3310,73.0,39.0,interior,-0.0,-0.0,-0.0,-0.0,-0.0,-0.0
20,20,unloading,0.65,322b781349e1d476bbfd3e912a415249901e4dcc207844530ec0f845f57f2a0a,3311,74.0,39.0,interior,-0.0,-0.0,-0.0,-0.0,-0.0,-0.0
20,20,unloading,0.65,322b781349e1d476bbfd3e912a415249901e4dcc207844530ec0f845f57f2a0a,3312,75.0,39.0,interior,-0.0,-0.0,-0.0,-0.0,-0.0,-0.0
20,20,unloading,0.65,322b781349e1d476bbfd3e912a415249901e4dcc207844530ec0f845f57f2a0a,3313,76.0,39.0,interior,-0.0,-0.0,-0.0,-0.0,-0.0,-0.0
20,20,unloading,0.65,322b781349e1d476bbfd3e912a415249901e4dcc207844530ec0f845f57f2a0a,3314,77.0,39.0,interior,-0.0,-0.0,-0.0,-0.0,-0.0,-0.0
20,20,unloading,0.65,322b781349e1d476bbfd3e912a415249901e4dcc207844530ec0f845f57f2a0a,3315,78.0,39.0,interior,-0.0,-0.0,-0.0,-0.0,-0.0,-0.0
20,20,unloading,0.65,322b781349e1d476bbfd3e912a415249901e4dcc207844530ec0f845f57f2a0a,3316,79.0,39.0,interior,-0.0,-0.0,-0.0,-0.0,-0.0,-0.0
20,20,unloading,0.65,322b781349e1d476bbfd3e912a415249901e4dcc207844530ec0f845f57f2a0a,3317,80.0,39.0,physical_only,7.162885418872438e-08,-7.107904956690027e-09,6.05071536314288e-07,-3.802591027431661e-08,-5.334426821255636e-07,3.091800531762632e-08
20,20,unloading,0.65,322b781349e1d476bbfd3e912a415249901e4dcc207844530ec0f845f57f2a0a,3382,62.0,40.0,physical_and_cut,-2.1906176315954976e-06,-2.1417158947646967e-06,-1.6688966232715856e-06,-7.484182322497927e-07,-5.217210083239121e-07,-1.393297662514904e-06
20,20,unloading,0.65,322b781349e1d476bbfd3e912a415249901e4dcc207844530ec0f845f57f2a0a,3383,63.0,40.0,cut_only,-0.0,-0.0,-0.0,-0.0,-0.0,-0.0
20,20,unloading,0.65,322b781349e1d476bbfd3e912a415249901e4dcc207844530ec0f845f57f2a0a,3384,64.0,40.0,cut_only,-0.0,-0.0,-0.0,-0.0,-0.0,-0.0
20,20,unloading,0.65,322b781349e1d476bbfd3e912a415249901e4dcc207844530ec0f845f57f2a0a,3385,65.0,40.0,cut_only,-0.0,-0.0,-0.0,-0.0,-0.0,-0.0
20,20,unloading,0.65,322b781349e1d476bbfd3e912a415249901e4dcc207844530ec0f845f57f2a0a,3386,66.0,40.0,cut_only,-0.0,-0.0,-0.0,-0.0,-0.0,-0.0
20,20,unloading,0.65,322b781349e1d476bbfd3e912a415249901e4dcc207844530ec0f845f57f2a0a,3387,67.0,40.0,cut_only,-0.0,-0.0,-0.0,-0.0,-0.0,-0.0
20,20,unloading,0.65,322b781349e1d476bbfd3e912a415249901e4dcc207844530ec0f845f57f2a0a,3388,68.0,40.0,cut_only,-0.0,-0.0,-0.0,-0.0,-0.0,-0.0
20,20,unloading,0.65,322b781349e1d476bbfd3e912a415249901e4dcc207844530ec0f845f57f2a0a,3389,69.0,40.0,cut_only,-0.0,-0.0,-0.0,-0.0,-0.0,-0.0
20,20,unloading,0.65,322b781349e1d476bbfd3e912a415249901e4dcc207844530ec0f845f57f2a0a,3390,70.0,40.0,cut_only,-0.0,-0.0,-0.0,-0.0,-0.0,-0.0
20,20,unloading,0.65,322b781349e1d476bbfd3e912a415249901e4dcc207844530ec0f845f57f2a0a,3391,71.0,40.0,cut_only,-0.0,-0.0,-0.0,-0.0,-0.0,-0.0
20,20,unloading,0.65,322b781349e1d476bbfd3e912a415249901e4dcc207844530ec0f845f57f2a0a,3392,72.0,40.0,cut_only,-0.0,-0.0,-0.0,-0.0,-0.0,-0.0
20,20,unloading,0.65,322b781349e1d476bbfd3e912a415249901e4dcc207844530ec0f845f57f2a0a,3393,73.0,40.0,cut_only,-0.0,-0.0,-0.0,-0.0,-0.0,-0.0
20,20,unloading,0.65,322b781349e1d476bbfd3e912a415249901e4dcc207844530ec0f845f57f2a0a,3394,74.0,40.0,cut_only,-0.0,-0.0,-0.0,-0.0,-0.0,-0.0
20,20,unloading,0.65,322b781349e1d476bbfd3e912a415249901e4dcc207844530ec0f845f57f2a0a,3395,75.0,40.0,cut_only,-0.0,-0.0,-0.0,-0.0,-0.0,-0.0
20,20,unloading,0.65,322b781349e1d476bbfd3e912a415249901e4dcc207844530ec0f845f57f2a0a,3396,76.0,40.0,cut_only,-0.0,-0.0,-0.0,-0.0,-0.0,-0.0
20,20,unloading,0.65,322b781349e1d476bbfd3e912a415249901e4dcc207844530ec0f845f57f2a0a,3397,77.0,40.0,cut_only,-0.0,-0.0,-0.0,-0.0,-0.0,-0.0
20,20,unloading,0.65,322b781349e1d476bbfd3e912a415249901e4dcc207844530ec0f845f57f2a0a,3398,78.0,40.0,cut_only,-0.0,-0.0,-0.0,-0.0,-0.0,-0.0
20,20,unloading,0.65,322b781349e1d476bbfd3e912a415249901e4dcc207844530ec0f845f57f2a0a,3399,79.0,40.0,cut_only,-0.0,-0.0,-0.0,-0.0,-0.0,-0.0
20,20,unloading,0.65,322b781349e1d476bbfd3e912a415249901e4dcc207844530ec0f845f57f2a0a,3400,80.0,40.0,physical_and_cut,3.574965552858359e-08,9.386031270801101e-06,3.008333610599616e-07,-1.4751288165679517e-07,-2.65083705531378e-07,9.533544152457897e-06
21,21,unloading,0.5,f5f4119921cc6cc25d51d8385ec633243b7eb254cf46a7cee8c9aa71f9aacd83,2635,62.0,31.0,physical_only,-0.00023527284758428912,7.711204236785871e-06,-3.513543474158017e-06,3.360229419885814e-06,-0.00023175930411013112,4.350974816900065e-06
21,21,unloading,0.5,f5f4119921cc6cc25d51d8385ec633243b7eb254cf46a7cee8c9aa71f9aacd83,2636,63.0,31.0,physical_only,-1.5105741154366396e-06,-9.708020893252036e-06,-1.7416403362188167e-06,3.715453481254288e-06,2.3106622078217697e-07,-1.342347437450632e-05
21,21,unloading,0.5,f5f4119921cc6cc25d51d8385ec633243b7eb254cf46a7cee8c9aa71f9aacd83,2637,64.0,31.0,physical_only,-8.781672860559178e-07,-1.2179036259562186e-05,-1.761970298720957e-06,4.638036355459672e-06,8.838030126650393e-07,-1.6817072615021863e-05
21,21,unloading,0.5,f5f4119921cc6cc25d51d8385ec633243b7eb254cf46a7cee8c9aa71f9aacd83,2638,65.0,31.0,physical_only,-8.462960740304172e-07,-1.5342365667022462e-05,-1.78696832418627e-06,5.626224000157288e-06,9.406722501558524e-07,-2.0968589667179756e-05
21,21,unloading,0.5,f5f4119921cc6cc25d51d8385ec633243b7eb254cf46a7cee8c9aa71f9aacd83,2639,66.0,31.0,physical_only,-1.2787403482600518e-06,-1.826397372865993e-05,-1.815854316111777e-06,6.695373947127768e-06,5.371139678517254e-07,-2.49593476757877e-05
21,21,unloading,0.5,f5f4119921cc6cc25d51d8385ec633243b7eb254cf46a7cee8c9aa71f9aacd83,2640,67.0,31.0,physical_only,-1.7682428306412154e-06,-2.075913216022021e-05,-1.846593011878966e-06,7.85798056811522e-06,7.835018123775069e-08,-2.8617112728335442e-05
21,21,unloading,0.5,f5f4119921cc6cc25d51d8385ec633243b7eb254cf46a7cee8c9aa71f9aacd83,2641,68.0,31.0,physical_only,-1.8398461463435244e-06,-2.3378823693909743e-05,-1.8780523052000564e-06,9.124258527411202e-06,3.820615885653201e-08,-3.250308222132092e-05
21,21,unloading,0.5,f5f4119921cc6cc25d51d8385ec633243b7eb254cf46a7cee8c9aa71f9aacd83,2642,69.0,31.0,physical_only,-1.977439201550344e-06,-2.643379851300604e-05,-1.90987529508671e-06,1.050436078633115e-05,-6.756390646363379e-08,-3.693815929933721e-05
21,21,unloading,0.5,f5f4119921cc6cc25d51d8385ec633243b7eb254cf46a7cee8c9aa71f9aacd83,2643,70.0,31.0,physical_only,-2.150922933558501e-06,-2.9725945121449992e-05,-1.9422674911412063e-06,1.200985665217317e-05,-2.0865544241729433e-07,-4.1735801773623126e-05
21,21,unloading,0.5,f5f4119921cc6cc25d51d8385ec633243b7eb254cf46a7cee8c9aa71f9aacd83,2644,71.0,31.0,physical_only,-2.370340187824355e-06,-3.3226642226307694e-05,-1.975256232532781e-06,1.3653981956727827e-05,-3.950839552915743e-07,-4.6880624183035565e-05
21,21,unloading,0.5,f5f4119921cc6cc25d51d8385ec633243b7eb254cf46a7cee8c9aa71f9aacd83,2645,72.0,31.0,physical_only,-2.6381309123188208e-06,-3.689290121473821e-05,-2.0088999470377356e-06,1.545176062597054e-05,-6.292309652810856e-07,-5.234466184070877e-05
21,21,unloading,0.5,f5f4119921cc6cc25d51d8385ec633243b7eb254cf46a7cee8c9aa71f9aacd83,2646,73.0,31.0,physical_only,-3.0504975287097e-06,-4.0332091183420047e-05,-2.0430328285568867e-06,1.741990183923289e-05,-1.0074647001528132e-06,-5.775199302265291e-05
21,21,unloading,0.5,f5f4119921cc6cc25d51d8385ec633243b7eb254cf46a7cee8c9aa71f9aacd83,2647,74.0,31.0,physical_only,-2.634182392301367e-06,-4.37808858144681e-05,-2.0779376872624032e-06,1.957730242585617e-05,-5.562447050389641e-07,-6.335818824032427e-05
21,21,unloading,0.5,f5f4119921cc6cc25d51d8385ec633243b7eb254cf46a7cee8c9aa71f9aacd83,2648,75.0,31.0,physical_only,-1.5102200197979724e-06,-4.878090156399501e-05,-2.1148707272678425e-06,2.19476999034727e-05,6.046507074698703e-07,-7.072860146746767e-05
21,21,unloading,0.5,f5f4119921cc6cc25d51d8385ec633243b7eb254cf46a7cee8c9aa71f9aacd83,2649,76.0,31.0,physical_only,-1.9044019509069406e-09,-5.7288400894660524e-05,-2.156845362118896e-06,2.4565903647426282e-05,2.1549409601679893e-06,-8.185430454208688e-05
21,21,unloading,0.5,f5f4119921cc6cc25d51d8385ec633243b7eb254cf46a7cee8c9aa71f9aacd83,2650,77.0,31.0,physical_only,1.1397410110220094e-07,-6.772896430168828e-05,-2.2060742509645587e-06,2.748181258622409e-05,2.3200483520667588e-06,-9.521077688791238e-05
21,21,unloading,0.5,f5f4119921cc6cc25d51d8385ec633243b7eb254cf46a7cee8c9aa71f9aacd83,2651,78.0,31.0,physical_only,-1.6982137522541387e-07,-7.874414698413055e-05,-2.2634683280372367e-06,3.075833714741527e-05,2.0936469528118233e-06,-0.00010950248413154598
21,21,unloading,0.5,f5f4119921cc6cc25d51d8385ec633243b7eb254cf46a7cee8c9aa71f9aacd83,2652,79.0,31.0,physical_only,-7.198971045409891e-07,-8.554699741811504e-05,-2.327025875181623e-06,3.446602800146502e-05,1.607128770640635e-06,-0.00012001302541957994
21,21,unloading,0.5,f5f4119921cc6cc25d51d8385ec633243b7eb254cf46a7cee8c9aa71f9aacd83,2653,80.0,31.0,physical_only,-9.82448748457265e-06,0.001105199575581851,-9.335637691659887e-07,3.678872921181699e-05,-8.890923715406661e-06,0.0010684108463700338
21,21,unloading,0.5,f5f4119921cc6cc25d51d8385ec633243b7eb254cf46a7cee8c9aa71f9aacd83,2718,62.0,32.0,physical_only,-4.764969391833462e-06,-1.0601436304649884e-06,-2.2522120468557897e-06,1.1231298185890241e-07,-2.5127573449776727e-06,-1.172456612323891e-06
21,21,unloading,0.5,f5f4119921cc6cc25d51d8385ec633243b7eb254cf46a7cee8c9aa71f9aacd83,2719,63.0,32.0,interior,-0.0,-0.0,-0.0,-0.0,-0.0,-0.0
21,21,unloading,0.5,f5f4119921cc6cc25d51d8385ec633243b7eb254cf46a7cee8c9aa71f9aacd83,2720,64.0,32.0,interior,-0.0,-0.0,-0.0,-0.0,-0.0,-0.0
21,21,unloading,0.5,f5f4119921cc6cc25d51d8385ec633243b7eb254cf46a7cee8c9aa71f9aacd83,2721,65.0,32.0,interior,-0.0,-0.0,-0.0,-0.0,-0.0,-0.0
21,21,unloading,0.5,f5f4119921cc6cc25d51d8385ec633243b7eb254cf46a7cee8c9aa71f9aacd83,2722,66.0,32.0,interior,-0.0,-0.0,-0.0,-0.0,-0.0,-0.0
21,21,unloading,0.5,f5f4119921cc6cc25d51d8385ec633243b7eb254cf46a7cee8c9aa71f9aacd83,2723,67.0,32.0,interior,-0.0,-0.0,-0.0,-0.0,-0.0,-0.0
21,21,unloading,0.5,f5f4119921cc6cc25d51d8385ec633243b7eb254cf46a7cee8c9aa71f9aacd83,2724,68.0,32.0,interior,-0.0,-0.0,-0.0,-0.0,-0.0,-0.0
21,21,unloading,0.5,f5f4119921cc6cc25d51d8385ec633243b7eb254cf46a7cee8c9aa71f9aacd83,2725,69.0,32.0,interior,-0.0,-0.0,-0.0,-0.0,-0.0,-0.0
21,21,unloading,0.5,f5f4119921cc6cc25d51d8385ec633243b7eb254cf46a7cee8c9aa71f9aacd83,2726,70.0,32.0,interior,-0.0,-0.0,-0.0,-0.0,-0.0,-0.0
21,21,unloading,0.5,f5f4119921cc6cc25d51d8385ec633243b7eb254cf46a7cee8c9aa71f9aacd83,2727,71.0,32.0,interior,-0.0,-0.0,-0.0,-0.0,-0.0,-0.0
21,21,unloading,0.5,f5f4119921cc6cc25d51d8385ec633243b7eb254cf46a7cee8c9aa71f9aacd83,2728,72.0,32.0,interior,-0.0,-0.0,-0.0,-0.0,-0.0,-0.0
21,21,unloading,0.5,f5f4119921cc6cc25d51d8385ec633243b7eb254cf46a7cee8c9aa71f9aacd83,2729,73.0,32.0,interior,-0.0,-0.0,-0.0,-0.0,-0.0,-0.0
21,21,unloading,0.5,f5f4119921cc6cc25d51d8385ec633243b7eb254cf46a7cee8c9aa71f9aacd83,2730,74.0,32.0,interior,-0.0,-0.0,-0.0,-0.0,-0.0,-0.0
21,21,unloading,0.5,f5f4119921cc6cc25d51d8385ec633243b7eb254cf46a7cee8c9aa71f9aacd83,2731,75.0,32.0,interior,-0.0,-0.0,-0.0,-0.0,-0.0,-0.0
21,21,unloading,0.5,f5f4119921cc6cc25d51d8385ec633243b7eb254cf46a7cee8c9aa71f9aacd83,2732,76.0,32.0,interior,-0.0,-0.0,-0.0,-0.0,-0.0,-0.0
21,21,unloading,0.5,f5f4119921cc6cc25d51d8385ec633243b7eb254cf46a7cee8c9aa71f9aacd83,2733,77.0,32.0,interior,-0.0,-0.0,-0.0,-0.0,-0.0,-0.0
21,21,unloading,0.5,f5f4119921cc6cc25d51d8385ec633243b7eb254cf46a7cee8c9aa71f9aacd83,2734,78.0,32.0,interior,-0.0,-0.0,-0.0,-0.0,-0.0,-0.0
21,21,unloading,0.5,f5f4119921cc6cc25d51d8385ec633243b7eb254cf46a7cee8c9aa71f9aacd83,2735,79.0,32.0,interior,-0.0,-0.0,-0.0,-0.0,-0.0,-0.0
21,21,unloading,0.5,f5f4119921cc6cc25d51d8385ec633243b7eb254cf46a7cee8c9aa71f9aacd83,2736,80.0,32.0,physical_only,2.2936476677668703e-08,-3.847468550655334e-08,5.430476473702006e-07,-8.765072743162522e-08,-5.20111170692532e-07,4.91760419250719e-08
21,21,unloading,0.5,f5f4119921cc6cc25d51d8385ec633243b7eb254cf46a7cee8c9aa71f9aacd83,2801,62.0,33.0,physical_only,-3.705394905069652e-06,-7.227421400332345e-07,-2.3573001326353606e-06,8.781912747000414e-08,-1.3480947724342915e-06,-8.105612675032387e-07
21,21,unloading,0.5,f5f4119921cc6cc25d51d8385ec633243b7eb254cf46a7cee8c9aa71f9aacd83,2802,63.0,33.0,interior,-0.0,-0.0,-0.0,-0.0,-0.0,-0.0
21,21,unloading,0.5,f5f4119921cc6cc25d51d8385ec633243b7eb254cf46a7cee8c9aa71f9aacd83,2803,64.0,33.0,interior,-0.0,-0.0,-0.0,-0.0,-0.0,-0.0
21,21,unloading,0.5,f5f4119921cc6cc25d51d8385ec633243b7eb254cf46a7cee8c9aa71f9aacd83,2804,65.0,33.0,interior,-0.0,-0.0,-0.0,-0.0,-0.0,-0.0
21,21,unloading,0.5,f5f4119921cc6cc25d51d8385ec633243b7eb254cf46a7cee8c9aa71f9aacd83,2805,66.0,33.0,interior,-0.0,-0.0,-0.0,-0.0,-0.0,-0.0
21,21,unloading,0.5,f5f4119921cc6cc25d51d8385ec633243b7eb254cf46a7cee8c9aa71f9aacd83,2806,67.0,33.0,interior,-0.0,-0.0,-0.0,-0.0,-0.0,-0.0
21,21,unloading,0.5,f5f4119921cc6cc25d51d8385ec633243b7eb254cf46a7cee8c9aa71f9aacd83,2807,68.0,33.0,interior,-0.0,-0.0,-0.0,-0.0,-0.0,-0.0
21,21,unloading,0.5,f5f4119921cc6cc25d51d8385ec633243b7eb254cf46a7cee8c9aa71f9aacd83,2808,69.0,33.0,interior,-0.0,-0.0,-0.0,-0.0,-0.0,-0.0
21,21,unloading,0.5,f5f4119921cc6cc25d51d8385ec633243b7eb254cf46a7cee8c9aa71f9aacd83,2809,70.0,33.0,interior,-0.0,-0.0,-0.0,-0.0,-0.0,-0.0
21,21,unloading,0.5,f5f4119921cc6cc25d51d8385ec633243b7eb254cf46a7cee8c9aa71f9aacd83,2810,71.0,33.0,interior,-0.0,-0.0,-0.0,-0.0,-0.0,-0.0
21,21,unloading,0.5,f5f4119921cc6cc25d51d8385ec633243b7eb254cf46a7cee8c9aa71f9aacd83,2811,72.0,33.0,interior,-0.0,-0.0,-0.0,-0.0,-0.0,-0.0
21,21,unloading,0.5,f5f4119921cc6cc25d51d8385ec633243b7eb254cf46a7cee8c9aa71f9aacd83,2812,73.0,33.0,interior,-0.0,-0.0,-0.0,-0.0,-0.0,-0.0
21,21,unloading,0.5,f5f4119921cc6cc25d51d8385ec633243b7eb254cf46a7cee8c9aa71f9aacd83,2813,74.0,33.0,interior,-0.0,-0.0,-0.0,-0.0,-0.0,-0.0
21,21,unloading,0.5,f5f4119921cc6cc25d51d8385ec633243b7eb254cf46a7cee8c9aa71f9aacd83,2814,75.0,33.0,interior,-0.0,-0.0,-0.0,-0.0,-0.0,-0.0
21,21,unloading,0.5,f5f4119921cc6cc25d51d8385ec633243b7eb254cf46a7cee8c9aa71f9aacd83,2815,76.0,33.0,interior,-0.0,-0.0,-0.0,-0.0,-0.0,-0.0
21,21,unloading,0.5,f5f4119921cc6cc25d51d8385ec633243b7eb254cf46a7cee8c9aa71f9aacd83,2816,77.0,33.0,interior,-0.0,-0.0,-0.0,-0.0,-0.0,-0.0
21,21,unloading,0.5,f5f4119921cc6cc25d51d8385ec633243b7eb254cf46a7cee8c9aa71f9aacd83,2817,78.0,33.0,interior,-0.0,-0.0,-0.0,-0.0,-0.0,-0.0
21,21,unloading,0.5,f5f4119921cc6cc25d51d8385ec633243b7eb254cf46a7cee8c9aa71f9aacd83,2818,79.0,33.0,interior,-0.0,-0.0,-0.0,-0.0,-0.0,-0.0
21,21,unloading,0.5,f5f4119921cc6cc25d51d8385ec633243b7eb254cf46a7cee8c9aa71f9aacd83,2819,80.0,33.0,physical_only,2.2215866220664082e-08,-3.251641787747558e-08,5.046373381634773e-07,-7.57110963155079e-08,-4.824214719428132e-07,4.319467843803232e-08
21,21,unloading,0.5,f5f4119921cc6cc25d51d8385ec633243b7eb254cf46a7cee8c9aa71f9aacd83,2884,62.0,34.0,physical_only,-3.2218800155156906e-06,-3.3553495252529e-07,-2.4383111482711456e-06,7.169732566740619e-08,-7.835688672445446e-07,-4.072322781926965e-07
21,21,unloading,0.5,f5f4119921cc6cc25d51d8385ec633243b7eb254cf46a7cee8c9aa71f9aacd83,2885,63.0,34.0,interior,-0.0,-0.0,-0.0,-0.0,-0.0,-0.0
21,21,unloading,0.5,f5f4119921cc6cc25d51d8385ec633243b7eb254cf46a7cee8c9aa71f9aacd83,2886,64.0,34.0,interior,-0.0,-0.0,-0.0,-0.0,-0.0,-0.0
21,21,unloading,0.5,f5f4119921cc6cc25d51d8385ec633243b7eb254cf46a7cee8c9aa71f9aacd83,2887,65.0,34.0,interior,-0.0,-0.0,-0.0,-0.0,-0.0,-0.0
21,21,unloading,0.5,f5f4119921cc6cc25d51d8385ec633243b7eb254cf46a7cee8c9aa71f9aacd83,2888,66.0,34.0,interior,-0.0,-0.0,-0.0,-0.0,-0.0,-0.0
21,21,unloading,0.5,f5f4119921cc6cc25d51d8385ec633243b7eb254cf46a7cee8c9aa71f9aacd83,2889,67.0,34.0,interior,-0.0,-0.0,-0.0,-0.0,-0.0,-0.0
21,21,unloading,0.5,f5f4119921cc6cc25d51d8385ec633243b7eb254cf46a7cee8c9aa71f9aacd83,2890,68.0,34.0,interior,-0.0,-0.0,-0.0,-0.0,-0.0,-0.0
21,21,unloading,0.5,f5f4119921cc6cc25d51d8385ec633243b7eb254cf46a7cee8c9aa71f9aacd83,2891,69.0,34.0,interior,-0.0,-0.0,-0.0,-0.0,-0.0,-0.0
21,21,unloading,0.5,f5f4119921cc6cc25d51d8385ec633243b7eb254cf46a7cee8c9aa71f9aacd83,2892,70.0,34.0,interior,-0.0,-0.0,-0.0,-0.0,-0.0,-0.0
21,21,unloading,0.5,f5f4119921cc6cc25d51d8385ec633243b7eb254cf46a7cee8c9aa71f9aacd83,2893,71.0,34.0,interior,-0.0,-0.0,-0.0,-0.0,-0.0,-0.0
21,21,unloading,0.5,f5f4119921cc6cc25d51d8385ec633243b7eb254cf46a7cee8c9aa71f9aacd83,2894,72.0,34.0,interior,-0.0,-0.0,-0.0,-0.0,-0.0,-0.0
21,21,unloading,0.5,f5f4119921cc6cc25d51d8385ec633243b7eb254cf46a7cee8c9aa71f9aacd83,2895,73.0,34.0,interior,-0.0,-0.0,-0.0,-0.0,-0.0,-0.0
21,21,unloading,0.5,f5f4119921cc6cc25d51d8385ec633243b7eb254cf46a7cee8c9aa71f9aacd83,2896,74.0,34.0,interior,-0.0,-0.0,-0.0,-0.0,-0.0,-0.0
21,21,unloading,0.5,f5f4119921cc6cc25d51d8385ec633243b7eb254cf46a7cee8c9aa71f9aacd83,2897,75.0,34.0,interior,-0.0,-0.0,-0.0,-0.0,-0.0,-0.0
21,21,unloading,0.5,f5f4119921cc6cc25d51d8385ec633243b7eb254cf46a7cee8c9aa71f9aacd83,2898,76.0,34.0,interior,-0.0,-0.0,-0.0,-0.0,-0.0,-0.0
21,21,unloading,0.5,f5f4119921cc6cc25d51d8385ec633243b7eb254cf46a7cee8c9aa71f9aacd83,2899,77.0,34.0,interior,-0.0,-0.0,-0.0,-0.0,-0.0,-0.0
21,21,unloading,0.5,f5f4119921cc6cc25d51d8385ec633243b7eb254cf46a7cee8c9aa71f9aacd83,2900,78.0,34.0,interior,-0.0,-0.0,-0.0,-0.0,-0.0,-0.0
21,21,unloading,0.5,f5f4119921cc6cc25d51d8385ec633243b7eb254cf46a7cee8c9aa71f9aacd83,2901,79.0,34.0,interior,-0.0,-0.0,-0.0,-0.0,-0.0,-0.0
21,21,unloading,0.5,f5f4119921cc6cc25d51d8385ec633243b7eb254cf46a7cee8c9aa71f9aacd83,2902,80.0,34.0,physical_only,2.1606656188818823e-08,-2.704506646440203e-08,4.723794435786327e-07,-6.417902072782417e-08,-4.5077278738981394e-07,3.7133954263422335e-08
21,21,unloading,0.5,f5f4119921cc6cc25d51d8385ec633243b7eb254cf46a7cee8c9aa71f9aacd83,2967,62.0,35.0,physical_only,-3.1040726778023176e-06,-3.199187249083762e-08,-2.5042421773149557e-06,5.991147098607356e-08,-5.998305004873619e-07,-9.190334347691118e-08
21,21,unloading,0.5,f5f4119921cc6cc25d51d8385ec633243b7eb254cf46a7cee8c9aa71f9aacd83,2968,63.0,35.0,interior,-0.0,-0.0,-0.0,-0.0,-0.0,-0.0
21,21,unloading,0.5,f5f4119921cc6cc25d51d8385ec633243b7eb254cf46a7cee8c9aa71f9aacd83,2969,64.0,35.0,interior,-0.0,-0.0,-0.0,-0.0,-0.0,-0.0
21,21,unloading,0.5,f5f4119921cc6cc25d51d8385ec633243b7eb254cf46a7cee8c9aa71f9aacd83,2970,65.0,35.0,interior,-0.0,-0.0,-0.0,-0.0,-0.0,-0.0
21,21,unloading,0.5,f5f4119921cc6cc25d51d8385ec633243b7eb254cf46a7cee8c9aa71f9aacd83,2971,66.0,35.0,interior,-0.0,-0.0,-0.0,-0.0,-0.0,-0.0
21,21,unloading,0.5,f5f4119921cc6cc25d51d8385ec633243b7eb254cf46a7cee8c9aa71f9aacd83,2972,67.0,35.0,interior,-0.0,-0.0,-0.0,-0.0,-0.0,-0.0
21,21,unloading,0.5,f5f4119921cc6cc25d51d8385ec633243b7eb254cf46a7cee8c9aa71f9aacd83,2973,68.0,35.0,interior,-0.0,-0.0,-0.0,-0.0,-0.0,-0.0
21,21,unloading,0.5,f5f4119921cc6cc25d51d8385ec633243b7eb254cf46a7cee8c9aa71f9aacd83,2974,69.0,35.0,interior,-0.0,-0.0,-0.0,-0.0,-0.0,-0.0
21,21,unloading,0.5,f5f4119921cc6cc25d51d8385ec633243b7eb254cf46a7cee8c9aa71f9aacd83,2975,70.0,35.0,interior,-0.0,-0.0,-0.0,-0.0,-0.0,-0.0
21,21,unloading,0.5,f5f4119921cc6cc25d51d8385ec633243b7eb254cf46a7cee8c9aa71f9aacd83,2976,71.0,35.0,interior,-0.0,-0.0,-0.0,-0.0,-0.0,-0.0
21,21,unloading,0.5,f5f4119921cc6cc25d51d8385ec633243b7eb254cf46a7cee8c9aa71f9aacd83,2977,72.0,35.0,interior,-0.0,-0.0,-0.0,-0.0,-0.0,-0.0
21,21,unloading,0.5,f5f4119921cc6cc25d51d8385ec633243b7eb254cf46a7cee8c9aa71f9aacd83,2978,73.0,35.0,interior,-0.0,-0.0,-0.0,-0.0,-0.0,-0.0
21,21,unloading,0.5,f5f4119921cc6cc25d51d8385ec633243b7eb254cf46a7cee8c9aa71f9aacd83,2979,74.0,35.0,interior,-0.0,-0.0,-0.0,-0.0,-0.0,-0.0
21,21,unloading,0.5,f5f4119921cc6cc25d51d8385ec633243b7eb254cf46a7cee8c9aa71f9aacd83,2980,75.0,35.0,interior,-0.0,-0.0,-0.0,-0.0,-0.0,-0.0
21,21,unloading,0.5,f5f4119921cc6cc25d51d8385ec633243b7eb254cf46a7cee8c9aa71f9aacd83,2981,76.0,35.0,interior,-0.0,-0.0,-0.0,-0.0,-0.0,-0.0
21,21,unloading,0.5,f5f4119921cc6cc25d51d8385ec633243b7eb254cf46a7cee8c9aa71f9aacd83,2982,77.0,35.0,interior,-0.0,-0.0,-0.0,-0.0,-0.0,-0.0
21,21,unloading,0.5,f5f4119921cc6cc25d51d8385ec633243b7eb254cf46a7cee8c9aa71f9aacd83,2983,78.0,35.0,interior,-0.0,-0.0,-0.0,-0.0,-0.0,-0.0
21,21,unloading,0.5,f5f4119921cc6cc25d51d8385ec633243b7eb254cf46a7cee8c9aa71f9aacd83,2984,79.0,35.0,interior,-0.0,-0.0,-0.0,-0.0,-0.0,-0.0
21,21,unloading,0.5,f5f4119921cc6cc25d51d8385ec633243b7eb254cf46a7cee8c9aa71f9aacd83,2985,80.0,35.0,physical_only,2.1101690284358794e-08,-2.1970845070781434e-08,4.4581189449354194e-07,-5.2985802056464757e-08,-4.2471020420918336e-07,3.101495698568318e-08
21,21,unloading,0.5,f5f4119921cc6cc25d51d8385ec633243b7eb254cf46a7cee8c9aa71f9aacd83,3050,62.0,36.0,physical_only,-3.1800049215952787e-06,1.2772561581627328e-07,-2.558890830185397e-06,4.9448348460539065e-08,-6.211140914098812e-07,7.827726735573411e-08
21,21,unloading,0.5,f5f4119921cc6cc25d51d8385ec633243b7eb254cf46a7cee8c9aa71f9aacd83,3051,63.0,36.0,interior,-0.0,-0.0,-0.0,-0.0,-0.0,-0.0
21,21,unloading,0.5,f5f4119921cc6cc25d51d8385ec633243b7eb254cf46a7cee8c9aa71f9aacd83,3052,64.0,36.0,interior,-0.0,-0.0,-0.0,-0.0,-0.0,-0.0
21,21,unloading,0.5,f5f4119921cc6cc25d51d8385ec633243b7eb254cf46a7cee8c9aa71f9aacd83,3053,65.0,36.0,interior,-0.0,-0.0,-0.0,-0.0,-0.0,-0.0
21,21,unloading,0.5,f5f4119921cc6cc25d51d8385ec633243b7eb254cf46a7cee8c9aa71f9aacd83,3054,66.0,36.0,interior,-0.0,-0.0,-0.0,-0.0,-0.0,-0.0
21,21,unloading,0.5,f5f4119921cc6cc25d51d8385ec633243b7eb254cf46a7cee8c9aa71f9aacd83,3055,67.0,36.0,interior,-0.0,-0.0,-0.0,-0.0,-0.0,-0.0
21,21,unloading,0.5,f5f4119921cc6cc25d51d8385ec633243b7eb254cf46a7cee8c9aa71f9aacd83,3056,68.0,36.0,interior,-0.0,-0.0,-0.0,-0.0,-0.0,-0.0
21,21,unloading,0.5,f5f4119921cc6cc25d51d8385ec633243b7eb254cf46a7cee8c9aa71f9aacd83,3057,69.0,36.0,interior,-0.0,-0.0,-0.0,-0.0,-0.0,-0.0
21,21,unloading,0.5,f5f4119921cc6cc25d51d8385ec633243b7eb254cf46a7cee8c9aa71f9aacd83,3058,70.0,36.0,interior,-0.0,-0.0,-0.0,-0.0,-0.0,-0.0
21,21,unloading,0.5,f5f4119921cc6cc25d51d8385ec633243b7eb254cf46a7cee8c9aa71f9aacd83,3059,71.0,36.0,interior,-0.0,-0.0,-0.0,-0.0,-0.0,-0.0
21,21,unloading,0.5,f5f4119921cc6cc25d51d8385ec633243b7eb254cf46a7cee8c9aa71f9aacd83,3060,72.0,36.0,interior,-0.0,-0.0,-0.0,-0.0,-0.0,-0.0
21,21,unloading,0.5,f5f4119921cc6cc25d51d8385ec633243b7eb254cf46a7cee8c9aa71f9aacd83,3061,73.0,36.0,interior,-0.0,-0.0,-0.0,-0.0,-0.0,-0.0
21,21,unloading,0.5,f5f4119921cc6cc25d51d8385ec633243b7eb254cf46a7cee8c9aa71f9aacd83,3062,74.0,36.0,interior,-0.0,-0.0,-0.0,-0.0,-0.0,-0.0
21,21,unloading,0.5,f5f4119921cc6cc25d51d8385ec633243b7eb254cf46a7cee8c9aa71f9aacd83,3063,75.0,36.0,interior,-0.0,-0.0,-0.0,-0.0,-0.0,-0.0
21,21,unloading,0.5,f5f4119921cc6cc25d51d8385ec633243b7eb254cf46a7cee8c9aa71f9aacd83,3064,76.0,36.0,interior,-0.0,-0.0,-0.0,-0.0,-0.0,-0.0
21,21,unloading,0.5,f5f4119921cc6cc25d51d8385ec633243b7eb254cf46a7cee8c9aa71f9aacd83,3065,77.0,36.0,interior,-0.0,-0.0,-0.0,-0.0,-0.0,-0.0
21,21,unloading,0.5,f5f4119921cc6cc25d51d8385ec633243b7eb254cf46a7cee8c9aa71f9aacd83,3066,78.0,36.0,interior,-0.0,-0.0,-0.0,-0.0,-0.0,-0.0
21,21,unloading,0.5,f5f4119921cc6cc25d51d8385ec633243b7eb254cf46a7cee8c9aa71f9aacd83,3067,79.0,36.0,interior,-0.0,-0.0,-0.0,-0.0,-0.0,-0.0
21,21,unloading,0.5,f5f4119921cc6cc25d51d8385ec633243b7eb254cf46a7cee8c9aa71f9aacd83,3068,80.0,36.0,physical_only,2.069539260413723e-08,-1.7214069198394304e-08,4.245596557046157e-07,-4.2067912370096476e-08,-4.0386426310047835e-07,2.4853843171702398e-08
21,21,unloading,0.5,f5f4119921cc6cc25d51d8385ec633243b7eb254cf46a7cee8c9aa71f9aacd83,3133,62.0,37.0,physical_only,-3.309001216708486e-06,1.716334618322623e-07,-2.6028939958348827e-06,3.852874234096105e-08,-7.061072208736029e-07,1.3310471949130125e-07
21,21,unloading,0.5,f5f4119921cc6cc25d51d8385ec633243b7eb254cf46a7cee8c9aa71f9aacd83,3134,63.0,37.0,interior,-0.0,-0.0,-0.0,-0.0,-0.0,-0.0
21,21,unloading,0.5,f5f4119921cc6cc25d51d8385ec633243b7eb254cf46a7cee8c9aa71f9aacd83,3135,64.0,37.0,interior,-0.0,-0.0,-0.0,-0.0,-0.0,-0.0
21,21,unloading,0.5,f5f4119921cc6cc25d51d8385ec633243b7eb254cf46a7cee8c9aa71f9aacd83,3136,65.0,37.0,interior,-0.0,-0.0,-0.0,-0.0,-0.0,-0.0
21,21,unloading,0.5,f5f4119921cc6cc25d51d8385ec633243b7eb254cf46a7cee8c9aa71f9aacd83,3137,66.0,37.0,interior,-0.0,-0.0,-0.0,-0.0,-0.0,-0.0
21,21,unloading,0.5,f5f4119921cc6cc25d51d8385ec633243b7eb254cf46a7cee8c9aa71f9aacd83,3138,67.0,37.0,interior,-0.0,-0.0,-0.0,-0.0,-0.0,-0.0
21,21,unloading,0.5,f5f4119921cc6cc25d51d8385ec633243b7eb254cf46a7cee8c9aa71f9aacd83,3139,68.0,37.0,interior,-0.0,-0.0,-0.0,-0.0,-0.0,-0.0
21,21,unloading,0.5,f5f4119921cc6cc25d51d8385ec633243b7eb254cf46a7cee8c9aa71f9aacd83,3140,69.0,37.0,interior,-0.0,-0.0,-0.0,-0.0,-0.0,-0.0
21,21,unloading,0.5,f5f4119921cc6cc25d51d8385ec633243b7eb254cf46a7cee8c9aa71f9aacd83,3141,70.0,37.0,interior,-0.0,-0.0,-0.0,-0.0,-0.0,-0.0
21,21,unloading,0.5,f5f4119921cc6cc25d51d8385ec633243b7eb254cf46a7cee8c9aa71f9aacd83,3142,71.0,37.0,interior,-0.0,-0.0,-0.0,-0.0,-0.0,-0.0
21,21,unloading,0.5,f5f4119921cc6cc25d51d8385ec633243b7eb254cf46a7cee8c9aa71f9aacd83,3143,72.0,37.0,interior,-0.0,-0.0,-0.0,-0.0,-0.0,-0.0
21,21,unloading,0.5,f5f4119921cc6cc25d51d8385ec633243b7eb254cf46a7cee8c9aa71f9aacd83,3144,73.0,37.0,interior,-0.0,-0.0,-0.0,-0.0,-0.0,-0.0
21,21,unloading,0.5,f5f4119921cc6cc25d51d8385ec633243b7eb254cf46a7cee8c9aa71f9aacd83,3145,74.0,37.0,interior,-0.0,-0.0,-0.0,-0.0,-0.0,-0.0
21,21,unloading,0.5,f5f4119921cc6cc25d51d8385ec633243b7eb254cf46a7cee8c9aa71f9aacd83,3146,75.0,37.0,interior,-0.0,-0.0,-0.0,-0.0,-0.0,-0.0
21,21,unloading,0.5,f5f4119921cc6cc25d51d8385ec633243b7eb254cf46a7cee8c9aa71f9aacd83,3147,76.0,37.0,interior,-0.0,-0.0,-0.0,-0.0,-0.0,-0.0
21,21,unloading,0.5,f5f4119921cc6cc25d51d8385ec633243b7eb254cf46a7cee8c9aa71f9aacd83,3148,77.0,37.0,interior,-0.0,-0.0,-0.0,-0.0,-0.0,-0.0
21,21,unloading,0.5,f5f4119921cc6cc25d51d8385ec633243b7eb254cf46a7cee8c9aa71f9aacd83,3149,78.0,37.0,interior,-0.0,-0.0,-0.0,-0.0,-0.0,-0.0
21,21,unloading,0.5,f5f4119921cc6cc25d51d8385ec633243b7eb254cf46a7cee8c9aa71f9aacd83,3150,79.0,37.0,interior,-0.0,-0.0,-0.0,-0.0,-0.0,-0.0
21,21,unloading,0.5,f5f4119921cc6cc25d51d8385ec633243b7eb254cf46a7cee8c9aa71f9aacd83,3151,80.0,37.0,physical_only,2.038349815832794e-08,-1.2702807948717578e-08,4.083262641577661e-07,-3.1365843137768894e-08,-3.8794276599943815e-07,1.866303518905117e-08
21,21,unloading,0.5,f5f4119921cc6cc25d51d8385ec633243b7eb254cf46a7cee8c9aa71f9aacd83,3216,62.0,38.0,physical_only,-3.4210150996016816e-06,1.418657667292619e-07,-2.6354507568425116e-06,2.6532759406675145e-08,-7.8556434275917e-07,1.1533300732258674e-07
21,21,unloading,0.5,f5f4119921cc6cc25d51d8385ec633243b7eb254cf46a7cee8c9aa71f9aacd83,3217,63.0,38.0,interior,-0.0,-0.0,-0.0,-0.0,-0.0,-0.0
21,21,unloading,0.5,f5f4119921cc6cc25d51d8385ec633243b7eb254cf46a7cee8c9aa71f9aacd83,3218,64.0,38.0,interior,-0.0,-0.0,-0.0,-0.0,-0.0,-0.0
21,21,unloading,0.5,f5f4119921cc6cc25d51d8385ec633243b7eb254cf46a7cee8c9aa71f9aacd83,3219,65.0,38.0,interior,-0.0,-0.0,-0.0,-0.0,-0.0,-0.0
21,21,unloading,0.5,f5f4119921cc6cc25d51d8385ec633243b7eb254cf46a7cee8c9aa71f9aacd83,3220,66.0,38.0,interior,-0.0,-0.0,-0.0,-0.0,-0.0,-0.0
21,21,unloading,0.5,f5f4119921cc6cc25d51d8385ec633243b7eb254cf46a7cee8c9aa71f9aacd83,3221,67.0,38.0,interior,-0.0,-0.0,-0.0,-0.0,-0.0,-0.0
21,21,unloading,0.5,f5f4119921cc6cc25d51d8385ec633243b7eb254cf46a7cee8c9aa71f9aacd83,3222,68.0,38.0,interior,-0.0,-0.0,-0.0,-0.0,-0.0,-0.0
21,21,unloading,0.5,f5f4119921cc6cc25d51d8385ec633243b7eb254cf46a7cee8c9aa71f9aacd83,3223,69.0,38.0,interior,-0.0,-0.0,-0.0,-0.0,-0.0,-0.0
21,21,unloading,0.5,f5f4119921cc6cc25d51d8385ec633243b7eb254cf46a7cee8c9aa71f9aacd83,3224,70.0,38.0,interior,-0.0,-0.0,-0.0,-0.0,-0.0,-0.0
21,21,unloading,0.5,f5f4119921cc6cc25d51d8385ec633243b7eb254cf46a7cee8c9aa71f9aacd83,3225,71.0,38.0,interior,-0.0,-0.0,-0.0,-0.0,-0.0,-0.0
21,21,unloading,0.5,f5f4119921cc6cc25d51d8385ec633243b7eb254cf46a7cee8c9aa71f9aacd83,3226,72.0,38.0,interior,-0.0,-0.0,-0.0,-0.0,-0.0,-0.0
21,21,unloading,0.5,f5f4119921cc6cc25d51d8385ec633243b7eb254cf46a7cee8c9aa71f9aacd83,3227,73.0,38.0,interior,-0.0,-0.0,-0.0,-0.0,-0.0,-0.0
21,21,unloading,0.5,f5f4119921cc6cc25d51d8385ec633243b7eb254cf46a7cee8c9aa71f9aacd83,3228,74.0,38.0,interior,-0.0,-0.0,-0.0,-0.0,-0.0,-0.0
21,21,unloading,0.5,f5f4119921cc6cc25d51d8385ec633243b7eb254cf46a7cee8c9aa71f9aacd83,3229,75.0,38.0,interior,-0.0,-0.0,-0.0,-0.0,-0.0,-0.0
21,21,unloading,0.5,f5f4119921cc6cc25d51d8385ec633243b7eb254cf46a7cee8c9aa71f9aacd83,3230,76.0,38.0,interior,-0.0,-0.0,-0.0,-0.0,-0.0,-0.0
21,21,unloading,0.5,f5f4119921cc6cc25d51d8385ec633243b7eb254cf46a7cee8c9aa71f9aacd83,3231,77.0,38.0,interior,-0.0,-0.0,-0.0,-0.0,-0.0,-0.0
21,21,unloading,0.5,f5f4119921cc6cc25d51d8385ec633243b7eb254cf46a7cee8c9aa71f9aacd83,3232,78.0,38.0,interior,-0.0,-0.0,-0.0,-0.0,-0.0,-0.0
21,21,unloading,0.5,f5f4119921cc6cc25d51d8385ec633243b7eb254cf46a7cee8c9aa71f9aacd83,3233,79.0,38.0,interior,-0.0,-0.0,-0.0,-0.0,-0.0,-0.0
21,21,unloading,0.5,f5f4119921cc6cc25d51d8385ec633243b7eb254cf46a7cee8c9aa71f9aacd83,3234,80.0,38.0,physical_only,2.016286081112075e-08,-8.370932015361585e-09,3.9688736314033406e-07,-2.0823124793656743e-08,-3.767245023292134e-07,1.2452192778295052e-08
21,21,unloading,0.5,f5f4119921cc6cc25d51d8385ec633243b7eb254cf46a7cee8c9aa71f9aacd83,3299,62.0,39.0,physical_only,-3.489407435173599e-06,7.680398375282509e-08,-2.6554977602378542e-06,1.3544892740885172e-08,-8.339096749357447e-07,6.32590910119396e-08
21,21,unloading,0.5,f5f4119921cc6cc25d51d8385ec633243b7eb254cf46a7cee8c9aa71f9aacd83,3300,63.0,39.0,interior,-0.0,-0.0,-0.0,-0.0,-0.0,-0.0
21,21,unloading,0.5,f5f4119921cc6cc25d51d8385ec633243b7eb254cf46a7cee8c9aa71f9aacd83,3301,64.0,39.0,interior,-0.0,-0.0,-0.0,-0.0,-0.0,-0.0
21,21,unloading,0.5,f5f4119921cc6cc25d51d8385ec633243b7eb254cf46a7cee8c9aa71f9aacd83,3302,65.0,39.0,interior,-0.0,-0.0,-0.0,-0.0,-0.0,-0.0
21,21,unloading,0.5,f5f4119921cc6cc25d51d8385ec633243b7eb254cf46a7cee8c9aa71f9aacd83,3303,66.0,39.0,interior,-0.0,-0.0,-0.0,-0.0,-0.0,-0.0
21,21,unloading,0.5,f5f4119921cc6cc25d51d8385ec633243b7eb254cf46a7cee8c9aa71f9aacd83,3304,67.0,39.0,interior,-0.0,-0.0,-0.0,-0.0,-0.0,-0.0
21,21,unloading,0.5,f5f4119921cc6cc25d51d8385ec633243b7eb254cf46a7cee8c9aa71f9aacd83,3305,68.0,39.0,interior,-0.0,-0.0,-0.0,-0.0,-0.0,-0.0
21,21,unloading,0.5,f5f4119921cc6cc25d51d8385ec633243b7eb254cf46a7cee8c9aa71f9aacd83,3306,69.0,39.0,interior,-0.0,-0.0,-0.0,-0.0,-0.0,-0.0
21,21,unloading,0.5,f5f4119921cc6cc25d51d8385ec633243b7eb254cf46a7cee8c9aa71f9aacd83,3307,70.0,39.0,interior,-0.0,-0.0,-0.0,-0.0,-0.0,-0.0
21,21,unloading,0.5,f5f4119921cc6cc25d51d8385ec633243b7eb254cf46a7cee8c9aa71f9aacd83,3308,71.0,39.0,interior,-0.0,-0.0,-0.0,-0.0,-0.0,-0.0
21,21,unloading,0.5,f5f4119921cc6cc25d51d8385ec633243b7eb254cf46a7cee8c9aa71f9aacd83,3309,72.0,39.0,interior,-0.0,-0.0,-0.0,-0.0,-0.0,-0.0
21,21,unloading,0.5,f5f4119921cc6cc25d51d8385ec633243b7eb254cf46a7cee8c9aa71f9aacd83,3310,73.0,39.0,interior,-0.0,-0.0,-0.0,-0.0,-0.0,-0.0
21,21,unloading,0.5,f5f4119921cc6cc25d51d8385ec633243b7eb254cf46a7cee8c9aa71f9aacd83,3311,74.0,39.0,interior,-0.0,-0.0,-0.0,-0.0,-0.0,-0.0
21,21,unloading,0.5,f5f4119921cc6cc25d51d8385ec633243b7eb254cf46a7cee8c9aa71f9aacd83,3312,75.0,39.0,interior,-0.0,-0.0,-0.0,-0.0,-0.0,-0.0
21,21,unloading,0.5,f5f4119921cc6cc25d51d8385ec633243b7eb254cf46a7cee8c9aa71f9aacd83,3313,76.0,39.0,interior,-0.0,-0.0,-0.0,-0.0,-0.0,-0.0
21,21,unloading,0.5,f5f4119921cc6cc25d51d8385ec633243b7eb254cf46a7cee8c9aa71f9aacd83,3314,77.0,39.0,interior,-0.0,-0.0,-0.0,-0.0,-0.0,-0.0
21,21,unloading,0.5,f5f4119921cc6cc25d51d8385ec633243b7eb254cf46a7cee8c9aa71f9aacd83,3315,78.0,39.0,interior,-0.0,-0.0,-0.0,-0.0,-0.0,-0.0
21,21,unloading,0.5,f5f4119921cc6cc25d51d8385ec633243b7eb254cf46a7cee8c9aa71f9aacd83,3316,79.0,39.0,interior,-0.0,-0.0,-0.0,-0.0,-0.0,-0.0
21,21,unloading,0.5,f5f4119921cc6cc25d51d8385ec633243b7eb254cf46a7cee8c9aa71f9aacd83,3317,80.0,39.0,physical_only,2.0031319639606353e-08,-4.15644369755828e-09,3.900859391005925e-07,-1.0385469621518343e-08,-3.700546194609861e-07,6.229025923960248e-09
21,21,unloading,0.5,f5f4119921cc6cc25d51d8385ec633243b7eb254cf46a7cee8c9aa71f9aacd83,3382,62.0,40.0,physical_and_cut,-1.755814286756931e-06,-2.127532934311951e-06,-1.3311347022469634e-06,-5.901253366703926e-07,-4.2467958450996766e-07,-1.5374075976415584e-06
21,21,unloading,0.5,f5f4119921cc6cc25d51d8385ec633243b7eb254cf46a7cee8c9aa71f9aacd83,3383,63.0,40.0,cut_only,-0.0,-0.0,-0.0,-0.0,-0.0,-0.0
21,21,unloading,0.5,f5f4119921cc6cc25d51d8385ec633243b7eb254cf46a7cee8c9aa71f9aacd83,3384,64.0,40.0,cut_only,-0.0,-0.0,-0.0,-0.0,-0.0,-0.0
21,21,unloading,0.5,f5f4119921cc6cc25d51d8385ec633243b7eb254cf46a7cee8c9aa71f9aacd83,3385,65.0,40.0,cut_only,-0.0,-0.0,-0.0,-0.0,-0.0,-0.0
21,21,unloading,0.5,f5f4119921cc6cc25d51d8385ec633243b7eb254cf46a7cee8c9aa71f9aacd83,3386,66.0,40.0,cut_only,-0.0,-0.0,-0.0,-0.0,-0.0,-0.0
21,21,unloading,0.5,f5f4119921cc6cc25d51d8385ec633243b7eb254cf46a7cee8c9aa71f9aacd83,3387,67.0,40.0,cut_only,-0.0,-0.0,-0.0,-0.0,-0.0,-0.0
21,21,unloading,0.5,f5f4119921cc6cc25d51d8385ec633243b7eb254cf46a7cee8c9aa71f9aacd83,3388,68.0,40.0,cut_only,-0.0,-0.0,-0.0,-0.0,-0.0,-0.0
21,21,unloading,0.5,f5f4119921cc6cc25d51d8385ec633243b7eb254cf46a7cee8c9aa71f9aacd83,3389,69.0,40.0,cut_only,-0.0,-0.0,-0.0,-0.0,-0.0,-0.0
21,21,unloading,0.5,f5f4119921cc6cc25d51d8385ec633243b7eb254cf46a7cee8c9aa71f9aacd83,3390,70.0,40.0,cut_only,-0.0,-0.0,-0.0,-0.0,-0.0,-0.0
21,21,unloading,0.5,f5f4119921cc6cc25d51d8385ec633243b7eb254cf46a7cee8c9aa71f9aacd83,3391,71.0,40.0,cut_only,-0.0,-0.0,-0.0,-0.0,-0.0,-0.0
21,21,unloading,0.5,f5f4119921cc6cc25d51d8385ec633243b7eb254cf46a7cee8c9aa71f9aacd83,3392,72.0,40.0,cut_only,-0.0,-0.0,-0.0,-0.0,-0.0,-0.0
21,21,unloading,0.5,f5f4119921cc6cc25d51d8385ec633243b7eb254cf46a7cee8c9aa71f9aacd83,3393,73.0,40.0,cut_only,-0.0,-0.0,-0.0,-0.0,-0.0,-0.0
21,21,unloading,0.5,f5f4119921cc6cc25d51d8385ec633243b7eb254cf46a7cee8c9aa71f9aacd83,3394,74.0,40.0,cut_only,-0.0,-0.0,-0.0,-0.0,-0.0,-0.0
21,21,unloading,0.5,f5f4119921cc6cc25d51d8385ec633243b7eb254cf46a7cee8c9aa71f9aacd83,3395,75.0,40.0,cut_only,-0.0,-0.0,-0.0,-0.0,-0.0,-0.0
21,21,unloading,0.5,f5f4119921cc6cc25d51d8385ec633243b7eb254cf46a7cee8c9aa71f9aacd83,3396,76.0,40.0,cut_only,-0.0,-0.0,-0.0,-0.0,-0.0,-0.0
21,21,unloading,0.5,f5f4119921cc6cc25d51d8385ec633243b7eb254cf46a7cee8c9aa71f9aacd83,3397,77.0,40.0,cut_only,-0.0,-0.0,-0.0,-0.0,-0.0,-0.0
21,21,unloading,0.5,f5f4119921cc6cc25d51d8385ec633243b7eb254cf46a7cee8c9aa71f9aacd83,3398,78.0,40.0,cut_only,-0.0,-0.0,-0.0,-0.0,-0.0,-0.0
21,21,unloading,0.5,f5f4119921cc6cc25d51d8385ec633243b7eb254cf46a7cee8c9aa71f9aacd83,3399,79.0,40.0,cut_only,-0.0,-0.0,-0.0,-0.0,-0.0,-0.0
21,21,unloading,0.5,f5f4119921cc6cc25d51d8385ec633243b7eb254cf46a7cee8c9aa71f9aacd83,3400,80.0,40.0,physical_and_cut,9.993805587960324e-09,2.3671393016564754e-06,1.9391452720993836e-07,-8.802600335432874e-08,-1.8392072162197806e-07,2.455165305010804e-06
22,22,unloading,0.25,aabd12f24b5fbc79fef402098f91d799e86c33a6c9312a3613366fa4bde115db,2635,62.0,31.0,physical_only,-0.00011003840719252222,1.522129024991043e-05,-1.7862916256624278e-06,1.5668767337807657e-06,-0.00010825211556685977,1.365441351612967e-05
22,22,unloading,0.25,aabd12f24b5fbc79fef402098f91d799e86c33a6c9312a3613366fa4bde115db,2636,63.0,31.0,physical_only,-8.299192035701268e-07,-6.15104462558158e-07,-8.27760155590258e-07,1.703160214816275e-06,-2.1590479798688344e-09,-2.3182646773744326e-06
22,22,unloading,0.25,aabd12f24b5fbc79fef402098f91d799e86c33a6c9312a3613366fa4bde115db,2637,64.0,31.0,physical_only,-6.295614778815418e-07,-8.936128303641051e-07,-8.329475596692145e-07,2.0981444918030194e-06,2.033860817876726e-07,-2.991757322167128e-06
22,22,unloading,0.25,aabd12f24b5fbc79fef402098f91d799e86c33a6c9312a3613366fa4bde115db,2638,65.0,31.0,physical_only,-6.532358004693569e-07,-1.19918394370267e-06,-8.397194197625025e-07,2.506440263253898e-06,1.8648361929314562e-07,-3.705624206956569e-06
22,22,unloading,0.25,aabd12f24b5fbc79fef402098f91d799e86c33a6c9312a3613366fa4bde115db,2639,66.0,31.0,physical_only,-8.104814367952733e-07,-1.239493395131283e-06,-8.476198337000819e-07,2.931783817952136e-06,3.713839690480862e-08,-4.171277213083419e-06
22,22,unloading,0.25,aabd12f24b5fbc79fef402098f91d799e86c33a6c9312a3613366fa4bde115db,2640,67.0,31.0,physical_only,-9.56336578019053e-07,-1.0139136287567202e-06,-8.556716614307809e-07,3.3761199279479075e-06,-1.0066491658827195e-07,-4.390033556704626e-06
22,22,unloading,0.25,aabd12f24b5fbc79fef402098f91d799e86c33a6c9312a3613366fa4bde115db,2641,68.0,31.0,physical_only,-9.729151310655627e-07,-7.147720944911386e-07,-8.63305784884769e-07,3.839826483581909e-06,-1.0960934618079346e-07,-4.5545985780730576e-06
22,22,unloading,0.25,aabd12f24b5fbc79fef402098f91d799e86c33a6c9312a3613366fa4bde115db,2642,69.0,31.0,physical_only,-1.0025076685167733e-06,-4.2326315507793476e-07,-8.702902127204624e-07,4.322602521073291e-06,-1.32217455796311e-07,-4.745865676151215e-06
22,22,unloading,0.25,aabd12f24b5fbc79fef402098f91d799e86c33a6c9312a3613366fa4bde115db,2643,70.0,31.0,physical_only,-1.0348912830850356e-06,-8.519371731902439e-08,-8.766549329608961e-07,4.824018387793143e-06,-1.5823635012413952e-07,-4.909212105112177e-06
22,22,unloading,0.25,aabd12f24b5fbc79fef402098f91d799e86c33a6c9312a3613366fa4bde115db,2644,71.0,31.0,physical_only,-1.0711004006787423e-06,3.0223864522629983e-07,-8.823491875783248e-07,5.343592107553904e-06,-1.887512131004174e-07,-5.041353462327598e-06
22,22,unloading,0.25,aabd12f24b5fbc79fef402098f91d799e86c33a6c9312a3613366fa4bde115db,2645,72.0,31.0,physical_only,-1.110396479852902e-06,7.419016419284624e-07,-8.873307088969421e-07,5.880715084125802e-06,-2.230657709559599e-07,-5.138813442197339e-06
22,22,unloading,0.25,aabd12f24b5fbc79fef402098f91d799e86c33a6c9312a3613366fa4bde115db,2646,73.0,31.0,physical_only,-1.1695895661184498e-06,1.2984935321690442e-06,-8.914775979401297e-07,6.434552797296e-06,-2.7811196817832e-07,-5.136059265126958e-06
22,22,unloading,0.25,aabd12f24b5fbc79fef402098f91d799e86c33a6c9312a3613366fa4bde115db,2647,74.0,31.0,physical_only,-1.0717054464196882e-06,1.9065907948709836e-06,-8.948583529812049e-07,7.00411858908972e-06,-1.768470934384834e-07,-5.097527794218739e-06
22,22,unloading,0.25,aabd12f24b5fbc79fef402098f91d799e86c33a6c9312a3613366fa4bde115db,2648,75.0,31.0,physical_only,-8.726476266320053e-07,2.3130774411155486e-06,-8.97816560037837e-07,7.588763255240725e-06,2.5168933405831697e-08,-5.275685814125182e-06
22,22,unloading,0.25,aabd12f24b5fbc79fef402098f91d799e86c33a6c9312a3613366fa4bde115db,2649,76.0,31.0,physical_only,-6.441126682819854e-07,2.2845719074109626e-06,-9.012019075108354e-07,8.189212464451205e-06,2.570892392288501e-07,-5.904640557040234e-06
22,22,unloading,0.25,aabd12f24b5fbc79fef402098f91d799e86c33a6c9312a3613366fa4bde115db,2650,77.0,31.0,physical_only,-6.453621969478823e-07,2.151235791902415e-06,-9.054984898152326e-07,8.807860140077425e-06,2.601362928673504e-07,-6.656624348175006e-06
22,22,unloading,0.25,aabd12f24b5fbc79fef402098f91d799e86c33a6c9312a3613366fa4bde115db,2651,78.0,31.0,physical_only,-7.035591128717582e-07,2.134792141786373e-06,-9.107364731161872e-07,9.447606747505658e-06,2.0717736024442918e-07,-7.312814605719278e-06
22,22,unloading,0.25,aabd12f24b5fbc79fef402098f91d799e86c33a6c9312a3613366fa4bde115db,2652,79.0,31.0,physical_only,-7.82921363895547e-07,2.337052513304389e-06,-9.165093909060682e-07,1.0110854213891383e-05,1.3358802701052095e-07,-7.773801700586988e-06
22,22,unloading,0.25,aabd12f24b5fbc79fef402098f91d799e86c33a6c9312a3613366fa4bde115db,2653,80.0,31.0,physical_only,-6.602504063154632e-07,0.0001500184183428072,-5.559414110407653e-07,1.0587343777178567e-05,-1.0430899527469757e-07,0.0001394310745656286
22,22,unloading,0.25,aabd12f24b5fbc79fef402098f91d799e86c33a6c9312a3613366fa4bde115db,2718,62.0,32.0,physical_only,-2.679873581571817e-06,-6.839572628637567e-07,-1.2119472382896944e-06,6.481675648392991e-08,-1.467926343282122e-06,-7.487740193476863e-07
22,22,unloading,0.25,aabd12f24b5fbc79fef402098f91d799e86c33a6c9312a3613366fa4bde115db,2719,63.0,32.0,interior,-0.0,-0.0,-0.0,-0.0,-0.0,-0.0
22,22,unloading,0.25,aabd12f24b5fbc79fef402098f91d799e86c33a6c9312a3613366fa4bde115db,2720,64.0,32.0,interior,-0.0,-0.0,-0.0,-0.0,-0.0,-0.0
22,22,unloading,0.25,aabd12f24b5fbc79fef402098f91d799e86c33a6c9312a3613366fa4bde115db,2721,65.0,32.0,interior,-0.0,-0.0,-0.0,-0.0,-0.0,-0.0
22,22,unloading,0.25,aabd12f24b5fbc79fef402098f91d799e86c33a6c9312a3613366fa4bde115db,2722,66.0,32.0,interior,-0.0,-0.0,-0.0,-0.0,-0.0,-0.0
22,22,unloading,0.25,aabd12f24b5fbc79fef402098f91d799e86c33a6c9312a3613366fa4bde115db,2723,67.0,32.0,interior,-0.0,-0.0,-0.0,-0.0,-0.0,-0.0
22,22,unloading,0.25,aabd12f24b5fbc79fef402098f91d799e86c33a6c9312a3613366fa4bde115db,2724,68.0,32.0,interior,-0.0,-0.0,-0.0,-0.0,-0.0,-0.0
22,22,unloading,0.25,aabd12f24b5fbc79fef402098f91d799e86c33a6c9312a3613366fa4bde115db,2725,69.0,32.0,interior,-0.0,-0.0,-0.0,-0.0,-0.0,-0.0
22,22,unloading,0.25,aabd12f24b5fbc79fef402098f91d799e86c33a6c9312a3613366fa4bde115db,2726,70.0,32.0,interior,-0.0,-0.0,-0.0,-0.0,-0.0,-0.0
22,22,unloading,0.25,aabd12f24b5fbc79fef402098f91d799e86c33a6c9312a3613366fa4bde115db,2727,71.0,32.0,interior,-0.0,-0.0,-0.0,-0.0,-0.0,-0.0
22,22,unloading,0.25,aabd12f24b5fbc79fef402098f91d799e86c33a6c9312a3613366fa4bde115db,2728,72.0,32.0,interior,-0.0,-0.0,-0.0,-0.0,-0.0,-0.0
22,22,unloading,0.25,aabd12f24b5fbc79fef402098f91d799e86c33a6c9312a3613366fa4bde115db,2729,73.0,32.0,interior,-0.0,-0.0,-0.0,-0.0,-0.0,-0.0
22,22,unloading,0.25,aabd12f24b5fbc79fef402098f91d799e86c33a6c9312a3613366fa4bde115db,2730,74.0,32.0,interior,-0.0,-0.0,-0.0,-0.0,-0.0,-0.0
22,22,unloading,0.25,aabd12f24b5fbc79fef402098f91d799e86c33a6c9312a3613366fa4bde115db,2731,75.0,32.0,interior,-0.0,-0.0,-0.0,-0.0,-0.0,-0.0
22,22,unloading,0.25,aabd12f24b5fbc79fef402098f91d799e86c33a6c9312a3613366fa4bde115db,2732,76.0,32.0,interior,-0.0,-0.0,-0.0,-0.0,-0.0,-0.0
22,22,unloading,0.25,aabd12f24b5fbc79fef402098f91d799e86c33a6c9312a3613366fa4bde115db,2733,77.0,32.0,interior,-0.0,-0.0,-0.0,-0.0,-0.0,-0.0
22,22,unloading,0.25,aabd12f24b5fbc79fef402098f91d799e86c33a6c9312a3613366fa4bde115db,2734,78.0,32.0,interior,-0.0,-0.0,-0.0,-0.0,-0.0,-0.0
22,22,unloading,0.25,aabd12f24b5fbc79fef402098f91d799e86c33a6c9312a3613366fa4bde115db,2735,79.0,32.0,interior,-0.0,-0.0,-0.0,-0.0,-0.0,-0.0
22,22,unloading,0.25,aabd12f24b5fbc79fef402098f91d799e86c33a6c9312a3613366fa4bde115db,2736,80.0,32.0,physical_only,3.82719801679333e-10,-1.3745008280428969e-08,2.1232149153743054e-07,2.6384987667362423e-11,-2.1193877173575142e-07,-1.3771393268096378e-08
22,22,unloading,0.25,aabd12f24b5fbc79fef402098f91d799e86c33a6c9312a3613366fa4bde115db,2801,62.0,33.0,physical_only,-2.0113977932961903e-06,-4.818489519293315e-07,-1.261714446713667e-06,5.0977528537611736e-08,-7.496833465825229e-07,-5.328264804669431e-07
22,22,unloading,0.25,aabd12f24b5fbc79fef402098f91d799e86c33a6c9312a3613366fa4bde115db,2802,63.0,33.0,interior,-0.0,-0.0,-0.0,-0.0,-0.0,-0.0
22,22,unloading,0.25,aabd12f24b5fbc79fef402098f91d799e86c33a6c9312a3613366fa4bde115db,2803,64.0,33.0,interior,-0.0,-0.0,-0.0,-0.0,-0.0,-0.0
22,22,unloading,0.25,aabd12f24b5fbc79fef402098f91d799e86c33a6c9312a3613366fa4bde115db,2804,65.0,33.0,interior,-0.0,-0.0,-0.0,-0.0,-0.0,-0.0
22,22,unloading,0.25,aabd12f24b5fbc79fef402098f91d799e86c33a6c9312a3613366fa4bde115db,2805,66.0,33.0,interior,-0.0,-0.0,-0.0,-0.0,-0.0,-0.0
22,22,unloading,0.25,aabd12f24b5fbc79fef402098f91d799e86c33a6c9312a3613366fa4bde115db,2806,67.0,33.0,interior,-0.0,-0.0,-0.0,-0.0,-0.0,-0.0
22,22,unloading,0.25,aabd12f24b5fbc79fef402098f91d799e86c33a6c9312a3613366fa4bde115db,2807,68.0,33.0,interior,-0.0,-0.0,-0.0,-0.0,-0.0,-0.0
22,22,unloading,0.25,aabd12f24b5fbc79fef402098f91d799e86c33a6c9312a3613366fa4bde115db,2808,69.0,33.0,interior,-0.0,-0.0,-0.0,-0.0,-0.0,-0.0
22,22,unloading,0.25,aabd12f24b5fbc79fef402098f91d799e86c33a6c9312a3613366fa4bde115db,2809,70.0,33.0,interior,-0.0,-0.0,-0.0,-0.0,-0.0,-0.0
22,22,unloading,0.25,aabd12f24b5fbc79fef402098f91d799e86c33a6c9312a3613366fa4bde115db,2810,71.0,33.0,interior,-0.0,-0.0,-0.0,-0.0,-0.0,-0.0
22,22,unloading,0.25,aabd12f24b5fbc79fef402098f91d799e86c33a6c9312a3613366fa4bde115db,2811,72.0,33.0,interior,-0.0,-0.0,-0.0,-0.0,-0.0,-0.0
22,22,unloading,0.25,aabd12f24b5fbc79fef402098f91d799e86c33a6c9312a3613366fa4bde115db,2812,73.0,33.0,interior,-0.0,-0.0,-0.0,-0.0,-0.0,-0.0
22,22,unloading,0.25,aabd12f24b5fbc79fef402098f91d799e86c33a6c9312a3613366fa4bde115db,2813,74.0,33.0,interior,-0.0,-0.0,-0.0,-0.0,-0.0,-0.0
22,22,unloading,0.25,aabd12f24b5fbc79fef402098f91d799e86c33a6c9312a3613366fa4bde115db,2814,75.0,33.0,interior,-0.0,-0.0,-0.0,-0.0,-0.0,-0.0
22,22,unloading,0.25,aabd12f24b5fbc79fef402098f91d799e86c33a6c9312a3613366fa4bde115db,2815,76.0,33.0,interior,-0.0,-0.0,-0.0,-0.0,-0.0,-0.0
22,22,unloading,0.25,aabd12f24b5fbc79fef402098f91d799e86c33a6c9312a3613366fa4bde115db,2816,77.0,33.0,interior,-0.0,-0.0,-0.0,-0.0,-0.0,-0.0
22,22,unloading,0.25,aabd12f24b5fbc79fef402098f91d799e86c33a6c9312a3613366fa4bde115db,2817,78.0,33.0,interior,-0.0,-0.0,-0.0,-0.0,-0.0,-0.0
22,22,unloading,0.25,aabd12f24b5fbc79fef402098f91d799e86c33a6c9312a3613366fa4bde115db,2818,79.0,33.0,interior,-0.0,-0.0,-0.0,-0.0,-0.0,-0.0
22,22,unloading,0.25,aabd12f24b5fbc79fef402098f91d799e86c33a6c9312a3613366fa4bde115db,2819,80.0,33.0,physical_only,3.0599803017784723e-10,-1.166607322628061e-08,1.9732933157953766e-07,7.071178715347337e-11,-1.9702333354935976e-07,-1.173678501343403e-08
22,22,unloading,0.25,aabd12f24b5fbc79fef402098f91d799e86c33a6c9312a3613366fa4bde115db,2884,62.0,34.0,physical_only,-1.6984056291288933e-06,-2.3321316466505157e-07,-1.2993751772166169e-06,4.1700016962188785e-08,-3.9903045191227687e-07,-2.7491318162724035e-07
22,22,unloading,0.25,aabd12f24b5fbc79fef402098f91d799e86c33a6c9312a3613366fa4bde115db,2885,63.0,34.0,interior,-0.0,-0.0,-0.0,-0.0,-0.0,-0.0
22,22,unloading,0.25,aabd12f24b5fbc79fef402098f91d799e86c33a6c9312a3613366fa4bde115db,2886,64.0,34.0,interior,-0.0,-0.0,-0.0,-0.0,-0.0,-0.0
22,22,unloading,0.25,aabd12f24b5fbc79fef402098f91d799e86c33a6c9312a3613366fa4bde115db,2887,65.0,34.0,interior,-0.0,-0.0,-0.0,-0.0,-0.0,-0.0
22,22,unloading,0.25,aabd12f24b5fbc79fef402098f91d799e86c33a6c9312a3613366fa4bde115db,2888,66.0,34.0,interior,-0.0,-0.0,-0.0,-0.0,-0.0,-0.0
22,22,unloading,0.25,aabd12f24b5fbc79fef402098f91d799e86c33a6c9312a3613366fa4bde115db,2889,67.0,34.0,interior,-0.0,-0.0,-0.0,-0.0,-0.0,-0.0
22,22,unloading,0.25,aabd12f24b5fbc79fef402098f91d799e86c33a6c9312a3613366fa4bde115db,2890,68.0,34.0,interior,-0.0,-0.0,-0.0,-0.0,-0.0,-0.0
22,22,unloading,0.25,aabd12f24b5fbc79fef402098f91d799e86c33a6c9312a3613366fa4bde115db,2891,69.0,34.0,interior,-0.0,-0.0,-0.0,-0.0,-0.0,-0.0
22,22,unloading,0.25,aabd12f24b5fbc79fef402098f91d799e86c33a6c9312a3613366fa4bde115db,2892,70.0,34.0,interior,-0.0,-0.0,-0.0,-0.0,-0.0,-0.0
22,22,unloading,0.25,aabd12f24b5fbc79fef402098f91d799e86c33a6c9312a3613366fa4bde115db,2893,71.0,34.0,interior,-0.0,-0.0,-0.0,-0.0,-0.0,-0.0
22,22,unloading,0.25,aabd12f24b5fbc79fef402098f91d799e86c33a6c9312a3613366fa4bde115db,2894,72.0,34.0,interior,-0.0,-0.0,-0.0,-0.0,-0.0,-0.0
22,22,unloading,0.25,aabd12f24b5fbc79fef402098f91d799e86c33a6c9312a3613366fa4bde115db,2895,73.0,34.0,interior,-0.0,-0.0,-0.0,-0.0,-0.0,-0.0
22,22,unloading,0.25,aabd12f24b5fbc79fef402098f91d799e86c33a6c9312a3613366fa4bde115db,2896,74.0,34.0,interior,-0.0,-0.0,-0.0,-0.0,-0.0,-0.0
22,22,unloading,0.25,aabd12f24b5fbc79fef402098f91d799e86c33a6c9312a3613366fa4bde115db,2897,75.0,34.0,interior,-0.0,-0.0,-0.0,-0.0,-0.0,-0.0
22,22,unloading,0.25,aabd12f24b5fbc79fef402098f91d799e86c33a6c9312a3613366fa4bde115db,2898,76.0,34.0,interior,-0.0,-0.0,-0.0,-0.0,-0.0,-0.0
22,22,unloading,0.25,aabd12f24b5fbc79fef402098f91d799e86c33a6c9312a3613366fa4bde115db,2899,77.0,34.0,interior,-0.0,-0.0,-0.0,-0.0,-0.0,-0.0
22,22,unloading,0.25,aabd12f24b5fbc79fef402098f91d799e86c33a6c9312a3613366fa4bde115db,2900,78.0,34.0,interior,-0.0,-0.0,-0.0,-0.0,-0.0,-0.0
22,22,unloading,0.25,aabd12f24b5fbc79fef402098f91d799e86c33a6c9312a3613366fa4bde115db,2901,79.0,34.0,interior,-0.0,-0.0,-0.0,-0.0,-0.0,-0.0
22,22,unloading,0.25,aabd12f24b5fbc79fef402098f91d799e86c33a6c9312a3613366fa4bde115db,2902,80.0,34.0,physical_only,2.4264593910121356e-10,-9.737252510210419e-09,1.8469614469685996e-07,9.500866333250916e-11,-1.8445349875775882e-07,-9.832261173542941e-09
22,22,unloading,0.25,aabd12f24b5fbc79fef402098f91d799e86c33a6c9312a3613366fa4bde115db,2967,62.0,35.0,physical_only,-1.6206188584371245e-06,-3.2439123610514494e-08,-1.3299052374609968e-06,3.479024854674776e-08,-2.907136209761272e-07,-6.722937215726225e-08
22,22,unloading,0.25,aabd12f24b5fbc79fef402098f91d799e86c33a6c9312a3613366fa4bde115db,2968,63.0,35.0,interior,-0.0,-0.0,-0.0,-0.0,-0.0,-0.0
22,22,unloading,0.25,aabd12f24b5fbc79fef402098f91d799e86c33a6c9312a3613366fa4bde115db,2969,64.0,35.0,interior,-0.0,-0.0,-0.0,-0.0,-0.0,-0.0
22,22,unloading,0.25,aabd12f24b5fbc79fef402098f91d799e86c33a6c9312a3613366fa4bde115db,2970,65.0,35.0,interior,-0.0,-0.0,-0.0,-0.0,-0.0,-0.0
22,22,unloading,0.25,aabd12f24b5fbc79fef402098f91d799e86c33a6c9312a3613366fa4bde115db,2971,66.0,35.0,interior,-0.0,-0.0,-0.0,-0.0,-0.0,-0.0
22,22,unloading,0.25,aabd12f24b5fbc79fef402098f91d799e86c33a6c9312a3613366fa4bde115db,2972,67.0,35.0,interior,-0.0,-0.0,-0.0,-0.0,-0.0,-0.0
22,22,unloading,0.25,aabd12f24b5fbc79fef402098f91d799e86c33a6c9312a3613366fa4bde115db,2973,68.0,35.0,interior,-0.0,-0.0,-0.0,-0.0,-0.0,-0.0
22,22,unloading,0.25,aabd12f24b5fbc79fef402098f91d799e86c33a6c9312a3613366fa4bde115db,2974,69.0,35.0,interior,-0.0,-0.0,-0.0,-0.0,-0.0,-0.0
22,22,unloading,0.25,aabd12f24b5fbc79fef402098f91d799e86c33a6c9312a3613366fa4bde115db,2975,70.0,35.0,interior,-0.0,-0.0,-0.0,-0.0,-0.0,-0.0
22,22,unloading,0.25,aabd12f24b5fbc79fef402098f91d799e86c33a6c9312a3613366fa4bde115db,2976,71.0,35.0,interior,-0.0,-0.0,-0.0,-0.0,-0.0,-0.0
22,22,unloading,0.25,aabd12f24b5fbc79fef402098f91d799e86c33a6c9312a3613366fa4bde115db,2977,72.0,35.0,interior,-0.0,-0.0,-0.0,-0.0,-0.0,-0.0
22,22,unloading,0.25,aabd12f24b5fbc79fef402098f91d799e86c33a6c9312a3613366fa4bde115db,2978,73.0,35.0,interior,-0.0,-0.0,-0.0,-0.0,-0.0,-0.0
22,22,unloading,0.25,aabd12f24b5fbc79fef402098f91d799e86c33a6c9312a3613366fa4bde115db,2979,74.0,35.0,interior,-0.0,-0.0,-0.0,-0.0,-0.0,-0.0
22,22,unloading,0.25,aabd12f24b5fbc79fef402098f91d799e86c33a6c9312a3613366fa4bde115db,2980,75.0,35.0,interior,-0.0,-0.0,-0.0,-0.0,-0.0,-0.0
22,22,unloading,0.25,aabd12f24b5fbc79fef402098f91d799e86c33a6c9312a3613366fa4bde115db,2981,76.0,35.0,interior,-0.0,-0.0,-0.0,-0.0,-0.0,-0.0
22,22,unloading,0.25,aabd12f24b5fbc79fef402098f91d799e86c33a6c9312a3613366fa4bde115db,2982,77.0,35.0,interior,-0.0,-0.0,-0.0,-0.0,-0.0,-0.0
22,22,unloading,0.25,aabd12f24b5fbc79fef402098f91d799e86c33a6c9312a3613366fa4bde115db,2983,78.0,35.0,interior,-0.0,-0.0,-0.0,-0.0,-0.0,-0.0
22,22,unloading,0.25,aabd12f24b5fbc79fef402098f91d799e86c33a6c9312a3613366fa4bde115db,2984,79.0,35.0,interior,-0.0,-0.0,-0.0,-0.0,-0.0,-0.0
22,22,unloading,0.25,aabd12f24b5fbc79fef402098f91d799e86c33a6c9312a3613366fa4bde115db,2985,80.0,35.0,physical_only,1.9122719414498847e-10,-7.932881950862842e-09,1.7426258995510834e-07,1.0285214335000655e-10,-1.7407136276096343e-07,-8.035734094212849e-09
22,22,unloading,0.25,aabd12f24b5fbc79fef402098f91d799e86c33a6c9312a3613366fa4bde115db,3050,62.0,36.0,physical_only,-1.6707853933417147e-06,7.599729906796448e-08,-1.3553738963059802e-06,2.8614489274497723e-08,-3.154114970357345e-07,4.738280979346676e-08
22,22,unloading,0.25,aabd12f24b5fbc79fef402098f91d799e86c33a6c9312a3613366fa4bde115db,3051,63.0,36.0,interior,-0.0,-0.0,-0.0,-0.0,-0.0,-0.0
22,22,unloading,0.25,aabd12f24b5fbc79fef402098f91d799e86c33a6c9312a3613366fa4bde115db,3052,64.0,36.0,interior,-0.0,-0.0,-0.0,-0.0,-0.0,-0.0
22,22,unloading,0.25,aabd12f24b5fbc79fef402098f91d799e86c33a6c9312a3613366fa4bde115db,3053,65.0,36.0,interior,-0.0,-0.0,-0.0,-0.0,-0.0,-0.0
22,22,unloading,0.25,aabd12f24b5fbc79fef402098f91d799e86c33a6c9312a3613366fa4bde115db,3054,66.0,36.0,interior,-0.0,-0.0,-0.0,-0.0,-0.0,-0.0
22,22,unloading,0.25,aabd12f24b5fbc79fef402098f91d799e86c33a6c9312a3613366fa4bde115db,3055,67.0,36.0,interior,-0.0,-0.0,-0.0,-0.0,-0.0,-0.0
22,22,unloading,0.25,aabd12f24b5fbc79fef402098f91d799e86c33a6c9312a3613366fa4bde115db,3056,68.0,36.0,interior,-0.0,-0.0,-0.0,-0.0,-0.0,-0.0
22,22,unloading,0.25,aabd12f24b5fbc79fef402098f91d799e86c33a6c9312a3613366fa4bde115db,3057,69.0,36.0,interior,-0.0,-0.0,-0.0,-0.0,-0.0,-0.0
22,22,unloading,0.25,aabd12f24b5fbc79fef402098f91d799e86c33a6c9312a3613366fa4bde115db,3058,70.0,36.0,interior,-0.0,-0.0,-0.0,-0.0,-0.0,-0.0
22,22,unloading,0.25,aabd12f24b5fbc79fef402098f91d799e86c33a6c9312a3613366fa4bde115db,3059,71.0,36.0,interior,-0.0,-0.0,-0.0,-0.0,-0.0,-0.0
22,22,unloading,0.25,aabd12f24b5fbc79fef402098f91d799e86c33a6c9312a3613366fa4bde115db,3060,72.0,36.0,interior,-0.0,-0.0,-0.0,-0.0,-0.0,-0.0
22,22,unloading,0.25,aabd12f24b5fbc79fef402098f91d799e86c33a6c9312a3613366fa4bde115db,3061,73.0,36.0,interior,-0.0,-0.0,-0.0,-0.0,-0.0,-0.0
22,22,unloading,0.25,aabd12f24b5fbc79fef402098f91d799e86c33a6c9312a3613366fa4bde115db,3062,74.0,36.0,interior,-0.0,-0.0,-0.0,-0.0,-0.0,-0.0
22,22,unloading,0.25,aabd12f24b5fbc79fef402098f91d799e86c33a6c9312a3613366fa4bde115db,3063,75.0,36.0,interior,-0.0,-0.0,-0.0,-0.0,-0.0,-0.0
22,22,unloading,0.25,aabd12f24b5fbc79fef402098f91d799e86c33a6c9312a3613366fa4bde115db,3064,76.0,36.0,interior,-0.0,-0.0,-0.0,-0.0,-0.0,-0.0
22,22,unloading,0.25,aabd12f24b5fbc79fef402098f91d799e86c33a6c9312a3613366fa4bde115db,3065,77.0,36.0,interior,-0.0,-0.0,-0.0,-0.0,-0.0,-0.0
22,22,unloading,0.25,aabd12f24b5fbc79fef402098f91d799e86c33a6c9312a3613366fa4bde115db,3066,78.0,36.0,interior,-0.0,-0.0,-0.0,-0.0,-0.0,-0.0
22,22,unloading,0.25,aabd12f24b5fbc79fef402098f91d799e86c33a6c9312a3613366fa4bde115db,3067,79.0,36.0,interior,-0.0,-0.0,-0.0,-0.0,-0.0,-0.0
22,22,unloading,0.25,aabd12f24b5fbc79fef402098f91d799e86c33a6c9312a3613366fa4bde115db,3068,80.0,36.0,physical_only,1.5059839413063427e-10,-6.229335327827367e-09,1.6589778306575011e-07,9.747216919943933e-11,-1.6574718467161943e-07,-6.326807497026852e-09
22,22,unloading,0.25,aabd12f24b5fbc79fef402098f91d799e86c33a6c9312a3613366fa4bde115db,3133,62.0,37.0,physical_only,-1.7570787910531508e-06,1.0811897885862363e-07,-1.3760824057886312e-06,2.2212373965983177e-08,-3.8099638526451965e-07,8.59066048926403e-08
22,22,unloading,0.25,aabd12f24b5fbc79fef402098f91d799e86c33a6c9312a3613366fa4bde115db,3134,63.0,37.0,interior,-0.0,-0.0,-0.0,-0.0,-0.0,-0.0
22,22,unloading,0.25,aabd12f24b5fbc79fef402098f91d799e86c33a6c9312a3613366fa4bde115db,3135,64.0,37.0,interior,-0.0,-0.0,-0.0,-0.0,-0.0,-0.0
22,22,unloading,0.25,aabd12f24b5fbc79fef402098f91d799e86c33a6c9312a3613366fa4bde115db,3136,65.0,37.0,interior,-0.0,-0.0,-0.0,-0.0,-0.0,-0.0
22,22,unloading,0.25,aabd12f24b5fbc79fef402098f91d799e86c33a6c9312a3613366fa4bde115db,3137,66.0,37.0,interior,-0.0,-0.0,-0.0,-0.0,-0.0,-0.0
22,22,unloading,0.25,aabd12f24b5fbc79fef402098f91d799e86c33a6c9312a3613366fa4bde115db,3138,67.0,37.0,interior,-0.0,-0.0,-0.0,-0.0,-0.0,-0.0
22,22,unloading,0.25,aabd12f24b5fbc79fef402098f91d799e86c33a6c9312a3613366fa4bde115db,3139,68.0,37.0,interior,-0.0,-0.0,-0.0,-0.0,-0.0,-0.0
22,22,unloading,0.25,aabd12f24b5fbc79fef402098f91d799e86c33a6c9312a3613366fa4bde115db,3140,69.0,37.0,interior,-0.0,-0.0,-0.0,-0.0,-0.0,-0.0
22,22,unloading,0.25,aabd12f24b5fbc79fef402098f91d799e86c33a6c9312a3613366fa4bde115db,3141,70.0,37.0,interior,-0.0,-0.0,-0.0,-0.0,-0.0,-0.0
22,22,unloading,0.25,aabd12f24b5fbc79fef402098f91d799e86c33a6c9312a3613366fa4bde115db,3142,71.0,37.0,interior,-0.0,-0.0,-0.0,-0.0,-0.0,-0.0
22,22,unloading,0.25,aabd12f24b5fbc79fef402098f91d799e86c33a6c9312a3613366fa4bde115db,3143,72.0,37.0,interior,-0.0,-0.0,-0.0,-0.0,-0.0,-0.0
22,22,unloading,0.25,aabd12f24b5fbc79fef402098f91d799e86c33a6c9312a3613366fa4bde115db,3144,73.0,37.0,interior,-0.0,-0.0,-0.0,-0.0,-0.0,-0.0
22,22,unloading,0.25,aabd12f24b5fbc79fef402098f91d799e86c33a6c9312a3613366fa4bde115db,3145,74.0,37.0,interior,-0.0,-0.0,-0.0,-0.0,-0.0,-0.0
22,22,unloading,0.25,aabd12f24b5fbc79fef402098f91d799e86c33a6c9312a3613366fa4bde115db,3146,75.0,37.0,interior,-0.0,-0.0,-0.0,-0.0,-0.0,-0.0
22,22,unloading,0.25,aabd12f24b5fbc79fef402098f91d799e86c33a6c9312a3613366fa4bde115db,3147,76.0,37.0,interior,-0.0,-0.0,-0.0,-0.0,-0.0,-0.0
22,22,unloading,0.25,aabd12f24b5fbc79fef402098f91d799e86c33a6c9312a3613366fa4bde115db,3148,77.0,37.0,interior,-0.0,-0.0,-0.0,-0.0,-0.0,-0.0
22,22,unloading,0.25,aabd12f24b5fbc79fef402098f91d799e86c33a6c9312a3613366fa4bde115db,3149,78.0,37.0,interior,-0.0,-0.0,-0.0,-0.0,-0.0,-0.0
22,22,unloading,0.25,aabd12f24b5fbc79fef402098f91d799e86c33a6c9312a3613366fa4bde115db,3150,79.0,37.0,interior,-0.0,-0.0,-0.0,-0.0,-0.0,-0.0
22,22,unloading,0.25,aabd12f24b5fbc79fef402098f91d799e86c33a6c9312a3613366fa4bde115db,3151,80.0,37.0,physical_only,1.198703779156959e-10,-4.604607442883205e-09,1.5949725425563694e-07,8.182398474243902e-11,-1.5937738387772124e-07,-4.686431427625611e-09
22,22,unloading,0.25,aabd12f24b5fbc79fef402098f91d799e86c33a6c9312a3613366fa4bde115db,3216,62.0,38.0,physical_only,-1.8326621638529155e-06,9.08432783069134e-08,-1.3915367741217721e-06,1.5250107161870536e-08,-4.4112538973114326e-07,7.559317114504282e-08
22,22,unloading,0.25,aabd12f24b5fbc79fef402098f91d799e86c33a6c9312a3613366fa4bde115db,3217,63.0,38.0,interior,-0.0,-0.0,-0.0,-0.0,-0.0,-0.0
22,22,unloading,0.25,aabd12f24b5fbc79fef402098f91d799e86c33a6c9312a3613366fa4bde115db,3218,64.0,38.0,interior,-0.0,-0.0,-0.0,-0.0,-0.0,-0.0
22,22,unloading,0.25,aabd12f24b5fbc79fef402098f91d799e86c33a6c9312a3613366fa4bde115db,3219,65.0,38.0,interior,-0.0,-0.0,-0.0,-0.0,-0.0,-0.0
22,22,unloading,0.25,aabd12f24b5fbc79fef402098f91d799e86c33a6c9312a3613366fa4bde115db,3220,66.0,38.0,interior,-0.0,-0.0,-0.0,-0.0,-0.0,-0.0
22,22,unloading,0.25,aabd12f24b5fbc79fef402098f91d799e86c33a6c9312a3613366fa4bde115db,3221,67.0,38.0,interior,-0.0,-0.0,-0.0,-0.0,-0.0,-0.0
22,22,unloading,0.25,aabd12f24b5fbc79fef402098f91d799e86c33a6c9312a3613366fa4bde115db,3222,68.0,38.0,interior,-0.0,-0.0,-0.0,-0.0,-0.0,-0.0
22,22,unloading,0.25,aabd12f24b5fbc79fef402098f91d799e86c33a6c9312a3613366fa4bde115db,3223,69.0,38.0,interior,-0.0,-0.0,-0.0,-0.0,-0.0,-0.0
22,22,unloading,0.25,aabd12f24b5fbc79fef402098f91d799e86c33a6c9312a3613366fa4bde115db,3224,70.0,38.0,interior,-0.0,-0.0,-0.0,-0.0,-0.0,-0.0
22,22,unloading,0.25,aabd12f24b5fbc79fef402098f91d799e86c33a6c9312a3613366fa4bde115db,3225,71.0,38.0,interior,-0.0,-0.0,-0.0,-0.0,-0.0,-0.0
22,22,unloading,0.25,aabd12f24b5fbc79fef402098f91d799e86c33a6c9312a3613366fa4bde115db,3226,72.0,38.0,interior,-0.0,-0.0,-0.0,-0.0,-0.0,-0.0
22,22,unloading,0.25,aabd12f24b5fbc79fef402098f91d799e86c33a6c9312a3613366fa4bde115db,3227,73.0,38.0,interior,-0.0,-0.0,-0.0,-0.0,-0.0,-0.0
22,22,unloading,0.25,aabd12f24b5fbc79fef402098f91d799e86c33a6c9312a3613366fa4bde115db,3228,74.0,38.0,interior,-0.0,-0.0,-0.0,-0.0,-0.0,-0.0
22,22,unloading,0.25,aabd12f24b5fbc79fef402098f91d799e86c33a6c9312a3613366fa4bde115db,3229,75.0,38.0,interior,-0.0,-0.0,-0.0,-0.0,-0.0,-0.0
22,22,unloading,0.25,aabd12f24b5fbc79fef402098f91d799e86c33a6c9312a3613366fa4bde115db,3230,76.0,38.0,interior,-0.0,-0.0,-0.0,-0.0,-0.0,-0.0
22,22,unloading,0.25,aabd12f24b5fbc79fef402098f91d799e86c33a6c9312a3613366fa4bde115db,3231,77.0,38.0,interior,-0.0,-0.0,-0.0,-0.0,-0.0,-0.0
22,22,unloading,0.25,aabd12f24b5fbc79fef402098f91d799e86c33a6c9312a3613366fa4bde115db,3232,78.0,38.0,interior,-0.0,-0.0,-0.0,-0.0,-0.0,-0.0
22,22,unloading,0.25,aabd12f24b5fbc79fef402098f91d799e86c33a6c9312a3613366fa4bde115db,3233,79.0,38.0,interior,-0.0,-0.0,-0.0,-0.0,-0.0,-0.0
22,22,unloading,0.25,aabd12f24b5fbc79fef402098f91d799e86c33a6c9312a3613366fa4bde115db,3234,80.0,38.0,physical_only,9.837910783365057e-11,-3.0379416206690052e-09,1.5498134293537764e-07,5.865187608366138e-11,-1.54882963827544e-07,-3.09659349675266e-09
22,22,unloading,0.25,aabd12f24b5fbc79fef402098f91d799e86c33a6c9312a3613366fa4bde115db,3299,62.0,39.0,physical_only,-1.879126428753102e-06,4.95032228348659e-08,-1.4011091593678566e-06,7.770248851133827e-09,-4.780172693852456e-07,4.173297398373202e-08
22,22,unloading,0.25,aabd12f24b5fbc79fef402098f91d799e86c33a6c9312a3613366fa4bde115db,3300,63.0,39.0,interior,-0.0,-0.0,-0.0,-0.0,-0.0,-0.0
22,22,unloading,0.25,aabd12f24b5fbc79fef402098f91d799e86c33a6c9312a3613366fa4bde115db,3301,64.0,39.0,interior,-0.0,-0.0,-0.0,-0.0,-0.0,-0.0
22,22,unloading,0.25,aabd12f24b5fbc79fef402098f91d799e86c33a6c9312a3613366fa4bde115db,3302,65.0,39.0,interior,-0.0,-0.0,-0.0,-0.0,-0.0,-0.0
22,22,unloading,0.25,aabd12f24b5fbc79fef402098f91d799e86c33a6c9312a3613366fa4bde115db,3303,66.0,39.0,interior,-0.0,-0.0,-0.0,-0.0,-0.0,-0.0
22,22,unloading,0.25,aabd12f24b5fbc79fef402098f91d799e86c33a6c9312a3613366fa4bde115db,3304,67.0,39.0,interior,-0.0,-0.0,-0.0,-0.0,-0.0,-0.0
22,22,unloading,0.25,aabd12f24b5fbc79fef402098f91d799e86c33a6c9312a3613366fa4bde115db,3305,68.0,39.0,interior,-0.0,-0.0,-0.0,-0.0,-0.0,-0.0
22,22,unloading,0.25,aabd12f24b5fbc79fef402098f91d799e86c33a6c9312a3613366fa4bde115db,3306,69.0,39.0,interior,-0.0,-0.0,-0.0,-0.0,-0.0,-0.0
22,22,unloading,0.25,aabd12f24b5fbc79fef402098f91d799e86c33a6c9312a3613366fa4bde115db,3307,70.0,39.0,interior,-0.0,-0.0,-0.0,-0.0,-0.0,-0.0
22,22,unloading,0.25,aabd12f24b5fbc79fef402098f91d799e86c33a6c9312a3613366fa4bde115db,3308,71.0,39.0,interior,-0.0,-0.0,-0.0,-0.0,-0.0,-0.0
22,22,unloading,0.25,aabd12f24b5fbc79fef402098f91d799e86c33a6c9312a3613366fa4bde115db,3309,72.0,39.0,interior,-0.0,-0.0,-0.0,-0.0,-0.0,-0.0
22,22,unloading,0.25,aabd12f24b5fbc79fef402098f91d799e86c33a6c9312a3613366fa4bde115db,3310,73.0,39.0,interior,-0.0,-0.0,-0.0,-0.0,-0.0,-0.0
22,22,unloading,0.25,aabd12f24b5fbc79fef402098f91d799e86c33a6c9312a3613366fa4bde115db,3311,74.0,39.0,interior,-0.0,-0.0,-0.0,-0.0,-0.0,-0.0
22,22,unloading,0.25,aabd12f24b5fbc79fef402098f91d799e86c33a6c9312a3613366fa4bde115db,3312,75.0,39.0,interior,-0.0,-0.0,-0.0,-0.0,-0.0,-0.0
22,22,unloading,0.25,aabd12f24b5fbc79fef402098f91d799e86c33a6c9312a3613366fa4bde115db,3313,76.0,39.0,interior,-0.0,-0.0,-0.0,-0.0,-0.0,-0.0
22,22,unloading,0.25,aabd12f24b5fbc79fef402098f91d799e86c33a6c9312a3613366fa4bde115db,3314,77.0,39.0,interior,-0.0,-0.0,-0.0,-0.0,-0.0,-0.0
22,22,unloading,0.25,aabd12f24b5fbc79fef402098f91d799e86c33a6c9312a3613366fa4bde115db,3315,78.0,39.0,interior,-0.0,-0.0,-0.0,-0.0,-0.0,-0.0
22,22,unloading,0.25,aabd12f24b5fbc79fef402098f91d799e86c33a6c9312a3613366fa4bde115db,3316,79.0,39.0,interior,-0.0,-0.0,-0.0,-0.0,-0.0,-0.0
22,22,unloading,0.25,aabd12f24b5fbc79fef402098f91d799e86c33a6c9312a3613366fa4bde115db,3317,80.0,39.0,physical_only,8.566449938827562e-11,-1.5094904249572977e-09,1.5229398826063734e-07,3.0546847816720354e-11,-1.5220832376124907e-07,-1.540037272774018e-09
22,22,unloading,0.25,aabd12f24b5fbc79fef402098f91d799e86c33a6c9312a3613366fa4bde115db,3382,62.0,40.0,physical_and_cut,-9.471421516356702e-07,-1.5662120086485018e-06,-7.021760043243964e-07,-3.0478314482839587e-07,-2.449661473112738e-07,-1.2614288638201059e-06
22,22,unloading,0.25,aabd12f24b5fbc79fef402098f91d799e86c33a6c9312a3613366fa4bde115db,3383,63.0,40.0,cut_only,-0.0,-0.0,-0.0,-0.0,-0.0,-0.0
22,22,unloading,0.25,aabd12f24b5fbc79fef402098f91d799e86c33a6c9312a3613366fa4bde115db,3384,64.0,40.0,cut_only,-0.0,-0.0,-0.0,-0.0,-0.0,-0.0
22,22,unloading,0.25,aabd12f24b5fbc79fef402098f91d799e86c33a6c9312a3613366fa4bde115db,3385,65.0,40.0,cut_only,-0.0,-0.0,-0.0,-0.0,-0.0,-0.0
22,22,unloading,0.25,aabd12f24b5fbc79fef402098f91d799e86c33a6c9312a3613366fa4bde115db,3386,66.0,40.0,cut_only,-0.0,-0.0,-0.0,-0.0,-0.0,-0.0
22,22,unloading,0.25,aabd12f24b5fbc79fef402098f91d799e86c33a6c9312a3613366fa4bde115db,3387,67.0,40.0,cut_only,-0.0,-0.0,-0.0,-0.0,-0.0,-0.0
22,22,unloading,0.25,aabd12f24b5fbc79fef402098f91d799e86c33a6c9312a3613366fa4bde115db,3388,68.0,40.0,cut_only,-0.0,-0.0,-0.0,-0.0,-0.0,-0.0
22,22,unloading,0.25,aabd12f24b5fbc79fef402098f91d799e86c33a6c9312a3613366fa4bde115db,3389,69.0,40.0,cut_only,-0.0,-0.0,-0.0,-0.0,-0.0,-0.0
22,22,unloading,0.25,aabd12f24b5fbc79fef402098f91d799e86c33a6c9312a3613366fa4bde115db,3390,70.0,40.0,cut_only,-0.0,-0.0,-0.0,-0.0,-0.0,-0.0
22,22,unloading,0.25,aabd12f24b5fbc79fef402098f91d799e86c33a6c9312a3613366fa4bde115db,3391,71.0,40.0,cut_only,-0.0,-0.0,-0.0,-0.0,-0.0,-0.0
22,22,unloading,0.25,aabd12f24b5fbc79fef402098f91d799e86c33a6c9312a3613366fa4bde115db,3392,72.0,40.0,cut_only,-0.0,-0.0,-0.0,-0.0,-0.0,-0.0
22,22,unloading,0.25,aabd12f24b5fbc79fef402098f91d799e86c33a6c9312a3613366fa4bde115db,3393,73.0,40.0,cut_only,-0.0,-0.0,-0.0,-0.0,-0.0,-0.0
22,22,unloading,0.25,aabd12f24b5fbc79fef402098f91d799e86c33a6c9312a3613366fa4bde115db,3394,74.0,40.0,cut_only,-0.0,-0.0,-0.0,-0.0,-0.0,-0.0
22,22,unloading,0.25,aabd12f24b5fbc79fef402098f91d799e86c33a6c9312a3613366fa4bde115db,3395,75.0,40.0,cut_only,-0.0,-0.0,-0.0,-0.0,-0.0,-0.0
22,22,unloading,0.25,aabd12f24b5fbc79fef402098f91d799e86c33a6c9312a3613366fa4bde115db,3396,76.0,40.0,cut_only,-0.0,-0.0,-0.0,-0.0,-0.0,-0.0
22,22,unloading,0.25,aabd12f24b5fbc79fef402098f91d799e86c33a6c9312a3613366fa4bde115db,3397,77.0,40.0,cut_only,-0.0,-0.0,-0.0,-0.0,-0.0,-0.0
22,22,unloading,0.25,aabd12f24b5fbc79fef402098f91d799e86c33a6c9312a3613366fa4bde115db,3398,78.0,40.0,cut_only,-0.0,-0.0,-0.0,-0.0,-0.0,-0.0
22,22,unloading,0.25,aabd12f24b5fbc79fef402098f91d799e86c33a6c9312a3613366fa4bde115db,3399,79.0,40.0,cut_only,-0.0,-0.0,-0.0,-0.0,-0.0,-0.0
22,22,unloading,0.25,aabd12f24b5fbc79fef402098f91d799e86c33a6c9312a3613366fa4bde115db,3400,80.0,40.0,physical_and_cut,4.072802452587627e-11,-2.2809078767111696e-07,7.570094279014118e-08,-3.227707684684034e-08,-7.56602147656153e-08,-1.9581371082427663e-07
23,23,unloading,0.0,073a8d58aedfe1f669d85a1f98485a2a3de5c192e2d963ce1b798bfa76150b69,2635,62.0,31.0,physical_only,5.69766302284224e-28,4.452372770522921e-28,2.771922872768672e-29,-2.3080738409633193e-29,5.4204707355653745e-28,4.683180154619253e-28
23,23,unloading,0.0,073a8d58aedfe1f669d85a1f98485a2a3de5c192e2d963ce1b798bfa76150b69,2636,63.0,31.0,physical_only,2.1225038670852685e-29,-3.0458263595888835e-29,2.0404421311492512e-29,-2.6384484562183666e-29,8.206173593601727e-31,-4.073779033705202e-30
23,23,unloading,0.0,073a8d58aedfe1f669d85a1f98485a2a3de5c192e2d963ce1b798bfa76150b69,2637,64.0,31.0,physical_only,1.655608222663967e-29,-2.697125587265671e-29,2.054193797175304e-29,-3.195357555391808e-29,-3.985855745113373e-30,4.9823196812613645e-30
23,23,unloading,0.0,073a8d58aedfe1f669d85a1f98485a2a3de5c192e2d963ce1b798bfa76150b69,2638,65.0,31.0,physical_only,1.7896723520681437e-29,-2.5976041986561355e-29,2.0710268752602985e-29,-3.7581916067793084e-29,-2.8135452319215507e-30,1.1605874081231662e-29
23,23,unloading,0.0,073a8d58aedfe1f669d85a1f98485a2a3de5c192e2d963ce1b798bfa76150b69,2639,66.0,31.0,physical_only,1.938237590624721e-29,-2.929089550032747e-29,2.090637957363831e-29,-4.332931389674513e-29,-1.5240036673910996e-30,1.403841839641761e-29
23,23,unloading,0.0,073a8d58aedfe1f669d85a1f98485a2a3de5c192e2d963ce1b798bfa76150b69,2640,67.0,31.0,physical_only,2.1577992486164603e-29,-3.603603884858101e-29,2.1109068280991765e-29,-4.922453212301134e-29,4.6892420517284e-31,1.3188493274430348e-29
23,23,unloading,0.0,073a8d58aedfe1f669d85a1f98485a2a3de5c192e2d963ce1b798bfa76150b69,2641,68.0,31.0,physical_only,2.3181956055793742e-29,-4.3833344074674765e-29,2.1306259234652876e-29,-5.5263371579313e-29,1.875696821140863e-30,1.1430027504638231e-29
23,23,unloading,0.0,073a8d58aedfe1f669d85a1f98485a2a3de5c192e2d963ce1b798bfa76150b69,2642,69.0,31.0,physical_only,2.395008331883391e-29,-5.35716181674489e-29,2.1488231241005015e-29,-6.142609860669952e-29,2.4618520778288897e-30,7.854480439250666e-30
23,23,unloading,0.0,073a8d58aedfe1f669d85a1f98485a2a3de5c192e2d963ce1b798bfa76150b69,2643,70.0,31.0,physical_only,2.4932283664194184e-29,-6.18778333656182e-29,2.164981422703838e-29,-6.768077040667183e-29,3.282469437155801e-30,5.802937041053619e-30
23,23,unloading,0.0,073a8d58aedfe1f669d85a1f98485a2a3de5c192e2d963ce1b798bfa76150b69,2644,71.0,31.0,physical_only,2.658825769278388e-29,-7.43393700886124e-29,2.1781784588322273e-29,-7.398767693489412e-29,4.806473104461601e-30,-3.5169315371823403e-31
23,23,unloading,0.0,073a8d58aedfe1f669d85a1f98485a2a3de5c192e2d963ce1b798bfa76150b69,2645,72.0,31.0,physical_only,2.645479405865441e-29,-8.387066452659508e-29,2.18827830568351e-29,-8.029511746127052e-29,4.572011001819314e-30,-3.575547065324518e-30
23,23,unloading,0.0,073a8d58aedfe1f669d85a1f98485a2a3de5c192e2d963ce1b798bfa76150b69,2646,73.0,31.0,physical_only,2.646241857644272e-29,-9.616766281653918e-29,2.194902310023173e-29,-8.655471660782835e-29,4.5133954762109896e-30,-9.612946208710866e-30
23,23,unloading,0.0,073a8d58aedfe1f669d85a1f98485a2a3de5c192e2d963ce1b798bfa76150b69,2647,74.0,31.0,physical_only,2.439177551572875e-29,-1.044402089509433e-28,2.1988538963423746e-29,-9.27171038182225e-29,2.4032365523050104e-30,-1.1723105132720841e-29
23,23,unloading,0.0,073a8d58aedfe1f669d85a1f98485a2a3de5c192e2d963ce1b798bfa76150b69,2648,75.0,31.0,physical_only,2.143466632232437e-29,-1.0907919349471678e-28,2.2020821578930514e-29,-9.876286097786248e-29,-5.861552566061462e-31,-1.0316332516854306e-29
23,23,unloading,0.0,073a8d58aedfe1f669d85a1f98485a2a3de5c192e2d963ce1b798bfa76150b69,2649,76.0,31.0,physical_only,1.9547248722164485e-29,-1.0904810555797708e-28,2.206771632566568e-29,-1.04710556658824e-28,-2.5204676035011945e-30,-4.337548899153177e-30
23,23,unloading,0.0,073a8d58aedfe1f669d85a1f98485a2a3de5c192e2d963ce1b798bfa76150b69,2650,77.0,31.0,physical_only,2.0847157613161528e-29,-1.1048839819799264e-28,2.2136699177746565e-29,-1.1060562924924679e-28,-1.2895415645850429e-30,1.1723105125420906e-31
23,23,unloading,0.0,073a8d58aedfe1f669d85a1f98485a2a3de5c192e2d963ce1b798bfa76150b69,2651,78.0,31.0,physical_only,2.2108645817623955e-29,-1.1321141178973473e-28,2.222587686900097e-29,-1.1649388122691956e-28,-1.1723105137701325e-31,3.28246943718478e-30
23,23,unloading,0.0,073a8d58aedfe1f669d85a1f98485a2a3de5c192e2d963ce1b798bfa76150b69,2652,79.0,31.0,physical_only,2.3906703176437752e-29,-1.174867552234322e-28,2.2324083983539827e-29,-1.224104593792503e-28,1.582619192897925e-30,4.9237041558182e-30
23,23,unloading,0.0,073a8d58aedfe1f669d85a1f98485a2a3de5c192e2d963ce1b798bfa76150b69,2653,80.0,31.0,physical_only,4.356282711948872e-26,-5.154137397675848e-25,-8.80343672313726e-28,7.950239477939744e-28,4.4443170791802445e-26,-5.162087637153786e-25
23,23,unloading,0.0,073a8d58aedfe1f669d85a1f98485a2a3de5c192e2d963ce1b798bfa76150b69,2718,62.0,32.0,physical_only,-2.306833707899228e-29,-5.634759459293745e-29,1.268713357662313e-29,-4.139009524811514e-31,-3.575547065561541e-29,-5.593369364045629e-29
23,23,unloading,0.0,073a8d58aedfe1f669d85a1f98485a2a3de5c192e2d963ce1b798bfa76150b69,2719,63.0,32.0,interior,-0.0,-0.0,-0.0,-0.0,-0.0,-0.0
23,23,unloading,0.0,073a8d58aedfe1f669d85a1f98485a2a3de5c192e2d963ce1b798bfa76150b69,2720,64.0,32.0,interior,-0.0,-0.0,-0.0,-0.0,-0.0,-0.0
23,23,unloading,0.0,073a8d58aedfe1f669d85a1f98485a2a3de5c192e2d963ce1b798bfa76150b69,2721,65.0,32.0,interior,-0.0,-0.0,-0.0,-0.0,-0.0,-0.0
23,23,unloading,0.0,073a8d58aedfe1f669d85a1f98485a2a3de5c192e2d963ce1b798bfa76150b69,2722,66.0,32.0,interior,-0.0,-0.0,-0.0,-0.0,-0.0,-0.0
23,23,unloading,0.0,073a8d58aedfe1f669d85a1f98485a2a3de5c192e2d963ce1b798bfa76150b69,2723,67.0,32.0,interior,-0.0,-0.0,-0.0,-0.0,-0.0,-0.0
23,23,unloading,0.0,073a8d58aedfe1f669d85a1f98485a2a3de5c192e2d963ce1b798bfa76150b69,2724,68.0,32.0,interior,-0.0,-0.0,-0.0,-0.0,-0.0,-0.0
23,23,unloading,0.0,073a8d58aedfe1f669d85a1f98485a2a3de5c192e2d963ce1b798bfa76150b69,2725,69.0,32.0,interior,-0.0,-0.0,-0.0,-0.0,-0.0,-0.0
23,23,unloading,0.0,073a8d58aedfe1f669d85a1f98485a2a3de5c192e2d963ce1b798bfa76150b69,2726,70.0,32.0,interior,-0.0,-0.0,-0.0,-0.0,-0.0,-0.0
23,23,unloading,0.0,073a8d58aedfe1f669d85a1f98485a2a3de5c192e2d963ce1b798bfa76150b69,2727,71.0,32.0,interior,-0.0,-0.0,-0.0,-0.0,-0.0,-0.0
23,23,unloading,0.0,073a8d58aedfe1f669d85a1f98485a2a3de5c192e2d963ce1b798bfa76150b69,2728,72.0,32.0,interior,-0.0,-0.0,-0.0,-0.0,-0.0,-0.0
23,23,unloading,0.0,073a8d58aedfe1f669d85a1f98485a2a3de5c192e2d963ce1b798bfa76150b69,2729,73.0,32.0,interior,-0.0,-0.0,-0.0,-0.0,-0.0,-0.0
23,23,unloading,0.0,073a8d58aedfe1f669d85a1f98485a2a3de5c192e2d963ce1b798bfa76150b69,2730,74.0,32.0,interior,-0.0,-0.0,-0.0,-0.0,-0.0,-0.0
23,23,unloading,0.0,073a8d58aedfe1f669d85a1f98485a2a3de5c192e2d963ce1b798bfa76150b69,2731,75.0,32.0,interior,-0.0,-0.0,-0.0,-0.0,-0.0,-0.0
23,23,unloading,0.0,073a8d58aedfe1f669d85a1f98485a2a3de5c192e2d963ce1b798bfa76150b69,2732,76.0,32.0,interior,-0.0,-0.0,-0.0,-0.0,-0.0,-0.0
23,23,unloading,0.0,073a8d58aedfe1f669d85a1f98485a2a3de5c192e2d963ce1b798bfa76150b69,2733,77.0,32.0,interior,-0.0,-0.0,-0.0,-0.0,-0.0,-0.0
23,23,unloading,0.0,073a8d58aedfe1f669d85a1f98485a2a3de5c192e2d963ce1b798bfa76150b69,2734,78.0,32.0,interior,-0.0,-0.0,-0.0,-0.0,-0.0,-0.0
23,23,unloading,0.0,073a8d58aedfe1f669d85a1f98485a2a3de5c192e2d963ce1b798bfa76150b69,2735,79.0,32.0,interior,-0.0,-0.0,-0.0,-0.0,-0.0,-0.0
23,23,unloading,0.0,073a8d58aedfe1f669d85a1f98485a2a3de5c192e2d963ce1b798bfa76150b69,2736,80.0,32.0,physical_only,1.577738835271222e-28,-2.2508665226082298e-28,2.6671083797482856e-28,-3.9999538084393664e-28,-1.0893695444770641e-28,1.7490872858311546e-28
23,23,unloading,0.0,073a8d58aedfe1f669d85a1f98485a2a3de5c192e2d963ce1b798bfa76150b69,2801,62.0,33.0,physical_only,2.8491633281954495e-29,-4.406187026053149e-29,1.5742756449966428e-29,-8.007502337205902e-31,1.2748876831988014e-29,-4.32611200268109e-29
23,23,unloading,0.0,073a8d58aedfe1f669d85a1f98485a2a3de5c192e2d963ce1b798bfa76150b69,2802,63.0,33.0,interior,-0.0,-0.0,-0.0,-0.0,-0.0,-0.0
23,23,unloading,0.0,073a8d58aedfe1f669d85a1f98485a2a3de5c192e2d963ce1b798bfa76150b69,2803,64.0,33.0,interior,-0.0,-0.0,-0.0,-0.0,-0.0,-0.0
23,23,unloading,0.0,073a8d58aedfe1f669d85a1f98485a2a3de5c192e2d963ce1b798bfa76150b69,2804,65.0,33.0,interior,-0.0,-0.0,-0.0,-0.0,-0.0,-0.0
23,23,unloading,0.0,073a8d58aedfe1f669d85a1f98485a2a3de5c192e2d963ce1b798bfa76150b69,2805,66.0,33.0,interior,-0.0,-0.0,-0.0,-0.0,-0.0,-0.0
23,23,unloading,0.0,073a8d58aedfe1f669d85a1f98485a2a3de5c192e2d963ce1b798bfa76150b69,2806,67.0,33.0,interior,-0.0,-0.0,-0.0,-0.0,-0.0,-0.0
23,23,unloading,0.0,073a8d58aedfe1f669d85a1f98485a2a3de5c192e2d963ce1b798bfa76150b69,2807,68.0,33.0,interior,-0.0,-0.0,-0.0,-0.0,-0.0,-0.0
23,23,unloading,0.0,073a8d58aedfe1f669d85a1f98485a2a3de5c192e2d963ce1b798bfa76150b69,2808,69.0,33.0,interior,-0.0,-0.0,-0.0,-0.0,-0.0,-0.0
23,23,unloading,0.0,073a8d58aedfe1f669d85a1f98485a2a3de5c192e2d963ce1b798bfa76150b69,2809,70.0,33.0,interior,-0.0,-0.0,-0.0,-0.0,-0.0,-0.0
23,23,unloading,0.0,073a8d58aedfe1f669d85a1f98485a2a3de5c192e2d963ce1b798bfa76150b69,2810,71.0,33.0,interior,-0.0,-0.0,-0.0,-0.0,-0.0,-0.0
23,23,unloading,0.0,073a8d58aedfe1f669d85a1f98485a2a3de5c192e2d963ce1b798bfa76150b69,2811,72.0,33.0,interior,-0.0,-0.0,-0.0,-0.0,-0.0,-0.0
23,23,unloading,0.0,073a8d58aedfe1f669d85a1f98485a2a3de5c192e2d963ce1b798bfa76150b69,2812,73.0,33.0,interior,-0.0,-0.0,-0.0,-0.0,-0.0,-0.0
23,23,unloading,0.0,073a8d58aedfe1f669d85a1f98485a2a3de5c192e2d963ce1b798bfa76150b69,2813,74.0,33.0,interior,-0.0,-0.0,-0.0,-0.0,-0.0,-0.0
23,23,unloading,0.0,073a8d58aedfe1f669d85a1f98485a2a3de5c192e2d963ce1b798bfa76150b69,2814,75.0,33.0,interior,-0.0,-0.0,-0.0,-0.0,-0.0,-0.0
23,23,unloading,0.0,073a8d58aedfe1f669d85a1f98485a2a3de5c192e2d963ce1b798bfa76150b69,2815,76.0,33.0,interior,-0.0,-0.0,-0.0,-0.0,-0.0,-0.0
23,23,unloading,0.0,073a8d58aedfe1f669d85a1f98485a2a3de5c192e2d963ce1b798bfa76150b69,2816,77.0,33.0,interior,-0.0,-0.0,-0.0,-0.0,-0.0,-0.0
23,23,unloading,0.0,073a8d58aedfe1f669d85a1f98485a2a3de5c192e2d963ce1b798bfa76150b69,2817,78.0,33.0,interior,-0.0,-0.0,-0.0,-0.0,-0.0,-0.0
23,23,unloading,0.0,073a8d58aedfe1f669d85a1f98485a2a3de5c192e2d963ce1b798bfa76150b69,2818,79.0,33.0,interior,-0.0,-0.0,-0.0,-0.0,-0.0,-0.0
23,23,unloading,0.0,073a8d58aedfe1f669d85a1f98485a2a3de5c192e2d963ce1b798bfa76150b69,2819,80.0,33.0,physical_only,1.534701486493627e-28,-1.9533042242795465e-28,2.5761528387395193e-28,-3.4866863756676076e-28,-1.041451352245892e-28,1.5333821513880386e-28
23,23,unloading,0.0,073a8d58aedfe1f669d85a1f98485a2a3de5c192e2d963ce1b798bfa76150b69,2884,62.0,34.0,physical_only,5.564064556795887e-29,-2.7695965376195593e-29,1.8771479924963074e-29,-9.033466670497341e-31,3.686916564299581e-29,-2.679261870914586e-29
23,23,unloading,0.0,073a8d58aedfe1f669d85a1f98485a2a3de5c192e2d963ce1b798bfa76150b69,2885,63.0,34.0,interior,-0.0,-0.0,-0.0,-0.0,-0.0,-0.0
23,23,unloading,0.0,073a8d58aedfe1f669d85a1f98485a2a3de5c192e2d963ce1b798bfa76150b69,2886,64.0,34.0,interior,-0.0,-0.0,-0.0,-0.0,-0.0,-0.0
23,23,unloading,0.0,073a8d58aedfe1f669d85a1f98485a2a3de5c192e2d963ce1b798bfa76150b69,2887,65.0,34.0,interior,-0.0,-0.0,-0.0,-0.0,-0.0,-0.0
23,23,unloading,0.0,073a8d58aedfe1f669d85a1f98485a2a3de5c192e2d963ce1b798bfa76150b69,2888,66.0,34.0,interior,-0.0,-0.0,-0.0,-0.0,-0.0,-0.0
23,23,unloading,0.0,073a8d58aedfe1f669d85a1f98485a2a3de5c192e2d963ce1b798bfa76150b69,2889,67.0,34.0,interior,-0.0,-0.0,-0.0,-0.0,-0.0,-0.0
23,23,unloading,0.0,073a8d58aedfe1f669d85a1f98485a2a3de5c192e2d963ce1b798bfa76150b69,2890,68.0,34.0,interior,-0.0,-0.0,-0.0,-0.0,-0.0,-0.0
23,23,unloading,0.0,073a8d58aedfe1f669d85a1f98485a2a3de5c192e2d963ce1b798bfa76150b69,2891,69.0,34.0,interior,-0.0,-0.0,-0.0,-0.0,-0.0,-0.0
23,23,unloading,0.0,073a8d58aedfe1f669d85a1f98485a2a3de5c192e2d963ce1b798bfa76150b69,2892,70.0,34.0,interior,-0.0,-0.0,-0.0,-0.0,-0.0,-0.0
23,23,unloading,0.0,073a8d58aedfe1f669d85a1f98485a2a3de5c192e2d963ce1b798bfa76150b69,2893,71.0,34.0,interior,-0.0,-0.0,-0.0,-0.0,-0.0,-0.0
23,23,unloading,0.0,073a8d58aedfe1f669d85a1f98485a2a3de5c192e2d963ce1b798bfa76150b69,2894,72.0,34.0,interior,-0.0,-0.0,-0.0,-0.0,-0.0,-0.0
23,23,unloading,0.0,073a8d58aedfe1f669d85a1f98485a2a3de5c192e2d963ce1b798bfa76150b69,2895,73.0,34.0,interior,-0.0,-0.0,-0.0,-0.0,-0.0,-0.0
23,23,unloading,0.0,073a8d58aedfe1f669d85a1f98485a2a3de5c192e2d963ce1b798bfa76150b69,2896,74.0,34.0,interior,-0.0,-0.0,-0.0,-0.0,-0.0,-0.0
23,23,unloading,0.0,073a8d58aedfe1f669d85a1f98485a2a3de5c192e2d963ce1b798bfa76150b69,2897,75.0,34.0,interior,-0.0,-0.0,-0.0,-0.0,-0.0,-0.0
23,23,unloading,0.0,073a8d58aedfe1f669d85a1f98485a2a3de5c192e2d963ce1b798bfa76150b69,2898,76.0,34.0,interior,-0.0,-0.0,-0.0,-0.0,-0.0,-0.0
23,23,unloading,0.0,073a8d58aedfe1f669d85a1f98485a2a3de5c192e2d963ce1b798bfa76150b69,2899,77.0,34.0,interior,-0.0,-0.0,-0.0,-0.0,-0.0,-0.0
23,23,unloading,0.0,073a8d58aedfe1f669d85a1f98485a2a3de5c192e2d963ce1b798bfa76150b69,2900,78.0,34.0,interior,-0.0,-0.0,-0.0,-0.0,-0.0,-0.0
23,23,unloading,0.0,073a8d58aedfe1f669d85a1f98485a2a3de5c192e2d963ce1b798bfa76150b69,2901,79.0,34.0,interior,-0.0,-0.0,-0.0,-0.0,-0.0,-0.0
23,23,unloading,0.0,073a8d58aedfe1f669d85a1f98485a2a3de5c192e2d963ce1b798bfa76150b69,2902,80.0,34.0,physical_only,1.4936356822316607e-28,-1.6446258088372157e-28,2.4981592533092494e-28,-2.9787151729686847e-28,-1.0045235710775891e-28,1.3340893641314892e-28
23,23,unloading,0.0,073a8d58aedfe1f669d85a1f98485a2a3de5c192e2d963ce1b798bfa76150b69,2967,62.0,35.0,physical_only,6.649048594330041e-29,-1.446650629673543e-29,2.1473762232913656e-29,-8.421745334895813e-31,4.501672371038675e-29,-1.362433176324585e-29
23,23,unloading,0.0,073a8d58aedfe1f669d85a1f98485a2a3de5c192e2d963ce1b798bfa76150b69,2968,63.0,35.0,interior,-0.0,-0.0,-0.0,-0.0,-0.0,-0.0
23,23,unloading,0.0,073a8d58aedfe1f669d85a1f98485a2a3de5c192e2d963ce1b798bfa76150b69,2969,64.0,35.0,interior,-0.0,-0.0,-0.0,-0.0,-0.0,-0.0
23,23,unloading,0.0,073a8d58aedfe1f669d85a1f98485a2a3de5c192e2d963ce1b798bfa76150b69,2970,65.0,35.0,interior,-0.0,-0.0,-0.0,-0.0,-0.0,-0.0
23,23,unloading,0.0,073a8d58aedfe1f669d85a1f98485a2a3de5c192e2d963ce1b798bfa76150b69,2971,66.0,35.0,interior,-0.0,-0.0,-0.0,-0.0,-0.0,-0.0
23,23,unloading,0.0,073a8d58aedfe1f669d85a1f98485a2a3de5c192e2d963ce1b798bfa76150b69,2972,67.0,35.0,interior,-0.0,-0.0,-0.0,-0.0,-0.0,-0.0
23,23,unloading,0.0,073a8d58aedfe1f669d85a1f98485a2a3de5c192e2d963ce1b798bfa76150b69,2973,68.0,35.0,interior,-0.0,-0.0,-0.0,-0.0,-0.0,-0.0
23,23,unloading,0.0,073a8d58aedfe1f669d85a1f98485a2a3de5c192e2d963ce1b798bfa76150b69,2974,69.0,35.0,interior,-0.0,-0.0,-0.0,-0.0,-0.0,-0.0
23,23,unloading,0.0,073a8d58aedfe1f669d85a1f98485a2a3de5c192e2d963ce1b798bfa76150b69,2975,70.0,35.0,interior,-0.0,-0.0,-0.0,-0.0,-0.0,-0.0
23,23,unloading,0.0,073a8d58aedfe1f669d85a1f98485a2a3de5c192e2d963ce1b798bfa76150b69,2976,71.0,35.0,interior,-0.0,-0.0,-0.0,-0.0,-0.0,-0.0
23,23,unloading,0.0,073a8d58aedfe1f669d85a1f98485a2a3de5c192e2d963ce1b798bfa76150b69,2977,72.0,35.0,interior,-0.0,-0.0,-0.0,-0.0,-0.0,-0.0
23,23,unloading,0.0,073a8d58aedfe1f669d85a1f98485a2a3de5c192e2d963ce1b798bfa76150b69,2978,73.0,35.0,interior,-0.0,-0.0,-0.0,-0.0,-0.0,-0.0
23,23,unloading,0.0,073a8d58aedfe1f669d85a1f98485a2a3de5c192e2d963ce1b798bfa76150b69,2979,74.0,35.0,interior,-0.0,-0.0,-0.0,-0.0,-0.0,-0.0
23,23,unloading,0.0,073a8d58aedfe1f669d85a1f98485a2a3de5c192e2d963ce1b798bfa76150b69,2980,75.0,35.0,interior,-0.0,-0.0,-0.0,-0.0,-0.0,-0.0
23,23,unloading,0.0,073a8d58aedfe1f669d85a1f98485a2a3de5c192e2d963ce1b798bfa76150b69,2981,76.0,35.0,interior,-0.0,-0.0,-0.0,-0.0,-0.0,-0.0
23,23,unloading,0.0,073a8d58aedfe1f669d85a1f98485a2a3de5c192e2d963ce1b798bfa76150b69,2982,77.0,35.0,interior,-0.0,-0.0,-0.0,-0.0,-0.0,-0.0
23,23,unloading,0.0,073a8d58aedfe1f669d85a1f98485a2a3de5c192e2d963ce1b798bfa76150b69,2983,78.0,35.0,interior,-0.0,-0.0,-0.0,-0.0,-0.0,-0.0
23,23,unloading,0.0,073a8d58aedfe1f669d85a1f98485a2a3de5c192e2d963ce1b798bfa76150b69,2984,79.0,35.0,interior,-0.0,-0.0,-0.0,-0.0,-0.0,-0.0
23,23,unloading,0.0,073a8d58aedfe1f669d85a1f98485a2a3de5c192e2d963ce1b798bfa76150b69,2985,80.0,35.0,physical_only,1.4545384272798873e-28,-1.350437909823375e-28,2.432685011808055e-28,-2.4752698473278357e-28,-9.781465845281666e-29,1.124831937504467e-28
23,23,unloading,0.0,073a8d58aedfe1f669d85a1f98485a2a3de5c192e2d963ce1b798bfa76150b69,3050,62.0,36.0,physical_only,6.905543956914034e-29,-6.824314231646491e-30,2.371633046759535e-29,-7.042580383203612e-31,4.5339109101544967e-29,-6.120056193326131e-30
23,23,unloading,0.0,073a8d58aedfe1f669d85a1f98485a2a3de5c192e2d963ce1b798bfa76150b69,3051,63.0,36.0,interior,-0.0,-0.0,-0.0,-0.0,-0.0,-0.0
23,23,unloading,0.0,073a8d58aedfe1f669d85a1f98485a2a3de5c192e2d963ce1b798bfa76150b69,3052,64.0,36.0,interior,-0.0,-0.0,-0.0,-0.0,-0.0,-0.0
23,23,unloading,0.0,073a8d58aedfe1f669d85a1f98485a2a3de5c192e2d963ce1b798bfa76150b69,3053,65.0,36.0,interior,-0.0,-0.0,-0.0,-0.0,-0.0,-0.0
23,23,unloading,0.0,073a8d58aedfe1f669d85a1f98485a2a3de5c192e2d963ce1b798bfa76150b69,3054,66.0,36.0,interior,-0.0,-0.0,-0.0,-0.0,-0.0,-0.0
23,23,unloading,0.0,073a8d58aedfe1f669d85a1f98485a2a3de5c192e2d963ce1b798bfa76150b69,3055,67.0,36.0,interior,-0.0,-0.0,-0.0,-0.0,-0.0,-0.0
23,23,unloading,0.0,073a8d58aedfe1f669d85a1f98485a2a3de5c192e2d963ce1b798bfa76150b69,3056,68.0,36.0,interior,-0.0,-0.0,-0.0,-0.0,-0.0,-0.0
23,23,unloading,0.0,073a8d58aedfe1f669d85a1f98485a2a3de5c192e2d963ce1b798bfa76150b69,3057,69.0,36.0,interior,-0.0,-0.0,-0.0,-0.0,-0.0,-0.0
23,23,unloading,0.0,073a8d58aedfe1f669d85a1f98485a2a3de5c192e2d963ce1b798bfa76150b69,3058,70.0,36.0,interior,-0.0,-0.0,-0.0,-0.0,-0.0,-0.0
23,23,unloading,0.0,073a8d58aedfe1f669d85a1f98485a2a3de5c192e2d963ce1b798bfa76150b69,3059,71.0,36.0,interior,-0.0,-0.0,-0.0,-0.0,-0.0,-0.0
23,23,unloading,0.0,073a8d58aedfe1f669d85a1f98485a2a3de5c192e2d963ce1b798bfa76150b69,3060,72.0,36.0,interior,-0.0,-0.0,-0.0,-0.0,-0.0,-0.0
23,23,unloading,0.0,073a8d58aedfe1f669d85a1f98485a2a3de5c192e2d963ce1b798bfa76150b69,3061,73.0,36.0,interior,-0.0,-0.0,-0.0,-0.0,-0.0,-0.0
23,23,unloading,0.0,073a8d58aedfe1f669d85a1f98485a2a3de5c192e2d963ce1b798bfa76150b69,3062,74.0,36.0,interior,-0.0,-0.0,-0.0,-0.0,-0.0,-0.0
23,23,unloading,0.0,073a8d58aedfe1f669d85a1f98485a2a3de5c192e2d963ce1b798bfa76150b69,3063,75.0,36.0,interior,-0.0,-0.0,-0.0,-0.0,-0.0,-0.0
23,23,unloading,0.0,073a8d58aedfe1f669d85a1f98485a2a3de5c192e2d963ce1b798bfa76150b69,3064,76.0,36.0,interior,-0.0,-0.0,-0.0,-0.0,-0.0,-0.0
23,23,unloading,0.0,073a8d58aedfe1f669d85a1f98485a2a3de5c192e2d963ce1b798bfa76150b69,3065,77.0,36.0,interior,-0.0,-0.0,-0.0,-0.0,-0.0,-0.0
23,23,unloading,0.0,073a8d58aedfe1f669d85a1f98485a2a3de5c192e2d963ce1b798bfa76150b69,3066,78.0,36.0,interior,-0.0,-0.0,-0.0,-0.0,-0.0,-0.0
23,23,unloading,0.0,073a8d58aedfe1f669d85a1f98485a2a3de5c192e2d963ce1b798bfa76150b69,3067,79.0,36.0,interior,-0.0,-0.0,-0.0,-0.0,-0.0,-0.0
23,23,unloading,0.0,073a8d58aedfe1f669d85a1f98485a2a3de5c192e2d963ce1b798bfa76150b69,3068,80.0,36.0,physical_only,1.4209602562491273e-28,-1.077027885162876e-28,2.3794706396797305e-28,-1.9756038936023058e-28,-9.585103834306036e-29,8.98576008439425e-29
23,23,unloading,0.0,073a8d58aedfe1f669d85a1f98485a2a3de5c192e2d963ce1b798bfa76150b69,3133,62.0,37.0,physical_only,6.953848895433569e-29,-3.3048737601001885e-30,2.5459613654591216e-29,-5.376943248600302e-31,4.4078875299744467e-29,-2.7671794352401593e-30
23,23,unloading,0.0,073a8d58aedfe1f669d85a1f98485a2a3de5c192e2d963ce1b798bfa76150b69,3134,63.0,37.0,interior,-0.0,-0.0,-0.0,-0.0,-0.0,-0.0
23,23,unloading,0.0,073a8d58aedfe1f669d85a1f98485a2a3de5c192e2d963ce1b798bfa76150b69,3135,64.0,37.0,interior,-0.0,-0.0,-0.0,-0.0,-0.0,-0.0
23,23,unloading,0.0,073a8d58aedfe1f669d85a1f98485a2a3de5c192e2d963ce1b798bfa76150b69,3136,65.0,37.0,interior,-0.0,-0.0,-0.0,-0.0,-0.0,-0.0
23,23,unloading,0.0,073a8d58aedfe1f669d85a1f98485a2a3de5c192e2d963ce1b798bfa76150b69,3137,66.0,37.0,interior,-0.0,-0.0,-0.0,-0.0,-0.0,-0.0
23,23,unloading,0.0,073a8d58aedfe1f669d85a1f98485a2a3de5c192e2d963ce1b798bfa76150b69,3138,67.0,37.0,interior,-0.0,-0.0,-0.0,-0.0,-0.0,-0.0
23,23,unloading,0.0,073a8d58aedfe1f669d85a1f98485a2a3de5c192e2d963ce1b798bfa76150b69,3139,68.0,37.0,interior,-0.0,-0.0,-0.0,-0.0,-0.0,-0.0
23,23,unloading,0.0,073a8d58aedfe1f669d85a1f98485a2a3de5c192e2d963ce1b798bfa76150b69,3140,69.0,37.0,interior,-0.0,-0.0,-0.0,-0.0,-0.0,-0.0
23,23,unloading,0.0,073a8d58aedfe1f669d85a1f98485a2a3de5c192e2d963ce1b798bfa76150b69,3141,70.0,37.0,interior,-0.0,-0.0,-0.0,-0.0,-0.0,-0.0
23,23,unloading,0.0,073a8d58aedfe1f669d85a1f98485a2a3de5c192e2d963ce1b798bfa76150b69,3142,71.0,37.0,interior,-0.0,-0.0,-0.0,-0.0,-0.0,-0.0
23,23,unloading,0.0,073a8d58aedfe1f669d85a1f98485a2a3de5c192e2d963ce1b798bfa76150b69,3143,72.0,37.0,interior,-0.0,-0.0,-0.0,-0.0,-0.0,-0.0
23,23,unloading,0.0,073a8d58aedfe1f669d85a1f98485a2a3de5c192e2d963ce1b798bfa76150b69,3144,73.0,37.0,interior,-0.0,-0.0,-0.0,-0.0,-0.0,-0.0
23,23,unloading,0.0,073a8d58aedfe1f669d85a1f98485a2a3de5c192e2d963ce1b798bfa76150b69,3145,74.0,37.0,interior,-0.0,-0.0,-0.0,-0.0,-0.0,-0.0
23,23,unloading,0.0,073a8d58aedfe1f669d85a1f98485a2a3de5c192e2d963ce1b798bfa76150b69,3146,75.0,37.0,interior,-0.0,-0.0,-0.0,-0.0,-0.0,-0.0
23,23,unloading,0.0,073a8d58aedfe1f669d85a1f98485a2a3de5c192e2d963ce1b798bfa76150b69,3147,76.0,37.0,interior,-0.0,-0.0,-0.0,-0.0,-0.0,-0.0
23,23,unloading,0.0,073a8d58aedfe1f669d85a1f98485a2a3de5c192e2d963ce1b798bfa76150b69,3148,77.0,37.0,interior,-0.0,-0.0,-0.0,-0.0,-0.0,-0.0
23,23,unloading,0.0,073a8d58aedfe1f669d85a1f98485a2a3de5c192e2d963ce1b798bfa76150b69,3149,78.0,37.0,interior,-0.0,-0.0,-0.0,-0.0,-0.0,-0.0
23,23,unloading,0.0,073a8d58aedfe1f669d85a1f98485a2a3de5c192e2d963ce1b798bfa76150b69,3150,79.0,37.0,interior,-0.0,-0.0,-0.0,-0.0,-0.0,-0.0
23,23,unloading,0.0,073a8d58aedfe1f669d85a1f98485a2a3de5c192e2d963ce1b798bfa76150b69,3151,80.0,37.0,physical_only,1.3954605205689139e-28,-7.943891019486782e-29,2.338291250884674e-28,-1.479018441711663e-28,-9.428307303157602e-29,6.846293397630093e-29
23,23,unloading,0.0,073a8d58aedfe1f669d85a1f98485a2a3de5c192e2d963ce1b798bfa76150b69,3216,62.0,38.0,physical_only,7.016340180886518e-29,-1.7577339608348047e-30,2.6699989528565573e-29,-3.609214049129161e-31,4.346341228029961e-29,-1.3968125559218886e-30
23,23,unloading,0.0,073a8d58aedfe1f669d85a1f98485a2a3de5c192e2d963ce1b798bfa76150b69,3217,63.0,38.0,interior,-0.0,-0.0,-0.0,-0.0,-0.0,-0.0
23,23,unloading,0.0,073a8d58aedfe1f669d85a1f98485a2a3de5c192e2d963ce1b798bfa76150b69,3218,64.0,38.0,interior,-0.0,-0.0,-0.0,-0.0,-0.0,-0.0
23,23,unloading,0.0,073a8d58aedfe1f669d85a1f98485a2a3de5c192e2d963ce1b798bfa76150b69,3219,65.0,38.0,interior,-0.0,-0.0,-0.0,-0.0,-0.0,-0.0
23,23,unloading,0.0,073a8d58aedfe1f669d85a1f98485a2a3de5c192e2d963ce1b798bfa76150b69,3220,66.0,38.0,interior,-0.0,-0.0,-0.0,-0.0,-0.0,-0.0
23,23,unloading,0.0,073a8d58aedfe1f669d85a1f98485a2a3de5c192e2d963ce1b798bfa76150b69,3221,67.0,38.0,interior,-0.0,-0.0,-0.0,-0.0,-0.0,-0.0
23,23,unloading,0.0,073a8d58aedfe1f669d85a1f98485a2a3de5c192e2d963ce1b798bfa76150b69,3222,68.0,38.0,interior,-0.0,-0.0,-0.0,-0.0,-0.0,-0.0
23,23,unloading,0.0,073a8d58aedfe1f669d85a1f98485a2a3de5c192e2d963ce1b798bfa76150b69,3223,69.0,38.0,interior,-0.0,-0.0,-0.0,-0.0,-0.0,-0.0
23,23,unloading,0.0,073a8d58aedfe1f669d85a1f98485a2a3de5c192e2d963ce1b798bfa76150b69,3224,70.0,38.0,interior,-0.0,-0.0,-0.0,-0.0,-0.0,-0.0
23,23,unloading,0.0,073a8d58aedfe1f669d85a1f98485a2a3de5c192e2d963ce1b798bfa76150b69,3225,71.0,38.0,interior,-0.0,-0.0,-0.0,-0.0,-0.0,-0.0
23,23,unloading,0.0,073a8d58aedfe1f669d85a1f98485a2a3de5c192e2d963ce1b798bfa76150b69,3226,72.0,38.0,interior,-0.0,-0.0,-0.0,-0.0,-0.0,-0.0
23,23,unloading,0.0,073a8d58aedfe1f669d85a1f98485a2a3de5c192e2d963ce1b798bfa76150b69,3227,73.0,38.0,interior,-0.0,-0.0,-0.0,-0.0,-0.0,-0.0
23,23,unloading,0.0,073a8d58aedfe1f669d85a1f98485a2a3de5c192e2d963ce1b798bfa76150b69,3228,74.0,38.0,interior,-0.0,-0.0,-0.0,-0.0,-0.0,-0.0
23,23,unloading,0.0,073a8d58aedfe1f669d85a1f98485a2a3de5c192e2d963ce1b798bfa76150b69,3229,75.0,38.0,interior,-0.0,-0.0,-0.0,-0.0,-0.0,-0.0
23,23,unloading,0.0,073a8d58aedfe1f669d85a1f98485a2a3de5c192e2d963ce1b798bfa76150b69,3230,76.0,38.0,interior,-0.0,-0.0,-0.0,-0.0,-0.0,-0.0
23,23,unloading,0.0,073a8d58aedfe1f669d85a1f98485a2a3de5c192e2d963ce1b798bfa76150b69,3231,77.0,38.0,interior,-0.0,-0.0,-0.0,-0.0,-0.0,-0.0
23,23,unloading,0.0,073a8d58aedfe1f669d85a1f98485a2a3de5c192e2d963ce1b798bfa76150b69,3232,78.0,38.0,interior,-0.0,-0.0,-0.0,-0.0,-0.0,-0.0
23,23,unloading,0.0,073a8d58aedfe1f669d85a1f98485a2a3de5c192e2d963ce1b798bfa76150b69,3233,79.0,38.0,interior,-0.0,-0.0,-0.0,-0.0,-0.0,-0.0
23,23,unloading,0.0,073a8d58aedfe1f669d85a1f98485a2a3de5c192e2d963ce1b798bfa76150b69,3234,80.0,38.0,physical_only,1.3758106685911859e-28,-5.262033462438982e-29,2.3089698371720788e-28,-9.847232957553098e-29,-9.331591685808926e-29,4.5851994951141895e-29
23,23,unloading,0.0,073a8d58aedfe1f669d85a1f98485a2a3de5c192e2d963ce1b798bfa76150b69,3299,62.0,39.0,physical_only,7.017205560780372e-29,-7.123757692184779e-31,2.744133739835328e-29,-1.8105808444360985e-31,4.273071820945045e-29,-5.3131768477486775e-31
23,23,unloading,0.0,073a8d58aedfe1f669d85a1f98485a2a3de5c192e2d963ce1b798bfa76150b69,3300,63.0,39.0,interior,-0.0,-0.0,-0.0,-0.0,-0.0,-0.0
23,23,unloading,0.0,073a8d58aedfe1f669d85a1f98485a2a3de5c192e2d963ce1b798bfa76150b69,3301,64.0,39.0,interior,-0.0,-0.0,-0.0,-0.0,-0.0,-0.0
23,23,unloading,0.0,073a8d58aedfe1f669d85a1f98485a2a3de5c192e2d963ce1b798bfa76150b69,3302,65.0,39.0,interior,-0.0,-0.0,-0.0,-0.0,-0.0,-0.0
23,23,unloading,0.0,073a8d58aedfe1f669d85a1f98485a2a3de5c192e2d963ce1b798bfa76150b69,3303,66.0,39.0,interior,-0.0,-0.0,-0.0,-0.0,-0.0,-0.0
23,23,unloading,0.0,073a8d58aedfe1f669d85a1f98485a2a3de5c192e2d963ce1b798bfa76150b69,3304,67.0,39.0,interior,-0.0,-0.0,-0.0,-0.0,-0.0,-0.0
23,23,unloading,0.0,073a8d58aedfe1f669d85a1f98485a2a3de5c192e2d963ce1b798bfa76150b69,3305,68.0,39.0,interior,-0.0,-0.0,-0.0,-0.0,-0.0,-0.0
23,23,unloading,0.0,073a8d58aedfe1f669d85a1f98485a2a3de5c192e2d963ce1b798bfa76150b69,3306,69.0,39.0,interior,-0.0,-0.0,-0.0,-0.0,-0.0,-0.0
23,23,unloading,0.0,073a8d58aedfe1f669d85a1f98485a2a3de5c192e2d963ce1b798bfa76150b69,3307,70.0,39.0,interior,-0.0,-0.0,-0.0,-0.0,-0.0,-0.0
23,23,unloading,0.0,073a8d58aedfe1f669d85a1f98485a2a3de5c192e2d963ce1b798bfa76150b69,3308,71.0,39.0,interior,-0.0,-0.0,-0.0,-0.0,-0.0,-0.0
23,23,unloading,0.0,073a8d58aedfe1f669d85a1f98485a2a3de5c192e2d963ce1b798bfa76150b69,3309,72.0,39.0,interior,-0.0,-0.0,-0.0,-0.0,-0.0,-0.0
23,23,unloading,0.0,073a8d58aedfe1f669d85a1f98485a2a3de5c192e2d963ce1b798bfa76150b69,3310,73.0,39.0,interior,-0.0,-0.0,-0.0,-0.0,-0.0,-0.0
23,23,unloading,0.0,073a8d58aedfe1f669d85a1f98485a2a3de5c192e2d963ce1b798bfa76150b69,3311,74.0,39.0,interior,-0.0,-0.0,-0.0,-0.0,-0.0,-0.0
23,23,unloading,0.0,073a8d58aedfe1f669d85a1f98485a2a3de5c192e2d963ce1b798bfa76150b69,3312,75.0,39.0,interior,-0.0,-0.0,-0.0,-0.0,-0.0,-0.0
23,23,unloading,0.0,073a8d58aedfe1f669d85a1f98485a2a3de5c192e2d963ce1b798bfa76150b69,3313,76.0,39.0,interior,-0.0,-0.0,-0.0,-0.0,-0.0,-0.0
23,23,unloading,0.0,073a8d58aedfe1f669d85a1f98485a2a3de5c192e2d963ce1b798bfa76150b69,3314,77.0,39.0,interior,-0.0,-0.0,-0.0,-0.0,-0.0,-0.0
23,23,unloading,0.0,073a8d58aedfe1f669d85a1f98485a2a3de5c192e2d963ce1b798bfa76150b69,3315,78.0,39.0,interior,-0.0,-0.0,-0.0,-0.0,-0.0,-0.0
23,23,unloading,0.0,073a8d58aedfe1f669d85a1f98485a2a3de5c192e2d963ce1b798bfa76150b69,3316,79.0,39.0,interior,-0.0,-0.0,-0.0,-0.0,-0.0,-0.0
23,23,unloading,0.0,073a8d58aedfe1f669d85a1f98485a2a3de5c192e2d963ce1b798bfa76150b69,3317,80.0,39.0,physical_only,1.364121218967067e-28,-2.6190752939668585e-29,2.291418834981463e-28,-4.9197346763067847e-29,-9.272976160143961e-29,2.3006593823398393e-29
23,23,unloading,0.0,073a8d58aedfe1f669d85a1f98485a2a3de5c192e2d963ce1b798bfa76150b69,3382,62.0,40.0,physical_and_cut,3.5238745910161513e-29,7.511754741627047e-30,1.3844079042598643e-29,5.909100945589135e-30,2.1394666867562867e-29,1.6026537960379113e-30
23,23,unloading,0.0,073a8d58aedfe1f669d85a1f98485a2a3de5c192e2d963ce1b798bfa76150b69,3383,63.0,40.0,cut_only,-0.0,-0.0,-0.0,-0.0,-0.0,-0.0
23,23,unloading,0.0,073a8d58aedfe1f669d85a1f98485a2a3de5c192e2d963ce1b798bfa76150b69,3384,64.0,40.0,cut_only,-0.0,-0.0,-0.0,-0.0,-0.0,-0.0
23,23,unloading,0.0,073a8d58aedfe1f669d85a1f98485a2a3de5c192e2d963ce1b798bfa76150b69,3385,65.0,40.0,cut_only,-0.0,-0.0,-0.0,-0.0,-0.0,-0.0
23,23,unloading,0.0,073a8d58aedfe1f669d85a1f98485a2a3de5c192e2d963ce1b798bfa76150b69,3386,66.0,40.0,cut_only,-0.0,-0.0,-0.0,-0.0,-0.0,-0.0
23,23,unloading,0.0,073a8d58aedfe1f669d85a1f98485a2a3de5c192e2d963ce1b798bfa76150b69,3387,67.0,40.0,cut_only,-0.0,-0.0,-0.0,-0.0,-0.0,-0.0
23,23,unloading,0.0,073a8d58aedfe1f669d85a1f98485a2a3de5c192e2d963ce1b798bfa76150b69,3388,68.0,40.0,cut_only,-0.0,-0.0,-0.0,-0.0,-0.0,-0.0
23,23,unloading,0.0,073a8d58aedfe1f669d85a1f98485a2a3de5c192e2d963ce1b798bfa76150b69,3389,69.0,40.0,cut_only,-0.0,-0.0,-0.0,-0.0,-0.0,-0.0
23,23,unloading,0.0,073a8d58aedfe1f669d85a1f98485a2a3de5c192e2d963ce1b798bfa76150b69,3390,70.0,40.0,cut_only,-0.0,-0.0,-0.0,-0.0,-0.0,-0.0
23,23,unloading,0.0,073a8d58aedfe1f669d85a1f98485a2a3de5c192e2d963ce1b798bfa76150b69,3391,71.0,40.0,cut_only,-0.0,-0.0,-0.0,-0.0,-0.0,-0.0
23,23,unloading,0.0,073a8d58aedfe1f669d85a1f98485a2a3de5c192e2d963ce1b798bfa76150b69,3392,72.0,40.0,cut_only,-0.0,-0.0,-0.0,-0.0,-0.0,-0.0
23,23,unloading,0.0,073a8d58aedfe1f669d85a1f98485a2a3de5c192e2d963ce1b798bfa76150b69,3393,73.0,40.0,cut_only,-0.0,-0.0,-0.0,-0.0,-0.0,-0.0
23,23,unloading,0.0,073a8d58aedfe1f669d85a1f98485a2a3de5c192e2d963ce1b798bfa76150b69,3394,74.0,40.0,cut_only,-0.0,-0.0,-0.0,-0.0,-0.0,-0.0
23,23,unloading,0.0,073a8d58aedfe1f669d85a1f98485a2a3de5c192e2d963ce1b798bfa76150b69,3395,75.0,40.0,cut_only,-0.0,-0.0,-0.0,-0.0,-0.0,-0.0
23,23,unloading,0.0,073a8d58aedfe1f669d85a1f98485a2a3de5c192e2d963ce1b798bfa76150b69,3396,76.0,40.0,cut_only,-0.0,-0.0,-0.0,-0.0,-0.0,-0.0
23,23,unloading,0.0,073a8d58aedfe1f669d85a1f98485a2a3de5c192e2d963ce1b798bfa76150b69,3397,77.0,40.0,cut_only,-0.0,-0.0,-0.0,-0.0,-0.0,-0.0
23,23,unloading,0.0,073a8d58aedfe1f669d85a1f98485a2a3de5c192e2d963ce1b798bfa76150b69,3398,78.0,40.0,cut_only,-0.0,-0.0,-0.0,-0.0,-0.0,-0.0
23,23,unloading,0.0,073a8d58aedfe1f669d85a1f98485a2a3de5c192e2d963ce1b798bfa76150b69,3399,79.0,40.0,cut_only,-0.0,-0.0,-0.0,-0.0,-0.0,-0.0
23,23,unloading,0.0,073a8d58aedfe1f669d85a1f98485a2a3de5c192e2d963ce1b798bfa76150b69,3400,80.0,40.0,physical_and_cut,6.806047243298561e-29,1.464519752032328e-26,1.1427881441954813e-28,-7.253085716113638e-29,-4.621834198656251e-29,1.4717728377484416e-26
