accepted_index,original_target_index,leg,d_mm,state_sha256,node_id,x_mm,y_mm,group,total_Fx_N,total_Fy_N,material_Fx_N,material_Fy_N,regularization_Fx_N,regularization_Fy_N
0,0,origin,0.0,26d76fa997d7fc33a9ff6a4b606fc4f31e3f1c0753050e330d97c92565c2bbe2,2654,62.0,32.0,physical_only,-0.0,-0.0,-0.0,-0.0,-0.0,-0.0
0,0,origin,0.0,26d76fa997d7fc33a9ff6a4b606fc4f31e3f1c0753050e330d97c92565c2bbe2,2655,63.0,32.0,physical_only,-0.0,-0.0,-0.0,-0.0,-0.0,-0.0
0,0,origin,0.0,26d76fa997d7fc33a9ff6a4b606fc4f31e3f1c0753050e330d97c92565c2bbe2,2656,64.0,32.0,physical_only,-0.0,-0.0,-0.0,-0.0,-0.0,-0.0
0,0,origin,0.0,26d76fa997d7fc33a9ff6a4b606fc4f31e3f1c0753050e330d97c92565c2bbe2,2657,65.0,32.0,physical_only,-0.0,-0.0,-0.0,-0.0,-0.0,-0.0
0,0,origin,0.0,26d76fa997d7fc33a9ff6a4b606fc4f31e3f1c0753050e330d97c92565c2bbe2,2658,66.0,32.0,physical_only,-0.0,-0.0,-0.0,-0.0,-0.0,-0.0
0,0,origin,0.0,26d76fa997d7fc33a9ff6a4b606fc4f31e3f1c0753050e330d97c92565c2bbe2,2659,67.0,32.0,physical_only,-0.0,-0.0,-0.0,-0.0,-0.0,-0.0
0,0,origin,0.0,26d76fa997d7fc33a9ff6a4b606fc4f31e3f1c0753050e330d97c92565c2bbe2,2660,68.0,32.0,physical_only,-0.0,-0.0,-0.0,-0.0,-0.0,-0.0
0,0,origin,0.0,26d76fa997d7fc33a9ff6a4b606fc4f31e3f1c0753050e330d97c92565c2bbe2,2661,69.0,32.0,physical_only,-0.0,-0.0,-0.0,-0.0,-0.0,-0.0
0,0,origin,0.0,26d76fa997d7fc33a9ff6a4b606fc4f31e3f1c0753050e330d97c92565c2bbe2,2662,70.0,32.0,physical_only,-0.0,-0.0,-0.0,-0.0,-0.0,-0.0
0,0,origin,0.0,26d76fa997d7fc33a9ff6a4b606fc4f31e3f1c0753050e330d97c92565c2bbe2,2663,71.0,32.0,physical_only,-0.0,-0.0,-0.0,-0.0,-0.0,-0.0
0,0,origin,0.0,26d76fa997d7fc33a9ff6a4b606fc4f31e3f1c0753050e330d97c92565c2bbe2,2664,72.0,32.0,physical_only,-0.0,-0.0,-0.0,-0.0,-0.0,-0.0
0,0,origin,0.0,26d76fa997d7fc33a9ff6a4b606fc4f31e3f1c0753050e330d97c92565c2bbe2,2665,73.0,32.0,physical_only,-0.0,-0.0,-0.0,-0.0,-0.0,-0.0
0,0,origin,0.0,26d76fa997d7fc33a9ff6a4b606fc4f31e3f1c0753050e330d97c92565c2bbe2,2666,74.0,32.0,physical_only,-0.0,-0.0,-0.0,-0.0,-0.0,-0.0
0,0,origin,0.0,26d76fa997d7fc33a9ff6a4b606fc4f31e3f1c0753050e330d97c92565c2bbe2,2667,75.0,32.0,physical_only,-0.0,-0.0,-0.0,-0.0,-0.0,-0.0
0,0,origin,0.0,26d76fa997d7fc33a9ff6a4b606fc4f31e3f1c0753050e330d97c92565c2bbe2,2668,76.0,32.0,physical_only,-0.0,-0.0,-0.0,-0.0,-0.0,-0.0
0,0,origin,0.0,26d76fa997d7fc33a9ff6a4b606fc4f31e3f1c0753050e330d97c92565c2bbe2,2669,77.0,32.0,physical_only,-0.0,-0.0,-0.0,-0.0,-0.0,-0.0
0,0,origin,0.0,26d76fa997d7fc33a9ff6a4b606fc4f31e3f1c0753050e330d97c92565c2bbe2,2670,78.0,32.0,physical_only,-0.0,-0.0,-0.0,-0.0,-0.0,-0.0
0,0,origin,0.0,26d76fa997d7fc33a9ff6a4b606fc4f31e3f1c0753050e330d97c92565c2bbe2,2735,62.0,33.0,physical_only,-0.0,-0.0,-0.0,-0.0,-0.0,-0.0
0,0,origin,0.0,26d76fa997d7fc33a9ff6a4b606fc4f31e3f1c0753050e330d97c92565c2bbe2,2736,63.0,33.0,interior,-0.0,-0.0,-0.0,-0.0,-0.0,-0.0
0,0,origin,0.0,26d76fa997d7fc33a9ff6a4b606fc4f31e3f1c0753050e330d97c92565c2bbe2,2737,64.0,33.0,interior,-0.0,-0.0,-0.0,-0.0,-0.0,-0.0
0,0,origin,0.0,26d76fa997d7fc33a9ff6a4b606fc4f31e3f1c0753050e330d97c92565c2bbe2,2738,65.0,33.0,interior,-0.0,-0.0,-0.0,-0.0,-0.0,-0.0
0,0,origin,0.0,26d76fa997d7fc33a9ff6a4b606fc4f31e3f1c0753050e330d97c92565c2bbe2,2739,66.0,33.0,interior,-0.0,-0.0,-0.0,-0.0,-0.0,-0.0
0,0,origin,0.0,26d76fa997d7fc33a9ff6a4b606fc4f31e3f1c0753050e330d97c92565c2bbe2,2740,67.0,33.0,interior,-0.0,-0.0,-0.0,-0.0,-0.0,-0.0
0,0,origin,0.0,26d76fa997d7fc33a9ff6a4b606fc4f31e3f1c0753050e330d97c92565c2bbe2,2741,68.0,33.0,interior,-0.0,-0.0,-0.0,-0.0,-0.0,-0.0
0,0,origin,0.0,26d76fa997d7fc33a9ff6a4b606fc4f31e3f1c0753050e330d97c92565c2bbe2,2742,69.0,33.0,interior,-0.0,-0.0,-0.0,-0.0,-0.0,-0.0
0,0,origin,0.0,26d76fa997d7fc33a9ff6a4b606fc4f31e3f1c0753050e330d97c92565c2bbe2,2743,70.0,33.0,interior,-0.0,-0.0,-0.0,-0.0,-0.0,-0.0
0,0,origin,0.0,26d76fa997d7fc33a9ff6a4b606fc4f31e3f1c0753050e330d97c92565c2bbe2,2744,71.0,33.0,interior,-0.0,-0.0,-0.0,-0.0,-0.0,-0.0
0,0,origin,0.0,26d76fa997d7fc33a9ff6a4b606fc4f31e3f1c0753050e330d97c92565c2bbe2,2745,72.0,33.0,interior,-0.0,-0.0,-0.0,-0.0,-0.0,-0.0
0,0,origin,0.0,26d76fa997d7fc33a9ff6a4b606fc4f31e3f1c0753050e330d97c92565c2bbe2,2746,73.0,33.0,interior,-0.0,-0.0,-0.0,-0.0,-0.0,-0.0
0,0,origin,0.0,26d76fa997d7fc33a9ff6a4b606fc4f31e3f1c0753050e330d97c92565c2bbe2,2747,74.0,33.0,interior,-0.0,-0.0,-0.0,-0.0,-0.0,-0.0
0,0,origin,0.0,26d76fa997d7fc33a9ff6a4b606fc4f31e3f1c0753050e330d97c92565c2bbe2,2748,75.0,33.0,interior,-0.0,-0.0,-0.0,-0.0,-0.0,-0.0
0,0,origin,0.0,26d76fa997d7fc33a9ff6a4b606fc4f31e3f1c0753050e330d97c92565c2bbe2,2749,76.0,33.0,interior,-0.0,-0.0,-0.0,-0.0,-0.0,-0.0
0,0,origin,0.0,26d76fa997d7fc33a9ff6a4b606fc4f31e3f1c0753050e330d97c92565c2bbe2,2750,77.0,33.0,interior,-0.0,-0.0,-0.0,-0.0,-0.0,-0.0
0,0,origin,0.0,26d76fa997d7fc33a9ff6a4b606fc4f31e3f1c0753050e330d97c92565c2bbe2,2751,78.0,33.0,physical_only,-0.0,-0.0,-0.0,-0.0,-0.0,-0.0
0,0,origin,0.0,26d76fa997d7fc33a9ff6a4b606fc4f31e3f1c0753050e330d97c92565c2bbe2,2816,62.0,34.0,physical_only,-0.0,-0.0,-0.0,-0.0,-0.0,-0.0
0,0,origin,0.0,26d76fa997d7fc33a9ff6a4b606fc4f31e3f1c0753050e330d97c92565c2bbe2,2817,63.0,34.0,interior,-0.0,-0.0,-0.0,-0.0,-0.0,-0.0
0,0,origin,0.0,26d76fa997d7fc33a9ff6a4b606fc4f31e3f1c0753050e330d97c92565c2bbe2,2818,64.0,34.0,interior,-0.0,-0.0,-0.0,-0.0,-0.0,-0.0
0,0,origin,0.0,26d76fa997d7fc33a9ff6a4b606fc4f31e3f1c0753050e330d97c92565c2bbe2,2819,65.0,34.0,interior,-0.0,-0.0,-0.0,-0.0,-0.0,-0.0
0,0,origin,0.0,26d76fa997d7fc33a9ff6a4b606fc4f31e3f1c0753050e330d97c92565c2bbe2,2820,66.0,34.0,interior,-0.0,-0.0,-0.0,-0.0,-0.0,-0.0
0,0,origin,0.0,26d76fa997d7fc33a9ff6a4b606fc4f31e3f1c0753050e330d97c92565c2bbe2,2821,67.0,34.0,interior,-0.0,-0.0,-0.0,-0.0,-0.0,-0.0
0,0,origin,0.0,26d76fa997d7fc33a9ff6a4b606fc4f31e3f1c0753050e330d97c92565c2bbe2,2822,68.0,34.0,interior,-0.0,-0.0,-0.0,-0.0,-0.0,-0.0
0,0,origin,0.0,26d76fa997d7fc33a9ff6a4b606fc4f31e3f1c0753050e330d97c92565c2bbe2,2823,69.0,34.0,interior,-0.0,-0.0,-0.0,-0.0,-0.0,-0.0
0,0,origin,0.0,26d76fa997d7fc33a9ff6a4b606fc4f31e3f1c0753050e330d97c92565c2bbe2,2824,70.0,34.0,interior,-0.0,-0.0,-0.0,-0.0,-0.0,-0.0
0,0,origin,0.0,26d76fa997d7fc33a9ff6a4b606fc4f31e3f1c0753050e330d97c92565c2bbe2,2825,71.0,34.0,interior,-0.0,-0.0,-0.0,-0.0,-0.0,-0.0
0,0,origin,0.0,26d76fa997d7fc33a9ff6a4b606fc4f31e3f1c0753050e330d97c92565c2bbe2,2826,72.0,34.0,interior,-0.0,-0.0,-0.0,-0.0,-0.0,-0.0
0,0,origin,0.0,26d76fa997d7fc33a9ff6a4b606fc4f31e3f1c0753050e330d97c92565c2bbe2,2827,73.0,34.0,interior,-0.0,-0.0,-0.0,-0.0,-0.0,-0.0
0,0,origin,0.0,26d76fa997d7fc33a9ff6a4b606fc4f31e3f1c0753050e330d97c92565c2bbe2,2828,74.0,34.0,interior,-0.0,-0.0,-0.0,-0.0,-0.0,-0.0
0,0,origin,0.0,26d76fa997d7fc33a9ff6a4b606fc4f31e3f1c0753050e330d97c92565c2bbe2,2829,75.0,34.0,interior,-0.0,-0.0,-0.0,-0.0,-0.0,-0.0
0,0,origin,0.0,26d76fa997d7fc33a9ff6a4b606fc4f31e3f1c0753050e330d97c92565c2bbe2,2830,76.0,34.0,interior,-0.0,-0.0,-0.0,-0.0,-0.0,-0.0
0,0,origin,0.0,26d76fa997d7fc33a9ff6a4b606fc4f31e3f1c0753050e330d97c92565c2bbe2,2831,77.0,34.0,interior,-0.0,-0.0,-0.0,-0.0,-0.0,-0.0
0,0,origin,0.0,26d76fa997d7fc33a9ff6a4b606fc4f31e3f1c0753050e330d97c92565c2bbe2,2832,78.0,34.0,physical_only,-0.0,-0.0,-0.0,-0.0,-0.0,-0.0
0,0,origin,0.0,26d76fa997d7fc33a9ff6a4b606fc4f31e3f1c0753050e330d97c92565c2bbe2,2897,62.0,35.0,physical_only,-0.0,-0.0,-0.0,-0.0,-0.0,-0.0
0,0,origin,0.0,26d76fa997d7fc33a9ff6a4b606fc4f31e3f1c0753050e330d97c92565c2bbe2,2898,63.0,35.0,interior,-0.0,-0.0,-0.0,-0.0,-0.0,-0.0
0,0,origin,0.0,26d76fa997d7fc33a9ff6a4b606fc4f31e3f1c0753050e330d97c92565c2bbe2,2899,64.0,35.0,interior,-0.0,-0.0,-0.0,-0.0,-0.0,-0.0
0,0,origin,0.0,26d76fa997d7fc33a9ff6a4b606fc4f31e3f1c0753050e330d97c92565c2bbe2,2900,65.0,35.0,interior,-0.0,-0.0,-0.0,-0.0,-0.0,-0.0
0,0,origin,0.0,26d76fa997d7fc33a9ff6a4b606fc4f31e3f1c0753050e330d97c92565c2bbe2,2901,66.0,35.0,interior,-0.0,-0.0,-0.0,-0.0,-0.0,-0.0
0,0,origin,0.0,26d76fa997d7fc33a9ff6a4b606fc4f31e3f1c0753050e330d97c92565c2bbe2,2902,67.0,35.0,interior,-0.0,-0.0,-0.0,-0.0,-0.0,-0.0
0,0,origin,0.0,26d76fa997d7fc33a9ff6a4b606fc4f31e3f1c0753050e330d97c92565c2bbe2,2903,68.0,35.0,interior,-0.0,-0.0,-0.0,-0.0,-0.0,-0.0
0,0,origin,0.0,26d76fa997d7fc33a9ff6a4b606fc4f31e3f1c0753050e330d97c92565c2bbe2,2904,69.0,35.0,interior,-0.0,-0.0,-0.0,-0.0,-0.0,-0.0
0,0,origin,0.0,26d76fa997d7fc33a9ff6a4b606fc4f31e3f1c0753050e330d97c92565c2bbe2,2905,70.0,35.0,interior,-0.0,-0.0,-0.0,-0.0,-0.0,-0.0
0,0,origin,0.0,26d76fa997d7fc33a9ff6a4b606fc4f31e3f1c0753050e330d97c92565c2bbe2,2906,71.0,35.0,interior,-0.0,-0.0,-0.0,-0.0,-0.0,-0.0
0,0,origin,0.0,26d76fa997d7fc33a9ff6a4b606fc4f31e3f1c0753050e330d97c92565c2bbe2,2907,72.0,35.0,interior,-0.0,-0.0,-0.0,-0.0,-0.0,-0.0
0,0,origin,0.0,26d76fa997d7fc33a9ff6a4b606fc4f31e3f1c0753050e330d97c92565c2bbe2,2908,73.0,35.0,interior,-0.0,-0.0,-0.0,-0.0,-0.0,-0.0
0,0,origin,0.0,26d76fa997d7fc33a9ff6a4b606fc4f31e3f1c0753050e330d97c92565c2bbe2,2909,74.0,35.0,interior,-0.0,-0.0,-0.0,-0.0,-0.0,-0.0
0,0,origin,0.0,26d76fa997d7fc33a9ff6a4b606fc4f31e3f1c0753050e330d97c92565c2bbe2,2910,75.0,35.0,interior,-0.0,-0.0,-0.0,-0.0,-0.0,-0.0
0,0,origin,0.0,26d76fa997d7fc33a9ff6a4b606fc4f31e3f1c0753050e330d97c92565c2bbe2,2911,76.0,35.0,interior,-0.0,-0.0,-0.0,-0.0,-0.0,-0.0
0,0,origin,0.0,26d76fa997d7fc33a9ff6a4b606fc4f31e3f1c0753050e330d97c92565c2bbe2,2912,77.0,35.0,interior,-0.0,-0.0,-0.0,-0.0,-0.0,-0.0
0,0,origin,0.0,26d76fa997d7fc33a9ff6a4b606fc4f31e3f1c0753050e330d97c92565c2bbe2,2913,78.0,35.0,physical_only,-0.0,-0.0,-0.0,-0.0,-0.0,-0.0
0,0,origin,0.0,26d76fa997d7fc33a9ff6a4b606fc4f31e3f1c0753050e330d97c92565c2bbe2,2978,62.0,36.0,physical_only,-0.0,-0.0,-0.0,-0.0,-0.0,-0.0
0,0,origin,0.0,26d76fa997d7fc33a9ff6a4b606fc4f31e3f1c0753050e330d97c92565c2bbe2,2979,63.0,36.0,interior,-0.0,-0.0,-0.0,-0.0,-0.0,-0.0
0,0,origin,0.0,26d76fa997d7fc33a9ff6a4b606fc4f31e3f1c0753050e330d97c92565c2bbe2,2980,64.0,36.0,interior,-0.0,-0.0,-0.0,-0.0,-0.0,-0.0
0,0,origin,0.0,26d76fa997d7fc33a9ff6a4b606fc4f31e3f1c0753050e330d97c92565c2bbe2,2981,65.0,36.0,interior,-0.0,-0.0,-0.0,-0.0,-0.0,-0.0
0,0,origin,0.0,26d76fa997d7fc33a9ff6a4b606fc4f31e3f1c0753050e330d97c92565c2bbe2,2982,66.0,36.0,interior,-0.0,-0.0,-0.0,-0.0,-0.0,-0.0
0,0,origin,0.0,26d76fa997d7fc33a9ff6a4b606fc4f31e3f1c0753050e330d97c92565c2bbe2,2983,67.0,36.0,interior,-0.0,-0.0,-0.0,-0.0,-0.0,-0.0
0,0,origin,0.0,26d76fa997d7fc33a9ff6a4b606fc4f31e3f1c0753050e330d97c92565c2bbe2,2984,68.0,36.0,interior,-0.0,-0.0,-0.0,-0.0,-0.0,-0.0
0,0,origin,0.0,26d76fa997d7fc33a9ff6a4b606fc4f31e3f1c0753050e330d97c92565c2bbe2,2985,69.0,36.0,interior,-0.0,-0.0,-0.0,-0.0,-0.0,-0.0
0,0,origin,0.0,26d76fa997d7fc33a9ff6a4b606fc4f31e3f1c0753050e330d97c92565c2bbe2,2986,70.0,36.0,interior,-0.0,-0.0,-0.0,-0.0,-0.0,-0.0
0,0,origin,0.0,26d76fa997d7fc33a9ff6a4b606fc4f31e3f1c0753050e330d97c92565c2bbe2,2987,71.0,36.0,interior,-0.0,-0.0,-0.0,-0.0,-0.0,-0.0
0,0,origin,0.0,26d76fa997d7fc33a9ff6a4b606fc4f31e3f1c0753050e330d97c92565c2bbe2,2988,72.0,36.0,interior,-0.0,-0.0,-0.0,-0.0,-0.0,-0.0
0,0,origin,0.0,26d76fa997d7fc33a9ff6a4b606fc4f31e3f1c0753050e330d97c92565c2bbe2,2989,73.0,36.0,interior,-0.0,-0.0,-0.0,-0.0,-0.0,-0.0
0,0,origin,0.0,26d76fa997d7fc33a9ff6a4b606fc4f31e3f1c0753050e330d97c92565c2bbe2,2990,74.0,36.0,interior,-0.0,-0.0,-0.0,-0.0,-0.0,-0.0
0,0,origin,0.0,26d76fa997d7fc33a9ff6a4b606fc4f31e3f1c0753050e330d97c92565c2bbe2,2991,75.0,36.0,interior,-0.0,-0.0,-0.0,-0.0,-0.0,-0.0
0,0,origin,0.0,26d76fa997d7fc33a9ff6a4b606fc4f31e3f1c0753050e330d97c92565c2bbe2,2992,76.0,36.0,interior,-0.0,-0.0,-0.0,-0.0,-0.0,-0.0
0,0,origin,0.0,26d76fa997d7fc33a9ff6a4b606fc4f31e3f1c0753050e330d97c92565c2bbe2,2993,77.0,36.0,interior,-0.0,-0.0,-0.0,-0.0,-0.0,-0.0
0,0,origin,0.0,26d76fa997d7fc33a9ff6a4b606fc4f31e3f1c0753050e330d97c92565c2bbe2,2994,78.0,36.0,physical_only,-0.0,-0.0,-0.0,-0.0,-0.0,-0.0
0,0,origin,0.0,26d76fa997d7fc33a9ff6a4b606fc4f31e3f1c0753050e330d97c92565c2bbe2,3059,62.0,37.0,physical_only,-0.0,-0.0,-0.0,-0.0,-0.0,-0.0
0,0,origin,0.0,26d76fa997d7fc33a9ff6a4b606fc4f31e3f1c0753050e330d97c92565c2bbe2,3060,63.0,37.0,interior,-0.0,-0.0,-0.0,-0.0,-0.0,-0.0
0,0,origin,0.0,26d76fa997d7fc33a9ff6a4b606fc4f31e3f1c0753050e330d97c92565c2bbe2,3061,64.0,37.0,interior,-0.0,-0.0,-0.0,-0.0,-0.0,-0.0
0,0,origin,0.0,26d76fa997d7fc33a9ff6a4b606fc4f31e3f1c0753050e330d97c92565c2bbe2,3062,65.0,37.0,interior,-0.0,-0.0,-0.0,-0.0,-0.0,-0.0
0,0,origin,0.0,26d76fa997d7fc33a9ff6a4b606fc4f31e3f1c0753050e330d97c92565c2bbe2,3063,66.0,37.0,interior,-0.0,-0.0,-0.0,-0.0,-0.0,-0.0
0,0,origin,0.0,26d76fa997d7fc33a9ff6a4b606fc4f31e3f1c0753050e330d97c92565c2bbe2,3064,67.0,37.0,interior,-0.0,-0.0,-0.0,-0.0,-0.0,-0.0
0,0,origin,0.0,26d76fa997d7fc33a9ff6a4b606fc4f31e3f1c0753050e330d97c92565c2bbe2,3065,68.0,37.0,interior,-0.0,-0.0,-0.0,-0.0,-0.0,-0.0
0,0,origin,0.0,26d76fa997d7fc33a9ff6a4b606fc4f31e3f1c0753050e330d97c92565c2bbe2,3066,69.0,37.0,interior,-0.0,-0.0,-0.0,-0.0,-0.0,-0.0
0,0,origin,0.0,26d76fa997d7fc33a9ff6a4b606fc4f31e3f1c0753050e330d97c92565c2bbe2,3067,70.0,37.0,interior,-0.0,-0.0,-0.0,-0.0,-0.0,-0.0
0,0,origin,0.0,26d76fa997d7fc33a9ff6a4b606fc4f31e3f1c0753050e330d97c92565c2bbe2,3068,71.0,37.0,interior,-0.0,-0.0,-0.0,-0.0,-0.0,-0.0
0,0,origin,0.0,26d76fa997d7fc33a9ff6a4b606fc4f31e3f1c0753050e330d97c92565c2bbe2,3069,72.0,37.0,interior,-0.0,-0.0,-0.0,-0.0,-0.0,-0.0
0,0,origin,0.0,26d76fa997d7fc33a9ff6a4b606fc4f31e3f1c0753050e330d97c92565c2bbe2,3070,73.0,37.0,interior,-0.0,-0.0,-0.0,-0.0,-0.0,-0.0
0,0,origin,0.0,26d76fa997d7fc33a9ff6a4b606fc4f31e3f1c0753050e330d97c92565c2bbe2,3071,74.0,37.0,interior,-0.0,-0.0,-0.0,-0.0,-0.0,-0.0
0,0,origin,0.0,26d76fa997d7fc33a9ff6a4b606fc4f31e3f1c0753050e330d97c92565c2bbe2,3072,75.0,37.0,interior,-0.0,-0.0,-0.0,-0.0,-0.0,-0.0
0,0,origin,0.0,26d76fa997d7fc33a9ff6a4b606fc4f31e3f1c0753050e330d97c92565c2bbe2,3073,76.0,37.0,interior,-0.0,-0.0,-0.0,-0.0,-0.0,-0.0
0,0,origin,0.0,26d76fa997d7fc33a9ff6a4b606fc4f31e3f1c0753050e330d97c92565c2bbe2,3074,77.0,37.0,interior,-0.0,-0.0,-0.0,-0.0,-0.0,-0.0
0,0,origin,0.0,26d76fa997d7fc33a9ff6a4b606fc4f31e3f1c0753050e330d97c92565c2bbe2,3075,78.0,37.0,physical_only,-0.0,-0.0,-0.0,-0.0,-0.0,-0.0
0,0,origin,0.0,26d76fa997d7fc33a9ff6a4b606fc4f31e3f1c0753050e330d97c92565c2bbe2,3140,62.0,38.0,physical_only,-0.0,-0.0,-0.0,-0.0,-0.0,-0.0
0,0,origin,0.0,26d76fa997d7fc33a9ff6a4b606fc4f31e3f1c0753050e330d97c92565c2bbe2,3141,63.0,38.0,interior,-0.0,-0.0,-0.0,-0.0,-0.0,-0.0
0,0,origin,0.0,26d76fa997d7fc33a9ff6a4b606fc4f31e3f1c0753050e330d97c92565c2bbe2,3142,64.0,38.0,interior,-0.0,-0.0,-0.0,-0.0,-0.0,-0.0
0,0,origin,0.0,26d76fa997d7fc33a9ff6a4b606fc4f31e3f1c0753050e330d97c92565c2bbe2,3143,65.0,38.0,interior,-0.0,-0.0,-0.0,-0.0,-0.0,-0.0
0,0,origin,0.0,26d76fa997d7fc33a9ff6a4b606fc4f31e3f1c0753050e330d97c92565c2bbe2,3144,66.0,38.0,interior,-0.0,-0.0,-0.0,-0.0,-0.0,-0.0
0,0,origin,0.0,26d76fa997d7fc33a9ff6a4b606fc4f31e3f1c0753050e330d97c92565c2bbe2,3145,67.0,38.0,interior,-0.0,-0.0,-0.0,-0.0,-0.0,-0.0
0,0,origin,0.0,26d76fa997d7fc33a9ff6a4b606fc4f31e3f1c0753050e330d97c92565c2bbe2,3146,68.0,38.0,interior,-0.0,-0.0,-0.0,-0.0,-0.0,-0.0
0,0,origin,0.0,26d76fa997d7fc33a9ff6a4b606fc4f31e3f1c0753050e330d97c92565c2bbe2,3147,69.0,38.0,interior,-0.0,-0.0,-0.0,-0.0,-0.0,-0.0
0,0,origin,0.0,26d76fa997d7fc33a9ff6a4b606fc4f31e3f1c0753050e330d97c92565c2bbe2,3148,70.0,38.0,interior,-0.0,-0.0,-0.0,-0.0,-0.0,-0.0
0,0,origin,0.0,26d76fa997d7fc33a9ff6a4b606fc4f31e3f1c0753050e330d97c92565c2bbe2,3149,71.0,38.0,interior,-0.0,-0.0,-0.0,-0.0,-0.0,-0.0
0,0,origin,0.0,26d76fa997d7fc33a9ff6a4b606fc4f31e3f1c0753050e330d97c92565c2bbe2,3150,72.0,38.0,interior,-0.0,-0.0,-0.0,-0.0,-0.0,-0.0
0,0,origin,0.0,26d76fa997d7fc33a9ff6a4b606fc4f31e3f1c0753050e330d97c92565c2bbe2,3151,73.0,38.0,interior,-0.0,-0.0,-0.0,-0.0,-0.0,-0.0
0,0,origin,0.0,26d76fa997d7fc33a9ff6a4b606fc4f31e3f1c0753050e330d97c92565c2bbe2,3152,74.0,38.0,interior,-0.0,-0.0,-0.0,-0.0,-0.0,-0.0
0,0,origin,0.0,26d76fa997d7fc33a9ff6a4b606fc4f31e3f1c0753050e330d97c92565c2bbe2,3153,75.0,38.0,interior,-0.0,-0.0,-0.0,-0.0,-0.0,-0.0
0,0,origin,0.0,26d76fa997d7fc33a9ff6a4b606fc4f31e3f1c0753050e330d97c92565c2bbe2,3154,76.0,38.0,interior,-0.0,-0.0,-0.0,-0.0,-0.0,-0.0
0,0,origin,0.0,26d76fa997d7fc33a9ff6a4b606fc4f31e3f1c0753050e330d97c92565c2bbe2,3155,77.0,38.0,interior,-0.0,-0.0,-0.0,-0.0,-0.0,-0.0
0,0,origin,0.0,26d76fa997d7fc33a9ff6a4b606fc4f31e3f1c0753050e330d97c92565c2bbe2,3156,78.0,38.0,physical_only,-0.0,-0.0,-0.0,-0.0,-0.0,-0.0
0,0,origin,0.0,26d76fa997d7fc33a9ff6a4b606fc4f31e3f1c0753050e330d97c92565c2bbe2,3221,62.0,39.0,physical_only,-0.0,-0.0,-0.0,-0.0,-0.0,-0.0
0,0,origin,0.0,26d76fa997d7fc33a9ff6a4b606fc4f31e3f1c0753050e330d97c92565c2bbe2,3222,63.0,39.0,interior,-0.0,-0.0,-0.0,-0.0,-0.0,-0.0
0,0,origin,0.0,26d76fa997d7fc33a9ff6a4b606fc4f31e3f1c0753050e330d97c92565c2bbe2,3223,64.0,39.0,interior,-0.0,-0.0,-0.0,-0.0,-0.0,-0.0
0,0,origin,0.0,26d76fa997d7fc33a9ff6a4b606fc4f31e3f1c0753050e330d97c92565c2bbe2,3224,65.0,39.0,interior,-0.0,-0.0,-0.0,-0.0,-0.0,-0.0
0,0,origin,0.0,26d76fa997d7fc33a9ff6a4b606fc4f31e3f1c0753050e330d97c92565c2bbe2,3225,66.0,39.0,interior,-0.0,-0.0,-0.0,-0.0,-0.0,-0.0
0,0,origin,0.0,26d76fa997d7fc33a9ff6a4b606fc4f31e3f1c0753050e330d97c92565c2bbe2,3226,67.0,39.0,interior,-0.0,-0.0,-0.0,-0.0,-0.0,-0.0
0,0,origin,0.0,26d76fa997d7fc33a9ff6a4b606fc4f31e3f1c0753050e330d97c92565c2bbe2,3227,68.0,39.0,interior,-0.0,-0.0,-0.0,-0.0,-0.0,-0.0
0,0,origin,0.0,26d76fa997d7fc33a9ff6a4b606fc4f31e3f1c0753050e330d97c92565c2bbe2,3228,69.0,39.0,interior,-0.0,-0.0,-0.0,-0.0,-0.0,-0.0
0,0,origin,0.0,26d76fa997d7fc33a9ff6a4b606fc4f31e3f1c0753050e330d97c92565c2bbe2,3229,70.0,39.0,interior,-0.0,-0.0,-0.0,-0.0,-0.0,-0.0
0,0,origin,0.0,26d76fa997d7fc33a9ff6a4b606fc4f31e3f1c0753050e330d97c92565c2bbe2,3230,71.0,39.0,interior,-0.0,-0.0,-0.0,-0.0,-0.0,-0.0
0,0,origin,0.0,26d76fa997d7fc33a9ff6a4b606fc4f31e3f1c0753050e330d97c92565c2bbe2,3231,72.0,39.0,interior,-0.0,-0.0,-0.0,-0.0,-0.0,-0.0
0,0,origin,0.0,26d76fa997d7fc33a9ff6a4b606fc4f31e3f1c0753050e330d97c92565c2bbe2,3232,73.0,39.0,interior,-0.0,-0.0,-0.0,-0.0,-0.0,-0.0
0,0,origin,0.0,26d76fa997d7fc33a9ff6a4b606fc4f31e3f1c0753050e330d97c92565c2bbe2,3233,74.0,39.0,interior,-0.0,-0.0,-0.0,-0.0,-0.0,-0.0
0,0,origin,0.0,26d76fa997d7fc33a9ff6a4b606fc4f31e3f1c0753050e330d97c92565c2bbe2,3234,75.0,39.0,interior,-0.0,-0.0,-0.0,-0.0,-0.0,-0.0
0,0,origin,0.0,26d76fa997d7fc33a9ff6a4b606fc4f31e3f1c0753050e330d97c92565c2bbe2,3235,76.0,39.0,interior,-0.0,-0.0,-0.0,-0.0,-0.0,-0.0
0,0,origin,0.0,26d76fa997d7fc33a9ff6a4b606fc4f31e3f1c0753050e330d97c92565c2bbe2,3236,77.0,39.0,interior,-0.0,-0.0,-0.0,-0.0,-0.0,-0.0
0,0,origin,0.0,26d76fa997d7fc33a9ff6a4b606fc4f31e3f1c0753050e330d97c92565c2bbe2,3237,78.0,39.0,physical_only,-0.0,-0.0,-0.0,-0.0,-0.0,-0.0
0,0,origin,0.0,26d76fa997d7fc33a9ff6a4b606fc4f31e3f1c0753050e330d97c92565c2bbe2,3302,62.0,40.0,physical_and_cut,-0.0,-0.0,-0.0,-0.0,-0.0,-0.0
0,0,origin,0.0,26d76fa997d7fc33a9ff6a4b606fc4f31e3f1c0753050e330d97c92565c2bbe2,3303,63.0,40.0,cut_only,-0.0,-0.0,-0.0,-0.0,-0.0,-0.0
0,0,origin,0.0,26d76fa997d7fc33a9ff6a4b606fc4f31e3f1c0753050e330d97c92565c2bbe2,3304,64.0,40.0,cut_only,-0.0,-0.0,-0.0,-0.0,-0.0,-0.0
0,0,origin,0.0,26d76fa997d7fc33a9ff6a4b606fc4f31e3f1c0753050e330d97c92565c2bbe2,3305,65.0,40.0,cut_only,-0.0,-0.0,-0.0,-0.0,-0.0,-0.0
0,0,origin,0.0,26d76fa997d7fc33a9ff6a4b606fc4f31e3f1c0753050e330d97c92565c2bbe2,3306,66.0,40.0,cut_only,-0.0,-0.0,-0.0,-0.0,-0.0,-0.0
0,0,origin,0.0,26d76fa997d7fc33a9ff6a4b606fc4f31e3f1c0753050e330d97c92565c2bbe2,3307,67.0,40.0,cut_only,-0.0,-0.0,-0.0,-0.0,-0.0,-0.0
0,0,origin,0.0,26d76fa997d7fc33a9ff6a4b606fc4f31e3f1c0753050e330d97c92565c2bbe2,3308,68.0,40.0,cut_only,-0.0,-0.0,-0.0,-0.0,-0.0,-0.0
0,0,origin,0.0,26d76fa997d7fc33a9ff6a4b606fc4f31e3f1c0753050e330d97c92565c2bbe2,3309,69.0,40.0,cut_only,-0.0,-0.0,-0.0,-0.0,-0.0,-0.0
0,0,origin,0.0,26d76fa997d7fc33a9ff6a4b606fc4f31e3f1c0753050e330d97c92565c2bbe2,3310,70.0,40.0,cut_only,-0.0,-0.0,-0.0,-0.0,-0.0,-0.0
0,0,origin,0.0,26d76fa997d7fc33a9ff6a4b606fc4f31e3f1c0753050e330d97c92565c2bbe2,3311,71.0,40.0,cut_only,-0.0,-0.0,-0.0,-0.0,-0.0,-0.0
0,0,origin,0.0,26d76fa997d7fc33a9ff6a4b606fc4f31e3f1c0753050e330d97c92565c2bbe2,3312,72.0,40.0,cut_only,-0.0,-0.0,-0.0,-0.0,-0.0,-0.0
0,0,origin,0.0,26d76fa997d7fc33a9ff6a4b606fc4f31e3f1c0753050e330d97c92565c2bbe2,3313,73.0,40.0,cut_only,-0.0,-0.0,-0.0,-0.0,-0.0,-0.0
0,0,origin,0.0,26d76fa997d7fc33a9ff6a4b606fc4f31e3f1c0753050e330d97c92565c2bbe2,3314,74.0,40.0,cut_only,-0.0,-0.0,-0.0,-0.0,-0.0,-0.0
0,0,origin,0.0,26d76fa997d7fc33a9ff6a4b606fc4f31e3f1c0753050e330d97c92565c2bbe2,3315,75.0,40.0,cut_only,-0.0,-0.0,-0.0,-0.0,-0.0,-0.0
0,0,origin,0.0,26d76fa997d7fc33a9ff6a4b606fc4f31e3f1c0753050e330d97c92565c2bbe2,3316,76.0,40.0,cut_only,-0.0,-0.0,-0.0,-0.0,-0.0,-0.0
0,0,origin,0.0,26d76fa997d7fc33a9ff6a4b606fc4f31e3f1c0753050e330d97c92565c2bbe2,3317,77.0,40.0,cut_only,-0.0,-0.0,-0.0,-0.0,-0.0,-0.0
0,0,origin,0.0,26d76fa997d7fc33a9ff6a4b606fc4f31e3f1c0753050e330d97c92565c2bbe2,3318,78.0,40.0,physical_and_cut,-0.0,-0.0,-0.0,-0.0,-0.0,-0.0
1,1,loading,0.5,76e4112e43871de62a7a3e1ea79827dfb5cf945ab7512803685046f0cd376c28,2654,62.0,32.0,physical_only,-0.00010865965139550728,7.684246073855983e-06,-3.169720691486973e-06,1.7747739250435747e-06,-0.00010548993070402031,5.909472148812411e-06
1,1,loading,0.5,76e4112e43871de62a7a3e1ea79827dfb5cf945ab7512803685046f0cd376c28,2655,63.0,32.0,physical_only,-9.73774058959143e-07,-6.127709816314427e-07,-9.632309035512924e-07,1.8072071220882914e-06,-1.0543155407850702e-08,-2.4199781037197336e-06
1,1,loading,0.5,76e4112e43871de62a7a3e1ea79827dfb5cf945ab7512803685046f0cd376c28,2656,64.0,32.0,physical_only,-7.734171864700471e-07,-8.978364562049e-07,-9.677402451312158e-07,2.1945479970033643e-06,1.9432305866116886e-07,-3.0923844532082723e-06
1,1,loading,0.5,76e4112e43871de62a7a3e1ea79827dfb5cf945ab7512803685046f0cd376c28,2657,65.0,32.0,physical_only,-7.965481559472014e-07,-1.2049262923851046e-06,-9.738166402162851e-07,2.5965973784989154e-06,1.7726848426908353e-07,-3.801523670884013e-06
1,1,loading,0.5,76e4112e43871de62a7a3e1ea79827dfb5cf945ab7512803685046f0cd376c28,2658,66.0,32.0,physical_only,-9.566329532994192e-07,-1.2429609034751761e-06,-9.809944303124763e-07,3.0168858885820932e-06,2.436147701305717e-08,-4.259846792057272e-06
1,1,loading,0.5,76e4112e43871de62a7a3e1ea79827dfb5cf945ab7512803685046f0cd376c28,2659,67.0,32.0,physical_only,-1.108237119732005e-06,-1.0154099203891871e-06,-9.883059382566316e-07,3.457155698243999e-06,-1.1993118147537335e-07,-4.472565618633182e-06
1,1,loading,0.5,76e4112e43871de62a7a3e1ea79827dfb5cf945ab7512803685046f0cd376c28,2660,68.0,32.0,physical_only,-1.131295600798028e-06,-7.170354047346522e-07,-9.95194344975766e-07,3.917639090000789e-06,-1.36101255822262e-07,-4.634674494735445e-06
1,1,loading,0.5,76e4112e43871de62a7a3e1ea79827dfb5cf945ab7512803685046f0cd376c28,2661,69.0,32.0,physical_only,-1.1669130463603205e-06,-4.2629884686541176e-07,-1.0014296074003308e-06,4.397942633780481e-06,-1.6548343895998956e-07,-4.824241480645884e-06
1,1,loading,0.5,76e4112e43871de62a7a3e1ea79827dfb5cf945ab7512803685046f0cd376c28,2662,70.0,32.0,physical_only,-1.205495800242772e-06,-8.883014778168275e-08,-1.0070340806854887e-06,4.897565714363886e-06,-1.9846171955728344e-07,-4.986395862145577e-06
1,1,loading,0.5,76e4112e43871de62a7a3e1ea79827dfb5cf945ab7512803685046f0cd376c28,2663,71.0,32.0,physical_only,-1.2480336012408178e-06,2.981721037501316e-07,-1.0119528001041053e-06,5.415961481941937e-06,-2.3608080113671257e-07,-5.1177893781917985e-06
1,1,loading,0.5,76e4112e43871de62a7a3e1ea79827dfb5cf945ab7512803685046f0cd376c28,2664,72.0,32.0,physical_only,-1.2937291615435095e-06,7.375265003279442e-07,-1.0161402699805852e-06,5.9524659575604676e-06,-2.775888915629244e-07,-5.214939457232515e-06
1,1,loading,0.5,76e4112e43871de62a7a3e1ea79827dfb5cf945ab7512803685046f0cd376c28,2665,73.0,32.0,physical_only,-1.3601668794984706e-06,1.2946944409920338e-06,-1.0194703598985773e-06,6.506193202861892e-06,-3.4069651959989314e-07,-5.211498761869846e-06
1,1,loading,0.5,76e4112e43871de62a7a3e1ea79827dfb5cf945ab7512803685046f0cd376c28,2666,74.0,32.0,physical_only,-1.268337729529655e-06,1.9011093917787513e-06,-1.0220129594809421e-06,7.076118110994433e-06,-2.463247700487132e-07,-5.175008719215688e-06
1,1,loading,0.5,76e4112e43871de62a7a3e1ea79827dfb5cf945ab7512803685046f0cd376c28,2667,75.0,32.0,physical_only,-1.0714836760963681e-06,2.3031472360445724e-06,-1.024118852681985e-06,7.661586008734893e-06,-4.736482341438286e-08,-5.358438772690326e-06
1,1,loading,0.5,76e4112e43871de62a7a3e1ea79827dfb5cf945ab7512803685046f0cd376c28,2668,76.0,32.0,physical_only,-8.370552481003792e-07,2.2653294665956404e-06,-1.0266483412918206e-06,8.263360516150424e-06,1.895930931914415e-07,-5.9980310495547925e-06
1,1,loading,0.5,76e4112e43871de62a7a3e1ea79827dfb5cf945ab7512803685046f0cd376c28,2669,77.0,32.0,physical_only,-8.287495369780346e-07,2.1404085906355313e-06,-1.0300720266366912e-06,8.883854642506958e-06,2.0132248965865677e-07,-6.743446051871437e-06
1,1,loading,0.5,76e4112e43871de62a7a3e1ea79827dfb5cf945ab7512803685046f0cd376c28,2670,78.0,32.0,physical_only,-1.5455659632278103e-07,0.00013265341723634242,-1.0833673508241559e-06,9.620267287864359e-06,9.288107545013751e-07,0.00012303314994847807
1,1,loading,0.5,76e4112e43871de62a7a3e1ea79827dfb5cf945ab7512803685046f0cd376c28,2735,62.0,33.0,physical_only,-3.7063195861162664e-06,-7.31385339976281e-07,-2.494840465612643e-06,1.0299417798294209e-07,-1.2114791205036236e-06,-8.34379517959223e-07
1,1,loading,0.5,76e4112e43871de62a7a3e1ea79827dfb5cf945ab7512803685046f0cd376c28,2736,63.0,33.0,interior,-0.0,-0.0,-0.0,-0.0,-0.0,-0.0
1,1,loading,0.5,76e4112e43871de62a7a3e1ea79827dfb5cf945ab7512803685046f0cd376c28,2737,64.0,33.0,interior,-0.0,-0.0,-0.0,-0.0,-0.0,-0.0
1,1,loading,0.5,76e4112e43871de62a7a3e1ea79827dfb5cf945ab7512803685046f0cd376c28,2738,65.0,33.0,interior,-0.0,-0.0,-0.0,-0.0,-0.0,-0.0
1,1,loading,0.5,76e4112e43871de62a7a3e1ea79827dfb5cf945ab7512803685046f0cd376c28,2739,66.0,33.0,interior,-0.0,-0.0,-0.0,-0.0,-0.0,-0.0
1,1,loading,0.5,76e4112e43871de62a7a3e1ea79827dfb5cf945ab7512803685046f0cd376c28,2740,67.0,33.0,interior,-0.0,-0.0,-0.0,-0.0,-0.0,-0.0
1,1,loading,0.5,76e4112e43871de62a7a3e1ea79827dfb5cf945ab7512803685046f0cd376c28,2741,68.0,33.0,interior,-0.0,-0.0,-0.0,-0.0,-0.0,-0.0
1,1,loading,0.5,76e4112e43871de62a7a3e1ea79827dfb5cf945ab7512803685046f0cd376c28,2742,69.0,33.0,interior,-0.0,-0.0,-0.0,-0.0,-0.0,-0.0
1,1,loading,0.5,76e4112e43871de62a7a3e1ea79827dfb5cf945ab7512803685046f0cd376c28,2743,70.0,33.0,interior,-0.0,-0.0,-0.0,-0.0,-0.0,-0.0
1,1,loading,0.5,76e4112e43871de62a7a3e1ea79827dfb5cf945ab7512803685046f0cd376c28,2744,71.0,33.0,interior,-0.0,-0.0,-0.0,-0.0,-0.0,-0.0
1,1,loading,0.5,76e4112e43871de62a7a3e1ea79827dfb5cf945ab7512803685046f0cd376c28,2745,72.0,33.0,interior,-0.0,-0.0,-0.0,-0.0,-0.0,-0.0
1,1,loading,0.5,76e4112e43871de62a7a3e1ea79827dfb5cf945ab7512803685046f0cd376c28,2746,73.0,33.0,interior,-0.0,-0.0,-0.0,-0.0,-0.0,-0.0
1,1,loading,0.5,76e4112e43871de62a7a3e1ea79827dfb5cf945ab7512803685046f0cd376c28,2747,74.0,33.0,interior,-0.0,-0.0,-0.0,-0.0,-0.0,-0.0
1,1,loading,0.5,76e4112e43871de62a7a3e1ea79827dfb5cf945ab7512803685046f0cd376c28,2748,75.0,33.0,interior,-0.0,-0.0,-0.0,-0.0,-0.0,-0.0
1,1,loading,0.5,76e4112e43871de62a7a3e1ea79827dfb5cf945ab7512803685046f0cd376c28,2749,76.0,33.0,interior,-0.0,-0.0,-0.0,-0.0,-0.0,-0.0
1,1,loading,0.5,76e4112e43871de62a7a3e1ea79827dfb5cf945ab7512803685046f0cd376c28,2750,77.0,33.0,interior,-0.0,-0.0,-0.0,-0.0,-0.0,-0.0
1,1,loading,0.5,76e4112e43871de62a7a3e1ea79827dfb5cf945ab7512803685046f0cd376c28,2751,78.0,33.0,physical_only,-5.3348326450853615e-08,4.347472672566551e-09,-3.210862605351744e-08,1.8289821366327048e-07,-2.12397003973362e-08,-1.7855074099070403e-07
1,1,loading,0.5,76e4112e43871de62a7a3e1ea79827dfb5cf945ab7512803685046f0cd376c28,2816,62.0,34.0,physical_only,-3.220521246372379e-06,-3.4213321884455504e-07,-2.5659895106550054e-06,8.446223189899778e-08,-6.545317357173732e-07,-4.265954507435529e-07
1,1,loading,0.5,76e4112e43871de62a7a3e1ea79827dfb5cf945ab7512803685046f0cd376c28,2817,63.0,34.0,interior,-0.0,-0.0,-0.0,-0.0,-0.0,-0.0
1,1,loading,0.5,76e4112e43871de62a7a3e1ea79827dfb5cf945ab7512803685046f0cd376c28,2818,64.0,34.0,interior,-0.0,-0.0,-0.0,-0.0,-0.0,-0.0
1,1,loading,0.5,76e4112e43871de62a7a3e1ea79827dfb5cf945ab7512803685046f0cd376c28,2819,65.0,34.0,interior,-0.0,-0.0,-0.0,-0.0,-0.0,-0.0
1,1,loading,0.5,76e4112e43871de62a7a3e1ea79827dfb5cf945ab7512803685046f0cd376c28,2820,66.0,34.0,interior,-0.0,-0.0,-0.0,-0.0,-0.0,-0.0
1,1,loading,0.5,76e4112e43871de62a7a3e1ea79827dfb5cf945ab7512803685046f0cd376c28,2821,67.0,34.0,interior,-0.0,-0.0,-0.0,-0.0,-0.0,-0.0
1,1,loading,0.5,76e4112e43871de62a7a3e1ea79827dfb5cf945ab7512803685046f0cd376c28,2822,68.0,34.0,interior,-0.0,-0.0,-0.0,-0.0,-0.0,-0.0
1,1,loading,0.5,76e4112e43871de62a7a3e1ea79827dfb5cf945ab7512803685046f0cd376c28,2823,69.0,34.0,interior,-0.0,-0.0,-0.0,-0.0,-0.0,-0.0
1,1,loading,0.5,76e4112e43871de62a7a3e1ea79827dfb5cf945ab7512803685046f0cd376c28,2824,70.0,34.0,interior,-0.0,-0.0,-0.0,-0.0,-0.0,-0.0
1,1,loading,0.5,76e4112e43871de62a7a3e1ea79827dfb5cf945ab7512803685046f0cd376c28,2825,71.0,34.0,interior,-0.0,-0.0,-0.0,-0.0,-0.0,-0.0
1,1,loading,0.5,76e4112e43871de62a7a3e1ea79827dfb5cf945ab7512803685046f0cd376c28,2826,72.0,34.0,interior,-0.0,-0.0,-0.0,-0.0,-0.0,-0.0
1,1,loading,0.5,76e4112e43871de62a7a3e1ea79827dfb5cf945ab7512803685046f0cd376c28,2827,73.0,34.0,interior,-0.0,-0.0,-0.0,-0.0,-0.0,-0.0
1,1,loading,0.5,76e4112e43871de62a7a3e1ea79827dfb5cf945ab7512803685046f0cd376c28,2828,74.0,34.0,interior,-0.0,-0.0,-0.0,-0.0,-0.0,-0.0
1,1,loading,0.5,76e4112e43871de62a7a3e1ea79827dfb5cf945ab7512803685046f0cd376c28,2829,75.0,34.0,interior,-0.0,-0.0,-0.0,-0.0,-0.0,-0.0
1,1,loading,0.5,76e4112e43871de62a7a3e1ea79827dfb5cf945ab7512803685046f0cd376c28,2830,76.0,34.0,interior,-0.0,-0.0,-0.0,-0.0,-0.0,-0.0
1,1,loading,0.5,76e4112e43871de62a7a3e1ea79827dfb5cf945ab7512803685046f0cd376c28,2831,77.0,34.0,interior,-0.0,-0.0,-0.0,-0.0,-0.0,-0.0
1,1,loading,0.5,76e4112e43871de62a7a3e1ea79827dfb5cf945ab7512803685046f0cd376c28,2832,78.0,34.0,physical_only,-5.228939279637944e-08,3.6928664805775056e-09,-3.270085103771394e-08,1.5570223962155671e-07,-1.95885417586655e-08,-1.520093731409789e-07
1,1,loading,0.5,76e4112e43871de62a7a3e1ea79827dfb5cf945ab7512803685046f0cd376c28,2897,62.0,35.0,physical_only,-3.103985705886847e-06,-3.719986015538582e-08,-2.6236250736780215e-06,7.04591248739893e-08,-4.803606322088254e-07,-1.0765898502937491e-07
1,1,loading,0.5,76e4112e43871de62a7a3e1ea79827dfb5cf945ab7512803685046f0cd376c28,2898,63.0,35.0,interior,-0.0,-0.0,-0.0,-0.0,-0.0,-0.0
1,1,loading,0.5,76e4112e43871de62a7a3e1ea79827dfb5cf945ab7512803685046f0cd376c28,2899,64.0,35.0,interior,-0.0,-0.0,-0.0,-0.0,-0.0,-0.0
1,1,loading,0.5,76e4112e43871de62a7a3e1ea79827dfb5cf945ab7512803685046f0cd376c28,2900,65.0,35.0,interior,-0.0,-0.0,-0.0,-0.0,-0.0,-0.0
1,1,loading,0.5,76e4112e43871de62a7a3e1ea79827dfb5cf945ab7512803685046f0cd376c28,2901,66.0,35.0,interior,-0.0,-0.0,-0.0,-0.0,-0.0,-0.0
1,1,loading,0.5,76e4112e43871de62a7a3e1ea79827dfb5cf945ab7512803685046f0cd376c28,2902,67.0,35.0,interior,-0.0,-0.0,-0.0,-0.0,-0.0,-0.0
1,1,loading,0.5,76e4112e43871de62a7a3e1ea79827dfb5cf945ab7512803685046f0cd376c28,2903,68.0,35.0,interior,-0.0,-0.0,-0.0,-0.0,-0.0,-0.0
1,1,loading,0.5,76e4112e43871de62a7a3e1ea79827dfb5cf945ab7512803685046f0cd376c28,2904,69.0,35.0,interior,-0.0,-0.0,-0.0,-0.0,-0.0,-0.0
1,1,loading,0.5,76e4112e43871de62a7a3e1ea79827dfb5cf945ab7512803685046f0cd376c28,2905,70.0,35.0,interior,-0.0,-0.0,-0.0,-0.0,-0.0,-0.0
1,1,loading,0.5,76e4112e43871de62a7a3e1ea79827dfb5cf945ab7512803685046f0cd376c28,2906,71.0,35.0,interior,-0.0,-0.0,-0.0,-0.0,-0.0,-0.0
1,1,loading,0.5,76e4112e43871de62a7a3e1ea79827dfb5cf945ab7512803685046f0cd376c28,2907,72.0,35.0,interior,-0.0,-0.0,-0.0,-0.0,-0.0,-0.0
1,1,loading,0.5,76e4112e43871de62a7a3e1ea79827dfb5cf945ab7512803685046f0cd376c28,2908,73.0,35.0,interior,-0.0,-0.0,-0.0,-0.0,-0.0,-0.0
1,1,loading,0.5,76e4112e43871de62a7a3e1ea79827dfb5cf945ab7512803685046f0cd376c28,2909,74.0,35.0,interior,-0.0,-0.0,-0.0,-0.0,-0.0,-0.0
1,1,loading,0.5,76e4112e43871de62a7a3e1ea79827dfb5cf945ab7512803685046f0cd376c28,2910,75.0,35.0,interior,-0.0,-0.0,-0.0,-0.0,-0.0,-0.0
1,1,loading,0.5,76e4112e43871de62a7a3e1ea79827dfb5cf945ab7512803685046f0cd376c28,2911,76.0,35.0,interior,-0.0,-0.0,-0.0,-0.0,-0.0,-0.0
1,1,loading,0.5,76e4112e43871de62a7a3e1ea79827dfb5cf945ab7512803685046f0cd376c28,2912,77.0,35.0,interior,-0.0,-0.0,-0.0,-0.0,-0.0,-0.0
1,1,loading,0.5,76e4112e43871de62a7a3e1ea79827dfb5cf945ab7512803685046f0cd376c28,2913,78.0,35.0,physical_only,-5.1398897208208526e-08,3.053883252624739e-09,-3.317448704049269e-08,1.2900193099482348e-07,-1.822441016771583e-08,-1.2594804774219848e-07
1,1,loading,0.5,76e4112e43871de62a7a3e1ea79827dfb5cf945ab7512803685046f0cd376c28,2978,62.0,36.0,physical_only,-3.180985714873193e-06,1.2381828426096093e-07,-2.6715870471663595e-06,5.78621967398766e-08,-5.09398667706833e-07,6.595608752108465e-08
1,1,loading,0.5,76e4112e43871de62a7a3e1ea79827dfb5cf945ab7512803685046f0cd376c28,2979,63.0,36.0,interior,-0.0,-0.0,-0.0,-0.0,-0.0,-0.0
1,1,loading,0.5,76e4112e43871de62a7a3e1ea79827dfb5cf945ab7512803685046f0cd376c28,2980,64.0,36.0,interior,-0.0,-0.0,-0.0,-0.0,-0.0,-0.0
1,1,loading,0.5,76e4112e43871de62a7a3e1ea79827dfb5cf945ab7512803685046f0cd376c28,2981,65.0,36.0,interior,-0.0,-0.0,-0.0,-0.0,-0.0,-0.0
1,1,loading,0.5,76e4112e43871de62a7a3e1ea79827dfb5cf945ab7512803685046f0cd376c28,2982,66.0,36.0,interior,-0.0,-0.0,-0.0,-0.0,-0.0,-0.0
1,1,loading,0.5,76e4112e43871de62a7a3e1ea79827dfb5cf945ab7512803685046f0cd376c28,2983,67.0,36.0,interior,-0.0,-0.0,-0.0,-0.0,-0.0,-0.0
1,1,loading,0.5,76e4112e43871de62a7a3e1ea79827dfb5cf945ab7512803685046f0cd376c28,2984,68.0,36.0,interior,-0.0,-0.0,-0.0,-0.0,-0.0,-0.0
1,1,loading,0.5,76e4112e43871de62a7a3e1ea79827dfb5cf945ab7512803685046f0cd376c28,2985,69.0,36.0,interior,-0.0,-0.0,-0.0,-0.0,-0.0,-0.0
1,1,loading,0.5,76e4112e43871de62a7a3e1ea79827dfb5cf945ab7512803685046f0cd376c28,2986,70.0,36.0,interior,-0.0,-0.0,-0.0,-0.0,-0.0,-0.0
1,1,loading,0.5,76e4112e43871de62a7a3e1ea79827dfb5cf945ab7512803685046f0cd376c28,2987,71.0,36.0,interior,-0.0,-0.0,-0.0,-0.0,-0.0,-0.0
1,1,loading,0.5,76e4112e43871de62a7a3e1ea79827dfb5cf945ab7512803685046f0cd376c28,2988,72.0,36.0,interior,-0.0,-0.0,-0.0,-0.0,-0.0,-0.0
1,1,loading,0.5,76e4112e43871de62a7a3e1ea79827dfb5cf945ab7512803685046f0cd376c28,2989,73.0,36.0,interior,-0.0,-0.0,-0.0,-0.0,-0.0,-0.0
1,1,loading,0.5,76e4112e43871de62a7a3e1ea79827dfb5cf945ab7512803685046f0cd376c28,2990,74.0,36.0,interior,-0.0,-0.0,-0.0,-0.0,-0.0,-0.0
1,1,loading,0.5,76e4112e43871de62a7a3e1ea79827dfb5cf945ab7512803685046f0cd376c28,2991,75.0,36.0,interior,-0.0,-0.0,-0.0,-0.0,-0.0,-0.0
1,1,loading,0.5,76e4112e43871de62a7a3e1ea79827dfb5cf945ab7512803685046f0cd376c28,2992,76.0,36.0,interior,-0.0,-0.0,-0.0,-0.0,-0.0,-0.0
1,1,loading,0.5,76e4112e43871de62a7a3e1ea79827dfb5cf945ab7512803685046f0cd376c28,2993,77.0,36.0,interior,-0.0,-0.0,-0.0,-0.0,-0.0,-0.0
1,1,loading,0.5,76e4112e43871de62a7a3e1ea79827dfb5cf945ab7512803685046f0cd376c28,2994,78.0,36.0,physical_only,-5.0674066122352145e-08,2.4277994328032493e-09,-3.35435481467153e-08,1.0271225340674238e-07,-1.7130517975636866e-08,-1.002844539739413e-07
1,1,loading,0.5,76e4112e43871de62a7a3e1ea79827dfb5cf945ab7512803685046f0cd376c28,3059,62.0,37.0,physical_only,-3.3109947854195237e-06,1.6882772483995446e-07,-2.7104734023177665e-06,4.483725675013579e-08,-6.005213831017576e-07,1.2399046808981868e-07
1,1,loading,0.5,76e4112e43871de62a7a3e1ea79827dfb5cf945ab7512803685046f0cd376c28,3060,63.0,37.0,interior,-0.0,-0.0,-0.0,-0.0,-0.0,-0.0
1,1,loading,0.5,76e4112e43871de62a7a3e1ea79827dfb5cf945ab7512803685046f0cd376c28,3061,64.0,37.0,interior,-0.0,-0.0,-0.0,-0.0,-0.0,-0.0
1,1,loading,0.5,76e4112e43871de62a7a3e1ea79827dfb5cf945ab7512803685046f0cd376c28,3062,65.0,37.0,interior,-0.0,-0.0,-0.0,-0.0,-0.0,-0.0
1,1,loading,0.5,76e4112e43871de62a7a3e1ea79827dfb5cf945ab7512803685046f0cd376c28,3063,66.0,37.0,interior,-0.0,-0.0,-0.0,-0.0,-0.0,-0.0
1,1,loading,0.5,76e4112e43871de62a7a3e1ea79827dfb5cf945ab7512803685046f0cd376c28,3064,67.0,37.0,interior,-0.0,-0.0,-0.0,-0.0,-0.0,-0.0
1,1,loading,0.5,76e4112e43871de62a7a3e1ea79827dfb5cf945ab7512803685046f0cd376c28,3065,68.0,37.0,interior,-0.0,-0.0,-0.0,-0.0,-0.0,-0.0
1,1,loading,0.5,76e4112e43871de62a7a3e1ea79827dfb5cf945ab7512803685046f0cd376c28,3066,69.0,37.0,interior,-0.0,-0.0,-0.0,-0.0,-0.0,-0.0
1,1,loading,0.5,76e4112e43871de62a7a3e1ea79827dfb5cf945ab7512803685046f0cd376c28,3067,70.0,37.0,interior,-0.0,-0.0,-0.0,-0.0,-0.0,-0.0
1,1,loading,0.5,76e4112e43871de62a7a3e1ea79827dfb5cf945ab7512803685046f0cd376c28,3068,71.0,37.0,interior,-0.0,-0.0,-0.0,-0.0,-0.0,-0.0
1,1,loading,0.5,76e4112e43871de62a7a3e1ea79827dfb5cf945ab7512803685046f0cd376c28,3069,72.0,37.0,interior,-0.0,-0.0,-0.0,-0.0,-0.0,-0.0
1,1,loading,0.5,76e4112e43871de62a7a3e1ea79827dfb5cf945ab7512803685046f0cd376c28,3070,73.0,37.0,interior,-0.0,-0.0,-0.0,-0.0,-0.0,-0.0
1,1,loading,0.5,76e4112e43871de62a7a3e1ea79827dfb5cf945ab7512803685046f0cd376c28,3071,74.0,37.0,interior,-0.0,-0.0,-0.0,-0.0,-0.0,-0.0
1,1,loading,0.5,76e4112e43871de62a7a3e1ea79827dfb5cf945ab7512803685046f0cd376c28,3072,75.0,37.0,interior,-0.0,-0.0,-0.0,-0.0,-0.0,-0.0
1,1,loading,0.5,76e4112e43871de62a7a3e1ea79827dfb5cf945ab7512803685046f0cd376c28,3073,76.0,37.0,interior,-0.0,-0.0,-0.0,-0.0,-0.0,-0.0
1,1,loading,0.5,76e4112e43871de62a7a3e1ea79827dfb5cf945ab7512803685046f0cd376c28,3074,77.0,37.0,interior,-0.0,-0.0,-0.0,-0.0,-0.0,-0.0
1,1,loading,0.5,76e4112e43871de62a7a3e1ea79827dfb5cf945ab7512803685046f0cd376c28,3075,78.0,37.0,physical_only,-5.011264021928137e-08,1.8119568695872004e-09,-3.381924883327007e-08,7.674950277443705e-08,-1.62933913860113e-08,-7.493754590485147e-08
1,1,loading,0.5,76e4112e43871de62a7a3e1ea79827dfb5cf945ab7512803685046f0cd376c28,3140,62.0,38.0,physical_only,-3.4237527490396337e-06,1.4005033489135033e-07,-2.739425472168396e-06,3.074055548519807e-08,-6.843272768712373e-07,1.0930977940615183e-07
1,1,loading,0.5,76e4112e43871de62a7a3e1ea79827dfb5cf945ab7512803685046f0cd376c28,3141,63.0,38.0,interior,-0.0,-0.0,-0.0,-0.0,-0.0,-0.0
1,1,loading,0.5,76e4112e43871de62a7a3e1ea79827dfb5cf945ab7512803685046f0cd376c28,3142,64.0,38.0,interior,-0.0,-0.0,-0.0,-0.0,-0.0,-0.0
1,1,loading,0.5,76e4112e43871de62a7a3e1ea79827dfb5cf945ab7512803685046f0cd376c28,3143,65.0,38.0,interior,-0.0,-0.0,-0.0,-0.0,-0.0,-0.0
1,1,loading,0.5,76e4112e43871de62a7a3e1ea79827dfb5cf945ab7512803685046f0cd376c28,3144,66.0,38.0,interior,-0.0,-0.0,-0.0,-0.0,-0.0,-0.0
1,1,loading,0.5,76e4112e43871de62a7a3e1ea79827dfb5cf945ab7512803685046f0cd376c28,3145,67.0,38.0,interior,-0.0,-0.0,-0.0,-0.0,-0.0,-0.0
1,1,loading,0.5,76e4112e43871de62a7a3e1ea79827dfb5cf945ab7512803685046f0cd376c28,3146,68.0,38.0,interior,-0.0,-0.0,-0.0,-0.0,-0.0,-0.0
1,1,loading,0.5,76e4112e43871de62a7a3e1ea79827dfb5cf945ab7512803685046f0cd376c28,3147,69.0,38.0,interior,-0.0,-0.0,-0.0,-0.0,-0.0,-0.0
1,1,loading,0.5,76e4112e43871de62a7a3e1ea79827dfb5cf945ab7512803685046f0cd376c28,3148,70.0,38.0,interior,-0.0,-0.0,-0.0,-0.0,-0.0,-0.0
1,1,loading,0.5,76e4112e43871de62a7a3e1ea79827dfb5cf945ab7512803685046f0cd376c28,3149,71.0,38.0,interior,-0.0,-0.0,-0.0,-0.0,-0.0,-0.0
1,1,loading,0.5,76e4112e43871de62a7a3e1ea79827dfb5cf945ab7512803685046f0cd376c28,3150,72.0,38.0,interior,-0.0,-0.0,-0.0,-0.0,-0.0,-0.0
1,1,loading,0.5,76e4112e43871de62a7a3e1ea79827dfb5cf945ab7512803685046f0cd376c28,3151,73.0,38.0,interior,-0.0,-0.0,-0.0,-0.0,-0.0,-0.0
1,1,loading,0.5,76e4112e43871de62a7a3e1ea79827dfb5cf945ab7512803685046f0cd376c28,3152,74.0,38.0,interior,-0.0,-0.0,-0.0,-0.0,-0.0,-0.0
1,1,loading,0.5,76e4112e43871de62a7a3e1ea79827dfb5cf945ab7512803685046f0cd376c28,3153,75.0,38.0,interior,-0.0,-0.0,-0.0,-0.0,-0.0,-0.0
1,1,loading,0.5,76e4112e43871de62a7a3e1ea79827dfb5cf945ab7512803685046f0cd376c28,3154,76.0,38.0,interior,-0.0,-0.0,-0.0,-0.0,-0.0,-0.0
1,1,loading,0.5,76e4112e43871de62a7a3e1ea79827dfb5cf945ab7512803685046f0cd376c28,3155,77.0,38.0,interior,-0.0,-0.0,-0.0,-0.0,-0.0,-0.0
1,1,loading,0.5,76e4112e43871de62a7a3e1ea79827dfb5cf945ab7512803685046f0cd376c28,3156,78.0,38.0,physical_only,-4.971286846038363e-08,1.2037496425549898e-09,-3.401015669655762e-08,5.10310308038554e-08,-1.5702711763826005e-08,-4.9827281161298896e-08
1,1,loading,0.5,76e4112e43871de62a7a3e1ea79827dfb5cf945ab7512803685046f0cd376c28,3221,62.0,39.0,physical_only,-3.4925905563896685e-06,7.591154440291656e-08,-2.757330323634376e-06,1.564981548432272e-08,-7.352602327552928e-07,6.026172891859406e-08
1,1,loading,0.5,76e4112e43871de62a7a3e1ea79827dfb5cf945ab7512803685046f0cd376c28,3222,63.0,39.0,interior,-0.0,-0.0,-0.0,-0.0,-0.0,-0.0
1,1,loading,0.5,76e4112e43871de62a7a3e1ea79827dfb5cf945ab7512803685046f0cd376c28,3223,64.0,39.0,interior,-0.0,-0.0,-0.0,-0.0,-0.0,-0.0
1,1,loading,0.5,76e4112e43871de62a7a3e1ea79827dfb5cf945ab7512803685046f0cd376c28,3224,65.0,39.0,interior,-0.0,-0.0,-0.0,-0.0,-0.0,-0.0
1,1,loading,0.5,76e4112e43871de62a7a3e1ea79827dfb5cf945ab7512803685046f0cd376c28,3225,66.0,39.0,interior,-0.0,-0.0,-0.0,-0.0,-0.0,-0.0
1,1,loading,0.5,76e4112e43871de62a7a3e1ea79827dfb5cf945ab7512803685046f0cd376c28,3226,67.0,39.0,interior,-0.0,-0.0,-0.0,-0.0,-0.0,-0.0
1,1,loading,0.5,76e4112e43871de62a7a3e1ea79827dfb5cf945ab7512803685046f0cd376c28,3227,68.0,39.0,interior,-0.0,-0.0,-0.0,-0.0,-0.0,-0.0
1,1,loading,0.5,76e4112e43871de62a7a3e1ea79827dfb5cf945ab7512803685046f0cd376c28,3228,69.0,39.0,interior,-0.0,-0.0,-0.0,-0.0,-0.0,-0.0
1,1,loading,0.5,76e4112e43871de62a7a3e1ea79827dfb5cf945ab7512803685046f0cd376c28,3229,70.0,39.0,interior,-0.0,-0.0,-0.0,-0.0,-0.0,-0.0
1,1,loading,0.5,76e4112e43871de62a7a3e1ea79827dfb5cf945ab7512803685046f0cd376c28,3230,71.0,39.0,interior,-0.0,-0.0,-0.0,-0.0,-0.0,-0.0
1,1,loading,0.5,76e4112e43871de62a7a3e1ea79827dfb5cf945ab7512803685046f0cd376c28,3231,72.0,39.0,interior,-0.0,-0.0,-0.0,-0.0,-0.0,-0.0
1,1,loading,0.5,76e4112e43871de62a7a3e1ea79827dfb5cf945ab7512803685046f0cd376c28,3232,73.0,39.0,interior,-0.0,-0.0,-0.0,-0.0,-0.0,-0.0
1,1,loading,0.5,76e4112e43871de62a7a3e1ea79827dfb5cf945ab7512803685046f0cd376c28,3233,74.0,39.0,interior,-0.0,-0.0,-0.0,-0.0,-0.0,-0.0
1,1,loading,0.5,76e4112e43871de62a7a3e1ea79827dfb5cf945ab7512803685046f0cd376c28,3234,75.0,39.0,interior,-0.0,-0.0,-0.0,-0.0,-0.0,-0.0
1,1,loading,0.5,76e4112e43871de62a7a3e1ea79827dfb5cf945ab7512803685046f0cd376c28,3235,76.0,39.0,interior,-0.0,-0.0,-0.0,-0.0,-0.0,-0.0
1,1,loading,0.5,76e4112e43871de62a7a3e1ea79827dfb5cf945ab7512803685046f0cd376c28,3236,77.0,39.0,interior,-0.0,-0.0,-0.0,-0.0,-0.0,-0.0
1,1,loading,0.5,76e4112e43871de62a7a3e1ea79827dfb5cf945ab7512803685046f0cd376c28,3237,78.0,39.0,physical_only,-4.947350343537553e-08,6.006109421538287e-10,-3.41223092650087e-08,2.5474976189524767e-08,-1.535119417036684e-08,-2.487436524737051e-08
1,1,loading,0.5,76e4112e43871de62a7a3e1ea79827dfb5cf945ab7512803685046f0cd376c28,3302,62.0,40.0,physical_and_cut,-1.7574791207579604e-06,-2.5656909512113412e-06,-1.3816956802414618e-06,-6.124889190332801e-07,-3.757834405164986e-07,-1.953202032178061e-06
1,1,loading,0.5,76e4112e43871de62a7a3e1ea79827dfb5cf945ab7512803685046f0cd376c28,3303,63.0,40.0,cut_only,-0.0,-0.0,-0.0,-0.0,-0.0,-0.0
1,1,loading,0.5,76e4112e43871de62a7a3e1ea79827dfb5cf945ab7512803685046f0cd376c28,3304,64.0,40.0,cut_only,-0.0,-0.0,-0.0,-0.0,-0.0,-0.0
1,1,loading,0.5,76e4112e43871de62a7a3e1ea79827dfb5cf945ab7512803685046f0cd376c28,3305,65.0,40.0,cut_only,-0.0,-0.0,-0.0,-0.0,-0.0,-0.0
1,1,loading,0.5,76e4112e43871de62a7a3e1ea79827dfb5cf945ab7512803685046f0cd376c28,3306,66.0,40.0,cut_only,-0.0,-0.0,-0.0,-0.0,-0.0,-0.0
1,1,loading,0.5,76e4112e43871de62a7a3e1ea79827dfb5cf945ab7512803685046f0cd376c28,3307,67.0,40.0,cut_only,-0.0,-0.0,-0.0,-0.0,-0.0,-0.0
1,1,loading,0.5,76e4112e43871de62a7a3e1ea79827dfb5cf945ab7512803685046f0cd376c28,3308,68.0,40.0,cut_only,-0.0,-0.0,-0.0,-0.0,-0.0,-0.0
1,1,loading,0.5,76e4112e43871de62a7a3e1ea79827dfb5cf945ab7512803685046f0cd376c28,3309,69.0,40.0,cut_only,-0.0,-0.0,-0.0,-0.0,-0.0,-0.0
1,1,loading,0.5,76e4112e43871de62a7a3e1ea79827dfb5cf945ab7512803685046f0cd376c28,3310,70.0,40.0,cut_only,-0.0,-0.0,-0.0,-0.0,-0.0,-0.0
1,1,loading,0.5,76e4112e43871de62a7a3e1ea79827dfb5cf945ab7512803685046f0cd376c28,3311,71.0,40.0,cut_only,-0.0,-0.0,-0.0,-0.0,-0.0,-0.0
1,1,loading,0.5,76e4112e43871de62a7a3e1ea79827dfb5cf945ab7512803685046f0cd376c28,3312,72.0,40.0,cut_only,-0.0,-0.0,-0.0,-0.0,-0.0,-0.0
1,1,loading,0.5,76e4112e43871de62a7a3e1ea79827dfb5cf945ab7512803685046f0cd376c28,3313,73.0,40.0,cut_only,-0.0,-0.0,-0.0,-0.0,-0.0,-0.0
1,1,loading,0.5,76e4112e43871de62a7a3e1ea79827dfb5cf945ab7512803685046f0cd376c28,3314,74.0,40.0,cut_only,-0.0,-0.0,-0.0,-0.0,-0.0,-0.0
1,1,loading,0.5,76e4112e43871de62a7a3e1ea79827dfb5cf945ab7512803685046f0cd376c28,3315,75.0,40.0,cut_only,-0.0,-0.0,-0.0,-0.0,-0.0,-0.0
1,1,loading,0.5,76e4112e43871de62a7a3e1ea79827dfb5cf945ab7512803685046f0cd376c28,3316,76.0,40.0,cut_only,-0.0,-0.0,-0.0,-0.0,-0.0,-0.0
1,1,loading,0.5,76e4112e43871de62a7a3e1ea79827dfb5cf945ab7512803685046f0cd376c28,3317,77.0,40.0,cut_only,-0.0,-0.0,-0.0,-0.0,-0.0,-0.0
1,1,loading,0.5,76e4112e43871de62a7a3e1ea79827dfb5cf945ab7512803685046f0cd376c28,3318,78.0,40.0,physical_and_cut,-2.469689901601327e-08,-7.738005380741055e-06,-1.707964819499478e-08,1.9605968861716237e-08,-7.617250821018489e-09,-7.757611349602773e-06
2,2,loading,1.0,79bd847ce8fd33c00d5f35204999ba0060c18022a07bf2b2aca637e60549c367,2654,62.0,32.0,physical_only,-0.00021612224256941281,-1.8399449539076826e-05,-6.217710385135944e-06,4.131036122054668e-06,-0.00020990453218427683,-2.2530485661131485e-05
2,2,loading,1.0,79bd847ce8fd33c00d5f35204999ba0060c18022a07bf2b2aca637e60549c367,2655,63.0,32.0,physical_only,-1.6867968306252003e-06,-1.0127696043080018e-05,-2.246557326465773e-06,4.178679749069681e-06,5.597604958405726e-07,-1.4306375792149712e-05
2,2,loading,1.0,79bd847ce8fd33c00d5f35204999ba0060c18022a07bf2b2aca637e60549c367,2656,64.0,32.0,physical_only,-1.0237767885725817e-06,-1.2683273569971567e-05,-2.2675305059333713e-06,5.072060297784158e-06,1.2437537173607896e-06,-1.7755333867755703e-05
2,2,loading,1.0,79bd847ce8fd33c00d5f35204999ba0060c18022a07bf2b2aca637e60549c367,2657,65.0,32.0,physical_only,-9.367346553495316e-07,-1.5933920124382677e-05,-2.2934834780433238e-06,6.041058958953312e-06,1.356748822693792e-06,-2.1974979083336016e-05
2,2,loading,1.0,79bd847ce8fd33c00d5f35204999ba0060c18022a07bf2b2aca637e60549c367,2658,66.0,32.0,physical_only,-1.324473477286988e-06,-1.895912356119931e-05,-2.323599330026102e-06,7.0998704512562944e-06,9.991258527391147e-07,-2.60589940124556e-05
2,2,loading,1.0,79bd847ce8fd33c00d5f35204999ba0060c18022a07bf2b2aca637e60549c367,2659,67.0,32.0,physical_only,-1.7854214042182347e-06,-2.1586698062160518e-05,-2.3559164426072005e-06,8.260087509583881e-06,5.704950383889667e-07,-2.9846785571744413e-05
2,2,loading,1.0,79bd847ce8fd33c00d5f35204999ba0060c18022a07bf2b2aca637e60549c367,2660,68.0,32.0,physical_only,-1.834581970649217e-06,-2.4383639481012225e-05,-2.38936188957693e-06,9.531575864930557e-06,5.547799189277124e-07,-3.391521534594277e-05
2,2,loading,1.0,79bd847ce8fd33c00d5f35204999ba0060c18022a07bf2b2aca637e60549c367,2661,69.0,32.0,physical_only,-1.94405072022436e-06,-2.765023946963693e-05,-2.4235715973681605e-06,1.0924626944886677e-05,4.795208771438004e-07,-3.857486641452366e-05
2,2,loading,1.0,79bd847ce8fd33c00d5f35204999ba0060c18022a07bf2b2aca637e60549c367,2662,70.0,32.0,physical_only,-2.091586490226787e-06,-3.118931897215727e-05,-2.4586856050142183e-06,1.245124390525077e-05,3.670991147874317e-07,-4.364056287740805e-05
2,2,loading,1.0,79bd847ce8fd33c00d5f35204999ba0060c18022a07bf2b2aca637e60549c367,2663,71.0,32.0,physical_only,-2.2902556818325177e-06,-3.4971039122488955e-05,-2.494690554909193e-06,1.412531303132256e-05,2.0443487307667584e-07,-4.909635215381153e-05
2,2,loading,1.0,79bd847ce8fd33c00d5f35204999ba0060c18022a07bf2b2aca637e60549c367,2664,72.0,32.0,physical_only,-2.54612823068577e-06,-3.8949823756119614e-05,-2.5316087229359576e-06,1.5962780945936886e-05,-1.451950774981237e-08,-5.49126047020565e-05
2,2,loading,1.0,79bd847ce8fd33c00d5f35204999ba0060c18022a07bf2b2aca637e60549c367,2665,73.0,32.0,physical_only,-2.973723739503542e-06,-4.27061774860443e-05,-2.5692201613246115e-06,1.7981496932234504e-05,-4.0450357817892995e-07,-6.068767441827879e-05
2,2,loading,1.0,79bd847ce8fd33c00d5f35204999ba0060c18022a07bf2b2aca637e60549c367,2666,74.0,32.0,physical_only,-2.557845471195673e-06,-4.648103170514016e-05,-2.607782770739484e-06,2.0201828776611465e-05,4.993729954381128e-08,-6.668286048175159e-05
2,2,loading,1.0,79bd847ce8fd33c00d5f35204999ba0060c18022a07bf2b2aca637e60549c367,2667,75.0,32.0,physical_only,-1.3609164616188684e-06,-5.1843840832855584e-05,-2.6485843601232792e-06,2.264964228604355e-05,1.2876678985044104e-06,-7.449348311889918e-05
2,2,loading,1.0,79bd847ce8fd33c00d5f35204999ba0060c18022a07bf2b2aca637e60549c367,2668,76.0,32.0,physical_only,4.2558272255938353e-07,-6.0891670864554864e-05,-2.6947773766708256e-06,2.536309273398081e-05,3.12036009923021e-06,-8.625476359853577e-05
2,2,loading,1.0,79bd847ce8fd33c00d5f35204999ba0060c18022a07bf2b2aca637e60549c367,2669,77.0,32.0,physical_only,9.82242928632192e-07,-7.154049574471669e-05,-2.748441851999379e-06,2.8396029584616004e-05,3.7306847806315706e-06,-9.993652532933267e-05
2,2,loading,1.0,79bd847ce8fd33c00d5f35204999ba0060c18022a07bf2b2aca637e60549c367,2670,78.0,32.0,physical_only,-1.9021238953099576e-05,0.000895237044266117,-3.6050557302941073e-06,3.220040905770245e-05,-1.541618322280547e-05,0.0008630366352084144
2,2,loading,1.0,79bd847ce8fd33c00d5f35204999ba0060c18022a07bf2b2aca637e60549c367,2735,62.0,33.0,physical_only,-6.444836991572684e-06,-7.128783517100185e-07,-4.5053235919108675e-06,1.690738204916733e-07,-1.9395133996618163e-06,-8.81952172201692e-07
2,2,loading,1.0,79bd847ce8fd33c00d5f35204999ba0060c18022a07bf2b2aca637e60549c367,2736,63.0,33.0,interior,-0.0,-0.0,-0.0,-0.0,-0.0,-0.0
2,2,loading,1.0,79bd847ce8fd33c00d5f35204999ba0060c18022a07bf2b2aca637e60549c367,2737,64.0,33.0,interior,-0.0,-0.0,-0.0,-0.0,-0.0,-0.0
2,2,loading,1.0,79bd847ce8fd33c00d5f35204999ba0060c18022a07bf2b2aca637e60549c367,2738,65.0,33.0,interior,-0.0,-0.0,-0.0,-0.0,-0.0,-0.0
2,2,loading,1.0,79bd847ce8fd33c00d5f35204999ba0060c18022a07bf2b2aca637e60549c367,2739,66.0,33.0,interior,-0.0,-0.0,-0.0,-0.0,-0.0,-0.0
2,2,loading,1.0,79bd847ce8fd33c00d5f35204999ba0060c18022a07bf2b2aca637e60549c367,2740,67.0,33.0,interior,-0.0,-0.0,-0.0,-0.0,-0.0,-0.0
2,2,loading,1.0,79bd847ce8fd33c00d5f35204999ba0060c18022a07bf2b2aca637e60549c367,2741,68.0,33.0,interior,-0.0,-0.0,-0.0,-0.0,-0.0,-0.0
2,2,loading,1.0,79bd847ce8fd33c00d5f35204999ba0060c18022a07bf2b2aca637e60549c367,2742,69.0,33.0,interior,-0.0,-0.0,-0.0,-0.0,-0.0,-0.0
2,2,loading,1.0,79bd847ce8fd33c00d5f35204999ba0060c18022a07bf2b2aca637e60549c367,2743,70.0,33.0,interior,-0.0,-0.0,-0.0,-0.0,-0.0,-0.0
2,2,loading,1.0,79bd847ce8fd33c00d5f35204999ba0060c18022a07bf2b2aca637e60549c367,2744,71.0,33.0,interior,-0.0,-0.0,-0.0,-0.0,-0.0,-0.0
2,2,loading,1.0,79bd847ce8fd33c00d5f35204999ba0060c18022a07bf2b2aca637e60549c367,2745,72.0,33.0,interior,-0.0,-0.0,-0.0,-0.0,-0.0,-0.0
2,2,loading,1.0,79bd847ce8fd33c00d5f35204999ba0060c18022a07bf2b2aca637e60549c367,2746,73.0,33.0,interior,-0.0,-0.0,-0.0,-0.0,-0.0,-0.0
2,2,loading,1.0,79bd847ce8fd33c00d5f35204999ba0060c18022a07bf2b2aca637e60549c367,2747,74.0,33.0,interior,-0.0,-0.0,-0.0,-0.0,-0.0,-0.0
2,2,loading,1.0,79bd847ce8fd33c00d5f35204999ba0060c18022a07bf2b2aca637e60549c367,2748,75.0,33.0,interior,-0.0,-0.0,-0.0,-0.0,-0.0,-0.0
2,2,loading,1.0,79bd847ce8fd33c00d5f35204999ba0060c18022a07bf2b2aca637e60549c367,2749,76.0,33.0,interior,-0.0,-0.0,-0.0,-0.0,-0.0,-0.0
2,2,loading,1.0,79bd847ce8fd33c00d5f35204999ba0060c18022a07bf2b2aca637e60549c367,2750,77.0,33.0,interior,-0.0,-0.0,-0.0,-0.0,-0.0,-0.0
2,2,loading,1.0,79bd847ce8fd33c00d5f35204999ba0060c18022a07bf2b2aca637e60549c367,2751,78.0,33.0,physical_only,-1.1014217155615119e-07,1.0603537144850226e-08,-9.899241367436849e-08,3.654964260214423e-07,-1.1149757881782701e-08,-3.548928888765921e-07
2,2,loading,1.0,79bd847ce8fd33c00d5f35204999ba0060c18022a07bf2b2aca637e60549c367,2816,62.0,34.0,physical_only,-5.9034585846164435e-06,-2.8032406088993953e-07,-4.670309960441683e-06,1.3974313619525327e-07,-1.233148624174761e-06,-4.20067197085193e-07
2,2,loading,1.0,79bd847ce8fd33c00d5f35204999ba0060c18022a07bf2b2aca637e60549c367,2817,63.0,34.0,interior,-0.0,-0.0,-0.0,-0.0,-0.0,-0.0
2,2,loading,1.0,79bd847ce8fd33c00d5f35204999ba0060c18022a07bf2b2aca637e60549c367,2818,64.0,34.0,interior,-0.0,-0.0,-0.0,-0.0,-0.0,-0.0
2,2,loading,1.0,79bd847ce8fd33c00d5f35204999ba0060c18022a07bf2b2aca637e60549c367,2819,65.0,34.0,interior,-0.0,-0.0,-0.0,-0.0,-0.0,-0.0
2,2,loading,1.0,79bd847ce8fd33c00d5f35204999ba0060c18022a07bf2b2aca637e60549c367,2820,66.0,34.0,interior,-0.0,-0.0,-0.0,-0.0,-0.0,-0.0
2,2,loading,1.0,79bd847ce8fd33c00d5f35204999ba0060c18022a07bf2b2aca637e60549c367,2821,67.0,34.0,interior,-0.0,-0.0,-0.0,-0.0,-0.0,-0.0
2,2,loading,1.0,79bd847ce8fd33c00d5f35204999ba0060c18022a07bf2b2aca637e60549c367,2822,68.0,34.0,interior,-0.0,-0.0,-0.0,-0.0,-0.0,-0.0
2,2,loading,1.0,79bd847ce8fd33c00d5f35204999ba0060c18022a07bf2b2aca637e60549c367,2823,69.0,34.0,interior,-0.0,-0.0,-0.0,-0.0,-0.0,-0.0
2,2,loading,1.0,79bd847ce8fd33c00d5f35204999ba0060c18022a07bf2b2aca637e60549c367,2824,70.0,34.0,interior,-0.0,-0.0,-0.0,-0.0,-0.0,-0.0
2,2,loading,1.0,79bd847ce8fd33c00d5f35204999ba0060c18022a07bf2b2aca637e60549c367,2825,71.0,34.0,interior,-0.0,-0.0,-0.0,-0.0,-0.0,-0.0
2,2,loading,1.0,79bd847ce8fd33c00d5f35204999ba0060c18022a07bf2b2aca637e60549c367,2826,72.0,34.0,interior,-0.0,-0.0,-0.0,-0.0,-0.0,-0.0
2,2,loading,1.0,79bd847ce8fd33c00d5f35204999ba0060c18022a07bf2b2aca637e60549c367,2827,73.0,34.0,interior,-0.0,-0.0,-0.0,-0.0,-0.0,-0.0
2,2,loading,1.0,79bd847ce8fd33c00d5f35204999ba0060c18022a07bf2b2aca637e60549c367,2828,74.0,34.0,interior,-0.0,-0.0,-0.0,-0.0,-0.0,-0.0
2,2,loading,1.0,79bd847ce8fd33c00d5f35204999ba0060c18022a07bf2b2aca637e60549c367,2829,75.0,34.0,interior,-0.0,-0.0,-0.0,-0.0,-0.0,-0.0
2,2,loading,1.0,79bd847ce8fd33c00d5f35204999ba0060c18022a07bf2b2aca637e60549c367,2830,76.0,34.0,interior,-0.0,-0.0,-0.0,-0.0,-0.0,-0.0
2,2,loading,1.0,79bd847ce8fd33c00d5f35204999ba0060c18022a07bf2b2aca637e60549c367,2831,77.0,34.0,interior,-0.0,-0.0,-0.0,-0.0,-0.0,-0.0
2,2,loading,1.0,79bd847ce8fd33c00d5f35204999ba0060c18022a07bf2b2aca637e60549c367,2832,78.0,34.0,physical_only,-1.0795223175704833e-07,8.994203642851079e-09,-9.822201487613324e-08,3.112069164946469e-07,-9.73021688091507e-09,-3.0221271285179306e-07
2,2,loading,1.0,79bd847ce8fd33c00d5f35204999ba0060c18022a07bf2b2aca637e60549c367,2897,62.0,35.0,physical_only,-5.77942127854702e-06,3.8237757271826816e-08,-4.805455425864688e-06,1.1735917729872943e-07,-9.739658526823313e-07,-7.912142002690261e-08
2,2,loading,1.0,79bd847ce8fd33c00d5f35204999ba0060c18022a07bf2b2aca637e60549c367,2898,63.0,35.0,interior,-0.0,-0.0,-0.0,-0.0,-0.0,-0.0
2,2,loading,1.0,79bd847ce8fd33c00d5f35204999ba0060c18022a07bf2b2aca637e60549c367,2899,64.0,35.0,interior,-0.0,-0.0,-0.0,-0.0,-0.0,-0.0
2,2,loading,1.0,79bd847ce8fd33c00d5f35204999ba0060c18022a07bf2b2aca637e60549c367,2900,65.0,35.0,interior,-0.0,-0.0,-0.0,-0.0,-0.0,-0.0
2,2,loading,1.0,79bd847ce8fd33c00d5f35204999ba0060c18022a07bf2b2aca637e60549c367,2901,66.0,35.0,interior,-0.0,-0.0,-0.0,-0.0,-0.0,-0.0
2,2,loading,1.0,79bd847ce8fd33c00d5f35204999ba0060c18022a07bf2b2aca637e60549c367,2902,67.0,35.0,interior,-0.0,-0.0,-0.0,-0.0,-0.0,-0.0
2,2,loading,1.0,79bd847ce8fd33c00d5f35204999ba0060c18022a07bf2b2aca637e60549c367,2903,68.0,35.0,interior,-0.0,-0.0,-0.0,-0.0,-0.0,-0.0
2,2,loading,1.0,79bd847ce8fd33c00d5f35204999ba0060c18022a07bf2b2aca637e60549c367,2904,69.0,35.0,interior,-0.0,-0.0,-0.0,-0.0,-0.0,-0.0
2,2,loading,1.0,79bd847ce8fd33c00d5f35204999ba0060c18022a07bf2b2aca637e60549c367,2905,70.0,35.0,interior,-0.0,-0.0,-0.0,-0.0,-0.0,-0.0
2,2,loading,1.0,79bd847ce8fd33c00d5f35204999ba0060c18022a07bf2b2aca637e60549c367,2906,71.0,35.0,interior,-0.0,-0.0,-0.0,-0.0,-0.0,-0.0
2,2,loading,1.0,79bd847ce8fd33c00d5f35204999ba0060c18022a07bf2b2aca637e60549c367,2907,72.0,35.0,interior,-0.0,-0.0,-0.0,-0.0,-0.0,-0.0
2,2,loading,1.0,79bd847ce8fd33c00d5f35204999ba0060c18022a07bf2b2aca637e60549c367,2908,73.0,35.0,interior,-0.0,-0.0,-0.0,-0.0,-0.0,-0.0
2,2,loading,1.0,79bd847ce8fd33c00d5f35204999ba0060c18022a07bf2b2aca637e60549c367,2909,74.0,35.0,interior,-0.0,-0.0,-0.0,-0.0,-0.0,-0.0
2,2,loading,1.0,79bd847ce8fd33c00d5f35204999ba0060c18022a07bf2b2aca637e60549c367,2910,75.0,35.0,interior,-0.0,-0.0,-0.0,-0.0,-0.0,-0.0
2,2,loading,1.0,79bd847ce8fd33c00d5f35204999ba0060c18022a07bf2b2aca637e60549c367,2911,76.0,35.0,interior,-0.0,-0.0,-0.0,-0.0,-0.0,-0.0
2,2,loading,1.0,79bd847ce8fd33c00d5f35204999ba0060c18022a07bf2b2aca637e60549c367,2912,77.0,35.0,interior,-0.0,-0.0,-0.0,-0.0,-0.0,-0.0
2,2,loading,1.0,79bd847ce8fd33c00d5f35204999ba0060c18022a07bf2b2aca637e60549c367,2913,78.0,35.0,physical_only,-1.061109688680125e-07,7.428850095285666e-09,-9.755022407021828e-08,2.5788048945489794e-07,-8.560744797794205e-09,-2.504516393596112e-07
2,2,loading,1.0,79bd847ce8fd33c00d5f35204999ba0060c18022a07bf2b2aca637e60549c367,2978,62.0,36.0,physical_only,-5.86401301050096e-06,1.9408109896918803e-07,-4.916849344973893e-06,9.692831303210443e-08,-9.471636655270682e-07,9.715278593708381e-08
2,2,loading,1.0,79bd847ce8fd33c00d5f35204999ba0060c18022a07bf2b2aca637e60549c367,2979,63.0,36.0,interior,-0.0,-0.0,-0.0,-0.0,-0.0,-0.0
2,2,loading,1.0,79bd847ce8fd33c00d5f35204999ba0060c18022a07bf2b2aca637e60549c367,2980,64.0,36.0,interior,-0.0,-0.0,-0.0,-0.0,-0.0,-0.0
2,2,loading,1.0,79bd847ce8fd33c00d5f35204999ba0060c18022a07bf2b2aca637e60549c367,2981,65.0,36.0,interior,-0.0,-0.0,-0.0,-0.0,-0.0,-0.0
2,2,loading,1.0,79bd847ce8fd33c00d5f35204999ba0060c18022a07bf2b2aca637e60549c367,2982,66.0,36.0,interior,-0.0,-0.0,-0.0,-0.0,-0.0,-0.0
2,2,loading,1.0,79bd847ce8fd33c00d5f35204999ba0060c18022a07bf2b2aca637e60549c367,2983,67.0,36.0,interior,-0.0,-0.0,-0.0,-0.0,-0.0,-0.0
2,2,loading,1.0,79bd847ce8fd33c00d5f35204999ba0060c18022a07bf2b2aca637e60549c367,2984,68.0,36.0,interior,-0.0,-0.0,-0.0,-0.0,-0.0,-0.0
2,2,loading,1.0,79bd847ce8fd33c00d5f35204999ba0060c18022a07bf2b2aca637e60549c367,2985,69.0,36.0,interior,-0.0,-0.0,-0.0,-0.0,-0.0,-0.0
2,2,loading,1.0,79bd847ce8fd33c00d5f35204999ba0060c18022a07bf2b2aca637e60549c367,2986,70.0,36.0,interior,-0.0,-0.0,-0.0,-0.0,-0.0,-0.0
2,2,loading,1.0,79bd847ce8fd33c00d5f35204999ba0060c18022a07bf2b2aca637e60549c367,2987,71.0,36.0,interior,-0.0,-0.0,-0.0,-0.0,-0.0,-0.0
2,2,loading,1.0,79bd847ce8fd33c00d5f35204999ba0060c18022a07bf2b2aca637e60549c367,2988,72.0,36.0,interior,-0.0,-0.0,-0.0,-0.0,-0.0,-0.0
2,2,loading,1.0,79bd847ce8fd33c00d5f35204999ba0060c18022a07bf2b2aca637e60549c367,2989,73.0,36.0,interior,-0.0,-0.0,-0.0,-0.0,-0.0,-0.0
2,2,loading,1.0,79bd847ce8fd33c00d5f35204999ba0060c18022a07bf2b2aca637e60549c367,2990,74.0,36.0,interior,-0.0,-0.0,-0.0,-0.0,-0.0,-0.0
2,2,loading,1.0,79bd847ce8fd33c00d5f35204999ba0060c18022a07bf2b2aca637e60549c367,2991,75.0,36.0,interior,-0.0,-0.0,-0.0,-0.0,-0.0,-0.0
2,2,loading,1.0,79bd847ce8fd33c00d5f35204999ba0060c18022a07bf2b2aca637e60549c367,2992,76.0,36.0,interior,-0.0,-0.0,-0.0,-0.0,-0.0,-0.0
2,2,loading,1.0,79bd847ce8fd33c00d5f35204999ba0060c18022a07bf2b2aca637e60549c367,2993,77.0,36.0,interior,-0.0,-0.0,-0.0,-0.0,-0.0,-0.0
2,2,loading,1.0,79bd847ce8fd33c00d5f35204999ba0060c18022a07bf2b2aca637e60549c367,2994,78.0,36.0,physical_only,-1.0461247432671634e-07,5.8998605793046145e-09,-9.698725071293887e-08,2.053524126545164e-07,-7.62522361377747e-09,-1.9945255207520996e-07
2,2,loading,1.0,79bd847ce8fd33c00d5f35204999ba0060c18022a07bf2b2aca637e60549c367,3059,62.0,37.0,physical_only,-6.0027183829512545e-06,2.2455148675394903e-07,-5.005669618421379e-06,7.546297130944993e-08,-9.970487645298752e-07,1.490885154444991e-07
2,2,loading,1.0,79bd847ce8fd33c00d5f35204999ba0060c18022a07bf2b2aca637e60549c367,3060,63.0,37.0,interior,-0.0,-0.0,-0.0,-0.0,-0.0,-0.0
2,2,loading,1.0,79bd847ce8fd33c00d5f35204999ba0060c18022a07bf2b2aca637e60549c367,3061,64.0,37.0,interior,-0.0,-0.0,-0.0,-0.0,-0.0,-0.0
2,2,loading,1.0,79bd847ce8fd33c00d5f35204999ba0060c18022a07bf2b2aca637e60549c367,3062,65.0,37.0,interior,-0.0,-0.0,-0.0,-0.0,-0.0,-0.0
2,2,loading,1.0,79bd847ce8fd33c00d5f35204999ba0060c18022a07bf2b2aca637e60549c367,3063,66.0,37.0,interior,-0.0,-0.0,-0.0,-0.0,-0.0,-0.0
2,2,loading,1.0,79bd847ce8fd33c00d5f35204999ba0060c18022a07bf2b2aca637e60549c367,3064,67.0,37.0,interior,-0.0,-0.0,-0.0,-0.0,-0.0,-0.0
2,2,loading,1.0,79bd847ce8fd33c00d5f35204999ba0060c18022a07bf2b2aca637e60549c367,3065,68.0,37.0,interior,-0.0,-0.0,-0.0,-0.0,-0.0,-0.0
2,2,loading,1.0,79bd847ce8fd33c00d5f35204999ba0060c18022a07bf2b2aca637e60549c367,3066,69.0,37.0,interior,-0.0,-0.0,-0.0,-0.0,-0.0,-0.0
2,2,loading,1.0,79bd847ce8fd33c00d5f35204999ba0060c18022a07bf2b2aca637e60549c367,3067,70.0,37.0,interior,-0.0,-0.0,-0.0,-0.0,-0.0,-0.0
2,2,loading,1.0,79bd847ce8fd33c00d5f35204999ba0060c18022a07bf2b2aca637e60549c367,3068,71.0,37.0,interior,-0.0,-0.0,-0.0,-0.0,-0.0,-0.0
2,2,loading,1.0,79bd847ce8fd33c00d5f35204999ba0060c18022a07bf2b2aca637e60549c367,3069,72.0,37.0,interior,-0.0,-0.0,-0.0,-0.0,-0.0,-0.0
2,2,loading,1.0,79bd847ce8fd33c00d5f35204999ba0060c18022a07bf2b2aca637e60549c367,3070,73.0,37.0,interior,-0.0,-0.0,-0.0,-0.0,-0.0,-0.0
2,2,loading,1.0,79bd847ce8fd33c00d5f35204999ba0060c18022a07bf2b2aca637e60549c367,3071,74.0,37.0,interior,-0.0,-0.0,-0.0,-0.0,-0.0,-0.0
2,2,loading,1.0,79bd847ce8fd33c00d5f35204999ba0060c18022a07bf2b2aca637e60549c367,3072,75.0,37.0,interior,-0.0,-0.0,-0.0,-0.0,-0.0,-0.0
2,2,loading,1.0,79bd847ce8fd33c00d5f35204999ba0060c18022a07bf2b2aca637e60549c367,3073,76.0,37.0,interior,-0.0,-0.0,-0.0,-0.0,-0.0,-0.0
2,2,loading,1.0,79bd847ce8fd33c00d5f35204999ba0060c18022a07bf2b2aca637e60549c367,3074,77.0,37.0,interior,-0.0,-0.0,-0.0,-0.0,-0.0,-0.0
2,2,loading,1.0,79bd847ce8fd33c00d5f35204999ba0060c18022a07bf2b2aca637e60549c367,3075,78.0,37.0,physical_only,-1.034519383661738e-07,4.399773162218069e-09,-9.654121778278998e-08,1.5346026651578627e-07,-6.910720583383819e-09,-1.490604933535699e-07
2,2,loading,1.0,79bd847ce8fd33c00d5f35204999ba0060c18022a07bf2b2aca637e60549c367,3140,62.0,38.0,physical_only,-6.121275182887228e-06,1.776015651395049e-07,-5.070801489292189e-06,5.192088544553016e-08,-1.0504736935950408e-06,1.2568067969397475e-07
2,2,loading,1.0,79bd847ce8fd33c00d5f35204999ba0060c18022a07bf2b2aca637e60549c367,3141,63.0,38.0,interior,-0.0,-0.0,-0.0,-0.0,-0.0,-0.0
2,2,loading,1.0,79bd847ce8fd33c00d5f35204999ba0060c18022a07bf2b2aca637e60549c367,3142,64.0,38.0,interior,-0.0,-0.0,-0.0,-0.0,-0.0,-0.0
2,2,loading,1.0,79bd847ce8fd33c00d5f35204999ba0060c18022a07bf2b2aca637e60549c367,3143,65.0,38.0,interior,-0.0,-0.0,-0.0,-0.0,-0.0,-0.0
2,2,loading,1.0,79bd847ce8fd33c00d5f35204999ba0060c18022a07bf2b2aca637e60549c367,3144,66.0,38.0,interior,-0.0,-0.0,-0.0,-0.0,-0.0,-0.0
2,2,loading,1.0,79bd847ce8fd33c00d5f35204999ba0060c18022a07bf2b2aca637e60549c367,3145,67.0,38.0,interior,-0.0,-0.0,-0.0,-0.0,-0.0,-0.0
2,2,loading,1.0,79bd847ce8fd33c00d5f35204999ba0060c18022a07bf2b2aca637e60549c367,3146,68.0,38.0,interior,-0.0,-0.0,-0.0,-0.0,-0.0,-0.0
2,2,loading,1.0,79bd847ce8fd33c00d5f35204999ba0060c18022a07bf2b2aca637e60549c367,3147,69.0,38.0,interior,-0.0,-0.0,-0.0,-0.0,-0.0,-0.0
2,2,loading,1.0,79bd847ce8fd33c00d5f35204999ba0060c18022a07bf2b2aca637e60549c367,3148,70.0,38.0,interior,-0.0,-0.0,-0.0,-0.0,-0.0,-0.0
2,2,loading,1.0,79bd847ce8fd33c00d5f35204999ba0060c18022a07bf2b2aca637e60549c367,3149,71.0,38.0,interior,-0.0,-0.0,-0.0,-0.0,-0.0,-0.0
2,2,loading,1.0,79bd847ce8fd33c00d5f35204999ba0060c18022a07bf2b2aca637e60549c367,3150,72.0,38.0,interior,-0.0,-0.0,-0.0,-0.0,-0.0,-0.0
2,2,loading,1.0,79bd847ce8fd33c00d5f35204999ba0060c18022a07bf2b2aca637e60549c367,3151,73.0,38.0,interior,-0.0,-0.0,-0.0,-0.0,-0.0,-0.0
2,2,loading,1.0,79bd847ce8fd33c00d5f35204999ba0060c18022a07bf2b2aca637e60549c367,3152,74.0,38.0,interior,-0.0,-0.0,-0.0,-0.0,-0.0,-0.0
2,2,loading,1.0,79bd847ce8fd33c00d5f35204999ba0060c18022a07bf2b2aca637e60549c367,3153,75.0,38.0,interior,-0.0,-0.0,-0.0,-0.0,-0.0,-0.0
2,2,loading,1.0,79bd847ce8fd33c00d5f35204999ba0060c18022a07bf2b2aca637e60549c367,3154,76.0,38.0,interior,-0.0,-0.0,-0.0,-0.0,-0.0,-0.0
2,2,loading,1.0,79bd847ce8fd33c00d5f35204999ba0060c18022a07bf2b2aca637e60549c367,3155,77.0,38.0,interior,-0.0,-0.0,-0.0,-0.0,-0.0,-0.0
2,2,loading,1.0,79bd847ce8fd33c00d5f35204999ba0060c18022a07bf2b2aca637e60549c367,3156,78.0,38.0,physical_only,-1.0262563537566081e-07,2.9212510996310997e-09,-9.62183014733752e-08,1.0204346985478983e-07,-6.407333902285609e-09,-9.91222187551565e-08
2,2,loading,1.0,79bd847ce8fd33c00d5f35204999ba0060c18022a07bf2b2aca637e60549c367,3221,62.0,39.0,physical_only,-6.192934883273564e-06,9.460091698726926e-08,-5.1106601154604915e-06,2.6490904736004204e-08,-1.0822747678130716e-06,6.811001225126505e-08
2,2,loading,1.0,79bd847ce8fd33c00d5f35204999ba0060c18022a07bf2b2aca637e60549c367,3222,63.0,39.0,interior,-0.0,-0.0,-0.0,-0.0,-0.0,-0.0
2,2,loading,1.0,79bd847ce8fd33c00d5f35204999ba0060c18022a07bf2b2aca637e60549c367,3223,64.0,39.0,interior,-0.0,-0.0,-0.0,-0.0,-0.0,-0.0
2,2,loading,1.0,79bd847ce8fd33c00d5f35204999ba0060c18022a07bf2b2aca637e60549c367,3224,65.0,39.0,interior,-0.0,-0.0,-0.0,-0.0,-0.0,-0.0
2,2,loading,1.0,79bd847ce8fd33c00d5f35204999ba0060c18022a07bf2b2aca637e60549c367,3225,66.0,39.0,interior,-0.0,-0.0,-0.0,-0.0,-0.0,-0.0
2,2,loading,1.0,79bd847ce8fd33c00d5f35204999ba0060c18022a07bf2b2aca637e60549c367,3226,67.0,39.0,interior,-0.0,-0.0,-0.0,-0.0,-0.0,-0.0
2,2,loading,1.0,79bd847ce8fd33c00d5f35204999ba0060c18022a07bf2b2aca637e60549c367,3227,68.0,39.0,interior,-0.0,-0.0,-0.0,-0.0,-0.0,-0.0
2,2,loading,1.0,79bd847ce8fd33c00d5f35204999ba0060c18022a07bf2b2aca637e60549c367,3228,69.0,39.0,interior,-0.0,-0.0,-0.0,-0.0,-0.0,-0.0
2,2,loading,1.0,79bd847ce8fd33c00d5f35204999ba0060c18022a07bf2b2aca637e60549c367,3229,70.0,39.0,interior,-0.0,-0.0,-0.0,-0.0,-0.0,-0.0
2,2,loading,1.0,79bd847ce8fd33c00d5f35204999ba0060c18022a07bf2b2aca637e60549c367,3230,71.0,39.0,interior,-0.0,-0.0,-0.0,-0.0,-0.0,-0.0
2,2,loading,1.0,79bd847ce8fd33c00d5f35204999ba0060c18022a07bf2b2aca637e60549c367,3231,72.0,39.0,interior,-0.0,-0.0,-0.0,-0.0,-0.0,-0.0
2,2,loading,1.0,79bd847ce8fd33c00d5f35204999ba0060c18022a07bf2b2aca637e60549c367,3232,73.0,39.0,interior,-0.0,-0.0,-0.0,-0.0,-0.0,-0.0
2,2,loading,1.0,79bd847ce8fd33c00d5f35204999ba0060c18022a07bf2b2aca637e60549c367,3233,74.0,39.0,interior,-0.0,-0.0,-0.0,-0.0,-0.0,-0.0
2,2,loading,1.0,79bd847ce8fd33c00d5f35204999ba0060c18022a07bf2b2aca637e60549c367,3234,75.0,39.0,interior,-0.0,-0.0,-0.0,-0.0,-0.0,-0.0
2,2,loading,1.0,79bd847ce8fd33c00d5f35204999ba0060c18022a07bf2b2aca637e60549c367,3235,76.0,39.0,interior,-0.0,-0.0,-0.0,-0.0,-0.0,-0.0
2,2,loading,1.0,79bd847ce8fd33c00d5f35204999ba0060c18022a07bf2b2aca637e60549c367,3236,77.0,39.0,interior,-0.0,-0.0,-0.0,-0.0,-0.0,-0.0
2,2,loading,1.0,79bd847ce8fd33c00d5f35204999ba0060c18022a07bf2b2aca637e60549c367,3237,78.0,39.0,physical_only,-1.021309124378259e-07,1.4570526649398832e-09,-9.602283809975389e-08,5.094281354581091e-08,-6.108074338072018e-09,-4.948576088087289e-08
2,2,loading,1.0,79bd847ce8fd33c00d5f35204999ba0060c18022a07bf2b2aca637e60549c367,3302,62.0,40.0,physical_and_cut,-3.1080461977124025e-06,-2.8231521483322914e-06,-2.5620414457938025e-06,-1.1789292652393527e-06,-5.460047519185997e-07,-1.6442228830929385e-06
2,2,loading,1.0,79bd847ce8fd33c00d5f35204999ba0060c18022a07bf2b2aca637e60549c367,3303,63.0,40.0,cut_only,-0.0,-0.0,-0.0,-0.0,-0.0,-0.0
2,2,loading,1.0,79bd847ce8fd33c00d5f35204999ba0060c18022a07bf2b2aca637e60549c367,3304,64.0,40.0,cut_only,-0.0,-0.0,-0.0,-0.0,-0.0,-0.0
2,2,loading,1.0,79bd847ce8fd33c00d5f35204999ba0060c18022a07bf2b2aca637e60549c367,3305,65.0,40.0,cut_only,-0.0,-0.0,-0.0,-0.0,-0.0,-0.0
2,2,loading,1.0,79bd847ce8fd33c00d5f35204999ba0060c18022a07bf2b2aca637e60549c367,3306,66.0,40.0,cut_only,-0.0,-0.0,-0.0,-0.0,-0.0,-0.0
2,2,loading,1.0,79bd847ce8fd33c00d5f35204999ba0060c18022a07bf2b2aca637e60549c367,3307,67.0,40.0,cut_only,-0.0,-0.0,-0.0,-0.0,-0.0,-0.0
2,2,loading,1.0,79bd847ce8fd33c00d5f35204999ba0060c18022a07bf2b2aca637e60549c367,3308,68.0,40.0,cut_only,-0.0,-0.0,-0.0,-0.0,-0.0,-0.0
2,2,loading,1.0,79bd847ce8fd33c00d5f35204999ba0060c18022a07bf2b2aca637e60549c367,3309,69.0,40.0,cut_only,-0.0,-0.0,-0.0,-0.0,-0.0,-0.0
2,2,loading,1.0,79bd847ce8fd33c00d5f35204999ba0060c18022a07bf2b2aca637e60549c367,3310,70.0,40.0,cut_only,-0.0,-0.0,-0.0,-0.0,-0.0,-0.0
2,2,loading,1.0,79bd847ce8fd33c00d5f35204999ba0060c18022a07bf2b2aca637e60549c367,3311,71.0,40.0,cut_only,-0.0,-0.0,-0.0,-0.0,-0.0,-0.0
2,2,loading,1.0,79bd847ce8fd33c00d5f35204999ba0060c18022a07bf2b2aca637e60549c367,3312,72.0,40.0,cut_only,-0.0,-0.0,-0.0,-0.0,-0.0,-0.0
2,2,loading,1.0,79bd847ce8fd33c00d5f35204999ba0060c18022a07bf2b2aca637e60549c367,3313,73.0,40.0,cut_only,-0.0,-0.0,-0.0,-0.0,-0.0,-0.0
2,2,loading,1.0,79bd847ce8fd33c00d5f35204999ba0060c18022a07bf2b2aca637e60549c367,3314,74.0,40.0,cut_only,-0.0,-0.0,-0.0,-0.0,-0.0,-0.0
2,2,loading,1.0,79bd847ce8fd33c00d5f35204999ba0060c18022a07bf2b2aca637e60549c367,3315,75.0,40.0,cut_only,-0.0,-0.0,-0.0,-0.0,-0.0,-0.0
2,2,loading,1.0,79bd847ce8fd33c00d5f35204999ba0060c18022a07bf2b2aca637e60549c367,3316,76.0,40.0,cut_only,-0.0,-0.0,-0.0,-0.0,-0.0,-0.0
2,2,loading,1.0,79bd847ce8fd33c00d5f35204999ba0060c18022a07bf2b2aca637e60549c367,3317,77.0,40.0,cut_only,-0.0,-0.0,-0.0,-0.0,-0.0,-0.0
2,2,loading,1.0,79bd847ce8fd33c00d5f35204999ba0060c18022a07bf2b2aca637e60549c367,3318,78.0,40.0,physical_and_cut,-5.0983090551363156e-08,-1.5653179111696467e-05,-4.797869976711105e-08,4.510426222188686e-08,-3.0043907842521066e-09,-1.5698283373918353e-05
3,3,loading,1.5,10cc3f7fd3406eef1caf910e80e4a74e22340cba112d7fd8abee4226e42eabd4,2654,62.0,32.0,physical_only,-0.00032133154243542725,-8.56656127385802e-05,-8.850684880644529e-06,6.9294203622795506e-06,-0.0003124808575547827,-9.259503310085974e-05
3,3,loading,1.5,10cc3f7fd3406eef1caf910e80e4a74e22340cba112d7fd8abee4226e42eabd4,2655,63.0,32.0,physical_only,-1.1506617836936554e-06,-3.958970077509437e-05,-3.9014572603435475e-06,6.987566356303255e-06,2.750795476649891e-06,-4.657726713139761e-05
3,3,loading,1.5,10cc3f7fd3406eef1caf910e80e4a74e22340cba112d7fd8abee4226e42eabd4,2656,64.0,32.0,physical_only,7.148470461835843e-07,-5.1157041260255085e-05,-3.966959804815302e-06,8.573676807596518e-06,4.681806850998887e-06,-5.9730718067851625e-05
3,3,loading,1.5,10cc3f7fd3406eef1caf910e80e4a74e22340cba112d7fd8abee4226e42eabd4,2657,65.0,32.0,physical_only,1.5502959918146955e-06,-6.698703031383555e-05,-4.044023903206139e-06,1.0405053873215621e-05,5.594319895020835e-06,-7.739208418705118e-05
3,3,loading,1.5,10cc3f7fd3406eef1caf910e80e4a74e22340cba112d7fd8abee4226e42eabd4,2658,66.0,32.0,physical_only,1.2505203934423883e-06,-8.528813949551577e-05,-4.132591554455166e-06,1.2535730948832072e-05,5.383111947897552e-06,-9.782387044434787e-05
3,3,loading,1.5,10cc3f7fd3406eef1caf910e80e4a74e22340cba112d7fd8abee4226e42eabd4,2659,67.0,32.0,physical_only,6.224208660641384e-07,-0.00010574102206931384,-4.230732398725801e-06,1.5026765362822212e-05,4.853153264789944e-06,-0.00012076778743213602
3,3,loading,1.5,10cc3f7fd3406eef1caf910e80e4a74e22340cba112d7fd8abee4226e42eabd4,2660,68.0,32.0,physical_only,1.151371502364966e-06,-0.0001302014487435531,-4.338479847684695e-06,1.795258210523636e-05,5.489851350049663e-06,-0.0001481540308487895
3,3,loading,1.5,10cc3f7fd3406eef1caf910e80e4a74e22340cba112d7fd8abee4226e42eabd4,2661,69.0,32.0,physical_only,1.5891193724336107e-06,-0.00016026294311197512,-4.457652509418012e-06,2.1411298309012775e-05,6.046771881851624e-06,-0.00018167424142098774
3,3,loading,1.5,10cc3f7fd3406eef1caf910e80e4a74e22340cba112d7fd8abee4226e42eabd4,2662,70.0,32.0,physical_only,1.9774693518316767e-06,-0.00019609560857982886,-4.591579075339208e-06,2.5536312857712807e-05,6.569048427170881e-06,-0.00022163192143754185
3,3,loading,1.5,10cc3f7fd3406eef1caf910e80e4a74e22340cba112d7fd8abee4226e42eabd4,2663,71.0,32.0,physical_only,2.2672885875706195e-06,-0.00023839970532247407,-4.7444311248506655e-06,3.0510664443617813e-05,7.011719712421283e-06,-0.0002689103697660919
3,3,loading,1.5,10cc3f7fd3406eef1caf910e80e4a74e22340cba112d7fd8abee4226e42eabd4,2664,72.0,32.0,physical_only,2.4398236083563552e-06,-0.00028784465238054996,-4.922075209745371e-06,3.6590764037599254e-05,7.36189881810172e-06,-0.0003244354164181492
3,3,loading,1.5,10cc3f7fd3406eef1caf910e80e4a74e22340cba112d7fd8abee4226e42eabd4,2665,73.0,32.0,physical_only,2.0634050387778374e-06,-0.000343650657733628,-5.132205215727199e-06,4.414281791711773e-05,7.195610254505039e-06,-0.0003877934756507458
3,3,loading,1.5,10cc3f7fd3406eef1caf910e80e4a74e22340cba112d7fd8abee4226e42eabd4,2666,74.0,32.0,physical_only,5.277062419112411e-06,-0.00040741569430352304,-5.387313230518147e-06,5.370858879083587e-05,1.0664375649630561e-05,-0.000461124283094359
3,3,loading,1.5,10cc3f7fd3406eef1caf910e80e4a74e22340cba112d7fd8abee4226e42eabd4,2667,75.0,32.0,physical_only,1.2546539010059823e-05,-0.000487098081587502,-5.709831726894635e-06,6.613751634763906e-05,1.825637073695445e-05,-0.0005532355979351411
3,3,loading,1.5,10cc3f7fd3406eef1caf910e80e4a74e22340cba112d7fd8abee4226e42eabd4,2668,76.0,32.0,physical_only,2.4331409945567247e-05,-0.0005954321705067792,-6.141640708950123e-06,8.286695927552927e-05,3.047305065451737e-05,-0.0006782991297823089
3,3,loading,1.5,10cc3f7fd3406eef1caf910e80e4a74e22340cba112d7fd8abee4226e42eabd4,2669,77.0,32.0,physical_only,3.185869642479463e-05,-0.0007129342991130804,-6.743111517114244e-06,0.00010644595216683305,3.8601807941908883e-05,-0.0008193802512799133
3,3,loading,1.5,10cc3f7fd3406eef1caf910e80e4a74e22340cba112d7fd8abee4226e42eabd4,2670,78.0,32.0,physical_only,-0.00019292126519420316,0.004999700263168864,-1.5854171657717264e-05,0.00015481758400288673,-0.00017706709353648592,0.004844882679165977
3,3,loading,1.5,10cc3f7fd3406eef1caf910e80e4a74e22340cba112d7fd8abee4226e42eabd4,2735,62.0,33.0,physical_only,-9.196459288411581e-06,-1.0638031407508196e-07,-5.752674565905354e-06,1.885625319237209e-07,-3.4437847225062278e-06,-2.949428459988029e-07
3,3,loading,1.5,10cc3f7fd3406eef1caf910e80e4a74e22340cba112d7fd8abee4226e42eabd4,2736,63.0,33.0,interior,-0.0,-0.0,-0.0,-0.0,-0.0,-0.0
3,3,loading,1.5,10cc3f7fd3406eef1caf910e80e4a74e22340cba112d7fd8abee4226e42eabd4,2737,64.0,33.0,interior,-0.0,-0.0,-0.0,-0.0,-0.0,-0.0
3,3,loading,1.5,10cc3f7fd3406eef1caf910e80e4a74e22340cba112d7fd8abee4226e42eabd4,2738,65.0,33.0,interior,-0.0,-0.0,-0.0,-0.0,-0.0,-0.0
3,3,loading,1.5,10cc3f7fd3406eef1caf910e80e4a74e22340cba112d7fd8abee4226e42eabd4,2739,66.0,33.0,interior,-0.0,-0.0,-0.0,-0.0,-0.0,-0.0
3,3,loading,1.5,10cc3f7fd3406eef1caf910e80e4a74e22340cba112d7fd8abee4226e42eabd4,2740,67.0,33.0,interior,-0.0,-0.0,-0.0,-0.0,-0.0,-0.0
3,3,loading,1.5,10cc3f7fd3406eef1caf910e80e4a74e22340cba112d7fd8abee4226e42eabd4,2741,68.0,33.0,interior,-0.0,-0.0,-0.0,-0.0,-0.0,-0.0
3,3,loading,1.5,10cc3f7fd3406eef1caf910e80e4a74e22340cba112d7fd8abee4226e42eabd4,2742,69.0,33.0,interior,-0.0,-0.0,-0.0,-0.0,-0.0,-0.0
3,3,loading,1.5,10cc3f7fd3406eef1caf910e80e4a74e22340cba112d7fd8abee4226e42eabd4,2743,70.0,33.0,interior,-0.0,-0.0,-0.0,-0.0,-0.0,-0.0
3,3,loading,1.5,10cc3f7fd3406eef1caf910e80e4a74e22340cba112d7fd8abee4226e42eabd4,2744,71.0,33.0,interior,-0.0,-0.0,-0.0,-0.0,-0.0,-0.0
3,3,loading,1.5,10cc3f7fd3406eef1caf910e80e4a74e22340cba112d7fd8abee4226e42eabd4,2745,72.0,33.0,interior,-0.0,-0.0,-0.0,-0.0,-0.0,-0.0
3,3,loading,1.5,10cc3f7fd3406eef1caf910e80e4a74e22340cba112d7fd8abee4226e42eabd4,2746,73.0,33.0,interior,-0.0,-0.0,-0.0,-0.0,-0.0,-0.0
3,3,loading,1.5,10cc3f7fd3406eef1caf910e80e4a74e22340cba112d7fd8abee4226e42eabd4,2747,74.0,33.0,interior,-0.0,-0.0,-0.0,-0.0,-0.0,-0.0
3,3,loading,1.5,10cc3f7fd3406eef1caf910e80e4a74e22340cba112d7fd8abee4226e42eabd4,2748,75.0,33.0,interior,-0.0,-0.0,-0.0,-0.0,-0.0,-0.0
3,3,loading,1.5,10cc3f7fd3406eef1caf910e80e4a74e22340cba112d7fd8abee4226e42eabd4,2749,76.0,33.0,interior,-0.0,-0.0,-0.0,-0.0,-0.0,-0.0
3,3,loading,1.5,10cc3f7fd3406eef1caf910e80e4a74e22340cba112d7fd8abee4226e42eabd4,2750,77.0,33.0,interior,-0.0,-0.0,-0.0,-0.0,-0.0,-0.0
3,3,loading,1.5,10cc3f7fd3406eef1caf910e80e4a74e22340cba112d7fd8abee4226e42eabd4,2751,78.0,33.0,physical_only,-1.6914182671468728e-07,1.748003132702198e-08,-1.8708885751449536e-07,5.520251225573397e-07,1.7947030799808066e-08,-5.345450912303166e-07
3,3,loading,1.5,10cc3f7fd3406eef1caf910e80e4a74e22340cba112d7fd8abee4226e42eabd4,2816,62.0,34.0,physical_only,-8.70766128482312e-06,1.1980792616165185e-07,-6.1173938052367e-06,1.634880501100305e-07,-2.590267479586422e-06,-4.368012394837861e-08
3,3,loading,1.5,10cc3f7fd3406eef1caf910e80e4a74e22340cba112d7fd8abee4226e42eabd4,2817,63.0,34.0,interior,-0.0,-0.0,-0.0,-0.0,-0.0,-0.0
3,3,loading,1.5,10cc3f7fd3406eef1caf910e80e4a74e22340cba112d7fd8abee4226e42eabd4,2818,64.0,34.0,interior,-0.0,-0.0,-0.0,-0.0,-0.0,-0.0
3,3,loading,1.5,10cc3f7fd3406eef1caf910e80e4a74e22340cba112d7fd8abee4226e42eabd4,2819,65.0,34.0,interior,-0.0,-0.0,-0.0,-0.0,-0.0,-0.0
3,3,loading,1.5,10cc3f7fd3406eef1caf910e80e4a74e22340cba112d7fd8abee4226e42eabd4,2820,66.0,34.0,interior,-0.0,-0.0,-0.0,-0.0,-0.0,-0.0
3,3,loading,1.5,10cc3f7fd3406eef1caf910e80e4a74e22340cba112d7fd8abee4226e42eabd4,2821,67.0,34.0,interior,-0.0,-0.0,-0.0,-0.0,-0.0,-0.0
3,3,loading,1.5,10cc3f7fd3406eef1caf910e80e4a74e22340cba112d7fd8abee4226e42eabd4,2822,68.0,34.0,interior,-0.0,-0.0,-0.0,-0.0,-0.0,-0.0
3,3,loading,1.5,10cc3f7fd3406eef1caf910e80e4a74e22340cba112d7fd8abee4226e42eabd4,2823,69.0,34.0,interior,-0.0,-0.0,-0.0,-0.0,-0.0,-0.0
3,3,loading,1.5,10cc3f7fd3406eef1caf910e80e4a74e22340cba112d7fd8abee4226e42eabd4,2824,70.0,34.0,interior,-0.0,-0.0,-0.0,-0.0,-0.0,-0.0
3,3,loading,1.5,10cc3f7fd3406eef1caf910e80e4a74e22340cba112d7fd8abee4226e42eabd4,2825,71.0,34.0,interior,-0.0,-0.0,-0.0,-0.0,-0.0,-0.0
3,3,loading,1.5,10cc3f7fd3406eef1caf910e80e4a74e22340cba112d7fd8abee4226e42eabd4,2826,72.0,34.0,interior,-0.0,-0.0,-0.0,-0.0,-0.0,-0.0
3,3,loading,1.5,10cc3f7fd3406eef1caf910e80e4a74e22340cba112d7fd8abee4226e42eabd4,2827,73.0,34.0,interior,-0.0,-0.0,-0.0,-0.0,-0.0,-0.0
3,3,loading,1.5,10cc3f7fd3406eef1caf910e80e4a74e22340cba112d7fd8abee4226e42eabd4,2828,74.0,34.0,interior,-0.0,-0.0,-0.0,-0.0,-0.0,-0.0
3,3,loading,1.5,10cc3f7fd3406eef1caf910e80e4a74e22340cba112d7fd8abee4226e42eabd4,2829,75.0,34.0,interior,-0.0,-0.0,-0.0,-0.0,-0.0,-0.0
3,3,loading,1.5,10cc3f7fd3406eef1caf910e80e4a74e22340cba112d7fd8abee4226e42eabd4,2830,76.0,34.0,interior,-0.0,-0.0,-0.0,-0.0,-0.0,-0.0
3,3,loading,1.5,10cc3f7fd3406eef1caf910e80e4a74e22340cba112d7fd8abee4226e42eabd4,2831,77.0,34.0,interior,-0.0,-0.0,-0.0,-0.0,-0.0,-0.0
3,3,loading,1.5,10cc3f7fd3406eef1caf910e80e4a74e22340cba112d7fd8abee4226e42eabd4,2832,78.0,34.0,physical_only,-1.6577423420481745e-07,1.4830227818934228e-08,-1.83808131186293e-07,4.701561496610991e-07,1.8033896981475586e-08,-4.553259218421659e-07
3,3,loading,1.5,10cc3f7fd3406eef1caf910e80e4a74e22340cba112d7fd8abee4226e42eabd4,2897,62.0,35.0,physical_only,-8.51568274515449e-06,2.7653057990836966e-07,-6.421656742928107e-06,1.4171261354785304e-07,-2.094026002226383e-06,1.348179663605167e-07
3,3,loading,1.5,10cc3f7fd3406eef1caf910e80e4a74e22340cba112d7fd8abee4226e42eabd4,2898,63.0,35.0,interior,-0.0,-0.0,-0.0,-0.0,-0.0,-0.0
3,3,loading,1.5,10cc3f7fd3406eef1caf910e80e4a74e22340cba112d7fd8abee4226e42eabd4,2899,64.0,35.0,interior,-0.0,-0.0,-0.0,-0.0,-0.0,-0.0
3,3,loading,1.5,10cc3f7fd3406eef1caf910e80e4a74e22340cba112d7fd8abee4226e42eabd4,2900,65.0,35.0,interior,-0.0,-0.0,-0.0,-0.0,-0.0,-0.0
3,3,loading,1.5,10cc3f7fd3406eef1caf910e80e4a74e22340cba112d7fd8abee4226e42eabd4,2901,66.0,35.0,interior,-0.0,-0.0,-0.0,-0.0,-0.0,-0.0
3,3,loading,1.5,10cc3f7fd3406eef1caf910e80e4a74e22340cba112d7fd8abee4226e42eabd4,2902,67.0,35.0,interior,-0.0,-0.0,-0.0,-0.0,-0.0,-0.0
3,3,loading,1.5,10cc3f7fd3406eef1caf910e80e4a74e22340cba112d7fd8abee4226e42eabd4,2903,68.0,35.0,interior,-0.0,-0.0,-0.0,-0.0,-0.0,-0.0
3,3,loading,1.5,10cc3f7fd3406eef1caf910e80e4a74e22340cba112d7fd8abee4226e42eabd4,2904,69.0,35.0,interior,-0.0,-0.0,-0.0,-0.0,-0.0,-0.0
3,3,loading,1.5,10cc3f7fd3406eef1caf910e80e4a74e22340cba112d7fd8abee4226e42eabd4,2905,70.0,35.0,interior,-0.0,-0.0,-0.0,-0.0,-0.0,-0.0
3,3,loading,1.5,10cc3f7fd3406eef1caf910e80e4a74e22340cba112d7fd8abee4226e42eabd4,2906,71.0,35.0,interior,-0.0,-0.0,-0.0,-0.0,-0.0,-0.0
3,3,loading,1.5,10cc3f7fd3406eef1caf910e80e4a74e22340cba112d7fd8abee4226e42eabd4,2907,72.0,35.0,interior,-0.0,-0.0,-0.0,-0.0,-0.0,-0.0
3,3,loading,1.5,10cc3f7fd3406eef1caf910e80e4a74e22340cba112d7fd8abee4226e42eabd4,2908,73.0,35.0,interior,-0.0,-0.0,-0.0,-0.0,-0.0,-0.0
3,3,loading,1.5,10cc3f7fd3406eef1caf910e80e4a74e22340cba112d7fd8abee4226e42eabd4,2909,74.0,35.0,interior,-0.0,-0.0,-0.0,-0.0,-0.0,-0.0
3,3,loading,1.5,10cc3f7fd3406eef1caf910e80e4a74e22340cba112d7fd8abee4226e42eabd4,2910,75.0,35.0,interior,-0.0,-0.0,-0.0,-0.0,-0.0,-0.0
3,3,loading,1.5,10cc3f7fd3406eef1caf910e80e4a74e22340cba112d7fd8abee4226e42eabd4,2911,76.0,35.0,interior,-0.0,-0.0,-0.0,-0.0,-0.0,-0.0
3,3,loading,1.5,10cc3f7fd3406eef1caf910e80e4a74e22340cba112d7fd8abee4226e42eabd4,2912,77.0,35.0,interior,-0.0,-0.0,-0.0,-0.0,-0.0,-0.0
3,3,loading,1.5,10cc3f7fd3406eef1caf910e80e4a74e22340cba112d7fd8abee4226e42eabd4,2913,78.0,35.0,physical_only,-1.6294320804422136e-07,1.225116332229334e-08,-1.8103850633427636e-07,3.896813162711897e-07,1.8095298290055024e-08,-3.774301529488913e-07
3,3,loading,1.5,10cc3f7fd3406eef1caf910e80e4a74e22340cba112d7fd8abee4226e42eabd4,2978,62.0,36.0,physical_only,-8.489923274691598e-06,3.2833198163836e-07,-6.670424705823136e-06,1.1948823069580427e-07,-1.8194985688684612e-06,2.0884375094255559e-07
3,3,loading,1.5,10cc3f7fd3406eef1caf910e80e4a74e22340cba112d7fd8abee4226e42eabd4,2979,63.0,36.0,interior,-0.0,-0.0,-0.0,-0.0,-0.0,-0.0
3,3,loading,1.5,10cc3f7fd3406eef1caf910e80e4a74e22340cba112d7fd8abee4226e42eabd4,2980,64.0,36.0,interior,-0.0,-0.0,-0.0,-0.0,-0.0,-0.0
3,3,loading,1.5,10cc3f7fd3406eef1caf910e80e4a74e22340cba112d7fd8abee4226e42eabd4,2981,65.0,36.0,interior,-0.0,-0.0,-0.0,-0.0,-0.0,-0.0
3,3,loading,1.5,10cc3f7fd3406eef1caf910e80e4a74e22340cba112d7fd8abee4226e42eabd4,2982,66.0,36.0,interior,-0.0,-0.0,-0.0,-0.0,-0.0,-0.0
3,3,loading,1.5,10cc3f7fd3406eef1caf910e80e4a74e22340cba112d7fd8abee4226e42eabd4,2983,67.0,36.0,interior,-0.0,-0.0,-0.0,-0.0,-0.0,-0.0
3,3,loading,1.5,10cc3f7fd3406eef1caf910e80e4a74e22340cba112d7fd8abee4226e42eabd4,2984,68.0,36.0,interior,-0.0,-0.0,-0.0,-0.0,-0.0,-0.0
3,3,loading,1.5,10cc3f7fd3406eef1caf910e80e4a74e22340cba112d7fd8abee4226e42eabd4,2985,69.0,36.0,interior,-0.0,-0.0,-0.0,-0.0,-0.0,-0.0
3,3,loading,1.5,10cc3f7fd3406eef1caf910e80e4a74e22340cba112d7fd8abee4226e42eabd4,2986,70.0,36.0,interior,-0.0,-0.0,-0.0,-0.0,-0.0,-0.0
3,3,loading,1.5,10cc3f7fd3406eef1caf910e80e4a74e22340cba112d7fd8abee4226e42eabd4,2987,71.0,36.0,interior,-0.0,-0.0,-0.0,-0.0,-0.0,-0.0
3,3,loading,1.5,10cc3f7fd3406eef1caf910e80e4a74e22340cba112d7fd8abee4226e42eabd4,2988,72.0,36.0,interior,-0.0,-0.0,-0.0,-0.0,-0.0,-0.0
3,3,loading,1.5,10cc3f7fd3406eef1caf910e80e4a74e22340cba112d7fd8abee4226e42eabd4,2989,73.0,36.0,interior,-0.0,-0.0,-0.0,-0.0,-0.0,-0.0
3,3,loading,1.5,10cc3f7fd3406eef1caf910e80e4a74e22340cba112d7fd8abee4226e42eabd4,2990,74.0,36.0,interior,-0.0,-0.0,-0.0,-0.0,-0.0,-0.0
3,3,loading,1.5,10cc3f7fd3406eef1caf910e80e4a74e22340cba112d7fd8abee4226e42eabd4,2991,75.0,36.0,interior,-0.0,-0.0,-0.0,-0.0,-0.0,-0.0
3,3,loading,1.5,10cc3f7fd3406eef1caf910e80e4a74e22340cba112d7fd8abee4226e42eabd4,2992,76.0,36.0,interior,-0.0,-0.0,-0.0,-0.0,-0.0,-0.0
3,3,loading,1.5,10cc3f7fd3406eef1caf910e80e4a74e22340cba112d7fd8abee4226e42eabd4,2993,77.0,36.0,interior,-0.0,-0.0,-0.0,-0.0,-0.0,-0.0
3,3,loading,1.5,10cc3f7fd3406eef1caf910e80e4a74e22340cba112d7fd8abee4226e42eabd4,2994,78.0,36.0,physical_only,-1.6063947120240167e-07,9.730817956870642e-09,-1.7877689355909097e-07,3.1036349803985837e-07,1.8137422356689327e-08,-3.0063268008298985e-07
3,3,loading,1.5,10cc3f7fd3406eef1caf910e80e4a74e22340cba112d7fd8abee4226e42eabd4,3059,62.0,37.0,physical_only,-8.525640365666388e-06,2.97648476007276e-07,-6.86519394916768e-06,9.434347499531754e-08,-1.660446416498708e-06,2.0330500101195842e-07
3,3,loading,1.5,10cc3f7fd3406eef1caf910e80e4a74e22340cba112d7fd8abee4226e42eabd4,3060,63.0,37.0,interior,-0.0,-0.0,-0.0,-0.0,-0.0,-0.0
3,3,loading,1.5,10cc3f7fd3406eef1caf910e80e4a74e22340cba112d7fd8abee4226e42eabd4,3061,64.0,37.0,interior,-0.0,-0.0,-0.0,-0.0,-0.0,-0.0
3,3,loading,1.5,10cc3f7fd3406eef1caf910e80e4a74e22340cba112d7fd8abee4226e42eabd4,3062,65.0,37.0,interior,-0.0,-0.0,-0.0,-0.0,-0.0,-0.0
3,3,loading,1.5,10cc3f7fd3406eef1caf910e80e4a74e22340cba112d7fd8abee4226e42eabd4,3063,66.0,37.0,interior,-0.0,-0.0,-0.0,-0.0,-0.0,-0.0
3,3,loading,1.5,10cc3f7fd3406eef1caf910e80e4a74e22340cba112d7fd8abee4226e42eabd4,3064,67.0,37.0,interior,-0.0,-0.0,-0.0,-0.0,-0.0,-0.0
3,3,loading,1.5,10cc3f7fd3406eef1caf910e80e4a74e22340cba112d7fd8abee4226e42eabd4,3065,68.0,37.0,interior,-0.0,-0.0,-0.0,-0.0,-0.0,-0.0
3,3,loading,1.5,10cc3f7fd3406eef1caf910e80e4a74e22340cba112d7fd8abee4226e42eabd4,3066,69.0,37.0,interior,-0.0,-0.0,-0.0,-0.0,-0.0,-0.0
3,3,loading,1.5,10cc3f7fd3406eef1caf910e80e4a74e22340cba112d7fd8abee4226e42eabd4,3067,70.0,37.0,interior,-0.0,-0.0,-0.0,-0.0,-0.0,-0.0
3,3,loading,1.5,10cc3f7fd3406eef1caf910e80e4a74e22340cba112d7fd8abee4226e42eabd4,3068,71.0,37.0,interior,-0.0,-0.0,-0.0,-0.0,-0.0,-0.0
3,3,loading,1.5,10cc3f7fd3406eef1caf910e80e4a74e22340cba112d7fd8abee4226e42eabd4,3069,72.0,37.0,interior,-0.0,-0.0,-0.0,-0.0,-0.0,-0.0
3,3,loading,1.5,10cc3f7fd3406eef1caf910e80e4a74e22340cba112d7fd8abee4226e42eabd4,3070,73.0,37.0,interior,-0.0,-0.0,-0.0,-0.0,-0.0,-0.0
3,3,loading,1.5,10cc3f7fd3406eef1caf910e80e4a74e22340cba112d7fd8abee4226e42eabd4,3071,74.0,37.0,interior,-0.0,-0.0,-0.0,-0.0,-0.0,-0.0
3,3,loading,1.5,10cc3f7fd3406eef1caf910e80e4a74e22340cba112d7fd8abee4226e42eabd4,3072,75.0,37.0,interior,-0.0,-0.0,-0.0,-0.0,-0.0,-0.0
3,3,loading,1.5,10cc3f7fd3406eef1caf910e80e4a74e22340cba112d7fd8abee4226e42eabd4,3073,76.0,37.0,interior,-0.0,-0.0,-0.0,-0.0,-0.0,-0.0
3,3,loading,1.5,10cc3f7fd3406eef1caf910e80e4a74e22340cba112d7fd8abee4226e42eabd4,3074,77.0,37.0,interior,-0.0,-0.0,-0.0,-0.0,-0.0,-0.0
3,3,loading,1.5,10cc3f7fd3406eef1caf910e80e4a74e22340cba112d7fd8abee4226e42eabd4,3075,78.0,37.0,physical_only,-1.5885546899469054e-07,7.25729066914903e-09,-1.7702067576880704e-07,2.319681720562277e-07,1.8165206774116517e-08,-2.2471088138707767e-07
3,3,loading,1.5,10cc3f7fd3406eef1caf910e80e4a74e22340cba112d7fd8abee4226e42eabd4,3140,62.0,38.0,physical_only,-8.568177430191324e-06,2.1604240617875785e-07,-7.005492135018569e-06,6.552989973970814e-08,-1.5626852951727579e-06,1.5051250643904928e-07
3,3,loading,1.5,10cc3f7fd3406eef1caf910e80e4a74e22340cba112d7fd8abee4226e42eabd4,3141,63.0,38.0,interior,-0.0,-0.0,-0.0,-0.0,-0.0,-0.0
3,3,loading,1.5,10cc3f7fd3406eef1caf910e80e4a74e22340cba112d7fd8abee4226e42eabd4,3142,64.0,38.0,interior,-0.0,-0.0,-0.0,-0.0,-0.0,-0.0
3,3,loading,1.5,10cc3f7fd3406eef1caf910e80e4a74e22340cba112d7fd8abee4226e42eabd4,3143,65.0,38.0,interior,-0.0,-0.0,-0.0,-0.0,-0.0,-0.0
3,3,loading,1.5,10cc3f7fd3406eef1caf910e80e4a74e22340cba112d7fd8abee4226e42eabd4,3144,66.0,38.0,interior,-0.0,-0.0,-0.0,-0.0,-0.0,-0.0
3,3,loading,1.5,10cc3f7fd3406eef1caf910e80e4a74e22340cba112d7fd8abee4226e42eabd4,3145,67.0,38.0,interior,-0.0,-0.0,-0.0,-0.0,-0.0,-0.0
3,3,loading,1.5,10cc3f7fd3406eef1caf910e80e4a74e22340cba112d7fd8abee4226e42eabd4,3146,68.0,38.0,interior,-0.0,-0.0,-0.0,-0.0,-0.0,-0.0
3,3,loading,1.5,10cc3f7fd3406eef1caf910e80e4a74e22340cba112d7fd8abee4226e42eabd4,3147,69.0,38.0,interior,-0.0,-0.0,-0.0,-0.0,-0.0,-0.0
3,3,loading,1.5,10cc3f7fd3406eef1caf910e80e4a74e22340cba112d7fd8abee4226e42eabd4,3148,70.0,38.0,interior,-0.0,-0.0,-0.0,-0.0,-0.0,-0.0
3,3,loading,1.5,10cc3f7fd3406eef1caf910e80e4a74e22340cba112d7fd8abee4226e42eabd4,3149,71.0,38.0,interior,-0.0,-0.0,-0.0,-0.0,-0.0,-0.0
3,3,loading,1.5,10cc3f7fd3406eef1caf910e80e4a74e22340cba112d7fd8abee4226e42eabd4,3150,72.0,38.0,interior,-0.0,-0.0,-0.0,-0.0,-0.0,-0.0
3,3,loading,1.5,10cc3f7fd3406eef1caf910e80e4a74e22340cba112d7fd8abee4226e42eabd4,3151,73.0,38.0,interior,-0.0,-0.0,-0.0,-0.0,-0.0,-0.0
3,3,loading,1.5,10cc3f7fd3406eef1caf910e80e4a74e22340cba112d7fd8abee4226e42eabd4,3152,74.0,38.0,interior,-0.0,-0.0,-0.0,-0.0,-0.0,-0.0
3,3,loading,1.5,10cc3f7fd3406eef1caf910e80e4a74e22340cba112d7fd8abee4226e42eabd4,3153,75.0,38.0,interior,-0.0,-0.0,-0.0,-0.0,-0.0,-0.0
3,3,loading,1.5,10cc3f7fd3406eef1caf910e80e4a74e22340cba112d7fd8abee4226e42eabd4,3154,76.0,38.0,interior,-0.0,-0.0,-0.0,-0.0,-0.0,-0.0
3,3,loading,1.5,10cc3f7fd3406eef1caf910e80e4a74e22340cba112d7fd8abee4226e42eabd4,3155,77.0,38.0,interior,-0.0,-0.0,-0.0,-0.0,-0.0,-0.0
3,3,loading,1.5,10cc3f7fd3406eef1caf910e80e4a74e22340cba112d7fd8abee4226e42eabd4,3156,78.0,38.0,physical_only,-1.575853480460842e-07,4.8187821406312805e-09,-1.7576776254120662e-07,1.5426289569969313e-07,1.8182414495122465e-08,-1.494441135590638e-07
3,3,loading,1.5,10cc3f7fd3406eef1caf910e80e4a74e22340cba112d7fd8abee4226e42eabd4,3221,62.0,39.0,physical_only,-8.595514202007017e-06,1.1146083914170866e-07,-7.090251613872378e-06,3.362278295612702e-08,-1.505262588134638e-06,7.783805618558132e-08
3,3,loading,1.5,10cc3f7fd3406eef1caf910e80e4a74e22340cba112d7fd8abee4226e42eabd4,3222,63.0,39.0,interior,-0.0,-0.0,-0.0,-0.0,-0.0,-0.0
3,3,loading,1.5,10cc3f7fd3406eef1caf910e80e4a74e22340cba112d7fd8abee4226e42eabd4,3223,64.0,39.0,interior,-0.0,-0.0,-0.0,-0.0,-0.0,-0.0
3,3,loading,1.5,10cc3f7fd3406eef1caf910e80e4a74e22340cba112d7fd8abee4226e42eabd4,3224,65.0,39.0,interior,-0.0,-0.0,-0.0,-0.0,-0.0,-0.0
3,3,loading,1.5,10cc3f7fd3406eef1caf910e80e4a74e22340cba112d7fd8abee4226e42eabd4,3225,66.0,39.0,interior,-0.0,-0.0,-0.0,-0.0,-0.0,-0.0
3,3,loading,1.5,10cc3f7fd3406eef1caf910e80e4a74e22340cba112d7fd8abee4226e42eabd4,3226,67.0,39.0,interior,-0.0,-0.0,-0.0,-0.0,-0.0,-0.0
3,3,loading,1.5,10cc3f7fd3406eef1caf910e80e4a74e22340cba112d7fd8abee4226e42eabd4,3227,68.0,39.0,interior,-0.0,-0.0,-0.0,-0.0,-0.0,-0.0
3,3,loading,1.5,10cc3f7fd3406eef1caf910e80e4a74e22340cba112d7fd8abee4226e42eabd4,3228,69.0,39.0,interior,-0.0,-0.0,-0.0,-0.0,-0.0,-0.0
3,3,loading,1.5,10cc3f7fd3406eef1caf910e80e4a74e22340cba112d7fd8abee4226e42eabd4,3229,70.0,39.0,interior,-0.0,-0.0,-0.0,-0.0,-0.0,-0.0
3,3,loading,1.5,10cc3f7fd3406eef1caf910e80e4a74e22340cba112d7fd8abee4226e42eabd4,3230,71.0,39.0,interior,-0.0,-0.0,-0.0,-0.0,-0.0,-0.0
3,3,loading,1.5,10cc3f7fd3406eef1caf910e80e4a74e22340cba112d7fd8abee4226e42eabd4,3231,72.0,39.0,interior,-0.0,-0.0,-0.0,-0.0,-0.0,-0.0
3,3,loading,1.5,10cc3f7fd3406eef1caf910e80e4a74e22340cba112d7fd8abee4226e42eabd4,3232,73.0,39.0,interior,-0.0,-0.0,-0.0,-0.0,-0.0,-0.0
3,3,loading,1.5,10cc3f7fd3406eef1caf910e80e4a74e22340cba112d7fd8abee4226e42eabd4,3233,74.0,39.0,interior,-0.0,-0.0,-0.0,-0.0,-0.0,-0.0
3,3,loading,1.5,10cc3f7fd3406eef1caf910e80e4a74e22340cba112d7fd8abee4226e42eabd4,3234,75.0,39.0,interior,-0.0,-0.0,-0.0,-0.0,-0.0,-0.0
3,3,loading,1.5,10cc3f7fd3406eef1caf910e80e4a74e22340cba112d7fd8abee4226e42eabd4,3235,76.0,39.0,interior,-0.0,-0.0,-0.0,-0.0,-0.0,-0.0
3,3,loading,1.5,10cc3f7fd3406eef1caf910e80e4a74e22340cba112d7fd8abee4226e42eabd4,3236,77.0,39.0,interior,-0.0,-0.0,-0.0,-0.0,-0.0,-0.0
3,3,loading,1.5,10cc3f7fd3406eef1caf910e80e4a74e22340cba112d7fd8abee4226e42eabd4,3237,78.0,39.0,physical_only,-1.568249395578686e-07,2.4035732143479465e-09,-1.7501663160378017e-07,7.701678609823271e-08,1.8191692045911567e-08,-7.461321288388582e-08
3,3,loading,1.5,10cc3f7fd3406eef1caf910e80e4a74e22340cba112d7fd8abee4226e42eabd4,3302,62.0,40.0,physical_and_cut,-4.302179450611412e-06,-2.4530550979997745e-06,-3.5593047202362702e-06,-1.6884929694380999e-06,-7.428747303751416e-07,-7.645621285616746e-07
3,3,loading,1.5,10cc3f7fd3406eef1caf910e80e4a74e22340cba112d7fd8abee4226e42eabd4,3303,63.0,40.0,cut_only,-0.0,-0.0,-0.0,-0.0,-0.0,-0.0
3,3,loading,1.5,10cc3f7fd3406eef1caf910e80e4a74e22340cba112d7fd8abee4226e42eabd4,3304,64.0,40.0,cut_only,-0.0,-0.0,-0.0,-0.0,-0.0,-0.0
3,3,loading,1.5,10cc3f7fd3406eef1caf910e80e4a74e22340cba112d7fd8abee4226e42eabd4,3305,65.0,40.0,cut_only,-0.0,-0.0,-0.0,-0.0,-0.0,-0.0
3,3,loading,1.5,10cc3f7fd3406eef1caf910e80e4a74e22340cba112d7fd8abee4226e42eabd4,3306,66.0,40.0,cut_only,-0.0,-0.0,-0.0,-0.0,-0.0,-0.0
3,3,loading,1.5,10cc3f7fd3406eef1caf910e80e4a74e22340cba112d7fd8abee4226e42eabd4,3307,67.0,40.0,cut_only,-0.0,-0.0,-0.0,-0.0,-0.0,-0.0
3,3,loading,1.5,10cc3f7fd3406eef1caf910e80e4a74e22340cba112d7fd8abee4226e42eabd4,3308,68.0,40.0,cut_only,-0.0,-0.0,-0.0,-0.0,-0.0,-0.0
3,3,loading,1.5,10cc3f7fd3406eef1caf910e80e4a74e22340cba112d7fd8abee4226e42eabd4,3309,69.0,40.0,cut_only,-0.0,-0.0,-0.0,-0.0,-0.0,-0.0
3,3,loading,1.5,10cc3f7fd3406eef1caf910e80e4a74e22340cba112d7fd8abee4226e42eabd4,3310,70.0,40.0,cut_only,-0.0,-0.0,-0.0,-0.0,-0.0,-0.0
3,3,loading,1.5,10cc3f7fd3406eef1caf910e80e4a74e22340cba112d7fd8abee4226e42eabd4,3311,71.0,40.0,cut_only,-0.0,-0.0,-0.0,-0.0,-0.0,-0.0
3,3,loading,1.5,10cc3f7fd3406eef1caf910e80e4a74e22340cba112d7fd8abee4226e42eabd4,3312,72.0,40.0,cut_only,-0.0,-0.0,-0.0,-0.0,-0.0,-0.0
3,3,loading,1.5,10cc3f7fd3406eef1caf910e80e4a74e22340cba112d7fd8abee4226e42eabd4,3313,73.0,40.0,cut_only,-0.0,-0.0,-0.0,-0.0,-0.0,-0.0
3,3,loading,1.5,10cc3f7fd3406eef1caf910e80e4a74e22340cba112d7fd8abee4226e42eabd4,3314,74.0,40.0,cut_only,-0.0,-0.0,-0.0,-0.0,-0.0,-0.0
3,3,loading,1.5,10cc3f7fd3406eef1caf910e80e4a74e22340cba112d7fd8abee4226e42eabd4,3315,75.0,40.0,cut_only,-0.0,-0.0,-0.0,-0.0,-0.0,-0.0
3,3,loading,1.5,10cc3f7fd3406eef1caf910e80e4a74e22340cba112d7fd8abee4226e42eabd4,3316,76.0,40.0,cut_only,-0.0,-0.0,-0.0,-0.0,-0.0,-0.0
3,3,loading,1.5,10cc3f7fd3406eef1caf910e80e4a74e22340cba112d7fd8abee4226e42eabd4,3317,77.0,40.0,cut_only,-0.0,-0.0,-0.0,-0.0,-0.0,-0.0
3,3,loading,1.5,10cc3f7fd3406eef1caf910e80e4a74e22340cba112d7fd8abee4226e42eabd4,3318,78.0,40.0,physical_and_cut,-7.828587358097506e-08,-2.403050226024e-05,-8.73831790166225e-08,7.451094307357143e-08,9.097305435647445e-09,-2.410501320331357e-05
4,4,loading,1.75,dfc83d4510b22ca97a914b72fb593c140d1e542255cf2054836705b555bf2558,2654,62.0,32.0,physical_only,-0.0003501579891116555,-0.00010919276938520349,-1.0006174551283264e-05,6.16760680542624e-06,-0.00034015181456037224,-0.00011536037619062972
4,4,loading,1.75,dfc83d4510b22ca97a914b72fb593c140d1e542255cf2054836705b555bf2558,2655,63.0,32.0,physical_only,1.1327852695505479e-07,-6.643009935881848e-05,-5.1756583502270296e-06,5.862800273584138e-06,5.288936877182084e-06,-7.229289963240265e-05
4,4,loading,1.75,dfc83d4510b22ca97a914b72fb593c140d1e542255cf2054836705b555bf2558,2656,64.0,32.0,physical_only,2.694624172438252e-06,-8.57323301024542e-05,-5.289406562594048e-06,7.690434688056227e-06,7.984030735032299e-06,-9.342276479051045e-05
4,4,loading,1.75,dfc83d4510b22ca97a914b72fb593c140d1e542255cf2054836705b555bf2558,2657,65.0,32.0,physical_only,4.3133045531810336e-06,-0.00011492202267037821,-5.41762234073497e-06,9.940099658291378e-06,9.730926893916004e-06,-0.00012486212232866954
4,4,loading,1.75,dfc83d4510b22ca97a914b72fb593c140d1e542255cf2054836705b555bf2558,2658,66.0,32.0,physical_only,4.541462972779803e-06,-0.000151819462364935,-5.5626238179283416e-06,1.2695973741143683e-05,1.0104086790708142e-05,-0.00016451543610607877
4,4,loading,1.75,dfc83d4510b22ca97a914b72fb593c140d1e542255cf2054836705b555bf2558,2659,67.0,32.0,physical_only,4.321939395717188e-06,-0.00019629698633059033,-5.723876596107469e-06,1.6070641489494462e-05,1.0045815991824657e-05,-0.00021236762782008475
4,4,loading,1.75,dfc83d4510b22ca97a914b72fb593c140d1e542255cf2054836705b555bf2558,2660,68.0,32.0,physical_only,6.062909685484883e-06,-0.0002518000912603189,-5.904457351158199e-06,2.0222654027572186e-05,1.1967367036643085e-05,-0.0002720227452878912
4,4,loading,1.75,dfc83d4510b22ca97a914b72fb593c140d1e542255cf2054836705b555bf2558,2661,69.0,32.0,physical_only,7.86868925404567e-06,-0.0003219782783176186,-6.111225331604348e-06,2.538566834326305e-05,1.3979914585650014e-05,-0.0003473639466608817
4,4,loading,1.75,dfc83d4510b22ca97a914b72fb593c140d1e542255cf2054836705b555bf2558,2662,70.0,32.0,physical_only,9.827468632926369e-06,-0.0004083998983931631,-6.355298626232753e-06,3.191188195031941e-05,1.6182767259159122e-05,-0.0004403117803434824
4,4,loading,1.75,dfc83d4510b22ca97a914b72fb593c140d1e542255cf2054836705b555bf2558,2663,71.0,32.0,physical_only,1.1936052540037942e-05,-0.0005137659147199445,-6.652835918765808e-06,4.0344387821794595e-05,1.858888845880374e-05,-0.0005541103025417391
4,4,loading,1.75,dfc83d4510b22ca97a914b72fb593c140d1e542255cf2054836705b555bf2558,2664,72.0,32.0,physical_only,1.4317314576607214e-05,-0.0006409289683486316,-7.029364064311123e-06,5.155599733735405e-05,2.1346678640918345e-05,-0.0006924849656859858
4,4,loading,1.75,dfc83d4510b22ca97a914b72fb593c140d1e542255cf2054836705b555bf2558,2665,73.0,32.0,physical_only,1.658125147436078e-05,-0.0007905471948211405,-7.526406135674629e-06,6.702324422067885e-05,2.41076576100354e-05,-0.0008575704390418196
4,4,loading,1.75,dfc83d4510b22ca97a914b72fb593c140d1e542255cf2054836705b555bf2558,2666,74.0,32.0,physical_only,2.6078277282631985e-05,-0.0009671543780005341,-8.220665394832958e-06,8.944030250603426e-05,3.429894267746494e-05,-0.0010565946805065679
4,4,loading,1.75,dfc83d4510b22ca97a914b72fb593c140d1e542255cf2054836705b555bf2558,2667,75.0,32.0,physical_only,4.349735565055822e-05,-0.0011843671444279882,-9.271175323848894e-06,0.00012429024051318117,5.276853097440712e-05,-0.0013086573849411696
4,4,loading,1.75,dfc83d4510b22ca97a914b72fb593c140d1e542255cf2054836705b555bf2558,2668,76.0,32.0,physical_only,7.067621510046501e-05,-0.0014566004245053152,-1.1058217409258732e-05,0.00018463672666475605,8.173443250972378e-05,-0.0016412371511700715
4,4,loading,1.75,dfc83d4510b22ca97a914b72fb593c140d1e542255cf2054836705b555bf2558,2669,77.0,32.0,physical_only,8.74986840977404e-05,-0.001650857458866584,-1.4615363807709918e-05,0.0003091432984118626,0.00010211404790545038,-0.0019600007572784465
4,4,loading,1.75,dfc83d4510b22ca97a914b72fb593c140d1e542255cf2054836705b555bf2558,2670,78.0,32.0,physical_only,-0.0006744397595420087,0.012729792342344334,-0.00013754485667341292,0.0013388253247819694,-0.0005368949028685958,0.011390967017562365
4,4,loading,1.75,dfc83d4510b22ca97a914b72fb593c140d1e542255cf2054836705b555bf2558,2735,62.0,33.0,physical_only,-1.0860430464628951e-05,3.1515538201486797e-07,-6.042519834072111e-06,2.3114730787109713e-07,-4.817910630556839e-06,8.400807414377084e-08
4,4,loading,1.75,dfc83d4510b22ca97a914b72fb593c140d1e542255cf2054836705b555bf2558,2736,63.0,33.0,interior,-0.0,-0.0,-0.0,-0.0,-0.0,-0.0
4,4,loading,1.75,dfc83d4510b22ca97a914b72fb593c140d1e542255cf2054836705b555bf2558,2737,64.0,33.0,interior,-0.0,-0.0,-0.0,-0.0,-0.0,-0.0
4,4,loading,1.75,dfc83d4510b22ca97a914b72fb593c140d1e542255cf2054836705b555bf2558,2738,65.0,33.0,interior,-0.0,-0.0,-0.0,-0.0,-0.0,-0.0
4,4,loading,1.75,dfc83d4510b22ca97a914b72fb593c140d1e542255cf2054836705b555bf2558,2739,66.0,33.0,interior,-0.0,-0.0,-0.0,-0.0,-0.0,-0.0
4,4,loading,1.75,dfc83d4510b22ca97a914b72fb593c140d1e542255cf2054836705b555bf2558,2740,67.0,33.0,interior,-0.0,-0.0,-0.0,-0.0,-0.0,-0.0
4,4,loading,1.75,dfc83d4510b22ca97a914b72fb593c140d1e542255cf2054836705b555bf2558,2741,68.0,33.0,interior,-0.0,-0.0,-0.0,-0.0,-0.0,-0.0
4,4,loading,1.75,dfc83d4510b22ca97a914b72fb593c140d1e542255cf2054836705b555bf2558,2742,69.0,33.0,interior,-0.0,-0.0,-0.0,-0.0,-0.0,-0.0
4,4,loading,1.75,dfc83d4510b22ca97a914b72fb593c140d1e542255cf2054836705b555bf2558,2743,70.0,33.0,interior,-0.0,-0.0,-0.0,-0.0,-0.0,-0.0
4,4,loading,1.75,dfc83d4510b22ca97a914b72fb593c140d1e542255cf2054836705b555bf2558,2744,71.0,33.0,interior,-0.0,-0.0,-0.0,-0.0,-0.0,-0.0
4,4,loading,1.75,dfc83d4510b22ca97a914b72fb593c140d1e542255cf2054836705b555bf2558,2745,72.0,33.0,interior,-0.0,-0.0,-0.0,-0.0,-0.0,-0.0
4,4,loading,1.75,dfc83d4510b22ca97a914b72fb593c140d1e542255cf2054836705b555bf2558,2746,73.0,33.0,interior,-0.0,-0.0,-0.0,-0.0,-0.0,-0.0
4,4,loading,1.75,dfc83d4510b22ca97a914b72fb593c140d1e542255cf2054836705b555bf2558,2747,74.0,33.0,interior,-0.0,-0.0,-0.0,-0.0,-0.0,-0.0
4,4,loading,1.75,dfc83d4510b22ca97a914b72fb593c140d1e542255cf2054836705b555bf2558,2748,75.0,33.0,interior,-0.0,-0.0,-0.0,-0.0,-0.0,-0.0
4,4,loading,1.75,dfc83d4510b22ca97a914b72fb593c140d1e542255cf2054836705b555bf2558,2749,76.0,33.0,interior,-0.0,-0.0,-0.0,-0.0,-0.0,-0.0
4,4,loading,1.75,dfc83d4510b22ca97a914b72fb593c140d1e542255cf2054836705b555bf2558,2750,77.0,33.0,interior,-0.0,-0.0,-0.0,-0.0,-0.0,-0.0
4,4,loading,1.75,dfc83d4510b22ca97a914b72fb593c140d1e542255cf2054836705b555bf2558,2751,78.0,33.0,physical_only,-2.021534985621003e-07,2.156617912440898e-08,-2.4993344444018546e-07,6.703604789453154e-07,4.777994587808521e-08,-6.487942998209081e-07
4,4,loading,1.75,dfc83d4510b22ca97a914b72fb593c140d1e542255cf2054836705b555bf2558,2816,62.0,34.0,physical_only,-1.0365283796282552e-05,3.929024575056376e-07,-6.566044683562047e-06,2.081654069176334e-07,-3.7992391127205027e-06,1.8473705058800407e-07
4,4,loading,1.75,dfc83d4510b22ca97a914b72fb593c140d1e542255cf2054836705b555bf2558,2817,63.0,34.0,interior,-0.0,-0.0,-0.0,-0.0,-0.0,-0.0
4,4,loading,1.75,dfc83d4510b22ca97a914b72fb593c140d1e542255cf2054836705b555bf2558,2818,64.0,34.0,interior,-0.0,-0.0,-0.0,-0.0,-0.0,-0.0
4,4,loading,1.75,dfc83d4510b22ca97a914b72fb593c140d1e542255cf2054836705b555bf2558,2819,65.0,34.0,interior,-0.0,-0.0,-0.0,-0.0,-0.0,-0.0
4,4,loading,1.75,dfc83d4510b22ca97a914b72fb593c140d1e542255cf2054836705b555bf2558,2820,66.0,34.0,interior,-0.0,-0.0,-0.0,-0.0,-0.0,-0.0
4,4,loading,1.75,dfc83d4510b22ca97a914b72fb593c140d1e542255cf2054836705b555bf2558,2821,67.0,34.0,interior,-0.0,-0.0,-0.0,-0.0,-0.0,-0.0
4,4,loading,1.75,dfc83d4510b22ca97a914b72fb593c140d1e542255cf2054836705b555bf2558,2822,68.0,34.0,interior,-0.0,-0.0,-0.0,-0.0,-0.0,-0.0
4,4,loading,1.75,dfc83d4510b22ca97a914b72fb593c140d1e542255cf2054836705b555bf2558,2823,69.0,34.0,interior,-0.0,-0.0,-0.0,-0.0,-0.0,-0.0
4,4,loading,1.75,dfc83d4510b22ca97a914b72fb593c140d1e542255cf2054836705b555bf2558,2824,70.0,34.0,interior,-0.0,-0.0,-0.0,-0.0,-0.0,-0.0
4,4,loading,1.75,dfc83d4510b22ca97a914b72fb593c140d1e542255cf2054836705b555bf2558,2825,71.0,34.0,interior,-0.0,-0.0,-0.0,-0.0,-0.0,-0.0
4,4,loading,1.75,dfc83d4510b22ca97a914b72fb593c140d1e542255cf2054836705b555bf2558,2826,72.0,34.0,interior,-0.0,-0.0,-0.0,-0.0,-0.0,-0.0
4,4,loading,1.75,dfc83d4510b22ca97a914b72fb593c140d1e542255cf2054836705b555bf2558,2827,73.0,34.0,interior,-0.0,-0.0,-0.0,-0.0,-0.0,-0.0
4,4,loading,1.75,dfc83d4510b22ca97a914b72fb593c140d1e542255cf2054836705b555bf2558,2828,74.0,34.0,interior,-0.0,-0.0,-0.0,-0.0,-0.0,-0.0
4,4,loading,1.75,dfc83d4510b22ca97a914b72fb593c140d1e542255cf2054836705b555bf2558,2829,75.0,34.0,interior,-0.0,-0.0,-0.0,-0.0,-0.0,-0.0
4,4,loading,1.75,dfc83d4510b22ca97a914b72fb593c140d1e542255cf2054836705b555bf2558,2830,76.0,34.0,interior,-0.0,-0.0,-0.0,-0.0,-0.0,-0.0
4,4,loading,1.75,dfc83d4510b22ca97a914b72fb593c140d1e542255cf2054836705b555bf2558,2831,77.0,34.0,interior,-0.0,-0.0,-0.0,-0.0,-0.0,-0.0
4,4,loading,1.75,dfc83d4510b22ca97a914b72fb593c140d1e542255cf2054836705b555bf2558,2832,78.0,34.0,physical_only,-1.98125276327998e-07,1.8303270868066154e-08,-2.444165351947893e-07,5.710584863611108e-07,4.6291258866791245e-08,-5.527552154930451e-07
4,4,loading,1.75,dfc83d4510b22ca97a914b72fb593c140d1e542255cf2054836705b555bf2558,2897,62.0,35.0,physical_only,-1.0062325911672293e-05,4.403372953484426e-07,-7.009730522101427e-06,1.8368167688481555e-07,-3.052595389570869e-06,2.56655618463627e-07
4,4,loading,1.75,dfc83d4510b22ca97a914b72fb593c140d1e542255cf2054836705b555bf2558,2898,63.0,35.0,interior,-0.0,-0.0,-0.0,-0.0,-0.0,-0.0
4,4,loading,1.75,dfc83d4510b22ca97a914b72fb593c140d1e542255cf2054836705b555bf2558,2899,64.0,35.0,interior,-0.0,-0.0,-0.0,-0.0,-0.0,-0.0
4,4,loading,1.75,dfc83d4510b22ca97a914b72fb593c140d1e542255cf2054836705b555bf2558,2900,65.0,35.0,interior,-0.0,-0.0,-0.0,-0.0,-0.0,-0.0
4,4,loading,1.75,dfc83d4510b22ca97a914b72fb593c140d1e542255cf2054836705b555bf2558,2901,66.0,35.0,interior,-0.0,-0.0,-0.0,-0.0,-0.0,-0.0
4,4,loading,1.75,dfc83d4510b22ca97a914b72fb593c140d1e542255cf2054836705b555bf2558,2902,67.0,35.0,interior,-0.0,-0.0,-0.0,-0.0,-0.0,-0.0
4,4,loading,1.75,dfc83d4510b22ca97a914b72fb593c140d1e542255cf2054836705b555bf2558,2903,68.0,35.0,interior,-0.0,-0.0,-0.0,-0.0,-0.0,-0.0
4,4,loading,1.75,dfc83d4510b22ca97a914b72fb593c140d1e542255cf2054836705b555bf2558,2904,69.0,35.0,interior,-0.0,-0.0,-0.0,-0.0,-0.0,-0.0
4,4,loading,1.75,dfc83d4510b22ca97a914b72fb593c140d1e542255cf2054836705b555bf2558,2905,70.0,35.0,interior,-0.0,-0.0,-0.0,-0.0,-0.0,-0.0
4,4,loading,1.75,dfc83d4510b22ca97a914b72fb593c140d1e542255cf2054836705b555bf2558,2906,71.0,35.0,interior,-0.0,-0.0,-0.0,-0.0,-0.0,-0.0
4,4,loading,1.75,dfc83d4510b22ca97a914b72fb593c140d1e542255cf2054836705b555bf2558,2907,72.0,35.0,interior,-0.0,-0.0,-0.0,-0.0,-0.0,-0.0
4,4,loading,1.75,dfc83d4510b22ca97a914b72fb593c140d1e542255cf2054836705b555bf2558,2908,73.0,35.0,interior,-0.0,-0.0,-0.0,-0.0,-0.0,-0.0
4,4,loading,1.75,dfc83d4510b22ca97a914b72fb593c140d1e542255cf2054836705b555bf2558,2909,74.0,35.0,interior,-0.0,-0.0,-0.0,-0.0,-0.0,-0.0
4,4,loading,1.75,dfc83d4510b22ca97a914b72fb593c140d1e542255cf2054836705b555bf2558,2910,75.0,35.0,interior,-0.0,-0.0,-0.0,-0.0,-0.0,-0.0
4,4,loading,1.75,dfc83d4510b22ca97a914b72fb593c140d1e542255cf2054836705b555bf2558,2911,76.0,35.0,interior,-0.0,-0.0,-0.0,-0.0,-0.0,-0.0
4,4,loading,1.75,dfc83d4510b22ca97a914b72fb593c140d1e542255cf2054836705b555bf2558,2912,77.0,35.0,interior,-0.0,-0.0,-0.0,-0.0,-0.0,-0.0
4,4,loading,1.75,dfc83d4510b22ca97a914b72fb593c140d1e542255cf2054836705b555bf2558,2913,78.0,35.0,physical_only,-1.947390378437918e-07,1.5124505539686542e-08,-2.3978294520429364e-07,4.733936175870105e-07,4.504390736050185e-08,-4.582691120473179e-07
4,4,loading,1.75,dfc83d4510b22ca97a914b72fb593c140d1e542255cf2054836705b555bf2558,2978,62.0,36.0,physical_only,-9.897615867597965e-06,4.233667233144156e-07,-7.373963072879734e-06,1.557611510303323e-07,-2.5236527947182303e-06,2.676055722840832e-07
4,4,loading,1.75,dfc83d4510b22ca97a914b72fb593c140d1e542255cf2054836705b555bf2558,2979,63.0,36.0,interior,-0.0,-0.0,-0.0,-0.0,-0.0,-0.0
4,4,loading,1.75,dfc83d4510b22ca97a914b72fb593c140d1e542255cf2054836705b555bf2558,2980,64.0,36.0,interior,-0.0,-0.0,-0.0,-0.0,-0.0,-0.0
4,4,loading,1.75,dfc83d4510b22ca97a914b72fb593c140d1e542255cf2054836705b555bf2558,2981,65.0,36.0,interior,-0.0,-0.0,-0.0,-0.0,-0.0,-0.0
4,4,loading,1.75,dfc83d4510b22ca97a914b72fb593c140d1e542255cf2054836705b555bf2558,2982,66.0,36.0,interior,-0.0,-0.0,-0.0,-0.0,-0.0,-0.0
4,4,loading,1.75,dfc83d4510b22ca97a914b72fb593c140d1e542255cf2054836705b555bf2558,2983,67.0,36.0,interior,-0.0,-0.0,-0.0,-0.0,-0.0,-0.0
4,4,loading,1.75,dfc83d4510b22ca97a914b72fb593c140d1e542255cf2054836705b555bf2558,2984,68.0,36.0,interior,-0.0,-0.0,-0.0,-0.0,-0.0,-0.0
4,4,loading,1.75,dfc83d4510b22ca97a914b72fb593c140d1e542255cf2054836705b555bf2558,2985,69.0,36.0,interior,-0.0,-0.0,-0.0,-0.0,-0.0,-0.0
4,4,loading,1.75,dfc83d4510b22ca97a914b72fb593c140d1e542255cf2054836705b555bf2558,2986,70.0,36.0,interior,-0.0,-0.0,-0.0,-0.0,-0.0,-0.0
4,4,loading,1.75,dfc83d4510b22ca97a914b72fb593c140d1e542255cf2054836705b555bf2558,2987,71.0,36.0,interior,-0.0,-0.0,-0.0,-0.0,-0.0,-0.0
4,4,loading,1.75,dfc83d4510b22ca97a914b72fb593c140d1e542255cf2054836705b555bf2558,2988,72.0,36.0,interior,-0.0,-0.0,-0.0,-0.0,-0.0,-0.0
4,4,loading,1.75,dfc83d4510b22ca97a914b72fb593c140d1e542255cf2054836705b555bf2558,2989,73.0,36.0,interior,-0.0,-0.0,-0.0,-0.0,-0.0,-0.0
4,4,loading,1.75,dfc83d4510b22ca97a914b72fb593c140d1e542255cf2054836705b555bf2558,2990,74.0,36.0,interior,-0.0,-0.0,-0.0,-0.0,-0.0,-0.0
4,4,loading,1.75,dfc83d4510b22ca97a914b72fb593c140d1e542255cf2054836705b555bf2558,2991,75.0,36.0,interior,-0.0,-0.0,-0.0,-0.0,-0.0,-0.0
4,4,loading,1.75,dfc83d4510b22ca97a914b72fb593c140d1e542255cf2054836705b555bf2558,2992,76.0,36.0,interior,-0.0,-0.0,-0.0,-0.0,-0.0,-0.0
4,4,loading,1.75,dfc83d4510b22ca97a914b72fb593c140d1e542255cf2054836705b555bf2558,2993,77.0,36.0,interior,-0.0,-0.0,-0.0,-0.0,-0.0,-0.0
4,4,loading,1.75,dfc83d4510b22ca97a914b72fb593c140d1e542255cf2054836705b555bf2558,2994,78.0,36.0,physical_only,-1.919836126740936e-07,1.201575754874811e-08,-2.3601532835546962e-07,3.770888424706722e-07,4.403171568137602e-08,-3.650730849219279e-07
4,4,loading,1.75,dfc83d4510b22ca97a914b72fb593c140d1e542255cf2054836705b555bf2558,3059,62.0,37.0,physical_only,-9.811717190160363e-06,3.515360899000677e-07,-7.658428531727658e-06,1.23041588764205e-07,-2.1532886584327046e-06,2.284945011358627e-07
4,4,loading,1.75,dfc83d4510b22ca97a914b72fb593c140d1e542255cf2054836705b555bf2558,3060,63.0,37.0,interior,-0.0,-0.0,-0.0,-0.0,-0.0,-0.0
4,4,loading,1.75,dfc83d4510b22ca97a914b72fb593c140d1e542255cf2054836705b555bf2558,3061,64.0,37.0,interior,-0.0,-0.0,-0.0,-0.0,-0.0,-0.0
4,4,loading,1.75,dfc83d4510b22ca97a914b72fb593c140d1e542255cf2054836705b555bf2558,3062,65.0,37.0,interior,-0.0,-0.0,-0.0,-0.0,-0.0,-0.0
4,4,loading,1.75,dfc83d4510b22ca97a914b72fb593c140d1e542255cf2054836705b555bf2558,3063,66.0,37.0,interior,-0.0,-0.0,-0.0,-0.0,-0.0,-0.0
4,4,loading,1.75,dfc83d4510b22ca97a914b72fb593c140d1e542255cf2054836705b555bf2558,3064,67.0,37.0,interior,-0.0,-0.0,-0.0,-0.0,-0.0,-0.0
4,4,loading,1.75,dfc83d4510b22ca97a914b72fb593c140d1e542255cf2054836705b555bf2558,3065,68.0,37.0,interior,-0.0,-0.0,-0.0,-0.0,-0.0,-0.0
4,4,loading,1.75,dfc83d4510b22ca97a914b72fb593c140d1e542255cf2054836705b555bf2558,3066,69.0,37.0,interior,-0.0,-0.0,-0.0,-0.0,-0.0,-0.0
4,4,loading,1.75,dfc83d4510b22ca97a914b72fb593c140d1e542255cf2054836705b555bf2558,3067,70.0,37.0,interior,-0.0,-0.0,-0.0,-0.0,-0.0,-0.0
4,4,loading,1.75,dfc83d4510b22ca97a914b72fb593c140d1e542255cf2054836705b555bf2558,3068,71.0,37.0,interior,-0.0,-0.0,-0.0,-0.0,-0.0,-0.0
4,4,loading,1.75,dfc83d4510b22ca97a914b72fb593c140d1e542255cf2054836705b555bf2558,3069,72.0,37.0,interior,-0.0,-0.0,-0.0,-0.0,-0.0,-0.0
4,4,loading,1.75,dfc83d4510b22ca97a914b72fb593c140d1e542255cf2054836705b555bf2558,3070,73.0,37.0,interior,-0.0,-0.0,-0.0,-0.0,-0.0,-0.0
4,4,loading,1.75,dfc83d4510b22ca97a914b72fb593c140d1e542255cf2054836705b555bf2558,3071,74.0,37.0,interior,-0.0,-0.0,-0.0,-0.0,-0.0,-0.0
4,4,loading,1.75,dfc83d4510b22ca97a914b72fb593c140d1e542255cf2054836705b555bf2558,3072,75.0,37.0,interior,-0.0,-0.0,-0.0,-0.0,-0.0,-0.0
4,4,loading,1.75,dfc83d4510b22ca97a914b72fb593c140d1e542255cf2054836705b555bf2558,3073,76.0,37.0,interior,-0.0,-0.0,-0.0,-0.0,-0.0,-0.0
4,4,loading,1.75,dfc83d4510b22ca97a914b72fb593c140d1e542255cf2054836705b555bf2558,3074,77.0,37.0,interior,-0.0,-0.0,-0.0,-0.0,-0.0,-0.0
4,4,loading,1.75,dfc83d4510b22ca97a914b72fb593c140d1e542255cf2054836705b555bf2558,3075,78.0,37.0,physical_only,-1.8984989898173842e-07,8.962947241470239e-09,-2.3309955051687411e-07,2.8186939228810533e-07,4.324965153513571e-08,-2.7290644504663334e-07
4,4,loading,1.75,dfc83d4510b22ca97a914b72fb593c140d1e542255cf2054836705b555bf2558,3140,62.0,38.0,physical_only,-9.766662906949958e-06,2.453086518873739e-07,-7.862379328930939e-06,8.5378296079423e-08,-1.904283578019018e-06,1.599303558079508e-07
4,4,loading,1.75,dfc83d4510b22ca97a914b72fb593c140d1e542255cf2054836705b555bf2558,3141,63.0,38.0,interior,-0.0,-0.0,-0.0,-0.0,-0.0,-0.0
4,4,loading,1.75,dfc83d4510b22ca97a914b72fb593c140d1e542255cf2054836705b555bf2558,3142,64.0,38.0,interior,-0.0,-0.0,-0.0,-0.0,-0.0,-0.0
4,4,loading,1.75,dfc83d4510b22ca97a914b72fb593c140d1e542255cf2054836705b555bf2558,3143,65.0,38.0,interior,-0.0,-0.0,-0.0,-0.0,-0.0,-0.0
4,4,loading,1.75,dfc83d4510b22ca97a914b72fb593c140d1e542255cf2054836705b555bf2558,3144,66.0,38.0,interior,-0.0,-0.0,-0.0,-0.0,-0.0,-0.0
4,4,loading,1.75,dfc83d4510b22ca97a914b72fb593c140d1e542255cf2054836705b555bf2558,3145,67.0,38.0,interior,-0.0,-0.0,-0.0,-0.0,-0.0,-0.0
4,4,loading,1.75,dfc83d4510b22ca97a914b72fb593c140d1e542255cf2054836705b555bf2558,3146,68.0,38.0,interior,-0.0,-0.0,-0.0,-0.0,-0.0,-0.0
4,4,loading,1.75,dfc83d4510b22ca97a914b72fb593c140d1e542255cf2054836705b555bf2558,3147,69.0,38.0,interior,-0.0,-0.0,-0.0,-0.0,-0.0,-0.0
4,4,loading,1.75,dfc83d4510b22ca97a914b72fb593c140d1e542255cf2054836705b555bf2558,3148,70.0,38.0,interior,-0.0,-0.0,-0.0,-0.0,-0.0,-0.0
4,4,loading,1.75,dfc83d4510b22ca97a914b72fb593c140d1e542255cf2054836705b555bf2558,3149,71.0,38.0,interior,-0.0,-0.0,-0.0,-0.0,-0.0,-0.0
4,4,loading,1.75,dfc83d4510b22ca97a914b72fb593c140d1e542255cf2054836705b555bf2558,3150,72.0,38.0,interior,-0.0,-0.0,-0.0,-0.0,-0.0,-0.0
4,4,loading,1.75,dfc83d4510b22ca97a914b72fb593c140d1e542255cf2054836705b555bf2558,3151,73.0,38.0,interior,-0.0,-0.0,-0.0,-0.0,-0.0,-0.0
4,4,loading,1.75,dfc83d4510b22ca97a914b72fb593c140d1e542255cf2054836705b555bf2558,3152,74.0,38.0,interior,-0.0,-0.0,-0.0,-0.0,-0.0,-0.0
4,4,loading,1.75,dfc83d4510b22ca97a914b72fb593c140d1e542255cf2054836705b555bf2558,3153,75.0,38.0,interior,-0.0,-0.0,-0.0,-0.0,-0.0,-0.0
4,4,loading,1.75,dfc83d4510b22ca97a914b72fb593c140d1e542255cf2054836705b555bf2558,3154,76.0,38.0,interior,-0.0,-0.0,-0.0,-0.0,-0.0,-0.0
4,4,loading,1.75,dfc83d4510b22ca97a914b72fb593c140d1e542255cf2054836705b555bf2558,3155,77.0,38.0,interior,-0.0,-0.0,-0.0,-0.0,-0.0,-0.0
4,4,loading,1.75,dfc83d4510b22ca97a914b72fb593c140d1e542255cf2054836705b555bf2558,3156,78.0,38.0,physical_only,-1.8833084152130476e-07,5.9520412911095695e-09,-2.3102465485981294e-07,1.8746232399631273e-07,4.2693813338508176e-08,-1.8151028270520374e-07
4,4,loading,1.75,dfc83d4510b22ca97a914b72fb593c140d1e542255cf2054836705b555bf2558,3221,62.0,39.0,physical_only,-9.743123659186414e-06,1.244710876949686e-07,-7.98507343829601e-06,4.376779783874206e-08,-1.7580502208904038e-06,8.070328985622685e-08
4,4,loading,1.75,dfc83d4510b22ca97a914b72fb593c140d1e542255cf2054836705b555bf2558,3222,63.0,39.0,interior,-0.0,-0.0,-0.0,-0.0,-0.0,-0.0
4,4,loading,1.75,dfc83d4510b22ca97a914b72fb593c140d1e542255cf2054836705b555bf2558,3223,64.0,39.0,interior,-0.0,-0.0,-0.0,-0.0,-0.0,-0.0
4,4,loading,1.75,dfc83d4510b22ca97a914b72fb593c140d1e542255cf2054836705b555bf2558,3224,65.0,39.0,interior,-0.0,-0.0,-0.0,-0.0,-0.0,-0.0
4,4,loading,1.75,dfc83d4510b22ca97a914b72fb593c140d1e542255cf2054836705b555bf2558,3225,66.0,39.0,interior,-0.0,-0.0,-0.0,-0.0,-0.0,-0.0
4,4,loading,1.75,dfc83d4510b22ca97a914b72fb593c140d1e542255cf2054836705b555bf2558,3226,67.0,39.0,interior,-0.0,-0.0,-0.0,-0.0,-0.0,-0.0
4,4,loading,1.75,dfc83d4510b22ca97a914b72fb593c140d1e542255cf2054836705b555bf2558,3227,68.0,39.0,interior,-0.0,-0.0,-0.0,-0.0,-0.0,-0.0
4,4,loading,1.75,dfc83d4510b22ca97a914b72fb593c140d1e542255cf2054836705b555bf2558,3228,69.0,39.0,interior,-0.0,-0.0,-0.0,-0.0,-0.0,-0.0
4,4,loading,1.75,dfc83d4510b22ca97a914b72fb593c140d1e542255cf2054836705b555bf2558,3229,70.0,39.0,interior,-0.0,-0.0,-0.0,-0.0,-0.0,-0.0
4,4,loading,1.75,dfc83d4510b22ca97a914b72fb593c140d1e542255cf2054836705b555bf2558,3230,71.0,39.0,interior,-0.0,-0.0,-0.0,-0.0,-0.0,-0.0
4,4,loading,1.75,dfc83d4510b22ca97a914b72fb593c140d1e542255cf2054836705b555bf2558,3231,72.0,39.0,interior,-0.0,-0.0,-0.0,-0.0,-0.0,-0.0
4,4,loading,1.75,dfc83d4510b22ca97a914b72fb593c140d1e542255cf2054836705b555bf2558,3232,73.0,39.0,interior,-0.0,-0.0,-0.0,-0.0,-0.0,-0.0
4,4,loading,1.75,dfc83d4510b22ca97a914b72fb593c140d1e542255cf2054836705b555bf2558,3233,74.0,39.0,interior,-0.0,-0.0,-0.0,-0.0,-0.0,-0.0
4,4,loading,1.75,dfc83d4510b22ca97a914b72fb593c140d1e542255cf2054836705b555bf2558,3234,75.0,39.0,interior,-0.0,-0.0,-0.0,-0.0,-0.0,-0.0
4,4,loading,1.75,dfc83d4510b22ca97a914b72fb593c140d1e542255cf2054836705b555bf2558,3235,76.0,39.0,interior,-0.0,-0.0,-0.0,-0.0,-0.0,-0.0
4,4,loading,1.75,dfc83d4510b22ca97a914b72fb593c140d1e542255cf2054836705b555bf2558,3236,77.0,39.0,interior,-0.0,-0.0,-0.0,-0.0,-0.0,-0.0
4,4,loading,1.75,dfc83d4510b22ca97a914b72fb593c140d1e542255cf2054836705b555bf2558,3237,78.0,39.0,physical_only,-1.8742141389783776e-07,2.9690466976497532e-09,-2.297828346566633e-07,9.359607338560795e-08,4.2361420758825536e-08,-9.062702668795764e-08
4,4,loading,1.75,dfc83d4510b22ca97a914b72fb593c140d1e542255cf2054836705b555bf2558,3302,62.0,40.0,physical_and_cut,-4.867743878727541e-06,-2.575428991771128e-06,-4.013012528814904e-06,-1.9260291945661772e-06,-8.547313499126369e-07,-6.493997972049506e-07
4,4,loading,1.75,dfc83d4510b22ca97a914b72fb593c140d1e542255cf2054836705b555bf2558,3303,63.0,40.0,cut_only,-0.0,-0.0,-0.0,-0.0,-0.0,-0.0
4,4,loading,1.75,dfc83d4510b22ca97a914b72fb593c140d1e542255cf2054836705b555bf2558,3304,64.0,40.0,cut_only,-0.0,-0.0,-0.0,-0.0,-0.0,-0.0
4,4,loading,1.75,dfc83d4510b22ca97a914b72fb593c140d1e542255cf2054836705b555bf2558,3305,65.0,40.0,cut_only,-0.0,-0.0,-0.0,-0.0,-0.0,-0.0
4,4,loading,1.75,dfc83d4510b22ca97a914b72fb593c140d1e542255cf2054836705b555bf2558,3306,66.0,40.0,cut_only,-0.0,-0.0,-0.0,-0.0,-0.0,-0.0
4,4,loading,1.75,dfc83d4510b22ca97a914b72fb593c140d1e542255cf2054836705b555bf2558,3307,67.0,40.0,cut_only,-0.0,-0.0,-0.0,-0.0,-0.0,-0.0
4,4,loading,1.75,dfc83d4510b22ca97a914b72fb593c140d1e542255cf2054836705b555bf2558,3308,68.0,40.0,cut_only,-0.0,-0.0,-0.0,-0.0,-0.0,-0.0
4,4,loading,1.75,dfc83d4510b22ca97a914b72fb593c140d1e542255cf2054836705b555bf2558,3309,69.0,40.0,cut_only,-0.0,-0.0,-0.0,-0.0,-0.0,-0.0
4,4,loading,1.75,dfc83d4510b22ca97a914b72fb593c140d1e542255cf2054836705b555bf2558,3310,70.0,40.0,cut_only,-0.0,-0.0,-0.0,-0.0,-0.0,-0.0
4,4,loading,1.75,dfc83d4510b22ca97a914b72fb593c140d1e542255cf2054836705b555bf2558,3311,71.0,40.0,cut_only,-0.0,-0.0,-0.0,-0.0,-0.0,-0.0
4,4,loading,1.75,dfc83d4510b22ca97a914b72fb593c140d1e542255cf2054836705b555bf2558,3312,72.0,40.0,cut_only,-0.0,-0.0,-0.0,-0.0,-0.0,-0.0
4,4,loading,1.75,dfc83d4510b22ca97a914b72fb593c140d1e542255cf2054836705b555bf2558,3313,73.0,40.0,cut_only,-0.0,-0.0,-0.0,-0.0,-0.0,-0.0
4,4,loading,1.75,dfc83d4510b22ca97a914b72fb593c140d1e542255cf2054836705b555bf2558,3314,74.0,40.0,cut_only,-0.0,-0.0,-0.0,-0.0,-0.0,-0.0
4,4,loading,1.75,dfc83d4510b22ca97a914b72fb593c140d1e542255cf2054836705b555bf2558,3315,75.0,40.0,cut_only,-0.0,-0.0,-0.0,-0.0,-0.0,-0.0
4,4,loading,1.75,dfc83d4510b22ca97a914b72fb593c140d1e542255cf2054836705b555bf2558,3316,76.0,40.0,cut_only,-0.0,-0.0,-0.0,-0.0,-0.0,-0.0
4,4,loading,1.75,dfc83d4510b22ca97a914b72fb593c140d1e542255cf2054836705b555bf2558,3317,77.0,40.0,cut_only,-0.0,-0.0,-0.0,-0.0,-0.0,-0.0
4,4,loading,1.75,dfc83d4510b22ca97a914b72fb593c140d1e542255cf2054836705b555bf2558,3318,78.0,40.0,physical_and_cut,-9.355930278282616e-08,-2.951568159565927e-05,-1.1468470686361254e-07,9.415134021953899e-08,2.1125404080786368e-08,-2.9609832935878812e-05
5,5,unloading,1.5,8970f92f1582862065517cf3ae0e5ca1ffde95b706ad5e09c289a15623323746,2654,62.0,32.0,physical_only,-0.00032133154243677606,-8.566561273676012e-05,-8.85068488065735e-06,6.929420362292329e-06,-0.0003124808575561187,-9.259503309905245e-05
5,5,unloading,1.5,8970f92f1582862065517cf3ae0e5ca1ffde95b706ad5e09c289a15623323746,2655,63.0,32.0,physical_only,-1.1506617836917098e-06,-3.958970077509399e-05,-3.9014572603446605e-06,6.987566356311569e-06,2.7507954766529515e-06,-4.657726713140552e-05
5,5,unloading,1.5,8970f92f1582862065517cf3ae0e5ca1ffde95b706ad5e09c289a15623323746,2656,64.0,32.0,physical_only,7.148470461846855e-07,-5.115704126025823e-05,-3.9669598048164565e-06,8.573676807603589e-06,4.681806851001144e-06,-5.9730718067861843e-05
5,5,unloading,1.5,8970f92f1582862065517cf3ae0e5ca1ffde95b706ad5e09c289a15623323746,2657,65.0,32.0,physical_only,1.5502959918161355e-06,-6.698703031383961e-05,-4.044023903207335e-06,1.0405053873221672e-05,5.594319895023468e-06,-7.739208418706126e-05
5,5,unloading,1.5,8970f92f1582862065517cf3ae0e5ca1ffde95b706ad5e09c289a15623323746,2658,66.0,32.0,physical_only,1.2505203934429405e-06,-8.528813949551777e-05,-4.132591554456398e-06,1.2535730948837291e-05,5.383111947899338e-06,-9.782387044435508e-05
5,5,unloading,1.5,8970f92f1582862065517cf3ae0e5ca1ffde95b706ad5e09c289a15623323746,2659,67.0,32.0,physical_only,6.224208660664051e-07,-0.00010574102206931688,-4.230732398727064e-06,1.5026765362826764e-05,4.853153264793468e-06,-0.00012076778743214366
5,5,unloading,1.5,8970f92f1582862065517cf3ae0e5ca1ffde95b706ad5e09c289a15623323746,2660,68.0,32.0,physical_only,1.1513715023646645e-06,-0.0001302014487435545,-4.338479847685986e-06,1.7952582105240377e-05,5.489851350050649e-06,-0.00014815403084879482
5,5,unloading,1.5,8970f92f1582862065517cf3ae0e5ca1ffde95b706ad5e09c289a15623323746,2661,69.0,32.0,physical_only,1.5891193724343967e-06,-0.0001602629431119723,-4.4576525094193255e-06,2.1411298309016366e-05,6.046771881853725e-06,-0.0001816742414209886
5,5,unloading,1.5,8970f92f1582862065517cf3ae0e5ca1ffde95b706ad5e09c289a15623323746,2662,70.0,32.0,physical_only,1.9774693518322933e-06,-0.00019609560857982854,-4.591579075340542e-06,2.5536312857716067e-05,6.5690484271728326e-06,-0.00022163192143754477
5,5,unloading,1.5,8970f92f1582862065517cf3ae0e5ca1ffde95b706ad5e09c289a15623323746,2663,71.0,32.0,physical_only,2.267288587572124e-06,-0.00023839970532247234,-4.744431124852019e-06,3.051066444362083e-05,7.01171971242415e-06,-0.0002689103697660932
5,5,unloading,1.5,8970f92f1582862065517cf3ae0e5ca1ffde95b706ad5e09c289a15623323746,2664,72.0,32.0,physical_only,2.439823608356274e-06,-0.000287844652380545,-4.922075209746739e-06,3.65907640376021e-05,7.361898818103014e-06,-0.000324435416418147
5,5,unloading,1.5,8970f92f1582862065517cf3ae0e5ca1ffde95b706ad5e09c289a15623323746,2665,73.0,32.0,physical_only,2.0634050387741986e-06,-0.0003436506577336217,-5.132205215728577e-06,4.4142817917120465e-05,7.195610254502775e-06,-0.0003877934756507423
5,5,unloading,1.5,8970f92f1582862065517cf3ae0e5ca1ffde95b706ad5e09c289a15623323746,2666,74.0,32.0,physical_only,5.277062419112817e-06,-0.00040741569430351827,-5.387313230519539e-06,5.3708588790838576e-05,1.0664375649632363e-05,-0.0004611242830943568
5,5,unloading,1.5,8970f92f1582862065517cf3ae0e5ca1ffde95b706ad5e09c289a15623323746,2667,75.0,32.0,physical_only,1.2546539010066898e-05,-0.00048709808158750546,-5.709831726896042e-06,6.613751634764184e-05,1.8256370736962935e-05,-0.0005532355979351476
5,5,unloading,1.5,8970f92f1582862065517cf3ae0e5ca1ffde95b706ad5e09c289a15623323746,2668,76.0,32.0,physical_only,2.433140994555822e-05,-0.0005954321705067575,-6.141640708951539e-06,8.286695927553225e-05,3.0473050654509766e-05,-0.0006782991297822902
5,5,unloading,1.5,8970f92f1582862065517cf3ae0e5ca1ffde95b706ad5e09c289a15623323746,2669,77.0,32.0,physical_only,3.185869642480192e-05,-0.0007129342991130621,-6.7431115171156615e-06,0.00010644595216683636,3.8601807941917584e-05,-0.0008193802512798981
5,5,unloading,1.5,8970f92f1582862065517cf3ae0e5ca1ffde95b706ad5e09c289a15623323746,2670,78.0,32.0,physical_only,-0.00019292126519420455,0.004999700263168755,-1.5854171657721282e-05,0.00015481758400290468,-0.00017706709353648326,0.00484488267916585
5,5,unloading,1.5,8970f92f1582862065517cf3ae0e5ca1ffde95b706ad5e09c289a15623323746,2735,62.0,33.0,physical_only,-9.196459288326534e-06,-1.0638031413186662e-07,-5.752674565912914e-06,1.8856253192620142e-07,-3.4437847224136234e-06,-2.949428460580681e-07
5,5,unloading,1.5,8970f92f1582862065517cf3ae0e5ca1ffde95b706ad5e09c289a15623323746,2736,63.0,33.0,interior,-0.0,-0.0,-0.0,-0.0,-0.0,-0.0
5,5,unloading,1.5,8970f92f1582862065517cf3ae0e5ca1ffde95b706ad5e09c289a15623323746,2737,64.0,33.0,interior,-0.0,-0.0,-0.0,-0.0,-0.0,-0.0
5,5,unloading,1.5,8970f92f1582862065517cf3ae0e5ca1ffde95b706ad5e09c289a15623323746,2738,65.0,33.0,interior,-0.0,-0.0,-0.0,-0.0,-0.0,-0.0
5,5,unloading,1.5,8970f92f1582862065517cf3ae0e5ca1ffde95b706ad5e09c289a15623323746,2739,66.0,33.0,interior,-0.0,-0.0,-0.0,-0.0,-0.0,-0.0
5,5,unloading,1.5,8970f92f1582862065517cf3ae0e5ca1ffde95b706ad5e09c289a15623323746,2740,67.0,33.0,interior,-0.0,-0.0,-0.0,-0.0,-0.0,-0.0
5,5,unloading,1.5,8970f92f1582862065517cf3ae0e5ca1ffde95b706ad5e09c289a15623323746,2741,68.0,33.0,interior,-0.0,-0.0,-0.0,-0.0,-0.0,-0.0
5,5,unloading,1.5,8970f92f1582862065517cf3ae0e5ca1ffde95b706ad5e09c289a15623323746,2742,69.0,33.0,interior,-0.0,-0.0,-0.0,-0.0,-0.0,-0.0
5,5,unloading,1.5,8970f92f1582862065517cf3ae0e5ca1ffde95b706ad5e09c289a15623323746,2743,70.0,33.0,interior,-0.0,-0.0,-0.0,-0.0,-0.0,-0.0
5,5,unloading,1.5,8970f92f1582862065517cf3ae0e5ca1ffde95b706ad5e09c289a15623323746,2744,71.0,33.0,interior,-0.0,-0.0,-0.0,-0.0,-0.0,-0.0
5,5,unloading,1.5,8970f92f1582862065517cf3ae0e5ca1ffde95b706ad5e09c289a15623323746,2745,72.0,33.0,interior,-0.0,-0.0,-0.0,-0.0,-0.0,-0.0
5,5,unloading,1.5,8970f92f1582862065517cf3ae0e5ca1ffde95b706ad5e09c289a15623323746,2746,73.0,33.0,interior,-0.0,-0.0,-0.0,-0.0,-0.0,-0.0
5,5,unloading,1.5,8970f92f1582862065517cf3ae0e5ca1ffde95b706ad5e09c289a15623323746,2747,74.0,33.0,interior,-0.0,-0.0,-0.0,-0.0,-0.0,-0.0
5,5,unloading,1.5,8970f92f1582862065517cf3ae0e5ca1ffde95b706ad5e09c289a15623323746,2748,75.0,33.0,interior,-0.0,-0.0,-0.0,-0.0,-0.0,-0.0
5,5,unloading,1.5,8970f92f1582862065517cf3ae0e5ca1ffde95b706ad5e09c289a15623323746,2749,76.0,33.0,interior,-0.0,-0.0,-0.0,-0.0,-0.0,-0.0
5,5,unloading,1.5,8970f92f1582862065517cf3ae0e5ca1ffde95b706ad5e09c289a15623323746,2750,77.0,33.0,interior,-0.0,-0.0,-0.0,-0.0,-0.0,-0.0
5,5,unloading,1.5,8970f92f1582862065517cf3ae0e5ca1ffde95b706ad5e09c289a15623323746,2751,78.0,33.0,physical_only,-1.6914182671468802e-07,1.748003132698471e-08,-1.8708885751449395e-07,5.52025122557338e-07,1.7947030799805962e-08,-5.345450912303505e-07
5,5,unloading,1.5,8970f92f1582862065517cf3ae0e5ca1ffde95b706ad5e09c289a15623323746,2816,62.0,34.0,physical_only,-8.707661284795416e-06,1.1980792614512708e-07,-6.117393805242411e-06,1.6348805011202102e-07,-2.590267479553005e-06,-4.368012396689392e-08
5,5,unloading,1.5,8970f92f1582862065517cf3ae0e5ca1ffde95b706ad5e09c289a15623323746,2817,63.0,34.0,interior,-0.0,-0.0,-0.0,-0.0,-0.0,-0.0
5,5,unloading,1.5,8970f92f1582862065517cf3ae0e5ca1ffde95b706ad5e09c289a15623323746,2818,64.0,34.0,interior,-0.0,-0.0,-0.0,-0.0,-0.0,-0.0
5,5,unloading,1.5,8970f92f1582862065517cf3ae0e5ca1ffde95b706ad5e09c289a15623323746,2819,65.0,34.0,interior,-0.0,-0.0,-0.0,-0.0,-0.0,-0.0
5,5,unloading,1.5,8970f92f1582862065517cf3ae0e5ca1ffde95b706ad5e09c289a15623323746,2820,66.0,34.0,interior,-0.0,-0.0,-0.0,-0.0,-0.0,-0.0
5,5,unloading,1.5,8970f92f1582862065517cf3ae0e5ca1ffde95b706ad5e09c289a15623323746,2821,67.0,34.0,interior,-0.0,-0.0,-0.0,-0.0,-0.0,-0.0
5,5,unloading,1.5,8970f92f1582862065517cf3ae0e5ca1ffde95b706ad5e09c289a15623323746,2822,68.0,34.0,interior,-0.0,-0.0,-0.0,-0.0,-0.0,-0.0
5,5,unloading,1.5,8970f92f1582862065517cf3ae0e5ca1ffde95b706ad5e09c289a15623323746,2823,69.0,34.0,interior,-0.0,-0.0,-0.0,-0.0,-0.0,-0.0
5,5,unloading,1.5,8970f92f1582862065517cf3ae0e5ca1ffde95b706ad5e09c289a15623323746,2824,70.0,34.0,interior,-0.0,-0.0,-0.0,-0.0,-0.0,-0.0
5,5,unloading,1.5,8970f92f1582862065517cf3ae0e5ca1ffde95b706ad5e09c289a15623323746,2825,71.0,34.0,interior,-0.0,-0.0,-0.0,-0.0,-0.0,-0.0
5,5,unloading,1.5,8970f92f1582862065517cf3ae0e5ca1ffde95b706ad5e09c289a15623323746,2826,72.0,34.0,interior,-0.0,-0.0,-0.0,-0.0,-0.0,-0.0
5,5,unloading,1.5,8970f92f1582862065517cf3ae0e5ca1ffde95b706ad5e09c289a15623323746,2827,73.0,34.0,interior,-0.0,-0.0,-0.0,-0.0,-0.0,-0.0
5,5,unloading,1.5,8970f92f1582862065517cf3ae0e5ca1ffde95b706ad5e09c289a15623323746,2828,74.0,34.0,interior,-0.0,-0.0,-0.0,-0.0,-0.0,-0.0
5,5,unloading,1.5,8970f92f1582862065517cf3ae0e5ca1ffde95b706ad5e09c289a15623323746,2829,75.0,34.0,interior,-0.0,-0.0,-0.0,-0.0,-0.0,-0.0
5,5,unloading,1.5,8970f92f1582862065517cf3ae0e5ca1ffde95b706ad5e09c289a15623323746,2830,76.0,34.0,interior,-0.0,-0.0,-0.0,-0.0,-0.0,-0.0
5,5,unloading,1.5,8970f92f1582862065517cf3ae0e5ca1ffde95b706ad5e09c289a15623323746,2831,77.0,34.0,interior,-0.0,-0.0,-0.0,-0.0,-0.0,-0.0
5,5,unloading,1.5,8970f92f1582862065517cf3ae0e5ca1ffde95b706ad5e09c289a15623323746,2832,78.0,34.0,physical_only,-1.657742342048161e-07,1.483022781896811e-08,-1.8380813118629166e-07,4.701561496610975e-07,1.8033896981475573e-08,-4.5532592184212864e-07
5,5,unloading,1.5,8970f92f1582862065517cf3ae0e5ca1ffde95b706ad5e09c289a15623323746,2897,62.0,35.0,physical_only,-8.515682745143033e-06,2.7653057990174226e-07,-6.421656742932716e-06,1.417126135494497e-07,-2.0940260022103148e-06,1.348179663522925e-07
5,5,unloading,1.5,8970f92f1582862065517cf3ae0e5ca1ffde95b706ad5e09c289a15623323746,2898,63.0,35.0,interior,-0.0,-0.0,-0.0,-0.0,-0.0,-0.0
5,5,unloading,1.5,8970f92f1582862065517cf3ae0e5ca1ffde95b706ad5e09c289a15623323746,2899,64.0,35.0,interior,-0.0,-0.0,-0.0,-0.0,-0.0,-0.0
5,5,unloading,1.5,8970f92f1582862065517cf3ae0e5ca1ffde95b706ad5e09c289a15623323746,2900,65.0,35.0,interior,-0.0,-0.0,-0.0,-0.0,-0.0,-0.0
5,5,unloading,1.5,8970f92f1582862065517cf3ae0e5ca1ffde95b706ad5e09c289a15623323746,2901,66.0,35.0,interior,-0.0,-0.0,-0.0,-0.0,-0.0,-0.0
5,5,unloading,1.5,8970f92f1582862065517cf3ae0e5ca1ffde95b706ad5e09c289a15623323746,2902,67.0,35.0,interior,-0.0,-0.0,-0.0,-0.0,-0.0,-0.0
5,5,unloading,1.5,8970f92f1582862065517cf3ae0e5ca1ffde95b706ad5e09c289a15623323746,2903,68.0,35.0,interior,-0.0,-0.0,-0.0,-0.0,-0.0,-0.0
5,5,unloading,1.5,8970f92f1582862065517cf3ae0e5ca1ffde95b706ad5e09c289a15623323746,2904,69.0,35.0,interior,-0.0,-0.0,-0.0,-0.0,-0.0,-0.0
5,5,unloading,1.5,8970f92f1582862065517cf3ae0e5ca1ffde95b706ad5e09c289a15623323746,2905,70.0,35.0,interior,-0.0,-0.0,-0.0,-0.0,-0.0,-0.0
5,5,unloading,1.5,8970f92f1582862065517cf3ae0e5ca1ffde95b706ad5e09c289a15623323746,2906,71.0,35.0,interior,-0.0,-0.0,-0.0,-0.0,-0.0,-0.0
5,5,unloading,1.5,8970f92f1582862065517cf3ae0e5ca1ffde95b706ad5e09c289a15623323746,2907,72.0,35.0,interior,-0.0,-0.0,-0.0,-0.0,-0.0,-0.0
5,5,unloading,1.5,8970f92f1582862065517cf3ae0e5ca1ffde95b706ad5e09c289a15623323746,2908,73.0,35.0,interior,-0.0,-0.0,-0.0,-0.0,-0.0,-0.0
5,5,unloading,1.5,8970f92f1582862065517cf3ae0e5ca1ffde95b706ad5e09c289a15623323746,2909,74.0,35.0,interior,-0.0,-0.0,-0.0,-0.0,-0.0,-0.0
5,5,unloading,1.5,8970f92f1582862065517cf3ae0e5ca1ffde95b706ad5e09c289a15623323746,2910,75.0,35.0,interior,-0.0,-0.0,-0.0,-0.0,-0.0,-0.0
5,5,unloading,1.5,8970f92f1582862065517cf3ae0e5ca1ffde95b706ad5e09c289a15623323746,2911,76.0,35.0,interior,-0.0,-0.0,-0.0,-0.0,-0.0,-0.0
5,5,unloading,1.5,8970f92f1582862065517cf3ae0e5ca1ffde95b706ad5e09c289a15623323746,2912,77.0,35.0,interior,-0.0,-0.0,-0.0,-0.0,-0.0,-0.0
5,5,unloading,1.5,8970f92f1582862065517cf3ae0e5ca1ffde95b706ad5e09c289a15623323746,2913,78.0,35.0,physical_only,-1.6294320804421898e-07,1.2251163322259459e-08,-1.81038506334275e-07,3.896813162711885e-07,1.809529829005607e-08,-3.7743015294892856e-07
5,5,unloading,1.5,8970f92f1582862065517cf3ae0e5ca1ffde95b706ad5e09c289a15623323746,2978,62.0,36.0,physical_only,-8.489923274685622e-06,3.2833198163492104e-07,-6.670424705827006e-06,1.1948823069704623e-07,-1.8194985688586144e-06,2.0884375093787467e-07
5,5,unloading,1.5,8970f92f1582862065517cf3ae0e5ca1ffde95b706ad5e09c289a15623323746,2979,63.0,36.0,interior,-0.0,-0.0,-0.0,-0.0,-0.0,-0.0
5,5,unloading,1.5,8970f92f1582862065517cf3ae0e5ca1ffde95b706ad5e09c289a15623323746,2980,64.0,36.0,interior,-0.0,-0.0,-0.0,-0.0,-0.0,-0.0
5,5,unloading,1.5,8970f92f1582862065517cf3ae0e5ca1ffde95b706ad5e09c289a15623323746,2981,65.0,36.0,interior,-0.0,-0.0,-0.0,-0.0,-0.0,-0.0
5,5,unloading,1.5,8970f92f1582862065517cf3ae0e5ca1ffde95b706ad5e09c289a15623323746,2982,66.0,36.0,interior,-0.0,-0.0,-0.0,-0.0,-0.0,-0.0
5,5,unloading,1.5,8970f92f1582862065517cf3ae0e5ca1ffde95b706ad5e09c289a15623323746,2983,67.0,36.0,interior,-0.0,-0.0,-0.0,-0.0,-0.0,-0.0
5,5,unloading,1.5,8970f92f1582862065517cf3ae0e5ca1ffde95b706ad5e09c289a15623323746,2984,68.0,36.0,interior,-0.0,-0.0,-0.0,-0.0,-0.0,-0.0
5,5,unloading,1.5,8970f92f1582862065517cf3ae0e5ca1ffde95b706ad5e09c289a15623323746,2985,69.0,36.0,interior,-0.0,-0.0,-0.0,-0.0,-0.0,-0.0
5,5,unloading,1.5,8970f92f1582862065517cf3ae0e5ca1ffde95b706ad5e09c289a15623323746,2986,70.0,36.0,interior,-0.0,-0.0,-0.0,-0.0,-0.0,-0.0
5,5,unloading,1.5,8970f92f1582862065517cf3ae0e5ca1ffde95b706ad5e09c289a15623323746,2987,71.0,36.0,interior,-0.0,-0.0,-0.0,-0.0,-0.0,-0.0
5,5,unloading,1.5,8970f92f1582862065517cf3ae0e5ca1ffde95b706ad5e09c289a15623323746,2988,72.0,36.0,interior,-0.0,-0.0,-0.0,-0.0,-0.0,-0.0
5,5,unloading,1.5,8970f92f1582862065517cf3ae0e5ca1ffde95b706ad5e09c289a15623323746,2989,73.0,36.0,interior,-0.0,-0.0,-0.0,-0.0,-0.0,-0.0
5,5,unloading,1.5,8970f92f1582862065517cf3ae0e5ca1ffde95b706ad5e09c289a15623323746,2990,74.0,36.0,interior,-0.0,-0.0,-0.0,-0.0,-0.0,-0.0
5,5,unloading,1.5,8970f92f1582862065517cf3ae0e5ca1ffde95b706ad5e09c289a15623323746,2991,75.0,36.0,interior,-0.0,-0.0,-0.0,-0.0,-0.0,-0.0
5,5,unloading,1.5,8970f92f1582862065517cf3ae0e5ca1ffde95b706ad5e09c289a15623323746,2992,76.0,36.0,interior,-0.0,-0.0,-0.0,-0.0,-0.0,-0.0
5,5,unloading,1.5,8970f92f1582862065517cf3ae0e5ca1ffde95b706ad5e09c289a15623323746,2993,77.0,36.0,interior,-0.0,-0.0,-0.0,-0.0,-0.0,-0.0
5,5,unloading,1.5,8970f92f1582862065517cf3ae0e5ca1ffde95b706ad5e09c289a15623323746,2994,78.0,36.0,physical_only,-1.606394712024025e-07,9.730817956904523e-09,-1.7877689355908973e-07,3.103634980398573e-07,1.8137422356687223e-08,-3.006326800829526e-07
5,5,unloading,1.5,8970f92f1582862065517cf3ae0e5ca1ffde95b706ad5e09c289a15623323746,3059,62.0,37.0,physical_only,-8.525640365662885e-06,2.9764847600529184e-07,-6.865193949171038e-06,9.434347499622937e-08,-1.6604464164918467e-06,2.0330500100906257e-07
5,5,unloading,1.5,8970f92f1582862065517cf3ae0e5ca1ffde95b706ad5e09c289a15623323746,3060,63.0,37.0,interior,-0.0,-0.0,-0.0,-0.0,-0.0,-0.0
5,5,unloading,1.5,8970f92f1582862065517cf3ae0e5ca1ffde95b706ad5e09c289a15623323746,3061,64.0,37.0,interior,-0.0,-0.0,-0.0,-0.0,-0.0,-0.0
5,5,unloading,1.5,8970f92f1582862065517cf3ae0e5ca1ffde95b706ad5e09c289a15623323746,3062,65.0,37.0,interior,-0.0,-0.0,-0.0,-0.0,-0.0,-0.0
5,5,unloading,1.5,8970f92f1582862065517cf3ae0e5ca1ffde95b706ad5e09c289a15623323746,3063,66.0,37.0,interior,-0.0,-0.0,-0.0,-0.0,-0.0,-0.0
5,5,unloading,1.5,8970f92f1582862065517cf3ae0e5ca1ffde95b706ad5e09c289a15623323746,3064,67.0,37.0,interior,-0.0,-0.0,-0.0,-0.0,-0.0,-0.0
5,5,unloading,1.5,8970f92f1582862065517cf3ae0e5ca1ffde95b706ad5e09c289a15623323746,3065,68.0,37.0,interior,-0.0,-0.0,-0.0,-0.0,-0.0,-0.0
5,5,unloading,1.5,8970f92f1582862065517cf3ae0e5ca1ffde95b706ad5e09c289a15623323746,3066,69.0,37.0,interior,-0.0,-0.0,-0.0,-0.0,-0.0,-0.0
5,5,unloading,1.5,8970f92f1582862065517cf3ae0e5ca1ffde95b706ad5e09c289a15623323746,3067,70.0,37.0,interior,-0.0,-0.0,-0.0,-0.0,-0.0,-0.0
5,5,unloading,1.5,8970f92f1582862065517cf3ae0e5ca1ffde95b706ad5e09c289a15623323746,3068,71.0,37.0,interior,-0.0,-0.0,-0.0,-0.0,-0.0,-0.0
5,5,unloading,1.5,8970f92f1582862065517cf3ae0e5ca1ffde95b706ad5e09c289a15623323746,3069,72.0,37.0,interior,-0.0,-0.0,-0.0,-0.0,-0.0,-0.0
5,5,unloading,1.5,8970f92f1582862065517cf3ae0e5ca1ffde95b706ad5e09c289a15623323746,3070,73.0,37.0,interior,-0.0,-0.0,-0.0,-0.0,-0.0,-0.0
5,5,unloading,1.5,8970f92f1582862065517cf3ae0e5ca1ffde95b706ad5e09c289a15623323746,3071,74.0,37.0,interior,-0.0,-0.0,-0.0,-0.0,-0.0,-0.0
5,5,unloading,1.5,8970f92f1582862065517cf3ae0e5ca1ffde95b706ad5e09c289a15623323746,3072,75.0,37.0,interior,-0.0,-0.0,-0.0,-0.0,-0.0,-0.0
5,5,unloading,1.5,8970f92f1582862065517cf3ae0e5ca1ffde95b706ad5e09c289a15623323746,3073,76.0,37.0,interior,-0.0,-0.0,-0.0,-0.0,-0.0,-0.0
5,5,unloading,1.5,8970f92f1582862065517cf3ae0e5ca1ffde95b706ad5e09c289a15623323746,3074,77.0,37.0,interior,-0.0,-0.0,-0.0,-0.0,-0.0,-0.0
5,5,unloading,1.5,8970f92f1582862065517cf3ae0e5ca1ffde95b706ad5e09c289a15623323746,3075,78.0,37.0,physical_only,-1.5885546899469036e-07,7.257290669138866e-09,-1.7702067576880585e-07,2.3196817205622702e-07,1.8165206774115458e-08,-2.2471088138708783e-07
5,5,unloading,1.5,8970f92f1582862065517cf3ae0e5ca1ffde95b706ad5e09c289a15623323746,3140,62.0,38.0,physical_only,-8.568177430188988e-06,2.1604240617763002e-07,-7.005492135021585e-06,6.552989974030678e-08,-1.5626852951674038e-06,1.5051250643732324e-07
5,5,unloading,1.5,8970f92f1582862065517cf3ae0e5ca1ffde95b706ad5e09c289a15623323746,3141,63.0,38.0,interior,-0.0,-0.0,-0.0,-0.0,-0.0,-0.0
5,5,unloading,1.5,8970f92f1582862065517cf3ae0e5ca1ffde95b706ad5e09c289a15623323746,3142,64.0,38.0,interior,-0.0,-0.0,-0.0,-0.0,-0.0,-0.0
5,5,unloading,1.5,8970f92f1582862065517cf3ae0e5ca1ffde95b706ad5e09c289a15623323746,3143,65.0,38.0,interior,-0.0,-0.0,-0.0,-0.0,-0.0,-0.0
5,5,unloading,1.5,8970f92f1582862065517cf3ae0e5ca1ffde95b706ad5e09c289a15623323746,3144,66.0,38.0,interior,-0.0,-0.0,-0.0,-0.0,-0.0,-0.0
5,5,unloading,1.5,8970f92f1582862065517cf3ae0e5ca1ffde95b706ad5e09c289a15623323746,3145,67.0,38.0,interior,-0.0,-0.0,-0.0,-0.0,-0.0,-0.0
5,5,unloading,1.5,8970f92f1582862065517cf3ae0e5ca1ffde95b706ad5e09c289a15623323746,3146,68.0,38.0,interior,-0.0,-0.0,-0.0,-0.0,-0.0,-0.0
5,5,unloading,1.5,8970f92f1582862065517cf3ae0e5ca1ffde95b706ad5e09c289a15623323746,3147,69.0,38.0,interior,-0.0,-0.0,-0.0,-0.0,-0.0,-0.0
5,5,unloading,1.5,8970f92f1582862065517cf3ae0e5ca1ffde95b706ad5e09c289a15623323746,3148,70.0,38.0,interior,-0.0,-0.0,-0.0,-0.0,-0.0,-0.0
5,5,unloading,1.5,8970f92f1582862065517cf3ae0e5ca1ffde95b706ad5e09c289a15623323746,3149,71.0,38.0,interior,-0.0,-0.0,-0.0,-0.0,-0.0,-0.0
5,5,unloading,1.5,8970f92f1582862065517cf3ae0e5ca1ffde95b706ad5e09c289a15623323746,3150,72.0,38.0,interior,-0.0,-0.0,-0.0,-0.0,-0.0,-0.0
5,5,unloading,1.5,8970f92f1582862065517cf3ae0e5ca1ffde95b706ad5e09c289a15623323746,3151,73.0,38.0,interior,-0.0,-0.0,-0.0,-0.0,-0.0,-0.0
5,5,unloading,1.5,8970f92f1582862065517cf3ae0e5ca1ffde95b706ad5e09c289a15623323746,3152,74.0,38.0,interior,-0.0,-0.0,-0.0,-0.0,-0.0,-0.0
5,5,unloading,1.5,8970f92f1582862065517cf3ae0e5ca1ffde95b706ad5e09c289a15623323746,3153,75.0,38.0,interior,-0.0,-0.0,-0.0,-0.0,-0.0,-0.0
5,5,unloading,1.5,8970f92f1582862065517cf3ae0e5ca1ffde95b706ad5e09c289a15623323746,3154,76.0,38.0,interior,-0.0,-0.0,-0.0,-0.0,-0.0,-0.0
5,5,unloading,1.5,8970f92f1582862065517cf3ae0e5ca1ffde95b706ad5e09c289a15623323746,3155,77.0,38.0,interior,-0.0,-0.0,-0.0,-0.0,-0.0,-0.0
5,5,unloading,1.5,8970f92f1582862065517cf3ae0e5ca1ffde95b706ad5e09c289a15623323746,3156,78.0,38.0,physical_only,-1.5758534804608297e-07,4.818782140617728e-09,-1.757677625412054e-07,1.5426289569969262e-07,1.8182414495122462e-08,-1.4944411355907397e-07
5,5,unloading,1.5,8970f92f1582862065517cf3ae0e5ca1ffde95b706ad5e09c289a15623323746,3221,62.0,39.0,physical_only,-8.595514202005295e-06,1.1146083914119154e-07,-7.090251613875199e-06,3.362278295642348e-08,-1.5052625881300958e-06,7.783805618476785e-08
5,5,unloading,1.5,8970f92f1582862065517cf3ae0e5ca1ffde95b706ad5e09c289a15623323746,3222,63.0,39.0,interior,-0.0,-0.0,-0.0,-0.0,-0.0,-0.0
5,5,unloading,1.5,8970f92f1582862065517cf3ae0e5ca1ffde95b706ad5e09c289a15623323746,3223,64.0,39.0,interior,-0.0,-0.0,-0.0,-0.0,-0.0,-0.0
5,5,unloading,1.5,8970f92f1582862065517cf3ae0e5ca1ffde95b706ad5e09c289a15623323746,3224,65.0,39.0,interior,-0.0,-0.0,-0.0,-0.0,-0.0,-0.0
5,5,unloading,1.5,8970f92f1582862065517cf3ae0e5ca1ffde95b706ad5e09c289a15623323746,3225,66.0,39.0,interior,-0.0,-0.0,-0.0,-0.0,-0.0,-0.0
5,5,unloading,1.5,8970f92f1582862065517cf3ae0e5ca1ffde95b706ad5e09c289a15623323746,3226,67.0,39.0,interior,-0.0,-0.0,-0.0,-0.0,-0.0,-0.0
5,5,unloading,1.5,8970f92f1582862065517cf3ae0e5ca1ffde95b706ad5e09c289a15623323746,3227,68.0,39.0,interior,-0.0,-0.0,-0.0,-0.0,-0.0,-0.0
5,5,unloading,1.5,8970f92f1582862065517cf3ae0e5ca1ffde95b706ad5e09c289a15623323746,3228,69.0,39.0,interior,-0.0,-0.0,-0.0,-0.0,-0.0,-0.0
5,5,unloading,1.5,8970f92f1582862065517cf3ae0e5ca1ffde95b706ad5e09c289a15623323746,3229,70.0,39.0,interior,-0.0,-0.0,-0.0,-0.0,-0.0,-0.0
5,5,unloading,1.5,8970f92f1582862065517cf3ae0e5ca1ffde95b706ad5e09c289a15623323746,3230,71.0,39.0,interior,-0.0,-0.0,-0.0,-0.0,-0.0,-0.0
5,5,unloading,1.5,8970f92f1582862065517cf3ae0e5ca1ffde95b706ad5e09c289a15623323746,3231,72.0,39.0,interior,-0.0,-0.0,-0.0,-0.0,-0.0,-0.0
5,5,unloading,1.5,8970f92f1582862065517cf3ae0e5ca1ffde95b706ad5e09c289a15623323746,3232,73.0,39.0,interior,-0.0,-0.0,-0.0,-0.0,-0.0,-0.0
5,5,unloading,1.5,8970f92f1582862065517cf3ae0e5ca1ffde95b706ad5e09c289a15623323746,3233,74.0,39.0,interior,-0.0,-0.0,-0.0,-0.0,-0.0,-0.0
5,5,unloading,1.5,8970f92f1582862065517cf3ae0e5ca1ffde95b706ad5e09c289a15623323746,3234,75.0,39.0,interior,-0.0,-0.0,-0.0,-0.0,-0.0,-0.0
5,5,unloading,1.5,8970f92f1582862065517cf3ae0e5ca1ffde95b706ad5e09c289a15623323746,3235,76.0,39.0,interior,-0.0,-0.0,-0.0,-0.0,-0.0,-0.0
5,5,unloading,1.5,8970f92f1582862065517cf3ae0e5ca1ffde95b706ad5e09c289a15623323746,3236,77.0,39.0,interior,-0.0,-0.0,-0.0,-0.0,-0.0,-0.0
5,5,unloading,1.5,8970f92f1582862065517cf3ae0e5ca1ffde95b706ad5e09c289a15623323746,3237,78.0,39.0,physical_only,-1.5682493955786844e-07,2.403573214358111e-09,-1.7501663160377898e-07,7.701678609823245e-08,1.8191692045910512e-08,-7.461321288387566e-08
5,5,unloading,1.5,8970f92f1582862065517cf3ae0e5ca1ffde95b706ad5e09c289a15623323746,3302,62.0,40.0,physical_and_cut,-4.3021794506105836e-06,-2.4530550980183703e-06,-3.559304720237648e-06,-1.6884929694386606e-06,-7.428747303729351e-07,-7.645621285797098e-07
5,5,unloading,1.5,8970f92f1582862065517cf3ae0e5ca1ffde95b706ad5e09c289a15623323746,3303,63.0,40.0,cut_only,-0.0,-0.0,-0.0,-0.0,-0.0,-0.0
5,5,unloading,1.5,8970f92f1582862065517cf3ae0e5ca1ffde95b706ad5e09c289a15623323746,3304,64.0,40.0,cut_only,-0.0,-0.0,-0.0,-0.0,-0.0,-0.0
5,5,unloading,1.5,8970f92f1582862065517cf3ae0e5ca1ffde95b706ad5e09c289a15623323746,3305,65.0,40.0,cut_only,-0.0,-0.0,-0.0,-0.0,-0.0,-0.0
5,5,unloading,1.5,8970f92f1582862065517cf3ae0e5ca1ffde95b706ad5e09c289a15623323746,3306,66.0,40.0,cut_only,-0.0,-0.0,-0.0,-0.0,-0.0,-0.0
5,5,unloading,1.5,8970f92f1582862065517cf3ae0e5ca1ffde95b706ad5e09c289a15623323746,3307,67.0,40.0,cut_only,-0.0,-0.0,-0.0,-0.0,-0.0,-0.0
5,5,unloading,1.5,8970f92f1582862065517cf3ae0e5ca1ffde95b706ad5e09c289a15623323746,3308,68.0,40.0,cut_only,-0.0,-0.0,-0.0,-0.0,-0.0,-0.0
5,5,unloading,1.5,8970f92f1582862065517cf3ae0e5ca1ffde95b706ad5e09c289a15623323746,3309,69.0,40.0,cut_only,-0.0,-0.0,-0.0,-0.0,-0.0,-0.0
5,5,unloading,1.5,8970f92f1582862065517cf3ae0e5ca1ffde95b706ad5e09c289a15623323746,3310,70.0,40.0,cut_only,-0.0,-0.0,-0.0,-0.0,-0.0,-0.0
5,5,unloading,1.5,8970f92f1582862065517cf3ae0e5ca1ffde95b706ad5e09c289a15623323746,3311,71.0,40.0,cut_only,-0.0,-0.0,-0.0,-0.0,-0.0,-0.0
5,5,unloading,1.5,8970f92f1582862065517cf3ae0e5ca1ffde95b706ad5e09c289a15623323746,3312,72.0,40.0,cut_only,-0.0,-0.0,-0.0,-0.0,-0.0,-0.0
5,5,unloading,1.5,8970f92f1582862065517cf3ae0e5ca1ffde95b706ad5e09c289a15623323746,3313,73.0,40.0,cut_only,-0.0,-0.0,-0.0,-0.0,-0.0,-0.0
5,5,unloading,1.5,8970f92f1582862065517cf3ae0e5ca1ffde95b706ad5e09c289a15623323746,3314,74.0,40.0,cut_only,-0.0,-0.0,-0.0,-0.0,-0.0,-0.0
5,5,unloading,1.5,8970f92f1582862065517cf3ae0e5ca1ffde95b706ad5e09c289a15623323746,3315,75.0,40.0,cut_only,-0.0,-0.0,-0.0,-0.0,-0.0,-0.0
5,5,unloading,1.5,8970f92f1582862065517cf3ae0e5ca1ffde95b706ad5e09c289a15623323746,3316,76.0,40.0,cut_only,-0.0,-0.0,-0.0,-0.0,-0.0,-0.0
5,5,unloading,1.5,8970f92f1582862065517cf3ae0e5ca1ffde95b706ad5e09c289a15623323746,3317,77.0,40.0,cut_only,-0.0,-0.0,-0.0,-0.0,-0.0,-0.0
5,5,unloading,1.5,8970f92f1582862065517cf3ae0e5ca1ffde95b706ad5e09c289a15623323746,3318,78.0,40.0,physical_and_cut,-7.828587358097448e-08,-2.4030502260239918e-05,-8.738317901662192e-08,7.451094307357106e-08,9.097305435647443e-09,-2.4105013203313487e-05
6,6,unloading,1.0,996720719e0ce3a2e72a50a4e2d2e2d11ffddd22afd40b5c3badfccae2c66a2f,2654,62.0,32.0,physical_only,-0.0002161222425707633,-1.8399449546935723e-05,-6.2177103849827075e-06,4.131036121985117e-06,-0.00020990453218578062,-2.253048566892084e-05
6,6,unloading,1.0,996720719e0ce3a2e72a50a4e2d2e2d11ffddd22afd40b5c3badfccae2c66a2f,2655,63.0,32.0,physical_only,-1.6867968306819223e-06,-1.0127696043037436e-05,-2.246557326454368e-06,4.178679748999373e-06,5.597604957724456e-07,-1.4306375792036806e-05
6,6,unloading,1.0,996720719e0ce3a2e72a50a4e2d2e2d11ffddd22afd40b5c3badfccae2c66a2f,2656,64.0,32.0,physical_only,-1.0237767886120935e-06,-1.2683273569943825e-05,-2.2675305059220253e-06,5.0720602977228e-06,1.2437537173099319e-06,-1.7755333867666635e-05
6,6,unloading,1.0,996720719e0ce3a2e72a50a4e2d2e2d11ffddd22afd40b5c3badfccae2c66a2f,2657,65.0,32.0,physical_only,-9.367346553784415e-07,-1.5933920124363513e-05,-2.293483478032014e-06,6.041058958899434e-06,1.356748822653573e-06,-2.1974979083262967e-05
6,6,unloading,1.0,996720719e0ce3a2e72a50a4e2d2e2d11ffddd22afd40b5c3badfccae2c66a2f,2658,66.0,32.0,physical_only,-1.3244734773078732e-06,-1.89591235611847e-05,-2.323599330014811e-06,7.099870451208707e-06,9.991258527069376e-07,-2.6058994012393392e-05
6,6,unloading,1.0,996720719e0ce3a2e72a50a4e2d2e2d11ffddd22afd40b5c3badfccae2c66a2f,2659,67.0,32.0,physical_only,-1.7854214042349225e-06,-2.1586698062149134e-05,-2.3559164425959058e-06,8.260087509541597e-06,5.704950383609833e-07,-2.9846785571690718e-05
6,6,unloading,1.0,996720719e0ce3a2e72a50a4e2d2e2d11ffddd22afd40b5c3badfccae2c66a2f,2660,68.0,32.0,physical_only,-1.8345819706633363e-06,-2.438363948100244e-05,-2.3893618895656123e-06,9.531575864892744e-06,5.54779918902276e-07,-3.39152153458952e-05
6,6,unloading,1.0,996720719e0ce3a2e72a50a4e2d2e2d11ffddd22afd40b5c3badfccae2c66a2f,2661,69.0,32.0,physical_only,-1.9440507202356332e-06,-2.765023946963048e-05,-2.4235715973568073e-06,1.0924626944852623e-05,4.795208771211736e-07,-3.8574866414483114e-05
6,6,unloading,1.0,996720719e0ce3a2e72a50a4e2d2e2d11ffddd22afd40b5c3badfccae2c66a2f,2662,70.0,32.0,physical_only,-2.0915864902373474e-06,-3.118931897215055e-05,-2.4586856050028202e-06,1.2451243905219865e-05,3.6709911476547237e-07,-4.364056287737043e-05
6,6,unloading,1.0,996720719e0ce3a2e72a50a4e2d2e2d11ffddd22afd40b5c3badfccae2c66a2f,2663,71.0,32.0,physical_only,-2.2902556818408703e-06,-3.4971039122483534e-05,-2.4946905548977442e-06,1.412531303129428e-05,2.044348730568739e-07,-4.9096352153777756e-05
6,6,unloading,1.0,996720719e0ce3a2e72a50a4e2d2e2d11ffddd22afd40b5c3badfccae2c66a2f,2664,72.0,32.0,physical_only,-2.546128230694195e-06,-3.894982375611734e-05,-2.5316087229244565e-06,1.5962780945910777e-05,-1.4519507769737973e-08,-5.4912604702028094e-05
6,6,unloading,1.0,996720719e0ce3a2e72a50a4e2d2e2d11ffddd22afd40b5c3badfccae2c66a2f,2665,73.0,32.0,physical_only,-2.9737237395100217e-06,-4.270617748603872e-05,-2.5692201613130554e-06,1.7981496932210173e-05,-4.045035781969658e-07,-6.0687674418248864e-05
6,6,unloading,1.0,996720719e0ce3a2e72a50a4e2d2e2d11ffddd22afd40b5c3badfccae2c66a2f,2666,74.0,32.0,physical_only,-2.5578454712031975e-06,-4.6481031705137774e-05,-2.607782770727872e-06,2.020182877658856e-05,4.993729952467426e-08,-6.668286048172633e-05
6,6,unloading,1.0,996720719e0ce3a2e72a50a4e2d2e2d11ffddd22afd40b5c3badfccae2c66a2f,2667,75.0,32.0,physical_only,-1.360916461623406e-06,-5.184384083285287e-05,-2.6485843601116135e-06,2.2649642286021758e-05,1.2876678984882075e-06,-7.449348311887479e-05
6,6,unloading,1.0,996720719e0ce3a2e72a50a4e2d2e2d11ffddd22afd40b5c3badfccae2c66a2f,2668,76.0,32.0,physical_only,4.2558272255412345e-07,-6.089167086455508e-05,-2.6947773766591086e-06,2.5363092733959835e-05,3.120360099213232e-06,-8.625476359851473e-05
6,6,unloading,1.0,996720719e0ce3a2e72a50a4e2d2e2d11ffddd22afd40b5c3badfccae2c66a2f,2669,77.0,32.0,physical_only,9.822429286276332e-07,-7.154049574470986e-05,-2.7484418519876096e-06,2.8396029584595547e-05,3.7306847806152415e-06,-9.993652532930546e-05
6,6,unloading,1.0,996720719e0ce3a2e72a50a4e2d2e2d11ffddd22afd40b5c3badfccae2c66a2f,2670,78.0,32.0,physical_only,-1.9021238953123042e-05,0.0008952370442662001,-3.6050557302790196e-06,3.220040905767592e-05,-1.541618322284402e-05,0.0008630366352085241
6,6,unloading,1.0,996720719e0ce3a2e72a50a4e2d2e2d11ffddd22afd40b5c3badfccae2c66a2f,2735,62.0,33.0,physical_only,-6.444836992040637e-06,-7.128783516352539e-07,-4.505323591818702e-06,1.6907382049626051e-07,-1.9395134002219363e-06,-8.819521721315143e-07
6,6,unloading,1.0,996720719e0ce3a2e72a50a4e2d2e2d11ffddd22afd40b5c3badfccae2c66a2f,2736,63.0,33.0,interior,-0.0,-0.0,-0.0,-0.0,-0.0,-0.0
6,6,unloading,1.0,996720719e0ce3a2e72a50a4e2d2e2d11ffddd22afd40b5c3badfccae2c66a2f,2737,64.0,33.0,interior,-0.0,-0.0,-0.0,-0.0,-0.0,-0.0
6,6,unloading,1.0,996720719e0ce3a2e72a50a4e2d2e2d11ffddd22afd40b5c3badfccae2c66a2f,2738,65.0,33.0,interior,-0.0,-0.0,-0.0,-0.0,-0.0,-0.0
6,6,unloading,1.0,996720719e0ce3a2e72a50a4e2d2e2d11ffddd22afd40b5c3badfccae2c66a2f,2739,66.0,33.0,interior,-0.0,-0.0,-0.0,-0.0,-0.0,-0.0
6,6,unloading,1.0,996720719e0ce3a2e72a50a4e2d2e2d11ffddd22afd40b5c3badfccae2c66a2f,2740,67.0,33.0,interior,-0.0,-0.0,-0.0,-0.0,-0.0,-0.0
6,6,unloading,1.0,996720719e0ce3a2e72a50a4e2d2e2d11ffddd22afd40b5c3badfccae2c66a2f,2741,68.0,33.0,interior,-0.0,-0.0,-0.0,-0.0,-0.0,-0.0
6,6,unloading,1.0,996720719e0ce3a2e72a50a4e2d2e2d11ffddd22afd40b5c3badfccae2c66a2f,2742,69.0,33.0,interior,-0.0,-0.0,-0.0,-0.0,-0.0,-0.0
6,6,unloading,1.0,996720719e0ce3a2e72a50a4e2d2e2d11ffddd22afd40b5c3badfccae2c66a2f,2743,70.0,33.0,interior,-0.0,-0.0,-0.0,-0.0,-0.0,-0.0
6,6,unloading,1.0,996720719e0ce3a2e72a50a4e2d2e2d11ffddd22afd40b5c3badfccae2c66a2f,2744,71.0,33.0,interior,-0.0,-0.0,-0.0,-0.0,-0.0,-0.0
6,6,unloading,1.0,996720719e0ce3a2e72a50a4e2d2e2d11ffddd22afd40b5c3badfccae2c66a2f,2745,72.0,33.0,interior,-0.0,-0.0,-0.0,-0.0,-0.0,-0.0
6,6,unloading,1.0,996720719e0ce3a2e72a50a4e2d2e2d11ffddd22afd40b5c3badfccae2c66a2f,2746,73.0,33.0,interior,-0.0,-0.0,-0.0,-0.0,-0.0,-0.0
6,6,unloading,1.0,996720719e0ce3a2e72a50a4e2d2e2d11ffddd22afd40b5c3badfccae2c66a2f,2747,74.0,33.0,interior,-0.0,-0.0,-0.0,-0.0,-0.0,-0.0
6,6,unloading,1.0,996720719e0ce3a2e72a50a4e2d2e2d11ffddd22afd40b5c3badfccae2c66a2f,2748,75.0,33.0,interior,-0.0,-0.0,-0.0,-0.0,-0.0,-0.0
6,6,unloading,1.0,996720719e0ce3a2e72a50a4e2d2e2d11ffddd22afd40b5c3badfccae2c66a2f,2749,76.0,33.0,interior,-0.0,-0.0,-0.0,-0.0,-0.0,-0.0
6,6,unloading,1.0,996720719e0ce3a2e72a50a4e2d2e2d11ffddd22afd40b5c3badfccae2c66a2f,2750,77.0,33.0,interior,-0.0,-0.0,-0.0,-0.0,-0.0,-0.0
6,6,unloading,1.0,996720719e0ce3a2e72a50a4e2d2e2d11ffddd22afd40b5c3badfccae2c66a2f,2751,78.0,33.0,physical_only,-1.101421715561563e-07,1.0603537144873943e-08,-9.89924136743926e-08,3.654964260214536e-07,-1.1149757881763663e-08,-3.548928888765819e-07
6,6,unloading,1.0,996720719e0ce3a2e72a50a4e2d2e2d11ffddd22afd40b5c3badfccae2c66a2f,2816,62.0,34.0,physical_only,-5.903458584968e-06,-2.8032406087143567e-07,-4.6703099603756215e-06,1.3974313619799575e-07,-1.2331486245923779e-06,-4.200671970694314e-07
6,6,unloading,1.0,996720719e0ce3a2e72a50a4e2d2e2d11ffddd22afd40b5c3badfccae2c66a2f,2817,63.0,34.0,interior,-0.0,-0.0,-0.0,-0.0,-0.0,-0.0
6,6,unloading,1.0,996720719e0ce3a2e72a50a4e2d2e2d11ffddd22afd40b5c3badfccae2c66a2f,2818,64.0,34.0,interior,-0.0,-0.0,-0.0,-0.0,-0.0,-0.0
6,6,unloading,1.0,996720719e0ce3a2e72a50a4e2d2e2d11ffddd22afd40b5c3badfccae2c66a2f,2819,65.0,34.0,interior,-0.0,-0.0,-0.0,-0.0,-0.0,-0.0
6,6,unloading,1.0,996720719e0ce3a2e72a50a4e2d2e2d11ffddd22afd40b5c3badfccae2c66a2f,2820,66.0,34.0,interior,-0.0,-0.0,-0.0,-0.0,-0.0,-0.0
6,6,unloading,1.0,996720719e0ce3a2e72a50a4e2d2e2d11ffddd22afd40b5c3badfccae2c66a2f,2821,67.0,34.0,interior,-0.0,-0.0,-0.0,-0.0,-0.0,-0.0
6,6,unloading,1.0,996720719e0ce3a2e72a50a4e2d2e2d11ffddd22afd40b5c3badfccae2c66a2f,2822,68.0,34.0,interior,-0.0,-0.0,-0.0,-0.0,-0.0,-0.0
6,6,unloading,1.0,996720719e0ce3a2e72a50a4e2d2e2d11ffddd22afd40b5c3badfccae2c66a2f,2823,69.0,34.0,interior,-0.0,-0.0,-0.0,-0.0,-0.0,-0.0
6,6,unloading,1.0,996720719e0ce3a2e72a50a4e2d2e2d11ffddd22afd40b5c3badfccae2c66a2f,2824,70.0,34.0,interior,-0.0,-0.0,-0.0,-0.0,-0.0,-0.0
6,6,unloading,1.0,996720719e0ce3a2e72a50a4e2d2e2d11ffddd22afd40b5c3badfccae2c66a2f,2825,71.0,34.0,interior,-0.0,-0.0,-0.0,-0.0,-0.0,-0.0
6,6,unloading,1.0,996720719e0ce3a2e72a50a4e2d2e2d11ffddd22afd40b5c3badfccae2c66a2f,2826,72.0,34.0,interior,-0.0,-0.0,-0.0,-0.0,-0.0,-0.0
6,6,unloading,1.0,996720719e0ce3a2e72a50a4e2d2e2d11ffddd22afd40b5c3badfccae2c66a2f,2827,73.0,34.0,interior,-0.0,-0.0,-0.0,-0.0,-0.0,-0.0
6,6,unloading,1.0,996720719e0ce3a2e72a50a4e2d2e2d11ffddd22afd40b5c3badfccae2c66a2f,2828,74.0,34.0,interior,-0.0,-0.0,-0.0,-0.0,-0.0,-0.0
6,6,unloading,1.0,996720719e0ce3a2e72a50a4e2d2e2d11ffddd22afd40b5c3badfccae2c66a2f,2829,75.0,34.0,interior,-0.0,-0.0,-0.0,-0.0,-0.0,-0.0
6,6,unloading,1.0,996720719e0ce3a2e72a50a4e2d2e2d11ffddd22afd40b5c3badfccae2c66a2f,2830,76.0,34.0,interior,-0.0,-0.0,-0.0,-0.0,-0.0,-0.0
6,6,unloading,1.0,996720719e0ce3a2e72a50a4e2d2e2d11ffddd22afd40b5c3badfccae2c66a2f,2831,77.0,34.0,interior,-0.0,-0.0,-0.0,-0.0,-0.0,-0.0
6,6,unloading,1.0,996720719e0ce3a2e72a50a4e2d2e2d11ffddd22afd40b5c3badfccae2c66a2f,2832,78.0,34.0,physical_only,-1.0795223175705267e-07,8.994203642840914e-09,-9.822201487615613e-08,3.112069164946566e-07,-9.730216880896548e-09,-3.0221271285181677e-07
6,6,unloading,1.0,996720719e0ce3a2e72a50a4e2d2e2d11ffddd22afd40b5c3badfccae2c66a2f,2897,62.0,35.0,physical_only,-5.779421278785296e-06,3.8237757269858735e-08,-4.8054554258170585e-06,1.1735917729984306e-07,-9.739658529682371e-07,-7.912142002998433e-08
6,6,unloading,1.0,996720719e0ce3a2e72a50a4e2d2e2d11ffddd22afd40b5c3badfccae2c66a2f,2898,63.0,35.0,interior,-0.0,-0.0,-0.0,-0.0,-0.0,-0.0
6,6,unloading,1.0,996720719e0ce3a2e72a50a4e2d2e2d11ffddd22afd40b5c3badfccae2c66a2f,2899,64.0,35.0,interior,-0.0,-0.0,-0.0,-0.0,-0.0,-0.0
6,6,unloading,1.0,996720719e0ce3a2e72a50a4e2d2e2d11ffddd22afd40b5c3badfccae2c66a2f,2900,65.0,35.0,interior,-0.0,-0.0,-0.0,-0.0,-0.0,-0.0
6,6,unloading,1.0,996720719e0ce3a2e72a50a4e2d2e2d11ffddd22afd40b5c3badfccae2c66a2f,2901,66.0,35.0,interior,-0.0,-0.0,-0.0,-0.0,-0.0,-0.0
6,6,unloading,1.0,996720719e0ce3a2e72a50a4e2d2e2d11ffddd22afd40b5c3badfccae2c66a2f,2902,67.0,35.0,interior,-0.0,-0.0,-0.0,-0.0,-0.0,-0.0
6,6,unloading,1.0,996720719e0ce3a2e72a50a4e2d2e2d11ffddd22afd40b5c3badfccae2c66a2f,2903,68.0,35.0,interior,-0.0,-0.0,-0.0,-0.0,-0.0,-0.0
6,6,unloading,1.0,996720719e0ce3a2e72a50a4e2d2e2d11ffddd22afd40b5c3badfccae2c66a2f,2904,69.0,35.0,interior,-0.0,-0.0,-0.0,-0.0,-0.0,-0.0
6,6,unloading,1.0,996720719e0ce3a2e72a50a4e2d2e2d11ffddd22afd40b5c3badfccae2c66a2f,2905,70.0,35.0,interior,-0.0,-0.0,-0.0,-0.0,-0.0,-0.0
6,6,unloading,1.0,996720719e0ce3a2e72a50a4e2d2e2d11ffddd22afd40b5c3badfccae2c66a2f,2906,71.0,35.0,interior,-0.0,-0.0,-0.0,-0.0,-0.0,-0.0
6,6,unloading,1.0,996720719e0ce3a2e72a50a4e2d2e2d11ffddd22afd40b5c3badfccae2c66a2f,2907,72.0,35.0,interior,-0.0,-0.0,-0.0,-0.0,-0.0,-0.0
6,6,unloading,1.0,996720719e0ce3a2e72a50a4e2d2e2d11ffddd22afd40b5c3badfccae2c66a2f,2908,73.0,35.0,interior,-0.0,-0.0,-0.0,-0.0,-0.0,-0.0
6,6,unloading,1.0,996720719e0ce3a2e72a50a4e2d2e2d11ffddd22afd40b5c3badfccae2c66a2f,2909,74.0,35.0,interior,-0.0,-0.0,-0.0,-0.0,-0.0,-0.0
6,6,unloading,1.0,996720719e0ce3a2e72a50a4e2d2e2d11ffddd22afd40b5c3badfccae2c66a2f,2910,75.0,35.0,interior,-0.0,-0.0,-0.0,-0.0,-0.0,-0.0
6,6,unloading,1.0,996720719e0ce3a2e72a50a4e2d2e2d11ffddd22afd40b5c3badfccae2c66a2f,2911,76.0,35.0,interior,-0.0,-0.0,-0.0,-0.0,-0.0,-0.0
6,6,unloading,1.0,996720719e0ce3a2e72a50a4e2d2e2d11ffddd22afd40b5c3badfccae2c66a2f,2912,77.0,35.0,interior,-0.0,-0.0,-0.0,-0.0,-0.0,-0.0
6,6,unloading,1.0,996720719e0ce3a2e72a50a4e2d2e2d11ffddd22afd40b5c3badfccae2c66a2f,2913,78.0,35.0,physical_only,-1.0611096886801629e-07,7.428850095299219e-09,-9.75502240702401e-08,2.57880489454906e-07,-8.560744797776199e-09,-2.5045163935960444e-07
6,6,unloading,1.0,996720719e0ce3a2e72a50a4e2d2e2d11ffddd22afd40b5c3badfccae2c66a2f,2978,62.0,36.0,physical_only,-5.86401301065758e-06,1.9408109896296827e-07,-4.916849344938778e-06,9.69283130321957e-08,-9.471636657188017e-07,9.715278593077236e-08
6,6,unloading,1.0,996720719e0ce3a2e72a50a4e2d2e2d11ffddd22afd40b5c3badfccae2c66a2f,2979,63.0,36.0,interior,-0.0,-0.0,-0.0,-0.0,-0.0,-0.0
6,6,unloading,1.0,996720719e0ce3a2e72a50a4e2d2e2d11ffddd22afd40b5c3badfccae2c66a2f,2980,64.0,36.0,interior,-0.0,-0.0,-0.0,-0.0,-0.0,-0.0
6,6,unloading,1.0,996720719e0ce3a2e72a50a4e2d2e2d11ffddd22afd40b5c3badfccae2c66a2f,2981,65.0,36.0,interior,-0.0,-0.0,-0.0,-0.0,-0.0,-0.0
6,6,unloading,1.0,996720719e0ce3a2e72a50a4e2d2e2d11ffddd22afd40b5c3badfccae2c66a2f,2982,66.0,36.0,interior,-0.0,-0.0,-0.0,-0.0,-0.0,-0.0
6,6,unloading,1.0,996720719e0ce3a2e72a50a4e2d2e2d11ffddd22afd40b5c3badfccae2c66a2f,2983,67.0,36.0,interior,-0.0,-0.0,-0.0,-0.0,-0.0,-0.0
6,6,unloading,1.0,996720719e0ce3a2e72a50a4e2d2e2d11ffddd22afd40b5c3badfccae2c66a2f,2984,68.0,36.0,interior,-0.0,-0.0,-0.0,-0.0,-0.0,-0.0
6,6,unloading,1.0,996720719e0ce3a2e72a50a4e2d2e2d11ffddd22afd40b5c3badfccae2c66a2f,2985,69.0,36.0,interior,-0.0,-0.0,-0.0,-0.0,-0.0,-0.0
6,6,unloading,1.0,996720719e0ce3a2e72a50a4e2d2e2d11ffddd22afd40b5c3badfccae2c66a2f,2986,70.0,36.0,interior,-0.0,-0.0,-0.0,-0.0,-0.0,-0.0
6,6,unloading,1.0,996720719e0ce3a2e72a50a4e2d2e2d11ffddd22afd40b5c3badfccae2c66a2f,2987,71.0,36.0,interior,-0.0,-0.0,-0.0,-0.0,-0.0,-0.0
6,6,unloading,1.0,996720719e0ce3a2e72a50a4e2d2e2d11ffddd22afd40b5c3badfccae2c66a2f,2988,72.0,36.0,interior,-0.0,-0.0,-0.0,-0.0,-0.0,-0.0
6,6,unloading,1.0,996720719e0ce3a2e72a50a4e2d2e2d11ffddd22afd40b5c3badfccae2c66a2f,2989,73.0,36.0,interior,-0.0,-0.0,-0.0,-0.0,-0.0,-0.0
6,6,unloading,1.0,996720719e0ce3a2e72a50a4e2d2e2d11ffddd22afd40b5c3badfccae2c66a2f,2990,74.0,36.0,interior,-0.0,-0.0,-0.0,-0.0,-0.0,-0.0
6,6,unloading,1.0,996720719e0ce3a2e72a50a4e2d2e2d11ffddd22afd40b5c3badfccae2c66a2f,2991,75.0,36.0,interior,-0.0,-0.0,-0.0,-0.0,-0.0,-0.0
6,6,unloading,1.0,996720719e0ce3a2e72a50a4e2d2e2d11ffddd22afd40b5c3badfccae2c66a2f,2992,76.0,36.0,interior,-0.0,-0.0,-0.0,-0.0,-0.0,-0.0
6,6,unloading,1.0,996720719e0ce3a2e72a50a4e2d2e2d11ffddd22afd40b5c3badfccae2c66a2f,2993,77.0,36.0,interior,-0.0,-0.0,-0.0,-0.0,-0.0,-0.0
6,6,unloading,1.0,996720719e0ce3a2e72a50a4e2d2e2d11ffddd22afd40b5c3badfccae2c66a2f,2994,78.0,36.0,physical_only,-1.0461247432672032e-07,5.89986057929445e-09,-9.698725071295981e-08,2.053524126545228e-07,-7.625223613760496e-09,-1.9945255207523029e-07
6,6,unloading,1.0,996720719e0ce3a2e72a50a4e2d2e2d11ffddd22afd40b5c3badfccae2c66a2f,3059,62.0,37.0,physical_only,-6.002718383056163e-06,2.245514867486377e-07,-5.005669618394513e-06,7.54629713090785e-08,-9.970487646616486e-07,1.4908851543955942e-07
6,6,unloading,1.0,996720719e0ce3a2e72a50a4e2d2e2d11ffddd22afd40b5c3badfccae2c66a2f,3060,63.0,37.0,interior,-0.0,-0.0,-0.0,-0.0,-0.0,-0.0
6,6,unloading,1.0,996720719e0ce3a2e72a50a4e2d2e2d11ffddd22afd40b5c3badfccae2c66a2f,3061,64.0,37.0,interior,-0.0,-0.0,-0.0,-0.0,-0.0,-0.0
6,6,unloading,1.0,996720719e0ce3a2e72a50a4e2d2e2d11ffddd22afd40b5c3badfccae2c66a2f,3062,65.0,37.0,interior,-0.0,-0.0,-0.0,-0.0,-0.0,-0.0
6,6,unloading,1.0,996720719e0ce3a2e72a50a4e2d2e2d11ffddd22afd40b5c3badfccae2c66a2f,3063,66.0,37.0,interior,-0.0,-0.0,-0.0,-0.0,-0.0,-0.0
6,6,unloading,1.0,996720719e0ce3a2e72a50a4e2d2e2d11ffddd22afd40b5c3badfccae2c66a2f,3064,67.0,37.0,interior,-0.0,-0.0,-0.0,-0.0,-0.0,-0.0
6,6,unloading,1.0,996720719e0ce3a2e72a50a4e2d2e2d11ffddd22afd40b5c3badfccae2c66a2f,3065,68.0,37.0,interior,-0.0,-0.0,-0.0,-0.0,-0.0,-0.0
6,6,unloading,1.0,996720719e0ce3a2e72a50a4e2d2e2d11ffddd22afd40b5c3badfccae2c66a2f,3066,69.0,37.0,interior,-0.0,-0.0,-0.0,-0.0,-0.0,-0.0
6,6,unloading,1.0,996720719e0ce3a2e72a50a4e2d2e2d11ffddd22afd40b5c3badfccae2c66a2f,3067,70.0,37.0,interior,-0.0,-0.0,-0.0,-0.0,-0.0,-0.0
6,6,unloading,1.0,996720719e0ce3a2e72a50a4e2d2e2d11ffddd22afd40b5c3badfccae2c66a2f,3068,71.0,37.0,interior,-0.0,-0.0,-0.0,-0.0,-0.0,-0.0
6,6,unloading,1.0,996720719e0ce3a2e72a50a4e2d2e2d11ffddd22afd40b5c3badfccae2c66a2f,3069,72.0,37.0,interior,-0.0,-0.0,-0.0,-0.0,-0.0,-0.0
6,6,unloading,1.0,996720719e0ce3a2e72a50a4e2d2e2d11ffddd22afd40b5c3badfccae2c66a2f,3070,73.0,37.0,interior,-0.0,-0.0,-0.0,-0.0,-0.0,-0.0
6,6,unloading,1.0,996720719e0ce3a2e72a50a4e2d2e2d11ffddd22afd40b5c3badfccae2c66a2f,3071,74.0,37.0,interior,-0.0,-0.0,-0.0,-0.0,-0.0,-0.0
6,6,unloading,1.0,996720719e0ce3a2e72a50a4e2d2e2d11ffddd22afd40b5c3badfccae2c66a2f,3072,75.0,37.0,interior,-0.0,-0.0,-0.0,-0.0,-0.0,-0.0
6,6,unloading,1.0,996720719e0ce3a2e72a50a4e2d2e2d11ffddd22afd40b5c3badfccae2c66a2f,3073,76.0,37.0,interior,-0.0,-0.0,-0.0,-0.0,-0.0,-0.0
6,6,unloading,1.0,996720719e0ce3a2e72a50a4e2d2e2d11ffddd22afd40b5c3badfccae2c66a2f,3074,77.0,37.0,interior,-0.0,-0.0,-0.0,-0.0,-0.0,-0.0
6,6,unloading,1.0,996720719e0ce3a2e72a50a4e2d2e2d11ffddd22afd40b5c3badfccae2c66a2f,3075,78.0,37.0,physical_only,-1.0345193836617815e-07,4.399773162224845e-09,-9.654121778281026e-08,1.5346026651579106e-07,-6.910720583367878e-09,-1.490604933535665e-07
6,6,unloading,1.0,996720719e0ce3a2e72a50a4e2d2e2d11ffddd22afd40b5c3badfccae2c66a2f,3140,62.0,38.0,physical_only,-6.121275182961874e-06,1.7760156513614643e-07,-5.070801489270493e-06,5.192088544508991e-08,-1.050473693691381e-06,1.2568067969105673e-07
6,6,unloading,1.0,996720719e0ce3a2e72a50a4e2d2e2d11ffddd22afd40b5c3badfccae2c66a2f,3141,63.0,38.0,interior,-0.0,-0.0,-0.0,-0.0,-0.0,-0.0
6,6,unloading,1.0,996720719e0ce3a2e72a50a4e2d2e2d11ffddd22afd40b5c3badfccae2c66a2f,3142,64.0,38.0,interior,-0.0,-0.0,-0.0,-0.0,-0.0,-0.0
6,6,unloading,1.0,996720719e0ce3a2e72a50a4e2d2e2d11ffddd22afd40b5c3badfccae2c66a2f,3143,65.0,38.0,interior,-0.0,-0.0,-0.0,-0.0,-0.0,-0.0
6,6,unloading,1.0,996720719e0ce3a2e72a50a4e2d2e2d11ffddd22afd40b5c3badfccae2c66a2f,3144,66.0,38.0,interior,-0.0,-0.0,-0.0,-0.0,-0.0,-0.0
6,6,unloading,1.0,996720719e0ce3a2e72a50a4e2d2e2d11ffddd22afd40b5c3badfccae2c66a2f,3145,67.0,38.0,interior,-0.0,-0.0,-0.0,-0.0,-0.0,-0.0
6,6,unloading,1.0,996720719e0ce3a2e72a50a4e2d2e2d11ffddd22afd40b5c3badfccae2c66a2f,3146,68.0,38.0,interior,-0.0,-0.0,-0.0,-0.0,-0.0,-0.0
6,6,unloading,1.0,996720719e0ce3a2e72a50a4e2d2e2d11ffddd22afd40b5c3badfccae2c66a2f,3147,69.0,38.0,interior,-0.0,-0.0,-0.0,-0.0,-0.0,-0.0
6,6,unloading,1.0,996720719e0ce3a2e72a50a4e2d2e2d11ffddd22afd40b5c3badfccae2c66a2f,3148,70.0,38.0,interior,-0.0,-0.0,-0.0,-0.0,-0.0,-0.0
6,6,unloading,1.0,996720719e0ce3a2e72a50a4e2d2e2d11ffddd22afd40b5c3badfccae2c66a2f,3149,71.0,38.0,interior,-0.0,-0.0,-0.0,-0.0,-0.0,-0.0
6,6,unloading,1.0,996720719e0ce3a2e72a50a4e2d2e2d11ffddd22afd40b5c3badfccae2c66a2f,3150,72.0,38.0,interior,-0.0,-0.0,-0.0,-0.0,-0.0,-0.0
6,6,unloading,1.0,996720719e0ce3a2e72a50a4e2d2e2d11ffddd22afd40b5c3badfccae2c66a2f,3151,73.0,38.0,interior,-0.0,-0.0,-0.0,-0.0,-0.0,-0.0
6,6,unloading,1.0,996720719e0ce3a2e72a50a4e2d2e2d11ffddd22afd40b5c3badfccae2c66a2f,3152,74.0,38.0,interior,-0.0,-0.0,-0.0,-0.0,-0.0,-0.0
6,6,unloading,1.0,996720719e0ce3a2e72a50a4e2d2e2d11ffddd22afd40b5c3badfccae2c66a2f,3153,75.0,38.0,interior,-0.0,-0.0,-0.0,-0.0,-0.0,-0.0
6,6,unloading,1.0,996720719e0ce3a2e72a50a4e2d2e2d11ffddd22afd40b5c3badfccae2c66a2f,3154,76.0,38.0,interior,-0.0,-0.0,-0.0,-0.0,-0.0,-0.0
6,6,unloading,1.0,996720719e0ce3a2e72a50a4e2d2e2d11ffddd22afd40b5c3badfccae2c66a2f,3155,77.0,38.0,interior,-0.0,-0.0,-0.0,-0.0,-0.0,-0.0
6,6,unloading,1.0,996720719e0ce3a2e72a50a4e2d2e2d11ffddd22afd40b5c3badfccae2c66a2f,3156,78.0,38.0,physical_only,-1.0262563537566469e-07,2.921251099634488e-09,-9.621830147339503e-08,1.0204346985479302e-07,-6.407333902269664e-09,-9.912221875515989e-08
6,6,unloading,1.0,996720719e0ce3a2e72a50a4e2d2e2d11ffddd22afd40b5c3badfccae2c66a2f,3221,62.0,39.0,physical_only,-6.192934883332681e-06,9.460091698571326e-08,-5.110660115441635e-06,2.6490904735729977e-08,-1.0822747678910453e-06,6.811001224998307e-08
6,6,unloading,1.0,996720719e0ce3a2e72a50a4e2d2e2d11ffddd22afd40b5c3badfccae2c66a2f,3222,63.0,39.0,interior,-0.0,-0.0,-0.0,-0.0,-0.0,-0.0
6,6,unloading,1.0,996720719e0ce3a2e72a50a4e2d2e2d11ffddd22afd40b5c3badfccae2c66a2f,3223,64.0,39.0,interior,-0.0,-0.0,-0.0,-0.0,-0.0,-0.0
6,6,unloading,1.0,996720719e0ce3a2e72a50a4e2d2e2d11ffddd22afd40b5c3badfccae2c66a2f,3224,65.0,39.0,interior,-0.0,-0.0,-0.0,-0.0,-0.0,-0.0
6,6,unloading,1.0,996720719e0ce3a2e72a50a4e2d2e2d11ffddd22afd40b5c3badfccae2c66a2f,3225,66.0,39.0,interior,-0.0,-0.0,-0.0,-0.0,-0.0,-0.0
6,6,unloading,1.0,996720719e0ce3a2e72a50a4e2d2e2d11ffddd22afd40b5c3badfccae2c66a2f,3226,67.0,39.0,interior,-0.0,-0.0,-0.0,-0.0,-0.0,-0.0
6,6,unloading,1.0,996720719e0ce3a2e72a50a4e2d2e2d11ffddd22afd40b5c3badfccae2c66a2f,3227,68.0,39.0,interior,-0.0,-0.0,-0.0,-0.0,-0.0,-0.0
6,6,unloading,1.0,996720719e0ce3a2e72a50a4e2d2e2d11ffddd22afd40b5c3badfccae2c66a2f,3228,69.0,39.0,interior,-0.0,-0.0,-0.0,-0.0,-0.0,-0.0
6,6,unloading,1.0,996720719e0ce3a2e72a50a4e2d2e2d11ffddd22afd40b5c3badfccae2c66a2f,3229,70.0,39.0,interior,-0.0,-0.0,-0.0,-0.0,-0.0,-0.0
6,6,unloading,1.0,996720719e0ce3a2e72a50a4e2d2e2d11ffddd22afd40b5c3badfccae2c66a2f,3230,71.0,39.0,interior,-0.0,-0.0,-0.0,-0.0,-0.0,-0.0
6,6,unloading,1.0,996720719e0ce3a2e72a50a4e2d2e2d11ffddd22afd40b5c3badfccae2c66a2f,3231,72.0,39.0,interior,-0.0,-0.0,-0.0,-0.0,-0.0,-0.0
6,6,unloading,1.0,996720719e0ce3a2e72a50a4e2d2e2d11ffddd22afd40b5c3badfccae2c66a2f,3232,73.0,39.0,interior,-0.0,-0.0,-0.0,-0.0,-0.0,-0.0
6,6,unloading,1.0,996720719e0ce3a2e72a50a4e2d2e2d11ffddd22afd40b5c3badfccae2c66a2f,3233,74.0,39.0,interior,-0.0,-0.0,-0.0,-0.0,-0.0,-0.0
6,6,unloading,1.0,996720719e0ce3a2e72a50a4e2d2e2d11ffddd22afd40b5c3badfccae2c66a2f,3234,75.0,39.0,interior,-0.0,-0.0,-0.0,-0.0,-0.0,-0.0
6,6,unloading,1.0,996720719e0ce3a2e72a50a4e2d2e2d11ffddd22afd40b5c3badfccae2c66a2f,3235,76.0,39.0,interior,-0.0,-0.0,-0.0,-0.0,-0.0,-0.0
6,6,unloading,1.0,996720719e0ce3a2e72a50a4e2d2e2d11ffddd22afd40b5c3badfccae2c66a2f,3236,77.0,39.0,interior,-0.0,-0.0,-0.0,-0.0,-0.0,-0.0
6,6,unloading,1.0,996720719e0ce3a2e72a50a4e2d2e2d11ffddd22afd40b5c3badfccae2c66a2f,3237,78.0,39.0,physical_only,-1.02130912437829e-07,1.457052664936495e-09,-9.602283809977343e-08,5.09428135458125e-08,-6.108074338055562e-09,-4.948576088087628e-08
6,6,unloading,1.0,996720719e0ce3a2e72a50a4e2d2e2d11ffddd22afd40b5c3badfccae2c66a2f,3302,62.0,40.0,physical_and_cut,-3.10804619773959e-06,-2.8231521482450216e-06,-2.562041445784826e-06,-1.178929265235273e-06,-5.460047519547638e-07,-1.6442228830097489e-06
6,6,unloading,1.0,996720719e0ce3a2e72a50a4e2d2e2d11ffddd22afd40b5c3badfccae2c66a2f,3303,63.0,40.0,cut_only,-0.0,-0.0,-0.0,-0.0,-0.0,-0.0
6,6,unloading,1.0,996720719e0ce3a2e72a50a4e2d2e2d11ffddd22afd40b5c3badfccae2c66a2f,3304,64.0,40.0,cut_only,-0.0,-0.0,-0.0,-0.0,-0.0,-0.0
6,6,unloading,1.0,996720719e0ce3a2e72a50a4e2d2e2d11ffddd22afd40b5c3badfccae2c66a2f,3305,65.0,40.0,cut_only,-0.0,-0.0,-0.0,-0.0,-0.0,-0.0
6,6,unloading,1.0,996720719e0ce3a2e72a50a4e2d2e2d11ffddd22afd40b5c3badfccae2c66a2f,3306,66.0,40.0,cut_only,-0.0,-0.0,-0.0,-0.0,-0.0,-0.0
6,6,unloading,1.0,996720719e0ce3a2e72a50a4e2d2e2d11ffddd22afd40b5c3badfccae2c66a2f,3307,67.0,40.0,cut_only,-0.0,-0.0,-0.0,-0.0,-0.0,-0.0
6,6,unloading,1.0,996720719e0ce3a2e72a50a4e2d2e2d11ffddd22afd40b5c3badfccae2c66a2f,3308,68.0,40.0,cut_only,-0.0,-0.0,-0.0,-0.0,-0.0,-0.0
6,6,unloading,1.0,996720719e0ce3a2e72a50a4e2d2e2d11ffddd22afd40b5c3badfccae2c66a2f,3309,69.0,40.0,cut_only,-0.0,-0.0,-0.0,-0.0,-0.0,-0.0
6,6,unloading,1.0,996720719e0ce3a2e72a50a4e2d2e2d11ffddd22afd40b5c3badfccae2c66a2f,3310,70.0,40.0,cut_only,-0.0,-0.0,-0.0,-0.0,-0.0,-0.0
6,6,unloading,1.0,996720719e0ce3a2e72a50a4e2d2e2d11ffddd22afd40b5c3badfccae2c66a2f,3311,71.0,40.0,cut_only,-0.0,-0.0,-0.0,-0.0,-0.0,-0.0
6,6,unloading,1.0,996720719e0ce3a2e72a50a4e2d2e2d11ffddd22afd40b5c3badfccae2c66a2f,3312,72.0,40.0,cut_only,-0.0,-0.0,-0.0,-0.0,-0.0,-0.0
6,6,unloading,1.0,996720719e0ce3a2e72a50a4e2d2e2d11ffddd22afd40b5c3badfccae2c66a2f,3313,73.0,40.0,cut_only,-0.0,-0.0,-0.0,-0.0,-0.0,-0.0
6,6,unloading,1.0,996720719e0ce3a2e72a50a4e2d2e2d11ffddd22afd40b5c3badfccae2c66a2f,3314,74.0,40.0,cut_only,-0.0,-0.0,-0.0,-0.0,-0.0,-0.0
6,6,unloading,1.0,996720719e0ce3a2e72a50a4e2d2e2d11ffddd22afd40b5c3badfccae2c66a2f,3315,75.0,40.0,cut_only,-0.0,-0.0,-0.0,-0.0,-0.0,-0.0
6,6,unloading,1.0,996720719e0ce3a2e72a50a4e2d2e2d11ffddd22afd40b5c3badfccae2c66a2f,3316,76.0,40.0,cut_only,-0.0,-0.0,-0.0,-0.0,-0.0,-0.0
6,6,unloading,1.0,996720719e0ce3a2e72a50a4e2d2e2d11ffddd22afd40b5c3badfccae2c66a2f,3317,77.0,40.0,cut_only,-0.0,-0.0,-0.0,-0.0,-0.0,-0.0
6,6,unloading,1.0,996720719e0ce3a2e72a50a4e2d2e2d11ffddd22afd40b5c3badfccae2c66a2f,3318,78.0,40.0,physical_and_cut,-5.098309055136569e-08,-1.565317911169699e-05,-4.797869976712078e-08,4.5104262221891764e-08,-3.0043907842449085e-09,-1.569828337391888e-05
7,7,unloading,0.5,c8eb53aa0c3daf3ce1fe1452cffbe99f17925d83c780d16a3a5f1c7ba80a49a5,2654,62.0,32.0,physical_only,-0.00010865965139551488,7.684246073849383e-06,-3.1697206914867827e-06,1.77477392504348e-06,-0.0001054899307040281,5.909472148805911e-06
7,7,unloading,0.5,c8eb53aa0c3daf3ce1fe1452cffbe99f17925d83c780d16a3a5f1c7ba80a49a5,2655,63.0,32.0,physical_only,-9.737740589590846e-07,-6.127709816314766e-07,-9.632309035514476e-07,1.8072071220881535e-06,-1.0543155407637091e-08,-2.419978103719625e-06
7,7,unloading,0.5,c8eb53aa0c3daf3ce1fe1452cffbe99f17925d83c780d16a3a5f1c7ba80a49a5,2656,64.0,32.0,physical_only,-7.734171864700475e-07,-8.978364562050084e-07,-9.677402451313653e-07,2.1945479970032414e-06,1.9432305866131783e-07,-3.092384453208252e-06
7,7,unloading,0.5,c8eb53aa0c3daf3ce1fe1452cffbe99f17925d83c780d16a3a5f1c7ba80a49a5,2657,65.0,32.0,physical_only,-7.965481559472203e-07,-1.2049262923850165e-06,-9.738166402164295e-07,2.596597378498806e-06,1.772684842692091e-07,-3.8015236708838234e-06
7,7,unloading,0.5,c8eb53aa0c3daf3ce1fe1452cffbe99f17925d83c780d16a3a5f1c7ba80a49a5,2658,66.0,32.0,physical_only,-9.566329532994074e-07,-1.2429609034751964e-06,-9.809944303126163e-07,3.0168858885819954e-06,2.4361477013208895e-08,-4.259846792057191e-06
7,7,unloading,0.5,c8eb53aa0c3daf3ce1fe1452cffbe99f17925d83c780d16a3a5f1c7ba80a49a5,2659,67.0,32.0,physical_only,-1.1082371197320198e-06,-1.0154099203891736e-06,-9.883059382567677e-07,3.4571556982439113e-06,-1.199311814752519e-07,-4.472565618633081e-06
7,7,unloading,0.5,c8eb53aa0c3daf3ce1fe1452cffbe99f17925d83c780d16a3a5f1c7ba80a49a5,2660,68.0,32.0,physical_only,-1.131295600797954e-06,-7.170354047348623e-07,-9.95194344975899e-07,3.917639090000711e-06,-1.3610125582205485e-07,-4.63467449473558e-06
7,7,unloading,0.5,c8eb53aa0c3daf3ce1fe1452cffbe99f17925d83c780d16a3a5f1c7ba80a49a5,2661,69.0,32.0,physical_only,-1.1669130463603434e-06,-4.2629884686520847e-07,-1.0014296074004613e-06,4.397942633780411e-06,-1.654834389598822e-07,-4.824241480645626e-06
7,7,unloading,0.5,c8eb53aa0c3daf3ce1fe1452cffbe99f17925d83c780d16a3a5f1c7ba80a49a5,2662,70.0,32.0,physical_only,-1.2054958002428437e-06,-8.883014778170986e-08,-1.0070340806856162e-06,4.897565714363822e-06,-1.984617195572274e-07,-4.986395862145523e-06
7,7,unloading,0.5,c8eb53aa0c3daf3ce1fe1452cffbe99f17925d83c780d16a3a5f1c7ba80a49a5,2663,71.0,32.0,physical_only,-1.2480336012407195e-06,2.981721037501316e-07,-1.011952800104231e-06,5.415961481941879e-06,-2.3608080113648843e-07,-5.117789378191744e-06
7,7,unloading,0.5,c8eb53aa0c3daf3ce1fe1452cffbe99f17925d83c780d16a3a5f1c7ba80a49a5,2664,72.0,32.0,physical_only,-1.29372916154362e-06,7.375265003277951e-07,-1.0161402699807093e-06,5.952465957560416e-06,-2.7758889156291103e-07,-5.214939457232623e-06
7,7,unloading,0.5,c8eb53aa0c3daf3ce1fe1452cffbe99f17925d83c780d16a3a5f1c7ba80a49a5,2665,73.0,32.0,physical_only,-1.3601668794983073e-06,1.2946944409920609e-06,-1.0194703598987001e-06,6.506193202861844e-06,-3.406965195996072e-07,-5.211498761869778e-06
7,7,unloading,0.5,c8eb53aa0c3daf3ce1fe1452cffbe99f17925d83c780d16a3a5f1c7ba80a49a5,2666,74.0,32.0,physical_only,-1.2683377295298254e-06,1.9011093917788055e-06,-1.0220129594810635e-06,7.076118110994392e-06,-2.463247700487618e-07,-5.175008719215593e-06
7,7,unloading,0.5,c8eb53aa0c3daf3ce1fe1452cffbe99f17925d83c780d16a3a5f1c7ba80a49a5,2667,75.0,32.0,physical_only,-1.0714836760962372e-06,2.3031472360446537e-06,-1.0241188526821053e-06,7.661586008734854e-06,-4.7364823414131925e-08,-5.35843877269019e-06
7,7,unloading,0.5,c8eb53aa0c3daf3ce1fe1452cffbe99f17925d83c780d16a3a5f1c7ba80a49a5,2668,76.0,32.0,physical_only,-8.370552481003182e-07,2.2653294665955456e-06,-1.0266483412919402e-06,8.263360516150389e-06,1.8959309319162203e-07,-5.998031049554847e-06
7,7,unloading,0.5,c8eb53aa0c3daf3ce1fe1452cffbe99f17925d83c780d16a3a5f1c7ba80a49a5,2669,77.0,32.0,physical_only,-8.287495369779456e-07,2.140408590635423e-06,-1.0300720266368104e-06,8.883854642506924e-06,2.013224896588646e-07,-6.7434460518715045e-06
7,7,unloading,0.5,c8eb53aa0c3daf3ce1fe1452cffbe99f17925d83c780d16a3a5f1c7ba80a49a5,2670,78.0,32.0,physical_only,-1.5455659632297423e-07,0.00013265341723634323,-1.0833673508242838e-06,9.620267287864335e-06,9.288107545013094e-07,0.0001230331499484789
7,7,unloading,0.5,c8eb53aa0c3daf3ce1fe1452cffbe99f17925d83c780d16a3a5f1c7ba80a49a5,2735,62.0,33.0,physical_only,-3.7063195861154105e-06,-7.313853399768041e-07,-2.4948404656123277e-06,1.0299417798296464e-07,-1.2114791205030823e-06,-8.343795179597689e-07
7,7,unloading,0.5,c8eb53aa0c3daf3ce1fe1452cffbe99f17925d83c780d16a3a5f1c7ba80a49a5,2736,63.0,33.0,interior,-0.0,-0.0,-0.0,-0.0,-0.0,-0.0
7,7,unloading,0.5,c8eb53aa0c3daf3ce1fe1452cffbe99f17925d83c780d16a3a5f1c7ba80a49a5,2737,64.0,33.0,interior,-0.0,-0.0,-0.0,-0.0,-0.0,-0.0
7,7,unloading,0.5,c8eb53aa0c3daf3ce1fe1452cffbe99f17925d83c780d16a3a5f1c7ba80a49a5,2738,65.0,33.0,interior,-0.0,-0.0,-0.0,-0.0,-0.0,-0.0
7,7,unloading,0.5,c8eb53aa0c3daf3ce1fe1452cffbe99f17925d83c780d16a3a5f1c7ba80a49a5,2739,66.0,33.0,interior,-0.0,-0.0,-0.0,-0.0,-0.0,-0.0
7,7,unloading,0.5,c8eb53aa0c3daf3ce1fe1452cffbe99f17925d83c780d16a3a5f1c7ba80a49a5,2740,67.0,33.0,interior,-0.0,-0.0,-0.0,-0.0,-0.0,-0.0
7,7,unloading,0.5,c8eb53aa0c3daf3ce1fe1452cffbe99f17925d83c780d16a3a5f1c7ba80a49a5,2741,68.0,33.0,interior,-0.0,-0.0,-0.0,-0.0,-0.0,-0.0
7,7,unloading,0.5,c8eb53aa0c3daf3ce1fe1452cffbe99f17925d83c780d16a3a5f1c7ba80a49a5,2742,69.0,33.0,interior,-0.0,-0.0,-0.0,-0.0,-0.0,-0.0
7,7,unloading,0.5,c8eb53aa0c3daf3ce1fe1452cffbe99f17925d83c780d16a3a5f1c7ba80a49a5,2743,70.0,33.0,interior,-0.0,-0.0,-0.0,-0.0,-0.0,-0.0
7,7,unloading,0.5,c8eb53aa0c3daf3ce1fe1452cffbe99f17925d83c780d16a3a5f1c7ba80a49a5,2744,71.0,33.0,interior,-0.0,-0.0,-0.0,-0.0,-0.0,-0.0
7,7,unloading,0.5,c8eb53aa0c3daf3ce1fe1452cffbe99f17925d83c780d16a3a5f1c7ba80a49a5,2745,72.0,33.0,interior,-0.0,-0.0,-0.0,-0.0,-0.0,-0.0
7,7,unloading,0.5,c8eb53aa0c3daf3ce1fe1452cffbe99f17925d83c780d16a3a5f1c7ba80a49a5,2746,73.0,33.0,interior,-0.0,-0.0,-0.0,-0.0,-0.0,-0.0
7,7,unloading,0.5,c8eb53aa0c3daf3ce1fe1452cffbe99f17925d83c780d16a3a5f1c7ba80a49a5,2747,74.0,33.0,interior,-0.0,-0.0,-0.0,-0.0,-0.0,-0.0
7,7,unloading,0.5,c8eb53aa0c3daf3ce1fe1452cffbe99f17925d83c780d16a3a5f1c7ba80a49a5,2748,75.0,33.0,interior,-0.0,-0.0,-0.0,-0.0,-0.0,-0.0
7,7,unloading,0.5,c8eb53aa0c3daf3ce1fe1452cffbe99f17925d83c780d16a3a5f1c7ba80a49a5,2749,76.0,33.0,interior,-0.0,-0.0,-0.0,-0.0,-0.0,-0.0
7,7,unloading,0.5,c8eb53aa0c3daf3ce1fe1452cffbe99f17925d83c780d16a3a5f1c7ba80a49a5,2750,77.0,33.0,interior,-0.0,-0.0,-0.0,-0.0,-0.0,-0.0
7,7,unloading,0.5,c8eb53aa0c3daf3ce1fe1452cffbe99f17925d83c780d16a3a5f1c7ba80a49a5,2751,78.0,33.0,physical_only,-5.334832645085409e-08,4.347472672568245e-09,-3.210862605352079e-08,1.8289821366327098e-07,-2.123970039733333e-08,-1.7855074099070403e-07
7,7,unloading,0.5,c8eb53aa0c3daf3ce1fe1452cffbe99f17925d83c780d16a3a5f1c7ba80a49a5,2816,62.0,34.0,physical_only,-3.220521246372008e-06,-3.4213321884474054e-07,-2.565989510654703e-06,8.446223189901737e-08,-6.545317357173046e-07,-4.265954507437577e-07
7,7,unloading,0.5,c8eb53aa0c3daf3ce1fe1452cffbe99f17925d83c780d16a3a5f1c7ba80a49a5,2817,63.0,34.0,interior,-0.0,-0.0,-0.0,-0.0,-0.0,-0.0
7,7,unloading,0.5,c8eb53aa0c3daf3ce1fe1452cffbe99f17925d83c780d16a3a5f1c7ba80a49a5,2818,64.0,34.0,interior,-0.0,-0.0,-0.0,-0.0,-0.0,-0.0
7,7,unloading,0.5,c8eb53aa0c3daf3ce1fe1452cffbe99f17925d83c780d16a3a5f1c7ba80a49a5,2819,65.0,34.0,interior,-0.0,-0.0,-0.0,-0.0,-0.0,-0.0
7,7,unloading,0.5,c8eb53aa0c3daf3ce1fe1452cffbe99f17925d83c780d16a3a5f1c7ba80a49a5,2820,66.0,34.0,interior,-0.0,-0.0,-0.0,-0.0,-0.0,-0.0
7,7,unloading,0.5,c8eb53aa0c3daf3ce1fe1452cffbe99f17925d83c780d16a3a5f1c7ba80a49a5,2821,67.0,34.0,interior,-0.0,-0.0,-0.0,-0.0,-0.0,-0.0
7,7,unloading,0.5,c8eb53aa0c3daf3ce1fe1452cffbe99f17925d83c780d16a3a5f1c7ba80a49a5,2822,68.0,34.0,interior,-0.0,-0.0,-0.0,-0.0,-0.0,-0.0
7,7,unloading,0.5,c8eb53aa0c3daf3ce1fe1452cffbe99f17925d83c780d16a3a5f1c7ba80a49a5,2823,69.0,34.0,interior,-0.0,-0.0,-0.0,-0.0,-0.0,-0.0
7,7,unloading,0.5,c8eb53aa0c3daf3ce1fe1452cffbe99f17925d83c780d16a3a5f1c7ba80a49a5,2824,70.0,34.0,interior,-0.0,-0.0,-0.0,-0.0,-0.0,-0.0
7,7,unloading,0.5,c8eb53aa0c3daf3ce1fe1452cffbe99f17925d83c780d16a3a5f1c7ba80a49a5,2825,71.0,34.0,interior,-0.0,-0.0,-0.0,-0.0,-0.0,-0.0
7,7,unloading,0.5,c8eb53aa0c3daf3ce1fe1452cffbe99f17925d83c780d16a3a5f1c7ba80a49a5,2826,72.0,34.0,interior,-0.0,-0.0,-0.0,-0.0,-0.0,-0.0
7,7,unloading,0.5,c8eb53aa0c3daf3ce1fe1452cffbe99f17925d83c780d16a3a5f1c7ba80a49a5,2827,73.0,34.0,interior,-0.0,-0.0,-0.0,-0.0,-0.0,-0.0
7,7,unloading,0.5,c8eb53aa0c3daf3ce1fe1452cffbe99f17925d83c780d16a3a5f1c7ba80a49a5,2828,74.0,34.0,interior,-0.0,-0.0,-0.0,-0.0,-0.0,-0.0
7,7,unloading,0.5,c8eb53aa0c3daf3ce1fe1452cffbe99f17925d83c780d16a3a5f1c7ba80a49a5,2829,75.0,34.0,interior,-0.0,-0.0,-0.0,-0.0,-0.0,-0.0
7,7,unloading,0.5,c8eb53aa0c3daf3ce1fe1452cffbe99f17925d83c780d16a3a5f1c7ba80a49a5,2830,76.0,34.0,interior,-0.0,-0.0,-0.0,-0.0,-0.0,-0.0
7,7,unloading,0.5,c8eb53aa0c3daf3ce1fe1452cffbe99f17925d83c780d16a3a5f1c7ba80a49a5,2831,77.0,34.0,interior,-0.0,-0.0,-0.0,-0.0,-0.0,-0.0
7,7,unloading,0.5,c8eb53aa0c3daf3ce1fe1452cffbe99f17925d83c780d16a3a5f1c7ba80a49a5,2832,78.0,34.0,physical_only,-5.2289392796379866e-08,3.692866480585976e-09,-3.270085103771712e-08,1.557022396215571e-07,-1.9588541758662748e-08,-1.5200937314097211e-07
7,7,unloading,0.5,c8eb53aa0c3daf3ce1fe1452cffbe99f17925d83c780d16a3a5f1c7ba80a49a5,2897,62.0,35.0,physical_only,-3.1039857058866647e-06,-3.719986015545994e-08,-2.6236250736777335e-06,7.045912487400571e-08,-4.803606322089317e-07,-1.0765898502946576e-07
7,7,unloading,0.5,c8eb53aa0c3daf3ce1fe1452cffbe99f17925d83c780d16a3a5f1c7ba80a49a5,2898,63.0,35.0,interior,-0.0,-0.0,-0.0,-0.0,-0.0,-0.0
7,7,unloading,0.5,c8eb53aa0c3daf3ce1fe1452cffbe99f17925d83c780d16a3a5f1c7ba80a49a5,2899,64.0,35.0,interior,-0.0,-0.0,-0.0,-0.0,-0.0,-0.0
7,7,unloading,0.5,c8eb53aa0c3daf3ce1fe1452cffbe99f17925d83c780d16a3a5f1c7ba80a49a5,2900,65.0,35.0,interior,-0.0,-0.0,-0.0,-0.0,-0.0,-0.0
7,7,unloading,0.5,c8eb53aa0c3daf3ce1fe1452cffbe99f17925d83c780d16a3a5f1c7ba80a49a5,2901,66.0,35.0,interior,-0.0,-0.0,-0.0,-0.0,-0.0,-0.0
7,7,unloading,0.5,c8eb53aa0c3daf3ce1fe1452cffbe99f17925d83c780d16a3a5f1c7ba80a49a5,2902,67.0,35.0,interior,-0.0,-0.0,-0.0,-0.0,-0.0,-0.0
7,7,unloading,0.5,c8eb53aa0c3daf3ce1fe1452cffbe99f17925d83c780d16a3a5f1c7ba80a49a5,2903,68.0,35.0,interior,-0.0,-0.0,-0.0,-0.0,-0.0,-0.0
7,7,unloading,0.5,c8eb53aa0c3daf3ce1fe1452cffbe99f17925d83c780d16a3a5f1c7ba80a49a5,2904,69.0,35.0,interior,-0.0,-0.0,-0.0,-0.0,-0.0,-0.0
7,7,unloading,0.5,c8eb53aa0c3daf3ce1fe1452cffbe99f17925d83c780d16a3a5f1c7ba80a49a5,2905,70.0,35.0,interior,-0.0,-0.0,-0.0,-0.0,-0.0,-0.0
7,7,unloading,0.5,c8eb53aa0c3daf3ce1fe1452cffbe99f17925d83c780d16a3a5f1c7ba80a49a5,2906,71.0,35.0,interior,-0.0,-0.0,-0.0,-0.0,-0.0,-0.0
7,7,unloading,0.5,c8eb53aa0c3daf3ce1fe1452cffbe99f17925d83c780d16a3a5f1c7ba80a49a5,2907,72.0,35.0,interior,-0.0,-0.0,-0.0,-0.0,-0.0,-0.0
7,7,unloading,0.5,c8eb53aa0c3daf3ce1fe1452cffbe99f17925d83c780d16a3a5f1c7ba80a49a5,2908,73.0,35.0,interior,-0.0,-0.0,-0.0,-0.0,-0.0,-0.0
7,7,unloading,0.5,c8eb53aa0c3daf3ce1fe1452cffbe99f17925d83c780d16a3a5f1c7ba80a49a5,2909,74.0,35.0,interior,-0.0,-0.0,-0.0,-0.0,-0.0,-0.0
7,7,unloading,0.5,c8eb53aa0c3daf3ce1fe1452cffbe99f17925d83c780d16a3a5f1c7ba80a49a5,2910,75.0,35.0,interior,-0.0,-0.0,-0.0,-0.0,-0.0,-0.0
7,7,unloading,0.5,c8eb53aa0c3daf3ce1fe1452cffbe99f17925d83c780d16a3a5f1c7ba80a49a5,2911,76.0,35.0,interior,-0.0,-0.0,-0.0,-0.0,-0.0,-0.0
7,7,unloading,0.5,c8eb53aa0c3daf3ce1fe1452cffbe99f17925d83c780d16a3a5f1c7ba80a49a5,2912,77.0,35.0,interior,-0.0,-0.0,-0.0,-0.0,-0.0,-0.0
7,7,unloading,0.5,c8eb53aa0c3daf3ce1fe1452cffbe99f17925d83c780d16a3a5f1c7ba80a49a5,2913,78.0,35.0,physical_only,-5.13988972082089e-08,3.0538832526128803e-09,-3.3174487040495695e-08,1.2900193099482385e-07,-1.8224410167713182e-08,-1.2594804774221203e-07
7,7,unloading,0.5,c8eb53aa0c3daf3ce1fe1452cffbe99f17925d83c780d16a3a5f1c7ba80a49a5,2978,62.0,36.0,physical_only,-3.1809857148731124e-06,1.2381828426091985e-07,-2.6715870471660846e-06,5.786219673988941e-08,-5.093986677070274e-07,6.595608752103001e-08
7,7,unloading,0.5,c8eb53aa0c3daf3ce1fe1452cffbe99f17925d83c780d16a3a5f1c7ba80a49a5,2979,63.0,36.0,interior,-0.0,-0.0,-0.0,-0.0,-0.0,-0.0
7,7,unloading,0.5,c8eb53aa0c3daf3ce1fe1452cffbe99f17925d83c780d16a3a5f1c7ba80a49a5,2980,64.0,36.0,interior,-0.0,-0.0,-0.0,-0.0,-0.0,-0.0
7,7,unloading,0.5,c8eb53aa0c3daf3ce1fe1452cffbe99f17925d83c780d16a3a5f1c7ba80a49a5,2981,65.0,36.0,interior,-0.0,-0.0,-0.0,-0.0,-0.0,-0.0
7,7,unloading,0.5,c8eb53aa0c3daf3ce1fe1452cffbe99f17925d83c780d16a3a5f1c7ba80a49a5,2982,66.0,36.0,interior,-0.0,-0.0,-0.0,-0.0,-0.0,-0.0
7,7,unloading,0.5,c8eb53aa0c3daf3ce1fe1452cffbe99f17925d83c780d16a3a5f1c7ba80a49a5,2983,67.0,36.0,interior,-0.0,-0.0,-0.0,-0.0,-0.0,-0.0
7,7,unloading,0.5,c8eb53aa0c3daf3ce1fe1452cffbe99f17925d83c780d16a3a5f1c7ba80a49a5,2984,68.0,36.0,interior,-0.0,-0.0,-0.0,-0.0,-0.0,-0.0
7,7,unloading,0.5,c8eb53aa0c3daf3ce1fe1452cffbe99f17925d83c780d16a3a5f1c7ba80a49a5,2985,69.0,36.0,interior,-0.0,-0.0,-0.0,-0.0,-0.0,-0.0
7,7,unloading,0.5,c8eb53aa0c3daf3ce1fe1452cffbe99f17925d83c780d16a3a5f1c7ba80a49a5,2986,70.0,36.0,interior,-0.0,-0.0,-0.0,-0.0,-0.0,-0.0
7,7,unloading,0.5,c8eb53aa0c3daf3ce1fe1452cffbe99f17925d83c780d16a3a5f1c7ba80a49a5,2987,71.0,36.0,interior,-0.0,-0.0,-0.0,-0.0,-0.0,-0.0
7,7,unloading,0.5,c8eb53aa0c3daf3ce1fe1452cffbe99f17925d83c780d16a3a5f1c7ba80a49a5,2988,72.0,36.0,interior,-0.0,-0.0,-0.0,-0.0,-0.0,-0.0
7,7,unloading,0.5,c8eb53aa0c3daf3ce1fe1452cffbe99f17925d83c780d16a3a5f1c7ba80a49a5,2989,73.0,36.0,interior,-0.0,-0.0,-0.0,-0.0,-0.0,-0.0
7,7,unloading,0.5,c8eb53aa0c3daf3ce1fe1452cffbe99f17925d83c780d16a3a5f1c7ba80a49a5,2990,74.0,36.0,interior,-0.0,-0.0,-0.0,-0.0,-0.0,-0.0
7,7,unloading,0.5,c8eb53aa0c3daf3ce1fe1452cffbe99f17925d83c780d16a3a5f1c7ba80a49a5,2991,75.0,36.0,interior,-0.0,-0.0,-0.0,-0.0,-0.0,-0.0
7,7,unloading,0.5,c8eb53aa0c3daf3ce1fe1452cffbe99f17925d83c780d16a3a5f1c7ba80a49a5,2992,76.0,36.0,interior,-0.0,-0.0,-0.0,-0.0,-0.0,-0.0
7,7,unloading,0.5,c8eb53aa0c3daf3ce1fe1452cffbe99f17925d83c780d16a3a5f1c7ba80a49a5,2993,77.0,36.0,interior,-0.0,-0.0,-0.0,-0.0,-0.0,-0.0
7,7,unloading,0.5,c8eb53aa0c3daf3ce1fe1452cffbe99f17925d83c780d16a3a5f1c7ba80a49a5,2994,78.0,36.0,physical_only,-5.0674066122352475e-08,2.4277994328049434e-09,-3.354354814671815e-08,1.0271225340674266e-07,-1.7130517975634318e-08,-1.0028445397393622e-07
7,7,unloading,0.5,c8eb53aa0c3daf3ce1fe1452cffbe99f17925d83c780d16a3a5f1c7ba80a49a5,3059,62.0,37.0,physical_only,-3.310994785419433e-06,1.688277248399337e-07,-2.7104734023175023e-06,4.483725675014532e-08,-6.005213831019309e-07,1.239904680897884e-07
7,7,unloading,0.5,c8eb53aa0c3daf3ce1fe1452cffbe99f17925d83c780d16a3a5f1c7ba80a49a5,3060,63.0,37.0,interior,-0.0,-0.0,-0.0,-0.0,-0.0,-0.0
7,7,unloading,0.5,c8eb53aa0c3daf3ce1fe1452cffbe99f17925d83c780d16a3a5f1c7ba80a49a5,3061,64.0,37.0,interior,-0.0,-0.0,-0.0,-0.0,-0.0,-0.0
7,7,unloading,0.5,c8eb53aa0c3daf3ce1fe1452cffbe99f17925d83c780d16a3a5f1c7ba80a49a5,3062,65.0,37.0,interior,-0.0,-0.0,-0.0,-0.0,-0.0,-0.0
7,7,unloading,0.5,c8eb53aa0c3daf3ce1fe1452cffbe99f17925d83c780d16a3a5f1c7ba80a49a5,3063,66.0,37.0,interior,-0.0,-0.0,-0.0,-0.0,-0.0,-0.0
7,7,unloading,0.5,c8eb53aa0c3daf3ce1fe1452cffbe99f17925d83c780d16a3a5f1c7ba80a49a5,3064,67.0,37.0,interior,-0.0,-0.0,-0.0,-0.0,-0.0,-0.0
7,7,unloading,0.5,c8eb53aa0c3daf3ce1fe1452cffbe99f17925d83c780d16a3a5f1c7ba80a49a5,3065,68.0,37.0,interior,-0.0,-0.0,-0.0,-0.0,-0.0,-0.0
7,7,unloading,0.5,c8eb53aa0c3daf3ce1fe1452cffbe99f17925d83c780d16a3a5f1c7ba80a49a5,3066,69.0,37.0,interior,-0.0,-0.0,-0.0,-0.0,-0.0,-0.0
7,7,unloading,0.5,c8eb53aa0c3daf3ce1fe1452cffbe99f17925d83c780d16a3a5f1c7ba80a49a5,3067,70.0,37.0,interior,-0.0,-0.0,-0.0,-0.0,-0.0,-0.0
7,7,unloading,0.5,c8eb53aa0c3daf3ce1fe1452cffbe99f17925d83c780d16a3a5f1c7ba80a49a5,3068,71.0,37.0,interior,-0.0,-0.0,-0.0,-0.0,-0.0,-0.0
7,7,unloading,0.5,c8eb53aa0c3daf3ce1fe1452cffbe99f17925d83c780d16a3a5f1c7ba80a49a5,3069,72.0,37.0,interior,-0.0,-0.0,-0.0,-0.0,-0.0,-0.0
7,7,unloading,0.5,c8eb53aa0c3daf3ce1fe1452cffbe99f17925d83c780d16a3a5f1c7ba80a49a5,3070,73.0,37.0,interior,-0.0,-0.0,-0.0,-0.0,-0.0,-0.0
7,7,unloading,0.5,c8eb53aa0c3daf3ce1fe1452cffbe99f17925d83c780d16a3a5f1c7ba80a49a5,3071,74.0,37.0,interior,-0.0,-0.0,-0.0,-0.0,-0.0,-0.0
7,7,unloading,0.5,c8eb53aa0c3daf3ce1fe1452cffbe99f17925d83c780d16a3a5f1c7ba80a49a5,3072,75.0,37.0,interior,-0.0,-0.0,-0.0,-0.0,-0.0,-0.0
7,7,unloading,0.5,c8eb53aa0c3daf3ce1fe1452cffbe99f17925d83c780d16a3a5f1c7ba80a49a5,3073,76.0,37.0,interior,-0.0,-0.0,-0.0,-0.0,-0.0,-0.0
7,7,unloading,0.5,c8eb53aa0c3daf3ce1fe1452cffbe99f17925d83c780d16a3a5f1c7ba80a49a5,3074,77.0,37.0,interior,-0.0,-0.0,-0.0,-0.0,-0.0,-0.0
7,7,unloading,0.5,c8eb53aa0c3daf3ce1fe1452cffbe99f17925d83c780d16a3a5f1c7ba80a49a5,3075,78.0,37.0,physical_only,-5.0112640219281634e-08,1.8119568695905885e-09,-3.381924883327284e-08,7.674950277443728e-08,-1.6293391386008797e-08,-7.493754590484638e-08
7,7,unloading,0.5,c8eb53aa0c3daf3ce1fe1452cffbe99f17925d83c780d16a3a5f1c7ba80a49a5,3140,62.0,38.0,physical_only,-3.4237527490395867e-06,1.4005033489133635e-07,-2.7394254721681403e-06,3.074055548520453e-08,-6.843272768714468e-07,1.0930977940613193e-07
7,7,unloading,0.5,c8eb53aa0c3daf3ce1fe1452cffbe99f17925d83c780d16a3a5f1c7ba80a49a5,3141,63.0,38.0,interior,-0.0,-0.0,-0.0,-0.0,-0.0,-0.0
7,7,unloading,0.5,c8eb53aa0c3daf3ce1fe1452cffbe99f17925d83c780d16a3a5f1c7ba80a49a5,3142,64.0,38.0,interior,-0.0,-0.0,-0.0,-0.0,-0.0,-0.0
7,7,unloading,0.5,c8eb53aa0c3daf3ce1fe1452cffbe99f17925d83c780d16a3a5f1c7ba80a49a5,3143,65.0,38.0,interior,-0.0,-0.0,-0.0,-0.0,-0.0,-0.0
7,7,unloading,0.5,c8eb53aa0c3daf3ce1fe1452cffbe99f17925d83c780d16a3a5f1c7ba80a49a5,3144,66.0,38.0,interior,-0.0,-0.0,-0.0,-0.0,-0.0,-0.0
7,7,unloading,0.5,c8eb53aa0c3daf3ce1fe1452cffbe99f17925d83c780d16a3a5f1c7ba80a49a5,3145,67.0,38.0,interior,-0.0,-0.0,-0.0,-0.0,-0.0,-0.0
7,7,unloading,0.5,c8eb53aa0c3daf3ce1fe1452cffbe99f17925d83c780d16a3a5f1c7ba80a49a5,3146,68.0,38.0,interior,-0.0,-0.0,-0.0,-0.0,-0.0,-0.0
7,7,unloading,0.5,c8eb53aa0c3daf3ce1fe1452cffbe99f17925d83c780d16a3a5f1c7ba80a49a5,3147,69.0,38.0,interior,-0.0,-0.0,-0.0,-0.0,-0.0,-0.0
7,7,unloading,0.5,c8eb53aa0c3daf3ce1fe1452cffbe99f17925d83c780d16a3a5f1c7ba80a49a5,3148,70.0,38.0,interior,-0.0,-0.0,-0.0,-0.0,-0.0,-0.0
7,7,unloading,0.5,c8eb53aa0c3daf3ce1fe1452cffbe99f17925d83c780d16a3a5f1c7ba80a49a5,3149,71.0,38.0,interior,-0.0,-0.0,-0.0,-0.0,-0.0,-0.0
7,7,unloading,0.5,c8eb53aa0c3daf3ce1fe1452cffbe99f17925d83c780d16a3a5f1c7ba80a49a5,3150,72.0,38.0,interior,-0.0,-0.0,-0.0,-0.0,-0.0,-0.0
7,7,unloading,0.5,c8eb53aa0c3daf3ce1fe1452cffbe99f17925d83c780d16a3a5f1c7ba80a49a5,3151,73.0,38.0,interior,-0.0,-0.0,-0.0,-0.0,-0.0,-0.0
7,7,unloading,0.5,c8eb53aa0c3daf3ce1fe1452cffbe99f17925d83c780d16a3a5f1c7ba80a49a5,3152,74.0,38.0,interior,-0.0,-0.0,-0.0,-0.0,-0.0,-0.0
7,7,unloading,0.5,c8eb53aa0c3daf3ce1fe1452cffbe99f17925d83c780d16a3a5f1c7ba80a49a5,3153,75.0,38.0,interior,-0.0,-0.0,-0.0,-0.0,-0.0,-0.0
7,7,unloading,0.5,c8eb53aa0c3daf3ce1fe1452cffbe99f17925d83c780d16a3a5f1c7ba80a49a5,3154,76.0,38.0,interior,-0.0,-0.0,-0.0,-0.0,-0.0,-0.0
7,7,unloading,0.5,c8eb53aa0c3daf3ce1fe1452cffbe99f17925d83c780d16a3a5f1c7ba80a49a5,3155,77.0,38.0,interior,-0.0,-0.0,-0.0,-0.0,-0.0,-0.0
7,7,unloading,0.5,c8eb53aa0c3daf3ce1fe1452cffbe99f17925d83c780d16a3a5f1c7ba80a49a5,3156,78.0,38.0,physical_only,-4.9712868460383914e-08,1.2037496425549898e-09,-3.4010156696560325e-08,5.103103080385556e-08,-1.5702711763823586e-08,-4.982728116130059e-08
7,7,unloading,0.5,c8eb53aa0c3daf3ce1fe1452cffbe99f17925d83c780d16a3a5f1c7ba80a49a5,3221,62.0,39.0,physical_only,-3.492590556389644e-06,7.591154440291021e-08,-2.7573303236341247e-06,1.5649815484325897e-08,-7.35260232755519e-07,6.026172891858453e-08
7,7,unloading,0.5,c8eb53aa0c3daf3ce1fe1452cffbe99f17925d83c780d16a3a5f1c7ba80a49a5,3222,63.0,39.0,interior,-0.0,-0.0,-0.0,-0.0,-0.0,-0.0
7,7,unloading,0.5,c8eb53aa0c3daf3ce1fe1452cffbe99f17925d83c780d16a3a5f1c7ba80a49a5,3223,64.0,39.0,interior,-0.0,-0.0,-0.0,-0.0,-0.0,-0.0
7,7,unloading,0.5,c8eb53aa0c3daf3ce1fe1452cffbe99f17925d83c780d16a3a5f1c7ba80a49a5,3224,65.0,39.0,interior,-0.0,-0.0,-0.0,-0.0,-0.0,-0.0
7,7,unloading,0.5,c8eb53aa0c3daf3ce1fe1452cffbe99f17925d83c780d16a3a5f1c7ba80a49a5,3225,66.0,39.0,interior,-0.0,-0.0,-0.0,-0.0,-0.0,-0.0
7,7,unloading,0.5,c8eb53aa0c3daf3ce1fe1452cffbe99f17925d83c780d16a3a5f1c7ba80a49a5,3226,67.0,39.0,interior,-0.0,-0.0,-0.0,-0.0,-0.0,-0.0
7,7,unloading,0.5,c8eb53aa0c3daf3ce1fe1452cffbe99f17925d83c780d16a3a5f1c7ba80a49a5,3227,68.0,39.0,interior,-0.0,-0.0,-0.0,-0.0,-0.0,-0.0
7,7,unloading,0.5,c8eb53aa0c3daf3ce1fe1452cffbe99f17925d83c780d16a3a5f1c7ba80a49a5,3228,69.0,39.0,interior,-0.0,-0.0,-0.0,-0.0,-0.0,-0.0
7,7,unloading,0.5,c8eb53aa0c3daf3ce1fe1452cffbe99f17925d83c780d16a3a5f1c7ba80a49a5,3229,70.0,39.0,interior,-0.0,-0.0,-0.0,-0.0,-0.0,-0.0
7,7,unloading,0.5,c8eb53aa0c3daf3ce1fe1452cffbe99f17925d83c780d16a3a5f1c7ba80a49a5,3230,71.0,39.0,interior,-0.0,-0.0,-0.0,-0.0,-0.0,-0.0
7,7,unloading,0.5,c8eb53aa0c3daf3ce1fe1452cffbe99f17925d83c780d16a3a5f1c7ba80a49a5,3231,72.0,39.0,interior,-0.0,-0.0,-0.0,-0.0,-0.0,-0.0
7,7,unloading,0.5,c8eb53aa0c3daf3ce1fe1452cffbe99f17925d83c780d16a3a5f1c7ba80a49a5,3232,73.0,39.0,interior,-0.0,-0.0,-0.0,-0.0,-0.0,-0.0
7,7,unloading,0.5,c8eb53aa0c3daf3ce1fe1452cffbe99f17925d83c780d16a3a5f1c7ba80a49a5,3233,74.0,39.0,interior,-0.0,-0.0,-0.0,-0.0,-0.0,-0.0
7,7,unloading,0.5,c8eb53aa0c3daf3ce1fe1452cffbe99f17925d83c780d16a3a5f1c7ba80a49a5,3234,75.0,39.0,interior,-0.0,-0.0,-0.0,-0.0,-0.0,-0.0
7,7,unloading,0.5,c8eb53aa0c3daf3ce1fe1452cffbe99f17925d83c780d16a3a5f1c7ba80a49a5,3235,76.0,39.0,interior,-0.0,-0.0,-0.0,-0.0,-0.0,-0.0
7,7,unloading,0.5,c8eb53aa0c3daf3ce1fe1452cffbe99f17925d83c780d16a3a5f1c7ba80a49a5,3236,77.0,39.0,interior,-0.0,-0.0,-0.0,-0.0,-0.0,-0.0
7,7,unloading,0.5,c8eb53aa0c3daf3ce1fe1452cffbe99f17925d83c780d16a3a5f1c7ba80a49a5,3237,78.0,39.0,physical_only,-4.947350343537576e-08,6.006109421555228e-10,-3.412230926501136e-08,2.547497618952484e-08,-1.5351194170364404e-08,-2.4874365247368814e-08
7,7,unloading,0.5,c8eb53aa0c3daf3ce1fe1452cffbe99f17925d83c780d16a3a5f1c7ba80a49a5,3302,62.0,40.0,physical_and_cut,-1.7574791207579486e-06,-2.5656909512117275e-06,-1.3816956802413373e-06,-6.124889190332208e-07,-3.757834405166114e-07,-1.9532020321785066e-06
7,7,unloading,0.5,c8eb53aa0c3daf3ce1fe1452cffbe99f17925d83c780d16a3a5f1c7ba80a49a5,3303,63.0,40.0,cut_only,-0.0,-0.0,-0.0,-0.0,-0.0,-0.0
7,7,unloading,0.5,c8eb53aa0c3daf3ce1fe1452cffbe99f17925d83c780d16a3a5f1c7ba80a49a5,3304,64.0,40.0,cut_only,-0.0,-0.0,-0.0,-0.0,-0.0,-0.0
7,7,unloading,0.5,c8eb53aa0c3daf3ce1fe1452cffbe99f17925d83c780d16a3a5f1c7ba80a49a5,3305,65.0,40.0,cut_only,-0.0,-0.0,-0.0,-0.0,-0.0,-0.0
7,7,unloading,0.5,c8eb53aa0c3daf3ce1fe1452cffbe99f17925d83c780d16a3a5f1c7ba80a49a5,3306,66.0,40.0,cut_only,-0.0,-0.0,-0.0,-0.0,-0.0,-0.0
7,7,unloading,0.5,c8eb53aa0c3daf3ce1fe1452cffbe99f17925d83c780d16a3a5f1c7ba80a49a5,3307,67.0,40.0,cut_only,-0.0,-0.0,-0.0,-0.0,-0.0,-0.0
7,7,unloading,0.5,c8eb53aa0c3daf3ce1fe1452cffbe99f17925d83c780d16a3a5f1c7ba80a49a5,3308,68.0,40.0,cut_only,-0.0,-0.0,-0.0,-0.0,-0.0,-0.0
7,7,unloading,0.5,c8eb53aa0c3daf3ce1fe1452cffbe99f17925d83c780d16a3a5f1c7ba80a49a5,3309,69.0,40.0,cut_only,-0.0,-0.0,-0.0,-0.0,-0.0,-0.0
7,7,unloading,0.5,c8eb53aa0c3daf3ce1fe1452cffbe99f17925d83c780d16a3a5f1c7ba80a49a5,3310,70.0,40.0,cut_only,-0.0,-0.0,-0.0,-0.0,-0.0,-0.0
7,7,unloading,0.5,c8eb53aa0c3daf3ce1fe1452cffbe99f17925d83c780d16a3a5f1c7ba80a49a5,3311,71.0,40.0,cut_only,-0.0,-0.0,-0.0,-0.0,-0.0,-0.0
7,7,unloading,0.5,c8eb53aa0c3daf3ce1fe1452cffbe99f17925d83c780d16a3a5f1c7ba80a49a5,3312,72.0,40.0,cut_only,-0.0,-0.0,-0.0,-0.0,-0.0,-0.0
7,7,unloading,0.5,c8eb53aa0c3daf3ce1fe1452cffbe99f17925d83c780d16a3a5f1c7ba80a49a5,3313,73.0,40.0,cut_only,-0.0,-0.0,-0.0,-0.0,-0.0,-0.0
7,7,unloading,0.5,c8eb53aa0c3daf3ce1fe1452cffbe99f17925d83c780d16a3a5f1c7ba80a49a5,3314,74.0,40.0,cut_only,-0.0,-0.0,-0.0,-0.0,-0.0,-0.0
7,7,unloading,0.5,c8eb53aa0c3daf3ce1fe1452cffbe99f17925d83c780d16a3a5f1c7ba80a49a5,3315,75.0,40.0,cut_only,-0.0,-0.0,-0.0,-0.0,-0.0,-0.0
7,7,unloading,0.5,c8eb53aa0c3daf3ce1fe1452cffbe99f17925d83c780d16a3a5f1c7ba80a49a5,3316,76.0,40.0,cut_only,-0.0,-0.0,-0.0,-0.0,-0.0,-0.0
7,7,unloading,0.5,c8eb53aa0c3daf3ce1fe1452cffbe99f17925d83c780d16a3a5f1c7ba80a49a5,3317,77.0,40.0,cut_only,-0.0,-0.0,-0.0,-0.0,-0.0,-0.0
7,7,unloading,0.5,c8eb53aa0c3daf3ce1fe1452cffbe99f17925d83c780d16a3a5f1c7ba80a49a5,3318,78.0,40.0,physical_and_cut,-2.4696899016013396e-08,-7.738005380741081e-06,-1.7079648194996108e-08,1.960596886171684e-08,-7.617250821017288e-09,-7.757611349602798e-06
8,8,unloading,0.0,ac522b8e239841d3e59a19a6dd61ba3ff76e03f4d296c5225e78dc6a2cbd5891,2654,62.0,32.0,physical_only,-4.504544552092478e-31,2.3662188101913247e-32,-3.0531382222381973e-33,1.910332874806844e-33,-4.474013169870096e-31,2.1751855227106404e-32
8,8,unloading,0.0,ac522b8e239841d3e59a19a6dd61ba3ff76e03f4d296c5225e78dc6a2cbd5891,2655,63.0,32.0,physical_only,2.690704671209591e-32,-4.380180982332607e-33,-2.4007161202158674e-33,1.1150245487258531e-33,2.9307762832311786e-32,-5.4952055310584606e-33
8,8,unloading,0.0,ac522b8e239841d3e59a19a6dd61ba3ff76e03f4d296c5225e78dc6a2cbd5891,2656,64.0,32.0,physical_only,5.049863364353449e-33,4.7891141841812635e-33,-2.2770773437244973e-33,1.12564383014229e-33,7.326940708077947e-33,3.663470354038973e-33
8,8,unloading,0.0,ac522b8e239841d3e59a19a6dd61ba3ff76e03f4d296c5225e78dc6a2cbd5891,2657,65.0,32.0,physical_only,-5.8590067868872606e-33,1.4378499283040429e-34,-2.195536432848287e-33,1.0596525813401473e-33,-3.6634703540389746e-33,-9.158675885097437e-34
8,8,unloading,0.0,ac522b8e239841d3e59a19a6dd61ba3ff76e03f4d296c5225e78dc6a2cbd5891,2658,66.0,32.0,physical_only,3.440162036253333e-32,2.8784929166396755e-33,-2.2330831778564024e-33,1.0467577396201885e-33,3.6634703540389735e-32,1.8317351770194873e-33
8,8,unloading,0.0,ac522b8e239841d3e59a19a6dd61ba3ff76e03f4d296c5225e78dc6a2cbd5891,2659,67.0,32.0,physical_only,-1.31715356130429e-32,-3.559128406469619e-33,-2.18112455092598e-33,1.0202095360790969e-33,-1.0990411062116921e-32,-4.579337942548717e-33
8,8,unloading,0.0,ac522b8e239841d3e59a19a6dd61ba3ff76e03f4d296c5225e78dc6a2cbd5891,2660,68.0,32.0,physical_only,8.719970769277696e-33,5.095585947926287e-34,-2.2704402928392243e-33,9.674923890475006e-34,1.0990411062116921e-32,-4.579337942548718e-34
8,8,unloading,0.0,ac522b8e239841d3e59a19a6dd61ba3ff76e03f4d296c5225e78dc6a2cbd5891,2661,69.0,32.0,physical_only,-1.3265023215512603e-32,2.299575166247542e-33,-2.274612153395682e-33,9.257737834829276e-34,-1.0990411062116921e-32,1.3738013827646155e-33
8,8,unloading,0.0,ac522b8e239841d3e59a19a6dd61ba3ff76e03f4d296c5225e78dc6a2cbd5891,2662,70.0,32.0,physical_only,-1.3291192159003107e-32,-1.453400559729968e-33,-2.3007810968861863e-33,8.362684115443898e-34,-1.099041106211692e-32,-2.2896689712743585e-33
8,8,unloading,0.0,ac522b8e239841d3e59a19a6dd61ba3ff76e03f4d296c5225e78dc6a2cbd5891,2663,71.0,32.0,physical_only,1.5946407563950082e-32,-1.4647783612475793e-33,-2.3709442062447862e-33,8.248906100267791e-34,1.8317351770194868e-32,-2.2896689712743585e-33
8,8,unloading,0.0,ac522b8e239841d3e59a19a6dd61ba3ff76e03f4d296c5225e78dc6a2cbd5891,2664,72.0,32.0,physical_only,-1.3337082625124138e-32,3.1183521818070076e-33,-2.3466715630072165e-33,8.286832105326493e-34,-1.099041106211692e-32,2.2896689712743585e-33
8,8,unloading,0.0,ac522b8e239841d3e59a19a6dd61ba3ff76e03f4d296c5225e78dc6a2cbd5891,2665,73.0,32.0,physical_only,-1.3347322646489987e-32,-6.080753406294119e-34,-2.3569115843730663e-33,7.6572604213520325e-34,-1.099041106211692e-32,-1.3738013827646151e-33
8,8,unloading,0.0,ac522b8e239841d3e59a19a6dd61ba3ff76e03f4d296c5225e78dc6a2cbd5891,2666,74.0,32.0,physical_only,4.945946110492605e-33,7.441082192517427e-34,-2.3809945975853422e-33,7.441082192517427e-34,7.326940708077947e-33,-0.0
8,8,unloading,0.0,ac522b8e239841d3e59a19a6dd61ba3ff76e03f4d296c5225e78dc6a2cbd5891,2667,75.0,32.0,physical_only,-2.3613678899674636e-33,1.4338533610134531e-33,-2.3613678899674636e-33,7.469526696311454e-34,-0.0,6.869006913823074e-34
8,8,unloading,0.0,ac522b8e239841d3e59a19a6dd61ba3ff76e03f4d296c5225e78dc6a2cbd5891,2668,76.0,32.0,physical_only,-1.697836626620377e-32,2.4293877922995022e-34,-2.3244848500478756e-33,7.008725734848219e-34,-1.4653881416155893e-32,-4.579337942548715e-34
8,8,unloading,0.0,ac522b8e239841d3e59a19a6dd61ba3ff76e03f4d296c5225e78dc6a2cbd5891,2669,77.0,32.0,physical_only,1.2304649847807216e-32,9.148586986140704e-34,-2.3492315683486788e-33,6.858918014866344e-34,1.4653881416155893e-32,2.2896689712743574e-34
8,8,unloading,0.0,ac522b8e239841d3e59a19a6dd61ba3ff76e03f4d296c5225e78dc6a2cbd5891,2670,78.0,32.0,physical_only,-7.683787505226362e-33,-9.496033058807034e-34,-2.360307147013478e-33,6.960962672227416e-34,-5.323480358212883e-33,-1.6456995731034448e-33
8,8,unloading,0.0,ac522b8e239841d3e59a19a6dd61ba3ff76e03f4d296c5225e78dc6a2cbd5891,2735,62.0,33.0,physical_only,-1.429069670392204e-34,-1.126967534960506e-33,-1.5167083498038359e-33,-9.661649788704462e-35,1.3738013827646141e-33,-1.030351037073461e-33
8,8,unloading,0.0,ac522b8e239841d3e59a19a6dd61ba3ff76e03f4d296c5225e78dc6a2cbd5891,2736,63.0,33.0,interior,-0.0,-0.0,-0.0,-0.0,-0.0,-0.0
8,8,unloading,0.0,ac522b8e239841d3e59a19a6dd61ba3ff76e03f4d296c5225e78dc6a2cbd5891,2737,64.0,33.0,interior,-0.0,-0.0,-0.0,-0.0,-0.0,-0.0
8,8,unloading,0.0,ac522b8e239841d3e59a19a6dd61ba3ff76e03f4d296c5225e78dc6a2cbd5891,2738,65.0,33.0,interior,-0.0,-0.0,-0.0,-0.0,-0.0,-0.0
8,8,unloading,0.0,ac522b8e239841d3e59a19a6dd61ba3ff76e03f4d296c5225e78dc6a2cbd5891,2739,66.0,33.0,interior,-0.0,-0.0,-0.0,-0.0,-0.0,-0.0
8,8,unloading,0.0,ac522b8e239841d3e59a19a6dd61ba3ff76e03f4d296c5225e78dc6a2cbd5891,2740,67.0,33.0,interior,-0.0,-0.0,-0.0,-0.0,-0.0,-0.0
8,8,unloading,0.0,ac522b8e239841d3e59a19a6dd61ba3ff76e03f4d296c5225e78dc6a2cbd5891,2741,68.0,33.0,interior,-0.0,-0.0,-0.0,-0.0,-0.0,-0.0
8,8,unloading,0.0,ac522b8e239841d3e59a19a6dd61ba3ff76e03f4d296c5225e78dc6a2cbd5891,2742,69.0,33.0,interior,-0.0,-0.0,-0.0,-0.0,-0.0,-0.0
8,8,unloading,0.0,ac522b8e239841d3e59a19a6dd61ba3ff76e03f4d296c5225e78dc6a2cbd5891,2743,70.0,33.0,interior,-0.0,-0.0,-0.0,-0.0,-0.0,-0.0
8,8,unloading,0.0,ac522b8e239841d3e59a19a6dd61ba3ff76e03f4d296c5225e78dc6a2cbd5891,2744,71.0,33.0,interior,-0.0,-0.0,-0.0,-0.0,-0.0,-0.0
8,8,unloading,0.0,ac522b8e239841d3e59a19a6dd61ba3ff76e03f4d296c5225e78dc6a2cbd5891,2745,72.0,33.0,interior,-0.0,-0.0,-0.0,-0.0,-0.0,-0.0
8,8,unloading,0.0,ac522b8e239841d3e59a19a6dd61ba3ff76e03f4d296c5225e78dc6a2cbd5891,2746,73.0,33.0,interior,-0.0,-0.0,-0.0,-0.0,-0.0,-0.0
8,8,unloading,0.0,ac522b8e239841d3e59a19a6dd61ba3ff76e03f4d296c5225e78dc6a2cbd5891,2747,74.0,33.0,interior,-0.0,-0.0,-0.0,-0.0,-0.0,-0.0
8,8,unloading,0.0,ac522b8e239841d3e59a19a6dd61ba3ff76e03f4d296c5225e78dc6a2cbd5891,2748,75.0,33.0,interior,-0.0,-0.0,-0.0,-0.0,-0.0,-0.0
8,8,unloading,0.0,ac522b8e239841d3e59a19a6dd61ba3ff76e03f4d296c5225e78dc6a2cbd5891,2749,76.0,33.0,interior,-0.0,-0.0,-0.0,-0.0,-0.0,-0.0
8,8,unloading,0.0,ac522b8e239841d3e59a19a6dd61ba3ff76e03f4d296c5225e78dc6a2cbd5891,2750,77.0,33.0,interior,-0.0,-0.0,-0.0,-0.0,-0.0,-0.0
8,8,unloading,0.0,ac522b8e239841d3e59a19a6dd61ba3ff76e03f4d296c5225e78dc6a2cbd5891,2751,78.0,33.0,physical_only,2.8830923438155128e-36,4.510018662568877e-35,-5.435863193804342e-35,2.1688934142945474e-36,5.724172428185894e-35,4.2931293211394223e-35
8,8,unloading,0.0,ac522b8e239841d3e59a19a6dd61ba3ff76e03f4d296c5225e78dc6a2cbd5891,2816,62.0,34.0,physical_only,8.761667627365154e-34,6.038427403037491e-34,-1.4135022085378417e-33,-8.305795107855844e-35,2.289668971274359e-33,6.8690069138230706e-34
8,8,unloading,0.0,ac522b8e239841d3e59a19a6dd61ba3ff76e03f4d296c5225e78dc6a2cbd5891,2817,63.0,34.0,interior,-0.0,-0.0,-0.0,-0.0,-0.0,-0.0
8,8,unloading,0.0,ac522b8e239841d3e59a19a6dd61ba3ff76e03f4d296c5225e78dc6a2cbd5891,2818,64.0,34.0,interior,-0.0,-0.0,-0.0,-0.0,-0.0,-0.0
8,8,unloading,0.0,ac522b8e239841d3e59a19a6dd61ba3ff76e03f4d296c5225e78dc6a2cbd5891,2819,65.0,34.0,interior,-0.0,-0.0,-0.0,-0.0,-0.0,-0.0
8,8,unloading,0.0,ac522b8e239841d3e59a19a6dd61ba3ff76e03f4d296c5225e78dc6a2cbd5891,2820,66.0,34.0,interior,-0.0,-0.0,-0.0,-0.0,-0.0,-0.0
8,8,unloading,0.0,ac522b8e239841d3e59a19a6dd61ba3ff76e03f4d296c5225e78dc6a2cbd5891,2821,67.0,34.0,interior,-0.0,-0.0,-0.0,-0.0,-0.0,-0.0
8,8,unloading,0.0,ac522b8e239841d3e59a19a6dd61ba3ff76e03f4d296c5225e78dc6a2cbd5891,2822,68.0,34.0,interior,-0.0,-0.0,-0.0,-0.0,-0.0,-0.0
8,8,unloading,0.0,ac522b8e239841d3e59a19a6dd61ba3ff76e03f4d296c5225e78dc6a2cbd5891,2823,69.0,34.0,interior,-0.0,-0.0,-0.0,-0.0,-0.0,-0.0
8,8,unloading,0.0,ac522b8e239841d3e59a19a6dd61ba3ff76e03f4d296c5225e78dc6a2cbd5891,2824,70.0,34.0,interior,-0.0,-0.0,-0.0,-0.0,-0.0,-0.0
8,8,unloading,0.0,ac522b8e239841d3e59a19a6dd61ba3ff76e03f4d296c5225e78dc6a2cbd5891,2825,71.0,34.0,interior,-0.0,-0.0,-0.0,-0.0,-0.0,-0.0
8,8,unloading,0.0,ac522b8e239841d3e59a19a6dd61ba3ff76e03f4d296c5225e78dc6a2cbd5891,2826,72.0,34.0,interior,-0.0,-0.0,-0.0,-0.0,-0.0,-0.0
8,8,unloading,0.0,ac522b8e239841d3e59a19a6dd61ba3ff76e03f4d296c5225e78dc6a2cbd5891,2827,73.0,34.0,interior,-0.0,-0.0,-0.0,-0.0,-0.0,-0.0
8,8,unloading,0.0,ac522b8e239841d3e59a19a6dd61ba3ff76e03f4d296c5225e78dc6a2cbd5891,2828,74.0,34.0,interior,-0.0,-0.0,-0.0,-0.0,-0.0,-0.0
8,8,unloading,0.0,ac522b8e239841d3e59a19a6dd61ba3ff76e03f4d296c5225e78dc6a2cbd5891,2829,75.0,34.0,interior,-0.0,-0.0,-0.0,-0.0,-0.0,-0.0
8,8,unloading,0.0,ac522b8e239841d3e59a19a6dd61ba3ff76e03f4d296c5225e78dc6a2cbd5891,2830,76.0,34.0,interior,-0.0,-0.0,-0.0,-0.0,-0.0,-0.0
8,8,unloading,0.0,ac522b8e239841d3e59a19a6dd61ba3ff76e03f4d296c5225e78dc6a2cbd5891,2831,77.0,34.0,interior,-0.0,-0.0,-0.0,-0.0,-0.0,-0.0
8,8,unloading,0.0,ac522b8e239841d3e59a19a6dd61ba3ff76e03f4d296c5225e78dc6a2cbd5891,2832,78.0,34.0,physical_only,1.9966862534197914e-35,4.492833441526652e-35,-5.158529281812581e-35,1.997041203872303e-36,7.15521553523237e-35,4.293129321139422e-35
8,8,unloading,0.0,ac522b8e239841d3e59a19a6dd61ba3ff76e03f4d296c5225e78dc6a2cbd5891,2897,62.0,35.0,physical_only,2.7839435798987025e-33,-2.885107250695987e-34,-1.3374605683951433e-33,-5.954382794216293e-35,4.121404148293845e-33,-2.2896689712743557e-34
8,8,unloading,0.0,ac522b8e239841d3e59a19a6dd61ba3ff76e03f4d296c5225e78dc6a2cbd5891,2898,63.0,35.0,interior,-0.0,-0.0,-0.0,-0.0,-0.0,-0.0
8,8,unloading,0.0,ac522b8e239841d3e59a19a6dd61ba3ff76e03f4d296c5225e78dc6a2cbd5891,2899,64.0,35.0,interior,-0.0,-0.0,-0.0,-0.0,-0.0,-0.0
8,8,unloading,0.0,ac522b8e239841d3e59a19a6dd61ba3ff76e03f4d296c5225e78dc6a2cbd5891,2900,65.0,35.0,interior,-0.0,-0.0,-0.0,-0.0,-0.0,-0.0
8,8,unloading,0.0,ac522b8e239841d3e59a19a6dd61ba3ff76e03f4d296c5225e78dc6a2cbd5891,2901,66.0,35.0,interior,-0.0,-0.0,-0.0,-0.0,-0.0,-0.0
8,8,unloading,0.0,ac522b8e239841d3e59a19a6dd61ba3ff76e03f4d296c5225e78dc6a2cbd5891,2902,67.0,35.0,interior,-0.0,-0.0,-0.0,-0.0,-0.0,-0.0
8,8,unloading,0.0,ac522b8e239841d3e59a19a6dd61ba3ff76e03f4d296c5225e78dc6a2cbd5891,2903,68.0,35.0,interior,-0.0,-0.0,-0.0,-0.0,-0.0,-0.0
8,8,unloading,0.0,ac522b8e239841d3e59a19a6dd61ba3ff76e03f4d296c5225e78dc6a2cbd5891,2904,69.0,35.0,interior,-0.0,-0.0,-0.0,-0.0,-0.0,-0.0
8,8,unloading,0.0,ac522b8e239841d3e59a19a6dd61ba3ff76e03f4d296c5225e78dc6a2cbd5891,2905,70.0,35.0,interior,-0.0,-0.0,-0.0,-0.0,-0.0,-0.0
8,8,unloading,0.0,ac522b8e239841d3e59a19a6dd61ba3ff76e03f4d296c5225e78dc6a2cbd5891,2906,71.0,35.0,interior,-0.0,-0.0,-0.0,-0.0,-0.0,-0.0
8,8,unloading,0.0,ac522b8e239841d3e59a19a6dd61ba3ff76e03f4d296c5225e78dc6a2cbd5891,2907,72.0,35.0,interior,-0.0,-0.0,-0.0,-0.0,-0.0,-0.0
8,8,unloading,0.0,ac522b8e239841d3e59a19a6dd61ba3ff76e03f4d296c5225e78dc6a2cbd5891,2908,73.0,35.0,interior,-0.0,-0.0,-0.0,-0.0,-0.0,-0.0
8,8,unloading,0.0,ac522b8e239841d3e59a19a6dd61ba3ff76e03f4d296c5225e78dc6a2cbd5891,2909,74.0,35.0,interior,-0.0,-0.0,-0.0,-0.0,-0.0,-0.0
8,8,unloading,0.0,ac522b8e239841d3e59a19a6dd61ba3ff76e03f4d296c5225e78dc6a2cbd5891,2910,75.0,35.0,interior,-0.0,-0.0,-0.0,-0.0,-0.0,-0.0
8,8,unloading,0.0,ac522b8e239841d3e59a19a6dd61ba3ff76e03f4d296c5225e78dc6a2cbd5891,2911,76.0,35.0,interior,-0.0,-0.0,-0.0,-0.0,-0.0,-0.0
8,8,unloading,0.0,ac522b8e239841d3e59a19a6dd61ba3ff76e03f4d296c5225e78dc6a2cbd5891,2912,77.0,35.0,interior,-0.0,-0.0,-0.0,-0.0,-0.0,-0.0
8,8,unloading,0.0,ac522b8e239841d3e59a19a6dd61ba3ff76e03f4d296c5225e78dc6a2cbd5891,2913,78.0,35.0,physical_only,-2.0848870707515596e-35,3.039864362805616e-35,-4.946973284844505e-35,1.777781487126679e-36,2.862086214092949e-35,2.862086214092948e-35
8,8,unloading,0.0,ac522b8e239841d3e59a19a6dd61ba3ff76e03f4d296c5225e78dc6a2cbd5891,2978,62.0,36.0,physical_only,-4.036968418759306e-33,-2.1984379176380563e-34,-1.2893656532300762e-33,-4.811861891822878e-35,-2.74760276552923e-33,-1.7172517284557694e-34
8,8,unloading,0.0,ac522b8e239841d3e59a19a6dd61ba3ff76e03f4d296c5225e78dc6a2cbd5891,2979,63.0,36.0,interior,-0.0,-0.0,-0.0,-0.0,-0.0,-0.0
8,8,unloading,0.0,ac522b8e239841d3e59a19a6dd61ba3ff76e03f4d296c5225e78dc6a2cbd5891,2980,64.0,36.0,interior,-0.0,-0.0,-0.0,-0.0,-0.0,-0.0
8,8,unloading,0.0,ac522b8e239841d3e59a19a6dd61ba3ff76e03f4d296c5225e78dc6a2cbd5891,2981,65.0,36.0,interior,-0.0,-0.0,-0.0,-0.0,-0.0,-0.0
8,8,unloading,0.0,ac522b8e239841d3e59a19a6dd61ba3ff76e03f4d296c5225e78dc6a2cbd5891,2982,66.0,36.0,interior,-0.0,-0.0,-0.0,-0.0,-0.0,-0.0
8,8,unloading,0.0,ac522b8e239841d3e59a19a6dd61ba3ff76e03f4d296c5225e78dc6a2cbd5891,2983,67.0,36.0,interior,-0.0,-0.0,-0.0,-0.0,-0.0,-0.0
8,8,unloading,0.0,ac522b8e239841d3e59a19a6dd61ba3ff76e03f4d296c5225e78dc6a2cbd5891,2984,68.0,36.0,interior,-0.0,-0.0,-0.0,-0.0,-0.0,-0.0
8,8,unloading,0.0,ac522b8e239841d3e59a19a6dd61ba3ff76e03f4d296c5225e78dc6a2cbd5891,2985,69.0,36.0,interior,-0.0,-0.0,-0.0,-0.0,-0.0,-0.0
8,8,unloading,0.0,ac522b8e239841d3e59a19a6dd61ba3ff76e03f4d296c5225e78dc6a2cbd5891,2986,70.0,36.0,interior,-0.0,-0.0,-0.0,-0.0,-0.0,-0.0
8,8,unloading,0.0,ac522b8e239841d3e59a19a6dd61ba3ff76e03f4d296c5225e78dc6a2cbd5891,2987,71.0,36.0,interior,-0.0,-0.0,-0.0,-0.0,-0.0,-0.0
8,8,unloading,0.0,ac522b8e239841d3e59a19a6dd61ba3ff76e03f4d296c5225e78dc6a2cbd5891,2988,72.0,36.0,interior,-0.0,-0.0,-0.0,-0.0,-0.0,-0.0
8,8,unloading,0.0,ac522b8e239841d3e59a19a6dd61ba3ff76e03f4d296c5225e78dc6a2cbd5891,2989,73.0,36.0,interior,-0.0,-0.0,-0.0,-0.0,-0.0,-0.0
8,8,unloading,0.0,ac522b8e239841d3e59a19a6dd61ba3ff76e03f4d296c5225e78dc6a2cbd5891,2990,74.0,36.0,interior,-0.0,-0.0,-0.0,-0.0,-0.0,-0.0
8,8,unloading,0.0,ac522b8e239841d3e59a19a6dd61ba3ff76e03f4d296c5225e78dc6a2cbd5891,2991,75.0,36.0,interior,-0.0,-0.0,-0.0,-0.0,-0.0,-0.0
8,8,unloading,0.0,ac522b8e239841d3e59a19a6dd61ba3ff76e03f4d296c5225e78dc6a2cbd5891,2992,76.0,36.0,interior,-0.0,-0.0,-0.0,-0.0,-0.0,-0.0
8,8,unloading,0.0,ac522b8e239841d3e59a19a6dd61ba3ff76e03f4d296c5225e78dc6a2cbd5891,2993,77.0,36.0,interior,-0.0,-0.0,-0.0,-0.0,-0.0,-0.0
8,8,unloading,0.0,ac522b8e239841d3e59a19a6dd61ba3ff76e03f4d296c5225e78dc6a2cbd5891,2994,78.0,36.0,physical_only,2.31455721838751e-36,8.6811446450161e-36,-4.7771951528239075e-35,1.5259291097837327e-36,5.008650874662658e-35,7.155215535232367e-36
8,8,unloading,0.0,ac522b8e239841d3e59a19a6dd61ba3ff76e03f4d296c5225e78dc6a2cbd5891,3059,62.0,37.0,physical_only,1.9659250844404108e-33,5.326897525195987e-34,-1.2396114753436908e-33,-3.972749029899089e-35,3.2055365597841014e-33,5.724172428185894e-34
8,8,unloading,0.0,ac522b8e239841d3e59a19a6dd61ba3ff76e03f4d296c5225e78dc6a2cbd5891,3060,63.0,37.0,interior,-0.0,-0.0,-0.0,-0.0,-0.0,-0.0
8,8,unloading,0.0,ac522b8e239841d3e59a19a6dd61ba3ff76e03f4d296c5225e78dc6a2cbd5891,3061,64.0,37.0,interior,-0.0,-0.0,-0.0,-0.0,-0.0,-0.0
8,8,unloading,0.0,ac522b8e239841d3e59a19a6dd61ba3ff76e03f4d296c5225e78dc6a2cbd5891,3062,65.0,37.0,interior,-0.0,-0.0,-0.0,-0.0,-0.0,-0.0
8,8,unloading,0.0,ac522b8e239841d3e59a19a6dd61ba3ff76e03f4d296c5225e78dc6a2cbd5891,3063,66.0,37.0,interior,-0.0,-0.0,-0.0,-0.0,-0.0,-0.0
8,8,unloading,0.0,ac522b8e239841d3e59a19a6dd61ba3ff76e03f4d296c5225e78dc6a2cbd5891,3064,67.0,37.0,interior,-0.0,-0.0,-0.0,-0.0,-0.0,-0.0
8,8,unloading,0.0,ac522b8e239841d3e59a19a6dd61ba3ff76e03f4d296c5225e78dc6a2cbd5891,3065,68.0,37.0,interior,-0.0,-0.0,-0.0,-0.0,-0.0,-0.0
8,8,unloading,0.0,ac522b8e239841d3e59a19a6dd61ba3ff76e03f4d296c5225e78dc6a2cbd5891,3066,69.0,37.0,interior,-0.0,-0.0,-0.0,-0.0,-0.0,-0.0
8,8,unloading,0.0,ac522b8e239841d3e59a19a6dd61ba3ff76e03f4d296c5225e78dc6a2cbd5891,3067,70.0,37.0,interior,-0.0,-0.0,-0.0,-0.0,-0.0,-0.0
8,8,unloading,0.0,ac522b8e239841d3e59a19a6dd61ba3ff76e03f4d296c5225e78dc6a2cbd5891,3068,71.0,37.0,interior,-0.0,-0.0,-0.0,-0.0,-0.0,-0.0
8,8,unloading,0.0,ac522b8e239841d3e59a19a6dd61ba3ff76e03f4d296c5225e78dc6a2cbd5891,3069,72.0,37.0,interior,-0.0,-0.0,-0.0,-0.0,-0.0,-0.0
8,8,unloading,0.0,ac522b8e239841d3e59a19a6dd61ba3ff76e03f4d296c5225e78dc6a2cbd5891,3070,73.0,37.0,interior,-0.0,-0.0,-0.0,-0.0,-0.0,-0.0
8,8,unloading,0.0,ac522b8e239841d3e59a19a6dd61ba3ff76e03f4d296c5225e78dc6a2cbd5891,3071,74.0,37.0,interior,-0.0,-0.0,-0.0,-0.0,-0.0,-0.0
8,8,unloading,0.0,ac522b8e239841d3e59a19a6dd61ba3ff76e03f4d296c5225e78dc6a2cbd5891,3072,75.0,37.0,interior,-0.0,-0.0,-0.0,-0.0,-0.0,-0.0
8,8,unloading,0.0,ac522b8e239841d3e59a19a6dd61ba3ff76e03f4d296c5225e78dc6a2cbd5891,3073,76.0,37.0,interior,-0.0,-0.0,-0.0,-0.0,-0.0,-0.0
8,8,unloading,0.0,ac522b8e239841d3e59a19a6dd61ba3ff76e03f4d296c5225e78dc6a2cbd5891,3074,77.0,37.0,interior,-0.0,-0.0,-0.0,-0.0,-0.0,-0.0
8,8,unloading,0.0,ac522b8e239841d3e59a19a6dd61ba3ff76e03f4d296c5225e78dc6a2cbd5891,3075,78.0,37.0,physical_only,-3.9339696291420707e-35,2.980901276815914e-35,-4.649491182665308e-35,1.1881506272296636e-36,7.155215535232372e-36,2.862086214092948e-35
8,8,unloading,0.0,ac522b8e239841d3e59a19a6dd61ba3ff76e03f4d296c5225e78dc6a2cbd5891,3140,62.0,38.0,physical_only,6.232111739473511e-34,-4.902979361314386e-35,-1.2085240030721357e-33,-2.0408931472214287e-35,1.8317351770194866e-33,-2.862086214092949e-35
8,8,unloading,0.0,ac522b8e239841d3e59a19a6dd61ba3ff76e03f4d296c5225e78dc6a2cbd5891,3141,63.0,38.0,interior,-0.0,-0.0,-0.0,-0.0,-0.0,-0.0
8,8,unloading,0.0,ac522b8e239841d3e59a19a6dd61ba3ff76e03f4d296c5225e78dc6a2cbd5891,3142,64.0,38.0,interior,-0.0,-0.0,-0.0,-0.0,-0.0,-0.0
8,8,unloading,0.0,ac522b8e239841d3e59a19a6dd61ba3ff76e03f4d296c5225e78dc6a2cbd5891,3143,65.0,38.0,interior,-0.0,-0.0,-0.0,-0.0,-0.0,-0.0
8,8,unloading,0.0,ac522b8e239841d3e59a19a6dd61ba3ff76e03f4d296c5225e78dc6a2cbd5891,3144,66.0,38.0,interior,-0.0,-0.0,-0.0,-0.0,-0.0,-0.0
8,8,unloading,0.0,ac522b8e239841d3e59a19a6dd61ba3ff76e03f4d296c5225e78dc6a2cbd5891,3145,67.0,38.0,interior,-0.0,-0.0,-0.0,-0.0,-0.0,-0.0
8,8,unloading,0.0,ac522b8e239841d3e59a19a6dd61ba3ff76e03f4d296c5225e78dc6a2cbd5891,3146,68.0,38.0,interior,-0.0,-0.0,-0.0,-0.0,-0.0,-0.0
8,8,unloading,0.0,ac522b8e239841d3e59a19a6dd61ba3ff76e03f4d296c5225e78dc6a2cbd5891,3147,69.0,38.0,interior,-0.0,-0.0,-0.0,-0.0,-0.0,-0.0
8,8,unloading,0.0,ac522b8e239841d3e59a19a6dd61ba3ff76e03f4d296c5225e78dc6a2cbd5891,3148,70.0,38.0,interior,-0.0,-0.0,-0.0,-0.0,-0.0,-0.0
8,8,unloading,0.0,ac522b8e239841d3e59a19a6dd61ba3ff76e03f4d296c5225e78dc6a2cbd5891,3149,71.0,38.0,interior,-0.0,-0.0,-0.0,-0.0,-0.0,-0.0
8,8,unloading,0.0,ac522b8e239841d3e59a19a6dd61ba3ff76e03f4d296c5225e78dc6a2cbd5891,3150,72.0,38.0,interior,-0.0,-0.0,-0.0,-0.0,-0.0,-0.0
8,8,unloading,0.0,ac522b8e239841d3e59a19a6dd61ba3ff76e03f4d296c5225e78dc6a2cbd5891,3151,73.0,38.0,interior,-0.0,-0.0,-0.0,-0.0,-0.0,-0.0
8,8,unloading,0.0,ac522b8e239841d3e59a19a6dd61ba3ff76e03f4d296c5225e78dc6a2cbd5891,3152,74.0,38.0,interior,-0.0,-0.0,-0.0,-0.0,-0.0,-0.0
8,8,unloading,0.0,ac522b8e239841d3e59a19a6dd61ba3ff76e03f4d296c5225e78dc6a2cbd5891,3153,75.0,38.0,interior,-0.0,-0.0,-0.0,-0.0,-0.0,-0.0
8,8,unloading,0.0,ac522b8e239841d3e59a19a6dd61ba3ff76e03f4d296c5225e78dc6a2cbd5891,3154,76.0,38.0,interior,-0.0,-0.0,-0.0,-0.0,-0.0,-0.0
8,8,unloading,0.0,ac522b8e239841d3e59a19a6dd61ba3ff76e03f4d296c5225e78dc6a2cbd5891,3155,77.0,38.0,interior,-0.0,-0.0,-0.0,-0.0,-0.0,-0.0
8,8,unloading,0.0,ac522b8e239841d3e59a19a6dd61ba3ff76e03f4d296c5225e78dc6a2cbd5891,3156,78.0,38.0,physical_only,-1.6832566031181882e-35,4.493165233486428e-36,-4.545342817211137e-35,9.155574658702404e-37,2.862086214092947e-35,3.577607767616186e-36
8,8,unloading,0.0,ac522b8e239841d3e59a19a6dd61ba3ff76e03f4d296c5225e78dc6a2cbd5891,3221,62.0,39.0,physical_only,-1.1986039823739687e-33,4.7902445536153334e-35,-1.1986039823739687e-33,-9.339278745705473e-36,-0.0,5.724172428185898e-35
8,8,unloading,0.0,ac522b8e239841d3e59a19a6dd61ba3ff76e03f4d296c5225e78dc6a2cbd5891,3222,63.0,39.0,interior,-0.0,-0.0,-0.0,-0.0,-0.0,-0.0
8,8,unloading,0.0,ac522b8e239841d3e59a19a6dd61ba3ff76e03f4d296c5225e78dc6a2cbd5891,3223,64.0,39.0,interior,-0.0,-0.0,-0.0,-0.0,-0.0,-0.0
8,8,unloading,0.0,ac522b8e239841d3e59a19a6dd61ba3ff76e03f4d296c5225e78dc6a2cbd5891,3224,65.0,39.0,interior,-0.0,-0.0,-0.0,-0.0,-0.0,-0.0
8,8,unloading,0.0,ac522b8e239841d3e59a19a6dd61ba3ff76e03f4d296c5225e78dc6a2cbd5891,3225,66.0,39.0,interior,-0.0,-0.0,-0.0,-0.0,-0.0,-0.0
8,8,unloading,0.0,ac522b8e239841d3e59a19a6dd61ba3ff76e03f4d296c5225e78dc6a2cbd5891,3226,67.0,39.0,interior,-0.0,-0.0,-0.0,-0.0,-0.0,-0.0
8,8,unloading,0.0,ac522b8e239841d3e59a19a6dd61ba3ff76e03f4d296c5225e78dc6a2cbd5891,3227,68.0,39.0,interior,-0.0,-0.0,-0.0,-0.0,-0.0,-0.0
8,8,unloading,0.0,ac522b8e239841d3e59a19a6dd61ba3ff76e03f4d296c5225e78dc6a2cbd5891,3228,69.0,39.0,interior,-0.0,-0.0,-0.0,-0.0,-0.0,-0.0
8,8,unloading,0.0,ac522b8e239841d3e59a19a6dd61ba3ff76e03f4d296c5225e78dc6a2cbd5891,3229,70.0,39.0,interior,-0.0,-0.0,-0.0,-0.0,-0.0,-0.0
8,8,unloading,0.0,ac522b8e239841d3e59a19a6dd61ba3ff76e03f4d296c5225e78dc6a2cbd5891,3230,71.0,39.0,interior,-0.0,-0.0,-0.0,-0.0,-0.0,-0.0
8,8,unloading,0.0,ac522b8e239841d3e59a19a6dd61ba3ff76e03f4d296c5225e78dc6a2cbd5891,3231,72.0,39.0,interior,-0.0,-0.0,-0.0,-0.0,-0.0,-0.0
8,8,unloading,0.0,ac522b8e239841d3e59a19a6dd61ba3ff76e03f4d296c5225e78dc6a2cbd5891,3232,73.0,39.0,interior,-0.0,-0.0,-0.0,-0.0,-0.0,-0.0
8,8,unloading,0.0,ac522b8e239841d3e59a19a6dd61ba3ff76e03f4d296c5225e78dc6a2cbd5891,3233,74.0,39.0,interior,-0.0,-0.0,-0.0,-0.0,-0.0,-0.0
8,8,unloading,0.0,ac522b8e239841d3e59a19a6dd61ba3ff76e03f4d296c5225e78dc6a2cbd5891,3234,75.0,39.0,interior,-0.0,-0.0,-0.0,-0.0,-0.0,-0.0
8,8,unloading,0.0,ac522b8e239841d3e59a19a6dd61ba3ff76e03f4d296c5225e78dc6a2cbd5891,3235,76.0,39.0,interior,-0.0,-0.0,-0.0,-0.0,-0.0,-0.0
8,8,unloading,0.0,ac522b8e239841d3e59a19a6dd61ba3ff76e03f4d296c5225e78dc6a2cbd5891,3236,77.0,39.0,interior,-0.0,-0.0,-0.0,-0.0,-0.0,-0.0
8,8,unloading,0.0,ac522b8e239841d3e59a19a6dd61ba3ff76e03f4d296c5225e78dc6a2cbd5891,3237,78.0,39.0,physical_only,-1.6025156939111855e-35,7.670772166499099e-36,-4.4646019080041333e-35,5.1555663126673695e-37,2.8620862140929484e-35,7.155215535232372e-36
8,8,unloading,0.0,ac522b8e239841d3e59a19a6dd61ba3ff76e03f4d296c5225e78dc6a2cbd5891,3302,62.0,40.0,physical_and_cut,-1.3979189734686037e-34,1.9436576939020326e-33,-5.977256916017321e-34,-2.6014869094953734e-34,4.5793379425487166e-34,2.20380638485157e-33
8,8,unloading,0.0,ac522b8e239841d3e59a19a6dd61ba3ff76e03f4d296c5225e78dc6a2cbd5891,3303,63.0,40.0,cut_only,-0.0,-0.0,-0.0,-0.0,-0.0,-0.0
8,8,unloading,0.0,ac522b8e239841d3e59a19a6dd61ba3ff76e03f4d296c5225e78dc6a2cbd5891,3304,64.0,40.0,cut_only,-0.0,-0.0,-0.0,-0.0,-0.0,-0.0
8,8,unloading,0.0,ac522b8e239841d3e59a19a6dd61ba3ff76e03f4d296c5225e78dc6a2cbd5891,3305,65.0,40.0,cut_only,-0.0,-0.0,-0.0,-0.0,-0.0,-0.0
8,8,unloading,0.0,ac522b8e239841d3e59a19a6dd61ba3ff76e03f4d296c5225e78dc6a2cbd5891,3306,66.0,40.0,cut_only,-0.0,-0.0,-0.0,-0.0,-0.0,-0.0
8,8,unloading,0.0,ac522b8e239841d3e59a19a6dd61ba3ff76e03f4d296c5225e78dc6a2cbd5891,3307,67.0,40.0,cut_only,-0.0,-0.0,-0.0,-0.0,-0.0,-0.0
8,8,unloading,0.0,ac522b8e239841d3e59a19a6dd61ba3ff76e03f4d296c5225e78dc6a2cbd5891,3308,68.0,40.0,cut_only,-0.0,-0.0,-0.0,-0.0,-0.0,-0.0
8,8,unloading,0.0,ac522b8e239841d3e59a19a6dd61ba3ff76e03f4d296c5225e78dc6a2cbd5891,3309,69.0,40.0,cut_only,-0.0,-0.0,-0.0,-0.0,-0.0,-0.0
8,8,unloading,0.0,ac522b8e239841d3e59a19a6dd61ba3ff76e03f4d296c5225e78dc6a2cbd5891,3310,70.0,40.0,cut_only,-0.0,-0.0,-0.0,-0.0,-0.0,-0.0
8,8,unloading,0.0,ac522b8e239841d3e59a19a6dd61ba3ff76e03f4d296c5225e78dc6a2cbd5891,3311,71.0,40.0,cut_only,-0.0,-0.0,-0.0,-0.0,-0.0,-0.0
8,8,unloading,0.0,ac522b8e239841d3e59a19a6dd61ba3ff76e03f4d296c5225e78dc6a2cbd5891,3312,72.0,40.0,cut_only,-0.0,-0.0,-0.0,-0.0,-0.0,-0.0
8,8,unloading,0.0,ac522b8e239841d3e59a19a6dd61ba3ff76e03f4d296c5225e78dc6a2cbd5891,3313,73.0,40.0,cut_only,-0.0,-0.0,-0.0,-0.0,-0.0,-0.0
8,8,unloading,0.0,ac522b8e239841d3e59a19a6dd61ba3ff76e03f4d296c5225e78dc6a2cbd5891,3314,74.0,40.0,cut_only,-0.0,-0.0,-0.0,-0.0,-0.0,-0.0
8,8,unloading,0.0,ac522b8e239841d3e59a19a6dd61ba3ff76e03f4d296c5225e78dc6a2cbd5891,3315,75.0,40.0,cut_only,-0.0,-0.0,-0.0,-0.0,-0.0,-0.0
8,8,unloading,0.0,ac522b8e239841d3e59a19a6dd61ba3ff76e03f4d296c5225e78dc6a2cbd5891,3316,76.0,40.0,cut_only,-0.0,-0.0,-0.0,-0.0,-0.0,-0.0
8,8,unloading,0.0,ac522b8e239841d3e59a19a6dd61ba3ff76e03f4d296c5225e78dc6a2cbd5891,3317,77.0,40.0,cut_only,-0.0,-0.0,-0.0,-0.0,-0.0,-0.0
8,8,unloading,0.0,ac522b8e239841d3e59a19a6dd61ba3ff76e03f4d296c5225e78dc6a2cbd5891,3318,78.0,40.0,physical_and_cut,2.0778654397223192e-35,-7.976017399299985e-35,-2.2152638814171026e-35,9.680020197404767e-36,4.293129321139422e-35,-8.944019419040462e-35
