element,source_phase,fixed_body_overlay,min_J_9_samples,min_J_qp,max_abs_Hu_per_mm,signed_Hu_per_mm,Hu_i,Hu_J,Hu_K
0,medium,False,0.9824836617693786,8,7.850428331730719e-05,-7.850428331730719e-05,0,0,1
1,medium,False,0.9880671850038302,8,0.00014603047942539187,-0.00014603047942539187,1,0,1
2,medium,False,0.993249948431723,8,0.00022519899372339808,-0.00022519899372339808,1,0,1
3,medium,False,0.995540665420726,8,0.000278760906788883,-0.000278760906788883,1,0,1
4,medium,False,0.996432242461034,8,0.0003236188380672661,-0.0003236188380672661,1,0,1
5,medium,False,0.9968813859466785,8,0.0003659194968785029,-0.0003659194968785029,1,0,1
6,medium,False,0.9994286556892721,8,0.00040816938120985524,-0.00040816938120985524,1,0,1
7,medium,False,0.9992238529553081,8,0.0004414456355679164,-0.0004414456355679164,1,0,1
8,medium,False,0.9989716789946383,8,0.00047860483773426443,-0.00047860483773426443,1,0,1
9,medium,False,0.9987003794700108,8,0.0005200708553422806,-0.0005200708553422806,1,0,1
10,medium,False,1.0019422961820412,8,0.000565548267503102,-0.000565548267503102,1,0,1
11,medium,False,1.0010570272344435,8,0.0006001686092834135,-0.0006001686092834135,1,0,1
12,medium,False,1.0063275067809456,8,0.0006423434637782277,-0.0006423434637782277,1,0,1
13,medium,False,1.0053426810442536,8,0.0006620348918224828,-0.0006620348918224828,1,0,1
14,medium,False,1.0042523881414653,8,0.0006921856856615394,-0.0006921856856615394,1,0,1
15,medium,False,1.0104277100750858,8,0.0007412203096117398,-0.0007412203096117398,0,0,1
16,medium,False,1.0093067855218087,8,0.0008133426135088859,-0.0008133426135088859,0,0,1
17,medium,False,1.0081011170893748,8,0.0008913493459349409,-0.0008913493459349409,0,0,1
18,medium,False,1.0151831471932293,8,0.0009580279882797438,-0.0009580279882797438,0,0,1
19,medium,False,1.0140316792656427,8,0.0010350967268072907,-0.0010350967268072907,0,0,1
20,medium,False,1.012774643042412,8,0.00111884825266291,-0.00111884825266291,0,0,1
21,medium,False,1.0208067755618597,8,0.0012001782290008561,-0.0012001782290008561,0,0,1
22,medium,False,1.0196724009156113,8,0.0012834011050570082,-0.0012834011050570082,0,0,1
23,medium,False,1.0183817232850496,8,0.0013742967187413413,-0.0013742967187413413,0,0,1
24,medium,False,1.027623655357342,8,0.0014756962861940948,-0.0014756962861940948,0,0,1
25,medium,False,1.026840405142774,8,0.0015674697730171938,-0.0015674697730171938,0,0,1
26,medium,False,1.026287662470933,8,0.0016657352100289957,-0.0016657352100289957,0,0,1
27,medium,False,1.0253574298147665,8,0.0017717599559926023,-0.0017717599559926023,0,0,1
28,medium,False,1.0365399703607012,8,0.0019146209029818895,-0.0019146209029818895,0,0,1
29,medium,False,1.0361272290648096,8,0.0020251029982721325,-0.0020251029982721325,0,0,1
30,medium,False,1.0358455314051664,8,0.0021434812502069134,-0.0021434812502069134,0,0,1
31,medium,False,1.0350737839259403,8,0.0022702070480769,-0.0022702070480769,0,0,1
32,medium,False,1.0486098684760221,8,0.002477070990010155,-0.002477070990010155,0,0,1
33,medium,False,1.0471421617535421,8,0.00261228366755506,-0.00261228366755506,0,0,1
34,medium,False,1.0609648733159536,8,0.0028728553365808818,-0.0028728553365808818,0,0,1
35,medium,False,1.0856500896312804,8,0.003246397587286065,-0.003246397587286065,0,0,1
36,medium,False,1.0873230041636117,2,0.0034530852360604714,-0.0034530852360604714,0,0,1
37,medium,False,1.0921685146201976,2,0.0037374058025079204,-0.0037374058025079204,0,0,1
38,medium,False,1.0720260863344673,2,0.0037196420494132187,-0.0037196420494132187,0,0,1
39,medium,False,1.0491796589525697,2,0.0035379199579808063,-0.0035379199579808063,0,0,1
40,medium,False,1.041183090728709,2,0.003427744008370981,-0.003427744008370981,0,0,1
41,medium,False,1.0245167170338239,2,0.003180129535939269,-0.003180129535939269,0,0,1
42,medium,False,1.016959876350221,2,0.002990821885778816,-0.002990821885778816,0,0,1
43,medium,False,1.0184576396021607,2,0.002884249167913966,-0.002884249167913966,0,0,1
44,medium,False,1.0102756726752313,2,0.002698585518080332,-0.002698585518080332,0,0,1
45,medium,False,1.0110849391223753,2,0.002580654335902155,-0.002580654335902155,0,0,1
46,medium,False,1.0040328543625738,2,0.002411355022322148,-0.002411355022322148,0,0,1
47,medium,False,1.0041917966708205,2,0.002288549389937833,-0.002288549389937833,0,0,1
48,medium,False,1.0042003542316458,2,0.0021700428709494624,-0.0021700428709494624,0,0,1
49,medium,False,1.0041702930037502,2,0.0020560273912400007,-0.0020560273912400007,0,0,1
50,medium,False,1.0041374591714458,2,0.0019464391812917814,-0.0019464391812917814,0,0,1
51,medium,False,1.0040902376987333,2,0.0018408722439977598,-0.0018408722439977598,0,0,1
52,medium,False,1.0040051104434364,2,0.0017388730185041723,-0.0017388730185041723,0,0,1
53,medium,False,1.0038736212905737,2,0.0016401371116296914,-0.0016401371116296914,0,0,1
54,medium,False,1.0037026845460935,2,0.0015445121867696532,-0.0015445121867696532,0,0,1
55,medium,False,1.0035042348773946,2,0.001451917569567085,-0.001451917569567085,0,0,1
56,medium,False,1.0032848488531239,2,0.0013622768071779312,-0.0013622768071779312,0,0,1
57,medium,False,1.0030443088975605,2,0.001275507309045354,-0.001275507309045354,0,0,1
58,medium,False,1.0027807988878472,2,0.0011915480424726788,-0.0011915480424726788,0,0,1
59,medium,False,1.0024984565086,2,0.001110390736859701,-0.001110390736859701,0,0,1
60,medium,False,1.0022137170495853,2,0.0010320816687388046,-0.0010320816687388046,0,0,1
61,medium,False,1.001953542382502,2,0.0009566791955526455,-0.0009566791955526455,0,0,1
62,medium,False,1.0017524295807851,2,0.0008841725842105852,-0.0008841725842105852,0,0,1
63,medium,False,1.0016509395659352,2,0.0008143796091757416,-0.0008143796091757416,0,0,1
64,medium,False,1.0017031495559148,2,0.000746392111273142,-0.000746392111273142,0,0,1
65,medium,False,1.0008392283775032,2,0.0006837548255087533,-0.0006837548255087533,0,0,1
66,medium,False,1.001044412519331,2,0.0006219820070658688,-0.0006219820070658688,0,0,1
67,medium,False,1.000425502946339,2,0.0005650583301575196,-0.0005650583301575196,0,0,1
68,medium,False,1.0005227760494746,2,0.0005088794529992668,-0.0005088794529992668,0,0,1
69,medium,False,1.0001456059922407,2,0.0004557811341825424,-0.0004557811341825424,0,0,1
70,medium,False,1.0000660868791786,2,0.0004034596581157235,-0.0004034596581157235,0,0,1
71,medium,False,0.9997370034258937,2,0.00035323637764927973,-0.00035323637764927973,0,0,1
72,medium,False,0.9995874111362675,2,0.0003036805767639983,-0.0003036805767639983,0,0,1
73,medium,False,0.9992920603803671,2,0.00025597548141309545,-0.00025597548141309545,0,0,1
74,medium,False,0.999010337232623,2,0.00021037444484695023,-0.00021037444484695023,0,0,1
75,medium,False,0.9987561542054775,2,0.00016690436288047117,-0.00016690436288047117,0,0,1
76,medium,False,0.9984934092065088,2,0.0001266387003397984,-0.0001266387003397984,0,0,1
77,medium,False,0.9982846717344067,2,9.000181275653496e-05,-9.000181275653496e-05,0,0,1
78,medium,False,0.9980903466665441,2,5.6248027729965955e-05,-5.6248027729965955e-05,0,0,1
79,medium,False,0.9978903831509474,2,2.4593734096356457e-05,2.4593734096356457e-05,1,0,1
80,medium,False,0.9829595988373543,8,0.0002520108531485765,-0.0002520108531485765,0,0,1
81,medium,False,0.9885858497359034,8,0.0001765870425317062,-0.0001765870425317062,0,0,1
82,medium,False,0.9937772111419585,8,0.00024781871791279553,-0.00024781871791279553,1,0,1
83,medium,False,0.9960293875569975,8,0.0003008698853769337,-0.0003008698853769337,1,0,1
84,medium,False,0.9968586950832563,8,0.0003428250106412706,-0.0003428250106412706,1,0,1
85,medium,False,0.9972402656520162,8,0.00038115412230646517,-0.00038115412230646517,1,0,1
86,medium,False,0.9997543777663003,8,0.0004213596930835173,-0.0004213596930835173,1,0,1
87,medium,False,0.9994700975179843,8,0.0004517465610998639,-0.0004517465610998639,1,0,1
88,medium,False,0.9991359928982354,8,0.00048692518541743057,-0.00048692518541743057,1,0,1
89,medium,False,0.9987794842607363,8,0.0005272861802863571,-0.0005272861802863571,1,0,1
90,medium,False,1.0019989213795681,8,0.0005688904356395685,-0.0005688904356395685,1,0,1
91,medium,False,1.0010151088723505,8,0.0006050263772441333,-0.0006050263772441333,1,0,1
92,medium,False,1.0063014522073759,8,0.0006400223220476842,-0.0006400223220476842,1,0,1
93,medium,False,1.0052272566871703,8,0.0006595629205305986,-0.0006595629205305986,1,0,1
94,medium,False,1.0040346731255116,8,0.000747349529134269,-0.000747349529134269,0,0,1
95,medium,False,1.0102389186121747,8,0.0007404068331309729,-0.0007404068331309729,0,0,1
96,medium,False,1.0090272195087728,8,0.0008355308575637649,-0.0008355308575637649,0,0,1
97,medium,False,1.0077153947882458,8,0.0009371889102546662,-0.0009371889102546662,0,0,1
98,medium,False,1.0148343176640011,8,0.00092866299272879,-0.00092866299272879,0,0,1
99,medium,False,1.0135893318677764,8,0.001029421557104733,-0.001029421557104733,0,0,1
100,medium,False,1.012220153955195,8,0.001137655277750546,-0.001137655277750546,0,0,1
101,medium,False,1.0202929376663197,8,0.0011294535539181916,-0.0011294535539181916,0,0,1
102,medium,False,1.0190596659874676,8,0.0012363433488835895,-0.0012363433488835895,0,0,1
103,medium,False,1.017647020798603,8,0.0013521943851187157,-0.0013521943851187157,0,0,1
104,medium,False,1.0269304288797632,8,0.001344278896324158,-0.001344278896324158,0,0,1
105,medium,False,1.026042763806754,8,0.0014550881772696644,-0.0014550881772696644,0,0,1
106,medium,False,1.025378825841352,8,0.0015686604033082752,-0.0015686604033082752,0,0,1
107,medium,False,1.02430734719841,8,0.0016941077641927649,-0.0016941077641927649,0,0,1
108,medium,False,1.0355128340300992,8,0.0016940447374362844,-0.0016940447374362844,0,0,1
109,medium,False,1.0349707808138497,8,0.0018171338649666247,-0.0018171338649666247,0,0,1
110,medium,False,1.034547037586443,8,0.0019452878283957586,-0.0019452878283957586,0,0,1
111,medium,False,1.0335962553787932,8,0.002087319640846408,-0.002087319640846408,0,0,1
112,medium,False,1.0471132185696173,8,0.0021023448604923223,-0.0021023448604923223,0,0,1
113,medium,False,1.0454284258119226,8,0.002262707151705623,-0.002262707151705623,0,0,1
114,medium,False,1.059141314244387,8,0.002304663887086167,-0.002304663887086167,0,0,1
115,medium,False,1.0838639717545082,8,0.0022240988958365238,-0.0022240988958365238,0,0,1
116,medium,False,1.0853133896641078,8,0.002394413765585468,-0.002394413765585468,0,0,1
117,medium,False,1.089961535711531,2,0.002561885637497152,-0.002561885637497152,0,0,1
118,medium,False,1.0692385878744792,2,0.0029275590288171394,-0.0029275590288171394,0,0,1
119,medium,False,1.0459913932383849,2,0.003121516674494673,-0.003121516674494673,0,0,1
120,medium,False,1.037996674770937,2,0.0031233750053663023,-0.0031233750053663023,0,0,1
121,medium,False,1.0213357046584741,2,0.0030979092863037128,-0.0030979092863037128,0,0,1
122,medium,False,1.0139675233453347,2,0.0029973598863646256,-0.0029973598863646256,0,0,1
123,medium,False,1.0157040749140356,2,0.0028667219493430096,-0.0028667219493430096,0,0,1
124,medium,False,1.0076723917064934,2,0.002772486126723317,-0.002772486126723317,0,0,1
125,medium,False,1.0087012119264376,2,0.002639120694471808,-0.002639120694471808,0,0,1
126,medium,False,1.0017939014161261,2,0.0025435274033240862,-0.0025435274033240862,0,0,1
127,medium,False,1.0021493616171864,2,0.0024129429343757725,-0.0024129429343757725,0,0,1
128,medium,False,1.0023362493913954,2,0.0022881549613982255,-0.0022881549613982255,0,0,1
129,medium,False,1.0024698570466308,2,0.002168171003188668,-0.002168171003188668,0,0,1
130,medium,False,1.0025874794049552,2,0.002052580433070883,-0.002052580433070883,0,0,1
131,medium,False,1.0026788261981376,2,0.0019411484974805049,-0.0019411484974805049,0,0,1
132,medium,False,1.0027217361626024,2,0.0018337155903813684,-0.0018337155903813684,0,0,1
133,medium,False,1.002709086774667,2,0.001730094016983319,-0.001730094016983319,0,0,1
134,medium,False,1.0026489507592973,2,0.001630070202745637,-0.001630070202745637,0,0,1
135,medium,False,1.0025542006017332,2,0.0015334429180968723,-0.0015334429180968723,0,0,1
136,medium,False,1.0024321541094272,2,0.0014400732820982753,-0.0014400732820982753,0,0,1
137,medium,False,1.0022832087770057,2,0.0013498898426527184,-0.0013498898426527184,0,0,1
138,medium,False,1.0021060947497586,2,0.0012628567701704618,-0.0012628567701704618,0,0,1
139,medium,False,1.0019054605143916,2,0.0011789197883942393,-0.0011789197883942393,0,0,1
140,medium,False,1.0016982398384353,2,0.0010979384466229813,-0.0010979384466229813,0,0,1
141,medium,False,1.0015118816626898,2,0.0010196667800579373,-0.0010196667800579373,0,0,1
142,medium,False,1.001381440355385,2,0.0009437087970729507,-0.0009437087970729507,0,0,1
143,medium,False,1.0013483002309642,2,0.0008694318430937376,-0.0008694318430937376,0,0,1
144,medium,False,1.001467821104594,2,0.0007953944692182802,-0.0007953944692182802,0,0,1
145,medium,False,1.000658917910304,2,0.0007368438819834733,-0.0007368438819834733,0,0,1
146,medium,False,1.0009250425722531,2,0.0006675017477371092,-0.0006675017477371092,0,0,1
147,medium,False,1.0003575598189607,2,0.0006120923199584016,-0.0006120923199584016,0,0,1
148,medium,False,1.000509621989267,2,0.0005497297285566027,-0.0005497297285566027,0,0,1
149,medium,False,1.0001833234949555,2,0.000495693579777523,-0.000495693579777523,0,0,1
150,medium,False,1.0001567226407988,2,0.000439314703960747,-0.000439314703960747,0,0,1
151,medium,False,0.9998799959266154,2,0.0003878000079100552,-0.0003878000079100552,0,0,1
152,medium,False,0.999785589155722,2,0.0003350755941875505,-0.0003350755941875505,0,0,1
153,medium,False,0.9995464853042799,2,0.0002857941446918755,-0.0002857941446918755,0,0,1
154,medium,False,0.9993219470214174,2,0.00023847378047059387,-0.00023847378047059387,0,0,1
155,medium,False,0.99912576928298,2,0.00019301500748380995,-0.00019301500748380995,0,0,1
156,medium,False,0.9989219570014679,2,0.00015071427256962977,-0.00015071427256962977,0,0,1
157,medium,False,0.9987701146201918,2,0.0001115167283185503,-0.0001115167283185503,0,0,1
158,medium,False,0.9986321934386334,2,7.512515244334494e-05,-7.512515244334494e-05,0,0,1
159,medium,False,0.9984902039796322,2,5.3919940249613774e-05,5.3919940249613774e-05,1,0,1
160,medium,False,0.9833777144503933,8,0.0004253797462993661,-0.0004253797462993661,0,0,1
161,medium,False,0.9890906349246747,8,0.00029934134782019783,-0.00029934134782019783,0,0,1
162,medium,False,0.9943312864552994,8,0.0002793683163085092,-0.0002793683163085092,1,0,1
163,medium,False,0.9965535442070577,8,0.00033153457256161756,-0.00033153457256161756,1,0,1
164,medium,False,0.997313520867809,8,0.0003701210006308575,-0.0003701210006308575,1,0,1
165,medium,False,0.9976156624907231,8,0.0004040811273931799,-0.0004040811273931799,1,0,1
166,medium,False,1.0001093205549172,8,0.00044196681136010607,-0.00044196681136010607,1,0,1
167,medium,False,0.9997266681254106,8,0.0004690902417355258,-0.0004690902417355258,1,0,1
168,medium,False,0.9992913850966694,8,0.0005021109339830576,-0.0005021109339830576,1,0,1
169,medium,False,0.9988301653731929,8,0.0005413845896001246,-0.0005413845896001246,1,0,1
170,medium,False,1.0020474423419035,8,0.000579303224768235,-0.000579303224768235,1,0,1
171,medium,False,1.0009381164382103,8,0.0006358201388607029,-0.0006358201388607029,0,0,1
172,medium,False,1.0062840950820957,8,0.0006450957838976534,-0.0006450957838976534,1,0,1
173,medium,False,1.0050917706245497,8,0.0006906287026151869,-0.0006906287026151869,0,0,1
174,medium,False,1.003766989478105,8,0.0008081348845669287,-0.0008081348845669287,0,0,1
175,medium,False,1.0100542131166297,8,0.0007378072845893441,-0.0007378072845893441,0,0,1
176,medium,False,1.0087204117392976,8,0.0008562662663059216,-0.0008562662663059216,0,0,1
177,medium,False,1.007270173419174,8,0.0009819642891297697,-0.0009819642891297697,0,0,1
178,medium,False,1.0144906458726515,8,0.0008978071021176863,-0.0008978071021176863,0,0,1
179,medium,False,1.0131191176533845,8,0.0010225664405052876,-0.0010225664405052876,0,0,1
180,medium,False,1.0116036377887163,8,0.0011556731800985293,-0.0011556731800985293,0,0,1
181,medium,False,1.0197936976939501,8,0.0010577607966581332,-0.0010577607966581332,0,0,1
182,medium,False,1.0184272498836124,8,0.0011886497968006948,-0.0011886497968006948,0,0,1
183,medium,False,1.0168567578872265,8,0.001329904570057605,-0.001329904570057605,0,0,1
184,medium,False,1.0262751692386523,8,0.0012129205857083492,-0.0012129205857083492,0,0,1
185,medium,False,1.025252031292415,8,0.0013432034563938822,-0.0013432034563938822,0,0,1
186,medium,False,1.0244490944435318,8,0.0014725891236816446,-0.0014725891236816446,0,0,1
187,medium,False,1.0232041346778535,8,0.0016181273055452805,-0.0016181273055452805,0,0,1
188,medium,False,1.034554722690098,8,0.001476668156953409,-0.001476668156953409,0,0,1
189,medium,False,1.0338564952531646,8,0.0016132286807634122,-0.0016132286807634122,0,0,1
190,medium,False,1.0332664444176871,8,0.0017521936374497171,-0.0017521936374497171,0,0,1
191,medium,False,1.0321069291728793,8,0.0019107917852531076,-0.0019107917852531076,0,0,1
192,medium,False,1.045769964322399,8,0.001738177236040639,-0.001738177236040639,0,0,1
193,medium,False,1.0438290119135283,8,0.0019255786112252204,-0.0019255786112252204,0,0,1
194,medium,False,1.0576233953839846,8,0.0017558551657453902,-0.0017558551657453902,0,0,1
195,medium,False,1.0828022439043907,8,0.001232120166332118,-0.001232120166332118,0,0,1
196,medium,False,1.0840144762776898,8,0.001372840776623141,-0.001372840776623141,0,0,1
197,medium,False,1.088612542329121,2,0.0014343659697595434,-0.0014343659697595434,0,0,1
198,medium,False,1.0669604235036083,2,0.0021814011006597855,-0.0021814011006597855,0,0,1
199,medium,False,1.0429899826932312,2,0.002740114225502799,-0.002740114225502799,0,0,1
200,medium,False,1.034918434410468,2,0.0028490274907206903,-0.0028490274907206903,0,0,1
201,medium,False,1.0180849051699128,2,0.003035245311703072,-0.003035245311703072,0,0,1
202,medium,False,1.0108446779597997,2,0.003018055035612699,-0.003018055035612699,0,0,1
203,medium,False,1.0128607175104218,2,0.002862785469157192,-0.002862785469157192,0,0,1
204,medium,False,1.0049128812462962,2,0.0028554359649799466,-0.0028554359649799466,0,0,1
205,medium,False,1.0061913938282003,2,0.0027059175367722954,-0.0027059175367722954,0,0,1
206,medium,False,0.9993745753734081,2,0.0026807527109498075,-0.0026807527109498075,0,0,1
207,medium,False,0.9999464984607032,2,0.002541614908794232,-0.002541614908794232,0,0,1
208,medium,False,1.0003288787046458,2,0.0024098112133947858,-0.0024098112133947858,0,0,1
209,medium,False,1.0006417192588248,2,0.002283190207755581,-0.002283190207755581,0,0,1
210,medium,False,1.0009242256668125,2,0.002160999594621016,-0.002160999594621016,0,0,1
211,medium,False,1.001167392929137,2,0.0020431667005400556,-0.0020431667005400556,0,0,1
212,medium,False,1.0013502399952623,2,0.0019298147811570576,-0.0019298147811570576,0,0,1
213,medium,False,1.00146695751804,2,0.0018208663106800138,-0.0018208663106800138,0,0,1
214,medium,False,1.0015269232552524,2,0.001716043783566823,-0.001716043783566823,0,0,1
215,medium,False,1.001544150303819,2,0.0016150238529548666,-0.0016150238529548666,0,0,1
216,medium,False,1.0015268402095332,2,0.0015176030136141438,-0.0015176030136141438,0,0,1
217,medium,False,1.0014760681899593,2,0.0014237181676779453,-0.0014237181676779453,0,0,1
218,medium,False,1.0013911489942458,2,0.0013333561427844032,-0.0013333561427844032,0,0,1
219,medium,False,1.0012773404662212,2,0.001246414948414598,-0.001246414948414598,0,0,1
220,medium,False,1.0011523080004894,2,0.00116256633612144,-0.00116256633612144,0,0,1
221,medium,False,1.0010443405445641,2,0.0010812585673798392,-0.0010812585673798392,0,0,1
222,medium,False,1.0009894955642231,2,0.0010017069708889714,-0.0010017069708889714,0,0,1
223,medium,False,1.0010305107926012,2,0.0009228209062182025,-0.0009228209062182025,0,0,1
224,medium,False,1.0012247878096743,2,0.0008426066756539452,-0.0008426066756539452,0,0,1
225,medium,False,1.0004674742428494,2,0.0007881242216116746,-0.0007881242216116746,0,0,1
226,medium,False,1.0008035043836667,2,0.0007111264130486017,-0.0007111264130486017,0,0,1
227,medium,False,1.0002866398169328,2,0.0006572460231946131,-0.0006572460231946131,0,0,1
228,medium,False,1.0005011173906426,2,0.0005886528874814445,-0.0005886528874814445,0,0,1
229,medium,False,1.000227741028289,2,0.0005336839517331438,-0.0005336839517331438,0,0,1
230,medium,False,1.0002597576322412,2,0.0004732100676558826,-0.0004732100676558826,0,0,1
231,medium,False,1.0000382649783655,2,0.000420384355481751,-0.000420384355481751,0,0,1
232,medium,False,1.0000042754220348,2,0.0003644272460534559,-0.0003644272460534559,0,0,1
233,medium,False,0.9998251531309066,2,0.0003135066236641393,-0.0003135066236641393,0,0,1
234,medium,False,0.9996619764782638,2,0.000264393901857618,-0.000264393901857618,0,0,1
235,medium,False,0.9995286574819101,2,0.0002168606572316989,-0.0002168606572316989,0,0,1
236,medium,False,0.9993888389733694,2,0.00017243977088732265,-0.00017243977088732265,0,0,1
237,medium,False,0.999300046402061,2,0.0001306050350295962,-0.0001306050350295962,0,0,1
238,medium,False,0.9992254193967488,2,9.383170545063102e-05,9.383170545063102e-05,1,0,1
239,medium,False,0.9991489509725349,2,8.859925991089312e-05,8.859925991089312e-05,1,0,1
240,medium,False,0.9837330966124359,8,0.0005998206488044659,-0.0005998206488044659,0,0,1
241,medium,False,0.9895785234014963,8,0.0004215478404207412,-0.0004215478404207412,0,0,1
242,medium,False,0.9949107995813925,8,0.0003196315913111744,-0.0003196315913111744,1,0,1
243,medium,False,0.9971123585599284,8,0.00037055312458333933,-0.00037055312458333933,1,0,1
244,medium,False,0.9977959773695334,8,0.0004052943453248248,-0.0004052943453248248,1,0,1
245,medium,False,0.9980067336831799,8,0.0004344717390134534,-0.0004344717390134534,1,0,1
246,medium,False,1.0004933316155697,8,0.00046976807466084236,-0.00046976807466084236,1,0,1
247,medium,False,0.9999930614172461,8,0.00049323474180063,-0.00049323474180063,1,0,1
248,medium,False,0.999437008225051,8,0.0005239083678379997,-0.0005239083678379997,1,0,1
249,medium,False,0.9988512302060509,8,0.0006113527564161336,-0.0006113527564161336,0,0,1
250,medium,False,1.002087483155399,8,0.0005965309379026285,-0.0005965309379026285,1,0,1
251,medium,False,1.0008250948305377,8,0.000704475080307701,-0.000704475080307701,0,0,1
252,medium,False,1.0062759713953533,8,0.0006572989917639771,-0.0006572989917639771,1,0,1
253,medium,False,1.004936246681853,8,0.0007283956262005044,-0.0007283956262005044,0,0,1
254,medium,False,1.0034487743660787,8,0.0008690906059999198,-0.0008690906059999198,0,0,1
255,medium,False,1.0098746734976045,8,0.0007350439613521553,-0.0007350439613521553,1,0,1
256,medium,False,1.0083869527799467,8,0.0008767971915027417,-0.0008767971915027417,0,0,1
257,medium,False,1.006765468455722,8,0.0010272971071379616,-0.0010272971071379616,0,0,1
258,medium,False,1.0141538863282105,8,0.0008664200315033344,-0.0008664200315033344,0,0,1
259,medium,False,1.0126223361891447,8,0.001015927718288831,-0.001015927718288831,0,0,1
260,medium,False,1.0109258261801972,8,0.0011747183849846327,-0.0011747183849846327,0,0,1
261,medium,False,1.0193115985883785,8,0.0009860816519502852,-0.0009860816519502852,0,0,1
262,medium,False,1.017777265078313,8,0.0011417944625425058,-0.0011417944625425058,0,0,1
263,medium,False,1.0160124567347262,8,0.0013093806647842265,-0.0013093806647842265,0,0,1
264,medium,False,1.0256612853183555,8,0.0010824395831605382,-0.0010824395831605382,0,0,1
265,medium,False,1.0244712286874051,8,0.001233140120717402,-0.001233140120717402,0,0,1
266,medium,False,1.0235011733668682,8,0.001379287164602394,-0.001379287164602394,0,0,1
267,medium,False,1.022049914831723,8,0.001546059910498998,-0.001546059910498998,0,0,1
268,medium,False,1.0336692225815707,8,0.0012630429701216972,-0.0012630429701216972,0,0,1
269,medium,False,1.03278743024632,8,0.0014144420110236977,-0.0014144420110236977,0,0,1
270,medium,False,1.0320062544524529,8,0.0015656962390353524,-0.0015656962390353524,0,0,1
271,medium,False,1.0306073835680174,8,0.0017426219823093447,-0.0017426219823093447,0,0,1
272,medium,False,1.0445819675735173,8,0.0013836666559005062,-0.0013836666559005062,0,0,1
273,medium,False,1.0423438939056822,8,0.0016008079813524256,-0.0016008079813524256,0,0,1
274,medium,False,1.0564095555779511,8,0.0012218262364959154,-0.0012218262364959154,0,0,1
275,medium,False,1.0824680590656084,8,0.0005178481486385333,-0.0005178481486385333,1,0,1
276,medium,False,1.083470366492057,8,0.0003678627724259531,-0.0003678627724259531,0,0,1
277,medium,False,1.0881141225044653,2,0.00032911390065915036,-0.00032911390065915036,0,0,1
278,medium,False,1.0651697300547227,2,0.0014694281305855927,-0.0014694281305855927,0,0,1
279,medium,False,1.0401516599422254,2,0.0023910889433564897,-0.0023910889433564897,0,0,1
280,medium,False,1.031927046509253,2,0.0026037345543958867,-0.0026037345543958867,0,0,1
281,medium,False,1.0147486250797957,2,0.002993983600685368,-0.002993983600685368,0,0,1
282,medium,False,1.0075796313369632,2,0.0030554302517995513,-0.0030554302517995513,0,0,1
283,medium,False,1.0099165812905795,2,0.0028745610051730264,-0.0028745610051730264,0,0,1
284,medium,False,1.0019892322558335,2,0.002950128107546801,-0.002950128107546801,0,0,1
285,medium,False,1.0035482497138974,2,0.0027834675506628326,-0.0027834675506628326,0,0,1
286,medium,False,0.996769856410351,2,0.0028257895871046657,-0.0028257895871046657,0,0,1
287,medium,False,0.9975787899031376,2,0.0026771498108659753,-0.0026771498108659753,0,0,1
288,medium,False,0.9981744218130406,2,0.0025374304300105344,-0.0025374304300105344,0,0,1
289,medium,False,0.9986826261053395,2,0.002403342584921253,-0.002403342584921253,0,0,1
290,medium,False,0.9991449635546118,2,0.0022737962712038318,-0.0022737962712038318,0,0,1
291,medium,False,0.999553672021753,2,0.0021488736708943357,-0.0021488736708943357,0,0,1
292,medium,False,0.9998887761125554,2,0.0020289727718394435,-0.0020289727718394435,0,0,1
293,medium,False,1.0001457610390638,2,0.001914121337043051,-0.001914121337043051,0,0,1
294,medium,False,1.0003354569691374,2,0.001803975231718935,-0.001803975231718935,0,0,1
295,medium,False,1.0004732211275307,2,0.001698086603100446,-0.001698086603100446,0,0,1
296,medium,False,1.0005682825552884,2,0.0015961845506216044,-0.0015961845506216044,0,0,1
297,medium,False,1.0006224585642538,2,0.0014982115165416143,-0.0014982115165416143,0,0,1
298,medium,False,1.0006356887970578,2,0.001404174521583812,-0.001404174521583812,0,0,1
299,medium,False,1.000613941312488,2,0.001313921559066511,-0.001313921559066511,0,0,1
300,medium,False,1.0005758495447457,2,0.0012269334926418018,-0.0012269334926418018,0,0,1
301,medium,False,1.0005509001263366,2,0.0011423480013685872,-0.0011423480013685872,0,0,1
302,medium,False,1.0005766068898416,2,0.001058983835284133,-0.001058983835284133,0,0,1
303,medium,False,1.000697603845207,2,0.0009752791980770503,-0.0009752791980770503,0,0,1
304,medium,False,1.0009741153271638,2,0.0008886610519331928,-0.0008886610519331928,0,0,1
305,medium,False,1.0002647797793291,2,0.0008382414683161254,-0.0008382414683161254,0,0,1
306,medium,False,1.000679673254992,2,0.0007533888202531092,-0.0007533888202531092,0,0,1
307,medium,False,1.0002124146159357,2,0.0007010426673197401,-0.0007010426673197401,0,0,1
308,medium,False,1.000496858904592,2,0.0006260756129119471,-0.0006260756129119471,0,0,1
309,medium,False,1.0002782735197682,2,0.00057014289920021,-0.00057014289920021,0,0,1
310,medium,False,1.000374493132791,2,0.000505462694225578,-0.000505462694225578,0,0,1
311,medium,False,1.0002109516041102,2,0.00045126455086563766,-0.00045126455086563766,0,0,1
312,medium,False,1.0002425130632173,2,0.0003919442278697005,-0.0003919442278697005,0,0,1
313,medium,False,1.0001269933106323,2,0.00033927271577827156,-0.00033927271577827156,0,0,1
314,medium,False,1.0000292520443508,2,0.00028824180888165074,-0.00028824180888165074,0,0,1
315,medium,False,0.9999635564717091,2,0.00023848894221001338,-0.00023848894221001338,0,0,1
316,medium,False,0.9998927088253678,2,0.00019180132665441718,-0.00019180132665441718,0,0,1
317,medium,False,0.9998730277102454,2,0.000147180027620486,-0.000147180027620486,0,0,1
318,medium,False,0.9998684965774582,2,0.00012565320076185493,0.00012565320076185493,1,0,1
319,medium,False,0.999865037884705,2,0.00012837780017704858,0.00012837780017704858,1,0,1
320,medium,False,0.9840202698764444,8,0.0007765649115295016,-0.0007765649115295016,0,0,1
321,medium,False,0.9900463305500725,8,0.000544070606881282,-0.000544070606881282,0,0,1
322,medium,False,0.9955146444053108,8,0.0003684330493922,-0.0003684330493922,1,0,1
323,medium,False,0.9977054110936852,8,0.00041776050482426885,-0.00041776050482426885,1,0,1
324,medium,False,0.9983055777778539,8,0.00044816113280216063,-0.00044816113280216063,1,0,1
325,medium,False,0.9984127364841688,8,0.0004721180275805148,-0.0004721180275805148,1,0,1
326,medium,False,1.0009065000082342,8,0.0005045596147324749,-0.0005045596147324749,1,0,1
327,medium,False,1.0002687773676726,8,0.000523948821654574,-0.000523948821654574,1,0,1
328,medium,False,0.9995717882237087,8,0.0005758143877842153,-0.0005758143877842153,0,0,1
329,medium,False,0.9988410365027672,8,0.0006882250273560764,-0.0006882250273560764,0,0,1
330,medium,False,1.0021184077543523,8,0.0006251058347204533,-0.0006251058347204533,0,0,1
331,medium,False,1.0006745188514323,8,0.0007740116037399068,-0.0007740116037399068,0,0,1
332,medium,False,1.0062774885945454,8,0.0006763806867166045,-0.0006763806867166045,1,0,1
333,medium,False,1.0047602200394712,8,0.0007666239112956424,-0.0007666239112956424,0,0,1
334,medium,False,1.0030786296508534,8,0.0009315909347265825,-0.0009315909347265825,0,0,1
335,medium,False,1.0097010658648862,8,0.0007505658165757323,-0.0007505658165757323,1,0,1
336,medium,False,1.0080267094974118,8,0.0008983357678995184,-0.0008983357678995184,0,0,1
337,medium,False,1.006200180300389,8,0.0010747704680394432,-0.0010747704680394432,0,0,1
338,medium,False,1.0138252863463937,8,0.0008354109066883927,-0.0008354109066883927,0,0,1
339,medium,False,1.0120993115568964,8,0.0010108499714634178,-0.0010108499714634178,0,0,1
340,medium,False,1.0101860246871601,8,0.0011965502823683555,-0.0011965502823683555,0,0,1
341,medium,False,1.0188484819036108,8,0.0009153305536697548,-0.0009153305536697548,0,0,1
342,medium,False,1.017110576942404,8,0.0010971802502039718,-0.0010971802502039718,0,0,1
343,medium,False,1.0151138600499914,8,0.001292496637570112,-0.001292496637570112,0,0,1
344,medium,False,1.025091345257235,8,0.0009535679380780482,-0.0009535679380780482,0,0,1
345,medium,False,1.0237019363475979,8,0.0011261307883908556,-0.0011261307883908556,0,0,1
346,medium,False,1.022535780253899,8,0.0012904177846627674,-0.0012904177846627674,0,0,1
347,medium,False,1.0208442383641956,8,0.0014800293262245967,-0.0014800293262245967,0,0,1
348,medium,False,1.0328586413993188,8,0.0010536240511195838,-0.0010536240511195838,0,0,1
349,medium,False,1.031764672310646,8,0.0012217238930834484,-0.0012217238930834484,0,0,1
350,medium,False,1.0307663456435918,8,0.0013871771453460302,-0.0013871771453460302,0,0,1
351,medium,False,1.0290958549068467,8,0.0015846759157230883,-0.0015846759157230883,0,0,1
352,medium,False,1.043549883783152,8,0.0010378840792356625,-0.0010378840792356625,0,0,1
353,medium,False,1.0409707249073643,8,0.001288283492592912,-0.001288283492592912,0,0,1
354,medium,False,1.055499401388673,8,0.0009232575662616593,-0.0009232575662616593,1,0,1
355,medium,False,1.0821690337630356,6,0.000737449050618455,0.000737449050618455,0,0,1
356,medium,False,1.0830748725616537,6,0.0006403715247192965,0.0006403715247192965,0,0,1
357,medium,False,1.0876289010424476,6,0.0007784399390837748,0.0007784399390837748,0,0,1
358,medium,False,1.063851546482071,2,0.0007812058667138189,-0.0007812058667138189,0,0,1
359,medium,False,1.0374525722369454,2,0.00207239378523405,-0.00207239378523405,0,0,1
360,medium,False,1.0290002676440624,2,0.0023868719644719594,-0.0023868719644719594,0,0,1
361,medium,False,1.011308566554335,2,0.0029758738276493,-0.0029758738276493,0,0,1
362,medium,False,1.0041578120715637,2,0.003111797010769246,-0.003111797010769246,0,0,1
363,medium,False,1.006858274538993,2,0.0029040314077475315,-0.0029040314077475315,0,0,1
364,medium,False,0.9988908981641005,2,0.0030590302143889136,-0.0030590302143889136,0,0,1
365,medium,False,1.0007622357752557,2,0.002874017638100801,-0.002874017638100801,0,0,1
366,medium,False,0.9939722930516507,2,0.0029811763025444638,-0.0029811763025444638,0,0,1
367,medium,False,0.9950396127406163,2,0.002821945279449123,-0.002821945279449123,0,0,1
368,medium,False,0.9958670674483842,2,0.0026732713799026975,-0.0026732713799026975,0,0,1
369,medium,False,0.9965875378820004,2,0.0025307477405196455,-0.0025307477405196455,0,0,1
370,medium,False,0.9972453674487777,2,0.002392950435993413,-0.002392950435993413,0,0,1
371,medium,False,0.9978339896364861,2,0.0022601117642730983,-0.0022601117642730983,0,0,1
372,medium,False,0.9983342594352081,2,0.0021328996893565932,-0.0021328996893565932,0,0,1
373,medium,False,0.9987429382425436,2,0.00201144448678936,-0.00201144448678936,0,0,1
374,medium,False,0.9990724569801301,2,0.001895333155782275,-0.001895333155782275,0,0,1
375,medium,False,0.9993397224498871,2,0.0017839905283070223,-0.0017839905283070223,0,0,1
376,medium,False,0.9995551373097111,2,0.0016770752719483806,-0.0016770752719483806,0,0,1
377,medium,False,0.9997213276591395,2,0.001574532757525171,-0.001574532757525171,0,0,1
378,medium,False,0.9998389007287158,2,0.0014763880062418355,-0.0014763880062418355,0,0,1
379,medium,False,0.9999146390183117,2,0.0013824362678571678,-0.0013824362678571678,0,0,1
380,medium,False,0.9999683861621845,2,0.0012919625524718814,-0.0012919625524718814,0,0,1
381,medium,False,1.000031192788485,2,0.0012037858911526644,-0.0012037858911526644,0,0,1
382,medium,False,1.0001424949999282,2,0.0011163161132068389,-0.0011163161132068389,0,0,1
383,medium,False,1.0003493853068661,2,0.0010275014212490774,-0.0010275014212490774,0,0,1
384,medium,False,1.0007157242765135,2,0.0009341539833456203,-0.0009341539833456203,0,0,1
385,medium,False,1.0000505290365802,2,0.0008878086386521211,-0.0008878086386521211,0,0,1
386,medium,False,1.0005533322462385,2,0.0007947905932086385,-0.0007947905932086385,0,0,1
387,medium,False,1.000134445206333,2,0.000743977501744153,-0.000743977501744153,0,0,1
388,medium,False,1.0004964119517727,2,0.0006623980640605431,-0.0006623980640605431,0,0,1
389,medium,False,1.000334317712093,2,0.0006054371131793967,-0.0006054371131793967,0,0,1
390,medium,False,1.0005002698370402,2,0.000536367006807259,-0.000536367006807259,0,0,1
391,medium,False,1.0003972599197526,2,0.00048069516030690984,-0.00048069516030690984,0,0,1
392,medium,False,1.0004994625081463,2,0.00041781555795283865,-0.00041781555795283865,0,0,1
393,medium,False,1.0004510894448382,2,0.0003632335796803776,-0.0003632335796803776,0,0,1
394,medium,False,1.0004227983759173,2,0.00031010655360841355,-0.00031010655360841355,0,0,1
395,medium,False,1.0004294574291734,2,0.00025792977713723353,-0.00025792977713723353,0,0,1
396,medium,False,1.000432533429939,2,0.00020876734612862435,-0.00020876734612862435,0,0,1
397,medium,False,1.000488010278214,2,0.0001611369254321815,-0.0001611369254321815,0,0,1
398,medium,False,1.0005603815946789,2,0.00016160732841097314,0.00016160732841097314,1,0,1
399,medium,False,1.000637473805379,2,0.00017302952377473702,0.00017302952377473702,1,0,1
400,medium,False,0.9842331710305,8,0.0009568711902718414,-0.0009568711902718414,0,0,1
401,medium,False,0.9904906877900315,8,0.0006677923078063433,-0.0006677923078063433,0,0,1
402,medium,False,0.9961419869835773,8,0.0004256381723064598,-0.0004256381723064598,1,0,1
403,medium,False,0.998332649592782,8,0.00047302890931869013,-0.00047302890931869013,1,0,1
404,medium,False,0.998842096100232,8,0.0004985659870760661,-0.0004985659870760661,1,0,1
405,medium,False,0.998833026600331,8,0.0005168324474190689,-0.0005168324474190689,1,0,1
406,medium,False,1.0013491641518448,8,0.0005461560670463605,-0.0005461560670463605,1,0,1
407,medium,False,1.0005533160576274,8,0.0005610111489160463,-0.0005610111489160463,1,0,1
408,medium,False,0.9996944127226229,8,0.0006395093203604013,-0.0006395093203604013,0,0,1
409,medium,False,0.9987974749158013,8,0.0007666625050340575,-0.0007666625050340575,0,0,1
410,medium,False,1.0021393110532948,8,0.0006737360568943099,-0.0006737360568943099,0,0,1
411,medium,False,1.0004842760105432,8,0.0008455844544316034,-0.0008455844544316034,0,0,1
412,medium,False,1.006288926976777,8,0.0007021024480147742,-0.0007021024480147742,1,0,1
413,medium,False,1.0045627285403946,8,0.0008063557756785786,-0.0008063557756785786,0,0,1
414,medium,False,1.0026543074746543,8,0.0009970148739812472,-0.0009970148739812472,0,0,1
415,medium,False,1.0095338463040697,8,0.0007732491901393246,-0.0007732491901393246,1,0,1
416,medium,False,1.0076388206732827,8,0.000922092651882575,-0.000922092651882575,0,0,1
417,medium,False,1.0055720867553946,8,0.0011259662190366143,-0.0011259662190366143,0,0,1
418,medium,False,1.0135055963830153,8,0.0008485626403684776,-0.0008485626403684776,1,0,1
419,medium,False,1.0115493966170277,8,0.0010086714238013855,-0.0010086714238013855,0,0,1
420,medium,False,1.0093821164748469,8,0.0012229198574870842,-0.0012229198574870842,0,0,1
421,medium,False,1.0184055105269056,8,0.0009188193013871526,-0.0009188193013871526,1,0,1
422,medium,False,1.016426822581767,8,0.0010561985634126025,-0.0010561985634126025,0,0,1
423,medium,False,1.0141589519403642,8,0.0012811115042105081,-0.0012811115042105081,0,0,1
424,medium,False,1.0245671204041527,8,0.000972434920820664,-0.000972434920820664,1,0,1
425,medium,False,1.0229443361457682,8,0.0010233940418913623,-0.0010233940418913623,0,0,1
426,medium,False,1.021551695666678,8,0.0012076284276188454,-0.0012076284276188454,0,0,1
427,medium,False,1.0195841472238092,8,0.0014221354290145372,-0.0014221354290145372,0,0,1
428,medium,False,1.032124082858024,8,0.0010254097939588203,-0.0010254097939588203,1,0,1
429,medium,False,1.030787417743337,8,0.0010360311632761077,-0.0010360311632761077,0,0,1
430,medium,False,1.0295440699787426,8,0.001218027369429442,-0.001218027369429442,0,0,1
431,medium,False,1.027567359601054,8,0.0014388246707205399,-0.0014388246707205399,0,0,1
432,medium,False,1.0426732628176454,8,0.0010090226564518634,-0.0010090226564518634,1,0,1
433,medium,False,1.0397049284184352,8,0.0010295960557060724,-0.0010295960557060724,1,0,1
434,medium,False,1.0548937432519128,8,0.001054956885167213,-0.001054956885167213,1,0,1
435,medium,False,1.0823696777630227,6,0.001753472383555832,0.001753472383555832,0,0,1
436,medium,False,1.0830920201734222,6,0.0016720457311696357,0.0016720457311696357,0,0,1
437,medium,False,1.0876810738619351,6,0.0019131447653262246,0.0019131447653262246,0,0,1
438,medium,False,1.0629971200285036,2,0.000703166044337733,0.000703166044337733,1,0,1
439,medium,False,1.0348682822957782,2,0.0017826003675169844,-0.0017826003675169844,0,0,1
440,medium,False,1.026114579462065,2,0.0021982279968044693,-0.0021982279968044693,0,0,1
441,medium,False,1.007743784123504,2,0.0029826623030326793,-0.0029826623030326793,0,0,1
442,medium,False,1.0005618237592262,2,0.0031893406668506152,-0.0031893406668506152,0,0,1
443,medium,False,1.0036699544008125,2,0.002953125385707356,-0.002953125385707356,0,0,1
444,medium,False,0.9956047192273402,2,0.003184455521886953,-0.003184455521886953,0,0,1
445,medium,False,0.9978214706870323,2,0.002979709463379443,-0.002979709463379443,0,0,1
446,medium,False,0.990972017640972,2,0.003149287036508408,-0.003149287036508408,0,0,1
447,medium,False,0.9923201211089708,2,0.002978267493400688,-0.002978267493400688,0,0,1
448,medium,False,0.9933989740574841,2,0.002819486812565941,-0.002819486812565941,0,0,1
449,medium,False,0.9943495738251309,2,0.002667439675504868,-0.002667439675504868,0,0,1
450,medium,False,0.9952194554163047,2,0.0025203729605491887,-0.0025203729605491887,0,0,1
451,medium,False,0.9960031928576683,2,0.0023786673798373847,-0.0023786673798373847,0,0,1
452,medium,False,0.9966822918867752,2,0.0022432599142809817,-0.0022432599142809817,0,0,1
453,medium,False,0.9972547696265129,2,0.002114383180964463,-0.002114383180964463,0,0,1
454,medium,False,0.9977348065366514,2,0.001991554064146639,-0.001991554064146639,0,0,1
455,medium,False,0.9981410669743122,2,0.0018740673078700976,-0.0018740673078700976,0,0,1
456,medium,False,0.9984852763419574,2,0.0017615081913899822,-0.0017615081913899822,0,0,1
457,medium,False,0.9987709388073491,2,0.001653822863242116,-0.001653822863242116,0,0,1
458,medium,False,0.9989993744882746,2,0.001551052635272665,-0.001551052635272665,0,0,1
459,medium,False,0.9991782887949721,2,0.0014529370464377855,-0.0014529370464377855,0,0,1
460,medium,False,0.9993289858170413,2,0.0013585585658992816,-0.0013585585658992816,0,0,1
461,medium,False,0.9994844589380082,2,0.0012664063498868394,-0.0012664063498868394,0,0,1
462,medium,False,0.9996865502393614,2,0.0011744645329130332,-0.0011744645329130332,0,0,1
463,medium,False,0.9999853989780118,2,0.0010801666848363478,-0.0010801666848363478,0,0,1
464,medium,False,1.0004493587567505,2,0.0009796660273668767,-0.0009796660273668767,0,0,1
465,medium,False,0.9998241987692669,2,0.0009374250574289977,-0.0009374250574289977,0,0,1
466,medium,False,1.0004241458181709,2,0.0008358190783381847,-0.0008358190783381847,0,0,1
467,medium,False,1.0000521565113698,2,0.0007865335448784538,-0.0007865335448784538,0,0,1
468,medium,False,1.0004992880286574,2,0.0006980077603873092,-0.0006980077603873092,0,0,1
469,medium,False,1.0003952304774233,2,0.0006399219113215615,-0.0006399219113215615,0,0,1
470,medium,False,1.0006364482009769,2,0.000566205824671151,-0.000566205824671151,0,0,1
471,medium,False,1.0005964386048307,2,0.0005089197770118403,-0.0005089197770118403,0,0,1
472,medium,False,1.0007743851623727,2,0.0004422185488022201,-0.0004422185488022201,0,0,1
473,medium,False,1.0007966648200985,2,0.0003855182785146294,-0.0003855182785146294,0,0,1
474,medium,False,1.0008418260653578,2,0.00033006428585213854,-0.00033006428585213854,0,0,1
475,medium,False,1.0009255954403236,2,0.0002751987795264199,-0.0002751987795264199,0,0,1
476,medium,False,1.0010075864043515,2,0.00022329023225520217,-0.00022329023225520217,0,0,1
477,medium,False,1.001144334181803,2,0.00019282749351390294,0.00019282749351390294,1,0,1
478,medium,False,1.001300517277165,2,0.00020146054761105425,0.00020146054761105425,1,0,1
479,medium,False,1.0014658704470922,2,0.0002223565442696085,0.0002223565442696085,1,0,1
480,solid,False,0.9822580310793579,0,0.018781244679481154,0.018781244679481154,0,0,1
481,solid,False,0.9894322354410635,6,0.012838996646520861,0.012838996646520861,0,0,1
482,solid,False,0.9954333811983112,6,0.006128548037654708,0.006128548037654708,0,0,1
483,solid,False,0.9980939800532255,6,0.0027659705817588967,0.0027659705817588967,0,0,1
484,solid,False,0.9991511475331927,0,0.001468214371966816,0.001468214371966816,0,0,1
485,solid,False,0.9995349995426077,6,0.0007169069188568281,0.0007169069188568281,0,0,1
486,medium,False,0.9997767310516309,8,0.002344000125631842,-0.002344000125631842,0,0,1
487,medium,False,0.9990003810333795,8,0.0023599991288752054,-0.0023599991288752054,0,0,1
488,medium,False,0.9981433317914682,8,0.002388475199218177,-0.002388475199218177,0,0,1
489,medium,False,0.9972309294317644,8,0.002427763820231214,-0.002427763820231214,0,0,1
490,medium,False,1.0007487378451154,8,0.002239518359191065,-0.002239518359191065,0,0,1
491,medium,False,0.999019449015519,8,0.002336332005680971,-0.002336332005680971,0,0,1
492,medium,False,1.005096118735631,8,0.0020170960573728377,-0.0020170960573728377,0,0,1
493,medium,False,1.0032564376557098,8,0.0021320519640965815,-0.0021320519640965815,0,0,1
494,medium,False,1.001224313725392,8,0.002263507442566412,-0.002263507442566412,0,0,1
495,medium,False,1.0084133552474308,8,0.0018940671464519852,-0.0018940671464519852,0,0,1
496,medium,False,1.0063665085795341,8,0.00203757068761215,-0.00203757068761215,0,0,1
497,medium,False,1.0041372268244526,8,0.0021957872220200944,-0.0021957872220200944,0,0,1
498,medium,False,1.0124286891000196,8,0.0017715105777577414,-0.0017715105777577414,0,0,1
499,medium,False,1.0102899550723305,8,0.0019355686903585467,-0.0019355686903585467,0,0,1
500,medium,False,1.0079259699342356,8,0.0021156398953403877,-0.0021156398953403877,0,0,1
501,medium,False,1.0173639236277543,8,0.0016274396111458783,-0.0016274396111458783,0,0,1
502,medium,False,1.0151754947583125,8,0.0018083076145476162,-0.0018083076145476162,0,0,1
503,medium,False,1.012678082962501,8,0.002009025141255394,-0.002009025141255394,0,0,1
504,medium,False,1.0235828492302257,8,0.0014291470514828097,-0.0014291470514828097,0,0,1
505,medium,False,1.0217473633973795,8,0.0016018548700329205,-0.0016018548700329205,0,0,1
506,medium,False,1.020144459485244,8,0.001762423526421808,-0.001762423526421808,0,0,1
507,medium,False,1.0179282027296999,8,0.0019598586310065613,-0.0019598586310065613,0,0,1
508,medium,False,1.0310878875803253,8,0.0012353931206015578,-0.0012353931206015578,0,0,1
509,medium,False,1.0295188123119412,8,0.0014044292251078616,-0.0014044292251078616,0,0,1
510,medium,False,1.0280381022970277,8,0.001568602291587895,-0.001568602291587895,0,0,1
511,medium,False,1.0257722810009762,8,0.0017795248905539962,-0.0017795248905539962,0,0,1
512,medium,False,1.0416680907347,8,0.0010838534994099813,-0.0010838534994099813,1,0,1
513,medium,False,1.0383213144292365,8,0.0011424026602722126,-0.0011424026602722126,0,0,1
514,medium,False,1.0543825306754637,8,0.0011742435525929906,-0.0011742435525929906,1,0,1
515,medium,False,1.0835236189848585,6,0.0023276710161772574,0.0023276710161772574,0,0,1
516,medium,False,1.084102906607661,6,0.0022877934373185527,0.0022877934373185527,0,0,1
517,medium,False,1.0888754038231543,6,0.002658252012655682,0.002658252012655682,0,0,1
518,medium,False,1.062128835045777,0,0.0007593089723825219,0.0007593089723825219,1,0,1
519,medium,False,1.0319656130153183,2,0.0018171067115402284,-0.0018171067115402284,0,0,1
520,medium,False,1.0228342829395591,2,0.0023045339903187134,-0.0023045339903187134,0,0,1
521,medium,False,1.003594074610842,2,0.0032430490456551997,-0.0032430490456551997,0,0,1
522,medium,False,0.9963618546971448,2,0.003496023943101667,-0.003496023943101667,0,0,1
523,medium,False,0.9999586070976361,2,0.0032217263752569725,-0.0032217263752569725,0,0,1
524,medium,False,0.9917612276449954,2,0.0035072216992215743,-0.0035072216992215743,0,0,1
525,medium,False,0.9943877866311274,2,0.0032734242383745116,-0.0032734242383745116,0,0,1
526,medium,False,0.9874556916146259,2,0.003487485479888086,-0.003487485479888086,0,0,1
527,medium,False,0.9891329383775921,2,0.003295752825922982,-0.003295752825922982,0,0,1
528,medium,False,0.9905065000561878,2,0.0031180517019238074,-0.0031180517019238074,0,0,1
529,medium,False,0.9917271212463643,2,0.0029479346394352124,-0.0029479346394352124,0,0,1
530,medium,False,0.9928458841121702,2,0.0027833630492868355,-0.0027833630492868355,0,0,1
531,medium,False,0.9938584980247517,2,0.002624862178279841,-0.002624862178279841,0,0,1
532,medium,False,0.9947470998454119,2,0.0024736280514103814,-0.0024736280514103814,0,0,1
533,medium,False,0.9955111324367524,2,0.0023299965484651075,-0.0023299965484651075,0,0,1
534,medium,False,0.9961668269518084,2,0.002193420238465249,-0.002193420238465249,0,0,1
535,medium,False,0.9967349169976024,2,0.0020630661274507744,-0.0020630661274507744,0,0,1
536,medium,False,0.9972286782464582,2,0.0019384417086478756,-0.0019384417086478756,0,0,1
537,medium,False,0.9976526413148927,2,0.0018194851266015721,-0.0018194851266015721,0,0,1
538,medium,False,0.9980089752678818,2,0.0017062441126063366,-0.0017062441126063366,0,0,1
539,medium,False,0.9983065149043874,2,0.0015983928168736838,-0.0015983928168736838,0,0,1
540,medium,False,0.9985683617077966,2,0.0014948002492227719,-0.0014948002492227719,0,0,1
541,medium,False,0.9988298883981689,2,0.0013936105179763736,-0.0013936105179763736,0,0,1
542,medium,False,0.9991358454800958,2,0.0012923598202243536,-0.0012923598202243536,0,0,1
543,medium,False,0.999539997091965,2,0.0011879346539691582,-0.0011879346539691582,0,0,1
544,medium,False,1.0001156417569539,2,0.001075775744692864,-0.001075775744692864,0,0,1
545,medium,False,0.9995337831650104,2,0.0010335836660186892,-0.0010335836660186892,0,0,1
546,medium,False,1.0002453235765396,2,0.0009192015546843901,-0.0009192015546843901,0,0,1
547,medium,False,0.999925045652938,2,0.0008676975115284868,-0.0008676975115284868,0,0,1
548,medium,False,1.0004695041132838,2,0.0007683527863753259,-0.0007683527863753259,0,0,1
549,medium,False,1.0004301105429472,2,0.0007055778855311612,-0.0007055778855311612,0,0,1
550,medium,False,1.0007562661499936,2,0.0006236121666882699,-0.0006236121666882699,0,0,1
551,medium,False,1.0007861851669442,2,0.0005613055911490861,-0.0005613055911490861,0,0,1
552,medium,False,1.0010489730588186,2,0.00048733693023605973,-0.00048733693023605973,0,0,1
553,medium,False,1.001149733980855,2,0.00042519615451608317,-0.00042519615451608317,0,0,1
554,medium,False,1.001276750240876,2,0.0003641284170428083,-0.0003641284170428083,0,0,1
555,medium,False,1.0014467658440218,2,0.00030329898732617266,-0.00030329898732617266,0,0,1
556,medium,False,1.0016177104558601,2,0.0002453975733247571,-0.0002453975733247571,0,0,1
557,medium,False,1.0018467251212153,2,0.00022932683269027976,0.00022932683269027976,1,0,1
558,medium,False,1.0020983860127108,2,0.00024578399698538256,0.00024578399698538256,1,0,1
559,medium,False,1.002364200094789,2,0.00027740799472297795,0.00027740799472297795,1,0,1
560,solid,False,0.995186161450759,6,0.021503973639062146,0.021503973639062146,0,0,1
561,solid,False,0.996015076386703,0,0.010683314610799651,0.010683314610799651,0,0,1
562,solid,False,0.9973608923344649,0,0.0050655345155446166,0.0050655345155446166,0,0,1
563,solid,False,0.9986512484225275,0,0.0029559326181831666,0.0029559326181831666,0,0,1
564,solid,False,0.9994562050247949,0,0.001886892999684376,0.001886892999684376,0,0,1
565,solid,False,0.999737924313072,0,0.0015041295442681435,0.0015041295442681435,0,0,1
566,solid,False,0.9999034171512658,0,0.0010545390496935598,0.0010545390496935598,0,0,1
567,solid,False,0.9999297863178104,0,0.000957254373677755,0.000957254373677755,0,0,1
568,solid,False,0.9997935667708068,0,0.0009716873796344817,0.0009716873796344817,0,0,1
569,solid,False,0.9996501951306145,0,0.0009737734638602791,0.0009737734638602791,0,0,1
570,medium,False,1.0000405773085028,8,0.0032291704186017574,-0.0032291704186017574,0,0,1
571,medium,False,0.9981442541243912,8,0.003288139466460049,-0.003288139466460049,0,0,1
572,medium,False,1.0044950139396915,8,0.002884573368210265,-0.002884573368210265,0,0,1
573,medium,False,1.002462606666368,8,0.002968816119917006,-0.002968816119917006,0,0,1
574,medium,False,1.0002260160262932,8,0.0030738227755693452,-0.0030738227755693452,0,0,1
575,medium,False,1.0077532200309949,8,0.002615103147591606,-0.002615103147591606,0,0,1
576,medium,False,1.0054839346981703,8,0.0027381409664370207,-0.0027381409664370207,0,0,1
577,medium,False,1.003019235258651,8,0.002879473853970589,-0.002879473853970589,0,0,1
578,medium,False,1.0117183076207408,8,0.0023583221992103526,-0.0023583221992103526,0,0,1
579,medium,False,1.009332675061217,8,0.0025101920206015843,-0.0025101920206015843,0,0,1
580,medium,False,1.006704361885315,8,0.0026814355222177233,-0.0026814355222177233,0,0,1
581,medium,False,1.0166264436512447,8,0.0020854400662022876,-0.0020854400662022876,0,0,1
582,medium,False,1.014167989913994,8,0.002261070317119085,-0.002261070317119085,0,0,1
583,medium,False,1.0113760907539362,8,0.0024601441989190453,-0.0024601441989190453,0,0,1
584,medium,False,1.0228703440801061,8,0.0017549730754425896,-0.0017549730754425896,0,0,1
585,medium,False,1.0207683260744536,8,0.0019246525224100308,-0.0019246525224100308,0,0,1
586,medium,False,1.018908456231941,8,0.002080613601267156,-0.002080613601267156,0,0,1
587,medium,False,1.0163872656721729,8,0.002279634291169619,-0.002279634291169619,0,0,1
588,medium,False,1.0302924762375463,8,0.0014004985737945952,-0.0014004985737945952,0,0,1
589,medium,False,1.0284440495845568,8,0.0015689810111860214,-0.0015689810111860214,0,0,1
590,medium,False,1.026684135658993,8,0.0017318063817787777,-0.0017318063817787777,0,0,1
591,medium,False,1.024076005426094,8,0.001949285188096006,-0.001949285188096006,0,0,1
592,medium,False,1.040933733275011,8,0.001208188788335951,-0.001208188788335951,1,0,1
593,medium,False,1.037134698207196,8,0.0012645717875510165,-0.0012645717875510165,1,0,1
594,medium,False,1.0541404678985897,6,0.0013413858655264566,-0.0013413858655264566,1,0,1
595,medium,False,1.0853646045943386,6,0.003150500218584318,0.003150500218584318,0,0,1
596,medium,False,1.085801323940571,6,0.0031392711728630562,0.0031392711728630562,0,0,1
597,medium,False,1.0908520704441227,6,0.00364632924542585,0.00364632924542585,0,0,1
598,medium,False,1.0615576168482046,0,0.0008107969583364127,0.0008107969583364127,1,0,1
599,medium,False,1.0292712267768669,2,0.0019676109290631683,0.0019676109290631683,1,0,1
600,medium,False,1.0196948609864214,2,0.00233363440911738,-0.00233363440911738,0,0,1
601,medium,False,0.9994467597443901,2,0.003439966189289656,-0.003439966189289656,0,0,1
602,medium,False,0.9921153392312161,2,0.0037443995855115375,-0.0037443995855115375,0,0,1
603,medium,False,0.9962299974520111,2,0.0034341420245553866,-0.0034341420245553866,0,0,1
604,medium,False,0.9878444452121387,2,0.0037786860750446127,-0.0037786860750446127,0,0,1
605,medium,False,0.9909023038317827,2,0.0035179616407594594,-0.0035179616407594594,0,0,1
606,medium,False,0.9838385988228533,2,0.003780468055434083,-0.003780468055434083,0,0,1
607,medium,False,0.9858586659364764,2,0.0035701541680572824,-0.0035701541680572824,0,0,1
608,medium,False,0.9875390386412488,2,0.003375565063601149,-0.003375565063601149,0,0,1
609,medium,False,0.9890409194426857,2,0.0031893007116097216,-0.0031893007116097216,0,0,1
610,medium,False,0.9904192462519079,2,0.003009043831685876,-0.003009043831685876,0,0,1
611,medium,False,0.9916707301134735,2,0.0028354795362071084,-0.0028354795362071084,0,0,1
612,medium,False,0.9927778606791987,2,0.0026700811858921814,-0.0026700811858921814,0,0,1
613,medium,False,0.9937413824634391,2,0.0025133006783255585,-0.0025133006783255585,0,0,1
614,medium,False,0.9945796447589942,2,0.002364532188714019,-0.002364532188714019,0,0,1
615,medium,False,0.9953156055055291,2,0.0022228173222587078,-0.0022228173222587078,0,0,1
616,medium,False,0.9959642042969871,2,0.002087589262708578,-0.002087589262708578,0,0,1
617,medium,False,0.9965310363689376,2,0.0019587840573114246,-0.0019587840573114246,0,0,1
618,medium,False,0.9970191334714102,2,0.0018364620244897267,-0.0018364620244897267,0,0,1
619,medium,False,0.9974385408036667,2,0.001720234216119998,-0.001720234216119998,0,0,1
620,medium,False,0.9978143963396683,2,0.001608750244174617,-0.001608750244174617,0,0,1
621,medium,False,0.9981848443734785,2,0.0014997949860848792,-0.0014997949860848792,0,0,1
622,medium,False,0.9985980722855718,2,0.0013904342216084498,-0.0013904342216084498,0,0,1
623,medium,False,0.9991121375504725,2,0.001276974205001169,-0.001276974205001169,0,0,1
624,medium,False,0.9998064070468162,2,0.0011540864888825997,-0.0011540864888825997,0,0,1
625,medium,False,0.9992613464402884,2,0.0011135729113382897,-0.0011135729113382897,0,0,1
626,medium,False,1.0000935132589348,2,0.0009871871772473284,-0.0009871871772473284,0,0,1
627,medium,False,0.9998218240200054,2,0.0009348763673164839,-0.0009348763673164839,0,0,1
628,medium,False,1.0004713578701645,2,0.0008255165475312687,-0.0008255165475312687,0,0,1
629,medium,False,1.0004975466707235,2,0.0007592063548735872,-0.0007592063548735872,0,0,1
630,medium,False,1.0009145588464952,2,0.0006698464317167474,-0.0006698464317167474,0,0,1
631,medium,False,1.0010170130863103,2,0.0006035331197997706,-0.0006035331197997706,0,0,1
632,medium,False,1.001370675083197,2,0.0005230904082360599,-0.0005230904082360599,0,0,1
633,medium,False,1.0015543481090718,2,0.00045636850457286826,-0.00045636850457286826,0,0,1
634,medium,False,1.0017685112884451,2,0.00039048459590684814,-0.00039048459590684814,0,0,1
635,medium,False,1.0020312936086868,2,0.0003244136222120275,-0.0003244136222120275,0,0,1
636,medium,False,1.002298154509555,2,0.00026120470205870383,-0.00026120470205870383,0,0,1
637,medium,False,1.0026281291740307,2,0.00026998654043386416,0.00026998654043386416,1,0,1
638,medium,False,1.0029854162272298,2,0.00029535113623113673,0.00029535113623113673,1,0,1
639,medium,False,1.0033634835116974,2,0.0003390172708157557,0.0003390172708157557,1,0,1
640,solid,False,0.9919024734360268,8,0.025624385041093604,-0.025624385041093604,0,0,1
641,solid,False,1.0006167846536984,2,0.006036491937174895,-0.006036491937174895,0,0,1
642,solid,False,1.0015365565431913,2,0.0016227644749779516,0.0016227644749779516,1,0,1
643,solid,False,1.0007113201804168,0,0.0010924093972530108,0.0010924093972530108,1,0,1
644,solid,False,1.000558760290205,0,0.0012961523870376884,0.0012961523870376884,0,0,1
645,solid,False,1.0005248504580646,0,0.0011848784910107948,0.0011848784910107948,0,0,1
646,solid,False,1.000457499048382,0,0.0010540300766413851,0.0010540300766413851,0,0,1
647,solid,False,1.0004378752824314,0,0.0009589126342689908,0.0009589126342689908,0,0,1
648,solid,False,1.0003723685467356,0,0.000904561463041749,0.000904561463041749,0,0,1
649,solid,False,1.0002352435613533,0,0.000964923382129862,0.000964923382129862,0,0,1
650,solid,False,1.0003498952527672,6,0.0007548685605024974,0.0007548685605024974,0,0,1
651,solid,False,0.9993429720853622,0,0.0017824662935503194,0.0017824662935503194,0,0,1
652,medium,False,1.0017092075456644,8,0.004717953522709532,-0.004717953522709532,0,0,1
653,medium,False,0.9996314617283493,8,0.004777375011418693,-0.004777375011418693,0,0,1
654,medium,False,0.9973101014581615,8,0.004863437517058325,-0.004863437517058325,0,0,1
655,medium,False,1.005317181853853,8,0.004380725622825654,-0.004380725622825654,0,0,1
656,medium,False,1.0029158199248556,8,0.004496473158829575,-0.004496473158829575,0,0,1
657,medium,False,1.0002789780411319,8,0.004635889799224496,-0.004635889799224496,0,0,1
658,medium,False,1.0095028190782194,8,0.0041030476003906385,-0.0041030476003906385,0,0,1
659,medium,False,1.0069162019796376,8,0.004265313402963156,-0.004265313402963156,0,0,1
660,medium,False,1.0040402318715906,8,0.004451889724339603,-0.004451889724339603,0,0,1
661,medium,False,1.0145523002536714,8,0.003858979983890204,-0.003858979983890204,0,0,1
662,medium,False,1.0118352863618214,8,0.0040634421725863346,-0.0040634421725863346,0,0,1
663,medium,False,1.008724909830197,8,0.0042959386024711554,-0.0042959386024711554,0,0,1
664,medium,False,1.020917001602593,8,0.003612190955600475,-0.003612190955600475,0,0,1
665,medium,False,1.0185365040303322,8,0.0038303530131156838,-0.0038303530131156838,0,0,1
666,medium,False,1.0164064781438393,8,0.004039694048471487,-0.004039694048471487,0,0,1
667,medium,False,1.0135142474156391,8,0.00429673933365915,-0.00429673933365915,0,0,1
668,medium,False,1.0282850957826726,8,0.0034759824865209787,-0.0034759824865209787,0,0,1
669,medium,False,1.0261294040462128,8,0.0037226480596675438,-0.0037226480596675438,0,0,1
670,medium,False,1.0240665063939287,8,0.003969683188508821,-0.003969683188508821,0,0,1
671,medium,False,1.0210168578068468,8,0.004275398014551679,-0.004275398014551679,0,0,1
672,medium,False,1.0390046329863583,8,0.0032587795980688616,-0.0032587795980688616,0,0,1
673,medium,False,1.0345984409290157,8,0.0036906164955063936,-0.0036906164955063936,0,0,1
674,medium,False,1.052729738439346,8,0.0025718628949772393,-0.0025718628949772393,0,0,1
675,medium,False,1.0899329638199386,6,0.0008743464348870411,-0.0008743464348870411,1,0,1
676,medium,False,1.0904017045787515,6,0.0005185226080295369,-0.0005185226080295369,1,0,1
677,medium,False,1.095924968962595,6,0.00042472608848376225,0.00042472608848376225,0,0,1
678,medium,False,1.0624117304782206,2,0.0027934411990797603,-0.0027934411990797603,0,0,1
679,medium,False,1.0296996410912176,2,0.005324354744121296,-0.005324354744121296,0,0,1
680,medium,False,1.020838068509909,2,0.006086677429830711,-0.006086677429830711,0,0,1
681,medium,False,1.001460597180663,2,0.007328006977109114,-0.007328006977109114,0,0,1
682,medium,False,0.9949446188327556,2,0.007830636892553144,-0.007830636892553144,0,0,1
683,medium,False,1.00017712681338,2,0.007819300838524335,-0.007819300838524335,0,0,1
684,medium,False,0.9928218562449341,2,0.008379174739731932,-0.008379174739731932,0,0,1
685,medium,False,0.9971553873925717,2,0.008452772515137319,-0.008452772515137319,0,0,1
686,solid,False,0.9998318158844215,6,0.00043532472953100587,0.00043532472953100587,0,0,1
687,solid,False,0.999973964816081,0,0.00011427325933466292,0.00011427325933466292,0,0,1
688,solid,False,1.00001700547694,2,3.359183618878436e-05,3.359183618878436e-05,1,0,1
689,solid,False,0.9999821482617348,2,9.4742857925878e-05,-9.4742857925878e-05,0,0,1
690,solid,False,0.999950040877121,8,0.00014472544533972176,-0.00014472544533972176,0,0,1
691,solid,False,0.999935218521874,8,0.0001925614604407766,-0.0001925614604407766,0,0,1
692,solid,False,0.9999284477567855,2,0.00022900810444870245,-0.00022900810444870245,0,0,1
693,solid,False,0.9999058687662629,2,0.0002464216364346239,-0.0002464216364346239,0,0,1
694,solid,False,0.9998867924979268,2,0.0002422083545530196,-0.0002422083545530196,0,0,1
695,solid,False,0.9998698120340848,2,0.00022267491016725316,-0.00022267491016725316,0,0,1
696,solid,False,0.999852688746088,2,0.00019212487817776847,-0.00019212487817776847,0,0,1
697,solid,False,0.9998327741530524,2,0.00015112321396704154,-0.00015112321396704154,0,0,1
698,solid,False,0.9998088101800776,2,0.00010007096978092989,-0.00010007096978092989,0,0,1
699,solid,False,0.9997845599120969,2,4.2756195907656114e-05,4.2756195907656114e-05,1,0,1
700,solid,False,0.9997456300890722,0,4.5326391333644356e-05,4.5326391333644356e-05,1,0,1
701,solid,False,0.9997031090087327,0,5.488126548724992e-05,5.488126548724992e-05,0,0,1
702,solid,False,0.9997236235528851,6,3.9617677624503855e-05,3.9617677624503855e-05,0,0,1
703,solid,False,0.9997306472949704,8,0.00010850159665776182,-0.00010850159665776182,0,0,1
704,solid,False,0.9994213358089628,8,0.00044234112505114886,-0.00044234112505114886,0,0,1
705,medium,False,0.9989745562499104,0,0.00036774035625786183,0.00036774035625786183,1,0,1
706,medium,False,0.999882811709706,0,0.0003634361059703384,0.0003634361059703384,1,0,1
707,medium,False,0.9996302385907431,0,0.00031331092578079645,0.00031331092578079645,1,0,1
708,medium,False,1.0003430606610646,0,0.00031701125816896436,0.00031701125816896436,1,0,1
709,medium,False,1.0003987366453069,0,0.0002947732888509691,0.0002947732888509691,1,0,1
710,medium,False,1.0008668826841047,0,0.00030311392219761757,0.00030311392219761757,1,0,1
711,medium,False,1.0010002805325597,0,0.00029702501819395266,0.00029702501819395266,1,0,1
712,medium,False,1.0013957696033389,0,0.00031004704521087056,0.00031004704521087056,1,0,1
713,medium,False,1.0016056074729522,0,0.00031216680830525867,0.00031216680830525867,1,0,1
714,medium,False,1.0018403193525647,0,0.0003145689022410192,0.0003145689022410192,1,0,1
715,medium,False,1.0021226662316893,0,0.00032212121227059853,0.00032212121227059853,1,0,1
716,medium,False,1.0023878536675033,0,0.0003133455430057719,0.0003133455430057719,1,0,1
717,medium,False,1.0027202461266338,0,0.00031661248693115596,0.00031661248693115596,1,0,1
718,medium,False,1.003085622783613,0,0.0003328976477989798,0.0003328976477989798,1,0,1
719,medium,False,1.0034854119573446,0,0.00036990968647998557,0.00036990968647998557,1,0,1
720,solid,False,0.9997566970930036,6,0.002997775336969294,0.002997775336969294,0,0,1
721,solid,False,1.0001340620248924,8,0.004287637107658282,-0.004287637107658282,0,0,1
722,solid,False,1.0017737509844693,2,0.002111189567877911,-0.002111189567877911,0,0,1
723,solid,False,1.0026418114149127,6,0.00017075740313080012,-0.00017075740313080012,1,0,1
724,solid,False,1.0017142656417928,0,0.0007868627325210431,0.0007868627325210431,0,0,1
725,solid,False,1.00136007490177,0,0.0007814789347278528,0.0007814789347278528,0,0,1
726,solid,False,1.0011513168414563,0,0.0008726400493715564,0.0008726400493715564,0,0,1
727,solid,False,1.0010212809878716,0,0.0008092573536275099,0.0008092573536275099,0,0,1
728,solid,False,1.0009715178900382,0,0.0007615641625988712,0.0007615641625988712,0,0,1
729,solid,False,1.0008797821329782,0,0.0007700329814491896,0.0007700329814491896,0,0,1
730,solid,False,1.0007583414282375,6,0.0008353518331279258,0.0008353518331279258,0,0,1
731,solid,False,1.0007441430650716,0,0.0007128626135895211,0.0007128626135895211,0,0,1
732,solid,False,1.0011892524786628,8,0.0003725028701709876,-0.0003725028701709876,0,0,1
733,solid,False,1.0003610411489632,0,0.0009218134606297085,0.0009218134606297085,0,0,1
734,solid,False,0.9992067349697639,0,0.002158567589411048,0.002158567589411048,0,0,1
735,medium,False,1.002276460939953,8,0.005897656770015067,-0.005897656770015067,0,0,1
736,medium,False,0.9998316563449638,8,0.0059675770622327345,-0.0059675770622327345,0,0,1
737,medium,False,0.9971185452351176,8,0.006066669819172213,-0.006066669819172213,0,0,1
738,medium,False,1.00693112977632,8,0.005468408066766836,-0.005468408066766836,0,0,1
739,medium,False,1.0042115326308474,8,0.00559884415707021,-0.00559884415707021,0,0,1
740,medium,False,1.0011682906375592,8,0.005758683356476418,-0.005758683356476418,0,0,1
741,medium,False,1.0123236181107693,8,0.0050987848471619746,-0.0050987848471619746,0,0,1
742,medium,False,1.0093996253573267,8,0.0052850302439052255,-0.0052850302439052255,0,0,1
743,medium,False,1.0060414634153696,8,0.005504148295511935,-0.005504148295511935,0,0,1
744,medium,False,1.0189757387269658,8,0.004749062498297374,-0.004749062498297374,0,0,1
745,medium,False,1.0163556928712323,8,0.004960541357135251,-0.004960541357135251,0,0,1
746,medium,False,1.013987846687614,8,0.005165239776020236,-0.005165239776020236,0,0,1
747,medium,False,1.0107882177168834,8,0.0054233304168812,-0.0054233304168812,0,0,1
748,medium,False,1.0264566440491856,8,0.004526118400288104,-0.004526118400288104,0,0,1
749,medium,False,1.0240136428909499,8,0.00478126607588919,-0.00478126607588919,0,0,1
750,medium,False,1.0216588584918194,8,0.005039011638621249,-0.005039011638621249,0,0,1
751,medium,False,1.018224139667414,8,0.005361558079733875,-0.005361558079733875,0,0,1
752,medium,False,1.0373443558466056,8,0.004258750085231799,-0.004258750085231799,0,0,1
753,medium,False,1.0324022781667022,8,0.004727945908218123,-0.004727945908218123,0,0,1
754,medium,False,1.0517237138945275,8,0.003507197531516959,-0.003507197531516959,0,0,1
755,medium,False,1.0926892481417598,8,0.0007988978123185664,-0.0007988978123185664,1,0,1
756,medium,False,1.0928660060828286,8,0.0004868179372187198,-0.0004868179372187198,0,0,1
757,medium,False,1.099197160591323,8,0.0001519215536089913,-0.0001519215536089913,0,0,1
758,medium,False,1.0620044806229283,2,0.0037987205715130923,-0.0037987205715130923,0,0,1
759,medium,False,1.027372981588122,2,0.006586679264452666,-0.006586679264452666,0,0,1
760,medium,False,1.0183261838137936,2,0.0074474462409581665,-0.0074474462409581665,0,0,1
761,medium,False,0.998393904020913,2,0.00881019599779842,-0.00881019599779842,0,0,1
762,medium,False,0.9919301339962031,2,0.009395586747498186,-0.009395586747498186,0,0,1
763,medium,False,0.9977187771600717,2,0.009457822950315053,-0.009457822950315053,0,0,1
764,solid,False,0.9994727181891162,6,0.0012769423910425903,0.0012769423910425903,0,0,1
765,solid,False,1.0002123647953247,0,0.0002093145208765801,0.0002093145208765801,1,0,1
766,solid,False,1.0000822400050255,0,0.00015329925742557649,0.00015329925742557649,0,0,1
767,solid,False,0.999991719703163,0,0.00017780805137435074,0.00017780805137435074,1,0,1
768,solid,False,0.9999230665076483,2,0.00011734566471410801,-0.00011734566471410801,0,0,1
769,solid,False,0.9998941606989684,2,0.00017525064596202178,-0.00017525064596202178,0,0,1
770,solid,False,0.9998366095028454,8,0.00018549197389772232,-0.00018549197389772232,0,0,1
771,solid,False,0.9998142113804476,8,0.00018667785836590234,-0.00018667785836590234,0,0,1
772,solid,False,0.9997896574850108,2,0.00020759917874157985,-0.00020759917874157985,0,0,1
773,solid,False,0.9997614378990527,2,0.00022528222179829527,-0.00022528222179829527,0,0,1
774,solid,False,0.9997503305056901,2,0.00022849339445940586,-0.00022849339445940586,0,0,1
775,solid,False,0.9997522803338635,2,0.00020998964637541917,-0.00020998964637541917,0,0,1
776,solid,False,0.9997577674993939,2,0.0001752855710734913,-0.0001752855710734913,0,0,1
777,solid,False,0.9997621218813127,2,0.00013092463889829986,-0.00013092463889829986,0,0,1
778,solid,False,0.9997636127003222,2,8.304378489043529e-05,-8.304378489043529e-05,0,0,1
779,solid,False,0.9997587580185829,2,4.888412629577843e-05,-4.888412629577843e-05,0,0,1
780,solid,False,0.9997590204929507,2,5.047311442518687e-05,5.047311442518687e-05,1,0,1
781,solid,False,0.9997647725603777,2,4.269503963078014e-05,4.269503963078014e-05,1,0,1
782,solid,False,0.9997743071700774,2,3.825255942291328e-05,-3.825255942291328e-05,0,0,1
783,solid,False,0.9997861308385626,8,2.8017449127837324e-05,-2.8017449127837324e-05,0,0,1
784,solid,False,0.9996151179214972,6,0.0001923421813251336,-0.0001923421813251336,1,0,1
785,solid,False,0.9994340431353941,0,0.00028619235972282553,0.00028619235972282553,0,0,1
786,solid,False,0.9994378513539072,8,0.0003892597183804414,-0.0003892597183804414,1,0,1
787,medium,False,0.9991215184026456,0,0.0003683198039217128,0.0003683198039217128,1,0,1
788,medium,False,0.9999051148235144,0,0.00036850466902027534,0.00036850466902027534,1,0,1
789,medium,False,0.9999750068293508,0,0.00033887769912333,0.00033887769912333,1,0,1
790,medium,False,1.0004850052310186,0,0.0003437197095010891,0.0003437197095010891,1,0,1
791,medium,False,1.0006296338200233,0,0.0003318454771366053,0.0003318454771366053,1,0,1
792,medium,False,1.0010524534465763,0,0.0003413254089310591,0.0003413254089310591,1,0,1
793,medium,False,1.0012703811357795,0,0.00033805253035756877,0.00033805253035756877,1,0,1
794,medium,False,1.0015089383724944,0,0.00033468173575812443,0.00033468173575812443,1,0,1
795,medium,False,1.0017919091871947,0,0.000336636676169233,0.000336636676169233,1,0,1
796,medium,False,1.0020485180025562,0,0.00031960320148871624,0.00031960320148871624,1,0,1
797,medium,False,1.0023669208707833,0,0.00031550064466556726,0.00031550064466556726,1,0,1
798,medium,False,1.002710737388644,0,0.00032529872411934946,0.00032529872411934946,1,0,1
799,medium,False,1.003082319211216,0,0.0003575570683227447,0.0003575570683227447,1,0,1
800,solid,False,0.9998210781126627,2,0.0009115571567804154,-0.0009115571567804154,0,0,1
801,solid,False,1.0004330807543271,8,0.0019322441568786763,-0.0019322441568786763,1,0,1
802,solid,False,1.0025765872028785,0,0.0031099160128026243,0.0031099160128026243,0,0,1
803,solid,False,1.0026388728408255,6,0.0012863865004791863,-0.0012863865004791863,1,0,1
804,solid,False,1.0023734185615742,2,0.0005385775169788609,0.0005385775169788609,1,0,1
805,solid,False,1.0021464689304842,6,0.0005668856494612795,0.0005668856494612795,0,0,1
806,solid,False,1.0017250216838882,0,0.0007321583287877576,0.0007321583287877576,0,0,1
807,solid,False,1.001582798934108,0,0.0006097147615792553,0.0006097147615792553,0,0,1
808,solid,False,1.0016190396112403,6,0.0005568865639959397,0.0005568865639959397,0,0,1
809,solid,False,1.0013672081088667,6,0.0006753110650520033,0.0006753110650520033,0,0,1
810,solid,False,1.0012880471404948,0,0.0005981750993792334,0.0005981750993792334,0,0,1
811,solid,False,1.0011930831179088,0,0.0004971902327391142,0.0004971902327391142,0,0,1
812,solid,False,1.0011243681179778,6,0.0006085368746487074,0.0006085368746487074,0,0,1
813,solid,False,1.0010989809956425,6,0.00045279648460042066,0.00045279648460042066,0,0,1
814,solid,False,1.0009688373268921,0,0.0005134180075681005,0.0005134180075681005,0,0,1
815,solid,False,1.001214939704846,8,0.0007789179192750628,-0.0007789179192750628,0,0,1
816,solid,False,1.0005077550650998,0,0.0008989849599732314,0.0008989849599732314,0,0,1
817,solid,False,0.9991040193165749,0,0.002442719679173977,0.002442719679173977,0,0,1
818,medium,False,1.002779430857954,8,0.007329006460106535,-0.007329006460106535,0,0,1
819,medium,False,1.000080306276538,8,0.007401588305670087,-0.007401588305670087,0,0,1
820,medium,False,0.9970153960509915,8,0.0075097158705933476,-0.0075097158705933476,0,0,1
821,medium,False,1.008924664869478,8,0.006800657001617416,-0.006800657001617416,0,0,1
822,medium,False,1.005906632851994,8,0.006944808799675933,-0.006944808799675933,0,0,1
823,medium,False,1.002408840854768,8,0.007127642042729837,-0.007127642042729837,0,0,1
824,medium,False,1.0161890539809761,8,0.006322541532700371,-0.006322541532700371,0,0,1
825,medium,False,1.013413332764714,8,0.006507673952101001,-0.006507673952101001,0,0,1
826,medium,False,1.0108828870024325,8,0.0066904061455922426,-0.0066904061455922426,0,0,1
827,medium,False,1.0074486242043987,8,0.006932087727818503,-0.006932087727818503,0,0,1
828,medium,False,1.0241248858530188,8,0.005986335805397813,-0.005986335805397813,0,0,1
829,medium,False,1.02145436844072,8,0.006236043444574013,-0.006236043444574013,0,0,1
830,medium,False,1.0188633083843242,8,0.006492398312088865,-0.006492398312088865,0,0,1
831,medium,False,1.0150958868786197,8,0.006818960892507386,-0.006818960892507386,0,0,1
832,medium,False,1.0354891121417549,8,0.005667610062599249,-0.005667610062599249,0,0,1
833,medium,False,1.0300541337630522,8,0.006160937888487816,-0.006160937888487816,0,0,1
834,medium,False,1.0507488558054912,8,0.004877653260006332,-0.004877653260006332,0,0,1
835,medium,False,1.0957160071025325,8,0.001311640563675387,-0.001311640563675387,0,0,1
836,medium,False,1.0959276456860934,8,0.0016046969030826252,-0.0016046969030826252,0,0,1
837,medium,False,1.102738589201406,2,0.0012487558240928953,-0.0012487558240928953,0,0,1
838,medium,False,1.062142038764554,2,0.005289167750009871,-0.005289167750009871,0,0,1
839,medium,False,1.0256180577013196,2,0.008287729689316237,-0.008287729689316237,0,0,1
840,medium,False,1.0165039483131426,2,0.009249225880960665,-0.009249225880960665,0,0,1
841,medium,False,0.9961372588674329,2,0.010717894288331031,-0.010717894288331031,0,0,1
842,solid,False,0.9996502931540873,6,0.0010789214076802889,-0.0010789214076802889,1,0,1
843,solid,False,1.0007271275322387,2,0.0004294643343820681,-0.0004294643343820681,0,0,1
844,solid,False,1.0003692196370184,6,0.00024359932038353627,-0.00024359932038353627,1,0,1
845,solid,False,1.0000325565200432,0,0.00030128934594886303,0.00030128934594886303,1,0,1
846,solid,False,1.0000087731040264,0,0.00029625256770282604,0.00029625256770282604,1,0,1
847,solid,False,0.9998648317022992,2,0.00028949224886132274,0.00028949224886132274,1,0,1
848,solid,False,0.9998063415827347,2,0.00024937313481987466,-0.00024937313481987466,0,0,1
849,solid,False,0.9997946755402268,8,0.0002776387101846023,-0.0002776387101846023,0,0,1
850,solid,False,0.9996806632652402,8,0.0002282642315238892,-0.0002282642315238892,0,0,1
851,solid,False,0.9996509768399202,8,0.00021404434774718872,-0.00021404434774718872,0,0,1
852,solid,False,0.9996188030117557,2,0.00022950315485692485,-0.00022950315485692485,0,0,1
853,solid,False,0.9995822496669593,2,0.0002595481630138785,-0.0002595481630138785,0,0,1
854,solid,False,0.9996072500442589,2,0.00024001860670042063,-0.00024001860670042063,0,0,1
855,solid,False,0.9996297553394067,8,0.0002142929905579738,-0.0002142929905579738,0,0,1
856,solid,False,0.9996306863256726,8,0.00018497069435352564,-0.00018497069435352564,0,0,1
857,solid,False,0.9996581156668394,8,0.00013171470388972928,-0.00013171470388972928,0,0,1
858,solid,False,0.9997037784696784,2,8.511604344074719e-05,-8.511604344074719e-05,0,0,1
859,solid,False,0.999725526199887,2,5.586997505516167e-05,5.586997505516167e-05,1,0,1
860,solid,False,0.9997492148349952,2,8.26114214765028e-05,8.26114214765028e-05,1,0,1
861,solid,False,0.9997940823237629,2,6.867815485900319e-05,6.867815485900319e-05,1,0,1
862,solid,False,0.9998432080838335,2,2.3636340859278793e-05,2.3636340859278793e-05,1,0,1
863,solid,False,0.9998049294562978,6,6.483813527680127e-05,-6.483813527680127e-05,1,0,1
864,solid,False,0.9997099396499186,6,0.00015168795552977787,-0.00015168795552977787,1,0,1
865,solid,False,0.9997370391731722,6,6.677768650575899e-05,6.677768650575899e-05,0,0,1
866,solid,False,0.9995399438708046,6,0.00021747486918455294,0.00021747486918455294,0,0,1
867,solid,False,0.9994326297545747,0,0.0003512780034691243,0.0003512780034691243,0,0,1
868,solid,False,0.9997082469853164,8,0.0002051526736546183,-0.0002051526736546183,1,0,1
869,medium,False,0.99952407396057,0,0.00038408354036456593,0.00038408354036456593,1,0,1
870,medium,False,1.000082339270821,0,0.00038533278410501914,0.00038533278410501914,1,0,1
871,medium,False,1.0002403115151812,0,0.00036752037476150967,0.00036752037476150967,1,0,1
872,medium,False,1.0006955033826177,0,0.00037343022812286186,0.00037343022812286186,1,0,1
873,medium,False,1.0009241422454183,0,0.00036470757140660837,0.00036470757140660837,1,0,1
874,medium,False,1.0011693195229223,0,0.0003555305620392968,0.0003555305620392968,1,0,1
875,medium,False,1.0014561332120773,0,0.0003518999102716247,0.0003518999102716247,1,0,1
876,medium,False,1.001707150339632,0,0.0003265865751058694,0.0003265865751058694,1,0,1
877,medium,False,1.0020152602074035,0,0.0003151641739411737,0.0003151641739411737,1,0,1
878,medium,False,1.0023415471722124,0,0.0003186032230590996,0.0003186032230590996,1,0,1
879,medium,False,1.002689337261686,0,0.0003463466951454386,0.0003463466951454386,1,0,1
880,medium,False,1.0014217451393463,2,0.0002685634530770753,-0.0002685634530770753,0,0,1
881,medium,False,1.0031113311527204,2,0.0006728772090237312,-0.0006728772090237312,0,0,1
882,medium,False,1.0073809235032138,8,0.0012637760966169864,-0.0012637760966169864,0,0,1
883,solid,False,0.9979915879883483,8,0.0052041498799645924,-0.0052041498799645924,0,0,1
884,solid,False,1.0020875414805972,0,0.001984916011175203,0.001984916011175203,0,0,1
885,solid,False,1.0022547037690586,6,0.0012440622751243302,-0.0012440622751243302,1,0,1
886,solid,False,1.0019765696552545,0,0.0007055406069109704,0.0007055406069109704,1,0,1
887,solid,False,1.0021452209400583,0,0.0005815296423003491,0.0005815296423003491,1,0,1
888,solid,False,1.001905772817292,6,0.0007178645951033957,0.0007178645951033957,0,0,1
889,solid,False,1.001829868152672,6,0.0006460929406855997,0.0006460929406855997,0,0,1
890,solid,False,1.0016672934547513,0,0.0004047844907077436,0.0004047844907077436,0,0,1
891,solid,False,1.0015124313252335,0,0.0004537934072901817,0.0004537934072901817,0,0,1
892,solid,False,1.0014785380307203,0,0.00038302004801413214,0.00038302004801413214,0,0,1
893,solid,False,1.0014830535206418,0,0.00029471571454456336,0.00029471571454456336,0,0,1
894,solid,False,1.0014361669643237,0,0.0002471193976950059,0.0002471193976950059,0,0,1
895,solid,False,1.0012691219694716,6,0.00048107859188162294,0.00048107859188162294,0,0,1
896,solid,False,1.0012574351462236,6,0.00031927308722728975,0.00031927308722728975,0,0,1
897,solid,False,1.0011529131484078,0,0.00046691516659813637,0.00046691516659813637,1,0,1
898,solid,False,1.0012665919551276,8,0.001071423823950729,-0.001071423823950729,0,0,1
899,solid,False,1.0006393066922792,0,0.0009066849481786377,0.0009066849481786377,0,0,1
900,solid,False,0.9989785728995706,0,0.002774389394379989,0.002774389394379989,0,0,1
901,medium,False,1.0033853905289494,8,0.008890780014424615,-0.008890780014424615,0,0,1
902,medium,False,1.0004147677145558,8,0.008960521905714253,-0.008960521905714253,0,0,1
903,medium,False,0.9969124535107946,8,0.00907506806245173,-0.00907506806245173,0,0,1
904,medium,False,1.01156902721458,8,0.008235795217826414,-0.008235795217826414,0,0,1
905,medium,False,1.0087150647834997,8,0.008362234129426882,-0.008362234129426882,0,0,1
906,medium,False,1.0060777145120348,8,0.00849215683523652,-0.00849215683523652,0,0,1
907,medium,False,1.0024637901317222,8,0.008685954249641026,-0.008685954249641026,0,0,1
908,medium,False,1.0201249623220778,8,0.007706107333510681,-0.007706107333510681,0,0,1
909,medium,False,1.0172224015404148,8,0.007918256995517237,-0.007918256995517237,0,0,1
910,medium,False,1.0143707322060087,8,0.008141831337597993,-0.008141831337597993,0,0,1
911,medium,False,1.0102458024569196,8,0.008439754372742136,-0.008439754372742136,0,0,1
912,medium,False,1.0318210353034185,8,0.007253405927062417,-0.007253405927062417,0,0,1
913,medium,False,1.0258185499775143,8,0.007732876739958816,-0.007732876739958816,0,0,1
914,medium,False,1.0478015752118217,8,0.0063978424555943825,-0.0063978424555943825,0,0,1
915,medium,False,1.0967628997154812,8,0.0025741091102812197,-0.0025741091102812197,0,0,1
916,medium,False,1.0967710220283202,8,0.0028795377117993848,-0.0028795377117993848,0,0,1
917,medium,False,1.1040202138136612,2,0.0024780563425629287,-0.0024780563425629287,0,0,1
918,medium,False,1.0594175801834635,2,0.006813220471404535,-0.006813220471404535,0,0,1
919,medium,False,1.020420693912331,2,0.009906534761717989,-0.009906534761717989,0,0,1
920,medium,False,1.0108276476478002,2,0.010903797066172949,-0.010903797066172949,0,0,1
921,solid,False,0.9999881399865175,8,0.0012573038957652827,-0.0012573038957652827,0,0,1
922,solid,False,0.9997979726118732,6,0.001556402079250896,-0.001556402079250896,1,0,1
923,solid,False,1.0001324765347295,6,0.0007933013631742369,0.0007933013631742369,0,0,1
924,solid,False,1.000125811609667,0,0.00020286490785070832,0.00020286490785070832,0,0,1
925,solid,False,0.9998920555969528,2,0.00041471036803275574,0.00041471036803275574,1,0,1
926,solid,False,0.9997536422909691,2,0.00048285109823487105,0.00048285109823487105,1,0,1
927,solid,False,0.999727304532546,2,0.0004327008678577382,0.0004327008678577382,1,0,1
928,solid,False,0.9997325285489229,2,0.00032133843555315345,-0.00032133843555315345,0,0,1
929,solid,False,0.9997015634098859,8,0.00037728397798109103,-0.00037728397798109103,0,0,1
930,solid,False,0.9993964969161958,8,0.00037735528668036977,-0.00037735528668036977,1,0,1
931,solid,False,0.9994834770846761,8,0.0002325313392108619,-0.0002325313392108619,0,0,1
932,solid,False,0.9993060327528613,2,0.000390852814883047,-0.000390852814883047,0,0,1
933,solid,False,0.9994139531939848,2,0.00030801872471464264,-0.00030801872471464264,0,0,1
934,solid,False,0.9994708980137814,2,0.00025253930123880775,-0.00025253930123880775,0,0,1
935,solid,False,0.9995000388199933,8,0.00021812676611043802,-0.00021812676611043802,0,0,1
936,solid,False,0.9995134636454923,8,0.00020099229259862295,-0.00020099229259862295,0,0,1
937,solid,False,0.9994825753524375,8,0.00019940345023017336,-0.00019940345023017336,0,0,1
938,solid,False,0.9996075236796776,8,7.723036644624592e-05,-7.723036644624592e-05,0,0,1
939,solid,False,0.999653740831981,2,9.043191344260126e-05,9.043191344260126e-05,1,0,1
940,solid,False,0.9997668840215842,0,0.00011433820374384673,0.00011433820374384673,1,0,1
941,solid,False,0.9998399440754739,0,0.00010893114314231012,0.00010893114314231012,1,0,1
942,solid,False,0.9999254181693349,0,2.407072168336688e-05,2.407072168336688e-05,1,0,1
943,solid,False,0.9998737902884817,6,0.00010386070404844183,-0.00010386070404844183,1,0,1
944,solid,False,0.9997944082854916,6,0.00016222318678760228,-0.00016222318678760228,1,0,1
945,solid,False,0.9997180081454614,6,0.000147158297961969,-0.000147158297961969,1,0,1
946,solid,False,0.9996809794046218,6,0.0001499204097654694,0.0001499204097654694,0,0,1
947,solid,False,0.9997370047353666,0,0.0001073608505983703,0.0001073608505983703,0,0,1
948,solid,False,0.9997211032508885,0,0.0001546395867709771,0.0001546395867709771,0,0,1
949,solid,False,0.9997120420038305,0,0.0001346130897541542,0.0001346130897541542,0,0,1
950,solid,False,0.99987962782814,8,8.078339389483435e-05,-8.078339389483435e-05,0,0,1
951,medium,False,0.9997249142633465,0,0.0004129541020454486,0.0004129541020454486,1,0,1
952,medium,False,1.0002259955603192,0,0.00041402756952169106,0.00041402756952169106,1,0,1
953,medium,False,1.0004748135167985,0,0.00039861419378173224,0.00039861419378173224,1,0,1
954,medium,False,1.0007351031959166,0,0.0003824682911695021,0.0003824682911695021,1,0,1
955,medium,False,1.0010337529020636,0,0.0003721777280742966,0.0003721777280742966,1,0,1
956,medium,False,1.0012854441051,0,0.00033750389993292274,0.00033750389993292274,1,0,1
957,medium,False,1.0015895184261212,0,0.00031776970342423105,0.00031776970342423105,1,0,1
958,medium,False,1.0019041508897732,0,0.00031394232795278754,0.00031394232795278754,1,0,1
959,medium,False,1.0022338777126016,0,0.00033637146722576006,0.00033637146722576006,1,0,1
960,medium,False,1.0009889904534013,2,0.000257089586036624,-0.000257089586036624,0,0,1
961,medium,False,1.0023240525145154,2,0.0006281600604869653,-0.0006281600604869653,0,0,1
962,medium,False,1.0061977362677519,8,0.001148119487454774,-0.001148119487454774,0,0,1
963,medium,False,1.0009851025735812,8,0.0005628415234047723,-0.0005628415234047723,0,0,1
964,medium,False,1.0057414236941755,8,0.0015508238872174451,-0.0015508238872174451,0,0,1
965,solid,False,0.9982052078197858,8,0.004772662155762303,-0.004772662155762303,0,0,1
966,solid,False,1.0017893277530785,8,0.0007115081567883319,-0.0007115081567883319,0,0,1
967,solid,False,1.0015870829587568,0,0.0038429286811333396,0.0038429286811333396,0,0,1
968,solid,False,1.0023309613236675,6,0.0008530018378387072,-0.0008530018378387072,1,0,1
969,solid,False,1.0020393693101202,2,0.00040081186470719565,0.00040081186470719565,1,0,1
970,solid,False,1.0020007787672502,6,0.00020983464000964847,0.00020983464000964847,0,0,1
971,solid,False,1.0017887228214062,0,0.0002940619636129238,0.0002940619636129238,0,0,1
972,solid,False,1.001717198627285,0,0.0002215329672623223,0.0002215329672623223,0,0,1
973,solid,False,1.0017591633426144,0,0.00018772494576208,0.00018772494576208,0,0,1
974,solid,False,1.001633827073423,0,0.00034373055016678755,0.00034373055016678755,0,0,1
975,solid,False,1.001612514455353,6,0.0002766763842259601,0.0002766763842259601,0,0,1
976,solid,False,1.0016370489532318,0,0.00017620542548196783,0.00017620542548196783,0,0,1
977,solid,False,1.0015972558947956,0,0.00023458948290366877,0.00023458948290366877,1,0,1
978,solid,False,1.0013938010278194,6,0.00039481089428222704,0.00039481089428222704,0,0,1
979,solid,False,1.0013996568363932,6,0.0002733608057408077,-0.0002733608057408077,1,0,1
980,solid,False,1.0013411203551852,0,0.0005345438049385587,0.0005345438049385587,1,0,1
981,solid,False,1.0013362908250496,8,0.0014010886750022156,-0.0014010886750022156,0,0,1
982,solid,False,1.0008008245504871,0,0.0009308942345859217,0.0009308942345859217,0,0,1
983,solid,False,0.9987979483572416,0,0.0032528613967162667,0.0032528613967162667,0,0,1
984,medium,False,1.0044588372064511,8,0.010633340465071195,-0.010633340465071195,0,0,1
985,medium,False,1.001714435817022,8,0.010668116971875308,-0.010668116971875308,0,0,1
986,medium,False,0.9991298727723976,8,0.010713529720078219,-0.010713529720078219,0,0,1
987,medium,False,0.9954990027748082,8,0.010826458021578,-0.010826458021578,0,0,1
988,medium,False,1.0141462865681405,8,0.009849101095557755,-0.009849101095557755,0,0,1
989,medium,False,1.0111106326134538,8,0.00998867225779515,-0.00998867225779515,0,0,1
990,medium,False,1.008075583163793,8,0.01014559271965837,-0.01014559271965837,0,0,1
991,medium,False,1.0036764519964316,8,0.010379480466212454,-0.010379480466212454,0,0,1
992,medium,False,1.0263796237700957,8,0.009196537654878434,-0.009196537654878434,0,0,1
993,medium,False,1.0198601537932812,8,0.00961870063729986,-0.00961870063729986,0,0,1
994,medium,False,1.0431095881137251,8,0.008270814745140187,-0.008270814745140187,0,0,1
995,medium,False,1.0960648384992981,8,0.004304936049593033,-0.004304936049593033,0,0,1
996,medium,False,1.0957823345040234,8,0.00458878036319188,-0.00458878036319188,0,0,1
997,medium,False,1.1035381367765966,2,0.00413060073384941,-0.00413060073384941,0,0,1
998,medium,False,1.054485375202671,2,0.00859796533563073,-0.00859796533563073,0,0,1
999,medium,False,1.0127035319400226,2,0.011639107672023585,-0.011639107672023585,0,0,1
1000,medium,False,1.0024304820751888,2,0.012610889109398893,-0.012610889109398893,0,0,1
1001,solid,False,0.9977987416030601,6,0.006002701003126498,-0.006002701003126498,1,0,1
1002,solid,False,0.9995805942131676,6,0.0020421984865035547,0.0020421984865035547,0,0,1
1003,solid,False,0.999748954631336,0,0.0004799845923693091,0.0004799845923693091,1,0,1
1004,solid,False,0.9994201346800362,2,0.0007159527455757875,0.0007159527455757875,1,0,1
1005,solid,False,0.999337211657377,2,0.0005902259603014492,0.0005902259603014492,1,0,1
1006,solid,False,0.9995091416523769,2,0.0005269608250428881,0.0005269608250428881,1,0,1
1007,solid,False,0.9996987655947566,2,0.0005660480930391731,0.0005660480930391731,1,0,1
1008,solid,False,0.9997790959297321,2,0.0004522545842264858,0.0004522545842264858,1,0,1
1009,solid,False,0.9998722168332084,8,0.00024407957423600024,-0.00024407957423600024,0,0,1
1010,solid,False,0.999139852126327,8,0.0007619129255492796,-0.0007619129255492796,1,0,1
1011,solid,False,0.998552447071047,2,0.0010221040215935284,-0.0010221040215935284,0,0,1
1012,solid,False,0.9991103728696337,8,0.00045444583094478297,-0.00045444583094478297,0,0,1
1013,solid,False,0.999271194864675,8,0.00029002486823948015,-0.00029002486823948015,0,0,1
1014,solid,False,0.9993399725389961,8,0.00023275320831794843,-0.00023275320831794843,0,0,1
1015,solid,False,0.9993877638066583,8,0.00020226328590378095,-0.00020226328590378095,0,0,1
1016,solid,False,0.999416406655273,8,0.0001848514171748361,-0.0001848514171748361,0,0,1
1017,solid,False,0.9994274051477969,8,0.0002213881698870379,-0.0002213881698870379,0,0,1
1018,solid,False,0.9991018707608147,8,0.00045400256925887117,-0.00045400256925887117,0,0,1
1019,solid,False,0.9996281395616633,0,7.222533860665181e-05,7.222533860665181e-05,1,0,1
1020,solid,False,0.999714433521138,0,0.00016975252228498827,0.00016975252228498827,1,0,1
1021,solid,False,0.9998399327245687,0,0.00020921326081979608,0.00020921326081979608,1,0,1
1022,solid,False,1.000019494267214,0,5.2394568109404016e-05,5.2394568109404016e-05,1,0,1
1023,solid,False,0.9999489637480214,6,0.00016545463707628993,-0.00016545463707628993,1,0,1
1024,solid,False,0.9998381930566277,6,0.00022757980364029873,-0.00022757980364029873,1,0,1
1025,solid,False,0.999776023478401,6,0.00018017825113625374,-0.00018017825113625374,1,0,1
1026,solid,False,0.9997612648679881,6,0.00011786816951864232,0.00011786816951864232,0,0,1
1027,solid,False,0.999761611744439,6,0.00010453610579430617,0.00010453610579430617,0,0,1
1028,solid,False,0.9997620138028438,0,7.016930467240723e-05,7.016930467240723e-05,0,0,1
1029,solid,False,0.9997759074671436,0,0.00010620657580329151,0.00010620657580329151,1,0,1
1030,solid,False,0.9998437449024233,0,6.461910459609754e-05,6.461910459609754e-05,1,0,1
1031,solid,False,0.9998817818493089,2,3.66653088439417e-05,3.66653088439417e-05,1,0,1
1032,solid,False,0.9998676023915003,8,0.00010434109167367644,-0.00010434109167367644,0,0,1
1033,medium,False,0.9998058865859788,0,0.0004460972638129501,0.0004460972638129501,1,0,1
1034,medium,False,1.0000953070942287,0,0.0004205863237995988,0.0004205863237995988,1,0,1
1035,medium,False,1.0004180095056474,0,0.0004013704932932516,0.0004013704932932516,1,0,1
1036,medium,False,1.0006796019193092,0,0.0003551003302162403,0.0003551003302162403,1,0,1
1037,medium,False,1.0009875919945426,0,0.0003249196732904025,0.0003249196732904025,1,0,1
1038,medium,False,1.0012968530015425,0,0.00031177302300733345,0.00031177302300733345,1,0,1
1039,medium,False,1.001613349822587,0,0.00032692256963429145,0.00032692256963429145,1,0,1
1040,medium,False,1.002772332510693,2,0.00023981974121389804,-0.00023981974121389804,0,0,1
1041,medium,False,1.0038051553006664,2,0.0005736832675007353,-0.0005736832675007353,0,0,1
1042,medium,False,1.007496668774508,8,0.0010221431377772094,-0.0010221431377772094,0,0,1
1043,medium,False,1.0029784111283757,8,0.00047792724188072677,-0.00047792724188072677,0,0,1
1044,medium,False,1.0069586374655286,8,0.001383994513200093,-0.001383994513200093,0,0,1
1045,medium,False,1.002406345469089,8,0.0006018244481967305,-0.0006018244481967305,0,0,1
1046,medium,False,1.004912091134192,8,0.0010460641166329665,-0.0010460641166329665,1,0,1
1047,medium,False,1.006963468268603,8,0.0016616285565949074,-0.0016616285565949074,0,0,1
1048,solid,False,0.9982321231515067,8,0.004692073608096481,-0.004692073608096481,0,0,1
1049,solid,False,1.0018501929790116,0,0.0010184428066895013,0.0010184428066895013,0,0,1
1050,solid,False,1.001785593650858,8,0.0008793006139729553,-0.0008793006139729553,1,0,1
1051,solid,False,1.001826270763722,0,0.0004500619258910876,0.0004500619258910876,1,0,1
1052,solid,False,1.0018676889544393,2,0.0003199309397751149,0.0003199309397751149,1,0,1
1053,solid,False,1.0017770362541272,6,0.0003676568037969674,0.0003676568037969674,0,0,1
1054,solid,False,1.0017797754738953,0,0.0003061139216971598,0.0003061139216971598,0,0,1
1055,solid,False,1.0017542509448518,0,0.00016694473985423564,0.00016694473985423564,0,0,1
1056,solid,False,1.0018160007010501,0,9.724757675333429e-05,9.724757675333429e-05,0,0,1
1057,solid,False,1.0017151703916152,0,0.00023364023188265914,0.00023364023188265914,0,0,1
1058,solid,False,1.0016981760721995,6,0.0001530067408478386,0.0001530067408478386,0,0,1
1059,solid,False,1.0017572440059086,6,3.642761198519029e-05,-3.642761198519029e-05,1,0,1
1060,solid,False,1.0017324934617562,2,0.0002448628339680736,0.0002448628339680736,1,0,1
1061,solid,False,1.0015277372345937,6,0.00030147942057007215,0.00030147942057007215,0,0,1
1062,solid,False,1.0015876815390046,6,0.0003277038932061327,-0.0003277038932061327,1,0,1
1063,solid,False,1.001619113399446,0,0.0006452988815048855,0.0006452988815048855,1,0,1
1064,solid,False,1.0013421273465566,8,0.002160243919446525,-0.002160243919446525,0,0,1
1065,solid,False,1.0016925754700492,2,0.0002882728245237054,0.0002882728245237054,1,0,1
1066,solid,False,1.0006787035953566,0,0.0012865597881210333,0.0012865597881210333,0,0,1
1067,solid,False,0.9986079420911141,0,0.0036527989720633314,0.0036527989720633314,0,0,1
1068,medium,False,1.005067674715839,8,0.013810914034916966,-0.013810914034916966,0,0,1
1069,medium,False,1.0021323215947038,8,0.013783649985910418,-0.013783649985910418,0,0,1
1070,medium,False,0.9991181604843662,8,0.013785281144874317,-0.013785281144874317,0,0,1
1071,medium,False,0.9946916530278858,8,0.013864255097511213,-0.013864255097511213,0,0,1
1072,medium,False,1.0183086669613197,8,0.012844027694963234,-0.012844027694963234,0,0,1
1073,medium,False,1.011517217180186,8,0.013097231961057498,-0.013097231961057498,0,0,1
1074,medium,False,1.0359132030014724,8,0.011921319637601402,-0.011921319637601402,0,0,1
1075,medium,False,1.0923358948769197,8,0.008379244112028061,-0.008379244112028061,0,0,1
1076,medium,False,1.0918221742937504,8,0.008577906351238451,-0.008577906351238451,0,0,1
1077,medium,False,1.1000961472364639,2,0.008122779989786943,-0.008122779989786943,0,0,1
1078,medium,False,1.0467580233845954,2,0.012105470249884731,-0.012105470249884731,0,0,1
1079,medium,False,1.0024143594593025,2,0.01468238183417725,-0.01468238183417725,0,0,1
1080,solid,False,1.0029532520018154,8,0.00318716991290402,-0.00318716991290402,1,0,1
1081,solid,False,1.0004003740810925,8,0.004014642445694827,-0.004014642445694827,1,0,1
1082,solid,False,0.9997544437428858,2,0.0006018585894632666,-0.0006018585894632666,0,0,1
1083,solid,False,0.9980476998936407,2,0.001378810970647848,0.001378810970647848,1,0,1
1084,solid,False,0.998000342208919,2,0.001484216994285692,-0.001484216994285692,0,0,1
1085,solid,False,0.9987701881896971,2,0.0009377151895901825,-0.0009377151895901825,0,0,1
1086,solid,False,0.9993258469471447,2,0.0004742568630456967,-0.0004742568630456967,0,0,1
1087,solid,False,0.9998011324228556,2,0.00045906160095610105,0.00045906160095610105,1,0,1
1088,solid,False,0.9998144407979925,0,0.0008441901958921028,0.0008441901958921028,1,0,1
1089,solid,False,1.0002943531098405,0,0.00014522226182722697,0.00014522226182722697,0,0,1
1090,solid,False,0.9984963394029,6,0.0017203219080057508,-0.0017203219080057508,1,0,1
1091,medium,False,0.9979058779642795,0,0.0025689966254842656,0.0025689966254842656,1,0,1
1092,medium,False,1.0006902798691932,2,0.0017031539821708575,0.0017031539821708575,1,0,1
1093,medium,False,1.0022534230792854,2,0.0010541727994426986,0.0010541727994426986,1,0,1
1094,medium,False,1.0030628980189933,2,0.0008629934030243147,-0.0008629934030243147,0,0,1
1095,medium,False,1.00297645420933,8,0.000974760145510567,-0.000974760145510567,0,0,1
1096,medium,False,1.001114297805079,8,0.0015604900526578203,-0.0015604900526578203,1,0,1
1097,medium,False,0.9996755921807334,8,0.0017488664171857599,-0.0017488664171857599,1,0,1
1098,medium,False,0.9978924890519209,8,0.002072083227773483,-0.002072083227773483,1,0,1
1099,solid,False,0.9995478445015616,0,0.00036187057753245266,0.00036187057753245266,0,0,1
1100,solid,False,0.9996327565283001,0,0.0003109168958961295,0.0003109168958961295,1,0,1
1101,solid,False,0.9998505508078699,0,0.00034821612036167737,0.00034821612036167737,1,0,1
1102,solid,False,1.000117203245524,0,0.00019310815190487496,0.00019310815190487496,0,0,1
1103,solid,False,0.9999845825870247,6,0.00037697982242079764,-0.00037697982242079764,1,0,1
1104,solid,False,0.9998611925966421,6,0.0004193676153658732,0.0004193676153658732,0,0,1
1105,solid,False,0.9998916062978958,6,0.00012240757490156184,0.00012240757490156184,0,0,1
1106,solid,False,0.9997962283197224,6,0.0001387512878971986,-0.0001387512878971986,1,0,1
1107,solid,False,0.9997812689194591,6,3.619671542076652e-05,-3.619671542076652e-05,1,0,1
1108,solid,False,0.9997534844325011,0,6.220925109257092e-05,6.220925109257092e-05,1,0,1
1109,solid,False,0.9997481241842673,0,0.00012466845294079043,0.00012466845294079043,1,0,1
1110,solid,False,0.9997746193441764,2,0.00010336542785416292,0.00010336542785416292,1,0,1
1111,solid,False,0.9998234790875759,2,6.858871063941674e-05,-6.858871063941674e-05,0,0,1
1112,solid,False,0.9998547765378819,8,7.415998150706038e-05,-7.415998150706038e-05,0,0,1
1113,solid,False,0.9997907591911411,8,0.0001177245083083811,-0.0001177245083083811,1,0,1
1114,medium,False,0.9997303843448848,0,0.00044351362169181563,0.00044351362169181563,1,0,1
1115,medium,False,1.0000630271803357,0,0.0004183301181190924,0.0004183301181190924,1,0,1
1116,medium,False,1.0003227370382066,0,0.0003631789425717624,0.0003631789425717624,1,0,1
1117,medium,False,1.0006262862999804,0,0.00032524271351075384,0.00032524271351075384,1,0,1
1118,medium,False,1.0009246508142235,0,0.00030547885459464297,0.00030547885459464297,1,0,1
1119,medium,False,1.001225257693975,0,0.00031614190044493284,0.00031614190044493284,1,0,1
1120,medium,False,1.0033842399400408,2,0.00022548799288824029,-0.00022548799288824029,0,0,1
1121,medium,False,1.0041553607417768,2,0.0005430547795938212,-0.0005430547795938212,0,0,1
1122,medium,False,1.0076920826502958,8,0.0009420932848687724,-0.0009420932848687724,0,0,1
1123,medium,False,1.0037382922102571,8,0.0004524289917143265,-0.0004524289917143265,0,0,1
1124,medium,False,1.0069487174599157,2,0.0013033340077471811,-0.0013033340077471811,0,0,1
1125,medium,False,1.0032709027734323,8,0.0005725292635333501,-0.0005725292635333501,0,0,1
1126,medium,False,1.0055270586164895,8,0.0009577623443249861,-0.0009577623443249861,0,0,1
1127,medium,False,1.0070894428979535,8,0.0015573695728597348,-0.0015573695728597348,0,0,1
1128,medium,False,1.0011701634807924,8,0.0009649374234299568,-0.0009649374234299568,1,0,1
1129,medium,False,1.0039304993836904,8,0.0014324550281410442,-0.0014324550281410442,0,0,1
1130,solid,False,0.9986480751781531,8,0.0036223614197725684,-0.0036223614197725684,0,0,1
1131,solid,False,1.0011860271804773,8,0.0007975187607392464,-0.0007975187607392464,0,0,1
1132,solid,False,1.001457037050774,0,0.002350585146323636,0.002350585146323636,0,0,1
1133,solid,False,1.001840738912316,6,0.0007986371572523687,-0.0007986371572523687,1,0,1
1134,solid,False,1.0017603306446736,0,0.0004137790221457882,0.0004137790221457882,1,0,1
1135,solid,False,1.0017779336760397,2,0.0002909332073333104,0.0002909332073333104,1,0,1
1136,solid,False,1.0017673405911431,6,0.00032754830061432205,-0.00032754830061432205,1,0,1
1137,solid,False,1.001791691428798,0,0.00019151374138065558,0.00019151374138065558,0,0,1
1138,solid,False,1.0018043665756546,0,0.00011695359944363659,0.00011695359944363659,1,0,1
1139,solid,False,1.0018293463967762,8,5.3329829888426605e-05,-5.3329829888426605e-05,0,0,1
1140,solid,False,1.0017802477114608,6,7.588990942697382e-05,7.588990942697382e-05,0,0,1
1141,solid,False,1.0017682017757095,6,0.00010002733262615138,-0.00010002733262615138,1,0,1
1142,solid,False,1.001771972693304,2,0.00016761041025159518,-0.00016761041025159518,0,0,1
1143,solid,False,1.0016479696829186,2,0.00039884140206458696,0.00039884140206458696,1,0,1
1144,solid,False,1.0018748324362214,8,0.00016403785515128888,-0.00016403785515128888,1,0,1
1145,solid,False,1.0016031129184213,8,0.00046294389346268616,-0.00046294389346268616,1,0,1
1146,solid,False,1.0015734128963558,6,0.0002267706081451326,-0.0002267706081451326,1,0,1
1147,solid,False,1.0017149126379503,0,0.0006247562853631816,0.0006247562853631816,1,0,1
1148,solid,False,1.0014779629647519,8,0.0025194619670504403,-0.0025194619670504403,0,0,1
1149,solid,False,1.0019520518147973,2,0.0003373194199315921,-0.0003373194199315921,0,0,1
1150,solid,False,1.0009582882033297,0,0.001275432884805916,0.001275432884805916,0,0,1
1151,solid,False,0.9984462438413693,0,0.003959167824506393,0.003959167824506393,0,0,1
1152,medium,False,1.0043245108287924,8,0.019733938543391283,-0.019733938543391283,0,0,1
1153,medium,False,0.9977683791761721,8,0.019654075676891036,-0.019654075676891036,0,0,1
1154,medium,False,1.0228185326442223,8,0.01907175769110453,-0.01907175769110453,0,0,1
1155,medium,False,1.0808288388329506,8,0.017237458130789807,-0.017237458130789807,0,0,1
1156,medium,False,1.0801882651052612,8,0.01726578998152295,-0.01726578998152295,0,0,1
1157,medium,False,1.0887828304880587,2,0.017012094863119054,-0.017012094863119054,0,0,1
1158,medium,False,1.0327175222258704,2,0.019141703715875202,-0.019141703715875202,0,0,1
1159,solid,False,0.9991340380624454,2,0.008162954538241785,-0.008162954538241785,0,0,1
1160,solid,False,0.9993889681924596,8,0.007199794752455579,-0.007199794752455579,1,0,1
1161,solid,False,0.9972246454612901,8,0.0028991084037388593,-0.0028991084037388593,1,0,1
1162,solid,False,0.9955106218401898,2,0.00261985673740317,-0.00261985673740317,0,0,1
1163,solid,False,0.9941804880804815,2,0.004608530951933587,-0.004608530951933587,0,0,1
1164,solid,False,0.9972632377425443,2,0.0023140570201970467,-0.0023140570201970467,0,0,1
1165,solid,False,0.9985150205752955,2,0.001071164203193753,-0.001071164203193753,0,0,1
1166,solid,False,0.999206143281072,2,0.0005269944892628553,-0.0005269944892628553,0,0,1
1167,solid,False,0.999913197010271,2,0.0002726457275294969,0.0002726457275294969,1,0,1
1168,solid,False,1.0001899422226097,0,0.00041285413725478115,0.00041285413725478115,1,0,1
1169,solid,False,0.9999817539999789,0,0.00297851549564343,0.00297851549564343,1,0,1
1170,medium,False,1.0037752970952967,0,0.009110411232102322,0.009110411232102322,1,0,1
1171,medium,False,1.011470622130546,0,0.0007865006480268777,0.0007865006480268777,1,0,1
1172,medium,False,1.0121736905889802,8,2.7393188039126493e-05,-2.7393188039126493e-05,0,0,1
1173,medium,False,1.0111065044660081,8,0.0005927296393059001,-0.0005927296393059001,1,0,1
1174,medium,False,1.0090408346280049,8,0.0014389287864602363,-0.0014389287864602363,1,0,1
1175,medium,False,1.007032763177384,8,0.0018414483992108543,-0.0018414483992108543,1,0,1
1176,medium,False,1.0031777309320065,8,0.003025424026651999,-0.003025424026651999,1,0,1
1177,medium,False,1.0004881110458994,8,0.003158112969540102,-0.003158112969540102,1,0,1
1178,medium,False,0.997599001999278,8,0.0034405204665006774,-0.0034405204665006774,1,0,1
1179,medium,False,0.9992158418564655,8,0.0011823604406523275,-0.0011823604406523275,1,0,1
1180,solid,False,0.999421329239213,0,0.0006661906977353527,0.0006661906977353527,1,0,1
1181,solid,False,0.9999950052843797,0,0.0003307775980518901,0.0003307775980518901,1,0,1
1182,solid,False,1.0002347470450068,0,0.0005028040678369816,0.0005028040678369816,0,0,1
1183,solid,False,0.9996775992530903,6,0.0013554644000774996,0.0013554644000774996,0,0,1
1184,solid,False,1.0000259148459978,0,0.00024410496185667263,0.00024410496185667263,0,0,1
1185,solid,False,1.0000255871692116,0,6.230669065399042e-05,6.230669065399042e-05,0,0,1
1186,solid,False,0.9995925542209055,8,0.00024129351940993526,-0.00024129351940993526,1,0,1
1187,solid,False,0.9996443899429137,8,0.00012158949167762056,-0.00012158949167762056,1,0,1
1188,solid,False,0.9996919216482111,2,7.067996142684496e-05,7.067996142684496e-05,1,0,1
1189,solid,False,0.9996437997508268,2,0.0001851672257178194,0.0001851672257178194,1,0,1
1190,solid,False,0.9997072705888872,2,0.0001390235443077259,0.0001390235443077259,1,0,1
1191,solid,False,0.9998017872902598,2,7.130087888618242e-05,-7.130087888618242e-05,0,0,1
1192,solid,False,0.9998458741579446,8,4.783868462554519e-05,-4.783868462554519e-05,0,0,1
1193,solid,False,0.9998065270367658,8,0.0001041728302069167,-0.0001041728302069167,1,0,1
1194,solid,False,0.9998100899648524,6,8.191351697606208e-05,-8.191351697606208e-05,1,0,1
1195,medium,False,0.9996963568443941,0,0.00043597147789031787,0.00043597147789031787,1,0,1
1196,medium,False,0.9999560235736545,0,0.00037172610606095446,0.00037172610606095446,1,0,1
1197,medium,False,1.0002573832095427,0,0.00032589255581960686,0.00032589255581960686,1,0,1
1198,medium,False,1.0005469779172325,0,0.0002994414112857946,0.0002994414112857946,1,0,1
1199,medium,False,1.0008337903411368,0,0.00030565877060029223,0.00030565877060029223,1,0,1
1200,medium,False,1.0053994689574273,2,0.0003085812331556463,0.0003085812331556463,1,0,1
1201,medium,False,1.005932151295475,2,0.0005691861126118046,0.0005691861126118046,1,0,1
1202,medium,False,1.009453471525146,8,0.0008475476980034924,-0.0008475476980034924,0,0,1
1203,medium,False,1.0060236253309742,2,0.0003937712362252488,-0.0003937712362252488,0,0,1
1204,medium,False,1.0084944964222249,2,0.00119643269649089,-0.00119643269649089,0,0,1
1205,medium,False,1.0059642307808399,8,0.0004922529589138636,-0.0004922529589138636,0,0,1
1206,medium,False,1.0081305327967198,8,0.0008335341917612982,-0.0008335341917612982,0,0,1
1207,medium,False,1.0093757933185858,8,0.0014013444475359238,-0.0014013444475359238,0,0,1
1208,medium,False,1.0046195388486887,8,0.000706715402800373,-0.000706715402800373,1,0,1
1209,medium,False,1.0069435233768118,8,0.001281033197577608,-0.001281033197577608,0,0,1
1210,medium,False,1.0031564048895463,8,0.0011396815046956221,-0.0011396815046956221,1,0,1
1211,medium,False,1.0041175323551264,8,0.0016043209457617946,-0.0016043209457617946,1,0,1
1212,medium,False,1.004669644847439,8,0.0014619672583732202,-0.0014619672583732202,1,0,1
1213,solid,False,0.9986461621398105,8,0.003647192557719281,-0.003647192557719281,0,0,1
1214,solid,False,1.0010634745136977,8,0.0008637856438075131,-0.0008637856438075131,0,0,1
1215,solid,False,1.0014203947815163,0,0.0020391890304017335,0.0020391890304017335,0,0,1
1216,solid,False,1.001701643817249,8,0.0007098306842059365,-0.0007098306842059365,1,0,1
1217,solid,False,1.0017115056645873,0,0.00039122480397169035,0.00039122480397169035,1,0,1
1218,solid,False,1.0016490667024867,2,0.00031965863218774704,0.00031965863218774704,1,0,1
1219,solid,False,1.0017821305437793,6,0.00030618379917235483,-0.00030618379917235483,1,0,1
1220,solid,False,1.0018114020720796,6,4.256687131132253e-05,-4.256687131132253e-05,1,0,1
1221,solid,False,1.0016910131174086,2,0.0001455504181519518,-0.0001455504181519518,0,0,1
1222,solid,False,1.0016385693908698,2,0.00020595081102525725,-0.00020595081102525725,0,0,1
1223,solid,False,1.001655766934334,2,0.0001907783116213979,-0.0001907783116213979,0,0,1
1224,solid,False,1.0017030714589183,8,0.00023005927724212283,-0.00023005927724212283,0,0,1
1225,solid,False,1.0015635577571456,8,0.00030245175592491513,-0.00030245175592491513,1,0,1
1226,solid,False,1.0016077923343794,8,0.0004286919611421469,-0.0004286919611421469,0,0,1
1227,solid,False,1.001693168874407,2,0.0004640686149242623,-0.0004640686149242623,0,0,1
1228,solid,False,1.001945907328755,8,0.00025900182654048365,-0.00025900182654048365,1,0,1
1229,solid,False,1.0017440759593885,8,0.0005682292242648046,-0.0005682292242648046,1,0,1
1230,solid,False,1.001696400595174,6,0.0003392094865387052,0.0003392094865387052,0,0,1
1231,solid,False,1.0016239081672855,0,0.0009985603318511949,0.0009985603318511949,1,0,1
1232,solid,False,1.0021763419846434,8,0.001013014856565131,-0.001013014856565131,0,0,1
1233,solid,False,0.9984401042111318,0,0.003925298946421241,0.003925298946421241,0,0,1
1234,medium,False,1.0018376290439865,8,0.026908512539611185,-0.026908512539611185,0,0,1
1235,medium,False,1.0596221884430956,2,0.027675326957064594,-0.027675326957064594,0,0,1
1236,medium,False,1.0608953951797613,2,0.02790298799355928,-0.02790298799355928,0,0,1
1237,medium,False,1.0715684801656127,2,0.028359435475319383,-0.028359435475319383,0,0,1
1238,medium,False,1.017651291390948,2,0.028319289744661913,-0.028319289744661913,0,0,1
1239,solid,False,0.994456747737464,6,0.019662150707921766,-0.019662150707921766,1,0,1
1240,solid,False,0.9971940102482684,6,0.0031090146551042697,-0.0031090146551042697,1,0,1
1241,solid,False,0.9919268566045593,8,0.004541112787623369,-0.004541112787623369,0,0,1
1242,solid,False,0.9804049650687285,2,0.015001170781873241,-0.015001170781873241,0,0,1
1243,solid,False,0.9945935674760904,8,0.003540795918202111,-0.003540795918202111,0,0,1
1244,solid,False,0.9972968311973686,8,0.0013376376866639506,-0.0013376376866639506,0,0,1
1245,solid,False,0.9976849663771586,8,0.001145767679168741,-0.001145767679168741,0,0,1
1246,solid,False,0.999454038574609,0,6.158360466090862e-05,6.158360466090862e-05,0,0,1
1247,solid,False,0.9999397613960661,0,0.00015991775924761864,0.00015991775924761864,1,0,1
1248,solid,False,1.0001926834560368,2,0.0006345315406168783,0.0006345315406168783,1,0,1
1249,solid,False,1.0005712424047508,2,0.0010870117379661037,0.0010870117379661037,1,0,1
1250,solid,False,0.9991745413467601,8,0.002205121819850442,-0.002205121819850442,1,0,1
1251,medium,False,0.9991275484510238,0,0.00257571961604508,0.00257571961604508,1,0,1
1252,medium,False,1.001215880852638,0,0.001700108532226463,0.001700108532226463,1,0,1
1253,medium,False,1.0023522960979268,0,0.0010434497531042752,0.0010434497531042752,1,0,1
1254,medium,False,1.0025275057739476,2,0.00015852698931040354,-0.00015852698931040354,0,0,1
1255,medium,False,1.0018967100815412,8,0.00035962785101928407,-0.00035962785101928407,1,0,1
1256,medium,False,0.9988555408210961,8,0.0016085763019504096,-0.0016085763019504096,1,0,1
1257,medium,False,0.9975786797442349,8,0.0018198534990264727,-0.0018198534990264727,1,0,1
1258,medium,False,0.9961461487113695,8,0.0021673069543376687,-0.0021673069543376687,1,0,1
1259,medium,False,0.9994552371795786,0,0.00023371489876056195,0.00023371489876056195,0,0,1
1260,solid,False,0.9997722493015648,2,0.0004043136006029735,0.0004043136006029735,1,0,1
1261,solid,False,1.0001855495242946,2,0.000187769778096869,-0.000187769778096869,0,0,1
1262,solid,False,0.9999882134581586,2,0.0012815928060552761,0.0012815928060552761,1,0,1
1263,medium,False,1.0003578628081016,6,0.0023608370524443867,-0.0023608370524443867,1,0,1
1264,medium,False,0.9988461648553273,6,0.0011535415629266854,0.0011535415629266854,0,0,1
1265,medium,False,0.9985220613591301,0,0.0006781491325009714,0.0006781491325009714,0,0,1
1266,medium,False,0.9985910710345449,0,0.0012109831726084819,0.0012109831726084819,1,0,1
1267,solid,False,0.9993508802543271,8,0.00043185515479260417,-0.00043185515479260417,1,0,1
1268,solid,False,0.9994756195210298,2,0.00015483931774917803,0.00015483931774917803,1,0,1
1269,solid,False,0.9994947210084308,2,0.0002881437500010797,0.0002881437500010797,1,0,1
1270,solid,False,0.9996893970760546,2,0.00015364542777396295,0.00015364542777396295,1,0,1
1271,solid,False,0.9998324272524598,2,4.473190931225668e-05,-4.473190931225668e-05,0,0,1
1272,solid,False,0.9998646619837954,8,5.127958783446296e-05,-5.127958783446296e-05,1,0,1
1273,solid,False,0.9998292141199844,8,0.00010865955050087805,-0.00010865955050087805,1,0,1
1274,solid,False,0.9997537186604252,6,0.00016489471432445946,-0.00016489471432445946,1,0,1
1275,solid,False,0.9997356169119417,0,0.000191545210515065,0.000191545210515065,0,0,1
1276,medium,False,0.9996372851011027,0,0.00037925730153176573,0.00037925730153176573,1,0,1
1277,medium,False,0.9999377777692664,0,0.0003259971834002062,0.0003259971834002062,1,0,1
1278,medium,False,1.000220387309751,0,0.00029340658037790845,0.00029340658037790845,1,0,1
1279,medium,False,1.0004957775291876,0,0.00029585661445707956,0.00029585661445707956,1,0,1
1280,medium,False,1.0071515307664196,2,0.0004059783491358361,0.0004059783491358361,1,0,1
1281,medium,False,1.0074678358870213,2,0.000705571469527027,0.000705571469527027,1,0,1
1282,medium,False,1.0109892246096888,2,0.0007598725664702544,-0.0007598725664702544,0,0,1
1283,medium,False,1.0080137806535918,2,0.0003405725700034723,-0.0003405725700034723,0,0,1
1284,medium,False,1.0098449626457995,2,0.0011076117836228971,-0.0011076117836228971,0,0,1
1285,medium,False,1.0084294934208924,8,0.00042455611130925996,-0.00042455611130925996,0,0,1
1286,medium,False,1.0105361761353844,8,0.000728300075200472,-0.000728300075200472,0,0,1
1287,medium,False,1.0114699779052638,8,0.0012740606806728172,-0.0012740606806728172,0,0,1
1288,medium,False,1.0078222423742806,8,0.00045751520482312236,-0.00045751520482312236,1,0,1
1289,medium,False,1.0097277493220072,8,0.0011613266320169569,-0.0011613266320169569,0,0,1
1290,medium,False,1.006939805853331,8,0.0008257857514197275,-0.0008257857514197275,1,0,1
1291,medium,False,1.008033903746486,8,0.0012450399050722427,-0.0012450399050722427,1,0,1
1292,medium,False,1.0085275350837213,8,0.0012492883927116005,-0.0012492883927116005,0,0,1
1293,medium,False,1.003691776153711,8,0.0014170639055285372,-0.0014170639055285372,1,0,1
1294,medium,False,1.0043538590520287,8,0.0014263616500336251,-0.0014263616500336251,1,0,1
1295,medium,False,1.0045425603427465,8,0.0021408008343799523,-0.0021408008343799523,1,0,1
1296,solid,False,0.9987559503555749,8,0.0033667492511089137,-0.0033667492511089137,0,0,1
1297,solid,False,1.0009362608226573,8,0.0008705799626080868,-0.0008705799626080868,0,0,1
1298,solid,False,1.0013289034810977,0,0.0018436644223742138,0.0018436644223742138,0,0,1
1299,solid,False,1.0017523523200884,8,0.00048755142390732864,-0.00048755142390732864,1,0,1
1300,solid,False,1.0013628937541228,2,0.00044546001262196766,-0.00044546001262196766,0,0,1
1301,solid,False,1.0015493274339613,8,0.0002482152990189723,-0.0002482152990189723,0,0,1
1302,solid,False,1.0014929317573709,2,0.00021259017557301307,-0.00021259017557301307,0,0,1
1303,solid,False,1.0014941328042692,2,0.0002724565471367013,-0.0002724565471367013,0,0,1
1304,solid,False,1.0015596608019481,8,0.00035603367211656245,-0.00035603367211656245,0,0,1
1305,solid,False,1.0014796183249504,8,0.0004066720077249286,-0.0004066720077249286,0,0,1
1306,solid,False,1.001501791503201,8,0.00046486736001211115,-0.00046486736001211115,0,0,1
1307,solid,False,1.0015862361523518,8,0.00035744240224794277,-0.00035744240224794277,0,0,1
1308,solid,False,1.0015527702587135,8,0.0003041202643248031,-0.0003041202643248031,1,0,1
1309,solid,False,1.0015092968620765,8,0.0004768734928399798,-0.0004768734928399798,1,0,1
1310,solid,False,1.0017318429984488,8,0.00026003839485855273,-0.00026003839485855273,1,0,1
1311,solid,False,1.0020731648097028,0,0.00019501190112070077,0.00019501190112070077,0,0,1
1312,solid,False,1.0016715922331745,6,0.001264289102146543,0.001264289102146543,0,0,1
1313,solid,False,1.0016956794566916,0,0.002802996316054962,0.002802996316054962,0,0,1
1314,solid,False,0.9985454611574356,0,0.009002630134765433,0.009002630134765433,0,0,1
1315,medium,False,1.0233756376261878,2,0.03649618846387742,-0.03649618846387742,0,0,1
1316,medium,False,1.023451730744146,2,0.036409076311807786,-0.036409076311807786,0,0,1
1317,medium,False,1.0320408233197158,2,0.03690269937356683,-0.03690269937356683,0,0,1
1318,solid,False,1.0101272939805215,6,0.002704820379345385,-0.002704820379345385,1,0,1
1319,solid,False,0.9977195529815844,8,0.009309734609372011,-0.009309734609372011,1,0,1
1320,solid,False,0.9911612981067022,8,0.004788163327941741,-0.004788163327941741,0,0,1
1321,solid,False,0.9864366263649339,2,0.0035372653915124452,-0.0035372653915124452,0,0,1
1322,medium,False,0.9774307593852499,2,0.004220534046780133,-0.004220534046780133,0,0,1
1323,medium,False,0.9857878827975226,2,0.006737600644751596,-0.006737600644751596,0,0,1
1324,medium,False,0.9857581825446777,2,0.013057942606392259,-0.013057942606392259,0,0,1
1325,medium,False,0.9786722274579436,8,0.018237849624304303,-0.018237849624304303,0,0,1
1326,solid,False,0.999121574642451,0,0.0007321181304746904,0.0007321181304746904,0,0,1
1327,solid,False,0.9997217074673805,0,0.00033497354568334803,0.00033497354568334803,1,0,1
1328,solid,False,1.0000969551386685,0,0.0006631588967307422,0.0006631588967307422,1,0,1
1329,solid,False,1.0004763199874749,0,0.0004555913858678151,0.0004555913858678151,1,0,1
1330,solid,False,1.0004160090285554,0,0.0015878334043348818,0.0015878334043348818,1,0,1
1331,medium,False,1.002848647778746,0,0.002278007791112313,0.002278007791112313,1,0,1
1332,medium,False,1.0042965699933892,0,0.001408594535597163,0.001408594535597163,1,0,1
1333,medium,False,1.0047841385071605,2,0.0007631869582482853,0.0007631869582482853,1,0,1
1334,medium,False,1.0039117587870836,8,0.0004425821928694118,-0.0004425821928694118,0,0,1
1335,medium,False,1.0027187733481977,8,0.0006244711690411575,-0.0006244711690411575,1,0,1
1336,medium,False,0.9988761895311614,8,0.0018728329508092278,-0.0018728329508092278,1,0,1
1337,medium,False,0.9974926624367939,8,0.0020777214307226184,-0.0020777214307226184,1,0,1
1338,medium,False,0.9960593406300865,8,0.0024231072920854572,-0.0024231072920854572,1,0,1
1339,medium,False,1.0002610099441702,8,0.00015449467950295892,-0.00015449467950295892,1,0,1
1340,solid,False,1.0001269359774998,2,0.00024445158719965665,-0.00024445158719965665,0,0,1
1341,solid,False,1.0003512313543141,2,0.00014878062665985015,0.00014878062665985015,1,0,1
1342,solid,False,1.0001780818808272,0,0.00024678877468270466,0.00024678877468270466,0,0,1
1343,medium,False,1.0005302392394724,6,0.0030225094097066085,-0.0030225094097066085,1,0,1
1344,medium,False,0.9977131033325463,6,0.0013979543886758483,-0.0013979543886758483,1,0,1
1345,medium,False,0.9968121459637945,6,0.00036859927245969093,0.00036859927245969093,0,0,1
1346,medium,False,0.9962943415522286,0,0.000509094438097879,0.000509094438097879,1,0,1
1347,medium,False,0.9962691029837888,0,0.002277760748379154,0.002277760748379154,1,0,1
1348,solid,False,0.9986822946567718,0,0.00097242988632118,0.00097242988632118,1,0,1
1349,solid,False,0.9994799048203861,0,0.0003821462704443057,0.0003821462704443057,1,0,1
1350,solid,False,0.9997594253642617,0,0.0001623074175607364,0.0001623074175607364,1,0,1
1351,solid,False,0.9999024009926535,0,3.7722327518807663e-05,3.7722327518807663e-05,0,0,1
1352,solid,False,0.9998834872841635,6,6.937268303652822e-05,-6.937268303652822e-05,1,0,1
1353,solid,False,0.9998327475519001,6,0.00011906407340478431,-0.00011906407340478431,1,0,1
1354,solid,False,0.9997913180878647,8,0.00012778089745291155,-0.00012778089745291155,1,0,1
1355,solid,False,0.9994469831755541,8,0.0004044217626328894,-0.0004044217626328894,1,0,1
1356,medium,False,0.9992734122883152,0,0.00038935315362476075,0.00038935315362476075,1,0,1
1357,medium,False,0.9995770839100184,0,0.00032793966905431127,0.00032793966905431127,1,0,1
1358,medium,False,0.9998564251122126,0,0.00028856473072935707,0.00028856473072935707,1,0,1
1359,medium,False,1.0001241337667182,0,0.00028672727175571566,0.00028672727175571566,1,0,1
1360,medium,False,1.0084703242005775,2,0.0005063975772622215,0.0005063975772622215,1,0,1
1361,medium,False,1.0085806821585066,2,0.000840655897827934,0.000840655897827934,1,0,1
1362,medium,False,1.0120238156652683,2,0.0006738845356811796,-0.0006738845356811796,0,0,1
1363,medium,False,1.009578364405397,2,0.00038980967016895296,0.00038980967016895296,1,0,1
1364,medium,False,1.0107819024641247,2,0.0010268159948003674,-0.0010268159948003674,0,0,1
1365,medium,False,1.0104152382925013,2,0.0003582451971470002,-0.0003582451971470002,0,0,1
1366,medium,False,1.0124798686449454,8,0.0006278090738616182,-0.0006278090738616182,0,0,1
1367,medium,False,1.0130783869809497,8,0.0011579874857876593,-0.0011579874857876593,0,0,1
1368,medium,False,1.0104710121547065,8,0.00036198443408486103,-0.00036198443408486103,0,0,1
1369,medium,False,1.0119350981440973,8,0.0010517160293010974,-0.0010517160293010974,0,0,1
1370,medium,False,1.0100841545298513,8,0.0005592591253228418,-0.0005592591253228418,1,0,1
1371,medium,False,1.0112799585114,8,0.0009397342308032353,-0.0009397342308032353,1,0,1
1372,medium,False,1.0116580248793279,8,0.0011195317877339406,-0.0011195317877339406,0,0,1
1373,medium,False,1.0079695182699546,8,0.0010523478853704527,-0.0010523478853704527,1,0,1
1374,medium,False,1.0085200301822985,8,0.0010009679150365658,-0.0010009679150365658,1,0,1
1375,medium,False,1.0092359662710462,8,0.0016805840281409745,-0.0016805840281409745,1,0,1
1376,medium,False,1.0041580686980562,8,0.0012005706210447276,-0.0012005706210447276,1,0,1
1377,medium,False,1.004459322314947,8,0.0021157901296763315,-0.0021157901296763315,1,0,1
1378,medium,False,1.0041272843310496,8,0.002008228565042902,-0.002008228565042902,1,0,1
1379,solid,False,0.9988943731573124,8,0.0029788803440424783,-0.0029788803440424783,0,0,1
1380,solid,False,1.0013985284057791,0,0.0005129534247140244,0.0005129534247140244,1,0,1
1381,solid,False,1.0010346555049727,8,0.000518031224325699,-0.000518031224325699,0,0,1
1382,solid,False,1.0012493217950176,2,0.00035605402275362685,0.00035605402275362685,1,0,1
1383,solid,False,1.0012201451234606,2,0.00042118740506169594,0.00042118740506169594,1,0,1
1384,solid,False,1.001550160378391,8,0.0002987262517598621,-0.0002987262517598621,0,0,1
1385,solid,False,1.0013999021688005,8,0.0004434742219049381,-0.0004434742219049381,0,0,1
1386,solid,False,1.001274361979674,8,0.0005183823288964495,-0.0005183823288964495,0,0,1
1387,solid,False,1.001215972999703,8,0.0004904620925983982,-0.0004904620925983982,0,0,1
1388,solid,False,1.0011549175777805,8,0.00046657289261686774,-0.00046657289261686774,0,0,1
1389,solid,False,1.0011186324919106,8,0.0005338127178471375,-0.0005338127178471375,0,0,1
1390,solid,False,1.0012354515778092,8,0.0005657254603327333,-0.0005657254603327333,0,0,1
1391,solid,False,1.0014845871802576,8,0.0004703010826054843,-0.0004703010826054843,0,0,1
1392,solid,False,1.0018724970342572,8,0.0005280842356749638,-0.0005280842356749638,1,0,1
1393,solid,False,1.0029192636158886,8,0.0006512669010065864,-0.0006512669010065864,0,0,1
1394,solid,False,1.0040912038315388,2,0.0018842758373429636,0.0018842758373429636,1,0,1
1395,solid,False,1.0019100204445488,8,0.013851190827670168,-0.013851190827670168,0,0,1
1396,solid,False,1.0031564866340326,8,0.011618658682806093,-0.011618658682806093,0,0,1
1397,solid,False,0.994962401173831,2,0.027339595828532848,-0.027339595828532848,0,0,1
1398,solid,False,0.9972529142324418,8,0.00991365953396306,-0.00991365953396306,0,0,1
1399,solid,False,0.9881080856007257,8,0.00703555144142054,-0.00703555144142054,0,0,1
1400,solid,False,0.9840499236515298,2,0.0071325910180284335,-0.0071325910180284335,0,0,1
1401,medium,False,0.9855772917413642,2,0.008848561080571749,0.008848561080571749,1,0,1
1402,medium,False,0.9781232382478848,2,0.004324415325680286,0.004324415325680286,1,0,1
1403,medium,False,0.9849573166292092,2,0.006391058707303832,-0.006391058707303832,0,0,1
1404,medium,False,0.9795059497172424,2,0.012277436227516536,-0.012277436227516536,0,0,1
1405,medium,False,0.9689426505205535,8,0.016894201067821912,-0.016894201067821912,0,0,1
1406,medium,False,0.9723782411520613,8,0.026511201493546188,-0.026511201493546188,0,0,1
1407,solid,False,0.9996039944216336,2,0.00030533323172032834,0.00030533323172032834,1,0,1
1408,solid,False,0.9998187494028659,2,0.0006236513579098713,0.0006236513579098713,1,0,1
1409,solid,False,1.000312307458365,2,0.0005029838556853683,0.0005029838556853683,1,0,1
1410,solid,False,1.0007243857831019,2,0.0006072121414562037,-0.0006072121414562037,0,0,1
1411,solid,False,1.0001412459963401,8,0.0013619847553453246,-0.0013619847553453246,1,0,1
1412,medium,False,0.9998313701110082,0,0.002290077143473568,0.002290077143473568,1,0,1
1413,medium,False,1.0008255972668367,0,0.0016096950963883638,0.0016096950963883638,1,0,1
1414,medium,False,1.0008438451632908,0,0.000657095325470175,0.000657095325470175,1,0,1
1415,medium,False,1.0007819264370132,2,0.00015156281117673087,0.00015156281117673087,1,0,1
1416,medium,False,0.9971669662231988,8,0.0011371382942695213,-0.0011371382942695213,1,0,1
1417,medium,False,0.9965416537336373,8,0.0013719372485011434,-0.0013719372485011434,1,0,1
1418,medium,False,0.9959505758688906,8,0.0017424213346866717,-0.0017424213346866717,1,0,1
1419,medium,False,1.0006903152234463,0,0.0005675581626081311,0.0005675581626081311,1,0,1
1420,solid,False,1.0001122891224399,6,0.0009331507869735356,-0.0009331507869735356,1,0,1
1421,solid,False,1.0002656820772704,6,0.00016472587646571002,0.00016472587646571002,0,0,1
1422,solid,False,1.000042643097206,6,0.000164766055814336,0.000164766055814336,0,0,1
1423,medium,False,1.0014164045990777,6,0.002953466347517586,-0.002953466347517586,1,0,1
1424,medium,False,0.9979679537523101,6,0.0013067535346729109,-0.0013067535346729109,1,0,1
1425,medium,False,0.9968064944776508,6,0.00030734749524263805,0.00030734749524263805,0,0,1
1426,medium,False,0.9961023134252489,0,0.0006061311487377541,0.0006061311487377541,1,0,1
1427,medium,False,0.9959792165786662,2,0.002372671731425635,0.002372671731425635,1,0,1
1428,solid,False,0.9986717172678167,2,0.0010639599104563802,0.0010639599104563802,1,0,1
1429,solid,False,0.9994835586046791,0,0.0004195425870834324,0.0004195425870834324,1,0,1
1430,solid,False,0.9997972238124893,0,0.00018263045809052691,0.00018263045809052691,1,0,1
1431,solid,False,0.9999570612552816,6,0.0001803432148491657,0.0001803432148491657,0,0,1
1432,solid,False,0.9999060766758812,6,0.0001822168228666765,0.0001822168228666765,0,0,1
1433,solid,False,0.9998538628808346,6,0.00015080259064237378,0.00015080259064237378,0,0,1
1434,solid,False,0.9997544607651339,6,0.00013281035777568118,0.00013281035777568118,0,0,1
1435,solid,False,0.9995759742614082,6,0.00021344963179292797,-0.00021344963179292797,1,0,1
1436,solid,False,0.999473228666969,0,0.00034349448578252506,0.00034349448578252506,1,0,1
1437,medium,False,0.9996997317766573,0,0.00031803374188865696,0.00031803374188865696,1,0,1
1438,medium,False,0.999966577205143,0,0.0002774388919883908,0.0002774388919883908,1,0,1
1439,medium,False,1.000221843495989,0,0.000277065582744207,0.000277065582744207,1,0,1
1440,medium,False,1.0089979750930294,2,0.0006017807554700417,0.0006017807554700417,1,0,1
1441,medium,False,1.0089051893399428,2,0.0009613993850707534,0.0009613993850707534,1,0,1
1442,medium,False,1.012283129226616,2,0.0006051815256834514,-0.0006051815256834514,0,0,1
1443,medium,False,1.0102953691619827,2,0.0004941496767286169,0.0004941496767286169,1,0,1
1444,medium,False,1.0108587829374711,2,0.0009802487089506373,-0.0009802487089506373,0,0,1
1445,medium,False,1.011314203815367,2,0.0003270434559137225,-0.0003270434559137225,0,0,1
1446,medium,False,1.0133876558294532,8,0.0005716356621231489,-0.0005716356621231489,0,0,1
1447,medium,False,1.0134435530967207,2,0.0010977099372353472,-0.0010977099372353472,0,0,1
1448,medium,False,1.011871553466891,8,0.00033597618486391756,-0.00033597618486391756,0,0,1
1449,medium,False,1.0127637074675495,2,0.001010521172660206,-0.001010521172660206,0,0,1
1450,medium,False,1.0117453557466163,8,0.0004077230089176709,-0.0004077230089176709,1,0,1
1451,medium,False,1.0129238524118005,8,0.000764899779524153,-0.000764899779524153,1,0,1
1452,medium,False,1.0130318917695316,8,0.0010788126405957277,-0.0010788126405957277,0,0,1
1453,medium,False,1.0102848944718956,8,0.0008489073293390659,-0.0008489073293390659,1,0,1
1454,medium,False,1.01053930488897,8,0.0008938650081615762,-0.0008938650081615762,0,0,1
1455,medium,False,1.0115845614014634,8,0.0014211779310192574,-0.0014211779310192574,1,0,1
1456,medium,False,1.0070340930378765,8,0.0009160325821719884,-0.0009160325821719884,1,0,1
1457,medium,False,1.0076713416323686,8,0.0018039243297613972,-0.0018039243297613972,1,0,1
1458,medium,False,1.0072285913505676,8,0.001652101835766251,-0.001652101835766251,1,0,1
1459,medium,False,1.002460185744244,8,0.0020109574342800363,-0.0020109574342800363,1,0,1
1460,medium,False,1.0022436313048675,8,0.00225881115852411,-0.00225881115852411,1,0,1
1461,solid,False,0.999203084535227,8,0.002205156661961083,-0.002205156661961083,0,0,1
1462,solid,False,1.000520524591472,8,0.0008088478364892682,-0.0008088478364892682,0,0,1
1463,solid,False,1.000941545476326,0,0.0013159606249016909,0.0013159606249016909,0,0,1
1464,solid,False,1.0015270393677436,2,0.0003958000641169912,-0.0003958000641169912,0,0,1
1465,solid,False,1.0012027482326704,8,0.0006682113264971923,-0.0006682113264971923,0,0,1
1466,solid,False,1.000985530249634,8,0.0006549932243872236,-0.0006549932243872236,0,0,1
1467,solid,False,1.0008783644568577,8,0.000598406385546868,-0.000598406385546868,0,0,1
1468,solid,False,1.0007603195708812,8,0.0006561625872690824,-0.0006561625872690824,0,0,1
1469,solid,False,1.00066159457669,8,0.0007908843590929138,-0.0007908843590929138,0,0,1
1470,solid,False,1.0006047740127473,8,0.0010002778134463597,-0.0010002778134463597,0,0,1
1471,solid,False,1.000595911917945,8,0.0013438630773046079,-0.0013438630773046079,0,0,1
1472,solid,False,1.000677283859491,8,0.0019760995700653927,-0.0019760995700653927,0,0,1
1473,solid,False,1.0008172303505263,2,0.0031616569896130153,-0.0031616569896130153,0,0,1
1474,solid,False,1.0008199095165689,2,0.004589499693248289,-0.004589499693248289,0,0,1
1475,solid,False,1.0018685518335837,8,0.00494224736774429,-0.00494224736774429,0,0,1
1476,solid,False,0.9998128315992791,2,0.00828335883170117,-0.00828335883170117,0,0,1
1477,solid,False,0.9973687970505678,2,0.005866158428102453,-0.005866158428102453,0,0,1
1478,solid,False,0.9864775817049746,8,0.010403914586616603,-0.010403914586616603,1,0,1
1479,solid,False,0.9826207901504831,8,0.005055885241960878,-0.005055885241960878,1,0,1
1480,medium,False,0.9813785450337932,0,0.018649439621804653,0.018649439621804653,1,0,1
1481,medium,False,0.9972240891996403,2,0.008979008809808064,0.008979008809808064,1,0,1
1482,medium,False,0.9860283732641579,2,0.005229185288574745,-0.005229185288574745,0,0,1
1483,medium,False,0.9909717523200383,2,0.007424509183498018,-0.007424509183498018,0,0,1
1484,medium,False,0.9798798121948346,2,0.013087120224030857,-0.013087120224030857,0,0,1
1485,medium,False,0.9651086281576422,8,0.017303812176112876,-0.017303812176112876,0,0,1
1486,medium,False,0.9606717836363561,8,0.025437770244852997,-0.025437770244852997,0,0,1
1487,medium,False,0.9611824491236917,8,0.03674956481136166,-0.03674956481136166,0,0,1
1488,solid,False,0.9995071169475218,0,0.0007954537191373623,0.0007954537191373623,1,0,1
1489,solid,False,1.0001129624260585,2,0.0006334725684499221,0.0006334725684499221,1,0,1
1490,solid,False,1.0005965487850856,2,0.0001830204846952066,0.0001830204846952066,1,0,1
1491,solid,False,1.0003943953355598,8,0.0004968352459436831,-0.0004968352459436831,1,0,1
1492,solid,False,0.9999698408992397,8,0.0007686233900926487,-0.0007686233900926487,1,0,1
1493,medium,False,0.9990709394089612,0,0.002014468072736142,0.002014468072736142,1,0,1
1494,medium,False,0.9989791107812842,0,0.0010333382880091946,0.0010333382880091946,1,0,1
1495,medium,False,0.9990941672120017,0,0.0005916638829052134,0.0005916638829052134,0,0,1
1496,medium,False,0.9960312516349881,8,0.0008150708954339086,-0.0008150708954339086,1,0,1
1497,medium,False,0.9956560626700834,6,0.0010685509923392227,-0.0010685509923392227,1,0,1
1498,medium,False,0.9952943790081187,6,0.0014570242510388194,-0.0014570242510388194,1,0,1
1499,solid,False,0.9996597809814021,2,0.0008845396956166651,-0.0008845396956166651,0,0,1
1500,solid,False,1.0000969488284188,8,0.0006015353073199337,-0.0006015353073199337,1,0,1
1501,solid,False,1.0001061909097988,8,0.000327373015779453,-0.000327373015779453,1,0,1
1502,solid,False,0.999910957324802,6,0.00015334294381996738,-0.00015334294381996738,1,0,1
1503,medium,False,1.0035678410531252,6,0.0020435054871665304,-0.0020435054871665304,1,0,1
1504,medium,False,1.0003338672530562,8,0.000378411665956091,-0.000378411665956091,1,0,1
1505,medium,False,0.9985164243630807,2,0.0008675534975598476,0.0008675534975598476,1,0,1
1506,medium,False,0.9983297405560636,2,0.001615536234166992,0.001615536234166992,1,0,1
1507,solid,False,0.9990199135416493,6,0.0007605536311956207,0.0007605536311956207,0,0,1
1508,solid,False,0.9993217568477138,0,0.0005268634008748219,0.0005268634008748219,0,0,1
1509,solid,False,0.9995205687404902,0,0.0005403712303009289,0.0005403712303009289,1,0,1
1510,solid,False,0.9999320872262272,0,0.0004051764193795937,0.0004051764193795937,0,0,1
1511,solid,False,1.0000422495764418,6,0.0004259337238632921,0.0004259337238632921,0,0,1
1512,solid,False,0.9999783494738509,6,0.0003239337114967211,0.0003239337114967211,0,0,1
1513,solid,False,0.9999267269367534,6,0.0001937273169551057,0.0001937273169551057,0,0,1
1514,solid,False,0.9998343128738794,6,0.00010935485993404659,0.00010935485993404659,0,0,1
1515,solid,False,0.999787594773733,8,9.279408986428983e-05,-9.279408986428983e-05,1,0,1
1516,solid,False,0.9994061876830884,8,0.0003639016419028085,-0.0003639016419028085,1,0,1
1517,medium,False,0.9991840100130891,0,0.00032716389636067156,0.00032716389636067156,1,0,1
1518,medium,False,0.9994602914606189,0,0.00027793294693512216,0.00027793294693512216,1,0,1
1519,medium,False,0.9997191210810741,0,0.0002717342704148251,0.0002717342704148251,1,0,1
1520,medium,False,1.0101466407275077,2,0.0007022543689306146,0.0007022543689306146,1,0,1
1521,medium,False,1.0098463569633778,2,0.0010969285495448233,0.0010969285495448233,1,0,1
1522,medium,False,1.013209847946554,2,0.0005298178987028779,-0.0005298178987028779,0,0,1
1523,medium,False,1.0116792936379688,2,0.0006257961294776071,0.0006257961294776071,1,0,1
1524,medium,False,1.011626935648535,2,0.0009304666134775236,0.0009304666134775236,1,0,1
1525,medium,False,1.0129539677865937,2,0.0002828564696567559,0.0002828564696567559,1,0,1
1526,medium,False,1.015153996351437,8,0.0004890645690366346,-0.0004890645690366346,0,0,1
1527,medium,False,1.0146502745144546,2,0.0010152037952170234,-0.0010152037952170234,0,0,1
1528,medium,False,1.0141925681662578,2,0.0002696610583622361,-0.0002696610583622361,0,0,1
1529,medium,False,1.0144556573344228,2,0.0009351232679180033,-0.0009351232679180033,0,0,1
1530,medium,False,1.0145696776276512,8,0.0003323364337882717,-0.0003323364337882717,0,0,1
1531,medium,False,1.015855065375116,8,0.0005310741040007727,-0.0005310741040007727,0,0,1
1532,medium,False,1.0158117258715664,8,0.0009863114885205748,-0.0009863114885205748,0,0,1
1533,medium,False,1.0141302729668609,8,0.0005115730497913251,-0.0005115730497913251,1,0,1
1534,medium,False,1.0142384681442198,8,0.0008177358323454564,-0.0008177358323454564,0,0,1
1535,medium,False,1.015814259636943,8,0.0009949248452907344,-0.0009949248452907344,1,0,1
1536,medium,False,1.011934983315352,8,0.0005300853422524066,-0.0005300853422524066,0,0,1
1537,medium,False,1.013145338717659,8,0.0012852247245275228,-0.0012852247245275228,1,0,1
1538,medium,False,1.0128200372268412,8,0.0010608481570205663,-0.0010608481570205663,1,0,1
1539,medium,False,1.0095068325416885,8,0.0013867603800427064,-0.0013867603800427064,1,0,1
1540,medium,False,1.009453601596616,8,0.001551515221687283,-0.001551515221687283,1,0,1
1541,medium,False,1.0059263176298767,6,0.0021614486154932777,-0.0021614486154932777,1,0,1
1542,medium,False,1.0047322568607036,8,0.002388147006330499,-0.002388147006330499,1,0,1
1543,medium,False,1.0028546750883087,8,0.003193249655176311,-0.003193249655176311,1,0,1
1544,solid,False,1.0006170148252733,2,0.0012856103419842668,-0.0012856103419842668,0,0,1
1545,solid,False,1.00094425408419,8,0.0008972464851306761,-0.0008972464851306761,0,0,1
1546,solid,False,1.000740737184914,8,0.0006501755319234803,-0.0006501755319234803,0,0,1
1547,solid,False,1.0005556529140631,8,0.0006693742191165031,-0.0006693742191165031,0,0,1
1548,solid,False,1.0003781169944796,8,0.0007610630730775503,-0.0007610630730775503,0,0,1
1549,solid,False,1.0001986985354094,8,0.0009627726826048066,-0.0009627726826048066,0,0,1
1550,solid,False,1.0000289661638282,8,0.001275734550718166,-0.001275734550718166,0,0,1
1551,solid,False,0.9998304454326936,2,0.0017505423125439012,-0.0017505423125439012,0,0,1
1552,solid,False,0.9994649806578852,2,0.002455229037850448,-0.002455229037850448,0,0,1
1553,solid,False,0.9990461152812914,2,0.0032836987986821775,-0.0032836987986821775,0,0,1
1554,solid,False,0.9989583088314656,2,0.0037833217917221384,-0.0037833217917221384,0,0,1
1555,solid,False,0.9985464060914739,8,0.004081690748484634,-0.004081690748484634,0,0,1
1556,solid,False,0.9999283598861564,6,0.0006286698545661107,-0.0006286698545661107,1,0,1
1557,solid,False,0.9939366805292165,0,0.008081647431374073,0.008081647431374073,0,0,1
1558,solid,False,0.9820873373877722,6,0.011775738724527862,-0.011775738724527862,1,0,1
1559,medium,False,0.9819329086059062,0,0.027991544477278696,0.027991544477278696,1,0,1
1560,medium,False,1.006439890585634,2,0.019770802111137353,0.019770802111137353,1,0,1
1561,medium,False,1.017103380271209,2,0.008926993526341631,0.008926993526341631,1,0,1
1562,medium,False,1.0017205950264085,2,0.0065960583166686515,-0.0065960583166686515,0,0,1
1563,medium,False,1.0046596707933975,2,0.008714466368135887,-0.008714466368135887,0,0,1
1564,medium,False,0.987873887991666,2,0.014357892362851177,-0.014357892362851177,0,0,1
1565,medium,False,0.9688469371148716,8,0.018345646928359216,-0.018345646928359216,0,0,1
1566,medium,False,0.9573428872281384,8,0.025536643506834766,-0.025536643506834766,0,0,1
1567,medium,False,0.9494333218191062,8,0.034685696307105274,-0.034685696307105274,0,0,1
1568,medium,False,0.9491627055424656,8,0.04854262017652086,-0.04854262017652086,0,0,1
1569,solid,False,1.0000796033172143,0,0.00044354322309958505,0.00044354322309958505,1,0,1
1570,solid,False,1.0003524582896148,0,0.0003119067066519321,0.0003119067066519321,1,0,1
1571,solid,False,1.000502627544931,8,0.0001364030923859394,-0.0001364030923859394,1,0,1
1572,solid,False,1.0001610976929574,8,0.00048137746971976814,-0.00048137746971976814,1,0,1
1573,solid,False,0.9997150970505756,8,0.000724713464734128,-0.000724713464734128,1,0,1
1574,medium,False,0.9977119522249805,0,0.0017473933455933177,0.0017473933455933177,1,0,1
1575,medium,False,0.9983104540620374,0,0.0012068893050289076,0.0012068893050289076,1,0,1
1576,medium,False,0.9959293541052243,6,0.00015819506214800882,0.00015819506214800882,0,0,1
1577,medium,False,0.9962878944083529,6,0.00041528303663210774,-0.00041528303663210774,1,0,1
1578,medium,False,0.9967760744262102,6,0.0008063478062263572,-0.0008063478062263572,1,0,1
1579,solid,False,1.0003906055436393,8,0.000288066048196145,-0.000288066048196145,1,0,1
1580,solid,False,0.9999473551163849,8,0.0007322577034644395,-0.0007322577034644395,1,0,1
1581,solid,False,0.9997646799634288,8,0.0005629217014183618,-0.0005629217014183618,1,0,1
1582,solid,False,0.9997237258981756,2,0.0002485132832504844,0.0002485132832504844,1,0,1
1583,medium,False,1.0050375648018903,6,0.0015261759615662895,-0.0015261759615662895,1,0,1
1584,medium,False,1.0009347740660917,2,0.0004667288932612146,-0.0004667288932612146,0,0,1
1585,medium,False,0.9989099481499021,2,0.0014392632668277505,0.0014392632668277505,1,0,1
1586,solid,False,0.9995215173624445,6,0.0007064630061086319,0.0007064630061086319,0,0,1
1587,solid,False,0.9996794068438025,6,0.00036704801368196704,0.00036704801368196704,0,0,1
1588,solid,False,0.9998543886109261,0,0.0001887385022433241,0.0001887385022433241,1,0,1
1589,solid,False,0.9998718718188447,0,0.0005894796576528805,0.0005894796576528805,1,0,1
1590,solid,False,0.9999762798559158,6,0.0012811880528678793,0.0012811880528678793,0,0,1
1591,solid,False,0.9999767681038637,0,0.0009206149908977945,0.0009206149908977945,0,0,1
1592,solid,False,1.0002056001429673,6,0.00016856370211879024,0.00016856370211879024,0,0,1
1593,solid,False,1.0000821129481792,6,6.813121077210715e-05,6.813121077210715e-05,0,0,1
1594,solid,False,0.9999461697879299,6,6.306762747843031e-05,-6.306762747843031e-05,1,0,1
1595,solid,False,0.9997901720205,6,9.49392836138152e-05,-9.49392836138152e-05,1,0,1
1596,solid,False,0.9996066606807488,6,0.00014071061879628033,-0.00014071061879628033,1,0,1
1597,solid,False,0.9994355644920064,0,0.0004262261225036479,0.0004262261225036479,1,0,1
1598,medium,False,0.9997859087632703,0,0.0002665388134430735,0.0002665388134430735,1,0,1
1599,medium,False,1.0000376850290633,0,0.0002643650418221455,0.0002643650418221455,1,0,1
1600,medium,False,1.010667209585988,2,0.0007965992594920791,0.0007965992594920791,1,0,1
1601,medium,False,1.0101503378394825,2,0.001218873254557861,0.001218873254557861,1,0,1
1602,medium,False,1.0135118059382517,2,0.0005902378527153835,0.0005902378527153835,1,0,1
1603,medium,False,1.0123879387385757,2,0.0007279289112405024,0.0007279289112405024,1,0,1
1604,medium,False,1.0116896727078464,2,0.0010606664271268773,0.0010606664271268773,1,0,1
1605,medium,False,1.0138460641159492,2,0.0003829928635466495,0.0003829928635466495,1,0,1
1606,medium,False,1.0160248951131359,2,0.00042161312902500026,-0.00042161312902500026,0,0,1
1607,medium,False,1.015017002582649,2,0.0009549726806401537,-0.0009549726806401537,0,0,1
1608,medium,False,1.0154519434529803,2,0.0002213981067589188,-0.0002213981067589188,0,0,1
1609,medium,False,1.015147077191789,2,0.0008854653661903855,-0.0008854653661903855,0,0,1
1610,medium,False,1.0161955248280226,8,0.0002842227908185224,-0.0002842227908185224,0,0,1
1611,medium,False,1.017485188862882,8,0.000466019559414832,-0.000466019559414832,0,0,1
1612,medium,False,1.0171511721346091,8,0.0009251090472027768,-0.0009251090472027768,0,0,1
1613,medium,False,1.0163747493415853,8,0.00031762047192707143,-0.00031762047192707143,1,0,1
1614,medium,False,1.0161672358849263,8,0.0007748664973434849,-0.0007748664973434849,0,0,1
1615,medium,False,1.018110188358378,8,0.0007485887423519522,-0.0007485887423519522,1,0,1
1616,medium,False,1.0146592586821965,8,0.0005098327478908482,-0.0005098327478908482,0,0,1
1617,medium,False,1.016241599059089,8,0.0009829338341214022,-0.0009829338341214022,1,0,1
1618,medium,False,1.015774864975713,8,0.0009705713409604577,-0.0009705713409604577,0,0,1
1619,medium,False,1.013643841603653,8,0.001019942941081875,-0.001019942941081875,1,0,1
1620,medium,False,1.0134536174728064,8,0.0011292717149578024,-0.0011292717149578024,1,0,1
1621,medium,False,1.0110236779246482,8,0.0017145526575901293,-0.0017145526575901293,1,0,1
1622,medium,False,1.0099624357624848,8,0.0018836863841975582,-0.0018836863841975582,1,0,1
1623,medium,False,1.0082868306885884,8,0.0026498189790389315,-0.0026498189790389315,1,0,1
1624,medium,False,1.003067619191677,6,0.0037325222467963215,-0.0037325222467963215,1,0,1
1625,solid,False,1.000265254239106,8,0.0016788671178677994,-0.0016788671178677994,1,0,1
1626,solid,False,1.000413821290753,8,0.0007504400613295159,-0.0007504400613295159,0,0,1
1627,solid,False,1.0002435338082722,8,0.0006501421934986817,-0.0006501421934986817,0,0,1
1628,solid,False,0.9999998769326183,8,0.0007873740532284845,-0.0007873740532284845,0,0,1
1629,solid,False,0.9997546673244158,8,0.0009972115986672803,-0.0009972115986672803,0,0,1
1630,solid,False,0.9993924972425755,2,0.001280561698253968,-0.001280561698253968,0,0,1
1631,solid,False,0.9989368071250714,2,0.001657109943095425,-0.001657109943095425,0,0,1
1632,solid,False,0.9984157984649384,2,0.0021097871965045645,-0.0021097871965045645,0,0,1
1633,solid,False,0.9978376497702722,2,0.0025719029635352664,-0.0025719029635352664,0,0,1
1634,solid,False,0.997135029130011,2,0.003207200885776862,-0.003207200885776862,0,0,1
1635,solid,False,0.9948596769311902,8,0.004220661156170258,-0.004220661156170258,0,0,1
1636,solid,False,0.9890191580876871,8,0.006827240833122694,-0.006827240833122694,1,0,1
1637,solid,False,0.9909531649193328,6,0.005935945043747948,0.005935945043747948,0,0,1
1638,solid,False,0.9880865336649892,0,0.036361178555027074,0.036361178555027074,1,0,1
1639,medium,False,1.021350711941591,0,0.02668246934843954,0.02668246934843954,1,0,1
1640,medium,False,1.0359920601033605,2,0.01579719825879522,0.01579719825879522,1,0,1
1641,medium,False,1.0383699894947847,2,0.005383668882918413,-0.005383668882918413,0,0,1
1642,medium,False,1.0137059837336582,8,0.00864205410370067,-0.00864205410370067,0,0,1
1643,medium,False,1.009408521019069,8,0.010578362714451561,-0.010578362714451561,0,0,1
1644,medium,False,0.978938235705981,8,0.015641243111713332,-0.015641243111713332,0,0,1
1645,medium,False,0.9518488899184976,8,0.018831208163419044,-0.018831208163419044,0,0,1
1646,medium,False,0.9315291780139802,8,0.02432376299925465,-0.02432376299925465,0,0,1
1647,medium,False,0.915179732228626,8,0.030790190894263686,-0.030790190894263686,0,0,1
1648,medium,False,0.9062243389636784,8,0.03987177674516644,-0.03987177674516644,0,0,1
1649,solid,False,0.9997299429615485,0,0.0007192514900040692,0.0007192514900040692,1,0,1
1650,solid,False,1.0001721076512464,0,0.0004753168369370231,0.0004753168369370231,1,0,1
1651,solid,False,1.0005133838496925,0,0.00012514914950656486,0.00012514914950656486,1,0,1
1652,solid,False,1.0003350030834772,8,0.0003292817564250483,-0.0003292817564250483,1,0,1
1653,solid,False,1.000059674310576,8,0.0004656535745312107,-0.0004656535745312107,1,0,1
1654,medium,False,0.9992549902968161,0,0.001831528680072192,0.001831528680072192,1,0,1
1655,medium,False,0.9997136462215671,0,0.001290240150815164,0.001290240150815164,1,0,1
1656,medium,False,0.9967709833446088,6,0.00018932154373774157,0.00018932154373774157,0,0,1
1657,medium,False,0.9972874897926202,6,0.00035762068482171963,-0.00035762068482171963,1,0,1
1658,medium,False,0.9980537560038766,6,0.0007467023622538919,-0.0007467023622538919,1,0,1
1659,solid,False,1.00038879733694,8,0.0008791494661701121,-0.0008791494661701121,1,0,1
1660,solid,False,0.9996897481942791,8,0.0010624849835110806,-0.0010624849835110806,1,0,1
1661,solid,False,0.9987196499122438,6,0.0014602980150936196,-0.0014602980150936196,1,0,1
1662,medium,False,0.9926960576990315,6,0.005821016661440748,-0.005821016661440748,1,0,1
1663,medium,False,0.998494899602087,2,0.002856920475853786,0.002856920475853786,1,0,1
1664,medium,False,0.9961113471242482,2,0.004471685192274588,0.004471685192274588,1,0,1
1665,solid,False,0.9999171577735502,6,0.000701497081319391,-0.000701497081319391,1,0,1
1666,solid,False,0.9999041271121506,6,0.0003942072755240833,-0.0003942072755240833,1,0,1
1667,solid,False,1.0000018490307923,8,4.382517683776399e-05,-4.382517683776399e-05,1,0,1
1668,solid,False,0.9997459844662093,2,0.0003521840140271043,-0.0003521840140271043,0,0,1
1669,solid,False,0.9995641829226474,2,0.0008973082268208081,-0.0008973082268208081,0,0,1
1670,medium,False,1.0017897780803773,6,0.0025602433202070226,0.0025602433202070226,0,0,1
1671,medium,False,1.001431696478701,6,0.002553369901052382,0.002553369901052382,0,0,1
1672,solid,False,1.000047688445386,8,0.0003818031486099889,-0.0003818031486099889,0,0,1
1673,solid,False,1.0000902447905815,8,0.00010631372139912124,-0.00010631372139912124,0,0,1
1674,solid,False,0.9999944460703865,8,0.00010003803399727396,-0.00010003803399727396,1,0,1
1675,solid,False,0.9998692920563534,6,0.00011560726586812287,-0.00011560726586812287,1,0,1
1676,solid,False,0.999814319207627,8,4.289727415196509e-05,-4.289727415196509e-05,1,0,1
1677,solid,False,0.9995158725860666,8,0.00023787892492466156,-0.00023787892492466156,1,0,1
1678,medium,False,0.999328511730697,0,0.0002697277813197285,0.0002697277813197285,1,0,1
1679,medium,False,0.9995925631019799,0,0.00026238288810320753,0.00026238288810320753,1,0,1
1680,medium,False,1.010334380869363,2,0.0008804194831669443,0.0008804194831669443,1,0,1
1681,medium,False,1.009582144659118,2,0.0013191871739627156,0.0013191871739627156,1,0,1
1682,medium,False,1.0129470637800315,2,0.0006761958816747372,0.0006761958816747372,1,0,1
1683,medium,False,1.0121783118426746,2,0.0007867238893915947,0.0007867238893915947,1,0,1
1684,medium,False,1.0107827593847225,2,0.0011348608421076767,0.0011348608421076767,1,0,1
1685,medium,False,1.0137220484975795,2,0.0004153724956830057,0.0004153724956830057,1,0,1
1686,medium,False,1.0157771052646394,2,0.00035630122920216056,-0.00035630122920216056,0,0,1
1687,medium,False,1.0142270554239954,2,0.0009008265002409255,-0.0009008265002409255,0,0,1
1688,medium,False,1.015453075195103,2,0.0001986322615918079,0.0001986322615918079,1,0,1
1689,medium,False,1.0144660094113591,2,0.0008410930757116741,-0.0008410930757116741,0,0,1
1690,medium,False,1.016176733765484,8,0.00023796067036252477,-0.00023796067036252477,0,0,1
1691,medium,False,1.017317718713451,8,0.0004037347983616435,-0.0004037347983616435,0,0,1
1692,medium,False,1.0164974865634553,8,0.0008686034500999806,-0.0008686034500999806,0,0,1
1693,medium,False,1.0164045945755216,8,0.0003340778532676669,-0.0003340778532676669,1,0,1
1694,medium,False,1.0156385096600522,8,0.0007356480096987195,-0.0007356480096987195,0,0,1
1695,medium,False,1.0177029314367114,8,0.0007676952762641909,-0.0007676952762641909,1,0,1
1696,medium,False,1.0143440851363013,8,0.0004930530965600033,-0.0004930530965600033,0,0,1
1697,medium,False,1.0159874674803095,8,0.0010077372349120983,-0.0010077372349120983,1,0,1
1698,medium,False,1.015003803503506,8,0.0009330566023501019,-0.0009330566023501019,0,0,1
1699,medium,False,1.0136329470359857,8,0.0010549540094614285,-0.0010549540094614285,1,0,1
1700,medium,False,1.0128537394358152,8,0.0011546943594259451,-0.0011546943594259451,1,0,1
1701,medium,False,1.0110208048179838,8,0.0017474121127131204,-0.0017474121127131204,1,0,1
1702,medium,False,1.0095512708818828,8,0.0019082107723339403,-0.0019082107723339403,1,0,1
1703,medium,False,1.0074950381275682,8,0.002672597232733942,-0.002672597232733942,1,0,1
1704,medium,False,1.003288115541474,6,0.0037653635914727257,-0.0037653635914727257,1,0,1
1705,solid,False,1.0006577515027748,8,0.001132833270452771,-0.001132833270452771,1,0,1
1706,solid,False,1.0002896315541114,8,0.0010977169794501584,-0.0010977169794501584,1,0,1
1707,solid,False,0.9999395871366928,8,0.0005876034129183028,-0.0005876034129183028,0,0,1
1708,solid,False,0.9995865883619421,8,0.0007719761407003478,-0.0007719761407003478,0,0,1
1709,solid,False,0.9992339213345229,2,0.0009298176357914745,-0.0009298176357914745,0,0,1
1710,solid,False,0.9987612708289488,2,0.0010898200124651591,-0.0010898200124651591,0,0,1
1711,solid,False,0.9982773153541146,2,0.0012534769458737438,-0.0012534769458737438,0,0,1
1712,solid,False,0.9977564569203621,2,0.001394819232493072,-0.001394819232493072,0,0,1
1713,solid,False,0.9971698489933891,2,0.0014611717200384566,-0.0014611717200384566,0,0,1
1714,solid,False,0.9963259928262812,2,0.0015235313901520442,-0.0015235313901520442,0,0,1
1715,solid,False,0.9938565549818852,8,0.0023705312840298642,-0.0023705312840298642,0,0,1
1716,solid,False,0.9865117758672254,8,0.007654972402317939,-0.007654972402317939,0,0,1
1717,solid,False,0.9552465479787097,8,0.043919787011376,-0.043919787011376,0,0,1
1718,solid,False,0.9801123651578492,2,0.020855089379534175,-0.020855089379534175,0,0,1
1719,solid,False,1.0106979177584143,2,0.009431504230221543,-0.009431504230221543,0,0,1
1720,medium,False,1.0061465355421422,0,0.026610258504876638,0.026610258504876638,1,0,1
1721,medium,False,1.0169182581196619,0,0.01623101676762362,0.01623101676762362,0,0,1
1722,medium,False,1.002269199551568,0,0.010450309874958874,0.010450309874958874,0,0,1
1723,medium,False,1.00596565121317,0,0.009054185698294859,0.009054185698294859,1,0,1
1724,medium,False,0.9863697965599917,0,0.004054323046694952,0.004054323046694952,1,0,1
1725,medium,False,0.963721642078019,2,0.004636148974717813,-0.004636148974717813,0,0,1
1726,medium,False,0.9430100427506742,8,0.011346756204592634,-0.011346756204592634,0,0,1
1727,medium,False,0.9253626118708319,8,0.018465135030567514,-0.018465135030567514,0,0,1
1728,medium,False,0.9139403311942689,8,0.027105455472398163,-0.027105455472398163,0,0,1
1729,medium,False,0.9412022131408754,8,0.055087863627355266,-0.055087863627355266,0,0,1
1730,solid,False,0.9999948591574098,0,0.0007579406018830559,0.0007579406018830559,1,0,1
1731,solid,False,1.000405569457466,0,0.0004951544581054401,0.0004951544581054401,1,0,1
1732,solid,False,1.000587719389707,6,0.00020875892895427794,-0.00020875892895427794,1,0,1
1733,solid,False,1.0000787898176335,6,0.0006817292338735514,-0.0006817292338735514,1,0,1
1734,solid,False,0.9996001635376931,8,0.000734086956739266,-0.000734086956739266,1,0,1
1735,medium,False,0.9981940997846976,0,0.0021184498019585773,0.0021184498019585773,1,0,1
1736,medium,False,0.9954246542576264,0,0.0006663666357918513,0.0006663666357918513,1,0,1
1737,medium,False,0.9970505250162941,0,0.0006977751197931453,0.0006977751197931453,0,0,1
1738,medium,False,0.9991277117702048,6,0.0010046385453518422,0.0010046385453518422,0,0,1
1739,solid,False,1.0005794574179594,8,0.0011519947918640638,-0.0011519947918640638,1,0,1
1740,solid,False,0.9997581425156055,6,0.0012036563033272218,-0.0012036563033272218,1,0,1
1741,solid,False,0.9978567018633034,8,0.002680789127727068,-0.002680789127727068,1,0,1
1742,medium,False,0.9956117914306635,8,0.0030243947830181916,-0.0030243947830181916,1,0,1
1743,medium,False,0.9975485855454177,2,0.0057617882200713955,0.0057617882200713955,1,0,1
1744,solid,False,1.0001437663812223,6,0.0011163125223995762,0.0011163125223995762,0,0,1
1745,solid,False,1.0001357612671309,6,0.00044378852747750663,-0.00044378852747750663,1,0,1
1746,solid,False,0.9999136931277021,8,0.00014128072175989548,-0.00014128072175989548,1,0,1
1747,solid,False,0.9995358335373657,2,0.0004446053656058692,-0.0004446053656058692,0,0,1
1748,solid,False,0.9992163175281398,2,0.0007581685293294449,-0.0007581685293294449,0,0,1
1749,medium,False,0.9997628643855812,6,0.001503964229952772,0.001503964229952772,0,0,1
1750,medium,False,1.0039028176806284,0,0.0007446566189203505,0.0007446566189203505,0,0,1
1751,medium,False,1.00370297385062,0,0.000738243534164091,0.000738243534164091,0,0,1
1752,medium,False,0.9999898032140547,0,0.001291700747061645,0.001291700747061645,0,0,1
1753,solid,False,1.0001503796819873,8,6.793939152438533e-05,-6.793939152438533e-05,1,0,1
1754,solid,False,1.00002327994511,8,0.00017186296583537874,-0.00017186296583537874,1,0,1
1755,solid,False,0.9999371031244126,6,0.0001054444087689177,-0.0001054444087689177,1,0,1
1756,solid,False,0.9998363369738374,6,5.945827541542492e-05,-5.945827541542492e-05,1,0,1
1757,solid,False,0.9997339418837655,6,0.00011760525223513535,0.00011760525223513535,0,0,1
1758,solid,False,0.9995882874048978,0,0.00030545470861076396,0.00030545470861076396,1,0,1
1759,medium,False,0.9998843893960987,0,0.00025840649876585076,0.00025840649876585076,1,0,1
1760,medium,False,1.010130635239249,0,0.0009646749326940735,0.0009646749326940735,1,0,1
1761,medium,False,1.009150439773473,2,0.0014231029241799868,0.0014231029241799868,1,0,1
1762,medium,False,1.012555273202122,2,0.0007649682354809745,0.0007649682354809745,1,0,1
1763,medium,False,1.0121333240252004,2,0.0008506935039258555,0.0008506935039258555,1,0,1
1764,medium,False,1.0100248013311803,2,0.001217153167301581,0.001217153167301581,1,0,1
1765,medium,False,1.0137848203798903,2,0.0004549693605108013,0.0004549693605108013,1,0,1
1766,medium,False,1.0157446890651942,2,0.00028070506696076247,-0.00028070506696076247,0,0,1
1767,medium,False,1.0136417712226533,2,0.0008418900045464861,-0.0008418900045464861,0,0,1
1768,medium,False,1.0156839015224703,2,0.00021830553034785094,0.00021830553034785094,1,0,1
1769,medium,False,1.0140137575852457,2,0.0007864308253600072,-0.0007864308253600072,0,0,1
1770,medium,False,1.016441674497933,8,0.0001701393955224617,-0.0001701393955224617,0,0,1
1771,medium,False,1.017470287349843,8,0.00031964578314058745,-0.00031964578314058745,0,0,1
1772,medium,False,1.0161684607822221,2,0.000794936601018037,-0.000794936601018037,0,0,1
1773,medium,False,1.0167966581681545,8,0.0003248260308678641,-0.0003248260308678641,1,0,1
1774,medium,False,1.0154919465615848,8,0.0006722735393074331,-0.0006722735393074331,0,0,1
1775,medium,False,1.0177459110370668,8,0.0007549542591646086,-0.0007549542591646086,1,0,1
1776,medium,False,1.01447332034067,8,0.00044331813507736406,-0.00044331813507736406,0,0,1
1777,medium,False,1.016250202302884,8,0.0009929272423720992,-0.0009929272423720992,1,0,1
1778,medium,False,1.0147877573487127,8,0.0008631962023177842,-0.0008631962023177842,0,0,1
1779,medium,False,1.0142196155111722,8,0.0010399207192735016,-0.0010399207192735016,1,0,1
1780,medium,False,1.0129038717541337,8,0.0011241594978217417,-0.0011241594978217417,1,0,1
1781,medium,False,1.0117176262407572,8,0.0017221785356730246,-0.0017221785356730246,1,0,1
1782,medium,False,1.009895728043513,8,0.0018686247553504343,-0.0018686247553504343,1,0,1
1783,medium,False,1.0075186857774796,8,0.002629293843170677,-0.002629293843170677,1,0,1
1784,medium,False,1.0042968339853673,6,0.0037334895975831284,-0.0037334895975831284,1,0,1
1785,solid,False,1.0001588312842553,6,0.0024940140102354125,-0.0024940140102354125,1,0,1
1786,solid,False,1.0001220194140632,8,0.000491734726924653,-0.000491734726924653,1,0,1
1787,solid,False,0.9994788039770595,8,0.0006763344863465193,-0.0006763344863465193,0,0,1
1788,solid,False,0.9990780799368095,8,0.0007936256795033625,-0.0007936256795033625,0,0,1
1789,solid,False,0.9986613791760465,2,0.0008468230300330282,-0.0008468230300330282,0,0,1
1790,solid,False,0.9982236465380567,2,0.0008406788550223698,-0.0008406788550223698,0,0,1
1791,solid,False,0.9978011864115454,2,0.0007848014330911202,-0.0007848014330911202,0,0,1
1792,solid,False,0.9973971946098175,2,0.0006382086962579692,-0.0006382086962579692,0,0,1
1793,solid,False,0.9970341375189807,2,0.0003108144160163251,-0.0003108144160163251,0,0,1
1794,solid,False,0.9957606269100866,6,0.000569161621446046,0.000569161621446046,0,0,1
1795,solid,False,0.9927353079824004,6,0.002615251768201432,0.002615251768201432,0,0,1
1796,solid,False,0.9844315459612587,6,0.009634721392574486,0.009634721392574486,0,0,1
1797,medium,False,0.8111854424896162,8,0.14202221356153033,-0.14202221356153033,0,0,1
1798,solid,False,0.981059070982964,0,0.009299094145470477,0.009299094145470477,1,0,1
1799,solid,False,0.9902226844441577,2,0.013477086183266263,-0.013477086183266263,0,0,1
1800,solid,False,0.9908190642390323,8,0.025261736281432356,-0.025261736281432356,0,0,1
1801,solid,False,0.9992263037200952,0,0.008904841947183773,0.008904841947183773,1,0,1
1802,medium,False,0.9758976318612902,0,0.03401347801218002,0.03401347801218002,0,0,1
1803,medium,False,0.9876936694309042,0,0.03366490089819385,0.03366490089819385,0,0,1
1804,medium,False,0.9708780760220876,0,0.022387611468895674,0.022387611468895674,0,0,1
1805,medium,False,0.9572432654822433,0,0.014563202490493754,0.014563202490493754,0,0,1
1806,medium,False,0.9492156948817703,0,0.00607783111558674,0.00607783111558674,0,0,1
1807,medium,False,0.9423632679431787,8,0.0022673745226907682,-0.0022673745226907682,0,0,1
1808,medium,False,0.9297265075158321,8,0.011302727073168914,-0.011302727073168914,0,0,1
1809,medium,False,0.9483036947725023,8,0.031899023125363773,-0.031899023125363773,0,0,1
1810,medium,False,0.9473774754846093,8,0.04883925725289108,-0.04883925725289108,0,0,1
1811,solid,False,1.0001628620945602,0,0.0013687460005431529,0.0013687460005431529,1,0,1
1812,solid,False,1.000712177656284,6,0.0006133273875166146,0.0006133273875166146,0,0,1
1813,solid,False,1.0003573269398005,6,0.0004728570668131038,-0.0004728570668131038,1,0,1
1814,solid,False,0.9995523835532882,8,0.0008351630104500019,-0.0008351630104500019,1,0,1
1815,solid,False,0.9996319229236293,6,0.0004138530069176787,0.0004138530069176787,0,0,1
1816,medium,False,0.9940935101380411,0,0.0015259572444879521,0.0015259572444879521,1,0,1
1817,medium,False,0.9966771655687088,0,0.001270599981920242,0.001270599981920242,1,0,1
1818,medium,False,0.9999190474272189,0,0.0013633878117009363,0.0013633878117009363,0,0,1
1819,solid,False,1.0005736616874417,8,0.001601407316160458,-0.001601407316160458,1,0,1
1820,solid,False,0.9994086236615463,6,0.0017144739863790281,-0.0017144739863790281,1,0,1
1821,solid,False,0.9987683302170727,6,0.0011918750389903199,-0.0011918750389903199,1,0,1
1822,solid,False,0.9995540922296702,0,0.0008813851065490597,0.0008813851065490597,1,0,1
1823,solid,False,0.9998517728339871,2,0.002565047940936427,-0.002565047940936427,0,0,1
1824,solid,False,0.9999769169541556,8,0.000807867023338793,-0.000807867023338793,1,0,1
1825,solid,False,0.9997236871146953,8,0.0004510276067858504,-0.0004510276067858504,0,0,1
1826,solid,False,0.9993241342710815,2,0.0006066009602955641,-0.0006066009602955641,0,0,1
1827,solid,False,0.998822437508352,2,0.0008206806665735505,-0.0008206806665735505,0,0,1
1828,medium,False,0.9992446950625661,6,0.0011865091131594424,0.0011865091131594424,0,0,1
1829,medium,False,1.000757252918613,6,0.0007939413082422436,0.0007939413082422436,0,0,1
1830,medium,False,1.0041751396382526,0,0.00023968402077167994,0.00023968402077167994,1,0,1
1831,medium,False,1.0040945674720403,0,0.00023328043836445822,0.00023328043836445822,1,0,1
1832,medium,False,1.0010709255769394,0,0.0005926262379326724,0.0005926262379326724,0,0,1
1833,medium,False,1.0001031947234975,0,0.0007867949139921254,0.0007867949139921254,0,0,1
1834,solid,False,0.9998997087349091,8,0.0003228303883540118,-0.0003228303883540118,1,0,1
1835,solid,False,0.9999168970872723,8,0.000123500139653121,-0.000123500139653121,1,0,1
1836,solid,False,0.9998910443819391,8,8.783003140799828e-05,-8.783003140799828e-05,1,0,1
1837,solid,False,0.9998914824216993,6,6.578901384460267e-06,6.578901384460267e-06,0,0,1
1838,solid,False,0.9998142117712733,0,0.00012576849365464327,0.00012576849365464327,1,0,1
1839,solid,False,0.9998080713673831,0,0.00016267132122838035,0.00016267132122838035,1,0,1
1840,medium,False,1.00812337238308,0,0.0010341845145587988,0.0010341845145587988,1,0,1
1841,medium,False,1.0068963679396439,2,0.0014871000477401745,0.0014871000477401745,1,0,1
1842,medium,False,1.010355547619693,2,0.0007946956652227562,0.0007946956652227562,1,0,1
1843,medium,False,1.010242840757549,2,0.0008322993928809696,0.0008322993928809696,1,0,1
1844,medium,False,1.0073163636747569,2,0.0011908197510426058,0.0011908197510426058,1,0,1
1845,medium,False,1.0118646721022255,2,0.00036432356475521455,0.00036432356475521455,1,0,1
1846,medium,False,1.0136329825571548,2,0.00014624180701450218,-0.00014624180701450218,0,0,1
1847,medium,False,1.0108101019767008,2,0.0007155065524964144,-0.0007155065524964144,0,0,1
1848,medium,False,1.0135000269733727,0,3.416386659871318e-05,3.416386659871318e-05,0,0,1
1849,medium,False,1.0109553566429321,2,0.0006434782580584386,-0.0006434782580584386,0,0,1
1850,medium,False,1.0136159329095047,6,0.0002780082314018384,-0.0002780082314018384,1,0,1
1851,medium,False,1.0142606075844791,8,0.0006098793127367053,-0.0006098793127367053,1,0,1
1852,medium,False,1.0121353612062503,8,0.0006005513840525722,-0.0006005513840525722,0,0,1
1853,medium,False,1.012981007819574,6,0.0007203983770229239,-0.0007203983770229239,1,0,1
1854,medium,False,1.0108095669154067,8,0.0005426259784458987,-0.0005426259784458987,1,0,1
1855,medium,False,1.012808568957873,8,0.0012457533593968062,-0.0012457533593968062,1,0,1
1856,medium,False,1.009040346899726,8,0.0007068891483686945,-0.0007068891483686945,1,0,1
1857,medium,False,1.010384977447249,8,0.0015966449689016615,-0.0015966449689016615,1,0,1
1858,medium,False,1.0077751473340655,8,0.0013742529719968921,-0.0013742529719968921,1,0,1
1859,medium,False,1.0070197621742052,6,0.0017834210879145163,-0.0017834210879145163,1,0,1
1860,medium,False,1.0046060204742318,8,0.0019277261362876663,-0.0019277261362876663,1,0,1
1861,medium,False,1.0028697573724885,6,0.002596382479010284,-0.002596382479010284,1,0,1
1862,medium,False,1.000042708722513,8,0.002810800085407017,-0.002810800085407017,1,0,1
1863,solid,False,0.9996521636074225,8,0.0004854485753733595,-0.0004854485753733595,0,0,1
1864,solid,False,0.998829742903236,2,0.0019484947065526725,0.0019484947065526725,1,0,1
1865,solid,False,0.9997144917571126,8,0.0013239741320384413,-0.0013239741320384413,0,0,1
1866,solid,False,0.9991669979198323,8,0.0011041530171901348,-0.0011041530171901348,0,0,1
1867,solid,False,0.9988109316566699,8,0.0008983890223400737,-0.0008983890223400737,0,0,1
1868,solid,False,0.9984552132436082,8,0.0008497055231866391,-0.0008497055231866391,0,0,1
1869,solid,False,0.9980584003256552,2,0.0008202372555361492,-0.0008202372555361492,0,0,1
1870,solid,False,0.9976992350999698,2,0.0007072208585310324,-0.0007072208585310324,0,0,1
1871,solid,False,0.9974330925753155,2,0.000409449681737728,-0.000409449681737728,0,0,1
1872,solid,False,0.9971156982796492,2,0.00039614592091163914,0.00039614592091163914,1,0,1
1873,solid,False,0.9965209530526851,6,0.000379092567765138,0.000379092567765138,0,0,1
1874,solid,False,0.9945322904272788,6,0.0014886800466500372,-0.0014886800466500372,1,0,1
1875,solid,False,0.9918428079168299,6,0.002868508440290629,-0.002868508440290629,1,0,1
1876,medium,False,0.9150721034254174,8,0.07631480747051944,-0.07631480747051944,0,0,1
1877,medium,False,0.7878435392876227,8,0.02894277094738429,-0.02894277094738429,0,0,1
1878,medium,False,0.9092112229101236,8,0.07383652023190168,-0.07383652023190168,0,0,1
1879,solid,False,0.982298404676666,0,0.013109459113914479,0.013109459113914479,1,0,1
1880,solid,False,0.9973678540233907,8,0.0017208760842821746,-0.0017208760842821746,1,0,1
1881,solid,False,0.9993212854922043,8,0.008553924628208476,-0.008553924628208476,0,0,1
1882,solid,False,0.9978596262588599,8,0.008653675985797527,-0.008653675985797527,0,0,1
1883,solid,False,1.0000659331644197,0,0.0026971886818447643,0.0026971886818447643,1,0,1
1884,medium,False,0.9540103217063278,0,0.04432804868021417,0.04432804868021417,0,0,1
1885,medium,False,0.9452053684792827,0,0.03451985219896209,0.03451985219896209,0,0,1
1886,medium,False,0.9399562571008324,0,0.024259594459493217,0.024259594459493217,0,0,1
1887,medium,False,0.9386678428308877,0,0.014562164416335843,0.014562164416335843,0,0,1
1888,medium,False,0.9444749863392637,0,0.004767443211232937,0.004767443211232937,0,0,1
1889,medium,False,0.9665718037270582,8,0.012422639119866075,-0.012422639119866075,1,0,1
1890,medium,False,0.9653142699406866,8,0.03004825769020647,-0.03004825769020647,1,0,1
1891,medium,False,0.957395063831032,8,0.05039738828440454,-0.05039738828440454,1,0,1
1892,solid,False,1.0003795956278632,8,0.001761437385787601,-0.001761437385787601,1,0,1
1893,solid,False,1.000554410162621,8,0.00037749081077391444,-0.00037749081077391444,0,0,1
1894,solid,False,0.9997983094050227,8,0.0005700253931008037,-0.0005700253931008037,0,0,1
1895,solid,False,0.9976120206260762,8,0.001819093011691142,-0.001819093011691142,1,0,1
1896,medium,False,0.9943984783738016,0,0.0022178150368883376,0.0022178150368883376,1,0,1
1897,medium,False,0.9978141247209058,0,0.0019837484890286436,0.0019837484890286436,1,0,1
1898,medium,False,1.0020592762279932,0,0.001632677802626257,0.001632677802626257,1,0,1
1899,solid,False,0.9997524567019026,6,0.003670436494400936,-0.003670436494400936,1,0,1
1900,solid,False,1.0000320281022983,6,0.0012366136881848955,-0.0012366136881848955,1,0,1
1901,solid,False,1.0001012230422408,8,0.0006184132112779794,-0.0006184132112779794,1,0,1
1902,solid,False,0.9997034084690747,2,0.0006423189778295146,0.0006423189778295146,1,0,1
1903,solid,False,0.9998655051104118,2,0.00033852669213757514,0.00033852669213757514,1,0,1
1904,solid,False,0.9994208307242103,8,0.0005956188095020964,-0.0005956188095020964,1,0,1
1905,solid,False,0.9990217369902684,8,0.0007045148767828024,-0.0007045148767828024,0,0,1
1906,solid,False,0.9985764420785843,2,0.0007949600415067537,-0.0007949600415067537,0,0,1
1907,medium,False,0.9986456035068915,6,0.0010256872460231714,0.0010256872460231714,0,0,1
1908,medium,False,0.9997735931032841,6,0.0006305228406502661,0.0006305228406502661,0,0,1
1909,medium,False,1.0010139997393244,6,0.0002554234509773434,0.0002554234509773434,0,0,1
1910,medium,False,1.0033285649753403,2,0.00044035699157624064,-0.00044035699157624064,0,0,1
1911,medium,False,1.0033311038093198,2,0.00044118645859408945,-0.00044118645859408945,0,0,1
1912,medium,False,1.0013477711032628,0,0.0003880566862766166,0.0003880566862766166,1,0,1
1913,medium,False,1.0006455551120088,0,0.00033482114002736374,0.00033482114002736374,1,0,1
1914,solid,False,0.9999844296342719,6,7.798795007421533e-05,7.798795007421533e-05,0,0,1
1915,solid,False,0.9999204045590255,8,0.00017156961305220264,-0.00017156961305220264,1,0,1
1916,solid,False,0.9999033814503933,8,8.336528296237766e-05,-8.336528296237766e-05,1,0,1
1917,solid,False,0.9999106063546163,8,2.4871340355420157e-05,-2.4871340355420157e-05,0,0,1
1918,solid,False,0.9998801088126309,2,6.079158856953093e-05,6.079158856953093e-05,1,0,1
1919,solid,False,0.9998927898261907,0,6.50559373083226e-05,6.50559373083226e-05,1,0,1
1920,medium,False,1.0064910964953613,0,0.001115797583353173,0.001115797583353173,1,0,1
1921,medium,False,1.0050162946813037,2,0.001570103980796253,0.001570103980796253,1,0,1
1922,medium,False,1.0085843947105668,2,0.0008457928738560383,0.0008457928738560383,1,0,1
1923,medium,False,1.0087762213231812,0,0.0008415772100586951,0.0008415772100586951,1,0,1
1924,medium,False,1.0050576720356728,2,0.001200025219923264,0.001200025219923264,1,0,1
1925,medium,False,1.0104281058889577,0,0.0003117959272761345,0.0003117959272761345,1,0,1
1926,medium,False,1.0120615776481827,8,5.016960498571699e-05,-5.016960498571699e-05,0,0,1
1927,medium,False,1.0085793748229865,2,0.0006416387069384522,-0.0006416387069384522,0,0,1
1928,medium,False,1.0118047875463014,6,0.00013167579626482961,0.00013167579626482961,0,0,1
1929,medium,False,1.0086134536549884,2,0.0005640407063511876,-0.0005640407063511876,0,0,1
1930,medium,False,1.011565602750154,6,0.000466998094163118,-0.000466998094163118,1,0,1
1931,medium,False,1.0119894669653777,6,0.0008225658166682859,-0.0008225658166682859,1,0,1
1932,medium,False,1.009174547159026,8,0.0005173547177590443,-0.0005173547177590443,1,0,1
1933,medium,False,1.0103386296216004,6,0.0010003121750004618,-0.0010003121750004618,1,0,1
1934,medium,False,1.0074439954602274,8,0.0008379898900212623,-0.0008379898900212623,1,0,1
1935,medium,False,1.0093640403872162,8,0.0015890713320820815,-0.0015890713320820815,1,0,1
1936,medium,False,1.005219347640765,8,0.0010821641602293264,-0.0010821641602293264,1,0,1
1937,medium,False,1.0062235352055842,6,0.0020150469837389995,-0.0020150469837389995,1,0,1
1938,medium,False,1.0027884726871934,8,0.0018247065074978863,-0.0018247065074978863,1,0,1
1939,medium,False,1.002157062919625,6,0.0022926389288739912,-0.0022926389288739912,1,0,1
1940,medium,False,0.9988016591427568,8,0.0024656214665573772,-0.0024656214665573772,1,0,1
1941,solid,False,0.9989832019127501,2,0.0011139596560374443,-0.0011139596560374443,0,0,1
1942,solid,False,0.9990830453078079,2,0.0010318857435325235,-0.0010318857435325235,0,0,1
1943,solid,False,0.9989118772314737,2,0.0012818324253602853,-0.0012818324253602853,0,0,1
1944,solid,False,0.9988432833702319,2,0.0008770959938597667,-0.0008770959938597667,0,0,1
1945,solid,False,0.9990294011392374,8,0.0008505442621786763,-0.0008505442621786763,0,0,1
1946,solid,False,0.9984867171313815,8,0.0009704794554956653,-0.0009704794554956653,0,0,1
1947,solid,False,0.9980844084155127,8,0.0009733778925535841,-0.0009733778925535841,0,0,1
1948,solid,False,0.9977378946812919,8,0.0008881972223621082,-0.0008881972223621082,0,0,1
1949,solid,False,0.9974698514299117,2,0.0007474327232908085,-0.0007474327232908085,0,0,1
1950,solid,False,0.9969659373076867,2,0.0008605845639313436,-0.0008605845639313436,0,0,1
1951,solid,False,0.9966894778415449,8,0.0005699251258428628,-0.0005699251258428628,0,0,1
1952,solid,False,0.9966125519675967,0,0.0006065221263273912,0.0006065221263273912,1,0,1
1953,solid,False,0.9961325920915448,6,0.0007653530776656758,-0.0007653530776656758,1,0,1
1954,solid,False,0.9937085023746312,6,0.002806401298580896,-0.002806401298580896,1,0,1
1955,medium,False,0.9404573487826606,2,0.05478701766775018,-0.05478701766775018,0,0,1
1956,medium,False,0.8845686430113386,2,0.03556252528489845,-0.03556252528489845,0,0,1
1957,medium,False,0.7797536859123174,2,0.014316512982196494,-0.014316512982196494,0,0,1
1958,medium,False,0.8832849460144754,8,0.03552533598418478,-0.03552533598418478,0,0,1
1959,medium,False,0.9365033644661395,8,0.05410166908733571,-0.05410166908733571,0,0,1
1960,solid,False,0.9901542867431732,0,0.006481769280052285,0.006481769280052285,1,0,1
1961,solid,False,0.9988195268054845,2,0.001433260537692993,0.001433260537692993,1,0,1
1962,solid,False,0.9994550548497947,8,0.0022286221107588045,-0.0022286221107588045,1,0,1
1963,solid,False,1.0000901169589345,8,0.0026991058583172856,-0.0026991058583172856,0,0,1
1964,solid,False,1.0007603958784506,8,0.0013747851852973225,-0.0013747851852973225,0,0,1
1965,medium,False,0.9549047015963958,0,0.0424717424404239,0.0424717424404239,0,0,1
1966,medium,False,0.9419613408599483,0,0.02914747312255775,0.02914747312255775,0,0,1
1967,medium,False,0.9318139365906892,0,0.01775732285233926,0.01775732285233926,0,0,1
1968,medium,False,0.9276490544525721,0,0.007546435522674018,0.007546435522674018,0,0,1
1969,medium,False,0.9399600832514083,8,0.009116828505363661,-0.009116828505363661,1,0,1
1970,medium,False,0.9317996911106069,8,0.023165492144194277,-0.023165492144194277,1,0,1
1971,medium,False,0.922184194628083,8,0.03881454781410165,-0.03881454781410165,1,0,1
1972,solid,False,0.99941354890763,0,0.0015493796789107228,0.0015493796789107228,0,0,1
1973,solid,False,1.0008616782993884,6,0.0004999437530552042,0.0004999437530552042,0,0,1
1974,solid,False,1.0002586061915537,6,0.0005285691697833883,0.0005285691697833883,0,0,1
1975,solid,False,0.9987265756481593,6,0.0010695761083714395,0.0010695761083714395,0,0,1
1976,solid,False,0.9967369183553781,0,0.003025777114840339,0.003025777114840339,0,0,1
1977,solid,False,0.9982883023289214,6,0.0015782055421078023,0.0015782055421078023,0,0,1
1978,solid,False,0.9995763997145197,2,0.0017507121930688428,0.0017507121930688428,1,0,1
1979,solid,False,1.000422376244087,8,0.0016567649834545867,-0.0016567649834545867,1,0,1
1980,solid,False,1.0001658763618813,8,0.0012361200280852913,-0.0012361200280852913,1,0,1
1981,solid,False,1.000182296497109,8,0.00026756034625846636,-0.00026756034625846636,1,0,1
1982,solid,False,0.9997923323864059,2,0.00032595927584933015,0.00032595927584933015,1,0,1
1983,solid,False,0.9994771174736671,2,0.0003391239202351626,-0.0003391239202351626,0,0,1
1984,solid,False,0.9986305223859823,8,0.0006273342024921691,-0.0006273342024921691,1,0,1
1985,solid,False,0.9983368508698623,2,0.0005324593228470675,-0.0005324593228470675,0,0,1
1986,medium,False,0.9982572836812477,6,0.0009664839157820793,0.0009664839157820793,0,0,1
1987,medium,False,0.9990416193121439,6,0.0005413608604430409,0.0005413608604430409,0,0,1
1988,medium,False,0.9998394480320518,6,0.00020569170796225222,-0.00020569170796225222,1,0,1
1989,medium,False,1.0005660766155484,8,0.00019724987211078293,-0.00019724987211078293,0,0,1
1990,medium,False,1.0019988923869614,2,0.0008618188151498507,-0.0008618188151498507,0,0,1
1991,medium,False,1.0020301519780788,2,0.0008581404898423406,-0.0008581404898423406,0,0,1
1992,medium,False,1.000674760243576,2,0.00036329782122146437,-0.00036329782122146437,0,0,1
1993,medium,False,1.0003376331846103,2,0.00029105833905229694,0.00029105833905229694,1,0,1
1994,medium,False,0.9996410711559449,0,0.00043292585463605704,0.00043292585463605704,1,0,1
1995,solid,False,0.9999080453140251,8,0.00015259106061149552,-0.00015259106061149552,1,0,1
1996,solid,False,0.9998943025226452,8,8.01789782378659e-05,-8.01789782378659e-05,1,0,1
1997,solid,False,0.9999074508703276,2,3.644975139255324e-05,-3.644975139255324e-05,0,0,1
1998,solid,False,0.9998807700059261,2,3.636711211435495e-05,-3.636711211435495e-05,0,0,1
1999,solid,False,0.9999019668355675,2,1.7106276630318717e-05,1.7106276630318717e-05,1,0,1
2000,medium,False,1.0046962479600217,0,0.0012018728819151586,0.0012018728819151586,1,0,1
2001,medium,False,1.0029567067229281,2,0.0016563733613355336,0.0016563733613355336,1,0,1
2002,medium,False,1.0066775140350666,2,0.0008972325896394288,0.0008972325896394288,1,0,1
2003,medium,False,1.0071416386229404,0,0.0008500410704579513,0.0008500410704579513,1,0,1
2004,medium,False,1.002633724618769,2,0.0012076305625880537,0.0012076305625880537,1,0,1
2005,medium,False,1.0088365643915906,0,0.0002541166143362611,0.0002541166143362611,1,0,1
2006,medium,False,1.0103100111364816,6,0.00011308313624192046,-0.00011308313624192046,1,0,1
2007,medium,False,1.0062171751165172,2,0.0005838732331950869,-0.0005838732331950869,0,0,1
2008,medium,False,1.0099776579745172,6,0.00025766669100729667,-0.00025766669100729667,1,0,1
2009,medium,False,1.0061311968371254,2,0.0005019973656918975,-0.0005019973656918975,0,0,1
2010,medium,False,1.0093978963168275,6,0.0006692065914496448,-0.0006692065914496448,1,0,1
2011,medium,False,1.0095151968626188,6,0.001050167087958076,-0.001050167087958076,1,0,1
2012,medium,False,1.0060521958718749,8,0.0007603249971033232,-0.0007603249971033232,1,0,1
2013,medium,False,1.0075489200560557,6,0.0012972541737050203,-0.0012972541737050203,1,0,1
2014,medium,False,1.003879927385819,8,0.001148381090621431,-0.001148381090621431,1,0,1
2015,medium,False,1.005658052660709,6,0.0019503945891713448,-0.0019503945891713448,1,0,1
2016,medium,False,1.0011334711965996,6,0.0014733373884513457,-0.0014733373884513457,1,0,1
2017,medium,False,1.0018234824121808,6,0.002452066465408742,-0.002452066465408742,1,0,1
2018,medium,False,0.9975339327943475,8,0.0022895086051613056,-0.0022895086051613056,1,0,1
2019,solid,False,0.9980289754109464,2,0.001740295049201812,-0.001740295049201812,0,0,1
2020,solid,False,0.9987894517815709,8,0.0005674116590774769,-0.0005674116590774769,0,0,1
2021,solid,False,0.9986035228073902,2,0.0009132109845690906,-0.0009132109845690906,0,0,1
2022,solid,False,0.9986056938892467,2,0.0009359056781749198,-0.0009359056781749198,0,0,1
2023,solid,False,0.9985229781244213,2,0.0008746869351651254,-0.0008746869351651254,0,0,1
2024,solid,False,0.9984379095371,2,0.0007805743242932373,-0.0007805743242932373,0,0,1
2025,solid,False,0.9983294256642719,8,0.0007227876999676974,-0.0007227876999676974,0,0,1
2026,solid,False,0.997849754361724,8,0.0007865749098555641,-0.0007865749098555641,0,0,1
2027,solid,False,0.997520949460135,8,0.0007778683686838761,-0.0007778683686838761,0,0,1
2028,solid,False,0.9969881111029968,8,0.0010016358415310123,-0.0010016358415310123,0,0,1
2029,solid,False,0.9965099377364633,8,0.0008602023053738694,-0.0008602023053738694,0,0,1
2030,solid,False,0.9963812584766232,2,0.0007890692194272297,0.0007890692194272297,1,0,1
2031,solid,False,0.995062579747329,8,0.0014338832733570284,-0.0014338832733570284,0,0,1
2032,solid,False,0.9933277552797657,2,0.003167220655178604,-0.003167220655178604,0,0,1
2033,solid,False,0.9945551741817193,6,0.0036417236928159014,-0.0036417236928159014,1,0,1
2034,medium,False,0.9537386094876564,2,0.04277361226889298,-0.04277361226889298,0,0,1
2035,medium,False,0.91389219223371,2,0.030760667411830256,-0.030760667411830256,0,0,1
2036,medium,False,0.8693802685962315,2,0.020890473029949286,-0.020890473029949286,0,0,1
2037,medium,False,0.7781404700584604,2,0.007853871599022677,-0.007853871599022677,0,0,1
2038,medium,False,0.8704008437974766,8,0.021024484938032106,-0.021024484938032106,0,0,1
2039,medium,False,0.9138153887023025,8,0.030793951227738092,-0.030793951227738092,0,0,1
2040,medium,False,0.9527547024451921,8,0.04269349205364456,-0.04269349205364456,0,0,1
2041,solid,False,0.9946928151367745,0,0.003933463196098108,0.003933463196098108,1,0,1
2042,solid,False,0.9994062925196261,0,0.0006931111201265161,0.0006931111201265161,0,0,1
2043,solid,False,1.0005494775045332,8,0.00044765104771513076,-0.00044765104771513076,0,0,1
2044,solid,False,1.0003310069783689,8,0.001128362064171301,-0.001128362064171301,0,0,1
2045,solid,False,0.9994051614614885,8,0.0016875168805005059,-0.0016875168805005059,1,0,1
2046,medium,False,0.9465383532148749,0,0.0482345950442916,0.0482345950442916,0,0,1
2047,medium,False,0.9393655525545629,0,0.033693932296594974,0.033693932296594974,0,0,1
2048,medium,False,0.937481211801859,0,0.02114119654645024,0.02114119654645024,0,0,1
2049,medium,False,0.9621554207517902,0,0.005598763353332522,0.005598763353332522,0,0,1
2050,medium,False,0.9628895539738801,8,0.010232711572748965,-0.010232711572748965,1,0,1
2051,medium,False,0.9522155134902502,8,0.026833660807460302,-0.026833660807460302,1,0,1
2052,medium,False,0.9586837050892415,8,0.053936864106383486,-0.053936864106383486,1,0,1
2053,solid,False,1.0007243098511827,0,0.0012679258813841354,0.0012679258813841354,0,0,1
2054,solid,False,1.0006322614462788,6,0.0011371112536970318,0.0011371112536970318,0,0,1
2055,solid,False,1.000202680813702,6,0.0008094342469843752,0.0008094342469843752,0,0,1
2056,solid,False,1.000352709863483,0,0.00019843402679534106,0.00019843402679534106,1,0,1
2057,solid,False,1.000339203731887,2,0.0003947030273946312,0.0003947030273946312,1,0,1
2058,solid,False,1.0006317861474494,0,0.0003278470916412979,0.0003278470916412979,0,0,1
2059,solid,False,0.9999697684265287,6,0.0011866699821747179,-0.0011866699821747179,1,0,1
2060,solid,False,0.9999215998639284,6,0.0009725784047015795,-0.0009725784047015795,1,0,1
2061,solid,False,1.0000450067080369,6,0.0001323901830602714,-0.0001323901830602714,1,0,1
2062,solid,False,0.9996541641203764,0,0.00030730643257265156,0.00030730643257265156,1,0,1
2063,solid,False,0.9992942296806078,0,0.00024324339065795453,0.00024324339065795453,0,0,1
2064,solid,False,0.9970956325853604,6,0.0019105963470230636,-0.0019105963470230636,1,0,1
2065,medium,False,0.9965147929708092,6,0.0008251966421658485,0.0008251966421658485,0,0,1
2066,medium,False,0.9972382075660741,6,0.00034883853146916444,0.00034883853146916444,0,0,1
2067,medium,False,0.9978490109106924,8,0.00011793026720308131,-0.00011793026720308131,1,0,1
2068,medium,False,0.9981611229306886,2,0.000411174894792421,-0.000411174894792421,0,0,1
2069,medium,False,0.998508890553855,2,0.0007497812304635421,-0.0007497812304635421,0,0,1
2070,medium,False,0.999593249226283,2,0.0013818979420601174,-0.0013818979420601174,0,0,1
2071,medium,False,0.9998781362980997,2,0.0013711624765553876,-0.0013711624765553876,0,0,1
2072,medium,False,0.999240842688157,2,0.0008885908321335512,-0.0008885908321335512,0,0,1
2073,medium,False,0.999290456735508,2,0.0007062028728538339,-0.0007062028728538339,0,0,1
2074,medium,False,0.999145168882102,2,0.0005755150517734453,0.0005755150517734453,1,0,1
2075,solid,False,0.9998674676688861,8,0.00016560686050426376,-0.00016560686050426376,1,0,1
2076,solid,False,0.9998853232198452,8,5.788422480335065e-05,-5.788422480335065e-05,1,0,1
2077,solid,False,0.9998429714737013,2,8.301964002815909e-05,-8.301964002815909e-05,0,0,1
2078,solid,False,0.9998878676068593,2,3.7171738173080726e-05,-3.7171738173080726e-05,0,0,1
2079,solid,False,0.9999033345873478,2,1.1755838974225608e-05,-1.1755838974225608e-05,0,0,1
2080,medium,False,1.002567565518289,0,0.001290033513900113,0.001290033513900113,1,0,1
2081,medium,False,1.0005434551946812,2,0.001741149196124378,0.001741149196124378,1,0,1
2082,medium,False,1.0044521288571442,2,0.0009429117685898873,0.0009429117685898873,1,0,1
2083,medium,False,1.005195530480107,0,0.0008494578669858647,0.0008494578669858647,1,0,1
2084,medium,False,0.9998429046867292,2,0.0012029932228942806,0.0012029932228942806,1,0,1
2085,medium,False,1.0069307862889212,0,0.0001789232504650351,0.0001789232504650351,1,0,1
2086,medium,False,1.0081781628354325,6,0.00021440402408236248,-0.00021440402408236248,1,0,1
2087,medium,False,1.0034732164545936,2,0.0005532359222777394,-0.0005532359222777394,0,0,1
2088,medium,False,1.007766450795839,6,0.00043291706170667243,-0.00043291706170667243,1,0,1
2089,medium,False,1.0030679374209006,8,0.00047189325913099545,-0.00047189325913099545,0,0,1
2090,medium,False,1.0067816977920494,6,0.0009104551761905388,-0.0009104551761905388,1,0,1
2091,medium,False,1.0065624876141552,6,0.0013214187668853516,-0.0013214187668853516,1,0,1
2092,medium,False,1.0023466097245715,8,0.0010487868392155542,-0.0010487868392155542,1,0,1
2093,medium,False,1.0041719571378753,6,0.0016471628602610644,-0.0016471628602610644,1,0,1
2094,medium,False,0.999608731859956,8,0.0015133857043539423,-0.0015133857043539423,1,0,1
2095,medium,False,1.0011996374513494,6,0.002372664316292239,-0.002372664316292239,1,0,1
2096,medium,False,0.9961736332560909,6,0.001928386733193621,-0.001928386733193621,1,0,1
2097,solid,False,0.9970510442853335,2,0.0023666677986389217,-0.0023666677986389217,0,0,1
2098,solid,False,0.9983112882242459,8,0.0003818524389106459,-0.0003818524389106459,1,0,1
2099,solid,False,0.998198354852872,2,0.0006265732267574098,-0.0006265732267574098,0,0,1
2100,solid,False,0.9984282181255734,2,0.000778156021050469,-0.000778156021050469,0,0,1
2101,solid,False,0.9983400736616325,2,0.0007008521594462636,-0.0007008521594462636,0,0,1
2102,solid,False,0.9982780040445426,2,0.0006785044667045881,-0.0006785044667045881,0,0,1
2103,solid,False,0.9981343437656438,2,0.0006772506555066116,-0.0006772506555066116,0,0,1
2104,solid,False,0.997987678081959,2,0.0006196094261254892,-0.0006196094261254892,0,0,1
2105,solid,False,0.9977736506870868,8,0.0005447809637599832,-0.0005447809637599832,0,0,1
2106,solid,False,0.997185292873283,8,0.0007972177997035423,-0.0007972177997035423,0,0,1
2107,solid,False,0.9966163387955452,8,0.0007468562061846429,-0.0007468562061846429,0,0,1
2108,solid,False,0.9965267205210258,2,0.0006645000194074324,0.0006645000194074324,1,0,1
2109,solid,False,0.9950047136486154,8,0.0014243930876300936,-0.0014243930876300936,0,0,1
2110,solid,False,0.9930868841205343,2,0.003039016561259378,-0.003039016561259378,0,0,1
2111,solid,False,0.9932343359183574,6,0.0044729077500871295,0.0044729077500871295,0,0,1
2112,medium,False,0.9613182765652685,2,0.02987213973546876,-0.02987213973546876,0,0,1
2113,medium,False,0.9707838485155629,2,0.03180419585806449,-0.03180419585806449,0,0,1
2114,medium,False,0.9398724680739127,2,0.023977015162297333,-0.023977015162297333,0,0,1
2115,medium,False,0.906591117424325,2,0.017393594930280476,-0.017393594930280476,0,0,1
2116,medium,False,0.8677114839944684,2,0.011479329242536584,-0.011479329242536584,0,0,1
2117,medium,False,0.7843887628341218,2,0.0029176656975867243,-0.0029176656975867243,0,0,1
2118,medium,False,0.8692102905548993,8,0.011626783589817002,-0.011626783589817002,0,0,1
2119,medium,False,0.9064955026114435,8,0.017484762384088776,-0.017484762384088776,0,0,1
2120,medium,False,0.9381362126092915,8,0.023970402942049968,-0.023970402942049968,0,0,1
2121,medium,False,0.9661120300219517,8,0.031354874521451026,-0.031354874521451026,0,0,1
2122,solid,False,0.9977328313540732,0,0.002355082187246893,0.002355082187246893,1,0,1
2123,solid,False,0.9999352382219032,0,0.0008336687215479976,0.0008336687215479976,1,0,1
2124,solid,False,1.0009230032130179,8,6.90838867680732e-05,-6.90838867680732e-05,1,0,1
2125,solid,False,0.9999186583592181,8,0.0009960295508077976,-0.0009960295508077976,1,0,1
2126,solid,False,0.9983548632136299,8,0.0019717871813401677,-0.0019717871813401677,1,0,1
2127,medium,False,0.940810193669765,0,0.05173747771946671,0.05173747771946671,0,0,1
2128,medium,False,0.9410304722550065,0,0.036633739129094116,0.036633739129094116,0,0,1
2129,medium,False,0.9627979967304984,0,0.02083848098788854,0.02083848098788854,1,0,1
2130,medium,False,0.9807048073351189,0,0.007118442190945734,0.007118442190945734,0,0,1
2131,medium,False,0.9827580585595701,8,0.01250255605107281,-0.01250255605107281,1,0,1
2132,medium,False,0.9838291019489575,8,0.03746453779994757,-0.03746453779994757,1,0,1
2133,medium,False,0.9599591272911698,8,0.05520375893941459,-0.05520375893941459,1,0,1
2134,solid,False,1.0017485155086843,6,0.0006412568018906994,0.0006412568018906994,0,0,1
2135,solid,False,1.0013660877529236,0,0.000496952874902673,0.000496952874902673,1,0,1
2136,solid,False,1.0009255773940553,2,0.0008774378560073293,0.0008774378560073293,1,0,1
2137,solid,False,1.000869736981997,8,0.0006708911186858457,-0.0006708911186858457,0,0,1
2138,solid,False,1.0001230612743386,6,0.0016489491547552087,-0.0016489491547552087,1,0,1
2139,solid,False,0.9992137279454075,6,0.0015576790450663042,-0.0015576790450663042,1,0,1
2140,solid,False,0.9993717614520321,6,0.0009189434478474312,0.0009189434478474312,0,0,1
2141,solid,False,0.9994641667677195,0,0.000338930072686372,0.000338930072686372,1,0,1
2142,solid,False,0.9993649585424118,0,0.00043808069880335587,0.00043808069880335587,1,0,1
2143,solid,False,0.9993329368525095,0,0.00025365623868373044,0.00025365623868373044,0,0,1
2144,solid,False,0.999135392731617,8,0.000427224440217866,-0.000427224440217866,0,0,1
2145,medium,False,0.9985371431045555,6,0.000898306079723854,0.000898306079723854,0,0,1
2146,medium,False,0.998539015379753,6,0.0004437802611506614,-0.0004437802611506614,1,0,1
2147,medium,False,0.9985679228801482,8,0.0003449721321525656,-0.0003449721321525656,1,0,1
2148,medium,False,0.9983833777233951,8,0.000348615843812794,-0.000348615843812794,0,0,1
2149,medium,False,0.9983444537642971,2,0.0006829772579221571,-0.0006829772579221571,0,0,1
2150,medium,False,0.9986218767445373,2,0.0012961370132601457,-0.0012961370132601457,0,0,1
2151,medium,False,0.9986811849880918,2,0.0012831876683954135,-0.0012831876683954135,0,0,1
2152,medium,False,0.9982727965285375,2,0.0008142021954862799,-0.0008142021954862799,0,0,1
2153,medium,False,0.9982378208477571,2,0.0006342822410498328,-0.0006342822410498328,0,0,1
2154,medium,False,0.9980667201790856,2,0.00040204389247772143,-0.00040204389247772143,0,0,1
2155,medium,False,0.9990169654822935,2,0.0006229626541365274,0.0006229626541365274,1,0,1
2156,solid,False,0.999586458406113,2,0.0002270722162698302,0.0002270722162698302,1,0,1
2157,solid,False,0.9998340294865462,8,6.0216098476617574e-05,-6.0216098476617574e-05,0,0,1
2158,solid,False,0.9998897196254686,8,1.5584696071879733e-05,-1.5584696071879733e-05,1,0,1
2159,solid,False,0.9999097992093383,2,8.796645261766045e-06,8.796645261766045e-06,1,0,1
2160,medium,False,1.0002331849698909,0,0.0013810178452200589,0.0013810178452200589,1,0,1
2161,medium,False,0.9979003127215883,2,0.0018269280897065462,0.0018269280897065462,1,0,1
2162,medium,False,1.0020352916574295,2,0.000986604317746352,0.000986604317746352,1,0,1
2163,medium,False,1.0030712848116399,0,0.0008452423549713747,0.0008452423549713747,1,0,1
2164,medium,False,0.9968154086269754,2,0.0011933710441845297,0.0011933710441845297,1,0,1
2165,medium,False,1.0048552061984308,0,0.00020288430775061705,0.00020288430775061705,0,0,1
2166,medium,False,1.0058751684333018,6,0.0003273137805757248,-0.0003273137805757248,1,0,1
2167,medium,False,1.000502297541405,2,0.0005461865786573483,-0.0005461865786573483,0,0,1
2168,medium,False,1.0053570246492727,6,0.0006238579730832305,-0.0006238579730832305,1,0,1
2169,medium,False,0.9997039930690541,8,0.0004689626125937707,-0.0004689626125937707,0,0,1
2170,medium,False,1.0039330430320923,6,0.001171659097414457,-0.001171659097414457,1,0,1
2171,medium,False,1.003364288094326,6,0.0016146475612109912,-0.0016146475612109912,1,0,1
2172,medium,False,0.9983131610125248,8,0.0013576242511379455,-0.0013576242511379455,1,0,1
2173,medium,False,1.0004878325595636,6,0.002022188535228897,-0.002022188535228897,1,0,1
2174,medium,False,0.9949399216809126,8,0.0019011843698214514,-0.0019011843698214514,1,0,1
2175,solid,False,0.9960767737033355,2,0.0029780483252574985,-0.0029780483252574985,0,0,1
2176,solid,False,0.9973288828684842,6,0.0007176481505239973,-0.0007176481505239973,1,0,1
2177,solid,False,0.9977929149557678,2,0.0005388879536912805,0.0005388879536912805,1,0,1
2178,solid,False,0.998138217138405,8,0.0006312371592254173,-0.0006312371592254173,0,0,1
2179,solid,False,0.9981619926551917,2,0.0004774482092855248,-0.0004774482092855248,0,0,1
2180,solid,False,0.9982250624377814,2,0.00044571230294865316,-0.00044571230294865316,0,0,1
2181,solid,False,0.9981384306743604,2,0.0005012247888076526,-0.0005012247888076526,0,0,1
2182,solid,False,0.9980108973190188,2,0.0004746933353692029,-0.0004746933353692029,0,0,1
2183,solid,False,0.997834341735342,2,0.00040121030673190283,-0.00040121030673190283,0,0,1
2184,solid,False,0.9974648650754757,2,0.0005744113094232617,-0.0005744113094232617,0,0,1
2185,solid,False,0.9969768786482566,8,0.0004808139240288778,-0.0004808139240288778,0,0,1
2186,solid,False,0.9968540924492522,2,0.0005746186324091518,0.0005746186324091518,1,0,1
2187,solid,False,0.9952521836643263,8,0.0011613501017331274,-0.0011613501017331274,0,0,1
2188,solid,False,0.9933066121255153,2,0.0028337120401302762,-0.0028337120401302762,0,0,1
2189,solid,False,0.9930594051451208,6,0.004657351564312018,0.004657351564312018,0,0,1
2190,medium,False,0.9673348052609945,2,0.02335759973245133,-0.02335759973245133,0,0,1
2191,medium,False,0.9791762675425124,2,0.025302444392406365,-0.025302444392406365,0,0,1
2192,medium,False,0.9555124163083664,2,0.019788508020441742,-0.019788508020441742,0,0,1
2193,medium,False,0.9633581029781629,2,0.020975827200550134,-0.020975827200550134,0,0,1
2194,medium,False,0.9368781658767458,2,0.015905890176957982,-0.015905890176957982,0,0,1
2195,medium,False,0.9075226895911513,2,0.011392356129004466,-0.011392356129004466,0,0,1
2196,medium,False,0.8723073141171745,2,0.00713325075528648,-0.00713325075528648,0,0,1
2197,medium,False,0.7945332881194125,2,0.0013318292496411477,0.0013318292496411477,1,0,1
2198,medium,False,0.8733847376578183,8,0.0072444798220771545,-0.0072444798220771545,0,0,1
2199,medium,False,0.9062974152133126,8,0.01143303199658556,-0.01143303199658556,0,0,1
2200,medium,False,0.9332859656077422,8,0.015831683561786748,-0.015831683561786748,0,0,1
2201,medium,False,0.9563551303870556,8,0.020560600779496712,-0.020560600779496712,0,0,1
2202,medium,False,0.9735073802026455,8,0.025014081294710184,-0.025014081294710184,0,0,1
2203,solid,False,0.9993031288166786,0,0.0018811351228904538,0.0018811351228904538,1,0,1
2204,solid,False,1.0004796718640556,0,0.0008668464315726449,0.0008668464315726449,0,0,1
2205,solid,False,1.0007374755429381,6,0.0002738463938395082,0.0002738463938395082,0,0,1
2206,solid,False,0.9993929386863755,8,0.0012558101730569815,-0.0012558101730569815,1,0,1
2207,solid,False,0.9973301436748456,8,0.0021341721990068008,-0.0021341721990068008,1,0,1
2208,medium,False,0.9389640437344076,0,0.054807409635654114,0.054807409635654114,1,0,1
2209,medium,False,0.9569923156972301,0,0.037371363309628314,0.037371363309628314,1,0,1
2210,medium,False,0.9744477800592533,0,0.02103253663907384,0.02103253663907384,1,0,1
2211,medium,False,0.9941249173090889,0,0.008098047467929581,0.008098047467929581,0,0,1
2212,medium,False,1.00368575618853,8,0.020392250973596593,-0.020392250973596593,1,0,1
2213,medium,False,0.9780941076366508,8,0.038849518169357666,-0.038849518169357666,1,0,1
2214,medium,False,0.9684338798762041,8,0.04918077021663664,-0.04918077021663664,1,0,1
2215,solid,False,1.0015698950731684,0,0.0012746502136339877,0.0012746502136339877,1,0,1
2216,solid,False,1.0007830875120298,2,0.0029482128841014366,0.0029482128841014366,1,0,1
2217,solid,False,1.0011259377013506,8,0.0015948058342757278,-0.0015948058342757278,1,0,1
2218,solid,False,0.9991547848678047,6,0.004344764556705497,-0.004344764556705497,1,0,1
2219,solid,False,0.9980861886525528,6,0.0024866267633035233,-0.0024866267633035233,1,0,1
2220,solid,False,0.9986371455241533,0,0.00079947058279628,0.00079947058279628,0,0,1
2221,solid,False,0.9983649981928538,2,0.0012973308976441111,0.0012973308976441111,1,0,1
2222,solid,False,0.9986175047978886,2,0.0007636946263662736,-0.0007636946263662736,0,0,1
2223,solid,False,0.9994913417086896,2,0.00020983791519191275,-0.00020983791519191275,0,0,1
2224,solid,False,0.9993903183383412,0,0.0010930721373562102,0.0010930721373562102,1,0,1
2225,medium,False,1.0005900988522851,6,0.0008778677712384386,0.0008778677712384386,0,0,1
2226,medium,False,1.00004005837621,6,0.0005192185805293903,-0.0005192185805293903,1,0,1
2227,medium,False,0.9995792360406623,8,0.0004011432156955097,-0.0004011432156955097,1,0,1
2228,medium,False,0.9990117867404074,8,0.000391014315381244,-0.000391014315381244,0,0,1
2229,medium,False,0.998654074905869,2,0.0007260385461659302,-0.0007260385461659302,0,0,1
2230,medium,False,0.9983258485986635,2,0.0013312013216748575,-0.0013312013216748575,0,0,1
2231,medium,False,0.9983658802602018,2,0.0013181759407114857,-0.0013181759407114857,0,0,1
2232,medium,False,0.998396082475863,2,0.0008567595317903187,-0.0008567595317903187,0,0,1
2233,medium,False,0.998504432973417,2,0.0006789176871355718,-0.0006789176871355718,0,0,1
2234,medium,False,0.9985498033504907,2,0.000449192806850629,-0.000449192806850629,0,0,1
2235,solid,False,0.9995202423772251,2,0.00038894205545725313,-0.00038894205545725313,0,0,1
2236,solid,False,0.9997795145507162,8,8.156330043784799e-05,-8.156330043784799e-05,1,0,1
2237,solid,False,0.9998171627578702,6,8.473278924259198e-05,-8.473278924259198e-05,1,0,1
2238,solid,False,0.9998681033660356,6,5.208850964855127e-05,5.208850964855127e-05,0,0,1
2239,solid,False,0.9998881833531288,0,3.219940236642849e-05,3.219940236642849e-05,1,0,1
2240,medium,False,0.9976991840705444,0,0.0014739225214143309,0.0014739225214143309,1,0,1
2241,medium,False,0.9950313222952125,2,0.0019129105291760332,0.0019129105291760332,1,0,1
2242,medium,False,0.9994262288472566,2,0.0010277131493777042,0.0010277131493777042,1,0,1
2243,medium,False,1.000770104330131,0,0.0008368762077729649,0.0008368762077729649,1,0,1
2244,medium,False,0.9935427176441903,2,0.0011783422348038948,0.0011783422348038948,1,0,1
2245,medium,False,1.002605314599917,0,0.00022115504193220836,0.00022115504193220836,0,0,1
2246,medium,False,1.0033919039577484,6,0.0004520996161615082,-0.0004520996161615082,1,0,1
2247,medium,False,0.9971902624413913,8,0.0005705796959214471,-0.0005705796959214471,0,0,1
2248,medium,False,1.0027351174878048,6,0.0008307180050320939,-0.0008307180050320939,1,0,1
2249,medium,False,0.9960376339002419,8,0.0005270258811589934,-0.0005270258811589934,1,0,1
2250,medium,False,1.0008292528334555,6,0.0014527774554033424,-0.0014527774554033424,1,0,1
2251,medium,False,0.999891807433632,6,0.001929558833688838,-0.001929558833688838,1,0,1
2252,medium,False,0.9939033823576447,8,0.001686149897692446,-0.001686149897692446,1,0,1
2253,solid,False,0.9952199636005261,2,0.0034572306179103673,-0.0034572306179103673,0,0,1
2254,solid,False,0.9963052324633774,6,0.0010400086703548639,-0.0010400086703548639,1,0,1
2255,solid,False,0.9973990396947429,2,0.0006689069417563642,0.0006689069417563642,1,0,1
2256,solid,False,0.9978268341240901,8,0.00047848748243550787,-0.00047848748243550787,0,0,1
2257,solid,False,0.9979839840506319,2,0.00025228905743057695,-0.00025228905743057695,0,0,1
2258,solid,False,0.9981794817833255,2,0.00019885724598278642,-0.00019885724598278642,0,0,1
2259,solid,False,0.9981763641163354,2,0.00028290748372916674,-0.00028290748372916674,0,0,1
2260,solid,False,0.9981232771704442,2,0.000252996409224604,-0.000252996409224604,0,0,1
2261,solid,False,0.9980166484174176,2,0.00020171757479348074,-0.00020171757479348074,0,0,1
2262,solid,False,0.9977274376580998,2,0.0003491944917362044,-0.0003491944917362044,0,0,1
2263,solid,False,0.9973662391643805,8,0.0002531427292733479,-0.0002531427292733479,0,0,1
2264,solid,False,0.9971512433921775,0,0.00052072196874553,0.00052072196874553,1,0,1
2265,solid,False,0.9958581415805322,8,0.0009556317504195722,-0.0009556317504195722,1,0,1
2266,solid,False,0.9940312956243939,2,0.002286568900592645,-0.002286568900592645,0,0,1
2267,solid,False,0.9932511882607874,6,0.004650864983974046,0.004650864983974046,0,0,1
2268,medium,False,0.9716383096573606,2,0.019079362814671708,-0.019079362814671708,0,0,1
2269,medium,False,0.9852225961043195,2,0.02094259735036541,-0.02094259735036541,0,0,1
2270,medium,False,0.967733728975703,2,0.016968812341303652,-0.016968812341303652,0,0,1
2271,medium,False,0.9775578964311263,2,0.018253509889480046,-0.018253509889480046,0,0,1
2272,medium,False,0.9570320440390108,2,0.014326699395306064,-0.014326699395306064,0,0,1
2273,medium,False,0.9635149907704023,2,0.01514405887906678,-0.01514405887906678,0,0,1
2274,medium,False,0.9399399317351221,2,0.01142296399474807,-0.01142296399474807,0,0,1
2275,medium,False,0.9133132697267886,2,0.007990535787112396,-0.007990535787112396,0,0,1
2276,medium,False,0.8807980673677728,2,0.004642601999406359,-0.004642601999406359,0,0,1
2277,medium,False,0.8064691191798632,0,0.0012638255355872374,0.0012638255355872374,1,0,1
2278,medium,False,0.8811696982019076,8,0.004727376341605,-0.004727376341605,0,0,1
2279,medium,False,0.9106314166842198,8,0.00799728754004497,-0.00799728754004497,0,0,1
2280,medium,False,0.934201810048233,8,0.01131234860262596,-0.01131234860262596,0,0,1
2281,medium,False,0.9538823441948638,8,0.01475155285429846,-0.01475155285429846,0,0,1
2282,medium,False,0.9680580812862186,8,0.017879414724680853,-0.017879414724680853,0,0,1
2283,medium,False,0.9785968777623334,8,0.020820517686878037,-0.020820517686878037,0,0,1
2284,solid,False,1.0003803707853474,0,0.0016934170048845676,0.0016934170048845676,1,0,1
2285,solid,False,1.0010113155415925,0,0.0011773309599283632,0.0011773309599283632,0,0,1
2286,solid,False,1.0005006028462098,6,0.0005361875178960807,0.0005361875178960807,0,0,1
2287,solid,False,0.9988375014846321,8,0.0014711247101777403,-0.0014711247101777403,1,0,1
2288,solid,False,0.9961414516749036,8,0.0023622473941145583,-0.0023622473941145583,1,0,1
2289,medium,False,0.9464694975283676,0,0.053746208428886,0.053746208428886,1,0,1
2290,medium,False,0.9624221708497273,0,0.03682186361474646,0.03682186361474646,1,0,1
2291,medium,False,0.9817968097675867,0,0.01895477419613681,0.01895477419613681,1,0,1
2292,medium,False,1.013356187299209,6,0.0029774313213257464,-0.0029774313213257464,1,0,1
2293,medium,False,0.9881755017975534,8,0.02177520690336135,-0.02177520690336135,1,0,1
2294,medium,False,0.9868856101973226,8,0.033378479323857596,-0.033378479323857596,1,0,1
2295,medium,False,0.9824612437504037,8,0.04464072327561072,-0.04464072327561072,1,0,1
2296,solid,False,0.9985247351857628,0,0.010019294578495416,0.010019294578495416,1,0,1
2297,solid,False,1.003348309768895,6,0.00372176075071448,-0.00372176075071448,1,0,1
2298,solid,False,0.9974955065034523,6,0.008522252742582283,-0.008522252742582283,1,0,1
2299,solid,False,0.9961513863442468,6,0.004050340610472478,-0.004050340610472478,1,0,1
2300,solid,False,0.9959293181246175,0,0.003866149021725135,0.003866149021725135,1,0,1
2301,solid,False,0.9953912544540288,2,0.0030069083173661637,-0.0030069083173661637,0,0,1
2302,solid,False,0.9985991709277041,2,0.0011104928417039472,-0.0011104928417039472,0,0,1
2303,solid,False,0.9991151850391585,8,0.000851565683239186,-0.000851565683239186,0,0,1
2304,solid,False,0.9993069692236568,2,0.00115983979387424,-0.00115983979387424,0,0,1
2305,solid,False,0.9993290369483496,8,0.00207235897531044,-0.00207235897531044,0,0,1
2306,solid,False,0.9996320582417767,2,0.001357315626716371,-0.001357315626716371,0,0,1
2307,solid,False,0.9997396045105138,2,0.0009683898712391503,-0.0009683898712391503,0,0,1
2308,solid,False,0.9998095052947754,2,0.0006094511627041665,-0.0006094511627041665,0,0,1
2309,solid,False,0.9998893327622506,2,0.00025795198849942746,-0.00025795198849942746,0,0,1
2310,solid,False,0.99988645418512,0,7.611112852878854e-05,7.611112852878854e-05,1,0,1
2311,solid,False,0.999657364569314,0,0.0003632601227723242,0.0003632601227723242,0,0,1
2312,solid,False,0.9994638570633763,0,0.0006150187793050321,0.0006150187793050321,0,0,1
2313,solid,False,0.999303525845587,0,0.0008210857410674288,0.0008210857410674288,0,0,1
2314,solid,False,0.9989680775018985,6,0.0011275751258755795,0.0011275751258755795,0,0,1
2315,solid,False,0.999622585151791,0,0.0004021724574169161,0.0004021724574169161,0,0,1
2316,solid,False,0.999793851807342,6,0.00015682176947273696,-0.00015682176947273696,1,0,1
2317,solid,False,0.9997112907319045,6,0.000239623297322078,-0.000239623297322078,1,0,1
2318,solid,False,0.9997851793786801,0,0.00011920620246685942,0.00011920620246685942,1,0,1
2319,solid,False,0.9998395917946248,2,6.627088259181235e-05,6.627088259181235e-05,1,0,1
2320,medium,False,0.9949990375511085,0,0.0015655853060562441,0.0015655853060562441,1,0,1
2321,medium,False,0.9919729702108141,2,0.00199658096835454,0.00199658096835454,1,0,1
2322,medium,False,0.9966390572210876,2,0.0010640596933545188,0.0010640596933545188,1,0,1
2323,medium,False,0.9983041907544326,0,0.0008224491649359606,0.0008224491649359606,1,0,1
2324,medium,False,0.9900216984250438,2,0.0011563711196644999,0.0011563711196644999,1,0,1
2325,medium,False,1.000076858144109,6,0.00019510392535071475,0.00019510392535071475,0,0,1
2326,medium,False,1.0007049174803007,6,0.0005899690499748395,-0.0005899690499748395,1,0,1
2327,medium,False,0.9935169690225762,8,0.0006594896626206381,-0.0006594896626206381,0,0,1
2328,medium,False,0.9998571948021162,6,0.0010545646464369396,-0.0010545646464369396,1,0,1
2329,medium,False,0.9919818286692866,8,0.000750745844290468,-0.000750745844290468,1,0,1
2330,medium,False,0.997403604761475,6,0.001754618239116712,-0.001754618239116712,1,0,1
2331,solid,False,0.995380139600355,2,0.0030295784665399506,0.0030295784665399506,1,0,1
2332,solid,False,0.9954592542824279,6,0.0016833034484298182,0.0016833034484298182,0,0,1
2333,solid,False,0.9967657148838643,0,0.000832053202181382,0.000832053202181382,1,0,1
2334,solid,False,0.9975368670845831,8,0.00034477899059548456,-0.00034477899059548456,0,0,1
2335,solid,False,0.9978023114976428,2,0.0002467435722920408,0.0002467435722920408,1,0,1
2336,solid,False,0.9980987133129822,0,3.712993778837159e-05,3.712993778837159e-05,0,0,1
2337,solid,False,0.9982095646171595,8,6.904722781642114e-05,-6.904722781642114e-05,0,0,1
2338,solid,False,0.9982461422091821,8,2.468296700564032e-05,-2.468296700564032e-05,0,0,1
2339,solid,False,0.9982123265190415,0,1.9210950201076216e-05,1.9210950201076216e-05,0,0,1
2340,solid,False,0.9980257010882759,8,9.893673039562678e-05,-9.893673039562678e-05,0,0,1
2341,solid,False,0.9977632957659347,8,0.00023114102796550906,-0.00023114102796550906,1,0,1
2342,solid,False,0.9974347374616992,0,0.0003903030037268884,0.0003903030037268884,1,0,1
2343,solid,False,0.9965800383202572,8,0.0008066189688251679,-0.0008066189688251679,1,0,1
2344,solid,False,0.9950363105593412,2,0.0016526141672297268,-0.0016526141672297268,0,0,1
2345,solid,False,0.9939313795106498,6,0.00432533056598583,0.00432533056598583,0,0,1
2346,medium,False,0.9754845942594618,2,0.015905010183412616,-0.015905010183412616,0,0,1
2347,medium,False,0.9903112125861003,2,0.01762834327324514,-0.01762834327324514,0,0,1
2348,medium,False,0.9775389899221256,2,0.01466341073037647,-0.01466341073037647,0,0,1
2349,medium,False,0.9888847276817425,2,0.015953224851057657,-0.015953224851057657,0,0,1
2350,medium,False,0.9734235212768955,2,0.01292669099093069,-0.01292669099093069,0,0,1
2351,medium,False,0.9815575154051583,2,0.013834663878267373,-0.013834663878267373,0,0,1
2352,medium,False,0.9631111024539737,2,0.010807091088653187,-0.010807091088653187,0,0,1
2353,medium,False,0.9684174464636067,2,0.011407602057197819,-0.011407602057197819,0,0,1
2354,medium,False,0.9469306273411205,2,0.008495009018509636,-0.008495009018509636,0,0,1
2355,medium,False,0.9223598841704128,2,0.0057408819060986715,-0.0057408819060986715,0,0,1
2356,medium,False,0.8919775136365736,2,0.0029872271051858967,-0.0029872271051858967,0,0,1
2357,medium,False,0.8202450355153448,0,0.0016111512480841972,0.0016111512480841972,0,0,1
2358,medium,False,0.8915639180458391,8,0.003057573127331195,-0.003057573127331195,0,0,1
2359,medium,False,0.9181576882197393,8,0.0065098180126461624,-0.0065098180126461624,1,0,1
2360,medium,False,0.9390353161507308,8,0.00916387154797027,-0.00916387154797027,1,0,1
2361,medium,False,0.9561675988763179,8,0.011376610628326622,-0.011376610628326622,1,0,1
2362,medium,False,0.9682118698134113,8,0.013508657093558751,-0.013508657093558751,1,0,1
2363,medium,False,0.9768996891886896,8,0.015784105967084683,-0.015784105967084683,1,0,1
2364,medium,False,0.9827380439939079,8,0.01823675454845375,-0.01823675454845375,1,0,1
2365,solid,False,1.0013851232338036,0,0.0018110034809791786,0.0018110034809791786,0,0,1
2366,solid,False,1.0015081892450861,0,0.00159060514790621,0.00159060514790621,0,0,1
2367,solid,False,1.0002614399365892,6,0.0008397918825201467,0.0008397918825201467,0,0,1
2368,solid,False,0.9982663174639447,8,0.0014759515550817337,-0.0014759515550817337,1,0,1
2369,solid,False,0.9940777206535562,8,0.003098686610272239,-0.003098686610272239,1,0,1
2370,medium,False,0.9479560543174492,0,0.06014958410240795,0.06014958410240795,1,0,1
2371,medium,False,0.9740656387402801,0,0.04427179216347127,0.04427179216347127,1,0,1
2372,medium,False,1.012867972146569,0,0.023735190035615167,0.023735190035615167,1,0,1
2373,medium,False,1.0236678856694126,2,0.0041072418964797075,-0.0041072418964797075,0,0,1
2374,medium,False,1.0395846905660147,8,0.010981643849243383,-0.010981643849243383,0,0,1
2375,medium,False,1.0602611477367954,8,0.025617662064385913,-0.025617662064385913,1,0,1
2376,medium,False,1.0244656260923843,8,0.058773502326722966,-0.058773502326722966,1,0,1
2377,solid,False,0.998487809745431,8,0.02083593841650032,-0.02083593841650032,1,0,1
2378,solid,False,0.9955457182081646,8,0.011571575591123269,-0.011571575591123269,1,0,1
2379,solid,False,0.9891442816545657,8,0.007523221046031245,-0.007523221046031245,1,0,1
2380,solid,False,0.9820224699724536,2,0.01188978247231276,0.01188978247231276,1,0,1
2381,solid,False,0.9978115343260435,8,0.001266193064950627,-0.001266193064950627,1,0,1
2382,solid,False,0.9991410161112062,2,5.499925382096427e-05,5.499925382096427e-05,1,0,1
2383,solid,False,0.9992170496785258,8,0.000496597736743376,-0.000496597736743376,0,0,1
2384,solid,False,0.9988796120855205,2,0.0010476646998454076,-0.0010476646998454076,0,0,1
2385,solid,False,0.998833927631574,8,0.0012450723273631503,-0.0012450723273631503,0,0,1
2386,solid,False,0.9988327192504357,8,0.0013738204835674894,-0.0013738204835674894,0,0,1
2387,solid,False,0.9991784340448793,8,0.0009718362827914051,-0.0009718362827914051,0,0,1
2388,solid,False,0.9994744772206228,8,0.0005945740515620468,-0.0005945740515620468,0,0,1
2389,solid,False,0.9997567548102367,8,0.0002435476725226593,-0.0002435476725226593,0,0,1
2390,solid,False,0.9999439669860117,6,8.144007010379983e-05,8.144007010379983e-05,0,0,1
2391,solid,False,0.9998870252968802,6,0.0003750868275810282,0.0003750868275810282,0,0,1
2392,solid,False,0.9998439127185533,6,0.0006296898743521906,0.0006296898743521906,0,0,1
2393,solid,False,0.9997769134204374,6,0.000845585929731163,0.000845585929731163,0,0,1
2394,solid,False,0.9998829189184893,6,0.0007824357609289567,0.0007824357609289567,0,0,1
2395,solid,False,0.9998383016729324,0,0.0006985049437513435,0.0006985049437513435,0,0,1
2396,solid,False,0.9999119779436111,0,0.00046328804619066855,0.00046328804619066855,0,0,1
2397,solid,False,0.9994865032407731,8,0.0007074593056775047,-0.0007074593056775047,1,0,1
2398,solid,False,0.9994180602525623,2,0.0005980854335632113,0.0005980854335632113,1,0,1
2399,solid,False,0.9998216208127051,6,0.00015947308373420732,-0.00015947308373420732,1,0,1
2400,medium,False,0.992726806573807,0,0.0016707236817713744,0.0016707236817713744,1,0,1
2401,medium,False,0.9892662669667278,2,0.0020990788961874132,0.0020990788961874132,1,0,1
2402,medium,False,0.9943384128345449,2,0.0011213619256558657,0.0011213619256558657,1,0,1
2403,medium,False,0.9963661104027716,0,0.0008345340876718915,0.0008345340876718915,1,0,1
2404,medium,False,0.9869851763134879,2,0.0011672622232759455,0.0011672622232759455,1,0,1
2405,medium,False,0.9982298067352628,6,0.00027065469881537574,0.00027065469881537574,0,0,1
2406,medium,False,0.9987797113838003,6,0.0006883526205774676,-0.0006883526205774676,1,0,1
2407,medium,False,0.9906777423579168,8,0.0006223708746162515,-0.0006223708746162515,0,0,1
2408,medium,False,0.9978844696785714,6,0.0012246758625068244,-0.0012246758625068244,1,0,1
2409,medium,False,0.9889496165533234,8,0.0009082074738151757,-0.0009082074738151757,1,0,1
2410,solid,False,0.9926366459909279,2,0.004164825691498786,-0.004164825691498786,0,0,1
2411,solid,False,0.9962686768452043,2,0.0012238843014278356,-0.0012238843014278356,0,0,1
2412,solid,False,0.9970542324054785,8,0.0007355186575348505,-0.0007355186575348505,0,0,1
2413,solid,False,0.9975394525624467,2,0.00029800993014056365,0.00029800993014056365,1,0,1
2414,solid,False,0.9978711903506561,0,0.00018333029662809253,0.00018333029662809253,0,0,1
2415,solid,False,0.9981018230994079,6,0.0001011074331458417,0.0001011074331458417,0,0,1
2416,solid,False,0.9981654625886512,6,0.00018145629695331955,0.00018145629695331955,0,0,1
2417,solid,False,0.998188689739358,6,0.00023008224699783142,0.00023008224699783142,0,0,1
2418,solid,False,0.9981691704807384,6,0.00014758216362986687,0.00014758216362986687,0,0,1
2419,solid,False,0.9979453494315309,6,0.00022249761154613523,-0.00022249761154613523,1,0,1
2420,solid,False,0.9977530467125747,0,0.00045187499628274175,0.00045187499628274175,0,0,1
2421,solid,False,0.997299468467002,8,0.0006808510491176367,-0.0006808510491176367,1,0,1
2422,solid,False,0.9960879240162913,2,0.0011287165401967503,0.0011287165401967503,1,0,1
2423,solid,False,0.9948811155040534,6,0.003749734338230448,0.003749734338230448,0,0,1
2424,medium,False,0.979154646382541,2,0.013359718944733867,-0.013359718944733867,0,0,1
2425,medium,False,0.9947830926244102,2,0.01490006258916865,-0.01490006258916865,0,0,1
2426,medium,False,0.986212280264708,2,0.012710302723010658,-0.012710302723010658,0,0,1
2427,medium,False,0.9986869611162551,2,0.01394121388453784,-0.01394121388453784,0,0,1
2428,medium,False,0.9871180382675112,2,0.011555896350084582,-0.011555896350084582,0,0,1
2429,medium,False,0.9965452627927378,2,0.012483059489626802,-0.012483059489626802,0,0,1
2430,medium,False,0.9823994192024118,2,0.010052437624816557,-0.010052437624816557,0,0,1
2431,medium,False,0.9890722469948082,2,0.01072020259369899,-0.01072020259369899,0,0,1
2432,medium,False,0.9720978233480947,2,0.008282501059801883,-0.008282501059801883,0,0,1
2433,medium,False,0.976376505874161,2,0.008743540666317773,-0.008743540666317773,0,0,1
2434,medium,False,0.9564870291159435,2,0.006382161742805148,-0.006382161742805148,0,0,1
2435,medium,False,0.9335552875153498,2,0.0041072440632712315,-0.0041072440632712315,0,0,1
2436,medium,False,0.9049447788730076,2,0.0021119229322408284,0.0021119229322408284,1,0,1
2437,medium,False,0.8355540288755772,0,0.0022207814100956014,0.0022207814100956014,0,0,1
2438,medium,False,0.9037750173245106,8,0.002822040430459305,-0.002822040430459305,1,0,1
2439,medium,False,0.9279264939018782,8,0.006517728368883091,-0.006517728368883091,1,0,1
2440,medium,False,0.946616064141348,8,0.008985041590247933,-0.008985041590247933,1,0,1
2441,medium,False,0.9617610345947748,8,0.010958274837037374,-0.010958274837037374,1,0,1
2442,medium,False,0.9722132603748449,8,0.012839838701276918,-0.012839838701276918,1,0,1
2443,medium,False,0.9795820728515257,8,0.014852442176030323,-0.014852442176030323,1,0,1
2444,medium,False,0.9843505615302424,8,0.01703370716038355,-0.01703370716038355,1,0,1
2445,medium,False,0.9864193182068124,8,0.019324674825865862,-0.019324674825865862,1,0,1
2446,solid,False,1.0024818090554994,0,0.0020129467707063475,0.0020129467707063475,0,0,1
2447,solid,False,1.0014577743214446,6,0.00245584632463014,0.00245584632463014,0,0,1
2448,solid,False,1.0002048233699647,0,0.0013526697961225853,0.0013526697961225853,0,0,1
2449,solid,False,0.9977189785805257,8,0.0011743944537828122,-0.0011743944537828122,1,0,1
2450,solid,False,0.9899944234287463,8,0.005492974598743594,-0.005492974598743594,1,0,1
2451,medium,False,0.9519357721545977,0,0.05188627218822668,0.05188627218822668,1,0,1
2452,medium,False,0.9791594188119064,0,0.03196244346786144,0.03196244346786144,1,0,1
2453,medium,False,0.9821407484461848,0,0.011921459691341556,0.011921459691341556,1,0,1
2454,medium,False,1.0130484587436062,2,0.002921207073731745,0.002921207073731745,1,0,1
2455,medium,False,1.0532761958847652,6,0.01002179678892351,-0.01002179678892351,1,0,1
2456,medium,False,1.0300473385644278,6,0.045622087306302975,-0.045622087306302975,1,0,1
2457,solid,False,0.9972071549842463,6,0.026731668875581465,-0.026731668875581465,1,0,1
2458,solid,False,0.9955336211025615,6,0.010205739049509204,-0.010205739049509204,1,0,1
2459,solid,False,0.9732994494211934,6,0.022299848785930936,-0.022299848785930936,1,0,1
2460,medium,False,0.8189064224566864,6,0.13405747443080884,-0.13405747443080884,1,0,1
2461,medium,False,0.744535444917841,6,0.07401376846254482,0.07401376846254482,0,0,1
2462,medium,False,0.6864150220199406,6,0.05880737963921995,-0.05880737963921995,1,0,1
2463,medium,False,0.6351291635626797,6,0.05110117476448456,-0.05110117476448456,1,0,1
2464,medium,False,0.5880435280156221,6,0.04648351109611923,-0.04648351109611923,1,0,1
2465,medium,False,0.5434237609900556,6,0.043967152162408624,-0.043967152162408624,1,0,1
2466,medium,False,0.5001964804565328,6,0.04277960729510494,-0.04277960729510494,1,0,1
2467,medium,False,0.4576199284351265,6,0.04236850055400626,-0.04236850055400626,1,0,1
2468,medium,False,0.41509802328389744,6,0.042411690029335036,-0.042411690029335036,1,0,1
2469,medium,False,0.3723353893827226,6,0.04273247172991307,-0.04273247172991307,1,0,1
2470,medium,False,0.3292040242273612,6,0.04317373189859319,-0.04317373189859319,1,0,1
2471,medium,False,0.28568290265596064,6,0.04362563395670849,-0.04362563395670849,1,0,1
2472,medium,False,0.24181923758674606,6,0.04401792378256586,-0.04401792378256586,1,0,1
2473,medium,False,0.19772202022831314,6,0.04429899033780993,-0.04429899033780993,1,0,1
2474,medium,False,0.1534537321673684,6,0.044472932020351186,-0.044472932020351186,1,0,1
2475,medium,False,0.10898404907201699,6,0.044637248895996406,-0.044637248895996406,1,0,1
2476,medium,False,0.06410878682558384,6,0.044962400407162706,-0.044962400407162706,1,0,1
2477,medium,False,0.018916445722360842,6,0.04538715263169257,-0.04538715263169257,1,0,1
2478,medium,False,0.018119081193963944,2,0.0019103533076051393,0.0019103533076051393,1,0,1
2479,medium,False,0.019073055022089634,6,0.001483993903573566,-0.001483993903573566,1,0,1
2480,medium,False,0.9906734855887696,2,0.0017827617368750964,0.0017827617368750964,1,0,1
2481,medium,False,0.9868254916966792,2,0.0022140933256057926,0.0022140933256057926,1,0,1
2482,medium,False,0.9922453982030137,2,0.001191718960618239,0.001191718960618239,1,0,1
2483,medium,False,0.9946773192743695,0,0.000862679602794506,0.000862679602794506,1,0,1
2484,medium,False,0.9841009141257854,2,0.001198468090600699,0.001198468090600699,1,0,1
2485,medium,False,0.9966152791131851,6,0.00022220746978476522,-0.00022220746978476522,1,0,1
2486,medium,False,0.997096634034042,6,0.0007651480493483381,-0.0007651480493483381,1,0,1
2487,medium,False,0.9878657456930507,8,0.0008151861277216899,-0.0008151861277216899,0,0,1
2488,solid,False,0.9908336047388476,2,0.006324763797583621,-0.006324763797583621,0,0,1
2489,solid,False,0.9910502132632486,6,0.003607566684656671,0.003607566684656671,0,0,1
2490,solid,False,0.9946700074640427,0,0.0016449921794354783,0.0016449921794354783,1,0,1
2491,solid,False,0.9970658307666371,0,0.00013151678387163246,0.00013151678387163246,1,0,1
2492,solid,False,0.9975916865260275,6,0.0002194471282068733,-0.0002194471282068733,1,0,1
2493,solid,False,0.9979404532657165,6,0.00014460293117135592,-0.00014460293117135592,1,0,1
2494,solid,False,0.998077118158377,6,0.00031842902178924604,0.00031842902178924604,0,0,1
2495,solid,False,0.998167788093005,6,0.0004057241519936916,0.0004057241519936916,0,0,1
2496,solid,False,0.998221555452135,6,0.0003776278765412755,0.0003776278765412755,0,0,1
2497,solid,False,0.9981243638723722,6,0.0004292662599347796,0.0004292662599347796,0,0,1
2498,solid,False,0.9980821377827354,0,0.0006035465072267154,0.0006035465072267154,0,0,1
2499,solid,False,0.9977102999952768,6,0.0005643560347265986,-0.0005643560347265986,1,0,1
2500,solid,False,0.9971240013634936,2,0.0007863943208250568,0.0007863943208250568,1,0,1
2501,solid,False,0.9958757948894967,6,0.0031151660076589316,0.0031151660076589316,0,0,1
2502,medium,False,0.9825397609254382,2,0.013921358963308927,0.013921358963308927,1,0,1
2503,medium,False,0.9987380269026281,2,0.014260550954012352,0.014260550954012352,1,0,1
2504,medium,False,0.9941779457757973,2,0.011327464566633472,0.011327464566633472,1,0,1
2505,medium,False,1.0074218109049344,2,0.01213622098529843,-0.01213622098529843,0,0,1
2506,medium,False,0.9993599296911704,2,0.010282236191166971,-0.010282236191166971,0,0,1
2507,medium,False,1.0097588644336868,2,0.011174651413519587,-0.011174651413519587,0,0,1
2508,medium,False,0.9988902451728849,2,0.009185667212546544,-0.009185667212546544,0,0,1
2509,medium,False,1.0066309672041631,2,0.009865061407470899,-0.009865061407470899,0,0,1
2510,medium,False,0.9933644543814095,2,0.007855553990196329,-0.007855553990196329,0,0,1
2511,medium,False,0.9987568984917976,2,0.008359313691578607,-0.008359313691578607,0,0,1
2512,medium,False,0.9828727338456307,2,0.006349901993114915,-0.006349901993114915,0,0,1
2513,medium,False,0.9862555302605127,2,0.006715439201245954,-0.006715439201245954,0,0,1
2514,medium,False,0.9676465429025001,2,0.004764812129423923,-0.004764812129423923,0,0,1
2515,medium,False,0.9460791447899595,2,0.002857619251325605,-0.002857619251325605,0,0,1
2516,medium,False,0.9189982633537606,2,0.002049126101577148,0.002049126101577148,1,0,1
2517,medium,False,0.8517713518766319,0,0.002644911299603231,0.002644911299603231,0,0,1
2518,medium,False,0.9171752575792586,8,0.0028609599818401055,-0.0028609599818401055,1,0,1
2519,medium,False,0.9392321287533348,8,0.006493960767685714,-0.006493960767685714,1,0,1
2520,medium,False,0.9561295118725301,8,0.008794369250687994,-0.008794369250687994,1,0,1
2521,medium,False,0.9697129314846614,8,0.01055647593248632,-0.01055647593248632,1,0,1
2522,medium,False,0.9789719209566551,8,0.012224646585957677,-0.012224646585957677,1,0,1
2523,medium,False,0.9854031229679823,8,0.014022707972781268,-0.014022707972781268,1,0,1
2524,medium,False,0.9894625019152296,8,0.01599207034501937,-0.01599207034501937,1,0,1
2525,medium,False,0.9910763709291495,8,0.01808725585069071,-0.01808725585069071,1,0,1
2526,medium,False,0.9899600797897679,8,0.020209319942818604,-0.020209319942818604,1,0,1
2527,solid,False,1.0030717590509128,6,0.0018619426405178663,0.0018619426405178663,0,0,1
2528,solid,False,1.0007776945779225,0,0.005139134758049613,0.005139134758049613,0,0,1
2529,solid,False,0.998792989885547,0,0.003284717335920617,0.003284717335920617,1,0,1
2530,solid,False,0.9946794759628893,6,0.004360598426973422,-0.004360598426973422,1,0,1
2531,solid,False,0.9879102790965274,8,0.006873000825574779,-0.006873000825574779,1,0,1
2532,medium,False,0.9515502267850159,0,0.034231479272692544,0.034231479272692544,0,0,1
2533,medium,False,0.9305742712941671,0,0.016651483679966272,0.016651483679966272,0,0,1
2534,medium,False,0.9489729113310456,6,0.01441638056757577,0.01441638056757577,0,0,1
2535,medium,False,0.9822456823270318,6,0.02368425987570577,0.02368425987570577,0,0,1
2536,solid,False,0.9997499218801292,2,0.01090733552640141,0.01090733552640141,1,0,1
2537,solid,False,1.0013528297401137,8,0.007685189863767911,-0.007685189863767911,1,0,1
2538,solid,False,0.9926375848683372,8,0.012909732001562674,-0.012909732001562674,1,0,1
2539,solid,False,0.9839913393153039,8,0.013816053386858804,-0.013816053386858804,1,0,1
2540,medium,False,1.044934876898119,6,0.4887397080090192,0.4887397080090192,0,0,1
2541,medium,False,0.946621931338476,6,0.18243557500614985,0.18243557500614985,0,0,1
2542,medium,False,0.8449910402908746,6,0.03506825294037935,-0.03506825294037935,1,0,1
2543,medium,False,0.7968562370297725,6,0.042209216970521435,-0.042209216970521435,1,0,1
2544,medium,False,0.7450567796466144,6,0.04735950714442841,-0.04735950714442841,1,0,1
2545,medium,False,0.6903961948638017,6,0.051333772632169344,-0.051333772632169344,1,0,1
2546,medium,False,0.6340309620111749,6,0.05415847440629212,-0.05415847440629212,1,0,1
2547,medium,False,0.5769905317319703,6,0.055831106669044506,-0.055831106669044506,1,0,1
2548,medium,False,0.519860348747176,6,0.056585875568297805,-0.056585875568297805,1,0,1
2549,medium,False,0.46307034639703354,6,0.056705632025823516,-0.056705632025823516,1,0,1
2550,medium,False,0.4069587329467979,6,0.05635803369229264,-0.05635803369229264,1,0,1
2551,medium,False,0.351753767829705,6,0.05567952881639826,-0.05567952881639826,1,0,1
2552,medium,False,0.29760010502194634,6,0.05477696750631911,-0.05477696750631911,1,0,1
2553,medium,False,0.24461815305097212,6,0.053710727591286256,-0.053710727591286256,1,0,1
2554,medium,False,0.19281892106377546,6,0.05255982264295489,-0.05255982264295489,1,0,1
2555,medium,False,0.1420832806159455,6,0.051450189120930134,-0.051450189120930134,1,0,1
2556,medium,False,0.0922210007428805,6,0.05047731162384439,-0.05047731162384439,1,0,1
2557,medium,False,0.04425589143502326,6,0.04895368409650691,-0.04895368409650691,1,0,1
2558,medium,False,0.006620898752352695,2,0.00792001395148785,0.00792001395148785,1,0,1
2559,medium,False,0.02185028547743776,2,0.0010881543783425734,0.0010881543783425734,1,0,1
2560,medium,False,0.988998638599525,2,0.001887355124484895,0.001887355124484895,1,0,1
2561,medium,False,0.9847668373796646,2,0.002327884013879164,0.002327884013879164,1,0,1
2562,medium,False,0.9905190998860676,2,0.0012614729768677564,0.0012614729768677564,1,0,1
2563,medium,False,0.9933464286199355,2,0.0008938140588067734,0.0008938140588067734,1,0,1
2564,medium,False,0.9814686222766761,2,0.001277195191167424,-0.001277195191167424,0,0,1
2565,medium,False,0.9953249697760123,6,0.0002649118508840087,-0.0002649118508840087,1,0,1
2566,solid,False,0.9912322071072017,2,0.005901675507798354,0.005901675507798354,1,0,1
2567,solid,False,0.9908000935880026,6,0.004198921476838535,0.004198921476838535,0,0,1
2568,solid,False,0.9937106086417536,0,0.0017428414412707927,0.0017428414412707927,0,0,1
2569,solid,False,0.9958145593235095,6,0.0011841149683105845,-0.0011841149683105845,1,0,1
2570,solid,False,0.996237508638986,0,0.0007643312706069327,0.0007643312706069327,0,0,1
2571,solid,False,0.9969892902540782,0,0.0009702678117706753,0.0009702678117706753,0,0,1
2572,solid,False,0.9977202128394304,6,0.0007303501810855817,0.0007303501810855817,0,0,1
2573,solid,False,0.998059694271794,6,0.0006399867619548694,0.0006399867619548694,0,0,1
2574,solid,False,0.998245909610512,6,0.0006220189817052191,0.0006220189817052191,0,0,1
2575,solid,False,0.9982939833237418,6,0.0006583787923810647,0.0006583787923810647,0,0,1
2576,solid,False,0.9983767773477283,6,0.0007626400309872494,0.0007626400309872494,0,0,1
2577,solid,False,0.998108337133472,6,0.0005787566610153672,0.0005787566610153672,0,0,1
2578,solid,False,0.9981546974527633,2,0.00044318274025201276,0.00044318274025201276,1,0,1
2579,solid,False,0.9968609074505027,6,0.00248514449931192,0.00248514449931192,0,0,1
2580,medium,False,0.9855690032725418,2,0.015080290572263233,0.015080290572263233,1,0,1
2581,medium,False,1.0022097125408216,2,0.01537815502521822,0.01537815502521822,1,0,1
2582,medium,False,1.0014009330564888,2,0.012475499199509854,0.012475499199509854,1,0,1
2583,medium,False,1.0152023728805024,2,0.01267432679271685,0.01267432679271685,1,0,1
2584,medium,False,1.010530551100399,2,0.009900787256390542,0.009900787256390542,1,0,1
2585,medium,False,1.0215674160302717,2,0.010063805876313614,0.010063805876313614,1,0,1
2586,medium,False,1.01363063811629,2,0.008400784440597553,-0.008400784440597553,0,0,1
2587,medium,False,1.0221287011996374,2,0.009052146043215137,-0.009052146043215137,0,0,1
2588,medium,False,1.0116158452184771,2,0.007362626684458418,-0.007362626684458418,0,0,1
2589,medium,False,1.0178205344560654,2,0.007868426685758267,-0.007868426685758267,0,0,1
2590,medium,False,1.0051274015416785,2,0.006182492439470888,-0.006182492439470888,0,0,1
2591,medium,False,1.00935534453885,2,0.0065726705695347,-0.0065726705695347,0,0,1
2592,medium,False,0.9942836804383716,2,0.004896915700488669,-0.004896915700488669,0,0,1
2593,medium,False,0.9968506271347022,2,0.005197161183624344,-0.005197161183624344,0,0,1
2594,medium,False,0.9792760931018433,2,0.003571271216319727,-0.003571271216319727,0,0,1
2595,medium,False,0.9588537898240151,2,0.002078253694054455,0.002078253694054455,1,0,1
2596,medium,False,0.9331027861992396,2,0.0020216731531670362,0.0020216731531670362,1,0,1
2597,medium,False,0.868009313031081,0,0.0028472617147143817,0.0028472617147143817,0,0,1
2598,medium,False,0.9307497872571646,8,0.0028671896959231447,-0.0028671896959231447,1,0,1
2599,medium,False,0.9510159728422094,8,0.006448627837459364,-0.006448627837459364,1,0,1
2600,medium,False,0.9664300497213679,8,0.008596751846601247,-0.008596751846601247,1,0,1
2601,medium,False,0.9787642962972798,8,0.01016824519694337,-0.01016824519694337,1,0,1
2602,medium,False,0.9871139679492834,8,0.01164833100975149,-0.01164833100975149,1,0,1
2603,medium,False,0.9928747941125835,8,0.013263138921114748,-0.013263138921114748,1,0,1
2604,medium,False,0.9964756144861083,8,0.015057476194446973,-0.015057476194446973,1,0,1
2605,medium,False,0.9978587111947274,8,0.01699629894209098,-0.01699629894209098,1,0,1
2606,medium,False,0.9967699374783615,8,0.018997809930260456,-0.018997809930260456,1,0,1
2607,medium,False,0.9928758887307324,8,0.020855744589485026,-0.020855744589485026,1,0,1
2608,solid,False,0.9992410719568091,8,0.006835406652178522,-0.006835406652178522,1,0,1
2609,solid,False,0.9954163552061351,0,0.016601199793028987,0.016601199793028987,0,0,1
2610,solid,False,0.9995967453938451,6,0.008208842487901657,0.008208842487901657,0,0,1
2611,solid,False,0.9930751272781351,6,0.004559943854292786,-0.004559943854292786,1,0,1
2612,solid,False,0.9848854546221039,8,0.005498566131677006,-0.005498566131677006,1,0,1
2613,medium,False,0.9267966668537965,0,0.03994089986774563,0.03994089986774563,0,0,1
2614,medium,False,0.9485678642940268,0,0.04007132511323941,0.04007132511323941,0,0,1
2615,solid,False,0.9969580521865226,2,0.008764595748350312,-0.008764595748350312,0,0,1
2616,solid,False,1.001341129528363,2,0.0030401630621739173,-0.0030401630621739173,0,0,1
2617,solid,False,0.9993107109633728,6,0.005092462491310458,-0.005092462491310458,1,0,1
2618,solid,False,0.9932396552745791,8,0.009623993404009937,-0.009623993404009937,1,0,1
2619,solid,False,0.9881842449213998,8,0.009400138158137901,-0.009400138158137901,1,0,1
2620,medium,False,1.5707699919224536,2,0.0169455057501364,0.0169455057501364,1,0,1
2621,medium,False,1.2495317329196625,6,0.03489871439764777,0.03489871439764777,0,0,1
2622,medium,True,1.0,0,0.0,0.0,0,0,0
2623,medium,True,1.0,0,0.0,0.0,0,0,0
2624,medium,True,1.0,0,0.0,0.0,0,0,0
2625,medium,True,1.0,0,0.0,0.0,0,0,0
2626,medium,True,1.0,0,0.0,0.0,0,0,0
2627,medium,True,1.0,0,0.0,0.0,0,0,0
2628,medium,True,1.0,0,0.0,0.0,0,0,0
2629,medium,True,1.0,0,0.0,0.0,0,0,0
2630,medium,True,1.0,0,0.0,0.0,0,0,0
2631,medium,True,1.0,0,0.0,0.0,0,0,0
2632,medium,True,1.0,0,0.0,0.0,0,0,0
2633,medium,True,1.0,0,0.0,0.0,0,0,0
2634,medium,True,1.0,0,0.0,0.0,0,0,0
2635,medium,True,1.0,0,0.0,0.0,0,0,0
2636,medium,True,1.0,0,0.0,0.0,0,0,0
2637,medium,True,1.0,0,0.0,0.0,0,0,0
2638,medium,False,0.9810200465608577,6,0.013888098269197097,-0.013888098269197097,1,0,1
2639,medium,False,0.9696615626232059,6,0.012329787099916778,-0.012329787099916778,1,0,1
2640,medium,False,0.986857880060813,2,0.0019876296308317318,0.0019876296308317318,1,0,1
2641,medium,False,0.98207705147456,2,0.002428407125378132,0.002428407125378132,1,0,1
2642,medium,False,0.9883694364155526,2,0.001313526627526037,0.001313526627526037,1,0,1
2643,medium,False,0.9916202721974113,0,0.0009021841160177842,0.0009021841160177842,1,0,1
2644,medium,False,0.9783090194998278,2,0.001335911716310756,-0.001335911716310756,0,0,1
2645,solid,False,0.9867705467860047,2,0.006920337406561172,-0.006920337406561172,0,0,1
2646,solid,False,0.9940335081695848,2,0.0012196171128118216,-0.0012196171128118216,0,0,1
2647,solid,False,0.9955370819269065,8,0.0010934739498249108,-0.0010934739498249108,1,0,1
2648,solid,False,0.9960955524975544,0,0.00091498395006262,0.00091498395006262,0,0,1
2649,solid,False,0.9965317992116048,6,0.0012629822044385453,0.0012629822044385453,0,0,1
2650,solid,False,0.9973613440350825,6,0.0010363022166739455,0.0010363022166739455,0,0,1
2651,solid,False,0.9977607494378918,0,0.0011658314822284854,0.0011658314822284854,0,0,1
2652,solid,False,0.9981328656711905,6,0.0011754626386097922,0.0011754626386097922,0,0,1
2653,solid,False,0.9984070532342433,6,0.0010443581305901173,0.0010443581305901173,0,0,1
2654,solid,False,0.9985160715424604,6,0.000994396535242581,0.000994396535242581,0,0,1
2655,solid,False,0.998487768851146,6,0.0009687174041907998,0.0009687174041907998,0,0,1
2656,solid,False,0.9987223866218291,0,0.0005326117578712264,0.0005326117578712264,0,0,1
2657,solid,False,0.9978419377649468,6,0.0018655950687296308,0.0018655950687296308,0,0,1
2658,medium,False,0.9892410944209202,2,0.01644763700994456,0.01644763700994456,1,0,1
2659,medium,False,1.0066503337662758,2,0.01675260429881087,0.01675260429881087,1,0,1
2660,medium,False,1.0096402140977145,2,0.013883434026124797,0.013883434026124797,1,0,1
2661,medium,False,1.0243563860622975,2,0.014105100335083165,0.014105100335083165,1,0,1
2662,medium,False,1.0232873380738734,2,0.011289502305970922,0.011289502305970922,1,0,1
2663,medium,False,1.0353112845688743,2,0.011496526375600169,0.011496526375600169,1,0,1
2664,medium,False,1.0306310751213035,2,0.008879433896277766,0.008879433896277766,1,0,1
2665,medium,False,1.040191514436585,2,0.009129590125160902,0.009129590125160902,1,0,1
2666,medium,False,1.032555687303614,2,0.006804317999095644,0.006804317999095644,1,0,1
2667,medium,False,1.0399728904903558,2,0.007125891809207863,0.007125891809207863,1,0,1
2668,medium,False,1.0300739817539337,2,0.005161802575573415,0.005161802575573415,1,0,1
2669,medium,False,1.0356391442949888,2,0.005556901913947199,0.005556901913947199,1,0,1
2670,medium,False,1.023872535705154,2,0.003997739851386184,0.003997739851386184,1,0,1
2671,medium,False,1.0279090450413613,2,0.0044473557293698285,0.0044473557293698285,1,0,1
2672,medium,False,1.0140996530316,2,0.0032713038724172527,0.0032713038724172527,1,0,1
2673,medium,False,1.016903599993573,2,0.003715194405872646,0.003715194405872646,1,0,1
2674,medium,False,1.000967893747374,2,0.0032891215429058374,0.0032891215429058374,1,0,1
2675,medium,False,0.9821807111194195,0,0.003014219254328987,0.003014219254328987,1,0,1
2676,medium,False,0.9566799243856792,0,0.0031027961764615863,0.0031027961764615863,1,0,1
2677,medium,False,0.8940612157371602,0,0.0040342831470484355,0.0040342831470484355,0,0,1
2678,medium,False,0.9558609833922408,6,0.0018428574948599064,-0.0018428574948599064,1,0,1
2679,medium,False,0.9769269572997369,6,0.005359306135432451,-0.005359306135432451,1,0,1
2680,medium,False,0.9922161983893588,8,0.007266926170556687,-0.007266926170556687,1,0,1
2681,medium,False,1.0048321325401168,8,0.00853073625992018,-0.00853073625992018,1,0,1
2682,medium,False,1.0138529833885443,8,0.009720521276770033,-0.009720521276770033,1,0,1
2683,medium,False,1.0205395159347095,8,0.011076389575833456,-0.011076389575833456,1,0,1
2684,medium,False,1.0252583145504737,8,0.01265301590163459,-0.01265301590163459,1,0,1
2685,medium,False,1.0279221097823827,8,0.01442982111929103,-0.01442982111929103,1,0,1
2686,medium,False,1.028256728679494,8,0.016343062830797228,-0.016343062830797228,1,0,1
2687,medium,False,1.0259569091407934,8,0.018199092986258436,-0.018199092986258436,1,0,1
2688,medium,False,1.0199370990059162,8,0.01983032542865243,-0.01983032542865243,1,0,1
2689,medium,False,1.0127693926210983,8,0.02170439072344965,-0.02170439072344965,1,0,1
2690,solid,False,1.009621345161506,6,0.003949631509744811,0.003949631509744811,0,0,1
2691,solid,False,0.9999566189631556,6,0.006778874595619322,0.006778874595619322,0,0,1
2692,solid,False,0.9868408341873762,6,0.010911834127769415,0.010911834127769415,0,0,1
2693,solid,False,0.9710097877530935,0,0.0253486934824374,0.0253486934824374,0,0,1
2694,solid,False,0.9927751105262933,0,0.0067051805649028795,0.0067051805649028795,0,0,1
2695,solid,False,0.9994853051813439,2,0.00146528387836831,0.00146528387836831,1,0,1
2696,solid,False,1.0005759224995587,6,0.0011541284999960163,-0.0011541284999960163,1,0,1
2697,solid,False,0.997258267792333,6,0.004471211533447162,-0.004471211533447162,1,0,1
2698,solid,False,0.993926883976146,6,0.00676959370400116,-0.00676959370400116,1,0,1
2699,solid,False,0.9915730554454046,8,0.005999555701720907,-0.005999555701720907,1,0,1
2700,medium,False,1.5666015825821946,2,0.012683705708260874,0.012683705708260874,1,0,1
2701,medium,False,1.2844304473173103,6,0.03162921648558781,0.03162921648558781,0,0,1
2702,medium,True,1.0,0,0.0,0.0,0,0,0
2703,medium,True,1.0,0,0.0,0.0,0,0,0
2704,medium,True,1.0,0,0.0,0.0,0,0,0
2705,medium,True,1.0,0,0.0,0.0,0,0,0
2706,medium,True,1.0,0,0.0,0.0,0,0,0
2707,medium,True,1.0,0,0.0,0.0,0,0,0
2708,medium,True,1.0,0,0.0,0.0,0,0,0
2709,medium,True,1.0,0,0.0,0.0,0,0,0
2710,medium,True,1.0,0,0.0,0.0,0,0,0
2711,medium,True,1.0,0,0.0,0.0,0,0,0
2712,medium,True,1.0,0,0.0,0.0,0,0,0
2713,medium,True,1.0,0,0.0,0.0,0,0,0
2714,medium,True,1.0,0,0.0,0.0,0,0,0
2715,medium,True,1.0,0,0.0,0.0,0,0,0
2716,medium,True,1.0,0,0.0,0.0,0,0,0
2717,medium,True,1.0,0,0.0,0.0,0,0,0
2718,medium,False,0.9814427848610249,6,0.013628208160642433,-0.013628208160642433,1,0,1
2719,medium,False,0.9707760343086678,6,0.012147578703927644,-0.012147578703927644,1,0,1
2720,medium,False,0.9888298788335036,2,0.0021337442345422362,0.0021337442345422362,1,0,1
2721,medium,False,0.9837304750796855,2,0.0026370432027498156,0.0026370432027498156,1,0,1
2722,medium,False,0.9902639870336751,2,0.0014966474352145868,0.0014966474352145868,1,0,1
2723,solid,False,0.9880182052387585,2,0.008718622777373224,0.008718622777373224,1,0,1
2724,solid,False,0.9831194562953107,6,0.009559933501734452,0.009559933501734452,0,0,1
2725,solid,False,0.9900607289600288,0,0.0034402645157287706,0.0034402645157287706,1,0,1
2726,solid,False,0.9953680377016357,0,0.0013558863117710818,0.0013558863117710818,0,0,1
2727,solid,False,0.9962002870416842,6,0.001341079601431483,0.001341079601431483,0,0,1
2728,solid,False,0.9970921015422858,6,0.001292783393096908,0.001292783393096908,0,0,1
2729,solid,False,0.997550932726292,6,0.0015125009013470248,0.0015125009013470248,0,0,1
2730,solid,False,0.9980041515517989,6,0.001588708379334225,0.001588708379334225,0,0,1
2731,solid,False,0.9985192028551649,0,0.0015207503940914968,0.0015207503940914968,0,0,1
2732,solid,False,0.9986991350549661,6,0.0013203788497941904,0.0013203788497941904,0,0,1
2733,solid,False,0.9989155278641736,6,0.001506676062645207,0.001506676062645207,0,0,1
2734,solid,False,0.9989331101452881,6,0.0013014855263817626,0.0013014855263817626,0,0,1
2735,solid,False,0.9988722376001737,6,0.00125680187008137,0.00125680187008137,0,0,1
2736,medium,False,0.9919594121770485,2,0.01745656346018254,0.01745656346018254,1,0,1
2737,medium,False,1.0096303663940072,2,0.01768927339016102,0.01768927339016102,1,0,1
2738,medium,False,1.016665472961225,2,0.014801884870471738,0.014801884870471738,1,0,1
2739,medium,False,1.0317739264645456,2,0.014953765117391882,0.014953765117391882,1,0,1
2740,medium,False,1.0336517498706814,2,0.012046408515681728,0.012046408515681728,1,0,1
2741,medium,False,1.0460087792253276,2,0.012187280230090525,0.012187280230090525,1,0,1
2742,medium,False,1.0439521278983437,2,0.009447081621179576,0.009447081621179576,1,0,1
2743,medium,False,1.053747184396844,2,0.009645777979236492,0.009645777979236492,1,0,1
2744,medium,False,1.048320912524273,2,0.007181738760673628,0.007181738760673628,1,0,1
2745,medium,False,1.0559125933997777,2,0.007480211764630429,0.007480211764630429,1,0,1
2746,medium,False,1.047818449649425,2,0.0053443994527283545,0.0053443994527283545,1,0,1
2747,medium,False,1.0535938405786371,2,0.005751189941099466,0.005751189941099466,1,0,1
2748,medium,False,1.0435168784104427,2,0.003981941078441187,0.003981941078441187,1,0,1
2749,medium,False,1.0477891186929693,2,0.004483390748172611,0.004483390748172611,1,0,1
2750,medium,False,1.036109698273936,2,0.0031086856463672374,0.0031086856463672374,1,0,1
2751,medium,False,1.0391929846151846,2,0.00367539019241514,0.00367539019241514,1,0,1
2752,medium,False,1.0257445771933127,2,0.002668848334684948,0.002668848334684948,1,0,1
2753,medium,False,1.0279123820734533,2,0.003235204746925624,0.003235204746925624,1,0,1
2754,medium,False,1.0126105378352714,2,0.002975717420818258,0.002975717420818258,1,0,1
2755,medium,False,0.9937183179040502,0,0.002860550977904719,0.002860550977904719,1,0,1
2756,medium,False,0.9694652182931752,0,0.003115490682977451,0.003115490682977451,1,0,1
2757,medium,False,0.9090981319817479,0,0.0041511614886342585,0.0041511614886342585,0,0,1
2758,medium,False,0.9683478429916016,6,0.0020442530946991333,0.0020442530946991333,0,0,1
2759,medium,False,0.9878776825149038,6,0.005306222360055957,-0.005306222360055957,1,0,1
2760,medium,False,1.0032981521313855,8,0.007090513951206856,-0.007090513951206856,1,0,1
2761,medium,False,1.0152070724313058,8,0.008194148572290283,-0.008194148572290283,1,0,1
2762,medium,False,1.0237778399437047,8,0.009224361620505883,-0.009224361620505883,1,0,1
2763,medium,False,1.0301929823158764,8,0.010425212465654088,-0.010425212465654088,1,0,1
2764,medium,False,1.0347940297833131,8,0.011853437209418227,-0.011853437209418227,1,0,1
2765,medium,False,1.0374978683082476,8,0.013494265569319208,-0.013494265569319208,1,0,1
2766,medium,False,1.0380448915636453,8,0.015294102610465266,-0.015294102610465266,1,0,1
2767,medium,False,1.036160873353348,8,0.017072850142972218,-0.017072850142972218,1,0,1
2768,medium,False,1.030819271254711,8,0.01869021327615722,-0.01869021327615722,1,0,1
2769,medium,False,1.0242924373164046,8,0.020570971259407655,-0.020570971259407655,1,0,1
2770,medium,False,1.0091926731552003,8,0.018273058201214387,-0.018273058201214387,1,0,1
2771,solid,False,1.0091450644587565,6,0.004825062230695565,0.004825062230695565,0,0,1
2772,solid,False,0.9981793325963979,6,0.00925391111267114,-0.00925391111267114,1,0,1
2773,solid,False,0.9980884187233509,0,0.0033720446194552833,0.0033720446194552833,0,0,1
2774,solid,False,0.9938219828195952,0,0.005410554133141274,0.005410554133141274,1,0,1
2775,solid,False,0.9978271895721634,0,0.0036405528880686377,0.0036405528880686377,0,0,1
2776,solid,False,0.9982193571155292,6,0.002335734348755114,0.002335734348755114,0,0,1
2777,solid,False,0.9963529725871704,6,0.0037800276324017907,-0.0037800276324017907,1,0,1
2778,solid,False,0.9945086406242635,6,0.004922551224555805,-0.004922551224555805,1,0,1
2779,solid,False,0.9936104465350818,8,0.003936586089535975,-0.003936586089535975,1,0,1
2780,medium,False,1.5596812219743108,2,0.010817627946024533,-0.010817627946024533,0,0,1
2781,medium,False,1.316059663802898,6,0.027886590853827442,0.027886590853827442,0,0,1
2782,medium,True,1.0,0,0.0,0.0,0,0,0
2783,medium,True,1.0,0,0.0,0.0,0,0,0
2784,medium,True,1.0,0,0.0,0.0,0,0,0
2785,medium,True,1.0,0,0.0,0.0,0,0,0
2786,medium,True,1.0,0,0.0,0.0,0,0,0
2787,medium,True,1.0,0,0.0,0.0,0,0,0
2788,medium,True,1.0,0,0.0,0.0,0,0,0
2789,medium,True,1.0,0,0.0,0.0,0,0,0
2790,medium,True,1.0,0,0.0,0.0,0,0,0
2791,medium,True,1.0,0,0.0,0.0,0,0,0
2792,medium,True,1.0,0,0.0,0.0,0,0,0
2793,medium,True,1.0,0,0.0,0.0,0,0,0
2794,medium,True,1.0,0,0.0,0.0,0,0,0
2795,medium,True,1.0,0,0.0,0.0,0,0,0
2796,medium,True,1.0,0,0.0,0.0,0,0,0
2797,medium,True,1.0,0,0.0,0.0,0,0,0
2798,medium,False,0.9818042185878821,6,0.013406145744136011,-0.013406145744136011,1,0,1
2799,medium,False,0.9717247662553503,6,0.011990086832108393,-0.011990086832108393,1,0,1
2800,medium,False,0.9888880138501341,2,0.0022152213636661873,0.0022152213636661873,1,0,1
2801,medium,False,0.9831325960177989,2,0.0027494373526183967,0.0027494373526183967,1,0,1
2802,solid,False,0.9892471928881953,2,0.004619886404411462,0.004619886404411462,1,0,1
2803,solid,False,0.9915323684137095,0,0.00248363179349953,0.00248363179349953,0,0,1
2804,solid,False,0.9947954445621798,6,0.0008519135587325422,-0.0008519135587325422,1,0,1
2805,solid,False,0.9947043154597853,0,0.0019459989941246203,0.0019459989941246203,0,0,1
2806,solid,False,0.9963491350584737,6,0.0027449437862518966,0.0027449437862518966,0,0,1
2807,solid,False,0.997028240172848,6,0.002673453685309468,0.002673453685309468,0,0,1
2808,solid,False,0.9980983333302855,6,0.0025479318974777065,0.0025479318974777065,0,0,1
2809,solid,False,0.9985149334664103,6,0.0018509923069331968,0.0018509923069331968,0,0,1
2810,solid,False,0.9987129666008202,6,0.001981305208110351,0.001981305208110351,0,0,1
2811,solid,False,0.9991421534973669,0,0.0018040044473228711,0.0018040044473228711,0,0,1
2812,solid,False,0.9991686269877498,6,0.002050933919353959,0.002050933919353959,0,0,1
2813,solid,False,0.9996691686806966,0,0.0005564998226754714,0.0005564998226754714,0,0,1
2814,medium,False,0.9948499399971132,2,0.0186586308886173,0.0186586308886173,1,0,1
2815,medium,False,1.0128235339724752,2,0.018809620550939488,0.018809620550939488,1,0,1
2816,medium,False,1.0232091312505291,2,0.015839312717892073,0.015839312717892073,1,0,1
2817,medium,False,1.0387301425859508,2,0.015928028923468007,0.015928028923468007,1,0,1
2818,medium,False,1.0443872158181076,2,0.012874540138777424,0.012874540138777424,1,0,1
2819,medium,False,1.057154199916788,2,0.012952835257198148,0.012952835257198148,1,0,1
2820,medium,False,1.0576957756880805,2,0.010039856330011587,0.010039856330011587,1,0,1
2821,medium,False,1.0677637188506894,2,0.010188125058767317,0.010188125058767317,1,0,1
2822,medium,False,1.0645623624511702,2,0.007552567841852764,0.007552567841852764,1,0,1
2823,medium,False,1.0722921953218272,2,0.007824282296899798,0.007824282296899798,1,0,1
2824,medium,False,1.0660161947278823,2,0.005529308081562712,0.005529308081562712,1,0,1
2825,medium,False,1.071866058168263,2,0.0059432102886807225,0.0059432102886807225,1,0,1
2826,medium,False,1.0632477856657732,2,0.003999517511985462,0.003999517511985462,1,0,1
2827,medium,False,1.067643159692484,2,0.004544479397545098,0.004544479397545098,1,0,1
2828,medium,False,1.0573513725252595,2,0.0029644007255498206,0.0029644007255498206,1,0,1
2829,medium,False,1.0606080137769687,2,0.0036148579809422987,0.0036148579809422987,1,0,1
2830,medium,False,1.0490026736680809,2,0.0024160194304891913,0.0024160194304891913,1,0,1
2831,medium,False,1.0514175227592253,2,0.003137060679138548,0.003137060679138548,1,0,1
2832,medium,False,1.0383327862590979,2,0.002291970920097919,0.002291970920097919,1,0,1
2833,medium,False,1.040156336532354,2,0.003016652469007952,0.003016652469007952,1,0,1
2834,medium,False,1.0246016972918341,0,0.0029239531644230654,0.0029239531644230654,1,0,1
2835,medium,False,1.0064374664654814,0,0.0029697061936861946,0.0029697061936861946,1,0,1
2836,medium,False,0.9834117841057319,0,0.0033934924361505026,0.0033934924361505026,1,0,1
2837,medium,False,0.9250421460438312,0,0.004318319299879827,0.004318319299879827,0,0,1
2838,medium,False,0.9826536166006115,6,0.002736957576994912,0.002736957576994912,0,0,1
2839,medium,False,1.0011691912668623,6,0.005003912058834992,-0.005003912058834992,1,0,1
2840,medium,False,1.015972114085681,6,0.006651954316574615,-0.006651954316574615,1,0,1
2841,medium,False,1.0285518887452967,6,0.007573404931358496,-0.007573404931358496,1,0,1
2842,medium,False,1.0379289419090716,6,0.008422814572049298,-0.008422814572049298,1,0,1
2843,medium,False,1.0447848908884345,8,0.009452495965772356,-0.009452495965772356,1,0,1
2844,medium,False,1.0498922091349068,8,0.01072368849366001,-0.01072368849366001,1,0,1
2845,medium,False,1.0532556879178494,8,0.012228755447038442,-0.012228755447038442,1,0,1
2846,medium,False,1.0546098592311068,8,0.013924347180087504,-0.013924347180087504,1,0,1
2847,medium,False,1.0536892690450597,8,0.01563842541226451,-0.01563842541226451,1,0,1
2848,medium,False,1.049485501543551,8,0.017254484820989013,-0.017254484820989013,1,0,1
2849,medium,False,1.044035746741153,8,0.019173279860589365,-0.019173279860589365,1,0,1
2850,medium,False,1.0312189806607719,8,0.016905310964994008,-0.016905310964994008,1,0,1
2851,medium,False,1.023793176754138,8,0.015325750886349729,-0.015325750886349729,1,0,1
2852,solid,False,0.9970666397505813,8,0.017144228969568,-0.017144228969568,1,0,1
2853,solid,False,1.002136083000814,8,0.004635806920580743,-0.004635806920580743,0,0,1
2854,solid,False,1.0023435398795002,0,0.000669988619083333,0.000669988619083333,1,0,1
2855,solid,False,0.9998822583781588,0,0.0023553306483171665,0.0023553306483171665,0,0,1
2856,solid,False,0.9983169953584417,6,0.0023098700835123553,0.0023098700835123553,0,0,1
2857,solid,False,0.9965157568556948,6,0.0030387117003325965,-0.0030387117003325965,1,0,1
2858,solid,False,0.9950048607321033,6,0.0037511670054563018,-0.0037511670054563018,1,0,1
2859,solid,False,0.9941076739377525,6,0.0031190366903052803,-0.0031190366903052803,1,0,1
2860,medium,False,1.5520849026368049,2,0.009094868706623408,0.009094868706623408,1,0,1
2861,medium,False,1.3439462546567256,6,0.02366599258206875,0.02366599258206875,0,0,1
2862,medium,True,1.0,0,0.0,0.0,0,0,0
2863,medium,True,1.0,0,0.0,0.0,0,0,0
2864,medium,True,1.0,0,0.0,0.0,0,0,0
2865,medium,True,1.0,0,0.0,0.0,0,0,0
2866,medium,True,1.0,0,0.0,0.0,0,0,0
2867,medium,True,1.0,0,0.0,0.0,0,0,0
2868,medium,True,1.0,0,0.0,0.0,0,0,0
2869,medium,True,1.0,0,0.0,0.0,0,0,0
2870,medium,True,1.0,0,0.0,0.0,0,0,0
2871,medium,True,1.0,0,0.0,0.0,0,0,0
2872,medium,True,1.0,0,0.0,0.0,0,0,0
2873,medium,True,1.0,0,0.0,0.0,0,0,0
2874,medium,True,1.0,0,0.0,0.0,0,0,0
2875,medium,True,1.0,0,0.0,0.0,0,0,0
2876,medium,True,1.0,0,0.0,0.0,0,0,0
2877,medium,True,1.0,0,0.0,0.0,0,0,0
2878,medium,False,0.9821054261249395,6,0.01322159324786655,-0.01322159324786655,1,0,1
2879,medium,False,0.9725132402021281,6,0.011857940753178392,-0.011857940753178392,1,0,1
2880,solid,False,0.9981914032396665,0,0.0013121074072999228,0.0013121074072999228,0,0,1
2881,solid,False,0.9858135551125101,6,0.009289051162282957,0.009289051162282957,0,0,1
2882,solid,False,0.9890622363526663,0,0.004492617824320977,0.004492617824320977,0,0,1
2883,solid,False,0.9936655526681478,0,0.002737069009587703,0.002737069009587703,1,0,1
2884,solid,False,0.9966198835207495,0,0.0019432985934233482,0.0019432985934233482,0,0,1
2885,solid,False,0.9985910225592908,0,0.0021810883923345514,0.0021810883923345514,0,0,1
2886,solid,False,0.9980311838721099,6,0.0026808623306959767,0.0026808623306959767,0,0,1
2887,solid,False,0.9979952988050135,6,0.0038233291140306047,0.0038233291140306047,0,0,1
2888,solid,False,0.9992147143567324,0,0.003066740548161473,0.003066740548161473,0,0,1
2889,solid,False,0.9990330166285049,6,0.004251862343393142,0.004251862343393142,0,0,1
2890,solid,False,0.9999303873553441,0,0.0014489948038240996,0.0014489948038240996,0,0,1
2891,solid,False,0.999788657191848,2,0.0010533606249640282,0.0010533606249640282,1,0,1
2892,medium,False,0.9971405689807437,2,0.020020646975966838,0.020020646975966838,1,0,1
2893,medium,False,1.0153335909548853,2,0.02005763234644009,0.02005763234644009,1,0,1
2894,medium,False,1.0292739693191864,2,0.01690564863920513,0.01690564863920513,1,0,1
2895,medium,False,1.0449924526571208,2,0.01687258532831748,0.01687258532831748,1,0,1
2896,medium,False,1.0536047644321402,2,0.013576487788416136,0.013576487788416136,1,0,1
2897,medium,False,1.0664779372833784,2,0.013545624675856294,0.013545624675856294,1,0,1
2898,medium,False,1.070166003428906,2,0.010345352907131455,0.010345352907131455,1,0,1
2899,medium,False,1.0801483641693788,2,0.010383296294946831,0.010383296294946831,1,0,1
2900,medium,False,1.0787910714941653,2,0.00749850425670695,0.00749850425670695,1,0,1
2901,medium,False,1.0861753918704644,2,0.007672966232142753,0.007672966232142753,1,0,1
2902,medium,False,1.0812874257252942,2,0.0051677988440459455,0.0051677988440459455,1,0,1
2903,medium,False,1.0865692031708827,2,0.005501798815246484,0.005501798815246484,1,0,1
2904,medium,False,1.0788908070181609,2,0.003385852811623513,0.003385852811623513,1,0,1
2905,medium,False,1.0825804780914285,2,0.003869597329932084,0.003869597329932084,1,0,1
2906,medium,False,1.0728420925948063,2,0.002320216246467499,-0.002320216246467499,0,0,1
2907,medium,False,1.0753598527443888,2,0.002716952508745929,0.002716952508745929,1,0,1
2908,medium,False,1.0641855097140984,2,0.0016111498041098127,-0.0016111498041098127,0,0,1
2909,medium,False,1.0658128974600596,2,0.001998196374784489,0.001998196374784489,1,0,1
2910,medium,False,1.0535136940588339,2,0.0009497788456667156,0.0009497788456667156,1,0,1
2911,medium,False,1.054499436031329,2,0.0016826689491050706,0.0016826689491050706,1,0,1
2912,medium,False,1.0408820066678448,2,0.0009649174494701374,0.0009649174494701374,1,0,1
2913,medium,False,1.0414296990159009,2,0.0016765182588353023,0.0016765182588353023,1,0,1
2914,medium,False,1.0259745082324774,0,0.0016831093782035955,0.0016831093782035955,1,0,1
2915,medium,False,1.00777139692393,0,0.0018282997824746738,0.0018282997824746738,1,0,1
2916,medium,False,0.9848948787784187,0,0.00236188699255524,0.00236188699255524,1,0,1
2917,medium,False,0.9278039088007276,0,0.003107772799017557,0.003107772799017557,0,0,1
2918,medium,False,0.9821576131633707,6,0.0024958745024766804,-0.0024958745024766804,1,0,1
2919,medium,False,0.9990293752612941,6,0.0059945935229333,-0.0059945935229333,1,0,1
2920,medium,False,1.012139512305549,6,0.007664777975397996,-0.007664777975397996,1,0,1
2921,medium,False,1.02284787619581,8,0.008621015936384091,-0.008621015936384091,1,0,1
2922,medium,False,1.0299850659799328,8,0.009501987317355742,-0.009501987317355742,1,0,1
2923,medium,False,1.0351809059440873,8,0.010551973061112052,-0.010551973061112052,1,0,1
2924,medium,False,1.0387543687658423,8,0.011825488290626074,-0.011825488290626074,1,0,1
2925,medium,False,1.0406423442145958,8,0.013309746533782918,-0.013309746533782918,1,0,1
2926,medium,False,1.0406228384704619,8,0.01495882173697638,-0.01495882173697638,1,0,1
2927,medium,False,1.0384663666675893,8,0.016609867756775698,-0.016609867756775698,1,0,1
2928,medium,False,1.0332547007755866,8,0.018151374344288845,-0.018151374344288845,1,0,1
2929,medium,False,1.0269158377864953,8,0.019958964941709068,-0.019958964941709068,1,0,1
2930,medium,False,1.0134357208347282,8,0.01790077989142594,-0.01790077989142594,1,0,1
2931,medium,False,1.004822464779717,8,0.01649327627508916,-0.01649327627508916,1,0,1
2932,solid,False,0.9965289569893466,0,0.00946918268946334,0.00946918268946334,1,0,1
2933,solid,False,1.0046463430696209,8,0.005245689844888494,-0.005245689844888494,1,0,1
2934,solid,False,1.0035451344687976,8,0.0026466329621004266,-0.0026466329621004266,1,0,1
2935,solid,False,1.0015014867692196,6,0.0012043010094642892,-0.0012043010094642892,1,0,1
2936,solid,False,0.9991151293141174,6,0.0017607658259426637,-0.0017607658259426637,1,0,1
2937,solid,False,0.9970515119088014,6,0.0026566866097451933,-0.0026566866097451933,1,0,1
2938,solid,False,0.9953381239957356,6,0.0031646545542082776,-0.0031646545542082776,1,0,1
2939,solid,False,0.9939162142089418,6,0.0030196677624002716,-0.0030196677624002716,1,0,1
2940,medium,False,1.5452582046254824,2,0.008736502484057957,0.008736502484057957,1,0,1
2941,medium,False,1.3669118172238646,0,0.018970072671468885,0.018970072671468885,0,0,1
2942,medium,True,1.0,0,0.0,0.0,0,0,0
2943,medium,True,1.0,0,0.0,0.0,0,0,0
2944,medium,True,1.0,0,0.0,0.0,0,0,0
2945,medium,True,1.0,0,0.0,0.0,0,0,0
2946,medium,True,1.0,0,0.0,0.0,0,0,0
2947,medium,True,1.0,0,0.0,0.0,0,0,0
2948,medium,True,1.0,0,0.0,0.0,0,0,0
2949,medium,True,1.0,0,0.0,0.0,0,0,0
2950,medium,True,1.0,0,0.0,0.0,0,0,0
2951,medium,True,1.0,0,0.0,0.0,0,0,0
2952,medium,True,1.0,0,0.0,0.0,0,0,0
2953,medium,True,1.0,0,0.0,0.0,0,0,0
2954,medium,True,1.0,0,0.0,0.0,0,0,0
2955,medium,True,1.0,0,0.0,0.0,0,0,0
2956,medium,True,1.0,0,0.0,0.0,0,0,0
2957,medium,True,1.0,0,0.0,0.0,0,0,0
2958,medium,False,0.9823473148983205,6,0.013074281212508927,-0.013074281212508927,1,0,1
2959,medium,False,0.9731461106332535,6,0.011751645739569862,-0.011751645739569862,1,0,1
2960,solid,False,0.9938871790123074,8,0.0010965230241647035,-0.0010965230241647035,1,0,1
2961,solid,False,0.9936660079183635,2,0.0007468344678364502,0.0007468344678364502,1,0,1
2962,solid,False,0.9933330896844489,0,0.004195181081923053,0.004195181081923053,1,0,1
2963,solid,False,0.9954741871219512,0,0.0044656341653270225,0.0044656341653270225,1,0,1
2964,solid,False,0.9997910651101773,0,0.0015458752609688563,0.0015458752609688563,1,0,1
2965,solid,False,1.0009673363055895,6,0.0031864542633925907,0.0031864542633925907,0,0,1
2966,solid,False,0.9975641321401815,6,0.009388928279979503,0.009388928279979503,0,0,1
2967,solid,False,1.0002695463359665,0,0.0022925265703077624,0.0022925265703077624,0,0,1
2968,solid,False,0.9993292905809175,2,0.0021598576883975207,0.0021598576883975207,1,0,1
2969,medium,False,1.0018995337187517,2,0.021344673071566428,0.021344673071566428,1,0,1
2970,medium,False,1.0207519124276083,2,0.021609323081964227,0.021609323081964227,1,0,1
2971,medium,False,1.0399188786000464,2,0.021661204040898996,0.021661204040898996,1,0,1
2972,medium,False,1.0576157119496856,2,0.017634826954750438,0.017634826954750438,1,0,1
2973,medium,False,1.0729844101172674,2,0.017491091790227398,0.017491091790227398,1,0,1
2974,medium,False,1.0843649192852138,2,0.013548858435190325,0.013548858435190325,1,0,1
2975,medium,False,1.096436778395136,2,0.013463583310371674,0.013463583310371674,1,0,1
2976,medium,False,1.1018196618188694,2,0.009720684718069028,0.009720684718069028,1,0,1
2977,medium,False,1.1106945282394374,2,0.009797595194314668,0.009797595194314668,1,0,1
2978,medium,False,1.1109901957905075,2,0.006474400395987068,0.006474400395987068,1,0,1
2979,medium,False,1.1170789761829307,2,0.006749638336987163,0.006749638336987163,1,0,1
2980,medium,False,1.112596536139766,2,0.003997859106952217,0.003997859106952217,1,0,1
2981,medium,False,1.116534705023908,2,0.004481114775545969,0.004481114775545969,1,0,1
2982,medium,False,1.109039023650939,2,0.002358619694717623,-0.002358619694717623,0,0,1
2983,medium,False,1.111469050158669,2,0.0028852251472231694,0.0028852251472231694,1,0,1
2984,medium,False,1.1017812720585425,2,0.0017421790047871255,-0.0017421790047871255,0,0,1
2985,medium,False,1.103235740066299,2,0.001846967201592109,0.001846967201592109,1,0,1
2986,medium,False,1.0920639096880143,2,0.0011553173593554789,-0.0011553173593554789,0,0,1
2987,medium,False,1.0929170877124628,2,0.0012465796502774684,0.0012465796502774684,1,0,1
2988,medium,False,1.0808156222464784,2,0.0006194914032515708,-0.0006194914032515708,0,0,1
2989,medium,False,1.0812816744444247,2,0.0010205524035769575,0.0010205524035769575,1,0,1
2990,medium,False,1.0684909860289893,2,0.00018031519892108827,0.00018031519892108827,1,0,1
2991,medium,False,1.0687532808163924,2,0.0011440367946066732,0.0011440367946066732,1,0,1
2992,medium,False,1.0546327229622225,0,0.0006085898326100292,0.0006085898326100292,1,0,1
2993,medium,False,1.0548736026766985,0,0.0015363315131408095,0.0015363315131408095,1,0,1
2994,medium,False,1.0394780487036341,0,0.001731075080530331,0.001731075080530331,1,0,1
2995,medium,False,1.0218874713443165,0,0.00205475336631189,0.00205475336631189,1,0,1
2996,medium,False,0.9997878156723251,0,0.0027726707530869588,0.0027726707530869588,1,0,1
2997,medium,False,0.943886439907312,0,0.0027371130595271595,0.0027371130595271595,0,0,1
2998,medium,False,0.997954673023543,6,0.0020916861770499673,-0.0020916861770499673,1,0,1
2999,medium,False,1.014594983358957,6,0.005597576517718084,-0.005597576517718084,1,0,1
3000,medium,False,1.027694125328503,6,0.007134248893905237,-0.007134248893905237,1,0,1
3001,medium,False,1.0387377983980988,6,0.007899819571520916,-0.007899819571520916,1,0,1
3002,medium,False,1.0469056393993545,6,0.008591009682221318,-0.008591009682221318,1,0,1
3003,medium,False,1.0532904316071143,6,0.009466739168097649,-0.009466739168097649,1,0,1
3004,medium,False,1.057920303815907,8,0.010588890542234775,-0.010588890542234775,1,0,1
3005,medium,False,1.061002292758298,8,0.0119527637368958,-0.0119527637368958,1,0,1
3006,medium,False,1.0623134683577575,8,0.013521997405165964,-0.013521997405165964,1,0,1
3007,medium,False,1.0616036725382973,8,0.015134803307782607,-0.015134803307782607,1,0,1
3008,medium,False,1.0579245569420475,8,0.01669681438481896,-0.01669681438481896,1,0,1
3009,medium,False,1.0530832730181403,8,0.018585343405503135,-0.018585343405503135,1,0,1
3010,medium,False,1.0416241404204738,8,0.016372857263757715,-0.016372857263757715,1,0,1
3011,medium,False,1.0351513576549123,8,0.014741586624000831,-0.014741586624000831,1,0,1
3012,medium,False,1.0236679491490193,8,0.012001615060258482,-0.012001615060258482,1,0,1
3013,solid,False,1.0020003714014367,8,0.012997778438609685,-0.012997778438609685,1,0,1
3014,solid,False,1.0028659370437527,8,0.003647783740079836,-0.003647783740079836,1,0,1
3015,solid,False,1.001570300820876,8,0.002649810496839407,-0.002649810496839407,1,0,1
3016,solid,False,0.9996973421059826,6,0.0023828063491782006,-0.0023828063491782006,1,0,1
3017,solid,False,0.9974730917087442,6,0.002692891036766328,-0.002692891036766328,1,0,1
3018,solid,False,0.9954735604846178,6,0.0030206314512883567,-0.0030206314512883567,1,0,1
3019,solid,False,0.9935254589945236,6,0.0032357582399152457,-0.0032357582399152457,1,0,1
3020,medium,False,1.5399872551828786,2,0.008688264154572703,0.008688264154572703,1,0,1
3021,medium,False,1.3848709393057905,0,0.0138576800708054,0.0138576800708054,0,0,1
3022,medium,True,1.0,0,0.0,0.0,0,0,0
3023,medium,True,1.0,0,0.0,0.0,0,0,0
3024,medium,True,1.0,0,0.0,0.0,0,0,0
3025,medium,True,1.0,0,0.0,0.0,0,0,0
3026,medium,True,1.0,0,0.0,0.0,0,0,0
3027,medium,True,1.0,0,0.0,0.0,0,0,0
3028,medium,True,1.0,0,0.0,0.0,0,0,0
3029,medium,True,1.0,0,0.0,0.0,0,0,0
3030,medium,True,1.0,0,0.0,0.0,0,0,0
3031,medium,True,1.0,0,0.0,0.0,0,0,0
3032,medium,True,1.0,0,0.0,0.0,0,0,0
3033,medium,True,1.0,0,0.0,0.0,0,0,0
3034,medium,True,1.0,0,0.0,0.0,0,0,0
3035,medium,True,1.0,0,0.0,0.0,0,0,0
3036,medium,True,1.0,0,0.0,0.0,0,0,0
3037,medium,True,1.0,0,0.0,0.0,0,0,0
3038,medium,False,0.9825306215210245,6,0.01296399105689117,-0.01296399105689117,1,0,1
3039,medium,False,0.9736271953891591,6,0.011671593267157328,-0.011671593267157328,1,0,1
3040,solid,False,0.9846773179021956,2,0.006154135426873792,0.006154135426873792,1,0,1
3041,solid,False,0.9910635343415821,2,0.0025590363298808334,0.0025590363298808334,1,0,1
3042,solid,False,0.9951794463829308,2,0.0035940448051600526,0.0035940448051600526,1,0,1
3043,solid,False,0.997649963050106,0,0.005900634260770658,0.005900634260770658,1,0,1
3044,solid,False,1.0027886685167395,0,0.003836194453625404,0.003836194453625404,1,0,1
3045,solid,False,1.0023442807311373,6,0.0074484790084510324,-0.0074484790084510324,1,0,1
3046,medium,False,1.0088121876275908,2,0.02556293778005883,0.02556293778005883,1,0,1
3047,medium,False,1.0295723813286959,2,0.024976073694232465,0.024976073694232465,1,0,1
3048,medium,False,1.0502964469044602,2,0.024537969143368143,0.024537969143368143,1,0,1
3049,medium,False,1.0753586852538042,2,0.018804942222310633,0.018804942222310633,1,0,1
3050,medium,False,1.0912416910335503,2,0.018959638058827832,0.018959638058827832,1,0,1
3051,medium,False,1.1073327504588308,2,0.018819245411656,0.018819245411656,1,0,1
3052,medium,False,1.1221416974269927,2,0.013390648277992245,0.013390648277992245,1,0,1
3053,medium,False,1.13300690389296,2,0.013246458152483598,0.013246458152483598,1,0,1
3054,medium,False,1.1401810727723456,2,0.008516819682962501,0.008516819682962501,1,0,1
3055,medium,False,1.1471271374311391,2,0.008664948608550688,0.008664948608550688,1,0,1
3056,medium,False,1.1478773726560898,2,0.0046630367142661,0.0046630367142661,1,0,1
3057,medium,False,1.1517241198635095,2,0.005136110632833313,0.005136110632833313,1,0,1
3058,medium,False,1.1476367274194625,2,0.0019989563807072397,-0.0019989563807072397,0,0,1
3059,medium,False,1.1492646961437931,2,0.00263582410556093,0.00263582410556093,1,0,1
3060,medium,False,1.141030447066872,2,0.0015944330507631221,-0.0015944330507631221,0,0,1
3061,medium,False,1.141284045946213,2,0.0016001594420276266,-0.0016001594420276266,0,0,1
3062,medium,False,1.1299991314111846,8,0.0011849475225655937,-0.0011849475225655937,0,0,1
3063,medium,False,1.1302915300183731,2,0.0011981125771483025,-0.0011981125771483025,0,0,1
3064,medium,False,1.1170350320972597,8,0.0013502347460591924,-0.0013502347460591924,1,0,1
3065,medium,False,1.117207998296635,8,0.0008262829382001957,-0.0008262829382001957,0,0,1
3066,medium,False,1.1031714482693071,8,0.001509157050455734,-0.001509157050455734,1,0,1
3067,medium,False,1.1032682105981062,8,0.0004931418954166045,-0.0004931418954166045,0,0,1
3068,medium,False,1.0890074618993493,8,0.001379049253300041,-0.001379049253300041,1,0,1
3069,medium,False,1.0891027545652983,8,0.0002908713457008272,-0.0002908713457008272,1,0,1
3070,medium,False,1.0746443198330664,6,0.0009660979315680718,-0.0009660979315680718,1,0,1
3071,medium,False,1.074745147816462,0,0.00010087652203377706,0.00010087652203377706,1,0,1
3072,medium,False,1.0597343782347615,6,0.0003526371394524386,0.0003526371394524386,0,0,1
3073,medium,False,1.0593998448734219,0,0.0006936716797255604,0.0006936716797255604,1,0,1
3074,medium,False,1.0437688656894208,0,0.0009985648976427175,0.0009985648976427175,1,0,1
3075,medium,False,1.0260619345118795,0,0.0014257967736487631,0.0014257967736487631,1,0,1
3076,medium,False,1.0039936282013417,0,0.0022512170073738236,0.0022512170073738236,1,0,1
3077,medium,False,0.9486915226642236,0,0.0020703619277748497,0.0020703619277748497,1,0,1
3078,medium,False,1.0010364081863656,6,0.002589177019140132,-0.002589177019140132,1,0,1
3079,medium,False,1.016742573172488,6,0.006115481364019154,-0.006115481364019154,1,0,1
3080,medium,False,1.0289467443317493,6,0.007642036366638266,-0.007642036366638266,1,0,1
3081,medium,False,1.0391172852139168,6,0.008392290436244787,-0.008392290436244787,1,0,1
3082,medium,False,1.0464816461034612,6,0.009067131591890931,-0.009067131591890931,1,0,1
3083,medium,False,1.0521054666077903,6,0.00992525110057732,-0.00992525110057732,1,0,1
3084,medium,False,1.0561630872551262,8,0.011026481944142241,-0.011026481944142241,1,0,1
3085,medium,False,1.0586703508112283,8,0.012364258961350127,-0.012364258961350127,1,0,1
3086,medium,False,1.059453142253869,8,0.01390131766178472,-0.01390131766178472,1,0,1
3087,medium,False,1.058274180581599,8,0.01547890867903011,-0.01547890867903011,1,0,1
3088,medium,False,1.0542166074718131,8,0.017005554367587383,-0.017005554367587383,1,0,1
3089,medium,False,1.0490374474913622,8,0.018848368513246498,-0.018848368513246498,1,0,1
3090,medium,False,1.0374085635639747,8,0.01670614326153832,-0.01670614326153832,1,0,1
3091,medium,False,1.0305749824756636,8,0.015128422151109253,-0.015128422151109253,1,0,1
3092,medium,False,1.01880662807491,8,0.012469027967902491,-0.012469027967902491,1,0,1
3093,solid,False,1.005162050939114,6,0.005063307798117469,-0.005063307798117469,1,0,1
3094,solid,False,1.0024627575603777,8,0.005398038758733743,-0.005398038758733743,1,0,1
3095,solid,False,1.0012305074375107,8,0.0035195312143904635,-0.0035195312143904635,1,0,1
3096,solid,False,0.9995894981292065,8,0.003019706172547143,-0.003019706172547143,1,0,1
3097,solid,False,0.9976312477867265,6,0.0029240653074537755,-0.0029240653074537755,1,0,1
3098,solid,False,0.9954656350588929,6,0.0031056703673109374,-0.0031056703673109374,1,0,1
3099,solid,False,0.9931804973548909,6,0.00350005535121394,-0.00350005535121394,1,0,1
3100,medium,False,1.5366409917795787,2,0.008716612946239133,0.008716612946239133,1,0,1
3101,medium,False,1.3979276874373878,0,0.008435333390489463,0.008435333390489463,0,0,1
3102,medium,True,1.0,0,0.0,0.0,0,0,0
3103,medium,True,1.0,0,0.0,0.0,0,0,0
3104,medium,True,1.0,0,0.0,0.0,0,0,0
3105,medium,True,1.0,0,0.0,0.0,0,0,0
3106,medium,True,1.0,0,0.0,0.0,0,0,0
3107,medium,True,1.0,0,0.0,0.0,0,0,0
3108,medium,True,1.0,0,0.0,0.0,0,0,0
3109,medium,True,1.0,0,0.0,0.0,0,0,0
3110,medium,True,1.0,0,0.0,0.0,0,0,0
3111,medium,True,1.0,0,0.0,0.0,0,0,0
3112,medium,True,1.0,0,0.0,0.0,0,0,0
3113,medium,True,1.0,0,0.0,0.0,0,0,0
3114,medium,True,1.0,0,0.0,0.0,0,0,0
3115,medium,True,1.0,0,0.0,0.0,0,0,0
3116,medium,True,1.0,0,0.0,0.0,0,0,0
3117,medium,True,1.0,0,0.0,0.0,0,0,0
3118,medium,False,0.9826559119963015,6,0.012890557101050578,-0.012890557101050578,1,0,1
3119,medium,False,0.9739594695036519,6,0.01161806940768765,-0.01161806940768765,1,0,1
3120,solid,False,0.9800153993771213,0,0.01026032793404344,0.01026032793404344,1,0,1
3121,solid,False,0.9900925425134639,2,0.0037122649727839418,0.0037122649727839418,1,0,1
3122,solid,False,0.9957480108757715,2,0.0033747727508539357,0.0033747727508539357,1,0,1
3123,solid,False,0.9997797264030431,0,0.0066371100300569195,0.0066371100300569195,1,0,1
3124,solid,False,0.9988159532460826,2,0.0196048408964903,0.0196048408964903,1,0,1
3125,medium,False,1.0276490791129669,0,0.04390397576267067,0.04390397576267067,1,0,1
3126,medium,False,1.0770866431973178,0,0.02473548572692895,0.02473548572692895,1,0,1
3127,medium,False,1.096692472603082,2,0.02374968668345158,0.02374968668345158,1,0,1
3128,medium,False,1.1158469893054213,2,0.022993261775023616,0.022993261775023616,1,0,1
3129,medium,False,1.1394616813010805,2,0.014966975790109277,0.014966975790109277,1,0,1
3130,medium,False,1.1512680008451923,2,0.01524551799123125,0.01524551799123125,1,0,1
3131,medium,False,1.1634280762050824,2,0.015145759407663578,0.015145759407663578,1,0,1
3132,medium,False,1.1744761255066822,2,0.00850542123186765,0.00850542123186765,1,0,1
3133,medium,False,1.180348222613078,2,0.008707777824327412,0.008707777824327412,1,0,1
3134,medium,False,1.1829136107461462,2,0.0035491145805233992,0.0035491145805233992,1,0,1
3135,medium,False,1.1848906517689535,2,0.004236911858516074,0.004236911858516074,1,0,1
3136,medium,False,1.1811904521184264,2,0.0004892017697106787,-0.0004892017697106787,0,0,1
3137,medium,False,1.1807214384325617,2,0.001328379466572438,0.001328379466572438,1,0,1
3138,medium,False,1.1712741374719207,8,0.001634853174862394,-0.001634853174862394,1,0,1
3139,medium,False,1.1706339655056828,8,0.00041428422158973355,-0.00041428422158973355,0,0,1
3140,medium,False,1.157382048378174,8,0.002540216461033168,-0.002540216461033168,1,0,1
3141,medium,False,1.1562542613860272,8,0.0012459407858757543,-0.0012459407858757543,1,0,1
3142,medium,False,1.1419835251484407,8,0.0028789155010351675,-0.0028789155010351675,1,0,1
3143,medium,False,1.1407701176018208,8,0.0015790763806967922,-0.0015790763806967922,1,0,1
3144,medium,False,1.1259332168445961,8,0.0028703793549504086,-0.0028703793549504086,1,0,1
3145,medium,False,1.1248647776090235,8,0.0015956501414066404,-0.0015956501414066404,1,0,1
3146,medium,False,1.1098027438732212,8,0.0026432973061414344,-0.0026432973061414344,1,0,1
3147,medium,False,1.108972998990538,8,0.0014078486755183528,-0.0014078486755183528,1,0,1
3148,medium,False,1.0938873245789205,6,0.002231491704445282,-0.002231491704445282,1,0,1
3149,medium,False,1.0933019622288602,6,0.0010402231989490862,-0.0010402231989490862,1,0,1
3150,medium,False,1.0783152840420174,6,0.0016130335772913396,-0.0016130335772913396,1,0,1
3151,medium,False,1.0779607861046907,6,0.0004744779496244078,-0.0004744779496244078,1,0,1
3152,medium,False,1.0627052708173461,6,0.0007991550222191668,-0.0007991550222191668,1,0,1
3153,medium,False,1.0623468317050653,0,0.000246411984186401,0.000246411984186401,1,0,1
3154,medium,False,1.0466096437312153,0,0.0006171781415887367,0.0006171781415887367,1,0,1
3155,medium,False,1.0288671248832277,0,0.0011053719799412887,0.0011053719799412887,1,0,1
3156,medium,False,1.0068515148114758,0,0.0019930592218249388,0.0019930592218249388,1,0,1
3157,medium,False,0.9519237033132023,0,0.0018964213473896818,0.0018964213473896818,1,0,1
3158,medium,False,1.0032927049340015,6,0.002834883917115616,-0.002834883917115616,1,0,1
3159,medium,False,1.018463219582468,6,0.006371230478472684,-0.006371230478472684,1,0,1
3160,medium,False,1.030173452213761,6,0.007887726819865298,-0.007887726819865298,1,0,1
3161,medium,False,1.0398754581375802,6,0.008623538459804625,-0.008623538459804625,1,0,1
3162,medium,False,1.046819768834593,6,0.00928349655976246,-0.00928349655976246,1,0,1
3163,medium,False,1.0520542880472843,6,0.010126706102026345,-0.010126706102026345,1,0,1
3164,medium,False,1.0558781847450702,6,0.011212220768076542,-0.011212220768076542,1,0,1
3165,medium,False,1.0581842034476387,8,0.012532774281826198,-0.012532774281826198,1,0,1
3166,medium,False,1.058767177752825,8,0.01405089153176213,-0.01405089153176213,1,0,1
3167,medium,False,1.0574137794889822,8,0.015609225918800998,-0.015609225918800998,1,0,1
3168,medium,False,1.0532161486897584,8,0.017118040075372015,-0.017118040075372015,1,0,1
3169,medium,False,1.0479147816985348,8,0.018939897665205575,-0.018939897665205575,1,0,1
3170,medium,False,1.0362232161565346,8,0.016824233537103515,-0.016824233537103515,1,0,1
3171,medium,False,1.0292657328465182,8,0.015263780735444661,-0.015263780735444661,1,0,1
3172,medium,False,1.017397622029101,6,0.012632679110762803,-0.012632679110762803,1,0,1
3173,solid,False,1.0056968033921554,8,0.003526153423513893,-0.003526153423513893,1,0,1
3174,solid,False,1.0032497531464066,8,0.004507063215934755,-0.004507063215934755,1,0,1
3175,solid,False,1.0012660364843602,8,0.004091997545054661,-0.004091997545054661,1,0,1
3176,solid,False,0.9995425058971478,8,0.003387064149654678,-0.003387064149654678,1,0,1
3177,solid,False,0.9975997951707788,8,0.003113753436349883,-0.003113753436349883,1,0,1
3178,solid,False,0.9954244920752919,6,0.003209654512653614,-0.003209654512653614,1,0,1
3179,solid,False,0.9930110625016294,6,0.0036636058392801023,-0.0036636058392801023,1,0,1
3180,medium,False,1.5353475554779652,2,0.00873830762757085,0.00873830762757085,1,0,1
3181,medium,False,1.4059267613967894,0,0.0028312648950763464,0.0028312648950763464,0,0,1
3182,medium,True,1.0,0,0.0,0.0,0,0,0
3183,medium,True,1.0,0,0.0,0.0,0,0,0
3184,medium,True,1.0,0,0.0,0.0,0,0,0
3185,medium,True,1.0,0,0.0,0.0,0,0,0
3186,medium,True,1.0,0,0.0,0.0,0,0,0
3187,medium,True,1.0,0,0.0,0.0,0,0,0
3188,medium,True,1.0,0,0.0,0.0,0,0,0
3189,medium,True,1.0,0,0.0,0.0,0,0,0
3190,medium,True,1.0,0,0.0,0.0,0,0,0
3191,medium,True,1.0,0,0.0,0.0,0,0,0
3192,medium,True,1.0,0,0.0,0.0,0,0,0
3193,medium,True,1.0,0,0.0,0.0,0,0,0
3194,medium,True,1.0,0,0.0,0.0,0,0,0
3195,medium,True,1.0,0,0.0,0.0,0,0,0
3196,medium,True,1.0,0,0.0,0.0,0,0,0
3197,medium,True,1.0,0,0.0,0.0,0,0,0
3198,medium,False,0.9827235819528284,6,0.012853868066162018,-0.012853868066162018,1,0,1
3199,medium,False,0.9741450615010974,6,0.011591261252168684,-0.011591261252168684,1,0,1
