index,original_target_index,leg,d_mm,state_sha256,node_id,x_mm,y_mm,group,total_Fx_N,total_Fy_N,material_Fx_N,material_Fy_N,regularization_Fx_N,regularization_Fy_N
0,0,origin,0.0,26d76fa997d7fc33a9ff6a4b606fc4f31e3f1c0753050e330d97c92565c2bbe2,2655,63.0,32.0,physical_only,-0.0,-0.0,-0.0,-0.0,-0.0,-0.0
0,0,origin,0.0,26d76fa997d7fc33a9ff6a4b606fc4f31e3f1c0753050e330d97c92565c2bbe2,2656,64.0,32.0,physical_only,-0.0,-0.0,-0.0,-0.0,-0.0,-0.0
0,0,origin,0.0,26d76fa997d7fc33a9ff6a4b606fc4f31e3f1c0753050e330d97c92565c2bbe2,2657,65.0,32.0,physical_only,-0.0,-0.0,-0.0,-0.0,-0.0,-0.0
0,0,origin,0.0,26d76fa997d7fc33a9ff6a4b606fc4f31e3f1c0753050e330d97c92565c2bbe2,2658,66.0,32.0,physical_only,-0.0,-0.0,-0.0,-0.0,-0.0,-0.0
0,0,origin,0.0,26d76fa997d7fc33a9ff6a4b606fc4f31e3f1c0753050e330d97c92565c2bbe2,2659,67.0,32.0,physical_only,-0.0,-0.0,-0.0,-0.0,-0.0,-0.0
0,0,origin,0.0,26d76fa997d7fc33a9ff6a4b606fc4f31e3f1c0753050e330d97c92565c2bbe2,2660,68.0,32.0,physical_only,-0.0,-0.0,-0.0,-0.0,-0.0,-0.0
0,0,origin,0.0,26d76fa997d7fc33a9ff6a4b606fc4f31e3f1c0753050e330d97c92565c2bbe2,2661,69.0,32.0,physical_only,-0.0,-0.0,-0.0,-0.0,-0.0,-0.0
0,0,origin,0.0,26d76fa997d7fc33a9ff6a4b606fc4f31e3f1c0753050e330d97c92565c2bbe2,2662,70.0,32.0,physical_only,-0.0,-0.0,-0.0,-0.0,-0.0,-0.0
0,0,origin,0.0,26d76fa997d7fc33a9ff6a4b606fc4f31e3f1c0753050e330d97c92565c2bbe2,2663,71.0,32.0,physical_only,-0.0,-0.0,-0.0,-0.0,-0.0,-0.0
0,0,origin,0.0,26d76fa997d7fc33a9ff6a4b606fc4f31e3f1c0753050e330d97c92565c2bbe2,2664,72.0,32.0,physical_only,-0.0,-0.0,-0.0,-0.0,-0.0,-0.0
0,0,origin,0.0,26d76fa997d7fc33a9ff6a4b606fc4f31e3f1c0753050e330d97c92565c2bbe2,2665,73.0,32.0,physical_only,-0.0,-0.0,-0.0,-0.0,-0.0,-0.0
0,0,origin,0.0,26d76fa997d7fc33a9ff6a4b606fc4f31e3f1c0753050e330d97c92565c2bbe2,2666,74.0,32.0,physical_only,-0.0,-0.0,-0.0,-0.0,-0.0,-0.0
0,0,origin,0.0,26d76fa997d7fc33a9ff6a4b606fc4f31e3f1c0753050e330d97c92565c2bbe2,2667,75.0,32.0,physical_only,-0.0,-0.0,-0.0,-0.0,-0.0,-0.0
0,0,origin,0.0,26d76fa997d7fc33a9ff6a4b606fc4f31e3f1c0753050e330d97c92565c2bbe2,2668,76.0,32.0,physical_only,-0.0,-0.0,-0.0,-0.0,-0.0,-0.0
0,0,origin,0.0,26d76fa997d7fc33a9ff6a4b606fc4f31e3f1c0753050e330d97c92565c2bbe2,2669,77.0,32.0,physical_only,-0.0,-0.0,-0.0,-0.0,-0.0,-0.0
0,0,origin,0.0,26d76fa997d7fc33a9ff6a4b606fc4f31e3f1c0753050e330d97c92565c2bbe2,2670,78.0,32.0,physical_only,-0.0,-0.0,-0.0,-0.0,-0.0,-0.0
0,0,origin,0.0,26d76fa997d7fc33a9ff6a4b606fc4f31e3f1c0753050e330d97c92565c2bbe2,2671,79.0,32.0,physical_only,-0.0,-0.0,-0.0,-0.0,-0.0,-0.0
0,0,origin,0.0,26d76fa997d7fc33a9ff6a4b606fc4f31e3f1c0753050e330d97c92565c2bbe2,2736,63.0,33.0,physical_only,-0.0,-0.0,-0.0,-0.0,-0.0,-0.0
0,0,origin,0.0,26d76fa997d7fc33a9ff6a4b606fc4f31e3f1c0753050e330d97c92565c2bbe2,2737,64.0,33.0,interior,-0.0,-0.0,-0.0,-0.0,-0.0,-0.0
0,0,origin,0.0,26d76fa997d7fc33a9ff6a4b606fc4f31e3f1c0753050e330d97c92565c2bbe2,2738,65.0,33.0,interior,-0.0,-0.0,-0.0,-0.0,-0.0,-0.0
0,0,origin,0.0,26d76fa997d7fc33a9ff6a4b606fc4f31e3f1c0753050e330d97c92565c2bbe2,2739,66.0,33.0,interior,-0.0,-0.0,-0.0,-0.0,-0.0,-0.0
0,0,origin,0.0,26d76fa997d7fc33a9ff6a4b606fc4f31e3f1c0753050e330d97c92565c2bbe2,2740,67.0,33.0,interior,-0.0,-0.0,-0.0,-0.0,-0.0,-0.0
0,0,origin,0.0,26d76fa997d7fc33a9ff6a4b606fc4f31e3f1c0753050e330d97c92565c2bbe2,2741,68.0,33.0,interior,-0.0,-0.0,-0.0,-0.0,-0.0,-0.0
0,0,origin,0.0,26d76fa997d7fc33a9ff6a4b606fc4f31e3f1c0753050e330d97c92565c2bbe2,2742,69.0,33.0,interior,-0.0,-0.0,-0.0,-0.0,-0.0,-0.0
0,0,origin,0.0,26d76fa997d7fc33a9ff6a4b606fc4f31e3f1c0753050e330d97c92565c2bbe2,2743,70.0,33.0,interior,-0.0,-0.0,-0.0,-0.0,-0.0,-0.0
0,0,origin,0.0,26d76fa997d7fc33a9ff6a4b606fc4f31e3f1c0753050e330d97c92565c2bbe2,2744,71.0,33.0,interior,-0.0,-0.0,-0.0,-0.0,-0.0,-0.0
0,0,origin,0.0,26d76fa997d7fc33a9ff6a4b606fc4f31e3f1c0753050e330d97c92565c2bbe2,2745,72.0,33.0,interior,-0.0,-0.0,-0.0,-0.0,-0.0,-0.0
0,0,origin,0.0,26d76fa997d7fc33a9ff6a4b606fc4f31e3f1c0753050e330d97c92565c2bbe2,2746,73.0,33.0,interior,-0.0,-0.0,-0.0,-0.0,-0.0,-0.0
0,0,origin,0.0,26d76fa997d7fc33a9ff6a4b606fc4f31e3f1c0753050e330d97c92565c2bbe2,2747,74.0,33.0,interior,-0.0,-0.0,-0.0,-0.0,-0.0,-0.0
0,0,origin,0.0,26d76fa997d7fc33a9ff6a4b606fc4f31e3f1c0753050e330d97c92565c2bbe2,2748,75.0,33.0,interior,-0.0,-0.0,-0.0,-0.0,-0.0,-0.0
0,0,origin,0.0,26d76fa997d7fc33a9ff6a4b606fc4f31e3f1c0753050e330d97c92565c2bbe2,2749,76.0,33.0,interior,-0.0,-0.0,-0.0,-0.0,-0.0,-0.0
0,0,origin,0.0,26d76fa997d7fc33a9ff6a4b606fc4f31e3f1c0753050e330d97c92565c2bbe2,2750,77.0,33.0,interior,-0.0,-0.0,-0.0,-0.0,-0.0,-0.0
0,0,origin,0.0,26d76fa997d7fc33a9ff6a4b606fc4f31e3f1c0753050e330d97c92565c2bbe2,2751,78.0,33.0,interior,-0.0,-0.0,-0.0,-0.0,-0.0,-0.0
0,0,origin,0.0,26d76fa997d7fc33a9ff6a4b606fc4f31e3f1c0753050e330d97c92565c2bbe2,2752,79.0,33.0,physical_only,-0.0,-0.0,-0.0,-0.0,-0.0,-0.0
0,0,origin,0.0,26d76fa997d7fc33a9ff6a4b606fc4f31e3f1c0753050e330d97c92565c2bbe2,2817,63.0,34.0,physical_only,-0.0,-0.0,-0.0,-0.0,-0.0,-0.0
0,0,origin,0.0,26d76fa997d7fc33a9ff6a4b606fc4f31e3f1c0753050e330d97c92565c2bbe2,2818,64.0,34.0,interior,-0.0,-0.0,-0.0,-0.0,-0.0,-0.0
0,0,origin,0.0,26d76fa997d7fc33a9ff6a4b606fc4f31e3f1c0753050e330d97c92565c2bbe2,2819,65.0,34.0,interior,-0.0,-0.0,-0.0,-0.0,-0.0,-0.0
0,0,origin,0.0,26d76fa997d7fc33a9ff6a4b606fc4f31e3f1c0753050e330d97c92565c2bbe2,2820,66.0,34.0,interior,-0.0,-0.0,-0.0,-0.0,-0.0,-0.0
0,0,origin,0.0,26d76fa997d7fc33a9ff6a4b606fc4f31e3f1c0753050e330d97c92565c2bbe2,2821,67.0,34.0,interior,-0.0,-0.0,-0.0,-0.0,-0.0,-0.0
0,0,origin,0.0,26d76fa997d7fc33a9ff6a4b606fc4f31e3f1c0753050e330d97c92565c2bbe2,2822,68.0,34.0,interior,-0.0,-0.0,-0.0,-0.0,-0.0,-0.0
0,0,origin,0.0,26d76fa997d7fc33a9ff6a4b606fc4f31e3f1c0753050e330d97c92565c2bbe2,2823,69.0,34.0,interior,-0.0,-0.0,-0.0,-0.0,-0.0,-0.0
0,0,origin,0.0,26d76fa997d7fc33a9ff6a4b606fc4f31e3f1c0753050e330d97c92565c2bbe2,2824,70.0,34.0,interior,-0.0,-0.0,-0.0,-0.0,-0.0,-0.0
0,0,origin,0.0,26d76fa997d7fc33a9ff6a4b606fc4f31e3f1c0753050e330d97c92565c2bbe2,2825,71.0,34.0,interior,-0.0,-0.0,-0.0,-0.0,-0.0,-0.0
0,0,origin,0.0,26d76fa997d7fc33a9ff6a4b606fc4f31e3f1c0753050e330d97c92565c2bbe2,2826,72.0,34.0,interior,-0.0,-0.0,-0.0,-0.0,-0.0,-0.0
0,0,origin,0.0,26d76fa997d7fc33a9ff6a4b606fc4f31e3f1c0753050e330d97c92565c2bbe2,2827,73.0,34.0,interior,-0.0,-0.0,-0.0,-0.0,-0.0,-0.0
0,0,origin,0.0,26d76fa997d7fc33a9ff6a4b606fc4f31e3f1c0753050e330d97c92565c2bbe2,2828,74.0,34.0,interior,-0.0,-0.0,-0.0,-0.0,-0.0,-0.0
0,0,origin,0.0,26d76fa997d7fc33a9ff6a4b606fc4f31e3f1c0753050e330d97c92565c2bbe2,2829,75.0,34.0,interior,-0.0,-0.0,-0.0,-0.0,-0.0,-0.0
0,0,origin,0.0,26d76fa997d7fc33a9ff6a4b606fc4f31e3f1c0753050e330d97c92565c2bbe2,2830,76.0,34.0,interior,-0.0,-0.0,-0.0,-0.0,-0.0,-0.0
0,0,origin,0.0,26d76fa997d7fc33a9ff6a4b606fc4f31e3f1c0753050e330d97c92565c2bbe2,2831,77.0,34.0,interior,-0.0,-0.0,-0.0,-0.0,-0.0,-0.0
0,0,origin,0.0,26d76fa997d7fc33a9ff6a4b606fc4f31e3f1c0753050e330d97c92565c2bbe2,2832,78.0,34.0,interior,-0.0,-0.0,-0.0,-0.0,-0.0,-0.0
0,0,origin,0.0,26d76fa997d7fc33a9ff6a4b606fc4f31e3f1c0753050e330d97c92565c2bbe2,2833,79.0,34.0,physical_only,-0.0,-0.0,-0.0,-0.0,-0.0,-0.0
0,0,origin,0.0,26d76fa997d7fc33a9ff6a4b606fc4f31e3f1c0753050e330d97c92565c2bbe2,2898,63.0,35.0,physical_only,-0.0,-0.0,-0.0,-0.0,-0.0,-0.0
0,0,origin,0.0,26d76fa997d7fc33a9ff6a4b606fc4f31e3f1c0753050e330d97c92565c2bbe2,2899,64.0,35.0,interior,-0.0,-0.0,-0.0,-0.0,-0.0,-0.0
0,0,origin,0.0,26d76fa997d7fc33a9ff6a4b606fc4f31e3f1c0753050e330d97c92565c2bbe2,2900,65.0,35.0,interior,-0.0,-0.0,-0.0,-0.0,-0.0,-0.0
0,0,origin,0.0,26d76fa997d7fc33a9ff6a4b606fc4f31e3f1c0753050e330d97c92565c2bbe2,2901,66.0,35.0,interior,-0.0,-0.0,-0.0,-0.0,-0.0,-0.0
0,0,origin,0.0,26d76fa997d7fc33a9ff6a4b606fc4f31e3f1c0753050e330d97c92565c2bbe2,2902,67.0,35.0,interior,-0.0,-0.0,-0.0,-0.0,-0.0,-0.0
0,0,origin,0.0,26d76fa997d7fc33a9ff6a4b606fc4f31e3f1c0753050e330d97c92565c2bbe2,2903,68.0,35.0,interior,-0.0,-0.0,-0.0,-0.0,-0.0,-0.0
0,0,origin,0.0,26d76fa997d7fc33a9ff6a4b606fc4f31e3f1c0753050e330d97c92565c2bbe2,2904,69.0,35.0,interior,-0.0,-0.0,-0.0,-0.0,-0.0,-0.0
0,0,origin,0.0,26d76fa997d7fc33a9ff6a4b606fc4f31e3f1c0753050e330d97c92565c2bbe2,2905,70.0,35.0,interior,-0.0,-0.0,-0.0,-0.0,-0.0,-0.0
0,0,origin,0.0,26d76fa997d7fc33a9ff6a4b606fc4f31e3f1c0753050e330d97c92565c2bbe2,2906,71.0,35.0,interior,-0.0,-0.0,-0.0,-0.0,-0.0,-0.0
0,0,origin,0.0,26d76fa997d7fc33a9ff6a4b606fc4f31e3f1c0753050e330d97c92565c2bbe2,2907,72.0,35.0,interior,-0.0,-0.0,-0.0,-0.0,-0.0,-0.0
0,0,origin,0.0,26d76fa997d7fc33a9ff6a4b606fc4f31e3f1c0753050e330d97c92565c2bbe2,2908,73.0,35.0,interior,-0.0,-0.0,-0.0,-0.0,-0.0,-0.0
0,0,origin,0.0,26d76fa997d7fc33a9ff6a4b606fc4f31e3f1c0753050e330d97c92565c2bbe2,2909,74.0,35.0,interior,-0.0,-0.0,-0.0,-0.0,-0.0,-0.0
0,0,origin,0.0,26d76fa997d7fc33a9ff6a4b606fc4f31e3f1c0753050e330d97c92565c2bbe2,2910,75.0,35.0,interior,-0.0,-0.0,-0.0,-0.0,-0.0,-0.0
0,0,origin,0.0,26d76fa997d7fc33a9ff6a4b606fc4f31e3f1c0753050e330d97c92565c2bbe2,2911,76.0,35.0,interior,-0.0,-0.0,-0.0,-0.0,-0.0,-0.0
0,0,origin,0.0,26d76fa997d7fc33a9ff6a4b606fc4f31e3f1c0753050e330d97c92565c2bbe2,2912,77.0,35.0,interior,-0.0,-0.0,-0.0,-0.0,-0.0,-0.0
0,0,origin,0.0,26d76fa997d7fc33a9ff6a4b606fc4f31e3f1c0753050e330d97c92565c2bbe2,2913,78.0,35.0,interior,-0.0,-0.0,-0.0,-0.0,-0.0,-0.0
0,0,origin,0.0,26d76fa997d7fc33a9ff6a4b606fc4f31e3f1c0753050e330d97c92565c2bbe2,2914,79.0,35.0,physical_only,-0.0,-0.0,-0.0,-0.0,-0.0,-0.0
0,0,origin,0.0,26d76fa997d7fc33a9ff6a4b606fc4f31e3f1c0753050e330d97c92565c2bbe2,2979,63.0,36.0,physical_only,-0.0,-0.0,-0.0,-0.0,-0.0,-0.0
0,0,origin,0.0,26d76fa997d7fc33a9ff6a4b606fc4f31e3f1c0753050e330d97c92565c2bbe2,2980,64.0,36.0,interior,-0.0,-0.0,-0.0,-0.0,-0.0,-0.0
0,0,origin,0.0,26d76fa997d7fc33a9ff6a4b606fc4f31e3f1c0753050e330d97c92565c2bbe2,2981,65.0,36.0,interior,-0.0,-0.0,-0.0,-0.0,-0.0,-0.0
0,0,origin,0.0,26d76fa997d7fc33a9ff6a4b606fc4f31e3f1c0753050e330d97c92565c2bbe2,2982,66.0,36.0,interior,-0.0,-0.0,-0.0,-0.0,-0.0,-0.0
0,0,origin,0.0,26d76fa997d7fc33a9ff6a4b606fc4f31e3f1c0753050e330d97c92565c2bbe2,2983,67.0,36.0,interior,-0.0,-0.0,-0.0,-0.0,-0.0,-0.0
0,0,origin,0.0,26d76fa997d7fc33a9ff6a4b606fc4f31e3f1c0753050e330d97c92565c2bbe2,2984,68.0,36.0,interior,-0.0,-0.0,-0.0,-0.0,-0.0,-0.0
0,0,origin,0.0,26d76fa997d7fc33a9ff6a4b606fc4f31e3f1c0753050e330d97c92565c2bbe2,2985,69.0,36.0,interior,-0.0,-0.0,-0.0,-0.0,-0.0,-0.0
0,0,origin,0.0,26d76fa997d7fc33a9ff6a4b606fc4f31e3f1c0753050e330d97c92565c2bbe2,2986,70.0,36.0,interior,-0.0,-0.0,-0.0,-0.0,-0.0,-0.0
0,0,origin,0.0,26d76fa997d7fc33a9ff6a4b606fc4f31e3f1c0753050e330d97c92565c2bbe2,2987,71.0,36.0,interior,-0.0,-0.0,-0.0,-0.0,-0.0,-0.0
0,0,origin,0.0,26d76fa997d7fc33a9ff6a4b606fc4f31e3f1c0753050e330d97c92565c2bbe2,2988,72.0,36.0,interior,-0.0,-0.0,-0.0,-0.0,-0.0,-0.0
0,0,origin,0.0,26d76fa997d7fc33a9ff6a4b606fc4f31e3f1c0753050e330d97c92565c2bbe2,2989,73.0,36.0,interior,-0.0,-0.0,-0.0,-0.0,-0.0,-0.0
0,0,origin,0.0,26d76fa997d7fc33a9ff6a4b606fc4f31e3f1c0753050e330d97c92565c2bbe2,2990,74.0,36.0,interior,-0.0,-0.0,-0.0,-0.0,-0.0,-0.0
0,0,origin,0.0,26d76fa997d7fc33a9ff6a4b606fc4f31e3f1c0753050e330d97c92565c2bbe2,2991,75.0,36.0,interior,-0.0,-0.0,-0.0,-0.0,-0.0,-0.0
0,0,origin,0.0,26d76fa997d7fc33a9ff6a4b606fc4f31e3f1c0753050e330d97c92565c2bbe2,2992,76.0,36.0,interior,-0.0,-0.0,-0.0,-0.0,-0.0,-0.0
0,0,origin,0.0,26d76fa997d7fc33a9ff6a4b606fc4f31e3f1c0753050e330d97c92565c2bbe2,2993,77.0,36.0,interior,-0.0,-0.0,-0.0,-0.0,-0.0,-0.0
0,0,origin,0.0,26d76fa997d7fc33a9ff6a4b606fc4f31e3f1c0753050e330d97c92565c2bbe2,2994,78.0,36.0,interior,-0.0,-0.0,-0.0,-0.0,-0.0,-0.0
0,0,origin,0.0,26d76fa997d7fc33a9ff6a4b606fc4f31e3f1c0753050e330d97c92565c2bbe2,2995,79.0,36.0,physical_only,-0.0,-0.0,-0.0,-0.0,-0.0,-0.0
0,0,origin,0.0,26d76fa997d7fc33a9ff6a4b606fc4f31e3f1c0753050e330d97c92565c2bbe2,3060,63.0,37.0,physical_only,-0.0,-0.0,-0.0,-0.0,-0.0,-0.0
0,0,origin,0.0,26d76fa997d7fc33a9ff6a4b606fc4f31e3f1c0753050e330d97c92565c2bbe2,3061,64.0,37.0,interior,-0.0,-0.0,-0.0,-0.0,-0.0,-0.0
0,0,origin,0.0,26d76fa997d7fc33a9ff6a4b606fc4f31e3f1c0753050e330d97c92565c2bbe2,3062,65.0,37.0,interior,-0.0,-0.0,-0.0,-0.0,-0.0,-0.0
0,0,origin,0.0,26d76fa997d7fc33a9ff6a4b606fc4f31e3f1c0753050e330d97c92565c2bbe2,3063,66.0,37.0,interior,-0.0,-0.0,-0.0,-0.0,-0.0,-0.0
0,0,origin,0.0,26d76fa997d7fc33a9ff6a4b606fc4f31e3f1c0753050e330d97c92565c2bbe2,3064,67.0,37.0,interior,-0.0,-0.0,-0.0,-0.0,-0.0,-0.0
0,0,origin,0.0,26d76fa997d7fc33a9ff6a4b606fc4f31e3f1c0753050e330d97c92565c2bbe2,3065,68.0,37.0,interior,-0.0,-0.0,-0.0,-0.0,-0.0,-0.0
0,0,origin,0.0,26d76fa997d7fc33a9ff6a4b606fc4f31e3f1c0753050e330d97c92565c2bbe2,3066,69.0,37.0,interior,-0.0,-0.0,-0.0,-0.0,-0.0,-0.0
0,0,origin,0.0,26d76fa997d7fc33a9ff6a4b606fc4f31e3f1c0753050e330d97c92565c2bbe2,3067,70.0,37.0,interior,-0.0,-0.0,-0.0,-0.0,-0.0,-0.0
0,0,origin,0.0,26d76fa997d7fc33a9ff6a4b606fc4f31e3f1c0753050e330d97c92565c2bbe2,3068,71.0,37.0,interior,-0.0,-0.0,-0.0,-0.0,-0.0,-0.0
0,0,origin,0.0,26d76fa997d7fc33a9ff6a4b606fc4f31e3f1c0753050e330d97c92565c2bbe2,3069,72.0,37.0,interior,-0.0,-0.0,-0.0,-0.0,-0.0,-0.0
0,0,origin,0.0,26d76fa997d7fc33a9ff6a4b606fc4f31e3f1c0753050e330d97c92565c2bbe2,3070,73.0,37.0,interior,-0.0,-0.0,-0.0,-0.0,-0.0,-0.0
0,0,origin,0.0,26d76fa997d7fc33a9ff6a4b606fc4f31e3f1c0753050e330d97c92565c2bbe2,3071,74.0,37.0,interior,-0.0,-0.0,-0.0,-0.0,-0.0,-0.0
0,0,origin,0.0,26d76fa997d7fc33a9ff6a4b606fc4f31e3f1c0753050e330d97c92565c2bbe2,3072,75.0,37.0,interior,-0.0,-0.0,-0.0,-0.0,-0.0,-0.0
0,0,origin,0.0,26d76fa997d7fc33a9ff6a4b606fc4f31e3f1c0753050e330d97c92565c2bbe2,3073,76.0,37.0,interior,-0.0,-0.0,-0.0,-0.0,-0.0,-0.0
0,0,origin,0.0,26d76fa997d7fc33a9ff6a4b606fc4f31e3f1c0753050e330d97c92565c2bbe2,3074,77.0,37.0,interior,-0.0,-0.0,-0.0,-0.0,-0.0,-0.0
0,0,origin,0.0,26d76fa997d7fc33a9ff6a4b606fc4f31e3f1c0753050e330d97c92565c2bbe2,3075,78.0,37.0,interior,-0.0,-0.0,-0.0,-0.0,-0.0,-0.0
0,0,origin,0.0,26d76fa997d7fc33a9ff6a4b606fc4f31e3f1c0753050e330d97c92565c2bbe2,3076,79.0,37.0,physical_only,-0.0,-0.0,-0.0,-0.0,-0.0,-0.0
0,0,origin,0.0,26d76fa997d7fc33a9ff6a4b606fc4f31e3f1c0753050e330d97c92565c2bbe2,3141,63.0,38.0,physical_only,-0.0,-0.0,-0.0,-0.0,-0.0,-0.0
0,0,origin,0.0,26d76fa997d7fc33a9ff6a4b606fc4f31e3f1c0753050e330d97c92565c2bbe2,3142,64.0,38.0,interior,-0.0,-0.0,-0.0,-0.0,-0.0,-0.0
0,0,origin,0.0,26d76fa997d7fc33a9ff6a4b606fc4f31e3f1c0753050e330d97c92565c2bbe2,3143,65.0,38.0,interior,-0.0,-0.0,-0.0,-0.0,-0.0,-0.0
0,0,origin,0.0,26d76fa997d7fc33a9ff6a4b606fc4f31e3f1c0753050e330d97c92565c2bbe2,3144,66.0,38.0,interior,-0.0,-0.0,-0.0,-0.0,-0.0,-0.0
0,0,origin,0.0,26d76fa997d7fc33a9ff6a4b606fc4f31e3f1c0753050e330d97c92565c2bbe2,3145,67.0,38.0,interior,-0.0,-0.0,-0.0,-0.0,-0.0,-0.0
0,0,origin,0.0,26d76fa997d7fc33a9ff6a4b606fc4f31e3f1c0753050e330d97c92565c2bbe2,3146,68.0,38.0,interior,-0.0,-0.0,-0.0,-0.0,-0.0,-0.0
0,0,origin,0.0,26d76fa997d7fc33a9ff6a4b606fc4f31e3f1c0753050e330d97c92565c2bbe2,3147,69.0,38.0,interior,-0.0,-0.0,-0.0,-0.0,-0.0,-0.0
0,0,origin,0.0,26d76fa997d7fc33a9ff6a4b606fc4f31e3f1c0753050e330d97c92565c2bbe2,3148,70.0,38.0,interior,-0.0,-0.0,-0.0,-0.0,-0.0,-0.0
0,0,origin,0.0,26d76fa997d7fc33a9ff6a4b606fc4f31e3f1c0753050e330d97c92565c2bbe2,3149,71.0,38.0,interior,-0.0,-0.0,-0.0,-0.0,-0.0,-0.0
0,0,origin,0.0,26d76fa997d7fc33a9ff6a4b606fc4f31e3f1c0753050e330d97c92565c2bbe2,3150,72.0,38.0,interior,-0.0,-0.0,-0.0,-0.0,-0.0,-0.0
0,0,origin,0.0,26d76fa997d7fc33a9ff6a4b606fc4f31e3f1c0753050e330d97c92565c2bbe2,3151,73.0,38.0,interior,-0.0,-0.0,-0.0,-0.0,-0.0,-0.0
0,0,origin,0.0,26d76fa997d7fc33a9ff6a4b606fc4f31e3f1c0753050e330d97c92565c2bbe2,3152,74.0,38.0,interior,-0.0,-0.0,-0.0,-0.0,-0.0,-0.0
0,0,origin,0.0,26d76fa997d7fc33a9ff6a4b606fc4f31e3f1c0753050e330d97c92565c2bbe2,3153,75.0,38.0,interior,-0.0,-0.0,-0.0,-0.0,-0.0,-0.0
0,0,origin,0.0,26d76fa997d7fc33a9ff6a4b606fc4f31e3f1c0753050e330d97c92565c2bbe2,3154,76.0,38.0,interior,-0.0,-0.0,-0.0,-0.0,-0.0,-0.0
0,0,origin,0.0,26d76fa997d7fc33a9ff6a4b606fc4f31e3f1c0753050e330d97c92565c2bbe2,3155,77.0,38.0,interior,-0.0,-0.0,-0.0,-0.0,-0.0,-0.0
0,0,origin,0.0,26d76fa997d7fc33a9ff6a4b606fc4f31e3f1c0753050e330d97c92565c2bbe2,3156,78.0,38.0,interior,-0.0,-0.0,-0.0,-0.0,-0.0,-0.0
0,0,origin,0.0,26d76fa997d7fc33a9ff6a4b606fc4f31e3f1c0753050e330d97c92565c2bbe2,3157,79.0,38.0,physical_only,-0.0,-0.0,-0.0,-0.0,-0.0,-0.0
0,0,origin,0.0,26d76fa997d7fc33a9ff6a4b606fc4f31e3f1c0753050e330d97c92565c2bbe2,3222,63.0,39.0,physical_only,-0.0,-0.0,-0.0,-0.0,-0.0,-0.0
0,0,origin,0.0,26d76fa997d7fc33a9ff6a4b606fc4f31e3f1c0753050e330d97c92565c2bbe2,3223,64.0,39.0,interior,-0.0,-0.0,-0.0,-0.0,-0.0,-0.0
0,0,origin,0.0,26d76fa997d7fc33a9ff6a4b606fc4f31e3f1c0753050e330d97c92565c2bbe2,3224,65.0,39.0,interior,-0.0,-0.0,-0.0,-0.0,-0.0,-0.0
0,0,origin,0.0,26d76fa997d7fc33a9ff6a4b606fc4f31e3f1c0753050e330d97c92565c2bbe2,3225,66.0,39.0,interior,-0.0,-0.0,-0.0,-0.0,-0.0,-0.0
0,0,origin,0.0,26d76fa997d7fc33a9ff6a4b606fc4f31e3f1c0753050e330d97c92565c2bbe2,3226,67.0,39.0,interior,-0.0,-0.0,-0.0,-0.0,-0.0,-0.0
0,0,origin,0.0,26d76fa997d7fc33a9ff6a4b606fc4f31e3f1c0753050e330d97c92565c2bbe2,3227,68.0,39.0,interior,-0.0,-0.0,-0.0,-0.0,-0.0,-0.0
0,0,origin,0.0,26d76fa997d7fc33a9ff6a4b606fc4f31e3f1c0753050e330d97c92565c2bbe2,3228,69.0,39.0,interior,-0.0,-0.0,-0.0,-0.0,-0.0,-0.0
0,0,origin,0.0,26d76fa997d7fc33a9ff6a4b606fc4f31e3f1c0753050e330d97c92565c2bbe2,3229,70.0,39.0,interior,-0.0,-0.0,-0.0,-0.0,-0.0,-0.0
0,0,origin,0.0,26d76fa997d7fc33a9ff6a4b606fc4f31e3f1c0753050e330d97c92565c2bbe2,3230,71.0,39.0,interior,-0.0,-0.0,-0.0,-0.0,-0.0,-0.0
0,0,origin,0.0,26d76fa997d7fc33a9ff6a4b606fc4f31e3f1c0753050e330d97c92565c2bbe2,3231,72.0,39.0,interior,-0.0,-0.0,-0.0,-0.0,-0.0,-0.0
0,0,origin,0.0,26d76fa997d7fc33a9ff6a4b606fc4f31e3f1c0753050e330d97c92565c2bbe2,3232,73.0,39.0,interior,-0.0,-0.0,-0.0,-0.0,-0.0,-0.0
0,0,origin,0.0,26d76fa997d7fc33a9ff6a4b606fc4f31e3f1c0753050e330d97c92565c2bbe2,3233,74.0,39.0,interior,-0.0,-0.0,-0.0,-0.0,-0.0,-0.0
0,0,origin,0.0,26d76fa997d7fc33a9ff6a4b606fc4f31e3f1c0753050e330d97c92565c2bbe2,3234,75.0,39.0,interior,-0.0,-0.0,-0.0,-0.0,-0.0,-0.0
0,0,origin,0.0,26d76fa997d7fc33a9ff6a4b606fc4f31e3f1c0753050e330d97c92565c2bbe2,3235,76.0,39.0,interior,-0.0,-0.0,-0.0,-0.0,-0.0,-0.0
0,0,origin,0.0,26d76fa997d7fc33a9ff6a4b606fc4f31e3f1c0753050e330d97c92565c2bbe2,3236,77.0,39.0,interior,-0.0,-0.0,-0.0,-0.0,-0.0,-0.0
0,0,origin,0.0,26d76fa997d7fc33a9ff6a4b606fc4f31e3f1c0753050e330d97c92565c2bbe2,3237,78.0,39.0,interior,-0.0,-0.0,-0.0,-0.0,-0.0,-0.0
0,0,origin,0.0,26d76fa997d7fc33a9ff6a4b606fc4f31e3f1c0753050e330d97c92565c2bbe2,3238,79.0,39.0,physical_only,-0.0,-0.0,-0.0,-0.0,-0.0,-0.0
0,0,origin,0.0,26d76fa997d7fc33a9ff6a4b606fc4f31e3f1c0753050e330d97c92565c2bbe2,3303,63.0,40.0,physical_and_cut,-0.0,-0.0,-0.0,-0.0,-0.0,-0.0
0,0,origin,0.0,26d76fa997d7fc33a9ff6a4b606fc4f31e3f1c0753050e330d97c92565c2bbe2,3304,64.0,40.0,cut_only,-0.0,-0.0,-0.0,-0.0,-0.0,-0.0
0,0,origin,0.0,26d76fa997d7fc33a9ff6a4b606fc4f31e3f1c0753050e330d97c92565c2bbe2,3305,65.0,40.0,cut_only,-0.0,-0.0,-0.0,-0.0,-0.0,-0.0
0,0,origin,0.0,26d76fa997d7fc33a9ff6a4b606fc4f31e3f1c0753050e330d97c92565c2bbe2,3306,66.0,40.0,cut_only,-0.0,-0.0,-0.0,-0.0,-0.0,-0.0
0,0,origin,0.0,26d76fa997d7fc33a9ff6a4b606fc4f31e3f1c0753050e330d97c92565c2bbe2,3307,67.0,40.0,cut_only,-0.0,-0.0,-0.0,-0.0,-0.0,-0.0
0,0,origin,0.0,26d76fa997d7fc33a9ff6a4b606fc4f31e3f1c0753050e330d97c92565c2bbe2,3308,68.0,40.0,cut_only,-0.0,-0.0,-0.0,-0.0,-0.0,-0.0
0,0,origin,0.0,26d76fa997d7fc33a9ff6a4b606fc4f31e3f1c0753050e330d97c92565c2bbe2,3309,69.0,40.0,cut_only,-0.0,-0.0,-0.0,-0.0,-0.0,-0.0
0,0,origin,0.0,26d76fa997d7fc33a9ff6a4b606fc4f31e3f1c0753050e330d97c92565c2bbe2,3310,70.0,40.0,cut_only,-0.0,-0.0,-0.0,-0.0,-0.0,-0.0
0,0,origin,0.0,26d76fa997d7fc33a9ff6a4b606fc4f31e3f1c0753050e330d97c92565c2bbe2,3311,71.0,40.0,cut_only,-0.0,-0.0,-0.0,-0.0,-0.0,-0.0
0,0,origin,0.0,26d76fa997d7fc33a9ff6a4b606fc4f31e3f1c0753050e330d97c92565c2bbe2,3312,72.0,40.0,cut_only,-0.0,-0.0,-0.0,-0.0,-0.0,-0.0
0,0,origin,0.0,26d76fa997d7fc33a9ff6a4b606fc4f31e3f1c0753050e330d97c92565c2bbe2,3313,73.0,40.0,cut_only,-0.0,-0.0,-0.0,-0.0,-0.0,-0.0
0,0,origin,0.0,26d76fa997d7fc33a9ff6a4b606fc4f31e3f1c0753050e330d97c92565c2bbe2,3314,74.0,40.0,cut_only,-0.0,-0.0,-0.0,-0.0,-0.0,-0.0
0,0,origin,0.0,26d76fa997d7fc33a9ff6a4b606fc4f31e3f1c0753050e330d97c92565c2bbe2,3315,75.0,40.0,cut_only,-0.0,-0.0,-0.0,-0.0,-0.0,-0.0
0,0,origin,0.0,26d76fa997d7fc33a9ff6a4b606fc4f31e3f1c0753050e330d97c92565c2bbe2,3316,76.0,40.0,cut_only,-0.0,-0.0,-0.0,-0.0,-0.0,-0.0
0,0,origin,0.0,26d76fa997d7fc33a9ff6a4b606fc4f31e3f1c0753050e330d97c92565c2bbe2,3317,77.0,40.0,cut_only,-0.0,-0.0,-0.0,-0.0,-0.0,-0.0
0,0,origin,0.0,26d76fa997d7fc33a9ff6a4b606fc4f31e3f1c0753050e330d97c92565c2bbe2,3318,78.0,40.0,cut_only,-0.0,-0.0,-0.0,-0.0,-0.0,-0.0
0,0,origin,0.0,26d76fa997d7fc33a9ff6a4b606fc4f31e3f1c0753050e330d97c92565c2bbe2,3319,79.0,40.0,physical_and_cut,-0.0,-0.0,-0.0,-0.0,-0.0,-0.0
1,1,loading,0.5,d707638a6de6e81c4a18e8f043500eb2a53aa8f0941c8a296137a43ab2ef8054,2655,63.0,32.0,physical_only,-8.104853303863163e-05,5.37588199384526e-06,-2.4151483591862945e-06,2.0244838382225485e-06,-7.863338467944533e-05,3.351398155622719e-06
1,1,loading,0.5,d707638a6de6e81c4a18e8f043500eb2a53aa8f0941c8a296137a43ab2ef8054,2656,64.0,32.0,physical_only,-7.769157884102573e-07,-8.883842384172159e-07,-9.388766364348383e-07,2.189607563670766e-06,1.6196084802458106e-07,-3.0779918020879853e-06
1,1,loading,0.5,d707638a6de6e81c4a18e8f043500eb2a53aa8f0941c8a296137a43ab2ef8054,2657,65.0,32.0,physical_only,-7.973191779297607e-07,-1.1942136773960107e-06,-9.458976891678598e-07,2.591483671243044e-06,1.4857851123809908e-07,-3.7856973486390577e-06
1,1,loading,0.5,d707638a6de6e81c4a18e8f043500eb2a53aa8f0941c8a296137a43ab2ef8054,2658,66.0,32.0,physical_only,-9.555565490622809e-07,-1.2313946318187212e-06,-9.53900587913113e-07,3.0114891290601374e-06,-1.6559611491681558e-09,-4.242883760878854e-06
1,1,loading,0.5,d707638a6de6e81c4a18e8f043500eb2a53aa8f0941c8a296137a43ab2ef8054,2659,67.0,32.0,physical_only,-1.10643026797365e-06,-1.0039402810378155e-06,-9.61934490253799e-07,3.4513725994754166e-06,-1.4449577771985093e-07,-4.455312880513236e-06
1,1,loading,0.5,d707638a6de6e81c4a18e8f043500eb2a53aa8f0941c8a296137a43ab2ef8054,2660,68.0,32.0,physical_only,-1.1292953335766133e-06,-7.054198196487722e-07,-9.694549843132747e-07,3.911374122795473e-06,-1.598403492633386e-07,-4.61679394244425e-06
1,1,loading,0.5,d707638a6de6e81c4a18e8f043500eb2a53aa8f0941c8a296137a43ab2ef8054,2661,69.0,32.0,physical_only,-1.1645644124892123e-06,-4.145541257489073e-07,-9.7624160290513e-07,4.3911062751870335e-06,-1.8832280958408206e-07,-4.805660400935928e-06
1,1,loading,0.5,d707638a6de6e81c4a18e8f043500eb2a53aa8f0941c8a296137a43ab2ef8054,2662,70.0,32.0,physical_only,-1.2028248639270335e-06,-7.729949100800874e-08,-9.823257196941258e-07,4.890073359521369e-06,-2.204991442329076e-07,-4.96737285052939e-06
1,1,loading,0.5,d707638a6de6e81c4a18e8f043500eb2a53aa8f0941c8a296137a43ab2ef8054,2663,71.0,32.0,physical_only,-1.2450915894501604e-06,3.0919720825347077e-07,-9.876607750431049e-07,5.4077343690374325e-06,-2.574308144070553e-07,-5.098537160783963e-06
1,1,loading,0.5,d707638a6de6e81c4a18e8f043500eb2a53aa8f0941c8a296137a43ab2ef8054,2664,72.0,32.0,physical_only,-1.2905978888465471e-06,7.47857508675854e-07,-9.922085299602498e-07,5.943431478995239e-06,-2.9838935888629744e-07,-5.195573970319373e-06
1,1,loading,0.5,d707638a6de6e81c4a18e8f043500eb2a53aa8f0941c8a296137a43ab2ef8054,2665,73.0,32.0,physical_only,-1.3567972425456663e-06,1.3037198033872345e-06,-9.958498180205477e-07,6.496285906253731e-06,-3.609474245251186e-07,-5.192566102866502e-06
1,1,loading,0.5,d707638a6de6e81c4a18e8f043500eb2a53aa8f0941c8a296137a43ab2ef8054,2666,74.0,32.0,physical_only,-1.2661022952070985e-06,1.9091544507110757e-06,-9.98658641872042e-07,7.06527806905398e-06,-2.674436533350561e-07,-5.156123618342914e-06
1,1,loading,0.5,d707638a6de6e81c4a18e8f043500eb2a53aa8f0941c8a296137a43ab2ef8054,2667,75.0,32.0,physical_only,-1.0706174876479798e-06,2.311791736549272e-06,-1.000988110751569e-06,7.649752604698601e-06,-6.96293768964105e-08,-5.337960868149336e-06
1,1,loading,0.5,d707638a6de6e81c4a18e8f043500eb2a53aa8f0941c8a296137a43ab2ef8054,2668,76.0,32.0,physical_only,-8.389990551377678e-07,2.2794402465730934e-06,-1.0036948048927694e-06,8.250456135896834e-06,1.6469574975500178e-07,-5.971015889323739e-06
1,1,loading,0.5,d707638a6de6e81c4a18e8f043500eb2a53aa8f0941c8a296137a43ab2ef8054,2669,77.0,32.0,physical_only,-8.307994034268282e-07,2.1390362323325243e-06,-1.007271924401836e-06,8.869800577080644e-06,1.7647252097500774e-07,-6.73076434474811e-06
1,1,loading,0.5,d707638a6de6e81c4a18e8f043500eb2a53aa8f0941c8a296137a43ab2ef8054,2670,78.0,32.0,physical_only,-8.782553736912093e-07,2.1581778556979447e-06,-1.0117236382237209e-06,9.510640068376402e-06,1.3346826453251166e-07,-7.352462212678457e-06
1,1,loading,0.5,d707638a6de6e81c4a18e8f043500eb2a53aa8f0941c8a296137a43ab2ef8054,2671,79.0,32.0,physical_only,7.374801935823615e-07,0.0001313124405844316,-1.0605675471758842e-06,1.0259813056386941e-05,1.798047740758246e-06,0.00012105262752804466
1,1,loading,0.5,d707638a6de6e81c4a18e8f043500eb2a53aa8f0941c8a296137a43ab2ef8054,2736,63.0,33.0,physical_only,-2.6339365491028232e-06,-5.58019463670712e-07,-1.667355780962503e-06,6.591208712011439e-08,-9.665807681403202e-07,-6.239315507908266e-07
1,1,loading,0.5,d707638a6de6e81c4a18e8f043500eb2a53aa8f0941c8a296137a43ab2ef8054,2737,64.0,33.0,interior,-0.0,-0.0,-0.0,-0.0,-0.0,-0.0
1,1,loading,0.5,d707638a6de6e81c4a18e8f043500eb2a53aa8f0941c8a296137a43ab2ef8054,2738,65.0,33.0,interior,-0.0,-0.0,-0.0,-0.0,-0.0,-0.0
1,1,loading,0.5,d707638a6de6e81c4a18e8f043500eb2a53aa8f0941c8a296137a43ab2ef8054,2739,66.0,33.0,interior,-0.0,-0.0,-0.0,-0.0,-0.0,-0.0
1,1,loading,0.5,d707638a6de6e81c4a18e8f043500eb2a53aa8f0941c8a296137a43ab2ef8054,2740,67.0,33.0,interior,-0.0,-0.0,-0.0,-0.0,-0.0,-0.0
1,1,loading,0.5,d707638a6de6e81c4a18e8f043500eb2a53aa8f0941c8a296137a43ab2ef8054,2741,68.0,33.0,interior,-0.0,-0.0,-0.0,-0.0,-0.0,-0.0
1,1,loading,0.5,d707638a6de6e81c4a18e8f043500eb2a53aa8f0941c8a296137a43ab2ef8054,2742,69.0,33.0,interior,-0.0,-0.0,-0.0,-0.0,-0.0,-0.0
1,1,loading,0.5,d707638a6de6e81c4a18e8f043500eb2a53aa8f0941c8a296137a43ab2ef8054,2743,70.0,33.0,interior,-0.0,-0.0,-0.0,-0.0,-0.0,-0.0
1,1,loading,0.5,d707638a6de6e81c4a18e8f043500eb2a53aa8f0941c8a296137a43ab2ef8054,2744,71.0,33.0,interior,-0.0,-0.0,-0.0,-0.0,-0.0,-0.0
1,1,loading,0.5,d707638a6de6e81c4a18e8f043500eb2a53aa8f0941c8a296137a43ab2ef8054,2745,72.0,33.0,interior,-0.0,-0.0,-0.0,-0.0,-0.0,-0.0
1,1,loading,0.5,d707638a6de6e81c4a18e8f043500eb2a53aa8f0941c8a296137a43ab2ef8054,2746,73.0,33.0,interior,-0.0,-0.0,-0.0,-0.0,-0.0,-0.0
1,1,loading,0.5,d707638a6de6e81c4a18e8f043500eb2a53aa8f0941c8a296137a43ab2ef8054,2747,74.0,33.0,interior,-0.0,-0.0,-0.0,-0.0,-0.0,-0.0
1,1,loading,0.5,d707638a6de6e81c4a18e8f043500eb2a53aa8f0941c8a296137a43ab2ef8054,2748,75.0,33.0,interior,-0.0,-0.0,-0.0,-0.0,-0.0,-0.0
1,1,loading,0.5,d707638a6de6e81c4a18e8f043500eb2a53aa8f0941c8a296137a43ab2ef8054,2749,76.0,33.0,interior,-0.0,-0.0,-0.0,-0.0,-0.0,-0.0
1,1,loading,0.5,d707638a6de6e81c4a18e8f043500eb2a53aa8f0941c8a296137a43ab2ef8054,2750,77.0,33.0,interior,-0.0,-0.0,-0.0,-0.0,-0.0,-0.0
1,1,loading,0.5,d707638a6de6e81c4a18e8f043500eb2a53aa8f0941c8a296137a43ab2ef8054,2751,78.0,33.0,interior,-0.0,-0.0,-0.0,-0.0,-0.0,-0.0
1,1,loading,0.5,d707638a6de6e81c4a18e8f043500eb2a53aa8f0941c8a296137a43ab2ef8054,2752,79.0,33.0,physical_only,-2.5693386319234424e-08,8.730096511558273e-10,-2.25434333642038e-08,1.7048817533901968e-07,-3.1499529550306238e-09,-1.6961516568786264e-07
1,1,loading,0.5,d707638a6de6e81c4a18e8f043500eb2a53aa8f0941c8a296137a43ab2ef8054,2817,63.0,34.0,physical_only,-2.252864383659075e-06,-2.593985681123552e-07,-1.719305395337219e-06,5.409019097290795e-08,-5.335589883218562e-07,-3.134887590852632e-07
1,1,loading,0.5,d707638a6de6e81c4a18e8f043500eb2a53aa8f0941c8a296137a43ab2ef8054,2818,64.0,34.0,interior,-0.0,-0.0,-0.0,-0.0,-0.0,-0.0
1,1,loading,0.5,d707638a6de6e81c4a18e8f043500eb2a53aa8f0941c8a296137a43ab2ef8054,2819,65.0,34.0,interior,-0.0,-0.0,-0.0,-0.0,-0.0,-0.0
1,1,loading,0.5,d707638a6de6e81c4a18e8f043500eb2a53aa8f0941c8a296137a43ab2ef8054,2820,66.0,34.0,interior,-0.0,-0.0,-0.0,-0.0,-0.0,-0.0
1,1,loading,0.5,d707638a6de6e81c4a18e8f043500eb2a53aa8f0941c8a296137a43ab2ef8054,2821,67.0,34.0,interior,-0.0,-0.0,-0.0,-0.0,-0.0,-0.0
1,1,loading,0.5,d707638a6de6e81c4a18e8f043500eb2a53aa8f0941c8a296137a43ab2ef8054,2822,68.0,34.0,interior,-0.0,-0.0,-0.0,-0.0,-0.0,-0.0
1,1,loading,0.5,d707638a6de6e81c4a18e8f043500eb2a53aa8f0941c8a296137a43ab2ef8054,2823,69.0,34.0,interior,-0.0,-0.0,-0.0,-0.0,-0.0,-0.0
1,1,loading,0.5,d707638a6de6e81c4a18e8f043500eb2a53aa8f0941c8a296137a43ab2ef8054,2824,70.0,34.0,interior,-0.0,-0.0,-0.0,-0.0,-0.0,-0.0
1,1,loading,0.5,d707638a6de6e81c4a18e8f043500eb2a53aa8f0941c8a296137a43ab2ef8054,2825,71.0,34.0,interior,-0.0,-0.0,-0.0,-0.0,-0.0,-0.0
1,1,loading,0.5,d707638a6de6e81c4a18e8f043500eb2a53aa8f0941c8a296137a43ab2ef8054,2826,72.0,34.0,interior,-0.0,-0.0,-0.0,-0.0,-0.0,-0.0
1,1,loading,0.5,d707638a6de6e81c4a18e8f043500eb2a53aa8f0941c8a296137a43ab2ef8054,2827,73.0,34.0,interior,-0.0,-0.0,-0.0,-0.0,-0.0,-0.0
1,1,loading,0.5,d707638a6de6e81c4a18e8f043500eb2a53aa8f0941c8a296137a43ab2ef8054,2828,74.0,34.0,interior,-0.0,-0.0,-0.0,-0.0,-0.0,-0.0
1,1,loading,0.5,d707638a6de6e81c4a18e8f043500eb2a53aa8f0941c8a296137a43ab2ef8054,2829,75.0,34.0,interior,-0.0,-0.0,-0.0,-0.0,-0.0,-0.0
1,1,loading,0.5,d707638a6de6e81c4a18e8f043500eb2a53aa8f0941c8a296137a43ab2ef8054,2830,76.0,34.0,interior,-0.0,-0.0,-0.0,-0.0,-0.0,-0.0
1,1,loading,0.5,d707638a6de6e81c4a18e8f043500eb2a53aa8f0941c8a296137a43ab2ef8054,2831,77.0,34.0,interior,-0.0,-0.0,-0.0,-0.0,-0.0,-0.0
1,1,loading,0.5,d707638a6de6e81c4a18e8f043500eb2a53aa8f0941c8a296137a43ab2ef8054,2832,78.0,34.0,interior,-0.0,-0.0,-0.0,-0.0,-0.0,-0.0
1,1,loading,0.5,d707638a6de6e81c4a18e8f043500eb2a53aa8f0941c8a296137a43ab2ef8054,2833,79.0,34.0,physical_only,-2.517355730813397e-08,7.435174020095045e-10,-2.2117106536196406e-08,1.451136512671259e-07,-3.0564507719375594e-09,-1.443701338651169e-07
1,1,loading,0.5,d707638a6de6e81c4a18e8f043500eb2a53aa8f0941c8a296137a43ab2ef8054,2898,63.0,35.0,physical_only,-2.1606441213399427e-06,-2.1294784810138988e-08,-1.7614983317089812e-06,4.5255305106545666e-08,-3.991457896309613e-07,-6.65500899166845e-08
1,1,loading,0.5,d707638a6de6e81c4a18e8f043500eb2a53aa8f0941c8a296137a43ab2ef8054,2899,64.0,35.0,interior,-0.0,-0.0,-0.0,-0.0,-0.0,-0.0
1,1,loading,0.5,d707638a6de6e81c4a18e8f043500eb2a53aa8f0941c8a296137a43ab2ef8054,2900,65.0,35.0,interior,-0.0,-0.0,-0.0,-0.0,-0.0,-0.0
1,1,loading,0.5,d707638a6de6e81c4a18e8f043500eb2a53aa8f0941c8a296137a43ab2ef8054,2901,66.0,35.0,interior,-0.0,-0.0,-0.0,-0.0,-0.0,-0.0
1,1,loading,0.5,d707638a6de6e81c4a18e8f043500eb2a53aa8f0941c8a296137a43ab2ef8054,2902,67.0,35.0,interior,-0.0,-0.0,-0.0,-0.0,-0.0,-0.0
1,1,loading,0.5,d707638a6de6e81c4a18e8f043500eb2a53aa8f0941c8a296137a43ab2ef8054,2903,68.0,35.0,interior,-0.0,-0.0,-0.0,-0.0,-0.0,-0.0
1,1,loading,0.5,d707638a6de6e81c4a18e8f043500eb2a53aa8f0941c8a296137a43ab2ef8054,2904,69.0,35.0,interior,-0.0,-0.0,-0.0,-0.0,-0.0,-0.0
1,1,loading,0.5,d707638a6de6e81c4a18e8f043500eb2a53aa8f0941c8a296137a43ab2ef8054,2905,70.0,35.0,interior,-0.0,-0.0,-0.0,-0.0,-0.0,-0.0
1,1,loading,0.5,d707638a6de6e81c4a18e8f043500eb2a53aa8f0941c8a296137a43ab2ef8054,2906,71.0,35.0,interior,-0.0,-0.0,-0.0,-0.0,-0.0,-0.0
1,1,loading,0.5,d707638a6de6e81c4a18e8f043500eb2a53aa8f0941c8a296137a43ab2ef8054,2907,72.0,35.0,interior,-0.0,-0.0,-0.0,-0.0,-0.0,-0.0
1,1,loading,0.5,d707638a6de6e81c4a18e8f043500eb2a53aa8f0941c8a296137a43ab2ef8054,2908,73.0,35.0,interior,-0.0,-0.0,-0.0,-0.0,-0.0,-0.0
1,1,loading,0.5,d707638a6de6e81c4a18e8f043500eb2a53aa8f0941c8a296137a43ab2ef8054,2909,74.0,35.0,interior,-0.0,-0.0,-0.0,-0.0,-0.0,-0.0
1,1,loading,0.5,d707638a6de6e81c4a18e8f043500eb2a53aa8f0941c8a296137a43ab2ef8054,2910,75.0,35.0,interior,-0.0,-0.0,-0.0,-0.0,-0.0,-0.0
1,1,loading,0.5,d707638a6de6e81c4a18e8f043500eb2a53aa8f0941c8a296137a43ab2ef8054,2911,76.0,35.0,interior,-0.0,-0.0,-0.0,-0.0,-0.0,-0.0
1,1,loading,0.5,d707638a6de6e81c4a18e8f043500eb2a53aa8f0941c8a296137a43ab2ef8054,2912,77.0,35.0,interior,-0.0,-0.0,-0.0,-0.0,-0.0,-0.0
1,1,loading,0.5,d707638a6de6e81c4a18e8f043500eb2a53aa8f0941c8a296137a43ab2ef8054,2913,78.0,35.0,interior,-0.0,-0.0,-0.0,-0.0,-0.0,-0.0
1,1,loading,0.5,d707638a6de6e81c4a18e8f043500eb2a53aa8f0941c8a296137a43ab2ef8054,2914,79.0,35.0,physical_only,-2.4736532996801622e-08,6.162377241707883e-10,-2.1758027405251334e-08,1.2021216417663777e-07,-2.9785055915502964e-09,-1.1959592645246756e-07
1,1,loading,0.5,d707638a6de6e81c4a18e8f043500eb2a53aa8f0941c8a296137a43ab2ef8054,2979,63.0,36.0,physical_only,-2.2215131820307443e-06,1.0535655232867316e-07,-1.796603726800832e-06,3.7301094465050093e-08,-4.249094552299123e-07,6.805545786362307e-08
1,1,loading,0.5,d707638a6de6e81c4a18e8f043500eb2a53aa8f0941c8a296137a43ab2ef8054,2980,64.0,36.0,interior,-0.0,-0.0,-0.0,-0.0,-0.0,-0.0
1,1,loading,0.5,d707638a6de6e81c4a18e8f043500eb2a53aa8f0941c8a296137a43ab2ef8054,2981,65.0,36.0,interior,-0.0,-0.0,-0.0,-0.0,-0.0,-0.0
1,1,loading,0.5,d707638a6de6e81c4a18e8f043500eb2a53aa8f0941c8a296137a43ab2ef8054,2982,66.0,36.0,interior,-0.0,-0.0,-0.0,-0.0,-0.0,-0.0
1,1,loading,0.5,d707638a6de6e81c4a18e8f043500eb2a53aa8f0941c8a296137a43ab2ef8054,2983,67.0,36.0,interior,-0.0,-0.0,-0.0,-0.0,-0.0,-0.0
1,1,loading,0.5,d707638a6de6e81c4a18e8f043500eb2a53aa8f0941c8a296137a43ab2ef8054,2984,68.0,36.0,interior,-0.0,-0.0,-0.0,-0.0,-0.0,-0.0
1,1,loading,0.5,d707638a6de6e81c4a18e8f043500eb2a53aa8f0941c8a296137a43ab2ef8054,2985,69.0,36.0,interior,-0.0,-0.0,-0.0,-0.0,-0.0,-0.0
1,1,loading,0.5,d707638a6de6e81c4a18e8f043500eb2a53aa8f0941c8a296137a43ab2ef8054,2986,70.0,36.0,interior,-0.0,-0.0,-0.0,-0.0,-0.0,-0.0
1,1,loading,0.5,d707638a6de6e81c4a18e8f043500eb2a53aa8f0941c8a296137a43ab2ef8054,2987,71.0,36.0,interior,-0.0,-0.0,-0.0,-0.0,-0.0,-0.0
1,1,loading,0.5,d707638a6de6e81c4a18e8f043500eb2a53aa8f0941c8a296137a43ab2ef8054,2988,72.0,36.0,interior,-0.0,-0.0,-0.0,-0.0,-0.0,-0.0
1,1,loading,0.5,d707638a6de6e81c4a18e8f043500eb2a53aa8f0941c8a296137a43ab2ef8054,2989,73.0,36.0,interior,-0.0,-0.0,-0.0,-0.0,-0.0,-0.0
1,1,loading,0.5,d707638a6de6e81c4a18e8f043500eb2a53aa8f0941c8a296137a43ab2ef8054,2990,74.0,36.0,interior,-0.0,-0.0,-0.0,-0.0,-0.0,-0.0
1,1,loading,0.5,d707638a6de6e81c4a18e8f043500eb2a53aa8f0941c8a296137a43ab2ef8054,2991,75.0,36.0,interior,-0.0,-0.0,-0.0,-0.0,-0.0,-0.0
1,1,loading,0.5,d707638a6de6e81c4a18e8f043500eb2a53aa8f0941c8a296137a43ab2ef8054,2992,76.0,36.0,interior,-0.0,-0.0,-0.0,-0.0,-0.0,-0.0
1,1,loading,0.5,d707638a6de6e81c4a18e8f043500eb2a53aa8f0941c8a296137a43ab2ef8054,2993,77.0,36.0,interior,-0.0,-0.0,-0.0,-0.0,-0.0,-0.0
1,1,loading,0.5,d707638a6de6e81c4a18e8f043500eb2a53aa8f0941c8a296137a43ab2ef8054,2994,78.0,36.0,interior,-0.0,-0.0,-0.0,-0.0,-0.0,-0.0
1,1,loading,0.5,d707638a6de6e81c4a18e8f043500eb2a53aa8f0941c8a296137a43ab2ef8054,2995,79.0,36.0,physical_only,-2.4380891345585135e-08,4.907952085725443e-10,-2.14653690604514e-08,9.570262412019197e-08,-2.915522285133729e-09,-9.521182891161887e-08
1,1,loading,0.5,d707638a6de6e81c4a18e8f043500eb2a53aa8f0941c8a296137a43ab2ef8054,3060,63.0,37.0,physical_only,-2.325281243869704e-06,1.4027643517320757e-07,-1.8250270349420058e-06,2.8999901984843216e-08,-5.002542089276987e-07,1.1127653318836446e-07
1,1,loading,0.5,d707638a6de6e81c4a18e8f043500eb2a53aa8f0941c8a296137a43ab2ef8054,3061,64.0,37.0,interior,-0.0,-0.0,-0.0,-0.0,-0.0,-0.0
1,1,loading,0.5,d707638a6de6e81c4a18e8f043500eb2a53aa8f0941c8a296137a43ab2ef8054,3062,65.0,37.0,interior,-0.0,-0.0,-0.0,-0.0,-0.0,-0.0
1,1,loading,0.5,d707638a6de6e81c4a18e8f043500eb2a53aa8f0941c8a296137a43ab2ef8054,3063,66.0,37.0,interior,-0.0,-0.0,-0.0,-0.0,-0.0,-0.0
1,1,loading,0.5,d707638a6de6e81c4a18e8f043500eb2a53aa8f0941c8a296137a43ab2ef8054,3064,67.0,37.0,interior,-0.0,-0.0,-0.0,-0.0,-0.0,-0.0
1,1,loading,0.5,d707638a6de6e81c4a18e8f043500eb2a53aa8f0941c8a296137a43ab2ef8054,3065,68.0,37.0,interior,-0.0,-0.0,-0.0,-0.0,-0.0,-0.0
1,1,loading,0.5,d707638a6de6e81c4a18e8f043500eb2a53aa8f0941c8a296137a43ab2ef8054,3066,69.0,37.0,interior,-0.0,-0.0,-0.0,-0.0,-0.0,-0.0
1,1,loading,0.5,d707638a6de6e81c4a18e8f043500eb2a53aa8f0941c8a296137a43ab2ef8054,3067,70.0,37.0,interior,-0.0,-0.0,-0.0,-0.0,-0.0,-0.0
1,1,loading,0.5,d707638a6de6e81c4a18e8f043500eb2a53aa8f0941c8a296137a43ab2ef8054,3068,71.0,37.0,interior,-0.0,-0.0,-0.0,-0.0,-0.0,-0.0
1,1,loading,0.5,d707638a6de6e81c4a18e8f043500eb2a53aa8f0941c8a296137a43ab2ef8054,3069,72.0,37.0,interior,-0.0,-0.0,-0.0,-0.0,-0.0,-0.0
1,1,loading,0.5,d707638a6de6e81c4a18e8f043500eb2a53aa8f0941c8a296137a43ab2ef8054,3070,73.0,37.0,interior,-0.0,-0.0,-0.0,-0.0,-0.0,-0.0
1,1,loading,0.5,d707638a6de6e81c4a18e8f043500eb2a53aa8f0941c8a296137a43ab2ef8054,3071,74.0,37.0,interior,-0.0,-0.0,-0.0,-0.0,-0.0,-0.0
1,1,loading,0.5,d707638a6de6e81c4a18e8f043500eb2a53aa8f0941c8a296137a43ab2ef8054,3072,75.0,37.0,interior,-0.0,-0.0,-0.0,-0.0,-0.0,-0.0
1,1,loading,0.5,d707638a6de6e81c4a18e8f043500eb2a53aa8f0941c8a296137a43ab2ef8054,3073,76.0,37.0,interior,-0.0,-0.0,-0.0,-0.0,-0.0,-0.0
1,1,loading,0.5,d707638a6de6e81c4a18e8f043500eb2a53aa8f0941c8a296137a43ab2ef8054,3074,77.0,37.0,interior,-0.0,-0.0,-0.0,-0.0,-0.0,-0.0
1,1,loading,0.5,d707638a6de6e81c4a18e8f043500eb2a53aa8f0941c8a296137a43ab2ef8054,3075,78.0,37.0,interior,-0.0,-0.0,-0.0,-0.0,-0.0,-0.0
1,1,loading,0.5,d707638a6de6e81c4a18e8f043500eb2a53aa8f0941c8a296137a43ab2ef8054,3076,79.0,37.0,physical_only,-2.4105474815362837e-08,3.6681805362284427e-10,-2.1238452572655457e-08,7.150517266586977e-08,-2.867022242707381e-09,-7.113835461224732e-08
1,1,loading,0.5,d707638a6de6e81c4a18e8f043500eb2a53aa8f0941c8a296137a43ab2ef8054,3141,63.0,38.0,physical_only,-2.415829545494048e-06,1.1598397949773672e-07,-1.846158785828895e-06,1.9930814807110837e-08,-5.696707596651529e-07,9.605316469062573e-08
1,1,loading,0.5,d707638a6de6e81c4a18e8f043500eb2a53aa8f0941c8a296137a43ab2ef8054,3142,64.0,38.0,interior,-0.0,-0.0,-0.0,-0.0,-0.0,-0.0
1,1,loading,0.5,d707638a6de6e81c4a18e8f043500eb2a53aa8f0941c8a296137a43ab2ef8054,3143,65.0,38.0,interior,-0.0,-0.0,-0.0,-0.0,-0.0,-0.0
1,1,loading,0.5,d707638a6de6e81c4a18e8f043500eb2a53aa8f0941c8a296137a43ab2ef8054,3144,66.0,38.0,interior,-0.0,-0.0,-0.0,-0.0,-0.0,-0.0
1,1,loading,0.5,d707638a6de6e81c4a18e8f043500eb2a53aa8f0941c8a296137a43ab2ef8054,3145,67.0,38.0,interior,-0.0,-0.0,-0.0,-0.0,-0.0,-0.0
1,1,loading,0.5,d707638a6de6e81c4a18e8f043500eb2a53aa8f0941c8a296137a43ab2ef8054,3146,68.0,38.0,interior,-0.0,-0.0,-0.0,-0.0,-0.0,-0.0
1,1,loading,0.5,d707638a6de6e81c4a18e8f043500eb2a53aa8f0941c8a296137a43ab2ef8054,3147,69.0,38.0,interior,-0.0,-0.0,-0.0,-0.0,-0.0,-0.0
1,1,loading,0.5,d707638a6de6e81c4a18e8f043500eb2a53aa8f0941c8a296137a43ab2ef8054,3148,70.0,38.0,interior,-0.0,-0.0,-0.0,-0.0,-0.0,-0.0
1,1,loading,0.5,d707638a6de6e81c4a18e8f043500eb2a53aa8f0941c8a296137a43ab2ef8054,3149,71.0,38.0,interior,-0.0,-0.0,-0.0,-0.0,-0.0,-0.0
1,1,loading,0.5,d707638a6de6e81c4a18e8f043500eb2a53aa8f0941c8a296137a43ab2ef8054,3150,72.0,38.0,interior,-0.0,-0.0,-0.0,-0.0,-0.0,-0.0
1,1,loading,0.5,d707638a6de6e81c4a18e8f043500eb2a53aa8f0941c8a296137a43ab2ef8054,3151,73.0,38.0,interior,-0.0,-0.0,-0.0,-0.0,-0.0,-0.0
1,1,loading,0.5,d707638a6de6e81c4a18e8f043500eb2a53aa8f0941c8a296137a43ab2ef8054,3152,74.0,38.0,interior,-0.0,-0.0,-0.0,-0.0,-0.0,-0.0
1,1,loading,0.5,d707638a6de6e81c4a18e8f043500eb2a53aa8f0941c8a296137a43ab2ef8054,3153,75.0,38.0,interior,-0.0,-0.0,-0.0,-0.0,-0.0,-0.0
1,1,loading,0.5,d707638a6de6e81c4a18e8f043500eb2a53aa8f0941c8a296137a43ab2ef8054,3154,76.0,38.0,interior,-0.0,-0.0,-0.0,-0.0,-0.0,-0.0
1,1,loading,0.5,d707638a6de6e81c4a18e8f043500eb2a53aa8f0941c8a296137a43ab2ef8054,3155,77.0,38.0,interior,-0.0,-0.0,-0.0,-0.0,-0.0,-0.0
1,1,loading,0.5,d707638a6de6e81c4a18e8f043500eb2a53aa8f0941c8a296137a43ab2ef8054,3156,78.0,38.0,interior,-0.0,-0.0,-0.0,-0.0,-0.0,-0.0
1,1,loading,0.5,d707638a6de6e81c4a18e8f043500eb2a53aa8f0941c8a296137a43ab2ef8054,3157,79.0,38.0,physical_only,-2.3909386791348055e-08,2.4393736215152584e-10,-2.1076748459788912e-08,4.754093259551341e-08,-2.8326383315591416e-09,-4.7296995233362406e-08
1,1,loading,0.5,d707638a6de6e81c4a18e8f043500eb2a53aa8f0941c8a296137a43ab2ef8054,3222,63.0,39.0,physical_only,-2.471361563303315e-06,6.287621961549531e-08,-1.8592138002873538e-06,1.0161328321667147e-08,-6.12147763015961e-07,5.271489129382838e-08
1,1,loading,0.5,d707638a6de6e81c4a18e8f043500eb2a53aa8f0941c8a296137a43ab2ef8054,3223,64.0,39.0,interior,-0.0,-0.0,-0.0,-0.0,-0.0,-0.0
1,1,loading,0.5,d707638a6de6e81c4a18e8f043500eb2a53aa8f0941c8a296137a43ab2ef8054,3224,65.0,39.0,interior,-0.0,-0.0,-0.0,-0.0,-0.0,-0.0
1,1,loading,0.5,d707638a6de6e81c4a18e8f043500eb2a53aa8f0941c8a296137a43ab2ef8054,3225,66.0,39.0,interior,-0.0,-0.0,-0.0,-0.0,-0.0,-0.0
1,1,loading,0.5,d707638a6de6e81c4a18e8f043500eb2a53aa8f0941c8a296137a43ab2ef8054,3226,67.0,39.0,interior,-0.0,-0.0,-0.0,-0.0,-0.0,-0.0
1,1,loading,0.5,d707638a6de6e81c4a18e8f043500eb2a53aa8f0941c8a296137a43ab2ef8054,3227,68.0,39.0,interior,-0.0,-0.0,-0.0,-0.0,-0.0,-0.0
1,1,loading,0.5,d707638a6de6e81c4a18e8f043500eb2a53aa8f0941c8a296137a43ab2ef8054,3228,69.0,39.0,interior,-0.0,-0.0,-0.0,-0.0,-0.0,-0.0
1,1,loading,0.5,d707638a6de6e81c4a18e8f043500eb2a53aa8f0941c8a296137a43ab2ef8054,3229,70.0,39.0,interior,-0.0,-0.0,-0.0,-0.0,-0.0,-0.0
1,1,loading,0.5,d707638a6de6e81c4a18e8f043500eb2a53aa8f0941c8a296137a43ab2ef8054,3230,71.0,39.0,interior,-0.0,-0.0,-0.0,-0.0,-0.0,-0.0
1,1,loading,0.5,d707638a6de6e81c4a18e8f043500eb2a53aa8f0941c8a296137a43ab2ef8054,3231,72.0,39.0,interior,-0.0,-0.0,-0.0,-0.0,-0.0,-0.0
1,1,loading,0.5,d707638a6de6e81c4a18e8f043500eb2a53aa8f0941c8a296137a43ab2ef8054,3232,73.0,39.0,interior,-0.0,-0.0,-0.0,-0.0,-0.0,-0.0
1,1,loading,0.5,d707638a6de6e81c4a18e8f043500eb2a53aa8f0941c8a296137a43ab2ef8054,3233,74.0,39.0,interior,-0.0,-0.0,-0.0,-0.0,-0.0,-0.0
1,1,loading,0.5,d707638a6de6e81c4a18e8f043500eb2a53aa8f0941c8a296137a43ab2ef8054,3234,75.0,39.0,interior,-0.0,-0.0,-0.0,-0.0,-0.0,-0.0
1,1,loading,0.5,d707638a6de6e81c4a18e8f043500eb2a53aa8f0941c8a296137a43ab2ef8054,3235,76.0,39.0,interior,-0.0,-0.0,-0.0,-0.0,-0.0,-0.0
1,1,loading,0.5,d707638a6de6e81c4a18e8f043500eb2a53aa8f0941c8a296137a43ab2ef8054,3236,77.0,39.0,interior,-0.0,-0.0,-0.0,-0.0,-0.0,-0.0
1,1,loading,0.5,d707638a6de6e81c4a18e8f043500eb2a53aa8f0941c8a296137a43ab2ef8054,3237,78.0,39.0,interior,-0.0,-0.0,-0.0,-0.0,-0.0,-0.0
1,1,loading,0.5,d707638a6de6e81c4a18e8f043500eb2a53aa8f0941c8a296137a43ab2ef8054,3238,79.0,39.0,physical_only,-2.3791988809900805e-08,1.2178642570208066e-10,-2.097987777537652e-08,2.3731760271236626e-08,-2.812111034524284e-09,-2.360997384553512e-08
1,1,loading,0.5,d707638a6de6e81c4a18e8f043500eb2a53aa8f0941c8a296137a43ab2ef8054,3303,63.0,40.0,physical_and_cut,-1.2447260422520193e-06,-1.8801348833385991e-06,-9.3181540024745e-07,-4.075253950754459e-07,-3.1291064200456933e-07,-1.4726094882631532e-06
1,1,loading,0.5,d707638a6de6e81c4a18e8f043500eb2a53aa8f0941c8a296137a43ab2ef8054,3304,64.0,40.0,cut_only,-0.0,-0.0,-0.0,-0.0,-0.0,-0.0
1,1,loading,0.5,d707638a6de6e81c4a18e8f043500eb2a53aa8f0941c8a296137a43ab2ef8054,3305,65.0,40.0,cut_only,-0.0,-0.0,-0.0,-0.0,-0.0,-0.0
1,1,loading,0.5,d707638a6de6e81c4a18e8f043500eb2a53aa8f0941c8a296137a43ab2ef8054,3306,66.0,40.0,cut_only,-0.0,-0.0,-0.0,-0.0,-0.0,-0.0
1,1,loading,0.5,d707638a6de6e81c4a18e8f043500eb2a53aa8f0941c8a296137a43ab2ef8054,3307,67.0,40.0,cut_only,-0.0,-0.0,-0.0,-0.0,-0.0,-0.0
1,1,loading,0.5,d707638a6de6e81c4a18e8f043500eb2a53aa8f0941c8a296137a43ab2ef8054,3308,68.0,40.0,cut_only,-0.0,-0.0,-0.0,-0.0,-0.0,-0.0
1,1,loading,0.5,d707638a6de6e81c4a18e8f043500eb2a53aa8f0941c8a296137a43ab2ef8054,3309,69.0,40.0,cut_only,-0.0,-0.0,-0.0,-0.0,-0.0,-0.0
1,1,loading,0.5,d707638a6de6e81c4a18e8f043500eb2a53aa8f0941c8a296137a43ab2ef8054,3310,70.0,40.0,cut_only,-0.0,-0.0,-0.0,-0.0,-0.0,-0.0
1,1,loading,0.5,d707638a6de6e81c4a18e8f043500eb2a53aa8f0941c8a296137a43ab2ef8054,3311,71.0,40.0,cut_only,-0.0,-0.0,-0.0,-0.0,-0.0,-0.0
1,1,loading,0.5,d707638a6de6e81c4a18e8f043500eb2a53aa8f0941c8a296137a43ab2ef8054,3312,72.0,40.0,cut_only,-0.0,-0.0,-0.0,-0.0,-0.0,-0.0
1,1,loading,0.5,d707638a6de6e81c4a18e8f043500eb2a53aa8f0941c8a296137a43ab2ef8054,3313,73.0,40.0,cut_only,-0.0,-0.0,-0.0,-0.0,-0.0,-0.0
1,1,loading,0.5,d707638a6de6e81c4a18e8f043500eb2a53aa8f0941c8a296137a43ab2ef8054,3314,74.0,40.0,cut_only,-0.0,-0.0,-0.0,-0.0,-0.0,-0.0
1,1,loading,0.5,d707638a6de6e81c4a18e8f043500eb2a53aa8f0941c8a296137a43ab2ef8054,3315,75.0,40.0,cut_only,-0.0,-0.0,-0.0,-0.0,-0.0,-0.0
1,1,loading,0.5,d707638a6de6e81c4a18e8f043500eb2a53aa8f0941c8a296137a43ab2ef8054,3316,76.0,40.0,cut_only,-0.0,-0.0,-0.0,-0.0,-0.0,-0.0
1,1,loading,0.5,d707638a6de6e81c4a18e8f043500eb2a53aa8f0941c8a296137a43ab2ef8054,3317,77.0,40.0,cut_only,-0.0,-0.0,-0.0,-0.0,-0.0,-0.0
1,1,loading,0.5,d707638a6de6e81c4a18e8f043500eb2a53aa8f0941c8a296137a43ab2ef8054,3318,78.0,40.0,cut_only,-0.0,-0.0,-0.0,-0.0,-0.0,-0.0
1,1,loading,0.5,d707638a6de6e81c4a18e8f043500eb2a53aa8f0941c8a296137a43ab2ef8054,3319,79.0,40.0,physical_and_cut,-1.18764492910701e-08,-7.177433298679727e-06,-1.0473806429463114e-08,1.5917514263640134e-08,-1.4026428616069865e-09,-7.193350812943367e-06
2,2,loading,1.0,69d8e09bc210786379bbc48688d1d1e830dc5bc936315ed218ab7fab0017d4fd,2655,63.0,32.0,physical_only,-0.00017855592482847476,-2.2200403518956273e-05,-4.777803563431985e-06,4.657719797462815e-06,-0.00017377812126504274,-2.6858123316419087e-05
2,2,loading,1.0,69d8e09bc210786379bbc48688d1d1e830dc5bc936315ed218ab7fab0017d4fd,2656,64.0,32.0,physical_only,-1.048839365468959e-06,-1.2621326350427205e-05,-2.1524692131574814e-06,5.060991514625894e-06,1.1036298476885224e-06,-1.7682317865053097e-05
2,2,loading,1.0,69d8e09bc210786379bbc48688d1d1e830dc5bc936315ed218ab7fab0017d4fd,2657,65.0,32.0,physical_only,-9.607342309206997e-07,-1.5875527758180005e-05,-2.1811732319590725e-06,6.02998330440101e-06,1.2204390010383728e-06,-2.1905511062580995e-05
2,2,loading,1.0,69d8e09bc210786379bbc48688d1d1e830dc5bc936315ed218ab7fab0017d4fd,2658,66.0,32.0,physical_only,-1.3542162209452672e-06,-1.8882913546770363e-05,-2.2135432032782365e-06,7.0882006994875025e-06,8.593269823329689e-07,-2.5971114246257893e-05
2,2,loading,1.0,69d8e09bc210786379bbc48688d1d1e830dc5bc936315ed218ab7fab0017d4fd,2659,67.0,32.0,physical_only,-1.8228493742426033e-06,-2.14714178198385e-05,-2.2476530246780443e-06,8.247228994008803e-06,4.2480365043544105e-07,-2.9718646813847277e-05
2,2,loading,1.0,69d8e09bc210786379bbc48688d1d1e830dc5bc936315ed218ab7fab0017d4fd,2660,68.0,32.0,physical_only,-1.8723877676906082e-06,-2.421401453523613e-05,-2.282470709960911e-06,9.516808297621332e-06,4.100829422703033e-07,-3.373082283285745e-05
2,2,loading,1.0,69d8e09bc210786379bbc48688d1d1e830dc5bc936315ed218ab7fab0017d4fd,2661,69.0,32.0,physical_only,-1.981552447423053e-06,-2.7415854848164187e-05,-2.317681621677998e-06,1.0907025270544721e-05,3.361291742549461e-07,-3.8322880118708954e-05
2,2,loading,1.0,69d8e09bc210786379bbc48688d1d1e830dc5bc936315ed218ab7fab0017d4fd,2662,70.0,32.0,physical_only,-2.126052355554654e-06,-3.087754501783979e-05,-2.3534837500714715e-06,1.242963820348235e-05,2.2743139451681704e-07,-4.330718322132209e-05
2,2,loading,1.0,69d8e09bc210786379bbc48688d1d1e830dc5bc936315ed218ab7fab0017d4fd,2663,71.0,32.0,physical_only,-2.3169386213052563e-06,-3.4572822184129935e-05,-2.3899146666998773e-06,1.4098264274203259e-05,7.297604539462017e-08,-4.867108645833319e-05
2,2,loading,1.0,69d8e09bc210786379bbc48688d1d1e830dc5bc936315ed218ab7fab0017d4fd,2664,72.0,32.0,physical_only,-2.5576855655939083e-06,-3.846121354349457e-05,-2.427046707837531e-06,1.592855676007615e-05,-1.306388577563766e-07,-5.438977030357072e-05
2,2,loading,1.0,69d8e09bc210786379bbc48688d1d1e830dc5bc936315ed218ab7fab0017d4fd,2665,73.0,32.0,physical_only,-2.95468691244463e-06,-4.2145975016788875e-05,-2.4647225811682004e-06,1.7938088611844503e-05,-4.899643312764299e-07,-6.008406362863341e-05
2,2,loading,1.0,69d8e09bc210786379bbc48688d1d1e830dc5bc936315ed218ab7fab0017d4fd,2666,74.0,32.0,physical_only,-2.5219140872188423e-06,-4.58825554643862e-05,-2.5032558520066896e-06,2.0146982103553203e-05,-1.8658235212152676e-08,-6.602953756793949e-05
2,2,loading,1.0,69d8e09bc210786379bbc48688d1d1e830dc5bc936315ed218ab7fab0017d4fd,2667,75.0,32.0,physical_only,-1.334231275096576e-06,-5.123219003589003e-05,-2.543972936933171e-06,2.2580853903699364e-05,1.2097416618365957e-06,-7.381304393958943e-05
2,2,loading,1.0,69d8e09bc210786379bbc48688d1d1e830dc5bc936315ed218ab7fab0017d4fd,2668,76.0,32.0,physical_only,3.527612367841948e-07,-6.014458925261918e-05,-2.589949742371269e-06,2.5277334758255315e-05,2.9427109791554626e-06,-8.542192401087445e-05
2,2,loading,1.0,69d8e09bc210786379bbc48688d1d1e830dc5bc936315ed218ab7fab0017d4fd,2669,77.0,32.0,physical_only,8.488640950920821e-07,-7.120765833573467e-05,-2.6435305172696273e-06,2.829004555976341e-05,3.492394612361711e-06,-9.949770389549803e-05
2,2,loading,1.0,69d8e09bc210786379bbc48688d1d1e830dc5bc936315ed218ab7fab0017d4fd,2670,78.0,32.0,physical_only,1.065375134916902e-06,-8.139110620989883e-05,-2.705029911950238e-06,3.168504030569783e-05,3.77040504686714e-06,-0.00011307614651559668
2,2,loading,1.0,69d8e09bc210786379bbc48688d1d1e830dc5bc936315ed218ab7fab0017d4fd,2671,79.0,32.0,physical_only,-1.9270775641159716e-05,0.00097635740204065,-3.6136763203178956e-06,3.587872047695499e-05,-1.565709932084182e-05,0.0009404786815636949
2,2,loading,1.0,69d8e09bc210786379bbc48688d1d1e830dc5bc936315ed218ab7fab0017d4fd,2736,63.0,33.0,physical_only,-4.817819018318565e-06,-6.831621375755092e-07,-2.9872592687773275e-06,8.674663269845873e-08,-1.8305597495412374e-06,-7.699087702739677e-07
2,2,loading,1.0,69d8e09bc210786379bbc48688d1d1e830dc5bc936315ed218ab7fab0017d4fd,2737,64.0,33.0,interior,-0.0,-0.0,-0.0,-0.0,-0.0,-0.0
2,2,loading,1.0,69d8e09bc210786379bbc48688d1d1e830dc5bc936315ed218ab7fab0017d4fd,2738,65.0,33.0,interior,-0.0,-0.0,-0.0,-0.0,-0.0,-0.0
2,2,loading,1.0,69d8e09bc210786379bbc48688d1d1e830dc5bc936315ed218ab7fab0017d4fd,2739,66.0,33.0,interior,-0.0,-0.0,-0.0,-0.0,-0.0,-0.0
2,2,loading,1.0,69d8e09bc210786379bbc48688d1d1e830dc5bc936315ed218ab7fab0017d4fd,2740,67.0,33.0,interior,-0.0,-0.0,-0.0,-0.0,-0.0,-0.0
2,2,loading,1.0,69d8e09bc210786379bbc48688d1d1e830dc5bc936315ed218ab7fab0017d4fd,2741,68.0,33.0,interior,-0.0,-0.0,-0.0,-0.0,-0.0,-0.0
2,2,loading,1.0,69d8e09bc210786379bbc48688d1d1e830dc5bc936315ed218ab7fab0017d4fd,2742,69.0,33.0,interior,-0.0,-0.0,-0.0,-0.0,-0.0,-0.0
2,2,loading,1.0,69d8e09bc210786379bbc48688d1d1e830dc5bc936315ed218ab7fab0017d4fd,2743,70.0,33.0,interior,-0.0,-0.0,-0.0,-0.0,-0.0,-0.0
2,2,loading,1.0,69d8e09bc210786379bbc48688d1d1e830dc5bc936315ed218ab7fab0017d4fd,2744,71.0,33.0,interior,-0.0,-0.0,-0.0,-0.0,-0.0,-0.0
2,2,loading,1.0,69d8e09bc210786379bbc48688d1d1e830dc5bc936315ed218ab7fab0017d4fd,2745,72.0,33.0,interior,-0.0,-0.0,-0.0,-0.0,-0.0,-0.0
2,2,loading,1.0,69d8e09bc210786379bbc48688d1d1e830dc5bc936315ed218ab7fab0017d4fd,2746,73.0,33.0,interior,-0.0,-0.0,-0.0,-0.0,-0.0,-0.0
2,2,loading,1.0,69d8e09bc210786379bbc48688d1d1e830dc5bc936315ed218ab7fab0017d4fd,2747,74.0,33.0,interior,-0.0,-0.0,-0.0,-0.0,-0.0,-0.0
2,2,loading,1.0,69d8e09bc210786379bbc48688d1d1e830dc5bc936315ed218ab7fab0017d4fd,2748,75.0,33.0,interior,-0.0,-0.0,-0.0,-0.0,-0.0,-0.0
2,2,loading,1.0,69d8e09bc210786379bbc48688d1d1e830dc5bc936315ed218ab7fab0017d4fd,2749,76.0,33.0,interior,-0.0,-0.0,-0.0,-0.0,-0.0,-0.0
2,2,loading,1.0,69d8e09bc210786379bbc48688d1d1e830dc5bc936315ed218ab7fab0017d4fd,2750,77.0,33.0,interior,-0.0,-0.0,-0.0,-0.0,-0.0,-0.0
2,2,loading,1.0,69d8e09bc210786379bbc48688d1d1e830dc5bc936315ed218ab7fab0017d4fd,2751,78.0,33.0,interior,-0.0,-0.0,-0.0,-0.0,-0.0,-0.0
2,2,loading,1.0,69d8e09bc210786379bbc48688d1d1e830dc5bc936315ed218ab7fab0017d4fd,2752,79.0,33.0,physical_only,-5.375688983931922e-08,2.9840700615943678e-09,-8.994347308420203e-08,3.5457993931955867e-07,3.618658324488281e-08,-3.5159586925796504e-07
2,2,loading,1.0,69d8e09bc210786379bbc48688d1d1e830dc5bc936315ed218ab7fab0017d4fd,2817,63.0,34.0,physical_only,-4.297866543896613e-06,-2.782608847459039e-07,-3.114000622520722e-06,7.10126790872395e-08,-1.1838659213758914e-06,-3.492735638331433e-07
2,2,loading,1.0,69d8e09bc210786379bbc48688d1d1e830dc5bc936315ed218ab7fab0017d4fd,2818,64.0,34.0,interior,-0.0,-0.0,-0.0,-0.0,-0.0,-0.0
2,2,loading,1.0,69d8e09bc210786379bbc48688d1d1e830dc5bc936315ed218ab7fab0017d4fd,2819,65.0,34.0,interior,-0.0,-0.0,-0.0,-0.0,-0.0,-0.0
2,2,loading,1.0,69d8e09bc210786379bbc48688d1d1e830dc5bc936315ed218ab7fab0017d4fd,2820,66.0,34.0,interior,-0.0,-0.0,-0.0,-0.0,-0.0,-0.0
2,2,loading,1.0,69d8e09bc210786379bbc48688d1d1e830dc5bc936315ed218ab7fab0017d4fd,2821,67.0,34.0,interior,-0.0,-0.0,-0.0,-0.0,-0.0,-0.0
2,2,loading,1.0,69d8e09bc210786379bbc48688d1d1e830dc5bc936315ed218ab7fab0017d4fd,2822,68.0,34.0,interior,-0.0,-0.0,-0.0,-0.0,-0.0,-0.0
2,2,loading,1.0,69d8e09bc210786379bbc48688d1d1e830dc5bc936315ed218ab7fab0017d4fd,2823,69.0,34.0,interior,-0.0,-0.0,-0.0,-0.0,-0.0,-0.0
2,2,loading,1.0,69d8e09bc210786379bbc48688d1d1e830dc5bc936315ed218ab7fab0017d4fd,2824,70.0,34.0,interior,-0.0,-0.0,-0.0,-0.0,-0.0,-0.0
2,2,loading,1.0,69d8e09bc210786379bbc48688d1d1e830dc5bc936315ed218ab7fab0017d4fd,2825,71.0,34.0,interior,-0.0,-0.0,-0.0,-0.0,-0.0,-0.0
2,2,loading,1.0,69d8e09bc210786379bbc48688d1d1e830dc5bc936315ed218ab7fab0017d4fd,2826,72.0,34.0,interior,-0.0,-0.0,-0.0,-0.0,-0.0,-0.0
2,2,loading,1.0,69d8e09bc210786379bbc48688d1d1e830dc5bc936315ed218ab7fab0017d4fd,2827,73.0,34.0,interior,-0.0,-0.0,-0.0,-0.0,-0.0,-0.0
2,2,loading,1.0,69d8e09bc210786379bbc48688d1d1e830dc5bc936315ed218ab7fab0017d4fd,2828,74.0,34.0,interior,-0.0,-0.0,-0.0,-0.0,-0.0,-0.0
2,2,loading,1.0,69d8e09bc210786379bbc48688d1d1e830dc5bc936315ed218ab7fab0017d4fd,2829,75.0,34.0,interior,-0.0,-0.0,-0.0,-0.0,-0.0,-0.0
2,2,loading,1.0,69d8e09bc210786379bbc48688d1d1e830dc5bc936315ed218ab7fab0017d4fd,2830,76.0,34.0,interior,-0.0,-0.0,-0.0,-0.0,-0.0,-0.0
2,2,loading,1.0,69d8e09bc210786379bbc48688d1d1e830dc5bc936315ed218ab7fab0017d4fd,2831,77.0,34.0,interior,-0.0,-0.0,-0.0,-0.0,-0.0,-0.0
2,2,loading,1.0,69d8e09bc210786379bbc48688d1d1e830dc5bc936315ed218ab7fab0017d4fd,2832,78.0,34.0,interior,-0.0,-0.0,-0.0,-0.0,-0.0,-0.0
2,2,loading,1.0,69d8e09bc210786379bbc48688d1d1e830dc5bc936315ed218ab7fab0017d4fd,2833,79.0,34.0,physical_only,-5.2665370758819225e-08,2.526267315649443e-09,-8.641731540390488e-08,3.018835282196347e-07,3.375194464508566e-08,-2.993572609039845e-07
2,2,loading,1.0,69d8e09bc210786379bbc48688d1d1e830dc5bc936315ed218ab7fab0017d4fd,2898,63.0,35.0,physical_only,-4.173909764622559e-06,2.9468948376579103e-08,-3.2179694039903243e-06,6.004001893200588e-08,-9.559403606322342e-07,-3.057107055542688e-08
2,2,loading,1.0,69d8e09bc210786379bbc48688d1d1e830dc5bc936315ed218ab7fab0017d4fd,2899,64.0,35.0,interior,-0.0,-0.0,-0.0,-0.0,-0.0,-0.0
2,2,loading,1.0,69d8e09bc210786379bbc48688d1d1e830dc5bc936315ed218ab7fab0017d4fd,2900,65.0,35.0,interior,-0.0,-0.0,-0.0,-0.0,-0.0,-0.0
2,2,loading,1.0,69d8e09bc210786379bbc48688d1d1e830dc5bc936315ed218ab7fab0017d4fd,2901,66.0,35.0,interior,-0.0,-0.0,-0.0,-0.0,-0.0,-0.0
2,2,loading,1.0,69d8e09bc210786379bbc48688d1d1e830dc5bc936315ed218ab7fab0017d4fd,2902,67.0,35.0,interior,-0.0,-0.0,-0.0,-0.0,-0.0,-0.0
2,2,loading,1.0,69d8e09bc210786379bbc48688d1d1e830dc5bc936315ed218ab7fab0017d4fd,2903,68.0,35.0,interior,-0.0,-0.0,-0.0,-0.0,-0.0,-0.0
2,2,loading,1.0,69d8e09bc210786379bbc48688d1d1e830dc5bc936315ed218ab7fab0017d4fd,2904,69.0,35.0,interior,-0.0,-0.0,-0.0,-0.0,-0.0,-0.0
2,2,loading,1.0,69d8e09bc210786379bbc48688d1d1e830dc5bc936315ed218ab7fab0017d4fd,2905,70.0,35.0,interior,-0.0,-0.0,-0.0,-0.0,-0.0,-0.0
2,2,loading,1.0,69d8e09bc210786379bbc48688d1d1e830dc5bc936315ed218ab7fab0017d4fd,2906,71.0,35.0,interior,-0.0,-0.0,-0.0,-0.0,-0.0,-0.0
2,2,loading,1.0,69d8e09bc210786379bbc48688d1d1e830dc5bc936315ed218ab7fab0017d4fd,2907,72.0,35.0,interior,-0.0,-0.0,-0.0,-0.0,-0.0,-0.0
2,2,loading,1.0,69d8e09bc210786379bbc48688d1d1e830dc5bc936315ed218ab7fab0017d4fd,2908,73.0,35.0,interior,-0.0,-0.0,-0.0,-0.0,-0.0,-0.0
2,2,loading,1.0,69d8e09bc210786379bbc48688d1d1e830dc5bc936315ed218ab7fab0017d4fd,2909,74.0,35.0,interior,-0.0,-0.0,-0.0,-0.0,-0.0,-0.0
2,2,loading,1.0,69d8e09bc210786379bbc48688d1d1e830dc5bc936315ed218ab7fab0017d4fd,2910,75.0,35.0,interior,-0.0,-0.0,-0.0,-0.0,-0.0,-0.0
2,2,loading,1.0,69d8e09bc210786379bbc48688d1d1e830dc5bc936315ed218ab7fab0017d4fd,2911,76.0,35.0,interior,-0.0,-0.0,-0.0,-0.0,-0.0,-0.0
2,2,loading,1.0,69d8e09bc210786379bbc48688d1d1e830dc5bc936315ed218ab7fab0017d4fd,2912,77.0,35.0,interior,-0.0,-0.0,-0.0,-0.0,-0.0,-0.0
2,2,loading,1.0,69d8e09bc210786379bbc48688d1d1e830dc5bc936315ed218ab7fab0017d4fd,2913,78.0,35.0,interior,-0.0,-0.0,-0.0,-0.0,-0.0,-0.0
2,2,loading,1.0,69d8e09bc210786379bbc48688d1d1e830dc5bc936315ed218ab7fab0017d4fd,2914,79.0,35.0,physical_only,-5.174796218496109e-08,2.0831777852848936e-09,-8.348442131087045e-08,2.5013364673972686e-07,3.173645912590937e-08,-2.480504689544398e-07
2,2,loading,1.0,69d8e09bc210786379bbc48688d1d1e830dc5bc936315ed218ab7fab0017d4fd,2979,63.0,36.0,physical_only,-4.2524725980526205e-06,1.8408754247701188e-07,-3.3036838814368857e-06,5.030358023895068e-08,-9.487887166157348e-07,1.337839622380613e-07
2,2,loading,1.0,69d8e09bc210786379bbc48688d1d1e830dc5bc936315ed218ab7fab0017d4fd,2980,64.0,36.0,interior,-0.0,-0.0,-0.0,-0.0,-0.0,-0.0
2,2,loading,1.0,69d8e09bc210786379bbc48688d1d1e830dc5bc936315ed218ab7fab0017d4fd,2981,65.0,36.0,interior,-0.0,-0.0,-0.0,-0.0,-0.0,-0.0
2,2,loading,1.0,69d8e09bc210786379bbc48688d1d1e830dc5bc936315ed218ab7fab0017d4fd,2982,66.0,36.0,interior,-0.0,-0.0,-0.0,-0.0,-0.0,-0.0
2,2,loading,1.0,69d8e09bc210786379bbc48688d1d1e830dc5bc936315ed218ab7fab0017d4fd,2983,67.0,36.0,interior,-0.0,-0.0,-0.0,-0.0,-0.0,-0.0
2,2,loading,1.0,69d8e09bc210786379bbc48688d1d1e830dc5bc936315ed218ab7fab0017d4fd,2984,68.0,36.0,interior,-0.0,-0.0,-0.0,-0.0,-0.0,-0.0
2,2,loading,1.0,69d8e09bc210786379bbc48688d1d1e830dc5bc936315ed218ab7fab0017d4fd,2985,69.0,36.0,interior,-0.0,-0.0,-0.0,-0.0,-0.0,-0.0
2,2,loading,1.0,69d8e09bc210786379bbc48688d1d1e830dc5bc936315ed218ab7fab0017d4fd,2986,70.0,36.0,interior,-0.0,-0.0,-0.0,-0.0,-0.0,-0.0
2,2,loading,1.0,69d8e09bc210786379bbc48688d1d1e830dc5bc936315ed218ab7fab0017d4fd,2987,71.0,36.0,interior,-0.0,-0.0,-0.0,-0.0,-0.0,-0.0
2,2,loading,1.0,69d8e09bc210786379bbc48688d1d1e830dc5bc936315ed218ab7fab0017d4fd,2988,72.0,36.0,interior,-0.0,-0.0,-0.0,-0.0,-0.0,-0.0
2,2,loading,1.0,69d8e09bc210786379bbc48688d1d1e830dc5bc936315ed218ab7fab0017d4fd,2989,73.0,36.0,interior,-0.0,-0.0,-0.0,-0.0,-0.0,-0.0
2,2,loading,1.0,69d8e09bc210786379bbc48688d1d1e830dc5bc936315ed218ab7fab0017d4fd,2990,74.0,36.0,interior,-0.0,-0.0,-0.0,-0.0,-0.0,-0.0
2,2,loading,1.0,69d8e09bc210786379bbc48688d1d1e830dc5bc936315ed218ab7fab0017d4fd,2991,75.0,36.0,interior,-0.0,-0.0,-0.0,-0.0,-0.0,-0.0
2,2,loading,1.0,69d8e09bc210786379bbc48688d1d1e830dc5bc936315ed218ab7fab0017d4fd,2992,76.0,36.0,interior,-0.0,-0.0,-0.0,-0.0,-0.0,-0.0
2,2,loading,1.0,69d8e09bc210786379bbc48688d1d1e830dc5bc936315ed218ab7fab0017d4fd,2993,77.0,36.0,interior,-0.0,-0.0,-0.0,-0.0,-0.0,-0.0
2,2,loading,1.0,69d8e09bc210786379bbc48688d1d1e830dc5bc936315ed218ab7fab0017d4fd,2994,78.0,36.0,interior,-0.0,-0.0,-0.0,-0.0,-0.0,-0.0
2,2,loading,1.0,69d8e09bc210786379bbc48688d1d1e830dc5bc936315ed218ab7fab0017d4fd,2995,79.0,36.0,physical_only,-5.100155344625764e-08,1.652206198843499e-09,-8.111905487808167e-08,1.9916921030176332e-07,3.0117501431824036e-08,-1.9751700410292178e-07
2,2,loading,1.0,69d8e09bc210786379bbc48688d1d1e830dc5bc936315ed218ab7fab0017d4fd,3060,63.0,37.0,physical_only,-4.386137281039008e-06,2.1704374454024425e-07,-3.371990221829027e-06,3.973742559881485e-08,-1.0141470592099815e-06,1.773063189414295e-07
2,2,loading,1.0,69d8e09bc210786379bbc48688d1d1e830dc5bc936315ed218ab7fab0017d4fd,3061,64.0,37.0,interior,-0.0,-0.0,-0.0,-0.0,-0.0,-0.0
2,2,loading,1.0,69d8e09bc210786379bbc48688d1d1e830dc5bc936315ed218ab7fab0017d4fd,3062,65.0,37.0,interior,-0.0,-0.0,-0.0,-0.0,-0.0,-0.0
2,2,loading,1.0,69d8e09bc210786379bbc48688d1d1e830dc5bc936315ed218ab7fab0017d4fd,3063,66.0,37.0,interior,-0.0,-0.0,-0.0,-0.0,-0.0,-0.0
2,2,loading,1.0,69d8e09bc210786379bbc48688d1d1e830dc5bc936315ed218ab7fab0017d4fd,3064,67.0,37.0,interior,-0.0,-0.0,-0.0,-0.0,-0.0,-0.0
2,2,loading,1.0,69d8e09bc210786379bbc48688d1d1e830dc5bc936315ed218ab7fab0017d4fd,3065,68.0,37.0,interior,-0.0,-0.0,-0.0,-0.0,-0.0,-0.0
2,2,loading,1.0,69d8e09bc210786379bbc48688d1d1e830dc5bc936315ed218ab7fab0017d4fd,3066,69.0,37.0,interior,-0.0,-0.0,-0.0,-0.0,-0.0,-0.0
2,2,loading,1.0,69d8e09bc210786379bbc48688d1d1e830dc5bc936315ed218ab7fab0017d4fd,3067,70.0,37.0,interior,-0.0,-0.0,-0.0,-0.0,-0.0,-0.0
2,2,loading,1.0,69d8e09bc210786379bbc48688d1d1e830dc5bc936315ed218ab7fab0017d4fd,3068,71.0,37.0,interior,-0.0,-0.0,-0.0,-0.0,-0.0,-0.0
2,2,loading,1.0,69d8e09bc210786379bbc48688d1d1e830dc5bc936315ed218ab7fab0017d4fd,3069,72.0,37.0,interior,-0.0,-0.0,-0.0,-0.0,-0.0,-0.0
2,2,loading,1.0,69d8e09bc210786379bbc48688d1d1e830dc5bc936315ed218ab7fab0017d4fd,3070,73.0,37.0,interior,-0.0,-0.0,-0.0,-0.0,-0.0,-0.0
2,2,loading,1.0,69d8e09bc210786379bbc48688d1d1e830dc5bc936315ed218ab7fab0017d4fd,3071,74.0,37.0,interior,-0.0,-0.0,-0.0,-0.0,-0.0,-0.0
2,2,loading,1.0,69d8e09bc210786379bbc48688d1d1e830dc5bc936315ed218ab7fab0017d4fd,3072,75.0,37.0,interior,-0.0,-0.0,-0.0,-0.0,-0.0,-0.0
2,2,loading,1.0,69d8e09bc210786379bbc48688d1d1e830dc5bc936315ed218ab7fab0017d4fd,3073,76.0,37.0,interior,-0.0,-0.0,-0.0,-0.0,-0.0,-0.0
2,2,loading,1.0,69d8e09bc210786379bbc48688d1d1e830dc5bc936315ed218ab7fab0017d4fd,3074,77.0,37.0,interior,-0.0,-0.0,-0.0,-0.0,-0.0,-0.0
2,2,loading,1.0,69d8e09bc210786379bbc48688d1d1e830dc5bc936315ed218ab7fab0017d4fd,3075,78.0,37.0,interior,-0.0,-0.0,-0.0,-0.0,-0.0,-0.0
2,2,loading,1.0,69d8e09bc210786379bbc48688d1d1e830dc5bc936315ed218ab7fab0017d4fd,3076,79.0,37.0,physical_only,-5.0423616237484525e-08,1.2308355002155485e-09,-7.93004757411037e-08,1.4883093914717325e-07,2.8876859503619168e-08,-1.4760010364695797e-07
2,2,loading,1.0,69d8e09bc210786379bbc48688d1d1e830dc5bc936315ed218ab7fab0017d4fd,3141,63.0,38.0,physical_only,-4.5018831406652795e-06,1.7315377769675366e-07,-3.4220418312130663e-06,2.764938136209583e-08,-1.0798413094522132e-06,1.4550439633465783e-07
2,2,loading,1.0,69d8e09bc210786379bbc48688d1d1e830dc5bc936315ed218ab7fab0017d4fd,3142,64.0,38.0,interior,-0.0,-0.0,-0.0,-0.0,-0.0,-0.0
2,2,loading,1.0,69d8e09bc210786379bbc48688d1d1e830dc5bc936315ed218ab7fab0017d4fd,3143,65.0,38.0,interior,-0.0,-0.0,-0.0,-0.0,-0.0,-0.0
2,2,loading,1.0,69d8e09bc210786379bbc48688d1d1e830dc5bc936315ed218ab7fab0017d4fd,3144,66.0,38.0,interior,-0.0,-0.0,-0.0,-0.0,-0.0,-0.0
2,2,loading,1.0,69d8e09bc210786379bbc48688d1d1e830dc5bc936315ed218ab7fab0017d4fd,3145,67.0,38.0,interior,-0.0,-0.0,-0.0,-0.0,-0.0,-0.0
2,2,loading,1.0,69d8e09bc210786379bbc48688d1d1e830dc5bc936315ed218ab7fab0017d4fd,3146,68.0,38.0,interior,-0.0,-0.0,-0.0,-0.0,-0.0,-0.0
2,2,loading,1.0,69d8e09bc210786379bbc48688d1d1e830dc5bc936315ed218ab7fab0017d4fd,3147,69.0,38.0,interior,-0.0,-0.0,-0.0,-0.0,-0.0,-0.0
2,2,loading,1.0,69d8e09bc210786379bbc48688d1d1e830dc5bc936315ed218ab7fab0017d4fd,3148,70.0,38.0,interior,-0.0,-0.0,-0.0,-0.0,-0.0,-0.0
2,2,loading,1.0,69d8e09bc210786379bbc48688d1d1e830dc5bc936315ed218ab7fab0017d4fd,3149,71.0,38.0,interior,-0.0,-0.0,-0.0,-0.0,-0.0,-0.0
2,2,loading,1.0,69d8e09bc210786379bbc48688d1d1e830dc5bc936315ed218ab7fab0017d4fd,3150,72.0,38.0,interior,-0.0,-0.0,-0.0,-0.0,-0.0,-0.0
2,2,loading,1.0,69d8e09bc210786379bbc48688d1d1e830dc5bc936315ed218ab7fab0017d4fd,3151,73.0,38.0,interior,-0.0,-0.0,-0.0,-0.0,-0.0,-0.0
2,2,loading,1.0,69d8e09bc210786379bbc48688d1d1e830dc5bc936315ed218ab7fab0017d4fd,3152,74.0,38.0,interior,-0.0,-0.0,-0.0,-0.0,-0.0,-0.0
2,2,loading,1.0,69d8e09bc210786379bbc48688d1d1e830dc5bc936315ed218ab7fab0017d4fd,3153,75.0,38.0,interior,-0.0,-0.0,-0.0,-0.0,-0.0,-0.0
2,2,loading,1.0,69d8e09bc210786379bbc48688d1d1e830dc5bc936315ed218ab7fab0017d4fd,3154,76.0,38.0,interior,-0.0,-0.0,-0.0,-0.0,-0.0,-0.0
2,2,loading,1.0,69d8e09bc210786379bbc48688d1d1e830dc5bc936315ed218ab7fab0017d4fd,3155,77.0,38.0,interior,-0.0,-0.0,-0.0,-0.0,-0.0,-0.0
2,2,loading,1.0,69d8e09bc210786379bbc48688d1d1e830dc5bc936315ed218ab7fab0017d4fd,3156,78.0,38.0,interior,-0.0,-0.0,-0.0,-0.0,-0.0,-0.0
2,2,loading,1.0,69d8e09bc210786379bbc48688d1d1e830dc5bc936315ed218ab7fab0017d4fd,3157,79.0,38.0,physical_only,-5.001219448962824e-08,8.166110324806083e-10,-7.801274817015309e-08,9.896100883495036e-08,2.8000553680524852e-08,-9.814439780246797e-08
2,2,loading,1.0,69d8e09bc210786379bbc48688d1d1e830dc5bc936315ed218ab7fab0017d4fd,3222,63.0,39.0,physical_only,-4.57235411293693e-06,9.263440870429546e-08,-3.4526531000048536e-06,1.4203407891346937e-08,-1.119701012932077e-06,7.843100081294852e-08
2,2,loading,1.0,69d8e09bc210786379bbc48688d1d1e830dc5bc936315ed218ab7fab0017d4fd,3223,64.0,39.0,interior,-0.0,-0.0,-0.0,-0.0,-0.0,-0.0
2,2,loading,1.0,69d8e09bc210786379bbc48688d1d1e830dc5bc936315ed218ab7fab0017d4fd,3224,65.0,39.0,interior,-0.0,-0.0,-0.0,-0.0,-0.0,-0.0
2,2,loading,1.0,69d8e09bc210786379bbc48688d1d1e830dc5bc936315ed218ab7fab0017d4fd,3225,66.0,39.0,interior,-0.0,-0.0,-0.0,-0.0,-0.0,-0.0
2,2,loading,1.0,69d8e09bc210786379bbc48688d1d1e830dc5bc936315ed218ab7fab0017d4fd,3226,67.0,39.0,interior,-0.0,-0.0,-0.0,-0.0,-0.0,-0.0
2,2,loading,1.0,69d8e09bc210786379bbc48688d1d1e830dc5bc936315ed218ab7fab0017d4fd,3227,68.0,39.0,interior,-0.0,-0.0,-0.0,-0.0,-0.0,-0.0
2,2,loading,1.0,69d8e09bc210786379bbc48688d1d1e830dc5bc936315ed218ab7fab0017d4fd,3228,69.0,39.0,interior,-0.0,-0.0,-0.0,-0.0,-0.0,-0.0
2,2,loading,1.0,69d8e09bc210786379bbc48688d1d1e830dc5bc936315ed218ab7fab0017d4fd,3229,70.0,39.0,interior,-0.0,-0.0,-0.0,-0.0,-0.0,-0.0
2,2,loading,1.0,69d8e09bc210786379bbc48688d1d1e830dc5bc936315ed218ab7fab0017d4fd,3230,71.0,39.0,interior,-0.0,-0.0,-0.0,-0.0,-0.0,-0.0
2,2,loading,1.0,69d8e09bc210786379bbc48688d1d1e830dc5bc936315ed218ab7fab0017d4fd,3231,72.0,39.0,interior,-0.0,-0.0,-0.0,-0.0,-0.0,-0.0
2,2,loading,1.0,69d8e09bc210786379bbc48688d1d1e830dc5bc936315ed218ab7fab0017d4fd,3232,73.0,39.0,interior,-0.0,-0.0,-0.0,-0.0,-0.0,-0.0
2,2,loading,1.0,69d8e09bc210786379bbc48688d1d1e830dc5bc936315ed218ab7fab0017d4fd,3233,74.0,39.0,interior,-0.0,-0.0,-0.0,-0.0,-0.0,-0.0
2,2,loading,1.0,69d8e09bc210786379bbc48688d1d1e830dc5bc936315ed218ab7fab0017d4fd,3234,75.0,39.0,interior,-0.0,-0.0,-0.0,-0.0,-0.0,-0.0
2,2,loading,1.0,69d8e09bc210786379bbc48688d1d1e830dc5bc936315ed218ab7fab0017d4fd,3235,76.0,39.0,interior,-0.0,-0.0,-0.0,-0.0,-0.0,-0.0
2,2,loading,1.0,69d8e09bc210786379bbc48688d1d1e830dc5bc936315ed218ab7fab0017d4fd,3236,77.0,39.0,interior,-0.0,-0.0,-0.0,-0.0,-0.0,-0.0
2,2,loading,1.0,69d8e09bc210786379bbc48688d1d1e830dc5bc936315ed218ab7fab0017d4fd,3237,78.0,39.0,interior,-0.0,-0.0,-0.0,-0.0,-0.0,-0.0
2,2,loading,1.0,69d8e09bc210786379bbc48688d1d1e830dc5bc936315ed218ab7fab0017d4fd,3238,79.0,39.0,physical_only,-4.976589655343988e-08,4.071248299169903e-10,-7.724459384120085e-08,4.940269292180629e-08,2.747869728776097e-08,-4.8995568091887714e-08
2,2,loading,1.0,69d8e09bc210786379bbc48688d1d1e830dc5bc936315ed218ab7fab0017d4fd,3303,63.0,40.0,physical_and_cut,-2.297602121015168e-06,-1.7863270970334028e-06,-1.7314791763722728e-06,-7.792238517743611e-07,-5.661229446428955e-07,-1.0071032452590416e-06
2,2,loading,1.0,69d8e09bc210786379bbc48688d1d1e830dc5bc936315ed218ab7fab0017d4fd,3304,64.0,40.0,cut_only,-0.0,-0.0,-0.0,-0.0,-0.0,-0.0
2,2,loading,1.0,69d8e09bc210786379bbc48688d1d1e830dc5bc936315ed218ab7fab0017d4fd,3305,65.0,40.0,cut_only,-0.0,-0.0,-0.0,-0.0,-0.0,-0.0
2,2,loading,1.0,69d8e09bc210786379bbc48688d1d1e830dc5bc936315ed218ab7fab0017d4fd,3306,66.0,40.0,cut_only,-0.0,-0.0,-0.0,-0.0,-0.0,-0.0
2,2,loading,1.0,69d8e09bc210786379bbc48688d1d1e830dc5bc936315ed218ab7fab0017d4fd,3307,67.0,40.0,cut_only,-0.0,-0.0,-0.0,-0.0,-0.0,-0.0
2,2,loading,1.0,69d8e09bc210786379bbc48688d1d1e830dc5bc936315ed218ab7fab0017d4fd,3308,68.0,40.0,cut_only,-0.0,-0.0,-0.0,-0.0,-0.0,-0.0
2,2,loading,1.0,69d8e09bc210786379bbc48688d1d1e830dc5bc936315ed218ab7fab0017d4fd,3309,69.0,40.0,cut_only,-0.0,-0.0,-0.0,-0.0,-0.0,-0.0
2,2,loading,1.0,69d8e09bc210786379bbc48688d1d1e830dc5bc936315ed218ab7fab0017d4fd,3310,70.0,40.0,cut_only,-0.0,-0.0,-0.0,-0.0,-0.0,-0.0
2,2,loading,1.0,69d8e09bc210786379bbc48688d1d1e830dc5bc936315ed218ab7fab0017d4fd,3311,71.0,40.0,cut_only,-0.0,-0.0,-0.0,-0.0,-0.0,-0.0
2,2,loading,1.0,69d8e09bc210786379bbc48688d1d1e830dc5bc936315ed218ab7fab0017d4fd,3312,72.0,40.0,cut_only,-0.0,-0.0,-0.0,-0.0,-0.0,-0.0
2,2,loading,1.0,69d8e09bc210786379bbc48688d1d1e830dc5bc936315ed218ab7fab0017d4fd,3313,73.0,40.0,cut_only,-0.0,-0.0,-0.0,-0.0,-0.0,-0.0
2,2,loading,1.0,69d8e09bc210786379bbc48688d1d1e830dc5bc936315ed218ab7fab0017d4fd,3314,74.0,40.0,cut_only,-0.0,-0.0,-0.0,-0.0,-0.0,-0.0
2,2,loading,1.0,69d8e09bc210786379bbc48688d1d1e830dc5bc936315ed218ab7fab0017d4fd,3315,75.0,40.0,cut_only,-0.0,-0.0,-0.0,-0.0,-0.0,-0.0
2,2,loading,1.0,69d8e09bc210786379bbc48688d1d1e830dc5bc936315ed218ab7fab0017d4fd,3316,76.0,40.0,cut_only,-0.0,-0.0,-0.0,-0.0,-0.0,-0.0
2,2,loading,1.0,69d8e09bc210786379bbc48688d1d1e830dc5bc936315ed218ab7fab0017d4fd,3317,77.0,40.0,cut_only,-0.0,-0.0,-0.0,-0.0,-0.0,-0.0
2,2,loading,1.0,69d8e09bc210786379bbc48688d1d1e830dc5bc936315ed218ab7fab0017d4fd,3318,78.0,40.0,cut_only,-0.0,-0.0,-0.0,-0.0,-0.0,-0.0
2,2,loading,1.0,69d8e09bc210786379bbc48688d1d1e830dc5bc936315ed218ab7fab0017d4fd,3319,79.0,40.0,physical_and_cut,-2.4841944824905195e-08,-1.5085901811850673e-05,-3.849464367902725e-08,4.0254907519229243e-08,1.365269885412205e-08,-1.5126156719369902e-05
3,3,loading,1.5,4533b6a07b66a44b48fe84ca0ed29b9086a428bca03bde11de3832bf9522c32d,2655,63.0,32.0,physical_only,-0.0002924252653321551,-0.00010349455271015409,-6.942021964007398e-06,7.894351243546847e-06,-0.00028548324336814763,-0.00011138890395370095
3,3,loading,1.5,4533b6a07b66a44b48fe84ca0ed29b9086a428bca03bde11de3832bf9522c32d,2656,64.0,32.0,physical_only,6.350752971573098e-07,-5.078902389158113e-05,-3.7108913903280192e-06,8.645015767352469e-06,4.345966687485331e-06,-5.943403965893361e-05
3,3,loading,1.5,4533b6a07b66a44b48fe84ca0ed29b9086a428bca03bde11de3832bf9522c32d,2657,65.0,32.0,physical_only,1.4315474698133226e-06,-6.677171273109075e-05,-3.793310945994121e-06,1.0473623082323275e-05,5.224858415807444e-06,-7.724533581341406e-05
3,3,loading,1.5,4533b6a07b66a44b48fe84ca0ed29b9086a428bca03bde11de3832bf9522c32d,2658,66.0,32.0,physical_only,9.985155499736697e-07,-8.50099064908567e-05,-3.886084740329083e-06,1.2599584630367928e-05,4.884600290302752e-06,-9.76094911212246e-05
3,3,loading,1.5,4533b6a07b66a44b48fe84ca0ed29b9086a428bca03bde11de3832bf9522c32d,2659,67.0,32.0,physical_only,1.9006750306584713e-07,-0.0001050909587568627,-3.987125209273445e-06,1.5083610894464791e-05,4.177192712339299e-06,-0.00012017456965132754
3,3,loading,1.5,4533b6a07b66a44b48fe84ca0ed29b9086a428bca03bde11de3832bf9522c32d,2660,68.0,32.0,physical_only,6.101324513293395e-07,-0.000128886571870997,-4.096386057752297e-06,1.7998508481843422e-05,4.70651850908163e-06,-0.0001468850803528405
3,3,loading,1.5,4533b6a07b66a44b48fe84ca0ed29b9086a428bca03bde11de3832bf9522c32d,2661,69.0,32.0,physical_only,9.117379741657703e-07,-0.00015796767110833542,-4.21565970950418e-06,2.1439494676691668e-05,5.127397683669958e-06,-0.000179407165785027
3,3,loading,1.5,4533b6a07b66a44b48fe84ca0ed29b9086a428bca03bde11de3832bf9522c32d,2662,70.0,32.0,physical_only,1.1717517804398002e-06,-0.00019235764225035933,-4.348263997748968e-06,2.553550284245587e-05,5.520015778188768e-06,-0.00021789314509281519
3,3,loading,1.5,4533b6a07b66a44b48fe84ca0ed29b9086a428bca03bde11de3832bf9522c32d,2663,71.0,32.0,physical_only,1.3882443999837046e-06,-0.0002326894899836575,-4.4982694136124824e-06,3.0462706155118165e-05,5.886513813596187e-06,-0.0002631521961387758
3,3,loading,1.5,4533b6a07b66a44b48fe84ca0ed29b9086a428bca03bde11de3832bf9522c32d,2664,72.0,32.0,physical_only,1.6221345618405375e-06,-0.0002796045091489443,-4.671372501140157e-06,3.646688207087084e-05,6.29350706298069e-06,-0.000316071391219815
3,3,loading,1.5,4533b6a07b66a44b48fe84ca0ed29b9086a428bca03bde11de3832bf9522c32d,2665,73.0,32.0,physical_only,1.6521939086982113e-06,-0.0003326243636641603,-4.875123665477506e-06,4.389800508440557e-05,6.527317574175724e-06,-0.0003765223687485662
3,3,loading,1.5,4533b6a07b66a44b48fe84ca0ed29b9086a428bca03bde11de3832bf9522c32d,2666,74.0,32.0,physical_only,5.342367837324067e-06,-0.000393865864789364,-5.121803840423833e-06,5.327268788724254e-05,1.0464171677747905e-05,-0.00044713855267660644
3,3,loading,1.5,4533b6a07b66a44b48fe84ca0ed29b9086a428bca03bde11de3832bf9522c32d,2667,75.0,32.0,physical_only,1.2763781443283454e-05,-0.00047173163549782925,-5.433350345963689e-06,6.539930259290504e-05,1.8197131789247147e-05,-0.0005371309380907338
3,3,loading,1.5,4533b6a07b66a44b48fe84ca0ed29b9086a428bca03bde11de3832bf9522c32d,2668,76.0,32.0,physical_only,2.2622489542670603e-05,-0.0005762128803599165,-5.84888555117532e-06,8.163527384130604e-05,2.8471375093845923e-05,-0.0006578481542012229
3,3,loading,1.5,4533b6a07b66a44b48fe84ca0ed29b9086a428bca03bde11de3832bf9522c32d,2669,77.0,32.0,physical_only,2.8604613523460455e-05,-0.0007025626367296181,-6.430286319171333e-06,0.00010439489948275984,3.503489984263181e-05,-0.0008069575362123784
3,3,loading,1.5,4533b6a07b66a44b48fe84ca0ed29b9086a428bca03bde11de3832bf9522c32d,2670,78.0,32.0,physical_only,3.4863618923907264e-05,-0.0007976335260678376,-7.2640352882130656e-06,0.00013814287571380633,4.2127654212120334e-05,-0.0009357764017816437
3,3,loading,1.5,4533b6a07b66a44b48fe84ca0ed29b9086a428bca03bde11de3832bf9522c32d,2671,79.0,32.0,physical_only,-0.00021615772999618633,0.005754931255897281,-1.9294796929438532e-05,0.00021030622776173832,-0.0001968629330667478,0.005544625028135543
3,3,loading,1.5,4533b6a07b66a44b48fe84ca0ed29b9086a428bca03bde11de3832bf9522c32d,2736,63.0,33.0,physical_only,-7.081611531553446e-06,-2.760678216372804e-07,-3.805806429422828e-06,5.343586936386712e-08,-3.275805102130617e-06,-3.2950369100114744e-07
3,3,loading,1.5,4533b6a07b66a44b48fe84ca0ed29b9086a428bca03bde11de3832bf9522c32d,2737,64.0,33.0,interior,-0.0,-0.0,-0.0,-0.0,-0.0,-0.0
3,3,loading,1.5,4533b6a07b66a44b48fe84ca0ed29b9086a428bca03bde11de3832bf9522c32d,2738,65.0,33.0,interior,-0.0,-0.0,-0.0,-0.0,-0.0,-0.0
3,3,loading,1.5,4533b6a07b66a44b48fe84ca0ed29b9086a428bca03bde11de3832bf9522c32d,2739,66.0,33.0,interior,-0.0,-0.0,-0.0,-0.0,-0.0,-0.0
3,3,loading,1.5,4533b6a07b66a44b48fe84ca0ed29b9086a428bca03bde11de3832bf9522c32d,2740,67.0,33.0,interior,-0.0,-0.0,-0.0,-0.0,-0.0,-0.0
3,3,loading,1.5,4533b6a07b66a44b48fe84ca0ed29b9086a428bca03bde11de3832bf9522c32d,2741,68.0,33.0,interior,-0.0,-0.0,-0.0,-0.0,-0.0,-0.0
3,3,loading,1.5,4533b6a07b66a44b48fe84ca0ed29b9086a428bca03bde11de3832bf9522c32d,2742,69.0,33.0,interior,-0.0,-0.0,-0.0,-0.0,-0.0,-0.0
3,3,loading,1.5,4533b6a07b66a44b48fe84ca0ed29b9086a428bca03bde11de3832bf9522c32d,2743,70.0,33.0,interior,-0.0,-0.0,-0.0,-0.0,-0.0,-0.0
3,3,loading,1.5,4533b6a07b66a44b48fe84ca0ed29b9086a428bca03bde11de3832bf9522c32d,2744,71.0,33.0,interior,-0.0,-0.0,-0.0,-0.0,-0.0,-0.0
3,3,loading,1.5,4533b6a07b66a44b48fe84ca0ed29b9086a428bca03bde11de3832bf9522c32d,2745,72.0,33.0,interior,-0.0,-0.0,-0.0,-0.0,-0.0,-0.0
3,3,loading,1.5,4533b6a07b66a44b48fe84ca0ed29b9086a428bca03bde11de3832bf9522c32d,2746,73.0,33.0,interior,-0.0,-0.0,-0.0,-0.0,-0.0,-0.0
3,3,loading,1.5,4533b6a07b66a44b48fe84ca0ed29b9086a428bca03bde11de3832bf9522c32d,2747,74.0,33.0,interior,-0.0,-0.0,-0.0,-0.0,-0.0,-0.0
3,3,loading,1.5,4533b6a07b66a44b48fe84ca0ed29b9086a428bca03bde11de3832bf9522c32d,2748,75.0,33.0,interior,-0.0,-0.0,-0.0,-0.0,-0.0,-0.0
3,3,loading,1.5,4533b6a07b66a44b48fe84ca0ed29b9086a428bca03bde11de3832bf9522c32d,2749,76.0,33.0,interior,-0.0,-0.0,-0.0,-0.0,-0.0,-0.0
3,3,loading,1.5,4533b6a07b66a44b48fe84ca0ed29b9086a428bca03bde11de3832bf9522c32d,2750,77.0,33.0,interior,-0.0,-0.0,-0.0,-0.0,-0.0,-0.0
3,3,loading,1.5,4533b6a07b66a44b48fe84ca0ed29b9086a428bca03bde11de3832bf9522c32d,2751,78.0,33.0,interior,-0.0,-0.0,-0.0,-0.0,-0.0,-0.0
3,3,loading,1.5,4533b6a07b66a44b48fe84ca0ed29b9086a428bca03bde11de3832bf9522c32d,2752,79.0,33.0,physical_only,-8.21865316051063e-08,5.4553740457502595e-09,-1.7480245155403695e-07,5.376305548093192e-07,9.26159199489306e-08,-5.32175180763573e-07
3,3,loading,1.5,4533b6a07b66a44b48fe84ca0ed29b9086a428bca03bde11de3832bf9522c32d,2817,63.0,34.0,physical_only,-6.512467017437366e-06,2.4780248586314288e-08,-4.066168946862344e-06,4.543144415475181e-08,-2.4462980705750225e-06,-2.0651195568437415e-08
3,3,loading,1.5,4533b6a07b66a44b48fe84ca0ed29b9086a428bca03bde11de3832bf9522c32d,2818,64.0,34.0,interior,-0.0,-0.0,-0.0,-0.0,-0.0,-0.0
3,3,loading,1.5,4533b6a07b66a44b48fe84ca0ed29b9086a428bca03bde11de3832bf9522c32d,2819,65.0,34.0,interior,-0.0,-0.0,-0.0,-0.0,-0.0,-0.0
3,3,loading,1.5,4533b6a07b66a44b48fe84ca0ed29b9086a428bca03bde11de3832bf9522c32d,2820,66.0,34.0,interior,-0.0,-0.0,-0.0,-0.0,-0.0,-0.0
3,3,loading,1.5,4533b6a07b66a44b48fe84ca0ed29b9086a428bca03bde11de3832bf9522c32d,2821,67.0,34.0,interior,-0.0,-0.0,-0.0,-0.0,-0.0,-0.0
3,3,loading,1.5,4533b6a07b66a44b48fe84ca0ed29b9086a428bca03bde11de3832bf9522c32d,2822,68.0,34.0,interior,-0.0,-0.0,-0.0,-0.0,-0.0,-0.0
3,3,loading,1.5,4533b6a07b66a44b48fe84ca0ed29b9086a428bca03bde11de3832bf9522c32d,2823,69.0,34.0,interior,-0.0,-0.0,-0.0,-0.0,-0.0,-0.0
3,3,loading,1.5,4533b6a07b66a44b48fe84ca0ed29b9086a428bca03bde11de3832bf9522c32d,2824,70.0,34.0,interior,-0.0,-0.0,-0.0,-0.0,-0.0,-0.0
3,3,loading,1.5,4533b6a07b66a44b48fe84ca0ed29b9086a428bca03bde11de3832bf9522c32d,2825,71.0,34.0,interior,-0.0,-0.0,-0.0,-0.0,-0.0,-0.0
3,3,loading,1.5,4533b6a07b66a44b48fe84ca0ed29b9086a428bca03bde11de3832bf9522c32d,2826,72.0,34.0,interior,-0.0,-0.0,-0.0,-0.0,-0.0,-0.0
3,3,loading,1.5,4533b6a07b66a44b48fe84ca0ed29b9086a428bca03bde11de3832bf9522c32d,2827,73.0,34.0,interior,-0.0,-0.0,-0.0,-0.0,-0.0,-0.0
3,3,loading,1.5,4533b6a07b66a44b48fe84ca0ed29b9086a428bca03bde11de3832bf9522c32d,2828,74.0,34.0,interior,-0.0,-0.0,-0.0,-0.0,-0.0,-0.0
3,3,loading,1.5,4533b6a07b66a44b48fe84ca0ed29b9086a428bca03bde11de3832bf9522c32d,2829,75.0,34.0,interior,-0.0,-0.0,-0.0,-0.0,-0.0,-0.0
3,3,loading,1.5,4533b6a07b66a44b48fe84ca0ed29b9086a428bca03bde11de3832bf9522c32d,2830,76.0,34.0,interior,-0.0,-0.0,-0.0,-0.0,-0.0,-0.0
3,3,loading,1.5,4533b6a07b66a44b48fe84ca0ed29b9086a428bca03bde11de3832bf9522c32d,2831,77.0,34.0,interior,-0.0,-0.0,-0.0,-0.0,-0.0,-0.0
3,3,loading,1.5,4533b6a07b66a44b48fe84ca0ed29b9086a428bca03bde11de3832bf9522c32d,2832,78.0,34.0,interior,-0.0,-0.0,-0.0,-0.0,-0.0,-0.0
3,3,loading,1.5,4533b6a07b66a44b48fe84ca0ed29b9086a428bca03bde11de3832bf9522c32d,2833,79.0,34.0,physical_only,-8.051138109158227e-08,4.6147810645388995e-09,-1.6720381165815598e-07,4.5788918151039794e-07,8.669243056657369e-08,-4.5327440044586105e-07
3,3,loading,1.5,4533b6a07b66a44b48fe84ca0ed29b9086a428bca03bde11de3832bf9522c32d,2898,63.0,35.0,physical_only,-6.314964291502883e-06,2.4361991649724383e-07,-4.281942689735873e-06,4.1021342521579626e-08,-2.033021601767012e-06,2.0259857397566442e-07
3,3,loading,1.5,4533b6a07b66a44b48fe84ca0ed29b9086a428bca03bde11de3832bf9522c32d,2899,64.0,35.0,interior,-0.0,-0.0,-0.0,-0.0,-0.0,-0.0
3,3,loading,1.5,4533b6a07b66a44b48fe84ca0ed29b9086a428bca03bde11de3832bf9522c32d,2900,65.0,35.0,interior,-0.0,-0.0,-0.0,-0.0,-0.0,-0.0
3,3,loading,1.5,4533b6a07b66a44b48fe84ca0ed29b9086a428bca03bde11de3832bf9522c32d,2901,66.0,35.0,interior,-0.0,-0.0,-0.0,-0.0,-0.0,-0.0
3,3,loading,1.5,4533b6a07b66a44b48fe84ca0ed29b9086a428bca03bde11de3832bf9522c32d,2902,67.0,35.0,interior,-0.0,-0.0,-0.0,-0.0,-0.0,-0.0
3,3,loading,1.5,4533b6a07b66a44b48fe84ca0ed29b9086a428bca03bde11de3832bf9522c32d,2903,68.0,35.0,interior,-0.0,-0.0,-0.0,-0.0,-0.0,-0.0
3,3,loading,1.5,4533b6a07b66a44b48fe84ca0ed29b9086a428bca03bde11de3832bf9522c32d,2904,69.0,35.0,interior,-0.0,-0.0,-0.0,-0.0,-0.0,-0.0
3,3,loading,1.5,4533b6a07b66a44b48fe84ca0ed29b9086a428bca03bde11de3832bf9522c32d,2905,70.0,35.0,interior,-0.0,-0.0,-0.0,-0.0,-0.0,-0.0
3,3,loading,1.5,4533b6a07b66a44b48fe84ca0ed29b9086a428bca03bde11de3832bf9522c32d,2906,71.0,35.0,interior,-0.0,-0.0,-0.0,-0.0,-0.0,-0.0
3,3,loading,1.5,4533b6a07b66a44b48fe84ca0ed29b9086a428bca03bde11de3832bf9522c32d,2907,72.0,35.0,interior,-0.0,-0.0,-0.0,-0.0,-0.0,-0.0
3,3,loading,1.5,4533b6a07b66a44b48fe84ca0ed29b9086a428bca03bde11de3832bf9522c32d,2908,73.0,35.0,interior,-0.0,-0.0,-0.0,-0.0,-0.0,-0.0
3,3,loading,1.5,4533b6a07b66a44b48fe84ca0ed29b9086a428bca03bde11de3832bf9522c32d,2909,74.0,35.0,interior,-0.0,-0.0,-0.0,-0.0,-0.0,-0.0
3,3,loading,1.5,4533b6a07b66a44b48fe84ca0ed29b9086a428bca03bde11de3832bf9522c32d,2910,75.0,35.0,interior,-0.0,-0.0,-0.0,-0.0,-0.0,-0.0
3,3,loading,1.5,4533b6a07b66a44b48fe84ca0ed29b9086a428bca03bde11de3832bf9522c32d,2911,76.0,35.0,interior,-0.0,-0.0,-0.0,-0.0,-0.0,-0.0
3,3,loading,1.5,4533b6a07b66a44b48fe84ca0ed29b9086a428bca03bde11de3832bf9522c32d,2912,77.0,35.0,interior,-0.0,-0.0,-0.0,-0.0,-0.0,-0.0
3,3,loading,1.5,4533b6a07b66a44b48fe84ca0ed29b9086a428bca03bde11de3832bf9522c32d,2913,78.0,35.0,interior,-0.0,-0.0,-0.0,-0.0,-0.0,-0.0
3,3,loading,1.5,4533b6a07b66a44b48fe84ca0ed29b9086a428bca03bde11de3832bf9522c32d,2914,79.0,35.0,physical_only,-7.910381452537246e-08,3.8027301313115186e-09,-1.6088716342797937e-07,3.795063623926049e-07,8.178334890260694e-08,-3.7570363226129114e-07
3,3,loading,1.5,4533b6a07b66a44b48fe84ca0ed29b9086a428bca03bde11de3832bf9522c32d,2979,63.0,36.0,physical_only,-6.318654201529688e-06,3.3163551560969993e-07,-4.458226574135985e-06,3.683487723184732e-08,-1.8604276273937038e-06,2.948006383778527e-07
3,3,loading,1.5,4533b6a07b66a44b48fe84ca0ed29b9086a428bca03bde11de3832bf9522c32d,2980,64.0,36.0,interior,-0.0,-0.0,-0.0,-0.0,-0.0,-0.0
3,3,loading,1.5,4533b6a07b66a44b48fe84ca0ed29b9086a428bca03bde11de3832bf9522c32d,2981,65.0,36.0,interior,-0.0,-0.0,-0.0,-0.0,-0.0,-0.0
3,3,loading,1.5,4533b6a07b66a44b48fe84ca0ed29b9086a428bca03bde11de3832bf9522c32d,2982,66.0,36.0,interior,-0.0,-0.0,-0.0,-0.0,-0.0,-0.0
3,3,loading,1.5,4533b6a07b66a44b48fe84ca0ed29b9086a428bca03bde11de3832bf9522c32d,2983,67.0,36.0,interior,-0.0,-0.0,-0.0,-0.0,-0.0,-0.0
3,3,loading,1.5,4533b6a07b66a44b48fe84ca0ed29b9086a428bca03bde11de3832bf9522c32d,2984,68.0,36.0,interior,-0.0,-0.0,-0.0,-0.0,-0.0,-0.0
3,3,loading,1.5,4533b6a07b66a44b48fe84ca0ed29b9086a428bca03bde11de3832bf9522c32d,2985,69.0,36.0,interior,-0.0,-0.0,-0.0,-0.0,-0.0,-0.0
3,3,loading,1.5,4533b6a07b66a44b48fe84ca0ed29b9086a428bca03bde11de3832bf9522c32d,2986,70.0,36.0,interior,-0.0,-0.0,-0.0,-0.0,-0.0,-0.0
3,3,loading,1.5,4533b6a07b66a44b48fe84ca0ed29b9086a428bca03bde11de3832bf9522c32d,2987,71.0,36.0,interior,-0.0,-0.0,-0.0,-0.0,-0.0,-0.0
3,3,loading,1.5,4533b6a07b66a44b48fe84ca0ed29b9086a428bca03bde11de3832bf9522c32d,2988,72.0,36.0,interior,-0.0,-0.0,-0.0,-0.0,-0.0,-0.0
3,3,loading,1.5,4533b6a07b66a44b48fe84ca0ed29b9086a428bca03bde11de3832bf9522c32d,2989,73.0,36.0,interior,-0.0,-0.0,-0.0,-0.0,-0.0,-0.0
3,3,loading,1.5,4533b6a07b66a44b48fe84ca0ed29b9086a428bca03bde11de3832bf9522c32d,2990,74.0,36.0,interior,-0.0,-0.0,-0.0,-0.0,-0.0,-0.0
3,3,loading,1.5,4533b6a07b66a44b48fe84ca0ed29b9086a428bca03bde11de3832bf9522c32d,2991,75.0,36.0,interior,-0.0,-0.0,-0.0,-0.0,-0.0,-0.0
3,3,loading,1.5,4533b6a07b66a44b48fe84ca0ed29b9086a428bca03bde11de3832bf9522c32d,2992,76.0,36.0,interior,-0.0,-0.0,-0.0,-0.0,-0.0,-0.0
3,3,loading,1.5,4533b6a07b66a44b48fe84ca0ed29b9086a428bca03bde11de3832bf9522c32d,2993,77.0,36.0,interior,-0.0,-0.0,-0.0,-0.0,-0.0,-0.0
3,3,loading,1.5,4533b6a07b66a44b48fe84ca0ed29b9086a428bca03bde11de3832bf9522c32d,2994,78.0,36.0,interior,-0.0,-0.0,-0.0,-0.0,-0.0,-0.0
3,3,loading,1.5,4533b6a07b66a44b48fe84ca0ed29b9086a428bca03bde11de3832bf9522c32d,2995,79.0,36.0,physical_only,-7.795886462842388e-08,3.0142392400020175e-09,-1.5579533346835815e-07,3.0225319952440086e-07,7.783646883993424e-08,-2.9923896028439926e-07
3,3,loading,1.5,4533b6a07b66a44b48fe84ca0ed29b9086a428bca03bde11de3832bf9522c32d,3060,63.0,37.0,physical_only,-6.390880950061187e-06,3.1539619892244827e-07,-4.596496836851668e-06,3.080823432654348e-08,-1.79438411320952e-06,2.845879645959048e-07
3,3,loading,1.5,4533b6a07b66a44b48fe84ca0ed29b9086a428bca03bde11de3832bf9522c32d,3061,64.0,37.0,interior,-0.0,-0.0,-0.0,-0.0,-0.0,-0.0
3,3,loading,1.5,4533b6a07b66a44b48fe84ca0ed29b9086a428bca03bde11de3832bf9522c32d,3062,65.0,37.0,interior,-0.0,-0.0,-0.0,-0.0,-0.0,-0.0
3,3,loading,1.5,4533b6a07b66a44b48fe84ca0ed29b9086a428bca03bde11de3832bf9522c32d,3063,66.0,37.0,interior,-0.0,-0.0,-0.0,-0.0,-0.0,-0.0
3,3,loading,1.5,4533b6a07b66a44b48fe84ca0ed29b9086a428bca03bde11de3832bf9522c32d,3064,67.0,37.0,interior,-0.0,-0.0,-0.0,-0.0,-0.0,-0.0
3,3,loading,1.5,4533b6a07b66a44b48fe84ca0ed29b9086a428bca03bde11de3832bf9522c32d,3065,68.0,37.0,interior,-0.0,-0.0,-0.0,-0.0,-0.0,-0.0
3,3,loading,1.5,4533b6a07b66a44b48fe84ca0ed29b9086a428bca03bde11de3832bf9522c32d,3066,69.0,37.0,interior,-0.0,-0.0,-0.0,-0.0,-0.0,-0.0
3,3,loading,1.5,4533b6a07b66a44b48fe84ca0ed29b9086a428bca03bde11de3832bf9522c32d,3067,70.0,37.0,interior,-0.0,-0.0,-0.0,-0.0,-0.0,-0.0
3,3,loading,1.5,4533b6a07b66a44b48fe84ca0ed29b9086a428bca03bde11de3832bf9522c32d,3068,71.0,37.0,interior,-0.0,-0.0,-0.0,-0.0,-0.0,-0.0
3,3,loading,1.5,4533b6a07b66a44b48fe84ca0ed29b9086a428bca03bde11de3832bf9522c32d,3069,72.0,37.0,interior,-0.0,-0.0,-0.0,-0.0,-0.0,-0.0
3,3,loading,1.5,4533b6a07b66a44b48fe84ca0ed29b9086a428bca03bde11de3832bf9522c32d,3070,73.0,37.0,interior,-0.0,-0.0,-0.0,-0.0,-0.0,-0.0
3,3,loading,1.5,4533b6a07b66a44b48fe84ca0ed29b9086a428bca03bde11de3832bf9522c32d,3071,74.0,37.0,interior,-0.0,-0.0,-0.0,-0.0,-0.0,-0.0
3,3,loading,1.5,4533b6a07b66a44b48fe84ca0ed29b9086a428bca03bde11de3832bf9522c32d,3072,75.0,37.0,interior,-0.0,-0.0,-0.0,-0.0,-0.0,-0.0
3,3,loading,1.5,4533b6a07b66a44b48fe84ca0ed29b9086a428bca03bde11de3832bf9522c32d,3073,76.0,37.0,interior,-0.0,-0.0,-0.0,-0.0,-0.0,-0.0
3,3,loading,1.5,4533b6a07b66a44b48fe84ca0ed29b9086a428bca03bde11de3832bf9522c32d,3074,77.0,37.0,interior,-0.0,-0.0,-0.0,-0.0,-0.0,-0.0
3,3,loading,1.5,4533b6a07b66a44b48fe84ca0ed29b9086a428bca03bde11de3832bf9522c32d,3075,78.0,37.0,interior,-0.0,-0.0,-0.0,-0.0,-0.0,-0.0
3,3,loading,1.5,4533b6a07b66a44b48fe84ca0ed29b9086a428bca03bde11de3832bf9522c32d,3076,79.0,37.0,physical_only,-7.707249733302413e-08,2.2444479869625092e-09,-1.5188216964859932e-07,2.2590209539429334e-07,7.480967231557517e-08,-2.236576474073308e-07
3,3,loading,1.5,4533b6a07b66a44b48fe84ca0ed29b9086a428bca03bde11de3832bf9522c32d,3141,63.0,38.0,physical_only,-6.463194629893085e-06,2.337167796448994e-07,-4.696330199475908e-06,2.2317162466153127e-08,-1.7668644304171776e-06,2.1139961717874623e-07
3,3,loading,1.5,4533b6a07b66a44b48fe84ca0ed29b9086a428bca03bde11de3832bf9522c32d,3142,64.0,38.0,interior,-0.0,-0.0,-0.0,-0.0,-0.0,-0.0
3,3,loading,1.5,4533b6a07b66a44b48fe84ca0ed29b9086a428bca03bde11de3832bf9522c32d,3143,65.0,38.0,interior,-0.0,-0.0,-0.0,-0.0,-0.0,-0.0
3,3,loading,1.5,4533b6a07b66a44b48fe84ca0ed29b9086a428bca03bde11de3832bf9522c32d,3144,66.0,38.0,interior,-0.0,-0.0,-0.0,-0.0,-0.0,-0.0
3,3,loading,1.5,4533b6a07b66a44b48fe84ca0ed29b9086a428bca03bde11de3832bf9522c32d,3145,67.0,38.0,interior,-0.0,-0.0,-0.0,-0.0,-0.0,-0.0
3,3,loading,1.5,4533b6a07b66a44b48fe84ca0ed29b9086a428bca03bde11de3832bf9522c32d,3146,68.0,38.0,interior,-0.0,-0.0,-0.0,-0.0,-0.0,-0.0
3,3,loading,1.5,4533b6a07b66a44b48fe84ca0ed29b9086a428bca03bde11de3832bf9522c32d,3147,69.0,38.0,interior,-0.0,-0.0,-0.0,-0.0,-0.0,-0.0
3,3,loading,1.5,4533b6a07b66a44b48fe84ca0ed29b9086a428bca03bde11de3832bf9522c32d,3148,70.0,38.0,interior,-0.0,-0.0,-0.0,-0.0,-0.0,-0.0
3,3,loading,1.5,4533b6a07b66a44b48fe84ca0ed29b9086a428bca03bde11de3832bf9522c32d,3149,71.0,38.0,interior,-0.0,-0.0,-0.0,-0.0,-0.0,-0.0
3,3,loading,1.5,4533b6a07b66a44b48fe84ca0ed29b9086a428bca03bde11de3832bf9522c32d,3150,72.0,38.0,interior,-0.0,-0.0,-0.0,-0.0,-0.0,-0.0
3,3,loading,1.5,4533b6a07b66a44b48fe84ca0ed29b9086a428bca03bde11de3832bf9522c32d,3151,73.0,38.0,interior,-0.0,-0.0,-0.0,-0.0,-0.0,-0.0
3,3,loading,1.5,4533b6a07b66a44b48fe84ca0ed29b9086a428bca03bde11de3832bf9522c32d,3152,74.0,38.0,interior,-0.0,-0.0,-0.0,-0.0,-0.0,-0.0
3,3,loading,1.5,4533b6a07b66a44b48fe84ca0ed29b9086a428bca03bde11de3832bf9522c32d,3153,75.0,38.0,interior,-0.0,-0.0,-0.0,-0.0,-0.0,-0.0
3,3,loading,1.5,4533b6a07b66a44b48fe84ca0ed29b9086a428bca03bde11de3832bf9522c32d,3154,76.0,38.0,interior,-0.0,-0.0,-0.0,-0.0,-0.0,-0.0
3,3,loading,1.5,4533b6a07b66a44b48fe84ca0ed29b9086a428bca03bde11de3832bf9522c32d,3155,77.0,38.0,interior,-0.0,-0.0,-0.0,-0.0,-0.0,-0.0
3,3,loading,1.5,4533b6a07b66a44b48fe84ca0ed29b9086a428bca03bde11de3832bf9522c32d,3156,78.0,38.0,interior,-0.0,-0.0,-0.0,-0.0,-0.0,-0.0
3,3,loading,1.5,4533b6a07b66a44b48fe84ca0ed29b9086a428bca03bde11de3832bf9522c32d,3157,79.0,38.0,physical_only,-7.644159369071423e-08,1.4885943907378112e-09,-1.491121649569461e-07,1.502265411455389e-07,7.267057126623187e-08,-1.4873794675480224e-07
3,3,loading,1.5,4533b6a07b66a44b48fe84ca0ed29b9086a428bca03bde11de3832bf9522c32d,3222,63.0,39.0,physical_only,-6.50849620789316e-06,1.2163468857399672e-07,-4.756755539198586e-06,1.1736264730959018e-08,-1.751740668694574e-06,1.0989842384303765e-07
3,3,loading,1.5,4533b6a07b66a44b48fe84ca0ed29b9086a428bca03bde11de3832bf9522c32d,3223,64.0,39.0,interior,-0.0,-0.0,-0.0,-0.0,-0.0,-0.0
3,3,loading,1.5,4533b6a07b66a44b48fe84ca0ed29b9086a428bca03bde11de3832bf9522c32d,3224,65.0,39.0,interior,-0.0,-0.0,-0.0,-0.0,-0.0,-0.0
3,3,loading,1.5,4533b6a07b66a44b48fe84ca0ed29b9086a428bca03bde11de3832bf9522c32d,3225,66.0,39.0,interior,-0.0,-0.0,-0.0,-0.0,-0.0,-0.0
3,3,loading,1.5,4533b6a07b66a44b48fe84ca0ed29b9086a428bca03bde11de3832bf9522c32d,3226,67.0,39.0,interior,-0.0,-0.0,-0.0,-0.0,-0.0,-0.0
3,3,loading,1.5,4533b6a07b66a44b48fe84ca0ed29b9086a428bca03bde11de3832bf9522c32d,3227,68.0,39.0,interior,-0.0,-0.0,-0.0,-0.0,-0.0,-0.0
3,3,loading,1.5,4533b6a07b66a44b48fe84ca0ed29b9086a428bca03bde11de3832bf9522c32d,3228,69.0,39.0,interior,-0.0,-0.0,-0.0,-0.0,-0.0,-0.0
3,3,loading,1.5,4533b6a07b66a44b48fe84ca0ed29b9086a428bca03bde11de3832bf9522c32d,3229,70.0,39.0,interior,-0.0,-0.0,-0.0,-0.0,-0.0,-0.0
3,3,loading,1.5,4533b6a07b66a44b48fe84ca0ed29b9086a428bca03bde11de3832bf9522c32d,3230,71.0,39.0,interior,-0.0,-0.0,-0.0,-0.0,-0.0,-0.0
3,3,loading,1.5,4533b6a07b66a44b48fe84ca0ed29b9086a428bca03bde11de3832bf9522c32d,3231,72.0,39.0,interior,-0.0,-0.0,-0.0,-0.0,-0.0,-0.0
3,3,loading,1.5,4533b6a07b66a44b48fe84ca0ed29b9086a428bca03bde11de3832bf9522c32d,3232,73.0,39.0,interior,-0.0,-0.0,-0.0,-0.0,-0.0,-0.0
3,3,loading,1.5,4533b6a07b66a44b48fe84ca0ed29b9086a428bca03bde11de3832bf9522c32d,3233,74.0,39.0,interior,-0.0,-0.0,-0.0,-0.0,-0.0,-0.0
3,3,loading,1.5,4533b6a07b66a44b48fe84ca0ed29b9086a428bca03bde11de3832bf9522c32d,3234,75.0,39.0,interior,-0.0,-0.0,-0.0,-0.0,-0.0,-0.0
3,3,loading,1.5,4533b6a07b66a44b48fe84ca0ed29b9086a428bca03bde11de3832bf9522c32d,3235,76.0,39.0,interior,-0.0,-0.0,-0.0,-0.0,-0.0,-0.0
3,3,loading,1.5,4533b6a07b66a44b48fe84ca0ed29b9086a428bca03bde11de3832bf9522c32d,3236,77.0,39.0,interior,-0.0,-0.0,-0.0,-0.0,-0.0,-0.0
3,3,loading,1.5,4533b6a07b66a44b48fe84ca0ed29b9086a428bca03bde11de3832bf9522c32d,3237,78.0,39.0,interior,-0.0,-0.0,-0.0,-0.0,-0.0,-0.0
3,3,loading,1.5,4533b6a07b66a44b48fe84ca0ed29b9086a428bca03bde11de3832bf9522c32d,3238,79.0,39.0,physical_only,-7.606393585555035e-08,7.419909258679028e-10,-1.4746016546173332e-07,7.500087221437804e-08,7.139622960618296e-08,-7.425888128851011e-08
3,3,loading,1.5,4533b6a07b66a44b48fe84ca0ed29b9086a428bca03bde11de3832bf9522c32d,3303,63.0,40.0,physical_and_cut,-3.261590603369231e-06,-8.238941069872174e-07,-2.3884959643444627e-06,-1.10177655725086e-06,-8.730946390247684e-07,2.778824502636426e-07
3,3,loading,1.5,4533b6a07b66a44b48fe84ca0ed29b9086a428bca03bde11de3832bf9522c32d,3304,64.0,40.0,cut_only,-0.0,-0.0,-0.0,-0.0,-0.0,-0.0
3,3,loading,1.5,4533b6a07b66a44b48fe84ca0ed29b9086a428bca03bde11de3832bf9522c32d,3305,65.0,40.0,cut_only,-0.0,-0.0,-0.0,-0.0,-0.0,-0.0
3,3,loading,1.5,4533b6a07b66a44b48fe84ca0ed29b9086a428bca03bde11de3832bf9522c32d,3306,66.0,40.0,cut_only,-0.0,-0.0,-0.0,-0.0,-0.0,-0.0
3,3,loading,1.5,4533b6a07b66a44b48fe84ca0ed29b9086a428bca03bde11de3832bf9522c32d,3307,67.0,40.0,cut_only,-0.0,-0.0,-0.0,-0.0,-0.0,-0.0
3,3,loading,1.5,4533b6a07b66a44b48fe84ca0ed29b9086a428bca03bde11de3832bf9522c32d,3308,68.0,40.0,cut_only,-0.0,-0.0,-0.0,-0.0,-0.0,-0.0
3,3,loading,1.5,4533b6a07b66a44b48fe84ca0ed29b9086a428bca03bde11de3832bf9522c32d,3309,69.0,40.0,cut_only,-0.0,-0.0,-0.0,-0.0,-0.0,-0.0
3,3,loading,1.5,4533b6a07b66a44b48fe84ca0ed29b9086a428bca03bde11de3832bf9522c32d,3310,70.0,40.0,cut_only,-0.0,-0.0,-0.0,-0.0,-0.0,-0.0
3,3,loading,1.5,4533b6a07b66a44b48fe84ca0ed29b9086a428bca03bde11de3832bf9522c32d,3311,71.0,40.0,cut_only,-0.0,-0.0,-0.0,-0.0,-0.0,-0.0
3,3,loading,1.5,4533b6a07b66a44b48fe84ca0ed29b9086a428bca03bde11de3832bf9522c32d,3312,72.0,40.0,cut_only,-0.0,-0.0,-0.0,-0.0,-0.0,-0.0
3,3,loading,1.5,4533b6a07b66a44b48fe84ca0ed29b9086a428bca03bde11de3832bf9522c32d,3313,73.0,40.0,cut_only,-0.0,-0.0,-0.0,-0.0,-0.0,-0.0
3,3,loading,1.5,4533b6a07b66a44b48fe84ca0ed29b9086a428bca03bde11de3832bf9522c32d,3314,74.0,40.0,cut_only,-0.0,-0.0,-0.0,-0.0,-0.0,-0.0
3,3,loading,1.5,4533b6a07b66a44b48fe84ca0ed29b9086a428bca03bde11de3832bf9522c32d,3315,75.0,40.0,cut_only,-0.0,-0.0,-0.0,-0.0,-0.0,-0.0
3,3,loading,1.5,4533b6a07b66a44b48fe84ca0ed29b9086a428bca03bde11de3832bf9522c32d,3316,76.0,40.0,cut_only,-0.0,-0.0,-0.0,-0.0,-0.0,-0.0
3,3,loading,1.5,4533b6a07b66a44b48fe84ca0ed29b9086a428bca03bde11de3832bf9522c32d,3317,77.0,40.0,cut_only,-0.0,-0.0,-0.0,-0.0,-0.0,-0.0
3,3,loading,1.5,4533b6a07b66a44b48fe84ca0ed29b9086a428bca03bde11de3832bf9522c32d,3318,78.0,40.0,cut_only,-0.0,-0.0,-0.0,-0.0,-0.0,-0.0
3,3,loading,1.5,4533b6a07b66a44b48fe84ca0ed29b9086a428bca03bde11de3832bf9522c32d,3319,79.0,40.0,physical_and_cut,-3.796909855161931e-08,-2.321472165728036e-05,-7.345558101218839e-08,6.751391686676587e-08,3.5486482460569075e-08,-2.3282235574147122e-05
4,4,loading,1.625,ec3762f0f2ab6397ff1fe3eb3785f552c035c2ba6e3830525621c3664d2f753f,2655,63.0,32.0,physical_only,-0.00031984744244276667,-0.00013138943853332935,-7.4710166251619355e-06,8.217613846833831e-06,-0.0003123764258176047,-0.00013960705238016317
4,4,loading,1.625,ec3762f0f2ab6397ff1fe3eb3785f552c035c2ba6e3830525621c3664d2f753f,2656,64.0,32.0,physical_only,1.6669210992471012e-06,-6.740958672830677e-05,-4.252935137588649e-06,9.003162767349447e-06,5.919856236835752e-06,-7.641274949565623e-05
4,4,loading,1.625,ec3762f0f2ab6397ff1fe3eb3785f552c035c2ba6e3830525621c3664d2f753f,2657,65.0,32.0,physical_only,2.8510616595350593e-06,-8.963782754496392e-05,-4.359881553207739e-06,1.1069962456135845e-05,7.210943212742801e-06,-0.00010070779000109976
4,4,loading,1.625,ec3762f0f2ab6397ff1fe3eb3785f552c035c2ba6e3830525621c3664d2f753f,2658,66.0,32.0,physical_only,2.5180014872676373e-06,-0.00011588911979918765,-4.479441917407885e-06,1.3529384408528155e-05,6.997443404675519e-06,-0.00012941850420771585
4,4,loading,1.625,ec3762f0f2ab6397ff1fe3eb3785f552c035c2ba6e3830525621c3664d2f753f,2659,67.0,32.0,physical_only,1.665526472123538e-06,-0.00014575624868499787,-4.609898177865034e-06,1.6467000504695478e-05,6.2754246499885705e-06,-0.00016222324918969326
4,4,loading,1.625,ec3762f0f2ab6397ff1fe3eb3785f552c035c2ba6e3830525621c3664d2f753f,2660,68.0,32.0,physical_only,2.432269650996471e-06,-0.00018182836932846807,-4.752309874003944e-06,1.9992449936967703e-05,7.184579525000414e-06,-0.0002018208192654359
4,4,loading,1.625,ec3762f0f2ab6397ff1fe3eb3785f552c035c2ba6e3830525621c3664d2f753f,2661,69.0,32.0,physical_only,3.081683903117521e-06,-0.00022649194823820377,-4.910359659758959e-06,2.425689654030941e-05,7.992043562876485e-06,-0.0002507488447785133
4,4,loading,1.625,ec3762f0f2ab6397ff1fe3eb3785f552c035c2ba6e3830525621c3664d2f753f,2662,70.0,32.0,physical_only,3.7349364805612514e-06,-0.0002801178148990895,-5.09017746925416e-06,2.9475121242295054e-05,8.825113949815408e-06,-0.0003095929361413845
4,4,loading,1.625,ec3762f0f2ab6397ff1fe3eb3785f552c035c2ba6e3830525621c3664d2f753f,2663,71.0,32.0,physical_only,4.439533965921408e-06,-0.00034396435782057286,-5.2998978529311875e-06,3.5956913133545705e-05,9.739431818852576e-06,-0.0003799212709541186
4,4,loading,1.625,ec3762f0f2ab6397ff1fe3eb3785f552c035c2ba6e3830525621c3664d2f753f,2664,72.0,32.0,physical_only,5.373288178959148e-06,-0.000419374511943396,-5.55149166189174e-06,4.416251694072409e-05,1.0924779840850891e-05,-0.0004635370288841199
4,4,loading,1.625,ec3762f0f2ab6397ff1fe3eb3785f552c035c2ba6e3830525621c3664d2f753f,2665,73.0,32.0,physical_only,6.481159878149898e-06,-0.0005064809748952367,-5.862571095327991e-06,5.479928827299073e-05,1.23437309734779e-05,-0.0005612802631682276
4,4,loading,1.625,ec3762f0f2ab6397ff1fe3eb3785f552c035c2ba6e3830525621c3664d2f753f,2666,74.0,32.0,physical_only,1.2952179094726212e-05,-0.0006091393744568339,-6.262968097406219e-06,6.90119684931975e-05,1.9215147192132436e-05,-0.0006781513429500313
4,4,loading,1.625,ec3762f0f2ab6397ff1fe3eb3785f552c035c2ba6e3830525621c3664d2f753f,2667,75.0,32.0,physical_only,2.4711568022882868e-05,-0.000739759378400119,-6.808042617583611e-06,8.879780547779094e-05,3.151961064046646e-05,-0.00082855718387791
4,4,loading,1.625,ec3762f0f2ab6397ff1fe3eb3785f552c035c2ba6e3830525621c3664d2f753f,2668,76.0,32.0,physical_only,3.9155046542320643e-05,-0.0009104968519903127,-7.6050825634307914e-06,0.00011798644527686551,4.6760129105751446e-05,-0.001028483297267178
4,4,loading,1.625,ec3762f0f2ab6397ff1fe3eb3785f552c035c2ba6e3830525621c3664d2f753f,2669,77.0,32.0,physical_only,4.852235047642526e-05,-0.0011094243743240166,-8.868589987277493e-06,0.00016477150566938638,5.739094046370281e-05,-0.0012741958799934025
4,4,loading,1.625,ec3762f0f2ab6397ff1fe3eb3785f552c035c2ba6e3830525621c3664d2f753f,2670,78.0,32.0,physical_only,5.804795126160099e-05,-0.0012114704103203403,-1.1048415688159092e-05,0.00024915549354250513,6.909636694976006e-05,-0.0014606259038628458
4,4,loading,1.625,ec3762f0f2ab6397ff1fe3eb3785f552c035c2ba6e3830525621c3664d2f753f,2671,79.0,32.0,physical_only,-0.00037561063698387175,0.008881661647244172,-5.078329184840275e-05,0.0005577492171430958,-0.000324827345135469,0.008323912430101076
4,4,loading,1.625,ec3762f0f2ab6397ff1fe3eb3785f552c035c2ba6e3830525621c3664d2f753f,2736,63.0,33.0,physical_only,-7.8178885931256e-06,-5.229650853960927e-08,-3.9103096017595625e-06,4.530058187341909e-08,-3.907578991366036e-06,-9.759709041302846e-08
4,4,loading,1.625,ec3762f0f2ab6397ff1fe3eb3785f552c035c2ba6e3830525621c3664d2f753f,2737,64.0,33.0,interior,-0.0,-0.0,-0.0,-0.0,-0.0,-0.0
4,4,loading,1.625,ec3762f0f2ab6397ff1fe3eb3785f552c035c2ba6e3830525621c3664d2f753f,2738,65.0,33.0,interior,-0.0,-0.0,-0.0,-0.0,-0.0,-0.0
4,4,loading,1.625,ec3762f0f2ab6397ff1fe3eb3785f552c035c2ba6e3830525621c3664d2f753f,2739,66.0,33.0,interior,-0.0,-0.0,-0.0,-0.0,-0.0,-0.0
4,4,loading,1.625,ec3762f0f2ab6397ff1fe3eb3785f552c035c2ba6e3830525621c3664d2f753f,2740,67.0,33.0,interior,-0.0,-0.0,-0.0,-0.0,-0.0,-0.0
4,4,loading,1.625,ec3762f0f2ab6397ff1fe3eb3785f552c035c2ba6e3830525621c3664d2f753f,2741,68.0,33.0,interior,-0.0,-0.0,-0.0,-0.0,-0.0,-0.0
4,4,loading,1.625,ec3762f0f2ab6397ff1fe3eb3785f552c035c2ba6e3830525621c3664d2f753f,2742,69.0,33.0,interior,-0.0,-0.0,-0.0,-0.0,-0.0,-0.0
4,4,loading,1.625,ec3762f0f2ab6397ff1fe3eb3785f552c035c2ba6e3830525621c3664d2f753f,2743,70.0,33.0,interior,-0.0,-0.0,-0.0,-0.0,-0.0,-0.0
4,4,loading,1.625,ec3762f0f2ab6397ff1fe3eb3785f552c035c2ba6e3830525621c3664d2f753f,2744,71.0,33.0,interior,-0.0,-0.0,-0.0,-0.0,-0.0,-0.0
4,4,loading,1.625,ec3762f0f2ab6397ff1fe3eb3785f552c035c2ba6e3830525621c3664d2f753f,2745,72.0,33.0,interior,-0.0,-0.0,-0.0,-0.0,-0.0,-0.0
4,4,loading,1.625,ec3762f0f2ab6397ff1fe3eb3785f552c035c2ba6e3830525621c3664d2f753f,2746,73.0,33.0,interior,-0.0,-0.0,-0.0,-0.0,-0.0,-0.0
4,4,loading,1.625,ec3762f0f2ab6397ff1fe3eb3785f552c035c2ba6e3830525621c3664d2f753f,2747,74.0,33.0,interior,-0.0,-0.0,-0.0,-0.0,-0.0,-0.0
4,4,loading,1.625,ec3762f0f2ab6397ff1fe3eb3785f552c035c2ba6e3830525621c3664d2f753f,2748,75.0,33.0,interior,-0.0,-0.0,-0.0,-0.0,-0.0,-0.0
4,4,loading,1.625,ec3762f0f2ab6397ff1fe3eb3785f552c035c2ba6e3830525621c3664d2f753f,2749,76.0,33.0,interior,-0.0,-0.0,-0.0,-0.0,-0.0,-0.0
4,4,loading,1.625,ec3762f0f2ab6397ff1fe3eb3785f552c035c2ba6e3830525621c3664d2f753f,2750,77.0,33.0,interior,-0.0,-0.0,-0.0,-0.0,-0.0,-0.0
4,4,loading,1.625,ec3762f0f2ab6397ff1fe3eb3785f552c035c2ba6e3830525621c3664d2f753f,2751,78.0,33.0,interior,-0.0,-0.0,-0.0,-0.0,-0.0,-0.0
4,4,loading,1.625,ec3762f0f2ab6397ff1fe3eb3785f552c035c2ba6e3830525621c3664d2f753f,2752,79.0,33.0,physical_only,-8.893098207539811e-08,6.056915032511158e-09,-1.962864416831814e-07,5.805105889643716e-07,1.0735545960778332e-07,-5.744536739318584e-07
4,4,loading,1.625,ec3762f0f2ab6397ff1fe3eb3785f552c035c2ba6e3830525621c3664d2f753f,2817,63.0,34.0,physical_only,-7.204341905729566e-06,1.75405771053129e-07,-4.2196365865651325e-06,4.000874040324325e-08,-2.9847053191644344e-06,1.3539703064988585e-07
4,4,loading,1.625,ec3762f0f2ab6397ff1fe3eb3785f552c035c2ba6e3830525621c3664d2f753f,2818,64.0,34.0,interior,-0.0,-0.0,-0.0,-0.0,-0.0,-0.0
4,4,loading,1.625,ec3762f0f2ab6397ff1fe3eb3785f552c035c2ba6e3830525621c3664d2f753f,2819,65.0,34.0,interior,-0.0,-0.0,-0.0,-0.0,-0.0,-0.0
4,4,loading,1.625,ec3762f0f2ab6397ff1fe3eb3785f552c035c2ba6e3830525621c3664d2f753f,2820,66.0,34.0,interior,-0.0,-0.0,-0.0,-0.0,-0.0,-0.0
4,4,loading,1.625,ec3762f0f2ab6397ff1fe3eb3785f552c035c2ba6e3830525621c3664d2f753f,2821,67.0,34.0,interior,-0.0,-0.0,-0.0,-0.0,-0.0,-0.0
4,4,loading,1.625,ec3762f0f2ab6397ff1fe3eb3785f552c035c2ba6e3830525621c3664d2f753f,2822,68.0,34.0,interior,-0.0,-0.0,-0.0,-0.0,-0.0,-0.0
4,4,loading,1.625,ec3762f0f2ab6397ff1fe3eb3785f552c035c2ba6e3830525621c3664d2f753f,2823,69.0,34.0,interior,-0.0,-0.0,-0.0,-0.0,-0.0,-0.0
4,4,loading,1.625,ec3762f0f2ab6397ff1fe3eb3785f552c035c2ba6e3830525621c3664d2f753f,2824,70.0,34.0,interior,-0.0,-0.0,-0.0,-0.0,-0.0,-0.0
4,4,loading,1.625,ec3762f0f2ab6397ff1fe3eb3785f552c035c2ba6e3830525621c3664d2f753f,2825,71.0,34.0,interior,-0.0,-0.0,-0.0,-0.0,-0.0,-0.0
4,4,loading,1.625,ec3762f0f2ab6397ff1fe3eb3785f552c035c2ba6e3830525621c3664d2f753f,2826,72.0,34.0,interior,-0.0,-0.0,-0.0,-0.0,-0.0,-0.0
4,4,loading,1.625,ec3762f0f2ab6397ff1fe3eb3785f552c035c2ba6e3830525621c3664d2f753f,2827,73.0,34.0,interior,-0.0,-0.0,-0.0,-0.0,-0.0,-0.0
4,4,loading,1.625,ec3762f0f2ab6397ff1fe3eb3785f552c035c2ba6e3830525621c3664d2f753f,2828,74.0,34.0,interior,-0.0,-0.0,-0.0,-0.0,-0.0,-0.0
4,4,loading,1.625,ec3762f0f2ab6397ff1fe3eb3785f552c035c2ba6e3830525621c3664d2f753f,2829,75.0,34.0,interior,-0.0,-0.0,-0.0,-0.0,-0.0,-0.0
4,4,loading,1.625,ec3762f0f2ab6397ff1fe3eb3785f552c035c2ba6e3830525621c3664d2f753f,2830,76.0,34.0,interior,-0.0,-0.0,-0.0,-0.0,-0.0,-0.0
4,4,loading,1.625,ec3762f0f2ab6397ff1fe3eb3785f552c035c2ba6e3830525621c3664d2f753f,2831,77.0,34.0,interior,-0.0,-0.0,-0.0,-0.0,-0.0,-0.0
4,4,loading,1.625,ec3762f0f2ab6397ff1fe3eb3785f552c035c2ba6e3830525621c3664d2f753f,2832,78.0,34.0,interior,-0.0,-0.0,-0.0,-0.0,-0.0,-0.0
4,4,loading,1.625,ec3762f0f2ab6397ff1fe3eb3785f552c035c2ba6e3830525621c3664d2f753f,2833,79.0,34.0,physical_only,-8.711680399828545e-08,5.1236633620728445e-09,-1.8765548073837653e-07,4.944529349780574e-07,1.0053867674009116e-07,-4.893292716159866e-07
4,4,loading,1.625,ec3762f0f2ab6397ff1fe3eb3785f552c035c2ba6e3830525621c3664d2f753f,2898,63.0,35.0,physical_only,-6.944064000075714e-06,3.409965171545493e-07,-4.476269456456951e-06,3.739427624520973e-08,-2.467794543618763e-06,3.0360224090933944e-07
4,4,loading,1.625,ec3762f0f2ab6397ff1fe3eb3785f552c035c2ba6e3830525621c3664d2f753f,2899,64.0,35.0,interior,-0.0,-0.0,-0.0,-0.0,-0.0,-0.0
4,4,loading,1.625,ec3762f0f2ab6397ff1fe3eb3785f552c035c2ba6e3830525621c3664d2f753f,2900,65.0,35.0,interior,-0.0,-0.0,-0.0,-0.0,-0.0,-0.0
4,4,loading,1.625,ec3762f0f2ab6397ff1fe3eb3785f552c035c2ba6e3830525621c3664d2f753f,2901,66.0,35.0,interior,-0.0,-0.0,-0.0,-0.0,-0.0,-0.0
4,4,loading,1.625,ec3762f0f2ab6397ff1fe3eb3785f552c035c2ba6e3830525621c3664d2f753f,2902,67.0,35.0,interior,-0.0,-0.0,-0.0,-0.0,-0.0,-0.0
4,4,loading,1.625,ec3762f0f2ab6397ff1fe3eb3785f552c035c2ba6e3830525621c3664d2f753f,2903,68.0,35.0,interior,-0.0,-0.0,-0.0,-0.0,-0.0,-0.0
4,4,loading,1.625,ec3762f0f2ab6397ff1fe3eb3785f552c035c2ba6e3830525621c3664d2f753f,2904,69.0,35.0,interior,-0.0,-0.0,-0.0,-0.0,-0.0,-0.0
4,4,loading,1.625,ec3762f0f2ab6397ff1fe3eb3785f552c035c2ba6e3830525621c3664d2f753f,2905,70.0,35.0,interior,-0.0,-0.0,-0.0,-0.0,-0.0,-0.0
4,4,loading,1.625,ec3762f0f2ab6397ff1fe3eb3785f552c035c2ba6e3830525621c3664d2f753f,2906,71.0,35.0,interior,-0.0,-0.0,-0.0,-0.0,-0.0,-0.0
4,4,loading,1.625,ec3762f0f2ab6397ff1fe3eb3785f552c035c2ba6e3830525621c3664d2f753f,2907,72.0,35.0,interior,-0.0,-0.0,-0.0,-0.0,-0.0,-0.0
4,4,loading,1.625,ec3762f0f2ab6397ff1fe3eb3785f552c035c2ba6e3830525621c3664d2f753f,2908,73.0,35.0,interior,-0.0,-0.0,-0.0,-0.0,-0.0,-0.0
4,4,loading,1.625,ec3762f0f2ab6397ff1fe3eb3785f552c035c2ba6e3830525621c3664d2f753f,2909,74.0,35.0,interior,-0.0,-0.0,-0.0,-0.0,-0.0,-0.0
4,4,loading,1.625,ec3762f0f2ab6397ff1fe3eb3785f552c035c2ba6e3830525621c3664d2f753f,2910,75.0,35.0,interior,-0.0,-0.0,-0.0,-0.0,-0.0,-0.0
4,4,loading,1.625,ec3762f0f2ab6397ff1fe3eb3785f552c035c2ba6e3830525621c3664d2f753f,2911,76.0,35.0,interior,-0.0,-0.0,-0.0,-0.0,-0.0,-0.0
4,4,loading,1.625,ec3762f0f2ab6397ff1fe3eb3785f552c035c2ba6e3830525621c3664d2f753f,2912,77.0,35.0,interior,-0.0,-0.0,-0.0,-0.0,-0.0,-0.0
4,4,loading,1.625,ec3762f0f2ab6397ff1fe3eb3785f552c035c2ba6e3830525621c3664d2f753f,2913,78.0,35.0,interior,-0.0,-0.0,-0.0,-0.0,-0.0,-0.0
4,4,loading,1.625,ec3762f0f2ab6397ff1fe3eb3785f552c035c2ba6e3830525621c3664d2f753f,2914,79.0,35.0,physical_only,-8.559250291768151e-08,4.222065192272873e-09,-1.804804571518171e-07,4.098412305793672e-07,9.488795423413559e-08,-4.0561916538709654e-07
4,4,loading,1.625,ec3762f0f2ab6397ff1fe3eb3785f552c035c2ba6e3830525621c3664d2f753f,2979,63.0,36.0,physical_only,-6.8892597450216445e-06,3.9390565939040017e-07,-4.685337732460222e-06,3.4480198406707534e-08,-2.2039220125614228e-06,3.5942546098369253e-07
4,4,loading,1.625,ec3762f0f2ab6397ff1fe3eb3785f552c035c2ba6e3830525621c3664d2f753f,2980,64.0,36.0,interior,-0.0,-0.0,-0.0,-0.0,-0.0,-0.0
4,4,loading,1.625,ec3762f0f2ab6397ff1fe3eb3785f552c035c2ba6e3830525621c3664d2f753f,2981,65.0,36.0,interior,-0.0,-0.0,-0.0,-0.0,-0.0,-0.0
4,4,loading,1.625,ec3762f0f2ab6397ff1fe3eb3785f552c035c2ba6e3830525621c3664d2f753f,2982,66.0,36.0,interior,-0.0,-0.0,-0.0,-0.0,-0.0,-0.0
4,4,loading,1.625,ec3762f0f2ab6397ff1fe3eb3785f552c035c2ba6e3830525621c3664d2f753f,2983,67.0,36.0,interior,-0.0,-0.0,-0.0,-0.0,-0.0,-0.0
4,4,loading,1.625,ec3762f0f2ab6397ff1fe3eb3785f552c035c2ba6e3830525621c3664d2f753f,2984,68.0,36.0,interior,-0.0,-0.0,-0.0,-0.0,-0.0,-0.0
4,4,loading,1.625,ec3762f0f2ab6397ff1fe3eb3785f552c035c2ba6e3830525621c3664d2f753f,2985,69.0,36.0,interior,-0.0,-0.0,-0.0,-0.0,-0.0,-0.0
4,4,loading,1.625,ec3762f0f2ab6397ff1fe3eb3785f552c035c2ba6e3830525621c3664d2f753f,2986,70.0,36.0,interior,-0.0,-0.0,-0.0,-0.0,-0.0,-0.0
4,4,loading,1.625,ec3762f0f2ab6397ff1fe3eb3785f552c035c2ba6e3830525621c3664d2f753f,2987,71.0,36.0,interior,-0.0,-0.0,-0.0,-0.0,-0.0,-0.0
4,4,loading,1.625,ec3762f0f2ab6397ff1fe3eb3785f552c035c2ba6e3830525621c3664d2f753f,2988,72.0,36.0,interior,-0.0,-0.0,-0.0,-0.0,-0.0,-0.0
4,4,loading,1.625,ec3762f0f2ab6397ff1fe3eb3785f552c035c2ba6e3830525621c3664d2f753f,2989,73.0,36.0,interior,-0.0,-0.0,-0.0,-0.0,-0.0,-0.0
4,4,loading,1.625,ec3762f0f2ab6397ff1fe3eb3785f552c035c2ba6e3830525621c3664d2f753f,2990,74.0,36.0,interior,-0.0,-0.0,-0.0,-0.0,-0.0,-0.0
4,4,loading,1.625,ec3762f0f2ab6397ff1fe3eb3785f552c035c2ba6e3830525621c3664d2f753f,2991,75.0,36.0,interior,-0.0,-0.0,-0.0,-0.0,-0.0,-0.0
4,4,loading,1.625,ec3762f0f2ab6397ff1fe3eb3785f552c035c2ba6e3830525621c3664d2f753f,2992,76.0,36.0,interior,-0.0,-0.0,-0.0,-0.0,-0.0,-0.0
4,4,loading,1.625,ec3762f0f2ab6397ff1fe3eb3785f552c035c2ba6e3830525621c3664d2f753f,2993,77.0,36.0,interior,-0.0,-0.0,-0.0,-0.0,-0.0,-0.0
4,4,loading,1.625,ec3762f0f2ab6397ff1fe3eb3785f552c035c2ba6e3830525621c3664d2f753f,2994,78.0,36.0,interior,-0.0,-0.0,-0.0,-0.0,-0.0,-0.0
4,4,loading,1.625,ec3762f0f2ab6397ff1fe3eb3785f552c035c2ba6e3830525621c3664d2f753f,2995,79.0,36.0,physical_only,-8.435265615696909e-08,3.3466137019192983e-09,-1.746965689519018e-07,3.264324836412837e-07,9.03439127949327e-08,-3.230858699393636e-07
4,4,loading,1.625,ec3762f0f2ab6397ff1fe3eb3785f552c035c2ba6e3830525621c3664d2f753f,3060,63.0,37.0,physical_only,-6.91647329423313e-06,3.5457432227739375e-07,-4.848653358802849e-06,2.9375078970117742e-08,-2.0678199354302825e-06,3.25199243307276e-07
4,4,loading,1.625,ec3762f0f2ab6397ff1fe3eb3785f552c035c2ba6e3830525621c3664d2f753f,3061,64.0,37.0,interior,-0.0,-0.0,-0.0,-0.0,-0.0,-0.0
4,4,loading,1.625,ec3762f0f2ab6397ff1fe3eb3785f552c035c2ba6e3830525621c3664d2f753f,3062,65.0,37.0,interior,-0.0,-0.0,-0.0,-0.0,-0.0,-0.0
4,4,loading,1.625,ec3762f0f2ab6397ff1fe3eb3785f552c035c2ba6e3830525621c3664d2f753f,3063,66.0,37.0,interior,-0.0,-0.0,-0.0,-0.0,-0.0,-0.0
4,4,loading,1.625,ec3762f0f2ab6397ff1fe3eb3785f552c035c2ba6e3830525621c3664d2f753f,3064,67.0,37.0,interior,-0.0,-0.0,-0.0,-0.0,-0.0,-0.0
4,4,loading,1.625,ec3762f0f2ab6397ff1fe3eb3785f552c035c2ba6e3830525621c3664d2f753f,3065,68.0,37.0,interior,-0.0,-0.0,-0.0,-0.0,-0.0,-0.0
4,4,loading,1.625,ec3762f0f2ab6397ff1fe3eb3785f552c035c2ba6e3830525621c3664d2f753f,3066,69.0,37.0,interior,-0.0,-0.0,-0.0,-0.0,-0.0,-0.0
4,4,loading,1.625,ec3762f0f2ab6397ff1fe3eb3785f552c035c2ba6e3830525621c3664d2f753f,3067,70.0,37.0,interior,-0.0,-0.0,-0.0,-0.0,-0.0,-0.0
4,4,loading,1.625,ec3762f0f2ab6397ff1fe3eb3785f552c035c2ba6e3830525621c3664d2f753f,3068,71.0,37.0,interior,-0.0,-0.0,-0.0,-0.0,-0.0,-0.0
4,4,loading,1.625,ec3762f0f2ab6397ff1fe3eb3785f552c035c2ba6e3830525621c3664d2f753f,3069,72.0,37.0,interior,-0.0,-0.0,-0.0,-0.0,-0.0,-0.0
4,4,loading,1.625,ec3762f0f2ab6397ff1fe3eb3785f552c035c2ba6e3830525621c3664d2f753f,3070,73.0,37.0,interior,-0.0,-0.0,-0.0,-0.0,-0.0,-0.0
4,4,loading,1.625,ec3762f0f2ab6397ff1fe3eb3785f552c035c2ba6e3830525621c3664d2f753f,3071,74.0,37.0,interior,-0.0,-0.0,-0.0,-0.0,-0.0,-0.0
4,4,loading,1.625,ec3762f0f2ab6397ff1fe3eb3785f552c035c2ba6e3830525621c3664d2f753f,3072,75.0,37.0,interior,-0.0,-0.0,-0.0,-0.0,-0.0,-0.0
4,4,loading,1.625,ec3762f0f2ab6397ff1fe3eb3785f552c035c2ba6e3830525621c3664d2f753f,3073,76.0,37.0,interior,-0.0,-0.0,-0.0,-0.0,-0.0,-0.0
4,4,loading,1.625,ec3762f0f2ab6397ff1fe3eb3785f552c035c2ba6e3830525621c3664d2f753f,3074,77.0,37.0,interior,-0.0,-0.0,-0.0,-0.0,-0.0,-0.0
4,4,loading,1.625,ec3762f0f2ab6397ff1fe3eb3785f552c035c2ba6e3830525621c3664d2f753f,3075,78.0,37.0,interior,-0.0,-0.0,-0.0,-0.0,-0.0,-0.0
4,4,loading,1.625,ec3762f0f2ab6397ff1fe3eb3785f552c035c2ba6e3830525621c3664d2f753f,3076,79.0,37.0,physical_only,-8.339286003685724e-08,2.4919265876309233e-09,-1.7025148123111805e-07,2.439847345685257e-07,8.685862119426078e-08,-2.414928079808955e-07
4,4,loading,1.625,ec3762f0f2ab6397ff1fe3eb3785f552c035c2ba6e3830525621c3664d2f753f,3141,63.0,38.0,physical_only,-6.958393536416467e-06,2.5692273900155667e-07,-4.966136755705087e-06,2.153276906391149e-08,-1.9922567807113792e-06,2.3538996993764518e-07
4,4,loading,1.625,ec3762f0f2ab6397ff1fe3eb3785f552c035c2ba6e3830525621c3664d2f753f,3142,64.0,38.0,interior,-0.0,-0.0,-0.0,-0.0,-0.0,-0.0
4,4,loading,1.625,ec3762f0f2ab6397ff1fe3eb3785f552c035c2ba6e3830525621c3664d2f753f,3143,65.0,38.0,interior,-0.0,-0.0,-0.0,-0.0,-0.0,-0.0
4,4,loading,1.625,ec3762f0f2ab6397ff1fe3eb3785f552c035c2ba6e3830525621c3664d2f753f,3144,66.0,38.0,interior,-0.0,-0.0,-0.0,-0.0,-0.0,-0.0
4,4,loading,1.625,ec3762f0f2ab6397ff1fe3eb3785f552c035c2ba6e3830525621c3664d2f753f,3145,67.0,38.0,interior,-0.0,-0.0,-0.0,-0.0,-0.0,-0.0
4,4,loading,1.625,ec3762f0f2ab6397ff1fe3eb3785f552c035c2ba6e3830525621c3664d2f753f,3146,68.0,38.0,interior,-0.0,-0.0,-0.0,-0.0,-0.0,-0.0
4,4,loading,1.625,ec3762f0f2ab6397ff1fe3eb3785f552c035c2ba6e3830525621c3664d2f753f,3147,69.0,38.0,interior,-0.0,-0.0,-0.0,-0.0,-0.0,-0.0
4,4,loading,1.625,ec3762f0f2ab6397ff1fe3eb3785f552c035c2ba6e3830525621c3664d2f753f,3148,70.0,38.0,interior,-0.0,-0.0,-0.0,-0.0,-0.0,-0.0
4,4,loading,1.625,ec3762f0f2ab6397ff1fe3eb3785f552c035c2ba6e3830525621c3664d2f753f,3149,71.0,38.0,interior,-0.0,-0.0,-0.0,-0.0,-0.0,-0.0
4,4,loading,1.625,ec3762f0f2ab6397ff1fe3eb3785f552c035c2ba6e3830525621c3664d2f753f,3150,72.0,38.0,interior,-0.0,-0.0,-0.0,-0.0,-0.0,-0.0
4,4,loading,1.625,ec3762f0f2ab6397ff1fe3eb3785f552c035c2ba6e3830525621c3664d2f753f,3151,73.0,38.0,interior,-0.0,-0.0,-0.0,-0.0,-0.0,-0.0
4,4,loading,1.625,ec3762f0f2ab6397ff1fe3eb3785f552c035c2ba6e3830525621c3664d2f753f,3152,74.0,38.0,interior,-0.0,-0.0,-0.0,-0.0,-0.0,-0.0
4,4,loading,1.625,ec3762f0f2ab6397ff1fe3eb3785f552c035c2ba6e3830525621c3664d2f753f,3153,75.0,38.0,interior,-0.0,-0.0,-0.0,-0.0,-0.0,-0.0
4,4,loading,1.625,ec3762f0f2ab6397ff1fe3eb3785f552c035c2ba6e3830525621c3664d2f753f,3154,76.0,38.0,interior,-0.0,-0.0,-0.0,-0.0,-0.0,-0.0
4,4,loading,1.625,ec3762f0f2ab6397ff1fe3eb3785f552c035c2ba6e3830525621c3664d2f753f,3155,77.0,38.0,interior,-0.0,-0.0,-0.0,-0.0,-0.0,-0.0
4,4,loading,1.625,ec3762f0f2ab6397ff1fe3eb3785f552c035c2ba6e3830525621c3664d2f753f,3156,78.0,38.0,interior,-0.0,-0.0,-0.0,-0.0,-0.0,-0.0
4,4,loading,1.625,ec3762f0f2ab6397ff1fe3eb3785f552c035c2ba6e3830525621c3664d2f753f,3157,79.0,38.0,physical_only,-8.270971001246963e-08,1.6527227902552095e-09,-1.6710491521181565e-07,1.6225690871864295e-07,8.439520519934604e-08,-1.6060418592838457e-07
4,4,loading,1.625,ec3762f0f2ab6397ff1fe3eb3785f552c035c2ba6e3830525621c3664d2f753f,3222,63.0,39.0,physical_only,-6.986569875482992e-06,1.325141120157427e-07,-5.037061732575321e-06,1.1398820751178428e-08,-1.9495081429076723e-06,1.2111529126456416e-07
4,4,loading,1.625,ec3762f0f2ab6397ff1fe3eb3785f552c035c2ba6e3830525621c3664d2f753f,3223,64.0,39.0,interior,-0.0,-0.0,-0.0,-0.0,-0.0,-0.0
4,4,loading,1.625,ec3762f0f2ab6397ff1fe3eb3785f552c035c2ba6e3830525621c3664d2f753f,3224,65.0,39.0,interior,-0.0,-0.0,-0.0,-0.0,-0.0,-0.0
4,4,loading,1.625,ec3762f0f2ab6397ff1fe3eb3785f552c035c2ba6e3830525621c3664d2f753f,3225,66.0,39.0,interior,-0.0,-0.0,-0.0,-0.0,-0.0,-0.0
4,4,loading,1.625,ec3762f0f2ab6397ff1fe3eb3785f552c035c2ba6e3830525621c3664d2f753f,3226,67.0,39.0,interior,-0.0,-0.0,-0.0,-0.0,-0.0,-0.0
4,4,loading,1.625,ec3762f0f2ab6397ff1fe3eb3785f552c035c2ba6e3830525621c3664d2f753f,3227,68.0,39.0,interior,-0.0,-0.0,-0.0,-0.0,-0.0,-0.0
4,4,loading,1.625,ec3762f0f2ab6397ff1fe3eb3785f552c035c2ba6e3830525621c3664d2f753f,3228,69.0,39.0,interior,-0.0,-0.0,-0.0,-0.0,-0.0,-0.0
4,4,loading,1.625,ec3762f0f2ab6397ff1fe3eb3785f552c035c2ba6e3830525621c3664d2f753f,3229,70.0,39.0,interior,-0.0,-0.0,-0.0,-0.0,-0.0,-0.0
4,4,loading,1.625,ec3762f0f2ab6397ff1fe3eb3785f552c035c2ba6e3830525621c3664d2f753f,3230,71.0,39.0,interior,-0.0,-0.0,-0.0,-0.0,-0.0,-0.0
4,4,loading,1.625,ec3762f0f2ab6397ff1fe3eb3785f552c035c2ba6e3830525621c3664d2f753f,3231,72.0,39.0,interior,-0.0,-0.0,-0.0,-0.0,-0.0,-0.0
4,4,loading,1.625,ec3762f0f2ab6397ff1fe3eb3785f552c035c2ba6e3830525621c3664d2f753f,3232,73.0,39.0,interior,-0.0,-0.0,-0.0,-0.0,-0.0,-0.0
4,4,loading,1.625,ec3762f0f2ab6397ff1fe3eb3785f552c035c2ba6e3830525621c3664d2f753f,3233,74.0,39.0,interior,-0.0,-0.0,-0.0,-0.0,-0.0,-0.0
4,4,loading,1.625,ec3762f0f2ab6397ff1fe3eb3785f552c035c2ba6e3830525621c3664d2f753f,3234,75.0,39.0,interior,-0.0,-0.0,-0.0,-0.0,-0.0,-0.0
4,4,loading,1.625,ec3762f0f2ab6397ff1fe3eb3785f552c035c2ba6e3830525621c3664d2f753f,3235,76.0,39.0,interior,-0.0,-0.0,-0.0,-0.0,-0.0,-0.0
4,4,loading,1.625,ec3762f0f2ab6397ff1fe3eb3785f552c035c2ba6e3830525621c3664d2f753f,3236,77.0,39.0,interior,-0.0,-0.0,-0.0,-0.0,-0.0,-0.0
4,4,loading,1.625,ec3762f0f2ab6397ff1fe3eb3785f552c035c2ba6e3830525621c3664d2f753f,3237,78.0,39.0,interior,-0.0,-0.0,-0.0,-0.0,-0.0,-0.0
4,4,loading,1.625,ec3762f0f2ab6397ff1fe3eb3785f552c035c2ba6e3830525621c3664d2f753f,3238,79.0,39.0,physical_only,-8.230078525531233e-08,8.237981066653666e-10,-1.6522832860812625e-07,8.100862913209083e-08,8.292754335281392e-08,-8.018483102542647e-08
4,4,loading,1.625,ec3762f0f2ab6397ff1fe3eb3785f552c035c2ba6e3830525621c3664d2f753f,3303,63.0,40.0,physical_and_cut,-3.497885382425343e-06,-6.410128807156166e-07,-2.5303918625788393e-06,-1.1732093744493507e-06,-9.67493519846503e-07,5.321964937337342e-07
4,4,loading,1.625,ec3762f0f2ab6397ff1fe3eb3785f552c035c2ba6e3830525621c3664d2f753f,3304,64.0,40.0,cut_only,-0.0,-0.0,-0.0,-0.0,-0.0,-0.0
4,4,loading,1.625,ec3762f0f2ab6397ff1fe3eb3785f552c035c2ba6e3830525621c3664d2f753f,3305,65.0,40.0,cut_only,-0.0,-0.0,-0.0,-0.0,-0.0,-0.0
4,4,loading,1.625,ec3762f0f2ab6397ff1fe3eb3785f552c035c2ba6e3830525621c3664d2f753f,3306,66.0,40.0,cut_only,-0.0,-0.0,-0.0,-0.0,-0.0,-0.0
4,4,loading,1.625,ec3762f0f2ab6397ff1fe3eb3785f552c035c2ba6e3830525621c3664d2f753f,3307,67.0,40.0,cut_only,-0.0,-0.0,-0.0,-0.0,-0.0,-0.0
4,4,loading,1.625,ec3762f0f2ab6397ff1fe3eb3785f552c035c2ba6e3830525621c3664d2f753f,3308,68.0,40.0,cut_only,-0.0,-0.0,-0.0,-0.0,-0.0,-0.0
4,4,loading,1.625,ec3762f0f2ab6397ff1fe3eb3785f552c035c2ba6e3830525621c3664d2f753f,3309,69.0,40.0,cut_only,-0.0,-0.0,-0.0,-0.0,-0.0,-0.0
4,4,loading,1.625,ec3762f0f2ab6397ff1fe3eb3785f552c035c2ba6e3830525621c3664d2f753f,3310,70.0,40.0,cut_only,-0.0,-0.0,-0.0,-0.0,-0.0,-0.0
4,4,loading,1.625,ec3762f0f2ab6397ff1fe3eb3785f552c035c2ba6e3830525621c3664d2f753f,3311,71.0,40.0,cut_only,-0.0,-0.0,-0.0,-0.0,-0.0,-0.0
4,4,loading,1.625,ec3762f0f2ab6397ff1fe3eb3785f552c035c2ba6e3830525621c3664d2f753f,3312,72.0,40.0,cut_only,-0.0,-0.0,-0.0,-0.0,-0.0,-0.0
4,4,loading,1.625,ec3762f0f2ab6397ff1fe3eb3785f552c035c2ba6e3830525621c3664d2f753f,3313,73.0,40.0,cut_only,-0.0,-0.0,-0.0,-0.0,-0.0,-0.0
4,4,loading,1.625,ec3762f0f2ab6397ff1fe3eb3785f552c035c2ba6e3830525621c3664d2f753f,3314,74.0,40.0,cut_only,-0.0,-0.0,-0.0,-0.0,-0.0,-0.0
4,4,loading,1.625,ec3762f0f2ab6397ff1fe3eb3785f552c035c2ba6e3830525621c3664d2f753f,3315,75.0,40.0,cut_only,-0.0,-0.0,-0.0,-0.0,-0.0,-0.0
4,4,loading,1.625,ec3762f0f2ab6397ff1fe3eb3785f552c035c2ba6e3830525621c3664d2f753f,3316,76.0,40.0,cut_only,-0.0,-0.0,-0.0,-0.0,-0.0,-0.0
4,4,loading,1.625,ec3762f0f2ab6397ff1fe3eb3785f552c035c2ba6e3830525621c3664d2f753f,3317,77.0,40.0,cut_only,-0.0,-0.0,-0.0,-0.0,-0.0,-0.0
4,4,loading,1.625,ec3762f0f2ab6397ff1fe3eb3785f552c035c2ba6e3830525621c3664d2f753f,3318,78.0,40.0,cut_only,-0.0,-0.0,-0.0,-0.0,-0.0,-0.0
4,4,loading,1.625,ec3762f0f2ab6397ff1fe3eb3785f552c035c2ba6e3830525621c3664d2f753f,3319,79.0,40.0,physical_and_cut,-4.108231882986868e-08,-2.5162407930352482e-05,-8.23023436719599e-08,7.418398269786563e-08,4.122002484209122e-08,-2.5236591913050346e-05
5,4,loading,1.6875,ddc5e538d8659425c514936257e5f1b7b58624b6f12e0ab8215d8289a47b8125,2655,63.0,32.0,physical_only,-0.00032824276705416174,-0.00014042631674116837,-7.773735684317983e-06,7.5976632269650334e-06,-0.0003204690313698438,-0.00014802397996813336
5,4,loading,1.6875,ddc5e538d8659425c514936257e5f1b7b58624b6f12e0ab8215d8289a47b8125,2656,64.0,32.0,physical_only,2.1947302695507086e-06,-7.585174450523816e-05,-4.628134281959353e-06,8.308967057732886e-06,6.822864551510064e-06,-8.41607115629711e-05
5,4,loading,1.6875,ddc5e538d8659425c514936257e5f1b7b58624b6f12e0ab8215d8289a47b8125,2657,65.0,32.0,physical_only,3.5637189507937078e-06,-0.00010129179460266431,-4.750295449694543e-06,1.0439819078574095e-05,8.31401440048825e-06,-0.00011173161368123837
5,4,loading,1.6875,ddc5e538d8659425c514936257e5f1b7b58624b6f12e0ab8215d8289a47b8125,2658,66.0,32.0,physical_only,3.310770330502905e-06,-0.00013208530835594418,-4.885728627328694e-06,1.3016695630917364e-05,8.196498957831602e-06,-0.0001451020039868615
5,4,loading,1.6875,ddc5e538d8659425c514936257e5f1b7b58624b6f12e0ab8215d8289a47b8125,2659,67.0,32.0,physical_only,2.4619828028571723e-06,-0.0001677912139267533,-5.0329232998977826e-06,1.6134691415147617e-05,7.494906102754954e-06,-0.000183925905341901
5,4,loading,1.6875,ddc5e538d8659425c514936257e5f1b7b58624b6f12e0ab8215d8289a47b8125,2660,68.0,32.0,physical_only,3.440478099833704e-06,-0.00021134225896991116,-5.193645024808657e-06,1.9920776040912818e-05,8.634123124642357e-06,-0.000231263035010824
5,4,loading,1.6875,ddc5e538d8659425c514936257e5f1b7b58624b6f12e0ab8215d8289a47b8125,2661,69.0,32.0,physical_only,4.307121217786823e-06,-0.00026558051613359427,-5.372791147643506e-06,2.4555587857194392e-05,9.679912365430323e-06,-0.0002901361039907885
5,4,loading,1.6875,ddc5e538d8659425c514936257e5f1b7b58624b6f12e0ab8215d8289a47b8125,2662,70.0,32.0,physical_only,5.208835549282156e-06,-0.0003311006628526668,-5.5783698602892696e-06,3.0302716627665875e-05,1.0787205409571436e-05,-0.00036140337948033273
5,4,loading,1.6875,ddc5e538d8659425c514936257e5f1b7b58624b6f12e0ab8215d8289a47b8125,2663,71.0,32.0,physical_only,6.2341582605813655e-06,-0.00040956105904673616,-5.821320778430137e-06,3.755307385778832e-05,1.2055479039011508e-05,-0.00044711413290452417
5,4,loading,1.6875,ddc5e538d8659425c514936257e5f1b7b58624b6f12e0ab8215d8289a47b8125,2664,72.0,32.0,physical_only,7.655679640131602e-06,-0.0005027676863431411,-6.118143587660982e-06,4.690610614154891e-05,1.377382322779258e-05,-0.0005496737924846899
5,4,loading,1.6875,ddc5e538d8659425c514936257e5f1b7b58624b6f12e0ab8215d8289a47b8125,2665,73.0,32.0,physical_only,9.598594192599433e-06,-0.0006113731067692849,-6.494199664397195e-06,5.9319193787365e-05,1.6092793856996627e-05,-0.00067069230055665
5,4,loading,1.6875,ddc5e538d8659425c514936257e5f1b7b58624b6f12e0ab8215d8289a47b8125,2666,74.0,32.0,physical_only,1.790002883242004e-05,-0.0007403717952190235,-6.993863737498443e-06,7.641732502525423e-05,2.4893892569918455e-05,-0.0008167891202442777
5,4,loading,1.6875,ddc5e538d8659425c514936257e5f1b7b58624b6f12e0ab8215d8289a47b8125,2667,75.0,32.0,physical_only,3.2277402004572496e-05,-0.0009041786361344136,-7.702613647696295e-06,0.00010120966657572382,3.9980015652268795e-05,-0.0010053883027101376
5,4,loading,1.6875,ddc5e538d8659425c514936257e5f1b7b58624b6f12e0ab8215d8289a47b8125,2668,76.0,32.0,physical_only,4.8953323678537956e-05,-0.0011140989638248333,-8.796879977404846e-06,0.00013993517773038737,5.77502036559428e-05,-0.00125403414155522
5,4,loading,1.6875,ddc5e538d8659425c514936257e5f1b7b58624b6f12e0ab8215d8289a47b8125,2669,77.0,32.0,physical_only,5.9445596317856704e-05,-0.001347280578776755,-1.0677492671902238e-05,0.00020758257046306025,7.012308898975893e-05,-0.001554863149239815
5,4,loading,1.6875,ddc5e538d8659425c514936257e5f1b7b58624b6f12e0ab8215d8289a47b8125,2670,78.0,32.0,physical_only,6.811316938003486e-05,-0.0013968202086645284,-1.4394799068126552e-05,0.00034844434097448454,8.250796844816146e-05,-0.001745264549639013
5,4,loading,1.6875,ddc5e538d8659425c514936257e5f1b7b58624b6f12e0ab8215d8289a47b8125,2671,79.0,32.0,physical_only,-0.0005193794639403098,0.011300237287395532,-0.00011650714363975848,0.0012763971251219517,-0.0004028723203005514,0.010023840162273579
5,4,loading,1.6875,ddc5e538d8659425c514936257e5f1b7b58624b6f12e0ab8215d8289a47b8125,2736,63.0,33.0,physical_only,-8.188194435779902e-06,5.507611819303043e-08,-3.953485503860886e-06,4.5755377536612914e-08,-4.234708931919019e-06,9.320740656417835e-09
5,4,loading,1.6875,ddc5e538d8659425c514936257e5f1b7b58624b6f12e0ab8215d8289a47b8125,2737,64.0,33.0,interior,-0.0,-0.0,-0.0,-0.0,-0.0,-0.0
5,4,loading,1.6875,ddc5e538d8659425c514936257e5f1b7b58624b6f12e0ab8215d8289a47b8125,2738,65.0,33.0,interior,-0.0,-0.0,-0.0,-0.0,-0.0,-0.0
5,4,loading,1.6875,ddc5e538d8659425c514936257e5f1b7b58624b6f12e0ab8215d8289a47b8125,2739,66.0,33.0,interior,-0.0,-0.0,-0.0,-0.0,-0.0,-0.0
5,4,loading,1.6875,ddc5e538d8659425c514936257e5f1b7b58624b6f12e0ab8215d8289a47b8125,2740,67.0,33.0,interior,-0.0,-0.0,-0.0,-0.0,-0.0,-0.0
5,4,loading,1.6875,ddc5e538d8659425c514936257e5f1b7b58624b6f12e0ab8215d8289a47b8125,2741,68.0,33.0,interior,-0.0,-0.0,-0.0,-0.0,-0.0,-0.0
5,4,loading,1.6875,ddc5e538d8659425c514936257e5f1b7b58624b6f12e0ab8215d8289a47b8125,2742,69.0,33.0,interior,-0.0,-0.0,-0.0,-0.0,-0.0,-0.0
5,4,loading,1.6875,ddc5e538d8659425c514936257e5f1b7b58624b6f12e0ab8215d8289a47b8125,2743,70.0,33.0,interior,-0.0,-0.0,-0.0,-0.0,-0.0,-0.0
5,4,loading,1.6875,ddc5e538d8659425c514936257e5f1b7b58624b6f12e0ab8215d8289a47b8125,2744,71.0,33.0,interior,-0.0,-0.0,-0.0,-0.0,-0.0,-0.0
5,4,loading,1.6875,ddc5e538d8659425c514936257e5f1b7b58624b6f12e0ab8215d8289a47b8125,2745,72.0,33.0,interior,-0.0,-0.0,-0.0,-0.0,-0.0,-0.0
5,4,loading,1.6875,ddc5e538d8659425c514936257e5f1b7b58624b6f12e0ab8215d8289a47b8125,2746,73.0,33.0,interior,-0.0,-0.0,-0.0,-0.0,-0.0,-0.0
5,4,loading,1.6875,ddc5e538d8659425c514936257e5f1b7b58624b6f12e0ab8215d8289a47b8125,2747,74.0,33.0,interior,-0.0,-0.0,-0.0,-0.0,-0.0,-0.0
5,4,loading,1.6875,ddc5e538d8659425c514936257e5f1b7b58624b6f12e0ab8215d8289a47b8125,2748,75.0,33.0,interior,-0.0,-0.0,-0.0,-0.0,-0.0,-0.0
5,4,loading,1.6875,ddc5e538d8659425c514936257e5f1b7b58624b6f12e0ab8215d8289a47b8125,2749,76.0,33.0,interior,-0.0,-0.0,-0.0,-0.0,-0.0,-0.0
5,4,loading,1.6875,ddc5e538d8659425c514936257e5f1b7b58624b6f12e0ab8215d8289a47b8125,2750,77.0,33.0,interior,-0.0,-0.0,-0.0,-0.0,-0.0,-0.0
5,4,loading,1.6875,ddc5e538d8659425c514936257e5f1b7b58624b6f12e0ab8215d8289a47b8125,2751,78.0,33.0,interior,-0.0,-0.0,-0.0,-0.0,-0.0,-0.0
5,4,loading,1.6875,ddc5e538d8659425c514936257e5f1b7b58624b6f12e0ab8215d8289a47b8125,2752,79.0,33.0,physical_only,-9.152195846138723e-08,6.256462759384607e-09,-2.0340972669475146e-07,5.969811228417585e-07,1.1188776823336418e-07,-5.907246600823742e-07
5,4,loading,1.6875,ddc5e538d8659425c514936257e5f1b7b58624b6f12e0ab8215d8289a47b8125,2817,63.0,34.0,physical_only,-7.547482093561454e-06,2.463198990242166e-07,-4.2872541306703985e-06,4.112859992693208e-08,-3.260227962891056e-06,2.0519129909728433e-07
5,4,loading,1.6875,ddc5e538d8659425c514936257e5f1b7b58624b6f12e0ab8215d8289a47b8125,2818,64.0,34.0,interior,-0.0,-0.0,-0.0,-0.0,-0.0,-0.0
5,4,loading,1.6875,ddc5e538d8659425c514936257e5f1b7b58624b6f12e0ab8215d8289a47b8125,2819,65.0,34.0,interior,-0.0,-0.0,-0.0,-0.0,-0.0,-0.0
5,4,loading,1.6875,ddc5e538d8659425c514936257e5f1b7b58624b6f12e0ab8215d8289a47b8125,2820,66.0,34.0,interior,-0.0,-0.0,-0.0,-0.0,-0.0,-0.0
5,4,loading,1.6875,ddc5e538d8659425c514936257e5f1b7b58624b6f12e0ab8215d8289a47b8125,2821,67.0,34.0,interior,-0.0,-0.0,-0.0,-0.0,-0.0,-0.0
5,4,loading,1.6875,ddc5e538d8659425c514936257e5f1b7b58624b6f12e0ab8215d8289a47b8125,2822,68.0,34.0,interior,-0.0,-0.0,-0.0,-0.0,-0.0,-0.0
5,4,loading,1.6875,ddc5e538d8659425c514936257e5f1b7b58624b6f12e0ab8215d8289a47b8125,2823,69.0,34.0,interior,-0.0,-0.0,-0.0,-0.0,-0.0,-0.0
5,4,loading,1.6875,ddc5e538d8659425c514936257e5f1b7b58624b6f12e0ab8215d8289a47b8125,2824,70.0,34.0,interior,-0.0,-0.0,-0.0,-0.0,-0.0,-0.0
5,4,loading,1.6875,ddc5e538d8659425c514936257e5f1b7b58624b6f12e0ab8215d8289a47b8125,2825,71.0,34.0,interior,-0.0,-0.0,-0.0,-0.0,-0.0,-0.0
5,4,loading,1.6875,ddc5e538d8659425c514936257e5f1b7b58624b6f12e0ab8215d8289a47b8125,2826,72.0,34.0,interior,-0.0,-0.0,-0.0,-0.0,-0.0,-0.0
5,4,loading,1.6875,ddc5e538d8659425c514936257e5f1b7b58624b6f12e0ab8215d8289a47b8125,2827,73.0,34.0,interior,-0.0,-0.0,-0.0,-0.0,-0.0,-0.0
5,4,loading,1.6875,ddc5e538d8659425c514936257e5f1b7b58624b6f12e0ab8215d8289a47b8125,2828,74.0,34.0,interior,-0.0,-0.0,-0.0,-0.0,-0.0,-0.0
5,4,loading,1.6875,ddc5e538d8659425c514936257e5f1b7b58624b6f12e0ab8215d8289a47b8125,2829,75.0,34.0,interior,-0.0,-0.0,-0.0,-0.0,-0.0,-0.0
5,4,loading,1.6875,ddc5e538d8659425c514936257e5f1b7b58624b6f12e0ab8215d8289a47b8125,2830,76.0,34.0,interior,-0.0,-0.0,-0.0,-0.0,-0.0,-0.0
5,4,loading,1.6875,ddc5e538d8659425c514936257e5f1b7b58624b6f12e0ab8215d8289a47b8125,2831,77.0,34.0,interior,-0.0,-0.0,-0.0,-0.0,-0.0,-0.0
5,4,loading,1.6875,ddc5e538d8659425c514936257e5f1b7b58624b6f12e0ab8215d8289a47b8125,2832,78.0,34.0,interior,-0.0,-0.0,-0.0,-0.0,-0.0,-0.0
5,4,loading,1.6875,ddc5e538d8659425c514936257e5f1b7b58624b6f12e0ab8215d8289a47b8125,2833,79.0,34.0,physical_only,-8.965461866898782e-08,5.2926909090435215e-09,-1.944518929114303e-07,5.084967050051079e-07,1.0479727424244253e-07,-5.032040140960646e-07
5,4,loading,1.6875,ddc5e538d8659425c514936257e5f1b7b58624b6f12e0ab8215d8289a47b8125,2898,63.0,35.0,physical_only,-7.250784103999304e-06,3.85993194596796e-07,-4.5643081411087415e-06,3.8729423675131477e-08,-2.6864759628905614e-06,3.472637709216645e-07
5,4,loading,1.6875,ddc5e538d8659425c514936257e5f1b7b58624b6f12e0ab8215d8289a47b8125,2899,64.0,35.0,interior,-0.0,-0.0,-0.0,-0.0,-0.0,-0.0
5,4,loading,1.6875,ddc5e538d8659425c514936257e5f1b7b58624b6f12e0ab8215d8289a47b8125,2900,65.0,35.0,interior,-0.0,-0.0,-0.0,-0.0,-0.0,-0.0
5,4,loading,1.6875,ddc5e538d8659425c514936257e5f1b7b58624b6f12e0ab8215d8289a47b8125,2901,66.0,35.0,interior,-0.0,-0.0,-0.0,-0.0,-0.0,-0.0
5,4,loading,1.6875,ddc5e538d8659425c514936257e5f1b7b58624b6f12e0ab8215d8289a47b8125,2902,67.0,35.0,interior,-0.0,-0.0,-0.0,-0.0,-0.0,-0.0
5,4,loading,1.6875,ddc5e538d8659425c514936257e5f1b7b58624b6f12e0ab8215d8289a47b8125,2903,68.0,35.0,interior,-0.0,-0.0,-0.0,-0.0,-0.0,-0.0
5,4,loading,1.6875,ddc5e538d8659425c514936257e5f1b7b58624b6f12e0ab8215d8289a47b8125,2904,69.0,35.0,interior,-0.0,-0.0,-0.0,-0.0,-0.0,-0.0
5,4,loading,1.6875,ddc5e538d8659425c514936257e5f1b7b58624b6f12e0ab8215d8289a47b8125,2905,70.0,35.0,interior,-0.0,-0.0,-0.0,-0.0,-0.0,-0.0
5,4,loading,1.6875,ddc5e538d8659425c514936257e5f1b7b58624b6f12e0ab8215d8289a47b8125,2906,71.0,35.0,interior,-0.0,-0.0,-0.0,-0.0,-0.0,-0.0
5,4,loading,1.6875,ddc5e538d8659425c514936257e5f1b7b58624b6f12e0ab8215d8289a47b8125,2907,72.0,35.0,interior,-0.0,-0.0,-0.0,-0.0,-0.0,-0.0
5,4,loading,1.6875,ddc5e538d8659425c514936257e5f1b7b58624b6f12e0ab8215d8289a47b8125,2908,73.0,35.0,interior,-0.0,-0.0,-0.0,-0.0,-0.0,-0.0
5,4,loading,1.6875,ddc5e538d8659425c514936257e5f1b7b58624b6f12e0ab8215d8289a47b8125,2909,74.0,35.0,interior,-0.0,-0.0,-0.0,-0.0,-0.0,-0.0
5,4,loading,1.6875,ddc5e538d8659425c514936257e5f1b7b58624b6f12e0ab8215d8289a47b8125,2910,75.0,35.0,interior,-0.0,-0.0,-0.0,-0.0,-0.0,-0.0
5,4,loading,1.6875,ddc5e538d8659425c514936257e5f1b7b58624b6f12e0ab8215d8289a47b8125,2911,76.0,35.0,interior,-0.0,-0.0,-0.0,-0.0,-0.0,-0.0
5,4,loading,1.6875,ddc5e538d8659425c514936257e5f1b7b58624b6f12e0ab8215d8289a47b8125,2912,77.0,35.0,interior,-0.0,-0.0,-0.0,-0.0,-0.0,-0.0
5,4,loading,1.6875,ddc5e538d8659425c514936257e5f1b7b58624b6f12e0ab8215d8289a47b8125,2913,78.0,35.0,interior,-0.0,-0.0,-0.0,-0.0,-0.0,-0.0
5,4,loading,1.6875,ddc5e538d8659425c514936257e5f1b7b58624b6f12e0ab8215d8289a47b8125,2914,79.0,35.0,physical_only,-8.808567112344172e-08,4.3615017468741726e-09,-1.870048764301527e-07,4.214921233227704e-07,9.891920530671102e-08,-4.171306215758958e-07
5,4,loading,1.6875,ddc5e538d8659425c514936257e5f1b7b58624b6f12e0ab8215d8289a47b8125,2979,63.0,36.0,physical_only,-7.162916990131702e-06,4.221919292097775e-07,-4.789759442771056e-06,3.578843726109179e-08,-2.373157547360648e-06,3.8640349194868567e-07
5,4,loading,1.6875,ddc5e538d8659425c514936257e5f1b7b58624b6f12e0ab8215d8289a47b8125,2980,64.0,36.0,interior,-0.0,-0.0,-0.0,-0.0,-0.0,-0.0
5,4,loading,1.6875,ddc5e538d8659425c514936257e5f1b7b58624b6f12e0ab8215d8289a47b8125,2981,65.0,36.0,interior,-0.0,-0.0,-0.0,-0.0,-0.0,-0.0
5,4,loading,1.6875,ddc5e538d8659425c514936257e5f1b7b58624b6f12e0ab8215d8289a47b8125,2982,66.0,36.0,interior,-0.0,-0.0,-0.0,-0.0,-0.0,-0.0
5,4,loading,1.6875,ddc5e538d8659425c514936257e5f1b7b58624b6f12e0ab8215d8289a47b8125,2983,67.0,36.0,interior,-0.0,-0.0,-0.0,-0.0,-0.0,-0.0
5,4,loading,1.6875,ddc5e538d8659425c514936257e5f1b7b58624b6f12e0ab8215d8289a47b8125,2984,68.0,36.0,interior,-0.0,-0.0,-0.0,-0.0,-0.0,-0.0
5,4,loading,1.6875,ddc5e538d8659425c514936257e5f1b7b58624b6f12e0ab8215d8289a47b8125,2985,69.0,36.0,interior,-0.0,-0.0,-0.0,-0.0,-0.0,-0.0
5,4,loading,1.6875,ddc5e538d8659425c514936257e5f1b7b58624b6f12e0ab8215d8289a47b8125,2986,70.0,36.0,interior,-0.0,-0.0,-0.0,-0.0,-0.0,-0.0
5,4,loading,1.6875,ddc5e538d8659425c514936257e5f1b7b58624b6f12e0ab8215d8289a47b8125,2987,71.0,36.0,interior,-0.0,-0.0,-0.0,-0.0,-0.0,-0.0
5,4,loading,1.6875,ddc5e538d8659425c514936257e5f1b7b58624b6f12e0ab8215d8289a47b8125,2988,72.0,36.0,interior,-0.0,-0.0,-0.0,-0.0,-0.0,-0.0
5,4,loading,1.6875,ddc5e538d8659425c514936257e5f1b7b58624b6f12e0ab8215d8289a47b8125,2989,73.0,36.0,interior,-0.0,-0.0,-0.0,-0.0,-0.0,-0.0
5,4,loading,1.6875,ddc5e538d8659425c514936257e5f1b7b58624b6f12e0ab8215d8289a47b8125,2990,74.0,36.0,interior,-0.0,-0.0,-0.0,-0.0,-0.0,-0.0
5,4,loading,1.6875,ddc5e538d8659425c514936257e5f1b7b58624b6f12e0ab8215d8289a47b8125,2991,75.0,36.0,interior,-0.0,-0.0,-0.0,-0.0,-0.0,-0.0
5,4,loading,1.6875,ddc5e538d8659425c514936257e5f1b7b58624b6f12e0ab8215d8289a47b8125,2992,76.0,36.0,interior,-0.0,-0.0,-0.0,-0.0,-0.0,-0.0
5,4,loading,1.6875,ddc5e538d8659425c514936257e5f1b7b58624b6f12e0ab8215d8289a47b8125,2993,77.0,36.0,interior,-0.0,-0.0,-0.0,-0.0,-0.0,-0.0
5,4,loading,1.6875,ddc5e538d8659425c514936257e5f1b7b58624b6f12e0ab8215d8289a47b8125,2994,78.0,36.0,interior,-0.0,-0.0,-0.0,-0.0,-0.0,-0.0
5,4,loading,1.6875,ddc5e538d8659425c514936257e5f1b7b58624b6f12e0ab8215d8289a47b8125,2995,79.0,36.0,physical_only,-8.680952377644033e-08,3.4572337635225138e-09,-1.810015620121394e-07,3.3571889828822685e-07,9.4192038235699e-08,-3.3226166452470307e-07
5,4,loading,1.6875,ddc5e538d8659425c514936257e5f1b7b58624b6f12e0ab8215d8289a47b8125,3060,63.0,37.0,physical_only,-7.1650904042065724e-06,3.7210768171875417e-07,-4.96558176496093e-06,3.0502310281987516e-08,-2.1995086392456416e-06,3.4160537143676655e-07
5,4,loading,1.6875,ddc5e538d8659425c514936257e5f1b7b58624b6f12e0ab8215d8289a47b8125,3061,64.0,37.0,interior,-0.0,-0.0,-0.0,-0.0,-0.0,-0.0
5,4,loading,1.6875,ddc5e538d8659425c514936257e5f1b7b58624b6f12e0ab8215d8289a47b8125,3062,65.0,37.0,interior,-0.0,-0.0,-0.0,-0.0,-0.0,-0.0
5,4,loading,1.6875,ddc5e538d8659425c514936257e5f1b7b58624b6f12e0ab8215d8289a47b8125,3063,66.0,37.0,interior,-0.0,-0.0,-0.0,-0.0,-0.0,-0.0
5,4,loading,1.6875,ddc5e538d8659425c514936257e5f1b7b58624b6f12e0ab8215d8289a47b8125,3064,67.0,37.0,interior,-0.0,-0.0,-0.0,-0.0,-0.0,-0.0
5,4,loading,1.6875,ddc5e538d8659425c514936257e5f1b7b58624b6f12e0ab8215d8289a47b8125,3065,68.0,37.0,interior,-0.0,-0.0,-0.0,-0.0,-0.0,-0.0
5,4,loading,1.6875,ddc5e538d8659425c514936257e5f1b7b58624b6f12e0ab8215d8289a47b8125,3066,69.0,37.0,interior,-0.0,-0.0,-0.0,-0.0,-0.0,-0.0
5,4,loading,1.6875,ddc5e538d8659425c514936257e5f1b7b58624b6f12e0ab8215d8289a47b8125,3067,70.0,37.0,interior,-0.0,-0.0,-0.0,-0.0,-0.0,-0.0
5,4,loading,1.6875,ddc5e538d8659425c514936257e5f1b7b58624b6f12e0ab8215d8289a47b8125,3068,71.0,37.0,interior,-0.0,-0.0,-0.0,-0.0,-0.0,-0.0
5,4,loading,1.6875,ddc5e538d8659425c514936257e5f1b7b58624b6f12e0ab8215d8289a47b8125,3069,72.0,37.0,interior,-0.0,-0.0,-0.0,-0.0,-0.0,-0.0
5,4,loading,1.6875,ddc5e538d8659425c514936257e5f1b7b58624b6f12e0ab8215d8289a47b8125,3070,73.0,37.0,interior,-0.0,-0.0,-0.0,-0.0,-0.0,-0.0
5,4,loading,1.6875,ddc5e538d8659425c514936257e5f1b7b58624b6f12e0ab8215d8289a47b8125,3071,74.0,37.0,interior,-0.0,-0.0,-0.0,-0.0,-0.0,-0.0
5,4,loading,1.6875,ddc5e538d8659425c514936257e5f1b7b58624b6f12e0ab8215d8289a47b8125,3072,75.0,37.0,interior,-0.0,-0.0,-0.0,-0.0,-0.0,-0.0
5,4,loading,1.6875,ddc5e538d8659425c514936257e5f1b7b58624b6f12e0ab8215d8289a47b8125,3073,76.0,37.0,interior,-0.0,-0.0,-0.0,-0.0,-0.0,-0.0
5,4,loading,1.6875,ddc5e538d8659425c514936257e5f1b7b58624b6f12e0ab8215d8289a47b8125,3074,77.0,37.0,interior,-0.0,-0.0,-0.0,-0.0,-0.0,-0.0
5,4,loading,1.6875,ddc5e538d8659425c514936257e5f1b7b58624b6f12e0ab8215d8289a47b8125,3075,78.0,37.0,interior,-0.0,-0.0,-0.0,-0.0,-0.0,-0.0
5,4,loading,1.6875,ddc5e538d8659425c514936257e5f1b7b58624b6f12e0ab8215d8289a47b8125,3076,79.0,37.0,physical_only,-8.582163537423285e-08,2.5743497060271632e-09,-1.7638773773296543e-07,2.509294917985733e-07,9.056610235873258e-08,-2.483551420925478e-07
5,4,loading,1.6875,ddc5e538d8659425c514936257e5f1b7b58624b6f12e0ab8215d8289a47b8125,3141,63.0,38.0,physical_only,-7.190280746968613e-06,2.6718878595043554e-07,-5.091872050699572e-06,2.2360124473844176e-08,-2.0984086962690417e-06,2.448286614765914e-07
5,4,loading,1.6875,ddc5e538d8659425c514936257e5f1b7b58624b6f12e0ab8215d8289a47b8125,3142,64.0,38.0,interior,-0.0,-0.0,-0.0,-0.0,-0.0,-0.0
5,4,loading,1.6875,ddc5e538d8659425c514936257e5f1b7b58624b6f12e0ab8215d8289a47b8125,3143,65.0,38.0,interior,-0.0,-0.0,-0.0,-0.0,-0.0,-0.0
5,4,loading,1.6875,ddc5e538d8659425c514936257e5f1b7b58624b6f12e0ab8215d8289a47b8125,3144,66.0,38.0,interior,-0.0,-0.0,-0.0,-0.0,-0.0,-0.0
5,4,loading,1.6875,ddc5e538d8659425c514936257e5f1b7b58624b6f12e0ab8215d8289a47b8125,3145,67.0,38.0,interior,-0.0,-0.0,-0.0,-0.0,-0.0,-0.0
5,4,loading,1.6875,ddc5e538d8659425c514936257e5f1b7b58624b6f12e0ab8215d8289a47b8125,3146,68.0,38.0,interior,-0.0,-0.0,-0.0,-0.0,-0.0,-0.0
5,4,loading,1.6875,ddc5e538d8659425c514936257e5f1b7b58624b6f12e0ab8215d8289a47b8125,3147,69.0,38.0,interior,-0.0,-0.0,-0.0,-0.0,-0.0,-0.0
5,4,loading,1.6875,ddc5e538d8659425c514936257e5f1b7b58624b6f12e0ab8215d8289a47b8125,3148,70.0,38.0,interior,-0.0,-0.0,-0.0,-0.0,-0.0,-0.0
5,4,loading,1.6875,ddc5e538d8659425c514936257e5f1b7b58624b6f12e0ab8215d8289a47b8125,3149,71.0,38.0,interior,-0.0,-0.0,-0.0,-0.0,-0.0,-0.0
5,4,loading,1.6875,ddc5e538d8659425c514936257e5f1b7b58624b6f12e0ab8215d8289a47b8125,3150,72.0,38.0,interior,-0.0,-0.0,-0.0,-0.0,-0.0,-0.0
5,4,loading,1.6875,ddc5e538d8659425c514936257e5f1b7b58624b6f12e0ab8215d8289a47b8125,3151,73.0,38.0,interior,-0.0,-0.0,-0.0,-0.0,-0.0,-0.0
5,4,loading,1.6875,ddc5e538d8659425c514936257e5f1b7b58624b6f12e0ab8215d8289a47b8125,3152,74.0,38.0,interior,-0.0,-0.0,-0.0,-0.0,-0.0,-0.0
5,4,loading,1.6875,ddc5e538d8659425c514936257e5f1b7b58624b6f12e0ab8215d8289a47b8125,3153,75.0,38.0,interior,-0.0,-0.0,-0.0,-0.0,-0.0,-0.0
5,4,loading,1.6875,ddc5e538d8659425c514936257e5f1b7b58624b6f12e0ab8215d8289a47b8125,3154,76.0,38.0,interior,-0.0,-0.0,-0.0,-0.0,-0.0,-0.0
5,4,loading,1.6875,ddc5e538d8659425c514936257e5f1b7b58624b6f12e0ab8215d8289a47b8125,3155,77.0,38.0,interior,-0.0,-0.0,-0.0,-0.0,-0.0,-0.0
5,4,loading,1.6875,ddc5e538d8659425c514936257e5f1b7b58624b6f12e0ab8215d8289a47b8125,3156,78.0,38.0,interior,-0.0,-0.0,-0.0,-0.0,-0.0,-0.0
5,4,loading,1.6875,ddc5e538d8659425c514936257e5f1b7b58624b6f12e0ab8215d8289a47b8125,3157,79.0,38.0,physical_only,-8.511849500178632e-08,1.707413522602407e-09,-1.7312167483087184e-07,1.6687718145141767e-07,8.800317982908552e-08,-1.6516976792881296e-07
5,4,loading,1.6875,ddc5e538d8659425c514936257e5f1b7b58624b6f12e0ab8215d8289a47b8125,3222,63.0,39.0,physical_only,-7.209082848817905e-06,1.372925808263929e-07,-5.168032964128626e-06,1.1837042093729009e-08,-2.041049884689278e-06,1.2545553873266367e-07
5,4,loading,1.6875,ddc5e538d8659425c514936257e5f1b7b58624b6f12e0ab8215d8289a47b8125,3223,64.0,39.0,interior,-0.0,-0.0,-0.0,-0.0,-0.0,-0.0
5,4,loading,1.6875,ddc5e538d8659425c514936257e5f1b7b58624b6f12e0ab8215d8289a47b8125,3224,65.0,39.0,interior,-0.0,-0.0,-0.0,-0.0,-0.0,-0.0
5,4,loading,1.6875,ddc5e538d8659425c514936257e5f1b7b58624b6f12e0ab8215d8289a47b8125,3225,66.0,39.0,interior,-0.0,-0.0,-0.0,-0.0,-0.0,-0.0
5,4,loading,1.6875,ddc5e538d8659425c514936257e5f1b7b58624b6f12e0ab8215d8289a47b8125,3226,67.0,39.0,interior,-0.0,-0.0,-0.0,-0.0,-0.0,-0.0
5,4,loading,1.6875,ddc5e538d8659425c514936257e5f1b7b58624b6f12e0ab8215d8289a47b8125,3227,68.0,39.0,interior,-0.0,-0.0,-0.0,-0.0,-0.0,-0.0
5,4,loading,1.6875,ddc5e538d8659425c514936257e5f1b7b58624b6f12e0ab8215d8289a47b8125,3228,69.0,39.0,interior,-0.0,-0.0,-0.0,-0.0,-0.0,-0.0
5,4,loading,1.6875,ddc5e538d8659425c514936257e5f1b7b58624b6f12e0ab8215d8289a47b8125,3229,70.0,39.0,interior,-0.0,-0.0,-0.0,-0.0,-0.0,-0.0
5,4,loading,1.6875,ddc5e538d8659425c514936257e5f1b7b58624b6f12e0ab8215d8289a47b8125,3230,71.0,39.0,interior,-0.0,-0.0,-0.0,-0.0,-0.0,-0.0
5,4,loading,1.6875,ddc5e538d8659425c514936257e5f1b7b58624b6f12e0ab8215d8289a47b8125,3231,72.0,39.0,interior,-0.0,-0.0,-0.0,-0.0,-0.0,-0.0
5,4,loading,1.6875,ddc5e538d8659425c514936257e5f1b7b58624b6f12e0ab8215d8289a47b8125,3232,73.0,39.0,interior,-0.0,-0.0,-0.0,-0.0,-0.0,-0.0
5,4,loading,1.6875,ddc5e538d8659425c514936257e5f1b7b58624b6f12e0ab8215d8289a47b8125,3233,74.0,39.0,interior,-0.0,-0.0,-0.0,-0.0,-0.0,-0.0
5,4,loading,1.6875,ddc5e538d8659425c514936257e5f1b7b58624b6f12e0ab8215d8289a47b8125,3234,75.0,39.0,interior,-0.0,-0.0,-0.0,-0.0,-0.0,-0.0
5,4,loading,1.6875,ddc5e538d8659425c514936257e5f1b7b58624b6f12e0ab8215d8289a47b8125,3235,76.0,39.0,interior,-0.0,-0.0,-0.0,-0.0,-0.0,-0.0
5,4,loading,1.6875,ddc5e538d8659425c514936257e5f1b7b58624b6f12e0ab8215d8289a47b8125,3236,77.0,39.0,interior,-0.0,-0.0,-0.0,-0.0,-0.0,-0.0
5,4,loading,1.6875,ddc5e538d8659425c514936257e5f1b7b58624b6f12e0ab8215d8289a47b8125,3237,78.0,39.0,interior,-0.0,-0.0,-0.0,-0.0,-0.0,-0.0
5,4,loading,1.6875,ddc5e538d8659425c514936257e5f1b7b58624b6f12e0ab8215d8289a47b8125,3238,79.0,39.0,physical_only,-8.469760619398667e-08,8.510660803042424e-10,-1.7117380070220687e-07,8.331589271285301e-08,8.64761945082202e-08,-8.246482663255123e-08
5,4,loading,1.6875,ddc5e538d8659425c514936257e5f1b7b58624b6f12e0ab8215d8289a47b8125,3303,63.0,40.0,physical_and_cut,-3.6076440558579777e-06,-6.182528991765389e-07,-2.596746306379996e-06,-1.206538476487691e-06,-1.0108977494779817e-06,5.88285577311152e-07
5,4,loading,1.6875,ddc5e538d8659425c514936257e5f1b7b58624b6f12e0ab8215d8289a47b8125,3304,64.0,40.0,cut_only,-0.0,-0.0,-0.0,-0.0,-0.0,-0.0
5,4,loading,1.6875,ddc5e538d8659425c514936257e5f1b7b58624b6f12e0ab8215d8289a47b8125,3305,65.0,40.0,cut_only,-0.0,-0.0,-0.0,-0.0,-0.0,-0.0
5,4,loading,1.6875,ddc5e538d8659425c514936257e5f1b7b58624b6f12e0ab8215d8289a47b8125,3306,66.0,40.0,cut_only,-0.0,-0.0,-0.0,-0.0,-0.0,-0.0
5,4,loading,1.6875,ddc5e538d8659425c514936257e5f1b7b58624b6f12e0ab8215d8289a47b8125,3307,67.0,40.0,cut_only,-0.0,-0.0,-0.0,-0.0,-0.0,-0.0
5,4,loading,1.6875,ddc5e538d8659425c514936257e5f1b7b58624b6f12e0ab8215d8289a47b8125,3308,68.0,40.0,cut_only,-0.0,-0.0,-0.0,-0.0,-0.0,-0.0
5,4,loading,1.6875,ddc5e538d8659425c514936257e5f1b7b58624b6f12e0ab8215d8289a47b8125,3309,69.0,40.0,cut_only,-0.0,-0.0,-0.0,-0.0,-0.0,-0.0
5,4,loading,1.6875,ddc5e538d8659425c514936257e5f1b7b58624b6f12e0ab8215d8289a47b8125,3310,70.0,40.0,cut_only,-0.0,-0.0,-0.0,-0.0,-0.0,-0.0
5,4,loading,1.6875,ddc5e538d8659425c514936257e5f1b7b58624b6f12e0ab8215d8289a47b8125,3311,71.0,40.0,cut_only,-0.0,-0.0,-0.0,-0.0,-0.0,-0.0
5,4,loading,1.6875,ddc5e538d8659425c514936257e5f1b7b58624b6f12e0ab8215d8289a47b8125,3312,72.0,40.0,cut_only,-0.0,-0.0,-0.0,-0.0,-0.0,-0.0
5,4,loading,1.6875,ddc5e538d8659425c514936257e5f1b7b58624b6f12e0ab8215d8289a47b8125,3313,73.0,40.0,cut_only,-0.0,-0.0,-0.0,-0.0,-0.0,-0.0
5,4,loading,1.6875,ddc5e538d8659425c514936257e5f1b7b58624b6f12e0ab8215d8289a47b8125,3314,74.0,40.0,cut_only,-0.0,-0.0,-0.0,-0.0,-0.0,-0.0
5,4,loading,1.6875,ddc5e538d8659425c514936257e5f1b7b58624b6f12e0ab8215d8289a47b8125,3315,75.0,40.0,cut_only,-0.0,-0.0,-0.0,-0.0,-0.0,-0.0
5,4,loading,1.6875,ddc5e538d8659425c514936257e5f1b7b58624b6f12e0ab8215d8289a47b8125,3316,76.0,40.0,cut_only,-0.0,-0.0,-0.0,-0.0,-0.0,-0.0
5,4,loading,1.6875,ddc5e538d8659425c514936257e5f1b7b58624b6f12e0ab8215d8289a47b8125,3317,77.0,40.0,cut_only,-0.0,-0.0,-0.0,-0.0,-0.0,-0.0
5,4,loading,1.6875,ddc5e538d8659425c514936257e5f1b7b58624b6f12e0ab8215d8289a47b8125,3318,78.0,40.0,cut_only,-0.0,-0.0,-0.0,-0.0,-0.0,-0.0
5,4,loading,1.6875,ddc5e538d8659425c514936257e5f1b7b58624b6f12e0ab8215d8289a47b8125,3319,79.0,40.0,physical_and_cut,-4.227873780048998e-08,-2.5911394585153532e-05,-8.526323262723777e-08,7.656052216395818e-08,4.298449482674779e-08,-2.598795510731749e-05
6,4,loading,1.75,23aaaf4ce4d67a7a66e3da1dcc01eddab7c461eca575aebe811ad3575904a544,2655,63.0,32.0,physical_only,-0.00032952741287310146,-0.0001438947083996552,-8.047512159289599e-06,6.7526651139737615e-06,-0.00032147990071381186,-0.00015064737351362897
6,4,loading,1.75,23aaaf4ce4d67a7a66e3da1dcc01eddab7c461eca575aebe811ad3575904a544,2656,64.0,32.0,physical_only,2.3385182677306e-06,-8.109517765125817e-05,-4.955363818669337e-06,7.372768637914468e-06,7.293882086399934e-06,-8.846794628917268e-05
6,4,loading,1.75,23aaaf4ce4d67a7a66e3da1dcc01eddab7c461eca575aebe811ad3575904a544,2657,65.0,32.0,physical_only,3.8144611663143657e-06,-0.00010883368567003542,-5.089527490035598e-06,9.527425522618662e-06,8.903988656349966e-06,-0.00011836111119265403
6,4,loading,1.75,23aaaf4ce4d67a7a66e3da1dcc01eddab7c461eca575aebe811ad3575904a544,2658,66.0,32.0,physical_only,3.675596199205864e-06,-0.00014341366039585064,-5.2373649114293275e-06,1.2167333380111192e-05,8.912961110635192e-06,-0.0001555809937759618
6,4,loading,1.75,23aaaf4ce4d67a7a66e3da1dcc01eddab7c461eca575aebe811ad3575904a544,2659,67.0,32.0,physical_only,2.861468387271614e-06,-0.00018427723361991166,-5.397637886236665e-06,1.5393507119055702e-05,8.25910627350828e-06,-0.00019967074073896744
6,4,loading,1.75,23aaaf4ce4d67a7a66e3da1dcc01eddab7c461eca575aebe811ad3575904a544,2660,68.0,32.0,physical_only,4.0086572082962e-06,-0.00023451024495380838,-5.572681668726158e-06,1.9345483463491597e-05,9.581338877022352e-06,-0.0002538557284173001
6,4,loading,1.75,23aaaf4ce4d67a7a66e3da1dcc01eddab7c461eca575aebe811ad3575904a544,2661,69.0,32.0,physical_only,5.054075880084682e-06,-0.0002973057304831322,-5.76835721480233e-06,2.4226442808028968e-05,1.082243309488702e-05,-0.00032153217329116096
6,4,loading,1.75,23aaaf4ce4d67a7a66e3da1dcc01eddab7c461eca575aebe811ad3575904a544,2662,70.0,32.0,physical_only,6.15828503513531e-06,-0.00037346208927275387,-5.994268364646383e-06,3.033874726628659e-05,1.215255339978169e-05,-0.00040380083653904046
6,4,loading,1.75,23aaaf4ce4d67a7a66e3da1dcc01eddab7c461eca575aebe811ad3575904a544,2663,71.0,32.0,physical_only,7.4512586420800775e-06,-0.000464994595054625,-6.263849407360884e-06,3.8140194416518147e-05,1.3715108049440963e-05,-0.0005031347894711431
6,4,loading,1.75,23aaaf4ce4d67a7a66e3da1dcc01eddab7c461eca575aebe811ad3575904a544,2664,72.0,32.0,physical_only,9.3009903126734e-06,-0.0005741394012138755,-6.59778520663494e-06,4.834978336503844e-05,1.5898775519308347e-05,-0.0006224891845789142
6,4,loading,1.75,23aaaf4ce4d67a7a66e3da1dcc01eddab7c461eca575aebe811ad3575904a544,2665,73.0,32.0,physical_only,1.206729534325138e-05,-0.0007022137296232903,-7.028982064881056e-06,6.215039023688449e-05,1.9096277408132444e-05,-0.0007643641198601748
6,4,loading,1.75,23aaaf4ce4d67a7a66e3da1dcc01eddab7c461eca575aebe811ad3575904a544,2666,74.0,32.0,physical_only,2.1698654506270478e-05,-0.000855145974181246,-7.616567028055948e-06,8.162612099817804e-05,2.931522153432642e-05,-0.000936772095179424
6,4,loading,1.75,23aaaf4ce4d67a7a66e3da1dcc01eddab7c461eca575aebe811ad3575904a544,2667,75.0,32.0,physical_only,3.75603040469238e-05,-0.001047982104149572,-8.478067545156736e-06,0.00011082396472958988,4.603837159208055e-05,-0.0011588060688791629
6,4,loading,1.75,23aaaf4ce4d67a7a66e3da1dcc01eddab7c461eca575aebe811ad3575904a544,2668,76.0,32.0,physical_only,5.428834570106206e-05,-0.0012878772783408684,-9.869308474190239e-06,0.0001586908656008585,6.415765417525229e-05,-0.001446568143941727
6,4,loading,1.75,23aaaf4ce4d67a7a66e3da1dcc01eddab7c461eca575aebe811ad3575904a544,2669,77.0,32.0,physical_only,6.264465512587585e-05,-0.0015321007571645262,-1.2434810774220461e-05,0.0002489707692369827,7.507946590009631e-05,-0.0017810715264015078
6,4,loading,1.75,23aaaf4ce4d67a7a66e3da1dcc01eddab7c461eca575aebe811ad3575904a544,2670,78.0,32.0,physical_only,6.226613485481048e-05,-0.0014249846844347162,-1.8186513113156448e-05,0.00046508312742019433,8.0452647967967e-05,-0.001890067811854912
6,4,loading,1.75,23aaaf4ce4d67a7a66e3da1dcc01eddab7c461eca575aebe811ad3575904a544,2671,79.0,32.0,physical_only,-0.0008481746319014095,0.015928373249142026,-0.00037769046047420816,0.004215084701779094,-0.0004704841714272013,0.011713288547362932
6,4,loading,1.75,23aaaf4ce4d67a7a66e3da1dcc01eddab7c461eca575aebe811ad3575904a544,2736,63.0,33.0,physical_only,-8.425137258610995e-06,1.2035102257474144e-07,-4.015112641148126e-06,4.358905208404651e-08,-4.410024617462867e-06,7.676197049069482e-08
6,4,loading,1.75,23aaaf4ce4d67a7a66e3da1dcc01eddab7c461eca575aebe811ad3575904a544,2737,64.0,33.0,interior,-0.0,-0.0,-0.0,-0.0,-0.0,-0.0
6,4,loading,1.75,23aaaf4ce4d67a7a66e3da1dcc01eddab7c461eca575aebe811ad3575904a544,2738,65.0,33.0,interior,-0.0,-0.0,-0.0,-0.0,-0.0,-0.0
6,4,loading,1.75,23aaaf4ce4d67a7a66e3da1dcc01eddab7c461eca575aebe811ad3575904a544,2739,66.0,33.0,interior,-0.0,-0.0,-0.0,-0.0,-0.0,-0.0
6,4,loading,1.75,23aaaf4ce4d67a7a66e3da1dcc01eddab7c461eca575aebe811ad3575904a544,2740,67.0,33.0,interior,-0.0,-0.0,-0.0,-0.0,-0.0,-0.0
6,4,loading,1.75,23aaaf4ce4d67a7a66e3da1dcc01eddab7c461eca575aebe811ad3575904a544,2741,68.0,33.0,interior,-0.0,-0.0,-0.0,-0.0,-0.0,-0.0
6,4,loading,1.75,23aaaf4ce4d67a7a66e3da1dcc01eddab7c461eca575aebe811ad3575904a544,2742,69.0,33.0,interior,-0.0,-0.0,-0.0,-0.0,-0.0,-0.0
6,4,loading,1.75,23aaaf4ce4d67a7a66e3da1dcc01eddab7c461eca575aebe811ad3575904a544,2743,70.0,33.0,interior,-0.0,-0.0,-0.0,-0.0,-0.0,-0.0
6,4,loading,1.75,23aaaf4ce4d67a7a66e3da1dcc01eddab7c461eca575aebe811ad3575904a544,2744,71.0,33.0,interior,-0.0,-0.0,-0.0,-0.0,-0.0,-0.0
6,4,loading,1.75,23aaaf4ce4d67a7a66e3da1dcc01eddab7c461eca575aebe811ad3575904a544,2745,72.0,33.0,interior,-0.0,-0.0,-0.0,-0.0,-0.0,-0.0
6,4,loading,1.75,23aaaf4ce4d67a7a66e3da1dcc01eddab7c461eca575aebe811ad3575904a544,2746,73.0,33.0,interior,-0.0,-0.0,-0.0,-0.0,-0.0,-0.0
6,4,loading,1.75,23aaaf4ce4d67a7a66e3da1dcc01eddab7c461eca575aebe811ad3575904a544,2747,74.0,33.0,interior,-0.0,-0.0,-0.0,-0.0,-0.0,-0.0
6,4,loading,1.75,23aaaf4ce4d67a7a66e3da1dcc01eddab7c461eca575aebe811ad3575904a544,2748,75.0,33.0,interior,-0.0,-0.0,-0.0,-0.0,-0.0,-0.0
6,4,loading,1.75,23aaaf4ce4d67a7a66e3da1dcc01eddab7c461eca575aebe811ad3575904a544,2749,76.0,33.0,interior,-0.0,-0.0,-0.0,-0.0,-0.0,-0.0
6,4,loading,1.75,23aaaf4ce4d67a7a66e3da1dcc01eddab7c461eca575aebe811ad3575904a544,2750,77.0,33.0,interior,-0.0,-0.0,-0.0,-0.0,-0.0,-0.0
6,4,loading,1.75,23aaaf4ce4d67a7a66e3da1dcc01eddab7c461eca575aebe811ad3575904a544,2751,78.0,33.0,interior,-0.0,-0.0,-0.0,-0.0,-0.0,-0.0
6,4,loading,1.75,23aaaf4ce4d67a7a66e3da1dcc01eddab7c461eca575aebe811ad3575904a544,2752,79.0,33.0,physical_only,-9.174134973317401e-08,6.11640025375754e-09,-1.9797850529087935e-07,5.986399376713507e-07,1.0623715555770537e-07,-5.925235374175915e-07
6,4,loading,1.75,23aaaf4ce4d67a7a66e3da1dcc01eddab7c461eca575aebe811ad3575904a544,2817,63.0,34.0,physical_only,-7.769277286267042e-06,2.910606272175522e-07,-4.363835268825194e-06,3.981887821545734e-08,-3.405442017441848e-06,2.512417490020951e-07
6,4,loading,1.75,23aaaf4ce4d67a7a66e3da1dcc01eddab7c461eca575aebe811ad3575904a544,2818,64.0,34.0,interior,-0.0,-0.0,-0.0,-0.0,-0.0,-0.0
6,4,loading,1.75,23aaaf4ce4d67a7a66e3da1dcc01eddab7c461eca575aebe811ad3575904a544,2819,65.0,34.0,interior,-0.0,-0.0,-0.0,-0.0,-0.0,-0.0
6,4,loading,1.75,23aaaf4ce4d67a7a66e3da1dcc01eddab7c461eca575aebe811ad3575904a544,2820,66.0,34.0,interior,-0.0,-0.0,-0.0,-0.0,-0.0,-0.0
6,4,loading,1.75,23aaaf4ce4d67a7a66e3da1dcc01eddab7c461eca575aebe811ad3575904a544,2821,67.0,34.0,interior,-0.0,-0.0,-0.0,-0.0,-0.0,-0.0
6,4,loading,1.75,23aaaf4ce4d67a7a66e3da1dcc01eddab7c461eca575aebe811ad3575904a544,2822,68.0,34.0,interior,-0.0,-0.0,-0.0,-0.0,-0.0,-0.0
6,4,loading,1.75,23aaaf4ce4d67a7a66e3da1dcc01eddab7c461eca575aebe811ad3575904a544,2823,69.0,34.0,interior,-0.0,-0.0,-0.0,-0.0,-0.0,-0.0
6,4,loading,1.75,23aaaf4ce4d67a7a66e3da1dcc01eddab7c461eca575aebe811ad3575904a544,2824,70.0,34.0,interior,-0.0,-0.0,-0.0,-0.0,-0.0,-0.0
6,4,loading,1.75,23aaaf4ce4d67a7a66e3da1dcc01eddab7c461eca575aebe811ad3575904a544,2825,71.0,34.0,interior,-0.0,-0.0,-0.0,-0.0,-0.0,-0.0
6,4,loading,1.75,23aaaf4ce4d67a7a66e3da1dcc01eddab7c461eca575aebe811ad3575904a544,2826,72.0,34.0,interior,-0.0,-0.0,-0.0,-0.0,-0.0,-0.0
6,4,loading,1.75,23aaaf4ce4d67a7a66e3da1dcc01eddab7c461eca575aebe811ad3575904a544,2827,73.0,34.0,interior,-0.0,-0.0,-0.0,-0.0,-0.0,-0.0
6,4,loading,1.75,23aaaf4ce4d67a7a66e3da1dcc01eddab7c461eca575aebe811ad3575904a544,2828,74.0,34.0,interior,-0.0,-0.0,-0.0,-0.0,-0.0,-0.0
6,4,loading,1.75,23aaaf4ce4d67a7a66e3da1dcc01eddab7c461eca575aebe811ad3575904a544,2829,75.0,34.0,interior,-0.0,-0.0,-0.0,-0.0,-0.0,-0.0
6,4,loading,1.75,23aaaf4ce4d67a7a66e3da1dcc01eddab7c461eca575aebe811ad3575904a544,2830,76.0,34.0,interior,-0.0,-0.0,-0.0,-0.0,-0.0,-0.0
6,4,loading,1.75,23aaaf4ce4d67a7a66e3da1dcc01eddab7c461eca575aebe811ad3575904a544,2831,77.0,34.0,interior,-0.0,-0.0,-0.0,-0.0,-0.0,-0.0
6,4,loading,1.75,23aaaf4ce4d67a7a66e3da1dcc01eddab7c461eca575aebe811ad3575904a544,2832,78.0,34.0,interior,-0.0,-0.0,-0.0,-0.0,-0.0,-0.0
6,4,loading,1.75,23aaaf4ce4d67a7a66e3da1dcc01eddab7c461eca575aebe811ad3575904a544,2833,79.0,34.0,physical_only,-8.987097931837655e-08,5.175003129017123e-09,-1.8935624342577067e-07,5.098984633333149e-07,9.948526410739406e-08,-5.04723460204298e-07
6,4,loading,1.75,23aaaf4ce4d67a7a66e3da1dcc01eddab7c461eca575aebe811ad3575904a544,2898,63.0,35.0,physical_only,-7.4532173427519845e-06,4.1548566114624644e-07,-4.653476419163463e-06,3.7998527801802393e-08,-2.799740923588521e-06,3.7748713334444405e-07
6,4,loading,1.75,23aaaf4ce4d67a7a66e3da1dcc01eddab7c461eca575aebe811ad3575904a544,2899,64.0,35.0,interior,-0.0,-0.0,-0.0,-0.0,-0.0,-0.0
6,4,loading,1.75,23aaaf4ce4d67a7a66e3da1dcc01eddab7c461eca575aebe811ad3575904a544,2900,65.0,35.0,interior,-0.0,-0.0,-0.0,-0.0,-0.0,-0.0
6,4,loading,1.75,23aaaf4ce4d67a7a66e3da1dcc01eddab7c461eca575aebe811ad3575904a544,2901,66.0,35.0,interior,-0.0,-0.0,-0.0,-0.0,-0.0,-0.0
6,4,loading,1.75,23aaaf4ce4d67a7a66e3da1dcc01eddab7c461eca575aebe811ad3575904a544,2902,67.0,35.0,interior,-0.0,-0.0,-0.0,-0.0,-0.0,-0.0
6,4,loading,1.75,23aaaf4ce4d67a7a66e3da1dcc01eddab7c461eca575aebe811ad3575904a544,2903,68.0,35.0,interior,-0.0,-0.0,-0.0,-0.0,-0.0,-0.0
6,4,loading,1.75,23aaaf4ce4d67a7a66e3da1dcc01eddab7c461eca575aebe811ad3575904a544,2904,69.0,35.0,interior,-0.0,-0.0,-0.0,-0.0,-0.0,-0.0
6,4,loading,1.75,23aaaf4ce4d67a7a66e3da1dcc01eddab7c461eca575aebe811ad3575904a544,2905,70.0,35.0,interior,-0.0,-0.0,-0.0,-0.0,-0.0,-0.0
6,4,loading,1.75,23aaaf4ce4d67a7a66e3da1dcc01eddab7c461eca575aebe811ad3575904a544,2906,71.0,35.0,interior,-0.0,-0.0,-0.0,-0.0,-0.0,-0.0
6,4,loading,1.75,23aaaf4ce4d67a7a66e3da1dcc01eddab7c461eca575aebe811ad3575904a544,2907,72.0,35.0,interior,-0.0,-0.0,-0.0,-0.0,-0.0,-0.0
6,4,loading,1.75,23aaaf4ce4d67a7a66e3da1dcc01eddab7c461eca575aebe811ad3575904a544,2908,73.0,35.0,interior,-0.0,-0.0,-0.0,-0.0,-0.0,-0.0
6,4,loading,1.75,23aaaf4ce4d67a7a66e3da1dcc01eddab7c461eca575aebe811ad3575904a544,2909,74.0,35.0,interior,-0.0,-0.0,-0.0,-0.0,-0.0,-0.0
6,4,loading,1.75,23aaaf4ce4d67a7a66e3da1dcc01eddab7c461eca575aebe811ad3575904a544,2910,75.0,35.0,interior,-0.0,-0.0,-0.0,-0.0,-0.0,-0.0
6,4,loading,1.75,23aaaf4ce4d67a7a66e3da1dcc01eddab7c461eca575aebe811ad3575904a544,2911,76.0,35.0,interior,-0.0,-0.0,-0.0,-0.0,-0.0,-0.0
6,4,loading,1.75,23aaaf4ce4d67a7a66e3da1dcc01eddab7c461eca575aebe811ad3575904a544,2912,77.0,35.0,interior,-0.0,-0.0,-0.0,-0.0,-0.0,-0.0
6,4,loading,1.75,23aaaf4ce4d67a7a66e3da1dcc01eddab7c461eca575aebe811ad3575904a544,2913,78.0,35.0,interior,-0.0,-0.0,-0.0,-0.0,-0.0,-0.0
6,4,loading,1.75,23aaaf4ce4d67a7a66e3da1dcc01eddab7c461eca575aebe811ad3575904a544,2914,79.0,35.0,physical_only,-8.829943122842506e-08,4.265089171180274e-09,-1.821876080150256e-07,4.226463468358707e-07,9.388817678660059e-08,-4.1838125766469235e-07
6,4,loading,1.75,23aaaf4ce4d67a7a66e3da1dcc01eddab7c461eca575aebe811ad3575904a544,2979,63.0,36.0,physical_only,-7.347811354284672e-06,4.412993966314451e-07,-4.889115498536705e-06,3.5448188710987394e-08,-2.458695855747969e-06,4.058512079204575e-07
6,4,loading,1.75,23aaaf4ce4d67a7a66e3da1dcc01eddab7c461eca575aebe811ad3575904a544,2980,64.0,36.0,interior,-0.0,-0.0,-0.0,-0.0,-0.0,-0.0
6,4,loading,1.75,23aaaf4ce4d67a7a66e3da1dcc01eddab7c461eca575aebe811ad3575904a544,2981,65.0,36.0,interior,-0.0,-0.0,-0.0,-0.0,-0.0,-0.0
6,4,loading,1.75,23aaaf4ce4d67a7a66e3da1dcc01eddab7c461eca575aebe811ad3575904a544,2982,66.0,36.0,interior,-0.0,-0.0,-0.0,-0.0,-0.0,-0.0
6,4,loading,1.75,23aaaf4ce4d67a7a66e3da1dcc01eddab7c461eca575aebe811ad3575904a544,2983,67.0,36.0,interior,-0.0,-0.0,-0.0,-0.0,-0.0,-0.0
6,4,loading,1.75,23aaaf4ce4d67a7a66e3da1dcc01eddab7c461eca575aebe811ad3575904a544,2984,68.0,36.0,interior,-0.0,-0.0,-0.0,-0.0,-0.0,-0.0
6,4,loading,1.75,23aaaf4ce4d67a7a66e3da1dcc01eddab7c461eca575aebe811ad3575904a544,2985,69.0,36.0,interior,-0.0,-0.0,-0.0,-0.0,-0.0,-0.0
6,4,loading,1.75,23aaaf4ce4d67a7a66e3da1dcc01eddab7c461eca575aebe811ad3575904a544,2986,70.0,36.0,interior,-0.0,-0.0,-0.0,-0.0,-0.0,-0.0
6,4,loading,1.75,23aaaf4ce4d67a7a66e3da1dcc01eddab7c461eca575aebe811ad3575904a544,2987,71.0,36.0,interior,-0.0,-0.0,-0.0,-0.0,-0.0,-0.0
6,4,loading,1.75,23aaaf4ce4d67a7a66e3da1dcc01eddab7c461eca575aebe811ad3575904a544,2988,72.0,36.0,interior,-0.0,-0.0,-0.0,-0.0,-0.0,-0.0
6,4,loading,1.75,23aaaf4ce4d67a7a66e3da1dcc01eddab7c461eca575aebe811ad3575904a544,2989,73.0,36.0,interior,-0.0,-0.0,-0.0,-0.0,-0.0,-0.0
6,4,loading,1.75,23aaaf4ce4d67a7a66e3da1dcc01eddab7c461eca575aebe811ad3575904a544,2990,74.0,36.0,interior,-0.0,-0.0,-0.0,-0.0,-0.0,-0.0
6,4,loading,1.75,23aaaf4ce4d67a7a66e3da1dcc01eddab7c461eca575aebe811ad3575904a544,2991,75.0,36.0,interior,-0.0,-0.0,-0.0,-0.0,-0.0,-0.0
6,4,loading,1.75,23aaaf4ce4d67a7a66e3da1dcc01eddab7c461eca575aebe811ad3575904a544,2992,76.0,36.0,interior,-0.0,-0.0,-0.0,-0.0,-0.0,-0.0
6,4,loading,1.75,23aaaf4ce4d67a7a66e3da1dcc01eddab7c461eca575aebe811ad3575904a544,2993,77.0,36.0,interior,-0.0,-0.0,-0.0,-0.0,-0.0,-0.0
6,4,loading,1.75,23aaaf4ce4d67a7a66e3da1dcc01eddab7c461eca575aebe811ad3575904a544,2994,78.0,36.0,interior,-0.0,-0.0,-0.0,-0.0,-0.0,-0.0
6,4,loading,1.75,23aaaf4ce4d67a7a66e3da1dcc01eddab7c461eca575aebe811ad3575904a544,2995,79.0,36.0,physical_only,-8.702113198112284e-08,3.3811863494933995e-09,-1.7640829291875255e-07,3.366333093692301e-07,8.938716093762974e-08,-3.332521230197358e-07
6,4,loading,1.75,23aaaf4ce4d67a7a66e3da1dcc01eddab7c461eca575aebe811ad3575904a544,3060,63.0,37.0,physical_only,-7.336692074014244e-06,3.841577320015259e-07,-5.072781773492977e-06,3.040276530497075e-08,-2.2639103005212668e-06,3.5375496669655523e-07
6,4,loading,1.75,23aaaf4ce4d67a7a66e3da1dcc01eddab7c461eca575aebe811ad3575904a544,3061,64.0,37.0,interior,-0.0,-0.0,-0.0,-0.0,-0.0,-0.0
6,4,loading,1.75,23aaaf4ce4d67a7a66e3da1dcc01eddab7c461eca575aebe811ad3575904a544,3062,65.0,37.0,interior,-0.0,-0.0,-0.0,-0.0,-0.0,-0.0
6,4,loading,1.75,23aaaf4ce4d67a7a66e3da1dcc01eddab7c461eca575aebe811ad3575904a544,3063,66.0,37.0,interior,-0.0,-0.0,-0.0,-0.0,-0.0,-0.0
6,4,loading,1.75,23aaaf4ce4d67a7a66e3da1dcc01eddab7c461eca575aebe811ad3575904a544,3064,67.0,37.0,interior,-0.0,-0.0,-0.0,-0.0,-0.0,-0.0
6,4,loading,1.75,23aaaf4ce4d67a7a66e3da1dcc01eddab7c461eca575aebe811ad3575904a544,3065,68.0,37.0,interior,-0.0,-0.0,-0.0,-0.0,-0.0,-0.0
6,4,loading,1.75,23aaaf4ce4d67a7a66e3da1dcc01eddab7c461eca575aebe811ad3575904a544,3066,69.0,37.0,interior,-0.0,-0.0,-0.0,-0.0,-0.0,-0.0
6,4,loading,1.75,23aaaf4ce4d67a7a66e3da1dcc01eddab7c461eca575aebe811ad3575904a544,3067,70.0,37.0,interior,-0.0,-0.0,-0.0,-0.0,-0.0,-0.0
6,4,loading,1.75,23aaaf4ce4d67a7a66e3da1dcc01eddab7c461eca575aebe811ad3575904a544,3068,71.0,37.0,interior,-0.0,-0.0,-0.0,-0.0,-0.0,-0.0
6,4,loading,1.75,23aaaf4ce4d67a7a66e3da1dcc01eddab7c461eca575aebe811ad3575904a544,3069,72.0,37.0,interior,-0.0,-0.0,-0.0,-0.0,-0.0,-0.0
6,4,loading,1.75,23aaaf4ce4d67a7a66e3da1dcc01eddab7c461eca575aebe811ad3575904a544,3070,73.0,37.0,interior,-0.0,-0.0,-0.0,-0.0,-0.0,-0.0
6,4,loading,1.75,23aaaf4ce4d67a7a66e3da1dcc01eddab7c461eca575aebe811ad3575904a544,3071,74.0,37.0,interior,-0.0,-0.0,-0.0,-0.0,-0.0,-0.0
6,4,loading,1.75,23aaaf4ce4d67a7a66e3da1dcc01eddab7c461eca575aebe811ad3575904a544,3072,75.0,37.0,interior,-0.0,-0.0,-0.0,-0.0,-0.0,-0.0
6,4,loading,1.75,23aaaf4ce4d67a7a66e3da1dcc01eddab7c461eca575aebe811ad3575904a544,3073,76.0,37.0,interior,-0.0,-0.0,-0.0,-0.0,-0.0,-0.0
6,4,loading,1.75,23aaaf4ce4d67a7a66e3da1dcc01eddab7c461eca575aebe811ad3575904a544,3074,77.0,37.0,interior,-0.0,-0.0,-0.0,-0.0,-0.0,-0.0
6,4,loading,1.75,23aaaf4ce4d67a7a66e3da1dcc01eddab7c461eca575aebe811ad3575904a544,3075,78.0,37.0,interior,-0.0,-0.0,-0.0,-0.0,-0.0,-0.0
6,4,loading,1.75,23aaaf4ce4d67a7a66e3da1dcc01eddab7c461eca575aebe811ad3575904a544,3076,79.0,37.0,physical_only,-8.603155508149812e-08,2.5179436488813962e-09,-1.719663602315347e-07,2.5161013168668735e-07,8.59348051500366e-08,-2.490921880378064e-07
6,4,loading,1.75,23aaaf4ce4d67a7a66e3da1dcc01eddab7c461eca575aebe811ad3575904a544,3141,63.0,38.0,physical_only,-7.3529704248059925e-06,2.7427958502848415e-07,-5.204634674958753e-06,2.2374616700547093e-08,-2.1483357498472407e-06,2.5190496832793706e-07
6,4,loading,1.75,23aaaf4ce4d67a7a66e3da1dcc01eddab7c461eca575aebe811ad3575904a544,3142,64.0,38.0,interior,-0.0,-0.0,-0.0,-0.0,-0.0,-0.0
6,4,loading,1.75,23aaaf4ce4d67a7a66e3da1dcc01eddab7c461eca575aebe811ad3575904a544,3143,65.0,38.0,interior,-0.0,-0.0,-0.0,-0.0,-0.0,-0.0
6,4,loading,1.75,23aaaf4ce4d67a7a66e3da1dcc01eddab7c461eca575aebe811ad3575904a544,3144,66.0,38.0,interior,-0.0,-0.0,-0.0,-0.0,-0.0,-0.0
6,4,loading,1.75,23aaaf4ce4d67a7a66e3da1dcc01eddab7c461eca575aebe811ad3575904a544,3145,67.0,38.0,interior,-0.0,-0.0,-0.0,-0.0,-0.0,-0.0
6,4,loading,1.75,23aaaf4ce4d67a7a66e3da1dcc01eddab7c461eca575aebe811ad3575904a544,3146,68.0,38.0,interior,-0.0,-0.0,-0.0,-0.0,-0.0,-0.0
6,4,loading,1.75,23aaaf4ce4d67a7a66e3da1dcc01eddab7c461eca575aebe811ad3575904a544,3147,69.0,38.0,interior,-0.0,-0.0,-0.0,-0.0,-0.0,-0.0
6,4,loading,1.75,23aaaf4ce4d67a7a66e3da1dcc01eddab7c461eca575aebe811ad3575904a544,3148,70.0,38.0,interior,-0.0,-0.0,-0.0,-0.0,-0.0,-0.0
6,4,loading,1.75,23aaaf4ce4d67a7a66e3da1dcc01eddab7c461eca575aebe811ad3575904a544,3149,71.0,38.0,interior,-0.0,-0.0,-0.0,-0.0,-0.0,-0.0
6,4,loading,1.75,23aaaf4ce4d67a7a66e3da1dcc01eddab7c461eca575aebe811ad3575904a544,3150,72.0,38.0,interior,-0.0,-0.0,-0.0,-0.0,-0.0,-0.0
6,4,loading,1.75,23aaaf4ce4d67a7a66e3da1dcc01eddab7c461eca575aebe811ad3575904a544,3151,73.0,38.0,interior,-0.0,-0.0,-0.0,-0.0,-0.0,-0.0
6,4,loading,1.75,23aaaf4ce4d67a7a66e3da1dcc01eddab7c461eca575aebe811ad3575904a544,3152,74.0,38.0,interior,-0.0,-0.0,-0.0,-0.0,-0.0,-0.0
6,4,loading,1.75,23aaaf4ce4d67a7a66e3da1dcc01eddab7c461eca575aebe811ad3575904a544,3153,75.0,38.0,interior,-0.0,-0.0,-0.0,-0.0,-0.0,-0.0
6,4,loading,1.75,23aaaf4ce4d67a7a66e3da1dcc01eddab7c461eca575aebe811ad3575904a544,3154,76.0,38.0,interior,-0.0,-0.0,-0.0,-0.0,-0.0,-0.0
6,4,loading,1.75,23aaaf4ce4d67a7a66e3da1dcc01eddab7c461eca575aebe811ad3575904a544,3155,77.0,38.0,interior,-0.0,-0.0,-0.0,-0.0,-0.0,-0.0
6,4,loading,1.75,23aaaf4ce4d67a7a66e3da1dcc01eddab7c461eca575aebe811ad3575904a544,3156,78.0,38.0,interior,-0.0,-0.0,-0.0,-0.0,-0.0,-0.0
6,4,loading,1.75,23aaaf4ce4d67a7a66e3da1dcc01eddab7c461eca575aebe811ad3575904a544,3157,79.0,38.0,physical_only,-8.532720081794498e-08,1.6701085066941652e-09,-1.688218345632276e-07,1.6732850244078715e-07,8.349463374528262e-08,-1.656583939340945e-07
6,4,loading,1.75,23aaaf4ce4d67a7a66e3da1dcc01eddab7c461eca575aebe811ad3575904a544,3222,63.0,39.0,physical_only,-7.366758952376148e-06,1.405878254285081e-07,-5.284118994758154e-06,1.1870114201960239e-08,-2.0826399576179937e-06,1.2871771122654776e-07
6,4,loading,1.75,23aaaf4ce4d67a7a66e3da1dcc01eddab7c461eca575aebe811ad3575904a544,3223,64.0,39.0,interior,-0.0,-0.0,-0.0,-0.0,-0.0,-0.0
6,4,loading,1.75,23aaaf4ce4d67a7a66e3da1dcc01eddab7c461eca575aebe811ad3575904a544,3224,65.0,39.0,interior,-0.0,-0.0,-0.0,-0.0,-0.0,-0.0
6,4,loading,1.75,23aaaf4ce4d67a7a66e3da1dcc01eddab7c461eca575aebe811ad3575904a544,3225,66.0,39.0,interior,-0.0,-0.0,-0.0,-0.0,-0.0,-0.0
6,4,loading,1.75,23aaaf4ce4d67a7a66e3da1dcc01eddab7c461eca575aebe811ad3575904a544,3226,67.0,39.0,interior,-0.0,-0.0,-0.0,-0.0,-0.0,-0.0
6,4,loading,1.75,23aaaf4ce4d67a7a66e3da1dcc01eddab7c461eca575aebe811ad3575904a544,3227,68.0,39.0,interior,-0.0,-0.0,-0.0,-0.0,-0.0,-0.0
6,4,loading,1.75,23aaaf4ce4d67a7a66e3da1dcc01eddab7c461eca575aebe811ad3575904a544,3228,69.0,39.0,interior,-0.0,-0.0,-0.0,-0.0,-0.0,-0.0
6,4,loading,1.75,23aaaf4ce4d67a7a66e3da1dcc01eddab7c461eca575aebe811ad3575904a544,3229,70.0,39.0,interior,-0.0,-0.0,-0.0,-0.0,-0.0,-0.0
6,4,loading,1.75,23aaaf4ce4d67a7a66e3da1dcc01eddab7c461eca575aebe811ad3575904a544,3230,71.0,39.0,interior,-0.0,-0.0,-0.0,-0.0,-0.0,-0.0
6,4,loading,1.75,23aaaf4ce4d67a7a66e3da1dcc01eddab7c461eca575aebe811ad3575904a544,3231,72.0,39.0,interior,-0.0,-0.0,-0.0,-0.0,-0.0,-0.0
6,4,loading,1.75,23aaaf4ce4d67a7a66e3da1dcc01eddab7c461eca575aebe811ad3575904a544,3232,73.0,39.0,interior,-0.0,-0.0,-0.0,-0.0,-0.0,-0.0
6,4,loading,1.75,23aaaf4ce4d67a7a66e3da1dcc01eddab7c461eca575aebe811ad3575904a544,3233,74.0,39.0,interior,-0.0,-0.0,-0.0,-0.0,-0.0,-0.0
6,4,loading,1.75,23aaaf4ce4d67a7a66e3da1dcc01eddab7c461eca575aebe811ad3575904a544,3234,75.0,39.0,interior,-0.0,-0.0,-0.0,-0.0,-0.0,-0.0
6,4,loading,1.75,23aaaf4ce4d67a7a66e3da1dcc01eddab7c461eca575aebe811ad3575904a544,3235,76.0,39.0,interior,-0.0,-0.0,-0.0,-0.0,-0.0,-0.0
6,4,loading,1.75,23aaaf4ce4d67a7a66e3da1dcc01eddab7c461eca575aebe811ad3575904a544,3236,77.0,39.0,interior,-0.0,-0.0,-0.0,-0.0,-0.0,-0.0
6,4,loading,1.75,23aaaf4ce4d67a7a66e3da1dcc01eddab7c461eca575aebe811ad3575904a544,3237,78.0,39.0,interior,-0.0,-0.0,-0.0,-0.0,-0.0,-0.0
6,4,loading,1.75,23aaaf4ce4d67a7a66e3da1dcc01eddab7c461eca575aebe811ad3575904a544,3238,79.0,39.0,physical_only,-8.490558057736268e-08,8.325031289776162e-10,-1.6694638744867358e-07,8.354082594251362e-08,8.204080687131091e-08,-8.270832281353997e-08
6,4,loading,1.75,23aaaf4ce4d67a7a66e3da1dcc01eddab7c461eca575aebe811ad3575904a544,3303,63.0,40.0,physical_and_cut,-3.68567884929518e-06,-5.985933539564351e-07,-2.6553421671991755e-06,-1.2361119450749698e-06,-1.0303366820960042e-06,6.375185911185348e-07
6,4,loading,1.75,23aaaf4ce4d67a7a66e3da1dcc01eddab7c461eca575aebe811ad3575904a544,3304,64.0,40.0,cut_only,-0.0,-0.0,-0.0,-0.0,-0.0,-0.0
6,4,loading,1.75,23aaaf4ce4d67a7a66e3da1dcc01eddab7c461eca575aebe811ad3575904a544,3305,65.0,40.0,cut_only,-0.0,-0.0,-0.0,-0.0,-0.0,-0.0
6,4,loading,1.75,23aaaf4ce4d67a7a66e3da1dcc01eddab7c461eca575aebe811ad3575904a544,3306,66.0,40.0,cut_only,-0.0,-0.0,-0.0,-0.0,-0.0,-0.0
6,4,loading,1.75,23aaaf4ce4d67a7a66e3da1dcc01eddab7c461eca575aebe811ad3575904a544,3307,67.0,40.0,cut_only,-0.0,-0.0,-0.0,-0.0,-0.0,-0.0
6,4,loading,1.75,23aaaf4ce4d67a7a66e3da1dcc01eddab7c461eca575aebe811ad3575904a544,3308,68.0,40.0,cut_only,-0.0,-0.0,-0.0,-0.0,-0.0,-0.0
6,4,loading,1.75,23aaaf4ce4d67a7a66e3da1dcc01eddab7c461eca575aebe811ad3575904a544,3309,69.0,40.0,cut_only,-0.0,-0.0,-0.0,-0.0,-0.0,-0.0
6,4,loading,1.75,23aaaf4ce4d67a7a66e3da1dcc01eddab7c461eca575aebe811ad3575904a544,3310,70.0,40.0,cut_only,-0.0,-0.0,-0.0,-0.0,-0.0,-0.0
6,4,loading,1.75,23aaaf4ce4d67a7a66e3da1dcc01eddab7c461eca575aebe811ad3575904a544,3311,71.0,40.0,cut_only,-0.0,-0.0,-0.0,-0.0,-0.0,-0.0
6,4,loading,1.75,23aaaf4ce4d67a7a66e3da1dcc01eddab7c461eca575aebe811ad3575904a544,3312,72.0,40.0,cut_only,-0.0,-0.0,-0.0,-0.0,-0.0,-0.0
6,4,loading,1.75,23aaaf4ce4d67a7a66e3da1dcc01eddab7c461eca575aebe811ad3575904a544,3313,73.0,40.0,cut_only,-0.0,-0.0,-0.0,-0.0,-0.0,-0.0
6,4,loading,1.75,23aaaf4ce4d67a7a66e3da1dcc01eddab7c461eca575aebe811ad3575904a544,3314,74.0,40.0,cut_only,-0.0,-0.0,-0.0,-0.0,-0.0,-0.0
6,4,loading,1.75,23aaaf4ce4d67a7a66e3da1dcc01eddab7c461eca575aebe811ad3575904a544,3315,75.0,40.0,cut_only,-0.0,-0.0,-0.0,-0.0,-0.0,-0.0
6,4,loading,1.75,23aaaf4ce4d67a7a66e3da1dcc01eddab7c461eca575aebe811ad3575904a544,3316,76.0,40.0,cut_only,-0.0,-0.0,-0.0,-0.0,-0.0,-0.0
6,4,loading,1.75,23aaaf4ce4d67a7a66e3da1dcc01eddab7c461eca575aebe811ad3575904a544,3317,77.0,40.0,cut_only,-0.0,-0.0,-0.0,-0.0,-0.0,-0.0
6,4,loading,1.75,23aaaf4ce4d67a7a66e3da1dcc01eddab7c461eca575aebe811ad3575904a544,3318,78.0,40.0,cut_only,-0.0,-0.0,-0.0,-0.0,-0.0,-0.0
6,4,loading,1.75,23aaaf4ce4d67a7a66e3da1dcc01eddab7c461eca575aebe811ad3575904a544,3319,79.0,40.0,physical_and_cut,-4.2382602830069956e-08,-2.596856846853704e-05,-8.316155597576423e-08,7.577908379069402e-08,4.077895314569427e-08,-2.6044347552327734e-05
7,5,loading,1.775,efb0df84ad771b87311ab5e6e7f34b2072ecd7a669961a40ab0a39d3de181817,2655,63.0,32.0,physical_only,-0.0003305735983955975,-0.00014593142443296842,-8.09320551752385e-06,6.734053284853506e-06,-0.00032248039287807365,-0.00015266547771782191
7,5,loading,1.775,efb0df84ad771b87311ab5e6e7f34b2072ecd7a669961a40ab0a39d3de181817,2656,64.0,32.0,physical_only,2.2922723965273342e-06,-8.24224774067046e-05,-5.007758882977886e-06,7.358147377709036e-06,7.300031279505219e-06,-8.978062478441363e-05
7,5,loading,1.775,efb0df84ad771b87311ab5e6e7f34b2072ecd7a669961a40ab0a39d3de181817,2657,65.0,32.0,physical_only,3.829148346518612e-06,-0.00011070841347335923,-5.145201987600562e-06,9.532226823639127e-06,8.974350334119173e-06,-0.00012024064029699828
7,5,loading,1.775,efb0df84ad771b87311ab5e6e7f34b2072ecd7a669961a40ab0a39d3de181817,2658,66.0,32.0,physical_only,3.7419344843013047e-06,-0.00014614232361717335,-5.296177969939639e-06,1.2199435625398594e-05,9.03811245424094e-06,-0.00015834175924257202
7,5,loading,1.775,efb0df84ad771b87311ab5e6e7f34b2072ecd7a669961a40ab0a39d3de181817,2659,67.0,32.0,physical_only,2.922818469505302e-06,-0.00018812460142375077,-5.459644323750797e-06,1.5463378902879667e-05,8.382462793256105e-06,-0.0002035879803266304
7,5,loading,1.775,efb0df84ad771b87311ab5e6e7f34b2072ecd7a669961a40ab0a39d3de181817,2660,68.0,32.0,physical_only,4.085971582776383e-06,-0.00023977635859164664,-5.63814947472248e-06,1.946775656274797e-05,9.724121057498861e-06,-0.00025924411515439454
7,5,loading,1.775,efb0df84ad771b87311ab5e6e7f34b2072ecd7a669961a40ab0a39d3de181817,2661,69.0,32.0,physical_only,5.146198530446478e-06,-0.00030440796177117163,-5.83784225515338e-06,2.4422461428835392e-05,1.0984040785599855e-05,-0.00032883042320000716
7,5,loading,1.775,efb0df84ad771b87311ab5e6e7f34b2072ecd7a669961a40ab0a39d3de181817,2662,70.0,32.0,physical_only,6.2670101888596025e-06,-0.00038289100988946425,-6.068767518628263e-06,3.064095187654772e-05,1.233577770748787e-05,-0.00041353196176601185
7,5,loading,1.775,efb0df84ad771b87311ab5e6e7f34b2072ecd7a669961a40ab0a39d3de181817,2663,71.0,32.0,physical_only,7.591549891452891e-06,-0.0004773514447059754,-6.345046705068281e-06,3.859994274269596e-05,1.3936596596521165e-05,-0.0005159513874486712
7,5,loading,1.775,efb0df84ad771b87311ab5e6e7f34b2072ecd7a669961a40ab0a39d3de181817,2664,72.0,32.0,physical_only,9.512977246763356e-06,-0.0005901548615756006,-6.688515865395466e-06,4.9052295195004966e-05,1.620149311215883e-05,-0.0006392071567706058
7,5,loading,1.775,efb0df84ad771b87311ab5e6e7f34b2072ecd7a669961a40ab0a39d3de181817,2665,73.0,32.0,physical_only,1.2480648732931065e-05,-0.0007229189139322358,-7.1342435896395e-06,6.32457049619638e-05,1.9614892322570576e-05,-0.0007861646188941996
7,5,loading,1.775,efb0df84ad771b87311ab5e6e7f34b2072ecd7a669961a40ab0a39d3de181817,2666,74.0,32.0,physical_only,2.2137932192572627e-05,-0.0008817473460092668,-7.7455931765844e-06,8.339899763462331e-05,2.988352536915703e-05,-0.0009651463436438903
7,5,loading,1.775,efb0df84ad771b87311ab5e6e7f34b2072ecd7a669961a40ab0a39d3de181817,2667,75.0,32.0,physical_only,3.766637433361985e-05,-0.0010811640663487996,-8.649333442194013e-06,0.0001138711961910491,4.631570777581385e-05,-0.001195035262539848
7,5,loading,1.775,efb0df84ad771b87311ab5e6e7f34b2072ecd7a669961a40ab0a39d3de181817,2668,76.0,32.0,physical_only,5.303507971114813e-05,-0.0013258582970157523,-1.0124888479981866e-05,0.00016445234308875932,6.315996819113002e-05,-0.0014903106401045118
7,5,loading,1.775,efb0df84ad771b87311ab5e6e7f34b2072ecd7a669961a40ab0a39d3de181817,2669,77.0,32.0,physical_only,5.88759812486719e-05,-0.0015654563662341418,-1.2894876402255449e-05,0.0002617910006912047,7.17708576509273e-05,-0.0018272473669253457
7,5,loading,1.775,efb0df84ad771b87311ab5e6e7f34b2072ecd7a669961a40ab0a39d3de181817,2670,78.0,32.0,physical_only,5.2630852133850315e-05,-0.0013847481236209276,-1.931140198142213e-05,0.0005038418975756119,7.194225411527247e-05,-0.00188859002119654
7,5,loading,1.775,efb0df84ad771b87311ab5e6e7f34b2072ecd7a669961a40ab0a39d3de181817,2671,79.0,32.0,physical_only,-0.0010837331265539471,0.01905007012787746,-0.0006032381667573613,0.0068390144079509265,-0.00048049495979658594,0.012211055719926533
7,5,loading,1.775,efb0df84ad771b87311ab5e6e7f34b2072ecd7a669961a40ab0a39d3de181817,2736,63.0,33.0,physical_only,-8.4742363179954e-06,1.338085498791288e-07,-4.022349868924309e-06,4.256248571252506e-08,-4.451886449071091e-06,9.124606416660364e-08
7,5,loading,1.775,efb0df84ad771b87311ab5e6e7f34b2072ecd7a669961a40ab0a39d3de181817,2737,64.0,33.0,interior,-0.0,-0.0,-0.0,-0.0,-0.0,-0.0
7,5,loading,1.775,efb0df84ad771b87311ab5e6e7f34b2072ecd7a669961a40ab0a39d3de181817,2738,65.0,33.0,interior,-0.0,-0.0,-0.0,-0.0,-0.0,-0.0
7,5,loading,1.775,efb0df84ad771b87311ab5e6e7f34b2072ecd7a669961a40ab0a39d3de181817,2739,66.0,33.0,interior,-0.0,-0.0,-0.0,-0.0,-0.0,-0.0
7,5,loading,1.775,efb0df84ad771b87311ab5e6e7f34b2072ecd7a669961a40ab0a39d3de181817,2740,67.0,33.0,interior,-0.0,-0.0,-0.0,-0.0,-0.0,-0.0
7,5,loading,1.775,efb0df84ad771b87311ab5e6e7f34b2072ecd7a669961a40ab0a39d3de181817,2741,68.0,33.0,interior,-0.0,-0.0,-0.0,-0.0,-0.0,-0.0
7,5,loading,1.775,efb0df84ad771b87311ab5e6e7f34b2072ecd7a669961a40ab0a39d3de181817,2742,69.0,33.0,interior,-0.0,-0.0,-0.0,-0.0,-0.0,-0.0
7,5,loading,1.775,efb0df84ad771b87311ab5e6e7f34b2072ecd7a669961a40ab0a39d3de181817,2743,70.0,33.0,interior,-0.0,-0.0,-0.0,-0.0,-0.0,-0.0
7,5,loading,1.775,efb0df84ad771b87311ab5e6e7f34b2072ecd7a669961a40ab0a39d3de181817,2744,71.0,33.0,interior,-0.0,-0.0,-0.0,-0.0,-0.0,-0.0
7,5,loading,1.775,efb0df84ad771b87311ab5e6e7f34b2072ecd7a669961a40ab0a39d3de181817,2745,72.0,33.0,interior,-0.0,-0.0,-0.0,-0.0,-0.0,-0.0
7,5,loading,1.775,efb0df84ad771b87311ab5e6e7f34b2072ecd7a669961a40ab0a39d3de181817,2746,73.0,33.0,interior,-0.0,-0.0,-0.0,-0.0,-0.0,-0.0
7,5,loading,1.775,efb0df84ad771b87311ab5e6e7f34b2072ecd7a669961a40ab0a39d3de181817,2747,74.0,33.0,interior,-0.0,-0.0,-0.0,-0.0,-0.0,-0.0
7,5,loading,1.775,efb0df84ad771b87311ab5e6e7f34b2072ecd7a669961a40ab0a39d3de181817,2748,75.0,33.0,interior,-0.0,-0.0,-0.0,-0.0,-0.0,-0.0
7,5,loading,1.775,efb0df84ad771b87311ab5e6e7f34b2072ecd7a669961a40ab0a39d3de181817,2749,76.0,33.0,interior,-0.0,-0.0,-0.0,-0.0,-0.0,-0.0
7,5,loading,1.775,efb0df84ad771b87311ab5e6e7f34b2072ecd7a669961a40ab0a39d3de181817,2750,77.0,33.0,interior,-0.0,-0.0,-0.0,-0.0,-0.0,-0.0
7,5,loading,1.775,efb0df84ad771b87311ab5e6e7f34b2072ecd7a669961a40ab0a39d3de181817,2751,78.0,33.0,interior,-0.0,-0.0,-0.0,-0.0,-0.0,-0.0
7,5,loading,1.775,efb0df84ad771b87311ab5e6e7f34b2072ecd7a669961a40ab0a39d3de181817,2752,79.0,33.0,physical_only,-9.089939834239326e-08,5.9074807960486e-09,-1.9013953935553255e-07,5.935287795055768e-07,9.924014101313924e-08,-5.876212987095282e-07
7,5,loading,1.775,efb0df84ad771b87311ab5e6e7f34b2072ecd7a669961a40ab0a39d3de181817,2817,63.0,34.0,physical_only,-7.813984688507341e-06,3.0157341748294624e-07,-4.374531725154361e-06,3.908981659298456e-08,-3.4394529633529802e-06,2.6248360088996125e-07
7,5,loading,1.775,efb0df84ad771b87311ab5e6e7f34b2072ecd7a669961a40ab0a39d3de181817,2818,64.0,34.0,interior,-0.0,-0.0,-0.0,-0.0,-0.0,-0.0
7,5,loading,1.775,efb0df84ad771b87311ab5e6e7f34b2072ecd7a669961a40ab0a39d3de181817,2819,65.0,34.0,interior,-0.0,-0.0,-0.0,-0.0,-0.0,-0.0
7,5,loading,1.775,efb0df84ad771b87311ab5e6e7f34b2072ecd7a669961a40ab0a39d3de181817,2820,66.0,34.0,interior,-0.0,-0.0,-0.0,-0.0,-0.0,-0.0
7,5,loading,1.775,efb0df84ad771b87311ab5e6e7f34b2072ecd7a669961a40ab0a39d3de181817,2821,67.0,34.0,interior,-0.0,-0.0,-0.0,-0.0,-0.0,-0.0
7,5,loading,1.775,efb0df84ad771b87311ab5e6e7f34b2072ecd7a669961a40ab0a39d3de181817,2822,68.0,34.0,interior,-0.0,-0.0,-0.0,-0.0,-0.0,-0.0
7,5,loading,1.775,efb0df84ad771b87311ab5e6e7f34b2072ecd7a669961a40ab0a39d3de181817,2823,69.0,34.0,interior,-0.0,-0.0,-0.0,-0.0,-0.0,-0.0
7,5,loading,1.775,efb0df84ad771b87311ab5e6e7f34b2072ecd7a669961a40ab0a39d3de181817,2824,70.0,34.0,interior,-0.0,-0.0,-0.0,-0.0,-0.0,-0.0
7,5,loading,1.775,efb0df84ad771b87311ab5e6e7f34b2072ecd7a669961a40ab0a39d3de181817,2825,71.0,34.0,interior,-0.0,-0.0,-0.0,-0.0,-0.0,-0.0
7,5,loading,1.775,efb0df84ad771b87311ab5e6e7f34b2072ecd7a669961a40ab0a39d3de181817,2826,72.0,34.0,interior,-0.0,-0.0,-0.0,-0.0,-0.0,-0.0
7,5,loading,1.775,efb0df84ad771b87311ab5e6e7f34b2072ecd7a669961a40ab0a39d3de181817,2827,73.0,34.0,interior,-0.0,-0.0,-0.0,-0.0,-0.0,-0.0
7,5,loading,1.775,efb0df84ad771b87311ab5e6e7f34b2072ecd7a669961a40ab0a39d3de181817,2828,74.0,34.0,interior,-0.0,-0.0,-0.0,-0.0,-0.0,-0.0
7,5,loading,1.775,efb0df84ad771b87311ab5e6e7f34b2072ecd7a669961a40ab0a39d3de181817,2829,75.0,34.0,interior,-0.0,-0.0,-0.0,-0.0,-0.0,-0.0
7,5,loading,1.775,efb0df84ad771b87311ab5e6e7f34b2072ecd7a669961a40ab0a39d3de181817,2830,76.0,34.0,interior,-0.0,-0.0,-0.0,-0.0,-0.0,-0.0
7,5,loading,1.775,efb0df84ad771b87311ab5e6e7f34b2072ecd7a669961a40ab0a39d3de181817,2831,77.0,34.0,interior,-0.0,-0.0,-0.0,-0.0,-0.0,-0.0
7,5,loading,1.775,efb0df84ad771b87311ab5e6e7f34b2072ecd7a669961a40ab0a39d3de181817,2832,78.0,34.0,interior,-0.0,-0.0,-0.0,-0.0,-0.0,-0.0
7,5,loading,1.775,efb0df84ad771b87311ab5e6e7f34b2072ecd7a669961a40ab0a39d3de181817,2833,79.0,34.0,physical_only,-8.90476426754693e-08,4.998934461616548e-09,-1.8195660685297527e-07,5.055288578088826e-07,9.290896417750603e-08,-5.005299233472673e-07
7,5,loading,1.775,efb0df84ad771b87311ab5e6e7f34b2072ecd7a669961a40ab0a39d3de181817,2898,63.0,35.0,physical_only,-7.494382084412464e-06,4.2350583329187033e-07,-4.667143376525406e-06,3.750614144479267e-08,-2.8272387078870567e-06,3.8599969184707787e-07
7,5,loading,1.775,efb0df84ad771b87311ab5e6e7f34b2072ecd7a669961a40ab0a39d3de181817,2899,64.0,35.0,interior,-0.0,-0.0,-0.0,-0.0,-0.0,-0.0
7,5,loading,1.775,efb0df84ad771b87311ab5e6e7f34b2072ecd7a669961a40ab0a39d3de181817,2900,65.0,35.0,interior,-0.0,-0.0,-0.0,-0.0,-0.0,-0.0
7,5,loading,1.775,efb0df84ad771b87311ab5e6e7f34b2072ecd7a669961a40ab0a39d3de181817,2901,66.0,35.0,interior,-0.0,-0.0,-0.0,-0.0,-0.0,-0.0
7,5,loading,1.775,efb0df84ad771b87311ab5e6e7f34b2072ecd7a669961a40ab0a39d3de181817,2902,67.0,35.0,interior,-0.0,-0.0,-0.0,-0.0,-0.0,-0.0
7,5,loading,1.775,efb0df84ad771b87311ab5e6e7f34b2072ecd7a669961a40ab0a39d3de181817,2903,68.0,35.0,interior,-0.0,-0.0,-0.0,-0.0,-0.0,-0.0
7,5,loading,1.775,efb0df84ad771b87311ab5e6e7f34b2072ecd7a669961a40ab0a39d3de181817,2904,69.0,35.0,interior,-0.0,-0.0,-0.0,-0.0,-0.0,-0.0
7,5,loading,1.775,efb0df84ad771b87311ab5e6e7f34b2072ecd7a669961a40ab0a39d3de181817,2905,70.0,35.0,interior,-0.0,-0.0,-0.0,-0.0,-0.0,-0.0
7,5,loading,1.775,efb0df84ad771b87311ab5e6e7f34b2072ecd7a669961a40ab0a39d3de181817,2906,71.0,35.0,interior,-0.0,-0.0,-0.0,-0.0,-0.0,-0.0
7,5,loading,1.775,efb0df84ad771b87311ab5e6e7f34b2072ecd7a669961a40ab0a39d3de181817,2907,72.0,35.0,interior,-0.0,-0.0,-0.0,-0.0,-0.0,-0.0
7,5,loading,1.775,efb0df84ad771b87311ab5e6e7f34b2072ecd7a669961a40ab0a39d3de181817,2908,73.0,35.0,interior,-0.0,-0.0,-0.0,-0.0,-0.0,-0.0
7,5,loading,1.775,efb0df84ad771b87311ab5e6e7f34b2072ecd7a669961a40ab0a39d3de181817,2909,74.0,35.0,interior,-0.0,-0.0,-0.0,-0.0,-0.0,-0.0
7,5,loading,1.775,efb0df84ad771b87311ab5e6e7f34b2072ecd7a669961a40ab0a39d3de181817,2910,75.0,35.0,interior,-0.0,-0.0,-0.0,-0.0,-0.0,-0.0
7,5,loading,1.775,efb0df84ad771b87311ab5e6e7f34b2072ecd7a669961a40ab0a39d3de181817,2911,76.0,35.0,interior,-0.0,-0.0,-0.0,-0.0,-0.0,-0.0
7,5,loading,1.775,efb0df84ad771b87311ab5e6e7f34b2072ecd7a669961a40ab0a39d3de181817,2912,77.0,35.0,interior,-0.0,-0.0,-0.0,-0.0,-0.0,-0.0
7,5,loading,1.775,efb0df84ad771b87311ab5e6e7f34b2072ecd7a669961a40ab0a39d3de181817,2913,78.0,35.0,interior,-0.0,-0.0,-0.0,-0.0,-0.0,-0.0
7,5,loading,1.775,efb0df84ad771b87311ab5e6e7f34b2072ecd7a669961a40ab0a39d3de181817,2914,79.0,35.0,physical_only,-8.749167654971151e-08,4.120476552323761e-09,-1.7515272130793592e-07,4.1901334602684174e-07,8.766104475822441e-08,-4.148928694745192e-07
7,5,loading,1.775,efb0df84ad771b87311ab5e6e7f34b2072ecd7a669961a40ab0a39d3de181817,2979,63.0,36.0,physical_only,-7.386151885894069e-06,4.4720633930912224e-07,-4.905240133231645e-06,3.513761444660464e-08,-2.4809117526624243e-06,4.1206872486251786e-07
7,5,loading,1.775,efb0df84ad771b87311ab5e6e7f34b2072ecd7a669961a40ab0a39d3de181817,2980,64.0,36.0,interior,-0.0,-0.0,-0.0,-0.0,-0.0,-0.0
7,5,loading,1.775,efb0df84ad771b87311ab5e6e7f34b2072ecd7a669961a40ab0a39d3de181817,2981,65.0,36.0,interior,-0.0,-0.0,-0.0,-0.0,-0.0,-0.0
7,5,loading,1.775,efb0df84ad771b87311ab5e6e7f34b2072ecd7a669961a40ab0a39d3de181817,2982,66.0,36.0,interior,-0.0,-0.0,-0.0,-0.0,-0.0,-0.0
7,5,loading,1.775,efb0df84ad771b87311ab5e6e7f34b2072ecd7a669961a40ab0a39d3de181817,2983,67.0,36.0,interior,-0.0,-0.0,-0.0,-0.0,-0.0,-0.0
7,5,loading,1.775,efb0df84ad771b87311ab5e6e7f34b2072ecd7a669961a40ab0a39d3de181817,2984,68.0,36.0,interior,-0.0,-0.0,-0.0,-0.0,-0.0,-0.0
7,5,loading,1.775,efb0df84ad771b87311ab5e6e7f34b2072ecd7a669961a40ab0a39d3de181817,2985,69.0,36.0,interior,-0.0,-0.0,-0.0,-0.0,-0.0,-0.0
7,5,loading,1.775,efb0df84ad771b87311ab5e6e7f34b2072ecd7a669961a40ab0a39d3de181817,2986,70.0,36.0,interior,-0.0,-0.0,-0.0,-0.0,-0.0,-0.0
7,5,loading,1.775,efb0df84ad771b87311ab5e6e7f34b2072ecd7a669961a40ab0a39d3de181817,2987,71.0,36.0,interior,-0.0,-0.0,-0.0,-0.0,-0.0,-0.0
7,5,loading,1.775,efb0df84ad771b87311ab5e6e7f34b2072ecd7a669961a40ab0a39d3de181817,2988,72.0,36.0,interior,-0.0,-0.0,-0.0,-0.0,-0.0,-0.0
7,5,loading,1.775,efb0df84ad771b87311ab5e6e7f34b2072ecd7a669961a40ab0a39d3de181817,2989,73.0,36.0,interior,-0.0,-0.0,-0.0,-0.0,-0.0,-0.0
7,5,loading,1.775,efb0df84ad771b87311ab5e6e7f34b2072ecd7a669961a40ab0a39d3de181817,2990,74.0,36.0,interior,-0.0,-0.0,-0.0,-0.0,-0.0,-0.0
7,5,loading,1.775,efb0df84ad771b87311ab5e6e7f34b2072ecd7a669961a40ab0a39d3de181817,2991,75.0,36.0,interior,-0.0,-0.0,-0.0,-0.0,-0.0,-0.0
7,5,loading,1.775,efb0df84ad771b87311ab5e6e7f34b2072ecd7a669961a40ab0a39d3de181817,2992,76.0,36.0,interior,-0.0,-0.0,-0.0,-0.0,-0.0,-0.0
7,5,loading,1.775,efb0df84ad771b87311ab5e6e7f34b2072ecd7a669961a40ab0a39d3de181817,2993,77.0,36.0,interior,-0.0,-0.0,-0.0,-0.0,-0.0,-0.0
7,5,loading,1.775,efb0df84ad771b87311ab5e6e7f34b2072ecd7a669961a40ab0a39d3de181817,2994,78.0,36.0,interior,-0.0,-0.0,-0.0,-0.0,-0.0,-0.0
7,5,loading,1.775,efb0df84ad771b87311ab5e6e7f34b2072ecd7a669961a40ab0a39d3de181817,2995,79.0,36.0,physical_only,-8.622601189632535e-08,3.2668737955943714e-09,-1.6966710475600506e-07,3.3373253070678243e-07,8.344109285967973e-08,-3.304656569111851e-07
7,5,loading,1.775,efb0df84ad771b87311ab5e6e7f34b2072ecd7a669961a40ab0a39d3de181817,3060,63.0,37.0,physical_only,-7.372983958249717e-06,3.8824849013584447e-07,-5.090836314282499e-06,3.02234457266096e-08,-2.2821476439672183e-06,3.5802504440923487e-07
7,5,loading,1.775,efb0df84ad771b87311ab5e6e7f34b2072ecd7a669961a40ab0a39d3de181817,3061,64.0,37.0,interior,-0.0,-0.0,-0.0,-0.0,-0.0,-0.0
7,5,loading,1.775,efb0df84ad771b87311ab5e6e7f34b2072ecd7a669961a40ab0a39d3de181817,3062,65.0,37.0,interior,-0.0,-0.0,-0.0,-0.0,-0.0,-0.0
7,5,loading,1.775,efb0df84ad771b87311ab5e6e7f34b2072ecd7a669961a40ab0a39d3de181817,3063,66.0,37.0,interior,-0.0,-0.0,-0.0,-0.0,-0.0,-0.0
7,5,loading,1.775,efb0df84ad771b87311ab5e6e7f34b2072ecd7a669961a40ab0a39d3de181817,3064,67.0,37.0,interior,-0.0,-0.0,-0.0,-0.0,-0.0,-0.0
7,5,loading,1.775,efb0df84ad771b87311ab5e6e7f34b2072ecd7a669961a40ab0a39d3de181817,3065,68.0,37.0,interior,-0.0,-0.0,-0.0,-0.0,-0.0,-0.0
7,5,loading,1.775,efb0df84ad771b87311ab5e6e7f34b2072ecd7a669961a40ab0a39d3de181817,3066,69.0,37.0,interior,-0.0,-0.0,-0.0,-0.0,-0.0,-0.0
7,5,loading,1.775,efb0df84ad771b87311ab5e6e7f34b2072ecd7a669961a40ab0a39d3de181817,3067,70.0,37.0,interior,-0.0,-0.0,-0.0,-0.0,-0.0,-0.0
7,5,loading,1.775,efb0df84ad771b87311ab5e6e7f34b2072ecd7a669961a40ab0a39d3de181817,3068,71.0,37.0,interior,-0.0,-0.0,-0.0,-0.0,-0.0,-0.0
7,5,loading,1.775,efb0df84ad771b87311ab5e6e7f34b2072ecd7a669961a40ab0a39d3de181817,3069,72.0,37.0,interior,-0.0,-0.0,-0.0,-0.0,-0.0,-0.0
7,5,loading,1.775,efb0df84ad771b87311ab5e6e7f34b2072ecd7a669961a40ab0a39d3de181817,3070,73.0,37.0,interior,-0.0,-0.0,-0.0,-0.0,-0.0,-0.0
7,5,loading,1.775,efb0df84ad771b87311ab5e6e7f34b2072ecd7a669961a40ab0a39d3de181817,3071,74.0,37.0,interior,-0.0,-0.0,-0.0,-0.0,-0.0,-0.0
7,5,loading,1.775,efb0df84ad771b87311ab5e6e7f34b2072ecd7a669961a40ab0a39d3de181817,3072,75.0,37.0,interior,-0.0,-0.0,-0.0,-0.0,-0.0,-0.0
7,5,loading,1.775,efb0df84ad771b87311ab5e6e7f34b2072ecd7a669961a40ab0a39d3de181817,3073,76.0,37.0,interior,-0.0,-0.0,-0.0,-0.0,-0.0,-0.0
7,5,loading,1.775,efb0df84ad771b87311ab5e6e7f34b2072ecd7a669961a40ab0a39d3de181817,3074,77.0,37.0,interior,-0.0,-0.0,-0.0,-0.0,-0.0,-0.0
7,5,loading,1.775,efb0df84ad771b87311ab5e6e7f34b2072ecd7a669961a40ab0a39d3de181817,3075,78.0,37.0,interior,-0.0,-0.0,-0.0,-0.0,-0.0,-0.0
7,5,loading,1.775,efb0df84ad771b87311ab5e6e7f34b2072ecd7a669961a40ab0a39d3de181817,3076,79.0,37.0,physical_only,-8.524619126915835e-08,2.4330106957311205e-09,-1.6545067613213887e-07,2.4943790306163547e-07,8.020448486298052e-08,-2.470048923659037e-07
7,5,loading,1.775,efb0df84ad771b87311ab5e6e7f34b2072ecd7a669961a40ab0a39d3de181817,3141,63.0,38.0,physical_only,-7.387871642098797e-06,2.768241553342754e-07,-5.224079026953515e-06,2.2282573394533522e-08,-2.1637926151452813e-06,2.545415819397419e-07
7,5,loading,1.775,efb0df84ad771b87311ab5e6e7f34b2072ecd7a669961a40ab0a39d3de181817,3142,64.0,38.0,interior,-0.0,-0.0,-0.0,-0.0,-0.0,-0.0
7,5,loading,1.775,efb0df84ad771b87311ab5e6e7f34b2072ecd7a669961a40ab0a39d3de181817,3143,65.0,38.0,interior,-0.0,-0.0,-0.0,-0.0,-0.0,-0.0
7,5,loading,1.775,efb0df84ad771b87311ab5e6e7f34b2072ecd7a669961a40ab0a39d3de181817,3144,66.0,38.0,interior,-0.0,-0.0,-0.0,-0.0,-0.0,-0.0
7,5,loading,1.775,efb0df84ad771b87311ab5e6e7f34b2072ecd7a669961a40ab0a39d3de181817,3145,67.0,38.0,interior,-0.0,-0.0,-0.0,-0.0,-0.0,-0.0
7,5,loading,1.775,efb0df84ad771b87311ab5e6e7f34b2072ecd7a669961a40ab0a39d3de181817,3146,68.0,38.0,interior,-0.0,-0.0,-0.0,-0.0,-0.0,-0.0
7,5,loading,1.775,efb0df84ad771b87311ab5e6e7f34b2072ecd7a669961a40ab0a39d3de181817,3147,69.0,38.0,interior,-0.0,-0.0,-0.0,-0.0,-0.0,-0.0
7,5,loading,1.775,efb0df84ad771b87311ab5e6e7f34b2072ecd7a669961a40ab0a39d3de181817,3148,70.0,38.0,interior,-0.0,-0.0,-0.0,-0.0,-0.0,-0.0
7,5,loading,1.775,efb0df84ad771b87311ab5e6e7f34b2072ecd7a669961a40ab0a39d3de181817,3149,71.0,38.0,interior,-0.0,-0.0,-0.0,-0.0,-0.0,-0.0
7,5,loading,1.775,efb0df84ad771b87311ab5e6e7f34b2072ecd7a669961a40ab0a39d3de181817,3150,72.0,38.0,interior,-0.0,-0.0,-0.0,-0.0,-0.0,-0.0
7,5,loading,1.775,efb0df84ad771b87311ab5e6e7f34b2072ecd7a669961a40ab0a39d3de181817,3151,73.0,38.0,interior,-0.0,-0.0,-0.0,-0.0,-0.0,-0.0
7,5,loading,1.775,efb0df84ad771b87311ab5e6e7f34b2072ecd7a669961a40ab0a39d3de181817,3152,74.0,38.0,interior,-0.0,-0.0,-0.0,-0.0,-0.0,-0.0
7,5,loading,1.775,efb0df84ad771b87311ab5e6e7f34b2072ecd7a669961a40ab0a39d3de181817,3153,75.0,38.0,interior,-0.0,-0.0,-0.0,-0.0,-0.0,-0.0
7,5,loading,1.775,efb0df84ad771b87311ab5e6e7f34b2072ecd7a669961a40ab0a39d3de181817,3154,76.0,38.0,interior,-0.0,-0.0,-0.0,-0.0,-0.0,-0.0
7,5,loading,1.775,efb0df84ad771b87311ab5e6e7f34b2072ecd7a669961a40ab0a39d3de181817,3155,77.0,38.0,interior,-0.0,-0.0,-0.0,-0.0,-0.0,-0.0
7,5,loading,1.775,efb0df84ad771b87311ab5e6e7f34b2072ecd7a669961a40ab0a39d3de181817,3156,78.0,38.0,interior,-0.0,-0.0,-0.0,-0.0,-0.0,-0.0
7,5,loading,1.775,efb0df84ad771b87311ab5e6e7f34b2072ecd7a669961a40ab0a39d3de181817,3157,79.0,38.0,physical_only,-8.454876813291103e-08,1.6138674193047324e-09,-1.6246566325595574e-07,1.6588197461559481e-07,7.791689512304473e-08,-1.6426810719628876e-07
7,5,loading,1.775,efb0df84ad771b87311ab5e6e7f34b2072ecd7a669961a40ab0a39d3de181817,3222,63.0,39.0,physical_only,-7.400848380980871e-06,1.4180013169405103e-07,-5.304402255214705e-06,1.1832741877245035e-08,-2.096446125766167e-06,1.2996738981680594e-07
7,5,loading,1.775,efb0df84ad771b87311ab5e6e7f34b2072ecd7a669961a40ab0a39d3de181817,3223,64.0,39.0,interior,-0.0,-0.0,-0.0,-0.0,-0.0,-0.0
7,5,loading,1.775,efb0df84ad771b87311ab5e6e7f34b2072ecd7a669961a40ab0a39d3de181817,3224,65.0,39.0,interior,-0.0,-0.0,-0.0,-0.0,-0.0,-0.0
7,5,loading,1.775,efb0df84ad771b87311ab5e6e7f34b2072ecd7a669961a40ab0a39d3de181817,3225,66.0,39.0,interior,-0.0,-0.0,-0.0,-0.0,-0.0,-0.0
7,5,loading,1.775,efb0df84ad771b87311ab5e6e7f34b2072ecd7a669961a40ab0a39d3de181817,3226,67.0,39.0,interior,-0.0,-0.0,-0.0,-0.0,-0.0,-0.0
7,5,loading,1.775,efb0df84ad771b87311ab5e6e7f34b2072ecd7a669961a40ab0a39d3de181817,3227,68.0,39.0,interior,-0.0,-0.0,-0.0,-0.0,-0.0,-0.0
7,5,loading,1.775,efb0df84ad771b87311ab5e6e7f34b2072ecd7a669961a40ab0a39d3de181817,3228,69.0,39.0,interior,-0.0,-0.0,-0.0,-0.0,-0.0,-0.0
7,5,loading,1.775,efb0df84ad771b87311ab5e6e7f34b2072ecd7a669961a40ab0a39d3de181817,3229,70.0,39.0,interior,-0.0,-0.0,-0.0,-0.0,-0.0,-0.0
7,5,loading,1.775,efb0df84ad771b87311ab5e6e7f34b2072ecd7a669961a40ab0a39d3de181817,3230,71.0,39.0,interior,-0.0,-0.0,-0.0,-0.0,-0.0,-0.0
7,5,loading,1.775,efb0df84ad771b87311ab5e6e7f34b2072ecd7a669961a40ab0a39d3de181817,3231,72.0,39.0,interior,-0.0,-0.0,-0.0,-0.0,-0.0,-0.0
7,5,loading,1.775,efb0df84ad771b87311ab5e6e7f34b2072ecd7a669961a40ab0a39d3de181817,3232,73.0,39.0,interior,-0.0,-0.0,-0.0,-0.0,-0.0,-0.0
7,5,loading,1.775,efb0df84ad771b87311ab5e6e7f34b2072ecd7a669961a40ab0a39d3de181817,3233,74.0,39.0,interior,-0.0,-0.0,-0.0,-0.0,-0.0,-0.0
7,5,loading,1.775,efb0df84ad771b87311ab5e6e7f34b2072ecd7a669961a40ab0a39d3de181817,3234,75.0,39.0,interior,-0.0,-0.0,-0.0,-0.0,-0.0,-0.0
7,5,loading,1.775,efb0df84ad771b87311ab5e6e7f34b2072ecd7a669961a40ab0a39d3de181817,3235,76.0,39.0,interior,-0.0,-0.0,-0.0,-0.0,-0.0,-0.0
7,5,loading,1.775,efb0df84ad771b87311ab5e6e7f34b2072ecd7a669961a40ab0a39d3de181817,3236,77.0,39.0,interior,-0.0,-0.0,-0.0,-0.0,-0.0,-0.0
7,5,loading,1.775,efb0df84ad771b87311ab5e6e7f34b2072ecd7a669961a40ab0a39d3de181817,3237,78.0,39.0,interior,-0.0,-0.0,-0.0,-0.0,-0.0,-0.0
7,5,loading,1.775,efb0df84ad771b87311ab5e6e7f34b2072ecd7a669961a40ab0a39d3de181817,3238,79.0,39.0,physical_only,-8.413129157102071e-08,8.04496693912536e-10,-1.6068530124146532e-07,8.281805472295092e-08,7.655400967044462e-08,-8.201355802903848e-08
7,5,loading,1.775,efb0df84ad771b87311ab5e6e7f34b2072ecd7a669961a40ab0a39d3de181817,3303,63.0,40.0,physical_and_cut,-3.702589548467009e-06,-5.861624294673582e-07,-2.665624058797601e-06,-1.2413540073105003e-06,-1.0369654896694079e-06,6.551915778431421e-07
7,5,loading,1.775,efb0df84ad771b87311ab5e6e7f34b2072ecd7a669961a40ab0a39d3de181817,3304,64.0,40.0,cut_only,-0.0,-0.0,-0.0,-0.0,-0.0,-0.0
7,5,loading,1.775,efb0df84ad771b87311ab5e6e7f34b2072ecd7a669961a40ab0a39d3de181817,3305,65.0,40.0,cut_only,-0.0,-0.0,-0.0,-0.0,-0.0,-0.0
7,5,loading,1.775,efb0df84ad771b87311ab5e6e7f34b2072ecd7a669961a40ab0a39d3de181817,3306,66.0,40.0,cut_only,-0.0,-0.0,-0.0,-0.0,-0.0,-0.0
7,5,loading,1.775,efb0df84ad771b87311ab5e6e7f34b2072ecd7a669961a40ab0a39d3de181817,3307,67.0,40.0,cut_only,-0.0,-0.0,-0.0,-0.0,-0.0,-0.0
7,5,loading,1.775,efb0df84ad771b87311ab5e6e7f34b2072ecd7a669961a40ab0a39d3de181817,3308,68.0,40.0,cut_only,-0.0,-0.0,-0.0,-0.0,-0.0,-0.0
7,5,loading,1.775,efb0df84ad771b87311ab5e6e7f34b2072ecd7a669961a40ab0a39d3de181817,3309,69.0,40.0,cut_only,-0.0,-0.0,-0.0,-0.0,-0.0,-0.0
7,5,loading,1.775,efb0df84ad771b87311ab5e6e7f34b2072ecd7a669961a40ab0a39d3de181817,3310,70.0,40.0,cut_only,-0.0,-0.0,-0.0,-0.0,-0.0,-0.0
7,5,loading,1.775,efb0df84ad771b87311ab5e6e7f34b2072ecd7a669961a40ab0a39d3de181817,3311,71.0,40.0,cut_only,-0.0,-0.0,-0.0,-0.0,-0.0,-0.0
7,5,loading,1.775,efb0df84ad771b87311ab5e6e7f34b2072ecd7a669961a40ab0a39d3de181817,3312,72.0,40.0,cut_only,-0.0,-0.0,-0.0,-0.0,-0.0,-0.0
7,5,loading,1.775,efb0df84ad771b87311ab5e6e7f34b2072ecd7a669961a40ab0a39d3de181817,3313,73.0,40.0,cut_only,-0.0,-0.0,-0.0,-0.0,-0.0,-0.0
7,5,loading,1.775,efb0df84ad771b87311ab5e6e7f34b2072ecd7a669961a40ab0a39d3de181817,3314,74.0,40.0,cut_only,-0.0,-0.0,-0.0,-0.0,-0.0,-0.0
7,5,loading,1.775,efb0df84ad771b87311ab5e6e7f34b2072ecd7a669961a40ab0a39d3de181817,3315,75.0,40.0,cut_only,-0.0,-0.0,-0.0,-0.0,-0.0,-0.0
7,5,loading,1.775,efb0df84ad771b87311ab5e6e7f34b2072ecd7a669961a40ab0a39d3de181817,3316,76.0,40.0,cut_only,-0.0,-0.0,-0.0,-0.0,-0.0,-0.0
7,5,loading,1.775,efb0df84ad771b87311ab5e6e7f34b2072ecd7a669961a40ab0a39d3de181817,3317,77.0,40.0,cut_only,-0.0,-0.0,-0.0,-0.0,-0.0,-0.0
7,5,loading,1.775,efb0df84ad771b87311ab5e6e7f34b2072ecd7a669961a40ab0a39d3de181817,3318,78.0,40.0,cut_only,-0.0,-0.0,-0.0,-0.0,-0.0,-0.0
7,5,loading,1.775,efb0df84ad771b87311ab5e6e7f34b2072ecd7a669961a40ab0a39d3de181817,3319,79.0,40.0,physical_and_cut,-4.199614769311299e-08,-2.571948244209148e-05,-8.004680860991206e-08,7.410734145094996e-08,3.805066091679907e-08,-2.579358978354243e-05
8,5,loading,1.8,ec4944f1bc7c773b8d4cc3287ef4973344c36179514bf5f2cff0dee3c0af54ee,2655,63.0,32.0,physical_only,-0.00033138348941213173,-0.00014756618492489497,-8.117416556924151e-06,6.765216158038532e-06,-0.0003232660728552076,-0.0001543314010829335
8,5,loading,1.8,ec4944f1bc7c773b8d4cc3287ef4973344c36179514bf5f2cff0dee3c0af54ee,2656,64.0,32.0,physical_only,2.1897414235371235e-06,-8.330424859607182e-05,-5.037005768471731e-06,7.3979831284894e-06,7.226747192008854e-06,-9.070223172456116e-05
8,5,loading,1.8,ec4944f1bc7c773b8d4cc3287ef4973344c36179514bf5f2cff0dee3c0af54ee,2657,65.0,32.0,physical_only,3.785661553009983e-06,-0.00011189571722628329,-5.177272360871604e-06,9.587671782795793e-06,8.96293391388159e-06,-0.0001214833890090791
8,5,loading,1.8,ec4944f1bc7c773b8d4cc3287ef4973344c36179514bf5f2cff0dee3c0af54ee,2658,66.0,32.0,physical_only,3.75038204457736e-06,-0.00014782891001775784,-5.3307181256876654e-06,1.2274986722308976e-05,9.081100170265024e-06,-0.00016010389674006684
8,5,loading,1.8,ec4944f1bc7c773b8d4cc3287ef4973344c36179514bf5f2cff0dee3c0af54ee,2659,67.0,32.0,physical_only,2.9190772821604315e-06,-0.00019045771041070313,-5.496518509868728e-06,1.556539525906187e-05,8.415595792029156e-06,-0.0002060231056697651
8,5,loading,1.8,ec4944f1bc7c773b8d4cc3287ef4973344c36179514bf5f2cff0dee3c0af54ee,2660,68.0,32.0,physical_only,4.073690168059726e-06,-0.0002429134486209338,-5.6774119640596996e-06,1.9605439766212804e-05,9.751102132119428e-06,-0.0002625188883871465
8,5,loading,1.8,ec4944f1bc7c773b8d4cc3287ef4973344c36179514bf5f2cff0dee3c0af54ee,2661,69.0,32.0,physical_only,5.122651535641644e-06,-0.0003086014127117935,-5.879766248939838e-06,2.4609477357593603e-05,1.1002417784581474e-05,-0.00033321089006938735
8,5,loading,1.8,ec4944f1bc7c773b8d4cc3287ef4973344c36179514bf5f2cff0dee3c0af54ee,2662,70.0,32.0,physical_only,6.230205031783109e-06,-0.0003884574750070862,-6.113940860194e-06,3.0898298954215585e-05,1.2344145891977118e-05,-0.0004193557739613017
8,5,loading,1.8,ec4944f1bc7c773b8d4cc3287ef4973344c36179514bf5f2cff0dee3c0af54ee,2663,71.0,32.0,physical_only,7.549863719065052e-06,-0.0004846971829564079,-6.394533233052408e-06,3.8961129885171203e-05,1.3944396952117471e-05,-0.0005236583128415792
8,5,loading,1.8,ec4944f1bc7c773b8d4cc3287ef4973344c36179514bf5f2cff0dee3c0af54ee,2664,72.0,32.0,physical_only,9.491763416141929e-06,-0.0005997905743117494,-6.744159871633529e-06,4.9573312769201144e-05,1.6235923287775454e-05,-0.0006493638870809504
8,5,loading,1.8,ec4944f1bc7c773b8d4cc3287ef4973344c36179514bf5f2cff0dee3c0af54ee,2665,73.0,32.0,physical_only,1.25873573000896e-05,-0.0007356634003325277,-7.1993904880538606e-06,6.402604894079406e-05,1.9786747788143463e-05,-0.0007996894492733218
8,5,loading,1.8,ec4944f1bc7c773b8d4cc3287ef4973344c36179514bf5f2cff0dee3c0af54ee,2666,74.0,32.0,physical_only,2.2014882618787515e-05,-0.0008984977170652568,-7.826470984094352e-06,8.462952366427364e-05,2.984135360288188e-05,-0.0009831272407295312
8,5,loading,1.8,ec4944f1bc7c773b8d4cc3287ef4973344c36179514bf5f2cff0dee3c0af54ee,2667,75.0,32.0,physical_only,3.67631694384298e-05,-0.0011019738246511703,-8.758283718454932e-06,0.0001159554811138769,4.552145315688471e-05,-0.0012179293057650465
8,5,loading,1.8,ec4944f1bc7c773b8d4cc3287ef4973344c36179514bf5f2cff0dee3c0af54ee,2668,76.0,32.0,physical_only,5.015792478961449e-05,-0.0013482065233840637,-1.0289670846994457e-05,0.00016837057339130093,6.044759563660892e-05,-0.0015165770967753654
8,5,loading,1.8,ec4944f1bc7c773b8d4cc3287ef4973344c36179514bf5f2cff0dee3c0af54ee,2669,77.0,32.0,physical_only,5.282465115083831e-05,-0.0015806051324578707,-1.3195293216663049e-05,0.00027053347431789984,6.601994436750136e-05,-0.0018511386067757698
8,5,loading,1.8,ec4944f1bc7c773b8d4cc3287ef4973344c36179514bf5f2cff0dee3c0af54ee,2670,78.0,32.0,physical_only,4.067698532374161e-05,-0.0013389633879156218,-2.0057150784079092e-05,0.000530707931654322,6.073413610782071e-05,-0.0018696713195699433
8,5,loading,1.8,ec4944f1bc7c773b8d4cc3287ef4973344c36179514bf5f2cff0dee3c0af54ee,2671,79.0,32.0,physical_only,-0.0013632016250962162,0.022737434054169982,-0.0008934329708634044,0.010270169726965105,-0.0004697686542328119,0.012467264327204875
8,5,loading,1.8,ec4944f1bc7c773b8d4cc3287ef4973344c36179514bf5f2cff0dee3c0af54ee,2736,63.0,33.0,physical_only,-8.499873149652864e-06,1.3941433311962466e-07,-4.023577877679707e-06,4.1859380839787434e-08,-4.476295271973161e-06,9.755495227983701e-08
8,5,loading,1.8,ec4944f1bc7c773b8d4cc3287ef4973344c36179514bf5f2cff0dee3c0af54ee,2737,64.0,33.0,interior,-0.0,-0.0,-0.0,-0.0,-0.0,-0.0
8,5,loading,1.8,ec4944f1bc7c773b8d4cc3287ef4973344c36179514bf5f2cff0dee3c0af54ee,2738,65.0,33.0,interior,-0.0,-0.0,-0.0,-0.0,-0.0,-0.0
8,5,loading,1.8,ec4944f1bc7c773b8d4cc3287ef4973344c36179514bf5f2cff0dee3c0af54ee,2739,66.0,33.0,interior,-0.0,-0.0,-0.0,-0.0,-0.0,-0.0
8,5,loading,1.8,ec4944f1bc7c773b8d4cc3287ef4973344c36179514bf5f2cff0dee3c0af54ee,2740,67.0,33.0,interior,-0.0,-0.0,-0.0,-0.0,-0.0,-0.0
8,5,loading,1.8,ec4944f1bc7c773b8d4cc3287ef4973344c36179514bf5f2cff0dee3c0af54ee,2741,68.0,33.0,interior,-0.0,-0.0,-0.0,-0.0,-0.0,-0.0
8,5,loading,1.8,ec4944f1bc7c773b8d4cc3287ef4973344c36179514bf5f2cff0dee3c0af54ee,2742,69.0,33.0,interior,-0.0,-0.0,-0.0,-0.0,-0.0,-0.0
8,5,loading,1.8,ec4944f1bc7c773b8d4cc3287ef4973344c36179514bf5f2cff0dee3c0af54ee,2743,70.0,33.0,interior,-0.0,-0.0,-0.0,-0.0,-0.0,-0.0
8,5,loading,1.8,ec4944f1bc7c773b8d4cc3287ef4973344c36179514bf5f2cff0dee3c0af54ee,2744,71.0,33.0,interior,-0.0,-0.0,-0.0,-0.0,-0.0,-0.0
8,5,loading,1.8,ec4944f1bc7c773b8d4cc3287ef4973344c36179514bf5f2cff0dee3c0af54ee,2745,72.0,33.0,interior,-0.0,-0.0,-0.0,-0.0,-0.0,-0.0
8,5,loading,1.8,ec4944f1bc7c773b8d4cc3287ef4973344c36179514bf5f2cff0dee3c0af54ee,2746,73.0,33.0,interior,-0.0,-0.0,-0.0,-0.0,-0.0,-0.0
8,5,loading,1.8,ec4944f1bc7c773b8d4cc3287ef4973344c36179514bf5f2cff0dee3c0af54ee,2747,74.0,33.0,interior,-0.0,-0.0,-0.0,-0.0,-0.0,-0.0
8,5,loading,1.8,ec4944f1bc7c773b8d4cc3287ef4973344c36179514bf5f2cff0dee3c0af54ee,2748,75.0,33.0,interior,-0.0,-0.0,-0.0,-0.0,-0.0,-0.0
8,5,loading,1.8,ec4944f1bc7c773b8d4cc3287ef4973344c36179514bf5f2cff0dee3c0af54ee,2749,76.0,33.0,interior,-0.0,-0.0,-0.0,-0.0,-0.0,-0.0
8,5,loading,1.8,ec4944f1bc7c773b8d4cc3287ef4973344c36179514bf5f2cff0dee3c0af54ee,2750,77.0,33.0,interior,-0.0,-0.0,-0.0,-0.0,-0.0,-0.0
8,5,loading,1.8,ec4944f1bc7c773b8d4cc3287ef4973344c36179514bf5f2cff0dee3c0af54ee,2751,78.0,33.0,interior,-0.0,-0.0,-0.0,-0.0,-0.0,-0.0
8,5,loading,1.8,ec4944f1bc7c773b8d4cc3287ef4973344c36179514bf5f2cff0dee3c0af54ee,2752,79.0,33.0,physical_only,-8.992052724209899e-08,5.659025235371526e-09,-1.8084403953699981e-07,5.875844694887141e-07,9.092351229490077e-08,-5.819254442533415e-07
8,5,loading,1.8,ec4944f1bc7c773b8d4cc3287ef4973344c36179514bf5f2cff0dee3c0af54ee,2817,63.0,34.0,physical_only,-7.836551810171547e-06,3.0723467657118693e-07,-4.377856328406943e-06,3.859249408217768e-08,-3.4586954817646027e-06,2.6864218248900925e-07
8,5,loading,1.8,ec4944f1bc7c773b8d4cc3287ef4973344c36179514bf5f2cff0dee3c0af54ee,2818,64.0,34.0,interior,-0.0,-0.0,-0.0,-0.0,-0.0,-0.0
8,5,loading,1.8,ec4944f1bc7c773b8d4cc3287ef4973344c36179514bf5f2cff0dee3c0af54ee,2819,65.0,34.0,interior,-0.0,-0.0,-0.0,-0.0,-0.0,-0.0
8,5,loading,1.8,ec4944f1bc7c773b8d4cc3287ef4973344c36179514bf5f2cff0dee3c0af54ee,2820,66.0,34.0,interior,-0.0,-0.0,-0.0,-0.0,-0.0,-0.0
8,5,loading,1.8,ec4944f1bc7c773b8d4cc3287ef4973344c36179514bf5f2cff0dee3c0af54ee,2821,67.0,34.0,interior,-0.0,-0.0,-0.0,-0.0,-0.0,-0.0
8,5,loading,1.8,ec4944f1bc7c773b8d4cc3287ef4973344c36179514bf5f2cff0dee3c0af54ee,2822,68.0,34.0,interior,-0.0,-0.0,-0.0,-0.0,-0.0,-0.0
8,5,loading,1.8,ec4944f1bc7c773b8d4cc3287ef4973344c36179514bf5f2cff0dee3c0af54ee,2823,69.0,34.0,interior,-0.0,-0.0,-0.0,-0.0,-0.0,-0.0
8,5,loading,1.8,ec4944f1bc7c773b8d4cc3287ef4973344c36179514bf5f2cff0dee3c0af54ee,2824,70.0,34.0,interior,-0.0,-0.0,-0.0,-0.0,-0.0,-0.0
8,5,loading,1.8,ec4944f1bc7c773b8d4cc3287ef4973344c36179514bf5f2cff0dee3c0af54ee,2825,71.0,34.0,interior,-0.0,-0.0,-0.0,-0.0,-0.0,-0.0
8,5,loading,1.8,ec4944f1bc7c773b8d4cc3287ef4973344c36179514bf5f2cff0dee3c0af54ee,2826,72.0,34.0,interior,-0.0,-0.0,-0.0,-0.0,-0.0,-0.0
8,5,loading,1.8,ec4944f1bc7c773b8d4cc3287ef4973344c36179514bf5f2cff0dee3c0af54ee,2827,73.0,34.0,interior,-0.0,-0.0,-0.0,-0.0,-0.0,-0.0
8,5,loading,1.8,ec4944f1bc7c773b8d4cc3287ef4973344c36179514bf5f2cff0dee3c0af54ee,2828,74.0,34.0,interior,-0.0,-0.0,-0.0,-0.0,-0.0,-0.0
8,5,loading,1.8,ec4944f1bc7c773b8d4cc3287ef4973344c36179514bf5f2cff0dee3c0af54ee,2829,75.0,34.0,interior,-0.0,-0.0,-0.0,-0.0,-0.0,-0.0
8,5,loading,1.8,ec4944f1bc7c773b8d4cc3287ef4973344c36179514bf5f2cff0dee3c0af54ee,2830,76.0,34.0,interior,-0.0,-0.0,-0.0,-0.0,-0.0,-0.0
8,5,loading,1.8,ec4944f1bc7c773b8d4cc3287ef4973344c36179514bf5f2cff0dee3c0af54ee,2831,77.0,34.0,interior,-0.0,-0.0,-0.0,-0.0,-0.0,-0.0
8,5,loading,1.8,ec4944f1bc7c773b8d4cc3287ef4973344c36179514bf5f2cff0dee3c0af54ee,2832,78.0,34.0,interior,-0.0,-0.0,-0.0,-0.0,-0.0,-0.0
8,5,loading,1.8,ec4944f1bc7c773b8d4cc3287ef4973344c36179514bf5f2cff0dee3c0af54ee,2833,79.0,34.0,physical_only,-8.809044782994e-08,4.7895943590959005e-09,-1.731838058749499e-07,5.004469580488896e-07,8.509335804500994e-08,-4.956573636897895e-07
8,5,loading,1.8,ec4944f1bc7c773b8d4cc3287ef4973344c36179514bf5f2cff0dee3c0af54ee,2898,63.0,35.0,physical_only,-7.515977086600304e-06,4.287655886288664e-07,-4.672322487937388e-06,3.7185971288722695e-08,-2.843654598662916e-06,3.915796173401435e-07
8,5,loading,1.8,ec4944f1bc7c773b8d4cc3287ef4973344c36179514bf5f2cff0dee3c0af54ee,2899,64.0,35.0,interior,-0.0,-0.0,-0.0,-0.0,-0.0,-0.0
8,5,loading,1.8,ec4944f1bc7c773b8d4cc3287ef4973344c36179514bf5f2cff0dee3c0af54ee,2900,65.0,35.0,interior,-0.0,-0.0,-0.0,-0.0,-0.0,-0.0
8,5,loading,1.8,ec4944f1bc7c773b8d4cc3287ef4973344c36179514bf5f2cff0dee3c0af54ee,2901,66.0,35.0,interior,-0.0,-0.0,-0.0,-0.0,-0.0,-0.0
8,5,loading,1.8,ec4944f1bc7c773b8d4cc3287ef4973344c36179514bf5f2cff0dee3c0af54ee,2902,67.0,35.0,interior,-0.0,-0.0,-0.0,-0.0,-0.0,-0.0
8,5,loading,1.8,ec4944f1bc7c773b8d4cc3287ef4973344c36179514bf5f2cff0dee3c0af54ee,2903,68.0,35.0,interior,-0.0,-0.0,-0.0,-0.0,-0.0,-0.0
8,5,loading,1.8,ec4944f1bc7c773b8d4cc3287ef4973344c36179514bf5f2cff0dee3c0af54ee,2904,69.0,35.0,interior,-0.0,-0.0,-0.0,-0.0,-0.0,-0.0
8,5,loading,1.8,ec4944f1bc7c773b8d4cc3287ef4973344c36179514bf5f2cff0dee3c0af54ee,2905,70.0,35.0,interior,-0.0,-0.0,-0.0,-0.0,-0.0,-0.0
8,5,loading,1.8,ec4944f1bc7c773b8d4cc3287ef4973344c36179514bf5f2cff0dee3c0af54ee,2906,71.0,35.0,interior,-0.0,-0.0,-0.0,-0.0,-0.0,-0.0
8,5,loading,1.8,ec4944f1bc7c773b8d4cc3287ef4973344c36179514bf5f2cff0dee3c0af54ee,2907,72.0,35.0,interior,-0.0,-0.0,-0.0,-0.0,-0.0,-0.0
8,5,loading,1.8,ec4944f1bc7c773b8d4cc3287ef4973344c36179514bf5f2cff0dee3c0af54ee,2908,73.0,35.0,interior,-0.0,-0.0,-0.0,-0.0,-0.0,-0.0
8,5,loading,1.8,ec4944f1bc7c773b8d4cc3287ef4973344c36179514bf5f2cff0dee3c0af54ee,2909,74.0,35.0,interior,-0.0,-0.0,-0.0,-0.0,-0.0,-0.0
8,5,loading,1.8,ec4944f1bc7c773b8d4cc3287ef4973344c36179514bf5f2cff0dee3c0af54ee,2910,75.0,35.0,interior,-0.0,-0.0,-0.0,-0.0,-0.0,-0.0
8,5,loading,1.8,ec4944f1bc7c773b8d4cc3287ef4973344c36179514bf5f2cff0dee3c0af54ee,2911,76.0,35.0,interior,-0.0,-0.0,-0.0,-0.0,-0.0,-0.0
8,5,loading,1.8,ec4944f1bc7c773b8d4cc3287ef4973344c36179514bf5f2cff0dee3c0af54ee,2912,77.0,35.0,interior,-0.0,-0.0,-0.0,-0.0,-0.0,-0.0
8,5,loading,1.8,ec4944f1bc7c773b8d4cc3287ef4973344c36179514bf5f2cff0dee3c0af54ee,2913,78.0,35.0,interior,-0.0,-0.0,-0.0,-0.0,-0.0,-0.0
8,5,loading,1.8,ec4944f1bc7c773b8d4cc3287ef4973344c36179514bf5f2cff0dee3c0af54ee,2914,79.0,35.0,physical_only,-8.655262430327874e-08,3.948569793601662e-09,-1.6681382034743858e-07,4.1478811564077223e-07,8.026119604415985e-08,-4.108395458471703e-07
8,5,loading,1.8,ec4944f1bc7c773b8d4cc3287ef4973344c36179514bf5f2cff0dee3c0af54ee,2979,63.0,36.0,physical_only,-7.407391283883814e-06,4.516017051617105e-07,-4.912003143915278e-06,3.495428694813402e-08,-2.4953881399685366e-06,4.166474182135766e-07
8,5,loading,1.8,ec4944f1bc7c773b8d4cc3287ef4973344c36179514bf5f2cff0dee3c0af54ee,2980,64.0,36.0,interior,-0.0,-0.0,-0.0,-0.0,-0.0,-0.0
8,5,loading,1.8,ec4944f1bc7c773b8d4cc3287ef4973344c36179514bf5f2cff0dee3c0af54ee,2981,65.0,36.0,interior,-0.0,-0.0,-0.0,-0.0,-0.0,-0.0
8,5,loading,1.8,ec4944f1bc7c773b8d4cc3287ef4973344c36179514bf5f2cff0dee3c0af54ee,2982,66.0,36.0,interior,-0.0,-0.0,-0.0,-0.0,-0.0,-0.0
8,5,loading,1.8,ec4944f1bc7c773b8d4cc3287ef4973344c36179514bf5f2cff0dee3c0af54ee,2983,67.0,36.0,interior,-0.0,-0.0,-0.0,-0.0,-0.0,-0.0
8,5,loading,1.8,ec4944f1bc7c773b8d4cc3287ef4973344c36179514bf5f2cff0dee3c0af54ee,2984,68.0,36.0,interior,-0.0,-0.0,-0.0,-0.0,-0.0,-0.0
8,5,loading,1.8,ec4944f1bc7c773b8d4cc3287ef4973344c36179514bf5f2cff0dee3c0af54ee,2985,69.0,36.0,interior,-0.0,-0.0,-0.0,-0.0,-0.0,-0.0
8,5,loading,1.8,ec4944f1bc7c773b8d4cc3287ef4973344c36179514bf5f2cff0dee3c0af54ee,2986,70.0,36.0,interior,-0.0,-0.0,-0.0,-0.0,-0.0,-0.0
8,5,loading,1.8,ec4944f1bc7c773b8d4cc3287ef4973344c36179514bf5f2cff0dee3c0af54ee,2987,71.0,36.0,interior,-0.0,-0.0,-0.0,-0.0,-0.0,-0.0
8,5,loading,1.8,ec4944f1bc7c773b8d4cc3287ef4973344c36179514bf5f2cff0dee3c0af54ee,2988,72.0,36.0,interior,-0.0,-0.0,-0.0,-0.0,-0.0,-0.0
8,5,loading,1.8,ec4944f1bc7c773b8d4cc3287ef4973344c36179514bf5f2cff0dee3c0af54ee,2989,73.0,36.0,interior,-0.0,-0.0,-0.0,-0.0,-0.0,-0.0
8,5,loading,1.8,ec4944f1bc7c773b8d4cc3287ef4973344c36179514bf5f2cff0dee3c0af54ee,2990,74.0,36.0,interior,-0.0,-0.0,-0.0,-0.0,-0.0,-0.0
8,5,loading,1.8,ec4944f1bc7c773b8d4cc3287ef4973344c36179514bf5f2cff0dee3c0af54ee,2991,75.0,36.0,interior,-0.0,-0.0,-0.0,-0.0,-0.0,-0.0
8,5,loading,1.8,ec4944f1bc7c773b8d4cc3287ef4973344c36179514bf5f2cff0dee3c0af54ee,2992,76.0,36.0,interior,-0.0,-0.0,-0.0,-0.0,-0.0,-0.0
8,5,loading,1.8,ec4944f1bc7c773b8d4cc3287ef4973344c36179514bf5f2cff0dee3c0af54ee,2993,77.0,36.0,interior,-0.0,-0.0,-0.0,-0.0,-0.0,-0.0
8,5,loading,1.8,ec4944f1bc7c773b8d4cc3287ef4973344c36179514bf5f2cff0dee3c0af54ee,2994,78.0,36.0,interior,-0.0,-0.0,-0.0,-0.0,-0.0,-0.0
8,5,loading,1.8,ec4944f1bc7c773b8d4cc3287ef4973344c36179514bf5f2cff0dee3c0af54ee,2995,79.0,36.0,physical_only,-8.530166916932307e-08,3.131007204131925e-09,-1.616775381205481e-07,3.303588804136674e-07,7.637586895122503e-08,-3.2722787320953796e-07
8,5,loading,1.8,ec4944f1bc7c773b8d4cc3287ef4973344c36179514bf5f2cff0dee3c0af54ee,3060,63.0,37.0,physical_only,-7.394064659082204e-06,3.915227056060683e-07,-5.098877760390338e-06,3.0133609374061166e-08,-2.295186898691866e-06,3.613890962320071e-07
8,5,loading,1.8,ec4944f1bc7c773b8d4cc3287ef4973344c36179514bf5f2cff0dee3c0af54ee,3061,64.0,37.0,interior,-0.0,-0.0,-0.0,-0.0,-0.0,-0.0
8,5,loading,1.8,ec4944f1bc7c773b8d4cc3287ef4973344c36179514bf5f2cff0dee3c0af54ee,3062,65.0,37.0,interior,-0.0,-0.0,-0.0,-0.0,-0.0,-0.0
8,5,loading,1.8,ec4944f1bc7c773b8d4cc3287ef4973344c36179514bf5f2cff0dee3c0af54ee,3063,66.0,37.0,interior,-0.0,-0.0,-0.0,-0.0,-0.0,-0.0
8,5,loading,1.8,ec4944f1bc7c773b8d4cc3287ef4973344c36179514bf5f2cff0dee3c0af54ee,3064,67.0,37.0,interior,-0.0,-0.0,-0.0,-0.0,-0.0,-0.0
8,5,loading,1.8,ec4944f1bc7c773b8d4cc3287ef4973344c36179514bf5f2cff0dee3c0af54ee,3065,68.0,37.0,interior,-0.0,-0.0,-0.0,-0.0,-0.0,-0.0
8,5,loading,1.8,ec4944f1bc7c773b8d4cc3287ef4973344c36179514bf5f2cff0dee3c0af54ee,3066,69.0,37.0,interior,-0.0,-0.0,-0.0,-0.0,-0.0,-0.0
8,5,loading,1.8,ec4944f1bc7c773b8d4cc3287ef4973344c36179514bf5f2cff0dee3c0af54ee,3067,70.0,37.0,interior,-0.0,-0.0,-0.0,-0.0,-0.0,-0.0
8,5,loading,1.8,ec4944f1bc7c773b8d4cc3287ef4973344c36179514bf5f2cff0dee3c0af54ee,3068,71.0,37.0,interior,-0.0,-0.0,-0.0,-0.0,-0.0,-0.0
8,5,loading,1.8,ec4944f1bc7c773b8d4cc3287ef4973344c36179514bf5f2cff0dee3c0af54ee,3069,72.0,37.0,interior,-0.0,-0.0,-0.0,-0.0,-0.0,-0.0
8,5,loading,1.8,ec4944f1bc7c773b8d4cc3287ef4973344c36179514bf5f2cff0dee3c0af54ee,3070,73.0,37.0,interior,-0.0,-0.0,-0.0,-0.0,-0.0,-0.0
8,5,loading,1.8,ec4944f1bc7c773b8d4cc3287ef4973344c36179514bf5f2cff0dee3c0af54ee,3071,74.0,37.0,interior,-0.0,-0.0,-0.0,-0.0,-0.0,-0.0
8,5,loading,1.8,ec4944f1bc7c773b8d4cc3287ef4973344c36179514bf5f2cff0dee3c0af54ee,3072,75.0,37.0,interior,-0.0,-0.0,-0.0,-0.0,-0.0,-0.0
8,5,loading,1.8,ec4944f1bc7c773b8d4cc3287ef4973344c36179514bf5f2cff0dee3c0af54ee,3073,76.0,37.0,interior,-0.0,-0.0,-0.0,-0.0,-0.0,-0.0
8,5,loading,1.8,ec4944f1bc7c773b8d4cc3287ef4973344c36179514bf5f2cff0dee3c0af54ee,3074,77.0,37.0,interior,-0.0,-0.0,-0.0,-0.0,-0.0,-0.0
8,5,loading,1.8,ec4944f1bc7c773b8d4cc3287ef4973344c36179514bf5f2cff0dee3c0af54ee,3075,78.0,37.0,interior,-0.0,-0.0,-0.0,-0.0,-0.0,-0.0
8,5,loading,1.8,ec4944f1bc7c773b8d4cc3287ef4973344c36179514bf5f2cff0dee3c0af54ee,3076,79.0,37.0,physical_only,-8.433320623003683e-08,2.3320755721330147e-09,-1.5772930418535454e-07,2.469115660793103e-07,7.339609795531768e-08,-2.445794905071746e-07
8,5,loading,1.8,ec4944f1bc7c773b8d4cc3287ef4973344c36179514bf5f2cff0dee3c0af54ee,3141,63.0,38.0,physical_only,-7.408809362899805e-06,2.789370051655948e-07,-5.233060415978994e-06,2.2247065322889302e-08,-2.175748946920811e-06,2.566899398427055e-07
8,5,loading,1.8,ec4944f1bc7c773b8d4cc3287ef4973344c36179514bf5f2cff0dee3c0af54ee,3142,64.0,38.0,interior,-0.0,-0.0,-0.0,-0.0,-0.0,-0.0
8,5,loading,1.8,ec4944f1bc7c773b8d4cc3287ef4973344c36179514bf5f2cff0dee3c0af54ee,3143,65.0,38.0,interior,-0.0,-0.0,-0.0,-0.0,-0.0,-0.0
8,5,loading,1.8,ec4944f1bc7c773b8d4cc3287ef4973344c36179514bf5f2cff0dee3c0af54ee,3144,66.0,38.0,interior,-0.0,-0.0,-0.0,-0.0,-0.0,-0.0
8,5,loading,1.8,ec4944f1bc7c773b8d4cc3287ef4973344c36179514bf5f2cff0dee3c0af54ee,3145,67.0,38.0,interior,-0.0,-0.0,-0.0,-0.0,-0.0,-0.0
8,5,loading,1.8,ec4944f1bc7c773b8d4cc3287ef4973344c36179514bf5f2cff0dee3c0af54ee,3146,68.0,38.0,interior,-0.0,-0.0,-0.0,-0.0,-0.0,-0.0
8,5,loading,1.8,ec4944f1bc7c773b8d4cc3287ef4973344c36179514bf5f2cff0dee3c0af54ee,3147,69.0,38.0,interior,-0.0,-0.0,-0.0,-0.0,-0.0,-0.0
8,5,loading,1.8,ec4944f1bc7c773b8d4cc3287ef4973344c36179514bf5f2cff0dee3c0af54ee,3148,70.0,38.0,interior,-0.0,-0.0,-0.0,-0.0,-0.0,-0.0
8,5,loading,1.8,ec4944f1bc7c773b8d4cc3287ef4973344c36179514bf5f2cff0dee3c0af54ee,3149,71.0,38.0,interior,-0.0,-0.0,-0.0,-0.0,-0.0,-0.0
8,5,loading,1.8,ec4944f1bc7c773b8d4cc3287ef4973344c36179514bf5f2cff0dee3c0af54ee,3150,72.0,38.0,interior,-0.0,-0.0,-0.0,-0.0,-0.0,-0.0
8,5,loading,1.8,ec4944f1bc7c773b8d4cc3287ef4973344c36179514bf5f2cff0dee3c0af54ee,3151,73.0,38.0,interior,-0.0,-0.0,-0.0,-0.0,-0.0,-0.0
8,5,loading,1.8,ec4944f1bc7c773b8d4cc3287ef4973344c36179514bf5f2cff0dee3c0af54ee,3152,74.0,38.0,interior,-0.0,-0.0,-0.0,-0.0,-0.0,-0.0
8,5,loading,1.8,ec4944f1bc7c773b8d4cc3287ef4973344c36179514bf5f2cff0dee3c0af54ee,3153,75.0,38.0,interior,-0.0,-0.0,-0.0,-0.0,-0.0,-0.0
8,5,loading,1.8,ec4944f1bc7c773b8d4cc3287ef4973344c36179514bf5f2cff0dee3c0af54ee,3154,76.0,38.0,interior,-0.0,-0.0,-0.0,-0.0,-0.0,-0.0
8,5,loading,1.8,ec4944f1bc7c773b8d4cc3287ef4973344c36179514bf5f2cff0dee3c0af54ee,3155,77.0,38.0,interior,-0.0,-0.0,-0.0,-0.0,-0.0,-0.0
8,5,loading,1.8,ec4944f1bc7c773b8d4cc3287ef4973344c36179514bf5f2cff0dee3c0af54ee,3156,78.0,38.0,interior,-0.0,-0.0,-0.0,-0.0,-0.0,-0.0
8,5,loading,1.8,ec4944f1bc7c773b8d4cc3287ef4973344c36179514bf5f2cff0dee3c0af54ee,3157,79.0,38.0,physical_only,-8.364385148625179e-08,1.5470357489223404e-09,-1.549339875785961e-07,1.6419963895557126e-07,7.129013609234428e-08,-1.626526032066492e-07
8,5,loading,1.8,ec4944f1bc7c773b8d4cc3287ef4973344c36179514bf5f2cff0dee3c0af54ee,3222,63.0,39.0,physical_only,-7.421658905918955e-06,1.4282162583141622e-07,-5.313958708689429e-06,1.182259634962434e-08,-2.1077001972295264e-06,1.30999029481792e-07
8,5,loading,1.8,ec4944f1bc7c773b8d4cc3287ef4973344c36179514bf5f2cff0dee3c0af54ee,3223,64.0,39.0,interior,-0.0,-0.0,-0.0,-0.0,-0.0,-0.0
8,5,loading,1.8,ec4944f1bc7c773b8d4cc3287ef4973344c36179514bf5f2cff0dee3c0af54ee,3224,65.0,39.0,interior,-0.0,-0.0,-0.0,-0.0,-0.0,-0.0
8,5,loading,1.8,ec4944f1bc7c773b8d4cc3287ef4973344c36179514bf5f2cff0dee3c0af54ee,3225,66.0,39.0,interior,-0.0,-0.0,-0.0,-0.0,-0.0,-0.0
8,5,loading,1.8,ec4944f1bc7c773b8d4cc3287ef4973344c36179514bf5f2cff0dee3c0af54ee,3226,67.0,39.0,interior,-0.0,-0.0,-0.0,-0.0,-0.0,-0.0
8,5,loading,1.8,ec4944f1bc7c773b8d4cc3287ef4973344c36179514bf5f2cff0dee3c0af54ee,3227,68.0,39.0,interior,-0.0,-0.0,-0.0,-0.0,-0.0,-0.0
8,5,loading,1.8,ec4944f1bc7c773b8d4cc3287ef4973344c36179514bf5f2cff0dee3c0af54ee,3228,69.0,39.0,interior,-0.0,-0.0,-0.0,-0.0,-0.0,-0.0
8,5,loading,1.8,ec4944f1bc7c773b8d4cc3287ef4973344c36179514bf5f2cff0dee3c0af54ee,3229,70.0,39.0,interior,-0.0,-0.0,-0.0,-0.0,-0.0,-0.0
8,5,loading,1.8,ec4944f1bc7c773b8d4cc3287ef4973344c36179514bf5f2cff0dee3c0af54ee,3230,71.0,39.0,interior,-0.0,-0.0,-0.0,-0.0,-0.0,-0.0
8,5,loading,1.8,ec4944f1bc7c773b8d4cc3287ef4973344c36179514bf5f2cff0dee3c0af54ee,3231,72.0,39.0,interior,-0.0,-0.0,-0.0,-0.0,-0.0,-0.0
8,5,loading,1.8,ec4944f1bc7c773b8d4cc3287ef4973344c36179514bf5f2cff0dee3c0af54ee,3232,73.0,39.0,interior,-0.0,-0.0,-0.0,-0.0,-0.0,-0.0
8,5,loading,1.8,ec4944f1bc7c773b8d4cc3287ef4973344c36179514bf5f2cff0dee3c0af54ee,3233,74.0,39.0,interior,-0.0,-0.0,-0.0,-0.0,-0.0,-0.0
8,5,loading,1.8,ec4944f1bc7c773b8d4cc3287ef4973344c36179514bf5f2cff0dee3c0af54ee,3234,75.0,39.0,interior,-0.0,-0.0,-0.0,-0.0,-0.0,-0.0
8,5,loading,1.8,ec4944f1bc7c773b8d4cc3287ef4973344c36179514bf5f2cff0dee3c0af54ee,3235,76.0,39.0,interior,-0.0,-0.0,-0.0,-0.0,-0.0,-0.0
8,5,loading,1.8,ec4944f1bc7c773b8d4cc3287ef4973344c36179514bf5f2cff0dee3c0af54ee,3236,77.0,39.0,interior,-0.0,-0.0,-0.0,-0.0,-0.0,-0.0
8,5,loading,1.8,ec4944f1bc7c773b8d4cc3287ef4973344c36179514bf5f2cff0dee3c0af54ee,3237,78.0,39.0,interior,-0.0,-0.0,-0.0,-0.0,-0.0,-0.0
8,5,loading,1.8,ec4944f1bc7c773b8d4cc3287ef4973344c36179514bf5f2cff0dee3c0af54ee,3238,79.0,39.0,physical_only,-8.323119833471107e-08,7.712181745680351e-10,-1.532666973262795e-07,8.197745983928546e-08,7.003549899156844e-08,-8.120624166471529e-08
8,5,loading,1.8,ec4944f1bc7c773b8d4cc3287ef4973344c36179514bf5f2cff0dee3c0af54ee,3303,63.0,40.0,physical_and_cut,-3.7129684164389973e-06,-5.771935466871261e-07,-2.6704990670422553e-06,-1.2438530025050017e-06,-1.0424693493967422e-06,6.666594558178756e-07
8,5,loading,1.8,ec4944f1bc7c773b8d4cc3287ef4973344c36179514bf5f2cff0dee3c0af54ee,3304,64.0,40.0,cut_only,-0.0,-0.0,-0.0,-0.0,-0.0,-0.0
8,5,loading,1.8,ec4944f1bc7c773b8d4cc3287ef4973344c36179514bf5f2cff0dee3c0af54ee,3305,65.0,40.0,cut_only,-0.0,-0.0,-0.0,-0.0,-0.0,-0.0
8,5,loading,1.8,ec4944f1bc7c773b8d4cc3287ef4973344c36179514bf5f2cff0dee3c0af54ee,3306,66.0,40.0,cut_only,-0.0,-0.0,-0.0,-0.0,-0.0,-0.0
8,5,loading,1.8,ec4944f1bc7c773b8d4cc3287ef4973344c36179514bf5f2cff0dee3c0af54ee,3307,67.0,40.0,cut_only,-0.0,-0.0,-0.0,-0.0,-0.0,-0.0
8,5,loading,1.8,ec4944f1bc7c773b8d4cc3287ef4973344c36179514bf5f2cff0dee3c0af54ee,3308,68.0,40.0,cut_only,-0.0,-0.0,-0.0,-0.0,-0.0,-0.0
8,5,loading,1.8,ec4944f1bc7c773b8d4cc3287ef4973344c36179514bf5f2cff0dee3c0af54ee,3309,69.0,40.0,cut_only,-0.0,-0.0,-0.0,-0.0,-0.0,-0.0
8,5,loading,1.8,ec4944f1bc7c773b8d4cc3287ef4973344c36179514bf5f2cff0dee3c0af54ee,3310,70.0,40.0,cut_only,-0.0,-0.0,-0.0,-0.0,-0.0,-0.0
8,5,loading,1.8,ec4944f1bc7c773b8d4cc3287ef4973344c36179514bf5f2cff0dee3c0af54ee,3311,71.0,40.0,cut_only,-0.0,-0.0,-0.0,-0.0,-0.0,-0.0
8,5,loading,1.8,ec4944f1bc7c773b8d4cc3287ef4973344c36179514bf5f2cff0dee3c0af54ee,3312,72.0,40.0,cut_only,-0.0,-0.0,-0.0,-0.0,-0.0,-0.0
8,5,loading,1.8,ec4944f1bc7c773b8d4cc3287ef4973344c36179514bf5f2cff0dee3c0af54ee,3313,73.0,40.0,cut_only,-0.0,-0.0,-0.0,-0.0,-0.0,-0.0
8,5,loading,1.8,ec4944f1bc7c773b8d4cc3287ef4973344c36179514bf5f2cff0dee3c0af54ee,3314,74.0,40.0,cut_only,-0.0,-0.0,-0.0,-0.0,-0.0,-0.0
8,5,loading,1.8,ec4944f1bc7c773b8d4cc3287ef4973344c36179514bf5f2cff0dee3c0af54ee,3315,75.0,40.0,cut_only,-0.0,-0.0,-0.0,-0.0,-0.0,-0.0
8,5,loading,1.8,ec4944f1bc7c773b8d4cc3287ef4973344c36179514bf5f2cff0dee3c0af54ee,3316,76.0,40.0,cut_only,-0.0,-0.0,-0.0,-0.0,-0.0,-0.0
8,5,loading,1.8,ec4944f1bc7c773b8d4cc3287ef4973344c36179514bf5f2cff0dee3c0af54ee,3317,77.0,40.0,cut_only,-0.0,-0.0,-0.0,-0.0,-0.0,-0.0
8,5,loading,1.8,ec4944f1bc7c773b8d4cc3287ef4973344c36179514bf5f2cff0dee3c0af54ee,3318,78.0,40.0,cut_only,-0.0,-0.0,-0.0,-0.0,-0.0,-0.0
8,5,loading,1.8,ec4944f1bc7c773b8d4cc3287ef4973344c36179514bf5f2cff0dee3c0af54ee,3319,79.0,40.0,physical_and_cut,-4.154690351151293e-08,-2.5430065969269857e-05,-7.635628990706092e-08,7.213397797294205e-08,3.480938639554798e-08,-2.55021999472428e-05
9,6,unloading,1.75,3a92fe04dab2ad6a97289ccbe805031bd05d4550e3588079bca5c850a8b9a3d8,2655,63.0,32.0,physical_only,-0.00032952741282805525,-0.00014389470834926964,-8.047512159542632e-06,6.7526651083214835e-06,-0.00032147990066851265,-0.00015064737345759111
9,6,unloading,1.75,3a92fe04dab2ad6a97289ccbe805031bd05d4550e3588079bca5c850a8b9a3d8,2656,64.0,32.0,physical_only,2.338518265960189e-06,-8.109517763166789e-05,-4.955363818909866e-06,7.372768631498868e-06,7.293882084870057e-06,-8.84679462631667e-05
9,6,unloading,1.75,3a92fe04dab2ad6a97289ccbe805031bd05d4550e3588079bca5c850a8b9a3d8,2657,65.0,32.0,physical_only,3.814461163105046e-06,-0.00010883368564330642,-5.089527490254063e-06,9.527425515619556e-06,8.90398865335911e-06,-0.00011836111115892596
9,6,unloading,1.75,3a92fe04dab2ad6a97289ccbe805031bd05d4550e3588079bca5c850a8b9a3d8,2658,66.0,32.0,physical_only,3.6755961957083363e-06,-0.0001434136603646299,-5.237364911627103e-06,1.2167333372479067e-05,8.912961107335437e-06,-0.0001555809937371091
9,6,unloading,1.75,3a92fe04dab2ad6a97289ccbe805031bd05d4550e3588079bca5c850a8b9a3d8,2659,67.0,32.0,physical_only,2.861468383907999e-06,-0.00018427723358619644,-5.397637886413835e-06,1.539350711069158e-05,8.25910627032183e-06,-0.00019967074069688793
9,6,unloading,1.75,3a92fe04dab2ad6a97289ccbe805031bd05d4550e3588079bca5c850a8b9a3d8,2660,68.0,32.0,physical_only,4.008657204733986e-06,-0.00023451024491808403,-5.572681668880432e-06,1.934548345423741e-05,9.581338873614427e-06,-0.0002538557283723213
9,6,unloading,1.75,3a92fe04dab2ad6a97289ccbe805031bd05d4550e3588079bca5c850a8b9a3d8,2661,69.0,32.0,physical_only,5.05407587648032e-06,-0.0002973057304447174,-5.768357214928227e-06,2.422644279764458e-05,1.0822433091408547e-05,-0.0003215321732423621
9,6,unloading,1.75,3a92fe04dab2ad6a97289ccbe805031bd05d4550e3588079bca5c850a8b9a3d8,2662,70.0,32.0,physical_only,6.158285031504737e-06,-0.00037346208923048473,-5.99426836473472e-06,3.0338747254408863e-05,1.2152553396239466e-05,-0.00040380083648489367
9,6,unloading,1.75,3a92fe04dab2ad6a97289ccbe805031bd05d4550e3588079bca5c850a8b9a3d8,2663,71.0,32.0,physical_only,7.451258638321528e-06,-0.0004649945950066987,-6.263849407397216e-06,3.814019440258871e-05,1.3715108045718748e-05,-0.0005031347894092876
9,6,unloading,1.75,3a92fe04dab2ad6a97289ccbe805031bd05d4550e3588079bca5c850a8b9a3d8,2664,72.0,32.0,physical_only,9.300990308621832e-06,-0.0005741394011579762,-6.597785206596471e-06,4.8349783348169365e-05,1.5898775515218303e-05,-0.0006224891845061455
9,6,unloading,1.75,3a92fe04dab2ad6a97289ccbe805031bd05d4550e3588079bca5c850a8b9a3d8,2665,73.0,32.0,physical_only,1.2067295338574538e-05,-0.000702213729556958,-7.028982064730152e-06,6.21503902155917e-05,1.9096277403304695e-05,-0.0007643641197725495
9,6,unloading,1.75,3a92fe04dab2ad6a97289ccbe805031bd05d4550e3588079bca5c850a8b9a3d8,2666,74.0,32.0,physical_only,2.1698654499433987e-05,-0.0008551459741009257,-7.616567027725161e-06,8.162612096979783e-05,2.9315221527159138e-05,-0.0009367720950707232
9,6,unloading,1.75,3a92fe04dab2ad6a97289ccbe805031bd05d4550e3588079bca5c850a8b9a3d8,2667,75.0,32.0,physical_only,3.756030403657672e-05,-0.0010479821040494178,-8.478067544509766e-06,0.00011082396468881919,4.603837158108649e-05,-0.0011588060687382374
9,6,unloading,1.75,3a92fe04dab2ad6a97289ccbe805031bd05d4550e3588079bca5c850a8b9a3d8,2668,76.0,32.0,physical_only,5.428834568623413e-05,-0.0012878772782151668,-9.869308472905443e-06,0.00015869086553540597,6.41576541591396e-05,-0.0014465681437505727
9,6,unloading,1.75,3a92fe04dab2ad6a97289ccbe805031bd05d4550e3588079bca5c850a8b9a3d8,2669,77.0,32.0,physical_only,6.264465510559124e-05,-0.0015321007570188944,-1.2434810771345643e-05,0.00024897076911080277,7.507946587693689e-05,-0.0017810715261296958
9,6,unloading,1.75,3a92fe04dab2ad6a97289ccbe805031bd05d4550e3588079bca5c850a8b9a3d8,2670,78.0,32.0,physical_only,6.226613482744907e-05,-0.00142498468436408,-1.8186513104569865e-05,0.00046508312707428396,8.045264793201892e-05,-0.001890067811438365
9,6,unloading,1.75,3a92fe04dab2ad6a97289ccbe805031bd05d4550e3588079bca5c850a8b9a3d8,2671,79.0,32.0,physical_only,-0.0008481746300177868,0.015928373228319366,-0.0003776904587361715,0.004215084682492585,-0.0004704841712816153,0.011713288545826782
9,6,unloading,1.75,3a92fe04dab2ad6a97289ccbe805031bd05d4550e3588079bca5c850a8b9a3d8,2736,63.0,33.0,physical_only,-8.425137257891869e-06,1.2035102234746598e-07,-4.015112641511219e-06,4.358905205407245e-08,-4.41002461638065e-06,7.676197029339332e-08
9,6,unloading,1.75,3a92fe04dab2ad6a97289ccbe805031bd05d4550e3588079bca5c850a8b9a3d8,2737,64.0,33.0,interior,-0.0,-0.0,-0.0,-0.0,-0.0,-0.0
9,6,unloading,1.75,3a92fe04dab2ad6a97289ccbe805031bd05d4550e3588079bca5c850a8b9a3d8,2738,65.0,33.0,interior,-0.0,-0.0,-0.0,-0.0,-0.0,-0.0
9,6,unloading,1.75,3a92fe04dab2ad6a97289ccbe805031bd05d4550e3588079bca5c850a8b9a3d8,2739,66.0,33.0,interior,-0.0,-0.0,-0.0,-0.0,-0.0,-0.0
9,6,unloading,1.75,3a92fe04dab2ad6a97289ccbe805031bd05d4550e3588079bca5c850a8b9a3d8,2740,67.0,33.0,interior,-0.0,-0.0,-0.0,-0.0,-0.0,-0.0
9,6,unloading,1.75,3a92fe04dab2ad6a97289ccbe805031bd05d4550e3588079bca5c850a8b9a3d8,2741,68.0,33.0,interior,-0.0,-0.0,-0.0,-0.0,-0.0,-0.0
9,6,unloading,1.75,3a92fe04dab2ad6a97289ccbe805031bd05d4550e3588079bca5c850a8b9a3d8,2742,69.0,33.0,interior,-0.0,-0.0,-0.0,-0.0,-0.0,-0.0
9,6,unloading,1.75,3a92fe04dab2ad6a97289ccbe805031bd05d4550e3588079bca5c850a8b9a3d8,2743,70.0,33.0,interior,-0.0,-0.0,-0.0,-0.0,-0.0,-0.0
9,6,unloading,1.75,3a92fe04dab2ad6a97289ccbe805031bd05d4550e3588079bca5c850a8b9a3d8,2744,71.0,33.0,interior,-0.0,-0.0,-0.0,-0.0,-0.0,-0.0
9,6,unloading,1.75,3a92fe04dab2ad6a97289ccbe805031bd05d4550e3588079bca5c850a8b9a3d8,2745,72.0,33.0,interior,-0.0,-0.0,-0.0,-0.0,-0.0,-0.0
9,6,unloading,1.75,3a92fe04dab2ad6a97289ccbe805031bd05d4550e3588079bca5c850a8b9a3d8,2746,73.0,33.0,interior,-0.0,-0.0,-0.0,-0.0,-0.0,-0.0
9,6,unloading,1.75,3a92fe04dab2ad6a97289ccbe805031bd05d4550e3588079bca5c850a8b9a3d8,2747,74.0,33.0,interior,-0.0,-0.0,-0.0,-0.0,-0.0,-0.0
9,6,unloading,1.75,3a92fe04dab2ad6a97289ccbe805031bd05d4550e3588079bca5c850a8b9a3d8,2748,75.0,33.0,interior,-0.0,-0.0,-0.0,-0.0,-0.0,-0.0
9,6,unloading,1.75,3a92fe04dab2ad6a97289ccbe805031bd05d4550e3588079bca5c850a8b9a3d8,2749,76.0,33.0,interior,-0.0,-0.0,-0.0,-0.0,-0.0,-0.0
9,6,unloading,1.75,3a92fe04dab2ad6a97289ccbe805031bd05d4550e3588079bca5c850a8b9a3d8,2750,77.0,33.0,interior,-0.0,-0.0,-0.0,-0.0,-0.0,-0.0
9,6,unloading,1.75,3a92fe04dab2ad6a97289ccbe805031bd05d4550e3588079bca5c850a8b9a3d8,2751,78.0,33.0,interior,-0.0,-0.0,-0.0,-0.0,-0.0,-0.0
9,6,unloading,1.75,3a92fe04dab2ad6a97289ccbe805031bd05d4550e3588079bca5c850a8b9a3d8,2752,79.0,33.0,physical_only,-9.174134972662819e-08,6.116400253198498e-09,-1.9797850526062733e-07,5.986399376299314e-07,1.0623715553399925e-07,-5.92523537376734e-07
9,6,unloading,1.75,3a92fe04dab2ad6a97289ccbe805031bd05d4550e3588079bca5c850a8b9a3d8,2817,63.0,34.0,physical_only,-7.769277285654427e-06,2.910606270761674e-07,-4.363835269130918e-06,3.981887818892149e-08,-3.4054420165235066e-06,2.512417488872459e-07
9,6,unloading,1.75,3a92fe04dab2ad6a97289ccbe805031bd05d4550e3588079bca5c850a8b9a3d8,2818,64.0,34.0,interior,-0.0,-0.0,-0.0,-0.0,-0.0,-0.0
9,6,unloading,1.75,3a92fe04dab2ad6a97289ccbe805031bd05d4550e3588079bca5c850a8b9a3d8,2819,65.0,34.0,interior,-0.0,-0.0,-0.0,-0.0,-0.0,-0.0
9,6,unloading,1.75,3a92fe04dab2ad6a97289ccbe805031bd05d4550e3588079bca5c850a8b9a3d8,2820,66.0,34.0,interior,-0.0,-0.0,-0.0,-0.0,-0.0,-0.0
9,6,unloading,1.75,3a92fe04dab2ad6a97289ccbe805031bd05d4550e3588079bca5c850a8b9a3d8,2821,67.0,34.0,interior,-0.0,-0.0,-0.0,-0.0,-0.0,-0.0
9,6,unloading,1.75,3a92fe04dab2ad6a97289ccbe805031bd05d4550e3588079bca5c850a8b9a3d8,2822,68.0,34.0,interior,-0.0,-0.0,-0.0,-0.0,-0.0,-0.0
9,6,unloading,1.75,3a92fe04dab2ad6a97289ccbe805031bd05d4550e3588079bca5c850a8b9a3d8,2823,69.0,34.0,interior,-0.0,-0.0,-0.0,-0.0,-0.0,-0.0
9,6,unloading,1.75,3a92fe04dab2ad6a97289ccbe805031bd05d4550e3588079bca5c850a8b9a3d8,2824,70.0,34.0,interior,-0.0,-0.0,-0.0,-0.0,-0.0,-0.0
9,6,unloading,1.75,3a92fe04dab2ad6a97289ccbe805031bd05d4550e3588079bca5c850a8b9a3d8,2825,71.0,34.0,interior,-0.0,-0.0,-0.0,-0.0,-0.0,-0.0
9,6,unloading,1.75,3a92fe04dab2ad6a97289ccbe805031bd05d4550e3588079bca5c850a8b9a3d8,2826,72.0,34.0,interior,-0.0,-0.0,-0.0,-0.0,-0.0,-0.0
9,6,unloading,1.75,3a92fe04dab2ad6a97289ccbe805031bd05d4550e3588079bca5c850a8b9a3d8,2827,73.0,34.0,interior,-0.0,-0.0,-0.0,-0.0,-0.0,-0.0
9,6,unloading,1.75,3a92fe04dab2ad6a97289ccbe805031bd05d4550e3588079bca5c850a8b9a3d8,2828,74.0,34.0,interior,-0.0,-0.0,-0.0,-0.0,-0.0,-0.0
9,6,unloading,1.75,3a92fe04dab2ad6a97289ccbe805031bd05d4550e3588079bca5c850a8b9a3d8,2829,75.0,34.0,interior,-0.0,-0.0,-0.0,-0.0,-0.0,-0.0
9,6,unloading,1.75,3a92fe04dab2ad6a97289ccbe805031bd05d4550e3588079bca5c850a8b9a3d8,2830,76.0,34.0,interior,-0.0,-0.0,-0.0,-0.0,-0.0,-0.0
9,6,unloading,1.75,3a92fe04dab2ad6a97289ccbe805031bd05d4550e3588079bca5c850a8b9a3d8,2831,77.0,34.0,interior,-0.0,-0.0,-0.0,-0.0,-0.0,-0.0
9,6,unloading,1.75,3a92fe04dab2ad6a97289ccbe805031bd05d4550e3588079bca5c850a8b9a3d8,2832,78.0,34.0,interior,-0.0,-0.0,-0.0,-0.0,-0.0,-0.0
9,6,unloading,1.75,3a92fe04dab2ad6a97289ccbe805031bd05d4550e3588079bca5c850a8b9a3d8,2833,79.0,34.0,physical_only,-8.987097931196052e-08,5.17500312858683e-09,-1.8935624339708388e-07,5.098984632979739e-07,9.948526408512329e-08,-5.047234601693867e-07
9,6,unloading,1.75,3a92fe04dab2ad6a97289ccbe805031bd05d4550e3588079bca5c850a8b9a3d8,2898,63.0,35.0,physical_only,-7.453217342266668e-06,4.154856610598624e-07,-4.6534764194214215e-06,3.799852777971707e-08,-2.799740922845246e-06,3.7748713328014556e-07
9,6,unloading,1.75,3a92fe04dab2ad6a97289ccbe805031bd05d4550e3588079bca5c850a8b9a3d8,2899,64.0,35.0,interior,-0.0,-0.0,-0.0,-0.0,-0.0,-0.0
9,6,unloading,1.75,3a92fe04dab2ad6a97289ccbe805031bd05d4550e3588079bca5c850a8b9a3d8,2900,65.0,35.0,interior,-0.0,-0.0,-0.0,-0.0,-0.0,-0.0
9,6,unloading,1.75,3a92fe04dab2ad6a97289ccbe805031bd05d4550e3588079bca5c850a8b9a3d8,2901,66.0,35.0,interior,-0.0,-0.0,-0.0,-0.0,-0.0,-0.0
9,6,unloading,1.75,3a92fe04dab2ad6a97289ccbe805031bd05d4550e3588079bca5c850a8b9a3d8,2902,67.0,35.0,interior,-0.0,-0.0,-0.0,-0.0,-0.0,-0.0
9,6,unloading,1.75,3a92fe04dab2ad6a97289ccbe805031bd05d4550e3588079bca5c850a8b9a3d8,2903,68.0,35.0,interior,-0.0,-0.0,-0.0,-0.0,-0.0,-0.0
9,6,unloading,1.75,3a92fe04dab2ad6a97289ccbe805031bd05d4550e3588079bca5c850a8b9a3d8,2904,69.0,35.0,interior,-0.0,-0.0,-0.0,-0.0,-0.0,-0.0
9,6,unloading,1.75,3a92fe04dab2ad6a97289ccbe805031bd05d4550e3588079bca5c850a8b9a3d8,2905,70.0,35.0,interior,-0.0,-0.0,-0.0,-0.0,-0.0,-0.0
9,6,unloading,1.75,3a92fe04dab2ad6a97289ccbe805031bd05d4550e3588079bca5c850a8b9a3d8,2906,71.0,35.0,interior,-0.0,-0.0,-0.0,-0.0,-0.0,-0.0
9,6,unloading,1.75,3a92fe04dab2ad6a97289ccbe805031bd05d4550e3588079bca5c850a8b9a3d8,2907,72.0,35.0,interior,-0.0,-0.0,-0.0,-0.0,-0.0,-0.0
9,6,unloading,1.75,3a92fe04dab2ad6a97289ccbe805031bd05d4550e3588079bca5c850a8b9a3d8,2908,73.0,35.0,interior,-0.0,-0.0,-0.0,-0.0,-0.0,-0.0
9,6,unloading,1.75,3a92fe04dab2ad6a97289ccbe805031bd05d4550e3588079bca5c850a8b9a3d8,2909,74.0,35.0,interior,-0.0,-0.0,-0.0,-0.0,-0.0,-0.0
9,6,unloading,1.75,3a92fe04dab2ad6a97289ccbe805031bd05d4550e3588079bca5c850a8b9a3d8,2910,75.0,35.0,interior,-0.0,-0.0,-0.0,-0.0,-0.0,-0.0
9,6,unloading,1.75,3a92fe04dab2ad6a97289ccbe805031bd05d4550e3588079bca5c850a8b9a3d8,2911,76.0,35.0,interior,-0.0,-0.0,-0.0,-0.0,-0.0,-0.0
9,6,unloading,1.75,3a92fe04dab2ad6a97289ccbe805031bd05d4550e3588079bca5c850a8b9a3d8,2912,77.0,35.0,interior,-0.0,-0.0,-0.0,-0.0,-0.0,-0.0
9,6,unloading,1.75,3a92fe04dab2ad6a97289ccbe805031bd05d4550e3588079bca5c850a8b9a3d8,2913,78.0,35.0,interior,-0.0,-0.0,-0.0,-0.0,-0.0,-0.0
9,6,unloading,1.75,3a92fe04dab2ad6a97289ccbe805031bd05d4550e3588079bca5c850a8b9a3d8,2914,79.0,35.0,physical_only,-8.829943122212186e-08,4.265089170766922e-09,-1.8218760798763933e-07,4.2264634680653484e-07,9.388817676551741e-08,-4.1838125763577126e-07
9,6,unloading,1.75,3a92fe04dab2ad6a97289ccbe805031bd05d4550e3588079bca5c850a8b9a3d8,2979,63.0,36.0,physical_only,-7.347811353909075e-06,4.4129939657731483e-07,-4.8891154987566905e-06,3.544818869358468e-08,-2.4586958551523835e-06,4.0585120788373016e-07
9,6,unloading,1.75,3a92fe04dab2ad6a97289ccbe805031bd05d4550e3588079bca5c850a8b9a3d8,2980,64.0,36.0,interior,-0.0,-0.0,-0.0,-0.0,-0.0,-0.0
9,6,unloading,1.75,3a92fe04dab2ad6a97289ccbe805031bd05d4550e3588079bca5c850a8b9a3d8,2981,65.0,36.0,interior,-0.0,-0.0,-0.0,-0.0,-0.0,-0.0
9,6,unloading,1.75,3a92fe04dab2ad6a97289ccbe805031bd05d4550e3588079bca5c850a8b9a3d8,2982,66.0,36.0,interior,-0.0,-0.0,-0.0,-0.0,-0.0,-0.0
9,6,unloading,1.75,3a92fe04dab2ad6a97289ccbe805031bd05d4550e3588079bca5c850a8b9a3d8,2983,67.0,36.0,interior,-0.0,-0.0,-0.0,-0.0,-0.0,-0.0
9,6,unloading,1.75,3a92fe04dab2ad6a97289ccbe805031bd05d4550e3588079bca5c850a8b9a3d8,2984,68.0,36.0,interior,-0.0,-0.0,-0.0,-0.0,-0.0,-0.0
9,6,unloading,1.75,3a92fe04dab2ad6a97289ccbe805031bd05d4550e3588079bca5c850a8b9a3d8,2985,69.0,36.0,interior,-0.0,-0.0,-0.0,-0.0,-0.0,-0.0
9,6,unloading,1.75,3a92fe04dab2ad6a97289ccbe805031bd05d4550e3588079bca5c850a8b9a3d8,2986,70.0,36.0,interior,-0.0,-0.0,-0.0,-0.0,-0.0,-0.0
9,6,unloading,1.75,3a92fe04dab2ad6a97289ccbe805031bd05d4550e3588079bca5c850a8b9a3d8,2987,71.0,36.0,interior,-0.0,-0.0,-0.0,-0.0,-0.0,-0.0
9,6,unloading,1.75,3a92fe04dab2ad6a97289ccbe805031bd05d4550e3588079bca5c850a8b9a3d8,2988,72.0,36.0,interior,-0.0,-0.0,-0.0,-0.0,-0.0,-0.0
9,6,unloading,1.75,3a92fe04dab2ad6a97289ccbe805031bd05d4550e3588079bca5c850a8b9a3d8,2989,73.0,36.0,interior,-0.0,-0.0,-0.0,-0.0,-0.0,-0.0
9,6,unloading,1.75,3a92fe04dab2ad6a97289ccbe805031bd05d4550e3588079bca5c850a8b9a3d8,2990,74.0,36.0,interior,-0.0,-0.0,-0.0,-0.0,-0.0,-0.0
9,6,unloading,1.75,3a92fe04dab2ad6a97289ccbe805031bd05d4550e3588079bca5c850a8b9a3d8,2991,75.0,36.0,interior,-0.0,-0.0,-0.0,-0.0,-0.0,-0.0
9,6,unloading,1.75,3a92fe04dab2ad6a97289ccbe805031bd05d4550e3588079bca5c850a8b9a3d8,2992,76.0,36.0,interior,-0.0,-0.0,-0.0,-0.0,-0.0,-0.0
9,6,unloading,1.75,3a92fe04dab2ad6a97289ccbe805031bd05d4550e3588079bca5c850a8b9a3d8,2993,77.0,36.0,interior,-0.0,-0.0,-0.0,-0.0,-0.0,-0.0
9,6,unloading,1.75,3a92fe04dab2ad6a97289ccbe805031bd05d4550e3588079bca5c850a8b9a3d8,2994,78.0,36.0,interior,-0.0,-0.0,-0.0,-0.0,-0.0,-0.0
9,6,unloading,1.75,3a92fe04dab2ad6a97289ccbe805031bd05d4550e3588079bca5c850a8b9a3d8,2995,79.0,36.0,physical_only,-8.702113197490726e-08,3.38118634920202e-09,-1.764082928924141e-07,3.36633309345837e-07,8.938716091750683e-08,-3.332521229966355e-07
9,6,unloading,1.75,3a92fe04dab2ad6a97289ccbe805031bd05d4550e3588079bca5c850a8b9a3d8,3060,63.0,37.0,physical_only,-7.336692073719178e-06,3.841577319671989e-07,-5.072781773684295e-06,3.0402765292139684e-08,-2.263910300034885e-06,3.53754966675059e-07
9,6,unloading,1.75,3a92fe04dab2ad6a97289ccbe805031bd05d4550e3588079bca5c850a8b9a3d8,3061,64.0,37.0,interior,-0.0,-0.0,-0.0,-0.0,-0.0,-0.0
9,6,unloading,1.75,3a92fe04dab2ad6a97289ccbe805031bd05d4550e3588079bca5c850a8b9a3d8,3062,65.0,37.0,interior,-0.0,-0.0,-0.0,-0.0,-0.0,-0.0
9,6,unloading,1.75,3a92fe04dab2ad6a97289ccbe805031bd05d4550e3588079bca5c850a8b9a3d8,3063,66.0,37.0,interior,-0.0,-0.0,-0.0,-0.0,-0.0,-0.0
9,6,unloading,1.75,3a92fe04dab2ad6a97289ccbe805031bd05d4550e3588079bca5c850a8b9a3d8,3064,67.0,37.0,interior,-0.0,-0.0,-0.0,-0.0,-0.0,-0.0
9,6,unloading,1.75,3a92fe04dab2ad6a97289ccbe805031bd05d4550e3588079bca5c850a8b9a3d8,3065,68.0,37.0,interior,-0.0,-0.0,-0.0,-0.0,-0.0,-0.0
9,6,unloading,1.75,3a92fe04dab2ad6a97289ccbe805031bd05d4550e3588079bca5c850a8b9a3d8,3066,69.0,37.0,interior,-0.0,-0.0,-0.0,-0.0,-0.0,-0.0
9,6,unloading,1.75,3a92fe04dab2ad6a97289ccbe805031bd05d4550e3588079bca5c850a8b9a3d8,3067,70.0,37.0,interior,-0.0,-0.0,-0.0,-0.0,-0.0,-0.0
9,6,unloading,1.75,3a92fe04dab2ad6a97289ccbe805031bd05d4550e3588079bca5c850a8b9a3d8,3068,71.0,37.0,interior,-0.0,-0.0,-0.0,-0.0,-0.0,-0.0
9,6,unloading,1.75,3a92fe04dab2ad6a97289ccbe805031bd05d4550e3588079bca5c850a8b9a3d8,3069,72.0,37.0,interior,-0.0,-0.0,-0.0,-0.0,-0.0,-0.0
9,6,unloading,1.75,3a92fe04dab2ad6a97289ccbe805031bd05d4550e3588079bca5c850a8b9a3d8,3070,73.0,37.0,interior,-0.0,-0.0,-0.0,-0.0,-0.0,-0.0
9,6,unloading,1.75,3a92fe04dab2ad6a97289ccbe805031bd05d4550e3588079bca5c850a8b9a3d8,3071,74.0,37.0,interior,-0.0,-0.0,-0.0,-0.0,-0.0,-0.0
9,6,unloading,1.75,3a92fe04dab2ad6a97289ccbe805031bd05d4550e3588079bca5c850a8b9a3d8,3072,75.0,37.0,interior,-0.0,-0.0,-0.0,-0.0,-0.0,-0.0
9,6,unloading,1.75,3a92fe04dab2ad6a97289ccbe805031bd05d4550e3588079bca5c850a8b9a3d8,3073,76.0,37.0,interior,-0.0,-0.0,-0.0,-0.0,-0.0,-0.0
9,6,unloading,1.75,3a92fe04dab2ad6a97289ccbe805031bd05d4550e3588079bca5c850a8b9a3d8,3074,77.0,37.0,interior,-0.0,-0.0,-0.0,-0.0,-0.0,-0.0
9,6,unloading,1.75,3a92fe04dab2ad6a97289ccbe805031bd05d4550e3588079bca5c850a8b9a3d8,3075,78.0,37.0,interior,-0.0,-0.0,-0.0,-0.0,-0.0,-0.0
9,6,unloading,1.75,3a92fe04dab2ad6a97289ccbe805031bd05d4550e3588079bca5c850a8b9a3d8,3076,79.0,37.0,physical_only,-8.60315550753525e-08,2.5179436486306745e-09,-1.7196636020600117e-07,2.5161013166918696e-07,8.59348051306487e-08,-2.490921880205574e-07
9,6,unloading,1.75,3a92fe04dab2ad6a97289ccbe805031bd05d4550e3588079bca5c850a8b9a3d8,3141,63.0,38.0,physical_only,-7.352970424563765e-06,2.742795850077667e-07,-5.204634675130086e-06,2.2374616692108527e-08,-2.1483357494336786e-06,2.5190496831565805e-07
9,6,unloading,1.75,3a92fe04dab2ad6a97289ccbe805031bd05d4550e3588079bca5c850a8b9a3d8,3142,64.0,38.0,interior,-0.0,-0.0,-0.0,-0.0,-0.0,-0.0
9,6,unloading,1.75,3a92fe04dab2ad6a97289ccbe805031bd05d4550e3588079bca5c850a8b9a3d8,3143,65.0,38.0,interior,-0.0,-0.0,-0.0,-0.0,-0.0,-0.0
9,6,unloading,1.75,3a92fe04dab2ad6a97289ccbe805031bd05d4550e3588079bca5c850a8b9a3d8,3144,66.0,38.0,interior,-0.0,-0.0,-0.0,-0.0,-0.0,-0.0
9,6,unloading,1.75,3a92fe04dab2ad6a97289ccbe805031bd05d4550e3588079bca5c850a8b9a3d8,3145,67.0,38.0,interior,-0.0,-0.0,-0.0,-0.0,-0.0,-0.0
9,6,unloading,1.75,3a92fe04dab2ad6a97289ccbe805031bd05d4550e3588079bca5c850a8b9a3d8,3146,68.0,38.0,interior,-0.0,-0.0,-0.0,-0.0,-0.0,-0.0
9,6,unloading,1.75,3a92fe04dab2ad6a97289ccbe805031bd05d4550e3588079bca5c850a8b9a3d8,3147,69.0,38.0,interior,-0.0,-0.0,-0.0,-0.0,-0.0,-0.0
9,6,unloading,1.75,3a92fe04dab2ad6a97289ccbe805031bd05d4550e3588079bca5c850a8b9a3d8,3148,70.0,38.0,interior,-0.0,-0.0,-0.0,-0.0,-0.0,-0.0
9,6,unloading,1.75,3a92fe04dab2ad6a97289ccbe805031bd05d4550e3588079bca5c850a8b9a3d8,3149,71.0,38.0,interior,-0.0,-0.0,-0.0,-0.0,-0.0,-0.0
9,6,unloading,1.75,3a92fe04dab2ad6a97289ccbe805031bd05d4550e3588079bca5c850a8b9a3d8,3150,72.0,38.0,interior,-0.0,-0.0,-0.0,-0.0,-0.0,-0.0
9,6,unloading,1.75,3a92fe04dab2ad6a97289ccbe805031bd05d4550e3588079bca5c850a8b9a3d8,3151,73.0,38.0,interior,-0.0,-0.0,-0.0,-0.0,-0.0,-0.0
9,6,unloading,1.75,3a92fe04dab2ad6a97289ccbe805031bd05d4550e3588079bca5c850a8b9a3d8,3152,74.0,38.0,interior,-0.0,-0.0,-0.0,-0.0,-0.0,-0.0
9,6,unloading,1.75,3a92fe04dab2ad6a97289ccbe805031bd05d4550e3588079bca5c850a8b9a3d8,3153,75.0,38.0,interior,-0.0,-0.0,-0.0,-0.0,-0.0,-0.0
9,6,unloading,1.75,3a92fe04dab2ad6a97289ccbe805031bd05d4550e3588079bca5c850a8b9a3d8,3154,76.0,38.0,interior,-0.0,-0.0,-0.0,-0.0,-0.0,-0.0
9,6,unloading,1.75,3a92fe04dab2ad6a97289ccbe805031bd05d4550e3588079bca5c850a8b9a3d8,3155,77.0,38.0,interior,-0.0,-0.0,-0.0,-0.0,-0.0,-0.0
9,6,unloading,1.75,3a92fe04dab2ad6a97289ccbe805031bd05d4550e3588079bca5c850a8b9a3d8,3156,78.0,38.0,interior,-0.0,-0.0,-0.0,-0.0,-0.0,-0.0
9,6,unloading,1.75,3a92fe04dab2ad6a97289ccbe805031bd05d4550e3588079bca5c850a8b9a3d8,3157,79.0,38.0,physical_only,-8.53272008118494e-08,1.6701085065518636e-09,-1.6882183453826366e-07,1.6732850242914146e-07,8.349463372641425e-08,-1.656583939225884e-07
9,6,unloading,1.75,3a92fe04dab2ad6a97289ccbe805031bd05d4550e3588079bca5c850a8b9a3d8,3222,63.0,39.0,physical_only,-7.366758952163333e-06,1.4058782541864938e-07,-5.284118994917696e-06,1.1870114197775473e-08,-2.082639957245637e-06,1.287177112208738e-07
9,6,unloading,1.75,3a92fe04dab2ad6a97289ccbe805031bd05d4550e3588079bca5c850a8b9a3d8,3223,64.0,39.0,interior,-0.0,-0.0,-0.0,-0.0,-0.0,-0.0
9,6,unloading,1.75,3a92fe04dab2ad6a97289ccbe805031bd05d4550e3588079bca5c850a8b9a3d8,3224,65.0,39.0,interior,-0.0,-0.0,-0.0,-0.0,-0.0,-0.0
9,6,unloading,1.75,3a92fe04dab2ad6a97289ccbe805031bd05d4550e3588079bca5c850a8b9a3d8,3225,66.0,39.0,interior,-0.0,-0.0,-0.0,-0.0,-0.0,-0.0
9,6,unloading,1.75,3a92fe04dab2ad6a97289ccbe805031bd05d4550e3588079bca5c850a8b9a3d8,3226,67.0,39.0,interior,-0.0,-0.0,-0.0,-0.0,-0.0,-0.0
9,6,unloading,1.75,3a92fe04dab2ad6a97289ccbe805031bd05d4550e3588079bca5c850a8b9a3d8,3227,68.0,39.0,interior,-0.0,-0.0,-0.0,-0.0,-0.0,-0.0
9,6,unloading,1.75,3a92fe04dab2ad6a97289ccbe805031bd05d4550e3588079bca5c850a8b9a3d8,3228,69.0,39.0,interior,-0.0,-0.0,-0.0,-0.0,-0.0,-0.0
9,6,unloading,1.75,3a92fe04dab2ad6a97289ccbe805031bd05d4550e3588079bca5c850a8b9a3d8,3229,70.0,39.0,interior,-0.0,-0.0,-0.0,-0.0,-0.0,-0.0
9,6,unloading,1.75,3a92fe04dab2ad6a97289ccbe805031bd05d4550e3588079bca5c850a8b9a3d8,3230,71.0,39.0,interior,-0.0,-0.0,-0.0,-0.0,-0.0,-0.0
9,6,unloading,1.75,3a92fe04dab2ad6a97289ccbe805031bd05d4550e3588079bca5c850a8b9a3d8,3231,72.0,39.0,interior,-0.0,-0.0,-0.0,-0.0,-0.0,-0.0
9,6,unloading,1.75,3a92fe04dab2ad6a97289ccbe805031bd05d4550e3588079bca5c850a8b9a3d8,3232,73.0,39.0,interior,-0.0,-0.0,-0.0,-0.0,-0.0,-0.0
9,6,unloading,1.75,3a92fe04dab2ad6a97289ccbe805031bd05d4550e3588079bca5c850a8b9a3d8,3233,74.0,39.0,interior,-0.0,-0.0,-0.0,-0.0,-0.0,-0.0
9,6,unloading,1.75,3a92fe04dab2ad6a97289ccbe805031bd05d4550e3588079bca5c850a8b9a3d8,3234,75.0,39.0,interior,-0.0,-0.0,-0.0,-0.0,-0.0,-0.0
9,6,unloading,1.75,3a92fe04dab2ad6a97289ccbe805031bd05d4550e3588079bca5c850a8b9a3d8,3235,76.0,39.0,interior,-0.0,-0.0,-0.0,-0.0,-0.0,-0.0
9,6,unloading,1.75,3a92fe04dab2ad6a97289ccbe805031bd05d4550e3588079bca5c850a8b9a3d8,3236,77.0,39.0,interior,-0.0,-0.0,-0.0,-0.0,-0.0,-0.0
9,6,unloading,1.75,3a92fe04dab2ad6a97289ccbe805031bd05d4550e3588079bca5c850a8b9a3d8,3237,78.0,39.0,interior,-0.0,-0.0,-0.0,-0.0,-0.0,-0.0
9,6,unloading,1.75,3a92fe04dab2ad6a97289ccbe805031bd05d4550e3588079bca5c850a8b9a3d8,3238,79.0,39.0,physical_only,-8.490558057129525e-08,8.32503128896301e-10,-1.669463874240493e-07,8.354082593669715e-08,8.204080685275407e-08,-8.270832280780048e-08
9,6,unloading,1.75,3a92fe04dab2ad6a97289ccbe805031bd05d4550e3588079bca5c850a8b9a3d8,3303,63.0,40.0,physical_and_cut,-3.685678849193451e-06,-5.985933539014178e-07,-2.655342167276997e-06,-1.2361119451148165e-06,-1.0303366819164537e-06,6.375185912133988e-07
9,6,unloading,1.75,3a92fe04dab2ad6a97289ccbe805031bd05d4550e3588079bca5c850a8b9a3d8,3304,64.0,40.0,cut_only,-0.0,-0.0,-0.0,-0.0,-0.0,-0.0
9,6,unloading,1.75,3a92fe04dab2ad6a97289ccbe805031bd05d4550e3588079bca5c850a8b9a3d8,3305,65.0,40.0,cut_only,-0.0,-0.0,-0.0,-0.0,-0.0,-0.0
9,6,unloading,1.75,3a92fe04dab2ad6a97289ccbe805031bd05d4550e3588079bca5c850a8b9a3d8,3306,66.0,40.0,cut_only,-0.0,-0.0,-0.0,-0.0,-0.0,-0.0
9,6,unloading,1.75,3a92fe04dab2ad6a97289ccbe805031bd05d4550e3588079bca5c850a8b9a3d8,3307,67.0,40.0,cut_only,-0.0,-0.0,-0.0,-0.0,-0.0,-0.0
9,6,unloading,1.75,3a92fe04dab2ad6a97289ccbe805031bd05d4550e3588079bca5c850a8b9a3d8,3308,68.0,40.0,cut_only,-0.0,-0.0,-0.0,-0.0,-0.0,-0.0
9,6,unloading,1.75,3a92fe04dab2ad6a97289ccbe805031bd05d4550e3588079bca5c850a8b9a3d8,3309,69.0,40.0,cut_only,-0.0,-0.0,-0.0,-0.0,-0.0,-0.0
9,6,unloading,1.75,3a92fe04dab2ad6a97289ccbe805031bd05d4550e3588079bca5c850a8b9a3d8,3310,70.0,40.0,cut_only,-0.0,-0.0,-0.0,-0.0,-0.0,-0.0
9,6,unloading,1.75,3a92fe04dab2ad6a97289ccbe805031bd05d4550e3588079bca5c850a8b9a3d8,3311,71.0,40.0,cut_only,-0.0,-0.0,-0.0,-0.0,-0.0,-0.0
9,6,unloading,1.75,3a92fe04dab2ad6a97289ccbe805031bd05d4550e3588079bca5c850a8b9a3d8,3312,72.0,40.0,cut_only,-0.0,-0.0,-0.0,-0.0,-0.0,-0.0
9,6,unloading,1.75,3a92fe04dab2ad6a97289ccbe805031bd05d4550e3588079bca5c850a8b9a3d8,3313,73.0,40.0,cut_only,-0.0,-0.0,-0.0,-0.0,-0.0,-0.0
9,6,unloading,1.75,3a92fe04dab2ad6a97289ccbe805031bd05d4550e3588079bca5c850a8b9a3d8,3314,74.0,40.0,cut_only,-0.0,-0.0,-0.0,-0.0,-0.0,-0.0
9,6,unloading,1.75,3a92fe04dab2ad6a97289ccbe805031bd05d4550e3588079bca5c850a8b9a3d8,3315,75.0,40.0,cut_only,-0.0,-0.0,-0.0,-0.0,-0.0,-0.0
9,6,unloading,1.75,3a92fe04dab2ad6a97289ccbe805031bd05d4550e3588079bca5c850a8b9a3d8,3316,76.0,40.0,cut_only,-0.0,-0.0,-0.0,-0.0,-0.0,-0.0
9,6,unloading,1.75,3a92fe04dab2ad6a97289ccbe805031bd05d4550e3588079bca5c850a8b9a3d8,3317,77.0,40.0,cut_only,-0.0,-0.0,-0.0,-0.0,-0.0,-0.0
9,6,unloading,1.75,3a92fe04dab2ad6a97289ccbe805031bd05d4550e3588079bca5c850a8b9a3d8,3318,78.0,40.0,cut_only,-0.0,-0.0,-0.0,-0.0,-0.0,-0.0
9,6,unloading,1.75,3a92fe04dab2ad6a97289ccbe805031bd05d4550e3588079bca5c850a8b9a3d8,3319,79.0,40.0,physical_and_cut,-4.238260282704207e-08,-2.5968568466615743e-05,-8.316155596350851e-08,7.577908378267154e-08,4.077895313646645e-08,-2.6044347550398417e-05
10,7,unloading,1.5,0e94684f3c464a9db3777d5c30718d69125250ee1eae19015e46a01fb865fdc6,2655,63.0,32.0,physical_only,-0.000292425265332246,-0.0001034945527102394,-6.942021964008418e-06,7.894351243547368e-06,-0.00028548324336823757,-0.00011138890395378675
10,7,unloading,1.5,0e94684f3c464a9db3777d5c30718d69125250ee1eae19015e46a01fb865fdc6,2656,64.0,32.0,physical_only,6.350752971555175e-07,-5.078902389158156e-05,-3.7108913903279816e-06,8.645015767352585e-06,4.345966687483501e-06,-5.943403965893418e-05
10,7,unloading,1.5,0e94684f3c464a9db3777d5c30718d69125250ee1eae19015e46a01fb865fdc6,2657,65.0,32.0,physical_only,1.4315474698117573e-06,-6.677171273109238e-05,-3.7933109459940905e-06,1.047362308232337e-05,5.224858415805848e-06,-7.724533581341574e-05
10,7,unloading,1.5,0e94684f3c464a9db3777d5c30718d69125250ee1eae19015e46a01fb865fdc6,2658,66.0,32.0,physical_only,9.985155499733614e-07,-8.500990649085638e-05,-3.886084740329057e-06,1.259958463036801e-05,4.884600290302417e-06,-9.760949112122438e-05
10,7,unloading,1.5,0e94684f3c464a9db3777d5c30718d69125250ee1eae19015e46a01fb865fdc6,2659,67.0,32.0,physical_only,1.9006750306614867e-07,-0.00010509095875686243,-3.9871252092734195e-06,1.508361089446486e-05,4.177192712339573e-06,-0.00012017456965132738
10,7,unloading,1.5,0e94684f3c464a9db3777d5c30718d69125250ee1eae19015e46a01fb865fdc6,2660,68.0,32.0,physical_only,6.10132451328689e-07,-0.0001288865718709957,-4.096386057752273e-06,1.7998508481843483e-05,4.7065185090809525e-06,-0.0001468850803528392
10,7,unloading,1.5,0e94684f3c464a9db3777d5c30718d69125250ee1eae19015e46a01fb865fdc6,2661,69.0,32.0,physical_only,9.117379741660074e-07,-0.0001579676711083364,-4.215659709504156e-06,2.1439494676691712e-05,5.127397683670161e-06,-0.0001794071657850281
10,7,unloading,1.5,0e94684f3c464a9db3777d5c30718d69125250ee1eae19015e46a01fb865fdc6,2662,70.0,32.0,physical_only,1.171751780438533e-06,-0.00019235764225035434,-4.348263997748942e-06,2.553550284245591e-05,5.520015778187474e-06,-0.0002178931450928103
10,7,unloading,1.5,0e94684f3c464a9db3777d5c30718d69125250ee1eae19015e46a01fb865fdc6,2663,71.0,32.0,physical_only,1.388244399983691e-06,-0.00023268948998366075,-4.498269413612459e-06,3.0462706155118176e-05,5.886513813596153e-06,-0.00026315219613877883
10,7,unloading,1.5,0e94684f3c464a9db3777d5c30718d69125250ee1eae19015e46a01fb865fdc6,2664,72.0,32.0,physical_only,1.6221345618405307e-06,-0.00027960450914894255,-4.671372501140134e-06,3.646688207087083e-05,6.293507062980663e-06,-0.0003160713912198135
10,7,unloading,1.5,0e94684f3c464a9db3777d5c30718d69125250ee1eae19015e46a01fb865fdc6,2665,73.0,32.0,physical_only,1.6521939086981978e-06,-0.00033262436366415815,-4.875123665477483e-06,4.389800508440555e-05,6.527317574175684e-06,-0.00037652236874856403
10,7,unloading,1.5,0e94684f3c464a9db3777d5c30718d69125250ee1eae19015e46a01fb865fdc6,2666,74.0,32.0,physical_only,5.342367837324067e-06,-0.0003938658647893688,-5.121803840423811e-06,5.3272687887242496e-05,1.0464171677747878e-05,-0.0004471385526766112
10,7,unloading,1.5,0e94684f3c464a9db3777d5c30718d69125250ee1eae19015e46a01fb865fdc6,2667,75.0,32.0,physical_only,1.2763781443283427e-05,-0.00047173163549781884,-5.433350345963663e-06,6.539930259290494e-05,1.8197131789247106e-05,-0.0005371309380907238
10,7,unloading,1.5,0e94684f3c464a9db3777d5c30718d69125250ee1eae19015e46a01fb865fdc6,2668,76.0,32.0,physical_only,2.2622489542665317e-05,-0.0005762128803599117,-5.84888555117529e-06,8.163527384130586e-05,2.8471375093840583e-05,-0.0006578481542012177
10,7,unloading,1.5,0e94684f3c464a9db3777d5c30718d69125250ee1eae19015e46a01fb865fdc6,2669,77.0,32.0,physical_only,2.8604613523465687e-05,-0.0007025626367296416,-6.430286319171309e-06,0.00010439489948275957,3.503489984263701e-05,-0.0008069575362124009
10,7,unloading,1.5,0e94684f3c464a9db3777d5c30718d69125250ee1eae19015e46a01fb865fdc6,2670,78.0,32.0,physical_only,3.4863618923907264e-05,-0.0007976335260678246,-7.26403528821304e-06,0.00013814287571380597,4.212765421212031e-05,-0.0009357764017816315
10,7,unloading,1.5,0e94684f3c464a9db3777d5c30718d69125250ee1eae19015e46a01fb865fdc6,2671,79.0,32.0,physical_only,-0.00021615772999616808,0.005754931255897006,-1.9294796929438675e-05,0.00021030622776173883,-0.0001968629330667294,0.0055446250281352685
10,7,unloading,1.5,0e94684f3c464a9db3777d5c30718d69125250ee1eae19015e46a01fb865fdc6,2736,63.0,33.0,physical_only,-7.081611531578577e-06,-2.760678216149144e-07,-3.8058064294239455e-06,5.34358693637623e-08,-3.2758051021546336e-06,-3.295036909786767e-07
10,7,unloading,1.5,0e94684f3c464a9db3777d5c30718d69125250ee1eae19015e46a01fb865fdc6,2737,64.0,33.0,interior,-0.0,-0.0,-0.0,-0.0,-0.0,-0.0
10,7,unloading,1.5,0e94684f3c464a9db3777d5c30718d69125250ee1eae19015e46a01fb865fdc6,2738,65.0,33.0,interior,-0.0,-0.0,-0.0,-0.0,-0.0,-0.0
10,7,unloading,1.5,0e94684f3c464a9db3777d5c30718d69125250ee1eae19015e46a01fb865fdc6,2739,66.0,33.0,interior,-0.0,-0.0,-0.0,-0.0,-0.0,-0.0
10,7,unloading,1.5,0e94684f3c464a9db3777d5c30718d69125250ee1eae19015e46a01fb865fdc6,2740,67.0,33.0,interior,-0.0,-0.0,-0.0,-0.0,-0.0,-0.0
10,7,unloading,1.5,0e94684f3c464a9db3777d5c30718d69125250ee1eae19015e46a01fb865fdc6,2741,68.0,33.0,interior,-0.0,-0.0,-0.0,-0.0,-0.0,-0.0
10,7,unloading,1.5,0e94684f3c464a9db3777d5c30718d69125250ee1eae19015e46a01fb865fdc6,2742,69.0,33.0,interior,-0.0,-0.0,-0.0,-0.0,-0.0,-0.0
10,7,unloading,1.5,0e94684f3c464a9db3777d5c30718d69125250ee1eae19015e46a01fb865fdc6,2743,70.0,33.0,interior,-0.0,-0.0,-0.0,-0.0,-0.0,-0.0
10,7,unloading,1.5,0e94684f3c464a9db3777d5c30718d69125250ee1eae19015e46a01fb865fdc6,2744,71.0,33.0,interior,-0.0,-0.0,-0.0,-0.0,-0.0,-0.0
10,7,unloading,1.5,0e94684f3c464a9db3777d5c30718d69125250ee1eae19015e46a01fb865fdc6,2745,72.0,33.0,interior,-0.0,-0.0,-0.0,-0.0,-0.0,-0.0
10,7,unloading,1.5,0e94684f3c464a9db3777d5c30718d69125250ee1eae19015e46a01fb865fdc6,2746,73.0,33.0,interior,-0.0,-0.0,-0.0,-0.0,-0.0,-0.0
10,7,unloading,1.5,0e94684f3c464a9db3777d5c30718d69125250ee1eae19015e46a01fb865fdc6,2747,74.0,33.0,interior,-0.0,-0.0,-0.0,-0.0,-0.0,-0.0
10,7,unloading,1.5,0e94684f3c464a9db3777d5c30718d69125250ee1eae19015e46a01fb865fdc6,2748,75.0,33.0,interior,-0.0,-0.0,-0.0,-0.0,-0.0,-0.0
10,7,unloading,1.5,0e94684f3c464a9db3777d5c30718d69125250ee1eae19015e46a01fb865fdc6,2749,76.0,33.0,interior,-0.0,-0.0,-0.0,-0.0,-0.0,-0.0
10,7,unloading,1.5,0e94684f3c464a9db3777d5c30718d69125250ee1eae19015e46a01fb865fdc6,2750,77.0,33.0,interior,-0.0,-0.0,-0.0,-0.0,-0.0,-0.0
10,7,unloading,1.5,0e94684f3c464a9db3777d5c30718d69125250ee1eae19015e46a01fb865fdc6,2751,78.0,33.0,interior,-0.0,-0.0,-0.0,-0.0,-0.0,-0.0
10,7,unloading,1.5,0e94684f3c464a9db3777d5c30718d69125250ee1eae19015e46a01fb865fdc6,2752,79.0,33.0,physical_only,-8.218653160510746e-08,5.455374045716378e-09,-1.7480245155403705e-07,5.376305548093185e-07,9.261591994892954e-08,-5.321751807636035e-07
10,7,unloading,1.5,0e94684f3c464a9db3777d5c30718d69125250ee1eae19015e46a01fb865fdc6,2817,63.0,34.0,physical_only,-6.512467017446914e-06,2.4780248594405146e-08,-4.066168946862896e-06,4.543144415461798e-08,-2.4462980705840197e-06,-2.0651195560212725e-08
10,7,unloading,1.5,0e94684f3c464a9db3777d5c30718d69125250ee1eae19015e46a01fb865fdc6,2818,64.0,34.0,interior,-0.0,-0.0,-0.0,-0.0,-0.0,-0.0
10,7,unloading,1.5,0e94684f3c464a9db3777d5c30718d69125250ee1eae19015e46a01fb865fdc6,2819,65.0,34.0,interior,-0.0,-0.0,-0.0,-0.0,-0.0,-0.0
10,7,unloading,1.5,0e94684f3c464a9db3777d5c30718d69125250ee1eae19015e46a01fb865fdc6,2820,66.0,34.0,interior,-0.0,-0.0,-0.0,-0.0,-0.0,-0.0
10,7,unloading,1.5,0e94684f3c464a9db3777d5c30718d69125250ee1eae19015e46a01fb865fdc6,2821,67.0,34.0,interior,-0.0,-0.0,-0.0,-0.0,-0.0,-0.0
10,7,unloading,1.5,0e94684f3c464a9db3777d5c30718d69125250ee1eae19015e46a01fb865fdc6,2822,68.0,34.0,interior,-0.0,-0.0,-0.0,-0.0,-0.0,-0.0
10,7,unloading,1.5,0e94684f3c464a9db3777d5c30718d69125250ee1eae19015e46a01fb865fdc6,2823,69.0,34.0,interior,-0.0,-0.0,-0.0,-0.0,-0.0,-0.0
10,7,unloading,1.5,0e94684f3c464a9db3777d5c30718d69125250ee1eae19015e46a01fb865fdc6,2824,70.0,34.0,interior,-0.0,-0.0,-0.0,-0.0,-0.0,-0.0
10,7,unloading,1.5,0e94684f3c464a9db3777d5c30718d69125250ee1eae19015e46a01fb865fdc6,2825,71.0,34.0,interior,-0.0,-0.0,-0.0,-0.0,-0.0,-0.0
10,7,unloading,1.5,0e94684f3c464a9db3777d5c30718d69125250ee1eae19015e46a01fb865fdc6,2826,72.0,34.0,interior,-0.0,-0.0,-0.0,-0.0,-0.0,-0.0
10,7,unloading,1.5,0e94684f3c464a9db3777d5c30718d69125250ee1eae19015e46a01fb865fdc6,2827,73.0,34.0,interior,-0.0,-0.0,-0.0,-0.0,-0.0,-0.0
10,7,unloading,1.5,0e94684f3c464a9db3777d5c30718d69125250ee1eae19015e46a01fb865fdc6,2828,74.0,34.0,interior,-0.0,-0.0,-0.0,-0.0,-0.0,-0.0
10,7,unloading,1.5,0e94684f3c464a9db3777d5c30718d69125250ee1eae19015e46a01fb865fdc6,2829,75.0,34.0,interior,-0.0,-0.0,-0.0,-0.0,-0.0,-0.0
10,7,unloading,1.5,0e94684f3c464a9db3777d5c30718d69125250ee1eae19015e46a01fb865fdc6,2830,76.0,34.0,interior,-0.0,-0.0,-0.0,-0.0,-0.0,-0.0
10,7,unloading,1.5,0e94684f3c464a9db3777d5c30718d69125250ee1eae19015e46a01fb865fdc6,2831,77.0,34.0,interior,-0.0,-0.0,-0.0,-0.0,-0.0,-0.0
10,7,unloading,1.5,0e94684f3c464a9db3777d5c30718d69125250ee1eae19015e46a01fb865fdc6,2832,78.0,34.0,interior,-0.0,-0.0,-0.0,-0.0,-0.0,-0.0
10,7,unloading,1.5,0e94684f3c464a9db3777d5c30718d69125250ee1eae19015e46a01fb865fdc6,2833,79.0,34.0,physical_only,-8.051138109158015e-08,4.614781064518571e-09,-1.6720381165815595e-07,4.578891815103975e-07,8.669243056657586e-08,-4.532744004458814e-07
10,7,unloading,1.5,0e94684f3c464a9db3777d5c30718d69125250ee1eae19015e46a01fb865fdc6,2898,63.0,35.0,physical_only,-6.314964291496505e-06,2.4361991649864106e-07,-4.2819426897356945e-06,4.102134252143118e-08,-2.03302160176081e-06,2.0259857397720983e-07
10,7,unloading,1.5,0e94684f3c464a9db3777d5c30718d69125250ee1eae19015e46a01fb865fdc6,2899,64.0,35.0,interior,-0.0,-0.0,-0.0,-0.0,-0.0,-0.0
10,7,unloading,1.5,0e94684f3c464a9db3777d5c30718d69125250ee1eae19015e46a01fb865fdc6,2900,65.0,35.0,interior,-0.0,-0.0,-0.0,-0.0,-0.0,-0.0
10,7,unloading,1.5,0e94684f3c464a9db3777d5c30718d69125250ee1eae19015e46a01fb865fdc6,2901,66.0,35.0,interior,-0.0,-0.0,-0.0,-0.0,-0.0,-0.0
10,7,unloading,1.5,0e94684f3c464a9db3777d5c30718d69125250ee1eae19015e46a01fb865fdc6,2902,67.0,35.0,interior,-0.0,-0.0,-0.0,-0.0,-0.0,-0.0
10,7,unloading,1.5,0e94684f3c464a9db3777d5c30718d69125250ee1eae19015e46a01fb865fdc6,2903,68.0,35.0,interior,-0.0,-0.0,-0.0,-0.0,-0.0,-0.0
10,7,unloading,1.5,0e94684f3c464a9db3777d5c30718d69125250ee1eae19015e46a01fb865fdc6,2904,69.0,35.0,interior,-0.0,-0.0,-0.0,-0.0,-0.0,-0.0
10,7,unloading,1.5,0e94684f3c464a9db3777d5c30718d69125250ee1eae19015e46a01fb865fdc6,2905,70.0,35.0,interior,-0.0,-0.0,-0.0,-0.0,-0.0,-0.0
10,7,unloading,1.5,0e94684f3c464a9db3777d5c30718d69125250ee1eae19015e46a01fb865fdc6,2906,71.0,35.0,interior,-0.0,-0.0,-0.0,-0.0,-0.0,-0.0
10,7,unloading,1.5,0e94684f3c464a9db3777d5c30718d69125250ee1eae19015e46a01fb865fdc6,2907,72.0,35.0,interior,-0.0,-0.0,-0.0,-0.0,-0.0,-0.0
10,7,unloading,1.5,0e94684f3c464a9db3777d5c30718d69125250ee1eae19015e46a01fb865fdc6,2908,73.0,35.0,interior,-0.0,-0.0,-0.0,-0.0,-0.0,-0.0
10,7,unloading,1.5,0e94684f3c464a9db3777d5c30718d69125250ee1eae19015e46a01fb865fdc6,2909,74.0,35.0,interior,-0.0,-0.0,-0.0,-0.0,-0.0,-0.0
10,7,unloading,1.5,0e94684f3c464a9db3777d5c30718d69125250ee1eae19015e46a01fb865fdc6,2910,75.0,35.0,interior,-0.0,-0.0,-0.0,-0.0,-0.0,-0.0
10,7,unloading,1.5,0e94684f3c464a9db3777d5c30718d69125250ee1eae19015e46a01fb865fdc6,2911,76.0,35.0,interior,-0.0,-0.0,-0.0,-0.0,-0.0,-0.0
10,7,unloading,1.5,0e94684f3c464a9db3777d5c30718d69125250ee1eae19015e46a01fb865fdc6,2912,77.0,35.0,interior,-0.0,-0.0,-0.0,-0.0,-0.0,-0.0
10,7,unloading,1.5,0e94684f3c464a9db3777d5c30718d69125250ee1eae19015e46a01fb865fdc6,2913,78.0,35.0,interior,-0.0,-0.0,-0.0,-0.0,-0.0,-0.0
10,7,unloading,1.5,0e94684f3c464a9db3777d5c30718d69125250ee1eae19015e46a01fb865fdc6,2914,79.0,35.0,physical_only,-7.910381452537349e-08,3.8027301313454e-09,-1.6088716342797934e-07,3.7950636239260446e-07,8.178334890260583e-08,-3.7570363226125726e-07
10,7,unloading,1.5,0e94684f3c464a9db3777d5c30718d69125250ee1eae19015e46a01fb865fdc6,2979,63.0,36.0,physical_only,-6.318654201518544e-06,3.316355156089914e-07,-4.458226574135146e-06,3.683487723172831e-08,-1.860427627383398e-06,2.948006383772631e-07
10,7,unloading,1.5,0e94684f3c464a9db3777d5c30718d69125250ee1eae19015e46a01fb865fdc6,2980,64.0,36.0,interior,-0.0,-0.0,-0.0,-0.0,-0.0,-0.0
10,7,unloading,1.5,0e94684f3c464a9db3777d5c30718d69125250ee1eae19015e46a01fb865fdc6,2981,65.0,36.0,interior,-0.0,-0.0,-0.0,-0.0,-0.0,-0.0
10,7,unloading,1.5,0e94684f3c464a9db3777d5c30718d69125250ee1eae19015e46a01fb865fdc6,2982,66.0,36.0,interior,-0.0,-0.0,-0.0,-0.0,-0.0,-0.0
10,7,unloading,1.5,0e94684f3c464a9db3777d5c30718d69125250ee1eae19015e46a01fb865fdc6,2983,67.0,36.0,interior,-0.0,-0.0,-0.0,-0.0,-0.0,-0.0
10,7,unloading,1.5,0e94684f3c464a9db3777d5c30718d69125250ee1eae19015e46a01fb865fdc6,2984,68.0,36.0,interior,-0.0,-0.0,-0.0,-0.0,-0.0,-0.0
10,7,unloading,1.5,0e94684f3c464a9db3777d5c30718d69125250ee1eae19015e46a01fb865fdc6,2985,69.0,36.0,interior,-0.0,-0.0,-0.0,-0.0,-0.0,-0.0
10,7,unloading,1.5,0e94684f3c464a9db3777d5c30718d69125250ee1eae19015e46a01fb865fdc6,2986,70.0,36.0,interior,-0.0,-0.0,-0.0,-0.0,-0.0,-0.0
10,7,unloading,1.5,0e94684f3c464a9db3777d5c30718d69125250ee1eae19015e46a01fb865fdc6,2987,71.0,36.0,interior,-0.0,-0.0,-0.0,-0.0,-0.0,-0.0
10,7,unloading,1.5,0e94684f3c464a9db3777d5c30718d69125250ee1eae19015e46a01fb865fdc6,2988,72.0,36.0,interior,-0.0,-0.0,-0.0,-0.0,-0.0,-0.0
10,7,unloading,1.5,0e94684f3c464a9db3777d5c30718d69125250ee1eae19015e46a01fb865fdc6,2989,73.0,36.0,interior,-0.0,-0.0,-0.0,-0.0,-0.0,-0.0
10,7,unloading,1.5,0e94684f3c464a9db3777d5c30718d69125250ee1eae19015e46a01fb865fdc6,2990,74.0,36.0,interior,-0.0,-0.0,-0.0,-0.0,-0.0,-0.0
10,7,unloading,1.5,0e94684f3c464a9db3777d5c30718d69125250ee1eae19015e46a01fb865fdc6,2991,75.0,36.0,interior,-0.0,-0.0,-0.0,-0.0,-0.0,-0.0
10,7,unloading,1.5,0e94684f3c464a9db3777d5c30718d69125250ee1eae19015e46a01fb865fdc6,2992,76.0,36.0,interior,-0.0,-0.0,-0.0,-0.0,-0.0,-0.0
10,7,unloading,1.5,0e94684f3c464a9db3777d5c30718d69125250ee1eae19015e46a01fb865fdc6,2993,77.0,36.0,interior,-0.0,-0.0,-0.0,-0.0,-0.0,-0.0
10,7,unloading,1.5,0e94684f3c464a9db3777d5c30718d69125250ee1eae19015e46a01fb865fdc6,2994,78.0,36.0,interior,-0.0,-0.0,-0.0,-0.0,-0.0,-0.0
10,7,unloading,1.5,0e94684f3c464a9db3777d5c30718d69125250ee1eae19015e46a01fb865fdc6,2995,79.0,36.0,physical_only,-7.795886462842176e-08,3.014239239985077e-09,-1.5579533346835812e-07,3.022531995244006e-07,7.783646883993641e-08,-2.992389602844162e-07
10,7,unloading,1.5,0e94684f3c464a9db3777d5c30718d69125250ee1eae19015e46a01fb865fdc6,3060,63.0,37.0,physical_only,-6.390880950051297e-06,3.153961989213806e-07,-4.596496836850352e-06,3.08082343264664e-08,-1.7943841132009446e-06,2.845879645949143e-07
10,7,unloading,1.5,0e94684f3c464a9db3777d5c30718d69125250ee1eae19015e46a01fb865fdc6,3061,64.0,37.0,interior,-0.0,-0.0,-0.0,-0.0,-0.0,-0.0
10,7,unloading,1.5,0e94684f3c464a9db3777d5c30718d69125250ee1eae19015e46a01fb865fdc6,3062,65.0,37.0,interior,-0.0,-0.0,-0.0,-0.0,-0.0,-0.0
10,7,unloading,1.5,0e94684f3c464a9db3777d5c30718d69125250ee1eae19015e46a01fb865fdc6,3063,66.0,37.0,interior,-0.0,-0.0,-0.0,-0.0,-0.0,-0.0
10,7,unloading,1.5,0e94684f3c464a9db3777d5c30718d69125250ee1eae19015e46a01fb865fdc6,3064,67.0,37.0,interior,-0.0,-0.0,-0.0,-0.0,-0.0,-0.0
10,7,unloading,1.5,0e94684f3c464a9db3777d5c30718d69125250ee1eae19015e46a01fb865fdc6,3065,68.0,37.0,interior,-0.0,-0.0,-0.0,-0.0,-0.0,-0.0
10,7,unloading,1.5,0e94684f3c464a9db3777d5c30718d69125250ee1eae19015e46a01fb865fdc6,3066,69.0,37.0,interior,-0.0,-0.0,-0.0,-0.0,-0.0,-0.0
10,7,unloading,1.5,0e94684f3c464a9db3777d5c30718d69125250ee1eae19015e46a01fb865fdc6,3067,70.0,37.0,interior,-0.0,-0.0,-0.0,-0.0,-0.0,-0.0
10,7,unloading,1.5,0e94684f3c464a9db3777d5c30718d69125250ee1eae19015e46a01fb865fdc6,3068,71.0,37.0,interior,-0.0,-0.0,-0.0,-0.0,-0.0,-0.0
10,7,unloading,1.5,0e94684f3c464a9db3777d5c30718d69125250ee1eae19015e46a01fb865fdc6,3069,72.0,37.0,interior,-0.0,-0.0,-0.0,-0.0,-0.0,-0.0
10,7,unloading,1.5,0e94684f3c464a9db3777d5c30718d69125250ee1eae19015e46a01fb865fdc6,3070,73.0,37.0,interior,-0.0,-0.0,-0.0,-0.0,-0.0,-0.0
10,7,unloading,1.5,0e94684f3c464a9db3777d5c30718d69125250ee1eae19015e46a01fb865fdc6,3071,74.0,37.0,interior,-0.0,-0.0,-0.0,-0.0,-0.0,-0.0
10,7,unloading,1.5,0e94684f3c464a9db3777d5c30718d69125250ee1eae19015e46a01fb865fdc6,3072,75.0,37.0,interior,-0.0,-0.0,-0.0,-0.0,-0.0,-0.0
10,7,unloading,1.5,0e94684f3c464a9db3777d5c30718d69125250ee1eae19015e46a01fb865fdc6,3073,76.0,37.0,interior,-0.0,-0.0,-0.0,-0.0,-0.0,-0.0
10,7,unloading,1.5,0e94684f3c464a9db3777d5c30718d69125250ee1eae19015e46a01fb865fdc6,3074,77.0,37.0,interior,-0.0,-0.0,-0.0,-0.0,-0.0,-0.0
10,7,unloading,1.5,0e94684f3c464a9db3777d5c30718d69125250ee1eae19015e46a01fb865fdc6,3075,78.0,37.0,interior,-0.0,-0.0,-0.0,-0.0,-0.0,-0.0
10,7,unloading,1.5,0e94684f3c464a9db3777d5c30718d69125250ee1eae19015e46a01fb865fdc6,3076,79.0,37.0,physical_only,-7.707249733302514e-08,2.24444798697945e-09,-1.5188216964859927e-07,2.259020953942931e-07,7.480967231557411e-08,-2.2365764740731386e-07
10,7,unloading,1.5,0e94684f3c464a9db3777d5c30718d69125250ee1eae19015e46a01fb865fdc6,3141,63.0,38.0,physical_only,-6.463194629885711e-06,2.3371677964403988e-07,-4.696330199474299e-06,2.2317162466110352e-08,-1.7668644304114114e-06,2.1139961717792963e-07
10,7,unloading,1.5,0e94684f3c464a9db3777d5c30718d69125250ee1eae19015e46a01fb865fdc6,3142,64.0,38.0,interior,-0.0,-0.0,-0.0,-0.0,-0.0,-0.0
10,7,unloading,1.5,0e94684f3c464a9db3777d5c30718d69125250ee1eae19015e46a01fb865fdc6,3143,65.0,38.0,interior,-0.0,-0.0,-0.0,-0.0,-0.0,-0.0
10,7,unloading,1.5,0e94684f3c464a9db3777d5c30718d69125250ee1eae19015e46a01fb865fdc6,3144,66.0,38.0,interior,-0.0,-0.0,-0.0,-0.0,-0.0,-0.0
10,7,unloading,1.5,0e94684f3c464a9db3777d5c30718d69125250ee1eae19015e46a01fb865fdc6,3145,67.0,38.0,interior,-0.0,-0.0,-0.0,-0.0,-0.0,-0.0
10,7,unloading,1.5,0e94684f3c464a9db3777d5c30718d69125250ee1eae19015e46a01fb865fdc6,3146,68.0,38.0,interior,-0.0,-0.0,-0.0,-0.0,-0.0,-0.0
10,7,unloading,1.5,0e94684f3c464a9db3777d5c30718d69125250ee1eae19015e46a01fb865fdc6,3147,69.0,38.0,interior,-0.0,-0.0,-0.0,-0.0,-0.0,-0.0
10,7,unloading,1.5,0e94684f3c464a9db3777d5c30718d69125250ee1eae19015e46a01fb865fdc6,3148,70.0,38.0,interior,-0.0,-0.0,-0.0,-0.0,-0.0,-0.0
10,7,unloading,1.5,0e94684f3c464a9db3777d5c30718d69125250ee1eae19015e46a01fb865fdc6,3149,71.0,38.0,interior,-0.0,-0.0,-0.0,-0.0,-0.0,-0.0
10,7,unloading,1.5,0e94684f3c464a9db3777d5c30718d69125250ee1eae19015e46a01fb865fdc6,3150,72.0,38.0,interior,-0.0,-0.0,-0.0,-0.0,-0.0,-0.0
10,7,unloading,1.5,0e94684f3c464a9db3777d5c30718d69125250ee1eae19015e46a01fb865fdc6,3151,73.0,38.0,interior,-0.0,-0.0,-0.0,-0.0,-0.0,-0.0
10,7,unloading,1.5,0e94684f3c464a9db3777d5c30718d69125250ee1eae19015e46a01fb865fdc6,3152,74.0,38.0,interior,-0.0,-0.0,-0.0,-0.0,-0.0,-0.0
10,7,unloading,1.5,0e94684f3c464a9db3777d5c30718d69125250ee1eae19015e46a01fb865fdc6,3153,75.0,38.0,interior,-0.0,-0.0,-0.0,-0.0,-0.0,-0.0
10,7,unloading,1.5,0e94684f3c464a9db3777d5c30718d69125250ee1eae19015e46a01fb865fdc6,3154,76.0,38.0,interior,-0.0,-0.0,-0.0,-0.0,-0.0,-0.0
10,7,unloading,1.5,0e94684f3c464a9db3777d5c30718d69125250ee1eae19015e46a01fb865fdc6,3155,77.0,38.0,interior,-0.0,-0.0,-0.0,-0.0,-0.0,-0.0
10,7,unloading,1.5,0e94684f3c464a9db3777d5c30718d69125250ee1eae19015e46a01fb865fdc6,3156,78.0,38.0,interior,-0.0,-0.0,-0.0,-0.0,-0.0,-0.0
10,7,unloading,1.5,0e94684f3c464a9db3777d5c30718d69125250ee1eae19015e46a01fb865fdc6,3157,79.0,38.0,physical_only,-7.64415936907121e-08,1.488594390731035e-09,-1.4911216495694606e-07,1.5022654114553878e-07,7.267057126623394e-08,-1.4873794675480901e-07
10,7,unloading,1.5,0e94684f3c464a9db3777d5c30718d69125250ee1eae19015e46a01fb865fdc6,3222,63.0,39.0,physical_only,-6.5084962078875685e-06,1.216346885735355e-07,-4.756755539196826e-06,1.1736264730940383e-08,-1.7517406686907425e-06,1.0989842384259512e-07
10,7,unloading,1.5,0e94684f3c464a9db3777d5c30718d69125250ee1eae19015e46a01fb865fdc6,3223,64.0,39.0,interior,-0.0,-0.0,-0.0,-0.0,-0.0,-0.0
10,7,unloading,1.5,0e94684f3c464a9db3777d5c30718d69125250ee1eae19015e46a01fb865fdc6,3224,65.0,39.0,interior,-0.0,-0.0,-0.0,-0.0,-0.0,-0.0
10,7,unloading,1.5,0e94684f3c464a9db3777d5c30718d69125250ee1eae19015e46a01fb865fdc6,3225,66.0,39.0,interior,-0.0,-0.0,-0.0,-0.0,-0.0,-0.0
10,7,unloading,1.5,0e94684f3c464a9db3777d5c30718d69125250ee1eae19015e46a01fb865fdc6,3226,67.0,39.0,interior,-0.0,-0.0,-0.0,-0.0,-0.0,-0.0
10,7,unloading,1.5,0e94684f3c464a9db3777d5c30718d69125250ee1eae19015e46a01fb865fdc6,3227,68.0,39.0,interior,-0.0,-0.0,-0.0,-0.0,-0.0,-0.0
10,7,unloading,1.5,0e94684f3c464a9db3777d5c30718d69125250ee1eae19015e46a01fb865fdc6,3228,69.0,39.0,interior,-0.0,-0.0,-0.0,-0.0,-0.0,-0.0
10,7,unloading,1.5,0e94684f3c464a9db3777d5c30718d69125250ee1eae19015e46a01fb865fdc6,3229,70.0,39.0,interior,-0.0,-0.0,-0.0,-0.0,-0.0,-0.0
10,7,unloading,1.5,0e94684f3c464a9db3777d5c30718d69125250ee1eae19015e46a01fb865fdc6,3230,71.0,39.0,interior,-0.0,-0.0,-0.0,-0.0,-0.0,-0.0
10,7,unloading,1.5,0e94684f3c464a9db3777d5c30718d69125250ee1eae19015e46a01fb865fdc6,3231,72.0,39.0,interior,-0.0,-0.0,-0.0,-0.0,-0.0,-0.0
10,7,unloading,1.5,0e94684f3c464a9db3777d5c30718d69125250ee1eae19015e46a01fb865fdc6,3232,73.0,39.0,interior,-0.0,-0.0,-0.0,-0.0,-0.0,-0.0
10,7,unloading,1.5,0e94684f3c464a9db3777d5c30718d69125250ee1eae19015e46a01fb865fdc6,3233,74.0,39.0,interior,-0.0,-0.0,-0.0,-0.0,-0.0,-0.0
10,7,unloading,1.5,0e94684f3c464a9db3777d5c30718d69125250ee1eae19015e46a01fb865fdc6,3234,75.0,39.0,interior,-0.0,-0.0,-0.0,-0.0,-0.0,-0.0
10,7,unloading,1.5,0e94684f3c464a9db3777d5c30718d69125250ee1eae19015e46a01fb865fdc6,3235,76.0,39.0,interior,-0.0,-0.0,-0.0,-0.0,-0.0,-0.0
10,7,unloading,1.5,0e94684f3c464a9db3777d5c30718d69125250ee1eae19015e46a01fb865fdc6,3236,77.0,39.0,interior,-0.0,-0.0,-0.0,-0.0,-0.0,-0.0
10,7,unloading,1.5,0e94684f3c464a9db3777d5c30718d69125250ee1eae19015e46a01fb865fdc6,3237,78.0,39.0,interior,-0.0,-0.0,-0.0,-0.0,-0.0,-0.0
10,7,unloading,1.5,0e94684f3c464a9db3777d5c30718d69125250ee1eae19015e46a01fb865fdc6,3238,79.0,39.0,physical_only,-7.606393585555029e-08,7.41990925871291e-10,-1.4746016546173324e-07,7.500087221437796e-08,7.139622960618296e-08,-7.425888128851011e-08
10,7,unloading,1.5,0e94684f3c464a9db3777d5c30718d69125250ee1eae19015e46a01fb865fdc6,3303,63.0,40.0,physical_and_cut,-3.2615906033667358e-06,-8.238941069880509e-07,-2.38849596434356e-06,-1.1017765572504109e-06,-8.730946390231761e-07,2.7788245026236e-07
10,7,unloading,1.5,0e94684f3c464a9db3777d5c30718d69125250ee1eae19015e46a01fb865fdc6,3304,64.0,40.0,cut_only,-0.0,-0.0,-0.0,-0.0,-0.0,-0.0
10,7,unloading,1.5,0e94684f3c464a9db3777d5c30718d69125250ee1eae19015e46a01fb865fdc6,3305,65.0,40.0,cut_only,-0.0,-0.0,-0.0,-0.0,-0.0,-0.0
10,7,unloading,1.5,0e94684f3c464a9db3777d5c30718d69125250ee1eae19015e46a01fb865fdc6,3306,66.0,40.0,cut_only,-0.0,-0.0,-0.0,-0.0,-0.0,-0.0
10,7,unloading,1.5,0e94684f3c464a9db3777d5c30718d69125250ee1eae19015e46a01fb865fdc6,3307,67.0,40.0,cut_only,-0.0,-0.0,-0.0,-0.0,-0.0,-0.0
10,7,unloading,1.5,0e94684f3c464a9db3777d5c30718d69125250ee1eae19015e46a01fb865fdc6,3308,68.0,40.0,cut_only,-0.0,-0.0,-0.0,-0.0,-0.0,-0.0
10,7,unloading,1.5,0e94684f3c464a9db3777d5c30718d69125250ee1eae19015e46a01fb865fdc6,3309,69.0,40.0,cut_only,-0.0,-0.0,-0.0,-0.0,-0.0,-0.0
10,7,unloading,1.5,0e94684f3c464a9db3777d5c30718d69125250ee1eae19015e46a01fb865fdc6,3310,70.0,40.0,cut_only,-0.0,-0.0,-0.0,-0.0,-0.0,-0.0
10,7,unloading,1.5,0e94684f3c464a9db3777d5c30718d69125250ee1eae19015e46a01fb865fdc6,3311,71.0,40.0,cut_only,-0.0,-0.0,-0.0,-0.0,-0.0,-0.0
10,7,unloading,1.5,0e94684f3c464a9db3777d5c30718d69125250ee1eae19015e46a01fb865fdc6,3312,72.0,40.0,cut_only,-0.0,-0.0,-0.0,-0.0,-0.0,-0.0
10,7,unloading,1.5,0e94684f3c464a9db3777d5c30718d69125250ee1eae19015e46a01fb865fdc6,3313,73.0,40.0,cut_only,-0.0,-0.0,-0.0,-0.0,-0.0,-0.0
10,7,unloading,1.5,0e94684f3c464a9db3777d5c30718d69125250ee1eae19015e46a01fb865fdc6,3314,74.0,40.0,cut_only,-0.0,-0.0,-0.0,-0.0,-0.0,-0.0
10,7,unloading,1.5,0e94684f3c464a9db3777d5c30718d69125250ee1eae19015e46a01fb865fdc6,3315,75.0,40.0,cut_only,-0.0,-0.0,-0.0,-0.0,-0.0,-0.0
10,7,unloading,1.5,0e94684f3c464a9db3777d5c30718d69125250ee1eae19015e46a01fb865fdc6,3316,76.0,40.0,cut_only,-0.0,-0.0,-0.0,-0.0,-0.0,-0.0
10,7,unloading,1.5,0e94684f3c464a9db3777d5c30718d69125250ee1eae19015e46a01fb865fdc6,3317,77.0,40.0,cut_only,-0.0,-0.0,-0.0,-0.0,-0.0,-0.0
10,7,unloading,1.5,0e94684f3c464a9db3777d5c30718d69125250ee1eae19015e46a01fb865fdc6,3318,78.0,40.0,cut_only,-0.0,-0.0,-0.0,-0.0,-0.0,-0.0
10,7,unloading,1.5,0e94684f3c464a9db3777d5c30718d69125250ee1eae19015e46a01fb865fdc6,3319,79.0,40.0,physical_and_cut,-3.796909855161928e-08,-2.3214721657280332e-05,-7.345558101218835e-08,6.751391686676582e-08,3.5486482460569075e-08,-2.32822355741471e-05
11,8,unloading,1.0,20b7a9669325830cb3b4f835201a4c3bcf45b1fe1bb808e5d6862ab2e63cf3e0,2655,63.0,32.0,physical_only,-0.00017855592479795748,-2.220040354296615e-05,-4.777803563285353e-06,4.657719797379716e-06,-0.00017377812123467212,-2.6858123340345857e-05
11,8,unloading,1.0,20b7a9669325830cb3b4f835201a4c3bcf45b1fe1bb808e5d6862ab2e63cf3e0,2656,64.0,32.0,physical_only,-1.0488393654931421e-06,-1.2621326350412853e-05,-2.1524692130632058e-06,5.060991514591041e-06,1.1036298475700636e-06,-1.7682317865003888e-05
11,8,unloading,1.0,20b7a9669325830cb3b4f835201a4c3bcf45b1fe1bb808e5d6862ab2e63cf3e0,2657,65.0,32.0,physical_only,-9.607342309382438e-07,-1.5875527758173473e-05,-2.1811732318665816e-06,6.029983304370455e-06,1.2204390009283373e-06,-2.190551106254397e-05
11,8,unloading,1.0,20b7a9669325830cb3b4f835201a4c3bcf45b1fe1bb808e5d6862ab2e63cf3e0,2658,66.0,32.0,physical_only,-1.3542162209581464e-06,-1.888291354677001e-05,-2.2135432031872084e-06,7.088200699460483e-06,8.593269822290633e-07,-2.5971114246230463e-05
11,8,unloading,1.0,20b7a9669325830cb3b4f835201a4c3bcf45b1fe1bb808e5d6862ab2e63cf3e0,2659,67.0,32.0,physical_only,-1.8228493742526321e-06,-2.147141781984243e-05,-2.2476530245882038e-06,8.247228993984732e-06,4.2480365033557163e-07,-2.9718646813827192e-05
11,8,unloading,1.0,20b7a9669325830cb3b4f835201a4c3bcf45b1fe1bb808e5d6862ab2e63cf3e0,2660,68.0,32.0,physical_only,-1.872387767697863e-06,-2.4214014535242688e-05,-2.2824707098720197e-06,9.51680829759973e-06,4.100829421741566e-07,-3.3730822832842434e-05
11,8,unloading,1.0,20b7a9669325830cb3b4f835201a4c3bcf45b1fe1bb808e5d6862ab2e63cf3e0,2661,69.0,32.0,physical_only,-1.981552447429304e-06,-2.7415854848175192e-05,-2.3176816215898555e-06,1.0907025270525189e-05,3.361291741605519e-07,-3.8322880118700335e-05
11,8,unloading,1.0,20b7a9669325830cb3b4f835201a4c3bcf45b1fe1bb808e5d6862ab2e63cf3e0,2662,70.0,32.0,physical_only,-2.1260523555594194e-06,-3.087754501785182e-05,-2.353483749983914e-06,1.2429638203464535e-05,2.2743139442449384e-07,-4.3307183221316344e-05
11,8,unloading,1.0,20b7a9669325830cb3b4f835201a4c3bcf45b1fe1bb808e5d6862ab2e63cf3e0,2663,71.0,32.0,physical_only,-2.316938621308803e-06,-3.457282218414506e-05,-2.3899146666127706e-06,1.409826427418686e-05,7.2976045303969e-08,-4.8671086458331944e-05
11,8,unloading,1.0,20b7a9669325830cb3b4f835201a4c3bcf45b1fe1bb808e5d6862ab2e63cf3e0,2664,72.0,32.0,physical_only,-2.5576855655979275e-06,-3.8461213543510724e-05,-2.427046707750766e-06,1.592855676006091e-05,-1.3063885784716328e-07,-5.438977030357159e-05
11,8,unloading,1.0,20b7a9669325830cb3b4f835201a4c3bcf45b1fe1bb808e5d6862ab2e63cf3e0,2665,73.0,32.0,physical_only,-2.954686912448197e-06,-4.214597501680812e-05,-2.4647225810816903e-06,1.7938088611830198e-05,-4.899643313665059e-07,-6.008406362863829e-05
11,8,unloading,1.0,20b7a9669325830cb3b4f835201a4c3bcf45b1fe1bb808e5d6862ab2e63cf3e0,2666,74.0,32.0,physical_only,-2.521914087221882e-06,-4.588255546440485e-05,-2.503255851920362e-06,2.0146982103539643e-05,-1.8658235301519734e-08,-6.602953756794448e-05
11,8,unloading,1.0,20b7a9669325830cb3b4f835201a4c3bcf45b1fe1bb808e5d6862ab2e63cf3e0,2667,75.0,32.0,physical_only,-1.3342312750986123e-06,-5.1232190035911934e-05,-2.543972936846965e-06,2.258085390368635e-05,1.2097416617483543e-06,-7.381304393959843e-05
11,8,unloading,1.0,20b7a9669325830cb3b4f835201a4c3bcf45b1fe1bb808e5d6862ab2e63cf3e0,2668,76.0,32.0,physical_only,3.5276123678463947e-07,-6.014458925265311e-05,-2.589949742285134e-06,2.5277334758242575e-05,2.9427109790697734e-06,-8.54219240108957e-05
11,8,unloading,1.0,20b7a9669325830cb3b4f835201a4c3bcf45b1fe1bb808e5d6862ab2e63cf3e0,2669,77.0,32.0,physical_only,8.488640950941726e-07,-7.120765833576925e-05,-2.6435305171835294e-06,2.8290045559750615e-05,3.4923946122777025e-06,-9.949770389551982e-05
11,8,unloading,1.0,20b7a9669325830cb3b4f835201a4c3bcf45b1fe1bb808e5d6862ab2e63cf3e0,2670,78.0,32.0,physical_only,1.065375134915135e-06,-8.139110620992507e-05,-2.7050299118641465e-06,3.168504030568466e-05,3.7704050467792807e-06,-0.0001130761465156098
11,8,unloading,1.0,20b7a9669325830cb3b4f835201a4c3bcf45b1fe1bb808e5d6862ab2e63cf3e0,2671,79.0,32.0,physical_only,-1.927077564116274e-05,0.0009763574020412323,-3.6136763202132857e-06,3.587872047689896e-05,-1.5657099320949458e-05,0.0009404786815643333
11,8,unloading,1.0,20b7a9669325830cb3b4f835201a4c3bcf45b1fe1bb808e5d6862ab2e63cf3e0,2736,63.0,33.0,physical_only,-4.817819023841122e-06,-6.831621361157542e-07,-2.9872592687495295e-06,8.674663265847909e-08,-1.8305597550915928e-06,-7.699087687742333e-07
11,8,unloading,1.0,20b7a9669325830cb3b4f835201a4c3bcf45b1fe1bb808e5d6862ab2e63cf3e0,2737,64.0,33.0,interior,-0.0,-0.0,-0.0,-0.0,-0.0,-0.0
11,8,unloading,1.0,20b7a9669325830cb3b4f835201a4c3bcf45b1fe1bb808e5d6862ab2e63cf3e0,2738,65.0,33.0,interior,-0.0,-0.0,-0.0,-0.0,-0.0,-0.0
11,8,unloading,1.0,20b7a9669325830cb3b4f835201a4c3bcf45b1fe1bb808e5d6862ab2e63cf3e0,2739,66.0,33.0,interior,-0.0,-0.0,-0.0,-0.0,-0.0,-0.0
11,8,unloading,1.0,20b7a9669325830cb3b4f835201a4c3bcf45b1fe1bb808e5d6862ab2e63cf3e0,2740,67.0,33.0,interior,-0.0,-0.0,-0.0,-0.0,-0.0,-0.0
11,8,unloading,1.0,20b7a9669325830cb3b4f835201a4c3bcf45b1fe1bb808e5d6862ab2e63cf3e0,2741,68.0,33.0,interior,-0.0,-0.0,-0.0,-0.0,-0.0,-0.0
11,8,unloading,1.0,20b7a9669325830cb3b4f835201a4c3bcf45b1fe1bb808e5d6862ab2e63cf3e0,2742,69.0,33.0,interior,-0.0,-0.0,-0.0,-0.0,-0.0,-0.0
11,8,unloading,1.0,20b7a9669325830cb3b4f835201a4c3bcf45b1fe1bb808e5d6862ab2e63cf3e0,2743,70.0,33.0,interior,-0.0,-0.0,-0.0,-0.0,-0.0,-0.0
11,8,unloading,1.0,20b7a9669325830cb3b4f835201a4c3bcf45b1fe1bb808e5d6862ab2e63cf3e0,2744,71.0,33.0,interior,-0.0,-0.0,-0.0,-0.0,-0.0,-0.0
11,8,unloading,1.0,20b7a9669325830cb3b4f835201a4c3bcf45b1fe1bb808e5d6862ab2e63cf3e0,2745,72.0,33.0,interior,-0.0,-0.0,-0.0,-0.0,-0.0,-0.0
11,8,unloading,1.0,20b7a9669325830cb3b4f835201a4c3bcf45b1fe1bb808e5d6862ab2e63cf3e0,2746,73.0,33.0,interior,-0.0,-0.0,-0.0,-0.0,-0.0,-0.0
11,8,unloading,1.0,20b7a9669325830cb3b4f835201a4c3bcf45b1fe1bb808e5d6862ab2e63cf3e0,2747,74.0,33.0,interior,-0.0,-0.0,-0.0,-0.0,-0.0,-0.0
11,8,unloading,1.0,20b7a9669325830cb3b4f835201a4c3bcf45b1fe1bb808e5d6862ab2e63cf3e0,2748,75.0,33.0,interior,-0.0,-0.0,-0.0,-0.0,-0.0,-0.0
11,8,unloading,1.0,20b7a9669325830cb3b4f835201a4c3bcf45b1fe1bb808e5d6862ab2e63cf3e0,2749,76.0,33.0,interior,-0.0,-0.0,-0.0,-0.0,-0.0,-0.0
11,8,unloading,1.0,20b7a9669325830cb3b4f835201a4c3bcf45b1fe1bb808e5d6862ab2e63cf3e0,2750,77.0,33.0,interior,-0.0,-0.0,-0.0,-0.0,-0.0,-0.0
11,8,unloading,1.0,20b7a9669325830cb3b4f835201a4c3bcf45b1fe1bb808e5d6862ab2e63cf3e0,2751,78.0,33.0,interior,-0.0,-0.0,-0.0,-0.0,-0.0,-0.0
11,8,unloading,1.0,20b7a9669325830cb3b4f835201a4c3bcf45b1fe1bb808e5d6862ab2e63cf3e0,2752,79.0,33.0,physical_only,-5.375688983932673e-08,2.9840700615672627e-09,-8.994347308423962e-08,3.545799393196078e-07,3.618658324491288e-08,-3.515958692580396e-07
11,8,unloading,1.0,20b7a9669325830cb3b4f835201a4c3bcf45b1fe1bb808e5d6862ab2e63cf3e0,2817,63.0,34.0,physical_only,-4.297866544439781e-06,-2.7826088442408434e-07,-3.1140006224728147e-06,7.101267904151761e-08,-1.1838659219669653e-06,-3.4927356346560206e-07
11,8,unloading,1.0,20b7a9669325830cb3b4f835201a4c3bcf45b1fe1bb808e5d6862ab2e63cf3e0,2818,64.0,34.0,interior,-0.0,-0.0,-0.0,-0.0,-0.0,-0.0
11,8,unloading,1.0,20b7a9669325830cb3b4f835201a4c3bcf45b1fe1bb808e5d6862ab2e63cf3e0,2819,65.0,34.0,interior,-0.0,-0.0,-0.0,-0.0,-0.0,-0.0
11,8,unloading,1.0,20b7a9669325830cb3b4f835201a4c3bcf45b1fe1bb808e5d6862ab2e63cf3e0,2820,66.0,34.0,interior,-0.0,-0.0,-0.0,-0.0,-0.0,-0.0
11,8,unloading,1.0,20b7a9669325830cb3b4f835201a4c3bcf45b1fe1bb808e5d6862ab2e63cf3e0,2821,67.0,34.0,interior,-0.0,-0.0,-0.0,-0.0,-0.0,-0.0
11,8,unloading,1.0,20b7a9669325830cb3b4f835201a4c3bcf45b1fe1bb808e5d6862ab2e63cf3e0,2822,68.0,34.0,interior,-0.0,-0.0,-0.0,-0.0,-0.0,-0.0
11,8,unloading,1.0,20b7a9669325830cb3b4f835201a4c3bcf45b1fe1bb808e5d6862ab2e63cf3e0,2823,69.0,34.0,interior,-0.0,-0.0,-0.0,-0.0,-0.0,-0.0
11,8,unloading,1.0,20b7a9669325830cb3b4f835201a4c3bcf45b1fe1bb808e5d6862ab2e63cf3e0,2824,70.0,34.0,interior,-0.0,-0.0,-0.0,-0.0,-0.0,-0.0
11,8,unloading,1.0,20b7a9669325830cb3b4f835201a4c3bcf45b1fe1bb808e5d6862ab2e63cf3e0,2825,71.0,34.0,interior,-0.0,-0.0,-0.0,-0.0,-0.0,-0.0
11,8,unloading,1.0,20b7a9669325830cb3b4f835201a4c3bcf45b1fe1bb808e5d6862ab2e63cf3e0,2826,72.0,34.0,interior,-0.0,-0.0,-0.0,-0.0,-0.0,-0.0
11,8,unloading,1.0,20b7a9669325830cb3b4f835201a4c3bcf45b1fe1bb808e5d6862ab2e63cf3e0,2827,73.0,34.0,interior,-0.0,-0.0,-0.0,-0.0,-0.0,-0.0
11,8,unloading,1.0,20b7a9669325830cb3b4f835201a4c3bcf45b1fe1bb808e5d6862ab2e63cf3e0,2828,74.0,34.0,interior,-0.0,-0.0,-0.0,-0.0,-0.0,-0.0
11,8,unloading,1.0,20b7a9669325830cb3b4f835201a4c3bcf45b1fe1bb808e5d6862ab2e63cf3e0,2829,75.0,34.0,interior,-0.0,-0.0,-0.0,-0.0,-0.0,-0.0
11,8,unloading,1.0,20b7a9669325830cb3b4f835201a4c3bcf45b1fe1bb808e5d6862ab2e63cf3e0,2830,76.0,34.0,interior,-0.0,-0.0,-0.0,-0.0,-0.0,-0.0
11,8,unloading,1.0,20b7a9669325830cb3b4f835201a4c3bcf45b1fe1bb808e5d6862ab2e63cf3e0,2831,77.0,34.0,interior,-0.0,-0.0,-0.0,-0.0,-0.0,-0.0
11,8,unloading,1.0,20b7a9669325830cb3b4f835201a4c3bcf45b1fe1bb808e5d6862ab2e63cf3e0,2832,78.0,34.0,interior,-0.0,-0.0,-0.0,-0.0,-0.0,-0.0
11,8,unloading,1.0,20b7a9669325830cb3b4f835201a4c3bcf45b1fe1bb808e5d6862ab2e63cf3e0,2833,79.0,34.0,physical_only,-5.2665370758826596e-08,2.5262673156663837e-09,-8.641731540394043e-08,3.0188352821967645e-07,3.3751944645113824e-08,-2.993572609040116e-07
11,8,unloading,1.0,20b7a9669325830cb3b4f835201a4c3bcf45b1fe1bb808e5d6862ab2e63cf3e0,2898,63.0,35.0,physical_only,-4.173909763260329e-06,2.946894846433214e-08,-3.2179694039034127e-06,6.00400188962325e-08,-9.55940359356916e-07,-3.0571070431900305e-08
11,8,unloading,1.0,20b7a9669325830cb3b4f835201a4c3bcf45b1fe1bb808e5d6862ab2e63cf3e0,2899,64.0,35.0,interior,-0.0,-0.0,-0.0,-0.0,-0.0,-0.0
11,8,unloading,1.0,20b7a9669325830cb3b4f835201a4c3bcf45b1fe1bb808e5d6862ab2e63cf3e0,2900,65.0,35.0,interior,-0.0,-0.0,-0.0,-0.0,-0.0,-0.0
11,8,unloading,1.0,20b7a9669325830cb3b4f835201a4c3bcf45b1fe1bb808e5d6862ab2e63cf3e0,2901,66.0,35.0,interior,-0.0,-0.0,-0.0,-0.0,-0.0,-0.0
11,8,unloading,1.0,20b7a9669325830cb3b4f835201a4c3bcf45b1fe1bb808e5d6862ab2e63cf3e0,2902,67.0,35.0,interior,-0.0,-0.0,-0.0,-0.0,-0.0,-0.0
11,8,unloading,1.0,20b7a9669325830cb3b4f835201a4c3bcf45b1fe1bb808e5d6862ab2e63cf3e0,2903,68.0,35.0,interior,-0.0,-0.0,-0.0,-0.0,-0.0,-0.0
11,8,unloading,1.0,20b7a9669325830cb3b4f835201a4c3bcf45b1fe1bb808e5d6862ab2e63cf3e0,2904,69.0,35.0,interior,-0.0,-0.0,-0.0,-0.0,-0.0,-0.0
11,8,unloading,1.0,20b7a9669325830cb3b4f835201a4c3bcf45b1fe1bb808e5d6862ab2e63cf3e0,2905,70.0,35.0,interior,-0.0,-0.0,-0.0,-0.0,-0.0,-0.0
11,8,unloading,1.0,20b7a9669325830cb3b4f835201a4c3bcf45b1fe1bb808e5d6862ab2e63cf3e0,2906,71.0,35.0,interior,-0.0,-0.0,-0.0,-0.0,-0.0,-0.0
11,8,unloading,1.0,20b7a9669325830cb3b4f835201a4c3bcf45b1fe1bb808e5d6862ab2e63cf3e0,2907,72.0,35.0,interior,-0.0,-0.0,-0.0,-0.0,-0.0,-0.0
11,8,unloading,1.0,20b7a9669325830cb3b4f835201a4c3bcf45b1fe1bb808e5d6862ab2e63cf3e0,2908,73.0,35.0,interior,-0.0,-0.0,-0.0,-0.0,-0.0,-0.0
11,8,unloading,1.0,20b7a9669325830cb3b4f835201a4c3bcf45b1fe1bb808e5d6862ab2e63cf3e0,2909,74.0,35.0,interior,-0.0,-0.0,-0.0,-0.0,-0.0,-0.0
11,8,unloading,1.0,20b7a9669325830cb3b4f835201a4c3bcf45b1fe1bb808e5d6862ab2e63cf3e0,2910,75.0,35.0,interior,-0.0,-0.0,-0.0,-0.0,-0.0,-0.0
11,8,unloading,1.0,20b7a9669325830cb3b4f835201a4c3bcf45b1fe1bb808e5d6862ab2e63cf3e0,2911,76.0,35.0,interior,-0.0,-0.0,-0.0,-0.0,-0.0,-0.0
11,8,unloading,1.0,20b7a9669325830cb3b4f835201a4c3bcf45b1fe1bb808e5d6862ab2e63cf3e0,2912,77.0,35.0,interior,-0.0,-0.0,-0.0,-0.0,-0.0,-0.0
11,8,unloading,1.0,20b7a9669325830cb3b4f835201a4c3bcf45b1fe1bb808e5d6862ab2e63cf3e0,2913,78.0,35.0,interior,-0.0,-0.0,-0.0,-0.0,-0.0,-0.0
11,8,unloading,1.0,20b7a9669325830cb3b4f835201a4c3bcf45b1fe1bb808e5d6862ab2e63cf3e0,2914,79.0,35.0,physical_only,-5.1747962184968136e-08,2.083177785271341e-09,-8.34844213109043e-08,2.5013364673976154e-07,3.173645912593618e-08,-2.480504689544906e-07
11,8,unloading,1.0,20b7a9669325830cb3b4f835201a4c3bcf45b1fe1bb808e5d6862ab2e63cf3e0,2979,63.0,36.0,physical_only,-4.2524725969984406e-06,1.8408754262085713e-07,-3.303683881324962e-06,5.0303580216508963e-08,-9.487887156734792e-07,1.3378396240434822e-07
11,8,unloading,1.0,20b7a9669325830cb3b4f835201a4c3bcf45b1fe1bb808e5d6862ab2e63cf3e0,2980,64.0,36.0,interior,-0.0,-0.0,-0.0,-0.0,-0.0,-0.0
11,8,unloading,1.0,20b7a9669325830cb3b4f835201a4c3bcf45b1fe1bb808e5d6862ab2e63cf3e0,2981,65.0,36.0,interior,-0.0,-0.0,-0.0,-0.0,-0.0,-0.0
11,8,unloading,1.0,20b7a9669325830cb3b4f835201a4c3bcf45b1fe1bb808e5d6862ab2e63cf3e0,2982,66.0,36.0,interior,-0.0,-0.0,-0.0,-0.0,-0.0,-0.0
11,8,unloading,1.0,20b7a9669325830cb3b4f835201a4c3bcf45b1fe1bb808e5d6862ab2e63cf3e0,2983,67.0,36.0,interior,-0.0,-0.0,-0.0,-0.0,-0.0,-0.0
11,8,unloading,1.0,20b7a9669325830cb3b4f835201a4c3bcf45b1fe1bb808e5d6862ab2e63cf3e0,2984,68.0,36.0,interior,-0.0,-0.0,-0.0,-0.0,-0.0,-0.0
11,8,unloading,1.0,20b7a9669325830cb3b4f835201a4c3bcf45b1fe1bb808e5d6862ab2e63cf3e0,2985,69.0,36.0,interior,-0.0,-0.0,-0.0,-0.0,-0.0,-0.0
11,8,unloading,1.0,20b7a9669325830cb3b4f835201a4c3bcf45b1fe1bb808e5d6862ab2e63cf3e0,2986,70.0,36.0,interior,-0.0,-0.0,-0.0,-0.0,-0.0,-0.0
11,8,unloading,1.0,20b7a9669325830cb3b4f835201a4c3bcf45b1fe1bb808e5d6862ab2e63cf3e0,2987,71.0,36.0,interior,-0.0,-0.0,-0.0,-0.0,-0.0,-0.0
11,8,unloading,1.0,20b7a9669325830cb3b4f835201a4c3bcf45b1fe1bb808e5d6862ab2e63cf3e0,2988,72.0,36.0,interior,-0.0,-0.0,-0.0,-0.0,-0.0,-0.0
11,8,unloading,1.0,20b7a9669325830cb3b4f835201a4c3bcf45b1fe1bb808e5d6862ab2e63cf3e0,2989,73.0,36.0,interior,-0.0,-0.0,-0.0,-0.0,-0.0,-0.0
11,8,unloading,1.0,20b7a9669325830cb3b4f835201a4c3bcf45b1fe1bb808e5d6862ab2e63cf3e0,2990,74.0,36.0,interior,-0.0,-0.0,-0.0,-0.0,-0.0,-0.0
11,8,unloading,1.0,20b7a9669325830cb3b4f835201a4c3bcf45b1fe1bb808e5d6862ab2e63cf3e0,2991,75.0,36.0,interior,-0.0,-0.0,-0.0,-0.0,-0.0,-0.0
11,8,unloading,1.0,20b7a9669325830cb3b4f835201a4c3bcf45b1fe1bb808e5d6862ab2e63cf3e0,2992,76.0,36.0,interior,-0.0,-0.0,-0.0,-0.0,-0.0,-0.0
11,8,unloading,1.0,20b7a9669325830cb3b4f835201a4c3bcf45b1fe1bb808e5d6862ab2e63cf3e0,2993,77.0,36.0,interior,-0.0,-0.0,-0.0,-0.0,-0.0,-0.0
11,8,unloading,1.0,20b7a9669325830cb3b4f835201a4c3bcf45b1fe1bb808e5d6862ab2e63cf3e0,2994,78.0,36.0,interior,-0.0,-0.0,-0.0,-0.0,-0.0,-0.0
11,8,unloading,1.0,20b7a9669325830cb3b4f835201a4c3bcf45b1fe1bb808e5d6862ab2e63cf3e0,2995,79.0,36.0,physical_only,-5.100155344626471e-08,1.6522061988570515e-09,-8.111905487811417e-08,1.9916921030179093e-07,3.0117501431849447e-08,-1.9751700410293194e-07
11,8,unloading,1.0,20b7a9669325830cb3b4f835201a4c3bcf45b1fe1bb808e5d6862ab2e63cf3e0,3060,63.0,37.0,physical_only,-4.386137280536031e-06,2.170437446994189e-07,-3.371990221708008e-06,3.973742558621651e-08,-1.014147058828023e-06,1.7730631911320228e-07
11,8,unloading,1.0,20b7a9669325830cb3b4f835201a4c3bcf45b1fe1bb808e5d6862ab2e63cf3e0,3061,64.0,37.0,interior,-0.0,-0.0,-0.0,-0.0,-0.0,-0.0
11,8,unloading,1.0,20b7a9669325830cb3b4f835201a4c3bcf45b1fe1bb808e5d6862ab2e63cf3e0,3062,65.0,37.0,interior,-0.0,-0.0,-0.0,-0.0,-0.0,-0.0
11,8,unloading,1.0,20b7a9669325830cb3b4f835201a4c3bcf45b1fe1bb808e5d6862ab2e63cf3e0,3063,66.0,37.0,interior,-0.0,-0.0,-0.0,-0.0,-0.0,-0.0
11,8,unloading,1.0,20b7a9669325830cb3b4f835201a4c3bcf45b1fe1bb808e5d6862ab2e63cf3e0,3064,67.0,37.0,interior,-0.0,-0.0,-0.0,-0.0,-0.0,-0.0
11,8,unloading,1.0,20b7a9669325830cb3b4f835201a4c3bcf45b1fe1bb808e5d6862ab2e63cf3e0,3065,68.0,37.0,interior,-0.0,-0.0,-0.0,-0.0,-0.0,-0.0
11,8,unloading,1.0,20b7a9669325830cb3b4f835201a4c3bcf45b1fe1bb808e5d6862ab2e63cf3e0,3066,69.0,37.0,interior,-0.0,-0.0,-0.0,-0.0,-0.0,-0.0
11,8,unloading,1.0,20b7a9669325830cb3b4f835201a4c3bcf45b1fe1bb808e5d6862ab2e63cf3e0,3067,70.0,37.0,interior,-0.0,-0.0,-0.0,-0.0,-0.0,-0.0
11,8,unloading,1.0,20b7a9669325830cb3b4f835201a4c3bcf45b1fe1bb808e5d6862ab2e63cf3e0,3068,71.0,37.0,interior,-0.0,-0.0,-0.0,-0.0,-0.0,-0.0
11,8,unloading,1.0,20b7a9669325830cb3b4f835201a4c3bcf45b1fe1bb808e5d6862ab2e63cf3e0,3069,72.0,37.0,interior,-0.0,-0.0,-0.0,-0.0,-0.0,-0.0
11,8,unloading,1.0,20b7a9669325830cb3b4f835201a4c3bcf45b1fe1bb808e5d6862ab2e63cf3e0,3070,73.0,37.0,interior,-0.0,-0.0,-0.0,-0.0,-0.0,-0.0
11,8,unloading,1.0,20b7a9669325830cb3b4f835201a4c3bcf45b1fe1bb808e5d6862ab2e63cf3e0,3071,74.0,37.0,interior,-0.0,-0.0,-0.0,-0.0,-0.0,-0.0
11,8,unloading,1.0,20b7a9669325830cb3b4f835201a4c3bcf45b1fe1bb808e5d6862ab2e63cf3e0,3072,75.0,37.0,interior,-0.0,-0.0,-0.0,-0.0,-0.0,-0.0
11,8,unloading,1.0,20b7a9669325830cb3b4f835201a4c3bcf45b1fe1bb808e5d6862ab2e63cf3e0,3073,76.0,37.0,interior,-0.0,-0.0,-0.0,-0.0,-0.0,-0.0
11,8,unloading,1.0,20b7a9669325830cb3b4f835201a4c3bcf45b1fe1bb808e5d6862ab2e63cf3e0,3074,77.0,37.0,interior,-0.0,-0.0,-0.0,-0.0,-0.0,-0.0
11,8,unloading,1.0,20b7a9669325830cb3b4f835201a4c3bcf45b1fe1bb808e5d6862ab2e63cf3e0,3075,78.0,37.0,interior,-0.0,-0.0,-0.0,-0.0,-0.0,-0.0
11,8,unloading,1.0,20b7a9669325830cb3b4f835201a4c3bcf45b1fe1bb808e5d6862ab2e63cf3e0,3076,79.0,37.0,physical_only,-5.042361623749163e-08,1.230835500205384e-09,-7.930047574113515e-08,1.488309391471939e-07,2.887685950364352e-08,-1.4760010364699185e-07
11,8,unloading,1.0,20b7a9669325830cb3b4f835201a4c3bcf45b1fe1bb808e5d6862ab2e63cf3e0,3141,63.0,38.0,physical_only,-4.501883140499422e-06,1.7315377782011088e-07,-3.4220418310912553e-06,2.7649381355616768e-08,-1.0798413094081664e-06,1.45504396464494e-07
11,8,unloading,1.0,20b7a9669325830cb3b4f835201a4c3bcf45b1fe1bb808e5d6862ab2e63cf3e0,3142,64.0,38.0,interior,-0.0,-0.0,-0.0,-0.0,-0.0,-0.0
11,8,unloading,1.0,20b7a9669325830cb3b4f835201a4c3bcf45b1fe1bb808e5d6862ab2e63cf3e0,3143,65.0,38.0,interior,-0.0,-0.0,-0.0,-0.0,-0.0,-0.0
11,8,unloading,1.0,20b7a9669325830cb3b4f835201a4c3bcf45b1fe1bb808e5d6862ab2e63cf3e0,3144,66.0,38.0,interior,-0.0,-0.0,-0.0,-0.0,-0.0,-0.0
11,8,unloading,1.0,20b7a9669325830cb3b4f835201a4c3bcf45b1fe1bb808e5d6862ab2e63cf3e0,3145,67.0,38.0,interior,-0.0,-0.0,-0.0,-0.0,-0.0,-0.0
11,8,unloading,1.0,20b7a9669325830cb3b4f835201a4c3bcf45b1fe1bb808e5d6862ab2e63cf3e0,3146,68.0,38.0,interior,-0.0,-0.0,-0.0,-0.0,-0.0,-0.0
11,8,unloading,1.0,20b7a9669325830cb3b4f835201a4c3bcf45b1fe1bb808e5d6862ab2e63cf3e0,3147,69.0,38.0,interior,-0.0,-0.0,-0.0,-0.0,-0.0,-0.0
11,8,unloading,1.0,20b7a9669325830cb3b4f835201a4c3bcf45b1fe1bb808e5d6862ab2e63cf3e0,3148,70.0,38.0,interior,-0.0,-0.0,-0.0,-0.0,-0.0,-0.0
11,8,unloading,1.0,20b7a9669325830cb3b4f835201a4c3bcf45b1fe1bb808e5d6862ab2e63cf3e0,3149,71.0,38.0,interior,-0.0,-0.0,-0.0,-0.0,-0.0,-0.0
11,8,unloading,1.0,20b7a9669325830cb3b4f835201a4c3bcf45b1fe1bb808e5d6862ab2e63cf3e0,3150,72.0,38.0,interior,-0.0,-0.0,-0.0,-0.0,-0.0,-0.0
11,8,unloading,1.0,20b7a9669325830cb3b4f835201a4c3bcf45b1fe1bb808e5d6862ab2e63cf3e0,3151,73.0,38.0,interior,-0.0,-0.0,-0.0,-0.0,-0.0,-0.0
11,8,unloading,1.0,20b7a9669325830cb3b4f835201a4c3bcf45b1fe1bb808e5d6862ab2e63cf3e0,3152,74.0,38.0,interior,-0.0,-0.0,-0.0,-0.0,-0.0,-0.0
11,8,unloading,1.0,20b7a9669325830cb3b4f835201a4c3bcf45b1fe1bb808e5d6862ab2e63cf3e0,3153,75.0,38.0,interior,-0.0,-0.0,-0.0,-0.0,-0.0,-0.0
11,8,unloading,1.0,20b7a9669325830cb3b4f835201a4c3bcf45b1fe1bb808e5d6862ab2e63cf3e0,3154,76.0,38.0,interior,-0.0,-0.0,-0.0,-0.0,-0.0,-0.0
11,8,unloading,1.0,20b7a9669325830cb3b4f835201a4c3bcf45b1fe1bb808e5d6862ab2e63cf3e0,3155,77.0,38.0,interior,-0.0,-0.0,-0.0,-0.0,-0.0,-0.0
11,8,unloading,1.0,20b7a9669325830cb3b4f835201a4c3bcf45b1fe1bb808e5d6862ab2e63cf3e0,3156,78.0,38.0,interior,-0.0,-0.0,-0.0,-0.0,-0.0,-0.0
11,8,unloading,1.0,20b7a9669325830cb3b4f835201a4c3bcf45b1fe1bb808e5d6862ab2e63cf3e0,3157,79.0,38.0,physical_only,-5.0012194489634887e-08,8.166110324839965e-10,-7.801274817018379e-08,9.89610088349641e-08,2.8000553680548906e-08,-9.814439780247983e-08
11,8,unloading,1.0,20b7a9669325830cb3b4f835201a4c3bcf45b1fe1bb808e5d6862ab2e63cf3e0,3222,63.0,39.0,physical_only,-4.572354112924948e-06,9.263440876931117e-08,-3.4526530998845635e-06,1.4203407888639079e-08,-1.1197010130403842e-06,7.843100088067209e-08
11,8,unloading,1.0,20b7a9669325830cb3b4f835201a4c3bcf45b1fe1bb808e5d6862ab2e63cf3e0,3223,64.0,39.0,interior,-0.0,-0.0,-0.0,-0.0,-0.0,-0.0
11,8,unloading,1.0,20b7a9669325830cb3b4f835201a4c3bcf45b1fe1bb808e5d6862ab2e63cf3e0,3224,65.0,39.0,interior,-0.0,-0.0,-0.0,-0.0,-0.0,-0.0
11,8,unloading,1.0,20b7a9669325830cb3b4f835201a4c3bcf45b1fe1bb808e5d6862ab2e63cf3e0,3225,66.0,39.0,interior,-0.0,-0.0,-0.0,-0.0,-0.0,-0.0
11,8,unloading,1.0,20b7a9669325830cb3b4f835201a4c3bcf45b1fe1bb808e5d6862ab2e63cf3e0,3226,67.0,39.0,interior,-0.0,-0.0,-0.0,-0.0,-0.0,-0.0
11,8,unloading,1.0,20b7a9669325830cb3b4f835201a4c3bcf45b1fe1bb808e5d6862ab2e63cf3e0,3227,68.0,39.0,interior,-0.0,-0.0,-0.0,-0.0,-0.0,-0.0
11,8,unloading,1.0,20b7a9669325830cb3b4f835201a4c3bcf45b1fe1bb808e5d6862ab2e63cf3e0,3228,69.0,39.0,interior,-0.0,-0.0,-0.0,-0.0,-0.0,-0.0
11,8,unloading,1.0,20b7a9669325830cb3b4f835201a4c3bcf45b1fe1bb808e5d6862ab2e63cf3e0,3229,70.0,39.0,interior,-0.0,-0.0,-0.0,-0.0,-0.0,-0.0
11,8,unloading,1.0,20b7a9669325830cb3b4f835201a4c3bcf45b1fe1bb808e5d6862ab2e63cf3e0,3230,71.0,39.0,interior,-0.0,-0.0,-0.0,-0.0,-0.0,-0.0
11,8,unloading,1.0,20b7a9669325830cb3b4f835201a4c3bcf45b1fe1bb808e5d6862ab2e63cf3e0,3231,72.0,39.0,interior,-0.0,-0.0,-0.0,-0.0,-0.0,-0.0
11,8,unloading,1.0,20b7a9669325830cb3b4f835201a4c3bcf45b1fe1bb808e5d6862ab2e63cf3e0,3232,73.0,39.0,interior,-0.0,-0.0,-0.0,-0.0,-0.0,-0.0
11,8,unloading,1.0,20b7a9669325830cb3b4f835201a4c3bcf45b1fe1bb808e5d6862ab2e63cf3e0,3233,74.0,39.0,interior,-0.0,-0.0,-0.0,-0.0,-0.0,-0.0
11,8,unloading,1.0,20b7a9669325830cb3b4f835201a4c3bcf45b1fe1bb808e5d6862ab2e63cf3e0,3234,75.0,39.0,interior,-0.0,-0.0,-0.0,-0.0,-0.0,-0.0
11,8,unloading,1.0,20b7a9669325830cb3b4f835201a4c3bcf45b1fe1bb808e5d6862ab2e63cf3e0,3235,76.0,39.0,interior,-0.0,-0.0,-0.0,-0.0,-0.0,-0.0
11,8,unloading,1.0,20b7a9669325830cb3b4f835201a4c3bcf45b1fe1bb808e5d6862ab2e63cf3e0,3236,77.0,39.0,interior,-0.0,-0.0,-0.0,-0.0,-0.0,-0.0
11,8,unloading,1.0,20b7a9669325830cb3b4f835201a4c3bcf45b1fe1bb808e5d6862ab2e63cf3e0,3237,78.0,39.0,interior,-0.0,-0.0,-0.0,-0.0,-0.0,-0.0
11,8,unloading,1.0,20b7a9669325830cb3b4f835201a4c3bcf45b1fe1bb808e5d6862ab2e63cf3e0,3238,79.0,39.0,physical_only,-4.976589655344663e-08,4.0712482991868437e-10,-7.724459384123112e-08,4.940269292181314e-08,2.7478697287784493e-08,-4.899556809189449e-08
11,8,unloading,1.0,20b7a9669325830cb3b4f835201a4c3bcf45b1fe1bb808e5d6862ab2e63cf3e0,3303,63.0,40.0,physical_and_cut,-2.2976021210304777e-06,-1.7863270965778882e-06,-1.7314791763125275e-06,-7.792238517473103e-07,-5.661229447179501e-07,-1.0071032448305778e-06
11,8,unloading,1.0,20b7a9669325830cb3b4f835201a4c3bcf45b1fe1bb808e5d6862ab2e63cf3e0,3304,64.0,40.0,cut_only,-0.0,-0.0,-0.0,-0.0,-0.0,-0.0
11,8,unloading,1.0,20b7a9669325830cb3b4f835201a4c3bcf45b1fe1bb808e5d6862ab2e63cf3e0,3305,65.0,40.0,cut_only,-0.0,-0.0,-0.0,-0.0,-0.0,-0.0
11,8,unloading,1.0,20b7a9669325830cb3b4f835201a4c3bcf45b1fe1bb808e5d6862ab2e63cf3e0,3306,66.0,40.0,cut_only,-0.0,-0.0,-0.0,-0.0,-0.0,-0.0
11,8,unloading,1.0,20b7a9669325830cb3b4f835201a4c3bcf45b1fe1bb808e5d6862ab2e63cf3e0,3307,67.0,40.0,cut_only,-0.0,-0.0,-0.0,-0.0,-0.0,-0.0
11,8,unloading,1.0,20b7a9669325830cb3b4f835201a4c3bcf45b1fe1bb808e5d6862ab2e63cf3e0,3308,68.0,40.0,cut_only,-0.0,-0.0,-0.0,-0.0,-0.0,-0.0
11,8,unloading,1.0,20b7a9669325830cb3b4f835201a4c3bcf45b1fe1bb808e5d6862ab2e63cf3e0,3309,69.0,40.0,cut_only,-0.0,-0.0,-0.0,-0.0,-0.0,-0.0
11,8,unloading,1.0,20b7a9669325830cb3b4f835201a4c3bcf45b1fe1bb808e5d6862ab2e63cf3e0,3310,70.0,40.0,cut_only,-0.0,-0.0,-0.0,-0.0,-0.0,-0.0
11,8,unloading,1.0,20b7a9669325830cb3b4f835201a4c3bcf45b1fe1bb808e5d6862ab2e63cf3e0,3311,71.0,40.0,cut_only,-0.0,-0.0,-0.0,-0.0,-0.0,-0.0
11,8,unloading,1.0,20b7a9669325830cb3b4f835201a4c3bcf45b1fe1bb808e5d6862ab2e63cf3e0,3312,72.0,40.0,cut_only,-0.0,-0.0,-0.0,-0.0,-0.0,-0.0
11,8,unloading,1.0,20b7a9669325830cb3b4f835201a4c3bcf45b1fe1bb808e5d6862ab2e63cf3e0,3313,73.0,40.0,cut_only,-0.0,-0.0,-0.0,-0.0,-0.0,-0.0
11,8,unloading,1.0,20b7a9669325830cb3b4f835201a4c3bcf45b1fe1bb808e5d6862ab2e63cf3e0,3314,74.0,40.0,cut_only,-0.0,-0.0,-0.0,-0.0,-0.0,-0.0
11,8,unloading,1.0,20b7a9669325830cb3b4f835201a4c3bcf45b1fe1bb808e5d6862ab2e63cf3e0,3315,75.0,40.0,cut_only,-0.0,-0.0,-0.0,-0.0,-0.0,-0.0
11,8,unloading,1.0,20b7a9669325830cb3b4f835201a4c3bcf45b1fe1bb808e5d6862ab2e63cf3e0,3316,76.0,40.0,cut_only,-0.0,-0.0,-0.0,-0.0,-0.0,-0.0
11,8,unloading,1.0,20b7a9669325830cb3b4f835201a4c3bcf45b1fe1bb808e5d6862ab2e63cf3e0,3317,77.0,40.0,cut_only,-0.0,-0.0,-0.0,-0.0,-0.0,-0.0
11,8,unloading,1.0,20b7a9669325830cb3b4f835201a4c3bcf45b1fe1bb808e5d6862ab2e63cf3e0,3318,78.0,40.0,cut_only,-0.0,-0.0,-0.0,-0.0,-0.0,-0.0
11,8,unloading,1.0,20b7a9669325830cb3b4f835201a4c3bcf45b1fe1bb808e5d6862ab2e63cf3e0,3319,79.0,40.0,physical_and_cut,-2.4841944824908887e-08,-1.5085901811852833e-05,-3.849464367904231e-08,4.0254907519238964e-08,1.3652698854133422e-08,-1.5126156719372072e-05
12,9,unloading,0.5,c24652f94e622a6fa6b432b1b5619e8265cad1a352e61cb049708b164984b71f,2655,63.0,32.0,physical_only,-8.104853303773438e-05,5.375881993404288e-06,-2.4151483591814173e-06,2.0244838382206185e-06,-7.863338467855299e-05,3.35139815518367e-06
12,9,unloading,0.5,c24652f94e622a6fa6b432b1b5619e8265cad1a352e61cb049708b164984b71f,2656,64.0,32.0,physical_only,-7.7691578841044e-07,-8.8838423841706e-07,-9.388766364342919e-07,2.189607563669532e-06,1.6196084802385198e-07,-3.077991802086596e-06
12,9,unloading,0.5,c24652f94e622a6fa6b432b1b5619e8265cad1a352e61cb049708b164984b71f,2657,65.0,32.0,physical_only,-7.973191779300252e-07,-1.1942136773958006e-06,-9.458976891673259e-07,2.591483671241943e-06,1.4857851123730054e-07,-3.7856973486377363e-06
12,9,unloading,0.5,c24652f94e622a6fa6b432b1b5619e8265cad1a352e61cb049708b164984b71f,2658,66.0,32.0,physical_only,-9.555565490623938e-07,-1.231394631818633e-06,-9.539005879125903e-07,3.0114891290591506e-06,-1.6559611498034305e-09,-4.242883760877784e-06
12,9,unloading,0.5,c24652f94e622a6fa6b432b1b5619e8265cad1a352e61cb049708b164984b71f,2659,67.0,32.0,physical_only,-1.1064302679738176e-06,-1.003940281037707e-06,-9.619344902532857e-07,3.451372599474529e-06,-1.4449577772053195e-07,-4.45531288051224e-06
12,9,unloading,0.5,c24652f94e622a6fa6b432b1b5619e8265cad1a352e61cb049708b164984b71f,2660,68.0,32.0,physical_only,-1.1292953335767331e-06,-7.054198196486299e-07,-9.694549843127692e-07,3.9113741227946705e-06,-1.5984034926396392e-07,-4.616793942443301e-06
12,9,unloading,0.5,c24652f94e622a6fa6b432b1b5619e8265cad1a352e61cb049708b164984b71f,2661,69.0,32.0,physical_only,-1.1645644124892607e-06,-4.14554125748826e-07,-9.762416029046316e-07,4.391106275186304e-06,-1.8832280958462914e-07,-4.805660400935142e-06
12,9,unloading,0.5,c24652f94e622a6fa6b432b1b5619e8265cad1a352e61cb049708b164984b71f,2662,70.0,32.0,physical_only,-1.2028248639271991e-06,-7.72994910080765e-08,-9.823257196936329e-07,4.890073359520702e-06,-2.2049914423356623e-07,-4.967372850528767e-06
12,9,unloading,0.5,c24652f94e622a6fa6b432b1b5619e8265cad1a352e61cb049708b164984b71f,2663,71.0,32.0,physical_only,-1.2450915894501472e-06,3.091972082536605e-07,-9.876607750426163e-07,5.407734369036821e-06,-2.57430814407531e-07,-5.098537160783164e-06
12,9,unloading,0.5,c24652f94e622a6fa6b432b1b5619e8265cad1a352e61cb049708b164984b71f,2664,72.0,32.0,physical_only,-1.2905978888466346e-06,7.478575086758405e-07,-9.922085299597645e-07,5.943431478994674e-06,-2.9838935888687014e-07,-5.195573970318817e-06
12,9,unloading,0.5,c24652f94e622a6fa6b432b1b5619e8265cad1a352e61cb049708b164984b71f,2665,73.0,32.0,physical_only,-1.3567972425456872e-06,1.3037198033872616e-06,-9.958498180200653e-07,6.496285906253206e-06,-3.6094742452562173e-07,-5.1925661028659465e-06
12,9,unloading,0.5,c24652f94e622a6fa6b432b1b5619e8265cad1a352e61cb049708b164984b71f,2666,74.0,32.0,physical_only,-1.266102295207035e-06,1.9091544507111164e-06,-9.986586418715622e-07,7.065278069053488e-06,-2.6744365333547294e-07,-5.156123618342372e-06
12,9,unloading,0.5,c24652f94e622a6fa6b432b1b5619e8265cad1a352e61cb049708b164984b71f,2667,75.0,32.0,physical_only,-1.0706174876482093e-06,2.3117917365491367e-06,-1.0009881107510907e-06,7.649752604698139e-06,-6.962937689711873e-08,-5.33796086814901e-06
12,9,unloading,0.5,c24652f94e622a6fa6b432b1b5619e8265cad1a352e61cb049708b164984b71f,2668,76.0,32.0,physical_only,-8.389990551374734e-07,2.279440246573107e-06,-1.003694804892292e-06,8.250456135896395e-06,1.6469574975481904e-07,-5.971015889323278e-06
12,9,unloading,0.5,c24652f94e622a6fa6b432b1b5619e8265cad1a352e61cb049708b164984b71f,2669,77.0,32.0,physical_only,-8.307994034271445e-07,2.1390362323322803e-06,-1.0072719244013588e-06,8.869800577080228e-06,1.764725209742146e-07,-6.730764344747947e-06
12,9,unloading,0.5,c24652f94e622a6fa6b432b1b5619e8265cad1a352e61cb049708b164984b71f,2670,78.0,32.0,physical_only,-8.782553736908995e-07,2.1581778556985546e-06,-1.0117236382232446e-06,9.510640068376002e-06,1.334682645323448e-07,-7.352462212677441e-06
12,9,unloading,0.5,c24652f94e622a6fa6b432b1b5619e8265cad1a352e61cb049708b164984b71f,2671,79.0,32.0,physical_only,7.374801935818995e-07,0.00013131244058443153,-1.0605675471753803e-06,1.0259813056386528e-05,1.79804774075728e-06,0.00012105262752804501
12,9,unloading,0.5,c24652f94e622a6fa6b432b1b5619e8265cad1a352e61cb049708b164984b71f,2736,63.0,33.0,physical_only,-2.6339365492364266e-06,-5.580194636024767e-07,-1.667355780959633e-06,6.591208712030111e-08,-9.665807682767929e-07,-6.239315507227776e-07
12,9,unloading,0.5,c24652f94e622a6fa6b432b1b5619e8265cad1a352e61cb049708b164984b71f,2737,64.0,33.0,interior,-0.0,-0.0,-0.0,-0.0,-0.0,-0.0
12,9,unloading,0.5,c24652f94e622a6fa6b432b1b5619e8265cad1a352e61cb049708b164984b71f,2738,65.0,33.0,interior,-0.0,-0.0,-0.0,-0.0,-0.0,-0.0
12,9,unloading,0.5,c24652f94e622a6fa6b432b1b5619e8265cad1a352e61cb049708b164984b71f,2739,66.0,33.0,interior,-0.0,-0.0,-0.0,-0.0,-0.0,-0.0
12,9,unloading,0.5,c24652f94e622a6fa6b432b1b5619e8265cad1a352e61cb049708b164984b71f,2740,67.0,33.0,interior,-0.0,-0.0,-0.0,-0.0,-0.0,-0.0
12,9,unloading,0.5,c24652f94e622a6fa6b432b1b5619e8265cad1a352e61cb049708b164984b71f,2741,68.0,33.0,interior,-0.0,-0.0,-0.0,-0.0,-0.0,-0.0
12,9,unloading,0.5,c24652f94e622a6fa6b432b1b5619e8265cad1a352e61cb049708b164984b71f,2742,69.0,33.0,interior,-0.0,-0.0,-0.0,-0.0,-0.0,-0.0
12,9,unloading,0.5,c24652f94e622a6fa6b432b1b5619e8265cad1a352e61cb049708b164984b71f,2743,70.0,33.0,interior,-0.0,-0.0,-0.0,-0.0,-0.0,-0.0
12,9,unloading,0.5,c24652f94e622a6fa6b432b1b5619e8265cad1a352e61cb049708b164984b71f,2744,71.0,33.0,interior,-0.0,-0.0,-0.0,-0.0,-0.0,-0.0
12,9,unloading,0.5,c24652f94e622a6fa6b432b1b5619e8265cad1a352e61cb049708b164984b71f,2745,72.0,33.0,interior,-0.0,-0.0,-0.0,-0.0,-0.0,-0.0
12,9,unloading,0.5,c24652f94e622a6fa6b432b1b5619e8265cad1a352e61cb049708b164984b71f,2746,73.0,33.0,interior,-0.0,-0.0,-0.0,-0.0,-0.0,-0.0
12,9,unloading,0.5,c24652f94e622a6fa6b432b1b5619e8265cad1a352e61cb049708b164984b71f,2747,74.0,33.0,interior,-0.0,-0.0,-0.0,-0.0,-0.0,-0.0
12,9,unloading,0.5,c24652f94e622a6fa6b432b1b5619e8265cad1a352e61cb049708b164984b71f,2748,75.0,33.0,interior,-0.0,-0.0,-0.0,-0.0,-0.0,-0.0
12,9,unloading,0.5,c24652f94e622a6fa6b432b1b5619e8265cad1a352e61cb049708b164984b71f,2749,76.0,33.0,interior,-0.0,-0.0,-0.0,-0.0,-0.0,-0.0
12,9,unloading,0.5,c24652f94e622a6fa6b432b1b5619e8265cad1a352e61cb049708b164984b71f,2750,77.0,33.0,interior,-0.0,-0.0,-0.0,-0.0,-0.0,-0.0
12,9,unloading,0.5,c24652f94e622a6fa6b432b1b5619e8265cad1a352e61cb049708b164984b71f,2751,78.0,33.0,interior,-0.0,-0.0,-0.0,-0.0,-0.0,-0.0
12,9,unloading,0.5,c24652f94e622a6fa6b432b1b5619e8265cad1a352e61cb049708b164984b71f,2752,79.0,33.0,physical_only,-2.5693386319236197e-08,8.730096511812383e-10,-2.2543433364205454e-08,1.7048817533902018e-07,-3.149952955030753e-09,-1.6961516568783892e-07
12,9,unloading,0.5,c24652f94e622a6fa6b432b1b5619e8265cad1a352e61cb049708b164984b71f,2817,63.0,34.0,physical_only,-2.2528643837222626e-06,-2.5939856808789036e-07,-1.719305395335663e-06,5.409019097291007e-08,-5.335589883865996e-07,-3.134887590608005e-07
12,9,unloading,0.5,c24652f94e622a6fa6b432b1b5619e8265cad1a352e61cb049708b164984b71f,2818,64.0,34.0,interior,-0.0,-0.0,-0.0,-0.0,-0.0,-0.0
12,9,unloading,0.5,c24652f94e622a6fa6b432b1b5619e8265cad1a352e61cb049708b164984b71f,2819,65.0,34.0,interior,-0.0,-0.0,-0.0,-0.0,-0.0,-0.0
12,9,unloading,0.5,c24652f94e622a6fa6b432b1b5619e8265cad1a352e61cb049708b164984b71f,2820,66.0,34.0,interior,-0.0,-0.0,-0.0,-0.0,-0.0,-0.0
12,9,unloading,0.5,c24652f94e622a6fa6b432b1b5619e8265cad1a352e61cb049708b164984b71f,2821,67.0,34.0,interior,-0.0,-0.0,-0.0,-0.0,-0.0,-0.0
12,9,unloading,0.5,c24652f94e622a6fa6b432b1b5619e8265cad1a352e61cb049708b164984b71f,2822,68.0,34.0,interior,-0.0,-0.0,-0.0,-0.0,-0.0,-0.0
12,9,unloading,0.5,c24652f94e622a6fa6b432b1b5619e8265cad1a352e61cb049708b164984b71f,2823,69.0,34.0,interior,-0.0,-0.0,-0.0,-0.0,-0.0,-0.0
12,9,unloading,0.5,c24652f94e622a6fa6b432b1b5619e8265cad1a352e61cb049708b164984b71f,2824,70.0,34.0,interior,-0.0,-0.0,-0.0,-0.0,-0.0,-0.0
12,9,unloading,0.5,c24652f94e622a6fa6b432b1b5619e8265cad1a352e61cb049708b164984b71f,2825,71.0,34.0,interior,-0.0,-0.0,-0.0,-0.0,-0.0,-0.0
12,9,unloading,0.5,c24652f94e622a6fa6b432b1b5619e8265cad1a352e61cb049708b164984b71f,2826,72.0,34.0,interior,-0.0,-0.0,-0.0,-0.0,-0.0,-0.0
12,9,unloading,0.5,c24652f94e622a6fa6b432b1b5619e8265cad1a352e61cb049708b164984b71f,2827,73.0,34.0,interior,-0.0,-0.0,-0.0,-0.0,-0.0,-0.0
12,9,unloading,0.5,c24652f94e622a6fa6b432b1b5619e8265cad1a352e61cb049708b164984b71f,2828,74.0,34.0,interior,-0.0,-0.0,-0.0,-0.0,-0.0,-0.0
12,9,unloading,0.5,c24652f94e622a6fa6b432b1b5619e8265cad1a352e61cb049708b164984b71f,2829,75.0,34.0,interior,-0.0,-0.0,-0.0,-0.0,-0.0,-0.0
12,9,unloading,0.5,c24652f94e622a6fa6b432b1b5619e8265cad1a352e61cb049708b164984b71f,2830,76.0,34.0,interior,-0.0,-0.0,-0.0,-0.0,-0.0,-0.0
12,9,unloading,0.5,c24652f94e622a6fa6b432b1b5619e8265cad1a352e61cb049708b164984b71f,2831,77.0,34.0,interior,-0.0,-0.0,-0.0,-0.0,-0.0,-0.0
12,9,unloading,0.5,c24652f94e622a6fa6b432b1b5619e8265cad1a352e61cb049708b164984b71f,2832,78.0,34.0,interior,-0.0,-0.0,-0.0,-0.0,-0.0,-0.0
12,9,unloading,0.5,c24652f94e622a6fa6b432b1b5619e8265cad1a352e61cb049708b164984b71f,2833,79.0,34.0,physical_only,-2.517355730813577e-08,7.435174019976461e-10,-2.2117106536198073e-08,1.4511365126712641e-07,-3.056450771937685e-09,-1.4437013386512962e-07
12,9,unloading,0.5,c24652f94e622a6fa6b432b1b5619e8265cad1a352e61cb049708b164984b71f,2898,63.0,35.0,physical_only,-2.1606441213638777e-06,-2.129478480294429e-08,-1.761498331707877e-06,4.525530510644296e-08,-3.9914578965600044e-07,-6.65500899093871e-08
12,9,unloading,0.5,c24652f94e622a6fa6b432b1b5619e8265cad1a352e61cb049708b164984b71f,2899,64.0,35.0,interior,-0.0,-0.0,-0.0,-0.0,-0.0,-0.0
12,9,unloading,0.5,c24652f94e622a6fa6b432b1b5619e8265cad1a352e61cb049708b164984b71f,2900,65.0,35.0,interior,-0.0,-0.0,-0.0,-0.0,-0.0,-0.0
12,9,unloading,0.5,c24652f94e622a6fa6b432b1b5619e8265cad1a352e61cb049708b164984b71f,2901,66.0,35.0,interior,-0.0,-0.0,-0.0,-0.0,-0.0,-0.0
12,9,unloading,0.5,c24652f94e622a6fa6b432b1b5619e8265cad1a352e61cb049708b164984b71f,2902,67.0,35.0,interior,-0.0,-0.0,-0.0,-0.0,-0.0,-0.0
12,9,unloading,0.5,c24652f94e622a6fa6b432b1b5619e8265cad1a352e61cb049708b164984b71f,2903,68.0,35.0,interior,-0.0,-0.0,-0.0,-0.0,-0.0,-0.0
12,9,unloading,0.5,c24652f94e622a6fa6b432b1b5619e8265cad1a352e61cb049708b164984b71f,2904,69.0,35.0,interior,-0.0,-0.0,-0.0,-0.0,-0.0,-0.0
12,9,unloading,0.5,c24652f94e622a6fa6b432b1b5619e8265cad1a352e61cb049708b164984b71f,2905,70.0,35.0,interior,-0.0,-0.0,-0.0,-0.0,-0.0,-0.0
12,9,unloading,0.5,c24652f94e622a6fa6b432b1b5619e8265cad1a352e61cb049708b164984b71f,2906,71.0,35.0,interior,-0.0,-0.0,-0.0,-0.0,-0.0,-0.0
12,9,unloading,0.5,c24652f94e622a6fa6b432b1b5619e8265cad1a352e61cb049708b164984b71f,2907,72.0,35.0,interior,-0.0,-0.0,-0.0,-0.0,-0.0,-0.0
12,9,unloading,0.5,c24652f94e622a6fa6b432b1b5619e8265cad1a352e61cb049708b164984b71f,2908,73.0,35.0,interior,-0.0,-0.0,-0.0,-0.0,-0.0,-0.0
12,9,unloading,0.5,c24652f94e622a6fa6b432b1b5619e8265cad1a352e61cb049708b164984b71f,2909,74.0,35.0,interior,-0.0,-0.0,-0.0,-0.0,-0.0,-0.0
12,9,unloading,0.5,c24652f94e622a6fa6b432b1b5619e8265cad1a352e61cb049708b164984b71f,2910,75.0,35.0,interior,-0.0,-0.0,-0.0,-0.0,-0.0,-0.0
12,9,unloading,0.5,c24652f94e622a6fa6b432b1b5619e8265cad1a352e61cb049708b164984b71f,2911,76.0,35.0,interior,-0.0,-0.0,-0.0,-0.0,-0.0,-0.0
12,9,unloading,0.5,c24652f94e622a6fa6b432b1b5619e8265cad1a352e61cb049708b164984b71f,2912,77.0,35.0,interior,-0.0,-0.0,-0.0,-0.0,-0.0,-0.0
12,9,unloading,0.5,c24652f94e622a6fa6b432b1b5619e8265cad1a352e61cb049708b164984b71f,2913,78.0,35.0,interior,-0.0,-0.0,-0.0,-0.0,-0.0,-0.0
12,9,unloading,0.5,c24652f94e622a6fa6b432b1b5619e8265cad1a352e61cb049708b164984b71f,2914,79.0,35.0,physical_only,-2.473653299680329e-08,6.162377241834938e-10,-2.1758027405252988e-08,1.2021216417663816e-07,-2.978505591550298e-09,-1.1959592645245486e-07
12,9,unloading,0.5,c24652f94e622a6fa6b432b1b5619e8265cad1a352e61cb049708b164984b71f,2979,63.0,36.0,physical_only,-2.2215131820376176e-06,1.053565523300335e-07,-1.7966037267998092e-06,3.7301094464916474e-08,-4.249094552378088e-07,6.805545786511702e-08
12,9,unloading,0.5,c24652f94e622a6fa6b432b1b5619e8265cad1a352e61cb049708b164984b71f,2980,64.0,36.0,interior,-0.0,-0.0,-0.0,-0.0,-0.0,-0.0
12,9,unloading,0.5,c24652f94e622a6fa6b432b1b5619e8265cad1a352e61cb049708b164984b71f,2981,65.0,36.0,interior,-0.0,-0.0,-0.0,-0.0,-0.0,-0.0
12,9,unloading,0.5,c24652f94e622a6fa6b432b1b5619e8265cad1a352e61cb049708b164984b71f,2982,66.0,36.0,interior,-0.0,-0.0,-0.0,-0.0,-0.0,-0.0
12,9,unloading,0.5,c24652f94e622a6fa6b432b1b5619e8265cad1a352e61cb049708b164984b71f,2983,67.0,36.0,interior,-0.0,-0.0,-0.0,-0.0,-0.0,-0.0
12,9,unloading,0.5,c24652f94e622a6fa6b432b1b5619e8265cad1a352e61cb049708b164984b71f,2984,68.0,36.0,interior,-0.0,-0.0,-0.0,-0.0,-0.0,-0.0
12,9,unloading,0.5,c24652f94e622a6fa6b432b1b5619e8265cad1a352e61cb049708b164984b71f,2985,69.0,36.0,interior,-0.0,-0.0,-0.0,-0.0,-0.0,-0.0
12,9,unloading,0.5,c24652f94e622a6fa6b432b1b5619e8265cad1a352e61cb049708b164984b71f,2986,70.0,36.0,interior,-0.0,-0.0,-0.0,-0.0,-0.0,-0.0
12,9,unloading,0.5,c24652f94e622a6fa6b432b1b5619e8265cad1a352e61cb049708b164984b71f,2987,71.0,36.0,interior,-0.0,-0.0,-0.0,-0.0,-0.0,-0.0
12,9,unloading,0.5,c24652f94e622a6fa6b432b1b5619e8265cad1a352e61cb049708b164984b71f,2988,72.0,36.0,interior,-0.0,-0.0,-0.0,-0.0,-0.0,-0.0
12,9,unloading,0.5,c24652f94e622a6fa6b432b1b5619e8265cad1a352e61cb049708b164984b71f,2989,73.0,36.0,interior,-0.0,-0.0,-0.0,-0.0,-0.0,-0.0
12,9,unloading,0.5,c24652f94e622a6fa6b432b1b5619e8265cad1a352e61cb049708b164984b71f,2990,74.0,36.0,interior,-0.0,-0.0,-0.0,-0.0,-0.0,-0.0
12,9,unloading,0.5,c24652f94e622a6fa6b432b1b5619e8265cad1a352e61cb049708b164984b71f,2991,75.0,36.0,interior,-0.0,-0.0,-0.0,-0.0,-0.0,-0.0
12,9,unloading,0.5,c24652f94e622a6fa6b432b1b5619e8265cad1a352e61cb049708b164984b71f,2992,76.0,36.0,interior,-0.0,-0.0,-0.0,-0.0,-0.0,-0.0
12,9,unloading,0.5,c24652f94e622a6fa6b432b1b5619e8265cad1a352e61cb049708b164984b71f,2993,77.0,36.0,interior,-0.0,-0.0,-0.0,-0.0,-0.0,-0.0
12,9,unloading,0.5,c24652f94e622a6fa6b432b1b5619e8265cad1a352e61cb049708b164984b71f,2994,78.0,36.0,interior,-0.0,-0.0,-0.0,-0.0,-0.0,-0.0
12,9,unloading,0.5,c24652f94e622a6fa6b432b1b5619e8265cad1a352e61cb049708b164984b71f,2995,79.0,36.0,physical_only,-2.4380891345586657e-08,4.907952085683091e-10,-2.146536906045306e-08,9.570262412019235e-08,-2.9155222851336017e-09,-9.521182891162395e-08
12,9,unloading,0.5,c24652f94e622a6fa6b432b1b5619e8265cad1a352e61cb049708b164984b71f,3060,63.0,37.0,physical_only,-2.325281243869682e-06,1.4027643517285012e-07,-1.8250270349409366e-06,2.8999901984720555e-08,-5.002542089287452e-07,1.112765331881294e-07
12,9,unloading,0.5,c24652f94e622a6fa6b432b1b5619e8265cad1a352e61cb049708b164984b71f,3061,64.0,37.0,interior,-0.0,-0.0,-0.0,-0.0,-0.0,-0.0
12,9,unloading,0.5,c24652f94e622a6fa6b432b1b5619e8265cad1a352e61cb049708b164984b71f,3062,65.0,37.0,interior,-0.0,-0.0,-0.0,-0.0,-0.0,-0.0
12,9,unloading,0.5,c24652f94e622a6fa6b432b1b5619e8265cad1a352e61cb049708b164984b71f,3063,66.0,37.0,interior,-0.0,-0.0,-0.0,-0.0,-0.0,-0.0
12,9,unloading,0.5,c24652f94e622a6fa6b432b1b5619e8265cad1a352e61cb049708b164984b71f,3064,67.0,37.0,interior,-0.0,-0.0,-0.0,-0.0,-0.0,-0.0
12,9,unloading,0.5,c24652f94e622a6fa6b432b1b5619e8265cad1a352e61cb049708b164984b71f,3065,68.0,37.0,interior,-0.0,-0.0,-0.0,-0.0,-0.0,-0.0
12,9,unloading,0.5,c24652f94e622a6fa6b432b1b5619e8265cad1a352e61cb049708b164984b71f,3066,69.0,37.0,interior,-0.0,-0.0,-0.0,-0.0,-0.0,-0.0
12,9,unloading,0.5,c24652f94e622a6fa6b432b1b5619e8265cad1a352e61cb049708b164984b71f,3067,70.0,37.0,interior,-0.0,-0.0,-0.0,-0.0,-0.0,-0.0
12,9,unloading,0.5,c24652f94e622a6fa6b432b1b5619e8265cad1a352e61cb049708b164984b71f,3068,71.0,37.0,interior,-0.0,-0.0,-0.0,-0.0,-0.0,-0.0
12,9,unloading,0.5,c24652f94e622a6fa6b432b1b5619e8265cad1a352e61cb049708b164984b71f,3069,72.0,37.0,interior,-0.0,-0.0,-0.0,-0.0,-0.0,-0.0
12,9,unloading,0.5,c24652f94e622a6fa6b432b1b5619e8265cad1a352e61cb049708b164984b71f,3070,73.0,37.0,interior,-0.0,-0.0,-0.0,-0.0,-0.0,-0.0
12,9,unloading,0.5,c24652f94e622a6fa6b432b1b5619e8265cad1a352e61cb049708b164984b71f,3071,74.0,37.0,interior,-0.0,-0.0,-0.0,-0.0,-0.0,-0.0
12,9,unloading,0.5,c24652f94e622a6fa6b432b1b5619e8265cad1a352e61cb049708b164984b71f,3072,75.0,37.0,interior,-0.0,-0.0,-0.0,-0.0,-0.0,-0.0
12,9,unloading,0.5,c24652f94e622a6fa6b432b1b5619e8265cad1a352e61cb049708b164984b71f,3073,76.0,37.0,interior,-0.0,-0.0,-0.0,-0.0,-0.0,-0.0
12,9,unloading,0.5,c24652f94e622a6fa6b432b1b5619e8265cad1a352e61cb049708b164984b71f,3074,77.0,37.0,interior,-0.0,-0.0,-0.0,-0.0,-0.0,-0.0
12,9,unloading,0.5,c24652f94e622a6fa6b432b1b5619e8265cad1a352e61cb049708b164984b71f,3075,78.0,37.0,interior,-0.0,-0.0,-0.0,-0.0,-0.0,-0.0
12,9,unloading,0.5,c24652f94e622a6fa6b432b1b5619e8265cad1a352e61cb049708b164984b71f,3076,79.0,37.0,physical_only,-2.4105474815364247e-08,3.6681805363300866e-10,-2.1238452572657115e-08,7.150517266587004e-08,-2.8670222427071296e-09,-7.113835461223631e-08
12,9,unloading,0.5,c24652f94e622a6fa6b432b1b5619e8265cad1a352e61cb049708b164984b71f,3141,63.0,38.0,physical_only,-2.415829545491467e-06,1.1598397949709658e-07,-1.8461587858277563e-06,1.9930814807020522e-08,-5.696707596637105e-07,9.6053164690076e-08
12,9,unloading,0.5,c24652f94e622a6fa6b432b1b5619e8265cad1a352e61cb049708b164984b71f,3142,64.0,38.0,interior,-0.0,-0.0,-0.0,-0.0,-0.0,-0.0
12,9,unloading,0.5,c24652f94e622a6fa6b432b1b5619e8265cad1a352e61cb049708b164984b71f,3143,65.0,38.0,interior,-0.0,-0.0,-0.0,-0.0,-0.0,-0.0
12,9,unloading,0.5,c24652f94e622a6fa6b432b1b5619e8265cad1a352e61cb049708b164984b71f,3144,66.0,38.0,interior,-0.0,-0.0,-0.0,-0.0,-0.0,-0.0
12,9,unloading,0.5,c24652f94e622a6fa6b432b1b5619e8265cad1a352e61cb049708b164984b71f,3145,67.0,38.0,interior,-0.0,-0.0,-0.0,-0.0,-0.0,-0.0
12,9,unloading,0.5,c24652f94e622a6fa6b432b1b5619e8265cad1a352e61cb049708b164984b71f,3146,68.0,38.0,interior,-0.0,-0.0,-0.0,-0.0,-0.0,-0.0
12,9,unloading,0.5,c24652f94e622a6fa6b432b1b5619e8265cad1a352e61cb049708b164984b71f,3147,69.0,38.0,interior,-0.0,-0.0,-0.0,-0.0,-0.0,-0.0
12,9,unloading,0.5,c24652f94e622a6fa6b432b1b5619e8265cad1a352e61cb049708b164984b71f,3148,70.0,38.0,interior,-0.0,-0.0,-0.0,-0.0,-0.0,-0.0
12,9,unloading,0.5,c24652f94e622a6fa6b432b1b5619e8265cad1a352e61cb049708b164984b71f,3149,71.0,38.0,interior,-0.0,-0.0,-0.0,-0.0,-0.0,-0.0
12,9,unloading,0.5,c24652f94e622a6fa6b432b1b5619e8265cad1a352e61cb049708b164984b71f,3150,72.0,38.0,interior,-0.0,-0.0,-0.0,-0.0,-0.0,-0.0
12,9,unloading,0.5,c24652f94e622a6fa6b432b1b5619e8265cad1a352e61cb049708b164984b71f,3151,73.0,38.0,interior,-0.0,-0.0,-0.0,-0.0,-0.0,-0.0
12,9,unloading,0.5,c24652f94e622a6fa6b432b1b5619e8265cad1a352e61cb049708b164984b71f,3152,74.0,38.0,interior,-0.0,-0.0,-0.0,-0.0,-0.0,-0.0
12,9,unloading,0.5,c24652f94e622a6fa6b432b1b5619e8265cad1a352e61cb049708b164984b71f,3153,75.0,38.0,interior,-0.0,-0.0,-0.0,-0.0,-0.0,-0.0
12,9,unloading,0.5,c24652f94e622a6fa6b432b1b5619e8265cad1a352e61cb049708b164984b71f,3154,76.0,38.0,interior,-0.0,-0.0,-0.0,-0.0,-0.0,-0.0
12,9,unloading,0.5,c24652f94e622a6fa6b432b1b5619e8265cad1a352e61cb049708b164984b71f,3155,77.0,38.0,interior,-0.0,-0.0,-0.0,-0.0,-0.0,-0.0
12,9,unloading,0.5,c24652f94e622a6fa6b432b1b5619e8265cad1a352e61cb049708b164984b71f,3156,78.0,38.0,interior,-0.0,-0.0,-0.0,-0.0,-0.0,-0.0
12,9,unloading,0.5,c24652f94e622a6fa6b432b1b5619e8265cad1a352e61cb049708b164984b71f,3157,79.0,38.0,physical_only,-2.3909386791349468e-08,2.4393736214898474e-10,-2.1076748459790583e-08,4.754093259551361e-08,-2.8326383315588893e-09,-4.729699523336495e-08
12,9,unloading,0.5,c24652f94e622a6fa6b432b1b5619e8265cad1a352e61cb049708b164984b71f,3222,63.0,39.0,physical_only,-2.4713615632996783e-06,6.287621961508704e-08,-1.8592138002861633e-06,1.016132832161966e-08,-6.121477630135148e-07,5.271489129346754e-08
12,9,unloading,0.5,c24652f94e622a6fa6b432b1b5619e8265cad1a352e61cb049708b164984b71f,3223,64.0,39.0,interior,-0.0,-0.0,-0.0,-0.0,-0.0,-0.0
12,9,unloading,0.5,c24652f94e622a6fa6b432b1b5619e8265cad1a352e61cb049708b164984b71f,3224,65.0,39.0,interior,-0.0,-0.0,-0.0,-0.0,-0.0,-0.0
12,9,unloading,0.5,c24652f94e622a6fa6b432b1b5619e8265cad1a352e61cb049708b164984b71f,3225,66.0,39.0,interior,-0.0,-0.0,-0.0,-0.0,-0.0,-0.0
12,9,unloading,0.5,c24652f94e622a6fa6b432b1b5619e8265cad1a352e61cb049708b164984b71f,3226,67.0,39.0,interior,-0.0,-0.0,-0.0,-0.0,-0.0,-0.0
12,9,unloading,0.5,c24652f94e622a6fa6b432b1b5619e8265cad1a352e61cb049708b164984b71f,3227,68.0,39.0,interior,-0.0,-0.0,-0.0,-0.0,-0.0,-0.0
12,9,unloading,0.5,c24652f94e622a6fa6b432b1b5619e8265cad1a352e61cb049708b164984b71f,3228,69.0,39.0,interior,-0.0,-0.0,-0.0,-0.0,-0.0,-0.0
12,9,unloading,0.5,c24652f94e622a6fa6b432b1b5619e8265cad1a352e61cb049708b164984b71f,3229,70.0,39.0,interior,-0.0,-0.0,-0.0,-0.0,-0.0,-0.0
12,9,unloading,0.5,c24652f94e622a6fa6b432b1b5619e8265cad1a352e61cb049708b164984b71f,3230,71.0,39.0,interior,-0.0,-0.0,-0.0,-0.0,-0.0,-0.0
12,9,unloading,0.5,c24652f94e622a6fa6b432b1b5619e8265cad1a352e61cb049708b164984b71f,3231,72.0,39.0,interior,-0.0,-0.0,-0.0,-0.0,-0.0,-0.0
12,9,unloading,0.5,c24652f94e622a6fa6b432b1b5619e8265cad1a352e61cb049708b164984b71f,3232,73.0,39.0,interior,-0.0,-0.0,-0.0,-0.0,-0.0,-0.0
12,9,unloading,0.5,c24652f94e622a6fa6b432b1b5619e8265cad1a352e61cb049708b164984b71f,3233,74.0,39.0,interior,-0.0,-0.0,-0.0,-0.0,-0.0,-0.0
12,9,unloading,0.5,c24652f94e622a6fa6b432b1b5619e8265cad1a352e61cb049708b164984b71f,3234,75.0,39.0,interior,-0.0,-0.0,-0.0,-0.0,-0.0,-0.0
12,9,unloading,0.5,c24652f94e622a6fa6b432b1b5619e8265cad1a352e61cb049708b164984b71f,3235,76.0,39.0,interior,-0.0,-0.0,-0.0,-0.0,-0.0,-0.0
12,9,unloading,0.5,c24652f94e622a6fa6b432b1b5619e8265cad1a352e61cb049708b164984b71f,3236,77.0,39.0,interior,-0.0,-0.0,-0.0,-0.0,-0.0,-0.0
12,9,unloading,0.5,c24652f94e622a6fa6b432b1b5619e8265cad1a352e61cb049708b164984b71f,3237,78.0,39.0,interior,-0.0,-0.0,-0.0,-0.0,-0.0,-0.0
12,9,unloading,0.5,c24652f94e622a6fa6b432b1b5619e8265cad1a352e61cb049708b164984b71f,3238,79.0,39.0,physical_only,-2.379198880990209e-08,1.2178642570377472e-10,-2.0979877775378182e-08,2.3731760271236725e-08,-2.812111034523905e-09,-2.360997384553258e-08
12,9,unloading,0.5,c24652f94e622a6fa6b432b1b5619e8265cad1a352e61cb049708b164984b71f,3303,63.0,40.0,physical_and_cut,-1.2447260422500892e-06,-1.880134883331468e-06,-9.318154002468455e-07,-4.075253950751896e-07,-3.129106420032437e-07,-1.4726094882562783e-06
12,9,unloading,0.5,c24652f94e622a6fa6b432b1b5619e8265cad1a352e61cb049708b164984b71f,3304,64.0,40.0,cut_only,-0.0,-0.0,-0.0,-0.0,-0.0,-0.0
12,9,unloading,0.5,c24652f94e622a6fa6b432b1b5619e8265cad1a352e61cb049708b164984b71f,3305,65.0,40.0,cut_only,-0.0,-0.0,-0.0,-0.0,-0.0,-0.0
12,9,unloading,0.5,c24652f94e622a6fa6b432b1b5619e8265cad1a352e61cb049708b164984b71f,3306,66.0,40.0,cut_only,-0.0,-0.0,-0.0,-0.0,-0.0,-0.0
12,9,unloading,0.5,c24652f94e622a6fa6b432b1b5619e8265cad1a352e61cb049708b164984b71f,3307,67.0,40.0,cut_only,-0.0,-0.0,-0.0,-0.0,-0.0,-0.0
12,9,unloading,0.5,c24652f94e622a6fa6b432b1b5619e8265cad1a352e61cb049708b164984b71f,3308,68.0,40.0,cut_only,-0.0,-0.0,-0.0,-0.0,-0.0,-0.0
12,9,unloading,0.5,c24652f94e622a6fa6b432b1b5619e8265cad1a352e61cb049708b164984b71f,3309,69.0,40.0,cut_only,-0.0,-0.0,-0.0,-0.0,-0.0,-0.0
12,9,unloading,0.5,c24652f94e622a6fa6b432b1b5619e8265cad1a352e61cb049708b164984b71f,3310,70.0,40.0,cut_only,-0.0,-0.0,-0.0,-0.0,-0.0,-0.0
12,9,unloading,0.5,c24652f94e622a6fa6b432b1b5619e8265cad1a352e61cb049708b164984b71f,3311,71.0,40.0,cut_only,-0.0,-0.0,-0.0,-0.0,-0.0,-0.0
12,9,unloading,0.5,c24652f94e622a6fa6b432b1b5619e8265cad1a352e61cb049708b164984b71f,3312,72.0,40.0,cut_only,-0.0,-0.0,-0.0,-0.0,-0.0,-0.0
12,9,unloading,0.5,c24652f94e622a6fa6b432b1b5619e8265cad1a352e61cb049708b164984b71f,3313,73.0,40.0,cut_only,-0.0,-0.0,-0.0,-0.0,-0.0,-0.0
12,9,unloading,0.5,c24652f94e622a6fa6b432b1b5619e8265cad1a352e61cb049708b164984b71f,3314,74.0,40.0,cut_only,-0.0,-0.0,-0.0,-0.0,-0.0,-0.0
12,9,unloading,0.5,c24652f94e622a6fa6b432b1b5619e8265cad1a352e61cb049708b164984b71f,3315,75.0,40.0,cut_only,-0.0,-0.0,-0.0,-0.0,-0.0,-0.0
12,9,unloading,0.5,c24652f94e622a6fa6b432b1b5619e8265cad1a352e61cb049708b164984b71f,3316,76.0,40.0,cut_only,-0.0,-0.0,-0.0,-0.0,-0.0,-0.0
12,9,unloading,0.5,c24652f94e622a6fa6b432b1b5619e8265cad1a352e61cb049708b164984b71f,3317,77.0,40.0,cut_only,-0.0,-0.0,-0.0,-0.0,-0.0,-0.0
12,9,unloading,0.5,c24652f94e622a6fa6b432b1b5619e8265cad1a352e61cb049708b164984b71f,3318,78.0,40.0,cut_only,-0.0,-0.0,-0.0,-0.0,-0.0,-0.0
12,9,unloading,0.5,c24652f94e622a6fa6b432b1b5619e8265cad1a352e61cb049708b164984b71f,3319,79.0,40.0,physical_and_cut,-1.1876449291070805e-08,-7.17743329867976e-06,-1.0473806429463945e-08,1.5917514263640538e-08,-1.4026428616068603e-09,-7.1933508129434e-06
13,10,unloading,0.0,b61f207daf1682d84e9d949f95f83579472da50f6b07338ebd3c8853ff77ec55,2655,63.0,32.0,physical_only,5.913247983040265e-32,-5.430358877456768e-32,9.748879600339474e-34,-7.2533484674768505e-34,5.815759187036871e-32,-5.357825392781999e-32
13,10,unloading,0.0,b61f207daf1682d84e9d949f95f83579472da50f6b07338ebd3c8853ff77ec55,2656,64.0,32.0,physical_only,2.351412313639554e-34,-1.4278686568022268e-33,2.351412313639554e-34,-5.120010682924836e-34,-0.0,-9.158675885097433e-34
13,10,unloading,0.0,b61f207daf1682d84e9d949f95f83579472da50f6b07338ebd3c8853ff77ec55,2657,65.0,32.0,physical_only,-9.183214204240787e-34,-7.397353702555115e-34,2.265130652131006e-34,-5.1076847312807575e-34,-1.1448344856371792e-33,-2.2896689712743583e-34
13,10,unloading,0.0,b61f207daf1682d84e9d949f95f83579472da50f6b07338ebd3c8853ff77ec55,2658,66.0,32.0,physical_only,8.99760394774275e-34,-2.1031071016289835e-33,2.128597033919677e-34,-5.003388217369326e-34,6.869006913823077e-34,-1.602768279892051e-33
13,10,unloading,0.0,b61f207daf1682d84e9d949f95f83579472da50f6b07338ebd3c8853ff77ec55,2659,67.0,32.0,physical_only,-4.796350737364982e-34,4.358191794792168e-34,2.072656176458091e-34,-4.800484090305267e-34,-6.869006913823077e-34,9.158675885097435e-34
13,10,unloading,0.0,b61f207daf1682d84e9d949f95f83579472da50f6b07338ebd3c8853ff77ec55,2660,68.0,32.0,physical_only,-2.5370225701375878e-34,-7.418287815407707e-36,2.0423153724111292e-34,-4.653520820702795e-34,-4.579337942548715e-34,4.5793379425487166e-34
13,10,unloading,0.0,b61f207daf1682d84e9d949f95f83579472da50f6b07338ebd3c8853ff77ec55,2661,69.0,32.0,physical_only,4.300695389512058e-34,2.3112492558935043e-34,2.0110264182376998e-34,-4.5577576579295714e-34,2.2896689712743574e-34,6.869006913823075e-34
13,10,unloading,0.0,b61f207daf1682d84e9d949f95f83579472da50f6b07338ebd3c8853ff77ec55,2662,70.0,32.0,physical_only,-9.462918491548715e-34,-1.823698617773473e-33,1.985426364823075e-34,-4.498972350088583e-34,-1.1448344856371792e-33,-1.3738013827646148e-33
13,10,unloading,0.0,b61f207daf1682d84e9d949f95f83579472da50f6b07338ebd3c8853ff77ec55,2663,71.0,32.0,physical_only,8.784744244350783e-34,1.3532003451704342e-34,1.9157373305277093e-34,-4.370972083015462e-34,6.869006913823075e-34,5.724172428185894e-34
13,10,unloading,0.0,b61f207daf1682d84e9d949f95f83579472da50f6b07338ebd3c8853ff77ec55,2664,72.0,32.0,physical_only,4.205406301802068e-34,-7.923498068808555e-35,1.9157373305277093e-34,-4.2268532637923925e-34,2.289668971274359e-34,3.434503456911538e-34
13,10,unloading,0.0,b61f207daf1682d84e9d949f95f83579472da50f6b07338ebd3c8853ff77ec55,2665,73.0,32.0,physical_only,-3.8862796770689616e-35,-1.8546952315153563e-34,1.9010410035674623e-34,-4.1443642027897146e-34,-2.289668971274359e-34,2.2896689712743583e-34
13,10,unloading,0.0,b61f207daf1682d84e9d949f95f83579472da50f6b07338ebd3c8853ff77ec55,2666,74.0,32.0,physical_only,-3.976353939083366e-35,3.898869850591035e-34,1.8920335773660204e-34,-4.11497154886922e-34,-2.2896689712743583e-34,8.013841399460254e-34
13,10,unloading,0.0,b61f207daf1682d84e9d949f95f83579472da50f6b07338ebd3c8853ff77ec55,2667,75.0,32.0,physical_only,4.149939519403715e-34,-1.0986822913071697e-33,1.860270548129357e-34,-4.117815999248623e-34,2.2896689712743583e-34,-6.869006913823075e-34
13,10,unloading,0.0,b61f207daf1682d84e9d949f95f83579472da50f6b07338ebd3c8853ff77ec55,2668,76.0,32.0,physical_only,-1.1875372904200625e-33,-6.92794043601761e-35,1.862640923445526e-34,-4.127297500513298e-34,-1.373801382764615e-33,3.4345034569115374e-34
13,10,unloading,0.0,b61f207daf1682d84e9d949f95f83579472da50f6b07338ebd3c8853ff77ec55,2669,77.0,32.0,physical_only,1.8531594221808506e-34,-3.0052186179113407e-34,1.8531594221808504e-34,-4.15005310354852e-34,-0.0,1.1448344856371791e-34
13,10,unloading,0.0,b61f207daf1682d84e9d949f95f83579472da50f6b07338ebd3c8853ff77ec55,2670,78.0,32.0,physical_only,1.877811325469007e-34,-7.345126491663334e-35,1.877811325469007e-34,-4.169016106077871e-34,-0.0,3.4345034569115374e-34
13,10,unloading,0.0,b61f207daf1682d84e9d949f95f83579472da50f6b07338ebd3c8853ff77ec55,2671,79.0,32.0,physical_only,7.363238348447365e-34,-1.3172502315862721e-33,1.8537223863184405e-34,-4.228482896822258e-34,5.509515962128925e-34,-8.944019419040463e-34
13,10,unloading,0.0,b61f207daf1682d84e9d949f95f83579472da50f6b07338ebd3c8853ff77ec55,2736,63.0,33.0,physical_only,2.659813150549918e-32,-1.0240659375764294e-32,9.538390272263675e-34,-1.661159021571169e-34,2.564429247827281e-32,-1.0074543473607177e-32
13,10,unloading,0.0,b61f207daf1682d84e9d949f95f83579472da50f6b07338ebd3c8853ff77ec55,2737,64.0,33.0,interior,-0.0,-0.0,-0.0,-0.0,-0.0,-0.0
13,10,unloading,0.0,b61f207daf1682d84e9d949f95f83579472da50f6b07338ebd3c8853ff77ec55,2738,65.0,33.0,interior,-0.0,-0.0,-0.0,-0.0,-0.0,-0.0
13,10,unloading,0.0,b61f207daf1682d84e9d949f95f83579472da50f6b07338ebd3c8853ff77ec55,2739,66.0,33.0,interior,-0.0,-0.0,-0.0,-0.0,-0.0,-0.0
13,10,unloading,0.0,b61f207daf1682d84e9d949f95f83579472da50f6b07338ebd3c8853ff77ec55,2740,67.0,33.0,interior,-0.0,-0.0,-0.0,-0.0,-0.0,-0.0
13,10,unloading,0.0,b61f207daf1682d84e9d949f95f83579472da50f6b07338ebd3c8853ff77ec55,2741,68.0,33.0,interior,-0.0,-0.0,-0.0,-0.0,-0.0,-0.0
13,10,unloading,0.0,b61f207daf1682d84e9d949f95f83579472da50f6b07338ebd3c8853ff77ec55,2742,69.0,33.0,interior,-0.0,-0.0,-0.0,-0.0,-0.0,-0.0
13,10,unloading,0.0,b61f207daf1682d84e9d949f95f83579472da50f6b07338ebd3c8853ff77ec55,2743,70.0,33.0,interior,-0.0,-0.0,-0.0,-0.0,-0.0,-0.0
13,10,unloading,0.0,b61f207daf1682d84e9d949f95f83579472da50f6b07338ebd3c8853ff77ec55,2744,71.0,33.0,interior,-0.0,-0.0,-0.0,-0.0,-0.0,-0.0
13,10,unloading,0.0,b61f207daf1682d84e9d949f95f83579472da50f6b07338ebd3c8853ff77ec55,2745,72.0,33.0,interior,-0.0,-0.0,-0.0,-0.0,-0.0,-0.0
13,10,unloading,0.0,b61f207daf1682d84e9d949f95f83579472da50f6b07338ebd3c8853ff77ec55,2746,73.0,33.0,interior,-0.0,-0.0,-0.0,-0.0,-0.0,-0.0
13,10,unloading,0.0,b61f207daf1682d84e9d949f95f83579472da50f6b07338ebd3c8853ff77ec55,2747,74.0,33.0,interior,-0.0,-0.0,-0.0,-0.0,-0.0,-0.0
13,10,unloading,0.0,b61f207daf1682d84e9d949f95f83579472da50f6b07338ebd3c8853ff77ec55,2748,75.0,33.0,interior,-0.0,-0.0,-0.0,-0.0,-0.0,-0.0
13,10,unloading,0.0,b61f207daf1682d84e9d949f95f83579472da50f6b07338ebd3c8853ff77ec55,2749,76.0,33.0,interior,-0.0,-0.0,-0.0,-0.0,-0.0,-0.0
13,10,unloading,0.0,b61f207daf1682d84e9d949f95f83579472da50f6b07338ebd3c8853ff77ec55,2750,77.0,33.0,interior,-0.0,-0.0,-0.0,-0.0,-0.0,-0.0
13,10,unloading,0.0,b61f207daf1682d84e9d949f95f83579472da50f6b07338ebd3c8853ff77ec55,2751,78.0,33.0,interior,-0.0,-0.0,-0.0,-0.0,-0.0,-0.0
13,10,unloading,0.0,b61f207daf1682d84e9d949f95f83579472da50f6b07338ebd3c8853ff77ec55,2752,79.0,33.0,physical_only,-9.134478924233408e-36,-4.2459347850875485e-36,-1.979263389001036e-36,-4.2459347850875525e-36,-7.155215535232367e-36,-0.0
13,10,unloading,0.0,b61f207daf1682d84e9d949f95f83579472da50f6b07338ebd3c8853ff77ec55,2817,63.0,34.0,physical_only,9.199681404218753e-33,8.108125544971372e-34,9.568731076310638e-34,-1.0505503401260588e-34,8.24280829658769e-33,9.15867588509743e-34
13,10,unloading,0.0,b61f207daf1682d84e9d949f95f83579472da50f6b07338ebd3c8853ff77ec55,2818,64.0,34.0,interior,-0.0,-0.0,-0.0,-0.0,-0.0,-0.0
13,10,unloading,0.0,b61f207daf1682d84e9d949f95f83579472da50f6b07338ebd3c8853ff77ec55,2819,65.0,34.0,interior,-0.0,-0.0,-0.0,-0.0,-0.0,-0.0
13,10,unloading,0.0,b61f207daf1682d84e9d949f95f83579472da50f6b07338ebd3c8853ff77ec55,2820,66.0,34.0,interior,-0.0,-0.0,-0.0,-0.0,-0.0,-0.0
13,10,unloading,0.0,b61f207daf1682d84e9d949f95f83579472da50f6b07338ebd3c8853ff77ec55,2821,67.0,34.0,interior,-0.0,-0.0,-0.0,-0.0,-0.0,-0.0
13,10,unloading,0.0,b61f207daf1682d84e9d949f95f83579472da50f6b07338ebd3c8853ff77ec55,2822,68.0,34.0,interior,-0.0,-0.0,-0.0,-0.0,-0.0,-0.0
13,10,unloading,0.0,b61f207daf1682d84e9d949f95f83579472da50f6b07338ebd3c8853ff77ec55,2823,69.0,34.0,interior,-0.0,-0.0,-0.0,-0.0,-0.0,-0.0
13,10,unloading,0.0,b61f207daf1682d84e9d949f95f83579472da50f6b07338ebd3c8853ff77ec55,2824,70.0,34.0,interior,-0.0,-0.0,-0.0,-0.0,-0.0,-0.0
13,10,unloading,0.0,b61f207daf1682d84e9d949f95f83579472da50f6b07338ebd3c8853ff77ec55,2825,71.0,34.0,interior,-0.0,-0.0,-0.0,-0.0,-0.0,-0.0
13,10,unloading,0.0,b61f207daf1682d84e9d949f95f83579472da50f6b07338ebd3c8853ff77ec55,2826,72.0,34.0,interior,-0.0,-0.0,-0.0,-0.0,-0.0,-0.0
13,10,unloading,0.0,b61f207daf1682d84e9d949f95f83579472da50f6b07338ebd3c8853ff77ec55,2827,73.0,34.0,interior,-0.0,-0.0,-0.0,-0.0,-0.0,-0.0
13,10,unloading,0.0,b61f207daf1682d84e9d949f95f83579472da50f6b07338ebd3c8853ff77ec55,2828,74.0,34.0,interior,-0.0,-0.0,-0.0,-0.0,-0.0,-0.0
13,10,unloading,0.0,b61f207daf1682d84e9d949f95f83579472da50f6b07338ebd3c8853ff77ec55,2829,75.0,34.0,interior,-0.0,-0.0,-0.0,-0.0,-0.0,-0.0
13,10,unloading,0.0,b61f207daf1682d84e9d949f95f83579472da50f6b07338ebd3c8853ff77ec55,2830,76.0,34.0,interior,-0.0,-0.0,-0.0,-0.0,-0.0,-0.0
13,10,unloading,0.0,b61f207daf1682d84e9d949f95f83579472da50f6b07338ebd3c8853ff77ec55,2831,77.0,34.0,interior,-0.0,-0.0,-0.0,-0.0,-0.0,-0.0
13,10,unloading,0.0,b61f207daf1682d84e9d949f95f83579472da50f6b07338ebd3c8853ff77ec55,2832,78.0,34.0,interior,-0.0,-0.0,-0.0,-0.0,-0.0,-0.0
13,10,unloading,0.0,b61f207daf1682d84e9d949f95f83579472da50f6b07338ebd3c8853ff77ec55,2833,79.0,34.0,physical_only,-9.647072586354934e-36,3.5137264557678726e-36,-2.4918570511225622e-36,-3.641489079464481e-36,-7.155215535232367e-36,7.155215535232372e-36
13,10,unloading,0.0,b61f207daf1682d84e9d949f95f83579472da50f6b07338ebd3c8853ff77ec55,2898,63.0,35.0,physical_only,-9.190867555739409e-33,-1.9185857286039156e-33,8.83675917867768e-34,-8.685055158442872e-35,-1.0074543473607176e-32,-1.831735177019486e-33
13,10,unloading,0.0,b61f207daf1682d84e9d949f95f83579472da50f6b07338ebd3c8853ff77ec55,2899,64.0,35.0,interior,-0.0,-0.0,-0.0,-0.0,-0.0,-0.0
13,10,unloading,0.0,b61f207daf1682d84e9d949f95f83579472da50f6b07338ebd3c8853ff77ec55,2900,65.0,35.0,interior,-0.0,-0.0,-0.0,-0.0,-0.0,-0.0
13,10,unloading,0.0,b61f207daf1682d84e9d949f95f83579472da50f6b07338ebd3c8853ff77ec55,2901,66.0,35.0,interior,-0.0,-0.0,-0.0,-0.0,-0.0,-0.0
13,10,unloading,0.0,b61f207daf1682d84e9d949f95f83579472da50f6b07338ebd3c8853ff77ec55,2902,67.0,35.0,interior,-0.0,-0.0,-0.0,-0.0,-0.0,-0.0
13,10,unloading,0.0,b61f207daf1682d84e9d949f95f83579472da50f6b07338ebd3c8853ff77ec55,2903,68.0,35.0,interior,-0.0,-0.0,-0.0,-0.0,-0.0,-0.0
13,10,unloading,0.0,b61f207daf1682d84e9d949f95f83579472da50f6b07338ebd3c8853ff77ec55,2904,69.0,35.0,interior,-0.0,-0.0,-0.0,-0.0,-0.0,-0.0
13,10,unloading,0.0,b61f207daf1682d84e9d949f95f83579472da50f6b07338ebd3c8853ff77ec55,2905,70.0,35.0,interior,-0.0,-0.0,-0.0,-0.0,-0.0,-0.0
13,10,unloading,0.0,b61f207daf1682d84e9d949f95f83579472da50f6b07338ebd3c8853ff77ec55,2906,71.0,35.0,interior,-0.0,-0.0,-0.0,-0.0,-0.0,-0.0
13,10,unloading,0.0,b61f207daf1682d84e9d949f95f83579472da50f6b07338ebd3c8853ff77ec55,2907,72.0,35.0,interior,-0.0,-0.0,-0.0,-0.0,-0.0,-0.0
13,10,unloading,0.0,b61f207daf1682d84e9d949f95f83579472da50f6b07338ebd3c8853ff77ec55,2908,73.0,35.0,interior,-0.0,-0.0,-0.0,-0.0,-0.0,-0.0
13,10,unloading,0.0,b61f207daf1682d84e9d949f95f83579472da50f6b07338ebd3c8853ff77ec55,2909,74.0,35.0,interior,-0.0,-0.0,-0.0,-0.0,-0.0,-0.0
13,10,unloading,0.0,b61f207daf1682d84e9d949f95f83579472da50f6b07338ebd3c8853ff77ec55,2910,75.0,35.0,interior,-0.0,-0.0,-0.0,-0.0,-0.0,-0.0
13,10,unloading,0.0,b61f207daf1682d84e9d949f95f83579472da50f6b07338ebd3c8853ff77ec55,2911,76.0,35.0,interior,-0.0,-0.0,-0.0,-0.0,-0.0,-0.0
13,10,unloading,0.0,b61f207daf1682d84e9d949f95f83579472da50f6b07338ebd3c8853ff77ec55,2912,77.0,35.0,interior,-0.0,-0.0,-0.0,-0.0,-0.0,-0.0
13,10,unloading,0.0,b61f207daf1682d84e9d949f95f83579472da50f6b07338ebd3c8853ff77ec55,2913,78.0,35.0,interior,-0.0,-0.0,-0.0,-0.0,-0.0,-0.0
13,10,unloading,0.0,b61f207daf1682d84e9d949f95f83579472da50f6b07338ebd3c8853ff77ec55,2914,79.0,35.0,physical_only,-1.0076703112410548e-35,-3.0251914972605666e-36,-2.9214875771781757e-36,-3.025191497260566e-36,-7.155215535232372e-36,-0.0
13,10,unloading,0.0,b61f207daf1682d84e9d949f95f83579472da50f6b07338ebd3c8853ff77ec55,2979,63.0,36.0,physical_only,2.680613985245895e-33,-7.724238327896808e-34,8.488788082264085e-34,-8.552314140737413e-35,1.8317351770194866e-33,-6.869006913823077e-34
13,10,unloading,0.0,b61f207daf1682d84e9d949f95f83579472da50f6b07338ebd3c8853ff77ec55,2980,64.0,36.0,interior,-0.0,-0.0,-0.0,-0.0,-0.0,-0.0
13,10,unloading,0.0,b61f207daf1682d84e9d949f95f83579472da50f6b07338ebd3c8853ff77ec55,2981,65.0,36.0,interior,-0.0,-0.0,-0.0,-0.0,-0.0,-0.0
13,10,unloading,0.0,b61f207daf1682d84e9d949f95f83579472da50f6b07338ebd3c8853ff77ec55,2982,66.0,36.0,interior,-0.0,-0.0,-0.0,-0.0,-0.0,-0.0
13,10,unloading,0.0,b61f207daf1682d84e9d949f95f83579472da50f6b07338ebd3c8853ff77ec55,2983,67.0,36.0,interior,-0.0,-0.0,-0.0,-0.0,-0.0,-0.0
13,10,unloading,0.0,b61f207daf1682d84e9d949f95f83579472da50f6b07338ebd3c8853ff77ec55,2984,68.0,36.0,interior,-0.0,-0.0,-0.0,-0.0,-0.0,-0.0
13,10,unloading,0.0,b61f207daf1682d84e9d949f95f83579472da50f6b07338ebd3c8853ff77ec55,2985,69.0,36.0,interior,-0.0,-0.0,-0.0,-0.0,-0.0,-0.0
13,10,unloading,0.0,b61f207daf1682d84e9d949f95f83579472da50f6b07338ebd3c8853ff77ec55,2986,70.0,36.0,interior,-0.0,-0.0,-0.0,-0.0,-0.0,-0.0
13,10,unloading,0.0,b61f207daf1682d84e9d949f95f83579472da50f6b07338ebd3c8853ff77ec55,2987,71.0,36.0,interior,-0.0,-0.0,-0.0,-0.0,-0.0,-0.0
13,10,unloading,0.0,b61f207daf1682d84e9d949f95f83579472da50f6b07338ebd3c8853ff77ec55,2988,72.0,36.0,interior,-0.0,-0.0,-0.0,-0.0,-0.0,-0.0
13,10,unloading,0.0,b61f207daf1682d84e9d949f95f83579472da50f6b07338ebd3c8853ff77ec55,2989,73.0,36.0,interior,-0.0,-0.0,-0.0,-0.0,-0.0,-0.0
13,10,unloading,0.0,b61f207daf1682d84e9d949f95f83579472da50f6b07338ebd3c8853ff77ec55,2990,74.0,36.0,interior,-0.0,-0.0,-0.0,-0.0,-0.0,-0.0
13,10,unloading,0.0,b61f207daf1682d84e9d949f95f83579472da50f6b07338ebd3c8853ff77ec55,2991,75.0,36.0,interior,-0.0,-0.0,-0.0,-0.0,-0.0,-0.0
13,10,unloading,0.0,b61f207daf1682d84e9d949f95f83579472da50f6b07338ebd3c8853ff77ec55,2992,76.0,36.0,interior,-0.0,-0.0,-0.0,-0.0,-0.0,-0.0
13,10,unloading,0.0,b61f207daf1682d84e9d949f95f83579472da50f6b07338ebd3c8853ff77ec55,2993,77.0,36.0,interior,-0.0,-0.0,-0.0,-0.0,-0.0,-0.0
13,10,unloading,0.0,b61f207daf1682d84e9d949f95f83579472da50f6b07338ebd3c8853ff77ec55,2994,78.0,36.0,interior,-0.0,-0.0,-0.0,-0.0,-0.0,-0.0
13,10,unloading,0.0,b61f207daf1682d84e9d949f95f83579472da50f6b07338ebd3c8853ff77ec55,2995,79.0,36.0,physical_only,-1.0408555656674193e-35,-2.4266717299279065e-36,-3.253340121441823e-36,-2.4266717299279172e-36,-7.15521553523237e-36,-0.0
13,10,unloading,0.0,b61f207daf1682d84e9d949f95f83579472da50f6b07338ebd3c8853ff77ec55,3060,63.0,37.0,physical_only,8.312432158741117e-34,1.6847491905880579e-34,8.312432158741117e-34,-6.049197806863047e-35,-0.0,2.289668971274359e-34
13,10,unloading,0.0,b61f207daf1682d84e9d949f95f83579472da50f6b07338ebd3c8853ff77ec55,3061,64.0,37.0,interior,-0.0,-0.0,-0.0,-0.0,-0.0,-0.0
13,10,unloading,0.0,b61f207daf1682d84e9d949f95f83579472da50f6b07338ebd3c8853ff77ec55,3062,65.0,37.0,interior,-0.0,-0.0,-0.0,-0.0,-0.0,-0.0
13,10,unloading,0.0,b61f207daf1682d84e9d949f95f83579472da50f6b07338ebd3c8853ff77ec55,3063,66.0,37.0,interior,-0.0,-0.0,-0.0,-0.0,-0.0,-0.0
13,10,unloading,0.0,b61f207daf1682d84e9d949f95f83579472da50f6b07338ebd3c8853ff77ec55,3064,67.0,37.0,interior,-0.0,-0.0,-0.0,-0.0,-0.0,-0.0
13,10,unloading,0.0,b61f207daf1682d84e9d949f95f83579472da50f6b07338ebd3c8853ff77ec55,3065,68.0,37.0,interior,-0.0,-0.0,-0.0,-0.0,-0.0,-0.0
13,10,unloading,0.0,b61f207daf1682d84e9d949f95f83579472da50f6b07338ebd3c8853ff77ec55,3066,69.0,37.0,interior,-0.0,-0.0,-0.0,-0.0,-0.0,-0.0
13,10,unloading,0.0,b61f207daf1682d84e9d949f95f83579472da50f6b07338ebd3c8853ff77ec55,3067,70.0,37.0,interior,-0.0,-0.0,-0.0,-0.0,-0.0,-0.0
13,10,unloading,0.0,b61f207daf1682d84e9d949f95f83579472da50f6b07338ebd3c8853ff77ec55,3068,71.0,37.0,interior,-0.0,-0.0,-0.0,-0.0,-0.0,-0.0
13,10,unloading,0.0,b61f207daf1682d84e9d949f95f83579472da50f6b07338ebd3c8853ff77ec55,3069,72.0,37.0,interior,-0.0,-0.0,-0.0,-0.0,-0.0,-0.0
13,10,unloading,0.0,b61f207daf1682d84e9d949f95f83579472da50f6b07338ebd3c8853ff77ec55,3070,73.0,37.0,interior,-0.0,-0.0,-0.0,-0.0,-0.0,-0.0
13,10,unloading,0.0,b61f207daf1682d84e9d949f95f83579472da50f6b07338ebd3c8853ff77ec55,3071,74.0,37.0,interior,-0.0,-0.0,-0.0,-0.0,-0.0,-0.0
13,10,unloading,0.0,b61f207daf1682d84e9d949f95f83579472da50f6b07338ebd3c8853ff77ec55,3072,75.0,37.0,interior,-0.0,-0.0,-0.0,-0.0,-0.0,-0.0
13,10,unloading,0.0,b61f207daf1682d84e9d949f95f83579472da50f6b07338ebd3c8853ff77ec55,3073,76.0,37.0,interior,-0.0,-0.0,-0.0,-0.0,-0.0,-0.0
13,10,unloading,0.0,b61f207daf1682d84e9d949f95f83579472da50f6b07338ebd3c8853ff77ec55,3074,77.0,37.0,interior,-0.0,-0.0,-0.0,-0.0,-0.0,-0.0
13,10,unloading,0.0,b61f207daf1682d84e9d949f95f83579472da50f6b07338ebd3c8853ff77ec55,3075,78.0,37.0,interior,-0.0,-0.0,-0.0,-0.0,-0.0,-0.0
13,10,unloading,0.0,b61f207daf1682d84e9d949f95f83579472da50f6b07338ebd3c8853ff77ec55,3076,79.0,37.0,physical_only,-3.5163036330793084e-36,-3.627326238411605e-36,-3.516303633079311e-36,-1.8385223546035075e-36,-0.0,-1.788803883808093e-36
13,10,unloading,0.0,b61f207daf1682d84e9d949f95f83579472da50f6b07338ebd3c8853ff77ec55,3141,63.0,38.0,physical_only,-1.4737383799426977e-33,-1.5610723911564504e-34,8.159305913316607e-34,-4.162379055192597e-35,-2.2896689712743585e-33,-1.1448344856371796e-34
13,10,unloading,0.0,b61f207daf1682d84e9d949f95f83579472da50f6b07338ebd3c8853ff77ec55,3142,64.0,38.0,interior,-0.0,-0.0,-0.0,-0.0,-0.0,-0.0
13,10,unloading,0.0,b61f207daf1682d84e9d949f95f83579472da50f6b07338ebd3c8853ff77ec55,3143,65.0,38.0,interior,-0.0,-0.0,-0.0,-0.0,-0.0,-0.0
13,10,unloading,0.0,b61f207daf1682d84e9d949f95f83579472da50f6b07338ebd3c8853ff77ec55,3144,66.0,38.0,interior,-0.0,-0.0,-0.0,-0.0,-0.0,-0.0
13,10,unloading,0.0,b61f207daf1682d84e9d949f95f83579472da50f6b07338ebd3c8853ff77ec55,3145,67.0,38.0,interior,-0.0,-0.0,-0.0,-0.0,-0.0,-0.0
13,10,unloading,0.0,b61f207daf1682d84e9d949f95f83579472da50f6b07338ebd3c8853ff77ec55,3146,68.0,38.0,interior,-0.0,-0.0,-0.0,-0.0,-0.0,-0.0
13,10,unloading,0.0,b61f207daf1682d84e9d949f95f83579472da50f6b07338ebd3c8853ff77ec55,3147,69.0,38.0,interior,-0.0,-0.0,-0.0,-0.0,-0.0,-0.0
13,10,unloading,0.0,b61f207daf1682d84e9d949f95f83579472da50f6b07338ebd3c8853ff77ec55,3148,70.0,38.0,interior,-0.0,-0.0,-0.0,-0.0,-0.0,-0.0
13,10,unloading,0.0,b61f207daf1682d84e9d949f95f83579472da50f6b07338ebd3c8853ff77ec55,3149,71.0,38.0,interior,-0.0,-0.0,-0.0,-0.0,-0.0,-0.0
13,10,unloading,0.0,b61f207daf1682d84e9d949f95f83579472da50f6b07338ebd3c8853ff77ec55,3150,72.0,38.0,interior,-0.0,-0.0,-0.0,-0.0,-0.0,-0.0
13,10,unloading,0.0,b61f207daf1682d84e9d949f95f83579472da50f6b07338ebd3c8853ff77ec55,3151,73.0,38.0,interior,-0.0,-0.0,-0.0,-0.0,-0.0,-0.0
13,10,unloading,0.0,b61f207daf1682d84e9d949f95f83579472da50f6b07338ebd3c8853ff77ec55,3152,74.0,38.0,interior,-0.0,-0.0,-0.0,-0.0,-0.0,-0.0
13,10,unloading,0.0,b61f207daf1682d84e9d949f95f83579472da50f6b07338ebd3c8853ff77ec55,3153,75.0,38.0,interior,-0.0,-0.0,-0.0,-0.0,-0.0,-0.0
13,10,unloading,0.0,b61f207daf1682d84e9d949f95f83579472da50f6b07338ebd3c8853ff77ec55,3154,76.0,38.0,interior,-0.0,-0.0,-0.0,-0.0,-0.0,-0.0
13,10,unloading,0.0,b61f207daf1682d84e9d949f95f83579472da50f6b07338ebd3c8853ff77ec55,3155,77.0,38.0,interior,-0.0,-0.0,-0.0,-0.0,-0.0,-0.0
13,10,unloading,0.0,b61f207daf1682d84e9d949f95f83579472da50f6b07338ebd3c8853ff77ec55,3156,78.0,38.0,interior,-0.0,-0.0,-0.0,-0.0,-0.0,-0.0
13,10,unloading,0.0,b61f207daf1682d84e9d949f95f83579472da50f6b07338ebd3c8853ff77ec55,3157,79.0,38.0,physical_only,-1.802895734770471e-35,-4.807239962878815e-36,-3.7185262772399706e-36,-1.2296321952626198e-36,-1.431043107046474e-35,-3.577607767616186e-36
13,10,unloading,0.0,b61f207daf1682d84e9d949f95f83579472da50f6b07338ebd3c8853ff77ec55,3222,63.0,39.0,physical_only,1.273058457979035e-33,4.3423004109318286e-34,8.151246637241631e-34,-2.3703753161689058e-35,4.5793379425487166e-34,4.579337942548718e-34
13,10,unloading,0.0,b61f207daf1682d84e9d949f95f83579472da50f6b07338ebd3c8853ff77ec55,3223,64.0,39.0,interior,-0.0,-0.0,-0.0,-0.0,-0.0,-0.0
13,10,unloading,0.0,b61f207daf1682d84e9d949f95f83579472da50f6b07338ebd3c8853ff77ec55,3224,65.0,39.0,interior,-0.0,-0.0,-0.0,-0.0,-0.0,-0.0
13,10,unloading,0.0,b61f207daf1682d84e9d949f95f83579472da50f6b07338ebd3c8853ff77ec55,3225,66.0,39.0,interior,-0.0,-0.0,-0.0,-0.0,-0.0,-0.0
13,10,unloading,0.0,b61f207daf1682d84e9d949f95f83579472da50f6b07338ebd3c8853ff77ec55,3226,67.0,39.0,interior,-0.0,-0.0,-0.0,-0.0,-0.0,-0.0
13,10,unloading,0.0,b61f207daf1682d84e9d949f95f83579472da50f6b07338ebd3c8853ff77ec55,3227,68.0,39.0,interior,-0.0,-0.0,-0.0,-0.0,-0.0,-0.0
13,10,unloading,0.0,b61f207daf1682d84e9d949f95f83579472da50f6b07338ebd3c8853ff77ec55,3228,69.0,39.0,interior,-0.0,-0.0,-0.0,-0.0,-0.0,-0.0
13,10,unloading,0.0,b61f207daf1682d84e9d949f95f83579472da50f6b07338ebd3c8853ff77ec55,3229,70.0,39.0,interior,-0.0,-0.0,-0.0,-0.0,-0.0,-0.0
13,10,unloading,0.0,b61f207daf1682d84e9d949f95f83579472da50f6b07338ebd3c8853ff77ec55,3230,71.0,39.0,interior,-0.0,-0.0,-0.0,-0.0,-0.0,-0.0
13,10,unloading,0.0,b61f207daf1682d84e9d949f95f83579472da50f6b07338ebd3c8853ff77ec55,3231,72.0,39.0,interior,-0.0,-0.0,-0.0,-0.0,-0.0,-0.0
13,10,unloading,0.0,b61f207daf1682d84e9d949f95f83579472da50f6b07338ebd3c8853ff77ec55,3232,73.0,39.0,interior,-0.0,-0.0,-0.0,-0.0,-0.0,-0.0
13,10,unloading,0.0,b61f207daf1682d84e9d949f95f83579472da50f6b07338ebd3c8853ff77ec55,3233,74.0,39.0,interior,-0.0,-0.0,-0.0,-0.0,-0.0,-0.0
13,10,unloading,0.0,b61f207daf1682d84e9d949f95f83579472da50f6b07338ebd3c8853ff77ec55,3234,75.0,39.0,interior,-0.0,-0.0,-0.0,-0.0,-0.0,-0.0
13,10,unloading,0.0,b61f207daf1682d84e9d949f95f83579472da50f6b07338ebd3c8853ff77ec55,3235,76.0,39.0,interior,-0.0,-0.0,-0.0,-0.0,-0.0,-0.0
13,10,unloading,0.0,b61f207daf1682d84e9d949f95f83579472da50f6b07338ebd3c8853ff77ec55,3236,77.0,39.0,interior,-0.0,-0.0,-0.0,-0.0,-0.0,-0.0
13,10,unloading,0.0,b61f207daf1682d84e9d949f95f83579472da50f6b07338ebd3c8853ff77ec55,3237,78.0,39.0,interior,-0.0,-0.0,-0.0,-0.0,-0.0,-0.0
13,10,unloading,0.0,b61f207daf1682d84e9d949f95f83579472da50f6b07338ebd3c8853ff77ec55,3238,79.0,39.0,physical_only,-3.8259339087538735e-36,-2.4065829505846234e-36,-3.8259339087538735e-36,-6.1777906677652095e-37,-0.0,-1.788803883808093e-36
13,10,unloading,0.0,b61f207daf1682d84e9d949f95f83579472da50f6b07338ebd3c8853ff77ec55,3303,63.0,40.0,physical_and_cut,4.0860529700119595e-34,6.690250245099337e-33,4.0860529700119595e-34,1.6469367696741554e-34,-0.0,6.525556568131921e-33
13,10,unloading,0.0,b61f207daf1682d84e9d949f95f83579472da50f6b07338ebd3c8853ff77ec55,3304,64.0,40.0,cut_only,-0.0,-0.0,-0.0,-0.0,-0.0,-0.0
13,10,unloading,0.0,b61f207daf1682d84e9d949f95f83579472da50f6b07338ebd3c8853ff77ec55,3305,65.0,40.0,cut_only,-0.0,-0.0,-0.0,-0.0,-0.0,-0.0
13,10,unloading,0.0,b61f207daf1682d84e9d949f95f83579472da50f6b07338ebd3c8853ff77ec55,3306,66.0,40.0,cut_only,-0.0,-0.0,-0.0,-0.0,-0.0,-0.0
13,10,unloading,0.0,b61f207daf1682d84e9d949f95f83579472da50f6b07338ebd3c8853ff77ec55,3307,67.0,40.0,cut_only,-0.0,-0.0,-0.0,-0.0,-0.0,-0.0
13,10,unloading,0.0,b61f207daf1682d84e9d949f95f83579472da50f6b07338ebd3c8853ff77ec55,3308,68.0,40.0,cut_only,-0.0,-0.0,-0.0,-0.0,-0.0,-0.0
13,10,unloading,0.0,b61f207daf1682d84e9d949f95f83579472da50f6b07338ebd3c8853ff77ec55,3309,69.0,40.0,cut_only,-0.0,-0.0,-0.0,-0.0,-0.0,-0.0
13,10,unloading,0.0,b61f207daf1682d84e9d949f95f83579472da50f6b07338ebd3c8853ff77ec55,3310,70.0,40.0,cut_only,-0.0,-0.0,-0.0,-0.0,-0.0,-0.0
13,10,unloading,0.0,b61f207daf1682d84e9d949f95f83579472da50f6b07338ebd3c8853ff77ec55,3311,71.0,40.0,cut_only,-0.0,-0.0,-0.0,-0.0,-0.0,-0.0
13,10,unloading,0.0,b61f207daf1682d84e9d949f95f83579472da50f6b07338ebd3c8853ff77ec55,3312,72.0,40.0,cut_only,-0.0,-0.0,-0.0,-0.0,-0.0,-0.0
13,10,unloading,0.0,b61f207daf1682d84e9d949f95f83579472da50f6b07338ebd3c8853ff77ec55,3313,73.0,40.0,cut_only,-0.0,-0.0,-0.0,-0.0,-0.0,-0.0
13,10,unloading,0.0,b61f207daf1682d84e9d949f95f83579472da50f6b07338ebd3c8853ff77ec55,3314,74.0,40.0,cut_only,-0.0,-0.0,-0.0,-0.0,-0.0,-0.0
13,10,unloading,0.0,b61f207daf1682d84e9d949f95f83579472da50f6b07338ebd3c8853ff77ec55,3315,75.0,40.0,cut_only,-0.0,-0.0,-0.0,-0.0,-0.0,-0.0
13,10,unloading,0.0,b61f207daf1682d84e9d949f95f83579472da50f6b07338ebd3c8853ff77ec55,3316,76.0,40.0,cut_only,-0.0,-0.0,-0.0,-0.0,-0.0,-0.0
13,10,unloading,0.0,b61f207daf1682d84e9d949f95f83579472da50f6b07338ebd3c8853ff77ec55,3317,77.0,40.0,cut_only,-0.0,-0.0,-0.0,-0.0,-0.0,-0.0
13,10,unloading,0.0,b61f207daf1682d84e9d949f95f83579472da50f6b07338ebd3c8853ff77ec55,3318,78.0,40.0,cut_only,-0.0,-0.0,-0.0,-0.0,-0.0,-0.0
13,10,unloading,0.0,b61f207daf1682d84e9d949f95f83579472da50f6b07338ebd3c8853ff77ec55,3319,79.0,40.0,physical_and_cut,-9.090034387055238e-36,1.7941668579609246e-34,-1.934818851822869e-36,5.362974152832148e-37,-7.15521553523237e-36,1.7888038838080924e-34
