index,original_target_index,leg,d_mm,state_sha256,node_id,x_mm,y_mm,group,total_Fx_N,total_Fy_N,material_Fx_N,material_Fy_N,regularization_Fx_N,regularization_Fy_N
0,0,origin,0.0,26d76fa997d7fc33a9ff6a4b606fc4f31e3f1c0753050e330d97c92565c2bbe2,2573,62.0,31.0,physical_only,-0.0,-0.0,-0.0,-0.0,-0.0,-0.0
0,0,origin,0.0,26d76fa997d7fc33a9ff6a4b606fc4f31e3f1c0753050e330d97c92565c2bbe2,2574,63.0,31.0,physical_only,-0.0,-0.0,-0.0,-0.0,-0.0,-0.0
0,0,origin,0.0,26d76fa997d7fc33a9ff6a4b606fc4f31e3f1c0753050e330d97c92565c2bbe2,2575,64.0,31.0,physical_only,-0.0,-0.0,-0.0,-0.0,-0.0,-0.0
0,0,origin,0.0,26d76fa997d7fc33a9ff6a4b606fc4f31e3f1c0753050e330d97c92565c2bbe2,2576,65.0,31.0,physical_only,-0.0,-0.0,-0.0,-0.0,-0.0,-0.0
0,0,origin,0.0,26d76fa997d7fc33a9ff6a4b606fc4f31e3f1c0753050e330d97c92565c2bbe2,2577,66.0,31.0,physical_only,-0.0,-0.0,-0.0,-0.0,-0.0,-0.0
0,0,origin,0.0,26d76fa997d7fc33a9ff6a4b606fc4f31e3f1c0753050e330d97c92565c2bbe2,2578,67.0,31.0,physical_only,-0.0,-0.0,-0.0,-0.0,-0.0,-0.0
0,0,origin,0.0,26d76fa997d7fc33a9ff6a4b606fc4f31e3f1c0753050e330d97c92565c2bbe2,2579,68.0,31.0,physical_only,-0.0,-0.0,-0.0,-0.0,-0.0,-0.0
0,0,origin,0.0,26d76fa997d7fc33a9ff6a4b606fc4f31e3f1c0753050e330d97c92565c2bbe2,2580,69.0,31.0,physical_only,-0.0,-0.0,-0.0,-0.0,-0.0,-0.0
0,0,origin,0.0,26d76fa997d7fc33a9ff6a4b606fc4f31e3f1c0753050e330d97c92565c2bbe2,2581,70.0,31.0,physical_only,-0.0,-0.0,-0.0,-0.0,-0.0,-0.0
0,0,origin,0.0,26d76fa997d7fc33a9ff6a4b606fc4f31e3f1c0753050e330d97c92565c2bbe2,2582,71.0,31.0,physical_only,-0.0,-0.0,-0.0,-0.0,-0.0,-0.0
0,0,origin,0.0,26d76fa997d7fc33a9ff6a4b606fc4f31e3f1c0753050e330d97c92565c2bbe2,2583,72.0,31.0,physical_only,-0.0,-0.0,-0.0,-0.0,-0.0,-0.0
0,0,origin,0.0,26d76fa997d7fc33a9ff6a4b606fc4f31e3f1c0753050e330d97c92565c2bbe2,2584,73.0,31.0,physical_only,-0.0,-0.0,-0.0,-0.0,-0.0,-0.0
0,0,origin,0.0,26d76fa997d7fc33a9ff6a4b606fc4f31e3f1c0753050e330d97c92565c2bbe2,2585,74.0,31.0,physical_only,-0.0,-0.0,-0.0,-0.0,-0.0,-0.0
0,0,origin,0.0,26d76fa997d7fc33a9ff6a4b606fc4f31e3f1c0753050e330d97c92565c2bbe2,2586,75.0,31.0,physical_only,-0.0,-0.0,-0.0,-0.0,-0.0,-0.0
0,0,origin,0.0,26d76fa997d7fc33a9ff6a4b606fc4f31e3f1c0753050e330d97c92565c2bbe2,2587,76.0,31.0,physical_only,-0.0,-0.0,-0.0,-0.0,-0.0,-0.0
0,0,origin,0.0,26d76fa997d7fc33a9ff6a4b606fc4f31e3f1c0753050e330d97c92565c2bbe2,2588,77.0,31.0,physical_only,-0.0,-0.0,-0.0,-0.0,-0.0,-0.0
0,0,origin,0.0,26d76fa997d7fc33a9ff6a4b606fc4f31e3f1c0753050e330d97c92565c2bbe2,2589,78.0,31.0,physical_only,-0.0,-0.0,-0.0,-0.0,-0.0,-0.0
0,0,origin,0.0,26d76fa997d7fc33a9ff6a4b606fc4f31e3f1c0753050e330d97c92565c2bbe2,2590,79.0,31.0,physical_only,-0.0,-0.0,-0.0,-0.0,-0.0,-0.0
0,0,origin,0.0,26d76fa997d7fc33a9ff6a4b606fc4f31e3f1c0753050e330d97c92565c2bbe2,2591,80.0,31.0,physical_only,-0.0,-0.0,-0.0,-0.0,-0.0,-0.0
0,0,origin,0.0,26d76fa997d7fc33a9ff6a4b606fc4f31e3f1c0753050e330d97c92565c2bbe2,2654,62.0,32.0,physical_only,-0.0,-0.0,-0.0,-0.0,-0.0,-0.0
0,0,origin,0.0,26d76fa997d7fc33a9ff6a4b606fc4f31e3f1c0753050e330d97c92565c2bbe2,2655,63.0,32.0,interior,-0.0,-0.0,-0.0,-0.0,-0.0,-0.0
0,0,origin,0.0,26d76fa997d7fc33a9ff6a4b606fc4f31e3f1c0753050e330d97c92565c2bbe2,2656,64.0,32.0,interior,-0.0,-0.0,-0.0,-0.0,-0.0,-0.0
0,0,origin,0.0,26d76fa997d7fc33a9ff6a4b606fc4f31e3f1c0753050e330d97c92565c2bbe2,2657,65.0,32.0,interior,-0.0,-0.0,-0.0,-0.0,-0.0,-0.0
0,0,origin,0.0,26d76fa997d7fc33a9ff6a4b606fc4f31e3f1c0753050e330d97c92565c2bbe2,2658,66.0,32.0,interior,-0.0,-0.0,-0.0,-0.0,-0.0,-0.0
0,0,origin,0.0,26d76fa997d7fc33a9ff6a4b606fc4f31e3f1c0753050e330d97c92565c2bbe2,2659,67.0,32.0,interior,-0.0,-0.0,-0.0,-0.0,-0.0,-0.0
0,0,origin,0.0,26d76fa997d7fc33a9ff6a4b606fc4f31e3f1c0753050e330d97c92565c2bbe2,2660,68.0,32.0,interior,-0.0,-0.0,-0.0,-0.0,-0.0,-0.0
0,0,origin,0.0,26d76fa997d7fc33a9ff6a4b606fc4f31e3f1c0753050e330d97c92565c2bbe2,2661,69.0,32.0,interior,-0.0,-0.0,-0.0,-0.0,-0.0,-0.0
0,0,origin,0.0,26d76fa997d7fc33a9ff6a4b606fc4f31e3f1c0753050e330d97c92565c2bbe2,2662,70.0,32.0,interior,-0.0,-0.0,-0.0,-0.0,-0.0,-0.0
0,0,origin,0.0,26d76fa997d7fc33a9ff6a4b606fc4f31e3f1c0753050e330d97c92565c2bbe2,2663,71.0,32.0,interior,-0.0,-0.0,-0.0,-0.0,-0.0,-0.0
0,0,origin,0.0,26d76fa997d7fc33a9ff6a4b606fc4f31e3f1c0753050e330d97c92565c2bbe2,2664,72.0,32.0,interior,-0.0,-0.0,-0.0,-0.0,-0.0,-0.0
0,0,origin,0.0,26d76fa997d7fc33a9ff6a4b606fc4f31e3f1c0753050e330d97c92565c2bbe2,2665,73.0,32.0,interior,-0.0,-0.0,-0.0,-0.0,-0.0,-0.0
0,0,origin,0.0,26d76fa997d7fc33a9ff6a4b606fc4f31e3f1c0753050e330d97c92565c2bbe2,2666,74.0,32.0,interior,-0.0,-0.0,-0.0,-0.0,-0.0,-0.0
0,0,origin,0.0,26d76fa997d7fc33a9ff6a4b606fc4f31e3f1c0753050e330d97c92565c2bbe2,2667,75.0,32.0,interior,-0.0,-0.0,-0.0,-0.0,-0.0,-0.0
0,0,origin,0.0,26d76fa997d7fc33a9ff6a4b606fc4f31e3f1c0753050e330d97c92565c2bbe2,2668,76.0,32.0,interior,-0.0,-0.0,-0.0,-0.0,-0.0,-0.0
0,0,origin,0.0,26d76fa997d7fc33a9ff6a4b606fc4f31e3f1c0753050e330d97c92565c2bbe2,2669,77.0,32.0,interior,-0.0,-0.0,-0.0,-0.0,-0.0,-0.0
0,0,origin,0.0,26d76fa997d7fc33a9ff6a4b606fc4f31e3f1c0753050e330d97c92565c2bbe2,2670,78.0,32.0,interior,-0.0,-0.0,-0.0,-0.0,-0.0,-0.0
0,0,origin,0.0,26d76fa997d7fc33a9ff6a4b606fc4f31e3f1c0753050e330d97c92565c2bbe2,2671,79.0,32.0,interior,-0.0,-0.0,-0.0,-0.0,-0.0,-0.0
0,0,origin,0.0,26d76fa997d7fc33a9ff6a4b606fc4f31e3f1c0753050e330d97c92565c2bbe2,2672,80.0,32.0,physical_only,-0.0,-0.0,-0.0,-0.0,-0.0,-0.0
0,0,origin,0.0,26d76fa997d7fc33a9ff6a4b606fc4f31e3f1c0753050e330d97c92565c2bbe2,2735,62.0,33.0,physical_only,-0.0,-0.0,-0.0,-0.0,-0.0,-0.0
0,0,origin,0.0,26d76fa997d7fc33a9ff6a4b606fc4f31e3f1c0753050e330d97c92565c2bbe2,2736,63.0,33.0,interior,-0.0,-0.0,-0.0,-0.0,-0.0,-0.0
0,0,origin,0.0,26d76fa997d7fc33a9ff6a4b606fc4f31e3f1c0753050e330d97c92565c2bbe2,2737,64.0,33.0,interior,-0.0,-0.0,-0.0,-0.0,-0.0,-0.0
0,0,origin,0.0,26d76fa997d7fc33a9ff6a4b606fc4f31e3f1c0753050e330d97c92565c2bbe2,2738,65.0,33.0,interior,-0.0,-0.0,-0.0,-0.0,-0.0,-0.0
0,0,origin,0.0,26d76fa997d7fc33a9ff6a4b606fc4f31e3f1c0753050e330d97c92565c2bbe2,2739,66.0,33.0,interior,-0.0,-0.0,-0.0,-0.0,-0.0,-0.0
0,0,origin,0.0,26d76fa997d7fc33a9ff6a4b606fc4f31e3f1c0753050e330d97c92565c2bbe2,2740,67.0,33.0,interior,-0.0,-0.0,-0.0,-0.0,-0.0,-0.0
0,0,origin,0.0,26d76fa997d7fc33a9ff6a4b606fc4f31e3f1c0753050e330d97c92565c2bbe2,2741,68.0,33.0,interior,-0.0,-0.0,-0.0,-0.0,-0.0,-0.0
0,0,origin,0.0,26d76fa997d7fc33a9ff6a4b606fc4f31e3f1c0753050e330d97c92565c2bbe2,2742,69.0,33.0,interior,-0.0,-0.0,-0.0,-0.0,-0.0,-0.0
0,0,origin,0.0,26d76fa997d7fc33a9ff6a4b606fc4f31e3f1c0753050e330d97c92565c2bbe2,2743,70.0,33.0,interior,-0.0,-0.0,-0.0,-0.0,-0.0,-0.0
0,0,origin,0.0,26d76fa997d7fc33a9ff6a4b606fc4f31e3f1c0753050e330d97c92565c2bbe2,2744,71.0,33.0,interior,-0.0,-0.0,-0.0,-0.0,-0.0,-0.0
0,0,origin,0.0,26d76fa997d7fc33a9ff6a4b606fc4f31e3f1c0753050e330d97c92565c2bbe2,2745,72.0,33.0,interior,-0.0,-0.0,-0.0,-0.0,-0.0,-0.0
0,0,origin,0.0,26d76fa997d7fc33a9ff6a4b606fc4f31e3f1c0753050e330d97c92565c2bbe2,2746,73.0,33.0,interior,-0.0,-0.0,-0.0,-0.0,-0.0,-0.0
0,0,origin,0.0,26d76fa997d7fc33a9ff6a4b606fc4f31e3f1c0753050e330d97c92565c2bbe2,2747,74.0,33.0,interior,-0.0,-0.0,-0.0,-0.0,-0.0,-0.0
0,0,origin,0.0,26d76fa997d7fc33a9ff6a4b606fc4f31e3f1c0753050e330d97c92565c2bbe2,2748,75.0,33.0,interior,-0.0,-0.0,-0.0,-0.0,-0.0,-0.0
0,0,origin,0.0,26d76fa997d7fc33a9ff6a4b606fc4f31e3f1c0753050e330d97c92565c2bbe2,2749,76.0,33.0,interior,-0.0,-0.0,-0.0,-0.0,-0.0,-0.0
0,0,origin,0.0,26d76fa997d7fc33a9ff6a4b606fc4f31e3f1c0753050e330d97c92565c2bbe2,2750,77.0,33.0,interior,-0.0,-0.0,-0.0,-0.0,-0.0,-0.0
0,0,origin,0.0,26d76fa997d7fc33a9ff6a4b606fc4f31e3f1c0753050e330d97c92565c2bbe2,2751,78.0,33.0,interior,-0.0,-0.0,-0.0,-0.0,-0.0,-0.0
0,0,origin,0.0,26d76fa997d7fc33a9ff6a4b606fc4f31e3f1c0753050e330d97c92565c2bbe2,2752,79.0,33.0,interior,-0.0,-0.0,-0.0,-0.0,-0.0,-0.0
0,0,origin,0.0,26d76fa997d7fc33a9ff6a4b606fc4f31e3f1c0753050e330d97c92565c2bbe2,2753,80.0,33.0,physical_only,-0.0,-0.0,-0.0,-0.0,-0.0,-0.0
0,0,origin,0.0,26d76fa997d7fc33a9ff6a4b606fc4f31e3f1c0753050e330d97c92565c2bbe2,2816,62.0,34.0,physical_only,-0.0,-0.0,-0.0,-0.0,-0.0,-0.0
0,0,origin,0.0,26d76fa997d7fc33a9ff6a4b606fc4f31e3f1c0753050e330d97c92565c2bbe2,2817,63.0,34.0,interior,-0.0,-0.0,-0.0,-0.0,-0.0,-0.0
0,0,origin,0.0,26d76fa997d7fc33a9ff6a4b606fc4f31e3f1c0753050e330d97c92565c2bbe2,2818,64.0,34.0,interior,-0.0,-0.0,-0.0,-0.0,-0.0,-0.0
0,0,origin,0.0,26d76fa997d7fc33a9ff6a4b606fc4f31e3f1c0753050e330d97c92565c2bbe2,2819,65.0,34.0,interior,-0.0,-0.0,-0.0,-0.0,-0.0,-0.0
0,0,origin,0.0,26d76fa997d7fc33a9ff6a4b606fc4f31e3f1c0753050e330d97c92565c2bbe2,2820,66.0,34.0,interior,-0.0,-0.0,-0.0,-0.0,-0.0,-0.0
0,0,origin,0.0,26d76fa997d7fc33a9ff6a4b606fc4f31e3f1c0753050e330d97c92565c2bbe2,2821,67.0,34.0,interior,-0.0,-0.0,-0.0,-0.0,-0.0,-0.0
0,0,origin,0.0,26d76fa997d7fc33a9ff6a4b606fc4f31e3f1c0753050e330d97c92565c2bbe2,2822,68.0,34.0,interior,-0.0,-0.0,-0.0,-0.0,-0.0,-0.0
0,0,origin,0.0,26d76fa997d7fc33a9ff6a4b606fc4f31e3f1c0753050e330d97c92565c2bbe2,2823,69.0,34.0,interior,-0.0,-0.0,-0.0,-0.0,-0.0,-0.0
0,0,origin,0.0,26d76fa997d7fc33a9ff6a4b606fc4f31e3f1c0753050e330d97c92565c2bbe2,2824,70.0,34.0,interior,-0.0,-0.0,-0.0,-0.0,-0.0,-0.0
0,0,origin,0.0,26d76fa997d7fc33a9ff6a4b606fc4f31e3f1c0753050e330d97c92565c2bbe2,2825,71.0,34.0,interior,-0.0,-0.0,-0.0,-0.0,-0.0,-0.0
0,0,origin,0.0,26d76fa997d7fc33a9ff6a4b606fc4f31e3f1c0753050e330d97c92565c2bbe2,2826,72.0,34.0,interior,-0.0,-0.0,-0.0,-0.0,-0.0,-0.0
0,0,origin,0.0,26d76fa997d7fc33a9ff6a4b606fc4f31e3f1c0753050e330d97c92565c2bbe2,2827,73.0,34.0,interior,-0.0,-0.0,-0.0,-0.0,-0.0,-0.0
0,0,origin,0.0,26d76fa997d7fc33a9ff6a4b606fc4f31e3f1c0753050e330d97c92565c2bbe2,2828,74.0,34.0,interior,-0.0,-0.0,-0.0,-0.0,-0.0,-0.0
0,0,origin,0.0,26d76fa997d7fc33a9ff6a4b606fc4f31e3f1c0753050e330d97c92565c2bbe2,2829,75.0,34.0,interior,-0.0,-0.0,-0.0,-0.0,-0.0,-0.0
0,0,origin,0.0,26d76fa997d7fc33a9ff6a4b606fc4f31e3f1c0753050e330d97c92565c2bbe2,2830,76.0,34.0,interior,-0.0,-0.0,-0.0,-0.0,-0.0,-0.0
0,0,origin,0.0,26d76fa997d7fc33a9ff6a4b606fc4f31e3f1c0753050e330d97c92565c2bbe2,2831,77.0,34.0,interior,-0.0,-0.0,-0.0,-0.0,-0.0,-0.0
0,0,origin,0.0,26d76fa997d7fc33a9ff6a4b606fc4f31e3f1c0753050e330d97c92565c2bbe2,2832,78.0,34.0,interior,-0.0,-0.0,-0.0,-0.0,-0.0,-0.0
0,0,origin,0.0,26d76fa997d7fc33a9ff6a4b606fc4f31e3f1c0753050e330d97c92565c2bbe2,2833,79.0,34.0,interior,-0.0,-0.0,-0.0,-0.0,-0.0,-0.0
0,0,origin,0.0,26d76fa997d7fc33a9ff6a4b606fc4f31e3f1c0753050e330d97c92565c2bbe2,2834,80.0,34.0,physical_only,-0.0,-0.0,-0.0,-0.0,-0.0,-0.0
0,0,origin,0.0,26d76fa997d7fc33a9ff6a4b606fc4f31e3f1c0753050e330d97c92565c2bbe2,2897,62.0,35.0,physical_only,-0.0,-0.0,-0.0,-0.0,-0.0,-0.0
0,0,origin,0.0,26d76fa997d7fc33a9ff6a4b606fc4f31e3f1c0753050e330d97c92565c2bbe2,2898,63.0,35.0,interior,-0.0,-0.0,-0.0,-0.0,-0.0,-0.0
0,0,origin,0.0,26d76fa997d7fc33a9ff6a4b606fc4f31e3f1c0753050e330d97c92565c2bbe2,2899,64.0,35.0,interior,-0.0,-0.0,-0.0,-0.0,-0.0,-0.0
0,0,origin,0.0,26d76fa997d7fc33a9ff6a4b606fc4f31e3f1c0753050e330d97c92565c2bbe2,2900,65.0,35.0,interior,-0.0,-0.0,-0.0,-0.0,-0.0,-0.0
0,0,origin,0.0,26d76fa997d7fc33a9ff6a4b606fc4f31e3f1c0753050e330d97c92565c2bbe2,2901,66.0,35.0,interior,-0.0,-0.0,-0.0,-0.0,-0.0,-0.0
0,0,origin,0.0,26d76fa997d7fc33a9ff6a4b606fc4f31e3f1c0753050e330d97c92565c2bbe2,2902,67.0,35.0,interior,-0.0,-0.0,-0.0,-0.0,-0.0,-0.0
0,0,origin,0.0,26d76fa997d7fc33a9ff6a4b606fc4f31e3f1c0753050e330d97c92565c2bbe2,2903,68.0,35.0,interior,-0.0,-0.0,-0.0,-0.0,-0.0,-0.0
0,0,origin,0.0,26d76fa997d7fc33a9ff6a4b606fc4f31e3f1c0753050e330d97c92565c2bbe2,2904,69.0,35.0,interior,-0.0,-0.0,-0.0,-0.0,-0.0,-0.0
0,0,origin,0.0,26d76fa997d7fc33a9ff6a4b606fc4f31e3f1c0753050e330d97c92565c2bbe2,2905,70.0,35.0,interior,-0.0,-0.0,-0.0,-0.0,-0.0,-0.0
0,0,origin,0.0,26d76fa997d7fc33a9ff6a4b606fc4f31e3f1c0753050e330d97c92565c2bbe2,2906,71.0,35.0,interior,-0.0,-0.0,-0.0,-0.0,-0.0,-0.0
0,0,origin,0.0,26d76fa997d7fc33a9ff6a4b606fc4f31e3f1c0753050e330d97c92565c2bbe2,2907,72.0,35.0,interior,-0.0,-0.0,-0.0,-0.0,-0.0,-0.0
0,0,origin,0.0,26d76fa997d7fc33a9ff6a4b606fc4f31e3f1c0753050e330d97c92565c2bbe2,2908,73.0,35.0,interior,-0.0,-0.0,-0.0,-0.0,-0.0,-0.0
0,0,origin,0.0,26d76fa997d7fc33a9ff6a4b606fc4f31e3f1c0753050e330d97c92565c2bbe2,2909,74.0,35.0,interior,-0.0,-0.0,-0.0,-0.0,-0.0,-0.0
0,0,origin,0.0,26d76fa997d7fc33a9ff6a4b606fc4f31e3f1c0753050e330d97c92565c2bbe2,2910,75.0,35.0,interior,-0.0,-0.0,-0.0,-0.0,-0.0,-0.0
0,0,origin,0.0,26d76fa997d7fc33a9ff6a4b606fc4f31e3f1c0753050e330d97c92565c2bbe2,2911,76.0,35.0,interior,-0.0,-0.0,-0.0,-0.0,-0.0,-0.0
0,0,origin,0.0,26d76fa997d7fc33a9ff6a4b606fc4f31e3f1c0753050e330d97c92565c2bbe2,2912,77.0,35.0,interior,-0.0,-0.0,-0.0,-0.0,-0.0,-0.0
0,0,origin,0.0,26d76fa997d7fc33a9ff6a4b606fc4f31e3f1c0753050e330d97c92565c2bbe2,2913,78.0,35.0,interior,-0.0,-0.0,-0.0,-0.0,-0.0,-0.0
0,0,origin,0.0,26d76fa997d7fc33a9ff6a4b606fc4f31e3f1c0753050e330d97c92565c2bbe2,2914,79.0,35.0,interior,-0.0,-0.0,-0.0,-0.0,-0.0,-0.0
0,0,origin,0.0,26d76fa997d7fc33a9ff6a4b606fc4f31e3f1c0753050e330d97c92565c2bbe2,2915,80.0,35.0,physical_only,-0.0,-0.0,-0.0,-0.0,-0.0,-0.0
0,0,origin,0.0,26d76fa997d7fc33a9ff6a4b606fc4f31e3f1c0753050e330d97c92565c2bbe2,2978,62.0,36.0,physical_only,-0.0,-0.0,-0.0,-0.0,-0.0,-0.0
0,0,origin,0.0,26d76fa997d7fc33a9ff6a4b606fc4f31e3f1c0753050e330d97c92565c2bbe2,2979,63.0,36.0,interior,-0.0,-0.0,-0.0,-0.0,-0.0,-0.0
0,0,origin,0.0,26d76fa997d7fc33a9ff6a4b606fc4f31e3f1c0753050e330d97c92565c2bbe2,2980,64.0,36.0,interior,-0.0,-0.0,-0.0,-0.0,-0.0,-0.0
0,0,origin,0.0,26d76fa997d7fc33a9ff6a4b606fc4f31e3f1c0753050e330d97c92565c2bbe2,2981,65.0,36.0,interior,-0.0,-0.0,-0.0,-0.0,-0.0,-0.0
0,0,origin,0.0,26d76fa997d7fc33a9ff6a4b606fc4f31e3f1c0753050e330d97c92565c2bbe2,2982,66.0,36.0,interior,-0.0,-0.0,-0.0,-0.0,-0.0,-0.0
0,0,origin,0.0,26d76fa997d7fc33a9ff6a4b606fc4f31e3f1c0753050e330d97c92565c2bbe2,2983,67.0,36.0,interior,-0.0,-0.0,-0.0,-0.0,-0.0,-0.0
0,0,origin,0.0,26d76fa997d7fc33a9ff6a4b606fc4f31e3f1c0753050e330d97c92565c2bbe2,2984,68.0,36.0,interior,-0.0,-0.0,-0.0,-0.0,-0.0,-0.0
0,0,origin,0.0,26d76fa997d7fc33a9ff6a4b606fc4f31e3f1c0753050e330d97c92565c2bbe2,2985,69.0,36.0,interior,-0.0,-0.0,-0.0,-0.0,-0.0,-0.0
0,0,origin,0.0,26d76fa997d7fc33a9ff6a4b606fc4f31e3f1c0753050e330d97c92565c2bbe2,2986,70.0,36.0,interior,-0.0,-0.0,-0.0,-0.0,-0.0,-0.0
0,0,origin,0.0,26d76fa997d7fc33a9ff6a4b606fc4f31e3f1c0753050e330d97c92565c2bbe2,2987,71.0,36.0,interior,-0.0,-0.0,-0.0,-0.0,-0.0,-0.0
0,0,origin,0.0,26d76fa997d7fc33a9ff6a4b606fc4f31e3f1c0753050e330d97c92565c2bbe2,2988,72.0,36.0,interior,-0.0,-0.0,-0.0,-0.0,-0.0,-0.0
0,0,origin,0.0,26d76fa997d7fc33a9ff6a4b606fc4f31e3f1c0753050e330d97c92565c2bbe2,2989,73.0,36.0,interior,-0.0,-0.0,-0.0,-0.0,-0.0,-0.0
0,0,origin,0.0,26d76fa997d7fc33a9ff6a4b606fc4f31e3f1c0753050e330d97c92565c2bbe2,2990,74.0,36.0,interior,-0.0,-0.0,-0.0,-0.0,-0.0,-0.0
0,0,origin,0.0,26d76fa997d7fc33a9ff6a4b606fc4f31e3f1c0753050e330d97c92565c2bbe2,2991,75.0,36.0,interior,-0.0,-0.0,-0.0,-0.0,-0.0,-0.0
0,0,origin,0.0,26d76fa997d7fc33a9ff6a4b606fc4f31e3f1c0753050e330d97c92565c2bbe2,2992,76.0,36.0,interior,-0.0,-0.0,-0.0,-0.0,-0.0,-0.0
0,0,origin,0.0,26d76fa997d7fc33a9ff6a4b606fc4f31e3f1c0753050e330d97c92565c2bbe2,2993,77.0,36.0,interior,-0.0,-0.0,-0.0,-0.0,-0.0,-0.0
0,0,origin,0.0,26d76fa997d7fc33a9ff6a4b606fc4f31e3f1c0753050e330d97c92565c2bbe2,2994,78.0,36.0,interior,-0.0,-0.0,-0.0,-0.0,-0.0,-0.0
0,0,origin,0.0,26d76fa997d7fc33a9ff6a4b606fc4f31e3f1c0753050e330d97c92565c2bbe2,2995,79.0,36.0,interior,-0.0,-0.0,-0.0,-0.0,-0.0,-0.0
0,0,origin,0.0,26d76fa997d7fc33a9ff6a4b606fc4f31e3f1c0753050e330d97c92565c2bbe2,2996,80.0,36.0,physical_only,-0.0,-0.0,-0.0,-0.0,-0.0,-0.0
0,0,origin,0.0,26d76fa997d7fc33a9ff6a4b606fc4f31e3f1c0753050e330d97c92565c2bbe2,3059,62.0,37.0,physical_only,-0.0,-0.0,-0.0,-0.0,-0.0,-0.0
0,0,origin,0.0,26d76fa997d7fc33a9ff6a4b606fc4f31e3f1c0753050e330d97c92565c2bbe2,3060,63.0,37.0,interior,-0.0,-0.0,-0.0,-0.0,-0.0,-0.0
0,0,origin,0.0,26d76fa997d7fc33a9ff6a4b606fc4f31e3f1c0753050e330d97c92565c2bbe2,3061,64.0,37.0,interior,-0.0,-0.0,-0.0,-0.0,-0.0,-0.0
0,0,origin,0.0,26d76fa997d7fc33a9ff6a4b606fc4f31e3f1c0753050e330d97c92565c2bbe2,3062,65.0,37.0,interior,-0.0,-0.0,-0.0,-0.0,-0.0,-0.0
0,0,origin,0.0,26d76fa997d7fc33a9ff6a4b606fc4f31e3f1c0753050e330d97c92565c2bbe2,3063,66.0,37.0,interior,-0.0,-0.0,-0.0,-0.0,-0.0,-0.0
0,0,origin,0.0,26d76fa997d7fc33a9ff6a4b606fc4f31e3f1c0753050e330d97c92565c2bbe2,3064,67.0,37.0,interior,-0.0,-0.0,-0.0,-0.0,-0.0,-0.0
0,0,origin,0.0,26d76fa997d7fc33a9ff6a4b606fc4f31e3f1c0753050e330d97c92565c2bbe2,3065,68.0,37.0,interior,-0.0,-0.0,-0.0,-0.0,-0.0,-0.0
0,0,origin,0.0,26d76fa997d7fc33a9ff6a4b606fc4f31e3f1c0753050e330d97c92565c2bbe2,3066,69.0,37.0,interior,-0.0,-0.0,-0.0,-0.0,-0.0,-0.0
0,0,origin,0.0,26d76fa997d7fc33a9ff6a4b606fc4f31e3f1c0753050e330d97c92565c2bbe2,3067,70.0,37.0,interior,-0.0,-0.0,-0.0,-0.0,-0.0,-0.0
0,0,origin,0.0,26d76fa997d7fc33a9ff6a4b606fc4f31e3f1c0753050e330d97c92565c2bbe2,3068,71.0,37.0,interior,-0.0,-0.0,-0.0,-0.0,-0.0,-0.0
0,0,origin,0.0,26d76fa997d7fc33a9ff6a4b606fc4f31e3f1c0753050e330d97c92565c2bbe2,3069,72.0,37.0,interior,-0.0,-0.0,-0.0,-0.0,-0.0,-0.0
0,0,origin,0.0,26d76fa997d7fc33a9ff6a4b606fc4f31e3f1c0753050e330d97c92565c2bbe2,3070,73.0,37.0,interior,-0.0,-0.0,-0.0,-0.0,-0.0,-0.0
0,0,origin,0.0,26d76fa997d7fc33a9ff6a4b606fc4f31e3f1c0753050e330d97c92565c2bbe2,3071,74.0,37.0,interior,-0.0,-0.0,-0.0,-0.0,-0.0,-0.0
0,0,origin,0.0,26d76fa997d7fc33a9ff6a4b606fc4f31e3f1c0753050e330d97c92565c2bbe2,3072,75.0,37.0,interior,-0.0,-0.0,-0.0,-0.0,-0.0,-0.0
0,0,origin,0.0,26d76fa997d7fc33a9ff6a4b606fc4f31e3f1c0753050e330d97c92565c2bbe2,3073,76.0,37.0,interior,-0.0,-0.0,-0.0,-0.0,-0.0,-0.0
0,0,origin,0.0,26d76fa997d7fc33a9ff6a4b606fc4f31e3f1c0753050e330d97c92565c2bbe2,3074,77.0,37.0,interior,-0.0,-0.0,-0.0,-0.0,-0.0,-0.0
0,0,origin,0.0,26d76fa997d7fc33a9ff6a4b606fc4f31e3f1c0753050e330d97c92565c2bbe2,3075,78.0,37.0,interior,-0.0,-0.0,-0.0,-0.0,-0.0,-0.0
0,0,origin,0.0,26d76fa997d7fc33a9ff6a4b606fc4f31e3f1c0753050e330d97c92565c2bbe2,3076,79.0,37.0,interior,-0.0,-0.0,-0.0,-0.0,-0.0,-0.0
0,0,origin,0.0,26d76fa997d7fc33a9ff6a4b606fc4f31e3f1c0753050e330d97c92565c2bbe2,3077,80.0,37.0,physical_only,-0.0,-0.0,-0.0,-0.0,-0.0,-0.0
0,0,origin,0.0,26d76fa997d7fc33a9ff6a4b606fc4f31e3f1c0753050e330d97c92565c2bbe2,3140,62.0,38.0,physical_only,-0.0,-0.0,-0.0,-0.0,-0.0,-0.0
0,0,origin,0.0,26d76fa997d7fc33a9ff6a4b606fc4f31e3f1c0753050e330d97c92565c2bbe2,3141,63.0,38.0,interior,-0.0,-0.0,-0.0,-0.0,-0.0,-0.0
0,0,origin,0.0,26d76fa997d7fc33a9ff6a4b606fc4f31e3f1c0753050e330d97c92565c2bbe2,3142,64.0,38.0,interior,-0.0,-0.0,-0.0,-0.0,-0.0,-0.0
0,0,origin,0.0,26d76fa997d7fc33a9ff6a4b606fc4f31e3f1c0753050e330d97c92565c2bbe2,3143,65.0,38.0,interior,-0.0,-0.0,-0.0,-0.0,-0.0,-0.0
0,0,origin,0.0,26d76fa997d7fc33a9ff6a4b606fc4f31e3f1c0753050e330d97c92565c2bbe2,3144,66.0,38.0,interior,-0.0,-0.0,-0.0,-0.0,-0.0,-0.0
0,0,origin,0.0,26d76fa997d7fc33a9ff6a4b606fc4f31e3f1c0753050e330d97c92565c2bbe2,3145,67.0,38.0,interior,-0.0,-0.0,-0.0,-0.0,-0.0,-0.0
0,0,origin,0.0,26d76fa997d7fc33a9ff6a4b606fc4f31e3f1c0753050e330d97c92565c2bbe2,3146,68.0,38.0,interior,-0.0,-0.0,-0.0,-0.0,-0.0,-0.0
0,0,origin,0.0,26d76fa997d7fc33a9ff6a4b606fc4f31e3f1c0753050e330d97c92565c2bbe2,3147,69.0,38.0,interior,-0.0,-0.0,-0.0,-0.0,-0.0,-0.0
0,0,origin,0.0,26d76fa997d7fc33a9ff6a4b606fc4f31e3f1c0753050e330d97c92565c2bbe2,3148,70.0,38.0,interior,-0.0,-0.0,-0.0,-0.0,-0.0,-0.0
0,0,origin,0.0,26d76fa997d7fc33a9ff6a4b606fc4f31e3f1c0753050e330d97c92565c2bbe2,3149,71.0,38.0,interior,-0.0,-0.0,-0.0,-0.0,-0.0,-0.0
0,0,origin,0.0,26d76fa997d7fc33a9ff6a4b606fc4f31e3f1c0753050e330d97c92565c2bbe2,3150,72.0,38.0,interior,-0.0,-0.0,-0.0,-0.0,-0.0,-0.0
0,0,origin,0.0,26d76fa997d7fc33a9ff6a4b606fc4f31e3f1c0753050e330d97c92565c2bbe2,3151,73.0,38.0,interior,-0.0,-0.0,-0.0,-0.0,-0.0,-0.0
0,0,origin,0.0,26d76fa997d7fc33a9ff6a4b606fc4f31e3f1c0753050e330d97c92565c2bbe2,3152,74.0,38.0,interior,-0.0,-0.0,-0.0,-0.0,-0.0,-0.0
0,0,origin,0.0,26d76fa997d7fc33a9ff6a4b606fc4f31e3f1c0753050e330d97c92565c2bbe2,3153,75.0,38.0,interior,-0.0,-0.0,-0.0,-0.0,-0.0,-0.0
0,0,origin,0.0,26d76fa997d7fc33a9ff6a4b606fc4f31e3f1c0753050e330d97c92565c2bbe2,3154,76.0,38.0,interior,-0.0,-0.0,-0.0,-0.0,-0.0,-0.0
0,0,origin,0.0,26d76fa997d7fc33a9ff6a4b606fc4f31e3f1c0753050e330d97c92565c2bbe2,3155,77.0,38.0,interior,-0.0,-0.0,-0.0,-0.0,-0.0,-0.0
0,0,origin,0.0,26d76fa997d7fc33a9ff6a4b606fc4f31e3f1c0753050e330d97c92565c2bbe2,3156,78.0,38.0,interior,-0.0,-0.0,-0.0,-0.0,-0.0,-0.0
0,0,origin,0.0,26d76fa997d7fc33a9ff6a4b606fc4f31e3f1c0753050e330d97c92565c2bbe2,3157,79.0,38.0,interior,-0.0,-0.0,-0.0,-0.0,-0.0,-0.0
0,0,origin,0.0,26d76fa997d7fc33a9ff6a4b606fc4f31e3f1c0753050e330d97c92565c2bbe2,3158,80.0,38.0,physical_only,-0.0,-0.0,-0.0,-0.0,-0.0,-0.0
0,0,origin,0.0,26d76fa997d7fc33a9ff6a4b606fc4f31e3f1c0753050e330d97c92565c2bbe2,3221,62.0,39.0,physical_only,-0.0,-0.0,-0.0,-0.0,-0.0,-0.0
0,0,origin,0.0,26d76fa997d7fc33a9ff6a4b606fc4f31e3f1c0753050e330d97c92565c2bbe2,3222,63.0,39.0,interior,-0.0,-0.0,-0.0,-0.0,-0.0,-0.0
0,0,origin,0.0,26d76fa997d7fc33a9ff6a4b606fc4f31e3f1c0753050e330d97c92565c2bbe2,3223,64.0,39.0,interior,-0.0,-0.0,-0.0,-0.0,-0.0,-0.0
0,0,origin,0.0,26d76fa997d7fc33a9ff6a4b606fc4f31e3f1c0753050e330d97c92565c2bbe2,3224,65.0,39.0,interior,-0.0,-0.0,-0.0,-0.0,-0.0,-0.0
0,0,origin,0.0,26d76fa997d7fc33a9ff6a4b606fc4f31e3f1c0753050e330d97c92565c2bbe2,3225,66.0,39.0,interior,-0.0,-0.0,-0.0,-0.0,-0.0,-0.0
0,0,origin,0.0,26d76fa997d7fc33a9ff6a4b606fc4f31e3f1c0753050e330d97c92565c2bbe2,3226,67.0,39.0,interior,-0.0,-0.0,-0.0,-0.0,-0.0,-0.0
0,0,origin,0.0,26d76fa997d7fc33a9ff6a4b606fc4f31e3f1c0753050e330d97c92565c2bbe2,3227,68.0,39.0,interior,-0.0,-0.0,-0.0,-0.0,-0.0,-0.0
0,0,origin,0.0,26d76fa997d7fc33a9ff6a4b606fc4f31e3f1c0753050e330d97c92565c2bbe2,3228,69.0,39.0,interior,-0.0,-0.0,-0.0,-0.0,-0.0,-0.0
0,0,origin,0.0,26d76fa997d7fc33a9ff6a4b606fc4f31e3f1c0753050e330d97c92565c2bbe2,3229,70.0,39.0,interior,-0.0,-0.0,-0.0,-0.0,-0.0,-0.0
0,0,origin,0.0,26d76fa997d7fc33a9ff6a4b606fc4f31e3f1c0753050e330d97c92565c2bbe2,3230,71.0,39.0,interior,-0.0,-0.0,-0.0,-0.0,-0.0,-0.0
0,0,origin,0.0,26d76fa997d7fc33a9ff6a4b606fc4f31e3f1c0753050e330d97c92565c2bbe2,3231,72.0,39.0,interior,-0.0,-0.0,-0.0,-0.0,-0.0,-0.0
0,0,origin,0.0,26d76fa997d7fc33a9ff6a4b606fc4f31e3f1c0753050e330d97c92565c2bbe2,3232,73.0,39.0,interior,-0.0,-0.0,-0.0,-0.0,-0.0,-0.0
0,0,origin,0.0,26d76fa997d7fc33a9ff6a4b606fc4f31e3f1c0753050e330d97c92565c2bbe2,3233,74.0,39.0,interior,-0.0,-0.0,-0.0,-0.0,-0.0,-0.0
0,0,origin,0.0,26d76fa997d7fc33a9ff6a4b606fc4f31e3f1c0753050e330d97c92565c2bbe2,3234,75.0,39.0,interior,-0.0,-0.0,-0.0,-0.0,-0.0,-0.0
0,0,origin,0.0,26d76fa997d7fc33a9ff6a4b606fc4f31e3f1c0753050e330d97c92565c2bbe2,3235,76.0,39.0,interior,-0.0,-0.0,-0.0,-0.0,-0.0,-0.0
0,0,origin,0.0,26d76fa997d7fc33a9ff6a4b606fc4f31e3f1c0753050e330d97c92565c2bbe2,3236,77.0,39.0,interior,-0.0,-0.0,-0.0,-0.0,-0.0,-0.0
0,0,origin,0.0,26d76fa997d7fc33a9ff6a4b606fc4f31e3f1c0753050e330d97c92565c2bbe2,3237,78.0,39.0,interior,-0.0,-0.0,-0.0,-0.0,-0.0,-0.0
0,0,origin,0.0,26d76fa997d7fc33a9ff6a4b606fc4f31e3f1c0753050e330d97c92565c2bbe2,3238,79.0,39.0,interior,-0.0,-0.0,-0.0,-0.0,-0.0,-0.0
0,0,origin,0.0,26d76fa997d7fc33a9ff6a4b606fc4f31e3f1c0753050e330d97c92565c2bbe2,3239,80.0,39.0,physical_only,-0.0,-0.0,-0.0,-0.0,-0.0,-0.0
0,0,origin,0.0,26d76fa997d7fc33a9ff6a4b606fc4f31e3f1c0753050e330d97c92565c2bbe2,3302,62.0,40.0,physical_and_cut,-0.0,-0.0,-0.0,-0.0,-0.0,-0.0
0,0,origin,0.0,26d76fa997d7fc33a9ff6a4b606fc4f31e3f1c0753050e330d97c92565c2bbe2,3303,63.0,40.0,cut_only,-0.0,-0.0,-0.0,-0.0,-0.0,-0.0
0,0,origin,0.0,26d76fa997d7fc33a9ff6a4b606fc4f31e3f1c0753050e330d97c92565c2bbe2,3304,64.0,40.0,cut_only,-0.0,-0.0,-0.0,-0.0,-0.0,-0.0
0,0,origin,0.0,26d76fa997d7fc33a9ff6a4b606fc4f31e3f1c0753050e330d97c92565c2bbe2,3305,65.0,40.0,cut_only,-0.0,-0.0,-0.0,-0.0,-0.0,-0.0
0,0,origin,0.0,26d76fa997d7fc33a9ff6a4b606fc4f31e3f1c0753050e330d97c92565c2bbe2,3306,66.0,40.0,cut_only,-0.0,-0.0,-0.0,-0.0,-0.0,-0.0
0,0,origin,0.0,26d76fa997d7fc33a9ff6a4b606fc4f31e3f1c0753050e330d97c92565c2bbe2,3307,67.0,40.0,cut_only,-0.0,-0.0,-0.0,-0.0,-0.0,-0.0
0,0,origin,0.0,26d76fa997d7fc33a9ff6a4b606fc4f31e3f1c0753050e330d97c92565c2bbe2,3308,68.0,40.0,cut_only,-0.0,-0.0,-0.0,-0.0,-0.0,-0.0
0,0,origin,0.0,26d76fa997d7fc33a9ff6a4b606fc4f31e3f1c0753050e330d97c92565c2bbe2,3309,69.0,40.0,cut_only,-0.0,-0.0,-0.0,-0.0,-0.0,-0.0
0,0,origin,0.0,26d76fa997d7fc33a9ff6a4b606fc4f31e3f1c0753050e330d97c92565c2bbe2,3310,70.0,40.0,cut_only,-0.0,-0.0,-0.0,-0.0,-0.0,-0.0
0,0,origin,0.0,26d76fa997d7fc33a9ff6a4b606fc4f31e3f1c0753050e330d97c92565c2bbe2,3311,71.0,40.0,cut_only,-0.0,-0.0,-0.0,-0.0,-0.0,-0.0
0,0,origin,0.0,26d76fa997d7fc33a9ff6a4b606fc4f31e3f1c0753050e330d97c92565c2bbe2,3312,72.0,40.0,cut_only,-0.0,-0.0,-0.0,-0.0,-0.0,-0.0
0,0,origin,0.0,26d76fa997d7fc33a9ff6a4b606fc4f31e3f1c0753050e330d97c92565c2bbe2,3313,73.0,40.0,cut_only,-0.0,-0.0,-0.0,-0.0,-0.0,-0.0
0,0,origin,0.0,26d76fa997d7fc33a9ff6a4b606fc4f31e3f1c0753050e330d97c92565c2bbe2,3314,74.0,40.0,cut_only,-0.0,-0.0,-0.0,-0.0,-0.0,-0.0
0,0,origin,0.0,26d76fa997d7fc33a9ff6a4b606fc4f31e3f1c0753050e330d97c92565c2bbe2,3315,75.0,40.0,cut_only,-0.0,-0.0,-0.0,-0.0,-0.0,-0.0
0,0,origin,0.0,26d76fa997d7fc33a9ff6a4b606fc4f31e3f1c0753050e330d97c92565c2bbe2,3316,76.0,40.0,cut_only,-0.0,-0.0,-0.0,-0.0,-0.0,-0.0
0,0,origin,0.0,26d76fa997d7fc33a9ff6a4b606fc4f31e3f1c0753050e330d97c92565c2bbe2,3317,77.0,40.0,cut_only,-0.0,-0.0,-0.0,-0.0,-0.0,-0.0
0,0,origin,0.0,26d76fa997d7fc33a9ff6a4b606fc4f31e3f1c0753050e330d97c92565c2bbe2,3318,78.0,40.0,cut_only,-0.0,-0.0,-0.0,-0.0,-0.0,-0.0
0,0,origin,0.0,26d76fa997d7fc33a9ff6a4b606fc4f31e3f1c0753050e330d97c92565c2bbe2,3319,79.0,40.0,cut_only,-0.0,-0.0,-0.0,-0.0,-0.0,-0.0
0,0,origin,0.0,26d76fa997d7fc33a9ff6a4b606fc4f31e3f1c0753050e330d97c92565c2bbe2,3320,80.0,40.0,physical_and_cut,-0.0,-0.0,-0.0,-0.0,-0.0,-0.0
1,1,loading,0.25,b2a85d84b4e459f734dfb2f7615dbbe7758083f28e31f091c906a9106f37a5e9,2573,62.0,31.0,physical_only,-0.00011007520655468595,1.5224677784280176e-05,-1.7868428373587888e-06,1.5673213864765082e-06,-0.00010828836371732715,1.3657356397803666e-05
1,1,loading,0.25,b2a85d84b4e459f734dfb2f7615dbbe7758083f28e31f091c906a9106f37a5e9,2574,63.0,31.0,physical_only,-8.300722841897705e-07,-6.157858214394003e-07,-8.280355108144628e-07,1.703611553929983e-06,-2.03677337530773e-09,-2.3193973753693814e-06
1,1,loading,0.25,b2a85d84b4e459f734dfb2f7615dbbe7758083f28e31f091c906a9106f37a5e9,2575,64.0,31.0,physical_only,-6.296405676488162e-07,-8.94710281594759e-07,-8.332277761868215e-07,2.0986866167057013e-06,2.0358720853800539e-07,-2.9933968983004633e-06
1,1,loading,0.25,b2a85d84b4e459f734dfb2f7615dbbe7758083f28e31f091c906a9106f37a5e9,2576,65.0,31.0,physical_only,-6.533683783004769e-07,-1.200581054276392e-06,-8.400053992636181e-07,2.507080785474216e-06,1.8663702096314113e-07,-3.7076618397506104e-06
1,1,loading,0.25,b2a85d84b4e459f734dfb2f7615dbbe7758083f28e31f091c906a9106f37a5e9,2577,66.0,31.0,physical_only,-8.107191113933357e-07,-1.2409757839589866e-06,-8.479118369380469e-07,2.9325319940702657e-06,3.7192725544711234e-08,-4.173507778029255e-06
1,1,loading,0.25,b2a85d84b4e459f734dfb2f7615dbbe7758083f28e31f091c906a9106f37a5e9,2578,67.0,31.0,physical_only,-9.565943563173917e-07,-1.0154245926265434e-06,-8.55969559575206e-07,3.3769854483394135e-06,-1.0062479674218561e-07,-4.3924100409659586e-06
1,1,loading,0.25,b2a85d84b4e459f734dfb2f7615dbbe7758083f28e31f091c906a9106f37a5e9,2579,68.0,31.0,physical_only,-9.731725360920106e-07,-7.163471480961083e-07,-8.636093397016768e-07,3.8408190983315805e-06,-1.0956319639033362e-07,-4.557166246427686e-06
1,1,loading,0.25,b2a85d84b4e459f734dfb2f7615dbbe7758083f28e31f091c906a9106f37a5e9,2580,69.0,31.0,physical_only,-1.002779609188672e-06,-4.2490113247390586e-07,-8.705992479511747e-07,4.323732106941546e-06,-1.3218036123749723e-07,-4.748633239415456e-06
1,1,loading,0.25,b2a85d84b4e459f734dfb2f7615dbbe7758083f28e31f091c906a9106f37a5e9,2581,70.0,31.0,physical_only,-1.0351801301764384e-06,-8.687147131459854e-08,-8.769692733231347e-07,4.825295026337408e-06,-1.5821085685330376e-07,-4.912166497652006e-06
1,1,loading,0.25,b2a85d84b4e459f734dfb2f7615dbbe7758083f28e31f091c906a9106f37a5e9,2582,71.0,31.0,physical_only,-1.0714095236507192e-06,3.005477551869186e-07,-8.826686272237278e-07,5.345026042969914e-06,-1.8874089642699122e-07,-5.044478287782997e-06
1,1,loading,0.25,b2a85d84b4e459f734dfb2f7615dbbe7758083f28e31f091c906a9106f37a5e9,2583,72.0,31.0,physical_only,-1.1107288426612643e-06,7.402244187315734e-07,-8.876550213739249e-07,5.88231666352826e-06,-2.230738212873394e-07,-5.14209224479668e-06
1,1,loading,0.25,b2a85d84b4e459f734dfb2f7615dbbe7758083f28e31f091c906a9106f37a5e9,2584,73.0,31.0,physical_only,-1.1699692858554182e-06,1.2969473306078348e-06,-8.918064377980968e-07,6.4363322843590695e-06,-2.7816284805732127e-07,-5.139384953751228e-06
1,1,loading,0.25,b2a85d84b4e459f734dfb2f7615dbbe7758083f28e31f091c906a9106f37a5e9,2585,74.0,31.0,physical_only,-1.071889510525469e-06,1.9051704519086534e-06,-8.95191534605487e-07,7.006086134262186e-06,-1.7669797591998228e-07,-5.1009156823535385e-06
1,1,loading,0.25,b2a85d84b4e459f734dfb2f7615dbbe7758083f28e31f091c906a9106f37a5e9,2586,75.0,31.0,physical_only,-8.72495162563068e-07,2.3114121524857366e-06,-8.981544122459031e-07,7.590929595484575e-06,2.5659249682834904e-08,-5.2795174429988504e-06
1,1,loading,0.25,b2a85d84b4e459f734dfb2f7615dbbe7758083f28e31f091c906a9106f37a5e9,2587,76.0,31.0,physical_only,-6.434426282810293e-07,2.2819734020133046e-06,-9.015459973687728e-07,8.191591129554065e-06,2.5810336908774346e-07,-5.909617727540751e-06
1,1,loading,0.25,b2a85d84b4e459f734dfb2f7615dbbe7758083f28e31f091c906a9106f37a5e9,2588,77.0,31.0,physical_only,-6.440939530065201e-07,2.1467850222960588e-06,-9.058519686530284e-07,8.810471070773547e-06,2.6175801564650836e-07,-6.663686048477495e-06
1,1,loading,0.25,b2a85d84b4e459f734dfb2f7615dbbe7758083f28e31f091c906a9106f37a5e9,2589,78.0,31.0,physical_only,-7.016317049270087e-07,2.1279171198560127e-06,-9.11103841000499e-07,9.45048014313594e-06,2.0947213607349022e-07,-7.322563023279944e-06
1,1,loading,0.25,b2a85d84b4e459f734dfb2f7615dbbe7758083f28e31f091c906a9106f37a5e9,2590,79.0,31.0,physical_only,-7.799221177905088e-07,2.304252502271462e-06,-9.169164051014582e-07,1.0114061868174551e-05,1.3699428731094955e-07,-7.809809365903108e-06
1,1,loading,0.25,b2a85d84b4e459f734dfb2f7615dbbe7758083f28e31f091c906a9106f37a5e9,2591,80.0,31.0,physical_only,7.503697764362077e-07,0.00012887170815325424,1.4928773636674542e-06,4.518341091684981e-06,-7.425075872312466e-07,0.00012435336706156927
1,1,loading,0.25,b2a85d84b4e459f734dfb2f7615dbbe7758083f28e31f091c906a9106f37a5e9,2654,62.0,32.0,physical_only,-2.6802421527361163e-06,-6.84118961491975e-07,-1.212286038046346e-06,6.483110422414108e-08,-1.4679561146897703e-06,-7.489500657161159e-07
1,1,loading,0.25,b2a85d84b4e459f734dfb2f7615dbbe7758083f28e31f091c906a9106f37a5e9,2655,63.0,32.0,interior,-0.0,-0.0,-0.0,-0.0,-0.0,-0.0
1,1,loading,0.25,b2a85d84b4e459f734dfb2f7615dbbe7758083f28e31f091c906a9106f37a5e9,2656,64.0,32.0,interior,-0.0,-0.0,-0.0,-0.0,-0.0,-0.0
1,1,loading,0.25,b2a85d84b4e459f734dfb2f7615dbbe7758083f28e31f091c906a9106f37a5e9,2657,65.0,32.0,interior,-0.0,-0.0,-0.0,-0.0,-0.0,-0.0
1,1,loading,0.25,b2a85d84b4e459f734dfb2f7615dbbe7758083f28e31f091c906a9106f37a5e9,2658,66.0,32.0,interior,-0.0,-0.0,-0.0,-0.0,-0.0,-0.0
1,1,loading,0.25,b2a85d84b4e459f734dfb2f7615dbbe7758083f28e31f091c906a9106f37a5e9,2659,67.0,32.0,interior,-0.0,-0.0,-0.0,-0.0,-0.0,-0.0
1,1,loading,0.25,b2a85d84b4e459f734dfb2f7615dbbe7758083f28e31f091c906a9106f37a5e9,2660,68.0,32.0,interior,-0.0,-0.0,-0.0,-0.0,-0.0,-0.0
1,1,loading,0.25,b2a85d84b4e459f734dfb2f7615dbbe7758083f28e31f091c906a9106f37a5e9,2661,69.0,32.0,interior,-0.0,-0.0,-0.0,-0.0,-0.0,-0.0
1,1,loading,0.25,b2a85d84b4e459f734dfb2f7615dbbe7758083f28e31f091c906a9106f37a5e9,2662,70.0,32.0,interior,-0.0,-0.0,-0.0,-0.0,-0.0,-0.0
1,1,loading,0.25,b2a85d84b4e459f734dfb2f7615dbbe7758083f28e31f091c906a9106f37a5e9,2663,71.0,32.0,interior,-0.0,-0.0,-0.0,-0.0,-0.0,-0.0
1,1,loading,0.25,b2a85d84b4e459f734dfb2f7615dbbe7758083f28e31f091c906a9106f37a5e9,2664,72.0,32.0,interior,-0.0,-0.0,-0.0,-0.0,-0.0,-0.0
1,1,loading,0.25,b2a85d84b4e459f734dfb2f7615dbbe7758083f28e31f091c906a9106f37a5e9,2665,73.0,32.0,interior,-0.0,-0.0,-0.0,-0.0,-0.0,-0.0
1,1,loading,0.25,b2a85d84b4e459f734dfb2f7615dbbe7758083f28e31f091c906a9106f37a5e9,2666,74.0,32.0,interior,-0.0,-0.0,-0.0,-0.0,-0.0,-0.0
1,1,loading,0.25,b2a85d84b4e459f734dfb2f7615dbbe7758083f28e31f091c906a9106f37a5e9,2667,75.0,32.0,interior,-0.0,-0.0,-0.0,-0.0,-0.0,-0.0
1,1,loading,0.25,b2a85d84b4e459f734dfb2f7615dbbe7758083f28e31f091c906a9106f37a5e9,2668,76.0,32.0,interior,-0.0,-0.0,-0.0,-0.0,-0.0,-0.0
1,1,loading,0.25,b2a85d84b4e459f734dfb2f7615dbbe7758083f28e31f091c906a9106f37a5e9,2669,77.0,32.0,interior,-0.0,-0.0,-0.0,-0.0,-0.0,-0.0
1,1,loading,0.25,b2a85d84b4e459f734dfb2f7615dbbe7758083f28e31f091c906a9106f37a5e9,2670,78.0,32.0,interior,-0.0,-0.0,-0.0,-0.0,-0.0,-0.0
1,1,loading,0.25,b2a85d84b4e459f734dfb2f7615dbbe7758083f28e31f091c906a9106f37a5e9,2671,79.0,32.0,interior,-0.0,-0.0,-0.0,-0.0,-0.0,-0.0
1,1,loading,0.25,b2a85d84b4e459f734dfb2f7615dbbe7758083f28e31f091c906a9106f37a5e9,2672,80.0,32.0,physical_only,-0.0,-0.0,-0.0,-0.0,-0.0,-0.0
1,1,loading,0.25,b2a85d84b4e459f734dfb2f7615dbbe7758083f28e31f091c906a9106f37a5e9,2735,62.0,33.0,physical_only,-2.0117374981566486e-06,-4.819246024728365e-07,-1.262056348858943e-06,5.098889190899061e-08,-7.496811492977053e-07,-5.329134943818275e-07
1,1,loading,0.25,b2a85d84b4e459f734dfb2f7615dbbe7758083f28e31f091c906a9106f37a5e9,2736,63.0,33.0,interior,-0.0,-0.0,-0.0,-0.0,-0.0,-0.0
1,1,loading,0.25,b2a85d84b4e459f734dfb2f7615dbbe7758083f28e31f091c906a9106f37a5e9,2737,64.0,33.0,interior,-0.0,-0.0,-0.0,-0.0,-0.0,-0.0
1,1,loading,0.25,b2a85d84b4e459f734dfb2f7615dbbe7758083f28e31f091c906a9106f37a5e9,2738,65.0,33.0,interior,-0.0,-0.0,-0.0,-0.0,-0.0,-0.0
1,1,loading,0.25,b2a85d84b4e459f734dfb2f7615dbbe7758083f28e31f091c906a9106f37a5e9,2739,66.0,33.0,interior,-0.0,-0.0,-0.0,-0.0,-0.0,-0.0
1,1,loading,0.25,b2a85d84b4e459f734dfb2f7615dbbe7758083f28e31f091c906a9106f37a5e9,2740,67.0,33.0,interior,-0.0,-0.0,-0.0,-0.0,-0.0,-0.0
1,1,loading,0.25,b2a85d84b4e459f734dfb2f7615dbbe7758083f28e31f091c906a9106f37a5e9,2741,68.0,33.0,interior,-0.0,-0.0,-0.0,-0.0,-0.0,-0.0
1,1,loading,0.25,b2a85d84b4e459f734dfb2f7615dbbe7758083f28e31f091c906a9106f37a5e9,2742,69.0,33.0,interior,-0.0,-0.0,-0.0,-0.0,-0.0,-0.0
1,1,loading,0.25,b2a85d84b4e459f734dfb2f7615dbbe7758083f28e31f091c906a9106f37a5e9,2743,70.0,33.0,interior,-0.0,-0.0,-0.0,-0.0,-0.0,-0.0
1,1,loading,0.25,b2a85d84b4e459f734dfb2f7615dbbe7758083f28e31f091c906a9106f37a5e9,2744,71.0,33.0,interior,-0.0,-0.0,-0.0,-0.0,-0.0,-0.0
1,1,loading,0.25,b2a85d84b4e459f734dfb2f7615dbbe7758083f28e31f091c906a9106f37a5e9,2745,72.0,33.0,interior,-0.0,-0.0,-0.0,-0.0,-0.0,-0.0
1,1,loading,0.25,b2a85d84b4e459f734dfb2f7615dbbe7758083f28e31f091c906a9106f37a5e9,2746,73.0,33.0,interior,-0.0,-0.0,-0.0,-0.0,-0.0,-0.0
1,1,loading,0.25,b2a85d84b4e459f734dfb2f7615dbbe7758083f28e31f091c906a9106f37a5e9,2747,74.0,33.0,interior,-0.0,-0.0,-0.0,-0.0,-0.0,-0.0
1,1,loading,0.25,b2a85d84b4e459f734dfb2f7615dbbe7758083f28e31f091c906a9106f37a5e9,2748,75.0,33.0,interior,-0.0,-0.0,-0.0,-0.0,-0.0,-0.0
1,1,loading,0.25,b2a85d84b4e459f734dfb2f7615dbbe7758083f28e31f091c906a9106f37a5e9,2749,76.0,33.0,interior,-0.0,-0.0,-0.0,-0.0,-0.0,-0.0
1,1,loading,0.25,b2a85d84b4e459f734dfb2f7615dbbe7758083f28e31f091c906a9106f37a5e9,2750,77.0,33.0,interior,-0.0,-0.0,-0.0,-0.0,-0.0,-0.0
1,1,loading,0.25,b2a85d84b4e459f734dfb2f7615dbbe7758083f28e31f091c906a9106f37a5e9,2751,78.0,33.0,interior,-0.0,-0.0,-0.0,-0.0,-0.0,-0.0
1,1,loading,0.25,b2a85d84b4e459f734dfb2f7615dbbe7758083f28e31f091c906a9106f37a5e9,2752,79.0,33.0,interior,-0.0,-0.0,-0.0,-0.0,-0.0,-0.0
1,1,loading,0.25,b2a85d84b4e459f734dfb2f7615dbbe7758083f28e31f091c906a9106f37a5e9,2753,80.0,33.0,physical_only,-0.0,-0.0,-0.0,-0.0,-0.0,-0.0
1,1,loading,0.25,b2a85d84b4e459f734dfb2f7615dbbe7758083f28e31f091c906a9106f37a5e9,2816,62.0,34.0,physical_only,-1.6987524791417296e-06,-2.3326009753408852e-07,-1.2997192897228264e-06,4.1709233795887554e-08,-3.99033189418903e-07,-2.74969331329976e-07
1,1,loading,0.25,b2a85d84b4e459f734dfb2f7615dbbe7758083f28e31f091c906a9106f37a5e9,2817,63.0,34.0,interior,-0.0,-0.0,-0.0,-0.0,-0.0,-0.0
1,1,loading,0.25,b2a85d84b4e459f734dfb2f7615dbbe7758083f28e31f091c906a9106f37a5e9,2818,64.0,34.0,interior,-0.0,-0.0,-0.0,-0.0,-0.0,-0.0
1,1,loading,0.25,b2a85d84b4e459f734dfb2f7615dbbe7758083f28e31f091c906a9106f37a5e9,2819,65.0,34.0,interior,-0.0,-0.0,-0.0,-0.0,-0.0,-0.0
1,1,loading,0.25,b2a85d84b4e459f734dfb2f7615dbbe7758083f28e31f091c906a9106f37a5e9,2820,66.0,34.0,interior,-0.0,-0.0,-0.0,-0.0,-0.0,-0.0
1,1,loading,0.25,b2a85d84b4e459f734dfb2f7615dbbe7758083f28e31f091c906a9106f37a5e9,2821,67.0,34.0,interior,-0.0,-0.0,-0.0,-0.0,-0.0,-0.0
1,1,loading,0.25,b2a85d84b4e459f734dfb2f7615dbbe7758083f28e31f091c906a9106f37a5e9,2822,68.0,34.0,interior,-0.0,-0.0,-0.0,-0.0,-0.0,-0.0
1,1,loading,0.25,b2a85d84b4e459f734dfb2f7615dbbe7758083f28e31f091c906a9106f37a5e9,2823,69.0,34.0,interior,-0.0,-0.0,-0.0,-0.0,-0.0,-0.0
1,1,loading,0.25,b2a85d84b4e459f734dfb2f7615dbbe7758083f28e31f091c906a9106f37a5e9,2824,70.0,34.0,interior,-0.0,-0.0,-0.0,-0.0,-0.0,-0.0
1,1,loading,0.25,b2a85d84b4e459f734dfb2f7615dbbe7758083f28e31f091c906a9106f37a5e9,2825,71.0,34.0,interior,-0.0,-0.0,-0.0,-0.0,-0.0,-0.0
1,1,loading,0.25,b2a85d84b4e459f734dfb2f7615dbbe7758083f28e31f091c906a9106f37a5e9,2826,72.0,34.0,interior,-0.0,-0.0,-0.0,-0.0,-0.0,-0.0
1,1,loading,0.25,b2a85d84b4e459f734dfb2f7615dbbe7758083f28e31f091c906a9106f37a5e9,2827,73.0,34.0,interior,-0.0,-0.0,-0.0,-0.0,-0.0,-0.0
1,1,loading,0.25,b2a85d84b4e459f734dfb2f7615dbbe7758083f28e31f091c906a9106f37a5e9,2828,74.0,34.0,interior,-0.0,-0.0,-0.0,-0.0,-0.0,-0.0
1,1,loading,0.25,b2a85d84b4e459f734dfb2f7615dbbe7758083f28e31f091c906a9106f37a5e9,2829,75.0,34.0,interior,-0.0,-0.0,-0.0,-0.0,-0.0,-0.0
1,1,loading,0.25,b2a85d84b4e459f734dfb2f7615dbbe7758083f28e31f091c906a9106f37a5e9,2830,76.0,34.0,interior,-0.0,-0.0,-0.0,-0.0,-0.0,-0.0
1,1,loading,0.25,b2a85d84b4e459f734dfb2f7615dbbe7758083f28e31f091c906a9106f37a5e9,2831,77.0,34.0,interior,-0.0,-0.0,-0.0,-0.0,-0.0,-0.0
1,1,loading,0.25,b2a85d84b4e459f734dfb2f7615dbbe7758083f28e31f091c906a9106f37a5e9,2832,78.0,34.0,interior,-0.0,-0.0,-0.0,-0.0,-0.0,-0.0
1,1,loading,0.25,b2a85d84b4e459f734dfb2f7615dbbe7758083f28e31f091c906a9106f37a5e9,2833,79.0,34.0,interior,-0.0,-0.0,-0.0,-0.0,-0.0,-0.0
1,1,loading,0.25,b2a85d84b4e459f734dfb2f7615dbbe7758083f28e31f091c906a9106f37a5e9,2834,80.0,34.0,physical_only,-0.0,-0.0,-0.0,-0.0,-0.0,-0.0
1,1,loading,0.25,b2a85d84b4e459f734dfb2f7615dbbe7758083f28e31f091c906a9106f37a5e9,2897,62.0,35.0,physical_only,-1.6209633857851596e-06,-3.2466254113274235e-08,-1.3302511080175212e-06,3.479770624439882e-08,-2.9071227776763863e-07,-6.72639603576729e-08
1,1,loading,0.25,b2a85d84b4e459f734dfb2f7615dbbe7758083f28e31f091c906a9106f37a5e9,2898,63.0,35.0,interior,-0.0,-0.0,-0.0,-0.0,-0.0,-0.0
1,1,loading,0.25,b2a85d84b4e459f734dfb2f7615dbbe7758083f28e31f091c906a9106f37a5e9,2899,64.0,35.0,interior,-0.0,-0.0,-0.0,-0.0,-0.0,-0.0
1,1,loading,0.25,b2a85d84b4e459f734dfb2f7615dbbe7758083f28e31f091c906a9106f37a5e9,2900,65.0,35.0,interior,-0.0,-0.0,-0.0,-0.0,-0.0,-0.0
1,1,loading,0.25,b2a85d84b4e459f734dfb2f7615dbbe7758083f28e31f091c906a9106f37a5e9,2901,66.0,35.0,interior,-0.0,-0.0,-0.0,-0.0,-0.0,-0.0
1,1,loading,0.25,b2a85d84b4e459f734dfb2f7615dbbe7758083f28e31f091c906a9106f37a5e9,2902,67.0,35.0,interior,-0.0,-0.0,-0.0,-0.0,-0.0,-0.0
1,1,loading,0.25,b2a85d84b4e459f734dfb2f7615dbbe7758083f28e31f091c906a9106f37a5e9,2903,68.0,35.0,interior,-0.0,-0.0,-0.0,-0.0,-0.0,-0.0
1,1,loading,0.25,b2a85d84b4e459f734dfb2f7615dbbe7758083f28e31f091c906a9106f37a5e9,2904,69.0,35.0,interior,-0.0,-0.0,-0.0,-0.0,-0.0,-0.0
1,1,loading,0.25,b2a85d84b4e459f734dfb2f7615dbbe7758083f28e31f091c906a9106f37a5e9,2905,70.0,35.0,interior,-0.0,-0.0,-0.0,-0.0,-0.0,-0.0
1,1,loading,0.25,b2a85d84b4e459f734dfb2f7615dbbe7758083f28e31f091c906a9106f37a5e9,2906,71.0,35.0,interior,-0.0,-0.0,-0.0,-0.0,-0.0,-0.0
1,1,loading,0.25,b2a85d84b4e459f734dfb2f7615dbbe7758083f28e31f091c906a9106f37a5e9,2907,72.0,35.0,interior,-0.0,-0.0,-0.0,-0.0,-0.0,-0.0
1,1,loading,0.25,b2a85d84b4e459f734dfb2f7615dbbe7758083f28e31f091c906a9106f37a5e9,2908,73.0,35.0,interior,-0.0,-0.0,-0.0,-0.0,-0.0,-0.0
1,1,loading,0.25,b2a85d84b4e459f734dfb2f7615dbbe7758083f28e31f091c906a9106f37a5e9,2909,74.0,35.0,interior,-0.0,-0.0,-0.0,-0.0,-0.0,-0.0
1,1,loading,0.25,b2a85d84b4e459f734dfb2f7615dbbe7758083f28e31f091c906a9106f37a5e9,2910,75.0,35.0,interior,-0.0,-0.0,-0.0,-0.0,-0.0,-0.0
1,1,loading,0.25,b2a85d84b4e459f734dfb2f7615dbbe7758083f28e31f091c906a9106f37a5e9,2911,76.0,35.0,interior,-0.0,-0.0,-0.0,-0.0,-0.0,-0.0
1,1,loading,0.25,b2a85d84b4e459f734dfb2f7615dbbe7758083f28e31f091c906a9106f37a5e9,2912,77.0,35.0,interior,-0.0,-0.0,-0.0,-0.0,-0.0,-0.0
1,1,loading,0.25,b2a85d84b4e459f734dfb2f7615dbbe7758083f28e31f091c906a9106f37a5e9,2913,78.0,35.0,interior,-0.0,-0.0,-0.0,-0.0,-0.0,-0.0
1,1,loading,0.25,b2a85d84b4e459f734dfb2f7615dbbe7758083f28e31f091c906a9106f37a5e9,2914,79.0,35.0,interior,-0.0,-0.0,-0.0,-0.0,-0.0,-0.0
1,1,loading,0.25,b2a85d84b4e459f734dfb2f7615dbbe7758083f28e31f091c906a9106f37a5e9,2915,80.0,35.0,physical_only,-0.0,-0.0,-0.0,-0.0,-0.0,-0.0
1,1,loading,0.25,b2a85d84b4e459f734dfb2f7615dbbe7758083f28e31f091c906a9106f37a5e9,2978,62.0,36.0,physical_only,-1.67113140110819e-06,7.598340910687274e-08,-1.3557212163957879e-06,2.8620401085926066e-08,-3.154101847124022e-07,4.736300802094673e-08
1,1,loading,0.25,b2a85d84b4e459f734dfb2f7615dbbe7758083f28e31f091c906a9106f37a5e9,2979,63.0,36.0,interior,-0.0,-0.0,-0.0,-0.0,-0.0,-0.0
1,1,loading,0.25,b2a85d84b4e459f734dfb2f7615dbbe7758083f28e31f091c906a9106f37a5e9,2980,64.0,36.0,interior,-0.0,-0.0,-0.0,-0.0,-0.0,-0.0
1,1,loading,0.25,b2a85d84b4e459f734dfb2f7615dbbe7758083f28e31f091c906a9106f37a5e9,2981,65.0,36.0,interior,-0.0,-0.0,-0.0,-0.0,-0.0,-0.0
1,1,loading,0.25,b2a85d84b4e459f734dfb2f7615dbbe7758083f28e31f091c906a9106f37a5e9,2982,66.0,36.0,interior,-0.0,-0.0,-0.0,-0.0,-0.0,-0.0
1,1,loading,0.25,b2a85d84b4e459f734dfb2f7615dbbe7758083f28e31f091c906a9106f37a5e9,2983,67.0,36.0,interior,-0.0,-0.0,-0.0,-0.0,-0.0,-0.0
1,1,loading,0.25,b2a85d84b4e459f734dfb2f7615dbbe7758083f28e31f091c906a9106f37a5e9,2984,68.0,36.0,interior,-0.0,-0.0,-0.0,-0.0,-0.0,-0.0
1,1,loading,0.25,b2a85d84b4e459f734dfb2f7615dbbe7758083f28e31f091c906a9106f37a5e9,2985,69.0,36.0,interior,-0.0,-0.0,-0.0,-0.0,-0.0,-0.0
1,1,loading,0.25,b2a85d84b4e459f734dfb2f7615dbbe7758083f28e31f091c906a9106f37a5e9,2986,70.0,36.0,interior,-0.0,-0.0,-0.0,-0.0,-0.0,-0.0
1,1,loading,0.25,b2a85d84b4e459f734dfb2f7615dbbe7758083f28e31f091c906a9106f37a5e9,2987,71.0,36.0,interior,-0.0,-0.0,-0.0,-0.0,-0.0,-0.0
1,1,loading,0.25,b2a85d84b4e459f734dfb2f7615dbbe7758083f28e31f091c906a9106f37a5e9,2988,72.0,36.0,interior,-0.0,-0.0,-0.0,-0.0,-0.0,-0.0
1,1,loading,0.25,b2a85d84b4e459f734dfb2f7615dbbe7758083f28e31f091c906a9106f37a5e9,2989,73.0,36.0,interior,-0.0,-0.0,-0.0,-0.0,-0.0,-0.0
1,1,loading,0.25,b2a85d84b4e459f734dfb2f7615dbbe7758083f28e31f091c906a9106f37a5e9,2990,74.0,36.0,interior,-0.0,-0.0,-0.0,-0.0,-0.0,-0.0
1,1,loading,0.25,b2a85d84b4e459f734dfb2f7615dbbe7758083f28e31f091c906a9106f37a5e9,2991,75.0,36.0,interior,-0.0,-0.0,-0.0,-0.0,-0.0,-0.0
1,1,loading,0.25,b2a85d84b4e459f734dfb2f7615dbbe7758083f28e31f091c906a9106f37a5e9,2992,76.0,36.0,interior,-0.0,-0.0,-0.0,-0.0,-0.0,-0.0
1,1,loading,0.25,b2a85d84b4e459f734dfb2f7615dbbe7758083f28e31f091c906a9106f37a5e9,2993,77.0,36.0,interior,-0.0,-0.0,-0.0,-0.0,-0.0,-0.0
1,1,loading,0.25,b2a85d84b4e459f734dfb2f7615dbbe7758083f28e31f091c906a9106f37a5e9,2994,78.0,36.0,interior,-0.0,-0.0,-0.0,-0.0,-0.0,-0.0
1,1,loading,0.25,b2a85d84b4e459f734dfb2f7615dbbe7758083f28e31f091c906a9106f37a5e9,2995,79.0,36.0,interior,-0.0,-0.0,-0.0,-0.0,-0.0,-0.0
1,1,loading,0.25,b2a85d84b4e459f734dfb2f7615dbbe7758083f28e31f091c906a9106f37a5e9,2996,80.0,36.0,physical_only,-0.0,-0.0,-0.0,-0.0,-0.0,-0.0
1,1,loading,0.25,b2a85d84b4e459f734dfb2f7615dbbe7758083f28e31f091c906a9106f37a5e9,3059,62.0,37.0,physical_only,-1.7574279894614427e-06,1.0811318317865104e-07,-1.3764309129577996e-06,2.2216815897007187e-08,-3.8099707650364306e-07,8.58963672816439e-08
1,1,loading,0.25,b2a85d84b4e459f734dfb2f7615dbbe7758083f28e31f091c906a9106f37a5e9,3060,63.0,37.0,interior,-0.0,-0.0,-0.0,-0.0,-0.0,-0.0
1,1,loading,0.25,b2a85d84b4e459f734dfb2f7615dbbe7758083f28e31f091c906a9106f37a5e9,3061,64.0,37.0,interior,-0.0,-0.0,-0.0,-0.0,-0.0,-0.0
1,1,loading,0.25,b2a85d84b4e459f734dfb2f7615dbbe7758083f28e31f091c906a9106f37a5e9,3062,65.0,37.0,interior,-0.0,-0.0,-0.0,-0.0,-0.0,-0.0
1,1,loading,0.25,b2a85d84b4e459f734dfb2f7615dbbe7758083f28e31f091c906a9106f37a5e9,3063,66.0,37.0,interior,-0.0,-0.0,-0.0,-0.0,-0.0,-0.0
1,1,loading,0.25,b2a85d84b4e459f734dfb2f7615dbbe7758083f28e31f091c906a9106f37a5e9,3064,67.0,37.0,interior,-0.0,-0.0,-0.0,-0.0,-0.0,-0.0
1,1,loading,0.25,b2a85d84b4e459f734dfb2f7615dbbe7758083f28e31f091c906a9106f37a5e9,3065,68.0,37.0,interior,-0.0,-0.0,-0.0,-0.0,-0.0,-0.0
1,1,loading,0.25,b2a85d84b4e459f734dfb2f7615dbbe7758083f28e31f091c906a9106f37a5e9,3066,69.0,37.0,interior,-0.0,-0.0,-0.0,-0.0,-0.0,-0.0
1,1,loading,0.25,b2a85d84b4e459f734dfb2f7615dbbe7758083f28e31f091c906a9106f37a5e9,3067,70.0,37.0,interior,-0.0,-0.0,-0.0,-0.0,-0.0,-0.0
1,1,loading,0.25,b2a85d84b4e459f734dfb2f7615dbbe7758083f28e31f091c906a9106f37a5e9,3068,71.0,37.0,interior,-0.0,-0.0,-0.0,-0.0,-0.0,-0.0
1,1,loading,0.25,b2a85d84b4e459f734dfb2f7615dbbe7758083f28e31f091c906a9106f37a5e9,3069,72.0,37.0,interior,-0.0,-0.0,-0.0,-0.0,-0.0,-0.0
1,1,loading,0.25,b2a85d84b4e459f734dfb2f7615dbbe7758083f28e31f091c906a9106f37a5e9,3070,73.0,37.0,interior,-0.0,-0.0,-0.0,-0.0,-0.0,-0.0
1,1,loading,0.25,b2a85d84b4e459f734dfb2f7615dbbe7758083f28e31f091c906a9106f37a5e9,3071,74.0,37.0,interior,-0.0,-0.0,-0.0,-0.0,-0.0,-0.0
1,1,loading,0.25,b2a85d84b4e459f734dfb2f7615dbbe7758083f28e31f091c906a9106f37a5e9,3072,75.0,37.0,interior,-0.0,-0.0,-0.0,-0.0,-0.0,-0.0
1,1,loading,0.25,b2a85d84b4e459f734dfb2f7615dbbe7758083f28e31f091c906a9106f37a5e9,3073,76.0,37.0,interior,-0.0,-0.0,-0.0,-0.0,-0.0,-0.0
1,1,loading,0.25,b2a85d84b4e459f734dfb2f7615dbbe7758083f28e31f091c906a9106f37a5e9,3074,77.0,37.0,interior,-0.0,-0.0,-0.0,-0.0,-0.0,-0.0
1,1,loading,0.25,b2a85d84b4e459f734dfb2f7615dbbe7758083f28e31f091c906a9106f37a5e9,3075,78.0,37.0,interior,-0.0,-0.0,-0.0,-0.0,-0.0,-0.0
1,1,loading,0.25,b2a85d84b4e459f734dfb2f7615dbbe7758083f28e31f091c906a9106f37a5e9,3076,79.0,37.0,interior,-0.0,-0.0,-0.0,-0.0,-0.0,-0.0
1,1,loading,0.25,b2a85d84b4e459f734dfb2f7615dbbe7758083f28e31f091c906a9106f37a5e9,3077,80.0,37.0,physical_only,-0.0,-0.0,-0.0,-0.0,-0.0,-0.0
1,1,loading,0.25,b2a85d84b4e459f734dfb2f7615dbbe7758083f28e31f091c906a9106f37a5e9,3140,62.0,38.0,physical_only,-1.833014720212038e-06,9.084149570805613e-08,-1.3918861799523707e-06,1.525308541083671e-08,-4.4112854025966735e-07,7.558841029721947e-08
1,1,loading,0.25,b2a85d84b4e459f734dfb2f7615dbbe7758083f28e31f091c906a9106f37a5e9,3141,63.0,38.0,interior,-0.0,-0.0,-0.0,-0.0,-0.0,-0.0
1,1,loading,0.25,b2a85d84b4e459f734dfb2f7615dbbe7758083f28e31f091c906a9106f37a5e9,3142,64.0,38.0,interior,-0.0,-0.0,-0.0,-0.0,-0.0,-0.0
1,1,loading,0.25,b2a85d84b4e459f734dfb2f7615dbbe7758083f28e31f091c906a9106f37a5e9,3143,65.0,38.0,interior,-0.0,-0.0,-0.0,-0.0,-0.0,-0.0
1,1,loading,0.25,b2a85d84b4e459f734dfb2f7615dbbe7758083f28e31f091c906a9106f37a5e9,3144,66.0,38.0,interior,-0.0,-0.0,-0.0,-0.0,-0.0,-0.0
1,1,loading,0.25,b2a85d84b4e459f734dfb2f7615dbbe7758083f28e31f091c906a9106f37a5e9,3145,67.0,38.0,interior,-0.0,-0.0,-0.0,-0.0,-0.0,-0.0
1,1,loading,0.25,b2a85d84b4e459f734dfb2f7615dbbe7758083f28e31f091c906a9106f37a5e9,3146,68.0,38.0,interior,-0.0,-0.0,-0.0,-0.0,-0.0,-0.0
1,1,loading,0.25,b2a85d84b4e459f734dfb2f7615dbbe7758083f28e31f091c906a9106f37a5e9,3147,69.0,38.0,interior,-0.0,-0.0,-0.0,-0.0,-0.0,-0.0
1,1,loading,0.25,b2a85d84b4e459f734dfb2f7615dbbe7758083f28e31f091c906a9106f37a5e9,3148,70.0,38.0,interior,-0.0,-0.0,-0.0,-0.0,-0.0,-0.0
1,1,loading,0.25,b2a85d84b4e459f734dfb2f7615dbbe7758083f28e31f091c906a9106f37a5e9,3149,71.0,38.0,interior,-0.0,-0.0,-0.0,-0.0,-0.0,-0.0
1,1,loading,0.25,b2a85d84b4e459f734dfb2f7615dbbe7758083f28e31f091c906a9106f37a5e9,3150,72.0,38.0,interior,-0.0,-0.0,-0.0,-0.0,-0.0,-0.0
1,1,loading,0.25,b2a85d84b4e459f734dfb2f7615dbbe7758083f28e31f091c906a9106f37a5e9,3151,73.0,38.0,interior,-0.0,-0.0,-0.0,-0.0,-0.0,-0.0
1,1,loading,0.25,b2a85d84b4e459f734dfb2f7615dbbe7758083f28e31f091c906a9106f37a5e9,3152,74.0,38.0,interior,-0.0,-0.0,-0.0,-0.0,-0.0,-0.0
1,1,loading,0.25,b2a85d84b4e459f734dfb2f7615dbbe7758083f28e31f091c906a9106f37a5e9,3153,75.0,38.0,interior,-0.0,-0.0,-0.0,-0.0,-0.0,-0.0
1,1,loading,0.25,b2a85d84b4e459f734dfb2f7615dbbe7758083f28e31f091c906a9106f37a5e9,3154,76.0,38.0,interior,-0.0,-0.0,-0.0,-0.0,-0.0,-0.0
1,1,loading,0.25,b2a85d84b4e459f734dfb2f7615dbbe7758083f28e31f091c906a9106f37a5e9,3155,77.0,38.0,interior,-0.0,-0.0,-0.0,-0.0,-0.0,-0.0
1,1,loading,0.25,b2a85d84b4e459f734dfb2f7615dbbe7758083f28e31f091c906a9106f37a5e9,3156,78.0,38.0,interior,-0.0,-0.0,-0.0,-0.0,-0.0,-0.0
1,1,loading,0.25,b2a85d84b4e459f734dfb2f7615dbbe7758083f28e31f091c906a9106f37a5e9,3157,79.0,38.0,interior,-0.0,-0.0,-0.0,-0.0,-0.0,-0.0
1,1,loading,0.25,b2a85d84b4e459f734dfb2f7615dbbe7758083f28e31f091c906a9106f37a5e9,3158,80.0,38.0,physical_only,-0.0,-0.0,-0.0,-0.0,-0.0,-0.0
1,1,loading,0.25,b2a85d84b4e459f734dfb2f7615dbbe7758083f28e31f091c906a9106f37a5e9,3221,62.0,39.0,physical_only,-1.8794812929726823e-06,4.950291349387526e-08,-1.4014591292319294e-06,7.77174536667294e-09,-4.780221637407529e-07,4.173116812720248e-08
1,1,loading,0.25,b2a85d84b4e459f734dfb2f7615dbbe7758083f28e31f091c906a9106f37a5e9,3222,63.0,39.0,interior,-0.0,-0.0,-0.0,-0.0,-0.0,-0.0
1,1,loading,0.25,b2a85d84b4e459f734dfb2f7615dbbe7758083f28e31f091c906a9106f37a5e9,3223,64.0,39.0,interior,-0.0,-0.0,-0.0,-0.0,-0.0,-0.0
1,1,loading,0.25,b2a85d84b4e459f734dfb2f7615dbbe7758083f28e31f091c906a9106f37a5e9,3224,65.0,39.0,interior,-0.0,-0.0,-0.0,-0.0,-0.0,-0.0
1,1,loading,0.25,b2a85d84b4e459f734dfb2f7615dbbe7758083f28e31f091c906a9106f37a5e9,3225,66.0,39.0,interior,-0.0,-0.0,-0.0,-0.0,-0.0,-0.0
1,1,loading,0.25,b2a85d84b4e459f734dfb2f7615dbbe7758083f28e31f091c906a9106f37a5e9,3226,67.0,39.0,interior,-0.0,-0.0,-0.0,-0.0,-0.0,-0.0
1,1,loading,0.25,b2a85d84b4e459f734dfb2f7615dbbe7758083f28e31f091c906a9106f37a5e9,3227,68.0,39.0,interior,-0.0,-0.0,-0.0,-0.0,-0.0,-0.0
1,1,loading,0.25,b2a85d84b4e459f734dfb2f7615dbbe7758083f28e31f091c906a9106f37a5e9,3228,69.0,39.0,interior,-0.0,-0.0,-0.0,-0.0,-0.0,-0.0
1,1,loading,0.25,b2a85d84b4e459f734dfb2f7615dbbe7758083f28e31f091c906a9106f37a5e9,3229,70.0,39.0,interior,-0.0,-0.0,-0.0,-0.0,-0.0,-0.0
1,1,loading,0.25,b2a85d84b4e459f734dfb2f7615dbbe7758083f28e31f091c906a9106f37a5e9,3230,71.0,39.0,interior,-0.0,-0.0,-0.0,-0.0,-0.0,-0.0
1,1,loading,0.25,b2a85d84b4e459f734dfb2f7615dbbe7758083f28e31f091c906a9106f37a5e9,3231,72.0,39.0,interior,-0.0,-0.0,-0.0,-0.0,-0.0,-0.0
1,1,loading,0.25,b2a85d84b4e459f734dfb2f7615dbbe7758083f28e31f091c906a9106f37a5e9,3232,73.0,39.0,interior,-0.0,-0.0,-0.0,-0.0,-0.0,-0.0
1,1,loading,0.25,b2a85d84b4e459f734dfb2f7615dbbe7758083f28e31f091c906a9106f37a5e9,3233,74.0,39.0,interior,-0.0,-0.0,-0.0,-0.0,-0.0,-0.0
1,1,loading,0.25,b2a85d84b4e459f734dfb2f7615dbbe7758083f28e31f091c906a9106f37a5e9,3234,75.0,39.0,interior,-0.0,-0.0,-0.0,-0.0,-0.0,-0.0
1,1,loading,0.25,b2a85d84b4e459f734dfb2f7615dbbe7758083f28e31f091c906a9106f37a5e9,3235,76.0,39.0,interior,-0.0,-0.0,-0.0,-0.0,-0.0,-0.0
1,1,loading,0.25,b2a85d84b4e459f734dfb2f7615dbbe7758083f28e31f091c906a9106f37a5e9,3236,77.0,39.0,interior,-0.0,-0.0,-0.0,-0.0,-0.0,-0.0
1,1,loading,0.25,b2a85d84b4e459f734dfb2f7615dbbe7758083f28e31f091c906a9106f37a5e9,3237,78.0,39.0,interior,-0.0,-0.0,-0.0,-0.0,-0.0,-0.0
1,1,loading,0.25,b2a85d84b4e459f734dfb2f7615dbbe7758083f28e31f091c906a9106f37a5e9,3238,79.0,39.0,interior,-0.0,-0.0,-0.0,-0.0,-0.0,-0.0
1,1,loading,0.25,b2a85d84b4e459f734dfb2f7615dbbe7758083f28e31f091c906a9106f37a5e9,3239,80.0,39.0,physical_only,-0.0,-0.0,-0.0,-0.0,-0.0,-0.0
1,1,loading,0.25,b2a85d84b4e459f734dfb2f7615dbbe7758083f28e31f091c906a9106f37a5e9,3302,62.0,40.0,physical_and_cut,-9.47319985811552e-07,-1.5665108701175796e-06,-7.02351085510256e-07,-3.0486090099018234e-07,-2.4496890030129595e-07,-1.2616499691273972e-06
1,1,loading,0.25,b2a85d84b4e459f734dfb2f7615dbbe7758083f28e31f091c906a9106f37a5e9,3303,63.0,40.0,cut_only,-0.0,-0.0,-0.0,-0.0,-0.0,-0.0
1,1,loading,0.25,b2a85d84b4e459f734dfb2f7615dbbe7758083f28e31f091c906a9106f37a5e9,3304,64.0,40.0,cut_only,-0.0,-0.0,-0.0,-0.0,-0.0,-0.0
1,1,loading,0.25,b2a85d84b4e459f734dfb2f7615dbbe7758083f28e31f091c906a9106f37a5e9,3305,65.0,40.0,cut_only,-0.0,-0.0,-0.0,-0.0,-0.0,-0.0
1,1,loading,0.25,b2a85d84b4e459f734dfb2f7615dbbe7758083f28e31f091c906a9106f37a5e9,3306,66.0,40.0,cut_only,-0.0,-0.0,-0.0,-0.0,-0.0,-0.0
1,1,loading,0.25,b2a85d84b4e459f734dfb2f7615dbbe7758083f28e31f091c906a9106f37a5e9,3307,67.0,40.0,cut_only,-0.0,-0.0,-0.0,-0.0,-0.0,-0.0
1,1,loading,0.25,b2a85d84b4e459f734dfb2f7615dbbe7758083f28e31f091c906a9106f37a5e9,3308,68.0,40.0,cut_only,-0.0,-0.0,-0.0,-0.0,-0.0,-0.0
1,1,loading,0.25,b2a85d84b4e459f734dfb2f7615dbbe7758083f28e31f091c906a9106f37a5e9,3309,69.0,40.0,cut_only,-0.0,-0.0,-0.0,-0.0,-0.0,-0.0
1,1,loading,0.25,b2a85d84b4e459f734dfb2f7615dbbe7758083f28e31f091c906a9106f37a5e9,3310,70.0,40.0,cut_only,-0.0,-0.0,-0.0,-0.0,-0.0,-0.0
1,1,loading,0.25,b2a85d84b4e459f734dfb2f7615dbbe7758083f28e31f091c906a9106f37a5e9,3311,71.0,40.0,cut_only,-0.0,-0.0,-0.0,-0.0,-0.0,-0.0
1,1,loading,0.25,b2a85d84b4e459f734dfb2f7615dbbe7758083f28e31f091c906a9106f37a5e9,3312,72.0,40.0,cut_only,-0.0,-0.0,-0.0,-0.0,-0.0,-0.0
1,1,loading,0.25,b2a85d84b4e459f734dfb2f7615dbbe7758083f28e31f091c906a9106f37a5e9,3313,73.0,40.0,cut_only,-0.0,-0.0,-0.0,-0.0,-0.0,-0.0
1,1,loading,0.25,b2a85d84b4e459f734dfb2f7615dbbe7758083f28e31f091c906a9106f37a5e9,3314,74.0,40.0,cut_only,-0.0,-0.0,-0.0,-0.0,-0.0,-0.0
1,1,loading,0.25,b2a85d84b4e459f734dfb2f7615dbbe7758083f28e31f091c906a9106f37a5e9,3315,75.0,40.0,cut_only,-0.0,-0.0,-0.0,-0.0,-0.0,-0.0
1,1,loading,0.25,b2a85d84b4e459f734dfb2f7615dbbe7758083f28e31f091c906a9106f37a5e9,3316,76.0,40.0,cut_only,-0.0,-0.0,-0.0,-0.0,-0.0,-0.0
1,1,loading,0.25,b2a85d84b4e459f734dfb2f7615dbbe7758083f28e31f091c906a9106f37a5e9,3317,77.0,40.0,cut_only,-0.0,-0.0,-0.0,-0.0,-0.0,-0.0
1,1,loading,0.25,b2a85d84b4e459f734dfb2f7615dbbe7758083f28e31f091c906a9106f37a5e9,3318,78.0,40.0,cut_only,-0.0,-0.0,-0.0,-0.0,-0.0,-0.0
1,1,loading,0.25,b2a85d84b4e459f734dfb2f7615dbbe7758083f28e31f091c906a9106f37a5e9,3319,79.0,40.0,cut_only,-0.0,-0.0,-0.0,-0.0,-0.0,-0.0
1,1,loading,0.25,b2a85d84b4e459f734dfb2f7615dbbe7758083f28e31f091c906a9106f37a5e9,3320,80.0,40.0,physical_and_cut,-0.0,-0.0,-0.0,-0.0,-0.0,-0.0
2,2,loading,0.5,f4c755a7ffec4255c3f1b18b9002dd1ac215ba6403a25d1897acd3a8c3d470a1,2573,62.0,31.0,physical_only,-0.00023540668495084047,7.70193495266846e-06,-3.515255912589801e-06,3.3619745593603718e-06,-0.00023189142903825067,4.339960393308098e-06
2,2,loading,0.5,f4c755a7ffec4255c3f1b18b9002dd1ac215ba6403a25d1897acd3a8c3d470a1,2574,63.0,31.0,physical_only,-1.5104271197607167e-06,-9.71882171819821e-06,-1.7426164249402027e-06,3.717309000586724e-06,2.32189305179486e-07,-1.343613071878493e-05
2,2,loading,0.5,f4c755a7ffec4255c3f1b18b9002dd1ac215ba6403a25d1897acd3a8c3d470a1,2575,64.0,31.0,physical_only,-8.773347719262132e-07,-1.219423574922083e-05,-1.762971353447733e-06,4.640328125892221e-06,8.8563658152152e-07,-1.683456387511306e-05
2,2,loading,0.5,f4c755a7ffec4255c3f1b18b9002dd1ac215ba6403a25d1897acd3a8c3d470a1,2576,65.0,31.0,physical_only,-8.455162032710999e-07,-1.536253869177613e-05,-1.7879997860589778e-06,5.629019946591351e-06,9.424835827878777e-07,-2.0991558638367488e-05
2,2,loading,0.5,f4c755a7ffec4255c3f1b18b9002dd1ac215ba6403a25d1897acd3a8c3d470a1,2577,66.0,31.0,physical_only,-1.2784942332948114e-06,-1.8288717467499323e-05,-1.8169194975502724e-06,6.698759573670923e-06,5.384252642554609e-07,-2.4987477041170234e-05
2,2,loading,0.5,f4c755a7ffec4255c3f1b18b9002dd1ac215ba6403a25d1897acd3a8c3d470a1,2578,67.0,31.0,physical_only,-1.768182738225141e-06,-2.0788607450947932e-05,-1.8476936621395891e-06,7.862056022466827e-06,7.951092391444805e-08,-2.865066347341479e-05
2,2,loading,0.5,f4c755a7ffec4255c3f1b18b9002dd1ac215ba6403a25d1897acd3a8c3d470a1,2579,68.0,31.0,physical_only,-1.8396912600806244e-06,-2.3413913563161332e-05,-1.8791898691092956e-06,9.129139338078432e-06,3.949860902867009e-08,-3.2543052901239734e-05
2,2,loading,0.5,f4c755a7ffec4255c3f1b18b9002dd1ac215ba6403a25d1897acd3a8c3d470a1,2580,69.0,31.0,physical_only,-1.9773091230802397e-06,-2.6475404822446757e-05,-1.911051682523593e-06,1.0510181225029784e-05,-6.625744055664664e-08,-3.6985586047476565e-05
2,2,loading,0.5,f4c755a7ffec4255c3f1b18b9002dd1ac215ba6403a25d1897acd3a8c3d470a1,2581,70.0,31.0,physical_only,-2.1508615750345645e-06,-2.977479244907499e-05,-1.943484991845562e-06,1.2016773932445442e-05,-2.073765831890029e-07,-4.179156638152041e-05
2,2,loading,0.5,f4c755a7ffec4255c3f1b18b9002dd1ac215ba6403a25d1897acd3a8c3d470a1,2582,71.0,31.0,physical_only,-2.370409281878586e-06,-3.328343413611264e-05,-1.976517413613977e-06,1.3662180693526486e-05,-3.938918682646083e-07,-4.694561482963914e-05
2,2,loading,0.5,f4c755a7ffec4255c3f1b18b9002dd1ac215ba6403a25d1897acd3a8c3d470a1,2583,72.0,31.0,physical_only,-2.6383959357111924e-06,-3.6958321967374386e-05,-2.0102077653366185e-06,1.5461458261681196e-05,-6.281881703745743e-07,-5.241978022905557e-05
2,2,loading,0.5,f4c755a7ffec4255c3f1b18b9002dd1ac215ba6403a25d1897acd3a8c3d470a1,2584,73.0,31.0,physical_only,-3.0512736301644304e-06,-4.04057903644317e-05,-2.044390129391907e-06,1.7431354214664025e-05,-1.0068835007725236e-06,-5.783714457909575e-05
2,2,loading,0.5,f4c755a7ffec4255c3f1b18b9002dd1ac215ba6403a25d1897acd3a8c3d470a1,2585,74.0,31.0,physical_only,-2.632794724287146e-06,-4.386352987334252e-05,-2.0793484803033833e-06,1.9590811597687832e-05,-5.534462439837621e-07,-6.345434147103039e-05
2,2,loading,0.5,f4c755a7ffec4255c3f1b18b9002dd1ac215ba6403a25d1897acd3a8c3d470a1,2586,75.0,31.0,physical_only,-1.5043420520245079e-06,-4.887804680080187e-05,-2.116342908522889e-06,2.1963631117802638e-05,6.120008564983806e-07,-7.084167791860448e-05
2,2,loading,0.5,f4c755a7ffec4255c3f1b18b9002dd1ac215ba6403a25d1897acd3a8c3d470a1,2587,76.0,31.0,physical_only,1.1413422487108418e-08,-5.7411980271613824e-05,-2.1583958565090797e-06,2.4584723616190833e-05,2.1698092789961878e-06,-8.199670388780468e-05
2,2,loading,0.5,f4c755a7ffec4255c3f1b18b9002dd1ac215ba6403a25d1897acd3a8c3d470a1,2588,77.0,31.0,physical_only,1.359824955474829e-07,-6.789589019705398e-05,-2.2077326619607055e-06,2.7504154343366754e-05,2.343715157508189e-06,-9.540004454042076e-05
2,2,loading,0.5,f4c755a7ffec4255c3f1b18b9002dd1ac215ba6403a25d1897acd3a8c3d470a1,2589,78.0,31.0,physical_only,-1.3802670083725657e-07,-7.89697423644424e-05,-2.2652769059839606e-06,3.078508731143887e-05,2.127250205146703e-06,-0.00010975482967588127
2,2,loading,0.5,f4c755a7ffec4255c3f1b18b9002dd1ac215ba6403a25d1897acd3a8c3d470a1,2590,79.0,31.0,physical_only,-6.685997246340407e-07,-8.616823588228426e-05,-2.3291869504362935e-06,3.449876606372446e-05,1.6605872258022532e-06,-0.00012066700194600876
2,2,loading,0.5,f4c755a7ffec4255c3f1b18b9002dd1ac215ba6403a25d1897acd3a8c3d470a1,2591,80.0,31.0,physical_only,-7.719827769919663e-06,0.0010332842340157393,3.791164397320317e-06,1.4553512269543158e-05,-1.1510992167239981e-05,0.0010187307217461963
2,2,loading,0.5,f4c755a7ffec4255c3f1b18b9002dd1ac215ba6403a25d1897acd3a8c3d470a1,2654,62.0,32.0,physical_only,-4.765894662584242e-06,-1.0603928982807325e-06,-2.2531263469043433e-06,1.1234773048161028e-07,-2.5127683156798975e-06,-1.1727406287623434e-06
2,2,loading,0.5,f4c755a7ffec4255c3f1b18b9002dd1ac215ba6403a25d1897acd3a8c3d470a1,2655,63.0,32.0,interior,-0.0,-0.0,-0.0,-0.0,-0.0,-0.0
2,2,loading,0.5,f4c755a7ffec4255c3f1b18b9002dd1ac215ba6403a25d1897acd3a8c3d470a1,2656,64.0,32.0,interior,-0.0,-0.0,-0.0,-0.0,-0.0,-0.0
2,2,loading,0.5,f4c755a7ffec4255c3f1b18b9002dd1ac215ba6403a25d1897acd3a8c3d470a1,2657,65.0,32.0,interior,-0.0,-0.0,-0.0,-0.0,-0.0,-0.0
2,2,loading,0.5,f4c755a7ffec4255c3f1b18b9002dd1ac215ba6403a25d1897acd3a8c3d470a1,2658,66.0,32.0,interior,-0.0,-0.0,-0.0,-0.0,-0.0,-0.0
2,2,loading,0.5,f4c755a7ffec4255c3f1b18b9002dd1ac215ba6403a25d1897acd3a8c3d470a1,2659,67.0,32.0,interior,-0.0,-0.0,-0.0,-0.0,-0.0,-0.0
2,2,loading,0.5,f4c755a7ffec4255c3f1b18b9002dd1ac215ba6403a25d1897acd3a8c3d470a1,2660,68.0,32.0,interior,-0.0,-0.0,-0.0,-0.0,-0.0,-0.0
2,2,loading,0.5,f4c755a7ffec4255c3f1b18b9002dd1ac215ba6403a25d1897acd3a8c3d470a1,2661,69.0,32.0,interior,-0.0,-0.0,-0.0,-0.0,-0.0,-0.0
2,2,loading,0.5,f4c755a7ffec4255c3f1b18b9002dd1ac215ba6403a25d1897acd3a8c3d470a1,2662,70.0,32.0,interior,-0.0,-0.0,-0.0,-0.0,-0.0,-0.0
2,2,loading,0.5,f4c755a7ffec4255c3f1b18b9002dd1ac215ba6403a25d1897acd3a8c3d470a1,2663,71.0,32.0,interior,-0.0,-0.0,-0.0,-0.0,-0.0,-0.0
2,2,loading,0.5,f4c755a7ffec4255c3f1b18b9002dd1ac215ba6403a25d1897acd3a8c3d470a1,2664,72.0,32.0,interior,-0.0,-0.0,-0.0,-0.0,-0.0,-0.0
2,2,loading,0.5,f4c755a7ffec4255c3f1b18b9002dd1ac215ba6403a25d1897acd3a8c3d470a1,2665,73.0,32.0,interior,-0.0,-0.0,-0.0,-0.0,-0.0,-0.0
2,2,loading,0.5,f4c755a7ffec4255c3f1b18b9002dd1ac215ba6403a25d1897acd3a8c3d470a1,2666,74.0,32.0,interior,-0.0,-0.0,-0.0,-0.0,-0.0,-0.0
2,2,loading,0.5,f4c755a7ffec4255c3f1b18b9002dd1ac215ba6403a25d1897acd3a8c3d470a1,2667,75.0,32.0,interior,-0.0,-0.0,-0.0,-0.0,-0.0,-0.0
2,2,loading,0.5,f4c755a7ffec4255c3f1b18b9002dd1ac215ba6403a25d1897acd3a8c3d470a1,2668,76.0,32.0,interior,-0.0,-0.0,-0.0,-0.0,-0.0,-0.0
2,2,loading,0.5,f4c755a7ffec4255c3f1b18b9002dd1ac215ba6403a25d1897acd3a8c3d470a1,2669,77.0,32.0,interior,-0.0,-0.0,-0.0,-0.0,-0.0,-0.0
2,2,loading,0.5,f4c755a7ffec4255c3f1b18b9002dd1ac215ba6403a25d1897acd3a8c3d470a1,2670,78.0,32.0,interior,-0.0,-0.0,-0.0,-0.0,-0.0,-0.0
2,2,loading,0.5,f4c755a7ffec4255c3f1b18b9002dd1ac215ba6403a25d1897acd3a8c3d470a1,2671,79.0,32.0,interior,-0.0,-0.0,-0.0,-0.0,-0.0,-0.0
2,2,loading,0.5,f4c755a7ffec4255c3f1b18b9002dd1ac215ba6403a25d1897acd3a8c3d470a1,2672,80.0,32.0,physical_only,-0.0,-0.0,-0.0,-0.0,-0.0,-0.0
2,2,loading,0.5,f4c755a7ffec4255c3f1b18b9002dd1ac215ba6403a25d1897acd3a8c3d470a1,2735,62.0,33.0,physical_only,-3.706388340804309e-06,-7.228120461697229e-07,-2.358238565694055e-06,8.784665514615228e-08,-1.3481497751102537e-06,-8.106587013158752e-07
2,2,loading,0.5,f4c755a7ffec4255c3f1b18b9002dd1ac215ba6403a25d1897acd3a8c3d470a1,2736,63.0,33.0,interior,-0.0,-0.0,-0.0,-0.0,-0.0,-0.0
2,2,loading,0.5,f4c755a7ffec4255c3f1b18b9002dd1ac215ba6403a25d1897acd3a8c3d470a1,2737,64.0,33.0,interior,-0.0,-0.0,-0.0,-0.0,-0.0,-0.0
2,2,loading,0.5,f4c755a7ffec4255c3f1b18b9002dd1ac215ba6403a25d1897acd3a8c3d470a1,2738,65.0,33.0,interior,-0.0,-0.0,-0.0,-0.0,-0.0,-0.0
2,2,loading,0.5,f4c755a7ffec4255c3f1b18b9002dd1ac215ba6403a25d1897acd3a8c3d470a1,2739,66.0,33.0,interior,-0.0,-0.0,-0.0,-0.0,-0.0,-0.0
2,2,loading,0.5,f4c755a7ffec4255c3f1b18b9002dd1ac215ba6403a25d1897acd3a8c3d470a1,2740,67.0,33.0,interior,-0.0,-0.0,-0.0,-0.0,-0.0,-0.0
2,2,loading,0.5,f4c755a7ffec4255c3f1b18b9002dd1ac215ba6403a25d1897acd3a8c3d470a1,2741,68.0,33.0,interior,-0.0,-0.0,-0.0,-0.0,-0.0,-0.0
2,2,loading,0.5,f4c755a7ffec4255c3f1b18b9002dd1ac215ba6403a25d1897acd3a8c3d470a1,2742,69.0,33.0,interior,-0.0,-0.0,-0.0,-0.0,-0.0,-0.0
2,2,loading,0.5,f4c755a7ffec4255c3f1b18b9002dd1ac215ba6403a25d1897acd3a8c3d470a1,2743,70.0,33.0,interior,-0.0,-0.0,-0.0,-0.0,-0.0,-0.0
2,2,loading,0.5,f4c755a7ffec4255c3f1b18b9002dd1ac215ba6403a25d1897acd3a8c3d470a1,2744,71.0,33.0,interior,-0.0,-0.0,-0.0,-0.0,-0.0,-0.0
2,2,loading,0.5,f4c755a7ffec4255c3f1b18b9002dd1ac215ba6403a25d1897acd3a8c3d470a1,2745,72.0,33.0,interior,-0.0,-0.0,-0.0,-0.0,-0.0,-0.0
2,2,loading,0.5,f4c755a7ffec4255c3f1b18b9002dd1ac215ba6403a25d1897acd3a8c3d470a1,2746,73.0,33.0,interior,-0.0,-0.0,-0.0,-0.0,-0.0,-0.0
2,2,loading,0.5,f4c755a7ffec4255c3f1b18b9002dd1ac215ba6403a25d1897acd3a8c3d470a1,2747,74.0,33.0,interior,-0.0,-0.0,-0.0,-0.0,-0.0,-0.0
2,2,loading,0.5,f4c755a7ffec4255c3f1b18b9002dd1ac215ba6403a25d1897acd3a8c3d470a1,2748,75.0,33.0,interior,-0.0,-0.0,-0.0,-0.0,-0.0,-0.0
2,2,loading,0.5,f4c755a7ffec4255c3f1b18b9002dd1ac215ba6403a25d1897acd3a8c3d470a1,2749,76.0,33.0,interior,-0.0,-0.0,-0.0,-0.0,-0.0,-0.0
2,2,loading,0.5,f4c755a7ffec4255c3f1b18b9002dd1ac215ba6403a25d1897acd3a8c3d470a1,2750,77.0,33.0,interior,-0.0,-0.0,-0.0,-0.0,-0.0,-0.0
2,2,loading,0.5,f4c755a7ffec4255c3f1b18b9002dd1ac215ba6403a25d1897acd3a8c3d470a1,2751,78.0,33.0,interior,-0.0,-0.0,-0.0,-0.0,-0.0,-0.0
2,2,loading,0.5,f4c755a7ffec4255c3f1b18b9002dd1ac215ba6403a25d1897acd3a8c3d470a1,2752,79.0,33.0,interior,-0.0,-0.0,-0.0,-0.0,-0.0,-0.0
2,2,loading,0.5,f4c755a7ffec4255c3f1b18b9002dd1ac215ba6403a25d1897acd3a8c3d470a1,2753,80.0,33.0,physical_only,-0.0,-0.0,-0.0,-0.0,-0.0,-0.0
2,2,loading,0.5,f4c755a7ffec4255c3f1b18b9002dd1ac215ba6403a25d1897acd3a8c3d470a1,2816,62.0,34.0,physical_only,-3.2229562093111145e-06,-3.355867935119635e-07,-2.439269441211958e-06,7.171960073938156e-08,-7.836867680991571e-07,-4.073063942513452e-07
2,2,loading,0.5,f4c755a7ffec4255c3f1b18b9002dd1ac215ba6403a25d1897acd3a8c3d470a1,2817,63.0,34.0,interior,-0.0,-0.0,-0.0,-0.0,-0.0,-0.0
2,2,loading,0.5,f4c755a7ffec4255c3f1b18b9002dd1ac215ba6403a25d1897acd3a8c3d470a1,2818,64.0,34.0,interior,-0.0,-0.0,-0.0,-0.0,-0.0,-0.0
2,2,loading,0.5,f4c755a7ffec4255c3f1b18b9002dd1ac215ba6403a25d1897acd3a8c3d470a1,2819,65.0,34.0,interior,-0.0,-0.0,-0.0,-0.0,-0.0,-0.0
2,2,loading,0.5,f4c755a7ffec4255c3f1b18b9002dd1ac215ba6403a25d1897acd3a8c3d470a1,2820,66.0,34.0,interior,-0.0,-0.0,-0.0,-0.0,-0.0,-0.0
2,2,loading,0.5,f4c755a7ffec4255c3f1b18b9002dd1ac215ba6403a25d1897acd3a8c3d470a1,2821,67.0,34.0,interior,-0.0,-0.0,-0.0,-0.0,-0.0,-0.0
2,2,loading,0.5,f4c755a7ffec4255c3f1b18b9002dd1ac215ba6403a25d1897acd3a8c3d470a1,2822,68.0,34.0,interior,-0.0,-0.0,-0.0,-0.0,-0.0,-0.0
2,2,loading,0.5,f4c755a7ffec4255c3f1b18b9002dd1ac215ba6403a25d1897acd3a8c3d470a1,2823,69.0,34.0,interior,-0.0,-0.0,-0.0,-0.0,-0.0,-0.0
2,2,loading,0.5,f4c755a7ffec4255c3f1b18b9002dd1ac215ba6403a25d1897acd3a8c3d470a1,2824,70.0,34.0,interior,-0.0,-0.0,-0.0,-0.0,-0.0,-0.0
2,2,loading,0.5,f4c755a7ffec4255c3f1b18b9002dd1ac215ba6403a25d1897acd3a8c3d470a1,2825,71.0,34.0,interior,-0.0,-0.0,-0.0,-0.0,-0.0,-0.0
2,2,loading,0.5,f4c755a7ffec4255c3f1b18b9002dd1ac215ba6403a25d1897acd3a8c3d470a1,2826,72.0,34.0,interior,-0.0,-0.0,-0.0,-0.0,-0.0,-0.0
2,2,loading,0.5,f4c755a7ffec4255c3f1b18b9002dd1ac215ba6403a25d1897acd3a8c3d470a1,2827,73.0,34.0,interior,-0.0,-0.0,-0.0,-0.0,-0.0,-0.0
2,2,loading,0.5,f4c755a7ffec4255c3f1b18b9002dd1ac215ba6403a25d1897acd3a8c3d470a1,2828,74.0,34.0,interior,-0.0,-0.0,-0.0,-0.0,-0.0,-0.0
2,2,loading,0.5,f4c755a7ffec4255c3f1b18b9002dd1ac215ba6403a25d1897acd3a8c3d470a1,2829,75.0,34.0,interior,-0.0,-0.0,-0.0,-0.0,-0.0,-0.0
2,2,loading,0.5,f4c755a7ffec4255c3f1b18b9002dd1ac215ba6403a25d1897acd3a8c3d470a1,2830,76.0,34.0,interior,-0.0,-0.0,-0.0,-0.0,-0.0,-0.0
2,2,loading,0.5,f4c755a7ffec4255c3f1b18b9002dd1ac215ba6403a25d1897acd3a8c3d470a1,2831,77.0,34.0,interior,-0.0,-0.0,-0.0,-0.0,-0.0,-0.0
2,2,loading,0.5,f4c755a7ffec4255c3f1b18b9002dd1ac215ba6403a25d1897acd3a8c3d470a1,2832,78.0,34.0,interior,-0.0,-0.0,-0.0,-0.0,-0.0,-0.0
2,2,loading,0.5,f4c755a7ffec4255c3f1b18b9002dd1ac215ba6403a25d1897acd3a8c3d470a1,2833,79.0,34.0,interior,-0.0,-0.0,-0.0,-0.0,-0.0,-0.0
2,2,loading,0.5,f4c755a7ffec4255c3f1b18b9002dd1ac215ba6403a25d1897acd3a8c3d470a1,2834,80.0,34.0,physical_only,-0.0,-0.0,-0.0,-0.0,-0.0,-0.0
2,2,loading,0.5,f4c755a7ffec4255c3f1b18b9002dd1ac215ba6403a25d1897acd3a8c3d470a1,2897,62.0,35.0,physical_only,-3.1051574789315207e-06,-3.2037798703117147e-08,-2.5052168126559726e-06,5.992939534717822e-08,-5.999406662755482e-07,-9.196719405029526e-08
2,2,loading,0.5,f4c755a7ffec4255c3f1b18b9002dd1ac215ba6403a25d1897acd3a8c3d470a1,2898,63.0,35.0,interior,-0.0,-0.0,-0.0,-0.0,-0.0,-0.0
2,2,loading,0.5,f4c755a7ffec4255c3f1b18b9002dd1ac215ba6403a25d1897acd3a8c3d470a1,2899,64.0,35.0,interior,-0.0,-0.0,-0.0,-0.0,-0.0,-0.0
2,2,loading,0.5,f4c755a7ffec4255c3f1b18b9002dd1ac215ba6403a25d1897acd3a8c3d470a1,2900,65.0,35.0,interior,-0.0,-0.0,-0.0,-0.0,-0.0,-0.0
2,2,loading,0.5,f4c755a7ffec4255c3f1b18b9002dd1ac215ba6403a25d1897acd3a8c3d470a1,2901,66.0,35.0,interior,-0.0,-0.0,-0.0,-0.0,-0.0,-0.0
2,2,loading,0.5,f4c755a7ffec4255c3f1b18b9002dd1ac215ba6403a25d1897acd3a8c3d470a1,2902,67.0,35.0,interior,-0.0,-0.0,-0.0,-0.0,-0.0,-0.0
2,2,loading,0.5,f4c755a7ffec4255c3f1b18b9002dd1ac215ba6403a25d1897acd3a8c3d470a1,2903,68.0,35.0,interior,-0.0,-0.0,-0.0,-0.0,-0.0,-0.0
2,2,loading,0.5,f4c755a7ffec4255c3f1b18b9002dd1ac215ba6403a25d1897acd3a8c3d470a1,2904,69.0,35.0,interior,-0.0,-0.0,-0.0,-0.0,-0.0,-0.0
2,2,loading,0.5,f4c755a7ffec4255c3f1b18b9002dd1ac215ba6403a25d1897acd3a8c3d470a1,2905,70.0,35.0,interior,-0.0,-0.0,-0.0,-0.0,-0.0,-0.0
2,2,loading,0.5,f4c755a7ffec4255c3f1b18b9002dd1ac215ba6403a25d1897acd3a8c3d470a1,2906,71.0,35.0,interior,-0.0,-0.0,-0.0,-0.0,-0.0,-0.0
2,2,loading,0.5,f4c755a7ffec4255c3f1b18b9002dd1ac215ba6403a25d1897acd3a8c3d470a1,2907,72.0,35.0,interior,-0.0,-0.0,-0.0,-0.0,-0.0,-0.0
2,2,loading,0.5,f4c755a7ffec4255c3f1b18b9002dd1ac215ba6403a25d1897acd3a8c3d470a1,2908,73.0,35.0,interior,-0.0,-0.0,-0.0,-0.0,-0.0,-0.0
2,2,loading,0.5,f4c755a7ffec4255c3f1b18b9002dd1ac215ba6403a25d1897acd3a8c3d470a1,2909,74.0,35.0,interior,-0.0,-0.0,-0.0,-0.0,-0.0,-0.0
2,2,loading,0.5,f4c755a7ffec4255c3f1b18b9002dd1ac215ba6403a25d1897acd3a8c3d470a1,2910,75.0,35.0,interior,-0.0,-0.0,-0.0,-0.0,-0.0,-0.0
2,2,loading,0.5,f4c755a7ffec4255c3f1b18b9002dd1ac215ba6403a25d1897acd3a8c3d470a1,2911,76.0,35.0,interior,-0.0,-0.0,-0.0,-0.0,-0.0,-0.0
2,2,loading,0.5,f4c755a7ffec4255c3f1b18b9002dd1ac215ba6403a25d1897acd3a8c3d470a1,2912,77.0,35.0,interior,-0.0,-0.0,-0.0,-0.0,-0.0,-0.0
2,2,loading,0.5,f4c755a7ffec4255c3f1b18b9002dd1ac215ba6403a25d1897acd3a8c3d470a1,2913,78.0,35.0,interior,-0.0,-0.0,-0.0,-0.0,-0.0,-0.0
2,2,loading,0.5,f4c755a7ffec4255c3f1b18b9002dd1ac215ba6403a25d1897acd3a8c3d470a1,2914,79.0,35.0,interior,-0.0,-0.0,-0.0,-0.0,-0.0,-0.0
2,2,loading,0.5,f4c755a7ffec4255c3f1b18b9002dd1ac215ba6403a25d1897acd3a8c3d470a1,2915,80.0,35.0,physical_only,-0.0,-0.0,-0.0,-0.0,-0.0,-0.0
2,2,loading,0.5,f4c755a7ffec4255c3f1b18b9002dd1ac215ba6403a25d1897acd3a8c3d470a1,2978,62.0,36.0,physical_only,-3.181082181004002e-06,1.276882508809456e-07,-2.559878595788798e-06,4.946248826158473e-08,-6.212035852152042e-07,7.822576261936088e-08
2,2,loading,0.5,f4c755a7ffec4255c3f1b18b9002dd1ac215ba6403a25d1897acd3a8c3d470a1,2979,63.0,36.0,interior,-0.0,-0.0,-0.0,-0.0,-0.0,-0.0
2,2,loading,0.5,f4c755a7ffec4255c3f1b18b9002dd1ac215ba6403a25d1897acd3a8c3d470a1,2980,64.0,36.0,interior,-0.0,-0.0,-0.0,-0.0,-0.0,-0.0
2,2,loading,0.5,f4c755a7ffec4255c3f1b18b9002dd1ac215ba6403a25d1897acd3a8c3d470a1,2981,65.0,36.0,interior,-0.0,-0.0,-0.0,-0.0,-0.0,-0.0
2,2,loading,0.5,f4c755a7ffec4255c3f1b18b9002dd1ac215ba6403a25d1897acd3a8c3d470a1,2982,66.0,36.0,interior,-0.0,-0.0,-0.0,-0.0,-0.0,-0.0
2,2,loading,0.5,f4c755a7ffec4255c3f1b18b9002dd1ac215ba6403a25d1897acd3a8c3d470a1,2983,67.0,36.0,interior,-0.0,-0.0,-0.0,-0.0,-0.0,-0.0
2,2,loading,0.5,f4c755a7ffec4255c3f1b18b9002dd1ac215ba6403a25d1897acd3a8c3d470a1,2984,68.0,36.0,interior,-0.0,-0.0,-0.0,-0.0,-0.0,-0.0
2,2,loading,0.5,f4c755a7ffec4255c3f1b18b9002dd1ac215ba6403a25d1897acd3a8c3d470a1,2985,69.0,36.0,interior,-0.0,-0.0,-0.0,-0.0,-0.0,-0.0
2,2,loading,0.5,f4c755a7ffec4255c3f1b18b9002dd1ac215ba6403a25d1897acd3a8c3d470a1,2986,70.0,36.0,interior,-0.0,-0.0,-0.0,-0.0,-0.0,-0.0
2,2,loading,0.5,f4c755a7ffec4255c3f1b18b9002dd1ac215ba6403a25d1897acd3a8c3d470a1,2987,71.0,36.0,interior,-0.0,-0.0,-0.0,-0.0,-0.0,-0.0
2,2,loading,0.5,f4c755a7ffec4255c3f1b18b9002dd1ac215ba6403a25d1897acd3a8c3d470a1,2988,72.0,36.0,interior,-0.0,-0.0,-0.0,-0.0,-0.0,-0.0
2,2,loading,0.5,f4c755a7ffec4255c3f1b18b9002dd1ac215ba6403a25d1897acd3a8c3d470a1,2989,73.0,36.0,interior,-0.0,-0.0,-0.0,-0.0,-0.0,-0.0
2,2,loading,0.5,f4c755a7ffec4255c3f1b18b9002dd1ac215ba6403a25d1897acd3a8c3d470a1,2990,74.0,36.0,interior,-0.0,-0.0,-0.0,-0.0,-0.0,-0.0
2,2,loading,0.5,f4c755a7ffec4255c3f1b18b9002dd1ac215ba6403a25d1897acd3a8c3d470a1,2991,75.0,36.0,interior,-0.0,-0.0,-0.0,-0.0,-0.0,-0.0
2,2,loading,0.5,f4c755a7ffec4255c3f1b18b9002dd1ac215ba6403a25d1897acd3a8c3d470a1,2992,76.0,36.0,interior,-0.0,-0.0,-0.0,-0.0,-0.0,-0.0
2,2,loading,0.5,f4c755a7ffec4255c3f1b18b9002dd1ac215ba6403a25d1897acd3a8c3d470a1,2993,77.0,36.0,interior,-0.0,-0.0,-0.0,-0.0,-0.0,-0.0
2,2,loading,0.5,f4c755a7ffec4255c3f1b18b9002dd1ac215ba6403a25d1897acd3a8c3d470a1,2994,78.0,36.0,interior,-0.0,-0.0,-0.0,-0.0,-0.0,-0.0
2,2,loading,0.5,f4c755a7ffec4255c3f1b18b9002dd1ac215ba6403a25d1897acd3a8c3d470a1,2995,79.0,36.0,interior,-0.0,-0.0,-0.0,-0.0,-0.0,-0.0
2,2,loading,0.5,f4c755a7ffec4255c3f1b18b9002dd1ac215ba6403a25d1897acd3a8c3d470a1,2996,80.0,36.0,physical_only,-0.0,-0.0,-0.0,-0.0,-0.0,-0.0
2,2,loading,0.5,f4c755a7ffec4255c3f1b18b9002dd1ac215ba6403a25d1897acd3a8c3d470a1,3059,62.0,37.0,physical_only,-3.3100687143725425e-06,1.7160719863407874e-07,-2.6038919166809366e-06,3.853933606550974e-08,-7.061767976916068e-07,1.330678625685691e-07
2,2,loading,0.5,f4c755a7ffec4255c3f1b18b9002dd1ac215ba6403a25d1897acd3a8c3d470a1,3060,63.0,37.0,interior,-0.0,-0.0,-0.0,-0.0,-0.0,-0.0
2,2,loading,0.5,f4c755a7ffec4255c3f1b18b9002dd1ac215ba6403a25d1897acd3a8c3d470a1,3061,64.0,37.0,interior,-0.0,-0.0,-0.0,-0.0,-0.0,-0.0
2,2,loading,0.5,f4c755a7ffec4255c3f1b18b9002dd1ac215ba6403a25d1897acd3a8c3d470a1,3062,65.0,37.0,interior,-0.0,-0.0,-0.0,-0.0,-0.0,-0.0
2,2,loading,0.5,f4c755a7ffec4255c3f1b18b9002dd1ac215ba6403a25d1897acd3a8c3d470a1,3063,66.0,37.0,interior,-0.0,-0.0,-0.0,-0.0,-0.0,-0.0
2,2,loading,0.5,f4c755a7ffec4255c3f1b18b9002dd1ac215ba6403a25d1897acd3a8c3d470a1,3064,67.0,37.0,interior,-0.0,-0.0,-0.0,-0.0,-0.0,-0.0
2,2,loading,0.5,f4c755a7ffec4255c3f1b18b9002dd1ac215ba6403a25d1897acd3a8c3d470a1,3065,68.0,37.0,interior,-0.0,-0.0,-0.0,-0.0,-0.0,-0.0
2,2,loading,0.5,f4c755a7ffec4255c3f1b18b9002dd1ac215ba6403a25d1897acd3a8c3d470a1,3066,69.0,37.0,interior,-0.0,-0.0,-0.0,-0.0,-0.0,-0.0
2,2,loading,0.5,f4c755a7ffec4255c3f1b18b9002dd1ac215ba6403a25d1897acd3a8c3d470a1,3067,70.0,37.0,interior,-0.0,-0.0,-0.0,-0.0,-0.0,-0.0
2,2,loading,0.5,f4c755a7ffec4255c3f1b18b9002dd1ac215ba6403a25d1897acd3a8c3d470a1,3068,71.0,37.0,interior,-0.0,-0.0,-0.0,-0.0,-0.0,-0.0
2,2,loading,0.5,f4c755a7ffec4255c3f1b18b9002dd1ac215ba6403a25d1897acd3a8c3d470a1,3069,72.0,37.0,interior,-0.0,-0.0,-0.0,-0.0,-0.0,-0.0
2,2,loading,0.5,f4c755a7ffec4255c3f1b18b9002dd1ac215ba6403a25d1897acd3a8c3d470a1,3070,73.0,37.0,interior,-0.0,-0.0,-0.0,-0.0,-0.0,-0.0
2,2,loading,0.5,f4c755a7ffec4255c3f1b18b9002dd1ac215ba6403a25d1897acd3a8c3d470a1,3071,74.0,37.0,interior,-0.0,-0.0,-0.0,-0.0,-0.0,-0.0
2,2,loading,0.5,f4c755a7ffec4255c3f1b18b9002dd1ac215ba6403a25d1897acd3a8c3d470a1,3072,75.0,37.0,interior,-0.0,-0.0,-0.0,-0.0,-0.0,-0.0
2,2,loading,0.5,f4c755a7ffec4255c3f1b18b9002dd1ac215ba6403a25d1897acd3a8c3d470a1,3073,76.0,37.0,interior,-0.0,-0.0,-0.0,-0.0,-0.0,-0.0
2,2,loading,0.5,f4c755a7ffec4255c3f1b18b9002dd1ac215ba6403a25d1897acd3a8c3d470a1,3074,77.0,37.0,interior,-0.0,-0.0,-0.0,-0.0,-0.0,-0.0
2,2,loading,0.5,f4c755a7ffec4255c3f1b18b9002dd1ac215ba6403a25d1897acd3a8c3d470a1,3075,78.0,37.0,interior,-0.0,-0.0,-0.0,-0.0,-0.0,-0.0
2,2,loading,0.5,f4c755a7ffec4255c3f1b18b9002dd1ac215ba6403a25d1897acd3a8c3d470a1,3076,79.0,37.0,interior,-0.0,-0.0,-0.0,-0.0,-0.0,-0.0
2,2,loading,0.5,f4c755a7ffec4255c3f1b18b9002dd1ac215ba6403a25d1897acd3a8c3d470a1,3077,80.0,37.0,physical_only,-0.0,-0.0,-0.0,-0.0,-0.0,-0.0
2,2,loading,0.5,f4c755a7ffec4255c3f1b18b9002dd1ac215ba6403a25d1897acd3a8c3d470a1,3140,62.0,38.0,physical_only,-3.422076037918312e-06,1.4185002799991134e-07,-2.6364559424286954e-06,2.6539854781805717e-08,-7.856200954896163e-07,1.1531017321810562e-07
2,2,loading,0.5,f4c755a7ffec4255c3f1b18b9002dd1ac215ba6403a25d1897acd3a8c3d470a1,3141,63.0,38.0,interior,-0.0,-0.0,-0.0,-0.0,-0.0,-0.0
2,2,loading,0.5,f4c755a7ffec4255c3f1b18b9002dd1ac215ba6403a25d1897acd3a8c3d470a1,3142,64.0,38.0,interior,-0.0,-0.0,-0.0,-0.0,-0.0,-0.0
2,2,loading,0.5,f4c755a7ffec4255c3f1b18b9002dd1ac215ba6403a25d1897acd3a8c3d470a1,3143,65.0,38.0,interior,-0.0,-0.0,-0.0,-0.0,-0.0,-0.0
2,2,loading,0.5,f4c755a7ffec4255c3f1b18b9002dd1ac215ba6403a25d1897acd3a8c3d470a1,3144,66.0,38.0,interior,-0.0,-0.0,-0.0,-0.0,-0.0,-0.0
2,2,loading,0.5,f4c755a7ffec4255c3f1b18b9002dd1ac215ba6403a25d1897acd3a8c3d470a1,3145,67.0,38.0,interior,-0.0,-0.0,-0.0,-0.0,-0.0,-0.0
2,2,loading,0.5,f4c755a7ffec4255c3f1b18b9002dd1ac215ba6403a25d1897acd3a8c3d470a1,3146,68.0,38.0,interior,-0.0,-0.0,-0.0,-0.0,-0.0,-0.0
2,2,loading,0.5,f4c755a7ffec4255c3f1b18b9002dd1ac215ba6403a25d1897acd3a8c3d470a1,3147,69.0,38.0,interior,-0.0,-0.0,-0.0,-0.0,-0.0,-0.0
2,2,loading,0.5,f4c755a7ffec4255c3f1b18b9002dd1ac215ba6403a25d1897acd3a8c3d470a1,3148,70.0,38.0,interior,-0.0,-0.0,-0.0,-0.0,-0.0,-0.0
2,2,loading,0.5,f4c755a7ffec4255c3f1b18b9002dd1ac215ba6403a25d1897acd3a8c3d470a1,3149,71.0,38.0,interior,-0.0,-0.0,-0.0,-0.0,-0.0,-0.0
2,2,loading,0.5,f4c755a7ffec4255c3f1b18b9002dd1ac215ba6403a25d1897acd3a8c3d470a1,3150,72.0,38.0,interior,-0.0,-0.0,-0.0,-0.0,-0.0,-0.0
2,2,loading,0.5,f4c755a7ffec4255c3f1b18b9002dd1ac215ba6403a25d1897acd3a8c3d470a1,3151,73.0,38.0,interior,-0.0,-0.0,-0.0,-0.0,-0.0,-0.0
2,2,loading,0.5,f4c755a7ffec4255c3f1b18b9002dd1ac215ba6403a25d1897acd3a8c3d470a1,3152,74.0,38.0,interior,-0.0,-0.0,-0.0,-0.0,-0.0,-0.0
2,2,loading,0.5,f4c755a7ffec4255c3f1b18b9002dd1ac215ba6403a25d1897acd3a8c3d470a1,3153,75.0,38.0,interior,-0.0,-0.0,-0.0,-0.0,-0.0,-0.0
2,2,loading,0.5,f4c755a7ffec4255c3f1b18b9002dd1ac215ba6403a25d1897acd3a8c3d470a1,3154,76.0,38.0,interior,-0.0,-0.0,-0.0,-0.0,-0.0,-0.0
2,2,loading,0.5,f4c755a7ffec4255c3f1b18b9002dd1ac215ba6403a25d1897acd3a8c3d470a1,3155,77.0,38.0,interior,-0.0,-0.0,-0.0,-0.0,-0.0,-0.0
2,2,loading,0.5,f4c755a7ffec4255c3f1b18b9002dd1ac215ba6403a25d1897acd3a8c3d470a1,3156,78.0,38.0,interior,-0.0,-0.0,-0.0,-0.0,-0.0,-0.0
2,2,loading,0.5,f4c755a7ffec4255c3f1b18b9002dd1ac215ba6403a25d1897acd3a8c3d470a1,3157,79.0,38.0,interior,-0.0,-0.0,-0.0,-0.0,-0.0,-0.0
2,2,loading,0.5,f4c755a7ffec4255c3f1b18b9002dd1ac215ba6403a25d1897acd3a8c3d470a1,3158,80.0,38.0,physical_only,-0.0,-0.0,-0.0,-0.0,-0.0,-0.0
2,2,loading,0.5,f4c755a7ffec4255c3f1b18b9002dd1ac215ba6403a25d1897acd3a8c3d470a1,3221,62.0,39.0,physical_only,-3.490465214973562e-06,7.679687272730138e-08,-2.6565073213823635e-06,1.354845757519506e-08,-8.339578935911987e-07,6.324841515210643e-08
2,2,loading,0.5,f4c755a7ffec4255c3f1b18b9002dd1ac215ba6403a25d1897acd3a8c3d470a1,3222,63.0,39.0,interior,-0.0,-0.0,-0.0,-0.0,-0.0,-0.0
2,2,loading,0.5,f4c755a7ffec4255c3f1b18b9002dd1ac215ba6403a25d1897acd3a8c3d470a1,3223,64.0,39.0,interior,-0.0,-0.0,-0.0,-0.0,-0.0,-0.0
2,2,loading,0.5,f4c755a7ffec4255c3f1b18b9002dd1ac215ba6403a25d1897acd3a8c3d470a1,3224,65.0,39.0,interior,-0.0,-0.0,-0.0,-0.0,-0.0,-0.0
2,2,loading,0.5,f4c755a7ffec4255c3f1b18b9002dd1ac215ba6403a25d1897acd3a8c3d470a1,3225,66.0,39.0,interior,-0.0,-0.0,-0.0,-0.0,-0.0,-0.0
2,2,loading,0.5,f4c755a7ffec4255c3f1b18b9002dd1ac215ba6403a25d1897acd3a8c3d470a1,3226,67.0,39.0,interior,-0.0,-0.0,-0.0,-0.0,-0.0,-0.0
2,2,loading,0.5,f4c755a7ffec4255c3f1b18b9002dd1ac215ba6403a25d1897acd3a8c3d470a1,3227,68.0,39.0,interior,-0.0,-0.0,-0.0,-0.0,-0.0,-0.0
2,2,loading,0.5,f4c755a7ffec4255c3f1b18b9002dd1ac215ba6403a25d1897acd3a8c3d470a1,3228,69.0,39.0,interior,-0.0,-0.0,-0.0,-0.0,-0.0,-0.0
2,2,loading,0.5,f4c755a7ffec4255c3f1b18b9002dd1ac215ba6403a25d1897acd3a8c3d470a1,3229,70.0,39.0,interior,-0.0,-0.0,-0.0,-0.0,-0.0,-0.0
2,2,loading,0.5,f4c755a7ffec4255c3f1b18b9002dd1ac215ba6403a25d1897acd3a8c3d470a1,3230,71.0,39.0,interior,-0.0,-0.0,-0.0,-0.0,-0.0,-0.0
2,2,loading,0.5,f4c755a7ffec4255c3f1b18b9002dd1ac215ba6403a25d1897acd3a8c3d470a1,3231,72.0,39.0,interior,-0.0,-0.0,-0.0,-0.0,-0.0,-0.0
2,2,loading,0.5,f4c755a7ffec4255c3f1b18b9002dd1ac215ba6403a25d1897acd3a8c3d470a1,3232,73.0,39.0,interior,-0.0,-0.0,-0.0,-0.0,-0.0,-0.0
2,2,loading,0.5,f4c755a7ffec4255c3f1b18b9002dd1ac215ba6403a25d1897acd3a8c3d470a1,3233,74.0,39.0,interior,-0.0,-0.0,-0.0,-0.0,-0.0,-0.0
2,2,loading,0.5,f4c755a7ffec4255c3f1b18b9002dd1ac215ba6403a25d1897acd3a8c3d470a1,3234,75.0,39.0,interior,-0.0,-0.0,-0.0,-0.0,-0.0,-0.0
2,2,loading,0.5,f4c755a7ffec4255c3f1b18b9002dd1ac215ba6403a25d1897acd3a8c3d470a1,3235,76.0,39.0,interior,-0.0,-0.0,-0.0,-0.0,-0.0,-0.0
2,2,loading,0.5,f4c755a7ffec4255c3f1b18b9002dd1ac215ba6403a25d1897acd3a8c3d470a1,3236,77.0,39.0,interior,-0.0,-0.0,-0.0,-0.0,-0.0,-0.0
2,2,loading,0.5,f4c755a7ffec4255c3f1b18b9002dd1ac215ba6403a25d1897acd3a8c3d470a1,3237,78.0,39.0,interior,-0.0,-0.0,-0.0,-0.0,-0.0,-0.0
2,2,loading,0.5,f4c755a7ffec4255c3f1b18b9002dd1ac215ba6403a25d1897acd3a8c3d470a1,3238,79.0,39.0,interior,-0.0,-0.0,-0.0,-0.0,-0.0,-0.0
2,2,loading,0.5,f4c755a7ffec4255c3f1b18b9002dd1ac215ba6403a25d1897acd3a8c3d470a1,3239,80.0,39.0,physical_only,-0.0,-0.0,-0.0,-0.0,-0.0,-0.0
2,2,loading,0.5,f4c755a7ffec4255c3f1b18b9002dd1ac215ba6403a25d1897acd3a8c3d470a1,3302,62.0,40.0,physical_and_cut,-1.7563427521651796e-06,-2.127858900560077e-06,-1.331640214048025e-06,-5.903592517273065e-07,-4.247025381171547e-07,-1.5374996488327703e-06
2,2,loading,0.5,f4c755a7ffec4255c3f1b18b9002dd1ac215ba6403a25d1897acd3a8c3d470a1,3303,63.0,40.0,cut_only,-0.0,-0.0,-0.0,-0.0,-0.0,-0.0
2,2,loading,0.5,f4c755a7ffec4255c3f1b18b9002dd1ac215ba6403a25d1897acd3a8c3d470a1,3304,64.0,40.0,cut_only,-0.0,-0.0,-0.0,-0.0,-0.0,-0.0
2,2,loading,0.5,f4c755a7ffec4255c3f1b18b9002dd1ac215ba6403a25d1897acd3a8c3d470a1,3305,65.0,40.0,cut_only,-0.0,-0.0,-0.0,-0.0,-0.0,-0.0
2,2,loading,0.5,f4c755a7ffec4255c3f1b18b9002dd1ac215ba6403a25d1897acd3a8c3d470a1,3306,66.0,40.0,cut_only,-0.0,-0.0,-0.0,-0.0,-0.0,-0.0
2,2,loading,0.5,f4c755a7ffec4255c3f1b18b9002dd1ac215ba6403a25d1897acd3a8c3d470a1,3307,67.0,40.0,cut_only,-0.0,-0.0,-0.0,-0.0,-0.0,-0.0
2,2,loading,0.5,f4c755a7ffec4255c3f1b18b9002dd1ac215ba6403a25d1897acd3a8c3d470a1,3308,68.0,40.0,cut_only,-0.0,-0.0,-0.0,-0.0,-0.0,-0.0
2,2,loading,0.5,f4c755a7ffec4255c3f1b18b9002dd1ac215ba6403a25d1897acd3a8c3d470a1,3309,69.0,40.0,cut_only,-0.0,-0.0,-0.0,-0.0,-0.0,-0.0
2,2,loading,0.5,f4c755a7ffec4255c3f1b18b9002dd1ac215ba6403a25d1897acd3a8c3d470a1,3310,70.0,40.0,cut_only,-0.0,-0.0,-0.0,-0.0,-0.0,-0.0
2,2,loading,0.5,f4c755a7ffec4255c3f1b18b9002dd1ac215ba6403a25d1897acd3a8c3d470a1,3311,71.0,40.0,cut_only,-0.0,-0.0,-0.0,-0.0,-0.0,-0.0
2,2,loading,0.5,f4c755a7ffec4255c3f1b18b9002dd1ac215ba6403a25d1897acd3a8c3d470a1,3312,72.0,40.0,cut_only,-0.0,-0.0,-0.0,-0.0,-0.0,-0.0
2,2,loading,0.5,f4c755a7ffec4255c3f1b18b9002dd1ac215ba6403a25d1897acd3a8c3d470a1,3313,73.0,40.0,cut_only,-0.0,-0.0,-0.0,-0.0,-0.0,-0.0
2,2,loading,0.5,f4c755a7ffec4255c3f1b18b9002dd1ac215ba6403a25d1897acd3a8c3d470a1,3314,74.0,40.0,cut_only,-0.0,-0.0,-0.0,-0.0,-0.0,-0.0
2,2,loading,0.5,f4c755a7ffec4255c3f1b18b9002dd1ac215ba6403a25d1897acd3a8c3d470a1,3315,75.0,40.0,cut_only,-0.0,-0.0,-0.0,-0.0,-0.0,-0.0
2,2,loading,0.5,f4c755a7ffec4255c3f1b18b9002dd1ac215ba6403a25d1897acd3a8c3d470a1,3316,76.0,40.0,cut_only,-0.0,-0.0,-0.0,-0.0,-0.0,-0.0
2,2,loading,0.5,f4c755a7ffec4255c3f1b18b9002dd1ac215ba6403a25d1897acd3a8c3d470a1,3317,77.0,40.0,cut_only,-0.0,-0.0,-0.0,-0.0,-0.0,-0.0
2,2,loading,0.5,f4c755a7ffec4255c3f1b18b9002dd1ac215ba6403a25d1897acd3a8c3d470a1,3318,78.0,40.0,cut_only,-0.0,-0.0,-0.0,-0.0,-0.0,-0.0
2,2,loading,0.5,f4c755a7ffec4255c3f1b18b9002dd1ac215ba6403a25d1897acd3a8c3d470a1,3319,79.0,40.0,cut_only,-0.0,-0.0,-0.0,-0.0,-0.0,-0.0
2,2,loading,0.5,f4c755a7ffec4255c3f1b18b9002dd1ac215ba6403a25d1897acd3a8c3d470a1,3320,80.0,40.0,physical_and_cut,-0.0,-0.0,-0.0,-0.0,-0.0,-0.0
3,3,loading,0.65,5c7d09213eb778cb587a92456bc019676bb078854d17de25e843c9325e88b5da,2573,62.0,31.0,physical_only,-0.0003189764346484492,-1.2084244409648507e-05,-4.495886366518718e-06,4.565585377816732e-06,-0.0003144805482819305,-1.6649829787465264e-05
3,3,loading,0.65,5c7d09213eb778cb587a92456bc019676bb078854d17de25e843c9325e88b5da,2574,63.0,31.0,physical_only,-1.656734800009091e-06,-2.2704425391637786e-05,-2.332853657196113e-06,5.114516278701046e-06,6.761188571870218e-07,-2.7818941670338857e-05
3,3,loading,0.65,5c7d09213eb778cb587a92456bc019676bb078854d17de25e843c9325e88b5da,2575,64.0,31.0,physical_only,-5.214997824803256e-07,-2.9091857503388334e-05,-2.3694422658609675e-06,6.4474287247111145e-06,1.847942483380642e-06,-3.553928622809945e-05
3,3,loading,0.65,5c7d09213eb778cb587a92456bc019676bb078854d17de25e843c9325e88b5da,2576,65.0,31.0,physical_only,-3.36203252588481e-07,-3.759886589041128e-05,-2.4143311692525156e-06,7.913201056799902e-06,2.0781279166640337e-06,-4.5512066947211196e-05
3,3,loading,0.65,5c7d09213eb778cb587a92456bc019676bb078854d17de25e843c9325e88b5da,2577,66.0,31.0,physical_only,-9.923499675754711e-07,-4.6702569930121896e-05,-2.4668169542631716e-06,9.545741191440247e-06,1.4744669866877005e-06,-5.624831112156217e-05
3,3,loading,0.65,5c7d09213eb778cb587a92456bc019676bb078854d17de25e843c9325e88b5da,2578,67.0,31.0,physical_only,-1.8404349763008187e-06,-5.604199238451582e-05,-2.5243615114395616e-06,1.1378159920996427e-05,6.839265351387429e-07,-6.742015230551223e-05
3,3,loading,0.65,5c7d09213eb778cb587a92456bc019676bb078854d17de25e843c9325e88b5da,2579,68.0,31.0,physical_only,-1.9245213741512993e-06,-6.667122451756245e-05,-2.5858275370498764e-06,1.3444584105883465e-05,6.613061628985758e-07,-8.011580862344589e-05
3,3,loading,0.65,5c7d09213eb778cb587a92456bc019676bb078854d17de25e843c9325e88b5da,2580,69.0,31.0,physical_only,-2.1504158204804837e-06,-7.936571373484404e-05,-2.6513406470126294e-06,1.5784837542516078e-05,5.009248265321457e-07,-9.515055127736014e-05
3,3,loading,0.65,5c7d09213eb778cb587a92456bc019676bb078854d17de25e843c9325e88b5da,2581,70.0,31.0,physical_only,-2.4647848712418723e-06,-9.390455497617722e-05,-2.7219632338593673e-06,1.8448532005280273e-05,2.5717836261749455e-07,-0.00011235308698145745
3,3,loading,0.65,5c7d09213eb778cb587a92456bc019676bb078854d17de25e843c9325e88b5da,2582,71.0,31.0,physical_only,-2.8899759851027475e-06,-0.00011039639366795459,-2.7986958322538673e-06,2.1497841018259335e-05,-9.128015284887977e-08,-0.00013189423468621406
3,3,loading,0.65,5c7d09213eb778cb587a92456bc019676bb078854d17de25e843c9325e88b5da,2583,72.0,31.0,physical_only,-3.4275003990846703e-06,-0.0001289156853663951,-2.882860441884465e-06,2.5011369643270076e-05,-5.446399572002054e-07,-0.00015392705500966522
3,3,loading,0.65,5c7d09213eb778cb587a92456bc019676bb078854d17de25e843c9325e88b5da,2584,73.0,31.0,physical_only,-4.278309174348707e-06,-0.00014874620873501902,-2.975769000608313e-06,2.9088929709162683e-05,-1.302540173740392e-06,-0.00017783513844418168
3,3,loading,0.65,5c7d09213eb778cb587a92456bc019676bb078854d17de25e843c9325e88b5da,2585,74.0,31.0,physical_only,-3.1489398576309444e-06,-0.0001706056092513849,-3.079902910407685e-06,3.3859783598235956e-05,-6.903694722325923e-08,-0.00020446539284962092
3,3,loading,0.65,5c7d09213eb778cb587a92456bc019676bb078854d17de25e843c9325e88b5da,2586,75.0,31.0,physical_only,-1.69500945151398e-07,-0.00019871279584843097,-3.2004094654507124e-06,3.9500415884072736e-05,3.030908520299314e-06,-0.00023821321173250385
3,3,loading,0.65,5c7d09213eb778cb587a92456bc019676bb078854d17de25e843c9325e88b5da,2587,76.0,31.0,physical_only,3.813853279411142e-06,-0.00023888417826157323,-3.3471337197399685e-06,4.627033560150957e-05,7.160986999151111e-06,-0.00028515451386308265
3,3,loading,0.65,5c7d09213eb778cb587a92456bc019676bb078854d17de25e843c9325e88b5da,2588,77.0,31.0,physical_only,3.896850966077051e-06,-0.0002874417081885916,-3.5306947114415167e-06,5.455808509953523e-05,7.427545677518567e-06,-0.00034199979328812676
3,3,loading,0.65,5c7d09213eb778cb587a92456bc019676bb078854d17de25e843c9325e88b5da,2589,78.0,31.0,physical_only,2.8119199203464284e-06,-0.000340781281094511,-3.762378917858662e-06,6.493604894101841e-05,6.574298838205092e-06,-0.00040571733003552917
3,3,loading,0.65,5c7d09213eb778cb587a92456bc019676bb078854d17de25e843c9325e88b5da,2590,79.0,31.0,physical_only,4.463600014920454e-07,-0.00036477685595041106,-4.044011712845482e-06,7.821368827714261e-05,4.490371714337526e-06,-0.00044299054422755396
3,3,loading,0.65,5c7d09213eb778cb587a92456bc019676bb078854d17de25e843c9325e88b5da,2591,80.0,31.0,physical_only,-3.369113871192925e-05,0.0030934178725602287,5.964565962310763e-06,3.2256637493598326e-05,-3.965570467424001e-05,0.0030611612350666304
3,3,loading,0.65,5c7d09213eb778cb587a92456bc019676bb078854d17de25e843c9325e88b5da,2654,62.0,32.0,physical_only,-5.797292837830321e-06,-1.1522002621514055e-06,-2.7698879912281226e-06,1.2984477474795816e-07,-3.027404846602199e-06,-1.2820450368993636e-06
3,3,loading,0.65,5c7d09213eb778cb587a92456bc019676bb078854d17de25e843c9325e88b5da,2655,63.0,32.0,interior,-0.0,-0.0,-0.0,-0.0,-0.0,-0.0
3,3,loading,0.65,5c7d09213eb778cb587a92456bc019676bb078854d17de25e843c9325e88b5da,2656,64.0,32.0,interior,-0.0,-0.0,-0.0,-0.0,-0.0,-0.0
3,3,loading,0.65,5c7d09213eb778cb587a92456bc019676bb078854d17de25e843c9325e88b5da,2657,65.0,32.0,interior,-0.0,-0.0,-0.0,-0.0,-0.0,-0.0
3,3,loading,0.65,5c7d09213eb778cb587a92456bc019676bb078854d17de25e843c9325e88b5da,2658,66.0,32.0,interior,-0.0,-0.0,-0.0,-0.0,-0.0,-0.0
3,3,loading,0.65,5c7d09213eb778cb587a92456bc019676bb078854d17de25e843c9325e88b5da,2659,67.0,32.0,interior,-0.0,-0.0,-0.0,-0.0,-0.0,-0.0
3,3,loading,0.65,5c7d09213eb778cb587a92456bc019676bb078854d17de25e843c9325e88b5da,2660,68.0,32.0,interior,-0.0,-0.0,-0.0,-0.0,-0.0,-0.0
3,3,loading,0.65,5c7d09213eb778cb587a92456bc019676bb078854d17de25e843c9325e88b5da,2661,69.0,32.0,interior,-0.0,-0.0,-0.0,-0.0,-0.0,-0.0
3,3,loading,0.65,5c7d09213eb778cb587a92456bc019676bb078854d17de25e843c9325e88b5da,2662,70.0,32.0,interior,-0.0,-0.0,-0.0,-0.0,-0.0,-0.0
3,3,loading,0.65,5c7d09213eb778cb587a92456bc019676bb078854d17de25e843c9325e88b5da,2663,71.0,32.0,interior,-0.0,-0.0,-0.0,-0.0,-0.0,-0.0
3,3,loading,0.65,5c7d09213eb778cb587a92456bc019676bb078854d17de25e843c9325e88b5da,2664,72.0,32.0,interior,-0.0,-0.0,-0.0,-0.0,-0.0,-0.0
3,3,loading,0.65,5c7d09213eb778cb587a92456bc019676bb078854d17de25e843c9325e88b5da,2665,73.0,32.0,interior,-0.0,-0.0,-0.0,-0.0,-0.0,-0.0
3,3,loading,0.65,5c7d09213eb778cb587a92456bc019676bb078854d17de25e843c9325e88b5da,2666,74.0,32.0,interior,-0.0,-0.0,-0.0,-0.0,-0.0,-0.0
3,3,loading,0.65,5c7d09213eb778cb587a92456bc019676bb078854d17de25e843c9325e88b5da,2667,75.0,32.0,interior,-0.0,-0.0,-0.0,-0.0,-0.0,-0.0
3,3,loading,0.65,5c7d09213eb778cb587a92456bc019676bb078854d17de25e843c9325e88b5da,2668,76.0,32.0,interior,-0.0,-0.0,-0.0,-0.0,-0.0,-0.0
3,3,loading,0.65,5c7d09213eb778cb587a92456bc019676bb078854d17de25e843c9325e88b5da,2669,77.0,32.0,interior,-0.0,-0.0,-0.0,-0.0,-0.0,-0.0
3,3,loading,0.65,5c7d09213eb778cb587a92456bc019676bb078854d17de25e843c9325e88b5da,2670,78.0,32.0,interior,-0.0,-0.0,-0.0,-0.0,-0.0,-0.0
3,3,loading,0.65,5c7d09213eb778cb587a92456bc019676bb078854d17de25e843c9325e88b5da,2671,79.0,32.0,interior,-0.0,-0.0,-0.0,-0.0,-0.0,-0.0
3,3,loading,0.65,5c7d09213eb778cb587a92456bc019676bb078854d17de25e843c9325e88b5da,2672,80.0,32.0,physical_only,-0.0,-0.0,-0.0,-0.0,-0.0,-0.0
3,3,loading,0.65,5c7d09213eb778cb587a92456bc019676bb078854d17de25e843c9325e88b5da,2735,62.0,33.0,physical_only,-4.6116513398057155e-06,-7.673245611660302e-07,-2.9145682628168107e-06,1.012799723530829e-07,-1.6970830769889036e-06,-8.686045335191129e-07
3,3,loading,0.65,5c7d09213eb778cb587a92456bc019676bb078854d17de25e843c9325e88b5da,2736,63.0,33.0,interior,-0.0,-0.0,-0.0,-0.0,-0.0,-0.0
3,3,loading,0.65,5c7d09213eb778cb587a92456bc019676bb078854d17de25e843c9325e88b5da,2737,64.0,33.0,interior,-0.0,-0.0,-0.0,-0.0,-0.0,-0.0
3,3,loading,0.65,5c7d09213eb778cb587a92456bc019676bb078854d17de25e843c9325e88b5da,2738,65.0,33.0,interior,-0.0,-0.0,-0.0,-0.0,-0.0,-0.0
3,3,loading,0.65,5c7d09213eb778cb587a92456bc019676bb078854d17de25e843c9325e88b5da,2739,66.0,33.0,interior,-0.0,-0.0,-0.0,-0.0,-0.0,-0.0
3,3,loading,0.65,5c7d09213eb778cb587a92456bc019676bb078854d17de25e843c9325e88b5da,2740,67.0,33.0,interior,-0.0,-0.0,-0.0,-0.0,-0.0,-0.0
3,3,loading,0.65,5c7d09213eb778cb587a92456bc019676bb078854d17de25e843c9325e88b5da,2741,68.0,33.0,interior,-0.0,-0.0,-0.0,-0.0,-0.0,-0.0
3,3,loading,0.65,5c7d09213eb778cb587a92456bc019676bb078854d17de25e843c9325e88b5da,2742,69.0,33.0,interior,-0.0,-0.0,-0.0,-0.0,-0.0,-0.0
3,3,loading,0.65,5c7d09213eb778cb587a92456bc019676bb078854d17de25e843c9325e88b5da,2743,70.0,33.0,interior,-0.0,-0.0,-0.0,-0.0,-0.0,-0.0
3,3,loading,0.65,5c7d09213eb778cb587a92456bc019676bb078854d17de25e843c9325e88b5da,2744,71.0,33.0,interior,-0.0,-0.0,-0.0,-0.0,-0.0,-0.0
3,3,loading,0.65,5c7d09213eb778cb587a92456bc019676bb078854d17de25e843c9325e88b5da,2745,72.0,33.0,interior,-0.0,-0.0,-0.0,-0.0,-0.0,-0.0
3,3,loading,0.65,5c7d09213eb778cb587a92456bc019676bb078854d17de25e843c9325e88b5da,2746,73.0,33.0,interior,-0.0,-0.0,-0.0,-0.0,-0.0,-0.0
3,3,loading,0.65,5c7d09213eb778cb587a92456bc019676bb078854d17de25e843c9325e88b5da,2747,74.0,33.0,interior,-0.0,-0.0,-0.0,-0.0,-0.0,-0.0
3,3,loading,0.65,5c7d09213eb778cb587a92456bc019676bb078854d17de25e843c9325e88b5da,2748,75.0,33.0,interior,-0.0,-0.0,-0.0,-0.0,-0.0,-0.0
3,3,loading,0.65,5c7d09213eb778cb587a92456bc019676bb078854d17de25e843c9325e88b5da,2749,76.0,33.0,interior,-0.0,-0.0,-0.0,-0.0,-0.0,-0.0
3,3,loading,0.65,5c7d09213eb778cb587a92456bc019676bb078854d17de25e843c9325e88b5da,2750,77.0,33.0,interior,-0.0,-0.0,-0.0,-0.0,-0.0,-0.0
3,3,loading,0.65,5c7d09213eb778cb587a92456bc019676bb078854d17de25e843c9325e88b5da,2751,78.0,33.0,interior,-0.0,-0.0,-0.0,-0.0,-0.0,-0.0
3,3,loading,0.65,5c7d09213eb778cb587a92456bc019676bb078854d17de25e843c9325e88b5da,2752,79.0,33.0,interior,-0.0,-0.0,-0.0,-0.0,-0.0,-0.0
3,3,loading,0.65,5c7d09213eb778cb587a92456bc019676bb078854d17de25e843c9325e88b5da,2753,80.0,33.0,physical_only,-0.0,-0.0,-0.0,-0.0,-0.0,-0.0
3,3,loading,0.65,5c7d09213eb778cb587a92456bc019676bb078854d17de25e843c9325e88b5da,2816,62.0,34.0,physical_only,-4.077317336754992e-06,-3.4154461553892533e-07,-3.0277987712001182e-06,8.270679558603716e-08,-1.0495185655548737e-06,-4.242514111249623e-07
3,3,loading,0.65,5c7d09213eb778cb587a92456bc019676bb078854d17de25e843c9325e88b5da,2817,63.0,34.0,interior,-0.0,-0.0,-0.0,-0.0,-0.0,-0.0
3,3,loading,0.65,5c7d09213eb778cb587a92456bc019676bb078854d17de25e843c9325e88b5da,2818,64.0,34.0,interior,-0.0,-0.0,-0.0,-0.0,-0.0,-0.0
3,3,loading,0.65,5c7d09213eb778cb587a92456bc019676bb078854d17de25e843c9325e88b5da,2819,65.0,34.0,interior,-0.0,-0.0,-0.0,-0.0,-0.0,-0.0
3,3,loading,0.65,5c7d09213eb778cb587a92456bc019676bb078854d17de25e843c9325e88b5da,2820,66.0,34.0,interior,-0.0,-0.0,-0.0,-0.0,-0.0,-0.0
3,3,loading,0.65,5c7d09213eb778cb587a92456bc019676bb078854d17de25e843c9325e88b5da,2821,67.0,34.0,interior,-0.0,-0.0,-0.0,-0.0,-0.0,-0.0
3,3,loading,0.65,5c7d09213eb778cb587a92456bc019676bb078854d17de25e843c9325e88b5da,2822,68.0,34.0,interior,-0.0,-0.0,-0.0,-0.0,-0.0,-0.0
3,3,loading,0.65,5c7d09213eb778cb587a92456bc019676bb078854d17de25e843c9325e88b5da,2823,69.0,34.0,interior,-0.0,-0.0,-0.0,-0.0,-0.0,-0.0
3,3,loading,0.65,5c7d09213eb778cb587a92456bc019676bb078854d17de25e843c9325e88b5da,2824,70.0,34.0,interior,-0.0,-0.0,-0.0,-0.0,-0.0,-0.0
3,3,loading,0.65,5c7d09213eb778cb587a92456bc019676bb078854d17de25e843c9325e88b5da,2825,71.0,34.0,interior,-0.0,-0.0,-0.0,-0.0,-0.0,-0.0
3,3,loading,0.65,5c7d09213eb778cb587a92456bc019676bb078854d17de25e843c9325e88b5da,2826,72.0,34.0,interior,-0.0,-0.0,-0.0,-0.0,-0.0,-0.0
3,3,loading,0.65,5c7d09213eb778cb587a92456bc019676bb078854d17de25e843c9325e88b5da,2827,73.0,34.0,interior,-0.0,-0.0,-0.0,-0.0,-0.0,-0.0
3,3,loading,0.65,5c7d09213eb778cb587a92456bc019676bb078854d17de25e843c9325e88b5da,2828,74.0,34.0,interior,-0.0,-0.0,-0.0,-0.0,-0.0,-0.0
3,3,loading,0.65,5c7d09213eb778cb587a92456bc019676bb078854d17de25e843c9325e88b5da,2829,75.0,34.0,interior,-0.0,-0.0,-0.0,-0.0,-0.0,-0.0
3,3,loading,0.65,5c7d09213eb778cb587a92456bc019676bb078854d17de25e843c9325e88b5da,2830,76.0,34.0,interior,-0.0,-0.0,-0.0,-0.0,-0.0,-0.0
3,3,loading,0.65,5c7d09213eb778cb587a92456bc019676bb078854d17de25e843c9325e88b5da,2831,77.0,34.0,interior,-0.0,-0.0,-0.0,-0.0,-0.0,-0.0
3,3,loading,0.65,5c7d09213eb778cb587a92456bc019676bb078854d17de25e843c9325e88b5da,2832,78.0,34.0,interior,-0.0,-0.0,-0.0,-0.0,-0.0,-0.0
3,3,loading,0.65,5c7d09213eb778cb587a92456bc019676bb078854d17de25e843c9325e88b5da,2833,79.0,34.0,interior,-0.0,-0.0,-0.0,-0.0,-0.0,-0.0
3,3,loading,0.65,5c7d09213eb778cb587a92456bc019676bb078854d17de25e843c9325e88b5da,2834,80.0,34.0,physical_only,-0.0,-0.0,-0.0,-0.0,-0.0,-0.0
3,3,loading,0.65,5c7d09213eb778cb587a92456bc019676bb078854d17de25e843c9325e88b5da,2897,62.0,35.0,physical_only,-3.947314314005475e-06,-1.3704386505623188e-08,-3.120321119437381e-06,6.929188462359001e-08,-8.269931945680935e-07,-8.299627112921341e-08
3,3,loading,0.65,5c7d09213eb778cb587a92456bc019676bb078854d17de25e843c9325e88b5da,2898,63.0,35.0,interior,-0.0,-0.0,-0.0,-0.0,-0.0,-0.0
3,3,loading,0.65,5c7d09213eb778cb587a92456bc019676bb078854d17de25e843c9325e88b5da,2899,64.0,35.0,interior,-0.0,-0.0,-0.0,-0.0,-0.0,-0.0
3,3,loading,0.65,5c7d09213eb778cb587a92456bc019676bb078854d17de25e843c9325e88b5da,2900,65.0,35.0,interior,-0.0,-0.0,-0.0,-0.0,-0.0,-0.0
3,3,loading,0.65,5c7d09213eb778cb587a92456bc019676bb078854d17de25e843c9325e88b5da,2901,66.0,35.0,interior,-0.0,-0.0,-0.0,-0.0,-0.0,-0.0
3,3,loading,0.65,5c7d09213eb778cb587a92456bc019676bb078854d17de25e843c9325e88b5da,2902,67.0,35.0,interior,-0.0,-0.0,-0.0,-0.0,-0.0,-0.0
3,3,loading,0.65,5c7d09213eb778cb587a92456bc019676bb078854d17de25e843c9325e88b5da,2903,68.0,35.0,interior,-0.0,-0.0,-0.0,-0.0,-0.0,-0.0
3,3,loading,0.65,5c7d09213eb778cb587a92456bc019676bb078854d17de25e843c9325e88b5da,2904,69.0,35.0,interior,-0.0,-0.0,-0.0,-0.0,-0.0,-0.0
3,3,loading,0.65,5c7d09213eb778cb587a92456bc019676bb078854d17de25e843c9325e88b5da,2905,70.0,35.0,interior,-0.0,-0.0,-0.0,-0.0,-0.0,-0.0
3,3,loading,0.65,5c7d09213eb778cb587a92456bc019676bb078854d17de25e843c9325e88b5da,2906,71.0,35.0,interior,-0.0,-0.0,-0.0,-0.0,-0.0,-0.0
3,3,loading,0.65,5c7d09213eb778cb587a92456bc019676bb078854d17de25e843c9325e88b5da,2907,72.0,35.0,interior,-0.0,-0.0,-0.0,-0.0,-0.0,-0.0
3,3,loading,0.65,5c7d09213eb778cb587a92456bc019676bb078854d17de25e843c9325e88b5da,2908,73.0,35.0,interior,-0.0,-0.0,-0.0,-0.0,-0.0,-0.0
3,3,loading,0.65,5c7d09213eb778cb587a92456bc019676bb078854d17de25e843c9325e88b5da,2909,74.0,35.0,interior,-0.0,-0.0,-0.0,-0.0,-0.0,-0.0
3,3,loading,0.65,5c7d09213eb778cb587a92456bc019676bb078854d17de25e843c9325e88b5da,2910,75.0,35.0,interior,-0.0,-0.0,-0.0,-0.0,-0.0,-0.0
3,3,loading,0.65,5c7d09213eb778cb587a92456bc019676bb078854d17de25e843c9325e88b5da,2911,76.0,35.0,interior,-0.0,-0.0,-0.0,-0.0,-0.0,-0.0
3,3,loading,0.65,5c7d09213eb778cb587a92456bc019676bb078854d17de25e843c9325e88b5da,2912,77.0,35.0,interior,-0.0,-0.0,-0.0,-0.0,-0.0,-0.0
3,3,loading,0.65,5c7d09213eb778cb587a92456bc019676bb078854d17de25e843c9325e88b5da,2913,78.0,35.0,interior,-0.0,-0.0,-0.0,-0.0,-0.0,-0.0
3,3,loading,0.65,5c7d09213eb778cb587a92456bc019676bb078854d17de25e843c9325e88b5da,2914,79.0,35.0,interior,-0.0,-0.0,-0.0,-0.0,-0.0,-0.0
3,3,loading,0.65,5c7d09213eb778cb587a92456bc019676bb078854d17de25e843c9325e88b5da,2915,80.0,35.0,physical_only,-0.0,-0.0,-0.0,-0.0,-0.0,-0.0
3,3,loading,0.65,5c7d09213eb778cb587a92456bc019676bb078854d17de25e843c9325e88b5da,2978,62.0,36.0,physical_only,-4.028556998174466e-06,1.5523085520857194e-07,-3.196731869513743e-06,5.74053467236917e-08,-8.31825128660722e-07,9.782550848488013e-08
3,3,loading,0.65,5c7d09213eb778cb587a92456bc019676bb078854d17de25e843c9325e88b5da,2979,63.0,36.0,interior,-0.0,-0.0,-0.0,-0.0,-0.0,-0.0
3,3,loading,0.65,5c7d09213eb778cb587a92456bc019676bb078854d17de25e843c9325e88b5da,2980,64.0,36.0,interior,-0.0,-0.0,-0.0,-0.0,-0.0,-0.0
3,3,loading,0.65,5c7d09213eb778cb587a92456bc019676bb078854d17de25e843c9325e88b5da,2981,65.0,36.0,interior,-0.0,-0.0,-0.0,-0.0,-0.0,-0.0
3,3,loading,0.65,5c7d09213eb778cb587a92456bc019676bb078854d17de25e843c9325e88b5da,2982,66.0,36.0,interior,-0.0,-0.0,-0.0,-0.0,-0.0,-0.0
3,3,loading,0.65,5c7d09213eb778cb587a92456bc019676bb078854d17de25e843c9325e88b5da,2983,67.0,36.0,interior,-0.0,-0.0,-0.0,-0.0,-0.0,-0.0
3,3,loading,0.65,5c7d09213eb778cb587a92456bc019676bb078854d17de25e843c9325e88b5da,2984,68.0,36.0,interior,-0.0,-0.0,-0.0,-0.0,-0.0,-0.0
3,3,loading,0.65,5c7d09213eb778cb587a92456bc019676bb078854d17de25e843c9325e88b5da,2985,69.0,36.0,interior,-0.0,-0.0,-0.0,-0.0,-0.0,-0.0
3,3,loading,0.65,5c7d09213eb778cb587a92456bc019676bb078854d17de25e843c9325e88b5da,2986,70.0,36.0,interior,-0.0,-0.0,-0.0,-0.0,-0.0,-0.0
3,3,loading,0.65,5c7d09213eb778cb587a92456bc019676bb078854d17de25e843c9325e88b5da,2987,71.0,36.0,interior,-0.0,-0.0,-0.0,-0.0,-0.0,-0.0
3,3,loading,0.65,5c7d09213eb778cb587a92456bc019676bb078854d17de25e843c9325e88b5da,2988,72.0,36.0,interior,-0.0,-0.0,-0.0,-0.0,-0.0,-0.0
3,3,loading,0.65,5c7d09213eb778cb587a92456bc019676bb078854d17de25e843c9325e88b5da,2989,73.0,36.0,interior,-0.0,-0.0,-0.0,-0.0,-0.0,-0.0
3,3,loading,0.65,5c7d09213eb778cb587a92456bc019676bb078854d17de25e843c9325e88b5da,2990,74.0,36.0,interior,-0.0,-0.0,-0.0,-0.0,-0.0,-0.0
3,3,loading,0.65,5c7d09213eb778cb587a92456bc019676bb078854d17de25e843c9325e88b5da,2991,75.0,36.0,interior,-0.0,-0.0,-0.0,-0.0,-0.0,-0.0
3,3,loading,0.65,5c7d09213eb778cb587a92456bc019676bb078854d17de25e843c9325e88b5da,2992,76.0,36.0,interior,-0.0,-0.0,-0.0,-0.0,-0.0,-0.0
3,3,loading,0.65,5c7d09213eb778cb587a92456bc019676bb078854d17de25e843c9325e88b5da,2993,77.0,36.0,interior,-0.0,-0.0,-0.0,-0.0,-0.0,-0.0
3,3,loading,0.65,5c7d09213eb778cb587a92456bc019676bb078854d17de25e843c9325e88b5da,2994,78.0,36.0,interior,-0.0,-0.0,-0.0,-0.0,-0.0,-0.0
3,3,loading,0.65,5c7d09213eb778cb587a92456bc019676bb078854d17de25e843c9325e88b5da,2995,79.0,36.0,interior,-0.0,-0.0,-0.0,-0.0,-0.0,-0.0
3,3,loading,0.65,5c7d09213eb778cb587a92456bc019676bb078854d17de25e843c9325e88b5da,2996,80.0,36.0,physical_only,-0.0,-0.0,-0.0,-0.0,-0.0,-0.0
3,3,loading,0.65,5c7d09213eb778cb587a92456bc019676bb078854d17de25e843c9325e88b5da,3059,62.0,37.0,physical_only,-4.166975579827734e-06,1.980095139150723e-07,-3.257870364938942e-06,4.489222199871901e-08,-9.091052148887916e-07,1.5311729191635328e-07
3,3,loading,0.65,5c7d09213eb778cb587a92456bc019676bb078854d17de25e843c9325e88b5da,3060,63.0,37.0,interior,-0.0,-0.0,-0.0,-0.0,-0.0,-0.0
3,3,loading,0.65,5c7d09213eb778cb587a92456bc019676bb078854d17de25e843c9325e88b5da,3061,64.0,37.0,interior,-0.0,-0.0,-0.0,-0.0,-0.0,-0.0
3,3,loading,0.65,5c7d09213eb778cb587a92456bc019676bb078854d17de25e843c9325e88b5da,3062,65.0,37.0,interior,-0.0,-0.0,-0.0,-0.0,-0.0,-0.0
3,3,loading,0.65,5c7d09213eb778cb587a92456bc019676bb078854d17de25e843c9325e88b5da,3063,66.0,37.0,interior,-0.0,-0.0,-0.0,-0.0,-0.0,-0.0
3,3,loading,0.65,5c7d09213eb778cb587a92456bc019676bb078854d17de25e843c9325e88b5da,3064,67.0,37.0,interior,-0.0,-0.0,-0.0,-0.0,-0.0,-0.0
3,3,loading,0.65,5c7d09213eb778cb587a92456bc019676bb078854d17de25e843c9325e88b5da,3065,68.0,37.0,interior,-0.0,-0.0,-0.0,-0.0,-0.0,-0.0
3,3,loading,0.65,5c7d09213eb778cb587a92456bc019676bb078854d17de25e843c9325e88b5da,3066,69.0,37.0,interior,-0.0,-0.0,-0.0,-0.0,-0.0,-0.0
3,3,loading,0.65,5c7d09213eb778cb587a92456bc019676bb078854d17de25e843c9325e88b5da,3067,70.0,37.0,interior,-0.0,-0.0,-0.0,-0.0,-0.0,-0.0
3,3,loading,0.65,5c7d09213eb778cb587a92456bc019676bb078854d17de25e843c9325e88b5da,3068,71.0,37.0,interior,-0.0,-0.0,-0.0,-0.0,-0.0,-0.0
3,3,loading,0.65,5c7d09213eb778cb587a92456bc019676bb078854d17de25e843c9325e88b5da,3069,72.0,37.0,interior,-0.0,-0.0,-0.0,-0.0,-0.0,-0.0
3,3,loading,0.65,5c7d09213eb778cb587a92456bc019676bb078854d17de25e843c9325e88b5da,3070,73.0,37.0,interior,-0.0,-0.0,-0.0,-0.0,-0.0,-0.0
3,3,loading,0.65,5c7d09213eb778cb587a92456bc019676bb078854d17de25e843c9325e88b5da,3071,74.0,37.0,interior,-0.0,-0.0,-0.0,-0.0,-0.0,-0.0
3,3,loading,0.65,5c7d09213eb778cb587a92456bc019676bb078854d17de25e843c9325e88b5da,3072,75.0,37.0,interior,-0.0,-0.0,-0.0,-0.0,-0.0,-0.0
3,3,loading,0.65,5c7d09213eb778cb587a92456bc019676bb078854d17de25e843c9325e88b5da,3073,76.0,37.0,interior,-0.0,-0.0,-0.0,-0.0,-0.0,-0.0
3,3,loading,0.65,5c7d09213eb778cb587a92456bc019676bb078854d17de25e843c9325e88b5da,3074,77.0,37.0,interior,-0.0,-0.0,-0.0,-0.0,-0.0,-0.0
3,3,loading,0.65,5c7d09213eb778cb587a92456bc019676bb078854d17de25e843c9325e88b5da,3075,78.0,37.0,interior,-0.0,-0.0,-0.0,-0.0,-0.0,-0.0
3,3,loading,0.65,5c7d09213eb778cb587a92456bc019676bb078854d17de25e843c9325e88b5da,3076,79.0,37.0,interior,-0.0,-0.0,-0.0,-0.0,-0.0,-0.0
3,3,loading,0.65,5c7d09213eb778cb587a92456bc019676bb078854d17de25e843c9325e88b5da,3077,80.0,37.0,physical_only,-0.0,-0.0,-0.0,-0.0,-0.0,-0.0
3,3,loading,0.65,5c7d09213eb778cb587a92456bc019676bb078854d17de25e843c9325e88b5da,3140,62.0,38.0,physical_only,-4.2868093483821014e-06,1.6128939611109654e-07,-3.3028446283295937e-06,3.1003464647540454e-08,-9.839647200525075e-07,1.3028593146355609e-07
3,3,loading,0.65,5c7d09213eb778cb587a92456bc019676bb078854d17de25e843c9325e88b5da,3141,63.0,38.0,interior,-0.0,-0.0,-0.0,-0.0,-0.0,-0.0
3,3,loading,0.65,5c7d09213eb778cb587a92456bc019676bb078854d17de25e843c9325e88b5da,3142,64.0,38.0,interior,-0.0,-0.0,-0.0,-0.0,-0.0,-0.0
3,3,loading,0.65,5c7d09213eb778cb587a92456bc019676bb078854d17de25e843c9325e88b5da,3143,65.0,38.0,interior,-0.0,-0.0,-0.0,-0.0,-0.0,-0.0
3,3,loading,0.65,5c7d09213eb778cb587a92456bc019676bb078854d17de25e843c9325e88b5da,3144,66.0,38.0,interior,-0.0,-0.0,-0.0,-0.0,-0.0,-0.0
3,3,loading,0.65,5c7d09213eb778cb587a92456bc019676bb078854d17de25e843c9325e88b5da,3145,67.0,38.0,interior,-0.0,-0.0,-0.0,-0.0,-0.0,-0.0
3,3,loading,0.65,5c7d09213eb778cb587a92456bc019676bb078854d17de25e843c9325e88b5da,3146,68.0,38.0,interior,-0.0,-0.0,-0.0,-0.0,-0.0,-0.0
3,3,loading,0.65,5c7d09213eb778cb587a92456bc019676bb078854d17de25e843c9325e88b5da,3147,69.0,38.0,interior,-0.0,-0.0,-0.0,-0.0,-0.0,-0.0
3,3,loading,0.65,5c7d09213eb778cb587a92456bc019676bb078854d17de25e843c9325e88b5da,3148,70.0,38.0,interior,-0.0,-0.0,-0.0,-0.0,-0.0,-0.0
3,3,loading,0.65,5c7d09213eb778cb587a92456bc019676bb078854d17de25e843c9325e88b5da,3149,71.0,38.0,interior,-0.0,-0.0,-0.0,-0.0,-0.0,-0.0
3,3,loading,0.65,5c7d09213eb778cb587a92456bc019676bb078854d17de25e843c9325e88b5da,3150,72.0,38.0,interior,-0.0,-0.0,-0.0,-0.0,-0.0,-0.0
3,3,loading,0.65,5c7d09213eb778cb587a92456bc019676bb078854d17de25e843c9325e88b5da,3151,73.0,38.0,interior,-0.0,-0.0,-0.0,-0.0,-0.0,-0.0
3,3,loading,0.65,5c7d09213eb778cb587a92456bc019676bb078854d17de25e843c9325e88b5da,3152,74.0,38.0,interior,-0.0,-0.0,-0.0,-0.0,-0.0,-0.0
3,3,loading,0.65,5c7d09213eb778cb587a92456bc019676bb078854d17de25e843c9325e88b5da,3153,75.0,38.0,interior,-0.0,-0.0,-0.0,-0.0,-0.0,-0.0
3,3,loading,0.65,5c7d09213eb778cb587a92456bc019676bb078854d17de25e843c9325e88b5da,3154,76.0,38.0,interior,-0.0,-0.0,-0.0,-0.0,-0.0,-0.0
3,3,loading,0.65,5c7d09213eb778cb587a92456bc019676bb078854d17de25e843c9325e88b5da,3155,77.0,38.0,interior,-0.0,-0.0,-0.0,-0.0,-0.0,-0.0
3,3,loading,0.65,5c7d09213eb778cb587a92456bc019676bb078854d17de25e843c9325e88b5da,3156,78.0,38.0,interior,-0.0,-0.0,-0.0,-0.0,-0.0,-0.0
3,3,loading,0.65,5c7d09213eb778cb587a92456bc019676bb078854d17de25e843c9325e88b5da,3157,79.0,38.0,interior,-0.0,-0.0,-0.0,-0.0,-0.0,-0.0
3,3,loading,0.65,5c7d09213eb778cb587a92456bc019676bb078854d17de25e843c9325e88b5da,3158,80.0,38.0,physical_only,-0.0,-0.0,-0.0,-0.0,-0.0,-0.0
3,3,loading,0.65,5c7d09213eb778cb587a92456bc019676bb078854d17de25e843c9325e88b5da,3221,62.0,39.0,physical_only,-4.359734784460417e-06,8.68476945491346e-08,-3.330426968259254e-06,1.58552495736734e-08,-1.0293078162011644e-06,7.099244497546109e-08
3,3,loading,0.65,5c7d09213eb778cb587a92456bc019676bb078854d17de25e843c9325e88b5da,3222,63.0,39.0,interior,-0.0,-0.0,-0.0,-0.0,-0.0,-0.0
3,3,loading,0.65,5c7d09213eb778cb587a92456bc019676bb078854d17de25e843c9325e88b5da,3223,64.0,39.0,interior,-0.0,-0.0,-0.0,-0.0,-0.0,-0.0
3,3,loading,0.65,5c7d09213eb778cb587a92456bc019676bb078854d17de25e843c9325e88b5da,3224,65.0,39.0,interior,-0.0,-0.0,-0.0,-0.0,-0.0,-0.0
3,3,loading,0.65,5c7d09213eb778cb587a92456bc019676bb078854d17de25e843c9325e88b5da,3225,66.0,39.0,interior,-0.0,-0.0,-0.0,-0.0,-0.0,-0.0
3,3,loading,0.65,5c7d09213eb778cb587a92456bc019676bb078854d17de25e843c9325e88b5da,3226,67.0,39.0,interior,-0.0,-0.0,-0.0,-0.0,-0.0,-0.0
3,3,loading,0.65,5c7d09213eb778cb587a92456bc019676bb078854d17de25e843c9325e88b5da,3227,68.0,39.0,interior,-0.0,-0.0,-0.0,-0.0,-0.0,-0.0
3,3,loading,0.65,5c7d09213eb778cb587a92456bc019676bb078854d17de25e843c9325e88b5da,3228,69.0,39.0,interior,-0.0,-0.0,-0.0,-0.0,-0.0,-0.0
3,3,loading,0.65,5c7d09213eb778cb587a92456bc019676bb078854d17de25e843c9325e88b5da,3229,70.0,39.0,interior,-0.0,-0.0,-0.0,-0.0,-0.0,-0.0
3,3,loading,0.65,5c7d09213eb778cb587a92456bc019676bb078854d17de25e843c9325e88b5da,3230,71.0,39.0,interior,-0.0,-0.0,-0.0,-0.0,-0.0,-0.0
3,3,loading,0.65,5c7d09213eb778cb587a92456bc019676bb078854d17de25e843c9325e88b5da,3231,72.0,39.0,interior,-0.0,-0.0,-0.0,-0.0,-0.0,-0.0
3,3,loading,0.65,5c7d09213eb778cb587a92456bc019676bb078854d17de25e843c9325e88b5da,3232,73.0,39.0,interior,-0.0,-0.0,-0.0,-0.0,-0.0,-0.0
3,3,loading,0.65,5c7d09213eb778cb587a92456bc019676bb078854d17de25e843c9325e88b5da,3233,74.0,39.0,interior,-0.0,-0.0,-0.0,-0.0,-0.0,-0.0
3,3,loading,0.65,5c7d09213eb778cb587a92456bc019676bb078854d17de25e843c9325e88b5da,3234,75.0,39.0,interior,-0.0,-0.0,-0.0,-0.0,-0.0,-0.0
3,3,loading,0.65,5c7d09213eb778cb587a92456bc019676bb078854d17de25e843c9325e88b5da,3235,76.0,39.0,interior,-0.0,-0.0,-0.0,-0.0,-0.0,-0.0
3,3,loading,0.65,5c7d09213eb778cb587a92456bc019676bb078854d17de25e843c9325e88b5da,3236,77.0,39.0,interior,-0.0,-0.0,-0.0,-0.0,-0.0,-0.0
3,3,loading,0.65,5c7d09213eb778cb587a92456bc019676bb078854d17de25e843c9325e88b5da,3237,78.0,39.0,interior,-0.0,-0.0,-0.0,-0.0,-0.0,-0.0
3,3,loading,0.65,5c7d09213eb778cb587a92456bc019676bb078854d17de25e843c9325e88b5da,3238,79.0,39.0,interior,-0.0,-0.0,-0.0,-0.0,-0.0,-0.0
3,3,loading,0.65,5c7d09213eb778cb587a92456bc019676bb078854d17de25e843c9325e88b5da,3239,80.0,39.0,physical_only,-0.0,-0.0,-0.0,-0.0,-0.0,-0.0
3,3,loading,0.65,5c7d09213eb778cb587a92456bc019676bb078854d17de25e843c9325e88b5da,3302,62.0,40.0,physical_and_cut,-2.1916886401899285e-06,-2.141873462747176e-06,-1.6698627247382438e-06,-7.488753035628348e-07,-5.218259154516847e-07,-1.3929981591843415e-06
3,3,loading,0.65,5c7d09213eb778cb587a92456bc019676bb078854d17de25e843c9325e88b5da,3303,63.0,40.0,cut_only,-0.0,-0.0,-0.0,-0.0,-0.0,-0.0
3,3,loading,0.65,5c7d09213eb778cb587a92456bc019676bb078854d17de25e843c9325e88b5da,3304,64.0,40.0,cut_only,-0.0,-0.0,-0.0,-0.0,-0.0,-0.0
3,3,loading,0.65,5c7d09213eb778cb587a92456bc019676bb078854d17de25e843c9325e88b5da,3305,65.0,40.0,cut_only,-0.0,-0.0,-0.0,-0.0,-0.0,-0.0
3,3,loading,0.65,5c7d09213eb778cb587a92456bc019676bb078854d17de25e843c9325e88b5da,3306,66.0,40.0,cut_only,-0.0,-0.0,-0.0,-0.0,-0.0,-0.0
3,3,loading,0.65,5c7d09213eb778cb587a92456bc019676bb078854d17de25e843c9325e88b5da,3307,67.0,40.0,cut_only,-0.0,-0.0,-0.0,-0.0,-0.0,-0.0
3,3,loading,0.65,5c7d09213eb778cb587a92456bc019676bb078854d17de25e843c9325e88b5da,3308,68.0,40.0,cut_only,-0.0,-0.0,-0.0,-0.0,-0.0,-0.0
3,3,loading,0.65,5c7d09213eb778cb587a92456bc019676bb078854d17de25e843c9325e88b5da,3309,69.0,40.0,cut_only,-0.0,-0.0,-0.0,-0.0,-0.0,-0.0
3,3,loading,0.65,5c7d09213eb778cb587a92456bc019676bb078854d17de25e843c9325e88b5da,3310,70.0,40.0,cut_only,-0.0,-0.0,-0.0,-0.0,-0.0,-0.0
3,3,loading,0.65,5c7d09213eb778cb587a92456bc019676bb078854d17de25e843c9325e88b5da,3311,71.0,40.0,cut_only,-0.0,-0.0,-0.0,-0.0,-0.0,-0.0
3,3,loading,0.65,5c7d09213eb778cb587a92456bc019676bb078854d17de25e843c9325e88b5da,3312,72.0,40.0,cut_only,-0.0,-0.0,-0.0,-0.0,-0.0,-0.0
3,3,loading,0.65,5c7d09213eb778cb587a92456bc019676bb078854d17de25e843c9325e88b5da,3313,73.0,40.0,cut_only,-0.0,-0.0,-0.0,-0.0,-0.0,-0.0
3,3,loading,0.65,5c7d09213eb778cb587a92456bc019676bb078854d17de25e843c9325e88b5da,3314,74.0,40.0,cut_only,-0.0,-0.0,-0.0,-0.0,-0.0,-0.0
3,3,loading,0.65,5c7d09213eb778cb587a92456bc019676bb078854d17de25e843c9325e88b5da,3315,75.0,40.0,cut_only,-0.0,-0.0,-0.0,-0.0,-0.0,-0.0
3,3,loading,0.65,5c7d09213eb778cb587a92456bc019676bb078854d17de25e843c9325e88b5da,3316,76.0,40.0,cut_only,-0.0,-0.0,-0.0,-0.0,-0.0,-0.0
3,3,loading,0.65,5c7d09213eb778cb587a92456bc019676bb078854d17de25e843c9325e88b5da,3317,77.0,40.0,cut_only,-0.0,-0.0,-0.0,-0.0,-0.0,-0.0
3,3,loading,0.65,5c7d09213eb778cb587a92456bc019676bb078854d17de25e843c9325e88b5da,3318,78.0,40.0,cut_only,-0.0,-0.0,-0.0,-0.0,-0.0,-0.0
3,3,loading,0.65,5c7d09213eb778cb587a92456bc019676bb078854d17de25e843c9325e88b5da,3319,79.0,40.0,cut_only,-0.0,-0.0,-0.0,-0.0,-0.0,-0.0
3,3,loading,0.65,5c7d09213eb778cb587a92456bc019676bb078854d17de25e843c9325e88b5da,3320,80.0,40.0,physical_and_cut,-0.0,-0.0,-0.0,-0.0,-0.0,-0.0
4,4,loading,0.75,8099eea97e92085b9a41b728f15d5dd1e5a677cc63ea448fc7bc9f85ceaf36e0,2573,62.0,31.0,physical_only,-0.00037817159556859044,-3.340352186666631e-05,-5.111804879056623e-06,5.4219394078412935e-06,-0.00037305979068953383,-3.882546127450757e-05
4,4,loading,0.75,8099eea97e92085b9a41b728f15d5dd1e5a677cc63ea448fc7bc9f85ceaf36e0,2574,63.0,31.0,physical_only,-1.5279674134383708e-06,-3.611278791880234e-05,-2.7406075290639236e-06,6.135512537330687e-06,1.2126401156255524e-06,-4.2248300456133e-05
4,4,loading,0.75,8099eea97e92085b9a41b728f15d5dd1e5a677cc63ea448fc7bc9f85ceaf36e0,2575,64.0,31.0,physical_only,1.3253408836067e-07,-4.720124596180753e-05,-2.7920953727346898e-06,7.792825211279422e-06,2.9246294610953598e-06,-5.499407117308695e-05
4,4,loading,0.75,8099eea97e92085b9a41b728f15d5dd1e5a677cc63ea448fc7bc9f85ceaf36e0,2576,65.0,31.0,physical_only,5.18381709408289e-07,-6.234876665852838e-05,-2.855720005288326e-06,9.652267490329208e-06,3.3741017146966157e-06,-7.20010341488576e-05
4,4,loading,0.75,8099eea97e92085b9a41b728f15d5dd1e5a677cc63ea448fc7bc9f85ceaf36e0,2577,66.0,31.0,physical_only,-3.2149172588065313e-07,-7.956393898082934e-05,-2.931130765439652e-06,1.177070010519298e-05,2.609639039558998e-06,-9.133463908602232e-05
4,4,loading,0.75,8099eea97e92085b9a41b728f15d5dd1e5a677cc63ea448fc7bc9f85ceaf36e0,2578,67.0,31.0,physical_only,-1.5278528509613605e-06,-9.841200447735434e-05,-3.0156992560238152e-06,1.4209273224438262e-05,1.4878464050624569e-06,-0.00011262127770179269
4,4,loading,0.75,8099eea97e92085b9a41b728f15d5dd1e5a677cc63ea448fc7bc9f85ceaf36e0,2579,68.0,31.0,physical_only,-1.5914420750660804e-06,-0.00012062155939866813,-3.108796681077371e-06,1.7037966001774482e-05,1.5173546060112884e-06,-0.0001376595254004426
4,4,loading,0.75,8099eea97e92085b9a41b728f15d5dd1e5a677cc63ea448fc7bc9f85ceaf36e0,2580,69.0,31.0,physical_only,-1.883566112870654e-06,-0.00014769941410304997,-3.211719941242321e-06,2.0345074264942092e-05,1.3281538283716663e-06,-0.000168044488367992
4,4,loading,0.75,8099eea97e92085b9a41b728f15d5dd1e5a677cc63ea448fc7bc9f85ceaf36e0,2581,70.0,31.0,physical_only,-2.317900890087832e-06,-0.00017962087791327898,-3.3273534153216275e-06,2.4247758549159114e-05,1.009452525233797e-06,-0.00020386863646243804
4,4,loading,0.75,8099eea97e92085b9a41b728f15d5dd1e5a677cc63ea448fc7bc9f85ceaf36e0,2582,71.0,31.0,physical_only,-2.9143582417304423e-06,-0.00021691332873371755,-3.4591173121742916e-06,2.8903606698721763e-05,5.447590704438472e-07,-0.00024581693543243924
4,4,loading,0.75,8099eea97e92085b9a41b728f15d5dd1e5a677cc63ea448fc7bc9f85ceaf36e0,2583,72.0,31.0,physical_only,-3.6381396171978465e-06,-0.0002600852737720328,-3.6117903768121425e-06,3.452891118045286e-05,-2.6349240385704887e-08,-0.0002946141849524855
4,4,loading,0.75,8099eea97e92085b9a41b728f15d5dd1e5a677cc63ea448fc7bc9f85ceaf36e0,2584,73.0,31.0,physical_only,-4.723729021806641e-06,-0.00030844974635223124,-3.791575263389177e-06,4.142656178091345e-05,-9.321537584174605e-07,-0.0003498763081331445
4,4,loading,0.75,8099eea97e92085b9a41b728f15d5dd1e5a677cc63ea448fc7bc9f85ceaf36e0,2585,74.0,31.0,physical_only,-2.2639342610322983e-06,-0.00036387715315495386,-4.008578537635185e-06,5.0034841331841884e-05,1.7446442766028853e-06,-0.0004139119944867962
4,4,loading,0.75,8099eea97e92085b9a41b728f15d5dd1e5a677cc63ea448fc7bc9f85ceaf36e0,2586,75.0,31.0,physical_only,3.5172299513511603e-06,-0.0004347384722231092,-4.281075778589315e-06,6.1024546147007966e-05,7.798305729940478e-06,-0.0004957630183701173
4,4,loading,0.75,8099eea97e92085b9a41b728f15d5dd1e5a677cc63ea448fc7bc9f85ceaf36e0,2587,76.0,31.0,physical_only,1.0615993544883903e-05,-0.0005322982698192716,-4.6423177924968684e-06,7.549951052392961e-05,1.5258311337380771e-05,-0.0006077977803432013
4,4,loading,0.75,8099eea97e92085b9a41b728f15d5dd1e5a677cc63ea448fc7bc9f85ceaf36e0,2588,77.0,31.0,physical_only,9.37971989029237e-06,-0.0006486235967830042,-5.1414648463055125e-06,9.53735578501986e-05,1.4521184736597891e-05,-0.0007439971546332027
4,4,loading,0.75,8099eea97e92085b9a41b728f15d5dd1e5a677cc63ea448fc7bc9f85ceaf36e0,2589,78.0,31.0,physical_only,5.4240173043243765e-06,-0.0007743224091479838,-5.858674257631875e-06,0.00012414454612980237,1.1282691561956238e-05,-0.0008984669552777862
4,4,loading,0.75,8099eea97e92085b9a41b728f15d5dd1e5a677cc63ea448fc7bc9f85ceaf36e0,2590,79.0,31.0,physical_only,-2.991261724240261e-06,-0.0007827066408429891,-6.890931042611884e-06,0.00016846164863448777,3.8996693183716255e-06,-0.0009511682894774763
4,4,loading,0.75,8099eea97e92085b9a41b728f15d5dd1e5a677cc63ea448fc7bc9f85ceaf36e0,2591,80.0,31.0,physical_only,-6.82951314212797e-05,0.006160778815098854,7.942339309764669e-06,7.159256255163332e-05,-7.623747073104436e-05,0.006089186252547221
4,4,loading,0.75,8099eea97e92085b9a41b728f15d5dd1e5a677cc63ea448fc7bc9f85ceaf36e0,2654,62.0,32.0,physical_only,-6.417516266417849e-06,-1.158218014800462e-06,-3.059741524546571e-06,1.3624015200975637e-07,-3.35777474187128e-06,-1.2944581668102185e-06
4,4,loading,0.75,8099eea97e92085b9a41b728f15d5dd1e5a677cc63ea448fc7bc9f85ceaf36e0,2655,63.0,32.0,interior,-0.0,-0.0,-0.0,-0.0,-0.0,-0.0
4,4,loading,0.75,8099eea97e92085b9a41b728f15d5dd1e5a677cc63ea448fc7bc9f85ceaf36e0,2656,64.0,32.0,interior,-0.0,-0.0,-0.0,-0.0,-0.0,-0.0
4,4,loading,0.75,8099eea97e92085b9a41b728f15d5dd1e5a677cc63ea448fc7bc9f85ceaf36e0,2657,65.0,32.0,interior,-0.0,-0.0,-0.0,-0.0,-0.0,-0.0
4,4,loading,0.75,8099eea97e92085b9a41b728f15d5dd1e5a677cc63ea448fc7bc9f85ceaf36e0,2658,66.0,32.0,interior,-0.0,-0.0,-0.0,-0.0,-0.0,-0.0
4,4,loading,0.75,8099eea97e92085b9a41b728f15d5dd1e5a677cc63ea448fc7bc9f85ceaf36e0,2659,67.0,32.0,interior,-0.0,-0.0,-0.0,-0.0,-0.0,-0.0
4,4,loading,0.75,8099eea97e92085b9a41b728f15d5dd1e5a677cc63ea448fc7bc9f85ceaf36e0,2660,68.0,32.0,interior,-0.0,-0.0,-0.0,-0.0,-0.0,-0.0
4,4,loading,0.75,8099eea97e92085b9a41b728f15d5dd1e5a677cc63ea448fc7bc9f85ceaf36e0,2661,69.0,32.0,interior,-0.0,-0.0,-0.0,-0.0,-0.0,-0.0
4,4,loading,0.75,8099eea97e92085b9a41b728f15d5dd1e5a677cc63ea448fc7bc9f85ceaf36e0,2662,70.0,32.0,interior,-0.0,-0.0,-0.0,-0.0,-0.0,-0.0
4,4,loading,0.75,8099eea97e92085b9a41b728f15d5dd1e5a677cc63ea448fc7bc9f85ceaf36e0,2663,71.0,32.0,interior,-0.0,-0.0,-0.0,-0.0,-0.0,-0.0
4,4,loading,0.75,8099eea97e92085b9a41b728f15d5dd1e5a677cc63ea448fc7bc9f85ceaf36e0,2664,72.0,32.0,interior,-0.0,-0.0,-0.0,-0.0,-0.0,-0.0
4,4,loading,0.75,8099eea97e92085b9a41b728f15d5dd1e5a677cc63ea448fc7bc9f85ceaf36e0,2665,73.0,32.0,interior,-0.0,-0.0,-0.0,-0.0,-0.0,-0.0
4,4,loading,0.75,8099eea97e92085b9a41b728f15d5dd1e5a677cc63ea448fc7bc9f85ceaf36e0,2666,74.0,32.0,interior,-0.0,-0.0,-0.0,-0.0,-0.0,-0.0
4,4,loading,0.75,8099eea97e92085b9a41b728f15d5dd1e5a677cc63ea448fc7bc9f85ceaf36e0,2667,75.0,32.0,interior,-0.0,-0.0,-0.0,-0.0,-0.0,-0.0
4,4,loading,0.75,8099eea97e92085b9a41b728f15d5dd1e5a677cc63ea448fc7bc9f85ceaf36e0,2668,76.0,32.0,interior,-0.0,-0.0,-0.0,-0.0,-0.0,-0.0
4,4,loading,0.75,8099eea97e92085b9a41b728f15d5dd1e5a677cc63ea448fc7bc9f85ceaf36e0,2669,77.0,32.0,interior,-0.0,-0.0,-0.0,-0.0,-0.0,-0.0
4,4,loading,0.75,8099eea97e92085b9a41b728f15d5dd1e5a677cc63ea448fc7bc9f85ceaf36e0,2670,78.0,32.0,interior,-0.0,-0.0,-0.0,-0.0,-0.0,-0.0
4,4,loading,0.75,8099eea97e92085b9a41b728f15d5dd1e5a677cc63ea448fc7bc9f85ceaf36e0,2671,79.0,32.0,interior,-0.0,-0.0,-0.0,-0.0,-0.0,-0.0
4,4,loading,0.75,8099eea97e92085b9a41b728f15d5dd1e5a677cc63ea448fc7bc9f85ceaf36e0,2672,80.0,32.0,physical_only,-0.0,-0.0,-0.0,-0.0,-0.0,-0.0
4,4,loading,0.75,8099eea97e92085b9a41b728f15d5dd1e5a677cc63ea448fc7bc9f85ceaf36e0,2735,62.0,33.0,physical_only,-5.184989515764338e-06,-7.573955925053482e-07,-3.234868366673788e-06,1.0622981263446534e-07,-1.95012114909055e-06,-8.636254051398134e-07
4,4,loading,0.75,8099eea97e92085b9a41b728f15d5dd1e5a677cc63ea448fc7bc9f85ceaf36e0,2736,63.0,33.0,interior,-0.0,-0.0,-0.0,-0.0,-0.0,-0.0
4,4,loading,0.75,8099eea97e92085b9a41b728f15d5dd1e5a677cc63ea448fc7bc9f85ceaf36e0,2737,64.0,33.0,interior,-0.0,-0.0,-0.0,-0.0,-0.0,-0.0
4,4,loading,0.75,8099eea97e92085b9a41b728f15d5dd1e5a677cc63ea448fc7bc9f85ceaf36e0,2738,65.0,33.0,interior,-0.0,-0.0,-0.0,-0.0,-0.0,-0.0
4,4,loading,0.75,8099eea97e92085b9a41b728f15d5dd1e5a677cc63ea448fc7bc9f85ceaf36e0,2739,66.0,33.0,interior,-0.0,-0.0,-0.0,-0.0,-0.0,-0.0
4,4,loading,0.75,8099eea97e92085b9a41b728f15d5dd1e5a677cc63ea448fc7bc9f85ceaf36e0,2740,67.0,33.0,interior,-0.0,-0.0,-0.0,-0.0,-0.0,-0.0
4,4,loading,0.75,8099eea97e92085b9a41b728f15d5dd1e5a677cc63ea448fc7bc9f85ceaf36e0,2741,68.0,33.0,interior,-0.0,-0.0,-0.0,-0.0,-0.0,-0.0
4,4,loading,0.75,8099eea97e92085b9a41b728f15d5dd1e5a677cc63ea448fc7bc9f85ceaf36e0,2742,69.0,33.0,interior,-0.0,-0.0,-0.0,-0.0,-0.0,-0.0
4,4,loading,0.75,8099eea97e92085b9a41b728f15d5dd1e5a677cc63ea448fc7bc9f85ceaf36e0,2743,70.0,33.0,interior,-0.0,-0.0,-0.0,-0.0,-0.0,-0.0
4,4,loading,0.75,8099eea97e92085b9a41b728f15d5dd1e5a677cc63ea448fc7bc9f85ceaf36e0,2744,71.0,33.0,interior,-0.0,-0.0,-0.0,-0.0,-0.0,-0.0
4,4,loading,0.75,8099eea97e92085b9a41b728f15d5dd1e5a677cc63ea448fc7bc9f85ceaf36e0,2745,72.0,33.0,interior,-0.0,-0.0,-0.0,-0.0,-0.0,-0.0
4,4,loading,0.75,8099eea97e92085b9a41b728f15d5dd1e5a677cc63ea448fc7bc9f85ceaf36e0,2746,73.0,33.0,interior,-0.0,-0.0,-0.0,-0.0,-0.0,-0.0
4,4,loading,0.75,8099eea97e92085b9a41b728f15d5dd1e5a677cc63ea448fc7bc9f85ceaf36e0,2747,74.0,33.0,interior,-0.0,-0.0,-0.0,-0.0,-0.0,-0.0
4,4,loading,0.75,8099eea97e92085b9a41b728f15d5dd1e5a677cc63ea448fc7bc9f85ceaf36e0,2748,75.0,33.0,interior,-0.0,-0.0,-0.0,-0.0,-0.0,-0.0
4,4,loading,0.75,8099eea97e92085b9a41b728f15d5dd1e5a677cc63ea448fc7bc9f85ceaf36e0,2749,76.0,33.0,interior,-0.0,-0.0,-0.0,-0.0,-0.0,-0.0
4,4,loading,0.75,8099eea97e92085b9a41b728f15d5dd1e5a677cc63ea448fc7bc9f85ceaf36e0,2750,77.0,33.0,interior,-0.0,-0.0,-0.0,-0.0,-0.0,-0.0
4,4,loading,0.75,8099eea97e92085b9a41b728f15d5dd1e5a677cc63ea448fc7bc9f85ceaf36e0,2751,78.0,33.0,interior,-0.0,-0.0,-0.0,-0.0,-0.0,-0.0
4,4,loading,0.75,8099eea97e92085b9a41b728f15d5dd1e5a677cc63ea448fc7bc9f85ceaf36e0,2752,79.0,33.0,interior,-0.0,-0.0,-0.0,-0.0,-0.0,-0.0
4,4,loading,0.75,8099eea97e92085b9a41b728f15d5dd1e5a677cc63ea448fc7bc9f85ceaf36e0,2753,80.0,33.0,physical_only,-0.0,-0.0,-0.0,-0.0,-0.0,-0.0
4,4,loading,0.75,8099eea97e92085b9a41b728f15d5dd1e5a677cc63ea448fc7bc9f85ceaf36e0,2816,62.0,34.0,physical_only,-4.631794876217156e-06,-3.22814562286936e-07,-3.3734711313765387e-06,8.687620697072988e-08,-1.2583237448406176e-06,-4.09690769257666e-07
4,4,loading,0.75,8099eea97e92085b9a41b728f15d5dd1e5a677cc63ea448fc7bc9f85ceaf36e0,2817,63.0,34.0,interior,-0.0,-0.0,-0.0,-0.0,-0.0,-0.0
4,4,loading,0.75,8099eea97e92085b9a41b728f15d5dd1e5a677cc63ea448fc7bc9f85ceaf36e0,2818,64.0,34.0,interior,-0.0,-0.0,-0.0,-0.0,-0.0,-0.0
4,4,loading,0.75,8099eea97e92085b9a41b728f15d5dd1e5a677cc63ea448fc7bc9f85ceaf36e0,2819,65.0,34.0,interior,-0.0,-0.0,-0.0,-0.0,-0.0,-0.0
4,4,loading,0.75,8099eea97e92085b9a41b728f15d5dd1e5a677cc63ea448fc7bc9f85ceaf36e0,2820,66.0,34.0,interior,-0.0,-0.0,-0.0,-0.0,-0.0,-0.0
4,4,loading,0.75,8099eea97e92085b9a41b728f15d5dd1e5a677cc63ea448fc7bc9f85ceaf36e0,2821,67.0,34.0,interior,-0.0,-0.0,-0.0,-0.0,-0.0,-0.0
4,4,loading,0.75,8099eea97e92085b9a41b728f15d5dd1e5a677cc63ea448fc7bc9f85ceaf36e0,2822,68.0,34.0,interior,-0.0,-0.0,-0.0,-0.0,-0.0,-0.0
4,4,loading,0.75,8099eea97e92085b9a41b728f15d5dd1e5a677cc63ea448fc7bc9f85ceaf36e0,2823,69.0,34.0,interior,-0.0,-0.0,-0.0,-0.0,-0.0,-0.0
4,4,loading,0.75,8099eea97e92085b9a41b728f15d5dd1e5a677cc63ea448fc7bc9f85ceaf36e0,2824,70.0,34.0,interior,-0.0,-0.0,-0.0,-0.0,-0.0,-0.0
4,4,loading,0.75,8099eea97e92085b9a41b728f15d5dd1e5a677cc63ea448fc7bc9f85ceaf36e0,2825,71.0,34.0,interior,-0.0,-0.0,-0.0,-0.0,-0.0,-0.0
4,4,loading,0.75,8099eea97e92085b9a41b728f15d5dd1e5a677cc63ea448fc7bc9f85ceaf36e0,2826,72.0,34.0,interior,-0.0,-0.0,-0.0,-0.0,-0.0,-0.0
4,4,loading,0.75,8099eea97e92085b9a41b728f15d5dd1e5a677cc63ea448fc7bc9f85ceaf36e0,2827,73.0,34.0,interior,-0.0,-0.0,-0.0,-0.0,-0.0,-0.0
4,4,loading,0.75,8099eea97e92085b9a41b728f15d5dd1e5a677cc63ea448fc7bc9f85ceaf36e0,2828,74.0,34.0,interior,-0.0,-0.0,-0.0,-0.0,-0.0,-0.0
4,4,loading,0.75,8099eea97e92085b9a41b728f15d5dd1e5a677cc63ea448fc7bc9f85ceaf36e0,2829,75.0,34.0,interior,-0.0,-0.0,-0.0,-0.0,-0.0,-0.0
4,4,loading,0.75,8099eea97e92085b9a41b728f15d5dd1e5a677cc63ea448fc7bc9f85ceaf36e0,2830,76.0,34.0,interior,-0.0,-0.0,-0.0,-0.0,-0.0,-0.0
4,4,loading,0.75,8099eea97e92085b9a41b728f15d5dd1e5a677cc63ea448fc7bc9f85ceaf36e0,2831,77.0,34.0,interior,-0.0,-0.0,-0.0,-0.0,-0.0,-0.0
4,4,loading,0.75,8099eea97e92085b9a41b728f15d5dd1e5a677cc63ea448fc7bc9f85ceaf36e0,2832,78.0,34.0,interior,-0.0,-0.0,-0.0,-0.0,-0.0,-0.0
4,4,loading,0.75,8099eea97e92085b9a41b728f15d5dd1e5a677cc63ea448fc7bc9f85ceaf36e0,2833,79.0,34.0,interior,-0.0,-0.0,-0.0,-0.0,-0.0,-0.0
4,4,loading,0.75,8099eea97e92085b9a41b728f15d5dd1e5a677cc63ea448fc7bc9f85ceaf36e0,2834,80.0,34.0,physical_only,-0.0,-0.0,-0.0,-0.0,-0.0,-0.0
4,4,loading,0.75,8099eea97e92085b9a41b728f15d5dd1e5a677cc63ea448fc7bc9f85ceaf36e0,2897,62.0,35.0,physical_only,-4.495402253443237e-06,7.881663105787466e-09,-3.4870832532802834e-06,7.300499920743086e-08,-1.0083190001629544e-06,-6.51233361016435e-08
4,4,loading,0.75,8099eea97e92085b9a41b728f15d5dd1e5a677cc63ea448fc7bc9f85ceaf36e0,2898,63.0,35.0,interior,-0.0,-0.0,-0.0,-0.0,-0.0,-0.0
4,4,loading,0.75,8099eea97e92085b9a41b728f15d5dd1e5a677cc63ea448fc7bc9f85ceaf36e0,2899,64.0,35.0,interior,-0.0,-0.0,-0.0,-0.0,-0.0,-0.0
4,4,loading,0.75,8099eea97e92085b9a41b728f15d5dd1e5a677cc63ea448fc7bc9f85ceaf36e0,2900,65.0,35.0,interior,-0.0,-0.0,-0.0,-0.0,-0.0,-0.0
4,4,loading,0.75,8099eea97e92085b9a41b728f15d5dd1e5a677cc63ea448fc7bc9f85ceaf36e0,2901,66.0,35.0,interior,-0.0,-0.0,-0.0,-0.0,-0.0,-0.0
4,4,loading,0.75,8099eea97e92085b9a41b728f15d5dd1e5a677cc63ea448fc7bc9f85ceaf36e0,2902,67.0,35.0,interior,-0.0,-0.0,-0.0,-0.0,-0.0,-0.0
4,4,loading,0.75,8099eea97e92085b9a41b728f15d5dd1e5a677cc63ea448fc7bc9f85ceaf36e0,2903,68.0,35.0,interior,-0.0,-0.0,-0.0,-0.0,-0.0,-0.0
4,4,loading,0.75,8099eea97e92085b9a41b728f15d5dd1e5a677cc63ea448fc7bc9f85ceaf36e0,2904,69.0,35.0,interior,-0.0,-0.0,-0.0,-0.0,-0.0,-0.0
4,4,loading,0.75,8099eea97e92085b9a41b728f15d5dd1e5a677cc63ea448fc7bc9f85ceaf36e0,2905,70.0,35.0,interior,-0.0,-0.0,-0.0,-0.0,-0.0,-0.0
4,4,loading,0.75,8099eea97e92085b9a41b728f15d5dd1e5a677cc63ea448fc7bc9f85ceaf36e0,2906,71.0,35.0,interior,-0.0,-0.0,-0.0,-0.0,-0.0,-0.0
4,4,loading,0.75,8099eea97e92085b9a41b728f15d5dd1e5a677cc63ea448fc7bc9f85ceaf36e0,2907,72.0,35.0,interior,-0.0,-0.0,-0.0,-0.0,-0.0,-0.0
4,4,loading,0.75,8099eea97e92085b9a41b728f15d5dd1e5a677cc63ea448fc7bc9f85ceaf36e0,2908,73.0,35.0,interior,-0.0,-0.0,-0.0,-0.0,-0.0,-0.0
4,4,loading,0.75,8099eea97e92085b9a41b728f15d5dd1e5a677cc63ea448fc7bc9f85ceaf36e0,2909,74.0,35.0,interior,-0.0,-0.0,-0.0,-0.0,-0.0,-0.0
4,4,loading,0.75,8099eea97e92085b9a41b728f15d5dd1e5a677cc63ea448fc7bc9f85ceaf36e0,2910,75.0,35.0,interior,-0.0,-0.0,-0.0,-0.0,-0.0,-0.0
4,4,loading,0.75,8099eea97e92085b9a41b728f15d5dd1e5a677cc63ea448fc7bc9f85ceaf36e0,2911,76.0,35.0,interior,-0.0,-0.0,-0.0,-0.0,-0.0,-0.0
4,4,loading,0.75,8099eea97e92085b9a41b728f15d5dd1e5a677cc63ea448fc7bc9f85ceaf36e0,2912,77.0,35.0,interior,-0.0,-0.0,-0.0,-0.0,-0.0,-0.0
4,4,loading,0.75,8099eea97e92085b9a41b728f15d5dd1e5a677cc63ea448fc7bc9f85ceaf36e0,2913,78.0,35.0,interior,-0.0,-0.0,-0.0,-0.0,-0.0,-0.0
4,4,loading,0.75,8099eea97e92085b9a41b728f15d5dd1e5a677cc63ea448fc7bc9f85ceaf36e0,2914,79.0,35.0,interior,-0.0,-0.0,-0.0,-0.0,-0.0,-0.0
4,4,loading,0.75,8099eea97e92085b9a41b728f15d5dd1e5a677cc63ea448fc7bc9f85ceaf36e0,2915,80.0,35.0,physical_only,-0.0,-0.0,-0.0,-0.0,-0.0,-0.0
4,4,loading,0.75,8099eea97e92085b9a41b728f15d5dd1e5a677cc63ea448fc7bc9f85ceaf36e0,2978,62.0,36.0,physical_only,-4.575278387475467e-06,1.7525275290433744e-07,-3.5807027440392067e-06,6.070115544798902e-08,-9.945756434362605e-07,1.1455159745634863e-07
4,4,loading,0.75,8099eea97e92085b9a41b728f15d5dd1e5a677cc63ea448fc7bc9f85ceaf36e0,2979,63.0,36.0,interior,-0.0,-0.0,-0.0,-0.0,-0.0,-0.0
4,4,loading,0.75,8099eea97e92085b9a41b728f15d5dd1e5a677cc63ea448fc7bc9f85ceaf36e0,2980,64.0,36.0,interior,-0.0,-0.0,-0.0,-0.0,-0.0,-0.0
4,4,loading,0.75,8099eea97e92085b9a41b728f15d5dd1e5a677cc63ea448fc7bc9f85ceaf36e0,2981,65.0,36.0,interior,-0.0,-0.0,-0.0,-0.0,-0.0,-0.0
4,4,loading,0.75,8099eea97e92085b9a41b728f15d5dd1e5a677cc63ea448fc7bc9f85ceaf36e0,2982,66.0,36.0,interior,-0.0,-0.0,-0.0,-0.0,-0.0,-0.0
4,4,loading,0.75,8099eea97e92085b9a41b728f15d5dd1e5a677cc63ea448fc7bc9f85ceaf36e0,2983,67.0,36.0,interior,-0.0,-0.0,-0.0,-0.0,-0.0,-0.0
4,4,loading,0.75,8099eea97e92085b9a41b728f15d5dd1e5a677cc63ea448fc7bc9f85ceaf36e0,2984,68.0,36.0,interior,-0.0,-0.0,-0.0,-0.0,-0.0,-0.0
4,4,loading,0.75,8099eea97e92085b9a41b728f15d5dd1e5a677cc63ea448fc7bc9f85ceaf36e0,2985,69.0,36.0,interior,-0.0,-0.0,-0.0,-0.0,-0.0,-0.0
4,4,loading,0.75,8099eea97e92085b9a41b728f15d5dd1e5a677cc63ea448fc7bc9f85ceaf36e0,2986,70.0,36.0,interior,-0.0,-0.0,-0.0,-0.0,-0.0,-0.0
4,4,loading,0.75,8099eea97e92085b9a41b728f15d5dd1e5a677cc63ea448fc7bc9f85ceaf36e0,2987,71.0,36.0,interior,-0.0,-0.0,-0.0,-0.0,-0.0,-0.0
4,4,loading,0.75,8099eea97e92085b9a41b728f15d5dd1e5a677cc63ea448fc7bc9f85ceaf36e0,2988,72.0,36.0,interior,-0.0,-0.0,-0.0,-0.0,-0.0,-0.0
4,4,loading,0.75,8099eea97e92085b9a41b728f15d5dd1e5a677cc63ea448fc7bc9f85ceaf36e0,2989,73.0,36.0,interior,-0.0,-0.0,-0.0,-0.0,-0.0,-0.0
4,4,loading,0.75,8099eea97e92085b9a41b728f15d5dd1e5a677cc63ea448fc7bc9f85ceaf36e0,2990,74.0,36.0,interior,-0.0,-0.0,-0.0,-0.0,-0.0,-0.0
4,4,loading,0.75,8099eea97e92085b9a41b728f15d5dd1e5a677cc63ea448fc7bc9f85ceaf36e0,2991,75.0,36.0,interior,-0.0,-0.0,-0.0,-0.0,-0.0,-0.0
4,4,loading,0.75,8099eea97e92085b9a41b728f15d5dd1e5a677cc63ea448fc7bc9f85ceaf36e0,2992,76.0,36.0,interior,-0.0,-0.0,-0.0,-0.0,-0.0,-0.0
4,4,loading,0.75,8099eea97e92085b9a41b728f15d5dd1e5a677cc63ea448fc7bc9f85ceaf36e0,2993,77.0,36.0,interior,-0.0,-0.0,-0.0,-0.0,-0.0,-0.0
4,4,loading,0.75,8099eea97e92085b9a41b728f15d5dd1e5a677cc63ea448fc7bc9f85ceaf36e0,2994,78.0,36.0,interior,-0.0,-0.0,-0.0,-0.0,-0.0,-0.0
4,4,loading,0.75,8099eea97e92085b9a41b728f15d5dd1e5a677cc63ea448fc7bc9f85ceaf36e0,2995,79.0,36.0,interior,-0.0,-0.0,-0.0,-0.0,-0.0,-0.0
4,4,loading,0.75,8099eea97e92085b9a41b728f15d5dd1e5a677cc63ea448fc7bc9f85ceaf36e0,2996,80.0,36.0,physical_only,-0.0,-0.0,-0.0,-0.0,-0.0,-0.0
4,4,loading,0.75,8099eea97e92085b9a41b728f15d5dd1e5a677cc63ea448fc7bc9f85ceaf36e0,3059,62.0,37.0,physical_only,-4.713715652232373e-06,2.139943974788454e-07,-3.6552984310828893e-06,4.76278570353358e-08,-1.058417221149484e-06,1.663665404435096e-07
4,4,loading,0.75,8099eea97e92085b9a41b728f15d5dd1e5a677cc63ea448fc7bc9f85ceaf36e0,3060,63.0,37.0,interior,-0.0,-0.0,-0.0,-0.0,-0.0,-0.0
4,4,loading,0.75,8099eea97e92085b9a41b728f15d5dd1e5a677cc63ea448fc7bc9f85ceaf36e0,3061,64.0,37.0,interior,-0.0,-0.0,-0.0,-0.0,-0.0,-0.0
4,4,loading,0.75,8099eea97e92085b9a41b728f15d5dd1e5a677cc63ea448fc7bc9f85ceaf36e0,3062,65.0,37.0,interior,-0.0,-0.0,-0.0,-0.0,-0.0,-0.0
4,4,loading,0.75,8099eea97e92085b9a41b728f15d5dd1e5a677cc63ea448fc7bc9f85ceaf36e0,3063,66.0,37.0,interior,-0.0,-0.0,-0.0,-0.0,-0.0,-0.0
4,4,loading,0.75,8099eea97e92085b9a41b728f15d5dd1e5a677cc63ea448fc7bc9f85ceaf36e0,3064,67.0,37.0,interior,-0.0,-0.0,-0.0,-0.0,-0.0,-0.0
4,4,loading,0.75,8099eea97e92085b9a41b728f15d5dd1e5a677cc63ea448fc7bc9f85ceaf36e0,3065,68.0,37.0,interior,-0.0,-0.0,-0.0,-0.0,-0.0,-0.0
4,4,loading,0.75,8099eea97e92085b9a41b728f15d5dd1e5a677cc63ea448fc7bc9f85ceaf36e0,3066,69.0,37.0,interior,-0.0,-0.0,-0.0,-0.0,-0.0,-0.0
4,4,loading,0.75,8099eea97e92085b9a41b728f15d5dd1e5a677cc63ea448fc7bc9f85ceaf36e0,3067,70.0,37.0,interior,-0.0,-0.0,-0.0,-0.0,-0.0,-0.0
4,4,loading,0.75,8099eea97e92085b9a41b728f15d5dd1e5a677cc63ea448fc7bc9f85ceaf36e0,3068,71.0,37.0,interior,-0.0,-0.0,-0.0,-0.0,-0.0,-0.0
4,4,loading,0.75,8099eea97e92085b9a41b728f15d5dd1e5a677cc63ea448fc7bc9f85ceaf36e0,3069,72.0,37.0,interior,-0.0,-0.0,-0.0,-0.0,-0.0,-0.0
4,4,loading,0.75,8099eea97e92085b9a41b728f15d5dd1e5a677cc63ea448fc7bc9f85ceaf36e0,3070,73.0,37.0,interior,-0.0,-0.0,-0.0,-0.0,-0.0,-0.0
4,4,loading,0.75,8099eea97e92085b9a41b728f15d5dd1e5a677cc63ea448fc7bc9f85ceaf36e0,3071,74.0,37.0,interior,-0.0,-0.0,-0.0,-0.0,-0.0,-0.0
4,4,loading,0.75,8099eea97e92085b9a41b728f15d5dd1e5a677cc63ea448fc7bc9f85ceaf36e0,3072,75.0,37.0,interior,-0.0,-0.0,-0.0,-0.0,-0.0,-0.0
4,4,loading,0.75,8099eea97e92085b9a41b728f15d5dd1e5a677cc63ea448fc7bc9f85ceaf36e0,3073,76.0,37.0,interior,-0.0,-0.0,-0.0,-0.0,-0.0,-0.0
4,4,loading,0.75,8099eea97e92085b9a41b728f15d5dd1e5a677cc63ea448fc7bc9f85ceaf36e0,3074,77.0,37.0,interior,-0.0,-0.0,-0.0,-0.0,-0.0,-0.0
4,4,loading,0.75,8099eea97e92085b9a41b728f15d5dd1e5a677cc63ea448fc7bc9f85ceaf36e0,3075,78.0,37.0,interior,-0.0,-0.0,-0.0,-0.0,-0.0,-0.0
4,4,loading,0.75,8099eea97e92085b9a41b728f15d5dd1e5a677cc63ea448fc7bc9f85ceaf36e0,3076,79.0,37.0,interior,-0.0,-0.0,-0.0,-0.0,-0.0,-0.0
4,4,loading,0.75,8099eea97e92085b9a41b728f15d5dd1e5a677cc63ea448fc7bc9f85ceaf36e0,3077,80.0,37.0,physical_only,-0.0,-0.0,-0.0,-0.0,-0.0,-0.0
4,4,loading,0.75,8099eea97e92085b9a41b728f15d5dd1e5a677cc63ea448fc7bc9f85ceaf36e0,3140,62.0,38.0,physical_only,-4.833652898097249e-06,1.721357314619558e-07,-3.709958929113791e-06,3.297642396085296e-08,-1.1236939689834576e-06,1.3915930750110296e-07
4,4,loading,0.75,8099eea97e92085b9a41b728f15d5dd1e5a677cc63ea448fc7bc9f85ceaf36e0,3141,63.0,38.0,interior,-0.0,-0.0,-0.0,-0.0,-0.0,-0.0
4,4,loading,0.75,8099eea97e92085b9a41b728f15d5dd1e5a677cc63ea448fc7bc9f85ceaf36e0,3142,64.0,38.0,interior,-0.0,-0.0,-0.0,-0.0,-0.0,-0.0
4,4,loading,0.75,8099eea97e92085b9a41b728f15d5dd1e5a677cc63ea448fc7bc9f85ceaf36e0,3143,65.0,38.0,interior,-0.0,-0.0,-0.0,-0.0,-0.0,-0.0
4,4,loading,0.75,8099eea97e92085b9a41b728f15d5dd1e5a677cc63ea448fc7bc9f85ceaf36e0,3144,66.0,38.0,interior,-0.0,-0.0,-0.0,-0.0,-0.0,-0.0
4,4,loading,0.75,8099eea97e92085b9a41b728f15d5dd1e5a677cc63ea448fc7bc9f85ceaf36e0,3145,67.0,38.0,interior,-0.0,-0.0,-0.0,-0.0,-0.0,-0.0
4,4,loading,0.75,8099eea97e92085b9a41b728f15d5dd1e5a677cc63ea448fc7bc9f85ceaf36e0,3146,68.0,38.0,interior,-0.0,-0.0,-0.0,-0.0,-0.0,-0.0
4,4,loading,0.75,8099eea97e92085b9a41b728f15d5dd1e5a677cc63ea448fc7bc9f85ceaf36e0,3147,69.0,38.0,interior,-0.0,-0.0,-0.0,-0.0,-0.0,-0.0
4,4,loading,0.75,8099eea97e92085b9a41b728f15d5dd1e5a677cc63ea448fc7bc9f85ceaf36e0,3148,70.0,38.0,interior,-0.0,-0.0,-0.0,-0.0,-0.0,-0.0
4,4,loading,0.75,8099eea97e92085b9a41b728f15d5dd1e5a677cc63ea448fc7bc9f85ceaf36e0,3149,71.0,38.0,interior,-0.0,-0.0,-0.0,-0.0,-0.0,-0.0
4,4,loading,0.75,8099eea97e92085b9a41b728f15d5dd1e5a677cc63ea448fc7bc9f85ceaf36e0,3150,72.0,38.0,interior,-0.0,-0.0,-0.0,-0.0,-0.0,-0.0
4,4,loading,0.75,8099eea97e92085b9a41b728f15d5dd1e5a677cc63ea448fc7bc9f85ceaf36e0,3151,73.0,38.0,interior,-0.0,-0.0,-0.0,-0.0,-0.0,-0.0
4,4,loading,0.75,8099eea97e92085b9a41b728f15d5dd1e5a677cc63ea448fc7bc9f85ceaf36e0,3152,74.0,38.0,interior,-0.0,-0.0,-0.0,-0.0,-0.0,-0.0
4,4,loading,0.75,8099eea97e92085b9a41b728f15d5dd1e5a677cc63ea448fc7bc9f85ceaf36e0,3153,75.0,38.0,interior,-0.0,-0.0,-0.0,-0.0,-0.0,-0.0
4,4,loading,0.75,8099eea97e92085b9a41b728f15d5dd1e5a677cc63ea448fc7bc9f85ceaf36e0,3154,76.0,38.0,interior,-0.0,-0.0,-0.0,-0.0,-0.0,-0.0
4,4,loading,0.75,8099eea97e92085b9a41b728f15d5dd1e5a677cc63ea448fc7bc9f85ceaf36e0,3155,77.0,38.0,interior,-0.0,-0.0,-0.0,-0.0,-0.0,-0.0
4,4,loading,0.75,8099eea97e92085b9a41b728f15d5dd1e5a677cc63ea448fc7bc9f85ceaf36e0,3156,78.0,38.0,interior,-0.0,-0.0,-0.0,-0.0,-0.0,-0.0
4,4,loading,0.75,8099eea97e92085b9a41b728f15d5dd1e5a677cc63ea448fc7bc9f85ceaf36e0,3157,79.0,38.0,interior,-0.0,-0.0,-0.0,-0.0,-0.0,-0.0
4,4,loading,0.75,8099eea97e92085b9a41b728f15d5dd1e5a677cc63ea448fc7bc9f85ceaf36e0,3158,80.0,38.0,physical_only,-0.0,-0.0,-0.0,-0.0,-0.0,-0.0
4,4,loading,0.75,8099eea97e92085b9a41b728f15d5dd1e5a677cc63ea448fc7bc9f85ceaf36e0,3221,62.0,39.0,physical_only,-4.906532245472498e-06,9.226828350660044e-08,-3.743390457061512e-06,1.6890516155846022e-08,-1.1631417884109858e-06,7.53777673507541e-08
4,4,loading,0.75,8099eea97e92085b9a41b728f15d5dd1e5a677cc63ea448fc7bc9f85ceaf36e0,3222,63.0,39.0,interior,-0.0,-0.0,-0.0,-0.0,-0.0,-0.0
4,4,loading,0.75,8099eea97e92085b9a41b728f15d5dd1e5a677cc63ea448fc7bc9f85ceaf36e0,3223,64.0,39.0,interior,-0.0,-0.0,-0.0,-0.0,-0.0,-0.0
4,4,loading,0.75,8099eea97e92085b9a41b728f15d5dd1e5a677cc63ea448fc7bc9f85ceaf36e0,3224,65.0,39.0,interior,-0.0,-0.0,-0.0,-0.0,-0.0,-0.0
4,4,loading,0.75,8099eea97e92085b9a41b728f15d5dd1e5a677cc63ea448fc7bc9f85ceaf36e0,3225,66.0,39.0,interior,-0.0,-0.0,-0.0,-0.0,-0.0,-0.0
4,4,loading,0.75,8099eea97e92085b9a41b728f15d5dd1e5a677cc63ea448fc7bc9f85ceaf36e0,3226,67.0,39.0,interior,-0.0,-0.0,-0.0,-0.0,-0.0,-0.0
4,4,loading,0.75,8099eea97e92085b9a41b728f15d5dd1e5a677cc63ea448fc7bc9f85ceaf36e0,3227,68.0,39.0,interior,-0.0,-0.0,-0.0,-0.0,-0.0,-0.0
4,4,loading,0.75,8099eea97e92085b9a41b728f15d5dd1e5a677cc63ea448fc7bc9f85ceaf36e0,3228,69.0,39.0,interior,-0.0,-0.0,-0.0,-0.0,-0.0,-0.0
4,4,loading,0.75,8099eea97e92085b9a41b728f15d5dd1e5a677cc63ea448fc7bc9f85ceaf36e0,3229,70.0,39.0,interior,-0.0,-0.0,-0.0,-0.0,-0.0,-0.0
4,4,loading,0.75,8099eea97e92085b9a41b728f15d5dd1e5a677cc63ea448fc7bc9f85ceaf36e0,3230,71.0,39.0,interior,-0.0,-0.0,-0.0,-0.0,-0.0,-0.0
4,4,loading,0.75,8099eea97e92085b9a41b728f15d5dd1e5a677cc63ea448fc7bc9f85ceaf36e0,3231,72.0,39.0,interior,-0.0,-0.0,-0.0,-0.0,-0.0,-0.0
4,4,loading,0.75,8099eea97e92085b9a41b728f15d5dd1e5a677cc63ea448fc7bc9f85ceaf36e0,3232,73.0,39.0,interior,-0.0,-0.0,-0.0,-0.0,-0.0,-0.0
4,4,loading,0.75,8099eea97e92085b9a41b728f15d5dd1e5a677cc63ea448fc7bc9f85ceaf36e0,3233,74.0,39.0,interior,-0.0,-0.0,-0.0,-0.0,-0.0,-0.0
4,4,loading,0.75,8099eea97e92085b9a41b728f15d5dd1e5a677cc63ea448fc7bc9f85ceaf36e0,3234,75.0,39.0,interior,-0.0,-0.0,-0.0,-0.0,-0.0,-0.0
4,4,loading,0.75,8099eea97e92085b9a41b728f15d5dd1e5a677cc63ea448fc7bc9f85ceaf36e0,3235,76.0,39.0,interior,-0.0,-0.0,-0.0,-0.0,-0.0,-0.0
4,4,loading,0.75,8099eea97e92085b9a41b728f15d5dd1e5a677cc63ea448fc7bc9f85ceaf36e0,3236,77.0,39.0,interior,-0.0,-0.0,-0.0,-0.0,-0.0,-0.0
4,4,loading,0.75,8099eea97e92085b9a41b728f15d5dd1e5a677cc63ea448fc7bc9f85ceaf36e0,3237,78.0,39.0,interior,-0.0,-0.0,-0.0,-0.0,-0.0,-0.0
4,4,loading,0.75,8099eea97e92085b9a41b728f15d5dd1e5a677cc63ea448fc7bc9f85ceaf36e0,3238,79.0,39.0,interior,-0.0,-0.0,-0.0,-0.0,-0.0,-0.0
4,4,loading,0.75,8099eea97e92085b9a41b728f15d5dd1e5a677cc63ea448fc7bc9f85ceaf36e0,3239,80.0,39.0,physical_only,-0.0,-0.0,-0.0,-0.0,-0.0,-0.0
4,4,loading,0.75,8099eea97e92085b9a41b728f15d5dd1e5a677cc63ea448fc7bc9f85ceaf36e0,3302,62.0,40.0,physical_and_cut,-2.4650638148196163e-06,-2.060885714374663e-06,-1.8773227465233481e-06,-8.479444042546835e-07,-5.877410682962683e-07,-1.2129413101199795e-06
4,4,loading,0.75,8099eea97e92085b9a41b728f15d5dd1e5a677cc63ea448fc7bc9f85ceaf36e0,3303,63.0,40.0,cut_only,-0.0,-0.0,-0.0,-0.0,-0.0,-0.0
4,4,loading,0.75,8099eea97e92085b9a41b728f15d5dd1e5a677cc63ea448fc7bc9f85ceaf36e0,3304,64.0,40.0,cut_only,-0.0,-0.0,-0.0,-0.0,-0.0,-0.0
4,4,loading,0.75,8099eea97e92085b9a41b728f15d5dd1e5a677cc63ea448fc7bc9f85ceaf36e0,3305,65.0,40.0,cut_only,-0.0,-0.0,-0.0,-0.0,-0.0,-0.0
4,4,loading,0.75,8099eea97e92085b9a41b728f15d5dd1e5a677cc63ea448fc7bc9f85ceaf36e0,3306,66.0,40.0,cut_only,-0.0,-0.0,-0.0,-0.0,-0.0,-0.0
4,4,loading,0.75,8099eea97e92085b9a41b728f15d5dd1e5a677cc63ea448fc7bc9f85ceaf36e0,3307,67.0,40.0,cut_only,-0.0,-0.0,-0.0,-0.0,-0.0,-0.0
4,4,loading,0.75,8099eea97e92085b9a41b728f15d5dd1e5a677cc63ea448fc7bc9f85ceaf36e0,3308,68.0,40.0,cut_only,-0.0,-0.0,-0.0,-0.0,-0.0,-0.0
4,4,loading,0.75,8099eea97e92085b9a41b728f15d5dd1e5a677cc63ea448fc7bc9f85ceaf36e0,3309,69.0,40.0,cut_only,-0.0,-0.0,-0.0,-0.0,-0.0,-0.0
4,4,loading,0.75,8099eea97e92085b9a41b728f15d5dd1e5a677cc63ea448fc7bc9f85ceaf36e0,3310,70.0,40.0,cut_only,-0.0,-0.0,-0.0,-0.0,-0.0,-0.0
4,4,loading,0.75,8099eea97e92085b9a41b728f15d5dd1e5a677cc63ea448fc7bc9f85ceaf36e0,3311,71.0,40.0,cut_only,-0.0,-0.0,-0.0,-0.0,-0.0,-0.0
4,4,loading,0.75,8099eea97e92085b9a41b728f15d5dd1e5a677cc63ea448fc7bc9f85ceaf36e0,3312,72.0,40.0,cut_only,-0.0,-0.0,-0.0,-0.0,-0.0,-0.0
4,4,loading,0.75,8099eea97e92085b9a41b728f15d5dd1e5a677cc63ea448fc7bc9f85ceaf36e0,3313,73.0,40.0,cut_only,-0.0,-0.0,-0.0,-0.0,-0.0,-0.0
4,4,loading,0.75,8099eea97e92085b9a41b728f15d5dd1e5a677cc63ea448fc7bc9f85ceaf36e0,3314,74.0,40.0,cut_only,-0.0,-0.0,-0.0,-0.0,-0.0,-0.0
4,4,loading,0.75,8099eea97e92085b9a41b728f15d5dd1e5a677cc63ea448fc7bc9f85ceaf36e0,3315,75.0,40.0,cut_only,-0.0,-0.0,-0.0,-0.0,-0.0,-0.0
4,4,loading,0.75,8099eea97e92085b9a41b728f15d5dd1e5a677cc63ea448fc7bc9f85ceaf36e0,3316,76.0,40.0,cut_only,-0.0,-0.0,-0.0,-0.0,-0.0,-0.0
4,4,loading,0.75,8099eea97e92085b9a41b728f15d5dd1e5a677cc63ea448fc7bc9f85ceaf36e0,3317,77.0,40.0,cut_only,-0.0,-0.0,-0.0,-0.0,-0.0,-0.0
4,4,loading,0.75,8099eea97e92085b9a41b728f15d5dd1e5a677cc63ea448fc7bc9f85ceaf36e0,3318,78.0,40.0,cut_only,-0.0,-0.0,-0.0,-0.0,-0.0,-0.0
4,4,loading,0.75,8099eea97e92085b9a41b728f15d5dd1e5a677cc63ea448fc7bc9f85ceaf36e0,3319,79.0,40.0,cut_only,-0.0,-0.0,-0.0,-0.0,-0.0,-0.0
4,4,loading,0.75,8099eea97e92085b9a41b728f15d5dd1e5a677cc63ea448fc7bc9f85ceaf36e0,3320,80.0,40.0,physical_and_cut,-0.0,-0.0,-0.0,-0.0,-0.0,-0.0
5,5,loading,0.8,63969b471b63dc4c937b18fbcc1b320939dabf435737a018be907223ed8af76a,2573,62.0,31.0,physical_only,-0.00040849390316052055,-4.675682236670995e-05,-5.4031436145411024e-06,5.862254154790569e-06,-0.00040309075954597943,-5.261907652150055e-05
5,5,loading,0.8,63969b471b63dc4c937b18fbcc1b320939dabf435737a018be907223ed8af76a,2574,63.0,31.0,physical_only,-1.3660283672609245e-06,-4.454947581845873e-05,-2.946021091641658e-06,6.670319192295879e-06,1.5799927243807332e-06,-5.12197950107546e-05
5,5,loading,0.8,63969b471b63dc4c937b18fbcc1b320939dabf435737a018be907223ed8af76a,2575,64.0,31.0,physical_only,6.393976263355782e-07,-5.887026816353086e-05,-3.006372105585346e-06,8.506659666249952e-06,3.645769731920924e-06,-6.737692782978079e-05
5,5,loading,0.8,63969b471b63dc4c937b18fbcc1b320939dabf435737a018be907223ed8af76a,2576,65.0,31.0,physical_only,1.1662388393078523e-06,-7.869297651059981e-05,-3.0813873865332356e-06,1.0589386063110411e-05,4.2476262258410905e-06,-8.92823625737102e-05
5,5,loading,0.8,63969b471b63dc4c937b18fbcc1b320939dabf435737a018be907223ed8af76a,2577,66.0,31.0,physical_only,2.1514519888000933e-07,-0.00010177722925874957,-3.171052517623963e-06,1.2991820213238347e-05,3.3861977165039707e-06,-0.00011476904947198795
5,5,loading,0.8,63969b471b63dc4c937b18fbcc1b320939dabf435737a018be907223ed8af76a,2578,67.0,31.0,physical_only,-1.2351565661211255e-06,-0.00012769203508404678,-3.272847611524739e-06,1.5796293859186458e-05,2.0376910454036133e-06,-0.0001434883289432331
5,5,loading,0.8,63969b471b63dc4c937b18fbcc1b320939dabf435737a018be907223ed8af76a,2579,68.0,31.0,physical_only,-1.2863391043186142e-06,-0.0001586814523226041,-3.3867112394225415e-06,1.9101396775256855e-05,2.1003721351039247e-06,-0.00017778284909786095
5,5,loading,0.8,63969b471b63dc4c937b18fbcc1b320939dabf435737a018be907223ed8af76a,2580,69.0,31.0,physical_only,-1.630300854314839e-06,-0.00019684913798303269,-3.5150632124908844e-06,2.3036230307266413e-05,1.8847623581760458e-06,-0.00021988536829029904
5,5,loading,0.8,63969b471b63dc4c937b18fbcc1b320939dabf435737a018be907223ed8af76a,2581,70.0,31.0,physical_only,-2.1528070179706916e-06,-0.00024240097741016716,-3.6625466458408485e-06,2.7778120861000872e-05,1.5097396278701519e-06,-0.00027017909827116806
5,5,loading,0.8,63969b471b63dc4c937b18fbcc1b320939dabf435737a018be907223ed8af76a,2582,71.0,31.0,physical_only,-2.858703028879607e-06,-0.00029627210827653833,-3.835110600597619e-06,3.357532559606784e-05,9.764075717180122e-07,-0.0003298474338726061
5,5,loading,0.8,63969b471b63dc4c937b18fbcc1b320939dabf435737a018be907223ed8af76a,2583,72.0,31.0,physical_only,-3.6585914096311993e-06,-0.0003594113765935335,-4.041410483429097e-06,4.0785082912869465e-05,3.8281907379789573e-07,-0.0004001964595064028
5,5,loading,0.8,63969b471b63dc4c937b18fbcc1b320939dabf435737a018be907223ed8af76a,2584,73.0,31.0,physical_only,-4.732498596971718e-06,-0.000431381194394744,-4.293712506029591e-06,4.9937152634356604e-05,-4.3878609094212434e-07,-0.00048131834702910044
5,5,loading,0.8,63969b471b63dc4c937b18fbcc1b320939dabf435737a018be907223ed8af76a,2585,74.0,31.0,physical_only,-1.034545165847372e-06,-0.0005152104879063311,-4.6123955655221e-06,6.185231384828349e-05,3.577850399674724e-06,-0.0005770628017546147
5,5,loading,0.8,63969b471b63dc4c937b18fbcc1b320939dabf435737a018be907223ed8af76a,2586,75.0,31.0,physical_only,7.0315172750179355e-06,-0.0006226335494056074,-5.034783080913767e-06,7.789031500557405e-05,1.2066300355931705e-05,-0.0007005238644111817
5,5,loading,0.8,63969b471b63dc4c937b18fbcc1b320939dabf435737a018be907223ed8af76a,2587,76.0,31.0,physical_only,1.617868223760668e-05,-0.0007686300511117899,-5.631784137392982e-06,0.00010050744614291599,2.181046637499967e-05,-0.0008691374972547056
5,5,loading,0.8,63969b471b63dc4c937b18fbcc1b320939dabf435737a018be907223ed8af76a,2588,77.0,31.0,physical_only,1.2752848886665757e-05,-0.0009396110955132283,-6.529068678769889e-06,0.00013453726614641123,1.928191756543564e-05,-0.0010741483616596393
5,5,loading,0.8,63969b471b63dc4c937b18fbcc1b320939dabf435737a018be907223ed8af76a,2589,78.0,31.0,physical_only,4.83856135991333e-06,-0.0011157559197351166,-7.985707742839204e-06,0.0001906246962152467,1.2824269102752544e-05,-0.001306380615950363
5,5,loading,0.8,63969b471b63dc4c937b18fbcc1b320939dabf435737a018be907223ed8af76a,2590,79.0,31.0,physical_only,-1.193421937025823e-05,-0.0010480134254460712,-1.0520712115329279e-05,0.0002956850341713406,-1.41350725492896e-06,-0.0013436984596174135
5,5,loading,0.8,63969b471b63dc4c937b18fbcc1b320939dabf435737a018be907223ed8af76a,2591,80.0,31.0,physical_only,-8.851720189853488e-05,0.008583278339031818,8.728431217558363e-06,0.00013596058818868465,-9.724563311609324e-05,0.008447317750843134
5,5,loading,0.8,63969b471b63dc4c937b18fbcc1b320939dabf435737a018be907223ed8af76a,2654,62.0,32.0,physical_only,-6.7109940304782e-06,-1.144616642320184e-06,-3.185880740899108e-06,1.3780406148493567e-07,-3.5251132895790925e-06,-1.2824207038051195e-06
5,5,loading,0.8,63969b471b63dc4c937b18fbcc1b320939dabf435737a018be907223ed8af76a,2655,63.0,32.0,interior,-0.0,-0.0,-0.0,-0.0,-0.0,-0.0
5,5,loading,0.8,63969b471b63dc4c937b18fbcc1b320939dabf435737a018be907223ed8af76a,2656,64.0,32.0,interior,-0.0,-0.0,-0.0,-0.0,-0.0,-0.0
5,5,loading,0.8,63969b471b63dc4c937b18fbcc1b320939dabf435737a018be907223ed8af76a,2657,65.0,32.0,interior,-0.0,-0.0,-0.0,-0.0,-0.0,-0.0
5,5,loading,0.8,63969b471b63dc4c937b18fbcc1b320939dabf435737a018be907223ed8af76a,2658,66.0,32.0,interior,-0.0,-0.0,-0.0,-0.0,-0.0,-0.0
5,5,loading,0.8,63969b471b63dc4c937b18fbcc1b320939dabf435737a018be907223ed8af76a,2659,67.0,32.0,interior,-0.0,-0.0,-0.0,-0.0,-0.0,-0.0
5,5,loading,0.8,63969b471b63dc4c937b18fbcc1b320939dabf435737a018be907223ed8af76a,2660,68.0,32.0,interior,-0.0,-0.0,-0.0,-0.0,-0.0,-0.0
5,5,loading,0.8,63969b471b63dc4c937b18fbcc1b320939dabf435737a018be907223ed8af76a,2661,69.0,32.0,interior,-0.0,-0.0,-0.0,-0.0,-0.0,-0.0
5,5,loading,0.8,63969b471b63dc4c937b18fbcc1b320939dabf435737a018be907223ed8af76a,2662,70.0,32.0,interior,-0.0,-0.0,-0.0,-0.0,-0.0,-0.0
5,5,loading,0.8,63969b471b63dc4c937b18fbcc1b320939dabf435737a018be907223ed8af76a,2663,71.0,32.0,interior,-0.0,-0.0,-0.0,-0.0,-0.0,-0.0
5,5,loading,0.8,63969b471b63dc4c937b18fbcc1b320939dabf435737a018be907223ed8af76a,2664,72.0,32.0,interior,-0.0,-0.0,-0.0,-0.0,-0.0,-0.0
5,5,loading,0.8,63969b471b63dc4c937b18fbcc1b320939dabf435737a018be907223ed8af76a,2665,73.0,32.0,interior,-0.0,-0.0,-0.0,-0.0,-0.0,-0.0
5,5,loading,0.8,63969b471b63dc4c937b18fbcc1b320939dabf435737a018be907223ed8af76a,2666,74.0,32.0,interior,-0.0,-0.0,-0.0,-0.0,-0.0,-0.0
5,5,loading,0.8,63969b471b63dc4c937b18fbcc1b320939dabf435737a018be907223ed8af76a,2667,75.0,32.0,interior,-0.0,-0.0,-0.0,-0.0,-0.0,-0.0
5,5,loading,0.8,63969b471b63dc4c937b18fbcc1b320939dabf435737a018be907223ed8af76a,2668,76.0,32.0,interior,-0.0,-0.0,-0.0,-0.0,-0.0,-0.0
5,5,loading,0.8,63969b471b63dc4c937b18fbcc1b320939dabf435737a018be907223ed8af76a,2669,77.0,32.0,interior,-0.0,-0.0,-0.0,-0.0,-0.0,-0.0
5,5,loading,0.8,63969b471b63dc4c937b18fbcc1b320939dabf435737a018be907223ed8af76a,2670,78.0,32.0,interior,-0.0,-0.0,-0.0,-0.0,-0.0,-0.0
5,5,loading,0.8,63969b471b63dc4c937b18fbcc1b320939dabf435737a018be907223ed8af76a,2671,79.0,32.0,interior,-0.0,-0.0,-0.0,-0.0,-0.0,-0.0
5,5,loading,0.8,63969b471b63dc4c937b18fbcc1b320939dabf435737a018be907223ed8af76a,2672,80.0,32.0,physical_only,-0.0,-0.0,-0.0,-0.0,-0.0,-0.0
5,5,loading,0.8,63969b471b63dc4c937b18fbcc1b320939dabf435737a018be907223ed8af76a,2735,62.0,33.0,physical_only,-5.464401841362654e-06,-7.408947535786574e-07,-3.377583886943007e-06,1.0749359957096807e-07,-2.0868179544196453e-06,-8.483883531496256e-07
5,5,loading,0.8,63969b471b63dc4c937b18fbcc1b320939dabf435737a018be907223ed8af76a,2736,63.0,33.0,interior,-0.0,-0.0,-0.0,-0.0,-0.0,-0.0
5,5,loading,0.8,63969b471b63dc4c937b18fbcc1b320939dabf435737a018be907223ed8af76a,2737,64.0,33.0,interior,-0.0,-0.0,-0.0,-0.0,-0.0,-0.0
5,5,loading,0.8,63969b471b63dc4c937b18fbcc1b320939dabf435737a018be907223ed8af76a,2738,65.0,33.0,interior,-0.0,-0.0,-0.0,-0.0,-0.0,-0.0
5,5,loading,0.8,63969b471b63dc4c937b18fbcc1b320939dabf435737a018be907223ed8af76a,2739,66.0,33.0,interior,-0.0,-0.0,-0.0,-0.0,-0.0,-0.0
5,5,loading,0.8,63969b471b63dc4c937b18fbcc1b320939dabf435737a018be907223ed8af76a,2740,67.0,33.0,interior,-0.0,-0.0,-0.0,-0.0,-0.0,-0.0
5,5,loading,0.8,63969b471b63dc4c937b18fbcc1b320939dabf435737a018be907223ed8af76a,2741,68.0,33.0,interior,-0.0,-0.0,-0.0,-0.0,-0.0,-0.0
5,5,loading,0.8,63969b471b63dc4c937b18fbcc1b320939dabf435737a018be907223ed8af76a,2742,69.0,33.0,interior,-0.0,-0.0,-0.0,-0.0,-0.0,-0.0
5,5,loading,0.8,63969b471b63dc4c937b18fbcc1b320939dabf435737a018be907223ed8af76a,2743,70.0,33.0,interior,-0.0,-0.0,-0.0,-0.0,-0.0,-0.0
5,5,loading,0.8,63969b471b63dc4c937b18fbcc1b320939dabf435737a018be907223ed8af76a,2744,71.0,33.0,interior,-0.0,-0.0,-0.0,-0.0,-0.0,-0.0
5,5,loading,0.8,63969b471b63dc4c937b18fbcc1b320939dabf435737a018be907223ed8af76a,2745,72.0,33.0,interior,-0.0,-0.0,-0.0,-0.0,-0.0,-0.0
5,5,loading,0.8,63969b471b63dc4c937b18fbcc1b320939dabf435737a018be907223ed8af76a,2746,73.0,33.0,interior,-0.0,-0.0,-0.0,-0.0,-0.0,-0.0
5,5,loading,0.8,63969b471b63dc4c937b18fbcc1b320939dabf435737a018be907223ed8af76a,2747,74.0,33.0,interior,-0.0,-0.0,-0.0,-0.0,-0.0,-0.0
5,5,loading,0.8,63969b471b63dc4c937b18fbcc1b320939dabf435737a018be907223ed8af76a,2748,75.0,33.0,interior,-0.0,-0.0,-0.0,-0.0,-0.0,-0.0
5,5,loading,0.8,63969b471b63dc4c937b18fbcc1b320939dabf435737a018be907223ed8af76a,2749,76.0,33.0,interior,-0.0,-0.0,-0.0,-0.0,-0.0,-0.0
5,5,loading,0.8,63969b471b63dc4c937b18fbcc1b320939dabf435737a018be907223ed8af76a,2750,77.0,33.0,interior,-0.0,-0.0,-0.0,-0.0,-0.0,-0.0
5,5,loading,0.8,63969b471b63dc4c937b18fbcc1b320939dabf435737a018be907223ed8af76a,2751,78.0,33.0,interior,-0.0,-0.0,-0.0,-0.0,-0.0,-0.0
5,5,loading,0.8,63969b471b63dc4c937b18fbcc1b320939dabf435737a018be907223ed8af76a,2752,79.0,33.0,interior,-0.0,-0.0,-0.0,-0.0,-0.0,-0.0
5,5,loading,0.8,63969b471b63dc4c937b18fbcc1b320939dabf435737a018be907223ed8af76a,2753,80.0,33.0,physical_only,-0.0,-0.0,-0.0,-0.0,-0.0,-0.0
5,5,loading,0.8,63969b471b63dc4c937b18fbcc1b320939dabf435737a018be907223ed8af76a,2816,62.0,34.0,physical_only,-4.9048529720762875e-06,-3.0667657742496534e-07,-3.530180687018405e-06,8.802522918943805e-08,-1.3746722850578819e-06,-3.947018066144034e-07
5,5,loading,0.8,63969b471b63dc4c937b18fbcc1b320939dabf435737a018be907223ed8af76a,2817,63.0,34.0,interior,-0.0,-0.0,-0.0,-0.0,-0.0,-0.0
5,5,loading,0.8,63969b471b63dc4c937b18fbcc1b320939dabf435737a018be907223ed8af76a,2818,64.0,34.0,interior,-0.0,-0.0,-0.0,-0.0,-0.0,-0.0
5,5,loading,0.8,63969b471b63dc4c937b18fbcc1b320939dabf435737a018be907223ed8af76a,2819,65.0,34.0,interior,-0.0,-0.0,-0.0,-0.0,-0.0,-0.0
5,5,loading,0.8,63969b471b63dc4c937b18fbcc1b320939dabf435737a018be907223ed8af76a,2820,66.0,34.0,interior,-0.0,-0.0,-0.0,-0.0,-0.0,-0.0
5,5,loading,0.8,63969b471b63dc4c937b18fbcc1b320939dabf435737a018be907223ed8af76a,2821,67.0,34.0,interior,-0.0,-0.0,-0.0,-0.0,-0.0,-0.0
5,5,loading,0.8,63969b471b63dc4c937b18fbcc1b320939dabf435737a018be907223ed8af76a,2822,68.0,34.0,interior,-0.0,-0.0,-0.0,-0.0,-0.0,-0.0
5,5,loading,0.8,63969b471b63dc4c937b18fbcc1b320939dabf435737a018be907223ed8af76a,2823,69.0,34.0,interior,-0.0,-0.0,-0.0,-0.0,-0.0,-0.0
5,5,loading,0.8,63969b471b63dc4c937b18fbcc1b320939dabf435737a018be907223ed8af76a,2824,70.0,34.0,interior,-0.0,-0.0,-0.0,-0.0,-0.0,-0.0
5,5,loading,0.8,63969b471b63dc4c937b18fbcc1b320939dabf435737a018be907223ed8af76a,2825,71.0,34.0,interior,-0.0,-0.0,-0.0,-0.0,-0.0,-0.0
5,5,loading,0.8,63969b471b63dc4c937b18fbcc1b320939dabf435737a018be907223ed8af76a,2826,72.0,34.0,interior,-0.0,-0.0,-0.0,-0.0,-0.0,-0.0
5,5,loading,0.8,63969b471b63dc4c937b18fbcc1b320939dabf435737a018be907223ed8af76a,2827,73.0,34.0,interior,-0.0,-0.0,-0.0,-0.0,-0.0,-0.0
5,5,loading,0.8,63969b471b63dc4c937b18fbcc1b320939dabf435737a018be907223ed8af76a,2828,74.0,34.0,interior,-0.0,-0.0,-0.0,-0.0,-0.0,-0.0
5,5,loading,0.8,63969b471b63dc4c937b18fbcc1b320939dabf435737a018be907223ed8af76a,2829,75.0,34.0,interior,-0.0,-0.0,-0.0,-0.0,-0.0,-0.0
5,5,loading,0.8,63969b471b63dc4c937b18fbcc1b320939dabf435737a018be907223ed8af76a,2830,76.0,34.0,interior,-0.0,-0.0,-0.0,-0.0,-0.0,-0.0
5,5,loading,0.8,63969b471b63dc4c937b18fbcc1b320939dabf435737a018be907223ed8af76a,2831,77.0,34.0,interior,-0.0,-0.0,-0.0,-0.0,-0.0,-0.0
5,5,loading,0.8,63969b471b63dc4c937b18fbcc1b320939dabf435737a018be907223ed8af76a,2832,78.0,34.0,interior,-0.0,-0.0,-0.0,-0.0,-0.0,-0.0
5,5,loading,0.8,63969b471b63dc4c937b18fbcc1b320939dabf435737a018be907223ed8af76a,2833,79.0,34.0,interior,-0.0,-0.0,-0.0,-0.0,-0.0,-0.0
5,5,loading,0.8,63969b471b63dc4c937b18fbcc1b320939dabf435737a018be907223ed8af76a,2834,80.0,34.0,physical_only,-0.0,-0.0,-0.0,-0.0,-0.0,-0.0
5,5,loading,0.8,63969b471b63dc4c937b18fbcc1b320939dabf435737a018be907223ed8af76a,2897,62.0,35.0,physical_only,-4.765041797798909e-06,2.184852886237484e-08,-3.655472881710495e-06,7.412146904947267e-08,-1.1095689160884131e-06,-5.227294018709772e-08
5,5,loading,0.8,63969b471b63dc4c937b18fbcc1b320939dabf435737a018be907223ed8af76a,2898,63.0,35.0,interior,-0.0,-0.0,-0.0,-0.0,-0.0,-0.0
5,5,loading,0.8,63969b471b63dc4c937b18fbcc1b320939dabf435737a018be907223ed8af76a,2899,64.0,35.0,interior,-0.0,-0.0,-0.0,-0.0,-0.0,-0.0
5,5,loading,0.8,63969b471b63dc4c937b18fbcc1b320939dabf435737a018be907223ed8af76a,2900,65.0,35.0,interior,-0.0,-0.0,-0.0,-0.0,-0.0,-0.0
5,5,loading,0.8,63969b471b63dc4c937b18fbcc1b320939dabf435737a018be907223ed8af76a,2901,66.0,35.0,interior,-0.0,-0.0,-0.0,-0.0,-0.0,-0.0
5,5,loading,0.8,63969b471b63dc4c937b18fbcc1b320939dabf435737a018be907223ed8af76a,2902,67.0,35.0,interior,-0.0,-0.0,-0.0,-0.0,-0.0,-0.0
5,5,loading,0.8,63969b471b63dc4c937b18fbcc1b320939dabf435737a018be907223ed8af76a,2903,68.0,35.0,interior,-0.0,-0.0,-0.0,-0.0,-0.0,-0.0
5,5,loading,0.8,63969b471b63dc4c937b18fbcc1b320939dabf435737a018be907223ed8af76a,2904,69.0,35.0,interior,-0.0,-0.0,-0.0,-0.0,-0.0,-0.0
5,5,loading,0.8,63969b471b63dc4c937b18fbcc1b320939dabf435737a018be907223ed8af76a,2905,70.0,35.0,interior,-0.0,-0.0,-0.0,-0.0,-0.0,-0.0
5,5,loading,0.8,63969b471b63dc4c937b18fbcc1b320939dabf435737a018be907223ed8af76a,2906,71.0,35.0,interior,-0.0,-0.0,-0.0,-0.0,-0.0,-0.0
5,5,loading,0.8,63969b471b63dc4c937b18fbcc1b320939dabf435737a018be907223ed8af76a,2907,72.0,35.0,interior,-0.0,-0.0,-0.0,-0.0,-0.0,-0.0
5,5,loading,0.8,63969b471b63dc4c937b18fbcc1b320939dabf435737a018be907223ed8af76a,2908,73.0,35.0,interior,-0.0,-0.0,-0.0,-0.0,-0.0,-0.0
5,5,loading,0.8,63969b471b63dc4c937b18fbcc1b320939dabf435737a018be907223ed8af76a,2909,74.0,35.0,interior,-0.0,-0.0,-0.0,-0.0,-0.0,-0.0
5,5,loading,0.8,63969b471b63dc4c937b18fbcc1b320939dabf435737a018be907223ed8af76a,2910,75.0,35.0,interior,-0.0,-0.0,-0.0,-0.0,-0.0,-0.0
5,5,loading,0.8,63969b471b63dc4c937b18fbcc1b320939dabf435737a018be907223ed8af76a,2911,76.0,35.0,interior,-0.0,-0.0,-0.0,-0.0,-0.0,-0.0
5,5,loading,0.8,63969b471b63dc4c937b18fbcc1b320939dabf435737a018be907223ed8af76a,2912,77.0,35.0,interior,-0.0,-0.0,-0.0,-0.0,-0.0,-0.0
5,5,loading,0.8,63969b471b63dc4c937b18fbcc1b320939dabf435737a018be907223ed8af76a,2913,78.0,35.0,interior,-0.0,-0.0,-0.0,-0.0,-0.0,-0.0
5,5,loading,0.8,63969b471b63dc4c937b18fbcc1b320939dabf435737a018be907223ed8af76a,2914,79.0,35.0,interior,-0.0,-0.0,-0.0,-0.0,-0.0,-0.0
5,5,loading,0.8,63969b471b63dc4c937b18fbcc1b320939dabf435737a018be907223ed8af76a,2915,80.0,35.0,physical_only,-0.0,-0.0,-0.0,-0.0,-0.0,-0.0
5,5,loading,0.8,63969b471b63dc4c937b18fbcc1b320939dabf435737a018be907223ed8af76a,2978,62.0,36.0,physical_only,-4.842519326016458e-06,1.863456666439717e-07,-3.7586132398346122e-06,6.176840832998778e-08,-1.0839060861818463e-06,1.2457725831398402e-07
5,5,loading,0.8,63969b471b63dc4c937b18fbcc1b320939dabf435737a018be907223ed8af76a,2979,63.0,36.0,interior,-0.0,-0.0,-0.0,-0.0,-0.0,-0.0
5,5,loading,0.8,63969b471b63dc4c937b18fbcc1b320939dabf435737a018be907223ed8af76a,2980,64.0,36.0,interior,-0.0,-0.0,-0.0,-0.0,-0.0,-0.0
5,5,loading,0.8,63969b471b63dc4c937b18fbcc1b320939dabf435737a018be907223ed8af76a,2981,65.0,36.0,interior,-0.0,-0.0,-0.0,-0.0,-0.0,-0.0
5,5,loading,0.8,63969b471b63dc4c937b18fbcc1b320939dabf435737a018be907223ed8af76a,2982,66.0,36.0,interior,-0.0,-0.0,-0.0,-0.0,-0.0,-0.0
5,5,loading,0.8,63969b471b63dc4c937b18fbcc1b320939dabf435737a018be907223ed8af76a,2983,67.0,36.0,interior,-0.0,-0.0,-0.0,-0.0,-0.0,-0.0
5,5,loading,0.8,63969b471b63dc4c937b18fbcc1b320939dabf435737a018be907223ed8af76a,2984,68.0,36.0,interior,-0.0,-0.0,-0.0,-0.0,-0.0,-0.0
5,5,loading,0.8,63969b471b63dc4c937b18fbcc1b320939dabf435737a018be907223ed8af76a,2985,69.0,36.0,interior,-0.0,-0.0,-0.0,-0.0,-0.0,-0.0
5,5,loading,0.8,63969b471b63dc4c937b18fbcc1b320939dabf435737a018be907223ed8af76a,2986,70.0,36.0,interior,-0.0,-0.0,-0.0,-0.0,-0.0,-0.0
5,5,loading,0.8,63969b471b63dc4c937b18fbcc1b320939dabf435737a018be907223ed8af76a,2987,71.0,36.0,interior,-0.0,-0.0,-0.0,-0.0,-0.0,-0.0
5,5,loading,0.8,63969b471b63dc4c937b18fbcc1b320939dabf435737a018be907223ed8af76a,2988,72.0,36.0,interior,-0.0,-0.0,-0.0,-0.0,-0.0,-0.0
5,5,loading,0.8,63969b471b63dc4c937b18fbcc1b320939dabf435737a018be907223ed8af76a,2989,73.0,36.0,interior,-0.0,-0.0,-0.0,-0.0,-0.0,-0.0
5,5,loading,0.8,63969b471b63dc4c937b18fbcc1b320939dabf435737a018be907223ed8af76a,2990,74.0,36.0,interior,-0.0,-0.0,-0.0,-0.0,-0.0,-0.0
5,5,loading,0.8,63969b471b63dc4c937b18fbcc1b320939dabf435737a018be907223ed8af76a,2991,75.0,36.0,interior,-0.0,-0.0,-0.0,-0.0,-0.0,-0.0
5,5,loading,0.8,63969b471b63dc4c937b18fbcc1b320939dabf435737a018be907223ed8af76a,2992,76.0,36.0,interior,-0.0,-0.0,-0.0,-0.0,-0.0,-0.0
5,5,loading,0.8,63969b471b63dc4c937b18fbcc1b320939dabf435737a018be907223ed8af76a,2993,77.0,36.0,interior,-0.0,-0.0,-0.0,-0.0,-0.0,-0.0
5,5,loading,0.8,63969b471b63dc4c937b18fbcc1b320939dabf435737a018be907223ed8af76a,2994,78.0,36.0,interior,-0.0,-0.0,-0.0,-0.0,-0.0,-0.0
5,5,loading,0.8,63969b471b63dc4c937b18fbcc1b320939dabf435737a018be907223ed8af76a,2995,79.0,36.0,interior,-0.0,-0.0,-0.0,-0.0,-0.0,-0.0
5,5,loading,0.8,63969b471b63dc4c937b18fbcc1b320939dabf435737a018be907223ed8af76a,2996,80.0,36.0,physical_only,-0.0,-0.0,-0.0,-0.0,-0.0,-0.0
5,5,loading,0.8,63969b471b63dc4c937b18fbcc1b320939dabf435737a018be907223ed8af76a,3059,62.0,37.0,physical_only,-4.979085130449959e-06,2.220970417275991e-07,-3.840631203047726e-06,4.8562218843895436e-08,-1.1384539274022323e-06,1.7353482288370345e-07
5,5,loading,0.8,63969b471b63dc4c937b18fbcc1b320939dabf435737a018be907223ed8af76a,3060,63.0,37.0,interior,-0.0,-0.0,-0.0,-0.0,-0.0,-0.0
5,5,loading,0.8,63969b471b63dc4c937b18fbcc1b320939dabf435737a018be907223ed8af76a,3061,64.0,37.0,interior,-0.0,-0.0,-0.0,-0.0,-0.0,-0.0
5,5,loading,0.8,63969b471b63dc4c937b18fbcc1b320939dabf435737a018be907223ed8af76a,3062,65.0,37.0,interior,-0.0,-0.0,-0.0,-0.0,-0.0,-0.0
5,5,loading,0.8,63969b471b63dc4c937b18fbcc1b320939dabf435737a018be907223ed8af76a,3063,66.0,37.0,interior,-0.0,-0.0,-0.0,-0.0,-0.0,-0.0
5,5,loading,0.8,63969b471b63dc4c937b18fbcc1b320939dabf435737a018be907223ed8af76a,3064,67.0,37.0,interior,-0.0,-0.0,-0.0,-0.0,-0.0,-0.0
5,5,loading,0.8,63969b471b63dc4c937b18fbcc1b320939dabf435737a018be907223ed8af76a,3065,68.0,37.0,interior,-0.0,-0.0,-0.0,-0.0,-0.0,-0.0
5,5,loading,0.8,63969b471b63dc4c937b18fbcc1b320939dabf435737a018be907223ed8af76a,3066,69.0,37.0,interior,-0.0,-0.0,-0.0,-0.0,-0.0,-0.0
5,5,loading,0.8,63969b471b63dc4c937b18fbcc1b320939dabf435737a018be907223ed8af76a,3067,70.0,37.0,interior,-0.0,-0.0,-0.0,-0.0,-0.0,-0.0
5,5,loading,0.8,63969b471b63dc4c937b18fbcc1b320939dabf435737a018be907223ed8af76a,3068,71.0,37.0,interior,-0.0,-0.0,-0.0,-0.0,-0.0,-0.0
5,5,loading,0.8,63969b471b63dc4c937b18fbcc1b320939dabf435737a018be907223ed8af76a,3069,72.0,37.0,interior,-0.0,-0.0,-0.0,-0.0,-0.0,-0.0
5,5,loading,0.8,63969b471b63dc4c937b18fbcc1b320939dabf435737a018be907223ed8af76a,3070,73.0,37.0,interior,-0.0,-0.0,-0.0,-0.0,-0.0,-0.0
5,5,loading,0.8,63969b471b63dc4c937b18fbcc1b320939dabf435737a018be907223ed8af76a,3071,74.0,37.0,interior,-0.0,-0.0,-0.0,-0.0,-0.0,-0.0
5,5,loading,0.8,63969b471b63dc4c937b18fbcc1b320939dabf435737a018be907223ed8af76a,3072,75.0,37.0,interior,-0.0,-0.0,-0.0,-0.0,-0.0,-0.0
5,5,loading,0.8,63969b471b63dc4c937b18fbcc1b320939dabf435737a018be907223ed8af76a,3073,76.0,37.0,interior,-0.0,-0.0,-0.0,-0.0,-0.0,-0.0
5,5,loading,0.8,63969b471b63dc4c937b18fbcc1b320939dabf435737a018be907223ed8af76a,3074,77.0,37.0,interior,-0.0,-0.0,-0.0,-0.0,-0.0,-0.0
5,5,loading,0.8,63969b471b63dc4c937b18fbcc1b320939dabf435737a018be907223ed8af76a,3075,78.0,37.0,interior,-0.0,-0.0,-0.0,-0.0,-0.0,-0.0
5,5,loading,0.8,63969b471b63dc4c937b18fbcc1b320939dabf435737a018be907223ed8af76a,3076,79.0,37.0,interior,-0.0,-0.0,-0.0,-0.0,-0.0,-0.0
5,5,loading,0.8,63969b471b63dc4c937b18fbcc1b320939dabf435737a018be907223ed8af76a,3077,80.0,37.0,physical_only,-0.0,-0.0,-0.0,-0.0,-0.0,-0.0
5,5,loading,0.8,63969b471b63dc4c937b18fbcc1b320939dabf435737a018be907223ed8af76a,3140,62.0,38.0,physical_only,-5.097608059365178e-06,1.7738101076946752e-07,-3.900617241385111e-06,3.367389429927183e-08,-1.1969908179800681e-06,1.4370711647019548e-07
5,5,loading,0.8,63969b471b63dc4c937b18fbcc1b320939dabf435737a018be907223ed8af76a,3141,63.0,38.0,interior,-0.0,-0.0,-0.0,-0.0,-0.0,-0.0
5,5,loading,0.8,63969b471b63dc4c937b18fbcc1b320939dabf435737a018be907223ed8af76a,3142,64.0,38.0,interior,-0.0,-0.0,-0.0,-0.0,-0.0,-0.0
5,5,loading,0.8,63969b471b63dc4c937b18fbcc1b320939dabf435737a018be907223ed8af76a,3143,65.0,38.0,interior,-0.0,-0.0,-0.0,-0.0,-0.0,-0.0
5,5,loading,0.8,63969b471b63dc4c937b18fbcc1b320939dabf435737a018be907223ed8af76a,3144,66.0,38.0,interior,-0.0,-0.0,-0.0,-0.0,-0.0,-0.0
5,5,loading,0.8,63969b471b63dc4c937b18fbcc1b320939dabf435737a018be907223ed8af76a,3145,67.0,38.0,interior,-0.0,-0.0,-0.0,-0.0,-0.0,-0.0
5,5,loading,0.8,63969b471b63dc4c937b18fbcc1b320939dabf435737a018be907223ed8af76a,3146,68.0,38.0,interior,-0.0,-0.0,-0.0,-0.0,-0.0,-0.0
5,5,loading,0.8,63969b471b63dc4c937b18fbcc1b320939dabf435737a018be907223ed8af76a,3147,69.0,38.0,interior,-0.0,-0.0,-0.0,-0.0,-0.0,-0.0
5,5,loading,0.8,63969b471b63dc4c937b18fbcc1b320939dabf435737a018be907223ed8af76a,3148,70.0,38.0,interior,-0.0,-0.0,-0.0,-0.0,-0.0,-0.0
5,5,loading,0.8,63969b471b63dc4c937b18fbcc1b320939dabf435737a018be907223ed8af76a,3149,71.0,38.0,interior,-0.0,-0.0,-0.0,-0.0,-0.0,-0.0
5,5,loading,0.8,63969b471b63dc4c937b18fbcc1b320939dabf435737a018be907223ed8af76a,3150,72.0,38.0,interior,-0.0,-0.0,-0.0,-0.0,-0.0,-0.0
5,5,loading,0.8,63969b471b63dc4c937b18fbcc1b320939dabf435737a018be907223ed8af76a,3151,73.0,38.0,interior,-0.0,-0.0,-0.0,-0.0,-0.0,-0.0
5,5,loading,0.8,63969b471b63dc4c937b18fbcc1b320939dabf435737a018be907223ed8af76a,3152,74.0,38.0,interior,-0.0,-0.0,-0.0,-0.0,-0.0,-0.0
5,5,loading,0.8,63969b471b63dc4c937b18fbcc1b320939dabf435737a018be907223ed8af76a,3153,75.0,38.0,interior,-0.0,-0.0,-0.0,-0.0,-0.0,-0.0
5,5,loading,0.8,63969b471b63dc4c937b18fbcc1b320939dabf435737a018be907223ed8af76a,3154,76.0,38.0,interior,-0.0,-0.0,-0.0,-0.0,-0.0,-0.0
5,5,loading,0.8,63969b471b63dc4c937b18fbcc1b320939dabf435737a018be907223ed8af76a,3155,77.0,38.0,interior,-0.0,-0.0,-0.0,-0.0,-0.0,-0.0
5,5,loading,0.8,63969b471b63dc4c937b18fbcc1b320939dabf435737a018be907223ed8af76a,3156,78.0,38.0,interior,-0.0,-0.0,-0.0,-0.0,-0.0,-0.0
5,5,loading,0.8,63969b471b63dc4c937b18fbcc1b320939dabf435737a018be907223ed8af76a,3157,79.0,38.0,interior,-0.0,-0.0,-0.0,-0.0,-0.0,-0.0
5,5,loading,0.8,63969b471b63dc4c937b18fbcc1b320939dabf435737a018be907223ed8af76a,3158,80.0,38.0,physical_only,-0.0,-0.0,-0.0,-0.0,-0.0,-0.0
5,5,loading,0.8,63969b471b63dc4c937b18fbcc1b320939dabf435737a018be907223ed8af76a,3221,62.0,39.0,physical_only,-5.169596336369017e-06,9.483540824677716e-08,-3.937257213768849e-06,1.726353587858005e-08,-1.2323391226001685e-06,7.757187236819711e-08
5,5,loading,0.8,63969b471b63dc4c937b18fbcc1b320939dabf435737a018be907223ed8af76a,3222,63.0,39.0,interior,-0.0,-0.0,-0.0,-0.0,-0.0,-0.0
5,5,loading,0.8,63969b471b63dc4c937b18fbcc1b320939dabf435737a018be907223ed8af76a,3223,64.0,39.0,interior,-0.0,-0.0,-0.0,-0.0,-0.0,-0.0
5,5,loading,0.8,63969b471b63dc4c937b18fbcc1b320939dabf435737a018be907223ed8af76a,3224,65.0,39.0,interior,-0.0,-0.0,-0.0,-0.0,-0.0,-0.0
5,5,loading,0.8,63969b471b63dc4c937b18fbcc1b320939dabf435737a018be907223ed8af76a,3225,66.0,39.0,interior,-0.0,-0.0,-0.0,-0.0,-0.0,-0.0
5,5,loading,0.8,63969b471b63dc4c937b18fbcc1b320939dabf435737a018be907223ed8af76a,3226,67.0,39.0,interior,-0.0,-0.0,-0.0,-0.0,-0.0,-0.0
5,5,loading,0.8,63969b471b63dc4c937b18fbcc1b320939dabf435737a018be907223ed8af76a,3227,68.0,39.0,interior,-0.0,-0.0,-0.0,-0.0,-0.0,-0.0
5,5,loading,0.8,63969b471b63dc4c937b18fbcc1b320939dabf435737a018be907223ed8af76a,3228,69.0,39.0,interior,-0.0,-0.0,-0.0,-0.0,-0.0,-0.0
5,5,loading,0.8,63969b471b63dc4c937b18fbcc1b320939dabf435737a018be907223ed8af76a,3229,70.0,39.0,interior,-0.0,-0.0,-0.0,-0.0,-0.0,-0.0
5,5,loading,0.8,63969b471b63dc4c937b18fbcc1b320939dabf435737a018be907223ed8af76a,3230,71.0,39.0,interior,-0.0,-0.0,-0.0,-0.0,-0.0,-0.0
5,5,loading,0.8,63969b471b63dc4c937b18fbcc1b320939dabf435737a018be907223ed8af76a,3231,72.0,39.0,interior,-0.0,-0.0,-0.0,-0.0,-0.0,-0.0
5,5,loading,0.8,63969b471b63dc4c937b18fbcc1b320939dabf435737a018be907223ed8af76a,3232,73.0,39.0,interior,-0.0,-0.0,-0.0,-0.0,-0.0,-0.0
5,5,loading,0.8,63969b471b63dc4c937b18fbcc1b320939dabf435737a018be907223ed8af76a,3233,74.0,39.0,interior,-0.0,-0.0,-0.0,-0.0,-0.0,-0.0
5,5,loading,0.8,63969b471b63dc4c937b18fbcc1b320939dabf435737a018be907223ed8af76a,3234,75.0,39.0,interior,-0.0,-0.0,-0.0,-0.0,-0.0,-0.0
5,5,loading,0.8,63969b471b63dc4c937b18fbcc1b320939dabf435737a018be907223ed8af76a,3235,76.0,39.0,interior,-0.0,-0.0,-0.0,-0.0,-0.0,-0.0
5,5,loading,0.8,63969b471b63dc4c937b18fbcc1b320939dabf435737a018be907223ed8af76a,3236,77.0,39.0,interior,-0.0,-0.0,-0.0,-0.0,-0.0,-0.0
5,5,loading,0.8,63969b471b63dc4c937b18fbcc1b320939dabf435737a018be907223ed8af76a,3237,78.0,39.0,interior,-0.0,-0.0,-0.0,-0.0,-0.0,-0.0
5,5,loading,0.8,63969b471b63dc4c937b18fbcc1b320939dabf435737a018be907223ed8af76a,3238,79.0,39.0,interior,-0.0,-0.0,-0.0,-0.0,-0.0,-0.0
5,5,loading,0.8,63969b471b63dc4c937b18fbcc1b320939dabf435737a018be907223ed8af76a,3239,80.0,39.0,physical_only,-0.0,-0.0,-0.0,-0.0,-0.0,-0.0
5,5,loading,0.8,63969b471b63dc4c937b18fbcc1b320939dabf435737a018be907223ed8af76a,3302,62.0,40.0,physical_and_cut,-2.5964436958947887e-06,-2.000931159028146e-06,-1.9747921012325382e-06,-8.949869785745672e-07,-6.216515946622506e-07,-1.1059441804535788e-06
5,5,loading,0.8,63969b471b63dc4c937b18fbcc1b320939dabf435737a018be907223ed8af76a,3303,63.0,40.0,cut_only,-0.0,-0.0,-0.0,-0.0,-0.0,-0.0
5,5,loading,0.8,63969b471b63dc4c937b18fbcc1b320939dabf435737a018be907223ed8af76a,3304,64.0,40.0,cut_only,-0.0,-0.0,-0.0,-0.0,-0.0,-0.0
5,5,loading,0.8,63969b471b63dc4c937b18fbcc1b320939dabf435737a018be907223ed8af76a,3305,65.0,40.0,cut_only,-0.0,-0.0,-0.0,-0.0,-0.0,-0.0
5,5,loading,0.8,63969b471b63dc4c937b18fbcc1b320939dabf435737a018be907223ed8af76a,3306,66.0,40.0,cut_only,-0.0,-0.0,-0.0,-0.0,-0.0,-0.0
5,5,loading,0.8,63969b471b63dc4c937b18fbcc1b320939dabf435737a018be907223ed8af76a,3307,67.0,40.0,cut_only,-0.0,-0.0,-0.0,-0.0,-0.0,-0.0
5,5,loading,0.8,63969b471b63dc4c937b18fbcc1b320939dabf435737a018be907223ed8af76a,3308,68.0,40.0,cut_only,-0.0,-0.0,-0.0,-0.0,-0.0,-0.0
5,5,loading,0.8,63969b471b63dc4c937b18fbcc1b320939dabf435737a018be907223ed8af76a,3309,69.0,40.0,cut_only,-0.0,-0.0,-0.0,-0.0,-0.0,-0.0
5,5,loading,0.8,63969b471b63dc4c937b18fbcc1b320939dabf435737a018be907223ed8af76a,3310,70.0,40.0,cut_only,-0.0,-0.0,-0.0,-0.0,-0.0,-0.0
5,5,loading,0.8,63969b471b63dc4c937b18fbcc1b320939dabf435737a018be907223ed8af76a,3311,71.0,40.0,cut_only,-0.0,-0.0,-0.0,-0.0,-0.0,-0.0
5,5,loading,0.8,63969b471b63dc4c937b18fbcc1b320939dabf435737a018be907223ed8af76a,3312,72.0,40.0,cut_only,-0.0,-0.0,-0.0,-0.0,-0.0,-0.0
5,5,loading,0.8,63969b471b63dc4c937b18fbcc1b320939dabf435737a018be907223ed8af76a,3313,73.0,40.0,cut_only,-0.0,-0.0,-0.0,-0.0,-0.0,-0.0
5,5,loading,0.8,63969b471b63dc4c937b18fbcc1b320939dabf435737a018be907223ed8af76a,3314,74.0,40.0,cut_only,-0.0,-0.0,-0.0,-0.0,-0.0,-0.0
5,5,loading,0.8,63969b471b63dc4c937b18fbcc1b320939dabf435737a018be907223ed8af76a,3315,75.0,40.0,cut_only,-0.0,-0.0,-0.0,-0.0,-0.0,-0.0
5,5,loading,0.8,63969b471b63dc4c937b18fbcc1b320939dabf435737a018be907223ed8af76a,3316,76.0,40.0,cut_only,-0.0,-0.0,-0.0,-0.0,-0.0,-0.0
5,5,loading,0.8,63969b471b63dc4c937b18fbcc1b320939dabf435737a018be907223ed8af76a,3317,77.0,40.0,cut_only,-0.0,-0.0,-0.0,-0.0,-0.0,-0.0
5,5,loading,0.8,63969b471b63dc4c937b18fbcc1b320939dabf435737a018be907223ed8af76a,3318,78.0,40.0,cut_only,-0.0,-0.0,-0.0,-0.0,-0.0,-0.0
5,5,loading,0.8,63969b471b63dc4c937b18fbcc1b320939dabf435737a018be907223ed8af76a,3319,79.0,40.0,cut_only,-0.0,-0.0,-0.0,-0.0,-0.0,-0.0
5,5,loading,0.8,63969b471b63dc4c937b18fbcc1b320939dabf435737a018be907223ed8af76a,3320,80.0,40.0,physical_and_cut,-0.0,-0.0,-0.0,-0.0,-0.0,-0.0
6,6,loading,0.85,5865a1cf6cd3f513edd10f0fd54ceb7b0f0d138b0b806a854371ee8b48eb1163,2573,62.0,31.0,physical_only,-0.0004380927620126181,-6.158889844205055e-05,-5.671870291835568e-06,6.294175509807259e-06,-0.0004324208917207826,-6.788307395185781e-05
6,6,loading,0.85,5865a1cf6cd3f513edd10f0fd54ceb7b0f0d138b0b806a854371ee8b48eb1163,2574,63.0,31.0,physical_only,-1.14186222411622e-06,-5.40091768953149e-05,-3.144075749284784e-06,7.203095806304517e-06,2.0022135251685654e-06,-6.121227270161937e-05
6,6,loading,0.85,5865a1cf6cd3f513edd10f0fd54ceb7b0f0d138b0b806a854371ee8b48eb1163,2575,64.0,31.0,physical_only,1.2605670406655038e-06,-7.21552985695383e-05,-3.213988002227762e-06,9.225137196201127e-06,4.474555042893265e-06,-8.138043576573945e-05
6,6,loading,0.85,5865a1cf6cd3f513edd10f0fd54ceb7b0f0d138b0b806a854371ee8b48eb1163,2576,65.0,31.0,physical_only,1.95516978304509e-06,-9.761429264738255e-05,-3.3014936063844165e-06,1.1543891685249615e-05,5.256663389429505e-06,-0.00010915818433263221
6,6,loading,0.85,5865a1cf6cd3f513edd10f0fd54ceb7b0f0d138b0b806a854371ee8b48eb1163,2577,66.0,31.0,physical_only,8.771076519811627e-07,-0.0001279099269136428,-3.407069229468379e-06,1.4252936421081429e-05,4.284176881449542e-06,-0.00014216286333472417
6,6,loading,0.85,5865a1cf6cd3f513edd10f0fd54ceb7b0f0d138b0b806a854371ee8b48eb1163,2578,67.0,31.0,physical_only,-8.796771516420468e-07,-0.00016265083147215325,-3.5284669821060393e-06,1.7461639821994486e-05,2.6487898304639908e-06,-0.00018011247129414776
6,6,loading,0.85,5865a1cf6cd3f513edd10f0fd54ceb7b0f0d138b0b806a854371ee8b48eb1163,2579,68.0,31.0,physical_only,-9.351713225992859e-07,-0.0002047364234870799,-3.6664984161836026e-06,2.130653376715848e-05,2.7313270935843192e-06,-0.00022604295725423852
6,6,loading,0.85,5865a1cf6cd3f513edd10f0fd54ceb7b0f0d138b0b806a854371ee8b48eb1163,2580,69.0,31.0,physical_only,-1.3690637394295397e-06,-0.0002570660149733104,-3.8252417417201575e-06,2.5972999698604315e-05,2.4561780022906195e-06,-0.00028303901467191485
6,6,loading,0.85,5865a1cf6cd3f513edd10f0fd54ceb7b0f0d138b0b806a854371ee8b48eb1163,2581,70.0,31.0,physical_only,-2.0292323600455522e-06,-0.0003201940447409904,-4.011999484865727e-06,3.172504270013901e-05,1.9827671248201715e-06,-0.0003519190874411292
6,6,loading,0.85,5865a1cf6cd3f513edd10f0fd54ceb7b0f0d138b0b806a854371ee8b48eb1163,2582,71.0,31.0,physical_only,-2.8870665398795545e-06,-0.0003956355555916394,-4.236772131526974e-06,3.894843291892871e-05,1.3497055916474233e-06,-0.0004345839885105678
6,6,loading,0.85,5865a1cf6cd3f513edd10f0fd54ceb7b0f0d138b0b806a854371ee8b48eb1163,2583,72.0,31.0,physical_only,-3.752102918393809e-06,-0.00048497235442679885,-4.51480180171943e-06,4.822761770634583e-05,7.626988833256255e-07,-0.0005331999721331451
6,6,loading,0.85,5865a1cf6cd3f513edd10f0fd54ceb7b0f0d138b0b806a854371ee8b48eb1163,2584,73.0,31.0,physical_only,-4.6374633761846415e-06,-0.0005882828402690296,-4.8695090814972405e-06,6.048628697371234e-05,2.3204570531259555e-07,-0.0006487691272427419
6,6,loading,0.85,5865a1cf6cd3f513edd10f0fd54ceb7b0f0d138b0b806a854371ee8b48eb1163,2585,74.0,31.0,physical_only,8.202045506136525e-07,-0.000710283481432092,-5.341793876767367e-06,7.727302364599866e-05,6.161998427381018e-06,-0.0007875565050780909
6,6,loading,0.85,5865a1cf6cd3f513edd10f0fd54ceb7b0f0d138b0b806a854371ee8b48eb1163,2586,75.0,31.0,physical_only,1.1826621656264075e-05,-0.0008668675011161012,-6.0107597675044195e-06,0.000101416603416843,1.7837381423768497e-05,-0.0009682841045329446
6,6,loading,0.85,5865a1cf6cd3f513edd10f0fd54ceb7b0f0d138b0b806a854371ee8b48eb1163,2587,76.0,31.0,physical_only,2.2896713005967695e-05,-0.001076115737876717,-7.041594607962615e-06,0.0001387149141892887,2.993830761393031e-05,-0.0012148306520660063
6,6,loading,0.85,5865a1cf6cd3f513edd10f0fd54ceb7b0f0d138b0b806a854371ee8b48eb1163,2588,77.0,31.0,physical_only,1.4748153417651469e-05,-0.001310714943620589,-8.799486556572574e-06,0.000202892347541765,2.3547639974224043e-05,-0.0015136072911623548
6,6,loading,0.85,5865a1cf6cd3f513edd10f0fd54ceb7b0f0d138b0b806a854371ee8b48eb1163,2589,78.0,31.0,physical_only,-1.468770735804653e-06,-0.0015139494547927197,-1.2329748709549814e-05,0.0003348618310758413,1.086097797374516e-05,-0.0018488112858685603
6,6,loading,0.85,5865a1cf6cd3f513edd10f0fd54ceb7b0f0d138b0b806a854371ee8b48eb1163,2590,79.0,31.0,physical_only,-3.8540927145953144e-05,-0.0010949737607118242,-2.1919257987364054e-05,0.0007225008934134108,-1.6621669158589097e-05,-0.0018174746541252344
6,6,loading,0.85,5865a1cf6cd3f513edd10f0fd54ceb7b0f0d138b0b806a854371ee8b48eb1163,2591,80.0,31.0,physical_only,-0.00010471266587654494,0.011927263104389399,4.117851397364115e-06,0.00046687712242428315,-0.00010883051727390905,0.011460385981965115
6,6,loading,0.85,5865a1cf6cd3f513edd10f0fd54ceb7b0f0d138b0b806a854371ee8b48eb1163,2654,62.0,32.0,physical_only,-6.989835700923411e-06,-1.1210677083587395e-06,-3.2953733445846464e-06,1.3826927753199413e-07,-3.6944623563387642e-06,-1.2593369858907335e-06
6,6,loading,0.85,5865a1cf6cd3f513edd10f0fd54ceb7b0f0d138b0b806a854371ee8b48eb1163,2655,63.0,32.0,interior,-0.0,-0.0,-0.0,-0.0,-0.0,-0.0
6,6,loading,0.85,5865a1cf6cd3f513edd10f0fd54ceb7b0f0d138b0b806a854371ee8b48eb1163,2656,64.0,32.0,interior,-0.0,-0.0,-0.0,-0.0,-0.0,-0.0
6,6,loading,0.85,5865a1cf6cd3f513edd10f0fd54ceb7b0f0d138b0b806a854371ee8b48eb1163,2657,65.0,32.0,interior,-0.0,-0.0,-0.0,-0.0,-0.0,-0.0
6,6,loading,0.85,5865a1cf6cd3f513edd10f0fd54ceb7b0f0d138b0b806a854371ee8b48eb1163,2658,66.0,32.0,interior,-0.0,-0.0,-0.0,-0.0,-0.0,-0.0
6,6,loading,0.85,5865a1cf6cd3f513edd10f0fd54ceb7b0f0d138b0b806a854371ee8b48eb1163,2659,67.0,32.0,interior,-0.0,-0.0,-0.0,-0.0,-0.0,-0.0
6,6,loading,0.85,5865a1cf6cd3f513edd10f0fd54ceb7b0f0d138b0b806a854371ee8b48eb1163,2660,68.0,32.0,interior,-0.0,-0.0,-0.0,-0.0,-0.0,-0.0
6,6,loading,0.85,5865a1cf6cd3f513edd10f0fd54ceb7b0f0d138b0b806a854371ee8b48eb1163,2661,69.0,32.0,interior,-0.0,-0.0,-0.0,-0.0,-0.0,-0.0
6,6,loading,0.85,5865a1cf6cd3f513edd10f0fd54ceb7b0f0d138b0b806a854371ee8b48eb1163,2662,70.0,32.0,interior,-0.0,-0.0,-0.0,-0.0,-0.0,-0.0
6,6,loading,0.85,5865a1cf6cd3f513edd10f0fd54ceb7b0f0d138b0b806a854371ee8b48eb1163,2663,71.0,32.0,interior,-0.0,-0.0,-0.0,-0.0,-0.0,-0.0
6,6,loading,0.85,5865a1cf6cd3f513edd10f0fd54ceb7b0f0d138b0b806a854371ee8b48eb1163,2664,72.0,32.0,interior,-0.0,-0.0,-0.0,-0.0,-0.0,-0.0
6,6,loading,0.85,5865a1cf6cd3f513edd10f0fd54ceb7b0f0d138b0b806a854371ee8b48eb1163,2665,73.0,32.0,interior,-0.0,-0.0,-0.0,-0.0,-0.0,-0.0
6,6,loading,0.85,5865a1cf6cd3f513edd10f0fd54ceb7b0f0d138b0b806a854371ee8b48eb1163,2666,74.0,32.0,interior,-0.0,-0.0,-0.0,-0.0,-0.0,-0.0
6,6,loading,0.85,5865a1cf6cd3f513edd10f0fd54ceb7b0f0d138b0b806a854371ee8b48eb1163,2667,75.0,32.0,interior,-0.0,-0.0,-0.0,-0.0,-0.0,-0.0
6,6,loading,0.85,5865a1cf6cd3f513edd10f0fd54ceb7b0f0d138b0b806a854371ee8b48eb1163,2668,76.0,32.0,interior,-0.0,-0.0,-0.0,-0.0,-0.0,-0.0
6,6,loading,0.85,5865a1cf6cd3f513edd10f0fd54ceb7b0f0d138b0b806a854371ee8b48eb1163,2669,77.0,32.0,interior,-0.0,-0.0,-0.0,-0.0,-0.0,-0.0
6,6,loading,0.85,5865a1cf6cd3f513edd10f0fd54ceb7b0f0d138b0b806a854371ee8b48eb1163,2670,78.0,32.0,interior,-0.0,-0.0,-0.0,-0.0,-0.0,-0.0
6,6,loading,0.85,5865a1cf6cd3f513edd10f0fd54ceb7b0f0d138b0b806a854371ee8b48eb1163,2671,79.0,32.0,interior,-0.0,-0.0,-0.0,-0.0,-0.0,-0.0
6,6,loading,0.85,5865a1cf6cd3f513edd10f0fd54ceb7b0f0d138b0b806a854371ee8b48eb1163,2672,80.0,32.0,physical_only,-0.0,-0.0,-0.0,-0.0,-0.0,-0.0
6,6,loading,0.85,5865a1cf6cd3f513edd10f0fd54ceb7b0f0d138b0b806a854371ee8b48eb1163,2735,62.0,33.0,physical_only,-5.733209029586719e-06,-7.181131455689534e-07,-3.5041574518164874e-06,1.0794550782614847e-07,-2.2290515777702295e-06,-8.260586533951019e-07
6,6,loading,0.85,5865a1cf6cd3f513edd10f0fd54ceb7b0f0d138b0b806a854371ee8b48eb1163,2736,63.0,33.0,interior,-0.0,-0.0,-0.0,-0.0,-0.0,-0.0
6,6,loading,0.85,5865a1cf6cd3f513edd10f0fd54ceb7b0f0d138b0b806a854371ee8b48eb1163,2737,64.0,33.0,interior,-0.0,-0.0,-0.0,-0.0,-0.0,-0.0
6,6,loading,0.85,5865a1cf6cd3f513edd10f0fd54ceb7b0f0d138b0b806a854371ee8b48eb1163,2738,65.0,33.0,interior,-0.0,-0.0,-0.0,-0.0,-0.0,-0.0
6,6,loading,0.85,5865a1cf6cd3f513edd10f0fd54ceb7b0f0d138b0b806a854371ee8b48eb1163,2739,66.0,33.0,interior,-0.0,-0.0,-0.0,-0.0,-0.0,-0.0
6,6,loading,0.85,5865a1cf6cd3f513edd10f0fd54ceb7b0f0d138b0b806a854371ee8b48eb1163,2740,67.0,33.0,interior,-0.0,-0.0,-0.0,-0.0,-0.0,-0.0
6,6,loading,0.85,5865a1cf6cd3f513edd10f0fd54ceb7b0f0d138b0b806a854371ee8b48eb1163,2741,68.0,33.0,interior,-0.0,-0.0,-0.0,-0.0,-0.0,-0.0
6,6,loading,0.85,5865a1cf6cd3f513edd10f0fd54ceb7b0f0d138b0b806a854371ee8b48eb1163,2742,69.0,33.0,interior,-0.0,-0.0,-0.0,-0.0,-0.0,-0.0
6,6,loading,0.85,5865a1cf6cd3f513edd10f0fd54ceb7b0f0d138b0b806a854371ee8b48eb1163,2743,70.0,33.0,interior,-0.0,-0.0,-0.0,-0.0,-0.0,-0.0
6,6,loading,0.85,5865a1cf6cd3f513edd10f0fd54ceb7b0f0d138b0b806a854371ee8b48eb1163,2744,71.0,33.0,interior,-0.0,-0.0,-0.0,-0.0,-0.0,-0.0
6,6,loading,0.85,5865a1cf6cd3f513edd10f0fd54ceb7b0f0d138b0b806a854371ee8b48eb1163,2745,72.0,33.0,interior,-0.0,-0.0,-0.0,-0.0,-0.0,-0.0
6,6,loading,0.85,5865a1cf6cd3f513edd10f0fd54ceb7b0f0d138b0b806a854371ee8b48eb1163,2746,73.0,33.0,interior,-0.0,-0.0,-0.0,-0.0,-0.0,-0.0
6,6,loading,0.85,5865a1cf6cd3f513edd10f0fd54ceb7b0f0d138b0b806a854371ee8b48eb1163,2747,74.0,33.0,interior,-0.0,-0.0,-0.0,-0.0,-0.0,-0.0
6,6,loading,0.85,5865a1cf6cd3f513edd10f0fd54ceb7b0f0d138b0b806a854371ee8b48eb1163,2748,75.0,33.0,interior,-0.0,-0.0,-0.0,-0.0,-0.0,-0.0
6,6,loading,0.85,5865a1cf6cd3f513edd10f0fd54ceb7b0f0d138b0b806a854371ee8b48eb1163,2749,76.0,33.0,interior,-0.0,-0.0,-0.0,-0.0,-0.0,-0.0
6,6,loading,0.85,5865a1cf6cd3f513edd10f0fd54ceb7b0f0d138b0b806a854371ee8b48eb1163,2750,77.0,33.0,interior,-0.0,-0.0,-0.0,-0.0,-0.0,-0.0
6,6,loading,0.85,5865a1cf6cd3f513edd10f0fd54ceb7b0f0d138b0b806a854371ee8b48eb1163,2751,78.0,33.0,interior,-0.0,-0.0,-0.0,-0.0,-0.0,-0.0
6,6,loading,0.85,5865a1cf6cd3f513edd10f0fd54ceb7b0f0d138b0b806a854371ee8b48eb1163,2752,79.0,33.0,interior,-0.0,-0.0,-0.0,-0.0,-0.0,-0.0
6,6,loading,0.85,5865a1cf6cd3f513edd10f0fd54ceb7b0f0d138b0b806a854371ee8b48eb1163,2753,80.0,33.0,physical_only,-0.0,-0.0,-0.0,-0.0,-0.0,-0.0
6,6,loading,0.85,5865a1cf6cd3f513edd10f0fd54ceb7b0f0d138b0b806a854371ee8b48eb1163,2816,62.0,34.0,physical_only,-5.168026394026605e-06,-2.8676384267206714e-07,-3.6712815669860515e-06,8.854955388724875e-08,-1.496744827040553e-06,-3.753133965593158e-07
6,6,loading,0.85,5865a1cf6cd3f513edd10f0fd54ceb7b0f0d138b0b806a854371ee8b48eb1163,2817,63.0,34.0,interior,-0.0,-0.0,-0.0,-0.0,-0.0,-0.0
6,6,loading,0.85,5865a1cf6cd3f513edd10f0fd54ceb7b0f0d138b0b806a854371ee8b48eb1163,2818,64.0,34.0,interior,-0.0,-0.0,-0.0,-0.0,-0.0,-0.0
6,6,loading,0.85,5865a1cf6cd3f513edd10f0fd54ceb7b0f0d138b0b806a854371ee8b48eb1163,2819,65.0,34.0,interior,-0.0,-0.0,-0.0,-0.0,-0.0,-0.0
6,6,loading,0.85,5865a1cf6cd3f513edd10f0fd54ceb7b0f0d138b0b806a854371ee8b48eb1163,2820,66.0,34.0,interior,-0.0,-0.0,-0.0,-0.0,-0.0,-0.0
6,6,loading,0.85,5865a1cf6cd3f513edd10f0fd54ceb7b0f0d138b0b806a854371ee8b48eb1163,2821,67.0,34.0,interior,-0.0,-0.0,-0.0,-0.0,-0.0,-0.0
6,6,loading,0.85,5865a1cf6cd3f513edd10f0fd54ceb7b0f0d138b0b806a854371ee8b48eb1163,2822,68.0,34.0,interior,-0.0,-0.0,-0.0,-0.0,-0.0,-0.0
6,6,loading,0.85,5865a1cf6cd3f513edd10f0fd54ceb7b0f0d138b0b806a854371ee8b48eb1163,2823,69.0,34.0,interior,-0.0,-0.0,-0.0,-0.0,-0.0,-0.0
6,6,loading,0.85,5865a1cf6cd3f513edd10f0fd54ceb7b0f0d138b0b806a854371ee8b48eb1163,2824,70.0,34.0,interior,-0.0,-0.0,-0.0,-0.0,-0.0,-0.0
6,6,loading,0.85,5865a1cf6cd3f513edd10f0fd54ceb7b0f0d138b0b806a854371ee8b48eb1163,2825,71.0,34.0,interior,-0.0,-0.0,-0.0,-0.0,-0.0,-0.0
6,6,loading,0.85,5865a1cf6cd3f513edd10f0fd54ceb7b0f0d138b0b806a854371ee8b48eb1163,2826,72.0,34.0,interior,-0.0,-0.0,-0.0,-0.0,-0.0,-0.0
6,6,loading,0.85,5865a1cf6cd3f513edd10f0fd54ceb7b0f0d138b0b806a854371ee8b48eb1163,2827,73.0,34.0,interior,-0.0,-0.0,-0.0,-0.0,-0.0,-0.0
6,6,loading,0.85,5865a1cf6cd3f513edd10f0fd54ceb7b0f0d138b0b806a854371ee8b48eb1163,2828,74.0,34.0,interior,-0.0,-0.0,-0.0,-0.0,-0.0,-0.0
6,6,loading,0.85,5865a1cf6cd3f513edd10f0fd54ceb7b0f0d138b0b806a854371ee8b48eb1163,2829,75.0,34.0,interior,-0.0,-0.0,-0.0,-0.0,-0.0,-0.0
6,6,loading,0.85,5865a1cf6cd3f513edd10f0fd54ceb7b0f0d138b0b806a854371ee8b48eb1163,2830,76.0,34.0,interior,-0.0,-0.0,-0.0,-0.0,-0.0,-0.0
6,6,loading,0.85,5865a1cf6cd3f513edd10f0fd54ceb7b0f0d138b0b806a854371ee8b48eb1163,2831,77.0,34.0,interior,-0.0,-0.0,-0.0,-0.0,-0.0,-0.0
6,6,loading,0.85,5865a1cf6cd3f513edd10f0fd54ceb7b0f0d138b0b806a854371ee8b48eb1163,2832,78.0,34.0,interior,-0.0,-0.0,-0.0,-0.0,-0.0,-0.0
6,6,loading,0.85,5865a1cf6cd3f513edd10f0fd54ceb7b0f0d138b0b806a854371ee8b48eb1163,2833,79.0,34.0,interior,-0.0,-0.0,-0.0,-0.0,-0.0,-0.0
6,6,loading,0.85,5865a1cf6cd3f513edd10f0fd54ceb7b0f0d138b0b806a854371ee8b48eb1163,2834,80.0,34.0,physical_only,-0.0,-0.0,-0.0,-0.0,-0.0,-0.0
6,6,loading,0.85,5865a1cf6cd3f513edd10f0fd54ceb7b0f0d138b0b806a854371ee8b48eb1163,2897,62.0,35.0,physical_only,-5.024334629526096e-06,3.779085628701855e-08,-3.8087323300471414e-06,7.474664890449759e-08,-1.2156022994789546e-06,-3.6955792617479094e-08
6,6,loading,0.85,5865a1cf6cd3f513edd10f0fd54ceb7b0f0d138b0b806a854371ee8b48eb1163,2898,63.0,35.0,interior,-0.0,-0.0,-0.0,-0.0,-0.0,-0.0
6,6,loading,0.85,5865a1cf6cd3f513edd10f0fd54ceb7b0f0d138b0b806a854371ee8b48eb1163,2899,64.0,35.0,interior,-0.0,-0.0,-0.0,-0.0,-0.0,-0.0
6,6,loading,0.85,5865a1cf6cd3f513edd10f0fd54ceb7b0f0d138b0b806a854371ee8b48eb1163,2900,65.0,35.0,interior,-0.0,-0.0,-0.0,-0.0,-0.0,-0.0
6,6,loading,0.85,5865a1cf6cd3f513edd10f0fd54ceb7b0f0d138b0b806a854371ee8b48eb1163,2901,66.0,35.0,interior,-0.0,-0.0,-0.0,-0.0,-0.0,-0.0
6,6,loading,0.85,5865a1cf6cd3f513edd10f0fd54ceb7b0f0d138b0b806a854371ee8b48eb1163,2902,67.0,35.0,interior,-0.0,-0.0,-0.0,-0.0,-0.0,-0.0
6,6,loading,0.85,5865a1cf6cd3f513edd10f0fd54ceb7b0f0d138b0b806a854371ee8b48eb1163,2903,68.0,35.0,interior,-0.0,-0.0,-0.0,-0.0,-0.0,-0.0
6,6,loading,0.85,5865a1cf6cd3f513edd10f0fd54ceb7b0f0d138b0b806a854371ee8b48eb1163,2904,69.0,35.0,interior,-0.0,-0.0,-0.0,-0.0,-0.0,-0.0
6,6,loading,0.85,5865a1cf6cd3f513edd10f0fd54ceb7b0f0d138b0b806a854371ee8b48eb1163,2905,70.0,35.0,interior,-0.0,-0.0,-0.0,-0.0,-0.0,-0.0
6,6,loading,0.85,5865a1cf6cd3f513edd10f0fd54ceb7b0f0d138b0b806a854371ee8b48eb1163,2906,71.0,35.0,interior,-0.0,-0.0,-0.0,-0.0,-0.0,-0.0
6,6,loading,0.85,5865a1cf6cd3f513edd10f0fd54ceb7b0f0d138b0b806a854371ee8b48eb1163,2907,72.0,35.0,interior,-0.0,-0.0,-0.0,-0.0,-0.0,-0.0
6,6,loading,0.85,5865a1cf6cd3f513edd10f0fd54ceb7b0f0d138b0b806a854371ee8b48eb1163,2908,73.0,35.0,interior,-0.0,-0.0,-0.0,-0.0,-0.0,-0.0
6,6,loading,0.85,5865a1cf6cd3f513edd10f0fd54ceb7b0f0d138b0b806a854371ee8b48eb1163,2909,74.0,35.0,interior,-0.0,-0.0,-0.0,-0.0,-0.0,-0.0
6,6,loading,0.85,5865a1cf6cd3f513edd10f0fd54ceb7b0f0d138b0b806a854371ee8b48eb1163,2910,75.0,35.0,interior,-0.0,-0.0,-0.0,-0.0,-0.0,-0.0
6,6,loading,0.85,5865a1cf6cd3f513edd10f0fd54ceb7b0f0d138b0b806a854371ee8b48eb1163,2911,76.0,35.0,interior,-0.0,-0.0,-0.0,-0.0,-0.0,-0.0
6,6,loading,0.85,5865a1cf6cd3f513edd10f0fd54ceb7b0f0d138b0b806a854371ee8b48eb1163,2912,77.0,35.0,interior,-0.0,-0.0,-0.0,-0.0,-0.0,-0.0
6,6,loading,0.85,5865a1cf6cd3f513edd10f0fd54ceb7b0f0d138b0b806a854371ee8b48eb1163,2913,78.0,35.0,interior,-0.0,-0.0,-0.0,-0.0,-0.0,-0.0
6,6,loading,0.85,5865a1cf6cd3f513edd10f0fd54ceb7b0f0d138b0b806a854371ee8b48eb1163,2914,79.0,35.0,interior,-0.0,-0.0,-0.0,-0.0,-0.0,-0.0
6,6,loading,0.85,5865a1cf6cd3f513edd10f0fd54ceb7b0f0d138b0b806a854371ee8b48eb1163,2915,80.0,35.0,physical_only,-0.0,-0.0,-0.0,-0.0,-0.0,-0.0
6,6,loading,0.85,5865a1cf6cd3f513edd10f0fd54ceb7b0f0d138b0b806a854371ee8b48eb1163,2978,62.0,36.0,physical_only,-5.098408759671211e-06,1.9834297777881547e-07,-3.9217846590352415e-06,6.245189816714028e-08,-1.1766241006359706e-06,1.3589107961167524e-07
6,6,loading,0.85,5865a1cf6cd3f513edd10f0fd54ceb7b0f0d138b0b806a854371ee8b48eb1163,2979,63.0,36.0,interior,-0.0,-0.0,-0.0,-0.0,-0.0,-0.0
6,6,loading,0.85,5865a1cf6cd3f513edd10f0fd54ceb7b0f0d138b0b806a854371ee8b48eb1163,2980,64.0,36.0,interior,-0.0,-0.0,-0.0,-0.0,-0.0,-0.0
6,6,loading,0.85,5865a1cf6cd3f513edd10f0fd54ceb7b0f0d138b0b806a854371ee8b48eb1163,2981,65.0,36.0,interior,-0.0,-0.0,-0.0,-0.0,-0.0,-0.0
6,6,loading,0.85,5865a1cf6cd3f513edd10f0fd54ceb7b0f0d138b0b806a854371ee8b48eb1163,2982,66.0,36.0,interior,-0.0,-0.0,-0.0,-0.0,-0.0,-0.0
6,6,loading,0.85,5865a1cf6cd3f513edd10f0fd54ceb7b0f0d138b0b806a854371ee8b48eb1163,2983,67.0,36.0,interior,-0.0,-0.0,-0.0,-0.0,-0.0,-0.0
6,6,loading,0.85,5865a1cf6cd3f513edd10f0fd54ceb7b0f0d138b0b806a854371ee8b48eb1163,2984,68.0,36.0,interior,-0.0,-0.0,-0.0,-0.0,-0.0,-0.0
6,6,loading,0.85,5865a1cf6cd3f513edd10f0fd54ceb7b0f0d138b0b806a854371ee8b48eb1163,2985,69.0,36.0,interior,-0.0,-0.0,-0.0,-0.0,-0.0,-0.0
6,6,loading,0.85,5865a1cf6cd3f513edd10f0fd54ceb7b0f0d138b0b806a854371ee8b48eb1163,2986,70.0,36.0,interior,-0.0,-0.0,-0.0,-0.0,-0.0,-0.0
6,6,loading,0.85,5865a1cf6cd3f513edd10f0fd54ceb7b0f0d138b0b806a854371ee8b48eb1163,2987,71.0,36.0,interior,-0.0,-0.0,-0.0,-0.0,-0.0,-0.0
6,6,loading,0.85,5865a1cf6cd3f513edd10f0fd54ceb7b0f0d138b0b806a854371ee8b48eb1163,2988,72.0,36.0,interior,-0.0,-0.0,-0.0,-0.0,-0.0,-0.0
6,6,loading,0.85,5865a1cf6cd3f513edd10f0fd54ceb7b0f0d138b0b806a854371ee8b48eb1163,2989,73.0,36.0,interior,-0.0,-0.0,-0.0,-0.0,-0.0,-0.0
6,6,loading,0.85,5865a1cf6cd3f513edd10f0fd54ceb7b0f0d138b0b806a854371ee8b48eb1163,2990,74.0,36.0,interior,-0.0,-0.0,-0.0,-0.0,-0.0,-0.0
6,6,loading,0.85,5865a1cf6cd3f513edd10f0fd54ceb7b0f0d138b0b806a854371ee8b48eb1163,2991,75.0,36.0,interior,-0.0,-0.0,-0.0,-0.0,-0.0,-0.0
6,6,loading,0.85,5865a1cf6cd3f513edd10f0fd54ceb7b0f0d138b0b806a854371ee8b48eb1163,2992,76.0,36.0,interior,-0.0,-0.0,-0.0,-0.0,-0.0,-0.0
6,6,loading,0.85,5865a1cf6cd3f513edd10f0fd54ceb7b0f0d138b0b806a854371ee8b48eb1163,2993,77.0,36.0,interior,-0.0,-0.0,-0.0,-0.0,-0.0,-0.0
6,6,loading,0.85,5865a1cf6cd3f513edd10f0fd54ceb7b0f0d138b0b806a854371ee8b48eb1163,2994,78.0,36.0,interior,-0.0,-0.0,-0.0,-0.0,-0.0,-0.0
6,6,loading,0.85,5865a1cf6cd3f513edd10f0fd54ceb7b0f0d138b0b806a854371ee8b48eb1163,2995,79.0,36.0,interior,-0.0,-0.0,-0.0,-0.0,-0.0,-0.0
6,6,loading,0.85,5865a1cf6cd3f513edd10f0fd54ceb7b0f0d138b0b806a854371ee8b48eb1163,2996,80.0,36.0,physical_only,-0.0,-0.0,-0.0,-0.0,-0.0,-0.0
6,6,loading,0.85,5865a1cf6cd3f513edd10f0fd54ceb7b0f0d138b0b806a854371ee8b48eb1163,3059,62.0,37.0,physical_only,-5.232109886435635e-06,2.3054741851583207e-07,-4.011521516117538e-06,4.921078384764179e-08,-1.2205883703180962e-06,1.8133663466819028e-07
6,6,loading,0.85,5865a1cf6cd3f513edd10f0fd54ceb7b0f0d138b0b806a854371ee8b48eb1163,3060,63.0,37.0,interior,-0.0,-0.0,-0.0,-0.0,-0.0,-0.0
6,6,loading,0.85,5865a1cf6cd3f513edd10f0fd54ceb7b0f0d138b0b806a854371ee8b48eb1163,3061,64.0,37.0,interior,-0.0,-0.0,-0.0,-0.0,-0.0,-0.0
6,6,loading,0.85,5865a1cf6cd3f513edd10f0fd54ceb7b0f0d138b0b806a854371ee8b48eb1163,3062,65.0,37.0,interior,-0.0,-0.0,-0.0,-0.0,-0.0,-0.0
6,6,loading,0.85,5865a1cf6cd3f513edd10f0fd54ceb7b0f0d138b0b806a854371ee8b48eb1163,3063,66.0,37.0,interior,-0.0,-0.0,-0.0,-0.0,-0.0,-0.0
6,6,loading,0.85,5865a1cf6cd3f513edd10f0fd54ceb7b0f0d138b0b806a854371ee8b48eb1163,3064,67.0,37.0,interior,-0.0,-0.0,-0.0,-0.0,-0.0,-0.0
6,6,loading,0.85,5865a1cf6cd3f513edd10f0fd54ceb7b0f0d138b0b806a854371ee8b48eb1163,3065,68.0,37.0,interior,-0.0,-0.0,-0.0,-0.0,-0.0,-0.0
6,6,loading,0.85,5865a1cf6cd3f513edd10f0fd54ceb7b0f0d138b0b806a854371ee8b48eb1163,3066,69.0,37.0,interior,-0.0,-0.0,-0.0,-0.0,-0.0,-0.0
6,6,loading,0.85,5865a1cf6cd3f513edd10f0fd54ceb7b0f0d138b0b806a854371ee8b48eb1163,3067,70.0,37.0,interior,-0.0,-0.0,-0.0,-0.0,-0.0,-0.0
6,6,loading,0.85,5865a1cf6cd3f513edd10f0fd54ceb7b0f0d138b0b806a854371ee8b48eb1163,3068,71.0,37.0,interior,-0.0,-0.0,-0.0,-0.0,-0.0,-0.0
6,6,loading,0.85,5865a1cf6cd3f513edd10f0fd54ceb7b0f0d138b0b806a854371ee8b48eb1163,3069,72.0,37.0,interior,-0.0,-0.0,-0.0,-0.0,-0.0,-0.0
6,6,loading,0.85,5865a1cf6cd3f513edd10f0fd54ceb7b0f0d138b0b806a854371ee8b48eb1163,3070,73.0,37.0,interior,-0.0,-0.0,-0.0,-0.0,-0.0,-0.0
6,6,loading,0.85,5865a1cf6cd3f513edd10f0fd54ceb7b0f0d138b0b806a854371ee8b48eb1163,3071,74.0,37.0,interior,-0.0,-0.0,-0.0,-0.0,-0.0,-0.0
6,6,loading,0.85,5865a1cf6cd3f513edd10f0fd54ceb7b0f0d138b0b806a854371ee8b48eb1163,3072,75.0,37.0,interior,-0.0,-0.0,-0.0,-0.0,-0.0,-0.0
6,6,loading,0.85,5865a1cf6cd3f513edd10f0fd54ceb7b0f0d138b0b806a854371ee8b48eb1163,3073,76.0,37.0,interior,-0.0,-0.0,-0.0,-0.0,-0.0,-0.0
6,6,loading,0.85,5865a1cf6cd3f513edd10f0fd54ceb7b0f0d138b0b806a854371ee8b48eb1163,3074,77.0,37.0,interior,-0.0,-0.0,-0.0,-0.0,-0.0,-0.0
6,6,loading,0.85,5865a1cf6cd3f513edd10f0fd54ceb7b0f0d138b0b806a854371ee8b48eb1163,3075,78.0,37.0,interior,-0.0,-0.0,-0.0,-0.0,-0.0,-0.0
6,6,loading,0.85,5865a1cf6cd3f513edd10f0fd54ceb7b0f0d138b0b806a854371ee8b48eb1163,3076,79.0,37.0,interior,-0.0,-0.0,-0.0,-0.0,-0.0,-0.0
6,6,loading,0.85,5865a1cf6cd3f513edd10f0fd54ceb7b0f0d138b0b806a854371ee8b48eb1163,3077,80.0,37.0,physical_only,-0.0,-0.0,-0.0,-0.0,-0.0,-0.0
6,6,loading,0.85,5865a1cf6cd3f513edd10f0fd54ceb7b0f0d138b0b806a854371ee8b48eb1163,3140,62.0,38.0,physical_only,-5.348462906353946e-06,1.827344046970461e-07,-4.077038978159885e-06,3.418096575052467e-08,-1.2714239281940618e-06,1.4855343894652143e-07
6,6,loading,0.85,5865a1cf6cd3f513edd10f0fd54ceb7b0f0d138b0b806a854371ee8b48eb1163,3141,63.0,38.0,interior,-0.0,-0.0,-0.0,-0.0,-0.0,-0.0
6,6,loading,0.85,5865a1cf6cd3f513edd10f0fd54ceb7b0f0d138b0b806a854371ee8b48eb1163,3142,64.0,38.0,interior,-0.0,-0.0,-0.0,-0.0,-0.0,-0.0
6,6,loading,0.85,5865a1cf6cd3f513edd10f0fd54ceb7b0f0d138b0b806a854371ee8b48eb1163,3143,65.0,38.0,interior,-0.0,-0.0,-0.0,-0.0,-0.0,-0.0
6,6,loading,0.85,5865a1cf6cd3f513edd10f0fd54ceb7b0f0d138b0b806a854371ee8b48eb1163,3144,66.0,38.0,interior,-0.0,-0.0,-0.0,-0.0,-0.0,-0.0
6,6,loading,0.85,5865a1cf6cd3f513edd10f0fd54ceb7b0f0d138b0b806a854371ee8b48eb1163,3145,67.0,38.0,interior,-0.0,-0.0,-0.0,-0.0,-0.0,-0.0
6,6,loading,0.85,5865a1cf6cd3f513edd10f0fd54ceb7b0f0d138b0b806a854371ee8b48eb1163,3146,68.0,38.0,interior,-0.0,-0.0,-0.0,-0.0,-0.0,-0.0
6,6,loading,0.85,5865a1cf6cd3f513edd10f0fd54ceb7b0f0d138b0b806a854371ee8b48eb1163,3147,69.0,38.0,interior,-0.0,-0.0,-0.0,-0.0,-0.0,-0.0
6,6,loading,0.85,5865a1cf6cd3f513edd10f0fd54ceb7b0f0d138b0b806a854371ee8b48eb1163,3148,70.0,38.0,interior,-0.0,-0.0,-0.0,-0.0,-0.0,-0.0
6,6,loading,0.85,5865a1cf6cd3f513edd10f0fd54ceb7b0f0d138b0b806a854371ee8b48eb1163,3149,71.0,38.0,interior,-0.0,-0.0,-0.0,-0.0,-0.0,-0.0
6,6,loading,0.85,5865a1cf6cd3f513edd10f0fd54ceb7b0f0d138b0b806a854371ee8b48eb1163,3150,72.0,38.0,interior,-0.0,-0.0,-0.0,-0.0,-0.0,-0.0
6,6,loading,0.85,5865a1cf6cd3f513edd10f0fd54ceb7b0f0d138b0b806a854371ee8b48eb1163,3151,73.0,38.0,interior,-0.0,-0.0,-0.0,-0.0,-0.0,-0.0
6,6,loading,0.85,5865a1cf6cd3f513edd10f0fd54ceb7b0f0d138b0b806a854371ee8b48eb1163,3152,74.0,38.0,interior,-0.0,-0.0,-0.0,-0.0,-0.0,-0.0
6,6,loading,0.85,5865a1cf6cd3f513edd10f0fd54ceb7b0f0d138b0b806a854371ee8b48eb1163,3153,75.0,38.0,interior,-0.0,-0.0,-0.0,-0.0,-0.0,-0.0
6,6,loading,0.85,5865a1cf6cd3f513edd10f0fd54ceb7b0f0d138b0b806a854371ee8b48eb1163,3154,76.0,38.0,interior,-0.0,-0.0,-0.0,-0.0,-0.0,-0.0
6,6,loading,0.85,5865a1cf6cd3f513edd10f0fd54ceb7b0f0d138b0b806a854371ee8b48eb1163,3155,77.0,38.0,interior,-0.0,-0.0,-0.0,-0.0,-0.0,-0.0
6,6,loading,0.85,5865a1cf6cd3f513edd10f0fd54ceb7b0f0d138b0b806a854371ee8b48eb1163,3156,78.0,38.0,interior,-0.0,-0.0,-0.0,-0.0,-0.0,-0.0
6,6,loading,0.85,5865a1cf6cd3f513edd10f0fd54ceb7b0f0d138b0b806a854371ee8b48eb1163,3157,79.0,38.0,interior,-0.0,-0.0,-0.0,-0.0,-0.0,-0.0
6,6,loading,0.85,5865a1cf6cd3f513edd10f0fd54ceb7b0f0d138b0b806a854371ee8b48eb1163,3158,80.0,38.0,physical_only,-0.0,-0.0,-0.0,-0.0,-0.0,-0.0
6,6,loading,0.85,5865a1cf6cd3f513edd10f0fd54ceb7b0f0d138b0b806a854371ee8b48eb1163,3221,62.0,39.0,physical_only,-5.419112228046607e-06,9.742784250519194e-08,-4.117008217516961e-06,1.7541292607762033e-08,-1.3021040105296456e-06,7.98865498974297e-08
6,6,loading,0.85,5865a1cf6cd3f513edd10f0fd54ceb7b0f0d138b0b806a854371ee8b48eb1163,3222,63.0,39.0,interior,-0.0,-0.0,-0.0,-0.0,-0.0,-0.0
6,6,loading,0.85,5865a1cf6cd3f513edd10f0fd54ceb7b0f0d138b0b806a854371ee8b48eb1163,3223,64.0,39.0,interior,-0.0,-0.0,-0.0,-0.0,-0.0,-0.0
6,6,loading,0.85,5865a1cf6cd3f513edd10f0fd54ceb7b0f0d138b0b806a854371ee8b48eb1163,3224,65.0,39.0,interior,-0.0,-0.0,-0.0,-0.0,-0.0,-0.0
6,6,loading,0.85,5865a1cf6cd3f513edd10f0fd54ceb7b0f0d138b0b806a854371ee8b48eb1163,3225,66.0,39.0,interior,-0.0,-0.0,-0.0,-0.0,-0.0,-0.0
6,6,loading,0.85,5865a1cf6cd3f513edd10f0fd54ceb7b0f0d138b0b806a854371ee8b48eb1163,3226,67.0,39.0,interior,-0.0,-0.0,-0.0,-0.0,-0.0,-0.0
6,6,loading,0.85,5865a1cf6cd3f513edd10f0fd54ceb7b0f0d138b0b806a854371ee8b48eb1163,3227,68.0,39.0,interior,-0.0,-0.0,-0.0,-0.0,-0.0,-0.0
6,6,loading,0.85,5865a1cf6cd3f513edd10f0fd54ceb7b0f0d138b0b806a854371ee8b48eb1163,3228,69.0,39.0,interior,-0.0,-0.0,-0.0,-0.0,-0.0,-0.0
6,6,loading,0.85,5865a1cf6cd3f513edd10f0fd54ceb7b0f0d138b0b806a854371ee8b48eb1163,3229,70.0,39.0,interior,-0.0,-0.0,-0.0,-0.0,-0.0,-0.0
6,6,loading,0.85,5865a1cf6cd3f513edd10f0fd54ceb7b0f0d138b0b806a854371ee8b48eb1163,3230,71.0,39.0,interior,-0.0,-0.0,-0.0,-0.0,-0.0,-0.0
6,6,loading,0.85,5865a1cf6cd3f513edd10f0fd54ceb7b0f0d138b0b806a854371ee8b48eb1163,3231,72.0,39.0,interior,-0.0,-0.0,-0.0,-0.0,-0.0,-0.0
6,6,loading,0.85,5865a1cf6cd3f513edd10f0fd54ceb7b0f0d138b0b806a854371ee8b48eb1163,3232,73.0,39.0,interior,-0.0,-0.0,-0.0,-0.0,-0.0,-0.0
6,6,loading,0.85,5865a1cf6cd3f513edd10f0fd54ceb7b0f0d138b0b806a854371ee8b48eb1163,3233,74.0,39.0,interior,-0.0,-0.0,-0.0,-0.0,-0.0,-0.0
6,6,loading,0.85,5865a1cf6cd3f513edd10f0fd54ceb7b0f0d138b0b806a854371ee8b48eb1163,3234,75.0,39.0,interior,-0.0,-0.0,-0.0,-0.0,-0.0,-0.0
6,6,loading,0.85,5865a1cf6cd3f513edd10f0fd54ceb7b0f0d138b0b806a854371ee8b48eb1163,3235,76.0,39.0,interior,-0.0,-0.0,-0.0,-0.0,-0.0,-0.0
6,6,loading,0.85,5865a1cf6cd3f513edd10f0fd54ceb7b0f0d138b0b806a854371ee8b48eb1163,3236,77.0,39.0,interior,-0.0,-0.0,-0.0,-0.0,-0.0,-0.0
6,6,loading,0.85,5865a1cf6cd3f513edd10f0fd54ceb7b0f0d138b0b806a854371ee8b48eb1163,3237,78.0,39.0,interior,-0.0,-0.0,-0.0,-0.0,-0.0,-0.0
6,6,loading,0.85,5865a1cf6cd3f513edd10f0fd54ceb7b0f0d138b0b806a854371ee8b48eb1163,3238,79.0,39.0,interior,-0.0,-0.0,-0.0,-0.0,-0.0,-0.0
6,6,loading,0.85,5865a1cf6cd3f513edd10f0fd54ceb7b0f0d138b0b806a854371ee8b48eb1163,3239,80.0,39.0,physical_only,-0.0,-0.0,-0.0,-0.0,-0.0,-0.0
6,6,loading,0.85,5865a1cf6cd3f513edd10f0fd54ceb7b0f0d138b0b806a854371ee8b48eb1163,3302,62.0,40.0,physical_and_cut,-2.7209765344864024e-06,-1.9327325167413054e-06,-2.06522348407545e-06,-9.389253635683204e-07,-6.557530504109524e-07,-9.938071531729852e-07
6,6,loading,0.85,5865a1cf6cd3f513edd10f0fd54ceb7b0f0d138b0b806a854371ee8b48eb1163,3303,63.0,40.0,cut_only,-0.0,-0.0,-0.0,-0.0,-0.0,-0.0
6,6,loading,0.85,5865a1cf6cd3f513edd10f0fd54ceb7b0f0d138b0b806a854371ee8b48eb1163,3304,64.0,40.0,cut_only,-0.0,-0.0,-0.0,-0.0,-0.0,-0.0
6,6,loading,0.85,5865a1cf6cd3f513edd10f0fd54ceb7b0f0d138b0b806a854371ee8b48eb1163,3305,65.0,40.0,cut_only,-0.0,-0.0,-0.0,-0.0,-0.0,-0.0
6,6,loading,0.85,5865a1cf6cd3f513edd10f0fd54ceb7b0f0d138b0b806a854371ee8b48eb1163,3306,66.0,40.0,cut_only,-0.0,-0.0,-0.0,-0.0,-0.0,-0.0
6,6,loading,0.85,5865a1cf6cd3f513edd10f0fd54ceb7b0f0d138b0b806a854371ee8b48eb1163,3307,67.0,40.0,cut_only,-0.0,-0.0,-0.0,-0.0,-0.0,-0.0
6,6,loading,0.85,5865a1cf6cd3f513edd10f0fd54ceb7b0f0d138b0b806a854371ee8b48eb1163,3308,68.0,40.0,cut_only,-0.0,-0.0,-0.0,-0.0,-0.0,-0.0
6,6,loading,0.85,5865a1cf6cd3f513edd10f0fd54ceb7b0f0d138b0b806a854371ee8b48eb1163,3309,69.0,40.0,cut_only,-0.0,-0.0,-0.0,-0.0,-0.0,-0.0
6,6,loading,0.85,5865a1cf6cd3f513edd10f0fd54ceb7b0f0d138b0b806a854371ee8b48eb1163,3310,70.0,40.0,cut_only,-0.0,-0.0,-0.0,-0.0,-0.0,-0.0
6,6,loading,0.85,5865a1cf6cd3f513edd10f0fd54ceb7b0f0d138b0b806a854371ee8b48eb1163,3311,71.0,40.0,cut_only,-0.0,-0.0,-0.0,-0.0,-0.0,-0.0
6,6,loading,0.85,5865a1cf6cd3f513edd10f0fd54ceb7b0f0d138b0b806a854371ee8b48eb1163,3312,72.0,40.0,cut_only,-0.0,-0.0,-0.0,-0.0,-0.0,-0.0
6,6,loading,0.85,5865a1cf6cd3f513edd10f0fd54ceb7b0f0d138b0b806a854371ee8b48eb1163,3313,73.0,40.0,cut_only,-0.0,-0.0,-0.0,-0.0,-0.0,-0.0
6,6,loading,0.85,5865a1cf6cd3f513edd10f0fd54ceb7b0f0d138b0b806a854371ee8b48eb1163,3314,74.0,40.0,cut_only,-0.0,-0.0,-0.0,-0.0,-0.0,-0.0
6,6,loading,0.85,5865a1cf6cd3f513edd10f0fd54ceb7b0f0d138b0b806a854371ee8b48eb1163,3315,75.0,40.0,cut_only,-0.0,-0.0,-0.0,-0.0,-0.0,-0.0
6,6,loading,0.85,5865a1cf6cd3f513edd10f0fd54ceb7b0f0d138b0b806a854371ee8b48eb1163,3316,76.0,40.0,cut_only,-0.0,-0.0,-0.0,-0.0,-0.0,-0.0
6,6,loading,0.85,5865a1cf6cd3f513edd10f0fd54ceb7b0f0d138b0b806a854371ee8b48eb1163,3317,77.0,40.0,cut_only,-0.0,-0.0,-0.0,-0.0,-0.0,-0.0
6,6,loading,0.85,5865a1cf6cd3f513edd10f0fd54ceb7b0f0d138b0b806a854371ee8b48eb1163,3318,78.0,40.0,cut_only,-0.0,-0.0,-0.0,-0.0,-0.0,-0.0
6,6,loading,0.85,5865a1cf6cd3f513edd10f0fd54ceb7b0f0d138b0b806a854371ee8b48eb1163,3319,79.0,40.0,cut_only,-0.0,-0.0,-0.0,-0.0,-0.0,-0.0
6,6,loading,0.85,5865a1cf6cd3f513edd10f0fd54ceb7b0f0d138b0b806a854371ee8b48eb1163,3320,80.0,40.0,physical_and_cut,-0.0,-0.0,-0.0,-0.0,-0.0,-0.0
7,7,loading,0.8625,d27bc4c160c161ead50a4aafec0cdd0d3bdad95bcc3488315a5c9bbe1e8bb740,2573,62.0,31.0,physical_only,-0.00044441275676653067,-6.51498930094254e-05,-5.726798935322905e-06,6.3875132316500805e-06,-0.00043868595783120776,-7.153740624107553e-05
7,7,loading,0.8625,d27bc4c160c161ead50a4aafec0cdd0d3bdad95bcc3488315a5c9bbe1e8bb740,2574,63.0,31.0,physical_only,-1.0929446835848379e-06,-5.628720560182769e-05,-3.1858791025409297e-06,7.320490354181325e-06,2.092934418956092e-06,-6.3607695956009e-05
7,7,loading,0.8625,d27bc4c160c161ead50a4aafec0cdd0d3bdad95bcc3488315a5c9bbe1e8bb740,2575,64.0,31.0,physical_only,1.401064979650086e-06,-7.536613551083389e-05,-3.257981197840715e-06,9.385222991091457e-06,4.6590461774908004e-06,-8.475135850192535e-05
7,7,loading,0.8625,d27bc4c160c161ead50a4aafec0cdd0d3bdad95bcc3488315a5c9bbe1e8bb740,2576,65.0,31.0,physical_only,2.136137903639447e-06,-0.000102221921235739,-3.3483747942485633e-06,1.1758788194256051e-05,5.484512697888007e-06,-0.00011398070942999502
7,7,loading,0.8625,d27bc4c160c161ead50a4aafec0cdd0d3bdad95bcc3488315a5c9bbe1e8bb740,2577,66.0,31.0,physical_only,1.0280906232583865e-06,-0.00013433640140667882,-3.457686802619933e-06,1.453986341136192e-05,4.485777425878324e-06,-0.0001488762648180407
7,7,loading,0.8625,d27bc4c160c161ead50a4aafec0cdd0d3bdad95bcc3488315a5c9bbe1e8bb740,2578,67.0,31.0,physical_only,-8.128615668157529e-07,-0.00017132598046997437,-3.5837651739100353e-06,1.7844809661239723e-05,2.7709036070942825e-06,-0.00018917079013121415
7,7,loading,0.8625,d27bc4c160c161ead50a4aafec0cdd0d3bdad95bcc3488315a5c9bbe1e8bb740,2579,68.0,31.0,physical_only,-8.79128444911648e-07,-0.00021625367125313556,-3.727669488165668e-06,2.1820195636902885e-05,2.8485410432540225e-06,-0.00023807386689003848
7,7,loading,0.8625,d27bc4c160c161ead50a4aafec0cdd0d3bdad95bcc3488315a5c9bbe1e8bb740,2580,69.0,31.0,physical_only,-1.3469434297420708e-06,-0.0002722327090822691,-3.893941190561405e-06,2.666663613810262e-05,2.5469977608193314e-06,-0.0002988993452203714
7,7,loading,0.8625,d27bc4c160c161ead50a4aafec0cdd0d3bdad95bcc3488315a5c9bbe1e8bb740,2581,70.0,31.0,physical_only,-2.0549139348985566e-06,-0.00033991653052239034,-4.090642797826162e-06,3.2672231862798616e-05,2.03572886292761e-06,-0.00037258876238518914
7,7,loading,0.8625,d27bc4c160c161ead50a4aafec0cdd0d3bdad95bcc3488315a5c9bbe1e8bb740,2582,71.0,31.0,physical_only,-2.9633873156516497e-06,-0.0004209796000982607,-4.32897327738329e-06,4.0262215351395e-05,1.3655859617316352e-06,-0.00046124181544965554
7,7,loading,0.8625,d27bc4c160c161ead50a4aafec0cdd0d3bdad95bcc3488315a5c9bbe1e8bb740,2583,72.0,31.0,physical_only,-3.850445059165949e-06,-0.0005171778819684715,-4.6261945129515325e-06,5.0088759104572575e-05,7.757494537855898e-07,-0.0005672666410730443
7,7,loading,0.8625,d27bc4c160c161ead50a4aafec0cdd0d3bdad95bcc3488315a5c9bbe1e8bb740,2584,73.0,31.0,physical_only,-4.6646244874622485e-06,-0.0006287726185768591,-5.009322296819314e-06,6.319859714965768e-05,3.446978093570594e-07,-0.0006919712157265169
7,7,loading,0.8625,d27bc4c160c161ead50a4aafec0cdd0d3bdad95bcc3488315a5c9bbe1e8bb740,2585,74.0,31.0,physical_only,1.2163951849051074e-06,-0.0007609284861452284,-5.52621947987297e-06,8.138124634962706e-05,6.742614664778085e-06,-0.0008423097324948554
7,7,loading,0.8625,d27bc4c160c161ead50a4aafec0cdd0d3bdad95bcc3488315a5c9bbe1e8bb740,2586,75.0,31.0,physical_only,1.2853691578225724e-05,-0.0009304363088733347,-6.271065274478961e-06,0.00010798874925757986,1.912475685270469e-05,-0.001038425058130914
7,7,loading,0.8625,d27bc4c160c161ead50a4aafec0cdd0d3bdad95bcc3488315a5c9bbe1e8bb740,2587,76.0,31.0,physical_only,2.403824192514702e-05,-0.0011555102523925932,-7.446264893071855e-06,0.00015013095598574933,3.148450681821886e-05,-0.001305641208378342
7,7,loading,0.8625,d27bc4c160c161ead50a4aafec0cdd0d3bdad95bcc3488315a5c9bbe1e8bb740,2588,77.0,31.0,physical_only,1.3873958149527107e-05,-0.0014029032853886741,-9.526613050976228e-06,0.00022556018775713723,2.3400571200503332e-05,-0.0016284634731458117
7,7,loading,0.8625,d27bc4c160c161ead50a4aafec0cdd0d3bdad95bcc3488315a5c9bbe1e8bb740,2589,78.0,31.0,physical_only,-5.851254883334689e-06,-0.0015961753170067074,-1.4017153579342931e-05,0.0003926578530988886,8.165898696008237e-06,-0.001988833170105597
7,7,loading,0.8625,d27bc4c160c161ead50a4aafec0cdd0d3bdad95bcc3488315a5c9bbe1e8bb740,2590,79.0,31.0,physical_only,-5.4092225185170705e-05,-0.0009057562011599192,-2.919435874850454e-05,0.0010055002718629379,-2.4897866436666163e-05,-0.001911256473022857
7,7,loading,0.8625,d27bc4c160c161ead50a4aafec0cdd0d3bdad95bcc3488315a5c9bbe1e8bb740,2591,80.0,31.0,physical_only,-0.0001099542541817957,0.01311737392980286,-7.376983553991634e-06,0.0009075197551536512,-0.00010257727062780407,0.012209854174649207
7,7,loading,0.8625,d27bc4c160c161ead50a4aafec0cdd0d3bdad95bcc3488315a5c9bbe1e8bb740,2654,62.0,32.0,physical_only,-7.052709622497019e-06,-1.1145914440583917e-06,-3.3170156997092237e-06,1.3819682681220743e-07,-3.7356939227877943e-06,-1.2527882708705994e-06
7,7,loading,0.8625,d27bc4c160c161ead50a4aafec0cdd0d3bdad95bcc3488315a5c9bbe1e8bb740,2655,63.0,32.0,interior,-0.0,-0.0,-0.0,-0.0,-0.0,-0.0
7,7,loading,0.8625,d27bc4c160c161ead50a4aafec0cdd0d3bdad95bcc3488315a5c9bbe1e8bb740,2656,64.0,32.0,interior,-0.0,-0.0,-0.0,-0.0,-0.0,-0.0
7,7,loading,0.8625,d27bc4c160c161ead50a4aafec0cdd0d3bdad95bcc3488315a5c9bbe1e8bb740,2657,65.0,32.0,interior,-0.0,-0.0,-0.0,-0.0,-0.0,-0.0
7,7,loading,0.8625,d27bc4c160c161ead50a4aafec0cdd0d3bdad95bcc3488315a5c9bbe1e8bb740,2658,66.0,32.0,interior,-0.0,-0.0,-0.0,-0.0,-0.0,-0.0
7,7,loading,0.8625,d27bc4c160c161ead50a4aafec0cdd0d3bdad95bcc3488315a5c9bbe1e8bb740,2659,67.0,32.0,interior,-0.0,-0.0,-0.0,-0.0,-0.0,-0.0
7,7,loading,0.8625,d27bc4c160c161ead50a4aafec0cdd0d3bdad95bcc3488315a5c9bbe1e8bb740,2660,68.0,32.0,interior,-0.0,-0.0,-0.0,-0.0,-0.0,-0.0
7,7,loading,0.8625,d27bc4c160c161ead50a4aafec0cdd0d3bdad95bcc3488315a5c9bbe1e8bb740,2661,69.0,32.0,interior,-0.0,-0.0,-0.0,-0.0,-0.0,-0.0
7,7,loading,0.8625,d27bc4c160c161ead50a4aafec0cdd0d3bdad95bcc3488315a5c9bbe1e8bb740,2662,70.0,32.0,interior,-0.0,-0.0,-0.0,-0.0,-0.0,-0.0
7,7,loading,0.8625,d27bc4c160c161ead50a4aafec0cdd0d3bdad95bcc3488315a5c9bbe1e8bb740,2663,71.0,32.0,interior,-0.0,-0.0,-0.0,-0.0,-0.0,-0.0
7,7,loading,0.8625,d27bc4c160c161ead50a4aafec0cdd0d3bdad95bcc3488315a5c9bbe1e8bb740,2664,72.0,32.0,interior,-0.0,-0.0,-0.0,-0.0,-0.0,-0.0
7,7,loading,0.8625,d27bc4c160c161ead50a4aafec0cdd0d3bdad95bcc3488315a5c9bbe1e8bb740,2665,73.0,32.0,interior,-0.0,-0.0,-0.0,-0.0,-0.0,-0.0
7,7,loading,0.8625,d27bc4c160c161ead50a4aafec0cdd0d3bdad95bcc3488315a5c9bbe1e8bb740,2666,74.0,32.0,interior,-0.0,-0.0,-0.0,-0.0,-0.0,-0.0
7,7,loading,0.8625,d27bc4c160c161ead50a4aafec0cdd0d3bdad95bcc3488315a5c9bbe1e8bb740,2667,75.0,32.0,interior,-0.0,-0.0,-0.0,-0.0,-0.0,-0.0
7,7,loading,0.8625,d27bc4c160c161ead50a4aafec0cdd0d3bdad95bcc3488315a5c9bbe1e8bb740,2668,76.0,32.0,interior,-0.0,-0.0,-0.0,-0.0,-0.0,-0.0
7,7,loading,0.8625,d27bc4c160c161ead50a4aafec0cdd0d3bdad95bcc3488315a5c9bbe1e8bb740,2669,77.0,32.0,interior,-0.0,-0.0,-0.0,-0.0,-0.0,-0.0
7,7,loading,0.8625,d27bc4c160c161ead50a4aafec0cdd0d3bdad95bcc3488315a5c9bbe1e8bb740,2670,78.0,32.0,interior,-0.0,-0.0,-0.0,-0.0,-0.0,-0.0
7,7,loading,0.8625,d27bc4c160c161ead50a4aafec0cdd0d3bdad95bcc3488315a5c9bbe1e8bb740,2671,79.0,32.0,interior,-0.0,-0.0,-0.0,-0.0,-0.0,-0.0
7,7,loading,0.8625,d27bc4c160c161ead50a4aafec0cdd0d3bdad95bcc3488315a5c9bbe1e8bb740,2672,80.0,32.0,physical_only,-0.0,-0.0,-0.0,-0.0,-0.0,-0.0
7,7,loading,0.8625,d27bc4c160c161ead50a4aafec0cdd0d3bdad95bcc3488315a5c9bbe1e8bb740,2735,62.0,33.0,physical_only,-5.792839950863675e-06,-7.125562787978677e-07,-3.5297689707046225e-06,1.0790952309523698e-07,-2.263070980159052e-06,-8.204658018931047e-07
7,7,loading,0.8625,d27bc4c160c161ead50a4aafec0cdd0d3bdad95bcc3488315a5c9bbe1e8bb740,2736,63.0,33.0,interior,-0.0,-0.0,-0.0,-0.0,-0.0,-0.0
7,7,loading,0.8625,d27bc4c160c161ead50a4aafec0cdd0d3bdad95bcc3488315a5c9bbe1e8bb740,2737,64.0,33.0,interior,-0.0,-0.0,-0.0,-0.0,-0.0,-0.0
7,7,loading,0.8625,d27bc4c160c161ead50a4aafec0cdd0d3bdad95bcc3488315a5c9bbe1e8bb740,2738,65.0,33.0,interior,-0.0,-0.0,-0.0,-0.0,-0.0,-0.0
7,7,loading,0.8625,d27bc4c160c161ead50a4aafec0cdd0d3bdad95bcc3488315a5c9bbe1e8bb740,2739,66.0,33.0,interior,-0.0,-0.0,-0.0,-0.0,-0.0,-0.0
7,7,loading,0.8625,d27bc4c160c161ead50a4aafec0cdd0d3bdad95bcc3488315a5c9bbe1e8bb740,2740,67.0,33.0,interior,-0.0,-0.0,-0.0,-0.0,-0.0,-0.0
7,7,loading,0.8625,d27bc4c160c161ead50a4aafec0cdd0d3bdad95bcc3488315a5c9bbe1e8bb740,2741,68.0,33.0,interior,-0.0,-0.0,-0.0,-0.0,-0.0,-0.0
7,7,loading,0.8625,d27bc4c160c161ead50a4aafec0cdd0d3bdad95bcc3488315a5c9bbe1e8bb740,2742,69.0,33.0,interior,-0.0,-0.0,-0.0,-0.0,-0.0,-0.0
7,7,loading,0.8625,d27bc4c160c161ead50a4aafec0cdd0d3bdad95bcc3488315a5c9bbe1e8bb740,2743,70.0,33.0,interior,-0.0,-0.0,-0.0,-0.0,-0.0,-0.0
7,7,loading,0.8625,d27bc4c160c161ead50a4aafec0cdd0d3bdad95bcc3488315a5c9bbe1e8bb740,2744,71.0,33.0,interior,-0.0,-0.0,-0.0,-0.0,-0.0,-0.0
7,7,loading,0.8625,d27bc4c160c161ead50a4aafec0cdd0d3bdad95bcc3488315a5c9bbe1e8bb740,2745,72.0,33.0,interior,-0.0,-0.0,-0.0,-0.0,-0.0,-0.0
7,7,loading,0.8625,d27bc4c160c161ead50a4aafec0cdd0d3bdad95bcc3488315a5c9bbe1e8bb740,2746,73.0,33.0,interior,-0.0,-0.0,-0.0,-0.0,-0.0,-0.0
7,7,loading,0.8625,d27bc4c160c161ead50a4aafec0cdd0d3bdad95bcc3488315a5c9bbe1e8bb740,2747,74.0,33.0,interior,-0.0,-0.0,-0.0,-0.0,-0.0,-0.0
7,7,loading,0.8625,d27bc4c160c161ead50a4aafec0cdd0d3bdad95bcc3488315a5c9bbe1e8bb740,2748,75.0,33.0,interior,-0.0,-0.0,-0.0,-0.0,-0.0,-0.0
7,7,loading,0.8625,d27bc4c160c161ead50a4aafec0cdd0d3bdad95bcc3488315a5c9bbe1e8bb740,2749,76.0,33.0,interior,-0.0,-0.0,-0.0,-0.0,-0.0,-0.0
7,7,loading,0.8625,d27bc4c160c161ead50a4aafec0cdd0d3bdad95bcc3488315a5c9bbe1e8bb740,2750,77.0,33.0,interior,-0.0,-0.0,-0.0,-0.0,-0.0,-0.0
7,7,loading,0.8625,d27bc4c160c161ead50a4aafec0cdd0d3bdad95bcc3488315a5c9bbe1e8bb740,2751,78.0,33.0,interior,-0.0,-0.0,-0.0,-0.0,-0.0,-0.0
7,7,loading,0.8625,d27bc4c160c161ead50a4aafec0cdd0d3bdad95bcc3488315a5c9bbe1e8bb740,2752,79.0,33.0,interior,-0.0,-0.0,-0.0,-0.0,-0.0,-0.0
7,7,loading,0.8625,d27bc4c160c161ead50a4aafec0cdd0d3bdad95bcc3488315a5c9bbe1e8bb740,2753,80.0,33.0,physical_only,-0.0,-0.0,-0.0,-0.0,-0.0,-0.0
7,7,loading,0.8625,d27bc4c160c161ead50a4aafec0cdd0d3bdad95bcc3488315a5c9bbe1e8bb740,2816,62.0,34.0,physical_only,-5.2256829357036305e-06,-2.8182947275677774e-07,-3.700275740297683e-06,8.856082501307022e-08,-1.525407195405948e-06,-3.703902977698479e-07
7,7,loading,0.8625,d27bc4c160c161ead50a4aafec0cdd0d3bdad95bcc3488315a5c9bbe1e8bb740,2817,63.0,34.0,interior,-0.0,-0.0,-0.0,-0.0,-0.0,-0.0
7,7,loading,0.8625,d27bc4c160c161ead50a4aafec0cdd0d3bdad95bcc3488315a5c9bbe1e8bb740,2818,64.0,34.0,interior,-0.0,-0.0,-0.0,-0.0,-0.0,-0.0
7,7,loading,0.8625,d27bc4c160c161ead50a4aafec0cdd0d3bdad95bcc3488315a5c9bbe1e8bb740,2819,65.0,34.0,interior,-0.0,-0.0,-0.0,-0.0,-0.0,-0.0
7,7,loading,0.8625,d27bc4c160c161ead50a4aafec0cdd0d3bdad95bcc3488315a5c9bbe1e8bb740,2820,66.0,34.0,interior,-0.0,-0.0,-0.0,-0.0,-0.0,-0.0
7,7,loading,0.8625,d27bc4c160c161ead50a4aafec0cdd0d3bdad95bcc3488315a5c9bbe1e8bb740,2821,67.0,34.0,interior,-0.0,-0.0,-0.0,-0.0,-0.0,-0.0
7,7,loading,0.8625,d27bc4c160c161ead50a4aafec0cdd0d3bdad95bcc3488315a5c9bbe1e8bb740,2822,68.0,34.0,interior,-0.0,-0.0,-0.0,-0.0,-0.0,-0.0
7,7,loading,0.8625,d27bc4c160c161ead50a4aafec0cdd0d3bdad95bcc3488315a5c9bbe1e8bb740,2823,69.0,34.0,interior,-0.0,-0.0,-0.0,-0.0,-0.0,-0.0
7,7,loading,0.8625,d27bc4c160c161ead50a4aafec0cdd0d3bdad95bcc3488315a5c9bbe1e8bb740,2824,70.0,34.0,interior,-0.0,-0.0,-0.0,-0.0,-0.0,-0.0
7,7,loading,0.8625,d27bc4c160c161ead50a4aafec0cdd0d3bdad95bcc3488315a5c9bbe1e8bb740,2825,71.0,34.0,interior,-0.0,-0.0,-0.0,-0.0,-0.0,-0.0
7,7,loading,0.8625,d27bc4c160c161ead50a4aafec0cdd0d3bdad95bcc3488315a5c9bbe1e8bb740,2826,72.0,34.0,interior,-0.0,-0.0,-0.0,-0.0,-0.0,-0.0
7,7,loading,0.8625,d27bc4c160c161ead50a4aafec0cdd0d3bdad95bcc3488315a5c9bbe1e8bb740,2827,73.0,34.0,interior,-0.0,-0.0,-0.0,-0.0,-0.0,-0.0
7,7,loading,0.8625,d27bc4c160c161ead50a4aafec0cdd0d3bdad95bcc3488315a5c9bbe1e8bb740,2828,74.0,34.0,interior,-0.0,-0.0,-0.0,-0.0,-0.0,-0.0
7,7,loading,0.8625,d27bc4c160c161ead50a4aafec0cdd0d3bdad95bcc3488315a5c9bbe1e8bb740,2829,75.0,34.0,interior,-0.0,-0.0,-0.0,-0.0,-0.0,-0.0
7,7,loading,0.8625,d27bc4c160c161ead50a4aafec0cdd0d3bdad95bcc3488315a5c9bbe1e8bb740,2830,76.0,34.0,interior,-0.0,-0.0,-0.0,-0.0,-0.0,-0.0
7,7,loading,0.8625,d27bc4c160c161ead50a4aafec0cdd0d3bdad95bcc3488315a5c9bbe1e8bb740,2831,77.0,34.0,interior,-0.0,-0.0,-0.0,-0.0,-0.0,-0.0
7,7,loading,0.8625,d27bc4c160c161ead50a4aafec0cdd0d3bdad95bcc3488315a5c9bbe1e8bb740,2832,78.0,34.0,interior,-0.0,-0.0,-0.0,-0.0,-0.0,-0.0
7,7,loading,0.8625,d27bc4c160c161ead50a4aafec0cdd0d3bdad95bcc3488315a5c9bbe1e8bb740,2833,79.0,34.0,interior,-0.0,-0.0,-0.0,-0.0,-0.0,-0.0
7,7,loading,0.8625,d27bc4c160c161ead50a4aafec0cdd0d3bdad95bcc3488315a5c9bbe1e8bb740,2834,80.0,34.0,physical_only,-0.0,-0.0,-0.0,-0.0,-0.0,-0.0
7,7,loading,0.8625,d27bc4c160c161ead50a4aafec0cdd0d3bdad95bcc3488315a5c9bbe1e8bb740,2897,62.0,35.0,physical_only,-5.080953012968023e-06,4.184831264927033e-08,-3.840562877139716e-06,7.480707614816793e-08,-1.2403901358283062e-06,-3.295876349889755e-08
7,7,loading,0.8625,d27bc4c160c161ead50a4aafec0cdd0d3bdad95bcc3488315a5c9bbe1e8bb740,2898,63.0,35.0,interior,-0.0,-0.0,-0.0,-0.0,-0.0,-0.0
7,7,loading,0.8625,d27bc4c160c161ead50a4aafec0cdd0d3bdad95bcc3488315a5c9bbe1e8bb740,2899,64.0,35.0,interior,-0.0,-0.0,-0.0,-0.0,-0.0,-0.0
7,7,loading,0.8625,d27bc4c160c161ead50a4aafec0cdd0d3bdad95bcc3488315a5c9bbe1e8bb740,2900,65.0,35.0,interior,-0.0,-0.0,-0.0,-0.0,-0.0,-0.0
7,7,loading,0.8625,d27bc4c160c161ead50a4aafec0cdd0d3bdad95bcc3488315a5c9bbe1e8bb740,2901,66.0,35.0,interior,-0.0,-0.0,-0.0,-0.0,-0.0,-0.0
7,7,loading,0.8625,d27bc4c160c161ead50a4aafec0cdd0d3bdad95bcc3488315a5c9bbe1e8bb740,2902,67.0,35.0,interior,-0.0,-0.0,-0.0,-0.0,-0.0,-0.0
7,7,loading,0.8625,d27bc4c160c161ead50a4aafec0cdd0d3bdad95bcc3488315a5c9bbe1e8bb740,2903,68.0,35.0,interior,-0.0,-0.0,-0.0,-0.0,-0.0,-0.0
7,7,loading,0.8625,d27bc4c160c161ead50a4aafec0cdd0d3bdad95bcc3488315a5c9bbe1e8bb740,2904,69.0,35.0,interior,-0.0,-0.0,-0.0,-0.0,-0.0,-0.0
7,7,loading,0.8625,d27bc4c160c161ead50a4aafec0cdd0d3bdad95bcc3488315a5c9bbe1e8bb740,2905,70.0,35.0,interior,-0.0,-0.0,-0.0,-0.0,-0.0,-0.0
7,7,loading,0.8625,d27bc4c160c161ead50a4aafec0cdd0d3bdad95bcc3488315a5c9bbe1e8bb740,2906,71.0,35.0,interior,-0.0,-0.0,-0.0,-0.0,-0.0,-0.0
7,7,loading,0.8625,d27bc4c160c161ead50a4aafec0cdd0d3bdad95bcc3488315a5c9bbe1e8bb740,2907,72.0,35.0,interior,-0.0,-0.0,-0.0,-0.0,-0.0,-0.0
7,7,loading,0.8625,d27bc4c160c161ead50a4aafec0cdd0d3bdad95bcc3488315a5c9bbe1e8bb740,2908,73.0,35.0,interior,-0.0,-0.0,-0.0,-0.0,-0.0,-0.0
7,7,loading,0.8625,d27bc4c160c161ead50a4aafec0cdd0d3bdad95bcc3488315a5c9bbe1e8bb740,2909,74.0,35.0,interior,-0.0,-0.0,-0.0,-0.0,-0.0,-0.0
7,7,loading,0.8625,d27bc4c160c161ead50a4aafec0cdd0d3bdad95bcc3488315a5c9bbe1e8bb740,2910,75.0,35.0,interior,-0.0,-0.0,-0.0,-0.0,-0.0,-0.0
7,7,loading,0.8625,d27bc4c160c161ead50a4aafec0cdd0d3bdad95bcc3488315a5c9bbe1e8bb740,2911,76.0,35.0,interior,-0.0,-0.0,-0.0,-0.0,-0.0,-0.0
7,7,loading,0.8625,d27bc4c160c161ead50a4aafec0cdd0d3bdad95bcc3488315a5c9bbe1e8bb740,2912,77.0,35.0,interior,-0.0,-0.0,-0.0,-0.0,-0.0,-0.0
7,7,loading,0.8625,d27bc4c160c161ead50a4aafec0cdd0d3bdad95bcc3488315a5c9bbe1e8bb740,2913,78.0,35.0,interior,-0.0,-0.0,-0.0,-0.0,-0.0,-0.0
7,7,loading,0.8625,d27bc4c160c161ead50a4aafec0cdd0d3bdad95bcc3488315a5c9bbe1e8bb740,2914,79.0,35.0,interior,-0.0,-0.0,-0.0,-0.0,-0.0,-0.0
7,7,loading,0.8625,d27bc4c160c161ead50a4aafec0cdd0d3bdad95bcc3488315a5c9bbe1e8bb740,2915,80.0,35.0,physical_only,-0.0,-0.0,-0.0,-0.0,-0.0,-0.0
7,7,loading,0.8625,d27bc4c160c161ead50a4aafec0cdd0d3bdad95bcc3488315a5c9bbe1e8bb740,2978,62.0,36.0,physical_only,-5.1542535722581965e-06,2.014598773877551e-07,-3.955931800529086e-06,6.254734010797841e-08,-1.198321771729111e-06,1.3891253727977658e-07
7,7,loading,0.8625,d27bc4c160c161ead50a4aafec0cdd0d3bdad95bcc3488315a5c9bbe1e8bb740,2979,63.0,36.0,interior,-0.0,-0.0,-0.0,-0.0,-0.0,-0.0
7,7,loading,0.8625,d27bc4c160c161ead50a4aafec0cdd0d3bdad95bcc3488315a5c9bbe1e8bb740,2980,64.0,36.0,interior,-0.0,-0.0,-0.0,-0.0,-0.0,-0.0
7,7,loading,0.8625,d27bc4c160c161ead50a4aafec0cdd0d3bdad95bcc3488315a5c9bbe1e8bb740,2981,65.0,36.0,interior,-0.0,-0.0,-0.0,-0.0,-0.0,-0.0
7,7,loading,0.8625,d27bc4c160c161ead50a4aafec0cdd0d3bdad95bcc3488315a5c9bbe1e8bb740,2982,66.0,36.0,interior,-0.0,-0.0,-0.0,-0.0,-0.0,-0.0
7,7,loading,0.8625,d27bc4c160c161ead50a4aafec0cdd0d3bdad95bcc3488315a5c9bbe1e8bb740,2983,67.0,36.0,interior,-0.0,-0.0,-0.0,-0.0,-0.0,-0.0
7,7,loading,0.8625,d27bc4c160c161ead50a4aafec0cdd0d3bdad95bcc3488315a5c9bbe1e8bb740,2984,68.0,36.0,interior,-0.0,-0.0,-0.0,-0.0,-0.0,-0.0
7,7,loading,0.8625,d27bc4c160c161ead50a4aafec0cdd0d3bdad95bcc3488315a5c9bbe1e8bb740,2985,69.0,36.0,interior,-0.0,-0.0,-0.0,-0.0,-0.0,-0.0
7,7,loading,0.8625,d27bc4c160c161ead50a4aafec0cdd0d3bdad95bcc3488315a5c9bbe1e8bb740,2986,70.0,36.0,interior,-0.0,-0.0,-0.0,-0.0,-0.0,-0.0
7,7,loading,0.8625,d27bc4c160c161ead50a4aafec0cdd0d3bdad95bcc3488315a5c9bbe1e8bb740,2987,71.0,36.0,interior,-0.0,-0.0,-0.0,-0.0,-0.0,-0.0
7,7,loading,0.8625,d27bc4c160c161ead50a4aafec0cdd0d3bdad95bcc3488315a5c9bbe1e8bb740,2988,72.0,36.0,interior,-0.0,-0.0,-0.0,-0.0,-0.0,-0.0
7,7,loading,0.8625,d27bc4c160c161ead50a4aafec0cdd0d3bdad95bcc3488315a5c9bbe1e8bb740,2989,73.0,36.0,interior,-0.0,-0.0,-0.0,-0.0,-0.0,-0.0
7,7,loading,0.8625,d27bc4c160c161ead50a4aafec0cdd0d3bdad95bcc3488315a5c9bbe1e8bb740,2990,74.0,36.0,interior,-0.0,-0.0,-0.0,-0.0,-0.0,-0.0
7,7,loading,0.8625,d27bc4c160c161ead50a4aafec0cdd0d3bdad95bcc3488315a5c9bbe1e8bb740,2991,75.0,36.0,interior,-0.0,-0.0,-0.0,-0.0,-0.0,-0.0
7,7,loading,0.8625,d27bc4c160c161ead50a4aafec0cdd0d3bdad95bcc3488315a5c9bbe1e8bb740,2992,76.0,36.0,interior,-0.0,-0.0,-0.0,-0.0,-0.0,-0.0
7,7,loading,0.8625,d27bc4c160c161ead50a4aafec0cdd0d3bdad95bcc3488315a5c9bbe1e8bb740,2993,77.0,36.0,interior,-0.0,-0.0,-0.0,-0.0,-0.0,-0.0
7,7,loading,0.8625,d27bc4c160c161ead50a4aafec0cdd0d3bdad95bcc3488315a5c9bbe1e8bb740,2994,78.0,36.0,interior,-0.0,-0.0,-0.0,-0.0,-0.0,-0.0
7,7,loading,0.8625,d27bc4c160c161ead50a4aafec0cdd0d3bdad95bcc3488315a5c9bbe1e8bb740,2995,79.0,36.0,interior,-0.0,-0.0,-0.0,-0.0,-0.0,-0.0
7,7,loading,0.8625,d27bc4c160c161ead50a4aafec0cdd0d3bdad95bcc3488315a5c9bbe1e8bb740,2996,80.0,36.0,physical_only,-0.0,-0.0,-0.0,-0.0,-0.0,-0.0
7,7,loading,0.8625,d27bc4c160c161ead50a4aafec0cdd0d3bdad95bcc3488315a5c9bbe1e8bb740,3059,62.0,37.0,physical_only,-5.287339770767706e-06,2.3276652493675918e-07,-4.047475334305032e-06,4.931640125981824e-08,-1.2398644364626739e-06,1.8345012367694094e-07
7,7,loading,0.8625,d27bc4c160c161ead50a4aafec0cdd0d3bdad95bcc3488315a5c9bbe1e8bb740,3060,63.0,37.0,interior,-0.0,-0.0,-0.0,-0.0,-0.0,-0.0
7,7,loading,0.8625,d27bc4c160c161ead50a4aafec0cdd0d3bdad95bcc3488315a5c9bbe1e8bb740,3061,64.0,37.0,interior,-0.0,-0.0,-0.0,-0.0,-0.0,-0.0
7,7,loading,0.8625,d27bc4c160c161ead50a4aafec0cdd0d3bdad95bcc3488315a5c9bbe1e8bb740,3062,65.0,37.0,interior,-0.0,-0.0,-0.0,-0.0,-0.0,-0.0
7,7,loading,0.8625,d27bc4c160c161ead50a4aafec0cdd0d3bdad95bcc3488315a5c9bbe1e8bb740,3063,66.0,37.0,interior,-0.0,-0.0,-0.0,-0.0,-0.0,-0.0
7,7,loading,0.8625,d27bc4c160c161ead50a4aafec0cdd0d3bdad95bcc3488315a5c9bbe1e8bb740,3064,67.0,37.0,interior,-0.0,-0.0,-0.0,-0.0,-0.0,-0.0
7,7,loading,0.8625,d27bc4c160c161ead50a4aafec0cdd0d3bdad95bcc3488315a5c9bbe1e8bb740,3065,68.0,37.0,interior,-0.0,-0.0,-0.0,-0.0,-0.0,-0.0
7,7,loading,0.8625,d27bc4c160c161ead50a4aafec0cdd0d3bdad95bcc3488315a5c9bbe1e8bb740,3066,69.0,37.0,interior,-0.0,-0.0,-0.0,-0.0,-0.0,-0.0
7,7,loading,0.8625,d27bc4c160c161ead50a4aafec0cdd0d3bdad95bcc3488315a5c9bbe1e8bb740,3067,70.0,37.0,interior,-0.0,-0.0,-0.0,-0.0,-0.0,-0.0
7,7,loading,0.8625,d27bc4c160c161ead50a4aafec0cdd0d3bdad95bcc3488315a5c9bbe1e8bb740,3068,71.0,37.0,interior,-0.0,-0.0,-0.0,-0.0,-0.0,-0.0
7,7,loading,0.8625,d27bc4c160c161ead50a4aafec0cdd0d3bdad95bcc3488315a5c9bbe1e8bb740,3069,72.0,37.0,interior,-0.0,-0.0,-0.0,-0.0,-0.0,-0.0
7,7,loading,0.8625,d27bc4c160c161ead50a4aafec0cdd0d3bdad95bcc3488315a5c9bbe1e8bb740,3070,73.0,37.0,interior,-0.0,-0.0,-0.0,-0.0,-0.0,-0.0
7,7,loading,0.8625,d27bc4c160c161ead50a4aafec0cdd0d3bdad95bcc3488315a5c9bbe1e8bb740,3071,74.0,37.0,interior,-0.0,-0.0,-0.0,-0.0,-0.0,-0.0
7,7,loading,0.8625,d27bc4c160c161ead50a4aafec0cdd0d3bdad95bcc3488315a5c9bbe1e8bb740,3072,75.0,37.0,interior,-0.0,-0.0,-0.0,-0.0,-0.0,-0.0
7,7,loading,0.8625,d27bc4c160c161ead50a4aafec0cdd0d3bdad95bcc3488315a5c9bbe1e8bb740,3073,76.0,37.0,interior,-0.0,-0.0,-0.0,-0.0,-0.0,-0.0
7,7,loading,0.8625,d27bc4c160c161ead50a4aafec0cdd0d3bdad95bcc3488315a5c9bbe1e8bb740,3074,77.0,37.0,interior,-0.0,-0.0,-0.0,-0.0,-0.0,-0.0
7,7,loading,0.8625,d27bc4c160c161ead50a4aafec0cdd0d3bdad95bcc3488315a5c9bbe1e8bb740,3075,78.0,37.0,interior,-0.0,-0.0,-0.0,-0.0,-0.0,-0.0
7,7,loading,0.8625,d27bc4c160c161ead50a4aafec0cdd0d3bdad95bcc3488315a5c9bbe1e8bb740,3076,79.0,37.0,interior,-0.0,-0.0,-0.0,-0.0,-0.0,-0.0
7,7,loading,0.8625,d27bc4c160c161ead50a4aafec0cdd0d3bdad95bcc3488315a5c9bbe1e8bb740,3077,80.0,37.0,physical_only,-0.0,-0.0,-0.0,-0.0,-0.0,-0.0
7,7,loading,0.8625,d27bc4c160c161ead50a4aafec0cdd0d3bdad95bcc3488315a5c9bbe1e8bb740,3140,62.0,38.0,physical_only,-5.40322481760695e-06,1.8414417554803742e-07,-4.114288803324153e-06,3.426981486488704e-08,-1.288936014282796e-06,1.4987436068315027e-07
7,7,loading,0.8625,d27bc4c160c161ead50a4aafec0cdd0d3bdad95bcc3488315a5c9bbe1e8bb740,3141,63.0,38.0,interior,-0.0,-0.0,-0.0,-0.0,-0.0,-0.0
7,7,loading,0.8625,d27bc4c160c161ead50a4aafec0cdd0d3bdad95bcc3488315a5c9bbe1e8bb740,3142,64.0,38.0,interior,-0.0,-0.0,-0.0,-0.0,-0.0,-0.0
7,7,loading,0.8625,d27bc4c160c161ead50a4aafec0cdd0d3bdad95bcc3488315a5c9bbe1e8bb740,3143,65.0,38.0,interior,-0.0,-0.0,-0.0,-0.0,-0.0,-0.0
7,7,loading,0.8625,d27bc4c160c161ead50a4aafec0cdd0d3bdad95bcc3488315a5c9bbe1e8bb740,3144,66.0,38.0,interior,-0.0,-0.0,-0.0,-0.0,-0.0,-0.0
7,7,loading,0.8625,d27bc4c160c161ead50a4aafec0cdd0d3bdad95bcc3488315a5c9bbe1e8bb740,3145,67.0,38.0,interior,-0.0,-0.0,-0.0,-0.0,-0.0,-0.0
7,7,loading,0.8625,d27bc4c160c161ead50a4aafec0cdd0d3bdad95bcc3488315a5c9bbe1e8bb740,3146,68.0,38.0,interior,-0.0,-0.0,-0.0,-0.0,-0.0,-0.0
7,7,loading,0.8625,d27bc4c160c161ead50a4aafec0cdd0d3bdad95bcc3488315a5c9bbe1e8bb740,3147,69.0,38.0,interior,-0.0,-0.0,-0.0,-0.0,-0.0,-0.0
7,7,loading,0.8625,d27bc4c160c161ead50a4aafec0cdd0d3bdad95bcc3488315a5c9bbe1e8bb740,3148,70.0,38.0,interior,-0.0,-0.0,-0.0,-0.0,-0.0,-0.0
7,7,loading,0.8625,d27bc4c160c161ead50a4aafec0cdd0d3bdad95bcc3488315a5c9bbe1e8bb740,3149,71.0,38.0,interior,-0.0,-0.0,-0.0,-0.0,-0.0,-0.0
7,7,loading,0.8625,d27bc4c160c161ead50a4aafec0cdd0d3bdad95bcc3488315a5c9bbe1e8bb740,3150,72.0,38.0,interior,-0.0,-0.0,-0.0,-0.0,-0.0,-0.0
7,7,loading,0.8625,d27bc4c160c161ead50a4aafec0cdd0d3bdad95bcc3488315a5c9bbe1e8bb740,3151,73.0,38.0,interior,-0.0,-0.0,-0.0,-0.0,-0.0,-0.0
7,7,loading,0.8625,d27bc4c160c161ead50a4aafec0cdd0d3bdad95bcc3488315a5c9bbe1e8bb740,3152,74.0,38.0,interior,-0.0,-0.0,-0.0,-0.0,-0.0,-0.0
7,7,loading,0.8625,d27bc4c160c161ead50a4aafec0cdd0d3bdad95bcc3488315a5c9bbe1e8bb740,3153,75.0,38.0,interior,-0.0,-0.0,-0.0,-0.0,-0.0,-0.0
7,7,loading,0.8625,d27bc4c160c161ead50a4aafec0cdd0d3bdad95bcc3488315a5c9bbe1e8bb740,3154,76.0,38.0,interior,-0.0,-0.0,-0.0,-0.0,-0.0,-0.0
7,7,loading,0.8625,d27bc4c160c161ead50a4aafec0cdd0d3bdad95bcc3488315a5c9bbe1e8bb740,3155,77.0,38.0,interior,-0.0,-0.0,-0.0,-0.0,-0.0,-0.0
7,7,loading,0.8625,d27bc4c160c161ead50a4aafec0cdd0d3bdad95bcc3488315a5c9bbe1e8bb740,3156,78.0,38.0,interior,-0.0,-0.0,-0.0,-0.0,-0.0,-0.0
7,7,loading,0.8625,d27bc4c160c161ead50a4aafec0cdd0d3bdad95bcc3488315a5c9bbe1e8bb740,3157,79.0,38.0,interior,-0.0,-0.0,-0.0,-0.0,-0.0,-0.0
7,7,loading,0.8625,d27bc4c160c161ead50a4aafec0cdd0d3bdad95bcc3488315a5c9bbe1e8bb740,3158,80.0,38.0,physical_only,-0.0,-0.0,-0.0,-0.0,-0.0,-0.0
7,7,loading,0.8625,d27bc4c160c161ead50a4aafec0cdd0d3bdad95bcc3488315a5c9bbe1e8bb740,3221,62.0,39.0,physical_only,-5.473579127659563e-06,9.810968627117945e-08,-4.155038574600469e-06,1.759165058301854e-08,-1.3185405530590943e-06,8.05180356881608e-08
7,7,loading,0.8625,d27bc4c160c161ead50a4aafec0cdd0d3bdad95bcc3488315a5c9bbe1e8bb740,3222,63.0,39.0,interior,-0.0,-0.0,-0.0,-0.0,-0.0,-0.0
7,7,loading,0.8625,d27bc4c160c161ead50a4aafec0cdd0d3bdad95bcc3488315a5c9bbe1e8bb740,3223,64.0,39.0,interior,-0.0,-0.0,-0.0,-0.0,-0.0,-0.0
7,7,loading,0.8625,d27bc4c160c161ead50a4aafec0cdd0d3bdad95bcc3488315a5c9bbe1e8bb740,3224,65.0,39.0,interior,-0.0,-0.0,-0.0,-0.0,-0.0,-0.0
7,7,loading,0.8625,d27bc4c160c161ead50a4aafec0cdd0d3bdad95bcc3488315a5c9bbe1e8bb740,3225,66.0,39.0,interior,-0.0,-0.0,-0.0,-0.0,-0.0,-0.0
7,7,loading,0.8625,d27bc4c160c161ead50a4aafec0cdd0d3bdad95bcc3488315a5c9bbe1e8bb740,3226,67.0,39.0,interior,-0.0,-0.0,-0.0,-0.0,-0.0,-0.0
7,7,loading,0.8625,d27bc4c160c161ead50a4aafec0cdd0d3bdad95bcc3488315a5c9bbe1e8bb740,3227,68.0,39.0,interior,-0.0,-0.0,-0.0,-0.0,-0.0,-0.0
7,7,loading,0.8625,d27bc4c160c161ead50a4aafec0cdd0d3bdad95bcc3488315a5c9bbe1e8bb740,3228,69.0,39.0,interior,-0.0,-0.0,-0.0,-0.0,-0.0,-0.0
7,7,loading,0.8625,d27bc4c160c161ead50a4aafec0cdd0d3bdad95bcc3488315a5c9bbe1e8bb740,3229,70.0,39.0,interior,-0.0,-0.0,-0.0,-0.0,-0.0,-0.0
7,7,loading,0.8625,d27bc4c160c161ead50a4aafec0cdd0d3bdad95bcc3488315a5c9bbe1e8bb740,3230,71.0,39.0,interior,-0.0,-0.0,-0.0,-0.0,-0.0,-0.0
7,7,loading,0.8625,d27bc4c160c161ead50a4aafec0cdd0d3bdad95bcc3488315a5c9bbe1e8bb740,3231,72.0,39.0,interior,-0.0,-0.0,-0.0,-0.0,-0.0,-0.0
7,7,loading,0.8625,d27bc4c160c161ead50a4aafec0cdd0d3bdad95bcc3488315a5c9bbe1e8bb740,3232,73.0,39.0,interior,-0.0,-0.0,-0.0,-0.0,-0.0,-0.0
7,7,loading,0.8625,d27bc4c160c161ead50a4aafec0cdd0d3bdad95bcc3488315a5c9bbe1e8bb740,3233,74.0,39.0,interior,-0.0,-0.0,-0.0,-0.0,-0.0,-0.0
7,7,loading,0.8625,d27bc4c160c161ead50a4aafec0cdd0d3bdad95bcc3488315a5c9bbe1e8bb740,3234,75.0,39.0,interior,-0.0,-0.0,-0.0,-0.0,-0.0,-0.0
7,7,loading,0.8625,d27bc4c160c161ead50a4aafec0cdd0d3bdad95bcc3488315a5c9bbe1e8bb740,3235,76.0,39.0,interior,-0.0,-0.0,-0.0,-0.0,-0.0,-0.0
7,7,loading,0.8625,d27bc4c160c161ead50a4aafec0cdd0d3bdad95bcc3488315a5c9bbe1e8bb740,3236,77.0,39.0,interior,-0.0,-0.0,-0.0,-0.0,-0.0,-0.0
7,7,loading,0.8625,d27bc4c160c161ead50a4aafec0cdd0d3bdad95bcc3488315a5c9bbe1e8bb740,3237,78.0,39.0,interior,-0.0,-0.0,-0.0,-0.0,-0.0,-0.0
7,7,loading,0.8625,d27bc4c160c161ead50a4aafec0cdd0d3bdad95bcc3488315a5c9bbe1e8bb740,3238,79.0,39.0,interior,-0.0,-0.0,-0.0,-0.0,-0.0,-0.0
7,7,loading,0.8625,d27bc4c160c161ead50a4aafec0cdd0d3bdad95bcc3488315a5c9bbe1e8bb740,3239,80.0,39.0,physical_only,-0.0,-0.0,-0.0,-0.0,-0.0,-0.0
7,7,loading,0.8625,d27bc4c160c161ead50a4aafec0cdd0d3bdad95bcc3488315a5c9bbe1e8bb740,3302,62.0,40.0,physical_and_cut,-2.7481595728033016e-06,-1.9160239062774423e-06,-2.0843690245309293e-06,-9.482665683179092e-07,-6.637905482723726e-07,-9.677573379595333e-07
7,7,loading,0.8625,d27bc4c160c161ead50a4aafec0cdd0d3bdad95bcc3488315a5c9bbe1e8bb740,3303,63.0,40.0,cut_only,-0.0,-0.0,-0.0,-0.0,-0.0,-0.0
7,7,loading,0.8625,d27bc4c160c161ead50a4aafec0cdd0d3bdad95bcc3488315a5c9bbe1e8bb740,3304,64.0,40.0,cut_only,-0.0,-0.0,-0.0,-0.0,-0.0,-0.0
7,7,loading,0.8625,d27bc4c160c161ead50a4aafec0cdd0d3bdad95bcc3488315a5c9bbe1e8bb740,3305,65.0,40.0,cut_only,-0.0,-0.0,-0.0,-0.0,-0.0,-0.0
7,7,loading,0.8625,d27bc4c160c161ead50a4aafec0cdd0d3bdad95bcc3488315a5c9bbe1e8bb740,3306,66.0,40.0,cut_only,-0.0,-0.0,-0.0,-0.0,-0.0,-0.0
7,7,loading,0.8625,d27bc4c160c161ead50a4aafec0cdd0d3bdad95bcc3488315a5c9bbe1e8bb740,3307,67.0,40.0,cut_only,-0.0,-0.0,-0.0,-0.0,-0.0,-0.0
7,7,loading,0.8625,d27bc4c160c161ead50a4aafec0cdd0d3bdad95bcc3488315a5c9bbe1e8bb740,3308,68.0,40.0,cut_only,-0.0,-0.0,-0.0,-0.0,-0.0,-0.0
7,7,loading,0.8625,d27bc4c160c161ead50a4aafec0cdd0d3bdad95bcc3488315a5c9bbe1e8bb740,3309,69.0,40.0,cut_only,-0.0,-0.0,-0.0,-0.0,-0.0,-0.0
7,7,loading,0.8625,d27bc4c160c161ead50a4aafec0cdd0d3bdad95bcc3488315a5c9bbe1e8bb740,3310,70.0,40.0,cut_only,-0.0,-0.0,-0.0,-0.0,-0.0,-0.0
7,7,loading,0.8625,d27bc4c160c161ead50a4aafec0cdd0d3bdad95bcc3488315a5c9bbe1e8bb740,3311,71.0,40.0,cut_only,-0.0,-0.0,-0.0,-0.0,-0.0,-0.0
7,7,loading,0.8625,d27bc4c160c161ead50a4aafec0cdd0d3bdad95bcc3488315a5c9bbe1e8bb740,3312,72.0,40.0,cut_only,-0.0,-0.0,-0.0,-0.0,-0.0,-0.0
7,7,loading,0.8625,d27bc4c160c161ead50a4aafec0cdd0d3bdad95bcc3488315a5c9bbe1e8bb740,3313,73.0,40.0,cut_only,-0.0,-0.0,-0.0,-0.0,-0.0,-0.0
7,7,loading,0.8625,d27bc4c160c161ead50a4aafec0cdd0d3bdad95bcc3488315a5c9bbe1e8bb740,3314,74.0,40.0,cut_only,-0.0,-0.0,-0.0,-0.0,-0.0,-0.0
7,7,loading,0.8625,d27bc4c160c161ead50a4aafec0cdd0d3bdad95bcc3488315a5c9bbe1e8bb740,3315,75.0,40.0,cut_only,-0.0,-0.0,-0.0,-0.0,-0.0,-0.0
7,7,loading,0.8625,d27bc4c160c161ead50a4aafec0cdd0d3bdad95bcc3488315a5c9bbe1e8bb740,3316,76.0,40.0,cut_only,-0.0,-0.0,-0.0,-0.0,-0.0,-0.0
7,7,loading,0.8625,d27bc4c160c161ead50a4aafec0cdd0d3bdad95bcc3488315a5c9bbe1e8bb740,3317,77.0,40.0,cut_only,-0.0,-0.0,-0.0,-0.0,-0.0,-0.0
7,7,loading,0.8625,d27bc4c160c161ead50a4aafec0cdd0d3bdad95bcc3488315a5c9bbe1e8bb740,3318,78.0,40.0,cut_only,-0.0,-0.0,-0.0,-0.0,-0.0,-0.0
7,7,loading,0.8625,d27bc4c160c161ead50a4aafec0cdd0d3bdad95bcc3488315a5c9bbe1e8bb740,3319,79.0,40.0,cut_only,-0.0,-0.0,-0.0,-0.0,-0.0,-0.0
7,7,loading,0.8625,d27bc4c160c161ead50a4aafec0cdd0d3bdad95bcc3488315a5c9bbe1e8bb740,3320,80.0,40.0,physical_and_cut,-0.0,-0.0,-0.0,-0.0,-0.0,-0.0
8,7,loading,0.86875,82a0f147b3e888f9bea1ad887048462f27c6bc042e6ce07fbb1d941ad6a4aedb,2573,62.0,31.0,physical_only,-0.00044658950528400843,-6.658043884491955e-05,-5.744946404762914e-06,6.420711266598257e-06,-0.0004408445588792455,-7.300115011151784e-05
8,7,loading,0.86875,82a0f147b3e888f9bea1ad887048462f27c6bc042e6ce07fbb1d941ad6a4aedb,2574,63.0,31.0,physical_only,-1.0846366845229897e-06,-5.7194084653470806e-05,-3.2000319130221706e-06,7.363691680441068e-06,2.1153952284991804e-06,-6.45577763339119e-05
8,7,loading,0.86875,82a0f147b3e888f9bea1ad887048462f27c6bc042e6ce07fbb1d941ad6a4aedb,2575,64.0,31.0,physical_only,1.44002309570778e-06,-7.662852657283197e-05,-3.272929045533016e-06,9.445088358222437e-06,4.712952141240797e-06,-8.607361493105441e-05
8,7,loading,0.86875,82a0f147b3e888f9bea1ad887048462f27c6bc042e6ce07fbb1d941ad6a4aedb,2576,65.0,31.0,physical_only,2.1897766909874673e-06,-0.00010402739133079256,-3.3643743522908818e-06,1.1840026078781868e-05,5.55415104327835e-06,-0.00011586741740957437
8,7,loading,0.86875,82a0f147b3e888f9bea1ad887048462f27c6bc042e6ce07fbb1d941ad6a4aedb,2577,66.0,31.0,physical_only,1.070603950319658e-06,-0.00013686453299706824,-3.4750725082552667e-06,1.4649183707202662e-05,4.545676458574924e-06,-0.00015151371670427095
8,7,loading,0.86875,82a0f147b3e888f9bea1ad887048462f27c6bc042e6ce07fbb1d941ad6a4aedb,2578,67.0,31.0,physical_only,-8.107432362976892e-07,-0.00017475111591913465,-3.6029177420271657e-06,1.7991719126246515e-05,2.7921745057294803e-06,-0.00019274283504538113
8,7,loading,0.86875,82a0f147b3e888f9bea1ad887048462f27c6bc042e6ce07fbb1d941ad6a4aedb,2579,68.0,31.0,physical_only,-8.891328052254327e-07,-0.00022080972889026312,-3.749069953624909e-06,2.2018233785946885e-05,2.859937148399475e-06,-0.00024282796267621005
8,7,loading,0.86875,82a0f147b3e888f9bea1ad887048462f27c6bc042e6ce07fbb1d941ad6a4aedb,2580,69.0,31.0,physical_only,-1.378974723023499e-06,-0.0002782442706200294,-3.9182564195993264e-06,2.6935487101806988e-05,2.5392816965758258e-06,-0.00030517975772183627
8,7,loading,0.86875,82a0f147b3e888f9bea1ad887048462f27c6bc042e6ce07fbb1d941ad6a4aedb,2581,70.0,31.0,physical_only,-2.1162393348283617e-06,-0.000347750010605609,-4.118851756933976e-06,3.3041370211924936e-05,2.0026124221056145e-06,-0.00038079138081753387
8,7,loading,0.86875,82a0f147b3e888f9bea1ad887048462f27c6bc042e6ce07fbb1d941ad6a4aedb,2582,71.0,31.0,physical_only,-3.0567895509759595e-06,-0.0004310676407873,-4.3625520092528896e-06,4.0777297910045346e-05,1.3057624582769233e-06,-0.00047184493869734524
8,7,loading,0.86875,82a0f147b3e888f9bea1ad887048462f27c6bc042e6ce07fbb1d941ad6a4aedb,2583,72.0,31.0,physical_only,-3.96589360881109e-06,-0.0005300250541063495,-4.667464609891726e-06,5.0823520390127614e-05,7.015710010806387e-07,-0.0005808485744964774
8,7,loading,0.86875,82a0f147b3e888f9bea1ad887048462f27c6bc042e6ce07fbb1d941ad6a4aedb,2584,73.0,31.0,physical_only,-4.759942541407522e-06,-0.0006449810931839382,-5.062138743163955e-06,6.427851082634456e-05,3.021962017564321e-07,-0.0007092596040102826
8,7,loading,0.86875,82a0f147b3e888f9bea1ad887048462f27c6bc042e6ce07fbb1d941ad6a4aedb,2585,74.0,31.0,physical_only,1.222073510834765e-06,-0.0007812676758960722,-5.597439526568802e-06,8.303488456661762e-05,6.819513037403566e-06,-0.0008643025604626897
8,7,loading,0.86875,82a0f147b3e888f9bea1ad887048462f27c6bc042e6ce07fbb1d941ad6a4aedb,2586,75.0,31.0,physical_only,1.2963447935618486e-05,-0.000955911686724484,-6.3741299287560555e-06,0.00011067343782808682,1.9337577864374544e-05,-0.0010665851245525706
8,7,loading,0.86875,82a0f147b3e888f9bea1ad887048462f27c6bc042e6ce07fbb1d941ad6a4aedb,2587,76.0,31.0,physical_only,2.3873665858270573e-05,-0.001186924835635361,-7.611277708005088e-06,0.00015489445681035393,3.148494356627566e-05,-0.0013418192924457145
8,7,loading,0.86875,82a0f147b3e888f9bea1ad887048462f27c6bc042e6ce07fbb1d941ad6a4aedb,2588,77.0,31.0,physical_only,1.222895471813653e-05,-0.0014377966161620449,-9.835005238139637e-06,0.00023534794796511695,2.2063959956276167e-05,-0.0016731445641271622
8,7,loading,0.86875,82a0f147b3e888f9bea1ad887048462f27c6bc042e6ce07fbb1d941ad6a4aedb,2589,78.0,31.0,physical_only,-9.948848451813507e-06,-0.0016228982280284358,-1.478792755677666e-05,0.0004194384498310825,4.839079104963152e-06,-0.0020423366778595173
8,7,loading,0.86875,82a0f147b3e888f9bea1ad887048462f27c6bc042e6ce07fbb1d941ad6a4aedb,2590,79.0,31.0,physical_only,-6.628125732461863e-05,-0.0007304352856340231,-3.360811008500988e-05,0.0011825265286792355,-3.2673147239608734e-05,-0.0019129618143132587
8,7,loading,0.86875,82a0f147b3e888f9bea1ad887048462f27c6bc042e6ce07fbb1d941ad6a4aedb,2591,80.0,31.0,physical_only,-0.00011997017785618906,0.014033865770851606,-2.9478363180485656e-05,0.0015642976016538902,-9.049181467570341e-05,0.012469568169197715
8,7,loading,0.86875,82a0f147b3e888f9bea1ad887048462f27c6bc042e6ce07fbb1d941ad6a4aedb,2654,62.0,32.0,physical_only,-7.079114945337907e-06,-1.1120374613976455e-06,-3.324238639289025e-06,1.3811548584032323e-07,-3.754876306048882e-06,-1.2501529472379686e-06
8,7,loading,0.86875,82a0f147b3e888f9bea1ad887048462f27c6bc042e6ce07fbb1d941ad6a4aedb,2655,63.0,32.0,interior,-0.0,-0.0,-0.0,-0.0,-0.0,-0.0
8,7,loading,0.86875,82a0f147b3e888f9bea1ad887048462f27c6bc042e6ce07fbb1d941ad6a4aedb,2656,64.0,32.0,interior,-0.0,-0.0,-0.0,-0.0,-0.0,-0.0
8,7,loading,0.86875,82a0f147b3e888f9bea1ad887048462f27c6bc042e6ce07fbb1d941ad6a4aedb,2657,65.0,32.0,interior,-0.0,-0.0,-0.0,-0.0,-0.0,-0.0
8,7,loading,0.86875,82a0f147b3e888f9bea1ad887048462f27c6bc042e6ce07fbb1d941ad6a4aedb,2658,66.0,32.0,interior,-0.0,-0.0,-0.0,-0.0,-0.0,-0.0
8,7,loading,0.86875,82a0f147b3e888f9bea1ad887048462f27c6bc042e6ce07fbb1d941ad6a4aedb,2659,67.0,32.0,interior,-0.0,-0.0,-0.0,-0.0,-0.0,-0.0
8,7,loading,0.86875,82a0f147b3e888f9bea1ad887048462f27c6bc042e6ce07fbb1d941ad6a4aedb,2660,68.0,32.0,interior,-0.0,-0.0,-0.0,-0.0,-0.0,-0.0
8,7,loading,0.86875,82a0f147b3e888f9bea1ad887048462f27c6bc042e6ce07fbb1d941ad6a4aedb,2661,69.0,32.0,interior,-0.0,-0.0,-0.0,-0.0,-0.0,-0.0
8,7,loading,0.86875,82a0f147b3e888f9bea1ad887048462f27c6bc042e6ce07fbb1d941ad6a4aedb,2662,70.0,32.0,interior,-0.0,-0.0,-0.0,-0.0,-0.0,-0.0
8,7,loading,0.86875,82a0f147b3e888f9bea1ad887048462f27c6bc042e6ce07fbb1d941ad6a4aedb,2663,71.0,32.0,interior,-0.0,-0.0,-0.0,-0.0,-0.0,-0.0
8,7,loading,0.86875,82a0f147b3e888f9bea1ad887048462f27c6bc042e6ce07fbb1d941ad6a4aedb,2664,72.0,32.0,interior,-0.0,-0.0,-0.0,-0.0,-0.0,-0.0
8,7,loading,0.86875,82a0f147b3e888f9bea1ad887048462f27c6bc042e6ce07fbb1d941ad6a4aedb,2665,73.0,32.0,interior,-0.0,-0.0,-0.0,-0.0,-0.0,-0.0
8,7,loading,0.86875,82a0f147b3e888f9bea1ad887048462f27c6bc042e6ce07fbb1d941ad6a4aedb,2666,74.0,32.0,interior,-0.0,-0.0,-0.0,-0.0,-0.0,-0.0
8,7,loading,0.86875,82a0f147b3e888f9bea1ad887048462f27c6bc042e6ce07fbb1d941ad6a4aedb,2667,75.0,32.0,interior,-0.0,-0.0,-0.0,-0.0,-0.0,-0.0
8,7,loading,0.86875,82a0f147b3e888f9bea1ad887048462f27c6bc042e6ce07fbb1d941ad6a4aedb,2668,76.0,32.0,interior,-0.0,-0.0,-0.0,-0.0,-0.0,-0.0
8,7,loading,0.86875,82a0f147b3e888f9bea1ad887048462f27c6bc042e6ce07fbb1d941ad6a4aedb,2669,77.0,32.0,interior,-0.0,-0.0,-0.0,-0.0,-0.0,-0.0
8,7,loading,0.86875,82a0f147b3e888f9bea1ad887048462f27c6bc042e6ce07fbb1d941ad6a4aedb,2670,78.0,32.0,interior,-0.0,-0.0,-0.0,-0.0,-0.0,-0.0
8,7,loading,0.86875,82a0f147b3e888f9bea1ad887048462f27c6bc042e6ce07fbb1d941ad6a4aedb,2671,79.0,32.0,interior,-0.0,-0.0,-0.0,-0.0,-0.0,-0.0
8,7,loading,0.86875,82a0f147b3e888f9bea1ad887048462f27c6bc042e6ce07fbb1d941ad6a4aedb,2672,80.0,32.0,physical_only,-0.0,-0.0,-0.0,-0.0,-0.0,-0.0
8,7,loading,0.86875,82a0f147b3e888f9bea1ad887048462f27c6bc042e6ce07fbb1d941ad6a4aedb,2735,62.0,33.0,physical_only,-5.816390466237288e-06,-7.107186303475834e-07,-3.5386110483157406e-06,1.0784831063474771e-07,-2.277779417921548e-06,-8.185669409823316e-07
8,7,loading,0.86875,82a0f147b3e888f9bea1ad887048462f27c6bc042e6ce07fbb1d941ad6a4aedb,2736,63.0,33.0,interior,-0.0,-0.0,-0.0,-0.0,-0.0,-0.0
8,7,loading,0.86875,82a0f147b3e888f9bea1ad887048462f27c6bc042e6ce07fbb1d941ad6a4aedb,2737,64.0,33.0,interior,-0.0,-0.0,-0.0,-0.0,-0.0,-0.0
8,7,loading,0.86875,82a0f147b3e888f9bea1ad887048462f27c6bc042e6ce07fbb1d941ad6a4aedb,2738,65.0,33.0,interior,-0.0,-0.0,-0.0,-0.0,-0.0,-0.0
8,7,loading,0.86875,82a0f147b3e888f9bea1ad887048462f27c6bc042e6ce07fbb1d941ad6a4aedb,2739,66.0,33.0,interior,-0.0,-0.0,-0.0,-0.0,-0.0,-0.0
8,7,loading,0.86875,82a0f147b3e888f9bea1ad887048462f27c6bc042e6ce07fbb1d941ad6a4aedb,2740,67.0,33.0,interior,-0.0,-0.0,-0.0,-0.0,-0.0,-0.0
8,7,loading,0.86875,82a0f147b3e888f9bea1ad887048462f27c6bc042e6ce07fbb1d941ad6a4aedb,2741,68.0,33.0,interior,-0.0,-0.0,-0.0,-0.0,-0.0,-0.0
8,7,loading,0.86875,82a0f147b3e888f9bea1ad887048462f27c6bc042e6ce07fbb1d941ad6a4aedb,2742,69.0,33.0,interior,-0.0,-0.0,-0.0,-0.0,-0.0,-0.0
8,7,loading,0.86875,82a0f147b3e888f9bea1ad887048462f27c6bc042e6ce07fbb1d941ad6a4aedb,2743,70.0,33.0,interior,-0.0,-0.0,-0.0,-0.0,-0.0,-0.0
8,7,loading,0.86875,82a0f147b3e888f9bea1ad887048462f27c6bc042e6ce07fbb1d941ad6a4aedb,2744,71.0,33.0,interior,-0.0,-0.0,-0.0,-0.0,-0.0,-0.0
8,7,loading,0.86875,82a0f147b3e888f9bea1ad887048462f27c6bc042e6ce07fbb1d941ad6a4aedb,2745,72.0,33.0,interior,-0.0,-0.0,-0.0,-0.0,-0.0,-0.0
8,7,loading,0.86875,82a0f147b3e888f9bea1ad887048462f27c6bc042e6ce07fbb1d941ad6a4aedb,2746,73.0,33.0,interior,-0.0,-0.0,-0.0,-0.0,-0.0,-0.0
8,7,loading,0.86875,82a0f147b3e888f9bea1ad887048462f27c6bc042e6ce07fbb1d941ad6a4aedb,2747,74.0,33.0,interior,-0.0,-0.0,-0.0,-0.0,-0.0,-0.0
8,7,loading,0.86875,82a0f147b3e888f9bea1ad887048462f27c6bc042e6ce07fbb1d941ad6a4aedb,2748,75.0,33.0,interior,-0.0,-0.0,-0.0,-0.0,-0.0,-0.0
8,7,loading,0.86875,82a0f147b3e888f9bea1ad887048462f27c6bc042e6ce07fbb1d941ad6a4aedb,2749,76.0,33.0,interior,-0.0,-0.0,-0.0,-0.0,-0.0,-0.0
8,7,loading,0.86875,82a0f147b3e888f9bea1ad887048462f27c6bc042e6ce07fbb1d941ad6a4aedb,2750,77.0,33.0,interior,-0.0,-0.0,-0.0,-0.0,-0.0,-0.0
8,7,loading,0.86875,82a0f147b3e888f9bea1ad887048462f27c6bc042e6ce07fbb1d941ad6a4aedb,2751,78.0,33.0,interior,-0.0,-0.0,-0.0,-0.0,-0.0,-0.0
8,7,loading,0.86875,82a0f147b3e888f9bea1ad887048462f27c6bc042e6ce07fbb1d941ad6a4aedb,2752,79.0,33.0,interior,-0.0,-0.0,-0.0,-0.0,-0.0,-0.0
8,7,loading,0.86875,82a0f147b3e888f9bea1ad887048462f27c6bc042e6ce07fbb1d941ad6a4aedb,2753,80.0,33.0,physical_only,-0.0,-0.0,-0.0,-0.0,-0.0,-0.0
8,7,loading,0.86875,82a0f147b3e888f9bea1ad887048462f27c6bc042e6ce07fbb1d941ad6a4aedb,2816,62.0,34.0,physical_only,-5.2476090696422756e-06,-2.798907119288279e-07,-3.7104908589841455e-06,8.852769085753282e-08,-1.53711821065813e-06,-3.684184027863607e-07
8,7,loading,0.86875,82a0f147b3e888f9bea1ad887048462f27c6bc042e6ce07fbb1d941ad6a4aedb,2817,63.0,34.0,interior,-0.0,-0.0,-0.0,-0.0,-0.0,-0.0
8,7,loading,0.86875,82a0f147b3e888f9bea1ad887048462f27c6bc042e6ce07fbb1d941ad6a4aedb,2818,64.0,34.0,interior,-0.0,-0.0,-0.0,-0.0,-0.0,-0.0
8,7,loading,0.86875,82a0f147b3e888f9bea1ad887048462f27c6bc042e6ce07fbb1d941ad6a4aedb,2819,65.0,34.0,interior,-0.0,-0.0,-0.0,-0.0,-0.0,-0.0
8,7,loading,0.86875,82a0f147b3e888f9bea1ad887048462f27c6bc042e6ce07fbb1d941ad6a4aedb,2820,66.0,34.0,interior,-0.0,-0.0,-0.0,-0.0,-0.0,-0.0
8,7,loading,0.86875,82a0f147b3e888f9bea1ad887048462f27c6bc042e6ce07fbb1d941ad6a4aedb,2821,67.0,34.0,interior,-0.0,-0.0,-0.0,-0.0,-0.0,-0.0
8,7,loading,0.86875,82a0f147b3e888f9bea1ad887048462f27c6bc042e6ce07fbb1d941ad6a4aedb,2822,68.0,34.0,interior,-0.0,-0.0,-0.0,-0.0,-0.0,-0.0
8,7,loading,0.86875,82a0f147b3e888f9bea1ad887048462f27c6bc042e6ce07fbb1d941ad6a4aedb,2823,69.0,34.0,interior,-0.0,-0.0,-0.0,-0.0,-0.0,-0.0
8,7,loading,0.86875,82a0f147b3e888f9bea1ad887048462f27c6bc042e6ce07fbb1d941ad6a4aedb,2824,70.0,34.0,interior,-0.0,-0.0,-0.0,-0.0,-0.0,-0.0
8,7,loading,0.86875,82a0f147b3e888f9bea1ad887048462f27c6bc042e6ce07fbb1d941ad6a4aedb,2825,71.0,34.0,interior,-0.0,-0.0,-0.0,-0.0,-0.0,-0.0
8,7,loading,0.86875,82a0f147b3e888f9bea1ad887048462f27c6bc042e6ce07fbb1d941ad6a4aedb,2826,72.0,34.0,interior,-0.0,-0.0,-0.0,-0.0,-0.0,-0.0
8,7,loading,0.86875,82a0f147b3e888f9bea1ad887048462f27c6bc042e6ce07fbb1d941ad6a4aedb,2827,73.0,34.0,interior,-0.0,-0.0,-0.0,-0.0,-0.0,-0.0
8,7,loading,0.86875,82a0f147b3e888f9bea1ad887048462f27c6bc042e6ce07fbb1d941ad6a4aedb,2828,74.0,34.0,interior,-0.0,-0.0,-0.0,-0.0,-0.0,-0.0
8,7,loading,0.86875,82a0f147b3e888f9bea1ad887048462f27c6bc042e6ce07fbb1d941ad6a4aedb,2829,75.0,34.0,interior,-0.0,-0.0,-0.0,-0.0,-0.0,-0.0
8,7,loading,0.86875,82a0f147b3e888f9bea1ad887048462f27c6bc042e6ce07fbb1d941ad6a4aedb,2830,76.0,34.0,interior,-0.0,-0.0,-0.0,-0.0,-0.0,-0.0
8,7,loading,0.86875,82a0f147b3e888f9bea1ad887048462f27c6bc042e6ce07fbb1d941ad6a4aedb,2831,77.0,34.0,interior,-0.0,-0.0,-0.0,-0.0,-0.0,-0.0
8,7,loading,0.86875,82a0f147b3e888f9bea1ad887048462f27c6bc042e6ce07fbb1d941ad6a4aedb,2832,78.0,34.0,interior,-0.0,-0.0,-0.0,-0.0,-0.0,-0.0
8,7,loading,0.86875,82a0f147b3e888f9bea1ad887048462f27c6bc042e6ce07fbb1d941ad6a4aedb,2833,79.0,34.0,interior,-0.0,-0.0,-0.0,-0.0,-0.0,-0.0
8,7,loading,0.86875,82a0f147b3e888f9bea1ad887048462f27c6bc042e6ce07fbb1d941ad6a4aedb,2834,80.0,34.0,physical_only,-0.0,-0.0,-0.0,-0.0,-0.0,-0.0
8,7,loading,0.86875,82a0f147b3e888f9bea1ad887048462f27c6bc042e6ce07fbb1d941ad6a4aedb,2897,62.0,35.0,physical_only,-5.102368708519116e-06,4.3689317402722027e-08,-3.8519303841194855e-06,7.480494164790644e-08,-1.2504383243996297e-06,-3.1115624245184524e-08
8,7,loading,0.86875,82a0f147b3e888f9bea1ad887048462f27c6bc042e6ce07fbb1d941ad6a4aedb,2898,63.0,35.0,interior,-0.0,-0.0,-0.0,-0.0,-0.0,-0.0
8,7,loading,0.86875,82a0f147b3e888f9bea1ad887048462f27c6bc042e6ce07fbb1d941ad6a4aedb,2899,64.0,35.0,interior,-0.0,-0.0,-0.0,-0.0,-0.0,-0.0
8,7,loading,0.86875,82a0f147b3e888f9bea1ad887048462f27c6bc042e6ce07fbb1d941ad6a4aedb,2900,65.0,35.0,interior,-0.0,-0.0,-0.0,-0.0,-0.0,-0.0
8,7,loading,0.86875,82a0f147b3e888f9bea1ad887048462f27c6bc042e6ce07fbb1d941ad6a4aedb,2901,66.0,35.0,interior,-0.0,-0.0,-0.0,-0.0,-0.0,-0.0
8,7,loading,0.86875,82a0f147b3e888f9bea1ad887048462f27c6bc042e6ce07fbb1d941ad6a4aedb,2902,67.0,35.0,interior,-0.0,-0.0,-0.0,-0.0,-0.0,-0.0
8,7,loading,0.86875,82a0f147b3e888f9bea1ad887048462f27c6bc042e6ce07fbb1d941ad6a4aedb,2903,68.0,35.0,interior,-0.0,-0.0,-0.0,-0.0,-0.0,-0.0
8,7,loading,0.86875,82a0f147b3e888f9bea1ad887048462f27c6bc042e6ce07fbb1d941ad6a4aedb,2904,69.0,35.0,interior,-0.0,-0.0,-0.0,-0.0,-0.0,-0.0
8,7,loading,0.86875,82a0f147b3e888f9bea1ad887048462f27c6bc042e6ce07fbb1d941ad6a4aedb,2905,70.0,35.0,interior,-0.0,-0.0,-0.0,-0.0,-0.0,-0.0
8,7,loading,0.86875,82a0f147b3e888f9bea1ad887048462f27c6bc042e6ce07fbb1d941ad6a4aedb,2906,71.0,35.0,interior,-0.0,-0.0,-0.0,-0.0,-0.0,-0.0
8,7,loading,0.86875,82a0f147b3e888f9bea1ad887048462f27c6bc042e6ce07fbb1d941ad6a4aedb,2907,72.0,35.0,interior,-0.0,-0.0,-0.0,-0.0,-0.0,-0.0
8,7,loading,0.86875,82a0f147b3e888f9bea1ad887048462f27c6bc042e6ce07fbb1d941ad6a4aedb,2908,73.0,35.0,interior,-0.0,-0.0,-0.0,-0.0,-0.0,-0.0
8,7,loading,0.86875,82a0f147b3e888f9bea1ad887048462f27c6bc042e6ce07fbb1d941ad6a4aedb,2909,74.0,35.0,interior,-0.0,-0.0,-0.0,-0.0,-0.0,-0.0
8,7,loading,0.86875,82a0f147b3e888f9bea1ad887048462f27c6bc042e6ce07fbb1d941ad6a4aedb,2910,75.0,35.0,interior,-0.0,-0.0,-0.0,-0.0,-0.0,-0.0
8,7,loading,0.86875,82a0f147b3e888f9bea1ad887048462f27c6bc042e6ce07fbb1d941ad6a4aedb,2911,76.0,35.0,interior,-0.0,-0.0,-0.0,-0.0,-0.0,-0.0
8,7,loading,0.86875,82a0f147b3e888f9bea1ad887048462f27c6bc042e6ce07fbb1d941ad6a4aedb,2912,77.0,35.0,interior,-0.0,-0.0,-0.0,-0.0,-0.0,-0.0
8,7,loading,0.86875,82a0f147b3e888f9bea1ad887048462f27c6bc042e6ce07fbb1d941ad6a4aedb,2913,78.0,35.0,interior,-0.0,-0.0,-0.0,-0.0,-0.0,-0.0
8,7,loading,0.86875,82a0f147b3e888f9bea1ad887048462f27c6bc042e6ce07fbb1d941ad6a4aedb,2914,79.0,35.0,interior,-0.0,-0.0,-0.0,-0.0,-0.0,-0.0
8,7,loading,0.86875,82a0f147b3e888f9bea1ad887048462f27c6bc042e6ce07fbb1d941ad6a4aedb,2915,80.0,35.0,physical_only,-0.0,-0.0,-0.0,-0.0,-0.0,-0.0
8,7,loading,0.86875,82a0f147b3e888f9bea1ad887048462f27c6bc042e6ce07fbb1d941ad6a4aedb,2978,62.0,36.0,physical_only,-5.175498708967524e-06,2.0301033495186175e-07,-3.968244816310607e-06,6.256911738881484e-08,-1.2072538926569176e-06,1.4044121756304691e-07
8,7,loading,0.86875,82a0f147b3e888f9bea1ad887048462f27c6bc042e6ce07fbb1d941ad6a4aedb,2979,63.0,36.0,interior,-0.0,-0.0,-0.0,-0.0,-0.0,-0.0
8,7,loading,0.86875,82a0f147b3e888f9bea1ad887048462f27c6bc042e6ce07fbb1d941ad6a4aedb,2980,64.0,36.0,interior,-0.0,-0.0,-0.0,-0.0,-0.0,-0.0
8,7,loading,0.86875,82a0f147b3e888f9bea1ad887048462f27c6bc042e6ce07fbb1d941ad6a4aedb,2981,65.0,36.0,interior,-0.0,-0.0,-0.0,-0.0,-0.0,-0.0
8,7,loading,0.86875,82a0f147b3e888f9bea1ad887048462f27c6bc042e6ce07fbb1d941ad6a4aedb,2982,66.0,36.0,interior,-0.0,-0.0,-0.0,-0.0,-0.0,-0.0
8,7,loading,0.86875,82a0f147b3e888f9bea1ad887048462f27c6bc042e6ce07fbb1d941ad6a4aedb,2983,67.0,36.0,interior,-0.0,-0.0,-0.0,-0.0,-0.0,-0.0
8,7,loading,0.86875,82a0f147b3e888f9bea1ad887048462f27c6bc042e6ce07fbb1d941ad6a4aedb,2984,68.0,36.0,interior,-0.0,-0.0,-0.0,-0.0,-0.0,-0.0
8,7,loading,0.86875,82a0f147b3e888f9bea1ad887048462f27c6bc042e6ce07fbb1d941ad6a4aedb,2985,69.0,36.0,interior,-0.0,-0.0,-0.0,-0.0,-0.0,-0.0
8,7,loading,0.86875,82a0f147b3e888f9bea1ad887048462f27c6bc042e6ce07fbb1d941ad6a4aedb,2986,70.0,36.0,interior,-0.0,-0.0,-0.0,-0.0,-0.0,-0.0
8,7,loading,0.86875,82a0f147b3e888f9bea1ad887048462f27c6bc042e6ce07fbb1d941ad6a4aedb,2987,71.0,36.0,interior,-0.0,-0.0,-0.0,-0.0,-0.0,-0.0
8,7,loading,0.86875,82a0f147b3e888f9bea1ad887048462f27c6bc042e6ce07fbb1d941ad6a4aedb,2988,72.0,36.0,interior,-0.0,-0.0,-0.0,-0.0,-0.0,-0.0
8,7,loading,0.86875,82a0f147b3e888f9bea1ad887048462f27c6bc042e6ce07fbb1d941ad6a4aedb,2989,73.0,36.0,interior,-0.0,-0.0,-0.0,-0.0,-0.0,-0.0
8,7,loading,0.86875,82a0f147b3e888f9bea1ad887048462f27c6bc042e6ce07fbb1d941ad6a4aedb,2990,74.0,36.0,interior,-0.0,-0.0,-0.0,-0.0,-0.0,-0.0
8,7,loading,0.86875,82a0f147b3e888f9bea1ad887048462f27c6bc042e6ce07fbb1d941ad6a4aedb,2991,75.0,36.0,interior,-0.0,-0.0,-0.0,-0.0,-0.0,-0.0
8,7,loading,0.86875,82a0f147b3e888f9bea1ad887048462f27c6bc042e6ce07fbb1d941ad6a4aedb,2992,76.0,36.0,interior,-0.0,-0.0,-0.0,-0.0,-0.0,-0.0
8,7,loading,0.86875,82a0f147b3e888f9bea1ad887048462f27c6bc042e6ce07fbb1d941ad6a4aedb,2993,77.0,36.0,interior,-0.0,-0.0,-0.0,-0.0,-0.0,-0.0
8,7,loading,0.86875,82a0f147b3e888f9bea1ad887048462f27c6bc042e6ce07fbb1d941ad6a4aedb,2994,78.0,36.0,interior,-0.0,-0.0,-0.0,-0.0,-0.0,-0.0
8,7,loading,0.86875,82a0f147b3e888f9bea1ad887048462f27c6bc042e6ce07fbb1d941ad6a4aedb,2995,79.0,36.0,interior,-0.0,-0.0,-0.0,-0.0,-0.0,-0.0
8,7,loading,0.86875,82a0f147b3e888f9bea1ad887048462f27c6bc042e6ce07fbb1d941ad6a4aedb,2996,80.0,36.0,physical_only,-0.0,-0.0,-0.0,-0.0,-0.0,-0.0
8,7,loading,0.86875,82a0f147b3e888f9bea1ad887048462f27c6bc042e6ce07fbb1d941ad6a4aedb,3059,62.0,37.0,physical_only,-5.308511303967597e-06,2.3392826250636924e-07,-4.060529508277622e-06,4.934946649642936e-08,-1.2479817956899756e-06,1.8457879600994e-07
8,7,loading,0.86875,82a0f147b3e888f9bea1ad887048462f27c6bc042e6ce07fbb1d941ad6a4aedb,3060,63.0,37.0,interior,-0.0,-0.0,-0.0,-0.0,-0.0,-0.0
8,7,loading,0.86875,82a0f147b3e888f9bea1ad887048462f27c6bc042e6ce07fbb1d941ad6a4aedb,3061,64.0,37.0,interior,-0.0,-0.0,-0.0,-0.0,-0.0,-0.0
8,7,loading,0.86875,82a0f147b3e888f9bea1ad887048462f27c6bc042e6ce07fbb1d941ad6a4aedb,3062,65.0,37.0,interior,-0.0,-0.0,-0.0,-0.0,-0.0,-0.0
8,7,loading,0.86875,82a0f147b3e888f9bea1ad887048462f27c6bc042e6ce07fbb1d941ad6a4aedb,3063,66.0,37.0,interior,-0.0,-0.0,-0.0,-0.0,-0.0,-0.0
8,7,loading,0.86875,82a0f147b3e888f9bea1ad887048462f27c6bc042e6ce07fbb1d941ad6a4aedb,3064,67.0,37.0,interior,-0.0,-0.0,-0.0,-0.0,-0.0,-0.0
8,7,loading,0.86875,82a0f147b3e888f9bea1ad887048462f27c6bc042e6ce07fbb1d941ad6a4aedb,3065,68.0,37.0,interior,-0.0,-0.0,-0.0,-0.0,-0.0,-0.0
8,7,loading,0.86875,82a0f147b3e888f9bea1ad887048462f27c6bc042e6ce07fbb1d941ad6a4aedb,3066,69.0,37.0,interior,-0.0,-0.0,-0.0,-0.0,-0.0,-0.0
8,7,loading,0.86875,82a0f147b3e888f9bea1ad887048462f27c6bc042e6ce07fbb1d941ad6a4aedb,3067,70.0,37.0,interior,-0.0,-0.0,-0.0,-0.0,-0.0,-0.0
8,7,loading,0.86875,82a0f147b3e888f9bea1ad887048462f27c6bc042e6ce07fbb1d941ad6a4aedb,3068,71.0,37.0,interior,-0.0,-0.0,-0.0,-0.0,-0.0,-0.0
8,7,loading,0.86875,82a0f147b3e888f9bea1ad887048462f27c6bc042e6ce07fbb1d941ad6a4aedb,3069,72.0,37.0,interior,-0.0,-0.0,-0.0,-0.0,-0.0,-0.0
8,7,loading,0.86875,82a0f147b3e888f9bea1ad887048462f27c6bc042e6ce07fbb1d941ad6a4aedb,3070,73.0,37.0,interior,-0.0,-0.0,-0.0,-0.0,-0.0,-0.0
8,7,loading,0.86875,82a0f147b3e888f9bea1ad887048462f27c6bc042e6ce07fbb1d941ad6a4aedb,3071,74.0,37.0,interior,-0.0,-0.0,-0.0,-0.0,-0.0,-0.0
8,7,loading,0.86875,82a0f147b3e888f9bea1ad887048462f27c6bc042e6ce07fbb1d941ad6a4aedb,3072,75.0,37.0,interior,-0.0,-0.0,-0.0,-0.0,-0.0,-0.0
8,7,loading,0.86875,82a0f147b3e888f9bea1ad887048462f27c6bc042e6ce07fbb1d941ad6a4aedb,3073,76.0,37.0,interior,-0.0,-0.0,-0.0,-0.0,-0.0,-0.0
8,7,loading,0.86875,82a0f147b3e888f9bea1ad887048462f27c6bc042e6ce07fbb1d941ad6a4aedb,3074,77.0,37.0,interior,-0.0,-0.0,-0.0,-0.0,-0.0,-0.0
8,7,loading,0.86875,82a0f147b3e888f9bea1ad887048462f27c6bc042e6ce07fbb1d941ad6a4aedb,3075,78.0,37.0,interior,-0.0,-0.0,-0.0,-0.0,-0.0,-0.0
8,7,loading,0.86875,82a0f147b3e888f9bea1ad887048462f27c6bc042e6ce07fbb1d941ad6a4aedb,3076,79.0,37.0,interior,-0.0,-0.0,-0.0,-0.0,-0.0,-0.0
8,7,loading,0.86875,82a0f147b3e888f9bea1ad887048462f27c6bc042e6ce07fbb1d941ad6a4aedb,3077,80.0,37.0,physical_only,-0.0,-0.0,-0.0,-0.0,-0.0,-0.0
8,7,loading,0.86875,82a0f147b3e888f9bea1ad887048462f27c6bc042e6ce07fbb1d941ad6a4aedb,3140,62.0,38.0,physical_only,-5.424336455126329e-06,1.848991584987396e-07,-4.1278768868499375e-06,3.430078868777893e-08,-1.2964595682763903e-06,1.5059836981096046e-07
8,7,loading,0.86875,82a0f147b3e888f9bea1ad887048462f27c6bc042e6ce07fbb1d941ad6a4aedb,3141,63.0,38.0,interior,-0.0,-0.0,-0.0,-0.0,-0.0,-0.0
8,7,loading,0.86875,82a0f147b3e888f9bea1ad887048462f27c6bc042e6ce07fbb1d941ad6a4aedb,3142,64.0,38.0,interior,-0.0,-0.0,-0.0,-0.0,-0.0,-0.0
8,7,loading,0.86875,82a0f147b3e888f9bea1ad887048462f27c6bc042e6ce07fbb1d941ad6a4aedb,3143,65.0,38.0,interior,-0.0,-0.0,-0.0,-0.0,-0.0,-0.0
8,7,loading,0.86875,82a0f147b3e888f9bea1ad887048462f27c6bc042e6ce07fbb1d941ad6a4aedb,3144,66.0,38.0,interior,-0.0,-0.0,-0.0,-0.0,-0.0,-0.0
8,7,loading,0.86875,82a0f147b3e888f9bea1ad887048462f27c6bc042e6ce07fbb1d941ad6a4aedb,3145,67.0,38.0,interior,-0.0,-0.0,-0.0,-0.0,-0.0,-0.0
8,7,loading,0.86875,82a0f147b3e888f9bea1ad887048462f27c6bc042e6ce07fbb1d941ad6a4aedb,3146,68.0,38.0,interior,-0.0,-0.0,-0.0,-0.0,-0.0,-0.0
8,7,loading,0.86875,82a0f147b3e888f9bea1ad887048462f27c6bc042e6ce07fbb1d941ad6a4aedb,3147,69.0,38.0,interior,-0.0,-0.0,-0.0,-0.0,-0.0,-0.0
8,7,loading,0.86875,82a0f147b3e888f9bea1ad887048462f27c6bc042e6ce07fbb1d941ad6a4aedb,3148,70.0,38.0,interior,-0.0,-0.0,-0.0,-0.0,-0.0,-0.0
8,7,loading,0.86875,82a0f147b3e888f9bea1ad887048462f27c6bc042e6ce07fbb1d941ad6a4aedb,3149,71.0,38.0,interior,-0.0,-0.0,-0.0,-0.0,-0.0,-0.0
8,7,loading,0.86875,82a0f147b3e888f9bea1ad887048462f27c6bc042e6ce07fbb1d941ad6a4aedb,3150,72.0,38.0,interior,-0.0,-0.0,-0.0,-0.0,-0.0,-0.0
8,7,loading,0.86875,82a0f147b3e888f9bea1ad887048462f27c6bc042e6ce07fbb1d941ad6a4aedb,3151,73.0,38.0,interior,-0.0,-0.0,-0.0,-0.0,-0.0,-0.0
8,7,loading,0.86875,82a0f147b3e888f9bea1ad887048462f27c6bc042e6ce07fbb1d941ad6a4aedb,3152,74.0,38.0,interior,-0.0,-0.0,-0.0,-0.0,-0.0,-0.0
8,7,loading,0.86875,82a0f147b3e888f9bea1ad887048462f27c6bc042e6ce07fbb1d941ad6a4aedb,3153,75.0,38.0,interior,-0.0,-0.0,-0.0,-0.0,-0.0,-0.0
8,7,loading,0.86875,82a0f147b3e888f9bea1ad887048462f27c6bc042e6ce07fbb1d941ad6a4aedb,3154,76.0,38.0,interior,-0.0,-0.0,-0.0,-0.0,-0.0,-0.0
8,7,loading,0.86875,82a0f147b3e888f9bea1ad887048462f27c6bc042e6ce07fbb1d941ad6a4aedb,3155,77.0,38.0,interior,-0.0,-0.0,-0.0,-0.0,-0.0,-0.0
8,7,loading,0.86875,82a0f147b3e888f9bea1ad887048462f27c6bc042e6ce07fbb1d941ad6a4aedb,3156,78.0,38.0,interior,-0.0,-0.0,-0.0,-0.0,-0.0,-0.0
8,7,loading,0.86875,82a0f147b3e888f9bea1ad887048462f27c6bc042e6ce07fbb1d941ad6a4aedb,3157,79.0,38.0,interior,-0.0,-0.0,-0.0,-0.0,-0.0,-0.0
8,7,loading,0.86875,82a0f147b3e888f9bea1ad887048462f27c6bc042e6ce07fbb1d941ad6a4aedb,3158,80.0,38.0,physical_only,-0.0,-0.0,-0.0,-0.0,-0.0,-0.0
8,7,loading,0.86875,82a0f147b3e888f9bea1ad887048462f27c6bc042e6ce07fbb1d941ad6a4aedb,3221,62.0,39.0,physical_only,-5.494641833753721e-06,9.847715916537157e-08,-4.168949117907196e-06,1.760997973833939e-08,-1.325692715846524e-06,8.086717942703218e-08
8,7,loading,0.86875,82a0f147b3e888f9bea1ad887048462f27c6bc042e6ce07fbb1d941ad6a4aedb,3222,63.0,39.0,interior,-0.0,-0.0,-0.0,-0.0,-0.0,-0.0
8,7,loading,0.86875,82a0f147b3e888f9bea1ad887048462f27c6bc042e6ce07fbb1d941ad6a4aedb,3223,64.0,39.0,interior,-0.0,-0.0,-0.0,-0.0,-0.0,-0.0
8,7,loading,0.86875,82a0f147b3e888f9bea1ad887048462f27c6bc042e6ce07fbb1d941ad6a4aedb,3224,65.0,39.0,interior,-0.0,-0.0,-0.0,-0.0,-0.0,-0.0
8,7,loading,0.86875,82a0f147b3e888f9bea1ad887048462f27c6bc042e6ce07fbb1d941ad6a4aedb,3225,66.0,39.0,interior,-0.0,-0.0,-0.0,-0.0,-0.0,-0.0
8,7,loading,0.86875,82a0f147b3e888f9bea1ad887048462f27c6bc042e6ce07fbb1d941ad6a4aedb,3226,67.0,39.0,interior,-0.0,-0.0,-0.0,-0.0,-0.0,-0.0
8,7,loading,0.86875,82a0f147b3e888f9bea1ad887048462f27c6bc042e6ce07fbb1d941ad6a4aedb,3227,68.0,39.0,interior,-0.0,-0.0,-0.0,-0.0,-0.0,-0.0
8,7,loading,0.86875,82a0f147b3e888f9bea1ad887048462f27c6bc042e6ce07fbb1d941ad6a4aedb,3228,69.0,39.0,interior,-0.0,-0.0,-0.0,-0.0,-0.0,-0.0
8,7,loading,0.86875,82a0f147b3e888f9bea1ad887048462f27c6bc042e6ce07fbb1d941ad6a4aedb,3229,70.0,39.0,interior,-0.0,-0.0,-0.0,-0.0,-0.0,-0.0
8,7,loading,0.86875,82a0f147b3e888f9bea1ad887048462f27c6bc042e6ce07fbb1d941ad6a4aedb,3230,71.0,39.0,interior,-0.0,-0.0,-0.0,-0.0,-0.0,-0.0
8,7,loading,0.86875,82a0f147b3e888f9bea1ad887048462f27c6bc042e6ce07fbb1d941ad6a4aedb,3231,72.0,39.0,interior,-0.0,-0.0,-0.0,-0.0,-0.0,-0.0
8,7,loading,0.86875,82a0f147b3e888f9bea1ad887048462f27c6bc042e6ce07fbb1d941ad6a4aedb,3232,73.0,39.0,interior,-0.0,-0.0,-0.0,-0.0,-0.0,-0.0
8,7,loading,0.86875,82a0f147b3e888f9bea1ad887048462f27c6bc042e6ce07fbb1d941ad6a4aedb,3233,74.0,39.0,interior,-0.0,-0.0,-0.0,-0.0,-0.0,-0.0
8,7,loading,0.86875,82a0f147b3e888f9bea1ad887048462f27c6bc042e6ce07fbb1d941ad6a4aedb,3234,75.0,39.0,interior,-0.0,-0.0,-0.0,-0.0,-0.0,-0.0
8,7,loading,0.86875,82a0f147b3e888f9bea1ad887048462f27c6bc042e6ce07fbb1d941ad6a4aedb,3235,76.0,39.0,interior,-0.0,-0.0,-0.0,-0.0,-0.0,-0.0
8,7,loading,0.86875,82a0f147b3e888f9bea1ad887048462f27c6bc042e6ce07fbb1d941ad6a4aedb,3236,77.0,39.0,interior,-0.0,-0.0,-0.0,-0.0,-0.0,-0.0
8,7,loading,0.86875,82a0f147b3e888f9bea1ad887048462f27c6bc042e6ce07fbb1d941ad6a4aedb,3237,78.0,39.0,interior,-0.0,-0.0,-0.0,-0.0,-0.0,-0.0
8,7,loading,0.86875,82a0f147b3e888f9bea1ad887048462f27c6bc042e6ce07fbb1d941ad6a4aedb,3238,79.0,39.0,interior,-0.0,-0.0,-0.0,-0.0,-0.0,-0.0
8,7,loading,0.86875,82a0f147b3e888f9bea1ad887048462f27c6bc042e6ce07fbb1d941ad6a4aedb,3239,80.0,39.0,physical_only,-0.0,-0.0,-0.0,-0.0,-0.0,-0.0
8,7,loading,0.86875,82a0f147b3e888f9bea1ad887048462f27c6bc042e6ce07fbb1d941ad6a4aedb,3302,62.0,40.0,physical_and_cut,-2.758681172566804e-06,-1.9089284489163223e-06,-2.091378226702739e-06,-9.516921285066655e-07,-6.673029458640646e-07,-9.572363204096568e-07
8,7,loading,0.86875,82a0f147b3e888f9bea1ad887048462f27c6bc042e6ce07fbb1d941ad6a4aedb,3303,63.0,40.0,cut_only,-0.0,-0.0,-0.0,-0.0,-0.0,-0.0
8,7,loading,0.86875,82a0f147b3e888f9bea1ad887048462f27c6bc042e6ce07fbb1d941ad6a4aedb,3304,64.0,40.0,cut_only,-0.0,-0.0,-0.0,-0.0,-0.0,-0.0
8,7,loading,0.86875,82a0f147b3e888f9bea1ad887048462f27c6bc042e6ce07fbb1d941ad6a4aedb,3305,65.0,40.0,cut_only,-0.0,-0.0,-0.0,-0.0,-0.0,-0.0
8,7,loading,0.86875,82a0f147b3e888f9bea1ad887048462f27c6bc042e6ce07fbb1d941ad6a4aedb,3306,66.0,40.0,cut_only,-0.0,-0.0,-0.0,-0.0,-0.0,-0.0
8,7,loading,0.86875,82a0f147b3e888f9bea1ad887048462f27c6bc042e6ce07fbb1d941ad6a4aedb,3307,67.0,40.0,cut_only,-0.0,-0.0,-0.0,-0.0,-0.0,-0.0
8,7,loading,0.86875,82a0f147b3e888f9bea1ad887048462f27c6bc042e6ce07fbb1d941ad6a4aedb,3308,68.0,40.0,cut_only,-0.0,-0.0,-0.0,-0.0,-0.0,-0.0
8,7,loading,0.86875,82a0f147b3e888f9bea1ad887048462f27c6bc042e6ce07fbb1d941ad6a4aedb,3309,69.0,40.0,cut_only,-0.0,-0.0,-0.0,-0.0,-0.0,-0.0
8,7,loading,0.86875,82a0f147b3e888f9bea1ad887048462f27c6bc042e6ce07fbb1d941ad6a4aedb,3310,70.0,40.0,cut_only,-0.0,-0.0,-0.0,-0.0,-0.0,-0.0
8,7,loading,0.86875,82a0f147b3e888f9bea1ad887048462f27c6bc042e6ce07fbb1d941ad6a4aedb,3311,71.0,40.0,cut_only,-0.0,-0.0,-0.0,-0.0,-0.0,-0.0
8,7,loading,0.86875,82a0f147b3e888f9bea1ad887048462f27c6bc042e6ce07fbb1d941ad6a4aedb,3312,72.0,40.0,cut_only,-0.0,-0.0,-0.0,-0.0,-0.0,-0.0
8,7,loading,0.86875,82a0f147b3e888f9bea1ad887048462f27c6bc042e6ce07fbb1d941ad6a4aedb,3313,73.0,40.0,cut_only,-0.0,-0.0,-0.0,-0.0,-0.0,-0.0
8,7,loading,0.86875,82a0f147b3e888f9bea1ad887048462f27c6bc042e6ce07fbb1d941ad6a4aedb,3314,74.0,40.0,cut_only,-0.0,-0.0,-0.0,-0.0,-0.0,-0.0
8,7,loading,0.86875,82a0f147b3e888f9bea1ad887048462f27c6bc042e6ce07fbb1d941ad6a4aedb,3315,75.0,40.0,cut_only,-0.0,-0.0,-0.0,-0.0,-0.0,-0.0
8,7,loading,0.86875,82a0f147b3e888f9bea1ad887048462f27c6bc042e6ce07fbb1d941ad6a4aedb,3316,76.0,40.0,cut_only,-0.0,-0.0,-0.0,-0.0,-0.0,-0.0
8,7,loading,0.86875,82a0f147b3e888f9bea1ad887048462f27c6bc042e6ce07fbb1d941ad6a4aedb,3317,77.0,40.0,cut_only,-0.0,-0.0,-0.0,-0.0,-0.0,-0.0
8,7,loading,0.86875,82a0f147b3e888f9bea1ad887048462f27c6bc042e6ce07fbb1d941ad6a4aedb,3318,78.0,40.0,cut_only,-0.0,-0.0,-0.0,-0.0,-0.0,-0.0
8,7,loading,0.86875,82a0f147b3e888f9bea1ad887048462f27c6bc042e6ce07fbb1d941ad6a4aedb,3319,79.0,40.0,cut_only,-0.0,-0.0,-0.0,-0.0,-0.0,-0.0
8,7,loading,0.86875,82a0f147b3e888f9bea1ad887048462f27c6bc042e6ce07fbb1d941ad6a4aedb,3320,80.0,40.0,physical_and_cut,-0.0,-0.0,-0.0,-0.0,-0.0,-0.0
