index,original_target_index,leg,d_mm,state_sha256,node_id,x_mm,y_mm,group,total_Fx_N,total_Fy_N,material_Fx_N,material_Fy_N,regularization_Fx_N,regularization_Fy_N
0,0,origin,0.0,e0eea1fec4850c45769a7e5356a2c8b7b3accf289ea84f5e5267173dae080354,2697,62.0,31.0,physical_only,-0.0,-0.0,-0.0,-0.0,-0.0,-0.0
0,0,origin,0.0,e0eea1fec4850c45769a7e5356a2c8b7b3accf289ea84f5e5267173dae080354,2698,63.0,31.0,physical_only,-0.0,-0.0,-0.0,-0.0,-0.0,-0.0
0,0,origin,0.0,e0eea1fec4850c45769a7e5356a2c8b7b3accf289ea84f5e5267173dae080354,2699,64.0,31.0,physical_only,-0.0,-0.0,-0.0,-0.0,-0.0,-0.0
0,0,origin,0.0,e0eea1fec4850c45769a7e5356a2c8b7b3accf289ea84f5e5267173dae080354,2700,65.0,31.0,physical_only,-0.0,-0.0,-0.0,-0.0,-0.0,-0.0
0,0,origin,0.0,e0eea1fec4850c45769a7e5356a2c8b7b3accf289ea84f5e5267173dae080354,2701,66.0,31.0,physical_only,-0.0,-0.0,-0.0,-0.0,-0.0,-0.0
0,0,origin,0.0,e0eea1fec4850c45769a7e5356a2c8b7b3accf289ea84f5e5267173dae080354,2702,67.0,31.0,physical_only,-0.0,-0.0,-0.0,-0.0,-0.0,-0.0
0,0,origin,0.0,e0eea1fec4850c45769a7e5356a2c8b7b3accf289ea84f5e5267173dae080354,2703,68.0,31.0,physical_only,-0.0,-0.0,-0.0,-0.0,-0.0,-0.0
0,0,origin,0.0,e0eea1fec4850c45769a7e5356a2c8b7b3accf289ea84f5e5267173dae080354,2704,69.0,31.0,physical_only,-0.0,-0.0,-0.0,-0.0,-0.0,-0.0
0,0,origin,0.0,e0eea1fec4850c45769a7e5356a2c8b7b3accf289ea84f5e5267173dae080354,2705,70.0,31.0,physical_only,-0.0,-0.0,-0.0,-0.0,-0.0,-0.0
0,0,origin,0.0,e0eea1fec4850c45769a7e5356a2c8b7b3accf289ea84f5e5267173dae080354,2706,71.0,31.0,physical_only,-0.0,-0.0,-0.0,-0.0,-0.0,-0.0
0,0,origin,0.0,e0eea1fec4850c45769a7e5356a2c8b7b3accf289ea84f5e5267173dae080354,2707,72.0,31.0,physical_only,-0.0,-0.0,-0.0,-0.0,-0.0,-0.0
0,0,origin,0.0,e0eea1fec4850c45769a7e5356a2c8b7b3accf289ea84f5e5267173dae080354,2708,73.0,31.0,physical_only,-0.0,-0.0,-0.0,-0.0,-0.0,-0.0
0,0,origin,0.0,e0eea1fec4850c45769a7e5356a2c8b7b3accf289ea84f5e5267173dae080354,2709,74.0,31.0,physical_only,-0.0,-0.0,-0.0,-0.0,-0.0,-0.0
0,0,origin,0.0,e0eea1fec4850c45769a7e5356a2c8b7b3accf289ea84f5e5267173dae080354,2710,75.0,31.0,physical_only,-0.0,-0.0,-0.0,-0.0,-0.0,-0.0
0,0,origin,0.0,e0eea1fec4850c45769a7e5356a2c8b7b3accf289ea84f5e5267173dae080354,2711,76.0,31.0,physical_only,-0.0,-0.0,-0.0,-0.0,-0.0,-0.0
0,0,origin,0.0,e0eea1fec4850c45769a7e5356a2c8b7b3accf289ea84f5e5267173dae080354,2712,77.0,31.0,physical_only,-0.0,-0.0,-0.0,-0.0,-0.0,-0.0
0,0,origin,0.0,e0eea1fec4850c45769a7e5356a2c8b7b3accf289ea84f5e5267173dae080354,2713,78.0,31.0,physical_only,-0.0,-0.0,-0.0,-0.0,-0.0,-0.0
0,0,origin,0.0,e0eea1fec4850c45769a7e5356a2c8b7b3accf289ea84f5e5267173dae080354,2714,79.0,31.0,physical_only,-0.0,-0.0,-0.0,-0.0,-0.0,-0.0
0,0,origin,0.0,e0eea1fec4850c45769a7e5356a2c8b7b3accf289ea84f5e5267173dae080354,2715,80.0,31.0,physical_only,-0.0,-0.0,-0.0,-0.0,-0.0,-0.0
0,0,origin,0.0,e0eea1fec4850c45769a7e5356a2c8b7b3accf289ea84f5e5267173dae080354,2782,62.0,32.0,physical_only,-0.0,-0.0,-0.0,-0.0,-0.0,-0.0
0,0,origin,0.0,e0eea1fec4850c45769a7e5356a2c8b7b3accf289ea84f5e5267173dae080354,2783,63.0,32.0,interior,-0.0,-0.0,-0.0,-0.0,-0.0,-0.0
0,0,origin,0.0,e0eea1fec4850c45769a7e5356a2c8b7b3accf289ea84f5e5267173dae080354,2784,64.0,32.0,interior,-0.0,-0.0,-0.0,-0.0,-0.0,-0.0
0,0,origin,0.0,e0eea1fec4850c45769a7e5356a2c8b7b3accf289ea84f5e5267173dae080354,2785,65.0,32.0,interior,-0.0,-0.0,-0.0,-0.0,-0.0,-0.0
0,0,origin,0.0,e0eea1fec4850c45769a7e5356a2c8b7b3accf289ea84f5e5267173dae080354,2786,66.0,32.0,interior,-0.0,-0.0,-0.0,-0.0,-0.0,-0.0
0,0,origin,0.0,e0eea1fec4850c45769a7e5356a2c8b7b3accf289ea84f5e5267173dae080354,2787,67.0,32.0,interior,-0.0,-0.0,-0.0,-0.0,-0.0,-0.0
0,0,origin,0.0,e0eea1fec4850c45769a7e5356a2c8b7b3accf289ea84f5e5267173dae080354,2788,68.0,32.0,interior,-0.0,-0.0,-0.0,-0.0,-0.0,-0.0
0,0,origin,0.0,e0eea1fec4850c45769a7e5356a2c8b7b3accf289ea84f5e5267173dae080354,2789,69.0,32.0,interior,-0.0,-0.0,-0.0,-0.0,-0.0,-0.0
0,0,origin,0.0,e0eea1fec4850c45769a7e5356a2c8b7b3accf289ea84f5e5267173dae080354,2790,70.0,32.0,interior,-0.0,-0.0,-0.0,-0.0,-0.0,-0.0
0,0,origin,0.0,e0eea1fec4850c45769a7e5356a2c8b7b3accf289ea84f5e5267173dae080354,2791,71.0,32.0,interior,-0.0,-0.0,-0.0,-0.0,-0.0,-0.0
0,0,origin,0.0,e0eea1fec4850c45769a7e5356a2c8b7b3accf289ea84f5e5267173dae080354,2792,72.0,32.0,interior,-0.0,-0.0,-0.0,-0.0,-0.0,-0.0
0,0,origin,0.0,e0eea1fec4850c45769a7e5356a2c8b7b3accf289ea84f5e5267173dae080354,2793,73.0,32.0,interior,-0.0,-0.0,-0.0,-0.0,-0.0,-0.0
0,0,origin,0.0,e0eea1fec4850c45769a7e5356a2c8b7b3accf289ea84f5e5267173dae080354,2794,74.0,32.0,interior,-0.0,-0.0,-0.0,-0.0,-0.0,-0.0
0,0,origin,0.0,e0eea1fec4850c45769a7e5356a2c8b7b3accf289ea84f5e5267173dae080354,2795,75.0,32.0,interior,-0.0,-0.0,-0.0,-0.0,-0.0,-0.0
0,0,origin,0.0,e0eea1fec4850c45769a7e5356a2c8b7b3accf289ea84f5e5267173dae080354,2796,76.0,32.0,interior,-0.0,-0.0,-0.0,-0.0,-0.0,-0.0
0,0,origin,0.0,e0eea1fec4850c45769a7e5356a2c8b7b3accf289ea84f5e5267173dae080354,2797,77.0,32.0,interior,-0.0,-0.0,-0.0,-0.0,-0.0,-0.0
0,0,origin,0.0,e0eea1fec4850c45769a7e5356a2c8b7b3accf289ea84f5e5267173dae080354,2798,78.0,32.0,interior,-0.0,-0.0,-0.0,-0.0,-0.0,-0.0
0,0,origin,0.0,e0eea1fec4850c45769a7e5356a2c8b7b3accf289ea84f5e5267173dae080354,2799,79.0,32.0,interior,-0.0,-0.0,-0.0,-0.0,-0.0,-0.0
0,0,origin,0.0,e0eea1fec4850c45769a7e5356a2c8b7b3accf289ea84f5e5267173dae080354,2800,80.0,32.0,physical_only,-0.0,-0.0,-0.0,-0.0,-0.0,-0.0
0,0,origin,0.0,e0eea1fec4850c45769a7e5356a2c8b7b3accf289ea84f5e5267173dae080354,2867,62.0,33.0,physical_only,-0.0,-0.0,-0.0,-0.0,-0.0,-0.0
0,0,origin,0.0,e0eea1fec4850c45769a7e5356a2c8b7b3accf289ea84f5e5267173dae080354,2868,63.0,33.0,interior,-0.0,-0.0,-0.0,-0.0,-0.0,-0.0
0,0,origin,0.0,e0eea1fec4850c45769a7e5356a2c8b7b3accf289ea84f5e5267173dae080354,2869,64.0,33.0,interior,-0.0,-0.0,-0.0,-0.0,-0.0,-0.0
0,0,origin,0.0,e0eea1fec4850c45769a7e5356a2c8b7b3accf289ea84f5e5267173dae080354,2870,65.0,33.0,interior,-0.0,-0.0,-0.0,-0.0,-0.0,-0.0
0,0,origin,0.0,e0eea1fec4850c45769a7e5356a2c8b7b3accf289ea84f5e5267173dae080354,2871,66.0,33.0,interior,-0.0,-0.0,-0.0,-0.0,-0.0,-0.0
0,0,origin,0.0,e0eea1fec4850c45769a7e5356a2c8b7b3accf289ea84f5e5267173dae080354,2872,67.0,33.0,interior,-0.0,-0.0,-0.0,-0.0,-0.0,-0.0
0,0,origin,0.0,e0eea1fec4850c45769a7e5356a2c8b7b3accf289ea84f5e5267173dae080354,2873,68.0,33.0,interior,-0.0,-0.0,-0.0,-0.0,-0.0,-0.0
0,0,origin,0.0,e0eea1fec4850c45769a7e5356a2c8b7b3accf289ea84f5e5267173dae080354,2874,69.0,33.0,interior,-0.0,-0.0,-0.0,-0.0,-0.0,-0.0
0,0,origin,0.0,e0eea1fec4850c45769a7e5356a2c8b7b3accf289ea84f5e5267173dae080354,2875,70.0,33.0,interior,-0.0,-0.0,-0.0,-0.0,-0.0,-0.0
0,0,origin,0.0,e0eea1fec4850c45769a7e5356a2c8b7b3accf289ea84f5e5267173dae080354,2876,71.0,33.0,interior,-0.0,-0.0,-0.0,-0.0,-0.0,-0.0
0,0,origin,0.0,e0eea1fec4850c45769a7e5356a2c8b7b3accf289ea84f5e5267173dae080354,2877,72.0,33.0,interior,-0.0,-0.0,-0.0,-0.0,-0.0,-0.0
0,0,origin,0.0,e0eea1fec4850c45769a7e5356a2c8b7b3accf289ea84f5e5267173dae080354,2878,73.0,33.0,interior,-0.0,-0.0,-0.0,-0.0,-0.0,-0.0
0,0,origin,0.0,e0eea1fec4850c45769a7e5356a2c8b7b3accf289ea84f5e5267173dae080354,2879,74.0,33.0,interior,-0.0,-0.0,-0.0,-0.0,-0.0,-0.0
0,0,origin,0.0,e0eea1fec4850c45769a7e5356a2c8b7b3accf289ea84f5e5267173dae080354,2880,75.0,33.0,interior,-0.0,-0.0,-0.0,-0.0,-0.0,-0.0
0,0,origin,0.0,e0eea1fec4850c45769a7e5356a2c8b7b3accf289ea84f5e5267173dae080354,2881,76.0,33.0,interior,-0.0,-0.0,-0.0,-0.0,-0.0,-0.0
0,0,origin,0.0,e0eea1fec4850c45769a7e5356a2c8b7b3accf289ea84f5e5267173dae080354,2882,77.0,33.0,interior,-0.0,-0.0,-0.0,-0.0,-0.0,-0.0
0,0,origin,0.0,e0eea1fec4850c45769a7e5356a2c8b7b3accf289ea84f5e5267173dae080354,2883,78.0,33.0,interior,-0.0,-0.0,-0.0,-0.0,-0.0,-0.0
0,0,origin,0.0,e0eea1fec4850c45769a7e5356a2c8b7b3accf289ea84f5e5267173dae080354,2884,79.0,33.0,interior,-0.0,-0.0,-0.0,-0.0,-0.0,-0.0
0,0,origin,0.0,e0eea1fec4850c45769a7e5356a2c8b7b3accf289ea84f5e5267173dae080354,2885,80.0,33.0,physical_only,-0.0,-0.0,-0.0,-0.0,-0.0,-0.0
0,0,origin,0.0,e0eea1fec4850c45769a7e5356a2c8b7b3accf289ea84f5e5267173dae080354,2952,62.0,34.0,physical_only,-0.0,-0.0,-0.0,-0.0,-0.0,-0.0
0,0,origin,0.0,e0eea1fec4850c45769a7e5356a2c8b7b3accf289ea84f5e5267173dae080354,2953,63.0,34.0,interior,-0.0,-0.0,-0.0,-0.0,-0.0,-0.0
0,0,origin,0.0,e0eea1fec4850c45769a7e5356a2c8b7b3accf289ea84f5e5267173dae080354,2954,64.0,34.0,interior,-0.0,-0.0,-0.0,-0.0,-0.0,-0.0
0,0,origin,0.0,e0eea1fec4850c45769a7e5356a2c8b7b3accf289ea84f5e5267173dae080354,2955,65.0,34.0,interior,-0.0,-0.0,-0.0,-0.0,-0.0,-0.0
0,0,origin,0.0,e0eea1fec4850c45769a7e5356a2c8b7b3accf289ea84f5e5267173dae080354,2956,66.0,34.0,interior,-0.0,-0.0,-0.0,-0.0,-0.0,-0.0
0,0,origin,0.0,e0eea1fec4850c45769a7e5356a2c8b7b3accf289ea84f5e5267173dae080354,2957,67.0,34.0,interior,-0.0,-0.0,-0.0,-0.0,-0.0,-0.0
0,0,origin,0.0,e0eea1fec4850c45769a7e5356a2c8b7b3accf289ea84f5e5267173dae080354,2958,68.0,34.0,interior,-0.0,-0.0,-0.0,-0.0,-0.0,-0.0
0,0,origin,0.0,e0eea1fec4850c45769a7e5356a2c8b7b3accf289ea84f5e5267173dae080354,2959,69.0,34.0,interior,-0.0,-0.0,-0.0,-0.0,-0.0,-0.0
0,0,origin,0.0,e0eea1fec4850c45769a7e5356a2c8b7b3accf289ea84f5e5267173dae080354,2960,70.0,34.0,interior,-0.0,-0.0,-0.0,-0.0,-0.0,-0.0
0,0,origin,0.0,e0eea1fec4850c45769a7e5356a2c8b7b3accf289ea84f5e5267173dae080354,2961,71.0,34.0,interior,-0.0,-0.0,-0.0,-0.0,-0.0,-0.0
0,0,origin,0.0,e0eea1fec4850c45769a7e5356a2c8b7b3accf289ea84f5e5267173dae080354,2962,72.0,34.0,interior,-0.0,-0.0,-0.0,-0.0,-0.0,-0.0
0,0,origin,0.0,e0eea1fec4850c45769a7e5356a2c8b7b3accf289ea84f5e5267173dae080354,2963,73.0,34.0,interior,-0.0,-0.0,-0.0,-0.0,-0.0,-0.0
0,0,origin,0.0,e0eea1fec4850c45769a7e5356a2c8b7b3accf289ea84f5e5267173dae080354,2964,74.0,34.0,interior,-0.0,-0.0,-0.0,-0.0,-0.0,-0.0
0,0,origin,0.0,e0eea1fec4850c45769a7e5356a2c8b7b3accf289ea84f5e5267173dae080354,2965,75.0,34.0,interior,-0.0,-0.0,-0.0,-0.0,-0.0,-0.0
0,0,origin,0.0,e0eea1fec4850c45769a7e5356a2c8b7b3accf289ea84f5e5267173dae080354,2966,76.0,34.0,interior,-0.0,-0.0,-0.0,-0.0,-0.0,-0.0
0,0,origin,0.0,e0eea1fec4850c45769a7e5356a2c8b7b3accf289ea84f5e5267173dae080354,2967,77.0,34.0,interior,-0.0,-0.0,-0.0,-0.0,-0.0,-0.0
0,0,origin,0.0,e0eea1fec4850c45769a7e5356a2c8b7b3accf289ea84f5e5267173dae080354,2968,78.0,34.0,interior,-0.0,-0.0,-0.0,-0.0,-0.0,-0.0
0,0,origin,0.0,e0eea1fec4850c45769a7e5356a2c8b7b3accf289ea84f5e5267173dae080354,2969,79.0,34.0,interior,-0.0,-0.0,-0.0,-0.0,-0.0,-0.0
0,0,origin,0.0,e0eea1fec4850c45769a7e5356a2c8b7b3accf289ea84f5e5267173dae080354,2970,80.0,34.0,physical_only,-0.0,-0.0,-0.0,-0.0,-0.0,-0.0
0,0,origin,0.0,e0eea1fec4850c45769a7e5356a2c8b7b3accf289ea84f5e5267173dae080354,3037,62.0,35.0,physical_only,-0.0,-0.0,-0.0,-0.0,-0.0,-0.0
0,0,origin,0.0,e0eea1fec4850c45769a7e5356a2c8b7b3accf289ea84f5e5267173dae080354,3038,63.0,35.0,interior,-0.0,-0.0,-0.0,-0.0,-0.0,-0.0
0,0,origin,0.0,e0eea1fec4850c45769a7e5356a2c8b7b3accf289ea84f5e5267173dae080354,3039,64.0,35.0,interior,-0.0,-0.0,-0.0,-0.0,-0.0,-0.0
0,0,origin,0.0,e0eea1fec4850c45769a7e5356a2c8b7b3accf289ea84f5e5267173dae080354,3040,65.0,35.0,interior,-0.0,-0.0,-0.0,-0.0,-0.0,-0.0
0,0,origin,0.0,e0eea1fec4850c45769a7e5356a2c8b7b3accf289ea84f5e5267173dae080354,3041,66.0,35.0,interior,-0.0,-0.0,-0.0,-0.0,-0.0,-0.0
0,0,origin,0.0,e0eea1fec4850c45769a7e5356a2c8b7b3accf289ea84f5e5267173dae080354,3042,67.0,35.0,interior,-0.0,-0.0,-0.0,-0.0,-0.0,-0.0
0,0,origin,0.0,e0eea1fec4850c45769a7e5356a2c8b7b3accf289ea84f5e5267173dae080354,3043,68.0,35.0,interior,-0.0,-0.0,-0.0,-0.0,-0.0,-0.0
0,0,origin,0.0,e0eea1fec4850c45769a7e5356a2c8b7b3accf289ea84f5e5267173dae080354,3044,69.0,35.0,interior,-0.0,-0.0,-0.0,-0.0,-0.0,-0.0
0,0,origin,0.0,e0eea1fec4850c45769a7e5356a2c8b7b3accf289ea84f5e5267173dae080354,3045,70.0,35.0,interior,-0.0,-0.0,-0.0,-0.0,-0.0,-0.0
0,0,origin,0.0,e0eea1fec4850c45769a7e5356a2c8b7b3accf289ea84f5e5267173dae080354,3046,71.0,35.0,interior,-0.0,-0.0,-0.0,-0.0,-0.0,-0.0
0,0,origin,0.0,e0eea1fec4850c45769a7e5356a2c8b7b3accf289ea84f5e5267173dae080354,3047,72.0,35.0,interior,-0.0,-0.0,-0.0,-0.0,-0.0,-0.0
0,0,origin,0.0,e0eea1fec4850c45769a7e5356a2c8b7b3accf289ea84f5e5267173dae080354,3048,73.0,35.0,interior,-0.0,-0.0,-0.0,-0.0,-0.0,-0.0
0,0,origin,0.0,e0eea1fec4850c45769a7e5356a2c8b7b3accf289ea84f5e5267173dae080354,3049,74.0,35.0,interior,-0.0,-0.0,-0.0,-0.0,-0.0,-0.0
0,0,origin,0.0,e0eea1fec4850c45769a7e5356a2c8b7b3accf289ea84f5e5267173dae080354,3050,75.0,35.0,interior,-0.0,-0.0,-0.0,-0.0,-0.0,-0.0
0,0,origin,0.0,e0eea1fec4850c45769a7e5356a2c8b7b3accf289ea84f5e5267173dae080354,3051,76.0,35.0,interior,-0.0,-0.0,-0.0,-0.0,-0.0,-0.0
0,0,origin,0.0,e0eea1fec4850c45769a7e5356a2c8b7b3accf289ea84f5e5267173dae080354,3052,77.0,35.0,interior,-0.0,-0.0,-0.0,-0.0,-0.0,-0.0
0,0,origin,0.0,e0eea1fec4850c45769a7e5356a2c8b7b3accf289ea84f5e5267173dae080354,3053,78.0,35.0,interior,-0.0,-0.0,-0.0,-0.0,-0.0,-0.0
0,0,origin,0.0,e0eea1fec4850c45769a7e5356a2c8b7b3accf289ea84f5e5267173dae080354,3054,79.0,35.0,interior,-0.0,-0.0,-0.0,-0.0,-0.0,-0.0
0,0,origin,0.0,e0eea1fec4850c45769a7e5356a2c8b7b3accf289ea84f5e5267173dae080354,3055,80.0,35.0,physical_only,-0.0,-0.0,-0.0,-0.0,-0.0,-0.0
0,0,origin,0.0,e0eea1fec4850c45769a7e5356a2c8b7b3accf289ea84f5e5267173dae080354,3122,62.0,36.0,physical_only,-0.0,-0.0,-0.0,-0.0,-0.0,-0.0
0,0,origin,0.0,e0eea1fec4850c45769a7e5356a2c8b7b3accf289ea84f5e5267173dae080354,3123,63.0,36.0,interior,-0.0,-0.0,-0.0,-0.0,-0.0,-0.0
0,0,origin,0.0,e0eea1fec4850c45769a7e5356a2c8b7b3accf289ea84f5e5267173dae080354,3124,64.0,36.0,interior,-0.0,-0.0,-0.0,-0.0,-0.0,-0.0
0,0,origin,0.0,e0eea1fec4850c45769a7e5356a2c8b7b3accf289ea84f5e5267173dae080354,3125,65.0,36.0,interior,-0.0,-0.0,-0.0,-0.0,-0.0,-0.0
0,0,origin,0.0,e0eea1fec4850c45769a7e5356a2c8b7b3accf289ea84f5e5267173dae080354,3126,66.0,36.0,interior,-0.0,-0.0,-0.0,-0.0,-0.0,-0.0
0,0,origin,0.0,e0eea1fec4850c45769a7e5356a2c8b7b3accf289ea84f5e5267173dae080354,3127,67.0,36.0,interior,-0.0,-0.0,-0.0,-0.0,-0.0,-0.0
0,0,origin,0.0,e0eea1fec4850c45769a7e5356a2c8b7b3accf289ea84f5e5267173dae080354,3128,68.0,36.0,interior,-0.0,-0.0,-0.0,-0.0,-0.0,-0.0
0,0,origin,0.0,e0eea1fec4850c45769a7e5356a2c8b7b3accf289ea84f5e5267173dae080354,3129,69.0,36.0,interior,-0.0,-0.0,-0.0,-0.0,-0.0,-0.0
0,0,origin,0.0,e0eea1fec4850c45769a7e5356a2c8b7b3accf289ea84f5e5267173dae080354,3130,70.0,36.0,interior,-0.0,-0.0,-0.0,-0.0,-0.0,-0.0
0,0,origin,0.0,e0eea1fec4850c45769a7e5356a2c8b7b3accf289ea84f5e5267173dae080354,3131,71.0,36.0,interior,-0.0,-0.0,-0.0,-0.0,-0.0,-0.0
0,0,origin,0.0,e0eea1fec4850c45769a7e5356a2c8b7b3accf289ea84f5e5267173dae080354,3132,72.0,36.0,interior,-0.0,-0.0,-0.0,-0.0,-0.0,-0.0
0,0,origin,0.0,e0eea1fec4850c45769a7e5356a2c8b7b3accf289ea84f5e5267173dae080354,3133,73.0,36.0,interior,-0.0,-0.0,-0.0,-0.0,-0.0,-0.0
0,0,origin,0.0,e0eea1fec4850c45769a7e5356a2c8b7b3accf289ea84f5e5267173dae080354,3134,74.0,36.0,interior,-0.0,-0.0,-0.0,-0.0,-0.0,-0.0
0,0,origin,0.0,e0eea1fec4850c45769a7e5356a2c8b7b3accf289ea84f5e5267173dae080354,3135,75.0,36.0,interior,-0.0,-0.0,-0.0,-0.0,-0.0,-0.0
0,0,origin,0.0,e0eea1fec4850c45769a7e5356a2c8b7b3accf289ea84f5e5267173dae080354,3136,76.0,36.0,interior,-0.0,-0.0,-0.0,-0.0,-0.0,-0.0
0,0,origin,0.0,e0eea1fec4850c45769a7e5356a2c8b7b3accf289ea84f5e5267173dae080354,3137,77.0,36.0,interior,-0.0,-0.0,-0.0,-0.0,-0.0,-0.0
0,0,origin,0.0,e0eea1fec4850c45769a7e5356a2c8b7b3accf289ea84f5e5267173dae080354,3138,78.0,36.0,interior,-0.0,-0.0,-0.0,-0.0,-0.0,-0.0
0,0,origin,0.0,e0eea1fec4850c45769a7e5356a2c8b7b3accf289ea84f5e5267173dae080354,3139,79.0,36.0,interior,-0.0,-0.0,-0.0,-0.0,-0.0,-0.0
0,0,origin,0.0,e0eea1fec4850c45769a7e5356a2c8b7b3accf289ea84f5e5267173dae080354,3140,80.0,36.0,physical_only,-0.0,-0.0,-0.0,-0.0,-0.0,-0.0
0,0,origin,0.0,e0eea1fec4850c45769a7e5356a2c8b7b3accf289ea84f5e5267173dae080354,3207,62.0,37.0,physical_only,-0.0,-0.0,-0.0,-0.0,-0.0,-0.0
0,0,origin,0.0,e0eea1fec4850c45769a7e5356a2c8b7b3accf289ea84f5e5267173dae080354,3208,63.0,37.0,interior,-0.0,-0.0,-0.0,-0.0,-0.0,-0.0
0,0,origin,0.0,e0eea1fec4850c45769a7e5356a2c8b7b3accf289ea84f5e5267173dae080354,3209,64.0,37.0,interior,-0.0,-0.0,-0.0,-0.0,-0.0,-0.0
0,0,origin,0.0,e0eea1fec4850c45769a7e5356a2c8b7b3accf289ea84f5e5267173dae080354,3210,65.0,37.0,interior,-0.0,-0.0,-0.0,-0.0,-0.0,-0.0
0,0,origin,0.0,e0eea1fec4850c45769a7e5356a2c8b7b3accf289ea84f5e5267173dae080354,3211,66.0,37.0,interior,-0.0,-0.0,-0.0,-0.0,-0.0,-0.0
0,0,origin,0.0,e0eea1fec4850c45769a7e5356a2c8b7b3accf289ea84f5e5267173dae080354,3212,67.0,37.0,interior,-0.0,-0.0,-0.0,-0.0,-0.0,-0.0
0,0,origin,0.0,e0eea1fec4850c45769a7e5356a2c8b7b3accf289ea84f5e5267173dae080354,3213,68.0,37.0,interior,-0.0,-0.0,-0.0,-0.0,-0.0,-0.0
0,0,origin,0.0,e0eea1fec4850c45769a7e5356a2c8b7b3accf289ea84f5e5267173dae080354,3214,69.0,37.0,interior,-0.0,-0.0,-0.0,-0.0,-0.0,-0.0
0,0,origin,0.0,e0eea1fec4850c45769a7e5356a2c8b7b3accf289ea84f5e5267173dae080354,3215,70.0,37.0,interior,-0.0,-0.0,-0.0,-0.0,-0.0,-0.0
0,0,origin,0.0,e0eea1fec4850c45769a7e5356a2c8b7b3accf289ea84f5e5267173dae080354,3216,71.0,37.0,interior,-0.0,-0.0,-0.0,-0.0,-0.0,-0.0
0,0,origin,0.0,e0eea1fec4850c45769a7e5356a2c8b7b3accf289ea84f5e5267173dae080354,3217,72.0,37.0,interior,-0.0,-0.0,-0.0,-0.0,-0.0,-0.0
0,0,origin,0.0,e0eea1fec4850c45769a7e5356a2c8b7b3accf289ea84f5e5267173dae080354,3218,73.0,37.0,interior,-0.0,-0.0,-0.0,-0.0,-0.0,-0.0
0,0,origin,0.0,e0eea1fec4850c45769a7e5356a2c8b7b3accf289ea84f5e5267173dae080354,3219,74.0,37.0,interior,-0.0,-0.0,-0.0,-0.0,-0.0,-0.0
0,0,origin,0.0,e0eea1fec4850c45769a7e5356a2c8b7b3accf289ea84f5e5267173dae080354,3220,75.0,37.0,interior,-0.0,-0.0,-0.0,-0.0,-0.0,-0.0
0,0,origin,0.0,e0eea1fec4850c45769a7e5356a2c8b7b3accf289ea84f5e5267173dae080354,3221,76.0,37.0,interior,-0.0,-0.0,-0.0,-0.0,-0.0,-0.0
0,0,origin,0.0,e0eea1fec4850c45769a7e5356a2c8b7b3accf289ea84f5e5267173dae080354,3222,77.0,37.0,interior,-0.0,-0.0,-0.0,-0.0,-0.0,-0.0
0,0,origin,0.0,e0eea1fec4850c45769a7e5356a2c8b7b3accf289ea84f5e5267173dae080354,3223,78.0,37.0,interior,-0.0,-0.0,-0.0,-0.0,-0.0,-0.0
0,0,origin,0.0,e0eea1fec4850c45769a7e5356a2c8b7b3accf289ea84f5e5267173dae080354,3224,79.0,37.0,interior,-0.0,-0.0,-0.0,-0.0,-0.0,-0.0
0,0,origin,0.0,e0eea1fec4850c45769a7e5356a2c8b7b3accf289ea84f5e5267173dae080354,3225,80.0,37.0,physical_only,-0.0,-0.0,-0.0,-0.0,-0.0,-0.0
0,0,origin,0.0,e0eea1fec4850c45769a7e5356a2c8b7b3accf289ea84f5e5267173dae080354,3292,62.0,38.0,physical_only,-0.0,-0.0,-0.0,-0.0,-0.0,-0.0
0,0,origin,0.0,e0eea1fec4850c45769a7e5356a2c8b7b3accf289ea84f5e5267173dae080354,3293,63.0,38.0,interior,-0.0,-0.0,-0.0,-0.0,-0.0,-0.0
0,0,origin,0.0,e0eea1fec4850c45769a7e5356a2c8b7b3accf289ea84f5e5267173dae080354,3294,64.0,38.0,interior,-0.0,-0.0,-0.0,-0.0,-0.0,-0.0
0,0,origin,0.0,e0eea1fec4850c45769a7e5356a2c8b7b3accf289ea84f5e5267173dae080354,3295,65.0,38.0,interior,-0.0,-0.0,-0.0,-0.0,-0.0,-0.0
0,0,origin,0.0,e0eea1fec4850c45769a7e5356a2c8b7b3accf289ea84f5e5267173dae080354,3296,66.0,38.0,interior,-0.0,-0.0,-0.0,-0.0,-0.0,-0.0
0,0,origin,0.0,e0eea1fec4850c45769a7e5356a2c8b7b3accf289ea84f5e5267173dae080354,3297,67.0,38.0,interior,-0.0,-0.0,-0.0,-0.0,-0.0,-0.0
0,0,origin,0.0,e0eea1fec4850c45769a7e5356a2c8b7b3accf289ea84f5e5267173dae080354,3298,68.0,38.0,interior,-0.0,-0.0,-0.0,-0.0,-0.0,-0.0
0,0,origin,0.0,e0eea1fec4850c45769a7e5356a2c8b7b3accf289ea84f5e5267173dae080354,3299,69.0,38.0,interior,-0.0,-0.0,-0.0,-0.0,-0.0,-0.0
0,0,origin,0.0,e0eea1fec4850c45769a7e5356a2c8b7b3accf289ea84f5e5267173dae080354,3300,70.0,38.0,interior,-0.0,-0.0,-0.0,-0.0,-0.0,-0.0
0,0,origin,0.0,e0eea1fec4850c45769a7e5356a2c8b7b3accf289ea84f5e5267173dae080354,3301,71.0,38.0,interior,-0.0,-0.0,-0.0,-0.0,-0.0,-0.0
0,0,origin,0.0,e0eea1fec4850c45769a7e5356a2c8b7b3accf289ea84f5e5267173dae080354,3302,72.0,38.0,interior,-0.0,-0.0,-0.0,-0.0,-0.0,-0.0
0,0,origin,0.0,e0eea1fec4850c45769a7e5356a2c8b7b3accf289ea84f5e5267173dae080354,3303,73.0,38.0,interior,-0.0,-0.0,-0.0,-0.0,-0.0,-0.0
0,0,origin,0.0,e0eea1fec4850c45769a7e5356a2c8b7b3accf289ea84f5e5267173dae080354,3304,74.0,38.0,interior,-0.0,-0.0,-0.0,-0.0,-0.0,-0.0
0,0,origin,0.0,e0eea1fec4850c45769a7e5356a2c8b7b3accf289ea84f5e5267173dae080354,3305,75.0,38.0,interior,-0.0,-0.0,-0.0,-0.0,-0.0,-0.0
0,0,origin,0.0,e0eea1fec4850c45769a7e5356a2c8b7b3accf289ea84f5e5267173dae080354,3306,76.0,38.0,interior,-0.0,-0.0,-0.0,-0.0,-0.0,-0.0
0,0,origin,0.0,e0eea1fec4850c45769a7e5356a2c8b7b3accf289ea84f5e5267173dae080354,3307,77.0,38.0,interior,-0.0,-0.0,-0.0,-0.0,-0.0,-0.0
0,0,origin,0.0,e0eea1fec4850c45769a7e5356a2c8b7b3accf289ea84f5e5267173dae080354,3308,78.0,38.0,interior,-0.0,-0.0,-0.0,-0.0,-0.0,-0.0
0,0,origin,0.0,e0eea1fec4850c45769a7e5356a2c8b7b3accf289ea84f5e5267173dae080354,3309,79.0,38.0,interior,-0.0,-0.0,-0.0,-0.0,-0.0,-0.0
0,0,origin,0.0,e0eea1fec4850c45769a7e5356a2c8b7b3accf289ea84f5e5267173dae080354,3310,80.0,38.0,physical_only,-0.0,-0.0,-0.0,-0.0,-0.0,-0.0
0,0,origin,0.0,e0eea1fec4850c45769a7e5356a2c8b7b3accf289ea84f5e5267173dae080354,3377,62.0,39.0,physical_only,-0.0,-0.0,-0.0,-0.0,-0.0,-0.0
0,0,origin,0.0,e0eea1fec4850c45769a7e5356a2c8b7b3accf289ea84f5e5267173dae080354,3378,63.0,39.0,interior,-0.0,-0.0,-0.0,-0.0,-0.0,-0.0
0,0,origin,0.0,e0eea1fec4850c45769a7e5356a2c8b7b3accf289ea84f5e5267173dae080354,3379,64.0,39.0,interior,-0.0,-0.0,-0.0,-0.0,-0.0,-0.0
0,0,origin,0.0,e0eea1fec4850c45769a7e5356a2c8b7b3accf289ea84f5e5267173dae080354,3380,65.0,39.0,interior,-0.0,-0.0,-0.0,-0.0,-0.0,-0.0
0,0,origin,0.0,e0eea1fec4850c45769a7e5356a2c8b7b3accf289ea84f5e5267173dae080354,3381,66.0,39.0,interior,-0.0,-0.0,-0.0,-0.0,-0.0,-0.0
0,0,origin,0.0,e0eea1fec4850c45769a7e5356a2c8b7b3accf289ea84f5e5267173dae080354,3382,67.0,39.0,interior,-0.0,-0.0,-0.0,-0.0,-0.0,-0.0
0,0,origin,0.0,e0eea1fec4850c45769a7e5356a2c8b7b3accf289ea84f5e5267173dae080354,3383,68.0,39.0,interior,-0.0,-0.0,-0.0,-0.0,-0.0,-0.0
0,0,origin,0.0,e0eea1fec4850c45769a7e5356a2c8b7b3accf289ea84f5e5267173dae080354,3384,69.0,39.0,interior,-0.0,-0.0,-0.0,-0.0,-0.0,-0.0
0,0,origin,0.0,e0eea1fec4850c45769a7e5356a2c8b7b3accf289ea84f5e5267173dae080354,3385,70.0,39.0,interior,-0.0,-0.0,-0.0,-0.0,-0.0,-0.0
0,0,origin,0.0,e0eea1fec4850c45769a7e5356a2c8b7b3accf289ea84f5e5267173dae080354,3386,71.0,39.0,interior,-0.0,-0.0,-0.0,-0.0,-0.0,-0.0
0,0,origin,0.0,e0eea1fec4850c45769a7e5356a2c8b7b3accf289ea84f5e5267173dae080354,3387,72.0,39.0,interior,-0.0,-0.0,-0.0,-0.0,-0.0,-0.0
0,0,origin,0.0,e0eea1fec4850c45769a7e5356a2c8b7b3accf289ea84f5e5267173dae080354,3388,73.0,39.0,interior,-0.0,-0.0,-0.0,-0.0,-0.0,-0.0
0,0,origin,0.0,e0eea1fec4850c45769a7e5356a2c8b7b3accf289ea84f5e5267173dae080354,3389,74.0,39.0,interior,-0.0,-0.0,-0.0,-0.0,-0.0,-0.0
0,0,origin,0.0,e0eea1fec4850c45769a7e5356a2c8b7b3accf289ea84f5e5267173dae080354,3390,75.0,39.0,interior,-0.0,-0.0,-0.0,-0.0,-0.0,-0.0
0,0,origin,0.0,e0eea1fec4850c45769a7e5356a2c8b7b3accf289ea84f5e5267173dae080354,3391,76.0,39.0,interior,-0.0,-0.0,-0.0,-0.0,-0.0,-0.0
0,0,origin,0.0,e0eea1fec4850c45769a7e5356a2c8b7b3accf289ea84f5e5267173dae080354,3392,77.0,39.0,interior,-0.0,-0.0,-0.0,-0.0,-0.0,-0.0
0,0,origin,0.0,e0eea1fec4850c45769a7e5356a2c8b7b3accf289ea84f5e5267173dae080354,3393,78.0,39.0,interior,-0.0,-0.0,-0.0,-0.0,-0.0,-0.0
0,0,origin,0.0,e0eea1fec4850c45769a7e5356a2c8b7b3accf289ea84f5e5267173dae080354,3394,79.0,39.0,interior,-0.0,-0.0,-0.0,-0.0,-0.0,-0.0
0,0,origin,0.0,e0eea1fec4850c45769a7e5356a2c8b7b3accf289ea84f5e5267173dae080354,3395,80.0,39.0,physical_only,-0.0,-0.0,-0.0,-0.0,-0.0,-0.0
0,0,origin,0.0,e0eea1fec4850c45769a7e5356a2c8b7b3accf289ea84f5e5267173dae080354,3462,62.0,40.0,physical_and_cut,-0.0,-0.0,-0.0,-0.0,-0.0,-0.0
0,0,origin,0.0,e0eea1fec4850c45769a7e5356a2c8b7b3accf289ea84f5e5267173dae080354,3463,63.0,40.0,cut_only,-0.0,-0.0,-0.0,-0.0,-0.0,-0.0
0,0,origin,0.0,e0eea1fec4850c45769a7e5356a2c8b7b3accf289ea84f5e5267173dae080354,3464,64.0,40.0,cut_only,-0.0,-0.0,-0.0,-0.0,-0.0,-0.0
0,0,origin,0.0,e0eea1fec4850c45769a7e5356a2c8b7b3accf289ea84f5e5267173dae080354,3465,65.0,40.0,cut_only,-0.0,-0.0,-0.0,-0.0,-0.0,-0.0
0,0,origin,0.0,e0eea1fec4850c45769a7e5356a2c8b7b3accf289ea84f5e5267173dae080354,3466,66.0,40.0,cut_only,-0.0,-0.0,-0.0,-0.0,-0.0,-0.0
0,0,origin,0.0,e0eea1fec4850c45769a7e5356a2c8b7b3accf289ea84f5e5267173dae080354,3467,67.0,40.0,cut_only,-0.0,-0.0,-0.0,-0.0,-0.0,-0.0
0,0,origin,0.0,e0eea1fec4850c45769a7e5356a2c8b7b3accf289ea84f5e5267173dae080354,3468,68.0,40.0,cut_only,-0.0,-0.0,-0.0,-0.0,-0.0,-0.0
0,0,origin,0.0,e0eea1fec4850c45769a7e5356a2c8b7b3accf289ea84f5e5267173dae080354,3469,69.0,40.0,cut_only,-0.0,-0.0,-0.0,-0.0,-0.0,-0.0
0,0,origin,0.0,e0eea1fec4850c45769a7e5356a2c8b7b3accf289ea84f5e5267173dae080354,3470,70.0,40.0,cut_only,-0.0,-0.0,-0.0,-0.0,-0.0,-0.0
0,0,origin,0.0,e0eea1fec4850c45769a7e5356a2c8b7b3accf289ea84f5e5267173dae080354,3471,71.0,40.0,cut_only,-0.0,-0.0,-0.0,-0.0,-0.0,-0.0
0,0,origin,0.0,e0eea1fec4850c45769a7e5356a2c8b7b3accf289ea84f5e5267173dae080354,3472,72.0,40.0,cut_only,-0.0,-0.0,-0.0,-0.0,-0.0,-0.0
0,0,origin,0.0,e0eea1fec4850c45769a7e5356a2c8b7b3accf289ea84f5e5267173dae080354,3473,73.0,40.0,cut_only,-0.0,-0.0,-0.0,-0.0,-0.0,-0.0
0,0,origin,0.0,e0eea1fec4850c45769a7e5356a2c8b7b3accf289ea84f5e5267173dae080354,3474,74.0,40.0,cut_only,-0.0,-0.0,-0.0,-0.0,-0.0,-0.0
0,0,origin,0.0,e0eea1fec4850c45769a7e5356a2c8b7b3accf289ea84f5e5267173dae080354,3475,75.0,40.0,cut_only,-0.0,-0.0,-0.0,-0.0,-0.0,-0.0
0,0,origin,0.0,e0eea1fec4850c45769a7e5356a2c8b7b3accf289ea84f5e5267173dae080354,3476,76.0,40.0,cut_only,-0.0,-0.0,-0.0,-0.0,-0.0,-0.0
0,0,origin,0.0,e0eea1fec4850c45769a7e5356a2c8b7b3accf289ea84f5e5267173dae080354,3477,77.0,40.0,cut_only,-0.0,-0.0,-0.0,-0.0,-0.0,-0.0
0,0,origin,0.0,e0eea1fec4850c45769a7e5356a2c8b7b3accf289ea84f5e5267173dae080354,3478,78.0,40.0,cut_only,-0.0,-0.0,-0.0,-0.0,-0.0,-0.0
0,0,origin,0.0,e0eea1fec4850c45769a7e5356a2c8b7b3accf289ea84f5e5267173dae080354,3479,79.0,40.0,cut_only,-0.0,-0.0,-0.0,-0.0,-0.0,-0.0
0,0,origin,0.0,e0eea1fec4850c45769a7e5356a2c8b7b3accf289ea84f5e5267173dae080354,3480,80.0,40.0,physical_and_cut,-0.0,-0.0,-0.0,-0.0,-0.0,-0.0
1,1,loading,0.25,c2eae2c07b744a3c5bdd6cb33c8073ada411e4df47d925943f36bbdc281baddc,2697,62.0,31.0,physical_only,-0.00011000312393320332,1.5218057798080785e-05,-1.7857630486090249e-06,1.5664510302623072e-06,-0.0001082173608845943,1.3651606767818485e-05
1,1,loading,0.25,c2eae2c07b744a3c5bdd6cb33c8073ada411e4df47d925943f36bbdc281baddc,2698,63.0,31.0,physical_only,-8.297725372860563e-07,-6.144510222605323e-07,-8.274961129447287e-07,1.7027282021404417e-06,-2.2764243413275858e-09,-2.3171792244009706e-06
1,1,loading,0.25,c2eae2c07b744a3c5bdd6cb33c8073ada411e4df47d925943f36bbdc281baddc,2699,64.0,31.0,physical_only,-6.29485486087323e-07,-8.925607652022016e-07,-8.326788515202933e-07,2.0976255273477002e-06,2.031933654329703e-07,-2.9901862925498985e-06
1,1,loading,0.25,c2eae2c07b744a3c5bdd6cb33c8073ada411e4df47d925943f36bbdc281baddc,2700,65.0,31.0,physical_only,-6.531083875810076e-07,-1.1978451646521261e-06,-8.394451829426209e-07,2.5058270496582466e-06,1.8633679536161338e-07,-3.703672214310374e-06
1,1,loading,0.25,c2eae2c07b744a3c5bdd6cb33c8073ada411e4df47d925943f36bbdc281baddc,2701,66.0,31.0,physical_only,-8.102532657303457e-07,-1.2380734737836476e-06,-8.473398200765349e-07,2.931067484643119e-06,3.708655434618932e-08,-4.169140958426768e-06
1,1,loading,0.25,c2eae2c07b744a3c5bdd6cb33c8073ada411e4df47d925943f36bbdc281baddc,2702,67.0,31.0,physical_only,-9.5608923911197e-07,-1.0124667555133797e-06,-8.553859960695379e-07,3.375291192384516e-06,-1.0070324304243207e-07,-4.387757947897896e-06
1,1,loading,0.25,c2eae2c07b744a3c5bdd6cb33c8073ada411e4df47d925943f36bbdc281baddc,2703,68.0,31.0,physical_only,-9.726681386768478e-07,-7.132641689608268e-07,-8.630146974024026e-07,3.838876009084704e-06,-1.0965344127444542e-07,-4.5521401780455355e-06
1,1,loading,0.25,c2eae2c07b744a3c5bdd6cb33c8073ada411e4df47d925943f36bbdc281baddc,2704,69.0,31.0,physical_only,-1.002246723758626e-06,-4.2169538905024496e-07,-8.699938730883329e-07,4.321520852143279e-06,-1.3225285067029333e-07,-4.743216241193522e-06
1,1,loading,0.25,c2eae2c07b744a3c5bdd6cb33c8073ada411e4df47d925943f36bbdc281baddc,2705,70.0,31.0,physical_only,-1.0346141138347064e-06,-8.358836673496358e-08,-8.763535102971068e-07,4.822795875276939e-06,-1.582606035375996e-07,-4.9063842420119164e-06
1,1,loading,0.25,c2eae2c07b744a3c5bdd6cb33c8073ada411e4df47d925943f36bbdc281baddc,2706,71.0,31.0,physical_only,-1.0708037775911771e-06,3.0385597280535863e-07,-8.820428803681976e-07,5.342218949364247e-06,-1.8876089722297944e-07,-5.038362976558873e-06
1,1,loading,0.25,c2eae2c07b744a3c5bdd6cb33c8073ada411e4df47d925943f36bbdc281baddc,2707,72.0,31.0,physical_only,-1.1100775631556216e-06,7.435051801519724e-07,-8.870197354424173e-07,5.879181382790739e-06,-2.2305782771320417e-07,-5.135676202638775e-06
1,1,loading,0.25,c2eae2c07b744a3c5bdd6cb33c8073ada411e4df47d925943f36bbdc281baddc,2708,73.0,31.0,physical_only,-1.1692252635663254e-06,1.2999706600971828e-06,-8.911622907558836e-07,6.432848739005345e-06,-2.7806297281044173e-07,-5.132878078908159e-06
1,1,loading,0.25,c2eae2c07b744a3c5bdd6cb33c8073ada411e4df47d925943f36bbdc281baddc,2709,74.0,31.0,physical_only,-1.0715289584784127e-06,1.9079467705024176e-06,-8.945388907501233e-07,7.002234471946045e-06,-1.7699006772828947e-07,-5.094287701443631e-06
1,1,loading,0.25,c2eae2c07b744a3c5bdd6cb33c8073ada411e4df47d925943f36bbdc281baddc,2710,75.0,31.0,physical_only,-8.727933829300585e-07,2.314668339994762e-06,-8.974926275845147e-07,7.58668881703907e-06,2.469924465445597e-08,-5.2720204770443084e-06
1,1,loading,0.25,c2eae2c07b744a3c5bdd6cb33c8073ada411e4df47d925943f36bbdc281baddc,2711,76.0,31.0,physical_only,-6.447529429651876e-07,2.287056926443296e-06,-9.008720029521893e-07,8.186934766840205e-06,2.561190599870016e-07,-5.899877840396896e-06
1,1,loading,0.25,c2eae2c07b744a3c5bdd6cb33c8073ada411e4df47d925943f36bbdc281baddc,2712,77.0,31.0,physical_only,-6.465722121938781e-07,2.155489563302409e-06,-9.051596003872914e-07,8.805360110466137e-06,2.5858738819341366e-07,-6.649870547163731e-06
1,1,loading,0.25,c2eae2c07b744a3c5bdd6cb33c8073ada411e4df47d925943f36bbdc281baddc,2713,78.0,31.0,physical_only,-7.054008205479983e-07,2.141359715825383e-06,-9.103842987432701e-07,9.444855511002414e-06,2.0498347819527205e-07,-7.303495795177043e-06
1,1,loading,0.25,c2eae2c07b744a3c5bdd6cb33c8073ada411e4df47d925943f36bbdc281baddc,2714,79.0,31.0,physical_only,-7.85794079343124e-07,2.368333630868783e-06,-9.161193597448122e-07,1.0107783217188296e-05,1.3032528040168818e-07,-7.739449586319523e-06
1,1,loading,0.25,c2eae2c07b744a3c5bdd6cb33c8073ada411e4df47d925943f36bbdc281baddc,2715,80.0,31.0,physical_only,-2.0622684544764538e-06,0.00017022318532530529,-5.375350964027198e-07,1.0564333131793744e-05,-1.5247333580737345e-06,0.00015965885219351153
1,1,loading,0.25,c2eae2c07b744a3c5bdd6cb33c8073ada411e4df47d925943f36bbdc281baddc,2782,62.0,32.0,physical_only,-2.6795204324144777e-06,-6.838021238790058e-07,-1.2116223161395246e-06,6.480305052227294e-08,-1.4678981162749527e-06,-7.486051744012789e-07
1,1,loading,0.25,c2eae2c07b744a3c5bdd6cb33c8073ada411e4df47d925943f36bbdc281baddc,2783,63.0,32.0,interior,-0.0,-0.0,-0.0,-0.0,-0.0,-0.0
1,1,loading,0.25,c2eae2c07b744a3c5bdd6cb33c8073ada411e4df47d925943f36bbdc281baddc,2784,64.0,32.0,interior,-0.0,-0.0,-0.0,-0.0,-0.0,-0.0
1,1,loading,0.25,c2eae2c07b744a3c5bdd6cb33c8073ada411e4df47d925943f36bbdc281baddc,2785,65.0,32.0,interior,-0.0,-0.0,-0.0,-0.0,-0.0,-0.0
1,1,loading,0.25,c2eae2c07b744a3c5bdd6cb33c8073ada411e4df47d925943f36bbdc281baddc,2786,66.0,32.0,interior,-0.0,-0.0,-0.0,-0.0,-0.0,-0.0
1,1,loading,0.25,c2eae2c07b744a3c5bdd6cb33c8073ada411e4df47d925943f36bbdc281baddc,2787,67.0,32.0,interior,-0.0,-0.0,-0.0,-0.0,-0.0,-0.0
1,1,loading,0.25,c2eae2c07b744a3c5bdd6cb33c8073ada411e4df47d925943f36bbdc281baddc,2788,68.0,32.0,interior,-0.0,-0.0,-0.0,-0.0,-0.0,-0.0
1,1,loading,0.25,c2eae2c07b744a3c5bdd6cb33c8073ada411e4df47d925943f36bbdc281baddc,2789,69.0,32.0,interior,-0.0,-0.0,-0.0,-0.0,-0.0,-0.0
1,1,loading,0.25,c2eae2c07b744a3c5bdd6cb33c8073ada411e4df47d925943f36bbdc281baddc,2790,70.0,32.0,interior,-0.0,-0.0,-0.0,-0.0,-0.0,-0.0
1,1,loading,0.25,c2eae2c07b744a3c5bdd6cb33c8073ada411e4df47d925943f36bbdc281baddc,2791,71.0,32.0,interior,-0.0,-0.0,-0.0,-0.0,-0.0,-0.0
1,1,loading,0.25,c2eae2c07b744a3c5bdd6cb33c8073ada411e4df47d925943f36bbdc281baddc,2792,72.0,32.0,interior,-0.0,-0.0,-0.0,-0.0,-0.0,-0.0
1,1,loading,0.25,c2eae2c07b744a3c5bdd6cb33c8073ada411e4df47d925943f36bbdc281baddc,2793,73.0,32.0,interior,-0.0,-0.0,-0.0,-0.0,-0.0,-0.0
1,1,loading,0.25,c2eae2c07b744a3c5bdd6cb33c8073ada411e4df47d925943f36bbdc281baddc,2794,74.0,32.0,interior,-0.0,-0.0,-0.0,-0.0,-0.0,-0.0
1,1,loading,0.25,c2eae2c07b744a3c5bdd6cb33c8073ada411e4df47d925943f36bbdc281baddc,2795,75.0,32.0,interior,-0.0,-0.0,-0.0,-0.0,-0.0,-0.0
1,1,loading,0.25,c2eae2c07b744a3c5bdd6cb33c8073ada411e4df47d925943f36bbdc281baddc,2796,76.0,32.0,interior,-0.0,-0.0,-0.0,-0.0,-0.0,-0.0
1,1,loading,0.25,c2eae2c07b744a3c5bdd6cb33c8073ada411e4df47d925943f36bbdc281baddc,2797,77.0,32.0,interior,-0.0,-0.0,-0.0,-0.0,-0.0,-0.0
1,1,loading,0.25,c2eae2c07b744a3c5bdd6cb33c8073ada411e4df47d925943f36bbdc281baddc,2798,78.0,32.0,interior,-0.0,-0.0,-0.0,-0.0,-0.0,-0.0
1,1,loading,0.25,c2eae2c07b744a3c5bdd6cb33c8073ada411e4df47d925943f36bbdc281baddc,2799,79.0,32.0,interior,-0.0,-0.0,-0.0,-0.0,-0.0,-0.0
1,1,loading,0.25,c2eae2c07b744a3c5bdd6cb33c8073ada411e4df47d925943f36bbdc281baddc,2800,80.0,32.0,physical_only,2.080173534235242e-09,-2.575944220360986e-08,2.1543140486390926e-07,6.281459441940644e-09,-2.1335123132967407e-07,-3.204090164555049e-08
1,1,loading,0.25,c2eae2c07b744a3c5bdd6cb33c8073ada411e4df47d925943f36bbdc281baddc,2867,62.0,33.0,physical_only,-2.0110723936234423e-06,-4.817763482917196e-07,-1.2613865780417337e-06,5.096667754154522e-08,-7.49685815581708e-07,-5.327430258332648e-07
1,1,loading,0.25,c2eae2c07b744a3c5bdd6cb33c8073ada411e4df47d925943f36bbdc281baddc,2868,63.0,33.0,interior,-0.0,-0.0,-0.0,-0.0,-0.0,-0.0
1,1,loading,0.25,c2eae2c07b744a3c5bdd6cb33c8073ada411e4df47d925943f36bbdc281baddc,2869,64.0,33.0,interior,-0.0,-0.0,-0.0,-0.0,-0.0,-0.0
1,1,loading,0.25,c2eae2c07b744a3c5bdd6cb33c8073ada411e4df47d925943f36bbdc281baddc,2870,65.0,33.0,interior,-0.0,-0.0,-0.0,-0.0,-0.0,-0.0
1,1,loading,0.25,c2eae2c07b744a3c5bdd6cb33c8073ada411e4df47d925943f36bbdc281baddc,2871,66.0,33.0,interior,-0.0,-0.0,-0.0,-0.0,-0.0,-0.0
1,1,loading,0.25,c2eae2c07b744a3c5bdd6cb33c8073ada411e4df47d925943f36bbdc281baddc,2872,67.0,33.0,interior,-0.0,-0.0,-0.0,-0.0,-0.0,-0.0
1,1,loading,0.25,c2eae2c07b744a3c5bdd6cb33c8073ada411e4df47d925943f36bbdc281baddc,2873,68.0,33.0,interior,-0.0,-0.0,-0.0,-0.0,-0.0,-0.0
1,1,loading,0.25,c2eae2c07b744a3c5bdd6cb33c8073ada411e4df47d925943f36bbdc281baddc,2874,69.0,33.0,interior,-0.0,-0.0,-0.0,-0.0,-0.0,-0.0
1,1,loading,0.25,c2eae2c07b744a3c5bdd6cb33c8073ada411e4df47d925943f36bbdc281baddc,2875,70.0,33.0,interior,-0.0,-0.0,-0.0,-0.0,-0.0,-0.0
1,1,loading,0.25,c2eae2c07b744a3c5bdd6cb33c8073ada411e4df47d925943f36bbdc281baddc,2876,71.0,33.0,interior,-0.0,-0.0,-0.0,-0.0,-0.0,-0.0
1,1,loading,0.25,c2eae2c07b744a3c5bdd6cb33c8073ada411e4df47d925943f36bbdc281baddc,2877,72.0,33.0,interior,-0.0,-0.0,-0.0,-0.0,-0.0,-0.0
1,1,loading,0.25,c2eae2c07b744a3c5bdd6cb33c8073ada411e4df47d925943f36bbdc281baddc,2878,73.0,33.0,interior,-0.0,-0.0,-0.0,-0.0,-0.0,-0.0
1,1,loading,0.25,c2eae2c07b744a3c5bdd6cb33c8073ada411e4df47d925943f36bbdc281baddc,2879,74.0,33.0,interior,-0.0,-0.0,-0.0,-0.0,-0.0,-0.0
1,1,loading,0.25,c2eae2c07b744a3c5bdd6cb33c8073ada411e4df47d925943f36bbdc281baddc,2880,75.0,33.0,interior,-0.0,-0.0,-0.0,-0.0,-0.0,-0.0
1,1,loading,0.25,c2eae2c07b744a3c5bdd6cb33c8073ada411e4df47d925943f36bbdc281baddc,2881,76.0,33.0,interior,-0.0,-0.0,-0.0,-0.0,-0.0,-0.0
1,1,loading,0.25,c2eae2c07b744a3c5bdd6cb33c8073ada411e4df47d925943f36bbdc281baddc,2882,77.0,33.0,interior,-0.0,-0.0,-0.0,-0.0,-0.0,-0.0
1,1,loading,0.25,c2eae2c07b744a3c5bdd6cb33c8073ada411e4df47d925943f36bbdc281baddc,2883,78.0,33.0,interior,-0.0,-0.0,-0.0,-0.0,-0.0,-0.0
1,1,loading,0.25,c2eae2c07b744a3c5bdd6cb33c8073ada411e4df47d925943f36bbdc281baddc,2884,79.0,33.0,interior,-0.0,-0.0,-0.0,-0.0,-0.0,-0.0
1,1,loading,0.25,c2eae2c07b744a3c5bdd6cb33c8073ada411e4df47d925943f36bbdc281baddc,2885,80.0,33.0,physical_only,1.761246931483989e-09,-2.1880296208874245e-08,2.0034706898647804e-07,5.406623430331356e-09,-1.9858582205499374e-07,-2.72869196392056e-08
1,1,loading,0.25,c2eae2c07b744a3c5bdd6cb33c8073ada411e4df47d925943f36bbdc281baddc,2952,62.0,34.0,physical_only,-1.6980733890602063e-06,-2.331681449620846e-07,-1.2990452130750668e-06,4.1691217364109784e-08,-3.990281759851397e-07,-2.748593623261946e-07
1,1,loading,0.25,c2eae2c07b744a3c5bdd6cb33c8073ada411e4df47d925943f36bbdc281baddc,2953,63.0,34.0,interior,-0.0,-0.0,-0.0,-0.0,-0.0,-0.0
1,1,loading,0.25,c2eae2c07b744a3c5bdd6cb33c8073ada411e4df47d925943f36bbdc281baddc,2954,64.0,34.0,interior,-0.0,-0.0,-0.0,-0.0,-0.0,-0.0
1,1,loading,0.25,c2eae2c07b744a3c5bdd6cb33c8073ada411e4df47d925943f36bbdc281baddc,2955,65.0,34.0,interior,-0.0,-0.0,-0.0,-0.0,-0.0,-0.0
1,1,loading,0.25,c2eae2c07b744a3c5bdd6cb33c8073ada411e4df47d925943f36bbdc281baddc,2956,66.0,34.0,interior,-0.0,-0.0,-0.0,-0.0,-0.0,-0.0
1,1,loading,0.25,c2eae2c07b744a3c5bdd6cb33c8073ada411e4df47d925943f36bbdc281baddc,2957,67.0,34.0,interior,-0.0,-0.0,-0.0,-0.0,-0.0,-0.0
1,1,loading,0.25,c2eae2c07b744a3c5bdd6cb33c8073ada411e4df47d925943f36bbdc281baddc,2958,68.0,34.0,interior,-0.0,-0.0,-0.0,-0.0,-0.0,-0.0
1,1,loading,0.25,c2eae2c07b744a3c5bdd6cb33c8073ada411e4df47d925943f36bbdc281baddc,2959,69.0,34.0,interior,-0.0,-0.0,-0.0,-0.0,-0.0,-0.0
1,1,loading,0.25,c2eae2c07b744a3c5bdd6cb33c8073ada411e4df47d925943f36bbdc281baddc,2960,70.0,34.0,interior,-0.0,-0.0,-0.0,-0.0,-0.0,-0.0
1,1,loading,0.25,c2eae2c07b744a3c5bdd6cb33c8073ada411e4df47d925943f36bbdc281baddc,2961,71.0,34.0,interior,-0.0,-0.0,-0.0,-0.0,-0.0,-0.0
1,1,loading,0.25,c2eae2c07b744a3c5bdd6cb33c8073ada411e4df47d925943f36bbdc281baddc,2962,72.0,34.0,interior,-0.0,-0.0,-0.0,-0.0,-0.0,-0.0
1,1,loading,0.25,c2eae2c07b744a3c5bdd6cb33c8073ada411e4df47d925943f36bbdc281baddc,2963,73.0,34.0,interior,-0.0,-0.0,-0.0,-0.0,-0.0,-0.0
1,1,loading,0.25,c2eae2c07b744a3c5bdd6cb33c8073ada411e4df47d925943f36bbdc281baddc,2964,74.0,34.0,interior,-0.0,-0.0,-0.0,-0.0,-0.0,-0.0
1,1,loading,0.25,c2eae2c07b744a3c5bdd6cb33c8073ada411e4df47d925943f36bbdc281baddc,2965,75.0,34.0,interior,-0.0,-0.0,-0.0,-0.0,-0.0,-0.0
1,1,loading,0.25,c2eae2c07b744a3c5bdd6cb33c8073ada411e4df47d925943f36bbdc281baddc,2966,76.0,34.0,interior,-0.0,-0.0,-0.0,-0.0,-0.0,-0.0
1,1,loading,0.25,c2eae2c07b744a3c5bdd6cb33c8073ada411e4df47d925943f36bbdc281baddc,2967,77.0,34.0,interior,-0.0,-0.0,-0.0,-0.0,-0.0,-0.0
1,1,loading,0.25,c2eae2c07b744a3c5bdd6cb33c8073ada411e4df47d925943f36bbdc281baddc,2968,78.0,34.0,interior,-0.0,-0.0,-0.0,-0.0,-0.0,-0.0
1,1,loading,0.25,c2eae2c07b744a3c5bdd6cb33c8073ada411e4df47d925943f36bbdc281baddc,2969,79.0,34.0,interior,-0.0,-0.0,-0.0,-0.0,-0.0,-0.0
1,1,loading,0.25,c2eae2c07b744a3c5bdd6cb33c8073ada411e4df47d925943f36bbdc281baddc,2970,80.0,34.0,physical_only,1.4970271837104568e-09,-1.8274837141723635e-08,1.876297030725421e-07,4.568639099054925e-09,-1.8613267588883185e-07,-2.284347624077856e-08
1,1,loading,0.25,c2eae2c07b744a3c5bdd6cb33c8073ada411e4df47d925943f36bbdc281baddc,3037,62.0,35.0,physical_only,-1.6202888231611836e-06,-3.241311286259021e-08,-1.3295736072099117e-06,3.478312894499767e-08,-2.9071521595127163e-07,-6.719624180758767e-08
1,1,loading,0.25,c2eae2c07b744a3c5bdd6cb33c8073ada411e4df47d925943f36bbdc281baddc,3038,63.0,35.0,interior,-0.0,-0.0,-0.0,-0.0,-0.0,-0.0
1,1,loading,0.25,c2eae2c07b744a3c5bdd6cb33c8073ada411e4df47d925943f36bbdc281baddc,3039,64.0,35.0,interior,-0.0,-0.0,-0.0,-0.0,-0.0,-0.0
1,1,loading,0.25,c2eae2c07b744a3c5bdd6cb33c8073ada411e4df47d925943f36bbdc281baddc,3040,65.0,35.0,interior,-0.0,-0.0,-0.0,-0.0,-0.0,-0.0
1,1,loading,0.25,c2eae2c07b744a3c5bdd6cb33c8073ada411e4df47d925943f36bbdc281baddc,3041,66.0,35.0,interior,-0.0,-0.0,-0.0,-0.0,-0.0,-0.0
1,1,loading,0.25,c2eae2c07b744a3c5bdd6cb33c8073ada411e4df47d925943f36bbdc281baddc,3042,67.0,35.0,interior,-0.0,-0.0,-0.0,-0.0,-0.0,-0.0
1,1,loading,0.25,c2eae2c07b744a3c5bdd6cb33c8073ada411e4df47d925943f36bbdc281baddc,3043,68.0,35.0,interior,-0.0,-0.0,-0.0,-0.0,-0.0,-0.0
1,1,loading,0.25,c2eae2c07b744a3c5bdd6cb33c8073ada411e4df47d925943f36bbdc281baddc,3044,69.0,35.0,interior,-0.0,-0.0,-0.0,-0.0,-0.0,-0.0
1,1,loading,0.25,c2eae2c07b744a3c5bdd6cb33c8073ada411e4df47d925943f36bbdc281baddc,3045,70.0,35.0,interior,-0.0,-0.0,-0.0,-0.0,-0.0,-0.0
1,1,loading,0.25,c2eae2c07b744a3c5bdd6cb33c8073ada411e4df47d925943f36bbdc281baddc,3046,71.0,35.0,interior,-0.0,-0.0,-0.0,-0.0,-0.0,-0.0
1,1,loading,0.25,c2eae2c07b744a3c5bdd6cb33c8073ada411e4df47d925943f36bbdc281baddc,3047,72.0,35.0,interior,-0.0,-0.0,-0.0,-0.0,-0.0,-0.0
1,1,loading,0.25,c2eae2c07b744a3c5bdd6cb33c8073ada411e4df47d925943f36bbdc281baddc,3048,73.0,35.0,interior,-0.0,-0.0,-0.0,-0.0,-0.0,-0.0
1,1,loading,0.25,c2eae2c07b744a3c5bdd6cb33c8073ada411e4df47d925943f36bbdc281baddc,3049,74.0,35.0,interior,-0.0,-0.0,-0.0,-0.0,-0.0,-0.0
1,1,loading,0.25,c2eae2c07b744a3c5bdd6cb33c8073ada411e4df47d925943f36bbdc281baddc,3050,75.0,35.0,interior,-0.0,-0.0,-0.0,-0.0,-0.0,-0.0
1,1,loading,0.25,c2eae2c07b744a3c5bdd6cb33c8073ada411e4df47d925943f36bbdc281baddc,3051,76.0,35.0,interior,-0.0,-0.0,-0.0,-0.0,-0.0,-0.0
1,1,loading,0.25,c2eae2c07b744a3c5bdd6cb33c8073ada411e4df47d925943f36bbdc281baddc,3052,77.0,35.0,interior,-0.0,-0.0,-0.0,-0.0,-0.0,-0.0
1,1,loading,0.25,c2eae2c07b744a3c5bdd6cb33c8073ada411e4df47d925943f36bbdc281baddc,3053,78.0,35.0,interior,-0.0,-0.0,-0.0,-0.0,-0.0,-0.0
1,1,loading,0.25,c2eae2c07b744a3c5bdd6cb33c8073ada411e4df47d925943f36bbdc281baddc,3054,79.0,35.0,interior,-0.0,-0.0,-0.0,-0.0,-0.0,-0.0
1,1,loading,0.25,c2eae2c07b744a3c5bdd6cb33c8073ada411e4df47d925943f36bbdc281baddc,3055,80.0,35.0,physical_only,1.2819578840243326e-09,-1.4896692733687365e-08,1.7712197904606606e-07,3.761525147650133e-09,-1.7584002116204163e-07,-1.8658217881337438e-08
1,1,loading,0.25,c2eae2c07b744a3c5bdd6cb33c8073ada411e4df47d925943f36bbdc281baddc,3122,62.0,36.0,physical_only,-1.6704539181442792e-06,7.601061049051037e-08,-1.3550408916907015e-06,2.8608845423170866e-08,-3.154130264535777e-07,4.740176506733945e-08
1,1,loading,0.25,c2eae2c07b744a3c5bdd6cb33c8073ada411e4df47d925943f36bbdc281baddc,3123,63.0,36.0,interior,-0.0,-0.0,-0.0,-0.0,-0.0,-0.0
1,1,loading,0.25,c2eae2c07b744a3c5bdd6cb33c8073ada411e4df47d925943f36bbdc281baddc,3124,64.0,36.0,interior,-0.0,-0.0,-0.0,-0.0,-0.0,-0.0
1,1,loading,0.25,c2eae2c07b744a3c5bdd6cb33c8073ada411e4df47d925943f36bbdc281baddc,3125,65.0,36.0,interior,-0.0,-0.0,-0.0,-0.0,-0.0,-0.0
1,1,loading,0.25,c2eae2c07b744a3c5bdd6cb33c8073ada411e4df47d925943f36bbdc281baddc,3126,66.0,36.0,interior,-0.0,-0.0,-0.0,-0.0,-0.0,-0.0
1,1,loading,0.25,c2eae2c07b744a3c5bdd6cb33c8073ada411e4df47d925943f36bbdc281baddc,3127,67.0,36.0,interior,-0.0,-0.0,-0.0,-0.0,-0.0,-0.0
1,1,loading,0.25,c2eae2c07b744a3c5bdd6cb33c8073ada411e4df47d925943f36bbdc281baddc,3128,68.0,36.0,interior,-0.0,-0.0,-0.0,-0.0,-0.0,-0.0
1,1,loading,0.25,c2eae2c07b744a3c5bdd6cb33c8073ada411e4df47d925943f36bbdc281baddc,3129,69.0,36.0,interior,-0.0,-0.0,-0.0,-0.0,-0.0,-0.0
1,1,loading,0.25,c2eae2c07b744a3c5bdd6cb33c8073ada411e4df47d925943f36bbdc281baddc,3130,70.0,36.0,interior,-0.0,-0.0,-0.0,-0.0,-0.0,-0.0
1,1,loading,0.25,c2eae2c07b744a3c5bdd6cb33c8073ada411e4df47d925943f36bbdc281baddc,3131,71.0,36.0,interior,-0.0,-0.0,-0.0,-0.0,-0.0,-0.0
1,1,loading,0.25,c2eae2c07b744a3c5bdd6cb33c8073ada411e4df47d925943f36bbdc281baddc,3132,72.0,36.0,interior,-0.0,-0.0,-0.0,-0.0,-0.0,-0.0
1,1,loading,0.25,c2eae2c07b744a3c5bdd6cb33c8073ada411e4df47d925943f36bbdc281baddc,3133,73.0,36.0,interior,-0.0,-0.0,-0.0,-0.0,-0.0,-0.0
1,1,loading,0.25,c2eae2c07b744a3c5bdd6cb33c8073ada411e4df47d925943f36bbdc281baddc,3134,74.0,36.0,interior,-0.0,-0.0,-0.0,-0.0,-0.0,-0.0
1,1,loading,0.25,c2eae2c07b744a3c5bdd6cb33c8073ada411e4df47d925943f36bbdc281baddc,3135,75.0,36.0,interior,-0.0,-0.0,-0.0,-0.0,-0.0,-0.0
1,1,loading,0.25,c2eae2c07b744a3c5bdd6cb33c8073ada411e4df47d925943f36bbdc281baddc,3136,76.0,36.0,interior,-0.0,-0.0,-0.0,-0.0,-0.0,-0.0
1,1,loading,0.25,c2eae2c07b744a3c5bdd6cb33c8073ada411e4df47d925943f36bbdc281baddc,3137,77.0,36.0,interior,-0.0,-0.0,-0.0,-0.0,-0.0,-0.0
1,1,loading,0.25,c2eae2c07b744a3c5bdd6cb33c8073ada411e4df47d925943f36bbdc281baddc,3138,78.0,36.0,interior,-0.0,-0.0,-0.0,-0.0,-0.0,-0.0
1,1,loading,0.25,c2eae2c07b744a3c5bdd6cb33c8073ada411e4df47d925943f36bbdc281baddc,3139,79.0,36.0,interior,-0.0,-0.0,-0.0,-0.0,-0.0,-0.0
1,1,loading,0.25,c2eae2c07b744a3c5bdd6cb33c8073ada411e4df47d925943f36bbdc281baddc,3140,80.0,36.0,physical_only,1.1116032539127698e-09,-1.1702990562791321e-08,1.6869457925424324e-07,2.9796413575394815e-09,-1.6758297600033052e-07,-1.4682631920330822e-08
1,1,loading,0.25,c2eae2c07b744a3c5bdd6cb33c8073ada411e4df47d925943f36bbdc281baddc,3207,62.0,37.0,physical_only,-1.7567442453321567e-06,1.081245325711032e-07,-1.3757482747282084e-06,2.2208133196503956e-08,-3.809959706039483e-07,8.591639937459924e-08
1,1,loading,0.25,c2eae2c07b744a3c5bdd6cb33c8073ada411e4df47d925943f36bbdc281baddc,3208,63.0,37.0,interior,-0.0,-0.0,-0.0,-0.0,-0.0,-0.0
1,1,loading,0.25,c2eae2c07b744a3c5bdd6cb33c8073ada411e4df47d925943f36bbdc281baddc,3209,64.0,37.0,interior,-0.0,-0.0,-0.0,-0.0,-0.0,-0.0
1,1,loading,0.25,c2eae2c07b744a3c5bdd6cb33c8073ada411e4df47d925943f36bbdc281baddc,3210,65.0,37.0,interior,-0.0,-0.0,-0.0,-0.0,-0.0,-0.0
1,1,loading,0.25,c2eae2c07b744a3c5bdd6cb33c8073ada411e4df47d925943f36bbdc281baddc,3211,66.0,37.0,interior,-0.0,-0.0,-0.0,-0.0,-0.0,-0.0
1,1,loading,0.25,c2eae2c07b744a3c5bdd6cb33c8073ada411e4df47d925943f36bbdc281baddc,3212,67.0,37.0,interior,-0.0,-0.0,-0.0,-0.0,-0.0,-0.0
1,1,loading,0.25,c2eae2c07b744a3c5bdd6cb33c8073ada411e4df47d925943f36bbdc281baddc,3213,68.0,37.0,interior,-0.0,-0.0,-0.0,-0.0,-0.0,-0.0
1,1,loading,0.25,c2eae2c07b744a3c5bdd6cb33c8073ada411e4df47d925943f36bbdc281baddc,3214,69.0,37.0,interior,-0.0,-0.0,-0.0,-0.0,-0.0,-0.0
1,1,loading,0.25,c2eae2c07b744a3c5bdd6cb33c8073ada411e4df47d925943f36bbdc281baddc,3215,70.0,37.0,interior,-0.0,-0.0,-0.0,-0.0,-0.0,-0.0
1,1,loading,0.25,c2eae2c07b744a3c5bdd6cb33c8073ada411e4df47d925943f36bbdc281baddc,3216,71.0,37.0,interior,-0.0,-0.0,-0.0,-0.0,-0.0,-0.0
1,1,loading,0.25,c2eae2c07b744a3c5bdd6cb33c8073ada411e4df47d925943f36bbdc281baddc,3217,72.0,37.0,interior,-0.0,-0.0,-0.0,-0.0,-0.0,-0.0
1,1,loading,0.25,c2eae2c07b744a3c5bdd6cb33c8073ada411e4df47d925943f36bbdc281baddc,3218,73.0,37.0,interior,-0.0,-0.0,-0.0,-0.0,-0.0,-0.0
1,1,loading,0.25,c2eae2c07b744a3c5bdd6cb33c8073ada411e4df47d925943f36bbdc281baddc,3219,74.0,37.0,interior,-0.0,-0.0,-0.0,-0.0,-0.0,-0.0
1,1,loading,0.25,c2eae2c07b744a3c5bdd6cb33c8073ada411e4df47d925943f36bbdc281baddc,3220,75.0,37.0,interior,-0.0,-0.0,-0.0,-0.0,-0.0,-0.0
1,1,loading,0.25,c2eae2c07b744a3c5bdd6cb33c8073ada411e4df47d925943f36bbdc281baddc,3221,76.0,37.0,interior,-0.0,-0.0,-0.0,-0.0,-0.0,-0.0
1,1,loading,0.25,c2eae2c07b744a3c5bdd6cb33c8073ada411e4df47d925943f36bbdc281baddc,3222,77.0,37.0,interior,-0.0,-0.0,-0.0,-0.0,-0.0,-0.0
1,1,loading,0.25,c2eae2c07b744a3c5bdd6cb33c8073ada411e4df47d925943f36bbdc281baddc,3223,78.0,37.0,interior,-0.0,-0.0,-0.0,-0.0,-0.0,-0.0
1,1,loading,0.25,c2eae2c07b744a3c5bdd6cb33c8073ada411e4df47d925943f36bbdc281baddc,3224,79.0,37.0,interior,-0.0,-0.0,-0.0,-0.0,-0.0,-0.0
1,1,loading,0.25,c2eae2c07b744a3c5bdd6cb33c8073ada411e4df47d925943f36bbdc281baddc,3225,80.0,37.0,physical_only,9.825056271850501e-10,-8.65365343274567e-09,1.6224422681453635e-07,2.2176230712671248e-09,-1.6126172118735125e-07,-1.0871276504012781e-08
1,1,loading,0.25,c2eae2c07b744a3c5bdd6cb33c8073ada411e4df47d925943f36bbdc281baddc,3292,62.0,38.0,physical_only,-1.8323243950430012e-06,9.084498752598615e-08,-1.3912017896766287e-06,1.5247263666258016e-08,-4.411226053663727e-07,7.559772385972813e-08
1,1,loading,0.25,c2eae2c07b744a3c5bdd6cb33c8073ada411e4df47d925943f36bbdc281baddc,3293,63.0,38.0,interior,-0.0,-0.0,-0.0,-0.0,-0.0,-0.0
1,1,loading,0.25,c2eae2c07b744a3c5bdd6cb33c8073ada411e4df47d925943f36bbdc281baddc,3294,64.0,38.0,interior,-0.0,-0.0,-0.0,-0.0,-0.0,-0.0
1,1,loading,0.25,c2eae2c07b744a3c5bdd6cb33c8073ada411e4df47d925943f36bbdc281baddc,3295,65.0,38.0,interior,-0.0,-0.0,-0.0,-0.0,-0.0,-0.0
1,1,loading,0.25,c2eae2c07b744a3c5bdd6cb33c8073ada411e4df47d925943f36bbdc281baddc,3296,66.0,38.0,interior,-0.0,-0.0,-0.0,-0.0,-0.0,-0.0
1,1,loading,0.25,c2eae2c07b744a3c5bdd6cb33c8073ada411e4df47d925943f36bbdc281baddc,3297,67.0,38.0,interior,-0.0,-0.0,-0.0,-0.0,-0.0,-0.0
1,1,loading,0.25,c2eae2c07b744a3c5bdd6cb33c8073ada411e4df47d925943f36bbdc281baddc,3298,68.0,38.0,interior,-0.0,-0.0,-0.0,-0.0,-0.0,-0.0
1,1,loading,0.25,c2eae2c07b744a3c5bdd6cb33c8073ada411e4df47d925943f36bbdc281baddc,3299,69.0,38.0,interior,-0.0,-0.0,-0.0,-0.0,-0.0,-0.0
1,1,loading,0.25,c2eae2c07b744a3c5bdd6cb33c8073ada411e4df47d925943f36bbdc281baddc,3300,70.0,38.0,interior,-0.0,-0.0,-0.0,-0.0,-0.0,-0.0
1,1,loading,0.25,c2eae2c07b744a3c5bdd6cb33c8073ada411e4df47d925943f36bbdc281baddc,3301,71.0,38.0,interior,-0.0,-0.0,-0.0,-0.0,-0.0,-0.0
1,1,loading,0.25,c2eae2c07b744a3c5bdd6cb33c8073ada411e4df47d925943f36bbdc281baddc,3302,72.0,38.0,interior,-0.0,-0.0,-0.0,-0.0,-0.0,-0.0
1,1,loading,0.25,c2eae2c07b744a3c5bdd6cb33c8073ada411e4df47d925943f36bbdc281baddc,3303,73.0,38.0,interior,-0.0,-0.0,-0.0,-0.0,-0.0,-0.0
1,1,loading,0.25,c2eae2c07b744a3c5bdd6cb33c8073ada411e4df47d925943f36bbdc281baddc,3304,74.0,38.0,interior,-0.0,-0.0,-0.0,-0.0,-0.0,-0.0
1,1,loading,0.25,c2eae2c07b744a3c5bdd6cb33c8073ada411e4df47d925943f36bbdc281baddc,3305,75.0,38.0,interior,-0.0,-0.0,-0.0,-0.0,-0.0,-0.0
1,1,loading,0.25,c2eae2c07b744a3c5bdd6cb33c8073ada411e4df47d925943f36bbdc281baddc,3306,76.0,38.0,interior,-0.0,-0.0,-0.0,-0.0,-0.0,-0.0
1,1,loading,0.25,c2eae2c07b744a3c5bdd6cb33c8073ada411e4df47d925943f36bbdc281baddc,3307,77.0,38.0,interior,-0.0,-0.0,-0.0,-0.0,-0.0,-0.0
1,1,loading,0.25,c2eae2c07b744a3c5bdd6cb33c8073ada411e4df47d925943f36bbdc281baddc,3308,78.0,38.0,interior,-0.0,-0.0,-0.0,-0.0,-0.0,-0.0
1,1,loading,0.25,c2eae2c07b744a3c5bdd6cb33c8073ada411e4df47d925943f36bbdc281baddc,3309,79.0,38.0,interior,-0.0,-0.0,-0.0,-0.0,-0.0,-0.0
1,1,loading,0.25,c2eae2c07b744a3c5bdd6cb33c8073ada411e4df47d925943f36bbdc281baddc,3310,80.0,38.0,physical_only,8.920778418931186e-10,-5.710764162721205e-09,1.5769213566775725e-07,1.4703205584508292e-09,-1.5680005782586416e-07,-7.1810847211719546e-09
1,1,loading,0.25,c2eae2c07b744a3c5bdd6cb33c8073ada411e4df47d925943f36bbdc281baddc,3377,62.0,39.0,physical_only,-1.8787864473274163e-06,4.950352040679284e-08,-1.400773639040861e-06,7.768820004430436e-09,-4.780128082865553e-07,4.1734700402362295e-08
1,1,loading,0.25,c2eae2c07b744a3c5bdd6cb33c8073ada411e4df47d925943f36bbdc281baddc,3378,63.0,39.0,interior,-0.0,-0.0,-0.0,-0.0,-0.0,-0.0
1,1,loading,0.25,c2eae2c07b744a3c5bdd6cb33c8073ada411e4df47d925943f36bbdc281baddc,3379,64.0,39.0,interior,-0.0,-0.0,-0.0,-0.0,-0.0,-0.0
1,1,loading,0.25,c2eae2c07b744a3c5bdd6cb33c8073ada411e4df47d925943f36bbdc281baddc,3380,65.0,39.0,interior,-0.0,-0.0,-0.0,-0.0,-0.0,-0.0
1,1,loading,0.25,c2eae2c07b744a3c5bdd6cb33c8073ada411e4df47d925943f36bbdc281baddc,3381,66.0,39.0,interior,-0.0,-0.0,-0.0,-0.0,-0.0,-0.0
1,1,loading,0.25,c2eae2c07b744a3c5bdd6cb33c8073ada411e4df47d925943f36bbdc281baddc,3382,67.0,39.0,interior,-0.0,-0.0,-0.0,-0.0,-0.0,-0.0
1,1,loading,0.25,c2eae2c07b744a3c5bdd6cb33c8073ada411e4df47d925943f36bbdc281baddc,3383,68.0,39.0,interior,-0.0,-0.0,-0.0,-0.0,-0.0,-0.0
1,1,loading,0.25,c2eae2c07b744a3c5bdd6cb33c8073ada411e4df47d925943f36bbdc281baddc,3384,69.0,39.0,interior,-0.0,-0.0,-0.0,-0.0,-0.0,-0.0
1,1,loading,0.25,c2eae2c07b744a3c5bdd6cb33c8073ada411e4df47d925943f36bbdc281baddc,3385,70.0,39.0,interior,-0.0,-0.0,-0.0,-0.0,-0.0,-0.0
1,1,loading,0.25,c2eae2c07b744a3c5bdd6cb33c8073ada411e4df47d925943f36bbdc281baddc,3386,71.0,39.0,interior,-0.0,-0.0,-0.0,-0.0,-0.0,-0.0
1,1,loading,0.25,c2eae2c07b744a3c5bdd6cb33c8073ada411e4df47d925943f36bbdc281baddc,3387,72.0,39.0,interior,-0.0,-0.0,-0.0,-0.0,-0.0,-0.0
1,1,loading,0.25,c2eae2c07b744a3c5bdd6cb33c8073ada411e4df47d925943f36bbdc281baddc,3388,73.0,39.0,interior,-0.0,-0.0,-0.0,-0.0,-0.0,-0.0
1,1,loading,0.25,c2eae2c07b744a3c5bdd6cb33c8073ada411e4df47d925943f36bbdc281baddc,3389,74.0,39.0,interior,-0.0,-0.0,-0.0,-0.0,-0.0,-0.0
1,1,loading,0.25,c2eae2c07b744a3c5bdd6cb33c8073ada411e4df47d925943f36bbdc281baddc,3390,75.0,39.0,interior,-0.0,-0.0,-0.0,-0.0,-0.0,-0.0
1,1,loading,0.25,c2eae2c07b744a3c5bdd6cb33c8073ada411e4df47d925943f36bbdc281baddc,3391,76.0,39.0,interior,-0.0,-0.0,-0.0,-0.0,-0.0,-0.0
1,1,loading,0.25,c2eae2c07b744a3c5bdd6cb33c8073ada411e4df47d925943f36bbdc281baddc,3392,77.0,39.0,interior,-0.0,-0.0,-0.0,-0.0,-0.0,-0.0
1,1,loading,0.25,c2eae2c07b744a3c5bdd6cb33c8073ada411e4df47d925943f36bbdc281baddc,3393,78.0,39.0,interior,-0.0,-0.0,-0.0,-0.0,-0.0,-0.0
1,1,loading,0.25,c2eae2c07b744a3c5bdd6cb33c8073ada411e4df47d925943f36bbdc281baddc,3394,79.0,39.0,interior,-0.0,-0.0,-0.0,-0.0,-0.0,-0.0
1,1,loading,0.25,c2eae2c07b744a3c5bdd6cb33c8073ada411e4df47d925943f36bbdc281baddc,3395,80.0,39.0,physical_only,8.385247848444688e-10,-2.8379826044156354e-09,1.5498284191557494e-07,7.327421337752696e-10,-1.5414431713073045e-07,-3.5707247381909646e-09
1,1,loading,0.25,c2eae2c07b744a3c5bdd6cb33c8073ada411e4df47d925943f36bbdc281baddc,3462,62.0,40.0,physical_and_cut,-9.469717756548547e-07,-1.5659265296256887e-06,-7.020081526891849e-07,-3.0470859782459724e-07,-2.4496362296566987e-07,-1.2612179318010916e-06
1,1,loading,0.25,c2eae2c07b744a3c5bdd6cb33c8073ada411e4df47d925943f36bbdc281baddc,3463,63.0,40.0,cut_only,-0.0,-0.0,-0.0,-0.0,-0.0,-0.0
1,1,loading,0.25,c2eae2c07b744a3c5bdd6cb33c8073ada411e4df47d925943f36bbdc281baddc,3464,64.0,40.0,cut_only,-0.0,-0.0,-0.0,-0.0,-0.0,-0.0
1,1,loading,0.25,c2eae2c07b744a3c5bdd6cb33c8073ada411e4df47d925943f36bbdc281baddc,3465,65.0,40.0,cut_only,-0.0,-0.0,-0.0,-0.0,-0.0,-0.0
1,1,loading,0.25,c2eae2c07b744a3c5bdd6cb33c8073ada411e4df47d925943f36bbdc281baddc,3466,66.0,40.0,cut_only,-0.0,-0.0,-0.0,-0.0,-0.0,-0.0
1,1,loading,0.25,c2eae2c07b744a3c5bdd6cb33c8073ada411e4df47d925943f36bbdc281baddc,3467,67.0,40.0,cut_only,-0.0,-0.0,-0.0,-0.0,-0.0,-0.0
1,1,loading,0.25,c2eae2c07b744a3c5bdd6cb33c8073ada411e4df47d925943f36bbdc281baddc,3468,68.0,40.0,cut_only,-0.0,-0.0,-0.0,-0.0,-0.0,-0.0
1,1,loading,0.25,c2eae2c07b744a3c5bdd6cb33c8073ada411e4df47d925943f36bbdc281baddc,3469,69.0,40.0,cut_only,-0.0,-0.0,-0.0,-0.0,-0.0,-0.0
1,1,loading,0.25,c2eae2c07b744a3c5bdd6cb33c8073ada411e4df47d925943f36bbdc281baddc,3470,70.0,40.0,cut_only,-0.0,-0.0,-0.0,-0.0,-0.0,-0.0
1,1,loading,0.25,c2eae2c07b744a3c5bdd6cb33c8073ada411e4df47d925943f36bbdc281baddc,3471,71.0,40.0,cut_only,-0.0,-0.0,-0.0,-0.0,-0.0,-0.0
1,1,loading,0.25,c2eae2c07b744a3c5bdd6cb33c8073ada411e4df47d925943f36bbdc281baddc,3472,72.0,40.0,cut_only,-0.0,-0.0,-0.0,-0.0,-0.0,-0.0
1,1,loading,0.25,c2eae2c07b744a3c5bdd6cb33c8073ada411e4df47d925943f36bbdc281baddc,3473,73.0,40.0,cut_only,-0.0,-0.0,-0.0,-0.0,-0.0,-0.0
1,1,loading,0.25,c2eae2c07b744a3c5bdd6cb33c8073ada411e4df47d925943f36bbdc281baddc,3474,74.0,40.0,cut_only,-0.0,-0.0,-0.0,-0.0,-0.0,-0.0
1,1,loading,0.25,c2eae2c07b744a3c5bdd6cb33c8073ada411e4df47d925943f36bbdc281baddc,3475,75.0,40.0,cut_only,-0.0,-0.0,-0.0,-0.0,-0.0,-0.0
1,1,loading,0.25,c2eae2c07b744a3c5bdd6cb33c8073ada411e4df47d925943f36bbdc281baddc,3476,76.0,40.0,cut_only,-0.0,-0.0,-0.0,-0.0,-0.0,-0.0
1,1,loading,0.25,c2eae2c07b744a3c5bdd6cb33c8073ada411e4df47d925943f36bbdc281baddc,3477,77.0,40.0,cut_only,-0.0,-0.0,-0.0,-0.0,-0.0,-0.0
1,1,loading,0.25,c2eae2c07b744a3c5bdd6cb33c8073ada411e4df47d925943f36bbdc281baddc,3478,78.0,40.0,cut_only,-0.0,-0.0,-0.0,-0.0,-0.0,-0.0
1,1,loading,0.25,c2eae2c07b744a3c5bdd6cb33c8073ada411e4df47d925943f36bbdc281baddc,3479,79.0,40.0,cut_only,-0.0,-0.0,-0.0,-0.0,-0.0,-0.0
1,1,loading,0.25,c2eae2c07b744a3c5bdd6cb33c8073ada411e4df47d925943f36bbdc281baddc,3480,80.0,40.0,physical_and_cut,4.1039500920802083e-10,-4.3511950332884375e-07,7.704169410768929e-08,-3.251563441191417e-08,-7.663129909848127e-08,-4.026038689169296e-07
2,2,loading,0.5,7cf1acd93245784bb3b24e1a7f1560086ac74750d7967fc6c7fc36e88d590559,2697,62.0,31.0,physical_only,-0.00023514328191384518,7.72020336189936e-06,-3.5118846818122614e-06,3.358542284703279e-06,-0.00023163139723203296,4.3616610771960765e-06
2,2,loading,0.5,7cf1acd93245784bb3b24e1a7f1560086ac74750d7967fc6c7fc36e88d590559,2698,63.0,31.0,physical_only,-1.5107161036626858e-06,-9.697578783454824e-06,-1.7406950430905212e-06,3.713660107037005e-06,2.2997893942783535e-07,-1.3411238890491831e-05
2,2,loading,0.5,7cf1acd93245784bb3b24e1a7f1560086ac74750d7967fc6c7fc36e88d590559,2699,64.0,31.0,physical_only,-8.789710545648535e-07,-1.2164342025669303e-05,-1.7610008317680314e-06,4.6358211681383114e-06,8.820297772031779e-07,-1.6800163193807604e-05
2,2,loading,0.5,7cf1acd93245784bb3b24e1a7f1560086ac74750d7967fc6c7fc36e88d590559,2700,65.0,31.0,physical_only,-8.470480156137888e-07,-1.5322866472017955e-05,-1.785969424824204e-06,5.623521314699083e-06,9.389214092104153e-07,-2.0946387786717057e-05
2,2,loading,0.5,7cf1acd93245784bb3b24e1a7f1560086ac74750d7967fc6c7fc36e88d590559,2701,66.0,31.0,physical_only,-1.278975846392246e-06,-1.824006106072843e-05,-1.8148227889298254e-06,6.692101098801159e-06,5.358469425375799e-07,-2.4932162159529617e-05
2,2,loading,0.5,7cf1acd93245784bb3b24e1a7f1560086ac74750d7967fc6c7fc36e88d590559,2702,67.0,31.0,physical_only,-1.7682991398535145e-06,-2.073065067043092e-05,-1.8455271729745305e-06,7.854040758256514e-06,7.722803312101668e-08,-2.8584691428687426e-05
2,2,loading,0.5,7cf1acd93245784bb3b24e1a7f1560086ac74750d7967fc6c7fc36e88d590559,2703,68.0,31.0,physical_only,-1.8399939433729561e-06,-2.3344920302027523e-05,-1.8769507643442138e-06,9.119540112186711e-06,3.695682097125741e-08,-3.246446041421425e-05
2,2,loading,0.5,7cf1acd93245784bb3b24e1a7f1560086ac74750d7967fc6c7fc36e88d590559,2704,69.0,31.0,physical_only,-1.977562751230988e-06,-2.639360339372858e-05,-1.9087362119227943e-06,1.0498734029088803e-05,-6.882653930819453e-08,-3.6892337422817374e-05
2,2,loading,0.5,7cf1acd93245784bb3b24e1a7f1560086ac74750d7967fc6c7fc36e88d590559,2705,70.0,31.0,physical_only,-2.150979739934218e-06,-2.9678759987371208e-05,-1.941088659420939e-06,1.2003169672229534e-05,-2.098910805132784e-07,-4.1681929659600776e-05
2,2,loading,0.5,7cf1acd93245784bb3b24e1a7f1560086ac74750d7967fc6c7fc36e88d590559,2706,71.0,31.0,physical_only,-2.3702705183721287e-06,-3.3171789502812164e-05,-1.9740351794329896e-06,1.3646056429966017e-05,-3.962353389391391e-07,-4.6817845932778195e-05
2,2,loading,0.5,7cf1acd93245784bb3b24e1a7f1560086ac74750d7967fc6c7fc36e88d590559,2707,72.0,31.0,physical_only,-2.6378714070065754e-06,-3.682972241229822e-05,-2.0076338248416974e-06,1.5442386554883547e-05,-6.30237582164878e-07,-5.2272108967181704e-05
2,2,loading,0.5,7cf1acd93245784bb3b24e1a7f1560086ac74750d7967fc6c7fc36e88d590559,2708,73.0,31.0,physical_only,-3.0497436216049483e-06,-4.0260929085223494e-05,-2.0417189003804307e-06,1.740883218857508e-05,-1.0080247212245176e-06,-5.7669761273798604e-05
2,2,loading,0.5,7cf1acd93245784bb3b24e1a7f1560086ac74750d7967fc6c7fc36e88d590559,2709,74.0,31.0,physical_only,-2.6355224071724086e-06,-4.370109647528278e-05,-2.0765720897295046e-06,1.9564245588063453e-05,-5.589503174429044e-07,-6.32653420633463e-05
2,2,loading,0.5,7cf1acd93245784bb3b24e1a7f1560086ac74750d7967fc6c7fc36e88d590559,2710,75.0,31.0,physical_only,-1.515897419360478e-06,-4.8687110791821955e-05,-2.113445837052184e-06,2.1932303312496158e-05,5.975484176917066e-07,-7.061941410431817e-05
2,2,loading,0.5,7cf1acd93245784bb3b24e1a7f1560086ac74750d7967fc6c7fc36e88d590559,2711,76.0,31.0,physical_only,-1.4757558696407451e-08,-5.716908322207965e-05,-2.155344828189811e-06,2.454771681909276e-05,2.1405872694934037e-06,-8.171680004117243e-05
2,2,loading,0.5,7cf1acd93245784bb3b24e1a7f1560086ac74750d7967fc6c7fc36e88d590559,2712,77.0,31.0,physical_only,9.276024356753799e-08,-6.756784645349718e-05,-2.2044695069887894e-06,2.7460224590196116e-05,2.2972297505563274e-06,-9.502807104369321e-05
2,2,loading,0.5,7cf1acd93245784bb3b24e1a7f1560086ac74750d7967fc6c7fc36e88d590559,2713,78.0,31.0,physical_only,-2.00489212423078e-07,-7.852648268868957e-05,-2.2617186267642095e-06,3.0732492594863964e-05,2.0612294143411315e-06,-0.00010925897528355356
2,2,loading,0.5,7cf1acd93245784bb3b24e1a7f1560086ac74750d7967fc6c7fc36e88d590559,2714,79.0,31.0,physical_only,-7.694275443559831e-07,-8.494869287405647e-05,-2.3249363921901244e-06,3.4434404635468946e-05,1.555508847834143e-06,-0.00011938309750952544
2,2,loading,0.5,7cf1acd93245784bb3b24e1a7f1560086ac74750d7967fc6c7fc36e88d590559,2715,80.0,31.0,physical_only,-1.2075750976567413e-05,0.0011747800933259904,-9.237889731363154e-07,3.670812594184161e-05,-1.1151962003431097e-05,0.0011380719673841485
2,2,loading,0.5,7cf1acd93245784bb3b24e1a7f1560086ac74750d7967fc6c7fc36e88d590559,2782,62.0,32.0,physical_only,-4.764074302959274e-06,-1.05990181276387e-06,-2.25132607041899e-06,1.1227948089049438e-07,-2.5127482325402827e-06,-1.1721812936543645e-06
2,2,loading,0.5,7cf1acd93245784bb3b24e1a7f1560086ac74750d7967fc6c7fc36e88d590559,2783,63.0,32.0,interior,-0.0,-0.0,-0.0,-0.0,-0.0,-0.0
2,2,loading,0.5,7cf1acd93245784bb3b24e1a7f1560086ac74750d7967fc6c7fc36e88d590559,2784,64.0,32.0,interior,-0.0,-0.0,-0.0,-0.0,-0.0,-0.0
2,2,loading,0.5,7cf1acd93245784bb3b24e1a7f1560086ac74750d7967fc6c7fc36e88d590559,2785,65.0,32.0,interior,-0.0,-0.0,-0.0,-0.0,-0.0,-0.0
2,2,loading,0.5,7cf1acd93245784bb3b24e1a7f1560086ac74750d7967fc6c7fc36e88d590559,2786,66.0,32.0,interior,-0.0,-0.0,-0.0,-0.0,-0.0,-0.0
2,2,loading,0.5,7cf1acd93245784bb3b24e1a7f1560086ac74750d7967fc6c7fc36e88d590559,2787,67.0,32.0,interior,-0.0,-0.0,-0.0,-0.0,-0.0,-0.0
2,2,loading,0.5,7cf1acd93245784bb3b24e1a7f1560086ac74750d7967fc6c7fc36e88d590559,2788,68.0,32.0,interior,-0.0,-0.0,-0.0,-0.0,-0.0,-0.0
2,2,loading,0.5,7cf1acd93245784bb3b24e1a7f1560086ac74750d7967fc6c7fc36e88d590559,2789,69.0,32.0,interior,-0.0,-0.0,-0.0,-0.0,-0.0,-0.0
2,2,loading,0.5,7cf1acd93245784bb3b24e1a7f1560086ac74750d7967fc6c7fc36e88d590559,2790,70.0,32.0,interior,-0.0,-0.0,-0.0,-0.0,-0.0,-0.0
2,2,loading,0.5,7cf1acd93245784bb3b24e1a7f1560086ac74750d7967fc6c7fc36e88d590559,2791,71.0,32.0,interior,-0.0,-0.0,-0.0,-0.0,-0.0,-0.0
2,2,loading,0.5,7cf1acd93245784bb3b24e1a7f1560086ac74750d7967fc6c7fc36e88d590559,2792,72.0,32.0,interior,-0.0,-0.0,-0.0,-0.0,-0.0,-0.0
2,2,loading,0.5,7cf1acd93245784bb3b24e1a7f1560086ac74750d7967fc6c7fc36e88d590559,2793,73.0,32.0,interior,-0.0,-0.0,-0.0,-0.0,-0.0,-0.0
2,2,loading,0.5,7cf1acd93245784bb3b24e1a7f1560086ac74750d7967fc6c7fc36e88d590559,2794,74.0,32.0,interior,-0.0,-0.0,-0.0,-0.0,-0.0,-0.0
2,2,loading,0.5,7cf1acd93245784bb3b24e1a7f1560086ac74750d7967fc6c7fc36e88d590559,2795,75.0,32.0,interior,-0.0,-0.0,-0.0,-0.0,-0.0,-0.0
2,2,loading,0.5,7cf1acd93245784bb3b24e1a7f1560086ac74750d7967fc6c7fc36e88d590559,2796,76.0,32.0,interior,-0.0,-0.0,-0.0,-0.0,-0.0,-0.0
2,2,loading,0.5,7cf1acd93245784bb3b24e1a7f1560086ac74750d7967fc6c7fc36e88d590559,2797,77.0,32.0,interior,-0.0,-0.0,-0.0,-0.0,-0.0,-0.0
2,2,loading,0.5,7cf1acd93245784bb3b24e1a7f1560086ac74750d7967fc6c7fc36e88d590559,2798,78.0,32.0,interior,-0.0,-0.0,-0.0,-0.0,-0.0,-0.0
2,2,loading,0.5,7cf1acd93245784bb3b24e1a7f1560086ac74750d7967fc6c7fc36e88d590559,2799,79.0,32.0,interior,-0.0,-0.0,-0.0,-0.0,-0.0,-0.0
2,2,loading,0.5,7cf1acd93245784bb3b24e1a7f1560086ac74750d7967fc6c7fc36e88d590559,2800,80.0,32.0,physical_only,4.9659130980857274e-08,-7.753667086125837e-08,5.566716216617487e-07,-7.468573563668371e-08,-5.07012490680891e-07,-2.8509352245746983e-09
2,2,loading,0.5,7cf1acd93245784bb3b24e1a7f1560086ac74750d7967fc6c7fc36e88d590559,2867,62.0,33.0,physical_only,-3.7044339315684603e-06,-7.226741693540319e-07,-2.3563909103485497e-06,8.779260171178342e-08,-1.3480430212199107e-06,-8.104667710658153e-07
2,2,loading,0.5,7cf1acd93245784bb3b24e1a7f1560086ac74750d7967fc6c7fc36e88d590559,2868,63.0,33.0,interior,-0.0,-0.0,-0.0,-0.0,-0.0,-0.0
2,2,loading,0.5,7cf1acd93245784bb3b24e1a7f1560086ac74750d7967fc6c7fc36e88d590559,2869,64.0,33.0,interior,-0.0,-0.0,-0.0,-0.0,-0.0,-0.0
2,2,loading,0.5,7cf1acd93245784bb3b24e1a7f1560086ac74750d7967fc6c7fc36e88d590559,2870,65.0,33.0,interior,-0.0,-0.0,-0.0,-0.0,-0.0,-0.0
2,2,loading,0.5,7cf1acd93245784bb3b24e1a7f1560086ac74750d7967fc6c7fc36e88d590559,2871,66.0,33.0,interior,-0.0,-0.0,-0.0,-0.0,-0.0,-0.0
2,2,loading,0.5,7cf1acd93245784bb3b24e1a7f1560086ac74750d7967fc6c7fc36e88d590559,2872,67.0,33.0,interior,-0.0,-0.0,-0.0,-0.0,-0.0,-0.0
2,2,loading,0.5,7cf1acd93245784bb3b24e1a7f1560086ac74750d7967fc6c7fc36e88d590559,2873,68.0,33.0,interior,-0.0,-0.0,-0.0,-0.0,-0.0,-0.0
2,2,loading,0.5,7cf1acd93245784bb3b24e1a7f1560086ac74750d7967fc6c7fc36e88d590559,2874,69.0,33.0,interior,-0.0,-0.0,-0.0,-0.0,-0.0,-0.0
2,2,loading,0.5,7cf1acd93245784bb3b24e1a7f1560086ac74750d7967fc6c7fc36e88d590559,2875,70.0,33.0,interior,-0.0,-0.0,-0.0,-0.0,-0.0,-0.0
2,2,loading,0.5,7cf1acd93245784bb3b24e1a7f1560086ac74750d7967fc6c7fc36e88d590559,2876,71.0,33.0,interior,-0.0,-0.0,-0.0,-0.0,-0.0,-0.0
2,2,loading,0.5,7cf1acd93245784bb3b24e1a7f1560086ac74750d7967fc6c7fc36e88d590559,2877,72.0,33.0,interior,-0.0,-0.0,-0.0,-0.0,-0.0,-0.0
2,2,loading,0.5,7cf1acd93245784bb3b24e1a7f1560086ac74750d7967fc6c7fc36e88d590559,2878,73.0,33.0,interior,-0.0,-0.0,-0.0,-0.0,-0.0,-0.0
2,2,loading,0.5,7cf1acd93245784bb3b24e1a7f1560086ac74750d7967fc6c7fc36e88d590559,2879,74.0,33.0,interior,-0.0,-0.0,-0.0,-0.0,-0.0,-0.0
2,2,loading,0.5,7cf1acd93245784bb3b24e1a7f1560086ac74750d7967fc6c7fc36e88d590559,2880,75.0,33.0,interior,-0.0,-0.0,-0.0,-0.0,-0.0,-0.0
2,2,loading,0.5,7cf1acd93245784bb3b24e1a7f1560086ac74750d7967fc6c7fc36e88d590559,2881,76.0,33.0,interior,-0.0,-0.0,-0.0,-0.0,-0.0,-0.0
2,2,loading,0.5,7cf1acd93245784bb3b24e1a7f1560086ac74750d7967fc6c7fc36e88d590559,2882,77.0,33.0,interior,-0.0,-0.0,-0.0,-0.0,-0.0,-0.0
2,2,loading,0.5,7cf1acd93245784bb3b24e1a7f1560086ac74750d7967fc6c7fc36e88d590559,2883,78.0,33.0,interior,-0.0,-0.0,-0.0,-0.0,-0.0,-0.0
2,2,loading,0.5,7cf1acd93245784bb3b24e1a7f1560086ac74750d7967fc6c7fc36e88d590559,2884,79.0,33.0,interior,-0.0,-0.0,-0.0,-0.0,-0.0,-0.0
2,2,loading,0.5,7cf1acd93245784bb3b24e1a7f1560086ac74750d7967fc6c7fc36e88d590559,2885,80.0,33.0,physical_only,4.772401792728823e-08,-6.56385591051304e-08,5.19106249262492e-07,-6.481019966244413e-08,-4.7138223133520384e-07,-8.283594426862233e-10
2,2,loading,0.5,7cf1acd93245784bb3b24e1a7f1560086ac74750d7967fc6c7fc36e88d590559,2952,62.0,34.0,physical_only,-3.2208388618612334e-06,-3.354846299337806e-07,-2.43738279982962e-06,7.167586708248397e-08,-7.834560620316132e-07,-4.0716049701626457e-07
2,2,loading,0.5,7cf1acd93245784bb3b24e1a7f1560086ac74750d7967fc6c7fc36e88d590559,2953,63.0,34.0,interior,-0.0,-0.0,-0.0,-0.0,-0.0,-0.0
2,2,loading,0.5,7cf1acd93245784bb3b24e1a7f1560086ac74750d7967fc6c7fc36e88d590559,2954,64.0,34.0,interior,-0.0,-0.0,-0.0,-0.0,-0.0,-0.0
2,2,loading,0.5,7cf1acd93245784bb3b24e1a7f1560086ac74750d7967fc6c7fc36e88d590559,2955,65.0,34.0,interior,-0.0,-0.0,-0.0,-0.0,-0.0,-0.0
2,2,loading,0.5,7cf1acd93245784bb3b24e1a7f1560086ac74750d7967fc6c7fc36e88d590559,2956,66.0,34.0,interior,-0.0,-0.0,-0.0,-0.0,-0.0,-0.0
2,2,loading,0.5,7cf1acd93245784bb3b24e1a7f1560086ac74750d7967fc6c7fc36e88d590559,2957,67.0,34.0,interior,-0.0,-0.0,-0.0,-0.0,-0.0,-0.0
2,2,loading,0.5,7cf1acd93245784bb3b24e1a7f1560086ac74750d7967fc6c7fc36e88d590559,2958,68.0,34.0,interior,-0.0,-0.0,-0.0,-0.0,-0.0,-0.0
2,2,loading,0.5,7cf1acd93245784bb3b24e1a7f1560086ac74750d7967fc6c7fc36e88d590559,2959,69.0,34.0,interior,-0.0,-0.0,-0.0,-0.0,-0.0,-0.0
2,2,loading,0.5,7cf1acd93245784bb3b24e1a7f1560086ac74750d7967fc6c7fc36e88d590559,2960,70.0,34.0,interior,-0.0,-0.0,-0.0,-0.0,-0.0,-0.0
2,2,loading,0.5,7cf1acd93245784bb3b24e1a7f1560086ac74750d7967fc6c7fc36e88d590559,2961,71.0,34.0,interior,-0.0,-0.0,-0.0,-0.0,-0.0,-0.0
2,2,loading,0.5,7cf1acd93245784bb3b24e1a7f1560086ac74750d7967fc6c7fc36e88d590559,2962,72.0,34.0,interior,-0.0,-0.0,-0.0,-0.0,-0.0,-0.0
2,2,loading,0.5,7cf1acd93245784bb3b24e1a7f1560086ac74750d7967fc6c7fc36e88d590559,2963,73.0,34.0,interior,-0.0,-0.0,-0.0,-0.0,-0.0,-0.0
2,2,loading,0.5,7cf1acd93245784bb3b24e1a7f1560086ac74750d7967fc6c7fc36e88d590559,2964,74.0,34.0,interior,-0.0,-0.0,-0.0,-0.0,-0.0,-0.0
2,2,loading,0.5,7cf1acd93245784bb3b24e1a7f1560086ac74750d7967fc6c7fc36e88d590559,2965,75.0,34.0,interior,-0.0,-0.0,-0.0,-0.0,-0.0,-0.0
2,2,loading,0.5,7cf1acd93245784bb3b24e1a7f1560086ac74750d7967fc6c7fc36e88d590559,2966,76.0,34.0,interior,-0.0,-0.0,-0.0,-0.0,-0.0,-0.0
2,2,loading,0.5,7cf1acd93245784bb3b24e1a7f1560086ac74750d7967fc6c7fc36e88d590559,2967,77.0,34.0,interior,-0.0,-0.0,-0.0,-0.0,-0.0,-0.0
2,2,loading,0.5,7cf1acd93245784bb3b24e1a7f1560086ac74750d7967fc6c7fc36e88d590559,2968,78.0,34.0,interior,-0.0,-0.0,-0.0,-0.0,-0.0,-0.0
2,2,loading,0.5,7cf1acd93245784bb3b24e1a7f1560086ac74750d7967fc6c7fc36e88d590559,2969,79.0,34.0,interior,-0.0,-0.0,-0.0,-0.0,-0.0,-0.0
2,2,loading,0.5,7cf1acd93245784bb3b24e1a7f1560086ac74750d7967fc6c7fc36e88d590559,2970,80.0,34.0,physical_only,4.6105475382215495e-08,-5.467291225536061e-08,4.87522978162754e-07,-5.515547147184981e-08,-4.414175027805382e-07,4.825592164891079e-10
2,2,loading,0.5,7cf1acd93245784bb3b24e1a7f1560086ac74750d7967fc6c7fc36e88d590559,3037,62.0,35.0,physical_only,-3.1030230957661195e-06,-3.194735505152163e-08,-2.5032980901209867e-06,5.989420579538151e-08,-5.997250056451328e-07,-9.184156084690325e-08
2,2,loading,0.5,7cf1acd93245784bb3b24e1a7f1560086ac74750d7967fc6c7fc36e88d590559,3038,63.0,35.0,interior,-0.0,-0.0,-0.0,-0.0,-0.0,-0.0
2,2,loading,0.5,7cf1acd93245784bb3b24e1a7f1560086ac74750d7967fc6c7fc36e88d590559,3039,64.0,35.0,interior,-0.0,-0.0,-0.0,-0.0,-0.0,-0.0
2,2,loading,0.5,7cf1acd93245784bb3b24e1a7f1560086ac74750d7967fc6c7fc36e88d590559,3040,65.0,35.0,interior,-0.0,-0.0,-0.0,-0.0,-0.0,-0.0
2,2,loading,0.5,7cf1acd93245784bb3b24e1a7f1560086ac74750d7967fc6c7fc36e88d590559,3041,66.0,35.0,interior,-0.0,-0.0,-0.0,-0.0,-0.0,-0.0
2,2,loading,0.5,7cf1acd93245784bb3b24e1a7f1560086ac74750d7967fc6c7fc36e88d590559,3042,67.0,35.0,interior,-0.0,-0.0,-0.0,-0.0,-0.0,-0.0
2,2,loading,0.5,7cf1acd93245784bb3b24e1a7f1560086ac74750d7967fc6c7fc36e88d590559,3043,68.0,35.0,interior,-0.0,-0.0,-0.0,-0.0,-0.0,-0.0
2,2,loading,0.5,7cf1acd93245784bb3b24e1a7f1560086ac74750d7967fc6c7fc36e88d590559,3044,69.0,35.0,interior,-0.0,-0.0,-0.0,-0.0,-0.0,-0.0
2,2,loading,0.5,7cf1acd93245784bb3b24e1a7f1560086ac74750d7967fc6c7fc36e88d590559,3045,70.0,35.0,interior,-0.0,-0.0,-0.0,-0.0,-0.0,-0.0
2,2,loading,0.5,7cf1acd93245784bb3b24e1a7f1560086ac74750d7967fc6c7fc36e88d590559,3046,71.0,35.0,interior,-0.0,-0.0,-0.0,-0.0,-0.0,-0.0
2,2,loading,0.5,7cf1acd93245784bb3b24e1a7f1560086ac74750d7967fc6c7fc36e88d590559,3047,72.0,35.0,interior,-0.0,-0.0,-0.0,-0.0,-0.0,-0.0
2,2,loading,0.5,7cf1acd93245784bb3b24e1a7f1560086ac74750d7967fc6c7fc36e88d590559,3048,73.0,35.0,interior,-0.0,-0.0,-0.0,-0.0,-0.0,-0.0
2,2,loading,0.5,7cf1acd93245784bb3b24e1a7f1560086ac74750d7967fc6c7fc36e88d590559,3049,74.0,35.0,interior,-0.0,-0.0,-0.0,-0.0,-0.0,-0.0
2,2,loading,0.5,7cf1acd93245784bb3b24e1a7f1560086ac74750d7967fc6c7fc36e88d590559,3050,75.0,35.0,interior,-0.0,-0.0,-0.0,-0.0,-0.0,-0.0
2,2,loading,0.5,7cf1acd93245784bb3b24e1a7f1560086ac74750d7967fc6c7fc36e88d590559,3051,76.0,35.0,interior,-0.0,-0.0,-0.0,-0.0,-0.0,-0.0
2,2,loading,0.5,7cf1acd93245784bb3b24e1a7f1560086ac74750d7967fc6c7fc36e88d590559,3052,77.0,35.0,interior,-0.0,-0.0,-0.0,-0.0,-0.0,-0.0
2,2,loading,0.5,7cf1acd93245784bb3b24e1a7f1560086ac74750d7967fc6c7fc36e88d590559,3053,78.0,35.0,interior,-0.0,-0.0,-0.0,-0.0,-0.0,-0.0
2,2,loading,0.5,7cf1acd93245784bb3b24e1a7f1560086ac74750d7967fc6c7fc36e88d590559,3054,79.0,35.0,interior,-0.0,-0.0,-0.0,-0.0,-0.0,-0.0
2,2,loading,0.5,7cf1acd93245784bb3b24e1a7f1560086ac74750d7967fc6c7fc36e88d590559,3055,80.0,35.0,physical_only,4.4775959299817384e-08,-4.44695731140062e-08,4.614863599457281e-07,-4.568642403999161e-08,-4.167104006459107e-07,1.216850925985327e-09
2,2,loading,0.5,7cf1acd93245784bb3b24e1a7f1560086ac74750d7967fc6c7fc36e88d590559,3122,62.0,36.0,physical_only,-3.178962564264452e-06,1.2776181564731247e-07,-2.557934096901707e-06,4.94347288812519e-08,-6.210284673627445e-07,7.832708676606057e-08
2,2,loading,0.5,7cf1acd93245784bb3b24e1a7f1560086ac74750d7967fc6c7fc36e88d590559,3123,63.0,36.0,interior,-0.0,-0.0,-0.0,-0.0,-0.0,-0.0
2,2,loading,0.5,7cf1acd93245784bb3b24e1a7f1560086ac74750d7967fc6c7fc36e88d590559,3124,64.0,36.0,interior,-0.0,-0.0,-0.0,-0.0,-0.0,-0.0
2,2,loading,0.5,7cf1acd93245784bb3b24e1a7f1560086ac74750d7967fc6c7fc36e88d590559,3125,65.0,36.0,interior,-0.0,-0.0,-0.0,-0.0,-0.0,-0.0
2,2,loading,0.5,7cf1acd93245784bb3b24e1a7f1560086ac74750d7967fc6c7fc36e88d590559,3126,66.0,36.0,interior,-0.0,-0.0,-0.0,-0.0,-0.0,-0.0
2,2,loading,0.5,7cf1acd93245784bb3b24e1a7f1560086ac74750d7967fc6c7fc36e88d590559,3127,67.0,36.0,interior,-0.0,-0.0,-0.0,-0.0,-0.0,-0.0
2,2,loading,0.5,7cf1acd93245784bb3b24e1a7f1560086ac74750d7967fc6c7fc36e88d590559,3128,68.0,36.0,interior,-0.0,-0.0,-0.0,-0.0,-0.0,-0.0
2,2,loading,0.5,7cf1acd93245784bb3b24e1a7f1560086ac74750d7967fc6c7fc36e88d590559,3129,69.0,36.0,interior,-0.0,-0.0,-0.0,-0.0,-0.0,-0.0
2,2,loading,0.5,7cf1acd93245784bb3b24e1a7f1560086ac74750d7967fc6c7fc36e88d590559,3130,70.0,36.0,interior,-0.0,-0.0,-0.0,-0.0,-0.0,-0.0
2,2,loading,0.5,7cf1acd93245784bb3b24e1a7f1560086ac74750d7967fc6c7fc36e88d590559,3131,71.0,36.0,interior,-0.0,-0.0,-0.0,-0.0,-0.0,-0.0
2,2,loading,0.5,7cf1acd93245784bb3b24e1a7f1560086ac74750d7967fc6c7fc36e88d590559,3132,72.0,36.0,interior,-0.0,-0.0,-0.0,-0.0,-0.0,-0.0
2,2,loading,0.5,7cf1acd93245784bb3b24e1a7f1560086ac74750d7967fc6c7fc36e88d590559,3133,73.0,36.0,interior,-0.0,-0.0,-0.0,-0.0,-0.0,-0.0
2,2,loading,0.5,7cf1acd93245784bb3b24e1a7f1560086ac74750d7967fc6c7fc36e88d590559,3134,74.0,36.0,interior,-0.0,-0.0,-0.0,-0.0,-0.0,-0.0
2,2,loading,0.5,7cf1acd93245784bb3b24e1a7f1560086ac74750d7967fc6c7fc36e88d590559,3135,75.0,36.0,interior,-0.0,-0.0,-0.0,-0.0,-0.0,-0.0
2,2,loading,0.5,7cf1acd93245784bb3b24e1a7f1560086ac74750d7967fc6c7fc36e88d590559,3136,76.0,36.0,interior,-0.0,-0.0,-0.0,-0.0,-0.0,-0.0
2,2,loading,0.5,7cf1acd93245784bb3b24e1a7f1560086ac74750d7967fc6c7fc36e88d590559,3137,77.0,36.0,interior,-0.0,-0.0,-0.0,-0.0,-0.0,-0.0
2,2,loading,0.5,7cf1acd93245784bb3b24e1a7f1560086ac74750d7967fc6c7fc36e88d590559,3138,78.0,36.0,interior,-0.0,-0.0,-0.0,-0.0,-0.0,-0.0
2,2,loading,0.5,7cf1acd93245784bb3b24e1a7f1560086ac74750d7967fc6c7fc36e88d590559,3139,79.0,36.0,interior,-0.0,-0.0,-0.0,-0.0,-0.0,-0.0
2,2,loading,0.5,7cf1acd93245784bb3b24e1a7f1560086ac74750d7967fc6c7fc36e88d590559,3140,80.0,36.0,physical_only,4.371414520942409e-08,-3.4876751867041055e-08,4.4064235566148554e-07,-3.636969069741707e-08,-3.969282104520615e-07,1.4929388303763742e-09
2,2,loading,0.5,7cf1acd93245784bb3b24e1a7f1560086ac74750d7967fc6c7fc36e88d590559,3207,62.0,37.0,physical_only,-3.3079682640625064e-06,1.716589068123245e-07,-2.6019274808292548e-06,3.8518538008278206e-08,-7.060407832332516e-07,1.3314036880404618e-07
2,2,loading,0.5,7cf1acd93245784bb3b24e1a7f1560086ac74750d7967fc6c7fc36e88d590559,3208,63.0,37.0,interior,-0.0,-0.0,-0.0,-0.0,-0.0,-0.0
2,2,loading,0.5,7cf1acd93245784bb3b24e1a7f1560086ac74750d7967fc6c7fc36e88d590559,3209,64.0,37.0,interior,-0.0,-0.0,-0.0,-0.0,-0.0,-0.0
2,2,loading,0.5,7cf1acd93245784bb3b24e1a7f1560086ac74750d7967fc6c7fc36e88d590559,3210,65.0,37.0,interior,-0.0,-0.0,-0.0,-0.0,-0.0,-0.0
2,2,loading,0.5,7cf1acd93245784bb3b24e1a7f1560086ac74750d7967fc6c7fc36e88d590559,3211,66.0,37.0,interior,-0.0,-0.0,-0.0,-0.0,-0.0,-0.0
2,2,loading,0.5,7cf1acd93245784bb3b24e1a7f1560086ac74750d7967fc6c7fc36e88d590559,3212,67.0,37.0,interior,-0.0,-0.0,-0.0,-0.0,-0.0,-0.0
2,2,loading,0.5,7cf1acd93245784bb3b24e1a7f1560086ac74750d7967fc6c7fc36e88d590559,3213,68.0,37.0,interior,-0.0,-0.0,-0.0,-0.0,-0.0,-0.0
2,2,loading,0.5,7cf1acd93245784bb3b24e1a7f1560086ac74750d7967fc6c7fc36e88d590559,3214,69.0,37.0,interior,-0.0,-0.0,-0.0,-0.0,-0.0,-0.0
2,2,loading,0.5,7cf1acd93245784bb3b24e1a7f1560086ac74750d7967fc6c7fc36e88d590559,3215,70.0,37.0,interior,-0.0,-0.0,-0.0,-0.0,-0.0,-0.0
2,2,loading,0.5,7cf1acd93245784bb3b24e1a7f1560086ac74750d7967fc6c7fc36e88d590559,3216,71.0,37.0,interior,-0.0,-0.0,-0.0,-0.0,-0.0,-0.0
2,2,loading,0.5,7cf1acd93245784bb3b24e1a7f1560086ac74750d7967fc6c7fc36e88d590559,3217,72.0,37.0,interior,-0.0,-0.0,-0.0,-0.0,-0.0,-0.0
2,2,loading,0.5,7cf1acd93245784bb3b24e1a7f1560086ac74750d7967fc6c7fc36e88d590559,3218,73.0,37.0,interior,-0.0,-0.0,-0.0,-0.0,-0.0,-0.0
2,2,loading,0.5,7cf1acd93245784bb3b24e1a7f1560086ac74750d7967fc6c7fc36e88d590559,3219,74.0,37.0,interior,-0.0,-0.0,-0.0,-0.0,-0.0,-0.0
2,2,loading,0.5,7cf1acd93245784bb3b24e1a7f1560086ac74750d7967fc6c7fc36e88d590559,3220,75.0,37.0,interior,-0.0,-0.0,-0.0,-0.0,-0.0,-0.0
2,2,loading,0.5,7cf1acd93245784bb3b24e1a7f1560086ac74750d7967fc6c7fc36e88d590559,3221,76.0,37.0,interior,-0.0,-0.0,-0.0,-0.0,-0.0,-0.0
2,2,loading,0.5,7cf1acd93245784bb3b24e1a7f1560086ac74750d7967fc6c7fc36e88d590559,3222,77.0,37.0,interior,-0.0,-0.0,-0.0,-0.0,-0.0,-0.0
2,2,loading,0.5,7cf1acd93245784bb3b24e1a7f1560086ac74750d7967fc6c7fc36e88d590559,3223,78.0,37.0,interior,-0.0,-0.0,-0.0,-0.0,-0.0,-0.0
2,2,loading,0.5,7cf1acd93245784bb3b24e1a7f1560086ac74750d7967fc6c7fc36e88d590559,3224,79.0,37.0,interior,-0.0,-0.0,-0.0,-0.0,-0.0,-0.0
2,2,loading,0.5,7cf1acd93245784bb3b24e1a7f1560086ac74750d7967fc6c7fc36e88d590559,3225,80.0,37.0,physical_only,4.290381944436283e-08,-2.5756827996090435e-08,4.247107085099436e-07,-2.7173279926496305e-08,-3.8180688906558067e-07,1.4164519304057244e-09
2,2,loading,0.5,7cf1acd93245784bb3b24e1a7f1560086ac74750d7967fc6c7fc36e88d590559,3292,62.0,38.0,physical_only,-3.419988476377386e-06,1.4188101977274153e-07,-2.634477243667805e-06,2.652592450755315e-08,-7.855112327095809e-07,1.1535509526518806e-07
2,2,loading,0.5,7cf1acd93245784bb3b24e1a7f1560086ac74750d7967fc6c7fc36e88d590559,3293,63.0,38.0,interior,-0.0,-0.0,-0.0,-0.0,-0.0,-0.0
2,2,loading,0.5,7cf1acd93245784bb3b24e1a7f1560086ac74750d7967fc6c7fc36e88d590559,3294,64.0,38.0,interior,-0.0,-0.0,-0.0,-0.0,-0.0,-0.0
2,2,loading,0.5,7cf1acd93245784bb3b24e1a7f1560086ac74750d7967fc6c7fc36e88d590559,3295,65.0,38.0,interior,-0.0,-0.0,-0.0,-0.0,-0.0,-0.0
2,2,loading,0.5,7cf1acd93245784bb3b24e1a7f1560086ac74750d7967fc6c7fc36e88d590559,3296,66.0,38.0,interior,-0.0,-0.0,-0.0,-0.0,-0.0,-0.0
2,2,loading,0.5,7cf1acd93245784bb3b24e1a7f1560086ac74750d7967fc6c7fc36e88d590559,3297,67.0,38.0,interior,-0.0,-0.0,-0.0,-0.0,-0.0,-0.0
2,2,loading,0.5,7cf1acd93245784bb3b24e1a7f1560086ac74750d7967fc6c7fc36e88d590559,3298,68.0,38.0,interior,-0.0,-0.0,-0.0,-0.0,-0.0,-0.0
2,2,loading,0.5,7cf1acd93245784bb3b24e1a7f1560086ac74750d7967fc6c7fc36e88d590559,3299,69.0,38.0,interior,-0.0,-0.0,-0.0,-0.0,-0.0,-0.0
2,2,loading,0.5,7cf1acd93245784bb3b24e1a7f1560086ac74750d7967fc6c7fc36e88d590559,3300,70.0,38.0,interior,-0.0,-0.0,-0.0,-0.0,-0.0,-0.0
2,2,loading,0.5,7cf1acd93245784bb3b24e1a7f1560086ac74750d7967fc6c7fc36e88d590559,3301,71.0,38.0,interior,-0.0,-0.0,-0.0,-0.0,-0.0,-0.0
2,2,loading,0.5,7cf1acd93245784bb3b24e1a7f1560086ac74750d7967fc6c7fc36e88d590559,3302,72.0,38.0,interior,-0.0,-0.0,-0.0,-0.0,-0.0,-0.0
2,2,loading,0.5,7cf1acd93245784bb3b24e1a7f1560086ac74750d7967fc6c7fc36e88d590559,3303,73.0,38.0,interior,-0.0,-0.0,-0.0,-0.0,-0.0,-0.0
2,2,loading,0.5,7cf1acd93245784bb3b24e1a7f1560086ac74750d7967fc6c7fc36e88d590559,3304,74.0,38.0,interior,-0.0,-0.0,-0.0,-0.0,-0.0,-0.0
2,2,loading,0.5,7cf1acd93245784bb3b24e1a7f1560086ac74750d7967fc6c7fc36e88d590559,3305,75.0,38.0,interior,-0.0,-0.0,-0.0,-0.0,-0.0,-0.0
2,2,loading,0.5,7cf1acd93245784bb3b24e1a7f1560086ac74750d7967fc6c7fc36e88d590559,3306,76.0,38.0,interior,-0.0,-0.0,-0.0,-0.0,-0.0,-0.0
2,2,loading,0.5,7cf1acd93245784bb3b24e1a7f1560086ac74750d7967fc6c7fc36e88d590559,3307,77.0,38.0,interior,-0.0,-0.0,-0.0,-0.0,-0.0,-0.0
2,2,loading,0.5,7cf1acd93245784bb3b24e1a7f1560086ac74750d7967fc6c7fc36e88d590559,3308,78.0,38.0,interior,-0.0,-0.0,-0.0,-0.0,-0.0,-0.0
2,2,loading,0.5,7cf1acd93245784bb3b24e1a7f1560086ac74750d7967fc6c7fc36e88d590559,3309,79.0,38.0,interior,-0.0,-0.0,-0.0,-0.0,-0.0,-0.0
2,2,loading,0.5,7cf1acd93245784bb3b24e1a7f1560086ac74750d7967fc6c7fc36e88d590559,3310,80.0,38.0,physical_only,4.2333084125908324e-08,-1.698282602663555e-08,4.1347909461818446e-07,-1.806624405039851e-08,-3.7114601049227614e-07,1.0834180237635802e-09
2,2,loading,0.5,7cf1acd93245784bb3b24e1a7f1560086ac74750d7967fc6c7fc36e88d590559,3377,62.0,39.0,physical_only,-3.4883838630446437e-06,7.681087785625016e-08,-2.654520031784562e-06,1.3541458651125657e-08,-8.338638312600818e-07,6.326941920512472e-08
2,2,loading,0.5,7cf1acd93245784bb3b24e1a7f1560086ac74750d7967fc6c7fc36e88d590559,3378,63.0,39.0,interior,-0.0,-0.0,-0.0,-0.0,-0.0,-0.0
2,2,loading,0.5,7cf1acd93245784bb3b24e1a7f1560086ac74750d7967fc6c7fc36e88d590559,3379,64.0,39.0,interior,-0.0,-0.0,-0.0,-0.0,-0.0,-0.0
2,2,loading,0.5,7cf1acd93245784bb3b24e1a7f1560086ac74750d7967fc6c7fc36e88d590559,3380,65.0,39.0,interior,-0.0,-0.0,-0.0,-0.0,-0.0,-0.0
2,2,loading,0.5,7cf1acd93245784bb3b24e1a7f1560086ac74750d7967fc6c7fc36e88d590559,3381,66.0,39.0,interior,-0.0,-0.0,-0.0,-0.0,-0.0,-0.0
2,2,loading,0.5,7cf1acd93245784bb3b24e1a7f1560086ac74750d7967fc6c7fc36e88d590559,3382,67.0,39.0,interior,-0.0,-0.0,-0.0,-0.0,-0.0,-0.0
2,2,loading,0.5,7cf1acd93245784bb3b24e1a7f1560086ac74750d7967fc6c7fc36e88d590559,3383,68.0,39.0,interior,-0.0,-0.0,-0.0,-0.0,-0.0,-0.0
2,2,loading,0.5,7cf1acd93245784bb3b24e1a7f1560086ac74750d7967fc6c7fc36e88d590559,3384,69.0,39.0,interior,-0.0,-0.0,-0.0,-0.0,-0.0,-0.0
2,2,loading,0.5,7cf1acd93245784bb3b24e1a7f1560086ac74750d7967fc6c7fc36e88d590559,3385,70.0,39.0,interior,-0.0,-0.0,-0.0,-0.0,-0.0,-0.0
2,2,loading,0.5,7cf1acd93245784bb3b24e1a7f1560086ac74750d7967fc6c7fc36e88d590559,3386,71.0,39.0,interior,-0.0,-0.0,-0.0,-0.0,-0.0,-0.0
2,2,loading,0.5,7cf1acd93245784bb3b24e1a7f1560086ac74750d7967fc6c7fc36e88d590559,3387,72.0,39.0,interior,-0.0,-0.0,-0.0,-0.0,-0.0,-0.0
2,2,loading,0.5,7cf1acd93245784bb3b24e1a7f1560086ac74750d7967fc6c7fc36e88d590559,3388,73.0,39.0,interior,-0.0,-0.0,-0.0,-0.0,-0.0,-0.0
2,2,loading,0.5,7cf1acd93245784bb3b24e1a7f1560086ac74750d7967fc6c7fc36e88d590559,3389,74.0,39.0,interior,-0.0,-0.0,-0.0,-0.0,-0.0,-0.0
2,2,loading,0.5,7cf1acd93245784bb3b24e1a7f1560086ac74750d7967fc6c7fc36e88d590559,3390,75.0,39.0,interior,-0.0,-0.0,-0.0,-0.0,-0.0,-0.0
2,2,loading,0.5,7cf1acd93245784bb3b24e1a7f1560086ac74750d7967fc6c7fc36e88d590559,3391,76.0,39.0,interior,-0.0,-0.0,-0.0,-0.0,-0.0,-0.0
2,2,loading,0.5,7cf1acd93245784bb3b24e1a7f1560086ac74750d7967fc6c7fc36e88d590559,3392,77.0,39.0,interior,-0.0,-0.0,-0.0,-0.0,-0.0,-0.0
2,2,loading,0.5,7cf1acd93245784bb3b24e1a7f1560086ac74750d7967fc6c7fc36e88d590559,3393,78.0,39.0,interior,-0.0,-0.0,-0.0,-0.0,-0.0,-0.0
2,2,loading,0.5,7cf1acd93245784bb3b24e1a7f1560086ac74750d7967fc6c7fc36e88d590559,3394,79.0,39.0,interior,-0.0,-0.0,-0.0,-0.0,-0.0,-0.0
2,2,loading,0.5,7cf1acd93245784bb3b24e1a7f1560086ac74750d7967fc6c7fc36e88d590559,3395,80.0,39.0,physical_only,4.1993801310874953e-08,-8.435374827390666e-09,4.067988018801847e-07,-9.018387106836646e-09,-3.648050005693097e-07,5.830122794457413e-10
2,2,loading,0.5,7cf1acd93245784bb3b24e1a7f1560086ac74750d7967fc6c7fc36e88d590559,3462,62.0,40.0,physical_and_cut,-1.7553029110566837e-06,-2.127219386301128e-06,-1.3306451335534377e-06,-5.898987988966663e-07,-4.246577775032458e-07,-1.5373205874044615e-06
2,2,loading,0.5,7cf1acd93245784bb3b24e1a7f1560086ac74750d7967fc6c7fc36e88d590559,3463,63.0,40.0,cut_only,-0.0,-0.0,-0.0,-0.0,-0.0,-0.0
2,2,loading,0.5,7cf1acd93245784bb3b24e1a7f1560086ac74750d7967fc6c7fc36e88d590559,3464,64.0,40.0,cut_only,-0.0,-0.0,-0.0,-0.0,-0.0,-0.0
2,2,loading,0.5,7cf1acd93245784bb3b24e1a7f1560086ac74750d7967fc6c7fc36e88d590559,3465,65.0,40.0,cut_only,-0.0,-0.0,-0.0,-0.0,-0.0,-0.0
2,2,loading,0.5,7cf1acd93245784bb3b24e1a7f1560086ac74750d7967fc6c7fc36e88d590559,3466,66.0,40.0,cut_only,-0.0,-0.0,-0.0,-0.0,-0.0,-0.0
2,2,loading,0.5,7cf1acd93245784bb3b24e1a7f1560086ac74750d7967fc6c7fc36e88d590559,3467,67.0,40.0,cut_only,-0.0,-0.0,-0.0,-0.0,-0.0,-0.0
2,2,loading,0.5,7cf1acd93245784bb3b24e1a7f1560086ac74750d7967fc6c7fc36e88d590559,3468,68.0,40.0,cut_only,-0.0,-0.0,-0.0,-0.0,-0.0,-0.0
2,2,loading,0.5,7cf1acd93245784bb3b24e1a7f1560086ac74750d7967fc6c7fc36e88d590559,3469,69.0,40.0,cut_only,-0.0,-0.0,-0.0,-0.0,-0.0,-0.0
2,2,loading,0.5,7cf1acd93245784bb3b24e1a7f1560086ac74750d7967fc6c7fc36e88d590559,3470,70.0,40.0,cut_only,-0.0,-0.0,-0.0,-0.0,-0.0,-0.0
2,2,loading,0.5,7cf1acd93245784bb3b24e1a7f1560086ac74750d7967fc6c7fc36e88d590559,3471,71.0,40.0,cut_only,-0.0,-0.0,-0.0,-0.0,-0.0,-0.0
2,2,loading,0.5,7cf1acd93245784bb3b24e1a7f1560086ac74750d7967fc6c7fc36e88d590559,3472,72.0,40.0,cut_only,-0.0,-0.0,-0.0,-0.0,-0.0,-0.0
2,2,loading,0.5,7cf1acd93245784bb3b24e1a7f1560086ac74750d7967fc6c7fc36e88d590559,3473,73.0,40.0,cut_only,-0.0,-0.0,-0.0,-0.0,-0.0,-0.0
2,2,loading,0.5,7cf1acd93245784bb3b24e1a7f1560086ac74750d7967fc6c7fc36e88d590559,3474,74.0,40.0,cut_only,-0.0,-0.0,-0.0,-0.0,-0.0,-0.0
2,2,loading,0.5,7cf1acd93245784bb3b24e1a7f1560086ac74750d7967fc6c7fc36e88d590559,3475,75.0,40.0,cut_only,-0.0,-0.0,-0.0,-0.0,-0.0,-0.0
2,2,loading,0.5,7cf1acd93245784bb3b24e1a7f1560086ac74750d7967fc6c7fc36e88d590559,3476,76.0,40.0,cut_only,-0.0,-0.0,-0.0,-0.0,-0.0,-0.0
2,2,loading,0.5,7cf1acd93245784bb3b24e1a7f1560086ac74750d7967fc6c7fc36e88d590559,3477,77.0,40.0,cut_only,-0.0,-0.0,-0.0,-0.0,-0.0,-0.0
2,2,loading,0.5,7cf1acd93245784bb3b24e1a7f1560086ac74750d7967fc6c7fc36e88d590559,3478,78.0,40.0,cut_only,-0.0,-0.0,-0.0,-0.0,-0.0,-0.0
2,2,loading,0.5,7cf1acd93245784bb3b24e1a7f1560086ac74750d7967fc6c7fc36e88d590559,3479,79.0,40.0,cut_only,-0.0,-0.0,-0.0,-0.0,-0.0,-0.0
2,2,loading,0.5,7cf1acd93245784bb3b24e1a7f1560086ac74750d7967fc6c7fc36e88d590559,3480,80.0,40.0,physical_and_cut,2.0940613340006322e-08,1.9843204174392874e-06,2.0229087986255192e-07,-9.10178149725512e-08,-1.813502665225456e-07,2.0753382324118385e-06
3,3,loading,0.65,05fdfe4de7cfc1d67613e63271ea15ee16092b6e37d5e5bd01be2b414a8d8519,2697,62.0,31.0,physical_only,-0.00031838173330361197,-1.1974321644022163e-05,-4.489230088784519e-06,4.5574699020647475e-06,-0.0003138925032148274,-1.6531791546086924e-05
3,3,loading,0.65,05fdfe4de7cfc1d67613e63271ea15ee16092b6e37d5e5bd01be2b414a8d8519,2698,63.0,31.0,physical_only,-1.6604723580542282e-06,-2.2620430418051268e-05,-2.3286582402215457e-06,5.105567433813244e-06,6.68185882167317e-07,-2.7725997851864488e-05
3,3,loading,0.65,05fdfe4de7cfc1d67613e63271ea15ee16092b6e37d5e5bd01be2b414a8d8519,2699,64.0,31.0,physical_only,-5.304738062180605e-07,-2.897198311946361e-05,-2.3651086781416586e-06,6.436151320645117e-06,1.8346348719235981e-06,-3.540813444010874e-05
3,3,loading,0.65,05fdfe4de7cfc1d67613e63271ea15ee16092b6e37d5e5bd01be2b414a8d8519,2700,65.0,31.0,physical_only,-3.459610502259703e-07,-3.7432971438563465e-05,-2.409823382029587e-06,7.89910618830128e-06,2.063862331803617e-06,-4.533207762686477e-05
3,3,loading,0.65,05fdfe4de7cfc1d67613e63271ea15ee16092b6e37d5e5bd01be2b414a8d8519,2701,66.0,31.0,physical_only,-9.993375528774581e-07,-4.648710716823382e-05,-2.462106392857891e-06,9.528183696781583e-06,1.462768839980432e-06,-5.601529086501542e-05
3,3,loading,0.65,05fdfe4de7cfc1d67613e63271ea15ee16092b6e37d5e5bd01be2b414a8d8519,2702,67.0,31.0,physical_only,-1.8459979985205267e-06,-5.577071558041346e-05,-2.5194260347473365e-06,1.1356330363643164e-05,6.73428036226809e-07,-6.71270459440566e-05
3,3,loading,0.65,05fdfe4de7cfc1d67613e63271ea15ee16092b6e37d5e5bd01be2b414a8d8519,2703,68.0,31.0,physical_only,-1.9312898419325125e-06,-6.633187386082505e-05,-2.580643851035373e-06,1.3417474129410648e-05,6.493540091028599e-07,-7.974934799023564e-05
3,3,loading,0.65,05fdfe4de7cfc1d67613e63271ea15ee16092b6e37d5e5bd01be2b414a8d8519,2704,69.0,31.0,physical_only,-2.157558596518902e-06,-7.894355357410891e-05,-2.645878925324588e-06,1.5751176783820515e-05,4.883203288056843e-07,-9.469473035792945e-05
3,3,loading,0.65,05fdfe4de7cfc1d67613e63271ea15ee16092b6e37d5e5bd01be2b414a8d8519,2705,70.0,31.0,physical_only,-2.471979952793295e-06,-9.338503425428081e-05,-2.7161853433273683e-06,1.8406699703849788e-05,2.442053905340733e-07,-0.00011179173395813057
3,3,loading,0.65,05fdfe4de7cfc1d67613e63271ea15ee16092b6e37d5e5bd01be2b414a8d8519,2706,71.0,31.0,physical_only,-2.8968045173599248e-06,-0.00010976374271158258,-2.792553787341174e-06,2.1445747533063023e-05,-1.0425073001874886e-07,-0.00013120949024464552
3,3,loading,0.65,05fdfe4de7cfc1d67613e63271ea15ee16092b6e37d5e5bd01be2b414a8d8519,2707,72.0,31.0,physical_only,-3.433631342873955e-06,-0.00012815289962954217,-2.876292639036385e-06,2.4946288780919572e-05,-5.573387038375699e-07,-0.00015309918841046178
3,3,loading,0.65,05fdfe4de7cfc1d67613e63271ea15ee16092b6e37d5e5bd01be2b414a8d8519,2708,73.0,31.0,physical_only,-4.281587308545201e-06,-0.00014784329169204968,-2.9686988753967607e-06,2.9007266520003433e-05,-1.3128884331484404e-06,-0.00017685055821205296
3,3,loading,0.65,05fdfe4de7cfc1d67613e63271ea15ee16092b6e37d5e5bd01be2b414a8d8519,2709,74.0,31.0,physical_only,-3.1728184886467957e-06,-0.00016954302730427893,-3.072225718038825e-06,3.3756726407118396e-05,-1.0059277060797163e-07,-0.00020329975371139743
3,3,loading,0.65,05fdfe4de7cfc1d67613e63271ea15ee16092b6e37d5e5bd01be2b414a8d8519,2710,75.0,31.0,physical_only,-2.3764334878119665e-07,-0.00019742187707640579,-3.1919611081775136e-06,3.936933444466319e-05,2.954317759396318e-06,-0.00023679121152106876
3,3,loading,0.65,05fdfe4de7cfc1d67613e63271ea15ee16092b6e37d5e5bd01be2b414a8d8519,2711,76.0,31.0,physical_only,3.6737006828713265e-06,-0.00023722392092376731,-3.337631559613157e-06,4.6101639442106386e-05,7.011332242484482e-06,-0.000283325560365874
3,3,loading,0.65,05fdfe4de7cfc1d67613e63271ea15ee16092b6e37d5e5bd01be2b414a8d8519,2712,77.0,31.0,physical_only,3.677880982547095e-06,-0.00028521759110927453,-3.51966913512527e-06,5.433715040259345e-05,7.1975501176723685e-06,-0.0003395547415118681
3,3,loading,0.65,05fdfe4de7cfc1d67613e63271ea15ee16092b6e37d5e5bd01be2b414a8d8519,2713,78.0,31.0,physical_only,2.510376944544461e-06,-0.00033780063296695324,-3.749097975160945e-06,6.46396047967684e-05,6.2594749197054016e-06,-0.0004024402377637219
3,3,loading,0.65,05fdfe4de7cfc1d67613e63271ea15ee16092b6e37d5e5bd01be2b414a8d8519,2714,79.0,31.0,physical_only,-3.4014330368211266e-08,-0.0003578800073267196,-4.0261658977991366e-06,7.779906007098408e-05,3.992151567430927e-06,-0.00043567906739770375
3,3,loading,0.65,05fdfe4de7cfc1d67613e63271ea15ee16092b6e37d5e5bd01be2b414a8d8519,2715,80.0,31.0,physical_only,-2.767321618013117e-05,0.003394960663078722,4.866719213972917e-07,8.371412386762325e-05,-2.815988810152846e-05,0.003311246539211099
3,3,loading,0.65,05fdfe4de7cfc1d67613e63271ea15ee16092b6e37d5e5bd01be2b414a8d8519,2782,62.0,32.0,physical_only,-5.793847833947708e-06,-1.1518314112389478e-06,-2.7667482764841246e-06,1.297389531808398e-07,-3.0270995574635847e-06,-1.2815703644197872e-06
3,3,loading,0.65,05fdfe4de7cfc1d67613e63271ea15ee16092b6e37d5e5bd01be2b414a8d8519,2783,63.0,32.0,interior,-0.0,-0.0,-0.0,-0.0,-0.0,-0.0
3,3,loading,0.65,05fdfe4de7cfc1d67613e63271ea15ee16092b6e37d5e5bd01be2b414a8d8519,2784,64.0,32.0,interior,-0.0,-0.0,-0.0,-0.0,-0.0,-0.0
3,3,loading,0.65,05fdfe4de7cfc1d67613e63271ea15ee16092b6e37d5e5bd01be2b414a8d8519,2785,65.0,32.0,interior,-0.0,-0.0,-0.0,-0.0,-0.0,-0.0
3,3,loading,0.65,05fdfe4de7cfc1d67613e63271ea15ee16092b6e37d5e5bd01be2b414a8d8519,2786,66.0,32.0,interior,-0.0,-0.0,-0.0,-0.0,-0.0,-0.0
3,3,loading,0.65,05fdfe4de7cfc1d67613e63271ea15ee16092b6e37d5e5bd01be2b414a8d8519,2787,67.0,32.0,interior,-0.0,-0.0,-0.0,-0.0,-0.0,-0.0
3,3,loading,0.65,05fdfe4de7cfc1d67613e63271ea15ee16092b6e37d5e5bd01be2b414a8d8519,2788,68.0,32.0,interior,-0.0,-0.0,-0.0,-0.0,-0.0,-0.0
3,3,loading,0.65,05fdfe4de7cfc1d67613e63271ea15ee16092b6e37d5e5bd01be2b414a8d8519,2789,69.0,32.0,interior,-0.0,-0.0,-0.0,-0.0,-0.0,-0.0
3,3,loading,0.65,05fdfe4de7cfc1d67613e63271ea15ee16092b6e37d5e5bd01be2b414a8d8519,2790,70.0,32.0,interior,-0.0,-0.0,-0.0,-0.0,-0.0,-0.0
3,3,loading,0.65,05fdfe4de7cfc1d67613e63271ea15ee16092b6e37d5e5bd01be2b414a8d8519,2791,71.0,32.0,interior,-0.0,-0.0,-0.0,-0.0,-0.0,-0.0
3,3,loading,0.65,05fdfe4de7cfc1d67613e63271ea15ee16092b6e37d5e5bd01be2b414a8d8519,2792,72.0,32.0,interior,-0.0,-0.0,-0.0,-0.0,-0.0,-0.0
3,3,loading,0.65,05fdfe4de7cfc1d67613e63271ea15ee16092b6e37d5e5bd01be2b414a8d8519,2793,73.0,32.0,interior,-0.0,-0.0,-0.0,-0.0,-0.0,-0.0
3,3,loading,0.65,05fdfe4de7cfc1d67613e63271ea15ee16092b6e37d5e5bd01be2b414a8d8519,2794,74.0,32.0,interior,-0.0,-0.0,-0.0,-0.0,-0.0,-0.0
3,3,loading,0.65,05fdfe4de7cfc1d67613e63271ea15ee16092b6e37d5e5bd01be2b414a8d8519,2795,75.0,32.0,interior,-0.0,-0.0,-0.0,-0.0,-0.0,-0.0
3,3,loading,0.65,05fdfe4de7cfc1d67613e63271ea15ee16092b6e37d5e5bd01be2b414a8d8519,2796,76.0,32.0,interior,-0.0,-0.0,-0.0,-0.0,-0.0,-0.0
3,3,loading,0.65,05fdfe4de7cfc1d67613e63271ea15ee16092b6e37d5e5bd01be2b414a8d8519,2797,77.0,32.0,interior,-0.0,-0.0,-0.0,-0.0,-0.0,-0.0
3,3,loading,0.65,05fdfe4de7cfc1d67613e63271ea15ee16092b6e37d5e5bd01be2b414a8d8519,2798,78.0,32.0,interior,-0.0,-0.0,-0.0,-0.0,-0.0,-0.0
3,3,loading,0.65,05fdfe4de7cfc1d67613e63271ea15ee16092b6e37d5e5bd01be2b414a8d8519,2799,79.0,32.0,interior,-0.0,-0.0,-0.0,-0.0,-0.0,-0.0
3,3,loading,0.65,05fdfe4de7cfc1d67613e63271ea15ee16092b6e37d5e5bd01be2b414a8d8519,2800,80.0,32.0,physical_only,1.6174288123992853e-07,-1.4850162068894175e-07,8.705102542765534e-07,-2.946032557743861e-07,-7.087673730366257e-07,1.4610163508544389e-07
3,3,loading,0.65,05fdfe4de7cfc1d67613e63271ea15ee16092b6e37d5e5bd01be2b414a8d8519,2867,62.0,33.0,physical_only,-4.607629083614336e-06,-7.674490159669577e-07,-2.911269203293425e-06,1.0119405300021018e-07,-1.6963598803209125e-06,-8.68643068967168e-07
3,3,loading,0.65,05fdfe4de7cfc1d67613e63271ea15ee16092b6e37d5e5bd01be2b414a8d8519,2868,63.0,33.0,interior,-0.0,-0.0,-0.0,-0.0,-0.0,-0.0
3,3,loading,0.65,05fdfe4de7cfc1d67613e63271ea15ee16092b6e37d5e5bd01be2b414a8d8519,2869,64.0,33.0,interior,-0.0,-0.0,-0.0,-0.0,-0.0,-0.0
3,3,loading,0.65,05fdfe4de7cfc1d67613e63271ea15ee16092b6e37d5e5bd01be2b414a8d8519,2870,65.0,33.0,interior,-0.0,-0.0,-0.0,-0.0,-0.0,-0.0
3,3,loading,0.65,05fdfe4de7cfc1d67613e63271ea15ee16092b6e37d5e5bd01be2b414a8d8519,2871,66.0,33.0,interior,-0.0,-0.0,-0.0,-0.0,-0.0,-0.0
3,3,loading,0.65,05fdfe4de7cfc1d67613e63271ea15ee16092b6e37d5e5bd01be2b414a8d8519,2872,67.0,33.0,interior,-0.0,-0.0,-0.0,-0.0,-0.0,-0.0
3,3,loading,0.65,05fdfe4de7cfc1d67613e63271ea15ee16092b6e37d5e5bd01be2b414a8d8519,2873,68.0,33.0,interior,-0.0,-0.0,-0.0,-0.0,-0.0,-0.0
3,3,loading,0.65,05fdfe4de7cfc1d67613e63271ea15ee16092b6e37d5e5bd01be2b414a8d8519,2874,69.0,33.0,interior,-0.0,-0.0,-0.0,-0.0,-0.0,-0.0
3,3,loading,0.65,05fdfe4de7cfc1d67613e63271ea15ee16092b6e37d5e5bd01be2b414a8d8519,2875,70.0,33.0,interior,-0.0,-0.0,-0.0,-0.0,-0.0,-0.0
3,3,loading,0.65,05fdfe4de7cfc1d67613e63271ea15ee16092b6e37d5e5bd01be2b414a8d8519,2876,71.0,33.0,interior,-0.0,-0.0,-0.0,-0.0,-0.0,-0.0
3,3,loading,0.65,05fdfe4de7cfc1d67613e63271ea15ee16092b6e37d5e5bd01be2b414a8d8519,2877,72.0,33.0,interior,-0.0,-0.0,-0.0,-0.0,-0.0,-0.0
3,3,loading,0.65,05fdfe4de7cfc1d67613e63271ea15ee16092b6e37d5e5bd01be2b414a8d8519,2878,73.0,33.0,interior,-0.0,-0.0,-0.0,-0.0,-0.0,-0.0
3,3,loading,0.65,05fdfe4de7cfc1d67613e63271ea15ee16092b6e37d5e5bd01be2b414a8d8519,2879,74.0,33.0,interior,-0.0,-0.0,-0.0,-0.0,-0.0,-0.0
3,3,loading,0.65,05fdfe4de7cfc1d67613e63271ea15ee16092b6e37d5e5bd01be2b414a8d8519,2880,75.0,33.0,interior,-0.0,-0.0,-0.0,-0.0,-0.0,-0.0
3,3,loading,0.65,05fdfe4de7cfc1d67613e63271ea15ee16092b6e37d5e5bd01be2b414a8d8519,2881,76.0,33.0,interior,-0.0,-0.0,-0.0,-0.0,-0.0,-0.0
3,3,loading,0.65,05fdfe4de7cfc1d67613e63271ea15ee16092b6e37d5e5bd01be2b414a8d8519,2882,77.0,33.0,interior,-0.0,-0.0,-0.0,-0.0,-0.0,-0.0
3,3,loading,0.65,05fdfe4de7cfc1d67613e63271ea15ee16092b6e37d5e5bd01be2b414a8d8519,2883,78.0,33.0,interior,-0.0,-0.0,-0.0,-0.0,-0.0,-0.0
3,3,loading,0.65,05fdfe4de7cfc1d67613e63271ea15ee16092b6e37d5e5bd01be2b414a8d8519,2884,79.0,33.0,interior,-0.0,-0.0,-0.0,-0.0,-0.0,-0.0
3,3,loading,0.65,05fdfe4de7cfc1d67613e63271ea15ee16092b6e37d5e5bd01be2b414a8d8519,2885,80.0,33.0,physical_only,1.5690437591245568e-07,-1.2497713134851998e-07,8.151797951377302e-07,-2.549965452915285e-07,-6.582754192252739e-07,1.3001941394300986e-07
3,3,loading,0.65,05fdfe4de7cfc1d67613e63271ea15ee16092b6e37d5e5bd01be2b414a8d8519,2952,62.0,34.0,physical_only,-4.0728768627842845e-06,-3.4157719221626117e-07,-3.0243639125883615e-06,8.263634585627956e-08,-1.048512950195922e-06,-4.242135380725406e-07
3,3,loading,0.65,05fdfe4de7cfc1d67613e63271ea15ee16092b6e37d5e5bd01be2b414a8d8519,2953,63.0,34.0,interior,-0.0,-0.0,-0.0,-0.0,-0.0,-0.0
3,3,loading,0.65,05fdfe4de7cfc1d67613e63271ea15ee16092b6e37d5e5bd01be2b414a8d8519,2954,64.0,34.0,interior,-0.0,-0.0,-0.0,-0.0,-0.0,-0.0
3,3,loading,0.65,05fdfe4de7cfc1d67613e63271ea15ee16092b6e37d5e5bd01be2b414a8d8519,2955,65.0,34.0,interior,-0.0,-0.0,-0.0,-0.0,-0.0,-0.0
3,3,loading,0.65,05fdfe4de7cfc1d67613e63271ea15ee16092b6e37d5e5bd01be2b414a8d8519,2956,66.0,34.0,interior,-0.0,-0.0,-0.0,-0.0,-0.0,-0.0
3,3,loading,0.65,05fdfe4de7cfc1d67613e63271ea15ee16092b6e37d5e5bd01be2b414a8d8519,2957,67.0,34.0,interior,-0.0,-0.0,-0.0,-0.0,-0.0,-0.0
3,3,loading,0.65,05fdfe4de7cfc1d67613e63271ea15ee16092b6e37d5e5bd01be2b414a8d8519,2958,68.0,34.0,interior,-0.0,-0.0,-0.0,-0.0,-0.0,-0.0
3,3,loading,0.65,05fdfe4de7cfc1d67613e63271ea15ee16092b6e37d5e5bd01be2b414a8d8519,2959,69.0,34.0,interior,-0.0,-0.0,-0.0,-0.0,-0.0,-0.0
3,3,loading,0.65,05fdfe4de7cfc1d67613e63271ea15ee16092b6e37d5e5bd01be2b414a8d8519,2960,70.0,34.0,interior,-0.0,-0.0,-0.0,-0.0,-0.0,-0.0
3,3,loading,0.65,05fdfe4de7cfc1d67613e63271ea15ee16092b6e37d5e5bd01be2b414a8d8519,2961,71.0,34.0,interior,-0.0,-0.0,-0.0,-0.0,-0.0,-0.0
3,3,loading,0.65,05fdfe4de7cfc1d67613e63271ea15ee16092b6e37d5e5bd01be2b414a8d8519,2962,72.0,34.0,interior,-0.0,-0.0,-0.0,-0.0,-0.0,-0.0
3,3,loading,0.65,05fdfe4de7cfc1d67613e63271ea15ee16092b6e37d5e5bd01be2b414a8d8519,2963,73.0,34.0,interior,-0.0,-0.0,-0.0,-0.0,-0.0,-0.0
3,3,loading,0.65,05fdfe4de7cfc1d67613e63271ea15ee16092b6e37d5e5bd01be2b414a8d8519,2964,74.0,34.0,interior,-0.0,-0.0,-0.0,-0.0,-0.0,-0.0
3,3,loading,0.65,05fdfe4de7cfc1d67613e63271ea15ee16092b6e37d5e5bd01be2b414a8d8519,2965,75.0,34.0,interior,-0.0,-0.0,-0.0,-0.0,-0.0,-0.0
3,3,loading,0.65,05fdfe4de7cfc1d67613e63271ea15ee16092b6e37d5e5bd01be2b414a8d8519,2966,76.0,34.0,interior,-0.0,-0.0,-0.0,-0.0,-0.0,-0.0
3,3,loading,0.65,05fdfe4de7cfc1d67613e63271ea15ee16092b6e37d5e5bd01be2b414a8d8519,2967,77.0,34.0,interior,-0.0,-0.0,-0.0,-0.0,-0.0,-0.0
3,3,loading,0.65,05fdfe4de7cfc1d67613e63271ea15ee16092b6e37d5e5bd01be2b414a8d8519,2968,78.0,34.0,interior,-0.0,-0.0,-0.0,-0.0,-0.0,-0.0
3,3,loading,0.65,05fdfe4de7cfc1d67613e63271ea15ee16092b6e37d5e5bd01be2b414a8d8519,2969,79.0,34.0,interior,-0.0,-0.0,-0.0,-0.0,-0.0,-0.0
3,3,loading,0.65,05fdfe4de7cfc1d67613e63271ea15ee16092b6e37d5e5bd01be2b414a8d8519,2970,80.0,34.0,physical_only,1.528257533865174e-07,-1.0360332198230223e-07,7.68765917394757e-07,-2.1654055575610045e-07,-6.159401640082394e-07,1.1293723377379856e-07
3,3,loading,0.65,05fdfe4de7cfc1d67613e63271ea15ee16092b6e37d5e5bd01be2b414a8d8519,3037,62.0,35.0,physical_only,-3.942836135268987e-06,-1.36393616920991e-08,-3.1167735203447153e-06,6.923502481252864e-08,-8.260626149242727e-07,-8.287438650462774e-08
3,3,loading,0.65,05fdfe4de7cfc1d67613e63271ea15ee16092b6e37d5e5bd01be2b414a8d8519,3038,63.0,35.0,interior,-0.0,-0.0,-0.0,-0.0,-0.0,-0.0
3,3,loading,0.65,05fdfe4de7cfc1d67613e63271ea15ee16092b6e37d5e5bd01be2b414a8d8519,3039,64.0,35.0,interior,-0.0,-0.0,-0.0,-0.0,-0.0,-0.0
3,3,loading,0.65,05fdfe4de7cfc1d67613e63271ea15ee16092b6e37d5e5bd01be2b414a8d8519,3040,65.0,35.0,interior,-0.0,-0.0,-0.0,-0.0,-0.0,-0.0
3,3,loading,0.65,05fdfe4de7cfc1d67613e63271ea15ee16092b6e37d5e5bd01be2b414a8d8519,3041,66.0,35.0,interior,-0.0,-0.0,-0.0,-0.0,-0.0,-0.0
3,3,loading,0.65,05fdfe4de7cfc1d67613e63271ea15ee16092b6e37d5e5bd01be2b414a8d8519,3042,67.0,35.0,interior,-0.0,-0.0,-0.0,-0.0,-0.0,-0.0
3,3,loading,0.65,05fdfe4de7cfc1d67613e63271ea15ee16092b6e37d5e5bd01be2b414a8d8519,3043,68.0,35.0,interior,-0.0,-0.0,-0.0,-0.0,-0.0,-0.0
3,3,loading,0.65,05fdfe4de7cfc1d67613e63271ea15ee16092b6e37d5e5bd01be2b414a8d8519,3044,69.0,35.0,interior,-0.0,-0.0,-0.0,-0.0,-0.0,-0.0
3,3,loading,0.65,05fdfe4de7cfc1d67613e63271ea15ee16092b6e37d5e5bd01be2b414a8d8519,3045,70.0,35.0,interior,-0.0,-0.0,-0.0,-0.0,-0.0,-0.0
3,3,loading,0.65,05fdfe4de7cfc1d67613e63271ea15ee16092b6e37d5e5bd01be2b414a8d8519,3046,71.0,35.0,interior,-0.0,-0.0,-0.0,-0.0,-0.0,-0.0
3,3,loading,0.65,05fdfe4de7cfc1d67613e63271ea15ee16092b6e37d5e5bd01be2b414a8d8519,3047,72.0,35.0,interior,-0.0,-0.0,-0.0,-0.0,-0.0,-0.0
3,3,loading,0.65,05fdfe4de7cfc1d67613e63271ea15ee16092b6e37d5e5bd01be2b414a8d8519,3048,73.0,35.0,interior,-0.0,-0.0,-0.0,-0.0,-0.0,-0.0
3,3,loading,0.65,05fdfe4de7cfc1d67613e63271ea15ee16092b6e37d5e5bd01be2b414a8d8519,3049,74.0,35.0,interior,-0.0,-0.0,-0.0,-0.0,-0.0,-0.0
3,3,loading,0.65,05fdfe4de7cfc1d67613e63271ea15ee16092b6e37d5e5bd01be2b414a8d8519,3050,75.0,35.0,interior,-0.0,-0.0,-0.0,-0.0,-0.0,-0.0
3,3,loading,0.65,05fdfe4de7cfc1d67613e63271ea15ee16092b6e37d5e5bd01be2b414a8d8519,3051,76.0,35.0,interior,-0.0,-0.0,-0.0,-0.0,-0.0,-0.0
3,3,loading,0.65,05fdfe4de7cfc1d67613e63271ea15ee16092b6e37d5e5bd01be2b414a8d8519,3052,77.0,35.0,interior,-0.0,-0.0,-0.0,-0.0,-0.0,-0.0
3,3,loading,0.65,05fdfe4de7cfc1d67613e63271ea15ee16092b6e37d5e5bd01be2b414a8d8519,3053,78.0,35.0,interior,-0.0,-0.0,-0.0,-0.0,-0.0,-0.0
3,3,loading,0.65,05fdfe4de7cfc1d67613e63271ea15ee16092b6e37d5e5bd01be2b414a8d8519,3054,79.0,35.0,interior,-0.0,-0.0,-0.0,-0.0,-0.0,-0.0
3,3,loading,0.65,05fdfe4de7cfc1d67613e63271ea15ee16092b6e37d5e5bd01be2b414a8d8519,3055,80.0,35.0,physical_only,1.4945167530729396e-07,-8.394823692602238e-08,7.305732217070165e-07,-1.7904275519810267e-07,-5.811215463997223e-07,9.509451827207965e-08
3,3,loading,0.65,05fdfe4de7cfc1d67613e63271ea15ee16092b6e37d5e5bd01be2b414a8d8519,3122,62.0,36.0,physical_only,-4.024152017711401e-06,1.5533350286607446e-07,-3.1930939427073176e-06,5.736051560999469e-08,-8.310580750040836e-07,9.797298725607966e-08
3,3,loading,0.65,05fdfe4de7cfc1d67613e63271ea15ee16092b6e37d5e5bd01be2b414a8d8519,3123,63.0,36.0,interior,-0.0,-0.0,-0.0,-0.0,-0.0,-0.0
3,3,loading,0.65,05fdfe4de7cfc1d67613e63271ea15ee16092b6e37d5e5bd01be2b414a8d8519,3124,64.0,36.0,interior,-0.0,-0.0,-0.0,-0.0,-0.0,-0.0
3,3,loading,0.65,05fdfe4de7cfc1d67613e63271ea15ee16092b6e37d5e5bd01be2b414a8d8519,3125,65.0,36.0,interior,-0.0,-0.0,-0.0,-0.0,-0.0,-0.0
3,3,loading,0.65,05fdfe4de7cfc1d67613e63271ea15ee16092b6e37d5e5bd01be2b414a8d8519,3126,66.0,36.0,interior,-0.0,-0.0,-0.0,-0.0,-0.0,-0.0
3,3,loading,0.65,05fdfe4de7cfc1d67613e63271ea15ee16092b6e37d5e5bd01be2b414a8d8519,3127,67.0,36.0,interior,-0.0,-0.0,-0.0,-0.0,-0.0,-0.0
3,3,loading,0.65,05fdfe4de7cfc1d67613e63271ea15ee16092b6e37d5e5bd01be2b414a8d8519,3128,68.0,36.0,interior,-0.0,-0.0,-0.0,-0.0,-0.0,-0.0
3,3,loading,0.65,05fdfe4de7cfc1d67613e63271ea15ee16092b6e37d5e5bd01be2b414a8d8519,3129,69.0,36.0,interior,-0.0,-0.0,-0.0,-0.0,-0.0,-0.0
3,3,loading,0.65,05fdfe4de7cfc1d67613e63271ea15ee16092b6e37d5e5bd01be2b414a8d8519,3130,70.0,36.0,interior,-0.0,-0.0,-0.0,-0.0,-0.0,-0.0
3,3,loading,0.65,05fdfe4de7cfc1d67613e63271ea15ee16092b6e37d5e5bd01be2b414a8d8519,3131,71.0,36.0,interior,-0.0,-0.0,-0.0,-0.0,-0.0,-0.0
3,3,loading,0.65,05fdfe4de7cfc1d67613e63271ea15ee16092b6e37d5e5bd01be2b414a8d8519,3132,72.0,36.0,interior,-0.0,-0.0,-0.0,-0.0,-0.0,-0.0
3,3,loading,0.65,05fdfe4de7cfc1d67613e63271ea15ee16092b6e37d5e5bd01be2b414a8d8519,3133,73.0,36.0,interior,-0.0,-0.0,-0.0,-0.0,-0.0,-0.0
3,3,loading,0.65,05fdfe4de7cfc1d67613e63271ea15ee16092b6e37d5e5bd01be2b414a8d8519,3134,74.0,36.0,interior,-0.0,-0.0,-0.0,-0.0,-0.0,-0.0
3,3,loading,0.65,05fdfe4de7cfc1d67613e63271ea15ee16092b6e37d5e5bd01be2b414a8d8519,3135,75.0,36.0,interior,-0.0,-0.0,-0.0,-0.0,-0.0,-0.0
3,3,loading,0.65,05fdfe4de7cfc1d67613e63271ea15ee16092b6e37d5e5bd01be2b414a8d8519,3136,76.0,36.0,interior,-0.0,-0.0,-0.0,-0.0,-0.0,-0.0
3,3,loading,0.65,05fdfe4de7cfc1d67613e63271ea15ee16092b6e37d5e5bd01be2b414a8d8519,3137,77.0,36.0,interior,-0.0,-0.0,-0.0,-0.0,-0.0,-0.0
3,3,loading,0.65,05fdfe4de7cfc1d67613e63271ea15ee16092b6e37d5e5bd01be2b414a8d8519,3138,78.0,36.0,interior,-0.0,-0.0,-0.0,-0.0,-0.0,-0.0
3,3,loading,0.65,05fdfe4de7cfc1d67613e63271ea15ee16092b6e37d5e5bd01be2b414a8d8519,3139,79.0,36.0,interior,-0.0,-0.0,-0.0,-0.0,-0.0,-0.0
3,3,loading,0.65,05fdfe4de7cfc1d67613e63271ea15ee16092b6e37d5e5bd01be2b414a8d8519,3140,80.0,36.0,physical_only,1.4674041134805808e-07,-6.564434269501083e-08,7.000416855954008e-07,-1.4232454354247207e-07,-5.533012742473432e-07,7.66802008474605e-08
3,3,loading,0.65,05fdfe4de7cfc1d67613e63271ea15ee16092b6e37d5e5bd01be2b414a8d8519,3207,62.0,37.0,physical_only,-4.162659732110391e-06,1.9810294944682964e-07,-3.2541632521035e-06,4.4858651264925776e-08,-9.084964800068908e-07,1.5324429818190418e-07
3,3,loading,0.65,05fdfe4de7cfc1d67613e63271ea15ee16092b6e37d5e5bd01be2b414a8d8519,3208,63.0,37.0,interior,-0.0,-0.0,-0.0,-0.0,-0.0,-0.0
3,3,loading,0.65,05fdfe4de7cfc1d67613e63271ea15ee16092b6e37d5e5bd01be2b414a8d8519,3209,64.0,37.0,interior,-0.0,-0.0,-0.0,-0.0,-0.0,-0.0
3,3,loading,0.65,05fdfe4de7cfc1d67613e63271ea15ee16092b6e37d5e5bd01be2b414a8d8519,3210,65.0,37.0,interior,-0.0,-0.0,-0.0,-0.0,-0.0,-0.0
3,3,loading,0.65,05fdfe4de7cfc1d67613e63271ea15ee16092b6e37d5e5bd01be2b414a8d8519,3211,66.0,37.0,interior,-0.0,-0.0,-0.0,-0.0,-0.0,-0.0
3,3,loading,0.65,05fdfe4de7cfc1d67613e63271ea15ee16092b6e37d5e5bd01be2b414a8d8519,3212,67.0,37.0,interior,-0.0,-0.0,-0.0,-0.0,-0.0,-0.0
3,3,loading,0.65,05fdfe4de7cfc1d67613e63271ea15ee16092b6e37d5e5bd01be2b414a8d8519,3213,68.0,37.0,interior,-0.0,-0.0,-0.0,-0.0,-0.0,-0.0
3,3,loading,0.65,05fdfe4de7cfc1d67613e63271ea15ee16092b6e37d5e5bd01be2b414a8d8519,3214,69.0,37.0,interior,-0.0,-0.0,-0.0,-0.0,-0.0,-0.0
3,3,loading,0.65,05fdfe4de7cfc1d67613e63271ea15ee16092b6e37d5e5bd01be2b414a8d8519,3215,70.0,37.0,interior,-0.0,-0.0,-0.0,-0.0,-0.0,-0.0
3,3,loading,0.65,05fdfe4de7cfc1d67613e63271ea15ee16092b6e37d5e5bd01be2b414a8d8519,3216,71.0,37.0,interior,-0.0,-0.0,-0.0,-0.0,-0.0,-0.0
3,3,loading,0.65,05fdfe4de7cfc1d67613e63271ea15ee16092b6e37d5e5bd01be2b414a8d8519,3217,72.0,37.0,interior,-0.0,-0.0,-0.0,-0.0,-0.0,-0.0
3,3,loading,0.65,05fdfe4de7cfc1d67613e63271ea15ee16092b6e37d5e5bd01be2b414a8d8519,3218,73.0,37.0,interior,-0.0,-0.0,-0.0,-0.0,-0.0,-0.0
3,3,loading,0.65,05fdfe4de7cfc1d67613e63271ea15ee16092b6e37d5e5bd01be2b414a8d8519,3219,74.0,37.0,interior,-0.0,-0.0,-0.0,-0.0,-0.0,-0.0
3,3,loading,0.65,05fdfe4de7cfc1d67613e63271ea15ee16092b6e37d5e5bd01be2b414a8d8519,3220,75.0,37.0,interior,-0.0,-0.0,-0.0,-0.0,-0.0,-0.0
3,3,loading,0.65,05fdfe4de7cfc1d67613e63271ea15ee16092b6e37d5e5bd01be2b414a8d8519,3221,76.0,37.0,interior,-0.0,-0.0,-0.0,-0.0,-0.0,-0.0
3,3,loading,0.65,05fdfe4de7cfc1d67613e63271ea15ee16092b6e37d5e5bd01be2b414a8d8519,3222,77.0,37.0,interior,-0.0,-0.0,-0.0,-0.0,-0.0,-0.0
3,3,loading,0.65,05fdfe4de7cfc1d67613e63271ea15ee16092b6e37d5e5bd01be2b414a8d8519,3223,78.0,37.0,interior,-0.0,-0.0,-0.0,-0.0,-0.0,-0.0
3,3,loading,0.65,05fdfe4de7cfc1d67613e63271ea15ee16092b6e37d5e5bd01be2b414a8d8519,3224,79.0,37.0,interior,-0.0,-0.0,-0.0,-0.0,-0.0,-0.0
3,3,loading,0.65,05fdfe4de7cfc1d67613e63271ea15ee16092b6e37d5e5bd01be2b414a8d8519,3225,80.0,37.0,physical_only,1.4466086084352472e-07,-4.837174102058726e-08,6.76731403452609e-07,-1.0621811647459712e-07,-5.320705426090841e-07,5.7846375454010385e-08
3,3,loading,0.65,05fdfe4de7cfc1d67613e63271ea15ee16092b6e37d5e5bd01be2b414a8d8519,3292,62.0,38.0,physical_only,-4.28255932477765e-06,1.6135312688549318e-07,-3.2990885546293235e-06,3.098097177160763e-08,-9.834707701483267e-07,1.3037215511388544e-07
3,3,loading,0.65,05fdfe4de7cfc1d67613e63271ea15ee16092b6e37d5e5bd01be2b414a8d8519,3293,63.0,38.0,interior,-0.0,-0.0,-0.0,-0.0,-0.0,-0.0
3,3,loading,0.65,05fdfe4de7cfc1d67613e63271ea15ee16092b6e37d5e5bd01be2b414a8d8519,3294,64.0,38.0,interior,-0.0,-0.0,-0.0,-0.0,-0.0,-0.0
3,3,loading,0.65,05fdfe4de7cfc1d67613e63271ea15ee16092b6e37d5e5bd01be2b414a8d8519,3295,65.0,38.0,interior,-0.0,-0.0,-0.0,-0.0,-0.0,-0.0
3,3,loading,0.65,05fdfe4de7cfc1d67613e63271ea15ee16092b6e37d5e5bd01be2b414a8d8519,3296,66.0,38.0,interior,-0.0,-0.0,-0.0,-0.0,-0.0,-0.0
3,3,loading,0.65,05fdfe4de7cfc1d67613e63271ea15ee16092b6e37d5e5bd01be2b414a8d8519,3297,67.0,38.0,interior,-0.0,-0.0,-0.0,-0.0,-0.0,-0.0
3,3,loading,0.65,05fdfe4de7cfc1d67613e63271ea15ee16092b6e37d5e5bd01be2b414a8d8519,3298,68.0,38.0,interior,-0.0,-0.0,-0.0,-0.0,-0.0,-0.0
3,3,loading,0.65,05fdfe4de7cfc1d67613e63271ea15ee16092b6e37d5e5bd01be2b414a8d8519,3299,69.0,38.0,interior,-0.0,-0.0,-0.0,-0.0,-0.0,-0.0
3,3,loading,0.65,05fdfe4de7cfc1d67613e63271ea15ee16092b6e37d5e5bd01be2b414a8d8519,3300,70.0,38.0,interior,-0.0,-0.0,-0.0,-0.0,-0.0,-0.0
3,3,loading,0.65,05fdfe4de7cfc1d67613e63271ea15ee16092b6e37d5e5bd01be2b414a8d8519,3301,71.0,38.0,interior,-0.0,-0.0,-0.0,-0.0,-0.0,-0.0
3,3,loading,0.65,05fdfe4de7cfc1d67613e63271ea15ee16092b6e37d5e5bd01be2b414a8d8519,3302,72.0,38.0,interior,-0.0,-0.0,-0.0,-0.0,-0.0,-0.0
3,3,loading,0.65,05fdfe4de7cfc1d67613e63271ea15ee16092b6e37d5e5bd01be2b414a8d8519,3303,73.0,38.0,interior,-0.0,-0.0,-0.0,-0.0,-0.0,-0.0
3,3,loading,0.65,05fdfe4de7cfc1d67613e63271ea15ee16092b6e37d5e5bd01be2b414a8d8519,3304,74.0,38.0,interior,-0.0,-0.0,-0.0,-0.0,-0.0,-0.0
3,3,loading,0.65,05fdfe4de7cfc1d67613e63271ea15ee16092b6e37d5e5bd01be2b414a8d8519,3305,75.0,38.0,interior,-0.0,-0.0,-0.0,-0.0,-0.0,-0.0
3,3,loading,0.65,05fdfe4de7cfc1d67613e63271ea15ee16092b6e37d5e5bd01be2b414a8d8519,3306,76.0,38.0,interior,-0.0,-0.0,-0.0,-0.0,-0.0,-0.0
3,3,loading,0.65,05fdfe4de7cfc1d67613e63271ea15ee16092b6e37d5e5bd01be2b414a8d8519,3307,77.0,38.0,interior,-0.0,-0.0,-0.0,-0.0,-0.0,-0.0
3,3,loading,0.65,05fdfe4de7cfc1d67613e63271ea15ee16092b6e37d5e5bd01be2b414a8d8519,3308,78.0,38.0,interior,-0.0,-0.0,-0.0,-0.0,-0.0,-0.0
3,3,loading,0.65,05fdfe4de7cfc1d67613e63271ea15ee16092b6e37d5e5bd01be2b414a8d8519,3309,79.0,38.0,interior,-0.0,-0.0,-0.0,-0.0,-0.0,-0.0
3,3,loading,0.65,05fdfe4de7cfc1d67613e63271ea15ee16092b6e37d5e5bd01be2b414a8d8519,3310,80.0,38.0,physical_only,1.431905347806564e-07,-3.1845117096790805e-08,6.603111025943773e-07,-7.056381040673542e-08,-5.17120567813721e-07,3.87186933099447e-08
3,3,loading,0.65,05fdfe4de7cfc1d67613e63271ea15ee16092b6e37d5e5bd01be2b414a8d8519,3377,62.0,39.0,physical_only,-4.355520718201124e-06,8.68783906906797e-08,-3.3266416555211426e-06,1.5843940675988262e-08,-1.0288790626799803e-06,7.103445001469122e-08
3,3,loading,0.65,05fdfe4de7cfc1d67613e63271ea15ee16092b6e37d5e5bd01be2b414a8d8519,3378,63.0,39.0,interior,-0.0,-0.0,-0.0,-0.0,-0.0,-0.0
3,3,loading,0.65,05fdfe4de7cfc1d67613e63271ea15ee16092b6e37d5e5bd01be2b414a8d8519,3379,64.0,39.0,interior,-0.0,-0.0,-0.0,-0.0,-0.0,-0.0
3,3,loading,0.65,05fdfe4de7cfc1d67613e63271ea15ee16092b6e37d5e5bd01be2b414a8d8519,3380,65.0,39.0,interior,-0.0,-0.0,-0.0,-0.0,-0.0,-0.0
3,3,loading,0.65,05fdfe4de7cfc1d67613e63271ea15ee16092b6e37d5e5bd01be2b414a8d8519,3381,66.0,39.0,interior,-0.0,-0.0,-0.0,-0.0,-0.0,-0.0
3,3,loading,0.65,05fdfe4de7cfc1d67613e63271ea15ee16092b6e37d5e5bd01be2b414a8d8519,3382,67.0,39.0,interior,-0.0,-0.0,-0.0,-0.0,-0.0,-0.0
3,3,loading,0.65,05fdfe4de7cfc1d67613e63271ea15ee16092b6e37d5e5bd01be2b414a8d8519,3383,68.0,39.0,interior,-0.0,-0.0,-0.0,-0.0,-0.0,-0.0
3,3,loading,0.65,05fdfe4de7cfc1d67613e63271ea15ee16092b6e37d5e5bd01be2b414a8d8519,3384,69.0,39.0,interior,-0.0,-0.0,-0.0,-0.0,-0.0,-0.0
3,3,loading,0.65,05fdfe4de7cfc1d67613e63271ea15ee16092b6e37d5e5bd01be2b414a8d8519,3385,70.0,39.0,interior,-0.0,-0.0,-0.0,-0.0,-0.0,-0.0
3,3,loading,0.65,05fdfe4de7cfc1d67613e63271ea15ee16092b6e37d5e5bd01be2b414a8d8519,3386,71.0,39.0,interior,-0.0,-0.0,-0.0,-0.0,-0.0,-0.0
3,3,loading,0.65,05fdfe4de7cfc1d67613e63271ea15ee16092b6e37d5e5bd01be2b414a8d8519,3387,72.0,39.0,interior,-0.0,-0.0,-0.0,-0.0,-0.0,-0.0
3,3,loading,0.65,05fdfe4de7cfc1d67613e63271ea15ee16092b6e37d5e5bd01be2b414a8d8519,3388,73.0,39.0,interior,-0.0,-0.0,-0.0,-0.0,-0.0,-0.0
3,3,loading,0.65,05fdfe4de7cfc1d67613e63271ea15ee16092b6e37d5e5bd01be2b414a8d8519,3389,74.0,39.0,interior,-0.0,-0.0,-0.0,-0.0,-0.0,-0.0
3,3,loading,0.65,05fdfe4de7cfc1d67613e63271ea15ee16092b6e37d5e5bd01be2b414a8d8519,3390,75.0,39.0,interior,-0.0,-0.0,-0.0,-0.0,-0.0,-0.0
3,3,loading,0.65,05fdfe4de7cfc1d67613e63271ea15ee16092b6e37d5e5bd01be2b414a8d8519,3391,76.0,39.0,interior,-0.0,-0.0,-0.0,-0.0,-0.0,-0.0
3,3,loading,0.65,05fdfe4de7cfc1d67613e63271ea15ee16092b6e37d5e5bd01be2b414a8d8519,3392,77.0,39.0,interior,-0.0,-0.0,-0.0,-0.0,-0.0,-0.0
3,3,loading,0.65,05fdfe4de7cfc1d67613e63271ea15ee16092b6e37d5e5bd01be2b414a8d8519,3393,78.0,39.0,interior,-0.0,-0.0,-0.0,-0.0,-0.0,-0.0
3,3,loading,0.65,05fdfe4de7cfc1d67613e63271ea15ee16092b6e37d5e5bd01be2b414a8d8519,3394,79.0,39.0,interior,-0.0,-0.0,-0.0,-0.0,-0.0,-0.0
3,3,loading,0.65,05fdfe4de7cfc1d67613e63271ea15ee16092b6e37d5e5bd01be2b414a8d8519,3395,80.0,39.0,physical_only,1.423142081290373e-07,-1.580321840809491e-08,6.505497855252971e-07,-3.520779412093275e-08,-5.082355773962599e-07,1.9404575712838736e-08
3,3,loading,0.65,05fdfe4de7cfc1d67613e63271ea15ee16092b6e37d5e5bd01be2b414a8d8519,3462,62.0,40.0,physical_and_cut,-2.189587050011495e-06,-2.141571343211457e-06,-1.6679652041388992e-06,-7.479775669886324e-07,-5.216218458725958e-07,-1.3935937762228245e-06
3,3,loading,0.65,05fdfe4de7cfc1d67613e63271ea15ee16092b6e37d5e5bd01be2b414a8d8519,3463,63.0,40.0,cut_only,-0.0,-0.0,-0.0,-0.0,-0.0,-0.0
3,3,loading,0.65,05fdfe4de7cfc1d67613e63271ea15ee16092b6e37d5e5bd01be2b414a8d8519,3464,64.0,40.0,cut_only,-0.0,-0.0,-0.0,-0.0,-0.0,-0.0
3,3,loading,0.65,05fdfe4de7cfc1d67613e63271ea15ee16092b6e37d5e5bd01be2b414a8d8519,3465,65.0,40.0,cut_only,-0.0,-0.0,-0.0,-0.0,-0.0,-0.0
3,3,loading,0.65,05fdfe4de7cfc1d67613e63271ea15ee16092b6e37d5e5bd01be2b414a8d8519,3466,66.0,40.0,cut_only,-0.0,-0.0,-0.0,-0.0,-0.0,-0.0
3,3,loading,0.65,05fdfe4de7cfc1d67613e63271ea15ee16092b6e37d5e5bd01be2b414a8d8519,3467,67.0,40.0,cut_only,-0.0,-0.0,-0.0,-0.0,-0.0,-0.0
3,3,loading,0.65,05fdfe4de7cfc1d67613e63271ea15ee16092b6e37d5e5bd01be2b414a8d8519,3468,68.0,40.0,cut_only,-0.0,-0.0,-0.0,-0.0,-0.0,-0.0
3,3,loading,0.65,05fdfe4de7cfc1d67613e63271ea15ee16092b6e37d5e5bd01be2b414a8d8519,3469,69.0,40.0,cut_only,-0.0,-0.0,-0.0,-0.0,-0.0,-0.0
3,3,loading,0.65,05fdfe4de7cfc1d67613e63271ea15ee16092b6e37d5e5bd01be2b414a8d8519,3470,70.0,40.0,cut_only,-0.0,-0.0,-0.0,-0.0,-0.0,-0.0
3,3,loading,0.65,05fdfe4de7cfc1d67613e63271ea15ee16092b6e37d5e5bd01be2b414a8d8519,3471,71.0,40.0,cut_only,-0.0,-0.0,-0.0,-0.0,-0.0,-0.0
3,3,loading,0.65,05fdfe4de7cfc1d67613e63271ea15ee16092b6e37d5e5bd01be2b414a8d8519,3472,72.0,40.0,cut_only,-0.0,-0.0,-0.0,-0.0,-0.0,-0.0
3,3,loading,0.65,05fdfe4de7cfc1d67613e63271ea15ee16092b6e37d5e5bd01be2b414a8d8519,3473,73.0,40.0,cut_only,-0.0,-0.0,-0.0,-0.0,-0.0,-0.0
3,3,loading,0.65,05fdfe4de7cfc1d67613e63271ea15ee16092b6e37d5e5bd01be2b414a8d8519,3474,74.0,40.0,cut_only,-0.0,-0.0,-0.0,-0.0,-0.0,-0.0
3,3,loading,0.65,05fdfe4de7cfc1d67613e63271ea15ee16092b6e37d5e5bd01be2b414a8d8519,3475,75.0,40.0,cut_only,-0.0,-0.0,-0.0,-0.0,-0.0,-0.0
3,3,loading,0.65,05fdfe4de7cfc1d67613e63271ea15ee16092b6e37d5e5bd01be2b414a8d8519,3476,76.0,40.0,cut_only,-0.0,-0.0,-0.0,-0.0,-0.0,-0.0
3,3,loading,0.65,05fdfe4de7cfc1d67613e63271ea15ee16092b6e37d5e5bd01be2b414a8d8519,3477,77.0,40.0,cut_only,-0.0,-0.0,-0.0,-0.0,-0.0,-0.0
3,3,loading,0.65,05fdfe4de7cfc1d67613e63271ea15ee16092b6e37d5e5bd01be2b414a8d8519,3478,78.0,40.0,cut_only,-0.0,-0.0,-0.0,-0.0,-0.0,-0.0
3,3,loading,0.65,05fdfe4de7cfc1d67613e63271ea15ee16092b6e37d5e5bd01be2b414a8d8519,3479,79.0,40.0,cut_only,-0.0,-0.0,-0.0,-0.0,-0.0,-0.0
3,3,loading,0.65,05fdfe4de7cfc1d67613e63271ea15ee16092b6e37d5e5bd01be2b414a8d8519,3480,80.0,40.0,physical_and_cut,7.101153107094766e-08,8.581507526199454e-06,3.2365552446523035e-07,-1.5618672235019285e-07,-2.526439933942827e-07,8.737694248549646e-06
4,4,loading,0.75,b17858998c5417cb3e1a008911e9b1eb236d96c6d504547411c84d9c887d01d7,2697,62.0,31.0,physical_only,-0.00037710368886538227,-3.3116778829454494e-05,-5.101220081743685e-06,5.406727263619551e-06,-0.00037200246878363856,-3.852350609307401e-05
4,4,loading,0.75,b17858998c5417cb3e1a008911e9b1eb236d96c6d504547411c84d9c887d01d7,2698,63.0,31.0,physical_only,-1.53969668709072e-06,-3.5903376716434575e-05,-2.7333660491650773e-06,6.118222765184088e-06,1.1936693620743574e-06,-4.2021599481618666e-05
4,4,loading,0.75,b17858998c5417cb3e1a008911e9b1eb236d96c6d504547411c84d9c887d01d7,2699,64.0,31.0,physical_only,1.0698822900936857e-07,-4.689602652363132e-05,-2.7845642125385967e-06,7.770729205705896e-06,2.8915524415479652e-06,-5.466675572933722e-05
4,4,loading,0.75,b17858998c5417cb3e1a008911e9b1eb236d96c6d504547411c84d9c887d01d7,2700,65.0,31.0,physical_only,4.894813603752435e-07,-6.191185087742196e-05,-2.847810018353511e-06,9.624152890483693e-06,3.337291378728756e-06,-7.153600376790567e-05
4,4,loading,0.75,b17858998c5417cb3e1a008911e9b1eb236d96c6d504547411c84d9c887d01d7,2701,66.0,31.0,physical_only,-3.443348720796665e-07,-7.897511756636269e-05,-2.9227610785211877e-06,1.1734898956909676e-05,2.5784262064415195e-06,-9.071001652327236e-05
4,4,loading,0.75,b17858998c5417cb3e1a008911e9b1eb236d96c6d504547411c84d9c887d01d7,2702,67.0,31.0,physical_only,-1.5457854799492072e-06,-9.764572143857765e-05,-3.006798475043754e-06,1.4163584970123566e-05,1.4610129950945449e-06,-0.0001118093064087013
4,4,loading,0.75,b17858998c5417cb3e1a008911e9b1eb236d96c6d504547411c84d9c887d01d7,2703,68.0,31.0,physical_only,-1.6124425406634154e-06,-0.00011963469755956011,-3.099283534993228e-06,1.6979494844470316e-05,1.4868409943298153e-06,-0.0001366141924040304
4,4,loading,0.75,b17858998c5417cb3e1a008911e9b1eb236d96c6d504547411c84d9c887d01d7,2704,69.0,31.0,physical_only,-1.9053057539061205e-06,-0.00014643720461237416,-3.201486705808166e-06,2.0269948691306247e-05,1.2961809519020448e-06,-0.00016670715330368029
4,4,loading,0.75,b17858998c5417cb3e1a008911e9b1eb236d96c6d504547411c84d9c887d01d7,2705,70.0,31.0,physical_only,-2.3393902725144085e-06,-0.00017802636578672336,-3.316253901775747e-06,2.4150702591592508e-05,9.768636292613385e-07,-0.00020217706837831592
4,4,loading,0.75,b17858998c5417cb3e1a008911e9b1eb236d96c6d504547411c84d9c887d01d7,2706,71.0,31.0,physical_only,-2.9346359245615304e-06,-0.00021492285927920138,-3.4469529507613204e-06,2.8777293353053907e-05,5.123170261997878e-07,-0.00024370015263225527
4,4,loading,0.75,b17858998c5417cb3e1a008911e9b1eb236d96c6d504547411c84d9c887d01d7,2707,72.0,31.0,physical_only,-3.657191862357506e-06,-0.0002576282462219816,-3.5982841369827716e-06,3.4362937916954233e-05,-5.8907725374732824e-08,-0.0002919911841389358
4,4,loading,0.75,b17858998c5417cb3e1a008911e9b1eb236d96c6d504547411c84d9c887d01d7,2708,73.0,31.0,physical_only,-4.7382262597078666e-06,-0.00030546966264420714,-3.7763389652560445e-06,4.120579900918021e-05,-9.618872944518234e-07,-0.00034667546165338746
4,4,loading,0.75,b17858998c5417cb3e1a008911e9b1eb236d96c6d504547411c84d9c887d01d7,2709,74.0,31.0,physical_only,-2.342446729547398e-06,-0.0003602855477845739,-3.991030833897594e-06,4.9736593379503546e-05,1.6485841043501928e-06,-0.0004100221411640773
4,4,loading,0.75,b17858998c5417cb3e1a008911e9b1eb236d96c6d504547411c84d9c887d01d7,2710,75.0,31.0,physical_only,3.3012003121971386e-06,-0.0004302906739303749,-4.260257227207851e-06,6.061314978527248e-05,7.561457539404992e-06,-0.0004909038237156478
4,4,loading,0.75,b17858998c5417cb3e1a008911e9b1eb236d96c6d504547411c84d9c887d01d7,2711,76.0,31.0,physical_only,1.0190435194852854e-05,-0.0005265154481920893,-4.616506666049065e-06,7.491505456364272e-05,1.480694186090192e-05,-0.000601430502755732
4,4,loading,0.75,b17858998c5417cb3e1a008911e9b1eb236d96c6d504547411c84d9c887d01d7,2712,77.0,31.0,physical_only,8.759986863938918e-06,-0.0006408957943138684,-5.107483916111279e-06,9.450713437619548e-05,1.3867470780050199e-05,-0.0007354029286900645
4,4,loading,0.75,b17858998c5417cb3e1a008911e9b1eb236d96c6d504547411c84d9c887d01d7,2713,78.0,31.0,physical_only,4.659631838485975e-06,-0.0007641216904139781,-5.810447521829468e-06,0.00012277992374249528,1.0470079360315438e-05,-0.0008869016141564729
4,4,loading,0.75,b17858998c5417cb3e1a008911e9b1eb236d96c6d504547411c84d9c887d01d7,2714,79.0,31.0,physical_only,-4.081881488870338e-06,-0.0007616609141833349,-6.812095380349741e-06,0.00016609899170983458,2.7302138914794073e-06,-0.0009277599058931706
4,4,loading,0.75,b17858998c5417cb3e1a008911e9b1eb236d96c6d504547411c84d9c887d01d7,2715,80.0,31.0,physical_only,-1.5051534862744608e-05,0.006686737659814288,7.842579009682265e-06,0.00017047328374841705,-2.289411387242687e-05,0.006516264376065871
4,4,loading,0.75,b17858998c5417cb3e1a008911e9b1eb236d96c6d504547411c84d9c887d01d7,2782,62.0,32.0,physical_only,-6.411748839765894e-06,-1.158367899325997e-06,-3.0553061246983558e-06,1.360940271155825e-07,-3.356442715067539e-06,-1.2944619264415797e-06
4,4,loading,0.75,b17858998c5417cb3e1a008911e9b1eb236d96c6d504547411c84d9c887d01d7,2783,63.0,32.0,interior,-0.0,-0.0,-0.0,-0.0,-0.0,-0.0
4,4,loading,0.75,b17858998c5417cb3e1a008911e9b1eb236d96c6d504547411c84d9c887d01d7,2784,64.0,32.0,interior,-0.0,-0.0,-0.0,-0.0,-0.0,-0.0
4,4,loading,0.75,b17858998c5417cb3e1a008911e9b1eb236d96c6d504547411c84d9c887d01d7,2785,65.0,32.0,interior,-0.0,-0.0,-0.0,-0.0,-0.0,-0.0
4,4,loading,0.75,b17858998c5417cb3e1a008911e9b1eb236d96c6d504547411c84d9c887d01d7,2786,66.0,32.0,interior,-0.0,-0.0,-0.0,-0.0,-0.0,-0.0
4,4,loading,0.75,b17858998c5417cb3e1a008911e9b1eb236d96c6d504547411c84d9c887d01d7,2787,67.0,32.0,interior,-0.0,-0.0,-0.0,-0.0,-0.0,-0.0
4,4,loading,0.75,b17858998c5417cb3e1a008911e9b1eb236d96c6d504547411c84d9c887d01d7,2788,68.0,32.0,interior,-0.0,-0.0,-0.0,-0.0,-0.0,-0.0
4,4,loading,0.75,b17858998c5417cb3e1a008911e9b1eb236d96c6d504547411c84d9c887d01d7,2789,69.0,32.0,interior,-0.0,-0.0,-0.0,-0.0,-0.0,-0.0
4,4,loading,0.75,b17858998c5417cb3e1a008911e9b1eb236d96c6d504547411c84d9c887d01d7,2790,70.0,32.0,interior,-0.0,-0.0,-0.0,-0.0,-0.0,-0.0
4,4,loading,0.75,b17858998c5417cb3e1a008911e9b1eb236d96c6d504547411c84d9c887d01d7,2791,71.0,32.0,interior,-0.0,-0.0,-0.0,-0.0,-0.0,-0.0
4,4,loading,0.75,b17858998c5417cb3e1a008911e9b1eb236d96c6d504547411c84d9c887d01d7,2792,72.0,32.0,interior,-0.0,-0.0,-0.0,-0.0,-0.0,-0.0
4,4,loading,0.75,b17858998c5417cb3e1a008911e9b1eb236d96c6d504547411c84d9c887d01d7,2793,73.0,32.0,interior,-0.0,-0.0,-0.0,-0.0,-0.0,-0.0
4,4,loading,0.75,b17858998c5417cb3e1a008911e9b1eb236d96c6d504547411c84d9c887d01d7,2794,74.0,32.0,interior,-0.0,-0.0,-0.0,-0.0,-0.0,-0.0
4,4,loading,0.75,b17858998c5417cb3e1a008911e9b1eb236d96c6d504547411c84d9c887d01d7,2795,75.0,32.0,interior,-0.0,-0.0,-0.0,-0.0,-0.0,-0.0
4,4,loading,0.75,b17858998c5417cb3e1a008911e9b1eb236d96c6d504547411c84d9c887d01d7,2796,76.0,32.0,interior,-0.0,-0.0,-0.0,-0.0,-0.0,-0.0
4,4,loading,0.75,b17858998c5417cb3e1a008911e9b1eb236d96c6d504547411c84d9c887d01d7,2797,77.0,32.0,interior,-0.0,-0.0,-0.0,-0.0,-0.0,-0.0
4,4,loading,0.75,b17858998c5417cb3e1a008911e9b1eb236d96c6d504547411c84d9c887d01d7,2798,78.0,32.0,interior,-0.0,-0.0,-0.0,-0.0,-0.0,-0.0
4,4,loading,0.75,b17858998c5417cb3e1a008911e9b1eb236d96c6d504547411c84d9c887d01d7,2799,79.0,32.0,interior,-0.0,-0.0,-0.0,-0.0,-0.0,-0.0
4,4,loading,0.75,b17858998c5417cb3e1a008911e9b1eb236d96c6d504547411c84d9c887d01d7,2800,80.0,32.0,physical_only,3.519198174185149e-07,-2.3602465833444527e-07,1.0530721126440538e-06,-7.10860171361748e-07,-7.011522952255391e-07,4.7483551302730375e-07
4,4,loading,0.75,b17858998c5417cb3e1a008911e9b1eb236d96c6d504547411c84d9c887d01d7,2867,62.0,33.0,physical_only,-5.1779891431693815e-06,-7.580955917913132e-07,-3.23006614635832e-06,1.061048656381345e-07,-1.9479229968110607e-06,-8.642004574294476e-07
4,4,loading,0.75,b17858998c5417cb3e1a008911e9b1eb236d96c6d504547411c84d9c887d01d7,2868,63.0,33.0,interior,-0.0,-0.0,-0.0,-0.0,-0.0,-0.0
4,4,loading,0.75,b17858998c5417cb3e1a008911e9b1eb236d96c6d504547411c84d9c887d01d7,2869,64.0,33.0,interior,-0.0,-0.0,-0.0,-0.0,-0.0,-0.0
4,4,loading,0.75,b17858998c5417cb3e1a008911e9b1eb236d96c6d504547411c84d9c887d01d7,2870,65.0,33.0,interior,-0.0,-0.0,-0.0,-0.0,-0.0,-0.0
4,4,loading,0.75,b17858998c5417cb3e1a008911e9b1eb236d96c6d504547411c84d9c887d01d7,2871,66.0,33.0,interior,-0.0,-0.0,-0.0,-0.0,-0.0,-0.0
4,4,loading,0.75,b17858998c5417cb3e1a008911e9b1eb236d96c6d504547411c84d9c887d01d7,2872,67.0,33.0,interior,-0.0,-0.0,-0.0,-0.0,-0.0,-0.0
4,4,loading,0.75,b17858998c5417cb3e1a008911e9b1eb236d96c6d504547411c84d9c887d01d7,2873,68.0,33.0,interior,-0.0,-0.0,-0.0,-0.0,-0.0,-0.0
4,4,loading,0.75,b17858998c5417cb3e1a008911e9b1eb236d96c6d504547411c84d9c887d01d7,2874,69.0,33.0,interior,-0.0,-0.0,-0.0,-0.0,-0.0,-0.0
4,4,loading,0.75,b17858998c5417cb3e1a008911e9b1eb236d96c6d504547411c84d9c887d01d7,2875,70.0,33.0,interior,-0.0,-0.0,-0.0,-0.0,-0.0,-0.0
4,4,loading,0.75,b17858998c5417cb3e1a008911e9b1eb236d96c6d504547411c84d9c887d01d7,2876,71.0,33.0,interior,-0.0,-0.0,-0.0,-0.0,-0.0,-0.0
4,4,loading,0.75,b17858998c5417cb3e1a008911e9b1eb236d96c6d504547411c84d9c887d01d7,2877,72.0,33.0,interior,-0.0,-0.0,-0.0,-0.0,-0.0,-0.0
4,4,loading,0.75,b17858998c5417cb3e1a008911e9b1eb236d96c6d504547411c84d9c887d01d7,2878,73.0,33.0,interior,-0.0,-0.0,-0.0,-0.0,-0.0,-0.0
4,4,loading,0.75,b17858998c5417cb3e1a008911e9b1eb236d96c6d504547411c84d9c887d01d7,2879,74.0,33.0,interior,-0.0,-0.0,-0.0,-0.0,-0.0,-0.0
4,4,loading,0.75,b17858998c5417cb3e1a008911e9b1eb236d96c6d504547411c84d9c887d01d7,2880,75.0,33.0,interior,-0.0,-0.0,-0.0,-0.0,-0.0,-0.0
4,4,loading,0.75,b17858998c5417cb3e1a008911e9b1eb236d96c6d504547411c84d9c887d01d7,2881,76.0,33.0,interior,-0.0,-0.0,-0.0,-0.0,-0.0,-0.0
4,4,loading,0.75,b17858998c5417cb3e1a008911e9b1eb236d96c6d504547411c84d9c887d01d7,2882,77.0,33.0,interior,-0.0,-0.0,-0.0,-0.0,-0.0,-0.0
4,4,loading,0.75,b17858998c5417cb3e1a008911e9b1eb236d96c6d504547411c84d9c887d01d7,2883,78.0,33.0,interior,-0.0,-0.0,-0.0,-0.0,-0.0,-0.0
4,4,loading,0.75,b17858998c5417cb3e1a008911e9b1eb236d96c6d504547411c84d9c887d01d7,2884,79.0,33.0,interior,-0.0,-0.0,-0.0,-0.0,-0.0,-0.0
4,4,loading,0.75,b17858998c5417cb3e1a008911e9b1eb236d96c6d504547411c84d9c887d01d7,2885,80.0,33.0,physical_only,3.4351011409774064e-07,-1.9719059253674293e-07,9.949152451516735e-07,-6.147582257407383e-07,-6.514051310539334e-07,4.175676332039933e-07
4,4,loading,0.75,b17858998c5417cb3e1a008911e9b1eb236d96c6d504547411c84d9c887d01d7,2952,62.0,34.0,physical_only,-4.624066338130031e-06,-3.2316940986441324e-07,-3.3683518080120777e-06,8.677078045879375e-08,-1.255714530117954e-06,-4.099401903232072e-07
4,4,loading,0.75,b17858998c5417cb3e1a008911e9b1eb236d96c6d504547411c84d9c887d01d7,2953,63.0,34.0,interior,-0.0,-0.0,-0.0,-0.0,-0.0,-0.0
4,4,loading,0.75,b17858998c5417cb3e1a008911e9b1eb236d96c6d504547411c84d9c887d01d7,2954,64.0,34.0,interior,-0.0,-0.0,-0.0,-0.0,-0.0,-0.0
4,4,loading,0.75,b17858998c5417cb3e1a008911e9b1eb236d96c6d504547411c84d9c887d01d7,2955,65.0,34.0,interior,-0.0,-0.0,-0.0,-0.0,-0.0,-0.0
4,4,loading,0.75,b17858998c5417cb3e1a008911e9b1eb236d96c6d504547411c84d9c887d01d7,2956,66.0,34.0,interior,-0.0,-0.0,-0.0,-0.0,-0.0,-0.0
4,4,loading,0.75,b17858998c5417cb3e1a008911e9b1eb236d96c6d504547411c84d9c887d01d7,2957,67.0,34.0,interior,-0.0,-0.0,-0.0,-0.0,-0.0,-0.0
4,4,loading,0.75,b17858998c5417cb3e1a008911e9b1eb236d96c6d504547411c84d9c887d01d7,2958,68.0,34.0,interior,-0.0,-0.0,-0.0,-0.0,-0.0,-0.0
4,4,loading,0.75,b17858998c5417cb3e1a008911e9b1eb236d96c6d504547411c84d9c887d01d7,2959,69.0,34.0,interior,-0.0,-0.0,-0.0,-0.0,-0.0,-0.0
4,4,loading,0.75,b17858998c5417cb3e1a008911e9b1eb236d96c6d504547411c84d9c887d01d7,2960,70.0,34.0,interior,-0.0,-0.0,-0.0,-0.0,-0.0,-0.0
4,4,loading,0.75,b17858998c5417cb3e1a008911e9b1eb236d96c6d504547411c84d9c887d01d7,2961,71.0,34.0,interior,-0.0,-0.0,-0.0,-0.0,-0.0,-0.0
4,4,loading,0.75,b17858998c5417cb3e1a008911e9b1eb236d96c6d504547411c84d9c887d01d7,2962,72.0,34.0,interior,-0.0,-0.0,-0.0,-0.0,-0.0,-0.0
4,4,loading,0.75,b17858998c5417cb3e1a008911e9b1eb236d96c6d504547411c84d9c887d01d7,2963,73.0,34.0,interior,-0.0,-0.0,-0.0,-0.0,-0.0,-0.0
4,4,loading,0.75,b17858998c5417cb3e1a008911e9b1eb236d96c6d504547411c84d9c887d01d7,2964,74.0,34.0,interior,-0.0,-0.0,-0.0,-0.0,-0.0,-0.0
4,4,loading,0.75,b17858998c5417cb3e1a008911e9b1eb236d96c6d504547411c84d9c887d01d7,2965,75.0,34.0,interior,-0.0,-0.0,-0.0,-0.0,-0.0,-0.0
4,4,loading,0.75,b17858998c5417cb3e1a008911e9b1eb236d96c6d504547411c84d9c887d01d7,2966,76.0,34.0,interior,-0.0,-0.0,-0.0,-0.0,-0.0,-0.0
4,4,loading,0.75,b17858998c5417cb3e1a008911e9b1eb236d96c6d504547411c84d9c887d01d7,2967,77.0,34.0,interior,-0.0,-0.0,-0.0,-0.0,-0.0,-0.0
4,4,loading,0.75,b17858998c5417cb3e1a008911e9b1eb236d96c6d504547411c84d9c887d01d7,2968,78.0,34.0,interior,-0.0,-0.0,-0.0,-0.0,-0.0,-0.0
4,4,loading,0.75,b17858998c5417cb3e1a008911e9b1eb236d96c6d504547411c84d9c887d01d7,2969,79.0,34.0,interior,-0.0,-0.0,-0.0,-0.0,-0.0,-0.0
4,4,loading,0.75,b17858998c5417cb3e1a008911e9b1eb236d96c6d504547411c84d9c887d01d7,2970,80.0,34.0,physical_only,3.362739707979447e-07,-1.625252927631339e-07,9.461139684030828e-07,-5.21656891076372e-07,-6.098399976051379e-07,3.591315983132346e-07
4,4,loading,0.75,b17858998c5417cb3e1a008911e9b1eb236d96c6d504547411c84d9c887d01d7,3037,62.0,35.0,physical_only,-4.487655897180491e-06,7.824163102490815e-09,-3.481699631780196e-06,7.291887089377532e-08,-1.0059562654002945e-06,-6.50947077912845e-08
4,4,loading,0.75,b17858998c5417cb3e1a008911e9b1eb236d96c6d504547411c84d9c887d01d7,3038,63.0,35.0,interior,-0.0,-0.0,-0.0,-0.0,-0.0,-0.0
4,4,loading,0.75,b17858998c5417cb3e1a008911e9b1eb236d96c6d504547411c84d9c887d01d7,3039,64.0,35.0,interior,-0.0,-0.0,-0.0,-0.0,-0.0,-0.0
4,4,loading,0.75,b17858998c5417cb3e1a008911e9b1eb236d96c6d504547411c84d9c887d01d7,3040,65.0,35.0,interior,-0.0,-0.0,-0.0,-0.0,-0.0,-0.0
4,4,loading,0.75,b17858998c5417cb3e1a008911e9b1eb236d96c6d504547411c84d9c887d01d7,3041,66.0,35.0,interior,-0.0,-0.0,-0.0,-0.0,-0.0,-0.0
4,4,loading,0.75,b17858998c5417cb3e1a008911e9b1eb236d96c6d504547411c84d9c887d01d7,3042,67.0,35.0,interior,-0.0,-0.0,-0.0,-0.0,-0.0,-0.0
4,4,loading,0.75,b17858998c5417cb3e1a008911e9b1eb236d96c6d504547411c84d9c887d01d7,3043,68.0,35.0,interior,-0.0,-0.0,-0.0,-0.0,-0.0,-0.0
4,4,loading,0.75,b17858998c5417cb3e1a008911e9b1eb236d96c6d504547411c84d9c887d01d7,3044,69.0,35.0,interior,-0.0,-0.0,-0.0,-0.0,-0.0,-0.0
4,4,loading,0.75,b17858998c5417cb3e1a008911e9b1eb236d96c6d504547411c84d9c887d01d7,3045,70.0,35.0,interior,-0.0,-0.0,-0.0,-0.0,-0.0,-0.0
4,4,loading,0.75,b17858998c5417cb3e1a008911e9b1eb236d96c6d504547411c84d9c887d01d7,3046,71.0,35.0,interior,-0.0,-0.0,-0.0,-0.0,-0.0,-0.0
4,4,loading,0.75,b17858998c5417cb3e1a008911e9b1eb236d96c6d504547411c84d9c887d01d7,3047,72.0,35.0,interior,-0.0,-0.0,-0.0,-0.0,-0.0,-0.0
4,4,loading,0.75,b17858998c5417cb3e1a008911e9b1eb236d96c6d504547411c84d9c887d01d7,3048,73.0,35.0,interior,-0.0,-0.0,-0.0,-0.0,-0.0,-0.0
4,4,loading,0.75,b17858998c5417cb3e1a008911e9b1eb236d96c6d504547411c84d9c887d01d7,3049,74.0,35.0,interior,-0.0,-0.0,-0.0,-0.0,-0.0,-0.0
4,4,loading,0.75,b17858998c5417cb3e1a008911e9b1eb236d96c6d504547411c84d9c887d01d7,3050,75.0,35.0,interior,-0.0,-0.0,-0.0,-0.0,-0.0,-0.0
4,4,loading,0.75,b17858998c5417cb3e1a008911e9b1eb236d96c6d504547411c84d9c887d01d7,3051,76.0,35.0,interior,-0.0,-0.0,-0.0,-0.0,-0.0,-0.0
4,4,loading,0.75,b17858998c5417cb3e1a008911e9b1eb236d96c6d504547411c84d9c887d01d7,3052,77.0,35.0,interior,-0.0,-0.0,-0.0,-0.0,-0.0,-0.0
4,4,loading,0.75,b17858998c5417cb3e1a008911e9b1eb236d96c6d504547411c84d9c887d01d7,3053,78.0,35.0,interior,-0.0,-0.0,-0.0,-0.0,-0.0,-0.0
4,4,loading,0.75,b17858998c5417cb3e1a008911e9b1eb236d96c6d504547411c84d9c887d01d7,3054,79.0,35.0,interior,-0.0,-0.0,-0.0,-0.0,-0.0,-0.0
4,4,loading,0.75,b17858998c5417cb3e1a008911e9b1eb236d96c6d504547411c84d9c887d01d7,3055,80.0,35.0,physical_only,3.3018826082053565e-07,-1.3109827934499197e-07,9.059423826959166e-07,-4.310518876656241e-07,-5.75754121875381e-07,2.9995360832062986e-07
4,4,loading,0.75,b17858998c5417cb3e1a008911e9b1eb236d96c6d504547411c84d9c887d01d7,3122,62.0,36.0,physical_only,-4.567730176492824e-06,1.7533818726968933e-07,-3.575107420650739e-06,6.063295915937679e-08,-9.926227558420847e-07,1.1470522811031233e-07
4,4,loading,0.75,b17858998c5417cb3e1a008911e9b1eb236d96c6d504547411c84d9c887d01d7,3123,63.0,36.0,interior,-0.0,-0.0,-0.0,-0.0,-0.0,-0.0
4,4,loading,0.75,b17858998c5417cb3e1a008911e9b1eb236d96c6d504547411c84d9c887d01d7,3124,64.0,36.0,interior,-0.0,-0.0,-0.0,-0.0,-0.0,-0.0
4,4,loading,0.75,b17858998c5417cb3e1a008911e9b1eb236d96c6d504547411c84d9c887d01d7,3125,65.0,36.0,interior,-0.0,-0.0,-0.0,-0.0,-0.0,-0.0
4,4,loading,0.75,b17858998c5417cb3e1a008911e9b1eb236d96c6d504547411c84d9c887d01d7,3126,66.0,36.0,interior,-0.0,-0.0,-0.0,-0.0,-0.0,-0.0
4,4,loading,0.75,b17858998c5417cb3e1a008911e9b1eb236d96c6d504547411c84d9c887d01d7,3127,67.0,36.0,interior,-0.0,-0.0,-0.0,-0.0,-0.0,-0.0
4,4,loading,0.75,b17858998c5417cb3e1a008911e9b1eb236d96c6d504547411c84d9c887d01d7,3128,68.0,36.0,interior,-0.0,-0.0,-0.0,-0.0,-0.0,-0.0
4,4,loading,0.75,b17858998c5417cb3e1a008911e9b1eb236d96c6d504547411c84d9c887d01d7,3129,69.0,36.0,interior,-0.0,-0.0,-0.0,-0.0,-0.0,-0.0
4,4,loading,0.75,b17858998c5417cb3e1a008911e9b1eb236d96c6d504547411c84d9c887d01d7,3130,70.0,36.0,interior,-0.0,-0.0,-0.0,-0.0,-0.0,-0.0
4,4,loading,0.75,b17858998c5417cb3e1a008911e9b1eb236d96c6d504547411c84d9c887d01d7,3131,71.0,36.0,interior,-0.0,-0.0,-0.0,-0.0,-0.0,-0.0
4,4,loading,0.75,b17858998c5417cb3e1a008911e9b1eb236d96c6d504547411c84d9c887d01d7,3132,72.0,36.0,interior,-0.0,-0.0,-0.0,-0.0,-0.0,-0.0
4,4,loading,0.75,b17858998c5417cb3e1a008911e9b1eb236d96c6d504547411c84d9c887d01d7,3133,73.0,36.0,interior,-0.0,-0.0,-0.0,-0.0,-0.0,-0.0
4,4,loading,0.75,b17858998c5417cb3e1a008911e9b1eb236d96c6d504547411c84d9c887d01d7,3134,74.0,36.0,interior,-0.0,-0.0,-0.0,-0.0,-0.0,-0.0
4,4,loading,0.75,b17858998c5417cb3e1a008911e9b1eb236d96c6d504547411c84d9c887d01d7,3135,75.0,36.0,interior,-0.0,-0.0,-0.0,-0.0,-0.0,-0.0
4,4,loading,0.75,b17858998c5417cb3e1a008911e9b1eb236d96c6d504547411c84d9c887d01d7,3136,76.0,36.0,interior,-0.0,-0.0,-0.0,-0.0,-0.0,-0.0
4,4,loading,0.75,b17858998c5417cb3e1a008911e9b1eb236d96c6d504547411c84d9c887d01d7,3137,77.0,36.0,interior,-0.0,-0.0,-0.0,-0.0,-0.0,-0.0
4,4,loading,0.75,b17858998c5417cb3e1a008911e9b1eb236d96c6d504547411c84d9c887d01d7,3138,78.0,36.0,interior,-0.0,-0.0,-0.0,-0.0,-0.0,-0.0
4,4,loading,0.75,b17858998c5417cb3e1a008911e9b1eb236d96c6d504547411c84d9c887d01d7,3139,79.0,36.0,interior,-0.0,-0.0,-0.0,-0.0,-0.0,-0.0
4,4,loading,0.75,b17858998c5417cb3e1a008911e9b1eb236d96c6d504547411c84d9c887d01d7,3140,80.0,36.0,physical_only,3.2523412201924965e-07,-1.0215988222563645e-07,8.738177663169594e-07,-3.4247620604751927e-07,-5.485836442977099e-07,2.4031632382188716e-07
4,4,loading,0.75,b17858998c5417cb3e1a008911e9b1eb236d96c6d504547411c84d9c887d01d7,3207,62.0,37.0,physical_only,-4.70638637281462e-06,2.14107647717959e-07,-3.6495414154987554e-06,4.757670760813109e-08,-1.056844957315865e-06,1.665309401098279e-07
4,4,loading,0.75,b17858998c5417cb3e1a008911e9b1eb236d96c6d504547411c84d9c887d01d7,3208,63.0,37.0,interior,-0.0,-0.0,-0.0,-0.0,-0.0,-0.0
4,4,loading,0.75,b17858998c5417cb3e1a008911e9b1eb236d96c6d504547411c84d9c887d01d7,3209,64.0,37.0,interior,-0.0,-0.0,-0.0,-0.0,-0.0,-0.0
4,4,loading,0.75,b17858998c5417cb3e1a008911e9b1eb236d96c6d504547411c84d9c887d01d7,3210,65.0,37.0,interior,-0.0,-0.0,-0.0,-0.0,-0.0,-0.0
4,4,loading,0.75,b17858998c5417cb3e1a008911e9b1eb236d96c6d504547411c84d9c887d01d7,3211,66.0,37.0,interior,-0.0,-0.0,-0.0,-0.0,-0.0,-0.0
4,4,loading,0.75,b17858998c5417cb3e1a008911e9b1eb236d96c6d504547411c84d9c887d01d7,3212,67.0,37.0,interior,-0.0,-0.0,-0.0,-0.0,-0.0,-0.0
4,4,loading,0.75,b17858998c5417cb3e1a008911e9b1eb236d96c6d504547411c84d9c887d01d7,3213,68.0,37.0,interior,-0.0,-0.0,-0.0,-0.0,-0.0,-0.0
4,4,loading,0.75,b17858998c5417cb3e1a008911e9b1eb236d96c6d504547411c84d9c887d01d7,3214,69.0,37.0,interior,-0.0,-0.0,-0.0,-0.0,-0.0,-0.0
4,4,loading,0.75,b17858998c5417cb3e1a008911e9b1eb236d96c6d504547411c84d9c887d01d7,3215,70.0,37.0,interior,-0.0,-0.0,-0.0,-0.0,-0.0,-0.0
4,4,loading,0.75,b17858998c5417cb3e1a008911e9b1eb236d96c6d504547411c84d9c887d01d7,3216,71.0,37.0,interior,-0.0,-0.0,-0.0,-0.0,-0.0,-0.0
4,4,loading,0.75,b17858998c5417cb3e1a008911e9b1eb236d96c6d504547411c84d9c887d01d7,3217,72.0,37.0,interior,-0.0,-0.0,-0.0,-0.0,-0.0,-0.0
4,4,loading,0.75,b17858998c5417cb3e1a008911e9b1eb236d96c6d504547411c84d9c887d01d7,3218,73.0,37.0,interior,-0.0,-0.0,-0.0,-0.0,-0.0,-0.0
4,4,loading,0.75,b17858998c5417cb3e1a008911e9b1eb236d96c6d504547411c84d9c887d01d7,3219,74.0,37.0,interior,-0.0,-0.0,-0.0,-0.0,-0.0,-0.0
4,4,loading,0.75,b17858998c5417cb3e1a008911e9b1eb236d96c6d504547411c84d9c887d01d7,3220,75.0,37.0,interior,-0.0,-0.0,-0.0,-0.0,-0.0,-0.0
4,4,loading,0.75,b17858998c5417cb3e1a008911e9b1eb236d96c6d504547411c84d9c887d01d7,3221,76.0,37.0,interior,-0.0,-0.0,-0.0,-0.0,-0.0,-0.0
4,4,loading,0.75,b17858998c5417cb3e1a008911e9b1eb236d96c6d504547411c84d9c887d01d7,3222,77.0,37.0,interior,-0.0,-0.0,-0.0,-0.0,-0.0,-0.0
4,4,loading,0.75,b17858998c5417cb3e1a008911e9b1eb236d96c6d504547411c84d9c887d01d7,3223,78.0,37.0,interior,-0.0,-0.0,-0.0,-0.0,-0.0,-0.0
4,4,loading,0.75,b17858998c5417cb3e1a008911e9b1eb236d96c6d504547411c84d9c887d01d7,3224,79.0,37.0,interior,-0.0,-0.0,-0.0,-0.0,-0.0,-0.0
4,4,loading,0.75,b17858998c5417cb3e1a008911e9b1eb236d96c6d504547411c84d9c887d01d7,3225,80.0,37.0,physical_only,3.2139641733087715e-07,-7.508742747488876e-08,8.492835978244923e-07,-2.554918630893311e-07,-5.278871804936152e-07,1.8040443561444204e-07
4,4,loading,0.75,b17858998c5417cb3e1a008911e9b1eb236d96c6d504547411c84d9c887d01d7,3292,62.0,38.0,physical_only,-4.826484384809342e-06,1.722211566255854e-07,-3.7040878785036345e-06,3.294211501816073e-08,-1.1223965063057074e-06,1.3927904160742488e-07
4,4,loading,0.75,b17858998c5417cb3e1a008911e9b1eb236d96c6d504547411c84d9c887d01d7,3293,63.0,38.0,interior,-0.0,-0.0,-0.0,-0.0,-0.0,-0.0
4,4,loading,0.75,b17858998c5417cb3e1a008911e9b1eb236d96c6d504547411c84d9c887d01d7,3294,64.0,38.0,interior,-0.0,-0.0,-0.0,-0.0,-0.0,-0.0
4,4,loading,0.75,b17858998c5417cb3e1a008911e9b1eb236d96c6d504547411c84d9c887d01d7,3295,65.0,38.0,interior,-0.0,-0.0,-0.0,-0.0,-0.0,-0.0
4,4,loading,0.75,b17858998c5417cb3e1a008911e9b1eb236d96c6d504547411c84d9c887d01d7,3296,66.0,38.0,interior,-0.0,-0.0,-0.0,-0.0,-0.0,-0.0
4,4,loading,0.75,b17858998c5417cb3e1a008911e9b1eb236d96c6d504547411c84d9c887d01d7,3297,67.0,38.0,interior,-0.0,-0.0,-0.0,-0.0,-0.0,-0.0
4,4,loading,0.75,b17858998c5417cb3e1a008911e9b1eb236d96c6d504547411c84d9c887d01d7,3298,68.0,38.0,interior,-0.0,-0.0,-0.0,-0.0,-0.0,-0.0
4,4,loading,0.75,b17858998c5417cb3e1a008911e9b1eb236d96c6d504547411c84d9c887d01d7,3299,69.0,38.0,interior,-0.0,-0.0,-0.0,-0.0,-0.0,-0.0
4,4,loading,0.75,b17858998c5417cb3e1a008911e9b1eb236d96c6d504547411c84d9c887d01d7,3300,70.0,38.0,interior,-0.0,-0.0,-0.0,-0.0,-0.0,-0.0
4,4,loading,0.75,b17858998c5417cb3e1a008911e9b1eb236d96c6d504547411c84d9c887d01d7,3301,71.0,38.0,interior,-0.0,-0.0,-0.0,-0.0,-0.0,-0.0
4,4,loading,0.75,b17858998c5417cb3e1a008911e9b1eb236d96c6d504547411c84d9c887d01d7,3302,72.0,38.0,interior,-0.0,-0.0,-0.0,-0.0,-0.0,-0.0
4,4,loading,0.75,b17858998c5417cb3e1a008911e9b1eb236d96c6d504547411c84d9c887d01d7,3303,73.0,38.0,interior,-0.0,-0.0,-0.0,-0.0,-0.0,-0.0
4,4,loading,0.75,b17858998c5417cb3e1a008911e9b1eb236d96c6d504547411c84d9c887d01d7,3304,74.0,38.0,interior,-0.0,-0.0,-0.0,-0.0,-0.0,-0.0
4,4,loading,0.75,b17858998c5417cb3e1a008911e9b1eb236d96c6d504547411c84d9c887d01d7,3305,75.0,38.0,interior,-0.0,-0.0,-0.0,-0.0,-0.0,-0.0
4,4,loading,0.75,b17858998c5417cb3e1a008911e9b1eb236d96c6d504547411c84d9c887d01d7,3306,76.0,38.0,interior,-0.0,-0.0,-0.0,-0.0,-0.0,-0.0
4,4,loading,0.75,b17858998c5417cb3e1a008911e9b1eb236d96c6d504547411c84d9c887d01d7,3307,77.0,38.0,interior,-0.0,-0.0,-0.0,-0.0,-0.0,-0.0
4,4,loading,0.75,b17858998c5417cb3e1a008911e9b1eb236d96c6d504547411c84d9c887d01d7,3308,78.0,38.0,interior,-0.0,-0.0,-0.0,-0.0,-0.0,-0.0
4,4,loading,0.75,b17858998c5417cb3e1a008911e9b1eb236d96c6d504547411c84d9c887d01d7,3309,79.0,38.0,interior,-0.0,-0.0,-0.0,-0.0,-0.0,-0.0
4,4,loading,0.75,b17858998c5417cb3e1a008911e9b1eb236d96c6d504547411c84d9c887d01d7,3310,80.0,38.0,physical_only,3.1866348651348833e-07,-4.9346763876692665e-08,8.31996819832677e-07,-1.6968284177995639e-07,-5.133333333191886e-07,1.2033607790326475e-07
4,4,loading,0.75,b17858998c5417cb3e1a008911e9b1eb236d96c6d504547411c84d9c887d01d7,3377,62.0,39.0,physical_only,-4.899452805545058e-06,9.231061573408917e-08,-3.737451494412591e-06,1.6873250850089944e-08,-1.1620013111324677e-06,7.543736488399912e-08
4,4,loading,0.75,b17858998c5417cb3e1a008911e9b1eb236d96c6d504547411c84d9c887d01d7,3378,63.0,39.0,interior,-0.0,-0.0,-0.0,-0.0,-0.0,-0.0
4,4,loading,0.75,b17858998c5417cb3e1a008911e9b1eb236d96c6d504547411c84d9c887d01d7,3379,64.0,39.0,interior,-0.0,-0.0,-0.0,-0.0,-0.0,-0.0
4,4,loading,0.75,b17858998c5417cb3e1a008911e9b1eb236d96c6d504547411c84d9c887d01d7,3380,65.0,39.0,interior,-0.0,-0.0,-0.0,-0.0,-0.0,-0.0
4,4,loading,0.75,b17858998c5417cb3e1a008911e9b1eb236d96c6d504547411c84d9c887d01d7,3381,66.0,39.0,interior,-0.0,-0.0,-0.0,-0.0,-0.0,-0.0
4,4,loading,0.75,b17858998c5417cb3e1a008911e9b1eb236d96c6d504547411c84d9c887d01d7,3382,67.0,39.0,interior,-0.0,-0.0,-0.0,-0.0,-0.0,-0.0
4,4,loading,0.75,b17858998c5417cb3e1a008911e9b1eb236d96c6d504547411c84d9c887d01d7,3383,68.0,39.0,interior,-0.0,-0.0,-0.0,-0.0,-0.0,-0.0
4,4,loading,0.75,b17858998c5417cb3e1a008911e9b1eb236d96c6d504547411c84d9c887d01d7,3384,69.0,39.0,interior,-0.0,-0.0,-0.0,-0.0,-0.0,-0.0
4,4,loading,0.75,b17858998c5417cb3e1a008911e9b1eb236d96c6d504547411c84d9c887d01d7,3385,70.0,39.0,interior,-0.0,-0.0,-0.0,-0.0,-0.0,-0.0
4,4,loading,0.75,b17858998c5417cb3e1a008911e9b1eb236d96c6d504547411c84d9c887d01d7,3386,71.0,39.0,interior,-0.0,-0.0,-0.0,-0.0,-0.0,-0.0
4,4,loading,0.75,b17858998c5417cb3e1a008911e9b1eb236d96c6d504547411c84d9c887d01d7,3387,72.0,39.0,interior,-0.0,-0.0,-0.0,-0.0,-0.0,-0.0
4,4,loading,0.75,b17858998c5417cb3e1a008911e9b1eb236d96c6d504547411c84d9c887d01d7,3388,73.0,39.0,interior,-0.0,-0.0,-0.0,-0.0,-0.0,-0.0
4,4,loading,0.75,b17858998c5417cb3e1a008911e9b1eb236d96c6d504547411c84d9c887d01d7,3389,74.0,39.0,interior,-0.0,-0.0,-0.0,-0.0,-0.0,-0.0
4,4,loading,0.75,b17858998c5417cb3e1a008911e9b1eb236d96c6d504547411c84d9c887d01d7,3390,75.0,39.0,interior,-0.0,-0.0,-0.0,-0.0,-0.0,-0.0
4,4,loading,0.75,b17858998c5417cb3e1a008911e9b1eb236d96c6d504547411c84d9c887d01d7,3391,76.0,39.0,interior,-0.0,-0.0,-0.0,-0.0,-0.0,-0.0
4,4,loading,0.75,b17858998c5417cb3e1a008911e9b1eb236d96c6d504547411c84d9c887d01d7,3392,77.0,39.0,interior,-0.0,-0.0,-0.0,-0.0,-0.0,-0.0
4,4,loading,0.75,b17858998c5417cb3e1a008911e9b1eb236d96c6d504547411c84d9c887d01d7,3393,78.0,39.0,interior,-0.0,-0.0,-0.0,-0.0,-0.0,-0.0
4,4,loading,0.75,b17858998c5417cb3e1a008911e9b1eb236d96c6d504547411c84d9c887d01d7,3394,79.0,39.0,interior,-0.0,-0.0,-0.0,-0.0,-0.0,-0.0
4,4,loading,0.75,b17858998c5417cb3e1a008911e9b1eb236d96c6d504547411c84d9c887d01d7,3395,80.0,39.0,physical_only,3.170270381204782e-07,-2.4463456520951453e-08,8.217185960752988e-07,-8.464890177027172e-08,-5.046915579548206e-07,6.018544524932193e-08
4,4,loading,0.75,b17858998c5417cb3e1a008911e9b1eb236d96c6d504547411c84d9c887d01d7,3462,62.0,40.0,physical_and_cut,-2.4615378050692956e-06,-2.0610659845645008e-06,-1.8743419842436768e-06,-8.46515222743909e-07,-5.871958208256189e-07,-1.2145507618205915e-06
4,4,loading,0.75,b17858998c5417cb3e1a008911e9b1eb236d96c6d504547411c84d9c887d01d7,3463,63.0,40.0,cut_only,-0.0,-0.0,-0.0,-0.0,-0.0,-0.0
4,4,loading,0.75,b17858998c5417cb3e1a008911e9b1eb236d96c6d504547411c84d9c887d01d7,3464,64.0,40.0,cut_only,-0.0,-0.0,-0.0,-0.0,-0.0,-0.0
4,4,loading,0.75,b17858998c5417cb3e1a008911e9b1eb236d96c6d504547411c84d9c887d01d7,3465,65.0,40.0,cut_only,-0.0,-0.0,-0.0,-0.0,-0.0,-0.0
4,4,loading,0.75,b17858998c5417cb3e1a008911e9b1eb236d96c6d504547411c84d9c887d01d7,3466,66.0,40.0,cut_only,-0.0,-0.0,-0.0,-0.0,-0.0,-0.0
4,4,loading,0.75,b17858998c5417cb3e1a008911e9b1eb236d96c6d504547411c84d9c887d01d7,3467,67.0,40.0,cut_only,-0.0,-0.0,-0.0,-0.0,-0.0,-0.0
4,4,loading,0.75,b17858998c5417cb3e1a008911e9b1eb236d96c6d504547411c84d9c887d01d7,3468,68.0,40.0,cut_only,-0.0,-0.0,-0.0,-0.0,-0.0,-0.0
4,4,loading,0.75,b17858998c5417cb3e1a008911e9b1eb236d96c6d504547411c84d9c887d01d7,3469,69.0,40.0,cut_only,-0.0,-0.0,-0.0,-0.0,-0.0,-0.0
4,4,loading,0.75,b17858998c5417cb3e1a008911e9b1eb236d96c6d504547411c84d9c887d01d7,3470,70.0,40.0,cut_only,-0.0,-0.0,-0.0,-0.0,-0.0,-0.0
4,4,loading,0.75,b17858998c5417cb3e1a008911e9b1eb236d96c6d504547411c84d9c887d01d7,3471,71.0,40.0,cut_only,-0.0,-0.0,-0.0,-0.0,-0.0,-0.0
4,4,loading,0.75,b17858998c5417cb3e1a008911e9b1eb236d96c6d504547411c84d9c887d01d7,3472,72.0,40.0,cut_only,-0.0,-0.0,-0.0,-0.0,-0.0,-0.0
4,4,loading,0.75,b17858998c5417cb3e1a008911e9b1eb236d96c6d504547411c84d9c887d01d7,3473,73.0,40.0,cut_only,-0.0,-0.0,-0.0,-0.0,-0.0,-0.0
4,4,loading,0.75,b17858998c5417cb3e1a008911e9b1eb236d96c6d504547411c84d9c887d01d7,3474,74.0,40.0,cut_only,-0.0,-0.0,-0.0,-0.0,-0.0,-0.0
4,4,loading,0.75,b17858998c5417cb3e1a008911e9b1eb236d96c6d504547411c84d9c887d01d7,3475,75.0,40.0,cut_only,-0.0,-0.0,-0.0,-0.0,-0.0,-0.0
4,4,loading,0.75,b17858998c5417cb3e1a008911e9b1eb236d96c6d504547411c84d9c887d01d7,3476,76.0,40.0,cut_only,-0.0,-0.0,-0.0,-0.0,-0.0,-0.0
4,4,loading,0.75,b17858998c5417cb3e1a008911e9b1eb236d96c6d504547411c84d9c887d01d7,3477,77.0,40.0,cut_only,-0.0,-0.0,-0.0,-0.0,-0.0,-0.0
4,4,loading,0.75,b17858998c5417cb3e1a008911e9b1eb236d96c6d504547411c84d9c887d01d7,3478,78.0,40.0,cut_only,-0.0,-0.0,-0.0,-0.0,-0.0,-0.0
4,4,loading,0.75,b17858998c5417cb3e1a008911e9b1eb236d96c6d504547411c84d9c887d01d7,3479,79.0,40.0,cut_only,-0.0,-0.0,-0.0,-0.0,-0.0,-0.0
4,4,loading,0.75,b17858998c5417cb3e1a008911e9b1eb236d96c6d504547411c84d9c887d01d7,3480,80.0,40.0,physical_and_cut,1.582410533408743e-07,2.0799124681623812e-05,4.0915402147575507e-07,-2.172386297953697e-07,-2.5091296813488077e-07,2.1016363311419184e-05
5,5,loading,0.8,4f58a9c6192dc24623e1a14bcf17d6676af42b89d29772d39c9ce17042b6c5be,2697,62.0,31.0,physical_only,-0.00040711794451122447,-4.632830394411708e-05,-5.3905649210477056e-06,5.842029773930361e-06,-0.0004017273795901768,-5.217033371804744e-05
5,5,loading,0.8,4f58a9c6192dc24623e1a14bcf17d6676af42b89d29772d39c9ce17042b6c5be,2698,63.0,31.0,physical_only,-1.3849446582538372e-06,-4.423326506475001e-05,-2.9369839471973675e-06,6.64691856480186e-06,1.552039288943531e-06,-5.0880183629551886e-05
5,5,loading,0.8,4f58a9c6192dc24623e1a14bcf17d6676af42b89d29772d39c9ce17042b6c5be,2699,64.0,31.0,physical_only,5.985796761978949e-07,-5.840329044261457e-05,-2.9969303274209958e-06,8.476555760761474e-06,3.5955100036188894e-06,-6.687984620337603e-05
5,5,loading,0.8,4f58a9c6192dc24623e1a14bcf17d6676af42b89d29772d39c9ce17042b6c5be,2700,65.0,31.0,physical_only,1.1194881522306422e-06,-7.801151733462523e-05,-3.0714032289035743e-06,1.0550733025463194e-05,4.190891381134216e-06,-8.856225036008844e-05
5,5,loading,0.8,4f58a9c6192dc24623e1a14bcf17d6676af42b89d29772d39c9ce17042b6c5be,2701,66.0,31.0,physical_only,1.7767555819554737e-07,-0.00010084125723609582,-3.1603935359908987e-06,1.2942015918403317e-05,3.338069094186445e-06,-0.00011378327315449913
5,5,loading,0.8,4f58a9c6192dc24623e1a14bcf17d6676af42b89d29772d39c9ce17042b6c5be,2702,67.0,31.0,physical_only,-1.2628929411622779e-06,-0.00012645447139947048,-3.261391269489877e-06,1.5731811196103497e-05,1.998498328327598e-06,-0.000142186282595574
5,5,loading,0.8,4f58a9c6192dc24623e1a14bcf17d6676af42b89d29772d39c9ce17042b6c5be,2703,68.0,31.0,physical_only,-1.3178448962536048e-06,-0.00015706600755026822,-3.374313531588515e-06,1.9017457128717886e-05,2.0564686353349096e-06,-0.0001760834646789861
5,5,loading,0.8,4f58a9c6192dc24623e1a14bcf17d6676af42b89d29772d39c9ce17042b6c5be,2704,69.0,31.0,physical_only,-1.661404750557885e-06,-0.00019475677720696223,-3.5015286556640744e-06,2.2926235874472884e-05,1.8401239051061927e-06,-0.00021768301308143522
5,5,loading,0.8,4f58a9c6192dc24623e1a14bcf17d6676af42b89d29772d39c9ce17042b6c5be,2705,70.0,31.0,physical_only,-2.1814557981396844e-06,-0.000239727527417562,-3.6476007161398156e-06,2.7632744500314828e-05,1.4661449180001287e-06,-0.0002673602719178768
5,5,loading,0.8,4f58a9c6192dc24623e1a14bcf17d6676af42b89d29772d39c9ce17042b6c5be,2706,71.0,31.0,physical_only,-2.8831999300905353e-06,-0.00029290048291876923,-3.81836433778172e-06,3.338105316319517e-05,9.351644076911832e-07,-0.0003262815360819645
5,5,loading,0.8,4f58a9c6192dc24623e1a14bcf17d6676af42b89d29772d39c9ce17042b6c5be,2707,72.0,31.0,physical_only,-3.6796317631366845e-06,-0.00035521131726711885,-4.022294310014129e-06,4.0521749751836706e-05,3.426625468774461e-07,-0.00039573306701895516
5,5,loading,0.8,4f58a9c6192dc24623e1a14bcf17d6676af42b89d29772d39c9ce17042b6c5be,2708,73.0,31.0,physical_only,-4.747697202546222e-06,-0.0004262414741767863,-4.2713750421802225e-06,4.9573632052828906e-05,-4.7632216036599777e-07,-0.0004758151062296155
5,5,loading,0.8,4f58a9c6192dc24623e1a14bcf17d6676af42b89d29772d39c9ce17042b6c5be,2709,74.0,31.0,physical_only,-1.1581206174759018e-06,-0.0005089647246796555,-4.5854749938841785e-06,6.133841088003963e-05,3.4273543764082767e-06,-0.0005703031355596948
5,5,loading,0.8,4f58a9c6192dc24623e1a14bcf17d6676af42b89d29772d39c9ce17042b6c5be,2710,75.0,31.0,physical_only,6.674647469962506e-06,-0.0006148500690509812,-5.000878414213137e-06,7.713983482562276e-05,1.1675525884175642e-05,-0.0006919899038766038
5,5,loading,0.8,4f58a9c6192dc24623e1a14bcf17d6676af42b89d29772d39c9ce17042b6c5be,2711,76.0,31.0,physical_only,1.54864232147198e-05,-0.0007584897872219454,-5.586233976601598e-06,9.935861125686483e-05,2.1072657191321393e-05,-0.0008578483984788103
5,5,loading,0.8,4f58a9c6192dc24623e1a14bcf17d6676af42b89d29772d39c9ce17042b6c5be,2712,77.0,31.0,physical_only,1.1804895211412904e-05,-0.000926181066893992,-6.462126592145507e-06,0.0001326498959481913,1.8267021803558423e-05,-0.001058830962842183
5,5,loading,0.8,4f58a9c6192dc24623e1a14bcf17d6676af42b89d29772d39c9ce17042b6c5be,2713,78.0,31.0,physical_only,3.827516124204101e-06,-0.0010985988057207957,-7.874530012379426e-06,0.00018716813053711783,1.170204613658353e-05,-0.001285766936257913
5,5,loading,0.8,4f58a9c6192dc24623e1a14bcf17d6676af42b89d29772d39c9ce17042b6c5be,2714,79.0,31.0,physical_only,-1.3070149584660192e-05,-0.0010159685150548563,-1.029293927436084e-05,0.0002880772226117178,-2.777210310299358e-06,-0.0013040457376665747
5,5,loading,0.8,4f58a9c6192dc24623e1a14bcf17d6676af42b89d29772d39c9ce17042b6c5be,2715,80.0,31.0,physical_only,2.977958145622378e-05,0.009265802251930806,1.8486598335680287e-05,0.00027167229672310153,1.1292983120543499e-05,0.008994129955207705
5,5,loading,0.8,4f58a9c6192dc24623e1a14bcf17d6676af42b89d29772d39c9ce17042b6c5be,2782,62.0,32.0,physical_only,-6.703674947596992e-06,-1.1453068500740548e-06,-3.1810247969487365e-06,1.3763048696016935e-07,-3.5226501506482563e-06,-1.2829373370342242e-06
5,5,loading,0.8,4f58a9c6192dc24623e1a14bcf17d6676af42b89d29772d39c9ce17042b6c5be,2783,63.0,32.0,interior,-0.0,-0.0,-0.0,-0.0,-0.0,-0.0
5,5,loading,0.8,4f58a9c6192dc24623e1a14bcf17d6676af42b89d29772d39c9ce17042b6c5be,2784,64.0,32.0,interior,-0.0,-0.0,-0.0,-0.0,-0.0,-0.0
5,5,loading,0.8,4f58a9c6192dc24623e1a14bcf17d6676af42b89d29772d39c9ce17042b6c5be,2785,65.0,32.0,interior,-0.0,-0.0,-0.0,-0.0,-0.0,-0.0
5,5,loading,0.8,4f58a9c6192dc24623e1a14bcf17d6676af42b89d29772d39c9ce17042b6c5be,2786,66.0,32.0,interior,-0.0,-0.0,-0.0,-0.0,-0.0,-0.0
5,5,loading,0.8,4f58a9c6192dc24623e1a14bcf17d6676af42b89d29772d39c9ce17042b6c5be,2787,67.0,32.0,interior,-0.0,-0.0,-0.0,-0.0,-0.0,-0.0
5,5,loading,0.8,4f58a9c6192dc24623e1a14bcf17d6676af42b89d29772d39c9ce17042b6c5be,2788,68.0,32.0,interior,-0.0,-0.0,-0.0,-0.0,-0.0,-0.0
5,5,loading,0.8,4f58a9c6192dc24623e1a14bcf17d6676af42b89d29772d39c9ce17042b6c5be,2789,69.0,32.0,interior,-0.0,-0.0,-0.0,-0.0,-0.0,-0.0
5,5,loading,0.8,4f58a9c6192dc24623e1a14bcf17d6676af42b89d29772d39c9ce17042b6c5be,2790,70.0,32.0,interior,-0.0,-0.0,-0.0,-0.0,-0.0,-0.0
5,5,loading,0.8,4f58a9c6192dc24623e1a14bcf17d6676af42b89d29772d39c9ce17042b6c5be,2791,71.0,32.0,interior,-0.0,-0.0,-0.0,-0.0,-0.0,-0.0
5,5,loading,0.8,4f58a9c6192dc24623e1a14bcf17d6676af42b89d29772d39c9ce17042b6c5be,2792,72.0,32.0,interior,-0.0,-0.0,-0.0,-0.0,-0.0,-0.0
5,5,loading,0.8,4f58a9c6192dc24623e1a14bcf17d6676af42b89d29772d39c9ce17042b6c5be,2793,73.0,32.0,interior,-0.0,-0.0,-0.0,-0.0,-0.0,-0.0
5,5,loading,0.8,4f58a9c6192dc24623e1a14bcf17d6676af42b89d29772d39c9ce17042b6c5be,2794,74.0,32.0,interior,-0.0,-0.0,-0.0,-0.0,-0.0,-0.0
5,5,loading,0.8,4f58a9c6192dc24623e1a14bcf17d6676af42b89d29772d39c9ce17042b6c5be,2795,75.0,32.0,interior,-0.0,-0.0,-0.0,-0.0,-0.0,-0.0
5,5,loading,0.8,4f58a9c6192dc24623e1a14bcf17d6676af42b89d29772d39c9ce17042b6c5be,2796,76.0,32.0,interior,-0.0,-0.0,-0.0,-0.0,-0.0,-0.0
5,5,loading,0.8,4f58a9c6192dc24623e1a14bcf17d6676af42b89d29772d39c9ce17042b6c5be,2797,77.0,32.0,interior,-0.0,-0.0,-0.0,-0.0,-0.0,-0.0
5,5,loading,0.8,4f58a9c6192dc24623e1a14bcf17d6676af42b89d29772d39c9ce17042b6c5be,2798,78.0,32.0,interior,-0.0,-0.0,-0.0,-0.0,-0.0,-0.0
5,5,loading,0.8,4f58a9c6192dc24623e1a14bcf17d6676af42b89d29772d39c9ce17042b6c5be,2799,79.0,32.0,interior,-0.0,-0.0,-0.0,-0.0,-0.0,-0.0
5,5,loading,0.8,4f58a9c6192dc24623e1a14bcf17d6676af42b89d29772d39c9ce17042b6c5be,2800,80.0,32.0,physical_only,5.068128167064618e-07,-2.77234486023044e-07,9.999688005006154e-07,-1.0718371838578906e-06,-4.931559837941534e-07,7.946026978348491e-07
5,5,loading,0.8,4f58a9c6192dc24623e1a14bcf17d6676af42b89d29772d39c9ce17042b6c5be,2867,62.0,33.0,physical_only,-5.455427117411378e-06,-7.420897503535794e-07,-3.372194332440618e-06,1.0733900345791823e-07,-2.08323278497076e-06,-8.494287538114979e-07
5,5,loading,0.8,4f58a9c6192dc24623e1a14bcf17d6676af42b89d29772d39c9ce17042b6c5be,2868,63.0,33.0,interior,-0.0,-0.0,-0.0,-0.0,-0.0,-0.0
5,5,loading,0.8,4f58a9c6192dc24623e1a14bcf17d6676af42b89d29772d39c9ce17042b6c5be,2869,64.0,33.0,interior,-0.0,-0.0,-0.0,-0.0,-0.0,-0.0
5,5,loading,0.8,4f58a9c6192dc24623e1a14bcf17d6676af42b89d29772d39c9ce17042b6c5be,2870,65.0,33.0,interior,-0.0,-0.0,-0.0,-0.0,-0.0,-0.0
5,5,loading,0.8,4f58a9c6192dc24623e1a14bcf17d6676af42b89d29772d39c9ce17042b6c5be,2871,66.0,33.0,interior,-0.0,-0.0,-0.0,-0.0,-0.0,-0.0
5,5,loading,0.8,4f58a9c6192dc24623e1a14bcf17d6676af42b89d29772d39c9ce17042b6c5be,2872,67.0,33.0,interior,-0.0,-0.0,-0.0,-0.0,-0.0,-0.0
5,5,loading,0.8,4f58a9c6192dc24623e1a14bcf17d6676af42b89d29772d39c9ce17042b6c5be,2873,68.0,33.0,interior,-0.0,-0.0,-0.0,-0.0,-0.0,-0.0
5,5,loading,0.8,4f58a9c6192dc24623e1a14bcf17d6676af42b89d29772d39c9ce17042b6c5be,2874,69.0,33.0,interior,-0.0,-0.0,-0.0,-0.0,-0.0,-0.0
5,5,loading,0.8,4f58a9c6192dc24623e1a14bcf17d6676af42b89d29772d39c9ce17042b6c5be,2875,70.0,33.0,interior,-0.0,-0.0,-0.0,-0.0,-0.0,-0.0
5,5,loading,0.8,4f58a9c6192dc24623e1a14bcf17d6676af42b89d29772d39c9ce17042b6c5be,2876,71.0,33.0,interior,-0.0,-0.0,-0.0,-0.0,-0.0,-0.0
5,5,loading,0.8,4f58a9c6192dc24623e1a14bcf17d6676af42b89d29772d39c9ce17042b6c5be,2877,72.0,33.0,interior,-0.0,-0.0,-0.0,-0.0,-0.0,-0.0
5,5,loading,0.8,4f58a9c6192dc24623e1a14bcf17d6676af42b89d29772d39c9ce17042b6c5be,2878,73.0,33.0,interior,-0.0,-0.0,-0.0,-0.0,-0.0,-0.0
5,5,loading,0.8,4f58a9c6192dc24623e1a14bcf17d6676af42b89d29772d39c9ce17042b6c5be,2879,74.0,33.0,interior,-0.0,-0.0,-0.0,-0.0,-0.0,-0.0
5,5,loading,0.8,4f58a9c6192dc24623e1a14bcf17d6676af42b89d29772d39c9ce17042b6c5be,2880,75.0,33.0,interior,-0.0,-0.0,-0.0,-0.0,-0.0,-0.0
5,5,loading,0.8,4f58a9c6192dc24623e1a14bcf17d6676af42b89d29772d39c9ce17042b6c5be,2881,76.0,33.0,interior,-0.0,-0.0,-0.0,-0.0,-0.0,-0.0
5,5,loading,0.8,4f58a9c6192dc24623e1a14bcf17d6676af42b89d29772d39c9ce17042b6c5be,2882,77.0,33.0,interior,-0.0,-0.0,-0.0,-0.0,-0.0,-0.0
5,5,loading,0.8,4f58a9c6192dc24623e1a14bcf17d6676af42b89d29772d39c9ce17042b6c5be,2883,78.0,33.0,interior,-0.0,-0.0,-0.0,-0.0,-0.0,-0.0
5,5,loading,0.8,4f58a9c6192dc24623e1a14bcf17d6676af42b89d29772d39c9ce17042b6c5be,2884,79.0,33.0,interior,-0.0,-0.0,-0.0,-0.0,-0.0,-0.0
5,5,loading,0.8,4f58a9c6192dc24623e1a14bcf17d6676af42b89d29772d39c9ce17042b6c5be,2885,80.0,33.0,physical_only,4.962637768699855e-07,-2.31096054953547e-07,9.56288368141788e-07,-9.276348186139935e-07,-4.600245912718025e-07,6.965387636604427e-07
5,5,loading,0.8,4f58a9c6192dc24623e1a14bcf17d6676af42b89d29772d39c9ce17042b6c5be,2952,62.0,34.0,physical_only,-4.89499330788908e-06,-3.073195849124346e-07,-3.524327311214793e-06,8.789193252309716e-08,-1.3706659966742875e-06,-3.9521151743553164e-07
5,5,loading,0.8,4f58a9c6192dc24623e1a14bcf17d6676af42b89d29772d39c9ce17042b6c5be,2953,63.0,34.0,interior,-0.0,-0.0,-0.0,-0.0,-0.0,-0.0
5,5,loading,0.8,4f58a9c6192dc24623e1a14bcf17d6676af42b89d29772d39c9ce17042b6c5be,2954,64.0,34.0,interior,-0.0,-0.0,-0.0,-0.0,-0.0,-0.0
5,5,loading,0.8,4f58a9c6192dc24623e1a14bcf17d6676af42b89d29772d39c9ce17042b6c5be,2955,65.0,34.0,interior,-0.0,-0.0,-0.0,-0.0,-0.0,-0.0
5,5,loading,0.8,4f58a9c6192dc24623e1a14bcf17d6676af42b89d29772d39c9ce17042b6c5be,2956,66.0,34.0,interior,-0.0,-0.0,-0.0,-0.0,-0.0,-0.0
5,5,loading,0.8,4f58a9c6192dc24623e1a14bcf17d6676af42b89d29772d39c9ce17042b6c5be,2957,67.0,34.0,interior,-0.0,-0.0,-0.0,-0.0,-0.0,-0.0
5,5,loading,0.8,4f58a9c6192dc24623e1a14bcf17d6676af42b89d29772d39c9ce17042b6c5be,2958,68.0,34.0,interior,-0.0,-0.0,-0.0,-0.0,-0.0,-0.0
5,5,loading,0.8,4f58a9c6192dc24623e1a14bcf17d6676af42b89d29772d39c9ce17042b6c5be,2959,69.0,34.0,interior,-0.0,-0.0,-0.0,-0.0,-0.0,-0.0
5,5,loading,0.8,4f58a9c6192dc24623e1a14bcf17d6676af42b89d29772d39c9ce17042b6c5be,2960,70.0,34.0,interior,-0.0,-0.0,-0.0,-0.0,-0.0,-0.0
5,5,loading,0.8,4f58a9c6192dc24623e1a14bcf17d6676af42b89d29772d39c9ce17042b6c5be,2961,71.0,34.0,interior,-0.0,-0.0,-0.0,-0.0,-0.0,-0.0
5,5,loading,0.8,4f58a9c6192dc24623e1a14bcf17d6676af42b89d29772d39c9ce17042b6c5be,2962,72.0,34.0,interior,-0.0,-0.0,-0.0,-0.0,-0.0,-0.0
5,5,loading,0.8,4f58a9c6192dc24623e1a14bcf17d6676af42b89d29772d39c9ce17042b6c5be,2963,73.0,34.0,interior,-0.0,-0.0,-0.0,-0.0,-0.0,-0.0
5,5,loading,0.8,4f58a9c6192dc24623e1a14bcf17d6676af42b89d29772d39c9ce17042b6c5be,2964,74.0,34.0,interior,-0.0,-0.0,-0.0,-0.0,-0.0,-0.0
5,5,loading,0.8,4f58a9c6192dc24623e1a14bcf17d6676af42b89d29772d39c9ce17042b6c5be,2965,75.0,34.0,interior,-0.0,-0.0,-0.0,-0.0,-0.0,-0.0
5,5,loading,0.8,4f58a9c6192dc24623e1a14bcf17d6676af42b89d29772d39c9ce17042b6c5be,2966,76.0,34.0,interior,-0.0,-0.0,-0.0,-0.0,-0.0,-0.0
5,5,loading,0.8,4f58a9c6192dc24623e1a14bcf17d6676af42b89d29772d39c9ce17042b6c5be,2967,77.0,34.0,interior,-0.0,-0.0,-0.0,-0.0,-0.0,-0.0
5,5,loading,0.8,4f58a9c6192dc24623e1a14bcf17d6676af42b89d29772d39c9ce17042b6c5be,2968,78.0,34.0,interior,-0.0,-0.0,-0.0,-0.0,-0.0,-0.0
5,5,loading,0.8,4f58a9c6192dc24623e1a14bcf17d6676af42b89d29772d39c9ce17042b6c5be,2969,79.0,34.0,interior,-0.0,-0.0,-0.0,-0.0,-0.0,-0.0
5,5,loading,0.8,4f58a9c6192dc24623e1a14bcf17d6676af42b89d29772d39c9ce17042b6c5be,2970,80.0,34.0,physical_only,4.869977030887362e-07,-1.9017082600504423e-07,9.194673150730644e-07,-7.876318613828659e-07,-4.3246961198432817e-07,5.974610353778241e-07
5,5,loading,0.8,4f58a9c6192dc24623e1a14bcf17d6676af42b89d29772d39c9ce17042b6c5be,3037,62.0,35.0,physical_only,-4.755215185875155e-06,2.1657882136082027e-08,-3.6492322157143548e-06,7.401143493171255e-08,-1.105982970160799e-06,-5.235355279563042e-08
5,5,loading,0.8,4f58a9c6192dc24623e1a14bcf17d6676af42b89d29772d39c9ce17042b6c5be,3038,63.0,35.0,interior,-0.0,-0.0,-0.0,-0.0,-0.0,-0.0
5,5,loading,0.8,4f58a9c6192dc24623e1a14bcf17d6676af42b89d29772d39c9ce17042b6c5be,3039,64.0,35.0,interior,-0.0,-0.0,-0.0,-0.0,-0.0,-0.0
5,5,loading,0.8,4f58a9c6192dc24623e1a14bcf17d6676af42b89d29772d39c9ce17042b6c5be,3040,65.0,35.0,interior,-0.0,-0.0,-0.0,-0.0,-0.0,-0.0
5,5,loading,0.8,4f58a9c6192dc24623e1a14bcf17d6676af42b89d29772d39c9ce17042b6c5be,3041,66.0,35.0,interior,-0.0,-0.0,-0.0,-0.0,-0.0,-0.0
5,5,loading,0.8,4f58a9c6192dc24623e1a14bcf17d6676af42b89d29772d39c9ce17042b6c5be,3042,67.0,35.0,interior,-0.0,-0.0,-0.0,-0.0,-0.0,-0.0
5,5,loading,0.8,4f58a9c6192dc24623e1a14bcf17d6676af42b89d29772d39c9ce17042b6c5be,3043,68.0,35.0,interior,-0.0,-0.0,-0.0,-0.0,-0.0,-0.0
5,5,loading,0.8,4f58a9c6192dc24623e1a14bcf17d6676af42b89d29772d39c9ce17042b6c5be,3044,69.0,35.0,interior,-0.0,-0.0,-0.0,-0.0,-0.0,-0.0
5,5,loading,0.8,4f58a9c6192dc24623e1a14bcf17d6676af42b89d29772d39c9ce17042b6c5be,3045,70.0,35.0,interior,-0.0,-0.0,-0.0,-0.0,-0.0,-0.0
5,5,loading,0.8,4f58a9c6192dc24623e1a14bcf17d6676af42b89d29772d39c9ce17042b6c5be,3046,71.0,35.0,interior,-0.0,-0.0,-0.0,-0.0,-0.0,-0.0
5,5,loading,0.8,4f58a9c6192dc24623e1a14bcf17d6676af42b89d29772d39c9ce17042b6c5be,3047,72.0,35.0,interior,-0.0,-0.0,-0.0,-0.0,-0.0,-0.0
5,5,loading,0.8,4f58a9c6192dc24623e1a14bcf17d6676af42b89d29772d39c9ce17042b6c5be,3048,73.0,35.0,interior,-0.0,-0.0,-0.0,-0.0,-0.0,-0.0
5,5,loading,0.8,4f58a9c6192dc24623e1a14bcf17d6676af42b89d29772d39c9ce17042b6c5be,3049,74.0,35.0,interior,-0.0,-0.0,-0.0,-0.0,-0.0,-0.0
5,5,loading,0.8,4f58a9c6192dc24623e1a14bcf17d6676af42b89d29772d39c9ce17042b6c5be,3050,75.0,35.0,interior,-0.0,-0.0,-0.0,-0.0,-0.0,-0.0
5,5,loading,0.8,4f58a9c6192dc24623e1a14bcf17d6676af42b89d29772d39c9ce17042b6c5be,3051,76.0,35.0,interior,-0.0,-0.0,-0.0,-0.0,-0.0,-0.0
5,5,loading,0.8,4f58a9c6192dc24623e1a14bcf17d6676af42b89d29772d39c9ce17042b6c5be,3052,77.0,35.0,interior,-0.0,-0.0,-0.0,-0.0,-0.0,-0.0
5,5,loading,0.8,4f58a9c6192dc24623e1a14bcf17d6676af42b89d29772d39c9ce17042b6c5be,3053,78.0,35.0,interior,-0.0,-0.0,-0.0,-0.0,-0.0,-0.0
5,5,loading,0.8,4f58a9c6192dc24623e1a14bcf17d6676af42b89d29772d39c9ce17042b6c5be,3054,79.0,35.0,interior,-0.0,-0.0,-0.0,-0.0,-0.0,-0.0
5,5,loading,0.8,4f58a9c6192dc24623e1a14bcf17d6676af42b89d29772d39c9ce17042b6c5be,3055,80.0,35.0,physical_only,4.790854953436188e-07,-1.5323238043720263e-07,8.89039011089487e-07,-6.511481246976997e-07,-4.099535157458679e-07,4.979157442605036e-07
5,5,loading,0.8,4f58a9c6192dc24623e1a14bcf17d6676af42b89d29772d39c9ce17042b6c5be,3122,62.0,36.0,physical_only,-4.83300158362313e-06,1.8638220862558663e-07,-3.75206223007931e-06,6.168090655838377e-08,-1.0809393535438206e-06,1.2470130206720286e-07
5,5,loading,0.8,4f58a9c6192dc24623e1a14bcf17d6676af42b89d29772d39c9ce17042b6c5be,3123,63.0,36.0,interior,-0.0,-0.0,-0.0,-0.0,-0.0,-0.0
5,5,loading,0.8,4f58a9c6192dc24623e1a14bcf17d6676af42b89d29772d39c9ce17042b6c5be,3124,64.0,36.0,interior,-0.0,-0.0,-0.0,-0.0,-0.0,-0.0
5,5,loading,0.8,4f58a9c6192dc24623e1a14bcf17d6676af42b89d29772d39c9ce17042b6c5be,3125,65.0,36.0,interior,-0.0,-0.0,-0.0,-0.0,-0.0,-0.0
5,5,loading,0.8,4f58a9c6192dc24623e1a14bcf17d6676af42b89d29772d39c9ce17042b6c5be,3126,66.0,36.0,interior,-0.0,-0.0,-0.0,-0.0,-0.0,-0.0
5,5,loading,0.8,4f58a9c6192dc24623e1a14bcf17d6676af42b89d29772d39c9ce17042b6c5be,3127,67.0,36.0,interior,-0.0,-0.0,-0.0,-0.0,-0.0,-0.0
5,5,loading,0.8,4f58a9c6192dc24623e1a14bcf17d6676af42b89d29772d39c9ce17042b6c5be,3128,68.0,36.0,interior,-0.0,-0.0,-0.0,-0.0,-0.0,-0.0
5,5,loading,0.8,4f58a9c6192dc24623e1a14bcf17d6676af42b89d29772d39c9ce17042b6c5be,3129,69.0,36.0,interior,-0.0,-0.0,-0.0,-0.0,-0.0,-0.0
5,5,loading,0.8,4f58a9c6192dc24623e1a14bcf17d6676af42b89d29772d39c9ce17042b6c5be,3130,70.0,36.0,interior,-0.0,-0.0,-0.0,-0.0,-0.0,-0.0
5,5,loading,0.8,4f58a9c6192dc24623e1a14bcf17d6676af42b89d29772d39c9ce17042b6c5be,3131,71.0,36.0,interior,-0.0,-0.0,-0.0,-0.0,-0.0,-0.0
5,5,loading,0.8,4f58a9c6192dc24623e1a14bcf17d6676af42b89d29772d39c9ce17042b6c5be,3132,72.0,36.0,interior,-0.0,-0.0,-0.0,-0.0,-0.0,-0.0
5,5,loading,0.8,4f58a9c6192dc24623e1a14bcf17d6676af42b89d29772d39c9ce17042b6c5be,3133,73.0,36.0,interior,-0.0,-0.0,-0.0,-0.0,-0.0,-0.0
5,5,loading,0.8,4f58a9c6192dc24623e1a14bcf17d6676af42b89d29772d39c9ce17042b6c5be,3134,74.0,36.0,interior,-0.0,-0.0,-0.0,-0.0,-0.0,-0.0
5,5,loading,0.8,4f58a9c6192dc24623e1a14bcf17d6676af42b89d29772d39c9ce17042b6c5be,3135,75.0,36.0,interior,-0.0,-0.0,-0.0,-0.0,-0.0,-0.0
5,5,loading,0.8,4f58a9c6192dc24623e1a14bcf17d6676af42b89d29772d39c9ce17042b6c5be,3136,76.0,36.0,interior,-0.0,-0.0,-0.0,-0.0,-0.0,-0.0
5,5,loading,0.8,4f58a9c6192dc24623e1a14bcf17d6676af42b89d29772d39c9ce17042b6c5be,3137,77.0,36.0,interior,-0.0,-0.0,-0.0,-0.0,-0.0,-0.0
5,5,loading,0.8,4f58a9c6192dc24623e1a14bcf17d6676af42b89d29772d39c9ce17042b6c5be,3138,78.0,36.0,interior,-0.0,-0.0,-0.0,-0.0,-0.0,-0.0
5,5,loading,0.8,4f58a9c6192dc24623e1a14bcf17d6676af42b89d29772d39c9ce17042b6c5be,3139,79.0,36.0,interior,-0.0,-0.0,-0.0,-0.0,-0.0,-0.0
5,5,loading,0.8,4f58a9c6192dc24623e1a14bcf17d6676af42b89d29772d39c9ce17042b6c5be,3140,80.0,36.0,physical_only,4.7257203259109995e-07,-1.193211592621449e-07,8.646267447055458e-07,-5.175420527644757e-07,-3.920547121144461e-07,3.982208935023339e-07
5,5,loading,0.8,4f58a9c6192dc24623e1a14bcf17d6676af42b89d29772d39c9ce17042b6c5be,3207,62.0,37.0,physical_only,-4.9698909279648725e-06,2.221967124055578e-07,-3.833843285831007e-06,4.849648171472321e-08,-1.1360476421338655e-06,1.7370023069083469e-07
5,5,loading,0.8,4f58a9c6192dc24623e1a14bcf17d6676af42b89d29772d39c9ce17042b6c5be,3208,63.0,37.0,interior,-0.0,-0.0,-0.0,-0.0,-0.0,-0.0
5,5,loading,0.8,4f58a9c6192dc24623e1a14bcf17d6676af42b89d29772d39c9ce17042b6c5be,3209,64.0,37.0,interior,-0.0,-0.0,-0.0,-0.0,-0.0,-0.0
5,5,loading,0.8,4f58a9c6192dc24623e1a14bcf17d6676af42b89d29772d39c9ce17042b6c5be,3210,65.0,37.0,interior,-0.0,-0.0,-0.0,-0.0,-0.0,-0.0
5,5,loading,0.8,4f58a9c6192dc24623e1a14bcf17d6676af42b89d29772d39c9ce17042b6c5be,3211,66.0,37.0,interior,-0.0,-0.0,-0.0,-0.0,-0.0,-0.0
5,5,loading,0.8,4f58a9c6192dc24623e1a14bcf17d6676af42b89d29772d39c9ce17042b6c5be,3212,67.0,37.0,interior,-0.0,-0.0,-0.0,-0.0,-0.0,-0.0
5,5,loading,0.8,4f58a9c6192dc24623e1a14bcf17d6676af42b89d29772d39c9ce17042b6c5be,3213,68.0,37.0,interior,-0.0,-0.0,-0.0,-0.0,-0.0,-0.0
5,5,loading,0.8,4f58a9c6192dc24623e1a14bcf17d6676af42b89d29772d39c9ce17042b6c5be,3214,69.0,37.0,interior,-0.0,-0.0,-0.0,-0.0,-0.0,-0.0
5,5,loading,0.8,4f58a9c6192dc24623e1a14bcf17d6676af42b89d29772d39c9ce17042b6c5be,3215,70.0,37.0,interior,-0.0,-0.0,-0.0,-0.0,-0.0,-0.0
5,5,loading,0.8,4f58a9c6192dc24623e1a14bcf17d6676af42b89d29772d39c9ce17042b6c5be,3216,71.0,37.0,interior,-0.0,-0.0,-0.0,-0.0,-0.0,-0.0
5,5,loading,0.8,4f58a9c6192dc24623e1a14bcf17d6676af42b89d29772d39c9ce17042b6c5be,3217,72.0,37.0,interior,-0.0,-0.0,-0.0,-0.0,-0.0,-0.0
5,5,loading,0.8,4f58a9c6192dc24623e1a14bcf17d6676af42b89d29772d39c9ce17042b6c5be,3218,73.0,37.0,interior,-0.0,-0.0,-0.0,-0.0,-0.0,-0.0
5,5,loading,0.8,4f58a9c6192dc24623e1a14bcf17d6676af42b89d29772d39c9ce17042b6c5be,3219,74.0,37.0,interior,-0.0,-0.0,-0.0,-0.0,-0.0,-0.0
5,5,loading,0.8,4f58a9c6192dc24623e1a14bcf17d6676af42b89d29772d39c9ce17042b6c5be,3220,75.0,37.0,interior,-0.0,-0.0,-0.0,-0.0,-0.0,-0.0
5,5,loading,0.8,4f58a9c6192dc24623e1a14bcf17d6676af42b89d29772d39c9ce17042b6c5be,3221,76.0,37.0,interior,-0.0,-0.0,-0.0,-0.0,-0.0,-0.0
5,5,loading,0.8,4f58a9c6192dc24623e1a14bcf17d6676af42b89d29772d39c9ce17042b6c5be,3222,77.0,37.0,interior,-0.0,-0.0,-0.0,-0.0,-0.0,-0.0
5,5,loading,0.8,4f58a9c6192dc24623e1a14bcf17d6676af42b89d29772d39c9ce17042b6c5be,3223,78.0,37.0,interior,-0.0,-0.0,-0.0,-0.0,-0.0,-0.0
5,5,loading,0.8,4f58a9c6192dc24623e1a14bcf17d6676af42b89d29772d39c9ce17042b6c5be,3224,79.0,37.0,interior,-0.0,-0.0,-0.0,-0.0,-0.0,-0.0
5,5,loading,0.8,4f58a9c6192dc24623e1a14bcf17d6676af42b89d29772d39c9ce17042b6c5be,3225,80.0,37.0,physical_only,4.674853385485642e-07,-8.76591436977067e-08,8.459340696534629e-07,-3.8620296695866513e-07,-3.784487311048988e-07,2.9854382326095563e-07
5,5,loading,0.8,4f58a9c6192dc24623e1a14bcf17d6676af42b89d29772d39c9ce17042b6c5be,3292,62.0,38.0,physical_only,-5.08864895577191e-06,1.7746339178689008e-07,-3.893662377968237e-06,3.3629770951793536e-08,-1.1949865778036724e-06,1.4383362083509644e-07
5,5,loading,0.8,4f58a9c6192dc24623e1a14bcf17d6676af42b89d29772d39c9ce17042b6c5be,3293,63.0,38.0,interior,-0.0,-0.0,-0.0,-0.0,-0.0,-0.0
5,5,loading,0.8,4f58a9c6192dc24623e1a14bcf17d6676af42b89d29772d39c9ce17042b6c5be,3294,64.0,38.0,interior,-0.0,-0.0,-0.0,-0.0,-0.0,-0.0
5,5,loading,0.8,4f58a9c6192dc24623e1a14bcf17d6676af42b89d29772d39c9ce17042b6c5be,3295,65.0,38.0,interior,-0.0,-0.0,-0.0,-0.0,-0.0,-0.0
5,5,loading,0.8,4f58a9c6192dc24623e1a14bcf17d6676af42b89d29772d39c9ce17042b6c5be,3296,66.0,38.0,interior,-0.0,-0.0,-0.0,-0.0,-0.0,-0.0
5,5,loading,0.8,4f58a9c6192dc24623e1a14bcf17d6676af42b89d29772d39c9ce17042b6c5be,3297,67.0,38.0,interior,-0.0,-0.0,-0.0,-0.0,-0.0,-0.0
5,5,loading,0.8,4f58a9c6192dc24623e1a14bcf17d6676af42b89d29772d39c9ce17042b6c5be,3298,68.0,38.0,interior,-0.0,-0.0,-0.0,-0.0,-0.0,-0.0
5,5,loading,0.8,4f58a9c6192dc24623e1a14bcf17d6676af42b89d29772d39c9ce17042b6c5be,3299,69.0,38.0,interior,-0.0,-0.0,-0.0,-0.0,-0.0,-0.0
5,5,loading,0.8,4f58a9c6192dc24623e1a14bcf17d6676af42b89d29772d39c9ce17042b6c5be,3300,70.0,38.0,interior,-0.0,-0.0,-0.0,-0.0,-0.0,-0.0
5,5,loading,0.8,4f58a9c6192dc24623e1a14bcf17d6676af42b89d29772d39c9ce17042b6c5be,3301,71.0,38.0,interior,-0.0,-0.0,-0.0,-0.0,-0.0,-0.0
5,5,loading,0.8,4f58a9c6192dc24623e1a14bcf17d6676af42b89d29772d39c9ce17042b6c5be,3302,72.0,38.0,interior,-0.0,-0.0,-0.0,-0.0,-0.0,-0.0
5,5,loading,0.8,4f58a9c6192dc24623e1a14bcf17d6676af42b89d29772d39c9ce17042b6c5be,3303,73.0,38.0,interior,-0.0,-0.0,-0.0,-0.0,-0.0,-0.0
5,5,loading,0.8,4f58a9c6192dc24623e1a14bcf17d6676af42b89d29772d39c9ce17042b6c5be,3304,74.0,38.0,interior,-0.0,-0.0,-0.0,-0.0,-0.0,-0.0
5,5,loading,0.8,4f58a9c6192dc24623e1a14bcf17d6676af42b89d29772d39c9ce17042b6c5be,3305,75.0,38.0,interior,-0.0,-0.0,-0.0,-0.0,-0.0,-0.0
5,5,loading,0.8,4f58a9c6192dc24623e1a14bcf17d6676af42b89d29772d39c9ce17042b6c5be,3306,76.0,38.0,interior,-0.0,-0.0,-0.0,-0.0,-0.0,-0.0
5,5,loading,0.8,4f58a9c6192dc24623e1a14bcf17d6676af42b89d29772d39c9ce17042b6c5be,3307,77.0,38.0,interior,-0.0,-0.0,-0.0,-0.0,-0.0,-0.0
5,5,loading,0.8,4f58a9c6192dc24623e1a14bcf17d6676af42b89d29772d39c9ce17042b6c5be,3308,78.0,38.0,interior,-0.0,-0.0,-0.0,-0.0,-0.0,-0.0
5,5,loading,0.8,4f58a9c6192dc24623e1a14bcf17d6676af42b89d29772d39c9ce17042b6c5be,3309,79.0,38.0,interior,-0.0,-0.0,-0.0,-0.0,-0.0,-0.0
5,5,loading,0.8,4f58a9c6192dc24623e1a14bcf17d6676af42b89d29772d39c9ce17042b6c5be,3310,80.0,38.0,physical_only,4.638424886841449e-07,-5.759178948852356e-08,8.327374545706315e-07,-2.565440223366902e-07,-3.688949658864866e-07,1.989522328481693e-07
5,5,loading,0.8,4f58a9c6192dc24623e1a14bcf17d6676af42b89d29772d39c9ce17042b6c5be,3377,62.0,39.0,physical_only,-5.16076760502748e-06,9.487681327464259e-08,-3.930202997734597e-06,1.724132421556713e-08,-1.2305646072928838e-06,7.763548905907567e-08
5,5,loading,0.8,4f58a9c6192dc24623e1a14bcf17d6676af42b89d29772d39c9ce17042b6c5be,3378,63.0,39.0,interior,-0.0,-0.0,-0.0,-0.0,-0.0,-0.0
5,5,loading,0.8,4f58a9c6192dc24623e1a14bcf17d6676af42b89d29772d39c9ce17042b6c5be,3379,64.0,39.0,interior,-0.0,-0.0,-0.0,-0.0,-0.0,-0.0
5,5,loading,0.8,4f58a9c6192dc24623e1a14bcf17d6676af42b89d29772d39c9ce17042b6c5be,3380,65.0,39.0,interior,-0.0,-0.0,-0.0,-0.0,-0.0,-0.0
5,5,loading,0.8,4f58a9c6192dc24623e1a14bcf17d6676af42b89d29772d39c9ce17042b6c5be,3381,66.0,39.0,interior,-0.0,-0.0,-0.0,-0.0,-0.0,-0.0
5,5,loading,0.8,4f58a9c6192dc24623e1a14bcf17d6676af42b89d29772d39c9ce17042b6c5be,3382,67.0,39.0,interior,-0.0,-0.0,-0.0,-0.0,-0.0,-0.0
5,5,loading,0.8,4f58a9c6192dc24623e1a14bcf17d6676af42b89d29772d39c9ce17042b6c5be,3383,68.0,39.0,interior,-0.0,-0.0,-0.0,-0.0,-0.0,-0.0
5,5,loading,0.8,4f58a9c6192dc24623e1a14bcf17d6676af42b89d29772d39c9ce17042b6c5be,3384,69.0,39.0,interior,-0.0,-0.0,-0.0,-0.0,-0.0,-0.0
5,5,loading,0.8,4f58a9c6192dc24623e1a14bcf17d6676af42b89d29772d39c9ce17042b6c5be,3385,70.0,39.0,interior,-0.0,-0.0,-0.0,-0.0,-0.0,-0.0
5,5,loading,0.8,4f58a9c6192dc24623e1a14bcf17d6676af42b89d29772d39c9ce17042b6c5be,3386,71.0,39.0,interior,-0.0,-0.0,-0.0,-0.0,-0.0,-0.0
5,5,loading,0.8,4f58a9c6192dc24623e1a14bcf17d6676af42b89d29772d39c9ce17042b6c5be,3387,72.0,39.0,interior,-0.0,-0.0,-0.0,-0.0,-0.0,-0.0
5,5,loading,0.8,4f58a9c6192dc24623e1a14bcf17d6676af42b89d29772d39c9ce17042b6c5be,3388,73.0,39.0,interior,-0.0,-0.0,-0.0,-0.0,-0.0,-0.0
5,5,loading,0.8,4f58a9c6192dc24623e1a14bcf17d6676af42b89d29772d39c9ce17042b6c5be,3389,74.0,39.0,interior,-0.0,-0.0,-0.0,-0.0,-0.0,-0.0
5,5,loading,0.8,4f58a9c6192dc24623e1a14bcf17d6676af42b89d29772d39c9ce17042b6c5be,3390,75.0,39.0,interior,-0.0,-0.0,-0.0,-0.0,-0.0,-0.0
5,5,loading,0.8,4f58a9c6192dc24623e1a14bcf17d6676af42b89d29772d39c9ce17042b6c5be,3391,76.0,39.0,interior,-0.0,-0.0,-0.0,-0.0,-0.0,-0.0
5,5,loading,0.8,4f58a9c6192dc24623e1a14bcf17d6676af42b89d29772d39c9ce17042b6c5be,3392,77.0,39.0,interior,-0.0,-0.0,-0.0,-0.0,-0.0,-0.0
5,5,loading,0.8,4f58a9c6192dc24623e1a14bcf17d6676af42b89d29772d39c9ce17042b6c5be,3393,78.0,39.0,interior,-0.0,-0.0,-0.0,-0.0,-0.0,-0.0
5,5,loading,0.8,4f58a9c6192dc24623e1a14bcf17d6676af42b89d29772d39c9ce17042b6c5be,3394,79.0,39.0,interior,-0.0,-0.0,-0.0,-0.0,-0.0,-0.0
5,5,loading,0.8,4f58a9c6192dc24623e1a14bcf17d6676af42b89d29772d39c9ce17042b6c5be,3395,80.0,39.0,physical_only,4.6165340210498276e-07,-2.8546343318710437e-08,8.248808892416335e-07,-1.2799574437740262e-07,-3.632274871366506e-07,9.944940105869113e-08
5,5,loading,0.8,4f58a9c6192dc24623e1a14bcf17d6676af42b89d29772d39c9ce17042b6c5be,3462,62.0,40.0,physical_and_cut,-2.5920494758254763e-06,-2.0013424615749643e-06,-1.9712484960543406e-06,-8.932777779453032e-07,-6.208009797711356e-07,-1.108064683629661e-06
5,5,loading,0.8,4f58a9c6192dc24623e1a14bcf17d6676af42b89d29772d39c9ce17042b6c5be,3463,63.0,40.0,cut_only,-0.0,-0.0,-0.0,-0.0,-0.0,-0.0
5,5,loading,0.8,4f58a9c6192dc24623e1a14bcf17d6676af42b89d29772d39c9ce17042b6c5be,3464,64.0,40.0,cut_only,-0.0,-0.0,-0.0,-0.0,-0.0,-0.0
5,5,loading,0.8,4f58a9c6192dc24623e1a14bcf17d6676af42b89d29772d39c9ce17042b6c5be,3465,65.0,40.0,cut_only,-0.0,-0.0,-0.0,-0.0,-0.0,-0.0
5,5,loading,0.8,4f58a9c6192dc24623e1a14bcf17d6676af42b89d29772d39c9ce17042b6c5be,3466,66.0,40.0,cut_only,-0.0,-0.0,-0.0,-0.0,-0.0,-0.0
5,5,loading,0.8,4f58a9c6192dc24623e1a14bcf17d6676af42b89d29772d39c9ce17042b6c5be,3467,67.0,40.0,cut_only,-0.0,-0.0,-0.0,-0.0,-0.0,-0.0
5,5,loading,0.8,4f58a9c6192dc24623e1a14bcf17d6676af42b89d29772d39c9ce17042b6c5be,3468,68.0,40.0,cut_only,-0.0,-0.0,-0.0,-0.0,-0.0,-0.0
5,5,loading,0.8,4f58a9c6192dc24623e1a14bcf17d6676af42b89d29772d39c9ce17042b6c5be,3469,69.0,40.0,cut_only,-0.0,-0.0,-0.0,-0.0,-0.0,-0.0
5,5,loading,0.8,4f58a9c6192dc24623e1a14bcf17d6676af42b89d29772d39c9ce17042b6c5be,3470,70.0,40.0,cut_only,-0.0,-0.0,-0.0,-0.0,-0.0,-0.0
5,5,loading,0.8,4f58a9c6192dc24623e1a14bcf17d6676af42b89d29772d39c9ce17042b6c5be,3471,71.0,40.0,cut_only,-0.0,-0.0,-0.0,-0.0,-0.0,-0.0
5,5,loading,0.8,4f58a9c6192dc24623e1a14bcf17d6676af42b89d29772d39c9ce17042b6c5be,3472,72.0,40.0,cut_only,-0.0,-0.0,-0.0,-0.0,-0.0,-0.0
5,5,loading,0.8,4f58a9c6192dc24623e1a14bcf17d6676af42b89d29772d39c9ce17042b6c5be,3473,73.0,40.0,cut_only,-0.0,-0.0,-0.0,-0.0,-0.0,-0.0
5,5,loading,0.8,4f58a9c6192dc24623e1a14bcf17d6676af42b89d29772d39c9ce17042b6c5be,3474,74.0,40.0,cut_only,-0.0,-0.0,-0.0,-0.0,-0.0,-0.0
5,5,loading,0.8,4f58a9c6192dc24623e1a14bcf17d6676af42b89d29772d39c9ce17042b6c5be,3475,75.0,40.0,cut_only,-0.0,-0.0,-0.0,-0.0,-0.0,-0.0
5,5,loading,0.8,4f58a9c6192dc24623e1a14bcf17d6676af42b89d29772d39c9ce17042b6c5be,3476,76.0,40.0,cut_only,-0.0,-0.0,-0.0,-0.0,-0.0,-0.0
5,5,loading,0.8,4f58a9c6192dc24623e1a14bcf17d6676af42b89d29772d39c9ce17042b6c5be,3477,77.0,40.0,cut_only,-0.0,-0.0,-0.0,-0.0,-0.0,-0.0
5,5,loading,0.8,4f58a9c6192dc24623e1a14bcf17d6676af42b89d29772d39c9ce17042b6c5be,3478,78.0,40.0,cut_only,-0.0,-0.0,-0.0,-0.0,-0.0,-0.0
5,5,loading,0.8,4f58a9c6192dc24623e1a14bcf17d6676af42b89d29772d39c9ce17042b6c5be,3479,79.0,40.0,cut_only,-0.0,-0.0,-0.0,-0.0,-0.0,-0.0
5,5,loading,0.8,4f58a9c6192dc24623e1a14bcf17d6676af42b89d29772d39c9ce17042b6c5be,3480,80.0,40.0,physical_and_cut,2.3046159213641253e-07,3.1849344602873654e-05,4.1113609876424834e-07,-2.389449337117192e-07,-1.8067450662783583e-07,3.2088289536585376e-05
6,6,loading,0.85,277b8ba963fe839392a0032c3cd34beedaf18e9bcb92339ecd696410f17de45f,2697,62.0,31.0,physical_only,-0.0004365594295430919,-6.104823583081147e-05,-5.659328392399449e-06,6.270545400473141e-06,-0.0004309001011506925,-6.73187812312846e-05
6,6,loading,0.85,277b8ba963fe839392a0032c3cd34beedaf18e9bcb92339ecd696410f17de45f,2698,63.0,31.0,physical_only,-1.1673391158847695e-06,-5.359569286872488e-05,-3.1345106681936766e-06,7.175180151590004e-06,1.9671715523089067e-06,-6.0770873020314924e-05
6,6,loading,0.85,277b8ba963fe839392a0032c3cd34beedaf18e9bcb92339ecd696410f17de45f,2699,64.0,31.0,physical_only,1.2045817491319085e-06,-7.153584595192246e-05,-3.2039336134818476e-06,9.189034455647394e-06,4.408515362613756e-06,-8.072488040756983e-05
6,6,loading,0.85,277b8ba963fe839392a0032c3cd34beedaf18e9bcb92339ecd696410f17de45f,2700,65.0,31.0,physical_only,1.8905162960803705e-06,-9.669101034225276e-05,-3.2907621416644043e-06,1.1497154018510123e-05,5.181278437744774e-06,-0.0001081881643607629
6,6,loading,0.85,277b8ba963fe839392a0032c3cd34beedaf18e9bcb92339ecd696410f17de45f,2701,66.0,31.0,physical_only,8.257930838915583e-07,-0.0001266167872237137,-3.3954701995154733e-06,1.4192018553221104e-05,4.221263283407031e-06,-0.00014080880577693484
6,6,loading,0.85,277b8ba963fe839392a0032c3cd34beedaf18e9bcb92339ecd696410f17de45f,2702,67.0,31.0,physical_only,-9.131335306133985e-07,-0.00016091463689785234,-3.5158177180244856e-06,1.73815988192491e-05,2.602684187411089e-06,-0.00017829623571710153
6,6,loading,0.85,277b8ba963fe839392a0032c3cd34beedaf18e9bcb92339ecd696410f17de45f,2703,68.0,31.0,physical_only,-9.707869593853516e-07,-0.0002024417791045254,-3.652578430126829e-06,2.120047011869789e-05,2.6817914707414817e-06,-0.00022364224922322314
6,6,loading,0.85,277b8ba963fe839392a0032c3cd34beedaf18e9bcb92339ecd696410f17de45f,2704,69.0,31.0,physical_only,-1.3997531885303855e-06,-0.0002540599658890153,-3.809743861511703e-06,2.5831064445229783e-05,2.4099906729813155e-06,-0.0002798910303342451
6,6,loading,0.85,277b8ba963fe839392a0032c3cd34beedaf18e9bcb92339ecd696410f17de45f,2705,70.0,31.0,physical_only,-2.0507413285355075e-06,-0.0003163154500804197,-3.994476201695155e-06,3.153276339875989e-05,1.943734873159644e-06,-0.00034784821347917964
6,6,loading,0.85,277b8ba963fe839392a0032c3cd34beedaf18e9bcb92339ecd696410f17de45f,2706,71.0,31.0,physical_only,-2.896042941330678e-06,-0.00039070376727196065,-4.216560243005507e-06,3.868386138278857e-05,1.3205173016748247e-06,-0.0004293876286547494
6,6,loading,0.85,277b8ba963fe839392a0032c3cd34beedaf18e9bcb92339ecd696410f17de45f,2707,72.0,31.0,physical_only,-3.7499562445793974e-06,-0.00047878795503014573,-4.490876958157571e-06,4.785616042814681e-05,7.409207135781763e-07,-0.0005266441154582928
6,6,loading,0.85,277b8ba963fe839392a0032c3cd34beedaf18e9bcb92339ecd696410f17de45f,2708,73.0,31.0,physical_only,-4.625168050775339e-06,-0.0005806710375465818,-4.840228409194218e-06,5.995081557171137e-05,2.1506035841888262e-07,-0.0006406218531182931
6,6,loading,0.85,277b8ba963fe839392a0032c3cd34beedaf18e9bcb92339ecd696410f17de45f,2709,74.0,31.0,physical_only,6.782905335720498e-07,-0.0007009944516609104,-5.304310099621383e-06,7.647322995575924e-05,5.982600633193428e-06,-0.0007774676816166689
6,6,loading,0.85,277b8ba963fe839392a0032c3cd34beedaf18e9bcb92339ecd696410f17de45f,2710,75.0,31.0,physical_only,1.1346929568169756e-05,-0.0008552790865413188,-5.959559470518995e-06,0.00010016021034771969,1.730648903868875e-05,-0.0009554392968890392
6,6,loading,0.85,277b8ba963fe839392a0032c3cd34beedaf18e9bcb92339ecd696410f17de45f,2711,76.0,31.0,physical_only,2.1970388001526817e-05,-0.0010611143255274645,-6.964537913910431e-06,0.00013658340192059724,2.8934925915437256e-05,-0.001197697727448062
6,6,loading,0.85,277b8ba963fe839392a0032c3cd34beedaf18e9bcb92339ecd696410f17de45f,2712,77.0,31.0,physical_only,1.3605345958100196e-05,-0.0012914593538099215,-8.665483849731923e-06,0.00019879347285789667,2.227082980783211e-05,-0.0014902528266678185
6,6,loading,0.85,277b8ba963fe839392a0032c3cd34beedaf18e9bcb92339ecd696410f17de45f,2713,78.0,31.0,physical_only,-2.240975432729454e-06,-0.001492506719578168,-1.2034640476267572e-05,0.0003249775881948297,9.793665043538122e-06,-0.0018174843077729983
6,6,loading,0.85,277b8ba963fe839392a0032c3cd34beedaf18e9bcb92339ecd696410f17de45f,2714,79.0,31.0,physical_only,-3.799073231355052e-05,-0.0010779364911419967,-2.0819826349984254e-05,0.0006819461551651725,-1.7170905963566265e-05,-0.00175988264630717
6,6,loading,0.85,277b8ba963fe839392a0032c3cd34beedaf18e9bcb92339ecd696410f17de45f,2715,80.0,31.0,physical_only,0.00012231443813658655,0.012751914269993603,3.3402855252204665e-05,0.000612722045517888,8.89115828843819e-05,0.012139192224475716
6,6,loading,0.85,277b8ba963fe839392a0032c3cd34beedaf18e9bcb92339ecd696410f17de45f,2782,62.0,32.0,physical_only,-6.9816669054964605e-06,-1.122355602792753e-06,-3.2910701887161642e-06,1.380684299719479e-07,-3.6905967167802955e-06,-1.2604240327647005e-06
6,6,loading,0.85,277b8ba963fe839392a0032c3cd34beedaf18e9bcb92339ecd696410f17de45f,2783,63.0,32.0,interior,-0.0,-0.0,-0.0,-0.0,-0.0,-0.0
6,6,loading,0.85,277b8ba963fe839392a0032c3cd34beedaf18e9bcb92339ecd696410f17de45f,2784,64.0,32.0,interior,-0.0,-0.0,-0.0,-0.0,-0.0,-0.0
6,6,loading,0.85,277b8ba963fe839392a0032c3cd34beedaf18e9bcb92339ecd696410f17de45f,2785,65.0,32.0,interior,-0.0,-0.0,-0.0,-0.0,-0.0,-0.0
6,6,loading,0.85,277b8ba963fe839392a0032c3cd34beedaf18e9bcb92339ecd696410f17de45f,2786,66.0,32.0,interior,-0.0,-0.0,-0.0,-0.0,-0.0,-0.0
6,6,loading,0.85,277b8ba963fe839392a0032c3cd34beedaf18e9bcb92339ecd696410f17de45f,2787,67.0,32.0,interior,-0.0,-0.0,-0.0,-0.0,-0.0,-0.0
6,6,loading,0.85,277b8ba963fe839392a0032c3cd34beedaf18e9bcb92339ecd696410f17de45f,2788,68.0,32.0,interior,-0.0,-0.0,-0.0,-0.0,-0.0,-0.0
6,6,loading,0.85,277b8ba963fe839392a0032c3cd34beedaf18e9bcb92339ecd696410f17de45f,2789,69.0,32.0,interior,-0.0,-0.0,-0.0,-0.0,-0.0,-0.0
6,6,loading,0.85,277b8ba963fe839392a0032c3cd34beedaf18e9bcb92339ecd696410f17de45f,2790,70.0,32.0,interior,-0.0,-0.0,-0.0,-0.0,-0.0,-0.0
6,6,loading,0.85,277b8ba963fe839392a0032c3cd34beedaf18e9bcb92339ecd696410f17de45f,2791,71.0,32.0,interior,-0.0,-0.0,-0.0,-0.0,-0.0,-0.0
6,6,loading,0.85,277b8ba963fe839392a0032c3cd34beedaf18e9bcb92339ecd696410f17de45f,2792,72.0,32.0,interior,-0.0,-0.0,-0.0,-0.0,-0.0,-0.0
6,6,loading,0.85,277b8ba963fe839392a0032c3cd34beedaf18e9bcb92339ecd696410f17de45f,2793,73.0,32.0,interior,-0.0,-0.0,-0.0,-0.0,-0.0,-0.0
6,6,loading,0.85,277b8ba963fe839392a0032c3cd34beedaf18e9bcb92339ecd696410f17de45f,2794,74.0,32.0,interior,-0.0,-0.0,-0.0,-0.0,-0.0,-0.0
6,6,loading,0.85,277b8ba963fe839392a0032c3cd34beedaf18e9bcb92339ecd696410f17de45f,2795,75.0,32.0,interior,-0.0,-0.0,-0.0,-0.0,-0.0,-0.0
6,6,loading,0.85,277b8ba963fe839392a0032c3cd34beedaf18e9bcb92339ecd696410f17de45f,2796,76.0,32.0,interior,-0.0,-0.0,-0.0,-0.0,-0.0,-0.0
6,6,loading,0.85,277b8ba963fe839392a0032c3cd34beedaf18e9bcb92339ecd696410f17de45f,2797,77.0,32.0,interior,-0.0,-0.0,-0.0,-0.0,-0.0,-0.0
6,6,loading,0.85,277b8ba963fe839392a0032c3cd34beedaf18e9bcb92339ecd696410f17de45f,2798,78.0,32.0,interior,-0.0,-0.0,-0.0,-0.0,-0.0,-0.0
6,6,loading,0.85,277b8ba963fe839392a0032c3cd34beedaf18e9bcb92339ecd696410f17de45f,2799,79.0,32.0,interior,-0.0,-0.0,-0.0,-0.0,-0.0,-0.0
6,6,loading,0.85,277b8ba963fe839392a0032c3cd34beedaf18e9bcb92339ecd696410f17de45f,2800,80.0,32.0,physical_only,6.99510611496323e-07,-2.729103580188474e-07,7.110383386583572e-07,-1.5118051654059052e-06,-1.152772716203429e-08,1.238894807387058e-06
6,6,loading,0.85,277b8ba963fe839392a0032c3cd34beedaf18e9bcb92339ecd696410f17de45f,2867,62.0,33.0,physical_only,-5.7231841904795826e-06,-7.197545749551328e-07,-3.499180714089126e-06,1.0775913829855058e-07,-2.2240034763904548e-06,-8.275137132536834e-07
6,6,loading,0.85,277b8ba963fe839392a0032c3cd34beedaf18e9bcb92339ecd696410f17de45f,2868,63.0,33.0,interior,-0.0,-0.0,-0.0,-0.0,-0.0,-0.0
6,6,loading,0.85,277b8ba963fe839392a0032c3cd34beedaf18e9bcb92339ecd696410f17de45f,2869,64.0,33.0,interior,-0.0,-0.0,-0.0,-0.0,-0.0,-0.0
6,6,loading,0.85,277b8ba963fe839392a0032c3cd34beedaf18e9bcb92339ecd696410f17de45f,2870,65.0,33.0,interior,-0.0,-0.0,-0.0,-0.0,-0.0,-0.0
6,6,loading,0.85,277b8ba963fe839392a0032c3cd34beedaf18e9bcb92339ecd696410f17de45f,2871,66.0,33.0,interior,-0.0,-0.0,-0.0,-0.0,-0.0,-0.0
6,6,loading,0.85,277b8ba963fe839392a0032c3cd34beedaf18e9bcb92339ecd696410f17de45f,2872,67.0,33.0,interior,-0.0,-0.0,-0.0,-0.0,-0.0,-0.0
6,6,loading,0.85,277b8ba963fe839392a0032c3cd34beedaf18e9bcb92339ecd696410f17de45f,2873,68.0,33.0,interior,-0.0,-0.0,-0.0,-0.0,-0.0,-0.0
6,6,loading,0.85,277b8ba963fe839392a0032c3cd34beedaf18e9bcb92339ecd696410f17de45f,2874,69.0,33.0,interior,-0.0,-0.0,-0.0,-0.0,-0.0,-0.0
6,6,loading,0.85,277b8ba963fe839392a0032c3cd34beedaf18e9bcb92339ecd696410f17de45f,2875,70.0,33.0,interior,-0.0,-0.0,-0.0,-0.0,-0.0,-0.0
6,6,loading,0.85,277b8ba963fe839392a0032c3cd34beedaf18e9bcb92339ecd696410f17de45f,2876,71.0,33.0,interior,-0.0,-0.0,-0.0,-0.0,-0.0,-0.0
6,6,loading,0.85,277b8ba963fe839392a0032c3cd34beedaf18e9bcb92339ecd696410f17de45f,2877,72.0,33.0,interior,-0.0,-0.0,-0.0,-0.0,-0.0,-0.0
6,6,loading,0.85,277b8ba963fe839392a0032c3cd34beedaf18e9bcb92339ecd696410f17de45f,2878,73.0,33.0,interior,-0.0,-0.0,-0.0,-0.0,-0.0,-0.0
6,6,loading,0.85,277b8ba963fe839392a0032c3cd34beedaf18e9bcb92339ecd696410f17de45f,2879,74.0,33.0,interior,-0.0,-0.0,-0.0,-0.0,-0.0,-0.0
6,6,loading,0.85,277b8ba963fe839392a0032c3cd34beedaf18e9bcb92339ecd696410f17de45f,2880,75.0,33.0,interior,-0.0,-0.0,-0.0,-0.0,-0.0,-0.0
6,6,loading,0.85,277b8ba963fe839392a0032c3cd34beedaf18e9bcb92339ecd696410f17de45f,2881,76.0,33.0,interior,-0.0,-0.0,-0.0,-0.0,-0.0,-0.0
6,6,loading,0.85,277b8ba963fe839392a0032c3cd34beedaf18e9bcb92339ecd696410f17de45f,2882,77.0,33.0,interior,-0.0,-0.0,-0.0,-0.0,-0.0,-0.0
6,6,loading,0.85,277b8ba963fe839392a0032c3cd34beedaf18e9bcb92339ecd696410f17de45f,2883,78.0,33.0,interior,-0.0,-0.0,-0.0,-0.0,-0.0,-0.0
6,6,loading,0.85,277b8ba963fe839392a0032c3cd34beedaf18e9bcb92339ecd696410f17de45f,2884,79.0,33.0,interior,-0.0,-0.0,-0.0,-0.0,-0.0,-0.0
6,6,loading,0.85,277b8ba963fe839392a0032c3cd34beedaf18e9bcb92339ecd696410f17de45f,2885,80.0,33.0,physical_only,6.856791699549951e-07,-2.284833996559754e-07,7.026605448911514e-07,-1.311503257945091e-06,-1.6981374936156316e-08,1.0830198582891223e-06
6,6,loading,0.85,277b8ba963fe839392a0032c3cd34beedaf18e9bcb92339ecd696410f17de45f,2952,62.0,34.0,physical_only,-5.1571133355695635e-06,-2.876797107335429e-07,-3.665716595977855e-06,8.838546711858692e-08,-1.4913967395917075e-06,-3.7606517785212963e-07
6,6,loading,0.85,277b8ba963fe839392a0032c3cd34beedaf18e9bcb92339ecd696410f17de45f,2953,63.0,34.0,interior,-0.0,-0.0,-0.0,-0.0,-0.0,-0.0
6,6,loading,0.85,277b8ba963fe839392a0032c3cd34beedaf18e9bcb92339ecd696410f17de45f,2954,64.0,34.0,interior,-0.0,-0.0,-0.0,-0.0,-0.0,-0.0
6,6,loading,0.85,277b8ba963fe839392a0032c3cd34beedaf18e9bcb92339ecd696410f17de45f,2955,65.0,34.0,interior,-0.0,-0.0,-0.0,-0.0,-0.0,-0.0
6,6,loading,0.85,277b8ba963fe839392a0032c3cd34beedaf18e9bcb92339ecd696410f17de45f,2956,66.0,34.0,interior,-0.0,-0.0,-0.0,-0.0,-0.0,-0.0
6,6,loading,0.85,277b8ba963fe839392a0032c3cd34beedaf18e9bcb92339ecd696410f17de45f,2957,67.0,34.0,interior,-0.0,-0.0,-0.0,-0.0,-0.0,-0.0
6,6,loading,0.85,277b8ba963fe839392a0032c3cd34beedaf18e9bcb92339ecd696410f17de45f,2958,68.0,34.0,interior,-0.0,-0.0,-0.0,-0.0,-0.0,-0.0
6,6,loading,0.85,277b8ba963fe839392a0032c3cd34beedaf18e9bcb92339ecd696410f17de45f,2959,69.0,34.0,interior,-0.0,-0.0,-0.0,-0.0,-0.0,-0.0
6,6,loading,0.85,277b8ba963fe839392a0032c3cd34beedaf18e9bcb92339ecd696410f17de45f,2960,70.0,34.0,interior,-0.0,-0.0,-0.0,-0.0,-0.0,-0.0
6,6,loading,0.85,277b8ba963fe839392a0032c3cd34beedaf18e9bcb92339ecd696410f17de45f,2961,71.0,34.0,interior,-0.0,-0.0,-0.0,-0.0,-0.0,-0.0
6,6,loading,0.85,277b8ba963fe839392a0032c3cd34beedaf18e9bcb92339ecd696410f17de45f,2962,72.0,34.0,interior,-0.0,-0.0,-0.0,-0.0,-0.0,-0.0
6,6,loading,0.85,277b8ba963fe839392a0032c3cd34beedaf18e9bcb92339ecd696410f17de45f,2963,73.0,34.0,interior,-0.0,-0.0,-0.0,-0.0,-0.0,-0.0
6,6,loading,0.85,277b8ba963fe839392a0032c3cd34beedaf18e9bcb92339ecd696410f17de45f,2964,74.0,34.0,interior,-0.0,-0.0,-0.0,-0.0,-0.0,-0.0
6,6,loading,0.85,277b8ba963fe839392a0032c3cd34beedaf18e9bcb92339ecd696410f17de45f,2965,75.0,34.0,interior,-0.0,-0.0,-0.0,-0.0,-0.0,-0.0
6,6,loading,0.85,277b8ba963fe839392a0032c3cd34beedaf18e9bcb92339ecd696410f17de45f,2966,76.0,34.0,interior,-0.0,-0.0,-0.0,-0.0,-0.0,-0.0
6,6,loading,0.85,277b8ba963fe839392a0032c3cd34beedaf18e9bcb92339ecd696410f17de45f,2967,77.0,34.0,interior,-0.0,-0.0,-0.0,-0.0,-0.0,-0.0
6,6,loading,0.85,277b8ba963fe839392a0032c3cd34beedaf18e9bcb92339ecd696410f17de45f,2968,78.0,34.0,interior,-0.0,-0.0,-0.0,-0.0,-0.0,-0.0
6,6,loading,0.85,277b8ba963fe839392a0032c3cd34beedaf18e9bcb92339ecd696410f17de45f,2969,79.0,34.0,interior,-0.0,-0.0,-0.0,-0.0,-0.0,-0.0
6,6,loading,0.85,277b8ba963fe839392a0032c3cd34beedaf18e9bcb92339ecd696410f17de45f,2970,80.0,34.0,physical_only,6.734193968487038e-07,-1.8878686531473277e-07,6.95277114708322e-07,-1.115753665258808e-06,-2.185771785961823e-08,9.269667999440751e-07
6,6,loading,0.85,277b8ba963fe839392a0032c3cd34beedaf18e9bcb92339ecd696410f17de45f,3037,62.0,35.0,physical_only,-5.013544109934849e-06,3.744666107925541e-08,-3.8026752141554984e-06,7.460968207171369e-08,-1.2108688957793508e-06,-3.716302099245807e-08
6,6,loading,0.85,277b8ba963fe839392a0032c3cd34beedaf18e9bcb92339ecd696410f17de45f,3038,63.0,35.0,interior,-0.0,-0.0,-0.0,-0.0,-0.0,-0.0
6,6,loading,0.85,277b8ba963fe839392a0032c3cd34beedaf18e9bcb92339ecd696410f17de45f,3039,64.0,35.0,interior,-0.0,-0.0,-0.0,-0.0,-0.0,-0.0
6,6,loading,0.85,277b8ba963fe839392a0032c3cd34beedaf18e9bcb92339ecd696410f17de45f,3040,65.0,35.0,interior,-0.0,-0.0,-0.0,-0.0,-0.0,-0.0
6,6,loading,0.85,277b8ba963fe839392a0032c3cd34beedaf18e9bcb92339ecd696410f17de45f,3041,66.0,35.0,interior,-0.0,-0.0,-0.0,-0.0,-0.0,-0.0
6,6,loading,0.85,277b8ba963fe839392a0032c3cd34beedaf18e9bcb92339ecd696410f17de45f,3042,67.0,35.0,interior,-0.0,-0.0,-0.0,-0.0,-0.0,-0.0
6,6,loading,0.85,277b8ba963fe839392a0032c3cd34beedaf18e9bcb92339ecd696410f17de45f,3043,68.0,35.0,interior,-0.0,-0.0,-0.0,-0.0,-0.0,-0.0
6,6,loading,0.85,277b8ba963fe839392a0032c3cd34beedaf18e9bcb92339ecd696410f17de45f,3044,69.0,35.0,interior,-0.0,-0.0,-0.0,-0.0,-0.0,-0.0
6,6,loading,0.85,277b8ba963fe839392a0032c3cd34beedaf18e9bcb92339ecd696410f17de45f,3045,70.0,35.0,interior,-0.0,-0.0,-0.0,-0.0,-0.0,-0.0
6,6,loading,0.85,277b8ba963fe839392a0032c3cd34beedaf18e9bcb92339ecd696410f17de45f,3046,71.0,35.0,interior,-0.0,-0.0,-0.0,-0.0,-0.0,-0.0
6,6,loading,0.85,277b8ba963fe839392a0032c3cd34beedaf18e9bcb92339ecd696410f17de45f,3047,72.0,35.0,interior,-0.0,-0.0,-0.0,-0.0,-0.0,-0.0
6,6,loading,0.85,277b8ba963fe839392a0032c3cd34beedaf18e9bcb92339ecd696410f17de45f,3048,73.0,35.0,interior,-0.0,-0.0,-0.0,-0.0,-0.0,-0.0
6,6,loading,0.85,277b8ba963fe839392a0032c3cd34beedaf18e9bcb92339ecd696410f17de45f,3049,74.0,35.0,interior,-0.0,-0.0,-0.0,-0.0,-0.0,-0.0
6,6,loading,0.85,277b8ba963fe839392a0032c3cd34beedaf18e9bcb92339ecd696410f17de45f,3050,75.0,35.0,interior,-0.0,-0.0,-0.0,-0.0,-0.0,-0.0
6,6,loading,0.85,277b8ba963fe839392a0032c3cd34beedaf18e9bcb92339ecd696410f17de45f,3051,76.0,35.0,interior,-0.0,-0.0,-0.0,-0.0,-0.0,-0.0
6,6,loading,0.85,277b8ba963fe839392a0032c3cd34beedaf18e9bcb92339ecd696410f17de45f,3052,77.0,35.0,interior,-0.0,-0.0,-0.0,-0.0,-0.0,-0.0
6,6,loading,0.85,277b8ba963fe839392a0032c3cd34beedaf18e9bcb92339ecd696410f17de45f,3053,78.0,35.0,interior,-0.0,-0.0,-0.0,-0.0,-0.0,-0.0
6,6,loading,0.85,277b8ba963fe839392a0032c3cd34beedaf18e9bcb92339ecd696410f17de45f,3054,79.0,35.0,interior,-0.0,-0.0,-0.0,-0.0,-0.0,-0.0
6,6,loading,0.85,277b8ba963fe839392a0032c3cd34beedaf18e9bcb92339ecd696410f17de45f,3055,80.0,35.0,physical_only,6.628878324557264e-07,-1.5266918931936972e-07,6.889420438970744e-07,-9.238917357124441e-07,-2.6054211441348e-08,7.712225463930806e-07
6,6,loading,0.85,277b8ba963fe839392a0032c3cd34beedaf18e9bcb92339ecd696410f17de45f,3122,62.0,36.0,physical_only,-5.088031789562776e-06,1.9829390026471873e-07,-3.915332794418125e-06,6.234243839783255e-08,-1.17269899514465e-06,1.3595146186688618e-07
6,6,loading,0.85,277b8ba963fe839392a0032c3cd34beedaf18e9bcb92339ecd696410f17de45f,3123,63.0,36.0,interior,-0.0,-0.0,-0.0,-0.0,-0.0,-0.0
6,6,loading,0.85,277b8ba963fe839392a0032c3cd34beedaf18e9bcb92339ecd696410f17de45f,3124,64.0,36.0,interior,-0.0,-0.0,-0.0,-0.0,-0.0,-0.0
6,6,loading,0.85,277b8ba963fe839392a0032c3cd34beedaf18e9bcb92339ecd696410f17de45f,3125,65.0,36.0,interior,-0.0,-0.0,-0.0,-0.0,-0.0,-0.0
6,6,loading,0.85,277b8ba963fe839392a0032c3cd34beedaf18e9bcb92339ecd696410f17de45f,3126,66.0,36.0,interior,-0.0,-0.0,-0.0,-0.0,-0.0,-0.0
6,6,loading,0.85,277b8ba963fe839392a0032c3cd34beedaf18e9bcb92339ecd696410f17de45f,3127,67.0,36.0,interior,-0.0,-0.0,-0.0,-0.0,-0.0,-0.0
6,6,loading,0.85,277b8ba963fe839392a0032c3cd34beedaf18e9bcb92339ecd696410f17de45f,3128,68.0,36.0,interior,-0.0,-0.0,-0.0,-0.0,-0.0,-0.0
6,6,loading,0.85,277b8ba963fe839392a0032c3cd34beedaf18e9bcb92339ecd696410f17de45f,3129,69.0,36.0,interior,-0.0,-0.0,-0.0,-0.0,-0.0,-0.0
6,6,loading,0.85,277b8ba963fe839392a0032c3cd34beedaf18e9bcb92339ecd696410f17de45f,3130,70.0,36.0,interior,-0.0,-0.0,-0.0,-0.0,-0.0,-0.0
6,6,loading,0.85,277b8ba963fe839392a0032c3cd34beedaf18e9bcb92339ecd696410f17de45f,3131,71.0,36.0,interior,-0.0,-0.0,-0.0,-0.0,-0.0,-0.0
6,6,loading,0.85,277b8ba963fe839392a0032c3cd34beedaf18e9bcb92339ecd696410f17de45f,3132,72.0,36.0,interior,-0.0,-0.0,-0.0,-0.0,-0.0,-0.0
6,6,loading,0.85,277b8ba963fe839392a0032c3cd34beedaf18e9bcb92339ecd696410f17de45f,3133,73.0,36.0,interior,-0.0,-0.0,-0.0,-0.0,-0.0,-0.0
6,6,loading,0.85,277b8ba963fe839392a0032c3cd34beedaf18e9bcb92339ecd696410f17de45f,3134,74.0,36.0,interior,-0.0,-0.0,-0.0,-0.0,-0.0,-0.0
6,6,loading,0.85,277b8ba963fe839392a0032c3cd34beedaf18e9bcb92339ecd696410f17de45f,3135,75.0,36.0,interior,-0.0,-0.0,-0.0,-0.0,-0.0,-0.0
6,6,loading,0.85,277b8ba963fe839392a0032c3cd34beedaf18e9bcb92339ecd696410f17de45f,3136,76.0,36.0,interior,-0.0,-0.0,-0.0,-0.0,-0.0,-0.0
6,6,loading,0.85,277b8ba963fe839392a0032c3cd34beedaf18e9bcb92339ecd696410f17de45f,3137,77.0,36.0,interior,-0.0,-0.0,-0.0,-0.0,-0.0,-0.0
6,6,loading,0.85,277b8ba963fe839392a0032c3cd34beedaf18e9bcb92339ecd696410f17de45f,3138,78.0,36.0,interior,-0.0,-0.0,-0.0,-0.0,-0.0,-0.0
6,6,loading,0.85,277b8ba963fe839392a0032c3cd34beedaf18e9bcb92339ecd696410f17de45f,3139,79.0,36.0,interior,-0.0,-0.0,-0.0,-0.0,-0.0,-0.0
6,6,loading,0.85,277b8ba963fe839392a0032c3cd34beedaf18e9bcb92339ecd696410f17de45f,3140,80.0,36.0,physical_only,6.541828266567134e-07,-1.1924830858873445e-07,6.836999733595139e-07,-7.352580207249111e-07,-2.951714670280056e-08,6.160097121361743e-07
6,6,loading,0.85,277b8ba963fe839392a0032c3cd34beedaf18e9bcb92339ecd696410f17de45f,3207,62.0,37.0,physical_only,-5.222142156469207e-06,2.3059709081665728e-07,-4.00476824298168e-06,4.912841486771202e-08,-1.2173739134875269e-06,1.8146867594894536e-07
6,6,loading,0.85,277b8ba963fe839392a0032c3cd34beedaf18e9bcb92339ecd696410f17de45f,3208,63.0,37.0,interior,-0.0,-0.0,-0.0,-0.0,-0.0,-0.0
6,6,loading,0.85,277b8ba963fe839392a0032c3cd34beedaf18e9bcb92339ecd696410f17de45f,3209,64.0,37.0,interior,-0.0,-0.0,-0.0,-0.0,-0.0,-0.0
6,6,loading,0.85,277b8ba963fe839392a0032c3cd34beedaf18e9bcb92339ecd696410f17de45f,3210,65.0,37.0,interior,-0.0,-0.0,-0.0,-0.0,-0.0,-0.0
6,6,loading,0.85,277b8ba963fe839392a0032c3cd34beedaf18e9bcb92339ecd696410f17de45f,3211,66.0,37.0,interior,-0.0,-0.0,-0.0,-0.0,-0.0,-0.0
6,6,loading,0.85,277b8ba963fe839392a0032c3cd34beedaf18e9bcb92339ecd696410f17de45f,3212,67.0,37.0,interior,-0.0,-0.0,-0.0,-0.0,-0.0,-0.0
6,6,loading,0.85,277b8ba963fe839392a0032c3cd34beedaf18e9bcb92339ecd696410f17de45f,3213,68.0,37.0,interior,-0.0,-0.0,-0.0,-0.0,-0.0,-0.0
6,6,loading,0.85,277b8ba963fe839392a0032c3cd34beedaf18e9bcb92339ecd696410f17de45f,3214,69.0,37.0,interior,-0.0,-0.0,-0.0,-0.0,-0.0,-0.0
6,6,loading,0.85,277b8ba963fe839392a0032c3cd34beedaf18e9bcb92339ecd696410f17de45f,3215,70.0,37.0,interior,-0.0,-0.0,-0.0,-0.0,-0.0,-0.0
6,6,loading,0.85,277b8ba963fe839392a0032c3cd34beedaf18e9bcb92339ecd696410f17de45f,3216,71.0,37.0,interior,-0.0,-0.0,-0.0,-0.0,-0.0,-0.0
6,6,loading,0.85,277b8ba963fe839392a0032c3cd34beedaf18e9bcb92339ecd696410f17de45f,3217,72.0,37.0,interior,-0.0,-0.0,-0.0,-0.0,-0.0,-0.0
6,6,loading,0.85,277b8ba963fe839392a0032c3cd34beedaf18e9bcb92339ecd696410f17de45f,3218,73.0,37.0,interior,-0.0,-0.0,-0.0,-0.0,-0.0,-0.0
6,6,loading,0.85,277b8ba963fe839392a0032c3cd34beedaf18e9bcb92339ecd696410f17de45f,3219,74.0,37.0,interior,-0.0,-0.0,-0.0,-0.0,-0.0,-0.0
6,6,loading,0.85,277b8ba963fe839392a0032c3cd34beedaf18e9bcb92339ecd696410f17de45f,3220,75.0,37.0,interior,-0.0,-0.0,-0.0,-0.0,-0.0,-0.0
6,6,loading,0.85,277b8ba963fe839392a0032c3cd34beedaf18e9bcb92339ecd696410f17de45f,3221,76.0,37.0,interior,-0.0,-0.0,-0.0,-0.0,-0.0,-0.0
6,6,loading,0.85,277b8ba963fe839392a0032c3cd34beedaf18e9bcb92339ecd696410f17de45f,3222,77.0,37.0,interior,-0.0,-0.0,-0.0,-0.0,-0.0,-0.0
6,6,loading,0.85,277b8ba963fe839392a0032c3cd34beedaf18e9bcb92339ecd696410f17de45f,3223,78.0,37.0,interior,-0.0,-0.0,-0.0,-0.0,-0.0,-0.0
6,6,loading,0.85,277b8ba963fe839392a0032c3cd34beedaf18e9bcb92339ecd696410f17de45f,3224,79.0,37.0,interior,-0.0,-0.0,-0.0,-0.0,-0.0,-0.0
6,6,loading,0.85,277b8ba963fe839392a0032c3cd34beedaf18e9bcb92339ecd696410f17de45f,3225,80.0,37.0,physical_only,6.473659699561378e-07,-8.782045319042042e-08,6.795866593493187e-07,-5.491986599622364e-07,-3.222068939318092e-08,4.6137820677180993e-07
6,6,loading,0.85,277b8ba963fe839392a0032c3cd34beedaf18e9bcb92339ecd696410f17de45f,3292,62.0,38.0,physical_only,-5.338787842752452e-06,1.8278697097873464e-07,-4.070073324845982e-06,3.412566866555419e-08,-1.26871451790647e-06,1.4866130231318034e-07
6,6,loading,0.85,277b8ba963fe839392a0032c3cd34beedaf18e9bcb92339ecd696410f17de45f,3293,63.0,38.0,interior,-0.0,-0.0,-0.0,-0.0,-0.0,-0.0
6,6,loading,0.85,277b8ba963fe839392a0032c3cd34beedaf18e9bcb92339ecd696410f17de45f,3294,64.0,38.0,interior,-0.0,-0.0,-0.0,-0.0,-0.0,-0.0
6,6,loading,0.85,277b8ba963fe839392a0032c3cd34beedaf18e9bcb92339ecd696410f17de45f,3295,65.0,38.0,interior,-0.0,-0.0,-0.0,-0.0,-0.0,-0.0
6,6,loading,0.85,277b8ba963fe839392a0032c3cd34beedaf18e9bcb92339ecd696410f17de45f,3296,66.0,38.0,interior,-0.0,-0.0,-0.0,-0.0,-0.0,-0.0
6,6,loading,0.85,277b8ba963fe839392a0032c3cd34beedaf18e9bcb92339ecd696410f17de45f,3297,67.0,38.0,interior,-0.0,-0.0,-0.0,-0.0,-0.0,-0.0
6,6,loading,0.85,277b8ba963fe839392a0032c3cd34beedaf18e9bcb92339ecd696410f17de45f,3298,68.0,38.0,interior,-0.0,-0.0,-0.0,-0.0,-0.0,-0.0
6,6,loading,0.85,277b8ba963fe839392a0032c3cd34beedaf18e9bcb92339ecd696410f17de45f,3299,69.0,38.0,interior,-0.0,-0.0,-0.0,-0.0,-0.0,-0.0
6,6,loading,0.85,277b8ba963fe839392a0032c3cd34beedaf18e9bcb92339ecd696410f17de45f,3300,70.0,38.0,interior,-0.0,-0.0,-0.0,-0.0,-0.0,-0.0
6,6,loading,0.85,277b8ba963fe839392a0032c3cd34beedaf18e9bcb92339ecd696410f17de45f,3301,71.0,38.0,interior,-0.0,-0.0,-0.0,-0.0,-0.0,-0.0
6,6,loading,0.85,277b8ba963fe839392a0032c3cd34beedaf18e9bcb92339ecd696410f17de45f,3302,72.0,38.0,interior,-0.0,-0.0,-0.0,-0.0,-0.0,-0.0
6,6,loading,0.85,277b8ba963fe839392a0032c3cd34beedaf18e9bcb92339ecd696410f17de45f,3303,73.0,38.0,interior,-0.0,-0.0,-0.0,-0.0,-0.0,-0.0
6,6,loading,0.85,277b8ba963fe839392a0032c3cd34beedaf18e9bcb92339ecd696410f17de45f,3304,74.0,38.0,interior,-0.0,-0.0,-0.0,-0.0,-0.0,-0.0
6,6,loading,0.85,277b8ba963fe839392a0032c3cd34beedaf18e9bcb92339ecd696410f17de45f,3305,75.0,38.0,interior,-0.0,-0.0,-0.0,-0.0,-0.0,-0.0
6,6,loading,0.85,277b8ba963fe839392a0032c3cd34beedaf18e9bcb92339ecd696410f17de45f,3306,76.0,38.0,interior,-0.0,-0.0,-0.0,-0.0,-0.0,-0.0
6,6,loading,0.85,277b8ba963fe839392a0032c3cd34beedaf18e9bcb92339ecd696410f17de45f,3307,77.0,38.0,interior,-0.0,-0.0,-0.0,-0.0,-0.0,-0.0
6,6,loading,0.85,277b8ba963fe839392a0032c3cd34beedaf18e9bcb92339ecd696410f17de45f,3308,78.0,38.0,interior,-0.0,-0.0,-0.0,-0.0,-0.0,-0.0
6,6,loading,0.85,277b8ba963fe839392a0032c3cd34beedaf18e9bcb92339ecd696410f17de45f,3309,79.0,38.0,interior,-0.0,-0.0,-0.0,-0.0,-0.0,-0.0
6,6,loading,0.85,277b8ba963fe839392a0032c3cd34beedaf18e9bcb92339ecd696410f17de45f,3310,80.0,38.0,physical_only,6.424752208373934e-07,-5.780051589186552e-08,6.766294091514438e-07,-3.650649775705995e-07,-3.415418831405044e-08,3.0726446167873443e-07
6,6,loading,0.85,277b8ba963fe839392a0032c3cd34beedaf18e9bcb92339ecd696410f17de45f,3377,62.0,39.0,physical_only,-5.40959889139083e-06,9.745464623350425e-08,-4.109916193555269e-06,1.7513461611331588e-08,-1.2996826978355614e-06,7.994118462217256e-08
6,6,loading,0.85,277b8ba963fe839392a0032c3cd34beedaf18e9bcb92339ecd696410f17de45f,3378,63.0,39.0,interior,-0.0,-0.0,-0.0,-0.0,-0.0,-0.0
6,6,loading,0.85,277b8ba963fe839392a0032c3cd34beedaf18e9bcb92339ecd696410f17de45f,3379,64.0,39.0,interior,-0.0,-0.0,-0.0,-0.0,-0.0,-0.0
6,6,loading,0.85,277b8ba963fe839392a0032c3cd34beedaf18e9bcb92339ecd696410f17de45f,3380,65.0,39.0,interior,-0.0,-0.0,-0.0,-0.0,-0.0,-0.0
6,6,loading,0.85,277b8ba963fe839392a0032c3cd34beedaf18e9bcb92339ecd696410f17de45f,3381,66.0,39.0,interior,-0.0,-0.0,-0.0,-0.0,-0.0,-0.0
6,6,loading,0.85,277b8ba963fe839392a0032c3cd34beedaf18e9bcb92339ecd696410f17de45f,3382,67.0,39.0,interior,-0.0,-0.0,-0.0,-0.0,-0.0,-0.0
6,6,loading,0.85,277b8ba963fe839392a0032c3cd34beedaf18e9bcb92339ecd696410f17de45f,3383,68.0,39.0,interior,-0.0,-0.0,-0.0,-0.0,-0.0,-0.0
6,6,loading,0.85,277b8ba963fe839392a0032c3cd34beedaf18e9bcb92339ecd696410f17de45f,3384,69.0,39.0,interior,-0.0,-0.0,-0.0,-0.0,-0.0,-0.0
6,6,loading,0.85,277b8ba963fe839392a0032c3cd34beedaf18e9bcb92339ecd696410f17de45f,3385,70.0,39.0,interior,-0.0,-0.0,-0.0,-0.0,-0.0,-0.0
6,6,loading,0.85,277b8ba963fe839392a0032c3cd34beedaf18e9bcb92339ecd696410f17de45f,3386,71.0,39.0,interior,-0.0,-0.0,-0.0,-0.0,-0.0,-0.0
6,6,loading,0.85,277b8ba963fe839392a0032c3cd34beedaf18e9bcb92339ecd696410f17de45f,3387,72.0,39.0,interior,-0.0,-0.0,-0.0,-0.0,-0.0,-0.0
6,6,loading,0.85,277b8ba963fe839392a0032c3cd34beedaf18e9bcb92339ecd696410f17de45f,3388,73.0,39.0,interior,-0.0,-0.0,-0.0,-0.0,-0.0,-0.0
6,6,loading,0.85,277b8ba963fe839392a0032c3cd34beedaf18e9bcb92339ecd696410f17de45f,3389,74.0,39.0,interior,-0.0,-0.0,-0.0,-0.0,-0.0,-0.0
6,6,loading,0.85,277b8ba963fe839392a0032c3cd34beedaf18e9bcb92339ecd696410f17de45f,3390,75.0,39.0,interior,-0.0,-0.0,-0.0,-0.0,-0.0,-0.0
6,6,loading,0.85,277b8ba963fe839392a0032c3cd34beedaf18e9bcb92339ecd696410f17de45f,3391,76.0,39.0,interior,-0.0,-0.0,-0.0,-0.0,-0.0,-0.0
6,6,loading,0.85,277b8ba963fe839392a0032c3cd34beedaf18e9bcb92339ecd696410f17de45f,3392,77.0,39.0,interior,-0.0,-0.0,-0.0,-0.0,-0.0,-0.0
6,6,loading,0.85,277b8ba963fe839392a0032c3cd34beedaf18e9bcb92339ecd696410f17de45f,3393,78.0,39.0,interior,-0.0,-0.0,-0.0,-0.0,-0.0,-0.0
6,6,loading,0.85,277b8ba963fe839392a0032c3cd34beedaf18e9bcb92339ecd696410f17de45f,3394,79.0,39.0,interior,-0.0,-0.0,-0.0,-0.0,-0.0,-0.0
6,6,loading,0.85,277b8ba963fe839392a0032c3cd34beedaf18e9bcb92339ecd696410f17de45f,3395,80.0,39.0,physical_only,6.395330007745757e-07,-2.868072417408496e-08,6.748474487161692e-07,-1.822125600466977e-07,-3.5314447941593424e-08,1.5353183587261997e-07
6,6,loading,0.85,277b8ba963fe839392a0032c3cd34beedaf18e9bcb92339ecd696410f17de45f,3462,62.0,40.0,physical_and_cut,-2.71624488120299e-06,-1.9330562354267178e-06,-2.0616564908546923e-06,-9.371964569787639e-07,-6.545883903482979e-07,-9.95859778447954e-07
6,6,loading,0.85,277b8ba963fe839392a0032c3cd34beedaf18e9bcb92339ecd696410f17de45f,3463,63.0,40.0,cut_only,-0.0,-0.0,-0.0,-0.0,-0.0,-0.0
6,6,loading,0.85,277b8ba963fe839392a0032c3cd34beedaf18e9bcb92339ecd696410f17de45f,3464,64.0,40.0,cut_only,-0.0,-0.0,-0.0,-0.0,-0.0,-0.0
6,6,loading,0.85,277b8ba963fe839392a0032c3cd34beedaf18e9bcb92339ecd696410f17de45f,3465,65.0,40.0,cut_only,-0.0,-0.0,-0.0,-0.0,-0.0,-0.0
6,6,loading,0.85,277b8ba963fe839392a0032c3cd34beedaf18e9bcb92339ecd696410f17de45f,3466,66.0,40.0,cut_only,-0.0,-0.0,-0.0,-0.0,-0.0,-0.0
6,6,loading,0.85,277b8ba963fe839392a0032c3cd34beedaf18e9bcb92339ecd696410f17de45f,3467,67.0,40.0,cut_only,-0.0,-0.0,-0.0,-0.0,-0.0,-0.0
6,6,loading,0.85,277b8ba963fe839392a0032c3cd34beedaf18e9bcb92339ecd696410f17de45f,3468,68.0,40.0,cut_only,-0.0,-0.0,-0.0,-0.0,-0.0,-0.0
6,6,loading,0.85,277b8ba963fe839392a0032c3cd34beedaf18e9bcb92339ecd696410f17de45f,3469,69.0,40.0,cut_only,-0.0,-0.0,-0.0,-0.0,-0.0,-0.0
6,6,loading,0.85,277b8ba963fe839392a0032c3cd34beedaf18e9bcb92339ecd696410f17de45f,3470,70.0,40.0,cut_only,-0.0,-0.0,-0.0,-0.0,-0.0,-0.0
6,6,loading,0.85,277b8ba963fe839392a0032c3cd34beedaf18e9bcb92339ecd696410f17de45f,3471,71.0,40.0,cut_only,-0.0,-0.0,-0.0,-0.0,-0.0,-0.0
6,6,loading,0.85,277b8ba963fe839392a0032c3cd34beedaf18e9bcb92339ecd696410f17de45f,3472,72.0,40.0,cut_only,-0.0,-0.0,-0.0,-0.0,-0.0,-0.0
6,6,loading,0.85,277b8ba963fe839392a0032c3cd34beedaf18e9bcb92339ecd696410f17de45f,3473,73.0,40.0,cut_only,-0.0,-0.0,-0.0,-0.0,-0.0,-0.0
6,6,loading,0.85,277b8ba963fe839392a0032c3cd34beedaf18e9bcb92339ecd696410f17de45f,3474,74.0,40.0,cut_only,-0.0,-0.0,-0.0,-0.0,-0.0,-0.0
6,6,loading,0.85,277b8ba963fe839392a0032c3cd34beedaf18e9bcb92339ecd696410f17de45f,3475,75.0,40.0,cut_only,-0.0,-0.0,-0.0,-0.0,-0.0,-0.0
6,6,loading,0.85,277b8ba963fe839392a0032c3cd34beedaf18e9bcb92339ecd696410f17de45f,3476,76.0,40.0,cut_only,-0.0,-0.0,-0.0,-0.0,-0.0,-0.0
6,6,loading,0.85,277b8ba963fe839392a0032c3cd34beedaf18e9bcb92339ecd696410f17de45f,3477,77.0,40.0,cut_only,-0.0,-0.0,-0.0,-0.0,-0.0,-0.0
6,6,loading,0.85,277b8ba963fe839392a0032c3cd34beedaf18e9bcb92339ecd696410f17de45f,3478,78.0,40.0,cut_only,-0.0,-0.0,-0.0,-0.0,-0.0,-0.0
6,6,loading,0.85,277b8ba963fe839392a0032c3cd34beedaf18e9bcb92339ecd696410f17de45f,3479,79.0,40.0,cut_only,-0.0,-0.0,-0.0,-0.0,-0.0,-0.0
6,6,loading,0.85,277b8ba963fe839392a0032c3cd34beedaf18e9bcb92339ecd696410f17de45f,3480,80.0,40.0,physical_and_cut,3.192755234885644e-07,4.7157692278021674e-05,3.3712609965412414e-07,-2.3275295464878058e-07,-1.7850576165559766e-08,4.739044523267045e-05
7,7,loading,0.9,6594c8ed505af4b91270048df10e433f7493477e368be91f61b5d62b3eb956d4,2697,62.0,31.0,physical_only,-0.00044574856915538736,-6.925295025626232e-05,-5.729335742343256e-06,6.423001440663376e-06,-0.0004400192334130441,-7.567595169692568e-05
7,7,loading,0.9,6594c8ed505af4b91270048df10e433f7493477e368be91f61b5d62b3eb956d4,2698,63.0,31.0,physical_only,-1.2483053122932997e-06,-5.8682694859234284e-05,-3.1917869801979036e-06,7.389147411864249e-06,1.943481667904602e-06,-6.607184227109853e-05
7,7,loading,0.9,6594c8ed505af4b91270048df10e433f7493477e368be91f61b5d62b3eb956d4,2699,64.0,31.0,physical_only,1.232076995258911e-06,-7.841328887534058e-05,-3.2649055125179415e-06,9.495197556379094e-06,4.496982507776852e-06,-8.79084864317197e-05
7,7,loading,0.9,6594c8ed505af4b91270048df10e433f7493477e368be91f61b5d62b3eb956d4,2700,65.0,31.0,physical_only,1.9812183981156766e-06,-0.00010641061761381857,-3.3566331886873434e-06,1.192054366081846e-05,5.337851586803021e-06,-0.00011833116127463704
7,7,loading,0.9,6594c8ed505af4b91270048df10e433f7493477e368be91f61b5d62b3eb956d4,2701,66.0,31.0,physical_only,8.592016492188781e-07,-0.00014026331676851242,-3.4680492817941565e-06,1.4768232020432455e-05,4.327250931013033e-06,-0.00015503154878894487
7,7,loading,0.9,6594c8ed505af4b91270048df10e433f7493477e368be91f61b5d62b3eb956d4,2702,67.0,31.0,physical_only,-1.1814896361290808e-06,-0.00017944068323249456,-3.5972161974942177e-06,1.8161357224713525e-05,2.4157265613651353e-06,-0.00019760204045720807
7,7,loading,0.9,6594c8ed505af4b91270048df10e433f7493477e368be91f61b5d62b3eb956d4,2703,68.0,31.0,physical_only,-1.3928304681834347e-06,-0.00022705755257068053,-3.745422886336491e-06,2.2256152085620805e-05,2.3525924181530575e-06,-0.00024931370465630133
7,7,loading,0.9,6594c8ed505af4b91270048df10e433f7493477e368be91f61b5d62b3eb956d4,2704,69.0,31.0,physical_only,-2.0381399320024035e-06,-0.00028651788793346744,-3.917610754454987e-06,2.726776688462672e-05,1.8794708224525822e-06,-0.0003137856548180941
7,7,loading,0.9,6594c8ed505af4b91270048df10e433f7493477e368be91f61b5d62b3eb956d4,2705,70.0,31.0,physical_only,-2.967230618069445e-06,-0.0003586030813590767,-4.122604652006049e-06,3.3507540152607975e-05,1.1553740339366068e-06,-0.00039211062151168455
7,7,loading,0.9,6594c8ed505af4b91270048df10e433f7493477e368be91f61b5d62b3eb956d4,2706,71.0,31.0,physical_only,-4.13257095143093e-06,-0.00044517667186898106,-4.37282847933722e-06,4.1439383883091027e-05,2.4025752790628527e-07,-0.0004866160557520723
7,7,loading,0.9,6594c8ed505af4b91270048df10e433f7493477e368be91f61b5d62b3eb956d4,2707,72.0,31.0,physical_only,-5.286792701263517e-06,-0.0005481937675954804,-4.6876247951997076e-06,5.178306115524179e-05,-5.991679060638074e-07,-0.000599976828750722
7,7,loading,0.9,6594c8ed505af4b91270048df10e433f7493477e368be91f61b5d62b3eb956d4,2708,73.0,31.0,physical_only,-6.2284868874900985e-06,-0.0006684934861240482,-5.097928770431647e-06,6.571132967475164e-05,-1.1305581170584531e-06,-0.0007342048157987996
7,7,loading,0.9,6594c8ed505af4b91270048df10e433f7493477e368be91f61b5d62b3eb956d4,2709,74.0,31.0,physical_only,-1.2090861242301143e-06,-0.0008114582377205721,-5.659100215341837e-06,8.526765080230795e-05,4.450014091111727e-06,-0.0008967258885228795
7,7,loading,0.9,6594c8ed505af4b91270048df10e433f7493477e368be91f61b5d62b3eb956d4,2710,75.0,31.0,physical_only,8.337882158938635e-06,-0.000992750267723259,-6.4811131709915645e-06,0.00011436978911759446,1.4818995329930197e-05,-0.0011071200568408546
7,7,loading,0.9,6594c8ed505af4b91270048df10e433f7493477e368be91f61b5d62b3eb956d4,2711,76.0,31.0,physical_only,1.3915647198398814e-05,-0.0012272462186119814,-7.805474934767462e-06,0.00016158605976945845,2.172112213316627e-05,-0.0013888322783814399
7,7,loading,0.9,6594c8ed505af4b91270048df10e433f7493477e368be91f61b5d62b3eb956d4,2712,77.0,31.0,physical_only,-1.0622140477060466e-05,-0.0014637095851905615,-1.0224494667624329e-05,0.0002493382556742791,-3.9764580943612356e-07,-0.0017130478408648392
7,7,loading,0.9,6594c8ed505af4b91270048df10e433f7493477e368be91f61b5d62b3eb956d4,2713,78.0,31.0,physical_only,-5.197039601573446e-05,-0.001621575547288881,-1.5830448802147724e-05,0.0004587862641740823,-3.6139947213586735e-05,-0.002080361811462964
7,7,loading,0.9,6594c8ed505af4b91270048df10e433f7493477e368be91f61b5d62b3eb956d4,2714,79.0,31.0,physical_only,-0.0001519717068396606,0.00012747826931406962,-3.835666015871183e-05,0.0014298060203822122,-0.00011361504668094878,-0.0013023277510681424
7,7,loading,0.9,6594c8ed505af4b91270048df10e433f7493477e368be91f61b5d62b3eb956d4,2715,80.0,31.0,physical_only,-1.7011778187918844e-06,0.02353171344926709,-0.0003269999080952048,0.01040290846294573,0.0003252987302764129,0.013128804986321364
7,7,loading,0.9,6594c8ed505af4b91270048df10e433f7493477e368be91f61b5d62b3eb956d4,2782,62.0,32.0,physical_only,-7.152726595969257e-06,-1.1092185220996631e-06,-3.321094619308516e-06,1.3720798990718743e-07,-3.831631976660741e-06,-1.2464265120068507e-06
7,7,loading,0.9,6594c8ed505af4b91270048df10e433f7493477e368be91f61b5d62b3eb956d4,2783,63.0,32.0,interior,-0.0,-0.0,-0.0,-0.0,-0.0,-0.0
7,7,loading,0.9,6594c8ed505af4b91270048df10e433f7493477e368be91f61b5d62b3eb956d4,2784,64.0,32.0,interior,-0.0,-0.0,-0.0,-0.0,-0.0,-0.0
7,7,loading,0.9,6594c8ed505af4b91270048df10e433f7493477e368be91f61b5d62b3eb956d4,2785,65.0,32.0,interior,-0.0,-0.0,-0.0,-0.0,-0.0,-0.0
7,7,loading,0.9,6594c8ed505af4b91270048df10e433f7493477e368be91f61b5d62b3eb956d4,2786,66.0,32.0,interior,-0.0,-0.0,-0.0,-0.0,-0.0,-0.0
7,7,loading,0.9,6594c8ed505af4b91270048df10e433f7493477e368be91f61b5d62b3eb956d4,2787,67.0,32.0,interior,-0.0,-0.0,-0.0,-0.0,-0.0,-0.0
7,7,loading,0.9,6594c8ed505af4b91270048df10e433f7493477e368be91f61b5d62b3eb956d4,2788,68.0,32.0,interior,-0.0,-0.0,-0.0,-0.0,-0.0,-0.0
7,7,loading,0.9,6594c8ed505af4b91270048df10e433f7493477e368be91f61b5d62b3eb956d4,2789,69.0,32.0,interior,-0.0,-0.0,-0.0,-0.0,-0.0,-0.0
7,7,loading,0.9,6594c8ed505af4b91270048df10e433f7493477e368be91f61b5d62b3eb956d4,2790,70.0,32.0,interior,-0.0,-0.0,-0.0,-0.0,-0.0,-0.0
7,7,loading,0.9,6594c8ed505af4b91270048df10e433f7493477e368be91f61b5d62b3eb956d4,2791,71.0,32.0,interior,-0.0,-0.0,-0.0,-0.0,-0.0,-0.0
7,7,loading,0.9,6594c8ed505af4b91270048df10e433f7493477e368be91f61b5d62b3eb956d4,2792,72.0,32.0,interior,-0.0,-0.0,-0.0,-0.0,-0.0,-0.0
7,7,loading,0.9,6594c8ed505af4b91270048df10e433f7493477e368be91f61b5d62b3eb956d4,2793,73.0,32.0,interior,-0.0,-0.0,-0.0,-0.0,-0.0,-0.0
7,7,loading,0.9,6594c8ed505af4b91270048df10e433f7493477e368be91f61b5d62b3eb956d4,2794,74.0,32.0,interior,-0.0,-0.0,-0.0,-0.0,-0.0,-0.0
7,7,loading,0.9,6594c8ed505af4b91270048df10e433f7493477e368be91f61b5d62b3eb956d4,2795,75.0,32.0,interior,-0.0,-0.0,-0.0,-0.0,-0.0,-0.0
7,7,loading,0.9,6594c8ed505af4b91270048df10e433f7493477e368be91f61b5d62b3eb956d4,2796,76.0,32.0,interior,-0.0,-0.0,-0.0,-0.0,-0.0,-0.0
7,7,loading,0.9,6594c8ed505af4b91270048df10e433f7493477e368be91f61b5d62b3eb956d4,2797,77.0,32.0,interior,-0.0,-0.0,-0.0,-0.0,-0.0,-0.0
7,7,loading,0.9,6594c8ed505af4b91270048df10e433f7493477e368be91f61b5d62b3eb956d4,2798,78.0,32.0,interior,-0.0,-0.0,-0.0,-0.0,-0.0,-0.0
7,7,loading,0.9,6594c8ed505af4b91270048df10e433f7493477e368be91f61b5d62b3eb956d4,2799,79.0,32.0,interior,-0.0,-0.0,-0.0,-0.0,-0.0,-0.0
7,7,loading,0.9,6594c8ed505af4b91270048df10e433f7493477e368be91f61b5d62b3eb956d4,2800,80.0,32.0,physical_only,7.929794658004222e-07,-2.4938144194076097e-07,5.025082726724337e-07,-1.710925393550227e-06,2.904711931279884e-07,1.4615439516094684e-06
7,7,loading,0.9,6594c8ed505af4b91270048df10e433f7493477e368be91f61b5d62b3eb956d4,2867,62.0,33.0,physical_only,-5.8601834366517096e-06,-7.139749102865185e-07,-3.5389765819681582e-06,1.0702861236253467e-07,-2.321206854683551e-06,-8.210035226490534e-07
7,7,loading,0.9,6594c8ed505af4b91270048df10e433f7493477e368be91f61b5d62b3eb956d4,2868,63.0,33.0,interior,-0.0,-0.0,-0.0,-0.0,-0.0,-0.0
7,7,loading,0.9,6594c8ed505af4b91270048df10e433f7493477e368be91f61b5d62b3eb956d4,2869,64.0,33.0,interior,-0.0,-0.0,-0.0,-0.0,-0.0,-0.0
7,7,loading,0.9,6594c8ed505af4b91270048df10e433f7493477e368be91f61b5d62b3eb956d4,2870,65.0,33.0,interior,-0.0,-0.0,-0.0,-0.0,-0.0,-0.0
7,7,loading,0.9,6594c8ed505af4b91270048df10e433f7493477e368be91f61b5d62b3eb956d4,2871,66.0,33.0,interior,-0.0,-0.0,-0.0,-0.0,-0.0,-0.0
7,7,loading,0.9,6594c8ed505af4b91270048df10e433f7493477e368be91f61b5d62b3eb956d4,2872,67.0,33.0,interior,-0.0,-0.0,-0.0,-0.0,-0.0,-0.0
7,7,loading,0.9,6594c8ed505af4b91270048df10e433f7493477e368be91f61b5d62b3eb956d4,2873,68.0,33.0,interior,-0.0,-0.0,-0.0,-0.0,-0.0,-0.0
7,7,loading,0.9,6594c8ed505af4b91270048df10e433f7493477e368be91f61b5d62b3eb956d4,2874,69.0,33.0,interior,-0.0,-0.0,-0.0,-0.0,-0.0,-0.0
7,7,loading,0.9,6594c8ed505af4b91270048df10e433f7493477e368be91f61b5d62b3eb956d4,2875,70.0,33.0,interior,-0.0,-0.0,-0.0,-0.0,-0.0,-0.0
7,7,loading,0.9,6594c8ed505af4b91270048df10e433f7493477e368be91f61b5d62b3eb956d4,2876,71.0,33.0,interior,-0.0,-0.0,-0.0,-0.0,-0.0,-0.0
7,7,loading,0.9,6594c8ed505af4b91270048df10e433f7493477e368be91f61b5d62b3eb956d4,2877,72.0,33.0,interior,-0.0,-0.0,-0.0,-0.0,-0.0,-0.0
7,7,loading,0.9,6594c8ed505af4b91270048df10e433f7493477e368be91f61b5d62b3eb956d4,2878,73.0,33.0,interior,-0.0,-0.0,-0.0,-0.0,-0.0,-0.0
7,7,loading,0.9,6594c8ed505af4b91270048df10e433f7493477e368be91f61b5d62b3eb956d4,2879,74.0,33.0,interior,-0.0,-0.0,-0.0,-0.0,-0.0,-0.0
7,7,loading,0.9,6594c8ed505af4b91270048df10e433f7493477e368be91f61b5d62b3eb956d4,2880,75.0,33.0,interior,-0.0,-0.0,-0.0,-0.0,-0.0,-0.0
7,7,loading,0.9,6594c8ed505af4b91270048df10e433f7493477e368be91f61b5d62b3eb956d4,2881,76.0,33.0,interior,-0.0,-0.0,-0.0,-0.0,-0.0,-0.0
7,7,loading,0.9,6594c8ed505af4b91270048df10e433f7493477e368be91f61b5d62b3eb956d4,2882,77.0,33.0,interior,-0.0,-0.0,-0.0,-0.0,-0.0,-0.0
7,7,loading,0.9,6594c8ed505af4b91270048df10e433f7493477e368be91f61b5d62b3eb956d4,2883,78.0,33.0,interior,-0.0,-0.0,-0.0,-0.0,-0.0,-0.0
7,7,loading,0.9,6594c8ed505af4b91270048df10e433f7493477e368be91f61b5d62b3eb956d4,2884,79.0,33.0,interior,-0.0,-0.0,-0.0,-0.0,-0.0,-0.0
7,7,loading,0.9,6594c8ed505af4b91270048df10e433f7493477e368be91f61b5d62b3eb956d4,2885,80.0,33.0,physical_only,7.767139739640964e-07,-2.0985873042754359e-07,5.155848046939343e-07,-1.4864553223928458e-06,2.611291692701624e-07,1.276596591965309e-06
7,7,loading,0.9,6594c8ed505af4b91270048df10e433f7493477e368be91f61b5d62b3eb956d4,2952,62.0,34.0,physical_only,-5.275578412117572e-06,-2.772005817162093e-07,-3.7137073413150454e-06,8.788711391016664e-08,-1.561871070802527e-06,-3.6508769562637594e-07
7,7,loading,0.9,6594c8ed505af4b91270048df10e433f7493477e368be91f61b5d62b3eb956d4,2953,63.0,34.0,interior,-0.0,-0.0,-0.0,-0.0,-0.0,-0.0
7,7,loading,0.9,6594c8ed505af4b91270048df10e433f7493477e368be91f61b5d62b3eb956d4,2954,64.0,34.0,interior,-0.0,-0.0,-0.0,-0.0,-0.0,-0.0
7,7,loading,0.9,6594c8ed505af4b91270048df10e433f7493477e368be91f61b5d62b3eb956d4,2955,65.0,34.0,interior,-0.0,-0.0,-0.0,-0.0,-0.0,-0.0
7,7,loading,0.9,6594c8ed505af4b91270048df10e433f7493477e368be91f61b5d62b3eb956d4,2956,66.0,34.0,interior,-0.0,-0.0,-0.0,-0.0,-0.0,-0.0
7,7,loading,0.9,6594c8ed505af4b91270048df10e433f7493477e368be91f61b5d62b3eb956d4,2957,67.0,34.0,interior,-0.0,-0.0,-0.0,-0.0,-0.0,-0.0
7,7,loading,0.9,6594c8ed505af4b91270048df10e433f7493477e368be91f61b5d62b3eb956d4,2958,68.0,34.0,interior,-0.0,-0.0,-0.0,-0.0,-0.0,-0.0
7,7,loading,0.9,6594c8ed505af4b91270048df10e433f7493477e368be91f61b5d62b3eb956d4,2959,69.0,34.0,interior,-0.0,-0.0,-0.0,-0.0,-0.0,-0.0
7,7,loading,0.9,6594c8ed505af4b91270048df10e433f7493477e368be91f61b5d62b3eb956d4,2960,70.0,34.0,interior,-0.0,-0.0,-0.0,-0.0,-0.0,-0.0
7,7,loading,0.9,6594c8ed505af4b91270048df10e433f7493477e368be91f61b5d62b3eb956d4,2961,71.0,34.0,interior,-0.0,-0.0,-0.0,-0.0,-0.0,-0.0
7,7,loading,0.9,6594c8ed505af4b91270048df10e433f7493477e368be91f61b5d62b3eb956d4,2962,72.0,34.0,interior,-0.0,-0.0,-0.0,-0.0,-0.0,-0.0
7,7,loading,0.9,6594c8ed505af4b91270048df10e433f7493477e368be91f61b5d62b3eb956d4,2963,73.0,34.0,interior,-0.0,-0.0,-0.0,-0.0,-0.0,-0.0
7,7,loading,0.9,6594c8ed505af4b91270048df10e433f7493477e368be91f61b5d62b3eb956d4,2964,74.0,34.0,interior,-0.0,-0.0,-0.0,-0.0,-0.0,-0.0
7,7,loading,0.9,6594c8ed505af4b91270048df10e433f7493477e368be91f61b5d62b3eb956d4,2965,75.0,34.0,interior,-0.0,-0.0,-0.0,-0.0,-0.0,-0.0
7,7,loading,0.9,6594c8ed505af4b91270048df10e433f7493477e368be91f61b5d62b3eb956d4,2966,76.0,34.0,interior,-0.0,-0.0,-0.0,-0.0,-0.0,-0.0
7,7,loading,0.9,6594c8ed505af4b91270048df10e433f7493477e368be91f61b5d62b3eb956d4,2967,77.0,34.0,interior,-0.0,-0.0,-0.0,-0.0,-0.0,-0.0
7,7,loading,0.9,6594c8ed505af4b91270048df10e433f7493477e368be91f61b5d62b3eb956d4,2968,78.0,34.0,interior,-0.0,-0.0,-0.0,-0.0,-0.0,-0.0
7,7,loading,0.9,6594c8ed505af4b91270048df10e433f7493477e368be91f61b5d62b3eb956d4,2969,79.0,34.0,interior,-0.0,-0.0,-0.0,-0.0,-0.0,-0.0
7,7,loading,0.9,6594c8ed505af4b91270048df10e433f7493477e368be91f61b5d62b3eb956d4,2970,80.0,34.0,physical_only,7.623827142867872e-07,-1.741890372716713e-07,5.262332327517873e-07,-1.2661812267800586e-06,2.3614948153499975e-07,1.0919921895083826e-06
7,7,loading,0.9,6594c8ed505af4b91270048df10e433f7493477e368be91f61b5d62b3eb956d4,3037,62.0,35.0,physical_only,-5.128093755555494e-06,5.029584579995595e-08,-3.857548488448209e-06,7.439279368595871e-08,-1.2705452671072843e-06,-2.4096947886002604e-08
7,7,loading,0.9,6594c8ed505af4b91270048df10e433f7493477e368be91f61b5d62b3eb956d4,3038,63.0,35.0,interior,-0.0,-0.0,-0.0,-0.0,-0.0,-0.0
7,7,loading,0.9,6594c8ed505af4b91270048df10e433f7493477e368be91f61b5d62b3eb956d4,3039,64.0,35.0,interior,-0.0,-0.0,-0.0,-0.0,-0.0,-0.0
7,7,loading,0.9,6594c8ed505af4b91270048df10e433f7493477e368be91f61b5d62b3eb956d4,3040,65.0,35.0,interior,-0.0,-0.0,-0.0,-0.0,-0.0,-0.0
7,7,loading,0.9,6594c8ed505af4b91270048df10e433f7493477e368be91f61b5d62b3eb956d4,3041,66.0,35.0,interior,-0.0,-0.0,-0.0,-0.0,-0.0,-0.0
7,7,loading,0.9,6594c8ed505af4b91270048df10e433f7493477e368be91f61b5d62b3eb956d4,3042,67.0,35.0,interior,-0.0,-0.0,-0.0,-0.0,-0.0,-0.0
7,7,loading,0.9,6594c8ed505af4b91270048df10e433f7493477e368be91f61b5d62b3eb956d4,3043,68.0,35.0,interior,-0.0,-0.0,-0.0,-0.0,-0.0,-0.0
7,7,loading,0.9,6594c8ed505af4b91270048df10e433f7493477e368be91f61b5d62b3eb956d4,3044,69.0,35.0,interior,-0.0,-0.0,-0.0,-0.0,-0.0,-0.0
7,7,loading,0.9,6594c8ed505af4b91270048df10e433f7493477e368be91f61b5d62b3eb956d4,3045,70.0,35.0,interior,-0.0,-0.0,-0.0,-0.0,-0.0,-0.0
7,7,loading,0.9,6594c8ed505af4b91270048df10e433f7493477e368be91f61b5d62b3eb956d4,3046,71.0,35.0,interior,-0.0,-0.0,-0.0,-0.0,-0.0,-0.0
7,7,loading,0.9,6594c8ed505af4b91270048df10e433f7493477e368be91f61b5d62b3eb956d4,3047,72.0,35.0,interior,-0.0,-0.0,-0.0,-0.0,-0.0,-0.0
7,7,loading,0.9,6594c8ed505af4b91270048df10e433f7493477e368be91f61b5d62b3eb956d4,3048,73.0,35.0,interior,-0.0,-0.0,-0.0,-0.0,-0.0,-0.0
7,7,loading,0.9,6594c8ed505af4b91270048df10e433f7493477e368be91f61b5d62b3eb956d4,3049,74.0,35.0,interior,-0.0,-0.0,-0.0,-0.0,-0.0,-0.0
7,7,loading,0.9,6594c8ed505af4b91270048df10e433f7493477e368be91f61b5d62b3eb956d4,3050,75.0,35.0,interior,-0.0,-0.0,-0.0,-0.0,-0.0,-0.0
7,7,loading,0.9,6594c8ed505af4b91270048df10e433f7493477e368be91f61b5d62b3eb956d4,3051,76.0,35.0,interior,-0.0,-0.0,-0.0,-0.0,-0.0,-0.0
7,7,loading,0.9,6594c8ed505af4b91270048df10e433f7493477e368be91f61b5d62b3eb956d4,3052,77.0,35.0,interior,-0.0,-0.0,-0.0,-0.0,-0.0,-0.0
7,7,loading,0.9,6594c8ed505af4b91270048df10e433f7493477e368be91f61b5d62b3eb956d4,3053,78.0,35.0,interior,-0.0,-0.0,-0.0,-0.0,-0.0,-0.0
7,7,loading,0.9,6594c8ed505af4b91270048df10e433f7493477e368be91f61b5d62b3eb956d4,3054,79.0,35.0,interior,-0.0,-0.0,-0.0,-0.0,-0.0,-0.0
7,7,loading,0.9,6594c8ed505af4b91270048df10e433f7493477e368be91f61b5d62b3eb956d4,3055,80.0,35.0,physical_only,7.501280238831849e-07,-1.414166429306504e-07,5.347531857017083e-07,-1.0495384578953694e-06,2.1537483818147657e-07,9.081218149647235e-07
7,7,loading,0.9,6594c8ed505af4b91270048df10e433f7493477e368be91f61b5d62b3eb956d4,3122,62.0,36.0,physical_only,-5.20322194848996e-06,2.104908756428281e-07,-3.9758972443829115e-06,6.235455060470065e-08,-1.227324704107048e-06,1.481363250381275e-07
7,7,loading,0.9,6594c8ed505af4b91270048df10e433f7493477e368be91f61b5d62b3eb956d4,3123,63.0,36.0,interior,-0.0,-0.0,-0.0,-0.0,-0.0,-0.0
7,7,loading,0.9,6594c8ed505af4b91270048df10e433f7493477e368be91f61b5d62b3eb956d4,3124,64.0,36.0,interior,-0.0,-0.0,-0.0,-0.0,-0.0,-0.0
7,7,loading,0.9,6594c8ed505af4b91270048df10e433f7493477e368be91f61b5d62b3eb956d4,3125,65.0,36.0,interior,-0.0,-0.0,-0.0,-0.0,-0.0,-0.0
7,7,loading,0.9,6594c8ed505af4b91270048df10e433f7493477e368be91f61b5d62b3eb956d4,3126,66.0,36.0,interior,-0.0,-0.0,-0.0,-0.0,-0.0,-0.0
7,7,loading,0.9,6594c8ed505af4b91270048df10e433f7493477e368be91f61b5d62b3eb956d4,3127,67.0,36.0,interior,-0.0,-0.0,-0.0,-0.0,-0.0,-0.0
7,7,loading,0.9,6594c8ed505af4b91270048df10e433f7493477e368be91f61b5d62b3eb956d4,3128,68.0,36.0,interior,-0.0,-0.0,-0.0,-0.0,-0.0,-0.0
7,7,loading,0.9,6594c8ed505af4b91270048df10e433f7493477e368be91f61b5d62b3eb956d4,3129,69.0,36.0,interior,-0.0,-0.0,-0.0,-0.0,-0.0,-0.0
7,7,loading,0.9,6594c8ed505af4b91270048df10e433f7493477e368be91f61b5d62b3eb956d4,3130,70.0,36.0,interior,-0.0,-0.0,-0.0,-0.0,-0.0,-0.0
7,7,loading,0.9,6594c8ed505af4b91270048df10e433f7493477e368be91f61b5d62b3eb956d4,3131,71.0,36.0,interior,-0.0,-0.0,-0.0,-0.0,-0.0,-0.0
7,7,loading,0.9,6594c8ed505af4b91270048df10e433f7493477e368be91f61b5d62b3eb956d4,3132,72.0,36.0,interior,-0.0,-0.0,-0.0,-0.0,-0.0,-0.0
7,7,loading,0.9,6594c8ed505af4b91270048df10e433f7493477e368be91f61b5d62b3eb956d4,3133,73.0,36.0,interior,-0.0,-0.0,-0.0,-0.0,-0.0,-0.0
7,7,loading,0.9,6594c8ed505af4b91270048df10e433f7493477e368be91f61b5d62b3eb956d4,3134,74.0,36.0,interior,-0.0,-0.0,-0.0,-0.0,-0.0,-0.0
7,7,loading,0.9,6594c8ed505af4b91270048df10e433f7493477e368be91f61b5d62b3eb956d4,3135,75.0,36.0,interior,-0.0,-0.0,-0.0,-0.0,-0.0,-0.0
7,7,loading,0.9,6594c8ed505af4b91270048df10e433f7493477e368be91f61b5d62b3eb956d4,3136,76.0,36.0,interior,-0.0,-0.0,-0.0,-0.0,-0.0,-0.0
7,7,loading,0.9,6594c8ed505af4b91270048df10e433f7493477e368be91f61b5d62b3eb956d4,3137,77.0,36.0,interior,-0.0,-0.0,-0.0,-0.0,-0.0,-0.0
7,7,loading,0.9,6594c8ed505af4b91270048df10e433f7493477e368be91f61b5d62b3eb956d4,3138,78.0,36.0,interior,-0.0,-0.0,-0.0,-0.0,-0.0,-0.0
7,7,loading,0.9,6594c8ed505af4b91270048df10e433f7493477e368be91f61b5d62b3eb956d4,3139,79.0,36.0,interior,-0.0,-0.0,-0.0,-0.0,-0.0,-0.0
7,7,loading,0.9,6594c8ed505af4b91270048df10e433f7493477e368be91f61b5d62b3eb956d4,3140,80.0,36.0,physical_only,7.400341636843938e-07,-1.1081747947743885e-07,5.413935102454157e-07,-8.359440454647891e-07,1.9864065343897797e-07,7.251265659873496e-07
7,7,loading,0.9,6594c8ed505af4b91270048df10e433f7493477e368be91f61b5d62b3eb956d4,3207,62.0,37.0,physical_only,-5.338884098769547e-06,2.402697056347694e-07,-4.069834126866405e-06,4.926846531408644e-08,-1.2690499719031418e-06,1.9100124032068286e-07
7,7,loading,0.9,6594c8ed505af4b91270048df10e433f7493477e368be91f61b5d62b3eb956d4,3208,63.0,37.0,interior,-0.0,-0.0,-0.0,-0.0,-0.0,-0.0
7,7,loading,0.9,6594c8ed505af4b91270048df10e433f7493477e368be91f61b5d62b3eb956d4,3209,64.0,37.0,interior,-0.0,-0.0,-0.0,-0.0,-0.0,-0.0
7,7,loading,0.9,6594c8ed505af4b91270048df10e433f7493477e368be91f61b5d62b3eb956d4,3210,65.0,37.0,interior,-0.0,-0.0,-0.0,-0.0,-0.0,-0.0
7,7,loading,0.9,6594c8ed505af4b91270048df10e433f7493477e368be91f61b5d62b3eb956d4,3211,66.0,37.0,interior,-0.0,-0.0,-0.0,-0.0,-0.0,-0.0
7,7,loading,0.9,6594c8ed505af4b91270048df10e433f7493477e368be91f61b5d62b3eb956d4,3212,67.0,37.0,interior,-0.0,-0.0,-0.0,-0.0,-0.0,-0.0
7,7,loading,0.9,6594c8ed505af4b91270048df10e433f7493477e368be91f61b5d62b3eb956d4,3213,68.0,37.0,interior,-0.0,-0.0,-0.0,-0.0,-0.0,-0.0
7,7,loading,0.9,6594c8ed505af4b91270048df10e433f7493477e368be91f61b5d62b3eb956d4,3214,69.0,37.0,interior,-0.0,-0.0,-0.0,-0.0,-0.0,-0.0
7,7,loading,0.9,6594c8ed505af4b91270048df10e433f7493477e368be91f61b5d62b3eb956d4,3215,70.0,37.0,interior,-0.0,-0.0,-0.0,-0.0,-0.0,-0.0
7,7,loading,0.9,6594c8ed505af4b91270048df10e433f7493477e368be91f61b5d62b3eb956d4,3216,71.0,37.0,interior,-0.0,-0.0,-0.0,-0.0,-0.0,-0.0
7,7,loading,0.9,6594c8ed505af4b91270048df10e433f7493477e368be91f61b5d62b3eb956d4,3217,72.0,37.0,interior,-0.0,-0.0,-0.0,-0.0,-0.0,-0.0
7,7,loading,0.9,6594c8ed505af4b91270048df10e433f7493477e368be91f61b5d62b3eb956d4,3218,73.0,37.0,interior,-0.0,-0.0,-0.0,-0.0,-0.0,-0.0
7,7,loading,0.9,6594c8ed505af4b91270048df10e433f7493477e368be91f61b5d62b3eb956d4,3219,74.0,37.0,interior,-0.0,-0.0,-0.0,-0.0,-0.0,-0.0
7,7,loading,0.9,6594c8ed505af4b91270048df10e433f7493477e368be91f61b5d62b3eb956d4,3220,75.0,37.0,interior,-0.0,-0.0,-0.0,-0.0,-0.0,-0.0
7,7,loading,0.9,6594c8ed505af4b91270048df10e433f7493477e368be91f61b5d62b3eb956d4,3221,76.0,37.0,interior,-0.0,-0.0,-0.0,-0.0,-0.0,-0.0
7,7,loading,0.9,6594c8ed505af4b91270048df10e433f7493477e368be91f61b5d62b3eb956d4,3222,77.0,37.0,interior,-0.0,-0.0,-0.0,-0.0,-0.0,-0.0
7,7,loading,0.9,6594c8ed505af4b91270048df10e433f7493477e368be91f61b5d62b3eb956d4,3223,78.0,37.0,interior,-0.0,-0.0,-0.0,-0.0,-0.0,-0.0
7,7,loading,0.9,6594c8ed505af4b91270048df10e433f7493477e368be91f61b5d62b3eb956d4,3224,79.0,37.0,interior,-0.0,-0.0,-0.0,-0.0,-0.0,-0.0
7,7,loading,0.9,6594c8ed505af4b91270048df10e433f7493477e368be91f61b5d62b3eb956d4,3225,80.0,37.0,physical_only,7.321503655325946e-07,-8.181907780253943e-08,5.463544728325535e-07,-6.248017009754267e-07,1.8579589270004114e-07,5.429826231728886e-07
7,7,loading,0.9,6594c8ed505af4b91270048df10e433f7493477e368be91f61b5d62b3eb956d4,3292,62.0,38.0,physical_only,-5.4566405449936155e-06,1.8922270938096866e-07,-4.1384061186147405e-06,3.428792670220955e-08,-1.3182344263788762e-06,1.5493478267875922e-07
7,7,loading,0.9,6594c8ed505af4b91270048df10e433f7493477e368be91f61b5d62b3eb956d4,3293,63.0,38.0,interior,-0.0,-0.0,-0.0,-0.0,-0.0,-0.0
7,7,loading,0.9,6594c8ed505af4b91270048df10e433f7493477e368be91f61b5d62b3eb956d4,3294,64.0,38.0,interior,-0.0,-0.0,-0.0,-0.0,-0.0,-0.0
7,7,loading,0.9,6594c8ed505af4b91270048df10e433f7493477e368be91f61b5d62b3eb956d4,3295,65.0,38.0,interior,-0.0,-0.0,-0.0,-0.0,-0.0,-0.0
7,7,loading,0.9,6594c8ed505af4b91270048df10e433f7493477e368be91f61b5d62b3eb956d4,3296,66.0,38.0,interior,-0.0,-0.0,-0.0,-0.0,-0.0,-0.0
7,7,loading,0.9,6594c8ed505af4b91270048df10e433f7493477e368be91f61b5d62b3eb956d4,3297,67.0,38.0,interior,-0.0,-0.0,-0.0,-0.0,-0.0,-0.0
7,7,loading,0.9,6594c8ed505af4b91270048df10e433f7493477e368be91f61b5d62b3eb956d4,3298,68.0,38.0,interior,-0.0,-0.0,-0.0,-0.0,-0.0,-0.0
7,7,loading,0.9,6594c8ed505af4b91270048df10e433f7493477e368be91f61b5d62b3eb956d4,3299,69.0,38.0,interior,-0.0,-0.0,-0.0,-0.0,-0.0,-0.0
7,7,loading,0.9,6594c8ed505af4b91270048df10e433f7493477e368be91f61b5d62b3eb956d4,3300,70.0,38.0,interior,-0.0,-0.0,-0.0,-0.0,-0.0,-0.0
7,7,loading,0.9,6594c8ed505af4b91270048df10e433f7493477e368be91f61b5d62b3eb956d4,3301,71.0,38.0,interior,-0.0,-0.0,-0.0,-0.0,-0.0,-0.0
7,7,loading,0.9,6594c8ed505af4b91270048df10e433f7493477e368be91f61b5d62b3eb956d4,3302,72.0,38.0,interior,-0.0,-0.0,-0.0,-0.0,-0.0,-0.0
7,7,loading,0.9,6594c8ed505af4b91270048df10e433f7493477e368be91f61b5d62b3eb956d4,3303,73.0,38.0,interior,-0.0,-0.0,-0.0,-0.0,-0.0,-0.0
7,7,loading,0.9,6594c8ed505af4b91270048df10e433f7493477e368be91f61b5d62b3eb956d4,3304,74.0,38.0,interior,-0.0,-0.0,-0.0,-0.0,-0.0,-0.0
7,7,loading,0.9,6594c8ed505af4b91270048df10e433f7493477e368be91f61b5d62b3eb956d4,3305,75.0,38.0,interior,-0.0,-0.0,-0.0,-0.0,-0.0,-0.0
7,7,loading,0.9,6594c8ed505af4b91270048df10e433f7493477e368be91f61b5d62b3eb956d4,3306,76.0,38.0,interior,-0.0,-0.0,-0.0,-0.0,-0.0,-0.0
7,7,loading,0.9,6594c8ed505af4b91270048df10e433f7493477e368be91f61b5d62b3eb956d4,3307,77.0,38.0,interior,-0.0,-0.0,-0.0,-0.0,-0.0,-0.0
7,7,loading,0.9,6594c8ed505af4b91270048df10e433f7493477e368be91f61b5d62b3eb956d4,3308,78.0,38.0,interior,-0.0,-0.0,-0.0,-0.0,-0.0,-0.0
7,7,loading,0.9,6594c8ed505af4b91270048df10e433f7493477e368be91f61b5d62b3eb956d4,3309,79.0,38.0,interior,-0.0,-0.0,-0.0,-0.0,-0.0,-0.0
7,7,loading,0.9,6594c8ed505af4b91270048df10e433f7493477e368be91f61b5d62b3eb956d4,3310,80.0,38.0,physical_only,7.265046816840221e-07,-5.394888492783344e-08,5.497896960863106e-07,-4.1550568225017907e-07,1.7671498559771153e-07,3.615567973223451e-07
7,7,loading,0.9,6594c8ed505af4b91270048df10e433f7493477e368be91f61b5d62b3eb956d4,3377,62.0,39.0,physical_only,-5.527961076840935e-06,1.0060790123460071e-07,-4.180231877240228e-06,1.7616253431579203e-08,-1.347729199600707e-06,8.29916478030214e-08
7,7,loading,0.9,6594c8ed505af4b91270048df10e433f7493477e368be91f61b5d62b3eb956d4,3378,63.0,39.0,interior,-0.0,-0.0,-0.0,-0.0,-0.0,-0.0
7,7,loading,0.9,6594c8ed505af4b91270048df10e433f7493477e368be91f61b5d62b3eb956d4,3379,64.0,39.0,interior,-0.0,-0.0,-0.0,-0.0,-0.0,-0.0
7,7,loading,0.9,6594c8ed505af4b91270048df10e433f7493477e368be91f61b5d62b3eb956d4,3380,65.0,39.0,interior,-0.0,-0.0,-0.0,-0.0,-0.0,-0.0
7,7,loading,0.9,6594c8ed505af4b91270048df10e433f7493477e368be91f61b5d62b3eb956d4,3381,66.0,39.0,interior,-0.0,-0.0,-0.0,-0.0,-0.0,-0.0
7,7,loading,0.9,6594c8ed505af4b91270048df10e433f7493477e368be91f61b5d62b3eb956d4,3382,67.0,39.0,interior,-0.0,-0.0,-0.0,-0.0,-0.0,-0.0
7,7,loading,0.9,6594c8ed505af4b91270048df10e433f7493477e368be91f61b5d62b3eb956d4,3383,68.0,39.0,interior,-0.0,-0.0,-0.0,-0.0,-0.0,-0.0
7,7,loading,0.9,6594c8ed505af4b91270048df10e433f7493477e368be91f61b5d62b3eb956d4,3384,69.0,39.0,interior,-0.0,-0.0,-0.0,-0.0,-0.0,-0.0
7,7,loading,0.9,6594c8ed505af4b91270048df10e433f7493477e368be91f61b5d62b3eb956d4,3385,70.0,39.0,interior,-0.0,-0.0,-0.0,-0.0,-0.0,-0.0
7,7,loading,0.9,6594c8ed505af4b91270048df10e433f7493477e368be91f61b5d62b3eb956d4,3386,71.0,39.0,interior,-0.0,-0.0,-0.0,-0.0,-0.0,-0.0
7,7,loading,0.9,6594c8ed505af4b91270048df10e433f7493477e368be91f61b5d62b3eb956d4,3387,72.0,39.0,interior,-0.0,-0.0,-0.0,-0.0,-0.0,-0.0
7,7,loading,0.9,6594c8ed505af4b91270048df10e433f7493477e368be91f61b5d62b3eb956d4,3388,73.0,39.0,interior,-0.0,-0.0,-0.0,-0.0,-0.0,-0.0
7,7,loading,0.9,6594c8ed505af4b91270048df10e433f7493477e368be91f61b5d62b3eb956d4,3389,74.0,39.0,interior,-0.0,-0.0,-0.0,-0.0,-0.0,-0.0
7,7,loading,0.9,6594c8ed505af4b91270048df10e433f7493477e368be91f61b5d62b3eb956d4,3390,75.0,39.0,interior,-0.0,-0.0,-0.0,-0.0,-0.0,-0.0
7,7,loading,0.9,6594c8ed505af4b91270048df10e433f7493477e368be91f61b5d62b3eb956d4,3391,76.0,39.0,interior,-0.0,-0.0,-0.0,-0.0,-0.0,-0.0
7,7,loading,0.9,6594c8ed505af4b91270048df10e433f7493477e368be91f61b5d62b3eb956d4,3392,77.0,39.0,interior,-0.0,-0.0,-0.0,-0.0,-0.0,-0.0
7,7,loading,0.9,6594c8ed505af4b91270048df10e433f7493477e368be91f61b5d62b3eb956d4,3393,78.0,39.0,interior,-0.0,-0.0,-0.0,-0.0,-0.0,-0.0
7,7,loading,0.9,6594c8ed505af4b91270048df10e433f7493477e368be91f61b5d62b3eb956d4,3394,79.0,39.0,interior,-0.0,-0.0,-0.0,-0.0,-0.0,-0.0
7,7,loading,0.9,6594c8ed505af4b91270048df10e433f7493477e368be91f61b5d62b3eb956d4,3395,80.0,39.0,physical_only,7.231123746968813e-07,-2.6798931430577276e-08,5.518077391286933e-07,-2.0744382662065743e-07,1.7130463556818794e-07,1.8064489519008047e-07
7,7,loading,0.9,6594c8ed505af4b91270048df10e433f7493477e368be91f61b5d62b3eb956d4,3462,62.0,40.0,physical_and_cut,-2.775489384557801e-06,-1.8879696863740566e-06,-2.097146768364524e-06,-9.545593309537923e-07,-6.78342616193277e-07,-9.334103554202643e-07
7,7,loading,0.9,6594c8ed505af4b91270048df10e433f7493477e368be91f61b5d62b3eb956d4,3463,63.0,40.0,cut_only,-0.0,-0.0,-0.0,-0.0,-0.0,-0.0
7,7,loading,0.9,6594c8ed505af4b91270048df10e433f7493477e368be91f61b5d62b3eb956d4,3464,64.0,40.0,cut_only,-0.0,-0.0,-0.0,-0.0,-0.0,-0.0
7,7,loading,0.9,6594c8ed505af4b91270048df10e433f7493477e368be91f61b5d62b3eb956d4,3465,65.0,40.0,cut_only,-0.0,-0.0,-0.0,-0.0,-0.0,-0.0
7,7,loading,0.9,6594c8ed505af4b91270048df10e433f7493477e368be91f61b5d62b3eb956d4,3466,66.0,40.0,cut_only,-0.0,-0.0,-0.0,-0.0,-0.0,-0.0
7,7,loading,0.9,6594c8ed505af4b91270048df10e433f7493477e368be91f61b5d62b3eb956d4,3467,67.0,40.0,cut_only,-0.0,-0.0,-0.0,-0.0,-0.0,-0.0
7,7,loading,0.9,6594c8ed505af4b91270048df10e433f7493477e368be91f61b5d62b3eb956d4,3468,68.0,40.0,cut_only,-0.0,-0.0,-0.0,-0.0,-0.0,-0.0
7,7,loading,0.9,6594c8ed505af4b91270048df10e433f7493477e368be91f61b5d62b3eb956d4,3469,69.0,40.0,cut_only,-0.0,-0.0,-0.0,-0.0,-0.0,-0.0
7,7,loading,0.9,6594c8ed505af4b91270048df10e433f7493477e368be91f61b5d62b3eb956d4,3470,70.0,40.0,cut_only,-0.0,-0.0,-0.0,-0.0,-0.0,-0.0
7,7,loading,0.9,6594c8ed505af4b91270048df10e433f7493477e368be91f61b5d62b3eb956d4,3471,71.0,40.0,cut_only,-0.0,-0.0,-0.0,-0.0,-0.0,-0.0
7,7,loading,0.9,6594c8ed505af4b91270048df10e433f7493477e368be91f61b5d62b3eb956d4,3472,72.0,40.0,cut_only,-0.0,-0.0,-0.0,-0.0,-0.0,-0.0
7,7,loading,0.9,6594c8ed505af4b91270048df10e433f7493477e368be91f61b5d62b3eb956d4,3473,73.0,40.0,cut_only,-0.0,-0.0,-0.0,-0.0,-0.0,-0.0
7,7,loading,0.9,6594c8ed505af4b91270048df10e433f7493477e368be91f61b5d62b3eb956d4,3474,74.0,40.0,cut_only,-0.0,-0.0,-0.0,-0.0,-0.0,-0.0
7,7,loading,0.9,6594c8ed505af4b91270048df10e433f7493477e368be91f61b5d62b3eb956d4,3475,75.0,40.0,cut_only,-0.0,-0.0,-0.0,-0.0,-0.0,-0.0
7,7,loading,0.9,6594c8ed505af4b91270048df10e433f7493477e368be91f61b5d62b3eb956d4,3476,76.0,40.0,cut_only,-0.0,-0.0,-0.0,-0.0,-0.0,-0.0
7,7,loading,0.9,6594c8ed505af4b91270048df10e433f7493477e368be91f61b5d62b3eb956d4,3477,77.0,40.0,cut_only,-0.0,-0.0,-0.0,-0.0,-0.0,-0.0
7,7,loading,0.9,6594c8ed505af4b91270048df10e433f7493477e368be91f61b5d62b3eb956d4,3478,78.0,40.0,cut_only,-0.0,-0.0,-0.0,-0.0,-0.0,-0.0
7,7,loading,0.9,6594c8ed505af4b91270048df10e433f7493477e368be91f61b5d62b3eb956d4,3479,79.0,40.0,cut_only,-0.0,-0.0,-0.0,-0.0,-0.0,-0.0
7,7,loading,0.9,6594c8ed505af4b91270048df10e433f7493477e368be91f61b5d62b3eb956d4,3480,80.0,40.0,physical_and_cut,3.6099043559523985e-07,5.517563127975624e-05,2.762366311362961e-07,-2.1846111102961033e-07,8.475380445894372e-08,5.539409239078585e-05
8,8,loading,0.95,d74e4323f4d709dd476123bd5f7d14071ff37a3acd9f205fef1f3710d0fc03b0,2697,62.0,31.0,physical_only,-0.00044145739656821194,-7.232483523812716e-05,-5.674231623215802e-06,6.390698679041073e-06,-0.00043578316494499616,-7.871553391716823e-05
8,8,loading,0.95,d74e4323f4d709dd476123bd5f7d14071ff37a3acd9f205fef1f3710d0fc03b0,2698,63.0,31.0,physical_only,-1.5672161968625725e-06,-6.0366529700860714e-05,-3.1569784364588997e-06,7.388927021600928e-06,1.5897622395963268e-06,-6.775545672246163e-05
8,8,loading,0.95,d74e4323f4d709dd476123bd5f7d14071ff37a3acd9f205fef1f3710d0fc03b0,2699,64.0,31.0,physical_only,8.02058440939813e-07,-8.024724385147214e-05,-3.2295326783370665e-06,9.52102845877512e-06,4.031591119276878e-06,-8.976827231024727e-05
8,8,loading,0.95,d74e4323f4d709dd476123bd5f7d14071ff37a3acd9f205fef1f3710d0fc03b0,2700,65.0,31.0,physical_only,1.5281150886949638e-06,-0.00010876066301863073,-3.320557875755237e-06,1.197763900428679e-05,4.848672964450203e-06,-0.00012073830202291759
8,8,loading,0.95,d74e4323f4d709dd476123bd5f7d14071ff37a3acd9f205fef1f3710d0fc03b0,2701,66.0,31.0,physical_only,3.9827372829553197e-07,-0.00014369869575519558,-3.4317369841033092e-06,1.4864004375145969e-05,3.830010712398839e-06,-0.0001585627001303415
8,8,loading,0.95,d74e4323f4d709dd476123bd5f7d14071ff37a3acd9f205fef1f3710d0fc03b0,2702,67.0,31.0,physical_only,-1.9203075686266803e-06,-0.00018425990005257672,-3.5613619973201577e-06,1.830738798727394e-05,1.6410544286934757e-06,-0.00020256728803985072
8,8,loading,0.95,d74e4323f4d709dd476123bd5f7d14071ff37a3acd9f205fef1f3710d0fc03b0,2703,68.0,31.0,physical_only,-2.385983345825159e-06,-0.00023347809021325697,-3.7108256420479156e-06,2.246987385153881e-05,1.3248422962227592e-06,-0.00025594796406479595
8,8,loading,0.95,d74e4323f4d709dd476123bd5f7d14071ff37a3acd9f205fef1f3710d0fc03b0,2704,69.0,31.0,physical_only,-3.325459203086495e-06,-0.00029503179129133244,-3.885240413777263e-06,2.757513179041105e-05,5.59781210690771e-07,-0.00032260692308174344
8,8,loading,0.95,d74e4323f4d709dd476123bd5f7d14071ff37a3acd9f205fef1f3710d0fc03b0,2705,70.0,31.0,physical_only,-4.619513979782042e-06,-0.00036979755644539567,-4.09390360773181e-06,3.3948212643248286e-05,-5.256103720502346e-07,-0.00040374576908864374
8,8,loading,0.95,d74e4323f4d709dd476123bd5f7d14071ff37a3acd9f205fef1f3710d0fc03b0,2706,71.0,31.0,physical_only,-6.223287244146818e-06,-0.00045977366063451684,-4.350006653454935e-06,4.207618627069588e-05,-1.8732805906918798e-06,-0.0005018498469052126
8,8,loading,0.95,d74e4323f4d709dd476123bd5f7d14071ff37a3acd9f205fef1f3710d0fc03b0,2707,72.0,31.0,physical_only,-7.885110927881047e-06,-0.0005670424828162737,-4.674195255229247e-06,5.271988672353819e-05,-3.2109156726517988e-06,-0.0006197623695398118
8,8,loading,0.95,d74e4323f4d709dd476123bd5f7d14071ff37a3acd9f205fef1f3710d0fc03b0,2708,73.0,31.0,physical_only,-9.231986636527119e-06,-0.0006931770517739125,-5.100040302205472e-06,6.713054844610918e-05,-4.131946334321647e-06,-0.0007603076002200221
8,8,loading,0.95,d74e4323f4d709dd476123bd5f7d14071ff37a3acd9f205fef1f3710d0fc03b0,2709,74.0,31.0,physical_only,-6.254245461792076e-06,-0.0008433881928646518,-5.6877630533368384e-06,8.751365676971123e-05,-5.664824084552346e-07,-0.0009309018496343625
8,8,loading,0.95,d74e4323f4d709dd476123bd5f7d14071ff37a3acd9f205fef1f3710d0fc03b0,2710,75.0,31.0,physical_only,-1.051072880961151e-06,-0.0010305127983027,-6.556892494430468e-06,0.00011815243566802175,5.505819613469317e-06,-0.0011486652339707222
8,8,loading,0.95,d74e4323f4d709dd476123bd5f7d14071ff37a3acd9f205fef1f3710d0fc03b0,2711,76.0,31.0,physical_only,-5.435991019627502e-06,-0.0012640052625020647,-7.97173519146887e-06,0.00016856235832444946,2.5357441718413692e-06,-0.0014325676208265135
8,8,loading,0.95,d74e4323f4d709dd476123bd5f7d14071ff37a3acd9f205fef1f3710d0fc03b0,2712,77.0,31.0,physical_only,-5.357743464817569e-05,-0.0014682549342896391,-1.0588895471617021e-05,0.00026419892798190393,-4.298853917655867e-05,-0.0017324538622715442
8,8,loading,0.95,d74e4323f4d709dd476123bd5f7d14071ff37a3acd9f205fef1f3710d0fc03b0,2713,78.0,31.0,physical_only,-0.00013110558572673855,-0.0015855843608475872,-1.6890695095627774e-05,0.0005021081884375219,-0.00011421489063111077,-0.002087692549285109
8,8,loading,0.95,d74e4323f4d709dd476123bd5f7d14071ff37a3acd9f205fef1f3710d0fc03b0,2714,79.0,31.0,physical_only,-0.0003001950152743717,0.0014947138657846002,-4.0223133535142956e-05,0.0016277644768714662,-0.00025997188173922873,-0.00013305061108686601
8,8,loading,0.95,d74e4323f4d709dd476123bd5f7d14071ff37a3acd9f205fef1f3710d0fc03b0,2715,80.0,31.0,physical_only,-0.0002489155178090189,0.039502622883703736,-0.0009046836525142172,0.027248708444251746,0.0006557681347051983,0.012253914439451992
8,8,loading,0.95,d74e4323f4d709dd476123bd5f7d14071ff37a3acd9f205fef1f3710d0fc03b0,2782,62.0,32.0,physical_only,-7.25884371096705e-06,-1.1067294350739528e-06,-3.304032299187625e-06,1.3593530677959695e-07,-3.954811411779426e-06,-1.2426647418535503e-06
8,8,loading,0.95,d74e4323f4d709dd476123bd5f7d14071ff37a3acd9f205fef1f3710d0fc03b0,2783,63.0,32.0,interior,-0.0,-0.0,-0.0,-0.0,-0.0,-0.0
8,8,loading,0.95,d74e4323f4d709dd476123bd5f7d14071ff37a3acd9f205fef1f3710d0fc03b0,2784,64.0,32.0,interior,-0.0,-0.0,-0.0,-0.0,-0.0,-0.0
8,8,loading,0.95,d74e4323f4d709dd476123bd5f7d14071ff37a3acd9f205fef1f3710d0fc03b0,2785,65.0,32.0,interior,-0.0,-0.0,-0.0,-0.0,-0.0,-0.0
8,8,loading,0.95,d74e4323f4d709dd476123bd5f7d14071ff37a3acd9f205fef1f3710d0fc03b0,2786,66.0,32.0,interior,-0.0,-0.0,-0.0,-0.0,-0.0,-0.0
8,8,loading,0.95,d74e4323f4d709dd476123bd5f7d14071ff37a3acd9f205fef1f3710d0fc03b0,2787,67.0,32.0,interior,-0.0,-0.0,-0.0,-0.0,-0.0,-0.0
8,8,loading,0.95,d74e4323f4d709dd476123bd5f7d14071ff37a3acd9f205fef1f3710d0fc03b0,2788,68.0,32.0,interior,-0.0,-0.0,-0.0,-0.0,-0.0,-0.0
8,8,loading,0.95,d74e4323f4d709dd476123bd5f7d14071ff37a3acd9f205fef1f3710d0fc03b0,2789,69.0,32.0,interior,-0.0,-0.0,-0.0,-0.0,-0.0,-0.0
8,8,loading,0.95,d74e4323f4d709dd476123bd5f7d14071ff37a3acd9f205fef1f3710d0fc03b0,2790,70.0,32.0,interior,-0.0,-0.0,-0.0,-0.0,-0.0,-0.0
8,8,loading,0.95,d74e4323f4d709dd476123bd5f7d14071ff37a3acd9f205fef1f3710d0fc03b0,2791,71.0,32.0,interior,-0.0,-0.0,-0.0,-0.0,-0.0,-0.0
8,8,loading,0.95,d74e4323f4d709dd476123bd5f7d14071ff37a3acd9f205fef1f3710d0fc03b0,2792,72.0,32.0,interior,-0.0,-0.0,-0.0,-0.0,-0.0,-0.0
8,8,loading,0.95,d74e4323f4d709dd476123bd5f7d14071ff37a3acd9f205fef1f3710d0fc03b0,2793,73.0,32.0,interior,-0.0,-0.0,-0.0,-0.0,-0.0,-0.0
8,8,loading,0.95,d74e4323f4d709dd476123bd5f7d14071ff37a3acd9f205fef1f3710d0fc03b0,2794,74.0,32.0,interior,-0.0,-0.0,-0.0,-0.0,-0.0,-0.0
8,8,loading,0.95,d74e4323f4d709dd476123bd5f7d14071ff37a3acd9f205fef1f3710d0fc03b0,2795,75.0,32.0,interior,-0.0,-0.0,-0.0,-0.0,-0.0,-0.0
8,8,loading,0.95,d74e4323f4d709dd476123bd5f7d14071ff37a3acd9f205fef1f3710d0fc03b0,2796,76.0,32.0,interior,-0.0,-0.0,-0.0,-0.0,-0.0,-0.0
8,8,loading,0.95,d74e4323f4d709dd476123bd5f7d14071ff37a3acd9f205fef1f3710d0fc03b0,2797,77.0,32.0,interior,-0.0,-0.0,-0.0,-0.0,-0.0,-0.0
8,8,loading,0.95,d74e4323f4d709dd476123bd5f7d14071ff37a3acd9f205fef1f3710d0fc03b0,2798,78.0,32.0,interior,-0.0,-0.0,-0.0,-0.0,-0.0,-0.0
8,8,loading,0.95,d74e4323f4d709dd476123bd5f7d14071ff37a3acd9f205fef1f3710d0fc03b0,2799,79.0,32.0,interior,-0.0,-0.0,-0.0,-0.0,-0.0,-0.0
8,8,loading,0.95,d74e4323f4d709dd476123bd5f7d14071ff37a3acd9f205fef1f3710d0fc03b0,2800,80.0,32.0,physical_only,8.00864575866481e-07,-2.512492853207199e-07,4.954858038168991e-07,-1.7318127453720118e-06,3.0537877204958207e-07,1.4805634600512877e-06
8,8,loading,0.95,d74e4323f4d709dd476123bd5f7d14071ff37a3acd9f205fef1f3710d0fc03b0,2867,62.0,33.0,physical_only,-5.91340457157156e-06,-7.219738556160125e-07,-3.526595349594706e-06,1.0585901422213375e-07,-2.3868092219768544e-06,-8.278328698381461e-07
8,8,loading,0.95,d74e4323f4d709dd476123bd5f7d14071ff37a3acd9f205fef1f3710d0fc03b0,2868,63.0,33.0,interior,-0.0,-0.0,-0.0,-0.0,-0.0,-0.0
8,8,loading,0.95,d74e4323f4d709dd476123bd5f7d14071ff37a3acd9f205fef1f3710d0fc03b0,2869,64.0,33.0,interior,-0.0,-0.0,-0.0,-0.0,-0.0,-0.0
8,8,loading,0.95,d74e4323f4d709dd476123bd5f7d14071ff37a3acd9f205fef1f3710d0fc03b0,2870,65.0,33.0,interior,-0.0,-0.0,-0.0,-0.0,-0.0,-0.0
8,8,loading,0.95,d74e4323f4d709dd476123bd5f7d14071ff37a3acd9f205fef1f3710d0fc03b0,2871,66.0,33.0,interior,-0.0,-0.0,-0.0,-0.0,-0.0,-0.0
8,8,loading,0.95,d74e4323f4d709dd476123bd5f7d14071ff37a3acd9f205fef1f3710d0fc03b0,2872,67.0,33.0,interior,-0.0,-0.0,-0.0,-0.0,-0.0,-0.0
8,8,loading,0.95,d74e4323f4d709dd476123bd5f7d14071ff37a3acd9f205fef1f3710d0fc03b0,2873,68.0,33.0,interior,-0.0,-0.0,-0.0,-0.0,-0.0,-0.0
8,8,loading,0.95,d74e4323f4d709dd476123bd5f7d14071ff37a3acd9f205fef1f3710d0fc03b0,2874,69.0,33.0,interior,-0.0,-0.0,-0.0,-0.0,-0.0,-0.0
8,8,loading,0.95,d74e4323f4d709dd476123bd5f7d14071ff37a3acd9f205fef1f3710d0fc03b0,2875,70.0,33.0,interior,-0.0,-0.0,-0.0,-0.0,-0.0,-0.0
8,8,loading,0.95,d74e4323f4d709dd476123bd5f7d14071ff37a3acd9f205fef1f3710d0fc03b0,2876,71.0,33.0,interior,-0.0,-0.0,-0.0,-0.0,-0.0,-0.0
8,8,loading,0.95,d74e4323f4d709dd476123bd5f7d14071ff37a3acd9f205fef1f3710d0fc03b0,2877,72.0,33.0,interior,-0.0,-0.0,-0.0,-0.0,-0.0,-0.0
8,8,loading,0.95,d74e4323f4d709dd476123bd5f7d14071ff37a3acd9f205fef1f3710d0fc03b0,2878,73.0,33.0,interior,-0.0,-0.0,-0.0,-0.0,-0.0,-0.0
8,8,loading,0.95,d74e4323f4d709dd476123bd5f7d14071ff37a3acd9f205fef1f3710d0fc03b0,2879,74.0,33.0,interior,-0.0,-0.0,-0.0,-0.0,-0.0,-0.0
8,8,loading,0.95,d74e4323f4d709dd476123bd5f7d14071ff37a3acd9f205fef1f3710d0fc03b0,2880,75.0,33.0,interior,-0.0,-0.0,-0.0,-0.0,-0.0,-0.0
8,8,loading,0.95,d74e4323f4d709dd476123bd5f7d14071ff37a3acd9f205fef1f3710d0fc03b0,2881,76.0,33.0,interior,-0.0,-0.0,-0.0,-0.0,-0.0,-0.0
8,8,loading,0.95,d74e4323f4d709dd476123bd5f7d14071ff37a3acd9f205fef1f3710d0fc03b0,2882,77.0,33.0,interior,-0.0,-0.0,-0.0,-0.0,-0.0,-0.0
8,8,loading,0.95,d74e4323f4d709dd476123bd5f7d14071ff37a3acd9f205fef1f3710d0fc03b0,2883,78.0,33.0,interior,-0.0,-0.0,-0.0,-0.0,-0.0,-0.0
8,8,loading,0.95,d74e4323f4d709dd476123bd5f7d14071ff37a3acd9f205fef1f3710d0fc03b0,2884,79.0,33.0,interior,-0.0,-0.0,-0.0,-0.0,-0.0,-0.0
8,8,loading,0.95,d74e4323f4d709dd476123bd5f7d14071ff37a3acd9f205fef1f3710d0fc03b0,2885,80.0,33.0,physical_only,7.844412367073235e-07,-2.1138362545148254e-07,5.095687644046618e-07,-1.504705579895741e-06,2.748724723026616e-07,1.293321954444261e-06
8,8,loading,0.95,d74e4323f4d709dd476123bd5f7d14071ff37a3acd9f205fef1f3710d0fc03b0,2952,62.0,34.0,physical_only,-5.300855920978843e-06,-2.7435679970756364e-07,-3.7050624233270967e-06,8.697646374439578e-08,-1.595793497651745e-06,-3.613332634519593e-07
8,8,loading,0.95,d74e4323f4d709dd476123bd5f7d14071ff37a3acd9f205fef1f3710d0fc03b0,2953,63.0,34.0,interior,-0.0,-0.0,-0.0,-0.0,-0.0,-0.0
8,8,loading,0.95,d74e4323f4d709dd476123bd5f7d14071ff37a3acd9f205fef1f3710d0fc03b0,2954,64.0,34.0,interior,-0.0,-0.0,-0.0,-0.0,-0.0,-0.0
8,8,loading,0.95,d74e4323f4d709dd476123bd5f7d14071ff37a3acd9f205fef1f3710d0fc03b0,2955,65.0,34.0,interior,-0.0,-0.0,-0.0,-0.0,-0.0,-0.0
8,8,loading,0.95,d74e4323f4d709dd476123bd5f7d14071ff37a3acd9f205fef1f3710d0fc03b0,2956,66.0,34.0,interior,-0.0,-0.0,-0.0,-0.0,-0.0,-0.0
8,8,loading,0.95,d74e4323f4d709dd476123bd5f7d14071ff37a3acd9f205fef1f3710d0fc03b0,2957,67.0,34.0,interior,-0.0,-0.0,-0.0,-0.0,-0.0,-0.0
8,8,loading,0.95,d74e4323f4d709dd476123bd5f7d14071ff37a3acd9f205fef1f3710d0fc03b0,2958,68.0,34.0,interior,-0.0,-0.0,-0.0,-0.0,-0.0,-0.0
8,8,loading,0.95,d74e4323f4d709dd476123bd5f7d14071ff37a3acd9f205fef1f3710d0fc03b0,2959,69.0,34.0,interior,-0.0,-0.0,-0.0,-0.0,-0.0,-0.0
8,8,loading,0.95,d74e4323f4d709dd476123bd5f7d14071ff37a3acd9f205fef1f3710d0fc03b0,2960,70.0,34.0,interior,-0.0,-0.0,-0.0,-0.0,-0.0,-0.0
8,8,loading,0.95,d74e4323f4d709dd476123bd5f7d14071ff37a3acd9f205fef1f3710d0fc03b0,2961,71.0,34.0,interior,-0.0,-0.0,-0.0,-0.0,-0.0,-0.0
8,8,loading,0.95,d74e4323f4d709dd476123bd5f7d14071ff37a3acd9f205fef1f3710d0fc03b0,2962,72.0,34.0,interior,-0.0,-0.0,-0.0,-0.0,-0.0,-0.0
8,8,loading,0.95,d74e4323f4d709dd476123bd5f7d14071ff37a3acd9f205fef1f3710d0fc03b0,2963,73.0,34.0,interior,-0.0,-0.0,-0.0,-0.0,-0.0,-0.0
8,8,loading,0.95,d74e4323f4d709dd476123bd5f7d14071ff37a3acd9f205fef1f3710d0fc03b0,2964,74.0,34.0,interior,-0.0,-0.0,-0.0,-0.0,-0.0,-0.0
8,8,loading,0.95,d74e4323f4d709dd476123bd5f7d14071ff37a3acd9f205fef1f3710d0fc03b0,2965,75.0,34.0,interior,-0.0,-0.0,-0.0,-0.0,-0.0,-0.0
8,8,loading,0.95,d74e4323f4d709dd476123bd5f7d14071ff37a3acd9f205fef1f3710d0fc03b0,2966,76.0,34.0,interior,-0.0,-0.0,-0.0,-0.0,-0.0,-0.0
8,8,loading,0.95,d74e4323f4d709dd476123bd5f7d14071ff37a3acd9f205fef1f3710d0fc03b0,2967,77.0,34.0,interior,-0.0,-0.0,-0.0,-0.0,-0.0,-0.0
8,8,loading,0.95,d74e4323f4d709dd476123bd5f7d14071ff37a3acd9f205fef1f3710d0fc03b0,2968,78.0,34.0,interior,-0.0,-0.0,-0.0,-0.0,-0.0,-0.0
8,8,loading,0.95,d74e4323f4d709dd476123bd5f7d14071ff37a3acd9f205fef1f3710d0fc03b0,2969,79.0,34.0,interior,-0.0,-0.0,-0.0,-0.0,-0.0,-0.0
8,8,loading,0.95,d74e4323f4d709dd476123bd5f7d14071ff37a3acd9f205fef1f3710d0fc03b0,2970,80.0,34.0,physical_only,7.6996537206787e-07,-1.754291016167853e-07,5.210636514590643e-07,-1.2818007935049659e-06,2.4890172060880573e-07,1.1063716918881776e-06
8,8,loading,0.95,d74e4323f4d709dd476123bd5f7d14071ff37a3acd9f205fef1f3710d0fc03b0,3037,62.0,35.0,physical_only,-5.149520389000047e-06,6.046374768807577e-08,-3.8520530519209094e-06,7.38271876087579e-08,-1.2974673370791377e-06,-1.3363439920682134e-08
8,8,loading,0.95,d74e4323f4d709dd476123bd5f7d14071ff37a3acd9f205fef1f3710d0fc03b0,3038,63.0,35.0,interior,-0.0,-0.0,-0.0,-0.0,-0.0,-0.0
8,8,loading,0.95,d74e4323f4d709dd476123bd5f7d14071ff37a3acd9f205fef1f3710d0fc03b0,3039,64.0,35.0,interior,-0.0,-0.0,-0.0,-0.0,-0.0,-0.0
8,8,loading,0.95,d74e4323f4d709dd476123bd5f7d14071ff37a3acd9f205fef1f3710d0fc03b0,3040,65.0,35.0,interior,-0.0,-0.0,-0.0,-0.0,-0.0,-0.0
8,8,loading,0.95,d74e4323f4d709dd476123bd5f7d14071ff37a3acd9f205fef1f3710d0fc03b0,3041,66.0,35.0,interior,-0.0,-0.0,-0.0,-0.0,-0.0,-0.0
8,8,loading,0.95,d74e4323f4d709dd476123bd5f7d14071ff37a3acd9f205fef1f3710d0fc03b0,3042,67.0,35.0,interior,-0.0,-0.0,-0.0,-0.0,-0.0,-0.0
8,8,loading,0.95,d74e4323f4d709dd476123bd5f7d14071ff37a3acd9f205fef1f3710d0fc03b0,3043,68.0,35.0,interior,-0.0,-0.0,-0.0,-0.0,-0.0,-0.0
8,8,loading,0.95,d74e4323f4d709dd476123bd5f7d14071ff37a3acd9f205fef1f3710d0fc03b0,3044,69.0,35.0,interior,-0.0,-0.0,-0.0,-0.0,-0.0,-0.0
8,8,loading,0.95,d74e4323f4d709dd476123bd5f7d14071ff37a3acd9f205fef1f3710d0fc03b0,3045,70.0,35.0,interior,-0.0,-0.0,-0.0,-0.0,-0.0,-0.0
8,8,loading,0.95,d74e4323f4d709dd476123bd5f7d14071ff37a3acd9f205fef1f3710d0fc03b0,3046,71.0,35.0,interior,-0.0,-0.0,-0.0,-0.0,-0.0,-0.0
8,8,loading,0.95,d74e4323f4d709dd476123bd5f7d14071ff37a3acd9f205fef1f3710d0fc03b0,3047,72.0,35.0,interior,-0.0,-0.0,-0.0,-0.0,-0.0,-0.0
8,8,loading,0.95,d74e4323f4d709dd476123bd5f7d14071ff37a3acd9f205fef1f3710d0fc03b0,3048,73.0,35.0,interior,-0.0,-0.0,-0.0,-0.0,-0.0,-0.0
8,8,loading,0.95,d74e4323f4d709dd476123bd5f7d14071ff37a3acd9f205fef1f3710d0fc03b0,3049,74.0,35.0,interior,-0.0,-0.0,-0.0,-0.0,-0.0,-0.0
8,8,loading,0.95,d74e4323f4d709dd476123bd5f7d14071ff37a3acd9f205fef1f3710d0fc03b0,3050,75.0,35.0,interior,-0.0,-0.0,-0.0,-0.0,-0.0,-0.0
8,8,loading,0.95,d74e4323f4d709dd476123bd5f7d14071ff37a3acd9f205fef1f3710d0fc03b0,3051,76.0,35.0,interior,-0.0,-0.0,-0.0,-0.0,-0.0,-0.0
8,8,loading,0.95,d74e4323f4d709dd476123bd5f7d14071ff37a3acd9f205fef1f3710d0fc03b0,3052,77.0,35.0,interior,-0.0,-0.0,-0.0,-0.0,-0.0,-0.0
8,8,loading,0.95,d74e4323f4d709dd476123bd5f7d14071ff37a3acd9f205fef1f3710d0fc03b0,3053,78.0,35.0,interior,-0.0,-0.0,-0.0,-0.0,-0.0,-0.0
8,8,loading,0.95,d74e4323f4d709dd476123bd5f7d14071ff37a3acd9f205fef1f3710d0fc03b0,3054,79.0,35.0,interior,-0.0,-0.0,-0.0,-0.0,-0.0,-0.0
8,8,loading,0.95,d74e4323f4d709dd476123bd5f7d14071ff37a3acd9f205fef1f3710d0fc03b0,3055,80.0,35.0,physical_only,7.575843178821301e-07,-1.424098834172934e-07,5.302812114482566e-07,-1.0625357911730818e-06,2.2730310643387364e-07,9.201259077557837e-07
8,8,loading,0.95,d74e4323f4d709dd476123bd5f7d14071ff37a3acd9f205fef1f3710d0fc03b0,3122,62.0,36.0,physical_only,-5.228375657915645e-06,2.2258506082214374e-07,-3.9731011659530036e-06,6.208540107505547e-08,-1.2552744919626415e-06,1.6049965974708827e-07
8,8,loading,0.95,d74e4323f4d709dd476123bd5f7d14071ff37a3acd9f205fef1f3710d0fc03b0,3123,63.0,36.0,interior,-0.0,-0.0,-0.0,-0.0,-0.0,-0.0
8,8,loading,0.95,d74e4323f4d709dd476123bd5f7d14071ff37a3acd9f205fef1f3710d0fc03b0,3124,64.0,36.0,interior,-0.0,-0.0,-0.0,-0.0,-0.0,-0.0
8,8,loading,0.95,d74e4323f4d709dd476123bd5f7d14071ff37a3acd9f205fef1f3710d0fc03b0,3125,65.0,36.0,interior,-0.0,-0.0,-0.0,-0.0,-0.0,-0.0
8,8,loading,0.95,d74e4323f4d709dd476123bd5f7d14071ff37a3acd9f205fef1f3710d0fc03b0,3126,66.0,36.0,interior,-0.0,-0.0,-0.0,-0.0,-0.0,-0.0
8,8,loading,0.95,d74e4323f4d709dd476123bd5f7d14071ff37a3acd9f205fef1f3710d0fc03b0,3127,67.0,36.0,interior,-0.0,-0.0,-0.0,-0.0,-0.0,-0.0
8,8,loading,0.95,d74e4323f4d709dd476123bd5f7d14071ff37a3acd9f205fef1f3710d0fc03b0,3128,68.0,36.0,interior,-0.0,-0.0,-0.0,-0.0,-0.0,-0.0
8,8,loading,0.95,d74e4323f4d709dd476123bd5f7d14071ff37a3acd9f205fef1f3710d0fc03b0,3129,69.0,36.0,interior,-0.0,-0.0,-0.0,-0.0,-0.0,-0.0
8,8,loading,0.95,d74e4323f4d709dd476123bd5f7d14071ff37a3acd9f205fef1f3710d0fc03b0,3130,70.0,36.0,interior,-0.0,-0.0,-0.0,-0.0,-0.0,-0.0
8,8,loading,0.95,d74e4323f4d709dd476123bd5f7d14071ff37a3acd9f205fef1f3710d0fc03b0,3131,71.0,36.0,interior,-0.0,-0.0,-0.0,-0.0,-0.0,-0.0
8,8,loading,0.95,d74e4323f4d709dd476123bd5f7d14071ff37a3acd9f205fef1f3710d0fc03b0,3132,72.0,36.0,interior,-0.0,-0.0,-0.0,-0.0,-0.0,-0.0
8,8,loading,0.95,d74e4323f4d709dd476123bd5f7d14071ff37a3acd9f205fef1f3710d0fc03b0,3133,73.0,36.0,interior,-0.0,-0.0,-0.0,-0.0,-0.0,-0.0
8,8,loading,0.95,d74e4323f4d709dd476123bd5f7d14071ff37a3acd9f205fef1f3710d0fc03b0,3134,74.0,36.0,interior,-0.0,-0.0,-0.0,-0.0,-0.0,-0.0
8,8,loading,0.95,d74e4323f4d709dd476123bd5f7d14071ff37a3acd9f205fef1f3710d0fc03b0,3135,75.0,36.0,interior,-0.0,-0.0,-0.0,-0.0,-0.0,-0.0
8,8,loading,0.95,d74e4323f4d709dd476123bd5f7d14071ff37a3acd9f205fef1f3710d0fc03b0,3136,76.0,36.0,interior,-0.0,-0.0,-0.0,-0.0,-0.0,-0.0
8,8,loading,0.95,d74e4323f4d709dd476123bd5f7d14071ff37a3acd9f205fef1f3710d0fc03b0,3137,77.0,36.0,interior,-0.0,-0.0,-0.0,-0.0,-0.0,-0.0
8,8,loading,0.95,d74e4323f4d709dd476123bd5f7d14071ff37a3acd9f205fef1f3710d0fc03b0,3138,78.0,36.0,interior,-0.0,-0.0,-0.0,-0.0,-0.0,-0.0
8,8,loading,0.95,d74e4323f4d709dd476123bd5f7d14071ff37a3acd9f205fef1f3710d0fc03b0,3139,79.0,36.0,interior,-0.0,-0.0,-0.0,-0.0,-0.0,-0.0
8,8,loading,0.95,d74e4323f4d709dd476123bd5f7d14071ff37a3acd9f205fef1f3710d0fc03b0,3140,80.0,36.0,physical_only,7.473850892570122e-07,-1.1158907659941609e-07,5.37479653781207e-07,-8.463282170729871e-07,2.0990543547580532e-07,7.347391404735753e-07
8,8,loading,0.95,d74e4323f4d709dd476123bd5f7d14071ff37a3acd9f205fef1f3710d0fc03b0,3207,62.0,37.0,physical_only,-5.368919460458874e-06,2.5068938021350906e-07,-4.069258346250993e-06,4.919326826249289e-08,-1.2996611142078812e-06,2.0149611195101617e-07
8,8,loading,0.95,d74e4323f4d709dd476123bd5f7d14071ff37a3acd9f205fef1f3710d0fc03b0,3208,63.0,37.0,interior,-0.0,-0.0,-0.0,-0.0,-0.0,-0.0
8,8,loading,0.95,d74e4323f4d709dd476123bd5f7d14071ff37a3acd9f205fef1f3710d0fc03b0,3209,64.0,37.0,interior,-0.0,-0.0,-0.0,-0.0,-0.0,-0.0
8,8,loading,0.95,d74e4323f4d709dd476123bd5f7d14071ff37a3acd9f205fef1f3710d0fc03b0,3210,65.0,37.0,interior,-0.0,-0.0,-0.0,-0.0,-0.0,-0.0
8,8,loading,0.95,d74e4323f4d709dd476123bd5f7d14071ff37a3acd9f205fef1f3710d0fc03b0,3211,66.0,37.0,interior,-0.0,-0.0,-0.0,-0.0,-0.0,-0.0
8,8,loading,0.95,d74e4323f4d709dd476123bd5f7d14071ff37a3acd9f205fef1f3710d0fc03b0,3212,67.0,37.0,interior,-0.0,-0.0,-0.0,-0.0,-0.0,-0.0
8,8,loading,0.95,d74e4323f4d709dd476123bd5f7d14071ff37a3acd9f205fef1f3710d0fc03b0,3213,68.0,37.0,interior,-0.0,-0.0,-0.0,-0.0,-0.0,-0.0
8,8,loading,0.95,d74e4323f4d709dd476123bd5f7d14071ff37a3acd9f205fef1f3710d0fc03b0,3214,69.0,37.0,interior,-0.0,-0.0,-0.0,-0.0,-0.0,-0.0
8,8,loading,0.95,d74e4323f4d709dd476123bd5f7d14071ff37a3acd9f205fef1f3710d0fc03b0,3215,70.0,37.0,interior,-0.0,-0.0,-0.0,-0.0,-0.0,-0.0
8,8,loading,0.95,d74e4323f4d709dd476123bd5f7d14071ff37a3acd9f205fef1f3710d0fc03b0,3216,71.0,37.0,interior,-0.0,-0.0,-0.0,-0.0,-0.0,-0.0
8,8,loading,0.95,d74e4323f4d709dd476123bd5f7d14071ff37a3acd9f205fef1f3710d0fc03b0,3217,72.0,37.0,interior,-0.0,-0.0,-0.0,-0.0,-0.0,-0.0
8,8,loading,0.95,d74e4323f4d709dd476123bd5f7d14071ff37a3acd9f205fef1f3710d0fc03b0,3218,73.0,37.0,interior,-0.0,-0.0,-0.0,-0.0,-0.0,-0.0
8,8,loading,0.95,d74e4323f4d709dd476123bd5f7d14071ff37a3acd9f205fef1f3710d0fc03b0,3219,74.0,37.0,interior,-0.0,-0.0,-0.0,-0.0,-0.0,-0.0
8,8,loading,0.95,d74e4323f4d709dd476123bd5f7d14071ff37a3acd9f205fef1f3710d0fc03b0,3220,75.0,37.0,interior,-0.0,-0.0,-0.0,-0.0,-0.0,-0.0
8,8,loading,0.95,d74e4323f4d709dd476123bd5f7d14071ff37a3acd9f205fef1f3710d0fc03b0,3221,76.0,37.0,interior,-0.0,-0.0,-0.0,-0.0,-0.0,-0.0
8,8,loading,0.95,d74e4323f4d709dd476123bd5f7d14071ff37a3acd9f205fef1f3710d0fc03b0,3222,77.0,37.0,interior,-0.0,-0.0,-0.0,-0.0,-0.0,-0.0
8,8,loading,0.95,d74e4323f4d709dd476123bd5f7d14071ff37a3acd9f205fef1f3710d0fc03b0,3223,78.0,37.0,interior,-0.0,-0.0,-0.0,-0.0,-0.0,-0.0
8,8,loading,0.95,d74e4323f4d709dd476123bd5f7d14071ff37a3acd9f205fef1f3710d0fc03b0,3224,79.0,37.0,interior,-0.0,-0.0,-0.0,-0.0,-0.0,-0.0
8,8,loading,0.95,d74e4323f4d709dd476123bd5f7d14071ff37a3acd9f205fef1f3710d0fc03b0,3225,80.0,37.0,physical_only,7.394184204241747e-07,-8.238570575746384e-08,5.428668643961889e-07,-6.325812560878307e-07,1.9655155602798573e-07,5.501955503303636e-07
8,8,loading,0.95,d74e4323f4d709dd476123bd5f7d14071ff37a3acd9f205fef1f3710d0fc03b0,3292,62.0,38.0,physical_only,-5.490251986537106e-06,1.9636797387421964e-07,-4.139492275066748e-06,3.430260801518896e-08,-1.3507597114703586e-06,1.620653658590308e-07
8,8,loading,0.95,d74e4323f4d709dd476123bd5f7d14071ff37a3acd9f205fef1f3710d0fc03b0,3293,63.0,38.0,interior,-0.0,-0.0,-0.0,-0.0,-0.0,-0.0
8,8,loading,0.95,d74e4323f4d709dd476123bd5f7d14071ff37a3acd9f205fef1f3710d0fc03b0,3294,64.0,38.0,interior,-0.0,-0.0,-0.0,-0.0,-0.0,-0.0
8,8,loading,0.95,d74e4323f4d709dd476123bd5f7d14071ff37a3acd9f205fef1f3710d0fc03b0,3295,65.0,38.0,interior,-0.0,-0.0,-0.0,-0.0,-0.0,-0.0
8,8,loading,0.95,d74e4323f4d709dd476123bd5f7d14071ff37a3acd9f205fef1f3710d0fc03b0,3296,66.0,38.0,interior,-0.0,-0.0,-0.0,-0.0,-0.0,-0.0
8,8,loading,0.95,d74e4323f4d709dd476123bd5f7d14071ff37a3acd9f205fef1f3710d0fc03b0,3297,67.0,38.0,interior,-0.0,-0.0,-0.0,-0.0,-0.0,-0.0
8,8,loading,0.95,d74e4323f4d709dd476123bd5f7d14071ff37a3acd9f205fef1f3710d0fc03b0,3298,68.0,38.0,interior,-0.0,-0.0,-0.0,-0.0,-0.0,-0.0
8,8,loading,0.95,d74e4323f4d709dd476123bd5f7d14071ff37a3acd9f205fef1f3710d0fc03b0,3299,69.0,38.0,interior,-0.0,-0.0,-0.0,-0.0,-0.0,-0.0
8,8,loading,0.95,d74e4323f4d709dd476123bd5f7d14071ff37a3acd9f205fef1f3710d0fc03b0,3300,70.0,38.0,interior,-0.0,-0.0,-0.0,-0.0,-0.0,-0.0
8,8,loading,0.95,d74e4323f4d709dd476123bd5f7d14071ff37a3acd9f205fef1f3710d0fc03b0,3301,71.0,38.0,interior,-0.0,-0.0,-0.0,-0.0,-0.0,-0.0
8,8,loading,0.95,d74e4323f4d709dd476123bd5f7d14071ff37a3acd9f205fef1f3710d0fc03b0,3302,72.0,38.0,interior,-0.0,-0.0,-0.0,-0.0,-0.0,-0.0
8,8,loading,0.95,d74e4323f4d709dd476123bd5f7d14071ff37a3acd9f205fef1f3710d0fc03b0,3303,73.0,38.0,interior,-0.0,-0.0,-0.0,-0.0,-0.0,-0.0
8,8,loading,0.95,d74e4323f4d709dd476123bd5f7d14071ff37a3acd9f205fef1f3710d0fc03b0,3304,74.0,38.0,interior,-0.0,-0.0,-0.0,-0.0,-0.0,-0.0
8,8,loading,0.95,d74e4323f4d709dd476123bd5f7d14071ff37a3acd9f205fef1f3710d0fc03b0,3305,75.0,38.0,interior,-0.0,-0.0,-0.0,-0.0,-0.0,-0.0
8,8,loading,0.95,d74e4323f4d709dd476123bd5f7d14071ff37a3acd9f205fef1f3710d0fc03b0,3306,76.0,38.0,interior,-0.0,-0.0,-0.0,-0.0,-0.0,-0.0
8,8,loading,0.95,d74e4323f4d709dd476123bd5f7d14071ff37a3acd9f205fef1f3710d0fc03b0,3307,77.0,38.0,interior,-0.0,-0.0,-0.0,-0.0,-0.0,-0.0
8,8,loading,0.95,d74e4323f4d709dd476123bd5f7d14071ff37a3acd9f205fef1f3710d0fc03b0,3308,78.0,38.0,interior,-0.0,-0.0,-0.0,-0.0,-0.0,-0.0
8,8,loading,0.95,d74e4323f4d709dd476123bd5f7d14071ff37a3acd9f205fef1f3710d0fc03b0,3309,79.0,38.0,interior,-0.0,-0.0,-0.0,-0.0,-0.0,-0.0
8,8,loading,0.95,d74e4323f4d709dd476123bd5f7d14071ff37a3acd9f205fef1f3710d0fc03b0,3310,80.0,38.0,physical_only,7.337131639466845e-07,-5.432132367958132e-08,5.466023616429876e-07,-4.2068776382778193e-07,1.8711080230369692e-07,3.6636644014820686e-07
8,8,loading,0.95,d74e4323f4d709dd476123bd5f7d14071ff37a3acd9f205fef1f3710d0fc03b0,3377,62.0,39.0,physical_only,-5.563470107691703e-06,1.0413470154111088e-07,-4.182347045324339e-06,1.7643510259530807e-08,-1.3811230623673641e-06,8.649119128158018e-08
8,8,loading,0.95,d74e4323f4d709dd476123bd5f7d14071ff37a3acd9f205fef1f3710d0fc03b0,3378,63.0,39.0,interior,-0.0,-0.0,-0.0,-0.0,-0.0,-0.0
8,8,loading,0.95,d74e4323f4d709dd476123bd5f7d14071ff37a3acd9f205fef1f3710d0fc03b0,3379,64.0,39.0,interior,-0.0,-0.0,-0.0,-0.0,-0.0,-0.0
8,8,loading,0.95,d74e4323f4d709dd476123bd5f7d14071ff37a3acd9f205fef1f3710d0fc03b0,3380,65.0,39.0,interior,-0.0,-0.0,-0.0,-0.0,-0.0,-0.0
8,8,loading,0.95,d74e4323f4d709dd476123bd5f7d14071ff37a3acd9f205fef1f3710d0fc03b0,3381,66.0,39.0,interior,-0.0,-0.0,-0.0,-0.0,-0.0,-0.0
8,8,loading,0.95,d74e4323f4d709dd476123bd5f7d14071ff37a3acd9f205fef1f3710d0fc03b0,3382,67.0,39.0,interior,-0.0,-0.0,-0.0,-0.0,-0.0,-0.0
8,8,loading,0.95,d74e4323f4d709dd476123bd5f7d14071ff37a3acd9f205fef1f3710d0fc03b0,3383,68.0,39.0,interior,-0.0,-0.0,-0.0,-0.0,-0.0,-0.0
8,8,loading,0.95,d74e4323f4d709dd476123bd5f7d14071ff37a3acd9f205fef1f3710d0fc03b0,3384,69.0,39.0,interior,-0.0,-0.0,-0.0,-0.0,-0.0,-0.0
8,8,loading,0.95,d74e4323f4d709dd476123bd5f7d14071ff37a3acd9f205fef1f3710d0fc03b0,3385,70.0,39.0,interior,-0.0,-0.0,-0.0,-0.0,-0.0,-0.0
8,8,loading,0.95,d74e4323f4d709dd476123bd5f7d14071ff37a3acd9f205fef1f3710d0fc03b0,3386,71.0,39.0,interior,-0.0,-0.0,-0.0,-0.0,-0.0,-0.0
8,8,loading,0.95,d74e4323f4d709dd476123bd5f7d14071ff37a3acd9f205fef1f3710d0fc03b0,3387,72.0,39.0,interior,-0.0,-0.0,-0.0,-0.0,-0.0,-0.0
8,8,loading,0.95,d74e4323f4d709dd476123bd5f7d14071ff37a3acd9f205fef1f3710d0fc03b0,3388,73.0,39.0,interior,-0.0,-0.0,-0.0,-0.0,-0.0,-0.0
8,8,loading,0.95,d74e4323f4d709dd476123bd5f7d14071ff37a3acd9f205fef1f3710d0fc03b0,3389,74.0,39.0,interior,-0.0,-0.0,-0.0,-0.0,-0.0,-0.0
8,8,loading,0.95,d74e4323f4d709dd476123bd5f7d14071ff37a3acd9f205fef1f3710d0fc03b0,3390,75.0,39.0,interior,-0.0,-0.0,-0.0,-0.0,-0.0,-0.0
8,8,loading,0.95,d74e4323f4d709dd476123bd5f7d14071ff37a3acd9f205fef1f3710d0fc03b0,3391,76.0,39.0,interior,-0.0,-0.0,-0.0,-0.0,-0.0,-0.0
8,8,loading,0.95,d74e4323f4d709dd476123bd5f7d14071ff37a3acd9f205fef1f3710d0fc03b0,3392,77.0,39.0,interior,-0.0,-0.0,-0.0,-0.0,-0.0,-0.0
8,8,loading,0.95,d74e4323f4d709dd476123bd5f7d14071ff37a3acd9f205fef1f3710d0fc03b0,3393,78.0,39.0,interior,-0.0,-0.0,-0.0,-0.0,-0.0,-0.0
8,8,loading,0.95,d74e4323f4d709dd476123bd5f7d14071ff37a3acd9f205fef1f3710d0fc03b0,3394,79.0,39.0,interior,-0.0,-0.0,-0.0,-0.0,-0.0,-0.0
8,8,loading,0.95,d74e4323f4d709dd476123bd5f7d14071ff37a3acd9f205fef1f3710d0fc03b0,3395,80.0,39.0,physical_only,7.302849902278791e-07,-2.6983637791758706e-08,5.487988974913464e-07,-2.100335401259502e-07,1.814860927365326e-07,1.8304990233419235e-07
8,8,loading,0.95,d74e4323f4d709dd476123bd5f7d14071ff37a3acd9f205fef1f3710d0fc03b0,3462,62.0,40.0,physical_and_cut,-2.793524107453993e-06,-1.8615950617736224e-06,-2.0983785168103557e-06,-9.55235653203815e-07,-6.951455906436372e-07,-9.063594085698074e-07
8,8,loading,0.95,d74e4323f4d709dd476123bd5f7d14071ff37a3acd9f205fef1f3710d0fc03b0,3463,63.0,40.0,cut_only,-0.0,-0.0,-0.0,-0.0,-0.0,-0.0
8,8,loading,0.95,d74e4323f4d709dd476123bd5f7d14071ff37a3acd9f205fef1f3710d0fc03b0,3464,64.0,40.0,cut_only,-0.0,-0.0,-0.0,-0.0,-0.0,-0.0
8,8,loading,0.95,d74e4323f4d709dd476123bd5f7d14071ff37a3acd9f205fef1f3710d0fc03b0,3465,65.0,40.0,cut_only,-0.0,-0.0,-0.0,-0.0,-0.0,-0.0
8,8,loading,0.95,d74e4323f4d709dd476123bd5f7d14071ff37a3acd9f205fef1f3710d0fc03b0,3466,66.0,40.0,cut_only,-0.0,-0.0,-0.0,-0.0,-0.0,-0.0
8,8,loading,0.95,d74e4323f4d709dd476123bd5f7d14071ff37a3acd9f205fef1f3710d0fc03b0,3467,67.0,40.0,cut_only,-0.0,-0.0,-0.0,-0.0,-0.0,-0.0
8,8,loading,0.95,d74e4323f4d709dd476123bd5f7d14071ff37a3acd9f205fef1f3710d0fc03b0,3468,68.0,40.0,cut_only,-0.0,-0.0,-0.0,-0.0,-0.0,-0.0
8,8,loading,0.95,d74e4323f4d709dd476123bd5f7d14071ff37a3acd9f205fef1f3710d0fc03b0,3469,69.0,40.0,cut_only,-0.0,-0.0,-0.0,-0.0,-0.0,-0.0
8,8,loading,0.95,d74e4323f4d709dd476123bd5f7d14071ff37a3acd9f205fef1f3710d0fc03b0,3470,70.0,40.0,cut_only,-0.0,-0.0,-0.0,-0.0,-0.0,-0.0
8,8,loading,0.95,d74e4323f4d709dd476123bd5f7d14071ff37a3acd9f205fef1f3710d0fc03b0,3471,71.0,40.0,cut_only,-0.0,-0.0,-0.0,-0.0,-0.0,-0.0
8,8,loading,0.95,d74e4323f4d709dd476123bd5f7d14071ff37a3acd9f205fef1f3710d0fc03b0,3472,72.0,40.0,cut_only,-0.0,-0.0,-0.0,-0.0,-0.0,-0.0
8,8,loading,0.95,d74e4323f4d709dd476123bd5f7d14071ff37a3acd9f205fef1f3710d0fc03b0,3473,73.0,40.0,cut_only,-0.0,-0.0,-0.0,-0.0,-0.0,-0.0
8,8,loading,0.95,d74e4323f4d709dd476123bd5f7d14071ff37a3acd9f205fef1f3710d0fc03b0,3474,74.0,40.0,cut_only,-0.0,-0.0,-0.0,-0.0,-0.0,-0.0
8,8,loading,0.95,d74e4323f4d709dd476123bd5f7d14071ff37a3acd9f205fef1f3710d0fc03b0,3475,75.0,40.0,cut_only,-0.0,-0.0,-0.0,-0.0,-0.0,-0.0
8,8,loading,0.95,d74e4323f4d709dd476123bd5f7d14071ff37a3acd9f205fef1f3710d0fc03b0,3476,76.0,40.0,cut_only,-0.0,-0.0,-0.0,-0.0,-0.0,-0.0
8,8,loading,0.95,d74e4323f4d709dd476123bd5f7d14071ff37a3acd9f205fef1f3710d0fc03b0,3477,77.0,40.0,cut_only,-0.0,-0.0,-0.0,-0.0,-0.0,-0.0
8,8,loading,0.95,d74e4323f4d709dd476123bd5f7d14071ff37a3acd9f205fef1f3710d0fc03b0,3478,78.0,40.0,cut_only,-0.0,-0.0,-0.0,-0.0,-0.0,-0.0
8,8,loading,0.95,d74e4323f4d709dd476123bd5f7d14071ff37a3acd9f205fef1f3710d0fc03b0,3479,79.0,40.0,cut_only,-0.0,-0.0,-0.0,-0.0,-0.0,-0.0
8,8,loading,0.95,d74e4323f4d709dd476123bd5f7d14071ff37a3acd9f205fef1f3710d0fc03b0,3480,80.0,40.0,physical_and_cut,3.6457075663157157e-07,5.589610411069227e-05,2.747618200254272e-07,-2.190589000071927e-07,8.980893660614437e-08,5.611516301069946e-05
9,9,loading,1.0,bde79dd101b960705cd7fb9ae7dea6ee7586f94e4623fed76b4256301f76d011,2697,62.0,31.0,physical_only,-0.0004370263576144034,-7.533809548447054e-05,-5.618958718733773e-06,6.355191530800489e-06,-0.0004314073988956696,-8.169328701527107e-05
9,9,loading,1.0,bde79dd101b960705cd7fb9ae7dea6ee7586f94e4623fed76b4256301f76d011,2698,63.0,31.0,physical_only,-1.894971159579322e-06,-6.200896860885735e-05,-3.12182342218269e-06,7.384393704397953e-06,1.2268522626033686e-06,-6.939336231325536e-05
9,9,loading,1.0,bde79dd101b960705cd7fb9ae7dea6ee7586f94e4623fed76b4256301f76d011,2699,64.0,31.0,physical_only,3.525834930238346e-07,-8.201879234799055e-05,-3.1937822898677775e-06,9.541393443841442e-06,3.546365782891611e-06,-9.156018579183198e-05
9,9,loading,1.0,bde79dd101b960705cd7fb9ae7dea6ee7586f94e4623fed76b4256301f76d011,2700,65.0,31.0,physical_only,1.0508740968785185e-06,-0.00011100508524033444,-3.2840379289172043e-06,1.2027845311694755e-05,4.334912025795724e-06,-0.00012303293055202928
9,9,loading,1.0,bde79dd101b960705cd7fb9ae7dea6ee7586f94e4623fed76b4256301f76d011,2701,66.0,31.0,physical_only,-8.521577673018824e-08,-0.00014698167664824234,-3.3948763469687845e-06,1.4951020132807337e-05,3.3096605702385996e-06,-0.0001619326967810498
9,9,loading,1.0,bde79dd101b960705cd7fb9ae7dea6ee7586f94e4623fed76b4256301f76d011,2702,67.0,31.0,physical_only,-2.6805853593675362e-06,-0.00018888247125397055,-3.5248350656367525e-06,1.8442180810346374e-05,8.442497062692159e-07,-0.00020732465206431676
9,9,loading,1.0,bde79dd101b960705cd7fb9ae7dea6ee7586f94e4623fed76b4256301f76d011,2703,68.0,31.0,physical_only,-3.407699491504649e-06,-0.0002396524481114216,-3.675416810568842e-06,2.266908791741958e-05,2.6771731906419645e-07,-0.00026232153602884114
9,9,loading,1.0,bde79dd101b960705cd7fb9ae7dea6ee7586f94e4623fed76b4256301f76d011,2704,69.0,31.0,physical_only,-4.64853714582766e-06,-0.0003032416124953345,-3.851903560601826e-06,2.7863712596651467e-05,-7.966335852258328e-07,-0.00033110532509198604
9,9,loading,1.0,bde79dd101b960705cd7fb9ae7dea6ee7586f94e4623fed76b4256301f76d011,2705,70.0,31.0,physical_only,-6.315922512681564e-06,-0.0003806296374464083,-4.064062297979227e-06,3.4364545210521016e-05,-2.2518602147023355e-06,-0.0004149941826569294
9,9,loading,1.0,bde79dd101b960705cd7fb9ae7dea6ee7586f94e4623fed76b4256301f76d011,2706,71.0,31.0,physical_only,-8.367496696375312e-06,-0.00047395761963516165,-4.325855686438455e-06,4.268153918120521e-05,-4.041641009936858e-06,-0.0005166391588163665
9,9,loading,1.0,bde79dd101b960705cd7fb9ae7dea6ee7586f94e4623fed76b4256301f76d011,2707,72.0,31.0,physical_only,-1.0547217219914859e-05,-0.000585446781070754,-4.659249923239326e-06,5.3616510501900975e-05,-5.887967296675533e-06,-0.000639063291572655
9,9,loading,1.0,bde79dd101b960705cd7fb9ae7dea6ee7586f94e4623fed76b4256301f76d011,2708,73.0,31.0,physical_only,-1.2300786602260916e-05,-0.0007174563481550703,-5.100521294474506e-06,6.84999807613459e-05,-7.200265307786409e-06,-0.0007859563289164167
9,9,loading,1.0,bde79dd101b960705cd7fb9ae7dea6ee7586f94e4623fed76b4256301f76d011,2709,74.0,31.0,physical_only,-1.1471515317513883e-05,-0.0008750357432807036,-5.714960906954607e-06,8.970379347147742e-05,-5.7565544105592786e-06,-0.0009647395367521814
9,9,loading,1.0,bde79dd101b960705cd7fb9ae7dea6ee7586f94e4623fed76b4256301f76d011,2710,75.0,31.0,physical_only,-1.0886302445203348e-05,-0.0010679681493447639,-6.6322032393438405e-06,0.000121893791414708,-4.254099205859507e-06,-0.0011898619407594725
9,9,loading,1.0,bde79dd101b960705cd7fb9ae7dea6ee7586f94e4623fed76b4256301f76d011,2711,76.0,31.0,physical_only,-2.5770293249683992e-05,-0.001299669670419364,-8.141058503415805e-06,0.00017560137544025205,-1.762923474626819e-05,-0.0014752710458596158
9,9,loading,1.0,bde79dd101b960705cd7fb9ae7dea6ee7586f94e4623fed76b4256301f76d011,2712,77.0,31.0,physical_only,-9.819513602609688e-05,-0.0014690846416555619,-1.0969712511308834e-05,0.0002796539779528714,-8.722542351478804e-05,-0.0017487386196084328
9,9,loading,1.0,bde79dd101b960705cd7fb9ae7dea6ee7586f94e4623fed76b4256301f76d011,2713,78.0,31.0,physical_only,-0.00021255931793713695,-0.0015365118960406071,-1.8060457800304162e-05,0.000550093225728628,-0.00019449886013683278,-0.0020866051217692354
9,9,loading,1.0,bde79dd101b960705cd7fb9ae7dea6ee7586f94e4623fed76b4256301f76d011,2714,79.0,31.0,physical_only,-0.0004409578568508053,0.002894745478268977,-4.2102113088833434e-05,0.0018549499682241472,-0.0003988557437619718,0.001039795510044829
9,9,loading,1.0,bde79dd101b960705cd7fb9ae7dea6ee7586f94e4623fed76b4256301f76d011,2715,80.0,31.0,physical_only,-0.000383773090257331,0.05557803690114453,-0.0013687359665109367,0.044217438120136635,0.0009849628762536055,0.0113605987810079
9,9,loading,1.0,bde79dd101b960705cd7fb9ae7dea6ee7586f94e4623fed76b4256301f76d011,2782,62.0,32.0,physical_only,-7.366422692567495e-06,-1.1039874115019014e-06,-3.287170169995612e-06,1.3461591116447618e-07,-4.079252522571885e-06,-1.238603322666378e-06
9,9,loading,1.0,bde79dd101b960705cd7fb9ae7dea6ee7586f94e4623fed76b4256301f76d011,2783,63.0,32.0,interior,-0.0,-0.0,-0.0,-0.0,-0.0,-0.0
9,9,loading,1.0,bde79dd101b960705cd7fb9ae7dea6ee7586f94e4623fed76b4256301f76d011,2784,64.0,32.0,interior,-0.0,-0.0,-0.0,-0.0,-0.0,-0.0
9,9,loading,1.0,bde79dd101b960705cd7fb9ae7dea6ee7586f94e4623fed76b4256301f76d011,2785,65.0,32.0,interior,-0.0,-0.0,-0.0,-0.0,-0.0,-0.0
9,9,loading,1.0,bde79dd101b960705cd7fb9ae7dea6ee7586f94e4623fed76b4256301f76d011,2786,66.0,32.0,interior,-0.0,-0.0,-0.0,-0.0,-0.0,-0.0
9,9,loading,1.0,bde79dd101b960705cd7fb9ae7dea6ee7586f94e4623fed76b4256301f76d011,2787,67.0,32.0,interior,-0.0,-0.0,-0.0,-0.0,-0.0,-0.0
9,9,loading,1.0,bde79dd101b960705cd7fb9ae7dea6ee7586f94e4623fed76b4256301f76d011,2788,68.0,32.0,interior,-0.0,-0.0,-0.0,-0.0,-0.0,-0.0
9,9,loading,1.0,bde79dd101b960705cd7fb9ae7dea6ee7586f94e4623fed76b4256301f76d011,2789,69.0,32.0,interior,-0.0,-0.0,-0.0,-0.0,-0.0,-0.0
9,9,loading,1.0,bde79dd101b960705cd7fb9ae7dea6ee7586f94e4623fed76b4256301f76d011,2790,70.0,32.0,interior,-0.0,-0.0,-0.0,-0.0,-0.0,-0.0
9,9,loading,1.0,bde79dd101b960705cd7fb9ae7dea6ee7586f94e4623fed76b4256301f76d011,2791,71.0,32.0,interior,-0.0,-0.0,-0.0,-0.0,-0.0,-0.0
9,9,loading,1.0,bde79dd101b960705cd7fb9ae7dea6ee7586f94e4623fed76b4256301f76d011,2792,72.0,32.0,interior,-0.0,-0.0,-0.0,-0.0,-0.0,-0.0
9,9,loading,1.0,bde79dd101b960705cd7fb9ae7dea6ee7586f94e4623fed76b4256301f76d011,2793,73.0,32.0,interior,-0.0,-0.0,-0.0,-0.0,-0.0,-0.0
9,9,loading,1.0,bde79dd101b960705cd7fb9ae7dea6ee7586f94e4623fed76b4256301f76d011,2794,74.0,32.0,interior,-0.0,-0.0,-0.0,-0.0,-0.0,-0.0
9,9,loading,1.0,bde79dd101b960705cd7fb9ae7dea6ee7586f94e4623fed76b4256301f76d011,2795,75.0,32.0,interior,-0.0,-0.0,-0.0,-0.0,-0.0,-0.0
9,9,loading,1.0,bde79dd101b960705cd7fb9ae7dea6ee7586f94e4623fed76b4256301f76d011,2796,76.0,32.0,interior,-0.0,-0.0,-0.0,-0.0,-0.0,-0.0
9,9,loading,1.0,bde79dd101b960705cd7fb9ae7dea6ee7586f94e4623fed76b4256301f76d011,2797,77.0,32.0,interior,-0.0,-0.0,-0.0,-0.0,-0.0,-0.0
9,9,loading,1.0,bde79dd101b960705cd7fb9ae7dea6ee7586f94e4623fed76b4256301f76d011,2798,78.0,32.0,interior,-0.0,-0.0,-0.0,-0.0,-0.0,-0.0
9,9,loading,1.0,bde79dd101b960705cd7fb9ae7dea6ee7586f94e4623fed76b4256301f76d011,2799,79.0,32.0,interior,-0.0,-0.0,-0.0,-0.0,-0.0,-0.0
9,9,loading,1.0,bde79dd101b960705cd7fb9ae7dea6ee7586f94e4623fed76b4256301f76d011,2800,80.0,32.0,physical_only,8.078752045111083e-07,-2.5344303462625044e-07,4.902333917744445e-07,-1.7511726386180693e-06,3.176418127366639e-07,1.4977296039918358e-06
9,9,loading,1.0,bde79dd101b960705cd7fb9ae7dea6ee7586f94e4623fed76b4256301f76d011,2867,62.0,33.0,physical_only,-5.966850634901929e-06,-7.298694080447246e-07,-3.514352233359323e-06,1.0464550303003295e-07,-2.452498401542606e-06,-8.345149110747573e-07
9,9,loading,1.0,bde79dd101b960705cd7fb9ae7dea6ee7586f94e4623fed76b4256301f76d011,2868,63.0,33.0,interior,-0.0,-0.0,-0.0,-0.0,-0.0,-0.0
9,9,loading,1.0,bde79dd101b960705cd7fb9ae7dea6ee7586f94e4623fed76b4256301f76d011,2869,64.0,33.0,interior,-0.0,-0.0,-0.0,-0.0,-0.0,-0.0
9,9,loading,1.0,bde79dd101b960705cd7fb9ae7dea6ee7586f94e4623fed76b4256301f76d011,2870,65.0,33.0,interior,-0.0,-0.0,-0.0,-0.0,-0.0,-0.0
9,9,loading,1.0,bde79dd101b960705cd7fb9ae7dea6ee7586f94e4623fed76b4256301f76d011,2871,66.0,33.0,interior,-0.0,-0.0,-0.0,-0.0,-0.0,-0.0
9,9,loading,1.0,bde79dd101b960705cd7fb9ae7dea6ee7586f94e4623fed76b4256301f76d011,2872,67.0,33.0,interior,-0.0,-0.0,-0.0,-0.0,-0.0,-0.0
9,9,loading,1.0,bde79dd101b960705cd7fb9ae7dea6ee7586f94e4623fed76b4256301f76d011,2873,68.0,33.0,interior,-0.0,-0.0,-0.0,-0.0,-0.0,-0.0
9,9,loading,1.0,bde79dd101b960705cd7fb9ae7dea6ee7586f94e4623fed76b4256301f76d011,2874,69.0,33.0,interior,-0.0,-0.0,-0.0,-0.0,-0.0,-0.0
9,9,loading,1.0,bde79dd101b960705cd7fb9ae7dea6ee7586f94e4623fed76b4256301f76d011,2875,70.0,33.0,interior,-0.0,-0.0,-0.0,-0.0,-0.0,-0.0
9,9,loading,1.0,bde79dd101b960705cd7fb9ae7dea6ee7586f94e4623fed76b4256301f76d011,2876,71.0,33.0,interior,-0.0,-0.0,-0.0,-0.0,-0.0,-0.0
9,9,loading,1.0,bde79dd101b960705cd7fb9ae7dea6ee7586f94e4623fed76b4256301f76d011,2877,72.0,33.0,interior,-0.0,-0.0,-0.0,-0.0,-0.0,-0.0
9,9,loading,1.0,bde79dd101b960705cd7fb9ae7dea6ee7586f94e4623fed76b4256301f76d011,2878,73.0,33.0,interior,-0.0,-0.0,-0.0,-0.0,-0.0,-0.0
9,9,loading,1.0,bde79dd101b960705cd7fb9ae7dea6ee7586f94e4623fed76b4256301f76d011,2879,74.0,33.0,interior,-0.0,-0.0,-0.0,-0.0,-0.0,-0.0
9,9,loading,1.0,bde79dd101b960705cd7fb9ae7dea6ee7586f94e4623fed76b4256301f76d011,2880,75.0,33.0,interior,-0.0,-0.0,-0.0,-0.0,-0.0,-0.0
9,9,loading,1.0,bde79dd101b960705cd7fb9ae7dea6ee7586f94e4623fed76b4256301f76d011,2881,76.0,33.0,interior,-0.0,-0.0,-0.0,-0.0,-0.0,-0.0
9,9,loading,1.0,bde79dd101b960705cd7fb9ae7dea6ee7586f94e4623fed76b4256301f76d011,2882,77.0,33.0,interior,-0.0,-0.0,-0.0,-0.0,-0.0,-0.0
9,9,loading,1.0,bde79dd101b960705cd7fb9ae7dea6ee7586f94e4623fed76b4256301f76d011,2883,78.0,33.0,interior,-0.0,-0.0,-0.0,-0.0,-0.0,-0.0
9,9,loading,1.0,bde79dd101b960705cd7fb9ae7dea6ee7586f94e4623fed76b4256301f76d011,2884,79.0,33.0,interior,-0.0,-0.0,-0.0,-0.0,-0.0,-0.0
9,9,loading,1.0,bde79dd101b960705cd7fb9ae7dea6ee7586f94e4623fed76b4256301f76d011,2885,80.0,33.0,physical_only,7.913208639644573e-07,-2.1316600939718028e-07,5.051384387015302e-07,-1.5216122117204878e-06,2.8618242526292686e-07,1.308446202323308e-06
9,9,loading,1.0,bde79dd101b960705cd7fb9ae7dea6ee7586f94e4623fed76b4256301f76d011,2952,62.0,34.0,physical_only,-5.325866129608009e-06,-2.713068660215038e-07,-3.6964948849828197e-06,8.602785080838169e-08,-1.6293712446251886e-06,-3.5733471682988545e-07
9,9,loading,1.0,bde79dd101b960705cd7fb9ae7dea6ee7586f94e4623fed76b4256301f76d011,2953,63.0,34.0,interior,-0.0,-0.0,-0.0,-0.0,-0.0,-0.0
9,9,loading,1.0,bde79dd101b960705cd7fb9ae7dea6ee7586f94e4623fed76b4256301f76d011,2954,64.0,34.0,interior,-0.0,-0.0,-0.0,-0.0,-0.0,-0.0
9,9,loading,1.0,bde79dd101b960705cd7fb9ae7dea6ee7586f94e4623fed76b4256301f76d011,2955,65.0,34.0,interior,-0.0,-0.0,-0.0,-0.0,-0.0,-0.0
9,9,loading,1.0,bde79dd101b960705cd7fb9ae7dea6ee7586f94e4623fed76b4256301f76d011,2956,66.0,34.0,interior,-0.0,-0.0,-0.0,-0.0,-0.0,-0.0
9,9,loading,1.0,bde79dd101b960705cd7fb9ae7dea6ee7586f94e4623fed76b4256301f76d011,2957,67.0,34.0,interior,-0.0,-0.0,-0.0,-0.0,-0.0,-0.0
9,9,loading,1.0,bde79dd101b960705cd7fb9ae7dea6ee7586f94e4623fed76b4256301f76d011,2958,68.0,34.0,interior,-0.0,-0.0,-0.0,-0.0,-0.0,-0.0
9,9,loading,1.0,bde79dd101b960705cd7fb9ae7dea6ee7586f94e4623fed76b4256301f76d011,2959,69.0,34.0,interior,-0.0,-0.0,-0.0,-0.0,-0.0,-0.0
9,9,loading,1.0,bde79dd101b960705cd7fb9ae7dea6ee7586f94e4623fed76b4256301f76d011,2960,70.0,34.0,interior,-0.0,-0.0,-0.0,-0.0,-0.0,-0.0
9,9,loading,1.0,bde79dd101b960705cd7fb9ae7dea6ee7586f94e4623fed76b4256301f76d011,2961,71.0,34.0,interior,-0.0,-0.0,-0.0,-0.0,-0.0,-0.0
9,9,loading,1.0,bde79dd101b960705cd7fb9ae7dea6ee7586f94e4623fed76b4256301f76d011,2962,72.0,34.0,interior,-0.0,-0.0,-0.0,-0.0,-0.0,-0.0
9,9,loading,1.0,bde79dd101b960705cd7fb9ae7dea6ee7586f94e4623fed76b4256301f76d011,2963,73.0,34.0,interior,-0.0,-0.0,-0.0,-0.0,-0.0,-0.0
9,9,loading,1.0,bde79dd101b960705cd7fb9ae7dea6ee7586f94e4623fed76b4256301f76d011,2964,74.0,34.0,interior,-0.0,-0.0,-0.0,-0.0,-0.0,-0.0
9,9,loading,1.0,bde79dd101b960705cd7fb9ae7dea6ee7586f94e4623fed76b4256301f76d011,2965,75.0,34.0,interior,-0.0,-0.0,-0.0,-0.0,-0.0,-0.0
9,9,loading,1.0,bde79dd101b960705cd7fb9ae7dea6ee7586f94e4623fed76b4256301f76d011,2966,76.0,34.0,interior,-0.0,-0.0,-0.0,-0.0,-0.0,-0.0
9,9,loading,1.0,bde79dd101b960705cd7fb9ae7dea6ee7586f94e4623fed76b4256301f76d011,2967,77.0,34.0,interior,-0.0,-0.0,-0.0,-0.0,-0.0,-0.0
9,9,loading,1.0,bde79dd101b960705cd7fb9ae7dea6ee7586f94e4623fed76b4256301f76d011,2968,78.0,34.0,interior,-0.0,-0.0,-0.0,-0.0,-0.0,-0.0
9,9,loading,1.0,bde79dd101b960705cd7fb9ae7dea6ee7586f94e4623fed76b4256301f76d011,2969,79.0,34.0,interior,-0.0,-0.0,-0.0,-0.0,-0.0,-0.0
9,9,loading,1.0,bde79dd101b960705cd7fb9ae7dea6ee7586f94e4623fed76b4256301f76d011,2970,80.0,34.0,physical_only,7.767225002165571e-07,-1.7687120447307817e-07,5.173245758120247e-07,-1.2962639145648405e-06,2.5939792440453245e-07,1.1193927100917615e-06
9,9,loading,1.0,bde79dd101b960705cd7fb9ae7dea6ee7586f94e4623fed76b4256301f76d011,3037,62.0,35.0,physical_only,-5.170578187211866e-06,7.082716898005937e-08,-3.846581522492037e-06,7.323058927462449e-08,-1.323996664719829e-06,-2.4034202945652233e-09
9,9,loading,1.0,bde79dd101b960705cd7fb9ae7dea6ee7586f94e4623fed76b4256301f76d011,3038,63.0,35.0,interior,-0.0,-0.0,-0.0,-0.0,-0.0,-0.0
9,9,loading,1.0,bde79dd101b960705cd7fb9ae7dea6ee7586f94e4623fed76b4256301f76d011,3039,64.0,35.0,interior,-0.0,-0.0,-0.0,-0.0,-0.0,-0.0
9,9,loading,1.0,bde79dd101b960705cd7fb9ae7dea6ee7586f94e4623fed76b4256301f76d011,3040,65.0,35.0,interior,-0.0,-0.0,-0.0,-0.0,-0.0,-0.0
9,9,loading,1.0,bde79dd101b960705cd7fb9ae7dea6ee7586f94e4623fed76b4256301f76d011,3041,66.0,35.0,interior,-0.0,-0.0,-0.0,-0.0,-0.0,-0.0
9,9,loading,1.0,bde79dd101b960705cd7fb9ae7dea6ee7586f94e4623fed76b4256301f76d011,3042,67.0,35.0,interior,-0.0,-0.0,-0.0,-0.0,-0.0,-0.0
9,9,loading,1.0,bde79dd101b960705cd7fb9ae7dea6ee7586f94e4623fed76b4256301f76d011,3043,68.0,35.0,interior,-0.0,-0.0,-0.0,-0.0,-0.0,-0.0
9,9,loading,1.0,bde79dd101b960705cd7fb9ae7dea6ee7586f94e4623fed76b4256301f76d011,3044,69.0,35.0,interior,-0.0,-0.0,-0.0,-0.0,-0.0,-0.0
9,9,loading,1.0,bde79dd101b960705cd7fb9ae7dea6ee7586f94e4623fed76b4256301f76d011,3045,70.0,35.0,interior,-0.0,-0.0,-0.0,-0.0,-0.0,-0.0
9,9,loading,1.0,bde79dd101b960705cd7fb9ae7dea6ee7586f94e4623fed76b4256301f76d011,3046,71.0,35.0,interior,-0.0,-0.0,-0.0,-0.0,-0.0,-0.0
9,9,loading,1.0,bde79dd101b960705cd7fb9ae7dea6ee7586f94e4623fed76b4256301f76d011,3047,72.0,35.0,interior,-0.0,-0.0,-0.0,-0.0,-0.0,-0.0
9,9,loading,1.0,bde79dd101b960705cd7fb9ae7dea6ee7586f94e4623fed76b4256301f76d011,3048,73.0,35.0,interior,-0.0,-0.0,-0.0,-0.0,-0.0,-0.0
9,9,loading,1.0,bde79dd101b960705cd7fb9ae7dea6ee7586f94e4623fed76b4256301f76d011,3049,74.0,35.0,interior,-0.0,-0.0,-0.0,-0.0,-0.0,-0.0
9,9,loading,1.0,bde79dd101b960705cd7fb9ae7dea6ee7586f94e4623fed76b4256301f76d011,3050,75.0,35.0,interior,-0.0,-0.0,-0.0,-0.0,-0.0,-0.0
9,9,loading,1.0,bde79dd101b960705cd7fb9ae7dea6ee7586f94e4623fed76b4256301f76d011,3051,76.0,35.0,interior,-0.0,-0.0,-0.0,-0.0,-0.0,-0.0
9,9,loading,1.0,bde79dd101b960705cd7fb9ae7dea6ee7586f94e4623fed76b4256301f76d011,3052,77.0,35.0,interior,-0.0,-0.0,-0.0,-0.0,-0.0,-0.0
9,9,loading,1.0,bde79dd101b960705cd7fb9ae7dea6ee7586f94e4623fed76b4256301f76d011,3053,78.0,35.0,interior,-0.0,-0.0,-0.0,-0.0,-0.0,-0.0
9,9,loading,1.0,bde79dd101b960705cd7fb9ae7dea6ee7586f94e4623fed76b4256301f76d011,3054,79.0,35.0,interior,-0.0,-0.0,-0.0,-0.0,-0.0,-0.0
9,9,loading,1.0,bde79dd101b960705cd7fb9ae7dea6ee7586f94e4623fed76b4256301f76d011,3055,80.0,35.0,physical_only,7.642330452021374e-07,-1.4355930803441153e-07,5.271116905816938e-07,-1.0745663625861493e-06,2.3712135462044357e-07,9.310070545517416e-07
9,9,loading,1.0,bde79dd101b960705cd7fb9ae7dea6ee7586f94e4623fed76b4256301f76d011,3122,62.0,36.0,physical_only,-5.253120567964691e-06,2.3481019511036468e-07,-3.970284756273206e-06,6.179188540586143e-08,-1.2828358116914849e-06,1.730183097045032e-07
9,9,loading,1.0,bde79dd101b960705cd7fb9ae7dea6ee7586f94e4623fed76b4256301f76d011,3123,63.0,36.0,interior,-0.0,-0.0,-0.0,-0.0,-0.0,-0.0
9,9,loading,1.0,bde79dd101b960705cd7fb9ae7dea6ee7586f94e4623fed76b4256301f76d011,3124,64.0,36.0,interior,-0.0,-0.0,-0.0,-0.0,-0.0,-0.0
9,9,loading,1.0,bde79dd101b960705cd7fb9ae7dea6ee7586f94e4623fed76b4256301f76d011,3125,65.0,36.0,interior,-0.0,-0.0,-0.0,-0.0,-0.0,-0.0
9,9,loading,1.0,bde79dd101b960705cd7fb9ae7dea6ee7586f94e4623fed76b4256301f76d011,3126,66.0,36.0,interior,-0.0,-0.0,-0.0,-0.0,-0.0,-0.0
9,9,loading,1.0,bde79dd101b960705cd7fb9ae7dea6ee7586f94e4623fed76b4256301f76d011,3127,67.0,36.0,interior,-0.0,-0.0,-0.0,-0.0,-0.0,-0.0
9,9,loading,1.0,bde79dd101b960705cd7fb9ae7dea6ee7586f94e4623fed76b4256301f76d011,3128,68.0,36.0,interior,-0.0,-0.0,-0.0,-0.0,-0.0,-0.0
9,9,loading,1.0,bde79dd101b960705cd7fb9ae7dea6ee7586f94e4623fed76b4256301f76d011,3129,69.0,36.0,interior,-0.0,-0.0,-0.0,-0.0,-0.0,-0.0
9,9,loading,1.0,bde79dd101b960705cd7fb9ae7dea6ee7586f94e4623fed76b4256301f76d011,3130,70.0,36.0,interior,-0.0,-0.0,-0.0,-0.0,-0.0,-0.0
9,9,loading,1.0,bde79dd101b960705cd7fb9ae7dea6ee7586f94e4623fed76b4256301f76d011,3131,71.0,36.0,interior,-0.0,-0.0,-0.0,-0.0,-0.0,-0.0
9,9,loading,1.0,bde79dd101b960705cd7fb9ae7dea6ee7586f94e4623fed76b4256301f76d011,3132,72.0,36.0,interior,-0.0,-0.0,-0.0,-0.0,-0.0,-0.0
9,9,loading,1.0,bde79dd101b960705cd7fb9ae7dea6ee7586f94e4623fed76b4256301f76d011,3133,73.0,36.0,interior,-0.0,-0.0,-0.0,-0.0,-0.0,-0.0
9,9,loading,1.0,bde79dd101b960705cd7fb9ae7dea6ee7586f94e4623fed76b4256301f76d011,3134,74.0,36.0,interior,-0.0,-0.0,-0.0,-0.0,-0.0,-0.0
9,9,loading,1.0,bde79dd101b960705cd7fb9ae7dea6ee7586f94e4623fed76b4256301f76d011,3135,75.0,36.0,interior,-0.0,-0.0,-0.0,-0.0,-0.0,-0.0
9,9,loading,1.0,bde79dd101b960705cd7fb9ae7dea6ee7586f94e4623fed76b4256301f76d011,3136,76.0,36.0,interior,-0.0,-0.0,-0.0,-0.0,-0.0,-0.0
9,9,loading,1.0,bde79dd101b960705cd7fb9ae7dea6ee7586f94e4623fed76b4256301f76d011,3137,77.0,36.0,interior,-0.0,-0.0,-0.0,-0.0,-0.0,-0.0
9,9,loading,1.0,bde79dd101b960705cd7fb9ae7dea6ee7586f94e4623fed76b4256301f76d011,3138,78.0,36.0,interior,-0.0,-0.0,-0.0,-0.0,-0.0,-0.0
9,9,loading,1.0,bde79dd101b960705cd7fb9ae7dea6ee7586f94e4623fed76b4256301f76d011,3139,79.0,36.0,interior,-0.0,-0.0,-0.0,-0.0,-0.0,-0.0
9,9,loading,1.0,bde79dd101b960705cd7fb9ae7dea6ee7586f94e4623fed76b4256301f76d011,3140,80.0,36.0,physical_only,7.539426857561254e-07,-1.1247812176528487e-07,5.347657007171436e-07,-8.559371423309042e-07,2.1917698503898184e-07,7.434590205656128e-07
9,9,loading,1.0,bde79dd101b960705cd7fb9ae7dea6ee7586f94e4623fed76b4256301f76d011,3207,62.0,37.0,physical_only,-5.39849548552387e-06,2.6117266177695047e-07,-4.068627524053305e-06,4.909989642557204e-08,-1.3298679614705652e-06,2.1207276535137832e-07
9,9,loading,1.0,bde79dd101b960705cd7fb9ae7dea6ee7586f94e4623fed76b4256301f76d011,3208,63.0,37.0,interior,-0.0,-0.0,-0.0,-0.0,-0.0,-0.0
9,9,loading,1.0,bde79dd101b960705cd7fb9ae7dea6ee7586f94e4623fed76b4256301f76d011,3209,64.0,37.0,interior,-0.0,-0.0,-0.0,-0.0,-0.0,-0.0
9,9,loading,1.0,bde79dd101b960705cd7fb9ae7dea6ee7586f94e4623fed76b4256301f76d011,3210,65.0,37.0,interior,-0.0,-0.0,-0.0,-0.0,-0.0,-0.0
9,9,loading,1.0,bde79dd101b960705cd7fb9ae7dea6ee7586f94e4623fed76b4256301f76d011,3211,66.0,37.0,interior,-0.0,-0.0,-0.0,-0.0,-0.0,-0.0
9,9,loading,1.0,bde79dd101b960705cd7fb9ae7dea6ee7586f94e4623fed76b4256301f76d011,3212,67.0,37.0,interior,-0.0,-0.0,-0.0,-0.0,-0.0,-0.0
9,9,loading,1.0,bde79dd101b960705cd7fb9ae7dea6ee7586f94e4623fed76b4256301f76d011,3213,68.0,37.0,interior,-0.0,-0.0,-0.0,-0.0,-0.0,-0.0
9,9,loading,1.0,bde79dd101b960705cd7fb9ae7dea6ee7586f94e4623fed76b4256301f76d011,3214,69.0,37.0,interior,-0.0,-0.0,-0.0,-0.0,-0.0,-0.0
9,9,loading,1.0,bde79dd101b960705cd7fb9ae7dea6ee7586f94e4623fed76b4256301f76d011,3215,70.0,37.0,interior,-0.0,-0.0,-0.0,-0.0,-0.0,-0.0
9,9,loading,1.0,bde79dd101b960705cd7fb9ae7dea6ee7586f94e4623fed76b4256301f76d011,3216,71.0,37.0,interior,-0.0,-0.0,-0.0,-0.0,-0.0,-0.0
9,9,loading,1.0,bde79dd101b960705cd7fb9ae7dea6ee7586f94e4623fed76b4256301f76d011,3217,72.0,37.0,interior,-0.0,-0.0,-0.0,-0.0,-0.0,-0.0
9,9,loading,1.0,bde79dd101b960705cd7fb9ae7dea6ee7586f94e4623fed76b4256301f76d011,3218,73.0,37.0,interior,-0.0,-0.0,-0.0,-0.0,-0.0,-0.0
9,9,loading,1.0,bde79dd101b960705cd7fb9ae7dea6ee7586f94e4623fed76b4256301f76d011,3219,74.0,37.0,interior,-0.0,-0.0,-0.0,-0.0,-0.0,-0.0
9,9,loading,1.0,bde79dd101b960705cd7fb9ae7dea6ee7586f94e4623fed76b4256301f76d011,3220,75.0,37.0,interior,-0.0,-0.0,-0.0,-0.0,-0.0,-0.0
9,9,loading,1.0,bde79dd101b960705cd7fb9ae7dea6ee7586f94e4623fed76b4256301f76d011,3221,76.0,37.0,interior,-0.0,-0.0,-0.0,-0.0,-0.0,-0.0
9,9,loading,1.0,bde79dd101b960705cd7fb9ae7dea6ee7586f94e4623fed76b4256301f76d011,3222,77.0,37.0,interior,-0.0,-0.0,-0.0,-0.0,-0.0,-0.0
9,9,loading,1.0,bde79dd101b960705cd7fb9ae7dea6ee7586f94e4623fed76b4256301f76d011,3223,78.0,37.0,interior,-0.0,-0.0,-0.0,-0.0,-0.0,-0.0
9,9,loading,1.0,bde79dd101b960705cd7fb9ae7dea6ee7586f94e4623fed76b4256301f76d011,3224,79.0,37.0,interior,-0.0,-0.0,-0.0,-0.0,-0.0,-0.0
9,9,loading,1.0,bde79dd101b960705cd7fb9ae7dea6ee7586f94e4623fed76b4256301f76d011,3225,80.0,37.0,physical_only,7.459039542893589e-07,-8.303624671533147e-08,5.405007714974998e-07,-6.397783808824316e-07,2.054031827918591e-07,5.567421341671008e-07
9,9,loading,1.0,bde79dd101b960705cd7fb9ae7dea6ee7586f94e4623fed76b4256301f76d011,3292,62.0,38.0,physical_only,-5.523343517173461e-06,2.035329587500578e-07,-4.140498311447445e-06,3.430512416252232e-08,-1.3828452057260158e-06,1.6922783458753558e-07
9,9,loading,1.0,bde79dd101b960705cd7fb9ae7dea6ee7586f94e4623fed76b4256301f76d011,3293,63.0,38.0,interior,-0.0,-0.0,-0.0,-0.0,-0.0,-0.0
9,9,loading,1.0,bde79dd101b960705cd7fb9ae7dea6ee7586f94e4623fed76b4256301f76d011,3294,64.0,38.0,interior,-0.0,-0.0,-0.0,-0.0,-0.0,-0.0
9,9,loading,1.0,bde79dd101b960705cd7fb9ae7dea6ee7586f94e4623fed76b4256301f76d011,3295,65.0,38.0,interior,-0.0,-0.0,-0.0,-0.0,-0.0,-0.0
9,9,loading,1.0,bde79dd101b960705cd7fb9ae7dea6ee7586f94e4623fed76b4256301f76d011,3296,66.0,38.0,interior,-0.0,-0.0,-0.0,-0.0,-0.0,-0.0
9,9,loading,1.0,bde79dd101b960705cd7fb9ae7dea6ee7586f94e4623fed76b4256301f76d011,3297,67.0,38.0,interior,-0.0,-0.0,-0.0,-0.0,-0.0,-0.0
9,9,loading,1.0,bde79dd101b960705cd7fb9ae7dea6ee7586f94e4623fed76b4256301f76d011,3298,68.0,38.0,interior,-0.0,-0.0,-0.0,-0.0,-0.0,-0.0
9,9,loading,1.0,bde79dd101b960705cd7fb9ae7dea6ee7586f94e4623fed76b4256301f76d011,3299,69.0,38.0,interior,-0.0,-0.0,-0.0,-0.0,-0.0,-0.0
9,9,loading,1.0,bde79dd101b960705cd7fb9ae7dea6ee7586f94e4623fed76b4256301f76d011,3300,70.0,38.0,interior,-0.0,-0.0,-0.0,-0.0,-0.0,-0.0
9,9,loading,1.0,bde79dd101b960705cd7fb9ae7dea6ee7586f94e4623fed76b4256301f76d011,3301,71.0,38.0,interior,-0.0,-0.0,-0.0,-0.0,-0.0,-0.0
9,9,loading,1.0,bde79dd101b960705cd7fb9ae7dea6ee7586f94e4623fed76b4256301f76d011,3302,72.0,38.0,interior,-0.0,-0.0,-0.0,-0.0,-0.0,-0.0
9,9,loading,1.0,bde79dd101b960705cd7fb9ae7dea6ee7586f94e4623fed76b4256301f76d011,3303,73.0,38.0,interior,-0.0,-0.0,-0.0,-0.0,-0.0,-0.0
9,9,loading,1.0,bde79dd101b960705cd7fb9ae7dea6ee7586f94e4623fed76b4256301f76d011,3304,74.0,38.0,interior,-0.0,-0.0,-0.0,-0.0,-0.0,-0.0
9,9,loading,1.0,bde79dd101b960705cd7fb9ae7dea6ee7586f94e4623fed76b4256301f76d011,3305,75.0,38.0,interior,-0.0,-0.0,-0.0,-0.0,-0.0,-0.0
9,9,loading,1.0,bde79dd101b960705cd7fb9ae7dea6ee7586f94e4623fed76b4256301f76d011,3306,76.0,38.0,interior,-0.0,-0.0,-0.0,-0.0,-0.0,-0.0
9,9,loading,1.0,bde79dd101b960705cd7fb9ae7dea6ee7586f94e4623fed76b4256301f76d011,3307,77.0,38.0,interior,-0.0,-0.0,-0.0,-0.0,-0.0,-0.0
9,9,loading,1.0,bde79dd101b960705cd7fb9ae7dea6ee7586f94e4623fed76b4256301f76d011,3308,78.0,38.0,interior,-0.0,-0.0,-0.0,-0.0,-0.0,-0.0
9,9,loading,1.0,bde79dd101b960705cd7fb9ae7dea6ee7586f94e4623fed76b4256301f76d011,3309,79.0,38.0,interior,-0.0,-0.0,-0.0,-0.0,-0.0,-0.0
9,9,loading,1.0,bde79dd101b960705cd7fb9ae7dea6ee7586f94e4623fed76b4256301f76d011,3310,80.0,38.0,physical_only,7.401467103694286e-07,-5.474778446683818e-08,5.44481283567152e-07,-4.254811113746219e-07,1.956654268022765e-07,3.707333269077886e-07
9,9,loading,1.0,bde79dd101b960705cd7fb9ae7dea6ee7586f94e4623fed76b4256301f76d011,3377,62.0,39.0,physical_only,-5.5984106419877366e-06,1.0766351925161003e-07,-4.184366872286051e-06,1.766464493361795e-08,-1.4140437697016853e-06,8.999887431799197e-08
9,9,loading,1.0,bde79dd101b960705cd7fb9ae7dea6ee7586f94e4623fed76b4256301f76d011,3378,63.0,39.0,interior,-0.0,-0.0,-0.0,-0.0,-0.0,-0.0
9,9,loading,1.0,bde79dd101b960705cd7fb9ae7dea6ee7586f94e4623fed76b4256301f76d011,3379,64.0,39.0,interior,-0.0,-0.0,-0.0,-0.0,-0.0,-0.0
9,9,loading,1.0,bde79dd101b960705cd7fb9ae7dea6ee7586f94e4623fed76b4256301f76d011,3380,65.0,39.0,interior,-0.0,-0.0,-0.0,-0.0,-0.0,-0.0
9,9,loading,1.0,bde79dd101b960705cd7fb9ae7dea6ee7586f94e4623fed76b4256301f76d011,3381,66.0,39.0,interior,-0.0,-0.0,-0.0,-0.0,-0.0,-0.0
9,9,loading,1.0,bde79dd101b960705cd7fb9ae7dea6ee7586f94e4623fed76b4256301f76d011,3382,67.0,39.0,interior,-0.0,-0.0,-0.0,-0.0,-0.0,-0.0
9,9,loading,1.0,bde79dd101b960705cd7fb9ae7dea6ee7586f94e4623fed76b4256301f76d011,3383,68.0,39.0,interior,-0.0,-0.0,-0.0,-0.0,-0.0,-0.0
9,9,loading,1.0,bde79dd101b960705cd7fb9ae7dea6ee7586f94e4623fed76b4256301f76d011,3384,69.0,39.0,interior,-0.0,-0.0,-0.0,-0.0,-0.0,-0.0
9,9,loading,1.0,bde79dd101b960705cd7fb9ae7dea6ee7586f94e4623fed76b4256301f76d011,3385,70.0,39.0,interior,-0.0,-0.0,-0.0,-0.0,-0.0,-0.0
9,9,loading,1.0,bde79dd101b960705cd7fb9ae7dea6ee7586f94e4623fed76b4256301f76d011,3386,71.0,39.0,interior,-0.0,-0.0,-0.0,-0.0,-0.0,-0.0
9,9,loading,1.0,bde79dd101b960705cd7fb9ae7dea6ee7586f94e4623fed76b4256301f76d011,3387,72.0,39.0,interior,-0.0,-0.0,-0.0,-0.0,-0.0,-0.0
9,9,loading,1.0,bde79dd101b960705cd7fb9ae7dea6ee7586f94e4623fed76b4256301f76d011,3388,73.0,39.0,interior,-0.0,-0.0,-0.0,-0.0,-0.0,-0.0
9,9,loading,1.0,bde79dd101b960705cd7fb9ae7dea6ee7586f94e4623fed76b4256301f76d011,3389,74.0,39.0,interior,-0.0,-0.0,-0.0,-0.0,-0.0,-0.0
9,9,loading,1.0,bde79dd101b960705cd7fb9ae7dea6ee7586f94e4623fed76b4256301f76d011,3390,75.0,39.0,interior,-0.0,-0.0,-0.0,-0.0,-0.0,-0.0
9,9,loading,1.0,bde79dd101b960705cd7fb9ae7dea6ee7586f94e4623fed76b4256301f76d011,3391,76.0,39.0,interior,-0.0,-0.0,-0.0,-0.0,-0.0,-0.0
9,9,loading,1.0,bde79dd101b960705cd7fb9ae7dea6ee7586f94e4623fed76b4256301f76d011,3392,77.0,39.0,interior,-0.0,-0.0,-0.0,-0.0,-0.0,-0.0
9,9,loading,1.0,bde79dd101b960705cd7fb9ae7dea6ee7586f94e4623fed76b4256301f76d011,3393,78.0,39.0,interior,-0.0,-0.0,-0.0,-0.0,-0.0,-0.0
9,9,loading,1.0,bde79dd101b960705cd7fb9ae7dea6ee7586f94e4623fed76b4256301f76d011,3394,79.0,39.0,interior,-0.0,-0.0,-0.0,-0.0,-0.0,-0.0
9,9,loading,1.0,bde79dd101b960705cd7fb9ae7dea6ee7586f94e4623fed76b4256301f76d011,3395,80.0,39.0,physical_only,7.366871690526499e-07,-2.7194791996611113e-08,5.468234485578611e-07,-2.124287578241915e-07,1.8986372049478887e-07,1.8523396582757979e-07
9,9,loading,1.0,bde79dd101b960705cd7fb9ae7dea6ee7586f94e4623fed76b4256301f76d011,3462,62.0,40.0,physical_and_cut,-2.8112653911253605e-06,-1.8349582378811006e-06,-2.0995600396397574e-06,-9.558891192435618e-07,-7.117053514856031e-07,-8.790691186375387e-07
9,9,loading,1.0,bde79dd101b960705cd7fb9ae7dea6ee7586f94e4623fed76b4256301f76d011,3463,63.0,40.0,cut_only,-0.0,-0.0,-0.0,-0.0,-0.0,-0.0
9,9,loading,1.0,bde79dd101b960705cd7fb9ae7dea6ee7586f94e4623fed76b4256301f76d011,3464,64.0,40.0,cut_only,-0.0,-0.0,-0.0,-0.0,-0.0,-0.0
9,9,loading,1.0,bde79dd101b960705cd7fb9ae7dea6ee7586f94e4623fed76b4256301f76d011,3465,65.0,40.0,cut_only,-0.0,-0.0,-0.0,-0.0,-0.0,-0.0
9,9,loading,1.0,bde79dd101b960705cd7fb9ae7dea6ee7586f94e4623fed76b4256301f76d011,3466,66.0,40.0,cut_only,-0.0,-0.0,-0.0,-0.0,-0.0,-0.0
9,9,loading,1.0,bde79dd101b960705cd7fb9ae7dea6ee7586f94e4623fed76b4256301f76d011,3467,67.0,40.0,cut_only,-0.0,-0.0,-0.0,-0.0,-0.0,-0.0
9,9,loading,1.0,bde79dd101b960705cd7fb9ae7dea6ee7586f94e4623fed76b4256301f76d011,3468,68.0,40.0,cut_only,-0.0,-0.0,-0.0,-0.0,-0.0,-0.0
9,9,loading,1.0,bde79dd101b960705cd7fb9ae7dea6ee7586f94e4623fed76b4256301f76d011,3469,69.0,40.0,cut_only,-0.0,-0.0,-0.0,-0.0,-0.0,-0.0
9,9,loading,1.0,bde79dd101b960705cd7fb9ae7dea6ee7586f94e4623fed76b4256301f76d011,3470,70.0,40.0,cut_only,-0.0,-0.0,-0.0,-0.0,-0.0,-0.0
9,9,loading,1.0,bde79dd101b960705cd7fb9ae7dea6ee7586f94e4623fed76b4256301f76d011,3471,71.0,40.0,cut_only,-0.0,-0.0,-0.0,-0.0,-0.0,-0.0
9,9,loading,1.0,bde79dd101b960705cd7fb9ae7dea6ee7586f94e4623fed76b4256301f76d011,3472,72.0,40.0,cut_only,-0.0,-0.0,-0.0,-0.0,-0.0,-0.0
9,9,loading,1.0,bde79dd101b960705cd7fb9ae7dea6ee7586f94e4623fed76b4256301f76d011,3473,73.0,40.0,cut_only,-0.0,-0.0,-0.0,-0.0,-0.0,-0.0
9,9,loading,1.0,bde79dd101b960705cd7fb9ae7dea6ee7586f94e4623fed76b4256301f76d011,3474,74.0,40.0,cut_only,-0.0,-0.0,-0.0,-0.0,-0.0,-0.0
9,9,loading,1.0,bde79dd101b960705cd7fb9ae7dea6ee7586f94e4623fed76b4256301f76d011,3475,75.0,40.0,cut_only,-0.0,-0.0,-0.0,-0.0,-0.0,-0.0
9,9,loading,1.0,bde79dd101b960705cd7fb9ae7dea6ee7586f94e4623fed76b4256301f76d011,3476,76.0,40.0,cut_only,-0.0,-0.0,-0.0,-0.0,-0.0,-0.0
9,9,loading,1.0,bde79dd101b960705cd7fb9ae7dea6ee7586f94e4623fed76b4256301f76d011,3477,77.0,40.0,cut_only,-0.0,-0.0,-0.0,-0.0,-0.0,-0.0
9,9,loading,1.0,bde79dd101b960705cd7fb9ae7dea6ee7586f94e4623fed76b4256301f76d011,3478,78.0,40.0,cut_only,-0.0,-0.0,-0.0,-0.0,-0.0,-0.0
9,9,loading,1.0,bde79dd101b960705cd7fb9ae7dea6ee7586f94e4623fed76b4256301f76d011,3479,79.0,40.0,cut_only,-0.0,-0.0,-0.0,-0.0,-0.0,-0.0
9,9,loading,1.0,bde79dd101b960705cd7fb9ae7dea6ee7586f94e4623fed76b4256301f76d011,3480,80.0,40.0,physical_and_cut,3.677666049318063e-07,5.655261601071414e-05,2.73798252257012e-07,-2.197842571253423e-07,9.396835267479433e-08,5.677240026783948e-05
10,10,loading,1.05,ed6151fb13e5fcd92e10bba4fac5b33fe71eb987004119ae3902a535ccdea75f,2697,62.0,31.0,physical_only,-0.00043253614134685037,-7.832123087169908e-05,-5.564213524122283e-06,6.317586817210645e-06,-0.0004269719278227281,-8.463881768890969e-05
10,10,loading,1.05,ed6151fb13e5fcd92e10bba4fac5b33fe71eb987004119ae3902a535ccdea75f,2698,63.0,31.0,physical_only,-2.229684863473512e-06,-6.362859641977737e-05,-3.0868464800791212e-06,7.376836717584568e-06,8.571616166056096e-07,-7.100543313736193e-05
10,10,loading,1.05,ed6151fb13e5fcd92e10bba4fac5b33fe71eb987004119ae3902a535ccdea75f,2699,64.0,31.0,physical_only,-1.131125917286375e-07,-8.375598069351579e-05,-3.158202621607031e-06,9.557964520449153e-06,3.0450900298783944e-06,-9.331394521396497e-05
10,10,loading,1.05,ed6151fb13e5fcd92e10bba4fac5b33fe71eb987004119ae3902a535ccdea75f,2700,65.0,31.0,physical_only,5.532814572602435e-07,-0.00011318474045227648,-3.2476529899935564e-06,1.2073329075923362e-05,3.8009344472537986e-06,-0.00012525806952819982
10,10,loading,1.05,ed6151fb13e5fcd92e10bba4fac5b33fe71eb987004119ae3902a535ccdea75f,2701,66.0,31.0,physical_only,-5.875638111317706e-07,-0.00015016805357621421,-3.358085529449697e-06,1.503209784348651e-05,2.7705217183179247e-06,-0.00016520015141970068
10,10,loading,1.05,ed6151fb13e5fcd92e10bba4fac5b33fe71eb987004119ae3902a535ccdea75f,2702,67.0,31.0,physical_only,-3.4580621319679985e-06,-0.00019338249307780003,-3.488299452421136e-06,1.8569421389374937e-05,3.023732045313976e-08,-0.0002119519144671751
10,10,loading,1.05,ed6151fb13e5fcd92e10bba4fac5b33fe71eb987004119ae3902a535ccdea75f,2703,68.0,31.0,physical_only,-4.452451484115699e-06,-0.0002456785634960515,-3.6399160407385672e-06,2.2858645357665098e-05,-8.125354433771314e-07,-0.00026853720885371645
10,10,loading,1.05,ed6151fb13e5fcd92e10bba4fac5b33fe71eb987004119ae3902a535ccdea75f,2704,69.0,31.0,physical_only,-6.00046772868577e-06,-0.00031127598151084023,-3.818389457693554e-06,2.813995214442157e-05,-2.182078270992217e-06,-0.00033941593365526186
10,10,loading,1.05,ed6151fb13e5fcd92e10bba4fac5b33fe71eb987004119ae3902a535ccdea75f,2705,70.0,31.0,physical_only,-8.047787012272678e-06,-0.00039126666453451046,-4.033960069988155e-06,3.476520184042763e-05,-4.013826942284521e-06,-0.00042603186637493805
10,10,loading,1.05,ed6151fb13e5fcd92e10bba4fac5b33fe71eb987004119ae3902a535ccdea75f,2706,71.0,31.0,physical_only,-1.0554152270992323e-05,-0.00048794455028962824,-4.301375990866319e-06,4.3267292031742156e-05,-6.252776280126005e-06,-0.0005312118423213704
10,10,loading,1.05,ed6151fb13e5fcd92e10bba4fac5b33fe71eb987004119ae3902a535ccdea75f,2707,72.0,31.0,physical_only,-1.325861197516406e-05,-0.0006036839067524477,-4.643959789538422e-06,5.4489519785934305e-05,-8.61465218562564e-06,-0.0006581734265383825
10,10,loading,1.05,ed6151fb13e5fcd92e10bba4fac5b33fe71eb987004119ae3902a535ccdea75f,2708,73.0,31.0,physical_only,-1.5415348531051534e-05,-0.0007416844832914336,-5.10079761006685e-06,6.98436239196723e-05,-1.0314550920984684e-05,-0.000811528107211106
10,10,loading,1.05,ed6151fb13e5fcd92e10bba4fac5b33fe71eb987004119ae3902a535ccdea75f,2709,74.0,31.0,physical_only,-1.682795310747766e-05,-0.0009068531977415931,-5.742536517836888e-06,9.18745648814528e-05,-1.1085416589640767e-05,-0.000998727762623046
10,10,loading,1.05,ed6151fb13e5fcd92e10bba4fac5b33fe71eb987004119ae3902a535ccdea75f,2710,75.0,31.0,physical_only,-2.1114418601360878e-05,-0.0011057063139637835,-6.709670464902799e-06,0.00012565431000591067,-1.4404748136458074e-05,-0.0012313606239696935
10,10,loading,1.05,ed6151fb13e5fcd92e10bba4fac5b33fe71eb987004119ae3902a535ccdea75f,2711,76.0,31.0,physical_only,-4.699809630340963e-05,-0.0013349914753863637,-8.31785146768792e-06,0.00018282032933556838,-3.868024483572171e-05,-0.0015178118047219332
10,10,loading,1.05,ed6151fb13e5fcd92e10bba4fac5b33fe71eb987004119ae3902a535ccdea75f,2712,77.0,31.0,physical_only,-0.00014427927330285315,-0.001467112838802815,-1.1376915489519345e-05,0.00029601531577867735,-0.00013290235781333377,-0.0017631281545814918
10,10,loading,1.05,ed6151fb13e5fcd92e10bba4fac5b33fe71eb987004119ae3902a535ccdea75f,2713,78.0,31.0,physical_only,-0.0002959330423379131,-0.0014737052389133323,-1.9387313221004034e-05,0.0006045865923486783,-0.0002765457291169091,-0.00207829183126201
10,10,loading,1.05,ed6151fb13e5fcd92e10bba4fac5b33fe71eb987004119ae3902a535ccdea75f,2714,79.0,31.0,physical_only,-0.0005741827463843331,0.0043406848341032995,-4.428125667008964e-05,0.002131866068764515,-0.0005299014897142434,0.002208818765338783
10,10,loading,1.05,ed6151fb13e5fcd92e10bba4fac5b33fe71eb987004119ae3902a535ccdea75f,2715,80.0,31.0,physical_only,-0.0004081386081556275,0.07171089545689024,-0.0017200077574570463,0.061248142142202366,0.0013118691493014187,0.01046275331468787
10,10,loading,1.05,ed6151fb13e5fcd92e10bba4fac5b33fe71eb987004119ae3902a535ccdea75f,2782,62.0,32.0,physical_only,-7.475802930998586e-06,-1.1009041733646872e-06,-3.2707569069055115e-06,1.332519907012361e-07,-4.205046024093077e-06,-1.234156164065923e-06
10,10,loading,1.05,ed6151fb13e5fcd92e10bba4fac5b33fe71eb987004119ae3902a535ccdea75f,2783,63.0,32.0,interior,-0.0,-0.0,-0.0,-0.0,-0.0,-0.0
10,10,loading,1.05,ed6151fb13e5fcd92e10bba4fac5b33fe71eb987004119ae3902a535ccdea75f,2784,64.0,32.0,interior,-0.0,-0.0,-0.0,-0.0,-0.0,-0.0
10,10,loading,1.05,ed6151fb13e5fcd92e10bba4fac5b33fe71eb987004119ae3902a535ccdea75f,2785,65.0,32.0,interior,-0.0,-0.0,-0.0,-0.0,-0.0,-0.0
10,10,loading,1.05,ed6151fb13e5fcd92e10bba4fac5b33fe71eb987004119ae3902a535ccdea75f,2786,66.0,32.0,interior,-0.0,-0.0,-0.0,-0.0,-0.0,-0.0
10,10,loading,1.05,ed6151fb13e5fcd92e10bba4fac5b33fe71eb987004119ae3902a535ccdea75f,2787,67.0,32.0,interior,-0.0,-0.0,-0.0,-0.0,-0.0,-0.0
10,10,loading,1.05,ed6151fb13e5fcd92e10bba4fac5b33fe71eb987004119ae3902a535ccdea75f,2788,68.0,32.0,interior,-0.0,-0.0,-0.0,-0.0,-0.0,-0.0
10,10,loading,1.05,ed6151fb13e5fcd92e10bba4fac5b33fe71eb987004119ae3902a535ccdea75f,2789,69.0,32.0,interior,-0.0,-0.0,-0.0,-0.0,-0.0,-0.0
10,10,loading,1.05,ed6151fb13e5fcd92e10bba4fac5b33fe71eb987004119ae3902a535ccdea75f,2790,70.0,32.0,interior,-0.0,-0.0,-0.0,-0.0,-0.0,-0.0
10,10,loading,1.05,ed6151fb13e5fcd92e10bba4fac5b33fe71eb987004119ae3902a535ccdea75f,2791,71.0,32.0,interior,-0.0,-0.0,-0.0,-0.0,-0.0,-0.0
10,10,loading,1.05,ed6151fb13e5fcd92e10bba4fac5b33fe71eb987004119ae3902a535ccdea75f,2792,72.0,32.0,interior,-0.0,-0.0,-0.0,-0.0,-0.0,-0.0
10,10,loading,1.05,ed6151fb13e5fcd92e10bba4fac5b33fe71eb987004119ae3902a535ccdea75f,2793,73.0,32.0,interior,-0.0,-0.0,-0.0,-0.0,-0.0,-0.0
10,10,loading,1.05,ed6151fb13e5fcd92e10bba4fac5b33fe71eb987004119ae3902a535ccdea75f,2794,74.0,32.0,interior,-0.0,-0.0,-0.0,-0.0,-0.0,-0.0
10,10,loading,1.05,ed6151fb13e5fcd92e10bba4fac5b33fe71eb987004119ae3902a535ccdea75f,2795,75.0,32.0,interior,-0.0,-0.0,-0.0,-0.0,-0.0,-0.0
10,10,loading,1.05,ed6151fb13e5fcd92e10bba4fac5b33fe71eb987004119ae3902a535ccdea75f,2796,76.0,32.0,interior,-0.0,-0.0,-0.0,-0.0,-0.0,-0.0
10,10,loading,1.05,ed6151fb13e5fcd92e10bba4fac5b33fe71eb987004119ae3902a535ccdea75f,2797,77.0,32.0,interior,-0.0,-0.0,-0.0,-0.0,-0.0,-0.0
10,10,loading,1.05,ed6151fb13e5fcd92e10bba4fac5b33fe71eb987004119ae3902a535ccdea75f,2798,78.0,32.0,interior,-0.0,-0.0,-0.0,-0.0,-0.0,-0.0
10,10,loading,1.05,ed6151fb13e5fcd92e10bba4fac5b33fe71eb987004119ae3902a535ccdea75f,2799,79.0,32.0,interior,-0.0,-0.0,-0.0,-0.0,-0.0,-0.0
10,10,loading,1.05,ed6151fb13e5fcd92e10bba4fac5b33fe71eb987004119ae3902a535ccdea75f,2800,80.0,32.0,physical_only,8.145160250499618e-07,-2.557856558398682e-07,4.854453697869182e-07,-1.770040802411659e-06,3.2907065526304387e-07,1.5142551465717978e-06
10,10,loading,1.05,ed6151fb13e5fcd92e10bba4fac5b33fe71eb987004119ae3902a535ccdea75f,2867,62.0,33.0,physical_only,-6.0209874232945644e-06,-7.375598730489195e-07,-3.5025272502471383e-06,1.0339086499805473e-07,-2.5184601730474253e-06,-8.409507380469743e-07
10,10,loading,1.05,ed6151fb13e5fcd92e10bba4fac5b33fe71eb987004119ae3902a535ccdea75f,2868,63.0,33.0,interior,-0.0,-0.0,-0.0,-0.0,-0.0,-0.0
10,10,loading,1.05,ed6151fb13e5fcd92e10bba4fac5b33fe71eb987004119ae3902a535ccdea75f,2869,64.0,33.0,interior,-0.0,-0.0,-0.0,-0.0,-0.0,-0.0
10,10,loading,1.05,ed6151fb13e5fcd92e10bba4fac5b33fe71eb987004119ae3902a535ccdea75f,2870,65.0,33.0,interior,-0.0,-0.0,-0.0,-0.0,-0.0,-0.0
10,10,loading,1.05,ed6151fb13e5fcd92e10bba4fac5b33fe71eb987004119ae3902a535ccdea75f,2871,66.0,33.0,interior,-0.0,-0.0,-0.0,-0.0,-0.0,-0.0
10,10,loading,1.05,ed6151fb13e5fcd92e10bba4fac5b33fe71eb987004119ae3902a535ccdea75f,2872,67.0,33.0,interior,-0.0,-0.0,-0.0,-0.0,-0.0,-0.0
10,10,loading,1.05,ed6151fb13e5fcd92e10bba4fac5b33fe71eb987004119ae3902a535ccdea75f,2873,68.0,33.0,interior,-0.0,-0.0,-0.0,-0.0,-0.0,-0.0
10,10,loading,1.05,ed6151fb13e5fcd92e10bba4fac5b33fe71eb987004119ae3902a535ccdea75f,2874,69.0,33.0,interior,-0.0,-0.0,-0.0,-0.0,-0.0,-0.0
10,10,loading,1.05,ed6151fb13e5fcd92e10bba4fac5b33fe71eb987004119ae3902a535ccdea75f,2875,70.0,33.0,interior,-0.0,-0.0,-0.0,-0.0,-0.0,-0.0
10,10,loading,1.05,ed6151fb13e5fcd92e10bba4fac5b33fe71eb987004119ae3902a535ccdea75f,2876,71.0,33.0,interior,-0.0,-0.0,-0.0,-0.0,-0.0,-0.0
10,10,loading,1.05,ed6151fb13e5fcd92e10bba4fac5b33fe71eb987004119ae3902a535ccdea75f,2877,72.0,33.0,interior,-0.0,-0.0,-0.0,-0.0,-0.0,-0.0
10,10,loading,1.05,ed6151fb13e5fcd92e10bba4fac5b33fe71eb987004119ae3902a535ccdea75f,2878,73.0,33.0,interior,-0.0,-0.0,-0.0,-0.0,-0.0,-0.0
10,10,loading,1.05,ed6151fb13e5fcd92e10bba4fac5b33fe71eb987004119ae3902a535ccdea75f,2879,74.0,33.0,interior,-0.0,-0.0,-0.0,-0.0,-0.0,-0.0
10,10,loading,1.05,ed6151fb13e5fcd92e10bba4fac5b33fe71eb987004119ae3902a535ccdea75f,2880,75.0,33.0,interior,-0.0,-0.0,-0.0,-0.0,-0.0,-0.0
10,10,loading,1.05,ed6151fb13e5fcd92e10bba4fac5b33fe71eb987004119ae3902a535ccdea75f,2881,76.0,33.0,interior,-0.0,-0.0,-0.0,-0.0,-0.0,-0.0
10,10,loading,1.05,ed6151fb13e5fcd92e10bba4fac5b33fe71eb987004119ae3902a535ccdea75f,2882,77.0,33.0,interior,-0.0,-0.0,-0.0,-0.0,-0.0,-0.0
10,10,loading,1.05,ed6151fb13e5fcd92e10bba4fac5b33fe71eb987004119ae3902a535ccdea75f,2883,78.0,33.0,interior,-0.0,-0.0,-0.0,-0.0,-0.0,-0.0
10,10,loading,1.05,ed6151fb13e5fcd92e10bba4fac5b33fe71eb987004119ae3902a535ccdea75f,2884,79.0,33.0,interior,-0.0,-0.0,-0.0,-0.0,-0.0,-0.0
10,10,loading,1.05,ed6151fb13e5fcd92e10bba4fac5b33fe71eb987004119ae3902a535ccdea75f,2885,80.0,33.0,physical_only,7.978423631101848e-07,-2.1506420077667713e-07,5.011148993740967e-07,-1.5380879780997597e-06,2.96727463736088e-07,1.323023777323088e-06
10,10,loading,1.05,ed6151fb13e5fcd92e10bba4fac5b33fe71eb987004119ae3902a535ccdea75f,2952,62.0,34.0,physical_only,-5.351140284429035e-06,-2.6799311472052034e-07,-3.6883124594136535e-06,8.504410972479662e-08,-1.6628278250153813e-06,-3.5303722444531696e-07
10,10,loading,1.05,ed6151fb13e5fcd92e10bba4fac5b33fe71eb987004119ae3902a535ccdea75f,2953,63.0,34.0,interior,-0.0,-0.0,-0.0,-0.0,-0.0,-0.0
10,10,loading,1.05,ed6151fb13e5fcd92e10bba4fac5b33fe71eb987004119ae3902a535ccdea75f,2954,64.0,34.0,interior,-0.0,-0.0,-0.0,-0.0,-0.0,-0.0
10,10,loading,1.05,ed6151fb13e5fcd92e10bba4fac5b33fe71eb987004119ae3902a535ccdea75f,2955,65.0,34.0,interior,-0.0,-0.0,-0.0,-0.0,-0.0,-0.0
10,10,loading,1.05,ed6151fb13e5fcd92e10bba4fac5b33fe71eb987004119ae3902a535ccdea75f,2956,66.0,34.0,interior,-0.0,-0.0,-0.0,-0.0,-0.0,-0.0
10,10,loading,1.05,ed6151fb13e5fcd92e10bba4fac5b33fe71eb987004119ae3902a535ccdea75f,2957,67.0,34.0,interior,-0.0,-0.0,-0.0,-0.0,-0.0,-0.0
10,10,loading,1.05,ed6151fb13e5fcd92e10bba4fac5b33fe71eb987004119ae3902a535ccdea75f,2958,68.0,34.0,interior,-0.0,-0.0,-0.0,-0.0,-0.0,-0.0
10,10,loading,1.05,ed6151fb13e5fcd92e10bba4fac5b33fe71eb987004119ae3902a535ccdea75f,2959,69.0,34.0,interior,-0.0,-0.0,-0.0,-0.0,-0.0,-0.0
10,10,loading,1.05,ed6151fb13e5fcd92e10bba4fac5b33fe71eb987004119ae3902a535ccdea75f,2960,70.0,34.0,interior,-0.0,-0.0,-0.0,-0.0,-0.0,-0.0
10,10,loading,1.05,ed6151fb13e5fcd92e10bba4fac5b33fe71eb987004119ae3902a535ccdea75f,2961,71.0,34.0,interior,-0.0,-0.0,-0.0,-0.0,-0.0,-0.0
10,10,loading,1.05,ed6151fb13e5fcd92e10bba4fac5b33fe71eb987004119ae3902a535ccdea75f,2962,72.0,34.0,interior,-0.0,-0.0,-0.0,-0.0,-0.0,-0.0
10,10,loading,1.05,ed6151fb13e5fcd92e10bba4fac5b33fe71eb987004119ae3902a535ccdea75f,2963,73.0,34.0,interior,-0.0,-0.0,-0.0,-0.0,-0.0,-0.0
10,10,loading,1.05,ed6151fb13e5fcd92e10bba4fac5b33fe71eb987004119ae3902a535ccdea75f,2964,74.0,34.0,interior,-0.0,-0.0,-0.0,-0.0,-0.0,-0.0
10,10,loading,1.05,ed6151fb13e5fcd92e10bba4fac5b33fe71eb987004119ae3902a535ccdea75f,2965,75.0,34.0,interior,-0.0,-0.0,-0.0,-0.0,-0.0,-0.0
10,10,loading,1.05,ed6151fb13e5fcd92e10bba4fac5b33fe71eb987004119ae3902a535ccdea75f,2966,76.0,34.0,interior,-0.0,-0.0,-0.0,-0.0,-0.0,-0.0
10,10,loading,1.05,ed6151fb13e5fcd92e10bba4fac5b33fe71eb987004119ae3902a535ccdea75f,2967,77.0,34.0,interior,-0.0,-0.0,-0.0,-0.0,-0.0,-0.0
10,10,loading,1.05,ed6151fb13e5fcd92e10bba4fac5b33fe71eb987004119ae3902a535ccdea75f,2968,78.0,34.0,interior,-0.0,-0.0,-0.0,-0.0,-0.0,-0.0
10,10,loading,1.05,ed6151fb13e5fcd92e10bba4fac5b33fe71eb987004119ae3902a535ccdea75f,2969,79.0,34.0,interior,-0.0,-0.0,-0.0,-0.0,-0.0,-0.0
10,10,loading,1.05,ed6151fb13e5fcd92e10bba4fac5b33fe71eb987004119ae3902a535ccdea75f,2970,80.0,34.0,physical_only,7.831309320789076e-07,-1.784031110807949e-07,5.139438993551401e-07,-1.310357393659776e-06,2.691870327237677e-07,1.131954282578983e-06
10,10,loading,1.05,ed6151fb13e5fcd92e10bba4fac5b33fe71eb987004119ae3902a535ccdea75f,3037,62.0,35.0,physical_only,-5.191801590795349e-06,8.140905950157428e-08,-3.841464963986349e-06,7.260552107790021e-08,-1.3503366268089996e-06,8.803538423674044e-09
10,10,loading,1.05,ed6151fb13e5fcd92e10bba4fac5b33fe71eb987004119ae3902a535ccdea75f,3038,63.0,35.0,interior,-0.0,-0.0,-0.0,-0.0,-0.0,-0.0
10,10,loading,1.05,ed6151fb13e5fcd92e10bba4fac5b33fe71eb987004119ae3902a535ccdea75f,3039,64.0,35.0,interior,-0.0,-0.0,-0.0,-0.0,-0.0,-0.0
10,10,loading,1.05,ed6151fb13e5fcd92e10bba4fac5b33fe71eb987004119ae3902a535ccdea75f,3040,65.0,35.0,interior,-0.0,-0.0,-0.0,-0.0,-0.0,-0.0
10,10,loading,1.05,ed6151fb13e5fcd92e10bba4fac5b33fe71eb987004119ae3902a535ccdea75f,3041,66.0,35.0,interior,-0.0,-0.0,-0.0,-0.0,-0.0,-0.0
10,10,loading,1.05,ed6151fb13e5fcd92e10bba4fac5b33fe71eb987004119ae3902a535ccdea75f,3042,67.0,35.0,interior,-0.0,-0.0,-0.0,-0.0,-0.0,-0.0
10,10,loading,1.05,ed6151fb13e5fcd92e10bba4fac5b33fe71eb987004119ae3902a535ccdea75f,3043,68.0,35.0,interior,-0.0,-0.0,-0.0,-0.0,-0.0,-0.0
10,10,loading,1.05,ed6151fb13e5fcd92e10bba4fac5b33fe71eb987004119ae3902a535ccdea75f,3044,69.0,35.0,interior,-0.0,-0.0,-0.0,-0.0,-0.0,-0.0
10,10,loading,1.05,ed6151fb13e5fcd92e10bba4fac5b33fe71eb987004119ae3902a535ccdea75f,3045,70.0,35.0,interior,-0.0,-0.0,-0.0,-0.0,-0.0,-0.0
10,10,loading,1.05,ed6151fb13e5fcd92e10bba4fac5b33fe71eb987004119ae3902a535ccdea75f,3046,71.0,35.0,interior,-0.0,-0.0,-0.0,-0.0,-0.0,-0.0
10,10,loading,1.05,ed6151fb13e5fcd92e10bba4fac5b33fe71eb987004119ae3902a535ccdea75f,3047,72.0,35.0,interior,-0.0,-0.0,-0.0,-0.0,-0.0,-0.0
10,10,loading,1.05,ed6151fb13e5fcd92e10bba4fac5b33fe71eb987004119ae3902a535ccdea75f,3048,73.0,35.0,interior,-0.0,-0.0,-0.0,-0.0,-0.0,-0.0
10,10,loading,1.05,ed6151fb13e5fcd92e10bba4fac5b33fe71eb987004119ae3902a535ccdea75f,3049,74.0,35.0,interior,-0.0,-0.0,-0.0,-0.0,-0.0,-0.0
10,10,loading,1.05,ed6151fb13e5fcd92e10bba4fac5b33fe71eb987004119ae3902a535ccdea75f,3050,75.0,35.0,interior,-0.0,-0.0,-0.0,-0.0,-0.0,-0.0
10,10,loading,1.05,ed6151fb13e5fcd92e10bba4fac5b33fe71eb987004119ae3902a535ccdea75f,3051,76.0,35.0,interior,-0.0,-0.0,-0.0,-0.0,-0.0,-0.0
10,10,loading,1.05,ed6151fb13e5fcd92e10bba4fac5b33fe71eb987004119ae3902a535ccdea75f,3052,77.0,35.0,interior,-0.0,-0.0,-0.0,-0.0,-0.0,-0.0
10,10,loading,1.05,ed6151fb13e5fcd92e10bba4fac5b33fe71eb987004119ae3902a535ccdea75f,3053,78.0,35.0,interior,-0.0,-0.0,-0.0,-0.0,-0.0,-0.0
10,10,loading,1.05,ed6151fb13e5fcd92e10bba4fac5b33fe71eb987004119ae3902a535ccdea75f,3054,79.0,35.0,interior,-0.0,-0.0,-0.0,-0.0,-0.0,-0.0
10,10,loading,1.05,ed6151fb13e5fcd92e10bba4fac5b33fe71eb987004119ae3902a535ccdea75f,3055,80.0,35.0,physical_only,7.705406465162021e-07,-1.4477754031238588e-07,5.242607269662138e-07,-1.0862887385008517e-06,2.462799195499881e-07,9.415111981884652e-07
10,10,loading,1.05,ed6151fb13e5fcd92e10bba4fac5b33fe71eb987004119ae3902a535ccdea75f,3122,62.0,36.0,physical_only,-5.277973710524252e-06,2.4717085586496865e-07,-3.967797836067751e-06,6.14761050793385e-08,-1.3101758744565e-06,1.8569475078563017e-07
10,10,loading,1.05,ed6151fb13e5fcd92e10bba4fac5b33fe71eb987004119ae3902a535ccdea75f,3123,63.0,36.0,interior,-0.0,-0.0,-0.0,-0.0,-0.0,-0.0
10,10,loading,1.05,ed6151fb13e5fcd92e10bba4fac5b33fe71eb987004119ae3902a535ccdea75f,3124,64.0,36.0,interior,-0.0,-0.0,-0.0,-0.0,-0.0,-0.0
10,10,loading,1.05,ed6151fb13e5fcd92e10bba4fac5b33fe71eb987004119ae3902a535ccdea75f,3125,65.0,36.0,interior,-0.0,-0.0,-0.0,-0.0,-0.0,-0.0
10,10,loading,1.05,ed6151fb13e5fcd92e10bba4fac5b33fe71eb987004119ae3902a535ccdea75f,3126,66.0,36.0,interior,-0.0,-0.0,-0.0,-0.0,-0.0,-0.0
10,10,loading,1.05,ed6151fb13e5fcd92e10bba4fac5b33fe71eb987004119ae3902a535ccdea75f,3127,67.0,36.0,interior,-0.0,-0.0,-0.0,-0.0,-0.0,-0.0
10,10,loading,1.05,ed6151fb13e5fcd92e10bba4fac5b33fe71eb987004119ae3902a535ccdea75f,3128,68.0,36.0,interior,-0.0,-0.0,-0.0,-0.0,-0.0,-0.0
10,10,loading,1.05,ed6151fb13e5fcd92e10bba4fac5b33fe71eb987004119ae3902a535ccdea75f,3129,69.0,36.0,interior,-0.0,-0.0,-0.0,-0.0,-0.0,-0.0
10,10,loading,1.05,ed6151fb13e5fcd92e10bba4fac5b33fe71eb987004119ae3902a535ccdea75f,3130,70.0,36.0,interior,-0.0,-0.0,-0.0,-0.0,-0.0,-0.0
10,10,loading,1.05,ed6151fb13e5fcd92e10bba4fac5b33fe71eb987004119ae3902a535ccdea75f,3131,71.0,36.0,interior,-0.0,-0.0,-0.0,-0.0,-0.0,-0.0
10,10,loading,1.05,ed6151fb13e5fcd92e10bba4fac5b33fe71eb987004119ae3902a535ccdea75f,3132,72.0,36.0,interior,-0.0,-0.0,-0.0,-0.0,-0.0,-0.0
10,10,loading,1.05,ed6151fb13e5fcd92e10bba4fac5b33fe71eb987004119ae3902a535ccdea75f,3133,73.0,36.0,interior,-0.0,-0.0,-0.0,-0.0,-0.0,-0.0
10,10,loading,1.05,ed6151fb13e5fcd92e10bba4fac5b33fe71eb987004119ae3902a535ccdea75f,3134,74.0,36.0,interior,-0.0,-0.0,-0.0,-0.0,-0.0,-0.0
10,10,loading,1.05,ed6151fb13e5fcd92e10bba4fac5b33fe71eb987004119ae3902a535ccdea75f,3135,75.0,36.0,interior,-0.0,-0.0,-0.0,-0.0,-0.0,-0.0
10,10,loading,1.05,ed6151fb13e5fcd92e10bba4fac5b33fe71eb987004119ae3902a535ccdea75f,3136,76.0,36.0,interior,-0.0,-0.0,-0.0,-0.0,-0.0,-0.0
10,10,loading,1.05,ed6151fb13e5fcd92e10bba4fac5b33fe71eb987004119ae3902a535ccdea75f,3137,77.0,36.0,interior,-0.0,-0.0,-0.0,-0.0,-0.0,-0.0
10,10,loading,1.05,ed6151fb13e5fcd92e10bba4fac5b33fe71eb987004119ae3902a535ccdea75f,3138,78.0,36.0,interior,-0.0,-0.0,-0.0,-0.0,-0.0,-0.0
10,10,loading,1.05,ed6151fb13e5fcd92e10bba4fac5b33fe71eb987004119ae3902a535ccdea75f,3139,79.0,36.0,interior,-0.0,-0.0,-0.0,-0.0,-0.0,-0.0
10,10,loading,1.05,ed6151fb13e5fcd92e10bba4fac5b33fe71eb987004119ae3902a535ccdea75f,3140,80.0,36.0,physical_only,7.601651106080875e-07,-1.1341856918139419e-07,5.323384499977254e-07,-8.652994446686852e-07,2.278266606103622e-07,7.518808754872918e-07
10,10,loading,1.05,ed6151fb13e5fcd92e10bba4fac5b33fe71eb987004119ae3902a535ccdea75f,3207,62.0,37.0,physical_only,-5.428109548252306e-06,2.7171744951822086e-07,-4.068305807712221e-06,4.898998705357618e-08,-1.3598037405400848e-06,2.2272746246464478e-07
10,10,loading,1.05,ed6151fb13e5fcd92e10bba4fac5b33fe71eb987004119ae3902a535ccdea75f,3208,63.0,37.0,interior,-0.0,-0.0,-0.0,-0.0,-0.0,-0.0
10,10,loading,1.05,ed6151fb13e5fcd92e10bba4fac5b33fe71eb987004119ae3902a535ccdea75f,3209,64.0,37.0,interior,-0.0,-0.0,-0.0,-0.0,-0.0,-0.0
10,10,loading,1.05,ed6151fb13e5fcd92e10bba4fac5b33fe71eb987004119ae3902a535ccdea75f,3210,65.0,37.0,interior,-0.0,-0.0,-0.0,-0.0,-0.0,-0.0
10,10,loading,1.05,ed6151fb13e5fcd92e10bba4fac5b33fe71eb987004119ae3902a535ccdea75f,3211,66.0,37.0,interior,-0.0,-0.0,-0.0,-0.0,-0.0,-0.0
10,10,loading,1.05,ed6151fb13e5fcd92e10bba4fac5b33fe71eb987004119ae3902a535ccdea75f,3212,67.0,37.0,interior,-0.0,-0.0,-0.0,-0.0,-0.0,-0.0
10,10,loading,1.05,ed6151fb13e5fcd92e10bba4fac5b33fe71eb987004119ae3902a535ccdea75f,3213,68.0,37.0,interior,-0.0,-0.0,-0.0,-0.0,-0.0,-0.0
10,10,loading,1.05,ed6151fb13e5fcd92e10bba4fac5b33fe71eb987004119ae3902a535ccdea75f,3214,69.0,37.0,interior,-0.0,-0.0,-0.0,-0.0,-0.0,-0.0
10,10,loading,1.05,ed6151fb13e5fcd92e10bba4fac5b33fe71eb987004119ae3902a535ccdea75f,3215,70.0,37.0,interior,-0.0,-0.0,-0.0,-0.0,-0.0,-0.0
10,10,loading,1.05,ed6151fb13e5fcd92e10bba4fac5b33fe71eb987004119ae3902a535ccdea75f,3216,71.0,37.0,interior,-0.0,-0.0,-0.0,-0.0,-0.0,-0.0
10,10,loading,1.05,ed6151fb13e5fcd92e10bba4fac5b33fe71eb987004119ae3902a535ccdea75f,3217,72.0,37.0,interior,-0.0,-0.0,-0.0,-0.0,-0.0,-0.0
10,10,loading,1.05,ed6151fb13e5fcd92e10bba4fac5b33fe71eb987004119ae3902a535ccdea75f,3218,73.0,37.0,interior,-0.0,-0.0,-0.0,-0.0,-0.0,-0.0
10,10,loading,1.05,ed6151fb13e5fcd92e10bba4fac5b33fe71eb987004119ae3902a535ccdea75f,3219,74.0,37.0,interior,-0.0,-0.0,-0.0,-0.0,-0.0,-0.0
10,10,loading,1.05,ed6151fb13e5fcd92e10bba4fac5b33fe71eb987004119ae3902a535ccdea75f,3220,75.0,37.0,interior,-0.0,-0.0,-0.0,-0.0,-0.0,-0.0
10,10,loading,1.05,ed6151fb13e5fcd92e10bba4fac5b33fe71eb987004119ae3902a535ccdea75f,3221,76.0,37.0,interior,-0.0,-0.0,-0.0,-0.0,-0.0,-0.0
10,10,loading,1.05,ed6151fb13e5fcd92e10bba4fac5b33fe71eb987004119ae3902a535ccdea75f,3222,77.0,37.0,interior,-0.0,-0.0,-0.0,-0.0,-0.0,-0.0
10,10,loading,1.05,ed6151fb13e5fcd92e10bba4fac5b33fe71eb987004119ae3902a535ccdea75f,3223,78.0,37.0,interior,-0.0,-0.0,-0.0,-0.0,-0.0,-0.0
10,10,loading,1.05,ed6151fb13e5fcd92e10bba4fac5b33fe71eb987004119ae3902a535ccdea75f,3224,79.0,37.0,interior,-0.0,-0.0,-0.0,-0.0,-0.0,-0.0
10,10,loading,1.05,ed6151fb13e5fcd92e10bba4fac5b33fe71eb987004119ae3902a535ccdea75f,3225,80.0,37.0,physical_only,7.520588154289957e-07,-8.37233397217032e-08,5.383970632563787e-07,-6.46790517517179e-07,2.1366175217261697e-07,5.630671777954796e-07
10,10,loading,1.05,ed6151fb13e5fcd92e10bba4fac5b33fe71eb987004119ae3902a535ccdea75f,3292,62.0,38.0,physical_only,-5.5563979349942754e-06,2.1071484829669978e-07,-4.141798464865135e-06,3.429660636729869e-08,-1.4145994701291394e-06,1.764182419294012e-07
10,10,loading,1.05,ed6151fb13e5fcd92e10bba4fac5b33fe71eb987004119ae3902a535ccdea75f,3293,63.0,38.0,interior,-0.0,-0.0,-0.0,-0.0,-0.0,-0.0
10,10,loading,1.05,ed6151fb13e5fcd92e10bba4fac5b33fe71eb987004119ae3902a535ccdea75f,3294,64.0,38.0,interior,-0.0,-0.0,-0.0,-0.0,-0.0,-0.0
10,10,loading,1.05,ed6151fb13e5fcd92e10bba4fac5b33fe71eb987004119ae3902a535ccdea75f,3295,65.0,38.0,interior,-0.0,-0.0,-0.0,-0.0,-0.0,-0.0
10,10,loading,1.05,ed6151fb13e5fcd92e10bba4fac5b33fe71eb987004119ae3902a535ccdea75f,3296,66.0,38.0,interior,-0.0,-0.0,-0.0,-0.0,-0.0,-0.0
10,10,loading,1.05,ed6151fb13e5fcd92e10bba4fac5b33fe71eb987004119ae3902a535ccdea75f,3297,67.0,38.0,interior,-0.0,-0.0,-0.0,-0.0,-0.0,-0.0
10,10,loading,1.05,ed6151fb13e5fcd92e10bba4fac5b33fe71eb987004119ae3902a535ccdea75f,3298,68.0,38.0,interior,-0.0,-0.0,-0.0,-0.0,-0.0,-0.0
10,10,loading,1.05,ed6151fb13e5fcd92e10bba4fac5b33fe71eb987004119ae3902a535ccdea75f,3299,69.0,38.0,interior,-0.0,-0.0,-0.0,-0.0,-0.0,-0.0
10,10,loading,1.05,ed6151fb13e5fcd92e10bba4fac5b33fe71eb987004119ae3902a535ccdea75f,3300,70.0,38.0,interior,-0.0,-0.0,-0.0,-0.0,-0.0,-0.0
10,10,loading,1.05,ed6151fb13e5fcd92e10bba4fac5b33fe71eb987004119ae3902a535ccdea75f,3301,71.0,38.0,interior,-0.0,-0.0,-0.0,-0.0,-0.0,-0.0
10,10,loading,1.05,ed6151fb13e5fcd92e10bba4fac5b33fe71eb987004119ae3902a535ccdea75f,3302,72.0,38.0,interior,-0.0,-0.0,-0.0,-0.0,-0.0,-0.0
10,10,loading,1.05,ed6151fb13e5fcd92e10bba4fac5b33fe71eb987004119ae3902a535ccdea75f,3303,73.0,38.0,interior,-0.0,-0.0,-0.0,-0.0,-0.0,-0.0
10,10,loading,1.05,ed6151fb13e5fcd92e10bba4fac5b33fe71eb987004119ae3902a535ccdea75f,3304,74.0,38.0,interior,-0.0,-0.0,-0.0,-0.0,-0.0,-0.0
10,10,loading,1.05,ed6151fb13e5fcd92e10bba4fac5b33fe71eb987004119ae3902a535ccdea75f,3305,75.0,38.0,interior,-0.0,-0.0,-0.0,-0.0,-0.0,-0.0
10,10,loading,1.05,ed6151fb13e5fcd92e10bba4fac5b33fe71eb987004119ae3902a535ccdea75f,3306,76.0,38.0,interior,-0.0,-0.0,-0.0,-0.0,-0.0,-0.0
10,10,loading,1.05,ed6151fb13e5fcd92e10bba4fac5b33fe71eb987004119ae3902a535ccdea75f,3307,77.0,38.0,interior,-0.0,-0.0,-0.0,-0.0,-0.0,-0.0
10,10,loading,1.05,ed6151fb13e5fcd92e10bba4fac5b33fe71eb987004119ae3902a535ccdea75f,3308,78.0,38.0,interior,-0.0,-0.0,-0.0,-0.0,-0.0,-0.0
10,10,loading,1.05,ed6151fb13e5fcd92e10bba4fac5b33fe71eb987004119ae3902a535ccdea75f,3309,79.0,38.0,interior,-0.0,-0.0,-0.0,-0.0,-0.0,-0.0
10,10,loading,1.05,ed6151fb13e5fcd92e10bba4fac5b33fe71eb987004119ae3902a535ccdea75f,3310,80.0,38.0,physical_only,7.462527327231048e-07,-5.5197702429899125e-08,5.426054642333626e-07,-4.3015112981573163e-07,2.0364726848974216e-07,3.7495342738583573e-07
10,10,loading,1.05,ed6151fb13e5fcd92e10bba4fac5b33fe71eb987004119ae3902a535ccdea75f,3377,62.0,39.0,physical_only,-5.6332573603702206e-06,1.1119282148517623e-07,-4.186671594580968e-06,1.7680237856817074e-08,-1.4465857657892515e-06,9.351258362835937e-08
10,10,loading,1.05,ed6151fb13e5fcd92e10bba4fac5b33fe71eb987004119ae3902a535ccdea75f,3378,63.0,39.0,interior,-0.0,-0.0,-0.0,-0.0,-0.0,-0.0
10,10,loading,1.05,ed6151fb13e5fcd92e10bba4fac5b33fe71eb987004119ae3902a535ccdea75f,3379,64.0,39.0,interior,-0.0,-0.0,-0.0,-0.0,-0.0,-0.0
10,10,loading,1.05,ed6151fb13e5fcd92e10bba4fac5b33fe71eb987004119ae3902a535ccdea75f,3380,65.0,39.0,interior,-0.0,-0.0,-0.0,-0.0,-0.0,-0.0
10,10,loading,1.05,ed6151fb13e5fcd92e10bba4fac5b33fe71eb987004119ae3902a535ccdea75f,3381,66.0,39.0,interior,-0.0,-0.0,-0.0,-0.0,-0.0,-0.0
10,10,loading,1.05,ed6151fb13e5fcd92e10bba4fac5b33fe71eb987004119ae3902a535ccdea75f,3382,67.0,39.0,interior,-0.0,-0.0,-0.0,-0.0,-0.0,-0.0
10,10,loading,1.05,ed6151fb13e5fcd92e10bba4fac5b33fe71eb987004119ae3902a535ccdea75f,3383,68.0,39.0,interior,-0.0,-0.0,-0.0,-0.0,-0.0,-0.0
10,10,loading,1.05,ed6151fb13e5fcd92e10bba4fac5b33fe71eb987004119ae3902a535ccdea75f,3384,69.0,39.0,interior,-0.0,-0.0,-0.0,-0.0,-0.0,-0.0
10,10,loading,1.05,ed6151fb13e5fcd92e10bba4fac5b33fe71eb987004119ae3902a535ccdea75f,3385,70.0,39.0,interior,-0.0,-0.0,-0.0,-0.0,-0.0,-0.0
10,10,loading,1.05,ed6151fb13e5fcd92e10bba4fac5b33fe71eb987004119ae3902a535ccdea75f,3386,71.0,39.0,interior,-0.0,-0.0,-0.0,-0.0,-0.0,-0.0
10,10,loading,1.05,ed6151fb13e5fcd92e10bba4fac5b33fe71eb987004119ae3902a535ccdea75f,3387,72.0,39.0,interior,-0.0,-0.0,-0.0,-0.0,-0.0,-0.0
10,10,loading,1.05,ed6151fb13e5fcd92e10bba4fac5b33fe71eb987004119ae3902a535ccdea75f,3388,73.0,39.0,interior,-0.0,-0.0,-0.0,-0.0,-0.0,-0.0
10,10,loading,1.05,ed6151fb13e5fcd92e10bba4fac5b33fe71eb987004119ae3902a535ccdea75f,3389,74.0,39.0,interior,-0.0,-0.0,-0.0,-0.0,-0.0,-0.0
10,10,loading,1.05,ed6151fb13e5fcd92e10bba4fac5b33fe71eb987004119ae3902a535ccdea75f,3390,75.0,39.0,interior,-0.0,-0.0,-0.0,-0.0,-0.0,-0.0
10,10,loading,1.05,ed6151fb13e5fcd92e10bba4fac5b33fe71eb987004119ae3902a535ccdea75f,3391,76.0,39.0,interior,-0.0,-0.0,-0.0,-0.0,-0.0,-0.0
10,10,loading,1.05,ed6151fb13e5fcd92e10bba4fac5b33fe71eb987004119ae3902a535ccdea75f,3392,77.0,39.0,interior,-0.0,-0.0,-0.0,-0.0,-0.0,-0.0
10,10,loading,1.05,ed6151fb13e5fcd92e10bba4fac5b33fe71eb987004119ae3902a535ccdea75f,3393,78.0,39.0,interior,-0.0,-0.0,-0.0,-0.0,-0.0,-0.0
10,10,loading,1.05,ed6151fb13e5fcd92e10bba4fac5b33fe71eb987004119ae3902a535ccdea75f,3394,79.0,39.0,interior,-0.0,-0.0,-0.0,-0.0,-0.0,-0.0
10,10,loading,1.05,ed6151fb13e5fcd92e10bba4fac5b33fe71eb987004119ae3902a535ccdea75f,3395,80.0,39.0,physical_only,7.427636885876027e-07,-2.741740933525044e-08,5.450830798756424e-07,-2.1476231112608132e-07,1.9768060871196035e-07,1.873449017908264e-07
10,10,loading,1.05,ed6151fb13e5fcd92e10bba4fac5b33fe71eb987004119ae3902a535ccdea75f,3462,62.0,40.0,physical_and_cut,-2.8289493219286897e-06,-1.807966574423342e-06,-2.100882450698258e-06,-9.56612909720172e-07,-7.280668712304316e-07,-8.513536647031701e-07
10,10,loading,1.05,ed6151fb13e5fcd92e10bba4fac5b33fe71eb987004119ae3902a535ccdea75f,3463,63.0,40.0,cut_only,-0.0,-0.0,-0.0,-0.0,-0.0,-0.0
10,10,loading,1.05,ed6151fb13e5fcd92e10bba4fac5b33fe71eb987004119ae3902a535ccdea75f,3464,64.0,40.0,cut_only,-0.0,-0.0,-0.0,-0.0,-0.0,-0.0
10,10,loading,1.05,ed6151fb13e5fcd92e10bba4fac5b33fe71eb987004119ae3902a535ccdea75f,3465,65.0,40.0,cut_only,-0.0,-0.0,-0.0,-0.0,-0.0,-0.0
10,10,loading,1.05,ed6151fb13e5fcd92e10bba4fac5b33fe71eb987004119ae3902a535ccdea75f,3466,66.0,40.0,cut_only,-0.0,-0.0,-0.0,-0.0,-0.0,-0.0
10,10,loading,1.05,ed6151fb13e5fcd92e10bba4fac5b33fe71eb987004119ae3902a535ccdea75f,3467,67.0,40.0,cut_only,-0.0,-0.0,-0.0,-0.0,-0.0,-0.0
10,10,loading,1.05,ed6151fb13e5fcd92e10bba4fac5b33fe71eb987004119ae3902a535ccdea75f,3468,68.0,40.0,cut_only,-0.0,-0.0,-0.0,-0.0,-0.0,-0.0
10,10,loading,1.05,ed6151fb13e5fcd92e10bba4fac5b33fe71eb987004119ae3902a535ccdea75f,3469,69.0,40.0,cut_only,-0.0,-0.0,-0.0,-0.0,-0.0,-0.0
10,10,loading,1.05,ed6151fb13e5fcd92e10bba4fac5b33fe71eb987004119ae3902a535ccdea75f,3470,70.0,40.0,cut_only,-0.0,-0.0,-0.0,-0.0,-0.0,-0.0
10,10,loading,1.05,ed6151fb13e5fcd92e10bba4fac5b33fe71eb987004119ae3902a535ccdea75f,3471,71.0,40.0,cut_only,-0.0,-0.0,-0.0,-0.0,-0.0,-0.0
10,10,loading,1.05,ed6151fb13e5fcd92e10bba4fac5b33fe71eb987004119ae3902a535ccdea75f,3472,72.0,40.0,cut_only,-0.0,-0.0,-0.0,-0.0,-0.0,-0.0
10,10,loading,1.05,ed6151fb13e5fcd92e10bba4fac5b33fe71eb987004119ae3902a535ccdea75f,3473,73.0,40.0,cut_only,-0.0,-0.0,-0.0,-0.0,-0.0,-0.0
10,10,loading,1.05,ed6151fb13e5fcd92e10bba4fac5b33fe71eb987004119ae3902a535ccdea75f,3474,74.0,40.0,cut_only,-0.0,-0.0,-0.0,-0.0,-0.0,-0.0
10,10,loading,1.05,ed6151fb13e5fcd92e10bba4fac5b33fe71eb987004119ae3902a535ccdea75f,3475,75.0,40.0,cut_only,-0.0,-0.0,-0.0,-0.0,-0.0,-0.0
10,10,loading,1.05,ed6151fb13e5fcd92e10bba4fac5b33fe71eb987004119ae3902a535ccdea75f,3476,76.0,40.0,cut_only,-0.0,-0.0,-0.0,-0.0,-0.0,-0.0
10,10,loading,1.05,ed6151fb13e5fcd92e10bba4fac5b33fe71eb987004119ae3902a535ccdea75f,3477,77.0,40.0,cut_only,-0.0,-0.0,-0.0,-0.0,-0.0,-0.0
10,10,loading,1.05,ed6151fb13e5fcd92e10bba4fac5b33fe71eb987004119ae3902a535ccdea75f,3478,78.0,40.0,cut_only,-0.0,-0.0,-0.0,-0.0,-0.0,-0.0
10,10,loading,1.05,ed6151fb13e5fcd92e10bba4fac5b33fe71eb987004119ae3902a535ccdea75f,3479,79.0,40.0,cut_only,-0.0,-0.0,-0.0,-0.0,-0.0,-0.0
10,10,loading,1.05,ed6151fb13e5fcd92e10bba4fac5b33fe71eb987004119ae3902a535ccdea75f,3480,80.0,40.0,physical_and_cut,3.707999324201953e-07,5.718996043233524e-05,2.7295053626287266e-07,-2.2052984536984852e-07,9.784939615732263e-08,5.741049027770509e-05
11,11,loading,1.1,07fa722baab21659dbcd2580242e8d0d78c7e57752470467ee4f087c979e42ec,2697,62.0,31.0,physical_only,-0.00042799774176356,-8.127555787845544e-05,-5.510043060010841e-06,6.278048930015596e-06,-0.00042248769870354916,-8.755360680847105e-05
11,11,loading,1.1,07fa722baab21659dbcd2580242e8d0d78c7e57752470467ee4f087c979e42ec,2698,63.0,31.0,physical_only,-2.5707152498721847e-06,-6.522602473787179e-05,-3.0520925600942346e-06,7.366453968461308e-06,4.813773102220499e-07,-7.25924787063331e-05
11,11,loading,1.1,07fa722baab21659dbcd2580242e8d0d78c7e57752470467ee4f087c979e42ec,2699,64.0,31.0,physical_only,-5.941461839362118e-07,-8.546010652886709e-05,-3.1228398454886287e-06,9.570980752958965e-06,2.528693661552417e-06,-9.5031087281826e-05
11,11,loading,1.1,07fa722baab21659dbcd2580242e8d0d78c7e57752470467ee4f087c979e42ec,2700,65.0,31.0,physical_only,3.6348823672742945e-08,-0.00011530131409149169,-3.2114510294943773e-06,1.211437719253226e-05,3.247799853167121e-06,-0.00012741569128402397
11,11,loading,1.1,07fa722baab21659dbcd2580242e8d0d78c7e57752470467ee4f087c979e42ec,2701,66.0,31.0,physical_only,-1.107561449278172e-06,-0.00015325915300992666,-3.321414330465358e-06,1.5107579913960785e-05,2.2138528811871856e-06,-0.00016836673292388758
11,11,loading,1.1,07fa722baab21659dbcd2580242e8d0d78c7e57752470467ee4f087c979e42ec,2702,67.0,31.0,physical_only,-4.250791797257804e-06,-0.00019776061824433664,-3.4518064938097032e-06,1.868951321976538e-05,-7.989853034480991e-07,-0.00021645013146410195
11,11,loading,1.1,07fa722baab21659dbcd2580242e8d0d78c7e57752470467ee4f087c979e42ec,2703,68.0,31.0,physical_only,-5.517456712962826e-06,-0.00025155646858951767,-3.6043758676201433e-06,2.3039012159129715e-05,-1.9130808453426835e-06,-0.00027459548074864736
11,11,loading,1.1,07fa722baab21659dbcd2580242e8d0d78c7e57752470467ee4f087c979e42ec,2704,69.0,31.0,physical_only,-7.377364889560274e-06,-0.0003191341926614118,-3.7847513699566228e-06,2.840437297452398e-05,-3.592613519603652e-06,-0.00034753856563593576
11,11,loading,1.1,07fa722baab21659dbcd2580242e8d0d78c7e57752470467ee4f087c979e42ec,2705,70.0,31.0,physical_only,-9.809739955585844e-06,-0.00040170740759061865,-4.003650009920177e-06,3.5150741091608505e-05,-5.806089945665667e-06,-0.0004368581486822274
11,11,loading,1.1,07fa722baab21659dbcd2580242e8d0d78c7e57752470467ee4f087c979e42ec,2706,71.0,31.0,physical_only,-1.2775922489497858e-05,-0.00050173350615985,-4.2766189814913824e-06,4.3833991085902845e-05,-8.499303508006475e-06,-0.0005455674972457531
11,11,loading,1.1,07fa722baab21659dbcd2580242e8d0d78c7e57752470467ee4f087c979e42ec,2707,72.0,31.0,physical_only,-1.600938505571943e-05,-0.0006217551336274575,-4.628372453313409e-06,5.533935170513044e-05,-1.138101260240602e-05,-0.0006770944853325875
11,11,loading,1.1,07fa722baab21659dbcd2580242e8d0d78c7e57752470467ee4f087c979e42ec,2708,73.0,31.0,physical_only,-1.8562428062380087e-05,-0.0007658685474893874,-5.1009110293114835e-06,7.116163992593823e-05,-1.34615170330686e-05,-0.0008370301874153258
11,11,loading,1.1,07fa722baab21659dbcd2580242e8d0d78c7e57752470467ee4f087c979e42ec,2709,74.0,31.0,physical_only,-2.2305547433420004e-05,-0.0009388607931064899,-5.7705311169702625e-06,9.402570395463433e-05,-1.6535016316449748e-05,-0.0010328864970611243
11,11,loading,1.1,07fa722baab21659dbcd2580242e8d0d78c7e57752470467ee4f087c979e42ec,2710,75.0,31.0,physical_only,-3.171195593962978e-05,-0.0011437692010068867,-6.789383068868293e-06,0.00012943401470424275,-2.4922572870761472e-05,-0.0012732032157111292
11,11,loading,1.1,07fa722baab21659dbcd2580242e8d0d78c7e57752470467ee4f087c979e42ec,2711,76.0,31.0,physical_only,-6.908065092518689e-05,-0.0013700200823117854,-8.502521369440394e-06,0.00019022737424906146,-6.057812955574649e-05,-0.0015602474565608471
11,11,loading,1.1,07fa722baab21659dbcd2580242e8d0d78c7e57752470467ee4f087c979e42ec,2712,77.0,31.0,physical_only,-0.00019170973030905615,-0.0014623789159195159,-1.1813095801497122e-05,0.0003133703104119919,-0.00017989663450755904,-0.0017757492263315074
11,11,loading,1.1,07fa722baab21659dbcd2580242e8d0d78c7e57752470467ee4f087c979e42ec,2713,78.0,31.0,physical_only,-0.0003809439017393393,-0.0013954524282843179,-2.0906929659321258e-05,0.0006671066748245718,-0.00036003697208001804,-0.002062559103108888
11,11,loading,1.1,07fa722baab21659dbcd2580242e8d0d78c7e57752470467ee4f087c979e42ec,2714,79.0,31.0,physical_only,-0.0006999707915393172,0.005847994614170941,-4.6915003531109596e-05,0.0024779277086896413,-0.0006530557880082077,0.003370066905481299
11,11,loading,1.1,07fa722baab21659dbcd2580242e8d0d78c7e57752470467ee4f087c979e42ec,2715,80.0,31.0,physical_only,-0.0003257337475176506,0.0878780571363217,-0.00196165878756169,0.07831347548393343,0.0016359250400440396,0.009564581652388281
11,11,loading,1.1,07fa722baab21659dbcd2580242e8d0d78c7e57752470467ee4f087c979e42ec,2782,62.0,32.0,physical_only,-7.586985963206526e-06,-1.0974520993871145e-06,-3.2547975336280944e-06,1.318444461245992e-07,-4.33218842957843e-06,-1.2292965455117132e-06
11,11,loading,1.1,07fa722baab21659dbcd2580242e8d0d78c7e57752470467ee4f087c979e42ec,2783,63.0,32.0,interior,-0.0,-0.0,-0.0,-0.0,-0.0,-0.0
11,11,loading,1.1,07fa722baab21659dbcd2580242e8d0d78c7e57752470467ee4f087c979e42ec,2784,64.0,32.0,interior,-0.0,-0.0,-0.0,-0.0,-0.0,-0.0
11,11,loading,1.1,07fa722baab21659dbcd2580242e8d0d78c7e57752470467ee4f087c979e42ec,2785,65.0,32.0,interior,-0.0,-0.0,-0.0,-0.0,-0.0,-0.0
11,11,loading,1.1,07fa722baab21659dbcd2580242e8d0d78c7e57752470467ee4f087c979e42ec,2786,66.0,32.0,interior,-0.0,-0.0,-0.0,-0.0,-0.0,-0.0
11,11,loading,1.1,07fa722baab21659dbcd2580242e8d0d78c7e57752470467ee4f087c979e42ec,2787,67.0,32.0,interior,-0.0,-0.0,-0.0,-0.0,-0.0,-0.0
11,11,loading,1.1,07fa722baab21659dbcd2580242e8d0d78c7e57752470467ee4f087c979e42ec,2788,68.0,32.0,interior,-0.0,-0.0,-0.0,-0.0,-0.0,-0.0
11,11,loading,1.1,07fa722baab21659dbcd2580242e8d0d78c7e57752470467ee4f087c979e42ec,2789,69.0,32.0,interior,-0.0,-0.0,-0.0,-0.0,-0.0,-0.0
11,11,loading,1.1,07fa722baab21659dbcd2580242e8d0d78c7e57752470467ee4f087c979e42ec,2790,70.0,32.0,interior,-0.0,-0.0,-0.0,-0.0,-0.0,-0.0
11,11,loading,1.1,07fa722baab21659dbcd2580242e8d0d78c7e57752470467ee4f087c979e42ec,2791,71.0,32.0,interior,-0.0,-0.0,-0.0,-0.0,-0.0,-0.0
11,11,loading,1.1,07fa722baab21659dbcd2580242e8d0d78c7e57752470467ee4f087c979e42ec,2792,72.0,32.0,interior,-0.0,-0.0,-0.0,-0.0,-0.0,-0.0
11,11,loading,1.1,07fa722baab21659dbcd2580242e8d0d78c7e57752470467ee4f087c979e42ec,2793,73.0,32.0,interior,-0.0,-0.0,-0.0,-0.0,-0.0,-0.0
11,11,loading,1.1,07fa722baab21659dbcd2580242e8d0d78c7e57752470467ee4f087c979e42ec,2794,74.0,32.0,interior,-0.0,-0.0,-0.0,-0.0,-0.0,-0.0
11,11,loading,1.1,07fa722baab21659dbcd2580242e8d0d78c7e57752470467ee4f087c979e42ec,2795,75.0,32.0,interior,-0.0,-0.0,-0.0,-0.0,-0.0,-0.0
11,11,loading,1.1,07fa722baab21659dbcd2580242e8d0d78c7e57752470467ee4f087c979e42ec,2796,76.0,32.0,interior,-0.0,-0.0,-0.0,-0.0,-0.0,-0.0
11,11,loading,1.1,07fa722baab21659dbcd2580242e8d0d78c7e57752470467ee4f087c979e42ec,2797,77.0,32.0,interior,-0.0,-0.0,-0.0,-0.0,-0.0,-0.0
11,11,loading,1.1,07fa722baab21659dbcd2580242e8d0d78c7e57752470467ee4f087c979e42ec,2798,78.0,32.0,interior,-0.0,-0.0,-0.0,-0.0,-0.0,-0.0
11,11,loading,1.1,07fa722baab21659dbcd2580242e8d0d78c7e57752470467ee4f087c979e42ec,2799,79.0,32.0,interior,-0.0,-0.0,-0.0,-0.0,-0.0,-0.0
11,11,loading,1.1,07fa722baab21659dbcd2580242e8d0d78c7e57752470467ee4f087c979e42ec,2800,80.0,32.0,physical_only,8.208327857210064e-07,-2.582728992198607e-07,4.810007459851008e-07,-1.7885367816385928e-06,3.398320397359056e-07,1.5302638824187312e-06
11,11,loading,1.1,07fa722baab21659dbcd2580242e8d0d78c7e57752470467ee4f087c979e42ec,2867,62.0,33.0,physical_only,-6.075847175242811e-06,-7.450189404299219e-07,-3.491130423317915e-06,1.0209629819534206e-07,-2.584716751924896e-06,-8.47115238625264e-07
11,11,loading,1.1,07fa722baab21659dbcd2580242e8d0d78c7e57752470467ee4f087c979e42ec,2868,63.0,33.0,interior,-0.0,-0.0,-0.0,-0.0,-0.0,-0.0
11,11,loading,1.1,07fa722baab21659dbcd2580242e8d0d78c7e57752470467ee4f087c979e42ec,2869,64.0,33.0,interior,-0.0,-0.0,-0.0,-0.0,-0.0,-0.0
11,11,loading,1.1,07fa722baab21659dbcd2580242e8d0d78c7e57752470467ee4f087c979e42ec,2870,65.0,33.0,interior,-0.0,-0.0,-0.0,-0.0,-0.0,-0.0
11,11,loading,1.1,07fa722baab21659dbcd2580242e8d0d78c7e57752470467ee4f087c979e42ec,2871,66.0,33.0,interior,-0.0,-0.0,-0.0,-0.0,-0.0,-0.0
11,11,loading,1.1,07fa722baab21659dbcd2580242e8d0d78c7e57752470467ee4f087c979e42ec,2872,67.0,33.0,interior,-0.0,-0.0,-0.0,-0.0,-0.0,-0.0
11,11,loading,1.1,07fa722baab21659dbcd2580242e8d0d78c7e57752470467ee4f087c979e42ec,2873,68.0,33.0,interior,-0.0,-0.0,-0.0,-0.0,-0.0,-0.0
11,11,loading,1.1,07fa722baab21659dbcd2580242e8d0d78c7e57752470467ee4f087c979e42ec,2874,69.0,33.0,interior,-0.0,-0.0,-0.0,-0.0,-0.0,-0.0
11,11,loading,1.1,07fa722baab21659dbcd2580242e8d0d78c7e57752470467ee4f087c979e42ec,2875,70.0,33.0,interior,-0.0,-0.0,-0.0,-0.0,-0.0,-0.0
11,11,loading,1.1,07fa722baab21659dbcd2580242e8d0d78c7e57752470467ee4f087c979e42ec,2876,71.0,33.0,interior,-0.0,-0.0,-0.0,-0.0,-0.0,-0.0
11,11,loading,1.1,07fa722baab21659dbcd2580242e8d0d78c7e57752470467ee4f087c979e42ec,2877,72.0,33.0,interior,-0.0,-0.0,-0.0,-0.0,-0.0,-0.0
11,11,loading,1.1,07fa722baab21659dbcd2580242e8d0d78c7e57752470467ee4f087c979e42ec,2878,73.0,33.0,interior,-0.0,-0.0,-0.0,-0.0,-0.0,-0.0
11,11,loading,1.1,07fa722baab21659dbcd2580242e8d0d78c7e57752470467ee4f087c979e42ec,2879,74.0,33.0,interior,-0.0,-0.0,-0.0,-0.0,-0.0,-0.0
11,11,loading,1.1,07fa722baab21659dbcd2580242e8d0d78c7e57752470467ee4f087c979e42ec,2880,75.0,33.0,interior,-0.0,-0.0,-0.0,-0.0,-0.0,-0.0
11,11,loading,1.1,07fa722baab21659dbcd2580242e8d0d78c7e57752470467ee4f087c979e42ec,2881,76.0,33.0,interior,-0.0,-0.0,-0.0,-0.0,-0.0,-0.0
11,11,loading,1.1,07fa722baab21659dbcd2580242e8d0d78c7e57752470467ee4f087c979e42ec,2882,77.0,33.0,interior,-0.0,-0.0,-0.0,-0.0,-0.0,-0.0
11,11,loading,1.1,07fa722baab21659dbcd2580242e8d0d78c7e57752470467ee4f087c979e42ec,2883,78.0,33.0,interior,-0.0,-0.0,-0.0,-0.0,-0.0,-0.0
11,11,loading,1.1,07fa722baab21659dbcd2580242e8d0d78c7e57752470467ee4f087c979e42ec,2884,79.0,33.0,interior,-0.0,-0.0,-0.0,-0.0,-0.0,-0.0
11,11,loading,1.1,07fa722baab21659dbcd2580242e8d0d78c7e57752470467ee4f087c979e42ec,2885,80.0,33.0,physical_only,8.040504171049636e-07,-2.170745782876794e-07,4.973889093229905e-07,-1.554237821799766e-06,3.0666150778197296e-07,1.3371632435120825e-06
11,11,loading,1.1,07fa722baab21659dbcd2580242e8d0d78c7e57752470467ee4f087c979e42ec,2952,62.0,34.0,physical_only,-5.376727789853024e-06,-2.644004623162217e-07,-3.6805297912113355e-06,8.402649264883118e-08,-1.6961979986416898e-06,-3.484269549650527e-07
11,11,loading,1.1,07fa722baab21659dbcd2580242e8d0d78c7e57752470467ee4f087c979e42ec,2953,63.0,34.0,interior,-0.0,-0.0,-0.0,-0.0,-0.0,-0.0
11,11,loading,1.1,07fa722baab21659dbcd2580242e8d0d78c7e57752470467ee4f087c979e42ec,2954,64.0,34.0,interior,-0.0,-0.0,-0.0,-0.0,-0.0,-0.0
11,11,loading,1.1,07fa722baab21659dbcd2580242e8d0d78c7e57752470467ee4f087c979e42ec,2955,65.0,34.0,interior,-0.0,-0.0,-0.0,-0.0,-0.0,-0.0
11,11,loading,1.1,07fa722baab21659dbcd2580242e8d0d78c7e57752470467ee4f087c979e42ec,2956,66.0,34.0,interior,-0.0,-0.0,-0.0,-0.0,-0.0,-0.0
11,11,loading,1.1,07fa722baab21659dbcd2580242e8d0d78c7e57752470467ee4f087c979e42ec,2957,67.0,34.0,interior,-0.0,-0.0,-0.0,-0.0,-0.0,-0.0
11,11,loading,1.1,07fa722baab21659dbcd2580242e8d0d78c7e57752470467ee4f087c979e42ec,2958,68.0,34.0,interior,-0.0,-0.0,-0.0,-0.0,-0.0,-0.0
11,11,loading,1.1,07fa722baab21659dbcd2580242e8d0d78c7e57752470467ee4f087c979e42ec,2959,69.0,34.0,interior,-0.0,-0.0,-0.0,-0.0,-0.0,-0.0
11,11,loading,1.1,07fa722baab21659dbcd2580242e8d0d78c7e57752470467ee4f087c979e42ec,2960,70.0,34.0,interior,-0.0,-0.0,-0.0,-0.0,-0.0,-0.0
11,11,loading,1.1,07fa722baab21659dbcd2580242e8d0d78c7e57752470467ee4f087c979e42ec,2961,71.0,34.0,interior,-0.0,-0.0,-0.0,-0.0,-0.0,-0.0
11,11,loading,1.1,07fa722baab21659dbcd2580242e8d0d78c7e57752470467ee4f087c979e42ec,2962,72.0,34.0,interior,-0.0,-0.0,-0.0,-0.0,-0.0,-0.0
11,11,loading,1.1,07fa722baab21659dbcd2580242e8d0d78c7e57752470467ee4f087c979e42ec,2963,73.0,34.0,interior,-0.0,-0.0,-0.0,-0.0,-0.0,-0.0
11,11,loading,1.1,07fa722baab21659dbcd2580242e8d0d78c7e57752470467ee4f087c979e42ec,2964,74.0,34.0,interior,-0.0,-0.0,-0.0,-0.0,-0.0,-0.0
11,11,loading,1.1,07fa722baab21659dbcd2580242e8d0d78c7e57752470467ee4f087c979e42ec,2965,75.0,34.0,interior,-0.0,-0.0,-0.0,-0.0,-0.0,-0.0
11,11,loading,1.1,07fa722baab21659dbcd2580242e8d0d78c7e57752470467ee4f087c979e42ec,2966,76.0,34.0,interior,-0.0,-0.0,-0.0,-0.0,-0.0,-0.0
11,11,loading,1.1,07fa722baab21659dbcd2580242e8d0d78c7e57752470467ee4f087c979e42ec,2967,77.0,34.0,interior,-0.0,-0.0,-0.0,-0.0,-0.0,-0.0
11,11,loading,1.1,07fa722baab21659dbcd2580242e8d0d78c7e57752470467ee4f087c979e42ec,2968,78.0,34.0,interior,-0.0,-0.0,-0.0,-0.0,-0.0,-0.0
11,11,loading,1.1,07fa722baab21659dbcd2580242e8d0d78c7e57752470467ee4f087c979e42ec,2969,79.0,34.0,interior,-0.0,-0.0,-0.0,-0.0,-0.0,-0.0
11,11,loading,1.1,07fa722baab21659dbcd2580242e8d0d78c7e57752470467ee4f087c979e42ec,2970,80.0,34.0,physical_only,7.89234413495415e-07,-1.8002185300516557e-07,5.108222770517557e-07,-1.3241713981798443e-06,2.7841213644365906e-07,1.1441495451746864e-06
11,11,loading,1.1,07fa722baab21659dbcd2580242e8d0d78c7e57752470467ee4f087c979e42ec,3037,62.0,35.0,physical_only,-5.213243752686169e-06,9.221666628509397e-08,-3.836722007797708e-06,7.195314059115029e-08,-1.3765217448884609e-06,2.0263525693943825e-08
11,11,loading,1.1,07fa722baab21659dbcd2580242e8d0d78c7e57752470467ee4f087c979e42ec,3038,63.0,35.0,interior,-0.0,-0.0,-0.0,-0.0,-0.0,-0.0
11,11,loading,1.1,07fa722baab21659dbcd2580242e8d0d78c7e57752470467ee4f087c979e42ec,3039,64.0,35.0,interior,-0.0,-0.0,-0.0,-0.0,-0.0,-0.0
11,11,loading,1.1,07fa722baab21659dbcd2580242e8d0d78c7e57752470467ee4f087c979e42ec,3040,65.0,35.0,interior,-0.0,-0.0,-0.0,-0.0,-0.0,-0.0
11,11,loading,1.1,07fa722baab21659dbcd2580242e8d0d78c7e57752470467ee4f087c979e42ec,3041,66.0,35.0,interior,-0.0,-0.0,-0.0,-0.0,-0.0,-0.0
11,11,loading,1.1,07fa722baab21659dbcd2580242e8d0d78c7e57752470467ee4f087c979e42ec,3042,67.0,35.0,interior,-0.0,-0.0,-0.0,-0.0,-0.0,-0.0
11,11,loading,1.1,07fa722baab21659dbcd2580242e8d0d78c7e57752470467ee4f087c979e42ec,3043,68.0,35.0,interior,-0.0,-0.0,-0.0,-0.0,-0.0,-0.0
11,11,loading,1.1,07fa722baab21659dbcd2580242e8d0d78c7e57752470467ee4f087c979e42ec,3044,69.0,35.0,interior,-0.0,-0.0,-0.0,-0.0,-0.0,-0.0
11,11,loading,1.1,07fa722baab21659dbcd2580242e8d0d78c7e57752470467ee4f087c979e42ec,3045,70.0,35.0,interior,-0.0,-0.0,-0.0,-0.0,-0.0,-0.0
11,11,loading,1.1,07fa722baab21659dbcd2580242e8d0d78c7e57752470467ee4f087c979e42ec,3046,71.0,35.0,interior,-0.0,-0.0,-0.0,-0.0,-0.0,-0.0
11,11,loading,1.1,07fa722baab21659dbcd2580242e8d0d78c7e57752470467ee4f087c979e42ec,3047,72.0,35.0,interior,-0.0,-0.0,-0.0,-0.0,-0.0,-0.0
11,11,loading,1.1,07fa722baab21659dbcd2580242e8d0d78c7e57752470467ee4f087c979e42ec,3048,73.0,35.0,interior,-0.0,-0.0,-0.0,-0.0,-0.0,-0.0
11,11,loading,1.1,07fa722baab21659dbcd2580242e8d0d78c7e57752470467ee4f087c979e42ec,3049,74.0,35.0,interior,-0.0,-0.0,-0.0,-0.0,-0.0,-0.0
11,11,loading,1.1,07fa722baab21659dbcd2580242e8d0d78c7e57752470467ee4f087c979e42ec,3050,75.0,35.0,interior,-0.0,-0.0,-0.0,-0.0,-0.0,-0.0
11,11,loading,1.1,07fa722baab21659dbcd2580242e8d0d78c7e57752470467ee4f087c979e42ec,3051,76.0,35.0,interior,-0.0,-0.0,-0.0,-0.0,-0.0,-0.0
11,11,loading,1.1,07fa722baab21659dbcd2580242e8d0d78c7e57752470467ee4f087c979e42ec,3052,77.0,35.0,interior,-0.0,-0.0,-0.0,-0.0,-0.0,-0.0
11,11,loading,1.1,07fa722baab21659dbcd2580242e8d0d78c7e57752470467ee4f087c979e42ec,3053,78.0,35.0,interior,-0.0,-0.0,-0.0,-0.0,-0.0,-0.0
11,11,loading,1.1,07fa722baab21659dbcd2580242e8d0d78c7e57752470467ee4f087c979e42ec,3054,79.0,35.0,interior,-0.0,-0.0,-0.0,-0.0,-0.0,-0.0
11,11,loading,1.1,07fa722baab21659dbcd2580242e8d0d78c7e57752470467ee4f087c979e42ec,3055,80.0,35.0,physical_only,7.765500719587381e-07,-1.4606222943040482e-07,5.216371337124746e-07,-1.0977781893035479e-06,2.549129382462636e-07,9.51715959873139e-07
11,11,loading,1.1,07fa722baab21659dbcd2580242e8d0d78c7e57752470467ee4f087c979e42ec,3122,62.0,36.0,physical_only,-5.3029874273341716e-06,2.596702398692027e-07,-3.965662292016366e-06,6.113904918608882e-08,-1.337325135317806e-06,1.9853119068311407e-07
11,11,loading,1.1,07fa722baab21659dbcd2580242e8d0d78c7e57752470467ee4f087c979e42ec,3123,63.0,36.0,interior,-0.0,-0.0,-0.0,-0.0,-0.0,-0.0
11,11,loading,1.1,07fa722baab21659dbcd2580242e8d0d78c7e57752470467ee4f087c979e42ec,3124,64.0,36.0,interior,-0.0,-0.0,-0.0,-0.0,-0.0,-0.0
11,11,loading,1.1,07fa722baab21659dbcd2580242e8d0d78c7e57752470467ee4f087c979e42ec,3125,65.0,36.0,interior,-0.0,-0.0,-0.0,-0.0,-0.0,-0.0
11,11,loading,1.1,07fa722baab21659dbcd2580242e8d0d78c7e57752470467ee4f087c979e42ec,3126,66.0,36.0,interior,-0.0,-0.0,-0.0,-0.0,-0.0,-0.0
11,11,loading,1.1,07fa722baab21659dbcd2580242e8d0d78c7e57752470467ee4f087c979e42ec,3127,67.0,36.0,interior,-0.0,-0.0,-0.0,-0.0,-0.0,-0.0
11,11,loading,1.1,07fa722baab21659dbcd2580242e8d0d78c7e57752470467ee4f087c979e42ec,3128,68.0,36.0,interior,-0.0,-0.0,-0.0,-0.0,-0.0,-0.0
11,11,loading,1.1,07fa722baab21659dbcd2580242e8d0d78c7e57752470467ee4f087c979e42ec,3129,69.0,36.0,interior,-0.0,-0.0,-0.0,-0.0,-0.0,-0.0
11,11,loading,1.1,07fa722baab21659dbcd2580242e8d0d78c7e57752470467ee4f087c979e42ec,3130,70.0,36.0,interior,-0.0,-0.0,-0.0,-0.0,-0.0,-0.0
11,11,loading,1.1,07fa722baab21659dbcd2580242e8d0d78c7e57752470467ee4f087c979e42ec,3131,71.0,36.0,interior,-0.0,-0.0,-0.0,-0.0,-0.0,-0.0
11,11,loading,1.1,07fa722baab21659dbcd2580242e8d0d78c7e57752470467ee4f087c979e42ec,3132,72.0,36.0,interior,-0.0,-0.0,-0.0,-0.0,-0.0,-0.0
11,11,loading,1.1,07fa722baab21659dbcd2580242e8d0d78c7e57752470467ee4f087c979e42ec,3133,73.0,36.0,interior,-0.0,-0.0,-0.0,-0.0,-0.0,-0.0
11,11,loading,1.1,07fa722baab21659dbcd2580242e8d0d78c7e57752470467ee4f087c979e42ec,3134,74.0,36.0,interior,-0.0,-0.0,-0.0,-0.0,-0.0,-0.0
11,11,loading,1.1,07fa722baab21659dbcd2580242e8d0d78c7e57752470467ee4f087c979e42ec,3135,75.0,36.0,interior,-0.0,-0.0,-0.0,-0.0,-0.0,-0.0
11,11,loading,1.1,07fa722baab21659dbcd2580242e8d0d78c7e57752470467ee4f087c979e42ec,3136,76.0,36.0,interior,-0.0,-0.0,-0.0,-0.0,-0.0,-0.0
11,11,loading,1.1,07fa722baab21659dbcd2580242e8d0d78c7e57752470467ee4f087c979e42ec,3137,77.0,36.0,interior,-0.0,-0.0,-0.0,-0.0,-0.0,-0.0
11,11,loading,1.1,07fa722baab21659dbcd2580242e8d0d78c7e57752470467ee4f087c979e42ec,3138,78.0,36.0,interior,-0.0,-0.0,-0.0,-0.0,-0.0,-0.0
11,11,loading,1.1,07fa722baab21659dbcd2580242e8d0d78c7e57752470467ee4f087c979e42ec,3139,79.0,36.0,interior,-0.0,-0.0,-0.0,-0.0,-0.0,-0.0
11,11,loading,1.1,07fa722baab21659dbcd2580242e8d0d78c7e57752470467ee4f087c979e42ec,3140,80.0,36.0,physical_only,7.66094664049568e-07,-1.1440862975480205e-07,5.301132462963885e-07,-8.744754144687429e-07,2.3598141775317966e-07,7.600667847139416e-07
11,11,loading,1.1,07fa722baab21659dbcd2580242e8d0d78c7e57752470467ee4f087c979e42ec,3207,62.0,37.0,physical_only,-5.457812371745491e-06,2.823252654014304e-07,-4.068317596243874e-06,4.886431777194879e-08,-1.3894947755016174e-06,2.3346094762948166e-07
11,11,loading,1.1,07fa722baab21659dbcd2580242e8d0d78c7e57752470467ee4f087c979e42ec,3208,63.0,37.0,interior,-0.0,-0.0,-0.0,-0.0,-0.0,-0.0
11,11,loading,1.1,07fa722baab21659dbcd2580242e8d0d78c7e57752470467ee4f087c979e42ec,3209,64.0,37.0,interior,-0.0,-0.0,-0.0,-0.0,-0.0,-0.0
11,11,loading,1.1,07fa722baab21659dbcd2580242e8d0d78c7e57752470467ee4f087c979e42ec,3210,65.0,37.0,interior,-0.0,-0.0,-0.0,-0.0,-0.0,-0.0
11,11,loading,1.1,07fa722baab21659dbcd2580242e8d0d78c7e57752470467ee4f087c979e42ec,3211,66.0,37.0,interior,-0.0,-0.0,-0.0,-0.0,-0.0,-0.0
11,11,loading,1.1,07fa722baab21659dbcd2580242e8d0d78c7e57752470467ee4f087c979e42ec,3212,67.0,37.0,interior,-0.0,-0.0,-0.0,-0.0,-0.0,-0.0
11,11,loading,1.1,07fa722baab21659dbcd2580242e8d0d78c7e57752470467ee4f087c979e42ec,3213,68.0,37.0,interior,-0.0,-0.0,-0.0,-0.0,-0.0,-0.0
11,11,loading,1.1,07fa722baab21659dbcd2580242e8d0d78c7e57752470467ee4f087c979e42ec,3214,69.0,37.0,interior,-0.0,-0.0,-0.0,-0.0,-0.0,-0.0
11,11,loading,1.1,07fa722baab21659dbcd2580242e8d0d78c7e57752470467ee4f087c979e42ec,3215,70.0,37.0,interior,-0.0,-0.0,-0.0,-0.0,-0.0,-0.0
11,11,loading,1.1,07fa722baab21659dbcd2580242e8d0d78c7e57752470467ee4f087c979e42ec,3216,71.0,37.0,interior,-0.0,-0.0,-0.0,-0.0,-0.0,-0.0
11,11,loading,1.1,07fa722baab21659dbcd2580242e8d0d78c7e57752470467ee4f087c979e42ec,3217,72.0,37.0,interior,-0.0,-0.0,-0.0,-0.0,-0.0,-0.0
11,11,loading,1.1,07fa722baab21659dbcd2580242e8d0d78c7e57752470467ee4f087c979e42ec,3218,73.0,37.0,interior,-0.0,-0.0,-0.0,-0.0,-0.0,-0.0
11,11,loading,1.1,07fa722baab21659dbcd2580242e8d0d78c7e57752470467ee4f087c979e42ec,3219,74.0,37.0,interior,-0.0,-0.0,-0.0,-0.0,-0.0,-0.0
11,11,loading,1.1,07fa722baab21659dbcd2580242e8d0d78c7e57752470467ee4f087c979e42ec,3220,75.0,37.0,interior,-0.0,-0.0,-0.0,-0.0,-0.0,-0.0
11,11,loading,1.1,07fa722baab21659dbcd2580242e8d0d78c7e57752470467ee4f087c979e42ec,3221,76.0,37.0,interior,-0.0,-0.0,-0.0,-0.0,-0.0,-0.0
11,11,loading,1.1,07fa722baab21659dbcd2580242e8d0d78c7e57752470467ee4f087c979e42ec,3222,77.0,37.0,interior,-0.0,-0.0,-0.0,-0.0,-0.0,-0.0
11,11,loading,1.1,07fa722baab21659dbcd2580242e8d0d78c7e57752470467ee4f087c979e42ec,3223,78.0,37.0,interior,-0.0,-0.0,-0.0,-0.0,-0.0,-0.0
11,11,loading,1.1,07fa722baab21659dbcd2580242e8d0d78c7e57752470467ee4f087c979e42ec,3224,79.0,37.0,interior,-0.0,-0.0,-0.0,-0.0,-0.0,-0.0
11,11,loading,1.1,07fa722baab21659dbcd2580242e8d0d78c7e57752470467ee4f087c979e42ec,3225,80.0,37.0,physical_only,7.579248004720367e-07,-8.444570043390423e-08,5.364760759736273e-07,-6.53662921667501e-07,2.2144872449840937e-07,5.692172212335957e-07
11,11,loading,1.1,07fa722baab21659dbcd2580242e8d0d78c7e57752470467ee4f087c979e42ec,3292,62.0,38.0,physical_only,-5.589464887949196e-06,2.1791452232660343e-07,-4.14341891598389e-06,3.427759093506853e-08,-1.446045971965306e-06,1.836369313915349e-07
11,11,loading,1.1,07fa722baab21659dbcd2580242e8d0d78c7e57752470467ee4f087c979e42ec,3293,63.0,38.0,interior,-0.0,-0.0,-0.0,-0.0,-0.0,-0.0
11,11,loading,1.1,07fa722baab21659dbcd2580242e8d0d78c7e57752470467ee4f087c979e42ec,3294,64.0,38.0,interior,-0.0,-0.0,-0.0,-0.0,-0.0,-0.0
11,11,loading,1.1,07fa722baab21659dbcd2580242e8d0d78c7e57752470467ee4f087c979e42ec,3295,65.0,38.0,interior,-0.0,-0.0,-0.0,-0.0,-0.0,-0.0
11,11,loading,1.1,07fa722baab21659dbcd2580242e8d0d78c7e57752470467ee4f087c979e42ec,3296,66.0,38.0,interior,-0.0,-0.0,-0.0,-0.0,-0.0,-0.0
11,11,loading,1.1,07fa722baab21659dbcd2580242e8d0d78c7e57752470467ee4f087c979e42ec,3297,67.0,38.0,interior,-0.0,-0.0,-0.0,-0.0,-0.0,-0.0
11,11,loading,1.1,07fa722baab21659dbcd2580242e8d0d78c7e57752470467ee4f087c979e42ec,3298,68.0,38.0,interior,-0.0,-0.0,-0.0,-0.0,-0.0,-0.0
11,11,loading,1.1,07fa722baab21659dbcd2580242e8d0d78c7e57752470467ee4f087c979e42ec,3299,69.0,38.0,interior,-0.0,-0.0,-0.0,-0.0,-0.0,-0.0
11,11,loading,1.1,07fa722baab21659dbcd2580242e8d0d78c7e57752470467ee4f087c979e42ec,3300,70.0,38.0,interior,-0.0,-0.0,-0.0,-0.0,-0.0,-0.0
11,11,loading,1.1,07fa722baab21659dbcd2580242e8d0d78c7e57752470467ee4f087c979e42ec,3301,71.0,38.0,interior,-0.0,-0.0,-0.0,-0.0,-0.0,-0.0
11,11,loading,1.1,07fa722baab21659dbcd2580242e8d0d78c7e57752470467ee4f087c979e42ec,3302,72.0,38.0,interior,-0.0,-0.0,-0.0,-0.0,-0.0,-0.0
11,11,loading,1.1,07fa722baab21659dbcd2580242e8d0d78c7e57752470467ee4f087c979e42ec,3303,73.0,38.0,interior,-0.0,-0.0,-0.0,-0.0,-0.0,-0.0
11,11,loading,1.1,07fa722baab21659dbcd2580242e8d0d78c7e57752470467ee4f087c979e42ec,3304,74.0,38.0,interior,-0.0,-0.0,-0.0,-0.0,-0.0,-0.0
11,11,loading,1.1,07fa722baab21659dbcd2580242e8d0d78c7e57752470467ee4f087c979e42ec,3305,75.0,38.0,interior,-0.0,-0.0,-0.0,-0.0,-0.0,-0.0
11,11,loading,1.1,07fa722baab21659dbcd2580242e8d0d78c7e57752470467ee4f087c979e42ec,3306,76.0,38.0,interior,-0.0,-0.0,-0.0,-0.0,-0.0,-0.0
11,11,loading,1.1,07fa722baab21659dbcd2580242e8d0d78c7e57752470467ee4f087c979e42ec,3307,77.0,38.0,interior,-0.0,-0.0,-0.0,-0.0,-0.0,-0.0
11,11,loading,1.1,07fa722baab21659dbcd2580242e8d0d78c7e57752470467ee4f087c979e42ec,3308,78.0,38.0,interior,-0.0,-0.0,-0.0,-0.0,-0.0,-0.0
11,11,loading,1.1,07fa722baab21659dbcd2580242e8d0d78c7e57752470467ee4f087c979e42ec,3309,79.0,38.0,interior,-0.0,-0.0,-0.0,-0.0,-0.0,-0.0
11,11,loading,1.1,07fa722baab21659dbcd2580242e8d0d78c7e57752470467ee4f087c979e42ec,3310,80.0,38.0,physical_only,7.520726693049516e-07,-5.56702499002979e-08,5.408987582797969e-07,-4.347280057692415e-07,2.1117391102515445e-07,3.790577558689394e-07
11,11,loading,1.1,07fa722baab21659dbcd2580242e8d0d78c7e57752470467ee4f087c979e42ec,3377,62.0,39.0,physical_only,-5.668059477144881e-06,1.1472307331003194e-07,-4.189288456795501e-06,1.7690562861438247e-08,-1.4787710203493795e-06,9.70325104485937e-08
11,11,loading,1.1,07fa722baab21659dbcd2580242e8d0d78c7e57752470467ee4f087c979e42ec,3378,63.0,39.0,interior,-0.0,-0.0,-0.0,-0.0,-0.0,-0.0
11,11,loading,1.1,07fa722baab21659dbcd2580242e8d0d78c7e57752470467ee4f087c979e42ec,3379,64.0,39.0,interior,-0.0,-0.0,-0.0,-0.0,-0.0,-0.0
11,11,loading,1.1,07fa722baab21659dbcd2580242e8d0d78c7e57752470467ee4f087c979e42ec,3380,65.0,39.0,interior,-0.0,-0.0,-0.0,-0.0,-0.0,-0.0
11,11,loading,1.1,07fa722baab21659dbcd2580242e8d0d78c7e57752470467ee4f087c979e42ec,3381,66.0,39.0,interior,-0.0,-0.0,-0.0,-0.0,-0.0,-0.0
11,11,loading,1.1,07fa722baab21659dbcd2580242e8d0d78c7e57752470467ee4f087c979e42ec,3382,67.0,39.0,interior,-0.0,-0.0,-0.0,-0.0,-0.0,-0.0
11,11,loading,1.1,07fa722baab21659dbcd2580242e8d0d78c7e57752470467ee4f087c979e42ec,3383,68.0,39.0,interior,-0.0,-0.0,-0.0,-0.0,-0.0,-0.0
11,11,loading,1.1,07fa722baab21659dbcd2580242e8d0d78c7e57752470467ee4f087c979e42ec,3384,69.0,39.0,interior,-0.0,-0.0,-0.0,-0.0,-0.0,-0.0
11,11,loading,1.1,07fa722baab21659dbcd2580242e8d0d78c7e57752470467ee4f087c979e42ec,3385,70.0,39.0,interior,-0.0,-0.0,-0.0,-0.0,-0.0,-0.0
11,11,loading,1.1,07fa722baab21659dbcd2580242e8d0d78c7e57752470467ee4f087c979e42ec,3386,71.0,39.0,interior,-0.0,-0.0,-0.0,-0.0,-0.0,-0.0
11,11,loading,1.1,07fa722baab21659dbcd2580242e8d0d78c7e57752470467ee4f087c979e42ec,3387,72.0,39.0,interior,-0.0,-0.0,-0.0,-0.0,-0.0,-0.0
11,11,loading,1.1,07fa722baab21659dbcd2580242e8d0d78c7e57752470467ee4f087c979e42ec,3388,73.0,39.0,interior,-0.0,-0.0,-0.0,-0.0,-0.0,-0.0
11,11,loading,1.1,07fa722baab21659dbcd2580242e8d0d78c7e57752470467ee4f087c979e42ec,3389,74.0,39.0,interior,-0.0,-0.0,-0.0,-0.0,-0.0,-0.0
11,11,loading,1.1,07fa722baab21659dbcd2580242e8d0d78c7e57752470467ee4f087c979e42ec,3390,75.0,39.0,interior,-0.0,-0.0,-0.0,-0.0,-0.0,-0.0
11,11,loading,1.1,07fa722baab21659dbcd2580242e8d0d78c7e57752470467ee4f087c979e42ec,3391,76.0,39.0,interior,-0.0,-0.0,-0.0,-0.0,-0.0,-0.0
11,11,loading,1.1,07fa722baab21659dbcd2580242e8d0d78c7e57752470467ee4f087c979e42ec,3392,77.0,39.0,interior,-0.0,-0.0,-0.0,-0.0,-0.0,-0.0
11,11,loading,1.1,07fa722baab21659dbcd2580242e8d0d78c7e57752470467ee4f087c979e42ec,3393,78.0,39.0,interior,-0.0,-0.0,-0.0,-0.0,-0.0,-0.0
11,11,loading,1.1,07fa722baab21659dbcd2580242e8d0d78c7e57752470467ee4f087c979e42ec,3394,79.0,39.0,interior,-0.0,-0.0,-0.0,-0.0,-0.0,-0.0
11,11,loading,1.1,07fa722baab21659dbcd2580242e8d0d78c7e57752470467ee4f087c979e42ec,3395,80.0,39.0,physical_only,7.485557727794924e-07,-2.7651084746797372e-08,5.435037383242523e-07,-2.1704929781985806e-07,2.0505203445524007e-07,1.8939821307307228e-07
11,11,loading,1.1,07fa722baab21659dbcd2580242e8d0d78c7e57752470467ee4f087c979e42ec,3462,62.0,40.0,physical_and_cut,-2.8466004619818974e-06,-1.7806304090376763e-06,-2.102359549203422e-06,-9.574137151643447e-07,-7.442409127784756e-07,-8.232166938733316e-07
11,11,loading,1.1,07fa722baab21659dbcd2580242e8d0d78c7e57752470467ee4f087c979e42ec,3463,63.0,40.0,cut_only,-0.0,-0.0,-0.0,-0.0,-0.0,-0.0
11,11,loading,1.1,07fa722baab21659dbcd2580242e8d0d78c7e57752470467ee4f087c979e42ec,3464,64.0,40.0,cut_only,-0.0,-0.0,-0.0,-0.0,-0.0,-0.0
11,11,loading,1.1,07fa722baab21659dbcd2580242e8d0d78c7e57752470467ee4f087c979e42ec,3465,65.0,40.0,cut_only,-0.0,-0.0,-0.0,-0.0,-0.0,-0.0
11,11,loading,1.1,07fa722baab21659dbcd2580242e8d0d78c7e57752470467ee4f087c979e42ec,3466,66.0,40.0,cut_only,-0.0,-0.0,-0.0,-0.0,-0.0,-0.0
11,11,loading,1.1,07fa722baab21659dbcd2580242e8d0d78c7e57752470467ee4f087c979e42ec,3467,67.0,40.0,cut_only,-0.0,-0.0,-0.0,-0.0,-0.0,-0.0
11,11,loading,1.1,07fa722baab21659dbcd2580242e8d0d78c7e57752470467ee4f087c979e42ec,3468,68.0,40.0,cut_only,-0.0,-0.0,-0.0,-0.0,-0.0,-0.0
11,11,loading,1.1,07fa722baab21659dbcd2580242e8d0d78c7e57752470467ee4f087c979e42ec,3469,69.0,40.0,cut_only,-0.0,-0.0,-0.0,-0.0,-0.0,-0.0
11,11,loading,1.1,07fa722baab21659dbcd2580242e8d0d78c7e57752470467ee4f087c979e42ec,3470,70.0,40.0,cut_only,-0.0,-0.0,-0.0,-0.0,-0.0,-0.0
11,11,loading,1.1,07fa722baab21659dbcd2580242e8d0d78c7e57752470467ee4f087c979e42ec,3471,71.0,40.0,cut_only,-0.0,-0.0,-0.0,-0.0,-0.0,-0.0
11,11,loading,1.1,07fa722baab21659dbcd2580242e8d0d78c7e57752470467ee4f087c979e42ec,3472,72.0,40.0,cut_only,-0.0,-0.0,-0.0,-0.0,-0.0,-0.0
11,11,loading,1.1,07fa722baab21659dbcd2580242e8d0d78c7e57752470467ee4f087c979e42ec,3473,73.0,40.0,cut_only,-0.0,-0.0,-0.0,-0.0,-0.0,-0.0
11,11,loading,1.1,07fa722baab21659dbcd2580242e8d0d78c7e57752470467ee4f087c979e42ec,3474,74.0,40.0,cut_only,-0.0,-0.0,-0.0,-0.0,-0.0,-0.0
11,11,loading,1.1,07fa722baab21659dbcd2580242e8d0d78c7e57752470467ee4f087c979e42ec,3475,75.0,40.0,cut_only,-0.0,-0.0,-0.0,-0.0,-0.0,-0.0
11,11,loading,1.1,07fa722baab21659dbcd2580242e8d0d78c7e57752470467ee4f087c979e42ec,3476,76.0,40.0,cut_only,-0.0,-0.0,-0.0,-0.0,-0.0,-0.0
11,11,loading,1.1,07fa722baab21659dbcd2580242e8d0d78c7e57752470467ee4f087c979e42ec,3477,77.0,40.0,cut_only,-0.0,-0.0,-0.0,-0.0,-0.0,-0.0
11,11,loading,1.1,07fa722baab21659dbcd2580242e8d0d78c7e57752470467ee4f087c979e42ec,3478,78.0,40.0,cut_only,-0.0,-0.0,-0.0,-0.0,-0.0,-0.0
11,11,loading,1.1,07fa722baab21659dbcd2580242e8d0d78c7e57752470467ee4f087c979e42ec,3479,79.0,40.0,cut_only,-0.0,-0.0,-0.0,-0.0,-0.0,-0.0
11,11,loading,1.1,07fa722baab21659dbcd2580242e8d0d78c7e57752470467ee4f087c979e42ec,3480,80.0,40.0,physical_and_cut,3.7369131540322586e-07,5.781297793935189e-05,2.7218199263046517e-07,-2.2128702152083247e-07,1.0150932277276072e-07,5.803426496087272e-05
12,12,loading,1.15,4d8114adab8c956a48baaa08839289f13d175e29a6c2722e01a115b2a7131f5c,2697,62.0,31.0,physical_only,-0.00042341303334041575,-8.419892393469277e-05,-5.456408082368241e-06,6.236623614540611e-06,-0.00041795662525804747,-9.043554754923344e-05
12,12,loading,1.15,4d8114adab8c956a48baaa08839289f13d175e29a6c2722e01a115b2a7131f5c,2698,63.0,31.0,physical_only,-2.9176140234888748e-06,-6.679957374027234e-05,-3.017543553359261e-06,7.3533067998036735e-06,9.992952987038645e-08,-7.415288054007598e-05
12,12,loading,1.15,4d8114adab8c956a48baaa08839289f13d175e29a6c2722e01a115b2a7131f5c,2699,64.0,31.0,physical_only,-1.0899968758134237e-06,-8.712890931332728e-05,-3.0876739708439768e-06,9.580501483742895e-06,1.997677095030553e-06,-9.670941079707019e-05
12,12,loading,1.15,4d8114adab8c956a48baaa08839289f13d175e29a6c2722e01a115b2a7131f5c,2700,65.0,31.0,physical_only,-4.993014725065764e-07,-0.00011735107890666996,-3.1754095908574535e-06,1.2151039291010115e-05,2.676108118350877e-06,-0.00012950211819768009
12,12,loading,1.15,4d8114adab8c956a48baaa08839289f13d175e29a6c2722e01a115b2a7131f5c,2701,66.0,31.0,physical_only,-1.6442760726844866e-06,-0.0001562486294236112,-3.284836725415293e-06,1.5177492900304545e-05,1.6405606527308073e-06,-0.00017142612232391578
12,12,loading,1.15,4d8114adab8c956a48baaa08839289f13d175e29a6c2722e01a115b2a7131f5c,2702,67.0,31.0,physical_only,-5.0569588520294186e-06,-0.00020200708073425091,-3.415325235475495e-06,1.8802435737881436e-05,-1.6416336165539236e-06,-0.0002208095164721324
12,12,loading,1.15,4d8114adab8c956a48baaa08839289f13d175e29a6c2722e01a115b2a7131f5c,2703,68.0,31.0,physical_only,-6.600007648425838e-06,-0.0002572722878317916,-3.568758738538278e-06,2.3210079978417223e-05,-3.031248909887561e-06,-0.0002804823678102088
12,12,loading,1.15,4d8114adab8c956a48baaa08839289f13d175e29a6c2722e01a115b2a7131f5c,2704,69.0,31.0,physical_only,-8.775280828804001e-06,-0.00032679719575428754,-3.7509427518958256e-06,2.865671147953174e-05,-5.024338076908174e-06,-0.00035545390723381903
12,12,loading,1.15,4d8114adab8c956a48baaa08839289f13d175e29a6c2722e01a115b2a7131f5c,2705,70.0,31.0,physical_only,-1.1596141767569203e-05,-0.0004119268878630582,-3.973072749813297e-06,3.5520630051721663e-05,-7.623069017755907e-06,-0.00044744751791478
12,12,loading,1.15,4d8114adab8c956a48baaa08839289f13d175e29a6c2722e01a115b2a7131f5c,2706,71.0,31.0,physical_only,-1.5024913110587278e-05,-0.0005152933637595628,-4.251506420390452e-06,4.4380637491896686e-05,-1.0773406690196824e-05,-0.0005596740012514595
12,12,loading,1.15,4d8114adab8c956a48baaa08839289f13d175e29a6c2722e01a115b2a7131f5c,2707,72.0,31.0,physical_only,-1.878871011749124e-05,-0.0006396241112440501,-4.6123811564796476e-06,5.616419625938823e-05,-1.4176328961011596e-05,-0.0006957883075034386
12,12,loading,1.15,4d8114adab8c956a48baaa08839289f13d175e29a6c2722e01a115b2a7131f5c,2708,73.0,31.0,physical_only,-2.1727450852894396e-05,-0.0007899699350072684,-5.1007111743890586e-06,7.245079650913774e-05,-1.6626739678505335e-05,-0.0008624207315164056
12,12,loading,1.15,4d8114adab8c956a48baaa08839289f13d175e29a6c2722e01a115b2a7131f5c,2709,74.0,31.0,physical_only,-2.78856019608012e-05,-0.000971023999761937,-5.798730700951057e-06,9.615153122809933e-05,-2.2086871259850146e-05,-0.0010671755309900367
12,12,loading,1.15,4d8114adab8c956a48baaa08839289f13d175e29a6c2722e01a115b2a7131f5c,2710,75.0,31.0,physical_only,-4.265593186056139e-05,-0.0011821316698064311,-6.871057515444085e-06,0.00013322360616660445,-3.578487434511731e-05,-0.001315355275973036
12,12,loading,1.15,4d8114adab8c956a48baaa08839289f13d175e29a6c2722e01a115b2a7131f5c,2711,76.0,31.0,physical_only,-9.197902237757474e-05,-0.0014047185028829342,-8.694860726375609e-06,0.00019781295991711624,-8.328416165119914e-05,-0.00160253146280005
12,12,loading,1.15,4d8114adab8c956a48baaa08839289f13d175e29a6c2722e01a115b2a7131f5c,2712,77.0,31.0,physical_only,-0.00024035064841822538,-0.0014548276643384494,-1.2279801029522586e-05,0.0003317733712624305,-0.00022807084738870278,-0.0017866010356008804
12,12,loading,1.15,4d8114adab8c956a48baaa08839289f13d175e29a6c2722e01a115b2a7131f5c,2713,78.0,31.0,physical_only,-0.00046727075826815187,-0.0012993947317698207,-2.2662620689489322e-05,0.0007395460099412165,-0.0004446081375786626,-0.002038940741711036
12,12,loading,1.15,4d8114adab8c956a48baaa08839289f13d175e29a6c2722e01a115b2a7131f5c,2714,79.0,31.0,physical_only,-0.0008184873718062328,0.007440486276327477,-5.02204026477192e-05,0.002921384981476677,-0.0007682669691585137,0.0045191012948507985
12,12,loading,1.15,4d8114adab8c956a48baaa08839289f13d175e29a6c2722e01a115b2a7131f5c,2715,80.0,31.0,physical_only,-0.00014101812495333216,0.10405093337658475,-0.002097504830608075,0.09538103878483156,0.0019564867056547424,0.008669894591753187
12,12,loading,1.15,4d8114adab8c956a48baaa08839289f13d175e29a6c2722e01a115b2a7131f5c,2782,62.0,32.0,physical_only,-7.699935905058338e-06,-1.0936112668569932e-06,-3.2392641148349853e-06,1.3039412382808982e-07,-4.460671790223352e-06,-1.2240053906850833e-06
12,12,loading,1.15,4d8114adab8c956a48baaa08839289f13d175e29a6c2722e01a115b2a7131f5c,2783,63.0,32.0,interior,-0.0,-0.0,-0.0,-0.0,-0.0,-0.0
12,12,loading,1.15,4d8114adab8c956a48baaa08839289f13d175e29a6c2722e01a115b2a7131f5c,2784,64.0,32.0,interior,-0.0,-0.0,-0.0,-0.0,-0.0,-0.0
12,12,loading,1.15,4d8114adab8c956a48baaa08839289f13d175e29a6c2722e01a115b2a7131f5c,2785,65.0,32.0,interior,-0.0,-0.0,-0.0,-0.0,-0.0,-0.0
12,12,loading,1.15,4d8114adab8c956a48baaa08839289f13d175e29a6c2722e01a115b2a7131f5c,2786,66.0,32.0,interior,-0.0,-0.0,-0.0,-0.0,-0.0,-0.0
12,12,loading,1.15,4d8114adab8c956a48baaa08839289f13d175e29a6c2722e01a115b2a7131f5c,2787,67.0,32.0,interior,-0.0,-0.0,-0.0,-0.0,-0.0,-0.0
12,12,loading,1.15,4d8114adab8c956a48baaa08839289f13d175e29a6c2722e01a115b2a7131f5c,2788,68.0,32.0,interior,-0.0,-0.0,-0.0,-0.0,-0.0,-0.0
12,12,loading,1.15,4d8114adab8c956a48baaa08839289f13d175e29a6c2722e01a115b2a7131f5c,2789,69.0,32.0,interior,-0.0,-0.0,-0.0,-0.0,-0.0,-0.0
12,12,loading,1.15,4d8114adab8c956a48baaa08839289f13d175e29a6c2722e01a115b2a7131f5c,2790,70.0,32.0,interior,-0.0,-0.0,-0.0,-0.0,-0.0,-0.0
12,12,loading,1.15,4d8114adab8c956a48baaa08839289f13d175e29a6c2722e01a115b2a7131f5c,2791,71.0,32.0,interior,-0.0,-0.0,-0.0,-0.0,-0.0,-0.0
12,12,loading,1.15,4d8114adab8c956a48baaa08839289f13d175e29a6c2722e01a115b2a7131f5c,2792,72.0,32.0,interior,-0.0,-0.0,-0.0,-0.0,-0.0,-0.0
12,12,loading,1.15,4d8114adab8c956a48baaa08839289f13d175e29a6c2722e01a115b2a7131f5c,2793,73.0,32.0,interior,-0.0,-0.0,-0.0,-0.0,-0.0,-0.0
12,12,loading,1.15,4d8114adab8c956a48baaa08839289f13d175e29a6c2722e01a115b2a7131f5c,2794,74.0,32.0,interior,-0.0,-0.0,-0.0,-0.0,-0.0,-0.0
12,12,loading,1.15,4d8114adab8c956a48baaa08839289f13d175e29a6c2722e01a115b2a7131f5c,2795,75.0,32.0,interior,-0.0,-0.0,-0.0,-0.0,-0.0,-0.0
12,12,loading,1.15,4d8114adab8c956a48baaa08839289f13d175e29a6c2722e01a115b2a7131f5c,2796,76.0,32.0,interior,-0.0,-0.0,-0.0,-0.0,-0.0,-0.0
12,12,loading,1.15,4d8114adab8c956a48baaa08839289f13d175e29a6c2722e01a115b2a7131f5c,2797,77.0,32.0,interior,-0.0,-0.0,-0.0,-0.0,-0.0,-0.0
12,12,loading,1.15,4d8114adab8c956a48baaa08839289f13d175e29a6c2722e01a115b2a7131f5c,2798,78.0,32.0,interior,-0.0,-0.0,-0.0,-0.0,-0.0,-0.0
12,12,loading,1.15,4d8114adab8c956a48baaa08839289f13d175e29a6c2722e01a115b2a7131f5c,2799,79.0,32.0,interior,-0.0,-0.0,-0.0,-0.0,-0.0,-0.0
12,12,loading,1.15,4d8114adab8c956a48baaa08839289f13d175e29a6c2722e01a115b2a7131f5c,2800,80.0,32.0,physical_only,8.268185160393084e-07,-2.609216233835811e-07,4.769139421522001e-07,-1.8066779182794844e-06,3.49904573887108e-07,1.545756294895904e-06
12,12,loading,1.15,4d8114adab8c956a48baaa08839289f13d175e29a6c2722e01a115b2a7131f5c,2867,62.0,33.0,physical_only,-6.131409642723606e-06,-7.522306111265111e-07,-3.4801355905658236e-06,1.0076288027331167e-07,-2.6512740521577817e-06,-8.52993491399823e-07
12,12,loading,1.15,4d8114adab8c956a48baaa08839289f13d175e29a6c2722e01a115b2a7131f5c,2868,63.0,33.0,interior,-0.0,-0.0,-0.0,-0.0,-0.0,-0.0
12,12,loading,1.15,4d8114adab8c956a48baaa08839289f13d175e29a6c2722e01a115b2a7131f5c,2869,64.0,33.0,interior,-0.0,-0.0,-0.0,-0.0,-0.0,-0.0
12,12,loading,1.15,4d8114adab8c956a48baaa08839289f13d175e29a6c2722e01a115b2a7131f5c,2870,65.0,33.0,interior,-0.0,-0.0,-0.0,-0.0,-0.0,-0.0
12,12,loading,1.15,4d8114adab8c956a48baaa08839289f13d175e29a6c2722e01a115b2a7131f5c,2871,66.0,33.0,interior,-0.0,-0.0,-0.0,-0.0,-0.0,-0.0
12,12,loading,1.15,4d8114adab8c956a48baaa08839289f13d175e29a6c2722e01a115b2a7131f5c,2872,67.0,33.0,interior,-0.0,-0.0,-0.0,-0.0,-0.0,-0.0
12,12,loading,1.15,4d8114adab8c956a48baaa08839289f13d175e29a6c2722e01a115b2a7131f5c,2873,68.0,33.0,interior,-0.0,-0.0,-0.0,-0.0,-0.0,-0.0
12,12,loading,1.15,4d8114adab8c956a48baaa08839289f13d175e29a6c2722e01a115b2a7131f5c,2874,69.0,33.0,interior,-0.0,-0.0,-0.0,-0.0,-0.0,-0.0
12,12,loading,1.15,4d8114adab8c956a48baaa08839289f13d175e29a6c2722e01a115b2a7131f5c,2875,70.0,33.0,interior,-0.0,-0.0,-0.0,-0.0,-0.0,-0.0
12,12,loading,1.15,4d8114adab8c956a48baaa08839289f13d175e29a6c2722e01a115b2a7131f5c,2876,71.0,33.0,interior,-0.0,-0.0,-0.0,-0.0,-0.0,-0.0
12,12,loading,1.15,4d8114adab8c956a48baaa08839289f13d175e29a6c2722e01a115b2a7131f5c,2877,72.0,33.0,interior,-0.0,-0.0,-0.0,-0.0,-0.0,-0.0
12,12,loading,1.15,4d8114adab8c956a48baaa08839289f13d175e29a6c2722e01a115b2a7131f5c,2878,73.0,33.0,interior,-0.0,-0.0,-0.0,-0.0,-0.0,-0.0
12,12,loading,1.15,4d8114adab8c956a48baaa08839289f13d175e29a6c2722e01a115b2a7131f5c,2879,74.0,33.0,interior,-0.0,-0.0,-0.0,-0.0,-0.0,-0.0
12,12,loading,1.15,4d8114adab8c956a48baaa08839289f13d175e29a6c2722e01a115b2a7131f5c,2880,75.0,33.0,interior,-0.0,-0.0,-0.0,-0.0,-0.0,-0.0
12,12,loading,1.15,4d8114adab8c956a48baaa08839289f13d175e29a6c2722e01a115b2a7131f5c,2881,76.0,33.0,interior,-0.0,-0.0,-0.0,-0.0,-0.0,-0.0
12,12,loading,1.15,4d8114adab8c956a48baaa08839289f13d175e29a6c2722e01a115b2a7131f5c,2882,77.0,33.0,interior,-0.0,-0.0,-0.0,-0.0,-0.0,-0.0
12,12,loading,1.15,4d8114adab8c956a48baaa08839289f13d175e29a6c2722e01a115b2a7131f5c,2883,78.0,33.0,interior,-0.0,-0.0,-0.0,-0.0,-0.0,-0.0
12,12,loading,1.15,4d8114adab8c956a48baaa08839289f13d175e29a6c2722e01a115b2a7131f5c,2884,79.0,33.0,interior,-0.0,-0.0,-0.0,-0.0,-0.0,-0.0
12,12,loading,1.15,4d8114adab8c956a48baaa08839289f13d175e29a6c2722e01a115b2a7131f5c,2885,80.0,33.0,physical_only,8.099386386933535e-07,-2.192103413060513e-07,4.939735053951688e-07,-1.5700765129451902e-06,3.1596513329818447e-07,1.3508661716391391e-06
12,12,loading,1.15,4d8114adab8c956a48baaa08839289f13d175e29a6c2722e01a115b2a7131f5c,2952,62.0,34.0,physical_only,-5.402617547700259e-06,-2.6051950581761074e-07,-3.673122485726984e-06,8.297611171298495e-08,-1.7294950619732763e-06,-3.4349561753059585e-07
12,12,loading,1.15,4d8114adab8c956a48baaa08839289f13d175e29a6c2722e01a115b2a7131f5c,2953,63.0,34.0,interior,-0.0,-0.0,-0.0,-0.0,-0.0,-0.0
12,12,loading,1.15,4d8114adab8c956a48baaa08839289f13d175e29a6c2722e01a115b2a7131f5c,2954,64.0,34.0,interior,-0.0,-0.0,-0.0,-0.0,-0.0,-0.0
12,12,loading,1.15,4d8114adab8c956a48baaa08839289f13d175e29a6c2722e01a115b2a7131f5c,2955,65.0,34.0,interior,-0.0,-0.0,-0.0,-0.0,-0.0,-0.0
12,12,loading,1.15,4d8114adab8c956a48baaa08839289f13d175e29a6c2722e01a115b2a7131f5c,2956,66.0,34.0,interior,-0.0,-0.0,-0.0,-0.0,-0.0,-0.0
12,12,loading,1.15,4d8114adab8c956a48baaa08839289f13d175e29a6c2722e01a115b2a7131f5c,2957,67.0,34.0,interior,-0.0,-0.0,-0.0,-0.0,-0.0,-0.0
12,12,loading,1.15,4d8114adab8c956a48baaa08839289f13d175e29a6c2722e01a115b2a7131f5c,2958,68.0,34.0,interior,-0.0,-0.0,-0.0,-0.0,-0.0,-0.0
12,12,loading,1.15,4d8114adab8c956a48baaa08839289f13d175e29a6c2722e01a115b2a7131f5c,2959,69.0,34.0,interior,-0.0,-0.0,-0.0,-0.0,-0.0,-0.0
12,12,loading,1.15,4d8114adab8c956a48baaa08839289f13d175e29a6c2722e01a115b2a7131f5c,2960,70.0,34.0,interior,-0.0,-0.0,-0.0,-0.0,-0.0,-0.0
12,12,loading,1.15,4d8114adab8c956a48baaa08839289f13d175e29a6c2722e01a115b2a7131f5c,2961,71.0,34.0,interior,-0.0,-0.0,-0.0,-0.0,-0.0,-0.0
12,12,loading,1.15,4d8114adab8c956a48baaa08839289f13d175e29a6c2722e01a115b2a7131f5c,2962,72.0,34.0,interior,-0.0,-0.0,-0.0,-0.0,-0.0,-0.0
12,12,loading,1.15,4d8114adab8c956a48baaa08839289f13d175e29a6c2722e01a115b2a7131f5c,2963,73.0,34.0,interior,-0.0,-0.0,-0.0,-0.0,-0.0,-0.0
12,12,loading,1.15,4d8114adab8c956a48baaa08839289f13d175e29a6c2722e01a115b2a7131f5c,2964,74.0,34.0,interior,-0.0,-0.0,-0.0,-0.0,-0.0,-0.0
12,12,loading,1.15,4d8114adab8c956a48baaa08839289f13d175e29a6c2722e01a115b2a7131f5c,2965,75.0,34.0,interior,-0.0,-0.0,-0.0,-0.0,-0.0,-0.0
12,12,loading,1.15,4d8114adab8c956a48baaa08839289f13d175e29a6c2722e01a115b2a7131f5c,2966,76.0,34.0,interior,-0.0,-0.0,-0.0,-0.0,-0.0,-0.0
12,12,loading,1.15,4d8114adab8c956a48baaa08839289f13d175e29a6c2722e01a115b2a7131f5c,2967,77.0,34.0,interior,-0.0,-0.0,-0.0,-0.0,-0.0,-0.0
12,12,loading,1.15,4d8114adab8c956a48baaa08839289f13d175e29a6c2722e01a115b2a7131f5c,2968,78.0,34.0,interior,-0.0,-0.0,-0.0,-0.0,-0.0,-0.0
12,12,loading,1.15,4d8114adab8c956a48baaa08839289f13d175e29a6c2722e01a115b2a7131f5c,2969,79.0,34.0,interior,-0.0,-0.0,-0.0,-0.0,-0.0,-0.0
12,12,loading,1.15,4d8114adab8c956a48baaa08839289f13d175e29a6c2722e01a115b2a7131f5c,2970,80.0,34.0,physical_only,7.950269877587261e-07,-1.8173775066764855e-07,5.079715577036878e-07,-1.3377182910504384e-06,2.8705543005503837e-07,1.1559805403827875e-06
12,12,loading,1.15,4d8114adab8c956a48baaa08839289f13d175e29a6c2722e01a115b2a7131f5c,3037,62.0,35.0,physical_only,-5.234896752429556e-06,1.0325538006329672e-07,-3.832329844017537e-06,7.127447869176071e-08,-1.4025669084120194e-06,3.1980901371535887e-08
12,12,loading,1.15,4d8114adab8c956a48baaa08839289f13d175e29a6c2722e01a115b2a7131f5c,3038,63.0,35.0,interior,-0.0,-0.0,-0.0,-0.0,-0.0,-0.0
12,12,loading,1.15,4d8114adab8c956a48baaa08839289f13d175e29a6c2722e01a115b2a7131f5c,3039,64.0,35.0,interior,-0.0,-0.0,-0.0,-0.0,-0.0,-0.0
12,12,loading,1.15,4d8114adab8c956a48baaa08839289f13d175e29a6c2722e01a115b2a7131f5c,3040,65.0,35.0,interior,-0.0,-0.0,-0.0,-0.0,-0.0,-0.0
12,12,loading,1.15,4d8114adab8c956a48baaa08839289f13d175e29a6c2722e01a115b2a7131f5c,3041,66.0,35.0,interior,-0.0,-0.0,-0.0,-0.0,-0.0,-0.0
12,12,loading,1.15,4d8114adab8c956a48baaa08839289f13d175e29a6c2722e01a115b2a7131f5c,3042,67.0,35.0,interior,-0.0,-0.0,-0.0,-0.0,-0.0,-0.0
12,12,loading,1.15,4d8114adab8c956a48baaa08839289f13d175e29a6c2722e01a115b2a7131f5c,3043,68.0,35.0,interior,-0.0,-0.0,-0.0,-0.0,-0.0,-0.0
12,12,loading,1.15,4d8114adab8c956a48baaa08839289f13d175e29a6c2722e01a115b2a7131f5c,3044,69.0,35.0,interior,-0.0,-0.0,-0.0,-0.0,-0.0,-0.0
12,12,loading,1.15,4d8114adab8c956a48baaa08839289f13d175e29a6c2722e01a115b2a7131f5c,3045,70.0,35.0,interior,-0.0,-0.0,-0.0,-0.0,-0.0,-0.0
12,12,loading,1.15,4d8114adab8c956a48baaa08839289f13d175e29a6c2722e01a115b2a7131f5c,3046,71.0,35.0,interior,-0.0,-0.0,-0.0,-0.0,-0.0,-0.0
12,12,loading,1.15,4d8114adab8c956a48baaa08839289f13d175e29a6c2722e01a115b2a7131f5c,3047,72.0,35.0,interior,-0.0,-0.0,-0.0,-0.0,-0.0,-0.0
12,12,loading,1.15,4d8114adab8c956a48baaa08839289f13d175e29a6c2722e01a115b2a7131f5c,3048,73.0,35.0,interior,-0.0,-0.0,-0.0,-0.0,-0.0,-0.0
12,12,loading,1.15,4d8114adab8c956a48baaa08839289f13d175e29a6c2722e01a115b2a7131f5c,3049,74.0,35.0,interior,-0.0,-0.0,-0.0,-0.0,-0.0,-0.0
12,12,loading,1.15,4d8114adab8c956a48baaa08839289f13d175e29a6c2722e01a115b2a7131f5c,3050,75.0,35.0,interior,-0.0,-0.0,-0.0,-0.0,-0.0,-0.0
12,12,loading,1.15,4d8114adab8c956a48baaa08839289f13d175e29a6c2722e01a115b2a7131f5c,3051,76.0,35.0,interior,-0.0,-0.0,-0.0,-0.0,-0.0,-0.0
12,12,loading,1.15,4d8114adab8c956a48baaa08839289f13d175e29a6c2722e01a115b2a7131f5c,3052,77.0,35.0,interior,-0.0,-0.0,-0.0,-0.0,-0.0,-0.0
12,12,loading,1.15,4d8114adab8c956a48baaa08839289f13d175e29a6c2722e01a115b2a7131f5c,3053,78.0,35.0,interior,-0.0,-0.0,-0.0,-0.0,-0.0,-0.0
12,12,loading,1.15,4d8114adab8c956a48baaa08839289f13d175e29a6c2722e01a115b2a7131f5c,3054,79.0,35.0,interior,-0.0,-0.0,-0.0,-0.0,-0.0,-0.0
12,12,loading,1.15,4d8114adab8c956a48baaa08839289f13d175e29a6c2722e01a115b2a7131f5c,3055,80.0,35.0,physical_only,7.822556849067069e-07,-1.4742135329132546e-07,5.192517645414208e-07,-1.1090448101188739e-06,2.63003920365286e-07,9.616234568275527e-07
12,12,loading,1.15,4d8114adab8c956a48baaa08839289f13d175e29a6c2722e01a115b2a7131f5c,3122,62.0,36.0,physical_only,-5.3281549595796635e-06,2.723116805608756e-07,-3.963856640690896e-06,6.07816009040016e-08,-1.3642983188887678e-06,2.1153007965687417e-07
12,12,loading,1.15,4d8114adab8c956a48baaa08839289f13d175e29a6c2722e01a115b2a7131f5c,3123,63.0,36.0,interior,-0.0,-0.0,-0.0,-0.0,-0.0,-0.0
12,12,loading,1.15,4d8114adab8c956a48baaa08839289f13d175e29a6c2722e01a115b2a7131f5c,3124,64.0,36.0,interior,-0.0,-0.0,-0.0,-0.0,-0.0,-0.0
12,12,loading,1.15,4d8114adab8c956a48baaa08839289f13d175e29a6c2722e01a115b2a7131f5c,3125,65.0,36.0,interior,-0.0,-0.0,-0.0,-0.0,-0.0,-0.0
12,12,loading,1.15,4d8114adab8c956a48baaa08839289f13d175e29a6c2722e01a115b2a7131f5c,3126,66.0,36.0,interior,-0.0,-0.0,-0.0,-0.0,-0.0,-0.0
12,12,loading,1.15,4d8114adab8c956a48baaa08839289f13d175e29a6c2722e01a115b2a7131f5c,3127,67.0,36.0,interior,-0.0,-0.0,-0.0,-0.0,-0.0,-0.0
12,12,loading,1.15,4d8114adab8c956a48baaa08839289f13d175e29a6c2722e01a115b2a7131f5c,3128,68.0,36.0,interior,-0.0,-0.0,-0.0,-0.0,-0.0,-0.0
12,12,loading,1.15,4d8114adab8c956a48baaa08839289f13d175e29a6c2722e01a115b2a7131f5c,3129,69.0,36.0,interior,-0.0,-0.0,-0.0,-0.0,-0.0,-0.0
12,12,loading,1.15,4d8114adab8c956a48baaa08839289f13d175e29a6c2722e01a115b2a7131f5c,3130,70.0,36.0,interior,-0.0,-0.0,-0.0,-0.0,-0.0,-0.0
12,12,loading,1.15,4d8114adab8c956a48baaa08839289f13d175e29a6c2722e01a115b2a7131f5c,3131,71.0,36.0,interior,-0.0,-0.0,-0.0,-0.0,-0.0,-0.0
12,12,loading,1.15,4d8114adab8c956a48baaa08839289f13d175e29a6c2722e01a115b2a7131f5c,3132,72.0,36.0,interior,-0.0,-0.0,-0.0,-0.0,-0.0,-0.0
12,12,loading,1.15,4d8114adab8c956a48baaa08839289f13d175e29a6c2722e01a115b2a7131f5c,3133,73.0,36.0,interior,-0.0,-0.0,-0.0,-0.0,-0.0,-0.0
12,12,loading,1.15,4d8114adab8c956a48baaa08839289f13d175e29a6c2722e01a115b2a7131f5c,3134,74.0,36.0,interior,-0.0,-0.0,-0.0,-0.0,-0.0,-0.0
12,12,loading,1.15,4d8114adab8c956a48baaa08839289f13d175e29a6c2722e01a115b2a7131f5c,3135,75.0,36.0,interior,-0.0,-0.0,-0.0,-0.0,-0.0,-0.0
12,12,loading,1.15,4d8114adab8c956a48baaa08839289f13d175e29a6c2722e01a115b2a7131f5c,3136,76.0,36.0,interior,-0.0,-0.0,-0.0,-0.0,-0.0,-0.0
12,12,loading,1.15,4d8114adab8c956a48baaa08839289f13d175e29a6c2722e01a115b2a7131f5c,3137,77.0,36.0,interior,-0.0,-0.0,-0.0,-0.0,-0.0,-0.0
12,12,loading,1.15,4d8114adab8c956a48baaa08839289f13d175e29a6c2722e01a115b2a7131f5c,3138,78.0,36.0,interior,-0.0,-0.0,-0.0,-0.0,-0.0,-0.0
12,12,loading,1.15,4d8114adab8c956a48baaa08839289f13d175e29a6c2722e01a115b2a7131f5c,3139,79.0,36.0,interior,-0.0,-0.0,-0.0,-0.0,-0.0,-0.0
12,12,loading,1.15,4d8114adab8c956a48baaa08839289f13d175e29a6c2722e01a115b2a7131f5c,3140,80.0,36.0,physical_only,7.717259456370812e-07,-1.1545431436700505e-07,5.281001368355795e-07,-8.834729935220069e-07,2.4362580880150144e-07,7.680186791550009e-07
12,12,loading,1.15,4d8114adab8c956a48baaa08839289f13d175e29a6c2722e01a115b2a7131f5c,3207,62.0,37.0,physical_only,-5.487597896852354e-06,2.929984041495885e-07,-4.068642447426435e-06,4.8723582639533327e-08,-1.4189554494259178e-06,2.4427482151005536e-07
12,12,loading,1.15,4d8114adab8c956a48baaa08839289f13d175e29a6c2722e01a115b2a7131f5c,3208,63.0,37.0,interior,-0.0,-0.0,-0.0,-0.0,-0.0,-0.0
12,12,loading,1.15,4d8114adab8c956a48baaa08839289f13d175e29a6c2722e01a115b2a7131f5c,3209,64.0,37.0,interior,-0.0,-0.0,-0.0,-0.0,-0.0,-0.0
12,12,loading,1.15,4d8114adab8c956a48baaa08839289f13d175e29a6c2722e01a115b2a7131f5c,3210,65.0,37.0,interior,-0.0,-0.0,-0.0,-0.0,-0.0,-0.0
12,12,loading,1.15,4d8114adab8c956a48baaa08839289f13d175e29a6c2722e01a115b2a7131f5c,3211,66.0,37.0,interior,-0.0,-0.0,-0.0,-0.0,-0.0,-0.0
12,12,loading,1.15,4d8114adab8c956a48baaa08839289f13d175e29a6c2722e01a115b2a7131f5c,3212,67.0,37.0,interior,-0.0,-0.0,-0.0,-0.0,-0.0,-0.0
12,12,loading,1.15,4d8114adab8c956a48baaa08839289f13d175e29a6c2722e01a115b2a7131f5c,3213,68.0,37.0,interior,-0.0,-0.0,-0.0,-0.0,-0.0,-0.0
12,12,loading,1.15,4d8114adab8c956a48baaa08839289f13d175e29a6c2722e01a115b2a7131f5c,3214,69.0,37.0,interior,-0.0,-0.0,-0.0,-0.0,-0.0,-0.0
12,12,loading,1.15,4d8114adab8c956a48baaa08839289f13d175e29a6c2722e01a115b2a7131f5c,3215,70.0,37.0,interior,-0.0,-0.0,-0.0,-0.0,-0.0,-0.0
12,12,loading,1.15,4d8114adab8c956a48baaa08839289f13d175e29a6c2722e01a115b2a7131f5c,3216,71.0,37.0,interior,-0.0,-0.0,-0.0,-0.0,-0.0,-0.0
12,12,loading,1.15,4d8114adab8c956a48baaa08839289f13d175e29a6c2722e01a115b2a7131f5c,3217,72.0,37.0,interior,-0.0,-0.0,-0.0,-0.0,-0.0,-0.0
12,12,loading,1.15,4d8114adab8c956a48baaa08839289f13d175e29a6c2722e01a115b2a7131f5c,3218,73.0,37.0,interior,-0.0,-0.0,-0.0,-0.0,-0.0,-0.0
12,12,loading,1.15,4d8114adab8c956a48baaa08839289f13d175e29a6c2722e01a115b2a7131f5c,3219,74.0,37.0,interior,-0.0,-0.0,-0.0,-0.0,-0.0,-0.0
12,12,loading,1.15,4d8114adab8c956a48baaa08839289f13d175e29a6c2722e01a115b2a7131f5c,3220,75.0,37.0,interior,-0.0,-0.0,-0.0,-0.0,-0.0,-0.0
12,12,loading,1.15,4d8114adab8c956a48baaa08839289f13d175e29a6c2722e01a115b2a7131f5c,3221,76.0,37.0,interior,-0.0,-0.0,-0.0,-0.0,-0.0,-0.0
12,12,loading,1.15,4d8114adab8c956a48baaa08839289f13d175e29a6c2722e01a115b2a7131f5c,3222,77.0,37.0,interior,-0.0,-0.0,-0.0,-0.0,-0.0,-0.0
12,12,loading,1.15,4d8114adab8c956a48baaa08839289f13d175e29a6c2722e01a115b2a7131f5c,3223,78.0,37.0,interior,-0.0,-0.0,-0.0,-0.0,-0.0,-0.0
12,12,loading,1.15,4d8114adab8c956a48baaa08839289f13d175e29a6c2722e01a115b2a7131f5c,3224,79.0,37.0,interior,-0.0,-0.0,-0.0,-0.0,-0.0,-0.0
12,12,loading,1.15,4d8114adab8c956a48baaa08839289f13d175e29a6c2722e01a115b2a7131f5c,3225,80.0,37.0,physical_only,7.6349667850778e-07,-8.520763509281819e-08,5.347472347044281e-07,-6.604014720336629e-07,2.287494438033518e-07,5.751938369408428e-07
12,12,loading,1.15,4d8114adab8c956a48baaa08839289f13d175e29a6c2722e01a115b2a7131f5c,3292,62.0,38.0,physical_only,-5.6225390003176145e-06,2.2513355661713692e-07,-4.1453399694405905e-06,3.42485552910369e-08,-1.477199030877024e-06,1.9088500132610012e-07
12,12,loading,1.15,4d8114adab8c956a48baaa08839289f13d175e29a6c2722e01a115b2a7131f5c,3293,63.0,38.0,interior,-0.0,-0.0,-0.0,-0.0,-0.0,-0.0
12,12,loading,1.15,4d8114adab8c956a48baaa08839289f13d175e29a6c2722e01a115b2a7131f5c,3294,64.0,38.0,interior,-0.0,-0.0,-0.0,-0.0,-0.0,-0.0
12,12,loading,1.15,4d8114adab8c956a48baaa08839289f13d175e29a6c2722e01a115b2a7131f5c,3295,65.0,38.0,interior,-0.0,-0.0,-0.0,-0.0,-0.0,-0.0
12,12,loading,1.15,4d8114adab8c956a48baaa08839289f13d175e29a6c2722e01a115b2a7131f5c,3296,66.0,38.0,interior,-0.0,-0.0,-0.0,-0.0,-0.0,-0.0
12,12,loading,1.15,4d8114adab8c956a48baaa08839289f13d175e29a6c2722e01a115b2a7131f5c,3297,67.0,38.0,interior,-0.0,-0.0,-0.0,-0.0,-0.0,-0.0
12,12,loading,1.15,4d8114adab8c956a48baaa08839289f13d175e29a6c2722e01a115b2a7131f5c,3298,68.0,38.0,interior,-0.0,-0.0,-0.0,-0.0,-0.0,-0.0
12,12,loading,1.15,4d8114adab8c956a48baaa08839289f13d175e29a6c2722e01a115b2a7131f5c,3299,69.0,38.0,interior,-0.0,-0.0,-0.0,-0.0,-0.0,-0.0
12,12,loading,1.15,4d8114adab8c956a48baaa08839289f13d175e29a6c2722e01a115b2a7131f5c,3300,70.0,38.0,interior,-0.0,-0.0,-0.0,-0.0,-0.0,-0.0
12,12,loading,1.15,4d8114adab8c956a48baaa08839289f13d175e29a6c2722e01a115b2a7131f5c,3301,71.0,38.0,interior,-0.0,-0.0,-0.0,-0.0,-0.0,-0.0
12,12,loading,1.15,4d8114adab8c956a48baaa08839289f13d175e29a6c2722e01a115b2a7131f5c,3302,72.0,38.0,interior,-0.0,-0.0,-0.0,-0.0,-0.0,-0.0
12,12,loading,1.15,4d8114adab8c956a48baaa08839289f13d175e29a6c2722e01a115b2a7131f5c,3303,73.0,38.0,interior,-0.0,-0.0,-0.0,-0.0,-0.0,-0.0
12,12,loading,1.15,4d8114adab8c956a48baaa08839289f13d175e29a6c2722e01a115b2a7131f5c,3304,74.0,38.0,interior,-0.0,-0.0,-0.0,-0.0,-0.0,-0.0
12,12,loading,1.15,4d8114adab8c956a48baaa08839289f13d175e29a6c2722e01a115b2a7131f5c,3305,75.0,38.0,interior,-0.0,-0.0,-0.0,-0.0,-0.0,-0.0
12,12,loading,1.15,4d8114adab8c956a48baaa08839289f13d175e29a6c2722e01a115b2a7131f5c,3306,76.0,38.0,interior,-0.0,-0.0,-0.0,-0.0,-0.0,-0.0
12,12,loading,1.15,4d8114adab8c956a48baaa08839289f13d175e29a6c2722e01a115b2a7131f5c,3307,77.0,38.0,interior,-0.0,-0.0,-0.0,-0.0,-0.0,-0.0
12,12,loading,1.15,4d8114adab8c956a48baaa08839289f13d175e29a6c2722e01a115b2a7131f5c,3308,78.0,38.0,interior,-0.0,-0.0,-0.0,-0.0,-0.0,-0.0
12,12,loading,1.15,4d8114adab8c956a48baaa08839289f13d175e29a6c2722e01a115b2a7131f5c,3309,79.0,38.0,interior,-0.0,-0.0,-0.0,-0.0,-0.0,-0.0
12,12,loading,1.15,4d8114adab8c956a48baaa08839289f13d175e29a6c2722e01a115b2a7131f5c,3310,80.0,38.0,physical_only,7.576014033636042e-07,-5.6168206338330856e-08,5.393701492310241e-07,-4.3921562166152133e-07,2.182312541325801e-07,3.830474153231932e-07
12,12,loading,1.15,4d8114adab8c956a48baaa08839289f13d175e29a6c2722e01a115b2a7131f5c,3377,62.0,39.0,physical_only,-5.7028121807009405e-06,1.1825510759509452e-07,-4.192198212704792e-06,1.7695863065601518e-08,-1.5106139679961496e-06,1.00559244529493e-07
12,12,loading,1.15,4d8114adab8c956a48baaa08839289f13d175e29a6c2722e01a115b2a7131f5c,3378,63.0,39.0,interior,-0.0,-0.0,-0.0,-0.0,-0.0,-0.0
12,12,loading,1.15,4d8114adab8c956a48baaa08839289f13d175e29a6c2722e01a115b2a7131f5c,3379,64.0,39.0,interior,-0.0,-0.0,-0.0,-0.0,-0.0,-0.0
12,12,loading,1.15,4d8114adab8c956a48baaa08839289f13d175e29a6c2722e01a115b2a7131f5c,3380,65.0,39.0,interior,-0.0,-0.0,-0.0,-0.0,-0.0,-0.0
12,12,loading,1.15,4d8114adab8c956a48baaa08839289f13d175e29a6c2722e01a115b2a7131f5c,3381,66.0,39.0,interior,-0.0,-0.0,-0.0,-0.0,-0.0,-0.0
12,12,loading,1.15,4d8114adab8c956a48baaa08839289f13d175e29a6c2722e01a115b2a7131f5c,3382,67.0,39.0,interior,-0.0,-0.0,-0.0,-0.0,-0.0,-0.0
12,12,loading,1.15,4d8114adab8c956a48baaa08839289f13d175e29a6c2722e01a115b2a7131f5c,3383,68.0,39.0,interior,-0.0,-0.0,-0.0,-0.0,-0.0,-0.0
12,12,loading,1.15,4d8114adab8c956a48baaa08839289f13d175e29a6c2722e01a115b2a7131f5c,3384,69.0,39.0,interior,-0.0,-0.0,-0.0,-0.0,-0.0,-0.0
12,12,loading,1.15,4d8114adab8c956a48baaa08839289f13d175e29a6c2722e01a115b2a7131f5c,3385,70.0,39.0,interior,-0.0,-0.0,-0.0,-0.0,-0.0,-0.0
12,12,loading,1.15,4d8114adab8c956a48baaa08839289f13d175e29a6c2722e01a115b2a7131f5c,3386,71.0,39.0,interior,-0.0,-0.0,-0.0,-0.0,-0.0,-0.0
12,12,loading,1.15,4d8114adab8c956a48baaa08839289f13d175e29a6c2722e01a115b2a7131f5c,3387,72.0,39.0,interior,-0.0,-0.0,-0.0,-0.0,-0.0,-0.0
12,12,loading,1.15,4d8114adab8c956a48baaa08839289f13d175e29a6c2722e01a115b2a7131f5c,3388,73.0,39.0,interior,-0.0,-0.0,-0.0,-0.0,-0.0,-0.0
12,12,loading,1.15,4d8114adab8c956a48baaa08839289f13d175e29a6c2722e01a115b2a7131f5c,3389,74.0,39.0,interior,-0.0,-0.0,-0.0,-0.0,-0.0,-0.0
12,12,loading,1.15,4d8114adab8c956a48baaa08839289f13d175e29a6c2722e01a115b2a7131f5c,3390,75.0,39.0,interior,-0.0,-0.0,-0.0,-0.0,-0.0,-0.0
12,12,loading,1.15,4d8114adab8c956a48baaa08839289f13d175e29a6c2722e01a115b2a7131f5c,3391,76.0,39.0,interior,-0.0,-0.0,-0.0,-0.0,-0.0,-0.0
12,12,loading,1.15,4d8114adab8c956a48baaa08839289f13d175e29a6c2722e01a115b2a7131f5c,3392,77.0,39.0,interior,-0.0,-0.0,-0.0,-0.0,-0.0,-0.0
12,12,loading,1.15,4d8114adab8c956a48baaa08839289f13d175e29a6c2722e01a115b2a7131f5c,3393,78.0,39.0,interior,-0.0,-0.0,-0.0,-0.0,-0.0,-0.0
12,12,loading,1.15,4d8114adab8c956a48baaa08839289f13d175e29a6c2722e01a115b2a7131f5c,3394,79.0,39.0,interior,-0.0,-0.0,-0.0,-0.0,-0.0,-0.0
12,12,loading,1.15,4d8114adab8c956a48baaa08839289f13d175e29a6c2722e01a115b2a7131f5c,3395,80.0,39.0,physical_only,7.540583707644687e-07,-2.7897181446578663e-08,5.420941436977558e-07,-2.192916481616085e-07,2.1196422706671288e-07,1.9139446671503517e-07
12,12,loading,1.15,4d8114adab8c956a48baaa08839289f13d175e29a6c2722e01a115b2a7131f5c,3462,62.0,40.0,physical_and_cut,-2.864216516483974e-06,-1.7529729337716268e-06,-2.103981786981793e-06,-9.582868354841975e-07,-7.602347295021814e-07,-7.946860982874294e-07
12,12,loading,1.15,4d8114adab8c956a48baaa08839289f13d175e29a6c2722e01a115b2a7131f5c,3463,63.0,40.0,cut_only,-0.0,-0.0,-0.0,-0.0,-0.0,-0.0
12,12,loading,1.15,4d8114adab8c956a48baaa08839289f13d175e29a6c2722e01a115b2a7131f5c,3464,64.0,40.0,cut_only,-0.0,-0.0,-0.0,-0.0,-0.0,-0.0
12,12,loading,1.15,4d8114adab8c956a48baaa08839289f13d175e29a6c2722e01a115b2a7131f5c,3465,65.0,40.0,cut_only,-0.0,-0.0,-0.0,-0.0,-0.0,-0.0
12,12,loading,1.15,4d8114adab8c956a48baaa08839289f13d175e29a6c2722e01a115b2a7131f5c,3466,66.0,40.0,cut_only,-0.0,-0.0,-0.0,-0.0,-0.0,-0.0
12,12,loading,1.15,4d8114adab8c956a48baaa08839289f13d175e29a6c2722e01a115b2a7131f5c,3467,67.0,40.0,cut_only,-0.0,-0.0,-0.0,-0.0,-0.0,-0.0
12,12,loading,1.15,4d8114adab8c956a48baaa08839289f13d175e29a6c2722e01a115b2a7131f5c,3468,68.0,40.0,cut_only,-0.0,-0.0,-0.0,-0.0,-0.0,-0.0
12,12,loading,1.15,4d8114adab8c956a48baaa08839289f13d175e29a6c2722e01a115b2a7131f5c,3469,69.0,40.0,cut_only,-0.0,-0.0,-0.0,-0.0,-0.0,-0.0
12,12,loading,1.15,4d8114adab8c956a48baaa08839289f13d175e29a6c2722e01a115b2a7131f5c,3470,70.0,40.0,cut_only,-0.0,-0.0,-0.0,-0.0,-0.0,-0.0
12,12,loading,1.15,4d8114adab8c956a48baaa08839289f13d175e29a6c2722e01a115b2a7131f5c,3471,71.0,40.0,cut_only,-0.0,-0.0,-0.0,-0.0,-0.0,-0.0
12,12,loading,1.15,4d8114adab8c956a48baaa08839289f13d175e29a6c2722e01a115b2a7131f5c,3472,72.0,40.0,cut_only,-0.0,-0.0,-0.0,-0.0,-0.0,-0.0
12,12,loading,1.15,4d8114adab8c956a48baaa08839289f13d175e29a6c2722e01a115b2a7131f5c,3473,73.0,40.0,cut_only,-0.0,-0.0,-0.0,-0.0,-0.0,-0.0
12,12,loading,1.15,4d8114adab8c956a48baaa08839289f13d175e29a6c2722e01a115b2a7131f5c,3474,74.0,40.0,cut_only,-0.0,-0.0,-0.0,-0.0,-0.0,-0.0
12,12,loading,1.15,4d8114adab8c956a48baaa08839289f13d175e29a6c2722e01a115b2a7131f5c,3475,75.0,40.0,cut_only,-0.0,-0.0,-0.0,-0.0,-0.0,-0.0
12,12,loading,1.15,4d8114adab8c956a48baaa08839289f13d175e29a6c2722e01a115b2a7131f5c,3476,76.0,40.0,cut_only,-0.0,-0.0,-0.0,-0.0,-0.0,-0.0
12,12,loading,1.15,4d8114adab8c956a48baaa08839289f13d175e29a6c2722e01a115b2a7131f5c,3477,77.0,40.0,cut_only,-0.0,-0.0,-0.0,-0.0,-0.0,-0.0
12,12,loading,1.15,4d8114adab8c956a48baaa08839289f13d175e29a6c2722e01a115b2a7131f5c,3478,78.0,40.0,cut_only,-0.0,-0.0,-0.0,-0.0,-0.0,-0.0
12,12,loading,1.15,4d8114adab8c956a48baaa08839289f13d175e29a6c2722e01a115b2a7131f5c,3479,79.0,40.0,cut_only,-0.0,-0.0,-0.0,-0.0,-0.0,-0.0
12,12,loading,1.15,4d8114adab8c956a48baaa08839289f13d175e29a6c2722e01a115b2a7131f5c,3480,80.0,40.0,physical_and_cut,3.7643823922060424e-07,5.84219993842964e-05,2.714969374025878e-07,-2.2205855560911753e-07,1.0494130181801645e-07,5.864405793990552e-05
13,13,loading,1.2,a0adc01c7c11e5f565f1b02e73db78fa06469cfeb93d8e871f88a69af1fadd71,2697,62.0,31.0,physical_only,-0.00041877890803883544,-8.708730164487515e-05,-5.403219381589549e-06,6.193297448341387e-06,-0.0004133756886572459,-9.328059909321654e-05
13,13,loading,1.2,a0adc01c7c11e5f565f1b02e73db78fa06469cfeb93d8e871f88a69af1fadd71,2698,63.0,31.0,physical_only,-3.2700704535314506e-06,-6.834631664694288e-05,-2.983145987393348e-06,7.337389331040535e-06,-2.8692446613810256e-07,-7.568370597798343e-05
13,13,loading,1.2,a0adc01c7c11e5f565f1b02e73db78fa06469cfeb93d8e871f88a69af1fadd71,2699,64.0,31.0,physical_only,-1.6004121903464008e-06,-8.875802364542257e-05,-3.0526476963061135e-06,9.586496463848511e-06,1.4522355059597129e-06,-9.834452010927107e-05
13,13,loading,1.2,a0adc01c7c11e5f565f1b02e73db78fa06469cfeb93d8e871f88a69af1fadd71,2700,65.0,31.0,physical_only,-1.0532973549906413e-06,-0.00011932684921041683,-3.139466012385478e-06,1.2183244082067082e-05,2.0861686573948365e-06,-0.00013151009329248397
13,13,loading,1.2,a0adc01c7c11e5f565f1b02e73db78fa06469cfeb93d8e871f88a69af1fadd71,2701,66.0,31.0,physical_only,-2.1968667213747214e-06,-0.0001591250408865849,-3.2482826848086947e-06,1.5241697309762241e-05,1.0514159634339725e-06,-0.00017436673819634706
13,13,loading,1.2,a0adc01c7c11e5f565f1b02e73db78fa06469cfeb93d8e871f88a69af1fadd71,2702,67.0,31.0,physical_only,-5.874596917409229e-06,-0.0002061050962821172,-3.3787762066621172e-06,1.8907937408275258e-05,-2.4958207107471117e-06,-0.0002250130336903923
13,13,loading,1.2,a0adc01c7c11e5f565f1b02e73db78fa06469cfeb93d8e871f88a69af1fadd71,2703,68.0,31.0,physical_only,-7.69707614297315e-06,-0.0002628027591657137,-3.5329732818558233e-06,2.3371416341862523e-05,-4.164102861117327e-06,-0.0002861741755075765
13,13,loading,1.2,a0adc01c7c11e5f565f1b02e73db78fa06469cfeb93d8e871f88a69af1fadd71,2704,69.0,31.0,physical_only,-1.0189656183950589e-05,-0.00033423360422364483,-3.7168567963520797e-06,2.8896245240182744e-05,-6.472799387598511e-06,-0.00036312984946382763
13,13,loading,1.2,a0adc01c7c11e5f565f1b02e73db78fa06469cfeb93d8e871f88a69af1fadd71,2705,70.0,31.0,physical_only,-1.3400317307241214e-05,-0.0004218843736703609,-3.942100416398422e-06,3.5873678518856966e-05,-9.458216890842793e-06,-0.0004577580521892175
13,13,loading,1.2,a0adc01c7c11e5f565f1b02e73db78fa06469cfeb93d8e871f88a69af1fadd71,2706,71.0,31.0,physical_only,-1.7291604069776646e-05,-0.0005285734957473096,-4.2258804262764245e-06,4.490527359815132e-05,-1.3065723643500223e-05,-0.0005734787693454611
13,13,loading,1.2,a0adc01c7c11e5f565f1b02e73db78fa06469cfeb93d8e871f88a69af1fadd71,2707,72.0,31.0,physical_only,-2.158335671616929e-05,-0.0006572311763884181,-4.595783392183216e-06,5.696080591353325e-05,-1.698757332398608e-05,-0.0007141919823019515
13,13,loading,1.2,a0adc01c7c11e5f565f1b02e73db78fa06469cfeb93d8e871f88a69af1fadd71,2708,73.0,31.0,physical_only,-2.4892406854772784e-05,-0.0008139236890126644,-5.099926723805564e-06,7.370561488186602e-05,-1.9792480130967214e-05,-0.0008876293038945307
13,13,loading,1.2,a0adc01c7c11e5f565f1b02e73db78fa06469cfeb93d8e871f88a69af1fadd71,2709,74.0,31.0,physical_only,-3.3545839531000536e-05,-0.001003279813360609,-5.826756203261834e-06,9.824262815548754e-05,-2.7719083327738695e-05,-0.001101522441516096
13,13,loading,1.2,a0adc01c7c11e5f565f1b02e73db78fa06469cfeb93d8e871f88a69af1fadd71,2710,75.0,31.0,physical_only,-5.391970658881206e-05,-0.0012207369316135277,-6.954156454781483e-06,0.00013700694753978,-4.696555013403058e-05,-0.0013577438791533072
13,13,loading,1.2,a0adc01c7c11e5f565f1b02e73db78fa06469cfeb93d8e871f88a69af1fadd71,2711,76.0,31.0,physical_only,-0.00011564657836578602,-0.0014390077766770351,-8.894202719667118e-06,0.00020555336848451718,-0.00010675237564611892,-0.001644561145161554
13,13,loading,1.2,a0adc01c7c11e5f565f1b02e73db78fa06469cfeb93d8e871f88a69af1fadd71,2712,77.0,31.0,physical_only,-0.00029002598026530227,-0.001444382726665732,-1.2777729299916371e-05,0.0003512498001896488,-0.00027724825096538586,-0.001795632526855379
13,13,loading,1.2,a0adc01c7c11e5f565f1b02e73db78fa06469cfeb93d8e871f88a69af1fadd71,2713,78.0,31.0,physical_only,-0.0005545005516283442,-0.001182266087004032,-2.471048491646818e-05,0.0008244098759264233,-0.0005297900667118763,-0.0020066759629304553
13,13,loading,1.2,a0adc01c7c11e5f565f1b02e73db78fa06469cfeb93d8e871f88a69af1fadd71,2714,79.0,31.0,physical_only,-0.0009299923867681066,0.009156822537518278,-5.457580005118993e-05,0.0035068639411301246,-0.0008754165867169168,0.005649958596388154
13,13,loading,1.2,a0adc01c7c11e5f565f1b02e73db78fa06469cfeb93d8e871f88a69af1fadd71,2715,80.0,31.0,physical_only,0.00014048624045343393,0.12018706175361299,-0.0021321837780101487,0.11240363785011974,0.002272670018463583,0.0077834239034932345
13,13,loading,1.2,a0adc01c7c11e5f565f1b02e73db78fa06469cfeb93d8e871f88a69af1fadd71,2782,62.0,32.0,physical_only,-7.814606327595167e-06,-1.089364894076853e-06,-3.2241084520245563e-06,1.2890205320403095e-07,-4.590497875570612e-06,-1.218266947280884e-06
13,13,loading,1.2,a0adc01c7c11e5f565f1b02e73db78fa06469cfeb93d8e871f88a69af1fadd71,2783,63.0,32.0,interior,-0.0,-0.0,-0.0,-0.0,-0.0,-0.0
13,13,loading,1.2,a0adc01c7c11e5f565f1b02e73db78fa06469cfeb93d8e871f88a69af1fadd71,2784,64.0,32.0,interior,-0.0,-0.0,-0.0,-0.0,-0.0,-0.0
13,13,loading,1.2,a0adc01c7c11e5f565f1b02e73db78fa06469cfeb93d8e871f88a69af1fadd71,2785,65.0,32.0,interior,-0.0,-0.0,-0.0,-0.0,-0.0,-0.0
13,13,loading,1.2,a0adc01c7c11e5f565f1b02e73db78fa06469cfeb93d8e871f88a69af1fadd71,2786,66.0,32.0,interior,-0.0,-0.0,-0.0,-0.0,-0.0,-0.0
13,13,loading,1.2,a0adc01c7c11e5f565f1b02e73db78fa06469cfeb93d8e871f88a69af1fadd71,2787,67.0,32.0,interior,-0.0,-0.0,-0.0,-0.0,-0.0,-0.0
13,13,loading,1.2,a0adc01c7c11e5f565f1b02e73db78fa06469cfeb93d8e871f88a69af1fadd71,2788,68.0,32.0,interior,-0.0,-0.0,-0.0,-0.0,-0.0,-0.0
13,13,loading,1.2,a0adc01c7c11e5f565f1b02e73db78fa06469cfeb93d8e871f88a69af1fadd71,2789,69.0,32.0,interior,-0.0,-0.0,-0.0,-0.0,-0.0,-0.0
13,13,loading,1.2,a0adc01c7c11e5f565f1b02e73db78fa06469cfeb93d8e871f88a69af1fadd71,2790,70.0,32.0,interior,-0.0,-0.0,-0.0,-0.0,-0.0,-0.0
13,13,loading,1.2,a0adc01c7c11e5f565f1b02e73db78fa06469cfeb93d8e871f88a69af1fadd71,2791,71.0,32.0,interior,-0.0,-0.0,-0.0,-0.0,-0.0,-0.0
13,13,loading,1.2,a0adc01c7c11e5f565f1b02e73db78fa06469cfeb93d8e871f88a69af1fadd71,2792,72.0,32.0,interior,-0.0,-0.0,-0.0,-0.0,-0.0,-0.0
13,13,loading,1.2,a0adc01c7c11e5f565f1b02e73db78fa06469cfeb93d8e871f88a69af1fadd71,2793,73.0,32.0,interior,-0.0,-0.0,-0.0,-0.0,-0.0,-0.0
13,13,loading,1.2,a0adc01c7c11e5f565f1b02e73db78fa06469cfeb93d8e871f88a69af1fadd71,2794,74.0,32.0,interior,-0.0,-0.0,-0.0,-0.0,-0.0,-0.0
13,13,loading,1.2,a0adc01c7c11e5f565f1b02e73db78fa06469cfeb93d8e871f88a69af1fadd71,2795,75.0,32.0,interior,-0.0,-0.0,-0.0,-0.0,-0.0,-0.0
13,13,loading,1.2,a0adc01c7c11e5f565f1b02e73db78fa06469cfeb93d8e871f88a69af1fadd71,2796,76.0,32.0,interior,-0.0,-0.0,-0.0,-0.0,-0.0,-0.0
13,13,loading,1.2,a0adc01c7c11e5f565f1b02e73db78fa06469cfeb93d8e871f88a69af1fadd71,2797,77.0,32.0,interior,-0.0,-0.0,-0.0,-0.0,-0.0,-0.0
13,13,loading,1.2,a0adc01c7c11e5f565f1b02e73db78fa06469cfeb93d8e871f88a69af1fadd71,2798,78.0,32.0,interior,-0.0,-0.0,-0.0,-0.0,-0.0,-0.0
13,13,loading,1.2,a0adc01c7c11e5f565f1b02e73db78fa06469cfeb93d8e871f88a69af1fadd71,2799,79.0,32.0,interior,-0.0,-0.0,-0.0,-0.0,-0.0,-0.0
13,13,loading,1.2,a0adc01c7c11e5f565f1b02e73db78fa06469cfeb93d8e871f88a69af1fadd71,2800,80.0,32.0,physical_only,8.3244717867875e-07,-2.6375767500575115e-07,4.7324884020315737e-07,-1.8244473884689924e-06,3.591983384755925e-07,1.560689713463241e-06
13,13,loading,1.2,a0adc01c7c11e5f565f1b02e73db78fa06469cfeb93d8e871f88a69af1fadd71,2867,62.0,33.0,physical_only,-6.187631797513434e-06,-7.591846406017591e-07,-3.469494954419996e-06,9.93918014679052e-08,-2.718136843093438e-06,-8.585764420696641e-07
13,13,loading,1.2,a0adc01c7c11e5f565f1b02e73db78fa06469cfeb93d8e871f88a69af1fadd71,2868,63.0,33.0,interior,-0.0,-0.0,-0.0,-0.0,-0.0,-0.0
13,13,loading,1.2,a0adc01c7c11e5f565f1b02e73db78fa06469cfeb93d8e871f88a69af1fadd71,2869,64.0,33.0,interior,-0.0,-0.0,-0.0,-0.0,-0.0,-0.0
13,13,loading,1.2,a0adc01c7c11e5f565f1b02e73db78fa06469cfeb93d8e871f88a69af1fadd71,2870,65.0,33.0,interior,-0.0,-0.0,-0.0,-0.0,-0.0,-0.0
13,13,loading,1.2,a0adc01c7c11e5f565f1b02e73db78fa06469cfeb93d8e871f88a69af1fadd71,2871,66.0,33.0,interior,-0.0,-0.0,-0.0,-0.0,-0.0,-0.0
13,13,loading,1.2,a0adc01c7c11e5f565f1b02e73db78fa06469cfeb93d8e871f88a69af1fadd71,2872,67.0,33.0,interior,-0.0,-0.0,-0.0,-0.0,-0.0,-0.0
13,13,loading,1.2,a0adc01c7c11e5f565f1b02e73db78fa06469cfeb93d8e871f88a69af1fadd71,2873,68.0,33.0,interior,-0.0,-0.0,-0.0,-0.0,-0.0,-0.0
13,13,loading,1.2,a0adc01c7c11e5f565f1b02e73db78fa06469cfeb93d8e871f88a69af1fadd71,2874,69.0,33.0,interior,-0.0,-0.0,-0.0,-0.0,-0.0,-0.0
13,13,loading,1.2,a0adc01c7c11e5f565f1b02e73db78fa06469cfeb93d8e871f88a69af1fadd71,2875,70.0,33.0,interior,-0.0,-0.0,-0.0,-0.0,-0.0,-0.0
13,13,loading,1.2,a0adc01c7c11e5f565f1b02e73db78fa06469cfeb93d8e871f88a69af1fadd71,2876,71.0,33.0,interior,-0.0,-0.0,-0.0,-0.0,-0.0,-0.0
13,13,loading,1.2,a0adc01c7c11e5f565f1b02e73db78fa06469cfeb93d8e871f88a69af1fadd71,2877,72.0,33.0,interior,-0.0,-0.0,-0.0,-0.0,-0.0,-0.0
13,13,loading,1.2,a0adc01c7c11e5f565f1b02e73db78fa06469cfeb93d8e871f88a69af1fadd71,2878,73.0,33.0,interior,-0.0,-0.0,-0.0,-0.0,-0.0,-0.0
13,13,loading,1.2,a0adc01c7c11e5f565f1b02e73db78fa06469cfeb93d8e871f88a69af1fadd71,2879,74.0,33.0,interior,-0.0,-0.0,-0.0,-0.0,-0.0,-0.0
13,13,loading,1.2,a0adc01c7c11e5f565f1b02e73db78fa06469cfeb93d8e871f88a69af1fadd71,2880,75.0,33.0,interior,-0.0,-0.0,-0.0,-0.0,-0.0,-0.0
13,13,loading,1.2,a0adc01c7c11e5f565f1b02e73db78fa06469cfeb93d8e871f88a69af1fadd71,2881,76.0,33.0,interior,-0.0,-0.0,-0.0,-0.0,-0.0,-0.0
13,13,loading,1.2,a0adc01c7c11e5f565f1b02e73db78fa06469cfeb93d8e871f88a69af1fadd71,2882,77.0,33.0,interior,-0.0,-0.0,-0.0,-0.0,-0.0,-0.0
13,13,loading,1.2,a0adc01c7c11e5f565f1b02e73db78fa06469cfeb93d8e871f88a69af1fadd71,2883,78.0,33.0,interior,-0.0,-0.0,-0.0,-0.0,-0.0,-0.0
13,13,loading,1.2,a0adc01c7c11e5f565f1b02e73db78fa06469cfeb93d8e871f88a69af1fadd71,2884,79.0,33.0,interior,-0.0,-0.0,-0.0,-0.0,-0.0,-0.0
13,13,loading,1.2,a0adc01c7c11e5f565f1b02e73db78fa06469cfeb93d8e871f88a69af1fadd71,2885,80.0,33.0,physical_only,8.154821960286135e-07,-2.2149181118889805e-07,4.909264137076642e-07,-1.5855886069188402e-06,3.245557823209494e-07,1.3640967957299422e-06
13,13,loading,1.2,a0adc01c7c11e5f565f1b02e73db78fa06469cfeb93d8e871f88a69af1fadd71,2952,62.0,34.0,physical_only,-5.428768769772943e-06,-2.5634368170394636e-07,-3.6660432544725048e-06,8.189415022528892e-08,-1.762725515300438e-06,-3.382378319292353e-07
13,13,loading,1.2,a0adc01c7c11e5f565f1b02e73db78fa06469cfeb93d8e871f88a69af1fadd71,2953,63.0,34.0,interior,-0.0,-0.0,-0.0,-0.0,-0.0,-0.0
13,13,loading,1.2,a0adc01c7c11e5f565f1b02e73db78fa06469cfeb93d8e871f88a69af1fadd71,2954,64.0,34.0,interior,-0.0,-0.0,-0.0,-0.0,-0.0,-0.0
13,13,loading,1.2,a0adc01c7c11e5f565f1b02e73db78fa06469cfeb93d8e871f88a69af1fadd71,2955,65.0,34.0,interior,-0.0,-0.0,-0.0,-0.0,-0.0,-0.0
13,13,loading,1.2,a0adc01c7c11e5f565f1b02e73db78fa06469cfeb93d8e871f88a69af1fadd71,2956,66.0,34.0,interior,-0.0,-0.0,-0.0,-0.0,-0.0,-0.0
13,13,loading,1.2,a0adc01c7c11e5f565f1b02e73db78fa06469cfeb93d8e871f88a69af1fadd71,2957,67.0,34.0,interior,-0.0,-0.0,-0.0,-0.0,-0.0,-0.0
13,13,loading,1.2,a0adc01c7c11e5f565f1b02e73db78fa06469cfeb93d8e871f88a69af1fadd71,2958,68.0,34.0,interior,-0.0,-0.0,-0.0,-0.0,-0.0,-0.0
13,13,loading,1.2,a0adc01c7c11e5f565f1b02e73db78fa06469cfeb93d8e871f88a69af1fadd71,2959,69.0,34.0,interior,-0.0,-0.0,-0.0,-0.0,-0.0,-0.0
13,13,loading,1.2,a0adc01c7c11e5f565f1b02e73db78fa06469cfeb93d8e871f88a69af1fadd71,2960,70.0,34.0,interior,-0.0,-0.0,-0.0,-0.0,-0.0,-0.0
13,13,loading,1.2,a0adc01c7c11e5f565f1b02e73db78fa06469cfeb93d8e871f88a69af1fadd71,2961,71.0,34.0,interior,-0.0,-0.0,-0.0,-0.0,-0.0,-0.0
13,13,loading,1.2,a0adc01c7c11e5f565f1b02e73db78fa06469cfeb93d8e871f88a69af1fadd71,2962,72.0,34.0,interior,-0.0,-0.0,-0.0,-0.0,-0.0,-0.0
13,13,loading,1.2,a0adc01c7c11e5f565f1b02e73db78fa06469cfeb93d8e871f88a69af1fadd71,2963,73.0,34.0,interior,-0.0,-0.0,-0.0,-0.0,-0.0,-0.0
13,13,loading,1.2,a0adc01c7c11e5f565f1b02e73db78fa06469cfeb93d8e871f88a69af1fadd71,2964,74.0,34.0,interior,-0.0,-0.0,-0.0,-0.0,-0.0,-0.0
13,13,loading,1.2,a0adc01c7c11e5f565f1b02e73db78fa06469cfeb93d8e871f88a69af1fadd71,2965,75.0,34.0,interior,-0.0,-0.0,-0.0,-0.0,-0.0,-0.0
13,13,loading,1.2,a0adc01c7c11e5f565f1b02e73db78fa06469cfeb93d8e871f88a69af1fadd71,2966,76.0,34.0,interior,-0.0,-0.0,-0.0,-0.0,-0.0,-0.0
13,13,loading,1.2,a0adc01c7c11e5f565f1b02e73db78fa06469cfeb93d8e871f88a69af1fadd71,2967,77.0,34.0,interior,-0.0,-0.0,-0.0,-0.0,-0.0,-0.0
13,13,loading,1.2,a0adc01c7c11e5f565f1b02e73db78fa06469cfeb93d8e871f88a69af1fadd71,2968,78.0,34.0,interior,-0.0,-0.0,-0.0,-0.0,-0.0,-0.0
13,13,loading,1.2,a0adc01c7c11e5f565f1b02e73db78fa06469cfeb93d8e871f88a69af1fadd71,2969,79.0,34.0,interior,-0.0,-0.0,-0.0,-0.0,-0.0,-0.0
13,13,loading,1.2,a0adc01c7c11e5f565f1b02e73db78fa06469cfeb93d8e871f88a69af1fadd71,2970,80.0,34.0,physical_only,8.004847659786088e-07,-1.8356673043683908e-07,5.054442527770725e-07,-1.350984313681189e-06,2.950405132015363e-07,1.1674175832443478e-06
13,13,loading,1.2,a0adc01c7c11e5f565f1b02e73db78fa06469cfeb93d8e871f88a69af1fadd71,3037,62.0,35.0,physical_only,-5.256721763820302e-06,1.145301750335387e-07,-3.828241690394956e-06,7.05706184078264e-08,-1.428480073425347e-06,4.395955662571228e-08
13,13,loading,1.2,a0adc01c7c11e5f565f1b02e73db78fa06469cfeb93d8e871f88a69af1fadd71,3038,63.0,35.0,interior,-0.0,-0.0,-0.0,-0.0,-0.0,-0.0
13,13,loading,1.2,a0adc01c7c11e5f565f1b02e73db78fa06469cfeb93d8e871f88a69af1fadd71,3039,64.0,35.0,interior,-0.0,-0.0,-0.0,-0.0,-0.0,-0.0
13,13,loading,1.2,a0adc01c7c11e5f565f1b02e73db78fa06469cfeb93d8e871f88a69af1fadd71,3040,65.0,35.0,interior,-0.0,-0.0,-0.0,-0.0,-0.0,-0.0
13,13,loading,1.2,a0adc01c7c11e5f565f1b02e73db78fa06469cfeb93d8e871f88a69af1fadd71,3041,66.0,35.0,interior,-0.0,-0.0,-0.0,-0.0,-0.0,-0.0
13,13,loading,1.2,a0adc01c7c11e5f565f1b02e73db78fa06469cfeb93d8e871f88a69af1fadd71,3042,67.0,35.0,interior,-0.0,-0.0,-0.0,-0.0,-0.0,-0.0
13,13,loading,1.2,a0adc01c7c11e5f565f1b02e73db78fa06469cfeb93d8e871f88a69af1fadd71,3043,68.0,35.0,interior,-0.0,-0.0,-0.0,-0.0,-0.0,-0.0
13,13,loading,1.2,a0adc01c7c11e5f565f1b02e73db78fa06469cfeb93d8e871f88a69af1fadd71,3044,69.0,35.0,interior,-0.0,-0.0,-0.0,-0.0,-0.0,-0.0
13,13,loading,1.2,a0adc01c7c11e5f565f1b02e73db78fa06469cfeb93d8e871f88a69af1fadd71,3045,70.0,35.0,interior,-0.0,-0.0,-0.0,-0.0,-0.0,-0.0
13,13,loading,1.2,a0adc01c7c11e5f565f1b02e73db78fa06469cfeb93d8e871f88a69af1fadd71,3046,71.0,35.0,interior,-0.0,-0.0,-0.0,-0.0,-0.0,-0.0
13,13,loading,1.2,a0adc01c7c11e5f565f1b02e73db78fa06469cfeb93d8e871f88a69af1fadd71,3047,72.0,35.0,interior,-0.0,-0.0,-0.0,-0.0,-0.0,-0.0
13,13,loading,1.2,a0adc01c7c11e5f565f1b02e73db78fa06469cfeb93d8e871f88a69af1fadd71,3048,73.0,35.0,interior,-0.0,-0.0,-0.0,-0.0,-0.0,-0.0
13,13,loading,1.2,a0adc01c7c11e5f565f1b02e73db78fa06469cfeb93d8e871f88a69af1fadd71,3049,74.0,35.0,interior,-0.0,-0.0,-0.0,-0.0,-0.0,-0.0
13,13,loading,1.2,a0adc01c7c11e5f565f1b02e73db78fa06469cfeb93d8e871f88a69af1fadd71,3050,75.0,35.0,interior,-0.0,-0.0,-0.0,-0.0,-0.0,-0.0
13,13,loading,1.2,a0adc01c7c11e5f565f1b02e73db78fa06469cfeb93d8e871f88a69af1fadd71,3051,76.0,35.0,interior,-0.0,-0.0,-0.0,-0.0,-0.0,-0.0
13,13,loading,1.2,a0adc01c7c11e5f565f1b02e73db78fa06469cfeb93d8e871f88a69af1fadd71,3052,77.0,35.0,interior,-0.0,-0.0,-0.0,-0.0,-0.0,-0.0
13,13,loading,1.2,a0adc01c7c11e5f565f1b02e73db78fa06469cfeb93d8e871f88a69af1fadd71,3053,78.0,35.0,interior,-0.0,-0.0,-0.0,-0.0,-0.0,-0.0
13,13,loading,1.2,a0adc01c7c11e5f565f1b02e73db78fa06469cfeb93d8e871f88a69af1fadd71,3054,79.0,35.0,interior,-0.0,-0.0,-0.0,-0.0,-0.0,-0.0
13,13,loading,1.2,a0adc01c7c11e5f565f1b02e73db78fa06469cfeb93d8e871f88a69af1fadd71,3055,80.0,35.0,physical_only,7.876343324251147e-07,-1.4886723678985369e-07,5.171528070503505e-07,-1.1200767794325471e-06,2.70481525374764e-07,9.71209542642706e-07
13,13,loading,1.2,a0adc01c7c11e5f565f1b02e73db78fa06469cfeb93d8e871f88a69af1fadd71,3122,62.0,36.0,physical_only,-5.353439457644288e-06,2.850992633346836e-07,-3.9623345535358945e-06,6.040468236739729e-08,-1.391104904108394e-06,2.246945809672863e-07
13,13,loading,1.2,a0adc01c7c11e5f565f1b02e73db78fa06469cfeb93d8e871f88a69af1fadd71,3123,63.0,36.0,interior,-0.0,-0.0,-0.0,-0.0,-0.0,-0.0
13,13,loading,1.2,a0adc01c7c11e5f565f1b02e73db78fa06469cfeb93d8e871f88a69af1fadd71,3124,64.0,36.0,interior,-0.0,-0.0,-0.0,-0.0,-0.0,-0.0
13,13,loading,1.2,a0adc01c7c11e5f565f1b02e73db78fa06469cfeb93d8e871f88a69af1fadd71,3125,65.0,36.0,interior,-0.0,-0.0,-0.0,-0.0,-0.0,-0.0
13,13,loading,1.2,a0adc01c7c11e5f565f1b02e73db78fa06469cfeb93d8e871f88a69af1fadd71,3126,66.0,36.0,interior,-0.0,-0.0,-0.0,-0.0,-0.0,-0.0
13,13,loading,1.2,a0adc01c7c11e5f565f1b02e73db78fa06469cfeb93d8e871f88a69af1fadd71,3127,67.0,36.0,interior,-0.0,-0.0,-0.0,-0.0,-0.0,-0.0
13,13,loading,1.2,a0adc01c7c11e5f565f1b02e73db78fa06469cfeb93d8e871f88a69af1fadd71,3128,68.0,36.0,interior,-0.0,-0.0,-0.0,-0.0,-0.0,-0.0
13,13,loading,1.2,a0adc01c7c11e5f565f1b02e73db78fa06469cfeb93d8e871f88a69af1fadd71,3129,69.0,36.0,interior,-0.0,-0.0,-0.0,-0.0,-0.0,-0.0
13,13,loading,1.2,a0adc01c7c11e5f565f1b02e73db78fa06469cfeb93d8e871f88a69af1fadd71,3130,70.0,36.0,interior,-0.0,-0.0,-0.0,-0.0,-0.0,-0.0
13,13,loading,1.2,a0adc01c7c11e5f565f1b02e73db78fa06469cfeb93d8e871f88a69af1fadd71,3131,71.0,36.0,interior,-0.0,-0.0,-0.0,-0.0,-0.0,-0.0
13,13,loading,1.2,a0adc01c7c11e5f565f1b02e73db78fa06469cfeb93d8e871f88a69af1fadd71,3132,72.0,36.0,interior,-0.0,-0.0,-0.0,-0.0,-0.0,-0.0
13,13,loading,1.2,a0adc01c7c11e5f565f1b02e73db78fa06469cfeb93d8e871f88a69af1fadd71,3133,73.0,36.0,interior,-0.0,-0.0,-0.0,-0.0,-0.0,-0.0
13,13,loading,1.2,a0adc01c7c11e5f565f1b02e73db78fa06469cfeb93d8e871f88a69af1fadd71,3134,74.0,36.0,interior,-0.0,-0.0,-0.0,-0.0,-0.0,-0.0
13,13,loading,1.2,a0adc01c7c11e5f565f1b02e73db78fa06469cfeb93d8e871f88a69af1fadd71,3135,75.0,36.0,interior,-0.0,-0.0,-0.0,-0.0,-0.0,-0.0
13,13,loading,1.2,a0adc01c7c11e5f565f1b02e73db78fa06469cfeb93d8e871f88a69af1fadd71,3136,76.0,36.0,interior,-0.0,-0.0,-0.0,-0.0,-0.0,-0.0
13,13,loading,1.2,a0adc01c7c11e5f565f1b02e73db78fa06469cfeb93d8e871f88a69af1fadd71,3137,77.0,36.0,interior,-0.0,-0.0,-0.0,-0.0,-0.0,-0.0
13,13,loading,1.2,a0adc01c7c11e5f565f1b02e73db78fa06469cfeb93d8e871f88a69af1fadd71,3138,78.0,36.0,interior,-0.0,-0.0,-0.0,-0.0,-0.0,-0.0
13,13,loading,1.2,a0adc01c7c11e5f565f1b02e73db78fa06469cfeb93d8e871f88a69af1fadd71,3139,79.0,36.0,interior,-0.0,-0.0,-0.0,-0.0,-0.0,-0.0
13,13,loading,1.2,a0adc01c7c11e5f565f1b02e73db78fa06469cfeb93d8e871f88a69af1fadd71,3140,80.0,36.0,physical_only,7.77036367637171e-07,-1.165649118707441e-07,5.263438324843048e-07,-8.922824976907351e-07,2.5069253515286617e-07,7.75717585819987e-07
13,13,loading,1.2,a0adc01c7c11e5f565f1b02e73db78fa06469cfeb93d8e871f88a69af1fadd71,3207,62.0,37.0,physical_only,-5.517431194580769e-06,3.0374016029597273e-07,-4.06923440595128e-06,4.856850278278225e-08,-1.4481967886294884e-06,2.551716575131905e-07
13,13,loading,1.2,a0adc01c7c11e5f565f1b02e73db78fa06469cfeb93d8e871f88a69af1fadd71,3208,63.0,37.0,interior,-0.0,-0.0,-0.0,-0.0,-0.0,-0.0
13,13,loading,1.2,a0adc01c7c11e5f565f1b02e73db78fa06469cfeb93d8e871f88a69af1fadd71,3209,64.0,37.0,interior,-0.0,-0.0,-0.0,-0.0,-0.0,-0.0
13,13,loading,1.2,a0adc01c7c11e5f565f1b02e73db78fa06469cfeb93d8e871f88a69af1fadd71,3210,65.0,37.0,interior,-0.0,-0.0,-0.0,-0.0,-0.0,-0.0
13,13,loading,1.2,a0adc01c7c11e5f565f1b02e73db78fa06469cfeb93d8e871f88a69af1fadd71,3211,66.0,37.0,interior,-0.0,-0.0,-0.0,-0.0,-0.0,-0.0
13,13,loading,1.2,a0adc01c7c11e5f565f1b02e73db78fa06469cfeb93d8e871f88a69af1fadd71,3212,67.0,37.0,interior,-0.0,-0.0,-0.0,-0.0,-0.0,-0.0
13,13,loading,1.2,a0adc01c7c11e5f565f1b02e73db78fa06469cfeb93d8e871f88a69af1fadd71,3213,68.0,37.0,interior,-0.0,-0.0,-0.0,-0.0,-0.0,-0.0
13,13,loading,1.2,a0adc01c7c11e5f565f1b02e73db78fa06469cfeb93d8e871f88a69af1fadd71,3214,69.0,37.0,interior,-0.0,-0.0,-0.0,-0.0,-0.0,-0.0
13,13,loading,1.2,a0adc01c7c11e5f565f1b02e73db78fa06469cfeb93d8e871f88a69af1fadd71,3215,70.0,37.0,interior,-0.0,-0.0,-0.0,-0.0,-0.0,-0.0
13,13,loading,1.2,a0adc01c7c11e5f565f1b02e73db78fa06469cfeb93d8e871f88a69af1fadd71,3216,71.0,37.0,interior,-0.0,-0.0,-0.0,-0.0,-0.0,-0.0
13,13,loading,1.2,a0adc01c7c11e5f565f1b02e73db78fa06469cfeb93d8e871f88a69af1fadd71,3217,72.0,37.0,interior,-0.0,-0.0,-0.0,-0.0,-0.0,-0.0
13,13,loading,1.2,a0adc01c7c11e5f565f1b02e73db78fa06469cfeb93d8e871f88a69af1fadd71,3218,73.0,37.0,interior,-0.0,-0.0,-0.0,-0.0,-0.0,-0.0
13,13,loading,1.2,a0adc01c7c11e5f565f1b02e73db78fa06469cfeb93d8e871f88a69af1fadd71,3219,74.0,37.0,interior,-0.0,-0.0,-0.0,-0.0,-0.0,-0.0
13,13,loading,1.2,a0adc01c7c11e5f565f1b02e73db78fa06469cfeb93d8e871f88a69af1fadd71,3220,75.0,37.0,interior,-0.0,-0.0,-0.0,-0.0,-0.0,-0.0
13,13,loading,1.2,a0adc01c7c11e5f565f1b02e73db78fa06469cfeb93d8e871f88a69af1fadd71,3221,76.0,37.0,interior,-0.0,-0.0,-0.0,-0.0,-0.0,-0.0
13,13,loading,1.2,a0adc01c7c11e5f565f1b02e73db78fa06469cfeb93d8e871f88a69af1fadd71,3222,77.0,37.0,interior,-0.0,-0.0,-0.0,-0.0,-0.0,-0.0
13,13,loading,1.2,a0adc01c7c11e5f565f1b02e73db78fa06469cfeb93d8e871f88a69af1fadd71,3223,78.0,37.0,interior,-0.0,-0.0,-0.0,-0.0,-0.0,-0.0
13,13,loading,1.2,a0adc01c7c11e5f565f1b02e73db78fa06469cfeb93d8e871f88a69af1fadd71,3224,79.0,37.0,interior,-0.0,-0.0,-0.0,-0.0,-0.0,-0.0
13,13,loading,1.2,a0adc01c7c11e5f565f1b02e73db78fa06469cfeb93d8e871f88a69af1fadd71,3225,80.0,37.0,physical_only,7.68752280616961e-07,-8.601579739357738e-08,5.332525844242145e-07,-6.669987760418876e-07,2.3549969619274644e-07,5.809829786483054e-07
13,13,loading,1.2,a0adc01c7c11e5f565f1b02e73db78fa06469cfeb93d8e871f88a69af1fadd71,3292,62.0,38.0,physical_only,-5.655586983772795e-06,2.3237430298080682e-07,-4.147515946140625e-06,3.420999328203112e-08,-1.5080710376321698e-06,1.981643096987758e-07
13,13,loading,1.2,a0adc01c7c11e5f565f1b02e73db78fa06469cfeb93d8e871f88a69af1fadd71,3293,63.0,38.0,interior,-0.0,-0.0,-0.0,-0.0,-0.0,-0.0
13,13,loading,1.2,a0adc01c7c11e5f565f1b02e73db78fa06469cfeb93d8e871f88a69af1fadd71,3294,64.0,38.0,interior,-0.0,-0.0,-0.0,-0.0,-0.0,-0.0
13,13,loading,1.2,a0adc01c7c11e5f565f1b02e73db78fa06469cfeb93d8e871f88a69af1fadd71,3295,65.0,38.0,interior,-0.0,-0.0,-0.0,-0.0,-0.0,-0.0
13,13,loading,1.2,a0adc01c7c11e5f565f1b02e73db78fa06469cfeb93d8e871f88a69af1fadd71,3296,66.0,38.0,interior,-0.0,-0.0,-0.0,-0.0,-0.0,-0.0
13,13,loading,1.2,a0adc01c7c11e5f565f1b02e73db78fa06469cfeb93d8e871f88a69af1fadd71,3297,67.0,38.0,interior,-0.0,-0.0,-0.0,-0.0,-0.0,-0.0
13,13,loading,1.2,a0adc01c7c11e5f565f1b02e73db78fa06469cfeb93d8e871f88a69af1fadd71,3298,68.0,38.0,interior,-0.0,-0.0,-0.0,-0.0,-0.0,-0.0
13,13,loading,1.2,a0adc01c7c11e5f565f1b02e73db78fa06469cfeb93d8e871f88a69af1fadd71,3299,69.0,38.0,interior,-0.0,-0.0,-0.0,-0.0,-0.0,-0.0
13,13,loading,1.2,a0adc01c7c11e5f565f1b02e73db78fa06469cfeb93d8e871f88a69af1fadd71,3300,70.0,38.0,interior,-0.0,-0.0,-0.0,-0.0,-0.0,-0.0
13,13,loading,1.2,a0adc01c7c11e5f565f1b02e73db78fa06469cfeb93d8e871f88a69af1fadd71,3301,71.0,38.0,interior,-0.0,-0.0,-0.0,-0.0,-0.0,-0.0
13,13,loading,1.2,a0adc01c7c11e5f565f1b02e73db78fa06469cfeb93d8e871f88a69af1fadd71,3302,72.0,38.0,interior,-0.0,-0.0,-0.0,-0.0,-0.0,-0.0
13,13,loading,1.2,a0adc01c7c11e5f565f1b02e73db78fa06469cfeb93d8e871f88a69af1fadd71,3303,73.0,38.0,interior,-0.0,-0.0,-0.0,-0.0,-0.0,-0.0
13,13,loading,1.2,a0adc01c7c11e5f565f1b02e73db78fa06469cfeb93d8e871f88a69af1fadd71,3304,74.0,38.0,interior,-0.0,-0.0,-0.0,-0.0,-0.0,-0.0
13,13,loading,1.2,a0adc01c7c11e5f565f1b02e73db78fa06469cfeb93d8e871f88a69af1fadd71,3305,75.0,38.0,interior,-0.0,-0.0,-0.0,-0.0,-0.0,-0.0
13,13,loading,1.2,a0adc01c7c11e5f565f1b02e73db78fa06469cfeb93d8e871f88a69af1fadd71,3306,76.0,38.0,interior,-0.0,-0.0,-0.0,-0.0,-0.0,-0.0
13,13,loading,1.2,a0adc01c7c11e5f565f1b02e73db78fa06469cfeb93d8e871f88a69af1fadd71,3307,77.0,38.0,interior,-0.0,-0.0,-0.0,-0.0,-0.0,-0.0
13,13,loading,1.2,a0adc01c7c11e5f565f1b02e73db78fa06469cfeb93d8e871f88a69af1fadd71,3308,78.0,38.0,interior,-0.0,-0.0,-0.0,-0.0,-0.0,-0.0
13,13,loading,1.2,a0adc01c7c11e5f565f1b02e73db78fa06469cfeb93d8e871f88a69af1fadd71,3309,79.0,38.0,interior,-0.0,-0.0,-0.0,-0.0,-0.0,-0.0
13,13,loading,1.2,a0adc01c7c11e5f565f1b02e73db78fa06469cfeb93d8e871f88a69af1fadd71,3310,80.0,38.0,physical_only,7.628170547863599e-07,-5.669586510154438e-08,5.380597984399106e-07,-4.436089885071422e-07,2.247572563464495e-07,3.869131234056025e-07
13,13,loading,1.2,a0adc01c7c11e5f565f1b02e73db78fa06469cfeb93d8e871f88a69af1fadd71,3377,62.0,39.0,physical_only,-5.737483284871356e-06,1.2179015386313929e-07,-4.195355352448106e-06,1.7696389139608907e-08,-1.5421279324232494e-06,1.0409376472353048e-07
13,13,loading,1.2,a0adc01c7c11e5f565f1b02e73db78fa06469cfeb93d8e871f88a69af1fadd71,3378,63.0,39.0,interior,-0.0,-0.0,-0.0,-0.0,-0.0,-0.0
13,13,loading,1.2,a0adc01c7c11e5f565f1b02e73db78fa06469cfeb93d8e871f88a69af1fadd71,3379,64.0,39.0,interior,-0.0,-0.0,-0.0,-0.0,-0.0,-0.0
13,13,loading,1.2,a0adc01c7c11e5f565f1b02e73db78fa06469cfeb93d8e871f88a69af1fadd71,3380,65.0,39.0,interior,-0.0,-0.0,-0.0,-0.0,-0.0,-0.0
13,13,loading,1.2,a0adc01c7c11e5f565f1b02e73db78fa06469cfeb93d8e871f88a69af1fadd71,3381,66.0,39.0,interior,-0.0,-0.0,-0.0,-0.0,-0.0,-0.0
13,13,loading,1.2,a0adc01c7c11e5f565f1b02e73db78fa06469cfeb93d8e871f88a69af1fadd71,3382,67.0,39.0,interior,-0.0,-0.0,-0.0,-0.0,-0.0,-0.0
13,13,loading,1.2,a0adc01c7c11e5f565f1b02e73db78fa06469cfeb93d8e871f88a69af1fadd71,3383,68.0,39.0,interior,-0.0,-0.0,-0.0,-0.0,-0.0,-0.0
13,13,loading,1.2,a0adc01c7c11e5f565f1b02e73db78fa06469cfeb93d8e871f88a69af1fadd71,3384,69.0,39.0,interior,-0.0,-0.0,-0.0,-0.0,-0.0,-0.0
13,13,loading,1.2,a0adc01c7c11e5f565f1b02e73db78fa06469cfeb93d8e871f88a69af1fadd71,3385,70.0,39.0,interior,-0.0,-0.0,-0.0,-0.0,-0.0,-0.0
13,13,loading,1.2,a0adc01c7c11e5f565f1b02e73db78fa06469cfeb93d8e871f88a69af1fadd71,3386,71.0,39.0,interior,-0.0,-0.0,-0.0,-0.0,-0.0,-0.0
13,13,loading,1.2,a0adc01c7c11e5f565f1b02e73db78fa06469cfeb93d8e871f88a69af1fadd71,3387,72.0,39.0,interior,-0.0,-0.0,-0.0,-0.0,-0.0,-0.0
13,13,loading,1.2,a0adc01c7c11e5f565f1b02e73db78fa06469cfeb93d8e871f88a69af1fadd71,3388,73.0,39.0,interior,-0.0,-0.0,-0.0,-0.0,-0.0,-0.0
13,13,loading,1.2,a0adc01c7c11e5f565f1b02e73db78fa06469cfeb93d8e871f88a69af1fadd71,3389,74.0,39.0,interior,-0.0,-0.0,-0.0,-0.0,-0.0,-0.0
13,13,loading,1.2,a0adc01c7c11e5f565f1b02e73db78fa06469cfeb93d8e871f88a69af1fadd71,3390,75.0,39.0,interior,-0.0,-0.0,-0.0,-0.0,-0.0,-0.0
13,13,loading,1.2,a0adc01c7c11e5f565f1b02e73db78fa06469cfeb93d8e871f88a69af1fadd71,3391,76.0,39.0,interior,-0.0,-0.0,-0.0,-0.0,-0.0,-0.0
13,13,loading,1.2,a0adc01c7c11e5f565f1b02e73db78fa06469cfeb93d8e871f88a69af1fadd71,3392,77.0,39.0,interior,-0.0,-0.0,-0.0,-0.0,-0.0,-0.0
13,13,loading,1.2,a0adc01c7c11e5f565f1b02e73db78fa06469cfeb93d8e871f88a69af1fadd71,3393,78.0,39.0,interior,-0.0,-0.0,-0.0,-0.0,-0.0,-0.0
13,13,loading,1.2,a0adc01c7c11e5f565f1b02e73db78fa06469cfeb93d8e871f88a69af1fadd71,3394,79.0,39.0,interior,-0.0,-0.0,-0.0,-0.0,-0.0,-0.0
13,13,loading,1.2,a0adc01c7c11e5f565f1b02e73db78fa06469cfeb93d8e871f88a69af1fadd71,3395,80.0,39.0,physical_only,7.592497717779779e-07,-2.8157804618460084e-08,5.408933354388665e-07,-2.2148684968931458e-07,2.1835643633911146e-07,1.9332904507084978e-07
13,13,loading,1.2,a0adc01c7c11e5f565f1b02e73db78fa06469cfeb93d8e871f88a69af1fadd71,3462,62.0,40.0,physical_and_cut,-2.8817815861337236e-06,-1.7250245001420664e-06,-2.1057264375841835e-06,-9.59221132447916e-07,-7.7605514854954e-07,-7.658033676941505e-07
13,13,loading,1.2,a0adc01c7c11e5f565f1b02e73db78fa06469cfeb93d8e871f88a69af1fadd71,3463,63.0,40.0,cut_only,-0.0,-0.0,-0.0,-0.0,-0.0,-0.0
13,13,loading,1.2,a0adc01c7c11e5f565f1b02e73db78fa06469cfeb93d8e871f88a69af1fadd71,3464,64.0,40.0,cut_only,-0.0,-0.0,-0.0,-0.0,-0.0,-0.0
13,13,loading,1.2,a0adc01c7c11e5f565f1b02e73db78fa06469cfeb93d8e871f88a69af1fadd71,3465,65.0,40.0,cut_only,-0.0,-0.0,-0.0,-0.0,-0.0,-0.0
13,13,loading,1.2,a0adc01c7c11e5f565f1b02e73db78fa06469cfeb93d8e871f88a69af1fadd71,3466,66.0,40.0,cut_only,-0.0,-0.0,-0.0,-0.0,-0.0,-0.0
13,13,loading,1.2,a0adc01c7c11e5f565f1b02e73db78fa06469cfeb93d8e871f88a69af1fadd71,3467,67.0,40.0,cut_only,-0.0,-0.0,-0.0,-0.0,-0.0,-0.0
13,13,loading,1.2,a0adc01c7c11e5f565f1b02e73db78fa06469cfeb93d8e871f88a69af1fadd71,3468,68.0,40.0,cut_only,-0.0,-0.0,-0.0,-0.0,-0.0,-0.0
13,13,loading,1.2,a0adc01c7c11e5f565f1b02e73db78fa06469cfeb93d8e871f88a69af1fadd71,3469,69.0,40.0,cut_only,-0.0,-0.0,-0.0,-0.0,-0.0,-0.0
13,13,loading,1.2,a0adc01c7c11e5f565f1b02e73db78fa06469cfeb93d8e871f88a69af1fadd71,3470,70.0,40.0,cut_only,-0.0,-0.0,-0.0,-0.0,-0.0,-0.0
13,13,loading,1.2,a0adc01c7c11e5f565f1b02e73db78fa06469cfeb93d8e871f88a69af1fadd71,3471,71.0,40.0,cut_only,-0.0,-0.0,-0.0,-0.0,-0.0,-0.0
13,13,loading,1.2,a0adc01c7c11e5f565f1b02e73db78fa06469cfeb93d8e871f88a69af1fadd71,3472,72.0,40.0,cut_only,-0.0,-0.0,-0.0,-0.0,-0.0,-0.0
13,13,loading,1.2,a0adc01c7c11e5f565f1b02e73db78fa06469cfeb93d8e871f88a69af1fadd71,3473,73.0,40.0,cut_only,-0.0,-0.0,-0.0,-0.0,-0.0,-0.0
13,13,loading,1.2,a0adc01c7c11e5f565f1b02e73db78fa06469cfeb93d8e871f88a69af1fadd71,3474,74.0,40.0,cut_only,-0.0,-0.0,-0.0,-0.0,-0.0,-0.0
13,13,loading,1.2,a0adc01c7c11e5f565f1b02e73db78fa06469cfeb93d8e871f88a69af1fadd71,3475,75.0,40.0,cut_only,-0.0,-0.0,-0.0,-0.0,-0.0,-0.0
13,13,loading,1.2,a0adc01c7c11e5f565f1b02e73db78fa06469cfeb93d8e871f88a69af1fadd71,3476,76.0,40.0,cut_only,-0.0,-0.0,-0.0,-0.0,-0.0,-0.0
13,13,loading,1.2,a0adc01c7c11e5f565f1b02e73db78fa06469cfeb93d8e871f88a69af1fadd71,3477,77.0,40.0,cut_only,-0.0,-0.0,-0.0,-0.0,-0.0,-0.0
13,13,loading,1.2,a0adc01c7c11e5f565f1b02e73db78fa06469cfeb93d8e871f88a69af1fadd71,3478,78.0,40.0,cut_only,-0.0,-0.0,-0.0,-0.0,-0.0,-0.0
13,13,loading,1.2,a0adc01c7c11e5f565f1b02e73db78fa06469cfeb93d8e871f88a69af1fadd71,3479,79.0,40.0,cut_only,-0.0,-0.0,-0.0,-0.0,-0.0,-0.0
13,13,loading,1.2,a0adc01c7c11e5f565f1b02e73db78fa06469cfeb93d8e871f88a69af1fadd71,3480,80.0,40.0,physical_and_cut,3.790298763962308e-07,5.9015784044971305e-05,2.7091470400554203e-07,-2.2285157798955203e-07,1.0811517239068873e-07,5.923863562296086e-05
14,14,unloading,1.15,abd5a4e14477ced49459c38651927487f3995b3f8cfc0fef6af8237384e7ab86,2697,62.0,31.0,physical_only,-0.0004234130333404156,-8.419892393469258e-05,-5.4564080823682385e-06,6.23662361454061e-06,-0.00041795662525804736,-9.043554754923316e-05
14,14,unloading,1.15,abd5a4e14477ced49459c38651927487f3995b3f8cfc0fef6af8237384e7ab86,2698,63.0,31.0,physical_only,-2.917614023488873e-06,-6.67995737402725e-05,-3.0175435533592595e-06,7.35330679980367e-06,9.992952987038645e-08,-7.415288054007615e-05
14,14,unloading,1.15,abd5a4e14477ced49459c38651927487f3995b3f8cfc0fef6af8237384e7ab86,2699,64.0,31.0,physical_only,-1.089996875812893e-06,-8.712890931332734e-05,-3.087673970843976e-06,9.580501483742892e-06,1.9976770950310823e-06,-9.670941079707024e-05
14,14,unloading,1.15,abd5a4e14477ced49459c38651927487f3995b3f8cfc0fef6af8237384e7ab86,2700,65.0,31.0,physical_only,-4.993014725077796e-07,-0.00011735107890666904,-3.175409590857451e-06,1.215103929101011e-05,2.676108118349672e-06,-0.00012950211819767916
14,14,unloading,1.15,abd5a4e14477ced49459c38651927487f3995b3f8cfc0fef6af8237384e7ab86,2701,66.0,31.0,physical_only,-1.6442760726829543e-06,-0.00015624862942361186,-3.2848367254152926e-06,1.5177492900304536e-05,1.640560652732338e-06,-0.00017142612232391643
14,14,unloading,1.15,abd5a4e14477ced49459c38651927487f3995b3f8cfc0fef6af8237384e7ab86,2702,67.0,31.0,physical_only,-5.056958852031373e-06,-0.0002020070807342506,-3.4153252354754933e-06,1.8802435737881426e-05,-1.6416336165558794e-06,-0.00022080951647213208
14,14,unloading,1.15,abd5a4e14477ced49459c38651927487f3995b3f8cfc0fef6af8237384e7ab86,2703,68.0,31.0,physical_only,-6.600007648424737e-06,-0.0002572722878317916,-3.5687587385382764e-06,2.321007997841721e-05,-3.031248909886461e-06,-0.0002804823678102088
14,14,unloading,1.15,abd5a4e14477ced49459c38651927487f3995b3f8cfc0fef6af8237384e7ab86,2704,69.0,31.0,physical_only,-8.775280828802195e-06,-0.00032679719575428733,-3.7509427518958243e-06,2.8656711479531728e-05,-5.024338076906372e-06,-0.0003554539072338188
14,14,unloading,1.15,abd5a4e14477ced49459c38651927487f3995b3f8cfc0fef6af8237384e7ab86,2705,70.0,31.0,physical_only,-1.1596141767573303e-05,-0.0004119268878630578,-3.973072749813295e-06,3.552063005172165e-05,-7.6230690177600084e-06,-0.00044744751791477954
14,14,unloading,1.15,abd5a4e14477ced49459c38651927487f3995b3f8cfc0fef6af8237384e7ab86,2706,71.0,31.0,physical_only,-1.5024913110582013e-05,-0.0005152933637595628,-4.251506420390452e-06,4.4380637491896665e-05,-1.0773406690191562e-05,-0.0005596740012514595
14,14,unloading,1.15,abd5a4e14477ced49459c38651927487f3995b3f8cfc0fef6af8237384e7ab86,2707,72.0,31.0,physical_only,-1.8788710117497943e-05,-0.0006396241112440497,-4.6123811564796425e-06,5.61641962593882e-05,-1.4176328961018305e-05,-0.0006957883075034378
14,14,unloading,1.15,abd5a4e14477ced49459c38651927487f3995b3f8cfc0fef6af8237384e7ab86,2708,73.0,31.0,physical_only,-2.1727450852890595e-05,-0.0007899699350072567,-5.1007111743890535e-06,7.245079650913767e-05,-1.662673967850154e-05,-0.0008624207315163939
14,14,unloading,1.15,abd5a4e14477ced49459c38651927487f3995b3f8cfc0fef6af8237384e7ab86,2709,74.0,31.0,physical_only,-2.7885601960801167e-05,-0.0009710239997619457,-5.798730700951049e-06,9.61515312280992e-05,-2.2086871259850126e-05,-0.0010671755309900454
14,14,unloading,1.15,abd5a4e14477ced49459c38651927487f3995b3f8cfc0fef6af8237384e7ab86,2710,75.0,31.0,physical_only,-4.2655931860561335e-05,-0.0011821316698064294,-6.871057515444077e-06,0.00013322360616660424,-3.578487434511726e-05,-0.0013153552759730333
14,14,unloading,1.15,abd5a4e14477ced49459c38651927487f3995b3f8cfc0fef6af8237384e7ab86,2711,76.0,31.0,physical_only,-9.197902237757464e-05,-0.0014047185028829333,-8.694860726375595e-06,0.00019781295991711583,-8.328416165119904e-05,-0.001602531462800049
14,14,unloading,1.15,abd5a4e14477ced49459c38651927487f3995b3f8cfc0fef6af8237384e7ab86,2712,77.0,31.0,physical_only,-0.00024035064841823736,-0.0014548276643384477,-1.2279801029522554e-05,0.0003317733712624295,-0.0002280708473887148,-0.0017866010356008787
14,14,unloading,1.15,abd5a4e14477ced49459c38651927487f3995b3f8cfc0fef6af8237384e7ab86,2713,78.0,31.0,physical_only,-0.0004672707582681238,-0.0012993947317698224,-2.266262068948921e-05,0.0007395460099412121,-0.0004446081375786345,-0.002038940741711034
14,14,unloading,1.15,abd5a4e14477ced49459c38651927487f3995b3f8cfc0fef6af8237384e7ab86,2714,79.0,31.0,physical_only,-0.000818487371806263,0.0074404862763274154,-5.022040264771775e-05,0.0029213849814765827,-0.0007682669691585452,0.004519101294850833
14,14,unloading,1.15,abd5a4e14477ced49459c38651927487f3995b3f8cfc0fef6af8237384e7ab86,2715,80.0,31.0,physical_only,-0.00014101812493034512,0.1040509333755968,-0.002097504830585108,0.09538103878384367,0.001956486705654763,0.008669894591753127
14,14,unloading,1.15,abd5a4e14477ced49459c38651927487f3995b3f8cfc0fef6af8237384e7ab86,2782,62.0,32.0,physical_only,-7.69993590505834e-06,-1.093611266856995e-06,-3.2392641148349853e-06,1.3039412382808992e-07,-4.460671790223354e-06,-1.2240053906850846e-06
14,14,unloading,1.15,abd5a4e14477ced49459c38651927487f3995b3f8cfc0fef6af8237384e7ab86,2783,63.0,32.0,interior,-0.0,-0.0,-0.0,-0.0,-0.0,-0.0
14,14,unloading,1.15,abd5a4e14477ced49459c38651927487f3995b3f8cfc0fef6af8237384e7ab86,2784,64.0,32.0,interior,-0.0,-0.0,-0.0,-0.0,-0.0,-0.0
14,14,unloading,1.15,abd5a4e14477ced49459c38651927487f3995b3f8cfc0fef6af8237384e7ab86,2785,65.0,32.0,interior,-0.0,-0.0,-0.0,-0.0,-0.0,-0.0
14,14,unloading,1.15,abd5a4e14477ced49459c38651927487f3995b3f8cfc0fef6af8237384e7ab86,2786,66.0,32.0,interior,-0.0,-0.0,-0.0,-0.0,-0.0,-0.0
14,14,unloading,1.15,abd5a4e14477ced49459c38651927487f3995b3f8cfc0fef6af8237384e7ab86,2787,67.0,32.0,interior,-0.0,-0.0,-0.0,-0.0,-0.0,-0.0
14,14,unloading,1.15,abd5a4e14477ced49459c38651927487f3995b3f8cfc0fef6af8237384e7ab86,2788,68.0,32.0,interior,-0.0,-0.0,-0.0,-0.0,-0.0,-0.0
14,14,unloading,1.15,abd5a4e14477ced49459c38651927487f3995b3f8cfc0fef6af8237384e7ab86,2789,69.0,32.0,interior,-0.0,-0.0,-0.0,-0.0,-0.0,-0.0
14,14,unloading,1.15,abd5a4e14477ced49459c38651927487f3995b3f8cfc0fef6af8237384e7ab86,2790,70.0,32.0,interior,-0.0,-0.0,-0.0,-0.0,-0.0,-0.0
14,14,unloading,1.15,abd5a4e14477ced49459c38651927487f3995b3f8cfc0fef6af8237384e7ab86,2791,71.0,32.0,interior,-0.0,-0.0,-0.0,-0.0,-0.0,-0.0
14,14,unloading,1.15,abd5a4e14477ced49459c38651927487f3995b3f8cfc0fef6af8237384e7ab86,2792,72.0,32.0,interior,-0.0,-0.0,-0.0,-0.0,-0.0,-0.0
14,14,unloading,1.15,abd5a4e14477ced49459c38651927487f3995b3f8cfc0fef6af8237384e7ab86,2793,73.0,32.0,interior,-0.0,-0.0,-0.0,-0.0,-0.0,-0.0
14,14,unloading,1.15,abd5a4e14477ced49459c38651927487f3995b3f8cfc0fef6af8237384e7ab86,2794,74.0,32.0,interior,-0.0,-0.0,-0.0,-0.0,-0.0,-0.0
14,14,unloading,1.15,abd5a4e14477ced49459c38651927487f3995b3f8cfc0fef6af8237384e7ab86,2795,75.0,32.0,interior,-0.0,-0.0,-0.0,-0.0,-0.0,-0.0
14,14,unloading,1.15,abd5a4e14477ced49459c38651927487f3995b3f8cfc0fef6af8237384e7ab86,2796,76.0,32.0,interior,-0.0,-0.0,-0.0,-0.0,-0.0,-0.0
14,14,unloading,1.15,abd5a4e14477ced49459c38651927487f3995b3f8cfc0fef6af8237384e7ab86,2797,77.0,32.0,interior,-0.0,-0.0,-0.0,-0.0,-0.0,-0.0
14,14,unloading,1.15,abd5a4e14477ced49459c38651927487f3995b3f8cfc0fef6af8237384e7ab86,2798,78.0,32.0,interior,-0.0,-0.0,-0.0,-0.0,-0.0,-0.0
14,14,unloading,1.15,abd5a4e14477ced49459c38651927487f3995b3f8cfc0fef6af8237384e7ab86,2799,79.0,32.0,interior,-0.0,-0.0,-0.0,-0.0,-0.0,-0.0
14,14,unloading,1.15,abd5a4e14477ced49459c38651927487f3995b3f8cfc0fef6af8237384e7ab86,2800,80.0,32.0,physical_only,8.268185160393067e-07,-2.609216233835811e-07,4.769139421522002e-07,-1.806677918279481e-06,3.499045738871063e-07,1.545756294895904e-06
14,14,unloading,1.15,abd5a4e14477ced49459c38651927487f3995b3f8cfc0fef6af8237384e7ab86,2867,62.0,33.0,physical_only,-6.131409642723635e-06,-7.522306111265115e-07,-3.4801355905658227e-06,1.0076288027331157e-07,-2.6512740521578122e-06,-8.52993491399823e-07
14,14,unloading,1.15,abd5a4e14477ced49459c38651927487f3995b3f8cfc0fef6af8237384e7ab86,2868,63.0,33.0,interior,-0.0,-0.0,-0.0,-0.0,-0.0,-0.0
14,14,unloading,1.15,abd5a4e14477ced49459c38651927487f3995b3f8cfc0fef6af8237384e7ab86,2869,64.0,33.0,interior,-0.0,-0.0,-0.0,-0.0,-0.0,-0.0
14,14,unloading,1.15,abd5a4e14477ced49459c38651927487f3995b3f8cfc0fef6af8237384e7ab86,2870,65.0,33.0,interior,-0.0,-0.0,-0.0,-0.0,-0.0,-0.0
14,14,unloading,1.15,abd5a4e14477ced49459c38651927487f3995b3f8cfc0fef6af8237384e7ab86,2871,66.0,33.0,interior,-0.0,-0.0,-0.0,-0.0,-0.0,-0.0
14,14,unloading,1.15,abd5a4e14477ced49459c38651927487f3995b3f8cfc0fef6af8237384e7ab86,2872,67.0,33.0,interior,-0.0,-0.0,-0.0,-0.0,-0.0,-0.0
14,14,unloading,1.15,abd5a4e14477ced49459c38651927487f3995b3f8cfc0fef6af8237384e7ab86,2873,68.0,33.0,interior,-0.0,-0.0,-0.0,-0.0,-0.0,-0.0
14,14,unloading,1.15,abd5a4e14477ced49459c38651927487f3995b3f8cfc0fef6af8237384e7ab86,2874,69.0,33.0,interior,-0.0,-0.0,-0.0,-0.0,-0.0,-0.0
14,14,unloading,1.15,abd5a4e14477ced49459c38651927487f3995b3f8cfc0fef6af8237384e7ab86,2875,70.0,33.0,interior,-0.0,-0.0,-0.0,-0.0,-0.0,-0.0
14,14,unloading,1.15,abd5a4e14477ced49459c38651927487f3995b3f8cfc0fef6af8237384e7ab86,2876,71.0,33.0,interior,-0.0,-0.0,-0.0,-0.0,-0.0,-0.0
14,14,unloading,1.15,abd5a4e14477ced49459c38651927487f3995b3f8cfc0fef6af8237384e7ab86,2877,72.0,33.0,interior,-0.0,-0.0,-0.0,-0.0,-0.0,-0.0
14,14,unloading,1.15,abd5a4e14477ced49459c38651927487f3995b3f8cfc0fef6af8237384e7ab86,2878,73.0,33.0,interior,-0.0,-0.0,-0.0,-0.0,-0.0,-0.0
14,14,unloading,1.15,abd5a4e14477ced49459c38651927487f3995b3f8cfc0fef6af8237384e7ab86,2879,74.0,33.0,interior,-0.0,-0.0,-0.0,-0.0,-0.0,-0.0
14,14,unloading,1.15,abd5a4e14477ced49459c38651927487f3995b3f8cfc0fef6af8237384e7ab86,2880,75.0,33.0,interior,-0.0,-0.0,-0.0,-0.0,-0.0,-0.0
14,14,unloading,1.15,abd5a4e14477ced49459c38651927487f3995b3f8cfc0fef6af8237384e7ab86,2881,76.0,33.0,interior,-0.0,-0.0,-0.0,-0.0,-0.0,-0.0
14,14,unloading,1.15,abd5a4e14477ced49459c38651927487f3995b3f8cfc0fef6af8237384e7ab86,2882,77.0,33.0,interior,-0.0,-0.0,-0.0,-0.0,-0.0,-0.0
14,14,unloading,1.15,abd5a4e14477ced49459c38651927487f3995b3f8cfc0fef6af8237384e7ab86,2883,78.0,33.0,interior,-0.0,-0.0,-0.0,-0.0,-0.0,-0.0
14,14,unloading,1.15,abd5a4e14477ced49459c38651927487f3995b3f8cfc0fef6af8237384e7ab86,2884,79.0,33.0,interior,-0.0,-0.0,-0.0,-0.0,-0.0,-0.0
14,14,unloading,1.15,abd5a4e14477ced49459c38651927487f3995b3f8cfc0fef6af8237384e7ab86,2885,80.0,33.0,physical_only,8.099386386933535e-07,-2.192103413059971e-07,4.939735053951688e-07,-1.570076512945187e-06,3.1596513329818447e-07,1.3508661716391934e-06
14,14,unloading,1.15,abd5a4e14477ced49459c38651927487f3995b3f8cfc0fef6af8237384e7ab86,2952,62.0,34.0,physical_only,-5.4026175477002e-06,-2.6051950581760947e-07,-3.673122485726983e-06,8.297611171298495e-08,-1.729495061973217e-06,-3.4349561753059447e-07
14,14,unloading,1.15,abd5a4e14477ced49459c38651927487f3995b3f8cfc0fef6af8237384e7ab86,2953,63.0,34.0,interior,-0.0,-0.0,-0.0,-0.0,-0.0,-0.0
14,14,unloading,1.15,abd5a4e14477ced49459c38651927487f3995b3f8cfc0fef6af8237384e7ab86,2954,64.0,34.0,interior,-0.0,-0.0,-0.0,-0.0,-0.0,-0.0
14,14,unloading,1.15,abd5a4e14477ced49459c38651927487f3995b3f8cfc0fef6af8237384e7ab86,2955,65.0,34.0,interior,-0.0,-0.0,-0.0,-0.0,-0.0,-0.0
14,14,unloading,1.15,abd5a4e14477ced49459c38651927487f3995b3f8cfc0fef6af8237384e7ab86,2956,66.0,34.0,interior,-0.0,-0.0,-0.0,-0.0,-0.0,-0.0
14,14,unloading,1.15,abd5a4e14477ced49459c38651927487f3995b3f8cfc0fef6af8237384e7ab86,2957,67.0,34.0,interior,-0.0,-0.0,-0.0,-0.0,-0.0,-0.0
14,14,unloading,1.15,abd5a4e14477ced49459c38651927487f3995b3f8cfc0fef6af8237384e7ab86,2958,68.0,34.0,interior,-0.0,-0.0,-0.0,-0.0,-0.0,-0.0
14,14,unloading,1.15,abd5a4e14477ced49459c38651927487f3995b3f8cfc0fef6af8237384e7ab86,2959,69.0,34.0,interior,-0.0,-0.0,-0.0,-0.0,-0.0,-0.0
14,14,unloading,1.15,abd5a4e14477ced49459c38651927487f3995b3f8cfc0fef6af8237384e7ab86,2960,70.0,34.0,interior,-0.0,-0.0,-0.0,-0.0,-0.0,-0.0
14,14,unloading,1.15,abd5a4e14477ced49459c38651927487f3995b3f8cfc0fef6af8237384e7ab86,2961,71.0,34.0,interior,-0.0,-0.0,-0.0,-0.0,-0.0,-0.0
14,14,unloading,1.15,abd5a4e14477ced49459c38651927487f3995b3f8cfc0fef6af8237384e7ab86,2962,72.0,34.0,interior,-0.0,-0.0,-0.0,-0.0,-0.0,-0.0
14,14,unloading,1.15,abd5a4e14477ced49459c38651927487f3995b3f8cfc0fef6af8237384e7ab86,2963,73.0,34.0,interior,-0.0,-0.0,-0.0,-0.0,-0.0,-0.0
14,14,unloading,1.15,abd5a4e14477ced49459c38651927487f3995b3f8cfc0fef6af8237384e7ab86,2964,74.0,34.0,interior,-0.0,-0.0,-0.0,-0.0,-0.0,-0.0
14,14,unloading,1.15,abd5a4e14477ced49459c38651927487f3995b3f8cfc0fef6af8237384e7ab86,2965,75.0,34.0,interior,-0.0,-0.0,-0.0,-0.0,-0.0,-0.0
14,14,unloading,1.15,abd5a4e14477ced49459c38651927487f3995b3f8cfc0fef6af8237384e7ab86,2966,76.0,34.0,interior,-0.0,-0.0,-0.0,-0.0,-0.0,-0.0
14,14,unloading,1.15,abd5a4e14477ced49459c38651927487f3995b3f8cfc0fef6af8237384e7ab86,2967,77.0,34.0,interior,-0.0,-0.0,-0.0,-0.0,-0.0,-0.0
14,14,unloading,1.15,abd5a4e14477ced49459c38651927487f3995b3f8cfc0fef6af8237384e7ab86,2968,78.0,34.0,interior,-0.0,-0.0,-0.0,-0.0,-0.0,-0.0
14,14,unloading,1.15,abd5a4e14477ced49459c38651927487f3995b3f8cfc0fef6af8237384e7ab86,2969,79.0,34.0,interior,-0.0,-0.0,-0.0,-0.0,-0.0,-0.0
14,14,unloading,1.15,abd5a4e14477ced49459c38651927487f3995b3f8cfc0fef6af8237384e7ab86,2970,80.0,34.0,physical_only,7.950269877587259e-07,-1.817377506676892e-07,5.079715577036878e-07,-1.3377182910504354e-06,2.8705543005503816e-07,1.1559805403827333e-06
14,14,unloading,1.15,abd5a4e14477ced49459c38651927487f3995b3f8cfc0fef6af8237384e7ab86,3037,62.0,35.0,physical_only,-5.2348967524295835e-06,1.0325538006329672e-07,-3.832329844017536e-06,7.127447869176092e-08,-1.402566908412049e-06,3.1980901371535873e-08
14,14,unloading,1.15,abd5a4e14477ced49459c38651927487f3995b3f8cfc0fef6af8237384e7ab86,3038,63.0,35.0,interior,-0.0,-0.0,-0.0,-0.0,-0.0,-0.0
14,14,unloading,1.15,abd5a4e14477ced49459c38651927487f3995b3f8cfc0fef6af8237384e7ab86,3039,64.0,35.0,interior,-0.0,-0.0,-0.0,-0.0,-0.0,-0.0
14,14,unloading,1.15,abd5a4e14477ced49459c38651927487f3995b3f8cfc0fef6af8237384e7ab86,3040,65.0,35.0,interior,-0.0,-0.0,-0.0,-0.0,-0.0,-0.0
14,14,unloading,1.15,abd5a4e14477ced49459c38651927487f3995b3f8cfc0fef6af8237384e7ab86,3041,66.0,35.0,interior,-0.0,-0.0,-0.0,-0.0,-0.0,-0.0
14,14,unloading,1.15,abd5a4e14477ced49459c38651927487f3995b3f8cfc0fef6af8237384e7ab86,3042,67.0,35.0,interior,-0.0,-0.0,-0.0,-0.0,-0.0,-0.0
14,14,unloading,1.15,abd5a4e14477ced49459c38651927487f3995b3f8cfc0fef6af8237384e7ab86,3043,68.0,35.0,interior,-0.0,-0.0,-0.0,-0.0,-0.0,-0.0
14,14,unloading,1.15,abd5a4e14477ced49459c38651927487f3995b3f8cfc0fef6af8237384e7ab86,3044,69.0,35.0,interior,-0.0,-0.0,-0.0,-0.0,-0.0,-0.0
14,14,unloading,1.15,abd5a4e14477ced49459c38651927487f3995b3f8cfc0fef6af8237384e7ab86,3045,70.0,35.0,interior,-0.0,-0.0,-0.0,-0.0,-0.0,-0.0
14,14,unloading,1.15,abd5a4e14477ced49459c38651927487f3995b3f8cfc0fef6af8237384e7ab86,3046,71.0,35.0,interior,-0.0,-0.0,-0.0,-0.0,-0.0,-0.0
14,14,unloading,1.15,abd5a4e14477ced49459c38651927487f3995b3f8cfc0fef6af8237384e7ab86,3047,72.0,35.0,interior,-0.0,-0.0,-0.0,-0.0,-0.0,-0.0
14,14,unloading,1.15,abd5a4e14477ced49459c38651927487f3995b3f8cfc0fef6af8237384e7ab86,3048,73.0,35.0,interior,-0.0,-0.0,-0.0,-0.0,-0.0,-0.0
14,14,unloading,1.15,abd5a4e14477ced49459c38651927487f3995b3f8cfc0fef6af8237384e7ab86,3049,74.0,35.0,interior,-0.0,-0.0,-0.0,-0.0,-0.0,-0.0
14,14,unloading,1.15,abd5a4e14477ced49459c38651927487f3995b3f8cfc0fef6af8237384e7ab86,3050,75.0,35.0,interior,-0.0,-0.0,-0.0,-0.0,-0.0,-0.0
14,14,unloading,1.15,abd5a4e14477ced49459c38651927487f3995b3f8cfc0fef6af8237384e7ab86,3051,76.0,35.0,interior,-0.0,-0.0,-0.0,-0.0,-0.0,-0.0
14,14,unloading,1.15,abd5a4e14477ced49459c38651927487f3995b3f8cfc0fef6af8237384e7ab86,3052,77.0,35.0,interior,-0.0,-0.0,-0.0,-0.0,-0.0,-0.0
14,14,unloading,1.15,abd5a4e14477ced49459c38651927487f3995b3f8cfc0fef6af8237384e7ab86,3053,78.0,35.0,interior,-0.0,-0.0,-0.0,-0.0,-0.0,-0.0
14,14,unloading,1.15,abd5a4e14477ced49459c38651927487f3995b3f8cfc0fef6af8237384e7ab86,3054,79.0,35.0,interior,-0.0,-0.0,-0.0,-0.0,-0.0,-0.0
14,14,unloading,1.15,abd5a4e14477ced49459c38651927487f3995b3f8cfc0fef6af8237384e7ab86,3055,80.0,35.0,physical_only,7.822556849067029e-07,-1.4742135329124414e-07,5.192517645414207e-07,-1.1090448101188713e-06,2.630039203652824e-07,9.61623456827634e-07
14,14,unloading,1.15,abd5a4e14477ced49459c38651927487f3995b3f8cfc0fef6af8237384e7ab86,3122,62.0,36.0,physical_only,-5.328154959579689e-06,2.7231168056087656e-07,-3.963856640690894e-06,6.07816009040015e-08,-1.364298318888795e-06,2.1153007965687504e-07
14,14,unloading,1.15,abd5a4e14477ced49459c38651927487f3995b3f8cfc0fef6af8237384e7ab86,3123,63.0,36.0,interior,-0.0,-0.0,-0.0,-0.0,-0.0,-0.0
14,14,unloading,1.15,abd5a4e14477ced49459c38651927487f3995b3f8cfc0fef6af8237384e7ab86,3124,64.0,36.0,interior,-0.0,-0.0,-0.0,-0.0,-0.0,-0.0
14,14,unloading,1.15,abd5a4e14477ced49459c38651927487f3995b3f8cfc0fef6af8237384e7ab86,3125,65.0,36.0,interior,-0.0,-0.0,-0.0,-0.0,-0.0,-0.0
14,14,unloading,1.15,abd5a4e14477ced49459c38651927487f3995b3f8cfc0fef6af8237384e7ab86,3126,66.0,36.0,interior,-0.0,-0.0,-0.0,-0.0,-0.0,-0.0
14,14,unloading,1.15,abd5a4e14477ced49459c38651927487f3995b3f8cfc0fef6af8237384e7ab86,3127,67.0,36.0,interior,-0.0,-0.0,-0.0,-0.0,-0.0,-0.0
14,14,unloading,1.15,abd5a4e14477ced49459c38651927487f3995b3f8cfc0fef6af8237384e7ab86,3128,68.0,36.0,interior,-0.0,-0.0,-0.0,-0.0,-0.0,-0.0
14,14,unloading,1.15,abd5a4e14477ced49459c38651927487f3995b3f8cfc0fef6af8237384e7ab86,3129,69.0,36.0,interior,-0.0,-0.0,-0.0,-0.0,-0.0,-0.0
14,14,unloading,1.15,abd5a4e14477ced49459c38651927487f3995b3f8cfc0fef6af8237384e7ab86,3130,70.0,36.0,interior,-0.0,-0.0,-0.0,-0.0,-0.0,-0.0
14,14,unloading,1.15,abd5a4e14477ced49459c38651927487f3995b3f8cfc0fef6af8237384e7ab86,3131,71.0,36.0,interior,-0.0,-0.0,-0.0,-0.0,-0.0,-0.0
14,14,unloading,1.15,abd5a4e14477ced49459c38651927487f3995b3f8cfc0fef6af8237384e7ab86,3132,72.0,36.0,interior,-0.0,-0.0,-0.0,-0.0,-0.0,-0.0
14,14,unloading,1.15,abd5a4e14477ced49459c38651927487f3995b3f8cfc0fef6af8237384e7ab86,3133,73.0,36.0,interior,-0.0,-0.0,-0.0,-0.0,-0.0,-0.0
14,14,unloading,1.15,abd5a4e14477ced49459c38651927487f3995b3f8cfc0fef6af8237384e7ab86,3134,74.0,36.0,interior,-0.0,-0.0,-0.0,-0.0,-0.0,-0.0
14,14,unloading,1.15,abd5a4e14477ced49459c38651927487f3995b3f8cfc0fef6af8237384e7ab86,3135,75.0,36.0,interior,-0.0,-0.0,-0.0,-0.0,-0.0,-0.0
14,14,unloading,1.15,abd5a4e14477ced49459c38651927487f3995b3f8cfc0fef6af8237384e7ab86,3136,76.0,36.0,interior,-0.0,-0.0,-0.0,-0.0,-0.0,-0.0
14,14,unloading,1.15,abd5a4e14477ced49459c38651927487f3995b3f8cfc0fef6af8237384e7ab86,3137,77.0,36.0,interior,-0.0,-0.0,-0.0,-0.0,-0.0,-0.0
14,14,unloading,1.15,abd5a4e14477ced49459c38651927487f3995b3f8cfc0fef6af8237384e7ab86,3138,78.0,36.0,interior,-0.0,-0.0,-0.0,-0.0,-0.0,-0.0
14,14,unloading,1.15,abd5a4e14477ced49459c38651927487f3995b3f8cfc0fef6af8237384e7ab86,3139,79.0,36.0,interior,-0.0,-0.0,-0.0,-0.0,-0.0,-0.0
14,14,unloading,1.15,abd5a4e14477ced49459c38651927487f3995b3f8cfc0fef6af8237384e7ab86,3140,80.0,36.0,physical_only,7.717259456370841e-07,-1.1545431436699828e-07,5.281001368355791e-07,-8.834729935220047e-07,2.4362580880150504e-07,7.680186791550009e-07
14,14,unloading,1.15,abd5a4e14477ced49459c38651927487f3995b3f8cfc0fef6af8237384e7ab86,3207,62.0,37.0,physical_only,-5.487597896852299e-06,2.9299840414958763e-07,-4.068642447426435e-06,4.872358263953322e-08,-1.418955449425864e-06,2.4427482151005436e-07
14,14,unloading,1.15,abd5a4e14477ced49459c38651927487f3995b3f8cfc0fef6af8237384e7ab86,3208,63.0,37.0,interior,-0.0,-0.0,-0.0,-0.0,-0.0,-0.0
14,14,unloading,1.15,abd5a4e14477ced49459c38651927487f3995b3f8cfc0fef6af8237384e7ab86,3209,64.0,37.0,interior,-0.0,-0.0,-0.0,-0.0,-0.0,-0.0
14,14,unloading,1.15,abd5a4e14477ced49459c38651927487f3995b3f8cfc0fef6af8237384e7ab86,3210,65.0,37.0,interior,-0.0,-0.0,-0.0,-0.0,-0.0,-0.0
14,14,unloading,1.15,abd5a4e14477ced49459c38651927487f3995b3f8cfc0fef6af8237384e7ab86,3211,66.0,37.0,interior,-0.0,-0.0,-0.0,-0.0,-0.0,-0.0
14,14,unloading,1.15,abd5a4e14477ced49459c38651927487f3995b3f8cfc0fef6af8237384e7ab86,3212,67.0,37.0,interior,-0.0,-0.0,-0.0,-0.0,-0.0,-0.0
14,14,unloading,1.15,abd5a4e14477ced49459c38651927487f3995b3f8cfc0fef6af8237384e7ab86,3213,68.0,37.0,interior,-0.0,-0.0,-0.0,-0.0,-0.0,-0.0
14,14,unloading,1.15,abd5a4e14477ced49459c38651927487f3995b3f8cfc0fef6af8237384e7ab86,3214,69.0,37.0,interior,-0.0,-0.0,-0.0,-0.0,-0.0,-0.0
14,14,unloading,1.15,abd5a4e14477ced49459c38651927487f3995b3f8cfc0fef6af8237384e7ab86,3215,70.0,37.0,interior,-0.0,-0.0,-0.0,-0.0,-0.0,-0.0
14,14,unloading,1.15,abd5a4e14477ced49459c38651927487f3995b3f8cfc0fef6af8237384e7ab86,3216,71.0,37.0,interior,-0.0,-0.0,-0.0,-0.0,-0.0,-0.0
14,14,unloading,1.15,abd5a4e14477ced49459c38651927487f3995b3f8cfc0fef6af8237384e7ab86,3217,72.0,37.0,interior,-0.0,-0.0,-0.0,-0.0,-0.0,-0.0
14,14,unloading,1.15,abd5a4e14477ced49459c38651927487f3995b3f8cfc0fef6af8237384e7ab86,3218,73.0,37.0,interior,-0.0,-0.0,-0.0,-0.0,-0.0,-0.0
14,14,unloading,1.15,abd5a4e14477ced49459c38651927487f3995b3f8cfc0fef6af8237384e7ab86,3219,74.0,37.0,interior,-0.0,-0.0,-0.0,-0.0,-0.0,-0.0
14,14,unloading,1.15,abd5a4e14477ced49459c38651927487f3995b3f8cfc0fef6af8237384e7ab86,3220,75.0,37.0,interior,-0.0,-0.0,-0.0,-0.0,-0.0,-0.0
14,14,unloading,1.15,abd5a4e14477ced49459c38651927487f3995b3f8cfc0fef6af8237384e7ab86,3221,76.0,37.0,interior,-0.0,-0.0,-0.0,-0.0,-0.0,-0.0
14,14,unloading,1.15,abd5a4e14477ced49459c38651927487f3995b3f8cfc0fef6af8237384e7ab86,3222,77.0,37.0,interior,-0.0,-0.0,-0.0,-0.0,-0.0,-0.0
14,14,unloading,1.15,abd5a4e14477ced49459c38651927487f3995b3f8cfc0fef6af8237384e7ab86,3223,78.0,37.0,interior,-0.0,-0.0,-0.0,-0.0,-0.0,-0.0
14,14,unloading,1.15,abd5a4e14477ced49459c38651927487f3995b3f8cfc0fef6af8237384e7ab86,3224,79.0,37.0,interior,-0.0,-0.0,-0.0,-0.0,-0.0,-0.0
14,14,unloading,1.15,abd5a4e14477ced49459c38651927487f3995b3f8cfc0fef6af8237384e7ab86,3225,80.0,37.0,physical_only,7.634966785077723e-07,-8.520763509283174e-08,5.347472347044277e-07,-6.604014720336611e-07,2.287494438033447e-07,5.751938369408292e-07
14,14,unloading,1.15,abd5a4e14477ced49459c38651927487f3995b3f8cfc0fef6af8237384e7ab86,3292,62.0,38.0,physical_only,-5.622539000317667e-06,2.2513355661713776e-07,-4.14533996944059e-06,3.424855529103669e-08,-1.4771990308770773e-06,1.9088500132610086e-07
14,14,unloading,1.15,abd5a4e14477ced49459c38651927487f3995b3f8cfc0fef6af8237384e7ab86,3293,63.0,38.0,interior,-0.0,-0.0,-0.0,-0.0,-0.0,-0.0
14,14,unloading,1.15,abd5a4e14477ced49459c38651927487f3995b3f8cfc0fef6af8237384e7ab86,3294,64.0,38.0,interior,-0.0,-0.0,-0.0,-0.0,-0.0,-0.0
14,14,unloading,1.15,abd5a4e14477ced49459c38651927487f3995b3f8cfc0fef6af8237384e7ab86,3295,65.0,38.0,interior,-0.0,-0.0,-0.0,-0.0,-0.0,-0.0
14,14,unloading,1.15,abd5a4e14477ced49459c38651927487f3995b3f8cfc0fef6af8237384e7ab86,3296,66.0,38.0,interior,-0.0,-0.0,-0.0,-0.0,-0.0,-0.0
14,14,unloading,1.15,abd5a4e14477ced49459c38651927487f3995b3f8cfc0fef6af8237384e7ab86,3297,67.0,38.0,interior,-0.0,-0.0,-0.0,-0.0,-0.0,-0.0
14,14,unloading,1.15,abd5a4e14477ced49459c38651927487f3995b3f8cfc0fef6af8237384e7ab86,3298,68.0,38.0,interior,-0.0,-0.0,-0.0,-0.0,-0.0,-0.0
14,14,unloading,1.15,abd5a4e14477ced49459c38651927487f3995b3f8cfc0fef6af8237384e7ab86,3299,69.0,38.0,interior,-0.0,-0.0,-0.0,-0.0,-0.0,-0.0
14,14,unloading,1.15,abd5a4e14477ced49459c38651927487f3995b3f8cfc0fef6af8237384e7ab86,3300,70.0,38.0,interior,-0.0,-0.0,-0.0,-0.0,-0.0,-0.0
14,14,unloading,1.15,abd5a4e14477ced49459c38651927487f3995b3f8cfc0fef6af8237384e7ab86,3301,71.0,38.0,interior,-0.0,-0.0,-0.0,-0.0,-0.0,-0.0
14,14,unloading,1.15,abd5a4e14477ced49459c38651927487f3995b3f8cfc0fef6af8237384e7ab86,3302,72.0,38.0,interior,-0.0,-0.0,-0.0,-0.0,-0.0,-0.0
14,14,unloading,1.15,abd5a4e14477ced49459c38651927487f3995b3f8cfc0fef6af8237384e7ab86,3303,73.0,38.0,interior,-0.0,-0.0,-0.0,-0.0,-0.0,-0.0
14,14,unloading,1.15,abd5a4e14477ced49459c38651927487f3995b3f8cfc0fef6af8237384e7ab86,3304,74.0,38.0,interior,-0.0,-0.0,-0.0,-0.0,-0.0,-0.0
14,14,unloading,1.15,abd5a4e14477ced49459c38651927487f3995b3f8cfc0fef6af8237384e7ab86,3305,75.0,38.0,interior,-0.0,-0.0,-0.0,-0.0,-0.0,-0.0
14,14,unloading,1.15,abd5a4e14477ced49459c38651927487f3995b3f8cfc0fef6af8237384e7ab86,3306,76.0,38.0,interior,-0.0,-0.0,-0.0,-0.0,-0.0,-0.0
14,14,unloading,1.15,abd5a4e14477ced49459c38651927487f3995b3f8cfc0fef6af8237384e7ab86,3307,77.0,38.0,interior,-0.0,-0.0,-0.0,-0.0,-0.0,-0.0
14,14,unloading,1.15,abd5a4e14477ced49459c38651927487f3995b3f8cfc0fef6af8237384e7ab86,3308,78.0,38.0,interior,-0.0,-0.0,-0.0,-0.0,-0.0,-0.0
14,14,unloading,1.15,abd5a4e14477ced49459c38651927487f3995b3f8cfc0fef6af8237384e7ab86,3309,79.0,38.0,interior,-0.0,-0.0,-0.0,-0.0,-0.0,-0.0
14,14,unloading,1.15,abd5a4e14477ced49459c38651927487f3995b3f8cfc0fef6af8237384e7ab86,3310,80.0,38.0,physical_only,7.576014033636036e-07,-5.6168206338296975e-08,5.393701492310235e-07,-4.392156216615202e-07,2.1823125413258015e-07,3.8304741532322706e-07
14,14,unloading,1.15,abd5a4e14477ced49459c38651927487f3995b3f8cfc0fef6af8237384e7ab86,3377,62.0,39.0,physical_only,-5.702812180700913e-06,1.1825510759509474e-07,-4.192198212704791e-06,1.7695863065601518e-08,-1.5106139679961234e-06,1.0055924452949322e-07
14,14,unloading,1.15,abd5a4e14477ced49459c38651927487f3995b3f8cfc0fef6af8237384e7ab86,3378,63.0,39.0,interior,-0.0,-0.0,-0.0,-0.0,-0.0,-0.0
14,14,unloading,1.15,abd5a4e14477ced49459c38651927487f3995b3f8cfc0fef6af8237384e7ab86,3379,64.0,39.0,interior,-0.0,-0.0,-0.0,-0.0,-0.0,-0.0
14,14,unloading,1.15,abd5a4e14477ced49459c38651927487f3995b3f8cfc0fef6af8237384e7ab86,3380,65.0,39.0,interior,-0.0,-0.0,-0.0,-0.0,-0.0,-0.0
14,14,unloading,1.15,abd5a4e14477ced49459c38651927487f3995b3f8cfc0fef6af8237384e7ab86,3381,66.0,39.0,interior,-0.0,-0.0,-0.0,-0.0,-0.0,-0.0
14,14,unloading,1.15,abd5a4e14477ced49459c38651927487f3995b3f8cfc0fef6af8237384e7ab86,3382,67.0,39.0,interior,-0.0,-0.0,-0.0,-0.0,-0.0,-0.0
14,14,unloading,1.15,abd5a4e14477ced49459c38651927487f3995b3f8cfc0fef6af8237384e7ab86,3383,68.0,39.0,interior,-0.0,-0.0,-0.0,-0.0,-0.0,-0.0
14,14,unloading,1.15,abd5a4e14477ced49459c38651927487f3995b3f8cfc0fef6af8237384e7ab86,3384,69.0,39.0,interior,-0.0,-0.0,-0.0,-0.0,-0.0,-0.0
14,14,unloading,1.15,abd5a4e14477ced49459c38651927487f3995b3f8cfc0fef6af8237384e7ab86,3385,70.0,39.0,interior,-0.0,-0.0,-0.0,-0.0,-0.0,-0.0
14,14,unloading,1.15,abd5a4e14477ced49459c38651927487f3995b3f8cfc0fef6af8237384e7ab86,3386,71.0,39.0,interior,-0.0,-0.0,-0.0,-0.0,-0.0,-0.0
14,14,unloading,1.15,abd5a4e14477ced49459c38651927487f3995b3f8cfc0fef6af8237384e7ab86,3387,72.0,39.0,interior,-0.0,-0.0,-0.0,-0.0,-0.0,-0.0
14,14,unloading,1.15,abd5a4e14477ced49459c38651927487f3995b3f8cfc0fef6af8237384e7ab86,3388,73.0,39.0,interior,-0.0,-0.0,-0.0,-0.0,-0.0,-0.0
14,14,unloading,1.15,abd5a4e14477ced49459c38651927487f3995b3f8cfc0fef6af8237384e7ab86,3389,74.0,39.0,interior,-0.0,-0.0,-0.0,-0.0,-0.0,-0.0
14,14,unloading,1.15,abd5a4e14477ced49459c38651927487f3995b3f8cfc0fef6af8237384e7ab86,3390,75.0,39.0,interior,-0.0,-0.0,-0.0,-0.0,-0.0,-0.0
14,14,unloading,1.15,abd5a4e14477ced49459c38651927487f3995b3f8cfc0fef6af8237384e7ab86,3391,76.0,39.0,interior,-0.0,-0.0,-0.0,-0.0,-0.0,-0.0
14,14,unloading,1.15,abd5a4e14477ced49459c38651927487f3995b3f8cfc0fef6af8237384e7ab86,3392,77.0,39.0,interior,-0.0,-0.0,-0.0,-0.0,-0.0,-0.0
14,14,unloading,1.15,abd5a4e14477ced49459c38651927487f3995b3f8cfc0fef6af8237384e7ab86,3393,78.0,39.0,interior,-0.0,-0.0,-0.0,-0.0,-0.0,-0.0
14,14,unloading,1.15,abd5a4e14477ced49459c38651927487f3995b3f8cfc0fef6af8237384e7ab86,3394,79.0,39.0,interior,-0.0,-0.0,-0.0,-0.0,-0.0,-0.0
14,14,unloading,1.15,abd5a4e14477ced49459c38651927487f3995b3f8cfc0fef6af8237384e7ab86,3395,80.0,39.0,physical_only,7.540583707644717e-07,-2.7897181446578663e-08,5.420941436977551e-07,-2.192916481616079e-07,2.1196422706671648e-07,1.913944667150284e-07
14,14,unloading,1.15,abd5a4e14477ced49459c38651927487f3995b3f8cfc0fef6af8237384e7ab86,3462,62.0,40.0,physical_and_cut,-2.8642165164839737e-06,-1.7529729337716277e-06,-2.1039817869817924e-06,-9.582868354841973e-07,-7.602347295021816e-07,-7.946860982874306e-07
14,14,unloading,1.15,abd5a4e14477ced49459c38651927487f3995b3f8cfc0fef6af8237384e7ab86,3463,63.0,40.0,cut_only,-0.0,-0.0,-0.0,-0.0,-0.0,-0.0
14,14,unloading,1.15,abd5a4e14477ced49459c38651927487f3995b3f8cfc0fef6af8237384e7ab86,3464,64.0,40.0,cut_only,-0.0,-0.0,-0.0,-0.0,-0.0,-0.0
14,14,unloading,1.15,abd5a4e14477ced49459c38651927487f3995b3f8cfc0fef6af8237384e7ab86,3465,65.0,40.0,cut_only,-0.0,-0.0,-0.0,-0.0,-0.0,-0.0
14,14,unloading,1.15,abd5a4e14477ced49459c38651927487f3995b3f8cfc0fef6af8237384e7ab86,3466,66.0,40.0,cut_only,-0.0,-0.0,-0.0,-0.0,-0.0,-0.0
14,14,unloading,1.15,abd5a4e14477ced49459c38651927487f3995b3f8cfc0fef6af8237384e7ab86,3467,67.0,40.0,cut_only,-0.0,-0.0,-0.0,-0.0,-0.0,-0.0
14,14,unloading,1.15,abd5a4e14477ced49459c38651927487f3995b3f8cfc0fef6af8237384e7ab86,3468,68.0,40.0,cut_only,-0.0,-0.0,-0.0,-0.0,-0.0,-0.0
14,14,unloading,1.15,abd5a4e14477ced49459c38651927487f3995b3f8cfc0fef6af8237384e7ab86,3469,69.0,40.0,cut_only,-0.0,-0.0,-0.0,-0.0,-0.0,-0.0
14,14,unloading,1.15,abd5a4e14477ced49459c38651927487f3995b3f8cfc0fef6af8237384e7ab86,3470,70.0,40.0,cut_only,-0.0,-0.0,-0.0,-0.0,-0.0,-0.0
14,14,unloading,1.15,abd5a4e14477ced49459c38651927487f3995b3f8cfc0fef6af8237384e7ab86,3471,71.0,40.0,cut_only,-0.0,-0.0,-0.0,-0.0,-0.0,-0.0
14,14,unloading,1.15,abd5a4e14477ced49459c38651927487f3995b3f8cfc0fef6af8237384e7ab86,3472,72.0,40.0,cut_only,-0.0,-0.0,-0.0,-0.0,-0.0,-0.0
14,14,unloading,1.15,abd5a4e14477ced49459c38651927487f3995b3f8cfc0fef6af8237384e7ab86,3473,73.0,40.0,cut_only,-0.0,-0.0,-0.0,-0.0,-0.0,-0.0
14,14,unloading,1.15,abd5a4e14477ced49459c38651927487f3995b3f8cfc0fef6af8237384e7ab86,3474,74.0,40.0,cut_only,-0.0,-0.0,-0.0,-0.0,-0.0,-0.0
14,14,unloading,1.15,abd5a4e14477ced49459c38651927487f3995b3f8cfc0fef6af8237384e7ab86,3475,75.0,40.0,cut_only,-0.0,-0.0,-0.0,-0.0,-0.0,-0.0
14,14,unloading,1.15,abd5a4e14477ced49459c38651927487f3995b3f8cfc0fef6af8237384e7ab86,3476,76.0,40.0,cut_only,-0.0,-0.0,-0.0,-0.0,-0.0,-0.0
14,14,unloading,1.15,abd5a4e14477ced49459c38651927487f3995b3f8cfc0fef6af8237384e7ab86,3477,77.0,40.0,cut_only,-0.0,-0.0,-0.0,-0.0,-0.0,-0.0
14,14,unloading,1.15,abd5a4e14477ced49459c38651927487f3995b3f8cfc0fef6af8237384e7ab86,3478,78.0,40.0,cut_only,-0.0,-0.0,-0.0,-0.0,-0.0,-0.0
14,14,unloading,1.15,abd5a4e14477ced49459c38651927487f3995b3f8cfc0fef6af8237384e7ab86,3479,79.0,40.0,cut_only,-0.0,-0.0,-0.0,-0.0,-0.0,-0.0
14,14,unloading,1.15,abd5a4e14477ced49459c38651927487f3995b3f8cfc0fef6af8237384e7ab86,3480,80.0,40.0,physical_and_cut,3.764382392206004e-07,5.8421999384296254e-05,2.714969374025875e-07,-2.220585556091171e-07,1.049413018180129e-07,5.864405793990537e-05
15,15,unloading,1.1,bd720e4b04c6b7f69f1cea1f1cb89bbebbfce8ef4600af0771bc0f295b149565,2697,62.0,31.0,physical_only,-0.0004279977417635674,-8.127555787845839e-05,-5.510043060010909e-06,6.2780489300156906e-06,-0.00042248769870355653,-8.755360680847407e-05
15,15,unloading,1.1,bd720e4b04c6b7f69f1cea1f1cb89bbebbfce8ef4600af0771bc0f295b149565,2698,63.0,31.0,physical_only,-2.5707152498721334e-06,-6.522602473787352e-05,-3.052092560094284e-06,7.366453968461418e-06,4.813773102221507e-07,-7.259247870633495e-05
15,15,unloading,1.1,bd720e4b04c6b7f69f1cea1f1cb89bbebbfce8ef4600af0771bc0f295b149565,2699,64.0,31.0,physical_only,-5.941461839361055e-07,-8.546010652887056e-05,-3.122839845488681e-06,9.57098075295911e-06,2.5286936615525744e-06,-9.503108728182969e-05
15,15,unloading,1.1,bd720e4b04c6b7f69f1cea1f1cb89bbebbfce8ef4600af0771bc0f295b149565,2700,65.0,31.0,physical_only,3.634882367356965e-08,-0.00011530131409149511,-3.211451029494433e-06,1.2114377192532453e-05,3.247799853168002e-06,-0.00012741569128402755
15,15,unloading,1.1,bd720e4b04c6b7f69f1cea1f1cb89bbebbfce8ef4600af0771bc0f295b149565,2701,66.0,31.0,physical_only,-1.1075614492778027e-06,-0.00015325915300993306,-3.321414330465416e-06,1.510757991396104e-05,2.213852881187616e-06,-0.0001683667329238942
15,15,unloading,1.1,bd720e4b04c6b7f69f1cea1f1cb89bbebbfce8ef4600af0771bc0f295b149565,2702,67.0,31.0,physical_only,-4.2507917972584745e-06,-0.00019776061824434434,-3.451806493809766e-06,1.868951321976572e-05,-7.989853034487073e-07,-0.00021645013146411008
15,15,unloading,1.1,bd720e4b04c6b7f69f1cea1f1cb89bbebbfce8ef4600af0771bc0f295b149565,2703,68.0,31.0,physical_only,-5.517456712962612e-06,-0.0002515564685895283,-3.604375867620213e-06,2.3039012159130173e-05,-1.9130808453424006e-06,-0.0002745954807486584
15,15,unloading,1.1,bd720e4b04c6b7f69f1cea1f1cb89bbebbfce8ef4600af0771bc0f295b149565,2704,69.0,31.0,physical_only,-7.3773648895600335e-06,-0.00031913419266142414,-3.7847513699566977e-06,2.8404372974524605e-05,-3.5926135196033354e-06,-0.00034753856563594855
15,15,unloading,1.1,bd720e4b04c6b7f69f1cea1f1cb89bbebbfce8ef4600af0771bc0f295b149565,2705,70.0,31.0,physical_only,-9.809739955583308e-06,-0.0004017074075906447,-4.003650009920267e-06,3.515074109160937e-05,-5.806089945663043e-06,-0.00043685814868225405
15,15,unloading,1.1,bd720e4b04c6b7f69f1cea1f1cb89bbebbfce8ef4600af0771bc0f295b149565,2706,71.0,31.0,physical_only,-1.2775922489502765e-05,-0.0005017335061598635,-4.276618981491482e-06,4.3833991085904065e-05,-8.499303508011283e-06,-0.0005455674972457678
15,15,unloading,1.1,bd720e4b04c6b7f69f1cea1f1cb89bbebbfce8ef4600af0771bc0f295b149565,2707,72.0,31.0,physical_only,-1.6009385055712517e-05,-0.0006217551336274948,-4.6283724533135305e-06,5.5339351705132215e-05,-1.1381012602398986e-05,-0.0006770944853326274
15,15,unloading,1.1,bd720e4b04c6b7f69f1cea1f1cb89bbebbfce8ef4600af0771bc0f295b149565,2708,73.0,31.0,physical_only,-1.8562428062388165e-05,-0.0007658685474894286,-5.1009110293116385e-06,7.116163992594091e-05,-1.3461517033076528e-05,-0.00083703018741537
15,15,unloading,1.1,bd720e4b04c6b7f69f1cea1f1cb89bbebbfce8ef4600af0771bc0f295b149565,2709,74.0,31.0,physical_only,-2.230554743340893e-05,-0.0009388607931065437,-5.770531116970473e-06,9.402570395463864e-05,-1.653501631643846e-05,-0.0010328864970611815
15,15,unloading,1.1,bd720e4b04c6b7f69f1cea1f1cb89bbebbfce8ef4600af0771bc0f295b149565,2710,75.0,31.0,physical_only,-3.171195593963555e-05,-0.0011437692010069517,-6.789383068868602e-06,0.0001294340147042502,-2.4922572870766954e-05,-0.001273203215711202
15,15,unloading,1.1,bd720e4b04c6b7f69f1cea1f1cb89bbebbfce8ef4600af0771bc0f295b149565,2711,76.0,31.0,physical_only,-6.908065092517854e-05,-0.001370020082311866,-8.502521369440924e-06,0.00019022737424907607,-6.057812955573763e-05,-0.0015602474565609425
15,15,unloading,1.1,bd720e4b04c6b7f69f1cea1f1cb89bbebbfce8ef4600af0771bc0f295b149565,2712,77.0,31.0,physical_only,-0.00019170973030906052,-0.001462378915919594,-1.1813095801498242e-05,0.00031337031041202734,-0.00017989663450756227,-0.0017757492263316202
15,15,unloading,1.1,bd720e4b04c6b7f69f1cea1f1cb89bbebbfce8ef4600af0771bc0f295b149565,2713,78.0,31.0,physical_only,-0.0003809439017393246,-0.0013954524282843144,-2.0906929659325222e-05,0.0006671066748247147,-0.0003600369720799994,-0.0020625591031090285
15,15,unloading,1.1,bd720e4b04c6b7f69f1cea1f1cb89bbebbfce8ef4600af0771bc0f295b149565,2714,79.0,31.0,physical_only,-0.0006999707915393463,0.005847994614173015,-4.691500353114753e-05,0.002477927708691942,-0.0006530557880081989,0.0033700669054810718
15,15,unloading,1.1,bd720e4b04c6b7f69f1cea1f1cb89bbebbfce8ef4600af0771bc0f295b149565,2715,80.0,31.0,physical_only,-0.0003257337480581344,0.08787805715671808,-0.001961658788102158,0.07831347550432889,0.0016359250400440235,0.009564581652389183
15,15,unloading,1.1,bd720e4b04c6b7f69f1cea1f1cb89bbebbfce8ef4600af0771bc0f295b149565,2782,62.0,32.0,physical_only,-7.586985963206593e-06,-1.0974520993871098e-06,-3.2547975336281215e-06,1.318444461245991e-07,-4.3321884295784744e-06,-1.2292965455117086e-06
15,15,unloading,1.1,bd720e4b04c6b7f69f1cea1f1cb89bbebbfce8ef4600af0771bc0f295b149565,2783,63.0,32.0,interior,-0.0,-0.0,-0.0,-0.0,-0.0,-0.0
15,15,unloading,1.1,bd720e4b04c6b7f69f1cea1f1cb89bbebbfce8ef4600af0771bc0f295b149565,2784,64.0,32.0,interior,-0.0,-0.0,-0.0,-0.0,-0.0,-0.0
15,15,unloading,1.1,bd720e4b04c6b7f69f1cea1f1cb89bbebbfce8ef4600af0771bc0f295b149565,2785,65.0,32.0,interior,-0.0,-0.0,-0.0,-0.0,-0.0,-0.0
15,15,unloading,1.1,bd720e4b04c6b7f69f1cea1f1cb89bbebbfce8ef4600af0771bc0f295b149565,2786,66.0,32.0,interior,-0.0,-0.0,-0.0,-0.0,-0.0,-0.0
15,15,unloading,1.1,bd720e4b04c6b7f69f1cea1f1cb89bbebbfce8ef4600af0771bc0f295b149565,2787,67.0,32.0,interior,-0.0,-0.0,-0.0,-0.0,-0.0,-0.0
15,15,unloading,1.1,bd720e4b04c6b7f69f1cea1f1cb89bbebbfce8ef4600af0771bc0f295b149565,2788,68.0,32.0,interior,-0.0,-0.0,-0.0,-0.0,-0.0,-0.0
15,15,unloading,1.1,bd720e4b04c6b7f69f1cea1f1cb89bbebbfce8ef4600af0771bc0f295b149565,2789,69.0,32.0,interior,-0.0,-0.0,-0.0,-0.0,-0.0,-0.0
15,15,unloading,1.1,bd720e4b04c6b7f69f1cea1f1cb89bbebbfce8ef4600af0771bc0f295b149565,2790,70.0,32.0,interior,-0.0,-0.0,-0.0,-0.0,-0.0,-0.0
15,15,unloading,1.1,bd720e4b04c6b7f69f1cea1f1cb89bbebbfce8ef4600af0771bc0f295b149565,2791,71.0,32.0,interior,-0.0,-0.0,-0.0,-0.0,-0.0,-0.0
15,15,unloading,1.1,bd720e4b04c6b7f69f1cea1f1cb89bbebbfce8ef4600af0771bc0f295b149565,2792,72.0,32.0,interior,-0.0,-0.0,-0.0,-0.0,-0.0,-0.0
15,15,unloading,1.1,bd720e4b04c6b7f69f1cea1f1cb89bbebbfce8ef4600af0771bc0f295b149565,2793,73.0,32.0,interior,-0.0,-0.0,-0.0,-0.0,-0.0,-0.0
15,15,unloading,1.1,bd720e4b04c6b7f69f1cea1f1cb89bbebbfce8ef4600af0771bc0f295b149565,2794,74.0,32.0,interior,-0.0,-0.0,-0.0,-0.0,-0.0,-0.0
15,15,unloading,1.1,bd720e4b04c6b7f69f1cea1f1cb89bbebbfce8ef4600af0771bc0f295b149565,2795,75.0,32.0,interior,-0.0,-0.0,-0.0,-0.0,-0.0,-0.0
15,15,unloading,1.1,bd720e4b04c6b7f69f1cea1f1cb89bbebbfce8ef4600af0771bc0f295b149565,2796,76.0,32.0,interior,-0.0,-0.0,-0.0,-0.0,-0.0,-0.0
15,15,unloading,1.1,bd720e4b04c6b7f69f1cea1f1cb89bbebbfce8ef4600af0771bc0f295b149565,2797,77.0,32.0,interior,-0.0,-0.0,-0.0,-0.0,-0.0,-0.0
15,15,unloading,1.1,bd720e4b04c6b7f69f1cea1f1cb89bbebbfce8ef4600af0771bc0f295b149565,2798,78.0,32.0,interior,-0.0,-0.0,-0.0,-0.0,-0.0,-0.0
15,15,unloading,1.1,bd720e4b04c6b7f69f1cea1f1cb89bbebbfce8ef4600af0771bc0f295b149565,2799,79.0,32.0,interior,-0.0,-0.0,-0.0,-0.0,-0.0,-0.0
15,15,unloading,1.1,bd720e4b04c6b7f69f1cea1f1cb89bbebbfce8ef4600af0771bc0f295b149565,2800,80.0,32.0,physical_only,8.208327857210635e-07,-2.582728992198336e-07,4.810007459849392e-07,-1.7885367816387046e-06,3.3983203973612455e-07,1.5302638824188803e-06
15,15,unloading,1.1,bd720e4b04c6b7f69f1cea1f1cb89bbebbfce8ef4600af0771bc0f295b149565,2867,62.0,33.0,physical_only,-6.075847175242806e-06,-7.450189404299147e-07,-3.491130423317944e-06,1.0209629819534217e-07,-2.584716751924862e-06,-8.471152386252568e-07
15,15,unloading,1.1,bd720e4b04c6b7f69f1cea1f1cb89bbebbfce8ef4600af0771bc0f295b149565,2868,63.0,33.0,interior,-0.0,-0.0,-0.0,-0.0,-0.0,-0.0
15,15,unloading,1.1,bd720e4b04c6b7f69f1cea1f1cb89bbebbfce8ef4600af0771bc0f295b149565,2869,64.0,33.0,interior,-0.0,-0.0,-0.0,-0.0,-0.0,-0.0
15,15,unloading,1.1,bd720e4b04c6b7f69f1cea1f1cb89bbebbfce8ef4600af0771bc0f295b149565,2870,65.0,33.0,interior,-0.0,-0.0,-0.0,-0.0,-0.0,-0.0
15,15,unloading,1.1,bd720e4b04c6b7f69f1cea1f1cb89bbebbfce8ef4600af0771bc0f295b149565,2871,66.0,33.0,interior,-0.0,-0.0,-0.0,-0.0,-0.0,-0.0
15,15,unloading,1.1,bd720e4b04c6b7f69f1cea1f1cb89bbebbfce8ef4600af0771bc0f295b149565,2872,67.0,33.0,interior,-0.0,-0.0,-0.0,-0.0,-0.0,-0.0
15,15,unloading,1.1,bd720e4b04c6b7f69f1cea1f1cb89bbebbfce8ef4600af0771bc0f295b149565,2873,68.0,33.0,interior,-0.0,-0.0,-0.0,-0.0,-0.0,-0.0
15,15,unloading,1.1,bd720e4b04c6b7f69f1cea1f1cb89bbebbfce8ef4600af0771bc0f295b149565,2874,69.0,33.0,interior,-0.0,-0.0,-0.0,-0.0,-0.0,-0.0
15,15,unloading,1.1,bd720e4b04c6b7f69f1cea1f1cb89bbebbfce8ef4600af0771bc0f295b149565,2875,70.0,33.0,interior,-0.0,-0.0,-0.0,-0.0,-0.0,-0.0
15,15,unloading,1.1,bd720e4b04c6b7f69f1cea1f1cb89bbebbfce8ef4600af0771bc0f295b149565,2876,71.0,33.0,interior,-0.0,-0.0,-0.0,-0.0,-0.0,-0.0
15,15,unloading,1.1,bd720e4b04c6b7f69f1cea1f1cb89bbebbfce8ef4600af0771bc0f295b149565,2877,72.0,33.0,interior,-0.0,-0.0,-0.0,-0.0,-0.0,-0.0
15,15,unloading,1.1,bd720e4b04c6b7f69f1cea1f1cb89bbebbfce8ef4600af0771bc0f295b149565,2878,73.0,33.0,interior,-0.0,-0.0,-0.0,-0.0,-0.0,-0.0
15,15,unloading,1.1,bd720e4b04c6b7f69f1cea1f1cb89bbebbfce8ef4600af0771bc0f295b149565,2879,74.0,33.0,interior,-0.0,-0.0,-0.0,-0.0,-0.0,-0.0
15,15,unloading,1.1,bd720e4b04c6b7f69f1cea1f1cb89bbebbfce8ef4600af0771bc0f295b149565,2880,75.0,33.0,interior,-0.0,-0.0,-0.0,-0.0,-0.0,-0.0
15,15,unloading,1.1,bd720e4b04c6b7f69f1cea1f1cb89bbebbfce8ef4600af0771bc0f295b149565,2881,76.0,33.0,interior,-0.0,-0.0,-0.0,-0.0,-0.0,-0.0
15,15,unloading,1.1,bd720e4b04c6b7f69f1cea1f1cb89bbebbfce8ef4600af0771bc0f295b149565,2882,77.0,33.0,interior,-0.0,-0.0,-0.0,-0.0,-0.0,-0.0
15,15,unloading,1.1,bd720e4b04c6b7f69f1cea1f1cb89bbebbfce8ef4600af0771bc0f295b149565,2883,78.0,33.0,interior,-0.0,-0.0,-0.0,-0.0,-0.0,-0.0
15,15,unloading,1.1,bd720e4b04c6b7f69f1cea1f1cb89bbebbfce8ef4600af0771bc0f295b149565,2884,79.0,33.0,interior,-0.0,-0.0,-0.0,-0.0,-0.0,-0.0
15,15,unloading,1.1,bd720e4b04c6b7f69f1cea1f1cb89bbebbfce8ef4600af0771bc0f295b149565,2885,80.0,33.0,physical_only,8.040504171050148e-07,-2.1707457828777426e-07,4.973889093228443e-07,-1.5542378217998648e-06,3.066615077821703e-07,1.3371632435120825e-06
15,15,unloading,1.1,bd720e4b04c6b7f69f1cea1f1cb89bbebbfce8ef4600af0771bc0f295b149565,2952,62.0,34.0,physical_only,-5.376727789853111e-06,-2.6440046231621703e-07,-3.680529791211367e-06,8.402649264883118e-08,-1.696197998641744e-06,-3.484269549650481e-07
15,15,unloading,1.1,bd720e4b04c6b7f69f1cea1f1cb89bbebbfce8ef4600af0771bc0f295b149565,2953,63.0,34.0,interior,-0.0,-0.0,-0.0,-0.0,-0.0,-0.0
15,15,unloading,1.1,bd720e4b04c6b7f69f1cea1f1cb89bbebbfce8ef4600af0771bc0f295b149565,2954,64.0,34.0,interior,-0.0,-0.0,-0.0,-0.0,-0.0,-0.0
15,15,unloading,1.1,bd720e4b04c6b7f69f1cea1f1cb89bbebbfce8ef4600af0771bc0f295b149565,2955,65.0,34.0,interior,-0.0,-0.0,-0.0,-0.0,-0.0,-0.0
15,15,unloading,1.1,bd720e4b04c6b7f69f1cea1f1cb89bbebbfce8ef4600af0771bc0f295b149565,2956,66.0,34.0,interior,-0.0,-0.0,-0.0,-0.0,-0.0,-0.0
15,15,unloading,1.1,bd720e4b04c6b7f69f1cea1f1cb89bbebbfce8ef4600af0771bc0f295b149565,2957,67.0,34.0,interior,-0.0,-0.0,-0.0,-0.0,-0.0,-0.0
15,15,unloading,1.1,bd720e4b04c6b7f69f1cea1f1cb89bbebbfce8ef4600af0771bc0f295b149565,2958,68.0,34.0,interior,-0.0,-0.0,-0.0,-0.0,-0.0,-0.0
15,15,unloading,1.1,bd720e4b04c6b7f69f1cea1f1cb89bbebbfce8ef4600af0771bc0f295b149565,2959,69.0,34.0,interior,-0.0,-0.0,-0.0,-0.0,-0.0,-0.0
15,15,unloading,1.1,bd720e4b04c6b7f69f1cea1f1cb89bbebbfce8ef4600af0771bc0f295b149565,2960,70.0,34.0,interior,-0.0,-0.0,-0.0,-0.0,-0.0,-0.0
15,15,unloading,1.1,bd720e4b04c6b7f69f1cea1f1cb89bbebbfce8ef4600af0771bc0f295b149565,2961,71.0,34.0,interior,-0.0,-0.0,-0.0,-0.0,-0.0,-0.0
15,15,unloading,1.1,bd720e4b04c6b7f69f1cea1f1cb89bbebbfce8ef4600af0771bc0f295b149565,2962,72.0,34.0,interior,-0.0,-0.0,-0.0,-0.0,-0.0,-0.0
15,15,unloading,1.1,bd720e4b04c6b7f69f1cea1f1cb89bbebbfce8ef4600af0771bc0f295b149565,2963,73.0,34.0,interior,-0.0,-0.0,-0.0,-0.0,-0.0,-0.0
15,15,unloading,1.1,bd720e4b04c6b7f69f1cea1f1cb89bbebbfce8ef4600af0771bc0f295b149565,2964,74.0,34.0,interior,-0.0,-0.0,-0.0,-0.0,-0.0,-0.0
15,15,unloading,1.1,bd720e4b04c6b7f69f1cea1f1cb89bbebbfce8ef4600af0771bc0f295b149565,2965,75.0,34.0,interior,-0.0,-0.0,-0.0,-0.0,-0.0,-0.0
15,15,unloading,1.1,bd720e4b04c6b7f69f1cea1f1cb89bbebbfce8ef4600af0771bc0f295b149565,2966,76.0,34.0,interior,-0.0,-0.0,-0.0,-0.0,-0.0,-0.0
15,15,unloading,1.1,bd720e4b04c6b7f69f1cea1f1cb89bbebbfce8ef4600af0771bc0f295b149565,2967,77.0,34.0,interior,-0.0,-0.0,-0.0,-0.0,-0.0,-0.0
15,15,unloading,1.1,bd720e4b04c6b7f69f1cea1f1cb89bbebbfce8ef4600af0771bc0f295b149565,2968,78.0,34.0,interior,-0.0,-0.0,-0.0,-0.0,-0.0,-0.0
15,15,unloading,1.1,bd720e4b04c6b7f69f1cea1f1cb89bbebbfce8ef4600af0771bc0f295b149565,2969,79.0,34.0,interior,-0.0,-0.0,-0.0,-0.0,-0.0,-0.0
15,15,unloading,1.1,bd720e4b04c6b7f69f1cea1f1cb89bbebbfce8ef4600af0771bc0f295b149565,2970,80.0,34.0,physical_only,7.892344134954728e-07,-1.800218530050707e-07,5.108222770516225e-07,-1.3241713981799303e-06,2.7841213644385006e-07,1.1441495451748558e-06
15,15,unloading,1.1,bd720e4b04c6b7f69f1cea1f1cb89bbebbfce8ef4600af0771bc0f295b149565,3037,62.0,35.0,physical_only,-5.213243752686169e-06,9.22166662850946e-08,-3.836722007797741e-06,7.195314059115029e-08,-1.3765217448884287e-06,2.0263525693944182e-08
15,15,unloading,1.1,bd720e4b04c6b7f69f1cea1f1cb89bbebbfce8ef4600af0771bc0f295b149565,3038,63.0,35.0,interior,-0.0,-0.0,-0.0,-0.0,-0.0,-0.0
15,15,unloading,1.1,bd720e4b04c6b7f69f1cea1f1cb89bbebbfce8ef4600af0771bc0f295b149565,3039,64.0,35.0,interior,-0.0,-0.0,-0.0,-0.0,-0.0,-0.0
15,15,unloading,1.1,bd720e4b04c6b7f69f1cea1f1cb89bbebbfce8ef4600af0771bc0f295b149565,3040,65.0,35.0,interior,-0.0,-0.0,-0.0,-0.0,-0.0,-0.0
15,15,unloading,1.1,bd720e4b04c6b7f69f1cea1f1cb89bbebbfce8ef4600af0771bc0f295b149565,3041,66.0,35.0,interior,-0.0,-0.0,-0.0,-0.0,-0.0,-0.0
15,15,unloading,1.1,bd720e4b04c6b7f69f1cea1f1cb89bbebbfce8ef4600af0771bc0f295b149565,3042,67.0,35.0,interior,-0.0,-0.0,-0.0,-0.0,-0.0,-0.0
15,15,unloading,1.1,bd720e4b04c6b7f69f1cea1f1cb89bbebbfce8ef4600af0771bc0f295b149565,3043,68.0,35.0,interior,-0.0,-0.0,-0.0,-0.0,-0.0,-0.0
15,15,unloading,1.1,bd720e4b04c6b7f69f1cea1f1cb89bbebbfce8ef4600af0771bc0f295b149565,3044,69.0,35.0,interior,-0.0,-0.0,-0.0,-0.0,-0.0,-0.0
15,15,unloading,1.1,bd720e4b04c6b7f69f1cea1f1cb89bbebbfce8ef4600af0771bc0f295b149565,3045,70.0,35.0,interior,-0.0,-0.0,-0.0,-0.0,-0.0,-0.0
15,15,unloading,1.1,bd720e4b04c6b7f69f1cea1f1cb89bbebbfce8ef4600af0771bc0f295b149565,3046,71.0,35.0,interior,-0.0,-0.0,-0.0,-0.0,-0.0,-0.0
15,15,unloading,1.1,bd720e4b04c6b7f69f1cea1f1cb89bbebbfce8ef4600af0771bc0f295b149565,3047,72.0,35.0,interior,-0.0,-0.0,-0.0,-0.0,-0.0,-0.0
15,15,unloading,1.1,bd720e4b04c6b7f69f1cea1f1cb89bbebbfce8ef4600af0771bc0f295b149565,3048,73.0,35.0,interior,-0.0,-0.0,-0.0,-0.0,-0.0,-0.0
15,15,unloading,1.1,bd720e4b04c6b7f69f1cea1f1cb89bbebbfce8ef4600af0771bc0f295b149565,3049,74.0,35.0,interior,-0.0,-0.0,-0.0,-0.0,-0.0,-0.0
15,15,unloading,1.1,bd720e4b04c6b7f69f1cea1f1cb89bbebbfce8ef4600af0771bc0f295b149565,3050,75.0,35.0,interior,-0.0,-0.0,-0.0,-0.0,-0.0,-0.0
15,15,unloading,1.1,bd720e4b04c6b7f69f1cea1f1cb89bbebbfce8ef4600af0771bc0f295b149565,3051,76.0,35.0,interior,-0.0,-0.0,-0.0,-0.0,-0.0,-0.0
15,15,unloading,1.1,bd720e4b04c6b7f69f1cea1f1cb89bbebbfce8ef4600af0771bc0f295b149565,3052,77.0,35.0,interior,-0.0,-0.0,-0.0,-0.0,-0.0,-0.0
15,15,unloading,1.1,bd720e4b04c6b7f69f1cea1f1cb89bbebbfce8ef4600af0771bc0f295b149565,3053,78.0,35.0,interior,-0.0,-0.0,-0.0,-0.0,-0.0,-0.0
15,15,unloading,1.1,bd720e4b04c6b7f69f1cea1f1cb89bbebbfce8ef4600af0771bc0f295b149565,3054,79.0,35.0,interior,-0.0,-0.0,-0.0,-0.0,-0.0,-0.0
15,15,unloading,1.1,bd720e4b04c6b7f69f1cea1f1cb89bbebbfce8ef4600af0771bc0f295b149565,3055,80.0,35.0,physical_only,7.765500719587853e-07,-1.4606222943042515e-07,5.216371337123519e-07,-1.0977781893036199e-06,2.5491293824643366e-07,9.517159598732e-07
15,15,unloading,1.1,bd720e4b04c6b7f69f1cea1f1cb89bbebbfce8ef4600af0771bc0f295b149565,3122,62.0,36.0,physical_only,-5.302987427334255e-06,2.596702398692025e-07,-3.9656622920164e-06,6.113904918608892e-08,-1.3373251353178543e-06,1.985311906831136e-07
15,15,unloading,1.1,bd720e4b04c6b7f69f1cea1f1cb89bbebbfce8ef4600af0771bc0f295b149565,3123,63.0,36.0,interior,-0.0,-0.0,-0.0,-0.0,-0.0,-0.0
15,15,unloading,1.1,bd720e4b04c6b7f69f1cea1f1cb89bbebbfce8ef4600af0771bc0f295b149565,3124,64.0,36.0,interior,-0.0,-0.0,-0.0,-0.0,-0.0,-0.0
15,15,unloading,1.1,bd720e4b04c6b7f69f1cea1f1cb89bbebbfce8ef4600af0771bc0f295b149565,3125,65.0,36.0,interior,-0.0,-0.0,-0.0,-0.0,-0.0,-0.0
15,15,unloading,1.1,bd720e4b04c6b7f69f1cea1f1cb89bbebbfce8ef4600af0771bc0f295b149565,3126,66.0,36.0,interior,-0.0,-0.0,-0.0,-0.0,-0.0,-0.0
15,15,unloading,1.1,bd720e4b04c6b7f69f1cea1f1cb89bbebbfce8ef4600af0771bc0f295b149565,3127,67.0,36.0,interior,-0.0,-0.0,-0.0,-0.0,-0.0,-0.0
15,15,unloading,1.1,bd720e4b04c6b7f69f1cea1f1cb89bbebbfce8ef4600af0771bc0f295b149565,3128,68.0,36.0,interior,-0.0,-0.0,-0.0,-0.0,-0.0,-0.0
15,15,unloading,1.1,bd720e4b04c6b7f69f1cea1f1cb89bbebbfce8ef4600af0771bc0f295b149565,3129,69.0,36.0,interior,-0.0,-0.0,-0.0,-0.0,-0.0,-0.0
15,15,unloading,1.1,bd720e4b04c6b7f69f1cea1f1cb89bbebbfce8ef4600af0771bc0f295b149565,3130,70.0,36.0,interior,-0.0,-0.0,-0.0,-0.0,-0.0,-0.0
15,15,unloading,1.1,bd720e4b04c6b7f69f1cea1f1cb89bbebbfce8ef4600af0771bc0f295b149565,3131,71.0,36.0,interior,-0.0,-0.0,-0.0,-0.0,-0.0,-0.0
15,15,unloading,1.1,bd720e4b04c6b7f69f1cea1f1cb89bbebbfce8ef4600af0771bc0f295b149565,3132,72.0,36.0,interior,-0.0,-0.0,-0.0,-0.0,-0.0,-0.0
15,15,unloading,1.1,bd720e4b04c6b7f69f1cea1f1cb89bbebbfce8ef4600af0771bc0f295b149565,3133,73.0,36.0,interior,-0.0,-0.0,-0.0,-0.0,-0.0,-0.0
15,15,unloading,1.1,bd720e4b04c6b7f69f1cea1f1cb89bbebbfce8ef4600af0771bc0f295b149565,3134,74.0,36.0,interior,-0.0,-0.0,-0.0,-0.0,-0.0,-0.0
15,15,unloading,1.1,bd720e4b04c6b7f69f1cea1f1cb89bbebbfce8ef4600af0771bc0f295b149565,3135,75.0,36.0,interior,-0.0,-0.0,-0.0,-0.0,-0.0,-0.0
15,15,unloading,1.1,bd720e4b04c6b7f69f1cea1f1cb89bbebbfce8ef4600af0771bc0f295b149565,3136,76.0,36.0,interior,-0.0,-0.0,-0.0,-0.0,-0.0,-0.0
15,15,unloading,1.1,bd720e4b04c6b7f69f1cea1f1cb89bbebbfce8ef4600af0771bc0f295b149565,3137,77.0,36.0,interior,-0.0,-0.0,-0.0,-0.0,-0.0,-0.0
15,15,unloading,1.1,bd720e4b04c6b7f69f1cea1f1cb89bbebbfce8ef4600af0771bc0f295b149565,3138,78.0,36.0,interior,-0.0,-0.0,-0.0,-0.0,-0.0,-0.0
15,15,unloading,1.1,bd720e4b04c6b7f69f1cea1f1cb89bbebbfce8ef4600af0771bc0f295b149565,3139,79.0,36.0,interior,-0.0,-0.0,-0.0,-0.0,-0.0,-0.0
15,15,unloading,1.1,bd720e4b04c6b7f69f1cea1f1cb89bbebbfce8ef4600af0771bc0f295b149565,3140,80.0,36.0,physical_only,7.660946640496251e-07,-1.1440862975480883e-07,5.301132462962743e-07,-8.744754144688008e-07,2.3598141775335076e-07,7.600667847139958e-07
15,15,unloading,1.1,bd720e4b04c6b7f69f1cea1f1cb89bbebbfce8ef4600af0771bc0f295b149565,3207,62.0,37.0,physical_only,-5.4578123717455175e-06,2.8232526540142955e-07,-4.0683175962439094e-06,4.886431777194879e-08,-1.389494775501608e-06,2.334609476294807e-07
15,15,unloading,1.1,bd720e4b04c6b7f69f1cea1f1cb89bbebbfce8ef4600af0771bc0f295b149565,3208,63.0,37.0,interior,-0.0,-0.0,-0.0,-0.0,-0.0,-0.0
15,15,unloading,1.1,bd720e4b04c6b7f69f1cea1f1cb89bbebbfce8ef4600af0771bc0f295b149565,3209,64.0,37.0,interior,-0.0,-0.0,-0.0,-0.0,-0.0,-0.0
15,15,unloading,1.1,bd720e4b04c6b7f69f1cea1f1cb89bbebbfce8ef4600af0771bc0f295b149565,3210,65.0,37.0,interior,-0.0,-0.0,-0.0,-0.0,-0.0,-0.0
15,15,unloading,1.1,bd720e4b04c6b7f69f1cea1f1cb89bbebbfce8ef4600af0771bc0f295b149565,3211,66.0,37.0,interior,-0.0,-0.0,-0.0,-0.0,-0.0,-0.0
15,15,unloading,1.1,bd720e4b04c6b7f69f1cea1f1cb89bbebbfce8ef4600af0771bc0f295b149565,3212,67.0,37.0,interior,-0.0,-0.0,-0.0,-0.0,-0.0,-0.0
15,15,unloading,1.1,bd720e4b04c6b7f69f1cea1f1cb89bbebbfce8ef4600af0771bc0f295b149565,3213,68.0,37.0,interior,-0.0,-0.0,-0.0,-0.0,-0.0,-0.0
15,15,unloading,1.1,bd720e4b04c6b7f69f1cea1f1cb89bbebbfce8ef4600af0771bc0f295b149565,3214,69.0,37.0,interior,-0.0,-0.0,-0.0,-0.0,-0.0,-0.0
15,15,unloading,1.1,bd720e4b04c6b7f69f1cea1f1cb89bbebbfce8ef4600af0771bc0f295b149565,3215,70.0,37.0,interior,-0.0,-0.0,-0.0,-0.0,-0.0,-0.0
15,15,unloading,1.1,bd720e4b04c6b7f69f1cea1f1cb89bbebbfce8ef4600af0771bc0f295b149565,3216,71.0,37.0,interior,-0.0,-0.0,-0.0,-0.0,-0.0,-0.0
15,15,unloading,1.1,bd720e4b04c6b7f69f1cea1f1cb89bbebbfce8ef4600af0771bc0f295b149565,3217,72.0,37.0,interior,-0.0,-0.0,-0.0,-0.0,-0.0,-0.0
15,15,unloading,1.1,bd720e4b04c6b7f69f1cea1f1cb89bbebbfce8ef4600af0771bc0f295b149565,3218,73.0,37.0,interior,-0.0,-0.0,-0.0,-0.0,-0.0,-0.0
15,15,unloading,1.1,bd720e4b04c6b7f69f1cea1f1cb89bbebbfce8ef4600af0771bc0f295b149565,3219,74.0,37.0,interior,-0.0,-0.0,-0.0,-0.0,-0.0,-0.0
15,15,unloading,1.1,bd720e4b04c6b7f69f1cea1f1cb89bbebbfce8ef4600af0771bc0f295b149565,3220,75.0,37.0,interior,-0.0,-0.0,-0.0,-0.0,-0.0,-0.0
15,15,unloading,1.1,bd720e4b04c6b7f69f1cea1f1cb89bbebbfce8ef4600af0771bc0f295b149565,3221,76.0,37.0,interior,-0.0,-0.0,-0.0,-0.0,-0.0,-0.0
15,15,unloading,1.1,bd720e4b04c6b7f69f1cea1f1cb89bbebbfce8ef4600af0771bc0f295b149565,3222,77.0,37.0,interior,-0.0,-0.0,-0.0,-0.0,-0.0,-0.0
15,15,unloading,1.1,bd720e4b04c6b7f69f1cea1f1cb89bbebbfce8ef4600af0771bc0f295b149565,3223,78.0,37.0,interior,-0.0,-0.0,-0.0,-0.0,-0.0,-0.0
15,15,unloading,1.1,bd720e4b04c6b7f69f1cea1f1cb89bbebbfce8ef4600af0771bc0f295b149565,3224,79.0,37.0,interior,-0.0,-0.0,-0.0,-0.0,-0.0,-0.0
15,15,unloading,1.1,bd720e4b04c6b7f69f1cea1f1cb89bbebbfce8ef4600af0771bc0f295b149565,3225,80.0,37.0,physical_only,7.579248004720843e-07,-8.444570043387713e-08,5.364760759735197e-07,-6.536629216675448e-07,2.2144872449856448e-07,5.692172212336567e-07
15,15,unloading,1.1,bd720e4b04c6b7f69f1cea1f1cb89bbebbfce8ef4600af0771bc0f295b149565,3292,62.0,38.0,physical_only,-5.589464887949247e-06,2.179145223266028e-07,-4.1434189159839254e-06,3.4277590935068634e-08,-1.4460459719653205e-06,1.8363693139153395e-07
15,15,unloading,1.1,bd720e4b04c6b7f69f1cea1f1cb89bbebbfce8ef4600af0771bc0f295b149565,3293,63.0,38.0,interior,-0.0,-0.0,-0.0,-0.0,-0.0,-0.0
15,15,unloading,1.1,bd720e4b04c6b7f69f1cea1f1cb89bbebbfce8ef4600af0771bc0f295b149565,3294,64.0,38.0,interior,-0.0,-0.0,-0.0,-0.0,-0.0,-0.0
15,15,unloading,1.1,bd720e4b04c6b7f69f1cea1f1cb89bbebbfce8ef4600af0771bc0f295b149565,3295,65.0,38.0,interior,-0.0,-0.0,-0.0,-0.0,-0.0,-0.0
15,15,unloading,1.1,bd720e4b04c6b7f69f1cea1f1cb89bbebbfce8ef4600af0771bc0f295b149565,3296,66.0,38.0,interior,-0.0,-0.0,-0.0,-0.0,-0.0,-0.0
15,15,unloading,1.1,bd720e4b04c6b7f69f1cea1f1cb89bbebbfce8ef4600af0771bc0f295b149565,3297,67.0,38.0,interior,-0.0,-0.0,-0.0,-0.0,-0.0,-0.0
15,15,unloading,1.1,bd720e4b04c6b7f69f1cea1f1cb89bbebbfce8ef4600af0771bc0f295b149565,3298,68.0,38.0,interior,-0.0,-0.0,-0.0,-0.0,-0.0,-0.0
15,15,unloading,1.1,bd720e4b04c6b7f69f1cea1f1cb89bbebbfce8ef4600af0771bc0f295b149565,3299,69.0,38.0,interior,-0.0,-0.0,-0.0,-0.0,-0.0,-0.0
15,15,unloading,1.1,bd720e4b04c6b7f69f1cea1f1cb89bbebbfce8ef4600af0771bc0f295b149565,3300,70.0,38.0,interior,-0.0,-0.0,-0.0,-0.0,-0.0,-0.0
15,15,unloading,1.1,bd720e4b04c6b7f69f1cea1f1cb89bbebbfce8ef4600af0771bc0f295b149565,3301,71.0,38.0,interior,-0.0,-0.0,-0.0,-0.0,-0.0,-0.0
15,15,unloading,1.1,bd720e4b04c6b7f69f1cea1f1cb89bbebbfce8ef4600af0771bc0f295b149565,3302,72.0,38.0,interior,-0.0,-0.0,-0.0,-0.0,-0.0,-0.0
15,15,unloading,1.1,bd720e4b04c6b7f69f1cea1f1cb89bbebbfce8ef4600af0771bc0f295b149565,3303,73.0,38.0,interior,-0.0,-0.0,-0.0,-0.0,-0.0,-0.0
15,15,unloading,1.1,bd720e4b04c6b7f69f1cea1f1cb89bbebbfce8ef4600af0771bc0f295b149565,3304,74.0,38.0,interior,-0.0,-0.0,-0.0,-0.0,-0.0,-0.0
15,15,unloading,1.1,bd720e4b04c6b7f69f1cea1f1cb89bbebbfce8ef4600af0771bc0f295b149565,3305,75.0,38.0,interior,-0.0,-0.0,-0.0,-0.0,-0.0,-0.0
15,15,unloading,1.1,bd720e4b04c6b7f69f1cea1f1cb89bbebbfce8ef4600af0771bc0f295b149565,3306,76.0,38.0,interior,-0.0,-0.0,-0.0,-0.0,-0.0,-0.0
15,15,unloading,1.1,bd720e4b04c6b7f69f1cea1f1cb89bbebbfce8ef4600af0771bc0f295b149565,3307,77.0,38.0,interior,-0.0,-0.0,-0.0,-0.0,-0.0,-0.0
15,15,unloading,1.1,bd720e4b04c6b7f69f1cea1f1cb89bbebbfce8ef4600af0771bc0f295b149565,3308,78.0,38.0,interior,-0.0,-0.0,-0.0,-0.0,-0.0,-0.0
15,15,unloading,1.1,bd720e4b04c6b7f69f1cea1f1cb89bbebbfce8ef4600af0771bc0f295b149565,3309,79.0,38.0,interior,-0.0,-0.0,-0.0,-0.0,-0.0,-0.0
15,15,unloading,1.1,bd720e4b04c6b7f69f1cea1f1cb89bbebbfce8ef4600af0771bc0f295b149565,3310,80.0,38.0,physical_only,7.520726693049988e-07,-5.567024990031145e-08,5.40898758279694e-07,-4.3472800576927066e-07,2.11173911025305e-07,3.7905775586895974e-07
15,15,unloading,1.1,bd720e4b04c6b7f69f1cea1f1cb89bbebbfce8ef4600af0771bc0f295b149565,3377,62.0,39.0,physical_only,-5.66805947714493e-06,1.1472307331003215e-07,-4.189288456795538e-06,1.769056286143814e-08,-1.4787710203493922e-06,9.70325104485939e-08
15,15,unloading,1.1,bd720e4b04c6b7f69f1cea1f1cb89bbebbfce8ef4600af0771bc0f295b149565,3378,63.0,39.0,interior,-0.0,-0.0,-0.0,-0.0,-0.0,-0.0
15,15,unloading,1.1,bd720e4b04c6b7f69f1cea1f1cb89bbebbfce8ef4600af0771bc0f295b149565,3379,64.0,39.0,interior,-0.0,-0.0,-0.0,-0.0,-0.0,-0.0
15,15,unloading,1.1,bd720e4b04c6b7f69f1cea1f1cb89bbebbfce8ef4600af0771bc0f295b149565,3380,65.0,39.0,interior,-0.0,-0.0,-0.0,-0.0,-0.0,-0.0
15,15,unloading,1.1,bd720e4b04c6b7f69f1cea1f1cb89bbebbfce8ef4600af0771bc0f295b149565,3381,66.0,39.0,interior,-0.0,-0.0,-0.0,-0.0,-0.0,-0.0
15,15,unloading,1.1,bd720e4b04c6b7f69f1cea1f1cb89bbebbfce8ef4600af0771bc0f295b149565,3382,67.0,39.0,interior,-0.0,-0.0,-0.0,-0.0,-0.0,-0.0
15,15,unloading,1.1,bd720e4b04c6b7f69f1cea1f1cb89bbebbfce8ef4600af0771bc0f295b149565,3383,68.0,39.0,interior,-0.0,-0.0,-0.0,-0.0,-0.0,-0.0
15,15,unloading,1.1,bd720e4b04c6b7f69f1cea1f1cb89bbebbfce8ef4600af0771bc0f295b149565,3384,69.0,39.0,interior,-0.0,-0.0,-0.0,-0.0,-0.0,-0.0
15,15,unloading,1.1,bd720e4b04c6b7f69f1cea1f1cb89bbebbfce8ef4600af0771bc0f295b149565,3385,70.0,39.0,interior,-0.0,-0.0,-0.0,-0.0,-0.0,-0.0
15,15,unloading,1.1,bd720e4b04c6b7f69f1cea1f1cb89bbebbfce8ef4600af0771bc0f295b149565,3386,71.0,39.0,interior,-0.0,-0.0,-0.0,-0.0,-0.0,-0.0
15,15,unloading,1.1,bd720e4b04c6b7f69f1cea1f1cb89bbebbfce8ef4600af0771bc0f295b149565,3387,72.0,39.0,interior,-0.0,-0.0,-0.0,-0.0,-0.0,-0.0
15,15,unloading,1.1,bd720e4b04c6b7f69f1cea1f1cb89bbebbfce8ef4600af0771bc0f295b149565,3388,73.0,39.0,interior,-0.0,-0.0,-0.0,-0.0,-0.0,-0.0
15,15,unloading,1.1,bd720e4b04c6b7f69f1cea1f1cb89bbebbfce8ef4600af0771bc0f295b149565,3389,74.0,39.0,interior,-0.0,-0.0,-0.0,-0.0,-0.0,-0.0
15,15,unloading,1.1,bd720e4b04c6b7f69f1cea1f1cb89bbebbfce8ef4600af0771bc0f295b149565,3390,75.0,39.0,interior,-0.0,-0.0,-0.0,-0.0,-0.0,-0.0
15,15,unloading,1.1,bd720e4b04c6b7f69f1cea1f1cb89bbebbfce8ef4600af0771bc0f295b149565,3391,76.0,39.0,interior,-0.0,-0.0,-0.0,-0.0,-0.0,-0.0
15,15,unloading,1.1,bd720e4b04c6b7f69f1cea1f1cb89bbebbfce8ef4600af0771bc0f295b149565,3392,77.0,39.0,interior,-0.0,-0.0,-0.0,-0.0,-0.0,-0.0
15,15,unloading,1.1,bd720e4b04c6b7f69f1cea1f1cb89bbebbfce8ef4600af0771bc0f295b149565,3393,78.0,39.0,interior,-0.0,-0.0,-0.0,-0.0,-0.0,-0.0
15,15,unloading,1.1,bd720e4b04c6b7f69f1cea1f1cb89bbebbfce8ef4600af0771bc0f295b149565,3394,79.0,39.0,interior,-0.0,-0.0,-0.0,-0.0,-0.0,-0.0
15,15,unloading,1.1,bd720e4b04c6b7f69f1cea1f1cb89bbebbfce8ef4600af0771bc0f295b149565,3395,80.0,39.0,physical_only,7.485557727795421e-07,-2.7651084746804148e-08,5.435037383241523e-07,-2.1704929781987272e-07,2.0505203445538995e-07,1.893982130730655e-07
15,15,unloading,1.1,bd720e4b04c6b7f69f1cea1f1cb89bbebbfce8ef4600af0771bc0f295b149565,3462,62.0,40.0,physical_and_cut,-2.846600461981909e-06,-1.780630409037666e-06,-2.1023595492034405e-06,-9.574137151643536e-07,-7.442409127784687e-07,-8.232166938733124e-07
15,15,unloading,1.1,bd720e4b04c6b7f69f1cea1f1cb89bbebbfce8ef4600af0771bc0f295b149565,3463,63.0,40.0,cut_only,-0.0,-0.0,-0.0,-0.0,-0.0,-0.0
15,15,unloading,1.1,bd720e4b04c6b7f69f1cea1f1cb89bbebbfce8ef4600af0771bc0f295b149565,3464,64.0,40.0,cut_only,-0.0,-0.0,-0.0,-0.0,-0.0,-0.0
15,15,unloading,1.1,bd720e4b04c6b7f69f1cea1f1cb89bbebbfce8ef4600af0771bc0f295b149565,3465,65.0,40.0,cut_only,-0.0,-0.0,-0.0,-0.0,-0.0,-0.0
15,15,unloading,1.1,bd720e4b04c6b7f69f1cea1f1cb89bbebbfce8ef4600af0771bc0f295b149565,3466,66.0,40.0,cut_only,-0.0,-0.0,-0.0,-0.0,-0.0,-0.0
15,15,unloading,1.1,bd720e4b04c6b7f69f1cea1f1cb89bbebbfce8ef4600af0771bc0f295b149565,3467,67.0,40.0,cut_only,-0.0,-0.0,-0.0,-0.0,-0.0,-0.0
15,15,unloading,1.1,bd720e4b04c6b7f69f1cea1f1cb89bbebbfce8ef4600af0771bc0f295b149565,3468,68.0,40.0,cut_only,-0.0,-0.0,-0.0,-0.0,-0.0,-0.0
15,15,unloading,1.1,bd720e4b04c6b7f69f1cea1f1cb89bbebbfce8ef4600af0771bc0f295b149565,3469,69.0,40.0,cut_only,-0.0,-0.0,-0.0,-0.0,-0.0,-0.0
15,15,unloading,1.1,bd720e4b04c6b7f69f1cea1f1cb89bbebbfce8ef4600af0771bc0f295b149565,3470,70.0,40.0,cut_only,-0.0,-0.0,-0.0,-0.0,-0.0,-0.0
15,15,unloading,1.1,bd720e4b04c6b7f69f1cea1f1cb89bbebbfce8ef4600af0771bc0f295b149565,3471,71.0,40.0,cut_only,-0.0,-0.0,-0.0,-0.0,-0.0,-0.0
15,15,unloading,1.1,bd720e4b04c6b7f69f1cea1f1cb89bbebbfce8ef4600af0771bc0f295b149565,3472,72.0,40.0,cut_only,-0.0,-0.0,-0.0,-0.0,-0.0,-0.0
15,15,unloading,1.1,bd720e4b04c6b7f69f1cea1f1cb89bbebbfce8ef4600af0771bc0f295b149565,3473,73.0,40.0,cut_only,-0.0,-0.0,-0.0,-0.0,-0.0,-0.0
15,15,unloading,1.1,bd720e4b04c6b7f69f1cea1f1cb89bbebbfce8ef4600af0771bc0f295b149565,3474,74.0,40.0,cut_only,-0.0,-0.0,-0.0,-0.0,-0.0,-0.0
15,15,unloading,1.1,bd720e4b04c6b7f69f1cea1f1cb89bbebbfce8ef4600af0771bc0f295b149565,3475,75.0,40.0,cut_only,-0.0,-0.0,-0.0,-0.0,-0.0,-0.0
15,15,unloading,1.1,bd720e4b04c6b7f69f1cea1f1cb89bbebbfce8ef4600af0771bc0f295b149565,3476,76.0,40.0,cut_only,-0.0,-0.0,-0.0,-0.0,-0.0,-0.0
15,15,unloading,1.1,bd720e4b04c6b7f69f1cea1f1cb89bbebbfce8ef4600af0771bc0f295b149565,3477,77.0,40.0,cut_only,-0.0,-0.0,-0.0,-0.0,-0.0,-0.0
15,15,unloading,1.1,bd720e4b04c6b7f69f1cea1f1cb89bbebbfce8ef4600af0771bc0f295b149565,3478,78.0,40.0,cut_only,-0.0,-0.0,-0.0,-0.0,-0.0,-0.0
15,15,unloading,1.1,bd720e4b04c6b7f69f1cea1f1cb89bbebbfce8ef4600af0771bc0f295b149565,3479,79.0,40.0,cut_only,-0.0,-0.0,-0.0,-0.0,-0.0,-0.0
15,15,unloading,1.1,bd720e4b04c6b7f69f1cea1f1cb89bbebbfce8ef4600af0771bc0f295b149565,3480,80.0,40.0,physical_and_cut,3.736913154032529e-07,5.7812977939357046e-05,2.7218199263041557e-07,-2.2128702152081807e-07,1.0150932277283732e-07,5.8034264960877864e-05
16,16,unloading,1.0,8f8fbd5d8024fd21c2430a1a606f882adf57ca1fc2dbd426a6e50243b464744a,2697,62.0,31.0,physical_only,-0.00043702635761440334,-7.533809548447103e-05,-5.618958718733775e-06,6.355191530800492e-06,-0.00043140739889566956,-8.169328701527153e-05
16,16,unloading,1.0,8f8fbd5d8024fd21c2430a1a606f882adf57ca1fc2dbd426a6e50243b464744a,2698,63.0,31.0,physical_only,-1.894971159579322e-06,-6.200896860885714e-05,-3.121823422182692e-06,7.384393704397958e-06,1.2268522626033694e-06,-6.939336231325503e-05
16,16,unloading,1.0,8f8fbd5d8024fd21c2430a1a606f882adf57ca1fc2dbd426a6e50243b464744a,2699,64.0,31.0,physical_only,3.525834930238363e-07,-8.201879234799066e-05,-3.1937822898677783e-06,9.541393443841447e-06,3.546365782891614e-06,-9.156018579183208e-05
16,16,unloading,1.0,8f8fbd5d8024fd21c2430a1a606f882adf57ca1fc2dbd426a6e50243b464744a,2700,65.0,31.0,physical_only,1.0508740968791876e-06,-0.00011100508524033536,-3.284037928917207e-06,1.2027845311694764e-05,4.3349120257963944e-06,-0.0001230329305520301
16,16,unloading,1.0,8f8fbd5d8024fd21c2430a1a606f882adf57ca1fc2dbd426a6e50243b464744a,2701,66.0,31.0,physical_only,-8.521577673084893e-08,-0.0001469816766482419,-3.394876346968786e-06,1.495102013280735e-05,3.3096605702379355e-06,-0.00016193269678104925
16,16,unloading,1.0,8f8fbd5d8024fd21c2430a1a606f882adf57ca1fc2dbd426a6e50243b464744a,2702,67.0,31.0,physical_only,-2.6805853593675362e-06,-0.00018888247125397066,-3.524835065636754e-06,1.8442180810346388e-05,8.442497062692193e-07,-0.0002073246520643171
16,16,unloading,1.0,8f8fbd5d8024fd21c2430a1a606f882adf57ca1fc2dbd426a6e50243b464744a,2703,68.0,31.0,physical_only,-3.407699491504649e-06,-0.0002396524481114217,-3.675416810568844e-06,2.2669087917419597e-05,2.6771731906419306e-07,-0.00026232153602884114
16,16,unloading,1.0,8f8fbd5d8024fd21c2430a1a606f882adf57ca1fc2dbd426a6e50243b464744a,2704,69.0,31.0,physical_only,-4.648537145827656e-06,-0.0003032416124953369,-3.851903560601829e-06,2.7863712596651494e-05,-7.966335852258261e-07,-0.0003311053250919884
16,16,unloading,1.0,8f8fbd5d8024fd21c2430a1a606f882adf57ca1fc2dbd426a6e50243b464744a,2705,70.0,31.0,physical_only,-6.315922512681565e-06,-0.00038062963744640724,-4.06406229797923e-06,3.436454521052104e-05,-2.251860214702339e-06,-0.00041499418265692834
16,16,unloading,1.0,8f8fbd5d8024fd21c2430a1a606f882adf57ca1fc2dbd426a6e50243b464744a,2706,71.0,31.0,physical_only,-8.367496696375317e-06,-0.0004739576196351621,-4.325855686438457e-06,4.268153918120526e-05,-4.041641009936861e-06,-0.0005166391588163673
16,16,unloading,1.0,8f8fbd5d8024fd21c2430a1a606f882adf57ca1fc2dbd426a6e50243b464744a,2707,72.0,31.0,physical_only,-1.054721721991487e-05,-0.0005854467810707626,-4.659249923239333e-06,5.3616510501901056e-05,-5.887967296675536e-06,-0.0006390632915726636
16,16,unloading,1.0,8f8fbd5d8024fd21c2430a1a606f882adf57ca1fc2dbd426a6e50243b464744a,2708,73.0,31.0,physical_only,-1.230078660226093e-05,-0.0007174563481550547,-5.10052129447451e-06,6.8499980761346e-05,-7.200265307786419e-06,-0.0007859563289164006
16,16,unloading,1.0,8f8fbd5d8024fd21c2430a1a606f882adf57ca1fc2dbd426a6e50243b464744a,2709,74.0,31.0,physical_only,-1.1471515317513895e-05,-0.0008750357432807127,-5.71496090695461e-06,8.970379347147755e-05,-5.756554410559285e-06,-0.0009647395367521909
16,16,unloading,1.0,8f8fbd5d8024fd21c2430a1a606f882adf57ca1fc2dbd426a6e50243b464744a,2710,75.0,31.0,physical_only,-1.0886302445203361e-05,-0.0010679681493447647,-6.632203239343849e-06,0.00012189379141470819,-4.254099205859512e-06,-0.0011898619407594733
16,16,unloading,1.0,8f8fbd5d8024fd21c2430a1a606f882adf57ca1fc2dbd426a6e50243b464744a,2711,76.0,31.0,physical_only,-2.5770293249684026e-05,-0.0012996696704193665,-8.141058503415818e-06,0.0001756013754402524,-1.762923474626821e-05,-0.0014752710458596184
16,16,unloading,1.0,8f8fbd5d8024fd21c2430a1a606f882adf57ca1fc2dbd426a6e50243b464744a,2712,77.0,31.0,physical_only,-9.819513602609705e-05,-0.0014690846416555896,-1.0969712511308874e-05,0.00027965397795287226,-8.722542351478819e-05,-0.0017487386196084623
16,16,unloading,1.0,8f8fbd5d8024fd21c2430a1a606f882adf57ca1fc2dbd426a6e50243b464744a,2713,78.0,31.0,physical_only,-0.0002125593179371374,-0.0015365118960405846,-1.806045780030427e-05,0.0005500932257286317,-0.0001944988601368331,-0.0020866051217692163
16,16,unloading,1.0,8f8fbd5d8024fd21c2430a1a606f882adf57ca1fc2dbd426a6e50243b464744a,2714,79.0,31.0,physical_only,-0.0004409578568508068,0.0028947454782690205,-4.210211308883428e-05,0.0018549499682241908,-0.0003988557437619725,0.0010397955100448306
16,16,unloading,1.0,8f8fbd5d8024fd21c2430a1a606f882adf57ca1fc2dbd426a6e50243b464744a,2715,80.0,31.0,physical_only,-0.0003837730902641107,0.05557803690134852,-0.001368735966517725,0.04421743812034063,0.0009849628762536142,0.011360598781007893
16,16,unloading,1.0,8f8fbd5d8024fd21c2430a1a606f882adf57ca1fc2dbd426a6e50243b464744a,2782,62.0,32.0,physical_only,-7.366422692567463e-06,-1.1039874115019031e-06,-3.287170169995613e-06,1.346159111644763e-07,-4.079252522571851e-06,-1.2386033226663793e-06
16,16,unloading,1.0,8f8fbd5d8024fd21c2430a1a606f882adf57ca1fc2dbd426a6e50243b464744a,2783,63.0,32.0,interior,-0.0,-0.0,-0.0,-0.0,-0.0,-0.0
16,16,unloading,1.0,8f8fbd5d8024fd21c2430a1a606f882adf57ca1fc2dbd426a6e50243b464744a,2784,64.0,32.0,interior,-0.0,-0.0,-0.0,-0.0,-0.0,-0.0
16,16,unloading,1.0,8f8fbd5d8024fd21c2430a1a606f882adf57ca1fc2dbd426a6e50243b464744a,2785,65.0,32.0,interior,-0.0,-0.0,-0.0,-0.0,-0.0,-0.0
16,16,unloading,1.0,8f8fbd5d8024fd21c2430a1a606f882adf57ca1fc2dbd426a6e50243b464744a,2786,66.0,32.0,interior,-0.0,-0.0,-0.0,-0.0,-0.0,-0.0
16,16,unloading,1.0,8f8fbd5d8024fd21c2430a1a606f882adf57ca1fc2dbd426a6e50243b464744a,2787,67.0,32.0,interior,-0.0,-0.0,-0.0,-0.0,-0.0,-0.0
16,16,unloading,1.0,8f8fbd5d8024fd21c2430a1a606f882adf57ca1fc2dbd426a6e50243b464744a,2788,68.0,32.0,interior,-0.0,-0.0,-0.0,-0.0,-0.0,-0.0
16,16,unloading,1.0,8f8fbd5d8024fd21c2430a1a606f882adf57ca1fc2dbd426a6e50243b464744a,2789,69.0,32.0,interior,-0.0,-0.0,-0.0,-0.0,-0.0,-0.0
16,16,unloading,1.0,8f8fbd5d8024fd21c2430a1a606f882adf57ca1fc2dbd426a6e50243b464744a,2790,70.0,32.0,interior,-0.0,-0.0,-0.0,-0.0,-0.0,-0.0
16,16,unloading,1.0,8f8fbd5d8024fd21c2430a1a606f882adf57ca1fc2dbd426a6e50243b464744a,2791,71.0,32.0,interior,-0.0,-0.0,-0.0,-0.0,-0.0,-0.0
16,16,unloading,1.0,8f8fbd5d8024fd21c2430a1a606f882adf57ca1fc2dbd426a6e50243b464744a,2792,72.0,32.0,interior,-0.0,-0.0,-0.0,-0.0,-0.0,-0.0
16,16,unloading,1.0,8f8fbd5d8024fd21c2430a1a606f882adf57ca1fc2dbd426a6e50243b464744a,2793,73.0,32.0,interior,-0.0,-0.0,-0.0,-0.0,-0.0,-0.0
16,16,unloading,1.0,8f8fbd5d8024fd21c2430a1a606f882adf57ca1fc2dbd426a6e50243b464744a,2794,74.0,32.0,interior,-0.0,-0.0,-0.0,-0.0,-0.0,-0.0
16,16,unloading,1.0,8f8fbd5d8024fd21c2430a1a606f882adf57ca1fc2dbd426a6e50243b464744a,2795,75.0,32.0,interior,-0.0,-0.0,-0.0,-0.0,-0.0,-0.0
16,16,unloading,1.0,8f8fbd5d8024fd21c2430a1a606f882adf57ca1fc2dbd426a6e50243b464744a,2796,76.0,32.0,interior,-0.0,-0.0,-0.0,-0.0,-0.0,-0.0
16,16,unloading,1.0,8f8fbd5d8024fd21c2430a1a606f882adf57ca1fc2dbd426a6e50243b464744a,2797,77.0,32.0,interior,-0.0,-0.0,-0.0,-0.0,-0.0,-0.0
16,16,unloading,1.0,8f8fbd5d8024fd21c2430a1a606f882adf57ca1fc2dbd426a6e50243b464744a,2798,78.0,32.0,interior,-0.0,-0.0,-0.0,-0.0,-0.0,-0.0
16,16,unloading,1.0,8f8fbd5d8024fd21c2430a1a606f882adf57ca1fc2dbd426a6e50243b464744a,2799,79.0,32.0,interior,-0.0,-0.0,-0.0,-0.0,-0.0,-0.0
16,16,unloading,1.0,8f8fbd5d8024fd21c2430a1a606f882adf57ca1fc2dbd426a6e50243b464744a,2800,80.0,32.0,physical_only,8.078752045111062e-07,-2.534430346262369e-07,4.90233391774438e-07,-1.751172638618072e-06,3.1764181273666835e-07,1.4977296039918358e-06
16,16,unloading,1.0,8f8fbd5d8024fd21c2430a1a606f882adf57ca1fc2dbd426a6e50243b464744a,2867,62.0,33.0,physical_only,-5.966850634901992e-06,-7.298694080447218e-07,-3.5143522333593237e-06,1.0464550303003284e-07,-2.452498401542669e-06,-8.345149110747548e-07
16,16,unloading,1.0,8f8fbd5d8024fd21c2430a1a606f882adf57ca1fc2dbd426a6e50243b464744a,2868,63.0,33.0,interior,-0.0,-0.0,-0.0,-0.0,-0.0,-0.0
16,16,unloading,1.0,8f8fbd5d8024fd21c2430a1a606f882adf57ca1fc2dbd426a6e50243b464744a,2869,64.0,33.0,interior,-0.0,-0.0,-0.0,-0.0,-0.0,-0.0
16,16,unloading,1.0,8f8fbd5d8024fd21c2430a1a606f882adf57ca1fc2dbd426a6e50243b464744a,2870,65.0,33.0,interior,-0.0,-0.0,-0.0,-0.0,-0.0,-0.0
16,16,unloading,1.0,8f8fbd5d8024fd21c2430a1a606f882adf57ca1fc2dbd426a6e50243b464744a,2871,66.0,33.0,interior,-0.0,-0.0,-0.0,-0.0,-0.0,-0.0
16,16,unloading,1.0,8f8fbd5d8024fd21c2430a1a606f882adf57ca1fc2dbd426a6e50243b464744a,2872,67.0,33.0,interior,-0.0,-0.0,-0.0,-0.0,-0.0,-0.0
16,16,unloading,1.0,8f8fbd5d8024fd21c2430a1a606f882adf57ca1fc2dbd426a6e50243b464744a,2873,68.0,33.0,interior,-0.0,-0.0,-0.0,-0.0,-0.0,-0.0
16,16,unloading,1.0,8f8fbd5d8024fd21c2430a1a606f882adf57ca1fc2dbd426a6e50243b464744a,2874,69.0,33.0,interior,-0.0,-0.0,-0.0,-0.0,-0.0,-0.0
16,16,unloading,1.0,8f8fbd5d8024fd21c2430a1a606f882adf57ca1fc2dbd426a6e50243b464744a,2875,70.0,33.0,interior,-0.0,-0.0,-0.0,-0.0,-0.0,-0.0
16,16,unloading,1.0,8f8fbd5d8024fd21c2430a1a606f882adf57ca1fc2dbd426a6e50243b464744a,2876,71.0,33.0,interior,-0.0,-0.0,-0.0,-0.0,-0.0,-0.0
16,16,unloading,1.0,8f8fbd5d8024fd21c2430a1a606f882adf57ca1fc2dbd426a6e50243b464744a,2877,72.0,33.0,interior,-0.0,-0.0,-0.0,-0.0,-0.0,-0.0
16,16,unloading,1.0,8f8fbd5d8024fd21c2430a1a606f882adf57ca1fc2dbd426a6e50243b464744a,2878,73.0,33.0,interior,-0.0,-0.0,-0.0,-0.0,-0.0,-0.0
16,16,unloading,1.0,8f8fbd5d8024fd21c2430a1a606f882adf57ca1fc2dbd426a6e50243b464744a,2879,74.0,33.0,interior,-0.0,-0.0,-0.0,-0.0,-0.0,-0.0
16,16,unloading,1.0,8f8fbd5d8024fd21c2430a1a606f882adf57ca1fc2dbd426a6e50243b464744a,2880,75.0,33.0,interior,-0.0,-0.0,-0.0,-0.0,-0.0,-0.0
16,16,unloading,1.0,8f8fbd5d8024fd21c2430a1a606f882adf57ca1fc2dbd426a6e50243b464744a,2881,76.0,33.0,interior,-0.0,-0.0,-0.0,-0.0,-0.0,-0.0
16,16,unloading,1.0,8f8fbd5d8024fd21c2430a1a606f882adf57ca1fc2dbd426a6e50243b464744a,2882,77.0,33.0,interior,-0.0,-0.0,-0.0,-0.0,-0.0,-0.0
16,16,unloading,1.0,8f8fbd5d8024fd21c2430a1a606f882adf57ca1fc2dbd426a6e50243b464744a,2883,78.0,33.0,interior,-0.0,-0.0,-0.0,-0.0,-0.0,-0.0
16,16,unloading,1.0,8f8fbd5d8024fd21c2430a1a606f882adf57ca1fc2dbd426a6e50243b464744a,2884,79.0,33.0,interior,-0.0,-0.0,-0.0,-0.0,-0.0,-0.0
16,16,unloading,1.0,8f8fbd5d8024fd21c2430a1a606f882adf57ca1fc2dbd426a6e50243b464744a,2885,80.0,33.0,physical_only,7.913208639644621e-07,-2.1316600939716673e-07,5.051384387015242e-07,-1.5216122117204901e-06,2.861824252629383e-07,1.3084462023233147e-06
16,16,unloading,1.0,8f8fbd5d8024fd21c2430a1a606f882adf57ca1fc2dbd426a6e50243b464744a,2952,62.0,34.0,physical_only,-5.325866129607978e-06,-2.713068660215053e-07,-3.6964948849828206e-06,8.602785080838158e-08,-1.6293712446251572e-06,-3.5733471682988677e-07
16,16,unloading,1.0,8f8fbd5d8024fd21c2430a1a606f882adf57ca1fc2dbd426a6e50243b464744a,2953,63.0,34.0,interior,-0.0,-0.0,-0.0,-0.0,-0.0,-0.0
16,16,unloading,1.0,8f8fbd5d8024fd21c2430a1a606f882adf57ca1fc2dbd426a6e50243b464744a,2954,64.0,34.0,interior,-0.0,-0.0,-0.0,-0.0,-0.0,-0.0
16,16,unloading,1.0,8f8fbd5d8024fd21c2430a1a606f882adf57ca1fc2dbd426a6e50243b464744a,2955,65.0,34.0,interior,-0.0,-0.0,-0.0,-0.0,-0.0,-0.0
16,16,unloading,1.0,8f8fbd5d8024fd21c2430a1a606f882adf57ca1fc2dbd426a6e50243b464744a,2956,66.0,34.0,interior,-0.0,-0.0,-0.0,-0.0,-0.0,-0.0
16,16,unloading,1.0,8f8fbd5d8024fd21c2430a1a606f882adf57ca1fc2dbd426a6e50243b464744a,2957,67.0,34.0,interior,-0.0,-0.0,-0.0,-0.0,-0.0,-0.0
16,16,unloading,1.0,8f8fbd5d8024fd21c2430a1a606f882adf57ca1fc2dbd426a6e50243b464744a,2958,68.0,34.0,interior,-0.0,-0.0,-0.0,-0.0,-0.0,-0.0
16,16,unloading,1.0,8f8fbd5d8024fd21c2430a1a606f882adf57ca1fc2dbd426a6e50243b464744a,2959,69.0,34.0,interior,-0.0,-0.0,-0.0,-0.0,-0.0,-0.0
16,16,unloading,1.0,8f8fbd5d8024fd21c2430a1a606f882adf57ca1fc2dbd426a6e50243b464744a,2960,70.0,34.0,interior,-0.0,-0.0,-0.0,-0.0,-0.0,-0.0
16,16,unloading,1.0,8f8fbd5d8024fd21c2430a1a606f882adf57ca1fc2dbd426a6e50243b464744a,2961,71.0,34.0,interior,-0.0,-0.0,-0.0,-0.0,-0.0,-0.0
16,16,unloading,1.0,8f8fbd5d8024fd21c2430a1a606f882adf57ca1fc2dbd426a6e50243b464744a,2962,72.0,34.0,interior,-0.0,-0.0,-0.0,-0.0,-0.0,-0.0
16,16,unloading,1.0,8f8fbd5d8024fd21c2430a1a606f882adf57ca1fc2dbd426a6e50243b464744a,2963,73.0,34.0,interior,-0.0,-0.0,-0.0,-0.0,-0.0,-0.0
16,16,unloading,1.0,8f8fbd5d8024fd21c2430a1a606f882adf57ca1fc2dbd426a6e50243b464744a,2964,74.0,34.0,interior,-0.0,-0.0,-0.0,-0.0,-0.0,-0.0
16,16,unloading,1.0,8f8fbd5d8024fd21c2430a1a606f882adf57ca1fc2dbd426a6e50243b464744a,2965,75.0,34.0,interior,-0.0,-0.0,-0.0,-0.0,-0.0,-0.0
16,16,unloading,1.0,8f8fbd5d8024fd21c2430a1a606f882adf57ca1fc2dbd426a6e50243b464744a,2966,76.0,34.0,interior,-0.0,-0.0,-0.0,-0.0,-0.0,-0.0
16,16,unloading,1.0,8f8fbd5d8024fd21c2430a1a606f882adf57ca1fc2dbd426a6e50243b464744a,2967,77.0,34.0,interior,-0.0,-0.0,-0.0,-0.0,-0.0,-0.0
16,16,unloading,1.0,8f8fbd5d8024fd21c2430a1a606f882adf57ca1fc2dbd426a6e50243b464744a,2968,78.0,34.0,interior,-0.0,-0.0,-0.0,-0.0,-0.0,-0.0
16,16,unloading,1.0,8f8fbd5d8024fd21c2430a1a606f882adf57ca1fc2dbd426a6e50243b464744a,2969,79.0,34.0,interior,-0.0,-0.0,-0.0,-0.0,-0.0,-0.0
16,16,unloading,1.0,8f8fbd5d8024fd21c2430a1a606f882adf57ca1fc2dbd426a6e50243b464744a,2970,80.0,34.0,physical_only,7.76722500216559e-07,-1.7687120447301718e-07,5.173245758120191e-07,-1.2962639145648426e-06,2.5939792440453986e-07,1.1193927100918225e-06
16,16,unloading,1.0,8f8fbd5d8024fd21c2430a1a606f882adf57ca1fc2dbd426a6e50243b464744a,3037,62.0,35.0,physical_only,-5.1705781872118665e-06,7.082716898005958e-08,-3.8465815224920375e-06,7.323058927462449e-08,-1.323996664719829e-06,-2.4034202945647997e-09
16,16,unloading,1.0,8f8fbd5d8024fd21c2430a1a606f882adf57ca1fc2dbd426a6e50243b464744a,3038,63.0,35.0,interior,-0.0,-0.0,-0.0,-0.0,-0.0,-0.0
16,16,unloading,1.0,8f8fbd5d8024fd21c2430a1a606f882adf57ca1fc2dbd426a6e50243b464744a,3039,64.0,35.0,interior,-0.0,-0.0,-0.0,-0.0,-0.0,-0.0
16,16,unloading,1.0,8f8fbd5d8024fd21c2430a1a606f882adf57ca1fc2dbd426a6e50243b464744a,3040,65.0,35.0,interior,-0.0,-0.0,-0.0,-0.0,-0.0,-0.0
16,16,unloading,1.0,8f8fbd5d8024fd21c2430a1a606f882adf57ca1fc2dbd426a6e50243b464744a,3041,66.0,35.0,interior,-0.0,-0.0,-0.0,-0.0,-0.0,-0.0
16,16,unloading,1.0,8f8fbd5d8024fd21c2430a1a606f882adf57ca1fc2dbd426a6e50243b464744a,3042,67.0,35.0,interior,-0.0,-0.0,-0.0,-0.0,-0.0,-0.0
16,16,unloading,1.0,8f8fbd5d8024fd21c2430a1a606f882adf57ca1fc2dbd426a6e50243b464744a,3043,68.0,35.0,interior,-0.0,-0.0,-0.0,-0.0,-0.0,-0.0
16,16,unloading,1.0,8f8fbd5d8024fd21c2430a1a606f882adf57ca1fc2dbd426a6e50243b464744a,3044,69.0,35.0,interior,-0.0,-0.0,-0.0,-0.0,-0.0,-0.0
16,16,unloading,1.0,8f8fbd5d8024fd21c2430a1a606f882adf57ca1fc2dbd426a6e50243b464744a,3045,70.0,35.0,interior,-0.0,-0.0,-0.0,-0.0,-0.0,-0.0
16,16,unloading,1.0,8f8fbd5d8024fd21c2430a1a606f882adf57ca1fc2dbd426a6e50243b464744a,3046,71.0,35.0,interior,-0.0,-0.0,-0.0,-0.0,-0.0,-0.0
16,16,unloading,1.0,8f8fbd5d8024fd21c2430a1a606f882adf57ca1fc2dbd426a6e50243b464744a,3047,72.0,35.0,interior,-0.0,-0.0,-0.0,-0.0,-0.0,-0.0
16,16,unloading,1.0,8f8fbd5d8024fd21c2430a1a606f882adf57ca1fc2dbd426a6e50243b464744a,3048,73.0,35.0,interior,-0.0,-0.0,-0.0,-0.0,-0.0,-0.0
16,16,unloading,1.0,8f8fbd5d8024fd21c2430a1a606f882adf57ca1fc2dbd426a6e50243b464744a,3049,74.0,35.0,interior,-0.0,-0.0,-0.0,-0.0,-0.0,-0.0
16,16,unloading,1.0,8f8fbd5d8024fd21c2430a1a606f882adf57ca1fc2dbd426a6e50243b464744a,3050,75.0,35.0,interior,-0.0,-0.0,-0.0,-0.0,-0.0,-0.0
16,16,unloading,1.0,8f8fbd5d8024fd21c2430a1a606f882adf57ca1fc2dbd426a6e50243b464744a,3051,76.0,35.0,interior,-0.0,-0.0,-0.0,-0.0,-0.0,-0.0
16,16,unloading,1.0,8f8fbd5d8024fd21c2430a1a606f882adf57ca1fc2dbd426a6e50243b464744a,3052,77.0,35.0,interior,-0.0,-0.0,-0.0,-0.0,-0.0,-0.0
16,16,unloading,1.0,8f8fbd5d8024fd21c2430a1a606f882adf57ca1fc2dbd426a6e50243b464744a,3053,78.0,35.0,interior,-0.0,-0.0,-0.0,-0.0,-0.0,-0.0
16,16,unloading,1.0,8f8fbd5d8024fd21c2430a1a606f882adf57ca1fc2dbd426a6e50243b464744a,3054,79.0,35.0,interior,-0.0,-0.0,-0.0,-0.0,-0.0,-0.0
16,16,unloading,1.0,8f8fbd5d8024fd21c2430a1a606f882adf57ca1fc2dbd426a6e50243b464744a,3055,80.0,35.0,physical_only,7.642330452021361e-07,-1.4355930803443864e-07,5.271116905816886e-07,-1.074566362586151e-06,2.371213546204476e-07,9.310070545517213e-07
16,16,unloading,1.0,8f8fbd5d8024fd21c2430a1a606f882adf57ca1fc2dbd426a6e50243b464744a,3122,62.0,36.0,physical_only,-5.253120567964692e-06,2.3481019511036404e-07,-3.970284756273207e-06,6.179188540586132e-08,-1.2828358116914849e-06,1.7301830970450277e-07
16,16,unloading,1.0,8f8fbd5d8024fd21c2430a1a606f882adf57ca1fc2dbd426a6e50243b464744a,3123,63.0,36.0,interior,-0.0,-0.0,-0.0,-0.0,-0.0,-0.0
16,16,unloading,1.0,8f8fbd5d8024fd21c2430a1a606f882adf57ca1fc2dbd426a6e50243b464744a,3124,64.0,36.0,interior,-0.0,-0.0,-0.0,-0.0,-0.0,-0.0
16,16,unloading,1.0,8f8fbd5d8024fd21c2430a1a606f882adf57ca1fc2dbd426a6e50243b464744a,3125,65.0,36.0,interior,-0.0,-0.0,-0.0,-0.0,-0.0,-0.0
16,16,unloading,1.0,8f8fbd5d8024fd21c2430a1a606f882adf57ca1fc2dbd426a6e50243b464744a,3126,66.0,36.0,interior,-0.0,-0.0,-0.0,-0.0,-0.0,-0.0
16,16,unloading,1.0,8f8fbd5d8024fd21c2430a1a606f882adf57ca1fc2dbd426a6e50243b464744a,3127,67.0,36.0,interior,-0.0,-0.0,-0.0,-0.0,-0.0,-0.0
16,16,unloading,1.0,8f8fbd5d8024fd21c2430a1a606f882adf57ca1fc2dbd426a6e50243b464744a,3128,68.0,36.0,interior,-0.0,-0.0,-0.0,-0.0,-0.0,-0.0
16,16,unloading,1.0,8f8fbd5d8024fd21c2430a1a606f882adf57ca1fc2dbd426a6e50243b464744a,3129,69.0,36.0,interior,-0.0,-0.0,-0.0,-0.0,-0.0,-0.0
16,16,unloading,1.0,8f8fbd5d8024fd21c2430a1a606f882adf57ca1fc2dbd426a6e50243b464744a,3130,70.0,36.0,interior,-0.0,-0.0,-0.0,-0.0,-0.0,-0.0
16,16,unloading,1.0,8f8fbd5d8024fd21c2430a1a606f882adf57ca1fc2dbd426a6e50243b464744a,3131,71.0,36.0,interior,-0.0,-0.0,-0.0,-0.0,-0.0,-0.0
16,16,unloading,1.0,8f8fbd5d8024fd21c2430a1a606f882adf57ca1fc2dbd426a6e50243b464744a,3132,72.0,36.0,interior,-0.0,-0.0,-0.0,-0.0,-0.0,-0.0
16,16,unloading,1.0,8f8fbd5d8024fd21c2430a1a606f882adf57ca1fc2dbd426a6e50243b464744a,3133,73.0,36.0,interior,-0.0,-0.0,-0.0,-0.0,-0.0,-0.0
16,16,unloading,1.0,8f8fbd5d8024fd21c2430a1a606f882adf57ca1fc2dbd426a6e50243b464744a,3134,74.0,36.0,interior,-0.0,-0.0,-0.0,-0.0,-0.0,-0.0
16,16,unloading,1.0,8f8fbd5d8024fd21c2430a1a606f882adf57ca1fc2dbd426a6e50243b464744a,3135,75.0,36.0,interior,-0.0,-0.0,-0.0,-0.0,-0.0,-0.0
16,16,unloading,1.0,8f8fbd5d8024fd21c2430a1a606f882adf57ca1fc2dbd426a6e50243b464744a,3136,76.0,36.0,interior,-0.0,-0.0,-0.0,-0.0,-0.0,-0.0
16,16,unloading,1.0,8f8fbd5d8024fd21c2430a1a606f882adf57ca1fc2dbd426a6e50243b464744a,3137,77.0,36.0,interior,-0.0,-0.0,-0.0,-0.0,-0.0,-0.0
16,16,unloading,1.0,8f8fbd5d8024fd21c2430a1a606f882adf57ca1fc2dbd426a6e50243b464744a,3138,78.0,36.0,interior,-0.0,-0.0,-0.0,-0.0,-0.0,-0.0
16,16,unloading,1.0,8f8fbd5d8024fd21c2430a1a606f882adf57ca1fc2dbd426a6e50243b464744a,3139,79.0,36.0,interior,-0.0,-0.0,-0.0,-0.0,-0.0,-0.0
16,16,unloading,1.0,8f8fbd5d8024fd21c2430a1a606f882adf57ca1fc2dbd426a6e50243b464744a,3140,80.0,36.0,physical_only,7.539426857561316e-07,-1.1247812176528487e-07,5.347657007171388e-07,-8.559371423309057e-07,2.1917698503899285e-07,7.434590205656195e-07
16,16,unloading,1.0,8f8fbd5d8024fd21c2430a1a606f882adf57ca1fc2dbd426a6e50243b464744a,3207,62.0,37.0,physical_only,-5.398495485523845e-06,2.611726617769513e-07,-4.068627524053305e-06,4.9099896425572146e-08,-1.3298679614705386e-06,2.1207276535137911e-07
16,16,unloading,1.0,8f8fbd5d8024fd21c2430a1a606f882adf57ca1fc2dbd426a6e50243b464744a,3208,63.0,37.0,interior,-0.0,-0.0,-0.0,-0.0,-0.0,-0.0
16,16,unloading,1.0,8f8fbd5d8024fd21c2430a1a606f882adf57ca1fc2dbd426a6e50243b464744a,3209,64.0,37.0,interior,-0.0,-0.0,-0.0,-0.0,-0.0,-0.0
16,16,unloading,1.0,8f8fbd5d8024fd21c2430a1a606f882adf57ca1fc2dbd426a6e50243b464744a,3210,65.0,37.0,interior,-0.0,-0.0,-0.0,-0.0,-0.0,-0.0
16,16,unloading,1.0,8f8fbd5d8024fd21c2430a1a606f882adf57ca1fc2dbd426a6e50243b464744a,3211,66.0,37.0,interior,-0.0,-0.0,-0.0,-0.0,-0.0,-0.0
16,16,unloading,1.0,8f8fbd5d8024fd21c2430a1a606f882adf57ca1fc2dbd426a6e50243b464744a,3212,67.0,37.0,interior,-0.0,-0.0,-0.0,-0.0,-0.0,-0.0
16,16,unloading,1.0,8f8fbd5d8024fd21c2430a1a606f882adf57ca1fc2dbd426a6e50243b464744a,3213,68.0,37.0,interior,-0.0,-0.0,-0.0,-0.0,-0.0,-0.0
16,16,unloading,1.0,8f8fbd5d8024fd21c2430a1a606f882adf57ca1fc2dbd426a6e50243b464744a,3214,69.0,37.0,interior,-0.0,-0.0,-0.0,-0.0,-0.0,-0.0
16,16,unloading,1.0,8f8fbd5d8024fd21c2430a1a606f882adf57ca1fc2dbd426a6e50243b464744a,3215,70.0,37.0,interior,-0.0,-0.0,-0.0,-0.0,-0.0,-0.0
16,16,unloading,1.0,8f8fbd5d8024fd21c2430a1a606f882adf57ca1fc2dbd426a6e50243b464744a,3216,71.0,37.0,interior,-0.0,-0.0,-0.0,-0.0,-0.0,-0.0
16,16,unloading,1.0,8f8fbd5d8024fd21c2430a1a606f882adf57ca1fc2dbd426a6e50243b464744a,3217,72.0,37.0,interior,-0.0,-0.0,-0.0,-0.0,-0.0,-0.0
16,16,unloading,1.0,8f8fbd5d8024fd21c2430a1a606f882adf57ca1fc2dbd426a6e50243b464744a,3218,73.0,37.0,interior,-0.0,-0.0,-0.0,-0.0,-0.0,-0.0
16,16,unloading,1.0,8f8fbd5d8024fd21c2430a1a606f882adf57ca1fc2dbd426a6e50243b464744a,3219,74.0,37.0,interior,-0.0,-0.0,-0.0,-0.0,-0.0,-0.0
16,16,unloading,1.0,8f8fbd5d8024fd21c2430a1a606f882adf57ca1fc2dbd426a6e50243b464744a,3220,75.0,37.0,interior,-0.0,-0.0,-0.0,-0.0,-0.0,-0.0
16,16,unloading,1.0,8f8fbd5d8024fd21c2430a1a606f882adf57ca1fc2dbd426a6e50243b464744a,3221,76.0,37.0,interior,-0.0,-0.0,-0.0,-0.0,-0.0,-0.0
16,16,unloading,1.0,8f8fbd5d8024fd21c2430a1a606f882adf57ca1fc2dbd426a6e50243b464744a,3222,77.0,37.0,interior,-0.0,-0.0,-0.0,-0.0,-0.0,-0.0
16,16,unloading,1.0,8f8fbd5d8024fd21c2430a1a606f882adf57ca1fc2dbd426a6e50243b464744a,3223,78.0,37.0,interior,-0.0,-0.0,-0.0,-0.0,-0.0,-0.0
16,16,unloading,1.0,8f8fbd5d8024fd21c2430a1a606f882adf57ca1fc2dbd426a6e50243b464744a,3224,79.0,37.0,interior,-0.0,-0.0,-0.0,-0.0,-0.0,-0.0
16,16,unloading,1.0,8f8fbd5d8024fd21c2430a1a606f882adf57ca1fc2dbd426a6e50243b464744a,3225,80.0,37.0,physical_only,7.459039542893546e-07,-8.30362467153518e-08,5.405007714974954e-07,-6.397783808824328e-07,2.0540318279185931e-07,5.567421341670805e-07
16,16,unloading,1.0,8f8fbd5d8024fd21c2430a1a606f882adf57ca1fc2dbd426a6e50243b464744a,3292,62.0,38.0,physical_only,-5.523343517173488e-06,2.03532958750058e-07,-4.140498311447446e-06,3.4305124162522423e-08,-1.382845205726042e-06,1.6922783458753558e-07
16,16,unloading,1.0,8f8fbd5d8024fd21c2430a1a606f882adf57ca1fc2dbd426a6e50243b464744a,3293,63.0,38.0,interior,-0.0,-0.0,-0.0,-0.0,-0.0,-0.0
16,16,unloading,1.0,8f8fbd5d8024fd21c2430a1a606f882adf57ca1fc2dbd426a6e50243b464744a,3294,64.0,38.0,interior,-0.0,-0.0,-0.0,-0.0,-0.0,-0.0
16,16,unloading,1.0,8f8fbd5d8024fd21c2430a1a606f882adf57ca1fc2dbd426a6e50243b464744a,3295,65.0,38.0,interior,-0.0,-0.0,-0.0,-0.0,-0.0,-0.0
16,16,unloading,1.0,8f8fbd5d8024fd21c2430a1a606f882adf57ca1fc2dbd426a6e50243b464744a,3296,66.0,38.0,interior,-0.0,-0.0,-0.0,-0.0,-0.0,-0.0
16,16,unloading,1.0,8f8fbd5d8024fd21c2430a1a606f882adf57ca1fc2dbd426a6e50243b464744a,3297,67.0,38.0,interior,-0.0,-0.0,-0.0,-0.0,-0.0,-0.0
16,16,unloading,1.0,8f8fbd5d8024fd21c2430a1a606f882adf57ca1fc2dbd426a6e50243b464744a,3298,68.0,38.0,interior,-0.0,-0.0,-0.0,-0.0,-0.0,-0.0
16,16,unloading,1.0,8f8fbd5d8024fd21c2430a1a606f882adf57ca1fc2dbd426a6e50243b464744a,3299,69.0,38.0,interior,-0.0,-0.0,-0.0,-0.0,-0.0,-0.0
16,16,unloading,1.0,8f8fbd5d8024fd21c2430a1a606f882adf57ca1fc2dbd426a6e50243b464744a,3300,70.0,38.0,interior,-0.0,-0.0,-0.0,-0.0,-0.0,-0.0
16,16,unloading,1.0,8f8fbd5d8024fd21c2430a1a606f882adf57ca1fc2dbd426a6e50243b464744a,3301,71.0,38.0,interior,-0.0,-0.0,-0.0,-0.0,-0.0,-0.0
16,16,unloading,1.0,8f8fbd5d8024fd21c2430a1a606f882adf57ca1fc2dbd426a6e50243b464744a,3302,72.0,38.0,interior,-0.0,-0.0,-0.0,-0.0,-0.0,-0.0
16,16,unloading,1.0,8f8fbd5d8024fd21c2430a1a606f882adf57ca1fc2dbd426a6e50243b464744a,3303,73.0,38.0,interior,-0.0,-0.0,-0.0,-0.0,-0.0,-0.0
16,16,unloading,1.0,8f8fbd5d8024fd21c2430a1a606f882adf57ca1fc2dbd426a6e50243b464744a,3304,74.0,38.0,interior,-0.0,-0.0,-0.0,-0.0,-0.0,-0.0
16,16,unloading,1.0,8f8fbd5d8024fd21c2430a1a606f882adf57ca1fc2dbd426a6e50243b464744a,3305,75.0,38.0,interior,-0.0,-0.0,-0.0,-0.0,-0.0,-0.0
16,16,unloading,1.0,8f8fbd5d8024fd21c2430a1a606f882adf57ca1fc2dbd426a6e50243b464744a,3306,76.0,38.0,interior,-0.0,-0.0,-0.0,-0.0,-0.0,-0.0
16,16,unloading,1.0,8f8fbd5d8024fd21c2430a1a606f882adf57ca1fc2dbd426a6e50243b464744a,3307,77.0,38.0,interior,-0.0,-0.0,-0.0,-0.0,-0.0,-0.0
16,16,unloading,1.0,8f8fbd5d8024fd21c2430a1a606f882adf57ca1fc2dbd426a6e50243b464744a,3308,78.0,38.0,interior,-0.0,-0.0,-0.0,-0.0,-0.0,-0.0
16,16,unloading,1.0,8f8fbd5d8024fd21c2430a1a606f882adf57ca1fc2dbd426a6e50243b464744a,3309,79.0,38.0,interior,-0.0,-0.0,-0.0,-0.0,-0.0,-0.0
16,16,unloading,1.0,8f8fbd5d8024fd21c2430a1a606f882adf57ca1fc2dbd426a6e50243b464744a,3310,80.0,38.0,physical_only,7.401467103694352e-07,-5.47477844668314e-08,5.444812835671478e-07,-4.2548111137462274e-07,1.956654268022874e-07,3.7073332690779537e-07
16,16,unloading,1.0,8f8fbd5d8024fd21c2430a1a606f882adf57ca1fc2dbd426a6e50243b464744a,3377,62.0,39.0,physical_only,-5.598410641987763e-06,1.0766351925160961e-07,-4.1843668722860526e-06,1.7664644933617633e-08,-1.414043769701711e-06,8.999887431799187e-08
16,16,unloading,1.0,8f8fbd5d8024fd21c2430a1a606f882adf57ca1fc2dbd426a6e50243b464744a,3378,63.0,39.0,interior,-0.0,-0.0,-0.0,-0.0,-0.0,-0.0
16,16,unloading,1.0,8f8fbd5d8024fd21c2430a1a606f882adf57ca1fc2dbd426a6e50243b464744a,3379,64.0,39.0,interior,-0.0,-0.0,-0.0,-0.0,-0.0,-0.0
16,16,unloading,1.0,8f8fbd5d8024fd21c2430a1a606f882adf57ca1fc2dbd426a6e50243b464744a,3380,65.0,39.0,interior,-0.0,-0.0,-0.0,-0.0,-0.0,-0.0
16,16,unloading,1.0,8f8fbd5d8024fd21c2430a1a606f882adf57ca1fc2dbd426a6e50243b464744a,3381,66.0,39.0,interior,-0.0,-0.0,-0.0,-0.0,-0.0,-0.0
16,16,unloading,1.0,8f8fbd5d8024fd21c2430a1a606f882adf57ca1fc2dbd426a6e50243b464744a,3382,67.0,39.0,interior,-0.0,-0.0,-0.0,-0.0,-0.0,-0.0
16,16,unloading,1.0,8f8fbd5d8024fd21c2430a1a606f882adf57ca1fc2dbd426a6e50243b464744a,3383,68.0,39.0,interior,-0.0,-0.0,-0.0,-0.0,-0.0,-0.0
16,16,unloading,1.0,8f8fbd5d8024fd21c2430a1a606f882adf57ca1fc2dbd426a6e50243b464744a,3384,69.0,39.0,interior,-0.0,-0.0,-0.0,-0.0,-0.0,-0.0
16,16,unloading,1.0,8f8fbd5d8024fd21c2430a1a606f882adf57ca1fc2dbd426a6e50243b464744a,3385,70.0,39.0,interior,-0.0,-0.0,-0.0,-0.0,-0.0,-0.0
16,16,unloading,1.0,8f8fbd5d8024fd21c2430a1a606f882adf57ca1fc2dbd426a6e50243b464744a,3386,71.0,39.0,interior,-0.0,-0.0,-0.0,-0.0,-0.0,-0.0
16,16,unloading,1.0,8f8fbd5d8024fd21c2430a1a606f882adf57ca1fc2dbd426a6e50243b464744a,3387,72.0,39.0,interior,-0.0,-0.0,-0.0,-0.0,-0.0,-0.0
16,16,unloading,1.0,8f8fbd5d8024fd21c2430a1a606f882adf57ca1fc2dbd426a6e50243b464744a,3388,73.0,39.0,interior,-0.0,-0.0,-0.0,-0.0,-0.0,-0.0
16,16,unloading,1.0,8f8fbd5d8024fd21c2430a1a606f882adf57ca1fc2dbd426a6e50243b464744a,3389,74.0,39.0,interior,-0.0,-0.0,-0.0,-0.0,-0.0,-0.0
16,16,unloading,1.0,8f8fbd5d8024fd21c2430a1a606f882adf57ca1fc2dbd426a6e50243b464744a,3390,75.0,39.0,interior,-0.0,-0.0,-0.0,-0.0,-0.0,-0.0
16,16,unloading,1.0,8f8fbd5d8024fd21c2430a1a606f882adf57ca1fc2dbd426a6e50243b464744a,3391,76.0,39.0,interior,-0.0,-0.0,-0.0,-0.0,-0.0,-0.0
16,16,unloading,1.0,8f8fbd5d8024fd21c2430a1a606f882adf57ca1fc2dbd426a6e50243b464744a,3392,77.0,39.0,interior,-0.0,-0.0,-0.0,-0.0,-0.0,-0.0
16,16,unloading,1.0,8f8fbd5d8024fd21c2430a1a606f882adf57ca1fc2dbd426a6e50243b464744a,3393,78.0,39.0,interior,-0.0,-0.0,-0.0,-0.0,-0.0,-0.0
16,16,unloading,1.0,8f8fbd5d8024fd21c2430a1a606f882adf57ca1fc2dbd426a6e50243b464744a,3394,79.0,39.0,interior,-0.0,-0.0,-0.0,-0.0,-0.0,-0.0
16,16,unloading,1.0,8f8fbd5d8024fd21c2430a1a606f882adf57ca1fc2dbd426a6e50243b464744a,3395,80.0,39.0,physical_only,7.366871690526495e-07,-2.7194791996631442e-08,5.468234485578569e-07,-2.124287578241919e-07,1.8986372049479258e-07,1.8523396582755946e-07
16,16,unloading,1.0,8f8fbd5d8024fd21c2430a1a606f882adf57ca1fc2dbd426a6e50243b464744a,3462,62.0,40.0,physical_and_cut,-2.8112653911253346e-06,-1.8349582378811008e-06,-2.099560039639758e-06,-9.55889119243562e-07,-7.117053514855768e-07,-8.790691186375389e-07
16,16,unloading,1.0,8f8fbd5d8024fd21c2430a1a606f882adf57ca1fc2dbd426a6e50243b464744a,3463,63.0,40.0,cut_only,-0.0,-0.0,-0.0,-0.0,-0.0,-0.0
16,16,unloading,1.0,8f8fbd5d8024fd21c2430a1a606f882adf57ca1fc2dbd426a6e50243b464744a,3464,64.0,40.0,cut_only,-0.0,-0.0,-0.0,-0.0,-0.0,-0.0
16,16,unloading,1.0,8f8fbd5d8024fd21c2430a1a606f882adf57ca1fc2dbd426a6e50243b464744a,3465,65.0,40.0,cut_only,-0.0,-0.0,-0.0,-0.0,-0.0,-0.0
16,16,unloading,1.0,8f8fbd5d8024fd21c2430a1a606f882adf57ca1fc2dbd426a6e50243b464744a,3466,66.0,40.0,cut_only,-0.0,-0.0,-0.0,-0.0,-0.0,-0.0
16,16,unloading,1.0,8f8fbd5d8024fd21c2430a1a606f882adf57ca1fc2dbd426a6e50243b464744a,3467,67.0,40.0,cut_only,-0.0,-0.0,-0.0,-0.0,-0.0,-0.0
16,16,unloading,1.0,8f8fbd5d8024fd21c2430a1a606f882adf57ca1fc2dbd426a6e50243b464744a,3468,68.0,40.0,cut_only,-0.0,-0.0,-0.0,-0.0,-0.0,-0.0
16,16,unloading,1.0,8f8fbd5d8024fd21c2430a1a606f882adf57ca1fc2dbd426a6e50243b464744a,3469,69.0,40.0,cut_only,-0.0,-0.0,-0.0,-0.0,-0.0,-0.0
16,16,unloading,1.0,8f8fbd5d8024fd21c2430a1a606f882adf57ca1fc2dbd426a6e50243b464744a,3470,70.0,40.0,cut_only,-0.0,-0.0,-0.0,-0.0,-0.0,-0.0
16,16,unloading,1.0,8f8fbd5d8024fd21c2430a1a606f882adf57ca1fc2dbd426a6e50243b464744a,3471,71.0,40.0,cut_only,-0.0,-0.0,-0.0,-0.0,-0.0,-0.0
16,16,unloading,1.0,8f8fbd5d8024fd21c2430a1a606f882adf57ca1fc2dbd426a6e50243b464744a,3472,72.0,40.0,cut_only,-0.0,-0.0,-0.0,-0.0,-0.0,-0.0
16,16,unloading,1.0,8f8fbd5d8024fd21c2430a1a606f882adf57ca1fc2dbd426a6e50243b464744a,3473,73.0,40.0,cut_only,-0.0,-0.0,-0.0,-0.0,-0.0,-0.0
16,16,unloading,1.0,8f8fbd5d8024fd21c2430a1a606f882adf57ca1fc2dbd426a6e50243b464744a,3474,74.0,40.0,cut_only,-0.0,-0.0,-0.0,-0.0,-0.0,-0.0
16,16,unloading,1.0,8f8fbd5d8024fd21c2430a1a606f882adf57ca1fc2dbd426a6e50243b464744a,3475,75.0,40.0,cut_only,-0.0,-0.0,-0.0,-0.0,-0.0,-0.0
16,16,unloading,1.0,8f8fbd5d8024fd21c2430a1a606f882adf57ca1fc2dbd426a6e50243b464744a,3476,76.0,40.0,cut_only,-0.0,-0.0,-0.0,-0.0,-0.0,-0.0
16,16,unloading,1.0,8f8fbd5d8024fd21c2430a1a606f882adf57ca1fc2dbd426a6e50243b464744a,3477,77.0,40.0,cut_only,-0.0,-0.0,-0.0,-0.0,-0.0,-0.0
16,16,unloading,1.0,8f8fbd5d8024fd21c2430a1a606f882adf57ca1fc2dbd426a6e50243b464744a,3478,78.0,40.0,cut_only,-0.0,-0.0,-0.0,-0.0,-0.0,-0.0
16,16,unloading,1.0,8f8fbd5d8024fd21c2430a1a606f882adf57ca1fc2dbd426a6e50243b464744a,3479,79.0,40.0,cut_only,-0.0,-0.0,-0.0,-0.0,-0.0,-0.0
16,16,unloading,1.0,8f8fbd5d8024fd21c2430a1a606f882adf57ca1fc2dbd426a6e50243b464744a,3480,80.0,40.0,physical_and_cut,3.6776660493180795e-07,5.6552616010714304e-05,2.7379825225700995e-07,-2.1978425712534164e-07,9.396835267479796e-08,5.677240026783965e-05
17,17,unloading,0.9,e2dd8f766261fe665fbfe7e6cac7402ed56c06ae021afe9b910f46e17f71aba5,2697,62.0,31.0,physical_only,-0.0004457485691553846,-6.925295025626162e-05,-5.729335742343232e-06,6.423001440663342e-06,-0.0004400192334130414,-7.567595169692493e-05
17,17,unloading,0.9,e2dd8f766261fe665fbfe7e6cac7402ed56c06ae021afe9b910f46e17f71aba5,2698,63.0,31.0,physical_only,-1.248305312293714e-06,-5.868269485923342e-05,-3.1917869801978862e-06,7.389147411864209e-06,1.943481667904172e-06,-6.607184227109766e-05
17,17,unloading,0.9,e2dd8f766261fe665fbfe7e6cac7402ed56c06ae021afe9b910f46e17f71aba5,2699,64.0,31.0,physical_only,1.2320769952593125e-06,-7.841328887533972e-05,-3.2649055125179233e-06,9.495197556379043e-06,4.496982507777236e-06,-8.790848643171878e-05
17,17,unloading,0.9,e2dd8f766261fe665fbfe7e6cac7402ed56c06ae021afe9b910f46e17f71aba5,2700,65.0,31.0,physical_only,1.981218398114994e-06,-0.00010641061761381678,-3.3566331886873235e-06,1.1920543660818391e-05,5.337851586802318e-06,-0.00011833116127463514
17,17,unloading,0.9,e2dd8f766261fe665fbfe7e6cac7402ed56c06ae021afe9b910f46e17f71aba5,2701,66.0,31.0,physical_only,8.592016492195117e-07,-0.00014026331676851068,-3.4680492817941358e-06,1.4768232020432365e-05,4.327250931013647e-06,-0.00015503154878894303
17,17,unloading,0.9,e2dd8f766261fe665fbfe7e6cac7402ed56c06ae021afe9b910f46e17f71aba5,2702,67.0,31.0,physical_only,-1.181489636129101e-06,-0.00017944068323249185,-3.5972161974941957e-06,1.8161357224713407e-05,2.4157265613650946e-06,-0.00019760204045720525
17,17,unloading,0.9,e2dd8f766261fe665fbfe7e6cac7402ed56c06ae021afe9b910f46e17f71aba5,2703,68.0,31.0,physical_only,-1.3928304681847832e-06,-0.00022705755257067695,-3.7454228863364664e-06,2.2256152085620646e-05,2.3525924181516853e-06,-0.00024931370465629754
17,17,unloading,0.9,e2dd8f766261fe665fbfe7e6cac7402ed56c06ae021afe9b910f46e17f71aba5,2704,69.0,31.0,physical_only,-2.0381399320027796e-06,-0.00028651788793346267,-3.91761075445496e-06,2.72677668846265e-05,1.879470822452179e-06,-0.0003137856548180891
17,17,unloading,0.9,e2dd8f766261fe665fbfe7e6cac7402ed56c06ae021afe9b910f46e17f71aba5,2705,70.0,31.0,physical_only,-2.9672306180677576e-06,-0.0003586030813590728,-4.122604652006021e-06,3.350754015260768e-05,1.155374033938267e-06,-0.00039211062151168043
17,17,unloading,0.9,e2dd8f766261fe665fbfe7e6cac7402ed56c06ae021afe9b910f46e17f71aba5,2706,71.0,31.0,physical_only,-4.13257095143093e-06,-0.00044517667186896805,-4.372828479337185e-06,4.143938388309061e-05,2.402575279062514e-07,-0.00048661605575205883
17,17,unloading,0.9,e2dd8f766261fe665fbfe7e6cac7402ed56c06ae021afe9b910f46e17f71aba5,2707,72.0,31.0,physical_only,-5.286792701263496e-06,-0.0005481937675954761,-4.687624795199669e-06,5.1783061155241206e-05,-5.991679060638277e-07,-0.0005999768287507173
17,17,unloading,0.9,e2dd8f766261fe665fbfe7e6cac7402ed56c06ae021afe9b910f46e17f71aba5,2708,73.0,31.0,physical_only,-6.2284868874944116e-06,-0.0006684934861240365,-5.097928770431599e-06,6.571132967475078e-05,-1.1305581170628103e-06,-0.000734204815798787
17,17,unloading,0.9,e2dd8f766261fe665fbfe7e6cac7402ed56c06ae021afe9b910f46e17f71aba5,2709,74.0,31.0,physical_only,-1.2090861242257741e-06,-0.0008114582377205448,-5.6591002153417695e-06,8.526765080230663e-05,4.4500140911159894e-06,-0.0008967258885228509
17,17,unloading,0.9,e2dd8f766261fe665fbfe7e6cac7402ed56c06ae021afe9b910f46e17f71aba5,2710,75.0,31.0,physical_only,8.337882158938497e-06,-0.0009927502677232513,-6.4811131709914705e-06,0.00011436978911759225,1.4818995329929973e-05,-0.0011071200568408433
17,17,unloading,0.9,e2dd8f766261fe665fbfe7e6cac7402ed56c06ae021afe9b910f46e17f71aba5,2711,76.0,31.0,physical_only,1.3915647198389924e-05,-0.0012272462186119389,-7.805474934767313e-06,0.00016158605976945444,2.1721122133157236e-05,-0.001388832278381394
17,17,unloading,0.9,e2dd8f766261fe665fbfe7e6cac7402ed56c06ae021afe9b910f46e17f71aba5,2712,77.0,31.0,physical_only,-1.062214047706241e-05,-0.0014637095851905502,-1.0224494667624048e-05,0.0002493382556742704,-3.976458094383733e-07,-0.001713047840864821
17,17,unloading,0.9,e2dd8f766261fe665fbfe7e6cac7402ed56c06ae021afe9b910f46e17f71aba5,2713,78.0,31.0,physical_only,-5.197039601573589e-05,-0.0016215755472888636,-1.5830448802146992e-05,0.0004587862641740565,-3.613994721358889e-05,-0.0020803618114629188
17,17,unloading,0.9,e2dd8f766261fe665fbfe7e6cac7402ed56c06ae021afe9b910f46e17f71aba5,2714,79.0,31.0,physical_only,-0.00015197170683965458,0.0001274782693139638,-3.835666015870465e-05,0.0014298060203819204,-0.00011361504668094992,-0.0013023277510679568
17,17,unloading,0.9,e2dd8f766261fe665fbfe7e6cac7402ed56c06ae021afe9b910f46e17f71aba5,2715,80.0,31.0,physical_only,-1.7011778135855011e-06,0.02353171344913772,-0.00032699990809000447,0.010402908462816772,0.00032529873027641894,0.013128804986320948
17,17,unloading,0.9,e2dd8f766261fe665fbfe7e6cac7402ed56c06ae021afe9b910f46e17f71aba5,2782,62.0,32.0,physical_only,-7.152726595969249e-06,-1.1092185220996644e-06,-3.3210946193085075e-06,1.3720798990718722e-07,-3.831631976660741e-06,-1.2464265120068522e-06
17,17,unloading,0.9,e2dd8f766261fe665fbfe7e6cac7402ed56c06ae021afe9b910f46e17f71aba5,2783,63.0,32.0,interior,-0.0,-0.0,-0.0,-0.0,-0.0,-0.0
17,17,unloading,0.9,e2dd8f766261fe665fbfe7e6cac7402ed56c06ae021afe9b910f46e17f71aba5,2784,64.0,32.0,interior,-0.0,-0.0,-0.0,-0.0,-0.0,-0.0
17,17,unloading,0.9,e2dd8f766261fe665fbfe7e6cac7402ed56c06ae021afe9b910f46e17f71aba5,2785,65.0,32.0,interior,-0.0,-0.0,-0.0,-0.0,-0.0,-0.0
17,17,unloading,0.9,e2dd8f766261fe665fbfe7e6cac7402ed56c06ae021afe9b910f46e17f71aba5,2786,66.0,32.0,interior,-0.0,-0.0,-0.0,-0.0,-0.0,-0.0
17,17,unloading,0.9,e2dd8f766261fe665fbfe7e6cac7402ed56c06ae021afe9b910f46e17f71aba5,2787,67.0,32.0,interior,-0.0,-0.0,-0.0,-0.0,-0.0,-0.0
17,17,unloading,0.9,e2dd8f766261fe665fbfe7e6cac7402ed56c06ae021afe9b910f46e17f71aba5,2788,68.0,32.0,interior,-0.0,-0.0,-0.0,-0.0,-0.0,-0.0
17,17,unloading,0.9,e2dd8f766261fe665fbfe7e6cac7402ed56c06ae021afe9b910f46e17f71aba5,2789,69.0,32.0,interior,-0.0,-0.0,-0.0,-0.0,-0.0,-0.0
17,17,unloading,0.9,e2dd8f766261fe665fbfe7e6cac7402ed56c06ae021afe9b910f46e17f71aba5,2790,70.0,32.0,interior,-0.0,-0.0,-0.0,-0.0,-0.0,-0.0
17,17,unloading,0.9,e2dd8f766261fe665fbfe7e6cac7402ed56c06ae021afe9b910f46e17f71aba5,2791,71.0,32.0,interior,-0.0,-0.0,-0.0,-0.0,-0.0,-0.0
17,17,unloading,0.9,e2dd8f766261fe665fbfe7e6cac7402ed56c06ae021afe9b910f46e17f71aba5,2792,72.0,32.0,interior,-0.0,-0.0,-0.0,-0.0,-0.0,-0.0
17,17,unloading,0.9,e2dd8f766261fe665fbfe7e6cac7402ed56c06ae021afe9b910f46e17f71aba5,2793,73.0,32.0,interior,-0.0,-0.0,-0.0,-0.0,-0.0,-0.0
17,17,unloading,0.9,e2dd8f766261fe665fbfe7e6cac7402ed56c06ae021afe9b910f46e17f71aba5,2794,74.0,32.0,interior,-0.0,-0.0,-0.0,-0.0,-0.0,-0.0
17,17,unloading,0.9,e2dd8f766261fe665fbfe7e6cac7402ed56c06ae021afe9b910f46e17f71aba5,2795,75.0,32.0,interior,-0.0,-0.0,-0.0,-0.0,-0.0,-0.0
17,17,unloading,0.9,e2dd8f766261fe665fbfe7e6cac7402ed56c06ae021afe9b910f46e17f71aba5,2796,76.0,32.0,interior,-0.0,-0.0,-0.0,-0.0,-0.0,-0.0
17,17,unloading,0.9,e2dd8f766261fe665fbfe7e6cac7402ed56c06ae021afe9b910f46e17f71aba5,2797,77.0,32.0,interior,-0.0,-0.0,-0.0,-0.0,-0.0,-0.0
17,17,unloading,0.9,e2dd8f766261fe665fbfe7e6cac7402ed56c06ae021afe9b910f46e17f71aba5,2798,78.0,32.0,interior,-0.0,-0.0,-0.0,-0.0,-0.0,-0.0
17,17,unloading,0.9,e2dd8f766261fe665fbfe7e6cac7402ed56c06ae021afe9b910f46e17f71aba5,2799,79.0,32.0,interior,-0.0,-0.0,-0.0,-0.0,-0.0,-0.0
17,17,unloading,0.9,e2dd8f766261fe665fbfe7e6cac7402ed56c06ae021afe9b910f46e17f71aba5,2800,80.0,32.0,physical_only,7.929794658003989e-07,-2.493814419409507e-07,5.025082726724794e-07,-1.7109253935501904e-06,2.9047119312791936e-07,1.461543951609238e-06
17,17,unloading,0.9,e2dd8f766261fe665fbfe7e6cac7402ed56c06ae021afe9b910f46e17f71aba5,2867,62.0,33.0,physical_only,-5.8601834366517e-06,-7.139749102865232e-07,-3.5389765819681485e-06,1.0702861236253457e-07,-2.321206854683551e-06,-8.210035226490577e-07
17,17,unloading,0.9,e2dd8f766261fe665fbfe7e6cac7402ed56c06ae021afe9b910f46e17f71aba5,2868,63.0,33.0,interior,-0.0,-0.0,-0.0,-0.0,-0.0,-0.0
17,17,unloading,0.9,e2dd8f766261fe665fbfe7e6cac7402ed56c06ae021afe9b910f46e17f71aba5,2869,64.0,33.0,interior,-0.0,-0.0,-0.0,-0.0,-0.0,-0.0
17,17,unloading,0.9,e2dd8f766261fe665fbfe7e6cac7402ed56c06ae021afe9b910f46e17f71aba5,2870,65.0,33.0,interior,-0.0,-0.0,-0.0,-0.0,-0.0,-0.0
17,17,unloading,0.9,e2dd8f766261fe665fbfe7e6cac7402ed56c06ae021afe9b910f46e17f71aba5,2871,66.0,33.0,interior,-0.0,-0.0,-0.0,-0.0,-0.0,-0.0
17,17,unloading,0.9,e2dd8f766261fe665fbfe7e6cac7402ed56c06ae021afe9b910f46e17f71aba5,2872,67.0,33.0,interior,-0.0,-0.0,-0.0,-0.0,-0.0,-0.0
17,17,unloading,0.9,e2dd8f766261fe665fbfe7e6cac7402ed56c06ae021afe9b910f46e17f71aba5,2873,68.0,33.0,interior,-0.0,-0.0,-0.0,-0.0,-0.0,-0.0
17,17,unloading,0.9,e2dd8f766261fe665fbfe7e6cac7402ed56c06ae021afe9b910f46e17f71aba5,2874,69.0,33.0,interior,-0.0,-0.0,-0.0,-0.0,-0.0,-0.0
17,17,unloading,0.9,e2dd8f766261fe665fbfe7e6cac7402ed56c06ae021afe9b910f46e17f71aba5,2875,70.0,33.0,interior,-0.0,-0.0,-0.0,-0.0,-0.0,-0.0
17,17,unloading,0.9,e2dd8f766261fe665fbfe7e6cac7402ed56c06ae021afe9b910f46e17f71aba5,2876,71.0,33.0,interior,-0.0,-0.0,-0.0,-0.0,-0.0,-0.0
17,17,unloading,0.9,e2dd8f766261fe665fbfe7e6cac7402ed56c06ae021afe9b910f46e17f71aba5,2877,72.0,33.0,interior,-0.0,-0.0,-0.0,-0.0,-0.0,-0.0
17,17,unloading,0.9,e2dd8f766261fe665fbfe7e6cac7402ed56c06ae021afe9b910f46e17f71aba5,2878,73.0,33.0,interior,-0.0,-0.0,-0.0,-0.0,-0.0,-0.0
17,17,unloading,0.9,e2dd8f766261fe665fbfe7e6cac7402ed56c06ae021afe9b910f46e17f71aba5,2879,74.0,33.0,interior,-0.0,-0.0,-0.0,-0.0,-0.0,-0.0
17,17,unloading,0.9,e2dd8f766261fe665fbfe7e6cac7402ed56c06ae021afe9b910f46e17f71aba5,2880,75.0,33.0,interior,-0.0,-0.0,-0.0,-0.0,-0.0,-0.0
17,17,unloading,0.9,e2dd8f766261fe665fbfe7e6cac7402ed56c06ae021afe9b910f46e17f71aba5,2881,76.0,33.0,interior,-0.0,-0.0,-0.0,-0.0,-0.0,-0.0
17,17,unloading,0.9,e2dd8f766261fe665fbfe7e6cac7402ed56c06ae021afe9b910f46e17f71aba5,2882,77.0,33.0,interior,-0.0,-0.0,-0.0,-0.0,-0.0,-0.0
17,17,unloading,0.9,e2dd8f766261fe665fbfe7e6cac7402ed56c06ae021afe9b910f46e17f71aba5,2883,78.0,33.0,interior,-0.0,-0.0,-0.0,-0.0,-0.0,-0.0
17,17,unloading,0.9,e2dd8f766261fe665fbfe7e6cac7402ed56c06ae021afe9b910f46e17f71aba5,2884,79.0,33.0,interior,-0.0,-0.0,-0.0,-0.0,-0.0,-0.0
17,17,unloading,0.9,e2dd8f766261fe665fbfe7e6cac7402ed56c06ae021afe9b910f46e17f71aba5,2885,80.0,33.0,physical_only,7.767139739640839e-07,-2.0985873042746227e-07,5.155848046939756e-07,-1.486455322392814e-06,2.611291692701084e-07,1.2765965919653565e-06
17,17,unloading,0.9,e2dd8f766261fe665fbfe7e6cac7402ed56c06ae021afe9b910f46e17f71aba5,2952,62.0,34.0,physical_only,-5.2755784121175334e-06,-2.772005817162112e-07,-3.7137073413150352e-06,8.788711391016653e-08,-1.5618710708024982e-06,-3.6508769562637785e-07
17,17,unloading,0.9,e2dd8f766261fe665fbfe7e6cac7402ed56c06ae021afe9b910f46e17f71aba5,2953,63.0,34.0,interior,-0.0,-0.0,-0.0,-0.0,-0.0,-0.0
17,17,unloading,0.9,e2dd8f766261fe665fbfe7e6cac7402ed56c06ae021afe9b910f46e17f71aba5,2954,64.0,34.0,interior,-0.0,-0.0,-0.0,-0.0,-0.0,-0.0
17,17,unloading,0.9,e2dd8f766261fe665fbfe7e6cac7402ed56c06ae021afe9b910f46e17f71aba5,2955,65.0,34.0,interior,-0.0,-0.0,-0.0,-0.0,-0.0,-0.0
17,17,unloading,0.9,e2dd8f766261fe665fbfe7e6cac7402ed56c06ae021afe9b910f46e17f71aba5,2956,66.0,34.0,interior,-0.0,-0.0,-0.0,-0.0,-0.0,-0.0
17,17,unloading,0.9,e2dd8f766261fe665fbfe7e6cac7402ed56c06ae021afe9b910f46e17f71aba5,2957,67.0,34.0,interior,-0.0,-0.0,-0.0,-0.0,-0.0,-0.0
17,17,unloading,0.9,e2dd8f766261fe665fbfe7e6cac7402ed56c06ae021afe9b910f46e17f71aba5,2958,68.0,34.0,interior,-0.0,-0.0,-0.0,-0.0,-0.0,-0.0
17,17,unloading,0.9,e2dd8f766261fe665fbfe7e6cac7402ed56c06ae021afe9b910f46e17f71aba5,2959,69.0,34.0,interior,-0.0,-0.0,-0.0,-0.0,-0.0,-0.0
17,17,unloading,0.9,e2dd8f766261fe665fbfe7e6cac7402ed56c06ae021afe9b910f46e17f71aba5,2960,70.0,34.0,interior,-0.0,-0.0,-0.0,-0.0,-0.0,-0.0
17,17,unloading,0.9,e2dd8f766261fe665fbfe7e6cac7402ed56c06ae021afe9b910f46e17f71aba5,2961,71.0,34.0,interior,-0.0,-0.0,-0.0,-0.0,-0.0,-0.0
17,17,unloading,0.9,e2dd8f766261fe665fbfe7e6cac7402ed56c06ae021afe9b910f46e17f71aba5,2962,72.0,34.0,interior,-0.0,-0.0,-0.0,-0.0,-0.0,-0.0
17,17,unloading,0.9,e2dd8f766261fe665fbfe7e6cac7402ed56c06ae021afe9b910f46e17f71aba5,2963,73.0,34.0,interior,-0.0,-0.0,-0.0,-0.0,-0.0,-0.0
17,17,unloading,0.9,e2dd8f766261fe665fbfe7e6cac7402ed56c06ae021afe9b910f46e17f71aba5,2964,74.0,34.0,interior,-0.0,-0.0,-0.0,-0.0,-0.0,-0.0
17,17,unloading,0.9,e2dd8f766261fe665fbfe7e6cac7402ed56c06ae021afe9b910f46e17f71aba5,2965,75.0,34.0,interior,-0.0,-0.0,-0.0,-0.0,-0.0,-0.0
17,17,unloading,0.9,e2dd8f766261fe665fbfe7e6cac7402ed56c06ae021afe9b910f46e17f71aba5,2966,76.0,34.0,interior,-0.0,-0.0,-0.0,-0.0,-0.0,-0.0
17,17,unloading,0.9,e2dd8f766261fe665fbfe7e6cac7402ed56c06ae021afe9b910f46e17f71aba5,2967,77.0,34.0,interior,-0.0,-0.0,-0.0,-0.0,-0.0,-0.0
17,17,unloading,0.9,e2dd8f766261fe665fbfe7e6cac7402ed56c06ae021afe9b910f46e17f71aba5,2968,78.0,34.0,interior,-0.0,-0.0,-0.0,-0.0,-0.0,-0.0
17,17,unloading,0.9,e2dd8f766261fe665fbfe7e6cac7402ed56c06ae021afe9b910f46e17f71aba5,2969,79.0,34.0,interior,-0.0,-0.0,-0.0,-0.0,-0.0,-0.0
17,17,unloading,0.9,e2dd8f766261fe665fbfe7e6cac7402ed56c06ae021afe9b910f46e17f71aba5,2970,80.0,34.0,physical_only,7.623827142867756e-07,-1.7418903727169164e-07,5.26233232751825e-07,-1.266181226780031e-06,2.361494815349504e-07,1.0919921895083352e-06
17,17,unloading,0.9,e2dd8f766261fe665fbfe7e6cac7402ed56c06ae021afe9b910f46e17f71aba5,3037,62.0,35.0,physical_only,-5.128093755555485e-06,5.02958457999568e-08,-3.857548488448198e-06,7.439279368595871e-08,-1.270545267107286e-06,-2.4096947886001863e-08
17,17,unloading,0.9,e2dd8f766261fe665fbfe7e6cac7402ed56c06ae021afe9b910f46e17f71aba5,3038,63.0,35.0,interior,-0.0,-0.0,-0.0,-0.0,-0.0,-0.0
17,17,unloading,0.9,e2dd8f766261fe665fbfe7e6cac7402ed56c06ae021afe9b910f46e17f71aba5,3039,64.0,35.0,interior,-0.0,-0.0,-0.0,-0.0,-0.0,-0.0
17,17,unloading,0.9,e2dd8f766261fe665fbfe7e6cac7402ed56c06ae021afe9b910f46e17f71aba5,3040,65.0,35.0,interior,-0.0,-0.0,-0.0,-0.0,-0.0,-0.0
17,17,unloading,0.9,e2dd8f766261fe665fbfe7e6cac7402ed56c06ae021afe9b910f46e17f71aba5,3041,66.0,35.0,interior,-0.0,-0.0,-0.0,-0.0,-0.0,-0.0
17,17,unloading,0.9,e2dd8f766261fe665fbfe7e6cac7402ed56c06ae021afe9b910f46e17f71aba5,3042,67.0,35.0,interior,-0.0,-0.0,-0.0,-0.0,-0.0,-0.0
17,17,unloading,0.9,e2dd8f766261fe665fbfe7e6cac7402ed56c06ae021afe9b910f46e17f71aba5,3043,68.0,35.0,interior,-0.0,-0.0,-0.0,-0.0,-0.0,-0.0
17,17,unloading,0.9,e2dd8f766261fe665fbfe7e6cac7402ed56c06ae021afe9b910f46e17f71aba5,3044,69.0,35.0,interior,-0.0,-0.0,-0.0,-0.0,-0.0,-0.0
17,17,unloading,0.9,e2dd8f766261fe665fbfe7e6cac7402ed56c06ae021afe9b910f46e17f71aba5,3045,70.0,35.0,interior,-0.0,-0.0,-0.0,-0.0,-0.0,-0.0
17,17,unloading,0.9,e2dd8f766261fe665fbfe7e6cac7402ed56c06ae021afe9b910f46e17f71aba5,3046,71.0,35.0,interior,-0.0,-0.0,-0.0,-0.0,-0.0,-0.0
17,17,unloading,0.9,e2dd8f766261fe665fbfe7e6cac7402ed56c06ae021afe9b910f46e17f71aba5,3047,72.0,35.0,interior,-0.0,-0.0,-0.0,-0.0,-0.0,-0.0
17,17,unloading,0.9,e2dd8f766261fe665fbfe7e6cac7402ed56c06ae021afe9b910f46e17f71aba5,3048,73.0,35.0,interior,-0.0,-0.0,-0.0,-0.0,-0.0,-0.0
17,17,unloading,0.9,e2dd8f766261fe665fbfe7e6cac7402ed56c06ae021afe9b910f46e17f71aba5,3049,74.0,35.0,interior,-0.0,-0.0,-0.0,-0.0,-0.0,-0.0
17,17,unloading,0.9,e2dd8f766261fe665fbfe7e6cac7402ed56c06ae021afe9b910f46e17f71aba5,3050,75.0,35.0,interior,-0.0,-0.0,-0.0,-0.0,-0.0,-0.0
17,17,unloading,0.9,e2dd8f766261fe665fbfe7e6cac7402ed56c06ae021afe9b910f46e17f71aba5,3051,76.0,35.0,interior,-0.0,-0.0,-0.0,-0.0,-0.0,-0.0
17,17,unloading,0.9,e2dd8f766261fe665fbfe7e6cac7402ed56c06ae021afe9b910f46e17f71aba5,3052,77.0,35.0,interior,-0.0,-0.0,-0.0,-0.0,-0.0,-0.0
17,17,unloading,0.9,e2dd8f766261fe665fbfe7e6cac7402ed56c06ae021afe9b910f46e17f71aba5,3053,78.0,35.0,interior,-0.0,-0.0,-0.0,-0.0,-0.0,-0.0
17,17,unloading,0.9,e2dd8f766261fe665fbfe7e6cac7402ed56c06ae021afe9b910f46e17f71aba5,3054,79.0,35.0,interior,-0.0,-0.0,-0.0,-0.0,-0.0,-0.0
17,17,unloading,0.9,e2dd8f766261fe665fbfe7e6cac7402ed56c06ae021afe9b910f46e17f71aba5,3055,80.0,35.0,physical_only,7.501280238831637e-07,-1.4141664293063685e-07,5.347531857017427e-07,-1.0495384578953464e-06,2.1537483818142099e-07,9.081218149647099e-07
17,17,unloading,0.9,e2dd8f766261fe665fbfe7e6cac7402ed56c06ae021afe9b910f46e17f71aba5,3122,62.0,36.0,physical_only,-5.203221948489949e-06,2.104908756428279e-07,-3.9758972443829e-06,6.235455060470054e-08,-1.2273247041070505e-06,1.481363250381273e-07
17,17,unloading,0.9,e2dd8f766261fe665fbfe7e6cac7402ed56c06ae021afe9b910f46e17f71aba5,3123,63.0,36.0,interior,-0.0,-0.0,-0.0,-0.0,-0.0,-0.0
17,17,unloading,0.9,e2dd8f766261fe665fbfe7e6cac7402ed56c06ae021afe9b910f46e17f71aba5,3124,64.0,36.0,interior,-0.0,-0.0,-0.0,-0.0,-0.0,-0.0
17,17,unloading,0.9,e2dd8f766261fe665fbfe7e6cac7402ed56c06ae021afe9b910f46e17f71aba5,3125,65.0,36.0,interior,-0.0,-0.0,-0.0,-0.0,-0.0,-0.0
17,17,unloading,0.9,e2dd8f766261fe665fbfe7e6cac7402ed56c06ae021afe9b910f46e17f71aba5,3126,66.0,36.0,interior,-0.0,-0.0,-0.0,-0.0,-0.0,-0.0
17,17,unloading,0.9,e2dd8f766261fe665fbfe7e6cac7402ed56c06ae021afe9b910f46e17f71aba5,3127,67.0,36.0,interior,-0.0,-0.0,-0.0,-0.0,-0.0,-0.0
17,17,unloading,0.9,e2dd8f766261fe665fbfe7e6cac7402ed56c06ae021afe9b910f46e17f71aba5,3128,68.0,36.0,interior,-0.0,-0.0,-0.0,-0.0,-0.0,-0.0
17,17,unloading,0.9,e2dd8f766261fe665fbfe7e6cac7402ed56c06ae021afe9b910f46e17f71aba5,3129,69.0,36.0,interior,-0.0,-0.0,-0.0,-0.0,-0.0,-0.0
17,17,unloading,0.9,e2dd8f766261fe665fbfe7e6cac7402ed56c06ae021afe9b910f46e17f71aba5,3130,70.0,36.0,interior,-0.0,-0.0,-0.0,-0.0,-0.0,-0.0
17,17,unloading,0.9,e2dd8f766261fe665fbfe7e6cac7402ed56c06ae021afe9b910f46e17f71aba5,3131,71.0,36.0,interior,-0.0,-0.0,-0.0,-0.0,-0.0,-0.0
17,17,unloading,0.9,e2dd8f766261fe665fbfe7e6cac7402ed56c06ae021afe9b910f46e17f71aba5,3132,72.0,36.0,interior,-0.0,-0.0,-0.0,-0.0,-0.0,-0.0
17,17,unloading,0.9,e2dd8f766261fe665fbfe7e6cac7402ed56c06ae021afe9b910f46e17f71aba5,3133,73.0,36.0,interior,-0.0,-0.0,-0.0,-0.0,-0.0,-0.0
17,17,unloading,0.9,e2dd8f766261fe665fbfe7e6cac7402ed56c06ae021afe9b910f46e17f71aba5,3134,74.0,36.0,interior,-0.0,-0.0,-0.0,-0.0,-0.0,-0.0
17,17,unloading,0.9,e2dd8f766261fe665fbfe7e6cac7402ed56c06ae021afe9b910f46e17f71aba5,3135,75.0,36.0,interior,-0.0,-0.0,-0.0,-0.0,-0.0,-0.0
17,17,unloading,0.9,e2dd8f766261fe665fbfe7e6cac7402ed56c06ae021afe9b910f46e17f71aba5,3136,76.0,36.0,interior,-0.0,-0.0,-0.0,-0.0,-0.0,-0.0
17,17,unloading,0.9,e2dd8f766261fe665fbfe7e6cac7402ed56c06ae021afe9b910f46e17f71aba5,3137,77.0,36.0,interior,-0.0,-0.0,-0.0,-0.0,-0.0,-0.0
17,17,unloading,0.9,e2dd8f766261fe665fbfe7e6cac7402ed56c06ae021afe9b910f46e17f71aba5,3138,78.0,36.0,interior,-0.0,-0.0,-0.0,-0.0,-0.0,-0.0
17,17,unloading,0.9,e2dd8f766261fe665fbfe7e6cac7402ed56c06ae021afe9b910f46e17f71aba5,3139,79.0,36.0,interior,-0.0,-0.0,-0.0,-0.0,-0.0,-0.0
17,17,unloading,0.9,e2dd8f766261fe665fbfe7e6cac7402ed56c06ae021afe9b910f46e17f71aba5,3140,80.0,36.0,physical_only,7.400341636843777e-07,-1.108174794774524e-07,5.413935102454477e-07,-8.359440454647706e-07,1.9864065343893011e-07,7.251265659873225e-07
17,17,unloading,0.9,e2dd8f766261fe665fbfe7e6cac7402ed56c06ae021afe9b910f46e17f71aba5,3207,62.0,37.0,physical_only,-5.338884098769511e-06,2.402697056347696e-07,-4.0698341268663935e-06,4.926846531408655e-08,-1.2690499719031177e-06,1.9100124032068318e-07
17,17,unloading,0.9,e2dd8f766261fe665fbfe7e6cac7402ed56c06ae021afe9b910f46e17f71aba5,3208,63.0,37.0,interior,-0.0,-0.0,-0.0,-0.0,-0.0,-0.0
17,17,unloading,0.9,e2dd8f766261fe665fbfe7e6cac7402ed56c06ae021afe9b910f46e17f71aba5,3209,64.0,37.0,interior,-0.0,-0.0,-0.0,-0.0,-0.0,-0.0
17,17,unloading,0.9,e2dd8f766261fe665fbfe7e6cac7402ed56c06ae021afe9b910f46e17f71aba5,3210,65.0,37.0,interior,-0.0,-0.0,-0.0,-0.0,-0.0,-0.0
17,17,unloading,0.9,e2dd8f766261fe665fbfe7e6cac7402ed56c06ae021afe9b910f46e17f71aba5,3211,66.0,37.0,interior,-0.0,-0.0,-0.0,-0.0,-0.0,-0.0
17,17,unloading,0.9,e2dd8f766261fe665fbfe7e6cac7402ed56c06ae021afe9b910f46e17f71aba5,3212,67.0,37.0,interior,-0.0,-0.0,-0.0,-0.0,-0.0,-0.0
17,17,unloading,0.9,e2dd8f766261fe665fbfe7e6cac7402ed56c06ae021afe9b910f46e17f71aba5,3213,68.0,37.0,interior,-0.0,-0.0,-0.0,-0.0,-0.0,-0.0
17,17,unloading,0.9,e2dd8f766261fe665fbfe7e6cac7402ed56c06ae021afe9b910f46e17f71aba5,3214,69.0,37.0,interior,-0.0,-0.0,-0.0,-0.0,-0.0,-0.0
17,17,unloading,0.9,e2dd8f766261fe665fbfe7e6cac7402ed56c06ae021afe9b910f46e17f71aba5,3215,70.0,37.0,interior,-0.0,-0.0,-0.0,-0.0,-0.0,-0.0
17,17,unloading,0.9,e2dd8f766261fe665fbfe7e6cac7402ed56c06ae021afe9b910f46e17f71aba5,3216,71.0,37.0,interior,-0.0,-0.0,-0.0,-0.0,-0.0,-0.0
17,17,unloading,0.9,e2dd8f766261fe665fbfe7e6cac7402ed56c06ae021afe9b910f46e17f71aba5,3217,72.0,37.0,interior,-0.0,-0.0,-0.0,-0.0,-0.0,-0.0
17,17,unloading,0.9,e2dd8f766261fe665fbfe7e6cac7402ed56c06ae021afe9b910f46e17f71aba5,3218,73.0,37.0,interior,-0.0,-0.0,-0.0,-0.0,-0.0,-0.0
17,17,unloading,0.9,e2dd8f766261fe665fbfe7e6cac7402ed56c06ae021afe9b910f46e17f71aba5,3219,74.0,37.0,interior,-0.0,-0.0,-0.0,-0.0,-0.0,-0.0
17,17,unloading,0.9,e2dd8f766261fe665fbfe7e6cac7402ed56c06ae021afe9b910f46e17f71aba5,3220,75.0,37.0,interior,-0.0,-0.0,-0.0,-0.0,-0.0,-0.0
17,17,unloading,0.9,e2dd8f766261fe665fbfe7e6cac7402ed56c06ae021afe9b910f46e17f71aba5,3221,76.0,37.0,interior,-0.0,-0.0,-0.0,-0.0,-0.0,-0.0
17,17,unloading,0.9,e2dd8f766261fe665fbfe7e6cac7402ed56c06ae021afe9b910f46e17f71aba5,3222,77.0,37.0,interior,-0.0,-0.0,-0.0,-0.0,-0.0,-0.0
17,17,unloading,0.9,e2dd8f766261fe665fbfe7e6cac7402ed56c06ae021afe9b910f46e17f71aba5,3223,78.0,37.0,interior,-0.0,-0.0,-0.0,-0.0,-0.0,-0.0
17,17,unloading,0.9,e2dd8f766261fe665fbfe7e6cac7402ed56c06ae021afe9b910f46e17f71aba5,3224,79.0,37.0,interior,-0.0,-0.0,-0.0,-0.0,-0.0,-0.0
17,17,unloading,0.9,e2dd8f766261fe665fbfe7e6cac7402ed56c06ae021afe9b910f46e17f71aba5,3225,80.0,37.0,physical_only,7.321503655325809e-07,-8.181907780254621e-08,5.463544728325837e-07,-6.248017009754127e-07,1.8579589269999704e-07,5.429826231728683e-07
17,17,unloading,0.9,e2dd8f766261fe665fbfe7e6cac7402ed56c06ae021afe9b910f46e17f71aba5,3292,62.0,38.0,physical_only,-5.456640544993634e-06,1.8922270938096803e-07,-4.138406118614729e-06,3.428792670220944e-08,-1.3182344263789059e-06,1.549347826787587e-07
17,17,unloading,0.9,e2dd8f766261fe665fbfe7e6cac7402ed56c06ae021afe9b910f46e17f71aba5,3293,63.0,38.0,interior,-0.0,-0.0,-0.0,-0.0,-0.0,-0.0
17,17,unloading,0.9,e2dd8f766261fe665fbfe7e6cac7402ed56c06ae021afe9b910f46e17f71aba5,3294,64.0,38.0,interior,-0.0,-0.0,-0.0,-0.0,-0.0,-0.0
17,17,unloading,0.9,e2dd8f766261fe665fbfe7e6cac7402ed56c06ae021afe9b910f46e17f71aba5,3295,65.0,38.0,interior,-0.0,-0.0,-0.0,-0.0,-0.0,-0.0
17,17,unloading,0.9,e2dd8f766261fe665fbfe7e6cac7402ed56c06ae021afe9b910f46e17f71aba5,3296,66.0,38.0,interior,-0.0,-0.0,-0.0,-0.0,-0.0,-0.0
17,17,unloading,0.9,e2dd8f766261fe665fbfe7e6cac7402ed56c06ae021afe9b910f46e17f71aba5,3297,67.0,38.0,interior,-0.0,-0.0,-0.0,-0.0,-0.0,-0.0
17,17,unloading,0.9,e2dd8f766261fe665fbfe7e6cac7402ed56c06ae021afe9b910f46e17f71aba5,3298,68.0,38.0,interior,-0.0,-0.0,-0.0,-0.0,-0.0,-0.0
17,17,unloading,0.9,e2dd8f766261fe665fbfe7e6cac7402ed56c06ae021afe9b910f46e17f71aba5,3299,69.0,38.0,interior,-0.0,-0.0,-0.0,-0.0,-0.0,-0.0
17,17,unloading,0.9,e2dd8f766261fe665fbfe7e6cac7402ed56c06ae021afe9b910f46e17f71aba5,3300,70.0,38.0,interior,-0.0,-0.0,-0.0,-0.0,-0.0,-0.0
17,17,unloading,0.9,e2dd8f766261fe665fbfe7e6cac7402ed56c06ae021afe9b910f46e17f71aba5,3301,71.0,38.0,interior,-0.0,-0.0,-0.0,-0.0,-0.0,-0.0
17,17,unloading,0.9,e2dd8f766261fe665fbfe7e6cac7402ed56c06ae021afe9b910f46e17f71aba5,3302,72.0,38.0,interior,-0.0,-0.0,-0.0,-0.0,-0.0,-0.0
17,17,unloading,0.9,e2dd8f766261fe665fbfe7e6cac7402ed56c06ae021afe9b910f46e17f71aba5,3303,73.0,38.0,interior,-0.0,-0.0,-0.0,-0.0,-0.0,-0.0
17,17,unloading,0.9,e2dd8f766261fe665fbfe7e6cac7402ed56c06ae021afe9b910f46e17f71aba5,3304,74.0,38.0,interior,-0.0,-0.0,-0.0,-0.0,-0.0,-0.0
17,17,unloading,0.9,e2dd8f766261fe665fbfe7e6cac7402ed56c06ae021afe9b910f46e17f71aba5,3305,75.0,38.0,interior,-0.0,-0.0,-0.0,-0.0,-0.0,-0.0
17,17,unloading,0.9,e2dd8f766261fe665fbfe7e6cac7402ed56c06ae021afe9b910f46e17f71aba5,3306,76.0,38.0,interior,-0.0,-0.0,-0.0,-0.0,-0.0,-0.0
17,17,unloading,0.9,e2dd8f766261fe665fbfe7e6cac7402ed56c06ae021afe9b910f46e17f71aba5,3307,77.0,38.0,interior,-0.0,-0.0,-0.0,-0.0,-0.0,-0.0
17,17,unloading,0.9,e2dd8f766261fe665fbfe7e6cac7402ed56c06ae021afe9b910f46e17f71aba5,3308,78.0,38.0,interior,-0.0,-0.0,-0.0,-0.0,-0.0,-0.0
17,17,unloading,0.9,e2dd8f766261fe665fbfe7e6cac7402ed56c06ae021afe9b910f46e17f71aba5,3309,79.0,38.0,interior,-0.0,-0.0,-0.0,-0.0,-0.0,-0.0
17,17,unloading,0.9,e2dd8f766261fe665fbfe7e6cac7402ed56c06ae021afe9b910f46e17f71aba5,3310,80.0,38.0,physical_only,7.265046816840036e-07,-5.394888492781311e-08,5.497896960863392e-07,-4.155056822501698e-07,1.767149855976642e-07,3.6155679732236543e-07
17,17,unloading,0.9,e2dd8f766261fe665fbfe7e6cac7402ed56c06ae021afe9b910f46e17f71aba5,3377,62.0,39.0,physical_only,-5.527961076840901e-06,1.006079012346005e-07,-4.1802318772402166e-06,1.7616253431578886e-08,-1.347729199600685e-06,8.299164780302151e-08
17,17,unloading,0.9,e2dd8f766261fe665fbfe7e6cac7402ed56c06ae021afe9b910f46e17f71aba5,3378,63.0,39.0,interior,-0.0,-0.0,-0.0,-0.0,-0.0,-0.0
17,17,unloading,0.9,e2dd8f766261fe665fbfe7e6cac7402ed56c06ae021afe9b910f46e17f71aba5,3379,64.0,39.0,interior,-0.0,-0.0,-0.0,-0.0,-0.0,-0.0
17,17,unloading,0.9,e2dd8f766261fe665fbfe7e6cac7402ed56c06ae021afe9b910f46e17f71aba5,3380,65.0,39.0,interior,-0.0,-0.0,-0.0,-0.0,-0.0,-0.0
17,17,unloading,0.9,e2dd8f766261fe665fbfe7e6cac7402ed56c06ae021afe9b910f46e17f71aba5,3381,66.0,39.0,interior,-0.0,-0.0,-0.0,-0.0,-0.0,-0.0
17,17,unloading,0.9,e2dd8f766261fe665fbfe7e6cac7402ed56c06ae021afe9b910f46e17f71aba5,3382,67.0,39.0,interior,-0.0,-0.0,-0.0,-0.0,-0.0,-0.0
17,17,unloading,0.9,e2dd8f766261fe665fbfe7e6cac7402ed56c06ae021afe9b910f46e17f71aba5,3383,68.0,39.0,interior,-0.0,-0.0,-0.0,-0.0,-0.0,-0.0
17,17,unloading,0.9,e2dd8f766261fe665fbfe7e6cac7402ed56c06ae021afe9b910f46e17f71aba5,3384,69.0,39.0,interior,-0.0,-0.0,-0.0,-0.0,-0.0,-0.0
17,17,unloading,0.9,e2dd8f766261fe665fbfe7e6cac7402ed56c06ae021afe9b910f46e17f71aba5,3385,70.0,39.0,interior,-0.0,-0.0,-0.0,-0.0,-0.0,-0.0
17,17,unloading,0.9,e2dd8f766261fe665fbfe7e6cac7402ed56c06ae021afe9b910f46e17f71aba5,3386,71.0,39.0,interior,-0.0,-0.0,-0.0,-0.0,-0.0,-0.0
17,17,unloading,0.9,e2dd8f766261fe665fbfe7e6cac7402ed56c06ae021afe9b910f46e17f71aba5,3387,72.0,39.0,interior,-0.0,-0.0,-0.0,-0.0,-0.0,-0.0
17,17,unloading,0.9,e2dd8f766261fe665fbfe7e6cac7402ed56c06ae021afe9b910f46e17f71aba5,3388,73.0,39.0,interior,-0.0,-0.0,-0.0,-0.0,-0.0,-0.0
17,17,unloading,0.9,e2dd8f766261fe665fbfe7e6cac7402ed56c06ae021afe9b910f46e17f71aba5,3389,74.0,39.0,interior,-0.0,-0.0,-0.0,-0.0,-0.0,-0.0
17,17,unloading,0.9,e2dd8f766261fe665fbfe7e6cac7402ed56c06ae021afe9b910f46e17f71aba5,3390,75.0,39.0,interior,-0.0,-0.0,-0.0,-0.0,-0.0,-0.0
17,17,unloading,0.9,e2dd8f766261fe665fbfe7e6cac7402ed56c06ae021afe9b910f46e17f71aba5,3391,76.0,39.0,interior,-0.0,-0.0,-0.0,-0.0,-0.0,-0.0
17,17,unloading,0.9,e2dd8f766261fe665fbfe7e6cac7402ed56c06ae021afe9b910f46e17f71aba5,3392,77.0,39.0,interior,-0.0,-0.0,-0.0,-0.0,-0.0,-0.0
17,17,unloading,0.9,e2dd8f766261fe665fbfe7e6cac7402ed56c06ae021afe9b910f46e17f71aba5,3393,78.0,39.0,interior,-0.0,-0.0,-0.0,-0.0,-0.0,-0.0
17,17,unloading,0.9,e2dd8f766261fe665fbfe7e6cac7402ed56c06ae021afe9b910f46e17f71aba5,3394,79.0,39.0,interior,-0.0,-0.0,-0.0,-0.0,-0.0,-0.0
17,17,unloading,0.9,e2dd8f766261fe665fbfe7e6cac7402ed56c06ae021afe9b910f46e17f71aba5,3395,80.0,39.0,physical_only,7.231123746968729e-07,-2.679893143060438e-08,5.518077391287213e-07,-2.0744382662065277e-07,1.7130463556815152e-07,1.806448951900398e-07
17,17,unloading,0.9,e2dd8f766261fe665fbfe7e6cac7402ed56c06ae021afe9b910f46e17f71aba5,3462,62.0,40.0,physical_and_cut,-2.775489384557797e-06,-1.8879696863740598e-06,-2.0971467683645177e-06,-9.545593309537892e-07,-6.783426161932791e-07,-9.334103554202707e-07
17,17,unloading,0.9,e2dd8f766261fe665fbfe7e6cac7402ed56c06ae021afe9b910f46e17f71aba5,3463,63.0,40.0,cut_only,-0.0,-0.0,-0.0,-0.0,-0.0,-0.0
17,17,unloading,0.9,e2dd8f766261fe665fbfe7e6cac7402ed56c06ae021afe9b910f46e17f71aba5,3464,64.0,40.0,cut_only,-0.0,-0.0,-0.0,-0.0,-0.0,-0.0
17,17,unloading,0.9,e2dd8f766261fe665fbfe7e6cac7402ed56c06ae021afe9b910f46e17f71aba5,3465,65.0,40.0,cut_only,-0.0,-0.0,-0.0,-0.0,-0.0,-0.0
17,17,unloading,0.9,e2dd8f766261fe665fbfe7e6cac7402ed56c06ae021afe9b910f46e17f71aba5,3466,66.0,40.0,cut_only,-0.0,-0.0,-0.0,-0.0,-0.0,-0.0
17,17,unloading,0.9,e2dd8f766261fe665fbfe7e6cac7402ed56c06ae021afe9b910f46e17f71aba5,3467,67.0,40.0,cut_only,-0.0,-0.0,-0.0,-0.0,-0.0,-0.0
17,17,unloading,0.9,e2dd8f766261fe665fbfe7e6cac7402ed56c06ae021afe9b910f46e17f71aba5,3468,68.0,40.0,cut_only,-0.0,-0.0,-0.0,-0.0,-0.0,-0.0
17,17,unloading,0.9,e2dd8f766261fe665fbfe7e6cac7402ed56c06ae021afe9b910f46e17f71aba5,3469,69.0,40.0,cut_only,-0.0,-0.0,-0.0,-0.0,-0.0,-0.0
17,17,unloading,0.9,e2dd8f766261fe665fbfe7e6cac7402ed56c06ae021afe9b910f46e17f71aba5,3470,70.0,40.0,cut_only,-0.0,-0.0,-0.0,-0.0,-0.0,-0.0
17,17,unloading,0.9,e2dd8f766261fe665fbfe7e6cac7402ed56c06ae021afe9b910f46e17f71aba5,3471,71.0,40.0,cut_only,-0.0,-0.0,-0.0,-0.0,-0.0,-0.0
17,17,unloading,0.9,e2dd8f766261fe665fbfe7e6cac7402ed56c06ae021afe9b910f46e17f71aba5,3472,72.0,40.0,cut_only,-0.0,-0.0,-0.0,-0.0,-0.0,-0.0
17,17,unloading,0.9,e2dd8f766261fe665fbfe7e6cac7402ed56c06ae021afe9b910f46e17f71aba5,3473,73.0,40.0,cut_only,-0.0,-0.0,-0.0,-0.0,-0.0,-0.0
17,17,unloading,0.9,e2dd8f766261fe665fbfe7e6cac7402ed56c06ae021afe9b910f46e17f71aba5,3474,74.0,40.0,cut_only,-0.0,-0.0,-0.0,-0.0,-0.0,-0.0
17,17,unloading,0.9,e2dd8f766261fe665fbfe7e6cac7402ed56c06ae021afe9b910f46e17f71aba5,3475,75.0,40.0,cut_only,-0.0,-0.0,-0.0,-0.0,-0.0,-0.0
17,17,unloading,0.9,e2dd8f766261fe665fbfe7e6cac7402ed56c06ae021afe9b910f46e17f71aba5,3476,76.0,40.0,cut_only,-0.0,-0.0,-0.0,-0.0,-0.0,-0.0
17,17,unloading,0.9,e2dd8f766261fe665fbfe7e6cac7402ed56c06ae021afe9b910f46e17f71aba5,3477,77.0,40.0,cut_only,-0.0,-0.0,-0.0,-0.0,-0.0,-0.0
17,17,unloading,0.9,e2dd8f766261fe665fbfe7e6cac7402ed56c06ae021afe9b910f46e17f71aba5,3478,78.0,40.0,cut_only,-0.0,-0.0,-0.0,-0.0,-0.0,-0.0
17,17,unloading,0.9,e2dd8f766261fe665fbfe7e6cac7402ed56c06ae021afe9b910f46e17f71aba5,3479,79.0,40.0,cut_only,-0.0,-0.0,-0.0,-0.0,-0.0,-0.0
17,17,unloading,0.9,e2dd8f766261fe665fbfe7e6cac7402ed56c06ae021afe9b910f46e17f71aba5,3480,80.0,40.0,physical_and_cut,3.609904355952284e-07,5.517563127975467e-05,2.7623663113631005e-07,-2.1846111102961414e-07,8.475380445891838e-08,5.539409239078429e-05
18,18,unloading,0.8,ed1bb1f289dd80e35770786895994323857058d5bbbea6db3a86d9a076828f16,2697,62.0,31.0,physical_only,-0.00040711794451122425,-4.6328303944117116e-05,-5.390564921047706e-06,5.842029773930361e-06,-0.0004017273795901765,-5.2170333718047476e-05
18,18,unloading,0.8,ed1bb1f289dd80e35770786895994323857058d5bbbea6db3a86d9a076828f16,2698,63.0,31.0,physical_only,-1.3849446582538372e-06,-4.423326506475001e-05,-2.9369839471973675e-06,6.64691856480186e-06,1.552039288943531e-06,-5.0880183629551886e-05
18,18,unloading,0.8,ed1bb1f289dd80e35770786895994323857058d5bbbea6db3a86d9a076828f16,2699,64.0,31.0,physical_only,5.985796761978949e-07,-5.840329044261457e-05,-2.9969303274209958e-06,8.476555760761474e-06,3.5955100036188894e-06,-6.687984620337603e-05
18,18,unloading,0.8,ed1bb1f289dd80e35770786895994323857058d5bbbea6db3a86d9a076828f16,2700,65.0,31.0,physical_only,1.1194881522312182e-06,-7.801151733462529e-05,-3.0714032289035747e-06,1.0550733025463195e-05,4.190891381134795e-06,-8.856225036008844e-05
18,18,unloading,0.8,ed1bb1f289dd80e35770786895994323857058d5bbbea6db3a86d9a076828f16,2701,66.0,31.0,physical_only,1.776755581942531e-07,-0.00010084125723609577,-3.160393535990898e-06,1.2942015918403317e-05,3.3380690941851506e-06,-0.00011378327315449913
18,18,unloading,0.8,ed1bb1f289dd80e35770786895994323857058d5bbbea6db3a86d9a076828f16,2702,67.0,31.0,physical_only,-1.2628929411606787e-06,-0.00012645447139947048,-3.2613912694898775e-06,1.5731811196103497e-05,1.9984983283292005e-06,-0.000142186282595574
18,18,unloading,0.8,ed1bb1f289dd80e35770786895994323857058d5bbbea6db3a86d9a076828f16,2703,68.0,31.0,physical_only,-1.3178448962555868e-06,-0.00015706600755026941,-3.374313531588516e-06,1.9017457128717886e-05,2.0564686353329275e-06,-0.0001760834646789873
18,18,unloading,0.8,ed1bb1f289dd80e35770786895994323857058d5bbbea6db3a86d9a076828f16,2704,69.0,31.0,physical_only,-1.6614047505554151e-06,-0.00019475677720695995,-3.5015286556640744e-06,2.292623587447289e-05,1.8401239051086593e-06,-0.00021768301308143273
18,18,unloading,0.8,ed1bb1f289dd80e35770786895994323857058d5bbbea6db3a86d9a076828f16,2705,70.0,31.0,physical_only,-2.181455798142764e-06,-0.0002397275274175631,-3.647600716139814e-06,2.7632744500314828e-05,1.4661449179970489e-06,-0.0002673602719178781
18,18,unloading,0.8,ed1bb1f289dd80e35770786895994323857058d5bbbea6db3a86d9a076828f16,2706,71.0,31.0,physical_only,-2.8831999300888277e-06,-0.00029290048291876944,-3.81836433778172e-06,3.338105316319517e-05,9.351644076928909e-07,-0.0003262815360819645
18,18,unloading,0.8,ed1bb1f289dd80e35770786895994323857058d5bbbea6db3a86d9a076828f16,2707,72.0,31.0,physical_only,-3.6796317631366743e-06,-0.0003552113172671249,-4.022294310014131e-06,4.052174975183671e-05,3.4266254687745625e-07,-0.00039573306701896124
18,18,unloading,0.8,ed1bb1f289dd80e35770786895994323857058d5bbbea6db3a86d9a076828f16,2708,73.0,31.0,physical_only,-4.747697202542942e-06,-0.0004262414741767742,-4.271375042180223e-06,4.957363205282892e-05,-4.7632216036271806e-07,-0.00047581510622960333
18,18,unloading,0.8,ed1bb1f289dd80e35770786895994323857058d5bbbea6db3a86d9a076828f16,2709,74.0,31.0,physical_only,-1.1581206174791815e-06,-0.0005089647246796702,-4.585474993884181e-06,6.133841088003966e-05,3.4273543764050004e-06,-0.00057030313555971
18,18,unloading,0.8,ed1bb1f289dd80e35770786895994323857058d5bbbea6db3a86d9a076828f16,2710,75.0,31.0,physical_only,6.674647469962513e-06,-0.0006148500690509743,-5.000878414213141e-06,7.713983482562281e-05,1.1675525884175649e-05,-0.0006919899038765969
18,18,unloading,0.8,ed1bb1f289dd80e35770786895994323857058d5bbbea6db3a86d9a076828f16,2711,76.0,31.0,physical_only,1.54864232147136e-05,-0.000758489787221932,-5.5862339766015945e-06,9.935861125686486e-05,2.1072657191315193e-05,-0.0008578483984787969
18,18,unloading,0.8,ed1bb1f289dd80e35770786895994323857058d5bbbea6db3a86d9a076828f16,2712,77.0,31.0,physical_only,1.1804895211419097e-05,-0.0009261810668940032,-6.462126592145503e-06,0.0001326498959481913,1.8267021803564603e-05,-0.0010588309628421942
18,18,unloading,0.8,ed1bb1f289dd80e35770786895994323857058d5bbbea6db3a86d9a076828f16,2713,78.0,31.0,physical_only,3.82751612421352e-06,-0.0010985988057208166,-7.874530012379437e-06,0.00018716813053711793,1.1702046136592963e-05,-0.0012857669362579347
18,18,unloading,0.8,ed1bb1f289dd80e35770786895994323857058d5bbbea6db3a86d9a076828f16,2714,79.0,31.0,physical_only,-1.3070149584681103e-05,-0.001015968515054838,-1.0292939274360857e-05,0.0002880772226117182,-2.7772103103202426e-06,-0.0013040457376665565
18,18,unloading,0.8,ed1bb1f289dd80e35770786895994323857058d5bbbea6db3a86d9a076828f16,2715,80.0,31.0,physical_only,2.9779581456238915e-05,0.009265802251930804,1.8486598335680195e-05,0.0002716722967231025,1.1292983120558713e-05,0.008994129955207701
18,18,unloading,0.8,ed1bb1f289dd80e35770786895994323857058d5bbbea6db3a86d9a076828f16,2782,62.0,32.0,physical_only,-6.703674947597041e-06,-1.1453068500740535e-06,-3.1810247969487365e-06,1.3763048696016924e-07,-3.5226501506483037e-06,-1.282937337034223e-06
18,18,unloading,0.8,ed1bb1f289dd80e35770786895994323857058d5bbbea6db3a86d9a076828f16,2783,63.0,32.0,interior,-0.0,-0.0,-0.0,-0.0,-0.0,-0.0
18,18,unloading,0.8,ed1bb1f289dd80e35770786895994323857058d5bbbea6db3a86d9a076828f16,2784,64.0,32.0,interior,-0.0,-0.0,-0.0,-0.0,-0.0,-0.0
18,18,unloading,0.8,ed1bb1f289dd80e35770786895994323857058d5bbbea6db3a86d9a076828f16,2785,65.0,32.0,interior,-0.0,-0.0,-0.0,-0.0,-0.0,-0.0
18,18,unloading,0.8,ed1bb1f289dd80e35770786895994323857058d5bbbea6db3a86d9a076828f16,2786,66.0,32.0,interior,-0.0,-0.0,-0.0,-0.0,-0.0,-0.0
18,18,unloading,0.8,ed1bb1f289dd80e35770786895994323857058d5bbbea6db3a86d9a076828f16,2787,67.0,32.0,interior,-0.0,-0.0,-0.0,-0.0,-0.0,-0.0
18,18,unloading,0.8,ed1bb1f289dd80e35770786895994323857058d5bbbea6db3a86d9a076828f16,2788,68.0,32.0,interior,-0.0,-0.0,-0.0,-0.0,-0.0,-0.0
18,18,unloading,0.8,ed1bb1f289dd80e35770786895994323857058d5bbbea6db3a86d9a076828f16,2789,69.0,32.0,interior,-0.0,-0.0,-0.0,-0.0,-0.0,-0.0
18,18,unloading,0.8,ed1bb1f289dd80e35770786895994323857058d5bbbea6db3a86d9a076828f16,2790,70.0,32.0,interior,-0.0,-0.0,-0.0,-0.0,-0.0,-0.0
18,18,unloading,0.8,ed1bb1f289dd80e35770786895994323857058d5bbbea6db3a86d9a076828f16,2791,71.0,32.0,interior,-0.0,-0.0,-0.0,-0.0,-0.0,-0.0
18,18,unloading,0.8,ed1bb1f289dd80e35770786895994323857058d5bbbea6db3a86d9a076828f16,2792,72.0,32.0,interior,-0.0,-0.0,-0.0,-0.0,-0.0,-0.0
18,18,unloading,0.8,ed1bb1f289dd80e35770786895994323857058d5bbbea6db3a86d9a076828f16,2793,73.0,32.0,interior,-0.0,-0.0,-0.0,-0.0,-0.0,-0.0
18,18,unloading,0.8,ed1bb1f289dd80e35770786895994323857058d5bbbea6db3a86d9a076828f16,2794,74.0,32.0,interior,-0.0,-0.0,-0.0,-0.0,-0.0,-0.0
18,18,unloading,0.8,ed1bb1f289dd80e35770786895994323857058d5bbbea6db3a86d9a076828f16,2795,75.0,32.0,interior,-0.0,-0.0,-0.0,-0.0,-0.0,-0.0
18,18,unloading,0.8,ed1bb1f289dd80e35770786895994323857058d5bbbea6db3a86d9a076828f16,2796,76.0,32.0,interior,-0.0,-0.0,-0.0,-0.0,-0.0,-0.0
18,18,unloading,0.8,ed1bb1f289dd80e35770786895994323857058d5bbbea6db3a86d9a076828f16,2797,77.0,32.0,interior,-0.0,-0.0,-0.0,-0.0,-0.0,-0.0
18,18,unloading,0.8,ed1bb1f289dd80e35770786895994323857058d5bbbea6db3a86d9a076828f16,2798,78.0,32.0,interior,-0.0,-0.0,-0.0,-0.0,-0.0,-0.0
18,18,unloading,0.8,ed1bb1f289dd80e35770786895994323857058d5bbbea6db3a86d9a076828f16,2799,79.0,32.0,interior,-0.0,-0.0,-0.0,-0.0,-0.0,-0.0
18,18,unloading,0.8,ed1bb1f289dd80e35770786895994323857058d5bbbea6db3a86d9a076828f16,2800,80.0,32.0,physical_only,5.068128167064177e-07,-2.772344860230711e-07,9.999688005006065e-07,-1.071837183857881e-06,-4.93155983794189e-07,7.946026978348085e-07
18,18,unloading,0.8,ed1bb1f289dd80e35770786895994323857058d5bbbea6db3a86d9a076828f16,2867,62.0,33.0,physical_only,-5.455427117411315e-06,-7.420897503535794e-07,-3.3721943324406188e-06,1.0733900345791823e-07,-2.0832327849706974e-06,-8.494287538114979e-07
18,18,unloading,0.8,ed1bb1f289dd80e35770786895994323857058d5bbbea6db3a86d9a076828f16,2868,63.0,33.0,interior,-0.0,-0.0,-0.0,-0.0,-0.0,-0.0
18,18,unloading,0.8,ed1bb1f289dd80e35770786895994323857058d5bbbea6db3a86d9a076828f16,2869,64.0,33.0,interior,-0.0,-0.0,-0.0,-0.0,-0.0,-0.0
18,18,unloading,0.8,ed1bb1f289dd80e35770786895994323857058d5bbbea6db3a86d9a076828f16,2870,65.0,33.0,interior,-0.0,-0.0,-0.0,-0.0,-0.0,-0.0
18,18,unloading,0.8,ed1bb1f289dd80e35770786895994323857058d5bbbea6db3a86d9a076828f16,2871,66.0,33.0,interior,-0.0,-0.0,-0.0,-0.0,-0.0,-0.0
18,18,unloading,0.8,ed1bb1f289dd80e35770786895994323857058d5bbbea6db3a86d9a076828f16,2872,67.0,33.0,interior,-0.0,-0.0,-0.0,-0.0,-0.0,-0.0
18,18,unloading,0.8,ed1bb1f289dd80e35770786895994323857058d5bbbea6db3a86d9a076828f16,2873,68.0,33.0,interior,-0.0,-0.0,-0.0,-0.0,-0.0,-0.0
18,18,unloading,0.8,ed1bb1f289dd80e35770786895994323857058d5bbbea6db3a86d9a076828f16,2874,69.0,33.0,interior,-0.0,-0.0,-0.0,-0.0,-0.0,-0.0
18,18,unloading,0.8,ed1bb1f289dd80e35770786895994323857058d5bbbea6db3a86d9a076828f16,2875,70.0,33.0,interior,-0.0,-0.0,-0.0,-0.0,-0.0,-0.0
18,18,unloading,0.8,ed1bb1f289dd80e35770786895994323857058d5bbbea6db3a86d9a076828f16,2876,71.0,33.0,interior,-0.0,-0.0,-0.0,-0.0,-0.0,-0.0
18,18,unloading,0.8,ed1bb1f289dd80e35770786895994323857058d5bbbea6db3a86d9a076828f16,2877,72.0,33.0,interior,-0.0,-0.0,-0.0,-0.0,-0.0,-0.0
18,18,unloading,0.8,ed1bb1f289dd80e35770786895994323857058d5bbbea6db3a86d9a076828f16,2878,73.0,33.0,interior,-0.0,-0.0,-0.0,-0.0,-0.0,-0.0
18,18,unloading,0.8,ed1bb1f289dd80e35770786895994323857058d5bbbea6db3a86d9a076828f16,2879,74.0,33.0,interior,-0.0,-0.0,-0.0,-0.0,-0.0,-0.0
18,18,unloading,0.8,ed1bb1f289dd80e35770786895994323857058d5bbbea6db3a86d9a076828f16,2880,75.0,33.0,interior,-0.0,-0.0,-0.0,-0.0,-0.0,-0.0
18,18,unloading,0.8,ed1bb1f289dd80e35770786895994323857058d5bbbea6db3a86d9a076828f16,2881,76.0,33.0,interior,-0.0,-0.0,-0.0,-0.0,-0.0,-0.0
18,18,unloading,0.8,ed1bb1f289dd80e35770786895994323857058d5bbbea6db3a86d9a076828f16,2882,77.0,33.0,interior,-0.0,-0.0,-0.0,-0.0,-0.0,-0.0
18,18,unloading,0.8,ed1bb1f289dd80e35770786895994323857058d5bbbea6db3a86d9a076828f16,2883,78.0,33.0,interior,-0.0,-0.0,-0.0,-0.0,-0.0,-0.0
18,18,unloading,0.8,ed1bb1f289dd80e35770786895994323857058d5bbbea6db3a86d9a076828f16,2884,79.0,33.0,interior,-0.0,-0.0,-0.0,-0.0,-0.0,-0.0
18,18,unloading,0.8,ed1bb1f289dd80e35770786895994323857058d5bbbea6db3a86d9a076828f16,2885,80.0,33.0,physical_only,4.96263776869983e-07,-2.3109605495352667e-07,9.562883681417802e-07,-9.276348186139854e-07,-4.600245912717974e-07,6.965387636604563e-07
18,18,unloading,0.8,ed1bb1f289dd80e35770786895994323857058d5bbbea6db3a86d9a076828f16,2952,62.0,34.0,physical_only,-4.894993307889114e-06,-3.073195849124352e-07,-3.524327311214794e-06,8.789193252309737e-08,-1.3706659966743189e-06,-3.952115174355327e-07
18,18,unloading,0.8,ed1bb1f289dd80e35770786895994323857058d5bbbea6db3a86d9a076828f16,2953,63.0,34.0,interior,-0.0,-0.0,-0.0,-0.0,-0.0,-0.0
18,18,unloading,0.8,ed1bb1f289dd80e35770786895994323857058d5bbbea6db3a86d9a076828f16,2954,64.0,34.0,interior,-0.0,-0.0,-0.0,-0.0,-0.0,-0.0
18,18,unloading,0.8,ed1bb1f289dd80e35770786895994323857058d5bbbea6db3a86d9a076828f16,2955,65.0,34.0,interior,-0.0,-0.0,-0.0,-0.0,-0.0,-0.0
18,18,unloading,0.8,ed1bb1f289dd80e35770786895994323857058d5bbbea6db3a86d9a076828f16,2956,66.0,34.0,interior,-0.0,-0.0,-0.0,-0.0,-0.0,-0.0
18,18,unloading,0.8,ed1bb1f289dd80e35770786895994323857058d5bbbea6db3a86d9a076828f16,2957,67.0,34.0,interior,-0.0,-0.0,-0.0,-0.0,-0.0,-0.0
18,18,unloading,0.8,ed1bb1f289dd80e35770786895994323857058d5bbbea6db3a86d9a076828f16,2958,68.0,34.0,interior,-0.0,-0.0,-0.0,-0.0,-0.0,-0.0
18,18,unloading,0.8,ed1bb1f289dd80e35770786895994323857058d5bbbea6db3a86d9a076828f16,2959,69.0,34.0,interior,-0.0,-0.0,-0.0,-0.0,-0.0,-0.0
18,18,unloading,0.8,ed1bb1f289dd80e35770786895994323857058d5bbbea6db3a86d9a076828f16,2960,70.0,34.0,interior,-0.0,-0.0,-0.0,-0.0,-0.0,-0.0
18,18,unloading,0.8,ed1bb1f289dd80e35770786895994323857058d5bbbea6db3a86d9a076828f16,2961,71.0,34.0,interior,-0.0,-0.0,-0.0,-0.0,-0.0,-0.0
18,18,unloading,0.8,ed1bb1f289dd80e35770786895994323857058d5bbbea6db3a86d9a076828f16,2962,72.0,34.0,interior,-0.0,-0.0,-0.0,-0.0,-0.0,-0.0
18,18,unloading,0.8,ed1bb1f289dd80e35770786895994323857058d5bbbea6db3a86d9a076828f16,2963,73.0,34.0,interior,-0.0,-0.0,-0.0,-0.0,-0.0,-0.0
18,18,unloading,0.8,ed1bb1f289dd80e35770786895994323857058d5bbbea6db3a86d9a076828f16,2964,74.0,34.0,interior,-0.0,-0.0,-0.0,-0.0,-0.0,-0.0
18,18,unloading,0.8,ed1bb1f289dd80e35770786895994323857058d5bbbea6db3a86d9a076828f16,2965,75.0,34.0,interior,-0.0,-0.0,-0.0,-0.0,-0.0,-0.0
18,18,unloading,0.8,ed1bb1f289dd80e35770786895994323857058d5bbbea6db3a86d9a076828f16,2966,76.0,34.0,interior,-0.0,-0.0,-0.0,-0.0,-0.0,-0.0
18,18,unloading,0.8,ed1bb1f289dd80e35770786895994323857058d5bbbea6db3a86d9a076828f16,2967,77.0,34.0,interior,-0.0,-0.0,-0.0,-0.0,-0.0,-0.0
18,18,unloading,0.8,ed1bb1f289dd80e35770786895994323857058d5bbbea6db3a86d9a076828f16,2968,78.0,34.0,interior,-0.0,-0.0,-0.0,-0.0,-0.0,-0.0
18,18,unloading,0.8,ed1bb1f289dd80e35770786895994323857058d5bbbea6db3a86d9a076828f16,2969,79.0,34.0,interior,-0.0,-0.0,-0.0,-0.0,-0.0,-0.0
18,18,unloading,0.8,ed1bb1f289dd80e35770786895994323857058d5bbbea6db3a86d9a076828f16,2970,80.0,34.0,physical_only,4.869977030887413e-07,-1.90170826005051e-07,9.194673150730574e-07,-7.87631861382859e-07,-4.324696119843163e-07,5.974610353778106e-07
18,18,unloading,0.8,ed1bb1f289dd80e35770786895994323857058d5bbbea6db3a86d9a076828f16,3037,62.0,35.0,physical_only,-4.755215185875154e-06,2.165788213608372e-08,-3.649232215714355e-06,7.401143493171245e-08,-1.105982970160799e-06,-5.2353552795628936e-08
18,18,unloading,0.8,ed1bb1f289dd80e35770786895994323857058d5bbbea6db3a86d9a076828f16,3038,63.0,35.0,interior,-0.0,-0.0,-0.0,-0.0,-0.0,-0.0
18,18,unloading,0.8,ed1bb1f289dd80e35770786895994323857058d5bbbea6db3a86d9a076828f16,3039,64.0,35.0,interior,-0.0,-0.0,-0.0,-0.0,-0.0,-0.0
18,18,unloading,0.8,ed1bb1f289dd80e35770786895994323857058d5bbbea6db3a86d9a076828f16,3040,65.0,35.0,interior,-0.0,-0.0,-0.0,-0.0,-0.0,-0.0
18,18,unloading,0.8,ed1bb1f289dd80e35770786895994323857058d5bbbea6db3a86d9a076828f16,3041,66.0,35.0,interior,-0.0,-0.0,-0.0,-0.0,-0.0,-0.0
18,18,unloading,0.8,ed1bb1f289dd80e35770786895994323857058d5bbbea6db3a86d9a076828f16,3042,67.0,35.0,interior,-0.0,-0.0,-0.0,-0.0,-0.0,-0.0
18,18,unloading,0.8,ed1bb1f289dd80e35770786895994323857058d5bbbea6db3a86d9a076828f16,3043,68.0,35.0,interior,-0.0,-0.0,-0.0,-0.0,-0.0,-0.0
18,18,unloading,0.8,ed1bb1f289dd80e35770786895994323857058d5bbbea6db3a86d9a076828f16,3044,69.0,35.0,interior,-0.0,-0.0,-0.0,-0.0,-0.0,-0.0
18,18,unloading,0.8,ed1bb1f289dd80e35770786895994323857058d5bbbea6db3a86d9a076828f16,3045,70.0,35.0,interior,-0.0,-0.0,-0.0,-0.0,-0.0,-0.0
18,18,unloading,0.8,ed1bb1f289dd80e35770786895994323857058d5bbbea6db3a86d9a076828f16,3046,71.0,35.0,interior,-0.0,-0.0,-0.0,-0.0,-0.0,-0.0
18,18,unloading,0.8,ed1bb1f289dd80e35770786895994323857058d5bbbea6db3a86d9a076828f16,3047,72.0,35.0,interior,-0.0,-0.0,-0.0,-0.0,-0.0,-0.0
18,18,unloading,0.8,ed1bb1f289dd80e35770786895994323857058d5bbbea6db3a86d9a076828f16,3048,73.0,35.0,interior,-0.0,-0.0,-0.0,-0.0,-0.0,-0.0
18,18,unloading,0.8,ed1bb1f289dd80e35770786895994323857058d5bbbea6db3a86d9a076828f16,3049,74.0,35.0,interior,-0.0,-0.0,-0.0,-0.0,-0.0,-0.0
18,18,unloading,0.8,ed1bb1f289dd80e35770786895994323857058d5bbbea6db3a86d9a076828f16,3050,75.0,35.0,interior,-0.0,-0.0,-0.0,-0.0,-0.0,-0.0
18,18,unloading,0.8,ed1bb1f289dd80e35770786895994323857058d5bbbea6db3a86d9a076828f16,3051,76.0,35.0,interior,-0.0,-0.0,-0.0,-0.0,-0.0,-0.0
18,18,unloading,0.8,ed1bb1f289dd80e35770786895994323857058d5bbbea6db3a86d9a076828f16,3052,77.0,35.0,interior,-0.0,-0.0,-0.0,-0.0,-0.0,-0.0
18,18,unloading,0.8,ed1bb1f289dd80e35770786895994323857058d5bbbea6db3a86d9a076828f16,3053,78.0,35.0,interior,-0.0,-0.0,-0.0,-0.0,-0.0,-0.0
18,18,unloading,0.8,ed1bb1f289dd80e35770786895994323857058d5bbbea6db3a86d9a076828f16,3054,79.0,35.0,interior,-0.0,-0.0,-0.0,-0.0,-0.0,-0.0
18,18,unloading,0.8,ed1bb1f289dd80e35770786895994323857058d5bbbea6db3a86d9a076828f16,3055,80.0,35.0,physical_only,4.790854953436182e-07,-1.532323804372094e-07,8.890390110894807e-07,-6.511481246976939e-07,-4.099535157458626e-07,4.979157442604832e-07
18,18,unloading,0.8,ed1bb1f289dd80e35770786895994323857058d5bbbea6db3a86d9a076828f16,3122,62.0,36.0,physical_only,-4.833001583623131e-06,1.86382208625586e-07,-3.7520622300793107e-06,6.168090655838377e-08,-1.0809393535438206e-06,1.2470130206720233e-07
18,18,unloading,0.8,ed1bb1f289dd80e35770786895994323857058d5bbbea6db3a86d9a076828f16,3123,63.0,36.0,interior,-0.0,-0.0,-0.0,-0.0,-0.0,-0.0
18,18,unloading,0.8,ed1bb1f289dd80e35770786895994323857058d5bbbea6db3a86d9a076828f16,3124,64.0,36.0,interior,-0.0,-0.0,-0.0,-0.0,-0.0,-0.0
18,18,unloading,0.8,ed1bb1f289dd80e35770786895994323857058d5bbbea6db3a86d9a076828f16,3125,65.0,36.0,interior,-0.0,-0.0,-0.0,-0.0,-0.0,-0.0
18,18,unloading,0.8,ed1bb1f289dd80e35770786895994323857058d5bbbea6db3a86d9a076828f16,3126,66.0,36.0,interior,-0.0,-0.0,-0.0,-0.0,-0.0,-0.0
18,18,unloading,0.8,ed1bb1f289dd80e35770786895994323857058d5bbbea6db3a86d9a076828f16,3127,67.0,36.0,interior,-0.0,-0.0,-0.0,-0.0,-0.0,-0.0
18,18,unloading,0.8,ed1bb1f289dd80e35770786895994323857058d5bbbea6db3a86d9a076828f16,3128,68.0,36.0,interior,-0.0,-0.0,-0.0,-0.0,-0.0,-0.0
18,18,unloading,0.8,ed1bb1f289dd80e35770786895994323857058d5bbbea6db3a86d9a076828f16,3129,69.0,36.0,interior,-0.0,-0.0,-0.0,-0.0,-0.0,-0.0
18,18,unloading,0.8,ed1bb1f289dd80e35770786895994323857058d5bbbea6db3a86d9a076828f16,3130,70.0,36.0,interior,-0.0,-0.0,-0.0,-0.0,-0.0,-0.0
18,18,unloading,0.8,ed1bb1f289dd80e35770786895994323857058d5bbbea6db3a86d9a076828f16,3131,71.0,36.0,interior,-0.0,-0.0,-0.0,-0.0,-0.0,-0.0
18,18,unloading,0.8,ed1bb1f289dd80e35770786895994323857058d5bbbea6db3a86d9a076828f16,3132,72.0,36.0,interior,-0.0,-0.0,-0.0,-0.0,-0.0,-0.0
18,18,unloading,0.8,ed1bb1f289dd80e35770786895994323857058d5bbbea6db3a86d9a076828f16,3133,73.0,36.0,interior,-0.0,-0.0,-0.0,-0.0,-0.0,-0.0
18,18,unloading,0.8,ed1bb1f289dd80e35770786895994323857058d5bbbea6db3a86d9a076828f16,3134,74.0,36.0,interior,-0.0,-0.0,-0.0,-0.0,-0.0,-0.0
18,18,unloading,0.8,ed1bb1f289dd80e35770786895994323857058d5bbbea6db3a86d9a076828f16,3135,75.0,36.0,interior,-0.0,-0.0,-0.0,-0.0,-0.0,-0.0
18,18,unloading,0.8,ed1bb1f289dd80e35770786895994323857058d5bbbea6db3a86d9a076828f16,3136,76.0,36.0,interior,-0.0,-0.0,-0.0,-0.0,-0.0,-0.0
18,18,unloading,0.8,ed1bb1f289dd80e35770786895994323857058d5bbbea6db3a86d9a076828f16,3137,77.0,36.0,interior,-0.0,-0.0,-0.0,-0.0,-0.0,-0.0
18,18,unloading,0.8,ed1bb1f289dd80e35770786895994323857058d5bbbea6db3a86d9a076828f16,3138,78.0,36.0,interior,-0.0,-0.0,-0.0,-0.0,-0.0,-0.0
18,18,unloading,0.8,ed1bb1f289dd80e35770786895994323857058d5bbbea6db3a86d9a076828f16,3139,79.0,36.0,interior,-0.0,-0.0,-0.0,-0.0,-0.0,-0.0
18,18,unloading,0.8,ed1bb1f289dd80e35770786895994323857058d5bbbea6db3a86d9a076828f16,3140,80.0,36.0,physical_only,4.7257203259110715e-07,-1.193211592621178e-07,8.646267447055403e-07,-5.175420527644712e-07,-3.9205471211443316e-07,3.9822089350234743e-07
18,18,unloading,0.8,ed1bb1f289dd80e35770786895994323857058d5bbbea6db3a86d9a076828f16,3207,62.0,37.0,physical_only,-4.9698909279648725e-06,2.221967124055582e-07,-3.833843285831007e-06,4.849648171472321e-08,-1.1360476421338651e-06,1.737002306908351e-07
18,18,unloading,0.8,ed1bb1f289dd80e35770786895994323857058d5bbbea6db3a86d9a076828f16,3208,63.0,37.0,interior,-0.0,-0.0,-0.0,-0.0,-0.0,-0.0
18,18,unloading,0.8,ed1bb1f289dd80e35770786895994323857058d5bbbea6db3a86d9a076828f16,3209,64.0,37.0,interior,-0.0,-0.0,-0.0,-0.0,-0.0,-0.0
18,18,unloading,0.8,ed1bb1f289dd80e35770786895994323857058d5bbbea6db3a86d9a076828f16,3210,65.0,37.0,interior,-0.0,-0.0,-0.0,-0.0,-0.0,-0.0
18,18,unloading,0.8,ed1bb1f289dd80e35770786895994323857058d5bbbea6db3a86d9a076828f16,3211,66.0,37.0,interior,-0.0,-0.0,-0.0,-0.0,-0.0,-0.0
18,18,unloading,0.8,ed1bb1f289dd80e35770786895994323857058d5bbbea6db3a86d9a076828f16,3212,67.0,37.0,interior,-0.0,-0.0,-0.0,-0.0,-0.0,-0.0
18,18,unloading,0.8,ed1bb1f289dd80e35770786895994323857058d5bbbea6db3a86d9a076828f16,3213,68.0,37.0,interior,-0.0,-0.0,-0.0,-0.0,-0.0,-0.0
18,18,unloading,0.8,ed1bb1f289dd80e35770786895994323857058d5bbbea6db3a86d9a076828f16,3214,69.0,37.0,interior,-0.0,-0.0,-0.0,-0.0,-0.0,-0.0
18,18,unloading,0.8,ed1bb1f289dd80e35770786895994323857058d5bbbea6db3a86d9a076828f16,3215,70.0,37.0,interior,-0.0,-0.0,-0.0,-0.0,-0.0,-0.0
18,18,unloading,0.8,ed1bb1f289dd80e35770786895994323857058d5bbbea6db3a86d9a076828f16,3216,71.0,37.0,interior,-0.0,-0.0,-0.0,-0.0,-0.0,-0.0
18,18,unloading,0.8,ed1bb1f289dd80e35770786895994323857058d5bbbea6db3a86d9a076828f16,3217,72.0,37.0,interior,-0.0,-0.0,-0.0,-0.0,-0.0,-0.0
18,18,unloading,0.8,ed1bb1f289dd80e35770786895994323857058d5bbbea6db3a86d9a076828f16,3218,73.0,37.0,interior,-0.0,-0.0,-0.0,-0.0,-0.0,-0.0
18,18,unloading,0.8,ed1bb1f289dd80e35770786895994323857058d5bbbea6db3a86d9a076828f16,3219,74.0,37.0,interior,-0.0,-0.0,-0.0,-0.0,-0.0,-0.0
18,18,unloading,0.8,ed1bb1f289dd80e35770786895994323857058d5bbbea6db3a86d9a076828f16,3220,75.0,37.0,interior,-0.0,-0.0,-0.0,-0.0,-0.0,-0.0
18,18,unloading,0.8,ed1bb1f289dd80e35770786895994323857058d5bbbea6db3a86d9a076828f16,3221,76.0,37.0,interior,-0.0,-0.0,-0.0,-0.0,-0.0,-0.0
18,18,unloading,0.8,ed1bb1f289dd80e35770786895994323857058d5bbbea6db3a86d9a076828f16,3222,77.0,37.0,interior,-0.0,-0.0,-0.0,-0.0,-0.0,-0.0
18,18,unloading,0.8,ed1bb1f289dd80e35770786895994323857058d5bbbea6db3a86d9a076828f16,3223,78.0,37.0,interior,-0.0,-0.0,-0.0,-0.0,-0.0,-0.0
18,18,unloading,0.8,ed1bb1f289dd80e35770786895994323857058d5bbbea6db3a86d9a076828f16,3224,79.0,37.0,interior,-0.0,-0.0,-0.0,-0.0,-0.0,-0.0
18,18,unloading,0.8,ed1bb1f289dd80e35770786895994323857058d5bbbea6db3a86d9a076828f16,3225,80.0,37.0,physical_only,4.6748533854856505e-07,-8.765914369769992e-08,8.459340696534578e-07,-3.8620296695866174e-07,-3.7844873110489265e-07,2.985438232609624e-07
18,18,unloading,0.8,ed1bb1f289dd80e35770786895994323857058d5bbbea6db3a86d9a076828f16,3292,62.0,38.0,physical_only,-5.088648955771909e-06,1.7746339178689008e-07,-3.893662377968237e-06,3.362977095179343e-08,-1.1949865778036722e-06,1.4383362083509633e-07
18,18,unloading,0.8,ed1bb1f289dd80e35770786895994323857058d5bbbea6db3a86d9a076828f16,3293,63.0,38.0,interior,-0.0,-0.0,-0.0,-0.0,-0.0,-0.0
18,18,unloading,0.8,ed1bb1f289dd80e35770786895994323857058d5bbbea6db3a86d9a076828f16,3294,64.0,38.0,interior,-0.0,-0.0,-0.0,-0.0,-0.0,-0.0
18,18,unloading,0.8,ed1bb1f289dd80e35770786895994323857058d5bbbea6db3a86d9a076828f16,3295,65.0,38.0,interior,-0.0,-0.0,-0.0,-0.0,-0.0,-0.0
18,18,unloading,0.8,ed1bb1f289dd80e35770786895994323857058d5bbbea6db3a86d9a076828f16,3296,66.0,38.0,interior,-0.0,-0.0,-0.0,-0.0,-0.0,-0.0
18,18,unloading,0.8,ed1bb1f289dd80e35770786895994323857058d5bbbea6db3a86d9a076828f16,3297,67.0,38.0,interior,-0.0,-0.0,-0.0,-0.0,-0.0,-0.0
18,18,unloading,0.8,ed1bb1f289dd80e35770786895994323857058d5bbbea6db3a86d9a076828f16,3298,68.0,38.0,interior,-0.0,-0.0,-0.0,-0.0,-0.0,-0.0
18,18,unloading,0.8,ed1bb1f289dd80e35770786895994323857058d5bbbea6db3a86d9a076828f16,3299,69.0,38.0,interior,-0.0,-0.0,-0.0,-0.0,-0.0,-0.0
18,18,unloading,0.8,ed1bb1f289dd80e35770786895994323857058d5bbbea6db3a86d9a076828f16,3300,70.0,38.0,interior,-0.0,-0.0,-0.0,-0.0,-0.0,-0.0
18,18,unloading,0.8,ed1bb1f289dd80e35770786895994323857058d5bbbea6db3a86d9a076828f16,3301,71.0,38.0,interior,-0.0,-0.0,-0.0,-0.0,-0.0,-0.0
18,18,unloading,0.8,ed1bb1f289dd80e35770786895994323857058d5bbbea6db3a86d9a076828f16,3302,72.0,38.0,interior,-0.0,-0.0,-0.0,-0.0,-0.0,-0.0
18,18,unloading,0.8,ed1bb1f289dd80e35770786895994323857058d5bbbea6db3a86d9a076828f16,3303,73.0,38.0,interior,-0.0,-0.0,-0.0,-0.0,-0.0,-0.0
18,18,unloading,0.8,ed1bb1f289dd80e35770786895994323857058d5bbbea6db3a86d9a076828f16,3304,74.0,38.0,interior,-0.0,-0.0,-0.0,-0.0,-0.0,-0.0
18,18,unloading,0.8,ed1bb1f289dd80e35770786895994323857058d5bbbea6db3a86d9a076828f16,3305,75.0,38.0,interior,-0.0,-0.0,-0.0,-0.0,-0.0,-0.0
18,18,unloading,0.8,ed1bb1f289dd80e35770786895994323857058d5bbbea6db3a86d9a076828f16,3306,76.0,38.0,interior,-0.0,-0.0,-0.0,-0.0,-0.0,-0.0
18,18,unloading,0.8,ed1bb1f289dd80e35770786895994323857058d5bbbea6db3a86d9a076828f16,3307,77.0,38.0,interior,-0.0,-0.0,-0.0,-0.0,-0.0,-0.0
18,18,unloading,0.8,ed1bb1f289dd80e35770786895994323857058d5bbbea6db3a86d9a076828f16,3308,78.0,38.0,interior,-0.0,-0.0,-0.0,-0.0,-0.0,-0.0
18,18,unloading,0.8,ed1bb1f289dd80e35770786895994323857058d5bbbea6db3a86d9a076828f16,3309,79.0,38.0,interior,-0.0,-0.0,-0.0,-0.0,-0.0,-0.0
18,18,unloading,0.8,ed1bb1f289dd80e35770786895994323857058d5bbbea6db3a86d9a076828f16,3310,80.0,38.0,physical_only,4.638424886841532e-07,-5.7591789488530335e-08,8.327374545706267e-07,-2.5654402233668794e-07,-3.688949658864736e-07,1.9895223284816253e-07
18,18,unloading,0.8,ed1bb1f289dd80e35770786895994323857058d5bbbea6db3a86d9a076828f16,3377,62.0,39.0,physical_only,-5.16076760502748e-06,9.487681327464259e-08,-3.930202997734597e-06,1.7241324215567237e-08,-1.2305646072928838e-06,7.763548905907567e-08
18,18,unloading,0.8,ed1bb1f289dd80e35770786895994323857058d5bbbea6db3a86d9a076828f16,3378,63.0,39.0,interior,-0.0,-0.0,-0.0,-0.0,-0.0,-0.0
18,18,unloading,0.8,ed1bb1f289dd80e35770786895994323857058d5bbbea6db3a86d9a076828f16,3379,64.0,39.0,interior,-0.0,-0.0,-0.0,-0.0,-0.0,-0.0
18,18,unloading,0.8,ed1bb1f289dd80e35770786895994323857058d5bbbea6db3a86d9a076828f16,3380,65.0,39.0,interior,-0.0,-0.0,-0.0,-0.0,-0.0,-0.0
18,18,unloading,0.8,ed1bb1f289dd80e35770786895994323857058d5bbbea6db3a86d9a076828f16,3381,66.0,39.0,interior,-0.0,-0.0,-0.0,-0.0,-0.0,-0.0
18,18,unloading,0.8,ed1bb1f289dd80e35770786895994323857058d5bbbea6db3a86d9a076828f16,3382,67.0,39.0,interior,-0.0,-0.0,-0.0,-0.0,-0.0,-0.0
18,18,unloading,0.8,ed1bb1f289dd80e35770786895994323857058d5bbbea6db3a86d9a076828f16,3383,68.0,39.0,interior,-0.0,-0.0,-0.0,-0.0,-0.0,-0.0
18,18,unloading,0.8,ed1bb1f289dd80e35770786895994323857058d5bbbea6db3a86d9a076828f16,3384,69.0,39.0,interior,-0.0,-0.0,-0.0,-0.0,-0.0,-0.0
18,18,unloading,0.8,ed1bb1f289dd80e35770786895994323857058d5bbbea6db3a86d9a076828f16,3385,70.0,39.0,interior,-0.0,-0.0,-0.0,-0.0,-0.0,-0.0
18,18,unloading,0.8,ed1bb1f289dd80e35770786895994323857058d5bbbea6db3a86d9a076828f16,3386,71.0,39.0,interior,-0.0,-0.0,-0.0,-0.0,-0.0,-0.0
18,18,unloading,0.8,ed1bb1f289dd80e35770786895994323857058d5bbbea6db3a86d9a076828f16,3387,72.0,39.0,interior,-0.0,-0.0,-0.0,-0.0,-0.0,-0.0
18,18,unloading,0.8,ed1bb1f289dd80e35770786895994323857058d5bbbea6db3a86d9a076828f16,3388,73.0,39.0,interior,-0.0,-0.0,-0.0,-0.0,-0.0,-0.0
18,18,unloading,0.8,ed1bb1f289dd80e35770786895994323857058d5bbbea6db3a86d9a076828f16,3389,74.0,39.0,interior,-0.0,-0.0,-0.0,-0.0,-0.0,-0.0
18,18,unloading,0.8,ed1bb1f289dd80e35770786895994323857058d5bbbea6db3a86d9a076828f16,3390,75.0,39.0,interior,-0.0,-0.0,-0.0,-0.0,-0.0,-0.0
18,18,unloading,0.8,ed1bb1f289dd80e35770786895994323857058d5bbbea6db3a86d9a076828f16,3391,76.0,39.0,interior,-0.0,-0.0,-0.0,-0.0,-0.0,-0.0
18,18,unloading,0.8,ed1bb1f289dd80e35770786895994323857058d5bbbea6db3a86d9a076828f16,3392,77.0,39.0,interior,-0.0,-0.0,-0.0,-0.0,-0.0,-0.0
18,18,unloading,0.8,ed1bb1f289dd80e35770786895994323857058d5bbbea6db3a86d9a076828f16,3393,78.0,39.0,interior,-0.0,-0.0,-0.0,-0.0,-0.0,-0.0
18,18,unloading,0.8,ed1bb1f289dd80e35770786895994323857058d5bbbea6db3a86d9a076828f16,3394,79.0,39.0,interior,-0.0,-0.0,-0.0,-0.0,-0.0,-0.0
18,18,unloading,0.8,ed1bb1f289dd80e35770786895994323857058d5bbbea6db3a86d9a076828f16,3395,80.0,39.0,physical_only,4.616534021049846e-07,-2.8546343318710437e-08,8.248808892416288e-07,-1.279957443774015e-07,-3.632274871366442e-07,9.944940105869113e-08
18,18,unloading,0.8,ed1bb1f289dd80e35770786895994323857058d5bbbea6db3a86d9a076828f16,3462,62.0,40.0,physical_and_cut,-2.5920494758254763e-06,-2.0013424615749647e-06,-1.9712484960543406e-06,-8.932777779453034e-07,-6.208009797711355e-07,-1.1080646836296611e-06
18,18,unloading,0.8,ed1bb1f289dd80e35770786895994323857058d5bbbea6db3a86d9a076828f16,3463,63.0,40.0,cut_only,-0.0,-0.0,-0.0,-0.0,-0.0,-0.0
18,18,unloading,0.8,ed1bb1f289dd80e35770786895994323857058d5bbbea6db3a86d9a076828f16,3464,64.0,40.0,cut_only,-0.0,-0.0,-0.0,-0.0,-0.0,-0.0
18,18,unloading,0.8,ed1bb1f289dd80e35770786895994323857058d5bbbea6db3a86d9a076828f16,3465,65.0,40.0,cut_only,-0.0,-0.0,-0.0,-0.0,-0.0,-0.0
18,18,unloading,0.8,ed1bb1f289dd80e35770786895994323857058d5bbbea6db3a86d9a076828f16,3466,66.0,40.0,cut_only,-0.0,-0.0,-0.0,-0.0,-0.0,-0.0
18,18,unloading,0.8,ed1bb1f289dd80e35770786895994323857058d5bbbea6db3a86d9a076828f16,3467,67.0,40.0,cut_only,-0.0,-0.0,-0.0,-0.0,-0.0,-0.0
18,18,unloading,0.8,ed1bb1f289dd80e35770786895994323857058d5bbbea6db3a86d9a076828f16,3468,68.0,40.0,cut_only,-0.0,-0.0,-0.0,-0.0,-0.0,-0.0
18,18,unloading,0.8,ed1bb1f289dd80e35770786895994323857058d5bbbea6db3a86d9a076828f16,3469,69.0,40.0,cut_only,-0.0,-0.0,-0.0,-0.0,-0.0,-0.0
18,18,unloading,0.8,ed1bb1f289dd80e35770786895994323857058d5bbbea6db3a86d9a076828f16,3470,70.0,40.0,cut_only,-0.0,-0.0,-0.0,-0.0,-0.0,-0.0
18,18,unloading,0.8,ed1bb1f289dd80e35770786895994323857058d5bbbea6db3a86d9a076828f16,3471,71.0,40.0,cut_only,-0.0,-0.0,-0.0,-0.0,-0.0,-0.0
18,18,unloading,0.8,ed1bb1f289dd80e35770786895994323857058d5bbbea6db3a86d9a076828f16,3472,72.0,40.0,cut_only,-0.0,-0.0,-0.0,-0.0,-0.0,-0.0
18,18,unloading,0.8,ed1bb1f289dd80e35770786895994323857058d5bbbea6db3a86d9a076828f16,3473,73.0,40.0,cut_only,-0.0,-0.0,-0.0,-0.0,-0.0,-0.0
18,18,unloading,0.8,ed1bb1f289dd80e35770786895994323857058d5bbbea6db3a86d9a076828f16,3474,74.0,40.0,cut_only,-0.0,-0.0,-0.0,-0.0,-0.0,-0.0
18,18,unloading,0.8,ed1bb1f289dd80e35770786895994323857058d5bbbea6db3a86d9a076828f16,3475,75.0,40.0,cut_only,-0.0,-0.0,-0.0,-0.0,-0.0,-0.0
18,18,unloading,0.8,ed1bb1f289dd80e35770786895994323857058d5bbbea6db3a86d9a076828f16,3476,76.0,40.0,cut_only,-0.0,-0.0,-0.0,-0.0,-0.0,-0.0
18,18,unloading,0.8,ed1bb1f289dd80e35770786895994323857058d5bbbea6db3a86d9a076828f16,3477,77.0,40.0,cut_only,-0.0,-0.0,-0.0,-0.0,-0.0,-0.0
18,18,unloading,0.8,ed1bb1f289dd80e35770786895994323857058d5bbbea6db3a86d9a076828f16,3478,78.0,40.0,cut_only,-0.0,-0.0,-0.0,-0.0,-0.0,-0.0
18,18,unloading,0.8,ed1bb1f289dd80e35770786895994323857058d5bbbea6db3a86d9a076828f16,3479,79.0,40.0,cut_only,-0.0,-0.0,-0.0,-0.0,-0.0,-0.0
18,18,unloading,0.8,ed1bb1f289dd80e35770786895994323857058d5bbbea6db3a86d9a076828f16,3480,80.0,40.0,physical_and_cut,2.304615921364169e-07,3.184934460287342e-05,4.111360987642461e-07,-2.3894493371171773e-07,-1.8067450662782921e-07,3.208828953658513e-05
19,19,unloading,0.75,81aa3061c01f19f6df865902d69d0656881761888447ed69d6d3a2da75f5b8c2,2697,62.0,31.0,physical_only,-0.00037710368886538205,-3.311677882945444e-05,-5.101220081743685e-06,5.406727263619552e-06,-0.00037200246878363834,-3.852350609307398e-05
19,19,unloading,0.75,81aa3061c01f19f6df865902d69d0656881761888447ed69d6d3a2da75f5b8c2,2698,63.0,31.0,physical_only,-1.53969668709072e-06,-3.590337671643479e-05,-2.7333660491650778e-06,6.1182227651840895e-06,1.1936693620743582e-06,-4.202159948161891e-05
19,19,unloading,0.75,81aa3061c01f19f6df865902d69d0656881761888447ed69d6d3a2da75f5b8c2,2699,64.0,31.0,physical_only,1.0698822900980056e-07,-4.689602652363121e-05,-2.7845642125385975e-06,7.7707292057059e-06,2.891552441548399e-06,-5.466675572933711e-05
19,19,unloading,0.75,81aa3061c01f19f6df865902d69d0656881761888447ed69d6d3a2da75f5b8c2,2700,65.0,31.0,physical_only,4.894813603742897e-07,-6.19118508774225e-05,-2.8478100183535115e-06,9.624152890483697e-06,3.337291378727802e-06,-7.153600376790621e-05
19,19,unloading,0.75,81aa3061c01f19f6df865902d69d0656881761888447ed69d6d3a2da75f5b8c2,2701,66.0,31.0,physical_only,-3.4433487207914306e-07,-7.897511756636155e-05,-2.9227610785211877e-06,1.1734898956909681e-05,2.5784262064420446e-06,-9.071001652327123e-05
19,19,unloading,0.75,81aa3061c01f19f6df865902d69d0656881761888447ed69d6d3a2da75f5b8c2,2702,67.0,31.0,physical_only,-1.5457854799492055e-06,-9.764572143857922e-05,-3.006798475043754e-06,1.4163584970123572e-05,1.4610129950945482e-06,-0.00011180930640870281
19,19,unloading,0.75,81aa3061c01f19f6df865902d69d0656881761888447ed69d6d3a2da75f5b8c2,2703,68.0,31.0,physical_only,-1.6124425406634188e-06,-0.00011963469755955827,-3.0992835349932286e-06,1.6979494844470323e-05,1.486840994329812e-06,-0.00013661419240402854
19,19,unloading,0.75,81aa3061c01f19f6df865902d69d0656881761888447ed69d6d3a2da75f5b8c2,2704,69.0,31.0,physical_only,-1.9053057539061205e-06,-0.00014643720461237502,-3.201486705808166e-06,2.0269948691306253e-05,1.2961809519020448e-06,-0.00016670715330368137
19,19,unloading,0.75,81aa3061c01f19f6df865902d69d0656881761888447ed69d6d3a2da75f5b8c2,2705,70.0,31.0,physical_only,-2.339390272512955e-06,-0.0001780263657867253,-3.3162539017757482e-06,2.4150702591592518e-05,9.768636292627954e-07,-0.00020217706837831776
19,19,unloading,0.75,81aa3061c01f19f6df865902d69d0656881761888447ed69d6d3a2da75f5b8c2,2706,71.0,31.0,physical_only,-2.9346359245629873e-06,-0.00021492285927919596,-3.4469529507613196e-06,2.8777293353053918e-05,5.12317026198331e-07,-0.00024370015263224984
19,19,unloading,0.75,81aa3061c01f19f6df865902d69d0656881761888447ed69d6d3a2da75f5b8c2,2707,72.0,31.0,physical_only,-3.6571918623575028e-06,-0.0002576282462219898,-3.598284136982773e-06,3.436293791695424e-05,-5.8907725374729436e-08,-0.00029199118413894424
19,19,unloading,0.75,81aa3061c01f19f6df865902d69d0656881761888447ed69d6d3a2da75f5b8c2,2708,73.0,31.0,physical_only,-4.738226259710552e-06,-0.00030546966264420323,-3.7763389652560466e-06,4.120579900918023e-05,-9.618872944545068e-07,-0.00034667546165338355
19,19,unloading,0.75,81aa3061c01f19f6df865902d69d0656881761888447ed69d6d3a2da75f5b8c2,2709,74.0,31.0,physical_only,-2.342446729544711e-06,-0.00036028554778458127,-3.991030833897597e-06,4.973659337950357e-05,1.6485841043528863e-06,-0.00041002214116408467
19,19,unloading,0.75,81aa3061c01f19f6df865902d69d0656881761888447ed69d6d3a2da75f5b8c2,2710,75.0,31.0,physical_only,3.3012003121971386e-06,-0.00043029067393036014,-4.260257227207851e-06,6.0613149785272534e-05,7.561457539404992e-06,-0.000490903823715633
19,19,unloading,0.75,81aa3061c01f19f6df865902d69d0656881761888447ed69d6d3a2da75f5b8c2,2711,76.0,31.0,physical_only,1.0190435194852864e-05,-0.0005265154481920967,-4.6165066660490635e-06,7.491505456364277e-05,1.4806941860901927e-05,-0.0006014305027557398
19,19,unloading,0.75,81aa3061c01f19f6df865902d69d0656881761888447ed69d6d3a2da75f5b8c2,2712,77.0,31.0,physical_only,8.759986863938924e-06,-0.0006408957943138693,-5.107483916111283e-06,9.450713437619556e-05,1.3867470780050205e-05,-0.0007354029286900645
19,19,unloading,0.75,81aa3061c01f19f6df865902d69d0656881761888447ed69d6d3a2da75f5b8c2,2713,78.0,31.0,physical_only,4.6596318384859884e-06,-0.000764121690413979,-5.810447521829471e-06,0.00012277992374249536,1.0470079360315445e-05,-0.0008869016141564746
19,19,unloading,0.75,81aa3061c01f19f6df865902d69d0656881761888447ed69d6d3a2da75f5b8c2,2714,79.0,31.0,physical_only,-4.081881488870338e-06,-0.0007616609141833357,-6.812095380349746e-06,0.00016609899170983474,2.7302138914794073e-06,-0.0009277599058931706
19,19,unloading,0.75,81aa3061c01f19f6df865902d69d0656881761888447ed69d6d3a2da75f5b8c2,2715,80.0,31.0,physical_only,-1.5051534862733929e-05,0.006686737659814302,7.842579009682396e-06,0.00017047328374841686,-2.2894113872416323e-05,0.006516264376065886
19,19,unloading,0.75,81aa3061c01f19f6df865902d69d0656881761888447ed69d6d3a2da75f5b8c2,2782,62.0,32.0,physical_only,-6.411748839765844e-06,-1.1583678993259958e-06,-3.0553061246983558e-06,1.3609402711558261e-07,-3.3564427150674863e-06,-1.2944619264415788e-06
19,19,unloading,0.75,81aa3061c01f19f6df865902d69d0656881761888447ed69d6d3a2da75f5b8c2,2783,63.0,32.0,interior,-0.0,-0.0,-0.0,-0.0,-0.0,-0.0
19,19,unloading,0.75,81aa3061c01f19f6df865902d69d0656881761888447ed69d6d3a2da75f5b8c2,2784,64.0,32.0,interior,-0.0,-0.0,-0.0,-0.0,-0.0,-0.0
19,19,unloading,0.75,81aa3061c01f19f6df865902d69d0656881761888447ed69d6d3a2da75f5b8c2,2785,65.0,32.0,interior,-0.0,-0.0,-0.0,-0.0,-0.0,-0.0
19,19,unloading,0.75,81aa3061c01f19f6df865902d69d0656881761888447ed69d6d3a2da75f5b8c2,2786,66.0,32.0,interior,-0.0,-0.0,-0.0,-0.0,-0.0,-0.0
19,19,unloading,0.75,81aa3061c01f19f6df865902d69d0656881761888447ed69d6d3a2da75f5b8c2,2787,67.0,32.0,interior,-0.0,-0.0,-0.0,-0.0,-0.0,-0.0
19,19,unloading,0.75,81aa3061c01f19f6df865902d69d0656881761888447ed69d6d3a2da75f5b8c2,2788,68.0,32.0,interior,-0.0,-0.0,-0.0,-0.0,-0.0,-0.0
19,19,unloading,0.75,81aa3061c01f19f6df865902d69d0656881761888447ed69d6d3a2da75f5b8c2,2789,69.0,32.0,interior,-0.0,-0.0,-0.0,-0.0,-0.0,-0.0
19,19,unloading,0.75,81aa3061c01f19f6df865902d69d0656881761888447ed69d6d3a2da75f5b8c2,2790,70.0,32.0,interior,-0.0,-0.0,-0.0,-0.0,-0.0,-0.0
19,19,unloading,0.75,81aa3061c01f19f6df865902d69d0656881761888447ed69d6d3a2da75f5b8c2,2791,71.0,32.0,interior,-0.0,-0.0,-0.0,-0.0,-0.0,-0.0
19,19,unloading,0.75,81aa3061c01f19f6df865902d69d0656881761888447ed69d6d3a2da75f5b8c2,2792,72.0,32.0,interior,-0.0,-0.0,-0.0,-0.0,-0.0,-0.0
19,19,unloading,0.75,81aa3061c01f19f6df865902d69d0656881761888447ed69d6d3a2da75f5b8c2,2793,73.0,32.0,interior,-0.0,-0.0,-0.0,-0.0,-0.0,-0.0
19,19,unloading,0.75,81aa3061c01f19f6df865902d69d0656881761888447ed69d6d3a2da75f5b8c2,2794,74.0,32.0,interior,-0.0,-0.0,-0.0,-0.0,-0.0,-0.0
19,19,unloading,0.75,81aa3061c01f19f6df865902d69d0656881761888447ed69d6d3a2da75f5b8c2,2795,75.0,32.0,interior,-0.0,-0.0,-0.0,-0.0,-0.0,-0.0
19,19,unloading,0.75,81aa3061c01f19f6df865902d69d0656881761888447ed69d6d3a2da75f5b8c2,2796,76.0,32.0,interior,-0.0,-0.0,-0.0,-0.0,-0.0,-0.0
19,19,unloading,0.75,81aa3061c01f19f6df865902d69d0656881761888447ed69d6d3a2da75f5b8c2,2797,77.0,32.0,interior,-0.0,-0.0,-0.0,-0.0,-0.0,-0.0
19,19,unloading,0.75,81aa3061c01f19f6df865902d69d0656881761888447ed69d6d3a2da75f5b8c2,2798,78.0,32.0,interior,-0.0,-0.0,-0.0,-0.0,-0.0,-0.0
19,19,unloading,0.75,81aa3061c01f19f6df865902d69d0656881761888447ed69d6d3a2da75f5b8c2,2799,79.0,32.0,interior,-0.0,-0.0,-0.0,-0.0,-0.0,-0.0
19,19,unloading,0.75,81aa3061c01f19f6df865902d69d0656881761888447ed69d6d3a2da75f5b8c2,2800,80.0,32.0,physical_only,3.519198174186242e-07,-2.3602465833449948e-07,1.0530721126440997e-06,-7.10860171361756e-07,-7.011522952254755e-07,4.748355130272597e-07
19,19,unloading,0.75,81aa3061c01f19f6df865902d69d0656881761888447ed69d6d3a2da75f5b8c2,2867,62.0,33.0,physical_only,-5.177989143169415e-06,-7.580955917913153e-07,-3.23006614635832e-06,1.0610486563813471e-07,-1.9479229968110963e-06,-8.642004574294499e-07
19,19,unloading,0.75,81aa3061c01f19f6df865902d69d0656881761888447ed69d6d3a2da75f5b8c2,2868,63.0,33.0,interior,-0.0,-0.0,-0.0,-0.0,-0.0,-0.0
19,19,unloading,0.75,81aa3061c01f19f6df865902d69d0656881761888447ed69d6d3a2da75f5b8c2,2869,64.0,33.0,interior,-0.0,-0.0,-0.0,-0.0,-0.0,-0.0
19,19,unloading,0.75,81aa3061c01f19f6df865902d69d0656881761888447ed69d6d3a2da75f5b8c2,2870,65.0,33.0,interior,-0.0,-0.0,-0.0,-0.0,-0.0,-0.0
19,19,unloading,0.75,81aa3061c01f19f6df865902d69d0656881761888447ed69d6d3a2da75f5b8c2,2871,66.0,33.0,interior,-0.0,-0.0,-0.0,-0.0,-0.0,-0.0
19,19,unloading,0.75,81aa3061c01f19f6df865902d69d0656881761888447ed69d6d3a2da75f5b8c2,2872,67.0,33.0,interior,-0.0,-0.0,-0.0,-0.0,-0.0,-0.0
19,19,unloading,0.75,81aa3061c01f19f6df865902d69d0656881761888447ed69d6d3a2da75f5b8c2,2873,68.0,33.0,interior,-0.0,-0.0,-0.0,-0.0,-0.0,-0.0
19,19,unloading,0.75,81aa3061c01f19f6df865902d69d0656881761888447ed69d6d3a2da75f5b8c2,2874,69.0,33.0,interior,-0.0,-0.0,-0.0,-0.0,-0.0,-0.0
19,19,unloading,0.75,81aa3061c01f19f6df865902d69d0656881761888447ed69d6d3a2da75f5b8c2,2875,70.0,33.0,interior,-0.0,-0.0,-0.0,-0.0,-0.0,-0.0
19,19,unloading,0.75,81aa3061c01f19f6df865902d69d0656881761888447ed69d6d3a2da75f5b8c2,2876,71.0,33.0,interior,-0.0,-0.0,-0.0,-0.0,-0.0,-0.0
19,19,unloading,0.75,81aa3061c01f19f6df865902d69d0656881761888447ed69d6d3a2da75f5b8c2,2877,72.0,33.0,interior,-0.0,-0.0,-0.0,-0.0,-0.0,-0.0
19,19,unloading,0.75,81aa3061c01f19f6df865902d69d0656881761888447ed69d6d3a2da75f5b8c2,2878,73.0,33.0,interior,-0.0,-0.0,-0.0,-0.0,-0.0,-0.0
19,19,unloading,0.75,81aa3061c01f19f6df865902d69d0656881761888447ed69d6d3a2da75f5b8c2,2879,74.0,33.0,interior,-0.0,-0.0,-0.0,-0.0,-0.0,-0.0
19,19,unloading,0.75,81aa3061c01f19f6df865902d69d0656881761888447ed69d6d3a2da75f5b8c2,2880,75.0,33.0,interior,-0.0,-0.0,-0.0,-0.0,-0.0,-0.0
19,19,unloading,0.75,81aa3061c01f19f6df865902d69d0656881761888447ed69d6d3a2da75f5b8c2,2881,76.0,33.0,interior,-0.0,-0.0,-0.0,-0.0,-0.0,-0.0
19,19,unloading,0.75,81aa3061c01f19f6df865902d69d0656881761888447ed69d6d3a2da75f5b8c2,2882,77.0,33.0,interior,-0.0,-0.0,-0.0,-0.0,-0.0,-0.0
19,19,unloading,0.75,81aa3061c01f19f6df865902d69d0656881761888447ed69d6d3a2da75f5b8c2,2883,78.0,33.0,interior,-0.0,-0.0,-0.0,-0.0,-0.0,-0.0
19,19,unloading,0.75,81aa3061c01f19f6df865902d69d0656881761888447ed69d6d3a2da75f5b8c2,2884,79.0,33.0,interior,-0.0,-0.0,-0.0,-0.0,-0.0,-0.0
19,19,unloading,0.75,81aa3061c01f19f6df865902d69d0656881761888447ed69d6d3a2da75f5b8c2,2885,80.0,33.0,physical_only,3.43510114097794e-07,-1.9719059253674631e-07,9.949152451517167e-07,-6.14758225740746e-07,-6.514051310539224e-07,4.175676332040001e-07
19,19,unloading,0.75,81aa3061c01f19f6df865902d69d0656881761888447ed69d6d3a2da75f5b8c2,2952,62.0,34.0,physical_only,-4.624066338130031e-06,-3.231694098644103e-07,-3.3683518080120777e-06,8.677078045879375e-08,-1.255714530117954e-06,-4.0994019032320414e-07
19,19,unloading,0.75,81aa3061c01f19f6df865902d69d0656881761888447ed69d6d3a2da75f5b8c2,2953,63.0,34.0,interior,-0.0,-0.0,-0.0,-0.0,-0.0,-0.0
19,19,unloading,0.75,81aa3061c01f19f6df865902d69d0656881761888447ed69d6d3a2da75f5b8c2,2954,64.0,34.0,interior,-0.0,-0.0,-0.0,-0.0,-0.0,-0.0
19,19,unloading,0.75,81aa3061c01f19f6df865902d69d0656881761888447ed69d6d3a2da75f5b8c2,2955,65.0,34.0,interior,-0.0,-0.0,-0.0,-0.0,-0.0,-0.0
19,19,unloading,0.75,81aa3061c01f19f6df865902d69d0656881761888447ed69d6d3a2da75f5b8c2,2956,66.0,34.0,interior,-0.0,-0.0,-0.0,-0.0,-0.0,-0.0
19,19,unloading,0.75,81aa3061c01f19f6df865902d69d0656881761888447ed69d6d3a2da75f5b8c2,2957,67.0,34.0,interior,-0.0,-0.0,-0.0,-0.0,-0.0,-0.0
19,19,unloading,0.75,81aa3061c01f19f6df865902d69d0656881761888447ed69d6d3a2da75f5b8c2,2958,68.0,34.0,interior,-0.0,-0.0,-0.0,-0.0,-0.0,-0.0
19,19,unloading,0.75,81aa3061c01f19f6df865902d69d0656881761888447ed69d6d3a2da75f5b8c2,2959,69.0,34.0,interior,-0.0,-0.0,-0.0,-0.0,-0.0,-0.0
19,19,unloading,0.75,81aa3061c01f19f6df865902d69d0656881761888447ed69d6d3a2da75f5b8c2,2960,70.0,34.0,interior,-0.0,-0.0,-0.0,-0.0,-0.0,-0.0
19,19,unloading,0.75,81aa3061c01f19f6df865902d69d0656881761888447ed69d6d3a2da75f5b8c2,2961,71.0,34.0,interior,-0.0,-0.0,-0.0,-0.0,-0.0,-0.0
19,19,unloading,0.75,81aa3061c01f19f6df865902d69d0656881761888447ed69d6d3a2da75f5b8c2,2962,72.0,34.0,interior,-0.0,-0.0,-0.0,-0.0,-0.0,-0.0
19,19,unloading,0.75,81aa3061c01f19f6df865902d69d0656881761888447ed69d6d3a2da75f5b8c2,2963,73.0,34.0,interior,-0.0,-0.0,-0.0,-0.0,-0.0,-0.0
19,19,unloading,0.75,81aa3061c01f19f6df865902d69d0656881761888447ed69d6d3a2da75f5b8c2,2964,74.0,34.0,interior,-0.0,-0.0,-0.0,-0.0,-0.0,-0.0
19,19,unloading,0.75,81aa3061c01f19f6df865902d69d0656881761888447ed69d6d3a2da75f5b8c2,2965,75.0,34.0,interior,-0.0,-0.0,-0.0,-0.0,-0.0,-0.0
19,19,unloading,0.75,81aa3061c01f19f6df865902d69d0656881761888447ed69d6d3a2da75f5b8c2,2966,76.0,34.0,interior,-0.0,-0.0,-0.0,-0.0,-0.0,-0.0
19,19,unloading,0.75,81aa3061c01f19f6df865902d69d0656881761888447ed69d6d3a2da75f5b8c2,2967,77.0,34.0,interior,-0.0,-0.0,-0.0,-0.0,-0.0,-0.0
19,19,unloading,0.75,81aa3061c01f19f6df865902d69d0656881761888447ed69d6d3a2da75f5b8c2,2968,78.0,34.0,interior,-0.0,-0.0,-0.0,-0.0,-0.0,-0.0
19,19,unloading,0.75,81aa3061c01f19f6df865902d69d0656881761888447ed69d6d3a2da75f5b8c2,2969,79.0,34.0,interior,-0.0,-0.0,-0.0,-0.0,-0.0,-0.0
19,19,unloading,0.75,81aa3061c01f19f6df865902d69d0656881761888447ed69d6d3a2da75f5b8c2,2970,80.0,34.0,physical_only,3.3627397079795997e-07,-1.6252529276321182e-07,9.461139684031231e-07,-5.216568910763787e-07,-6.098399976051629e-07,3.5913159831316686e-07
19,19,unloading,0.75,81aa3061c01f19f6df865902d69d0656881761888447ed69d6d3a2da75f5b8c2,3037,62.0,35.0,physical_only,-4.487655897180491e-06,7.824163102488062e-09,-3.481699631780196e-06,7.291887089377543e-08,-1.0059562654002945e-06,-6.509470779128747e-08
19,19,unloading,0.75,81aa3061c01f19f6df865902d69d0656881761888447ed69d6d3a2da75f5b8c2,3038,63.0,35.0,interior,-0.0,-0.0,-0.0,-0.0,-0.0,-0.0
19,19,unloading,0.75,81aa3061c01f19f6df865902d69d0656881761888447ed69d6d3a2da75f5b8c2,3039,64.0,35.0,interior,-0.0,-0.0,-0.0,-0.0,-0.0,-0.0
19,19,unloading,0.75,81aa3061c01f19f6df865902d69d0656881761888447ed69d6d3a2da75f5b8c2,3040,65.0,35.0,interior,-0.0,-0.0,-0.0,-0.0,-0.0,-0.0
19,19,unloading,0.75,81aa3061c01f19f6df865902d69d0656881761888447ed69d6d3a2da75f5b8c2,3041,66.0,35.0,interior,-0.0,-0.0,-0.0,-0.0,-0.0,-0.0
19,19,unloading,0.75,81aa3061c01f19f6df865902d69d0656881761888447ed69d6d3a2da75f5b8c2,3042,67.0,35.0,interior,-0.0,-0.0,-0.0,-0.0,-0.0,-0.0
19,19,unloading,0.75,81aa3061c01f19f6df865902d69d0656881761888447ed69d6d3a2da75f5b8c2,3043,68.0,35.0,interior,-0.0,-0.0,-0.0,-0.0,-0.0,-0.0
19,19,unloading,0.75,81aa3061c01f19f6df865902d69d0656881761888447ed69d6d3a2da75f5b8c2,3044,69.0,35.0,interior,-0.0,-0.0,-0.0,-0.0,-0.0,-0.0
19,19,unloading,0.75,81aa3061c01f19f6df865902d69d0656881761888447ed69d6d3a2da75f5b8c2,3045,70.0,35.0,interior,-0.0,-0.0,-0.0,-0.0,-0.0,-0.0
19,19,unloading,0.75,81aa3061c01f19f6df865902d69d0656881761888447ed69d6d3a2da75f5b8c2,3046,71.0,35.0,interior,-0.0,-0.0,-0.0,-0.0,-0.0,-0.0
19,19,unloading,0.75,81aa3061c01f19f6df865902d69d0656881761888447ed69d6d3a2da75f5b8c2,3047,72.0,35.0,interior,-0.0,-0.0,-0.0,-0.0,-0.0,-0.0
19,19,unloading,0.75,81aa3061c01f19f6df865902d69d0656881761888447ed69d6d3a2da75f5b8c2,3048,73.0,35.0,interior,-0.0,-0.0,-0.0,-0.0,-0.0,-0.0
19,19,unloading,0.75,81aa3061c01f19f6df865902d69d0656881761888447ed69d6d3a2da75f5b8c2,3049,74.0,35.0,interior,-0.0,-0.0,-0.0,-0.0,-0.0,-0.0
19,19,unloading,0.75,81aa3061c01f19f6df865902d69d0656881761888447ed69d6d3a2da75f5b8c2,3050,75.0,35.0,interior,-0.0,-0.0,-0.0,-0.0,-0.0,-0.0
19,19,unloading,0.75,81aa3061c01f19f6df865902d69d0656881761888447ed69d6d3a2da75f5b8c2,3051,76.0,35.0,interior,-0.0,-0.0,-0.0,-0.0,-0.0,-0.0
19,19,unloading,0.75,81aa3061c01f19f6df865902d69d0656881761888447ed69d6d3a2da75f5b8c2,3052,77.0,35.0,interior,-0.0,-0.0,-0.0,-0.0,-0.0,-0.0
19,19,unloading,0.75,81aa3061c01f19f6df865902d69d0656881761888447ed69d6d3a2da75f5b8c2,3053,78.0,35.0,interior,-0.0,-0.0,-0.0,-0.0,-0.0,-0.0
19,19,unloading,0.75,81aa3061c01f19f6df865902d69d0656881761888447ed69d6d3a2da75f5b8c2,3054,79.0,35.0,interior,-0.0,-0.0,-0.0,-0.0,-0.0,-0.0
19,19,unloading,0.75,81aa3061c01f19f6df865902d69d0656881761888447ed69d6d3a2da75f5b8c2,3055,80.0,35.0,physical_only,3.301882608205471e-07,-1.3109827934502585e-07,9.059423826959543e-07,-4.3105188766562994e-07,-5.757541218754073e-07,2.9995360832060276e-07
19,19,unloading,0.75,81aa3061c01f19f6df865902d69d0656881761888447ed69d6d3a2da75f5b8c2,3122,62.0,36.0,physical_only,-4.567730176492824e-06,1.7533818726969145e-07,-3.575107420650739e-06,6.063295915937689e-08,-9.926227558420847e-07,1.1470522811031477e-07
19,19,unloading,0.75,81aa3061c01f19f6df865902d69d0656881761888447ed69d6d3a2da75f5b8c2,3123,63.0,36.0,interior,-0.0,-0.0,-0.0,-0.0,-0.0,-0.0
19,19,unloading,0.75,81aa3061c01f19f6df865902d69d0656881761888447ed69d6d3a2da75f5b8c2,3124,64.0,36.0,interior,-0.0,-0.0,-0.0,-0.0,-0.0,-0.0
19,19,unloading,0.75,81aa3061c01f19f6df865902d69d0656881761888447ed69d6d3a2da75f5b8c2,3125,65.0,36.0,interior,-0.0,-0.0,-0.0,-0.0,-0.0,-0.0
19,19,unloading,0.75,81aa3061c01f19f6df865902d69d0656881761888447ed69d6d3a2da75f5b8c2,3126,66.0,36.0,interior,-0.0,-0.0,-0.0,-0.0,-0.0,-0.0
19,19,unloading,0.75,81aa3061c01f19f6df865902d69d0656881761888447ed69d6d3a2da75f5b8c2,3127,67.0,36.0,interior,-0.0,-0.0,-0.0,-0.0,-0.0,-0.0
19,19,unloading,0.75,81aa3061c01f19f6df865902d69d0656881761888447ed69d6d3a2da75f5b8c2,3128,68.0,36.0,interior,-0.0,-0.0,-0.0,-0.0,-0.0,-0.0
19,19,unloading,0.75,81aa3061c01f19f6df865902d69d0656881761888447ed69d6d3a2da75f5b8c2,3129,69.0,36.0,interior,-0.0,-0.0,-0.0,-0.0,-0.0,-0.0
19,19,unloading,0.75,81aa3061c01f19f6df865902d69d0656881761888447ed69d6d3a2da75f5b8c2,3130,70.0,36.0,interior,-0.0,-0.0,-0.0,-0.0,-0.0,-0.0
19,19,unloading,0.75,81aa3061c01f19f6df865902d69d0656881761888447ed69d6d3a2da75f5b8c2,3131,71.0,36.0,interior,-0.0,-0.0,-0.0,-0.0,-0.0,-0.0
19,19,unloading,0.75,81aa3061c01f19f6df865902d69d0656881761888447ed69d6d3a2da75f5b8c2,3132,72.0,36.0,interior,-0.0,-0.0,-0.0,-0.0,-0.0,-0.0
19,19,unloading,0.75,81aa3061c01f19f6df865902d69d0656881761888447ed69d6d3a2da75f5b8c2,3133,73.0,36.0,interior,-0.0,-0.0,-0.0,-0.0,-0.0,-0.0
19,19,unloading,0.75,81aa3061c01f19f6df865902d69d0656881761888447ed69d6d3a2da75f5b8c2,3134,74.0,36.0,interior,-0.0,-0.0,-0.0,-0.0,-0.0,-0.0
19,19,unloading,0.75,81aa3061c01f19f6df865902d69d0656881761888447ed69d6d3a2da75f5b8c2,3135,75.0,36.0,interior,-0.0,-0.0,-0.0,-0.0,-0.0,-0.0
19,19,unloading,0.75,81aa3061c01f19f6df865902d69d0656881761888447ed69d6d3a2da75f5b8c2,3136,76.0,36.0,interior,-0.0,-0.0,-0.0,-0.0,-0.0,-0.0
19,19,unloading,0.75,81aa3061c01f19f6df865902d69d0656881761888447ed69d6d3a2da75f5b8c2,3137,77.0,36.0,interior,-0.0,-0.0,-0.0,-0.0,-0.0,-0.0
19,19,unloading,0.75,81aa3061c01f19f6df865902d69d0656881761888447ed69d6d3a2da75f5b8c2,3138,78.0,36.0,interior,-0.0,-0.0,-0.0,-0.0,-0.0,-0.0
19,19,unloading,0.75,81aa3061c01f19f6df865902d69d0656881761888447ed69d6d3a2da75f5b8c2,3139,79.0,36.0,interior,-0.0,-0.0,-0.0,-0.0,-0.0,-0.0
19,19,unloading,0.75,81aa3061c01f19f6df865902d69d0656881761888447ed69d6d3a2da75f5b8c2,3140,80.0,36.0,physical_only,3.2523412201923673e-07,-1.0215988222566017e-07,8.738177663169952e-07,-3.4247620604752393e-07,-5.485836442977584e-07,2.4031632382186005e-07
19,19,unloading,0.75,81aa3061c01f19f6df865902d69d0656881761888447ed69d6d3a2da75f5b8c2,3207,62.0,37.0,physical_only,-4.70638637281459e-06,2.1410764771795856e-07,-3.6495414154987554e-06,4.7576707608131195e-08,-1.0568449573158354e-06,1.6653094010982747e-07
19,19,unloading,0.75,81aa3061c01f19f6df865902d69d0656881761888447ed69d6d3a2da75f5b8c2,3208,63.0,37.0,interior,-0.0,-0.0,-0.0,-0.0,-0.0,-0.0
19,19,unloading,0.75,81aa3061c01f19f6df865902d69d0656881761888447ed69d6d3a2da75f5b8c2,3209,64.0,37.0,interior,-0.0,-0.0,-0.0,-0.0,-0.0,-0.0
19,19,unloading,0.75,81aa3061c01f19f6df865902d69d0656881761888447ed69d6d3a2da75f5b8c2,3210,65.0,37.0,interior,-0.0,-0.0,-0.0,-0.0,-0.0,-0.0
19,19,unloading,0.75,81aa3061c01f19f6df865902d69d0656881761888447ed69d6d3a2da75f5b8c2,3211,66.0,37.0,interior,-0.0,-0.0,-0.0,-0.0,-0.0,-0.0
19,19,unloading,0.75,81aa3061c01f19f6df865902d69d0656881761888447ed69d6d3a2da75f5b8c2,3212,67.0,37.0,interior,-0.0,-0.0,-0.0,-0.0,-0.0,-0.0
19,19,unloading,0.75,81aa3061c01f19f6df865902d69d0656881761888447ed69d6d3a2da75f5b8c2,3213,68.0,37.0,interior,-0.0,-0.0,-0.0,-0.0,-0.0,-0.0
19,19,unloading,0.75,81aa3061c01f19f6df865902d69d0656881761888447ed69d6d3a2da75f5b8c2,3214,69.0,37.0,interior,-0.0,-0.0,-0.0,-0.0,-0.0,-0.0
19,19,unloading,0.75,81aa3061c01f19f6df865902d69d0656881761888447ed69d6d3a2da75f5b8c2,3215,70.0,37.0,interior,-0.0,-0.0,-0.0,-0.0,-0.0,-0.0
19,19,unloading,0.75,81aa3061c01f19f6df865902d69d0656881761888447ed69d6d3a2da75f5b8c2,3216,71.0,37.0,interior,-0.0,-0.0,-0.0,-0.0,-0.0,-0.0
19,19,unloading,0.75,81aa3061c01f19f6df865902d69d0656881761888447ed69d6d3a2da75f5b8c2,3217,72.0,37.0,interior,-0.0,-0.0,-0.0,-0.0,-0.0,-0.0
19,19,unloading,0.75,81aa3061c01f19f6df865902d69d0656881761888447ed69d6d3a2da75f5b8c2,3218,73.0,37.0,interior,-0.0,-0.0,-0.0,-0.0,-0.0,-0.0
19,19,unloading,0.75,81aa3061c01f19f6df865902d69d0656881761888447ed69d6d3a2da75f5b8c2,3219,74.0,37.0,interior,-0.0,-0.0,-0.0,-0.0,-0.0,-0.0
19,19,unloading,0.75,81aa3061c01f19f6df865902d69d0656881761888447ed69d6d3a2da75f5b8c2,3220,75.0,37.0,interior,-0.0,-0.0,-0.0,-0.0,-0.0,-0.0
19,19,unloading,0.75,81aa3061c01f19f6df865902d69d0656881761888447ed69d6d3a2da75f5b8c2,3221,76.0,37.0,interior,-0.0,-0.0,-0.0,-0.0,-0.0,-0.0
19,19,unloading,0.75,81aa3061c01f19f6df865902d69d0656881761888447ed69d6d3a2da75f5b8c2,3222,77.0,37.0,interior,-0.0,-0.0,-0.0,-0.0,-0.0,-0.0
19,19,unloading,0.75,81aa3061c01f19f6df865902d69d0656881761888447ed69d6d3a2da75f5b8c2,3223,78.0,37.0,interior,-0.0,-0.0,-0.0,-0.0,-0.0,-0.0
19,19,unloading,0.75,81aa3061c01f19f6df865902d69d0656881761888447ed69d6d3a2da75f5b8c2,3224,79.0,37.0,interior,-0.0,-0.0,-0.0,-0.0,-0.0,-0.0
19,19,unloading,0.75,81aa3061c01f19f6df865902d69d0656881761888447ed69d6d3a2da75f5b8c2,3225,80.0,37.0,physical_only,3.213964173308888e-07,-7.508742747491248e-08,8.492835978245266e-07,-2.5549186308933466e-07,-5.27887180493638e-07,1.804044356144217e-07
19,19,unloading,0.75,81aa3061c01f19f6df865902d69d0656881761888447ed69d6d3a2da75f5b8c2,3292,62.0,38.0,physical_only,-4.8264843848093726e-06,1.7222115662558603e-07,-3.704087878503635e-06,3.2942115018160835e-08,-1.1223965063057373e-06,1.392790416074251e-07
19,19,unloading,0.75,81aa3061c01f19f6df865902d69d0656881761888447ed69d6d3a2da75f5b8c2,3293,63.0,38.0,interior,-0.0,-0.0,-0.0,-0.0,-0.0,-0.0
19,19,unloading,0.75,81aa3061c01f19f6df865902d69d0656881761888447ed69d6d3a2da75f5b8c2,3294,64.0,38.0,interior,-0.0,-0.0,-0.0,-0.0,-0.0,-0.0
19,19,unloading,0.75,81aa3061c01f19f6df865902d69d0656881761888447ed69d6d3a2da75f5b8c2,3295,65.0,38.0,interior,-0.0,-0.0,-0.0,-0.0,-0.0,-0.0
19,19,unloading,0.75,81aa3061c01f19f6df865902d69d0656881761888447ed69d6d3a2da75f5b8c2,3296,66.0,38.0,interior,-0.0,-0.0,-0.0,-0.0,-0.0,-0.0
19,19,unloading,0.75,81aa3061c01f19f6df865902d69d0656881761888447ed69d6d3a2da75f5b8c2,3297,67.0,38.0,interior,-0.0,-0.0,-0.0,-0.0,-0.0,-0.0
19,19,unloading,0.75,81aa3061c01f19f6df865902d69d0656881761888447ed69d6d3a2da75f5b8c2,3298,68.0,38.0,interior,-0.0,-0.0,-0.0,-0.0,-0.0,-0.0
19,19,unloading,0.75,81aa3061c01f19f6df865902d69d0656881761888447ed69d6d3a2da75f5b8c2,3299,69.0,38.0,interior,-0.0,-0.0,-0.0,-0.0,-0.0,-0.0
19,19,unloading,0.75,81aa3061c01f19f6df865902d69d0656881761888447ed69d6d3a2da75f5b8c2,3300,70.0,38.0,interior,-0.0,-0.0,-0.0,-0.0,-0.0,-0.0
19,19,unloading,0.75,81aa3061c01f19f6df865902d69d0656881761888447ed69d6d3a2da75f5b8c2,3301,71.0,38.0,interior,-0.0,-0.0,-0.0,-0.0,-0.0,-0.0
19,19,unloading,0.75,81aa3061c01f19f6df865902d69d0656881761888447ed69d6d3a2da75f5b8c2,3302,72.0,38.0,interior,-0.0,-0.0,-0.0,-0.0,-0.0,-0.0
19,19,unloading,0.75,81aa3061c01f19f6df865902d69d0656881761888447ed69d6d3a2da75f5b8c2,3303,73.0,38.0,interior,-0.0,-0.0,-0.0,-0.0,-0.0,-0.0
19,19,unloading,0.75,81aa3061c01f19f6df865902d69d0656881761888447ed69d6d3a2da75f5b8c2,3304,74.0,38.0,interior,-0.0,-0.0,-0.0,-0.0,-0.0,-0.0
19,19,unloading,0.75,81aa3061c01f19f6df865902d69d0656881761888447ed69d6d3a2da75f5b8c2,3305,75.0,38.0,interior,-0.0,-0.0,-0.0,-0.0,-0.0,-0.0
19,19,unloading,0.75,81aa3061c01f19f6df865902d69d0656881761888447ed69d6d3a2da75f5b8c2,3306,76.0,38.0,interior,-0.0,-0.0,-0.0,-0.0,-0.0,-0.0
19,19,unloading,0.75,81aa3061c01f19f6df865902d69d0656881761888447ed69d6d3a2da75f5b8c2,3307,77.0,38.0,interior,-0.0,-0.0,-0.0,-0.0,-0.0,-0.0
19,19,unloading,0.75,81aa3061c01f19f6df865902d69d0656881761888447ed69d6d3a2da75f5b8c2,3308,78.0,38.0,interior,-0.0,-0.0,-0.0,-0.0,-0.0,-0.0
19,19,unloading,0.75,81aa3061c01f19f6df865902d69d0656881761888447ed69d6d3a2da75f5b8c2,3309,79.0,38.0,interior,-0.0,-0.0,-0.0,-0.0,-0.0,-0.0
19,19,unloading,0.75,81aa3061c01f19f6df865902d69d0656881761888447ed69d6d3a2da75f5b8c2,3310,80.0,38.0,physical_only,3.186634865134846e-07,-4.9346763876712994e-08,8.319968198327101e-07,-1.6968284177995885e-07,-5.133333333192256e-07,1.203360779032478e-07
19,19,unloading,0.75,81aa3061c01f19f6df865902d69d0656881761888447ed69d6d3a2da75f5b8c2,3377,62.0,39.0,physical_only,-4.899452805545059e-06,9.231061573408875e-08,-3.7374514944125912e-06,1.6873250850089944e-08,-1.1620013111324677e-06,7.54373648839987e-08
19,19,unloading,0.75,81aa3061c01f19f6df865902d69d0656881761888447ed69d6d3a2da75f5b8c2,3378,63.0,39.0,interior,-0.0,-0.0,-0.0,-0.0,-0.0,-0.0
19,19,unloading,0.75,81aa3061c01f19f6df865902d69d0656881761888447ed69d6d3a2da75f5b8c2,3379,64.0,39.0,interior,-0.0,-0.0,-0.0,-0.0,-0.0,-0.0
19,19,unloading,0.75,81aa3061c01f19f6df865902d69d0656881761888447ed69d6d3a2da75f5b8c2,3380,65.0,39.0,interior,-0.0,-0.0,-0.0,-0.0,-0.0,-0.0
19,19,unloading,0.75,81aa3061c01f19f6df865902d69d0656881761888447ed69d6d3a2da75f5b8c2,3381,66.0,39.0,interior,-0.0,-0.0,-0.0,-0.0,-0.0,-0.0
19,19,unloading,0.75,81aa3061c01f19f6df865902d69d0656881761888447ed69d6d3a2da75f5b8c2,3382,67.0,39.0,interior,-0.0,-0.0,-0.0,-0.0,-0.0,-0.0
19,19,unloading,0.75,81aa3061c01f19f6df865902d69d0656881761888447ed69d6d3a2da75f5b8c2,3383,68.0,39.0,interior,-0.0,-0.0,-0.0,-0.0,-0.0,-0.0
19,19,unloading,0.75,81aa3061c01f19f6df865902d69d0656881761888447ed69d6d3a2da75f5b8c2,3384,69.0,39.0,interior,-0.0,-0.0,-0.0,-0.0,-0.0,-0.0
19,19,unloading,0.75,81aa3061c01f19f6df865902d69d0656881761888447ed69d6d3a2da75f5b8c2,3385,70.0,39.0,interior,-0.0,-0.0,-0.0,-0.0,-0.0,-0.0
19,19,unloading,0.75,81aa3061c01f19f6df865902d69d0656881761888447ed69d6d3a2da75f5b8c2,3386,71.0,39.0,interior,-0.0,-0.0,-0.0,-0.0,-0.0,-0.0
19,19,unloading,0.75,81aa3061c01f19f6df865902d69d0656881761888447ed69d6d3a2da75f5b8c2,3387,72.0,39.0,interior,-0.0,-0.0,-0.0,-0.0,-0.0,-0.0
19,19,unloading,0.75,81aa3061c01f19f6df865902d69d0656881761888447ed69d6d3a2da75f5b8c2,3388,73.0,39.0,interior,-0.0,-0.0,-0.0,-0.0,-0.0,-0.0
19,19,unloading,0.75,81aa3061c01f19f6df865902d69d0656881761888447ed69d6d3a2da75f5b8c2,3389,74.0,39.0,interior,-0.0,-0.0,-0.0,-0.0,-0.0,-0.0
19,19,unloading,0.75,81aa3061c01f19f6df865902d69d0656881761888447ed69d6d3a2da75f5b8c2,3390,75.0,39.0,interior,-0.0,-0.0,-0.0,-0.0,-0.0,-0.0
19,19,unloading,0.75,81aa3061c01f19f6df865902d69d0656881761888447ed69d6d3a2da75f5b8c2,3391,76.0,39.0,interior,-0.0,-0.0,-0.0,-0.0,-0.0,-0.0
19,19,unloading,0.75,81aa3061c01f19f6df865902d69d0656881761888447ed69d6d3a2da75f5b8c2,3392,77.0,39.0,interior,-0.0,-0.0,-0.0,-0.0,-0.0,-0.0
19,19,unloading,0.75,81aa3061c01f19f6df865902d69d0656881761888447ed69d6d3a2da75f5b8c2,3393,78.0,39.0,interior,-0.0,-0.0,-0.0,-0.0,-0.0,-0.0
19,19,unloading,0.75,81aa3061c01f19f6df865902d69d0656881761888447ed69d6d3a2da75f5b8c2,3394,79.0,39.0,interior,-0.0,-0.0,-0.0,-0.0,-0.0,-0.0
19,19,unloading,0.75,81aa3061c01f19f6df865902d69d0656881761888447ed69d6d3a2da75f5b8c2,3395,80.0,39.0,physical_only,3.1702703812047993e-07,-2.446345652095484e-08,8.217185960753313e-07,-8.464890177027296e-08,-5.046915579548513e-07,6.018544524931854e-08
19,19,unloading,0.75,81aa3061c01f19f6df865902d69d0656881761888447ed69d6d3a2da75f5b8c2,3462,62.0,40.0,physical_and_cut,-2.461537805069296e-06,-2.0610659845645016e-06,-1.874341984243677e-06,-8.465152227439092e-07,-5.871958208256188e-07,-1.2145507618205924e-06
19,19,unloading,0.75,81aa3061c01f19f6df865902d69d0656881761888447ed69d6d3a2da75f5b8c2,3463,63.0,40.0,cut_only,-0.0,-0.0,-0.0,-0.0,-0.0,-0.0
19,19,unloading,0.75,81aa3061c01f19f6df865902d69d0656881761888447ed69d6d3a2da75f5b8c2,3464,64.0,40.0,cut_only,-0.0,-0.0,-0.0,-0.0,-0.0,-0.0
19,19,unloading,0.75,81aa3061c01f19f6df865902d69d0656881761888447ed69d6d3a2da75f5b8c2,3465,65.0,40.0,cut_only,-0.0,-0.0,-0.0,-0.0,-0.0,-0.0
19,19,unloading,0.75,81aa3061c01f19f6df865902d69d0656881761888447ed69d6d3a2da75f5b8c2,3466,66.0,40.0,cut_only,-0.0,-0.0,-0.0,-0.0,-0.0,-0.0
19,19,unloading,0.75,81aa3061c01f19f6df865902d69d0656881761888447ed69d6d3a2da75f5b8c2,3467,67.0,40.0,cut_only,-0.0,-0.0,-0.0,-0.0,-0.0,-0.0
19,19,unloading,0.75,81aa3061c01f19f6df865902d69d0656881761888447ed69d6d3a2da75f5b8c2,3468,68.0,40.0,cut_only,-0.0,-0.0,-0.0,-0.0,-0.0,-0.0
19,19,unloading,0.75,81aa3061c01f19f6df865902d69d0656881761888447ed69d6d3a2da75f5b8c2,3469,69.0,40.0,cut_only,-0.0,-0.0,-0.0,-0.0,-0.0,-0.0
19,19,unloading,0.75,81aa3061c01f19f6df865902d69d0656881761888447ed69d6d3a2da75f5b8c2,3470,70.0,40.0,cut_only,-0.0,-0.0,-0.0,-0.0,-0.0,-0.0
19,19,unloading,0.75,81aa3061c01f19f6df865902d69d0656881761888447ed69d6d3a2da75f5b8c2,3471,71.0,40.0,cut_only,-0.0,-0.0,-0.0,-0.0,-0.0,-0.0
19,19,unloading,0.75,81aa3061c01f19f6df865902d69d0656881761888447ed69d6d3a2da75f5b8c2,3472,72.0,40.0,cut_only,-0.0,-0.0,-0.0,-0.0,-0.0,-0.0
19,19,unloading,0.75,81aa3061c01f19f6df865902d69d0656881761888447ed69d6d3a2da75f5b8c2,3473,73.0,40.0,cut_only,-0.0,-0.0,-0.0,-0.0,-0.0,-0.0
19,19,unloading,0.75,81aa3061c01f19f6df865902d69d0656881761888447ed69d6d3a2da75f5b8c2,3474,74.0,40.0,cut_only,-0.0,-0.0,-0.0,-0.0,-0.0,-0.0
19,19,unloading,0.75,81aa3061c01f19f6df865902d69d0656881761888447ed69d6d3a2da75f5b8c2,3475,75.0,40.0,cut_only,-0.0,-0.0,-0.0,-0.0,-0.0,-0.0
19,19,unloading,0.75,81aa3061c01f19f6df865902d69d0656881761888447ed69d6d3a2da75f5b8c2,3476,76.0,40.0,cut_only,-0.0,-0.0,-0.0,-0.0,-0.0,-0.0
19,19,unloading,0.75,81aa3061c01f19f6df865902d69d0656881761888447ed69d6d3a2da75f5b8c2,3477,77.0,40.0,cut_only,-0.0,-0.0,-0.0,-0.0,-0.0,-0.0
19,19,unloading,0.75,81aa3061c01f19f6df865902d69d0656881761888447ed69d6d3a2da75f5b8c2,3478,78.0,40.0,cut_only,-0.0,-0.0,-0.0,-0.0,-0.0,-0.0
19,19,unloading,0.75,81aa3061c01f19f6df865902d69d0656881761888447ed69d6d3a2da75f5b8c2,3479,79.0,40.0,cut_only,-0.0,-0.0,-0.0,-0.0,-0.0,-0.0
19,19,unloading,0.75,81aa3061c01f19f6df865902d69d0656881761888447ed69d6d3a2da75f5b8c2,3480,80.0,40.0,physical_and_cut,1.5824105334087158e-07,2.0799124681623944e-05,4.091540214757712e-07,-2.172386297953773e-07,-2.5091296813489967e-07,2.101636331141932e-05
20,20,unloading,0.65,fb8a66aeb9d63467735b1037339d12df321725177f781f8e1984a8245e9dcbb1,2697,62.0,31.0,physical_only,-0.0003183817333036825,-1.1974321644058597e-05,-4.489230088785444e-06,4.557469902065977e-06,-0.0003138925032148971,-1.6531791546124566e-05
20,20,unloading,0.65,fb8a66aeb9d63467735b1037339d12df321725177f781f8e1984a8245e9dcbb1,2698,63.0,31.0,physical_only,-1.6604723580541457e-06,-2.2620430418067748e-05,-2.328658240222255e-06,5.105567433814703e-06,6.68185882168109e-07,-2.772599785188246e-05
20,20,unloading,0.65,fb8a66aeb9d63467735b1037339d12df321725177f781f8e1984a8245e9dcbb1,2699,64.0,31.0,physical_only,-5.304738062170246e-07,-2.8971983119485808e-05,-2.3651086781423896e-06,6.436151320647021e-06,1.834634871925365e-06,-3.540813444013284e-05
20,20,unloading,0.65,fb8a66aeb9d63467735b1037339d12df321725177f781f8e1984a8245e9dcbb1,2700,65.0,31.0,physical_only,-3.459610502244304e-07,-3.743297143859431e-05,-2.409823382030346e-06,7.899106188303718e-06,2.063862331805916e-06,-4.533207762689797e-05
20,20,unloading,0.65,fb8a66aeb9d63467735b1037339d12df321725177f781f8e1984a8245e9dcbb1,2701,66.0,31.0,physical_only,-9.99337552877365e-07,-4.6487107168274476e-05,-2.4621063928586826e-06,9.52818369678467e-06,1.462768839981318e-06,-5.601529086505922e-05
20,20,unloading,0.65,fb8a66aeb9d63467735b1037339d12df321725177f781f8e1984a8245e9dcbb1,2702,67.0,31.0,physical_only,-1.8459979985195712e-06,-5.577071558046415e-05,-2.519426034748166e-06,1.1356330363647052e-05,6.734280362285945e-07,-6.71270459441112e-05
20,20,unloading,0.65,fb8a66aeb9d63467735b1037339d12df321725177f781f8e1984a8245e9dcbb1,2703,68.0,31.0,physical_only,-1.9312898419335272e-06,-6.633187386088782e-05,-2.5806438510362435e-06,1.3417474129415525e-05,6.493540091027176e-07,-7.97493479903034e-05
20,20,unloading,0.65,fb8a66aeb9d63467735b1037339d12df321725177f781f8e1984a8245e9dcbb1,2704,69.0,31.0,physical_only,-2.157558596519695e-06,-7.894355357418621e-05,-2.6458789253255046e-06,1.575117678382661e-05,4.88320328805808e-07,-9.469473035801277e-05
20,20,unloading,0.65,fb8a66aeb9d63467735b1037339d12df321725177f781f8e1984a8245e9dcbb1,2705,70.0,31.0,physical_only,-2.471979952793632e-06,-9.338503425437687e-05,-2.7161853433283373e-06,1.8406699703857398e-05,2.442053905347052e-07,-0.00011179173395823422
20,20,unloading,0.65,fb8a66aeb9d63467735b1037339d12df321725177f781f8e1984a8245e9dcbb1,2706,71.0,31.0,physical_only,-2.8968045173607074e-06,-0.00010976374271169675,-2.7925537873422038e-06,2.1445747533072524e-05,-1.0425073001850322e-07,-0.00013120949024476923
20,20,unloading,0.65,fb8a66aeb9d63467735b1037339d12df321725177f781f8e1984a8245e9dcbb1,2707,72.0,31.0,physical_only,-3.4336313428738865e-06,-0.00012815289962967867,-2.876292639037485e-06,2.494628878093146e-05,-5.573387038364027e-07,-0.0001530991884106101
20,20,unloading,0.65,fb8a66aeb9d63467735b1037339d12df321725177f781f8e1984a8245e9dcbb1,2708,73.0,31.0,physical_only,-4.2815873085491305e-06,-0.00014784329169221773,-2.968698875397948e-06,2.900726652001835e-05,-1.3128884331511831e-06,-0.00017685055821223597
20,20,unloading,0.65,fb8a66aeb9d63467735b1037339d12df321725177f781f8e1984a8245e9dcbb1,2709,74.0,31.0,physical_only,-3.172818488644928e-06,-0.00016954302730447018,-3.072225718040117e-06,3.3756726407137234e-05,-1.005927706048105e-07,-0.00020329975371160755
20,20,unloading,0.65,fb8a66aeb9d63467735b1037339d12df321725177f781f8e1984a8245e9dcbb1,2710,75.0,31.0,physical_only,-2.3764334877392318e-07,-0.0001974218770766428,-3.1919611081789413e-06,3.9369334444687136e-05,2.9543177594050185e-06,-0.00023679121152132983
20,20,unloading,0.65,fb8a66aeb9d63467735b1037339d12df321725177f781f8e1984a8245e9dcbb1,2711,76.0,31.0,physical_only,3.6737006828776623e-06,-0.000237223920924062,-3.337631559614767e-06,4.610163944213718e-05,7.01133224249243e-06,-0.00028332556036619904
20,20,unloading,0.65,fb8a66aeb9d63467735b1037339d12df321725177f781f8e1984a8245e9dcbb1,2712,77.0,31.0,physical_only,3.677880982554261e-06,-0.00028521759110962624,-3.519669135127127e-06,5.433715040263366e-05,7.197550117681388e-06,-0.00033955474151226017
20,20,unloading,0.65,fb8a66aeb9d63467735b1037339d12df321725177f781f8e1984a8245e9dcbb1,2713,78.0,31.0,physical_only,2.51037694453885e-06,-0.0003378006329673761,-3.749097975163132e-06,6.463960479682189e-05,6.259474919701986e-06,-0.00040244023776419766
20,20,unloading,0.65,fb8a66aeb9d63467735b1037339d12df321725177f781f8e1984a8245e9dcbb1,2714,79.0,31.0,physical_only,-3.40143303748825e-08,-0.0003578800073271225,-4.0261658978017615e-06,7.779906007105678e-05,3.992151567426875e-06,-0.00043567906739817907
20,20,unloading,0.65,fb8a66aeb9d63467735b1037339d12df321725177f781f8e1984a8245e9dcbb1,2715,80.0,31.0,physical_only,-2.7673216180110486e-05,0.003394960663080264,4.866719213972064e-07,8.371412386770855e-05,-2.815988810150769e-05,0.003311246539212555
20,20,unloading,0.65,fb8a66aeb9d63467735b1037339d12df321725177f781f8e1984a8245e9dcbb1,2782,62.0,32.0,physical_only,-5.7938478339478075e-06,-1.1518314112382118e-06,-2.7667482764844888e-06,1.2973895318084922e-07,-3.0270995574633187e-06,-1.2815703644190609e-06
20,20,unloading,0.65,fb8a66aeb9d63467735b1037339d12df321725177f781f8e1984a8245e9dcbb1,2783,63.0,32.0,interior,-0.0,-0.0,-0.0,-0.0,-0.0,-0.0
20,20,unloading,0.65,fb8a66aeb9d63467735b1037339d12df321725177f781f8e1984a8245e9dcbb1,2784,64.0,32.0,interior,-0.0,-0.0,-0.0,-0.0,-0.0,-0.0
20,20,unloading,0.65,fb8a66aeb9d63467735b1037339d12df321725177f781f8e1984a8245e9dcbb1,2785,65.0,32.0,interior,-0.0,-0.0,-0.0,-0.0,-0.0,-0.0
20,20,unloading,0.65,fb8a66aeb9d63467735b1037339d12df321725177f781f8e1984a8245e9dcbb1,2786,66.0,32.0,interior,-0.0,-0.0,-0.0,-0.0,-0.0,-0.0
20,20,unloading,0.65,fb8a66aeb9d63467735b1037339d12df321725177f781f8e1984a8245e9dcbb1,2787,67.0,32.0,interior,-0.0,-0.0,-0.0,-0.0,-0.0,-0.0
20,20,unloading,0.65,fb8a66aeb9d63467735b1037339d12df321725177f781f8e1984a8245e9dcbb1,2788,68.0,32.0,interior,-0.0,-0.0,-0.0,-0.0,-0.0,-0.0
20,20,unloading,0.65,fb8a66aeb9d63467735b1037339d12df321725177f781f8e1984a8245e9dcbb1,2789,69.0,32.0,interior,-0.0,-0.0,-0.0,-0.0,-0.0,-0.0
20,20,unloading,0.65,fb8a66aeb9d63467735b1037339d12df321725177f781f8e1984a8245e9dcbb1,2790,70.0,32.0,interior,-0.0,-0.0,-0.0,-0.0,-0.0,-0.0
20,20,unloading,0.65,fb8a66aeb9d63467735b1037339d12df321725177f781f8e1984a8245e9dcbb1,2791,71.0,32.0,interior,-0.0,-0.0,-0.0,-0.0,-0.0,-0.0
20,20,unloading,0.65,fb8a66aeb9d63467735b1037339d12df321725177f781f8e1984a8245e9dcbb1,2792,72.0,32.0,interior,-0.0,-0.0,-0.0,-0.0,-0.0,-0.0
20,20,unloading,0.65,fb8a66aeb9d63467735b1037339d12df321725177f781f8e1984a8245e9dcbb1,2793,73.0,32.0,interior,-0.0,-0.0,-0.0,-0.0,-0.0,-0.0
20,20,unloading,0.65,fb8a66aeb9d63467735b1037339d12df321725177f781f8e1984a8245e9dcbb1,2794,74.0,32.0,interior,-0.0,-0.0,-0.0,-0.0,-0.0,-0.0
20,20,unloading,0.65,fb8a66aeb9d63467735b1037339d12df321725177f781f8e1984a8245e9dcbb1,2795,75.0,32.0,interior,-0.0,-0.0,-0.0,-0.0,-0.0,-0.0
20,20,unloading,0.65,fb8a66aeb9d63467735b1037339d12df321725177f781f8e1984a8245e9dcbb1,2796,76.0,32.0,interior,-0.0,-0.0,-0.0,-0.0,-0.0,-0.0
20,20,unloading,0.65,fb8a66aeb9d63467735b1037339d12df321725177f781f8e1984a8245e9dcbb1,2797,77.0,32.0,interior,-0.0,-0.0,-0.0,-0.0,-0.0,-0.0
20,20,unloading,0.65,fb8a66aeb9d63467735b1037339d12df321725177f781f8e1984a8245e9dcbb1,2798,78.0,32.0,interior,-0.0,-0.0,-0.0,-0.0,-0.0,-0.0
20,20,unloading,0.65,fb8a66aeb9d63467735b1037339d12df321725177f781f8e1984a8245e9dcbb1,2799,79.0,32.0,interior,-0.0,-0.0,-0.0,-0.0,-0.0,-0.0
20,20,unloading,0.65,fb8a66aeb9d63467735b1037339d12df321725177f781f8e1984a8245e9dcbb1,2800,80.0,32.0,physical_only,1.6174288124081283e-07,-1.4850162069076457e-07,8.705102542763756e-07,-2.946032557743942e-07,-7.087673730355627e-07,1.4610163508362954e-07
20,20,unloading,0.65,fb8a66aeb9d63467735b1037339d12df321725177f781f8e1984a8245e9dcbb1,2867,62.0,33.0,physical_only,-4.607629083615173e-06,-7.67449015966374e-07,-2.9112692032938787e-06,1.011940530002286e-07,-1.6963598803212945e-06,-8.686430689666029e-07
20,20,unloading,0.65,fb8a66aeb9d63467735b1037339d12df321725177f781f8e1984a8245e9dcbb1,2868,63.0,33.0,interior,-0.0,-0.0,-0.0,-0.0,-0.0,-0.0
20,20,unloading,0.65,fb8a66aeb9d63467735b1037339d12df321725177f781f8e1984a8245e9dcbb1,2869,64.0,33.0,interior,-0.0,-0.0,-0.0,-0.0,-0.0,-0.0
20,20,unloading,0.65,fb8a66aeb9d63467735b1037339d12df321725177f781f8e1984a8245e9dcbb1,2870,65.0,33.0,interior,-0.0,-0.0,-0.0,-0.0,-0.0,-0.0
20,20,unloading,0.65,fb8a66aeb9d63467735b1037339d12df321725177f781f8e1984a8245e9dcbb1,2871,66.0,33.0,interior,-0.0,-0.0,-0.0,-0.0,-0.0,-0.0
20,20,unloading,0.65,fb8a66aeb9d63467735b1037339d12df321725177f781f8e1984a8245e9dcbb1,2872,67.0,33.0,interior,-0.0,-0.0,-0.0,-0.0,-0.0,-0.0
20,20,unloading,0.65,fb8a66aeb9d63467735b1037339d12df321725177f781f8e1984a8245e9dcbb1,2873,68.0,33.0,interior,-0.0,-0.0,-0.0,-0.0,-0.0,-0.0
20,20,unloading,0.65,fb8a66aeb9d63467735b1037339d12df321725177f781f8e1984a8245e9dcbb1,2874,69.0,33.0,interior,-0.0,-0.0,-0.0,-0.0,-0.0,-0.0
20,20,unloading,0.65,fb8a66aeb9d63467735b1037339d12df321725177f781f8e1984a8245e9dcbb1,2875,70.0,33.0,interior,-0.0,-0.0,-0.0,-0.0,-0.0,-0.0
20,20,unloading,0.65,fb8a66aeb9d63467735b1037339d12df321725177f781f8e1984a8245e9dcbb1,2876,71.0,33.0,interior,-0.0,-0.0,-0.0,-0.0,-0.0,-0.0
20,20,unloading,0.65,fb8a66aeb9d63467735b1037339d12df321725177f781f8e1984a8245e9dcbb1,2877,72.0,33.0,interior,-0.0,-0.0,-0.0,-0.0,-0.0,-0.0
20,20,unloading,0.65,fb8a66aeb9d63467735b1037339d12df321725177f781f8e1984a8245e9dcbb1,2878,73.0,33.0,interior,-0.0,-0.0,-0.0,-0.0,-0.0,-0.0
20,20,unloading,0.65,fb8a66aeb9d63467735b1037339d12df321725177f781f8e1984a8245e9dcbb1,2879,74.0,33.0,interior,-0.0,-0.0,-0.0,-0.0,-0.0,-0.0
20,20,unloading,0.65,fb8a66aeb9d63467735b1037339d12df321725177f781f8e1984a8245e9dcbb1,2880,75.0,33.0,interior,-0.0,-0.0,-0.0,-0.0,-0.0,-0.0
20,20,unloading,0.65,fb8a66aeb9d63467735b1037339d12df321725177f781f8e1984a8245e9dcbb1,2881,76.0,33.0,interior,-0.0,-0.0,-0.0,-0.0,-0.0,-0.0
20,20,unloading,0.65,fb8a66aeb9d63467735b1037339d12df321725177f781f8e1984a8245e9dcbb1,2882,77.0,33.0,interior,-0.0,-0.0,-0.0,-0.0,-0.0,-0.0
20,20,unloading,0.65,fb8a66aeb9d63467735b1037339d12df321725177f781f8e1984a8245e9dcbb1,2883,78.0,33.0,interior,-0.0,-0.0,-0.0,-0.0,-0.0,-0.0
20,20,unloading,0.65,fb8a66aeb9d63467735b1037339d12df321725177f781f8e1984a8245e9dcbb1,2884,79.0,33.0,interior,-0.0,-0.0,-0.0,-0.0,-0.0,-0.0
20,20,unloading,0.65,fb8a66aeb9d63467735b1037339d12df321725177f781f8e1984a8245e9dcbb1,2885,80.0,33.0,physical_only,1.5690437591255775e-07,-1.249771313514253e-07,8.151797951375651e-07,-2.549965452915682e-07,-6.582754192250071e-07,1.300194139401435e-07
20,20,unloading,0.65,fb8a66aeb9d63467735b1037339d12df321725177f781f8e1984a8245e9dcbb1,2952,62.0,34.0,physical_only,-4.07287686278551e-06,-3.415771922158798e-07,-3.024363912588902e-06,8.263634585630127e-08,-1.0485129501966082e-06,-4.2421353807218106e-07
20,20,unloading,0.65,fb8a66aeb9d63467735b1037339d12df321725177f781f8e1984a8245e9dcbb1,2953,63.0,34.0,interior,-0.0,-0.0,-0.0,-0.0,-0.0,-0.0
20,20,unloading,0.65,fb8a66aeb9d63467735b1037339d12df321725177f781f8e1984a8245e9dcbb1,2954,64.0,34.0,interior,-0.0,-0.0,-0.0,-0.0,-0.0,-0.0
20,20,unloading,0.65,fb8a66aeb9d63467735b1037339d12df321725177f781f8e1984a8245e9dcbb1,2955,65.0,34.0,interior,-0.0,-0.0,-0.0,-0.0,-0.0,-0.0
20,20,unloading,0.65,fb8a66aeb9d63467735b1037339d12df321725177f781f8e1984a8245e9dcbb1,2956,66.0,34.0,interior,-0.0,-0.0,-0.0,-0.0,-0.0,-0.0
20,20,unloading,0.65,fb8a66aeb9d63467735b1037339d12df321725177f781f8e1984a8245e9dcbb1,2957,67.0,34.0,interior,-0.0,-0.0,-0.0,-0.0,-0.0,-0.0
20,20,unloading,0.65,fb8a66aeb9d63467735b1037339d12df321725177f781f8e1984a8245e9dcbb1,2958,68.0,34.0,interior,-0.0,-0.0,-0.0,-0.0,-0.0,-0.0
20,20,unloading,0.65,fb8a66aeb9d63467735b1037339d12df321725177f781f8e1984a8245e9dcbb1,2959,69.0,34.0,interior,-0.0,-0.0,-0.0,-0.0,-0.0,-0.0
20,20,unloading,0.65,fb8a66aeb9d63467735b1037339d12df321725177f781f8e1984a8245e9dcbb1,2960,70.0,34.0,interior,-0.0,-0.0,-0.0,-0.0,-0.0,-0.0
20,20,unloading,0.65,fb8a66aeb9d63467735b1037339d12df321725177f781f8e1984a8245e9dcbb1,2961,71.0,34.0,interior,-0.0,-0.0,-0.0,-0.0,-0.0,-0.0
20,20,unloading,0.65,fb8a66aeb9d63467735b1037339d12df321725177f781f8e1984a8245e9dcbb1,2962,72.0,34.0,interior,-0.0,-0.0,-0.0,-0.0,-0.0,-0.0
20,20,unloading,0.65,fb8a66aeb9d63467735b1037339d12df321725177f781f8e1984a8245e9dcbb1,2963,73.0,34.0,interior,-0.0,-0.0,-0.0,-0.0,-0.0,-0.0
20,20,unloading,0.65,fb8a66aeb9d63467735b1037339d12df321725177f781f8e1984a8245e9dcbb1,2964,74.0,34.0,interior,-0.0,-0.0,-0.0,-0.0,-0.0,-0.0
20,20,unloading,0.65,fb8a66aeb9d63467735b1037339d12df321725177f781f8e1984a8245e9dcbb1,2965,75.0,34.0,interior,-0.0,-0.0,-0.0,-0.0,-0.0,-0.0
20,20,unloading,0.65,fb8a66aeb9d63467735b1037339d12df321725177f781f8e1984a8245e9dcbb1,2966,76.0,34.0,interior,-0.0,-0.0,-0.0,-0.0,-0.0,-0.0
20,20,unloading,0.65,fb8a66aeb9d63467735b1037339d12df321725177f781f8e1984a8245e9dcbb1,2967,77.0,34.0,interior,-0.0,-0.0,-0.0,-0.0,-0.0,-0.0
20,20,unloading,0.65,fb8a66aeb9d63467735b1037339d12df321725177f781f8e1984a8245e9dcbb1,2968,78.0,34.0,interior,-0.0,-0.0,-0.0,-0.0,-0.0,-0.0
20,20,unloading,0.65,fb8a66aeb9d63467735b1037339d12df321725177f781f8e1984a8245e9dcbb1,2969,79.0,34.0,interior,-0.0,-0.0,-0.0,-0.0,-0.0,-0.0
20,20,unloading,0.65,fb8a66aeb9d63467735b1037339d12df321725177f781f8e1984a8245e9dcbb1,2970,80.0,34.0,physical_only,1.5282575338632175e-07,-1.036033219853363e-07,7.687659173946017e-07,-2.165405557561603e-07,-6.159401640082801e-07,1.1293723377082378e-07
20,20,unloading,0.65,fb8a66aeb9d63467735b1037339d12df321725177f781f8e1984a8245e9dcbb1,3037,62.0,35.0,physical_only,-3.942836135270362e-06,-1.3639361691871248e-08,-3.116773520345333e-06,6.923502481255014e-08,-8.260626149250291e-07,-8.287438650442117e-08
20,20,unloading,0.65,fb8a66aeb9d63467735b1037339d12df321725177f781f8e1984a8245e9dcbb1,3038,63.0,35.0,interior,-0.0,-0.0,-0.0,-0.0,-0.0,-0.0
20,20,unloading,0.65,fb8a66aeb9d63467735b1037339d12df321725177f781f8e1984a8245e9dcbb1,3039,64.0,35.0,interior,-0.0,-0.0,-0.0,-0.0,-0.0,-0.0
20,20,unloading,0.65,fb8a66aeb9d63467735b1037339d12df321725177f781f8e1984a8245e9dcbb1,3040,65.0,35.0,interior,-0.0,-0.0,-0.0,-0.0,-0.0,-0.0
20,20,unloading,0.65,fb8a66aeb9d63467735b1037339d12df321725177f781f8e1984a8245e9dcbb1,3041,66.0,35.0,interior,-0.0,-0.0,-0.0,-0.0,-0.0,-0.0
20,20,unloading,0.65,fb8a66aeb9d63467735b1037339d12df321725177f781f8e1984a8245e9dcbb1,3042,67.0,35.0,interior,-0.0,-0.0,-0.0,-0.0,-0.0,-0.0
20,20,unloading,0.65,fb8a66aeb9d63467735b1037339d12df321725177f781f8e1984a8245e9dcbb1,3043,68.0,35.0,interior,-0.0,-0.0,-0.0,-0.0,-0.0,-0.0
20,20,unloading,0.65,fb8a66aeb9d63467735b1037339d12df321725177f781f8e1984a8245e9dcbb1,3044,69.0,35.0,interior,-0.0,-0.0,-0.0,-0.0,-0.0,-0.0
20,20,unloading,0.65,fb8a66aeb9d63467735b1037339d12df321725177f781f8e1984a8245e9dcbb1,3045,70.0,35.0,interior,-0.0,-0.0,-0.0,-0.0,-0.0,-0.0
20,20,unloading,0.65,fb8a66aeb9d63467735b1037339d12df321725177f781f8e1984a8245e9dcbb1,3046,71.0,35.0,interior,-0.0,-0.0,-0.0,-0.0,-0.0,-0.0
20,20,unloading,0.65,fb8a66aeb9d63467735b1037339d12df321725177f781f8e1984a8245e9dcbb1,3047,72.0,35.0,interior,-0.0,-0.0,-0.0,-0.0,-0.0,-0.0
20,20,unloading,0.65,fb8a66aeb9d63467735b1037339d12df321725177f781f8e1984a8245e9dcbb1,3048,73.0,35.0,interior,-0.0,-0.0,-0.0,-0.0,-0.0,-0.0
20,20,unloading,0.65,fb8a66aeb9d63467735b1037339d12df321725177f781f8e1984a8245e9dcbb1,3049,74.0,35.0,interior,-0.0,-0.0,-0.0,-0.0,-0.0,-0.0
20,20,unloading,0.65,fb8a66aeb9d63467735b1037339d12df321725177f781f8e1984a8245e9dcbb1,3050,75.0,35.0,interior,-0.0,-0.0,-0.0,-0.0,-0.0,-0.0
20,20,unloading,0.65,fb8a66aeb9d63467735b1037339d12df321725177f781f8e1984a8245e9dcbb1,3051,76.0,35.0,interior,-0.0,-0.0,-0.0,-0.0,-0.0,-0.0
20,20,unloading,0.65,fb8a66aeb9d63467735b1037339d12df321725177f781f8e1984a8245e9dcbb1,3052,77.0,35.0,interior,-0.0,-0.0,-0.0,-0.0,-0.0,-0.0
20,20,unloading,0.65,fb8a66aeb9d63467735b1037339d12df321725177f781f8e1984a8245e9dcbb1,3053,78.0,35.0,interior,-0.0,-0.0,-0.0,-0.0,-0.0,-0.0
20,20,unloading,0.65,fb8a66aeb9d63467735b1037339d12df321725177f781f8e1984a8245e9dcbb1,3054,79.0,35.0,interior,-0.0,-0.0,-0.0,-0.0,-0.0,-0.0
20,20,unloading,0.65,fb8a66aeb9d63467735b1037339d12df321725177f781f8e1984a8245e9dcbb1,3055,80.0,35.0,physical_only,1.4945167530705552e-07,-8.394823692877693e-08,7.305732217068702e-07,-1.7904275519817128e-07,-5.811215463998146e-07,9.509451826939456e-08
20,20,unloading,0.65,fb8a66aeb9d63467735b1037339d12df321725177f781f8e1984a8245e9dcbb1,3122,62.0,36.0,physical_only,-4.024152017712892e-06,1.5533350286620787e-07,-3.1930939427080003e-06,5.736051561001364e-08,-8.310580750048917e-07,9.797298725619412e-08
20,20,unloading,0.65,fb8a66aeb9d63467735b1037339d12df321725177f781f8e1984a8245e9dcbb1,3123,63.0,36.0,interior,-0.0,-0.0,-0.0,-0.0,-0.0,-0.0
20,20,unloading,0.65,fb8a66aeb9d63467735b1037339d12df321725177f781f8e1984a8245e9dcbb1,3124,64.0,36.0,interior,-0.0,-0.0,-0.0,-0.0,-0.0,-0.0
20,20,unloading,0.65,fb8a66aeb9d63467735b1037339d12df321725177f781f8e1984a8245e9dcbb1,3125,65.0,36.0,interior,-0.0,-0.0,-0.0,-0.0,-0.0,-0.0
20,20,unloading,0.65,fb8a66aeb9d63467735b1037339d12df321725177f781f8e1984a8245e9dcbb1,3126,66.0,36.0,interior,-0.0,-0.0,-0.0,-0.0,-0.0,-0.0
20,20,unloading,0.65,fb8a66aeb9d63467735b1037339d12df321725177f781f8e1984a8245e9dcbb1,3127,67.0,36.0,interior,-0.0,-0.0,-0.0,-0.0,-0.0,-0.0
20,20,unloading,0.65,fb8a66aeb9d63467735b1037339d12df321725177f781f8e1984a8245e9dcbb1,3128,68.0,36.0,interior,-0.0,-0.0,-0.0,-0.0,-0.0,-0.0
20,20,unloading,0.65,fb8a66aeb9d63467735b1037339d12df321725177f781f8e1984a8245e9dcbb1,3129,69.0,36.0,interior,-0.0,-0.0,-0.0,-0.0,-0.0,-0.0
20,20,unloading,0.65,fb8a66aeb9d63467735b1037339d12df321725177f781f8e1984a8245e9dcbb1,3130,70.0,36.0,interior,-0.0,-0.0,-0.0,-0.0,-0.0,-0.0
20,20,unloading,0.65,fb8a66aeb9d63467735b1037339d12df321725177f781f8e1984a8245e9dcbb1,3131,71.0,36.0,interior,-0.0,-0.0,-0.0,-0.0,-0.0,-0.0
20,20,unloading,0.65,fb8a66aeb9d63467735b1037339d12df321725177f781f8e1984a8245e9dcbb1,3132,72.0,36.0,interior,-0.0,-0.0,-0.0,-0.0,-0.0,-0.0
20,20,unloading,0.65,fb8a66aeb9d63467735b1037339d12df321725177f781f8e1984a8245e9dcbb1,3133,73.0,36.0,interior,-0.0,-0.0,-0.0,-0.0,-0.0,-0.0
20,20,unloading,0.65,fb8a66aeb9d63467735b1037339d12df321725177f781f8e1984a8245e9dcbb1,3134,74.0,36.0,interior,-0.0,-0.0,-0.0,-0.0,-0.0,-0.0
20,20,unloading,0.65,fb8a66aeb9d63467735b1037339d12df321725177f781f8e1984a8245e9dcbb1,3135,75.0,36.0,interior,-0.0,-0.0,-0.0,-0.0,-0.0,-0.0
20,20,unloading,0.65,fb8a66aeb9d63467735b1037339d12df321725177f781f8e1984a8245e9dcbb1,3136,76.0,36.0,interior,-0.0,-0.0,-0.0,-0.0,-0.0,-0.0
20,20,unloading,0.65,fb8a66aeb9d63467735b1037339d12df321725177f781f8e1984a8245e9dcbb1,3137,77.0,36.0,interior,-0.0,-0.0,-0.0,-0.0,-0.0,-0.0
20,20,unloading,0.65,fb8a66aeb9d63467735b1037339d12df321725177f781f8e1984a8245e9dcbb1,3138,78.0,36.0,interior,-0.0,-0.0,-0.0,-0.0,-0.0,-0.0
20,20,unloading,0.65,fb8a66aeb9d63467735b1037339d12df321725177f781f8e1984a8245e9dcbb1,3139,79.0,36.0,interior,-0.0,-0.0,-0.0,-0.0,-0.0,-0.0
20,20,unloading,0.65,fb8a66aeb9d63467735b1037339d12df321725177f781f8e1984a8245e9dcbb1,3140,80.0,36.0,physical_only,1.467404113478027e-07,-6.564434269729274e-08,7.000416855952626e-07,-1.4232454354253936e-07,-5.533012742474599e-07,7.668020084524804e-08
20,20,unloading,0.65,fb8a66aeb9d63467735b1037339d12df321725177f781f8e1984a8245e9dcbb1,3207,62.0,37.0,physical_only,-4.16265973211182e-06,1.9810294944691455e-07,-3.2541632521042344e-06,4.485865126494102e-08,-9.084964800075862e-07,1.5324429818197363e-07
20,20,unloading,0.65,fb8a66aeb9d63467735b1037339d12df321725177f781f8e1984a8245e9dcbb1,3208,63.0,37.0,interior,-0.0,-0.0,-0.0,-0.0,-0.0,-0.0
20,20,unloading,0.65,fb8a66aeb9d63467735b1037339d12df321725177f781f8e1984a8245e9dcbb1,3209,64.0,37.0,interior,-0.0,-0.0,-0.0,-0.0,-0.0,-0.0
20,20,unloading,0.65,fb8a66aeb9d63467735b1037339d12df321725177f781f8e1984a8245e9dcbb1,3210,65.0,37.0,interior,-0.0,-0.0,-0.0,-0.0,-0.0,-0.0
20,20,unloading,0.65,fb8a66aeb9d63467735b1037339d12df321725177f781f8e1984a8245e9dcbb1,3211,66.0,37.0,interior,-0.0,-0.0,-0.0,-0.0,-0.0,-0.0
20,20,unloading,0.65,fb8a66aeb9d63467735b1037339d12df321725177f781f8e1984a8245e9dcbb1,3212,67.0,37.0,interior,-0.0,-0.0,-0.0,-0.0,-0.0,-0.0
20,20,unloading,0.65,fb8a66aeb9d63467735b1037339d12df321725177f781f8e1984a8245e9dcbb1,3213,68.0,37.0,interior,-0.0,-0.0,-0.0,-0.0,-0.0,-0.0
20,20,unloading,0.65,fb8a66aeb9d63467735b1037339d12df321725177f781f8e1984a8245e9dcbb1,3214,69.0,37.0,interior,-0.0,-0.0,-0.0,-0.0,-0.0,-0.0
20,20,unloading,0.65,fb8a66aeb9d63467735b1037339d12df321725177f781f8e1984a8245e9dcbb1,3215,70.0,37.0,interior,-0.0,-0.0,-0.0,-0.0,-0.0,-0.0
20,20,unloading,0.65,fb8a66aeb9d63467735b1037339d12df321725177f781f8e1984a8245e9dcbb1,3216,71.0,37.0,interior,-0.0,-0.0,-0.0,-0.0,-0.0,-0.0
20,20,unloading,0.65,fb8a66aeb9d63467735b1037339d12df321725177f781f8e1984a8245e9dcbb1,3217,72.0,37.0,interior,-0.0,-0.0,-0.0,-0.0,-0.0,-0.0
20,20,unloading,0.65,fb8a66aeb9d63467735b1037339d12df321725177f781f8e1984a8245e9dcbb1,3218,73.0,37.0,interior,-0.0,-0.0,-0.0,-0.0,-0.0,-0.0
20,20,unloading,0.65,fb8a66aeb9d63467735b1037339d12df321725177f781f8e1984a8245e9dcbb1,3219,74.0,37.0,interior,-0.0,-0.0,-0.0,-0.0,-0.0,-0.0
20,20,unloading,0.65,fb8a66aeb9d63467735b1037339d12df321725177f781f8e1984a8245e9dcbb1,3220,75.0,37.0,interior,-0.0,-0.0,-0.0,-0.0,-0.0,-0.0
20,20,unloading,0.65,fb8a66aeb9d63467735b1037339d12df321725177f781f8e1984a8245e9dcbb1,3221,76.0,37.0,interior,-0.0,-0.0,-0.0,-0.0,-0.0,-0.0
20,20,unloading,0.65,fb8a66aeb9d63467735b1037339d12df321725177f781f8e1984a8245e9dcbb1,3222,77.0,37.0,interior,-0.0,-0.0,-0.0,-0.0,-0.0,-0.0
20,20,unloading,0.65,fb8a66aeb9d63467735b1037339d12df321725177f781f8e1984a8245e9dcbb1,3223,78.0,37.0,interior,-0.0,-0.0,-0.0,-0.0,-0.0,-0.0
20,20,unloading,0.65,fb8a66aeb9d63467735b1037339d12df321725177f781f8e1984a8245e9dcbb1,3224,79.0,37.0,interior,-0.0,-0.0,-0.0,-0.0,-0.0,-0.0
20,20,unloading,0.65,fb8a66aeb9d63467735b1037339d12df321725177f781f8e1984a8245e9dcbb1,3225,80.0,37.0,physical_only,1.4466086084331444e-07,-4.837174102231351e-08,6.767314034524775e-07,-1.0621811647465478e-07,-5.32070542609163e-07,5.784637545234173e-08
20,20,unloading,0.65,fb8a66aeb9d63467735b1037339d12df321725177f781f8e1984a8245e9dcbb1,3292,62.0,38.0,physical_only,-4.282559324779181e-06,1.613531268855457e-07,-3.2990885546300943e-06,3.098097177161822e-08,-9.834707701490865e-07,1.3037215511392736e-07
20,20,unloading,0.65,fb8a66aeb9d63467735b1037339d12df321725177f781f8e1984a8245e9dcbb1,3293,63.0,38.0,interior,-0.0,-0.0,-0.0,-0.0,-0.0,-0.0
20,20,unloading,0.65,fb8a66aeb9d63467735b1037339d12df321725177f781f8e1984a8245e9dcbb1,3294,64.0,38.0,interior,-0.0,-0.0,-0.0,-0.0,-0.0,-0.0
20,20,unloading,0.65,fb8a66aeb9d63467735b1037339d12df321725177f781f8e1984a8245e9dcbb1,3295,65.0,38.0,interior,-0.0,-0.0,-0.0,-0.0,-0.0,-0.0
20,20,unloading,0.65,fb8a66aeb9d63467735b1037339d12df321725177f781f8e1984a8245e9dcbb1,3296,66.0,38.0,interior,-0.0,-0.0,-0.0,-0.0,-0.0,-0.0
20,20,unloading,0.65,fb8a66aeb9d63467735b1037339d12df321725177f781f8e1984a8245e9dcbb1,3297,67.0,38.0,interior,-0.0,-0.0,-0.0,-0.0,-0.0,-0.0
20,20,unloading,0.65,fb8a66aeb9d63467735b1037339d12df321725177f781f8e1984a8245e9dcbb1,3298,68.0,38.0,interior,-0.0,-0.0,-0.0,-0.0,-0.0,-0.0
20,20,unloading,0.65,fb8a66aeb9d63467735b1037339d12df321725177f781f8e1984a8245e9dcbb1,3299,69.0,38.0,interior,-0.0,-0.0,-0.0,-0.0,-0.0,-0.0
20,20,unloading,0.65,fb8a66aeb9d63467735b1037339d12df321725177f781f8e1984a8245e9dcbb1,3300,70.0,38.0,interior,-0.0,-0.0,-0.0,-0.0,-0.0,-0.0
20,20,unloading,0.65,fb8a66aeb9d63467735b1037339d12df321725177f781f8e1984a8245e9dcbb1,3301,71.0,38.0,interior,-0.0,-0.0,-0.0,-0.0,-0.0,-0.0
20,20,unloading,0.65,fb8a66aeb9d63467735b1037339d12df321725177f781f8e1984a8245e9dcbb1,3302,72.0,38.0,interior,-0.0,-0.0,-0.0,-0.0,-0.0,-0.0
20,20,unloading,0.65,fb8a66aeb9d63467735b1037339d12df321725177f781f8e1984a8245e9dcbb1,3303,73.0,38.0,interior,-0.0,-0.0,-0.0,-0.0,-0.0,-0.0
20,20,unloading,0.65,fb8a66aeb9d63467735b1037339d12df321725177f781f8e1984a8245e9dcbb1,3304,74.0,38.0,interior,-0.0,-0.0,-0.0,-0.0,-0.0,-0.0
20,20,unloading,0.65,fb8a66aeb9d63467735b1037339d12df321725177f781f8e1984a8245e9dcbb1,3305,75.0,38.0,interior,-0.0,-0.0,-0.0,-0.0,-0.0,-0.0
20,20,unloading,0.65,fb8a66aeb9d63467735b1037339d12df321725177f781f8e1984a8245e9dcbb1,3306,76.0,38.0,interior,-0.0,-0.0,-0.0,-0.0,-0.0,-0.0
20,20,unloading,0.65,fb8a66aeb9d63467735b1037339d12df321725177f781f8e1984a8245e9dcbb1,3307,77.0,38.0,interior,-0.0,-0.0,-0.0,-0.0,-0.0,-0.0
20,20,unloading,0.65,fb8a66aeb9d63467735b1037339d12df321725177f781f8e1984a8245e9dcbb1,3308,78.0,38.0,interior,-0.0,-0.0,-0.0,-0.0,-0.0,-0.0
20,20,unloading,0.65,fb8a66aeb9d63467735b1037339d12df321725177f781f8e1984a8245e9dcbb1,3309,79.0,38.0,interior,-0.0,-0.0,-0.0,-0.0,-0.0,-0.0
20,20,unloading,0.65,fb8a66aeb9d63467735b1037339d12df321725177f781f8e1984a8245e9dcbb1,3310,80.0,38.0,physical_only,1.4319053478046794e-07,-3.1845117097941076e-08,6.603111025942511e-07,-7.05638104067773e-08,-5.171205678137834e-07,3.8718693308835084e-08
20,20,unloading,0.65,fb8a66aeb9d63467735b1037339d12df321725177f781f8e1984a8245e9dcbb1,3377,62.0,39.0,physical_only,-4.355520718202603e-06,8.687839069070595e-08,-3.326641655521936e-06,1.584394067599345e-08,-1.0288790626806666e-06,7.103445001471261e-08
20,20,unloading,0.65,fb8a66aeb9d63467735b1037339d12df321725177f781f8e1984a8245e9dcbb1,3378,63.0,39.0,interior,-0.0,-0.0,-0.0,-0.0,-0.0,-0.0
20,20,unloading,0.65,fb8a66aeb9d63467735b1037339d12df321725177f781f8e1984a8245e9dcbb1,3379,64.0,39.0,interior,-0.0,-0.0,-0.0,-0.0,-0.0,-0.0
20,20,unloading,0.65,fb8a66aeb9d63467735b1037339d12df321725177f781f8e1984a8245e9dcbb1,3380,65.0,39.0,interior,-0.0,-0.0,-0.0,-0.0,-0.0,-0.0
20,20,unloading,0.65,fb8a66aeb9d63467735b1037339d12df321725177f781f8e1984a8245e9dcbb1,3381,66.0,39.0,interior,-0.0,-0.0,-0.0,-0.0,-0.0,-0.0
20,20,unloading,0.65,fb8a66aeb9d63467735b1037339d12df321725177f781f8e1984a8245e9dcbb1,3382,67.0,39.0,interior,-0.0,-0.0,-0.0,-0.0,-0.0,-0.0
20,20,unloading,0.65,fb8a66aeb9d63467735b1037339d12df321725177f781f8e1984a8245e9dcbb1,3383,68.0,39.0,interior,-0.0,-0.0,-0.0,-0.0,-0.0,-0.0
20,20,unloading,0.65,fb8a66aeb9d63467735b1037339d12df321725177f781f8e1984a8245e9dcbb1,3384,69.0,39.0,interior,-0.0,-0.0,-0.0,-0.0,-0.0,-0.0
20,20,unloading,0.65,fb8a66aeb9d63467735b1037339d12df321725177f781f8e1984a8245e9dcbb1,3385,70.0,39.0,interior,-0.0,-0.0,-0.0,-0.0,-0.0,-0.0
20,20,unloading,0.65,fb8a66aeb9d63467735b1037339d12df321725177f781f8e1984a8245e9dcbb1,3386,71.0,39.0,interior,-0.0,-0.0,-0.0,-0.0,-0.0,-0.0
20,20,unloading,0.65,fb8a66aeb9d63467735b1037339d12df321725177f781f8e1984a8245e9dcbb1,3387,72.0,39.0,interior,-0.0,-0.0,-0.0,-0.0,-0.0,-0.0
20,20,unloading,0.65,fb8a66aeb9d63467735b1037339d12df321725177f781f8e1984a8245e9dcbb1,3388,73.0,39.0,interior,-0.0,-0.0,-0.0,-0.0,-0.0,-0.0
20,20,unloading,0.65,fb8a66aeb9d63467735b1037339d12df321725177f781f8e1984a8245e9dcbb1,3389,74.0,39.0,interior,-0.0,-0.0,-0.0,-0.0,-0.0,-0.0
20,20,unloading,0.65,fb8a66aeb9d63467735b1037339d12df321725177f781f8e1984a8245e9dcbb1,3390,75.0,39.0,interior,-0.0,-0.0,-0.0,-0.0,-0.0,-0.0
20,20,unloading,0.65,fb8a66aeb9d63467735b1037339d12df321725177f781f8e1984a8245e9dcbb1,3391,76.0,39.0,interior,-0.0,-0.0,-0.0,-0.0,-0.0,-0.0
20,20,unloading,0.65,fb8a66aeb9d63467735b1037339d12df321725177f781f8e1984a8245e9dcbb1,3392,77.0,39.0,interior,-0.0,-0.0,-0.0,-0.0,-0.0,-0.0
20,20,unloading,0.65,fb8a66aeb9d63467735b1037339d12df321725177f781f8e1984a8245e9dcbb1,3393,78.0,39.0,interior,-0.0,-0.0,-0.0,-0.0,-0.0,-0.0
20,20,unloading,0.65,fb8a66aeb9d63467735b1037339d12df321725177f781f8e1984a8245e9dcbb1,3394,79.0,39.0,interior,-0.0,-0.0,-0.0,-0.0,-0.0,-0.0
20,20,unloading,0.65,fb8a66aeb9d63467735b1037339d12df321725177f781f8e1984a8245e9dcbb1,3395,80.0,39.0,physical_only,1.4231420812888885e-07,-1.58032184086692e-08,6.505497855251742e-07,-3.5207794120954664e-08,-5.082355773962855e-07,1.940457571228647e-08
20,20,unloading,0.65,fb8a66aeb9d63467735b1037339d12df321725177f781f8e1984a8245e9dcbb1,3462,62.0,40.0,physical_and_cut,-2.189587050012215e-06,-2.1415713432114007e-06,-1.6679652041392994e-06,-7.479775669888217e-07,-5.216218458729159e-07,-1.3935937762225788e-06
20,20,unloading,0.65,fb8a66aeb9d63467735b1037339d12df321725177f781f8e1984a8245e9dcbb1,3463,63.0,40.0,cut_only,-0.0,-0.0,-0.0,-0.0,-0.0,-0.0
20,20,unloading,0.65,fb8a66aeb9d63467735b1037339d12df321725177f781f8e1984a8245e9dcbb1,3464,64.0,40.0,cut_only,-0.0,-0.0,-0.0,-0.0,-0.0,-0.0
20,20,unloading,0.65,fb8a66aeb9d63467735b1037339d12df321725177f781f8e1984a8245e9dcbb1,3465,65.0,40.0,cut_only,-0.0,-0.0,-0.0,-0.0,-0.0,-0.0
20,20,unloading,0.65,fb8a66aeb9d63467735b1037339d12df321725177f781f8e1984a8245e9dcbb1,3466,66.0,40.0,cut_only,-0.0,-0.0,-0.0,-0.0,-0.0,-0.0
20,20,unloading,0.65,fb8a66aeb9d63467735b1037339d12df321725177f781f8e1984a8245e9dcbb1,3467,67.0,40.0,cut_only,-0.0,-0.0,-0.0,-0.0,-0.0,-0.0
20,20,unloading,0.65,fb8a66aeb9d63467735b1037339d12df321725177f781f8e1984a8245e9dcbb1,3468,68.0,40.0,cut_only,-0.0,-0.0,-0.0,-0.0,-0.0,-0.0
20,20,unloading,0.65,fb8a66aeb9d63467735b1037339d12df321725177f781f8e1984a8245e9dcbb1,3469,69.0,40.0,cut_only,-0.0,-0.0,-0.0,-0.0,-0.0,-0.0
20,20,unloading,0.65,fb8a66aeb9d63467735b1037339d12df321725177f781f8e1984a8245e9dcbb1,3470,70.0,40.0,cut_only,-0.0,-0.0,-0.0,-0.0,-0.0,-0.0
20,20,unloading,0.65,fb8a66aeb9d63467735b1037339d12df321725177f781f8e1984a8245e9dcbb1,3471,71.0,40.0,cut_only,-0.0,-0.0,-0.0,-0.0,-0.0,-0.0
20,20,unloading,0.65,fb8a66aeb9d63467735b1037339d12df321725177f781f8e1984a8245e9dcbb1,3472,72.0,40.0,cut_only,-0.0,-0.0,-0.0,-0.0,-0.0,-0.0
20,20,unloading,0.65,fb8a66aeb9d63467735b1037339d12df321725177f781f8e1984a8245e9dcbb1,3473,73.0,40.0,cut_only,-0.0,-0.0,-0.0,-0.0,-0.0,-0.0
20,20,unloading,0.65,fb8a66aeb9d63467735b1037339d12df321725177f781f8e1984a8245e9dcbb1,3474,74.0,40.0,cut_only,-0.0,-0.0,-0.0,-0.0,-0.0,-0.0
20,20,unloading,0.65,fb8a66aeb9d63467735b1037339d12df321725177f781f8e1984a8245e9dcbb1,3475,75.0,40.0,cut_only,-0.0,-0.0,-0.0,-0.0,-0.0,-0.0
20,20,unloading,0.65,fb8a66aeb9d63467735b1037339d12df321725177f781f8e1984a8245e9dcbb1,3476,76.0,40.0,cut_only,-0.0,-0.0,-0.0,-0.0,-0.0,-0.0
20,20,unloading,0.65,fb8a66aeb9d63467735b1037339d12df321725177f781f8e1984a8245e9dcbb1,3477,77.0,40.0,cut_only,-0.0,-0.0,-0.0,-0.0,-0.0,-0.0
20,20,unloading,0.65,fb8a66aeb9d63467735b1037339d12df321725177f781f8e1984a8245e9dcbb1,3478,78.0,40.0,cut_only,-0.0,-0.0,-0.0,-0.0,-0.0,-0.0
20,20,unloading,0.65,fb8a66aeb9d63467735b1037339d12df321725177f781f8e1984a8245e9dcbb1,3479,79.0,40.0,cut_only,-0.0,-0.0,-0.0,-0.0,-0.0,-0.0
20,20,unloading,0.65,fb8a66aeb9d63467735b1037339d12df321725177f781f8e1984a8245e9dcbb1,3480,80.0,40.0,physical_and_cut,7.10115310708671e-08,8.581507526205874e-06,3.236555244651694e-07,-1.5618672235017744e-07,-2.526439933943023e-07,8.737694248556053e-06
21,21,unloading,0.5,371863d34e9bfeb575396dcddaa719748cb12cdf34b040ab402a37bc97c5ecc9,2697,62.0,31.0,physical_only,-0.0002351432819138322,7.720203361907714e-06,-3.5118846818120225e-06,3.3585422847029914e-06,-0.00023163139723202014,4.3616610772047315e-06
21,21,unloading,0.5,371863d34e9bfeb575396dcddaa719748cb12cdf34b040ab402a37bc97c5ecc9,2698,63.0,31.0,physical_only,-1.5107161036627339e-06,-9.697578783452533e-06,-1.7406950430903293e-06,3.713660107036669e-06,2.2997893942759522e-07,-1.3411238890489202e-05
21,21,unloading,0.5,371863d34e9bfeb575396dcddaa719748cb12cdf34b040ab402a37bc97c5ecc9,2699,64.0,31.0,physical_only,-8.789710545648446e-07,-1.2164342025666186e-05,-1.7610008317678355e-06,4.635821168137883e-06,8.820297772029907e-07,-1.680016319380404e-05
21,21,unloading,0.5,371863d34e9bfeb575396dcddaa719748cb12cdf34b040ab402a37bc97c5ecc9,2700,65.0,31.0,physical_only,-8.47048015613976e-07,-1.532286647201378e-05,-1.785969424824003e-06,5.623521314698549e-06,9.389214092100274e-07,-2.094638778671234e-05
21,21,unloading,0.5,371863d34e9bfeb575396dcddaa719748cb12cdf34b040ab402a37bc97c5ecc9,2701,66.0,31.0,physical_only,-1.2789758463921087e-06,-1.8240061060723197e-05,-1.8148227889296187e-06,6.692101098800502e-06,5.358469425375096e-07,-2.4932162159523708e-05
21,21,unloading,0.5,371863d34e9bfeb575396dcddaa719748cb12cdf34b040ab402a37bc97c5ecc9,2702,67.0,31.0,physical_only,-1.768299139853525e-06,-2.073065067042493e-05,-1.845527172974317e-06,7.854040758255713e-06,7.722803312079221e-08,-2.8584691428680623e-05
21,21,unloading,0.5,371863d34e9bfeb575396dcddaa719748cb12cdf34b040ab402a37bc97c5ecc9,2703,68.0,31.0,physical_only,-1.839993943372741e-06,-2.334492030202026e-05,-1.8769507643439942e-06,9.119540112185744e-06,3.695682097125402e-08,-3.246446041420601e-05
21,21,unloading,0.5,371863d34e9bfeb575396dcddaa719748cb12cdf34b040ab402a37bc97c5ecc9,2704,69.0,31.0,physical_only,-1.977562751230712e-06,-2.6393603393720124e-05,-1.908736211922568e-06,1.049873402908764e-05,-6.882653930814456e-08,-3.689233742280778e-05
21,21,unloading,0.5,371863d34e9bfeb575396dcddaa719748cb12cdf34b040ab402a37bc97c5ecc9,2705,70.0,31.0,physical_only,-2.1509797399341813e-06,-2.967875998736118e-05,-1.9410886594207056e-06,1.2003169672228145e-05,-2.098910805134749e-07,-4.168192965958934e-05
21,21,unloading,0.5,371863d34e9bfeb575396dcddaa719748cb12cdf34b040ab402a37bc97c5ecc9,2706,71.0,31.0,physical_only,-2.3702705183717094e-06,-3.3171789502801105e-05,-1.9740351794327486e-06,1.3646056429964367e-05,-3.962353389389612e-07,-4.681784593276551e-05
21,21,unloading,0.5,371863d34e9bfeb575396dcddaa719748cb12cdf34b040ab402a37bc97c5ecc9,2707,72.0,31.0,physical_only,-2.6378714070064463e-06,-3.68297224122845e-05,-2.0076338248414484e-06,1.5442386554881592e-05,-6.302375821649983e-07,-5.227210896716609e-05
21,21,unloading,0.5,371863d34e9bfeb575396dcddaa719748cb12cdf34b040ab402a37bc97c5ecc9,2708,73.0,31.0,physical_only,-3.0497436216042762e-06,-4.0260929085209724e-05,-2.0417189003801728e-06,1.7408832188572766e-05,-1.008024721224103e-06,-5.766976127378256e-05
21,21,unloading,0.5,371863d34e9bfeb575396dcddaa719748cb12cdf34b040ab402a37bc97c5ecc9,2709,74.0,31.0,physical_only,-2.6355224071727745e-06,-4.370109647526516e-05,-2.0765720897292374e-06,1.9564245588060723e-05,-5.589503174435375e-07,-6.326534206332592e-05
21,21,unloading,0.5,371863d34e9bfeb575396dcddaa719748cb12cdf34b040ab402a37bc97c5ecc9,2710,75.0,31.0,physical_only,-1.515897419359935e-06,-4.868711079180309e-05,-2.1134458370519063e-06,2.193230331249294e-05,5.975484176919717e-07,-7.061941410429595e-05
21,21,unloading,0.5,371863d34e9bfeb575396dcddaa719748cb12cdf34b040ab402a37bc97c5ecc9,2711,76.0,31.0,physical_only,-1.4757558698172562e-08,-5.7169083222057535e-05,-2.15534482818952e-06,2.454771681908896e-05,2.140587269491347e-06,-8.171680004114663e-05
21,21,unloading,0.5,371863d34e9bfeb575396dcddaa719748cb12cdf34b040ab402a37bc97c5ecc9,2712,77.0,31.0,physical_only,9.276024356776288e-08,-6.756784645347137e-05,-2.2044695069884844e-06,2.746022459019163e-05,2.2972297505562477e-06,-9.502807104366307e-05
21,21,unloading,0.5,371863d34e9bfeb575396dcddaa719748cb12cdf34b040ab402a37bc97c5ecc9,2713,78.0,31.0,physical_only,-2.0048921242265194e-07,-7.852648268865162e-05,-2.261718626763883e-06,3.0732492594858644e-05,2.0612294143412306e-06,-0.00010925897528351019
21,21,unloading,0.5,371863d34e9bfeb575396dcddaa719748cb12cdf34b040ab402a37bc97c5ecc9,2714,79.0,31.0,physical_only,-7.694275443563228e-07,-8.494869287402806e-05,-2.3249363921897767e-06,3.44344046354626e-05,1.5555088478334535e-06,-0.00011938309750949064
21,21,unloading,0.5,371863d34e9bfeb575396dcddaa719748cb12cdf34b040ab402a37bc97c5ecc9,2715,80.0,31.0,physical_only,-1.2075750976528488e-05,0.0011747800933269768,-9.237889731366412e-07,3.670812594183413e-05,-1.1151962003391849e-05,0.0011380719673851425
21,21,unloading,0.5,371863d34e9bfeb575396dcddaa719748cb12cdf34b040ab402a37bc97c5ecc9,2782,62.0,32.0,physical_only,-4.764074302959459e-06,-1.0599018127643083e-06,-2.2513260704188983e-06,1.1227948089049025e-07,-2.5127482325405613e-06,-1.172181293654799e-06
21,21,unloading,0.5,371863d34e9bfeb575396dcddaa719748cb12cdf34b040ab402a37bc97c5ecc9,2783,63.0,32.0,interior,-0.0,-0.0,-0.0,-0.0,-0.0,-0.0
21,21,unloading,0.5,371863d34e9bfeb575396dcddaa719748cb12cdf34b040ab402a37bc97c5ecc9,2784,64.0,32.0,interior,-0.0,-0.0,-0.0,-0.0,-0.0,-0.0
21,21,unloading,0.5,371863d34e9bfeb575396dcddaa719748cb12cdf34b040ab402a37bc97c5ecc9,2785,65.0,32.0,interior,-0.0,-0.0,-0.0,-0.0,-0.0,-0.0
21,21,unloading,0.5,371863d34e9bfeb575396dcddaa719748cb12cdf34b040ab402a37bc97c5ecc9,2786,66.0,32.0,interior,-0.0,-0.0,-0.0,-0.0,-0.0,-0.0
21,21,unloading,0.5,371863d34e9bfeb575396dcddaa719748cb12cdf34b040ab402a37bc97c5ecc9,2787,67.0,32.0,interior,-0.0,-0.0,-0.0,-0.0,-0.0,-0.0
21,21,unloading,0.5,371863d34e9bfeb575396dcddaa719748cb12cdf34b040ab402a37bc97c5ecc9,2788,68.0,32.0,interior,-0.0,-0.0,-0.0,-0.0,-0.0,-0.0
21,21,unloading,0.5,371863d34e9bfeb575396dcddaa719748cb12cdf34b040ab402a37bc97c5ecc9,2789,69.0,32.0,interior,-0.0,-0.0,-0.0,-0.0,-0.0,-0.0
21,21,unloading,0.5,371863d34e9bfeb575396dcddaa719748cb12cdf34b040ab402a37bc97c5ecc9,2790,70.0,32.0,interior,-0.0,-0.0,-0.0,-0.0,-0.0,-0.0
21,21,unloading,0.5,371863d34e9bfeb575396dcddaa719748cb12cdf34b040ab402a37bc97c5ecc9,2791,71.0,32.0,interior,-0.0,-0.0,-0.0,-0.0,-0.0,-0.0
21,21,unloading,0.5,371863d34e9bfeb575396dcddaa719748cb12cdf34b040ab402a37bc97c5ecc9,2792,72.0,32.0,interior,-0.0,-0.0,-0.0,-0.0,-0.0,-0.0
21,21,unloading,0.5,371863d34e9bfeb575396dcddaa719748cb12cdf34b040ab402a37bc97c5ecc9,2793,73.0,32.0,interior,-0.0,-0.0,-0.0,-0.0,-0.0,-0.0
21,21,unloading,0.5,371863d34e9bfeb575396dcddaa719748cb12cdf34b040ab402a37bc97c5ecc9,2794,74.0,32.0,interior,-0.0,-0.0,-0.0,-0.0,-0.0,-0.0
21,21,unloading,0.5,371863d34e9bfeb575396dcddaa719748cb12cdf34b040ab402a37bc97c5ecc9,2795,75.0,32.0,interior,-0.0,-0.0,-0.0,-0.0,-0.0,-0.0
21,21,unloading,0.5,371863d34e9bfeb575396dcddaa719748cb12cdf34b040ab402a37bc97c5ecc9,2796,76.0,32.0,interior,-0.0,-0.0,-0.0,-0.0,-0.0,-0.0
21,21,unloading,0.5,371863d34e9bfeb575396dcddaa719748cb12cdf34b040ab402a37bc97c5ecc9,2797,77.0,32.0,interior,-0.0,-0.0,-0.0,-0.0,-0.0,-0.0
21,21,unloading,0.5,371863d34e9bfeb575396dcddaa719748cb12cdf34b040ab402a37bc97c5ecc9,2798,78.0,32.0,interior,-0.0,-0.0,-0.0,-0.0,-0.0,-0.0
21,21,unloading,0.5,371863d34e9bfeb575396dcddaa719748cb12cdf34b040ab402a37bc97c5ecc9,2799,79.0,32.0,interior,-0.0,-0.0,-0.0,-0.0,-0.0,-0.0
21,21,unloading,0.5,371863d34e9bfeb575396dcddaa719748cb12cdf34b040ab402a37bc97c5ecc9,2800,80.0,32.0,physical_only,4.96591309806993e-08,-7.753667085352242e-08,5.566716216614283e-07,-7.468573563643774e-08,-5.070124906807292e-07,-2.8509352170848094e-09
21,21,unloading,0.5,371863d34e9bfeb575396dcddaa719748cb12cdf34b040ab402a37bc97c5ecc9,2867,62.0,33.0,physical_only,-3.7044339315682515e-06,-7.22674169354361e-07,-2.356390910348427e-06,8.779260171177452e-08,-1.3480430212198243e-06,-8.104667710661354e-07
21,21,unloading,0.5,371863d34e9bfeb575396dcddaa719748cb12cdf34b040ab402a37bc97c5ecc9,2868,63.0,33.0,interior,-0.0,-0.0,-0.0,-0.0,-0.0,-0.0
21,21,unloading,0.5,371863d34e9bfeb575396dcddaa719748cb12cdf34b040ab402a37bc97c5ecc9,2869,64.0,33.0,interior,-0.0,-0.0,-0.0,-0.0,-0.0,-0.0
21,21,unloading,0.5,371863d34e9bfeb575396dcddaa719748cb12cdf34b040ab402a37bc97c5ecc9,2870,65.0,33.0,interior,-0.0,-0.0,-0.0,-0.0,-0.0,-0.0
21,21,unloading,0.5,371863d34e9bfeb575396dcddaa719748cb12cdf34b040ab402a37bc97c5ecc9,2871,66.0,33.0,interior,-0.0,-0.0,-0.0,-0.0,-0.0,-0.0
21,21,unloading,0.5,371863d34e9bfeb575396dcddaa719748cb12cdf34b040ab402a37bc97c5ecc9,2872,67.0,33.0,interior,-0.0,-0.0,-0.0,-0.0,-0.0,-0.0
21,21,unloading,0.5,371863d34e9bfeb575396dcddaa719748cb12cdf34b040ab402a37bc97c5ecc9,2873,68.0,33.0,interior,-0.0,-0.0,-0.0,-0.0,-0.0,-0.0
21,21,unloading,0.5,371863d34e9bfeb575396dcddaa719748cb12cdf34b040ab402a37bc97c5ecc9,2874,69.0,33.0,interior,-0.0,-0.0,-0.0,-0.0,-0.0,-0.0
21,21,unloading,0.5,371863d34e9bfeb575396dcddaa719748cb12cdf34b040ab402a37bc97c5ecc9,2875,70.0,33.0,interior,-0.0,-0.0,-0.0,-0.0,-0.0,-0.0
21,21,unloading,0.5,371863d34e9bfeb575396dcddaa719748cb12cdf34b040ab402a37bc97c5ecc9,2876,71.0,33.0,interior,-0.0,-0.0,-0.0,-0.0,-0.0,-0.0
21,21,unloading,0.5,371863d34e9bfeb575396dcddaa719748cb12cdf34b040ab402a37bc97c5ecc9,2877,72.0,33.0,interior,-0.0,-0.0,-0.0,-0.0,-0.0,-0.0
21,21,unloading,0.5,371863d34e9bfeb575396dcddaa719748cb12cdf34b040ab402a37bc97c5ecc9,2878,73.0,33.0,interior,-0.0,-0.0,-0.0,-0.0,-0.0,-0.0
21,21,unloading,0.5,371863d34e9bfeb575396dcddaa719748cb12cdf34b040ab402a37bc97c5ecc9,2879,74.0,33.0,interior,-0.0,-0.0,-0.0,-0.0,-0.0,-0.0
21,21,unloading,0.5,371863d34e9bfeb575396dcddaa719748cb12cdf34b040ab402a37bc97c5ecc9,2880,75.0,33.0,interior,-0.0,-0.0,-0.0,-0.0,-0.0,-0.0
21,21,unloading,0.5,371863d34e9bfeb575396dcddaa719748cb12cdf34b040ab402a37bc97c5ecc9,2881,76.0,33.0,interior,-0.0,-0.0,-0.0,-0.0,-0.0,-0.0
21,21,unloading,0.5,371863d34e9bfeb575396dcddaa719748cb12cdf34b040ab402a37bc97c5ecc9,2882,77.0,33.0,interior,-0.0,-0.0,-0.0,-0.0,-0.0,-0.0
21,21,unloading,0.5,371863d34e9bfeb575396dcddaa719748cb12cdf34b040ab402a37bc97c5ecc9,2883,78.0,33.0,interior,-0.0,-0.0,-0.0,-0.0,-0.0,-0.0
21,21,unloading,0.5,371863d34e9bfeb575396dcddaa719748cb12cdf34b040ab402a37bc97c5ecc9,2884,79.0,33.0,interior,-0.0,-0.0,-0.0,-0.0,-0.0,-0.0
21,21,unloading,0.5,371863d34e9bfeb575396dcddaa719748cb12cdf34b040ab402a37bc97c5ecc9,2885,80.0,33.0,physical_only,4.7724017927711743e-08,-6.563855910369723e-08,5.191062492622078e-07,-6.481019966221538e-08,-4.7138223133449614e-07,-8.283594414817425e-10
21,21,unloading,0.5,371863d34e9bfeb575396dcddaa719748cb12cdf34b040ab402a37bc97c5ecc9,2952,62.0,34.0,physical_only,-3.2208388618607887e-06,-3.354846299339892e-07,-2.437382799829466e-06,7.16758670824737e-08,-7.834560620313227e-07,-4.07160497016463e-07
21,21,unloading,0.5,371863d34e9bfeb575396dcddaa719748cb12cdf34b040ab402a37bc97c5ecc9,2953,63.0,34.0,interior,-0.0,-0.0,-0.0,-0.0,-0.0,-0.0
21,21,unloading,0.5,371863d34e9bfeb575396dcddaa719748cb12cdf34b040ab402a37bc97c5ecc9,2954,64.0,34.0,interior,-0.0,-0.0,-0.0,-0.0,-0.0,-0.0
21,21,unloading,0.5,371863d34e9bfeb575396dcddaa719748cb12cdf34b040ab402a37bc97c5ecc9,2955,65.0,34.0,interior,-0.0,-0.0,-0.0,-0.0,-0.0,-0.0
21,21,unloading,0.5,371863d34e9bfeb575396dcddaa719748cb12cdf34b040ab402a37bc97c5ecc9,2956,66.0,34.0,interior,-0.0,-0.0,-0.0,-0.0,-0.0,-0.0
21,21,unloading,0.5,371863d34e9bfeb575396dcddaa719748cb12cdf34b040ab402a37bc97c5ecc9,2957,67.0,34.0,interior,-0.0,-0.0,-0.0,-0.0,-0.0,-0.0
21,21,unloading,0.5,371863d34e9bfeb575396dcddaa719748cb12cdf34b040ab402a37bc97c5ecc9,2958,68.0,34.0,interior,-0.0,-0.0,-0.0,-0.0,-0.0,-0.0
21,21,unloading,0.5,371863d34e9bfeb575396dcddaa719748cb12cdf34b040ab402a37bc97c5ecc9,2959,69.0,34.0,interior,-0.0,-0.0,-0.0,-0.0,-0.0,-0.0
21,21,unloading,0.5,371863d34e9bfeb575396dcddaa719748cb12cdf34b040ab402a37bc97c5ecc9,2960,70.0,34.0,interior,-0.0,-0.0,-0.0,-0.0,-0.0,-0.0
21,21,unloading,0.5,371863d34e9bfeb575396dcddaa719748cb12cdf34b040ab402a37bc97c5ecc9,2961,71.0,34.0,interior,-0.0,-0.0,-0.0,-0.0,-0.0,-0.0
21,21,unloading,0.5,371863d34e9bfeb575396dcddaa719748cb12cdf34b040ab402a37bc97c5ecc9,2962,72.0,34.0,interior,-0.0,-0.0,-0.0,-0.0,-0.0,-0.0
21,21,unloading,0.5,371863d34e9bfeb575396dcddaa719748cb12cdf34b040ab402a37bc97c5ecc9,2963,73.0,34.0,interior,-0.0,-0.0,-0.0,-0.0,-0.0,-0.0
21,21,unloading,0.5,371863d34e9bfeb575396dcddaa719748cb12cdf34b040ab402a37bc97c5ecc9,2964,74.0,34.0,interior,-0.0,-0.0,-0.0,-0.0,-0.0,-0.0
21,21,unloading,0.5,371863d34e9bfeb575396dcddaa719748cb12cdf34b040ab402a37bc97c5ecc9,2965,75.0,34.0,interior,-0.0,-0.0,-0.0,-0.0,-0.0,-0.0
21,21,unloading,0.5,371863d34e9bfeb575396dcddaa719748cb12cdf34b040ab402a37bc97c5ecc9,2966,76.0,34.0,interior,-0.0,-0.0,-0.0,-0.0,-0.0,-0.0
21,21,unloading,0.5,371863d34e9bfeb575396dcddaa719748cb12cdf34b040ab402a37bc97c5ecc9,2967,77.0,34.0,interior,-0.0,-0.0,-0.0,-0.0,-0.0,-0.0
21,21,unloading,0.5,371863d34e9bfeb575396dcddaa719748cb12cdf34b040ab402a37bc97c5ecc9,2968,78.0,34.0,interior,-0.0,-0.0,-0.0,-0.0,-0.0,-0.0
21,21,unloading,0.5,371863d34e9bfeb575396dcddaa719748cb12cdf34b040ab402a37bc97c5ecc9,2969,79.0,34.0,interior,-0.0,-0.0,-0.0,-0.0,-0.0,-0.0
21,21,unloading,0.5,371863d34e9bfeb575396dcddaa719748cb12cdf34b040ab402a37bc97c5ecc9,2970,80.0,34.0,physical_only,4.610547538272287e-08,-5.467291225559947e-08,4.875229781625157e-07,-5.5155471471656553e-08,-4.414175027797924e-07,4.825592160571211e-10
21,21,unloading,0.5,371863d34e9bfeb575396dcddaa719748cb12cdf34b040ab402a37bc97c5ecc9,3037,62.0,35.0,physical_only,-3.1030230957656066e-06,-3.1947355051635346e-08,-2.5032980901208046e-06,5.989420579537156e-08,-5.997250056448025e-07,-9.18415608470068e-08
21,21,unloading,0.5,371863d34e9bfeb575396dcddaa719748cb12cdf34b040ab402a37bc97c5ecc9,3038,63.0,35.0,interior,-0.0,-0.0,-0.0,-0.0,-0.0,-0.0
21,21,unloading,0.5,371863d34e9bfeb575396dcddaa719748cb12cdf34b040ab402a37bc97c5ecc9,3039,64.0,35.0,interior,-0.0,-0.0,-0.0,-0.0,-0.0,-0.0
21,21,unloading,0.5,371863d34e9bfeb575396dcddaa719748cb12cdf34b040ab402a37bc97c5ecc9,3040,65.0,35.0,interior,-0.0,-0.0,-0.0,-0.0,-0.0,-0.0
21,21,unloading,0.5,371863d34e9bfeb575396dcddaa719748cb12cdf34b040ab402a37bc97c5ecc9,3041,66.0,35.0,interior,-0.0,-0.0,-0.0,-0.0,-0.0,-0.0
21,21,unloading,0.5,371863d34e9bfeb575396dcddaa719748cb12cdf34b040ab402a37bc97c5ecc9,3042,67.0,35.0,interior,-0.0,-0.0,-0.0,-0.0,-0.0,-0.0
21,21,unloading,0.5,371863d34e9bfeb575396dcddaa719748cb12cdf34b040ab402a37bc97c5ecc9,3043,68.0,35.0,interior,-0.0,-0.0,-0.0,-0.0,-0.0,-0.0
21,21,unloading,0.5,371863d34e9bfeb575396dcddaa719748cb12cdf34b040ab402a37bc97c5ecc9,3044,69.0,35.0,interior,-0.0,-0.0,-0.0,-0.0,-0.0,-0.0
21,21,unloading,0.5,371863d34e9bfeb575396dcddaa719748cb12cdf34b040ab402a37bc97c5ecc9,3045,70.0,35.0,interior,-0.0,-0.0,-0.0,-0.0,-0.0,-0.0
21,21,unloading,0.5,371863d34e9bfeb575396dcddaa719748cb12cdf34b040ab402a37bc97c5ecc9,3046,71.0,35.0,interior,-0.0,-0.0,-0.0,-0.0,-0.0,-0.0
21,21,unloading,0.5,371863d34e9bfeb575396dcddaa719748cb12cdf34b040ab402a37bc97c5ecc9,3047,72.0,35.0,interior,-0.0,-0.0,-0.0,-0.0,-0.0,-0.0
21,21,unloading,0.5,371863d34e9bfeb575396dcddaa719748cb12cdf34b040ab402a37bc97c5ecc9,3048,73.0,35.0,interior,-0.0,-0.0,-0.0,-0.0,-0.0,-0.0
21,21,unloading,0.5,371863d34e9bfeb575396dcddaa719748cb12cdf34b040ab402a37bc97c5ecc9,3049,74.0,35.0,interior,-0.0,-0.0,-0.0,-0.0,-0.0,-0.0
21,21,unloading,0.5,371863d34e9bfeb575396dcddaa719748cb12cdf34b040ab402a37bc97c5ecc9,3050,75.0,35.0,interior,-0.0,-0.0,-0.0,-0.0,-0.0,-0.0
21,21,unloading,0.5,371863d34e9bfeb575396dcddaa719748cb12cdf34b040ab402a37bc97c5ecc9,3051,76.0,35.0,interior,-0.0,-0.0,-0.0,-0.0,-0.0,-0.0
21,21,unloading,0.5,371863d34e9bfeb575396dcddaa719748cb12cdf34b040ab402a37bc97c5ecc9,3052,77.0,35.0,interior,-0.0,-0.0,-0.0,-0.0,-0.0,-0.0
21,21,unloading,0.5,371863d34e9bfeb575396dcddaa719748cb12cdf34b040ab402a37bc97c5ecc9,3053,78.0,35.0,interior,-0.0,-0.0,-0.0,-0.0,-0.0,-0.0
21,21,unloading,0.5,371863d34e9bfeb575396dcddaa719748cb12cdf34b040ab402a37bc97c5ecc9,3054,79.0,35.0,interior,-0.0,-0.0,-0.0,-0.0,-0.0,-0.0
21,21,unloading,0.5,371863d34e9bfeb575396dcddaa719748cb12cdf34b040ab402a37bc97c5ecc9,3055,80.0,35.0,physical_only,4.477595930029892e-08,-4.446957311456482e-08,4.614863599455303e-07,-4.568642403983562e-08,-4.1671040064523137e-07,1.2168509252708548e-09
21,21,unloading,0.5,371863d34e9bfeb575396dcddaa719748cb12cdf34b040ab402a37bc97c5ecc9,3122,62.0,36.0,physical_only,-3.1789625642639195e-06,1.2776181564724852e-07,-2.557934096901501e-06,4.943472888124332e-08,-6.21028467362418e-07,7.832708676600509e-08
21,21,unloading,0.5,371863d34e9bfeb575396dcddaa719748cb12cdf34b040ab402a37bc97c5ecc9,3123,63.0,36.0,interior,-0.0,-0.0,-0.0,-0.0,-0.0,-0.0
21,21,unloading,0.5,371863d34e9bfeb575396dcddaa719748cb12cdf34b040ab402a37bc97c5ecc9,3124,64.0,36.0,interior,-0.0,-0.0,-0.0,-0.0,-0.0,-0.0
21,21,unloading,0.5,371863d34e9bfeb575396dcddaa719748cb12cdf34b040ab402a37bc97c5ecc9,3125,65.0,36.0,interior,-0.0,-0.0,-0.0,-0.0,-0.0,-0.0
21,21,unloading,0.5,371863d34e9bfeb575396dcddaa719748cb12cdf34b040ab402a37bc97c5ecc9,3126,66.0,36.0,interior,-0.0,-0.0,-0.0,-0.0,-0.0,-0.0
21,21,unloading,0.5,371863d34e9bfeb575396dcddaa719748cb12cdf34b040ab402a37bc97c5ecc9,3127,67.0,36.0,interior,-0.0,-0.0,-0.0,-0.0,-0.0,-0.0
21,21,unloading,0.5,371863d34e9bfeb575396dcddaa719748cb12cdf34b040ab402a37bc97c5ecc9,3128,68.0,36.0,interior,-0.0,-0.0,-0.0,-0.0,-0.0,-0.0
21,21,unloading,0.5,371863d34e9bfeb575396dcddaa719748cb12cdf34b040ab402a37bc97c5ecc9,3129,69.0,36.0,interior,-0.0,-0.0,-0.0,-0.0,-0.0,-0.0
21,21,unloading,0.5,371863d34e9bfeb575396dcddaa719748cb12cdf34b040ab402a37bc97c5ecc9,3130,70.0,36.0,interior,-0.0,-0.0,-0.0,-0.0,-0.0,-0.0
21,21,unloading,0.5,371863d34e9bfeb575396dcddaa719748cb12cdf34b040ab402a37bc97c5ecc9,3131,71.0,36.0,interior,-0.0,-0.0,-0.0,-0.0,-0.0,-0.0
21,21,unloading,0.5,371863d34e9bfeb575396dcddaa719748cb12cdf34b040ab402a37bc97c5ecc9,3132,72.0,36.0,interior,-0.0,-0.0,-0.0,-0.0,-0.0,-0.0
21,21,unloading,0.5,371863d34e9bfeb575396dcddaa719748cb12cdf34b040ab402a37bc97c5ecc9,3133,73.0,36.0,interior,-0.0,-0.0,-0.0,-0.0,-0.0,-0.0
21,21,unloading,0.5,371863d34e9bfeb575396dcddaa719748cb12cdf34b040ab402a37bc97c5ecc9,3134,74.0,36.0,interior,-0.0,-0.0,-0.0,-0.0,-0.0,-0.0
21,21,unloading,0.5,371863d34e9bfeb575396dcddaa719748cb12cdf34b040ab402a37bc97c5ecc9,3135,75.0,36.0,interior,-0.0,-0.0,-0.0,-0.0,-0.0,-0.0
21,21,unloading,0.5,371863d34e9bfeb575396dcddaa719748cb12cdf34b040ab402a37bc97c5ecc9,3136,76.0,36.0,interior,-0.0,-0.0,-0.0,-0.0,-0.0,-0.0
21,21,unloading,0.5,371863d34e9bfeb575396dcddaa719748cb12cdf34b040ab402a37bc97c5ecc9,3137,77.0,36.0,interior,-0.0,-0.0,-0.0,-0.0,-0.0,-0.0
21,21,unloading,0.5,371863d34e9bfeb575396dcddaa719748cb12cdf34b040ab402a37bc97c5ecc9,3138,78.0,36.0,interior,-0.0,-0.0,-0.0,-0.0,-0.0,-0.0
21,21,unloading,0.5,371863d34e9bfeb575396dcddaa719748cb12cdf34b040ab402a37bc97c5ecc9,3139,79.0,36.0,interior,-0.0,-0.0,-0.0,-0.0,-0.0,-0.0
21,21,unloading,0.5,371863d34e9bfeb575396dcddaa719748cb12cdf34b040ab402a37bc97c5ecc9,3140,80.0,36.0,physical_only,4.371414520986243e-08,-3.487675186753911e-08,4.4064235566132e-07,-3.6369690697296185e-08,-3.9692821045145756e-07,1.492938829757193e-09
21,21,unloading,0.5,371863d34e9bfeb575396dcddaa719748cb12cdf34b040ab402a37bc97c5ecc9,3207,62.0,37.0,physical_only,-3.307968264061977e-06,1.716589068122887e-07,-2.6019274808290303e-06,3.8518538008271535e-08,-7.060407832329463e-07,1.3314036880401717e-07
21,21,unloading,0.5,371863d34e9bfeb575396dcddaa719748cb12cdf34b040ab402a37bc97c5ecc9,3208,63.0,37.0,interior,-0.0,-0.0,-0.0,-0.0,-0.0,-0.0
21,21,unloading,0.5,371863d34e9bfeb575396dcddaa719748cb12cdf34b040ab402a37bc97c5ecc9,3209,64.0,37.0,interior,-0.0,-0.0,-0.0,-0.0,-0.0,-0.0
21,21,unloading,0.5,371863d34e9bfeb575396dcddaa719748cb12cdf34b040ab402a37bc97c5ecc9,3210,65.0,37.0,interior,-0.0,-0.0,-0.0,-0.0,-0.0,-0.0
21,21,unloading,0.5,371863d34e9bfeb575396dcddaa719748cb12cdf34b040ab402a37bc97c5ecc9,3211,66.0,37.0,interior,-0.0,-0.0,-0.0,-0.0,-0.0,-0.0
21,21,unloading,0.5,371863d34e9bfeb575396dcddaa719748cb12cdf34b040ab402a37bc97c5ecc9,3212,67.0,37.0,interior,-0.0,-0.0,-0.0,-0.0,-0.0,-0.0
21,21,unloading,0.5,371863d34e9bfeb575396dcddaa719748cb12cdf34b040ab402a37bc97c5ecc9,3213,68.0,37.0,interior,-0.0,-0.0,-0.0,-0.0,-0.0,-0.0
21,21,unloading,0.5,371863d34e9bfeb575396dcddaa719748cb12cdf34b040ab402a37bc97c5ecc9,3214,69.0,37.0,interior,-0.0,-0.0,-0.0,-0.0,-0.0,-0.0
21,21,unloading,0.5,371863d34e9bfeb575396dcddaa719748cb12cdf34b040ab402a37bc97c5ecc9,3215,70.0,37.0,interior,-0.0,-0.0,-0.0,-0.0,-0.0,-0.0
21,21,unloading,0.5,371863d34e9bfeb575396dcddaa719748cb12cdf34b040ab402a37bc97c5ecc9,3216,71.0,37.0,interior,-0.0,-0.0,-0.0,-0.0,-0.0,-0.0
21,21,unloading,0.5,371863d34e9bfeb575396dcddaa719748cb12cdf34b040ab402a37bc97c5ecc9,3217,72.0,37.0,interior,-0.0,-0.0,-0.0,-0.0,-0.0,-0.0
21,21,unloading,0.5,371863d34e9bfeb575396dcddaa719748cb12cdf34b040ab402a37bc97c5ecc9,3218,73.0,37.0,interior,-0.0,-0.0,-0.0,-0.0,-0.0,-0.0
21,21,unloading,0.5,371863d34e9bfeb575396dcddaa719748cb12cdf34b040ab402a37bc97c5ecc9,3219,74.0,37.0,interior,-0.0,-0.0,-0.0,-0.0,-0.0,-0.0
21,21,unloading,0.5,371863d34e9bfeb575396dcddaa719748cb12cdf34b040ab402a37bc97c5ecc9,3220,75.0,37.0,interior,-0.0,-0.0,-0.0,-0.0,-0.0,-0.0
21,21,unloading,0.5,371863d34e9bfeb575396dcddaa719748cb12cdf34b040ab402a37bc97c5ecc9,3221,76.0,37.0,interior,-0.0,-0.0,-0.0,-0.0,-0.0,-0.0
21,21,unloading,0.5,371863d34e9bfeb575396dcddaa719748cb12cdf34b040ab402a37bc97c5ecc9,3222,77.0,37.0,interior,-0.0,-0.0,-0.0,-0.0,-0.0,-0.0
21,21,unloading,0.5,371863d34e9bfeb575396dcddaa719748cb12cdf34b040ab402a37bc97c5ecc9,3223,78.0,37.0,interior,-0.0,-0.0,-0.0,-0.0,-0.0,-0.0
21,21,unloading,0.5,371863d34e9bfeb575396dcddaa719748cb12cdf34b040ab402a37bc97c5ecc9,3224,79.0,37.0,interior,-0.0,-0.0,-0.0,-0.0,-0.0,-0.0
21,21,unloading,0.5,371863d34e9bfeb575396dcddaa719748cb12cdf34b040ab402a37bc97c5ecc9,3225,80.0,37.0,physical_only,4.290381944476644e-08,-2.5756827996458894e-08,4.247107085098021e-07,-2.7173279926407975e-08,-3.818068890650357e-07,1.4164519299491736e-09
21,21,unloading,0.5,371863d34e9bfeb575396dcddaa719748cb12cdf34b040ab402a37bc97c5ecc9,3292,62.0,38.0,physical_only,-3.419988476376843e-06,1.4188101977271696e-07,-2.634477243667568e-06,2.6525924507548492e-08,-7.855112327092751e-07,1.1535509526516858e-07
21,21,unloading,0.5,371863d34e9bfeb575396dcddaa719748cb12cdf34b040ab402a37bc97c5ecc9,3293,63.0,38.0,interior,-0.0,-0.0,-0.0,-0.0,-0.0,-0.0
21,21,unloading,0.5,371863d34e9bfeb575396dcddaa719748cb12cdf34b040ab402a37bc97c5ecc9,3294,64.0,38.0,interior,-0.0,-0.0,-0.0,-0.0,-0.0,-0.0
21,21,unloading,0.5,371863d34e9bfeb575396dcddaa719748cb12cdf34b040ab402a37bc97c5ecc9,3295,65.0,38.0,interior,-0.0,-0.0,-0.0,-0.0,-0.0,-0.0
21,21,unloading,0.5,371863d34e9bfeb575396dcddaa719748cb12cdf34b040ab402a37bc97c5ecc9,3296,66.0,38.0,interior,-0.0,-0.0,-0.0,-0.0,-0.0,-0.0
21,21,unloading,0.5,371863d34e9bfeb575396dcddaa719748cb12cdf34b040ab402a37bc97c5ecc9,3297,67.0,38.0,interior,-0.0,-0.0,-0.0,-0.0,-0.0,-0.0
21,21,unloading,0.5,371863d34e9bfeb575396dcddaa719748cb12cdf34b040ab402a37bc97c5ecc9,3298,68.0,38.0,interior,-0.0,-0.0,-0.0,-0.0,-0.0,-0.0
21,21,unloading,0.5,371863d34e9bfeb575396dcddaa719748cb12cdf34b040ab402a37bc97c5ecc9,3299,69.0,38.0,interior,-0.0,-0.0,-0.0,-0.0,-0.0,-0.0
21,21,unloading,0.5,371863d34e9bfeb575396dcddaa719748cb12cdf34b040ab402a37bc97c5ecc9,3300,70.0,38.0,interior,-0.0,-0.0,-0.0,-0.0,-0.0,-0.0
21,21,unloading,0.5,371863d34e9bfeb575396dcddaa719748cb12cdf34b040ab402a37bc97c5ecc9,3301,71.0,38.0,interior,-0.0,-0.0,-0.0,-0.0,-0.0,-0.0
21,21,unloading,0.5,371863d34e9bfeb575396dcddaa719748cb12cdf34b040ab402a37bc97c5ecc9,3302,72.0,38.0,interior,-0.0,-0.0,-0.0,-0.0,-0.0,-0.0
21,21,unloading,0.5,371863d34e9bfeb575396dcddaa719748cb12cdf34b040ab402a37bc97c5ecc9,3303,73.0,38.0,interior,-0.0,-0.0,-0.0,-0.0,-0.0,-0.0
21,21,unloading,0.5,371863d34e9bfeb575396dcddaa719748cb12cdf34b040ab402a37bc97c5ecc9,3304,74.0,38.0,interior,-0.0,-0.0,-0.0,-0.0,-0.0,-0.0
21,21,unloading,0.5,371863d34e9bfeb575396dcddaa719748cb12cdf34b040ab402a37bc97c5ecc9,3305,75.0,38.0,interior,-0.0,-0.0,-0.0,-0.0,-0.0,-0.0
21,21,unloading,0.5,371863d34e9bfeb575396dcddaa719748cb12cdf34b040ab402a37bc97c5ecc9,3306,76.0,38.0,interior,-0.0,-0.0,-0.0,-0.0,-0.0,-0.0
21,21,unloading,0.5,371863d34e9bfeb575396dcddaa719748cb12cdf34b040ab402a37bc97c5ecc9,3307,77.0,38.0,interior,-0.0,-0.0,-0.0,-0.0,-0.0,-0.0
21,21,unloading,0.5,371863d34e9bfeb575396dcddaa719748cb12cdf34b040ab402a37bc97c5ecc9,3308,78.0,38.0,interior,-0.0,-0.0,-0.0,-0.0,-0.0,-0.0
21,21,unloading,0.5,371863d34e9bfeb575396dcddaa719748cb12cdf34b040ab402a37bc97c5ecc9,3309,79.0,38.0,interior,-0.0,-0.0,-0.0,-0.0,-0.0,-0.0
21,21,unloading,0.5,371863d34e9bfeb575396dcddaa719748cb12cdf34b040ab402a37bc97c5ecc9,3310,80.0,38.0,physical_only,4.233308412626884e-08,-1.6982826026865944e-08,4.134790946180594e-07,-1.806624405034074e-08,-3.711460104917907e-07,1.0834180234751655e-09
21,21,unloading,0.5,371863d34e9bfeb575396dcddaa719748cb12cdf34b040ab402a37bc97c5ecc9,3377,62.0,39.0,physical_only,-3.488383863044123e-06,7.681087785623915e-08,-2.654520031784317e-06,1.3541458651123222e-08,-8.338638312598061e-07,6.326941920511625e-08
21,21,unloading,0.5,371863d34e9bfeb575396dcddaa719748cb12cdf34b040ab402a37bc97c5ecc9,3378,63.0,39.0,interior,-0.0,-0.0,-0.0,-0.0,-0.0,-0.0
21,21,unloading,0.5,371863d34e9bfeb575396dcddaa719748cb12cdf34b040ab402a37bc97c5ecc9,3379,64.0,39.0,interior,-0.0,-0.0,-0.0,-0.0,-0.0,-0.0
21,21,unloading,0.5,371863d34e9bfeb575396dcddaa719748cb12cdf34b040ab402a37bc97c5ecc9,3380,65.0,39.0,interior,-0.0,-0.0,-0.0,-0.0,-0.0,-0.0
21,21,unloading,0.5,371863d34e9bfeb575396dcddaa719748cb12cdf34b040ab402a37bc97c5ecc9,3381,66.0,39.0,interior,-0.0,-0.0,-0.0,-0.0,-0.0,-0.0
21,21,unloading,0.5,371863d34e9bfeb575396dcddaa719748cb12cdf34b040ab402a37bc97c5ecc9,3382,67.0,39.0,interior,-0.0,-0.0,-0.0,-0.0,-0.0,-0.0
21,21,unloading,0.5,371863d34e9bfeb575396dcddaa719748cb12cdf34b040ab402a37bc97c5ecc9,3383,68.0,39.0,interior,-0.0,-0.0,-0.0,-0.0,-0.0,-0.0
21,21,unloading,0.5,371863d34e9bfeb575396dcddaa719748cb12cdf34b040ab402a37bc97c5ecc9,3384,69.0,39.0,interior,-0.0,-0.0,-0.0,-0.0,-0.0,-0.0
21,21,unloading,0.5,371863d34e9bfeb575396dcddaa719748cb12cdf34b040ab402a37bc97c5ecc9,3385,70.0,39.0,interior,-0.0,-0.0,-0.0,-0.0,-0.0,-0.0
21,21,unloading,0.5,371863d34e9bfeb575396dcddaa719748cb12cdf34b040ab402a37bc97c5ecc9,3386,71.0,39.0,interior,-0.0,-0.0,-0.0,-0.0,-0.0,-0.0
21,21,unloading,0.5,371863d34e9bfeb575396dcddaa719748cb12cdf34b040ab402a37bc97c5ecc9,3387,72.0,39.0,interior,-0.0,-0.0,-0.0,-0.0,-0.0,-0.0
21,21,unloading,0.5,371863d34e9bfeb575396dcddaa719748cb12cdf34b040ab402a37bc97c5ecc9,3388,73.0,39.0,interior,-0.0,-0.0,-0.0,-0.0,-0.0,-0.0
21,21,unloading,0.5,371863d34e9bfeb575396dcddaa719748cb12cdf34b040ab402a37bc97c5ecc9,3389,74.0,39.0,interior,-0.0,-0.0,-0.0,-0.0,-0.0,-0.0
21,21,unloading,0.5,371863d34e9bfeb575396dcddaa719748cb12cdf34b040ab402a37bc97c5ecc9,3390,75.0,39.0,interior,-0.0,-0.0,-0.0,-0.0,-0.0,-0.0
21,21,unloading,0.5,371863d34e9bfeb575396dcddaa719748cb12cdf34b040ab402a37bc97c5ecc9,3391,76.0,39.0,interior,-0.0,-0.0,-0.0,-0.0,-0.0,-0.0
21,21,unloading,0.5,371863d34e9bfeb575396dcddaa719748cb12cdf34b040ab402a37bc97c5ecc9,3392,77.0,39.0,interior,-0.0,-0.0,-0.0,-0.0,-0.0,-0.0
21,21,unloading,0.5,371863d34e9bfeb575396dcddaa719748cb12cdf34b040ab402a37bc97c5ecc9,3393,78.0,39.0,interior,-0.0,-0.0,-0.0,-0.0,-0.0,-0.0
21,21,unloading,0.5,371863d34e9bfeb575396dcddaa719748cb12cdf34b040ab402a37bc97c5ecc9,3394,79.0,39.0,interior,-0.0,-0.0,-0.0,-0.0,-0.0,-0.0
21,21,unloading,0.5,371863d34e9bfeb575396dcddaa719748cb12cdf34b040ab402a37bc97c5ecc9,3395,80.0,39.0,physical_only,4.1993801311226896e-08,-8.435374827502898e-09,4.0679880188006925e-07,-9.018387106808058e-09,-3.648050005688424e-07,5.830122793051338e-10
21,21,unloading,0.5,371863d34e9bfeb575396dcddaa719748cb12cdf34b040ab402a37bc97c5ecc9,3462,62.0,40.0,physical_and_cut,-1.7553029110563957e-06,-2.1272193863010753e-06,-1.3306451335533138e-06,-5.89898798896609e-07,-4.2465777750308185e-07,-1.5373205874044664e-06
21,21,unloading,0.5,371863d34e9bfeb575396dcddaa719748cb12cdf34b040ab402a37bc97c5ecc9,3463,63.0,40.0,cut_only,-0.0,-0.0,-0.0,-0.0,-0.0,-0.0
21,21,unloading,0.5,371863d34e9bfeb575396dcddaa719748cb12cdf34b040ab402a37bc97c5ecc9,3464,64.0,40.0,cut_only,-0.0,-0.0,-0.0,-0.0,-0.0,-0.0
21,21,unloading,0.5,371863d34e9bfeb575396dcddaa719748cb12cdf34b040ab402a37bc97c5ecc9,3465,65.0,40.0,cut_only,-0.0,-0.0,-0.0,-0.0,-0.0,-0.0
21,21,unloading,0.5,371863d34e9bfeb575396dcddaa719748cb12cdf34b040ab402a37bc97c5ecc9,3466,66.0,40.0,cut_only,-0.0,-0.0,-0.0,-0.0,-0.0,-0.0
21,21,unloading,0.5,371863d34e9bfeb575396dcddaa719748cb12cdf34b040ab402a37bc97c5ecc9,3467,67.0,40.0,cut_only,-0.0,-0.0,-0.0,-0.0,-0.0,-0.0
21,21,unloading,0.5,371863d34e9bfeb575396dcddaa719748cb12cdf34b040ab402a37bc97c5ecc9,3468,68.0,40.0,cut_only,-0.0,-0.0,-0.0,-0.0,-0.0,-0.0
21,21,unloading,0.5,371863d34e9bfeb575396dcddaa719748cb12cdf34b040ab402a37bc97c5ecc9,3469,69.0,40.0,cut_only,-0.0,-0.0,-0.0,-0.0,-0.0,-0.0
21,21,unloading,0.5,371863d34e9bfeb575396dcddaa719748cb12cdf34b040ab402a37bc97c5ecc9,3470,70.0,40.0,cut_only,-0.0,-0.0,-0.0,-0.0,-0.0,-0.0
21,21,unloading,0.5,371863d34e9bfeb575396dcddaa719748cb12cdf34b040ab402a37bc97c5ecc9,3471,71.0,40.0,cut_only,-0.0,-0.0,-0.0,-0.0,-0.0,-0.0
21,21,unloading,0.5,371863d34e9bfeb575396dcddaa719748cb12cdf34b040ab402a37bc97c5ecc9,3472,72.0,40.0,cut_only,-0.0,-0.0,-0.0,-0.0,-0.0,-0.0
21,21,unloading,0.5,371863d34e9bfeb575396dcddaa719748cb12cdf34b040ab402a37bc97c5ecc9,3473,73.0,40.0,cut_only,-0.0,-0.0,-0.0,-0.0,-0.0,-0.0
21,21,unloading,0.5,371863d34e9bfeb575396dcddaa719748cb12cdf34b040ab402a37bc97c5ecc9,3474,74.0,40.0,cut_only,-0.0,-0.0,-0.0,-0.0,-0.0,-0.0
21,21,unloading,0.5,371863d34e9bfeb575396dcddaa719748cb12cdf34b040ab402a37bc97c5ecc9,3475,75.0,40.0,cut_only,-0.0,-0.0,-0.0,-0.0,-0.0,-0.0
21,21,unloading,0.5,371863d34e9bfeb575396dcddaa719748cb12cdf34b040ab402a37bc97c5ecc9,3476,76.0,40.0,cut_only,-0.0,-0.0,-0.0,-0.0,-0.0,-0.0
21,21,unloading,0.5,371863d34e9bfeb575396dcddaa719748cb12cdf34b040ab402a37bc97c5ecc9,3477,77.0,40.0,cut_only,-0.0,-0.0,-0.0,-0.0,-0.0,-0.0
21,21,unloading,0.5,371863d34e9bfeb575396dcddaa719748cb12cdf34b040ab402a37bc97c5ecc9,3478,78.0,40.0,cut_only,-0.0,-0.0,-0.0,-0.0,-0.0,-0.0
21,21,unloading,0.5,371863d34e9bfeb575396dcddaa719748cb12cdf34b040ab402a37bc97c5ecc9,3479,79.0,40.0,cut_only,-0.0,-0.0,-0.0,-0.0,-0.0,-0.0
21,21,unloading,0.5,371863d34e9bfeb575396dcddaa719748cb12cdf34b040ab402a37bc97c5ecc9,3480,80.0,40.0,physical_and_cut,2.0940613340180837e-08,1.9843204174320703e-06,2.022908798624958e-07,-9.101781497251404e-08,-1.8135026652231496e-07,2.0753382324045845e-06
22,22,unloading,0.25,6494246ce06dab4e1b8bf818a364bb0a2583739b6b472f50a9e7bd1ee1985ac4,2697,62.0,31.0,physical_only,-0.0001100031239332034,1.5218057798080794e-05,-1.7857630486090253e-06,1.5664510302623074e-06,-0.00010821736088459438,1.3651606767818487e-05
22,22,unloading,0.25,6494246ce06dab4e1b8bf818a364bb0a2583739b6b472f50a9e7bd1ee1985ac4,2698,63.0,31.0,physical_only,-8.297725372859696e-07,-6.14451022260512e-07,-8.274961129447291e-07,1.7027282021404417e-06,-2.276424341240765e-09,-2.3171792244009503e-06
22,22,unloading,0.25,6494246ce06dab4e1b8bf818a364bb0a2583739b6b472f50a9e7bd1ee1985ac4,2699,64.0,31.0,physical_only,-6.29485486087368e-07,-8.925607652022219e-07,-8.326788515202934e-07,2.0976255273477002e-06,2.031933654329255e-07,-2.990186292549919e-06
22,22,unloading,0.25,6494246ce06dab4e1b8bf818a364bb0a2583739b6b472f50a9e7bd1ee1985ac4,2700,65.0,31.0,physical_only,-6.531083875810589e-07,-1.1978451646521736e-06,-8.394451829426212e-07,2.5058270496582466e-06,1.8633679536156235e-07,-3.7036722143104283e-06
22,22,unloading,0.25,6494246ce06dab4e1b8bf818a364bb0a2583739b6b472f50a9e7bd1ee1985ac4,2701,66.0,31.0,physical_only,-8.102532657302405e-07,-1.2380734737836002e-06,-8.473398200765353e-07,2.9310674846431195e-06,3.708655434629477e-08,-4.169140958426721e-06
22,22,unloading,0.25,6494246ce06dab4e1b8bf818a364bb0a2583739b6b472f50a9e7bd1ee1985ac4,2702,67.0,31.0,physical_only,-9.560892391120246e-07,-1.012466755513373e-06,-8.553859960695381e-07,3.3752911923845165e-06,-1.0070324304248649e-07,-4.387757947897889e-06
22,22,unloading,0.25,6494246ce06dab4e1b8bf818a364bb0a2583739b6b472f50a9e7bd1ee1985ac4,2703,68.0,31.0,physical_only,-9.726681386768482e-07,-7.132641689607658e-07,-8.630146974024028e-07,3.838876009084704e-06,-1.0965344127444542e-07,-4.552140178045468e-06
22,22,unloading,0.25,6494246ce06dab4e1b8bf818a364bb0a2583739b6b472f50a9e7bd1ee1985ac4,2704,69.0,31.0,physical_only,-1.0022467237586263e-06,-4.216953890503127e-07,-8.699938730883332e-07,4.321520852143279e-06,-1.3225285067029333e-07,-4.74321624119359e-06
22,22,unloading,0.25,6494246ce06dab4e1b8bf818a364bb0a2583739b6b472f50a9e7bd1ee1985ac4,2705,70.0,31.0,physical_only,-1.0346141138347068e-06,-8.358836673511266e-08,-8.763535102971074e-07,4.82279587527694e-06,-1.5826060353759948e-07,-4.9063842420120655e-06
22,22,unloading,0.25,6494246ce06dab4e1b8bf818a364bb0a2583739b6b472f50a9e7bd1ee1985ac4,2706,71.0,31.0,physical_only,-1.0708037775911778e-06,3.038559728055077e-07,-8.820428803681981e-07,5.342218949364248e-06,-1.8876089722297944e-07,-5.038362976558737e-06
22,22,unloading,0.25,6494246ce06dab4e1b8bf818a364bb0a2583739b6b472f50a9e7bd1ee1985ac4,2707,72.0,31.0,physical_only,-1.1100775631556218e-06,7.435051801521486e-07,-8.870197354424173e-07,5.879181382790741e-06,-2.2305782771320428e-07,-5.135676202638599e-06
22,22,unloading,0.25,6494246ce06dab4e1b8bf818a364bb0a2583739b6b472f50a9e7bd1ee1985ac4,2708,73.0,31.0,physical_only,-1.169225263566413e-06,1.2999706600970201e-06,-8.911622907558838e-07,6.432848739005347e-06,-2.780629728105295e-07,-5.132878078908322e-06
22,22,unloading,0.25,6494246ce06dab4e1b8bf818a364bb0a2583739b6b472f50a9e7bd1ee1985ac4,2709,74.0,31.0,physical_only,-1.0715289584783255e-06,1.907946770502228e-06,-8.945388907501237e-07,7.002234471946045e-06,-1.7699006772820167e-07,-5.094287701443834e-06
22,22,unloading,0.25,6494246ce06dab4e1b8bf818a364bb0a2583739b6b472f50a9e7bd1ee1985ac4,2710,75.0,31.0,physical_only,-8.727933829299588e-07,2.3146683399949517e-06,-8.974926275845151e-07,7.586688817039072e-06,2.4699244654556423e-08,-5.272020477044119e-06
22,22,unloading,0.25,6494246ce06dab4e1b8bf818a364bb0a2583739b6b472f50a9e7bd1ee1985ac4,2711,76.0,31.0,physical_only,-6.447529429652882e-07,2.2870569264433094e-06,-9.008720029521895e-07,8.186934766840207e-06,2.5611905998690124e-07,-5.899877840396896e-06
22,22,unloading,0.25,6494246ce06dab4e1b8bf818a364bb0a2583739b6b472f50a9e7bd1ee1985ac4,2712,77.0,31.0,physical_only,-6.465722121939931e-07,2.1554895633021785e-06,-9.051596003872923e-07,8.80536011046614e-06,2.58587388193299e-07,-6.6498705471639615e-06
22,22,unloading,0.25,6494246ce06dab4e1b8bf818a364bb0a2583739b6b472f50a9e7bd1ee1985ac4,2713,78.0,31.0,physical_only,-7.05400820547761e-07,2.1413597158260875e-06,-9.103842987432706e-07,9.444855511002416e-06,2.0498347819550933e-07,-7.303495795176325e-06
22,22,unloading,0.25,6494246ce06dab4e1b8bf818a364bb0a2583739b6b472f50a9e7bd1ee1985ac4,2714,79.0,31.0,physical_only,-7.857940793432469e-07,2.3683336308677667e-06,-9.161193597448126e-07,1.0107783217188296e-05,1.3032528040156567e-07,-7.73944958632054e-06
22,22,unloading,0.25,6494246ce06dab4e1b8bf818a364bb0a2583739b6b472f50a9e7bd1ee1985ac4,2715,80.0,31.0,physical_only,-2.0622684544764703e-06,0.00017022318532530632,-5.375350964027199e-07,1.0564333131793744e-05,-1.5247333580737508e-06,0.00015965885219351258
22,22,unloading,0.25,6494246ce06dab4e1b8bf818a364bb0a2583739b6b472f50a9e7bd1ee1985ac4,2782,62.0,32.0,physical_only,-2.6795204324144773e-06,-6.838021238790075e-07,-1.211622316139525e-06,6.480305052227292e-08,-1.4678981162749531e-06,-7.486051744012804e-07
22,22,unloading,0.25,6494246ce06dab4e1b8bf818a364bb0a2583739b6b472f50a9e7bd1ee1985ac4,2783,63.0,32.0,interior,-0.0,-0.0,-0.0,-0.0,-0.0,-0.0
22,22,unloading,0.25,6494246ce06dab4e1b8bf818a364bb0a2583739b6b472f50a9e7bd1ee1985ac4,2784,64.0,32.0,interior,-0.0,-0.0,-0.0,-0.0,-0.0,-0.0
22,22,unloading,0.25,6494246ce06dab4e1b8bf818a364bb0a2583739b6b472f50a9e7bd1ee1985ac4,2785,65.0,32.0,interior,-0.0,-0.0,-0.0,-0.0,-0.0,-0.0
22,22,unloading,0.25,6494246ce06dab4e1b8bf818a364bb0a2583739b6b472f50a9e7bd1ee1985ac4,2786,66.0,32.0,interior,-0.0,-0.0,-0.0,-0.0,-0.0,-0.0
22,22,unloading,0.25,6494246ce06dab4e1b8bf818a364bb0a2583739b6b472f50a9e7bd1ee1985ac4,2787,67.0,32.0,interior,-0.0,-0.0,-0.0,-0.0,-0.0,-0.0
22,22,unloading,0.25,6494246ce06dab4e1b8bf818a364bb0a2583739b6b472f50a9e7bd1ee1985ac4,2788,68.0,32.0,interior,-0.0,-0.0,-0.0,-0.0,-0.0,-0.0
22,22,unloading,0.25,6494246ce06dab4e1b8bf818a364bb0a2583739b6b472f50a9e7bd1ee1985ac4,2789,69.0,32.0,interior,-0.0,-0.0,-0.0,-0.0,-0.0,-0.0
22,22,unloading,0.25,6494246ce06dab4e1b8bf818a364bb0a2583739b6b472f50a9e7bd1ee1985ac4,2790,70.0,32.0,interior,-0.0,-0.0,-0.0,-0.0,-0.0,-0.0
22,22,unloading,0.25,6494246ce06dab4e1b8bf818a364bb0a2583739b6b472f50a9e7bd1ee1985ac4,2791,71.0,32.0,interior,-0.0,-0.0,-0.0,-0.0,-0.0,-0.0
22,22,unloading,0.25,6494246ce06dab4e1b8bf818a364bb0a2583739b6b472f50a9e7bd1ee1985ac4,2792,72.0,32.0,interior,-0.0,-0.0,-0.0,-0.0,-0.0,-0.0
22,22,unloading,0.25,6494246ce06dab4e1b8bf818a364bb0a2583739b6b472f50a9e7bd1ee1985ac4,2793,73.0,32.0,interior,-0.0,-0.0,-0.0,-0.0,-0.0,-0.0
22,22,unloading,0.25,6494246ce06dab4e1b8bf818a364bb0a2583739b6b472f50a9e7bd1ee1985ac4,2794,74.0,32.0,interior,-0.0,-0.0,-0.0,-0.0,-0.0,-0.0
22,22,unloading,0.25,6494246ce06dab4e1b8bf818a364bb0a2583739b6b472f50a9e7bd1ee1985ac4,2795,75.0,32.0,interior,-0.0,-0.0,-0.0,-0.0,-0.0,-0.0
22,22,unloading,0.25,6494246ce06dab4e1b8bf818a364bb0a2583739b6b472f50a9e7bd1ee1985ac4,2796,76.0,32.0,interior,-0.0,-0.0,-0.0,-0.0,-0.0,-0.0
22,22,unloading,0.25,6494246ce06dab4e1b8bf818a364bb0a2583739b6b472f50a9e7bd1ee1985ac4,2797,77.0,32.0,interior,-0.0,-0.0,-0.0,-0.0,-0.0,-0.0
22,22,unloading,0.25,6494246ce06dab4e1b8bf818a364bb0a2583739b6b472f50a9e7bd1ee1985ac4,2798,78.0,32.0,interior,-0.0,-0.0,-0.0,-0.0,-0.0,-0.0
22,22,unloading,0.25,6494246ce06dab4e1b8bf818a364bb0a2583739b6b472f50a9e7bd1ee1985ac4,2799,79.0,32.0,interior,-0.0,-0.0,-0.0,-0.0,-0.0,-0.0
22,22,unloading,0.25,6494246ce06dab4e1b8bf818a364bb0a2583739b6b472f50a9e7bd1ee1985ac4,2800,80.0,32.0,physical_only,2.0801735342350304e-09,-2.575944220361039e-08,2.154314048639092e-07,6.2814594419406306e-09,-2.1335123132967428e-07,-3.204090164555102e-08
22,22,unloading,0.25,6494246ce06dab4e1b8bf818a364bb0a2583739b6b472f50a9e7bd1ee1985ac4,2867,62.0,33.0,physical_only,-2.011072393623442e-06,-4.817763482917196e-07,-1.261386578041734e-06,5.096667754154522e-08,-7.49685815581708e-07,-5.327430258332645e-07
22,22,unloading,0.25,6494246ce06dab4e1b8bf818a364bb0a2583739b6b472f50a9e7bd1ee1985ac4,2868,63.0,33.0,interior,-0.0,-0.0,-0.0,-0.0,-0.0,-0.0
22,22,unloading,0.25,6494246ce06dab4e1b8bf818a364bb0a2583739b6b472f50a9e7bd1ee1985ac4,2869,64.0,33.0,interior,-0.0,-0.0,-0.0,-0.0,-0.0,-0.0
22,22,unloading,0.25,6494246ce06dab4e1b8bf818a364bb0a2583739b6b472f50a9e7bd1ee1985ac4,2870,65.0,33.0,interior,-0.0,-0.0,-0.0,-0.0,-0.0,-0.0
22,22,unloading,0.25,6494246ce06dab4e1b8bf818a364bb0a2583739b6b472f50a9e7bd1ee1985ac4,2871,66.0,33.0,interior,-0.0,-0.0,-0.0,-0.0,-0.0,-0.0
22,22,unloading,0.25,6494246ce06dab4e1b8bf818a364bb0a2583739b6b472f50a9e7bd1ee1985ac4,2872,67.0,33.0,interior,-0.0,-0.0,-0.0,-0.0,-0.0,-0.0
22,22,unloading,0.25,6494246ce06dab4e1b8bf818a364bb0a2583739b6b472f50a9e7bd1ee1985ac4,2873,68.0,33.0,interior,-0.0,-0.0,-0.0,-0.0,-0.0,-0.0
22,22,unloading,0.25,6494246ce06dab4e1b8bf818a364bb0a2583739b6b472f50a9e7bd1ee1985ac4,2874,69.0,33.0,interior,-0.0,-0.0,-0.0,-0.0,-0.0,-0.0
22,22,unloading,0.25,6494246ce06dab4e1b8bf818a364bb0a2583739b6b472f50a9e7bd1ee1985ac4,2875,70.0,33.0,interior,-0.0,-0.0,-0.0,-0.0,-0.0,-0.0
22,22,unloading,0.25,6494246ce06dab4e1b8bf818a364bb0a2583739b6b472f50a9e7bd1ee1985ac4,2876,71.0,33.0,interior,-0.0,-0.0,-0.0,-0.0,-0.0,-0.0
22,22,unloading,0.25,6494246ce06dab4e1b8bf818a364bb0a2583739b6b472f50a9e7bd1ee1985ac4,2877,72.0,33.0,interior,-0.0,-0.0,-0.0,-0.0,-0.0,-0.0
22,22,unloading,0.25,6494246ce06dab4e1b8bf818a364bb0a2583739b6b472f50a9e7bd1ee1985ac4,2878,73.0,33.0,interior,-0.0,-0.0,-0.0,-0.0,-0.0,-0.0
22,22,unloading,0.25,6494246ce06dab4e1b8bf818a364bb0a2583739b6b472f50a9e7bd1ee1985ac4,2879,74.0,33.0,interior,-0.0,-0.0,-0.0,-0.0,-0.0,-0.0
22,22,unloading,0.25,6494246ce06dab4e1b8bf818a364bb0a2583739b6b472f50a9e7bd1ee1985ac4,2880,75.0,33.0,interior,-0.0,-0.0,-0.0,-0.0,-0.0,-0.0
22,22,unloading,0.25,6494246ce06dab4e1b8bf818a364bb0a2583739b6b472f50a9e7bd1ee1985ac4,2881,76.0,33.0,interior,-0.0,-0.0,-0.0,-0.0,-0.0,-0.0
22,22,unloading,0.25,6494246ce06dab4e1b8bf818a364bb0a2583739b6b472f50a9e7bd1ee1985ac4,2882,77.0,33.0,interior,-0.0,-0.0,-0.0,-0.0,-0.0,-0.0
22,22,unloading,0.25,6494246ce06dab4e1b8bf818a364bb0a2583739b6b472f50a9e7bd1ee1985ac4,2883,78.0,33.0,interior,-0.0,-0.0,-0.0,-0.0,-0.0,-0.0
22,22,unloading,0.25,6494246ce06dab4e1b8bf818a364bb0a2583739b6b472f50a9e7bd1ee1985ac4,2884,79.0,33.0,interior,-0.0,-0.0,-0.0,-0.0,-0.0,-0.0
22,22,unloading,0.25,6494246ce06dab4e1b8bf818a364bb0a2583739b6b472f50a9e7bd1ee1985ac4,2885,80.0,33.0,physical_only,1.7612469314861066e-09,-2.188029620887382e-08,2.00347068986478e-07,5.406623430331336e-09,-1.9858582205499183e-07,-2.728691963920507e-08
22,22,unloading,0.25,6494246ce06dab4e1b8bf818a364bb0a2583739b6b472f50a9e7bd1ee1985ac4,2952,62.0,34.0,physical_only,-1.698073389060194e-06,-2.331681449620846e-07,-1.2990452130750672e-06,4.1691217364109784e-08,-3.99028175985127e-07,-2.748593623261946e-07
22,22,unloading,0.25,6494246ce06dab4e1b8bf818a364bb0a2583739b6b472f50a9e7bd1ee1985ac4,2953,63.0,34.0,interior,-0.0,-0.0,-0.0,-0.0,-0.0,-0.0
22,22,unloading,0.25,6494246ce06dab4e1b8bf818a364bb0a2583739b6b472f50a9e7bd1ee1985ac4,2954,64.0,34.0,interior,-0.0,-0.0,-0.0,-0.0,-0.0,-0.0
22,22,unloading,0.25,6494246ce06dab4e1b8bf818a364bb0a2583739b6b472f50a9e7bd1ee1985ac4,2955,65.0,34.0,interior,-0.0,-0.0,-0.0,-0.0,-0.0,-0.0
22,22,unloading,0.25,6494246ce06dab4e1b8bf818a364bb0a2583739b6b472f50a9e7bd1ee1985ac4,2956,66.0,34.0,interior,-0.0,-0.0,-0.0,-0.0,-0.0,-0.0
22,22,unloading,0.25,6494246ce06dab4e1b8bf818a364bb0a2583739b6b472f50a9e7bd1ee1985ac4,2957,67.0,34.0,interior,-0.0,-0.0,-0.0,-0.0,-0.0,-0.0
22,22,unloading,0.25,6494246ce06dab4e1b8bf818a364bb0a2583739b6b472f50a9e7bd1ee1985ac4,2958,68.0,34.0,interior,-0.0,-0.0,-0.0,-0.0,-0.0,-0.0
22,22,unloading,0.25,6494246ce06dab4e1b8bf818a364bb0a2583739b6b472f50a9e7bd1ee1985ac4,2959,69.0,34.0,interior,-0.0,-0.0,-0.0,-0.0,-0.0,-0.0
22,22,unloading,0.25,6494246ce06dab4e1b8bf818a364bb0a2583739b6b472f50a9e7bd1ee1985ac4,2960,70.0,34.0,interior,-0.0,-0.0,-0.0,-0.0,-0.0,-0.0
22,22,unloading,0.25,6494246ce06dab4e1b8bf818a364bb0a2583739b6b472f50a9e7bd1ee1985ac4,2961,71.0,34.0,interior,-0.0,-0.0,-0.0,-0.0,-0.0,-0.0
22,22,unloading,0.25,6494246ce06dab4e1b8bf818a364bb0a2583739b6b472f50a9e7bd1ee1985ac4,2962,72.0,34.0,interior,-0.0,-0.0,-0.0,-0.0,-0.0,-0.0
22,22,unloading,0.25,6494246ce06dab4e1b8bf818a364bb0a2583739b6b472f50a9e7bd1ee1985ac4,2963,73.0,34.0,interior,-0.0,-0.0,-0.0,-0.0,-0.0,-0.0
22,22,unloading,0.25,6494246ce06dab4e1b8bf818a364bb0a2583739b6b472f50a9e7bd1ee1985ac4,2964,74.0,34.0,interior,-0.0,-0.0,-0.0,-0.0,-0.0,-0.0
22,22,unloading,0.25,6494246ce06dab4e1b8bf818a364bb0a2583739b6b472f50a9e7bd1ee1985ac4,2965,75.0,34.0,interior,-0.0,-0.0,-0.0,-0.0,-0.0,-0.0
22,22,unloading,0.25,6494246ce06dab4e1b8bf818a364bb0a2583739b6b472f50a9e7bd1ee1985ac4,2966,76.0,34.0,interior,-0.0,-0.0,-0.0,-0.0,-0.0,-0.0
22,22,unloading,0.25,6494246ce06dab4e1b8bf818a364bb0a2583739b6b472f50a9e7bd1ee1985ac4,2967,77.0,34.0,interior,-0.0,-0.0,-0.0,-0.0,-0.0,-0.0
22,22,unloading,0.25,6494246ce06dab4e1b8bf818a364bb0a2583739b6b472f50a9e7bd1ee1985ac4,2968,78.0,34.0,interior,-0.0,-0.0,-0.0,-0.0,-0.0,-0.0
22,22,unloading,0.25,6494246ce06dab4e1b8bf818a364bb0a2583739b6b472f50a9e7bd1ee1985ac4,2969,79.0,34.0,interior,-0.0,-0.0,-0.0,-0.0,-0.0,-0.0
22,22,unloading,0.25,6494246ce06dab4e1b8bf818a364bb0a2583739b6b472f50a9e7bd1ee1985ac4,2970,80.0,34.0,physical_only,1.4970271837083392e-09,-1.8274837141722893e-08,1.8762970307254205e-07,4.568639099054912e-09,-1.8613267588883365e-07,-2.2843476240777818e-08
22,22,unloading,0.25,6494246ce06dab4e1b8bf818a364bb0a2583739b6b472f50a9e7bd1ee1985ac4,3037,62.0,35.0,physical_only,-1.6202888231611963e-06,-3.241311286259085e-08,-1.3295736072099122e-06,3.478312894499767e-08,-2.9071521595128413e-07,-6.719624180758873e-08
22,22,unloading,0.25,6494246ce06dab4e1b8bf818a364bb0a2583739b6b472f50a9e7bd1ee1985ac4,3038,63.0,35.0,interior,-0.0,-0.0,-0.0,-0.0,-0.0,-0.0
22,22,unloading,0.25,6494246ce06dab4e1b8bf818a364bb0a2583739b6b472f50a9e7bd1ee1985ac4,3039,64.0,35.0,interior,-0.0,-0.0,-0.0,-0.0,-0.0,-0.0
22,22,unloading,0.25,6494246ce06dab4e1b8bf818a364bb0a2583739b6b472f50a9e7bd1ee1985ac4,3040,65.0,35.0,interior,-0.0,-0.0,-0.0,-0.0,-0.0,-0.0
22,22,unloading,0.25,6494246ce06dab4e1b8bf818a364bb0a2583739b6b472f50a9e7bd1ee1985ac4,3041,66.0,35.0,interior,-0.0,-0.0,-0.0,-0.0,-0.0,-0.0
22,22,unloading,0.25,6494246ce06dab4e1b8bf818a364bb0a2583739b6b472f50a9e7bd1ee1985ac4,3042,67.0,35.0,interior,-0.0,-0.0,-0.0,-0.0,-0.0,-0.0
22,22,unloading,0.25,6494246ce06dab4e1b8bf818a364bb0a2583739b6b472f50a9e7bd1ee1985ac4,3043,68.0,35.0,interior,-0.0,-0.0,-0.0,-0.0,-0.0,-0.0
22,22,unloading,0.25,6494246ce06dab4e1b8bf818a364bb0a2583739b6b472f50a9e7bd1ee1985ac4,3044,69.0,35.0,interior,-0.0,-0.0,-0.0,-0.0,-0.0,-0.0
22,22,unloading,0.25,6494246ce06dab4e1b8bf818a364bb0a2583739b6b472f50a9e7bd1ee1985ac4,3045,70.0,35.0,interior,-0.0,-0.0,-0.0,-0.0,-0.0,-0.0
22,22,unloading,0.25,6494246ce06dab4e1b8bf818a364bb0a2583739b6b472f50a9e7bd1ee1985ac4,3046,71.0,35.0,interior,-0.0,-0.0,-0.0,-0.0,-0.0,-0.0
22,22,unloading,0.25,6494246ce06dab4e1b8bf818a364bb0a2583739b6b472f50a9e7bd1ee1985ac4,3047,72.0,35.0,interior,-0.0,-0.0,-0.0,-0.0,-0.0,-0.0
22,22,unloading,0.25,6494246ce06dab4e1b8bf818a364bb0a2583739b6b472f50a9e7bd1ee1985ac4,3048,73.0,35.0,interior,-0.0,-0.0,-0.0,-0.0,-0.0,-0.0
22,22,unloading,0.25,6494246ce06dab4e1b8bf818a364bb0a2583739b6b472f50a9e7bd1ee1985ac4,3049,74.0,35.0,interior,-0.0,-0.0,-0.0,-0.0,-0.0,-0.0
22,22,unloading,0.25,6494246ce06dab4e1b8bf818a364bb0a2583739b6b472f50a9e7bd1ee1985ac4,3050,75.0,35.0,interior,-0.0,-0.0,-0.0,-0.0,-0.0,-0.0
22,22,unloading,0.25,6494246ce06dab4e1b8bf818a364bb0a2583739b6b472f50a9e7bd1ee1985ac4,3051,76.0,35.0,interior,-0.0,-0.0,-0.0,-0.0,-0.0,-0.0
22,22,unloading,0.25,6494246ce06dab4e1b8bf818a364bb0a2583739b6b472f50a9e7bd1ee1985ac4,3052,77.0,35.0,interior,-0.0,-0.0,-0.0,-0.0,-0.0,-0.0
22,22,unloading,0.25,6494246ce06dab4e1b8bf818a364bb0a2583739b6b472f50a9e7bd1ee1985ac4,3053,78.0,35.0,interior,-0.0,-0.0,-0.0,-0.0,-0.0,-0.0
22,22,unloading,0.25,6494246ce06dab4e1b8bf818a364bb0a2583739b6b472f50a9e7bd1ee1985ac4,3054,79.0,35.0,interior,-0.0,-0.0,-0.0,-0.0,-0.0,-0.0
22,22,unloading,0.25,6494246ce06dab4e1b8bf818a364bb0a2583739b6b472f50a9e7bd1ee1985ac4,3055,80.0,35.0,physical_only,1.2819578840243326e-09,-1.4896692733687788e-08,1.77121979046066e-07,3.76152514765012e-09,-1.7584002116204173e-07,-1.8658217881337914e-08
22,22,unloading,0.25,6494246ce06dab4e1b8bf818a364bb0a2583739b6b472f50a9e7bd1ee1985ac4,3122,62.0,36.0,physical_only,-1.670453918144292e-06,7.601061049051121e-08,-1.355040891690702e-06,2.8608845423170813e-08,-3.1541302645358996e-07,4.7401765067340295e-08
22,22,unloading,0.25,6494246ce06dab4e1b8bf818a364bb0a2583739b6b472f50a9e7bd1ee1985ac4,3123,63.0,36.0,interior,-0.0,-0.0,-0.0,-0.0,-0.0,-0.0
22,22,unloading,0.25,6494246ce06dab4e1b8bf818a364bb0a2583739b6b472f50a9e7bd1ee1985ac4,3124,64.0,36.0,interior,-0.0,-0.0,-0.0,-0.0,-0.0,-0.0
22,22,unloading,0.25,6494246ce06dab4e1b8bf818a364bb0a2583739b6b472f50a9e7bd1ee1985ac4,3125,65.0,36.0,interior,-0.0,-0.0,-0.0,-0.0,-0.0,-0.0
22,22,unloading,0.25,6494246ce06dab4e1b8bf818a364bb0a2583739b6b472f50a9e7bd1ee1985ac4,3126,66.0,36.0,interior,-0.0,-0.0,-0.0,-0.0,-0.0,-0.0
22,22,unloading,0.25,6494246ce06dab4e1b8bf818a364bb0a2583739b6b472f50a9e7bd1ee1985ac4,3127,67.0,36.0,interior,-0.0,-0.0,-0.0,-0.0,-0.0,-0.0
22,22,unloading,0.25,6494246ce06dab4e1b8bf818a364bb0a2583739b6b472f50a9e7bd1ee1985ac4,3128,68.0,36.0,interior,-0.0,-0.0,-0.0,-0.0,-0.0,-0.0
22,22,unloading,0.25,6494246ce06dab4e1b8bf818a364bb0a2583739b6b472f50a9e7bd1ee1985ac4,3129,69.0,36.0,interior,-0.0,-0.0,-0.0,-0.0,-0.0,-0.0
22,22,unloading,0.25,6494246ce06dab4e1b8bf818a364bb0a2583739b6b472f50a9e7bd1ee1985ac4,3130,70.0,36.0,interior,-0.0,-0.0,-0.0,-0.0,-0.0,-0.0
22,22,unloading,0.25,6494246ce06dab4e1b8bf818a364bb0a2583739b6b472f50a9e7bd1ee1985ac4,3131,71.0,36.0,interior,-0.0,-0.0,-0.0,-0.0,-0.0,-0.0
22,22,unloading,0.25,6494246ce06dab4e1b8bf818a364bb0a2583739b6b472f50a9e7bd1ee1985ac4,3132,72.0,36.0,interior,-0.0,-0.0,-0.0,-0.0,-0.0,-0.0
22,22,unloading,0.25,6494246ce06dab4e1b8bf818a364bb0a2583739b6b472f50a9e7bd1ee1985ac4,3133,73.0,36.0,interior,-0.0,-0.0,-0.0,-0.0,-0.0,-0.0
22,22,unloading,0.25,6494246ce06dab4e1b8bf818a364bb0a2583739b6b472f50a9e7bd1ee1985ac4,3134,74.0,36.0,interior,-0.0,-0.0,-0.0,-0.0,-0.0,-0.0
22,22,unloading,0.25,6494246ce06dab4e1b8bf818a364bb0a2583739b6b472f50a9e7bd1ee1985ac4,3135,75.0,36.0,interior,-0.0,-0.0,-0.0,-0.0,-0.0,-0.0
22,22,unloading,0.25,6494246ce06dab4e1b8bf818a364bb0a2583739b6b472f50a9e7bd1ee1985ac4,3136,76.0,36.0,interior,-0.0,-0.0,-0.0,-0.0,-0.0,-0.0
22,22,unloading,0.25,6494246ce06dab4e1b8bf818a364bb0a2583739b6b472f50a9e7bd1ee1985ac4,3137,77.0,36.0,interior,-0.0,-0.0,-0.0,-0.0,-0.0,-0.0
22,22,unloading,0.25,6494246ce06dab4e1b8bf818a364bb0a2583739b6b472f50a9e7bd1ee1985ac4,3138,78.0,36.0,interior,-0.0,-0.0,-0.0,-0.0,-0.0,-0.0
22,22,unloading,0.25,6494246ce06dab4e1b8bf818a364bb0a2583739b6b472f50a9e7bd1ee1985ac4,3139,79.0,36.0,interior,-0.0,-0.0,-0.0,-0.0,-0.0,-0.0
22,22,unloading,0.25,6494246ce06dab4e1b8bf818a364bb0a2583739b6b472f50a9e7bd1ee1985ac4,3140,80.0,36.0,physical_only,1.1116032539127698e-09,-1.1702990562791639e-08,1.6869457925424318e-07,2.9796413575394683e-09,-1.6758297600033052e-07,-1.4682631920331087e-08
22,22,unloading,0.25,6494246ce06dab4e1b8bf818a364bb0a2583739b6b472f50a9e7bd1ee1985ac4,3207,62.0,37.0,physical_only,-1.7567442453321444e-06,1.0812453257110404e-07,-1.3757482747282088e-06,2.2208133196503956e-08,-3.809959706039358e-07,8.591639937460009e-08
22,22,unloading,0.25,6494246ce06dab4e1b8bf818a364bb0a2583739b6b472f50a9e7bd1ee1985ac4,3208,63.0,37.0,interior,-0.0,-0.0,-0.0,-0.0,-0.0,-0.0
22,22,unloading,0.25,6494246ce06dab4e1b8bf818a364bb0a2583739b6b472f50a9e7bd1ee1985ac4,3209,64.0,37.0,interior,-0.0,-0.0,-0.0,-0.0,-0.0,-0.0
22,22,unloading,0.25,6494246ce06dab4e1b8bf818a364bb0a2583739b6b472f50a9e7bd1ee1985ac4,3210,65.0,37.0,interior,-0.0,-0.0,-0.0,-0.0,-0.0,-0.0
22,22,unloading,0.25,6494246ce06dab4e1b8bf818a364bb0a2583739b6b472f50a9e7bd1ee1985ac4,3211,66.0,37.0,interior,-0.0,-0.0,-0.0,-0.0,-0.0,-0.0
22,22,unloading,0.25,6494246ce06dab4e1b8bf818a364bb0a2583739b6b472f50a9e7bd1ee1985ac4,3212,67.0,37.0,interior,-0.0,-0.0,-0.0,-0.0,-0.0,-0.0
22,22,unloading,0.25,6494246ce06dab4e1b8bf818a364bb0a2583739b6b472f50a9e7bd1ee1985ac4,3213,68.0,37.0,interior,-0.0,-0.0,-0.0,-0.0,-0.0,-0.0
22,22,unloading,0.25,6494246ce06dab4e1b8bf818a364bb0a2583739b6b472f50a9e7bd1ee1985ac4,3214,69.0,37.0,interior,-0.0,-0.0,-0.0,-0.0,-0.0,-0.0
22,22,unloading,0.25,6494246ce06dab4e1b8bf818a364bb0a2583739b6b472f50a9e7bd1ee1985ac4,3215,70.0,37.0,interior,-0.0,-0.0,-0.0,-0.0,-0.0,-0.0
22,22,unloading,0.25,6494246ce06dab4e1b8bf818a364bb0a2583739b6b472f50a9e7bd1ee1985ac4,3216,71.0,37.0,interior,-0.0,-0.0,-0.0,-0.0,-0.0,-0.0
22,22,unloading,0.25,6494246ce06dab4e1b8bf818a364bb0a2583739b6b472f50a9e7bd1ee1985ac4,3217,72.0,37.0,interior,-0.0,-0.0,-0.0,-0.0,-0.0,-0.0
22,22,unloading,0.25,6494246ce06dab4e1b8bf818a364bb0a2583739b6b472f50a9e7bd1ee1985ac4,3218,73.0,37.0,interior,-0.0,-0.0,-0.0,-0.0,-0.0,-0.0
22,22,unloading,0.25,6494246ce06dab4e1b8bf818a364bb0a2583739b6b472f50a9e7bd1ee1985ac4,3219,74.0,37.0,interior,-0.0,-0.0,-0.0,-0.0,-0.0,-0.0
22,22,unloading,0.25,6494246ce06dab4e1b8bf818a364bb0a2583739b6b472f50a9e7bd1ee1985ac4,3220,75.0,37.0,interior,-0.0,-0.0,-0.0,-0.0,-0.0,-0.0
22,22,unloading,0.25,6494246ce06dab4e1b8bf818a364bb0a2583739b6b472f50a9e7bd1ee1985ac4,3221,76.0,37.0,interior,-0.0,-0.0,-0.0,-0.0,-0.0,-0.0
22,22,unloading,0.25,6494246ce06dab4e1b8bf818a364bb0a2583739b6b472f50a9e7bd1ee1985ac4,3222,77.0,37.0,interior,-0.0,-0.0,-0.0,-0.0,-0.0,-0.0
22,22,unloading,0.25,6494246ce06dab4e1b8bf818a364bb0a2583739b6b472f50a9e7bd1ee1985ac4,3223,78.0,37.0,interior,-0.0,-0.0,-0.0,-0.0,-0.0,-0.0
22,22,unloading,0.25,6494246ce06dab4e1b8bf818a364bb0a2583739b6b472f50a9e7bd1ee1985ac4,3224,79.0,37.0,interior,-0.0,-0.0,-0.0,-0.0,-0.0,-0.0
22,22,unloading,0.25,6494246ce06dab4e1b8bf818a364bb0a2583739b6b472f50a9e7bd1ee1985ac4,3225,80.0,37.0,physical_only,9.825056271829855e-10,-8.653653432745405e-09,1.6224422681453627e-07,2.2176230712671248e-09,-1.612617211873532e-07,-1.087127650401257e-08
22,22,unloading,0.25,6494246ce06dab4e1b8bf818a364bb0a2583739b6b472f50a9e7bd1ee1985ac4,3292,62.0,38.0,physical_only,-1.8323243950429896e-06,9.08449875259853e-08,-1.391201789676629e-06,1.5247263666258016e-08,-4.4112260536636054e-07,7.559772385972707e-08
22,22,unloading,0.25,6494246ce06dab4e1b8bf818a364bb0a2583739b6b472f50a9e7bd1ee1985ac4,3293,63.0,38.0,interior,-0.0,-0.0,-0.0,-0.0,-0.0,-0.0
22,22,unloading,0.25,6494246ce06dab4e1b8bf818a364bb0a2583739b6b472f50a9e7bd1ee1985ac4,3294,64.0,38.0,interior,-0.0,-0.0,-0.0,-0.0,-0.0,-0.0
22,22,unloading,0.25,6494246ce06dab4e1b8bf818a364bb0a2583739b6b472f50a9e7bd1ee1985ac4,3295,65.0,38.0,interior,-0.0,-0.0,-0.0,-0.0,-0.0,-0.0
22,22,unloading,0.25,6494246ce06dab4e1b8bf818a364bb0a2583739b6b472f50a9e7bd1ee1985ac4,3296,66.0,38.0,interior,-0.0,-0.0,-0.0,-0.0,-0.0,-0.0
22,22,unloading,0.25,6494246ce06dab4e1b8bf818a364bb0a2583739b6b472f50a9e7bd1ee1985ac4,3297,67.0,38.0,interior,-0.0,-0.0,-0.0,-0.0,-0.0,-0.0
22,22,unloading,0.25,6494246ce06dab4e1b8bf818a364bb0a2583739b6b472f50a9e7bd1ee1985ac4,3298,68.0,38.0,interior,-0.0,-0.0,-0.0,-0.0,-0.0,-0.0
22,22,unloading,0.25,6494246ce06dab4e1b8bf818a364bb0a2583739b6b472f50a9e7bd1ee1985ac4,3299,69.0,38.0,interior,-0.0,-0.0,-0.0,-0.0,-0.0,-0.0
22,22,unloading,0.25,6494246ce06dab4e1b8bf818a364bb0a2583739b6b472f50a9e7bd1ee1985ac4,3300,70.0,38.0,interior,-0.0,-0.0,-0.0,-0.0,-0.0,-0.0
22,22,unloading,0.25,6494246ce06dab4e1b8bf818a364bb0a2583739b6b472f50a9e7bd1ee1985ac4,3301,71.0,38.0,interior,-0.0,-0.0,-0.0,-0.0,-0.0,-0.0
22,22,unloading,0.25,6494246ce06dab4e1b8bf818a364bb0a2583739b6b472f50a9e7bd1ee1985ac4,3302,72.0,38.0,interior,-0.0,-0.0,-0.0,-0.0,-0.0,-0.0
22,22,unloading,0.25,6494246ce06dab4e1b8bf818a364bb0a2583739b6b472f50a9e7bd1ee1985ac4,3303,73.0,38.0,interior,-0.0,-0.0,-0.0,-0.0,-0.0,-0.0
22,22,unloading,0.25,6494246ce06dab4e1b8bf818a364bb0a2583739b6b472f50a9e7bd1ee1985ac4,3304,74.0,38.0,interior,-0.0,-0.0,-0.0,-0.0,-0.0,-0.0
22,22,unloading,0.25,6494246ce06dab4e1b8bf818a364bb0a2583739b6b472f50a9e7bd1ee1985ac4,3305,75.0,38.0,interior,-0.0,-0.0,-0.0,-0.0,-0.0,-0.0
22,22,unloading,0.25,6494246ce06dab4e1b8bf818a364bb0a2583739b6b472f50a9e7bd1ee1985ac4,3306,76.0,38.0,interior,-0.0,-0.0,-0.0,-0.0,-0.0,-0.0
22,22,unloading,0.25,6494246ce06dab4e1b8bf818a364bb0a2583739b6b472f50a9e7bd1ee1985ac4,3307,77.0,38.0,interior,-0.0,-0.0,-0.0,-0.0,-0.0,-0.0
22,22,unloading,0.25,6494246ce06dab4e1b8bf818a364bb0a2583739b6b472f50a9e7bd1ee1985ac4,3308,78.0,38.0,interior,-0.0,-0.0,-0.0,-0.0,-0.0,-0.0
22,22,unloading,0.25,6494246ce06dab4e1b8bf818a364bb0a2583739b6b472f50a9e7bd1ee1985ac4,3309,79.0,38.0,interior,-0.0,-0.0,-0.0,-0.0,-0.0,-0.0
22,22,unloading,0.25,6494246ce06dab4e1b8bf818a364bb0a2583739b6b472f50a9e7bd1ee1985ac4,3310,80.0,38.0,physical_only,8.920778418969303e-10,-5.710764162721046e-09,1.576921356677572e-07,1.470320558450816e-09,-1.5680005782586024e-07,-7.181084721171849e-09
22,22,unloading,0.25,6494246ce06dab4e1b8bf818a364bb0a2583739b6b472f50a9e7bd1ee1985ac4,3377,62.0,39.0,physical_only,-1.878786447327429e-06,4.950352040679326e-08,-1.4007736390408617e-06,7.768820004430489e-09,-4.780128082865674e-07,4.173470040236272e-08
22,22,unloading,0.25,6494246ce06dab4e1b8bf818a364bb0a2583739b6b472f50a9e7bd1ee1985ac4,3378,63.0,39.0,interior,-0.0,-0.0,-0.0,-0.0,-0.0,-0.0
22,22,unloading,0.25,6494246ce06dab4e1b8bf818a364bb0a2583739b6b472f50a9e7bd1ee1985ac4,3379,64.0,39.0,interior,-0.0,-0.0,-0.0,-0.0,-0.0,-0.0
22,22,unloading,0.25,6494246ce06dab4e1b8bf818a364bb0a2583739b6b472f50a9e7bd1ee1985ac4,3380,65.0,39.0,interior,-0.0,-0.0,-0.0,-0.0,-0.0,-0.0
22,22,unloading,0.25,6494246ce06dab4e1b8bf818a364bb0a2583739b6b472f50a9e7bd1ee1985ac4,3381,66.0,39.0,interior,-0.0,-0.0,-0.0,-0.0,-0.0,-0.0
22,22,unloading,0.25,6494246ce06dab4e1b8bf818a364bb0a2583739b6b472f50a9e7bd1ee1985ac4,3382,67.0,39.0,interior,-0.0,-0.0,-0.0,-0.0,-0.0,-0.0
22,22,unloading,0.25,6494246ce06dab4e1b8bf818a364bb0a2583739b6b472f50a9e7bd1ee1985ac4,3383,68.0,39.0,interior,-0.0,-0.0,-0.0,-0.0,-0.0,-0.0
22,22,unloading,0.25,6494246ce06dab4e1b8bf818a364bb0a2583739b6b472f50a9e7bd1ee1985ac4,3384,69.0,39.0,interior,-0.0,-0.0,-0.0,-0.0,-0.0,-0.0
22,22,unloading,0.25,6494246ce06dab4e1b8bf818a364bb0a2583739b6b472f50a9e7bd1ee1985ac4,3385,70.0,39.0,interior,-0.0,-0.0,-0.0,-0.0,-0.0,-0.0
22,22,unloading,0.25,6494246ce06dab4e1b8bf818a364bb0a2583739b6b472f50a9e7bd1ee1985ac4,3386,71.0,39.0,interior,-0.0,-0.0,-0.0,-0.0,-0.0,-0.0
22,22,unloading,0.25,6494246ce06dab4e1b8bf818a364bb0a2583739b6b472f50a9e7bd1ee1985ac4,3387,72.0,39.0,interior,-0.0,-0.0,-0.0,-0.0,-0.0,-0.0
22,22,unloading,0.25,6494246ce06dab4e1b8bf818a364bb0a2583739b6b472f50a9e7bd1ee1985ac4,3388,73.0,39.0,interior,-0.0,-0.0,-0.0,-0.0,-0.0,-0.0
22,22,unloading,0.25,6494246ce06dab4e1b8bf818a364bb0a2583739b6b472f50a9e7bd1ee1985ac4,3389,74.0,39.0,interior,-0.0,-0.0,-0.0,-0.0,-0.0,-0.0
22,22,unloading,0.25,6494246ce06dab4e1b8bf818a364bb0a2583739b6b472f50a9e7bd1ee1985ac4,3390,75.0,39.0,interior,-0.0,-0.0,-0.0,-0.0,-0.0,-0.0
22,22,unloading,0.25,6494246ce06dab4e1b8bf818a364bb0a2583739b6b472f50a9e7bd1ee1985ac4,3391,76.0,39.0,interior,-0.0,-0.0,-0.0,-0.0,-0.0,-0.0
22,22,unloading,0.25,6494246ce06dab4e1b8bf818a364bb0a2583739b6b472f50a9e7bd1ee1985ac4,3392,77.0,39.0,interior,-0.0,-0.0,-0.0,-0.0,-0.0,-0.0
22,22,unloading,0.25,6494246ce06dab4e1b8bf818a364bb0a2583739b6b472f50a9e7bd1ee1985ac4,3393,78.0,39.0,interior,-0.0,-0.0,-0.0,-0.0,-0.0,-0.0
22,22,unloading,0.25,6494246ce06dab4e1b8bf818a364bb0a2583739b6b472f50a9e7bd1ee1985ac4,3394,79.0,39.0,interior,-0.0,-0.0,-0.0,-0.0,-0.0,-0.0
22,22,unloading,0.25,6494246ce06dab4e1b8bf818a364bb0a2583739b6b472f50a9e7bd1ee1985ac4,3395,80.0,39.0,physical_only,8.385247848424571e-10,-2.8379826044156884e-09,1.5498284191557486e-07,7.327421337752696e-10,-1.541443171307324e-07,-3.5707247381909116e-09
22,22,unloading,0.25,6494246ce06dab4e1b8bf818a364bb0a2583739b6b472f50a9e7bd1ee1985ac4,3462,62.0,40.0,physical_and_cut,-9.469717756548549e-07,-1.565926529625689e-06,-7.020081526891851e-07,-3.0470859782459735e-07,-2.449636229656698e-07,-1.2612179318010916e-06
22,22,unloading,0.25,6494246ce06dab4e1b8bf818a364bb0a2583739b6b472f50a9e7bd1ee1985ac4,3463,63.0,40.0,cut_only,-0.0,-0.0,-0.0,-0.0,-0.0,-0.0
22,22,unloading,0.25,6494246ce06dab4e1b8bf818a364bb0a2583739b6b472f50a9e7bd1ee1985ac4,3464,64.0,40.0,cut_only,-0.0,-0.0,-0.0,-0.0,-0.0,-0.0
22,22,unloading,0.25,6494246ce06dab4e1b8bf818a364bb0a2583739b6b472f50a9e7bd1ee1985ac4,3465,65.0,40.0,cut_only,-0.0,-0.0,-0.0,-0.0,-0.0,-0.0
22,22,unloading,0.25,6494246ce06dab4e1b8bf818a364bb0a2583739b6b472f50a9e7bd1ee1985ac4,3466,66.0,40.0,cut_only,-0.0,-0.0,-0.0,-0.0,-0.0,-0.0
22,22,unloading,0.25,6494246ce06dab4e1b8bf818a364bb0a2583739b6b472f50a9e7bd1ee1985ac4,3467,67.0,40.0,cut_only,-0.0,-0.0,-0.0,-0.0,-0.0,-0.0
22,22,unloading,0.25,6494246ce06dab4e1b8bf818a364bb0a2583739b6b472f50a9e7bd1ee1985ac4,3468,68.0,40.0,cut_only,-0.0,-0.0,-0.0,-0.0,-0.0,-0.0
22,22,unloading,0.25,6494246ce06dab4e1b8bf818a364bb0a2583739b6b472f50a9e7bd1ee1985ac4,3469,69.0,40.0,cut_only,-0.0,-0.0,-0.0,-0.0,-0.0,-0.0
22,22,unloading,0.25,6494246ce06dab4e1b8bf818a364bb0a2583739b6b472f50a9e7bd1ee1985ac4,3470,70.0,40.0,cut_only,-0.0,-0.0,-0.0,-0.0,-0.0,-0.0
22,22,unloading,0.25,6494246ce06dab4e1b8bf818a364bb0a2583739b6b472f50a9e7bd1ee1985ac4,3471,71.0,40.0,cut_only,-0.0,-0.0,-0.0,-0.0,-0.0,-0.0
22,22,unloading,0.25,6494246ce06dab4e1b8bf818a364bb0a2583739b6b472f50a9e7bd1ee1985ac4,3472,72.0,40.0,cut_only,-0.0,-0.0,-0.0,-0.0,-0.0,-0.0
22,22,unloading,0.25,6494246ce06dab4e1b8bf818a364bb0a2583739b6b472f50a9e7bd1ee1985ac4,3473,73.0,40.0,cut_only,-0.0,-0.0,-0.0,-0.0,-0.0,-0.0
22,22,unloading,0.25,6494246ce06dab4e1b8bf818a364bb0a2583739b6b472f50a9e7bd1ee1985ac4,3474,74.0,40.0,cut_only,-0.0,-0.0,-0.0,-0.0,-0.0,-0.0
22,22,unloading,0.25,6494246ce06dab4e1b8bf818a364bb0a2583739b6b472f50a9e7bd1ee1985ac4,3475,75.0,40.0,cut_only,-0.0,-0.0,-0.0,-0.0,-0.0,-0.0
22,22,unloading,0.25,6494246ce06dab4e1b8bf818a364bb0a2583739b6b472f50a9e7bd1ee1985ac4,3476,76.0,40.0,cut_only,-0.0,-0.0,-0.0,-0.0,-0.0,-0.0
22,22,unloading,0.25,6494246ce06dab4e1b8bf818a364bb0a2583739b6b472f50a9e7bd1ee1985ac4,3477,77.0,40.0,cut_only,-0.0,-0.0,-0.0,-0.0,-0.0,-0.0
22,22,unloading,0.25,6494246ce06dab4e1b8bf818a364bb0a2583739b6b472f50a9e7bd1ee1985ac4,3478,78.0,40.0,cut_only,-0.0,-0.0,-0.0,-0.0,-0.0,-0.0
22,22,unloading,0.25,6494246ce06dab4e1b8bf818a364bb0a2583739b6b472f50a9e7bd1ee1985ac4,3479,79.0,40.0,cut_only,-0.0,-0.0,-0.0,-0.0,-0.0,-0.0
22,22,unloading,0.25,6494246ce06dab4e1b8bf818a364bb0a2583739b6b472f50a9e7bd1ee1985ac4,3480,80.0,40.0,physical_and_cut,4.103950092079864e-10,-4.3511950332884317e-07,7.704169410768927e-08,-3.2515634411914154e-08,-7.663129909848127e-08,-4.02603868916929e-07
23,23,unloading,0.0,0a3dd02cf166d3963c8b123aef622c6d8adbc488040beaa825ae96384af55dc1,2697,62.0,31.0,physical_only,1.1818632335725964e-27,2.4775049477270813e-28,3.839155890711968e-29,-3.194447634710538e-29,1.1434716746654767e-27,2.7969497111981354e-28
23,23,unloading,0.0,0a3dd02cf166d3963c8b123aef622c6d8adbc488040beaa825ae96384af55dc1,2698,63.0,31.0,physical_only,2.6978464457562433e-29,-3.8155678872678617e-29,2.5102767636294472e-29,-3.534213364077673e-29,1.875696821267955e-30,-2.8135452319019437e-30
23,23,unloading,0.0,0a3dd02cf166d3963c8b123aef622c6d8adbc488040beaa825ae96384af55dc1,2699,64.0,31.0,physical_only,2.341843633431151e-29,-3.419075525944259e-29,2.529413315557947e-29,-4.239692885248985e-29,-1.875696821267955e-30,8.206173593047284e-30
23,23,unloading,0.0,0a3dd02cf166d3963c8b123aef622c6d8adbc488040beaa825ae96384af55dc1,2700,65.0,31.0,physical_only,2.224031201765845e-29,-3.454149243669653e-29,2.552278145487738e-29,-4.954706700684016e-29,-3.282469437218927e-30,1.500557457014364e-29
23,23,unloading,0.0,0a3dd02cf166d3963c8b123aef622c6d8adbc488040beaa825ae96384af55dc1,2701,66.0,31.0,physical_only,2.6217926695168516e-29,-4.886025538605661e-29,2.5749002489851527e-29,-5.683196687644544e-29,4.689242053169944e-31,7.971711490388826e-30
23,23,unloading,0.0,0a3dd02cf166d3963c8b123aef622c6d8adbc488040beaa825ae96384af55dc1,2702,67.0,31.0,physical_only,2.1290059275719702e-29,-5.719349273831328e-29,2.597930132888959e-29,-6.422735581806814e-29,-4.6892420531698875e-30,7.033863079754814e-30
23,23,unloading,0.0,0a3dd02cf166d3963c8b123aef622c6d8adbc488040beaa825ae96384af55dc1,2703,68.0,31.0,physical_only,2.2462478510601553e-29,-6.187495137588109e-29,2.6213872153137457e-29,-7.172235968753784e-29,-3.75139364253591e-30,9.847408311656758e-30
23,23,unloading,0.0,0a3dd02cf166d3963c8b123aef622c6d8adbc488040beaa825ae96384af55dc1,2704,69.0,31.0,physical_only,3.0212458394404775e-29,-6.431431663189937e-29,2.646106475186887e-29,-7.931989120204302e-29,3.75139364253591e-30,1.500557457014364e-29
23,23,unloading,0.0,0a3dd02cf166d3963c8b123aef622c6d8adbc488040beaa825ae96384af55dc1,2705,70.0,31.0,physical_only,2.7190580054984405e-29,-7.767738976723546e-29,2.672165584966741e-29,-8.70558738735753e-29,4.6892420531698315e-31,9.378484106339753e-30
23,23,unloading,0.0,0a3dd02cf166d3963c8b123aef622c6d8adbc488040beaa825ae96384af55dc1,2706,71.0,31.0,physical_only,3.2585841492615856e-29,-8.03868609972015e-29,2.695875102881199e-29,-9.492351136202816e-29,5.627090463803865e-30,1.4536650364826634e-29
23,23,unloading,0.0,0a3dd02cf166d3963c8b123aef622c6d8adbc488040beaa825ae96384af55dc1,2707,72.0,31.0,physical_only,3.0940249329240067e-29,-9.635534043806708e-29,2.718885568670415e-29,-1.0292027931250489e-28,3.75139364253591e-30,6.564938874437899e-30
23,23,unloading,0.0,0a3dd02cf166d3963c8b123aef622c6d8adbc488040beaa825ae96384af55dc1,2708,73.0,31.0,physical_only,3.673821920143642e-29,-1.1005337605008168e-28,2.7359735095096643e-29,-1.1099122446071562e-28,9.378484106339775e-30,9.378484106339215e-31
23,23,unloading,0.0,0a3dd02cf166d3963c8b123aef622c6d8adbc488040beaa825ae96384af55dc1,2709,74.0,31.0,physical_only,3.357691879925944e-29,-1.3217709540956766e-28,2.748090413013859e-29,-1.1904721766069202e-28,6.096014669120848e-30,-1.3129877748875707e-29
23,23,unloading,0.0,0a3dd02cf166d3963c8b123aef622c6d8adbc488040beaa825ae96384af55dc1,2710,75.0,31.0,physical_only,3.2239274671249075e-29,-1.3918999401783204e-28,2.755003261807919e-29,-1.269979646795903e-28,4.6892420531698875e-30,-1.2192029338241696e-29
23,23,unloading,0.0,0a3dd02cf166d3963c8b123aef622c6d8adbc488040beaa825ae96384af55dc1,2711,76.0,31.0,physical_only,2.2943900095354742e-29,-1.4327730487300973e-28,2.7633142148524626e-29,-1.34836669177304e-28,-4.6892420531698875e-30,-8.440635695705741e-30
23,23,unloading,0.0,0a3dd02cf166d3963c8b123aef622c6d8adbc488040beaa825ae96384af55dc1,2712,77.0,31.0,physical_only,1.3685419937181512e-29,-1.4449902994918428e-28,2.775314609669117e-29,-1.426233331279163e-28,-1.4067726159509657e-29,-1.8756968212679326e-30
23,23,unloading,0.0,0a3dd02cf166d3963c8b123aef622c6d8adbc488040beaa825ae96384af55dc1,2713,78.0,31.0,physical_only,1.5787143612277717e-29,-1.1671347588531167e-28,2.7979172950519416e-29,-1.5047601866813482e-28,-1.2192029338241702e-29,3.3762542782823145e-29
23,23,unloading,0.0,0a3dd02cf166d3963c8b123aef622c6d8adbc488040beaa825ae96384af55dc1,2714,79.0,31.0,physical_only,1.9264788363159552e-29,3.2307688840532655e-29,2.864327246949932e-29,-1.590133869287987e-28,-9.378484106339775e-30,1.9132107576933128e-28
23,23,unloading,0.0,0a3dd02cf166d3963c8b123aef622c6d8adbc488040beaa825ae96384af55dc1,2715,80.0,31.0,physical_only,5.184893325972374e-25,-5.274389056079757e-24,-1.1593608811911393e-26,9.98158732931036e-27,5.300829414091488e-25,-5.2843706434090676e-24
23,23,unloading,0.0,0a3dd02cf166d3963c8b123aef622c6d8adbc488040beaa825ae96384af55dc1,2782,62.0,32.0,physical_only,-4.3468450998601676e-30,-5.249697887985443e-29,2.0037213576623247e-29,-9.084472880718588e-31,-2.4384058676483393e-29,-5.158853159178258e-29
23,23,unloading,0.0,0a3dd02cf166d3963c8b123aef622c6d8adbc488040beaa825ae96384af55dc1,2783,63.0,32.0,interior,-0.0,-0.0,-0.0,-0.0,-0.0,-0.0
23,23,unloading,0.0,0a3dd02cf166d3963c8b123aef622c6d8adbc488040beaa825ae96384af55dc1,2784,64.0,32.0,interior,-0.0,-0.0,-0.0,-0.0,-0.0,-0.0
23,23,unloading,0.0,0a3dd02cf166d3963c8b123aef622c6d8adbc488040beaa825ae96384af55dc1,2785,65.0,32.0,interior,-0.0,-0.0,-0.0,-0.0,-0.0,-0.0
23,23,unloading,0.0,0a3dd02cf166d3963c8b123aef622c6d8adbc488040beaa825ae96384af55dc1,2786,66.0,32.0,interior,-0.0,-0.0,-0.0,-0.0,-0.0,-0.0
23,23,unloading,0.0,0a3dd02cf166d3963c8b123aef622c6d8adbc488040beaa825ae96384af55dc1,2787,67.0,32.0,interior,-0.0,-0.0,-0.0,-0.0,-0.0,-0.0
23,23,unloading,0.0,0a3dd02cf166d3963c8b123aef622c6d8adbc488040beaa825ae96384af55dc1,2788,68.0,32.0,interior,-0.0,-0.0,-0.0,-0.0,-0.0,-0.0
23,23,unloading,0.0,0a3dd02cf166d3963c8b123aef622c6d8adbc488040beaa825ae96384af55dc1,2789,69.0,32.0,interior,-0.0,-0.0,-0.0,-0.0,-0.0,-0.0
23,23,unloading,0.0,0a3dd02cf166d3963c8b123aef622c6d8adbc488040beaa825ae96384af55dc1,2790,70.0,32.0,interior,-0.0,-0.0,-0.0,-0.0,-0.0,-0.0
23,23,unloading,0.0,0a3dd02cf166d3963c8b123aef622c6d8adbc488040beaa825ae96384af55dc1,2791,71.0,32.0,interior,-0.0,-0.0,-0.0,-0.0,-0.0,-0.0
23,23,unloading,0.0,0a3dd02cf166d3963c8b123aef622c6d8adbc488040beaa825ae96384af55dc1,2792,72.0,32.0,interior,-0.0,-0.0,-0.0,-0.0,-0.0,-0.0
23,23,unloading,0.0,0a3dd02cf166d3963c8b123aef622c6d8adbc488040beaa825ae96384af55dc1,2793,73.0,32.0,interior,-0.0,-0.0,-0.0,-0.0,-0.0,-0.0
23,23,unloading,0.0,0a3dd02cf166d3963c8b123aef622c6d8adbc488040beaa825ae96384af55dc1,2794,74.0,32.0,interior,-0.0,-0.0,-0.0,-0.0,-0.0,-0.0
23,23,unloading,0.0,0a3dd02cf166d3963c8b123aef622c6d8adbc488040beaa825ae96384af55dc1,2795,75.0,32.0,interior,-0.0,-0.0,-0.0,-0.0,-0.0,-0.0
23,23,unloading,0.0,0a3dd02cf166d3963c8b123aef622c6d8adbc488040beaa825ae96384af55dc1,2796,76.0,32.0,interior,-0.0,-0.0,-0.0,-0.0,-0.0,-0.0
23,23,unloading,0.0,0a3dd02cf166d3963c8b123aef622c6d8adbc488040beaa825ae96384af55dc1,2797,77.0,32.0,interior,-0.0,-0.0,-0.0,-0.0,-0.0,-0.0
23,23,unloading,0.0,0a3dd02cf166d3963c8b123aef622c6d8adbc488040beaa825ae96384af55dc1,2798,78.0,32.0,interior,-0.0,-0.0,-0.0,-0.0,-0.0,-0.0
23,23,unloading,0.0,0a3dd02cf166d3963c8b123aef622c6d8adbc488040beaa825ae96384af55dc1,2799,79.0,32.0,interior,-0.0,-0.0,-0.0,-0.0,-0.0,-0.0
23,23,unloading,0.0,0a3dd02cf166d3963c8b123aef622c6d8adbc488040beaa825ae96384af55dc1,2800,80.0,32.0,physical_only,4.791006000231277e-27,-2.5510113498437222e-27,9.162852916969996e-28,-3.612655750681392e-27,3.874720708534276e-27,1.061644400837677e-27
23,23,unloading,0.0,0a3dd02cf166d3963c8b123aef622c6d8adbc488040beaa825ae96384af55dc1,2867,62.0,33.0,physical_only,4.152191444641699e-29,-4.035070073965306e-29,2.3233870439054462e-29,-1.1781281115028251e-30,1.8288044007362544e-29,-3.917257262815023e-29
23,23,unloading,0.0,0a3dd02cf166d3963c8b123aef622c6d8adbc488040beaa825ae96384af55dc1,2868,63.0,33.0,interior,-0.0,-0.0,-0.0,-0.0,-0.0,-0.0
23,23,unloading,0.0,0a3dd02cf166d3963c8b123aef622c6d8adbc488040beaa825ae96384af55dc1,2869,64.0,33.0,interior,-0.0,-0.0,-0.0,-0.0,-0.0,-0.0
23,23,unloading,0.0,0a3dd02cf166d3963c8b123aef622c6d8adbc488040beaa825ae96384af55dc1,2870,65.0,33.0,interior,-0.0,-0.0,-0.0,-0.0,-0.0,-0.0
23,23,unloading,0.0,0a3dd02cf166d3963c8b123aef622c6d8adbc488040beaa825ae96384af55dc1,2871,66.0,33.0,interior,-0.0,-0.0,-0.0,-0.0,-0.0,-0.0
23,23,unloading,0.0,0a3dd02cf166d3963c8b123aef622c6d8adbc488040beaa825ae96384af55dc1,2872,67.0,33.0,interior,-0.0,-0.0,-0.0,-0.0,-0.0,-0.0
23,23,unloading,0.0,0a3dd02cf166d3963c8b123aef622c6d8adbc488040beaa825ae96384af55dc1,2873,68.0,33.0,interior,-0.0,-0.0,-0.0,-0.0,-0.0,-0.0
23,23,unloading,0.0,0a3dd02cf166d3963c8b123aef622c6d8adbc488040beaa825ae96384af55dc1,2874,69.0,33.0,interior,-0.0,-0.0,-0.0,-0.0,-0.0,-0.0
23,23,unloading,0.0,0a3dd02cf166d3963c8b123aef622c6d8adbc488040beaa825ae96384af55dc1,2875,70.0,33.0,interior,-0.0,-0.0,-0.0,-0.0,-0.0,-0.0
23,23,unloading,0.0,0a3dd02cf166d3963c8b123aef622c6d8adbc488040beaa825ae96384af55dc1,2876,71.0,33.0,interior,-0.0,-0.0,-0.0,-0.0,-0.0,-0.0
23,23,unloading,0.0,0a3dd02cf166d3963c8b123aef622c6d8adbc488040beaa825ae96384af55dc1,2877,72.0,33.0,interior,-0.0,-0.0,-0.0,-0.0,-0.0,-0.0
23,23,unloading,0.0,0a3dd02cf166d3963c8b123aef622c6d8adbc488040beaa825ae96384af55dc1,2878,73.0,33.0,interior,-0.0,-0.0,-0.0,-0.0,-0.0,-0.0
23,23,unloading,0.0,0a3dd02cf166d3963c8b123aef622c6d8adbc488040beaa825ae96384af55dc1,2879,74.0,33.0,interior,-0.0,-0.0,-0.0,-0.0,-0.0,-0.0
23,23,unloading,0.0,0a3dd02cf166d3963c8b123aef622c6d8adbc488040beaa825ae96384af55dc1,2880,75.0,33.0,interior,-0.0,-0.0,-0.0,-0.0,-0.0,-0.0
23,23,unloading,0.0,0a3dd02cf166d3963c8b123aef622c6d8adbc488040beaa825ae96384af55dc1,2881,76.0,33.0,interior,-0.0,-0.0,-0.0,-0.0,-0.0,-0.0
23,23,unloading,0.0,0a3dd02cf166d3963c8b123aef622c6d8adbc488040beaa825ae96384af55dc1,2882,77.0,33.0,interior,-0.0,-0.0,-0.0,-0.0,-0.0,-0.0
23,23,unloading,0.0,0a3dd02cf166d3963c8b123aef622c6d8adbc488040beaa825ae96384af55dc1,2883,78.0,33.0,interior,-0.0,-0.0,-0.0,-0.0,-0.0,-0.0
23,23,unloading,0.0,0a3dd02cf166d3963c8b123aef622c6d8adbc488040beaa825ae96384af55dc1,2884,79.0,33.0,interior,-0.0,-0.0,-0.0,-0.0,-0.0,-0.0
23,23,unloading,0.0,0a3dd02cf166d3963c8b123aef622c6d8adbc488040beaa825ae96384af55dc1,2885,80.0,33.0,physical_only,4.6795599889255204e-27,-2.2131145652716816e-27,1.16075275222684e-27,-3.156590066369444e-27,3.518807236698682e-27,9.434755010977732e-28
23,23,unloading,0.0,0a3dd02cf166d3963c8b123aef622c6d8adbc488040beaa825ae96384af55dc1,2952,62.0,34.0,physical_only,6.36141595753225e-29,-2.5079212466493482e-29,2.633468525262193e-29,-1.1975071623076711e-30,3.72794743227006e-29,-2.3881705304185812e-29
23,23,unloading,0.0,0a3dd02cf166d3963c8b123aef622c6d8adbc488040beaa825ae96384af55dc1,2953,63.0,34.0,interior,-0.0,-0.0,-0.0,-0.0,-0.0,-0.0
23,23,unloading,0.0,0a3dd02cf166d3963c8b123aef622c6d8adbc488040beaa825ae96384af55dc1,2954,64.0,34.0,interior,-0.0,-0.0,-0.0,-0.0,-0.0,-0.0
23,23,unloading,0.0,0a3dd02cf166d3963c8b123aef622c6d8adbc488040beaa825ae96384af55dc1,2955,65.0,34.0,interior,-0.0,-0.0,-0.0,-0.0,-0.0,-0.0
23,23,unloading,0.0,0a3dd02cf166d3963c8b123aef622c6d8adbc488040beaa825ae96384af55dc1,2956,66.0,34.0,interior,-0.0,-0.0,-0.0,-0.0,-0.0,-0.0
23,23,unloading,0.0,0a3dd02cf166d3963c8b123aef622c6d8adbc488040beaa825ae96384af55dc1,2957,67.0,34.0,interior,-0.0,-0.0,-0.0,-0.0,-0.0,-0.0
23,23,unloading,0.0,0a3dd02cf166d3963c8b123aef622c6d8adbc488040beaa825ae96384af55dc1,2958,68.0,34.0,interior,-0.0,-0.0,-0.0,-0.0,-0.0,-0.0
23,23,unloading,0.0,0a3dd02cf166d3963c8b123aef622c6d8adbc488040beaa825ae96384af55dc1,2959,69.0,34.0,interior,-0.0,-0.0,-0.0,-0.0,-0.0,-0.0
23,23,unloading,0.0,0a3dd02cf166d3963c8b123aef622c6d8adbc488040beaa825ae96384af55dc1,2960,70.0,34.0,interior,-0.0,-0.0,-0.0,-0.0,-0.0,-0.0
23,23,unloading,0.0,0a3dd02cf166d3963c8b123aef622c6d8adbc488040beaa825ae96384af55dc1,2961,71.0,34.0,interior,-0.0,-0.0,-0.0,-0.0,-0.0,-0.0
23,23,unloading,0.0,0a3dd02cf166d3963c8b123aef622c6d8adbc488040beaa825ae96384af55dc1,2962,72.0,34.0,interior,-0.0,-0.0,-0.0,-0.0,-0.0,-0.0
23,23,unloading,0.0,0a3dd02cf166d3963c8b123aef622c6d8adbc488040beaa825ae96384af55dc1,2963,73.0,34.0,interior,-0.0,-0.0,-0.0,-0.0,-0.0,-0.0
23,23,unloading,0.0,0a3dd02cf166d3963c8b123aef622c6d8adbc488040beaa825ae96384af55dc1,2964,74.0,34.0,interior,-0.0,-0.0,-0.0,-0.0,-0.0,-0.0
23,23,unloading,0.0,0a3dd02cf166d3963c8b123aef622c6d8adbc488040beaa825ae96384af55dc1,2965,75.0,34.0,interior,-0.0,-0.0,-0.0,-0.0,-0.0,-0.0
23,23,unloading,0.0,0a3dd02cf166d3963c8b123aef622c6d8adbc488040beaa825ae96384af55dc1,2966,76.0,34.0,interior,-0.0,-0.0,-0.0,-0.0,-0.0,-0.0
23,23,unloading,0.0,0a3dd02cf166d3963c8b123aef622c6d8adbc488040beaa825ae96384af55dc1,2967,77.0,34.0,interior,-0.0,-0.0,-0.0,-0.0,-0.0,-0.0
23,23,unloading,0.0,0a3dd02cf166d3963c8b123aef622c6d8adbc488040beaa825ae96384af55dc1,2968,78.0,34.0,interior,-0.0,-0.0,-0.0,-0.0,-0.0,-0.0
23,23,unloading,0.0,0a3dd02cf166d3963c8b123aef622c6d8adbc488040beaa825ae96384af55dc1,2969,79.0,34.0,interior,-0.0,-0.0,-0.0,-0.0,-0.0,-0.0
23,23,unloading,0.0,0a3dd02cf166d3963c8b123aef622c6d8adbc488040beaa825ae96384af55dc1,2970,80.0,34.0,physical_only,4.6014320042982925e-27,-1.968702704940722e-27,1.364917139200436e-27,-2.7021001620564796e-27,3.2365148650978546e-27,7.333974571157605e-28
23,23,unloading,0.0,0a3dd02cf166d3963c8b123aef622c6d8adbc488040beaa825ae96384af55dc1,3037,62.0,35.0,physical_only,7.737881340759075e-29,-1.2922513051580048e-29,2.9079620259940906e-29,-1.0675229859099296e-30,4.8299193147649825e-29,-1.1854990065670118e-29
23,23,unloading,0.0,0a3dd02cf166d3963c8b123aef622c6d8adbc488040beaa825ae96384af55dc1,3038,63.0,35.0,interior,-0.0,-0.0,-0.0,-0.0,-0.0,-0.0
23,23,unloading,0.0,0a3dd02cf166d3963c8b123aef622c6d8adbc488040beaa825ae96384af55dc1,3039,64.0,35.0,interior,-0.0,-0.0,-0.0,-0.0,-0.0,-0.0
23,23,unloading,0.0,0a3dd02cf166d3963c8b123aef622c6d8adbc488040beaa825ae96384af55dc1,3040,65.0,35.0,interior,-0.0,-0.0,-0.0,-0.0,-0.0,-0.0
23,23,unloading,0.0,0a3dd02cf166d3963c8b123aef622c6d8adbc488040beaa825ae96384af55dc1,3041,66.0,35.0,interior,-0.0,-0.0,-0.0,-0.0,-0.0,-0.0
23,23,unloading,0.0,0a3dd02cf166d3963c8b123aef622c6d8adbc488040beaa825ae96384af55dc1,3042,67.0,35.0,interior,-0.0,-0.0,-0.0,-0.0,-0.0,-0.0
23,23,unloading,0.0,0a3dd02cf166d3963c8b123aef622c6d8adbc488040beaa825ae96384af55dc1,3043,68.0,35.0,interior,-0.0,-0.0,-0.0,-0.0,-0.0,-0.0
23,23,unloading,0.0,0a3dd02cf166d3963c8b123aef622c6d8adbc488040beaa825ae96384af55dc1,3044,69.0,35.0,interior,-0.0,-0.0,-0.0,-0.0,-0.0,-0.0
23,23,unloading,0.0,0a3dd02cf166d3963c8b123aef622c6d8adbc488040beaa825ae96384af55dc1,3045,70.0,35.0,interior,-0.0,-0.0,-0.0,-0.0,-0.0,-0.0
23,23,unloading,0.0,0a3dd02cf166d3963c8b123aef622c6d8adbc488040beaa825ae96384af55dc1,3046,71.0,35.0,interior,-0.0,-0.0,-0.0,-0.0,-0.0,-0.0
23,23,unloading,0.0,0a3dd02cf166d3963c8b123aef622c6d8adbc488040beaa825ae96384af55dc1,3047,72.0,35.0,interior,-0.0,-0.0,-0.0,-0.0,-0.0,-0.0
23,23,unloading,0.0,0a3dd02cf166d3963c8b123aef622c6d8adbc488040beaa825ae96384af55dc1,3048,73.0,35.0,interior,-0.0,-0.0,-0.0,-0.0,-0.0,-0.0
23,23,unloading,0.0,0a3dd02cf166d3963c8b123aef622c6d8adbc488040beaa825ae96384af55dc1,3049,74.0,35.0,interior,-0.0,-0.0,-0.0,-0.0,-0.0,-0.0
23,23,unloading,0.0,0a3dd02cf166d3963c8b123aef622c6d8adbc488040beaa825ae96384af55dc1,3050,75.0,35.0,interior,-0.0,-0.0,-0.0,-0.0,-0.0,-0.0
23,23,unloading,0.0,0a3dd02cf166d3963c8b123aef622c6d8adbc488040beaa825ae96384af55dc1,3051,76.0,35.0,interior,-0.0,-0.0,-0.0,-0.0,-0.0,-0.0
23,23,unloading,0.0,0a3dd02cf166d3963c8b123aef622c6d8adbc488040beaa825ae96384af55dc1,3052,77.0,35.0,interior,-0.0,-0.0,-0.0,-0.0,-0.0,-0.0
23,23,unloading,0.0,0a3dd02cf166d3963c8b123aef622c6d8adbc488040beaa825ae96384af55dc1,3053,78.0,35.0,interior,-0.0,-0.0,-0.0,-0.0,-0.0,-0.0
23,23,unloading,0.0,0a3dd02cf166d3963c8b123aef622c6d8adbc488040beaa825ae96384af55dc1,3054,79.0,35.0,interior,-0.0,-0.0,-0.0,-0.0,-0.0,-0.0
23,23,unloading,0.0,0a3dd02cf166d3963c8b123aef622c6d8adbc488040beaa825ae96384af55dc1,3055,80.0,35.0,physical_only,4.514367184339327e-27,-1.5590874767875078e-27,1.5320092385232816e-27,-2.249343907014115e-27,2.9823579458160485e-27,6.902564302266035e-28
23,23,unloading,0.0,0a3dd02cf166d3963c8b123aef622c6d8adbc488040beaa825ae96384af55dc1,3122,62.0,36.0,physical_only,7.565692588247231e-29,-4.5824095414613364e-30,3.1343588480016866e-29,-8.740616755853871e-31,4.4313337402455434e-29,-3.70834786587595e-30
23,23,unloading,0.0,0a3dd02cf166d3963c8b123aef622c6d8adbc488040beaa825ae96384af55dc1,3123,63.0,36.0,interior,-0.0,-0.0,-0.0,-0.0,-0.0,-0.0
23,23,unloading,0.0,0a3dd02cf166d3963c8b123aef622c6d8adbc488040beaa825ae96384af55dc1,3124,64.0,36.0,interior,-0.0,-0.0,-0.0,-0.0,-0.0,-0.0
23,23,unloading,0.0,0a3dd02cf166d3963c8b123aef622c6d8adbc488040beaa825ae96384af55dc1,3125,65.0,36.0,interior,-0.0,-0.0,-0.0,-0.0,-0.0,-0.0
23,23,unloading,0.0,0a3dd02cf166d3963c8b123aef622c6d8adbc488040beaa825ae96384af55dc1,3126,66.0,36.0,interior,-0.0,-0.0,-0.0,-0.0,-0.0,-0.0
23,23,unloading,0.0,0a3dd02cf166d3963c8b123aef622c6d8adbc488040beaa825ae96384af55dc1,3127,67.0,36.0,interior,-0.0,-0.0,-0.0,-0.0,-0.0,-0.0
23,23,unloading,0.0,0a3dd02cf166d3963c8b123aef622c6d8adbc488040beaa825ae96384af55dc1,3128,68.0,36.0,interior,-0.0,-0.0,-0.0,-0.0,-0.0,-0.0
23,23,unloading,0.0,0a3dd02cf166d3963c8b123aef622c6d8adbc488040beaa825ae96384af55dc1,3129,69.0,36.0,interior,-0.0,-0.0,-0.0,-0.0,-0.0,-0.0
23,23,unloading,0.0,0a3dd02cf166d3963c8b123aef622c6d8adbc488040beaa825ae96384af55dc1,3130,70.0,36.0,interior,-0.0,-0.0,-0.0,-0.0,-0.0,-0.0
23,23,unloading,0.0,0a3dd02cf166d3963c8b123aef622c6d8adbc488040beaa825ae96384af55dc1,3131,71.0,36.0,interior,-0.0,-0.0,-0.0,-0.0,-0.0,-0.0
23,23,unloading,0.0,0a3dd02cf166d3963c8b123aef622c6d8adbc488040beaa825ae96384af55dc1,3132,72.0,36.0,interior,-0.0,-0.0,-0.0,-0.0,-0.0,-0.0
23,23,unloading,0.0,0a3dd02cf166d3963c8b123aef622c6d8adbc488040beaa825ae96384af55dc1,3133,73.0,36.0,interior,-0.0,-0.0,-0.0,-0.0,-0.0,-0.0
23,23,unloading,0.0,0a3dd02cf166d3963c8b123aef622c6d8adbc488040beaa825ae96384af55dc1,3134,74.0,36.0,interior,-0.0,-0.0,-0.0,-0.0,-0.0,-0.0
23,23,unloading,0.0,0a3dd02cf166d3963c8b123aef622c6d8adbc488040beaa825ae96384af55dc1,3135,75.0,36.0,interior,-0.0,-0.0,-0.0,-0.0,-0.0,-0.0
23,23,unloading,0.0,0a3dd02cf166d3963c8b123aef622c6d8adbc488040beaa825ae96384af55dc1,3136,76.0,36.0,interior,-0.0,-0.0,-0.0,-0.0,-0.0,-0.0
23,23,unloading,0.0,0a3dd02cf166d3963c8b123aef622c6d8adbc488040beaa825ae96384af55dc1,3137,77.0,36.0,interior,-0.0,-0.0,-0.0,-0.0,-0.0,-0.0
23,23,unloading,0.0,0a3dd02cf166d3963c8b123aef622c6d8adbc488040beaa825ae96384af55dc1,3138,78.0,36.0,interior,-0.0,-0.0,-0.0,-0.0,-0.0,-0.0
23,23,unloading,0.0,0a3dd02cf166d3963c8b123aef622c6d8adbc488040beaa825ae96384af55dc1,3139,79.0,36.0,interior,-0.0,-0.0,-0.0,-0.0,-0.0,-0.0
23,23,unloading,0.0,0a3dd02cf166d3963c8b123aef622c6d8adbc488040beaa825ae96384af55dc1,3140,80.0,36.0,physical_only,4.454793013877797e-27,-1.22193400955705e-27,1.6646939922417157e-27,-1.797772933686328e-27,2.7900990216360818e-27,5.758389241292681e-28
23,23,unloading,0.0,0a3dd02cf166d3963c8b123aef622c6d8adbc488040beaa825ae96384af55dc1,3207,62.0,37.0,physical_only,7.882140954367287e-29,-2.39753925154724e-30,3.310129952526648e-29,-6.583067009672389e-31,4.5720110018406384e-29,-1.7392325505800023e-30
23,23,unloading,0.0,0a3dd02cf166d3963c8b123aef622c6d8adbc488040beaa825ae96384af55dc1,3208,63.0,37.0,interior,-0.0,-0.0,-0.0,-0.0,-0.0,-0.0
23,23,unloading,0.0,0a3dd02cf166d3963c8b123aef622c6d8adbc488040beaa825ae96384af55dc1,3209,64.0,37.0,interior,-0.0,-0.0,-0.0,-0.0,-0.0,-0.0
23,23,unloading,0.0,0a3dd02cf166d3963c8b123aef622c6d8adbc488040beaa825ae96384af55dc1,3210,65.0,37.0,interior,-0.0,-0.0,-0.0,-0.0,-0.0,-0.0
23,23,unloading,0.0,0a3dd02cf166d3963c8b123aef622c6d8adbc488040beaa825ae96384af55dc1,3211,66.0,37.0,interior,-0.0,-0.0,-0.0,-0.0,-0.0,-0.0
23,23,unloading,0.0,0a3dd02cf166d3963c8b123aef622c6d8adbc488040beaa825ae96384af55dc1,3212,67.0,37.0,interior,-0.0,-0.0,-0.0,-0.0,-0.0,-0.0
23,23,unloading,0.0,0a3dd02cf166d3963c8b123aef622c6d8adbc488040beaa825ae96384af55dc1,3213,68.0,37.0,interior,-0.0,-0.0,-0.0,-0.0,-0.0,-0.0
23,23,unloading,0.0,0a3dd02cf166d3963c8b123aef622c6d8adbc488040beaa825ae96384af55dc1,3214,69.0,37.0,interior,-0.0,-0.0,-0.0,-0.0,-0.0,-0.0
23,23,unloading,0.0,0a3dd02cf166d3963c8b123aef622c6d8adbc488040beaa825ae96384af55dc1,3215,70.0,37.0,interior,-0.0,-0.0,-0.0,-0.0,-0.0,-0.0
23,23,unloading,0.0,0a3dd02cf166d3963c8b123aef622c6d8adbc488040beaa825ae96384af55dc1,3216,71.0,37.0,interior,-0.0,-0.0,-0.0,-0.0,-0.0,-0.0
23,23,unloading,0.0,0a3dd02cf166d3963c8b123aef622c6d8adbc488040beaa825ae96384af55dc1,3217,72.0,37.0,interior,-0.0,-0.0,-0.0,-0.0,-0.0,-0.0
23,23,unloading,0.0,0a3dd02cf166d3963c8b123aef622c6d8adbc488040beaa825ae96384af55dc1,3218,73.0,37.0,interior,-0.0,-0.0,-0.0,-0.0,-0.0,-0.0
23,23,unloading,0.0,0a3dd02cf166d3963c8b123aef622c6d8adbc488040beaa825ae96384af55dc1,3219,74.0,37.0,interior,-0.0,-0.0,-0.0,-0.0,-0.0,-0.0
23,23,unloading,0.0,0a3dd02cf166d3963c8b123aef622c6d8adbc488040beaa825ae96384af55dc1,3220,75.0,37.0,interior,-0.0,-0.0,-0.0,-0.0,-0.0,-0.0
23,23,unloading,0.0,0a3dd02cf166d3963c8b123aef622c6d8adbc488040beaa825ae96384af55dc1,3221,76.0,37.0,interior,-0.0,-0.0,-0.0,-0.0,-0.0,-0.0
23,23,unloading,0.0,0a3dd02cf166d3963c8b123aef622c6d8adbc488040beaa825ae96384af55dc1,3222,77.0,37.0,interior,-0.0,-0.0,-0.0,-0.0,-0.0,-0.0
23,23,unloading,0.0,0a3dd02cf166d3963c8b123aef622c6d8adbc488040beaa825ae96384af55dc1,3223,78.0,37.0,interior,-0.0,-0.0,-0.0,-0.0,-0.0,-0.0
23,23,unloading,0.0,0a3dd02cf166d3963c8b123aef622c6d8adbc488040beaa825ae96384af55dc1,3224,79.0,37.0,interior,-0.0,-0.0,-0.0,-0.0,-0.0,-0.0
23,23,unloading,0.0,0a3dd02cf166d3963c8b123aef622c6d8adbc488040beaa825ae96384af55dc1,3225,80.0,37.0,physical_only,4.40691745335574e-27,-9.21532022440154e-28,1.765467404805144e-27,-1.3473152008679883e-27,2.6414500485505967e-27,4.257831784278206e-28
23,23,unloading,0.0,0a3dd02cf166d3963c8b123aef622c6d8adbc488040beaa825ae96384af55dc1,3292,62.0,38.0,physical_only,7.79536022489556e-29,-1.2379818173272916e-30,3.434365115447566e-29,-4.356818097927561e-31,4.3609951094479937e-29,-8.023000075345369e-31
23,23,unloading,0.0,0a3dd02cf166d3963c8b123aef622c6d8adbc488040beaa825ae96384af55dc1,3293,63.0,38.0,interior,-0.0,-0.0,-0.0,-0.0,-0.0,-0.0
23,23,unloading,0.0,0a3dd02cf166d3963c8b123aef622c6d8adbc488040beaa825ae96384af55dc1,3294,64.0,38.0,interior,-0.0,-0.0,-0.0,-0.0,-0.0,-0.0
23,23,unloading,0.0,0a3dd02cf166d3963c8b123aef622c6d8adbc488040beaa825ae96384af55dc1,3295,65.0,38.0,interior,-0.0,-0.0,-0.0,-0.0,-0.0,-0.0
23,23,unloading,0.0,0a3dd02cf166d3963c8b123aef622c6d8adbc488040beaa825ae96384af55dc1,3296,66.0,38.0,interior,-0.0,-0.0,-0.0,-0.0,-0.0,-0.0
23,23,unloading,0.0,0a3dd02cf166d3963c8b123aef622c6d8adbc488040beaa825ae96384af55dc1,3297,67.0,38.0,interior,-0.0,-0.0,-0.0,-0.0,-0.0,-0.0
23,23,unloading,0.0,0a3dd02cf166d3963c8b123aef622c6d8adbc488040beaa825ae96384af55dc1,3298,68.0,38.0,interior,-0.0,-0.0,-0.0,-0.0,-0.0,-0.0
23,23,unloading,0.0,0a3dd02cf166d3963c8b123aef622c6d8adbc488040beaa825ae96384af55dc1,3299,69.0,38.0,interior,-0.0,-0.0,-0.0,-0.0,-0.0,-0.0
23,23,unloading,0.0,0a3dd02cf166d3963c8b123aef622c6d8adbc488040beaa825ae96384af55dc1,3300,70.0,38.0,interior,-0.0,-0.0,-0.0,-0.0,-0.0,-0.0
23,23,unloading,0.0,0a3dd02cf166d3963c8b123aef622c6d8adbc488040beaa825ae96384af55dc1,3301,71.0,38.0,interior,-0.0,-0.0,-0.0,-0.0,-0.0,-0.0
23,23,unloading,0.0,0a3dd02cf166d3963c8b123aef622c6d8adbc488040beaa825ae96384af55dc1,3302,72.0,38.0,interior,-0.0,-0.0,-0.0,-0.0,-0.0,-0.0
23,23,unloading,0.0,0a3dd02cf166d3963c8b123aef622c6d8adbc488040beaa825ae96384af55dc1,3303,73.0,38.0,interior,-0.0,-0.0,-0.0,-0.0,-0.0,-0.0
23,23,unloading,0.0,0a3dd02cf166d3963c8b123aef622c6d8adbc488040beaa825ae96384af55dc1,3304,74.0,38.0,interior,-0.0,-0.0,-0.0,-0.0,-0.0,-0.0
23,23,unloading,0.0,0a3dd02cf166d3963c8b123aef622c6d8adbc488040beaa825ae96384af55dc1,3305,75.0,38.0,interior,-0.0,-0.0,-0.0,-0.0,-0.0,-0.0
23,23,unloading,0.0,0a3dd02cf166d3963c8b123aef622c6d8adbc488040beaa825ae96384af55dc1,3306,76.0,38.0,interior,-0.0,-0.0,-0.0,-0.0,-0.0,-0.0
23,23,unloading,0.0,0a3dd02cf166d3963c8b123aef622c6d8adbc488040beaa825ae96384af55dc1,3307,77.0,38.0,interior,-0.0,-0.0,-0.0,-0.0,-0.0,-0.0
23,23,unloading,0.0,0a3dd02cf166d3963c8b123aef622c6d8adbc488040beaa825ae96384af55dc1,3308,78.0,38.0,interior,-0.0,-0.0,-0.0,-0.0,-0.0,-0.0
23,23,unloading,0.0,0a3dd02cf166d3963c8b123aef622c6d8adbc488040beaa825ae96384af55dc1,3309,79.0,38.0,interior,-0.0,-0.0,-0.0,-0.0,-0.0,-0.0
23,23,unloading,0.0,0a3dd02cf166d3963c8b123aef622c6d8adbc488040beaa825ae96384af55dc1,3310,80.0,38.0,physical_only,4.354737753409866e-27,-6.098166756702234e-28,1.8361458466523204e-27,-8.97736137734849e-28,2.5185919067575457e-27,2.8791946206464554e-28
23,23,unloading,0.0,0a3dd02cf166d3963c8b123aef622c6d8adbc488040beaa825ae96384af55dc1,3377,62.0,39.0,physical_only,7.775379655158432e-29,9.69866216138238e-32,3.508169386773836e-29,-2.1715596124501745e-31,4.2672102683845965e-29,3.1414258285884265e-31
23,23,unloading,0.0,0a3dd02cf166d3963c8b123aef622c6d8adbc488040beaa825ae96384af55dc1,3378,63.0,39.0,interior,-0.0,-0.0,-0.0,-0.0,-0.0,-0.0
23,23,unloading,0.0,0a3dd02cf166d3963c8b123aef622c6d8adbc488040beaa825ae96384af55dc1,3379,64.0,39.0,interior,-0.0,-0.0,-0.0,-0.0,-0.0,-0.0
23,23,unloading,0.0,0a3dd02cf166d3963c8b123aef622c6d8adbc488040beaa825ae96384af55dc1,3380,65.0,39.0,interior,-0.0,-0.0,-0.0,-0.0,-0.0,-0.0
23,23,unloading,0.0,0a3dd02cf166d3963c8b123aef622c6d8adbc488040beaa825ae96384af55dc1,3381,66.0,39.0,interior,-0.0,-0.0,-0.0,-0.0,-0.0,-0.0
23,23,unloading,0.0,0a3dd02cf166d3963c8b123aef622c6d8adbc488040beaa825ae96384af55dc1,3382,67.0,39.0,interior,-0.0,-0.0,-0.0,-0.0,-0.0,-0.0
23,23,unloading,0.0,0a3dd02cf166d3963c8b123aef622c6d8adbc488040beaa825ae96384af55dc1,3383,68.0,39.0,interior,-0.0,-0.0,-0.0,-0.0,-0.0,-0.0
23,23,unloading,0.0,0a3dd02cf166d3963c8b123aef622c6d8adbc488040beaa825ae96384af55dc1,3384,69.0,39.0,interior,-0.0,-0.0,-0.0,-0.0,-0.0,-0.0
23,23,unloading,0.0,0a3dd02cf166d3963c8b123aef622c6d8adbc488040beaa825ae96384af55dc1,3385,70.0,39.0,interior,-0.0,-0.0,-0.0,-0.0,-0.0,-0.0
23,23,unloading,0.0,0a3dd02cf166d3963c8b123aef622c6d8adbc488040beaa825ae96384af55dc1,3386,71.0,39.0,interior,-0.0,-0.0,-0.0,-0.0,-0.0,-0.0
23,23,unloading,0.0,0a3dd02cf166d3963c8b123aef622c6d8adbc488040beaa825ae96384af55dc1,3387,72.0,39.0,interior,-0.0,-0.0,-0.0,-0.0,-0.0,-0.0
23,23,unloading,0.0,0a3dd02cf166d3963c8b123aef622c6d8adbc488040beaa825ae96384af55dc1,3388,73.0,39.0,interior,-0.0,-0.0,-0.0,-0.0,-0.0,-0.0
23,23,unloading,0.0,0a3dd02cf166d3963c8b123aef622c6d8adbc488040beaa825ae96384af55dc1,3389,74.0,39.0,interior,-0.0,-0.0,-0.0,-0.0,-0.0,-0.0
23,23,unloading,0.0,0a3dd02cf166d3963c8b123aef622c6d8adbc488040beaa825ae96384af55dc1,3390,75.0,39.0,interior,-0.0,-0.0,-0.0,-0.0,-0.0,-0.0
23,23,unloading,0.0,0a3dd02cf166d3963c8b123aef622c6d8adbc488040beaa825ae96384af55dc1,3391,76.0,39.0,interior,-0.0,-0.0,-0.0,-0.0,-0.0,-0.0
23,23,unloading,0.0,0a3dd02cf166d3963c8b123aef622c6d8adbc488040beaa825ae96384af55dc1,3392,77.0,39.0,interior,-0.0,-0.0,-0.0,-0.0,-0.0,-0.0
23,23,unloading,0.0,0a3dd02cf166d3963c8b123aef622c6d8adbc488040beaa825ae96384af55dc1,3393,78.0,39.0,interior,-0.0,-0.0,-0.0,-0.0,-0.0,-0.0
23,23,unloading,0.0,0a3dd02cf166d3963c8b123aef622c6d8adbc488040beaa825ae96384af55dc1,3394,79.0,39.0,interior,-0.0,-0.0,-0.0,-0.0,-0.0,-0.0
23,23,unloading,0.0,0a3dd02cf166d3963c8b123aef622c6d8adbc488040beaa825ae96384af55dc1,3395,80.0,39.0,physical_only,4.337561090085892e-27,-3.0803361763474027e-28,1.8780536331982865e-27,-4.487108792298181e-28,2.4595074568876053e-27,1.406772615950841e-28
23,23,unloading,0.0,0a3dd02cf166d3963c8b123aef622c6d8adbc488040beaa825ae96384af55dc1,3462,62.0,40.0,physical_and_cut,3.8530439226740004e-29,2.009006631076765e-29,1.766331209013401e-29,7.52894233435652e-30,2.086712713660599e-29,1.256112397641113e-29
23,23,unloading,0.0,0a3dd02cf166d3963c8b123aef622c6d8adbc488040beaa825ae96384af55dc1,3463,63.0,40.0,cut_only,-0.0,-0.0,-0.0,-0.0,-0.0,-0.0
23,23,unloading,0.0,0a3dd02cf166d3963c8b123aef622c6d8adbc488040beaa825ae96384af55dc1,3464,64.0,40.0,cut_only,-0.0,-0.0,-0.0,-0.0,-0.0,-0.0
23,23,unloading,0.0,0a3dd02cf166d3963c8b123aef622c6d8adbc488040beaa825ae96384af55dc1,3465,65.0,40.0,cut_only,-0.0,-0.0,-0.0,-0.0,-0.0,-0.0
23,23,unloading,0.0,0a3dd02cf166d3963c8b123aef622c6d8adbc488040beaa825ae96384af55dc1,3466,66.0,40.0,cut_only,-0.0,-0.0,-0.0,-0.0,-0.0,-0.0
23,23,unloading,0.0,0a3dd02cf166d3963c8b123aef622c6d8adbc488040beaa825ae96384af55dc1,3467,67.0,40.0,cut_only,-0.0,-0.0,-0.0,-0.0,-0.0,-0.0
23,23,unloading,0.0,0a3dd02cf166d3963c8b123aef622c6d8adbc488040beaa825ae96384af55dc1,3468,68.0,40.0,cut_only,-0.0,-0.0,-0.0,-0.0,-0.0,-0.0
23,23,unloading,0.0,0a3dd02cf166d3963c8b123aef622c6d8adbc488040beaa825ae96384af55dc1,3469,69.0,40.0,cut_only,-0.0,-0.0,-0.0,-0.0,-0.0,-0.0
23,23,unloading,0.0,0a3dd02cf166d3963c8b123aef622c6d8adbc488040beaa825ae96384af55dc1,3470,70.0,40.0,cut_only,-0.0,-0.0,-0.0,-0.0,-0.0,-0.0
23,23,unloading,0.0,0a3dd02cf166d3963c8b123aef622c6d8adbc488040beaa825ae96384af55dc1,3471,71.0,40.0,cut_only,-0.0,-0.0,-0.0,-0.0,-0.0,-0.0
23,23,unloading,0.0,0a3dd02cf166d3963c8b123aef622c6d8adbc488040beaa825ae96384af55dc1,3472,72.0,40.0,cut_only,-0.0,-0.0,-0.0,-0.0,-0.0,-0.0
23,23,unloading,0.0,0a3dd02cf166d3963c8b123aef622c6d8adbc488040beaa825ae96384af55dc1,3473,73.0,40.0,cut_only,-0.0,-0.0,-0.0,-0.0,-0.0,-0.0
23,23,unloading,0.0,0a3dd02cf166d3963c8b123aef622c6d8adbc488040beaa825ae96384af55dc1,3474,74.0,40.0,cut_only,-0.0,-0.0,-0.0,-0.0,-0.0,-0.0
23,23,unloading,0.0,0a3dd02cf166d3963c8b123aef622c6d8adbc488040beaa825ae96384af55dc1,3475,75.0,40.0,cut_only,-0.0,-0.0,-0.0,-0.0,-0.0,-0.0
23,23,unloading,0.0,0a3dd02cf166d3963c8b123aef622c6d8adbc488040beaa825ae96384af55dc1,3476,76.0,40.0,cut_only,-0.0,-0.0,-0.0,-0.0,-0.0,-0.0
23,23,unloading,0.0,0a3dd02cf166d3963c8b123aef622c6d8adbc488040beaa825ae96384af55dc1,3477,77.0,40.0,cut_only,-0.0,-0.0,-0.0,-0.0,-0.0,-0.0
23,23,unloading,0.0,0a3dd02cf166d3963c8b123aef622c6d8adbc488040beaa825ae96384af55dc1,3478,78.0,40.0,cut_only,-0.0,-0.0,-0.0,-0.0,-0.0,-0.0
23,23,unloading,0.0,0a3dd02cf166d3963c8b123aef622c6d8adbc488040beaa825ae96384af55dc1,3479,79.0,40.0,cut_only,-0.0,-0.0,-0.0,-0.0,-0.0,-0.0
23,23,unloading,0.0,0a3dd02cf166d3963c8b123aef622c6d8adbc488040beaa825ae96384af55dc1,3480,80.0,40.0,physical_and_cut,2.164708045074881e-27,1.3777772464766095e-25,9.459740354560276e-28,-6.252545516482271e-28,1.2187340096188533e-27,1.384029791993092e-25
