index,original_target_index,leg,d_mm,state_sha256,node_id,x_mm,y_mm,group,total_Fx_N,total_Fy_N,material_Fx_N,material_Fy_N,regularization_Fx_N,regularization_Fy_N
0,0,origin,0.0,26d76fa997d7fc33a9ff6a4b606fc4f31e3f1c0753050e330d97c92565c2bbe2,2656,64.0,32.0,physical_only,-0.0,-0.0,-0.0,-0.0,-0.0,-0.0
0,0,origin,0.0,26d76fa997d7fc33a9ff6a4b606fc4f31e3f1c0753050e330d97c92565c2bbe2,2657,65.0,32.0,physical_only,-0.0,-0.0,-0.0,-0.0,-0.0,-0.0
0,0,origin,0.0,26d76fa997d7fc33a9ff6a4b606fc4f31e3f1c0753050e330d97c92565c2bbe2,2658,66.0,32.0,physical_only,-0.0,-0.0,-0.0,-0.0,-0.0,-0.0
0,0,origin,0.0,26d76fa997d7fc33a9ff6a4b606fc4f31e3f1c0753050e330d97c92565c2bbe2,2659,67.0,32.0,physical_only,-0.0,-0.0,-0.0,-0.0,-0.0,-0.0
0,0,origin,0.0,26d76fa997d7fc33a9ff6a4b606fc4f31e3f1c0753050e330d97c92565c2bbe2,2660,68.0,32.0,physical_only,-0.0,-0.0,-0.0,-0.0,-0.0,-0.0
0,0,origin,0.0,26d76fa997d7fc33a9ff6a4b606fc4f31e3f1c0753050e330d97c92565c2bbe2,2661,69.0,32.0,physical_only,-0.0,-0.0,-0.0,-0.0,-0.0,-0.0
0,0,origin,0.0,26d76fa997d7fc33a9ff6a4b606fc4f31e3f1c0753050e330d97c92565c2bbe2,2662,70.0,32.0,physical_only,-0.0,-0.0,-0.0,-0.0,-0.0,-0.0
0,0,origin,0.0,26d76fa997d7fc33a9ff6a4b606fc4f31e3f1c0753050e330d97c92565c2bbe2,2663,71.0,32.0,physical_only,-0.0,-0.0,-0.0,-0.0,-0.0,-0.0
0,0,origin,0.0,26d76fa997d7fc33a9ff6a4b606fc4f31e3f1c0753050e330d97c92565c2bbe2,2664,72.0,32.0,physical_only,-0.0,-0.0,-0.0,-0.0,-0.0,-0.0
0,0,origin,0.0,26d76fa997d7fc33a9ff6a4b606fc4f31e3f1c0753050e330d97c92565c2bbe2,2665,73.0,32.0,physical_only,-0.0,-0.0,-0.0,-0.0,-0.0,-0.0
0,0,origin,0.0,26d76fa997d7fc33a9ff6a4b606fc4f31e3f1c0753050e330d97c92565c2bbe2,2666,74.0,32.0,physical_only,-0.0,-0.0,-0.0,-0.0,-0.0,-0.0
0,0,origin,0.0,26d76fa997d7fc33a9ff6a4b606fc4f31e3f1c0753050e330d97c92565c2bbe2,2667,75.0,32.0,physical_only,-0.0,-0.0,-0.0,-0.0,-0.0,-0.0
0,0,origin,0.0,26d76fa997d7fc33a9ff6a4b606fc4f31e3f1c0753050e330d97c92565c2bbe2,2668,76.0,32.0,physical_only,-0.0,-0.0,-0.0,-0.0,-0.0,-0.0
0,0,origin,0.0,26d76fa997d7fc33a9ff6a4b606fc4f31e3f1c0753050e330d97c92565c2bbe2,2669,77.0,32.0,physical_only,-0.0,-0.0,-0.0,-0.0,-0.0,-0.0
0,0,origin,0.0,26d76fa997d7fc33a9ff6a4b606fc4f31e3f1c0753050e330d97c92565c2bbe2,2670,78.0,32.0,physical_only,-0.0,-0.0,-0.0,-0.0,-0.0,-0.0
0,0,origin,0.0,26d76fa997d7fc33a9ff6a4b606fc4f31e3f1c0753050e330d97c92565c2bbe2,2671,79.0,32.0,physical_only,-0.0,-0.0,-0.0,-0.0,-0.0,-0.0
0,0,origin,0.0,26d76fa997d7fc33a9ff6a4b606fc4f31e3f1c0753050e330d97c92565c2bbe2,2672,80.0,32.0,physical_only,-0.0,-0.0,-0.0,-0.0,-0.0,-0.0
0,0,origin,0.0,26d76fa997d7fc33a9ff6a4b606fc4f31e3f1c0753050e330d97c92565c2bbe2,2737,64.0,33.0,physical_only,-0.0,-0.0,-0.0,-0.0,-0.0,-0.0
0,0,origin,0.0,26d76fa997d7fc33a9ff6a4b606fc4f31e3f1c0753050e330d97c92565c2bbe2,2738,65.0,33.0,interior,-0.0,-0.0,-0.0,-0.0,-0.0,-0.0
0,0,origin,0.0,26d76fa997d7fc33a9ff6a4b606fc4f31e3f1c0753050e330d97c92565c2bbe2,2739,66.0,33.0,interior,-0.0,-0.0,-0.0,-0.0,-0.0,-0.0
0,0,origin,0.0,26d76fa997d7fc33a9ff6a4b606fc4f31e3f1c0753050e330d97c92565c2bbe2,2740,67.0,33.0,interior,-0.0,-0.0,-0.0,-0.0,-0.0,-0.0
0,0,origin,0.0,26d76fa997d7fc33a9ff6a4b606fc4f31e3f1c0753050e330d97c92565c2bbe2,2741,68.0,33.0,interior,-0.0,-0.0,-0.0,-0.0,-0.0,-0.0
0,0,origin,0.0,26d76fa997d7fc33a9ff6a4b606fc4f31e3f1c0753050e330d97c92565c2bbe2,2742,69.0,33.0,interior,-0.0,-0.0,-0.0,-0.0,-0.0,-0.0
0,0,origin,0.0,26d76fa997d7fc33a9ff6a4b606fc4f31e3f1c0753050e330d97c92565c2bbe2,2743,70.0,33.0,interior,-0.0,-0.0,-0.0,-0.0,-0.0,-0.0
0,0,origin,0.0,26d76fa997d7fc33a9ff6a4b606fc4f31e3f1c0753050e330d97c92565c2bbe2,2744,71.0,33.0,interior,-0.0,-0.0,-0.0,-0.0,-0.0,-0.0
0,0,origin,0.0,26d76fa997d7fc33a9ff6a4b606fc4f31e3f1c0753050e330d97c92565c2bbe2,2745,72.0,33.0,interior,-0.0,-0.0,-0.0,-0.0,-0.0,-0.0
0,0,origin,0.0,26d76fa997d7fc33a9ff6a4b606fc4f31e3f1c0753050e330d97c92565c2bbe2,2746,73.0,33.0,interior,-0.0,-0.0,-0.0,-0.0,-0.0,-0.0
0,0,origin,0.0,26d76fa997d7fc33a9ff6a4b606fc4f31e3f1c0753050e330d97c92565c2bbe2,2747,74.0,33.0,interior,-0.0,-0.0,-0.0,-0.0,-0.0,-0.0
0,0,origin,0.0,26d76fa997d7fc33a9ff6a4b606fc4f31e3f1c0753050e330d97c92565c2bbe2,2748,75.0,33.0,interior,-0.0,-0.0,-0.0,-0.0,-0.0,-0.0
0,0,origin,0.0,26d76fa997d7fc33a9ff6a4b606fc4f31e3f1c0753050e330d97c92565c2bbe2,2749,76.0,33.0,interior,-0.0,-0.0,-0.0,-0.0,-0.0,-0.0
0,0,origin,0.0,26d76fa997d7fc33a9ff6a4b606fc4f31e3f1c0753050e330d97c92565c2bbe2,2750,77.0,33.0,interior,-0.0,-0.0,-0.0,-0.0,-0.0,-0.0
0,0,origin,0.0,26d76fa997d7fc33a9ff6a4b606fc4f31e3f1c0753050e330d97c92565c2bbe2,2751,78.0,33.0,interior,-0.0,-0.0,-0.0,-0.0,-0.0,-0.0
0,0,origin,0.0,26d76fa997d7fc33a9ff6a4b606fc4f31e3f1c0753050e330d97c92565c2bbe2,2752,79.0,33.0,interior,-0.0,-0.0,-0.0,-0.0,-0.0,-0.0
0,0,origin,0.0,26d76fa997d7fc33a9ff6a4b606fc4f31e3f1c0753050e330d97c92565c2bbe2,2753,80.0,33.0,physical_only,-0.0,-0.0,-0.0,-0.0,-0.0,-0.0
0,0,origin,0.0,26d76fa997d7fc33a9ff6a4b606fc4f31e3f1c0753050e330d97c92565c2bbe2,2818,64.0,34.0,physical_only,-0.0,-0.0,-0.0,-0.0,-0.0,-0.0
0,0,origin,0.0,26d76fa997d7fc33a9ff6a4b606fc4f31e3f1c0753050e330d97c92565c2bbe2,2819,65.0,34.0,interior,-0.0,-0.0,-0.0,-0.0,-0.0,-0.0
0,0,origin,0.0,26d76fa997d7fc33a9ff6a4b606fc4f31e3f1c0753050e330d97c92565c2bbe2,2820,66.0,34.0,interior,-0.0,-0.0,-0.0,-0.0,-0.0,-0.0
0,0,origin,0.0,26d76fa997d7fc33a9ff6a4b606fc4f31e3f1c0753050e330d97c92565c2bbe2,2821,67.0,34.0,interior,-0.0,-0.0,-0.0,-0.0,-0.0,-0.0
0,0,origin,0.0,26d76fa997d7fc33a9ff6a4b606fc4f31e3f1c0753050e330d97c92565c2bbe2,2822,68.0,34.0,interior,-0.0,-0.0,-0.0,-0.0,-0.0,-0.0
0,0,origin,0.0,26d76fa997d7fc33a9ff6a4b606fc4f31e3f1c0753050e330d97c92565c2bbe2,2823,69.0,34.0,interior,-0.0,-0.0,-0.0,-0.0,-0.0,-0.0
0,0,origin,0.0,26d76fa997d7fc33a9ff6a4b606fc4f31e3f1c0753050e330d97c92565c2bbe2,2824,70.0,34.0,interior,-0.0,-0.0,-0.0,-0.0,-0.0,-0.0
0,0,origin,0.0,26d76fa997d7fc33a9ff6a4b606fc4f31e3f1c0753050e330d97c92565c2bbe2,2825,71.0,34.0,interior,-0.0,-0.0,-0.0,-0.0,-0.0,-0.0
0,0,origin,0.0,26d76fa997d7fc33a9ff6a4b606fc4f31e3f1c0753050e330d97c92565c2bbe2,2826,72.0,34.0,interior,-0.0,-0.0,-0.0,-0.0,-0.0,-0.0
0,0,origin,0.0,26d76fa997d7fc33a9ff6a4b606fc4f31e3f1c0753050e330d97c92565c2bbe2,2827,73.0,34.0,interior,-0.0,-0.0,-0.0,-0.0,-0.0,-0.0
0,0,origin,0.0,26d76fa997d7fc33a9ff6a4b606fc4f31e3f1c0753050e330d97c92565c2bbe2,2828,74.0,34.0,interior,-0.0,-0.0,-0.0,-0.0,-0.0,-0.0
0,0,origin,0.0,26d76fa997d7fc33a9ff6a4b606fc4f31e3f1c0753050e330d97c92565c2bbe2,2829,75.0,34.0,interior,-0.0,-0.0,-0.0,-0.0,-0.0,-0.0
0,0,origin,0.0,26d76fa997d7fc33a9ff6a4b606fc4f31e3f1c0753050e330d97c92565c2bbe2,2830,76.0,34.0,interior,-0.0,-0.0,-0.0,-0.0,-0.0,-0.0
0,0,origin,0.0,26d76fa997d7fc33a9ff6a4b606fc4f31e3f1c0753050e330d97c92565c2bbe2,2831,77.0,34.0,interior,-0.0,-0.0,-0.0,-0.0,-0.0,-0.0
0,0,origin,0.0,26d76fa997d7fc33a9ff6a4b606fc4f31e3f1c0753050e330d97c92565c2bbe2,2832,78.0,34.0,interior,-0.0,-0.0,-0.0,-0.0,-0.0,-0.0
0,0,origin,0.0,26d76fa997d7fc33a9ff6a4b606fc4f31e3f1c0753050e330d97c92565c2bbe2,2833,79.0,34.0,interior,-0.0,-0.0,-0.0,-0.0,-0.0,-0.0
0,0,origin,0.0,26d76fa997d7fc33a9ff6a4b606fc4f31e3f1c0753050e330d97c92565c2bbe2,2834,80.0,34.0,physical_only,-0.0,-0.0,-0.0,-0.0,-0.0,-0.0
0,0,origin,0.0,26d76fa997d7fc33a9ff6a4b606fc4f31e3f1c0753050e330d97c92565c2bbe2,2899,64.0,35.0,physical_only,-0.0,-0.0,-0.0,-0.0,-0.0,-0.0
0,0,origin,0.0,26d76fa997d7fc33a9ff6a4b606fc4f31e3f1c0753050e330d97c92565c2bbe2,2900,65.0,35.0,interior,-0.0,-0.0,-0.0,-0.0,-0.0,-0.0
0,0,origin,0.0,26d76fa997d7fc33a9ff6a4b606fc4f31e3f1c0753050e330d97c92565c2bbe2,2901,66.0,35.0,interior,-0.0,-0.0,-0.0,-0.0,-0.0,-0.0
0,0,origin,0.0,26d76fa997d7fc33a9ff6a4b606fc4f31e3f1c0753050e330d97c92565c2bbe2,2902,67.0,35.0,interior,-0.0,-0.0,-0.0,-0.0,-0.0,-0.0
0,0,origin,0.0,26d76fa997d7fc33a9ff6a4b606fc4f31e3f1c0753050e330d97c92565c2bbe2,2903,68.0,35.0,interior,-0.0,-0.0,-0.0,-0.0,-0.0,-0.0
0,0,origin,0.0,26d76fa997d7fc33a9ff6a4b606fc4f31e3f1c0753050e330d97c92565c2bbe2,2904,69.0,35.0,interior,-0.0,-0.0,-0.0,-0.0,-0.0,-0.0
0,0,origin,0.0,26d76fa997d7fc33a9ff6a4b606fc4f31e3f1c0753050e330d97c92565c2bbe2,2905,70.0,35.0,interior,-0.0,-0.0,-0.0,-0.0,-0.0,-0.0
0,0,origin,0.0,26d76fa997d7fc33a9ff6a4b606fc4f31e3f1c0753050e330d97c92565c2bbe2,2906,71.0,35.0,interior,-0.0,-0.0,-0.0,-0.0,-0.0,-0.0
0,0,origin,0.0,26d76fa997d7fc33a9ff6a4b606fc4f31e3f1c0753050e330d97c92565c2bbe2,2907,72.0,35.0,interior,-0.0,-0.0,-0.0,-0.0,-0.0,-0.0
0,0,origin,0.0,26d76fa997d7fc33a9ff6a4b606fc4f31e3f1c0753050e330d97c92565c2bbe2,2908,73.0,35.0,interior,-0.0,-0.0,-0.0,-0.0,-0.0,-0.0
0,0,origin,0.0,26d76fa997d7fc33a9ff6a4b606fc4f31e3f1c0753050e330d97c92565c2bbe2,2909,74.0,35.0,interior,-0.0,-0.0,-0.0,-0.0,-0.0,-0.0
0,0,origin,0.0,26d76fa997d7fc33a9ff6a4b606fc4f31e3f1c0753050e330d97c92565c2bbe2,2910,75.0,35.0,interior,-0.0,-0.0,-0.0,-0.0,-0.0,-0.0
0,0,origin,0.0,26d76fa997d7fc33a9ff6a4b606fc4f31e3f1c0753050e330d97c92565c2bbe2,2911,76.0,35.0,interior,-0.0,-0.0,-0.0,-0.0,-0.0,-0.0
0,0,origin,0.0,26d76fa997d7fc33a9ff6a4b606fc4f31e3f1c0753050e330d97c92565c2bbe2,2912,77.0,35.0,interior,-0.0,-0.0,-0.0,-0.0,-0.0,-0.0
0,0,origin,0.0,26d76fa997d7fc33a9ff6a4b606fc4f31e3f1c0753050e330d97c92565c2bbe2,2913,78.0,35.0,interior,-0.0,-0.0,-0.0,-0.0,-0.0,-0.0
0,0,origin,0.0,26d76fa997d7fc33a9ff6a4b606fc4f31e3f1c0753050e330d97c92565c2bbe2,2914,79.0,35.0,interior,-0.0,-0.0,-0.0,-0.0,-0.0,-0.0
0,0,origin,0.0,26d76fa997d7fc33a9ff6a4b606fc4f31e3f1c0753050e330d97c92565c2bbe2,2915,80.0,35.0,physical_only,-0.0,-0.0,-0.0,-0.0,-0.0,-0.0
0,0,origin,0.0,26d76fa997d7fc33a9ff6a4b606fc4f31e3f1c0753050e330d97c92565c2bbe2,2980,64.0,36.0,physical_only,-0.0,-0.0,-0.0,-0.0,-0.0,-0.0
0,0,origin,0.0,26d76fa997d7fc33a9ff6a4b606fc4f31e3f1c0753050e330d97c92565c2bbe2,2981,65.0,36.0,interior,-0.0,-0.0,-0.0,-0.0,-0.0,-0.0
0,0,origin,0.0,26d76fa997d7fc33a9ff6a4b606fc4f31e3f1c0753050e330d97c92565c2bbe2,2982,66.0,36.0,interior,-0.0,-0.0,-0.0,-0.0,-0.0,-0.0
0,0,origin,0.0,26d76fa997d7fc33a9ff6a4b606fc4f31e3f1c0753050e330d97c92565c2bbe2,2983,67.0,36.0,interior,-0.0,-0.0,-0.0,-0.0,-0.0,-0.0
0,0,origin,0.0,26d76fa997d7fc33a9ff6a4b606fc4f31e3f1c0753050e330d97c92565c2bbe2,2984,68.0,36.0,interior,-0.0,-0.0,-0.0,-0.0,-0.0,-0.0
0,0,origin,0.0,26d76fa997d7fc33a9ff6a4b606fc4f31e3f1c0753050e330d97c92565c2bbe2,2985,69.0,36.0,interior,-0.0,-0.0,-0.0,-0.0,-0.0,-0.0
0,0,origin,0.0,26d76fa997d7fc33a9ff6a4b606fc4f31e3f1c0753050e330d97c92565c2bbe2,2986,70.0,36.0,interior,-0.0,-0.0,-0.0,-0.0,-0.0,-0.0
0,0,origin,0.0,26d76fa997d7fc33a9ff6a4b606fc4f31e3f1c0753050e330d97c92565c2bbe2,2987,71.0,36.0,interior,-0.0,-0.0,-0.0,-0.0,-0.0,-0.0
0,0,origin,0.0,26d76fa997d7fc33a9ff6a4b606fc4f31e3f1c0753050e330d97c92565c2bbe2,2988,72.0,36.0,interior,-0.0,-0.0,-0.0,-0.0,-0.0,-0.0
0,0,origin,0.0,26d76fa997d7fc33a9ff6a4b606fc4f31e3f1c0753050e330d97c92565c2bbe2,2989,73.0,36.0,interior,-0.0,-0.0,-0.0,-0.0,-0.0,-0.0
0,0,origin,0.0,26d76fa997d7fc33a9ff6a4b606fc4f31e3f1c0753050e330d97c92565c2bbe2,2990,74.0,36.0,interior,-0.0,-0.0,-0.0,-0.0,-0.0,-0.0
0,0,origin,0.0,26d76fa997d7fc33a9ff6a4b606fc4f31e3f1c0753050e330d97c92565c2bbe2,2991,75.0,36.0,interior,-0.0,-0.0,-0.0,-0.0,-0.0,-0.0
0,0,origin,0.0,26d76fa997d7fc33a9ff6a4b606fc4f31e3f1c0753050e330d97c92565c2bbe2,2992,76.0,36.0,interior,-0.0,-0.0,-0.0,-0.0,-0.0,-0.0
0,0,origin,0.0,26d76fa997d7fc33a9ff6a4b606fc4f31e3f1c0753050e330d97c92565c2bbe2,2993,77.0,36.0,interior,-0.0,-0.0,-0.0,-0.0,-0.0,-0.0
0,0,origin,0.0,26d76fa997d7fc33a9ff6a4b606fc4f31e3f1c0753050e330d97c92565c2bbe2,2994,78.0,36.0,interior,-0.0,-0.0,-0.0,-0.0,-0.0,-0.0
0,0,origin,0.0,26d76fa997d7fc33a9ff6a4b606fc4f31e3f1c0753050e330d97c92565c2bbe2,2995,79.0,36.0,interior,-0.0,-0.0,-0.0,-0.0,-0.0,-0.0
0,0,origin,0.0,26d76fa997d7fc33a9ff6a4b606fc4f31e3f1c0753050e330d97c92565c2bbe2,2996,80.0,36.0,physical_only,-0.0,-0.0,-0.0,-0.0,-0.0,-0.0
0,0,origin,0.0,26d76fa997d7fc33a9ff6a4b606fc4f31e3f1c0753050e330d97c92565c2bbe2,3061,64.0,37.0,physical_only,-0.0,-0.0,-0.0,-0.0,-0.0,-0.0
0,0,origin,0.0,26d76fa997d7fc33a9ff6a4b606fc4f31e3f1c0753050e330d97c92565c2bbe2,3062,65.0,37.0,interior,-0.0,-0.0,-0.0,-0.0,-0.0,-0.0
0,0,origin,0.0,26d76fa997d7fc33a9ff6a4b606fc4f31e3f1c0753050e330d97c92565c2bbe2,3063,66.0,37.0,interior,-0.0,-0.0,-0.0,-0.0,-0.0,-0.0
0,0,origin,0.0,26d76fa997d7fc33a9ff6a4b606fc4f31e3f1c0753050e330d97c92565c2bbe2,3064,67.0,37.0,interior,-0.0,-0.0,-0.0,-0.0,-0.0,-0.0
0,0,origin,0.0,26d76fa997d7fc33a9ff6a4b606fc4f31e3f1c0753050e330d97c92565c2bbe2,3065,68.0,37.0,interior,-0.0,-0.0,-0.0,-0.0,-0.0,-0.0
0,0,origin,0.0,26d76fa997d7fc33a9ff6a4b606fc4f31e3f1c0753050e330d97c92565c2bbe2,3066,69.0,37.0,interior,-0.0,-0.0,-0.0,-0.0,-0.0,-0.0
0,0,origin,0.0,26d76fa997d7fc33a9ff6a4b606fc4f31e3f1c0753050e330d97c92565c2bbe2,3067,70.0,37.0,interior,-0.0,-0.0,-0.0,-0.0,-0.0,-0.0
0,0,origin,0.0,26d76fa997d7fc33a9ff6a4b606fc4f31e3f1c0753050e330d97c92565c2bbe2,3068,71.0,37.0,interior,-0.0,-0.0,-0.0,-0.0,-0.0,-0.0
0,0,origin,0.0,26d76fa997d7fc33a9ff6a4b606fc4f31e3f1c0753050e330d97c92565c2bbe2,3069,72.0,37.0,interior,-0.0,-0.0,-0.0,-0.0,-0.0,-0.0
0,0,origin,0.0,26d76fa997d7fc33a9ff6a4b606fc4f31e3f1c0753050e330d97c92565c2bbe2,3070,73.0,37.0,interior,-0.0,-0.0,-0.0,-0.0,-0.0,-0.0
0,0,origin,0.0,26d76fa997d7fc33a9ff6a4b606fc4f31e3f1c0753050e330d97c92565c2bbe2,3071,74.0,37.0,interior,-0.0,-0.0,-0.0,-0.0,-0.0,-0.0
0,0,origin,0.0,26d76fa997d7fc33a9ff6a4b606fc4f31e3f1c0753050e330d97c92565c2bbe2,3072,75.0,37.0,interior,-0.0,-0.0,-0.0,-0.0,-0.0,-0.0
0,0,origin,0.0,26d76fa997d7fc33a9ff6a4b606fc4f31e3f1c0753050e330d97c92565c2bbe2,3073,76.0,37.0,interior,-0.0,-0.0,-0.0,-0.0,-0.0,-0.0
0,0,origin,0.0,26d76fa997d7fc33a9ff6a4b606fc4f31e3f1c0753050e330d97c92565c2bbe2,3074,77.0,37.0,interior,-0.0,-0.0,-0.0,-0.0,-0.0,-0.0
0,0,origin,0.0,26d76fa997d7fc33a9ff6a4b606fc4f31e3f1c0753050e330d97c92565c2bbe2,3075,78.0,37.0,interior,-0.0,-0.0,-0.0,-0.0,-0.0,-0.0
0,0,origin,0.0,26d76fa997d7fc33a9ff6a4b606fc4f31e3f1c0753050e330d97c92565c2bbe2,3076,79.0,37.0,interior,-0.0,-0.0,-0.0,-0.0,-0.0,-0.0
0,0,origin,0.0,26d76fa997d7fc33a9ff6a4b606fc4f31e3f1c0753050e330d97c92565c2bbe2,3077,80.0,37.0,physical_only,-0.0,-0.0,-0.0,-0.0,-0.0,-0.0
0,0,origin,0.0,26d76fa997d7fc33a9ff6a4b606fc4f31e3f1c0753050e330d97c92565c2bbe2,3142,64.0,38.0,physical_only,-0.0,-0.0,-0.0,-0.0,-0.0,-0.0
0,0,origin,0.0,26d76fa997d7fc33a9ff6a4b606fc4f31e3f1c0753050e330d97c92565c2bbe2,3143,65.0,38.0,interior,-0.0,-0.0,-0.0,-0.0,-0.0,-0.0
0,0,origin,0.0,26d76fa997d7fc33a9ff6a4b606fc4f31e3f1c0753050e330d97c92565c2bbe2,3144,66.0,38.0,interior,-0.0,-0.0,-0.0,-0.0,-0.0,-0.0
0,0,origin,0.0,26d76fa997d7fc33a9ff6a4b606fc4f31e3f1c0753050e330d97c92565c2bbe2,3145,67.0,38.0,interior,-0.0,-0.0,-0.0,-0.0,-0.0,-0.0
0,0,origin,0.0,26d76fa997d7fc33a9ff6a4b606fc4f31e3f1c0753050e330d97c92565c2bbe2,3146,68.0,38.0,interior,-0.0,-0.0,-0.0,-0.0,-0.0,-0.0
0,0,origin,0.0,26d76fa997d7fc33a9ff6a4b606fc4f31e3f1c0753050e330d97c92565c2bbe2,3147,69.0,38.0,interior,-0.0,-0.0,-0.0,-0.0,-0.0,-0.0
0,0,origin,0.0,26d76fa997d7fc33a9ff6a4b606fc4f31e3f1c0753050e330d97c92565c2bbe2,3148,70.0,38.0,interior,-0.0,-0.0,-0.0,-0.0,-0.0,-0.0
0,0,origin,0.0,26d76fa997d7fc33a9ff6a4b606fc4f31e3f1c0753050e330d97c92565c2bbe2,3149,71.0,38.0,interior,-0.0,-0.0,-0.0,-0.0,-0.0,-0.0
0,0,origin,0.0,26d76fa997d7fc33a9ff6a4b606fc4f31e3f1c0753050e330d97c92565c2bbe2,3150,72.0,38.0,interior,-0.0,-0.0,-0.0,-0.0,-0.0,-0.0
0,0,origin,0.0,26d76fa997d7fc33a9ff6a4b606fc4f31e3f1c0753050e330d97c92565c2bbe2,3151,73.0,38.0,interior,-0.0,-0.0,-0.0,-0.0,-0.0,-0.0
0,0,origin,0.0,26d76fa997d7fc33a9ff6a4b606fc4f31e3f1c0753050e330d97c92565c2bbe2,3152,74.0,38.0,interior,-0.0,-0.0,-0.0,-0.0,-0.0,-0.0
0,0,origin,0.0,26d76fa997d7fc33a9ff6a4b606fc4f31e3f1c0753050e330d97c92565c2bbe2,3153,75.0,38.0,interior,-0.0,-0.0,-0.0,-0.0,-0.0,-0.0
0,0,origin,0.0,26d76fa997d7fc33a9ff6a4b606fc4f31e3f1c0753050e330d97c92565c2bbe2,3154,76.0,38.0,interior,-0.0,-0.0,-0.0,-0.0,-0.0,-0.0
0,0,origin,0.0,26d76fa997d7fc33a9ff6a4b606fc4f31e3f1c0753050e330d97c92565c2bbe2,3155,77.0,38.0,interior,-0.0,-0.0,-0.0,-0.0,-0.0,-0.0
0,0,origin,0.0,26d76fa997d7fc33a9ff6a4b606fc4f31e3f1c0753050e330d97c92565c2bbe2,3156,78.0,38.0,interior,-0.0,-0.0,-0.0,-0.0,-0.0,-0.0
0,0,origin,0.0,26d76fa997d7fc33a9ff6a4b606fc4f31e3f1c0753050e330d97c92565c2bbe2,3157,79.0,38.0,interior,-0.0,-0.0,-0.0,-0.0,-0.0,-0.0
0,0,origin,0.0,26d76fa997d7fc33a9ff6a4b606fc4f31e3f1c0753050e330d97c92565c2bbe2,3158,80.0,38.0,physical_only,-0.0,-0.0,-0.0,-0.0,-0.0,-0.0
0,0,origin,0.0,26d76fa997d7fc33a9ff6a4b606fc4f31e3f1c0753050e330d97c92565c2bbe2,3223,64.0,39.0,physical_only,-0.0,-0.0,-0.0,-0.0,-0.0,-0.0
0,0,origin,0.0,26d76fa997d7fc33a9ff6a4b606fc4f31e3f1c0753050e330d97c92565c2bbe2,3224,65.0,39.0,interior,-0.0,-0.0,-0.0,-0.0,-0.0,-0.0
0,0,origin,0.0,26d76fa997d7fc33a9ff6a4b606fc4f31e3f1c0753050e330d97c92565c2bbe2,3225,66.0,39.0,interior,-0.0,-0.0,-0.0,-0.0,-0.0,-0.0
0,0,origin,0.0,26d76fa997d7fc33a9ff6a4b606fc4f31e3f1c0753050e330d97c92565c2bbe2,3226,67.0,39.0,interior,-0.0,-0.0,-0.0,-0.0,-0.0,-0.0
0,0,origin,0.0,26d76fa997d7fc33a9ff6a4b606fc4f31e3f1c0753050e330d97c92565c2bbe2,3227,68.0,39.0,interior,-0.0,-0.0,-0.0,-0.0,-0.0,-0.0
0,0,origin,0.0,26d76fa997d7fc33a9ff6a4b606fc4f31e3f1c0753050e330d97c92565c2bbe2,3228,69.0,39.0,interior,-0.0,-0.0,-0.0,-0.0,-0.0,-0.0
0,0,origin,0.0,26d76fa997d7fc33a9ff6a4b606fc4f31e3f1c0753050e330d97c92565c2bbe2,3229,70.0,39.0,interior,-0.0,-0.0,-0.0,-0.0,-0.0,-0.0
0,0,origin,0.0,26d76fa997d7fc33a9ff6a4b606fc4f31e3f1c0753050e330d97c92565c2bbe2,3230,71.0,39.0,interior,-0.0,-0.0,-0.0,-0.0,-0.0,-0.0
0,0,origin,0.0,26d76fa997d7fc33a9ff6a4b606fc4f31e3f1c0753050e330d97c92565c2bbe2,3231,72.0,39.0,interior,-0.0,-0.0,-0.0,-0.0,-0.0,-0.0
0,0,origin,0.0,26d76fa997d7fc33a9ff6a4b606fc4f31e3f1c0753050e330d97c92565c2bbe2,3232,73.0,39.0,interior,-0.0,-0.0,-0.0,-0.0,-0.0,-0.0
0,0,origin,0.0,26d76fa997d7fc33a9ff6a4b606fc4f31e3f1c0753050e330d97c92565c2bbe2,3233,74.0,39.0,interior,-0.0,-0.0,-0.0,-0.0,-0.0,-0.0
0,0,origin,0.0,26d76fa997d7fc33a9ff6a4b606fc4f31e3f1c0753050e330d97c92565c2bbe2,3234,75.0,39.0,interior,-0.0,-0.0,-0.0,-0.0,-0.0,-0.0
0,0,origin,0.0,26d76fa997d7fc33a9ff6a4b606fc4f31e3f1c0753050e330d97c92565c2bbe2,3235,76.0,39.0,interior,-0.0,-0.0,-0.0,-0.0,-0.0,-0.0
0,0,origin,0.0,26d76fa997d7fc33a9ff6a4b606fc4f31e3f1c0753050e330d97c92565c2bbe2,3236,77.0,39.0,interior,-0.0,-0.0,-0.0,-0.0,-0.0,-0.0
0,0,origin,0.0,26d76fa997d7fc33a9ff6a4b606fc4f31e3f1c0753050e330d97c92565c2bbe2,3237,78.0,39.0,interior,-0.0,-0.0,-0.0,-0.0,-0.0,-0.0
0,0,origin,0.0,26d76fa997d7fc33a9ff6a4b606fc4f31e3f1c0753050e330d97c92565c2bbe2,3238,79.0,39.0,interior,-0.0,-0.0,-0.0,-0.0,-0.0,-0.0
0,0,origin,0.0,26d76fa997d7fc33a9ff6a4b606fc4f31e3f1c0753050e330d97c92565c2bbe2,3239,80.0,39.0,physical_only,-0.0,-0.0,-0.0,-0.0,-0.0,-0.0
0,0,origin,0.0,26d76fa997d7fc33a9ff6a4b606fc4f31e3f1c0753050e330d97c92565c2bbe2,3304,64.0,40.0,physical_and_cut,-0.0,-0.0,-0.0,-0.0,-0.0,-0.0
0,0,origin,0.0,26d76fa997d7fc33a9ff6a4b606fc4f31e3f1c0753050e330d97c92565c2bbe2,3305,65.0,40.0,cut_only,-0.0,-0.0,-0.0,-0.0,-0.0,-0.0
0,0,origin,0.0,26d76fa997d7fc33a9ff6a4b606fc4f31e3f1c0753050e330d97c92565c2bbe2,3306,66.0,40.0,cut_only,-0.0,-0.0,-0.0,-0.0,-0.0,-0.0
0,0,origin,0.0,26d76fa997d7fc33a9ff6a4b606fc4f31e3f1c0753050e330d97c92565c2bbe2,3307,67.0,40.0,cut_only,-0.0,-0.0,-0.0,-0.0,-0.0,-0.0
0,0,origin,0.0,26d76fa997d7fc33a9ff6a4b606fc4f31e3f1c0753050e330d97c92565c2bbe2,3308,68.0,40.0,cut_only,-0.0,-0.0,-0.0,-0.0,-0.0,-0.0
0,0,origin,0.0,26d76fa997d7fc33a9ff6a4b606fc4f31e3f1c0753050e330d97c92565c2bbe2,3309,69.0,40.0,cut_only,-0.0,-0.0,-0.0,-0.0,-0.0,-0.0
0,0,origin,0.0,26d76fa997d7fc33a9ff6a4b606fc4f31e3f1c0753050e330d97c92565c2bbe2,3310,70.0,40.0,cut_only,-0.0,-0.0,-0.0,-0.0,-0.0,-0.0
0,0,origin,0.0,26d76fa997d7fc33a9ff6a4b606fc4f31e3f1c0753050e330d97c92565c2bbe2,3311,71.0,40.0,cut_only,-0.0,-0.0,-0.0,-0.0,-0.0,-0.0
0,0,origin,0.0,26d76fa997d7fc33a9ff6a4b606fc4f31e3f1c0753050e330d97c92565c2bbe2,3312,72.0,40.0,cut_only,-0.0,-0.0,-0.0,-0.0,-0.0,-0.0
0,0,origin,0.0,26d76fa997d7fc33a9ff6a4b606fc4f31e3f1c0753050e330d97c92565c2bbe2,3313,73.0,40.0,cut_only,-0.0,-0.0,-0.0,-0.0,-0.0,-0.0
0,0,origin,0.0,26d76fa997d7fc33a9ff6a4b606fc4f31e3f1c0753050e330d97c92565c2bbe2,3314,74.0,40.0,cut_only,-0.0,-0.0,-0.0,-0.0,-0.0,-0.0
0,0,origin,0.0,26d76fa997d7fc33a9ff6a4b606fc4f31e3f1c0753050e330d97c92565c2bbe2,3315,75.0,40.0,cut_only,-0.0,-0.0,-0.0,-0.0,-0.0,-0.0
0,0,origin,0.0,26d76fa997d7fc33a9ff6a4b606fc4f31e3f1c0753050e330d97c92565c2bbe2,3316,76.0,40.0,cut_only,-0.0,-0.0,-0.0,-0.0,-0.0,-0.0
0,0,origin,0.0,26d76fa997d7fc33a9ff6a4b606fc4f31e3f1c0753050e330d97c92565c2bbe2,3317,77.0,40.0,cut_only,-0.0,-0.0,-0.0,-0.0,-0.0,-0.0
0,0,origin,0.0,26d76fa997d7fc33a9ff6a4b606fc4f31e3f1c0753050e330d97c92565c2bbe2,3318,78.0,40.0,cut_only,-0.0,-0.0,-0.0,-0.0,-0.0,-0.0
0,0,origin,0.0,26d76fa997d7fc33a9ff6a4b606fc4f31e3f1c0753050e330d97c92565c2bbe2,3319,79.0,40.0,cut_only,-0.0,-0.0,-0.0,-0.0,-0.0,-0.0
0,0,origin,0.0,26d76fa997d7fc33a9ff6a4b606fc4f31e3f1c0753050e330d97c92565c2bbe2,3320,80.0,40.0,physical_and_cut,-0.0,-0.0,-0.0,-0.0,-0.0,-0.0
1,1,loading,0.5,6a54f91f87db358b1e38a20f68c47bab81e53d790be682d6ef83c078599eae26,2656,64.0,32.0,physical_only,-6.593463841281244e-05,3.4525109953453368e-06,-2.0351798250248956e-06,2.3570543198884967e-06,-6.389945858778756e-05,1.09545667545684e-06
1,1,loading,0.5,6a54f91f87db358b1e38a20f68c47bab81e53d790be682d6ef83c078599eae26,2657,65.0,32.0,physical_only,-7.994673376816298e-07,-1.2034888395913733e-06,-9.364348814875805e-07,2.5971572828888477e-06,1.369675438059508e-07,-3.8006461224802235e-06
1,1,loading,0.5,6a54f91f87db358b1e38a20f68c47bab81e53d790be682d6ef83c078599eae26,2658,66.0,32.0,physical_only,-9.584764725011242e-07,-1.2426075697932629e-06,-9.449875472868954e-07,3.0177983244265683e-06,-1.348892521422873e-08,-4.260405894219822e-06
1,1,loading,0.5,6a54f91f87db358b1e38a20f68c47bab81e53d790be682d6ef83c078599eae26,2659,67.0,32.0,physical_only,-1.1099090169033518e-06,-1.0152975320698262e-06,-9.535157022957383e-07,3.458407937544611e-06,-1.5639331460761336e-07,-4.473705469614437e-06
1,1,loading,0.5,6a54f91f87db358b1e38a20f68c47bab81e53d790be682d6ef83c078599eae26,2660,68.0,32.0,physical_only,-1.1329309024296313e-06,-7.168506358579601e-07,-9.614771849292782e-07,3.9192257468875555e-06,-1.7145371750035306e-07,-4.636076382745521e-06
1,1,loading,0.5,6a54f91f87db358b1e38a20f68c47bab81e53d790be682d6ef83c078599eae26,2661,69.0,32.0,physical_only,-1.1685231565412638e-06,-4.258789466200731e-07,-9.68655746760421e-07,4.3998604084313e-06,-1.9986740978084285e-07,-4.82573935505138e-06
1,1,loading,0.5,6a54f91f87db358b1e38a20f68c47bab81e53d790be682d6ef83c078599eae26,2662,70.0,32.0,physical_only,-1.207116931244181e-06,-8.800395080660404e-08,-9.750868608508041e-07,4.899811143898602e-06,-2.320300703933769e-07,-4.987815094705203e-06
1,1,loading,0.5,6a54f91f87db358b1e38a20f68c47bab81e53d790be682d6ef83c078599eae26,2663,71.0,32.0,physical_only,-1.2497000993849442e-06,2.996165048235424e-07,-9.807273437199733e-07,5.418530505721429e-06,-2.689727556649712e-07,-5.118914000897876e-06
1,1,loading,0.5,6a54f91f87db358b1e38a20f68c47bab81e53d790be682d6ef83c078599eae26,2664,72.0,32.0,physical_only,-1.2954707021149495e-06,7.398122561054553e-07,-9.855423718211165e-07,5.955352776101135e-06,-3.09928330293833e-07,-5.2155405199956885e-06
1,1,loading,0.5,6a54f91f87db358b1e38a20f68c47bab81e53d790be682d6ef83c078599eae26,2665,73.0,32.0,physical_only,-1.3620613601600757e-06,1.2983079496056894e-06,-9.89415351285736e-07,6.509389543590606e-06,-3.726460088743395e-07,-5.21108159398492e-06
1,1,loading,0.5,6a54f91f87db358b1e38a20f68c47bab81e53d790be682d6ef83c078599eae26,2666,74.0,32.0,physical_only,-1.2697479733500846e-06,1.906215999650571e-06,-9.924250812703063e-07,7.079611355764479e-06,-2.7732289207977823e-07,-5.173395356113908e-06
1,1,loading,0.5,6a54f91f87db358b1e38a20f68c47bab81e53d790be682d6ef83c078599eae26,2667,75.0,32.0,physical_only,-1.0719868003559983e-06,2.3079548457376236e-06,-9.949320062071428e-07,7.665358969586842e-06,-7.705479414885555e-08,-5.357404123849222e-06
1,1,loading,0.5,6a54f91f87db358b1e38a20f68c47bab81e53d790be682d6ef83c078599eae26,2668,76.0,32.0,physical_only,-8.385745423705948e-07,2.2681214686656373e-06,-9.978052943951916e-07,8.267393563702523e-06,1.5923075202459673e-07,-5.999272095036885e-06
1,1,loading,0.5,6a54f91f87db358b1e38a20f68c47bab81e53d790be682d6ef83c078599eae26,2669,77.0,32.0,physical_only,-8.354710080691663e-07,2.1222890750266293e-06,-1.001539328839531e-06,8.888156989981025e-06,1.6606832077036434e-07,-6.765867914954404e-06
1,1,loading,0.5,6a54f91f87db358b1e38a20f68c47bab81e53d790be682d6ef83c078599eae26,2670,78.0,32.0,physical_only,-8.919263578652491e-07,2.0933008560069724e-06,-1.0061741224662914e-06,9.530583957737917e-06,1.1424776460104219e-07,-7.437283101730945e-06
1,1,loading,0.5,6a54f91f87db358b1e38a20f68c47bab81e53d790be682d6ef83c078599eae26,2671,79.0,32.0,physical_only,-9.70360693178406e-07,2.192489595318072e-06,-1.0113944058645402e-06,1.019721895026927e-05,4.103371268613402e-08,-8.004729354951204e-06
1,1,loading,0.5,6a54f91f87db358b1e38a20f68c47bab81e53d790be682d6ef83c078599eae26,2672,80.0,32.0,physical_only,1.7295271240716415e-06,0.00012989576477413032,1.4585028576348044e-06,4.459284242620583e-06,2.710242664368371e-07,0.00012543648053150975
1,1,loading,0.5,6a54f91f87db358b1e38a20f68c47bab81e53d790be682d6ef83c078599eae26,2737,64.0,33.0,physical_only,-2.0396910860851812e-06,-4.3833700447214324e-07,-1.2432443065717168e-06,4.7189795242196033e-08,-7.964467795134643e-07,-4.855267997143395e-07
1,1,loading,0.5,6a54f91f87db358b1e38a20f68c47bab81e53d790be682d6ef83c078599eae26,2738,65.0,33.0,interior,-0.0,-0.0,-0.0,-0.0,-0.0,-0.0
1,1,loading,0.5,6a54f91f87db358b1e38a20f68c47bab81e53d790be682d6ef83c078599eae26,2739,66.0,33.0,interior,-0.0,-0.0,-0.0,-0.0,-0.0,-0.0
1,1,loading,0.5,6a54f91f87db358b1e38a20f68c47bab81e53d790be682d6ef83c078599eae26,2740,67.0,33.0,interior,-0.0,-0.0,-0.0,-0.0,-0.0,-0.0
1,1,loading,0.5,6a54f91f87db358b1e38a20f68c47bab81e53d790be682d6ef83c078599eae26,2741,68.0,33.0,interior,-0.0,-0.0,-0.0,-0.0,-0.0,-0.0
1,1,loading,0.5,6a54f91f87db358b1e38a20f68c47bab81e53d790be682d6ef83c078599eae26,2742,69.0,33.0,interior,-0.0,-0.0,-0.0,-0.0,-0.0,-0.0
1,1,loading,0.5,6a54f91f87db358b1e38a20f68c47bab81e53d790be682d6ef83c078599eae26,2743,70.0,33.0,interior,-0.0,-0.0,-0.0,-0.0,-0.0,-0.0
1,1,loading,0.5,6a54f91f87db358b1e38a20f68c47bab81e53d790be682d6ef83c078599eae26,2744,71.0,33.0,interior,-0.0,-0.0,-0.0,-0.0,-0.0,-0.0
1,1,loading,0.5,6a54f91f87db358b1e38a20f68c47bab81e53d790be682d6ef83c078599eae26,2745,72.0,33.0,interior,-0.0,-0.0,-0.0,-0.0,-0.0,-0.0
1,1,loading,0.5,6a54f91f87db358b1e38a20f68c47bab81e53d790be682d6ef83c078599eae26,2746,73.0,33.0,interior,-0.0,-0.0,-0.0,-0.0,-0.0,-0.0
1,1,loading,0.5,6a54f91f87db358b1e38a20f68c47bab81e53d790be682d6ef83c078599eae26,2747,74.0,33.0,interior,-0.0,-0.0,-0.0,-0.0,-0.0,-0.0
1,1,loading,0.5,6a54f91f87db358b1e38a20f68c47bab81e53d790be682d6ef83c078599eae26,2748,75.0,33.0,interior,-0.0,-0.0,-0.0,-0.0,-0.0,-0.0
1,1,loading,0.5,6a54f91f87db358b1e38a20f68c47bab81e53d790be682d6ef83c078599eae26,2749,76.0,33.0,interior,-0.0,-0.0,-0.0,-0.0,-0.0,-0.0
1,1,loading,0.5,6a54f91f87db358b1e38a20f68c47bab81e53d790be682d6ef83c078599eae26,2750,77.0,33.0,interior,-0.0,-0.0,-0.0,-0.0,-0.0,-0.0
1,1,loading,0.5,6a54f91f87db358b1e38a20f68c47bab81e53d790be682d6ef83c078599eae26,2751,78.0,33.0,interior,-0.0,-0.0,-0.0,-0.0,-0.0,-0.0
1,1,loading,0.5,6a54f91f87db358b1e38a20f68c47bab81e53d790be682d6ef83c078599eae26,2752,79.0,33.0,interior,-0.0,-0.0,-0.0,-0.0,-0.0,-0.0
1,1,loading,0.5,6a54f91f87db358b1e38a20f68c47bab81e53d790be682d6ef83c078599eae26,2753,80.0,33.0,physical_only,-0.0,-0.0,-0.0,-0.0,-0.0,-0.0
1,1,loading,0.5,6a54f91f87db358b1e38a20f68c47bab81e53d790be682d6ef83c078599eae26,2818,64.0,34.0,physical_only,-1.7331984069980745e-06,-2.0071532069901175e-07,-1.284531517790563e-06,3.87505316463211e-08,-4.486668892075113e-07,-2.394658523453328e-07
1,1,loading,0.5,6a54f91f87db358b1e38a20f68c47bab81e53d790be682d6ef83c078599eae26,2819,65.0,34.0,interior,-0.0,-0.0,-0.0,-0.0,-0.0,-0.0
1,1,loading,0.5,6a54f91f87db358b1e38a20f68c47bab81e53d790be682d6ef83c078599eae26,2820,66.0,34.0,interior,-0.0,-0.0,-0.0,-0.0,-0.0,-0.0
1,1,loading,0.5,6a54f91f87db358b1e38a20f68c47bab81e53d790be682d6ef83c078599eae26,2821,67.0,34.0,interior,-0.0,-0.0,-0.0,-0.0,-0.0,-0.0
1,1,loading,0.5,6a54f91f87db358b1e38a20f68c47bab81e53d790be682d6ef83c078599eae26,2822,68.0,34.0,interior,-0.0,-0.0,-0.0,-0.0,-0.0,-0.0
1,1,loading,0.5,6a54f91f87db358b1e38a20f68c47bab81e53d790be682d6ef83c078599eae26,2823,69.0,34.0,interior,-0.0,-0.0,-0.0,-0.0,-0.0,-0.0
1,1,loading,0.5,6a54f91f87db358b1e38a20f68c47bab81e53d790be682d6ef83c078599eae26,2824,70.0,34.0,interior,-0.0,-0.0,-0.0,-0.0,-0.0,-0.0
1,1,loading,0.5,6a54f91f87db358b1e38a20f68c47bab81e53d790be682d6ef83c078599eae26,2825,71.0,34.0,interior,-0.0,-0.0,-0.0,-0.0,-0.0,-0.0
1,1,loading,0.5,6a54f91f87db358b1e38a20f68c47bab81e53d790be682d6ef83c078599eae26,2826,72.0,34.0,interior,-0.0,-0.0,-0.0,-0.0,-0.0,-0.0
1,1,loading,0.5,6a54f91f87db358b1e38a20f68c47bab81e53d790be682d6ef83c078599eae26,2827,73.0,34.0,interior,-0.0,-0.0,-0.0,-0.0,-0.0,-0.0
1,1,loading,0.5,6a54f91f87db358b1e38a20f68c47bab81e53d790be682d6ef83c078599eae26,2828,74.0,34.0,interior,-0.0,-0.0,-0.0,-0.0,-0.0,-0.0
1,1,loading,0.5,6a54f91f87db358b1e38a20f68c47bab81e53d790be682d6ef83c078599eae26,2829,75.0,34.0,interior,-0.0,-0.0,-0.0,-0.0,-0.0,-0.0
1,1,loading,0.5,6a54f91f87db358b1e38a20f68c47bab81e53d790be682d6ef83c078599eae26,2830,76.0,34.0,interior,-0.0,-0.0,-0.0,-0.0,-0.0,-0.0
1,1,loading,0.5,6a54f91f87db358b1e38a20f68c47bab81e53d790be682d6ef83c078599eae26,2831,77.0,34.0,interior,-0.0,-0.0,-0.0,-0.0,-0.0,-0.0
1,1,loading,0.5,6a54f91f87db358b1e38a20f68c47bab81e53d790be682d6ef83c078599eae26,2832,78.0,34.0,interior,-0.0,-0.0,-0.0,-0.0,-0.0,-0.0
1,1,loading,0.5,6a54f91f87db358b1e38a20f68c47bab81e53d790be682d6ef83c078599eae26,2833,79.0,34.0,interior,-0.0,-0.0,-0.0,-0.0,-0.0,-0.0
1,1,loading,0.5,6a54f91f87db358b1e38a20f68c47bab81e53d790be682d6ef83c078599eae26,2834,80.0,34.0,physical_only,-0.0,-0.0,-0.0,-0.0,-0.0,-0.0
1,1,loading,0.5,6a54f91f87db358b1e38a20f68c47bab81e53d790be682d6ef83c078599eae26,2899,64.0,35.0,physical_only,-1.6583719448208632e-06,-9.520031630360862e-09,-1.3181235758224891e-06,3.250692530675127e-08,-3.402483689983743e-07,-4.202695693711197e-08
1,1,loading,0.5,6a54f91f87db358b1e38a20f68c47bab81e53d790be682d6ef83c078599eae26,2900,65.0,35.0,interior,-0.0,-0.0,-0.0,-0.0,-0.0,-0.0
1,1,loading,0.5,6a54f91f87db358b1e38a20f68c47bab81e53d790be682d6ef83c078599eae26,2901,66.0,35.0,interior,-0.0,-0.0,-0.0,-0.0,-0.0,-0.0
1,1,loading,0.5,6a54f91f87db358b1e38a20f68c47bab81e53d790be682d6ef83c078599eae26,2902,67.0,35.0,interior,-0.0,-0.0,-0.0,-0.0,-0.0,-0.0
1,1,loading,0.5,6a54f91f87db358b1e38a20f68c47bab81e53d790be682d6ef83c078599eae26,2903,68.0,35.0,interior,-0.0,-0.0,-0.0,-0.0,-0.0,-0.0
1,1,loading,0.5,6a54f91f87db358b1e38a20f68c47bab81e53d790be682d6ef83c078599eae26,2904,69.0,35.0,interior,-0.0,-0.0,-0.0,-0.0,-0.0,-0.0
1,1,loading,0.5,6a54f91f87db358b1e38a20f68c47bab81e53d790be682d6ef83c078599eae26,2905,70.0,35.0,interior,-0.0,-0.0,-0.0,-0.0,-0.0,-0.0
1,1,loading,0.5,6a54f91f87db358b1e38a20f68c47bab81e53d790be682d6ef83c078599eae26,2906,71.0,35.0,interior,-0.0,-0.0,-0.0,-0.0,-0.0,-0.0
1,1,loading,0.5,6a54f91f87db358b1e38a20f68c47bab81e53d790be682d6ef83c078599eae26,2907,72.0,35.0,interior,-0.0,-0.0,-0.0,-0.0,-0.0,-0.0
1,1,loading,0.5,6a54f91f87db358b1e38a20f68c47bab81e53d790be682d6ef83c078599eae26,2908,73.0,35.0,interior,-0.0,-0.0,-0.0,-0.0,-0.0,-0.0
1,1,loading,0.5,6a54f91f87db358b1e38a20f68c47bab81e53d790be682d6ef83c078599eae26,2909,74.0,35.0,interior,-0.0,-0.0,-0.0,-0.0,-0.0,-0.0
1,1,loading,0.5,6a54f91f87db358b1e38a20f68c47bab81e53d790be682d6ef83c078599eae26,2910,75.0,35.0,interior,-0.0,-0.0,-0.0,-0.0,-0.0,-0.0
1,1,loading,0.5,6a54f91f87db358b1e38a20f68c47bab81e53d790be682d6ef83c078599eae26,2911,76.0,35.0,interior,-0.0,-0.0,-0.0,-0.0,-0.0,-0.0
1,1,loading,0.5,6a54f91f87db358b1e38a20f68c47bab81e53d790be682d6ef83c078599eae26,2912,77.0,35.0,interior,-0.0,-0.0,-0.0,-0.0,-0.0,-0.0
1,1,loading,0.5,6a54f91f87db358b1e38a20f68c47bab81e53d790be682d6ef83c078599eae26,2913,78.0,35.0,interior,-0.0,-0.0,-0.0,-0.0,-0.0,-0.0
1,1,loading,0.5,6a54f91f87db358b1e38a20f68c47bab81e53d790be682d6ef83c078599eae26,2914,79.0,35.0,interior,-0.0,-0.0,-0.0,-0.0,-0.0,-0.0
1,1,loading,0.5,6a54f91f87db358b1e38a20f68c47bab81e53d790be682d6ef83c078599eae26,2915,80.0,35.0,physical_only,-0.0,-0.0,-0.0,-0.0,-0.0,-0.0
1,1,loading,0.5,6a54f91f87db358b1e38a20f68c47bab81e53d790be682d6ef83c078599eae26,2980,64.0,36.0,physical_only,-1.7081858148490652e-06,9.216534293654548e-08,-1.3460583730539033e-06,2.6883312012779434e-08,-3.621274417951617e-07,6.528203092376605e-08
1,1,loading,0.5,6a54f91f87db358b1e38a20f68c47bab81e53d790be682d6ef83c078599eae26,2981,65.0,36.0,interior,-0.0,-0.0,-0.0,-0.0,-0.0,-0.0
1,1,loading,0.5,6a54f91f87db358b1e38a20f68c47bab81e53d790be682d6ef83c078599eae26,2982,66.0,36.0,interior,-0.0,-0.0,-0.0,-0.0,-0.0,-0.0
1,1,loading,0.5,6a54f91f87db358b1e38a20f68c47bab81e53d790be682d6ef83c078599eae26,2983,67.0,36.0,interior,-0.0,-0.0,-0.0,-0.0,-0.0,-0.0
1,1,loading,0.5,6a54f91f87db358b1e38a20f68c47bab81e53d790be682d6ef83c078599eae26,2984,68.0,36.0,interior,-0.0,-0.0,-0.0,-0.0,-0.0,-0.0
1,1,loading,0.5,6a54f91f87db358b1e38a20f68c47bab81e53d790be682d6ef83c078599eae26,2985,69.0,36.0,interior,-0.0,-0.0,-0.0,-0.0,-0.0,-0.0
1,1,loading,0.5,6a54f91f87db358b1e38a20f68c47bab81e53d790be682d6ef83c078599eae26,2986,70.0,36.0,interior,-0.0,-0.0,-0.0,-0.0,-0.0,-0.0
1,1,loading,0.5,6a54f91f87db358b1e38a20f68c47bab81e53d790be682d6ef83c078599eae26,2987,71.0,36.0,interior,-0.0,-0.0,-0.0,-0.0,-0.0,-0.0
1,1,loading,0.5,6a54f91f87db358b1e38a20f68c47bab81e53d790be682d6ef83c078599eae26,2988,72.0,36.0,interior,-0.0,-0.0,-0.0,-0.0,-0.0,-0.0
1,1,loading,0.5,6a54f91f87db358b1e38a20f68c47bab81e53d790be682d6ef83c078599eae26,2989,73.0,36.0,interior,-0.0,-0.0,-0.0,-0.0,-0.0,-0.0
1,1,loading,0.5,6a54f91f87db358b1e38a20f68c47bab81e53d790be682d6ef83c078599eae26,2990,74.0,36.0,interior,-0.0,-0.0,-0.0,-0.0,-0.0,-0.0
1,1,loading,0.5,6a54f91f87db358b1e38a20f68c47bab81e53d790be682d6ef83c078599eae26,2991,75.0,36.0,interior,-0.0,-0.0,-0.0,-0.0,-0.0,-0.0
1,1,loading,0.5,6a54f91f87db358b1e38a20f68c47bab81e53d790be682d6ef83c078599eae26,2992,76.0,36.0,interior,-0.0,-0.0,-0.0,-0.0,-0.0,-0.0
1,1,loading,0.5,6a54f91f87db358b1e38a20f68c47bab81e53d790be682d6ef83c078599eae26,2993,77.0,36.0,interior,-0.0,-0.0,-0.0,-0.0,-0.0,-0.0
1,1,loading,0.5,6a54f91f87db358b1e38a20f68c47bab81e53d790be682d6ef83c078599eae26,2994,78.0,36.0,interior,-0.0,-0.0,-0.0,-0.0,-0.0,-0.0
1,1,loading,0.5,6a54f91f87db358b1e38a20f68c47bab81e53d790be682d6ef83c078599eae26,2995,79.0,36.0,interior,-0.0,-0.0,-0.0,-0.0,-0.0,-0.0
1,1,loading,0.5,6a54f91f87db358b1e38a20f68c47bab81e53d790be682d6ef83c078599eae26,2996,80.0,36.0,physical_only,-0.0,-0.0,-0.0,-0.0,-0.0,-0.0
1,1,loading,0.5,6a54f91f87db358b1e38a20f68c47bab81e53d790be682d6ef83c078599eae26,3061,64.0,37.0,physical_only,-1.7931275226099445e-06,1.1942215552047112e-07,-1.3686442078799295e-06,2.0963403081602472e-08,-4.2448331473001487e-07,9.84587524388686e-08
1,1,loading,0.5,6a54f91f87db358b1e38a20f68c47bab81e53d790be682d6ef83c078599eae26,3062,65.0,37.0,interior,-0.0,-0.0,-0.0,-0.0,-0.0,-0.0
1,1,loading,0.5,6a54f91f87db358b1e38a20f68c47bab81e53d790be682d6ef83c078599eae26,3063,66.0,37.0,interior,-0.0,-0.0,-0.0,-0.0,-0.0,-0.0
1,1,loading,0.5,6a54f91f87db358b1e38a20f68c47bab81e53d790be682d6ef83c078599eae26,3064,67.0,37.0,interior,-0.0,-0.0,-0.0,-0.0,-0.0,-0.0
1,1,loading,0.5,6a54f91f87db358b1e38a20f68c47bab81e53d790be682d6ef83c078599eae26,3065,68.0,37.0,interior,-0.0,-0.0,-0.0,-0.0,-0.0,-0.0
1,1,loading,0.5,6a54f91f87db358b1e38a20f68c47bab81e53d790be682d6ef83c078599eae26,3066,69.0,37.0,interior,-0.0,-0.0,-0.0,-0.0,-0.0,-0.0
1,1,loading,0.5,6a54f91f87db358b1e38a20f68c47bab81e53d790be682d6ef83c078599eae26,3067,70.0,37.0,interior,-0.0,-0.0,-0.0,-0.0,-0.0,-0.0
1,1,loading,0.5,6a54f91f87db358b1e38a20f68c47bab81e53d790be682d6ef83c078599eae26,3068,71.0,37.0,interior,-0.0,-0.0,-0.0,-0.0,-0.0,-0.0
1,1,loading,0.5,6a54f91f87db358b1e38a20f68c47bab81e53d790be682d6ef83c078599eae26,3069,72.0,37.0,interior,-0.0,-0.0,-0.0,-0.0,-0.0,-0.0
1,1,loading,0.5,6a54f91f87db358b1e38a20f68c47bab81e53d790be682d6ef83c078599eae26,3070,73.0,37.0,interior,-0.0,-0.0,-0.0,-0.0,-0.0,-0.0
1,1,loading,0.5,6a54f91f87db358b1e38a20f68c47bab81e53d790be682d6ef83c078599eae26,3071,74.0,37.0,interior,-0.0,-0.0,-0.0,-0.0,-0.0,-0.0
1,1,loading,0.5,6a54f91f87db358b1e38a20f68c47bab81e53d790be682d6ef83c078599eae26,3072,75.0,37.0,interior,-0.0,-0.0,-0.0,-0.0,-0.0,-0.0
1,1,loading,0.5,6a54f91f87db358b1e38a20f68c47bab81e53d790be682d6ef83c078599eae26,3073,76.0,37.0,interior,-0.0,-0.0,-0.0,-0.0,-0.0,-0.0
1,1,loading,0.5,6a54f91f87db358b1e38a20f68c47bab81e53d790be682d6ef83c078599eae26,3074,77.0,37.0,interior,-0.0,-0.0,-0.0,-0.0,-0.0,-0.0
1,1,loading,0.5,6a54f91f87db358b1e38a20f68c47bab81e53d790be682d6ef83c078599eae26,3075,78.0,37.0,interior,-0.0,-0.0,-0.0,-0.0,-0.0,-0.0
1,1,loading,0.5,6a54f91f87db358b1e38a20f68c47bab81e53d790be682d6ef83c078599eae26,3076,79.0,37.0,interior,-0.0,-0.0,-0.0,-0.0,-0.0,-0.0
1,1,loading,0.5,6a54f91f87db358b1e38a20f68c47bab81e53d790be682d6ef83c078599eae26,3077,80.0,37.0,physical_only,-0.0,-0.0,-0.0,-0.0,-0.0,-0.0
1,1,loading,0.5,6a54f91f87db358b1e38a20f68c47bab81e53d790be682d6ef83c078599eae26,3142,64.0,38.0,physical_only,-1.8674247603601605e-06,9.820957294354215e-08,-1.385412744361047e-06,1.4439517731030207e-08,-4.820120159991137e-07,8.377005521251194e-08
1,1,loading,0.5,6a54f91f87db358b1e38a20f68c47bab81e53d790be682d6ef83c078599eae26,3143,65.0,38.0,interior,-0.0,-0.0,-0.0,-0.0,-0.0,-0.0
1,1,loading,0.5,6a54f91f87db358b1e38a20f68c47bab81e53d790be682d6ef83c078599eae26,3144,66.0,38.0,interior,-0.0,-0.0,-0.0,-0.0,-0.0,-0.0
1,1,loading,0.5,6a54f91f87db358b1e38a20f68c47bab81e53d790be682d6ef83c078599eae26,3145,67.0,38.0,interior,-0.0,-0.0,-0.0,-0.0,-0.0,-0.0
1,1,loading,0.5,6a54f91f87db358b1e38a20f68c47bab81e53d790be682d6ef83c078599eae26,3146,68.0,38.0,interior,-0.0,-0.0,-0.0,-0.0,-0.0,-0.0
1,1,loading,0.5,6a54f91f87db358b1e38a20f68c47bab81e53d790be682d6ef83c078599eae26,3147,69.0,38.0,interior,-0.0,-0.0,-0.0,-0.0,-0.0,-0.0
1,1,loading,0.5,6a54f91f87db358b1e38a20f68c47bab81e53d790be682d6ef83c078599eae26,3148,70.0,38.0,interior,-0.0,-0.0,-0.0,-0.0,-0.0,-0.0
1,1,loading,0.5,6a54f91f87db358b1e38a20f68c47bab81e53d790be682d6ef83c078599eae26,3149,71.0,38.0,interior,-0.0,-0.0,-0.0,-0.0,-0.0,-0.0
1,1,loading,0.5,6a54f91f87db358b1e38a20f68c47bab81e53d790be682d6ef83c078599eae26,3150,72.0,38.0,interior,-0.0,-0.0,-0.0,-0.0,-0.0,-0.0
1,1,loading,0.5,6a54f91f87db358b1e38a20f68c47bab81e53d790be682d6ef83c078599eae26,3151,73.0,38.0,interior,-0.0,-0.0,-0.0,-0.0,-0.0,-0.0
1,1,loading,0.5,6a54f91f87db358b1e38a20f68c47bab81e53d790be682d6ef83c078599eae26,3152,74.0,38.0,interior,-0.0,-0.0,-0.0,-0.0,-0.0,-0.0
1,1,loading,0.5,6a54f91f87db358b1e38a20f68c47bab81e53d790be682d6ef83c078599eae26,3153,75.0,38.0,interior,-0.0,-0.0,-0.0,-0.0,-0.0,-0.0
1,1,loading,0.5,6a54f91f87db358b1e38a20f68c47bab81e53d790be682d6ef83c078599eae26,3154,76.0,38.0,interior,-0.0,-0.0,-0.0,-0.0,-0.0,-0.0
1,1,loading,0.5,6a54f91f87db358b1e38a20f68c47bab81e53d790be682d6ef83c078599eae26,3155,77.0,38.0,interior,-0.0,-0.0,-0.0,-0.0,-0.0,-0.0
1,1,loading,0.5,6a54f91f87db358b1e38a20f68c47bab81e53d790be682d6ef83c078599eae26,3156,78.0,38.0,interior,-0.0,-0.0,-0.0,-0.0,-0.0,-0.0
1,1,loading,0.5,6a54f91f87db358b1e38a20f68c47bab81e53d790be682d6ef83c078599eae26,3157,79.0,38.0,interior,-0.0,-0.0,-0.0,-0.0,-0.0,-0.0
1,1,loading,0.5,6a54f91f87db358b1e38a20f68c47bab81e53d790be682d6ef83c078599eae26,3158,80.0,38.0,physical_only,-0.0,-0.0,-0.0,-0.0,-0.0,-0.0
1,1,loading,0.5,6a54f91f87db358b1e38a20f68c47bab81e53d790be682d6ef83c078599eae26,3223,64.0,39.0,physical_only,-1.913081028206029e-06,5.318710950094218e-08,-1.395761921930489e-06,7.37141294117868e-09,-5.173191062755401e-07,4.581569655976323e-08
1,1,loading,0.5,6a54f91f87db358b1e38a20f68c47bab81e53d790be682d6ef83c078599eae26,3224,65.0,39.0,interior,-0.0,-0.0,-0.0,-0.0,-0.0,-0.0
1,1,loading,0.5,6a54f91f87db358b1e38a20f68c47bab81e53d790be682d6ef83c078599eae26,3225,66.0,39.0,interior,-0.0,-0.0,-0.0,-0.0,-0.0,-0.0
1,1,loading,0.5,6a54f91f87db358b1e38a20f68c47bab81e53d790be682d6ef83c078599eae26,3226,67.0,39.0,interior,-0.0,-0.0,-0.0,-0.0,-0.0,-0.0
1,1,loading,0.5,6a54f91f87db358b1e38a20f68c47bab81e53d790be682d6ef83c078599eae26,3227,68.0,39.0,interior,-0.0,-0.0,-0.0,-0.0,-0.0,-0.0
1,1,loading,0.5,6a54f91f87db358b1e38a20f68c47bab81e53d790be682d6ef83c078599eae26,3228,69.0,39.0,interior,-0.0,-0.0,-0.0,-0.0,-0.0,-0.0
1,1,loading,0.5,6a54f91f87db358b1e38a20f68c47bab81e53d790be682d6ef83c078599eae26,3229,70.0,39.0,interior,-0.0,-0.0,-0.0,-0.0,-0.0,-0.0
1,1,loading,0.5,6a54f91f87db358b1e38a20f68c47bab81e53d790be682d6ef83c078599eae26,3230,71.0,39.0,interior,-0.0,-0.0,-0.0,-0.0,-0.0,-0.0
1,1,loading,0.5,6a54f91f87db358b1e38a20f68c47bab81e53d790be682d6ef83c078599eae26,3231,72.0,39.0,interior,-0.0,-0.0,-0.0,-0.0,-0.0,-0.0
1,1,loading,0.5,6a54f91f87db358b1e38a20f68c47bab81e53d790be682d6ef83c078599eae26,3232,73.0,39.0,interior,-0.0,-0.0,-0.0,-0.0,-0.0,-0.0
1,1,loading,0.5,6a54f91f87db358b1e38a20f68c47bab81e53d790be682d6ef83c078599eae26,3233,74.0,39.0,interior,-0.0,-0.0,-0.0,-0.0,-0.0,-0.0
1,1,loading,0.5,6a54f91f87db358b1e38a20f68c47bab81e53d790be682d6ef83c078599eae26,3234,75.0,39.0,interior,-0.0,-0.0,-0.0,-0.0,-0.0,-0.0
1,1,loading,0.5,6a54f91f87db358b1e38a20f68c47bab81e53d790be682d6ef83c078599eae26,3235,76.0,39.0,interior,-0.0,-0.0,-0.0,-0.0,-0.0,-0.0
1,1,loading,0.5,6a54f91f87db358b1e38a20f68c47bab81e53d790be682d6ef83c078599eae26,3236,77.0,39.0,interior,-0.0,-0.0,-0.0,-0.0,-0.0,-0.0
1,1,loading,0.5,6a54f91f87db358b1e38a20f68c47bab81e53d790be682d6ef83c078599eae26,3237,78.0,39.0,interior,-0.0,-0.0,-0.0,-0.0,-0.0,-0.0
1,1,loading,0.5,6a54f91f87db358b1e38a20f68c47bab81e53d790be682d6ef83c078599eae26,3238,79.0,39.0,interior,-0.0,-0.0,-0.0,-0.0,-0.0,-0.0
1,1,loading,0.5,6a54f91f87db358b1e38a20f68c47bab81e53d790be682d6ef83c078599eae26,3239,80.0,39.0,physical_only,-0.0,-0.0,-0.0,-0.0,-0.0,-0.0
1,1,loading,0.5,6a54f91f87db358b1e38a20f68c47bab81e53d790be682d6ef83c078599eae26,3304,64.0,40.0,physical_and_cut,-9.639859710199288e-07,-1.4334526807286307e-06,-6.996308414336127e-07,-3.0389918778537824e-07,-2.6435512958631613e-07,-1.1295534929432523e-06
1,1,loading,0.5,6a54f91f87db358b1e38a20f68c47bab81e53d790be682d6ef83c078599eae26,3305,65.0,40.0,cut_only,-0.0,-0.0,-0.0,-0.0,-0.0,-0.0
1,1,loading,0.5,6a54f91f87db358b1e38a20f68c47bab81e53d790be682d6ef83c078599eae26,3306,66.0,40.0,cut_only,-0.0,-0.0,-0.0,-0.0,-0.0,-0.0
1,1,loading,0.5,6a54f91f87db358b1e38a20f68c47bab81e53d790be682d6ef83c078599eae26,3307,67.0,40.0,cut_only,-0.0,-0.0,-0.0,-0.0,-0.0,-0.0
1,1,loading,0.5,6a54f91f87db358b1e38a20f68c47bab81e53d790be682d6ef83c078599eae26,3308,68.0,40.0,cut_only,-0.0,-0.0,-0.0,-0.0,-0.0,-0.0
1,1,loading,0.5,6a54f91f87db358b1e38a20f68c47bab81e53d790be682d6ef83c078599eae26,3309,69.0,40.0,cut_only,-0.0,-0.0,-0.0,-0.0,-0.0,-0.0
1,1,loading,0.5,6a54f91f87db358b1e38a20f68c47bab81e53d790be682d6ef83c078599eae26,3310,70.0,40.0,cut_only,-0.0,-0.0,-0.0,-0.0,-0.0,-0.0
1,1,loading,0.5,6a54f91f87db358b1e38a20f68c47bab81e53d790be682d6ef83c078599eae26,3311,71.0,40.0,cut_only,-0.0,-0.0,-0.0,-0.0,-0.0,-0.0
1,1,loading,0.5,6a54f91f87db358b1e38a20f68c47bab81e53d790be682d6ef83c078599eae26,3312,72.0,40.0,cut_only,-0.0,-0.0,-0.0,-0.0,-0.0,-0.0
1,1,loading,0.5,6a54f91f87db358b1e38a20f68c47bab81e53d790be682d6ef83c078599eae26,3313,73.0,40.0,cut_only,-0.0,-0.0,-0.0,-0.0,-0.0,-0.0
1,1,loading,0.5,6a54f91f87db358b1e38a20f68c47bab81e53d790be682d6ef83c078599eae26,3314,74.0,40.0,cut_only,-0.0,-0.0,-0.0,-0.0,-0.0,-0.0
1,1,loading,0.5,6a54f91f87db358b1e38a20f68c47bab81e53d790be682d6ef83c078599eae26,3315,75.0,40.0,cut_only,-0.0,-0.0,-0.0,-0.0,-0.0,-0.0
1,1,loading,0.5,6a54f91f87db358b1e38a20f68c47bab81e53d790be682d6ef83c078599eae26,3316,76.0,40.0,cut_only,-0.0,-0.0,-0.0,-0.0,-0.0,-0.0
1,1,loading,0.5,6a54f91f87db358b1e38a20f68c47bab81e53d790be682d6ef83c078599eae26,3317,77.0,40.0,cut_only,-0.0,-0.0,-0.0,-0.0,-0.0,-0.0
1,1,loading,0.5,6a54f91f87db358b1e38a20f68c47bab81e53d790be682d6ef83c078599eae26,3318,78.0,40.0,cut_only,-0.0,-0.0,-0.0,-0.0,-0.0,-0.0
1,1,loading,0.5,6a54f91f87db358b1e38a20f68c47bab81e53d790be682d6ef83c078599eae26,3319,79.0,40.0,cut_only,-0.0,-0.0,-0.0,-0.0,-0.0,-0.0
1,1,loading,0.5,6a54f91f87db358b1e38a20f68c47bab81e53d790be682d6ef83c078599eae26,3320,80.0,40.0,physical_and_cut,-0.0,-0.0,-0.0,-0.0,-0.0,-0.0
2,2,loading,1.0,fa5ef6bc8d13808e21ba9345cb890413f223aa9af7f6b3c13f0109eeed3b06f2,2656,64.0,32.0,physical_only,-0.00015582250356180043,-2.9874580790101216e-05,-4.049044852715364e-06,5.436335231133563e-06,-0.00015177345870908505,-3.53109160212348e-05
2,2,loading,1.0,fa5ef6bc8d13808e21ba9345cb890413f223aa9af7f6b3c13f0109eeed3b06f2,2657,65.0,32.0,physical_only,-9.648210188830406e-07,-1.5947165411387212e-05,-2.1388126403701253e-06,6.0594863815927645e-06,1.1739916214870847e-06,-2.2006651792979973e-05
2,2,loading,1.0,fa5ef6bc8d13808e21ba9345cb890413f223aa9af7f6b3c13f0109eeed3b06f2,2658,66.0,32.0,physical_only,-1.34695314515681e-06,-1.898827720048639e-05,-2.172826888010377e-06,7.120898079123419e-06,8.258737428535676e-07,-2.61091752796098e-05
2,2,loading,1.0,fa5ef6bc8d13808e21ba9345cb890413f223aa9af7f6b3c13f0109eeed3b06f2,2659,67.0,32.0,physical_only,-1.8074621424563815e-06,-2.1624432309658024e-05,-2.2083976311057947e-06,8.28356424347171e-06,4.009354886494132e-07,-2.9907996553129728e-05
2,2,loading,1.0,fa5ef6bc8d13808e21ba9345cb890413f223aa9af7f6b3c13f0109eeed3b06f2,2660,68.0,32.0,physical_only,-1.855069599248676e-06,-2.4425933276706768e-05,-2.2445365982138947e-06,9.557451233677393e-06,3.894669989652188e-07,-3.3983384510384134e-05
2,2,loading,1.0,fa5ef6bc8d13808e21ba9345cb890413f223aa9af7f6b3c13f0109eeed3b06f2,2661,69.0,32.0,physical_only,-1.9646402218737627e-06,-2.7695545657597392e-05,-2.280959504222925e-06,1.0952896083099948e-05,3.1631928234916234e-07,-3.8648441740697366e-05
2,2,loading,1.0,fa5ef6bc8d13808e21ba9345cb890413f223aa9af7f6b3c13f0109eeed3b06f2,2662,70.0,32.0,physical_only,-2.1137538882397133e-06,-3.123308202552838e-05,-2.3178817228903767e-06,1.2481926339284788e-05,2.0412783465066302e-07,-4.371500836481318e-05
2,2,loading,1.0,fa5ef6bc8d13808e21ba9345cb890413f223aa9af7f6b3c13f0109eeed3b06f2,2663,71.0,32.0,physical_only,-2.315571103151626e-06,-3.5006814117711095e-05,-2.3553500757345137e-06,1.4158444236543012e-05,3.977897258288697e-08,-4.9165258354254054e-05
2,2,loading,1.0,fa5ef6bc8d13808e21ba9345cb890413f223aa9af7f6b3c13f0109eeed3b06f2,2664,72.0,32.0,physical_only,-2.5762066147327907e-06,-3.8969001909872785e-05,-2.3934367373926616e-06,1.599839115953968e-05,-1.8276987734012954e-07,-5.4967393069412526e-05
2,2,loading,1.0,fa5ef6bc8d13808e21ba9345cb890413f223aa9af7f6b3c13f0109eeed3b06f2,2665,73.0,32.0,physical_only,-3.01150552561792e-06,-4.269180932754777e-05,-2.431961061841469e-06,1.8019591866518162e-05,-5.795444637764499e-07,-6.071140119406589e-05
2,2,loading,1.0,fa5ef6bc8d13808e21ba9345cb890413f223aa9af7f6b3c13f0109eeed3b06f2,2666,74.0,32.0,physical_only,-2.58999448959028e-06,-4.641979508308424e-05,-2.471213402745304e-06,2.0242340067921892e-05,-1.1878108684497617e-07,-6.666213515100605e-05
2,2,loading,1.0,fa5ef6bc8d13808e21ba9345cb890413f223aa9af7f6b3c13f0109eeed3b06f2,2667,75.0,32.0,physical_only,-1.3748478420555133e-06,-5.177262463780573e-05,-2.512530526474364e-06,2.269239085376059e-05,1.1376826844188506e-06,-7.446501549156638e-05
2,2,loading,1.0,fa5ef6bc8d13808e21ba9345cb890413f223aa9af7f6b3c13f0109eeed3b06f2,2668,76.0,32.0,physical_only,3.7985738733761723e-07,-6.086152247448235e-05,-2.559117194183962e-06,2.5407798555537562e-05,2.9389745815215785e-06,-8.626932103001988e-05
2,2,loading,1.0,fa5ef6bc8d13808e21ba9345cb890413f223aa9af7f6b3c13f0109eeed3b06f2,2669,77.0,32.0,physical_only,7.827100957366671e-07,-7.213657312849973e-05,-2.6133838661028793e-06,2.8443107953973274e-05,3.3960939618395477e-06,-0.00010057968108247303
2,2,loading,1.0,fa5ef6bc8d13808e21ba9345cb890413f223aa9af7f6b3c13f0109eeed3b06f2,2670,78.0,32.0,physical_only,7.722129432862176e-07,-8.420760766906002e-05,-2.676467433800435e-06,3.1867497266956756e-05,3.4486803770866523e-06,-0.00011607510493601679
2,2,loading,1.0,fa5ef6bc8d13808e21ba9345cb890413f223aa9af7f6b3c13f0109eeed3b06f2,2671,79.0,32.0,physical_only,4.686796386056475e-07,-9.479725211444822e-05,-2.7477453365486534e-06,3.576241004763745e-05,3.2164249751543013e-06,-0.00013055966216208561
2,2,loading,1.0,fa5ef6bc8d13808e21ba9345cb890413f223aa9af7f6b3c13f0109eeed3b06f2,2672,80.0,32.0,physical_only,-1.8882826355673054e-05,0.001082380559742213,3.695399807064092e-06,1.4048366827605108e-05,-2.2578226162737148e-05,0.001068332192914608
2,2,loading,1.0,fa5ef6bc8d13808e21ba9345cb890413f223aa9af7f6b3c13f0109eeed3b06f2,2737,64.0,33.0,physical_only,-3.855118346168746e-06,-5.878198632018431e-07,-2.19559890078134e-06,4.193283100595671e-08,-1.6595194453874067e-06,-6.297526942077999e-07
2,2,loading,1.0,fa5ef6bc8d13808e21ba9345cb890413f223aa9af7f6b3c13f0109eeed3b06f2,2738,65.0,33.0,interior,-0.0,-0.0,-0.0,-0.0,-0.0,-0.0
2,2,loading,1.0,fa5ef6bc8d13808e21ba9345cb890413f223aa9af7f6b3c13f0109eeed3b06f2,2739,66.0,33.0,interior,-0.0,-0.0,-0.0,-0.0,-0.0,-0.0
2,2,loading,1.0,fa5ef6bc8d13808e21ba9345cb890413f223aa9af7f6b3c13f0109eeed3b06f2,2740,67.0,33.0,interior,-0.0,-0.0,-0.0,-0.0,-0.0,-0.0
2,2,loading,1.0,fa5ef6bc8d13808e21ba9345cb890413f223aa9af7f6b3c13f0109eeed3b06f2,2741,68.0,33.0,interior,-0.0,-0.0,-0.0,-0.0,-0.0,-0.0
2,2,loading,1.0,fa5ef6bc8d13808e21ba9345cb890413f223aa9af7f6b3c13f0109eeed3b06f2,2742,69.0,33.0,interior,-0.0,-0.0,-0.0,-0.0,-0.0,-0.0
2,2,loading,1.0,fa5ef6bc8d13808e21ba9345cb890413f223aa9af7f6b3c13f0109eeed3b06f2,2743,70.0,33.0,interior,-0.0,-0.0,-0.0,-0.0,-0.0,-0.0
2,2,loading,1.0,fa5ef6bc8d13808e21ba9345cb890413f223aa9af7f6b3c13f0109eeed3b06f2,2744,71.0,33.0,interior,-0.0,-0.0,-0.0,-0.0,-0.0,-0.0
2,2,loading,1.0,fa5ef6bc8d13808e21ba9345cb890413f223aa9af7f6b3c13f0109eeed3b06f2,2745,72.0,33.0,interior,-0.0,-0.0,-0.0,-0.0,-0.0,-0.0
2,2,loading,1.0,fa5ef6bc8d13808e21ba9345cb890413f223aa9af7f6b3c13f0109eeed3b06f2,2746,73.0,33.0,interior,-0.0,-0.0,-0.0,-0.0,-0.0,-0.0
2,2,loading,1.0,fa5ef6bc8d13808e21ba9345cb890413f223aa9af7f6b3c13f0109eeed3b06f2,2747,74.0,33.0,interior,-0.0,-0.0,-0.0,-0.0,-0.0,-0.0
2,2,loading,1.0,fa5ef6bc8d13808e21ba9345cb890413f223aa9af7f6b3c13f0109eeed3b06f2,2748,75.0,33.0,interior,-0.0,-0.0,-0.0,-0.0,-0.0,-0.0
2,2,loading,1.0,fa5ef6bc8d13808e21ba9345cb890413f223aa9af7f6b3c13f0109eeed3b06f2,2749,76.0,33.0,interior,-0.0,-0.0,-0.0,-0.0,-0.0,-0.0
2,2,loading,1.0,fa5ef6bc8d13808e21ba9345cb890413f223aa9af7f6b3c13f0109eeed3b06f2,2750,77.0,33.0,interior,-0.0,-0.0,-0.0,-0.0,-0.0,-0.0
2,2,loading,1.0,fa5ef6bc8d13808e21ba9345cb890413f223aa9af7f6b3c13f0109eeed3b06f2,2751,78.0,33.0,interior,-0.0,-0.0,-0.0,-0.0,-0.0,-0.0
2,2,loading,1.0,fa5ef6bc8d13808e21ba9345cb890413f223aa9af7f6b3c13f0109eeed3b06f2,2752,79.0,33.0,interior,-0.0,-0.0,-0.0,-0.0,-0.0,-0.0
2,2,loading,1.0,fa5ef6bc8d13808e21ba9345cb890413f223aa9af7f6b3c13f0109eeed3b06f2,2753,80.0,33.0,physical_only,-0.0,-0.0,-0.0,-0.0,-0.0,-0.0
2,2,loading,1.0,fa5ef6bc8d13808e21ba9345cb890413f223aa9af7f6b3c13f0109eeed3b06f2,2818,64.0,34.0,physical_only,-3.3959236096941794e-06,-2.35112690806919e-07,-2.300730723709537e-06,3.3633067337153496e-08,-1.0951928859846424e-06,-2.687457581440725e-07
2,2,loading,1.0,fa5ef6bc8d13808e21ba9345cb890413f223aa9af7f6b3c13f0109eeed3b06f2,2819,65.0,34.0,interior,-0.0,-0.0,-0.0,-0.0,-0.0,-0.0
2,2,loading,1.0,fa5ef6bc8d13808e21ba9345cb890413f223aa9af7f6b3c13f0109eeed3b06f2,2820,66.0,34.0,interior,-0.0,-0.0,-0.0,-0.0,-0.0,-0.0
2,2,loading,1.0,fa5ef6bc8d13808e21ba9345cb890413f223aa9af7f6b3c13f0109eeed3b06f2,2821,67.0,34.0,interior,-0.0,-0.0,-0.0,-0.0,-0.0,-0.0
2,2,loading,1.0,fa5ef6bc8d13808e21ba9345cb890413f223aa9af7f6b3c13f0109eeed3b06f2,2822,68.0,34.0,interior,-0.0,-0.0,-0.0,-0.0,-0.0,-0.0
2,2,loading,1.0,fa5ef6bc8d13808e21ba9345cb890413f223aa9af7f6b3c13f0109eeed3b06f2,2823,69.0,34.0,interior,-0.0,-0.0,-0.0,-0.0,-0.0,-0.0
2,2,loading,1.0,fa5ef6bc8d13808e21ba9345cb890413f223aa9af7f6b3c13f0109eeed3b06f2,2824,70.0,34.0,interior,-0.0,-0.0,-0.0,-0.0,-0.0,-0.0
2,2,loading,1.0,fa5ef6bc8d13808e21ba9345cb890413f223aa9af7f6b3c13f0109eeed3b06f2,2825,71.0,34.0,interior,-0.0,-0.0,-0.0,-0.0,-0.0,-0.0
2,2,loading,1.0,fa5ef6bc8d13808e21ba9345cb890413f223aa9af7f6b3c13f0109eeed3b06f2,2826,72.0,34.0,interior,-0.0,-0.0,-0.0,-0.0,-0.0,-0.0
2,2,loading,1.0,fa5ef6bc8d13808e21ba9345cb890413f223aa9af7f6b3c13f0109eeed3b06f2,2827,73.0,34.0,interior,-0.0,-0.0,-0.0,-0.0,-0.0,-0.0
2,2,loading,1.0,fa5ef6bc8d13808e21ba9345cb890413f223aa9af7f6b3c13f0109eeed3b06f2,2828,74.0,34.0,interior,-0.0,-0.0,-0.0,-0.0,-0.0,-0.0
2,2,loading,1.0,fa5ef6bc8d13808e21ba9345cb890413f223aa9af7f6b3c13f0109eeed3b06f2,2829,75.0,34.0,interior,-0.0,-0.0,-0.0,-0.0,-0.0,-0.0
2,2,loading,1.0,fa5ef6bc8d13808e21ba9345cb890413f223aa9af7f6b3c13f0109eeed3b06f2,2830,76.0,34.0,interior,-0.0,-0.0,-0.0,-0.0,-0.0,-0.0
2,2,loading,1.0,fa5ef6bc8d13808e21ba9345cb890413f223aa9af7f6b3c13f0109eeed3b06f2,2831,77.0,34.0,interior,-0.0,-0.0,-0.0,-0.0,-0.0,-0.0
2,2,loading,1.0,fa5ef6bc8d13808e21ba9345cb890413f223aa9af7f6b3c13f0109eeed3b06f2,2832,78.0,34.0,interior,-0.0,-0.0,-0.0,-0.0,-0.0,-0.0
2,2,loading,1.0,fa5ef6bc8d13808e21ba9345cb890413f223aa9af7f6b3c13f0109eeed3b06f2,2833,79.0,34.0,interior,-0.0,-0.0,-0.0,-0.0,-0.0,-0.0
2,2,loading,1.0,fa5ef6bc8d13808e21ba9345cb890413f223aa9af7f6b3c13f0109eeed3b06f2,2834,80.0,34.0,physical_only,-0.0,-0.0,-0.0,-0.0,-0.0,-0.0
2,2,loading,1.0,fa5ef6bc8d13808e21ba9345cb890413f223aa9af7f6b3c13f0109eeed3b06f2,2899,64.0,35.0,physical_only,-3.2842461261702185e-06,3.710165523552461e-08,-2.3870618870828825e-06,2.887285049075589e-08,-8.971842390873356e-07,8.228804744768718e-09
2,2,loading,1.0,fa5ef6bc8d13808e21ba9345cb890413f223aa9af7f6b3c13f0109eeed3b06f2,2900,65.0,35.0,interior,-0.0,-0.0,-0.0,-0.0,-0.0,-0.0
2,2,loading,1.0,fa5ef6bc8d13808e21ba9345cb890413f223aa9af7f6b3c13f0109eeed3b06f2,2901,66.0,35.0,interior,-0.0,-0.0,-0.0,-0.0,-0.0,-0.0
2,2,loading,1.0,fa5ef6bc8d13808e21ba9345cb890413f223aa9af7f6b3c13f0109eeed3b06f2,2902,67.0,35.0,interior,-0.0,-0.0,-0.0,-0.0,-0.0,-0.0
2,2,loading,1.0,fa5ef6bc8d13808e21ba9345cb890413f223aa9af7f6b3c13f0109eeed3b06f2,2903,68.0,35.0,interior,-0.0,-0.0,-0.0,-0.0,-0.0,-0.0
2,2,loading,1.0,fa5ef6bc8d13808e21ba9345cb890413f223aa9af7f6b3c13f0109eeed3b06f2,2904,69.0,35.0,interior,-0.0,-0.0,-0.0,-0.0,-0.0,-0.0
2,2,loading,1.0,fa5ef6bc8d13808e21ba9345cb890413f223aa9af7f6b3c13f0109eeed3b06f2,2905,70.0,35.0,interior,-0.0,-0.0,-0.0,-0.0,-0.0,-0.0
2,2,loading,1.0,fa5ef6bc8d13808e21ba9345cb890413f223aa9af7f6b3c13f0109eeed3b06f2,2906,71.0,35.0,interior,-0.0,-0.0,-0.0,-0.0,-0.0,-0.0
2,2,loading,1.0,fa5ef6bc8d13808e21ba9345cb890413f223aa9af7f6b3c13f0109eeed3b06f2,2907,72.0,35.0,interior,-0.0,-0.0,-0.0,-0.0,-0.0,-0.0
2,2,loading,1.0,fa5ef6bc8d13808e21ba9345cb890413f223aa9af7f6b3c13f0109eeed3b06f2,2908,73.0,35.0,interior,-0.0,-0.0,-0.0,-0.0,-0.0,-0.0
2,2,loading,1.0,fa5ef6bc8d13808e21ba9345cb890413f223aa9af7f6b3c13f0109eeed3b06f2,2909,74.0,35.0,interior,-0.0,-0.0,-0.0,-0.0,-0.0,-0.0
2,2,loading,1.0,fa5ef6bc8d13808e21ba9345cb890413f223aa9af7f6b3c13f0109eeed3b06f2,2910,75.0,35.0,interior,-0.0,-0.0,-0.0,-0.0,-0.0,-0.0
2,2,loading,1.0,fa5ef6bc8d13808e21ba9345cb890413f223aa9af7f6b3c13f0109eeed3b06f2,2911,76.0,35.0,interior,-0.0,-0.0,-0.0,-0.0,-0.0,-0.0
2,2,loading,1.0,fa5ef6bc8d13808e21ba9345cb890413f223aa9af7f6b3c13f0109eeed3b06f2,2912,77.0,35.0,interior,-0.0,-0.0,-0.0,-0.0,-0.0,-0.0
2,2,loading,1.0,fa5ef6bc8d13808e21ba9345cb890413f223aa9af7f6b3c13f0109eeed3b06f2,2913,78.0,35.0,interior,-0.0,-0.0,-0.0,-0.0,-0.0,-0.0
2,2,loading,1.0,fa5ef6bc8d13808e21ba9345cb890413f223aa9af7f6b3c13f0109eeed3b06f2,2914,79.0,35.0,interior,-0.0,-0.0,-0.0,-0.0,-0.0,-0.0
2,2,loading,1.0,fa5ef6bc8d13808e21ba9345cb890413f223aa9af7f6b3c13f0109eeed3b06f2,2915,80.0,35.0,physical_only,-0.0,-0.0,-0.0,-0.0,-0.0,-0.0
2,2,loading,1.0,fa5ef6bc8d13808e21ba9345cb890413f223aa9af7f6b3c13f0109eeed3b06f2,2980,64.0,36.0,physical_only,-3.3543885045947084e-06,1.7443371541992123e-07,-2.4581837051667017e-06,2.495874917484247e-08,-8.962047994280067e-07,1.494749662450788e-07
2,2,loading,1.0,fa5ef6bc8d13808e21ba9345cb890413f223aa9af7f6b3c13f0109eeed3b06f2,2981,65.0,36.0,interior,-0.0,-0.0,-0.0,-0.0,-0.0,-0.0
2,2,loading,1.0,fa5ef6bc8d13808e21ba9345cb890413f223aa9af7f6b3c13f0109eeed3b06f2,2982,66.0,36.0,interior,-0.0,-0.0,-0.0,-0.0,-0.0,-0.0
2,2,loading,1.0,fa5ef6bc8d13808e21ba9345cb890413f223aa9af7f6b3c13f0109eeed3b06f2,2983,67.0,36.0,interior,-0.0,-0.0,-0.0,-0.0,-0.0,-0.0
2,2,loading,1.0,fa5ef6bc8d13808e21ba9345cb890413f223aa9af7f6b3c13f0109eeed3b06f2,2984,68.0,36.0,interior,-0.0,-0.0,-0.0,-0.0,-0.0,-0.0
2,2,loading,1.0,fa5ef6bc8d13808e21ba9345cb890413f223aa9af7f6b3c13f0109eeed3b06f2,2985,69.0,36.0,interior,-0.0,-0.0,-0.0,-0.0,-0.0,-0.0
2,2,loading,1.0,fa5ef6bc8d13808e21ba9345cb890413f223aa9af7f6b3c13f0109eeed3b06f2,2986,70.0,36.0,interior,-0.0,-0.0,-0.0,-0.0,-0.0,-0.0
2,2,loading,1.0,fa5ef6bc8d13808e21ba9345cb890413f223aa9af7f6b3c13f0109eeed3b06f2,2987,71.0,36.0,interior,-0.0,-0.0,-0.0,-0.0,-0.0,-0.0
2,2,loading,1.0,fa5ef6bc8d13808e21ba9345cb890413f223aa9af7f6b3c13f0109eeed3b06f2,2988,72.0,36.0,interior,-0.0,-0.0,-0.0,-0.0,-0.0,-0.0
2,2,loading,1.0,fa5ef6bc8d13808e21ba9345cb890413f223aa9af7f6b3c13f0109eeed3b06f2,2989,73.0,36.0,interior,-0.0,-0.0,-0.0,-0.0,-0.0,-0.0
2,2,loading,1.0,fa5ef6bc8d13808e21ba9345cb890413f223aa9af7f6b3c13f0109eeed3b06f2,2990,74.0,36.0,interior,-0.0,-0.0,-0.0,-0.0,-0.0,-0.0
2,2,loading,1.0,fa5ef6bc8d13808e21ba9345cb890413f223aa9af7f6b3c13f0109eeed3b06f2,2991,75.0,36.0,interior,-0.0,-0.0,-0.0,-0.0,-0.0,-0.0
2,2,loading,1.0,fa5ef6bc8d13808e21ba9345cb890413f223aa9af7f6b3c13f0109eeed3b06f2,2992,76.0,36.0,interior,-0.0,-0.0,-0.0,-0.0,-0.0,-0.0
2,2,loading,1.0,fa5ef6bc8d13808e21ba9345cb890413f223aa9af7f6b3c13f0109eeed3b06f2,2993,77.0,36.0,interior,-0.0,-0.0,-0.0,-0.0,-0.0,-0.0
2,2,loading,1.0,fa5ef6bc8d13808e21ba9345cb890413f223aa9af7f6b3c13f0109eeed3b06f2,2994,78.0,36.0,interior,-0.0,-0.0,-0.0,-0.0,-0.0,-0.0
2,2,loading,1.0,fa5ef6bc8d13808e21ba9345cb890413f223aa9af7f6b3c13f0109eeed3b06f2,2995,79.0,36.0,interior,-0.0,-0.0,-0.0,-0.0,-0.0,-0.0
2,2,loading,1.0,fa5ef6bc8d13808e21ba9345cb890413f223aa9af7f6b3c13f0109eeed3b06f2,2996,80.0,36.0,physical_only,-0.0,-0.0,-0.0,-0.0,-0.0,-0.0
2,2,loading,1.0,fa5ef6bc8d13808e21ba9345cb890413f223aa9af7f6b3c13f0109eeed3b06f2,3061,64.0,37.0,physical_only,-3.4748711246266988e-06,2.02834802216055e-07,-2.5147794528611e-06,2.0325645361450984e-08,-9.600916717655987e-07,1.82509156854604e-07
2,2,loading,1.0,fa5ef6bc8d13808e21ba9345cb890413f223aa9af7f6b3c13f0109eeed3b06f2,3062,65.0,37.0,interior,-0.0,-0.0,-0.0,-0.0,-0.0,-0.0
2,2,loading,1.0,fa5ef6bc8d13808e21ba9345cb890413f223aa9af7f6b3c13f0109eeed3b06f2,3063,66.0,37.0,interior,-0.0,-0.0,-0.0,-0.0,-0.0,-0.0
2,2,loading,1.0,fa5ef6bc8d13808e21ba9345cb890413f223aa9af7f6b3c13f0109eeed3b06f2,3064,67.0,37.0,interior,-0.0,-0.0,-0.0,-0.0,-0.0,-0.0
2,2,loading,1.0,fa5ef6bc8d13808e21ba9345cb890413f223aa9af7f6b3c13f0109eeed3b06f2,3065,68.0,37.0,interior,-0.0,-0.0,-0.0,-0.0,-0.0,-0.0
2,2,loading,1.0,fa5ef6bc8d13808e21ba9345cb890413f223aa9af7f6b3c13f0109eeed3b06f2,3066,69.0,37.0,interior,-0.0,-0.0,-0.0,-0.0,-0.0,-0.0
2,2,loading,1.0,fa5ef6bc8d13808e21ba9345cb890413f223aa9af7f6b3c13f0109eeed3b06f2,3067,70.0,37.0,interior,-0.0,-0.0,-0.0,-0.0,-0.0,-0.0
2,2,loading,1.0,fa5ef6bc8d13808e21ba9345cb890413f223aa9af7f6b3c13f0109eeed3b06f2,3068,71.0,37.0,interior,-0.0,-0.0,-0.0,-0.0,-0.0,-0.0
2,2,loading,1.0,fa5ef6bc8d13808e21ba9345cb890413f223aa9af7f6b3c13f0109eeed3b06f2,3069,72.0,37.0,interior,-0.0,-0.0,-0.0,-0.0,-0.0,-0.0
2,2,loading,1.0,fa5ef6bc8d13808e21ba9345cb890413f223aa9af7f6b3c13f0109eeed3b06f2,3070,73.0,37.0,interior,-0.0,-0.0,-0.0,-0.0,-0.0,-0.0
2,2,loading,1.0,fa5ef6bc8d13808e21ba9345cb890413f223aa9af7f6b3c13f0109eeed3b06f2,3071,74.0,37.0,interior,-0.0,-0.0,-0.0,-0.0,-0.0,-0.0
2,2,loading,1.0,fa5ef6bc8d13808e21ba9345cb890413f223aa9af7f6b3c13f0109eeed3b06f2,3072,75.0,37.0,interior,-0.0,-0.0,-0.0,-0.0,-0.0,-0.0
2,2,loading,1.0,fa5ef6bc8d13808e21ba9345cb890413f223aa9af7f6b3c13f0109eeed3b06f2,3073,76.0,37.0,interior,-0.0,-0.0,-0.0,-0.0,-0.0,-0.0
2,2,loading,1.0,fa5ef6bc8d13808e21ba9345cb890413f223aa9af7f6b3c13f0109eeed3b06f2,3074,77.0,37.0,interior,-0.0,-0.0,-0.0,-0.0,-0.0,-0.0
2,2,loading,1.0,fa5ef6bc8d13808e21ba9345cb890413f223aa9af7f6b3c13f0109eeed3b06f2,3075,78.0,37.0,interior,-0.0,-0.0,-0.0,-0.0,-0.0,-0.0
2,2,loading,1.0,fa5ef6bc8d13808e21ba9345cb890413f223aa9af7f6b3c13f0109eeed3b06f2,3076,79.0,37.0,interior,-0.0,-0.0,-0.0,-0.0,-0.0,-0.0
2,2,loading,1.0,fa5ef6bc8d13808e21ba9345cb890413f223aa9af7f6b3c13f0109eeed3b06f2,3077,80.0,37.0,physical_only,-0.0,-0.0,-0.0,-0.0,-0.0,-0.0
2,2,loading,1.0,fa5ef6bc8d13808e21ba9345cb890413f223aa9af7f6b3c13f0109eeed3b06f2,3142,64.0,38.0,physical_only,-3.5798227939395777e-06,1.614877135972107e-07,-2.5561913890926995e-06,1.446748592411626e-08,-1.023631404846878e-06,1.4702022767309452e-07
2,2,loading,1.0,fa5ef6bc8d13808e21ba9345cb890413f223aa9af7f6b3c13f0109eeed3b06f2,3143,65.0,38.0,interior,-0.0,-0.0,-0.0,-0.0,-0.0,-0.0
2,2,loading,1.0,fa5ef6bc8d13808e21ba9345cb890413f223aa9af7f6b3c13f0109eeed3b06f2,3144,66.0,38.0,interior,-0.0,-0.0,-0.0,-0.0,-0.0,-0.0
2,2,loading,1.0,fa5ef6bc8d13808e21ba9345cb890413f223aa9af7f6b3c13f0109eeed3b06f2,3145,67.0,38.0,interior,-0.0,-0.0,-0.0,-0.0,-0.0,-0.0
2,2,loading,1.0,fa5ef6bc8d13808e21ba9345cb890413f223aa9af7f6b3c13f0109eeed3b06f2,3146,68.0,38.0,interior,-0.0,-0.0,-0.0,-0.0,-0.0,-0.0
2,2,loading,1.0,fa5ef6bc8d13808e21ba9345cb890413f223aa9af7f6b3c13f0109eeed3b06f2,3147,69.0,38.0,interior,-0.0,-0.0,-0.0,-0.0,-0.0,-0.0
2,2,loading,1.0,fa5ef6bc8d13808e21ba9345cb890413f223aa9af7f6b3c13f0109eeed3b06f2,3148,70.0,38.0,interior,-0.0,-0.0,-0.0,-0.0,-0.0,-0.0
2,2,loading,1.0,fa5ef6bc8d13808e21ba9345cb890413f223aa9af7f6b3c13f0109eeed3b06f2,3149,71.0,38.0,interior,-0.0,-0.0,-0.0,-0.0,-0.0,-0.0
2,2,loading,1.0,fa5ef6bc8d13808e21ba9345cb890413f223aa9af7f6b3c13f0109eeed3b06f2,3150,72.0,38.0,interior,-0.0,-0.0,-0.0,-0.0,-0.0,-0.0
2,2,loading,1.0,fa5ef6bc8d13808e21ba9345cb890413f223aa9af7f6b3c13f0109eeed3b06f2,3151,73.0,38.0,interior,-0.0,-0.0,-0.0,-0.0,-0.0,-0.0
2,2,loading,1.0,fa5ef6bc8d13808e21ba9345cb890413f223aa9af7f6b3c13f0109eeed3b06f2,3152,74.0,38.0,interior,-0.0,-0.0,-0.0,-0.0,-0.0,-0.0
2,2,loading,1.0,fa5ef6bc8d13808e21ba9345cb890413f223aa9af7f6b3c13f0109eeed3b06f2,3153,75.0,38.0,interior,-0.0,-0.0,-0.0,-0.0,-0.0,-0.0
2,2,loading,1.0,fa5ef6bc8d13808e21ba9345cb890413f223aa9af7f6b3c13f0109eeed3b06f2,3154,76.0,38.0,interior,-0.0,-0.0,-0.0,-0.0,-0.0,-0.0
2,2,loading,1.0,fa5ef6bc8d13808e21ba9345cb890413f223aa9af7f6b3c13f0109eeed3b06f2,3155,77.0,38.0,interior,-0.0,-0.0,-0.0,-0.0,-0.0,-0.0
2,2,loading,1.0,fa5ef6bc8d13808e21ba9345cb890413f223aa9af7f6b3c13f0109eeed3b06f2,3156,78.0,38.0,interior,-0.0,-0.0,-0.0,-0.0,-0.0,-0.0
2,2,loading,1.0,fa5ef6bc8d13808e21ba9345cb890413f223aa9af7f6b3c13f0109eeed3b06f2,3157,79.0,38.0,interior,-0.0,-0.0,-0.0,-0.0,-0.0,-0.0
2,2,loading,1.0,fa5ef6bc8d13808e21ba9345cb890413f223aa9af7f6b3c13f0109eeed3b06f2,3158,80.0,38.0,physical_only,-0.0,-0.0,-0.0,-0.0,-0.0,-0.0
2,2,loading,1.0,fa5ef6bc8d13808e21ba9345cb890413f223aa9af7f6b3c13f0109eeed3b06f2,3223,64.0,39.0,physical_only,-3.6439846512087475e-06,8.641726841714286e-08,-2.581492406099215e-06,7.532448819019452e-09,-1.0624922451095319e-06,7.888481959812333e-08
2,2,loading,1.0,fa5ef6bc8d13808e21ba9345cb890413f223aa9af7f6b3c13f0109eeed3b06f2,3224,65.0,39.0,interior,-0.0,-0.0,-0.0,-0.0,-0.0,-0.0
2,2,loading,1.0,fa5ef6bc8d13808e21ba9345cb890413f223aa9af7f6b3c13f0109eeed3b06f2,3225,66.0,39.0,interior,-0.0,-0.0,-0.0,-0.0,-0.0,-0.0
2,2,loading,1.0,fa5ef6bc8d13808e21ba9345cb890413f223aa9af7f6b3c13f0109eeed3b06f2,3226,67.0,39.0,interior,-0.0,-0.0,-0.0,-0.0,-0.0,-0.0
2,2,loading,1.0,fa5ef6bc8d13808e21ba9345cb890413f223aa9af7f6b3c13f0109eeed3b06f2,3227,68.0,39.0,interior,-0.0,-0.0,-0.0,-0.0,-0.0,-0.0
2,2,loading,1.0,fa5ef6bc8d13808e21ba9345cb890413f223aa9af7f6b3c13f0109eeed3b06f2,3228,69.0,39.0,interior,-0.0,-0.0,-0.0,-0.0,-0.0,-0.0
2,2,loading,1.0,fa5ef6bc8d13808e21ba9345cb890413f223aa9af7f6b3c13f0109eeed3b06f2,3229,70.0,39.0,interior,-0.0,-0.0,-0.0,-0.0,-0.0,-0.0
2,2,loading,1.0,fa5ef6bc8d13808e21ba9345cb890413f223aa9af7f6b3c13f0109eeed3b06f2,3230,71.0,39.0,interior,-0.0,-0.0,-0.0,-0.0,-0.0,-0.0
2,2,loading,1.0,fa5ef6bc8d13808e21ba9345cb890413f223aa9af7f6b3c13f0109eeed3b06f2,3231,72.0,39.0,interior,-0.0,-0.0,-0.0,-0.0,-0.0,-0.0
2,2,loading,1.0,fa5ef6bc8d13808e21ba9345cb890413f223aa9af7f6b3c13f0109eeed3b06f2,3232,73.0,39.0,interior,-0.0,-0.0,-0.0,-0.0,-0.0,-0.0
2,2,loading,1.0,fa5ef6bc8d13808e21ba9345cb890413f223aa9af7f6b3c13f0109eeed3b06f2,3233,74.0,39.0,interior,-0.0,-0.0,-0.0,-0.0,-0.0,-0.0
2,2,loading,1.0,fa5ef6bc8d13808e21ba9345cb890413f223aa9af7f6b3c13f0109eeed3b06f2,3234,75.0,39.0,interior,-0.0,-0.0,-0.0,-0.0,-0.0,-0.0
2,2,loading,1.0,fa5ef6bc8d13808e21ba9345cb890413f223aa9af7f6b3c13f0109eeed3b06f2,3235,76.0,39.0,interior,-0.0,-0.0,-0.0,-0.0,-0.0,-0.0
2,2,loading,1.0,fa5ef6bc8d13808e21ba9345cb890413f223aa9af7f6b3c13f0109eeed3b06f2,3236,77.0,39.0,interior,-0.0,-0.0,-0.0,-0.0,-0.0,-0.0
2,2,loading,1.0,fa5ef6bc8d13808e21ba9345cb890413f223aa9af7f6b3c13f0109eeed3b06f2,3237,78.0,39.0,interior,-0.0,-0.0,-0.0,-0.0,-0.0,-0.0
2,2,loading,1.0,fa5ef6bc8d13808e21ba9345cb890413f223aa9af7f6b3c13f0109eeed3b06f2,3238,79.0,39.0,interior,-0.0,-0.0,-0.0,-0.0,-0.0,-0.0
2,2,loading,1.0,fa5ef6bc8d13808e21ba9345cb890413f223aa9af7f6b3c13f0109eeed3b06f2,3239,80.0,39.0,physical_only,-0.0,-0.0,-0.0,-0.0,-0.0,-0.0
2,2,loading,1.0,fa5ef6bc8d13808e21ba9345cb890413f223aa9af7f6b3c13f0109eeed3b06f2,3304,64.0,40.0,physical_and_cut,-1.8324178417935818e-06,-8.435701011678502e-07,-1.2950027132945588e-06,-5.766655081471868e-07,-5.374151284990231e-07,-2.6690459302066334e-07
2,2,loading,1.0,fa5ef6bc8d13808e21ba9345cb890413f223aa9af7f6b3c13f0109eeed3b06f2,3305,65.0,40.0,cut_only,-0.0,-0.0,-0.0,-0.0,-0.0,-0.0
2,2,loading,1.0,fa5ef6bc8d13808e21ba9345cb890413f223aa9af7f6b3c13f0109eeed3b06f2,3306,66.0,40.0,cut_only,-0.0,-0.0,-0.0,-0.0,-0.0,-0.0
2,2,loading,1.0,fa5ef6bc8d13808e21ba9345cb890413f223aa9af7f6b3c13f0109eeed3b06f2,3307,67.0,40.0,cut_only,-0.0,-0.0,-0.0,-0.0,-0.0,-0.0
2,2,loading,1.0,fa5ef6bc8d13808e21ba9345cb890413f223aa9af7f6b3c13f0109eeed3b06f2,3308,68.0,40.0,cut_only,-0.0,-0.0,-0.0,-0.0,-0.0,-0.0
2,2,loading,1.0,fa5ef6bc8d13808e21ba9345cb890413f223aa9af7f6b3c13f0109eeed3b06f2,3309,69.0,40.0,cut_only,-0.0,-0.0,-0.0,-0.0,-0.0,-0.0
2,2,loading,1.0,fa5ef6bc8d13808e21ba9345cb890413f223aa9af7f6b3c13f0109eeed3b06f2,3310,70.0,40.0,cut_only,-0.0,-0.0,-0.0,-0.0,-0.0,-0.0
2,2,loading,1.0,fa5ef6bc8d13808e21ba9345cb890413f223aa9af7f6b3c13f0109eeed3b06f2,3311,71.0,40.0,cut_only,-0.0,-0.0,-0.0,-0.0,-0.0,-0.0
2,2,loading,1.0,fa5ef6bc8d13808e21ba9345cb890413f223aa9af7f6b3c13f0109eeed3b06f2,3312,72.0,40.0,cut_only,-0.0,-0.0,-0.0,-0.0,-0.0,-0.0
2,2,loading,1.0,fa5ef6bc8d13808e21ba9345cb890413f223aa9af7f6b3c13f0109eeed3b06f2,3313,73.0,40.0,cut_only,-0.0,-0.0,-0.0,-0.0,-0.0,-0.0
2,2,loading,1.0,fa5ef6bc8d13808e21ba9345cb890413f223aa9af7f6b3c13f0109eeed3b06f2,3314,74.0,40.0,cut_only,-0.0,-0.0,-0.0,-0.0,-0.0,-0.0
2,2,loading,1.0,fa5ef6bc8d13808e21ba9345cb890413f223aa9af7f6b3c13f0109eeed3b06f2,3315,75.0,40.0,cut_only,-0.0,-0.0,-0.0,-0.0,-0.0,-0.0
2,2,loading,1.0,fa5ef6bc8d13808e21ba9345cb890413f223aa9af7f6b3c13f0109eeed3b06f2,3316,76.0,40.0,cut_only,-0.0,-0.0,-0.0,-0.0,-0.0,-0.0
2,2,loading,1.0,fa5ef6bc8d13808e21ba9345cb890413f223aa9af7f6b3c13f0109eeed3b06f2,3317,77.0,40.0,cut_only,-0.0,-0.0,-0.0,-0.0,-0.0,-0.0
2,2,loading,1.0,fa5ef6bc8d13808e21ba9345cb890413f223aa9af7f6b3c13f0109eeed3b06f2,3318,78.0,40.0,cut_only,-0.0,-0.0,-0.0,-0.0,-0.0,-0.0
2,2,loading,1.0,fa5ef6bc8d13808e21ba9345cb890413f223aa9af7f6b3c13f0109eeed3b06f2,3319,79.0,40.0,cut_only,-0.0,-0.0,-0.0,-0.0,-0.0,-0.0
2,2,loading,1.0,fa5ef6bc8d13808e21ba9345cb890413f223aa9af7f6b3c13f0109eeed3b06f2,3320,80.0,40.0,physical_and_cut,-0.0,-0.0,-0.0,-0.0,-0.0,-0.0
3,3,loading,1.5,9ea6a95c1c3b9d7dc968855c5562f7bdba8eb67fe5e60752dc6eca8d4b77386f,2656,64.0,32.0,physical_only,-0.0002751487409541354,-0.0001361688976327715,-6.001178576946242e-06,9.611044917674127e-06,-0.00026914756237718927,-0.00014577994255044564
3,3,loading,1.5,9ea6a95c1c3b9d7dc968855c5562f7bdba8eb67fe5e60752dc6eca8d4b77386f,2657,65.0,32.0,physical_only,1.379227204986238e-06,-6.710214864885905e-05,-3.701237030921268e-06,1.0863240918820439e-05,5.080464235907507e-06,-7.796538956767948e-05
3,3,loading,1.5,9ea6a95c1c3b9d7dc968855c5562f7bdba8eb67fe5e60752dc6eca8d4b77386f,2658,66.0,32.0,physical_only,1.1102390403417415e-06,-8.560129825447085e-05,-3.798315846892764e-06,1.301713744838782e-05,4.90855488723451e-06,-9.861843570285864e-05
3,3,loading,1.5,9ea6a95c1c3b9d7dc968855c5562f7bdba8eb67fe5e60752dc6eca8d4b77386f,2659,67.0,32.0,physical_only,4.673542114138357e-07,-0.00010618974174771644,-3.9034025871149e-06,1.5531805318315425e-05,4.370756798528732e-06,-0.00012172154706603189
3,3,loading,1.5,9ea6a95c1c3b9d7dc968855c5562f7bdba8eb67fe5e60752dc6eca8d4b77386f,2660,68.0,32.0,physical_only,9.928223353283789e-07,-0.00013074125750569773,-4.016826492239164e-06,1.8483775148127156e-05,5.009648827567539e-06,-0.00014922503265382486
3,3,loading,1.5,9ea6a95c1c3b9d7dc968855c5562f7bdba8eb67fe5e60752dc6eca8d4b77386f,2661,69.0,32.0,physical_only,1.3985325285567697e-06,-0.00016086885025761192,-4.140659744900273e-06,2.197316239210251e-05,5.539192273457039e-06,-0.0001828420126497144
3,3,loading,1.5,9ea6a95c1c3b9d7dc968855c5562f7bdba8eb67fe5e60752dc6eca8d4b77386f,2662,70.0,32.0,physical_only,1.7244939485359557e-06,-0.0001966873741238793,-4.278447886521225e-06,2.6135553599390592e-05,6.002941835057184e-06,-0.00022282292772326986
3,3,loading,1.5,9ea6a95c1c3b9d7dc968855c5562f7bdba8eb67fe5e60752dc6eca8d4b77386f,2663,71.0,32.0,physical_only,1.913958655610732e-06,-0.00023884157696460787,-4.434510749708101e-06,3.1156542779742665e-05,6.3484694053188284e-06,-0.00026999811974435053
3,3,loading,1.5,9ea6a95c1c3b9d7dc968855c5562f7bdba8eb67fe5e60752dc6eca8d4b77386f,2664,72.0,32.0,physical_only,1.9391989958828513e-06,-0.0002879216244024347,-4.614814859614094e-06,3.729561967413425e-05,6.554013855496955e-06,-0.0003252172440765689
3,3,loading,1.5,9ea6a95c1c3b9d7dc968855c5562f7bdba8eb67fe5e60752dc6eca8d4b77386f,2665,73.0,32.0,physical_only,1.3342762737598621e-06,-0.0003429411247632961,-4.827074164001991e-06,4.492279979963414e-05,6.161350437761855e-06,-0.00038786392456293035
3,3,loading,1.5,9ea6a95c1c3b9d7dc968855c5562f7bdba8eb67fe5e60752dc6eca8d4b77386f,2666,74.0,32.0,physical_only,4.512391845841595e-06,-0.00040543988151157864,-5.0837581078897955e-06,5.4584458706482464e-05,9.596149953731392e-06,-0.00046002434021806104
3,3,loading,1.5,9ea6a95c1c3b9d7dc968855c5562f7bdba8eb67fe5e60752dc6eca8d4b77386f,2667,75.0,32.0,physical_only,1.20013984796041e-05,-0.0004842926329067,-5.40762439153173e-06,6.713725056515871e-05,1.7409022871135835e-05,-0.0005514298834718586
3,3,loading,1.5,9ea6a95c1c3b9d7dc968855c5562f7bdba8eb67fe5e60752dc6eca8d4b77386f,2668,76.0,32.0,physical_only,2.2966187479029788e-05,-0.0005928051676816122,-5.841266812573822e-06,8.40334969757377e-05,2.8807454291603614e-05,-0.0006768386646573499
3,3,loading,1.5,9ea6a95c1c3b9d7dc968855c5562f7bdba8eb67fe5e60752dc6eca8d4b77386f,2669,77.0,32.0,physical_only,2.695836532119698e-05,-0.0007247291904673666,-6.4524704483444265e-06,0.00010789167404160128,3.3410835769541404e-05,-0.000832620864508968
3,3,loading,1.5,9ea6a95c1c3b9d7dc968855c5562f7bdba8eb67fe5e60752dc6eca8d4b77386f,2670,78.0,32.0,physical_only,2.8588842120428313e-05,-0.0008703724764441536,-7.361633062014003e-06,0.00014378560261150373,3.595047518244231e-05,-0.0010141580790556564
3,3,loading,1.5,9ea6a95c1c3b9d7dc968855c5562f7bdba8eb67fe5e60752dc6eca8d4b77386f,2671,79.0,32.0,physical_only,2.3894979332013676e-05,-0.0009432834582016169,-8.779983954173475e-06,0.0002024546937922518,3.267496328618718e-05,-0.0011457381519938683
3,3,loading,1.5,9ea6a95c1c3b9d7dc968855c5562f7bdba8eb67fe5e60752dc6eca8d4b77386f,2672,80.0,32.0,physical_only,-0.00022737128791432143,0.0069035239818045265,7.922416429491179e-06,7.290287660834593e-05,-0.00023529370434381263,0.00683062110519618
3,3,loading,1.5,9ea6a95c1c3b9d7dc968855c5562f7bdba8eb67fe5e60752dc6eca8d4b77386f,2737,64.0,33.0,physical_only,-5.826647591006502e-06,-2.6638604846426755e-07,-2.778635557818682e-06,-2.070382636637836e-08,-3.0480120331878213e-06,-2.456822220978892e-07
3,3,loading,1.5,9ea6a95c1c3b9d7dc968855c5562f7bdba8eb67fe5e60752dc6eca8d4b77386f,2738,65.0,33.0,interior,-0.0,-0.0,-0.0,-0.0,-0.0,-0.0
3,3,loading,1.5,9ea6a95c1c3b9d7dc968855c5562f7bdba8eb67fe5e60752dc6eca8d4b77386f,2739,66.0,33.0,interior,-0.0,-0.0,-0.0,-0.0,-0.0,-0.0
3,3,loading,1.5,9ea6a95c1c3b9d7dc968855c5562f7bdba8eb67fe5e60752dc6eca8d4b77386f,2740,67.0,33.0,interior,-0.0,-0.0,-0.0,-0.0,-0.0,-0.0
3,3,loading,1.5,9ea6a95c1c3b9d7dc968855c5562f7bdba8eb67fe5e60752dc6eca8d4b77386f,2741,68.0,33.0,interior,-0.0,-0.0,-0.0,-0.0,-0.0,-0.0
3,3,loading,1.5,9ea6a95c1c3b9d7dc968855c5562f7bdba8eb67fe5e60752dc6eca8d4b77386f,2742,69.0,33.0,interior,-0.0,-0.0,-0.0,-0.0,-0.0,-0.0
3,3,loading,1.5,9ea6a95c1c3b9d7dc968855c5562f7bdba8eb67fe5e60752dc6eca8d4b77386f,2743,70.0,33.0,interior,-0.0,-0.0,-0.0,-0.0,-0.0,-0.0
3,3,loading,1.5,9ea6a95c1c3b9d7dc968855c5562f7bdba8eb67fe5e60752dc6eca8d4b77386f,2744,71.0,33.0,interior,-0.0,-0.0,-0.0,-0.0,-0.0,-0.0
3,3,loading,1.5,9ea6a95c1c3b9d7dc968855c5562f7bdba8eb67fe5e60752dc6eca8d4b77386f,2745,72.0,33.0,interior,-0.0,-0.0,-0.0,-0.0,-0.0,-0.0
3,3,loading,1.5,9ea6a95c1c3b9d7dc968855c5562f7bdba8eb67fe5e60752dc6eca8d4b77386f,2746,73.0,33.0,interior,-0.0,-0.0,-0.0,-0.0,-0.0,-0.0
3,3,loading,1.5,9ea6a95c1c3b9d7dc968855c5562f7bdba8eb67fe5e60752dc6eca8d4b77386f,2747,74.0,33.0,interior,-0.0,-0.0,-0.0,-0.0,-0.0,-0.0
3,3,loading,1.5,9ea6a95c1c3b9d7dc968855c5562f7bdba8eb67fe5e60752dc6eca8d4b77386f,2748,75.0,33.0,interior,-0.0,-0.0,-0.0,-0.0,-0.0,-0.0
3,3,loading,1.5,9ea6a95c1c3b9d7dc968855c5562f7bdba8eb67fe5e60752dc6eca8d4b77386f,2749,76.0,33.0,interior,-0.0,-0.0,-0.0,-0.0,-0.0,-0.0
3,3,loading,1.5,9ea6a95c1c3b9d7dc968855c5562f7bdba8eb67fe5e60752dc6eca8d4b77386f,2750,77.0,33.0,interior,-0.0,-0.0,-0.0,-0.0,-0.0,-0.0
3,3,loading,1.5,9ea6a95c1c3b9d7dc968855c5562f7bdba8eb67fe5e60752dc6eca8d4b77386f,2751,78.0,33.0,interior,-0.0,-0.0,-0.0,-0.0,-0.0,-0.0
3,3,loading,1.5,9ea6a95c1c3b9d7dc968855c5562f7bdba8eb67fe5e60752dc6eca8d4b77386f,2752,79.0,33.0,interior,-0.0,-0.0,-0.0,-0.0,-0.0,-0.0
3,3,loading,1.5,9ea6a95c1c3b9d7dc968855c5562f7bdba8eb67fe5e60752dc6eca8d4b77386f,2753,80.0,33.0,physical_only,-0.0,-0.0,-0.0,-0.0,-0.0,-0.0
3,3,loading,1.5,9ea6a95c1c3b9d7dc968855c5562f7bdba8eb67fe5e60752dc6eca8d4b77386f,2818,64.0,34.0,physical_only,-5.276857861483163e-06,2.9590110357646974e-08,-2.9910611349749386e-06,-1.8127499622238342e-08,-2.2857967265082227e-06,4.7717609979884786e-08
3,3,loading,1.5,9ea6a95c1c3b9d7dc968855c5562f7bdba8eb67fe5e60752dc6eca8d4b77386f,2819,65.0,34.0,interior,-0.0,-0.0,-0.0,-0.0,-0.0,-0.0
3,3,loading,1.5,9ea6a95c1c3b9d7dc968855c5562f7bdba8eb67fe5e60752dc6eca8d4b77386f,2820,66.0,34.0,interior,-0.0,-0.0,-0.0,-0.0,-0.0,-0.0
3,3,loading,1.5,9ea6a95c1c3b9d7dc968855c5562f7bdba8eb67fe5e60752dc6eca8d4b77386f,2821,67.0,34.0,interior,-0.0,-0.0,-0.0,-0.0,-0.0,-0.0
3,3,loading,1.5,9ea6a95c1c3b9d7dc968855c5562f7bdba8eb67fe5e60752dc6eca8d4b77386f,2822,68.0,34.0,interior,-0.0,-0.0,-0.0,-0.0,-0.0,-0.0
3,3,loading,1.5,9ea6a95c1c3b9d7dc968855c5562f7bdba8eb67fe5e60752dc6eca8d4b77386f,2823,69.0,34.0,interior,-0.0,-0.0,-0.0,-0.0,-0.0,-0.0
3,3,loading,1.5,9ea6a95c1c3b9d7dc968855c5562f7bdba8eb67fe5e60752dc6eca8d4b77386f,2824,70.0,34.0,interior,-0.0,-0.0,-0.0,-0.0,-0.0,-0.0
3,3,loading,1.5,9ea6a95c1c3b9d7dc968855c5562f7bdba8eb67fe5e60752dc6eca8d4b77386f,2825,71.0,34.0,interior,-0.0,-0.0,-0.0,-0.0,-0.0,-0.0
3,3,loading,1.5,9ea6a95c1c3b9d7dc968855c5562f7bdba8eb67fe5e60752dc6eca8d4b77386f,2826,72.0,34.0,interior,-0.0,-0.0,-0.0,-0.0,-0.0,-0.0
3,3,loading,1.5,9ea6a95c1c3b9d7dc968855c5562f7bdba8eb67fe5e60752dc6eca8d4b77386f,2827,73.0,34.0,interior,-0.0,-0.0,-0.0,-0.0,-0.0,-0.0
3,3,loading,1.5,9ea6a95c1c3b9d7dc968855c5562f7bdba8eb67fe5e60752dc6eca8d4b77386f,2828,74.0,34.0,interior,-0.0,-0.0,-0.0,-0.0,-0.0,-0.0
3,3,loading,1.5,9ea6a95c1c3b9d7dc968855c5562f7bdba8eb67fe5e60752dc6eca8d4b77386f,2829,75.0,34.0,interior,-0.0,-0.0,-0.0,-0.0,-0.0,-0.0
3,3,loading,1.5,9ea6a95c1c3b9d7dc968855c5562f7bdba8eb67fe5e60752dc6eca8d4b77386f,2830,76.0,34.0,interior,-0.0,-0.0,-0.0,-0.0,-0.0,-0.0
3,3,loading,1.5,9ea6a95c1c3b9d7dc968855c5562f7bdba8eb67fe5e60752dc6eca8d4b77386f,2831,77.0,34.0,interior,-0.0,-0.0,-0.0,-0.0,-0.0,-0.0
3,3,loading,1.5,9ea6a95c1c3b9d7dc968855c5562f7bdba8eb67fe5e60752dc6eca8d4b77386f,2832,78.0,34.0,interior,-0.0,-0.0,-0.0,-0.0,-0.0,-0.0
3,3,loading,1.5,9ea6a95c1c3b9d7dc968855c5562f7bdba8eb67fe5e60752dc6eca8d4b77386f,2833,79.0,34.0,interior,-0.0,-0.0,-0.0,-0.0,-0.0,-0.0
3,3,loading,1.5,9ea6a95c1c3b9d7dc968855c5562f7bdba8eb67fe5e60752dc6eca8d4b77386f,2834,80.0,34.0,physical_only,-0.0,-0.0,-0.0,-0.0,-0.0,-0.0
3,3,loading,1.5,9ea6a95c1c3b9d7dc968855c5562f7bdba8eb67fe5e60752dc6eca8d4b77386f,2899,64.0,35.0,physical_only,-5.091828714669532e-06,2.4815862371318094e-07,-3.1666635616781765e-06,-1.2580181230103163e-08,-1.925165152991356e-06,2.607388049432843e-07
3,3,loading,1.5,9ea6a95c1c3b9d7dc968855c5562f7bdba8eb67fe5e60752dc6eca8d4b77386f,2900,65.0,35.0,interior,-0.0,-0.0,-0.0,-0.0,-0.0,-0.0
3,3,loading,1.5,9ea6a95c1c3b9d7dc968855c5562f7bdba8eb67fe5e60752dc6eca8d4b77386f,2901,66.0,35.0,interior,-0.0,-0.0,-0.0,-0.0,-0.0,-0.0
3,3,loading,1.5,9ea6a95c1c3b9d7dc968855c5562f7bdba8eb67fe5e60752dc6eca8d4b77386f,2902,67.0,35.0,interior,-0.0,-0.0,-0.0,-0.0,-0.0,-0.0
3,3,loading,1.5,9ea6a95c1c3b9d7dc968855c5562f7bdba8eb67fe5e60752dc6eca8d4b77386f,2903,68.0,35.0,interior,-0.0,-0.0,-0.0,-0.0,-0.0,-0.0
3,3,loading,1.5,9ea6a95c1c3b9d7dc968855c5562f7bdba8eb67fe5e60752dc6eca8d4b77386f,2904,69.0,35.0,interior,-0.0,-0.0,-0.0,-0.0,-0.0,-0.0
3,3,loading,1.5,9ea6a95c1c3b9d7dc968855c5562f7bdba8eb67fe5e60752dc6eca8d4b77386f,2905,70.0,35.0,interior,-0.0,-0.0,-0.0,-0.0,-0.0,-0.0
3,3,loading,1.5,9ea6a95c1c3b9d7dc968855c5562f7bdba8eb67fe5e60752dc6eca8d4b77386f,2906,71.0,35.0,interior,-0.0,-0.0,-0.0,-0.0,-0.0,-0.0
3,3,loading,1.5,9ea6a95c1c3b9d7dc968855c5562f7bdba8eb67fe5e60752dc6eca8d4b77386f,2907,72.0,35.0,interior,-0.0,-0.0,-0.0,-0.0,-0.0,-0.0
3,3,loading,1.5,9ea6a95c1c3b9d7dc968855c5562f7bdba8eb67fe5e60752dc6eca8d4b77386f,2908,73.0,35.0,interior,-0.0,-0.0,-0.0,-0.0,-0.0,-0.0
3,3,loading,1.5,9ea6a95c1c3b9d7dc968855c5562f7bdba8eb67fe5e60752dc6eca8d4b77386f,2909,74.0,35.0,interior,-0.0,-0.0,-0.0,-0.0,-0.0,-0.0
3,3,loading,1.5,9ea6a95c1c3b9d7dc968855c5562f7bdba8eb67fe5e60752dc6eca8d4b77386f,2910,75.0,35.0,interior,-0.0,-0.0,-0.0,-0.0,-0.0,-0.0
3,3,loading,1.5,9ea6a95c1c3b9d7dc968855c5562f7bdba8eb67fe5e60752dc6eca8d4b77386f,2911,76.0,35.0,interior,-0.0,-0.0,-0.0,-0.0,-0.0,-0.0
3,3,loading,1.5,9ea6a95c1c3b9d7dc968855c5562f7bdba8eb67fe5e60752dc6eca8d4b77386f,2912,77.0,35.0,interior,-0.0,-0.0,-0.0,-0.0,-0.0,-0.0
3,3,loading,1.5,9ea6a95c1c3b9d7dc968855c5562f7bdba8eb67fe5e60752dc6eca8d4b77386f,2913,78.0,35.0,interior,-0.0,-0.0,-0.0,-0.0,-0.0,-0.0
3,3,loading,1.5,9ea6a95c1c3b9d7dc968855c5562f7bdba8eb67fe5e60752dc6eca8d4b77386f,2914,79.0,35.0,interior,-0.0,-0.0,-0.0,-0.0,-0.0,-0.0
3,3,loading,1.5,9ea6a95c1c3b9d7dc968855c5562f7bdba8eb67fe5e60752dc6eca8d4b77386f,2915,80.0,35.0,physical_only,-0.0,-0.0,-0.0,-0.0,-0.0,-0.0
3,3,loading,1.5,9ea6a95c1c3b9d7dc968855c5562f7bdba8eb67fe5e60752dc6eca8d4b77386f,2980,64.0,36.0,physical_only,-5.105780964408587e-06,3.3679830408972227e-07,-3.309958475058086e-06,-6.858168691074457e-09,-1.7958224893505018e-06,3.4365647278079694e-07
3,3,loading,1.5,9ea6a95c1c3b9d7dc968855c5562f7bdba8eb67fe5e60752dc6eca8d4b77386f,2981,65.0,36.0,interior,-0.0,-0.0,-0.0,-0.0,-0.0,-0.0
3,3,loading,1.5,9ea6a95c1c3b9d7dc968855c5562f7bdba8eb67fe5e60752dc6eca8d4b77386f,2982,66.0,36.0,interior,-0.0,-0.0,-0.0,-0.0,-0.0,-0.0
3,3,loading,1.5,9ea6a95c1c3b9d7dc968855c5562f7bdba8eb67fe5e60752dc6eca8d4b77386f,2983,67.0,36.0,interior,-0.0,-0.0,-0.0,-0.0,-0.0,-0.0
3,3,loading,1.5,9ea6a95c1c3b9d7dc968855c5562f7bdba8eb67fe5e60752dc6eca8d4b77386f,2984,68.0,36.0,interior,-0.0,-0.0,-0.0,-0.0,-0.0,-0.0
3,3,loading,1.5,9ea6a95c1c3b9d7dc968855c5562f7bdba8eb67fe5e60752dc6eca8d4b77386f,2985,69.0,36.0,interior,-0.0,-0.0,-0.0,-0.0,-0.0,-0.0
3,3,loading,1.5,9ea6a95c1c3b9d7dc968855c5562f7bdba8eb67fe5e60752dc6eca8d4b77386f,2986,70.0,36.0,interior,-0.0,-0.0,-0.0,-0.0,-0.0,-0.0
3,3,loading,1.5,9ea6a95c1c3b9d7dc968855c5562f7bdba8eb67fe5e60752dc6eca8d4b77386f,2987,71.0,36.0,interior,-0.0,-0.0,-0.0,-0.0,-0.0,-0.0
3,3,loading,1.5,9ea6a95c1c3b9d7dc968855c5562f7bdba8eb67fe5e60752dc6eca8d4b77386f,2988,72.0,36.0,interior,-0.0,-0.0,-0.0,-0.0,-0.0,-0.0
3,3,loading,1.5,9ea6a95c1c3b9d7dc968855c5562f7bdba8eb67fe5e60752dc6eca8d4b77386f,2989,73.0,36.0,interior,-0.0,-0.0,-0.0,-0.0,-0.0,-0.0
3,3,loading,1.5,9ea6a95c1c3b9d7dc968855c5562f7bdba8eb67fe5e60752dc6eca8d4b77386f,2990,74.0,36.0,interior,-0.0,-0.0,-0.0,-0.0,-0.0,-0.0
3,3,loading,1.5,9ea6a95c1c3b9d7dc968855c5562f7bdba8eb67fe5e60752dc6eca8d4b77386f,2991,75.0,36.0,interior,-0.0,-0.0,-0.0,-0.0,-0.0,-0.0
3,3,loading,1.5,9ea6a95c1c3b9d7dc968855c5562f7bdba8eb67fe5e60752dc6eca8d4b77386f,2992,76.0,36.0,interior,-0.0,-0.0,-0.0,-0.0,-0.0,-0.0
3,3,loading,1.5,9ea6a95c1c3b9d7dc968855c5562f7bdba8eb67fe5e60752dc6eca8d4b77386f,2993,77.0,36.0,interior,-0.0,-0.0,-0.0,-0.0,-0.0,-0.0
3,3,loading,1.5,9ea6a95c1c3b9d7dc968855c5562f7bdba8eb67fe5e60752dc6eca8d4b77386f,2994,78.0,36.0,interior,-0.0,-0.0,-0.0,-0.0,-0.0,-0.0
3,3,loading,1.5,9ea6a95c1c3b9d7dc968855c5562f7bdba8eb67fe5e60752dc6eca8d4b77386f,2995,79.0,36.0,interior,-0.0,-0.0,-0.0,-0.0,-0.0,-0.0
3,3,loading,1.5,9ea6a95c1c3b9d7dc968855c5562f7bdba8eb67fe5e60752dc6eca8d4b77386f,2996,80.0,36.0,physical_only,-0.0,-0.0,-0.0,-0.0,-0.0,-0.0
3,3,loading,1.5,9ea6a95c1c3b9d7dc968855c5562f7bdba8eb67fe5e60752dc6eca8d4b77386f,3061,64.0,37.0,physical_only,-5.186232600555806e-06,3.2071720593193805e-07,-3.4222876313897736e-06,-2.6215873772516855e-09,-1.763944969166033e-06,3.233387933091894e-07
3,3,loading,1.5,9ea6a95c1c3b9d7dc968855c5562f7bdba8eb67fe5e60752dc6eca8d4b77386f,3062,65.0,37.0,interior,-0.0,-0.0,-0.0,-0.0,-0.0,-0.0
3,3,loading,1.5,9ea6a95c1c3b9d7dc968855c5562f7bdba8eb67fe5e60752dc6eca8d4b77386f,3063,66.0,37.0,interior,-0.0,-0.0,-0.0,-0.0,-0.0,-0.0
3,3,loading,1.5,9ea6a95c1c3b9d7dc968855c5562f7bdba8eb67fe5e60752dc6eca8d4b77386f,3064,67.0,37.0,interior,-0.0,-0.0,-0.0,-0.0,-0.0,-0.0
3,3,loading,1.5,9ea6a95c1c3b9d7dc968855c5562f7bdba8eb67fe5e60752dc6eca8d4b77386f,3065,68.0,37.0,interior,-0.0,-0.0,-0.0,-0.0,-0.0,-0.0
3,3,loading,1.5,9ea6a95c1c3b9d7dc968855c5562f7bdba8eb67fe5e60752dc6eca8d4b77386f,3066,69.0,37.0,interior,-0.0,-0.0,-0.0,-0.0,-0.0,-0.0
3,3,loading,1.5,9ea6a95c1c3b9d7dc968855c5562f7bdba8eb67fe5e60752dc6eca8d4b77386f,3067,70.0,37.0,interior,-0.0,-0.0,-0.0,-0.0,-0.0,-0.0
3,3,loading,1.5,9ea6a95c1c3b9d7dc968855c5562f7bdba8eb67fe5e60752dc6eca8d4b77386f,3068,71.0,37.0,interior,-0.0,-0.0,-0.0,-0.0,-0.0,-0.0
3,3,loading,1.5,9ea6a95c1c3b9d7dc968855c5562f7bdba8eb67fe5e60752dc6eca8d4b77386f,3069,72.0,37.0,interior,-0.0,-0.0,-0.0,-0.0,-0.0,-0.0
3,3,loading,1.5,9ea6a95c1c3b9d7dc968855c5562f7bdba8eb67fe5e60752dc6eca8d4b77386f,3070,73.0,37.0,interior,-0.0,-0.0,-0.0,-0.0,-0.0,-0.0
3,3,loading,1.5,9ea6a95c1c3b9d7dc968855c5562f7bdba8eb67fe5e60752dc6eca8d4b77386f,3071,74.0,37.0,interior,-0.0,-0.0,-0.0,-0.0,-0.0,-0.0
3,3,loading,1.5,9ea6a95c1c3b9d7dc968855c5562f7bdba8eb67fe5e60752dc6eca8d4b77386f,3072,75.0,37.0,interior,-0.0,-0.0,-0.0,-0.0,-0.0,-0.0
3,3,loading,1.5,9ea6a95c1c3b9d7dc968855c5562f7bdba8eb67fe5e60752dc6eca8d4b77386f,3073,76.0,37.0,interior,-0.0,-0.0,-0.0,-0.0,-0.0,-0.0
3,3,loading,1.5,9ea6a95c1c3b9d7dc968855c5562f7bdba8eb67fe5e60752dc6eca8d4b77386f,3074,77.0,37.0,interior,-0.0,-0.0,-0.0,-0.0,-0.0,-0.0
3,3,loading,1.5,9ea6a95c1c3b9d7dc968855c5562f7bdba8eb67fe5e60752dc6eca8d4b77386f,3075,78.0,37.0,interior,-0.0,-0.0,-0.0,-0.0,-0.0,-0.0
3,3,loading,1.5,9ea6a95c1c3b9d7dc968855c5562f7bdba8eb67fe5e60752dc6eca8d4b77386f,3076,79.0,37.0,interior,-0.0,-0.0,-0.0,-0.0,-0.0,-0.0
3,3,loading,1.5,9ea6a95c1c3b9d7dc968855c5562f7bdba8eb67fe5e60752dc6eca8d4b77386f,3077,80.0,37.0,physical_only,-0.0,-0.0,-0.0,-0.0,-0.0,-0.0
3,3,loading,1.5,9ea6a95c1c3b9d7dc968855c5562f7bdba8eb67fe5e60752dc6eca8d4b77386f,3142,64.0,38.0,physical_only,-5.264723122945152e-06,2.3809618800492903e-07,-3.5033615057245518e-06,-3.4669605334741096e-10,-1.7613616172206002e-06,2.3844288405827654e-07
3,3,loading,1.5,9ea6a95c1c3b9d7dc968855c5562f7bdba8eb67fe5e60752dc6eca8d4b77386f,3143,65.0,38.0,interior,-0.0,-0.0,-0.0,-0.0,-0.0,-0.0
3,3,loading,1.5,9ea6a95c1c3b9d7dc968855c5562f7bdba8eb67fe5e60752dc6eca8d4b77386f,3144,66.0,38.0,interior,-0.0,-0.0,-0.0,-0.0,-0.0,-0.0
3,3,loading,1.5,9ea6a95c1c3b9d7dc968855c5562f7bdba8eb67fe5e60752dc6eca8d4b77386f,3145,67.0,38.0,interior,-0.0,-0.0,-0.0,-0.0,-0.0,-0.0
3,3,loading,1.5,9ea6a95c1c3b9d7dc968855c5562f7bdba8eb67fe5e60752dc6eca8d4b77386f,3146,68.0,38.0,interior,-0.0,-0.0,-0.0,-0.0,-0.0,-0.0
3,3,loading,1.5,9ea6a95c1c3b9d7dc968855c5562f7bdba8eb67fe5e60752dc6eca8d4b77386f,3147,69.0,38.0,interior,-0.0,-0.0,-0.0,-0.0,-0.0,-0.0
3,3,loading,1.5,9ea6a95c1c3b9d7dc968855c5562f7bdba8eb67fe5e60752dc6eca8d4b77386f,3148,70.0,38.0,interior,-0.0,-0.0,-0.0,-0.0,-0.0,-0.0
3,3,loading,1.5,9ea6a95c1c3b9d7dc968855c5562f7bdba8eb67fe5e60752dc6eca8d4b77386f,3149,71.0,38.0,interior,-0.0,-0.0,-0.0,-0.0,-0.0,-0.0
3,3,loading,1.5,9ea6a95c1c3b9d7dc968855c5562f7bdba8eb67fe5e60752dc6eca8d4b77386f,3150,72.0,38.0,interior,-0.0,-0.0,-0.0,-0.0,-0.0,-0.0
3,3,loading,1.5,9ea6a95c1c3b9d7dc968855c5562f7bdba8eb67fe5e60752dc6eca8d4b77386f,3151,73.0,38.0,interior,-0.0,-0.0,-0.0,-0.0,-0.0,-0.0
3,3,loading,1.5,9ea6a95c1c3b9d7dc968855c5562f7bdba8eb67fe5e60752dc6eca8d4b77386f,3152,74.0,38.0,interior,-0.0,-0.0,-0.0,-0.0,-0.0,-0.0
3,3,loading,1.5,9ea6a95c1c3b9d7dc968855c5562f7bdba8eb67fe5e60752dc6eca8d4b77386f,3153,75.0,38.0,interior,-0.0,-0.0,-0.0,-0.0,-0.0,-0.0
3,3,loading,1.5,9ea6a95c1c3b9d7dc968855c5562f7bdba8eb67fe5e60752dc6eca8d4b77386f,3154,76.0,38.0,interior,-0.0,-0.0,-0.0,-0.0,-0.0,-0.0
3,3,loading,1.5,9ea6a95c1c3b9d7dc968855c5562f7bdba8eb67fe5e60752dc6eca8d4b77386f,3155,77.0,38.0,interior,-0.0,-0.0,-0.0,-0.0,-0.0,-0.0
3,3,loading,1.5,9ea6a95c1c3b9d7dc968855c5562f7bdba8eb67fe5e60752dc6eca8d4b77386f,3156,78.0,38.0,interior,-0.0,-0.0,-0.0,-0.0,-0.0,-0.0
3,3,loading,1.5,9ea6a95c1c3b9d7dc968855c5562f7bdba8eb67fe5e60752dc6eca8d4b77386f,3157,79.0,38.0,interior,-0.0,-0.0,-0.0,-0.0,-0.0,-0.0
3,3,loading,1.5,9ea6a95c1c3b9d7dc968855c5562f7bdba8eb67fe5e60752dc6eca8d4b77386f,3158,80.0,38.0,physical_only,-0.0,-0.0,-0.0,-0.0,-0.0,-0.0
3,3,loading,1.5,9ea6a95c1c3b9d7dc968855c5562f7bdba8eb67fe5e60752dc6eca8d4b77386f,3223,64.0,39.0,physical_only,-5.313828266427494e-06,1.2408477062009898e-07,-3.552420190401959e-06,2.7977879166117453e-10,-1.7614080760255347e-06,1.238049918284378e-07
3,3,loading,1.5,9ea6a95c1c3b9d7dc968855c5562f7bdba8eb67fe5e60752dc6eca8d4b77386f,3224,65.0,39.0,interior,-0.0,-0.0,-0.0,-0.0,-0.0,-0.0
3,3,loading,1.5,9ea6a95c1c3b9d7dc968855c5562f7bdba8eb67fe5e60752dc6eca8d4b77386f,3225,66.0,39.0,interior,-0.0,-0.0,-0.0,-0.0,-0.0,-0.0
3,3,loading,1.5,9ea6a95c1c3b9d7dc968855c5562f7bdba8eb67fe5e60752dc6eca8d4b77386f,3226,67.0,39.0,interior,-0.0,-0.0,-0.0,-0.0,-0.0,-0.0
3,3,loading,1.5,9ea6a95c1c3b9d7dc968855c5562f7bdba8eb67fe5e60752dc6eca8d4b77386f,3227,68.0,39.0,interior,-0.0,-0.0,-0.0,-0.0,-0.0,-0.0
3,3,loading,1.5,9ea6a95c1c3b9d7dc968855c5562f7bdba8eb67fe5e60752dc6eca8d4b77386f,3228,69.0,39.0,interior,-0.0,-0.0,-0.0,-0.0,-0.0,-0.0
3,3,loading,1.5,9ea6a95c1c3b9d7dc968855c5562f7bdba8eb67fe5e60752dc6eca8d4b77386f,3229,70.0,39.0,interior,-0.0,-0.0,-0.0,-0.0,-0.0,-0.0
3,3,loading,1.5,9ea6a95c1c3b9d7dc968855c5562f7bdba8eb67fe5e60752dc6eca8d4b77386f,3230,71.0,39.0,interior,-0.0,-0.0,-0.0,-0.0,-0.0,-0.0
3,3,loading,1.5,9ea6a95c1c3b9d7dc968855c5562f7bdba8eb67fe5e60752dc6eca8d4b77386f,3231,72.0,39.0,interior,-0.0,-0.0,-0.0,-0.0,-0.0,-0.0
3,3,loading,1.5,9ea6a95c1c3b9d7dc968855c5562f7bdba8eb67fe5e60752dc6eca8d4b77386f,3232,73.0,39.0,interior,-0.0,-0.0,-0.0,-0.0,-0.0,-0.0
3,3,loading,1.5,9ea6a95c1c3b9d7dc968855c5562f7bdba8eb67fe5e60752dc6eca8d4b77386f,3233,74.0,39.0,interior,-0.0,-0.0,-0.0,-0.0,-0.0,-0.0
3,3,loading,1.5,9ea6a95c1c3b9d7dc968855c5562f7bdba8eb67fe5e60752dc6eca8d4b77386f,3234,75.0,39.0,interior,-0.0,-0.0,-0.0,-0.0,-0.0,-0.0
3,3,loading,1.5,9ea6a95c1c3b9d7dc968855c5562f7bdba8eb67fe5e60752dc6eca8d4b77386f,3235,76.0,39.0,interior,-0.0,-0.0,-0.0,-0.0,-0.0,-0.0
3,3,loading,1.5,9ea6a95c1c3b9d7dc968855c5562f7bdba8eb67fe5e60752dc6eca8d4b77386f,3236,77.0,39.0,interior,-0.0,-0.0,-0.0,-0.0,-0.0,-0.0
3,3,loading,1.5,9ea6a95c1c3b9d7dc968855c5562f7bdba8eb67fe5e60752dc6eca8d4b77386f,3237,78.0,39.0,interior,-0.0,-0.0,-0.0,-0.0,-0.0,-0.0
3,3,loading,1.5,9ea6a95c1c3b9d7dc968855c5562f7bdba8eb67fe5e60752dc6eca8d4b77386f,3238,79.0,39.0,interior,-0.0,-0.0,-0.0,-0.0,-0.0,-0.0
3,3,loading,1.5,9ea6a95c1c3b9d7dc968855c5562f7bdba8eb67fe5e60752dc6eca8d4b77386f,3239,80.0,39.0,physical_only,-0.0,-0.0,-0.0,-0.0,-0.0,-0.0
3,3,loading,1.5,9ea6a95c1c3b9d7dc968855c5562f7bdba8eb67fe5e60752dc6eca8d4b77386f,3304,64.0,40.0,physical_and_cut,-2.6648941598181536e-06,8.108112348116252e-07,-1.784423847631946e-06,-8.127652670389217e-07,-8.804703121862075e-07,1.6235765018505469e-06
3,3,loading,1.5,9ea6a95c1c3b9d7dc968855c5562f7bdba8eb67fe5e60752dc6eca8d4b77386f,3305,65.0,40.0,cut_only,-0.0,-0.0,-0.0,-0.0,-0.0,-0.0
3,3,loading,1.5,9ea6a95c1c3b9d7dc968855c5562f7bdba8eb67fe5e60752dc6eca8d4b77386f,3306,66.0,40.0,cut_only,-0.0,-0.0,-0.0,-0.0,-0.0,-0.0
3,3,loading,1.5,9ea6a95c1c3b9d7dc968855c5562f7bdba8eb67fe5e60752dc6eca8d4b77386f,3307,67.0,40.0,cut_only,-0.0,-0.0,-0.0,-0.0,-0.0,-0.0
3,3,loading,1.5,9ea6a95c1c3b9d7dc968855c5562f7bdba8eb67fe5e60752dc6eca8d4b77386f,3308,68.0,40.0,cut_only,-0.0,-0.0,-0.0,-0.0,-0.0,-0.0
3,3,loading,1.5,9ea6a95c1c3b9d7dc968855c5562f7bdba8eb67fe5e60752dc6eca8d4b77386f,3309,69.0,40.0,cut_only,-0.0,-0.0,-0.0,-0.0,-0.0,-0.0
3,3,loading,1.5,9ea6a95c1c3b9d7dc968855c5562f7bdba8eb67fe5e60752dc6eca8d4b77386f,3310,70.0,40.0,cut_only,-0.0,-0.0,-0.0,-0.0,-0.0,-0.0
3,3,loading,1.5,9ea6a95c1c3b9d7dc968855c5562f7bdba8eb67fe5e60752dc6eca8d4b77386f,3311,71.0,40.0,cut_only,-0.0,-0.0,-0.0,-0.0,-0.0,-0.0
3,3,loading,1.5,9ea6a95c1c3b9d7dc968855c5562f7bdba8eb67fe5e60752dc6eca8d4b77386f,3312,72.0,40.0,cut_only,-0.0,-0.0,-0.0,-0.0,-0.0,-0.0
3,3,loading,1.5,9ea6a95c1c3b9d7dc968855c5562f7bdba8eb67fe5e60752dc6eca8d4b77386f,3313,73.0,40.0,cut_only,-0.0,-0.0,-0.0,-0.0,-0.0,-0.0
3,3,loading,1.5,9ea6a95c1c3b9d7dc968855c5562f7bdba8eb67fe5e60752dc6eca8d4b77386f,3314,74.0,40.0,cut_only,-0.0,-0.0,-0.0,-0.0,-0.0,-0.0
3,3,loading,1.5,9ea6a95c1c3b9d7dc968855c5562f7bdba8eb67fe5e60752dc6eca8d4b77386f,3315,75.0,40.0,cut_only,-0.0,-0.0,-0.0,-0.0,-0.0,-0.0
3,3,loading,1.5,9ea6a95c1c3b9d7dc968855c5562f7bdba8eb67fe5e60752dc6eca8d4b77386f,3316,76.0,40.0,cut_only,-0.0,-0.0,-0.0,-0.0,-0.0,-0.0
3,3,loading,1.5,9ea6a95c1c3b9d7dc968855c5562f7bdba8eb67fe5e60752dc6eca8d4b77386f,3317,77.0,40.0,cut_only,-0.0,-0.0,-0.0,-0.0,-0.0,-0.0
3,3,loading,1.5,9ea6a95c1c3b9d7dc968855c5562f7bdba8eb67fe5e60752dc6eca8d4b77386f,3318,78.0,40.0,cut_only,-0.0,-0.0,-0.0,-0.0,-0.0,-0.0
3,3,loading,1.5,9ea6a95c1c3b9d7dc968855c5562f7bdba8eb67fe5e60752dc6eca8d4b77386f,3319,79.0,40.0,cut_only,-0.0,-0.0,-0.0,-0.0,-0.0,-0.0
3,3,loading,1.5,9ea6a95c1c3b9d7dc968855c5562f7bdba8eb67fe5e60752dc6eca8d4b77386f,3320,80.0,40.0,physical_and_cut,-0.0,-0.0,-0.0,-0.0,-0.0,-0.0
4,4,loading,1.625,88586e1b17c40831f7a421db791c6f8166b1dc24661cc37f50d55fc17523f827,2656,64.0,32.0,physical_only,-0.00030850420688756066,-0.0001798671519524594,-6.54546811544793e-06,1.0934115079750851e-05,-0.0003019587387721127,-0.00019080126703221027
4,4,loading,1.625,88586e1b17c40831f7a421db791c6f8166b1dc24661cc37f50d55fc17523f827,2657,65.0,32.0,physical_only,2.616418413262862e-06,-9.024798673750605e-05,-4.23884509156405e-06,1.2394682528362673e-05,6.8552635048269074e-06,-0.0001026426692658687
4,4,loading,1.625,88586e1b17c40831f7a421db791c6f8166b1dc24661cc37f50d55fc17523f827,2658,66.0,32.0,physical_only,2.598575422456379e-06,-0.00011704972670922826,-4.3672293420185655e-06,1.4942673776570687e-05,6.965804764474941e-06,-0.00013199240048579887
4,4,loading,1.625,88586e1b17c40831f7a421db791c6f8166b1dc24661cc37f50d55fc17523f827,2659,67.0,32.0,physical_only,2.071532875454497e-06,-0.00014785623917171718,-4.506057901945847e-06,1.797700271432593e-05,6.577590777400363e-06,-0.0001658332418860431
4,4,loading,1.625,88586e1b17c40831f7a421db791c6f8166b1dc24661cc37f50d55fc17523f827,2660,68.0,32.0,physical_only,3.0737097275552794e-06,-0.0001853203135408235,-4.657219748993711e-06,2.1618770899266537e-05,7.730929476548986e-06,-0.00020693908444009007
4,4,loading,1.625,88586e1b17c40831f7a421db791c6f8166b1dc24661cc37f50d55fc17523f827,2661,69.0,32.0,physical_only,3.968264537590658e-06,-0.00023196487887014255,-4.825073088379468e-06,2.6034087664626065e-05,8.793337625970132e-06,-0.0002579989665347686
4,4,loading,1.625,88586e1b17c40831f7a421db791c6f8166b1dc24661cc37f50d55fc17523f827,2662,70.0,32.0,physical_only,4.812683387905097e-06,-0.0002883899913819893,-5.016389905761012e-06,3.145863585658415e-05,9.829073293666103e-06,-0.00031984862723857333
4,4,loading,1.625,88586e1b17c40831f7a421db791c6f8166b1dc24661cc37f50d55fc17523f827,2663,71.0,32.0,physical_only,5.548901019430339e-06,-0.00035594738165289496,-5.240154407088185e-06,3.8233495719801055e-05,1.0789055426518526e-05,-0.00039418087737269625
4,4,loading,1.625,88586e1b17c40831f7a421db791c6f8166b1dc24661cc37f50d55fc17523f827,2664,72.0,32.0,physical_only,6.1739064237423215e-06,-0.000435950263933975,-5.509516668096682e-06,4.6868402701772345e-05,1.1683423091839005e-05,-0.0004828186666357469
4,4,loading,1.625,88586e1b17c40831f7a421db791c6f8166b1dc24661cc37f50d55fc17523f827,2665,73.0,32.0,physical_only,6.130386515110591e-06,-0.0005276015558769898,-5.8436143966435515e-06,5.815222424394322e-05,1.1974000911754143e-05,-0.0005857537801209332
4,4,loading,1.625,88586e1b17c40831f7a421db791c6f8166b1dc24661cc37f50d55fc17523f827,2666,74.0,32.0,physical_only,1.1595151418849505e-05,-0.0006335358174356679,-6.274832914782135e-06,7.337148221723245e-05,1.786998433363164e-05,-0.0007069072996529003
4,4,loading,1.625,88586e1b17c40831f7a421db791c6f8166b1dc24661cc37f50d55fc17523f827,2667,75.0,32.0,physical_only,2.3420306506964167e-05,-0.0007668636488190549,-6.864619123858627e-06,9.479711284318523e-05,3.0284925630822773e-05,-0.0008616607616622404
4,4,loading,1.625,88586e1b17c40831f7a421db791c6f8166b1dc24661cc37f50d55fc17523f827,2668,76.0,32.0,physical_only,4.0014763775503347e-05,-0.0009461951910292423,-7.73826768039026e-06,0.0001268839465665957,4.7753031455893596e-05,-0.0010730791375958386
4,4,loading,1.625,88586e1b17c40831f7a421db791c6f8166b1dc24661cc37f50d55fc17523f827,2669,77.0,32.0,physical_only,4.5113866851754846e-05,-0.0011562789702711388,-9.154842134812955e-06,0.00017949796819933012,5.426870898656778e-05,-0.0013357769384704692
4,4,loading,1.625,88586e1b17c40831f7a421db791c6f8166b1dc24661cc37f50d55fc17523f827,2670,78.0,32.0,physical_only,4.492559458268286e-05,-0.0013605391614913316,-1.1774436419972365e-05,0.00027888546934882807,5.670003100265527e-05,-0.001639424630840161
4,4,loading,1.625,88586e1b17c40831f7a421db791c6f8166b1dc24661cc37f50d55fc17523f827,2671,79.0,32.0,physical_only,2.4830869623371297e-05,-0.0012672883396704932,-1.7782310568184336e-05,0.0005200157852960875,4.2613180191555626e-05,-0.0017873041249665805
4,4,loading,1.625,88586e1b17c40831f7a421db791c6f8166b1dc24661cc37f50d55fc17523f827,2672,80.0,32.0,physical_only,-0.00037177938215772276,0.010654979738347656,7.410051186929016e-06,0.00022272445569290094,-0.0003791894333446518,0.010432255282654755
4,4,loading,1.625,88586e1b17c40831f7a421db791c6f8166b1dc24661cc37f50d55fc17523f827,2737,64.0,33.0,physical_only,-6.504834205384358e-06,-3.6139514819528876e-08,-2.8638848645518783e-06,-4.074292499672564e-08,-3.6409493408324784e-06,4.603410177196126e-09
4,4,loading,1.625,88586e1b17c40831f7a421db791c6f8166b1dc24661cc37f50d55fc17523f827,2738,65.0,33.0,interior,-0.0,-0.0,-0.0,-0.0,-0.0,-0.0
4,4,loading,1.625,88586e1b17c40831f7a421db791c6f8166b1dc24661cc37f50d55fc17523f827,2739,66.0,33.0,interior,-0.0,-0.0,-0.0,-0.0,-0.0,-0.0
4,4,loading,1.625,88586e1b17c40831f7a421db791c6f8166b1dc24661cc37f50d55fc17523f827,2740,67.0,33.0,interior,-0.0,-0.0,-0.0,-0.0,-0.0,-0.0
4,4,loading,1.625,88586e1b17c40831f7a421db791c6f8166b1dc24661cc37f50d55fc17523f827,2741,68.0,33.0,interior,-0.0,-0.0,-0.0,-0.0,-0.0,-0.0
4,4,loading,1.625,88586e1b17c40831f7a421db791c6f8166b1dc24661cc37f50d55fc17523f827,2742,69.0,33.0,interior,-0.0,-0.0,-0.0,-0.0,-0.0,-0.0
4,4,loading,1.625,88586e1b17c40831f7a421db791c6f8166b1dc24661cc37f50d55fc17523f827,2743,70.0,33.0,interior,-0.0,-0.0,-0.0,-0.0,-0.0,-0.0
4,4,loading,1.625,88586e1b17c40831f7a421db791c6f8166b1dc24661cc37f50d55fc17523f827,2744,71.0,33.0,interior,-0.0,-0.0,-0.0,-0.0,-0.0,-0.0
4,4,loading,1.625,88586e1b17c40831f7a421db791c6f8166b1dc24661cc37f50d55fc17523f827,2745,72.0,33.0,interior,-0.0,-0.0,-0.0,-0.0,-0.0,-0.0
4,4,loading,1.625,88586e1b17c40831f7a421db791c6f8166b1dc24661cc37f50d55fc17523f827,2746,73.0,33.0,interior,-0.0,-0.0,-0.0,-0.0,-0.0,-0.0
4,4,loading,1.625,88586e1b17c40831f7a421db791c6f8166b1dc24661cc37f50d55fc17523f827,2747,74.0,33.0,interior,-0.0,-0.0,-0.0,-0.0,-0.0,-0.0
4,4,loading,1.625,88586e1b17c40831f7a421db791c6f8166b1dc24661cc37f50d55fc17523f827,2748,75.0,33.0,interior,-0.0,-0.0,-0.0,-0.0,-0.0,-0.0
4,4,loading,1.625,88586e1b17c40831f7a421db791c6f8166b1dc24661cc37f50d55fc17523f827,2749,76.0,33.0,interior,-0.0,-0.0,-0.0,-0.0,-0.0,-0.0
4,4,loading,1.625,88586e1b17c40831f7a421db791c6f8166b1dc24661cc37f50d55fc17523f827,2750,77.0,33.0,interior,-0.0,-0.0,-0.0,-0.0,-0.0,-0.0
4,4,loading,1.625,88586e1b17c40831f7a421db791c6f8166b1dc24661cc37f50d55fc17523f827,2751,78.0,33.0,interior,-0.0,-0.0,-0.0,-0.0,-0.0,-0.0
4,4,loading,1.625,88586e1b17c40831f7a421db791c6f8166b1dc24661cc37f50d55fc17523f827,2752,79.0,33.0,interior,-0.0,-0.0,-0.0,-0.0,-0.0,-0.0
4,4,loading,1.625,88586e1b17c40831f7a421db791c6f8166b1dc24661cc37f50d55fc17523f827,2753,80.0,33.0,physical_only,-0.0,-0.0,-0.0,-0.0,-0.0,-0.0
4,4,loading,1.625,88586e1b17c40831f7a421db791c6f8166b1dc24661cc37f50d55fc17523f827,2818,64.0,34.0,physical_only,-5.894904403484452e-06,1.9115639818118033e-07,-3.1143544845073395e-06,-3.42387041449279e-08,-2.7805499189771126e-06,2.2539510232610833e-07
4,4,loading,1.625,88586e1b17c40831f7a421db791c6f8166b1dc24661cc37f50d55fc17523f827,2819,65.0,34.0,interior,-0.0,-0.0,-0.0,-0.0,-0.0,-0.0
4,4,loading,1.625,88586e1b17c40831f7a421db791c6f8166b1dc24661cc37f50d55fc17523f827,2820,66.0,34.0,interior,-0.0,-0.0,-0.0,-0.0,-0.0,-0.0
4,4,loading,1.625,88586e1b17c40831f7a421db791c6f8166b1dc24661cc37f50d55fc17523f827,2821,67.0,34.0,interior,-0.0,-0.0,-0.0,-0.0,-0.0,-0.0
4,4,loading,1.625,88586e1b17c40831f7a421db791c6f8166b1dc24661cc37f50d55fc17523f827,2822,68.0,34.0,interior,-0.0,-0.0,-0.0,-0.0,-0.0,-0.0
4,4,loading,1.625,88586e1b17c40831f7a421db791c6f8166b1dc24661cc37f50d55fc17523f827,2823,69.0,34.0,interior,-0.0,-0.0,-0.0,-0.0,-0.0,-0.0
4,4,loading,1.625,88586e1b17c40831f7a421db791c6f8166b1dc24661cc37f50d55fc17523f827,2824,70.0,34.0,interior,-0.0,-0.0,-0.0,-0.0,-0.0,-0.0
4,4,loading,1.625,88586e1b17c40831f7a421db791c6f8166b1dc24661cc37f50d55fc17523f827,2825,71.0,34.0,interior,-0.0,-0.0,-0.0,-0.0,-0.0,-0.0
4,4,loading,1.625,88586e1b17c40831f7a421db791c6f8166b1dc24661cc37f50d55fc17523f827,2826,72.0,34.0,interior,-0.0,-0.0,-0.0,-0.0,-0.0,-0.0
4,4,loading,1.625,88586e1b17c40831f7a421db791c6f8166b1dc24661cc37f50d55fc17523f827,2827,73.0,34.0,interior,-0.0,-0.0,-0.0,-0.0,-0.0,-0.0
4,4,loading,1.625,88586e1b17c40831f7a421db791c6f8166b1dc24661cc37f50d55fc17523f827,2828,74.0,34.0,interior,-0.0,-0.0,-0.0,-0.0,-0.0,-0.0
4,4,loading,1.625,88586e1b17c40831f7a421db791c6f8166b1dc24661cc37f50d55fc17523f827,2829,75.0,34.0,interior,-0.0,-0.0,-0.0,-0.0,-0.0,-0.0
4,4,loading,1.625,88586e1b17c40831f7a421db791c6f8166b1dc24661cc37f50d55fc17523f827,2830,76.0,34.0,interior,-0.0,-0.0,-0.0,-0.0,-0.0,-0.0
4,4,loading,1.625,88586e1b17c40831f7a421db791c6f8166b1dc24661cc37f50d55fc17523f827,2831,77.0,34.0,interior,-0.0,-0.0,-0.0,-0.0,-0.0,-0.0
4,4,loading,1.625,88586e1b17c40831f7a421db791c6f8166b1dc24661cc37f50d55fc17523f827,2832,78.0,34.0,interior,-0.0,-0.0,-0.0,-0.0,-0.0,-0.0
4,4,loading,1.625,88586e1b17c40831f7a421db791c6f8166b1dc24661cc37f50d55fc17523f827,2833,79.0,34.0,interior,-0.0,-0.0,-0.0,-0.0,-0.0,-0.0
4,4,loading,1.625,88586e1b17c40831f7a421db791c6f8166b1dc24661cc37f50d55fc17523f827,2834,80.0,34.0,physical_only,-0.0,-0.0,-0.0,-0.0,-0.0,-0.0
4,4,loading,1.625,88586e1b17c40831f7a421db791c6f8166b1dc24661cc37f50d55fc17523f827,2899,64.0,35.0,physical_only,-5.647508236559058e-06,3.59087253334259e-07,-3.32117853346594e-06,-2.534667901664475e-08,-2.3263297030931176e-06,3.8443393235090365e-07
4,4,loading,1.625,88586e1b17c40831f7a421db791c6f8166b1dc24661cc37f50d55fc17523f827,2900,65.0,35.0,interior,-0.0,-0.0,-0.0,-0.0,-0.0,-0.0
4,4,loading,1.625,88586e1b17c40831f7a421db791c6f8166b1dc24661cc37f50d55fc17523f827,2901,66.0,35.0,interior,-0.0,-0.0,-0.0,-0.0,-0.0,-0.0
4,4,loading,1.625,88586e1b17c40831f7a421db791c6f8166b1dc24661cc37f50d55fc17523f827,2902,67.0,35.0,interior,-0.0,-0.0,-0.0,-0.0,-0.0,-0.0
4,4,loading,1.625,88586e1b17c40831f7a421db791c6f8166b1dc24661cc37f50d55fc17523f827,2903,68.0,35.0,interior,-0.0,-0.0,-0.0,-0.0,-0.0,-0.0
4,4,loading,1.625,88586e1b17c40831f7a421db791c6f8166b1dc24661cc37f50d55fc17523f827,2904,69.0,35.0,interior,-0.0,-0.0,-0.0,-0.0,-0.0,-0.0
4,4,loading,1.625,88586e1b17c40831f7a421db791c6f8166b1dc24661cc37f50d55fc17523f827,2905,70.0,35.0,interior,-0.0,-0.0,-0.0,-0.0,-0.0,-0.0
4,4,loading,1.625,88586e1b17c40831f7a421db791c6f8166b1dc24661cc37f50d55fc17523f827,2906,71.0,35.0,interior,-0.0,-0.0,-0.0,-0.0,-0.0,-0.0
4,4,loading,1.625,88586e1b17c40831f7a421db791c6f8166b1dc24661cc37f50d55fc17523f827,2907,72.0,35.0,interior,-0.0,-0.0,-0.0,-0.0,-0.0,-0.0
4,4,loading,1.625,88586e1b17c40831f7a421db791c6f8166b1dc24661cc37f50d55fc17523f827,2908,73.0,35.0,interior,-0.0,-0.0,-0.0,-0.0,-0.0,-0.0
4,4,loading,1.625,88586e1b17c40831f7a421db791c6f8166b1dc24661cc37f50d55fc17523f827,2909,74.0,35.0,interior,-0.0,-0.0,-0.0,-0.0,-0.0,-0.0
4,4,loading,1.625,88586e1b17c40831f7a421db791c6f8166b1dc24661cc37f50d55fc17523f827,2910,75.0,35.0,interior,-0.0,-0.0,-0.0,-0.0,-0.0,-0.0
4,4,loading,1.625,88586e1b17c40831f7a421db791c6f8166b1dc24661cc37f50d55fc17523f827,2911,76.0,35.0,interior,-0.0,-0.0,-0.0,-0.0,-0.0,-0.0
4,4,loading,1.625,88586e1b17c40831f7a421db791c6f8166b1dc24661cc37f50d55fc17523f827,2912,77.0,35.0,interior,-0.0,-0.0,-0.0,-0.0,-0.0,-0.0
4,4,loading,1.625,88586e1b17c40831f7a421db791c6f8166b1dc24661cc37f50d55fc17523f827,2913,78.0,35.0,interior,-0.0,-0.0,-0.0,-0.0,-0.0,-0.0
4,4,loading,1.625,88586e1b17c40831f7a421db791c6f8166b1dc24661cc37f50d55fc17523f827,2914,79.0,35.0,interior,-0.0,-0.0,-0.0,-0.0,-0.0,-0.0
4,4,loading,1.625,88586e1b17c40831f7a421db791c6f8166b1dc24661cc37f50d55fc17523f827,2915,80.0,35.0,physical_only,-0.0,-0.0,-0.0,-0.0,-0.0,-0.0
4,4,loading,1.625,88586e1b17c40831f7a421db791c6f8166b1dc24661cc37f50d55fc17523f827,2980,64.0,36.0,physical_only,-5.609504181359211e-06,4.1234119475094975e-07,-3.489272213723781e-06,-1.664326061544534e-08,-2.1202319676354306e-06,4.289844553663948e-07
4,4,loading,1.625,88586e1b17c40831f7a421db791c6f8166b1dc24661cc37f50d55fc17523f827,2981,65.0,36.0,interior,-0.0,-0.0,-0.0,-0.0,-0.0,-0.0
4,4,loading,1.625,88586e1b17c40831f7a421db791c6f8166b1dc24661cc37f50d55fc17523f827,2982,66.0,36.0,interior,-0.0,-0.0,-0.0,-0.0,-0.0,-0.0
4,4,loading,1.625,88586e1b17c40831f7a421db791c6f8166b1dc24661cc37f50d55fc17523f827,2983,67.0,36.0,interior,-0.0,-0.0,-0.0,-0.0,-0.0,-0.0
4,4,loading,1.625,88586e1b17c40831f7a421db791c6f8166b1dc24661cc37f50d55fc17523f827,2984,68.0,36.0,interior,-0.0,-0.0,-0.0,-0.0,-0.0,-0.0
4,4,loading,1.625,88586e1b17c40831f7a421db791c6f8166b1dc24661cc37f50d55fc17523f827,2985,69.0,36.0,interior,-0.0,-0.0,-0.0,-0.0,-0.0,-0.0
4,4,loading,1.625,88586e1b17c40831f7a421db791c6f8166b1dc24661cc37f50d55fc17523f827,2986,70.0,36.0,interior,-0.0,-0.0,-0.0,-0.0,-0.0,-0.0
4,4,loading,1.625,88586e1b17c40831f7a421db791c6f8166b1dc24661cc37f50d55fc17523f827,2987,71.0,36.0,interior,-0.0,-0.0,-0.0,-0.0,-0.0,-0.0
4,4,loading,1.625,88586e1b17c40831f7a421db791c6f8166b1dc24661cc37f50d55fc17523f827,2988,72.0,36.0,interior,-0.0,-0.0,-0.0,-0.0,-0.0,-0.0
4,4,loading,1.625,88586e1b17c40831f7a421db791c6f8166b1dc24661cc37f50d55fc17523f827,2989,73.0,36.0,interior,-0.0,-0.0,-0.0,-0.0,-0.0,-0.0
4,4,loading,1.625,88586e1b17c40831f7a421db791c6f8166b1dc24661cc37f50d55fc17523f827,2990,74.0,36.0,interior,-0.0,-0.0,-0.0,-0.0,-0.0,-0.0
4,4,loading,1.625,88586e1b17c40831f7a421db791c6f8166b1dc24661cc37f50d55fc17523f827,2991,75.0,36.0,interior,-0.0,-0.0,-0.0,-0.0,-0.0,-0.0
4,4,loading,1.625,88586e1b17c40831f7a421db791c6f8166b1dc24661cc37f50d55fc17523f827,2992,76.0,36.0,interior,-0.0,-0.0,-0.0,-0.0,-0.0,-0.0
4,4,loading,1.625,88586e1b17c40831f7a421db791c6f8166b1dc24661cc37f50d55fc17523f827,2993,77.0,36.0,interior,-0.0,-0.0,-0.0,-0.0,-0.0,-0.0
4,4,loading,1.625,88586e1b17c40831f7a421db791c6f8166b1dc24661cc37f50d55fc17523f827,2994,78.0,36.0,interior,-0.0,-0.0,-0.0,-0.0,-0.0,-0.0
4,4,loading,1.625,88586e1b17c40831f7a421db791c6f8166b1dc24661cc37f50d55fc17523f827,2995,79.0,36.0,interior,-0.0,-0.0,-0.0,-0.0,-0.0,-0.0
4,4,loading,1.625,88586e1b17c40831f7a421db791c6f8166b1dc24661cc37f50d55fc17523f827,2996,80.0,36.0,physical_only,-0.0,-0.0,-0.0,-0.0,-0.0,-0.0
4,4,loading,1.625,88586e1b17c40831f7a421db791c6f8166b1dc24661cc37f50d55fc17523f827,3061,64.0,37.0,physical_only,-5.652137542490075e-06,3.708908494924269e-07,-3.62043142836065e-06,-9.69475033218483e-09,-2.031706114129426e-06,3.8058559982461174e-07
4,4,loading,1.625,88586e1b17c40831f7a421db791c6f8166b1dc24661cc37f50d55fc17523f827,3062,65.0,37.0,interior,-0.0,-0.0,-0.0,-0.0,-0.0,-0.0
4,4,loading,1.625,88586e1b17c40831f7a421db791c6f8166b1dc24661cc37f50d55fc17523f827,3063,66.0,37.0,interior,-0.0,-0.0,-0.0,-0.0,-0.0,-0.0
4,4,loading,1.625,88586e1b17c40831f7a421db791c6f8166b1dc24661cc37f50d55fc17523f827,3064,67.0,37.0,interior,-0.0,-0.0,-0.0,-0.0,-0.0,-0.0
4,4,loading,1.625,88586e1b17c40831f7a421db791c6f8166b1dc24661cc37f50d55fc17523f827,3065,68.0,37.0,interior,-0.0,-0.0,-0.0,-0.0,-0.0,-0.0
4,4,loading,1.625,88586e1b17c40831f7a421db791c6f8166b1dc24661cc37f50d55fc17523f827,3066,69.0,37.0,interior,-0.0,-0.0,-0.0,-0.0,-0.0,-0.0
4,4,loading,1.625,88586e1b17c40831f7a421db791c6f8166b1dc24661cc37f50d55fc17523f827,3067,70.0,37.0,interior,-0.0,-0.0,-0.0,-0.0,-0.0,-0.0
4,4,loading,1.625,88586e1b17c40831f7a421db791c6f8166b1dc24661cc37f50d55fc17523f827,3068,71.0,37.0,interior,-0.0,-0.0,-0.0,-0.0,-0.0,-0.0
4,4,loading,1.625,88586e1b17c40831f7a421db791c6f8166b1dc24661cc37f50d55fc17523f827,3069,72.0,37.0,interior,-0.0,-0.0,-0.0,-0.0,-0.0,-0.0
4,4,loading,1.625,88586e1b17c40831f7a421db791c6f8166b1dc24661cc37f50d55fc17523f827,3070,73.0,37.0,interior,-0.0,-0.0,-0.0,-0.0,-0.0,-0.0
4,4,loading,1.625,88586e1b17c40831f7a421db791c6f8166b1dc24661cc37f50d55fc17523f827,3071,74.0,37.0,interior,-0.0,-0.0,-0.0,-0.0,-0.0,-0.0
4,4,loading,1.625,88586e1b17c40831f7a421db791c6f8166b1dc24661cc37f50d55fc17523f827,3072,75.0,37.0,interior,-0.0,-0.0,-0.0,-0.0,-0.0,-0.0
4,4,loading,1.625,88586e1b17c40831f7a421db791c6f8166b1dc24661cc37f50d55fc17523f827,3073,76.0,37.0,interior,-0.0,-0.0,-0.0,-0.0,-0.0,-0.0
4,4,loading,1.625,88586e1b17c40831f7a421db791c6f8166b1dc24661cc37f50d55fc17523f827,3074,77.0,37.0,interior,-0.0,-0.0,-0.0,-0.0,-0.0,-0.0
4,4,loading,1.625,88586e1b17c40831f7a421db791c6f8166b1dc24661cc37f50d55fc17523f827,3075,78.0,37.0,interior,-0.0,-0.0,-0.0,-0.0,-0.0,-0.0
4,4,loading,1.625,88586e1b17c40831f7a421db791c6f8166b1dc24661cc37f50d55fc17523f827,3076,79.0,37.0,interior,-0.0,-0.0,-0.0,-0.0,-0.0,-0.0
4,4,loading,1.625,88586e1b17c40831f7a421db791c6f8166b1dc24661cc37f50d55fc17523f827,3077,80.0,37.0,physical_only,-0.0,-0.0,-0.0,-0.0,-0.0,-0.0
4,4,loading,1.625,88586e1b17c40831f7a421db791c6f8166b1dc24661cc37f50d55fc17523f827,3142,64.0,38.0,physical_only,-5.705831047683444e-06,2.689256393627726e-07,-3.7147271471216882e-06,-4.926013203981384e-09,-1.9911039005617544e-06,2.7385165256675397e-07
4,4,loading,1.625,88586e1b17c40831f7a421db791c6f8166b1dc24661cc37f50d55fc17523f827,3143,65.0,38.0,interior,-0.0,-0.0,-0.0,-0.0,-0.0,-0.0
4,4,loading,1.625,88586e1b17c40831f7a421db791c6f8166b1dc24661cc37f50d55fc17523f827,3144,66.0,38.0,interior,-0.0,-0.0,-0.0,-0.0,-0.0,-0.0
4,4,loading,1.625,88586e1b17c40831f7a421db791c6f8166b1dc24661cc37f50d55fc17523f827,3145,67.0,38.0,interior,-0.0,-0.0,-0.0,-0.0,-0.0,-0.0
4,4,loading,1.625,88586e1b17c40831f7a421db791c6f8166b1dc24661cc37f50d55fc17523f827,3146,68.0,38.0,interior,-0.0,-0.0,-0.0,-0.0,-0.0,-0.0
4,4,loading,1.625,88586e1b17c40831f7a421db791c6f8166b1dc24661cc37f50d55fc17523f827,3147,69.0,38.0,interior,-0.0,-0.0,-0.0,-0.0,-0.0,-0.0
4,4,loading,1.625,88586e1b17c40831f7a421db791c6f8166b1dc24661cc37f50d55fc17523f827,3148,70.0,38.0,interior,-0.0,-0.0,-0.0,-0.0,-0.0,-0.0
4,4,loading,1.625,88586e1b17c40831f7a421db791c6f8166b1dc24661cc37f50d55fc17523f827,3149,71.0,38.0,interior,-0.0,-0.0,-0.0,-0.0,-0.0,-0.0
4,4,loading,1.625,88586e1b17c40831f7a421db791c6f8166b1dc24661cc37f50d55fc17523f827,3150,72.0,38.0,interior,-0.0,-0.0,-0.0,-0.0,-0.0,-0.0
4,4,loading,1.625,88586e1b17c40831f7a421db791c6f8166b1dc24661cc37f50d55fc17523f827,3151,73.0,38.0,interior,-0.0,-0.0,-0.0,-0.0,-0.0,-0.0
4,4,loading,1.625,88586e1b17c40831f7a421db791c6f8166b1dc24661cc37f50d55fc17523f827,3152,74.0,38.0,interior,-0.0,-0.0,-0.0,-0.0,-0.0,-0.0
4,4,loading,1.625,88586e1b17c40831f7a421db791c6f8166b1dc24661cc37f50d55fc17523f827,3153,75.0,38.0,interior,-0.0,-0.0,-0.0,-0.0,-0.0,-0.0
4,4,loading,1.625,88586e1b17c40831f7a421db791c6f8166b1dc24661cc37f50d55fc17523f827,3154,76.0,38.0,interior,-0.0,-0.0,-0.0,-0.0,-0.0,-0.0
4,4,loading,1.625,88586e1b17c40831f7a421db791c6f8166b1dc24661cc37f50d55fc17523f827,3155,77.0,38.0,interior,-0.0,-0.0,-0.0,-0.0,-0.0,-0.0
4,4,loading,1.625,88586e1b17c40831f7a421db791c6f8166b1dc24661cc37f50d55fc17523f827,3156,78.0,38.0,interior,-0.0,-0.0,-0.0,-0.0,-0.0,-0.0
4,4,loading,1.625,88586e1b17c40831f7a421db791c6f8166b1dc24661cc37f50d55fc17523f827,3157,79.0,38.0,interior,-0.0,-0.0,-0.0,-0.0,-0.0,-0.0
4,4,loading,1.625,88586e1b17c40831f7a421db791c6f8166b1dc24661cc37f50d55fc17523f827,3158,80.0,38.0,physical_only,-0.0,-0.0,-0.0,-0.0,-0.0,-0.0
4,4,loading,1.625,88586e1b17c40831f7a421db791c6f8166b1dc24661cc37f50d55fc17523f827,3223,64.0,39.0,physical_only,-5.74114497147725e-06,1.388117186131682e-07,-3.7716348463728885e-06,-1.966690330270237e-09,-1.969510125104362e-06,1.4077840894343844e-07
4,4,loading,1.625,88586e1b17c40831f7a421db791c6f8166b1dc24661cc37f50d55fc17523f827,3224,65.0,39.0,interior,-0.0,-0.0,-0.0,-0.0,-0.0,-0.0
4,4,loading,1.625,88586e1b17c40831f7a421db791c6f8166b1dc24661cc37f50d55fc17523f827,3225,66.0,39.0,interior,-0.0,-0.0,-0.0,-0.0,-0.0,-0.0
4,4,loading,1.625,88586e1b17c40831f7a421db791c6f8166b1dc24661cc37f50d55fc17523f827,3226,67.0,39.0,interior,-0.0,-0.0,-0.0,-0.0,-0.0,-0.0
4,4,loading,1.625,88586e1b17c40831f7a421db791c6f8166b1dc24661cc37f50d55fc17523f827,3227,68.0,39.0,interior,-0.0,-0.0,-0.0,-0.0,-0.0,-0.0
4,4,loading,1.625,88586e1b17c40831f7a421db791c6f8166b1dc24661cc37f50d55fc17523f827,3228,69.0,39.0,interior,-0.0,-0.0,-0.0,-0.0,-0.0,-0.0
4,4,loading,1.625,88586e1b17c40831f7a421db791c6f8166b1dc24661cc37f50d55fc17523f827,3229,70.0,39.0,interior,-0.0,-0.0,-0.0,-0.0,-0.0,-0.0
4,4,loading,1.625,88586e1b17c40831f7a421db791c6f8166b1dc24661cc37f50d55fc17523f827,3230,71.0,39.0,interior,-0.0,-0.0,-0.0,-0.0,-0.0,-0.0
4,4,loading,1.625,88586e1b17c40831f7a421db791c6f8166b1dc24661cc37f50d55fc17523f827,3231,72.0,39.0,interior,-0.0,-0.0,-0.0,-0.0,-0.0,-0.0
4,4,loading,1.625,88586e1b17c40831f7a421db791c6f8166b1dc24661cc37f50d55fc17523f827,3232,73.0,39.0,interior,-0.0,-0.0,-0.0,-0.0,-0.0,-0.0
4,4,loading,1.625,88586e1b17c40831f7a421db791c6f8166b1dc24661cc37f50d55fc17523f827,3233,74.0,39.0,interior,-0.0,-0.0,-0.0,-0.0,-0.0,-0.0
4,4,loading,1.625,88586e1b17c40831f7a421db791c6f8166b1dc24661cc37f50d55fc17523f827,3234,75.0,39.0,interior,-0.0,-0.0,-0.0,-0.0,-0.0,-0.0
4,4,loading,1.625,88586e1b17c40831f7a421db791c6f8166b1dc24661cc37f50d55fc17523f827,3235,76.0,39.0,interior,-0.0,-0.0,-0.0,-0.0,-0.0,-0.0
4,4,loading,1.625,88586e1b17c40831f7a421db791c6f8166b1dc24661cc37f50d55fc17523f827,3236,77.0,39.0,interior,-0.0,-0.0,-0.0,-0.0,-0.0,-0.0
4,4,loading,1.625,88586e1b17c40831f7a421db791c6f8166b1dc24661cc37f50d55fc17523f827,3237,78.0,39.0,interior,-0.0,-0.0,-0.0,-0.0,-0.0,-0.0
4,4,loading,1.625,88586e1b17c40831f7a421db791c6f8166b1dc24661cc37f50d55fc17523f827,3238,79.0,39.0,interior,-0.0,-0.0,-0.0,-0.0,-0.0,-0.0
4,4,loading,1.625,88586e1b17c40831f7a421db791c6f8166b1dc24661cc37f50d55fc17523f827,3239,80.0,39.0,physical_only,-0.0,-0.0,-0.0,-0.0,-0.0,-0.0
4,4,loading,1.625,88586e1b17c40831f7a421db791c6f8166b1dc24661cc37f50d55fc17523f827,3304,64.0,40.0,physical_and_cut,-2.8763533277621047e-06,1.2237523787661981e-06,-1.8953327537824503e-06,-8.676819578755977e-07,-9.810205739796542e-07,2.0914343366417956e-06
4,4,loading,1.625,88586e1b17c40831f7a421db791c6f8166b1dc24661cc37f50d55fc17523f827,3305,65.0,40.0,cut_only,-0.0,-0.0,-0.0,-0.0,-0.0,-0.0
4,4,loading,1.625,88586e1b17c40831f7a421db791c6f8166b1dc24661cc37f50d55fc17523f827,3306,66.0,40.0,cut_only,-0.0,-0.0,-0.0,-0.0,-0.0,-0.0
4,4,loading,1.625,88586e1b17c40831f7a421db791c6f8166b1dc24661cc37f50d55fc17523f827,3307,67.0,40.0,cut_only,-0.0,-0.0,-0.0,-0.0,-0.0,-0.0
4,4,loading,1.625,88586e1b17c40831f7a421db791c6f8166b1dc24661cc37f50d55fc17523f827,3308,68.0,40.0,cut_only,-0.0,-0.0,-0.0,-0.0,-0.0,-0.0
4,4,loading,1.625,88586e1b17c40831f7a421db791c6f8166b1dc24661cc37f50d55fc17523f827,3309,69.0,40.0,cut_only,-0.0,-0.0,-0.0,-0.0,-0.0,-0.0
4,4,loading,1.625,88586e1b17c40831f7a421db791c6f8166b1dc24661cc37f50d55fc17523f827,3310,70.0,40.0,cut_only,-0.0,-0.0,-0.0,-0.0,-0.0,-0.0
4,4,loading,1.625,88586e1b17c40831f7a421db791c6f8166b1dc24661cc37f50d55fc17523f827,3311,71.0,40.0,cut_only,-0.0,-0.0,-0.0,-0.0,-0.0,-0.0
4,4,loading,1.625,88586e1b17c40831f7a421db791c6f8166b1dc24661cc37f50d55fc17523f827,3312,72.0,40.0,cut_only,-0.0,-0.0,-0.0,-0.0,-0.0,-0.0
4,4,loading,1.625,88586e1b17c40831f7a421db791c6f8166b1dc24661cc37f50d55fc17523f827,3313,73.0,40.0,cut_only,-0.0,-0.0,-0.0,-0.0,-0.0,-0.0
4,4,loading,1.625,88586e1b17c40831f7a421db791c6f8166b1dc24661cc37f50d55fc17523f827,3314,74.0,40.0,cut_only,-0.0,-0.0,-0.0,-0.0,-0.0,-0.0
4,4,loading,1.625,88586e1b17c40831f7a421db791c6f8166b1dc24661cc37f50d55fc17523f827,3315,75.0,40.0,cut_only,-0.0,-0.0,-0.0,-0.0,-0.0,-0.0
4,4,loading,1.625,88586e1b17c40831f7a421db791c6f8166b1dc24661cc37f50d55fc17523f827,3316,76.0,40.0,cut_only,-0.0,-0.0,-0.0,-0.0,-0.0,-0.0
4,4,loading,1.625,88586e1b17c40831f7a421db791c6f8166b1dc24661cc37f50d55fc17523f827,3317,77.0,40.0,cut_only,-0.0,-0.0,-0.0,-0.0,-0.0,-0.0
4,4,loading,1.625,88586e1b17c40831f7a421db791c6f8166b1dc24661cc37f50d55fc17523f827,3318,78.0,40.0,cut_only,-0.0,-0.0,-0.0,-0.0,-0.0,-0.0
4,4,loading,1.625,88586e1b17c40831f7a421db791c6f8166b1dc24661cc37f50d55fc17523f827,3319,79.0,40.0,cut_only,-0.0,-0.0,-0.0,-0.0,-0.0,-0.0
4,4,loading,1.625,88586e1b17c40831f7a421db791c6f8166b1dc24661cc37f50d55fc17523f827,3320,80.0,40.0,physical_and_cut,-0.0,-0.0,-0.0,-0.0,-0.0,-0.0
5,4,loading,1.65625,391d2930718b158e91d8422b8e4167ed5c62ce5e98d6c6c8cc7f3b16fc514574,2656,64.0,32.0,physical_only,-0.0003164119437548876,-0.00019136625224093276,-6.721251993324237e-06,1.1311190358292384e-05,-0.00030969069176156334,-0.00020267744259922513
5,4,loading,1.65625,391d2930718b158e91d8422b8e4167ed5c62ce5e98d6c6c8cc7f3b16fc514574,2657,65.0,32.0,physical_only,2.8527969773312767e-06,-9.659867960984798e-05,-4.4250899483965755e-06,1.2821869218553827e-05,7.277886925727853e-06,-0.00010942054882840188
5,4,loading,1.65625,391d2930718b158e91d8422b8e4167ed5c62ce5e98d6c6c8cc7f3b16fc514574,2658,66.0,32.0,physical_only,2.9404069539486167e-06,-0.00012580299004241464,-4.565649190675427e-06,1.5476922605685177e-05,7.506056144624044e-06,-0.0001412799126480998
5,4,loading,1.65625,391d2930718b158e91d8422b8e4167ed5c62ce5e98d6c6c8cc7f3b16fc514574,2659,67.0,32.0,physical_only,2.4752027820961473e-06,-0.0001596106353636221,-4.716703784022055e-06,1.865486827133964e-05,7.191906566118202e-06,-0.0001782655036349618
5,4,loading,1.65625,391d2930718b158e91d8422b8e4167ed5c62ce5e98d6c6c8cc7f3b16fc514574,2660,68.0,32.0,physical_only,3.6390822724863194e-06,-0.00020091145768518827,-4.880798014723742e-06,2.249103990582624e-05,8.51988028721006e-06,-0.00022340249759101444
5,4,loading,1.65625,391d2930718b158e91d8422b8e4167ed5c62ce5e98d6c6c8cc7f3b16fc514574,2661,69.0,32.0,physical_only,4.699663626315132e-06,-0.00025251471421042855,-5.063168507821973e-06,2.7173270974896075e-05,9.762832134137115e-06,-0.00027968798518532463
5,4,loading,1.65625,391d2930718b158e91d8422b8e4167ed5c62ce5e98d6c6c8cc7f3b16fc514574,2662,70.0,32.0,physical_only,5.720949844081907e-06,-0.00031519094820416636,-5.271792073962712e-06,3.297131346914253e-05,1.0992741918044611e-05,-0.00034816226167330906
5,4,loading,1.65625,391d2930718b158e91d8422b8e4167ed5c62ce5e98d6c6c8cc7f3b16fc514574,2663,71.0,32.0,physical_only,6.647689460822194e-06,-0.00039052973518318075,-5.517424328816289e-06,4.0281355023817964e-05,1.2165113789638495e-05,-0.00043081109020699847
5,4,loading,1.65625,391d2930718b158e91d8422b8e4167ed5c62ce5e98d6c6c8cc7f3b16fc514574,2664,72.0,32.0,physical_only,7.489548908554822e-06,-0.00048008756772666226,-5.81602831166127e-06,4.9706248973847766e-05,1.3305577220216092e-05,-0.0005297938167005099
5,4,loading,1.65625,391d2930718b158e91d8422b8e4167ed5c62ce5e98d6c6c8cc7f3b16fc514574,2665,73.0,32.0,physical_only,7.678388609862853e-06,-0.0005831670248411724,-6.191468285036243e-06,6.22002335719262e-05,1.3869856894899098e-05,-0.0006453672584130986
5,4,loading,1.65625,391d2930718b158e91d8422b8e4167ed5c62ce5e98d6c6c8cc7f3b16fc514574,2666,74.0,32.0,physical_only,1.3885883535695825e-05,-0.0007027250581425363,-6.6849116458430146e-06,7.93642076294659e-05,2.0570795181538862e-05,-0.0007820892657720026
5,4,loading,1.65625,391d2930718b158e91d8422b8e4167ed5c62ce5e98d6c6c8cc7f3b16fc514574,2667,75.0,32.0,physical_only,2.7037844145019258e-05,-0.0008529671694257179,-7.376183111373331e-06,0.00010412684096279068,3.441402725639259e-05,-0.0009570940103885081
5,4,loading,1.65625,391d2930718b158e91d8422b8e4167ed5c62ce5e98d6c6c8cc7f3b16fc514574,2668,76.0,32.0,physical_only,4.52048510509293e-05,-0.001053365504089388,-8.434158048784239e-06,0.00014251188456530068,5.363900909971354e-05,-0.0011958773886546889
5,4,loading,1.65625,391d2930718b158e91d8422b8e4167ed5c62ce5e98d6c6c8cc7f3b16fc514574,2669,77.0,32.0,physical_only,5.015162090957984e-05,-0.0012830619771104302,-1.0237264165511128e-05,0.00020884399563907296,6.038888507509094e-05,-0.0014919059727495033
5,4,loading,1.65625,391d2930718b158e91d8422b8e4167ed5c62ce5e98d6c6c8cc7f3b16fc514574,2670,78.0,32.0,physical_only,4.804345824621376e-05,-0.001483865015861104,-1.3881688053537695e-05,0.00034617486088123987,6.19251462997515e-05,-0.0018300398767423422
5,4,loading,1.65625,391d2930718b158e91d8422b8e4167ed5c62ce5e98d6c6c8cc7f3b16fc514574,2671,79.0,32.0,physical_only,1.5094949347218352e-05,-0.0011663613675733549,-2.4161629044309735e-05,0.0007577332616110484,3.925657839152808e-05,-0.0019240946291844037
5,4,loading,1.65625,391d2930718b158e91d8422b8e4167ed5c62ce5e98d6c6c8cc7f3b16fc514574,2672,80.0,32.0,physical_only,-0.00041832743954142487,0.011863307035689892,3.507751942844862e-06,0.0003974347693858229,-0.00042183519148426975,0.01146587226630407
5,4,loading,1.65625,391d2930718b158e91d8422b8e4167ed5c62ce5e98d6c6c8cc7f3b16fc514574,2737,64.0,33.0,physical_only,-6.69545249413724e-06,3.299266658372748e-08,-2.879514300527459e-06,-4.4862121850047654e-08,-3.815938193609779e-06,7.785478843377534e-08
5,4,loading,1.65625,391d2930718b158e91d8422b8e4167ed5c62ce5e98d6c6c8cc7f3b16fc514574,2738,65.0,33.0,interior,-0.0,-0.0,-0.0,-0.0,-0.0,-0.0
5,4,loading,1.65625,391d2930718b158e91d8422b8e4167ed5c62ce5e98d6c6c8cc7f3b16fc514574,2739,66.0,33.0,interior,-0.0,-0.0,-0.0,-0.0,-0.0,-0.0
5,4,loading,1.65625,391d2930718b158e91d8422b8e4167ed5c62ce5e98d6c6c8cc7f3b16fc514574,2740,67.0,33.0,interior,-0.0,-0.0,-0.0,-0.0,-0.0,-0.0
5,4,loading,1.65625,391d2930718b158e91d8422b8e4167ed5c62ce5e98d6c6c8cc7f3b16fc514574,2741,68.0,33.0,interior,-0.0,-0.0,-0.0,-0.0,-0.0,-0.0
5,4,loading,1.65625,391d2930718b158e91d8422b8e4167ed5c62ce5e98d6c6c8cc7f3b16fc514574,2742,69.0,33.0,interior,-0.0,-0.0,-0.0,-0.0,-0.0,-0.0
5,4,loading,1.65625,391d2930718b158e91d8422b8e4167ed5c62ce5e98d6c6c8cc7f3b16fc514574,2743,70.0,33.0,interior,-0.0,-0.0,-0.0,-0.0,-0.0,-0.0
5,4,loading,1.65625,391d2930718b158e91d8422b8e4167ed5c62ce5e98d6c6c8cc7f3b16fc514574,2744,71.0,33.0,interior,-0.0,-0.0,-0.0,-0.0,-0.0,-0.0
5,4,loading,1.65625,391d2930718b158e91d8422b8e4167ed5c62ce5e98d6c6c8cc7f3b16fc514574,2745,72.0,33.0,interior,-0.0,-0.0,-0.0,-0.0,-0.0,-0.0
5,4,loading,1.65625,391d2930718b158e91d8422b8e4167ed5c62ce5e98d6c6c8cc7f3b16fc514574,2746,73.0,33.0,interior,-0.0,-0.0,-0.0,-0.0,-0.0,-0.0
5,4,loading,1.65625,391d2930718b158e91d8422b8e4167ed5c62ce5e98d6c6c8cc7f3b16fc514574,2747,74.0,33.0,interior,-0.0,-0.0,-0.0,-0.0,-0.0,-0.0
5,4,loading,1.65625,391d2930718b158e91d8422b8e4167ed5c62ce5e98d6c6c8cc7f3b16fc514574,2748,75.0,33.0,interior,-0.0,-0.0,-0.0,-0.0,-0.0,-0.0
5,4,loading,1.65625,391d2930718b158e91d8422b8e4167ed5c62ce5e98d6c6c8cc7f3b16fc514574,2749,76.0,33.0,interior,-0.0,-0.0,-0.0,-0.0,-0.0,-0.0
5,4,loading,1.65625,391d2930718b158e91d8422b8e4167ed5c62ce5e98d6c6c8cc7f3b16fc514574,2750,77.0,33.0,interior,-0.0,-0.0,-0.0,-0.0,-0.0,-0.0
5,4,loading,1.65625,391d2930718b158e91d8422b8e4167ed5c62ce5e98d6c6c8cc7f3b16fc514574,2751,78.0,33.0,interior,-0.0,-0.0,-0.0,-0.0,-0.0,-0.0
5,4,loading,1.65625,391d2930718b158e91d8422b8e4167ed5c62ce5e98d6c6c8cc7f3b16fc514574,2752,79.0,33.0,interior,-0.0,-0.0,-0.0,-0.0,-0.0,-0.0
5,4,loading,1.65625,391d2930718b158e91d8422b8e4167ed5c62ce5e98d6c6c8cc7f3b16fc514574,2753,80.0,33.0,physical_only,-0.0,-0.0,-0.0,-0.0,-0.0,-0.0
5,4,loading,1.65625,391d2930718b158e91d8422b8e4167ed5c62ce5e98d6c6c8cc7f3b16fc514574,2818,64.0,34.0,physical_only,-6.063873028891729e-06,2.3848973998733513e-07,-3.140340107236633e-06,-3.7484054874247935e-08,-2.9235329216550973e-06,2.759737948615833e-07
5,4,loading,1.65625,391d2930718b158e91d8422b8e4167ed5c62ce5e98d6c6c8cc7f3b16fc514574,2819,65.0,34.0,interior,-0.0,-0.0,-0.0,-0.0,-0.0,-0.0
5,4,loading,1.65625,391d2930718b158e91d8422b8e4167ed5c62ce5e98d6c6c8cc7f3b16fc514574,2820,66.0,34.0,interior,-0.0,-0.0,-0.0,-0.0,-0.0,-0.0
5,4,loading,1.65625,391d2930718b158e91d8422b8e4167ed5c62ce5e98d6c6c8cc7f3b16fc514574,2821,67.0,34.0,interior,-0.0,-0.0,-0.0,-0.0,-0.0,-0.0
5,4,loading,1.65625,391d2930718b158e91d8422b8e4167ed5c62ce5e98d6c6c8cc7f3b16fc514574,2822,68.0,34.0,interior,-0.0,-0.0,-0.0,-0.0,-0.0,-0.0
5,4,loading,1.65625,391d2930718b158e91d8422b8e4167ed5c62ce5e98d6c6c8cc7f3b16fc514574,2823,69.0,34.0,interior,-0.0,-0.0,-0.0,-0.0,-0.0,-0.0
5,4,loading,1.65625,391d2930718b158e91d8422b8e4167ed5c62ce5e98d6c6c8cc7f3b16fc514574,2824,70.0,34.0,interior,-0.0,-0.0,-0.0,-0.0,-0.0,-0.0
5,4,loading,1.65625,391d2930718b158e91d8422b8e4167ed5c62ce5e98d6c6c8cc7f3b16fc514574,2825,71.0,34.0,interior,-0.0,-0.0,-0.0,-0.0,-0.0,-0.0
5,4,loading,1.65625,391d2930718b158e91d8422b8e4167ed5c62ce5e98d6c6c8cc7f3b16fc514574,2826,72.0,34.0,interior,-0.0,-0.0,-0.0,-0.0,-0.0,-0.0
5,4,loading,1.65625,391d2930718b158e91d8422b8e4167ed5c62ce5e98d6c6c8cc7f3b16fc514574,2827,73.0,34.0,interior,-0.0,-0.0,-0.0,-0.0,-0.0,-0.0
5,4,loading,1.65625,391d2930718b158e91d8422b8e4167ed5c62ce5e98d6c6c8cc7f3b16fc514574,2828,74.0,34.0,interior,-0.0,-0.0,-0.0,-0.0,-0.0,-0.0
5,4,loading,1.65625,391d2930718b158e91d8422b8e4167ed5c62ce5e98d6c6c8cc7f3b16fc514574,2829,75.0,34.0,interior,-0.0,-0.0,-0.0,-0.0,-0.0,-0.0
5,4,loading,1.65625,391d2930718b158e91d8422b8e4167ed5c62ce5e98d6c6c8cc7f3b16fc514574,2830,76.0,34.0,interior,-0.0,-0.0,-0.0,-0.0,-0.0,-0.0
5,4,loading,1.65625,391d2930718b158e91d8422b8e4167ed5c62ce5e98d6c6c8cc7f3b16fc514574,2831,77.0,34.0,interior,-0.0,-0.0,-0.0,-0.0,-0.0,-0.0
5,4,loading,1.65625,391d2930718b158e91d8422b8e4167ed5c62ce5e98d6c6c8cc7f3b16fc514574,2832,78.0,34.0,interior,-0.0,-0.0,-0.0,-0.0,-0.0,-0.0
5,4,loading,1.65625,391d2930718b158e91d8422b8e4167ed5c62ce5e98d6c6c8cc7f3b16fc514574,2833,79.0,34.0,interior,-0.0,-0.0,-0.0,-0.0,-0.0,-0.0
5,4,loading,1.65625,391d2930718b158e91d8422b8e4167ed5c62ce5e98d6c6c8cc7f3b16fc514574,2834,80.0,34.0,physical_only,-0.0,-0.0,-0.0,-0.0,-0.0,-0.0
5,4,loading,1.65625,391d2930718b158e91d8422b8e4167ed5c62ce5e98d6c6c8cc7f3b16fc514574,2899,64.0,35.0,physical_only,-5.795059182736043e-06,3.908872234228408e-07,-3.355597932814702e-06,-2.7884584857349346e-08,-2.439461249921341e-06,4.1877180828018953e-07
5,4,loading,1.65625,391d2930718b158e91d8422b8e4167ed5c62ce5e98d6c6c8cc7f3b16fc514574,2900,65.0,35.0,interior,-0.0,-0.0,-0.0,-0.0,-0.0,-0.0
5,4,loading,1.65625,391d2930718b158e91d8422b8e4167ed5c62ce5e98d6c6c8cc7f3b16fc514574,2901,66.0,35.0,interior,-0.0,-0.0,-0.0,-0.0,-0.0,-0.0
5,4,loading,1.65625,391d2930718b158e91d8422b8e4167ed5c62ce5e98d6c6c8cc7f3b16fc514574,2902,67.0,35.0,interior,-0.0,-0.0,-0.0,-0.0,-0.0,-0.0
5,4,loading,1.65625,391d2930718b158e91d8422b8e4167ed5c62ce5e98d6c6c8cc7f3b16fc514574,2903,68.0,35.0,interior,-0.0,-0.0,-0.0,-0.0,-0.0,-0.0
5,4,loading,1.65625,391d2930718b158e91d8422b8e4167ed5c62ce5e98d6c6c8cc7f3b16fc514574,2904,69.0,35.0,interior,-0.0,-0.0,-0.0,-0.0,-0.0,-0.0
5,4,loading,1.65625,391d2930718b158e91d8422b8e4167ed5c62ce5e98d6c6c8cc7f3b16fc514574,2905,70.0,35.0,interior,-0.0,-0.0,-0.0,-0.0,-0.0,-0.0
5,4,loading,1.65625,391d2930718b158e91d8422b8e4167ed5c62ce5e98d6c6c8cc7f3b16fc514574,2906,71.0,35.0,interior,-0.0,-0.0,-0.0,-0.0,-0.0,-0.0
5,4,loading,1.65625,391d2930718b158e91d8422b8e4167ed5c62ce5e98d6c6c8cc7f3b16fc514574,2907,72.0,35.0,interior,-0.0,-0.0,-0.0,-0.0,-0.0,-0.0
5,4,loading,1.65625,391d2930718b158e91d8422b8e4167ed5c62ce5e98d6c6c8cc7f3b16fc514574,2908,73.0,35.0,interior,-0.0,-0.0,-0.0,-0.0,-0.0,-0.0
5,4,loading,1.65625,391d2930718b158e91d8422b8e4167ed5c62ce5e98d6c6c8cc7f3b16fc514574,2909,74.0,35.0,interior,-0.0,-0.0,-0.0,-0.0,-0.0,-0.0
5,4,loading,1.65625,391d2930718b158e91d8422b8e4167ed5c62ce5e98d6c6c8cc7f3b16fc514574,2910,75.0,35.0,interior,-0.0,-0.0,-0.0,-0.0,-0.0,-0.0
5,4,loading,1.65625,391d2930718b158e91d8422b8e4167ed5c62ce5e98d6c6c8cc7f3b16fc514574,2911,76.0,35.0,interior,-0.0,-0.0,-0.0,-0.0,-0.0,-0.0
5,4,loading,1.65625,391d2930718b158e91d8422b8e4167ed5c62ce5e98d6c6c8cc7f3b16fc514574,2912,77.0,35.0,interior,-0.0,-0.0,-0.0,-0.0,-0.0,-0.0
5,4,loading,1.65625,391d2930718b158e91d8422b8e4167ed5c62ce5e98d6c6c8cc7f3b16fc514574,2913,78.0,35.0,interior,-0.0,-0.0,-0.0,-0.0,-0.0,-0.0
5,4,loading,1.65625,391d2930718b158e91d8422b8e4167ed5c62ce5e98d6c6c8cc7f3b16fc514574,2914,79.0,35.0,interior,-0.0,-0.0,-0.0,-0.0,-0.0,-0.0
5,4,loading,1.65625,391d2930718b158e91d8422b8e4167ed5c62ce5e98d6c6c8cc7f3b16fc514574,2915,80.0,35.0,physical_only,-0.0,-0.0,-0.0,-0.0,-0.0,-0.0
5,4,loading,1.65625,391d2930718b158e91d8422b8e4167ed5c62ce5e98d6c6c8cc7f3b16fc514574,2980,64.0,36.0,physical_only,-5.739782510875429e-06,4.336137740083951e-07,-3.5303405056789356e-06,-1.856927208022042e-08,-2.2094420051964924e-06,4.5218304608861553e-07
5,4,loading,1.65625,391d2930718b158e91d8422b8e4167ed5c62ce5e98d6c6c8cc7f3b16fc514574,2981,65.0,36.0,interior,-0.0,-0.0,-0.0,-0.0,-0.0,-0.0
5,4,loading,1.65625,391d2930718b158e91d8422b8e4167ed5c62ce5e98d6c6c8cc7f3b16fc514574,2982,66.0,36.0,interior,-0.0,-0.0,-0.0,-0.0,-0.0,-0.0
5,4,loading,1.65625,391d2930718b158e91d8422b8e4167ed5c62ce5e98d6c6c8cc7f3b16fc514574,2983,67.0,36.0,interior,-0.0,-0.0,-0.0,-0.0,-0.0,-0.0
5,4,loading,1.65625,391d2930718b158e91d8422b8e4167ed5c62ce5e98d6c6c8cc7f3b16fc514574,2984,68.0,36.0,interior,-0.0,-0.0,-0.0,-0.0,-0.0,-0.0
5,4,loading,1.65625,391d2930718b158e91d8422b8e4167ed5c62ce5e98d6c6c8cc7f3b16fc514574,2985,69.0,36.0,interior,-0.0,-0.0,-0.0,-0.0,-0.0,-0.0
5,4,loading,1.65625,391d2930718b158e91d8422b8e4167ed5c62ce5e98d6c6c8cc7f3b16fc514574,2986,70.0,36.0,interior,-0.0,-0.0,-0.0,-0.0,-0.0,-0.0
5,4,loading,1.65625,391d2930718b158e91d8422b8e4167ed5c62ce5e98d6c6c8cc7f3b16fc514574,2987,71.0,36.0,interior,-0.0,-0.0,-0.0,-0.0,-0.0,-0.0
5,4,loading,1.65625,391d2930718b158e91d8422b8e4167ed5c62ce5e98d6c6c8cc7f3b16fc514574,2988,72.0,36.0,interior,-0.0,-0.0,-0.0,-0.0,-0.0,-0.0
5,4,loading,1.65625,391d2930718b158e91d8422b8e4167ed5c62ce5e98d6c6c8cc7f3b16fc514574,2989,73.0,36.0,interior,-0.0,-0.0,-0.0,-0.0,-0.0,-0.0
5,4,loading,1.65625,391d2930718b158e91d8422b8e4167ed5c62ce5e98d6c6c8cc7f3b16fc514574,2990,74.0,36.0,interior,-0.0,-0.0,-0.0,-0.0,-0.0,-0.0
5,4,loading,1.65625,391d2930718b158e91d8422b8e4167ed5c62ce5e98d6c6c8cc7f3b16fc514574,2991,75.0,36.0,interior,-0.0,-0.0,-0.0,-0.0,-0.0,-0.0
5,4,loading,1.65625,391d2930718b158e91d8422b8e4167ed5c62ce5e98d6c6c8cc7f3b16fc514574,2992,76.0,36.0,interior,-0.0,-0.0,-0.0,-0.0,-0.0,-0.0
5,4,loading,1.65625,391d2930718b158e91d8422b8e4167ed5c62ce5e98d6c6c8cc7f3b16fc514574,2993,77.0,36.0,interior,-0.0,-0.0,-0.0,-0.0,-0.0,-0.0
5,4,loading,1.65625,391d2930718b158e91d8422b8e4167ed5c62ce5e98d6c6c8cc7f3b16fc514574,2994,78.0,36.0,interior,-0.0,-0.0,-0.0,-0.0,-0.0,-0.0
5,4,loading,1.65625,391d2930718b158e91d8422b8e4167ed5c62ce5e98d6c6c8cc7f3b16fc514574,2995,79.0,36.0,interior,-0.0,-0.0,-0.0,-0.0,-0.0,-0.0
5,4,loading,1.65625,391d2930718b158e91d8422b8e4167ed5c62ce5e98d6c6c8cc7f3b16fc514574,2996,80.0,36.0,physical_only,-0.0,-0.0,-0.0,-0.0,-0.0,-0.0
5,4,loading,1.65625,391d2930718b158e91d8422b8e4167ed5c62ce5e98d6c6c8cc7f3b16fc514574,3061,64.0,37.0,physical_only,-5.770130850755772e-06,3.848237596494913e-07,-3.6665164595355587e-06,-1.107512239760431e-08,-2.1036143912202115e-06,3.9589888204709573e-07
5,4,loading,1.65625,391d2930718b158e91d8422b8e4167ed5c62ce5e98d6c6c8cc7f3b16fc514574,3062,65.0,37.0,interior,-0.0,-0.0,-0.0,-0.0,-0.0,-0.0
5,4,loading,1.65625,391d2930718b158e91d8422b8e4167ed5c62ce5e98d6c6c8cc7f3b16fc514574,3063,66.0,37.0,interior,-0.0,-0.0,-0.0,-0.0,-0.0,-0.0
5,4,loading,1.65625,391d2930718b158e91d8422b8e4167ed5c62ce5e98d6c6c8cc7f3b16fc514574,3064,67.0,37.0,interior,-0.0,-0.0,-0.0,-0.0,-0.0,-0.0
5,4,loading,1.65625,391d2930718b158e91d8422b8e4167ed5c62ce5e98d6c6c8cc7f3b16fc514574,3065,68.0,37.0,interior,-0.0,-0.0,-0.0,-0.0,-0.0,-0.0
5,4,loading,1.65625,391d2930718b158e91d8422b8e4167ed5c62ce5e98d6c6c8cc7f3b16fc514574,3066,69.0,37.0,interior,-0.0,-0.0,-0.0,-0.0,-0.0,-0.0
5,4,loading,1.65625,391d2930718b158e91d8422b8e4167ed5c62ce5e98d6c6c8cc7f3b16fc514574,3067,70.0,37.0,interior,-0.0,-0.0,-0.0,-0.0,-0.0,-0.0
5,4,loading,1.65625,391d2930718b158e91d8422b8e4167ed5c62ce5e98d6c6c8cc7f3b16fc514574,3068,71.0,37.0,interior,-0.0,-0.0,-0.0,-0.0,-0.0,-0.0
5,4,loading,1.65625,391d2930718b158e91d8422b8e4167ed5c62ce5e98d6c6c8cc7f3b16fc514574,3069,72.0,37.0,interior,-0.0,-0.0,-0.0,-0.0,-0.0,-0.0
5,4,loading,1.65625,391d2930718b158e91d8422b8e4167ed5c62ce5e98d6c6c8cc7f3b16fc514574,3070,73.0,37.0,interior,-0.0,-0.0,-0.0,-0.0,-0.0,-0.0
5,4,loading,1.65625,391d2930718b158e91d8422b8e4167ed5c62ce5e98d6c6c8cc7f3b16fc514574,3071,74.0,37.0,interior,-0.0,-0.0,-0.0,-0.0,-0.0,-0.0
5,4,loading,1.65625,391d2930718b158e91d8422b8e4167ed5c62ce5e98d6c6c8cc7f3b16fc514574,3072,75.0,37.0,interior,-0.0,-0.0,-0.0,-0.0,-0.0,-0.0
5,4,loading,1.65625,391d2930718b158e91d8422b8e4167ed5c62ce5e98d6c6c8cc7f3b16fc514574,3073,76.0,37.0,interior,-0.0,-0.0,-0.0,-0.0,-0.0,-0.0
5,4,loading,1.65625,391d2930718b158e91d8422b8e4167ed5c62ce5e98d6c6c8cc7f3b16fc514574,3074,77.0,37.0,interior,-0.0,-0.0,-0.0,-0.0,-0.0,-0.0
5,4,loading,1.65625,391d2930718b158e91d8422b8e4167ed5c62ce5e98d6c6c8cc7f3b16fc514574,3075,78.0,37.0,interior,-0.0,-0.0,-0.0,-0.0,-0.0,-0.0
5,4,loading,1.65625,391d2930718b158e91d8422b8e4167ed5c62ce5e98d6c6c8cc7f3b16fc514574,3076,79.0,37.0,interior,-0.0,-0.0,-0.0,-0.0,-0.0,-0.0
5,4,loading,1.65625,391d2930718b158e91d8422b8e4167ed5c62ce5e98d6c6c8cc7f3b16fc514574,3077,80.0,37.0,physical_only,-0.0,-0.0,-0.0,-0.0,-0.0,-0.0
5,4,loading,1.65625,391d2930718b158e91d8422b8e4167ed5c62ce5e98d6c6c8cc7f3b16fc514574,3142,64.0,38.0,physical_only,-5.815897540451575e-06,2.7740254584302596e-07,-3.7643180154602615e-06,-5.813311694198574e-09,-2.0515795249913142e-06,2.8321585753722464e-07
5,4,loading,1.65625,391d2930718b158e91d8422b8e4167ed5c62ce5e98d6c6c8cc7f3b16fc514574,3143,65.0,38.0,interior,-0.0,-0.0,-0.0,-0.0,-0.0,-0.0
5,4,loading,1.65625,391d2930718b158e91d8422b8e4167ed5c62ce5e98d6c6c8cc7f3b16fc514574,3144,66.0,38.0,interior,-0.0,-0.0,-0.0,-0.0,-0.0,-0.0
5,4,loading,1.65625,391d2930718b158e91d8422b8e4167ed5c62ce5e98d6c6c8cc7f3b16fc514574,3145,67.0,38.0,interior,-0.0,-0.0,-0.0,-0.0,-0.0,-0.0
5,4,loading,1.65625,391d2930718b158e91d8422b8e4167ed5c62ce5e98d6c6c8cc7f3b16fc514574,3146,68.0,38.0,interior,-0.0,-0.0,-0.0,-0.0,-0.0,-0.0
5,4,loading,1.65625,391d2930718b158e91d8422b8e4167ed5c62ce5e98d6c6c8cc7f3b16fc514574,3147,69.0,38.0,interior,-0.0,-0.0,-0.0,-0.0,-0.0,-0.0
5,4,loading,1.65625,391d2930718b158e91d8422b8e4167ed5c62ce5e98d6c6c8cc7f3b16fc514574,3148,70.0,38.0,interior,-0.0,-0.0,-0.0,-0.0,-0.0,-0.0
5,4,loading,1.65625,391d2930718b158e91d8422b8e4167ed5c62ce5e98d6c6c8cc7f3b16fc514574,3149,71.0,38.0,interior,-0.0,-0.0,-0.0,-0.0,-0.0,-0.0
5,4,loading,1.65625,391d2930718b158e91d8422b8e4167ed5c62ce5e98d6c6c8cc7f3b16fc514574,3150,72.0,38.0,interior,-0.0,-0.0,-0.0,-0.0,-0.0,-0.0
5,4,loading,1.65625,391d2930718b158e91d8422b8e4167ed5c62ce5e98d6c6c8cc7f3b16fc514574,3151,73.0,38.0,interior,-0.0,-0.0,-0.0,-0.0,-0.0,-0.0
5,4,loading,1.65625,391d2930718b158e91d8422b8e4167ed5c62ce5e98d6c6c8cc7f3b16fc514574,3152,74.0,38.0,interior,-0.0,-0.0,-0.0,-0.0,-0.0,-0.0
5,4,loading,1.65625,391d2930718b158e91d8422b8e4167ed5c62ce5e98d6c6c8cc7f3b16fc514574,3153,75.0,38.0,interior,-0.0,-0.0,-0.0,-0.0,-0.0,-0.0
5,4,loading,1.65625,391d2930718b158e91d8422b8e4167ed5c62ce5e98d6c6c8cc7f3b16fc514574,3154,76.0,38.0,interior,-0.0,-0.0,-0.0,-0.0,-0.0,-0.0
5,4,loading,1.65625,391d2930718b158e91d8422b8e4167ed5c62ce5e98d6c6c8cc7f3b16fc514574,3155,77.0,38.0,interior,-0.0,-0.0,-0.0,-0.0,-0.0,-0.0
5,4,loading,1.65625,391d2930718b158e91d8422b8e4167ed5c62ce5e98d6c6c8cc7f3b16fc514574,3156,78.0,38.0,interior,-0.0,-0.0,-0.0,-0.0,-0.0,-0.0
5,4,loading,1.65625,391d2930718b158e91d8422b8e4167ed5c62ce5e98d6c6c8cc7f3b16fc514574,3157,79.0,38.0,interior,-0.0,-0.0,-0.0,-0.0,-0.0,-0.0
5,4,loading,1.65625,391d2930718b158e91d8422b8e4167ed5c62ce5e98d6c6c8cc7f3b16fc514574,3158,80.0,38.0,physical_only,-0.0,-0.0,-0.0,-0.0,-0.0,-0.0
5,4,loading,1.65625,391d2930718b158e91d8422b8e4167ed5c62ce5e98d6c6c8cc7f3b16fc514574,3223,64.0,39.0,physical_only,-5.846845693103389e-06,1.4283741439262912e-07,-3.8233004261322015e-06,-2.3998328520588117e-09,-2.0235452669711867e-06,1.4523724724468793e-07
5,4,loading,1.65625,391d2930718b158e91d8422b8e4167ed5c62ce5e98d6c6c8cc7f3b16fc514574,3224,65.0,39.0,interior,-0.0,-0.0,-0.0,-0.0,-0.0,-0.0
5,4,loading,1.65625,391d2930718b158e91d8422b8e4167ed5c62ce5e98d6c6c8cc7f3b16fc514574,3225,66.0,39.0,interior,-0.0,-0.0,-0.0,-0.0,-0.0,-0.0
5,4,loading,1.65625,391d2930718b158e91d8422b8e4167ed5c62ce5e98d6c6c8cc7f3b16fc514574,3226,67.0,39.0,interior,-0.0,-0.0,-0.0,-0.0,-0.0,-0.0
5,4,loading,1.65625,391d2930718b158e91d8422b8e4167ed5c62ce5e98d6c6c8cc7f3b16fc514574,3227,68.0,39.0,interior,-0.0,-0.0,-0.0,-0.0,-0.0,-0.0
5,4,loading,1.65625,391d2930718b158e91d8422b8e4167ed5c62ce5e98d6c6c8cc7f3b16fc514574,3228,69.0,39.0,interior,-0.0,-0.0,-0.0,-0.0,-0.0,-0.0
5,4,loading,1.65625,391d2930718b158e91d8422b8e4167ed5c62ce5e98d6c6c8cc7f3b16fc514574,3229,70.0,39.0,interior,-0.0,-0.0,-0.0,-0.0,-0.0,-0.0
5,4,loading,1.65625,391d2930718b158e91d8422b8e4167ed5c62ce5e98d6c6c8cc7f3b16fc514574,3230,71.0,39.0,interior,-0.0,-0.0,-0.0,-0.0,-0.0,-0.0
5,4,loading,1.65625,391d2930718b158e91d8422b8e4167ed5c62ce5e98d6c6c8cc7f3b16fc514574,3231,72.0,39.0,interior,-0.0,-0.0,-0.0,-0.0,-0.0,-0.0
5,4,loading,1.65625,391d2930718b158e91d8422b8e4167ed5c62ce5e98d6c6c8cc7f3b16fc514574,3232,73.0,39.0,interior,-0.0,-0.0,-0.0,-0.0,-0.0,-0.0
5,4,loading,1.65625,391d2930718b158e91d8422b8e4167ed5c62ce5e98d6c6c8cc7f3b16fc514574,3233,74.0,39.0,interior,-0.0,-0.0,-0.0,-0.0,-0.0,-0.0
5,4,loading,1.65625,391d2930718b158e91d8422b8e4167ed5c62ce5e98d6c6c8cc7f3b16fc514574,3234,75.0,39.0,interior,-0.0,-0.0,-0.0,-0.0,-0.0,-0.0
5,4,loading,1.65625,391d2930718b158e91d8422b8e4167ed5c62ce5e98d6c6c8cc7f3b16fc514574,3235,76.0,39.0,interior,-0.0,-0.0,-0.0,-0.0,-0.0,-0.0
5,4,loading,1.65625,391d2930718b158e91d8422b8e4167ed5c62ce5e98d6c6c8cc7f3b16fc514574,3236,77.0,39.0,interior,-0.0,-0.0,-0.0,-0.0,-0.0,-0.0
5,4,loading,1.65625,391d2930718b158e91d8422b8e4167ed5c62ce5e98d6c6c8cc7f3b16fc514574,3237,78.0,39.0,interior,-0.0,-0.0,-0.0,-0.0,-0.0,-0.0
5,4,loading,1.65625,391d2930718b158e91d8422b8e4167ed5c62ce5e98d6c6c8cc7f3b16fc514574,3238,79.0,39.0,interior,-0.0,-0.0,-0.0,-0.0,-0.0,-0.0
5,4,loading,1.65625,391d2930718b158e91d8422b8e4167ed5c62ce5e98d6c6c8cc7f3b16fc514574,3239,80.0,39.0,physical_only,-0.0,-0.0,-0.0,-0.0,-0.0,-0.0
5,4,loading,1.65625,391d2930718b158e91d8422b8e4167ed5c62ce5e98d6c6c8cc7f3b16fc514574,3304,64.0,40.0,physical_and_cut,-2.9285106269549977e-06,1.306907662961333e-06,-1.9215090593986286e-06,-8.806650754105488e-07,-1.0070015675563689e-06,2.187572738371882e-06
5,4,loading,1.65625,391d2930718b158e91d8422b8e4167ed5c62ce5e98d6c6c8cc7f3b16fc514574,3305,65.0,40.0,cut_only,-0.0,-0.0,-0.0,-0.0,-0.0,-0.0
5,4,loading,1.65625,391d2930718b158e91d8422b8e4167ed5c62ce5e98d6c6c8cc7f3b16fc514574,3306,66.0,40.0,cut_only,-0.0,-0.0,-0.0,-0.0,-0.0,-0.0
5,4,loading,1.65625,391d2930718b158e91d8422b8e4167ed5c62ce5e98d6c6c8cc7f3b16fc514574,3307,67.0,40.0,cut_only,-0.0,-0.0,-0.0,-0.0,-0.0,-0.0
5,4,loading,1.65625,391d2930718b158e91d8422b8e4167ed5c62ce5e98d6c6c8cc7f3b16fc514574,3308,68.0,40.0,cut_only,-0.0,-0.0,-0.0,-0.0,-0.0,-0.0
5,4,loading,1.65625,391d2930718b158e91d8422b8e4167ed5c62ce5e98d6c6c8cc7f3b16fc514574,3309,69.0,40.0,cut_only,-0.0,-0.0,-0.0,-0.0,-0.0,-0.0
5,4,loading,1.65625,391d2930718b158e91d8422b8e4167ed5c62ce5e98d6c6c8cc7f3b16fc514574,3310,70.0,40.0,cut_only,-0.0,-0.0,-0.0,-0.0,-0.0,-0.0
5,4,loading,1.65625,391d2930718b158e91d8422b8e4167ed5c62ce5e98d6c6c8cc7f3b16fc514574,3311,71.0,40.0,cut_only,-0.0,-0.0,-0.0,-0.0,-0.0,-0.0
5,4,loading,1.65625,391d2930718b158e91d8422b8e4167ed5c62ce5e98d6c6c8cc7f3b16fc514574,3312,72.0,40.0,cut_only,-0.0,-0.0,-0.0,-0.0,-0.0,-0.0
5,4,loading,1.65625,391d2930718b158e91d8422b8e4167ed5c62ce5e98d6c6c8cc7f3b16fc514574,3313,73.0,40.0,cut_only,-0.0,-0.0,-0.0,-0.0,-0.0,-0.0
5,4,loading,1.65625,391d2930718b158e91d8422b8e4167ed5c62ce5e98d6c6c8cc7f3b16fc514574,3314,74.0,40.0,cut_only,-0.0,-0.0,-0.0,-0.0,-0.0,-0.0
5,4,loading,1.65625,391d2930718b158e91d8422b8e4167ed5c62ce5e98d6c6c8cc7f3b16fc514574,3315,75.0,40.0,cut_only,-0.0,-0.0,-0.0,-0.0,-0.0,-0.0
5,4,loading,1.65625,391d2930718b158e91d8422b8e4167ed5c62ce5e98d6c6c8cc7f3b16fc514574,3316,76.0,40.0,cut_only,-0.0,-0.0,-0.0,-0.0,-0.0,-0.0
5,4,loading,1.65625,391d2930718b158e91d8422b8e4167ed5c62ce5e98d6c6c8cc7f3b16fc514574,3317,77.0,40.0,cut_only,-0.0,-0.0,-0.0,-0.0,-0.0,-0.0
5,4,loading,1.65625,391d2930718b158e91d8422b8e4167ed5c62ce5e98d6c6c8cc7f3b16fc514574,3318,78.0,40.0,cut_only,-0.0,-0.0,-0.0,-0.0,-0.0,-0.0
5,4,loading,1.65625,391d2930718b158e91d8422b8e4167ed5c62ce5e98d6c6c8cc7f3b16fc514574,3319,79.0,40.0,cut_only,-0.0,-0.0,-0.0,-0.0,-0.0,-0.0
5,4,loading,1.65625,391d2930718b158e91d8422b8e4167ed5c62ce5e98d6c6c8cc7f3b16fc514574,3320,80.0,40.0,physical_and_cut,-0.0,-0.0,-0.0,-0.0,-0.0,-0.0
6,4,loading,1.671875,756dae90751a3f63608ef9d95e2d05830d05c7662455ef6d3711bf2997912fc3,2656,64.0,32.0,physical_only,-0.0003199409990370373,-0.0001966559001485873,-6.8358988729050685e-06,1.1492630554112386e-05,-0.0003131051001641322,-0.00020814853070269974
6,4,loading,1.671875,756dae90751a3f63608ef9d95e2d05830d05c7662455ef6d3711bf2997912fc3,2657,65.0,32.0,physical_only,2.890106333883709e-06,-9.966619927042448e-05,-4.552039074435236e-06,1.3021808759514076e-05,7.4421454083189315e-06,-0.00011268800802993859
6,4,loading,1.671875,756dae90751a3f63608ef9d95e2d05830d05c7662455ef6d3711bf2997912fc3,2658,66.0,32.0,physical_only,3.047517190365675e-06,-0.00013005316512725539,-4.7011613938891805e-06,1.572847149301648e-05,7.748678584254849e-06,-0.0001457816366202719
6,4,loading,1.671875,756dae90751a3f63608ef9d95e2d05830d05c7662455ef6d3711bf2997912fc3,2659,67.0,32.0,physical_only,2.625954906220756e-06,-0.00016534829187080048,-4.860305797078598e-06,1.8976481439117074e-05,7.486260703299364e-06,-0.00018432477330991754
6,4,loading,1.671875,756dae90751a3f63608ef9d95e2d05830d05c7662455ef6d3711bf2997912fc3,2660,68.0,32.0,physical_only,3.880043016871136e-06,-0.0002085609431865149,-5.032449968360641e-06,2.290841123351433e-05,8.912492985231778e-06,-0.00023146935442002934
6,4,loading,1.671875,756dae90751a3f63608ef9d95e2d05830d05c7662455ef6d3711bf2997912fc3,2661,69.0,32.0,physical_only,5.031560205846474e-06,-0.00026264676628786677,-5.223365609401817e-06,2.7723319386862368e-05,1.025492581524829e-05,-0.0002903700856747291
6,4,loading,1.671875,756dae90751a3f63608ef9d95e2d05830d05c7662455ef6d3711bf2997912fc3,2662,70.0,32.0,physical_only,6.1481264468465875e-06,-0.00032846711329680405,-5.441725751614135e-06,3.3708791274917384e-05,1.1589852198460698e-05,-0.00036217590457172173
6,4,loading,1.671875,756dae90751a3f63608ef9d95e2d05830d05c7662455ef6d3711bf2997912fc3,2663,71.0,32.0,physical_only,7.176667820746281e-06,-0.000407736061530152,-5.699286668693348e-06,4.129027516035213e-05,1.2875954489439636e-05,-0.0004490263366905042
6,4,loading,1.671875,756dae90751a3f63608ef9d95e2d05830d05c7662455ef6d3711bf2997912fc3,2664,72.0,32.0,physical_only,8.134195418448107e-06,-0.0005021370824449347,-6.013586549064096e-06,5.112091520517133e-05,1.4147781967512198e-05,-0.0005532579976501059
6,4,loading,1.671875,756dae90751a3f63608ef9d95e2d05830d05c7662455ef6d3711bf2997912fc3,2665,73.0,32.0,physical_only,8.450943771002228e-06,-0.0006110339054311636,-6.411157542096171e-06,6.42461146687438e-05,1.4862101313098408e-05,-0.0006752800200999073
6,4,loading,1.671875,756dae90751a3f63608ef9d95e2d05830d05c7662455ef6d3711bf2997912fc3,2666,74.0,32.0,physical_only,1.503023223792252e-05,-0.0007375356271692316,-6.9382170655422395e-06,8.244470459833055e-05,2.1968449303464744e-05,-0.0008199803317675623
6,4,loading,1.671875,756dae90751a3f63608ef9d95e2d05830d05c7662455ef6d3711bf2997912fc3,2667,75.0,32.0,physical_only,2.882666685426782e-05,-0.0008963210452955584,-7.685445463751442e-06,0.00010903054205807592,3.6512112318019244e-05,-0.0010053515873536343
6,4,loading,1.671875,756dae90751a3f63608ef9d95e2d05830d05c7662455ef6d3711bf2997912fc3,2668,76.0,32.0,physical_only,4.7704096812484356e-05,-0.0011070524214548995,-8.848545002598428e-06,0.00015098950898836236,5.655264181508282e-05,-0.001258041930443262
6,4,loading,1.671875,756dae90751a3f63608ef9d95e2d05830d05c7662455ef6d3711bf2997912fc3,2669,77.0,32.0,physical_only,5.234772817507818e-05,-0.001345072980099271,-1.0884739650701075e-05,0.00022557577961043182,6.323246782577924e-05,-0.0015706487597097031
6,4,loading,1.671875,756dae90751a3f63608ef9d95e2d05830d05c7662455ef6d3711bf2997912fc3,2670,78.0,32.0,physical_only,4.869307404258195e-05,-0.0015360139151405702,-1.5216605130455078e-05,0.0003883290306922109,6.3909679173037e-05,-0.0019243429458327826
6,4,loading,1.671875,756dae90751a3f63608ef9d95e2d05830d05c7662455ef6d3711bf2997912fc3,2671,79.0,32.0,physical_only,3.529851937253978e-06,-0.000974846351704195,-2.9223606947809003e-05,0.0009507542527086921,3.275345888506298e-05,-0.0019256006044128856
6,4,loading,1.671875,756dae90751a3f63608ef9d95e2d05830d05c7662455ef6d3711bf2997912fc3,2672,80.0,32.0,physical_only,-0.00044575131910082945,0.012556320377990537,-3.952317216175457e-06,0.000640677727865637,-0.00044179900188465404,0.0119156426501249
6,4,loading,1.671875,756dae90751a3f63608ef9d95e2d05830d05c7662455ef6d3711bf2997912fc3,2737,64.0,33.0,physical_only,-6.792907318224293e-06,6.754724557110387e-08,-2.8846938690858038e-06,-4.6122972100170725e-08,-3.90821344913849e-06,1.136702176712746e-07
6,4,loading,1.671875,756dae90751a3f63608ef9d95e2d05830d05c7662455ef6d3711bf2997912fc3,2738,65.0,33.0,interior,-0.0,-0.0,-0.0,-0.0,-0.0,-0.0
6,4,loading,1.671875,756dae90751a3f63608ef9d95e2d05830d05c7662455ef6d3711bf2997912fc3,2739,66.0,33.0,interior,-0.0,-0.0,-0.0,-0.0,-0.0,-0.0
6,4,loading,1.671875,756dae90751a3f63608ef9d95e2d05830d05c7662455ef6d3711bf2997912fc3,2740,67.0,33.0,interior,-0.0,-0.0,-0.0,-0.0,-0.0,-0.0
6,4,loading,1.671875,756dae90751a3f63608ef9d95e2d05830d05c7662455ef6d3711bf2997912fc3,2741,68.0,33.0,interior,-0.0,-0.0,-0.0,-0.0,-0.0,-0.0
6,4,loading,1.671875,756dae90751a3f63608ef9d95e2d05830d05c7662455ef6d3711bf2997912fc3,2742,69.0,33.0,interior,-0.0,-0.0,-0.0,-0.0,-0.0,-0.0
6,4,loading,1.671875,756dae90751a3f63608ef9d95e2d05830d05c7662455ef6d3711bf2997912fc3,2743,70.0,33.0,interior,-0.0,-0.0,-0.0,-0.0,-0.0,-0.0
6,4,loading,1.671875,756dae90751a3f63608ef9d95e2d05830d05c7662455ef6d3711bf2997912fc3,2744,71.0,33.0,interior,-0.0,-0.0,-0.0,-0.0,-0.0,-0.0
6,4,loading,1.671875,756dae90751a3f63608ef9d95e2d05830d05c7662455ef6d3711bf2997912fc3,2745,72.0,33.0,interior,-0.0,-0.0,-0.0,-0.0,-0.0,-0.0
6,4,loading,1.671875,756dae90751a3f63608ef9d95e2d05830d05c7662455ef6d3711bf2997912fc3,2746,73.0,33.0,interior,-0.0,-0.0,-0.0,-0.0,-0.0,-0.0
6,4,loading,1.671875,756dae90751a3f63608ef9d95e2d05830d05c7662455ef6d3711bf2997912fc3,2747,74.0,33.0,interior,-0.0,-0.0,-0.0,-0.0,-0.0,-0.0
6,4,loading,1.671875,756dae90751a3f63608ef9d95e2d05830d05c7662455ef6d3711bf2997912fc3,2748,75.0,33.0,interior,-0.0,-0.0,-0.0,-0.0,-0.0,-0.0
6,4,loading,1.671875,756dae90751a3f63608ef9d95e2d05830d05c7662455ef6d3711bf2997912fc3,2749,76.0,33.0,interior,-0.0,-0.0,-0.0,-0.0,-0.0,-0.0
6,4,loading,1.671875,756dae90751a3f63608ef9d95e2d05830d05c7662455ef6d3711bf2997912fc3,2750,77.0,33.0,interior,-0.0,-0.0,-0.0,-0.0,-0.0,-0.0
6,4,loading,1.671875,756dae90751a3f63608ef9d95e2d05830d05c7662455ef6d3711bf2997912fc3,2751,78.0,33.0,interior,-0.0,-0.0,-0.0,-0.0,-0.0,-0.0
6,4,loading,1.671875,756dae90751a3f63608ef9d95e2d05830d05c7662455ef6d3711bf2997912fc3,2752,79.0,33.0,interior,-0.0,-0.0,-0.0,-0.0,-0.0,-0.0
6,4,loading,1.671875,756dae90751a3f63608ef9d95e2d05830d05c7662455ef6d3711bf2997912fc3,2753,80.0,33.0,physical_only,-0.0,-0.0,-0.0,-0.0,-0.0,-0.0
6,4,loading,1.671875,756dae90751a3f63608ef9d95e2d05830d05c7662455ef6d3711bf2997912fc3,2818,64.0,34.0,physical_only,-6.149199831609813e-06,2.6191623587716287e-07,-3.1508007703488052e-06,-3.843321958293118e-08,-2.998399061261008e-06,3.003494554600946e-07
6,4,loading,1.671875,756dae90751a3f63608ef9d95e2d05830d05c7662455ef6d3711bf2997912fc3,2819,65.0,34.0,interior,-0.0,-0.0,-0.0,-0.0,-0.0,-0.0
6,4,loading,1.671875,756dae90751a3f63608ef9d95e2d05830d05c7662455ef6d3711bf2997912fc3,2820,66.0,34.0,interior,-0.0,-0.0,-0.0,-0.0,-0.0,-0.0
6,4,loading,1.671875,756dae90751a3f63608ef9d95e2d05830d05c7662455ef6d3711bf2997912fc3,2821,67.0,34.0,interior,-0.0,-0.0,-0.0,-0.0,-0.0,-0.0
6,4,loading,1.671875,756dae90751a3f63608ef9d95e2d05830d05c7662455ef6d3711bf2997912fc3,2822,68.0,34.0,interior,-0.0,-0.0,-0.0,-0.0,-0.0,-0.0
6,4,loading,1.671875,756dae90751a3f63608ef9d95e2d05830d05c7662455ef6d3711bf2997912fc3,2823,69.0,34.0,interior,-0.0,-0.0,-0.0,-0.0,-0.0,-0.0
6,4,loading,1.671875,756dae90751a3f63608ef9d95e2d05830d05c7662455ef6d3711bf2997912fc3,2824,70.0,34.0,interior,-0.0,-0.0,-0.0,-0.0,-0.0,-0.0
6,4,loading,1.671875,756dae90751a3f63608ef9d95e2d05830d05c7662455ef6d3711bf2997912fc3,2825,71.0,34.0,interior,-0.0,-0.0,-0.0,-0.0,-0.0,-0.0
6,4,loading,1.671875,756dae90751a3f63608ef9d95e2d05830d05c7662455ef6d3711bf2997912fc3,2826,72.0,34.0,interior,-0.0,-0.0,-0.0,-0.0,-0.0,-0.0
6,4,loading,1.671875,756dae90751a3f63608ef9d95e2d05830d05c7662455ef6d3711bf2997912fc3,2827,73.0,34.0,interior,-0.0,-0.0,-0.0,-0.0,-0.0,-0.0
6,4,loading,1.671875,756dae90751a3f63608ef9d95e2d05830d05c7662455ef6d3711bf2997912fc3,2828,74.0,34.0,interior,-0.0,-0.0,-0.0,-0.0,-0.0,-0.0
6,4,loading,1.671875,756dae90751a3f63608ef9d95e2d05830d05c7662455ef6d3711bf2997912fc3,2829,75.0,34.0,interior,-0.0,-0.0,-0.0,-0.0,-0.0,-0.0
6,4,loading,1.671875,756dae90751a3f63608ef9d95e2d05830d05c7662455ef6d3711bf2997912fc3,2830,76.0,34.0,interior,-0.0,-0.0,-0.0,-0.0,-0.0,-0.0
6,4,loading,1.671875,756dae90751a3f63608ef9d95e2d05830d05c7662455ef6d3711bf2997912fc3,2831,77.0,34.0,interior,-0.0,-0.0,-0.0,-0.0,-0.0,-0.0
6,4,loading,1.671875,756dae90751a3f63608ef9d95e2d05830d05c7662455ef6d3711bf2997912fc3,2832,78.0,34.0,interior,-0.0,-0.0,-0.0,-0.0,-0.0,-0.0
6,4,loading,1.671875,756dae90751a3f63608ef9d95e2d05830d05c7662455ef6d3711bf2997912fc3,2833,79.0,34.0,interior,-0.0,-0.0,-0.0,-0.0,-0.0,-0.0
6,4,loading,1.671875,756dae90751a3f63608ef9d95e2d05830d05c7662455ef6d3711bf2997912fc3,2834,80.0,34.0,physical_only,-0.0,-0.0,-0.0,-0.0,-0.0,-0.0
6,4,loading,1.671875,756dae90751a3f63608ef9d95e2d05830d05c7662455ef6d3711bf2997912fc3,2899,64.0,35.0,physical_only,-5.868687821182169e-06,4.065059332150973e-07,-3.370349445035918e-06,-2.8601809032117612e-08,-2.4983383761462527e-06,4.351077422472144e-07
6,4,loading,1.671875,756dae90751a3f63608ef9d95e2d05830d05c7662455ef6d3711bf2997912fc3,2900,65.0,35.0,interior,-0.0,-0.0,-0.0,-0.0,-0.0,-0.0
6,4,loading,1.671875,756dae90751a3f63608ef9d95e2d05830d05c7662455ef6d3711bf2997912fc3,2901,66.0,35.0,interior,-0.0,-0.0,-0.0,-0.0,-0.0,-0.0
6,4,loading,1.671875,756dae90751a3f63608ef9d95e2d05830d05c7662455ef6d3711bf2997912fc3,2902,67.0,35.0,interior,-0.0,-0.0,-0.0,-0.0,-0.0,-0.0
6,4,loading,1.671875,756dae90751a3f63608ef9d95e2d05830d05c7662455ef6d3711bf2997912fc3,2903,68.0,35.0,interior,-0.0,-0.0,-0.0,-0.0,-0.0,-0.0
6,4,loading,1.671875,756dae90751a3f63608ef9d95e2d05830d05c7662455ef6d3711bf2997912fc3,2904,69.0,35.0,interior,-0.0,-0.0,-0.0,-0.0,-0.0,-0.0
6,4,loading,1.671875,756dae90751a3f63608ef9d95e2d05830d05c7662455ef6d3711bf2997912fc3,2905,70.0,35.0,interior,-0.0,-0.0,-0.0,-0.0,-0.0,-0.0
6,4,loading,1.671875,756dae90751a3f63608ef9d95e2d05830d05c7662455ef6d3711bf2997912fc3,2906,71.0,35.0,interior,-0.0,-0.0,-0.0,-0.0,-0.0,-0.0
6,4,loading,1.671875,756dae90751a3f63608ef9d95e2d05830d05c7662455ef6d3711bf2997912fc3,2907,72.0,35.0,interior,-0.0,-0.0,-0.0,-0.0,-0.0,-0.0
6,4,loading,1.671875,756dae90751a3f63608ef9d95e2d05830d05c7662455ef6d3711bf2997912fc3,2908,73.0,35.0,interior,-0.0,-0.0,-0.0,-0.0,-0.0,-0.0
6,4,loading,1.671875,756dae90751a3f63608ef9d95e2d05830d05c7662455ef6d3711bf2997912fc3,2909,74.0,35.0,interior,-0.0,-0.0,-0.0,-0.0,-0.0,-0.0
6,4,loading,1.671875,756dae90751a3f63608ef9d95e2d05830d05c7662455ef6d3711bf2997912fc3,2910,75.0,35.0,interior,-0.0,-0.0,-0.0,-0.0,-0.0,-0.0
6,4,loading,1.671875,756dae90751a3f63608ef9d95e2d05830d05c7662455ef6d3711bf2997912fc3,2911,76.0,35.0,interior,-0.0,-0.0,-0.0,-0.0,-0.0,-0.0
6,4,loading,1.671875,756dae90751a3f63608ef9d95e2d05830d05c7662455ef6d3711bf2997912fc3,2912,77.0,35.0,interior,-0.0,-0.0,-0.0,-0.0,-0.0,-0.0
6,4,loading,1.671875,756dae90751a3f63608ef9d95e2d05830d05c7662455ef6d3711bf2997912fc3,2913,78.0,35.0,interior,-0.0,-0.0,-0.0,-0.0,-0.0,-0.0
6,4,loading,1.671875,756dae90751a3f63608ef9d95e2d05830d05c7662455ef6d3711bf2997912fc3,2914,79.0,35.0,interior,-0.0,-0.0,-0.0,-0.0,-0.0,-0.0
6,4,loading,1.671875,756dae90751a3f63608ef9d95e2d05830d05c7662455ef6d3711bf2997912fc3,2915,80.0,35.0,physical_only,-0.0,-0.0,-0.0,-0.0,-0.0,-0.0
6,4,loading,1.671875,756dae90751a3f63608ef9d95e2d05830d05c7662455ef6d3711bf2997912fc3,2980,64.0,36.0,physical_only,-5.804106473378163e-06,4.440087545673377e-07,-3.548467419917243e-06,-1.9097713763450404e-08,-2.25563905346092e-06,4.6310646833078756e-07
6,4,loading,1.671875,756dae90751a3f63608ef9d95e2d05830d05c7662455ef6d3711bf2997912fc3,2981,65.0,36.0,interior,-0.0,-0.0,-0.0,-0.0,-0.0,-0.0
6,4,loading,1.671875,756dae90751a3f63608ef9d95e2d05830d05c7662455ef6d3711bf2997912fc3,2982,66.0,36.0,interior,-0.0,-0.0,-0.0,-0.0,-0.0,-0.0
6,4,loading,1.671875,756dae90751a3f63608ef9d95e2d05830d05c7662455ef6d3711bf2997912fc3,2983,67.0,36.0,interior,-0.0,-0.0,-0.0,-0.0,-0.0,-0.0
6,4,loading,1.671875,756dae90751a3f63608ef9d95e2d05830d05c7662455ef6d3711bf2997912fc3,2984,68.0,36.0,interior,-0.0,-0.0,-0.0,-0.0,-0.0,-0.0
6,4,loading,1.671875,756dae90751a3f63608ef9d95e2d05830d05c7662455ef6d3711bf2997912fc3,2985,69.0,36.0,interior,-0.0,-0.0,-0.0,-0.0,-0.0,-0.0
6,4,loading,1.671875,756dae90751a3f63608ef9d95e2d05830d05c7662455ef6d3711bf2997912fc3,2986,70.0,36.0,interior,-0.0,-0.0,-0.0,-0.0,-0.0,-0.0
6,4,loading,1.671875,756dae90751a3f63608ef9d95e2d05830d05c7662455ef6d3711bf2997912fc3,2987,71.0,36.0,interior,-0.0,-0.0,-0.0,-0.0,-0.0,-0.0
6,4,loading,1.671875,756dae90751a3f63608ef9d95e2d05830d05c7662455ef6d3711bf2997912fc3,2988,72.0,36.0,interior,-0.0,-0.0,-0.0,-0.0,-0.0,-0.0
6,4,loading,1.671875,756dae90751a3f63608ef9d95e2d05830d05c7662455ef6d3711bf2997912fc3,2989,73.0,36.0,interior,-0.0,-0.0,-0.0,-0.0,-0.0,-0.0
6,4,loading,1.671875,756dae90751a3f63608ef9d95e2d05830d05c7662455ef6d3711bf2997912fc3,2990,74.0,36.0,interior,-0.0,-0.0,-0.0,-0.0,-0.0,-0.0
6,4,loading,1.671875,756dae90751a3f63608ef9d95e2d05830d05c7662455ef6d3711bf2997912fc3,2991,75.0,36.0,interior,-0.0,-0.0,-0.0,-0.0,-0.0,-0.0
6,4,loading,1.671875,756dae90751a3f63608ef9d95e2d05830d05c7662455ef6d3711bf2997912fc3,2992,76.0,36.0,interior,-0.0,-0.0,-0.0,-0.0,-0.0,-0.0
6,4,loading,1.671875,756dae90751a3f63608ef9d95e2d05830d05c7662455ef6d3711bf2997912fc3,2993,77.0,36.0,interior,-0.0,-0.0,-0.0,-0.0,-0.0,-0.0
6,4,loading,1.671875,756dae90751a3f63608ef9d95e2d05830d05c7662455ef6d3711bf2997912fc3,2994,78.0,36.0,interior,-0.0,-0.0,-0.0,-0.0,-0.0,-0.0
6,4,loading,1.671875,756dae90751a3f63608ef9d95e2d05830d05c7662455ef6d3711bf2997912fc3,2995,79.0,36.0,interior,-0.0,-0.0,-0.0,-0.0,-0.0,-0.0
6,4,loading,1.671875,756dae90751a3f63608ef9d95e2d05830d05c7662455ef6d3711bf2997912fc3,2996,80.0,36.0,physical_only,-0.0,-0.0,-0.0,-0.0,-0.0,-0.0
6,4,loading,1.671875,756dae90751a3f63608ef9d95e2d05830d05c7662455ef6d3711bf2997912fc3,3061,64.0,37.0,physical_only,-5.8278976473149795e-06,3.9160896686373803e-07,-3.6871855202201557e-06,-1.1443481236976184e-08,-2.140712127094824e-06,4.030524481007142e-07
6,4,loading,1.671875,756dae90751a3f63608ef9d95e2d05830d05c7662455ef6d3711bf2997912fc3,3062,65.0,37.0,interior,-0.0,-0.0,-0.0,-0.0,-0.0,-0.0
6,4,loading,1.671875,756dae90751a3f63608ef9d95e2d05830d05c7662455ef6d3711bf2997912fc3,3063,66.0,37.0,interior,-0.0,-0.0,-0.0,-0.0,-0.0,-0.0
6,4,loading,1.671875,756dae90751a3f63608ef9d95e2d05830d05c7662455ef6d3711bf2997912fc3,3064,67.0,37.0,interior,-0.0,-0.0,-0.0,-0.0,-0.0,-0.0
6,4,loading,1.671875,756dae90751a3f63608ef9d95e2d05830d05c7662455ef6d3711bf2997912fc3,3065,68.0,37.0,interior,-0.0,-0.0,-0.0,-0.0,-0.0,-0.0
6,4,loading,1.671875,756dae90751a3f63608ef9d95e2d05830d05c7662455ef6d3711bf2997912fc3,3066,69.0,37.0,interior,-0.0,-0.0,-0.0,-0.0,-0.0,-0.0
6,4,loading,1.671875,756dae90751a3f63608ef9d95e2d05830d05c7662455ef6d3711bf2997912fc3,3067,70.0,37.0,interior,-0.0,-0.0,-0.0,-0.0,-0.0,-0.0
6,4,loading,1.671875,756dae90751a3f63608ef9d95e2d05830d05c7662455ef6d3711bf2997912fc3,3068,71.0,37.0,interior,-0.0,-0.0,-0.0,-0.0,-0.0,-0.0
6,4,loading,1.671875,756dae90751a3f63608ef9d95e2d05830d05c7662455ef6d3711bf2997912fc3,3069,72.0,37.0,interior,-0.0,-0.0,-0.0,-0.0,-0.0,-0.0
6,4,loading,1.671875,756dae90751a3f63608ef9d95e2d05830d05c7662455ef6d3711bf2997912fc3,3070,73.0,37.0,interior,-0.0,-0.0,-0.0,-0.0,-0.0,-0.0
6,4,loading,1.671875,756dae90751a3f63608ef9d95e2d05830d05c7662455ef6d3711bf2997912fc3,3071,74.0,37.0,interior,-0.0,-0.0,-0.0,-0.0,-0.0,-0.0
6,4,loading,1.671875,756dae90751a3f63608ef9d95e2d05830d05c7662455ef6d3711bf2997912fc3,3072,75.0,37.0,interior,-0.0,-0.0,-0.0,-0.0,-0.0,-0.0
6,4,loading,1.671875,756dae90751a3f63608ef9d95e2d05830d05c7662455ef6d3711bf2997912fc3,3073,76.0,37.0,interior,-0.0,-0.0,-0.0,-0.0,-0.0,-0.0
6,4,loading,1.671875,756dae90751a3f63608ef9d95e2d05830d05c7662455ef6d3711bf2997912fc3,3074,77.0,37.0,interior,-0.0,-0.0,-0.0,-0.0,-0.0,-0.0
6,4,loading,1.671875,756dae90751a3f63608ef9d95e2d05830d05c7662455ef6d3711bf2997912fc3,3075,78.0,37.0,interior,-0.0,-0.0,-0.0,-0.0,-0.0,-0.0
6,4,loading,1.671875,756dae90751a3f63608ef9d95e2d05830d05c7662455ef6d3711bf2997912fc3,3076,79.0,37.0,interior,-0.0,-0.0,-0.0,-0.0,-0.0,-0.0
6,4,loading,1.671875,756dae90751a3f63608ef9d95e2d05830d05c7662455ef6d3711bf2997912fc3,3077,80.0,37.0,physical_only,-0.0,-0.0,-0.0,-0.0,-0.0,-0.0
6,4,loading,1.671875,756dae90751a3f63608ef9d95e2d05830d05c7662455ef6d3711bf2997912fc3,3142,64.0,38.0,physical_only,-5.86945712643366e-06,2.815213589742672e-07,-3.7867611352931548e-06,-6.0443709831907836e-09,-2.0826959911405045e-06,2.875657299574582e-07
6,4,loading,1.671875,756dae90751a3f63608ef9d95e2d05830d05c7662455ef6d3711bf2997912fc3,3143,65.0,38.0,interior,-0.0,-0.0,-0.0,-0.0,-0.0,-0.0
6,4,loading,1.671875,756dae90751a3f63608ef9d95e2d05830d05c7662455ef6d3711bf2997912fc3,3144,66.0,38.0,interior,-0.0,-0.0,-0.0,-0.0,-0.0,-0.0
6,4,loading,1.671875,756dae90751a3f63608ef9d95e2d05830d05c7662455ef6d3711bf2997912fc3,3145,67.0,38.0,interior,-0.0,-0.0,-0.0,-0.0,-0.0,-0.0
6,4,loading,1.671875,756dae90751a3f63608ef9d95e2d05830d05c7662455ef6d3711bf2997912fc3,3146,68.0,38.0,interior,-0.0,-0.0,-0.0,-0.0,-0.0,-0.0
6,4,loading,1.671875,756dae90751a3f63608ef9d95e2d05830d05c7662455ef6d3711bf2997912fc3,3147,69.0,38.0,interior,-0.0,-0.0,-0.0,-0.0,-0.0,-0.0
6,4,loading,1.671875,756dae90751a3f63608ef9d95e2d05830d05c7662455ef6d3711bf2997912fc3,3148,70.0,38.0,interior,-0.0,-0.0,-0.0,-0.0,-0.0,-0.0
6,4,loading,1.671875,756dae90751a3f63608ef9d95e2d05830d05c7662455ef6d3711bf2997912fc3,3149,71.0,38.0,interior,-0.0,-0.0,-0.0,-0.0,-0.0,-0.0
6,4,loading,1.671875,756dae90751a3f63608ef9d95e2d05830d05c7662455ef6d3711bf2997912fc3,3150,72.0,38.0,interior,-0.0,-0.0,-0.0,-0.0,-0.0,-0.0
6,4,loading,1.671875,756dae90751a3f63608ef9d95e2d05830d05c7662455ef6d3711bf2997912fc3,3151,73.0,38.0,interior,-0.0,-0.0,-0.0,-0.0,-0.0,-0.0
6,4,loading,1.671875,756dae90751a3f63608ef9d95e2d05830d05c7662455ef6d3711bf2997912fc3,3152,74.0,38.0,interior,-0.0,-0.0,-0.0,-0.0,-0.0,-0.0
6,4,loading,1.671875,756dae90751a3f63608ef9d95e2d05830d05c7662455ef6d3711bf2997912fc3,3153,75.0,38.0,interior,-0.0,-0.0,-0.0,-0.0,-0.0,-0.0
6,4,loading,1.671875,756dae90751a3f63608ef9d95e2d05830d05c7662455ef6d3711bf2997912fc3,3154,76.0,38.0,interior,-0.0,-0.0,-0.0,-0.0,-0.0,-0.0
6,4,loading,1.671875,756dae90751a3f63608ef9d95e2d05830d05c7662455ef6d3711bf2997912fc3,3155,77.0,38.0,interior,-0.0,-0.0,-0.0,-0.0,-0.0,-0.0
6,4,loading,1.671875,756dae90751a3f63608ef9d95e2d05830d05c7662455ef6d3711bf2997912fc3,3156,78.0,38.0,interior,-0.0,-0.0,-0.0,-0.0,-0.0,-0.0
6,4,loading,1.671875,756dae90751a3f63608ef9d95e2d05830d05c7662455ef6d3711bf2997912fc3,3157,79.0,38.0,interior,-0.0,-0.0,-0.0,-0.0,-0.0,-0.0
6,4,loading,1.671875,756dae90751a3f63608ef9d95e2d05830d05c7662455ef6d3711bf2997912fc3,3158,80.0,38.0,physical_only,-0.0,-0.0,-0.0,-0.0,-0.0,-0.0
6,4,loading,1.671875,756dae90751a3f63608ef9d95e2d05830d05c7662455ef6d3711bf2997912fc3,3223,64.0,39.0,physical_only,-5.898094471376522e-06,1.4479074051811073e-07,-3.8467924490349395e-06,-2.510695644022252e-09,-2.0513020223415822e-06,1.4730143616213266e-07
6,4,loading,1.671875,756dae90751a3f63608ef9d95e2d05830d05c7662455ef6d3711bf2997912fc3,3224,65.0,39.0,interior,-0.0,-0.0,-0.0,-0.0,-0.0,-0.0
6,4,loading,1.671875,756dae90751a3f63608ef9d95e2d05830d05c7662455ef6d3711bf2997912fc3,3225,66.0,39.0,interior,-0.0,-0.0,-0.0,-0.0,-0.0,-0.0
6,4,loading,1.671875,756dae90751a3f63608ef9d95e2d05830d05c7662455ef6d3711bf2997912fc3,3226,67.0,39.0,interior,-0.0,-0.0,-0.0,-0.0,-0.0,-0.0
6,4,loading,1.671875,756dae90751a3f63608ef9d95e2d05830d05c7662455ef6d3711bf2997912fc3,3227,68.0,39.0,interior,-0.0,-0.0,-0.0,-0.0,-0.0,-0.0
6,4,loading,1.671875,756dae90751a3f63608ef9d95e2d05830d05c7662455ef6d3711bf2997912fc3,3228,69.0,39.0,interior,-0.0,-0.0,-0.0,-0.0,-0.0,-0.0
6,4,loading,1.671875,756dae90751a3f63608ef9d95e2d05830d05c7662455ef6d3711bf2997912fc3,3229,70.0,39.0,interior,-0.0,-0.0,-0.0,-0.0,-0.0,-0.0
6,4,loading,1.671875,756dae90751a3f63608ef9d95e2d05830d05c7662455ef6d3711bf2997912fc3,3230,71.0,39.0,interior,-0.0,-0.0,-0.0,-0.0,-0.0,-0.0
6,4,loading,1.671875,756dae90751a3f63608ef9d95e2d05830d05c7662455ef6d3711bf2997912fc3,3231,72.0,39.0,interior,-0.0,-0.0,-0.0,-0.0,-0.0,-0.0
6,4,loading,1.671875,756dae90751a3f63608ef9d95e2d05830d05c7662455ef6d3711bf2997912fc3,3232,73.0,39.0,interior,-0.0,-0.0,-0.0,-0.0,-0.0,-0.0
6,4,loading,1.671875,756dae90751a3f63608ef9d95e2d05830d05c7662455ef6d3711bf2997912fc3,3233,74.0,39.0,interior,-0.0,-0.0,-0.0,-0.0,-0.0,-0.0
6,4,loading,1.671875,756dae90751a3f63608ef9d95e2d05830d05c7662455ef6d3711bf2997912fc3,3234,75.0,39.0,interior,-0.0,-0.0,-0.0,-0.0,-0.0,-0.0
6,4,loading,1.671875,756dae90751a3f63608ef9d95e2d05830d05c7662455ef6d3711bf2997912fc3,3235,76.0,39.0,interior,-0.0,-0.0,-0.0,-0.0,-0.0,-0.0
6,4,loading,1.671875,756dae90751a3f63608ef9d95e2d05830d05c7662455ef6d3711bf2997912fc3,3236,77.0,39.0,interior,-0.0,-0.0,-0.0,-0.0,-0.0,-0.0
6,4,loading,1.671875,756dae90751a3f63608ef9d95e2d05830d05c7662455ef6d3711bf2997912fc3,3237,78.0,39.0,interior,-0.0,-0.0,-0.0,-0.0,-0.0,-0.0
6,4,loading,1.671875,756dae90751a3f63608ef9d95e2d05830d05c7662455ef6d3711bf2997912fc3,3238,79.0,39.0,interior,-0.0,-0.0,-0.0,-0.0,-0.0,-0.0
6,4,loading,1.671875,756dae90751a3f63608ef9d95e2d05830d05c7662455ef6d3711bf2997912fc3,3239,80.0,39.0,physical_only,-0.0,-0.0,-0.0,-0.0,-0.0,-0.0
6,4,loading,1.671875,756dae90751a3f63608ef9d95e2d05830d05c7662455ef6d3711bf2997912fc3,3304,64.0,40.0,physical_and_cut,-2.953768512908966e-06,1.3357194154305161e-06,-1.9334286617559033e-06,-8.865514212208868e-07,-1.0203398511530627e-06,2.222270836651403e-06
6,4,loading,1.671875,756dae90751a3f63608ef9d95e2d05830d05c7662455ef6d3711bf2997912fc3,3305,65.0,40.0,cut_only,-0.0,-0.0,-0.0,-0.0,-0.0,-0.0
6,4,loading,1.671875,756dae90751a3f63608ef9d95e2d05830d05c7662455ef6d3711bf2997912fc3,3306,66.0,40.0,cut_only,-0.0,-0.0,-0.0,-0.0,-0.0,-0.0
6,4,loading,1.671875,756dae90751a3f63608ef9d95e2d05830d05c7662455ef6d3711bf2997912fc3,3307,67.0,40.0,cut_only,-0.0,-0.0,-0.0,-0.0,-0.0,-0.0
6,4,loading,1.671875,756dae90751a3f63608ef9d95e2d05830d05c7662455ef6d3711bf2997912fc3,3308,68.0,40.0,cut_only,-0.0,-0.0,-0.0,-0.0,-0.0,-0.0
6,4,loading,1.671875,756dae90751a3f63608ef9d95e2d05830d05c7662455ef6d3711bf2997912fc3,3309,69.0,40.0,cut_only,-0.0,-0.0,-0.0,-0.0,-0.0,-0.0
6,4,loading,1.671875,756dae90751a3f63608ef9d95e2d05830d05c7662455ef6d3711bf2997912fc3,3310,70.0,40.0,cut_only,-0.0,-0.0,-0.0,-0.0,-0.0,-0.0
6,4,loading,1.671875,756dae90751a3f63608ef9d95e2d05830d05c7662455ef6d3711bf2997912fc3,3311,71.0,40.0,cut_only,-0.0,-0.0,-0.0,-0.0,-0.0,-0.0
6,4,loading,1.671875,756dae90751a3f63608ef9d95e2d05830d05c7662455ef6d3711bf2997912fc3,3312,72.0,40.0,cut_only,-0.0,-0.0,-0.0,-0.0,-0.0,-0.0
6,4,loading,1.671875,756dae90751a3f63608ef9d95e2d05830d05c7662455ef6d3711bf2997912fc3,3313,73.0,40.0,cut_only,-0.0,-0.0,-0.0,-0.0,-0.0,-0.0
6,4,loading,1.671875,756dae90751a3f63608ef9d95e2d05830d05c7662455ef6d3711bf2997912fc3,3314,74.0,40.0,cut_only,-0.0,-0.0,-0.0,-0.0,-0.0,-0.0
6,4,loading,1.671875,756dae90751a3f63608ef9d95e2d05830d05c7662455ef6d3711bf2997912fc3,3315,75.0,40.0,cut_only,-0.0,-0.0,-0.0,-0.0,-0.0,-0.0
6,4,loading,1.671875,756dae90751a3f63608ef9d95e2d05830d05c7662455ef6d3711bf2997912fc3,3316,76.0,40.0,cut_only,-0.0,-0.0,-0.0,-0.0,-0.0,-0.0
6,4,loading,1.671875,756dae90751a3f63608ef9d95e2d05830d05c7662455ef6d3711bf2997912fc3,3317,77.0,40.0,cut_only,-0.0,-0.0,-0.0,-0.0,-0.0,-0.0
6,4,loading,1.671875,756dae90751a3f63608ef9d95e2d05830d05c7662455ef6d3711bf2997912fc3,3318,78.0,40.0,cut_only,-0.0,-0.0,-0.0,-0.0,-0.0,-0.0
6,4,loading,1.671875,756dae90751a3f63608ef9d95e2d05830d05c7662455ef6d3711bf2997912fc3,3319,79.0,40.0,cut_only,-0.0,-0.0,-0.0,-0.0,-0.0,-0.0
6,4,loading,1.671875,756dae90751a3f63608ef9d95e2d05830d05c7662455ef6d3711bf2997912fc3,3320,80.0,40.0,physical_and_cut,-0.0,-0.0,-0.0,-0.0,-0.0,-0.0
7,4,loading,1.6875,bbff1fa317a5bc84e405481001160e17cbd0c270fd0264388cceb7c12cdd2eaf,2656,64.0,32.0,physical_only,-0.00032236495376811956,-0.00020023174307213745,-7.017120594593858e-06,1.1610963262565338e-05,-0.0003153478331735256,-0.00021184270633470276
7,4,loading,1.6875,bbff1fa317a5bc84e405481001160e17cbd0c270fd0264388cceb7c12cdd2eaf,2657,65.0,32.0,physical_only,2.727769728285074e-06,-0.0001021692595218201,-4.763493824473474e-06,1.313753402867901e-05,7.491263552758556e-06,-0.00011530679355049904
7,4,loading,1.6875,bbff1fa317a5bc84e405481001160e17cbd0c270fd0264388cceb7c12cdd2eaf,2658,66.0,32.0,physical_only,2.9919184899994156e-06,-0.00013353671025571878,-4.92715015837557e-06,1.5884464744133533e-05,7.919068648374979e-06,-0.00014942117499985223
7,4,loading,1.6875,bbff1fa317a5bc84e405481001160e17cbd0c270fd0264388cceb7c12cdd2eaf,2659,67.0,32.0,physical_only,2.6388955391371205e-06,-0.00017008147513186255,-5.0990078029671625e-06,1.9189294279501014e-05,7.737903342104282e-06,-0.00018927076941136368
7,4,loading,1.6875,bbff1fa317a5bc84e405481001160e17cbd0c270fd0264388cceb7c12cdd2eaf,2660,68.0,32.0,physical_only,3.992372563981725e-06,-0.00021491651077801906,-5.282685417169871e-06,2.320060153785115e-05,9.2750579811516e-06,-0.00023811711231587018
7,4,loading,1.6875,bbff1fa317a5bc84e405481001160e17cbd0c270fd0264388cceb7c12cdd2eaf,2661,69.0,32.0,physical_only,5.2378245678608e-06,-0.0002711276373636067,-5.4846450353812825e-06,2.812709732655374e-05,1.0722469603242072e-05,-0.00029925473469016037
7,4,loading,1.6875,bbff1fa317a5bc84e405481001160e17cbd0c270fd0264388cceb7c12cdd2eaf,2662,70.0,32.0,physical_only,6.446754863499737e-06,-0.00033966117538559016,-5.71435521709498e-06,3.4271978427681334e-05,1.2161110080594712e-05,-0.0003739331538132715
7,4,loading,1.6875,bbff1fa317a5bc84e405481001160e17cbd0c270fd0264388cceb7c12cdd2eaf,2663,71.0,32.0,physical_only,7.569201817344759e-06,-0.0004223449893903952,-5.984622832195062e-06,4.20866554773304e-05,1.3553824649539841e-05,-0.00046443164486772537
7,4,loading,1.6875,bbff1fa317a5bc84e405481001160e17cbd0c270fd0264388cceb7c12cdd2eaf,2664,72.0,32.0,physical_only,8.62935219760901e-06,-0.0005209780519696331,-6.314542337656339e-06,5.22695031075434e-05,1.4943894535265342e-05,-0.0005732475550771768
7,4,loading,1.6875,bbff1fa317a5bc84e405481001160e17cbd0c270fd0264388cceb7c12cdd2eaf,2665,73.0,32.0,physical_only,9.060787060614244e-06,-0.0006349979962245525,-6.733206559336847e-06,6.594905792495997e-05,1.5793993619951104e-05,-0.0007009470541495125
7,4,loading,1.6875,bbff1fa317a5bc84e405481001160e17cbd0c270fd0264388cceb7c12cdd2eaf,2666,74.0,32.0,physical_only,1.592707836140612e-05,-0.0007676272190393569,-7.291659669025302e-06,8.506938574574875e-05,2.3218738030431426e-05,-0.0008526966047851061
7,4,loading,1.6875,bbff1fa317a5bc84e405481001160e17cbd0c270fd0264388cceb7c12cdd2eaf,2667,75.0,32.0,physical_only,3.0192999985132905e-05,-0.0009338288727952131,-8.091047682532985e-06,0.00011331052097086847,3.8284047667665904e-05,-0.0010471393937660813
7,4,loading,1.6875,bbff1fa317a5bc84e405481001160e17cbd0c270fd0264388cceb7c12cdd2eaf,2668,76.0,32.0,physical_only,4.946918460983627e-05,-0.001153168062654063,-9.353509686253204e-06,0.00015860119012068124,5.8822694296089466e-05,-0.0013117692527747438
7,4,loading,1.6875,bbff1fa317a5bc84e405481001160e17cbd0c270fd0264388cceb7c12cdd2eaf,2669,77.0,32.0,physical_only,5.327274327488618e-05,-0.001396630653175847,-1.1617128177886505e-05,0.00024119395582696397,6.488987145277268e-05,-0.0016378246090028113
7,4,loading,1.6875,bbff1fa317a5bc84e405481001160e17cbd0c270fd0264388cceb7c12cdd2eaf,2670,78.0,32.0,physical_only,4.722685717298519e-05,-0.0015724670362796747,-1.667195674514807e-05,0.00043055704020569904,6.38988139181332e-05,-0.0020030240764853727
7,4,loading,1.6875,bbff1fa317a5bc84e405481001160e17cbd0c270fd0264388cceb7c12cdd2eaf,2671,79.0,32.0,physical_only,-2.3124774776665693e-05,-0.00047948497900656903,-3.464625160022075e-05,0.0011703958414263063,1.1521476823555046e-05,-0.0016498808204328773
7,4,loading,1.6875,bbff1fa317a5bc84e405481001160e17cbd0c270fd0264388cceb7c12cdd2eaf,2672,80.0,32.0,physical_only,-0.0004894277417107056,0.013542417411098432,-3.7539533424076375e-05,0.0015231880134361172,-0.00045188820828662927,0.012019229397662316
7,4,loading,1.6875,bbff1fa317a5bc84e405481001160e17cbd0c270fd0264388cceb7c12cdd2eaf,2737,64.0,33.0,physical_only,-6.88622321504239e-06,9.658632804317667e-08,-2.883802669661034e-06,-4.5215596692732915e-08,-4.002420545381359e-06,1.4180192473590885e-07
7,4,loading,1.6875,bbff1fa317a5bc84e405481001160e17cbd0c270fd0264388cceb7c12cdd2eaf,2738,65.0,33.0,interior,-0.0,-0.0,-0.0,-0.0,-0.0,-0.0
7,4,loading,1.6875,bbff1fa317a5bc84e405481001160e17cbd0c270fd0264388cceb7c12cdd2eaf,2739,66.0,33.0,interior,-0.0,-0.0,-0.0,-0.0,-0.0,-0.0
7,4,loading,1.6875,bbff1fa317a5bc84e405481001160e17cbd0c270fd0264388cceb7c12cdd2eaf,2740,67.0,33.0,interior,-0.0,-0.0,-0.0,-0.0,-0.0,-0.0
7,4,loading,1.6875,bbff1fa317a5bc84e405481001160e17cbd0c270fd0264388cceb7c12cdd2eaf,2741,68.0,33.0,interior,-0.0,-0.0,-0.0,-0.0,-0.0,-0.0
7,4,loading,1.6875,bbff1fa317a5bc84e405481001160e17cbd0c270fd0264388cceb7c12cdd2eaf,2742,69.0,33.0,interior,-0.0,-0.0,-0.0,-0.0,-0.0,-0.0
7,4,loading,1.6875,bbff1fa317a5bc84e405481001160e17cbd0c270fd0264388cceb7c12cdd2eaf,2743,70.0,33.0,interior,-0.0,-0.0,-0.0,-0.0,-0.0,-0.0
7,4,loading,1.6875,bbff1fa317a5bc84e405481001160e17cbd0c270fd0264388cceb7c12cdd2eaf,2744,71.0,33.0,interior,-0.0,-0.0,-0.0,-0.0,-0.0,-0.0
7,4,loading,1.6875,bbff1fa317a5bc84e405481001160e17cbd0c270fd0264388cceb7c12cdd2eaf,2745,72.0,33.0,interior,-0.0,-0.0,-0.0,-0.0,-0.0,-0.0
7,4,loading,1.6875,bbff1fa317a5bc84e405481001160e17cbd0c270fd0264388cceb7c12cdd2eaf,2746,73.0,33.0,interior,-0.0,-0.0,-0.0,-0.0,-0.0,-0.0
7,4,loading,1.6875,bbff1fa317a5bc84e405481001160e17cbd0c270fd0264388cceb7c12cdd2eaf,2747,74.0,33.0,interior,-0.0,-0.0,-0.0,-0.0,-0.0,-0.0
7,4,loading,1.6875,bbff1fa317a5bc84e405481001160e17cbd0c270fd0264388cceb7c12cdd2eaf,2748,75.0,33.0,interior,-0.0,-0.0,-0.0,-0.0,-0.0,-0.0
7,4,loading,1.6875,bbff1fa317a5bc84e405481001160e17cbd0c270fd0264388cceb7c12cdd2eaf,2749,76.0,33.0,interior,-0.0,-0.0,-0.0,-0.0,-0.0,-0.0
7,4,loading,1.6875,bbff1fa317a5bc84e405481001160e17cbd0c270fd0264388cceb7c12cdd2eaf,2750,77.0,33.0,interior,-0.0,-0.0,-0.0,-0.0,-0.0,-0.0
7,4,loading,1.6875,bbff1fa317a5bc84e405481001160e17cbd0c270fd0264388cceb7c12cdd2eaf,2751,78.0,33.0,interior,-0.0,-0.0,-0.0,-0.0,-0.0,-0.0
7,4,loading,1.6875,bbff1fa317a5bc84e405481001160e17cbd0c270fd0264388cceb7c12cdd2eaf,2752,79.0,33.0,interior,-0.0,-0.0,-0.0,-0.0,-0.0,-0.0
7,4,loading,1.6875,bbff1fa317a5bc84e405481001160e17cbd0c270fd0264388cceb7c12cdd2eaf,2753,80.0,33.0,physical_only,-0.0,-0.0,-0.0,-0.0,-0.0,-0.0
7,4,loading,1.6875,bbff1fa317a5bc84e405481001160e17cbd0c270fd0264388cceb7c12cdd2eaf,2818,64.0,34.0,physical_only,-6.229511828148177e-06,2.812516184023718e-07,-3.1550935064554547e-06,-3.756728229531356e-08,-3.07441832169272e-06,3.1881890069768555e-07
7,4,loading,1.6875,bbff1fa317a5bc84e405481001160e17cbd0c270fd0264388cceb7c12cdd2eaf,2819,65.0,34.0,interior,-0.0,-0.0,-0.0,-0.0,-0.0,-0.0
7,4,loading,1.6875,bbff1fa317a5bc84e405481001160e17cbd0c270fd0264388cceb7c12cdd2eaf,2820,66.0,34.0,interior,-0.0,-0.0,-0.0,-0.0,-0.0,-0.0
7,4,loading,1.6875,bbff1fa317a5bc84e405481001160e17cbd0c270fd0264388cceb7c12cdd2eaf,2821,67.0,34.0,interior,-0.0,-0.0,-0.0,-0.0,-0.0,-0.0
7,4,loading,1.6875,bbff1fa317a5bc84e405481001160e17cbd0c270fd0264388cceb7c12cdd2eaf,2822,68.0,34.0,interior,-0.0,-0.0,-0.0,-0.0,-0.0,-0.0
7,4,loading,1.6875,bbff1fa317a5bc84e405481001160e17cbd0c270fd0264388cceb7c12cdd2eaf,2823,69.0,34.0,interior,-0.0,-0.0,-0.0,-0.0,-0.0,-0.0
7,4,loading,1.6875,bbff1fa317a5bc84e405481001160e17cbd0c270fd0264388cceb7c12cdd2eaf,2824,70.0,34.0,interior,-0.0,-0.0,-0.0,-0.0,-0.0,-0.0
7,4,loading,1.6875,bbff1fa317a5bc84e405481001160e17cbd0c270fd0264388cceb7c12cdd2eaf,2825,71.0,34.0,interior,-0.0,-0.0,-0.0,-0.0,-0.0,-0.0
7,4,loading,1.6875,bbff1fa317a5bc84e405481001160e17cbd0c270fd0264388cceb7c12cdd2eaf,2826,72.0,34.0,interior,-0.0,-0.0,-0.0,-0.0,-0.0,-0.0
7,4,loading,1.6875,bbff1fa317a5bc84e405481001160e17cbd0c270fd0264388cceb7c12cdd2eaf,2827,73.0,34.0,interior,-0.0,-0.0,-0.0,-0.0,-0.0,-0.0
7,4,loading,1.6875,bbff1fa317a5bc84e405481001160e17cbd0c270fd0264388cceb7c12cdd2eaf,2828,74.0,34.0,interior,-0.0,-0.0,-0.0,-0.0,-0.0,-0.0
7,4,loading,1.6875,bbff1fa317a5bc84e405481001160e17cbd0c270fd0264388cceb7c12cdd2eaf,2829,75.0,34.0,interior,-0.0,-0.0,-0.0,-0.0,-0.0,-0.0
7,4,loading,1.6875,bbff1fa317a5bc84e405481001160e17cbd0c270fd0264388cceb7c12cdd2eaf,2830,76.0,34.0,interior,-0.0,-0.0,-0.0,-0.0,-0.0,-0.0
7,4,loading,1.6875,bbff1fa317a5bc84e405481001160e17cbd0c270fd0264388cceb7c12cdd2eaf,2831,77.0,34.0,interior,-0.0,-0.0,-0.0,-0.0,-0.0,-0.0
7,4,loading,1.6875,bbff1fa317a5bc84e405481001160e17cbd0c270fd0264388cceb7c12cdd2eaf,2832,78.0,34.0,interior,-0.0,-0.0,-0.0,-0.0,-0.0,-0.0
7,4,loading,1.6875,bbff1fa317a5bc84e405481001160e17cbd0c270fd0264388cceb7c12cdd2eaf,2833,79.0,34.0,interior,-0.0,-0.0,-0.0,-0.0,-0.0,-0.0
7,4,loading,1.6875,bbff1fa317a5bc84e405481001160e17cbd0c270fd0264388cceb7c12cdd2eaf,2834,80.0,34.0,physical_only,-0.0,-0.0,-0.0,-0.0,-0.0,-0.0
7,4,loading,1.6875,bbff1fa317a5bc84e405481001160e17cbd0c270fd0264388cceb7c12cdd2eaf,2899,64.0,35.0,physical_only,-5.937022530686175e-06,4.192563074937287e-07,-3.378853513396935e-06,-2.7837208630151167e-08,-2.558169017289239e-06,4.4709351612387996e-07
7,4,loading,1.6875,bbff1fa317a5bc84e405481001160e17cbd0c270fd0264388cceb7c12cdd2eaf,2900,65.0,35.0,interior,-0.0,-0.0,-0.0,-0.0,-0.0,-0.0
7,4,loading,1.6875,bbff1fa317a5bc84e405481001160e17cbd0c270fd0264388cceb7c12cdd2eaf,2901,66.0,35.0,interior,-0.0,-0.0,-0.0,-0.0,-0.0,-0.0
7,4,loading,1.6875,bbff1fa317a5bc84e405481001160e17cbd0c270fd0264388cceb7c12cdd2eaf,2902,67.0,35.0,interior,-0.0,-0.0,-0.0,-0.0,-0.0,-0.0
7,4,loading,1.6875,bbff1fa317a5bc84e405481001160e17cbd0c270fd0264388cceb7c12cdd2eaf,2903,68.0,35.0,interior,-0.0,-0.0,-0.0,-0.0,-0.0,-0.0
7,4,loading,1.6875,bbff1fa317a5bc84e405481001160e17cbd0c270fd0264388cceb7c12cdd2eaf,2904,69.0,35.0,interior,-0.0,-0.0,-0.0,-0.0,-0.0,-0.0
7,4,loading,1.6875,bbff1fa317a5bc84e405481001160e17cbd0c270fd0264388cceb7c12cdd2eaf,2905,70.0,35.0,interior,-0.0,-0.0,-0.0,-0.0,-0.0,-0.0
7,4,loading,1.6875,bbff1fa317a5bc84e405481001160e17cbd0c270fd0264388cceb7c12cdd2eaf,2906,71.0,35.0,interior,-0.0,-0.0,-0.0,-0.0,-0.0,-0.0
7,4,loading,1.6875,bbff1fa317a5bc84e405481001160e17cbd0c270fd0264388cceb7c12cdd2eaf,2907,72.0,35.0,interior,-0.0,-0.0,-0.0,-0.0,-0.0,-0.0
7,4,loading,1.6875,bbff1fa317a5bc84e405481001160e17cbd0c270fd0264388cceb7c12cdd2eaf,2908,73.0,35.0,interior,-0.0,-0.0,-0.0,-0.0,-0.0,-0.0
7,4,loading,1.6875,bbff1fa317a5bc84e405481001160e17cbd0c270fd0264388cceb7c12cdd2eaf,2909,74.0,35.0,interior,-0.0,-0.0,-0.0,-0.0,-0.0,-0.0
7,4,loading,1.6875,bbff1fa317a5bc84e405481001160e17cbd0c270fd0264388cceb7c12cdd2eaf,2910,75.0,35.0,interior,-0.0,-0.0,-0.0,-0.0,-0.0,-0.0
7,4,loading,1.6875,bbff1fa317a5bc84e405481001160e17cbd0c270fd0264388cceb7c12cdd2eaf,2911,76.0,35.0,interior,-0.0,-0.0,-0.0,-0.0,-0.0,-0.0
7,4,loading,1.6875,bbff1fa317a5bc84e405481001160e17cbd0c270fd0264388cceb7c12cdd2eaf,2912,77.0,35.0,interior,-0.0,-0.0,-0.0,-0.0,-0.0,-0.0
7,4,loading,1.6875,bbff1fa317a5bc84e405481001160e17cbd0c270fd0264388cceb7c12cdd2eaf,2913,78.0,35.0,interior,-0.0,-0.0,-0.0,-0.0,-0.0,-0.0
7,4,loading,1.6875,bbff1fa317a5bc84e405481001160e17cbd0c270fd0264388cceb7c12cdd2eaf,2914,79.0,35.0,interior,-0.0,-0.0,-0.0,-0.0,-0.0,-0.0
7,4,loading,1.6875,bbff1fa317a5bc84e405481001160e17cbd0c270fd0264388cceb7c12cdd2eaf,2915,80.0,35.0,physical_only,-0.0,-0.0,-0.0,-0.0,-0.0,-0.0
7,4,loading,1.6875,bbff1fa317a5bc84e405481001160e17cbd0c270fd0264388cceb7c12cdd2eaf,2980,64.0,36.0,physical_only,-5.863103882132221e-06,4.524636506759856e-07,-3.5602844882249424e-06,-1.8461101272501026e-08,-2.3028193939072787e-06,4.7092475194848686e-07
7,4,loading,1.6875,bbff1fa317a5bc84e405481001160e17cbd0c270fd0264388cceb7c12cdd2eaf,2981,65.0,36.0,interior,-0.0,-0.0,-0.0,-0.0,-0.0,-0.0
7,4,loading,1.6875,bbff1fa317a5bc84e405481001160e17cbd0c270fd0264388cceb7c12cdd2eaf,2982,66.0,36.0,interior,-0.0,-0.0,-0.0,-0.0,-0.0,-0.0
7,4,loading,1.6875,bbff1fa317a5bc84e405481001160e17cbd0c270fd0264388cceb7c12cdd2eaf,2983,67.0,36.0,interior,-0.0,-0.0,-0.0,-0.0,-0.0,-0.0
7,4,loading,1.6875,bbff1fa317a5bc84e405481001160e17cbd0c270fd0264388cceb7c12cdd2eaf,2984,68.0,36.0,interior,-0.0,-0.0,-0.0,-0.0,-0.0,-0.0
7,4,loading,1.6875,bbff1fa317a5bc84e405481001160e17cbd0c270fd0264388cceb7c12cdd2eaf,2985,69.0,36.0,interior,-0.0,-0.0,-0.0,-0.0,-0.0,-0.0
7,4,loading,1.6875,bbff1fa317a5bc84e405481001160e17cbd0c270fd0264388cceb7c12cdd2eaf,2986,70.0,36.0,interior,-0.0,-0.0,-0.0,-0.0,-0.0,-0.0
7,4,loading,1.6875,bbff1fa317a5bc84e405481001160e17cbd0c270fd0264388cceb7c12cdd2eaf,2987,71.0,36.0,interior,-0.0,-0.0,-0.0,-0.0,-0.0,-0.0
7,4,loading,1.6875,bbff1fa317a5bc84e405481001160e17cbd0c270fd0264388cceb7c12cdd2eaf,2988,72.0,36.0,interior,-0.0,-0.0,-0.0,-0.0,-0.0,-0.0
7,4,loading,1.6875,bbff1fa317a5bc84e405481001160e17cbd0c270fd0264388cceb7c12cdd2eaf,2989,73.0,36.0,interior,-0.0,-0.0,-0.0,-0.0,-0.0,-0.0
7,4,loading,1.6875,bbff1fa317a5bc84e405481001160e17cbd0c270fd0264388cceb7c12cdd2eaf,2990,74.0,36.0,interior,-0.0,-0.0,-0.0,-0.0,-0.0,-0.0
7,4,loading,1.6875,bbff1fa317a5bc84e405481001160e17cbd0c270fd0264388cceb7c12cdd2eaf,2991,75.0,36.0,interior,-0.0,-0.0,-0.0,-0.0,-0.0,-0.0
7,4,loading,1.6875,bbff1fa317a5bc84e405481001160e17cbd0c270fd0264388cceb7c12cdd2eaf,2992,76.0,36.0,interior,-0.0,-0.0,-0.0,-0.0,-0.0,-0.0
7,4,loading,1.6875,bbff1fa317a5bc84e405481001160e17cbd0c270fd0264388cceb7c12cdd2eaf,2993,77.0,36.0,interior,-0.0,-0.0,-0.0,-0.0,-0.0,-0.0
7,4,loading,1.6875,bbff1fa317a5bc84e405481001160e17cbd0c270fd0264388cceb7c12cdd2eaf,2994,78.0,36.0,interior,-0.0,-0.0,-0.0,-0.0,-0.0,-0.0
7,4,loading,1.6875,bbff1fa317a5bc84e405481001160e17cbd0c270fd0264388cceb7c12cdd2eaf,2995,79.0,36.0,interior,-0.0,-0.0,-0.0,-0.0,-0.0,-0.0
7,4,loading,1.6875,bbff1fa317a5bc84e405481001160e17cbd0c270fd0264388cceb7c12cdd2eaf,2996,80.0,36.0,physical_only,-0.0,-0.0,-0.0,-0.0,-0.0,-0.0
7,4,loading,1.6875,bbff1fa317a5bc84e405481001160e17cbd0c270fd0264388cceb7c12cdd2eaf,3061,64.0,37.0,physical_only,-5.880391493860863e-06,3.971268899694053e-07,-3.7014978981270188e-06,-1.0950096556821149e-08,-2.178893595733844e-06,4.080769865262261e-07
7,4,loading,1.6875,bbff1fa317a5bc84e405481001160e17cbd0c270fd0264388cceb7c12cdd2eaf,3062,65.0,37.0,interior,-0.0,-0.0,-0.0,-0.0,-0.0,-0.0
7,4,loading,1.6875,bbff1fa317a5bc84e405481001160e17cbd0c270fd0264388cceb7c12cdd2eaf,3063,66.0,37.0,interior,-0.0,-0.0,-0.0,-0.0,-0.0,-0.0
7,4,loading,1.6875,bbff1fa317a5bc84e405481001160e17cbd0c270fd0264388cceb7c12cdd2eaf,3064,67.0,37.0,interior,-0.0,-0.0,-0.0,-0.0,-0.0,-0.0
7,4,loading,1.6875,bbff1fa317a5bc84e405481001160e17cbd0c270fd0264388cceb7c12cdd2eaf,3065,68.0,37.0,interior,-0.0,-0.0,-0.0,-0.0,-0.0,-0.0
7,4,loading,1.6875,bbff1fa317a5bc84e405481001160e17cbd0c270fd0264388cceb7c12cdd2eaf,3066,69.0,37.0,interior,-0.0,-0.0,-0.0,-0.0,-0.0,-0.0
7,4,loading,1.6875,bbff1fa317a5bc84e405481001160e17cbd0c270fd0264388cceb7c12cdd2eaf,3067,70.0,37.0,interior,-0.0,-0.0,-0.0,-0.0,-0.0,-0.0
7,4,loading,1.6875,bbff1fa317a5bc84e405481001160e17cbd0c270fd0264388cceb7c12cdd2eaf,3068,71.0,37.0,interior,-0.0,-0.0,-0.0,-0.0,-0.0,-0.0
7,4,loading,1.6875,bbff1fa317a5bc84e405481001160e17cbd0c270fd0264388cceb7c12cdd2eaf,3069,72.0,37.0,interior,-0.0,-0.0,-0.0,-0.0,-0.0,-0.0
7,4,loading,1.6875,bbff1fa317a5bc84e405481001160e17cbd0c270fd0264388cceb7c12cdd2eaf,3070,73.0,37.0,interior,-0.0,-0.0,-0.0,-0.0,-0.0,-0.0
7,4,loading,1.6875,bbff1fa317a5bc84e405481001160e17cbd0c270fd0264388cceb7c12cdd2eaf,3071,74.0,37.0,interior,-0.0,-0.0,-0.0,-0.0,-0.0,-0.0
7,4,loading,1.6875,bbff1fa317a5bc84e405481001160e17cbd0c270fd0264388cceb7c12cdd2eaf,3072,75.0,37.0,interior,-0.0,-0.0,-0.0,-0.0,-0.0,-0.0
7,4,loading,1.6875,bbff1fa317a5bc84e405481001160e17cbd0c270fd0264388cceb7c12cdd2eaf,3073,76.0,37.0,interior,-0.0,-0.0,-0.0,-0.0,-0.0,-0.0
7,4,loading,1.6875,bbff1fa317a5bc84e405481001160e17cbd0c270fd0264388cceb7c12cdd2eaf,3074,77.0,37.0,interior,-0.0,-0.0,-0.0,-0.0,-0.0,-0.0
7,4,loading,1.6875,bbff1fa317a5bc84e405481001160e17cbd0c270fd0264388cceb7c12cdd2eaf,3075,78.0,37.0,interior,-0.0,-0.0,-0.0,-0.0,-0.0,-0.0
7,4,loading,1.6875,bbff1fa317a5bc84e405481001160e17cbd0c270fd0264388cceb7c12cdd2eaf,3076,79.0,37.0,interior,-0.0,-0.0,-0.0,-0.0,-0.0,-0.0
7,4,loading,1.6875,bbff1fa317a5bc84e405481001160e17cbd0c270fd0264388cceb7c12cdd2eaf,3077,80.0,37.0,physical_only,-0.0,-0.0,-0.0,-0.0,-0.0,-0.0
7,4,loading,1.6875,bbff1fa317a5bc84e405481001160e17cbd0c270fd0264388cceb7c12cdd2eaf,3142,64.0,38.0,physical_only,-5.917799738457579e-06,2.848733728568975e-07,-3.802814960845539e-06,-5.706738285777682e-09,-2.114984777612041e-06,2.9058011114267527e-07
7,4,loading,1.6875,bbff1fa317a5bc84e405481001160e17cbd0c270fd0264388cceb7c12cdd2eaf,3143,65.0,38.0,interior,-0.0,-0.0,-0.0,-0.0,-0.0,-0.0
7,4,loading,1.6875,bbff1fa317a5bc84e405481001160e17cbd0c270fd0264388cceb7c12cdd2eaf,3144,66.0,38.0,interior,-0.0,-0.0,-0.0,-0.0,-0.0,-0.0
7,4,loading,1.6875,bbff1fa317a5bc84e405481001160e17cbd0c270fd0264388cceb7c12cdd2eaf,3145,67.0,38.0,interior,-0.0,-0.0,-0.0,-0.0,-0.0,-0.0
7,4,loading,1.6875,bbff1fa317a5bc84e405481001160e17cbd0c270fd0264388cceb7c12cdd2eaf,3146,68.0,38.0,interior,-0.0,-0.0,-0.0,-0.0,-0.0,-0.0
7,4,loading,1.6875,bbff1fa317a5bc84e405481001160e17cbd0c270fd0264388cceb7c12cdd2eaf,3147,69.0,38.0,interior,-0.0,-0.0,-0.0,-0.0,-0.0,-0.0
7,4,loading,1.6875,bbff1fa317a5bc84e405481001160e17cbd0c270fd0264388cceb7c12cdd2eaf,3148,70.0,38.0,interior,-0.0,-0.0,-0.0,-0.0,-0.0,-0.0
7,4,loading,1.6875,bbff1fa317a5bc84e405481001160e17cbd0c270fd0264388cceb7c12cdd2eaf,3149,71.0,38.0,interior,-0.0,-0.0,-0.0,-0.0,-0.0,-0.0
7,4,loading,1.6875,bbff1fa317a5bc84e405481001160e17cbd0c270fd0264388cceb7c12cdd2eaf,3150,72.0,38.0,interior,-0.0,-0.0,-0.0,-0.0,-0.0,-0.0
7,4,loading,1.6875,bbff1fa317a5bc84e405481001160e17cbd0c270fd0264388cceb7c12cdd2eaf,3151,73.0,38.0,interior,-0.0,-0.0,-0.0,-0.0,-0.0,-0.0
7,4,loading,1.6875,bbff1fa317a5bc84e405481001160e17cbd0c270fd0264388cceb7c12cdd2eaf,3152,74.0,38.0,interior,-0.0,-0.0,-0.0,-0.0,-0.0,-0.0
7,4,loading,1.6875,bbff1fa317a5bc84e405481001160e17cbd0c270fd0264388cceb7c12cdd2eaf,3153,75.0,38.0,interior,-0.0,-0.0,-0.0,-0.0,-0.0,-0.0
7,4,loading,1.6875,bbff1fa317a5bc84e405481001160e17cbd0c270fd0264388cceb7c12cdd2eaf,3154,76.0,38.0,interior,-0.0,-0.0,-0.0,-0.0,-0.0,-0.0
7,4,loading,1.6875,bbff1fa317a5bc84e405481001160e17cbd0c270fd0264388cceb7c12cdd2eaf,3155,77.0,38.0,interior,-0.0,-0.0,-0.0,-0.0,-0.0,-0.0
7,4,loading,1.6875,bbff1fa317a5bc84e405481001160e17cbd0c270fd0264388cceb7c12cdd2eaf,3156,78.0,38.0,interior,-0.0,-0.0,-0.0,-0.0,-0.0,-0.0
7,4,loading,1.6875,bbff1fa317a5bc84e405481001160e17cbd0c270fd0264388cceb7c12cdd2eaf,3157,79.0,38.0,interior,-0.0,-0.0,-0.0,-0.0,-0.0,-0.0
7,4,loading,1.6875,bbff1fa317a5bc84e405481001160e17cbd0c270fd0264388cceb7c12cdd2eaf,3158,80.0,38.0,physical_only,-0.0,-0.0,-0.0,-0.0,-0.0,-0.0
7,4,loading,1.6875,bbff1fa317a5bc84e405481001160e17cbd0c270fd0264388cceb7c12cdd2eaf,3223,64.0,39.0,physical_only,-5.944158717959749e-06,1.4638107260138782e-07,-3.863875905992044e-06,-2.3389683983484464e-09,-2.0802828119677053e-06,1.4872004099973627e-07
7,4,loading,1.6875,bbff1fa317a5bc84e405481001160e17cbd0c270fd0264388cceb7c12cdd2eaf,3224,65.0,39.0,interior,-0.0,-0.0,-0.0,-0.0,-0.0,-0.0
7,4,loading,1.6875,bbff1fa317a5bc84e405481001160e17cbd0c270fd0264388cceb7c12cdd2eaf,3225,66.0,39.0,interior,-0.0,-0.0,-0.0,-0.0,-0.0,-0.0
7,4,loading,1.6875,bbff1fa317a5bc84e405481001160e17cbd0c270fd0264388cceb7c12cdd2eaf,3226,67.0,39.0,interior,-0.0,-0.0,-0.0,-0.0,-0.0,-0.0
7,4,loading,1.6875,bbff1fa317a5bc84e405481001160e17cbd0c270fd0264388cceb7c12cdd2eaf,3227,68.0,39.0,interior,-0.0,-0.0,-0.0,-0.0,-0.0,-0.0
7,4,loading,1.6875,bbff1fa317a5bc84e405481001160e17cbd0c270fd0264388cceb7c12cdd2eaf,3228,69.0,39.0,interior,-0.0,-0.0,-0.0,-0.0,-0.0,-0.0
7,4,loading,1.6875,bbff1fa317a5bc84e405481001160e17cbd0c270fd0264388cceb7c12cdd2eaf,3229,70.0,39.0,interior,-0.0,-0.0,-0.0,-0.0,-0.0,-0.0
7,4,loading,1.6875,bbff1fa317a5bc84e405481001160e17cbd0c270fd0264388cceb7c12cdd2eaf,3230,71.0,39.0,interior,-0.0,-0.0,-0.0,-0.0,-0.0,-0.0
7,4,loading,1.6875,bbff1fa317a5bc84e405481001160e17cbd0c270fd0264388cceb7c12cdd2eaf,3231,72.0,39.0,interior,-0.0,-0.0,-0.0,-0.0,-0.0,-0.0
7,4,loading,1.6875,bbff1fa317a5bc84e405481001160e17cbd0c270fd0264388cceb7c12cdd2eaf,3232,73.0,39.0,interior,-0.0,-0.0,-0.0,-0.0,-0.0,-0.0
7,4,loading,1.6875,bbff1fa317a5bc84e405481001160e17cbd0c270fd0264388cceb7c12cdd2eaf,3233,74.0,39.0,interior,-0.0,-0.0,-0.0,-0.0,-0.0,-0.0
7,4,loading,1.6875,bbff1fa317a5bc84e405481001160e17cbd0c270fd0264388cceb7c12cdd2eaf,3234,75.0,39.0,interior,-0.0,-0.0,-0.0,-0.0,-0.0,-0.0
7,4,loading,1.6875,bbff1fa317a5bc84e405481001160e17cbd0c270fd0264388cceb7c12cdd2eaf,3235,76.0,39.0,interior,-0.0,-0.0,-0.0,-0.0,-0.0,-0.0
7,4,loading,1.6875,bbff1fa317a5bc84e405481001160e17cbd0c270fd0264388cceb7c12cdd2eaf,3236,77.0,39.0,interior,-0.0,-0.0,-0.0,-0.0,-0.0,-0.0
7,4,loading,1.6875,bbff1fa317a5bc84e405481001160e17cbd0c270fd0264388cceb7c12cdd2eaf,3237,78.0,39.0,interior,-0.0,-0.0,-0.0,-0.0,-0.0,-0.0
7,4,loading,1.6875,bbff1fa317a5bc84e405481001160e17cbd0c270fd0264388cceb7c12cdd2eaf,3238,79.0,39.0,interior,-0.0,-0.0,-0.0,-0.0,-0.0,-0.0
7,4,loading,1.6875,bbff1fa317a5bc84e405481001160e17cbd0c270fd0264388cceb7c12cdd2eaf,3239,80.0,39.0,physical_only,-0.0,-0.0,-0.0,-0.0,-0.0,-0.0
7,4,loading,1.6875,bbff1fa317a5bc84e405481001160e17cbd0c270fd0264388cceb7c12cdd2eaf,3304,64.0,40.0,physical_and_cut,-2.9764389684887515e-06,1.331693678021347e-06,-1.9421407910062713e-06,-8.907597525981511e-07,-1.03429817748248e-06,2.222453430619498e-06
7,4,loading,1.6875,bbff1fa317a5bc84e405481001160e17cbd0c270fd0264388cceb7c12cdd2eaf,3305,65.0,40.0,cut_only,-0.0,-0.0,-0.0,-0.0,-0.0,-0.0
7,4,loading,1.6875,bbff1fa317a5bc84e405481001160e17cbd0c270fd0264388cceb7c12cdd2eaf,3306,66.0,40.0,cut_only,-0.0,-0.0,-0.0,-0.0,-0.0,-0.0
7,4,loading,1.6875,bbff1fa317a5bc84e405481001160e17cbd0c270fd0264388cceb7c12cdd2eaf,3307,67.0,40.0,cut_only,-0.0,-0.0,-0.0,-0.0,-0.0,-0.0
7,4,loading,1.6875,bbff1fa317a5bc84e405481001160e17cbd0c270fd0264388cceb7c12cdd2eaf,3308,68.0,40.0,cut_only,-0.0,-0.0,-0.0,-0.0,-0.0,-0.0
7,4,loading,1.6875,bbff1fa317a5bc84e405481001160e17cbd0c270fd0264388cceb7c12cdd2eaf,3309,69.0,40.0,cut_only,-0.0,-0.0,-0.0,-0.0,-0.0,-0.0
7,4,loading,1.6875,bbff1fa317a5bc84e405481001160e17cbd0c270fd0264388cceb7c12cdd2eaf,3310,70.0,40.0,cut_only,-0.0,-0.0,-0.0,-0.0,-0.0,-0.0
7,4,loading,1.6875,bbff1fa317a5bc84e405481001160e17cbd0c270fd0264388cceb7c12cdd2eaf,3311,71.0,40.0,cut_only,-0.0,-0.0,-0.0,-0.0,-0.0,-0.0
7,4,loading,1.6875,bbff1fa317a5bc84e405481001160e17cbd0c270fd0264388cceb7c12cdd2eaf,3312,72.0,40.0,cut_only,-0.0,-0.0,-0.0,-0.0,-0.0,-0.0
7,4,loading,1.6875,bbff1fa317a5bc84e405481001160e17cbd0c270fd0264388cceb7c12cdd2eaf,3313,73.0,40.0,cut_only,-0.0,-0.0,-0.0,-0.0,-0.0,-0.0
7,4,loading,1.6875,bbff1fa317a5bc84e405481001160e17cbd0c270fd0264388cceb7c12cdd2eaf,3314,74.0,40.0,cut_only,-0.0,-0.0,-0.0,-0.0,-0.0,-0.0
7,4,loading,1.6875,bbff1fa317a5bc84e405481001160e17cbd0c270fd0264388cceb7c12cdd2eaf,3315,75.0,40.0,cut_only,-0.0,-0.0,-0.0,-0.0,-0.0,-0.0
7,4,loading,1.6875,bbff1fa317a5bc84e405481001160e17cbd0c270fd0264388cceb7c12cdd2eaf,3316,76.0,40.0,cut_only,-0.0,-0.0,-0.0,-0.0,-0.0,-0.0
7,4,loading,1.6875,bbff1fa317a5bc84e405481001160e17cbd0c270fd0264388cceb7c12cdd2eaf,3317,77.0,40.0,cut_only,-0.0,-0.0,-0.0,-0.0,-0.0,-0.0
7,4,loading,1.6875,bbff1fa317a5bc84e405481001160e17cbd0c270fd0264388cceb7c12cdd2eaf,3318,78.0,40.0,cut_only,-0.0,-0.0,-0.0,-0.0,-0.0,-0.0
7,4,loading,1.6875,bbff1fa317a5bc84e405481001160e17cbd0c270fd0264388cceb7c12cdd2eaf,3319,79.0,40.0,cut_only,-0.0,-0.0,-0.0,-0.0,-0.0,-0.0
7,4,loading,1.6875,bbff1fa317a5bc84e405481001160e17cbd0c270fd0264388cceb7c12cdd2eaf,3320,80.0,40.0,physical_and_cut,-0.0,-0.0,-0.0,-0.0,-0.0,-0.0
