index,original_target_index,leg,d_mm,state_sha256,node_id,x_mm,y_mm,group,total_Fx_N,total_Fy_N,material_Fx_N,material_Fy_N,regularization_Fx_N,regularization_Fy_N
0,0,origin,0.0,26d76fa997d7fc33a9ff6a4b606fc4f31e3f1c0753050e330d97c92565c2bbe2,2573,62.0,31.0,physical_only,-0.0,-0.0,-0.0,-0.0,-0.0,-0.0
0,0,origin,0.0,26d76fa997d7fc33a9ff6a4b606fc4f31e3f1c0753050e330d97c92565c2bbe2,2574,63.0,31.0,physical_only,-0.0,-0.0,-0.0,-0.0,-0.0,-0.0
0,0,origin,0.0,26d76fa997d7fc33a9ff6a4b606fc4f31e3f1c0753050e330d97c92565c2bbe2,2575,64.0,31.0,physical_only,-0.0,-0.0,-0.0,-0.0,-0.0,-0.0
0,0,origin,0.0,26d76fa997d7fc33a9ff6a4b606fc4f31e3f1c0753050e330d97c92565c2bbe2,2576,65.0,31.0,physical_only,-0.0,-0.0,-0.0,-0.0,-0.0,-0.0
0,0,origin,0.0,26d76fa997d7fc33a9ff6a4b606fc4f31e3f1c0753050e330d97c92565c2bbe2,2577,66.0,31.0,physical_only,-0.0,-0.0,-0.0,-0.0,-0.0,-0.0
0,0,origin,0.0,26d76fa997d7fc33a9ff6a4b606fc4f31e3f1c0753050e330d97c92565c2bbe2,2578,67.0,31.0,physical_only,-0.0,-0.0,-0.0,-0.0,-0.0,-0.0
0,0,origin,0.0,26d76fa997d7fc33a9ff6a4b606fc4f31e3f1c0753050e330d97c92565c2bbe2,2579,68.0,31.0,physical_only,-0.0,-0.0,-0.0,-0.0,-0.0,-0.0
0,0,origin,0.0,26d76fa997d7fc33a9ff6a4b606fc4f31e3f1c0753050e330d97c92565c2bbe2,2580,69.0,31.0,physical_only,-0.0,-0.0,-0.0,-0.0,-0.0,-0.0
0,0,origin,0.0,26d76fa997d7fc33a9ff6a4b606fc4f31e3f1c0753050e330d97c92565c2bbe2,2581,70.0,31.0,physical_only,-0.0,-0.0,-0.0,-0.0,-0.0,-0.0
0,0,origin,0.0,26d76fa997d7fc33a9ff6a4b606fc4f31e3f1c0753050e330d97c92565c2bbe2,2582,71.0,31.0,physical_only,-0.0,-0.0,-0.0,-0.0,-0.0,-0.0
0,0,origin,0.0,26d76fa997d7fc33a9ff6a4b606fc4f31e3f1c0753050e330d97c92565c2bbe2,2583,72.0,31.0,physical_only,-0.0,-0.0,-0.0,-0.0,-0.0,-0.0
0,0,origin,0.0,26d76fa997d7fc33a9ff6a4b606fc4f31e3f1c0753050e330d97c92565c2bbe2,2584,73.0,31.0,physical_only,-0.0,-0.0,-0.0,-0.0,-0.0,-0.0
0,0,origin,0.0,26d76fa997d7fc33a9ff6a4b606fc4f31e3f1c0753050e330d97c92565c2bbe2,2585,74.0,31.0,physical_only,-0.0,-0.0,-0.0,-0.0,-0.0,-0.0
0,0,origin,0.0,26d76fa997d7fc33a9ff6a4b606fc4f31e3f1c0753050e330d97c92565c2bbe2,2586,75.0,31.0,physical_only,-0.0,-0.0,-0.0,-0.0,-0.0,-0.0
0,0,origin,0.0,26d76fa997d7fc33a9ff6a4b606fc4f31e3f1c0753050e330d97c92565c2bbe2,2587,76.0,31.0,physical_only,-0.0,-0.0,-0.0,-0.0,-0.0,-0.0
0,0,origin,0.0,26d76fa997d7fc33a9ff6a4b606fc4f31e3f1c0753050e330d97c92565c2bbe2,2588,77.0,31.0,physical_only,-0.0,-0.0,-0.0,-0.0,-0.0,-0.0
0,0,origin,0.0,26d76fa997d7fc33a9ff6a4b606fc4f31e3f1c0753050e330d97c92565c2bbe2,2589,78.0,31.0,physical_only,-0.0,-0.0,-0.0,-0.0,-0.0,-0.0
0,0,origin,0.0,26d76fa997d7fc33a9ff6a4b606fc4f31e3f1c0753050e330d97c92565c2bbe2,2590,79.0,31.0,physical_only,-0.0,-0.0,-0.0,-0.0,-0.0,-0.0
0,0,origin,0.0,26d76fa997d7fc33a9ff6a4b606fc4f31e3f1c0753050e330d97c92565c2bbe2,2591,80.0,31.0,physical_only,-0.0,-0.0,-0.0,-0.0,-0.0,-0.0
0,0,origin,0.0,26d76fa997d7fc33a9ff6a4b606fc4f31e3f1c0753050e330d97c92565c2bbe2,2654,62.0,32.0,physical_only,-0.0,-0.0,-0.0,-0.0,-0.0,-0.0
0,0,origin,0.0,26d76fa997d7fc33a9ff6a4b606fc4f31e3f1c0753050e330d97c92565c2bbe2,2655,63.0,32.0,interior,-0.0,-0.0,-0.0,-0.0,-0.0,-0.0
0,0,origin,0.0,26d76fa997d7fc33a9ff6a4b606fc4f31e3f1c0753050e330d97c92565c2bbe2,2656,64.0,32.0,interior,-0.0,-0.0,-0.0,-0.0,-0.0,-0.0
0,0,origin,0.0,26d76fa997d7fc33a9ff6a4b606fc4f31e3f1c0753050e330d97c92565c2bbe2,2657,65.0,32.0,interior,-0.0,-0.0,-0.0,-0.0,-0.0,-0.0
0,0,origin,0.0,26d76fa997d7fc33a9ff6a4b606fc4f31e3f1c0753050e330d97c92565c2bbe2,2658,66.0,32.0,interior,-0.0,-0.0,-0.0,-0.0,-0.0,-0.0
0,0,origin,0.0,26d76fa997d7fc33a9ff6a4b606fc4f31e3f1c0753050e330d97c92565c2bbe2,2659,67.0,32.0,interior,-0.0,-0.0,-0.0,-0.0,-0.0,-0.0
0,0,origin,0.0,26d76fa997d7fc33a9ff6a4b606fc4f31e3f1c0753050e330d97c92565c2bbe2,2660,68.0,32.0,interior,-0.0,-0.0,-0.0,-0.0,-0.0,-0.0
0,0,origin,0.0,26d76fa997d7fc33a9ff6a4b606fc4f31e3f1c0753050e330d97c92565c2bbe2,2661,69.0,32.0,interior,-0.0,-0.0,-0.0,-0.0,-0.0,-0.0
0,0,origin,0.0,26d76fa997d7fc33a9ff6a4b606fc4f31e3f1c0753050e330d97c92565c2bbe2,2662,70.0,32.0,interior,-0.0,-0.0,-0.0,-0.0,-0.0,-0.0
0,0,origin,0.0,26d76fa997d7fc33a9ff6a4b606fc4f31e3f1c0753050e330d97c92565c2bbe2,2663,71.0,32.0,interior,-0.0,-0.0,-0.0,-0.0,-0.0,-0.0
0,0,origin,0.0,26d76fa997d7fc33a9ff6a4b606fc4f31e3f1c0753050e330d97c92565c2bbe2,2664,72.0,32.0,interior,-0.0,-0.0,-0.0,-0.0,-0.0,-0.0
0,0,origin,0.0,26d76fa997d7fc33a9ff6a4b606fc4f31e3f1c0753050e330d97c92565c2bbe2,2665,73.0,32.0,interior,-0.0,-0.0,-0.0,-0.0,-0.0,-0.0
0,0,origin,0.0,26d76fa997d7fc33a9ff6a4b606fc4f31e3f1c0753050e330d97c92565c2bbe2,2666,74.0,32.0,interior,-0.0,-0.0,-0.0,-0.0,-0.0,-0.0
0,0,origin,0.0,26d76fa997d7fc33a9ff6a4b606fc4f31e3f1c0753050e330d97c92565c2bbe2,2667,75.0,32.0,interior,-0.0,-0.0,-0.0,-0.0,-0.0,-0.0
0,0,origin,0.0,26d76fa997d7fc33a9ff6a4b606fc4f31e3f1c0753050e330d97c92565c2bbe2,2668,76.0,32.0,interior,-0.0,-0.0,-0.0,-0.0,-0.0,-0.0
0,0,origin,0.0,26d76fa997d7fc33a9ff6a4b606fc4f31e3f1c0753050e330d97c92565c2bbe2,2669,77.0,32.0,interior,-0.0,-0.0,-0.0,-0.0,-0.0,-0.0
0,0,origin,0.0,26d76fa997d7fc33a9ff6a4b606fc4f31e3f1c0753050e330d97c92565c2bbe2,2670,78.0,32.0,interior,-0.0,-0.0,-0.0,-0.0,-0.0,-0.0
0,0,origin,0.0,26d76fa997d7fc33a9ff6a4b606fc4f31e3f1c0753050e330d97c92565c2bbe2,2671,79.0,32.0,interior,-0.0,-0.0,-0.0,-0.0,-0.0,-0.0
0,0,origin,0.0,26d76fa997d7fc33a9ff6a4b606fc4f31e3f1c0753050e330d97c92565c2bbe2,2672,80.0,32.0,physical_only,-0.0,-0.0,-0.0,-0.0,-0.0,-0.0
0,0,origin,0.0,26d76fa997d7fc33a9ff6a4b606fc4f31e3f1c0753050e330d97c92565c2bbe2,2735,62.0,33.0,physical_only,-0.0,-0.0,-0.0,-0.0,-0.0,-0.0
0,0,origin,0.0,26d76fa997d7fc33a9ff6a4b606fc4f31e3f1c0753050e330d97c92565c2bbe2,2736,63.0,33.0,interior,-0.0,-0.0,-0.0,-0.0,-0.0,-0.0
0,0,origin,0.0,26d76fa997d7fc33a9ff6a4b606fc4f31e3f1c0753050e330d97c92565c2bbe2,2737,64.0,33.0,interior,-0.0,-0.0,-0.0,-0.0,-0.0,-0.0
0,0,origin,0.0,26d76fa997d7fc33a9ff6a4b606fc4f31e3f1c0753050e330d97c92565c2bbe2,2738,65.0,33.0,interior,-0.0,-0.0,-0.0,-0.0,-0.0,-0.0
0,0,origin,0.0,26d76fa997d7fc33a9ff6a4b606fc4f31e3f1c0753050e330d97c92565c2bbe2,2739,66.0,33.0,interior,-0.0,-0.0,-0.0,-0.0,-0.0,-0.0
0,0,origin,0.0,26d76fa997d7fc33a9ff6a4b606fc4f31e3f1c0753050e330d97c92565c2bbe2,2740,67.0,33.0,interior,-0.0,-0.0,-0.0,-0.0,-0.0,-0.0
0,0,origin,0.0,26d76fa997d7fc33a9ff6a4b606fc4f31e3f1c0753050e330d97c92565c2bbe2,2741,68.0,33.0,interior,-0.0,-0.0,-0.0,-0.0,-0.0,-0.0
0,0,origin,0.0,26d76fa997d7fc33a9ff6a4b606fc4f31e3f1c0753050e330d97c92565c2bbe2,2742,69.0,33.0,interior,-0.0,-0.0,-0.0,-0.0,-0.0,-0.0
0,0,origin,0.0,26d76fa997d7fc33a9ff6a4b606fc4f31e3f1c0753050e330d97c92565c2bbe2,2743,70.0,33.0,interior,-0.0,-0.0,-0.0,-0.0,-0.0,-0.0
0,0,origin,0.0,26d76fa997d7fc33a9ff6a4b606fc4f31e3f1c0753050e330d97c92565c2bbe2,2744,71.0,33.0,interior,-0.0,-0.0,-0.0,-0.0,-0.0,-0.0
0,0,origin,0.0,26d76fa997d7fc33a9ff6a4b606fc4f31e3f1c0753050e330d97c92565c2bbe2,2745,72.0,33.0,interior,-0.0,-0.0,-0.0,-0.0,-0.0,-0.0
0,0,origin,0.0,26d76fa997d7fc33a9ff6a4b606fc4f31e3f1c0753050e330d97c92565c2bbe2,2746,73.0,33.0,interior,-0.0,-0.0,-0.0,-0.0,-0.0,-0.0
0,0,origin,0.0,26d76fa997d7fc33a9ff6a4b606fc4f31e3f1c0753050e330d97c92565c2bbe2,2747,74.0,33.0,interior,-0.0,-0.0,-0.0,-0.0,-0.0,-0.0
0,0,origin,0.0,26d76fa997d7fc33a9ff6a4b606fc4f31e3f1c0753050e330d97c92565c2bbe2,2748,75.0,33.0,interior,-0.0,-0.0,-0.0,-0.0,-0.0,-0.0
0,0,origin,0.0,26d76fa997d7fc33a9ff6a4b606fc4f31e3f1c0753050e330d97c92565c2bbe2,2749,76.0,33.0,interior,-0.0,-0.0,-0.0,-0.0,-0.0,-0.0
0,0,origin,0.0,26d76fa997d7fc33a9ff6a4b606fc4f31e3f1c0753050e330d97c92565c2bbe2,2750,77.0,33.0,interior,-0.0,-0.0,-0.0,-0.0,-0.0,-0.0
0,0,origin,0.0,26d76fa997d7fc33a9ff6a4b606fc4f31e3f1c0753050e330d97c92565c2bbe2,2751,78.0,33.0,interior,-0.0,-0.0,-0.0,-0.0,-0.0,-0.0
0,0,origin,0.0,26d76fa997d7fc33a9ff6a4b606fc4f31e3f1c0753050e330d97c92565c2bbe2,2752,79.0,33.0,interior,-0.0,-0.0,-0.0,-0.0,-0.0,-0.0
0,0,origin,0.0,26d76fa997d7fc33a9ff6a4b606fc4f31e3f1c0753050e330d97c92565c2bbe2,2753,80.0,33.0,physical_only,-0.0,-0.0,-0.0,-0.0,-0.0,-0.0
0,0,origin,0.0,26d76fa997d7fc33a9ff6a4b606fc4f31e3f1c0753050e330d97c92565c2bbe2,2816,62.0,34.0,physical_only,-0.0,-0.0,-0.0,-0.0,-0.0,-0.0
0,0,origin,0.0,26d76fa997d7fc33a9ff6a4b606fc4f31e3f1c0753050e330d97c92565c2bbe2,2817,63.0,34.0,interior,-0.0,-0.0,-0.0,-0.0,-0.0,-0.0
0,0,origin,0.0,26d76fa997d7fc33a9ff6a4b606fc4f31e3f1c0753050e330d97c92565c2bbe2,2818,64.0,34.0,interior,-0.0,-0.0,-0.0,-0.0,-0.0,-0.0
0,0,origin,0.0,26d76fa997d7fc33a9ff6a4b606fc4f31e3f1c0753050e330d97c92565c2bbe2,2819,65.0,34.0,interior,-0.0,-0.0,-0.0,-0.0,-0.0,-0.0
0,0,origin,0.0,26d76fa997d7fc33a9ff6a4b606fc4f31e3f1c0753050e330d97c92565c2bbe2,2820,66.0,34.0,interior,-0.0,-0.0,-0.0,-0.0,-0.0,-0.0
0,0,origin,0.0,26d76fa997d7fc33a9ff6a4b606fc4f31e3f1c0753050e330d97c92565c2bbe2,2821,67.0,34.0,interior,-0.0,-0.0,-0.0,-0.0,-0.0,-0.0
0,0,origin,0.0,26d76fa997d7fc33a9ff6a4b606fc4f31e3f1c0753050e330d97c92565c2bbe2,2822,68.0,34.0,interior,-0.0,-0.0,-0.0,-0.0,-0.0,-0.0
0,0,origin,0.0,26d76fa997d7fc33a9ff6a4b606fc4f31e3f1c0753050e330d97c92565c2bbe2,2823,69.0,34.0,interior,-0.0,-0.0,-0.0,-0.0,-0.0,-0.0
0,0,origin,0.0,26d76fa997d7fc33a9ff6a4b606fc4f31e3f1c0753050e330d97c92565c2bbe2,2824,70.0,34.0,interior,-0.0,-0.0,-0.0,-0.0,-0.0,-0.0
0,0,origin,0.0,26d76fa997d7fc33a9ff6a4b606fc4f31e3f1c0753050e330d97c92565c2bbe2,2825,71.0,34.0,interior,-0.0,-0.0,-0.0,-0.0,-0.0,-0.0
0,0,origin,0.0,26d76fa997d7fc33a9ff6a4b606fc4f31e3f1c0753050e330d97c92565c2bbe2,2826,72.0,34.0,interior,-0.0,-0.0,-0.0,-0.0,-0.0,-0.0
0,0,origin,0.0,26d76fa997d7fc33a9ff6a4b606fc4f31e3f1c0753050e330d97c92565c2bbe2,2827,73.0,34.0,interior,-0.0,-0.0,-0.0,-0.0,-0.0,-0.0
0,0,origin,0.0,26d76fa997d7fc33a9ff6a4b606fc4f31e3f1c0753050e330d97c92565c2bbe2,2828,74.0,34.0,interior,-0.0,-0.0,-0.0,-0.0,-0.0,-0.0
0,0,origin,0.0,26d76fa997d7fc33a9ff6a4b606fc4f31e3f1c0753050e330d97c92565c2bbe2,2829,75.0,34.0,interior,-0.0,-0.0,-0.0,-0.0,-0.0,-0.0
0,0,origin,0.0,26d76fa997d7fc33a9ff6a4b606fc4f31e3f1c0753050e330d97c92565c2bbe2,2830,76.0,34.0,interior,-0.0,-0.0,-0.0,-0.0,-0.0,-0.0
0,0,origin,0.0,26d76fa997d7fc33a9ff6a4b606fc4f31e3f1c0753050e330d97c92565c2bbe2,2831,77.0,34.0,interior,-0.0,-0.0,-0.0,-0.0,-0.0,-0.0
0,0,origin,0.0,26d76fa997d7fc33a9ff6a4b606fc4f31e3f1c0753050e330d97c92565c2bbe2,2832,78.0,34.0,interior,-0.0,-0.0,-0.0,-0.0,-0.0,-0.0
0,0,origin,0.0,26d76fa997d7fc33a9ff6a4b606fc4f31e3f1c0753050e330d97c92565c2bbe2,2833,79.0,34.0,interior,-0.0,-0.0,-0.0,-0.0,-0.0,-0.0
0,0,origin,0.0,26d76fa997d7fc33a9ff6a4b606fc4f31e3f1c0753050e330d97c92565c2bbe2,2834,80.0,34.0,physical_only,-0.0,-0.0,-0.0,-0.0,-0.0,-0.0
0,0,origin,0.0,26d76fa997d7fc33a9ff6a4b606fc4f31e3f1c0753050e330d97c92565c2bbe2,2897,62.0,35.0,physical_only,-0.0,-0.0,-0.0,-0.0,-0.0,-0.0
0,0,origin,0.0,26d76fa997d7fc33a9ff6a4b606fc4f31e3f1c0753050e330d97c92565c2bbe2,2898,63.0,35.0,interior,-0.0,-0.0,-0.0,-0.0,-0.0,-0.0
0,0,origin,0.0,26d76fa997d7fc33a9ff6a4b606fc4f31e3f1c0753050e330d97c92565c2bbe2,2899,64.0,35.0,interior,-0.0,-0.0,-0.0,-0.0,-0.0,-0.0
0,0,origin,0.0,26d76fa997d7fc33a9ff6a4b606fc4f31e3f1c0753050e330d97c92565c2bbe2,2900,65.0,35.0,interior,-0.0,-0.0,-0.0,-0.0,-0.0,-0.0
0,0,origin,0.0,26d76fa997d7fc33a9ff6a4b606fc4f31e3f1c0753050e330d97c92565c2bbe2,2901,66.0,35.0,interior,-0.0,-0.0,-0.0,-0.0,-0.0,-0.0
0,0,origin,0.0,26d76fa997d7fc33a9ff6a4b606fc4f31e3f1c0753050e330d97c92565c2bbe2,2902,67.0,35.0,interior,-0.0,-0.0,-0.0,-0.0,-0.0,-0.0
0,0,origin,0.0,26d76fa997d7fc33a9ff6a4b606fc4f31e3f1c0753050e330d97c92565c2bbe2,2903,68.0,35.0,interior,-0.0,-0.0,-0.0,-0.0,-0.0,-0.0
0,0,origin,0.0,26d76fa997d7fc33a9ff6a4b606fc4f31e3f1c0753050e330d97c92565c2bbe2,2904,69.0,35.0,interior,-0.0,-0.0,-0.0,-0.0,-0.0,-0.0
0,0,origin,0.0,26d76fa997d7fc33a9ff6a4b606fc4f31e3f1c0753050e330d97c92565c2bbe2,2905,70.0,35.0,interior,-0.0,-0.0,-0.0,-0.0,-0.0,-0.0
0,0,origin,0.0,26d76fa997d7fc33a9ff6a4b606fc4f31e3f1c0753050e330d97c92565c2bbe2,2906,71.0,35.0,interior,-0.0,-0.0,-0.0,-0.0,-0.0,-0.0
0,0,origin,0.0,26d76fa997d7fc33a9ff6a4b606fc4f31e3f1c0753050e330d97c92565c2bbe2,2907,72.0,35.0,interior,-0.0,-0.0,-0.0,-0.0,-0.0,-0.0
0,0,origin,0.0,26d76fa997d7fc33a9ff6a4b606fc4f31e3f1c0753050e330d97c92565c2bbe2,2908,73.0,35.0,interior,-0.0,-0.0,-0.0,-0.0,-0.0,-0.0
0,0,origin,0.0,26d76fa997d7fc33a9ff6a4b606fc4f31e3f1c0753050e330d97c92565c2bbe2,2909,74.0,35.0,interior,-0.0,-0.0,-0.0,-0.0,-0.0,-0.0
0,0,origin,0.0,26d76fa997d7fc33a9ff6a4b606fc4f31e3f1c0753050e330d97c92565c2bbe2,2910,75.0,35.0,interior,-0.0,-0.0,-0.0,-0.0,-0.0,-0.0
0,0,origin,0.0,26d76fa997d7fc33a9ff6a4b606fc4f31e3f1c0753050e330d97c92565c2bbe2,2911,76.0,35.0,interior,-0.0,-0.0,-0.0,-0.0,-0.0,-0.0
0,0,origin,0.0,26d76fa997d7fc33a9ff6a4b606fc4f31e3f1c0753050e330d97c92565c2bbe2,2912,77.0,35.0,interior,-0.0,-0.0,-0.0,-0.0,-0.0,-0.0
0,0,origin,0.0,26d76fa997d7fc33a9ff6a4b606fc4f31e3f1c0753050e330d97c92565c2bbe2,2913,78.0,35.0,interior,-0.0,-0.0,-0.0,-0.0,-0.0,-0.0
0,0,origin,0.0,26d76fa997d7fc33a9ff6a4b606fc4f31e3f1c0753050e330d97c92565c2bbe2,2914,79.0,35.0,interior,-0.0,-0.0,-0.0,-0.0,-0.0,-0.0
0,0,origin,0.0,26d76fa997d7fc33a9ff6a4b606fc4f31e3f1c0753050e330d97c92565c2bbe2,2915,80.0,35.0,physical_only,-0.0,-0.0,-0.0,-0.0,-0.0,-0.0
0,0,origin,0.0,26d76fa997d7fc33a9ff6a4b606fc4f31e3f1c0753050e330d97c92565c2bbe2,2978,62.0,36.0,physical_only,-0.0,-0.0,-0.0,-0.0,-0.0,-0.0
0,0,origin,0.0,26d76fa997d7fc33a9ff6a4b606fc4f31e3f1c0753050e330d97c92565c2bbe2,2979,63.0,36.0,interior,-0.0,-0.0,-0.0,-0.0,-0.0,-0.0
0,0,origin,0.0,26d76fa997d7fc33a9ff6a4b606fc4f31e3f1c0753050e330d97c92565c2bbe2,2980,64.0,36.0,interior,-0.0,-0.0,-0.0,-0.0,-0.0,-0.0
0,0,origin,0.0,26d76fa997d7fc33a9ff6a4b606fc4f31e3f1c0753050e330d97c92565c2bbe2,2981,65.0,36.0,interior,-0.0,-0.0,-0.0,-0.0,-0.0,-0.0
0,0,origin,0.0,26d76fa997d7fc33a9ff6a4b606fc4f31e3f1c0753050e330d97c92565c2bbe2,2982,66.0,36.0,interior,-0.0,-0.0,-0.0,-0.0,-0.0,-0.0
0,0,origin,0.0,26d76fa997d7fc33a9ff6a4b606fc4f31e3f1c0753050e330d97c92565c2bbe2,2983,67.0,36.0,interior,-0.0,-0.0,-0.0,-0.0,-0.0,-0.0
0,0,origin,0.0,26d76fa997d7fc33a9ff6a4b606fc4f31e3f1c0753050e330d97c92565c2bbe2,2984,68.0,36.0,interior,-0.0,-0.0,-0.0,-0.0,-0.0,-0.0
0,0,origin,0.0,26d76fa997d7fc33a9ff6a4b606fc4f31e3f1c0753050e330d97c92565c2bbe2,2985,69.0,36.0,interior,-0.0,-0.0,-0.0,-0.0,-0.0,-0.0
0,0,origin,0.0,26d76fa997d7fc33a9ff6a4b606fc4f31e3f1c0753050e330d97c92565c2bbe2,2986,70.0,36.0,interior,-0.0,-0.0,-0.0,-0.0,-0.0,-0.0
0,0,origin,0.0,26d76fa997d7fc33a9ff6a4b606fc4f31e3f1c0753050e330d97c92565c2bbe2,2987,71.0,36.0,interior,-0.0,-0.0,-0.0,-0.0,-0.0,-0.0
0,0,origin,0.0,26d76fa997d7fc33a9ff6a4b606fc4f31e3f1c0753050e330d97c92565c2bbe2,2988,72.0,36.0,interior,-0.0,-0.0,-0.0,-0.0,-0.0,-0.0
0,0,origin,0.0,26d76fa997d7fc33a9ff6a4b606fc4f31e3f1c0753050e330d97c92565c2bbe2,2989,73.0,36.0,interior,-0.0,-0.0,-0.0,-0.0,-0.0,-0.0
0,0,origin,0.0,26d76fa997d7fc33a9ff6a4b606fc4f31e3f1c0753050e330d97c92565c2bbe2,2990,74.0,36.0,interior,-0.0,-0.0,-0.0,-0.0,-0.0,-0.0
0,0,origin,0.0,26d76fa997d7fc33a9ff6a4b606fc4f31e3f1c0753050e330d97c92565c2bbe2,2991,75.0,36.0,interior,-0.0,-0.0,-0.0,-0.0,-0.0,-0.0
0,0,origin,0.0,26d76fa997d7fc33a9ff6a4b606fc4f31e3f1c0753050e330d97c92565c2bbe2,2992,76.0,36.0,interior,-0.0,-0.0,-0.0,-0.0,-0.0,-0.0
0,0,origin,0.0,26d76fa997d7fc33a9ff6a4b606fc4f31e3f1c0753050e330d97c92565c2bbe2,2993,77.0,36.0,interior,-0.0,-0.0,-0.0,-0.0,-0.0,-0.0
0,0,origin,0.0,26d76fa997d7fc33a9ff6a4b606fc4f31e3f1c0753050e330d97c92565c2bbe2,2994,78.0,36.0,interior,-0.0,-0.0,-0.0,-0.0,-0.0,-0.0
0,0,origin,0.0,26d76fa997d7fc33a9ff6a4b606fc4f31e3f1c0753050e330d97c92565c2bbe2,2995,79.0,36.0,interior,-0.0,-0.0,-0.0,-0.0,-0.0,-0.0
0,0,origin,0.0,26d76fa997d7fc33a9ff6a4b606fc4f31e3f1c0753050e330d97c92565c2bbe2,2996,80.0,36.0,physical_only,-0.0,-0.0,-0.0,-0.0,-0.0,-0.0
0,0,origin,0.0,26d76fa997d7fc33a9ff6a4b606fc4f31e3f1c0753050e330d97c92565c2bbe2,3059,62.0,37.0,physical_only,-0.0,-0.0,-0.0,-0.0,-0.0,-0.0
0,0,origin,0.0,26d76fa997d7fc33a9ff6a4b606fc4f31e3f1c0753050e330d97c92565c2bbe2,3060,63.0,37.0,interior,-0.0,-0.0,-0.0,-0.0,-0.0,-0.0
0,0,origin,0.0,26d76fa997d7fc33a9ff6a4b606fc4f31e3f1c0753050e330d97c92565c2bbe2,3061,64.0,37.0,interior,-0.0,-0.0,-0.0,-0.0,-0.0,-0.0
0,0,origin,0.0,26d76fa997d7fc33a9ff6a4b606fc4f31e3f1c0753050e330d97c92565c2bbe2,3062,65.0,37.0,interior,-0.0,-0.0,-0.0,-0.0,-0.0,-0.0
0,0,origin,0.0,26d76fa997d7fc33a9ff6a4b606fc4f31e3f1c0753050e330d97c92565c2bbe2,3063,66.0,37.0,interior,-0.0,-0.0,-0.0,-0.0,-0.0,-0.0
0,0,origin,0.0,26d76fa997d7fc33a9ff6a4b606fc4f31e3f1c0753050e330d97c92565c2bbe2,3064,67.0,37.0,interior,-0.0,-0.0,-0.0,-0.0,-0.0,-0.0
0,0,origin,0.0,26d76fa997d7fc33a9ff6a4b606fc4f31e3f1c0753050e330d97c92565c2bbe2,3065,68.0,37.0,interior,-0.0,-0.0,-0.0,-0.0,-0.0,-0.0
0,0,origin,0.0,26d76fa997d7fc33a9ff6a4b606fc4f31e3f1c0753050e330d97c92565c2bbe2,3066,69.0,37.0,interior,-0.0,-0.0,-0.0,-0.0,-0.0,-0.0
0,0,origin,0.0,26d76fa997d7fc33a9ff6a4b606fc4f31e3f1c0753050e330d97c92565c2bbe2,3067,70.0,37.0,interior,-0.0,-0.0,-0.0,-0.0,-0.0,-0.0
0,0,origin,0.0,26d76fa997d7fc33a9ff6a4b606fc4f31e3f1c0753050e330d97c92565c2bbe2,3068,71.0,37.0,interior,-0.0,-0.0,-0.0,-0.0,-0.0,-0.0
0,0,origin,0.0,26d76fa997d7fc33a9ff6a4b606fc4f31e3f1c0753050e330d97c92565c2bbe2,3069,72.0,37.0,interior,-0.0,-0.0,-0.0,-0.0,-0.0,-0.0
0,0,origin,0.0,26d76fa997d7fc33a9ff6a4b606fc4f31e3f1c0753050e330d97c92565c2bbe2,3070,73.0,37.0,interior,-0.0,-0.0,-0.0,-0.0,-0.0,-0.0
0,0,origin,0.0,26d76fa997d7fc33a9ff6a4b606fc4f31e3f1c0753050e330d97c92565c2bbe2,3071,74.0,37.0,interior,-0.0,-0.0,-0.0,-0.0,-0.0,-0.0
0,0,origin,0.0,26d76fa997d7fc33a9ff6a4b606fc4f31e3f1c0753050e330d97c92565c2bbe2,3072,75.0,37.0,interior,-0.0,-0.0,-0.0,-0.0,-0.0,-0.0
0,0,origin,0.0,26d76fa997d7fc33a9ff6a4b606fc4f31e3f1c0753050e330d97c92565c2bbe2,3073,76.0,37.0,interior,-0.0,-0.0,-0.0,-0.0,-0.0,-0.0
0,0,origin,0.0,26d76fa997d7fc33a9ff6a4b606fc4f31e3f1c0753050e330d97c92565c2bbe2,3074,77.0,37.0,interior,-0.0,-0.0,-0.0,-0.0,-0.0,-0.0
0,0,origin,0.0,26d76fa997d7fc33a9ff6a4b606fc4f31e3f1c0753050e330d97c92565c2bbe2,3075,78.0,37.0,interior,-0.0,-0.0,-0.0,-0.0,-0.0,-0.0
0,0,origin,0.0,26d76fa997d7fc33a9ff6a4b606fc4f31e3f1c0753050e330d97c92565c2bbe2,3076,79.0,37.0,interior,-0.0,-0.0,-0.0,-0.0,-0.0,-0.0
0,0,origin,0.0,26d76fa997d7fc33a9ff6a4b606fc4f31e3f1c0753050e330d97c92565c2bbe2,3077,80.0,37.0,physical_only,-0.0,-0.0,-0.0,-0.0,-0.0,-0.0
0,0,origin,0.0,26d76fa997d7fc33a9ff6a4b606fc4f31e3f1c0753050e330d97c92565c2bbe2,3140,62.0,38.0,physical_only,-0.0,-0.0,-0.0,-0.0,-0.0,-0.0
0,0,origin,0.0,26d76fa997d7fc33a9ff6a4b606fc4f31e3f1c0753050e330d97c92565c2bbe2,3141,63.0,38.0,interior,-0.0,-0.0,-0.0,-0.0,-0.0,-0.0
0,0,origin,0.0,26d76fa997d7fc33a9ff6a4b606fc4f31e3f1c0753050e330d97c92565c2bbe2,3142,64.0,38.0,interior,-0.0,-0.0,-0.0,-0.0,-0.0,-0.0
0,0,origin,0.0,26d76fa997d7fc33a9ff6a4b606fc4f31e3f1c0753050e330d97c92565c2bbe2,3143,65.0,38.0,interior,-0.0,-0.0,-0.0,-0.0,-0.0,-0.0
0,0,origin,0.0,26d76fa997d7fc33a9ff6a4b606fc4f31e3f1c0753050e330d97c92565c2bbe2,3144,66.0,38.0,interior,-0.0,-0.0,-0.0,-0.0,-0.0,-0.0
0,0,origin,0.0,26d76fa997d7fc33a9ff6a4b606fc4f31e3f1c0753050e330d97c92565c2bbe2,3145,67.0,38.0,interior,-0.0,-0.0,-0.0,-0.0,-0.0,-0.0
0,0,origin,0.0,26d76fa997d7fc33a9ff6a4b606fc4f31e3f1c0753050e330d97c92565c2bbe2,3146,68.0,38.0,interior,-0.0,-0.0,-0.0,-0.0,-0.0,-0.0
0,0,origin,0.0,26d76fa997d7fc33a9ff6a4b606fc4f31e3f1c0753050e330d97c92565c2bbe2,3147,69.0,38.0,interior,-0.0,-0.0,-0.0,-0.0,-0.0,-0.0
0,0,origin,0.0,26d76fa997d7fc33a9ff6a4b606fc4f31e3f1c0753050e330d97c92565c2bbe2,3148,70.0,38.0,interior,-0.0,-0.0,-0.0,-0.0,-0.0,-0.0
0,0,origin,0.0,26d76fa997d7fc33a9ff6a4b606fc4f31e3f1c0753050e330d97c92565c2bbe2,3149,71.0,38.0,interior,-0.0,-0.0,-0.0,-0.0,-0.0,-0.0
0,0,origin,0.0,26d76fa997d7fc33a9ff6a4b606fc4f31e3f1c0753050e330d97c92565c2bbe2,3150,72.0,38.0,interior,-0.0,-0.0,-0.0,-0.0,-0.0,-0.0
0,0,origin,0.0,26d76fa997d7fc33a9ff6a4b606fc4f31e3f1c0753050e330d97c92565c2bbe2,3151,73.0,38.0,interior,-0.0,-0.0,-0.0,-0.0,-0.0,-0.0
0,0,origin,0.0,26d76fa997d7fc33a9ff6a4b606fc4f31e3f1c0753050e330d97c92565c2bbe2,3152,74.0,38.0,interior,-0.0,-0.0,-0.0,-0.0,-0.0,-0.0
0,0,origin,0.0,26d76fa997d7fc33a9ff6a4b606fc4f31e3f1c0753050e330d97c92565c2bbe2,3153,75.0,38.0,interior,-0.0,-0.0,-0.0,-0.0,-0.0,-0.0
0,0,origin,0.0,26d76fa997d7fc33a9ff6a4b606fc4f31e3f1c0753050e330d97c92565c2bbe2,3154,76.0,38.0,interior,-0.0,-0.0,-0.0,-0.0,-0.0,-0.0
0,0,origin,0.0,26d76fa997d7fc33a9ff6a4b606fc4f31e3f1c0753050e330d97c92565c2bbe2,3155,77.0,38.0,interior,-0.0,-0.0,-0.0,-0.0,-0.0,-0.0
0,0,origin,0.0,26d76fa997d7fc33a9ff6a4b606fc4f31e3f1c0753050e330d97c92565c2bbe2,3156,78.0,38.0,interior,-0.0,-0.0,-0.0,-0.0,-0.0,-0.0
0,0,origin,0.0,26d76fa997d7fc33a9ff6a4b606fc4f31e3f1c0753050e330d97c92565c2bbe2,3157,79.0,38.0,interior,-0.0,-0.0,-0.0,-0.0,-0.0,-0.0
0,0,origin,0.0,26d76fa997d7fc33a9ff6a4b606fc4f31e3f1c0753050e330d97c92565c2bbe2,3158,80.0,38.0,physical_only,-0.0,-0.0,-0.0,-0.0,-0.0,-0.0
0,0,origin,0.0,26d76fa997d7fc33a9ff6a4b606fc4f31e3f1c0753050e330d97c92565c2bbe2,3221,62.0,39.0,physical_only,-0.0,-0.0,-0.0,-0.0,-0.0,-0.0
0,0,origin,0.0,26d76fa997d7fc33a9ff6a4b606fc4f31e3f1c0753050e330d97c92565c2bbe2,3222,63.0,39.0,interior,-0.0,-0.0,-0.0,-0.0,-0.0,-0.0
0,0,origin,0.0,26d76fa997d7fc33a9ff6a4b606fc4f31e3f1c0753050e330d97c92565c2bbe2,3223,64.0,39.0,interior,-0.0,-0.0,-0.0,-0.0,-0.0,-0.0
0,0,origin,0.0,26d76fa997d7fc33a9ff6a4b606fc4f31e3f1c0753050e330d97c92565c2bbe2,3224,65.0,39.0,interior,-0.0,-0.0,-0.0,-0.0,-0.0,-0.0
0,0,origin,0.0,26d76fa997d7fc33a9ff6a4b606fc4f31e3f1c0753050e330d97c92565c2bbe2,3225,66.0,39.0,interior,-0.0,-0.0,-0.0,-0.0,-0.0,-0.0
0,0,origin,0.0,26d76fa997d7fc33a9ff6a4b606fc4f31e3f1c0753050e330d97c92565c2bbe2,3226,67.0,39.0,interior,-0.0,-0.0,-0.0,-0.0,-0.0,-0.0
0,0,origin,0.0,26d76fa997d7fc33a9ff6a4b606fc4f31e3f1c0753050e330d97c92565c2bbe2,3227,68.0,39.0,interior,-0.0,-0.0,-0.0,-0.0,-0.0,-0.0
0,0,origin,0.0,26d76fa997d7fc33a9ff6a4b606fc4f31e3f1c0753050e330d97c92565c2bbe2,3228,69.0,39.0,interior,-0.0,-0.0,-0.0,-0.0,-0.0,-0.0
0,0,origin,0.0,26d76fa997d7fc33a9ff6a4b606fc4f31e3f1c0753050e330d97c92565c2bbe2,3229,70.0,39.0,interior,-0.0,-0.0,-0.0,-0.0,-0.0,-0.0
0,0,origin,0.0,26d76fa997d7fc33a9ff6a4b606fc4f31e3f1c0753050e330d97c92565c2bbe2,3230,71.0,39.0,interior,-0.0,-0.0,-0.0,-0.0,-0.0,-0.0
0,0,origin,0.0,26d76fa997d7fc33a9ff6a4b606fc4f31e3f1c0753050e330d97c92565c2bbe2,3231,72.0,39.0,interior,-0.0,-0.0,-0.0,-0.0,-0.0,-0.0
0,0,origin,0.0,26d76fa997d7fc33a9ff6a4b606fc4f31e3f1c0753050e330d97c92565c2bbe2,3232,73.0,39.0,interior,-0.0,-0.0,-0.0,-0.0,-0.0,-0.0
0,0,origin,0.0,26d76fa997d7fc33a9ff6a4b606fc4f31e3f1c0753050e330d97c92565c2bbe2,3233,74.0,39.0,interior,-0.0,-0.0,-0.0,-0.0,-0.0,-0.0
0,0,origin,0.0,26d76fa997d7fc33a9ff6a4b606fc4f31e3f1c0753050e330d97c92565c2bbe2,3234,75.0,39.0,interior,-0.0,-0.0,-0.0,-0.0,-0.0,-0.0
0,0,origin,0.0,26d76fa997d7fc33a9ff6a4b606fc4f31e3f1c0753050e330d97c92565c2bbe2,3235,76.0,39.0,interior,-0.0,-0.0,-0.0,-0.0,-0.0,-0.0
0,0,origin,0.0,26d76fa997d7fc33a9ff6a4b606fc4f31e3f1c0753050e330d97c92565c2bbe2,3236,77.0,39.0,interior,-0.0,-0.0,-0.0,-0.0,-0.0,-0.0
0,0,origin,0.0,26d76fa997d7fc33a9ff6a4b606fc4f31e3f1c0753050e330d97c92565c2bbe2,3237,78.0,39.0,interior,-0.0,-0.0,-0.0,-0.0,-0.0,-0.0
0,0,origin,0.0,26d76fa997d7fc33a9ff6a4b606fc4f31e3f1c0753050e330d97c92565c2bbe2,3238,79.0,39.0,interior,-0.0,-0.0,-0.0,-0.0,-0.0,-0.0
0,0,origin,0.0,26d76fa997d7fc33a9ff6a4b606fc4f31e3f1c0753050e330d97c92565c2bbe2,3239,80.0,39.0,physical_only,-0.0,-0.0,-0.0,-0.0,-0.0,-0.0
0,0,origin,0.0,26d76fa997d7fc33a9ff6a4b606fc4f31e3f1c0753050e330d97c92565c2bbe2,3302,62.0,40.0,physical_and_cut,-0.0,-0.0,-0.0,-0.0,-0.0,-0.0
0,0,origin,0.0,26d76fa997d7fc33a9ff6a4b606fc4f31e3f1c0753050e330d97c92565c2bbe2,3303,63.0,40.0,cut_only,-0.0,-0.0,-0.0,-0.0,-0.0,-0.0
0,0,origin,0.0,26d76fa997d7fc33a9ff6a4b606fc4f31e3f1c0753050e330d97c92565c2bbe2,3304,64.0,40.0,cut_only,-0.0,-0.0,-0.0,-0.0,-0.0,-0.0
0,0,origin,0.0,26d76fa997d7fc33a9ff6a4b606fc4f31e3f1c0753050e330d97c92565c2bbe2,3305,65.0,40.0,cut_only,-0.0,-0.0,-0.0,-0.0,-0.0,-0.0
0,0,origin,0.0,26d76fa997d7fc33a9ff6a4b606fc4f31e3f1c0753050e330d97c92565c2bbe2,3306,66.0,40.0,cut_only,-0.0,-0.0,-0.0,-0.0,-0.0,-0.0
0,0,origin,0.0,26d76fa997d7fc33a9ff6a4b606fc4f31e3f1c0753050e330d97c92565c2bbe2,3307,67.0,40.0,cut_only,-0.0,-0.0,-0.0,-0.0,-0.0,-0.0
0,0,origin,0.0,26d76fa997d7fc33a9ff6a4b606fc4f31e3f1c0753050e330d97c92565c2bbe2,3308,68.0,40.0,cut_only,-0.0,-0.0,-0.0,-0.0,-0.0,-0.0
0,0,origin,0.0,26d76fa997d7fc33a9ff6a4b606fc4f31e3f1c0753050e330d97c92565c2bbe2,3309,69.0,40.0,cut_only,-0.0,-0.0,-0.0,-0.0,-0.0,-0.0
0,0,origin,0.0,26d76fa997d7fc33a9ff6a4b606fc4f31e3f1c0753050e330d97c92565c2bbe2,3310,70.0,40.0,cut_only,-0.0,-0.0,-0.0,-0.0,-0.0,-0.0
0,0,origin,0.0,26d76fa997d7fc33a9ff6a4b606fc4f31e3f1c0753050e330d97c92565c2bbe2,3311,71.0,40.0,cut_only,-0.0,-0.0,-0.0,-0.0,-0.0,-0.0
0,0,origin,0.0,26d76fa997d7fc33a9ff6a4b606fc4f31e3f1c0753050e330d97c92565c2bbe2,3312,72.0,40.0,cut_only,-0.0,-0.0,-0.0,-0.0,-0.0,-0.0
0,0,origin,0.0,26d76fa997d7fc33a9ff6a4b606fc4f31e3f1c0753050e330d97c92565c2bbe2,3313,73.0,40.0,cut_only,-0.0,-0.0,-0.0,-0.0,-0.0,-0.0
0,0,origin,0.0,26d76fa997d7fc33a9ff6a4b606fc4f31e3f1c0753050e330d97c92565c2bbe2,3314,74.0,40.0,cut_only,-0.0,-0.0,-0.0,-0.0,-0.0,-0.0
0,0,origin,0.0,26d76fa997d7fc33a9ff6a4b606fc4f31e3f1c0753050e330d97c92565c2bbe2,3315,75.0,40.0,cut_only,-0.0,-0.0,-0.0,-0.0,-0.0,-0.0
0,0,origin,0.0,26d76fa997d7fc33a9ff6a4b606fc4f31e3f1c0753050e330d97c92565c2bbe2,3316,76.0,40.0,cut_only,-0.0,-0.0,-0.0,-0.0,-0.0,-0.0
0,0,origin,0.0,26d76fa997d7fc33a9ff6a4b606fc4f31e3f1c0753050e330d97c92565c2bbe2,3317,77.0,40.0,cut_only,-0.0,-0.0,-0.0,-0.0,-0.0,-0.0
0,0,origin,0.0,26d76fa997d7fc33a9ff6a4b606fc4f31e3f1c0753050e330d97c92565c2bbe2,3318,78.0,40.0,cut_only,-0.0,-0.0,-0.0,-0.0,-0.0,-0.0
0,0,origin,0.0,26d76fa997d7fc33a9ff6a4b606fc4f31e3f1c0753050e330d97c92565c2bbe2,3319,79.0,40.0,cut_only,-0.0,-0.0,-0.0,-0.0,-0.0,-0.0
0,0,origin,0.0,26d76fa997d7fc33a9ff6a4b606fc4f31e3f1c0753050e330d97c92565c2bbe2,3320,80.0,40.0,physical_and_cut,-0.0,-0.0,-0.0,-0.0,-0.0,-0.0
1,1,loading,0.25,f5c2c7b93e99e659b5e8b58e3b8edf4b52f2f8b1926d5ff7fe5af17d4c2851e8,2573,62.0,31.0,physical_only,-0.00010913438114194593,1.4160719221693554e-05,-8.923604638432319e-07,7.836273055108942e-07,-0.00010824202067810269,1.337709191618266e-05
1,1,loading,0.25,f5c2c7b93e99e659b5e8b58e3b8edf4b52f2f8b1926d5ff7fe5af17d4c2851e8,2574,63.0,31.0,physical_only,-4.154242530157881e-07,-1.4708057115642913e-06,-4.1435262082179886e-07,8.523413661541771e-07,-1.0716321939891662e-09,-2.3231470777184646e-06
1,1,loading,0.25,f5c2c7b93e99e659b5e8b58e3b8edf4b52f2f8b1926d5ff7fe5af17d4c2851e8,2575,64.0,31.0,physical_only,-2.121830675275904e-07,-1.949924302545768e-06,-4.1695837854157306e-07,1.04999637080894e-06,2.0477531101398266e-07,-2.9999206733547092e-06
1,1,loading,0.25,f5c2c7b93e99e659b5e8b58e3b8edf4b52f2f8b1926d5ff7fe5af17d4c2851e8,2576,65.0,31.0,physical_only,-2.337642772638371e-07,-2.4622722460161203e-06,-4.2035963059213614e-07,1.254330283043537e-06,1.8659535332829898e-07,-3.716602529059655e-06
1,1,loading,0.25,f5c2c7b93e99e659b5e8b58e3b8edf4b52f2f8b1926d5ff7fe5af17d4c2851e8,2577,66.0,31.0,physical_only,-3.8862564626923963e-07,-2.7149716796295273e-06,-4.2432503335548694e-07,1.4672162912007176e-06,3.5699387086247365e-08,-4.182187970830241e-06
1,1,loading,0.25,f5c2c7b93e99e659b5e8b58e3b8edf4b52f2f8b1926d5ff7fe5af17d4c2851e8,2578,67.0,31.0,physical_only,-5.312152002997232e-07,-2.7096568207192573e-06,-4.28362114244383e-07,1.6896238220685513e-06,-1.0285308605534023e-07,-4.399280642787807e-06
1,1,loading,0.25,f5c2c7b93e99e659b5e8b58e3b8edf4b52f2f8b1926d5ff7fe5af17d4c2851e8,2579,68.0,31.0,physical_only,-5.436981435967003e-07,-2.6403749527348578e-06,-4.3218519509538803e-07,1.9217341611135675e-06,-1.1151294850131229e-07,-4.562109113848424e-06
1,1,loading,0.25,f5c2c7b93e99e659b5e8b58e3b8edf4b52f2f8b1926d5ff7fe5af17d4c2851e8,2580,69.0,31.0,physical_only,-5.69557524987591e-07,-2.588526347556248e-06,-4.356786891476572e-07,2.1633886101933555e-06,-1.3387883583993363e-07,-4.751914957749602e-06
1,1,loading,0.25,f5c2c7b93e99e659b5e8b58e3b8edf4b52f2f8b1926d5ff7fe5af17d4c2851e8,2581,70.0,31.0,physical_only,-5.983497769355934e-07,-2.49944049549684e-06,-4.388588083065561e-07,2.4143654001686866e-06,-1.5949096862903734e-07,-4.913805895665521e-06
1,1,loading,0.25,f5c2c7b93e99e659b5e8b58e3b8edf4b52f2f8b1926d5ff7fe5af17d4c2851e8,2582,71.0,31.0,physical_only,-6.310939662502376e-07,-2.3703562051747103e-06,-4.417012692965135e-07,2.6744182474924353e-06,-1.8939269695372417e-07,-5.044774452667145e-06
1,1,loading,0.25,f5c2c7b93e99e659b5e8b58e3b8edf4b52f2f8b1926d5ff7fe5af17d4c2851e8,2583,72.0,31.0,physical_only,-6.67018568769033e-07,-2.198367020080785e-06,-4.441863188173444e-07,2.943239515917847e-06,-2.2283224995168868e-07,-5.141606535998629e-06
1,1,loading,0.25,f5c2c7b93e99e659b5e8b58e3b8edf4b52f2f8b1926d5ff7fe5af17d4c2851e8,2584,73.0,31.0,physical_only,-7.228574221869138e-07,-1.9188366102857726e-06,-4.4625477373888173e-07,3.220411378374009e-06,-2.7660264844803215e-07,-5.139247988659792e-06
1,1,loading,0.25,f5c2c7b93e99e659b5e8b58e3b8edf4b52f2f8b1926d5ff7fe5af17d4c2851e8,2585,74.0,31.0,physical_only,-6.217347240706477e-07,-1.5976115706342142e-06,-4.479430970507439e-07,3.505443895912982e-06,-1.7379162701990376e-07,-5.1030554665471896e-06
1,1,loading,0.25,f5c2c7b93e99e659b5e8b58e3b8edf4b52f2f8b1926d5ff7fe5af17d4c2851e8,2586,75.0,31.0,physical_only,-4.2049040751362963e-07,-1.4878103828401323e-06,-4.494251345640255e-07,3.798020736160483e-06,2.8934727050395763e-08,-5.285831119000622e-06
1,1,loading,0.25,f5c2c7b93e99e659b5e8b58e3b8edf4b52f2f8b1926d5ff7fe5af17d4c2851e8,2587,76.0,31.0,physical_only,-1.9103720586061493e-07,-1.8213861223025834e-06,-4.511262629931618e-07,4.098516713753068e-06,2.6008905713254685e-07,-5.919902836055654e-06
1,1,loading,0.25,f5c2c7b93e99e659b5e8b58e3b8edf4b52f2f8b1926d5ff7fe5af17d4c2851e8,2588,77.0,31.0,physical_only,-1.9164151253772983e-07,-2.267426706216758e-06,-4.532870607762423e-07,4.408140427236023e-06,2.616455482385126e-07,-6.675567133452789e-06
1,1,loading,0.25,f5c2c7b93e99e659b5e8b58e3b8edf4b52f2f8b1926d5ff7fe5af17d4c2851e8,2589,78.0,31.0,physical_only,-2.478206908718477e-07,-2.605426236982727e-06,-4.55920455650263e-07,4.7283501457213614e-06,2.0809976477841535e-07,-7.33377638270409e-06
1,1,loading,0.25,f5c2c7b93e99e659b5e8b58e3b8edf4b52f2f8b1926d5ff7fe5af17d4c2851e8,2590,79.0,31.0,physical_only,-3.227371485736881e-07,-2.7601207331509825e-06,-4.58832748062376e-07,5.060366450963052e-06,1.3609559948868801e-07,-7.820487184114017e-06
1,1,loading,0.25,f5c2c7b93e99e659b5e8b58e3b8edf4b52f2f8b1926d5ff7fe5af17d4c2851e8,2591,80.0,31.0,physical_only,7.702483170387822e-10,0.0001267353256175408,7.467926865295764e-07,2.2604424234155936e-06,-7.460224382125376e-07,0.0001244748831941252
1,1,loading,0.25,f5c2c7b93e99e659b5e8b58e3b8edf4b52f2f8b1926d5ff7fe5af17d4c2851e8,2654,62.0,32.0,physical_only,-2.056270611841725e-06,-7.293714213880429e-07,-6.04232520718777e-07,3.16932176718756e-08,-1.4520380911229477e-06,-7.61064639059918e-07
1,1,loading,0.25,f5c2c7b93e99e659b5e8b58e3b8edf4b52f2f8b1926d5ff7fe5af17d4c2851e8,2655,63.0,32.0,interior,-0.0,-0.0,-0.0,-0.0,-0.0,-0.0
1,1,loading,0.25,f5c2c7b93e99e659b5e8b58e3b8edf4b52f2f8b1926d5ff7fe5af17d4c2851e8,2656,64.0,32.0,interior,-0.0,-0.0,-0.0,-0.0,-0.0,-0.0
1,1,loading,0.25,f5c2c7b93e99e659b5e8b58e3b8edf4b52f2f8b1926d5ff7fe5af17d4c2851e8,2657,65.0,32.0,interior,-0.0,-0.0,-0.0,-0.0,-0.0,-0.0
1,1,loading,0.25,f5c2c7b93e99e659b5e8b58e3b8edf4b52f2f8b1926d5ff7fe5af17d4c2851e8,2658,66.0,32.0,interior,-0.0,-0.0,-0.0,-0.0,-0.0,-0.0
1,1,loading,0.25,f5c2c7b93e99e659b5e8b58e3b8edf4b52f2f8b1926d5ff7fe5af17d4c2851e8,2659,67.0,32.0,interior,-0.0,-0.0,-0.0,-0.0,-0.0,-0.0
1,1,loading,0.25,f5c2c7b93e99e659b5e8b58e3b8edf4b52f2f8b1926d5ff7fe5af17d4c2851e8,2660,68.0,32.0,interior,-0.0,-0.0,-0.0,-0.0,-0.0,-0.0
1,1,loading,0.25,f5c2c7b93e99e659b5e8b58e3b8edf4b52f2f8b1926d5ff7fe5af17d4c2851e8,2661,69.0,32.0,interior,-0.0,-0.0,-0.0,-0.0,-0.0,-0.0
1,1,loading,0.25,f5c2c7b93e99e659b5e8b58e3b8edf4b52f2f8b1926d5ff7fe5af17d4c2851e8,2662,70.0,32.0,interior,-0.0,-0.0,-0.0,-0.0,-0.0,-0.0
1,1,loading,0.25,f5c2c7b93e99e659b5e8b58e3b8edf4b52f2f8b1926d5ff7fe5af17d4c2851e8,2663,71.0,32.0,interior,-0.0,-0.0,-0.0,-0.0,-0.0,-0.0
1,1,loading,0.25,f5c2c7b93e99e659b5e8b58e3b8edf4b52f2f8b1926d5ff7fe5af17d4c2851e8,2664,72.0,32.0,interior,-0.0,-0.0,-0.0,-0.0,-0.0,-0.0
1,1,loading,0.25,f5c2c7b93e99e659b5e8b58e3b8edf4b52f2f8b1926d5ff7fe5af17d4c2851e8,2665,73.0,32.0,interior,-0.0,-0.0,-0.0,-0.0,-0.0,-0.0
1,1,loading,0.25,f5c2c7b93e99e659b5e8b58e3b8edf4b52f2f8b1926d5ff7fe5af17d4c2851e8,2666,74.0,32.0,interior,-0.0,-0.0,-0.0,-0.0,-0.0,-0.0
1,1,loading,0.25,f5c2c7b93e99e659b5e8b58e3b8edf4b52f2f8b1926d5ff7fe5af17d4c2851e8,2667,75.0,32.0,interior,-0.0,-0.0,-0.0,-0.0,-0.0,-0.0
1,1,loading,0.25,f5c2c7b93e99e659b5e8b58e3b8edf4b52f2f8b1926d5ff7fe5af17d4c2851e8,2668,76.0,32.0,interior,-0.0,-0.0,-0.0,-0.0,-0.0,-0.0
1,1,loading,0.25,f5c2c7b93e99e659b5e8b58e3b8edf4b52f2f8b1926d5ff7fe5af17d4c2851e8,2669,77.0,32.0,interior,-0.0,-0.0,-0.0,-0.0,-0.0,-0.0
1,1,loading,0.25,f5c2c7b93e99e659b5e8b58e3b8edf4b52f2f8b1926d5ff7fe5af17d4c2851e8,2670,78.0,32.0,interior,-0.0,-0.0,-0.0,-0.0,-0.0,-0.0
1,1,loading,0.25,f5c2c7b93e99e659b5e8b58e3b8edf4b52f2f8b1926d5ff7fe5af17d4c2851e8,2671,79.0,32.0,interior,-0.0,-0.0,-0.0,-0.0,-0.0,-0.0
1,1,loading,0.25,f5c2c7b93e99e659b5e8b58e3b8edf4b52f2f8b1926d5ff7fe5af17d4c2851e8,2672,80.0,32.0,physical_only,-0.0,-0.0,-0.0,-0.0,-0.0,-0.0
1,1,loading,0.25,f5c2c7b93e99e659b5e8b58e3b8edf4b52f2f8b1926d5ff7fe5af17d4c2851e8,2735,62.0,33.0,physical_only,-1.3620722370624662e-06,-5.165796260026333e-07,-6.284728057974485e-07,2.482405082493286e-08,-7.335994312650178e-07,-5.414036768275662e-07
1,1,loading,0.25,f5c2c7b93e99e659b5e8b58e3b8edf4b52f2f8b1926d5ff7fe5af17d4c2851e8,2736,63.0,33.0,interior,-0.0,-0.0,-0.0,-0.0,-0.0,-0.0
1,1,loading,0.25,f5c2c7b93e99e659b5e8b58e3b8edf4b52f2f8b1926d5ff7fe5af17d4c2851e8,2737,64.0,33.0,interior,-0.0,-0.0,-0.0,-0.0,-0.0,-0.0
1,1,loading,0.25,f5c2c7b93e99e659b5e8b58e3b8edf4b52f2f8b1926d5ff7fe5af17d4c2851e8,2738,65.0,33.0,interior,-0.0,-0.0,-0.0,-0.0,-0.0,-0.0
1,1,loading,0.25,f5c2c7b93e99e659b5e8b58e3b8edf4b52f2f8b1926d5ff7fe5af17d4c2851e8,2739,66.0,33.0,interior,-0.0,-0.0,-0.0,-0.0,-0.0,-0.0
1,1,loading,0.25,f5c2c7b93e99e659b5e8b58e3b8edf4b52f2f8b1926d5ff7fe5af17d4c2851e8,2740,67.0,33.0,interior,-0.0,-0.0,-0.0,-0.0,-0.0,-0.0
1,1,loading,0.25,f5c2c7b93e99e659b5e8b58e3b8edf4b52f2f8b1926d5ff7fe5af17d4c2851e8,2741,68.0,33.0,interior,-0.0,-0.0,-0.0,-0.0,-0.0,-0.0
1,1,loading,0.25,f5c2c7b93e99e659b5e8b58e3b8edf4b52f2f8b1926d5ff7fe5af17d4c2851e8,2742,69.0,33.0,interior,-0.0,-0.0,-0.0,-0.0,-0.0,-0.0
1,1,loading,0.25,f5c2c7b93e99e659b5e8b58e3b8edf4b52f2f8b1926d5ff7fe5af17d4c2851e8,2743,70.0,33.0,interior,-0.0,-0.0,-0.0,-0.0,-0.0,-0.0
1,1,loading,0.25,f5c2c7b93e99e659b5e8b58e3b8edf4b52f2f8b1926d5ff7fe5af17d4c2851e8,2744,71.0,33.0,interior,-0.0,-0.0,-0.0,-0.0,-0.0,-0.0
1,1,loading,0.25,f5c2c7b93e99e659b5e8b58e3b8edf4b52f2f8b1926d5ff7fe5af17d4c2851e8,2745,72.0,33.0,interior,-0.0,-0.0,-0.0,-0.0,-0.0,-0.0
1,1,loading,0.25,f5c2c7b93e99e659b5e8b58e3b8edf4b52f2f8b1926d5ff7fe5af17d4c2851e8,2746,73.0,33.0,interior,-0.0,-0.0,-0.0,-0.0,-0.0,-0.0
1,1,loading,0.25,f5c2c7b93e99e659b5e8b58e3b8edf4b52f2f8b1926d5ff7fe5af17d4c2851e8,2747,74.0,33.0,interior,-0.0,-0.0,-0.0,-0.0,-0.0,-0.0
1,1,loading,0.25,f5c2c7b93e99e659b5e8b58e3b8edf4b52f2f8b1926d5ff7fe5af17d4c2851e8,2748,75.0,33.0,interior,-0.0,-0.0,-0.0,-0.0,-0.0,-0.0
1,1,loading,0.25,f5c2c7b93e99e659b5e8b58e3b8edf4b52f2f8b1926d5ff7fe5af17d4c2851e8,2749,76.0,33.0,interior,-0.0,-0.0,-0.0,-0.0,-0.0,-0.0
1,1,loading,0.25,f5c2c7b93e99e659b5e8b58e3b8edf4b52f2f8b1926d5ff7fe5af17d4c2851e8,2750,77.0,33.0,interior,-0.0,-0.0,-0.0,-0.0,-0.0,-0.0
1,1,loading,0.25,f5c2c7b93e99e659b5e8b58e3b8edf4b52f2f8b1926d5ff7fe5af17d4c2851e8,2751,78.0,33.0,interior,-0.0,-0.0,-0.0,-0.0,-0.0,-0.0
1,1,loading,0.25,f5c2c7b93e99e659b5e8b58e3b8edf4b52f2f8b1926d5ff7fe5af17d4c2851e8,2752,79.0,33.0,interior,-0.0,-0.0,-0.0,-0.0,-0.0,-0.0
1,1,loading,0.25,f5c2c7b93e99e659b5e8b58e3b8edf4b52f2f8b1926d5ff7fe5af17d4c2851e8,2753,80.0,33.0,physical_only,-0.0,-0.0,-0.0,-0.0,-0.0,-0.0
1,1,loading,0.25,f5c2c7b93e99e659b5e8b58e3b8edf4b52f2f8b1926d5ff7fe5af17d4c2851e8,2816,62.0,34.0,physical_only,-1.030289806910846e-06,-2.6085778429702616e-07,-6.467567865955353e-07,2.025655126493942e-08,-3.835330203153107e-07,-2.8111433556196566e-07
1,1,loading,0.25,f5c2c7b93e99e659b5e8b58e3b8edf4b52f2f8b1926d5ff7fe5af17d4c2851e8,2817,63.0,34.0,interior,-0.0,-0.0,-0.0,-0.0,-0.0,-0.0
1,1,loading,0.25,f5c2c7b93e99e659b5e8b58e3b8edf4b52f2f8b1926d5ff7fe5af17d4c2851e8,2818,64.0,34.0,interior,-0.0,-0.0,-0.0,-0.0,-0.0,-0.0
1,1,loading,0.25,f5c2c7b93e99e659b5e8b58e3b8edf4b52f2f8b1926d5ff7fe5af17d4c2851e8,2819,65.0,34.0,interior,-0.0,-0.0,-0.0,-0.0,-0.0,-0.0
1,1,loading,0.25,f5c2c7b93e99e659b5e8b58e3b8edf4b52f2f8b1926d5ff7fe5af17d4c2851e8,2820,66.0,34.0,interior,-0.0,-0.0,-0.0,-0.0,-0.0,-0.0
1,1,loading,0.25,f5c2c7b93e99e659b5e8b58e3b8edf4b52f2f8b1926d5ff7fe5af17d4c2851e8,2821,67.0,34.0,interior,-0.0,-0.0,-0.0,-0.0,-0.0,-0.0
1,1,loading,0.25,f5c2c7b93e99e659b5e8b58e3b8edf4b52f2f8b1926d5ff7fe5af17d4c2851e8,2822,68.0,34.0,interior,-0.0,-0.0,-0.0,-0.0,-0.0,-0.0
1,1,loading,0.25,f5c2c7b93e99e659b5e8b58e3b8edf4b52f2f8b1926d5ff7fe5af17d4c2851e8,2823,69.0,34.0,interior,-0.0,-0.0,-0.0,-0.0,-0.0,-0.0
1,1,loading,0.25,f5c2c7b93e99e659b5e8b58e3b8edf4b52f2f8b1926d5ff7fe5af17d4c2851e8,2824,70.0,34.0,interior,-0.0,-0.0,-0.0,-0.0,-0.0,-0.0
1,1,loading,0.25,f5c2c7b93e99e659b5e8b58e3b8edf4b52f2f8b1926d5ff7fe5af17d4c2851e8,2825,71.0,34.0,interior,-0.0,-0.0,-0.0,-0.0,-0.0,-0.0
1,1,loading,0.25,f5c2c7b93e99e659b5e8b58e3b8edf4b52f2f8b1926d5ff7fe5af17d4c2851e8,2826,72.0,34.0,interior,-0.0,-0.0,-0.0,-0.0,-0.0,-0.0
1,1,loading,0.25,f5c2c7b93e99e659b5e8b58e3b8edf4b52f2f8b1926d5ff7fe5af17d4c2851e8,2827,73.0,34.0,interior,-0.0,-0.0,-0.0,-0.0,-0.0,-0.0
1,1,loading,0.25,f5c2c7b93e99e659b5e8b58e3b8edf4b52f2f8b1926d5ff7fe5af17d4c2851e8,2828,74.0,34.0,interior,-0.0,-0.0,-0.0,-0.0,-0.0,-0.0
1,1,loading,0.25,f5c2c7b93e99e659b5e8b58e3b8edf4b52f2f8b1926d5ff7fe5af17d4c2851e8,2829,75.0,34.0,interior,-0.0,-0.0,-0.0,-0.0,-0.0,-0.0
1,1,loading,0.25,f5c2c7b93e99e659b5e8b58e3b8edf4b52f2f8b1926d5ff7fe5af17d4c2851e8,2830,76.0,34.0,interior,-0.0,-0.0,-0.0,-0.0,-0.0,-0.0
1,1,loading,0.25,f5c2c7b93e99e659b5e8b58e3b8edf4b52f2f8b1926d5ff7fe5af17d4c2851e8,2831,77.0,34.0,interior,-0.0,-0.0,-0.0,-0.0,-0.0,-0.0
1,1,loading,0.25,f5c2c7b93e99e659b5e8b58e3b8edf4b52f2f8b1926d5ff7fe5af17d4c2851e8,2832,78.0,34.0,interior,-0.0,-0.0,-0.0,-0.0,-0.0,-0.0
1,1,loading,0.25,f5c2c7b93e99e659b5e8b58e3b8edf4b52f2f8b1926d5ff7fe5af17d4c2851e8,2833,79.0,34.0,interior,-0.0,-0.0,-0.0,-0.0,-0.0,-0.0
1,1,loading,0.25,f5c2c7b93e99e659b5e8b58e3b8edf4b52f2f8b1926d5ff7fe5af17d4c2851e8,2834,80.0,34.0,physical_only,-0.0,-0.0,-0.0,-0.0,-0.0,-0.0
1,1,loading,0.25,f5c2c7b93e99e659b5e8b58e3b8edf4b52f2f8b1926d5ff7fe5af17d4c2851e8,2897,62.0,35.0,physical_only,-9.378621191146678e-07,-5.496090796233559e-08,-6.615734851663682e-07,1.6886122578218415e-08,-2.762886339482995e-07,-7.1847030540554e-08
1,1,loading,0.25,f5c2c7b93e99e659b5e8b58e3b8edf4b52f2f8b1926d5ff7fe5af17d4c2851e8,2898,63.0,35.0,interior,-0.0,-0.0,-0.0,-0.0,-0.0,-0.0
1,1,loading,0.25,f5c2c7b93e99e659b5e8b58e3b8edf4b52f2f8b1926d5ff7fe5af17d4c2851e8,2899,64.0,35.0,interior,-0.0,-0.0,-0.0,-0.0,-0.0,-0.0
1,1,loading,0.25,f5c2c7b93e99e659b5e8b58e3b8edf4b52f2f8b1926d5ff7fe5af17d4c2851e8,2900,65.0,35.0,interior,-0.0,-0.0,-0.0,-0.0,-0.0,-0.0
1,1,loading,0.25,f5c2c7b93e99e659b5e8b58e3b8edf4b52f2f8b1926d5ff7fe5af17d4c2851e8,2901,66.0,35.0,interior,-0.0,-0.0,-0.0,-0.0,-0.0,-0.0
1,1,loading,0.25,f5c2c7b93e99e659b5e8b58e3b8edf4b52f2f8b1926d5ff7fe5af17d4c2851e8,2902,67.0,35.0,interior,-0.0,-0.0,-0.0,-0.0,-0.0,-0.0
1,1,loading,0.25,f5c2c7b93e99e659b5e8b58e3b8edf4b52f2f8b1926d5ff7fe5af17d4c2851e8,2903,68.0,35.0,interior,-0.0,-0.0,-0.0,-0.0,-0.0,-0.0
1,1,loading,0.25,f5c2c7b93e99e659b5e8b58e3b8edf4b52f2f8b1926d5ff7fe5af17d4c2851e8,2904,69.0,35.0,interior,-0.0,-0.0,-0.0,-0.0,-0.0,-0.0
1,1,loading,0.25,f5c2c7b93e99e659b5e8b58e3b8edf4b52f2f8b1926d5ff7fe5af17d4c2851e8,2905,70.0,35.0,interior,-0.0,-0.0,-0.0,-0.0,-0.0,-0.0
1,1,loading,0.25,f5c2c7b93e99e659b5e8b58e3b8edf4b52f2f8b1926d5ff7fe5af17d4c2851e8,2906,71.0,35.0,interior,-0.0,-0.0,-0.0,-0.0,-0.0,-0.0
1,1,loading,0.25,f5c2c7b93e99e659b5e8b58e3b8edf4b52f2f8b1926d5ff7fe5af17d4c2851e8,2907,72.0,35.0,interior,-0.0,-0.0,-0.0,-0.0,-0.0,-0.0
1,1,loading,0.25,f5c2c7b93e99e659b5e8b58e3b8edf4b52f2f8b1926d5ff7fe5af17d4c2851e8,2908,73.0,35.0,interior,-0.0,-0.0,-0.0,-0.0,-0.0,-0.0
1,1,loading,0.25,f5c2c7b93e99e659b5e8b58e3b8edf4b52f2f8b1926d5ff7fe5af17d4c2851e8,2909,74.0,35.0,interior,-0.0,-0.0,-0.0,-0.0,-0.0,-0.0
1,1,loading,0.25,f5c2c7b93e99e659b5e8b58e3b8edf4b52f2f8b1926d5ff7fe5af17d4c2851e8,2910,75.0,35.0,interior,-0.0,-0.0,-0.0,-0.0,-0.0,-0.0
1,1,loading,0.25,f5c2c7b93e99e659b5e8b58e3b8edf4b52f2f8b1926d5ff7fe5af17d4c2851e8,2911,76.0,35.0,interior,-0.0,-0.0,-0.0,-0.0,-0.0,-0.0
1,1,loading,0.25,f5c2c7b93e99e659b5e8b58e3b8edf4b52f2f8b1926d5ff7fe5af17d4c2851e8,2912,77.0,35.0,interior,-0.0,-0.0,-0.0,-0.0,-0.0,-0.0
1,1,loading,0.25,f5c2c7b93e99e659b5e8b58e3b8edf4b52f2f8b1926d5ff7fe5af17d4c2851e8,2913,78.0,35.0,interior,-0.0,-0.0,-0.0,-0.0,-0.0,-0.0
1,1,loading,0.25,f5c2c7b93e99e659b5e8b58e3b8edf4b52f2f8b1926d5ff7fe5af17d4c2851e8,2914,79.0,35.0,interior,-0.0,-0.0,-0.0,-0.0,-0.0,-0.0
1,1,loading,0.25,f5c2c7b93e99e659b5e8b58e3b8edf4b52f2f8b1926d5ff7fe5af17d4c2851e8,2915,80.0,35.0,physical_only,-0.0,-0.0,-0.0,-0.0,-0.0,-0.0
1,1,loading,0.25,f5c2c7b93e99e659b5e8b58e3b8edf4b52f2f8b1926d5ff7fe5af17d4c2851e8,2978,62.0,36.0,physical_only,-9.762513181046002e-07,5.775648643438668e-08,-6.739536751806611e-07,1.3891389669456709e-08,-3.022976429239393e-07,4.386509676492997e-08
1,1,loading,0.25,f5c2c7b93e99e659b5e8b58e3b8edf4b52f2f8b1926d5ff7fe5af17d4c2851e8,2979,63.0,36.0,interior,-0.0,-0.0,-0.0,-0.0,-0.0,-0.0
1,1,loading,0.25,f5c2c7b93e99e659b5e8b58e3b8edf4b52f2f8b1926d5ff7fe5af17d4c2851e8,2980,64.0,36.0,interior,-0.0,-0.0,-0.0,-0.0,-0.0,-0.0
1,1,loading,0.25,f5c2c7b93e99e659b5e8b58e3b8edf4b52f2f8b1926d5ff7fe5af17d4c2851e8,2981,65.0,36.0,interior,-0.0,-0.0,-0.0,-0.0,-0.0,-0.0
1,1,loading,0.25,f5c2c7b93e99e659b5e8b58e3b8edf4b52f2f8b1926d5ff7fe5af17d4c2851e8,2982,66.0,36.0,interior,-0.0,-0.0,-0.0,-0.0,-0.0,-0.0
1,1,loading,0.25,f5c2c7b93e99e659b5e8b58e3b8edf4b52f2f8b1926d5ff7fe5af17d4c2851e8,2983,67.0,36.0,interior,-0.0,-0.0,-0.0,-0.0,-0.0,-0.0
1,1,loading,0.25,f5c2c7b93e99e659b5e8b58e3b8edf4b52f2f8b1926d5ff7fe5af17d4c2851e8,2984,68.0,36.0,interior,-0.0,-0.0,-0.0,-0.0,-0.0,-0.0
1,1,loading,0.25,f5c2c7b93e99e659b5e8b58e3b8edf4b52f2f8b1926d5ff7fe5af17d4c2851e8,2985,69.0,36.0,interior,-0.0,-0.0,-0.0,-0.0,-0.0,-0.0
1,1,loading,0.25,f5c2c7b93e99e659b5e8b58e3b8edf4b52f2f8b1926d5ff7fe5af17d4c2851e8,2986,70.0,36.0,interior,-0.0,-0.0,-0.0,-0.0,-0.0,-0.0
1,1,loading,0.25,f5c2c7b93e99e659b5e8b58e3b8edf4b52f2f8b1926d5ff7fe5af17d4c2851e8,2987,71.0,36.0,interior,-0.0,-0.0,-0.0,-0.0,-0.0,-0.0
1,1,loading,0.25,f5c2c7b93e99e659b5e8b58e3b8edf4b52f2f8b1926d5ff7fe5af17d4c2851e8,2988,72.0,36.0,interior,-0.0,-0.0,-0.0,-0.0,-0.0,-0.0
1,1,loading,0.25,f5c2c7b93e99e659b5e8b58e3b8edf4b52f2f8b1926d5ff7fe5af17d4c2851e8,2989,73.0,36.0,interior,-0.0,-0.0,-0.0,-0.0,-0.0,-0.0
1,1,loading,0.25,f5c2c7b93e99e659b5e8b58e3b8edf4b52f2f8b1926d5ff7fe5af17d4c2851e8,2990,74.0,36.0,interior,-0.0,-0.0,-0.0,-0.0,-0.0,-0.0
1,1,loading,0.25,f5c2c7b93e99e659b5e8b58e3b8edf4b52f2f8b1926d5ff7fe5af17d4c2851e8,2991,75.0,36.0,interior,-0.0,-0.0,-0.0,-0.0,-0.0,-0.0
1,1,loading,0.25,f5c2c7b93e99e659b5e8b58e3b8edf4b52f2f8b1926d5ff7fe5af17d4c2851e8,2992,76.0,36.0,interior,-0.0,-0.0,-0.0,-0.0,-0.0,-0.0
1,1,loading,0.25,f5c2c7b93e99e659b5e8b58e3b8edf4b52f2f8b1926d5ff7fe5af17d4c2851e8,2993,77.0,36.0,interior,-0.0,-0.0,-0.0,-0.0,-0.0,-0.0
1,1,loading,0.25,f5c2c7b93e99e659b5e8b58e3b8edf4b52f2f8b1926d5ff7fe5af17d4c2851e8,2994,78.0,36.0,interior,-0.0,-0.0,-0.0,-0.0,-0.0,-0.0
1,1,loading,0.25,f5c2c7b93e99e659b5e8b58e3b8edf4b52f2f8b1926d5ff7fe5af17d4c2851e8,2995,79.0,36.0,interior,-0.0,-0.0,-0.0,-0.0,-0.0,-0.0
1,1,loading,0.25,f5c2c7b93e99e659b5e8b58e3b8edf4b52f2f8b1926d5ff7fe5af17d4c2851e8,2996,80.0,36.0,physical_only,-0.0,-0.0,-0.0,-0.0,-0.0,-0.0
1,1,loading,0.25,f5c2c7b93e99e659b5e8b58e3b8edf4b52f2f8b1926d5ff7fe5af17d4c2851e8,3059,62.0,37.0,physical_only,-1.0531673023982428e-06,9.407915610169866e-08,-6.840417862834743e-07,1.0789418107577829e-08,-3.6912551611476853e-07,8.32897379941207e-08
1,1,loading,0.25,f5c2c7b93e99e659b5e8b58e3b8edf4b52f2f8b1926d5ff7fe5af17d4c2851e8,3060,63.0,37.0,interior,-0.0,-0.0,-0.0,-0.0,-0.0,-0.0
1,1,loading,0.25,f5c2c7b93e99e659b5e8b58e3b8edf4b52f2f8b1926d5ff7fe5af17d4c2851e8,3061,64.0,37.0,interior,-0.0,-0.0,-0.0,-0.0,-0.0,-0.0
1,1,loading,0.25,f5c2c7b93e99e659b5e8b58e3b8edf4b52f2f8b1926d5ff7fe5af17d4c2851e8,3062,65.0,37.0,interior,-0.0,-0.0,-0.0,-0.0,-0.0,-0.0
1,1,loading,0.25,f5c2c7b93e99e659b5e8b58e3b8edf4b52f2f8b1926d5ff7fe5af17d4c2851e8,3063,66.0,37.0,interior,-0.0,-0.0,-0.0,-0.0,-0.0,-0.0
1,1,loading,0.25,f5c2c7b93e99e659b5e8b58e3b8edf4b52f2f8b1926d5ff7fe5af17d4c2851e8,3064,67.0,37.0,interior,-0.0,-0.0,-0.0,-0.0,-0.0,-0.0
1,1,loading,0.25,f5c2c7b93e99e659b5e8b58e3b8edf4b52f2f8b1926d5ff7fe5af17d4c2851e8,3065,68.0,37.0,interior,-0.0,-0.0,-0.0,-0.0,-0.0,-0.0
1,1,loading,0.25,f5c2c7b93e99e659b5e8b58e3b8edf4b52f2f8b1926d5ff7fe5af17d4c2851e8,3066,69.0,37.0,interior,-0.0,-0.0,-0.0,-0.0,-0.0,-0.0
1,1,loading,0.25,f5c2c7b93e99e659b5e8b58e3b8edf4b52f2f8b1926d5ff7fe5af17d4c2851e8,3067,70.0,37.0,interior,-0.0,-0.0,-0.0,-0.0,-0.0,-0.0
1,1,loading,0.25,f5c2c7b93e99e659b5e8b58e3b8edf4b52f2f8b1926d5ff7fe5af17d4c2851e8,3068,71.0,37.0,interior,-0.0,-0.0,-0.0,-0.0,-0.0,-0.0
1,1,loading,0.25,f5c2c7b93e99e659b5e8b58e3b8edf4b52f2f8b1926d5ff7fe5af17d4c2851e8,3069,72.0,37.0,interior,-0.0,-0.0,-0.0,-0.0,-0.0,-0.0
1,1,loading,0.25,f5c2c7b93e99e659b5e8b58e3b8edf4b52f2f8b1926d5ff7fe5af17d4c2851e8,3070,73.0,37.0,interior,-0.0,-0.0,-0.0,-0.0,-0.0,-0.0
1,1,loading,0.25,f5c2c7b93e99e659b5e8b58e3b8edf4b52f2f8b1926d5ff7fe5af17d4c2851e8,3071,74.0,37.0,interior,-0.0,-0.0,-0.0,-0.0,-0.0,-0.0
1,1,loading,0.25,f5c2c7b93e99e659b5e8b58e3b8edf4b52f2f8b1926d5ff7fe5af17d4c2851e8,3072,75.0,37.0,interior,-0.0,-0.0,-0.0,-0.0,-0.0,-0.0
1,1,loading,0.25,f5c2c7b93e99e659b5e8b58e3b8edf4b52f2f8b1926d5ff7fe5af17d4c2851e8,3073,76.0,37.0,interior,-0.0,-0.0,-0.0,-0.0,-0.0,-0.0
1,1,loading,0.25,f5c2c7b93e99e659b5e8b58e3b8edf4b52f2f8b1926d5ff7fe5af17d4c2851e8,3074,77.0,37.0,interior,-0.0,-0.0,-0.0,-0.0,-0.0,-0.0
1,1,loading,0.25,f5c2c7b93e99e659b5e8b58e3b8edf4b52f2f8b1926d5ff7fe5af17d4c2851e8,3075,78.0,37.0,interior,-0.0,-0.0,-0.0,-0.0,-0.0,-0.0
1,1,loading,0.25,f5c2c7b93e99e659b5e8b58e3b8edf4b52f2f8b1926d5ff7fe5af17d4c2851e8,3076,79.0,37.0,interior,-0.0,-0.0,-0.0,-0.0,-0.0,-0.0
1,1,loading,0.25,f5c2c7b93e99e659b5e8b58e3b8edf4b52f2f8b1926d5ff7fe5af17d4c2851e8,3077,80.0,37.0,physical_only,-0.0,-0.0,-0.0,-0.0,-0.0,-0.0
1,1,loading,0.25,f5c2c7b93e99e659b5e8b58e3b8edf4b52f2f8b1926d5ff7fe5af17d4c2851e8,3140,62.0,38.0,physical_only,-1.1218157954831288e-06,8.124034728719594e-08,-6.915843254539352e-07,7.411556799201226e-09,-4.302314700291938e-07,7.382879048799482e-08
1,1,loading,0.25,f5c2c7b93e99e659b5e8b58e3b8edf4b52f2f8b1926d5ff7fe5af17d4c2851e8,3141,63.0,38.0,interior,-0.0,-0.0,-0.0,-0.0,-0.0,-0.0
1,1,loading,0.25,f5c2c7b93e99e659b5e8b58e3b8edf4b52f2f8b1926d5ff7fe5af17d4c2851e8,3142,64.0,38.0,interior,-0.0,-0.0,-0.0,-0.0,-0.0,-0.0
1,1,loading,0.25,f5c2c7b93e99e659b5e8b58e3b8edf4b52f2f8b1926d5ff7fe5af17d4c2851e8,3143,65.0,38.0,interior,-0.0,-0.0,-0.0,-0.0,-0.0,-0.0
1,1,loading,0.25,f5c2c7b93e99e659b5e8b58e3b8edf4b52f2f8b1926d5ff7fe5af17d4c2851e8,3144,66.0,38.0,interior,-0.0,-0.0,-0.0,-0.0,-0.0,-0.0
1,1,loading,0.25,f5c2c7b93e99e659b5e8b58e3b8edf4b52f2f8b1926d5ff7fe5af17d4c2851e8,3145,67.0,38.0,interior,-0.0,-0.0,-0.0,-0.0,-0.0,-0.0
1,1,loading,0.25,f5c2c7b93e99e659b5e8b58e3b8edf4b52f2f8b1926d5ff7fe5af17d4c2851e8,3146,68.0,38.0,interior,-0.0,-0.0,-0.0,-0.0,-0.0,-0.0
1,1,loading,0.25,f5c2c7b93e99e659b5e8b58e3b8edf4b52f2f8b1926d5ff7fe5af17d4c2851e8,3147,69.0,38.0,interior,-0.0,-0.0,-0.0,-0.0,-0.0,-0.0
1,1,loading,0.25,f5c2c7b93e99e659b5e8b58e3b8edf4b52f2f8b1926d5ff7fe5af17d4c2851e8,3148,70.0,38.0,interior,-0.0,-0.0,-0.0,-0.0,-0.0,-0.0
1,1,loading,0.25,f5c2c7b93e99e659b5e8b58e3b8edf4b52f2f8b1926d5ff7fe5af17d4c2851e8,3149,71.0,38.0,interior,-0.0,-0.0,-0.0,-0.0,-0.0,-0.0
1,1,loading,0.25,f5c2c7b93e99e659b5e8b58e3b8edf4b52f2f8b1926d5ff7fe5af17d4c2851e8,3150,72.0,38.0,interior,-0.0,-0.0,-0.0,-0.0,-0.0,-0.0
1,1,loading,0.25,f5c2c7b93e99e659b5e8b58e3b8edf4b52f2f8b1926d5ff7fe5af17d4c2851e8,3151,73.0,38.0,interior,-0.0,-0.0,-0.0,-0.0,-0.0,-0.0
1,1,loading,0.25,f5c2c7b93e99e659b5e8b58e3b8edf4b52f2f8b1926d5ff7fe5af17d4c2851e8,3152,74.0,38.0,interior,-0.0,-0.0,-0.0,-0.0,-0.0,-0.0
1,1,loading,0.25,f5c2c7b93e99e659b5e8b58e3b8edf4b52f2f8b1926d5ff7fe5af17d4c2851e8,3153,75.0,38.0,interior,-0.0,-0.0,-0.0,-0.0,-0.0,-0.0
1,1,loading,0.25,f5c2c7b93e99e659b5e8b58e3b8edf4b52f2f8b1926d5ff7fe5af17d4c2851e8,3154,76.0,38.0,interior,-0.0,-0.0,-0.0,-0.0,-0.0,-0.0
1,1,loading,0.25,f5c2c7b93e99e659b5e8b58e3b8edf4b52f2f8b1926d5ff7fe5af17d4c2851e8,3155,77.0,38.0,interior,-0.0,-0.0,-0.0,-0.0,-0.0,-0.0
1,1,loading,0.25,f5c2c7b93e99e659b5e8b58e3b8edf4b52f2f8b1926d5ff7fe5af17d4c2851e8,3156,78.0,38.0,interior,-0.0,-0.0,-0.0,-0.0,-0.0,-0.0
1,1,loading,0.25,f5c2c7b93e99e659b5e8b58e3b8edf4b52f2f8b1926d5ff7fe5af17d4c2851e8,3157,79.0,38.0,interior,-0.0,-0.0,-0.0,-0.0,-0.0,-0.0
1,1,loading,0.25,f5c2c7b93e99e659b5e8b58e3b8edf4b52f2f8b1926d5ff7fe5af17d4c2851e8,3158,80.0,38.0,physical_only,-0.0,-0.0,-0.0,-0.0,-0.0,-0.0
1,1,loading,0.25,f5c2c7b93e99e659b5e8b58e3b8edf4b52f2f8b1926d5ff7fe5af17d4c2851e8,3221,62.0,39.0,physical_only,-1.163993983436463e-06,4.461649339932836e-08,-6.962620230252268e-07,3.777673602209721e-09,-4.677319604112361e-07,4.083881979711877e-08
1,1,loading,0.25,f5c2c7b93e99e659b5e8b58e3b8edf4b52f2f8b1926d5ff7fe5af17d4c2851e8,3222,63.0,39.0,interior,-0.0,-0.0,-0.0,-0.0,-0.0,-0.0
1,1,loading,0.25,f5c2c7b93e99e659b5e8b58e3b8edf4b52f2f8b1926d5ff7fe5af17d4c2851e8,3223,64.0,39.0,interior,-0.0,-0.0,-0.0,-0.0,-0.0,-0.0
1,1,loading,0.25,f5c2c7b93e99e659b5e8b58e3b8edf4b52f2f8b1926d5ff7fe5af17d4c2851e8,3224,65.0,39.0,interior,-0.0,-0.0,-0.0,-0.0,-0.0,-0.0
1,1,loading,0.25,f5c2c7b93e99e659b5e8b58e3b8edf4b52f2f8b1926d5ff7fe5af17d4c2851e8,3225,66.0,39.0,interior,-0.0,-0.0,-0.0,-0.0,-0.0,-0.0
1,1,loading,0.25,f5c2c7b93e99e659b5e8b58e3b8edf4b52f2f8b1926d5ff7fe5af17d4c2851e8,3226,67.0,39.0,interior,-0.0,-0.0,-0.0,-0.0,-0.0,-0.0
1,1,loading,0.25,f5c2c7b93e99e659b5e8b58e3b8edf4b52f2f8b1926d5ff7fe5af17d4c2851e8,3227,68.0,39.0,interior,-0.0,-0.0,-0.0,-0.0,-0.0,-0.0
1,1,loading,0.25,f5c2c7b93e99e659b5e8b58e3b8edf4b52f2f8b1926d5ff7fe5af17d4c2851e8,3228,69.0,39.0,interior,-0.0,-0.0,-0.0,-0.0,-0.0,-0.0
1,1,loading,0.25,f5c2c7b93e99e659b5e8b58e3b8edf4b52f2f8b1926d5ff7fe5af17d4c2851e8,3229,70.0,39.0,interior,-0.0,-0.0,-0.0,-0.0,-0.0,-0.0
1,1,loading,0.25,f5c2c7b93e99e659b5e8b58e3b8edf4b52f2f8b1926d5ff7fe5af17d4c2851e8,3230,71.0,39.0,interior,-0.0,-0.0,-0.0,-0.0,-0.0,-0.0
1,1,loading,0.25,f5c2c7b93e99e659b5e8b58e3b8edf4b52f2f8b1926d5ff7fe5af17d4c2851e8,3231,72.0,39.0,interior,-0.0,-0.0,-0.0,-0.0,-0.0,-0.0
1,1,loading,0.25,f5c2c7b93e99e659b5e8b58e3b8edf4b52f2f8b1926d5ff7fe5af17d4c2851e8,3232,73.0,39.0,interior,-0.0,-0.0,-0.0,-0.0,-0.0,-0.0
1,1,loading,0.25,f5c2c7b93e99e659b5e8b58e3b8edf4b52f2f8b1926d5ff7fe5af17d4c2851e8,3233,74.0,39.0,interior,-0.0,-0.0,-0.0,-0.0,-0.0,-0.0
1,1,loading,0.25,f5c2c7b93e99e659b5e8b58e3b8edf4b52f2f8b1926d5ff7fe5af17d4c2851e8,3234,75.0,39.0,interior,-0.0,-0.0,-0.0,-0.0,-0.0,-0.0
1,1,loading,0.25,f5c2c7b93e99e659b5e8b58e3b8edf4b52f2f8b1926d5ff7fe5af17d4c2851e8,3235,76.0,39.0,interior,-0.0,-0.0,-0.0,-0.0,-0.0,-0.0
1,1,loading,0.25,f5c2c7b93e99e659b5e8b58e3b8edf4b52f2f8b1926d5ff7fe5af17d4c2851e8,3236,77.0,39.0,interior,-0.0,-0.0,-0.0,-0.0,-0.0,-0.0
1,1,loading,0.25,f5c2c7b93e99e659b5e8b58e3b8edf4b52f2f8b1926d5ff7fe5af17d4c2851e8,3237,78.0,39.0,interior,-0.0,-0.0,-0.0,-0.0,-0.0,-0.0
1,1,loading,0.25,f5c2c7b93e99e659b5e8b58e3b8edf4b52f2f8b1926d5ff7fe5af17d4c2851e8,3238,79.0,39.0,interior,-0.0,-0.0,-0.0,-0.0,-0.0,-0.0
1,1,loading,0.25,f5c2c7b93e99e659b5e8b58e3b8edf4b52f2f8b1926d5ff7fe5af17d4c2851e8,3239,80.0,39.0,physical_only,-0.0,-0.0,-0.0,-0.0,-0.0,-0.0
1,1,loading,0.25,f5c2c7b93e99e659b5e8b58e3b8edf4b52f2f8b1926d5ff7fe5af17d4c2851e8,3302,62.0,40.0,physical_and_cut,-5.888498329362667e-07,-1.377250856050389e-06,-3.4892383669383616e-07,-1.5146484661833467e-07,-2.399259962424306e-07,-1.2257860094320543e-06
1,1,loading,0.25,f5c2c7b93e99e659b5e8b58e3b8edf4b52f2f8b1926d5ff7fe5af17d4c2851e8,3303,63.0,40.0,cut_only,-0.0,-0.0,-0.0,-0.0,-0.0,-0.0
1,1,loading,0.25,f5c2c7b93e99e659b5e8b58e3b8edf4b52f2f8b1926d5ff7fe5af17d4c2851e8,3304,64.0,40.0,cut_only,-0.0,-0.0,-0.0,-0.0,-0.0,-0.0
1,1,loading,0.25,f5c2c7b93e99e659b5e8b58e3b8edf4b52f2f8b1926d5ff7fe5af17d4c2851e8,3305,65.0,40.0,cut_only,-0.0,-0.0,-0.0,-0.0,-0.0,-0.0
1,1,loading,0.25,f5c2c7b93e99e659b5e8b58e3b8edf4b52f2f8b1926d5ff7fe5af17d4c2851e8,3306,66.0,40.0,cut_only,-0.0,-0.0,-0.0,-0.0,-0.0,-0.0
1,1,loading,0.25,f5c2c7b93e99e659b5e8b58e3b8edf4b52f2f8b1926d5ff7fe5af17d4c2851e8,3307,67.0,40.0,cut_only,-0.0,-0.0,-0.0,-0.0,-0.0,-0.0
1,1,loading,0.25,f5c2c7b93e99e659b5e8b58e3b8edf4b52f2f8b1926d5ff7fe5af17d4c2851e8,3308,68.0,40.0,cut_only,-0.0,-0.0,-0.0,-0.0,-0.0,-0.0
1,1,loading,0.25,f5c2c7b93e99e659b5e8b58e3b8edf4b52f2f8b1926d5ff7fe5af17d4c2851e8,3309,69.0,40.0,cut_only,-0.0,-0.0,-0.0,-0.0,-0.0,-0.0
1,1,loading,0.25,f5c2c7b93e99e659b5e8b58e3b8edf4b52f2f8b1926d5ff7fe5af17d4c2851e8,3310,70.0,40.0,cut_only,-0.0,-0.0,-0.0,-0.0,-0.0,-0.0
1,1,loading,0.25,f5c2c7b93e99e659b5e8b58e3b8edf4b52f2f8b1926d5ff7fe5af17d4c2851e8,3311,71.0,40.0,cut_only,-0.0,-0.0,-0.0,-0.0,-0.0,-0.0
1,1,loading,0.25,f5c2c7b93e99e659b5e8b58e3b8edf4b52f2f8b1926d5ff7fe5af17d4c2851e8,3312,72.0,40.0,cut_only,-0.0,-0.0,-0.0,-0.0,-0.0,-0.0
1,1,loading,0.25,f5c2c7b93e99e659b5e8b58e3b8edf4b52f2f8b1926d5ff7fe5af17d4c2851e8,3313,73.0,40.0,cut_only,-0.0,-0.0,-0.0,-0.0,-0.0,-0.0
1,1,loading,0.25,f5c2c7b93e99e659b5e8b58e3b8edf4b52f2f8b1926d5ff7fe5af17d4c2851e8,3314,74.0,40.0,cut_only,-0.0,-0.0,-0.0,-0.0,-0.0,-0.0
1,1,loading,0.25,f5c2c7b93e99e659b5e8b58e3b8edf4b52f2f8b1926d5ff7fe5af17d4c2851e8,3315,75.0,40.0,cut_only,-0.0,-0.0,-0.0,-0.0,-0.0,-0.0
1,1,loading,0.25,f5c2c7b93e99e659b5e8b58e3b8edf4b52f2f8b1926d5ff7fe5af17d4c2851e8,3316,76.0,40.0,cut_only,-0.0,-0.0,-0.0,-0.0,-0.0,-0.0
1,1,loading,0.25,f5c2c7b93e99e659b5e8b58e3b8edf4b52f2f8b1926d5ff7fe5af17d4c2851e8,3317,77.0,40.0,cut_only,-0.0,-0.0,-0.0,-0.0,-0.0,-0.0
1,1,loading,0.25,f5c2c7b93e99e659b5e8b58e3b8edf4b52f2f8b1926d5ff7fe5af17d4c2851e8,3318,78.0,40.0,cut_only,-0.0,-0.0,-0.0,-0.0,-0.0,-0.0
1,1,loading,0.25,f5c2c7b93e99e659b5e8b58e3b8edf4b52f2f8b1926d5ff7fe5af17d4c2851e8,3319,79.0,40.0,cut_only,-0.0,-0.0,-0.0,-0.0,-0.0,-0.0
1,1,loading,0.25,f5c2c7b93e99e659b5e8b58e3b8edf4b52f2f8b1926d5ff7fe5af17d4c2851e8,3320,80.0,40.0,physical_and_cut,-0.0,-0.0,-0.0,-0.0,-0.0,-0.0
2,2,loading,0.5,d16fd3786a8ad4556c052e0479d9eb0072d1b193be81096144c405f439723b34,2573,62.0,31.0,physical_only,-0.00023356993902899178,5.363500785625654e-06,-1.7526044099467768e-06,1.6801356317978703e-06,-0.000231817334619045,3.683365153827791e-06
2,2,loading,0.5,d16fd3786a8ad4556c052e0479d9eb0072d1b193be81096144c405f439723b34,2574,63.0,31.0,physical_only,-6.352800154539107e-07,-1.160379610637702e-05,-8.722497266098848e-07,1.8604101046192116e-06,2.3696971115597386e-07,-1.3464206210996228e-05
2,2,loading,0.5,d16fd3786a8ad4556c052e0479d9eb0072d1b193be81096144c405f439723b34,2575,64.0,31.0,physical_only,9.977391196898896e-09,-1.455665761940335e-05,-8.824628715337623e-07,2.322363152677551e-06,8.924402627306611e-07,-1.68790207720809e-05
2,2,loading,0.5,d16fd3786a8ad4556c052e0479d9eb0072d1b193be81096144c405f439723b34,2576,65.0,31.0,physical_only,5.028325648008981e-08,-1.8237939399042382e-05,-8.95024374329706e-07,2.8172539145984783e-06,9.453076308097957e-07,-2.105519331364086e-05
2,2,loading,0.5,d16fd3786a8ad4556c052e0479d9eb0072d1b193be81096144c405f439723b34,2577,66.0,31.0,physical_only,-3.746940494591417e-07,-2.170920982818257e-05,-9.095346235617881e-07,3.352798335929212e-06,5.348405741026472e-07,-2.5062008164111787e-05
2,2,loading,0.5,d16fd3786a8ad4556c052e0479d9eb0072d1b193be81096144c405f439723b34,2578,67.0,31.0,physical_only,-8.537459460594452e-07,-2.479410677453078e-05,-9.249640564670323e-07,3.9352573999467046e-06,7.121811040758643e-08,-2.8729364174477482e-05
2,2,loading,0.5,d16fd3786a8ad4556c052e0479d9eb0072d1b193be81096144c405f439723b34,2579,68.0,31.0,physical_only,-9.098241307660611e-07,-2.8054462818399937e-05,-9.407424498033708e-07,4.569738713054649e-06,3.091831903730932e-08,-3.262420153145459e-05
2,2,loading,0.5,d16fd3786a8ad4556c052e0479d9eb0072d1b193be81096144c405f439723b34,2580,69.0,31.0,physical_only,-1.031978896200436e-06,-3.180776899218863e-05,-9.566916527980042e-07,5.26131779984174e-06,-7.528724340243164e-08,-3.7069086792030384e-05
2,2,loading,0.5,d16fd3786a8ad4556c052e0479d9eb0072d1b193be81096144c405f439723b34,2581,70.0,31.0,physical_only,-1.1887982516825341e-06,-3.585979175345583e-05,-9.729170257310746e-07,6.015782870992473e-06,-2.158812259514593e-07,-4.187557462444831e-05
2,2,loading,0.5,d16fd3786a8ad4556c052e0479d9eb0072d1b193be81096144c405f439723b34,2582,71.0,31.0,physical_only,-1.3896977974041583e-06,-4.018972358866478e-05,-9.894347073064366e-07,6.839761167603817e-06,-4.0026309009772214e-07,-4.702948475626857e-05
2,2,loading,0.5,d16fd3786a8ad4556c052e0479d9eb0072d1b193be81096144c405f439723b34,2583,72.0,31.0,physical_only,-1.6361774953912046e-06,-4.476392753483151e-05,-1.0062776922015477e-06,7.74078283246665e-06,-6.298998031896565e-07,-5.250471036729817e-05
2,2,loading,0.5,d16fd3786a8ad4556c052e0479d9eb0072d1b193be81096144c405f439723b34,2584,73.0,31.0,physical_only,-2.0229271433432224e-06,-4.920166964968555e-05,-1.0233686677573018e-06,8.727235269816051e-06,-9.99558475585921e-07,-5.792890491950159e-05
2,2,loading,0.5,d16fd3786a8ad4556c052e0479d9eb0072d1b193be81096144c405f439723b34,2585,74.0,31.0,physical_only,-1.573691674266208e-06,-5.375994958953652e-05,-1.040858157172335e-06,9.808626068590449e-06,-5.32833517093873e-07,-6.356857565812703e-05
2,2,loading,0.5,d16fd3786a8ad4556c052e0479d9eb0072d1b193be81096144c405f439723b34,2586,75.0,31.0,physical_only,-4.1764617102177353e-07,-6.000569404155114e-05,-1.059386222478745e-06,1.0996928301031482e-05,6.417400514569712e-07,-7.100262234258255e-05
2,2,loading,0.5,d16fd3786a8ad4556c052e0479d9eb0072d1b193be81096144c405f439723b34,2587,76.0,31.0,physical_only,1.114567444378946e-06,-6.990940675641907e-05,-1.080469271942072e-06,1.2309712385737518e-05,2.195036716321018e-06,-8.221911914215666e-05
2,2,loading,0.5,d16fd3786a8ad4556c052e0479d9eb0072d1b193be81096144c405f439723b34,2588,77.0,31.0,physical_only,1.2459900705593587e-06,-8.190175231157306e-05,-1.105215182752049e-06,1.3772150499870795e-05,2.3512052533114074e-06,-9.567390281144388e-05
2,2,loading,0.5,d16fd3786a8ad4556c052e0479d9eb0072d1b193be81096144c405f439723b34,2589,78.0,31.0,physical_only,9.865611015334277e-07,-9.464522739161473e-05,-1.134075975819649e-06,1.5415965467974276e-05,2.1206370773530774e-06,-0.00011006119285958903
2,2,loading,0.5,d16fd3786a8ad4556c052e0479d9eb0072d1b193be81096144c405f439723b34,2590,79.0,31.0,physical_only,4.906221864489383e-07,-0.00010371668205736947,-1.1661249932748883e-06,1.7276921520360845e-05,1.6567471797238277e-06,-0.00012099360357773034
2,2,loading,0.5,d16fd3786a8ad4556c052e0479d9eb0072d1b193be81096144c405f439723b34,2591,80.0,31.0,physical_only,-9.674359316497154e-06,0.0010283333620272513,1.897365923233574e-06,7.286831410159016e-06,-1.1571725239730727e-05,0.0010210465306170922
2,2,loading,0.5,d16fd3786a8ad4556c052e0479d9eb0072d1b193be81096144c405f439723b34,2654,62.0,32.0,physical_only,-3.5232037573060393e-06,-1.1539363663678089e-06,-1.11665502362489e-06,5.329323802412481e-08,-2.4065487336811494e-06,-1.207229604391933e-06
2,2,loading,0.5,d16fd3786a8ad4556c052e0479d9eb0072d1b193be81096144c405f439723b34,2655,63.0,32.0,interior,-0.0,-0.0,-0.0,-0.0,-0.0,-0.0
2,2,loading,0.5,d16fd3786a8ad4556c052e0479d9eb0072d1b193be81096144c405f439723b34,2656,64.0,32.0,interior,-0.0,-0.0,-0.0,-0.0,-0.0,-0.0
2,2,loading,0.5,d16fd3786a8ad4556c052e0479d9eb0072d1b193be81096144c405f439723b34,2657,65.0,32.0,interior,-0.0,-0.0,-0.0,-0.0,-0.0,-0.0
2,2,loading,0.5,d16fd3786a8ad4556c052e0479d9eb0072d1b193be81096144c405f439723b34,2658,66.0,32.0,interior,-0.0,-0.0,-0.0,-0.0,-0.0,-0.0
2,2,loading,0.5,d16fd3786a8ad4556c052e0479d9eb0072d1b193be81096144c405f439723b34,2659,67.0,32.0,interior,-0.0,-0.0,-0.0,-0.0,-0.0,-0.0
2,2,loading,0.5,d16fd3786a8ad4556c052e0479d9eb0072d1b193be81096144c405f439723b34,2660,68.0,32.0,interior,-0.0,-0.0,-0.0,-0.0,-0.0,-0.0
2,2,loading,0.5,d16fd3786a8ad4556c052e0479d9eb0072d1b193be81096144c405f439723b34,2661,69.0,32.0,interior,-0.0,-0.0,-0.0,-0.0,-0.0,-0.0
2,2,loading,0.5,d16fd3786a8ad4556c052e0479d9eb0072d1b193be81096144c405f439723b34,2662,70.0,32.0,interior,-0.0,-0.0,-0.0,-0.0,-0.0,-0.0
2,2,loading,0.5,d16fd3786a8ad4556c052e0479d9eb0072d1b193be81096144c405f439723b34,2663,71.0,32.0,interior,-0.0,-0.0,-0.0,-0.0,-0.0,-0.0
2,2,loading,0.5,d16fd3786a8ad4556c052e0479d9eb0072d1b193be81096144c405f439723b34,2664,72.0,32.0,interior,-0.0,-0.0,-0.0,-0.0,-0.0,-0.0
2,2,loading,0.5,d16fd3786a8ad4556c052e0479d9eb0072d1b193be81096144c405f439723b34,2665,73.0,32.0,interior,-0.0,-0.0,-0.0,-0.0,-0.0,-0.0
2,2,loading,0.5,d16fd3786a8ad4556c052e0479d9eb0072d1b193be81096144c405f439723b34,2666,74.0,32.0,interior,-0.0,-0.0,-0.0,-0.0,-0.0,-0.0
2,2,loading,0.5,d16fd3786a8ad4556c052e0479d9eb0072d1b193be81096144c405f439723b34,2667,75.0,32.0,interior,-0.0,-0.0,-0.0,-0.0,-0.0,-0.0
2,2,loading,0.5,d16fd3786a8ad4556c052e0479d9eb0072d1b193be81096144c405f439723b34,2668,76.0,32.0,interior,-0.0,-0.0,-0.0,-0.0,-0.0,-0.0
2,2,loading,0.5,d16fd3786a8ad4556c052e0479d9eb0072d1b193be81096144c405f439723b34,2669,77.0,32.0,interior,-0.0,-0.0,-0.0,-0.0,-0.0,-0.0
2,2,loading,0.5,d16fd3786a8ad4556c052e0479d9eb0072d1b193be81096144c405f439723b34,2670,78.0,32.0,interior,-0.0,-0.0,-0.0,-0.0,-0.0,-0.0
2,2,loading,0.5,d16fd3786a8ad4556c052e0479d9eb0072d1b193be81096144c405f439723b34,2671,79.0,32.0,interior,-0.0,-0.0,-0.0,-0.0,-0.0,-0.0
2,2,loading,0.5,d16fd3786a8ad4556c052e0479d9eb0072d1b193be81096144c405f439723b34,2672,80.0,32.0,physical_only,-0.0,-0.0,-0.0,-0.0,-0.0,-0.0
2,2,loading,0.5,d16fd3786a8ad4556c052e0479d9eb0072d1b193be81096144c405f439723b34,2735,62.0,33.0,physical_only,-2.4173109600852434e-06,-7.946980027624647e-07,-1.1650739145252177e-06,4.1284011610418794e-08,-1.252237045560026e-06,-8.359820143728837e-07
2,2,loading,0.5,d16fd3786a8ad4556c052e0479d9eb0072d1b193be81096144c405f439723b34,2736,63.0,33.0,interior,-0.0,-0.0,-0.0,-0.0,-0.0,-0.0
2,2,loading,0.5,d16fd3786a8ad4556c052e0479d9eb0072d1b193be81096144c405f439723b34,2737,64.0,33.0,interior,-0.0,-0.0,-0.0,-0.0,-0.0,-0.0
2,2,loading,0.5,d16fd3786a8ad4556c052e0479d9eb0072d1b193be81096144c405f439723b34,2738,65.0,33.0,interior,-0.0,-0.0,-0.0,-0.0,-0.0,-0.0
2,2,loading,0.5,d16fd3786a8ad4556c052e0479d9eb0072d1b193be81096144c405f439723b34,2739,66.0,33.0,interior,-0.0,-0.0,-0.0,-0.0,-0.0,-0.0
2,2,loading,0.5,d16fd3786a8ad4556c052e0479d9eb0072d1b193be81096144c405f439723b34,2740,67.0,33.0,interior,-0.0,-0.0,-0.0,-0.0,-0.0,-0.0
2,2,loading,0.5,d16fd3786a8ad4556c052e0479d9eb0072d1b193be81096144c405f439723b34,2741,68.0,33.0,interior,-0.0,-0.0,-0.0,-0.0,-0.0,-0.0
2,2,loading,0.5,d16fd3786a8ad4556c052e0479d9eb0072d1b193be81096144c405f439723b34,2742,69.0,33.0,interior,-0.0,-0.0,-0.0,-0.0,-0.0,-0.0
2,2,loading,0.5,d16fd3786a8ad4556c052e0479d9eb0072d1b193be81096144c405f439723b34,2743,70.0,33.0,interior,-0.0,-0.0,-0.0,-0.0,-0.0,-0.0
2,2,loading,0.5,d16fd3786a8ad4556c052e0479d9eb0072d1b193be81096144c405f439723b34,2744,71.0,33.0,interior,-0.0,-0.0,-0.0,-0.0,-0.0,-0.0
2,2,loading,0.5,d16fd3786a8ad4556c052e0479d9eb0072d1b193be81096144c405f439723b34,2745,72.0,33.0,interior,-0.0,-0.0,-0.0,-0.0,-0.0,-0.0
2,2,loading,0.5,d16fd3786a8ad4556c052e0479d9eb0072d1b193be81096144c405f439723b34,2746,73.0,33.0,interior,-0.0,-0.0,-0.0,-0.0,-0.0,-0.0
2,2,loading,0.5,d16fd3786a8ad4556c052e0479d9eb0072d1b193be81096144c405f439723b34,2747,74.0,33.0,interior,-0.0,-0.0,-0.0,-0.0,-0.0,-0.0
2,2,loading,0.5,d16fd3786a8ad4556c052e0479d9eb0072d1b193be81096144c405f439723b34,2748,75.0,33.0,interior,-0.0,-0.0,-0.0,-0.0,-0.0,-0.0
2,2,loading,0.5,d16fd3786a8ad4556c052e0479d9eb0072d1b193be81096144c405f439723b34,2749,76.0,33.0,interior,-0.0,-0.0,-0.0,-0.0,-0.0,-0.0
2,2,loading,0.5,d16fd3786a8ad4556c052e0479d9eb0072d1b193be81096144c405f439723b34,2750,77.0,33.0,interior,-0.0,-0.0,-0.0,-0.0,-0.0,-0.0
2,2,loading,0.5,d16fd3786a8ad4556c052e0479d9eb0072d1b193be81096144c405f439723b34,2751,78.0,33.0,interior,-0.0,-0.0,-0.0,-0.0,-0.0,-0.0
2,2,loading,0.5,d16fd3786a8ad4556c052e0479d9eb0072d1b193be81096144c405f439723b34,2752,79.0,33.0,interior,-0.0,-0.0,-0.0,-0.0,-0.0,-0.0
2,2,loading,0.5,d16fd3786a8ad4556c052e0479d9eb0072d1b193be81096144c405f439723b34,2753,80.0,33.0,physical_only,-0.0,-0.0,-0.0,-0.0,-0.0,-0.0
2,2,loading,0.5,d16fd3786a8ad4556c052e0479d9eb0072d1b193be81096144c405f439723b34,2816,62.0,34.0,physical_only,-1.9003312634090727e-06,-3.9293643436615107e-07,-1.2021255954296512e-06,3.3520879696060135e-08,-6.982056679794211e-07,-4.26457314062211e-07
2,2,loading,0.5,d16fd3786a8ad4556c052e0479d9eb0072d1b193be81096144c405f439723b34,2817,63.0,34.0,interior,-0.0,-0.0,-0.0,-0.0,-0.0,-0.0
2,2,loading,0.5,d16fd3786a8ad4556c052e0479d9eb0072d1b193be81096144c405f439723b34,2818,64.0,34.0,interior,-0.0,-0.0,-0.0,-0.0,-0.0,-0.0
2,2,loading,0.5,d16fd3786a8ad4556c052e0479d9eb0072d1b193be81096144c405f439723b34,2819,65.0,34.0,interior,-0.0,-0.0,-0.0,-0.0,-0.0,-0.0
2,2,loading,0.5,d16fd3786a8ad4556c052e0479d9eb0072d1b193be81096144c405f439723b34,2820,66.0,34.0,interior,-0.0,-0.0,-0.0,-0.0,-0.0,-0.0
2,2,loading,0.5,d16fd3786a8ad4556c052e0479d9eb0072d1b193be81096144c405f439723b34,2821,67.0,34.0,interior,-0.0,-0.0,-0.0,-0.0,-0.0,-0.0
2,2,loading,0.5,d16fd3786a8ad4556c052e0479d9eb0072d1b193be81096144c405f439723b34,2822,68.0,34.0,interior,-0.0,-0.0,-0.0,-0.0,-0.0,-0.0
2,2,loading,0.5,d16fd3786a8ad4556c052e0479d9eb0072d1b193be81096144c405f439723b34,2823,69.0,34.0,interior,-0.0,-0.0,-0.0,-0.0,-0.0,-0.0
2,2,loading,0.5,d16fd3786a8ad4556c052e0479d9eb0072d1b193be81096144c405f439723b34,2824,70.0,34.0,interior,-0.0,-0.0,-0.0,-0.0,-0.0,-0.0
2,2,loading,0.5,d16fd3786a8ad4556c052e0479d9eb0072d1b193be81096144c405f439723b34,2825,71.0,34.0,interior,-0.0,-0.0,-0.0,-0.0,-0.0,-0.0
2,2,loading,0.5,d16fd3786a8ad4556c052e0479d9eb0072d1b193be81096144c405f439723b34,2826,72.0,34.0,interior,-0.0,-0.0,-0.0,-0.0,-0.0,-0.0
2,2,loading,0.5,d16fd3786a8ad4556c052e0479d9eb0072d1b193be81096144c405f439723b34,2827,73.0,34.0,interior,-0.0,-0.0,-0.0,-0.0,-0.0,-0.0
2,2,loading,0.5,d16fd3786a8ad4556c052e0479d9eb0072d1b193be81096144c405f439723b34,2828,74.0,34.0,interior,-0.0,-0.0,-0.0,-0.0,-0.0,-0.0
2,2,loading,0.5,d16fd3786a8ad4556c052e0479d9eb0072d1b193be81096144c405f439723b34,2829,75.0,34.0,interior,-0.0,-0.0,-0.0,-0.0,-0.0,-0.0
2,2,loading,0.5,d16fd3786a8ad4556c052e0479d9eb0072d1b193be81096144c405f439723b34,2830,76.0,34.0,interior,-0.0,-0.0,-0.0,-0.0,-0.0,-0.0
2,2,loading,0.5,d16fd3786a8ad4556c052e0479d9eb0072d1b193be81096144c405f439723b34,2831,77.0,34.0,interior,-0.0,-0.0,-0.0,-0.0,-0.0,-0.0
2,2,loading,0.5,d16fd3786a8ad4556c052e0479d9eb0072d1b193be81096144c405f439723b34,2832,78.0,34.0,interior,-0.0,-0.0,-0.0,-0.0,-0.0,-0.0
2,2,loading,0.5,d16fd3786a8ad4556c052e0479d9eb0072d1b193be81096144c405f439723b34,2833,79.0,34.0,interior,-0.0,-0.0,-0.0,-0.0,-0.0,-0.0
2,2,loading,0.5,d16fd3786a8ad4556c052e0479d9eb0072d1b193be81096144c405f439723b34,2834,80.0,34.0,physical_only,-0.0,-0.0,-0.0,-0.0,-0.0,-0.0
2,2,loading,0.5,d16fd3786a8ad4556c052e0479d9eb0072d1b193be81096144c405f439723b34,2897,62.0,35.0,physical_only,-1.756524428194295e-06,-7.876128763540924e-08,-1.2322715220566249e-06,2.7961767247379464e-08,-5.242529061376702e-07,-1.067230548827887e-07
2,2,loading,0.5,d16fd3786a8ad4556c052e0479d9eb0072d1b193be81096144c405f439723b34,2898,63.0,35.0,interior,-0.0,-0.0,-0.0,-0.0,-0.0,-0.0
2,2,loading,0.5,d16fd3786a8ad4556c052e0479d9eb0072d1b193be81096144c405f439723b34,2899,64.0,35.0,interior,-0.0,-0.0,-0.0,-0.0,-0.0,-0.0
2,2,loading,0.5,d16fd3786a8ad4556c052e0479d9eb0072d1b193be81096144c405f439723b34,2900,65.0,35.0,interior,-0.0,-0.0,-0.0,-0.0,-0.0,-0.0
2,2,loading,0.5,d16fd3786a8ad4556c052e0479d9eb0072d1b193be81096144c405f439723b34,2901,66.0,35.0,interior,-0.0,-0.0,-0.0,-0.0,-0.0,-0.0
2,2,loading,0.5,d16fd3786a8ad4556c052e0479d9eb0072d1b193be81096144c405f439723b34,2902,67.0,35.0,interior,-0.0,-0.0,-0.0,-0.0,-0.0,-0.0
2,2,loading,0.5,d16fd3786a8ad4556c052e0479d9eb0072d1b193be81096144c405f439723b34,2903,68.0,35.0,interior,-0.0,-0.0,-0.0,-0.0,-0.0,-0.0
2,2,loading,0.5,d16fd3786a8ad4556c052e0479d9eb0072d1b193be81096144c405f439723b34,2904,69.0,35.0,interior,-0.0,-0.0,-0.0,-0.0,-0.0,-0.0
2,2,loading,0.5,d16fd3786a8ad4556c052e0479d9eb0072d1b193be81096144c405f439723b34,2905,70.0,35.0,interior,-0.0,-0.0,-0.0,-0.0,-0.0,-0.0
2,2,loading,0.5,d16fd3786a8ad4556c052e0479d9eb0072d1b193be81096144c405f439723b34,2906,71.0,35.0,interior,-0.0,-0.0,-0.0,-0.0,-0.0,-0.0
2,2,loading,0.5,d16fd3786a8ad4556c052e0479d9eb0072d1b193be81096144c405f439723b34,2907,72.0,35.0,interior,-0.0,-0.0,-0.0,-0.0,-0.0,-0.0
2,2,loading,0.5,d16fd3786a8ad4556c052e0479d9eb0072d1b193be81096144c405f439723b34,2908,73.0,35.0,interior,-0.0,-0.0,-0.0,-0.0,-0.0,-0.0
2,2,loading,0.5,d16fd3786a8ad4556c052e0479d9eb0072d1b193be81096144c405f439723b34,2909,74.0,35.0,interior,-0.0,-0.0,-0.0,-0.0,-0.0,-0.0
2,2,loading,0.5,d16fd3786a8ad4556c052e0479d9eb0072d1b193be81096144c405f439723b34,2910,75.0,35.0,interior,-0.0,-0.0,-0.0,-0.0,-0.0,-0.0
2,2,loading,0.5,d16fd3786a8ad4556c052e0479d9eb0072d1b193be81096144c405f439723b34,2911,76.0,35.0,interior,-0.0,-0.0,-0.0,-0.0,-0.0,-0.0
2,2,loading,0.5,d16fd3786a8ad4556c052e0479d9eb0072d1b193be81096144c405f439723b34,2912,77.0,35.0,interior,-0.0,-0.0,-0.0,-0.0,-0.0,-0.0
2,2,loading,0.5,d16fd3786a8ad4556c052e0479d9eb0072d1b193be81096144c405f439723b34,2913,78.0,35.0,interior,-0.0,-0.0,-0.0,-0.0,-0.0,-0.0
2,2,loading,0.5,d16fd3786a8ad4556c052e0479d9eb0072d1b193be81096144c405f439723b34,2914,79.0,35.0,interior,-0.0,-0.0,-0.0,-0.0,-0.0,-0.0
2,2,loading,0.5,d16fd3786a8ad4556c052e0479d9eb0072d1b193be81096144c405f439723b34,2915,80.0,35.0,physical_only,-0.0,-0.0,-0.0,-0.0,-0.0,-0.0
2,2,loading,0.5,d16fd3786a8ad4556c052e0479d9eb0072d1b193be81096144c405f439723b34,2978,62.0,36.0,physical_only,-1.8115292828818088e-06,8.992538042215776e-08,-1.2573628902525955e-06,2.3090877227682597e-08,-5.541663926292131e-07,6.683450319447522e-08
2,2,loading,0.5,d16fd3786a8ad4556c052e0479d9eb0072d1b193be81096144c405f439723b34,2979,63.0,36.0,interior,-0.0,-0.0,-0.0,-0.0,-0.0,-0.0
2,2,loading,0.5,d16fd3786a8ad4556c052e0479d9eb0072d1b193be81096144c405f439723b34,2980,64.0,36.0,interior,-0.0,-0.0,-0.0,-0.0,-0.0,-0.0
2,2,loading,0.5,d16fd3786a8ad4556c052e0479d9eb0072d1b193be81096144c405f439723b34,2981,65.0,36.0,interior,-0.0,-0.0,-0.0,-0.0,-0.0,-0.0
2,2,loading,0.5,d16fd3786a8ad4556c052e0479d9eb0072d1b193be81096144c405f439723b34,2982,66.0,36.0,interior,-0.0,-0.0,-0.0,-0.0,-0.0,-0.0
2,2,loading,0.5,d16fd3786a8ad4556c052e0479d9eb0072d1b193be81096144c405f439723b34,2983,67.0,36.0,interior,-0.0,-0.0,-0.0,-0.0,-0.0,-0.0
2,2,loading,0.5,d16fd3786a8ad4556c052e0479d9eb0072d1b193be81096144c405f439723b34,2984,68.0,36.0,interior,-0.0,-0.0,-0.0,-0.0,-0.0,-0.0
2,2,loading,0.5,d16fd3786a8ad4556c052e0479d9eb0072d1b193be81096144c405f439723b34,2985,69.0,36.0,interior,-0.0,-0.0,-0.0,-0.0,-0.0,-0.0
2,2,loading,0.5,d16fd3786a8ad4556c052e0479d9eb0072d1b193be81096144c405f439723b34,2986,70.0,36.0,interior,-0.0,-0.0,-0.0,-0.0,-0.0,-0.0
2,2,loading,0.5,d16fd3786a8ad4556c052e0479d9eb0072d1b193be81096144c405f439723b34,2987,71.0,36.0,interior,-0.0,-0.0,-0.0,-0.0,-0.0,-0.0
2,2,loading,0.5,d16fd3786a8ad4556c052e0479d9eb0072d1b193be81096144c405f439723b34,2988,72.0,36.0,interior,-0.0,-0.0,-0.0,-0.0,-0.0,-0.0
2,2,loading,0.5,d16fd3786a8ad4556c052e0479d9eb0072d1b193be81096144c405f439723b34,2989,73.0,36.0,interior,-0.0,-0.0,-0.0,-0.0,-0.0,-0.0
2,2,loading,0.5,d16fd3786a8ad4556c052e0479d9eb0072d1b193be81096144c405f439723b34,2990,74.0,36.0,interior,-0.0,-0.0,-0.0,-0.0,-0.0,-0.0
2,2,loading,0.5,d16fd3786a8ad4556c052e0479d9eb0072d1b193be81096144c405f439723b34,2991,75.0,36.0,interior,-0.0,-0.0,-0.0,-0.0,-0.0,-0.0
2,2,loading,0.5,d16fd3786a8ad4556c052e0479d9eb0072d1b193be81096144c405f439723b34,2992,76.0,36.0,interior,-0.0,-0.0,-0.0,-0.0,-0.0,-0.0
2,2,loading,0.5,d16fd3786a8ad4556c052e0479d9eb0072d1b193be81096144c405f439723b34,2993,77.0,36.0,interior,-0.0,-0.0,-0.0,-0.0,-0.0,-0.0
2,2,loading,0.5,d16fd3786a8ad4556c052e0479d9eb0072d1b193be81096144c405f439723b34,2994,78.0,36.0,interior,-0.0,-0.0,-0.0,-0.0,-0.0,-0.0
2,2,loading,0.5,d16fd3786a8ad4556c052e0479d9eb0072d1b193be81096144c405f439723b34,2995,79.0,36.0,interior,-0.0,-0.0,-0.0,-0.0,-0.0,-0.0
2,2,loading,0.5,d16fd3786a8ad4556c052e0479d9eb0072d1b193be81096144c405f439723b34,2996,80.0,36.0,physical_only,-0.0,-0.0,-0.0,-0.0,-0.0,-0.0
2,2,loading,0.5,d16fd3786a8ad4556c052e0479d9eb0072d1b193be81096144c405f439723b34,3059,62.0,37.0,physical_only,-1.9238283092647353e-06,1.4262560646063372e-07,-1.2776740810678638e-06,1.801504579688968e-08,-6.461542281968715e-07,1.2461056066374393e-07
2,2,loading,0.5,d16fd3786a8ad4556c052e0479d9eb0072d1b193be81096144c405f439723b34,3060,63.0,37.0,interior,-0.0,-0.0,-0.0,-0.0,-0.0,-0.0
2,2,loading,0.5,d16fd3786a8ad4556c052e0479d9eb0072d1b193be81096144c405f439723b34,3061,64.0,37.0,interior,-0.0,-0.0,-0.0,-0.0,-0.0,-0.0
2,2,loading,0.5,d16fd3786a8ad4556c052e0479d9eb0072d1b193be81096144c405f439723b34,3062,65.0,37.0,interior,-0.0,-0.0,-0.0,-0.0,-0.0,-0.0
2,2,loading,0.5,d16fd3786a8ad4556c052e0479d9eb0072d1b193be81096144c405f439723b34,3063,66.0,37.0,interior,-0.0,-0.0,-0.0,-0.0,-0.0,-0.0
2,2,loading,0.5,d16fd3786a8ad4556c052e0479d9eb0072d1b193be81096144c405f439723b34,3064,67.0,37.0,interior,-0.0,-0.0,-0.0,-0.0,-0.0,-0.0
2,2,loading,0.5,d16fd3786a8ad4556c052e0479d9eb0072d1b193be81096144c405f439723b34,3065,68.0,37.0,interior,-0.0,-0.0,-0.0,-0.0,-0.0,-0.0
2,2,loading,0.5,d16fd3786a8ad4556c052e0479d9eb0072d1b193be81096144c405f439723b34,3066,69.0,37.0,interior,-0.0,-0.0,-0.0,-0.0,-0.0,-0.0
2,2,loading,0.5,d16fd3786a8ad4556c052e0479d9eb0072d1b193be81096144c405f439723b34,3067,70.0,37.0,interior,-0.0,-0.0,-0.0,-0.0,-0.0,-0.0
2,2,loading,0.5,d16fd3786a8ad4556c052e0479d9eb0072d1b193be81096144c405f439723b34,3068,71.0,37.0,interior,-0.0,-0.0,-0.0,-0.0,-0.0,-0.0
2,2,loading,0.5,d16fd3786a8ad4556c052e0479d9eb0072d1b193be81096144c405f439723b34,3069,72.0,37.0,interior,-0.0,-0.0,-0.0,-0.0,-0.0,-0.0
2,2,loading,0.5,d16fd3786a8ad4556c052e0479d9eb0072d1b193be81096144c405f439723b34,3070,73.0,37.0,interior,-0.0,-0.0,-0.0,-0.0,-0.0,-0.0
2,2,loading,0.5,d16fd3786a8ad4556c052e0479d9eb0072d1b193be81096144c405f439723b34,3071,74.0,37.0,interior,-0.0,-0.0,-0.0,-0.0,-0.0,-0.0
2,2,loading,0.5,d16fd3786a8ad4556c052e0479d9eb0072d1b193be81096144c405f439723b34,3072,75.0,37.0,interior,-0.0,-0.0,-0.0,-0.0,-0.0,-0.0
2,2,loading,0.5,d16fd3786a8ad4556c052e0479d9eb0072d1b193be81096144c405f439723b34,3073,76.0,37.0,interior,-0.0,-0.0,-0.0,-0.0,-0.0,-0.0
2,2,loading,0.5,d16fd3786a8ad4556c052e0479d9eb0072d1b193be81096144c405f439723b34,3074,77.0,37.0,interior,-0.0,-0.0,-0.0,-0.0,-0.0,-0.0
2,2,loading,0.5,d16fd3786a8ad4556c052e0479d9eb0072d1b193be81096144c405f439723b34,3075,78.0,37.0,interior,-0.0,-0.0,-0.0,-0.0,-0.0,-0.0
2,2,loading,0.5,d16fd3786a8ad4556c052e0479d9eb0072d1b193be81096144c405f439723b34,3076,79.0,37.0,interior,-0.0,-0.0,-0.0,-0.0,-0.0,-0.0
2,2,loading,0.5,d16fd3786a8ad4556c052e0479d9eb0072d1b193be81096144c405f439723b34,3077,80.0,37.0,physical_only,-0.0,-0.0,-0.0,-0.0,-0.0,-0.0
2,2,loading,0.5,d16fd3786a8ad4556c052e0479d9eb0072d1b193be81096144c405f439723b34,3140,62.0,38.0,physical_only,-2.0234716886671354e-06,1.2208112983762465e-07,-1.2927696193401133e-06,1.2420987022953198e-08,-7.307020693270221e-07,1.0966014281467166e-07
2,2,loading,0.5,d16fd3786a8ad4556c052e0479d9eb0072d1b193be81096144c405f439723b34,3141,63.0,38.0,interior,-0.0,-0.0,-0.0,-0.0,-0.0,-0.0
2,2,loading,0.5,d16fd3786a8ad4556c052e0479d9eb0072d1b193be81096144c405f439723b34,3142,64.0,38.0,interior,-0.0,-0.0,-0.0,-0.0,-0.0,-0.0
2,2,loading,0.5,d16fd3786a8ad4556c052e0479d9eb0072d1b193be81096144c405f439723b34,3143,65.0,38.0,interior,-0.0,-0.0,-0.0,-0.0,-0.0,-0.0
2,2,loading,0.5,d16fd3786a8ad4556c052e0479d9eb0072d1b193be81096144c405f439723b34,3144,66.0,38.0,interior,-0.0,-0.0,-0.0,-0.0,-0.0,-0.0
2,2,loading,0.5,d16fd3786a8ad4556c052e0479d9eb0072d1b193be81096144c405f439723b34,3145,67.0,38.0,interior,-0.0,-0.0,-0.0,-0.0,-0.0,-0.0
2,2,loading,0.5,d16fd3786a8ad4556c052e0479d9eb0072d1b193be81096144c405f439723b34,3146,68.0,38.0,interior,-0.0,-0.0,-0.0,-0.0,-0.0,-0.0
2,2,loading,0.5,d16fd3786a8ad4556c052e0479d9eb0072d1b193be81096144c405f439723b34,3147,69.0,38.0,interior,-0.0,-0.0,-0.0,-0.0,-0.0,-0.0
2,2,loading,0.5,d16fd3786a8ad4556c052e0479d9eb0072d1b193be81096144c405f439723b34,3148,70.0,38.0,interior,-0.0,-0.0,-0.0,-0.0,-0.0,-0.0
2,2,loading,0.5,d16fd3786a8ad4556c052e0479d9eb0072d1b193be81096144c405f439723b34,3149,71.0,38.0,interior,-0.0,-0.0,-0.0,-0.0,-0.0,-0.0
2,2,loading,0.5,d16fd3786a8ad4556c052e0479d9eb0072d1b193be81096144c405f439723b34,3150,72.0,38.0,interior,-0.0,-0.0,-0.0,-0.0,-0.0,-0.0
2,2,loading,0.5,d16fd3786a8ad4556c052e0479d9eb0072d1b193be81096144c405f439723b34,3151,73.0,38.0,interior,-0.0,-0.0,-0.0,-0.0,-0.0,-0.0
2,2,loading,0.5,d16fd3786a8ad4556c052e0479d9eb0072d1b193be81096144c405f439723b34,3152,74.0,38.0,interior,-0.0,-0.0,-0.0,-0.0,-0.0,-0.0
2,2,loading,0.5,d16fd3786a8ad4556c052e0479d9eb0072d1b193be81096144c405f439723b34,3153,75.0,38.0,interior,-0.0,-0.0,-0.0,-0.0,-0.0,-0.0
2,2,loading,0.5,d16fd3786a8ad4556c052e0479d9eb0072d1b193be81096144c405f439723b34,3154,76.0,38.0,interior,-0.0,-0.0,-0.0,-0.0,-0.0,-0.0
2,2,loading,0.5,d16fd3786a8ad4556c052e0479d9eb0072d1b193be81096144c405f439723b34,3155,77.0,38.0,interior,-0.0,-0.0,-0.0,-0.0,-0.0,-0.0
2,2,loading,0.5,d16fd3786a8ad4556c052e0479d9eb0072d1b193be81096144c405f439723b34,3156,78.0,38.0,interior,-0.0,-0.0,-0.0,-0.0,-0.0,-0.0
2,2,loading,0.5,d16fd3786a8ad4556c052e0479d9eb0072d1b193be81096144c405f439723b34,3157,79.0,38.0,interior,-0.0,-0.0,-0.0,-0.0,-0.0,-0.0
2,2,loading,0.5,d16fd3786a8ad4556c052e0479d9eb0072d1b193be81096144c405f439723b34,3158,80.0,38.0,physical_only,-0.0,-0.0,-0.0,-0.0,-0.0,-0.0
2,2,loading,0.5,d16fd3786a8ad4556c052e0479d9eb0072d1b193be81096144c405f439723b34,3221,62.0,39.0,physical_only,-2.0842102871314684e-06,6.67556908089435e-08,-1.3020931295416845e-06,6.345804702308024e-09,-7.821171575897839e-07,6.040988610663547e-08
2,2,loading,0.5,d16fd3786a8ad4556c052e0479d9eb0072d1b193be81096144c405f439723b34,3222,63.0,39.0,interior,-0.0,-0.0,-0.0,-0.0,-0.0,-0.0
2,2,loading,0.5,d16fd3786a8ad4556c052e0479d9eb0072d1b193be81096144c405f439723b34,3223,64.0,39.0,interior,-0.0,-0.0,-0.0,-0.0,-0.0,-0.0
2,2,loading,0.5,d16fd3786a8ad4556c052e0479d9eb0072d1b193be81096144c405f439723b34,3224,65.0,39.0,interior,-0.0,-0.0,-0.0,-0.0,-0.0,-0.0
2,2,loading,0.5,d16fd3786a8ad4556c052e0479d9eb0072d1b193be81096144c405f439723b34,3225,66.0,39.0,interior,-0.0,-0.0,-0.0,-0.0,-0.0,-0.0
2,2,loading,0.5,d16fd3786a8ad4556c052e0479d9eb0072d1b193be81096144c405f439723b34,3226,67.0,39.0,interior,-0.0,-0.0,-0.0,-0.0,-0.0,-0.0
2,2,loading,0.5,d16fd3786a8ad4556c052e0479d9eb0072d1b193be81096144c405f439723b34,3227,68.0,39.0,interior,-0.0,-0.0,-0.0,-0.0,-0.0,-0.0
2,2,loading,0.5,d16fd3786a8ad4556c052e0479d9eb0072d1b193be81096144c405f439723b34,3228,69.0,39.0,interior,-0.0,-0.0,-0.0,-0.0,-0.0,-0.0
2,2,loading,0.5,d16fd3786a8ad4556c052e0479d9eb0072d1b193be81096144c405f439723b34,3229,70.0,39.0,interior,-0.0,-0.0,-0.0,-0.0,-0.0,-0.0
2,2,loading,0.5,d16fd3786a8ad4556c052e0479d9eb0072d1b193be81096144c405f439723b34,3230,71.0,39.0,interior,-0.0,-0.0,-0.0,-0.0,-0.0,-0.0
2,2,loading,0.5,d16fd3786a8ad4556c052e0479d9eb0072d1b193be81096144c405f439723b34,3231,72.0,39.0,interior,-0.0,-0.0,-0.0,-0.0,-0.0,-0.0
2,2,loading,0.5,d16fd3786a8ad4556c052e0479d9eb0072d1b193be81096144c405f439723b34,3232,73.0,39.0,interior,-0.0,-0.0,-0.0,-0.0,-0.0,-0.0
2,2,loading,0.5,d16fd3786a8ad4556c052e0479d9eb0072d1b193be81096144c405f439723b34,3233,74.0,39.0,interior,-0.0,-0.0,-0.0,-0.0,-0.0,-0.0
2,2,loading,0.5,d16fd3786a8ad4556c052e0479d9eb0072d1b193be81096144c405f439723b34,3234,75.0,39.0,interior,-0.0,-0.0,-0.0,-0.0,-0.0,-0.0
2,2,loading,0.5,d16fd3786a8ad4556c052e0479d9eb0072d1b193be81096144c405f439723b34,3235,76.0,39.0,interior,-0.0,-0.0,-0.0,-0.0,-0.0,-0.0
2,2,loading,0.5,d16fd3786a8ad4556c052e0479d9eb0072d1b193be81096144c405f439723b34,3236,77.0,39.0,interior,-0.0,-0.0,-0.0,-0.0,-0.0,-0.0
2,2,loading,0.5,d16fd3786a8ad4556c052e0479d9eb0072d1b193be81096144c405f439723b34,3237,78.0,39.0,interior,-0.0,-0.0,-0.0,-0.0,-0.0,-0.0
2,2,loading,0.5,d16fd3786a8ad4556c052e0479d9eb0072d1b193be81096144c405f439723b34,3238,79.0,39.0,interior,-0.0,-0.0,-0.0,-0.0,-0.0,-0.0
2,2,loading,0.5,d16fd3786a8ad4556c052e0479d9eb0072d1b193be81096144c405f439723b34,3239,80.0,39.0,physical_only,-0.0,-0.0,-0.0,-0.0,-0.0,-0.0
2,2,loading,0.5,d16fd3786a8ad4556c052e0479d9eb0072d1b193be81096144c405f439723b34,3302,62.0,40.0,physical_and_cut,-1.0519185241291358e-06,-1.751396801102968e-06,-6.526236137678212e-07,-2.8918799718003574e-07,-3.9929491036131455e-07,-1.4622088039229324e-06
2,2,loading,0.5,d16fd3786a8ad4556c052e0479d9eb0072d1b193be81096144c405f439723b34,3303,63.0,40.0,cut_only,-0.0,-0.0,-0.0,-0.0,-0.0,-0.0
2,2,loading,0.5,d16fd3786a8ad4556c052e0479d9eb0072d1b193be81096144c405f439723b34,3304,64.0,40.0,cut_only,-0.0,-0.0,-0.0,-0.0,-0.0,-0.0
2,2,loading,0.5,d16fd3786a8ad4556c052e0479d9eb0072d1b193be81096144c405f439723b34,3305,65.0,40.0,cut_only,-0.0,-0.0,-0.0,-0.0,-0.0,-0.0
2,2,loading,0.5,d16fd3786a8ad4556c052e0479d9eb0072d1b193be81096144c405f439723b34,3306,66.0,40.0,cut_only,-0.0,-0.0,-0.0,-0.0,-0.0,-0.0
2,2,loading,0.5,d16fd3786a8ad4556c052e0479d9eb0072d1b193be81096144c405f439723b34,3307,67.0,40.0,cut_only,-0.0,-0.0,-0.0,-0.0,-0.0,-0.0
2,2,loading,0.5,d16fd3786a8ad4556c052e0479d9eb0072d1b193be81096144c405f439723b34,3308,68.0,40.0,cut_only,-0.0,-0.0,-0.0,-0.0,-0.0,-0.0
2,2,loading,0.5,d16fd3786a8ad4556c052e0479d9eb0072d1b193be81096144c405f439723b34,3309,69.0,40.0,cut_only,-0.0,-0.0,-0.0,-0.0,-0.0,-0.0
2,2,loading,0.5,d16fd3786a8ad4556c052e0479d9eb0072d1b193be81096144c405f439723b34,3310,70.0,40.0,cut_only,-0.0,-0.0,-0.0,-0.0,-0.0,-0.0
2,2,loading,0.5,d16fd3786a8ad4556c052e0479d9eb0072d1b193be81096144c405f439723b34,3311,71.0,40.0,cut_only,-0.0,-0.0,-0.0,-0.0,-0.0,-0.0
2,2,loading,0.5,d16fd3786a8ad4556c052e0479d9eb0072d1b193be81096144c405f439723b34,3312,72.0,40.0,cut_only,-0.0,-0.0,-0.0,-0.0,-0.0,-0.0
2,2,loading,0.5,d16fd3786a8ad4556c052e0479d9eb0072d1b193be81096144c405f439723b34,3313,73.0,40.0,cut_only,-0.0,-0.0,-0.0,-0.0,-0.0,-0.0
2,2,loading,0.5,d16fd3786a8ad4556c052e0479d9eb0072d1b193be81096144c405f439723b34,3314,74.0,40.0,cut_only,-0.0,-0.0,-0.0,-0.0,-0.0,-0.0
2,2,loading,0.5,d16fd3786a8ad4556c052e0479d9eb0072d1b193be81096144c405f439723b34,3315,75.0,40.0,cut_only,-0.0,-0.0,-0.0,-0.0,-0.0,-0.0
2,2,loading,0.5,d16fd3786a8ad4556c052e0479d9eb0072d1b193be81096144c405f439723b34,3316,76.0,40.0,cut_only,-0.0,-0.0,-0.0,-0.0,-0.0,-0.0
2,2,loading,0.5,d16fd3786a8ad4556c052e0479d9eb0072d1b193be81096144c405f439723b34,3317,77.0,40.0,cut_only,-0.0,-0.0,-0.0,-0.0,-0.0,-0.0
2,2,loading,0.5,d16fd3786a8ad4556c052e0479d9eb0072d1b193be81096144c405f439723b34,3318,78.0,40.0,cut_only,-0.0,-0.0,-0.0,-0.0,-0.0,-0.0
2,2,loading,0.5,d16fd3786a8ad4556c052e0479d9eb0072d1b193be81096144c405f439723b34,3319,79.0,40.0,cut_only,-0.0,-0.0,-0.0,-0.0,-0.0,-0.0
2,2,loading,0.5,d16fd3786a8ad4556c052e0479d9eb0072d1b193be81096144c405f439723b34,3320,80.0,40.0,physical_and_cut,-0.0,-0.0,-0.0,-0.0,-0.0,-0.0
3,3,loading,0.65,bb713b50168746ed348ee39b35e6a353ccd529e47b98d31de222445cfd7c6ae2,2573,62.0,31.0,physical_only,-0.00031670599988137087,-1.5361740588609695e-05,-2.2390406428316906e-06,2.281314455992744e-06,-0.0003144669592385391,-1.764305504460242e-05
3,3,loading,0.65,bb713b50168746ed348ee39b35e6a353ccd529e47b98d31de222445cfd7c6ae2,2574,63.0,31.0,physical_only,-4.801216484193605e-07,-2.5340252367313758e-05,-1.1681366218946852e-06,2.560789095405396e-06,6.880149734753253e-07,-2.7901041462719125e-05
3,3,loading,0.65,bb713b50168746ed348ee39b35e6a353ccd529e47b98d31de222445cfd7c6ae2,2575,64.0,31.0,physical_only,6.797413501760421e-07,-3.243984086933517e-05,-1.1865079165777636e-06,3.2282241786425987e-06,1.8662492667538066e-06,-3.566806504797776e-05
3,3,loading,0.65,bb713b50168746ed348ee39b35e6a353ccd529e47b98d31de222445cfd7c6ae2,2576,65.0,31.0,physical_only,8.808432206601256e-07,-4.173995765791835e-05,-1.2090566995451927e-06,3.962358100821027e-06,2.089899920205318e-06,-4.570231575873936e-05
3,3,loading,0.65,bb713b50168746ed348ee39b35e6a353ccd529e47b98d31de222445cfd7c6ae2,2577,66.0,31.0,physical_only,2.3692893607471863e-07,-5.170975770199738e-05,-1.2354176959720927e-06,4.780236650059365e-06,1.4723466320468122e-06,-5.6489994352056756e-05
3,3,loading,0.65,bb713b50168746ed348ee39b35e6a353ccd529e47b98d31de222445cfd7c6ae2,2578,67.0,31.0,physical_only,-5.947834449028375e-07,-6.200481101904548e-05,-1.2643025754382322e-06,5.6984768312865725e-06,6.69519130535395e-07,-6.770328785033202e-05
3,3,loading,0.65,bb713b50168746ed348ee39b35e6a353ccd529e47b98d31de222445cfd7c6ae2,2579,68.0,31.0,physical_only,-6.508166522907648e-07,-7.370627129422915e-05,-1.2951355850003379e-06,6.734190027623123e-06,6.443189327095735e-07,-8.044046132185228e-05
3,3,loading,0.65,bb713b50168746ed348ee39b35e6a353ccd529e47b98d31de222445cfd7c6ae2,2580,69.0,31.0,physical_only,-8.476887001513466e-07,-8.761316672378528e-05,-1.3279797840544553e-06,7.907345389721351e-06,4.802910839031093e-07,-9.552051211350658e-05
3,3,loading,0.65,bb713b50168746ed348ee39b35e6a353ccd529e47b98d31de222445cfd7c6ae2,2581,70.0,31.0,physical_only,-1.128591095930249e-06,-0.0001035236214592209,-1.3633708023344799e-06,9.242829798389566e-06,2.347797064042301e-07,-0.00011276645125761053
3,3,loading,0.65,bb713b50168746ed348ee39b35e6a353ccd529e47b98d31de222445cfd7c6ae2,2582,71.0,31.0,physical_only,-1.5131253799438003e-06,-0.00012157884804986537,-1.4018136538877428e-06,1.0771843091648604e-05,-1.1131172605605799e-07,-0.00013235069114151397
3,3,loading,0.65,bb713b50168746ed348ee39b35e6a353ccd529e47b98d31de222445cfd7c6ae2,2583,72.0,31.0,physical_only,-1.998462128215742e-06,-0.0001418965605635721,-1.4439773965812357e-06,1.253385072848886e-05,-5.544847316345057e-07,-0.00015443041129206084
3,3,loading,0.65,bb713b50168746ed348ee39b35e6a353ccd529e47b98d31de222445cfd7c6ae2,2584,73.0,31.0,physical_only,-2.7777435186034942e-06,-0.00016382257258723554,-1.4905317019449593e-06,1.4579003994909703e-05,-1.2872118166585357e-06,-0.00017840157658214522
3,3,loading,0.65,bb713b50168746ed348ee39b35e6a353ccd529e47b98d31de222445cfd7c6ae2,2585,74.0,31.0,physical_only,-1.5481196493059907e-06,-0.00018817661067108225,-1.542742064335002e-06,1.6972328291110597e-05,-5.377584970989426e-09,-0.00020514893896219277
3,3,loading,0.65,bb713b50168746ed348ee39b35e6a353ccd529e47b98d31de222445cfd7c6ae2,2586,75.0,31.0,physical_only,1.5367036257775466e-06,-0.00021931707528438974,-1.603220655458114e-06,1.9802733518414694e-05,3.1399242812356595e-06,-0.00023911980880280434
3,3,loading,0.65,bb713b50168746ed348ee39b35e6a353ccd529e47b98d31de222445cfd7c6ae2,2587,76.0,31.0,physical_only,5.59564023299758e-06,-0.0002631869567131834,-1.6769327790776632e-06,2.3201096573435203e-05,7.272573012075244e-06,-0.00028638805328661844
3,3,loading,0.65,bb713b50168746ed348ee39b35e6a353ccd529e47b98d31de222445cfd7c6ae2,2588,77.0,31.0,physical_only,5.709288949417377e-06,-0.00031620510573289354,-1.769217229327217e-06,2.736345997198209e-05,7.478506178744595e-06,-0.00034356856570487556
3,3,loading,0.65,bb713b50168746ed348ee39b35e6a353ccd529e47b98d31de222445cfd7c6ae2,2589,78.0,31.0,physical_only,4.680771886362993e-06,-0.00037499379708129475,-1.8857453711928058e-06,3.257873211406884e-05,6.566517257555796e-06,-0.00040757252919536345
3,3,loading,0.65,bb713b50168746ed348ee39b35e6a353ccd529e47b98d31de222445cfd7c6ae2,2590,79.0,31.0,physical_only,2.4562502404301416e-06,-0.00040568678278321037,-2.027460727879723e-06,3.925582923897236e-05,4.483710968309871e-06,-0.0004449426120221823
3,3,loading,0.65,bb713b50168746ed348ee39b35e6a353ccd529e47b98d31de222445cfd7c6ae2,2591,80.0,31.0,physical_only,-3.696796897004384e-05,0.0030893767677090123,2.987333819415375e-06,1.6185824098689095e-05,-3.9955302789459215e-05,0.003073190943610323
3,3,loading,0.65,bb713b50168746ed348ee39b35e6a353ccd529e47b98d31de222445cfd7c6ae2,2654,62.0,32.0,physical_only,-4.176666597464011e-06,-1.2804259177206327e-06,-1.3662673343008312e-06,5.962251918330416e-08,-2.81039926316318e-06,-1.3400484369039369e-06
3,3,loading,0.65,bb713b50168746ed348ee39b35e6a353ccd529e47b98d31de222445cfd7c6ae2,2655,63.0,32.0,interior,-0.0,-0.0,-0.0,-0.0,-0.0,-0.0
3,3,loading,0.65,bb713b50168746ed348ee39b35e6a353ccd529e47b98d31de222445cfd7c6ae2,2656,64.0,32.0,interior,-0.0,-0.0,-0.0,-0.0,-0.0,-0.0
3,3,loading,0.65,bb713b50168746ed348ee39b35e6a353ccd529e47b98d31de222445cfd7c6ae2,2657,65.0,32.0,interior,-0.0,-0.0,-0.0,-0.0,-0.0,-0.0
3,3,loading,0.65,bb713b50168746ed348ee39b35e6a353ccd529e47b98d31de222445cfd7c6ae2,2658,66.0,32.0,interior,-0.0,-0.0,-0.0,-0.0,-0.0,-0.0
3,3,loading,0.65,bb713b50168746ed348ee39b35e6a353ccd529e47b98d31de222445cfd7c6ae2,2659,67.0,32.0,interior,-0.0,-0.0,-0.0,-0.0,-0.0,-0.0
3,3,loading,0.65,bb713b50168746ed348ee39b35e6a353ccd529e47b98d31de222445cfd7c6ae2,2660,68.0,32.0,interior,-0.0,-0.0,-0.0,-0.0,-0.0,-0.0
3,3,loading,0.65,bb713b50168746ed348ee39b35e6a353ccd529e47b98d31de222445cfd7c6ae2,2661,69.0,32.0,interior,-0.0,-0.0,-0.0,-0.0,-0.0,-0.0
3,3,loading,0.65,bb713b50168746ed348ee39b35e6a353ccd529e47b98d31de222445cfd7c6ae2,2662,70.0,32.0,interior,-0.0,-0.0,-0.0,-0.0,-0.0,-0.0
3,3,loading,0.65,bb713b50168746ed348ee39b35e6a353ccd529e47b98d31de222445cfd7c6ae2,2663,71.0,32.0,interior,-0.0,-0.0,-0.0,-0.0,-0.0,-0.0
3,3,loading,0.65,bb713b50168746ed348ee39b35e6a353ccd529e47b98d31de222445cfd7c6ae2,2664,72.0,32.0,interior,-0.0,-0.0,-0.0,-0.0,-0.0,-0.0
3,3,loading,0.65,bb713b50168746ed348ee39b35e6a353ccd529e47b98d31de222445cfd7c6ae2,2665,73.0,32.0,interior,-0.0,-0.0,-0.0,-0.0,-0.0,-0.0
3,3,loading,0.65,bb713b50168746ed348ee39b35e6a353ccd529e47b98d31de222445cfd7c6ae2,2666,74.0,32.0,interior,-0.0,-0.0,-0.0,-0.0,-0.0,-0.0
3,3,loading,0.65,bb713b50168746ed348ee39b35e6a353ccd529e47b98d31de222445cfd7c6ae2,2667,75.0,32.0,interior,-0.0,-0.0,-0.0,-0.0,-0.0,-0.0
3,3,loading,0.65,bb713b50168746ed348ee39b35e6a353ccd529e47b98d31de222445cfd7c6ae2,2668,76.0,32.0,interior,-0.0,-0.0,-0.0,-0.0,-0.0,-0.0
3,3,loading,0.65,bb713b50168746ed348ee39b35e6a353ccd529e47b98d31de222445cfd7c6ae2,2669,77.0,32.0,interior,-0.0,-0.0,-0.0,-0.0,-0.0,-0.0
3,3,loading,0.65,bb713b50168746ed348ee39b35e6a353ccd529e47b98d31de222445cfd7c6ae2,2670,78.0,32.0,interior,-0.0,-0.0,-0.0,-0.0,-0.0,-0.0
3,3,loading,0.65,bb713b50168746ed348ee39b35e6a353ccd529e47b98d31de222445cfd7c6ae2,2671,79.0,32.0,interior,-0.0,-0.0,-0.0,-0.0,-0.0,-0.0
3,3,loading,0.65,bb713b50168746ed348ee39b35e6a353ccd529e47b98d31de222445cfd7c6ae2,2672,80.0,32.0,physical_only,-0.0,-0.0,-0.0,-0.0,-0.0,-0.0
3,3,loading,0.65,bb713b50168746ed348ee39b35e6a353ccd529e47b98d31de222445cfd7c6ae2,2735,62.0,33.0,physical_only,-2.937362646654092e-06,-8.6575925720457e-07,-1.4301692377301326e-06,4.579004826682105e-08,-1.5071934089239592e-06,-9.115493054713913e-07
3,3,loading,0.65,bb713b50168746ed348ee39b35e6a353ccd529e47b98d31de222445cfd7c6ae2,2736,63.0,33.0,interior,-0.0,-0.0,-0.0,-0.0,-0.0,-0.0
3,3,loading,0.65,bb713b50168746ed348ee39b35e6a353ccd529e47b98d31de222445cfd7c6ae2,2737,64.0,33.0,interior,-0.0,-0.0,-0.0,-0.0,-0.0,-0.0
3,3,loading,0.65,bb713b50168746ed348ee39b35e6a353ccd529e47b98d31de222445cfd7c6ae2,2738,65.0,33.0,interior,-0.0,-0.0,-0.0,-0.0,-0.0,-0.0
3,3,loading,0.65,bb713b50168746ed348ee39b35e6a353ccd529e47b98d31de222445cfd7c6ae2,2739,66.0,33.0,interior,-0.0,-0.0,-0.0,-0.0,-0.0,-0.0
3,3,loading,0.65,bb713b50168746ed348ee39b35e6a353ccd529e47b98d31de222445cfd7c6ae2,2740,67.0,33.0,interior,-0.0,-0.0,-0.0,-0.0,-0.0,-0.0
3,3,loading,0.65,bb713b50168746ed348ee39b35e6a353ccd529e47b98d31de222445cfd7c6ae2,2741,68.0,33.0,interior,-0.0,-0.0,-0.0,-0.0,-0.0,-0.0
3,3,loading,0.65,bb713b50168746ed348ee39b35e6a353ccd529e47b98d31de222445cfd7c6ae2,2742,69.0,33.0,interior,-0.0,-0.0,-0.0,-0.0,-0.0,-0.0
3,3,loading,0.65,bb713b50168746ed348ee39b35e6a353ccd529e47b98d31de222445cfd7c6ae2,2743,70.0,33.0,interior,-0.0,-0.0,-0.0,-0.0,-0.0,-0.0
3,3,loading,0.65,bb713b50168746ed348ee39b35e6a353ccd529e47b98d31de222445cfd7c6ae2,2744,71.0,33.0,interior,-0.0,-0.0,-0.0,-0.0,-0.0,-0.0
3,3,loading,0.65,bb713b50168746ed348ee39b35e6a353ccd529e47b98d31de222445cfd7c6ae2,2745,72.0,33.0,interior,-0.0,-0.0,-0.0,-0.0,-0.0,-0.0
3,3,loading,0.65,bb713b50168746ed348ee39b35e6a353ccd529e47b98d31de222445cfd7c6ae2,2746,73.0,33.0,interior,-0.0,-0.0,-0.0,-0.0,-0.0,-0.0
3,3,loading,0.65,bb713b50168746ed348ee39b35e6a353ccd529e47b98d31de222445cfd7c6ae2,2747,74.0,33.0,interior,-0.0,-0.0,-0.0,-0.0,-0.0,-0.0
3,3,loading,0.65,bb713b50168746ed348ee39b35e6a353ccd529e47b98d31de222445cfd7c6ae2,2748,75.0,33.0,interior,-0.0,-0.0,-0.0,-0.0,-0.0,-0.0
3,3,loading,0.65,bb713b50168746ed348ee39b35e6a353ccd529e47b98d31de222445cfd7c6ae2,2749,76.0,33.0,interior,-0.0,-0.0,-0.0,-0.0,-0.0,-0.0
3,3,loading,0.65,bb713b50168746ed348ee39b35e6a353ccd529e47b98d31de222445cfd7c6ae2,2750,77.0,33.0,interior,-0.0,-0.0,-0.0,-0.0,-0.0,-0.0
3,3,loading,0.65,bb713b50168746ed348ee39b35e6a353ccd529e47b98d31de222445cfd7c6ae2,2751,78.0,33.0,interior,-0.0,-0.0,-0.0,-0.0,-0.0,-0.0
3,3,loading,0.65,bb713b50168746ed348ee39b35e6a353ccd529e47b98d31de222445cfd7c6ae2,2752,79.0,33.0,interior,-0.0,-0.0,-0.0,-0.0,-0.0,-0.0
3,3,loading,0.65,bb713b50168746ed348ee39b35e6a353ccd529e47b98d31de222445cfd7c6ae2,2753,80.0,33.0,physical_only,-0.0,-0.0,-0.0,-0.0,-0.0,-0.0
3,3,loading,0.65,bb713b50168746ed348ee39b35e6a353ccd529e47b98d31de222445cfd7c6ae2,2816,62.0,34.0,physical_only,-2.3652432620222997e-06,-4.200687004665684e-07,-1.4797465621686493e-06,3.7056080532709566e-08,-8.854966998536502e-07,-4.5712478099927794e-07
3,3,loading,0.65,bb713b50168746ed348ee39b35e6a353ccd529e47b98d31de222445cfd7c6ae2,2817,63.0,34.0,interior,-0.0,-0.0,-0.0,-0.0,-0.0,-0.0
3,3,loading,0.65,bb713b50168746ed348ee39b35e6a353ccd529e47b98d31de222445cfd7c6ae2,2818,64.0,34.0,interior,-0.0,-0.0,-0.0,-0.0,-0.0,-0.0
3,3,loading,0.65,bb713b50168746ed348ee39b35e6a353ccd529e47b98d31de222445cfd7c6ae2,2819,65.0,34.0,interior,-0.0,-0.0,-0.0,-0.0,-0.0,-0.0
3,3,loading,0.65,bb713b50168746ed348ee39b35e6a353ccd529e47b98d31de222445cfd7c6ae2,2820,66.0,34.0,interior,-0.0,-0.0,-0.0,-0.0,-0.0,-0.0
3,3,loading,0.65,bb713b50168746ed348ee39b35e6a353ccd529e47b98d31de222445cfd7c6ae2,2821,67.0,34.0,interior,-0.0,-0.0,-0.0,-0.0,-0.0,-0.0
3,3,loading,0.65,bb713b50168746ed348ee39b35e6a353ccd529e47b98d31de222445cfd7c6ae2,2822,68.0,34.0,interior,-0.0,-0.0,-0.0,-0.0,-0.0,-0.0
3,3,loading,0.65,bb713b50168746ed348ee39b35e6a353ccd529e47b98d31de222445cfd7c6ae2,2823,69.0,34.0,interior,-0.0,-0.0,-0.0,-0.0,-0.0,-0.0
3,3,loading,0.65,bb713b50168746ed348ee39b35e6a353ccd529e47b98d31de222445cfd7c6ae2,2824,70.0,34.0,interior,-0.0,-0.0,-0.0,-0.0,-0.0,-0.0
3,3,loading,0.65,bb713b50168746ed348ee39b35e6a353ccd529e47b98d31de222445cfd7c6ae2,2825,71.0,34.0,interior,-0.0,-0.0,-0.0,-0.0,-0.0,-0.0
3,3,loading,0.65,bb713b50168746ed348ee39b35e6a353ccd529e47b98d31de222445cfd7c6ae2,2826,72.0,34.0,interior,-0.0,-0.0,-0.0,-0.0,-0.0,-0.0
3,3,loading,0.65,bb713b50168746ed348ee39b35e6a353ccd529e47b98d31de222445cfd7c6ae2,2827,73.0,34.0,interior,-0.0,-0.0,-0.0,-0.0,-0.0,-0.0
3,3,loading,0.65,bb713b50168746ed348ee39b35e6a353ccd529e47b98d31de222445cfd7c6ae2,2828,74.0,34.0,interior,-0.0,-0.0,-0.0,-0.0,-0.0,-0.0
3,3,loading,0.65,bb713b50168746ed348ee39b35e6a353ccd529e47b98d31de222445cfd7c6ae2,2829,75.0,34.0,interior,-0.0,-0.0,-0.0,-0.0,-0.0,-0.0
3,3,loading,0.65,bb713b50168746ed348ee39b35e6a353ccd529e47b98d31de222445cfd7c6ae2,2830,76.0,34.0,interior,-0.0,-0.0,-0.0,-0.0,-0.0,-0.0
3,3,loading,0.65,bb713b50168746ed348ee39b35e6a353ccd529e47b98d31de222445cfd7c6ae2,2831,77.0,34.0,interior,-0.0,-0.0,-0.0,-0.0,-0.0,-0.0
3,3,loading,0.65,bb713b50168746ed348ee39b35e6a353ccd529e47b98d31de222445cfd7c6ae2,2832,78.0,34.0,interior,-0.0,-0.0,-0.0,-0.0,-0.0,-0.0
3,3,loading,0.65,bb713b50168746ed348ee39b35e6a353ccd529e47b98d31de222445cfd7c6ae2,2833,79.0,34.0,interior,-0.0,-0.0,-0.0,-0.0,-0.0,-0.0
3,3,loading,0.65,bb713b50168746ed348ee39b35e6a353ccd529e47b98d31de222445cfd7c6ae2,2834,80.0,34.0,physical_only,-0.0,-0.0,-0.0,-0.0,-0.0,-0.0
3,3,loading,0.65,bb713b50168746ed348ee39b35e6a353ccd529e47b98d31de222445cfd7c6ae2,2897,62.0,35.0,physical_only,-2.206052639629561e-06,-7.767522981396303e-08,-1.5202782018118973e-06,3.095956495456575e-08,-6.857744378176635e-07,-1.0863479476852878e-07
3,3,loading,0.65,bb713b50168746ed348ee39b35e6a353ccd529e47b98d31de222445cfd7c6ae2,2898,63.0,35.0,interior,-0.0,-0.0,-0.0,-0.0,-0.0,-0.0
3,3,loading,0.65,bb713b50168746ed348ee39b35e6a353ccd529e47b98d31de222445cfd7c6ae2,2899,64.0,35.0,interior,-0.0,-0.0,-0.0,-0.0,-0.0,-0.0
3,3,loading,0.65,bb713b50168746ed348ee39b35e6a353ccd529e47b98d31de222445cfd7c6ae2,2900,65.0,35.0,interior,-0.0,-0.0,-0.0,-0.0,-0.0,-0.0
3,3,loading,0.65,bb713b50168746ed348ee39b35e6a353ccd529e47b98d31de222445cfd7c6ae2,2901,66.0,35.0,interior,-0.0,-0.0,-0.0,-0.0,-0.0,-0.0
3,3,loading,0.65,bb713b50168746ed348ee39b35e6a353ccd529e47b98d31de222445cfd7c6ae2,2902,67.0,35.0,interior,-0.0,-0.0,-0.0,-0.0,-0.0,-0.0
3,3,loading,0.65,bb713b50168746ed348ee39b35e6a353ccd529e47b98d31de222445cfd7c6ae2,2903,68.0,35.0,interior,-0.0,-0.0,-0.0,-0.0,-0.0,-0.0
3,3,loading,0.65,bb713b50168746ed348ee39b35e6a353ccd529e47b98d31de222445cfd7c6ae2,2904,69.0,35.0,interior,-0.0,-0.0,-0.0,-0.0,-0.0,-0.0
3,3,loading,0.65,bb713b50168746ed348ee39b35e6a353ccd529e47b98d31de222445cfd7c6ae2,2905,70.0,35.0,interior,-0.0,-0.0,-0.0,-0.0,-0.0,-0.0
3,3,loading,0.65,bb713b50168746ed348ee39b35e6a353ccd529e47b98d31de222445cfd7c6ae2,2906,71.0,35.0,interior,-0.0,-0.0,-0.0,-0.0,-0.0,-0.0
3,3,loading,0.65,bb713b50168746ed348ee39b35e6a353ccd529e47b98d31de222445cfd7c6ae2,2907,72.0,35.0,interior,-0.0,-0.0,-0.0,-0.0,-0.0,-0.0
3,3,loading,0.65,bb713b50168746ed348ee39b35e6a353ccd529e47b98d31de222445cfd7c6ae2,2908,73.0,35.0,interior,-0.0,-0.0,-0.0,-0.0,-0.0,-0.0
3,3,loading,0.65,bb713b50168746ed348ee39b35e6a353ccd529e47b98d31de222445cfd7c6ae2,2909,74.0,35.0,interior,-0.0,-0.0,-0.0,-0.0,-0.0,-0.0
3,3,loading,0.65,bb713b50168746ed348ee39b35e6a353ccd529e47b98d31de222445cfd7c6ae2,2910,75.0,35.0,interior,-0.0,-0.0,-0.0,-0.0,-0.0,-0.0
3,3,loading,0.65,bb713b50168746ed348ee39b35e6a353ccd529e47b98d31de222445cfd7c6ae2,2911,76.0,35.0,interior,-0.0,-0.0,-0.0,-0.0,-0.0,-0.0
3,3,loading,0.65,bb713b50168746ed348ee39b35e6a353ccd529e47b98d31de222445cfd7c6ae2,2912,77.0,35.0,interior,-0.0,-0.0,-0.0,-0.0,-0.0,-0.0
3,3,loading,0.65,bb713b50168746ed348ee39b35e6a353ccd529e47b98d31de222445cfd7c6ae2,2913,78.0,35.0,interior,-0.0,-0.0,-0.0,-0.0,-0.0,-0.0
3,3,loading,0.65,bb713b50168746ed348ee39b35e6a353ccd529e47b98d31de222445cfd7c6ae2,2914,79.0,35.0,interior,-0.0,-0.0,-0.0,-0.0,-0.0,-0.0
3,3,loading,0.65,bb713b50168746ed348ee39b35e6a353ccd529e47b98d31de222445cfd7c6ae2,2915,80.0,35.0,physical_only,-0.0,-0.0,-0.0,-0.0,-0.0,-0.0
3,3,loading,0.65,bb713b50168746ed348ee39b35e6a353ccd529e47b98d31de222445cfd7c6ae2,2978,62.0,36.0,physical_only,-2.2636093163070767e-06,1.0359820723637546e-07,-1.5539513574575595e-06,2.5674051041923653e-08,-7.096579588495172e-07,7.792415619445175e-08
3,3,loading,0.65,bb713b50168746ed348ee39b35e6a353ccd529e47b98d31de222445cfd7c6ae2,2979,63.0,36.0,interior,-0.0,-0.0,-0.0,-0.0,-0.0,-0.0
3,3,loading,0.65,bb713b50168746ed348ee39b35e6a353ccd529e47b98d31de222445cfd7c6ae2,2980,64.0,36.0,interior,-0.0,-0.0,-0.0,-0.0,-0.0,-0.0
3,3,loading,0.65,bb713b50168746ed348ee39b35e6a353ccd529e47b98d31de222445cfd7c6ae2,2981,65.0,36.0,interior,-0.0,-0.0,-0.0,-0.0,-0.0,-0.0
3,3,loading,0.65,bb713b50168746ed348ee39b35e6a353ccd529e47b98d31de222445cfd7c6ae2,2982,66.0,36.0,interior,-0.0,-0.0,-0.0,-0.0,-0.0,-0.0
3,3,loading,0.65,bb713b50168746ed348ee39b35e6a353ccd529e47b98d31de222445cfd7c6ae2,2983,67.0,36.0,interior,-0.0,-0.0,-0.0,-0.0,-0.0,-0.0
3,3,loading,0.65,bb713b50168746ed348ee39b35e6a353ccd529e47b98d31de222445cfd7c6ae2,2984,68.0,36.0,interior,-0.0,-0.0,-0.0,-0.0,-0.0,-0.0
3,3,loading,0.65,bb713b50168746ed348ee39b35e6a353ccd529e47b98d31de222445cfd7c6ae2,2985,69.0,36.0,interior,-0.0,-0.0,-0.0,-0.0,-0.0,-0.0
3,3,loading,0.65,bb713b50168746ed348ee39b35e6a353ccd529e47b98d31de222445cfd7c6ae2,2986,70.0,36.0,interior,-0.0,-0.0,-0.0,-0.0,-0.0,-0.0
3,3,loading,0.65,bb713b50168746ed348ee39b35e6a353ccd529e47b98d31de222445cfd7c6ae2,2987,71.0,36.0,interior,-0.0,-0.0,-0.0,-0.0,-0.0,-0.0
3,3,loading,0.65,bb713b50168746ed348ee39b35e6a353ccd529e47b98d31de222445cfd7c6ae2,2988,72.0,36.0,interior,-0.0,-0.0,-0.0,-0.0,-0.0,-0.0
3,3,loading,0.65,bb713b50168746ed348ee39b35e6a353ccd529e47b98d31de222445cfd7c6ae2,2989,73.0,36.0,interior,-0.0,-0.0,-0.0,-0.0,-0.0,-0.0
3,3,loading,0.65,bb713b50168746ed348ee39b35e6a353ccd529e47b98d31de222445cfd7c6ae2,2990,74.0,36.0,interior,-0.0,-0.0,-0.0,-0.0,-0.0,-0.0
3,3,loading,0.65,bb713b50168746ed348ee39b35e6a353ccd529e47b98d31de222445cfd7c6ae2,2991,75.0,36.0,interior,-0.0,-0.0,-0.0,-0.0,-0.0,-0.0
3,3,loading,0.65,bb713b50168746ed348ee39b35e6a353ccd529e47b98d31de222445cfd7c6ae2,2992,76.0,36.0,interior,-0.0,-0.0,-0.0,-0.0,-0.0,-0.0
3,3,loading,0.65,bb713b50168746ed348ee39b35e6a353ccd529e47b98d31de222445cfd7c6ae2,2993,77.0,36.0,interior,-0.0,-0.0,-0.0,-0.0,-0.0,-0.0
3,3,loading,0.65,bb713b50168746ed348ee39b35e6a353ccd529e47b98d31de222445cfd7c6ae2,2994,78.0,36.0,interior,-0.0,-0.0,-0.0,-0.0,-0.0,-0.0
3,3,loading,0.65,bb713b50168746ed348ee39b35e6a353ccd529e47b98d31de222445cfd7c6ae2,2995,79.0,36.0,interior,-0.0,-0.0,-0.0,-0.0,-0.0,-0.0
3,3,loading,0.65,bb713b50168746ed348ee39b35e6a353ccd529e47b98d31de222445cfd7c6ae2,2996,80.0,36.0,physical_only,-0.0,-0.0,-0.0,-0.0,-0.0,-0.0
3,3,loading,0.65,bb713b50168746ed348ee39b35e6a353ccd529e47b98d31de222445cfd7c6ae2,3059,62.0,37.0,physical_only,-2.3829212278244956e-06,1.5847163792768676e-07,-1.5810889376943927e-06,2.012144091201793e-08,-8.018322901301031e-07,1.3835019701566894e-07
3,3,loading,0.65,bb713b50168746ed348ee39b35e6a353ccd529e47b98d31de222445cfd7c6ae2,3060,63.0,37.0,interior,-0.0,-0.0,-0.0,-0.0,-0.0,-0.0
3,3,loading,0.65,bb713b50168746ed348ee39b35e6a353ccd529e47b98d31de222445cfd7c6ae2,3061,64.0,37.0,interior,-0.0,-0.0,-0.0,-0.0,-0.0,-0.0
3,3,loading,0.65,bb713b50168746ed348ee39b35e6a353ccd529e47b98d31de222445cfd7c6ae2,3062,65.0,37.0,interior,-0.0,-0.0,-0.0,-0.0,-0.0,-0.0
3,3,loading,0.65,bb713b50168746ed348ee39b35e6a353ccd529e47b98d31de222445cfd7c6ae2,3063,66.0,37.0,interior,-0.0,-0.0,-0.0,-0.0,-0.0,-0.0
3,3,loading,0.65,bb713b50168746ed348ee39b35e6a353ccd529e47b98d31de222445cfd7c6ae2,3064,67.0,37.0,interior,-0.0,-0.0,-0.0,-0.0,-0.0,-0.0
3,3,loading,0.65,bb713b50168746ed348ee39b35e6a353ccd529e47b98d31de222445cfd7c6ae2,3065,68.0,37.0,interior,-0.0,-0.0,-0.0,-0.0,-0.0,-0.0
3,3,loading,0.65,bb713b50168746ed348ee39b35e6a353ccd529e47b98d31de222445cfd7c6ae2,3066,69.0,37.0,interior,-0.0,-0.0,-0.0,-0.0,-0.0,-0.0
3,3,loading,0.65,bb713b50168746ed348ee39b35e6a353ccd529e47b98d31de222445cfd7c6ae2,3067,70.0,37.0,interior,-0.0,-0.0,-0.0,-0.0,-0.0,-0.0
3,3,loading,0.65,bb713b50168746ed348ee39b35e6a353ccd529e47b98d31de222445cfd7c6ae2,3068,71.0,37.0,interior,-0.0,-0.0,-0.0,-0.0,-0.0,-0.0
3,3,loading,0.65,bb713b50168746ed348ee39b35e6a353ccd529e47b98d31de222445cfd7c6ae2,3069,72.0,37.0,interior,-0.0,-0.0,-0.0,-0.0,-0.0,-0.0
3,3,loading,0.65,bb713b50168746ed348ee39b35e6a353ccd529e47b98d31de222445cfd7c6ae2,3070,73.0,37.0,interior,-0.0,-0.0,-0.0,-0.0,-0.0,-0.0
3,3,loading,0.65,bb713b50168746ed348ee39b35e6a353ccd529e47b98d31de222445cfd7c6ae2,3071,74.0,37.0,interior,-0.0,-0.0,-0.0,-0.0,-0.0,-0.0
3,3,loading,0.65,bb713b50168746ed348ee39b35e6a353ccd529e47b98d31de222445cfd7c6ae2,3072,75.0,37.0,interior,-0.0,-0.0,-0.0,-0.0,-0.0,-0.0
3,3,loading,0.65,bb713b50168746ed348ee39b35e6a353ccd529e47b98d31de222445cfd7c6ae2,3073,76.0,37.0,interior,-0.0,-0.0,-0.0,-0.0,-0.0,-0.0
3,3,loading,0.65,bb713b50168746ed348ee39b35e6a353ccd529e47b98d31de222445cfd7c6ae2,3074,77.0,37.0,interior,-0.0,-0.0,-0.0,-0.0,-0.0,-0.0
3,3,loading,0.65,bb713b50168746ed348ee39b35e6a353ccd529e47b98d31de222445cfd7c6ae2,3075,78.0,37.0,interior,-0.0,-0.0,-0.0,-0.0,-0.0,-0.0
3,3,loading,0.65,bb713b50168746ed348ee39b35e6a353ccd529e47b98d31de222445cfd7c6ae2,3076,79.0,37.0,interior,-0.0,-0.0,-0.0,-0.0,-0.0,-0.0
3,3,loading,0.65,bb713b50168746ed348ee39b35e6a353ccd529e47b98d31de222445cfd7c6ae2,3077,80.0,37.0,physical_only,-0.0,-0.0,-0.0,-0.0,-0.0,-0.0
3,3,loading,0.65,bb713b50168746ed348ee39b35e6a353ccd529e47b98d31de222445cfd7c6ae2,3140,62.0,38.0,physical_only,-2.4884787572804034e-06,1.343844310765454e-07,-1.6011726954921411e-06,1.3923902182069707e-08,-8.87306061788262e-07,1.204605288944756e-07
3,3,loading,0.65,bb713b50168746ed348ee39b35e6a353ccd529e47b98d31de222445cfd7c6ae2,3141,63.0,38.0,interior,-0.0,-0.0,-0.0,-0.0,-0.0,-0.0
3,3,loading,0.65,bb713b50168746ed348ee39b35e6a353ccd529e47b98d31de222445cfd7c6ae2,3142,64.0,38.0,interior,-0.0,-0.0,-0.0,-0.0,-0.0,-0.0
3,3,loading,0.65,bb713b50168746ed348ee39b35e6a353ccd529e47b98d31de222445cfd7c6ae2,3143,65.0,38.0,interior,-0.0,-0.0,-0.0,-0.0,-0.0,-0.0
3,3,loading,0.65,bb713b50168746ed348ee39b35e6a353ccd529e47b98d31de222445cfd7c6ae2,3144,66.0,38.0,interior,-0.0,-0.0,-0.0,-0.0,-0.0,-0.0
3,3,loading,0.65,bb713b50168746ed348ee39b35e6a353ccd529e47b98d31de222445cfd7c6ae2,3145,67.0,38.0,interior,-0.0,-0.0,-0.0,-0.0,-0.0,-0.0
3,3,loading,0.65,bb713b50168746ed348ee39b35e6a353ccd529e47b98d31de222445cfd7c6ae2,3146,68.0,38.0,interior,-0.0,-0.0,-0.0,-0.0,-0.0,-0.0
3,3,loading,0.65,bb713b50168746ed348ee39b35e6a353ccd529e47b98d31de222445cfd7c6ae2,3147,69.0,38.0,interior,-0.0,-0.0,-0.0,-0.0,-0.0,-0.0
3,3,loading,0.65,bb713b50168746ed348ee39b35e6a353ccd529e47b98d31de222445cfd7c6ae2,3148,70.0,38.0,interior,-0.0,-0.0,-0.0,-0.0,-0.0,-0.0
3,3,loading,0.65,bb713b50168746ed348ee39b35e6a353ccd529e47b98d31de222445cfd7c6ae2,3149,71.0,38.0,interior,-0.0,-0.0,-0.0,-0.0,-0.0,-0.0
3,3,loading,0.65,bb713b50168746ed348ee39b35e6a353ccd529e47b98d31de222445cfd7c6ae2,3150,72.0,38.0,interior,-0.0,-0.0,-0.0,-0.0,-0.0,-0.0
3,3,loading,0.65,bb713b50168746ed348ee39b35e6a353ccd529e47b98d31de222445cfd7c6ae2,3151,73.0,38.0,interior,-0.0,-0.0,-0.0,-0.0,-0.0,-0.0
3,3,loading,0.65,bb713b50168746ed348ee39b35e6a353ccd529e47b98d31de222445cfd7c6ae2,3152,74.0,38.0,interior,-0.0,-0.0,-0.0,-0.0,-0.0,-0.0
3,3,loading,0.65,bb713b50168746ed348ee39b35e6a353ccd529e47b98d31de222445cfd7c6ae2,3153,75.0,38.0,interior,-0.0,-0.0,-0.0,-0.0,-0.0,-0.0
3,3,loading,0.65,bb713b50168746ed348ee39b35e6a353ccd529e47b98d31de222445cfd7c6ae2,3154,76.0,38.0,interior,-0.0,-0.0,-0.0,-0.0,-0.0,-0.0
3,3,loading,0.65,bb713b50168746ed348ee39b35e6a353ccd529e47b98d31de222445cfd7c6ae2,3155,77.0,38.0,interior,-0.0,-0.0,-0.0,-0.0,-0.0,-0.0
3,3,loading,0.65,bb713b50168746ed348ee39b35e6a353ccd529e47b98d31de222445cfd7c6ae2,3156,78.0,38.0,interior,-0.0,-0.0,-0.0,-0.0,-0.0,-0.0
3,3,loading,0.65,bb713b50168746ed348ee39b35e6a353ccd529e47b98d31de222445cfd7c6ae2,3157,79.0,38.0,interior,-0.0,-0.0,-0.0,-0.0,-0.0,-0.0
3,3,loading,0.65,bb713b50168746ed348ee39b35e6a353ccd529e47b98d31de222445cfd7c6ae2,3158,80.0,38.0,physical_only,-0.0,-0.0,-0.0,-0.0,-0.0,-0.0
3,3,loading,0.65,bb713b50168746ed348ee39b35e6a353ccd529e47b98d31de222445cfd7c6ae2,3221,62.0,39.0,physical_only,-2.5525275632893844e-06,7.320648691039696e-08,-1.613540284753703e-06,7.129749201241927e-09,-9.389872785356814e-07,6.607673770915514e-08
3,3,loading,0.65,bb713b50168746ed348ee39b35e6a353ccd529e47b98d31de222445cfd7c6ae2,3222,63.0,39.0,interior,-0.0,-0.0,-0.0,-0.0,-0.0,-0.0
3,3,loading,0.65,bb713b50168746ed348ee39b35e6a353ccd529e47b98d31de222445cfd7c6ae2,3223,64.0,39.0,interior,-0.0,-0.0,-0.0,-0.0,-0.0,-0.0
3,3,loading,0.65,bb713b50168746ed348ee39b35e6a353ccd529e47b98d31de222445cfd7c6ae2,3224,65.0,39.0,interior,-0.0,-0.0,-0.0,-0.0,-0.0,-0.0
3,3,loading,0.65,bb713b50168746ed348ee39b35e6a353ccd529e47b98d31de222445cfd7c6ae2,3225,66.0,39.0,interior,-0.0,-0.0,-0.0,-0.0,-0.0,-0.0
3,3,loading,0.65,bb713b50168746ed348ee39b35e6a353ccd529e47b98d31de222445cfd7c6ae2,3226,67.0,39.0,interior,-0.0,-0.0,-0.0,-0.0,-0.0,-0.0
3,3,loading,0.65,bb713b50168746ed348ee39b35e6a353ccd529e47b98d31de222445cfd7c6ae2,3227,68.0,39.0,interior,-0.0,-0.0,-0.0,-0.0,-0.0,-0.0
3,3,loading,0.65,bb713b50168746ed348ee39b35e6a353ccd529e47b98d31de222445cfd7c6ae2,3228,69.0,39.0,interior,-0.0,-0.0,-0.0,-0.0,-0.0,-0.0
3,3,loading,0.65,bb713b50168746ed348ee39b35e6a353ccd529e47b98d31de222445cfd7c6ae2,3229,70.0,39.0,interior,-0.0,-0.0,-0.0,-0.0,-0.0,-0.0
3,3,loading,0.65,bb713b50168746ed348ee39b35e6a353ccd529e47b98d31de222445cfd7c6ae2,3230,71.0,39.0,interior,-0.0,-0.0,-0.0,-0.0,-0.0,-0.0
3,3,loading,0.65,bb713b50168746ed348ee39b35e6a353ccd529e47b98d31de222445cfd7c6ae2,3231,72.0,39.0,interior,-0.0,-0.0,-0.0,-0.0,-0.0,-0.0
3,3,loading,0.65,bb713b50168746ed348ee39b35e6a353ccd529e47b98d31de222445cfd7c6ae2,3232,73.0,39.0,interior,-0.0,-0.0,-0.0,-0.0,-0.0,-0.0
3,3,loading,0.65,bb713b50168746ed348ee39b35e6a353ccd529e47b98d31de222445cfd7c6ae2,3233,74.0,39.0,interior,-0.0,-0.0,-0.0,-0.0,-0.0,-0.0
3,3,loading,0.65,bb713b50168746ed348ee39b35e6a353ccd529e47b98d31de222445cfd7c6ae2,3234,75.0,39.0,interior,-0.0,-0.0,-0.0,-0.0,-0.0,-0.0
3,3,loading,0.65,bb713b50168746ed348ee39b35e6a353ccd529e47b98d31de222445cfd7c6ae2,3235,76.0,39.0,interior,-0.0,-0.0,-0.0,-0.0,-0.0,-0.0
3,3,loading,0.65,bb713b50168746ed348ee39b35e6a353ccd529e47b98d31de222445cfd7c6ae2,3236,77.0,39.0,interior,-0.0,-0.0,-0.0,-0.0,-0.0,-0.0
3,3,loading,0.65,bb713b50168746ed348ee39b35e6a353ccd529e47b98d31de222445cfd7c6ae2,3237,78.0,39.0,interior,-0.0,-0.0,-0.0,-0.0,-0.0,-0.0
3,3,loading,0.65,bb713b50168746ed348ee39b35e6a353ccd529e47b98d31de222445cfd7c6ae2,3238,79.0,39.0,interior,-0.0,-0.0,-0.0,-0.0,-0.0,-0.0
3,3,loading,0.65,bb713b50168746ed348ee39b35e6a353ccd529e47b98d31de222445cfd7c6ae2,3239,80.0,39.0,physical_only,-0.0,-0.0,-0.0,-0.0,-0.0,-0.0
3,3,loading,0.65,bb713b50168746ed348ee39b35e6a353ccd529e47b98d31de222445cfd7c6ae2,3302,62.0,40.0,physical_and_cut,-1.2865773542586459e-06,-1.6469177908258182e-06,-8.088590043926424e-07,-3.623395928328949e-07,-4.777183498660035e-07,-1.2845781979929233e-06
3,3,loading,0.65,bb713b50168746ed348ee39b35e6a353ccd529e47b98d31de222445cfd7c6ae2,3303,63.0,40.0,cut_only,-0.0,-0.0,-0.0,-0.0,-0.0,-0.0
3,3,loading,0.65,bb713b50168746ed348ee39b35e6a353ccd529e47b98d31de222445cfd7c6ae2,3304,64.0,40.0,cut_only,-0.0,-0.0,-0.0,-0.0,-0.0,-0.0
3,3,loading,0.65,bb713b50168746ed348ee39b35e6a353ccd529e47b98d31de222445cfd7c6ae2,3305,65.0,40.0,cut_only,-0.0,-0.0,-0.0,-0.0,-0.0,-0.0
3,3,loading,0.65,bb713b50168746ed348ee39b35e6a353ccd529e47b98d31de222445cfd7c6ae2,3306,66.0,40.0,cut_only,-0.0,-0.0,-0.0,-0.0,-0.0,-0.0
3,3,loading,0.65,bb713b50168746ed348ee39b35e6a353ccd529e47b98d31de222445cfd7c6ae2,3307,67.0,40.0,cut_only,-0.0,-0.0,-0.0,-0.0,-0.0,-0.0
3,3,loading,0.65,bb713b50168746ed348ee39b35e6a353ccd529e47b98d31de222445cfd7c6ae2,3308,68.0,40.0,cut_only,-0.0,-0.0,-0.0,-0.0,-0.0,-0.0
3,3,loading,0.65,bb713b50168746ed348ee39b35e6a353ccd529e47b98d31de222445cfd7c6ae2,3309,69.0,40.0,cut_only,-0.0,-0.0,-0.0,-0.0,-0.0,-0.0
3,3,loading,0.65,bb713b50168746ed348ee39b35e6a353ccd529e47b98d31de222445cfd7c6ae2,3310,70.0,40.0,cut_only,-0.0,-0.0,-0.0,-0.0,-0.0,-0.0
3,3,loading,0.65,bb713b50168746ed348ee39b35e6a353ccd529e47b98d31de222445cfd7c6ae2,3311,71.0,40.0,cut_only,-0.0,-0.0,-0.0,-0.0,-0.0,-0.0
3,3,loading,0.65,bb713b50168746ed348ee39b35e6a353ccd529e47b98d31de222445cfd7c6ae2,3312,72.0,40.0,cut_only,-0.0,-0.0,-0.0,-0.0,-0.0,-0.0
3,3,loading,0.65,bb713b50168746ed348ee39b35e6a353ccd529e47b98d31de222445cfd7c6ae2,3313,73.0,40.0,cut_only,-0.0,-0.0,-0.0,-0.0,-0.0,-0.0
3,3,loading,0.65,bb713b50168746ed348ee39b35e6a353ccd529e47b98d31de222445cfd7c6ae2,3314,74.0,40.0,cut_only,-0.0,-0.0,-0.0,-0.0,-0.0,-0.0
3,3,loading,0.65,bb713b50168746ed348ee39b35e6a353ccd529e47b98d31de222445cfd7c6ae2,3315,75.0,40.0,cut_only,-0.0,-0.0,-0.0,-0.0,-0.0,-0.0
3,3,loading,0.65,bb713b50168746ed348ee39b35e6a353ccd529e47b98d31de222445cfd7c6ae2,3316,76.0,40.0,cut_only,-0.0,-0.0,-0.0,-0.0,-0.0,-0.0
3,3,loading,0.65,bb713b50168746ed348ee39b35e6a353ccd529e47b98d31de222445cfd7c6ae2,3317,77.0,40.0,cut_only,-0.0,-0.0,-0.0,-0.0,-0.0,-0.0
3,3,loading,0.65,bb713b50168746ed348ee39b35e6a353ccd529e47b98d31de222445cfd7c6ae2,3318,78.0,40.0,cut_only,-0.0,-0.0,-0.0,-0.0,-0.0,-0.0
3,3,loading,0.65,bb713b50168746ed348ee39b35e6a353ccd529e47b98d31de222445cfd7c6ae2,3319,79.0,40.0,cut_only,-0.0,-0.0,-0.0,-0.0,-0.0,-0.0
3,3,loading,0.65,bb713b50168746ed348ee39b35e6a353ccd529e47b98d31de222445cfd7c6ae2,3320,80.0,40.0,physical_and_cut,-0.0,-0.0,-0.0,-0.0,-0.0,-0.0
4,4,loading,0.75,2737319de6d9bae8d84135ee5abfb4fbe15eac973da5e9c0d6c2a90e78f5cb68,2573,62.0,31.0,physical_only,-0.00037580235869532605,-3.745585868620507e-05,-2.5443250733036284e-06,2.7098947632910852e-06,-0.00037325803362202244,-4.0165753449496166e-05
4,4,loading,0.75,2737319de6d9bae8d84135ee5abfb4fbe15eac973da5e9c0d6c2a90e78f5cb68,2574,63.0,31.0,physical_only,-1.3666874381097614e-07,-3.9356327649644606e-05,-1.3731538166421014e-06,3.074075943835425e-06,1.2364850728311257e-06,-4.2430403593480046e-05
4,4,loading,0.75,2737319de6d9bae8d84135ee5abfb4fbe15eac973da5e9c0d6c2a90e78f5cb68,2575,64.0,31.0,physical_only,1.5642510376428986e-06,-5.1374937358987115e-05,-1.3990409123654687e-06,3.904599252458387e-06,2.963291950008367e-06,-5.527953661144553e-05
4,4,loading,0.75,2737319de6d9bae8d84135ee5abfb4fbe15eac973da5e9c0d6c2a90e78f5cb68,2576,65.0,31.0,physical_only,1.973778132825733e-06,-6.759468468430153e-05,-1.431050566511461e-06,4.8367619184035e-06,3.4048286993371945e-06,-7.243144660270498e-05
4,4,loading,0.75,2737319de6d9bae8d84135ee5abfb4fbe15eac973da5e9c0d6c2a90e78f5cb68,2577,66.0,31.0,physical_only,1.1476788810627253e-06,-8.60091864437353e-05,-1.4689897759950063e-06,5.8992201532376105e-06,2.6166686570577304e-06,-9.190840659697292e-05
4,4,loading,0.75,2737319de6d9bae8d84135ee5abfb4fbe15eac973da5e9c0d6c2a90e78f5cb68,2578,67.0,31.0,physical_only,-4.0415977634428e-08,-0.0001062119768462187,-1.5115170951920246e-06,7.122757730527124e-06,1.4711011175575983e-06,-0.00011333473457674582
4,4,loading,0.75,2737319de6d9bae8d84135ee5abfb4fbe15eac973da5e9c0d6c2a90e78f5cb68,2579,68.0,31.0,physical_only,-6.418463152380263e-08,-0.00012998532369806423,-1.5583101405445415e-06,8.54259515580472e-06,1.4941255090207412e-06,-0.0001385279188538689
4,4,loading,0.75,2737319de6d9bae8d84135ee5abfb4fbe15eac973da5e9c0d6c2a90e78f5cb68,2580,69.0,31.0,physical_only,-3.1517089073708387e-07,-0.0001588887774152661,-1.6100222486736865e-06,1.0203190876150542e-05,1.2948513579366039e-06,-0.00016909196829141657
4,4,loading,0.75,2737319de6d9bae8d84135ee5abfb4fbe15eac973da5e9c0d6c2a90e78f5cb68,2581,70.0,31.0,physical_only,-7.000271921473071e-07,-0.00019294394076636477,-1.6681087086485604e-06,1.2163571362532985e-05,9.6808151650125e-07,-0.00020510751212889772
4,4,loading,0.75,2737319de6d9bae8d84135ee5abfb4fbe15eac973da5e9c0d6c2a90e78f5cb68,2582,71.0,31.0,physical_only,-1.2319603532597781e-06,-0.00023275794349326908,-1.7342963954514656e-06,1.4503178230957358e-05,5.023360421916856e-07,-0.00024726112172422654
4,4,loading,0.75,2737319de6d9bae8d84135ee5abfb4fbe15eac973da5e9c0d6c2a90e78f5cb68,2583,72.0,31.0,physical_only,-1.8646190405249168e-06,-0.0002789533958363628,-1.8110024467749533e-06,1.733113061130117e-05,-5.361659374996313e-08,-0.00029628452644766385
4,4,loading,0.75,2737319de6d9bae8d84135ee5abfb4fbe15eac973da5e9c0d6c2a90e78f5cb68,2584,73.0,31.0,physical_only,-2.8115234575288797e-06,-0.0003310153984179896,-1.9013747285632622e-06,2.0800395433253227e-05,-9.10148728965619e-07,-0.0003518157938512431
4,4,loading,0.75,2737319de6d9bae8d84135ee5abfb4fbe15eac973da5e9c0d6c2a90e78f5cb68,2585,74.0,31.0,physical_only,-1.216611340802935e-07,-0.00039112798111399366,-2.010554977991623e-06,2.5132644119500825e-05,1.888893843911325e-06,-0.0004162606252334942
4,4,loading,0.75,2737319de6d9bae8d84135ee5abfb4fbe15eac973da5e9c0d6c2a90e78f5cb68,2586,75.0,31.0,physical_only,5.934176833996401e-06,-0.0004681679204866923,-2.1478456344330182e-06,3.066780498102122e-05,8.082022468429425e-06,-0.0004988357254677137
4,4,loading,0.75,2737319de6d9bae8d84135ee5abfb4fbe15eac973da5e9c0d6c2a90e78f5cb68,2587,76.0,31.0,physical_only,1.3258571844794442e-05,-0.0005740171696877452,-2.330147535897158e-06,3.796642102964467e-05,1.5588719380691593e-05,-0.0006119835907173899
4,4,loading,0.75,2737319de6d9bae8d84135ee5abfb4fbe15eac973da5e9c0d6c2a90e78f5cb68,2588,77.0,31.0,physical_only,1.211735233418708e-05,-0.0007014321200713653,-2.5824657226965552e-06,4.8002468267252236e-05,1.4699818056883636e-05,-0.0007494345883386176
4,4,loading,0.75,2737319de6d9bae8d84135ee5abfb4fbe15eac973da5e9c0d6c2a90e78f5cb68,2589,78.0,31.0,physical_only,8.341683108270986e-06,-0.0008425288402737425,-2.9456906296164153e-06,6.256094423093449e-05,1.1287373737887401e-05,-0.0009050897845046769
4,4,loading,0.75,2737319de6d9bae8d84135ee5abfb4fbe15eac973da5e9c0d6c2a90e78f5cb68,2590,79.0,31.0,physical_only,3.985344149506795e-07,-0.0008727528911661531,-3.469855565373066e-06,8.504906260801477e-05,3.868389980323734e-06,-0.0009578019537741676
4,4,loading,0.75,2737319de6d9bae8d84135ee5abfb4fbe15eac973da5e9c0d6c2a90e78f5cb68,2591,80.0,31.0,physical_only,-7.315766378584013e-05,0.006164578908453246,3.981449528556943e-06,3.616080787361762e-05,-7.713911331439706e-05,0.006128418100579628
4,4,loading,0.75,2737319de6d9bae8d84135ee5abfb4fbe15eac973da5e9c0d6c2a90e78f5cb68,2654,62.0,32.0,physical_only,-4.536061296608275e-06,-1.3143099316594604e-06,-1.5035936911702477e-06,6.059672898855054e-08,-3.032467605438029e-06,-1.3749066606480109e-06
4,4,loading,0.75,2737319de6d9bae8d84135ee5abfb4fbe15eac973da5e9c0d6c2a90e78f5cb68,2655,63.0,32.0,interior,-0.0,-0.0,-0.0,-0.0,-0.0,-0.0
4,4,loading,0.75,2737319de6d9bae8d84135ee5abfb4fbe15eac973da5e9c0d6c2a90e78f5cb68,2656,64.0,32.0,interior,-0.0,-0.0,-0.0,-0.0,-0.0,-0.0
4,4,loading,0.75,2737319de6d9bae8d84135ee5abfb4fbe15eac973da5e9c0d6c2a90e78f5cb68,2657,65.0,32.0,interior,-0.0,-0.0,-0.0,-0.0,-0.0,-0.0
4,4,loading,0.75,2737319de6d9bae8d84135ee5abfb4fbe15eac973da5e9c0d6c2a90e78f5cb68,2658,66.0,32.0,interior,-0.0,-0.0,-0.0,-0.0,-0.0,-0.0
4,4,loading,0.75,2737319de6d9bae8d84135ee5abfb4fbe15eac973da5e9c0d6c2a90e78f5cb68,2659,67.0,32.0,interior,-0.0,-0.0,-0.0,-0.0,-0.0,-0.0
4,4,loading,0.75,2737319de6d9bae8d84135ee5abfb4fbe15eac973da5e9c0d6c2a90e78f5cb68,2660,68.0,32.0,interior,-0.0,-0.0,-0.0,-0.0,-0.0,-0.0
4,4,loading,0.75,2737319de6d9bae8d84135ee5abfb4fbe15eac973da5e9c0d6c2a90e78f5cb68,2661,69.0,32.0,interior,-0.0,-0.0,-0.0,-0.0,-0.0,-0.0
4,4,loading,0.75,2737319de6d9bae8d84135ee5abfb4fbe15eac973da5e9c0d6c2a90e78f5cb68,2662,70.0,32.0,interior,-0.0,-0.0,-0.0,-0.0,-0.0,-0.0
4,4,loading,0.75,2737319de6d9bae8d84135ee5abfb4fbe15eac973da5e9c0d6c2a90e78f5cb68,2663,71.0,32.0,interior,-0.0,-0.0,-0.0,-0.0,-0.0,-0.0
4,4,loading,0.75,2737319de6d9bae8d84135ee5abfb4fbe15eac973da5e9c0d6c2a90e78f5cb68,2664,72.0,32.0,interior,-0.0,-0.0,-0.0,-0.0,-0.0,-0.0
4,4,loading,0.75,2737319de6d9bae8d84135ee5abfb4fbe15eac973da5e9c0d6c2a90e78f5cb68,2665,73.0,32.0,interior,-0.0,-0.0,-0.0,-0.0,-0.0,-0.0
4,4,loading,0.75,2737319de6d9bae8d84135ee5abfb4fbe15eac973da5e9c0d6c2a90e78f5cb68,2666,74.0,32.0,interior,-0.0,-0.0,-0.0,-0.0,-0.0,-0.0
4,4,loading,0.75,2737319de6d9bae8d84135ee5abfb4fbe15eac973da5e9c0d6c2a90e78f5cb68,2667,75.0,32.0,interior,-0.0,-0.0,-0.0,-0.0,-0.0,-0.0
4,4,loading,0.75,2737319de6d9bae8d84135ee5abfb4fbe15eac973da5e9c0d6c2a90e78f5cb68,2668,76.0,32.0,interior,-0.0,-0.0,-0.0,-0.0,-0.0,-0.0
4,4,loading,0.75,2737319de6d9bae8d84135ee5abfb4fbe15eac973da5e9c0d6c2a90e78f5cb68,2669,77.0,32.0,interior,-0.0,-0.0,-0.0,-0.0,-0.0,-0.0
4,4,loading,0.75,2737319de6d9bae8d84135ee5abfb4fbe15eac973da5e9c0d6c2a90e78f5cb68,2670,78.0,32.0,interior,-0.0,-0.0,-0.0,-0.0,-0.0,-0.0
4,4,loading,0.75,2737319de6d9bae8d84135ee5abfb4fbe15eac973da5e9c0d6c2a90e78f5cb68,2671,79.0,32.0,interior,-0.0,-0.0,-0.0,-0.0,-0.0,-0.0
4,4,loading,0.75,2737319de6d9bae8d84135ee5abfb4fbe15eac973da5e9c0d6c2a90e78f5cb68,2672,80.0,32.0,physical_only,-0.0,-0.0,-0.0,-0.0,-0.0,-0.0
4,4,loading,0.75,2737319de6d9bae8d84135ee5abfb4fbe15eac973da5e9c0d6c2a90e78f5cb68,2735,62.0,33.0,physical_only,-3.2493773320239695e-06,-8.767776379850852e-07,-1.5786451312851078e-06,4.622760939557817e-08,-1.6707322007388608e-06,-9.230052473806631e-07
4,4,loading,0.75,2737319de6d9bae8d84135ee5abfb4fbe15eac973da5e9c0d6c2a90e78f5cb68,2736,63.0,33.0,interior,-0.0,-0.0,-0.0,-0.0,-0.0,-0.0
4,4,loading,0.75,2737319de6d9bae8d84135ee5abfb4fbe15eac973da5e9c0d6c2a90e78f5cb68,2737,64.0,33.0,interior,-0.0,-0.0,-0.0,-0.0,-0.0,-0.0
4,4,loading,0.75,2737319de6d9bae8d84135ee5abfb4fbe15eac973da5e9c0d6c2a90e78f5cb68,2738,65.0,33.0,interior,-0.0,-0.0,-0.0,-0.0,-0.0,-0.0
4,4,loading,0.75,2737319de6d9bae8d84135ee5abfb4fbe15eac973da5e9c0d6c2a90e78f5cb68,2739,66.0,33.0,interior,-0.0,-0.0,-0.0,-0.0,-0.0,-0.0
4,4,loading,0.75,2737319de6d9bae8d84135ee5abfb4fbe15eac973da5e9c0d6c2a90e78f5cb68,2740,67.0,33.0,interior,-0.0,-0.0,-0.0,-0.0,-0.0,-0.0
4,4,loading,0.75,2737319de6d9bae8d84135ee5abfb4fbe15eac973da5e9c0d6c2a90e78f5cb68,2741,68.0,33.0,interior,-0.0,-0.0,-0.0,-0.0,-0.0,-0.0
4,4,loading,0.75,2737319de6d9bae8d84135ee5abfb4fbe15eac973da5e9c0d6c2a90e78f5cb68,2742,69.0,33.0,interior,-0.0,-0.0,-0.0,-0.0,-0.0,-0.0
4,4,loading,0.75,2737319de6d9bae8d84135ee5abfb4fbe15eac973da5e9c0d6c2a90e78f5cb68,2743,70.0,33.0,interior,-0.0,-0.0,-0.0,-0.0,-0.0,-0.0
4,4,loading,0.75,2737319de6d9bae8d84135ee5abfb4fbe15eac973da5e9c0d6c2a90e78f5cb68,2744,71.0,33.0,interior,-0.0,-0.0,-0.0,-0.0,-0.0,-0.0
4,4,loading,0.75,2737319de6d9bae8d84135ee5abfb4fbe15eac973da5e9c0d6c2a90e78f5cb68,2745,72.0,33.0,interior,-0.0,-0.0,-0.0,-0.0,-0.0,-0.0
4,4,loading,0.75,2737319de6d9bae8d84135ee5abfb4fbe15eac973da5e9c0d6c2a90e78f5cb68,2746,73.0,33.0,interior,-0.0,-0.0,-0.0,-0.0,-0.0,-0.0
4,4,loading,0.75,2737319de6d9bae8d84135ee5abfb4fbe15eac973da5e9c0d6c2a90e78f5cb68,2747,74.0,33.0,interior,-0.0,-0.0,-0.0,-0.0,-0.0,-0.0
4,4,loading,0.75,2737319de6d9bae8d84135ee5abfb4fbe15eac973da5e9c0d6c2a90e78f5cb68,2748,75.0,33.0,interior,-0.0,-0.0,-0.0,-0.0,-0.0,-0.0
4,4,loading,0.75,2737319de6d9bae8d84135ee5abfb4fbe15eac973da5e9c0d6c2a90e78f5cb68,2749,76.0,33.0,interior,-0.0,-0.0,-0.0,-0.0,-0.0,-0.0
4,4,loading,0.75,2737319de6d9bae8d84135ee5abfb4fbe15eac973da5e9c0d6c2a90e78f5cb68,2750,77.0,33.0,interior,-0.0,-0.0,-0.0,-0.0,-0.0,-0.0
4,4,loading,0.75,2737319de6d9bae8d84135ee5abfb4fbe15eac973da5e9c0d6c2a90e78f5cb68,2751,78.0,33.0,interior,-0.0,-0.0,-0.0,-0.0,-0.0,-0.0
4,4,loading,0.75,2737319de6d9bae8d84135ee5abfb4fbe15eac973da5e9c0d6c2a90e78f5cb68,2752,79.0,33.0,interior,-0.0,-0.0,-0.0,-0.0,-0.0,-0.0
4,4,loading,0.75,2737319de6d9bae8d84135ee5abfb4fbe15eac973da5e9c0d6c2a90e78f5cb68,2753,80.0,33.0,physical_only,-0.0,-0.0,-0.0,-0.0,-0.0,-0.0
4,4,loading,0.75,2737319de6d9bae8d84135ee5abfb4fbe15eac973da5e9c0d6c2a90e78f5cb68,2816,62.0,34.0,physical_only,-2.6596487434741303e-06,-4.1796003316785e-07,-1.6375364209035304e-06,3.733212428223657e-08,-1.022112322570599e-06,-4.5529215745008645e-07
4,4,loading,0.75,2737319de6d9bae8d84135ee5abfb4fbe15eac973da5e9c0d6c2a90e78f5cb68,2817,63.0,34.0,interior,-0.0,-0.0,-0.0,-0.0,-0.0,-0.0
4,4,loading,0.75,2737319de6d9bae8d84135ee5abfb4fbe15eac973da5e9c0d6c2a90e78f5cb68,2818,64.0,34.0,interior,-0.0,-0.0,-0.0,-0.0,-0.0,-0.0
4,4,loading,0.75,2737319de6d9bae8d84135ee5abfb4fbe15eac973da5e9c0d6c2a90e78f5cb68,2819,65.0,34.0,interior,-0.0,-0.0,-0.0,-0.0,-0.0,-0.0
4,4,loading,0.75,2737319de6d9bae8d84135ee5abfb4fbe15eac973da5e9c0d6c2a90e78f5cb68,2820,66.0,34.0,interior,-0.0,-0.0,-0.0,-0.0,-0.0,-0.0
4,4,loading,0.75,2737319de6d9bae8d84135ee5abfb4fbe15eac973da5e9c0d6c2a90e78f5cb68,2821,67.0,34.0,interior,-0.0,-0.0,-0.0,-0.0,-0.0,-0.0
4,4,loading,0.75,2737319de6d9bae8d84135ee5abfb4fbe15eac973da5e9c0d6c2a90e78f5cb68,2822,68.0,34.0,interior,-0.0,-0.0,-0.0,-0.0,-0.0,-0.0
4,4,loading,0.75,2737319de6d9bae8d84135ee5abfb4fbe15eac973da5e9c0d6c2a90e78f5cb68,2823,69.0,34.0,interior,-0.0,-0.0,-0.0,-0.0,-0.0,-0.0
4,4,loading,0.75,2737319de6d9bae8d84135ee5abfb4fbe15eac973da5e9c0d6c2a90e78f5cb68,2824,70.0,34.0,interior,-0.0,-0.0,-0.0,-0.0,-0.0,-0.0
4,4,loading,0.75,2737319de6d9bae8d84135ee5abfb4fbe15eac973da5e9c0d6c2a90e78f5cb68,2825,71.0,34.0,interior,-0.0,-0.0,-0.0,-0.0,-0.0,-0.0
4,4,loading,0.75,2737319de6d9bae8d84135ee5abfb4fbe15eac973da5e9c0d6c2a90e78f5cb68,2826,72.0,34.0,interior,-0.0,-0.0,-0.0,-0.0,-0.0,-0.0
4,4,loading,0.75,2737319de6d9bae8d84135ee5abfb4fbe15eac973da5e9c0d6c2a90e78f5cb68,2827,73.0,34.0,interior,-0.0,-0.0,-0.0,-0.0,-0.0,-0.0
4,4,loading,0.75,2737319de6d9bae8d84135ee5abfb4fbe15eac973da5e9c0d6c2a90e78f5cb68,2828,74.0,34.0,interior,-0.0,-0.0,-0.0,-0.0,-0.0,-0.0
4,4,loading,0.75,2737319de6d9bae8d84135ee5abfb4fbe15eac973da5e9c0d6c2a90e78f5cb68,2829,75.0,34.0,interior,-0.0,-0.0,-0.0,-0.0,-0.0,-0.0
4,4,loading,0.75,2737319de6d9bae8d84135ee5abfb4fbe15eac973da5e9c0d6c2a90e78f5cb68,2830,76.0,34.0,interior,-0.0,-0.0,-0.0,-0.0,-0.0,-0.0
4,4,loading,0.75,2737319de6d9bae8d84135ee5abfb4fbe15eac973da5e9c0d6c2a90e78f5cb68,2831,77.0,34.0,interior,-0.0,-0.0,-0.0,-0.0,-0.0,-0.0
4,4,loading,0.75,2737319de6d9bae8d84135ee5abfb4fbe15eac973da5e9c0d6c2a90e78f5cb68,2832,78.0,34.0,interior,-0.0,-0.0,-0.0,-0.0,-0.0,-0.0
4,4,loading,0.75,2737319de6d9bae8d84135ee5abfb4fbe15eac973da5e9c0d6c2a90e78f5cb68,2833,79.0,34.0,interior,-0.0,-0.0,-0.0,-0.0,-0.0,-0.0
4,4,loading,0.75,2737319de6d9bae8d84135ee5abfb4fbe15eac973da5e9c0d6c2a90e78f5cb68,2834,80.0,34.0,physical_only,-0.0,-0.0,-0.0,-0.0,-0.0,-0.0
4,4,loading,0.75,2737319de6d9bae8d84135ee5abfb4fbe15eac973da5e9c0d6c2a90e78f5cb68,2897,62.0,35.0,physical_only,-2.4950880782669367e-06,-6.965729013102289e-08,-1.6858873845507432e-06,3.125677912758449e-08,-8.092006937161931e-07,-1.0091406925860727e-07
4,4,loading,0.75,2737319de6d9bae8d84135ee5abfb4fbe15eac973da5e9c0d6c2a90e78f5cb68,2898,63.0,35.0,interior,-0.0,-0.0,-0.0,-0.0,-0.0,-0.0
4,4,loading,0.75,2737319de6d9bae8d84135ee5abfb4fbe15eac973da5e9c0d6c2a90e78f5cb68,2899,64.0,35.0,interior,-0.0,-0.0,-0.0,-0.0,-0.0,-0.0
4,4,loading,0.75,2737319de6d9bae8d84135ee5abfb4fbe15eac973da5e9c0d6c2a90e78f5cb68,2900,65.0,35.0,interior,-0.0,-0.0,-0.0,-0.0,-0.0,-0.0
4,4,loading,0.75,2737319de6d9bae8d84135ee5abfb4fbe15eac973da5e9c0d6c2a90e78f5cb68,2901,66.0,35.0,interior,-0.0,-0.0,-0.0,-0.0,-0.0,-0.0
4,4,loading,0.75,2737319de6d9bae8d84135ee5abfb4fbe15eac973da5e9c0d6c2a90e78f5cb68,2902,67.0,35.0,interior,-0.0,-0.0,-0.0,-0.0,-0.0,-0.0
4,4,loading,0.75,2737319de6d9bae8d84135ee5abfb4fbe15eac973da5e9c0d6c2a90e78f5cb68,2903,68.0,35.0,interior,-0.0,-0.0,-0.0,-0.0,-0.0,-0.0
4,4,loading,0.75,2737319de6d9bae8d84135ee5abfb4fbe15eac973da5e9c0d6c2a90e78f5cb68,2904,69.0,35.0,interior,-0.0,-0.0,-0.0,-0.0,-0.0,-0.0
4,4,loading,0.75,2737319de6d9bae8d84135ee5abfb4fbe15eac973da5e9c0d6c2a90e78f5cb68,2905,70.0,35.0,interior,-0.0,-0.0,-0.0,-0.0,-0.0,-0.0
4,4,loading,0.75,2737319de6d9bae8d84135ee5abfb4fbe15eac973da5e9c0d6c2a90e78f5cb68,2906,71.0,35.0,interior,-0.0,-0.0,-0.0,-0.0,-0.0,-0.0
4,4,loading,0.75,2737319de6d9bae8d84135ee5abfb4fbe15eac973da5e9c0d6c2a90e78f5cb68,2907,72.0,35.0,interior,-0.0,-0.0,-0.0,-0.0,-0.0,-0.0
4,4,loading,0.75,2737319de6d9bae8d84135ee5abfb4fbe15eac973da5e9c0d6c2a90e78f5cb68,2908,73.0,35.0,interior,-0.0,-0.0,-0.0,-0.0,-0.0,-0.0
4,4,loading,0.75,2737319de6d9bae8d84135ee5abfb4fbe15eac973da5e9c0d6c2a90e78f5cb68,2909,74.0,35.0,interior,-0.0,-0.0,-0.0,-0.0,-0.0,-0.0
4,4,loading,0.75,2737319de6d9bae8d84135ee5abfb4fbe15eac973da5e9c0d6c2a90e78f5cb68,2910,75.0,35.0,interior,-0.0,-0.0,-0.0,-0.0,-0.0,-0.0
4,4,loading,0.75,2737319de6d9bae8d84135ee5abfb4fbe15eac973da5e9c0d6c2a90e78f5cb68,2911,76.0,35.0,interior,-0.0,-0.0,-0.0,-0.0,-0.0,-0.0
4,4,loading,0.75,2737319de6d9bae8d84135ee5abfb4fbe15eac973da5e9c0d6c2a90e78f5cb68,2912,77.0,35.0,interior,-0.0,-0.0,-0.0,-0.0,-0.0,-0.0
4,4,loading,0.75,2737319de6d9bae8d84135ee5abfb4fbe15eac973da5e9c0d6c2a90e78f5cb68,2913,78.0,35.0,interior,-0.0,-0.0,-0.0,-0.0,-0.0,-0.0
4,4,loading,0.75,2737319de6d9bae8d84135ee5abfb4fbe15eac973da5e9c0d6c2a90e78f5cb68,2914,79.0,35.0,interior,-0.0,-0.0,-0.0,-0.0,-0.0,-0.0
4,4,loading,0.75,2737319de6d9bae8d84135ee5abfb4fbe15eac973da5e9c0d6c2a90e78f5cb68,2915,80.0,35.0,physical_only,-0.0,-0.0,-0.0,-0.0,-0.0,-0.0
4,4,loading,0.75,2737319de6d9bae8d84135ee5abfb4fbe15eac973da5e9c0d6c2a90e78f5cb68,2978,62.0,36.0,physical_only,-2.55167052112922e-06,1.1269830754342531e-07,-1.7260195389361016e-06,2.603118682927632e-08,-8.256509821931187e-07,8.666712071414883e-08
4,4,loading,0.75,2737319de6d9bae8d84135ee5abfb4fbe15eac973da5e9c0d6c2a90e78f5cb68,2979,63.0,36.0,interior,-0.0,-0.0,-0.0,-0.0,-0.0,-0.0
4,4,loading,0.75,2737319de6d9bae8d84135ee5abfb4fbe15eac973da5e9c0d6c2a90e78f5cb68,2980,64.0,36.0,interior,-0.0,-0.0,-0.0,-0.0,-0.0,-0.0
4,4,loading,0.75,2737319de6d9bae8d84135ee5abfb4fbe15eac973da5e9c0d6c2a90e78f5cb68,2981,65.0,36.0,interior,-0.0,-0.0,-0.0,-0.0,-0.0,-0.0
4,4,loading,0.75,2737319de6d9bae8d84135ee5abfb4fbe15eac973da5e9c0d6c2a90e78f5cb68,2982,66.0,36.0,interior,-0.0,-0.0,-0.0,-0.0,-0.0,-0.0
4,4,loading,0.75,2737319de6d9bae8d84135ee5abfb4fbe15eac973da5e9c0d6c2a90e78f5cb68,2983,67.0,36.0,interior,-0.0,-0.0,-0.0,-0.0,-0.0,-0.0
4,4,loading,0.75,2737319de6d9bae8d84135ee5abfb4fbe15eac973da5e9c0d6c2a90e78f5cb68,2984,68.0,36.0,interior,-0.0,-0.0,-0.0,-0.0,-0.0,-0.0
4,4,loading,0.75,2737319de6d9bae8d84135ee5abfb4fbe15eac973da5e9c0d6c2a90e78f5cb68,2985,69.0,36.0,interior,-0.0,-0.0,-0.0,-0.0,-0.0,-0.0
4,4,loading,0.75,2737319de6d9bae8d84135ee5abfb4fbe15eac973da5e9c0d6c2a90e78f5cb68,2986,70.0,36.0,interior,-0.0,-0.0,-0.0,-0.0,-0.0,-0.0
4,4,loading,0.75,2737319de6d9bae8d84135ee5abfb4fbe15eac973da5e9c0d6c2a90e78f5cb68,2987,71.0,36.0,interior,-0.0,-0.0,-0.0,-0.0,-0.0,-0.0
4,4,loading,0.75,2737319de6d9bae8d84135ee5abfb4fbe15eac973da5e9c0d6c2a90e78f5cb68,2988,72.0,36.0,interior,-0.0,-0.0,-0.0,-0.0,-0.0,-0.0
4,4,loading,0.75,2737319de6d9bae8d84135ee5abfb4fbe15eac973da5e9c0d6c2a90e78f5cb68,2989,73.0,36.0,interior,-0.0,-0.0,-0.0,-0.0,-0.0,-0.0
4,4,loading,0.75,2737319de6d9bae8d84135ee5abfb4fbe15eac973da5e9c0d6c2a90e78f5cb68,2990,74.0,36.0,interior,-0.0,-0.0,-0.0,-0.0,-0.0,-0.0
4,4,loading,0.75,2737319de6d9bae8d84135ee5abfb4fbe15eac973da5e9c0d6c2a90e78f5cb68,2991,75.0,36.0,interior,-0.0,-0.0,-0.0,-0.0,-0.0,-0.0
4,4,loading,0.75,2737319de6d9bae8d84135ee5abfb4fbe15eac973da5e9c0d6c2a90e78f5cb68,2992,76.0,36.0,interior,-0.0,-0.0,-0.0,-0.0,-0.0,-0.0
4,4,loading,0.75,2737319de6d9bae8d84135ee5abfb4fbe15eac973da5e9c0d6c2a90e78f5cb68,2993,77.0,36.0,interior,-0.0,-0.0,-0.0,-0.0,-0.0,-0.0
4,4,loading,0.75,2737319de6d9bae8d84135ee5abfb4fbe15eac973da5e9c0d6c2a90e78f5cb68,2994,78.0,36.0,interior,-0.0,-0.0,-0.0,-0.0,-0.0,-0.0
4,4,loading,0.75,2737319de6d9bae8d84135ee5abfb4fbe15eac973da5e9c0d6c2a90e78f5cb68,2995,79.0,36.0,interior,-0.0,-0.0,-0.0,-0.0,-0.0,-0.0
4,4,loading,0.75,2737319de6d9bae8d84135ee5abfb4fbe15eac973da5e9c0d6c2a90e78f5cb68,2996,80.0,36.0,physical_only,-0.0,-0.0,-0.0,-0.0,-0.0,-0.0
4,4,loading,0.75,2737319de6d9bae8d84135ee5abfb4fbe15eac973da5e9c0d6c2a90e78f5cb68,3059,62.0,37.0,physical_only,-2.6709313363997922e-06,1.6616129753361392e-07,-1.7582654745829282e-06,2.0490553339075747e-08,-9.126658618168645e-07,1.4567074419453817e-07
4,4,loading,0.75,2737319de6d9bae8d84135ee5abfb4fbe15eac973da5e9c0d6c2a90e78f5cb68,3060,63.0,37.0,interior,-0.0,-0.0,-0.0,-0.0,-0.0,-0.0
4,4,loading,0.75,2737319de6d9bae8d84135ee5abfb4fbe15eac973da5e9c0d6c2a90e78f5cb68,3061,64.0,37.0,interior,-0.0,-0.0,-0.0,-0.0,-0.0,-0.0
4,4,loading,0.75,2737319de6d9bae8d84135ee5abfb4fbe15eac973da5e9c0d6c2a90e78f5cb68,3062,65.0,37.0,interior,-0.0,-0.0,-0.0,-0.0,-0.0,-0.0
4,4,loading,0.75,2737319de6d9bae8d84135ee5abfb4fbe15eac973da5e9c0d6c2a90e78f5cb68,3063,66.0,37.0,interior,-0.0,-0.0,-0.0,-0.0,-0.0,-0.0
4,4,loading,0.75,2737319de6d9bae8d84135ee5abfb4fbe15eac973da5e9c0d6c2a90e78f5cb68,3064,67.0,37.0,interior,-0.0,-0.0,-0.0,-0.0,-0.0,-0.0
4,4,loading,0.75,2737319de6d9bae8d84135ee5abfb4fbe15eac973da5e9c0d6c2a90e78f5cb68,3065,68.0,37.0,interior,-0.0,-0.0,-0.0,-0.0,-0.0,-0.0
4,4,loading,0.75,2737319de6d9bae8d84135ee5abfb4fbe15eac973da5e9c0d6c2a90e78f5cb68,3066,69.0,37.0,interior,-0.0,-0.0,-0.0,-0.0,-0.0,-0.0
4,4,loading,0.75,2737319de6d9bae8d84135ee5abfb4fbe15eac973da5e9c0d6c2a90e78f5cb68,3067,70.0,37.0,interior,-0.0,-0.0,-0.0,-0.0,-0.0,-0.0
4,4,loading,0.75,2737319de6d9bae8d84135ee5abfb4fbe15eac973da5e9c0d6c2a90e78f5cb68,3068,71.0,37.0,interior,-0.0,-0.0,-0.0,-0.0,-0.0,-0.0
4,4,loading,0.75,2737319de6d9bae8d84135ee5abfb4fbe15eac973da5e9c0d6c2a90e78f5cb68,3069,72.0,37.0,interior,-0.0,-0.0,-0.0,-0.0,-0.0,-0.0
4,4,loading,0.75,2737319de6d9bae8d84135ee5abfb4fbe15eac973da5e9c0d6c2a90e78f5cb68,3070,73.0,37.0,interior,-0.0,-0.0,-0.0,-0.0,-0.0,-0.0
4,4,loading,0.75,2737319de6d9bae8d84135ee5abfb4fbe15eac973da5e9c0d6c2a90e78f5cb68,3071,74.0,37.0,interior,-0.0,-0.0,-0.0,-0.0,-0.0,-0.0
4,4,loading,0.75,2737319de6d9bae8d84135ee5abfb4fbe15eac973da5e9c0d6c2a90e78f5cb68,3072,75.0,37.0,interior,-0.0,-0.0,-0.0,-0.0,-0.0,-0.0
4,4,loading,0.75,2737319de6d9bae8d84135ee5abfb4fbe15eac973da5e9c0d6c2a90e78f5cb68,3073,76.0,37.0,interior,-0.0,-0.0,-0.0,-0.0,-0.0,-0.0
4,4,loading,0.75,2737319de6d9bae8d84135ee5abfb4fbe15eac973da5e9c0d6c2a90e78f5cb68,3074,77.0,37.0,interior,-0.0,-0.0,-0.0,-0.0,-0.0,-0.0
4,4,loading,0.75,2737319de6d9bae8d84135ee5abfb4fbe15eac973da5e9c0d6c2a90e78f5cb68,3075,78.0,37.0,interior,-0.0,-0.0,-0.0,-0.0,-0.0,-0.0
4,4,loading,0.75,2737319de6d9bae8d84135ee5abfb4fbe15eac973da5e9c0d6c2a90e78f5cb68,3076,79.0,37.0,interior,-0.0,-0.0,-0.0,-0.0,-0.0,-0.0
4,4,loading,0.75,2737319de6d9bae8d84135ee5abfb4fbe15eac973da5e9c0d6c2a90e78f5cb68,3077,80.0,37.0,physical_only,-0.0,-0.0,-0.0,-0.0,-0.0,-0.0
4,4,loading,0.75,2737319de6d9bae8d84135ee5abfb4fbe15eac973da5e9c0d6c2a90e78f5cb68,3140,62.0,38.0,physical_only,-2.7763362568022683e-06,1.3964667351491738e-07,-1.7820587397079662e-06,1.4227949418595014e-08,-9.942775170943017e-07,1.2541872409632241e-07
4,4,loading,0.75,2737319de6d9bae8d84135ee5abfb4fbe15eac973da5e9c0d6c2a90e78f5cb68,3141,63.0,38.0,interior,-0.0,-0.0,-0.0,-0.0,-0.0,-0.0
4,4,loading,0.75,2737319de6d9bae8d84135ee5abfb4fbe15eac973da5e9c0d6c2a90e78f5cb68,3142,64.0,38.0,interior,-0.0,-0.0,-0.0,-0.0,-0.0,-0.0
4,4,loading,0.75,2737319de6d9bae8d84135ee5abfb4fbe15eac973da5e9c0d6c2a90e78f5cb68,3143,65.0,38.0,interior,-0.0,-0.0,-0.0,-0.0,-0.0,-0.0
4,4,loading,0.75,2737319de6d9bae8d84135ee5abfb4fbe15eac973da5e9c0d6c2a90e78f5cb68,3144,66.0,38.0,interior,-0.0,-0.0,-0.0,-0.0,-0.0,-0.0
4,4,loading,0.75,2737319de6d9bae8d84135ee5abfb4fbe15eac973da5e9c0d6c2a90e78f5cb68,3145,67.0,38.0,interior,-0.0,-0.0,-0.0,-0.0,-0.0,-0.0
4,4,loading,0.75,2737319de6d9bae8d84135ee5abfb4fbe15eac973da5e9c0d6c2a90e78f5cb68,3146,68.0,38.0,interior,-0.0,-0.0,-0.0,-0.0,-0.0,-0.0
4,4,loading,0.75,2737319de6d9bae8d84135ee5abfb4fbe15eac973da5e9c0d6c2a90e78f5cb68,3147,69.0,38.0,interior,-0.0,-0.0,-0.0,-0.0,-0.0,-0.0
4,4,loading,0.75,2737319de6d9bae8d84135ee5abfb4fbe15eac973da5e9c0d6c2a90e78f5cb68,3148,70.0,38.0,interior,-0.0,-0.0,-0.0,-0.0,-0.0,-0.0
4,4,loading,0.75,2737319de6d9bae8d84135ee5abfb4fbe15eac973da5e9c0d6c2a90e78f5cb68,3149,71.0,38.0,interior,-0.0,-0.0,-0.0,-0.0,-0.0,-0.0
4,4,loading,0.75,2737319de6d9bae8d84135ee5abfb4fbe15eac973da5e9c0d6c2a90e78f5cb68,3150,72.0,38.0,interior,-0.0,-0.0,-0.0,-0.0,-0.0,-0.0
4,4,loading,0.75,2737319de6d9bae8d84135ee5abfb4fbe15eac973da5e9c0d6c2a90e78f5cb68,3151,73.0,38.0,interior,-0.0,-0.0,-0.0,-0.0,-0.0,-0.0
4,4,loading,0.75,2737319de6d9bae8d84135ee5abfb4fbe15eac973da5e9c0d6c2a90e78f5cb68,3152,74.0,38.0,interior,-0.0,-0.0,-0.0,-0.0,-0.0,-0.0
4,4,loading,0.75,2737319de6d9bae8d84135ee5abfb4fbe15eac973da5e9c0d6c2a90e78f5cb68,3153,75.0,38.0,interior,-0.0,-0.0,-0.0,-0.0,-0.0,-0.0
4,4,loading,0.75,2737319de6d9bae8d84135ee5abfb4fbe15eac973da5e9c0d6c2a90e78f5cb68,3154,76.0,38.0,interior,-0.0,-0.0,-0.0,-0.0,-0.0,-0.0
4,4,loading,0.75,2737319de6d9bae8d84135ee5abfb4fbe15eac973da5e9c0d6c2a90e78f5cb68,3155,77.0,38.0,interior,-0.0,-0.0,-0.0,-0.0,-0.0,-0.0
4,4,loading,0.75,2737319de6d9bae8d84135ee5abfb4fbe15eac973da5e9c0d6c2a90e78f5cb68,3156,78.0,38.0,interior,-0.0,-0.0,-0.0,-0.0,-0.0,-0.0
4,4,loading,0.75,2737319de6d9bae8d84135ee5abfb4fbe15eac973da5e9c0d6c2a90e78f5cb68,3157,79.0,38.0,interior,-0.0,-0.0,-0.0,-0.0,-0.0,-0.0
4,4,loading,0.75,2737319de6d9bae8d84135ee5abfb4fbe15eac973da5e9c0d6c2a90e78f5cb68,3158,80.0,38.0,physical_only,-0.0,-0.0,-0.0,-0.0,-0.0,-0.0
4,4,loading,0.75,2737319de6d9bae8d84135ee5abfb4fbe15eac973da5e9c0d6c2a90e78f5cb68,3221,62.0,39.0,physical_only,-2.8401104569252335e-06,7.582109392538619e-08,-1.7966796120598774e-06,7.300779959150026e-09,-1.0434308448653565e-06,6.852031396623606e-08
4,4,loading,0.75,2737319de6d9bae8d84135ee5abfb4fbe15eac973da5e9c0d6c2a90e78f5cb68,3222,63.0,39.0,interior,-0.0,-0.0,-0.0,-0.0,-0.0,-0.0
4,4,loading,0.75,2737319de6d9bae8d84135ee5abfb4fbe15eac973da5e9c0d6c2a90e78f5cb68,3223,64.0,39.0,interior,-0.0,-0.0,-0.0,-0.0,-0.0,-0.0
4,4,loading,0.75,2737319de6d9bae8d84135ee5abfb4fbe15eac973da5e9c0d6c2a90e78f5cb68,3224,65.0,39.0,interior,-0.0,-0.0,-0.0,-0.0,-0.0,-0.0
4,4,loading,0.75,2737319de6d9bae8d84135ee5abfb4fbe15eac973da5e9c0d6c2a90e78f5cb68,3225,66.0,39.0,interior,-0.0,-0.0,-0.0,-0.0,-0.0,-0.0
4,4,loading,0.75,2737319de6d9bae8d84135ee5abfb4fbe15eac973da5e9c0d6c2a90e78f5cb68,3226,67.0,39.0,interior,-0.0,-0.0,-0.0,-0.0,-0.0,-0.0
4,4,loading,0.75,2737319de6d9bae8d84135ee5abfb4fbe15eac973da5e9c0d6c2a90e78f5cb68,3227,68.0,39.0,interior,-0.0,-0.0,-0.0,-0.0,-0.0,-0.0
4,4,loading,0.75,2737319de6d9bae8d84135ee5abfb4fbe15eac973da5e9c0d6c2a90e78f5cb68,3228,69.0,39.0,interior,-0.0,-0.0,-0.0,-0.0,-0.0,-0.0
4,4,loading,0.75,2737319de6d9bae8d84135ee5abfb4fbe15eac973da5e9c0d6c2a90e78f5cb68,3229,70.0,39.0,interior,-0.0,-0.0,-0.0,-0.0,-0.0,-0.0
4,4,loading,0.75,2737319de6d9bae8d84135ee5abfb4fbe15eac973da5e9c0d6c2a90e78f5cb68,3230,71.0,39.0,interior,-0.0,-0.0,-0.0,-0.0,-0.0,-0.0
4,4,loading,0.75,2737319de6d9bae8d84135ee5abfb4fbe15eac973da5e9c0d6c2a90e78f5cb68,3231,72.0,39.0,interior,-0.0,-0.0,-0.0,-0.0,-0.0,-0.0
4,4,loading,0.75,2737319de6d9bae8d84135ee5abfb4fbe15eac973da5e9c0d6c2a90e78f5cb68,3232,73.0,39.0,interior,-0.0,-0.0,-0.0,-0.0,-0.0,-0.0
4,4,loading,0.75,2737319de6d9bae8d84135ee5abfb4fbe15eac973da5e9c0d6c2a90e78f5cb68,3233,74.0,39.0,interior,-0.0,-0.0,-0.0,-0.0,-0.0,-0.0
4,4,loading,0.75,2737319de6d9bae8d84135ee5abfb4fbe15eac973da5e9c0d6c2a90e78f5cb68,3234,75.0,39.0,interior,-0.0,-0.0,-0.0,-0.0,-0.0,-0.0
4,4,loading,0.75,2737319de6d9bae8d84135ee5abfb4fbe15eac973da5e9c0d6c2a90e78f5cb68,3235,76.0,39.0,interior,-0.0,-0.0,-0.0,-0.0,-0.0,-0.0
4,4,loading,0.75,2737319de6d9bae8d84135ee5abfb4fbe15eac973da5e9c0d6c2a90e78f5cb68,3236,77.0,39.0,interior,-0.0,-0.0,-0.0,-0.0,-0.0,-0.0
4,4,loading,0.75,2737319de6d9bae8d84135ee5abfb4fbe15eac973da5e9c0d6c2a90e78f5cb68,3237,78.0,39.0,interior,-0.0,-0.0,-0.0,-0.0,-0.0,-0.0
4,4,loading,0.75,2737319de6d9bae8d84135ee5abfb4fbe15eac973da5e9c0d6c2a90e78f5cb68,3238,79.0,39.0,interior,-0.0,-0.0,-0.0,-0.0,-0.0,-0.0
4,4,loading,0.75,2737319de6d9bae8d84135ee5abfb4fbe15eac973da5e9c0d6c2a90e78f5cb68,3239,80.0,39.0,physical_only,-0.0,-0.0,-0.0,-0.0,-0.0,-0.0
4,4,loading,0.75,2737319de6d9bae8d84135ee5abfb4fbe15eac973da5e9c0d6c2a90e78f5cb68,3302,62.0,40.0,physical_and_cut,-1.430301591787508e-06,-1.4793911521992555e-06,-9.008066317314552e-07,-4.0619589487444183e-07,-5.294949600560528e-07,-1.0731952573248136e-06
4,4,loading,0.75,2737319de6d9bae8d84135ee5abfb4fbe15eac973da5e9c0d6c2a90e78f5cb68,3303,63.0,40.0,cut_only,-0.0,-0.0,-0.0,-0.0,-0.0,-0.0
4,4,loading,0.75,2737319de6d9bae8d84135ee5abfb4fbe15eac973da5e9c0d6c2a90e78f5cb68,3304,64.0,40.0,cut_only,-0.0,-0.0,-0.0,-0.0,-0.0,-0.0
4,4,loading,0.75,2737319de6d9bae8d84135ee5abfb4fbe15eac973da5e9c0d6c2a90e78f5cb68,3305,65.0,40.0,cut_only,-0.0,-0.0,-0.0,-0.0,-0.0,-0.0
4,4,loading,0.75,2737319de6d9bae8d84135ee5abfb4fbe15eac973da5e9c0d6c2a90e78f5cb68,3306,66.0,40.0,cut_only,-0.0,-0.0,-0.0,-0.0,-0.0,-0.0
4,4,loading,0.75,2737319de6d9bae8d84135ee5abfb4fbe15eac973da5e9c0d6c2a90e78f5cb68,3307,67.0,40.0,cut_only,-0.0,-0.0,-0.0,-0.0,-0.0,-0.0
4,4,loading,0.75,2737319de6d9bae8d84135ee5abfb4fbe15eac973da5e9c0d6c2a90e78f5cb68,3308,68.0,40.0,cut_only,-0.0,-0.0,-0.0,-0.0,-0.0,-0.0
4,4,loading,0.75,2737319de6d9bae8d84135ee5abfb4fbe15eac973da5e9c0d6c2a90e78f5cb68,3309,69.0,40.0,cut_only,-0.0,-0.0,-0.0,-0.0,-0.0,-0.0
4,4,loading,0.75,2737319de6d9bae8d84135ee5abfb4fbe15eac973da5e9c0d6c2a90e78f5cb68,3310,70.0,40.0,cut_only,-0.0,-0.0,-0.0,-0.0,-0.0,-0.0
4,4,loading,0.75,2737319de6d9bae8d84135ee5abfb4fbe15eac973da5e9c0d6c2a90e78f5cb68,3311,71.0,40.0,cut_only,-0.0,-0.0,-0.0,-0.0,-0.0,-0.0
4,4,loading,0.75,2737319de6d9bae8d84135ee5abfb4fbe15eac973da5e9c0d6c2a90e78f5cb68,3312,72.0,40.0,cut_only,-0.0,-0.0,-0.0,-0.0,-0.0,-0.0
4,4,loading,0.75,2737319de6d9bae8d84135ee5abfb4fbe15eac973da5e9c0d6c2a90e78f5cb68,3313,73.0,40.0,cut_only,-0.0,-0.0,-0.0,-0.0,-0.0,-0.0
4,4,loading,0.75,2737319de6d9bae8d84135ee5abfb4fbe15eac973da5e9c0d6c2a90e78f5cb68,3314,74.0,40.0,cut_only,-0.0,-0.0,-0.0,-0.0,-0.0,-0.0
4,4,loading,0.75,2737319de6d9bae8d84135ee5abfb4fbe15eac973da5e9c0d6c2a90e78f5cb68,3315,75.0,40.0,cut_only,-0.0,-0.0,-0.0,-0.0,-0.0,-0.0
4,4,loading,0.75,2737319de6d9bae8d84135ee5abfb4fbe15eac973da5e9c0d6c2a90e78f5cb68,3316,76.0,40.0,cut_only,-0.0,-0.0,-0.0,-0.0,-0.0,-0.0
4,4,loading,0.75,2737319de6d9bae8d84135ee5abfb4fbe15eac973da5e9c0d6c2a90e78f5cb68,3317,77.0,40.0,cut_only,-0.0,-0.0,-0.0,-0.0,-0.0,-0.0
4,4,loading,0.75,2737319de6d9bae8d84135ee5abfb4fbe15eac973da5e9c0d6c2a90e78f5cb68,3318,78.0,40.0,cut_only,-0.0,-0.0,-0.0,-0.0,-0.0,-0.0
4,4,loading,0.75,2737319de6d9bae8d84135ee5abfb4fbe15eac973da5e9c0d6c2a90e78f5cb68,3319,79.0,40.0,cut_only,-0.0,-0.0,-0.0,-0.0,-0.0,-0.0
4,4,loading,0.75,2737319de6d9bae8d84135ee5abfb4fbe15eac973da5e9c0d6c2a90e78f5cb68,3320,80.0,40.0,physical_and_cut,-0.0,-0.0,-0.0,-0.0,-0.0,-0.0
5,5,loading,0.8,3e84fc2748c4f9b24ad0962e7f0049b23a145ce2bc5c40e836a132aba8872d3f,2573,62.0,31.0,physical_only,-0.0004062818506043529,-5.1305813095979256e-05,-2.6892889085938864e-06,2.9315172669365825e-06,-0.00040359256169575906,-5.423733036291581e-05
5,5,loading,0.8,3e84fc2748c4f9b24ad0962e7f0049b23a145ce2bc5c40e836a132aba8872d3f,2574,63.0,31.0,physical_only,1.3967885080924326e-07,-4.8173588459414e-05,-1.477103988985022e-06,3.3445621298943947e-06,1.616782839794265e-06,-5.15181505893084e-05
5,5,loading,0.8,3e84fc2748c4f9b24ad0962e7f0049b23a145ce2bc5c40e836a132aba8872d3f,2575,64.0,31.0,physical_only,2.1995402875826587e-06,-6.35782540940937e-05,-1.5074947926000984e-06,4.265597540366634e-06,3.707035080182757e-06,-6.784385163446032e-05
5,5,loading,0.8,3e84fc2748c4f9b24ad0962e7f0049b23a145ce2bc5c40e836a132aba8872d3f,2576,65.0,31.0,physical_only,2.756083388247061e-06,-8.468133382152405e-05,-1.5453013877347061e-06,5.3107526861708065e-06,4.3013847759817675e-06,-8.999208650769484e-05
5,5,loading,0.8,3e84fc2748c4f9b24ad0962e7f0049b23a145ce2bc5c40e836a132aba8872d3f,2577,66.0,31.0,physical_only,1.8174820548525237e-06,-0.00010921971130453337,-1.5904970250667538e-06,6.517079087361981e-06,3.4079790799192775e-06,-0.0001157367903918954
5,5,loading,0.8,3e84fc2748c4f9b24ad0962e7f0049b23a145ce2bc5c40e836a132aba8872d3f,2578,67.0,31.0,physical_only,3.8335238144045667e-07,-0.00013680053981197416,-1.6417897350903122e-06,7.926151216858178e-06,2.025142116530768e-06,-0.00014472669102883232
5,5,loading,0.8,3e84fc2748c4f9b24ad0962e7f0049b23a145ce2bc5c40e836a132aba8872d3f,2579,68.0,31.0,physical_only,3.7897917539191415e-07,-0.0001697467423059884,-1.6991436551076253e-06,9.587766009059124e-06,2.0781228304995416e-06,-0.00017933450831504757
5,5,loading,0.8,3e84fc2748c4f9b24ad0962e7f0049b23a145ce2bc5c40e836a132aba8872d3f,2580,69.0,31.0,physical_only,8.220988420758204e-08,-0.000210242774651754,-1.7637834427251888e-06,1.1567184664971895e-05,1.8459933269327725e-06,-0.0002218099593167259
5,5,loading,0.8,3e84fc2748c4f9b24ad0962e7f0049b23a145ce2bc5c40e836a132aba8872d3f,2581,70.0,31.0,physical_only,-3.8252529159056036e-07,-0.00025856597128744965,-1.8380602391012178e-06,1.395412935398202e-05,1.4555349475106547e-06,-0.0002725201006414319
5,5,loading,0.8,3e84fc2748c4f9b24ad0962e7f0049b23a145ce2bc5c40e836a132aba8872d3f,2582,71.0,31.0,physical_only,-1.009602271727675e-06,-0.00031577687827985556,-1.924990059098776e-06,1.6874338159230393e-05,9.153877873711e-07,-0.00033265121643908583
5,5,loading,0.8,3e84fc2748c4f9b24ad0962e7f0049b23a145ce2bc5c40e836a132aba8872d3f,2583,72.0,31.0,physical_only,-1.6904425245820002e-06,-0.0003830108984564577,-2.0289696214189876e-06,2.050897541882307e-05,3.3852709683699164e-07,-0.0004035198738752809
5,5,loading,0.8,3e84fc2748c4f9b24ad0962e7f0049b23a145ce2bc5c40e836a132aba8872d3f,2584,73.0,31.0,physical_only,-2.5700528169146814e-06,-0.00046011963340090653,-2.1562493476578466e-06,2.5127136716236837e-05,-4.1380346925683304e-07,-0.0004852467701171436
5,5,loading,0.8,3e84fc2748c4f9b24ad0962e7f0049b23a145ce2bc5c40e836a132aba8872d3f,2585,74.0,31.0,physical_only,1.4940455522512813e-06,-0.000550700436874415,-2.3172464211086953e-06,3.114667595391719e-05,3.811291973359977e-06,-0.0005818471128283317
5,5,loading,0.8,3e84fc2748c4f9b24ad0962e7f0049b23a145ce2bc5c40e836a132aba8872d3f,2586,75.0,31.0,physical_only,1.0033493390918006e-05,-0.0006674997825728952,-2.53108446631402e-06,3.926190333888245e-05,1.2564577857232019e-05,-0.0007067616859117777
5,5,loading,0.8,3e84fc2748c4f9b24ad0962e7f0049b23a145ce2bc5c40e836a132aba8872d3f,2587,76.0,31.0,physical_only,1.960147800872271e-05,-0.0008269195635122501,-2.834146714164585e-06,5.07316771534962e-05,2.2435624722887297e-05,-0.0008776512406657461
5,5,loading,0.8,3e84fc2748c4f9b24ad0962e7f0049b23a145ce2bc5c40e836a132aba8872d3f,2588,77.0,31.0,physical_only,1.6359286113936414e-05,-0.001017291162323821,-3.2911758179209973e-06,6.804479429014513e-05,1.9650461931857406e-05,-0.0010853359566139658
5,5,loading,0.8,3e84fc2748c4f9b24ad0962e7f0049b23a145ce2bc5c40e836a132aba8872d3f,2589,78.0,31.0,physical_only,8.829592494358636e-06,-0.001223511879039704,-4.036585283592916e-06,9.671941350930702e-05,1.2866177777951548e-05,-0.001320231292549011
5,5,loading,0.8,3e84fc2748c4f9b24ad0962e7f0049b23a145ce2bc5c40e836a132aba8872d3f,2590,79.0,31.0,physical_only,-6.826272486778765e-06,-0.0012063058784688614,-5.344285773069018e-06,0.00015086704203782884,-1.4819867137097432e-06,-0.0013571729205066902
5,5,loading,0.8,3e84fc2748c4f9b24ad0962e7f0049b23a145ce2bc5c40e836a132aba8872d3f,2591,80.0,31.0,physical_only,-9.462479764222612e-05,0.008595377300469534,4.3666819013993645e-06,6.961751972662776e-05,-9.899147954362549e-05,0.008525759780742905
5,5,loading,0.8,3e84fc2748c4f9b24ad0962e7f0049b23a145ce2bc5c40e836a132aba8872d3f,2654,62.0,32.0,physical_only,-4.696113729393667e-06,-1.3164051075875387e-06,-1.5625617557827327e-06,6.007384504218521e-08,-3.1335519736109345e-06,-1.3764789526297243e-06
5,5,loading,0.8,3e84fc2748c4f9b24ad0962e7f0049b23a145ce2bc5c40e836a132aba8872d3f,2655,63.0,32.0,interior,-0.0,-0.0,-0.0,-0.0,-0.0,-0.0
5,5,loading,0.8,3e84fc2748c4f9b24ad0962e7f0049b23a145ce2bc5c40e836a132aba8872d3f,2656,64.0,32.0,interior,-0.0,-0.0,-0.0,-0.0,-0.0,-0.0
5,5,loading,0.8,3e84fc2748c4f9b24ad0962e7f0049b23a145ce2bc5c40e836a132aba8872d3f,2657,65.0,32.0,interior,-0.0,-0.0,-0.0,-0.0,-0.0,-0.0
5,5,loading,0.8,3e84fc2748c4f9b24ad0962e7f0049b23a145ce2bc5c40e836a132aba8872d3f,2658,66.0,32.0,interior,-0.0,-0.0,-0.0,-0.0,-0.0,-0.0
5,5,loading,0.8,3e84fc2748c4f9b24ad0962e7f0049b23a145ce2bc5c40e836a132aba8872d3f,2659,67.0,32.0,interior,-0.0,-0.0,-0.0,-0.0,-0.0,-0.0
5,5,loading,0.8,3e84fc2748c4f9b24ad0962e7f0049b23a145ce2bc5c40e836a132aba8872d3f,2660,68.0,32.0,interior,-0.0,-0.0,-0.0,-0.0,-0.0,-0.0
5,5,loading,0.8,3e84fc2748c4f9b24ad0962e7f0049b23a145ce2bc5c40e836a132aba8872d3f,2661,69.0,32.0,interior,-0.0,-0.0,-0.0,-0.0,-0.0,-0.0
5,5,loading,0.8,3e84fc2748c4f9b24ad0962e7f0049b23a145ce2bc5c40e836a132aba8872d3f,2662,70.0,32.0,interior,-0.0,-0.0,-0.0,-0.0,-0.0,-0.0
5,5,loading,0.8,3e84fc2748c4f9b24ad0962e7f0049b23a145ce2bc5c40e836a132aba8872d3f,2663,71.0,32.0,interior,-0.0,-0.0,-0.0,-0.0,-0.0,-0.0
5,5,loading,0.8,3e84fc2748c4f9b24ad0962e7f0049b23a145ce2bc5c40e836a132aba8872d3f,2664,72.0,32.0,interior,-0.0,-0.0,-0.0,-0.0,-0.0,-0.0
5,5,loading,0.8,3e84fc2748c4f9b24ad0962e7f0049b23a145ce2bc5c40e836a132aba8872d3f,2665,73.0,32.0,interior,-0.0,-0.0,-0.0,-0.0,-0.0,-0.0
5,5,loading,0.8,3e84fc2748c4f9b24ad0962e7f0049b23a145ce2bc5c40e836a132aba8872d3f,2666,74.0,32.0,interior,-0.0,-0.0,-0.0,-0.0,-0.0,-0.0
5,5,loading,0.8,3e84fc2748c4f9b24ad0962e7f0049b23a145ce2bc5c40e836a132aba8872d3f,2667,75.0,32.0,interior,-0.0,-0.0,-0.0,-0.0,-0.0,-0.0
5,5,loading,0.8,3e84fc2748c4f9b24ad0962e7f0049b23a145ce2bc5c40e836a132aba8872d3f,2668,76.0,32.0,interior,-0.0,-0.0,-0.0,-0.0,-0.0,-0.0
5,5,loading,0.8,3e84fc2748c4f9b24ad0962e7f0049b23a145ce2bc5c40e836a132aba8872d3f,2669,77.0,32.0,interior,-0.0,-0.0,-0.0,-0.0,-0.0,-0.0
5,5,loading,0.8,3e84fc2748c4f9b24ad0962e7f0049b23a145ce2bc5c40e836a132aba8872d3f,2670,78.0,32.0,interior,-0.0,-0.0,-0.0,-0.0,-0.0,-0.0
5,5,loading,0.8,3e84fc2748c4f9b24ad0962e7f0049b23a145ce2bc5c40e836a132aba8872d3f,2671,79.0,32.0,interior,-0.0,-0.0,-0.0,-0.0,-0.0,-0.0
5,5,loading,0.8,3e84fc2748c4f9b24ad0962e7f0049b23a145ce2bc5c40e836a132aba8872d3f,2672,80.0,32.0,physical_only,-0.0,-0.0,-0.0,-0.0,-0.0,-0.0
5,5,loading,0.8,3e84fc2748c4f9b24ad0962e7f0049b23a145ce2bc5c40e836a132aba8872d3f,2735,62.0,33.0,physical_only,-3.3971046063615416e-06,-8.71860905255963e-07,-1.6434966840502818e-06,4.566152561199361e-08,-1.7536079223112594e-06,-9.175224308679563e-07
5,5,loading,0.8,3e84fc2748c4f9b24ad0962e7f0049b23a145ce2bc5c40e836a132aba8872d3f,2736,63.0,33.0,interior,-0.0,-0.0,-0.0,-0.0,-0.0,-0.0
5,5,loading,0.8,3e84fc2748c4f9b24ad0962e7f0049b23a145ce2bc5c40e836a132aba8872d3f,2737,64.0,33.0,interior,-0.0,-0.0,-0.0,-0.0,-0.0,-0.0
5,5,loading,0.8,3e84fc2748c4f9b24ad0962e7f0049b23a145ce2bc5c40e836a132aba8872d3f,2738,65.0,33.0,interior,-0.0,-0.0,-0.0,-0.0,-0.0,-0.0
5,5,loading,0.8,3e84fc2748c4f9b24ad0962e7f0049b23a145ce2bc5c40e836a132aba8872d3f,2739,66.0,33.0,interior,-0.0,-0.0,-0.0,-0.0,-0.0,-0.0
5,5,loading,0.8,3e84fc2748c4f9b24ad0962e7f0049b23a145ce2bc5c40e836a132aba8872d3f,2740,67.0,33.0,interior,-0.0,-0.0,-0.0,-0.0,-0.0,-0.0
5,5,loading,0.8,3e84fc2748c4f9b24ad0962e7f0049b23a145ce2bc5c40e836a132aba8872d3f,2741,68.0,33.0,interior,-0.0,-0.0,-0.0,-0.0,-0.0,-0.0
5,5,loading,0.8,3e84fc2748c4f9b24ad0962e7f0049b23a145ce2bc5c40e836a132aba8872d3f,2742,69.0,33.0,interior,-0.0,-0.0,-0.0,-0.0,-0.0,-0.0
5,5,loading,0.8,3e84fc2748c4f9b24ad0962e7f0049b23a145ce2bc5c40e836a132aba8872d3f,2743,70.0,33.0,interior,-0.0,-0.0,-0.0,-0.0,-0.0,-0.0
5,5,loading,0.8,3e84fc2748c4f9b24ad0962e7f0049b23a145ce2bc5c40e836a132aba8872d3f,2744,71.0,33.0,interior,-0.0,-0.0,-0.0,-0.0,-0.0,-0.0
5,5,loading,0.8,3e84fc2748c4f9b24ad0962e7f0049b23a145ce2bc5c40e836a132aba8872d3f,2745,72.0,33.0,interior,-0.0,-0.0,-0.0,-0.0,-0.0,-0.0
5,5,loading,0.8,3e84fc2748c4f9b24ad0962e7f0049b23a145ce2bc5c40e836a132aba8872d3f,2746,73.0,33.0,interior,-0.0,-0.0,-0.0,-0.0,-0.0,-0.0
5,5,loading,0.8,3e84fc2748c4f9b24ad0962e7f0049b23a145ce2bc5c40e836a132aba8872d3f,2747,74.0,33.0,interior,-0.0,-0.0,-0.0,-0.0,-0.0,-0.0
5,5,loading,0.8,3e84fc2748c4f9b24ad0962e7f0049b23a145ce2bc5c40e836a132aba8872d3f,2748,75.0,33.0,interior,-0.0,-0.0,-0.0,-0.0,-0.0,-0.0
5,5,loading,0.8,3e84fc2748c4f9b24ad0962e7f0049b23a145ce2bc5c40e836a132aba8872d3f,2749,76.0,33.0,interior,-0.0,-0.0,-0.0,-0.0,-0.0,-0.0
5,5,loading,0.8,3e84fc2748c4f9b24ad0962e7f0049b23a145ce2bc5c40e836a132aba8872d3f,2750,77.0,33.0,interior,-0.0,-0.0,-0.0,-0.0,-0.0,-0.0
5,5,loading,0.8,3e84fc2748c4f9b24ad0962e7f0049b23a145ce2bc5c40e836a132aba8872d3f,2751,78.0,33.0,interior,-0.0,-0.0,-0.0,-0.0,-0.0,-0.0
5,5,loading,0.8,3e84fc2748c4f9b24ad0962e7f0049b23a145ce2bc5c40e836a132aba8872d3f,2752,79.0,33.0,interior,-0.0,-0.0,-0.0,-0.0,-0.0,-0.0
5,5,loading,0.8,3e84fc2748c4f9b24ad0962e7f0049b23a145ce2bc5c40e836a132aba8872d3f,2753,80.0,33.0,physical_only,-0.0,-0.0,-0.0,-0.0,-0.0,-0.0
5,5,loading,0.8,3e84fc2748c4f9b24ad0962e7f0049b23a145ce2bc5c40e836a132aba8872d3f,2816,62.0,34.0,physical_only,-2.8034798867051444e-06,-4.1100182907028587e-07,-1.7073997346012346e-06,3.684152031349469e-08,-1.0960801521039102e-06,-4.4784334938378067e-07
5,5,loading,0.8,3e84fc2748c4f9b24ad0962e7f0049b23a145ce2bc5c40e836a132aba8872d3f,2817,63.0,34.0,interior,-0.0,-0.0,-0.0,-0.0,-0.0,-0.0
5,5,loading,0.8,3e84fc2748c4f9b24ad0962e7f0049b23a145ce2bc5c40e836a132aba8872d3f,2818,64.0,34.0,interior,-0.0,-0.0,-0.0,-0.0,-0.0,-0.0
5,5,loading,0.8,3e84fc2748c4f9b24ad0962e7f0049b23a145ce2bc5c40e836a132aba8872d3f,2819,65.0,34.0,interior,-0.0,-0.0,-0.0,-0.0,-0.0,-0.0
5,5,loading,0.8,3e84fc2748c4f9b24ad0962e7f0049b23a145ce2bc5c40e836a132aba8872d3f,2820,66.0,34.0,interior,-0.0,-0.0,-0.0,-0.0,-0.0,-0.0
5,5,loading,0.8,3e84fc2748c4f9b24ad0962e7f0049b23a145ce2bc5c40e836a132aba8872d3f,2821,67.0,34.0,interior,-0.0,-0.0,-0.0,-0.0,-0.0,-0.0
5,5,loading,0.8,3e84fc2748c4f9b24ad0962e7f0049b23a145ce2bc5c40e836a132aba8872d3f,2822,68.0,34.0,interior,-0.0,-0.0,-0.0,-0.0,-0.0,-0.0
5,5,loading,0.8,3e84fc2748c4f9b24ad0962e7f0049b23a145ce2bc5c40e836a132aba8872d3f,2823,69.0,34.0,interior,-0.0,-0.0,-0.0,-0.0,-0.0,-0.0
5,5,loading,0.8,3e84fc2748c4f9b24ad0962e7f0049b23a145ce2bc5c40e836a132aba8872d3f,2824,70.0,34.0,interior,-0.0,-0.0,-0.0,-0.0,-0.0,-0.0
5,5,loading,0.8,3e84fc2748c4f9b24ad0962e7f0049b23a145ce2bc5c40e836a132aba8872d3f,2825,71.0,34.0,interior,-0.0,-0.0,-0.0,-0.0,-0.0,-0.0
5,5,loading,0.8,3e84fc2748c4f9b24ad0962e7f0049b23a145ce2bc5c40e836a132aba8872d3f,2826,72.0,34.0,interior,-0.0,-0.0,-0.0,-0.0,-0.0,-0.0
5,5,loading,0.8,3e84fc2748c4f9b24ad0962e7f0049b23a145ce2bc5c40e836a132aba8872d3f,2827,73.0,34.0,interior,-0.0,-0.0,-0.0,-0.0,-0.0,-0.0
5,5,loading,0.8,3e84fc2748c4f9b24ad0962e7f0049b23a145ce2bc5c40e836a132aba8872d3f,2828,74.0,34.0,interior,-0.0,-0.0,-0.0,-0.0,-0.0,-0.0
5,5,loading,0.8,3e84fc2748c4f9b24ad0962e7f0049b23a145ce2bc5c40e836a132aba8872d3f,2829,75.0,34.0,interior,-0.0,-0.0,-0.0,-0.0,-0.0,-0.0
5,5,loading,0.8,3e84fc2748c4f9b24ad0962e7f0049b23a145ce2bc5c40e836a132aba8872d3f,2830,76.0,34.0,interior,-0.0,-0.0,-0.0,-0.0,-0.0,-0.0
5,5,loading,0.8,3e84fc2748c4f9b24ad0962e7f0049b23a145ce2bc5c40e836a132aba8872d3f,2831,77.0,34.0,interior,-0.0,-0.0,-0.0,-0.0,-0.0,-0.0
5,5,loading,0.8,3e84fc2748c4f9b24ad0962e7f0049b23a145ce2bc5c40e836a132aba8872d3f,2832,78.0,34.0,interior,-0.0,-0.0,-0.0,-0.0,-0.0,-0.0
5,5,loading,0.8,3e84fc2748c4f9b24ad0962e7f0049b23a145ce2bc5c40e836a132aba8872d3f,2833,79.0,34.0,interior,-0.0,-0.0,-0.0,-0.0,-0.0,-0.0
5,5,loading,0.8,3e84fc2748c4f9b24ad0962e7f0049b23a145ce2bc5c40e836a132aba8872d3f,2834,80.0,34.0,physical_only,-0.0,-0.0,-0.0,-0.0,-0.0,-0.0
5,5,loading,0.8,3e84fc2748c4f9b24ad0962e7f0049b23a145ce2bc5c40e836a132aba8872d3f,2897,62.0,35.0,physical_only,-2.6373591743452712e-06,-6.322755712795226e-08,-1.7599911866297102e-06,3.0894916775998196e-08,-8.773679877155602e-07,-9.412247390395025e-08
5,5,loading,0.8,3e84fc2748c4f9b24ad0962e7f0049b23a145ce2bc5c40e836a132aba8872d3f,2898,63.0,35.0,interior,-0.0,-0.0,-0.0,-0.0,-0.0,-0.0
5,5,loading,0.8,3e84fc2748c4f9b24ad0962e7f0049b23a145ce2bc5c40e836a132aba8872d3f,2899,64.0,35.0,interior,-0.0,-0.0,-0.0,-0.0,-0.0,-0.0
5,5,loading,0.8,3e84fc2748c4f9b24ad0962e7f0049b23a145ce2bc5c40e836a132aba8872d3f,2900,65.0,35.0,interior,-0.0,-0.0,-0.0,-0.0,-0.0,-0.0
5,5,loading,0.8,3e84fc2748c4f9b24ad0962e7f0049b23a145ce2bc5c40e836a132aba8872d3f,2901,66.0,35.0,interior,-0.0,-0.0,-0.0,-0.0,-0.0,-0.0
5,5,loading,0.8,3e84fc2748c4f9b24ad0962e7f0049b23a145ce2bc5c40e836a132aba8872d3f,2902,67.0,35.0,interior,-0.0,-0.0,-0.0,-0.0,-0.0,-0.0
5,5,loading,0.8,3e84fc2748c4f9b24ad0962e7f0049b23a145ce2bc5c40e836a132aba8872d3f,2903,68.0,35.0,interior,-0.0,-0.0,-0.0,-0.0,-0.0,-0.0
5,5,loading,0.8,3e84fc2748c4f9b24ad0962e7f0049b23a145ce2bc5c40e836a132aba8872d3f,2904,69.0,35.0,interior,-0.0,-0.0,-0.0,-0.0,-0.0,-0.0
5,5,loading,0.8,3e84fc2748c4f9b24ad0962e7f0049b23a145ce2bc5c40e836a132aba8872d3f,2905,70.0,35.0,interior,-0.0,-0.0,-0.0,-0.0,-0.0,-0.0
5,5,loading,0.8,3e84fc2748c4f9b24ad0962e7f0049b23a145ce2bc5c40e836a132aba8872d3f,2906,71.0,35.0,interior,-0.0,-0.0,-0.0,-0.0,-0.0,-0.0
5,5,loading,0.8,3e84fc2748c4f9b24ad0962e7f0049b23a145ce2bc5c40e836a132aba8872d3f,2907,72.0,35.0,interior,-0.0,-0.0,-0.0,-0.0,-0.0,-0.0
5,5,loading,0.8,3e84fc2748c4f9b24ad0962e7f0049b23a145ce2bc5c40e836a132aba8872d3f,2908,73.0,35.0,interior,-0.0,-0.0,-0.0,-0.0,-0.0,-0.0
5,5,loading,0.8,3e84fc2748c4f9b24ad0962e7f0049b23a145ce2bc5c40e836a132aba8872d3f,2909,74.0,35.0,interior,-0.0,-0.0,-0.0,-0.0,-0.0,-0.0
5,5,loading,0.8,3e84fc2748c4f9b24ad0962e7f0049b23a145ce2bc5c40e836a132aba8872d3f,2910,75.0,35.0,interior,-0.0,-0.0,-0.0,-0.0,-0.0,-0.0
5,5,loading,0.8,3e84fc2748c4f9b24ad0962e7f0049b23a145ce2bc5c40e836a132aba8872d3f,2911,76.0,35.0,interior,-0.0,-0.0,-0.0,-0.0,-0.0,-0.0
5,5,loading,0.8,3e84fc2748c4f9b24ad0962e7f0049b23a145ce2bc5c40e836a132aba8872d3f,2912,77.0,35.0,interior,-0.0,-0.0,-0.0,-0.0,-0.0,-0.0
5,5,loading,0.8,3e84fc2748c4f9b24ad0962e7f0049b23a145ce2bc5c40e836a132aba8872d3f,2913,78.0,35.0,interior,-0.0,-0.0,-0.0,-0.0,-0.0,-0.0
5,5,loading,0.8,3e84fc2748c4f9b24ad0962e7f0049b23a145ce2bc5c40e836a132aba8872d3f,2914,79.0,35.0,interior,-0.0,-0.0,-0.0,-0.0,-0.0,-0.0
5,5,loading,0.8,3e84fc2748c4f9b24ad0962e7f0049b23a145ce2bc5c40e836a132aba8872d3f,2915,80.0,35.0,physical_only,-0.0,-0.0,-0.0,-0.0,-0.0,-0.0
5,5,loading,0.8,3e84fc2748c4f9b24ad0962e7f0049b23a145ce2bc5c40e836a132aba8872d3f,2978,62.0,36.0,physical_only,-2.6926637228533632e-06,1.1769864861614185e-07,-1.803628286511091e-06,2.5801430461231018e-08,-8.890354363422726e-07,9.189721815491077e-08
5,5,loading,0.8,3e84fc2748c4f9b24ad0962e7f0049b23a145ce2bc5c40e836a132aba8872d3f,2979,63.0,36.0,interior,-0.0,-0.0,-0.0,-0.0,-0.0,-0.0
5,5,loading,0.8,3e84fc2748c4f9b24ad0962e7f0049b23a145ce2bc5c40e836a132aba8872d3f,2980,64.0,36.0,interior,-0.0,-0.0,-0.0,-0.0,-0.0,-0.0
5,5,loading,0.8,3e84fc2748c4f9b24ad0962e7f0049b23a145ce2bc5c40e836a132aba8872d3f,2981,65.0,36.0,interior,-0.0,-0.0,-0.0,-0.0,-0.0,-0.0
5,5,loading,0.8,3e84fc2748c4f9b24ad0962e7f0049b23a145ce2bc5c40e836a132aba8872d3f,2982,66.0,36.0,interior,-0.0,-0.0,-0.0,-0.0,-0.0,-0.0
5,5,loading,0.8,3e84fc2748c4f9b24ad0962e7f0049b23a145ce2bc5c40e836a132aba8872d3f,2983,67.0,36.0,interior,-0.0,-0.0,-0.0,-0.0,-0.0,-0.0
5,5,loading,0.8,3e84fc2748c4f9b24ad0962e7f0049b23a145ce2bc5c40e836a132aba8872d3f,2984,68.0,36.0,interior,-0.0,-0.0,-0.0,-0.0,-0.0,-0.0
5,5,loading,0.8,3e84fc2748c4f9b24ad0962e7f0049b23a145ce2bc5c40e836a132aba8872d3f,2985,69.0,36.0,interior,-0.0,-0.0,-0.0,-0.0,-0.0,-0.0
5,5,loading,0.8,3e84fc2748c4f9b24ad0962e7f0049b23a145ce2bc5c40e836a132aba8872d3f,2986,70.0,36.0,interior,-0.0,-0.0,-0.0,-0.0,-0.0,-0.0
5,5,loading,0.8,3e84fc2748c4f9b24ad0962e7f0049b23a145ce2bc5c40e836a132aba8872d3f,2987,71.0,36.0,interior,-0.0,-0.0,-0.0,-0.0,-0.0,-0.0
5,5,loading,0.8,3e84fc2748c4f9b24ad0962e7f0049b23a145ce2bc5c40e836a132aba8872d3f,2988,72.0,36.0,interior,-0.0,-0.0,-0.0,-0.0,-0.0,-0.0
5,5,loading,0.8,3e84fc2748c4f9b24ad0962e7f0049b23a145ce2bc5c40e836a132aba8872d3f,2989,73.0,36.0,interior,-0.0,-0.0,-0.0,-0.0,-0.0,-0.0
5,5,loading,0.8,3e84fc2748c4f9b24ad0962e7f0049b23a145ce2bc5c40e836a132aba8872d3f,2990,74.0,36.0,interior,-0.0,-0.0,-0.0,-0.0,-0.0,-0.0
5,5,loading,0.8,3e84fc2748c4f9b24ad0962e7f0049b23a145ce2bc5c40e836a132aba8872d3f,2991,75.0,36.0,interior,-0.0,-0.0,-0.0,-0.0,-0.0,-0.0
5,5,loading,0.8,3e84fc2748c4f9b24ad0962e7f0049b23a145ce2bc5c40e836a132aba8872d3f,2992,76.0,36.0,interior,-0.0,-0.0,-0.0,-0.0,-0.0,-0.0
5,5,loading,0.8,3e84fc2748c4f9b24ad0962e7f0049b23a145ce2bc5c40e836a132aba8872d3f,2993,77.0,36.0,interior,-0.0,-0.0,-0.0,-0.0,-0.0,-0.0
5,5,loading,0.8,3e84fc2748c4f9b24ad0962e7f0049b23a145ce2bc5c40e836a132aba8872d3f,2994,78.0,36.0,interior,-0.0,-0.0,-0.0,-0.0,-0.0,-0.0
5,5,loading,0.8,3e84fc2748c4f9b24ad0962e7f0049b23a145ce2bc5c40e836a132aba8872d3f,2995,79.0,36.0,interior,-0.0,-0.0,-0.0,-0.0,-0.0,-0.0
5,5,loading,0.8,3e84fc2748c4f9b24ad0962e7f0049b23a145ce2bc5c40e836a132aba8872d3f,2996,80.0,36.0,physical_only,-0.0,-0.0,-0.0,-0.0,-0.0,-0.0
5,5,loading,0.8,3e84fc2748c4f9b24ad0962e7f0049b23a145ce2bc5c40e836a132aba8872d3f,3059,62.0,37.0,physical_only,-2.8106376778035285e-06,1.6963370277661306e-07,-1.838639316930708e-06,2.0365764479121384e-08,-9.71998360872821e-07,1.4926793829749147e-07
5,5,loading,0.8,3e84fc2748c4f9b24ad0962e7f0049b23a145ce2bc5c40e836a132aba8872d3f,3060,63.0,37.0,interior,-0.0,-0.0,-0.0,-0.0,-0.0,-0.0
5,5,loading,0.8,3e84fc2748c4f9b24ad0962e7f0049b23a145ce2bc5c40e836a132aba8872d3f,3061,64.0,37.0,interior,-0.0,-0.0,-0.0,-0.0,-0.0,-0.0
5,5,loading,0.8,3e84fc2748c4f9b24ad0962e7f0049b23a145ce2bc5c40e836a132aba8872d3f,3062,65.0,37.0,interior,-0.0,-0.0,-0.0,-0.0,-0.0,-0.0
5,5,loading,0.8,3e84fc2748c4f9b24ad0962e7f0049b23a145ce2bc5c40e836a132aba8872d3f,3063,66.0,37.0,interior,-0.0,-0.0,-0.0,-0.0,-0.0,-0.0
5,5,loading,0.8,3e84fc2748c4f9b24ad0962e7f0049b23a145ce2bc5c40e836a132aba8872d3f,3064,67.0,37.0,interior,-0.0,-0.0,-0.0,-0.0,-0.0,-0.0
5,5,loading,0.8,3e84fc2748c4f9b24ad0962e7f0049b23a145ce2bc5c40e836a132aba8872d3f,3065,68.0,37.0,interior,-0.0,-0.0,-0.0,-0.0,-0.0,-0.0
5,5,loading,0.8,3e84fc2748c4f9b24ad0962e7f0049b23a145ce2bc5c40e836a132aba8872d3f,3066,69.0,37.0,interior,-0.0,-0.0,-0.0,-0.0,-0.0,-0.0
5,5,loading,0.8,3e84fc2748c4f9b24ad0962e7f0049b23a145ce2bc5c40e836a132aba8872d3f,3067,70.0,37.0,interior,-0.0,-0.0,-0.0,-0.0,-0.0,-0.0
5,5,loading,0.8,3e84fc2748c4f9b24ad0962e7f0049b23a145ce2bc5c40e836a132aba8872d3f,3068,71.0,37.0,interior,-0.0,-0.0,-0.0,-0.0,-0.0,-0.0
5,5,loading,0.8,3e84fc2748c4f9b24ad0962e7f0049b23a145ce2bc5c40e836a132aba8872d3f,3069,72.0,37.0,interior,-0.0,-0.0,-0.0,-0.0,-0.0,-0.0
5,5,loading,0.8,3e84fc2748c4f9b24ad0962e7f0049b23a145ce2bc5c40e836a132aba8872d3f,3070,73.0,37.0,interior,-0.0,-0.0,-0.0,-0.0,-0.0,-0.0
5,5,loading,0.8,3e84fc2748c4f9b24ad0962e7f0049b23a145ce2bc5c40e836a132aba8872d3f,3071,74.0,37.0,interior,-0.0,-0.0,-0.0,-0.0,-0.0,-0.0
5,5,loading,0.8,3e84fc2748c4f9b24ad0962e7f0049b23a145ce2bc5c40e836a132aba8872d3f,3072,75.0,37.0,interior,-0.0,-0.0,-0.0,-0.0,-0.0,-0.0
5,5,loading,0.8,3e84fc2748c4f9b24ad0962e7f0049b23a145ce2bc5c40e836a132aba8872d3f,3073,76.0,37.0,interior,-0.0,-0.0,-0.0,-0.0,-0.0,-0.0
5,5,loading,0.8,3e84fc2748c4f9b24ad0962e7f0049b23a145ce2bc5c40e836a132aba8872d3f,3074,77.0,37.0,interior,-0.0,-0.0,-0.0,-0.0,-0.0,-0.0
5,5,loading,0.8,3e84fc2748c4f9b24ad0962e7f0049b23a145ce2bc5c40e836a132aba8872d3f,3075,78.0,37.0,interior,-0.0,-0.0,-0.0,-0.0,-0.0,-0.0
5,5,loading,0.8,3e84fc2748c4f9b24ad0962e7f0049b23a145ce2bc5c40e836a132aba8872d3f,3076,79.0,37.0,interior,-0.0,-0.0,-0.0,-0.0,-0.0,-0.0
5,5,loading,0.8,3e84fc2748c4f9b24ad0962e7f0049b23a145ce2bc5c40e836a132aba8872d3f,3077,80.0,37.0,physical_only,-0.0,-0.0,-0.0,-0.0,-0.0,-0.0
5,5,loading,0.8,3e84fc2748c4f9b24ad0962e7f0049b23a145ce2bc5c40e836a132aba8872d3f,3140,62.0,38.0,physical_only,-2.9149027713323764e-06,1.4178126547398458e-07,-1.8644345414107717e-06,1.4171458042730981e-08,-1.0504682299216047e-06,1.2760980743125354e-07
5,5,loading,0.8,3e84fc2748c4f9b24ad0962e7f0049b23a145ce2bc5c40e836a132aba8872d3f,3141,63.0,38.0,interior,-0.0,-0.0,-0.0,-0.0,-0.0,-0.0
5,5,loading,0.8,3e84fc2748c4f9b24ad0962e7f0049b23a145ce2bc5c40e836a132aba8872d3f,3142,64.0,38.0,interior,-0.0,-0.0,-0.0,-0.0,-0.0,-0.0
5,5,loading,0.8,3e84fc2748c4f9b24ad0962e7f0049b23a145ce2bc5c40e836a132aba8872d3f,3143,65.0,38.0,interior,-0.0,-0.0,-0.0,-0.0,-0.0,-0.0
5,5,loading,0.8,3e84fc2748c4f9b24ad0962e7f0049b23a145ce2bc5c40e836a132aba8872d3f,3144,66.0,38.0,interior,-0.0,-0.0,-0.0,-0.0,-0.0,-0.0
5,5,loading,0.8,3e84fc2748c4f9b24ad0962e7f0049b23a145ce2bc5c40e836a132aba8872d3f,3145,67.0,38.0,interior,-0.0,-0.0,-0.0,-0.0,-0.0,-0.0
5,5,loading,0.8,3e84fc2748c4f9b24ad0962e7f0049b23a145ce2bc5c40e836a132aba8872d3f,3146,68.0,38.0,interior,-0.0,-0.0,-0.0,-0.0,-0.0,-0.0
5,5,loading,0.8,3e84fc2748c4f9b24ad0962e7f0049b23a145ce2bc5c40e836a132aba8872d3f,3147,69.0,38.0,interior,-0.0,-0.0,-0.0,-0.0,-0.0,-0.0
5,5,loading,0.8,3e84fc2748c4f9b24ad0962e7f0049b23a145ce2bc5c40e836a132aba8872d3f,3148,70.0,38.0,interior,-0.0,-0.0,-0.0,-0.0,-0.0,-0.0
5,5,loading,0.8,3e84fc2748c4f9b24ad0962e7f0049b23a145ce2bc5c40e836a132aba8872d3f,3149,71.0,38.0,interior,-0.0,-0.0,-0.0,-0.0,-0.0,-0.0
5,5,loading,0.8,3e84fc2748c4f9b24ad0962e7f0049b23a145ce2bc5c40e836a132aba8872d3f,3150,72.0,38.0,interior,-0.0,-0.0,-0.0,-0.0,-0.0,-0.0
5,5,loading,0.8,3e84fc2748c4f9b24ad0962e7f0049b23a145ce2bc5c40e836a132aba8872d3f,3151,73.0,38.0,interior,-0.0,-0.0,-0.0,-0.0,-0.0,-0.0
5,5,loading,0.8,3e84fc2748c4f9b24ad0962e7f0049b23a145ce2bc5c40e836a132aba8872d3f,3152,74.0,38.0,interior,-0.0,-0.0,-0.0,-0.0,-0.0,-0.0
5,5,loading,0.8,3e84fc2748c4f9b24ad0962e7f0049b23a145ce2bc5c40e836a132aba8872d3f,3153,75.0,38.0,interior,-0.0,-0.0,-0.0,-0.0,-0.0,-0.0
5,5,loading,0.8,3e84fc2748c4f9b24ad0962e7f0049b23a145ce2bc5c40e836a132aba8872d3f,3154,76.0,38.0,interior,-0.0,-0.0,-0.0,-0.0,-0.0,-0.0
5,5,loading,0.8,3e84fc2748c4f9b24ad0962e7f0049b23a145ce2bc5c40e836a132aba8872d3f,3155,77.0,38.0,interior,-0.0,-0.0,-0.0,-0.0,-0.0,-0.0
5,5,loading,0.8,3e84fc2748c4f9b24ad0962e7f0049b23a145ce2bc5c40e836a132aba8872d3f,3156,78.0,38.0,interior,-0.0,-0.0,-0.0,-0.0,-0.0,-0.0
5,5,loading,0.8,3e84fc2748c4f9b24ad0962e7f0049b23a145ce2bc5c40e836a132aba8872d3f,3157,79.0,38.0,interior,-0.0,-0.0,-0.0,-0.0,-0.0,-0.0
5,5,loading,0.8,3e84fc2748c4f9b24ad0962e7f0049b23a145ce2bc5c40e836a132aba8872d3f,3158,80.0,38.0,physical_only,-0.0,-0.0,-0.0,-0.0,-0.0,-0.0
5,5,loading,0.8,3e84fc2748c4f9b24ad0962e7f0049b23a145ce2bc5c40e836a132aba8872d3f,3221,62.0,39.0,physical_only,-2.9779032484593017e-06,7.68290113354756e-08,-1.88026873893192e-06,7.281245569245276e-09,-1.0976345095273818e-06,6.954776576623022e-08
5,5,loading,0.8,3e84fc2748c4f9b24ad0962e7f0049b23a145ce2bc5c40e836a132aba8872d3f,3222,63.0,39.0,interior,-0.0,-0.0,-0.0,-0.0,-0.0,-0.0
5,5,loading,0.8,3e84fc2748c4f9b24ad0962e7f0049b23a145ce2bc5c40e836a132aba8872d3f,3223,64.0,39.0,interior,-0.0,-0.0,-0.0,-0.0,-0.0,-0.0
5,5,loading,0.8,3e84fc2748c4f9b24ad0962e7f0049b23a145ce2bc5c40e836a132aba8872d3f,3224,65.0,39.0,interior,-0.0,-0.0,-0.0,-0.0,-0.0,-0.0
5,5,loading,0.8,3e84fc2748c4f9b24ad0962e7f0049b23a145ce2bc5c40e836a132aba8872d3f,3225,66.0,39.0,interior,-0.0,-0.0,-0.0,-0.0,-0.0,-0.0
5,5,loading,0.8,3e84fc2748c4f9b24ad0962e7f0049b23a145ce2bc5c40e836a132aba8872d3f,3226,67.0,39.0,interior,-0.0,-0.0,-0.0,-0.0,-0.0,-0.0
5,5,loading,0.8,3e84fc2748c4f9b24ad0962e7f0049b23a145ce2bc5c40e836a132aba8872d3f,3227,68.0,39.0,interior,-0.0,-0.0,-0.0,-0.0,-0.0,-0.0
5,5,loading,0.8,3e84fc2748c4f9b24ad0962e7f0049b23a145ce2bc5c40e836a132aba8872d3f,3228,69.0,39.0,interior,-0.0,-0.0,-0.0,-0.0,-0.0,-0.0
5,5,loading,0.8,3e84fc2748c4f9b24ad0962e7f0049b23a145ce2bc5c40e836a132aba8872d3f,3229,70.0,39.0,interior,-0.0,-0.0,-0.0,-0.0,-0.0,-0.0
5,5,loading,0.8,3e84fc2748c4f9b24ad0962e7f0049b23a145ce2bc5c40e836a132aba8872d3f,3230,71.0,39.0,interior,-0.0,-0.0,-0.0,-0.0,-0.0,-0.0
5,5,loading,0.8,3e84fc2748c4f9b24ad0962e7f0049b23a145ce2bc5c40e836a132aba8872d3f,3231,72.0,39.0,interior,-0.0,-0.0,-0.0,-0.0,-0.0,-0.0
5,5,loading,0.8,3e84fc2748c4f9b24ad0962e7f0049b23a145ce2bc5c40e836a132aba8872d3f,3232,73.0,39.0,interior,-0.0,-0.0,-0.0,-0.0,-0.0,-0.0
5,5,loading,0.8,3e84fc2748c4f9b24ad0962e7f0049b23a145ce2bc5c40e836a132aba8872d3f,3233,74.0,39.0,interior,-0.0,-0.0,-0.0,-0.0,-0.0,-0.0
5,5,loading,0.8,3e84fc2748c4f9b24ad0962e7f0049b23a145ce2bc5c40e836a132aba8872d3f,3234,75.0,39.0,interior,-0.0,-0.0,-0.0,-0.0,-0.0,-0.0
5,5,loading,0.8,3e84fc2748c4f9b24ad0962e7f0049b23a145ce2bc5c40e836a132aba8872d3f,3235,76.0,39.0,interior,-0.0,-0.0,-0.0,-0.0,-0.0,-0.0
5,5,loading,0.8,3e84fc2748c4f9b24ad0962e7f0049b23a145ce2bc5c40e836a132aba8872d3f,3236,77.0,39.0,interior,-0.0,-0.0,-0.0,-0.0,-0.0,-0.0
5,5,loading,0.8,3e84fc2748c4f9b24ad0962e7f0049b23a145ce2bc5c40e836a132aba8872d3f,3237,78.0,39.0,interior,-0.0,-0.0,-0.0,-0.0,-0.0,-0.0
5,5,loading,0.8,3e84fc2748c4f9b24ad0962e7f0049b23a145ce2bc5c40e836a132aba8872d3f,3238,79.0,39.0,interior,-0.0,-0.0,-0.0,-0.0,-0.0,-0.0
5,5,loading,0.8,3e84fc2748c4f9b24ad0962e7f0049b23a145ce2bc5c40e836a132aba8872d3f,3239,80.0,39.0,physical_only,-0.0,-0.0,-0.0,-0.0,-0.0,-0.0
5,5,loading,0.8,3e84fc2748c4f9b24ad0962e7f0049b23a145ce2bc5c40e836a132aba8872d3f,3302,62.0,40.0,physical_and_cut,-1.4990621412574901e-06,-1.3727103934455623e-06,-9.428044829258465e-07,-4.264438208589282e-07,-5.562576583316438e-07,-9.462665725866341e-07
5,5,loading,0.8,3e84fc2748c4f9b24ad0962e7f0049b23a145ce2bc5c40e836a132aba8872d3f,3303,63.0,40.0,cut_only,-0.0,-0.0,-0.0,-0.0,-0.0,-0.0
5,5,loading,0.8,3e84fc2748c4f9b24ad0962e7f0049b23a145ce2bc5c40e836a132aba8872d3f,3304,64.0,40.0,cut_only,-0.0,-0.0,-0.0,-0.0,-0.0,-0.0
5,5,loading,0.8,3e84fc2748c4f9b24ad0962e7f0049b23a145ce2bc5c40e836a132aba8872d3f,3305,65.0,40.0,cut_only,-0.0,-0.0,-0.0,-0.0,-0.0,-0.0
5,5,loading,0.8,3e84fc2748c4f9b24ad0962e7f0049b23a145ce2bc5c40e836a132aba8872d3f,3306,66.0,40.0,cut_only,-0.0,-0.0,-0.0,-0.0,-0.0,-0.0
5,5,loading,0.8,3e84fc2748c4f9b24ad0962e7f0049b23a145ce2bc5c40e836a132aba8872d3f,3307,67.0,40.0,cut_only,-0.0,-0.0,-0.0,-0.0,-0.0,-0.0
5,5,loading,0.8,3e84fc2748c4f9b24ad0962e7f0049b23a145ce2bc5c40e836a132aba8872d3f,3308,68.0,40.0,cut_only,-0.0,-0.0,-0.0,-0.0,-0.0,-0.0
5,5,loading,0.8,3e84fc2748c4f9b24ad0962e7f0049b23a145ce2bc5c40e836a132aba8872d3f,3309,69.0,40.0,cut_only,-0.0,-0.0,-0.0,-0.0,-0.0,-0.0
5,5,loading,0.8,3e84fc2748c4f9b24ad0962e7f0049b23a145ce2bc5c40e836a132aba8872d3f,3310,70.0,40.0,cut_only,-0.0,-0.0,-0.0,-0.0,-0.0,-0.0
5,5,loading,0.8,3e84fc2748c4f9b24ad0962e7f0049b23a145ce2bc5c40e836a132aba8872d3f,3311,71.0,40.0,cut_only,-0.0,-0.0,-0.0,-0.0,-0.0,-0.0
5,5,loading,0.8,3e84fc2748c4f9b24ad0962e7f0049b23a145ce2bc5c40e836a132aba8872d3f,3312,72.0,40.0,cut_only,-0.0,-0.0,-0.0,-0.0,-0.0,-0.0
5,5,loading,0.8,3e84fc2748c4f9b24ad0962e7f0049b23a145ce2bc5c40e836a132aba8872d3f,3313,73.0,40.0,cut_only,-0.0,-0.0,-0.0,-0.0,-0.0,-0.0
5,5,loading,0.8,3e84fc2748c4f9b24ad0962e7f0049b23a145ce2bc5c40e836a132aba8872d3f,3314,74.0,40.0,cut_only,-0.0,-0.0,-0.0,-0.0,-0.0,-0.0
5,5,loading,0.8,3e84fc2748c4f9b24ad0962e7f0049b23a145ce2bc5c40e836a132aba8872d3f,3315,75.0,40.0,cut_only,-0.0,-0.0,-0.0,-0.0,-0.0,-0.0
5,5,loading,0.8,3e84fc2748c4f9b24ad0962e7f0049b23a145ce2bc5c40e836a132aba8872d3f,3316,76.0,40.0,cut_only,-0.0,-0.0,-0.0,-0.0,-0.0,-0.0
5,5,loading,0.8,3e84fc2748c4f9b24ad0962e7f0049b23a145ce2bc5c40e836a132aba8872d3f,3317,77.0,40.0,cut_only,-0.0,-0.0,-0.0,-0.0,-0.0,-0.0
5,5,loading,0.8,3e84fc2748c4f9b24ad0962e7f0049b23a145ce2bc5c40e836a132aba8872d3f,3318,78.0,40.0,cut_only,-0.0,-0.0,-0.0,-0.0,-0.0,-0.0
5,5,loading,0.8,3e84fc2748c4f9b24ad0962e7f0049b23a145ce2bc5c40e836a132aba8872d3f,3319,79.0,40.0,cut_only,-0.0,-0.0,-0.0,-0.0,-0.0,-0.0
5,5,loading,0.8,3e84fc2748c4f9b24ad0962e7f0049b23a145ce2bc5c40e836a132aba8872d3f,3320,80.0,40.0,physical_and_cut,-0.0,-0.0,-0.0,-0.0,-0.0,-0.0
6,6,loading,0.85,479581b9b216ca62fdc31b3698397796d95e669135c015d27802c84b579b2227,2573,62.0,31.0,physical_only,-0.0004366463029985136,-6.689798673871078e-05,-2.8254752728941233e-06,3.1530478452229034e-06,-0.0004338208277256195,-7.005103458393366e-05
6,6,loading,0.85,479581b9b216ca62fdc31b3698397796d95e669135c015d27802c84b579b2227,2574,63.0,31.0,physical_only,4.909232192133789e-07,-5.819520290581019e-05,-1.5793803898191243e-06,3.6189602243243633e-06,2.0703036090325042e-06,-6.181416313013455e-05
6,6,loading,0.85,479581b9b216ca62fdc31b3698397796d95e669135c015d27802c84b579b2227,2575,64.0,31.0,physical_only,2.976155827662072e-06,-7.768004731514627e-05,-1.6147327785149512e-06,4.63543799081258e-06,4.590888606177022e-06,-8.231548530595884e-05
6,6,loading,0.85,479581b9b216ca62fdc31b3698397796d95e669135c015d27802c84b579b2227,2576,65.0,31.0,physical_only,3.7111370850498196e-06,-0.00010478086414837656,-1.6590369720676724e-06,5.802101031333412e-06,5.370174057117489e-06,-0.00011058296517970994
6,6,loading,0.85,479581b9b216ca62fdc31b3698397796d95e669135c015d27802c84b579b2227,2577,66.0,31.0,physical_only,2.6387676009856535e-06,-0.000136979278058743,-1.7125113151604452e-06,7.16655846185142e-06,4.351278916146099e-06,-0.00014414583652059448
6,6,loading,0.85,479581b9b216ca62fdc31b3698397796d95e669135c015d27802c84b579b2227,2578,67.0,31.0,physical_only,8.88436955397262e-07,-0.00017393950017992636,-1.7739958215085925e-06,8.784457121269828e-06,2.662432776905854e-06,-0.00018272395730119608
6,6,loading,0.85,479581b9b216ca62fdc31b3698397796d95e669135c015d27802c84b579b2227,2579,68.0,31.0,physical_only,8.882243709733174e-07,-0.00021868959247463434,-1.8439061134366703e-06,1.0725356669199356e-05,2.73213048440999e-06,-0.00022941494914383367
6,6,loading,0.85,479581b9b216ca62fdc31b3698397796d95e669135c015d27802c84b579b2227,2580,69.0,31.0,physical_only,5.054716830088908e-07,-0.00027426260438392024,-1.92433108847404e-06,1.308387696389626e-05,2.429802771482935e-06,-0.0002873464813478164
6,6,loading,0.85,479581b9b216ca62fdc31b3698397796d95e669135c015d27802c84b579b2227,2581,70.0,31.0,physical_only,-9.201218482647659e-08,-0.0003413249586350171,-2.0190091480205704e-06,1.59950303886001e-05,1.9269969631940964e-06,-0.0003573199890236174
6,6,loading,0.85,479581b9b216ca62fdc31b3698397796d95e669135c015d27802c84b579b2227,2582,71.0,31.0,physical_only,-8.588176340850552e-07,-0.00042159366545978065,-2.1330733421594523e-06,1.9656540629733607e-05,1.2742557080743929e-06,-0.0004412502060895142
6,6,loading,0.85,479581b9b216ca62fdc31b3698397796d95e669135c015d27802c84b579b2227,2583,72.0,31.0,physical_only,-1.5707452253595309e-06,-0.0005169605619471575,-2.27437221353412e-06,2.4368792219368097e-05,7.036269881745917e-07,-0.0005413293541665252
6,6,loading,0.85,479581b9b216ca62fdc31b3698397796d95e669135c015d27802c84b579b2227,2584,73.0,31.0,physical_only,-2.1800982815533833e-06,-0.0006279889497066006,-2.4550197992159855e-06,3.060820216838746e-05,2.7492151766260394e-07,-0.0006585971518749882
6,6,loading,0.85,479581b9b216ca62fdc31b3698397796d95e669135c015d27802c84b579b2227,2585,74.0,31.0,physical_only,3.92220744706361e-06,-0.0007604687869952843,-2.6962848915594723e-06,3.917725331750936e-05,6.61849233862308e-06,-0.0007996460403127937
6,6,loading,0.85,479581b9b216ca62fdc31b3698397796d95e669135c015d27802c84b579b2227,2586,75.0,31.0,physical_only,1.585280636874841e-05,-0.0009324608883805405,-3.039553398930376e-06,5.1551296703600445e-05,1.8892359767678784e-05,-0.0009840121850841401
6,6,loading,0.85,479581b9b216ca62fdc31b3698397796d95e669135c015d27802c84b579b2227,2587,76.0,31.0,physical_only,2.7826238625541508e-05,-0.001165531482796552,-3.5718945388072105e-06,7.078129041744832e-05,3.1398133164348716e-05,-0.0012363127732140005
6,6,loading,0.85,479581b9b216ca62fdc31b3698397796d95e669135c015d27802c84b579b2227,2588,77.0,31.0,physical_only,2.008207353988035e-05,-0.001438051547898291,-4.488447992440604e-06,0.00010418619429260073,2.4570521532320955e-05,-0.0015422377421908922
6,6,loading,0.85,479581b9b216ca62fdc31b3698397796d95e669135c015d27802c84b579b2227,2589,78.0,31.0,physical_only,4.873312474730084e-06,-0.0017110903808702262,-6.361450995819575e-06,0.00017410500117309127,1.1234763470549674e-05,-0.001885195382043318
6,6,loading,0.85,479581b9b216ca62fdc31b3698397796d95e669135c015d27802c84b579b2227,2590,79.0,31.0,physical_only,-2.8171363694289188e-05,-0.0014644596577095149,-1.1702001766369881e-05,0.0003896054478370394,-1.6469361927919324e-05,-0.001854065105546556
6,6,loading,0.85,479581b9b216ca62fdc31b3698397796d95e669135c015d27802c84b579b2227,2591,80.0,31.0,physical_only,-0.00011239118754863427,0.011924243262775473,1.3196378504235788e-06,0.00026606306653395654,-0.00011371082539905785,0.011658180196241517
6,6,loading,0.85,479581b9b216ca62fdc31b3698397796d95e669135c015d27802c84b579b2227,2654,62.0,32.0,physical_only,-4.844152177549914e-06,-1.3090955495565914e-06,-1.6138456546079417e-06,5.890708869204531e-08,-3.2303065229419717e-06,-1.368002638248637e-06
6,6,loading,0.85,479581b9b216ca62fdc31b3698397796d95e669135c015d27802c84b579b2227,2655,63.0,32.0,interior,-0.0,-0.0,-0.0,-0.0,-0.0,-0.0
6,6,loading,0.85,479581b9b216ca62fdc31b3698397796d95e669135c015d27802c84b579b2227,2656,64.0,32.0,interior,-0.0,-0.0,-0.0,-0.0,-0.0,-0.0
6,6,loading,0.85,479581b9b216ca62fdc31b3698397796d95e669135c015d27802c84b579b2227,2657,65.0,32.0,interior,-0.0,-0.0,-0.0,-0.0,-0.0,-0.0
6,6,loading,0.85,479581b9b216ca62fdc31b3698397796d95e669135c015d27802c84b579b2227,2658,66.0,32.0,interior,-0.0,-0.0,-0.0,-0.0,-0.0,-0.0
6,6,loading,0.85,479581b9b216ca62fdc31b3698397796d95e669135c015d27802c84b579b2227,2659,67.0,32.0,interior,-0.0,-0.0,-0.0,-0.0,-0.0,-0.0
6,6,loading,0.85,479581b9b216ca62fdc31b3698397796d95e669135c015d27802c84b579b2227,2660,68.0,32.0,interior,-0.0,-0.0,-0.0,-0.0,-0.0,-0.0
6,6,loading,0.85,479581b9b216ca62fdc31b3698397796d95e669135c015d27802c84b579b2227,2661,69.0,32.0,interior,-0.0,-0.0,-0.0,-0.0,-0.0,-0.0
6,6,loading,0.85,479581b9b216ca62fdc31b3698397796d95e669135c015d27802c84b579b2227,2662,70.0,32.0,interior,-0.0,-0.0,-0.0,-0.0,-0.0,-0.0
6,6,loading,0.85,479581b9b216ca62fdc31b3698397796d95e669135c015d27802c84b579b2227,2663,71.0,32.0,interior,-0.0,-0.0,-0.0,-0.0,-0.0,-0.0
6,6,loading,0.85,479581b9b216ca62fdc31b3698397796d95e669135c015d27802c84b579b2227,2664,72.0,32.0,interior,-0.0,-0.0,-0.0,-0.0,-0.0,-0.0
6,6,loading,0.85,479581b9b216ca62fdc31b3698397796d95e669135c015d27802c84b579b2227,2665,73.0,32.0,interior,-0.0,-0.0,-0.0,-0.0,-0.0,-0.0
6,6,loading,0.85,479581b9b216ca62fdc31b3698397796d95e669135c015d27802c84b579b2227,2666,74.0,32.0,interior,-0.0,-0.0,-0.0,-0.0,-0.0,-0.0
6,6,loading,0.85,479581b9b216ca62fdc31b3698397796d95e669135c015d27802c84b579b2227,2667,75.0,32.0,interior,-0.0,-0.0,-0.0,-0.0,-0.0,-0.0
6,6,loading,0.85,479581b9b216ca62fdc31b3698397796d95e669135c015d27802c84b579b2227,2668,76.0,32.0,interior,-0.0,-0.0,-0.0,-0.0,-0.0,-0.0
6,6,loading,0.85,479581b9b216ca62fdc31b3698397796d95e669135c015d27802c84b579b2227,2669,77.0,32.0,interior,-0.0,-0.0,-0.0,-0.0,-0.0,-0.0
6,6,loading,0.85,479581b9b216ca62fdc31b3698397796d95e669135c015d27802c84b579b2227,2670,78.0,32.0,interior,-0.0,-0.0,-0.0,-0.0,-0.0,-0.0
6,6,loading,0.85,479581b9b216ca62fdc31b3698397796d95e669135c015d27802c84b579b2227,2671,79.0,32.0,interior,-0.0,-0.0,-0.0,-0.0,-0.0,-0.0
6,6,loading,0.85,479581b9b216ca62fdc31b3698397796d95e669135c015d27802c84b579b2227,2672,80.0,32.0,physical_only,-0.0,-0.0,-0.0,-0.0,-0.0,-0.0
6,6,loading,0.85,479581b9b216ca62fdc31b3698397796d95e669135c015d27802c84b579b2227,2735,62.0,33.0,physical_only,-3.5388620183360258e-06,-8.607310223483821e-07,-1.7008168545615005e-06,4.460179145833985e-08,-1.8380451637745257e-06,-9.053328138067219e-07
6,6,loading,0.85,479581b9b216ca62fdc31b3698397796d95e669135c015d27802c84b579b2227,2736,63.0,33.0,interior,-0.0,-0.0,-0.0,-0.0,-0.0,-0.0
6,6,loading,0.85,479581b9b216ca62fdc31b3698397796d95e669135c015d27802c84b579b2227,2737,64.0,33.0,interior,-0.0,-0.0,-0.0,-0.0,-0.0,-0.0
6,6,loading,0.85,479581b9b216ca62fdc31b3698397796d95e669135c015d27802c84b579b2227,2738,65.0,33.0,interior,-0.0,-0.0,-0.0,-0.0,-0.0,-0.0
6,6,loading,0.85,479581b9b216ca62fdc31b3698397796d95e669135c015d27802c84b579b2227,2739,66.0,33.0,interior,-0.0,-0.0,-0.0,-0.0,-0.0,-0.0
6,6,loading,0.85,479581b9b216ca62fdc31b3698397796d95e669135c015d27802c84b579b2227,2740,67.0,33.0,interior,-0.0,-0.0,-0.0,-0.0,-0.0,-0.0
6,6,loading,0.85,479581b9b216ca62fdc31b3698397796d95e669135c015d27802c84b579b2227,2741,68.0,33.0,interior,-0.0,-0.0,-0.0,-0.0,-0.0,-0.0
6,6,loading,0.85,479581b9b216ca62fdc31b3698397796d95e669135c015d27802c84b579b2227,2742,69.0,33.0,interior,-0.0,-0.0,-0.0,-0.0,-0.0,-0.0
6,6,loading,0.85,479581b9b216ca62fdc31b3698397796d95e669135c015d27802c84b579b2227,2743,70.0,33.0,interior,-0.0,-0.0,-0.0,-0.0,-0.0,-0.0
6,6,loading,0.85,479581b9b216ca62fdc31b3698397796d95e669135c015d27802c84b579b2227,2744,71.0,33.0,interior,-0.0,-0.0,-0.0,-0.0,-0.0,-0.0
6,6,loading,0.85,479581b9b216ca62fdc31b3698397796d95e669135c015d27802c84b579b2227,2745,72.0,33.0,interior,-0.0,-0.0,-0.0,-0.0,-0.0,-0.0
6,6,loading,0.85,479581b9b216ca62fdc31b3698397796d95e669135c015d27802c84b579b2227,2746,73.0,33.0,interior,-0.0,-0.0,-0.0,-0.0,-0.0,-0.0
6,6,loading,0.85,479581b9b216ca62fdc31b3698397796d95e669135c015d27802c84b579b2227,2747,74.0,33.0,interior,-0.0,-0.0,-0.0,-0.0,-0.0,-0.0
6,6,loading,0.85,479581b9b216ca62fdc31b3698397796d95e669135c015d27802c84b579b2227,2748,75.0,33.0,interior,-0.0,-0.0,-0.0,-0.0,-0.0,-0.0
6,6,loading,0.85,479581b9b216ca62fdc31b3698397796d95e669135c015d27802c84b579b2227,2749,76.0,33.0,interior,-0.0,-0.0,-0.0,-0.0,-0.0,-0.0
6,6,loading,0.85,479581b9b216ca62fdc31b3698397796d95e669135c015d27802c84b579b2227,2750,77.0,33.0,interior,-0.0,-0.0,-0.0,-0.0,-0.0,-0.0
6,6,loading,0.85,479581b9b216ca62fdc31b3698397796d95e669135c015d27802c84b579b2227,2751,78.0,33.0,interior,-0.0,-0.0,-0.0,-0.0,-0.0,-0.0
6,6,loading,0.85,479581b9b216ca62fdc31b3698397796d95e669135c015d27802c84b579b2227,2752,79.0,33.0,interior,-0.0,-0.0,-0.0,-0.0,-0.0,-0.0
6,6,loading,0.85,479581b9b216ca62fdc31b3698397796d95e669135c015d27802c84b579b2227,2753,80.0,33.0,physical_only,-0.0,-0.0,-0.0,-0.0,-0.0,-0.0
6,6,loading,0.85,479581b9b216ca62fdc31b3698397796d95e669135c015d27802c84b579b2227,2816,62.0,34.0,physical_only,-2.943666422470364e-06,-4.0043138331253497e-07,-1.7699231593389384e-06,3.595941192639945e-08,-1.1737432631314258e-06,-4.363907952389345e-07
6,6,loading,0.85,479581b9b216ca62fdc31b3698397796d95e669135c015d27802c84b579b2227,2817,63.0,34.0,interior,-0.0,-0.0,-0.0,-0.0,-0.0,-0.0
6,6,loading,0.85,479581b9b216ca62fdc31b3698397796d95e669135c015d27802c84b579b2227,2818,64.0,34.0,interior,-0.0,-0.0,-0.0,-0.0,-0.0,-0.0
6,6,loading,0.85,479581b9b216ca62fdc31b3698397796d95e669135c015d27802c84b579b2227,2819,65.0,34.0,interior,-0.0,-0.0,-0.0,-0.0,-0.0,-0.0
6,6,loading,0.85,479581b9b216ca62fdc31b3698397796d95e669135c015d27802c84b579b2227,2820,66.0,34.0,interior,-0.0,-0.0,-0.0,-0.0,-0.0,-0.0
6,6,loading,0.85,479581b9b216ca62fdc31b3698397796d95e669135c015d27802c84b579b2227,2821,67.0,34.0,interior,-0.0,-0.0,-0.0,-0.0,-0.0,-0.0
6,6,loading,0.85,479581b9b216ca62fdc31b3698397796d95e669135c015d27802c84b579b2227,2822,68.0,34.0,interior,-0.0,-0.0,-0.0,-0.0,-0.0,-0.0
6,6,loading,0.85,479581b9b216ca62fdc31b3698397796d95e669135c015d27802c84b579b2227,2823,69.0,34.0,interior,-0.0,-0.0,-0.0,-0.0,-0.0,-0.0
6,6,loading,0.85,479581b9b216ca62fdc31b3698397796d95e669135c015d27802c84b579b2227,2824,70.0,34.0,interior,-0.0,-0.0,-0.0,-0.0,-0.0,-0.0
6,6,loading,0.85,479581b9b216ca62fdc31b3698397796d95e669135c015d27802c84b579b2227,2825,71.0,34.0,interior,-0.0,-0.0,-0.0,-0.0,-0.0,-0.0
6,6,loading,0.85,479581b9b216ca62fdc31b3698397796d95e669135c015d27802c84b579b2227,2826,72.0,34.0,interior,-0.0,-0.0,-0.0,-0.0,-0.0,-0.0
6,6,loading,0.85,479581b9b216ca62fdc31b3698397796d95e669135c015d27802c84b579b2227,2827,73.0,34.0,interior,-0.0,-0.0,-0.0,-0.0,-0.0,-0.0
6,6,loading,0.85,479581b9b216ca62fdc31b3698397796d95e669135c015d27802c84b579b2227,2828,74.0,34.0,interior,-0.0,-0.0,-0.0,-0.0,-0.0,-0.0
6,6,loading,0.85,479581b9b216ca62fdc31b3698397796d95e669135c015d27802c84b579b2227,2829,75.0,34.0,interior,-0.0,-0.0,-0.0,-0.0,-0.0,-0.0
6,6,loading,0.85,479581b9b216ca62fdc31b3698397796d95e669135c015d27802c84b579b2227,2830,76.0,34.0,interior,-0.0,-0.0,-0.0,-0.0,-0.0,-0.0
6,6,loading,0.85,479581b9b216ca62fdc31b3698397796d95e669135c015d27802c84b579b2227,2831,77.0,34.0,interior,-0.0,-0.0,-0.0,-0.0,-0.0,-0.0
6,6,loading,0.85,479581b9b216ca62fdc31b3698397796d95e669135c015d27802c84b579b2227,2832,78.0,34.0,interior,-0.0,-0.0,-0.0,-0.0,-0.0,-0.0
6,6,loading,0.85,479581b9b216ca62fdc31b3698397796d95e669135c015d27802c84b579b2227,2833,79.0,34.0,interior,-0.0,-0.0,-0.0,-0.0,-0.0,-0.0
6,6,loading,0.85,479581b9b216ca62fdc31b3698397796d95e669135c015d27802c84b579b2227,2834,80.0,34.0,physical_only,-0.0,-0.0,-0.0,-0.0,-0.0,-0.0
6,6,loading,0.85,479581b9b216ca62fdc31b3698397796d95e669135c015d27802c84b579b2227,2897,62.0,35.0,physical_only,-2.776476791115436e-06,-5.511742739841054e-08,-1.826939196112223e-06,3.021729835371366e-08,-9.495375950032129e-07,-8.53347257521242e-08
6,6,loading,0.85,479581b9b216ca62fdc31b3698397796d95e669135c015d27802c84b579b2227,2898,63.0,35.0,interior,-0.0,-0.0,-0.0,-0.0,-0.0,-0.0
6,6,loading,0.85,479581b9b216ca62fdc31b3698397796d95e669135c015d27802c84b579b2227,2899,64.0,35.0,interior,-0.0,-0.0,-0.0,-0.0,-0.0,-0.0
6,6,loading,0.85,479581b9b216ca62fdc31b3698397796d95e669135c015d27802c84b579b2227,2900,65.0,35.0,interior,-0.0,-0.0,-0.0,-0.0,-0.0,-0.0
6,6,loading,0.85,479581b9b216ca62fdc31b3698397796d95e669135c015d27802c84b579b2227,2901,66.0,35.0,interior,-0.0,-0.0,-0.0,-0.0,-0.0,-0.0
6,6,loading,0.85,479581b9b216ca62fdc31b3698397796d95e669135c015d27802c84b579b2227,2902,67.0,35.0,interior,-0.0,-0.0,-0.0,-0.0,-0.0,-0.0
6,6,loading,0.85,479581b9b216ca62fdc31b3698397796d95e669135c015d27802c84b579b2227,2903,68.0,35.0,interior,-0.0,-0.0,-0.0,-0.0,-0.0,-0.0
6,6,loading,0.85,479581b9b216ca62fdc31b3698397796d95e669135c015d27802c84b579b2227,2904,69.0,35.0,interior,-0.0,-0.0,-0.0,-0.0,-0.0,-0.0
6,6,loading,0.85,479581b9b216ca62fdc31b3698397796d95e669135c015d27802c84b579b2227,2905,70.0,35.0,interior,-0.0,-0.0,-0.0,-0.0,-0.0,-0.0
6,6,loading,0.85,479581b9b216ca62fdc31b3698397796d95e669135c015d27802c84b579b2227,2906,71.0,35.0,interior,-0.0,-0.0,-0.0,-0.0,-0.0,-0.0
6,6,loading,0.85,479581b9b216ca62fdc31b3698397796d95e669135c015d27802c84b579b2227,2907,72.0,35.0,interior,-0.0,-0.0,-0.0,-0.0,-0.0,-0.0
6,6,loading,0.85,479581b9b216ca62fdc31b3698397796d95e669135c015d27802c84b579b2227,2908,73.0,35.0,interior,-0.0,-0.0,-0.0,-0.0,-0.0,-0.0
6,6,loading,0.85,479581b9b216ca62fdc31b3698397796d95e669135c015d27802c84b579b2227,2909,74.0,35.0,interior,-0.0,-0.0,-0.0,-0.0,-0.0,-0.0
6,6,loading,0.85,479581b9b216ca62fdc31b3698397796d95e669135c015d27802c84b579b2227,2910,75.0,35.0,interior,-0.0,-0.0,-0.0,-0.0,-0.0,-0.0
6,6,loading,0.85,479581b9b216ca62fdc31b3698397796d95e669135c015d27802c84b579b2227,2911,76.0,35.0,interior,-0.0,-0.0,-0.0,-0.0,-0.0,-0.0
6,6,loading,0.85,479581b9b216ca62fdc31b3698397796d95e669135c015d27802c84b579b2227,2912,77.0,35.0,interior,-0.0,-0.0,-0.0,-0.0,-0.0,-0.0
6,6,loading,0.85,479581b9b216ca62fdc31b3698397796d95e669135c015d27802c84b579b2227,2913,78.0,35.0,interior,-0.0,-0.0,-0.0,-0.0,-0.0,-0.0
6,6,loading,0.85,479581b9b216ca62fdc31b3698397796d95e669135c015d27802c84b579b2227,2914,79.0,35.0,interior,-0.0,-0.0,-0.0,-0.0,-0.0,-0.0
6,6,loading,0.85,479581b9b216ca62fdc31b3698397796d95e669135c015d27802c84b579b2227,2915,80.0,35.0,physical_only,-0.0,-0.0,-0.0,-0.0,-0.0,-0.0
6,6,loading,0.85,479581b9b216ca62fdc31b3698397796d95e669135c015d27802c84b579b2227,2978,62.0,36.0,physical_only,-2.830046216343444e-06,1.2326983636352823e-07,-1.8742368529901604e-06,2.532001732653832e-08,-9.558093633532835e-07,9.794981903698991e-08
6,6,loading,0.85,479581b9b216ca62fdc31b3698397796d95e669135c015d27802c84b579b2227,2979,63.0,36.0,interior,-0.0,-0.0,-0.0,-0.0,-0.0,-0.0
6,6,loading,0.85,479581b9b216ca62fdc31b3698397796d95e669135c015d27802c84b579b2227,2980,64.0,36.0,interior,-0.0,-0.0,-0.0,-0.0,-0.0,-0.0
6,6,loading,0.85,479581b9b216ca62fdc31b3698397796d95e669135c015d27802c84b579b2227,2981,65.0,36.0,interior,-0.0,-0.0,-0.0,-0.0,-0.0,-0.0
6,6,loading,0.85,479581b9b216ca62fdc31b3698397796d95e669135c015d27802c84b579b2227,2982,66.0,36.0,interior,-0.0,-0.0,-0.0,-0.0,-0.0,-0.0
6,6,loading,0.85,479581b9b216ca62fdc31b3698397796d95e669135c015d27802c84b579b2227,2983,67.0,36.0,interior,-0.0,-0.0,-0.0,-0.0,-0.0,-0.0
6,6,loading,0.85,479581b9b216ca62fdc31b3698397796d95e669135c015d27802c84b579b2227,2984,68.0,36.0,interior,-0.0,-0.0,-0.0,-0.0,-0.0,-0.0
6,6,loading,0.85,479581b9b216ca62fdc31b3698397796d95e669135c015d27802c84b579b2227,2985,69.0,36.0,interior,-0.0,-0.0,-0.0,-0.0,-0.0,-0.0
6,6,loading,0.85,479581b9b216ca62fdc31b3698397796d95e669135c015d27802c84b579b2227,2986,70.0,36.0,interior,-0.0,-0.0,-0.0,-0.0,-0.0,-0.0
6,6,loading,0.85,479581b9b216ca62fdc31b3698397796d95e669135c015d27802c84b579b2227,2987,71.0,36.0,interior,-0.0,-0.0,-0.0,-0.0,-0.0,-0.0
6,6,loading,0.85,479581b9b216ca62fdc31b3698397796d95e669135c015d27802c84b579b2227,2988,72.0,36.0,interior,-0.0,-0.0,-0.0,-0.0,-0.0,-0.0
6,6,loading,0.85,479581b9b216ca62fdc31b3698397796d95e669135c015d27802c84b579b2227,2989,73.0,36.0,interior,-0.0,-0.0,-0.0,-0.0,-0.0,-0.0
6,6,loading,0.85,479581b9b216ca62fdc31b3698397796d95e669135c015d27802c84b579b2227,2990,74.0,36.0,interior,-0.0,-0.0,-0.0,-0.0,-0.0,-0.0
6,6,loading,0.85,479581b9b216ca62fdc31b3698397796d95e669135c015d27802c84b579b2227,2991,75.0,36.0,interior,-0.0,-0.0,-0.0,-0.0,-0.0,-0.0
6,6,loading,0.85,479581b9b216ca62fdc31b3698397796d95e669135c015d27802c84b579b2227,2992,76.0,36.0,interior,-0.0,-0.0,-0.0,-0.0,-0.0,-0.0
6,6,loading,0.85,479581b9b216ca62fdc31b3698397796d95e669135c015d27802c84b579b2227,2993,77.0,36.0,interior,-0.0,-0.0,-0.0,-0.0,-0.0,-0.0
6,6,loading,0.85,479581b9b216ca62fdc31b3698397796d95e669135c015d27802c84b579b2227,2994,78.0,36.0,interior,-0.0,-0.0,-0.0,-0.0,-0.0,-0.0
6,6,loading,0.85,479581b9b216ca62fdc31b3698397796d95e669135c015d27802c84b579b2227,2995,79.0,36.0,interior,-0.0,-0.0,-0.0,-0.0,-0.0,-0.0
6,6,loading,0.85,479581b9b216ca62fdc31b3698397796d95e669135c015d27802c84b579b2227,2996,80.0,36.0,physical_only,-0.0,-0.0,-0.0,-0.0,-0.0,-0.0
6,6,loading,0.85,479581b9b216ca62fdc31b3698397796d95e669135c015d27802c84b579b2227,3059,62.0,37.0,physical_only,-2.9460616693028094e-06,1.7316634589315504e-07,-1.9121331066408214e-06,2.005061372579524e-08,-1.033928562661988e-06,1.531157321673597e-07
6,6,loading,0.85,479581b9b216ca62fdc31b3698397796d95e669135c015d27802c84b579b2227,3060,63.0,37.0,interior,-0.0,-0.0,-0.0,-0.0,-0.0,-0.0
6,6,loading,0.85,479581b9b216ca62fdc31b3698397796d95e669135c015d27802c84b579b2227,3061,64.0,37.0,interior,-0.0,-0.0,-0.0,-0.0,-0.0,-0.0
6,6,loading,0.85,479581b9b216ca62fdc31b3698397796d95e669135c015d27802c84b579b2227,3062,65.0,37.0,interior,-0.0,-0.0,-0.0,-0.0,-0.0,-0.0
6,6,loading,0.85,479581b9b216ca62fdc31b3698397796d95e669135c015d27802c84b579b2227,3063,66.0,37.0,interior,-0.0,-0.0,-0.0,-0.0,-0.0,-0.0
6,6,loading,0.85,479581b9b216ca62fdc31b3698397796d95e669135c015d27802c84b579b2227,3064,67.0,37.0,interior,-0.0,-0.0,-0.0,-0.0,-0.0,-0.0
6,6,loading,0.85,479581b9b216ca62fdc31b3698397796d95e669135c015d27802c84b579b2227,3065,68.0,37.0,interior,-0.0,-0.0,-0.0,-0.0,-0.0,-0.0
6,6,loading,0.85,479581b9b216ca62fdc31b3698397796d95e669135c015d27802c84b579b2227,3066,69.0,37.0,interior,-0.0,-0.0,-0.0,-0.0,-0.0,-0.0
6,6,loading,0.85,479581b9b216ca62fdc31b3698397796d95e669135c015d27802c84b579b2227,3067,70.0,37.0,interior,-0.0,-0.0,-0.0,-0.0,-0.0,-0.0
6,6,loading,0.85,479581b9b216ca62fdc31b3698397796d95e669135c015d27802c84b579b2227,3068,71.0,37.0,interior,-0.0,-0.0,-0.0,-0.0,-0.0,-0.0
6,6,loading,0.85,479581b9b216ca62fdc31b3698397796d95e669135c015d27802c84b579b2227,3069,72.0,37.0,interior,-0.0,-0.0,-0.0,-0.0,-0.0,-0.0
6,6,loading,0.85,479581b9b216ca62fdc31b3698397796d95e669135c015d27802c84b579b2227,3070,73.0,37.0,interior,-0.0,-0.0,-0.0,-0.0,-0.0,-0.0
6,6,loading,0.85,479581b9b216ca62fdc31b3698397796d95e669135c015d27802c84b579b2227,3071,74.0,37.0,interior,-0.0,-0.0,-0.0,-0.0,-0.0,-0.0
6,6,loading,0.85,479581b9b216ca62fdc31b3698397796d95e669135c015d27802c84b579b2227,3072,75.0,37.0,interior,-0.0,-0.0,-0.0,-0.0,-0.0,-0.0
6,6,loading,0.85,479581b9b216ca62fdc31b3698397796d95e669135c015d27802c84b579b2227,3073,76.0,37.0,interior,-0.0,-0.0,-0.0,-0.0,-0.0,-0.0
6,6,loading,0.85,479581b9b216ca62fdc31b3698397796d95e669135c015d27802c84b579b2227,3074,77.0,37.0,interior,-0.0,-0.0,-0.0,-0.0,-0.0,-0.0
6,6,loading,0.85,479581b9b216ca62fdc31b3698397796d95e669135c015d27802c84b579b2227,3075,78.0,37.0,interior,-0.0,-0.0,-0.0,-0.0,-0.0,-0.0
6,6,loading,0.85,479581b9b216ca62fdc31b3698397796d95e669135c015d27802c84b579b2227,3076,79.0,37.0,interior,-0.0,-0.0,-0.0,-0.0,-0.0,-0.0
6,6,loading,0.85,479581b9b216ca62fdc31b3698397796d95e669135c015d27802c84b579b2227,3077,80.0,37.0,physical_only,-0.0,-0.0,-0.0,-0.0,-0.0,-0.0
6,6,loading,0.85,479581b9b216ca62fdc31b3698397796d95e669135c015d27802c84b579b2227,3140,62.0,38.0,physical_only,-3.0486288241794997e-06,1.438265200415913e-07,-1.940014533303204e-06,1.3986709336367062e-08,-1.1086142908762958e-06,1.2983981070522418e-07
6,6,loading,0.85,479581b9b216ca62fdc31b3698397796d95e669135c015d27802c84b579b2227,3141,63.0,38.0,interior,-0.0,-0.0,-0.0,-0.0,-0.0,-0.0
6,6,loading,0.85,479581b9b216ca62fdc31b3698397796d95e669135c015d27802c84b579b2227,3142,64.0,38.0,interior,-0.0,-0.0,-0.0,-0.0,-0.0,-0.0
6,6,loading,0.85,479581b9b216ca62fdc31b3698397796d95e669135c015d27802c84b579b2227,3143,65.0,38.0,interior,-0.0,-0.0,-0.0,-0.0,-0.0,-0.0
6,6,loading,0.85,479581b9b216ca62fdc31b3698397796d95e669135c015d27802c84b579b2227,3144,66.0,38.0,interior,-0.0,-0.0,-0.0,-0.0,-0.0,-0.0
6,6,loading,0.85,479581b9b216ca62fdc31b3698397796d95e669135c015d27802c84b579b2227,3145,67.0,38.0,interior,-0.0,-0.0,-0.0,-0.0,-0.0,-0.0
6,6,loading,0.85,479581b9b216ca62fdc31b3698397796d95e669135c015d27802c84b579b2227,3146,68.0,38.0,interior,-0.0,-0.0,-0.0,-0.0,-0.0,-0.0
6,6,loading,0.85,479581b9b216ca62fdc31b3698397796d95e669135c015d27802c84b579b2227,3147,69.0,38.0,interior,-0.0,-0.0,-0.0,-0.0,-0.0,-0.0
6,6,loading,0.85,479581b9b216ca62fdc31b3698397796d95e669135c015d27802c84b579b2227,3148,70.0,38.0,interior,-0.0,-0.0,-0.0,-0.0,-0.0,-0.0
6,6,loading,0.85,479581b9b216ca62fdc31b3698397796d95e669135c015d27802c84b579b2227,3149,71.0,38.0,interior,-0.0,-0.0,-0.0,-0.0,-0.0,-0.0
6,6,loading,0.85,479581b9b216ca62fdc31b3698397796d95e669135c015d27802c84b579b2227,3150,72.0,38.0,interior,-0.0,-0.0,-0.0,-0.0,-0.0,-0.0
6,6,loading,0.85,479581b9b216ca62fdc31b3698397796d95e669135c015d27802c84b579b2227,3151,73.0,38.0,interior,-0.0,-0.0,-0.0,-0.0,-0.0,-0.0
6,6,loading,0.85,479581b9b216ca62fdc31b3698397796d95e669135c015d27802c84b579b2227,3152,74.0,38.0,interior,-0.0,-0.0,-0.0,-0.0,-0.0,-0.0
6,6,loading,0.85,479581b9b216ca62fdc31b3698397796d95e669135c015d27802c84b579b2227,3153,75.0,38.0,interior,-0.0,-0.0,-0.0,-0.0,-0.0,-0.0
6,6,loading,0.85,479581b9b216ca62fdc31b3698397796d95e669135c015d27802c84b579b2227,3154,76.0,38.0,interior,-0.0,-0.0,-0.0,-0.0,-0.0,-0.0
6,6,loading,0.85,479581b9b216ca62fdc31b3698397796d95e669135c015d27802c84b579b2227,3155,77.0,38.0,interior,-0.0,-0.0,-0.0,-0.0,-0.0,-0.0
6,6,loading,0.85,479581b9b216ca62fdc31b3698397796d95e669135c015d27802c84b579b2227,3156,78.0,38.0,interior,-0.0,-0.0,-0.0,-0.0,-0.0,-0.0
6,6,loading,0.85,479581b9b216ca62fdc31b3698397796d95e669135c015d27802c84b579b2227,3157,79.0,38.0,interior,-0.0,-0.0,-0.0,-0.0,-0.0,-0.0
6,6,loading,0.85,479581b9b216ca62fdc31b3698397796d95e669135c015d27802c84b579b2227,3158,80.0,38.0,physical_only,-0.0,-0.0,-0.0,-0.0,-0.0,-0.0
6,6,loading,0.85,479581b9b216ca62fdc31b3698397796d95e669135c015d27802c84b579b2227,3221,62.0,39.0,physical_only,-3.110522071047893e-06,7.776498454196932e-08,-1.957111802503964e-06,7.197097569708076e-09,-1.1534102685439292e-06,7.056788697226135e-08
6,6,loading,0.85,479581b9b216ca62fdc31b3698397796d95e669135c015d27802c84b579b2227,3222,63.0,39.0,interior,-0.0,-0.0,-0.0,-0.0,-0.0,-0.0
6,6,loading,0.85,479581b9b216ca62fdc31b3698397796d95e669135c015d27802c84b579b2227,3223,64.0,39.0,interior,-0.0,-0.0,-0.0,-0.0,-0.0,-0.0
6,6,loading,0.85,479581b9b216ca62fdc31b3698397796d95e669135c015d27802c84b579b2227,3224,65.0,39.0,interior,-0.0,-0.0,-0.0,-0.0,-0.0,-0.0
6,6,loading,0.85,479581b9b216ca62fdc31b3698397796d95e669135c015d27802c84b579b2227,3225,66.0,39.0,interior,-0.0,-0.0,-0.0,-0.0,-0.0,-0.0
6,6,loading,0.85,479581b9b216ca62fdc31b3698397796d95e669135c015d27802c84b579b2227,3226,67.0,39.0,interior,-0.0,-0.0,-0.0,-0.0,-0.0,-0.0
6,6,loading,0.85,479581b9b216ca62fdc31b3698397796d95e669135c015d27802c84b579b2227,3227,68.0,39.0,interior,-0.0,-0.0,-0.0,-0.0,-0.0,-0.0
6,6,loading,0.85,479581b9b216ca62fdc31b3698397796d95e669135c015d27802c84b579b2227,3228,69.0,39.0,interior,-0.0,-0.0,-0.0,-0.0,-0.0,-0.0
6,6,loading,0.85,479581b9b216ca62fdc31b3698397796d95e669135c015d27802c84b579b2227,3229,70.0,39.0,interior,-0.0,-0.0,-0.0,-0.0,-0.0,-0.0
6,6,loading,0.85,479581b9b216ca62fdc31b3698397796d95e669135c015d27802c84b579b2227,3230,71.0,39.0,interior,-0.0,-0.0,-0.0,-0.0,-0.0,-0.0
6,6,loading,0.85,479581b9b216ca62fdc31b3698397796d95e669135c015d27802c84b579b2227,3231,72.0,39.0,interior,-0.0,-0.0,-0.0,-0.0,-0.0,-0.0
6,6,loading,0.85,479581b9b216ca62fdc31b3698397796d95e669135c015d27802c84b579b2227,3232,73.0,39.0,interior,-0.0,-0.0,-0.0,-0.0,-0.0,-0.0
6,6,loading,0.85,479581b9b216ca62fdc31b3698397796d95e669135c015d27802c84b579b2227,3233,74.0,39.0,interior,-0.0,-0.0,-0.0,-0.0,-0.0,-0.0
6,6,loading,0.85,479581b9b216ca62fdc31b3698397796d95e669135c015d27802c84b579b2227,3234,75.0,39.0,interior,-0.0,-0.0,-0.0,-0.0,-0.0,-0.0
6,6,loading,0.85,479581b9b216ca62fdc31b3698397796d95e669135c015d27802c84b579b2227,3235,76.0,39.0,interior,-0.0,-0.0,-0.0,-0.0,-0.0,-0.0
6,6,loading,0.85,479581b9b216ca62fdc31b3698397796d95e669135c015d27802c84b579b2227,3236,77.0,39.0,interior,-0.0,-0.0,-0.0,-0.0,-0.0,-0.0
6,6,loading,0.85,479581b9b216ca62fdc31b3698397796d95e669135c015d27802c84b579b2227,3237,78.0,39.0,interior,-0.0,-0.0,-0.0,-0.0,-0.0,-0.0
6,6,loading,0.85,479581b9b216ca62fdc31b3698397796d95e669135c015d27802c84b579b2227,3238,79.0,39.0,interior,-0.0,-0.0,-0.0,-0.0,-0.0,-0.0
6,6,loading,0.85,479581b9b216ca62fdc31b3698397796d95e669135c015d27802c84b579b2227,3239,80.0,39.0,physical_only,-0.0,-0.0,-0.0,-0.0,-0.0,-0.0
6,6,loading,0.85,479581b9b216ca62fdc31b3698397796d95e669135c015d27802c84b579b2227,3302,62.0,40.0,physical_and_cut,-1.5651819949761718e-06,-1.2551915967872748e-06,-9.814375234711215e-07,-4.451986597838556e-07,-5.837444715050504e-07,-8.099929370034192e-07
6,6,loading,0.85,479581b9b216ca62fdc31b3698397796d95e669135c015d27802c84b579b2227,3303,63.0,40.0,cut_only,-0.0,-0.0,-0.0,-0.0,-0.0,-0.0
6,6,loading,0.85,479581b9b216ca62fdc31b3698397796d95e669135c015d27802c84b579b2227,3304,64.0,40.0,cut_only,-0.0,-0.0,-0.0,-0.0,-0.0,-0.0
6,6,loading,0.85,479581b9b216ca62fdc31b3698397796d95e669135c015d27802c84b579b2227,3305,65.0,40.0,cut_only,-0.0,-0.0,-0.0,-0.0,-0.0,-0.0
6,6,loading,0.85,479581b9b216ca62fdc31b3698397796d95e669135c015d27802c84b579b2227,3306,66.0,40.0,cut_only,-0.0,-0.0,-0.0,-0.0,-0.0,-0.0
6,6,loading,0.85,479581b9b216ca62fdc31b3698397796d95e669135c015d27802c84b579b2227,3307,67.0,40.0,cut_only,-0.0,-0.0,-0.0,-0.0,-0.0,-0.0
6,6,loading,0.85,479581b9b216ca62fdc31b3698397796d95e669135c015d27802c84b579b2227,3308,68.0,40.0,cut_only,-0.0,-0.0,-0.0,-0.0,-0.0,-0.0
6,6,loading,0.85,479581b9b216ca62fdc31b3698397796d95e669135c015d27802c84b579b2227,3309,69.0,40.0,cut_only,-0.0,-0.0,-0.0,-0.0,-0.0,-0.0
6,6,loading,0.85,479581b9b216ca62fdc31b3698397796d95e669135c015d27802c84b579b2227,3310,70.0,40.0,cut_only,-0.0,-0.0,-0.0,-0.0,-0.0,-0.0
6,6,loading,0.85,479581b9b216ca62fdc31b3698397796d95e669135c015d27802c84b579b2227,3311,71.0,40.0,cut_only,-0.0,-0.0,-0.0,-0.0,-0.0,-0.0
6,6,loading,0.85,479581b9b216ca62fdc31b3698397796d95e669135c015d27802c84b579b2227,3312,72.0,40.0,cut_only,-0.0,-0.0,-0.0,-0.0,-0.0,-0.0
6,6,loading,0.85,479581b9b216ca62fdc31b3698397796d95e669135c015d27802c84b579b2227,3313,73.0,40.0,cut_only,-0.0,-0.0,-0.0,-0.0,-0.0,-0.0
6,6,loading,0.85,479581b9b216ca62fdc31b3698397796d95e669135c015d27802c84b579b2227,3314,74.0,40.0,cut_only,-0.0,-0.0,-0.0,-0.0,-0.0,-0.0
6,6,loading,0.85,479581b9b216ca62fdc31b3698397796d95e669135c015d27802c84b579b2227,3315,75.0,40.0,cut_only,-0.0,-0.0,-0.0,-0.0,-0.0,-0.0
6,6,loading,0.85,479581b9b216ca62fdc31b3698397796d95e669135c015d27802c84b579b2227,3316,76.0,40.0,cut_only,-0.0,-0.0,-0.0,-0.0,-0.0,-0.0
6,6,loading,0.85,479581b9b216ca62fdc31b3698397796d95e669135c015d27802c84b579b2227,3317,77.0,40.0,cut_only,-0.0,-0.0,-0.0,-0.0,-0.0,-0.0
6,6,loading,0.85,479581b9b216ca62fdc31b3698397796d95e669135c015d27802c84b579b2227,3318,78.0,40.0,cut_only,-0.0,-0.0,-0.0,-0.0,-0.0,-0.0
6,6,loading,0.85,479581b9b216ca62fdc31b3698397796d95e669135c015d27802c84b579b2227,3319,79.0,40.0,cut_only,-0.0,-0.0,-0.0,-0.0,-0.0,-0.0
6,6,loading,0.85,479581b9b216ca62fdc31b3698397796d95e669135c015d27802c84b579b2227,3320,80.0,40.0,physical_and_cut,-0.0,-0.0,-0.0,-0.0,-0.0,-0.0
7,7,loading,0.9,8341ee1dab4cfe117ff415736604f90e7667c954e63b04a4b8952aa07674522f,2573,62.0,31.0,physical_only,-0.00044241174634922513,-7.391696696677954e-05,-2.843662304797222e-06,3.206307938157165e-06,-0.0004395680840444279,-7.712327490493669e-05
7,7,loading,0.9,8341ee1dab4cfe117ff415736604f90e7667c954e63b04a4b8952aa07674522f,2574,63.0,31.0,physical_only,3.733249771946598e-07,-6.253942520811369e-05,-1.5962092785350445e-06,3.699877127728444e-06,1.9695342557297043e-06,-6.623930233584213e-05
7,7,loading,0.9,8341ee1dab4cfe117ff415736604f90e7667c954e63b04a4b8952aa07674522f,2575,64.0,31.0,physical_only,2.921985546438128e-06,-8.347079877426731e-05,-1.6328880882048126e-06,4.7544015232629574e-06,4.554873634642941e-06,-8.822520029753023e-05
7,7,loading,0.9,8341ee1dab4cfe117ff415736604f90e7667c954e63b04a4b8952aa07674522f,2576,65.0,31.0,physical_only,3.7005936296781137e-06,-0.00011293703904800189,-1.678973332730602e-06,5.969279575769507e-06,5.379566962408713e-06,-0.00011890631862377136
7,7,loading,0.9,8341ee1dab4cfe117ff415736604f90e7667c954e63b04a4b8952aa07674522f,2577,66.0,31.0,physical_only,2.577344863232717e-06,-0.0001484820967129247,-1.7349867500979783e-06,7.396464815057435e-06,4.312331613330693e-06,-0.00015587856152798213
7,7,loading,0.9,8341ee1dab4cfe117ff415736604f90e7667c954e63b04a4b8952aa07674522f,2578,67.0,31.0,physical_only,5.20113746540241e-07,-0.00018960174217688838,-1.799903092617546e-06,9.097923969111677e-06,2.320016839157789e-06,-0.0001986996661460001
7,7,loading,0.9,8341ee1dab4cfe117ff415736604f90e7667c954e63b04a4b8952aa07674522f,2579,68.0,31.0,physical_only,3.3820759775033305e-07,-0.0002395117359375986,-1.8743426354432627e-06,1.1152238579429668e-05,2.2125502331935945e-06,-0.0002506639745170282
7,7,loading,0.9,8341ee1dab4cfe117ff415736604f90e7667c954e63b04a4b8952aa07674522f,2580,69.0,31.0,physical_only,-2.8689554291971503e-07,-0.0003017386568333815,-1.9607764125634543e-06,1.3667624229452169e-05,1.6738808696437392e-06,-0.00031540628106283366
7,7,loading,0.9,8341ee1dab4cfe117ff415736604f90e7667c954e63b04a4b8952aa07674522f,2581,70.0,31.0,physical_only,-1.193118197001005e-06,-0.00037715660557342237,-2.0636362075520145e-06,1.6800726427723487e-05,8.705180105510088e-07,-0.0003939573320011459
7,7,loading,0.9,8341ee1dab4cfe117ff415736604f90e7667c954e63b04a4b8952aa07674522f,2582,71.0,31.0,physical_only,-2.3193833785840324e-06,-0.00046781370470084095,-2.1891575109659e-06,2.0785018181407987e-05,-1.302258676181341e-07,-0.0004885987228822491
7,7,loading,0.9,8341ee1dab4cfe117ff415736604f90e7667c954e63b04a4b8952aa07674522f,2583,72.0,31.0,physical_only,-3.389631692898047e-06,-0.0005759692300244951,-2.3470562588247745e-06,2.5982862660764142e-05,-1.0425754340732696e-06,-0.000601952092685259
7,7,loading,0.9,8341ee1dab4cfe117ff415736604f90e7667c954e63b04a4b8952aa07674522f,2584,73.0,31.0,physical_only,-4.145982700238622e-06,-0.0007029939336440157,-2.552885357550077e-06,3.298497593339129e-05,-1.5930973426885496e-06,-0.0007359789095774073
7,7,loading,0.9,8341ee1dab4cfe117ff415736604f90e7667c954e63b04a4b8952aa07674522f,2585,74.0,31.0,physical_only,1.329029809301102e-06,-0.0008554235167058111,-2.8345345618229353e-06,4.282150548153126e-05,4.163564371124037e-06,-0.000898245022187342
7,7,loading,0.9,8341ee1dab4cfe117ff415736604f90e7667c954e63b04a4b8952aa07674522f,2586,75.0,31.0,physical_only,1.1533733576724996e-05,-0.0010513951132783295,-3.247558654514697e-06,5.7470402372605684e-05,1.4781292231239695e-05,-0.0011088655156509357
7,7,loading,0.9,8341ee1dab4cfe117ff415736604f90e7667c954e63b04a4b8952aa07674522f,2587,76.0,31.0,physical_only,1.7440253614604302e-05,-0.0013106686951984926,-3.914280661043983e-06,8.126790269155274e-05,2.1354534275648292e-05,-0.0013919365978900455
7,7,loading,0.9,8341ee1dab4cfe117ff415736604f90e7667c954e63b04a4b8952aa07674522f,2588,77.0,31.0,physical_only,-8.560213073125027e-06,-0.001590739943584561,-5.135031776969777e-06,0.00012559769461261702,-3.4251812961552414e-06,-0.0017163376381971775
7,7,loading,0.9,8341ee1dab4cfe117ff415736604f90e7667c954e63b04a4b8952aa07674522f,2589,78.0,31.0,physical_only,-5.225021176850399e-05,-0.0018579295120613893,-7.981134015277571e-06,0.00023196678087189252,-4.4269077753226416e-05,-0.0020898962929332826
7,7,loading,0.9,8341ee1dab4cfe117ff415736604f90e7667c954e63b04a4b8952aa07674522f,2590,79.0,31.0,physical_only,-0.00015047687863405026,-0.000462344564424429,-1.9409696161649842e-05,0.0007297857595122925,-0.00013106718247240043,-0.0011921303239367225
7,7,loading,0.9,8341ee1dab4cfe117ff415736604f90e7667c954e63b04a4b8952aa07674522f,2591,80.0,31.0,physical_only,-0.00035664432625311077,0.024277442804661004,-0.0004660003279174678,0.012195091821159175,0.00010935600166435705,0.012082350983501829
7,7,loading,0.9,8341ee1dab4cfe117ff415736604f90e7667c954e63b04a4b8952aa07674522f,2654,62.0,32.0,physical_only,-4.970346306482092e-06,-1.3045565232519712e-06,-1.6213636317997604e-06,5.8063550984684846e-08,-3.348982674682331e-06,-1.362620074236656e-06
7,7,loading,0.9,8341ee1dab4cfe117ff415736604f90e7667c954e63b04a4b8952aa07674522f,2655,63.0,32.0,interior,-0.0,-0.0,-0.0,-0.0,-0.0,-0.0
7,7,loading,0.9,8341ee1dab4cfe117ff415736604f90e7667c954e63b04a4b8952aa07674522f,2656,64.0,32.0,interior,-0.0,-0.0,-0.0,-0.0,-0.0,-0.0
7,7,loading,0.9,8341ee1dab4cfe117ff415736604f90e7667c954e63b04a4b8952aa07674522f,2657,65.0,32.0,interior,-0.0,-0.0,-0.0,-0.0,-0.0,-0.0
7,7,loading,0.9,8341ee1dab4cfe117ff415736604f90e7667c954e63b04a4b8952aa07674522f,2658,66.0,32.0,interior,-0.0,-0.0,-0.0,-0.0,-0.0,-0.0
7,7,loading,0.9,8341ee1dab4cfe117ff415736604f90e7667c954e63b04a4b8952aa07674522f,2659,67.0,32.0,interior,-0.0,-0.0,-0.0,-0.0,-0.0,-0.0
7,7,loading,0.9,8341ee1dab4cfe117ff415736604f90e7667c954e63b04a4b8952aa07674522f,2660,68.0,32.0,interior,-0.0,-0.0,-0.0,-0.0,-0.0,-0.0
7,7,loading,0.9,8341ee1dab4cfe117ff415736604f90e7667c954e63b04a4b8952aa07674522f,2661,69.0,32.0,interior,-0.0,-0.0,-0.0,-0.0,-0.0,-0.0
7,7,loading,0.9,8341ee1dab4cfe117ff415736604f90e7667c954e63b04a4b8952aa07674522f,2662,70.0,32.0,interior,-0.0,-0.0,-0.0,-0.0,-0.0,-0.0
7,7,loading,0.9,8341ee1dab4cfe117ff415736604f90e7667c954e63b04a4b8952aa07674522f,2663,71.0,32.0,interior,-0.0,-0.0,-0.0,-0.0,-0.0,-0.0
7,7,loading,0.9,8341ee1dab4cfe117ff415736604f90e7667c954e63b04a4b8952aa07674522f,2664,72.0,32.0,interior,-0.0,-0.0,-0.0,-0.0,-0.0,-0.0
7,7,loading,0.9,8341ee1dab4cfe117ff415736604f90e7667c954e63b04a4b8952aa07674522f,2665,73.0,32.0,interior,-0.0,-0.0,-0.0,-0.0,-0.0,-0.0
7,7,loading,0.9,8341ee1dab4cfe117ff415736604f90e7667c954e63b04a4b8952aa07674522f,2666,74.0,32.0,interior,-0.0,-0.0,-0.0,-0.0,-0.0,-0.0
7,7,loading,0.9,8341ee1dab4cfe117ff415736604f90e7667c954e63b04a4b8952aa07674522f,2667,75.0,32.0,interior,-0.0,-0.0,-0.0,-0.0,-0.0,-0.0
7,7,loading,0.9,8341ee1dab4cfe117ff415736604f90e7667c954e63b04a4b8952aa07674522f,2668,76.0,32.0,interior,-0.0,-0.0,-0.0,-0.0,-0.0,-0.0
7,7,loading,0.9,8341ee1dab4cfe117ff415736604f90e7667c954e63b04a4b8952aa07674522f,2669,77.0,32.0,interior,-0.0,-0.0,-0.0,-0.0,-0.0,-0.0
7,7,loading,0.9,8341ee1dab4cfe117ff415736604f90e7667c954e63b04a4b8952aa07674522f,2670,78.0,32.0,interior,-0.0,-0.0,-0.0,-0.0,-0.0,-0.0
7,7,loading,0.9,8341ee1dab4cfe117ff415736604f90e7667c954e63b04a4b8952aa07674522f,2671,79.0,32.0,interior,-0.0,-0.0,-0.0,-0.0,-0.0,-0.0
7,7,loading,0.9,8341ee1dab4cfe117ff415736604f90e7667c954e63b04a4b8952aa07674522f,2672,80.0,32.0,physical_only,-0.0,-0.0,-0.0,-0.0,-0.0,-0.0
7,7,loading,0.9,8341ee1dab4cfe117ff415736604f90e7667c954e63b04a4b8952aa07674522f,2735,62.0,33.0,physical_only,-3.6241899659385234e-06,-8.629339638797279e-07,-1.7118763937435644e-06,4.382457291664121e-08,-1.912313572194959e-06,-9.067585367963692e-07
7,7,loading,0.9,8341ee1dab4cfe117ff415736604f90e7667c954e63b04a4b8952aa07674522f,2736,63.0,33.0,interior,-0.0,-0.0,-0.0,-0.0,-0.0,-0.0
7,7,loading,0.9,8341ee1dab4cfe117ff415736604f90e7667c954e63b04a4b8952aa07674522f,2737,64.0,33.0,interior,-0.0,-0.0,-0.0,-0.0,-0.0,-0.0
7,7,loading,0.9,8341ee1dab4cfe117ff415736604f90e7667c954e63b04a4b8952aa07674522f,2738,65.0,33.0,interior,-0.0,-0.0,-0.0,-0.0,-0.0,-0.0
7,7,loading,0.9,8341ee1dab4cfe117ff415736604f90e7667c954e63b04a4b8952aa07674522f,2739,66.0,33.0,interior,-0.0,-0.0,-0.0,-0.0,-0.0,-0.0
7,7,loading,0.9,8341ee1dab4cfe117ff415736604f90e7667c954e63b04a4b8952aa07674522f,2740,67.0,33.0,interior,-0.0,-0.0,-0.0,-0.0,-0.0,-0.0
7,7,loading,0.9,8341ee1dab4cfe117ff415736604f90e7667c954e63b04a4b8952aa07674522f,2741,68.0,33.0,interior,-0.0,-0.0,-0.0,-0.0,-0.0,-0.0
7,7,loading,0.9,8341ee1dab4cfe117ff415736604f90e7667c954e63b04a4b8952aa07674522f,2742,69.0,33.0,interior,-0.0,-0.0,-0.0,-0.0,-0.0,-0.0
7,7,loading,0.9,8341ee1dab4cfe117ff415736604f90e7667c954e63b04a4b8952aa07674522f,2743,70.0,33.0,interior,-0.0,-0.0,-0.0,-0.0,-0.0,-0.0
7,7,loading,0.9,8341ee1dab4cfe117ff415736604f90e7667c954e63b04a4b8952aa07674522f,2744,71.0,33.0,interior,-0.0,-0.0,-0.0,-0.0,-0.0,-0.0
7,7,loading,0.9,8341ee1dab4cfe117ff415736604f90e7667c954e63b04a4b8952aa07674522f,2745,72.0,33.0,interior,-0.0,-0.0,-0.0,-0.0,-0.0,-0.0
7,7,loading,0.9,8341ee1dab4cfe117ff415736604f90e7667c954e63b04a4b8952aa07674522f,2746,73.0,33.0,interior,-0.0,-0.0,-0.0,-0.0,-0.0,-0.0
7,7,loading,0.9,8341ee1dab4cfe117ff415736604f90e7667c954e63b04a4b8952aa07674522f,2747,74.0,33.0,interior,-0.0,-0.0,-0.0,-0.0,-0.0,-0.0
7,7,loading,0.9,8341ee1dab4cfe117ff415736604f90e7667c954e63b04a4b8952aa07674522f,2748,75.0,33.0,interior,-0.0,-0.0,-0.0,-0.0,-0.0,-0.0
7,7,loading,0.9,8341ee1dab4cfe117ff415736604f90e7667c954e63b04a4b8952aa07674522f,2749,76.0,33.0,interior,-0.0,-0.0,-0.0,-0.0,-0.0,-0.0
7,7,loading,0.9,8341ee1dab4cfe117ff415736604f90e7667c954e63b04a4b8952aa07674522f,2750,77.0,33.0,interior,-0.0,-0.0,-0.0,-0.0,-0.0,-0.0
7,7,loading,0.9,8341ee1dab4cfe117ff415736604f90e7667c954e63b04a4b8952aa07674522f,2751,78.0,33.0,interior,-0.0,-0.0,-0.0,-0.0,-0.0,-0.0
7,7,loading,0.9,8341ee1dab4cfe117ff415736604f90e7667c954e63b04a4b8952aa07674522f,2752,79.0,33.0,interior,-0.0,-0.0,-0.0,-0.0,-0.0,-0.0
7,7,loading,0.9,8341ee1dab4cfe117ff415736604f90e7667c954e63b04a4b8952aa07674522f,2753,80.0,33.0,physical_only,-0.0,-0.0,-0.0,-0.0,-0.0,-0.0
7,7,loading,0.9,8341ee1dab4cfe117ff415736604f90e7667c954e63b04a4b8952aa07674522f,2816,62.0,34.0,physical_only,-3.0069535985929965e-06,-3.9551757724755394e-07,-1.7839126075697542e-06,3.5322364937287935e-08,-1.2230409910232419e-06,-4.308399421848417e-07
7,7,loading,0.9,8341ee1dab4cfe117ff415736604f90e7667c954e63b04a4b8952aa07674522f,2817,63.0,34.0,interior,-0.0,-0.0,-0.0,-0.0,-0.0,-0.0
7,7,loading,0.9,8341ee1dab4cfe117ff415736604f90e7667c954e63b04a4b8952aa07674522f,2818,64.0,34.0,interior,-0.0,-0.0,-0.0,-0.0,-0.0,-0.0
7,7,loading,0.9,8341ee1dab4cfe117ff415736604f90e7667c954e63b04a4b8952aa07674522f,2819,65.0,34.0,interior,-0.0,-0.0,-0.0,-0.0,-0.0,-0.0
7,7,loading,0.9,8341ee1dab4cfe117ff415736604f90e7667c954e63b04a4b8952aa07674522f,2820,66.0,34.0,interior,-0.0,-0.0,-0.0,-0.0,-0.0,-0.0
7,7,loading,0.9,8341ee1dab4cfe117ff415736604f90e7667c954e63b04a4b8952aa07674522f,2821,67.0,34.0,interior,-0.0,-0.0,-0.0,-0.0,-0.0,-0.0
7,7,loading,0.9,8341ee1dab4cfe117ff415736604f90e7667c954e63b04a4b8952aa07674522f,2822,68.0,34.0,interior,-0.0,-0.0,-0.0,-0.0,-0.0,-0.0
7,7,loading,0.9,8341ee1dab4cfe117ff415736604f90e7667c954e63b04a4b8952aa07674522f,2823,69.0,34.0,interior,-0.0,-0.0,-0.0,-0.0,-0.0,-0.0
7,7,loading,0.9,8341ee1dab4cfe117ff415736604f90e7667c954e63b04a4b8952aa07674522f,2824,70.0,34.0,interior,-0.0,-0.0,-0.0,-0.0,-0.0,-0.0
7,7,loading,0.9,8341ee1dab4cfe117ff415736604f90e7667c954e63b04a4b8952aa07674522f,2825,71.0,34.0,interior,-0.0,-0.0,-0.0,-0.0,-0.0,-0.0
7,7,loading,0.9,8341ee1dab4cfe117ff415736604f90e7667c954e63b04a4b8952aa07674522f,2826,72.0,34.0,interior,-0.0,-0.0,-0.0,-0.0,-0.0,-0.0
7,7,loading,0.9,8341ee1dab4cfe117ff415736604f90e7667c954e63b04a4b8952aa07674522f,2827,73.0,34.0,interior,-0.0,-0.0,-0.0,-0.0,-0.0,-0.0
7,7,loading,0.9,8341ee1dab4cfe117ff415736604f90e7667c954e63b04a4b8952aa07674522f,2828,74.0,34.0,interior,-0.0,-0.0,-0.0,-0.0,-0.0,-0.0
7,7,loading,0.9,8341ee1dab4cfe117ff415736604f90e7667c954e63b04a4b8952aa07674522f,2829,75.0,34.0,interior,-0.0,-0.0,-0.0,-0.0,-0.0,-0.0
7,7,loading,0.9,8341ee1dab4cfe117ff415736604f90e7667c954e63b04a4b8952aa07674522f,2830,76.0,34.0,interior,-0.0,-0.0,-0.0,-0.0,-0.0,-0.0
7,7,loading,0.9,8341ee1dab4cfe117ff415736604f90e7667c954e63b04a4b8952aa07674522f,2831,77.0,34.0,interior,-0.0,-0.0,-0.0,-0.0,-0.0,-0.0
7,7,loading,0.9,8341ee1dab4cfe117ff415736604f90e7667c954e63b04a4b8952aa07674522f,2832,78.0,34.0,interior,-0.0,-0.0,-0.0,-0.0,-0.0,-0.0
7,7,loading,0.9,8341ee1dab4cfe117ff415736604f90e7667c954e63b04a4b8952aa07674522f,2833,79.0,34.0,interior,-0.0,-0.0,-0.0,-0.0,-0.0,-0.0
7,7,loading,0.9,8341ee1dab4cfe117ff415736604f90e7667c954e63b04a4b8952aa07674522f,2834,80.0,34.0,physical_only,-0.0,-0.0,-0.0,-0.0,-0.0,-0.0
7,7,loading,0.9,8341ee1dab4cfe117ff415736604f90e7667c954e63b04a4b8952aa07674522f,2897,62.0,35.0,physical_only,-2.835036307602362e-06,-4.6008148768413445e-08,-1.843393831183971e-06,2.976028652206537e-08,-9.916424764183905e-07,-7.576843529047876e-08
7,7,loading,0.9,8341ee1dab4cfe117ff415736604f90e7667c954e63b04a4b8952aa07674522f,2898,63.0,35.0,interior,-0.0,-0.0,-0.0,-0.0,-0.0,-0.0
7,7,loading,0.9,8341ee1dab4cfe117ff415736604f90e7667c954e63b04a4b8952aa07674522f,2899,64.0,35.0,interior,-0.0,-0.0,-0.0,-0.0,-0.0,-0.0
7,7,loading,0.9,8341ee1dab4cfe117ff415736604f90e7667c954e63b04a4b8952aa07674522f,2900,65.0,35.0,interior,-0.0,-0.0,-0.0,-0.0,-0.0,-0.0
7,7,loading,0.9,8341ee1dab4cfe117ff415736604f90e7667c954e63b04a4b8952aa07674522f,2901,66.0,35.0,interior,-0.0,-0.0,-0.0,-0.0,-0.0,-0.0
7,7,loading,0.9,8341ee1dab4cfe117ff415736604f90e7667c954e63b04a4b8952aa07674522f,2902,67.0,35.0,interior,-0.0,-0.0,-0.0,-0.0,-0.0,-0.0
7,7,loading,0.9,8341ee1dab4cfe117ff415736604f90e7667c954e63b04a4b8952aa07674522f,2903,68.0,35.0,interior,-0.0,-0.0,-0.0,-0.0,-0.0,-0.0
7,7,loading,0.9,8341ee1dab4cfe117ff415736604f90e7667c954e63b04a4b8952aa07674522f,2904,69.0,35.0,interior,-0.0,-0.0,-0.0,-0.0,-0.0,-0.0
7,7,loading,0.9,8341ee1dab4cfe117ff415736604f90e7667c954e63b04a4b8952aa07674522f,2905,70.0,35.0,interior,-0.0,-0.0,-0.0,-0.0,-0.0,-0.0
7,7,loading,0.9,8341ee1dab4cfe117ff415736604f90e7667c954e63b04a4b8952aa07674522f,2906,71.0,35.0,interior,-0.0,-0.0,-0.0,-0.0,-0.0,-0.0
7,7,loading,0.9,8341ee1dab4cfe117ff415736604f90e7667c954e63b04a4b8952aa07674522f,2907,72.0,35.0,interior,-0.0,-0.0,-0.0,-0.0,-0.0,-0.0
7,7,loading,0.9,8341ee1dab4cfe117ff415736604f90e7667c954e63b04a4b8952aa07674522f,2908,73.0,35.0,interior,-0.0,-0.0,-0.0,-0.0,-0.0,-0.0
7,7,loading,0.9,8341ee1dab4cfe117ff415736604f90e7667c954e63b04a4b8952aa07674522f,2909,74.0,35.0,interior,-0.0,-0.0,-0.0,-0.0,-0.0,-0.0
7,7,loading,0.9,8341ee1dab4cfe117ff415736604f90e7667c954e63b04a4b8952aa07674522f,2910,75.0,35.0,interior,-0.0,-0.0,-0.0,-0.0,-0.0,-0.0
7,7,loading,0.9,8341ee1dab4cfe117ff415736604f90e7667c954e63b04a4b8952aa07674522f,2911,76.0,35.0,interior,-0.0,-0.0,-0.0,-0.0,-0.0,-0.0
7,7,loading,0.9,8341ee1dab4cfe117ff415736604f90e7667c954e63b04a4b8952aa07674522f,2912,77.0,35.0,interior,-0.0,-0.0,-0.0,-0.0,-0.0,-0.0
7,7,loading,0.9,8341ee1dab4cfe117ff415736604f90e7667c954e63b04a4b8952aa07674522f,2913,78.0,35.0,interior,-0.0,-0.0,-0.0,-0.0,-0.0,-0.0
7,7,loading,0.9,8341ee1dab4cfe117ff415736604f90e7667c954e63b04a4b8952aa07674522f,2914,79.0,35.0,interior,-0.0,-0.0,-0.0,-0.0,-0.0,-0.0
7,7,loading,0.9,8341ee1dab4cfe117ff415736604f90e7667c954e63b04a4b8952aa07674522f,2915,80.0,35.0,physical_only,-0.0,-0.0,-0.0,-0.0,-0.0,-0.0
7,7,loading,0.9,8341ee1dab4cfe117ff415736604f90e7667c954e63b04a4b8952aa07674522f,2978,62.0,36.0,physical_only,-2.889284252365911e-06,1.3290367369562995e-07,-1.8927508465975128e-06,2.5027625366481848e-08,-9.965334057683983e-07,1.0787604832914805e-07
7,7,loading,0.9,8341ee1dab4cfe117ff415736604f90e7667c954e63b04a4b8952aa07674522f,2979,63.0,36.0,interior,-0.0,-0.0,-0.0,-0.0,-0.0,-0.0
7,7,loading,0.9,8341ee1dab4cfe117ff415736604f90e7667c954e63b04a4b8952aa07674522f,2980,64.0,36.0,interior,-0.0,-0.0,-0.0,-0.0,-0.0,-0.0
7,7,loading,0.9,8341ee1dab4cfe117ff415736604f90e7667c954e63b04a4b8952aa07674522f,2981,65.0,36.0,interior,-0.0,-0.0,-0.0,-0.0,-0.0,-0.0
7,7,loading,0.9,8341ee1dab4cfe117ff415736604f90e7667c954e63b04a4b8952aa07674522f,2982,66.0,36.0,interior,-0.0,-0.0,-0.0,-0.0,-0.0,-0.0
7,7,loading,0.9,8341ee1dab4cfe117ff415736604f90e7667c954e63b04a4b8952aa07674522f,2983,67.0,36.0,interior,-0.0,-0.0,-0.0,-0.0,-0.0,-0.0
7,7,loading,0.9,8341ee1dab4cfe117ff415736604f90e7667c954e63b04a4b8952aa07674522f,2984,68.0,36.0,interior,-0.0,-0.0,-0.0,-0.0,-0.0,-0.0
7,7,loading,0.9,8341ee1dab4cfe117ff415736604f90e7667c954e63b04a4b8952aa07674522f,2985,69.0,36.0,interior,-0.0,-0.0,-0.0,-0.0,-0.0,-0.0
7,7,loading,0.9,8341ee1dab4cfe117ff415736604f90e7667c954e63b04a4b8952aa07674522f,2986,70.0,36.0,interior,-0.0,-0.0,-0.0,-0.0,-0.0,-0.0
7,7,loading,0.9,8341ee1dab4cfe117ff415736604f90e7667c954e63b04a4b8952aa07674522f,2987,71.0,36.0,interior,-0.0,-0.0,-0.0,-0.0,-0.0,-0.0
7,7,loading,0.9,8341ee1dab4cfe117ff415736604f90e7667c954e63b04a4b8952aa07674522f,2988,72.0,36.0,interior,-0.0,-0.0,-0.0,-0.0,-0.0,-0.0
7,7,loading,0.9,8341ee1dab4cfe117ff415736604f90e7667c954e63b04a4b8952aa07674522f,2989,73.0,36.0,interior,-0.0,-0.0,-0.0,-0.0,-0.0,-0.0
7,7,loading,0.9,8341ee1dab4cfe117ff415736604f90e7667c954e63b04a4b8952aa07674522f,2990,74.0,36.0,interior,-0.0,-0.0,-0.0,-0.0,-0.0,-0.0
7,7,loading,0.9,8341ee1dab4cfe117ff415736604f90e7667c954e63b04a4b8952aa07674522f,2991,75.0,36.0,interior,-0.0,-0.0,-0.0,-0.0,-0.0,-0.0
7,7,loading,0.9,8341ee1dab4cfe117ff415736604f90e7667c954e63b04a4b8952aa07674522f,2992,76.0,36.0,interior,-0.0,-0.0,-0.0,-0.0,-0.0,-0.0
7,7,loading,0.9,8341ee1dab4cfe117ff415736604f90e7667c954e63b04a4b8952aa07674522f,2993,77.0,36.0,interior,-0.0,-0.0,-0.0,-0.0,-0.0,-0.0
7,7,loading,0.9,8341ee1dab4cfe117ff415736604f90e7667c954e63b04a4b8952aa07674522f,2994,78.0,36.0,interior,-0.0,-0.0,-0.0,-0.0,-0.0,-0.0
7,7,loading,0.9,8341ee1dab4cfe117ff415736604f90e7667c954e63b04a4b8952aa07674522f,2995,79.0,36.0,interior,-0.0,-0.0,-0.0,-0.0,-0.0,-0.0
7,7,loading,0.9,8341ee1dab4cfe117ff415736604f90e7667c954e63b04a4b8952aa07674522f,2996,80.0,36.0,physical_only,-0.0,-0.0,-0.0,-0.0,-0.0,-0.0
7,7,loading,0.9,8341ee1dab4cfe117ff415736604f90e7667c954e63b04a4b8952aa07674522f,3059,62.0,37.0,physical_only,-3.007038799739284e-06,1.8106133317047446e-07,-1.9322939945052134e-06,1.9883236270281413e-08,-1.0747448052340706e-06,1.6117809690019294e-07
7,7,loading,0.9,8341ee1dab4cfe117ff415736604f90e7667c954e63b04a4b8952aa07674522f,3060,63.0,37.0,interior,-0.0,-0.0,-0.0,-0.0,-0.0,-0.0
7,7,loading,0.9,8341ee1dab4cfe117ff415736604f90e7667c954e63b04a4b8952aa07674522f,3061,64.0,37.0,interior,-0.0,-0.0,-0.0,-0.0,-0.0,-0.0
7,7,loading,0.9,8341ee1dab4cfe117ff415736604f90e7667c954e63b04a4b8952aa07674522f,3062,65.0,37.0,interior,-0.0,-0.0,-0.0,-0.0,-0.0,-0.0
7,7,loading,0.9,8341ee1dab4cfe117ff415736604f90e7667c954e63b04a4b8952aa07674522f,3063,66.0,37.0,interior,-0.0,-0.0,-0.0,-0.0,-0.0,-0.0
7,7,loading,0.9,8341ee1dab4cfe117ff415736604f90e7667c954e63b04a4b8952aa07674522f,3064,67.0,37.0,interior,-0.0,-0.0,-0.0,-0.0,-0.0,-0.0
7,7,loading,0.9,8341ee1dab4cfe117ff415736604f90e7667c954e63b04a4b8952aa07674522f,3065,68.0,37.0,interior,-0.0,-0.0,-0.0,-0.0,-0.0,-0.0
7,7,loading,0.9,8341ee1dab4cfe117ff415736604f90e7667c954e63b04a4b8952aa07674522f,3066,69.0,37.0,interior,-0.0,-0.0,-0.0,-0.0,-0.0,-0.0
7,7,loading,0.9,8341ee1dab4cfe117ff415736604f90e7667c954e63b04a4b8952aa07674522f,3067,70.0,37.0,interior,-0.0,-0.0,-0.0,-0.0,-0.0,-0.0
7,7,loading,0.9,8341ee1dab4cfe117ff415736604f90e7667c954e63b04a4b8952aa07674522f,3068,71.0,37.0,interior,-0.0,-0.0,-0.0,-0.0,-0.0,-0.0
7,7,loading,0.9,8341ee1dab4cfe117ff415736604f90e7667c954e63b04a4b8952aa07674522f,3069,72.0,37.0,interior,-0.0,-0.0,-0.0,-0.0,-0.0,-0.0
7,7,loading,0.9,8341ee1dab4cfe117ff415736604f90e7667c954e63b04a4b8952aa07674522f,3070,73.0,37.0,interior,-0.0,-0.0,-0.0,-0.0,-0.0,-0.0
7,7,loading,0.9,8341ee1dab4cfe117ff415736604f90e7667c954e63b04a4b8952aa07674522f,3071,74.0,37.0,interior,-0.0,-0.0,-0.0,-0.0,-0.0,-0.0
7,7,loading,0.9,8341ee1dab4cfe117ff415736604f90e7667c954e63b04a4b8952aa07674522f,3072,75.0,37.0,interior,-0.0,-0.0,-0.0,-0.0,-0.0,-0.0
7,7,loading,0.9,8341ee1dab4cfe117ff415736604f90e7667c954e63b04a4b8952aa07674522f,3073,76.0,37.0,interior,-0.0,-0.0,-0.0,-0.0,-0.0,-0.0
7,7,loading,0.9,8341ee1dab4cfe117ff415736604f90e7667c954e63b04a4b8952aa07674522f,3074,77.0,37.0,interior,-0.0,-0.0,-0.0,-0.0,-0.0,-0.0
7,7,loading,0.9,8341ee1dab4cfe117ff415736604f90e7667c954e63b04a4b8952aa07674522f,3075,78.0,37.0,interior,-0.0,-0.0,-0.0,-0.0,-0.0,-0.0
7,7,loading,0.9,8341ee1dab4cfe117ff415736604f90e7667c954e63b04a4b8952aa07674522f,3076,79.0,37.0,interior,-0.0,-0.0,-0.0,-0.0,-0.0,-0.0
7,7,loading,0.9,8341ee1dab4cfe117ff415736604f90e7667c954e63b04a4b8952aa07674522f,3077,80.0,37.0,physical_only,-0.0,-0.0,-0.0,-0.0,-0.0,-0.0
7,7,loading,0.9,8341ee1dab4cfe117ff415736604f90e7667c954e63b04a4b8952aa07674522f,3140,62.0,38.0,physical_only,-3.1108289013822165e-06,1.491021896849481e-07,-1.9613811954960687e-06,1.3902199331244802e-08,-1.1494477058861476e-06,1.3519999035370334e-07
7,7,loading,0.9,8341ee1dab4cfe117ff415736604f90e7667c954e63b04a4b8952aa07674522f,3141,63.0,38.0,interior,-0.0,-0.0,-0.0,-0.0,-0.0,-0.0
7,7,loading,0.9,8341ee1dab4cfe117ff415736604f90e7667c954e63b04a4b8952aa07674522f,3142,64.0,38.0,interior,-0.0,-0.0,-0.0,-0.0,-0.0,-0.0
7,7,loading,0.9,8341ee1dab4cfe117ff415736604f90e7667c954e63b04a4b8952aa07674522f,3143,65.0,38.0,interior,-0.0,-0.0,-0.0,-0.0,-0.0,-0.0
7,7,loading,0.9,8341ee1dab4cfe117ff415736604f90e7667c954e63b04a4b8952aa07674522f,3144,66.0,38.0,interior,-0.0,-0.0,-0.0,-0.0,-0.0,-0.0
7,7,loading,0.9,8341ee1dab4cfe117ff415736604f90e7667c954e63b04a4b8952aa07674522f,3145,67.0,38.0,interior,-0.0,-0.0,-0.0,-0.0,-0.0,-0.0
7,7,loading,0.9,8341ee1dab4cfe117ff415736604f90e7667c954e63b04a4b8952aa07674522f,3146,68.0,38.0,interior,-0.0,-0.0,-0.0,-0.0,-0.0,-0.0
7,7,loading,0.9,8341ee1dab4cfe117ff415736604f90e7667c954e63b04a4b8952aa07674522f,3147,69.0,38.0,interior,-0.0,-0.0,-0.0,-0.0,-0.0,-0.0
7,7,loading,0.9,8341ee1dab4cfe117ff415736604f90e7667c954e63b04a4b8952aa07674522f,3148,70.0,38.0,interior,-0.0,-0.0,-0.0,-0.0,-0.0,-0.0
7,7,loading,0.9,8341ee1dab4cfe117ff415736604f90e7667c954e63b04a4b8952aa07674522f,3149,71.0,38.0,interior,-0.0,-0.0,-0.0,-0.0,-0.0,-0.0
7,7,loading,0.9,8341ee1dab4cfe117ff415736604f90e7667c954e63b04a4b8952aa07674522f,3150,72.0,38.0,interior,-0.0,-0.0,-0.0,-0.0,-0.0,-0.0
7,7,loading,0.9,8341ee1dab4cfe117ff415736604f90e7667c954e63b04a4b8952aa07674522f,3151,73.0,38.0,interior,-0.0,-0.0,-0.0,-0.0,-0.0,-0.0
7,7,loading,0.9,8341ee1dab4cfe117ff415736604f90e7667c954e63b04a4b8952aa07674522f,3152,74.0,38.0,interior,-0.0,-0.0,-0.0,-0.0,-0.0,-0.0
7,7,loading,0.9,8341ee1dab4cfe117ff415736604f90e7667c954e63b04a4b8952aa07674522f,3153,75.0,38.0,interior,-0.0,-0.0,-0.0,-0.0,-0.0,-0.0
7,7,loading,0.9,8341ee1dab4cfe117ff415736604f90e7667c954e63b04a4b8952aa07674522f,3154,76.0,38.0,interior,-0.0,-0.0,-0.0,-0.0,-0.0,-0.0
7,7,loading,0.9,8341ee1dab4cfe117ff415736604f90e7667c954e63b04a4b8952aa07674522f,3155,77.0,38.0,interior,-0.0,-0.0,-0.0,-0.0,-0.0,-0.0
7,7,loading,0.9,8341ee1dab4cfe117ff415736604f90e7667c954e63b04a4b8952aa07674522f,3156,78.0,38.0,interior,-0.0,-0.0,-0.0,-0.0,-0.0,-0.0
7,7,loading,0.9,8341ee1dab4cfe117ff415736604f90e7667c954e63b04a4b8952aa07674522f,3157,79.0,38.0,interior,-0.0,-0.0,-0.0,-0.0,-0.0,-0.0
7,7,loading,0.9,8341ee1dab4cfe117ff415736604f90e7667c954e63b04a4b8952aa07674522f,3158,80.0,38.0,physical_only,-0.0,-0.0,-0.0,-0.0,-0.0,-0.0
7,7,loading,0.9,8341ee1dab4cfe117ff415736604f90e7667c954e63b04a4b8952aa07674522f,3221,62.0,39.0,physical_only,-3.1732609960557154e-06,8.033582332368361e-08,-1.9792145383067234e-06,7.163271263683553e-09,-1.194046457748992e-06,7.317255206000027e-08
7,7,loading,0.9,8341ee1dab4cfe117ff415736604f90e7667c954e63b04a4b8952aa07674522f,3222,63.0,39.0,interior,-0.0,-0.0,-0.0,-0.0,-0.0,-0.0
7,7,loading,0.9,8341ee1dab4cfe117ff415736604f90e7667c954e63b04a4b8952aa07674522f,3223,64.0,39.0,interior,-0.0,-0.0,-0.0,-0.0,-0.0,-0.0
7,7,loading,0.9,8341ee1dab4cfe117ff415736604f90e7667c954e63b04a4b8952aa07674522f,3224,65.0,39.0,interior,-0.0,-0.0,-0.0,-0.0,-0.0,-0.0
7,7,loading,0.9,8341ee1dab4cfe117ff415736604f90e7667c954e63b04a4b8952aa07674522f,3225,66.0,39.0,interior,-0.0,-0.0,-0.0,-0.0,-0.0,-0.0
7,7,loading,0.9,8341ee1dab4cfe117ff415736604f90e7667c954e63b04a4b8952aa07674522f,3226,67.0,39.0,interior,-0.0,-0.0,-0.0,-0.0,-0.0,-0.0
7,7,loading,0.9,8341ee1dab4cfe117ff415736604f90e7667c954e63b04a4b8952aa07674522f,3227,68.0,39.0,interior,-0.0,-0.0,-0.0,-0.0,-0.0,-0.0
7,7,loading,0.9,8341ee1dab4cfe117ff415736604f90e7667c954e63b04a4b8952aa07674522f,3228,69.0,39.0,interior,-0.0,-0.0,-0.0,-0.0,-0.0,-0.0
7,7,loading,0.9,8341ee1dab4cfe117ff415736604f90e7667c954e63b04a4b8952aa07674522f,3229,70.0,39.0,interior,-0.0,-0.0,-0.0,-0.0,-0.0,-0.0
7,7,loading,0.9,8341ee1dab4cfe117ff415736604f90e7667c954e63b04a4b8952aa07674522f,3230,71.0,39.0,interior,-0.0,-0.0,-0.0,-0.0,-0.0,-0.0
7,7,loading,0.9,8341ee1dab4cfe117ff415736604f90e7667c954e63b04a4b8952aa07674522f,3231,72.0,39.0,interior,-0.0,-0.0,-0.0,-0.0,-0.0,-0.0
7,7,loading,0.9,8341ee1dab4cfe117ff415736604f90e7667c954e63b04a4b8952aa07674522f,3232,73.0,39.0,interior,-0.0,-0.0,-0.0,-0.0,-0.0,-0.0
7,7,loading,0.9,8341ee1dab4cfe117ff415736604f90e7667c954e63b04a4b8952aa07674522f,3233,74.0,39.0,interior,-0.0,-0.0,-0.0,-0.0,-0.0,-0.0
7,7,loading,0.9,8341ee1dab4cfe117ff415736604f90e7667c954e63b04a4b8952aa07674522f,3234,75.0,39.0,interior,-0.0,-0.0,-0.0,-0.0,-0.0,-0.0
7,7,loading,0.9,8341ee1dab4cfe117ff415736604f90e7667c954e63b04a4b8952aa07674522f,3235,76.0,39.0,interior,-0.0,-0.0,-0.0,-0.0,-0.0,-0.0
7,7,loading,0.9,8341ee1dab4cfe117ff415736604f90e7667c954e63b04a4b8952aa07674522f,3236,77.0,39.0,interior,-0.0,-0.0,-0.0,-0.0,-0.0,-0.0
7,7,loading,0.9,8341ee1dab4cfe117ff415736604f90e7667c954e63b04a4b8952aa07674522f,3237,78.0,39.0,interior,-0.0,-0.0,-0.0,-0.0,-0.0,-0.0
7,7,loading,0.9,8341ee1dab4cfe117ff415736604f90e7667c954e63b04a4b8952aa07674522f,3238,79.0,39.0,interior,-0.0,-0.0,-0.0,-0.0,-0.0,-0.0
7,7,loading,0.9,8341ee1dab4cfe117ff415736604f90e7667c954e63b04a4b8952aa07674522f,3239,80.0,39.0,physical_only,-0.0,-0.0,-0.0,-0.0,-0.0,-0.0
7,7,loading,0.9,8341ee1dab4cfe117ff415736604f90e7667c954e63b04a4b8952aa07674522f,3302,62.0,40.0,physical_and_cut,-1.5966150640871645e-06,-1.1976125933028276e-06,-9.926126389354587e-07,-4.5067597702554935e-07,-6.040024251517057e-07,-7.469366162772783e-07
7,7,loading,0.9,8341ee1dab4cfe117ff415736604f90e7667c954e63b04a4b8952aa07674522f,3303,63.0,40.0,cut_only,-0.0,-0.0,-0.0,-0.0,-0.0,-0.0
7,7,loading,0.9,8341ee1dab4cfe117ff415736604f90e7667c954e63b04a4b8952aa07674522f,3304,64.0,40.0,cut_only,-0.0,-0.0,-0.0,-0.0,-0.0,-0.0
7,7,loading,0.9,8341ee1dab4cfe117ff415736604f90e7667c954e63b04a4b8952aa07674522f,3305,65.0,40.0,cut_only,-0.0,-0.0,-0.0,-0.0,-0.0,-0.0
7,7,loading,0.9,8341ee1dab4cfe117ff415736604f90e7667c954e63b04a4b8952aa07674522f,3306,66.0,40.0,cut_only,-0.0,-0.0,-0.0,-0.0,-0.0,-0.0
7,7,loading,0.9,8341ee1dab4cfe117ff415736604f90e7667c954e63b04a4b8952aa07674522f,3307,67.0,40.0,cut_only,-0.0,-0.0,-0.0,-0.0,-0.0,-0.0
7,7,loading,0.9,8341ee1dab4cfe117ff415736604f90e7667c954e63b04a4b8952aa07674522f,3308,68.0,40.0,cut_only,-0.0,-0.0,-0.0,-0.0,-0.0,-0.0
7,7,loading,0.9,8341ee1dab4cfe117ff415736604f90e7667c954e63b04a4b8952aa07674522f,3309,69.0,40.0,cut_only,-0.0,-0.0,-0.0,-0.0,-0.0,-0.0
7,7,loading,0.9,8341ee1dab4cfe117ff415736604f90e7667c954e63b04a4b8952aa07674522f,3310,70.0,40.0,cut_only,-0.0,-0.0,-0.0,-0.0,-0.0,-0.0
7,7,loading,0.9,8341ee1dab4cfe117ff415736604f90e7667c954e63b04a4b8952aa07674522f,3311,71.0,40.0,cut_only,-0.0,-0.0,-0.0,-0.0,-0.0,-0.0
7,7,loading,0.9,8341ee1dab4cfe117ff415736604f90e7667c954e63b04a4b8952aa07674522f,3312,72.0,40.0,cut_only,-0.0,-0.0,-0.0,-0.0,-0.0,-0.0
7,7,loading,0.9,8341ee1dab4cfe117ff415736604f90e7667c954e63b04a4b8952aa07674522f,3313,73.0,40.0,cut_only,-0.0,-0.0,-0.0,-0.0,-0.0,-0.0
7,7,loading,0.9,8341ee1dab4cfe117ff415736604f90e7667c954e63b04a4b8952aa07674522f,3314,74.0,40.0,cut_only,-0.0,-0.0,-0.0,-0.0,-0.0,-0.0
7,7,loading,0.9,8341ee1dab4cfe117ff415736604f90e7667c954e63b04a4b8952aa07674522f,3315,75.0,40.0,cut_only,-0.0,-0.0,-0.0,-0.0,-0.0,-0.0
7,7,loading,0.9,8341ee1dab4cfe117ff415736604f90e7667c954e63b04a4b8952aa07674522f,3316,76.0,40.0,cut_only,-0.0,-0.0,-0.0,-0.0,-0.0,-0.0
7,7,loading,0.9,8341ee1dab4cfe117ff415736604f90e7667c954e63b04a4b8952aa07674522f,3317,77.0,40.0,cut_only,-0.0,-0.0,-0.0,-0.0,-0.0,-0.0
7,7,loading,0.9,8341ee1dab4cfe117ff415736604f90e7667c954e63b04a4b8952aa07674522f,3318,78.0,40.0,cut_only,-0.0,-0.0,-0.0,-0.0,-0.0,-0.0
7,7,loading,0.9,8341ee1dab4cfe117ff415736604f90e7667c954e63b04a4b8952aa07674522f,3319,79.0,40.0,cut_only,-0.0,-0.0,-0.0,-0.0,-0.0,-0.0
7,7,loading,0.9,8341ee1dab4cfe117ff415736604f90e7667c954e63b04a4b8952aa07674522f,3320,80.0,40.0,physical_and_cut,-0.0,-0.0,-0.0,-0.0,-0.0,-0.0
8,8,loading,0.95,26f35b09a9fda320af7d73cea6360d926fc1ccc90a7b936c5c4cc7e0c31ae56b,2573,62.0,31.0,physical_only,-0.00043808863403399544,-7.693934453377197e-05,-2.8159936194128642e-06,3.189903262462433e-06,-0.00043527264041458264,-8.012924779623441e-05
8,8,loading,0.95,26f35b09a9fda320af7d73cea6360d926fc1ccc90a7b936c5c4cc7e0c31ae56b,2574,63.0,31.0,physical_only,3.594229909557514e-08,-6.421119407022766e-05,-1.5785699978597682e-06,3.699360130665083e-06,1.614512296955344e-06,-6.791055420089272e-05
8,8,loading,0.95,26f35b09a9fda320af7d73cea6360d926fc1ccc90a7b936c5c4cc7e0c31ae56b,2575,64.0,31.0,physical_only,2.4733956774576767e-06,-8.530304628311092e-05,-1.6149599087338217e-06,4.766785640458354e-06,4.088355586191499e-06,-9.006983192356928e-05
8,8,loading,0.95,26f35b09a9fda320af7d73cea6360d926fc1ccc90a7b936c5c4cc7e0c31ae56b,2576,65.0,31.0,physical_only,3.2275075212198166e-06,-0.00011530093627652499,-1.660688199408478e-06,5.997147009649678e-06,4.888195720628292e-06,-0.00012129808328617471
8,8,loading,0.95,26f35b09a9fda320af7d73cea6360d926fc1ccc90a7b936c5c4cc7e0c31ae56b,2577,66.0,31.0,physical_only,2.0938008638896248e-06,-0.0001519508332533529,-1.7165786732210955e-06,7.443497566875162e-06,3.8103795371107197e-06,-0.00015939433082022808
8,8,loading,0.95,26f35b09a9fda320af7d73cea6360d926fc1ccc90a7b936c5c4cc7e0c31ae56b,2578,67.0,31.0,physical_only,-2.459868387565738e-07,-0.00019447696580123528,-1.7817189424501948e-06,9.169886363106846e-06,1.5357321036936214e-06,-0.00020364685216434216
8,8,loading,0.95,26f35b09a9fda320af7d73cea6360d926fc1ccc90a7b936c5c4cc7e0c31ae56b,2579,68.0,31.0,physical_only,-6.860804680016635e-07,-0.0002460155743077325,-1.856779382564601e-06,1.1257812622775766e-05,1.170698914562937e-06,-0.00025727338693050806
8,8,loading,0.95,26f35b09a9fda320af7d73cea6360d926fc1ccc90a7b936c5c4cc7e0c31ae56b,2580,69.0,31.0,physical_only,-1.6104595594717182e-06,-0.00031037132743253707,-1.9443149525985298e-06,1.3819736912054667e-05,3.3385539312680905e-07,-0.00032419106434459187
8,8,loading,0.95,26f35b09a9fda320af7d73cea6360d926fc1ccc90a7b936c5c4cc7e0c31ae56b,2581,70.0,31.0,physical_only,-2.8879892186357344e-06,-0.0003885154693599516,-2.048992072920194e-06,1.701913787611805e-05,-8.389971457155438e-07,-0.00040553460723606973
8,8,loading,0.95,26f35b09a9fda320af7d73cea6360d926fc1ccc90a7b936c5c4cc7e0c31ae56b,2582,71.0,31.0,physical_only,-4.46003865155267e-06,-0.0004826364963625544,-2.1774270462405596e-06,2.1101029793282018e-05,-2.2826116053121067e-06,-0.0005037375261558363
8,8,loading,0.95,26f35b09a9fda320af7d73cea6360d926fc1ccc90a7b936c5c4cc7e0c31ae56b,2583,72.0,31.0,physical_only,-6.04535769149913e-06,-0.0005951331452564803,-2.3399825195225874e-06,2.644824700177428e-05,-3.7053751719765434e-06,-0.0006215813922582545
8,8,loading,0.95,26f35b09a9fda320af7d73cea6360d926fc1ccc90a7b936c5c4cc7e0c31ae56b,2584,73.0,31.0,physical_only,-7.2118515930156815e-06,-0.0007281387304620543,-2.5535209648463536e-06,3.369063276997706e-05,-4.65833062816933e-06,-0.0007618293632320316
8,8,loading,0.95,26f35b09a9fda320af7d73cea6360d926fc1ccc90a7b936c5c4cc7e0c31ae56b,2585,74.0,31.0,physical_only,-3.774615739152735e-06,-0.0008880915131816822,-2.848350148899719e-06,4.3939166076998644e-05,-9.262655902530162e-07,-0.0009320306792586809
8,8,loading,0.95,26f35b09a9fda320af7d73cea6360d926fc1ccc90a7b936c5c4cc7e0c31ae56b,2586,75.0,31.0,physical_only,2.097583512956265e-06,-0.001090500639458417,-3.2847874312056436e-06,5.9354337512780326e-05,5.382370944161906e-06,-0.0011498549769711972
8,8,loading,0.95,26f35b09a9fda320af7d73cea6360d926fc1ccc90a7b936c5c4cc7e0c31ae56b,2587,76.0,31.0,physical_only,-1.989347343855473e-06,-0.0013502216012437878,-3.996560369957115e-06,8.474656184576694e-05,2.0072130261016444e-06,-0.0014349681630895549
8,8,loading,0.95,26f35b09a9fda320af7d73cea6360d926fc1ccc90a7b936c5c4cc7e0c31ae56b,2588,77.0,31.0,physical_only,-5.1838075848026374e-05,-0.0016016084190644646,-5.316182838488283e-06,0.0001330232891081149,-4.652189300953809e-05,-0.00173463170817258
8,8,loading,0.95,26f35b09a9fda320af7d73cea6360d926fc1ccc90a7b936c5c4cc7e0c31ae56b,2589,78.0,31.0,physical_only,-0.0001319905974114123,-0.0018426612286127162,-8.51272544900534e-06,0.000253745891927084,-0.00012347787196240697,-0.0020964071205398
8,8,loading,0.95,26f35b09a9fda320af7d73cea6360d926fc1ccc90a7b936c5c4cc7e0c31ae56b,2590,79.0,31.0,physical_only,-0.00029869923525422033,0.000820496129309704,-2.026575535842069e-05,0.0008276989211917333,-0.00027843347989579966,-7.202791882029991e-06
8,8,loading,0.95,26f35b09a9fda320af7d73cea6360d926fc1ccc90a7b936c5c4cc7e0c31ae56b,2591,80.0,31.0,physical_only,-0.0006125604180129867,0.04037878389160489,-0.0010412097444897272,0.029233930770144644,0.00042864932647674047,0.011144853121460241
8,8,loading,0.95,26f35b09a9fda320af7d73cea6360d926fc1ccc90a7b936c5c4cc7e0c31ae56b,2654,62.0,32.0,physical_only,-5.092029650176435e-06,-1.3031113183400795e-06,-1.6130720495241012e-06,5.749951151096924e-08,-3.4789576006523327e-06,-1.3606108298510485e-06
8,8,loading,0.95,26f35b09a9fda320af7d73cea6360d926fc1ccc90a7b936c5c4cc7e0c31ae56b,2655,63.0,32.0,interior,-0.0,-0.0,-0.0,-0.0,-0.0,-0.0
8,8,loading,0.95,26f35b09a9fda320af7d73cea6360d926fc1ccc90a7b936c5c4cc7e0c31ae56b,2656,64.0,32.0,interior,-0.0,-0.0,-0.0,-0.0,-0.0,-0.0
8,8,loading,0.95,26f35b09a9fda320af7d73cea6360d926fc1ccc90a7b936c5c4cc7e0c31ae56b,2657,65.0,32.0,interior,-0.0,-0.0,-0.0,-0.0,-0.0,-0.0
8,8,loading,0.95,26f35b09a9fda320af7d73cea6360d926fc1ccc90a7b936c5c4cc7e0c31ae56b,2658,66.0,32.0,interior,-0.0,-0.0,-0.0,-0.0,-0.0,-0.0
8,8,loading,0.95,26f35b09a9fda320af7d73cea6360d926fc1ccc90a7b936c5c4cc7e0c31ae56b,2659,67.0,32.0,interior,-0.0,-0.0,-0.0,-0.0,-0.0,-0.0
8,8,loading,0.95,26f35b09a9fda320af7d73cea6360d926fc1ccc90a7b936c5c4cc7e0c31ae56b,2660,68.0,32.0,interior,-0.0,-0.0,-0.0,-0.0,-0.0,-0.0
8,8,loading,0.95,26f35b09a9fda320af7d73cea6360d926fc1ccc90a7b936c5c4cc7e0c31ae56b,2661,69.0,32.0,interior,-0.0,-0.0,-0.0,-0.0,-0.0,-0.0
8,8,loading,0.95,26f35b09a9fda320af7d73cea6360d926fc1ccc90a7b936c5c4cc7e0c31ae56b,2662,70.0,32.0,interior,-0.0,-0.0,-0.0,-0.0,-0.0,-0.0
8,8,loading,0.95,26f35b09a9fda320af7d73cea6360d926fc1ccc90a7b936c5c4cc7e0c31ae56b,2663,71.0,32.0,interior,-0.0,-0.0,-0.0,-0.0,-0.0,-0.0
8,8,loading,0.95,26f35b09a9fda320af7d73cea6360d926fc1ccc90a7b936c5c4cc7e0c31ae56b,2664,72.0,32.0,interior,-0.0,-0.0,-0.0,-0.0,-0.0,-0.0
8,8,loading,0.95,26f35b09a9fda320af7d73cea6360d926fc1ccc90a7b936c5c4cc7e0c31ae56b,2665,73.0,32.0,interior,-0.0,-0.0,-0.0,-0.0,-0.0,-0.0
8,8,loading,0.95,26f35b09a9fda320af7d73cea6360d926fc1ccc90a7b936c5c4cc7e0c31ae56b,2666,74.0,32.0,interior,-0.0,-0.0,-0.0,-0.0,-0.0,-0.0
8,8,loading,0.95,26f35b09a9fda320af7d73cea6360d926fc1ccc90a7b936c5c4cc7e0c31ae56b,2667,75.0,32.0,interior,-0.0,-0.0,-0.0,-0.0,-0.0,-0.0
8,8,loading,0.95,26f35b09a9fda320af7d73cea6360d926fc1ccc90a7b936c5c4cc7e0c31ae56b,2668,76.0,32.0,interior,-0.0,-0.0,-0.0,-0.0,-0.0,-0.0
8,8,loading,0.95,26f35b09a9fda320af7d73cea6360d926fc1ccc90a7b936c5c4cc7e0c31ae56b,2669,77.0,32.0,interior,-0.0,-0.0,-0.0,-0.0,-0.0,-0.0
8,8,loading,0.95,26f35b09a9fda320af7d73cea6360d926fc1ccc90a7b936c5c4cc7e0c31ae56b,2670,78.0,32.0,interior,-0.0,-0.0,-0.0,-0.0,-0.0,-0.0
8,8,loading,0.95,26f35b09a9fda320af7d73cea6360d926fc1ccc90a7b936c5c4cc7e0c31ae56b,2671,79.0,32.0,interior,-0.0,-0.0,-0.0,-0.0,-0.0,-0.0
8,8,loading,0.95,26f35b09a9fda320af7d73cea6360d926fc1ccc90a7b936c5c4cc7e0c31ae56b,2672,80.0,32.0,physical_only,-0.0,-0.0,-0.0,-0.0,-0.0,-0.0
8,8,loading,0.95,26f35b09a9fda320af7d73cea6360d926fc1ccc90a7b936c5c4cc7e0c31ae56b,2735,62.0,33.0,physical_only,-3.6884187037206377e-06,-8.718967508177065e-07,-1.706059508294671e-06,4.327345177275299e-08,-1.9823591954259663e-06,-9.151702025904593e-07
8,8,loading,0.95,26f35b09a9fda320af7d73cea6360d926fc1ccc90a7b936c5c4cc7e0c31ae56b,2736,63.0,33.0,interior,-0.0,-0.0,-0.0,-0.0,-0.0,-0.0
8,8,loading,0.95,26f35b09a9fda320af7d73cea6360d926fc1ccc90a7b936c5c4cc7e0c31ae56b,2737,64.0,33.0,interior,-0.0,-0.0,-0.0,-0.0,-0.0,-0.0
8,8,loading,0.95,26f35b09a9fda320af7d73cea6360d926fc1ccc90a7b936c5c4cc7e0c31ae56b,2738,65.0,33.0,interior,-0.0,-0.0,-0.0,-0.0,-0.0,-0.0
8,8,loading,0.95,26f35b09a9fda320af7d73cea6360d926fc1ccc90a7b936c5c4cc7e0c31ae56b,2739,66.0,33.0,interior,-0.0,-0.0,-0.0,-0.0,-0.0,-0.0
8,8,loading,0.95,26f35b09a9fda320af7d73cea6360d926fc1ccc90a7b936c5c4cc7e0c31ae56b,2740,67.0,33.0,interior,-0.0,-0.0,-0.0,-0.0,-0.0,-0.0
8,8,loading,0.95,26f35b09a9fda320af7d73cea6360d926fc1ccc90a7b936c5c4cc7e0c31ae56b,2741,68.0,33.0,interior,-0.0,-0.0,-0.0,-0.0,-0.0,-0.0
8,8,loading,0.95,26f35b09a9fda320af7d73cea6360d926fc1ccc90a7b936c5c4cc7e0c31ae56b,2742,69.0,33.0,interior,-0.0,-0.0,-0.0,-0.0,-0.0,-0.0
8,8,loading,0.95,26f35b09a9fda320af7d73cea6360d926fc1ccc90a7b936c5c4cc7e0c31ae56b,2743,70.0,33.0,interior,-0.0,-0.0,-0.0,-0.0,-0.0,-0.0
8,8,loading,0.95,26f35b09a9fda320af7d73cea6360d926fc1ccc90a7b936c5c4cc7e0c31ae56b,2744,71.0,33.0,interior,-0.0,-0.0,-0.0,-0.0,-0.0,-0.0
8,8,loading,0.95,26f35b09a9fda320af7d73cea6360d926fc1ccc90a7b936c5c4cc7e0c31ae56b,2745,72.0,33.0,interior,-0.0,-0.0,-0.0,-0.0,-0.0,-0.0
8,8,loading,0.95,26f35b09a9fda320af7d73cea6360d926fc1ccc90a7b936c5c4cc7e0c31ae56b,2746,73.0,33.0,interior,-0.0,-0.0,-0.0,-0.0,-0.0,-0.0
8,8,loading,0.95,26f35b09a9fda320af7d73cea6360d926fc1ccc90a7b936c5c4cc7e0c31ae56b,2747,74.0,33.0,interior,-0.0,-0.0,-0.0,-0.0,-0.0,-0.0
8,8,loading,0.95,26f35b09a9fda320af7d73cea6360d926fc1ccc90a7b936c5c4cc7e0c31ae56b,2748,75.0,33.0,interior,-0.0,-0.0,-0.0,-0.0,-0.0,-0.0
8,8,loading,0.95,26f35b09a9fda320af7d73cea6360d926fc1ccc90a7b936c5c4cc7e0c31ae56b,2749,76.0,33.0,interior,-0.0,-0.0,-0.0,-0.0,-0.0,-0.0
8,8,loading,0.95,26f35b09a9fda320af7d73cea6360d926fc1ccc90a7b936c5c4cc7e0c31ae56b,2750,77.0,33.0,interior,-0.0,-0.0,-0.0,-0.0,-0.0,-0.0
8,8,loading,0.95,26f35b09a9fda320af7d73cea6360d926fc1ccc90a7b936c5c4cc7e0c31ae56b,2751,78.0,33.0,interior,-0.0,-0.0,-0.0,-0.0,-0.0,-0.0
8,8,loading,0.95,26f35b09a9fda320af7d73cea6360d926fc1ccc90a7b936c5c4cc7e0c31ae56b,2752,79.0,33.0,interior,-0.0,-0.0,-0.0,-0.0,-0.0,-0.0
8,8,loading,0.95,26f35b09a9fda320af7d73cea6360d926fc1ccc90a7b936c5c4cc7e0c31ae56b,2753,80.0,33.0,physical_only,-0.0,-0.0,-0.0,-0.0,-0.0,-0.0
8,8,loading,0.95,26f35b09a9fda320af7d73cea6360d926fc1ccc90a7b936c5c4cc7e0c31ae56b,2816,62.0,34.0,physical_only,-3.0398286533253146e-06,-3.9354016193844243e-07,-1.7800375928453735e-06,3.487249632400381e-08,-1.259791060479942e-06,-4.2841265826244635e-07
8,8,loading,0.95,26f35b09a9fda320af7d73cea6360d926fc1ccc90a7b936c5c4cc7e0c31ae56b,2817,63.0,34.0,interior,-0.0,-0.0,-0.0,-0.0,-0.0,-0.0
8,8,loading,0.95,26f35b09a9fda320af7d73cea6360d926fc1ccc90a7b936c5c4cc7e0c31ae56b,2818,64.0,34.0,interior,-0.0,-0.0,-0.0,-0.0,-0.0,-0.0
8,8,loading,0.95,26f35b09a9fda320af7d73cea6360d926fc1ccc90a7b936c5c4cc7e0c31ae56b,2819,65.0,34.0,interior,-0.0,-0.0,-0.0,-0.0,-0.0,-0.0
8,8,loading,0.95,26f35b09a9fda320af7d73cea6360d926fc1ccc90a7b936c5c4cc7e0c31ae56b,2820,66.0,34.0,interior,-0.0,-0.0,-0.0,-0.0,-0.0,-0.0
8,8,loading,0.95,26f35b09a9fda320af7d73cea6360d926fc1ccc90a7b936c5c4cc7e0c31ae56b,2821,67.0,34.0,interior,-0.0,-0.0,-0.0,-0.0,-0.0,-0.0
8,8,loading,0.95,26f35b09a9fda320af7d73cea6360d926fc1ccc90a7b936c5c4cc7e0c31ae56b,2822,68.0,34.0,interior,-0.0,-0.0,-0.0,-0.0,-0.0,-0.0
8,8,loading,0.95,26f35b09a9fda320af7d73cea6360d926fc1ccc90a7b936c5c4cc7e0c31ae56b,2823,69.0,34.0,interior,-0.0,-0.0,-0.0,-0.0,-0.0,-0.0
8,8,loading,0.95,26f35b09a9fda320af7d73cea6360d926fc1ccc90a7b936c5c4cc7e0c31ae56b,2824,70.0,34.0,interior,-0.0,-0.0,-0.0,-0.0,-0.0,-0.0
8,8,loading,0.95,26f35b09a9fda320af7d73cea6360d926fc1ccc90a7b936c5c4cc7e0c31ae56b,2825,71.0,34.0,interior,-0.0,-0.0,-0.0,-0.0,-0.0,-0.0
8,8,loading,0.95,26f35b09a9fda320af7d73cea6360d926fc1ccc90a7b936c5c4cc7e0c31ae56b,2826,72.0,34.0,interior,-0.0,-0.0,-0.0,-0.0,-0.0,-0.0
8,8,loading,0.95,26f35b09a9fda320af7d73cea6360d926fc1ccc90a7b936c5c4cc7e0c31ae56b,2827,73.0,34.0,interior,-0.0,-0.0,-0.0,-0.0,-0.0,-0.0
8,8,loading,0.95,26f35b09a9fda320af7d73cea6360d926fc1ccc90a7b936c5c4cc7e0c31ae56b,2828,74.0,34.0,interior,-0.0,-0.0,-0.0,-0.0,-0.0,-0.0
8,8,loading,0.95,26f35b09a9fda320af7d73cea6360d926fc1ccc90a7b936c5c4cc7e0c31ae56b,2829,75.0,34.0,interior,-0.0,-0.0,-0.0,-0.0,-0.0,-0.0
8,8,loading,0.95,26f35b09a9fda320af7d73cea6360d926fc1ccc90a7b936c5c4cc7e0c31ae56b,2830,76.0,34.0,interior,-0.0,-0.0,-0.0,-0.0,-0.0,-0.0
8,8,loading,0.95,26f35b09a9fda320af7d73cea6360d926fc1ccc90a7b936c5c4cc7e0c31ae56b,2831,77.0,34.0,interior,-0.0,-0.0,-0.0,-0.0,-0.0,-0.0
8,8,loading,0.95,26f35b09a9fda320af7d73cea6360d926fc1ccc90a7b936c5c4cc7e0c31ae56b,2832,78.0,34.0,interior,-0.0,-0.0,-0.0,-0.0,-0.0,-0.0
8,8,loading,0.95,26f35b09a9fda320af7d73cea6360d926fc1ccc90a7b936c5c4cc7e0c31ae56b,2833,79.0,34.0,interior,-0.0,-0.0,-0.0,-0.0,-0.0,-0.0
8,8,loading,0.95,26f35b09a9fda320af7d73cea6360d926fc1ccc90a7b936c5c4cc7e0c31ae56b,2834,80.0,34.0,physical_only,-0.0,-0.0,-0.0,-0.0,-0.0,-0.0
8,8,loading,0.95,26f35b09a9fda320af7d73cea6360d926fc1ccc90a7b936c5c4cc7e0c31ae56b,2897,62.0,35.0,physical_only,-2.8614882785195646e-06,-3.668783501082987e-08,-1.8411265422901278e-06,2.946377071099545e-08,-1.0203617362294372e-06,-6.615160572182527e-08
8,8,loading,0.95,26f35b09a9fda320af7d73cea6360d926fc1ccc90a7b936c5c4cc7e0c31ae56b,2898,63.0,35.0,interior,-0.0,-0.0,-0.0,-0.0,-0.0,-0.0
8,8,loading,0.95,26f35b09a9fda320af7d73cea6360d926fc1ccc90a7b936c5c4cc7e0c31ae56b,2899,64.0,35.0,interior,-0.0,-0.0,-0.0,-0.0,-0.0,-0.0
8,8,loading,0.95,26f35b09a9fda320af7d73cea6360d926fc1ccc90a7b936c5c4cc7e0c31ae56b,2900,65.0,35.0,interior,-0.0,-0.0,-0.0,-0.0,-0.0,-0.0
8,8,loading,0.95,26f35b09a9fda320af7d73cea6360d926fc1ccc90a7b936c5c4cc7e0c31ae56b,2901,66.0,35.0,interior,-0.0,-0.0,-0.0,-0.0,-0.0,-0.0
8,8,loading,0.95,26f35b09a9fda320af7d73cea6360d926fc1ccc90a7b936c5c4cc7e0c31ae56b,2902,67.0,35.0,interior,-0.0,-0.0,-0.0,-0.0,-0.0,-0.0
8,8,loading,0.95,26f35b09a9fda320af7d73cea6360d926fc1ccc90a7b936c5c4cc7e0c31ae56b,2903,68.0,35.0,interior,-0.0,-0.0,-0.0,-0.0,-0.0,-0.0
8,8,loading,0.95,26f35b09a9fda320af7d73cea6360d926fc1ccc90a7b936c5c4cc7e0c31ae56b,2904,69.0,35.0,interior,-0.0,-0.0,-0.0,-0.0,-0.0,-0.0
8,8,loading,0.95,26f35b09a9fda320af7d73cea6360d926fc1ccc90a7b936c5c4cc7e0c31ae56b,2905,70.0,35.0,interior,-0.0,-0.0,-0.0,-0.0,-0.0,-0.0
8,8,loading,0.95,26f35b09a9fda320af7d73cea6360d926fc1ccc90a7b936c5c4cc7e0c31ae56b,2906,71.0,35.0,interior,-0.0,-0.0,-0.0,-0.0,-0.0,-0.0
8,8,loading,0.95,26f35b09a9fda320af7d73cea6360d926fc1ccc90a7b936c5c4cc7e0c31ae56b,2907,72.0,35.0,interior,-0.0,-0.0,-0.0,-0.0,-0.0,-0.0
8,8,loading,0.95,26f35b09a9fda320af7d73cea6360d926fc1ccc90a7b936c5c4cc7e0c31ae56b,2908,73.0,35.0,interior,-0.0,-0.0,-0.0,-0.0,-0.0,-0.0
8,8,loading,0.95,26f35b09a9fda320af7d73cea6360d926fc1ccc90a7b936c5c4cc7e0c31ae56b,2909,74.0,35.0,interior,-0.0,-0.0,-0.0,-0.0,-0.0,-0.0
8,8,loading,0.95,26f35b09a9fda320af7d73cea6360d926fc1ccc90a7b936c5c4cc7e0c31ae56b,2910,75.0,35.0,interior,-0.0,-0.0,-0.0,-0.0,-0.0,-0.0
8,8,loading,0.95,26f35b09a9fda320af7d73cea6360d926fc1ccc90a7b936c5c4cc7e0c31ae56b,2911,76.0,35.0,interior,-0.0,-0.0,-0.0,-0.0,-0.0,-0.0
8,8,loading,0.95,26f35b09a9fda320af7d73cea6360d926fc1ccc90a7b936c5c4cc7e0c31ae56b,2912,77.0,35.0,interior,-0.0,-0.0,-0.0,-0.0,-0.0,-0.0
8,8,loading,0.95,26f35b09a9fda320af7d73cea6360d926fc1ccc90a7b936c5c4cc7e0c31ae56b,2913,78.0,35.0,interior,-0.0,-0.0,-0.0,-0.0,-0.0,-0.0
8,8,loading,0.95,26f35b09a9fda320af7d73cea6360d926fc1ccc90a7b936c5c4cc7e0c31ae56b,2914,79.0,35.0,interior,-0.0,-0.0,-0.0,-0.0,-0.0,-0.0
8,8,loading,0.95,26f35b09a9fda320af7d73cea6360d926fc1ccc90a7b936c5c4cc7e0c31ae56b,2915,80.0,35.0,physical_only,-0.0,-0.0,-0.0,-0.0,-0.0,-0.0
8,8,loading,0.95,26f35b09a9fda320af7d73cea6360d926fc1ccc90a7b936c5c4cc7e0c31ae56b,2978,62.0,36.0,physical_only,-2.917468148189977e-06,1.4419233293322984e-07,-1.8918403363839366e-06,2.486883301004209e-08,-1.0256278118060401e-06,1.1932349992318775e-07
8,8,loading,0.95,26f35b09a9fda320af7d73cea6360d926fc1ccc90a7b936c5c4cc7e0c31ae56b,2979,63.0,36.0,interior,-0.0,-0.0,-0.0,-0.0,-0.0,-0.0
8,8,loading,0.95,26f35b09a9fda320af7d73cea6360d926fc1ccc90a7b936c5c4cc7e0c31ae56b,2980,64.0,36.0,interior,-0.0,-0.0,-0.0,-0.0,-0.0,-0.0
8,8,loading,0.95,26f35b09a9fda320af7d73cea6360d926fc1ccc90a7b936c5c4cc7e0c31ae56b,2981,65.0,36.0,interior,-0.0,-0.0,-0.0,-0.0,-0.0,-0.0
8,8,loading,0.95,26f35b09a9fda320af7d73cea6360d926fc1ccc90a7b936c5c4cc7e0c31ae56b,2982,66.0,36.0,interior,-0.0,-0.0,-0.0,-0.0,-0.0,-0.0
8,8,loading,0.95,26f35b09a9fda320af7d73cea6360d926fc1ccc90a7b936c5c4cc7e0c31ae56b,2983,67.0,36.0,interior,-0.0,-0.0,-0.0,-0.0,-0.0,-0.0
8,8,loading,0.95,26f35b09a9fda320af7d73cea6360d926fc1ccc90a7b936c5c4cc7e0c31ae56b,2984,68.0,36.0,interior,-0.0,-0.0,-0.0,-0.0,-0.0,-0.0
8,8,loading,0.95,26f35b09a9fda320af7d73cea6360d926fc1ccc90a7b936c5c4cc7e0c31ae56b,2985,69.0,36.0,interior,-0.0,-0.0,-0.0,-0.0,-0.0,-0.0
8,8,loading,0.95,26f35b09a9fda320af7d73cea6360d926fc1ccc90a7b936c5c4cc7e0c31ae56b,2986,70.0,36.0,interior,-0.0,-0.0,-0.0,-0.0,-0.0,-0.0
8,8,loading,0.95,26f35b09a9fda320af7d73cea6360d926fc1ccc90a7b936c5c4cc7e0c31ae56b,2987,71.0,36.0,interior,-0.0,-0.0,-0.0,-0.0,-0.0,-0.0
8,8,loading,0.95,26f35b09a9fda320af7d73cea6360d926fc1ccc90a7b936c5c4cc7e0c31ae56b,2988,72.0,36.0,interior,-0.0,-0.0,-0.0,-0.0,-0.0,-0.0
8,8,loading,0.95,26f35b09a9fda320af7d73cea6360d926fc1ccc90a7b936c5c4cc7e0c31ae56b,2989,73.0,36.0,interior,-0.0,-0.0,-0.0,-0.0,-0.0,-0.0
8,8,loading,0.95,26f35b09a9fda320af7d73cea6360d926fc1ccc90a7b936c5c4cc7e0c31ae56b,2990,74.0,36.0,interior,-0.0,-0.0,-0.0,-0.0,-0.0,-0.0
8,8,loading,0.95,26f35b09a9fda320af7d73cea6360d926fc1ccc90a7b936c5c4cc7e0c31ae56b,2991,75.0,36.0,interior,-0.0,-0.0,-0.0,-0.0,-0.0,-0.0
8,8,loading,0.95,26f35b09a9fda320af7d73cea6360d926fc1ccc90a7b936c5c4cc7e0c31ae56b,2992,76.0,36.0,interior,-0.0,-0.0,-0.0,-0.0,-0.0,-0.0
8,8,loading,0.95,26f35b09a9fda320af7d73cea6360d926fc1ccc90a7b936c5c4cc7e0c31ae56b,2993,77.0,36.0,interior,-0.0,-0.0,-0.0,-0.0,-0.0,-0.0
8,8,loading,0.95,26f35b09a9fda320af7d73cea6360d926fc1ccc90a7b936c5c4cc7e0c31ae56b,2994,78.0,36.0,interior,-0.0,-0.0,-0.0,-0.0,-0.0,-0.0
8,8,loading,0.95,26f35b09a9fda320af7d73cea6360d926fc1ccc90a7b936c5c4cc7e0c31ae56b,2995,79.0,36.0,interior,-0.0,-0.0,-0.0,-0.0,-0.0,-0.0
8,8,loading,0.95,26f35b09a9fda320af7d73cea6360d926fc1ccc90a7b936c5c4cc7e0c31ae56b,2996,80.0,36.0,physical_only,-0.0,-0.0,-0.0,-0.0,-0.0,-0.0
8,8,loading,0.95,26f35b09a9fda320af7d73cea6360d926fc1ccc90a7b936c5c4cc7e0c31ae56b,3059,62.0,37.0,physical_only,-3.0385787883463197e-06,1.9078761840816317e-07,-1.9324866562852405e-06,1.9819056474013605e-08,-1.1060921320610793e-06,1.7096856193414957e-07
8,8,loading,0.95,26f35b09a9fda320af7d73cea6360d926fc1ccc90a7b936c5c4cc7e0c31ae56b,3060,63.0,37.0,interior,-0.0,-0.0,-0.0,-0.0,-0.0,-0.0
8,8,loading,0.95,26f35b09a9fda320af7d73cea6360d926fc1ccc90a7b936c5c4cc7e0c31ae56b,3061,64.0,37.0,interior,-0.0,-0.0,-0.0,-0.0,-0.0,-0.0
8,8,loading,0.95,26f35b09a9fda320af7d73cea6360d926fc1ccc90a7b936c5c4cc7e0c31ae56b,3062,65.0,37.0,interior,-0.0,-0.0,-0.0,-0.0,-0.0,-0.0
8,8,loading,0.95,26f35b09a9fda320af7d73cea6360d926fc1ccc90a7b936c5c4cc7e0c31ae56b,3063,66.0,37.0,interior,-0.0,-0.0,-0.0,-0.0,-0.0,-0.0
8,8,loading,0.95,26f35b09a9fda320af7d73cea6360d926fc1ccc90a7b936c5c4cc7e0c31ae56b,3064,67.0,37.0,interior,-0.0,-0.0,-0.0,-0.0,-0.0,-0.0
8,8,loading,0.95,26f35b09a9fda320af7d73cea6360d926fc1ccc90a7b936c5c4cc7e0c31ae56b,3065,68.0,37.0,interior,-0.0,-0.0,-0.0,-0.0,-0.0,-0.0
8,8,loading,0.95,26f35b09a9fda320af7d73cea6360d926fc1ccc90a7b936c5c4cc7e0c31ae56b,3066,69.0,37.0,interior,-0.0,-0.0,-0.0,-0.0,-0.0,-0.0
8,8,loading,0.95,26f35b09a9fda320af7d73cea6360d926fc1ccc90a7b936c5c4cc7e0c31ae56b,3067,70.0,37.0,interior,-0.0,-0.0,-0.0,-0.0,-0.0,-0.0
8,8,loading,0.95,26f35b09a9fda320af7d73cea6360d926fc1ccc90a7b936c5c4cc7e0c31ae56b,3068,71.0,37.0,interior,-0.0,-0.0,-0.0,-0.0,-0.0,-0.0
8,8,loading,0.95,26f35b09a9fda320af7d73cea6360d926fc1ccc90a7b936c5c4cc7e0c31ae56b,3069,72.0,37.0,interior,-0.0,-0.0,-0.0,-0.0,-0.0,-0.0
8,8,loading,0.95,26f35b09a9fda320af7d73cea6360d926fc1ccc90a7b936c5c4cc7e0c31ae56b,3070,73.0,37.0,interior,-0.0,-0.0,-0.0,-0.0,-0.0,-0.0
8,8,loading,0.95,26f35b09a9fda320af7d73cea6360d926fc1ccc90a7b936c5c4cc7e0c31ae56b,3071,74.0,37.0,interior,-0.0,-0.0,-0.0,-0.0,-0.0,-0.0
8,8,loading,0.95,26f35b09a9fda320af7d73cea6360d926fc1ccc90a7b936c5c4cc7e0c31ae56b,3072,75.0,37.0,interior,-0.0,-0.0,-0.0,-0.0,-0.0,-0.0
8,8,loading,0.95,26f35b09a9fda320af7d73cea6360d926fc1ccc90a7b936c5c4cc7e0c31ae56b,3073,76.0,37.0,interior,-0.0,-0.0,-0.0,-0.0,-0.0,-0.0
8,8,loading,0.95,26f35b09a9fda320af7d73cea6360d926fc1ccc90a7b936c5c4cc7e0c31ae56b,3074,77.0,37.0,interior,-0.0,-0.0,-0.0,-0.0,-0.0,-0.0
8,8,loading,0.95,26f35b09a9fda320af7d73cea6360d926fc1ccc90a7b936c5c4cc7e0c31ae56b,3075,78.0,37.0,interior,-0.0,-0.0,-0.0,-0.0,-0.0,-0.0
8,8,loading,0.95,26f35b09a9fda320af7d73cea6360d926fc1ccc90a7b936c5c4cc7e0c31ae56b,3076,79.0,37.0,interior,-0.0,-0.0,-0.0,-0.0,-0.0,-0.0
8,8,loading,0.95,26f35b09a9fda320af7d73cea6360d926fc1ccc90a7b936c5c4cc7e0c31ae56b,3077,80.0,37.0,physical_only,-0.0,-0.0,-0.0,-0.0,-0.0,-0.0
8,8,loading,0.95,26f35b09a9fda320af7d73cea6360d926fc1ccc90a7b936c5c4cc7e0c31ae56b,3140,62.0,38.0,physical_only,-3.1448574618248643e-06,1.5573976092852373e-07,-1.9623930619911664e-06,1.3887560888054082e-08,-1.1824643998336981e-06,1.4185220004046965e-07
8,8,loading,0.95,26f35b09a9fda320af7d73cea6360d926fc1ccc90a7b936c5c4cc7e0c31ae56b,3141,63.0,38.0,interior,-0.0,-0.0,-0.0,-0.0,-0.0,-0.0
8,8,loading,0.95,26f35b09a9fda320af7d73cea6360d926fc1ccc90a7b936c5c4cc7e0c31ae56b,3142,64.0,38.0,interior,-0.0,-0.0,-0.0,-0.0,-0.0,-0.0
8,8,loading,0.95,26f35b09a9fda320af7d73cea6360d926fc1ccc90a7b936c5c4cc7e0c31ae56b,3143,65.0,38.0,interior,-0.0,-0.0,-0.0,-0.0,-0.0,-0.0
8,8,loading,0.95,26f35b09a9fda320af7d73cea6360d926fc1ccc90a7b936c5c4cc7e0c31ae56b,3144,66.0,38.0,interior,-0.0,-0.0,-0.0,-0.0,-0.0,-0.0
8,8,loading,0.95,26f35b09a9fda320af7d73cea6360d926fc1ccc90a7b936c5c4cc7e0c31ae56b,3145,67.0,38.0,interior,-0.0,-0.0,-0.0,-0.0,-0.0,-0.0
8,8,loading,0.95,26f35b09a9fda320af7d73cea6360d926fc1ccc90a7b936c5c4cc7e0c31ae56b,3146,68.0,38.0,interior,-0.0,-0.0,-0.0,-0.0,-0.0,-0.0
8,8,loading,0.95,26f35b09a9fda320af7d73cea6360d926fc1ccc90a7b936c5c4cc7e0c31ae56b,3147,69.0,38.0,interior,-0.0,-0.0,-0.0,-0.0,-0.0,-0.0
8,8,loading,0.95,26f35b09a9fda320af7d73cea6360d926fc1ccc90a7b936c5c4cc7e0c31ae56b,3148,70.0,38.0,interior,-0.0,-0.0,-0.0,-0.0,-0.0,-0.0
8,8,loading,0.95,26f35b09a9fda320af7d73cea6360d926fc1ccc90a7b936c5c4cc7e0c31ae56b,3149,71.0,38.0,interior,-0.0,-0.0,-0.0,-0.0,-0.0,-0.0
8,8,loading,0.95,26f35b09a9fda320af7d73cea6360d926fc1ccc90a7b936c5c4cc7e0c31ae56b,3150,72.0,38.0,interior,-0.0,-0.0,-0.0,-0.0,-0.0,-0.0
8,8,loading,0.95,26f35b09a9fda320af7d73cea6360d926fc1ccc90a7b936c5c4cc7e0c31ae56b,3151,73.0,38.0,interior,-0.0,-0.0,-0.0,-0.0,-0.0,-0.0
8,8,loading,0.95,26f35b09a9fda320af7d73cea6360d926fc1ccc90a7b936c5c4cc7e0c31ae56b,3152,74.0,38.0,interior,-0.0,-0.0,-0.0,-0.0,-0.0,-0.0
8,8,loading,0.95,26f35b09a9fda320af7d73cea6360d926fc1ccc90a7b936c5c4cc7e0c31ae56b,3153,75.0,38.0,interior,-0.0,-0.0,-0.0,-0.0,-0.0,-0.0
8,8,loading,0.95,26f35b09a9fda320af7d73cea6360d926fc1ccc90a7b936c5c4cc7e0c31ae56b,3154,76.0,38.0,interior,-0.0,-0.0,-0.0,-0.0,-0.0,-0.0
8,8,loading,0.95,26f35b09a9fda320af7d73cea6360d926fc1ccc90a7b936c5c4cc7e0c31ae56b,3155,77.0,38.0,interior,-0.0,-0.0,-0.0,-0.0,-0.0,-0.0
8,8,loading,0.95,26f35b09a9fda320af7d73cea6360d926fc1ccc90a7b936c5c4cc7e0c31ae56b,3156,78.0,38.0,interior,-0.0,-0.0,-0.0,-0.0,-0.0,-0.0
8,8,loading,0.95,26f35b09a9fda320af7d73cea6360d926fc1ccc90a7b936c5c4cc7e0c31ae56b,3157,79.0,38.0,interior,-0.0,-0.0,-0.0,-0.0,-0.0,-0.0
8,8,loading,0.95,26f35b09a9fda320af7d73cea6360d926fc1ccc90a7b936c5c4cc7e0c31ae56b,3158,80.0,38.0,physical_only,-0.0,-0.0,-0.0,-0.0,-0.0,-0.0
8,8,loading,0.95,26f35b09a9fda320af7d73cea6360d926fc1ccc90a7b936c5c4cc7e0c31ae56b,3221,62.0,39.0,physical_only,-3.2085334039782595e-06,8.359497283484658e-08,-1.980731120359194e-06,7.164584806120804e-09,-1.2278022836190661e-06,7.643038802872578e-08
8,8,loading,0.95,26f35b09a9fda320af7d73cea6360d926fc1ccc90a7b936c5c4cc7e0c31ae56b,3222,63.0,39.0,interior,-0.0,-0.0,-0.0,-0.0,-0.0,-0.0
8,8,loading,0.95,26f35b09a9fda320af7d73cea6360d926fc1ccc90a7b936c5c4cc7e0c31ae56b,3223,64.0,39.0,interior,-0.0,-0.0,-0.0,-0.0,-0.0,-0.0
8,8,loading,0.95,26f35b09a9fda320af7d73cea6360d926fc1ccc90a7b936c5c4cc7e0c31ae56b,3224,65.0,39.0,interior,-0.0,-0.0,-0.0,-0.0,-0.0,-0.0
8,8,loading,0.95,26f35b09a9fda320af7d73cea6360d926fc1ccc90a7b936c5c4cc7e0c31ae56b,3225,66.0,39.0,interior,-0.0,-0.0,-0.0,-0.0,-0.0,-0.0
8,8,loading,0.95,26f35b09a9fda320af7d73cea6360d926fc1ccc90a7b936c5c4cc7e0c31ae56b,3226,67.0,39.0,interior,-0.0,-0.0,-0.0,-0.0,-0.0,-0.0
8,8,loading,0.95,26f35b09a9fda320af7d73cea6360d926fc1ccc90a7b936c5c4cc7e0c31ae56b,3227,68.0,39.0,interior,-0.0,-0.0,-0.0,-0.0,-0.0,-0.0
8,8,loading,0.95,26f35b09a9fda320af7d73cea6360d926fc1ccc90a7b936c5c4cc7e0c31ae56b,3228,69.0,39.0,interior,-0.0,-0.0,-0.0,-0.0,-0.0,-0.0
8,8,loading,0.95,26f35b09a9fda320af7d73cea6360d926fc1ccc90a7b936c5c4cc7e0c31ae56b,3229,70.0,39.0,interior,-0.0,-0.0,-0.0,-0.0,-0.0,-0.0
8,8,loading,0.95,26f35b09a9fda320af7d73cea6360d926fc1ccc90a7b936c5c4cc7e0c31ae56b,3230,71.0,39.0,interior,-0.0,-0.0,-0.0,-0.0,-0.0,-0.0
8,8,loading,0.95,26f35b09a9fda320af7d73cea6360d926fc1ccc90a7b936c5c4cc7e0c31ae56b,3231,72.0,39.0,interior,-0.0,-0.0,-0.0,-0.0,-0.0,-0.0
8,8,loading,0.95,26f35b09a9fda320af7d73cea6360d926fc1ccc90a7b936c5c4cc7e0c31ae56b,3232,73.0,39.0,interior,-0.0,-0.0,-0.0,-0.0,-0.0,-0.0
8,8,loading,0.95,26f35b09a9fda320af7d73cea6360d926fc1ccc90a7b936c5c4cc7e0c31ae56b,3233,74.0,39.0,interior,-0.0,-0.0,-0.0,-0.0,-0.0,-0.0
8,8,loading,0.95,26f35b09a9fda320af7d73cea6360d926fc1ccc90a7b936c5c4cc7e0c31ae56b,3234,75.0,39.0,interior,-0.0,-0.0,-0.0,-0.0,-0.0,-0.0
8,8,loading,0.95,26f35b09a9fda320af7d73cea6360d926fc1ccc90a7b936c5c4cc7e0c31ae56b,3235,76.0,39.0,interior,-0.0,-0.0,-0.0,-0.0,-0.0,-0.0
8,8,loading,0.95,26f35b09a9fda320af7d73cea6360d926fc1ccc90a7b936c5c4cc7e0c31ae56b,3236,77.0,39.0,interior,-0.0,-0.0,-0.0,-0.0,-0.0,-0.0
8,8,loading,0.95,26f35b09a9fda320af7d73cea6360d926fc1ccc90a7b936c5c4cc7e0c31ae56b,3237,78.0,39.0,interior,-0.0,-0.0,-0.0,-0.0,-0.0,-0.0
8,8,loading,0.95,26f35b09a9fda320af7d73cea6360d926fc1ccc90a7b936c5c4cc7e0c31ae56b,3238,79.0,39.0,interior,-0.0,-0.0,-0.0,-0.0,-0.0,-0.0
8,8,loading,0.95,26f35b09a9fda320af7d73cea6360d926fc1ccc90a7b936c5c4cc7e0c31ae56b,3239,80.0,39.0,physical_only,-0.0,-0.0,-0.0,-0.0,-0.0,-0.0
8,8,loading,0.95,26f35b09a9fda320af7d73cea6360d926fc1ccc90a7b936c5c4cc7e0c31ae56b,3302,62.0,40.0,physical_and_cut,-1.6144223625021427e-06,-1.1668242874858762e-06,-9.934561522210172e-07,-4.511273260735373e-07,-6.209662102811255e-07,-7.156969614123389e-07
8,8,loading,0.95,26f35b09a9fda320af7d73cea6360d926fc1ccc90a7b936c5c4cc7e0c31ae56b,3303,63.0,40.0,cut_only,-0.0,-0.0,-0.0,-0.0,-0.0,-0.0
8,8,loading,0.95,26f35b09a9fda320af7d73cea6360d926fc1ccc90a7b936c5c4cc7e0c31ae56b,3304,64.0,40.0,cut_only,-0.0,-0.0,-0.0,-0.0,-0.0,-0.0
8,8,loading,0.95,26f35b09a9fda320af7d73cea6360d926fc1ccc90a7b936c5c4cc7e0c31ae56b,3305,65.0,40.0,cut_only,-0.0,-0.0,-0.0,-0.0,-0.0,-0.0
8,8,loading,0.95,26f35b09a9fda320af7d73cea6360d926fc1ccc90a7b936c5c4cc7e0c31ae56b,3306,66.0,40.0,cut_only,-0.0,-0.0,-0.0,-0.0,-0.0,-0.0
8,8,loading,0.95,26f35b09a9fda320af7d73cea6360d926fc1ccc90a7b936c5c4cc7e0c31ae56b,3307,67.0,40.0,cut_only,-0.0,-0.0,-0.0,-0.0,-0.0,-0.0
8,8,loading,0.95,26f35b09a9fda320af7d73cea6360d926fc1ccc90a7b936c5c4cc7e0c31ae56b,3308,68.0,40.0,cut_only,-0.0,-0.0,-0.0,-0.0,-0.0,-0.0
8,8,loading,0.95,26f35b09a9fda320af7d73cea6360d926fc1ccc90a7b936c5c4cc7e0c31ae56b,3309,69.0,40.0,cut_only,-0.0,-0.0,-0.0,-0.0,-0.0,-0.0
8,8,loading,0.95,26f35b09a9fda320af7d73cea6360d926fc1ccc90a7b936c5c4cc7e0c31ae56b,3310,70.0,40.0,cut_only,-0.0,-0.0,-0.0,-0.0,-0.0,-0.0
8,8,loading,0.95,26f35b09a9fda320af7d73cea6360d926fc1ccc90a7b936c5c4cc7e0c31ae56b,3311,71.0,40.0,cut_only,-0.0,-0.0,-0.0,-0.0,-0.0,-0.0
8,8,loading,0.95,26f35b09a9fda320af7d73cea6360d926fc1ccc90a7b936c5c4cc7e0c31ae56b,3312,72.0,40.0,cut_only,-0.0,-0.0,-0.0,-0.0,-0.0,-0.0
8,8,loading,0.95,26f35b09a9fda320af7d73cea6360d926fc1ccc90a7b936c5c4cc7e0c31ae56b,3313,73.0,40.0,cut_only,-0.0,-0.0,-0.0,-0.0,-0.0,-0.0
8,8,loading,0.95,26f35b09a9fda320af7d73cea6360d926fc1ccc90a7b936c5c4cc7e0c31ae56b,3314,74.0,40.0,cut_only,-0.0,-0.0,-0.0,-0.0,-0.0,-0.0
8,8,loading,0.95,26f35b09a9fda320af7d73cea6360d926fc1ccc90a7b936c5c4cc7e0c31ae56b,3315,75.0,40.0,cut_only,-0.0,-0.0,-0.0,-0.0,-0.0,-0.0
8,8,loading,0.95,26f35b09a9fda320af7d73cea6360d926fc1ccc90a7b936c5c4cc7e0c31ae56b,3316,76.0,40.0,cut_only,-0.0,-0.0,-0.0,-0.0,-0.0,-0.0
8,8,loading,0.95,26f35b09a9fda320af7d73cea6360d926fc1ccc90a7b936c5c4cc7e0c31ae56b,3317,77.0,40.0,cut_only,-0.0,-0.0,-0.0,-0.0,-0.0,-0.0
8,8,loading,0.95,26f35b09a9fda320af7d73cea6360d926fc1ccc90a7b936c5c4cc7e0c31ae56b,3318,78.0,40.0,cut_only,-0.0,-0.0,-0.0,-0.0,-0.0,-0.0
8,8,loading,0.95,26f35b09a9fda320af7d73cea6360d926fc1ccc90a7b936c5c4cc7e0c31ae56b,3319,79.0,40.0,cut_only,-0.0,-0.0,-0.0,-0.0,-0.0,-0.0
8,8,loading,0.95,26f35b09a9fda320af7d73cea6360d926fc1ccc90a7b936c5c4cc7e0c31ae56b,3320,80.0,40.0,physical_and_cut,-0.0,-0.0,-0.0,-0.0,-0.0,-0.0
9,9,loading,1.0,acca61f4a5b36e3eafc559841855ca0c069c84c583c069a377f432922176783f,2573,62.0,31.0,physical_only,-0.0004336882567621792,-7.992606816247701e-05,-2.788535253509312e-06,3.1723189034630227e-06,-0.0004308997215086699,-8.309838706594005e-05
9,9,loading,1.0,acca61f4a5b36e3eafc559841855ca0c069c84c583c069a377f432922176783f,2574,63.0,31.0,physical_only,-3.091356838292945e-07,-6.585627959052991e-05,-1.5609735465326363e-06,3.6971753496373434e-06,1.2518378627033422e-06,-6.955345494016722e-05
9,9,loading,1.0,acca61f4a5b36e3eafc559841855ca0c069c84c583c069a377f432922176783f,2575,64.0,31.0,physical_only,2.0075451941780854e-06,-8.709532016714646e-05,-1.5970693446238096e-06,4.777079550551904e-06,3.604614538801894e-06,-9.187239971769834e-05
9,9,loading,1.0,acca61f4a5b36e3eafc559841855ca0c069c84c583c069a377f432922176783f,2576,65.0,31.0,physical_only,2.7328100640472776e-06,-0.00011759290173682716,-1.6424208713130832e-06,6.022415077886642e-06,4.375230935360361e-06,-0.00012361531681471372
9,9,loading,1.0,acca61f4a5b36e3eafc559841855ca0c069c84c583c069a377f432922176783f,2577,66.0,31.0,physical_only,1.5897952433551976e-06,-0.00015531479181339072,-1.6981537419626209e-06,7.487269173628892e-06,3.287948985317819e-06,-0.00016280206098701966
9,9,loading,1.0,acca61f4a5b36e3eafc559841855ca0c069c84c583c069a377f432922176783f,2578,67.0,31.0,physical_only,-1.031938814464239e-06,-0.00019922033013883083,-1.7634765719338385e-06,9.237716850026325e-06,7.315377574696003e-07,-0.00020845804698885716
9,9,loading,1.0,acca61f4a5b36e3eafc559841855ca0c069c84c583c069a377f432922176783f,2579,68.0,31.0,physical_only,-1.7372426499188284e-06,-0.00025236003137160136,-1.8391140045682902e-06,1.135812902983635e-05,1.0187135464945985e-07,-0.0002637181604014377
9,9,loading,1.0,acca61f4a5b36e3eafc559841855ca0c069c84c583c069a377f432922176783f,2580,69.0,31.0,physical_only,-2.968288694581732e-06,-0.00031881494245467545,-1.927706177848898e-06,1.3965166358959756e-05,-1.0405825167328346e-06,-0.00033278010881363537
9,9,loading,1.0,acca61f4a5b36e3eafc559841855ca0c069c84c583c069a377f432922176783f,2581,70.0,31.0,physical_only,-4.625854283614203e-06,-0.0003996619349461727,-2.0341560263905947e-06,1.722910777681604e-05,-2.59169825722361e-06,-0.00041689104272298874
9,9,loading,1.0,acca61f4a5b36e3eafc559841855ca0c069c84c583c069a377f432922176783f,2582,71.0,31.0,physical_only,-6.653520545722706e-06,-0.0004972389086433826,-2.165467740958535e-06,2.1406545073536597e-05,-4.488052804764169e-06,-0.0005186454537169189
9,9,loading,1.0,acca61f4a5b36e3eafc559841855ca0c069c84c583c069a377f432922176783f,2583,72.0,31.0,physical_only,-8.764513542599041e-06,-0.0006140967026316856,-2.332668410689088e-06,2.690104522313451e-05,-6.4318451319099526e-06,-0.0006409977478548205
9,9,loading,1.0,acca61f4a5b36e3eafc559841855ca0c069c84c583c069a377f432922176783f,2584,73.0,31.0,physical_only,-1.0342515519365838e-05,-0.0007531836410402744,-2.553981325922851e-06,3.438255937555156e-05,-7.788534193442987e-06,-0.0007875662004158263
9,9,loading,1.0,acca61f4a5b36e3eafc559841855ca0c069c84c583c069a377f432922176783f,2585,74.0,31.0,physical_only,-9.042739831749736e-06,-0.0009208576063544508,-2.8622704238260296e-06,4.5046248455547675e-05,-6.180469407923706e-06,-0.0009659038548099981
9,9,loading,1.0,acca61f4a5b36e3eafc559841855ca0c069c84c583c069a377f432922176783f,2586,75.0,31.0,physical_only,-7.763523715818027e-06,-0.0011297969741795892,-3.3229714587432293e-06,6.124649079355712e-05,-4.4405522570747975e-06,-0.001191043464973147
9,9,loading,1.0,acca61f4a5b36e3eafc559841855ca0c069c84c583c069a377f432922176783f,2587,76.0,31.0,physical_only,-2.236489026791215e-05,-0.0013893913449551844,-4.082293274035102e-06,8.831006884035987e-05,-1.8282596993877045e-05,-0.0014777014137955444
9,9,loading,1.0,acca61f4a5b36e3eafc559841855ca0c069c84c583c069a377f432922176783f,2588,77.0,31.0,physical_only,-9.674207938842325e-05,-0.0016099194346255105,-5.509358373789232e-06,0.00014086634353835525,-9.123272101463401e-05,-0.0017507857781638653
9,9,loading,1.0,acca61f4a5b36e3eafc559841855ca0c069c84c583c069a377f432922176783f,2589,78.0,31.0,physical_only,-0.00021398949893551282,-0.0018175123213048632,-9.111117030802273e-06,0.00027828596882153707,-0.00020487838190471052,-0.0020957982901263997
9,9,loading,1.0,acca61f4a5b36e3eafc559841855ca0c069c84c583c069a377f432922176783f,2590,79.0,31.0,physical_only,-0.0004393273994985763,0.0021239555918758663,-2.121350009995522e-05,0.0009444016359679522,-0.0004181138993986211,0.0011795539559079152
9,9,loading,1.0,acca61f4a5b36e3eafc559841855ca0c069c84c583c069a377f432922176783f,2591,80.0,31.0,physical_only,-0.000753867441143611,0.05657556976754008,-0.001499822911448535,0.04638099916280888,0.0007459554703049239,0.0101945706047312
9,9,loading,1.0,acca61f4a5b36e3eafc559841855ca0c069c84c583c069a377f432922176783f,2654,62.0,32.0,physical_only,-5.215397939400539e-06,-1.3012386435998425e-06,-1.604997423776794e-06,5.6916104072430434e-08,-3.610400515623743e-06,-1.3581547476722731e-06
9,9,loading,1.0,acca61f4a5b36e3eafc559841855ca0c069c84c583c069a377f432922176783f,2655,63.0,32.0,interior,-0.0,-0.0,-0.0,-0.0,-0.0,-0.0
9,9,loading,1.0,acca61f4a5b36e3eafc559841855ca0c069c84c583c069a377f432922176783f,2656,64.0,32.0,interior,-0.0,-0.0,-0.0,-0.0,-0.0,-0.0
9,9,loading,1.0,acca61f4a5b36e3eafc559841855ca0c069c84c583c069a377f432922176783f,2657,65.0,32.0,interior,-0.0,-0.0,-0.0,-0.0,-0.0,-0.0
9,9,loading,1.0,acca61f4a5b36e3eafc559841855ca0c069c84c583c069a377f432922176783f,2658,66.0,32.0,interior,-0.0,-0.0,-0.0,-0.0,-0.0,-0.0
9,9,loading,1.0,acca61f4a5b36e3eafc559841855ca0c069c84c583c069a377f432922176783f,2659,67.0,32.0,interior,-0.0,-0.0,-0.0,-0.0,-0.0,-0.0
9,9,loading,1.0,acca61f4a5b36e3eafc559841855ca0c069c84c583c069a377f432922176783f,2660,68.0,32.0,interior,-0.0,-0.0,-0.0,-0.0,-0.0,-0.0
9,9,loading,1.0,acca61f4a5b36e3eafc559841855ca0c069c84c583c069a377f432922176783f,2661,69.0,32.0,interior,-0.0,-0.0,-0.0,-0.0,-0.0,-0.0
9,9,loading,1.0,acca61f4a5b36e3eafc559841855ca0c069c84c583c069a377f432922176783f,2662,70.0,32.0,interior,-0.0,-0.0,-0.0,-0.0,-0.0,-0.0
9,9,loading,1.0,acca61f4a5b36e3eafc559841855ca0c069c84c583c069a377f432922176783f,2663,71.0,32.0,interior,-0.0,-0.0,-0.0,-0.0,-0.0,-0.0
9,9,loading,1.0,acca61f4a5b36e3eafc559841855ca0c069c84c583c069a377f432922176783f,2664,72.0,32.0,interior,-0.0,-0.0,-0.0,-0.0,-0.0,-0.0
9,9,loading,1.0,acca61f4a5b36e3eafc559841855ca0c069c84c583c069a377f432922176783f,2665,73.0,32.0,interior,-0.0,-0.0,-0.0,-0.0,-0.0,-0.0
9,9,loading,1.0,acca61f4a5b36e3eafc559841855ca0c069c84c583c069a377f432922176783f,2666,74.0,32.0,interior,-0.0,-0.0,-0.0,-0.0,-0.0,-0.0
9,9,loading,1.0,acca61f4a5b36e3eafc559841855ca0c069c84c583c069a377f432922176783f,2667,75.0,32.0,interior,-0.0,-0.0,-0.0,-0.0,-0.0,-0.0
9,9,loading,1.0,acca61f4a5b36e3eafc559841855ca0c069c84c583c069a377f432922176783f,2668,76.0,32.0,interior,-0.0,-0.0,-0.0,-0.0,-0.0,-0.0
9,9,loading,1.0,acca61f4a5b36e3eafc559841855ca0c069c84c583c069a377f432922176783f,2669,77.0,32.0,interior,-0.0,-0.0,-0.0,-0.0,-0.0,-0.0
9,9,loading,1.0,acca61f4a5b36e3eafc559841855ca0c069c84c583c069a377f432922176783f,2670,78.0,32.0,interior,-0.0,-0.0,-0.0,-0.0,-0.0,-0.0
9,9,loading,1.0,acca61f4a5b36e3eafc559841855ca0c069c84c583c069a377f432922176783f,2671,79.0,32.0,interior,-0.0,-0.0,-0.0,-0.0,-0.0,-0.0
9,9,loading,1.0,acca61f4a5b36e3eafc559841855ca0c069c84c583c069a377f432922176783f,2672,80.0,32.0,physical_only,-0.0,-0.0,-0.0,-0.0,-0.0,-0.0
9,9,loading,1.0,acca61f4a5b36e3eafc559841855ca0c069c84c583c069a377f432922176783f,2735,62.0,33.0,physical_only,-3.753227708427601e-06,-8.805906175729016e-07,-1.7004467515385034e-06,4.270505961658785e-08,-2.0527809568890975e-06,-9.232956771894893e-07
9,9,loading,1.0,acca61f4a5b36e3eafc559841855ca0c069c84c583c069a377f432922176783f,2736,63.0,33.0,interior,-0.0,-0.0,-0.0,-0.0,-0.0,-0.0
9,9,loading,1.0,acca61f4a5b36e3eafc559841855ca0c069c84c583c069a377f432922176783f,2737,64.0,33.0,interior,-0.0,-0.0,-0.0,-0.0,-0.0,-0.0
9,9,loading,1.0,acca61f4a5b36e3eafc559841855ca0c069c84c583c069a377f432922176783f,2738,65.0,33.0,interior,-0.0,-0.0,-0.0,-0.0,-0.0,-0.0
9,9,loading,1.0,acca61f4a5b36e3eafc559841855ca0c069c84c583c069a377f432922176783f,2739,66.0,33.0,interior,-0.0,-0.0,-0.0,-0.0,-0.0,-0.0
9,9,loading,1.0,acca61f4a5b36e3eafc559841855ca0c069c84c583c069a377f432922176783f,2740,67.0,33.0,interior,-0.0,-0.0,-0.0,-0.0,-0.0,-0.0
9,9,loading,1.0,acca61f4a5b36e3eafc559841855ca0c069c84c583c069a377f432922176783f,2741,68.0,33.0,interior,-0.0,-0.0,-0.0,-0.0,-0.0,-0.0
9,9,loading,1.0,acca61f4a5b36e3eafc559841855ca0c069c84c583c069a377f432922176783f,2742,69.0,33.0,interior,-0.0,-0.0,-0.0,-0.0,-0.0,-0.0
9,9,loading,1.0,acca61f4a5b36e3eafc559841855ca0c069c84c583c069a377f432922176783f,2743,70.0,33.0,interior,-0.0,-0.0,-0.0,-0.0,-0.0,-0.0
9,9,loading,1.0,acca61f4a5b36e3eafc559841855ca0c069c84c583c069a377f432922176783f,2744,71.0,33.0,interior,-0.0,-0.0,-0.0,-0.0,-0.0,-0.0
9,9,loading,1.0,acca61f4a5b36e3eafc559841855ca0c069c84c583c069a377f432922176783f,2745,72.0,33.0,interior,-0.0,-0.0,-0.0,-0.0,-0.0,-0.0
9,9,loading,1.0,acca61f4a5b36e3eafc559841855ca0c069c84c583c069a377f432922176783f,2746,73.0,33.0,interior,-0.0,-0.0,-0.0,-0.0,-0.0,-0.0
9,9,loading,1.0,acca61f4a5b36e3eafc559841855ca0c069c84c583c069a377f432922176783f,2747,74.0,33.0,interior,-0.0,-0.0,-0.0,-0.0,-0.0,-0.0
9,9,loading,1.0,acca61f4a5b36e3eafc559841855ca0c069c84c583c069a377f432922176783f,2748,75.0,33.0,interior,-0.0,-0.0,-0.0,-0.0,-0.0,-0.0
9,9,loading,1.0,acca61f4a5b36e3eafc559841855ca0c069c84c583c069a377f432922176783f,2749,76.0,33.0,interior,-0.0,-0.0,-0.0,-0.0,-0.0,-0.0
9,9,loading,1.0,acca61f4a5b36e3eafc559841855ca0c069c84c583c069a377f432922176783f,2750,77.0,33.0,interior,-0.0,-0.0,-0.0,-0.0,-0.0,-0.0
9,9,loading,1.0,acca61f4a5b36e3eafc559841855ca0c069c84c583c069a377f432922176783f,2751,78.0,33.0,interior,-0.0,-0.0,-0.0,-0.0,-0.0,-0.0
9,9,loading,1.0,acca61f4a5b36e3eafc559841855ca0c069c84c583c069a377f432922176783f,2752,79.0,33.0,interior,-0.0,-0.0,-0.0,-0.0,-0.0,-0.0
9,9,loading,1.0,acca61f4a5b36e3eafc559841855ca0c069c84c583c069a377f432922176783f,2753,80.0,33.0,physical_only,-0.0,-0.0,-0.0,-0.0,-0.0,-0.0
9,9,loading,1.0,acca61f4a5b36e3eafc559841855ca0c069c84c583c069a377f432922176783f,2816,62.0,34.0,physical_only,-3.072856257908889e-06,-3.9123895147259463e-07,-1.7763530438356358e-06,3.4408399523812815e-08,-1.2965032140732525e-06,-4.2564735099640755e-07
9,9,loading,1.0,acca61f4a5b36e3eafc559841855ca0c069c84c583c069a377f432922176783f,2817,63.0,34.0,interior,-0.0,-0.0,-0.0,-0.0,-0.0,-0.0
9,9,loading,1.0,acca61f4a5b36e3eafc559841855ca0c069c84c583c069a377f432922176783f,2818,64.0,34.0,interior,-0.0,-0.0,-0.0,-0.0,-0.0,-0.0
9,9,loading,1.0,acca61f4a5b36e3eafc559841855ca0c069c84c583c069a377f432922176783f,2819,65.0,34.0,interior,-0.0,-0.0,-0.0,-0.0,-0.0,-0.0
9,9,loading,1.0,acca61f4a5b36e3eafc559841855ca0c069c84c583c069a377f432922176783f,2820,66.0,34.0,interior,-0.0,-0.0,-0.0,-0.0,-0.0,-0.0
9,9,loading,1.0,acca61f4a5b36e3eafc559841855ca0c069c84c583c069a377f432922176783f,2821,67.0,34.0,interior,-0.0,-0.0,-0.0,-0.0,-0.0,-0.0
9,9,loading,1.0,acca61f4a5b36e3eafc559841855ca0c069c84c583c069a377f432922176783f,2822,68.0,34.0,interior,-0.0,-0.0,-0.0,-0.0,-0.0,-0.0
9,9,loading,1.0,acca61f4a5b36e3eafc559841855ca0c069c84c583c069a377f432922176783f,2823,69.0,34.0,interior,-0.0,-0.0,-0.0,-0.0,-0.0,-0.0
9,9,loading,1.0,acca61f4a5b36e3eafc559841855ca0c069c84c583c069a377f432922176783f,2824,70.0,34.0,interior,-0.0,-0.0,-0.0,-0.0,-0.0,-0.0
9,9,loading,1.0,acca61f4a5b36e3eafc559841855ca0c069c84c583c069a377f432922176783f,2825,71.0,34.0,interior,-0.0,-0.0,-0.0,-0.0,-0.0,-0.0
9,9,loading,1.0,acca61f4a5b36e3eafc559841855ca0c069c84c583c069a377f432922176783f,2826,72.0,34.0,interior,-0.0,-0.0,-0.0,-0.0,-0.0,-0.0
9,9,loading,1.0,acca61f4a5b36e3eafc559841855ca0c069c84c583c069a377f432922176783f,2827,73.0,34.0,interior,-0.0,-0.0,-0.0,-0.0,-0.0,-0.0
9,9,loading,1.0,acca61f4a5b36e3eafc559841855ca0c069c84c583c069a377f432922176783f,2828,74.0,34.0,interior,-0.0,-0.0,-0.0,-0.0,-0.0,-0.0
9,9,loading,1.0,acca61f4a5b36e3eafc559841855ca0c069c84c583c069a377f432922176783f,2829,75.0,34.0,interior,-0.0,-0.0,-0.0,-0.0,-0.0,-0.0
9,9,loading,1.0,acca61f4a5b36e3eafc559841855ca0c069c84c583c069a377f432922176783f,2830,76.0,34.0,interior,-0.0,-0.0,-0.0,-0.0,-0.0,-0.0
9,9,loading,1.0,acca61f4a5b36e3eafc559841855ca0c069c84c583c069a377f432922176783f,2831,77.0,34.0,interior,-0.0,-0.0,-0.0,-0.0,-0.0,-0.0
9,9,loading,1.0,acca61f4a5b36e3eafc559841855ca0c069c84c583c069a377f432922176783f,2832,78.0,34.0,interior,-0.0,-0.0,-0.0,-0.0,-0.0,-0.0
9,9,loading,1.0,acca61f4a5b36e3eafc559841855ca0c069c84c583c069a377f432922176783f,2833,79.0,34.0,interior,-0.0,-0.0,-0.0,-0.0,-0.0,-0.0
9,9,loading,1.0,acca61f4a5b36e3eafc559841855ca0c069c84c583c069a377f432922176783f,2834,80.0,34.0,physical_only,-0.0,-0.0,-0.0,-0.0,-0.0,-0.0
9,9,loading,1.0,acca61f4a5b36e3eafc559841855ca0c069c84c583c069a377f432922176783f,2897,62.0,35.0,physical_only,-2.8880012161924267e-06,-2.7094148944597774e-08,-1.839037423290318e-06,2.9156167836559646e-08,-1.0489637929021091e-06,-5.625031678115745e-08
9,9,loading,1.0,acca61f4a5b36e3eafc559841855ca0c069c84c583c069a377f432922176783f,2898,63.0,35.0,interior,-0.0,-0.0,-0.0,-0.0,-0.0,-0.0
9,9,loading,1.0,acca61f4a5b36e3eafc559841855ca0c069c84c583c069a377f432922176783f,2899,64.0,35.0,interior,-0.0,-0.0,-0.0,-0.0,-0.0,-0.0
9,9,loading,1.0,acca61f4a5b36e3eafc559841855ca0c069c84c583c069a377f432922176783f,2900,65.0,35.0,interior,-0.0,-0.0,-0.0,-0.0,-0.0,-0.0
9,9,loading,1.0,acca61f4a5b36e3eafc559841855ca0c069c84c583c069a377f432922176783f,2901,66.0,35.0,interior,-0.0,-0.0,-0.0,-0.0,-0.0,-0.0
9,9,loading,1.0,acca61f4a5b36e3eafc559841855ca0c069c84c583c069a377f432922176783f,2902,67.0,35.0,interior,-0.0,-0.0,-0.0,-0.0,-0.0,-0.0
9,9,loading,1.0,acca61f4a5b36e3eafc559841855ca0c069c84c583c069a377f432922176783f,2903,68.0,35.0,interior,-0.0,-0.0,-0.0,-0.0,-0.0,-0.0
9,9,loading,1.0,acca61f4a5b36e3eafc559841855ca0c069c84c583c069a377f432922176783f,2904,69.0,35.0,interior,-0.0,-0.0,-0.0,-0.0,-0.0,-0.0
9,9,loading,1.0,acca61f4a5b36e3eafc559841855ca0c069c84c583c069a377f432922176783f,2905,70.0,35.0,interior,-0.0,-0.0,-0.0,-0.0,-0.0,-0.0
9,9,loading,1.0,acca61f4a5b36e3eafc559841855ca0c069c84c583c069a377f432922176783f,2906,71.0,35.0,interior,-0.0,-0.0,-0.0,-0.0,-0.0,-0.0
9,9,loading,1.0,acca61f4a5b36e3eafc559841855ca0c069c84c583c069a377f432922176783f,2907,72.0,35.0,interior,-0.0,-0.0,-0.0,-0.0,-0.0,-0.0
9,9,loading,1.0,acca61f4a5b36e3eafc559841855ca0c069c84c583c069a377f432922176783f,2908,73.0,35.0,interior,-0.0,-0.0,-0.0,-0.0,-0.0,-0.0
9,9,loading,1.0,acca61f4a5b36e3eafc559841855ca0c069c84c583c069a377f432922176783f,2909,74.0,35.0,interior,-0.0,-0.0,-0.0,-0.0,-0.0,-0.0
9,9,loading,1.0,acca61f4a5b36e3eafc559841855ca0c069c84c583c069a377f432922176783f,2910,75.0,35.0,interior,-0.0,-0.0,-0.0,-0.0,-0.0,-0.0
9,9,loading,1.0,acca61f4a5b36e3eafc559841855ca0c069c84c583c069a377f432922176783f,2911,76.0,35.0,interior,-0.0,-0.0,-0.0,-0.0,-0.0,-0.0
9,9,loading,1.0,acca61f4a5b36e3eafc559841855ca0c069c84c583c069a377f432922176783f,2912,77.0,35.0,interior,-0.0,-0.0,-0.0,-0.0,-0.0,-0.0
9,9,loading,1.0,acca61f4a5b36e3eafc559841855ca0c069c84c583c069a377f432922176783f,2913,78.0,35.0,interior,-0.0,-0.0,-0.0,-0.0,-0.0,-0.0
9,9,loading,1.0,acca61f4a5b36e3eafc559841855ca0c069c84c583c069a377f432922176783f,2914,79.0,35.0,interior,-0.0,-0.0,-0.0,-0.0,-0.0,-0.0
9,9,loading,1.0,acca61f4a5b36e3eafc559841855ca0c069c84c583c069a377f432922176783f,2915,80.0,35.0,physical_only,-0.0,-0.0,-0.0,-0.0,-0.0,-0.0
9,9,loading,1.0,acca61f4a5b36e3eafc559841855ca0c069c84c583c069a377f432922176783f,2978,62.0,36.0,physical_only,-2.9456633468516483e-06,1.556628907940951e-07,-1.891097743665806e-06,2.470167396689651e-08,-1.0545656031858423e-06,1.309612168271986e-07
9,9,loading,1.0,acca61f4a5b36e3eafc559841855ca0c069c84c583c069a377f432922176783f,2979,63.0,36.0,interior,-0.0,-0.0,-0.0,-0.0,-0.0,-0.0
9,9,loading,1.0,acca61f4a5b36e3eafc559841855ca0c069c84c583c069a377f432922176783f,2980,64.0,36.0,interior,-0.0,-0.0,-0.0,-0.0,-0.0,-0.0
9,9,loading,1.0,acca61f4a5b36e3eafc559841855ca0c069c84c583c069a377f432922176783f,2981,65.0,36.0,interior,-0.0,-0.0,-0.0,-0.0,-0.0,-0.0
9,9,loading,1.0,acca61f4a5b36e3eafc559841855ca0c069c84c583c069a377f432922176783f,2982,66.0,36.0,interior,-0.0,-0.0,-0.0,-0.0,-0.0,-0.0
9,9,loading,1.0,acca61f4a5b36e3eafc559841855ca0c069c84c583c069a377f432922176783f,2983,67.0,36.0,interior,-0.0,-0.0,-0.0,-0.0,-0.0,-0.0
9,9,loading,1.0,acca61f4a5b36e3eafc559841855ca0c069c84c583c069a377f432922176783f,2984,68.0,36.0,interior,-0.0,-0.0,-0.0,-0.0,-0.0,-0.0
9,9,loading,1.0,acca61f4a5b36e3eafc559841855ca0c069c84c583c069a377f432922176783f,2985,69.0,36.0,interior,-0.0,-0.0,-0.0,-0.0,-0.0,-0.0
9,9,loading,1.0,acca61f4a5b36e3eafc559841855ca0c069c84c583c069a377f432922176783f,2986,70.0,36.0,interior,-0.0,-0.0,-0.0,-0.0,-0.0,-0.0
9,9,loading,1.0,acca61f4a5b36e3eafc559841855ca0c069c84c583c069a377f432922176783f,2987,71.0,36.0,interior,-0.0,-0.0,-0.0,-0.0,-0.0,-0.0
9,9,loading,1.0,acca61f4a5b36e3eafc559841855ca0c069c84c583c069a377f432922176783f,2988,72.0,36.0,interior,-0.0,-0.0,-0.0,-0.0,-0.0,-0.0
9,9,loading,1.0,acca61f4a5b36e3eafc559841855ca0c069c84c583c069a377f432922176783f,2989,73.0,36.0,interior,-0.0,-0.0,-0.0,-0.0,-0.0,-0.0
9,9,loading,1.0,acca61f4a5b36e3eafc559841855ca0c069c84c583c069a377f432922176783f,2990,74.0,36.0,interior,-0.0,-0.0,-0.0,-0.0,-0.0,-0.0
9,9,loading,1.0,acca61f4a5b36e3eafc559841855ca0c069c84c583c069a377f432922176783f,2991,75.0,36.0,interior,-0.0,-0.0,-0.0,-0.0,-0.0,-0.0
9,9,loading,1.0,acca61f4a5b36e3eafc559841855ca0c069c84c583c069a377f432922176783f,2992,76.0,36.0,interior,-0.0,-0.0,-0.0,-0.0,-0.0,-0.0
9,9,loading,1.0,acca61f4a5b36e3eafc559841855ca0c069c84c583c069a377f432922176783f,2993,77.0,36.0,interior,-0.0,-0.0,-0.0,-0.0,-0.0,-0.0
9,9,loading,1.0,acca61f4a5b36e3eafc559841855ca0c069c84c583c069a377f432922176783f,2994,78.0,36.0,interior,-0.0,-0.0,-0.0,-0.0,-0.0,-0.0
9,9,loading,1.0,acca61f4a5b36e3eafc559841855ca0c069c84c583c069a377f432922176783f,2995,79.0,36.0,interior,-0.0,-0.0,-0.0,-0.0,-0.0,-0.0
9,9,loading,1.0,acca61f4a5b36e3eafc559841855ca0c069c84c583c069a377f432922176783f,2996,80.0,36.0,physical_only,-0.0,-0.0,-0.0,-0.0,-0.0,-0.0
9,9,loading,1.0,acca61f4a5b36e3eafc559841855ca0c069c84c583c069a377f432922176783f,3059,62.0,37.0,physical_only,-3.0700658859539622e-06,2.006108298333965e-07,-1.9328390986218523e-06,1.9748828644982117e-08,-1.1372267873321104e-06,1.8086200118841433e-07
9,9,loading,1.0,acca61f4a5b36e3eafc559841855ca0c069c84c583c069a377f432922176783f,3060,63.0,37.0,interior,-0.0,-0.0,-0.0,-0.0,-0.0,-0.0
9,9,loading,1.0,acca61f4a5b36e3eafc559841855ca0c069c84c583c069a377f432922176783f,3061,64.0,37.0,interior,-0.0,-0.0,-0.0,-0.0,-0.0,-0.0
9,9,loading,1.0,acca61f4a5b36e3eafc559841855ca0c069c84c583c069a377f432922176783f,3062,65.0,37.0,interior,-0.0,-0.0,-0.0,-0.0,-0.0,-0.0
9,9,loading,1.0,acca61f4a5b36e3eafc559841855ca0c069c84c583c069a377f432922176783f,3063,66.0,37.0,interior,-0.0,-0.0,-0.0,-0.0,-0.0,-0.0
9,9,loading,1.0,acca61f4a5b36e3eafc559841855ca0c069c84c583c069a377f432922176783f,3064,67.0,37.0,interior,-0.0,-0.0,-0.0,-0.0,-0.0,-0.0
9,9,loading,1.0,acca61f4a5b36e3eafc559841855ca0c069c84c583c069a377f432922176783f,3065,68.0,37.0,interior,-0.0,-0.0,-0.0,-0.0,-0.0,-0.0
9,9,loading,1.0,acca61f4a5b36e3eafc559841855ca0c069c84c583c069a377f432922176783f,3066,69.0,37.0,interior,-0.0,-0.0,-0.0,-0.0,-0.0,-0.0
9,9,loading,1.0,acca61f4a5b36e3eafc559841855ca0c069c84c583c069a377f432922176783f,3067,70.0,37.0,interior,-0.0,-0.0,-0.0,-0.0,-0.0,-0.0
9,9,loading,1.0,acca61f4a5b36e3eafc559841855ca0c069c84c583c069a377f432922176783f,3068,71.0,37.0,interior,-0.0,-0.0,-0.0,-0.0,-0.0,-0.0
9,9,loading,1.0,acca61f4a5b36e3eafc559841855ca0c069c84c583c069a377f432922176783f,3069,72.0,37.0,interior,-0.0,-0.0,-0.0,-0.0,-0.0,-0.0
9,9,loading,1.0,acca61f4a5b36e3eafc559841855ca0c069c84c583c069a377f432922176783f,3070,73.0,37.0,interior,-0.0,-0.0,-0.0,-0.0,-0.0,-0.0
9,9,loading,1.0,acca61f4a5b36e3eafc559841855ca0c069c84c583c069a377f432922176783f,3071,74.0,37.0,interior,-0.0,-0.0,-0.0,-0.0,-0.0,-0.0
9,9,loading,1.0,acca61f4a5b36e3eafc559841855ca0c069c84c583c069a377f432922176783f,3072,75.0,37.0,interior,-0.0,-0.0,-0.0,-0.0,-0.0,-0.0
9,9,loading,1.0,acca61f4a5b36e3eafc559841855ca0c069c84c583c069a377f432922176783f,3073,76.0,37.0,interior,-0.0,-0.0,-0.0,-0.0,-0.0,-0.0
9,9,loading,1.0,acca61f4a5b36e3eafc559841855ca0c069c84c583c069a377f432922176783f,3074,77.0,37.0,interior,-0.0,-0.0,-0.0,-0.0,-0.0,-0.0
9,9,loading,1.0,acca61f4a5b36e3eafc559841855ca0c069c84c583c069a377f432922176783f,3075,78.0,37.0,interior,-0.0,-0.0,-0.0,-0.0,-0.0,-0.0
9,9,loading,1.0,acca61f4a5b36e3eafc559841855ca0c069c84c583c069a377f432922176783f,3076,79.0,37.0,interior,-0.0,-0.0,-0.0,-0.0,-0.0,-0.0
9,9,loading,1.0,acca61f4a5b36e3eafc559841855ca0c069c84c583c069a377f432922176783f,3077,80.0,37.0,physical_only,-0.0,-0.0,-0.0,-0.0,-0.0,-0.0
9,9,loading,1.0,acca61f4a5b36e3eafc559841855ca0c069c84c583c069a377f432922176783f,3140,62.0,38.0,physical_only,-3.1787615714026574e-06,1.624177616759617e-07,-1.96355873851765e-06,1.3868955732020668e-08,-1.2152028328850077e-06,1.4854880594394103e-07
9,9,loading,1.0,acca61f4a5b36e3eafc559841855ca0c069c84c583c069a377f432922176783f,3141,63.0,38.0,interior,-0.0,-0.0,-0.0,-0.0,-0.0,-0.0
9,9,loading,1.0,acca61f4a5b36e3eafc559841855ca0c069c84c583c069a377f432922176783f,3142,64.0,38.0,interior,-0.0,-0.0,-0.0,-0.0,-0.0,-0.0
9,9,loading,1.0,acca61f4a5b36e3eafc559841855ca0c069c84c583c069a377f432922176783f,3143,65.0,38.0,interior,-0.0,-0.0,-0.0,-0.0,-0.0,-0.0
9,9,loading,1.0,acca61f4a5b36e3eafc559841855ca0c069c84c583c069a377f432922176783f,3144,66.0,38.0,interior,-0.0,-0.0,-0.0,-0.0,-0.0,-0.0
9,9,loading,1.0,acca61f4a5b36e3eafc559841855ca0c069c84c583c069a377f432922176783f,3145,67.0,38.0,interior,-0.0,-0.0,-0.0,-0.0,-0.0,-0.0
9,9,loading,1.0,acca61f4a5b36e3eafc559841855ca0c069c84c583c069a377f432922176783f,3146,68.0,38.0,interior,-0.0,-0.0,-0.0,-0.0,-0.0,-0.0
9,9,loading,1.0,acca61f4a5b36e3eafc559841855ca0c069c84c583c069a377f432922176783f,3147,69.0,38.0,interior,-0.0,-0.0,-0.0,-0.0,-0.0,-0.0
9,9,loading,1.0,acca61f4a5b36e3eafc559841855ca0c069c84c583c069a377f432922176783f,3148,70.0,38.0,interior,-0.0,-0.0,-0.0,-0.0,-0.0,-0.0
9,9,loading,1.0,acca61f4a5b36e3eafc559841855ca0c069c84c583c069a377f432922176783f,3149,71.0,38.0,interior,-0.0,-0.0,-0.0,-0.0,-0.0,-0.0
9,9,loading,1.0,acca61f4a5b36e3eafc559841855ca0c069c84c583c069a377f432922176783f,3150,72.0,38.0,interior,-0.0,-0.0,-0.0,-0.0,-0.0,-0.0
9,9,loading,1.0,acca61f4a5b36e3eafc559841855ca0c069c84c583c069a377f432922176783f,3151,73.0,38.0,interior,-0.0,-0.0,-0.0,-0.0,-0.0,-0.0
9,9,loading,1.0,acca61f4a5b36e3eafc559841855ca0c069c84c583c069a377f432922176783f,3152,74.0,38.0,interior,-0.0,-0.0,-0.0,-0.0,-0.0,-0.0
9,9,loading,1.0,acca61f4a5b36e3eafc559841855ca0c069c84c583c069a377f432922176783f,3153,75.0,38.0,interior,-0.0,-0.0,-0.0,-0.0,-0.0,-0.0
9,9,loading,1.0,acca61f4a5b36e3eafc559841855ca0c069c84c583c069a377f432922176783f,3154,76.0,38.0,interior,-0.0,-0.0,-0.0,-0.0,-0.0,-0.0
9,9,loading,1.0,acca61f4a5b36e3eafc559841855ca0c069c84c583c069a377f432922176783f,3155,77.0,38.0,interior,-0.0,-0.0,-0.0,-0.0,-0.0,-0.0
9,9,loading,1.0,acca61f4a5b36e3eafc559841855ca0c069c84c583c069a377f432922176783f,3156,78.0,38.0,interior,-0.0,-0.0,-0.0,-0.0,-0.0,-0.0
9,9,loading,1.0,acca61f4a5b36e3eafc559841855ca0c069c84c583c069a377f432922176783f,3157,79.0,38.0,interior,-0.0,-0.0,-0.0,-0.0,-0.0,-0.0
9,9,loading,1.0,acca61f4a5b36e3eafc559841855ca0c069c84c583c069a377f432922176783f,3158,80.0,38.0,physical_only,-0.0,-0.0,-0.0,-0.0,-0.0,-0.0
9,9,loading,1.0,acca61f4a5b36e3eafc559841855ca0c069c84c583c069a377f432922176783f,3221,62.0,39.0,physical_only,-3.2436263054089553e-06,8.686624446485689e-08,-1.9823978355885733e-06,7.163923364737055e-09,-1.2612284698203816e-06,7.970232110011983e-08
9,9,loading,1.0,acca61f4a5b36e3eafc559841855ca0c069c84c583c069a377f432922176783f,3222,63.0,39.0,interior,-0.0,-0.0,-0.0,-0.0,-0.0,-0.0
9,9,loading,1.0,acca61f4a5b36e3eafc559841855ca0c069c84c583c069a377f432922176783f,3223,64.0,39.0,interior,-0.0,-0.0,-0.0,-0.0,-0.0,-0.0
9,9,loading,1.0,acca61f4a5b36e3eafc559841855ca0c069c84c583c069a377f432922176783f,3224,65.0,39.0,interior,-0.0,-0.0,-0.0,-0.0,-0.0,-0.0
9,9,loading,1.0,acca61f4a5b36e3eafc559841855ca0c069c84c583c069a377f432922176783f,3225,66.0,39.0,interior,-0.0,-0.0,-0.0,-0.0,-0.0,-0.0
9,9,loading,1.0,acca61f4a5b36e3eafc559841855ca0c069c84c583c069a377f432922176783f,3226,67.0,39.0,interior,-0.0,-0.0,-0.0,-0.0,-0.0,-0.0
9,9,loading,1.0,acca61f4a5b36e3eafc559841855ca0c069c84c583c069a377f432922176783f,3227,68.0,39.0,interior,-0.0,-0.0,-0.0,-0.0,-0.0,-0.0
9,9,loading,1.0,acca61f4a5b36e3eafc559841855ca0c069c84c583c069a377f432922176783f,3228,69.0,39.0,interior,-0.0,-0.0,-0.0,-0.0,-0.0,-0.0
9,9,loading,1.0,acca61f4a5b36e3eafc559841855ca0c069c84c583c069a377f432922176783f,3229,70.0,39.0,interior,-0.0,-0.0,-0.0,-0.0,-0.0,-0.0
9,9,loading,1.0,acca61f4a5b36e3eafc559841855ca0c069c84c583c069a377f432922176783f,3230,71.0,39.0,interior,-0.0,-0.0,-0.0,-0.0,-0.0,-0.0
9,9,loading,1.0,acca61f4a5b36e3eafc559841855ca0c069c84c583c069a377f432922176783f,3231,72.0,39.0,interior,-0.0,-0.0,-0.0,-0.0,-0.0,-0.0
9,9,loading,1.0,acca61f4a5b36e3eafc559841855ca0c069c84c583c069a377f432922176783f,3232,73.0,39.0,interior,-0.0,-0.0,-0.0,-0.0,-0.0,-0.0
9,9,loading,1.0,acca61f4a5b36e3eafc559841855ca0c069c84c583c069a377f432922176783f,3233,74.0,39.0,interior,-0.0,-0.0,-0.0,-0.0,-0.0,-0.0
9,9,loading,1.0,acca61f4a5b36e3eafc559841855ca0c069c84c583c069a377f432922176783f,3234,75.0,39.0,interior,-0.0,-0.0,-0.0,-0.0,-0.0,-0.0
9,9,loading,1.0,acca61f4a5b36e3eafc559841855ca0c069c84c583c069a377f432922176783f,3235,76.0,39.0,interior,-0.0,-0.0,-0.0,-0.0,-0.0,-0.0
9,9,loading,1.0,acca61f4a5b36e3eafc559841855ca0c069c84c583c069a377f432922176783f,3236,77.0,39.0,interior,-0.0,-0.0,-0.0,-0.0,-0.0,-0.0
9,9,loading,1.0,acca61f4a5b36e3eafc559841855ca0c069c84c583c069a377f432922176783f,3237,78.0,39.0,interior,-0.0,-0.0,-0.0,-0.0,-0.0,-0.0
9,9,loading,1.0,acca61f4a5b36e3eafc559841855ca0c069c84c583c069a377f432922176783f,3238,79.0,39.0,interior,-0.0,-0.0,-0.0,-0.0,-0.0,-0.0
9,9,loading,1.0,acca61f4a5b36e3eafc559841855ca0c069c84c583c069a377f432922176783f,3239,80.0,39.0,physical_only,-0.0,-0.0,-0.0,-0.0,-0.0,-0.0
9,9,loading,1.0,acca61f4a5b36e3eafc559841855ca0c069c84c583c069a377f432922176783f,3302,62.0,40.0,physical_and_cut,-1.632129682163853e-06,-1.1358035528023443e-06,-9.943741095194933e-07,-4.516152812864236e-07,-6.377555726443597e-07,-6.841882715159205e-07
9,9,loading,1.0,acca61f4a5b36e3eafc559841855ca0c069c84c583c069a377f432922176783f,3303,63.0,40.0,cut_only,-0.0,-0.0,-0.0,-0.0,-0.0,-0.0
9,9,loading,1.0,acca61f4a5b36e3eafc559841855ca0c069c84c583c069a377f432922176783f,3304,64.0,40.0,cut_only,-0.0,-0.0,-0.0,-0.0,-0.0,-0.0
9,9,loading,1.0,acca61f4a5b36e3eafc559841855ca0c069c84c583c069a377f432922176783f,3305,65.0,40.0,cut_only,-0.0,-0.0,-0.0,-0.0,-0.0,-0.0
9,9,loading,1.0,acca61f4a5b36e3eafc559841855ca0c069c84c583c069a377f432922176783f,3306,66.0,40.0,cut_only,-0.0,-0.0,-0.0,-0.0,-0.0,-0.0
9,9,loading,1.0,acca61f4a5b36e3eafc559841855ca0c069c84c583c069a377f432922176783f,3307,67.0,40.0,cut_only,-0.0,-0.0,-0.0,-0.0,-0.0,-0.0
9,9,loading,1.0,acca61f4a5b36e3eafc559841855ca0c069c84c583c069a377f432922176783f,3308,68.0,40.0,cut_only,-0.0,-0.0,-0.0,-0.0,-0.0,-0.0
9,9,loading,1.0,acca61f4a5b36e3eafc559841855ca0c069c84c583c069a377f432922176783f,3309,69.0,40.0,cut_only,-0.0,-0.0,-0.0,-0.0,-0.0,-0.0
9,9,loading,1.0,acca61f4a5b36e3eafc559841855ca0c069c84c583c069a377f432922176783f,3310,70.0,40.0,cut_only,-0.0,-0.0,-0.0,-0.0,-0.0,-0.0
9,9,loading,1.0,acca61f4a5b36e3eafc559841855ca0c069c84c583c069a377f432922176783f,3311,71.0,40.0,cut_only,-0.0,-0.0,-0.0,-0.0,-0.0,-0.0
9,9,loading,1.0,acca61f4a5b36e3eafc559841855ca0c069c84c583c069a377f432922176783f,3312,72.0,40.0,cut_only,-0.0,-0.0,-0.0,-0.0,-0.0,-0.0
9,9,loading,1.0,acca61f4a5b36e3eafc559841855ca0c069c84c583c069a377f432922176783f,3313,73.0,40.0,cut_only,-0.0,-0.0,-0.0,-0.0,-0.0,-0.0
9,9,loading,1.0,acca61f4a5b36e3eafc559841855ca0c069c84c583c069a377f432922176783f,3314,74.0,40.0,cut_only,-0.0,-0.0,-0.0,-0.0,-0.0,-0.0
9,9,loading,1.0,acca61f4a5b36e3eafc559841855ca0c069c84c583c069a377f432922176783f,3315,75.0,40.0,cut_only,-0.0,-0.0,-0.0,-0.0,-0.0,-0.0
9,9,loading,1.0,acca61f4a5b36e3eafc559841855ca0c069c84c583c069a377f432922176783f,3316,76.0,40.0,cut_only,-0.0,-0.0,-0.0,-0.0,-0.0,-0.0
9,9,loading,1.0,acca61f4a5b36e3eafc559841855ca0c069c84c583c069a377f432922176783f,3317,77.0,40.0,cut_only,-0.0,-0.0,-0.0,-0.0,-0.0,-0.0
9,9,loading,1.0,acca61f4a5b36e3eafc559841855ca0c069c84c583c069a377f432922176783f,3318,78.0,40.0,cut_only,-0.0,-0.0,-0.0,-0.0,-0.0,-0.0
9,9,loading,1.0,acca61f4a5b36e3eafc559841855ca0c069c84c583c069a377f432922176783f,3319,79.0,40.0,cut_only,-0.0,-0.0,-0.0,-0.0,-0.0,-0.0
9,9,loading,1.0,acca61f4a5b36e3eafc559841855ca0c069c84c583c069a377f432922176783f,3320,80.0,40.0,physical_and_cut,-0.0,-0.0,-0.0,-0.0,-0.0,-0.0
10,10,loading,1.05,c7cb6d37035a737338c9c7c315be22bf0a26d4b11a666a9c01a78a7b12971081,2573,62.0,31.0,physical_only,-0.00042924142657008364,-8.288649799079693e-05,-2.7614014742158845e-06,3.1537700755640966e-06,-0.0004264800250958678,-8.604026806636104e-05
10,10,loading,1.05,c7cb6d37035a737338c9c7c315be22bf0a26d4b11a666a9c01a78a7b12971081,2574,63.0,31.0,physical_only,-6.607758072965205e-07,-6.748070043564175e-05,-1.5435109247263752e-06,3.6935770269558805e-06,8.827351174298542e-07,-7.117427746259762e-05
10,10,loading,1.05,c7cb6d37035a737338c9c7c315be22bf0a26d4b11a666a9c01a78a7b12971081,2575,64.0,31.0,physical_only,1.526181293499716e-06,-8.885711322590724e-05,-1.5793113626854836e-06,4.785606814304972e-06,3.1054926561852e-06,-9.36427200402122e-05
10,10,loading,1.05,c7cb6d37035a737338c9c7c315be22bf0a26d4b11a666a9c01a78a7b12971081,2576,65.0,31.0,physical_only,2.218469138753737e-06,-0.00011982687056212446,-1.624271773150397e-06,6.04549575329579e-06,3.842740911904135e-06,-0.00012587236631542023
10,10,loading,1.05,c7cb6d37035a737338c9c7c315be22bf0a26d4b11a666a9c01a78a7b12971081,2577,66.0,31.0,physical_only,1.0673067847370965e-06,-0.00015859251271956726,-1.6798190459207398e-06,7.528306748747549e-06,2.747125830657835e-06,-0.00016612081946831478
10,10,loading,1.05,c7cb6d37035a737338c9c7c315be22bf0a26d4b11a666a9c01a78a7b12971081,2578,67.0,31.0,physical_only,-1.8352555078866992e-06,-0.00020385576082094983,-1.7452907607022682e-06,9.302092638529504e-06,-8.996474718443137e-08,-0.00021315785345947936
10,10,loading,1.05,c7cb6d37035a737338c9c7c315be22bf0a26d4b11a666a9c01a78a7b12971081,2579,68.0,31.0,physical_only,-2.8119764993807717e-06,-0.00025857612877177726,-1.821470273486603e-06,1.1454061400505529e-05,-9.905062258941662e-07,-0.00027003019017228286
10,10,loading,1.05,c7cb6d37035a737338c9c7c315be22bf0a26d4b11a666a9c01a78a7b12971081,2580,69.0,31.0,physical_only,-4.356126731292905e-06,-0.00032710962783680415,-1.9110847349591476e-06,1.4105046064702953e-05,-2.445041996333758e-06,-0.00034121467390150735
10,10,loading,1.05,c7cb6d37035a737338c9c7c315be22bf0a26d4b11a666a9c01a78a7b12971081,2581,70.0,31.0,physical_only,-6.401223742892463e-06,-0.00041064769106074323,-2.0192763030969594e-06,1.7432119562483078e-05,-4.381947439795505e-06,-0.00042807981062322636
10,10,loading,1.05,c7cb6d37035a737338c9c7c315be22bf0a26d4b11a666a9c01a78a7b12971081,2582,71.0,31.0,physical_only,-8.892716101536061e-06,-0.000511687488589924,-2.153445539659035e-06,2.1703530660971253e-05,-6.739270561877027e-06,-0.0005333910192508954
10,10,loading,1.05,c7cb6d37035a737338c9c7c315be22bf0a26d4b11a666a9c01a78a7b12971081,2583,72.0,31.0,physical_only,-1.153777676103186e-05,-0.0006329459330770182,-2.3253043807615176e-06,2.7343918209853443e-05,-9.212472380270341e-06,-0.0006602898512868718
10,10,loading,1.05,c7cb6d37035a737338c9c7c315be22bf0a26d4b11a666a9c01a78a7b12971081,2584,73.0,31.0,physical_only,-1.3525674281375579e-05,-0.0007782400479531167,-2.5544937845524008e-06,3.506448254622831e-05,-1.0971180496823177e-05,-0.0008133045304993453
10,10,loading,1.05,c7cb6d37035a737338c9c7c315be22bf0a26d4b11a666a9c01a78a7b12971081,2585,74.0,31.0,physical_only,-1.4456247577102498e-05,-0.0009538695771053917,-2.876587346262558e-06,4.6148332393687315e-05,-1.1579660230839942e-05,-0.0010000179094990782
10,10,loading,1.05,c7cb6d37035a737338c9c7c315be22bf0a26d4b11a666a9c01a78a7b12971081,2586,75.0,31.0,physical_only,-1.802121047915124e-05,-0.0011694869777947306,-3.3625441876400235e-06,6.315648288577767e-05,-1.4658666291511216e-05,-0.0012326434606805096
10,10,loading,1.05,c7cb6d37035a737338c9c7c315be22bf0a26d4b11a666a9c01a78a7b12971081,2587,76.0,31.0,physical_only,-4.364031136383408e-05,-0.0014284445879473463,-4.172315580594448e-06,9.19804153161624e-05,-3.946799578323964e-05,-0.0015204250032635081
10,10,loading,1.05,c7cb6d37035a737338c9c7c315be22bf0a26d4b11a666a9c01a78a7b12971081,2588,77.0,31.0,physical_only,-0.00014315980891513777,-0.0016160198270839784,-5.717040975547691e-06,0.0001492080523152724,-0.0001374427679395901,-0.0017652278793992499
10,10,loading,1.05,c7cb6d37035a737338c9c7c315be22bf0a26d4b11a666a9c01a78a7b12971081,2589,78.0,31.0,physical_only,-0.0002979877272820785,-0.001782034435042391,-9.794743113983805e-06,0.00030633748372230636,-0.0002881929841680948,-0.0020883719187647
10,10,loading,1.05,c7cb6d37035a737338c9c7c315be22bf0a26d4b11a666a9c01a78a7b12971081,2590,79.0,31.0,physical_only,-0.0005723622344775808,0.00345264045588501,-2.2336285264511758e-05,0.0010882842050296622,-0.000550025949213069,0.0023643562508553467
10,10,loading,1.05,c7cb6d37035a737338c9c7c315be22bf0a26d4b11a666a9c01a78a7b12971081,2591,80.0,31.0,physical_only,-0.0007834324284993228,0.0728487958548457,-0.0018440813641533225,0.0636116296660038,0.0010606489356539998,0.0092371661888419
10,10,loading,1.05,c7cb6d37035a737338c9c7c315be22bf0a26d4b11a666a9c01a78a7b12971081,2654,62.0,32.0,physical_only,-5.340420227454315e-06,-1.2989110534477e-06,-1.5971724739314454e-06,5.6312566362810995e-08,-3.74324775352287e-06,-1.3552236198105114e-06
10,10,loading,1.05,c7cb6d37035a737338c9c7c315be22bf0a26d4b11a666a9c01a78a7b12971081,2655,63.0,32.0,interior,-0.0,-0.0,-0.0,-0.0,-0.0,-0.0
10,10,loading,1.05,c7cb6d37035a737338c9c7c315be22bf0a26d4b11a666a9c01a78a7b12971081,2656,64.0,32.0,interior,-0.0,-0.0,-0.0,-0.0,-0.0,-0.0
10,10,loading,1.05,c7cb6d37035a737338c9c7c315be22bf0a26d4b11a666a9c01a78a7b12971081,2657,65.0,32.0,interior,-0.0,-0.0,-0.0,-0.0,-0.0,-0.0
10,10,loading,1.05,c7cb6d37035a737338c9c7c315be22bf0a26d4b11a666a9c01a78a7b12971081,2658,66.0,32.0,interior,-0.0,-0.0,-0.0,-0.0,-0.0,-0.0
10,10,loading,1.05,c7cb6d37035a737338c9c7c315be22bf0a26d4b11a666a9c01a78a7b12971081,2659,67.0,32.0,interior,-0.0,-0.0,-0.0,-0.0,-0.0,-0.0
10,10,loading,1.05,c7cb6d37035a737338c9c7c315be22bf0a26d4b11a666a9c01a78a7b12971081,2660,68.0,32.0,interior,-0.0,-0.0,-0.0,-0.0,-0.0,-0.0
10,10,loading,1.05,c7cb6d37035a737338c9c7c315be22bf0a26d4b11a666a9c01a78a7b12971081,2661,69.0,32.0,interior,-0.0,-0.0,-0.0,-0.0,-0.0,-0.0
10,10,loading,1.05,c7cb6d37035a737338c9c7c315be22bf0a26d4b11a666a9c01a78a7b12971081,2662,70.0,32.0,interior,-0.0,-0.0,-0.0,-0.0,-0.0,-0.0
10,10,loading,1.05,c7cb6d37035a737338c9c7c315be22bf0a26d4b11a666a9c01a78a7b12971081,2663,71.0,32.0,interior,-0.0,-0.0,-0.0,-0.0,-0.0,-0.0
10,10,loading,1.05,c7cb6d37035a737338c9c7c315be22bf0a26d4b11a666a9c01a78a7b12971081,2664,72.0,32.0,interior,-0.0,-0.0,-0.0,-0.0,-0.0,-0.0
10,10,loading,1.05,c7cb6d37035a737338c9c7c315be22bf0a26d4b11a666a9c01a78a7b12971081,2665,73.0,32.0,interior,-0.0,-0.0,-0.0,-0.0,-0.0,-0.0
10,10,loading,1.05,c7cb6d37035a737338c9c7c315be22bf0a26d4b11a666a9c01a78a7b12971081,2666,74.0,32.0,interior,-0.0,-0.0,-0.0,-0.0,-0.0,-0.0
10,10,loading,1.05,c7cb6d37035a737338c9c7c315be22bf0a26d4b11a666a9c01a78a7b12971081,2667,75.0,32.0,interior,-0.0,-0.0,-0.0,-0.0,-0.0,-0.0
10,10,loading,1.05,c7cb6d37035a737338c9c7c315be22bf0a26d4b11a666a9c01a78a7b12971081,2668,76.0,32.0,interior,-0.0,-0.0,-0.0,-0.0,-0.0,-0.0
10,10,loading,1.05,c7cb6d37035a737338c9c7c315be22bf0a26d4b11a666a9c01a78a7b12971081,2669,77.0,32.0,interior,-0.0,-0.0,-0.0,-0.0,-0.0,-0.0
10,10,loading,1.05,c7cb6d37035a737338c9c7c315be22bf0a26d4b11a666a9c01a78a7b12971081,2670,78.0,32.0,interior,-0.0,-0.0,-0.0,-0.0,-0.0,-0.0
10,10,loading,1.05,c7cb6d37035a737338c9c7c315be22bf0a26d4b11a666a9c01a78a7b12971081,2671,79.0,32.0,interior,-0.0,-0.0,-0.0,-0.0,-0.0,-0.0
10,10,loading,1.05,c7cb6d37035a737338c9c7c315be22bf0a26d4b11a666a9c01a78a7b12971081,2672,80.0,32.0,physical_only,-0.0,-0.0,-0.0,-0.0,-0.0,-0.0
10,10,loading,1.05,c7cb6d37035a737338c9c7c315be22bf0a26d4b11a666a9c01a78a7b12971081,2735,62.0,33.0,physical_only,-3.8186529995469985e-06,-8.889798695653372e-07,-1.6950743081027545e-06,4.211895114844249e-08,-2.1235786914442444e-06,-9.310988207137797e-07
10,10,loading,1.05,c7cb6d37035a737338c9c7c315be22bf0a26d4b11a666a9c01a78a7b12971081,2736,63.0,33.0,interior,-0.0,-0.0,-0.0,-0.0,-0.0,-0.0
10,10,loading,1.05,c7cb6d37035a737338c9c7c315be22bf0a26d4b11a666a9c01a78a7b12971081,2737,64.0,33.0,interior,-0.0,-0.0,-0.0,-0.0,-0.0,-0.0
10,10,loading,1.05,c7cb6d37035a737338c9c7c315be22bf0a26d4b11a666a9c01a78a7b12971081,2738,65.0,33.0,interior,-0.0,-0.0,-0.0,-0.0,-0.0,-0.0
10,10,loading,1.05,c7cb6d37035a737338c9c7c315be22bf0a26d4b11a666a9c01a78a7b12971081,2739,66.0,33.0,interior,-0.0,-0.0,-0.0,-0.0,-0.0,-0.0
10,10,loading,1.05,c7cb6d37035a737338c9c7c315be22bf0a26d4b11a666a9c01a78a7b12971081,2740,67.0,33.0,interior,-0.0,-0.0,-0.0,-0.0,-0.0,-0.0
10,10,loading,1.05,c7cb6d37035a737338c9c7c315be22bf0a26d4b11a666a9c01a78a7b12971081,2741,68.0,33.0,interior,-0.0,-0.0,-0.0,-0.0,-0.0,-0.0
10,10,loading,1.05,c7cb6d37035a737338c9c7c315be22bf0a26d4b11a666a9c01a78a7b12971081,2742,69.0,33.0,interior,-0.0,-0.0,-0.0,-0.0,-0.0,-0.0
10,10,loading,1.05,c7cb6d37035a737338c9c7c315be22bf0a26d4b11a666a9c01a78a7b12971081,2743,70.0,33.0,interior,-0.0,-0.0,-0.0,-0.0,-0.0,-0.0
10,10,loading,1.05,c7cb6d37035a737338c9c7c315be22bf0a26d4b11a666a9c01a78a7b12971081,2744,71.0,33.0,interior,-0.0,-0.0,-0.0,-0.0,-0.0,-0.0
10,10,loading,1.05,c7cb6d37035a737338c9c7c315be22bf0a26d4b11a666a9c01a78a7b12971081,2745,72.0,33.0,interior,-0.0,-0.0,-0.0,-0.0,-0.0,-0.0
10,10,loading,1.05,c7cb6d37035a737338c9c7c315be22bf0a26d4b11a666a9c01a78a7b12971081,2746,73.0,33.0,interior,-0.0,-0.0,-0.0,-0.0,-0.0,-0.0
10,10,loading,1.05,c7cb6d37035a737338c9c7c315be22bf0a26d4b11a666a9c01a78a7b12971081,2747,74.0,33.0,interior,-0.0,-0.0,-0.0,-0.0,-0.0,-0.0
10,10,loading,1.05,c7cb6d37035a737338c9c7c315be22bf0a26d4b11a666a9c01a78a7b12971081,2748,75.0,33.0,interior,-0.0,-0.0,-0.0,-0.0,-0.0,-0.0
10,10,loading,1.05,c7cb6d37035a737338c9c7c315be22bf0a26d4b11a666a9c01a78a7b12971081,2749,76.0,33.0,interior,-0.0,-0.0,-0.0,-0.0,-0.0,-0.0
10,10,loading,1.05,c7cb6d37035a737338c9c7c315be22bf0a26d4b11a666a9c01a78a7b12971081,2750,77.0,33.0,interior,-0.0,-0.0,-0.0,-0.0,-0.0,-0.0
10,10,loading,1.05,c7cb6d37035a737338c9c7c315be22bf0a26d4b11a666a9c01a78a7b12971081,2751,78.0,33.0,interior,-0.0,-0.0,-0.0,-0.0,-0.0,-0.0
10,10,loading,1.05,c7cb6d37035a737338c9c7c315be22bf0a26d4b11a666a9c01a78a7b12971081,2752,79.0,33.0,interior,-0.0,-0.0,-0.0,-0.0,-0.0,-0.0
10,10,loading,1.05,c7cb6d37035a737338c9c7c315be22bf0a26d4b11a666a9c01a78a7b12971081,2753,80.0,33.0,physical_only,-0.0,-0.0,-0.0,-0.0,-0.0,-0.0
10,10,loading,1.05,c7cb6d37035a737338c9c7c315be22bf0a26d4b11a666a9c01a78a7b12971081,2816,62.0,34.0,physical_only,-3.1061118318318016e-06,-3.8859617595107577e-07,-1.7728984736301579e-06,3.3929810378629854e-08,-1.3332133582016444e-06,-4.225259863297057e-07
10,10,loading,1.05,c7cb6d37035a737338c9c7c315be22bf0a26d4b11a666a9c01a78a7b12971081,2817,63.0,34.0,interior,-0.0,-0.0,-0.0,-0.0,-0.0,-0.0
10,10,loading,1.05,c7cb6d37035a737338c9c7c315be22bf0a26d4b11a666a9c01a78a7b12971081,2818,64.0,34.0,interior,-0.0,-0.0,-0.0,-0.0,-0.0,-0.0
10,10,loading,1.05,c7cb6d37035a737338c9c7c315be22bf0a26d4b11a666a9c01a78a7b12971081,2819,65.0,34.0,interior,-0.0,-0.0,-0.0,-0.0,-0.0,-0.0
10,10,loading,1.05,c7cb6d37035a737338c9c7c315be22bf0a26d4b11a666a9c01a78a7b12971081,2820,66.0,34.0,interior,-0.0,-0.0,-0.0,-0.0,-0.0,-0.0
10,10,loading,1.05,c7cb6d37035a737338c9c7c315be22bf0a26d4b11a666a9c01a78a7b12971081,2821,67.0,34.0,interior,-0.0,-0.0,-0.0,-0.0,-0.0,-0.0
10,10,loading,1.05,c7cb6d37035a737338c9c7c315be22bf0a26d4b11a666a9c01a78a7b12971081,2822,68.0,34.0,interior,-0.0,-0.0,-0.0,-0.0,-0.0,-0.0
10,10,loading,1.05,c7cb6d37035a737338c9c7c315be22bf0a26d4b11a666a9c01a78a7b12971081,2823,69.0,34.0,interior,-0.0,-0.0,-0.0,-0.0,-0.0,-0.0
10,10,loading,1.05,c7cb6d37035a737338c9c7c315be22bf0a26d4b11a666a9c01a78a7b12971081,2824,70.0,34.0,interior,-0.0,-0.0,-0.0,-0.0,-0.0,-0.0
10,10,loading,1.05,c7cb6d37035a737338c9c7c315be22bf0a26d4b11a666a9c01a78a7b12971081,2825,71.0,34.0,interior,-0.0,-0.0,-0.0,-0.0,-0.0,-0.0
10,10,loading,1.05,c7cb6d37035a737338c9c7c315be22bf0a26d4b11a666a9c01a78a7b12971081,2826,72.0,34.0,interior,-0.0,-0.0,-0.0,-0.0,-0.0,-0.0
10,10,loading,1.05,c7cb6d37035a737338c9c7c315be22bf0a26d4b11a666a9c01a78a7b12971081,2827,73.0,34.0,interior,-0.0,-0.0,-0.0,-0.0,-0.0,-0.0
10,10,loading,1.05,c7cb6d37035a737338c9c7c315be22bf0a26d4b11a666a9c01a78a7b12971081,2828,74.0,34.0,interior,-0.0,-0.0,-0.0,-0.0,-0.0,-0.0
10,10,loading,1.05,c7cb6d37035a737338c9c7c315be22bf0a26d4b11a666a9c01a78a7b12971081,2829,75.0,34.0,interior,-0.0,-0.0,-0.0,-0.0,-0.0,-0.0
10,10,loading,1.05,c7cb6d37035a737338c9c7c315be22bf0a26d4b11a666a9c01a78a7b12971081,2830,76.0,34.0,interior,-0.0,-0.0,-0.0,-0.0,-0.0,-0.0
10,10,loading,1.05,c7cb6d37035a737338c9c7c315be22bf0a26d4b11a666a9c01a78a7b12971081,2831,77.0,34.0,interior,-0.0,-0.0,-0.0,-0.0,-0.0,-0.0
10,10,loading,1.05,c7cb6d37035a737338c9c7c315be22bf0a26d4b11a666a9c01a78a7b12971081,2832,78.0,34.0,interior,-0.0,-0.0,-0.0,-0.0,-0.0,-0.0
10,10,loading,1.05,c7cb6d37035a737338c9c7c315be22bf0a26d4b11a666a9c01a78a7b12971081,2833,79.0,34.0,interior,-0.0,-0.0,-0.0,-0.0,-0.0,-0.0
10,10,loading,1.05,c7cb6d37035a737338c9c7c315be22bf0a26d4b11a666a9c01a78a7b12971081,2834,80.0,34.0,physical_only,-0.0,-0.0,-0.0,-0.0,-0.0,-0.0
10,10,loading,1.05,c7cb6d37035a737338c9c7c315be22bf0a26d4b11a666a9c01a78a7b12971081,2897,62.0,35.0,physical_only,-2.914660310951875e-06,-1.722301149361084e-08,-1.8371689325634797e-06,2.8837301093752878e-08,-1.0774913783883944e-06,-4.606031258736365e-08
10,10,loading,1.05,c7cb6d37035a737338c9c7c315be22bf0a26d4b11a666a9c01a78a7b12971081,2898,63.0,35.0,interior,-0.0,-0.0,-0.0,-0.0,-0.0,-0.0
10,10,loading,1.05,c7cb6d37035a737338c9c7c315be22bf0a26d4b11a666a9c01a78a7b12971081,2899,64.0,35.0,interior,-0.0,-0.0,-0.0,-0.0,-0.0,-0.0
10,10,loading,1.05,c7cb6d37035a737338c9c7c315be22bf0a26d4b11a666a9c01a78a7b12971081,2900,65.0,35.0,interior,-0.0,-0.0,-0.0,-0.0,-0.0,-0.0
10,10,loading,1.05,c7cb6d37035a737338c9c7c315be22bf0a26d4b11a666a9c01a78a7b12971081,2901,66.0,35.0,interior,-0.0,-0.0,-0.0,-0.0,-0.0,-0.0
10,10,loading,1.05,c7cb6d37035a737338c9c7c315be22bf0a26d4b11a666a9c01a78a7b12971081,2902,67.0,35.0,interior,-0.0,-0.0,-0.0,-0.0,-0.0,-0.0
10,10,loading,1.05,c7cb6d37035a737338c9c7c315be22bf0a26d4b11a666a9c01a78a7b12971081,2903,68.0,35.0,interior,-0.0,-0.0,-0.0,-0.0,-0.0,-0.0
10,10,loading,1.05,c7cb6d37035a737338c9c7c315be22bf0a26d4b11a666a9c01a78a7b12971081,2904,69.0,35.0,interior,-0.0,-0.0,-0.0,-0.0,-0.0,-0.0
10,10,loading,1.05,c7cb6d37035a737338c9c7c315be22bf0a26d4b11a666a9c01a78a7b12971081,2905,70.0,35.0,interior,-0.0,-0.0,-0.0,-0.0,-0.0,-0.0
10,10,loading,1.05,c7cb6d37035a737338c9c7c315be22bf0a26d4b11a666a9c01a78a7b12971081,2906,71.0,35.0,interior,-0.0,-0.0,-0.0,-0.0,-0.0,-0.0
10,10,loading,1.05,c7cb6d37035a737338c9c7c315be22bf0a26d4b11a666a9c01a78a7b12971081,2907,72.0,35.0,interior,-0.0,-0.0,-0.0,-0.0,-0.0,-0.0
10,10,loading,1.05,c7cb6d37035a737338c9c7c315be22bf0a26d4b11a666a9c01a78a7b12971081,2908,73.0,35.0,interior,-0.0,-0.0,-0.0,-0.0,-0.0,-0.0
10,10,loading,1.05,c7cb6d37035a737338c9c7c315be22bf0a26d4b11a666a9c01a78a7b12971081,2909,74.0,35.0,interior,-0.0,-0.0,-0.0,-0.0,-0.0,-0.0
10,10,loading,1.05,c7cb6d37035a737338c9c7c315be22bf0a26d4b11a666a9c01a78a7b12971081,2910,75.0,35.0,interior,-0.0,-0.0,-0.0,-0.0,-0.0,-0.0
10,10,loading,1.05,c7cb6d37035a737338c9c7c315be22bf0a26d4b11a666a9c01a78a7b12971081,2911,76.0,35.0,interior,-0.0,-0.0,-0.0,-0.0,-0.0,-0.0
10,10,loading,1.05,c7cb6d37035a737338c9c7c315be22bf0a26d4b11a666a9c01a78a7b12971081,2912,77.0,35.0,interior,-0.0,-0.0,-0.0,-0.0,-0.0,-0.0
10,10,loading,1.05,c7cb6d37035a737338c9c7c315be22bf0a26d4b11a666a9c01a78a7b12971081,2913,78.0,35.0,interior,-0.0,-0.0,-0.0,-0.0,-0.0,-0.0
10,10,loading,1.05,c7cb6d37035a737338c9c7c315be22bf0a26d4b11a666a9c01a78a7b12971081,2914,79.0,35.0,interior,-0.0,-0.0,-0.0,-0.0,-0.0,-0.0
10,10,loading,1.05,c7cb6d37035a737338c9c7c315be22bf0a26d4b11a666a9c01a78a7b12971081,2915,80.0,35.0,physical_only,-0.0,-0.0,-0.0,-0.0,-0.0,-0.0
10,10,loading,1.05,c7cb6d37035a737338c9c7c315be22bf0a26d4b11a666a9c01a78a7b12971081,2978,62.0,36.0,physical_only,-2.9739537821212346e-06,1.6731290457167554e-07,-1.8905679700190345e-06,2.4526024155266908e-08,-1.0833858121021999e-06,1.4278688041640853e-07
10,10,loading,1.05,c7cb6d37035a737338c9c7c315be22bf0a26d4b11a666a9c01a78a7b12971081,2979,63.0,36.0,interior,-0.0,-0.0,-0.0,-0.0,-0.0,-0.0
10,10,loading,1.05,c7cb6d37035a737338c9c7c315be22bf0a26d4b11a666a9c01a78a7b12971081,2980,64.0,36.0,interior,-0.0,-0.0,-0.0,-0.0,-0.0,-0.0
10,10,loading,1.05,c7cb6d37035a737338c9c7c315be22bf0a26d4b11a666a9c01a78a7b12971081,2981,65.0,36.0,interior,-0.0,-0.0,-0.0,-0.0,-0.0,-0.0
10,10,loading,1.05,c7cb6d37035a737338c9c7c315be22bf0a26d4b11a666a9c01a78a7b12971081,2982,66.0,36.0,interior,-0.0,-0.0,-0.0,-0.0,-0.0,-0.0
10,10,loading,1.05,c7cb6d37035a737338c9c7c315be22bf0a26d4b11a666a9c01a78a7b12971081,2983,67.0,36.0,interior,-0.0,-0.0,-0.0,-0.0,-0.0,-0.0
10,10,loading,1.05,c7cb6d37035a737338c9c7c315be22bf0a26d4b11a666a9c01a78a7b12971081,2984,68.0,36.0,interior,-0.0,-0.0,-0.0,-0.0,-0.0,-0.0
10,10,loading,1.05,c7cb6d37035a737338c9c7c315be22bf0a26d4b11a666a9c01a78a7b12971081,2985,69.0,36.0,interior,-0.0,-0.0,-0.0,-0.0,-0.0,-0.0
10,10,loading,1.05,c7cb6d37035a737338c9c7c315be22bf0a26d4b11a666a9c01a78a7b12971081,2986,70.0,36.0,interior,-0.0,-0.0,-0.0,-0.0,-0.0,-0.0
10,10,loading,1.05,c7cb6d37035a737338c9c7c315be22bf0a26d4b11a666a9c01a78a7b12971081,2987,71.0,36.0,interior,-0.0,-0.0,-0.0,-0.0,-0.0,-0.0
10,10,loading,1.05,c7cb6d37035a737338c9c7c315be22bf0a26d4b11a666a9c01a78a7b12971081,2988,72.0,36.0,interior,-0.0,-0.0,-0.0,-0.0,-0.0,-0.0
10,10,loading,1.05,c7cb6d37035a737338c9c7c315be22bf0a26d4b11a666a9c01a78a7b12971081,2989,73.0,36.0,interior,-0.0,-0.0,-0.0,-0.0,-0.0,-0.0
10,10,loading,1.05,c7cb6d37035a737338c9c7c315be22bf0a26d4b11a666a9c01a78a7b12971081,2990,74.0,36.0,interior,-0.0,-0.0,-0.0,-0.0,-0.0,-0.0
10,10,loading,1.05,c7cb6d37035a737338c9c7c315be22bf0a26d4b11a666a9c01a78a7b12971081,2991,75.0,36.0,interior,-0.0,-0.0,-0.0,-0.0,-0.0,-0.0
10,10,loading,1.05,c7cb6d37035a737338c9c7c315be22bf0a26d4b11a666a9c01a78a7b12971081,2992,76.0,36.0,interior,-0.0,-0.0,-0.0,-0.0,-0.0,-0.0
10,10,loading,1.05,c7cb6d37035a737338c9c7c315be22bf0a26d4b11a666a9c01a78a7b12971081,2993,77.0,36.0,interior,-0.0,-0.0,-0.0,-0.0,-0.0,-0.0
10,10,loading,1.05,c7cb6d37035a737338c9c7c315be22bf0a26d4b11a666a9c01a78a7b12971081,2994,78.0,36.0,interior,-0.0,-0.0,-0.0,-0.0,-0.0,-0.0
10,10,loading,1.05,c7cb6d37035a737338c9c7c315be22bf0a26d4b11a666a9c01a78a7b12971081,2995,79.0,36.0,interior,-0.0,-0.0,-0.0,-0.0,-0.0,-0.0
10,10,loading,1.05,c7cb6d37035a737338c9c7c315be22bf0a26d4b11a666a9c01a78a7b12971081,2996,80.0,36.0,physical_only,-0.0,-0.0,-0.0,-0.0,-0.0,-0.0
10,10,loading,1.05,c7cb6d37035a737338c9c7c315be22bf0a26d4b11a666a9c01a78a7b12971081,3059,62.0,37.0,physical_only,-3.101580167157201e-06,2.105269965751949e-07,-1.9333981297945684e-06,1.9672468822482514e-08,-1.1681820373626326e-06,1.9085452775271236e-07
10,10,loading,1.05,c7cb6d37035a737338c9c7c315be22bf0a26d4b11a666a9c01a78a7b12971081,3060,63.0,37.0,interior,-0.0,-0.0,-0.0,-0.0,-0.0,-0.0
10,10,loading,1.05,c7cb6d37035a737338c9c7c315be22bf0a26d4b11a666a9c01a78a7b12971081,3061,64.0,37.0,interior,-0.0,-0.0,-0.0,-0.0,-0.0,-0.0
10,10,loading,1.05,c7cb6d37035a737338c9c7c315be22bf0a26d4b11a666a9c01a78a7b12971081,3062,65.0,37.0,interior,-0.0,-0.0,-0.0,-0.0,-0.0,-0.0
10,10,loading,1.05,c7cb6d37035a737338c9c7c315be22bf0a26d4b11a666a9c01a78a7b12971081,3063,66.0,37.0,interior,-0.0,-0.0,-0.0,-0.0,-0.0,-0.0
10,10,loading,1.05,c7cb6d37035a737338c9c7c315be22bf0a26d4b11a666a9c01a78a7b12971081,3064,67.0,37.0,interior,-0.0,-0.0,-0.0,-0.0,-0.0,-0.0
10,10,loading,1.05,c7cb6d37035a737338c9c7c315be22bf0a26d4b11a666a9c01a78a7b12971081,3065,68.0,37.0,interior,-0.0,-0.0,-0.0,-0.0,-0.0,-0.0
10,10,loading,1.05,c7cb6d37035a737338c9c7c315be22bf0a26d4b11a666a9c01a78a7b12971081,3066,69.0,37.0,interior,-0.0,-0.0,-0.0,-0.0,-0.0,-0.0
10,10,loading,1.05,c7cb6d37035a737338c9c7c315be22bf0a26d4b11a666a9c01a78a7b12971081,3067,70.0,37.0,interior,-0.0,-0.0,-0.0,-0.0,-0.0,-0.0
10,10,loading,1.05,c7cb6d37035a737338c9c7c315be22bf0a26d4b11a666a9c01a78a7b12971081,3068,71.0,37.0,interior,-0.0,-0.0,-0.0,-0.0,-0.0,-0.0
10,10,loading,1.05,c7cb6d37035a737338c9c7c315be22bf0a26d4b11a666a9c01a78a7b12971081,3069,72.0,37.0,interior,-0.0,-0.0,-0.0,-0.0,-0.0,-0.0
10,10,loading,1.05,c7cb6d37035a737338c9c7c315be22bf0a26d4b11a666a9c01a78a7b12971081,3070,73.0,37.0,interior,-0.0,-0.0,-0.0,-0.0,-0.0,-0.0
10,10,loading,1.05,c7cb6d37035a737338c9c7c315be22bf0a26d4b11a666a9c01a78a7b12971081,3071,74.0,37.0,interior,-0.0,-0.0,-0.0,-0.0,-0.0,-0.0
10,10,loading,1.05,c7cb6d37035a737338c9c7c315be22bf0a26d4b11a666a9c01a78a7b12971081,3072,75.0,37.0,interior,-0.0,-0.0,-0.0,-0.0,-0.0,-0.0
10,10,loading,1.05,c7cb6d37035a737338c9c7c315be22bf0a26d4b11a666a9c01a78a7b12971081,3073,76.0,37.0,interior,-0.0,-0.0,-0.0,-0.0,-0.0,-0.0
10,10,loading,1.05,c7cb6d37035a737338c9c7c315be22bf0a26d4b11a666a9c01a78a7b12971081,3074,77.0,37.0,interior,-0.0,-0.0,-0.0,-0.0,-0.0,-0.0
10,10,loading,1.05,c7cb6d37035a737338c9c7c315be22bf0a26d4b11a666a9c01a78a7b12971081,3075,78.0,37.0,interior,-0.0,-0.0,-0.0,-0.0,-0.0,-0.0
10,10,loading,1.05,c7cb6d37035a737338c9c7c315be22bf0a26d4b11a666a9c01a78a7b12971081,3076,79.0,37.0,interior,-0.0,-0.0,-0.0,-0.0,-0.0,-0.0
10,10,loading,1.05,c7cb6d37035a737338c9c7c315be22bf0a26d4b11a666a9c01a78a7b12971081,3077,80.0,37.0,physical_only,-0.0,-0.0,-0.0,-0.0,-0.0,-0.0
10,10,loading,1.05,c7cb6d37035a737338c9c7c315be22bf0a26d4b11a666a9c01a78a7b12971081,3140,62.0,38.0,physical_only,-3.2126182681095283e-06,1.6913309685851934e-07,-1.964926396734614e-06,1.384633306779082e-08,-1.247691871374914e-06,1.5528676379072846e-07
10,10,loading,1.05,c7cb6d37035a737338c9c7c315be22bf0a26d4b11a666a9c01a78a7b12971081,3141,63.0,38.0,interior,-0.0,-0.0,-0.0,-0.0,-0.0,-0.0
10,10,loading,1.05,c7cb6d37035a737338c9c7c315be22bf0a26d4b11a666a9c01a78a7b12971081,3142,64.0,38.0,interior,-0.0,-0.0,-0.0,-0.0,-0.0,-0.0
10,10,loading,1.05,c7cb6d37035a737338c9c7c315be22bf0a26d4b11a666a9c01a78a7b12971081,3143,65.0,38.0,interior,-0.0,-0.0,-0.0,-0.0,-0.0,-0.0
10,10,loading,1.05,c7cb6d37035a737338c9c7c315be22bf0a26d4b11a666a9c01a78a7b12971081,3144,66.0,38.0,interior,-0.0,-0.0,-0.0,-0.0,-0.0,-0.0
10,10,loading,1.05,c7cb6d37035a737338c9c7c315be22bf0a26d4b11a666a9c01a78a7b12971081,3145,67.0,38.0,interior,-0.0,-0.0,-0.0,-0.0,-0.0,-0.0
10,10,loading,1.05,c7cb6d37035a737338c9c7c315be22bf0a26d4b11a666a9c01a78a7b12971081,3146,68.0,38.0,interior,-0.0,-0.0,-0.0,-0.0,-0.0,-0.0
10,10,loading,1.05,c7cb6d37035a737338c9c7c315be22bf0a26d4b11a666a9c01a78a7b12971081,3147,69.0,38.0,interior,-0.0,-0.0,-0.0,-0.0,-0.0,-0.0
10,10,loading,1.05,c7cb6d37035a737338c9c7c315be22bf0a26d4b11a666a9c01a78a7b12971081,3148,70.0,38.0,interior,-0.0,-0.0,-0.0,-0.0,-0.0,-0.0
10,10,loading,1.05,c7cb6d37035a737338c9c7c315be22bf0a26d4b11a666a9c01a78a7b12971081,3149,71.0,38.0,interior,-0.0,-0.0,-0.0,-0.0,-0.0,-0.0
10,10,loading,1.05,c7cb6d37035a737338c9c7c315be22bf0a26d4b11a666a9c01a78a7b12971081,3150,72.0,38.0,interior,-0.0,-0.0,-0.0,-0.0,-0.0,-0.0
10,10,loading,1.05,c7cb6d37035a737338c9c7c315be22bf0a26d4b11a666a9c01a78a7b12971081,3151,73.0,38.0,interior,-0.0,-0.0,-0.0,-0.0,-0.0,-0.0
10,10,loading,1.05,c7cb6d37035a737338c9c7c315be22bf0a26d4b11a666a9c01a78a7b12971081,3152,74.0,38.0,interior,-0.0,-0.0,-0.0,-0.0,-0.0,-0.0
10,10,loading,1.05,c7cb6d37035a737338c9c7c315be22bf0a26d4b11a666a9c01a78a7b12971081,3153,75.0,38.0,interior,-0.0,-0.0,-0.0,-0.0,-0.0,-0.0
10,10,loading,1.05,c7cb6d37035a737338c9c7c315be22bf0a26d4b11a666a9c01a78a7b12971081,3154,76.0,38.0,interior,-0.0,-0.0,-0.0,-0.0,-0.0,-0.0
10,10,loading,1.05,c7cb6d37035a737338c9c7c315be22bf0a26d4b11a666a9c01a78a7b12971081,3155,77.0,38.0,interior,-0.0,-0.0,-0.0,-0.0,-0.0,-0.0
10,10,loading,1.05,c7cb6d37035a737338c9c7c315be22bf0a26d4b11a666a9c01a78a7b12971081,3156,78.0,38.0,interior,-0.0,-0.0,-0.0,-0.0,-0.0,-0.0
10,10,loading,1.05,c7cb6d37035a737338c9c7c315be22bf0a26d4b11a666a9c01a78a7b12971081,3157,79.0,38.0,interior,-0.0,-0.0,-0.0,-0.0,-0.0,-0.0
10,10,loading,1.05,c7cb6d37035a737338c9c7c315be22bf0a26d4b11a666a9c01a78a7b12971081,3158,80.0,38.0,physical_only,-0.0,-0.0,-0.0,-0.0,-0.0,-0.0
10,10,loading,1.05,c7cb6d37035a737338c9c7c315be22bf0a26d4b11a666a9c01a78a7b12971081,3221,62.0,39.0,physical_only,-3.2786151924196314e-06,9.01480952404344e-08,-1.984263674529193e-06,7.161263427905317e-09,-1.2943515178904386e-06,8.298683181252924e-08
10,10,loading,1.05,c7cb6d37035a737338c9c7c315be22bf0a26d4b11a666a9c01a78a7b12971081,3222,63.0,39.0,interior,-0.0,-0.0,-0.0,-0.0,-0.0,-0.0
10,10,loading,1.05,c7cb6d37035a737338c9c7c315be22bf0a26d4b11a666a9c01a78a7b12971081,3223,64.0,39.0,interior,-0.0,-0.0,-0.0,-0.0,-0.0,-0.0
10,10,loading,1.05,c7cb6d37035a737338c9c7c315be22bf0a26d4b11a666a9c01a78a7b12971081,3224,65.0,39.0,interior,-0.0,-0.0,-0.0,-0.0,-0.0,-0.0
10,10,loading,1.05,c7cb6d37035a737338c9c7c315be22bf0a26d4b11a666a9c01a78a7b12971081,3225,66.0,39.0,interior,-0.0,-0.0,-0.0,-0.0,-0.0,-0.0
10,10,loading,1.05,c7cb6d37035a737338c9c7c315be22bf0a26d4b11a666a9c01a78a7b12971081,3226,67.0,39.0,interior,-0.0,-0.0,-0.0,-0.0,-0.0,-0.0
10,10,loading,1.05,c7cb6d37035a737338c9c7c315be22bf0a26d4b11a666a9c01a78a7b12971081,3227,68.0,39.0,interior,-0.0,-0.0,-0.0,-0.0,-0.0,-0.0
10,10,loading,1.05,c7cb6d37035a737338c9c7c315be22bf0a26d4b11a666a9c01a78a7b12971081,3228,69.0,39.0,interior,-0.0,-0.0,-0.0,-0.0,-0.0,-0.0
10,10,loading,1.05,c7cb6d37035a737338c9c7c315be22bf0a26d4b11a666a9c01a78a7b12971081,3229,70.0,39.0,interior,-0.0,-0.0,-0.0,-0.0,-0.0,-0.0
10,10,loading,1.05,c7cb6d37035a737338c9c7c315be22bf0a26d4b11a666a9c01a78a7b12971081,3230,71.0,39.0,interior,-0.0,-0.0,-0.0,-0.0,-0.0,-0.0
10,10,loading,1.05,c7cb6d37035a737338c9c7c315be22bf0a26d4b11a666a9c01a78a7b12971081,3231,72.0,39.0,interior,-0.0,-0.0,-0.0,-0.0,-0.0,-0.0
10,10,loading,1.05,c7cb6d37035a737338c9c7c315be22bf0a26d4b11a666a9c01a78a7b12971081,3232,73.0,39.0,interior,-0.0,-0.0,-0.0,-0.0,-0.0,-0.0
10,10,loading,1.05,c7cb6d37035a737338c9c7c315be22bf0a26d4b11a666a9c01a78a7b12971081,3233,74.0,39.0,interior,-0.0,-0.0,-0.0,-0.0,-0.0,-0.0
10,10,loading,1.05,c7cb6d37035a737338c9c7c315be22bf0a26d4b11a666a9c01a78a7b12971081,3234,75.0,39.0,interior,-0.0,-0.0,-0.0,-0.0,-0.0,-0.0
10,10,loading,1.05,c7cb6d37035a737338c9c7c315be22bf0a26d4b11a666a9c01a78a7b12971081,3235,76.0,39.0,interior,-0.0,-0.0,-0.0,-0.0,-0.0,-0.0
10,10,loading,1.05,c7cb6d37035a737338c9c7c315be22bf0a26d4b11a666a9c01a78a7b12971081,3236,77.0,39.0,interior,-0.0,-0.0,-0.0,-0.0,-0.0,-0.0
10,10,loading,1.05,c7cb6d37035a737338c9c7c315be22bf0a26d4b11a666a9c01a78a7b12971081,3237,78.0,39.0,interior,-0.0,-0.0,-0.0,-0.0,-0.0,-0.0
10,10,loading,1.05,c7cb6d37035a737338c9c7c315be22bf0a26d4b11a666a9c01a78a7b12971081,3238,79.0,39.0,interior,-0.0,-0.0,-0.0,-0.0,-0.0,-0.0
10,10,loading,1.05,c7cb6d37035a737338c9c7c315be22bf0a26d4b11a666a9c01a78a7b12971081,3239,80.0,39.0,physical_only,-0.0,-0.0,-0.0,-0.0,-0.0,-0.0
10,10,loading,1.05,c7cb6d37035a737338c9c7c315be22bf0a26d4b11a666a9c01a78a7b12971081,3302,62.0,40.0,physical_and_cut,-1.6497745558041549e-06,-1.1044972967661431e-06,-9.953911426872288e-07,-4.5215184381570416e-07,-6.543834131169262e-07,-6.523454529504391e-07
10,10,loading,1.05,c7cb6d37035a737338c9c7c315be22bf0a26d4b11a666a9c01a78a7b12971081,3303,63.0,40.0,cut_only,-0.0,-0.0,-0.0,-0.0,-0.0,-0.0
10,10,loading,1.05,c7cb6d37035a737338c9c7c315be22bf0a26d4b11a666a9c01a78a7b12971081,3304,64.0,40.0,cut_only,-0.0,-0.0,-0.0,-0.0,-0.0,-0.0
10,10,loading,1.05,c7cb6d37035a737338c9c7c315be22bf0a26d4b11a666a9c01a78a7b12971081,3305,65.0,40.0,cut_only,-0.0,-0.0,-0.0,-0.0,-0.0,-0.0
10,10,loading,1.05,c7cb6d37035a737338c9c7c315be22bf0a26d4b11a666a9c01a78a7b12971081,3306,66.0,40.0,cut_only,-0.0,-0.0,-0.0,-0.0,-0.0,-0.0
10,10,loading,1.05,c7cb6d37035a737338c9c7c315be22bf0a26d4b11a666a9c01a78a7b12971081,3307,67.0,40.0,cut_only,-0.0,-0.0,-0.0,-0.0,-0.0,-0.0
10,10,loading,1.05,c7cb6d37035a737338c9c7c315be22bf0a26d4b11a666a9c01a78a7b12971081,3308,68.0,40.0,cut_only,-0.0,-0.0,-0.0,-0.0,-0.0,-0.0
10,10,loading,1.05,c7cb6d37035a737338c9c7c315be22bf0a26d4b11a666a9c01a78a7b12971081,3309,69.0,40.0,cut_only,-0.0,-0.0,-0.0,-0.0,-0.0,-0.0
10,10,loading,1.05,c7cb6d37035a737338c9c7c315be22bf0a26d4b11a666a9c01a78a7b12971081,3310,70.0,40.0,cut_only,-0.0,-0.0,-0.0,-0.0,-0.0,-0.0
10,10,loading,1.05,c7cb6d37035a737338c9c7c315be22bf0a26d4b11a666a9c01a78a7b12971081,3311,71.0,40.0,cut_only,-0.0,-0.0,-0.0,-0.0,-0.0,-0.0
10,10,loading,1.05,c7cb6d37035a737338c9c7c315be22bf0a26d4b11a666a9c01a78a7b12971081,3312,72.0,40.0,cut_only,-0.0,-0.0,-0.0,-0.0,-0.0,-0.0
10,10,loading,1.05,c7cb6d37035a737338c9c7c315be22bf0a26d4b11a666a9c01a78a7b12971081,3313,73.0,40.0,cut_only,-0.0,-0.0,-0.0,-0.0,-0.0,-0.0
10,10,loading,1.05,c7cb6d37035a737338c9c7c315be22bf0a26d4b11a666a9c01a78a7b12971081,3314,74.0,40.0,cut_only,-0.0,-0.0,-0.0,-0.0,-0.0,-0.0
10,10,loading,1.05,c7cb6d37035a737338c9c7c315be22bf0a26d4b11a666a9c01a78a7b12971081,3315,75.0,40.0,cut_only,-0.0,-0.0,-0.0,-0.0,-0.0,-0.0
10,10,loading,1.05,c7cb6d37035a737338c9c7c315be22bf0a26d4b11a666a9c01a78a7b12971081,3316,76.0,40.0,cut_only,-0.0,-0.0,-0.0,-0.0,-0.0,-0.0
10,10,loading,1.05,c7cb6d37035a737338c9c7c315be22bf0a26d4b11a666a9c01a78a7b12971081,3317,77.0,40.0,cut_only,-0.0,-0.0,-0.0,-0.0,-0.0,-0.0
10,10,loading,1.05,c7cb6d37035a737338c9c7c315be22bf0a26d4b11a666a9c01a78a7b12971081,3318,78.0,40.0,cut_only,-0.0,-0.0,-0.0,-0.0,-0.0,-0.0
10,10,loading,1.05,c7cb6d37035a737338c9c7c315be22bf0a26d4b11a666a9c01a78a7b12971081,3319,79.0,40.0,cut_only,-0.0,-0.0,-0.0,-0.0,-0.0,-0.0
10,10,loading,1.05,c7cb6d37035a737338c9c7c315be22bf0a26d4b11a666a9c01a78a7b12971081,3320,80.0,40.0,physical_and_cut,-0.0,-0.0,-0.0,-0.0,-0.0,-0.0
11,11,loading,1.1,f62473a4e49e2ca0116b235b026e23dafb9986c5f705c41b1c8f081966ddfb66,2573,62.0,31.0,physical_only,-0.0004247548125595619,-8.582037013785835e-05,-2.7345963044471184e-06,3.1343082018133932e-06,-0.0004220202162551148,-8.895467833967176e-05
11,11,loading,1.1,f62473a4e49e2ca0116b235b026e23dafb9986c5f705c41b1c8f081966ddfb66,2574,63.0,31.0,physical_only,-1.0183831074983799e-06,-6.908406330669508e-05,-1.5261900786234953e-06,3.6886285396440585e-06,5.078069711251157e-07,-7.277269184633909e-05
11,11,loading,1.1,f62473a4e49e2ca0116b235b026e23dafb9986c5f705c41b1c8f081966ddfb66,2575,64.0,31.0,physical_only,1.0301081812350944e-06,-9.058833568157678e-05,-1.561693938634511e-06,4.792440706629424e-06,2.5918021198696056e-06,-9.538077638820622e-05
11,11,loading,1.1,f62473a4e49e2ca0116b235b026e23dafb9986c5f705c41b1c8f081966ddfb66,2576,65.0,31.0,physical_only,1.6853678935757286e-06,-0.00012200269847212873,-1.6062491176488899e-06,6.066472860371703e-06,3.291617011224617e-06,-0.00012806917133250046
11,11,loading,1.1,f62473a4e49e2ca0116b235b026e23dafb9986c5f705c41b1c8f081966ddfb66,2577,66.0,31.0,physical_only,5.273521336792511e-07,-0.00016178294059303387,-1.661582961462959e-06,7.56670499977606e-06,2.188935095142211e-06,-0.00016934964559280985
11,11,loading,1.1,f62473a4e49e2ca0116b235b026e23dafb9986c5f705c41b1c8f081966ddfb66,2578,67.0,31.0,physical_only,-2.6543135620412395e-06,-0.00020838076799088658,-1.7271697326304984e-06,9.363117390354146e-06,-9.271438294107411e-07,-0.0002177438853812407
11,11,loading,1.1,f62473a4e49e2ca0116b235b026e23dafb9986c5f705c41b1c8f081966ddfb66,2579,68.0,31.0,physical_only,-3.907965177111265e-06,-0.00026465969373114207,-1.8038558220457237e-06,1.1545716432733833e-05,-2.104109355065541e-06,-0.0002762054101638759
11,11,loading,1.1,f62473a4e49e2ca0116b235b026e23dafb9986c5f705c41b1c8f081966ddfb66,2580,69.0,31.0,physical_only,-5.770751644689805e-06,-0.0003352490386690696,-1.8944570370585572e-06,1.4239473230407488e-05,-3.876294607631248e-06,-0.00034948851189947703
11,11,loading,1.1,f62473a4e49e2ca0116b235b026e23dafb9986c5f705c41b1c8f081966ddfb66,2581,70.0,31.0,physical_only,-8.20967179871314e-06,-0.0004214638928318878,-2.0043570881068215e-06,1.762823656138964e-05,-6.205314710606318e-06,-0.00043909212939327743
11,11,loading,1.1,f62473a4e49e2ca0116b235b026e23dafb9986c5f705c41b1c8f081966ddfb66,2582,71.0,31.0,physical_only,-1.117162710031283e-05,-0.0005259709169013562,-2.1413608406462067e-06,2.1991970569720534e-05,-9.030266259666623e-06,-0.0005479628874710766
11,11,loading,1.1,f62473a4e49e2ca0116b235b026e23dafb9986c5f705c41b1c8f081966ddfb66,2583,72.0,31.0,physical_only,-1.4357126051091025e-05,-0.0006516678340642741,-2.3178847460995342e-06,2.7776689372588473e-05,-1.203924130499149e-05,-0.0006794445234368624
11,11,loading,1.1,f62473a4e49e2ca0116b235b026e23dafb9986c5f705c41b1c8f081966ddfb66,2584,73.0,31.0,physical_only,-1.675078204031689e-05,-0.0008032950947415179,-2.5550436771746896e-06,3.573593050682029e-05,-1.4195738363142206e-05,-0.0008390310252483382
11,11,loading,1.1,f62473a4e49e2ca0116b235b026e23dafb9986c5f705c41b1c8f081966ddfb66,2585,74.0,31.0,physical_only,-2.0000769812642246e-05,-0.0009871196027897242,-2.8912770183843124e-06,4.7244494378538036e-05,-1.710949279425793e-05,-0.0010343640971682624
11,11,loading,1.1,f62473a4e49e2ca0116b235b026e23dafb9986c5f705c41b1c8f081966ddfb66,2586,75.0,31.0,physical_only,-2.8656993301293442e-05,-0.001209574345695969,-3.403492854908103e-06,6.508319651399377e-05,-2.5253500446385338e-05,-0.001274657542209963
11,11,loading,1.1,f62473a4e49e2ca0116b235b026e23dafb9986c5f705c41b1c8f081966ddfb66,2587,76.0,31.0,physical_only,-6.578589458887736e-05,-0.0014673867094406627,-4.266762073098214e-06,9.576028145910309e-05,-6.151913251577913e-05,-0.0015631469908997647
11,11,loading,1.1,f62473a4e49e2ca0116b235b026e23dafb9986c5f705c41b1c8f081966ddfb66,2588,77.0,31.0,physical_only,-0.00019099976220923943,-0.0016199158956806611,-5.940500104672531e-06,0.0001580929488694607,-0.00018505926210456695,-0.0017780088445501219
11,11,loading,1.1,f62473a4e49e2ca0116b235b026e23dafb9986c5f705c41b1c8f081966ddfb66,2589,78.0,31.0,physical_only,-0.000383755511798748,-0.0017351946340872226,-1.058331531123525e-05,0.0003387389973987439,-0.00037317219648751274,-0.002073933631485966
11,11,loading,1.1,f62473a4e49e2ca0116b235b026e23dafb9986c5f705c41b1c8f081966ddfb66,2590,79.0,31.0,physical_only,-0.0006979014704479178,0.004814411832498045,-2.3713543635804553e-05,0.0012700073795300793,-0.0006741879268121132,0.0035444044529679645
11,11,loading,1.1,f62473a4e49e2ca0116b235b026e23dafb9986c5f705c41b1c8f081966ddfb66,2591,80.0,31.0,physical_only,-0.0007046486625478254,0.08918526546600555,-0.0020769512824420212,0.08091002465864176,0.0013723026198941956,0.008275240807363788
11,11,loading,1.1,f62473a4e49e2ca0116b235b026e23dafb9986c5f705c41b1c8f081966ddfb66,2654,62.0,32.0,physical_only,-5.467053919713789e-06,-1.2961110981755296e-06,-1.5895920301562415e-06,5.568893014960643e-08,-3.877461889557547e-06,-1.351800028325136e-06
11,11,loading,1.1,f62473a4e49e2ca0116b235b026e23dafb9986c5f705c41b1c8f081966ddfb66,2655,63.0,32.0,interior,-0.0,-0.0,-0.0,-0.0,-0.0,-0.0
11,11,loading,1.1,f62473a4e49e2ca0116b235b026e23dafb9986c5f705c41b1c8f081966ddfb66,2656,64.0,32.0,interior,-0.0,-0.0,-0.0,-0.0,-0.0,-0.0
11,11,loading,1.1,f62473a4e49e2ca0116b235b026e23dafb9986c5f705c41b1c8f081966ddfb66,2657,65.0,32.0,interior,-0.0,-0.0,-0.0,-0.0,-0.0,-0.0
11,11,loading,1.1,f62473a4e49e2ca0116b235b026e23dafb9986c5f705c41b1c8f081966ddfb66,2658,66.0,32.0,interior,-0.0,-0.0,-0.0,-0.0,-0.0,-0.0
11,11,loading,1.1,f62473a4e49e2ca0116b235b026e23dafb9986c5f705c41b1c8f081966ddfb66,2659,67.0,32.0,interior,-0.0,-0.0,-0.0,-0.0,-0.0,-0.0
11,11,loading,1.1,f62473a4e49e2ca0116b235b026e23dafb9986c5f705c41b1c8f081966ddfb66,2660,68.0,32.0,interior,-0.0,-0.0,-0.0,-0.0,-0.0,-0.0
11,11,loading,1.1,f62473a4e49e2ca0116b235b026e23dafb9986c5f705c41b1c8f081966ddfb66,2661,69.0,32.0,interior,-0.0,-0.0,-0.0,-0.0,-0.0,-0.0
11,11,loading,1.1,f62473a4e49e2ca0116b235b026e23dafb9986c5f705c41b1c8f081966ddfb66,2662,70.0,32.0,interior,-0.0,-0.0,-0.0,-0.0,-0.0,-0.0
11,11,loading,1.1,f62473a4e49e2ca0116b235b026e23dafb9986c5f705c41b1c8f081966ddfb66,2663,71.0,32.0,interior,-0.0,-0.0,-0.0,-0.0,-0.0,-0.0
11,11,loading,1.1,f62473a4e49e2ca0116b235b026e23dafb9986c5f705c41b1c8f081966ddfb66,2664,72.0,32.0,interior,-0.0,-0.0,-0.0,-0.0,-0.0,-0.0
11,11,loading,1.1,f62473a4e49e2ca0116b235b026e23dafb9986c5f705c41b1c8f081966ddfb66,2665,73.0,32.0,interior,-0.0,-0.0,-0.0,-0.0,-0.0,-0.0
11,11,loading,1.1,f62473a4e49e2ca0116b235b026e23dafb9986c5f705c41b1c8f081966ddfb66,2666,74.0,32.0,interior,-0.0,-0.0,-0.0,-0.0,-0.0,-0.0
11,11,loading,1.1,f62473a4e49e2ca0116b235b026e23dafb9986c5f705c41b1c8f081966ddfb66,2667,75.0,32.0,interior,-0.0,-0.0,-0.0,-0.0,-0.0,-0.0
11,11,loading,1.1,f62473a4e49e2ca0116b235b026e23dafb9986c5f705c41b1c8f081966ddfb66,2668,76.0,32.0,interior,-0.0,-0.0,-0.0,-0.0,-0.0,-0.0
11,11,loading,1.1,f62473a4e49e2ca0116b235b026e23dafb9986c5f705c41b1c8f081966ddfb66,2669,77.0,32.0,interior,-0.0,-0.0,-0.0,-0.0,-0.0,-0.0
11,11,loading,1.1,f62473a4e49e2ca0116b235b026e23dafb9986c5f705c41b1c8f081966ddfb66,2670,78.0,32.0,interior,-0.0,-0.0,-0.0,-0.0,-0.0,-0.0
11,11,loading,1.1,f62473a4e49e2ca0116b235b026e23dafb9986c5f705c41b1c8f081966ddfb66,2671,79.0,32.0,interior,-0.0,-0.0,-0.0,-0.0,-0.0,-0.0
11,11,loading,1.1,f62473a4e49e2ca0116b235b026e23dafb9986c5f705c41b1c8f081966ddfb66,2672,80.0,32.0,physical_only,-0.0,-0.0,-0.0,-0.0,-0.0,-0.0
11,11,loading,1.1,f62473a4e49e2ca0116b235b026e23dafb9986c5f705c41b1c8f081966ddfb66,2735,62.0,33.0,physical_only,-3.884680474614982e-06,-8.970469711321933e-07,-1.6899379285387914e-06,4.151531856932777e-08,-2.194742546076191e-06,-9.385622897015212e-07
11,11,loading,1.1,f62473a4e49e2ca0116b235b026e23dafb9986c5f705c41b1c8f081966ddfb66,2736,63.0,33.0,interior,-0.0,-0.0,-0.0,-0.0,-0.0,-0.0
11,11,loading,1.1,f62473a4e49e2ca0116b235b026e23dafb9986c5f705c41b1c8f081966ddfb66,2737,64.0,33.0,interior,-0.0,-0.0,-0.0,-0.0,-0.0,-0.0
11,11,loading,1.1,f62473a4e49e2ca0116b235b026e23dafb9986c5f705c41b1c8f081966ddfb66,2738,65.0,33.0,interior,-0.0,-0.0,-0.0,-0.0,-0.0,-0.0
11,11,loading,1.1,f62473a4e49e2ca0116b235b026e23dafb9986c5f705c41b1c8f081966ddfb66,2739,66.0,33.0,interior,-0.0,-0.0,-0.0,-0.0,-0.0,-0.0
11,11,loading,1.1,f62473a4e49e2ca0116b235b026e23dafb9986c5f705c41b1c8f081966ddfb66,2740,67.0,33.0,interior,-0.0,-0.0,-0.0,-0.0,-0.0,-0.0
11,11,loading,1.1,f62473a4e49e2ca0116b235b026e23dafb9986c5f705c41b1c8f081966ddfb66,2741,68.0,33.0,interior,-0.0,-0.0,-0.0,-0.0,-0.0,-0.0
11,11,loading,1.1,f62473a4e49e2ca0116b235b026e23dafb9986c5f705c41b1c8f081966ddfb66,2742,69.0,33.0,interior,-0.0,-0.0,-0.0,-0.0,-0.0,-0.0
11,11,loading,1.1,f62473a4e49e2ca0116b235b026e23dafb9986c5f705c41b1c8f081966ddfb66,2743,70.0,33.0,interior,-0.0,-0.0,-0.0,-0.0,-0.0,-0.0
11,11,loading,1.1,f62473a4e49e2ca0116b235b026e23dafb9986c5f705c41b1c8f081966ddfb66,2744,71.0,33.0,interior,-0.0,-0.0,-0.0,-0.0,-0.0,-0.0
11,11,loading,1.1,f62473a4e49e2ca0116b235b026e23dafb9986c5f705c41b1c8f081966ddfb66,2745,72.0,33.0,interior,-0.0,-0.0,-0.0,-0.0,-0.0,-0.0
11,11,loading,1.1,f62473a4e49e2ca0116b235b026e23dafb9986c5f705c41b1c8f081966ddfb66,2746,73.0,33.0,interior,-0.0,-0.0,-0.0,-0.0,-0.0,-0.0
11,11,loading,1.1,f62473a4e49e2ca0116b235b026e23dafb9986c5f705c41b1c8f081966ddfb66,2747,74.0,33.0,interior,-0.0,-0.0,-0.0,-0.0,-0.0,-0.0
11,11,loading,1.1,f62473a4e49e2ca0116b235b026e23dafb9986c5f705c41b1c8f081966ddfb66,2748,75.0,33.0,interior,-0.0,-0.0,-0.0,-0.0,-0.0,-0.0
11,11,loading,1.1,f62473a4e49e2ca0116b235b026e23dafb9986c5f705c41b1c8f081966ddfb66,2749,76.0,33.0,interior,-0.0,-0.0,-0.0,-0.0,-0.0,-0.0
11,11,loading,1.1,f62473a4e49e2ca0116b235b026e23dafb9986c5f705c41b1c8f081966ddfb66,2750,77.0,33.0,interior,-0.0,-0.0,-0.0,-0.0,-0.0,-0.0
11,11,loading,1.1,f62473a4e49e2ca0116b235b026e23dafb9986c5f705c41b1c8f081966ddfb66,2751,78.0,33.0,interior,-0.0,-0.0,-0.0,-0.0,-0.0,-0.0
11,11,loading,1.1,f62473a4e49e2ca0116b235b026e23dafb9986c5f705c41b1c8f081966ddfb66,2752,79.0,33.0,interior,-0.0,-0.0,-0.0,-0.0,-0.0,-0.0
11,11,loading,1.1,f62473a4e49e2ca0116b235b026e23dafb9986c5f705c41b1c8f081966ddfb66,2753,80.0,33.0,physical_only,-0.0,-0.0,-0.0,-0.0,-0.0,-0.0
11,11,loading,1.1,f62473a4e49e2ca0116b235b026e23dafb9986c5f705c41b1c8f081966ddfb66,2816,62.0,34.0,physical_only,-3.1395985208243936e-06,-3.856027353034919e-07,-1.7696705994365823e-06,3.343698614580247e-08,-1.3699279213878108e-06,-4.1903972144929435e-07
11,11,loading,1.1,f62473a4e49e2ca0116b235b026e23dafb9986c5f705c41b1c8f081966ddfb66,2817,63.0,34.0,interior,-0.0,-0.0,-0.0,-0.0,-0.0,-0.0
11,11,loading,1.1,f62473a4e49e2ca0116b235b026e23dafb9986c5f705c41b1c8f081966ddfb66,2818,64.0,34.0,interior,-0.0,-0.0,-0.0,-0.0,-0.0,-0.0
11,11,loading,1.1,f62473a4e49e2ca0116b235b026e23dafb9986c5f705c41b1c8f081966ddfb66,2819,65.0,34.0,interior,-0.0,-0.0,-0.0,-0.0,-0.0,-0.0
11,11,loading,1.1,f62473a4e49e2ca0116b235b026e23dafb9986c5f705c41b1c8f081966ddfb66,2820,66.0,34.0,interior,-0.0,-0.0,-0.0,-0.0,-0.0,-0.0
11,11,loading,1.1,f62473a4e49e2ca0116b235b026e23dafb9986c5f705c41b1c8f081966ddfb66,2821,67.0,34.0,interior,-0.0,-0.0,-0.0,-0.0,-0.0,-0.0
11,11,loading,1.1,f62473a4e49e2ca0116b235b026e23dafb9986c5f705c41b1c8f081966ddfb66,2822,68.0,34.0,interior,-0.0,-0.0,-0.0,-0.0,-0.0,-0.0
11,11,loading,1.1,f62473a4e49e2ca0116b235b026e23dafb9986c5f705c41b1c8f081966ddfb66,2823,69.0,34.0,interior,-0.0,-0.0,-0.0,-0.0,-0.0,-0.0
11,11,loading,1.1,f62473a4e49e2ca0116b235b026e23dafb9986c5f705c41b1c8f081966ddfb66,2824,70.0,34.0,interior,-0.0,-0.0,-0.0,-0.0,-0.0,-0.0
11,11,loading,1.1,f62473a4e49e2ca0116b235b026e23dafb9986c5f705c41b1c8f081966ddfb66,2825,71.0,34.0,interior,-0.0,-0.0,-0.0,-0.0,-0.0,-0.0
11,11,loading,1.1,f62473a4e49e2ca0116b235b026e23dafb9986c5f705c41b1c8f081966ddfb66,2826,72.0,34.0,interior,-0.0,-0.0,-0.0,-0.0,-0.0,-0.0
11,11,loading,1.1,f62473a4e49e2ca0116b235b026e23dafb9986c5f705c41b1c8f081966ddfb66,2827,73.0,34.0,interior,-0.0,-0.0,-0.0,-0.0,-0.0,-0.0
11,11,loading,1.1,f62473a4e49e2ca0116b235b026e23dafb9986c5f705c41b1c8f081966ddfb66,2828,74.0,34.0,interior,-0.0,-0.0,-0.0,-0.0,-0.0,-0.0
11,11,loading,1.1,f62473a4e49e2ca0116b235b026e23dafb9986c5f705c41b1c8f081966ddfb66,2829,75.0,34.0,interior,-0.0,-0.0,-0.0,-0.0,-0.0,-0.0
11,11,loading,1.1,f62473a4e49e2ca0116b235b026e23dafb9986c5f705c41b1c8f081966ddfb66,2830,76.0,34.0,interior,-0.0,-0.0,-0.0,-0.0,-0.0,-0.0
11,11,loading,1.1,f62473a4e49e2ca0116b235b026e23dafb9986c5f705c41b1c8f081966ddfb66,2831,77.0,34.0,interior,-0.0,-0.0,-0.0,-0.0,-0.0,-0.0
11,11,loading,1.1,f62473a4e49e2ca0116b235b026e23dafb9986c5f705c41b1c8f081966ddfb66,2832,78.0,34.0,interior,-0.0,-0.0,-0.0,-0.0,-0.0,-0.0
11,11,loading,1.1,f62473a4e49e2ca0116b235b026e23dafb9986c5f705c41b1c8f081966ddfb66,2833,79.0,34.0,interior,-0.0,-0.0,-0.0,-0.0,-0.0,-0.0
11,11,loading,1.1,f62473a4e49e2ca0116b235b026e23dafb9986c5f705c41b1c8f081966ddfb66,2834,80.0,34.0,physical_only,-0.0,-0.0,-0.0,-0.0,-0.0,-0.0
11,11,loading,1.1,f62473a4e49e2ca0116b235b026e23dafb9986c5f705c41b1c8f081966ddfb66,2897,62.0,35.0,physical_only,-2.9414742691653335e-06,-7.0709577221388925e-09,-1.8355186798241365e-06,2.850743303438709e-08,-1.1059555893411965e-06,-3.557839075652598e-08
11,11,loading,1.1,f62473a4e49e2ca0116b235b026e23dafb9986c5f705c41b1c8f081966ddfb66,2898,63.0,35.0,interior,-0.0,-0.0,-0.0,-0.0,-0.0,-0.0
11,11,loading,1.1,f62473a4e49e2ca0116b235b026e23dafb9986c5f705c41b1c8f081966ddfb66,2899,64.0,35.0,interior,-0.0,-0.0,-0.0,-0.0,-0.0,-0.0
11,11,loading,1.1,f62473a4e49e2ca0116b235b026e23dafb9986c5f705c41b1c8f081966ddfb66,2900,65.0,35.0,interior,-0.0,-0.0,-0.0,-0.0,-0.0,-0.0
11,11,loading,1.1,f62473a4e49e2ca0116b235b026e23dafb9986c5f705c41b1c8f081966ddfb66,2901,66.0,35.0,interior,-0.0,-0.0,-0.0,-0.0,-0.0,-0.0
11,11,loading,1.1,f62473a4e49e2ca0116b235b026e23dafb9986c5f705c41b1c8f081966ddfb66,2902,67.0,35.0,interior,-0.0,-0.0,-0.0,-0.0,-0.0,-0.0
11,11,loading,1.1,f62473a4e49e2ca0116b235b026e23dafb9986c5f705c41b1c8f081966ddfb66,2903,68.0,35.0,interior,-0.0,-0.0,-0.0,-0.0,-0.0,-0.0
11,11,loading,1.1,f62473a4e49e2ca0116b235b026e23dafb9986c5f705c41b1c8f081966ddfb66,2904,69.0,35.0,interior,-0.0,-0.0,-0.0,-0.0,-0.0,-0.0
11,11,loading,1.1,f62473a4e49e2ca0116b235b026e23dafb9986c5f705c41b1c8f081966ddfb66,2905,70.0,35.0,interior,-0.0,-0.0,-0.0,-0.0,-0.0,-0.0
11,11,loading,1.1,f62473a4e49e2ca0116b235b026e23dafb9986c5f705c41b1c8f081966ddfb66,2906,71.0,35.0,interior,-0.0,-0.0,-0.0,-0.0,-0.0,-0.0
11,11,loading,1.1,f62473a4e49e2ca0116b235b026e23dafb9986c5f705c41b1c8f081966ddfb66,2907,72.0,35.0,interior,-0.0,-0.0,-0.0,-0.0,-0.0,-0.0
11,11,loading,1.1,f62473a4e49e2ca0116b235b026e23dafb9986c5f705c41b1c8f081966ddfb66,2908,73.0,35.0,interior,-0.0,-0.0,-0.0,-0.0,-0.0,-0.0
11,11,loading,1.1,f62473a4e49e2ca0116b235b026e23dafb9986c5f705c41b1c8f081966ddfb66,2909,74.0,35.0,interior,-0.0,-0.0,-0.0,-0.0,-0.0,-0.0
11,11,loading,1.1,f62473a4e49e2ca0116b235b026e23dafb9986c5f705c41b1c8f081966ddfb66,2910,75.0,35.0,interior,-0.0,-0.0,-0.0,-0.0,-0.0,-0.0
11,11,loading,1.1,f62473a4e49e2ca0116b235b026e23dafb9986c5f705c41b1c8f081966ddfb66,2911,76.0,35.0,interior,-0.0,-0.0,-0.0,-0.0,-0.0,-0.0
11,11,loading,1.1,f62473a4e49e2ca0116b235b026e23dafb9986c5f705c41b1c8f081966ddfb66,2912,77.0,35.0,interior,-0.0,-0.0,-0.0,-0.0,-0.0,-0.0
11,11,loading,1.1,f62473a4e49e2ca0116b235b026e23dafb9986c5f705c41b1c8f081966ddfb66,2913,78.0,35.0,interior,-0.0,-0.0,-0.0,-0.0,-0.0,-0.0
11,11,loading,1.1,f62473a4e49e2ca0116b235b026e23dafb9986c5f705c41b1c8f081966ddfb66,2914,79.0,35.0,interior,-0.0,-0.0,-0.0,-0.0,-0.0,-0.0
11,11,loading,1.1,f62473a4e49e2ca0116b235b026e23dafb9986c5f705c41b1c8f081966ddfb66,2915,80.0,35.0,physical_only,-0.0,-0.0,-0.0,-0.0,-0.0,-0.0
11,11,loading,1.1,f62473a4e49e2ca0116b235b026e23dafb9986c5f705c41b1c8f081966ddfb66,2978,62.0,36.0,physical_only,-3.002349449870219e-06,1.791432368098644e-07,-1.890249384962494e-06,2.4342120214662745e-08,-1.1121000649077247e-06,1.5480111659520164e-07
11,11,loading,1.1,f62473a4e49e2ca0116b235b026e23dafb9986c5f705c41b1c8f081966ddfb66,2979,63.0,36.0,interior,-0.0,-0.0,-0.0,-0.0,-0.0,-0.0
11,11,loading,1.1,f62473a4e49e2ca0116b235b026e23dafb9986c5f705c41b1c8f081966ddfb66,2980,64.0,36.0,interior,-0.0,-0.0,-0.0,-0.0,-0.0,-0.0
11,11,loading,1.1,f62473a4e49e2ca0116b235b026e23dafb9986c5f705c41b1c8f081966ddfb66,2981,65.0,36.0,interior,-0.0,-0.0,-0.0,-0.0,-0.0,-0.0
11,11,loading,1.1,f62473a4e49e2ca0116b235b026e23dafb9986c5f705c41b1c8f081966ddfb66,2982,66.0,36.0,interior,-0.0,-0.0,-0.0,-0.0,-0.0,-0.0
11,11,loading,1.1,f62473a4e49e2ca0116b235b026e23dafb9986c5f705c41b1c8f081966ddfb66,2983,67.0,36.0,interior,-0.0,-0.0,-0.0,-0.0,-0.0,-0.0
11,11,loading,1.1,f62473a4e49e2ca0116b235b026e23dafb9986c5f705c41b1c8f081966ddfb66,2984,68.0,36.0,interior,-0.0,-0.0,-0.0,-0.0,-0.0,-0.0
11,11,loading,1.1,f62473a4e49e2ca0116b235b026e23dafb9986c5f705c41b1c8f081966ddfb66,2985,69.0,36.0,interior,-0.0,-0.0,-0.0,-0.0,-0.0,-0.0
11,11,loading,1.1,f62473a4e49e2ca0116b235b026e23dafb9986c5f705c41b1c8f081966ddfb66,2986,70.0,36.0,interior,-0.0,-0.0,-0.0,-0.0,-0.0,-0.0
11,11,loading,1.1,f62473a4e49e2ca0116b235b026e23dafb9986c5f705c41b1c8f081966ddfb66,2987,71.0,36.0,interior,-0.0,-0.0,-0.0,-0.0,-0.0,-0.0
11,11,loading,1.1,f62473a4e49e2ca0116b235b026e23dafb9986c5f705c41b1c8f081966ddfb66,2988,72.0,36.0,interior,-0.0,-0.0,-0.0,-0.0,-0.0,-0.0
11,11,loading,1.1,f62473a4e49e2ca0116b235b026e23dafb9986c5f705c41b1c8f081966ddfb66,2989,73.0,36.0,interior,-0.0,-0.0,-0.0,-0.0,-0.0,-0.0
11,11,loading,1.1,f62473a4e49e2ca0116b235b026e23dafb9986c5f705c41b1c8f081966ddfb66,2990,74.0,36.0,interior,-0.0,-0.0,-0.0,-0.0,-0.0,-0.0
11,11,loading,1.1,f62473a4e49e2ca0116b235b026e23dafb9986c5f705c41b1c8f081966ddfb66,2991,75.0,36.0,interior,-0.0,-0.0,-0.0,-0.0,-0.0,-0.0
11,11,loading,1.1,f62473a4e49e2ca0116b235b026e23dafb9986c5f705c41b1c8f081966ddfb66,2992,76.0,36.0,interior,-0.0,-0.0,-0.0,-0.0,-0.0,-0.0
11,11,loading,1.1,f62473a4e49e2ca0116b235b026e23dafb9986c5f705c41b1c8f081966ddfb66,2993,77.0,36.0,interior,-0.0,-0.0,-0.0,-0.0,-0.0,-0.0
11,11,loading,1.1,f62473a4e49e2ca0116b235b026e23dafb9986c5f705c41b1c8f081966ddfb66,2994,78.0,36.0,interior,-0.0,-0.0,-0.0,-0.0,-0.0,-0.0
11,11,loading,1.1,f62473a4e49e2ca0116b235b026e23dafb9986c5f705c41b1c8f081966ddfb66,2995,79.0,36.0,interior,-0.0,-0.0,-0.0,-0.0,-0.0,-0.0
11,11,loading,1.1,f62473a4e49e2ca0116b235b026e23dafb9986c5f705c41b1c8f081966ddfb66,2996,80.0,36.0,physical_only,-0.0,-0.0,-0.0,-0.0,-0.0,-0.0
11,11,loading,1.1,f62473a4e49e2ca0116b235b026e23dafb9986c5f705c41b1c8f081966ddfb66,3059,62.0,37.0,physical_only,-3.133131800128182e-06,2.2053620413105387e-07,-1.9341627230784565e-06,1.9590169295932622e-08,-1.1989690770497257e-06,2.0094603483512128e-07
11,11,loading,1.1,f62473a4e49e2ca0116b235b026e23dafb9986c5f705c41b1c8f081966ddfb66,3060,63.0,37.0,interior,-0.0,-0.0,-0.0,-0.0,-0.0,-0.0
11,11,loading,1.1,f62473a4e49e2ca0116b235b026e23dafb9986c5f705c41b1c8f081966ddfb66,3061,64.0,37.0,interior,-0.0,-0.0,-0.0,-0.0,-0.0,-0.0
11,11,loading,1.1,f62473a4e49e2ca0116b235b026e23dafb9986c5f705c41b1c8f081966ddfb66,3062,65.0,37.0,interior,-0.0,-0.0,-0.0,-0.0,-0.0,-0.0
11,11,loading,1.1,f62473a4e49e2ca0116b235b026e23dafb9986c5f705c41b1c8f081966ddfb66,3063,66.0,37.0,interior,-0.0,-0.0,-0.0,-0.0,-0.0,-0.0
11,11,loading,1.1,f62473a4e49e2ca0116b235b026e23dafb9986c5f705c41b1c8f081966ddfb66,3064,67.0,37.0,interior,-0.0,-0.0,-0.0,-0.0,-0.0,-0.0
11,11,loading,1.1,f62473a4e49e2ca0116b235b026e23dafb9986c5f705c41b1c8f081966ddfb66,3065,68.0,37.0,interior,-0.0,-0.0,-0.0,-0.0,-0.0,-0.0
11,11,loading,1.1,f62473a4e49e2ca0116b235b026e23dafb9986c5f705c41b1c8f081966ddfb66,3066,69.0,37.0,interior,-0.0,-0.0,-0.0,-0.0,-0.0,-0.0
11,11,loading,1.1,f62473a4e49e2ca0116b235b026e23dafb9986c5f705c41b1c8f081966ddfb66,3067,70.0,37.0,interior,-0.0,-0.0,-0.0,-0.0,-0.0,-0.0
11,11,loading,1.1,f62473a4e49e2ca0116b235b026e23dafb9986c5f705c41b1c8f081966ddfb66,3068,71.0,37.0,interior,-0.0,-0.0,-0.0,-0.0,-0.0,-0.0
11,11,loading,1.1,f62473a4e49e2ca0116b235b026e23dafb9986c5f705c41b1c8f081966ddfb66,3069,72.0,37.0,interior,-0.0,-0.0,-0.0,-0.0,-0.0,-0.0
11,11,loading,1.1,f62473a4e49e2ca0116b235b026e23dafb9986c5f705c41b1c8f081966ddfb66,3070,73.0,37.0,interior,-0.0,-0.0,-0.0,-0.0,-0.0,-0.0
11,11,loading,1.1,f62473a4e49e2ca0116b235b026e23dafb9986c5f705c41b1c8f081966ddfb66,3071,74.0,37.0,interior,-0.0,-0.0,-0.0,-0.0,-0.0,-0.0
11,11,loading,1.1,f62473a4e49e2ca0116b235b026e23dafb9986c5f705c41b1c8f081966ddfb66,3072,75.0,37.0,interior,-0.0,-0.0,-0.0,-0.0,-0.0,-0.0
11,11,loading,1.1,f62473a4e49e2ca0116b235b026e23dafb9986c5f705c41b1c8f081966ddfb66,3073,76.0,37.0,interior,-0.0,-0.0,-0.0,-0.0,-0.0,-0.0
11,11,loading,1.1,f62473a4e49e2ca0116b235b026e23dafb9986c5f705c41b1c8f081966ddfb66,3074,77.0,37.0,interior,-0.0,-0.0,-0.0,-0.0,-0.0,-0.0
11,11,loading,1.1,f62473a4e49e2ca0116b235b026e23dafb9986c5f705c41b1c8f081966ddfb66,3075,78.0,37.0,interior,-0.0,-0.0,-0.0,-0.0,-0.0,-0.0
11,11,loading,1.1,f62473a4e49e2ca0116b235b026e23dafb9986c5f705c41b1c8f081966ddfb66,3076,79.0,37.0,interior,-0.0,-0.0,-0.0,-0.0,-0.0,-0.0
11,11,loading,1.1,f62473a4e49e2ca0116b235b026e23dafb9986c5f705c41b1c8f081966ddfb66,3077,80.0,37.0,physical_only,-0.0,-0.0,-0.0,-0.0,-0.0,-0.0
11,11,loading,1.1,f62473a4e49e2ca0116b235b026e23dafb9986c5f705c41b1c8f081966ddfb66,3140,62.0,38.0,physical_only,-3.2464379107329084e-06,1.758857947670577e-07,-1.9664954471899343e-06,1.3819828308842465e-08,-1.2799424635429742e-06,1.6206596645821523e-07
11,11,loading,1.1,f62473a4e49e2ca0116b235b026e23dafb9986c5f705c41b1c8f081966ddfb66,3141,63.0,38.0,interior,-0.0,-0.0,-0.0,-0.0,-0.0,-0.0
11,11,loading,1.1,f62473a4e49e2ca0116b235b026e23dafb9986c5f705c41b1c8f081966ddfb66,3142,64.0,38.0,interior,-0.0,-0.0,-0.0,-0.0,-0.0,-0.0
11,11,loading,1.1,f62473a4e49e2ca0116b235b026e23dafb9986c5f705c41b1c8f081966ddfb66,3143,65.0,38.0,interior,-0.0,-0.0,-0.0,-0.0,-0.0,-0.0
11,11,loading,1.1,f62473a4e49e2ca0116b235b026e23dafb9986c5f705c41b1c8f081966ddfb66,3144,66.0,38.0,interior,-0.0,-0.0,-0.0,-0.0,-0.0,-0.0
11,11,loading,1.1,f62473a4e49e2ca0116b235b026e23dafb9986c5f705c41b1c8f081966ddfb66,3145,67.0,38.0,interior,-0.0,-0.0,-0.0,-0.0,-0.0,-0.0
11,11,loading,1.1,f62473a4e49e2ca0116b235b026e23dafb9986c5f705c41b1c8f081966ddfb66,3146,68.0,38.0,interior,-0.0,-0.0,-0.0,-0.0,-0.0,-0.0
11,11,loading,1.1,f62473a4e49e2ca0116b235b026e23dafb9986c5f705c41b1c8f081966ddfb66,3147,69.0,38.0,interior,-0.0,-0.0,-0.0,-0.0,-0.0,-0.0
11,11,loading,1.1,f62473a4e49e2ca0116b235b026e23dafb9986c5f705c41b1c8f081966ddfb66,3148,70.0,38.0,interior,-0.0,-0.0,-0.0,-0.0,-0.0,-0.0
11,11,loading,1.1,f62473a4e49e2ca0116b235b026e23dafb9986c5f705c41b1c8f081966ddfb66,3149,71.0,38.0,interior,-0.0,-0.0,-0.0,-0.0,-0.0,-0.0
11,11,loading,1.1,f62473a4e49e2ca0116b235b026e23dafb9986c5f705c41b1c8f081966ddfb66,3150,72.0,38.0,interior,-0.0,-0.0,-0.0,-0.0,-0.0,-0.0
11,11,loading,1.1,f62473a4e49e2ca0116b235b026e23dafb9986c5f705c41b1c8f081966ddfb66,3151,73.0,38.0,interior,-0.0,-0.0,-0.0,-0.0,-0.0,-0.0
11,11,loading,1.1,f62473a4e49e2ca0116b235b026e23dafb9986c5f705c41b1c8f081966ddfb66,3152,74.0,38.0,interior,-0.0,-0.0,-0.0,-0.0,-0.0,-0.0
11,11,loading,1.1,f62473a4e49e2ca0116b235b026e23dafb9986c5f705c41b1c8f081966ddfb66,3153,75.0,38.0,interior,-0.0,-0.0,-0.0,-0.0,-0.0,-0.0
11,11,loading,1.1,f62473a4e49e2ca0116b235b026e23dafb9986c5f705c41b1c8f081966ddfb66,3154,76.0,38.0,interior,-0.0,-0.0,-0.0,-0.0,-0.0,-0.0
11,11,loading,1.1,f62473a4e49e2ca0116b235b026e23dafb9986c5f705c41b1c8f081966ddfb66,3155,77.0,38.0,interior,-0.0,-0.0,-0.0,-0.0,-0.0,-0.0
11,11,loading,1.1,f62473a4e49e2ca0116b235b026e23dafb9986c5f705c41b1c8f081966ddfb66,3156,78.0,38.0,interior,-0.0,-0.0,-0.0,-0.0,-0.0,-0.0
11,11,loading,1.1,f62473a4e49e2ca0116b235b026e23dafb9986c5f705c41b1c8f081966ddfb66,3157,79.0,38.0,interior,-0.0,-0.0,-0.0,-0.0,-0.0,-0.0
11,11,loading,1.1,f62473a4e49e2ca0116b235b026e23dafb9986c5f705c41b1c8f081966ddfb66,3158,80.0,38.0,physical_only,-0.0,-0.0,-0.0,-0.0,-0.0,-0.0
11,11,loading,1.1,f62473a4e49e2ca0116b235b026e23dafb9986c5f705c41b1c8f081966ddfb66,3221,62.0,39.0,physical_only,-3.3135107140455185e-06,9.344058548949481e-08,-1.986328312547439e-06,7.156674956115304e-09,-1.3271824014980797e-06,8.62839105333794e-08
11,11,loading,1.1,f62473a4e49e2ca0116b235b026e23dafb9986c5f705c41b1c8f081966ddfb66,3222,63.0,39.0,interior,-0.0,-0.0,-0.0,-0.0,-0.0,-0.0
11,11,loading,1.1,f62473a4e49e2ca0116b235b026e23dafb9986c5f705c41b1c8f081966ddfb66,3223,64.0,39.0,interior,-0.0,-0.0,-0.0,-0.0,-0.0,-0.0
11,11,loading,1.1,f62473a4e49e2ca0116b235b026e23dafb9986c5f705c41b1c8f081966ddfb66,3224,65.0,39.0,interior,-0.0,-0.0,-0.0,-0.0,-0.0,-0.0
11,11,loading,1.1,f62473a4e49e2ca0116b235b026e23dafb9986c5f705c41b1c8f081966ddfb66,3225,66.0,39.0,interior,-0.0,-0.0,-0.0,-0.0,-0.0,-0.0
11,11,loading,1.1,f62473a4e49e2ca0116b235b026e23dafb9986c5f705c41b1c8f081966ddfb66,3226,67.0,39.0,interior,-0.0,-0.0,-0.0,-0.0,-0.0,-0.0
11,11,loading,1.1,f62473a4e49e2ca0116b235b026e23dafb9986c5f705c41b1c8f081966ddfb66,3227,68.0,39.0,interior,-0.0,-0.0,-0.0,-0.0,-0.0,-0.0
11,11,loading,1.1,f62473a4e49e2ca0116b235b026e23dafb9986c5f705c41b1c8f081966ddfb66,3228,69.0,39.0,interior,-0.0,-0.0,-0.0,-0.0,-0.0,-0.0
11,11,loading,1.1,f62473a4e49e2ca0116b235b026e23dafb9986c5f705c41b1c8f081966ddfb66,3229,70.0,39.0,interior,-0.0,-0.0,-0.0,-0.0,-0.0,-0.0
11,11,loading,1.1,f62473a4e49e2ca0116b235b026e23dafb9986c5f705c41b1c8f081966ddfb66,3230,71.0,39.0,interior,-0.0,-0.0,-0.0,-0.0,-0.0,-0.0
11,11,loading,1.1,f62473a4e49e2ca0116b235b026e23dafb9986c5f705c41b1c8f081966ddfb66,3231,72.0,39.0,interior,-0.0,-0.0,-0.0,-0.0,-0.0,-0.0
11,11,loading,1.1,f62473a4e49e2ca0116b235b026e23dafb9986c5f705c41b1c8f081966ddfb66,3232,73.0,39.0,interior,-0.0,-0.0,-0.0,-0.0,-0.0,-0.0
11,11,loading,1.1,f62473a4e49e2ca0116b235b026e23dafb9986c5f705c41b1c8f081966ddfb66,3233,74.0,39.0,interior,-0.0,-0.0,-0.0,-0.0,-0.0,-0.0
11,11,loading,1.1,f62473a4e49e2ca0116b235b026e23dafb9986c5f705c41b1c8f081966ddfb66,3234,75.0,39.0,interior,-0.0,-0.0,-0.0,-0.0,-0.0,-0.0
11,11,loading,1.1,f62473a4e49e2ca0116b235b026e23dafb9986c5f705c41b1c8f081966ddfb66,3235,76.0,39.0,interior,-0.0,-0.0,-0.0,-0.0,-0.0,-0.0
11,11,loading,1.1,f62473a4e49e2ca0116b235b026e23dafb9986c5f705c41b1c8f081966ddfb66,3236,77.0,39.0,interior,-0.0,-0.0,-0.0,-0.0,-0.0,-0.0
11,11,loading,1.1,f62473a4e49e2ca0116b235b026e23dafb9986c5f705c41b1c8f081966ddfb66,3237,78.0,39.0,interior,-0.0,-0.0,-0.0,-0.0,-0.0,-0.0
11,11,loading,1.1,f62473a4e49e2ca0116b235b026e23dafb9986c5f705c41b1c8f081966ddfb66,3238,79.0,39.0,interior,-0.0,-0.0,-0.0,-0.0,-0.0,-0.0
11,11,loading,1.1,f62473a4e49e2ca0116b235b026e23dafb9986c5f705c41b1c8f081966ddfb66,3239,80.0,39.0,physical_only,-0.0,-0.0,-0.0,-0.0,-0.0,-0.0
11,11,loading,1.1,f62473a4e49e2ca0116b235b026e23dafb9986c5f705c41b1c8f081966ddfb66,3302,62.0,40.0,physical_and_cut,-1.6673623788834675e-06,-1.0729175272604746e-06,-9.965071337592029e-07,-4.527369638972998e-07,-6.708552451242645e-07,-6.201805633631748e-07
11,11,loading,1.1,f62473a4e49e2ca0116b235b026e23dafb9986c5f705c41b1c8f081966ddfb66,3303,63.0,40.0,cut_only,-0.0,-0.0,-0.0,-0.0,-0.0,-0.0
11,11,loading,1.1,f62473a4e49e2ca0116b235b026e23dafb9986c5f705c41b1c8f081966ddfb66,3304,64.0,40.0,cut_only,-0.0,-0.0,-0.0,-0.0,-0.0,-0.0
11,11,loading,1.1,f62473a4e49e2ca0116b235b026e23dafb9986c5f705c41b1c8f081966ddfb66,3305,65.0,40.0,cut_only,-0.0,-0.0,-0.0,-0.0,-0.0,-0.0
11,11,loading,1.1,f62473a4e49e2ca0116b235b026e23dafb9986c5f705c41b1c8f081966ddfb66,3306,66.0,40.0,cut_only,-0.0,-0.0,-0.0,-0.0,-0.0,-0.0
11,11,loading,1.1,f62473a4e49e2ca0116b235b026e23dafb9986c5f705c41b1c8f081966ddfb66,3307,67.0,40.0,cut_only,-0.0,-0.0,-0.0,-0.0,-0.0,-0.0
11,11,loading,1.1,f62473a4e49e2ca0116b235b026e23dafb9986c5f705c41b1c8f081966ddfb66,3308,68.0,40.0,cut_only,-0.0,-0.0,-0.0,-0.0,-0.0,-0.0
11,11,loading,1.1,f62473a4e49e2ca0116b235b026e23dafb9986c5f705c41b1c8f081966ddfb66,3309,69.0,40.0,cut_only,-0.0,-0.0,-0.0,-0.0,-0.0,-0.0
11,11,loading,1.1,f62473a4e49e2ca0116b235b026e23dafb9986c5f705c41b1c8f081966ddfb66,3310,70.0,40.0,cut_only,-0.0,-0.0,-0.0,-0.0,-0.0,-0.0
11,11,loading,1.1,f62473a4e49e2ca0116b235b026e23dafb9986c5f705c41b1c8f081966ddfb66,3311,71.0,40.0,cut_only,-0.0,-0.0,-0.0,-0.0,-0.0,-0.0
11,11,loading,1.1,f62473a4e49e2ca0116b235b026e23dafb9986c5f705c41b1c8f081966ddfb66,3312,72.0,40.0,cut_only,-0.0,-0.0,-0.0,-0.0,-0.0,-0.0
11,11,loading,1.1,f62473a4e49e2ca0116b235b026e23dafb9986c5f705c41b1c8f081966ddfb66,3313,73.0,40.0,cut_only,-0.0,-0.0,-0.0,-0.0,-0.0,-0.0
11,11,loading,1.1,f62473a4e49e2ca0116b235b026e23dafb9986c5f705c41b1c8f081966ddfb66,3314,74.0,40.0,cut_only,-0.0,-0.0,-0.0,-0.0,-0.0,-0.0
11,11,loading,1.1,f62473a4e49e2ca0116b235b026e23dafb9986c5f705c41b1c8f081966ddfb66,3315,75.0,40.0,cut_only,-0.0,-0.0,-0.0,-0.0,-0.0,-0.0
11,11,loading,1.1,f62473a4e49e2ca0116b235b026e23dafb9986c5f705c41b1c8f081966ddfb66,3316,76.0,40.0,cut_only,-0.0,-0.0,-0.0,-0.0,-0.0,-0.0
11,11,loading,1.1,f62473a4e49e2ca0116b235b026e23dafb9986c5f705c41b1c8f081966ddfb66,3317,77.0,40.0,cut_only,-0.0,-0.0,-0.0,-0.0,-0.0,-0.0
11,11,loading,1.1,f62473a4e49e2ca0116b235b026e23dafb9986c5f705c41b1c8f081966ddfb66,3318,78.0,40.0,cut_only,-0.0,-0.0,-0.0,-0.0,-0.0,-0.0
11,11,loading,1.1,f62473a4e49e2ca0116b235b026e23dafb9986c5f705c41b1c8f081966ddfb66,3319,79.0,40.0,cut_only,-0.0,-0.0,-0.0,-0.0,-0.0,-0.0
11,11,loading,1.1,f62473a4e49e2ca0116b235b026e23dafb9986c5f705c41b1c8f081966ddfb66,3320,80.0,40.0,physical_and_cut,-0.0,-0.0,-0.0,-0.0,-0.0,-0.0
12,12,loading,1.15,510461c38e2d09b36ccf797606ace57de37785dfe15652e6b8dd74e215233a40,2573,62.0,31.0,physical_only,-0.0004202308483984358,-8.872582695352958e-05,-2.708104278782532e-06,3.1139574984627006e-06,-0.00041752274411965324,-9.183978445199228e-05
12,12,loading,1.15,510461c38e2d09b36ccf797606ace57de37785dfe15652e6b8dd74e215233a40,2574,63.0,31.0,physical_only,-1.3814796511221883e-06,-7.066492239845966e-05,-1.5090043990431538e-06,3.6823618543229686e-06,1.275247479209655e-07,-7.434728425278266e-05
12,12,loading,1.15,510461c38e2d09b36ccf797606ace57de37785dfe15652e6b8dd74e215233a40,2575,64.0,31.0,physical_only,5.199301801627994e-07,-9.228722632274725e-05,-1.5442097661126387e-06,4.797613312440669e-06,2.0641399462754383e-06,-9.708483963518792e-05
12,12,loading,1.15,510461c38e2d09b36ccf797606ace57de37785dfe15652e6b8dd74e215233a40,2576,65.0,31.0,physical_only,1.134184222293606e-06,-0.00012411766763006346,-1.5883448157386084e-06,6.085375895623472e-06,2.722529038032214e-06,-0.00013020304352568692
12,12,loading,1.15,510461c38e2d09b36ccf797606ace57de37785dfe15652e6b8dd74e215233a40,2577,66.0,31.0,physical_only,-2.9190712511911827e-08,-0.000164881361263978,-1.6434362668336296e-06,7.602486228124891e-06,1.614245554321717e-06,-0.00017248384749210305
12,12,loading,1.15,510461c38e2d09b36ccf797606ace57de37785dfe15652e6b8dd74e215233a40,2578,67.0,31.0,physical_only,-3.4875424082307688e-06,-0.0002127878906051107,-1.7091025717168952e-06,9.420797343900179e-06,-1.7784398365138736e-06,-0.0002222086879490108
12,12,loading,1.15,510461c38e2d09b36ccf797606ace57de37785dfe15652e6b8dd74e215233a40,2579,68.0,31.0,physical_only,-5.0228994488847915e-06,-0.0002705999166061892,-1.786257302285251e-06,1.1633068544044938e-05,-3.23664214659954e-06,-0.0002822329851502343
12,12,loading,1.15,510461c38e2d09b36ccf797606ace57de37785dfe15652e6b8dd74e215233a40,2580,69.0,31.0,physical_only,-7.20885429572099e-06,-0.0003432180775116455,-1.8778062394726231e-06,1.436836348872472e-05,-5.331048056248367e-06,-0.00035758644100037013
12,12,loading,1.15,510461c38e2d09b36ccf797606ace57de37785dfe15652e6b8dd74e215233a40,2581,70.0,31.0,physical_only,-1.0046542747364045e-05,-0.00043209037497044466,-1.989376355966048e-06,1.7817269162417217e-05,-8.057166391397999e-06,-0.0004499076441328621
12,12,loading,1.15,510461c38e2d09b36ccf797606ace57de37785dfe15652e6b8dd74e215233a40,2582,71.0,31.0,physical_only,-1.3483827795576502e-05,-0.000540063512834422,-2.1291838015222363e-06,2.227148900023778e-05,-1.1354643994054266e-05,-0.0005623350018346593
12,12,loading,1.15,510461c38e2d09b36ccf797606ace57de37785dfe15652e6b8dd74e215233a40,2583,72.0,31.0,physical_only,-1.7213865419398364e-05,-0.0006702315373240662,-2.310367726539893e-06,2.8198654734523613e-05,-1.4903497692858476e-05,-0.0006984301920585894
12,12,loading,1.15,510461c38e2d09b36ccf797606ace57de37785dfe15652e6b8dd74e215233a40,2584,73.0,31.0,physical_only,-2.0006321777658973e-05,-0.0008283142859594286,-2.5555711023209795e-06,3.639562463972847e-05,-1.745075067533799e-05,-0.0008647099105991572
12,12,loading,1.15,510461c38e2d09b36ccf797606ace57de37785dfe15652e6b8dd74e215233a40,2585,74.0,31.0,physical_only,-2.566116012904968e-05,-0.0010205739279082748,-2.9062546364299325e-06,4.8332498851310714e-05,-2.275490549261974e-05,-0.0010689064267595848
12,12,loading,1.15,510461c38e2d09b36ccf797606ace57de37785dfe15652e6b8dd74e215233a40,2586,75.0,31.0,physical_only,-3.9651927103578075e-05,-0.0012500307614170562,-3.4457142550589417e-06,6.702320226644609e-05,-3.6206212848519136e-05,-0.0013170539636835031
12,12,loading,1.15,510461c38e2d09b36ccf797606ace57de37785dfe15652e6b8dd74e215233a40,2587,76.0,31.0,physical_only,-8.877041000293943e-05,-0.0015061804811724562,-4.365619863687112e-06,9.964799460496058e-05,-8.440479013925231e-05,-0.0016058284757774167
12,12,loading,1.15,510461c38e2d09b36ccf797606ace57de37785dfe15652e6b8dd74e215233a40,2588,77.0,31.0,physical_only,-0.0002401584391716648,-0.0016215646816788581,-6.1808326910217496e-06,0.00016756039316044273,-0.00023397760648064306,-0.0017891250748393022
12,12,loading,1.15,510461c38e2d09b36ccf797606ace57de37785dfe15652e6b8dd74e215233a40,2589,78.0,31.0,physical_only,-0.0004710366391162232,-0.0016755441456559866,-1.1502743587495979e-05,0.000376608608651479,-0.0004595338955287272,-0.0020521527543074652
12,12,loading,1.15,510461c38e2d09b36ccf797606ace57de37785dfe15652e6b8dd74e215233a40,2590,79.0,31.0,physical_only,-0.0008160899619274193,0.006222537730288257,-2.5472390447021478e-05,0.0015060133569317834,-0.0007906175714803978,0.004716524373356475
12,12,loading,1.15,510461c38e2d09b36ccf797606ace57de37785dfe15652e6b8dd74e215233a40,2591,80.0,31.0,physical_only,-0.0005212871082540693,0.10556763153911451,-0.0022017279866487077,0.09825626078276532,0.0016804408783946383,0.007311370756349195
12,12,loading,1.15,510461c38e2d09b36ccf797606ace57de37785dfe15652e6b8dd74e215233a40,2654,62.0,32.0,physical_only,-5.595258447513912e-06,-1.2928233930252685e-06,-1.5822441262187205e-06,5.504539256468989e-08,-4.013014321295191e-06,-1.3478687855899584e-06
12,12,loading,1.15,510461c38e2d09b36ccf797606ace57de37785dfe15652e6b8dd74e215233a40,2655,63.0,32.0,interior,-0.0,-0.0,-0.0,-0.0,-0.0,-0.0
12,12,loading,1.15,510461c38e2d09b36ccf797606ace57de37785dfe15652e6b8dd74e215233a40,2656,64.0,32.0,interior,-0.0,-0.0,-0.0,-0.0,-0.0,-0.0
12,12,loading,1.15,510461c38e2d09b36ccf797606ace57de37785dfe15652e6b8dd74e215233a40,2657,65.0,32.0,interior,-0.0,-0.0,-0.0,-0.0,-0.0,-0.0
12,12,loading,1.15,510461c38e2d09b36ccf797606ace57de37785dfe15652e6b8dd74e215233a40,2658,66.0,32.0,interior,-0.0,-0.0,-0.0,-0.0,-0.0,-0.0
12,12,loading,1.15,510461c38e2d09b36ccf797606ace57de37785dfe15652e6b8dd74e215233a40,2659,67.0,32.0,interior,-0.0,-0.0,-0.0,-0.0,-0.0,-0.0
12,12,loading,1.15,510461c38e2d09b36ccf797606ace57de37785dfe15652e6b8dd74e215233a40,2660,68.0,32.0,interior,-0.0,-0.0,-0.0,-0.0,-0.0,-0.0
12,12,loading,1.15,510461c38e2d09b36ccf797606ace57de37785dfe15652e6b8dd74e215233a40,2661,69.0,32.0,interior,-0.0,-0.0,-0.0,-0.0,-0.0,-0.0
12,12,loading,1.15,510461c38e2d09b36ccf797606ace57de37785dfe15652e6b8dd74e215233a40,2662,70.0,32.0,interior,-0.0,-0.0,-0.0,-0.0,-0.0,-0.0
12,12,loading,1.15,510461c38e2d09b36ccf797606ace57de37785dfe15652e6b8dd74e215233a40,2663,71.0,32.0,interior,-0.0,-0.0,-0.0,-0.0,-0.0,-0.0
12,12,loading,1.15,510461c38e2d09b36ccf797606ace57de37785dfe15652e6b8dd74e215233a40,2664,72.0,32.0,interior,-0.0,-0.0,-0.0,-0.0,-0.0,-0.0
12,12,loading,1.15,510461c38e2d09b36ccf797606ace57de37785dfe15652e6b8dd74e215233a40,2665,73.0,32.0,interior,-0.0,-0.0,-0.0,-0.0,-0.0,-0.0
12,12,loading,1.15,510461c38e2d09b36ccf797606ace57de37785dfe15652e6b8dd74e215233a40,2666,74.0,32.0,interior,-0.0,-0.0,-0.0,-0.0,-0.0,-0.0
12,12,loading,1.15,510461c38e2d09b36ccf797606ace57de37785dfe15652e6b8dd74e215233a40,2667,75.0,32.0,interior,-0.0,-0.0,-0.0,-0.0,-0.0,-0.0
12,12,loading,1.15,510461c38e2d09b36ccf797606ace57de37785dfe15652e6b8dd74e215233a40,2668,76.0,32.0,interior,-0.0,-0.0,-0.0,-0.0,-0.0,-0.0
12,12,loading,1.15,510461c38e2d09b36ccf797606ace57de37785dfe15652e6b8dd74e215233a40,2669,77.0,32.0,interior,-0.0,-0.0,-0.0,-0.0,-0.0,-0.0
12,12,loading,1.15,510461c38e2d09b36ccf797606ace57de37785dfe15652e6b8dd74e215233a40,2670,78.0,32.0,interior,-0.0,-0.0,-0.0,-0.0,-0.0,-0.0
12,12,loading,1.15,510461c38e2d09b36ccf797606ace57de37785dfe15652e6b8dd74e215233a40,2671,79.0,32.0,interior,-0.0,-0.0,-0.0,-0.0,-0.0,-0.0
12,12,loading,1.15,510461c38e2d09b36ccf797606ace57de37785dfe15652e6b8dd74e215233a40,2672,80.0,32.0,physical_only,-0.0,-0.0,-0.0,-0.0,-0.0,-0.0
12,12,loading,1.15,510461c38e2d09b36ccf797606ace57de37785dfe15652e6b8dd74e215233a40,2735,62.0,33.0,physical_only,-3.951289952559163e-06,-9.047781586928224e-07,-1.6850261721016118e-06,4.089448277143245e-08,-2.2662637804575512e-06,-9.456726414642547e-07
12,12,loading,1.15,510461c38e2d09b36ccf797606ace57de37785dfe15652e6b8dd74e215233a40,2736,63.0,33.0,interior,-0.0,-0.0,-0.0,-0.0,-0.0,-0.0
12,12,loading,1.15,510461c38e2d09b36ccf797606ace57de37785dfe15652e6b8dd74e215233a40,2737,64.0,33.0,interior,-0.0,-0.0,-0.0,-0.0,-0.0,-0.0
12,12,loading,1.15,510461c38e2d09b36ccf797606ace57de37785dfe15652e6b8dd74e215233a40,2738,65.0,33.0,interior,-0.0,-0.0,-0.0,-0.0,-0.0,-0.0
12,12,loading,1.15,510461c38e2d09b36ccf797606ace57de37785dfe15652e6b8dd74e215233a40,2739,66.0,33.0,interior,-0.0,-0.0,-0.0,-0.0,-0.0,-0.0
12,12,loading,1.15,510461c38e2d09b36ccf797606ace57de37785dfe15652e6b8dd74e215233a40,2740,67.0,33.0,interior,-0.0,-0.0,-0.0,-0.0,-0.0,-0.0
12,12,loading,1.15,510461c38e2d09b36ccf797606ace57de37785dfe15652e6b8dd74e215233a40,2741,68.0,33.0,interior,-0.0,-0.0,-0.0,-0.0,-0.0,-0.0
12,12,loading,1.15,510461c38e2d09b36ccf797606ace57de37785dfe15652e6b8dd74e215233a40,2742,69.0,33.0,interior,-0.0,-0.0,-0.0,-0.0,-0.0,-0.0
12,12,loading,1.15,510461c38e2d09b36ccf797606ace57de37785dfe15652e6b8dd74e215233a40,2743,70.0,33.0,interior,-0.0,-0.0,-0.0,-0.0,-0.0,-0.0
12,12,loading,1.15,510461c38e2d09b36ccf797606ace57de37785dfe15652e6b8dd74e215233a40,2744,71.0,33.0,interior,-0.0,-0.0,-0.0,-0.0,-0.0,-0.0
12,12,loading,1.15,510461c38e2d09b36ccf797606ace57de37785dfe15652e6b8dd74e215233a40,2745,72.0,33.0,interior,-0.0,-0.0,-0.0,-0.0,-0.0,-0.0
12,12,loading,1.15,510461c38e2d09b36ccf797606ace57de37785dfe15652e6b8dd74e215233a40,2746,73.0,33.0,interior,-0.0,-0.0,-0.0,-0.0,-0.0,-0.0
12,12,loading,1.15,510461c38e2d09b36ccf797606ace57de37785dfe15652e6b8dd74e215233a40,2747,74.0,33.0,interior,-0.0,-0.0,-0.0,-0.0,-0.0,-0.0
12,12,loading,1.15,510461c38e2d09b36ccf797606ace57de37785dfe15652e6b8dd74e215233a40,2748,75.0,33.0,interior,-0.0,-0.0,-0.0,-0.0,-0.0,-0.0
12,12,loading,1.15,510461c38e2d09b36ccf797606ace57de37785dfe15652e6b8dd74e215233a40,2749,76.0,33.0,interior,-0.0,-0.0,-0.0,-0.0,-0.0,-0.0
12,12,loading,1.15,510461c38e2d09b36ccf797606ace57de37785dfe15652e6b8dd74e215233a40,2750,77.0,33.0,interior,-0.0,-0.0,-0.0,-0.0,-0.0,-0.0
12,12,loading,1.15,510461c38e2d09b36ccf797606ace57de37785dfe15652e6b8dd74e215233a40,2751,78.0,33.0,interior,-0.0,-0.0,-0.0,-0.0,-0.0,-0.0
12,12,loading,1.15,510461c38e2d09b36ccf797606ace57de37785dfe15652e6b8dd74e215233a40,2752,79.0,33.0,interior,-0.0,-0.0,-0.0,-0.0,-0.0,-0.0
12,12,loading,1.15,510461c38e2d09b36ccf797606ace57de37785dfe15652e6b8dd74e215233a40,2753,80.0,33.0,physical_only,-0.0,-0.0,-0.0,-0.0,-0.0,-0.0
12,12,loading,1.15,510461c38e2d09b36ccf797606ace57de37785dfe15652e6b8dd74e215233a40,2816,62.0,34.0,physical_only,-3.173308525130899e-06,-3.82251398123395e-07,-1.7666585708960476e-06,3.293028609310337e-08,-1.40664995423485e-06,-4.151816842164983e-07
12,12,loading,1.15,510461c38e2d09b36ccf797606ace57de37785dfe15652e6b8dd74e215233a40,2817,63.0,34.0,interior,-0.0,-0.0,-0.0,-0.0,-0.0,-0.0
12,12,loading,1.15,510461c38e2d09b36ccf797606ace57de37785dfe15652e6b8dd74e215233a40,2818,64.0,34.0,interior,-0.0,-0.0,-0.0,-0.0,-0.0,-0.0
12,12,loading,1.15,510461c38e2d09b36ccf797606ace57de37785dfe15652e6b8dd74e215233a40,2819,65.0,34.0,interior,-0.0,-0.0,-0.0,-0.0,-0.0,-0.0
12,12,loading,1.15,510461c38e2d09b36ccf797606ace57de37785dfe15652e6b8dd74e215233a40,2820,66.0,34.0,interior,-0.0,-0.0,-0.0,-0.0,-0.0,-0.0
12,12,loading,1.15,510461c38e2d09b36ccf797606ace57de37785dfe15652e6b8dd74e215233a40,2821,67.0,34.0,interior,-0.0,-0.0,-0.0,-0.0,-0.0,-0.0
12,12,loading,1.15,510461c38e2d09b36ccf797606ace57de37785dfe15652e6b8dd74e215233a40,2822,68.0,34.0,interior,-0.0,-0.0,-0.0,-0.0,-0.0,-0.0
12,12,loading,1.15,510461c38e2d09b36ccf797606ace57de37785dfe15652e6b8dd74e215233a40,2823,69.0,34.0,interior,-0.0,-0.0,-0.0,-0.0,-0.0,-0.0
12,12,loading,1.15,510461c38e2d09b36ccf797606ace57de37785dfe15652e6b8dd74e215233a40,2824,70.0,34.0,interior,-0.0,-0.0,-0.0,-0.0,-0.0,-0.0
12,12,loading,1.15,510461c38e2d09b36ccf797606ace57de37785dfe15652e6b8dd74e215233a40,2825,71.0,34.0,interior,-0.0,-0.0,-0.0,-0.0,-0.0,-0.0
12,12,loading,1.15,510461c38e2d09b36ccf797606ace57de37785dfe15652e6b8dd74e215233a40,2826,72.0,34.0,interior,-0.0,-0.0,-0.0,-0.0,-0.0,-0.0
12,12,loading,1.15,510461c38e2d09b36ccf797606ace57de37785dfe15652e6b8dd74e215233a40,2827,73.0,34.0,interior,-0.0,-0.0,-0.0,-0.0,-0.0,-0.0
12,12,loading,1.15,510461c38e2d09b36ccf797606ace57de37785dfe15652e6b8dd74e215233a40,2828,74.0,34.0,interior,-0.0,-0.0,-0.0,-0.0,-0.0,-0.0
12,12,loading,1.15,510461c38e2d09b36ccf797606ace57de37785dfe15652e6b8dd74e215233a40,2829,75.0,34.0,interior,-0.0,-0.0,-0.0,-0.0,-0.0,-0.0
12,12,loading,1.15,510461c38e2d09b36ccf797606ace57de37785dfe15652e6b8dd74e215233a40,2830,76.0,34.0,interior,-0.0,-0.0,-0.0,-0.0,-0.0,-0.0
12,12,loading,1.15,510461c38e2d09b36ccf797606ace57de37785dfe15652e6b8dd74e215233a40,2831,77.0,34.0,interior,-0.0,-0.0,-0.0,-0.0,-0.0,-0.0
12,12,loading,1.15,510461c38e2d09b36ccf797606ace57de37785dfe15652e6b8dd74e215233a40,2832,78.0,34.0,interior,-0.0,-0.0,-0.0,-0.0,-0.0,-0.0
12,12,loading,1.15,510461c38e2d09b36ccf797606ace57de37785dfe15652e6b8dd74e215233a40,2833,79.0,34.0,interior,-0.0,-0.0,-0.0,-0.0,-0.0,-0.0
12,12,loading,1.15,510461c38e2d09b36ccf797606ace57de37785dfe15652e6b8dd74e215233a40,2834,80.0,34.0,physical_only,-0.0,-0.0,-0.0,-0.0,-0.0,-0.0
12,12,loading,1.15,510461c38e2d09b36ccf797606ace57de37785dfe15652e6b8dd74e215233a40,2897,62.0,35.0,physical_only,-2.9684396798657785e-06,3.365249154637651e-09,-1.8340763756374972e-06,2.81669097248237e-08,-1.1343633042282809e-06,-2.480166057018605e-08
12,12,loading,1.15,510461c38e2d09b36ccf797606ace57de37785dfe15652e6b8dd74e215233a40,2898,63.0,35.0,interior,-0.0,-0.0,-0.0,-0.0,-0.0,-0.0
12,12,loading,1.15,510461c38e2d09b36ccf797606ace57de37785dfe15652e6b8dd74e215233a40,2899,64.0,35.0,interior,-0.0,-0.0,-0.0,-0.0,-0.0,-0.0
12,12,loading,1.15,510461c38e2d09b36ccf797606ace57de37785dfe15652e6b8dd74e215233a40,2900,65.0,35.0,interior,-0.0,-0.0,-0.0,-0.0,-0.0,-0.0
12,12,loading,1.15,510461c38e2d09b36ccf797606ace57de37785dfe15652e6b8dd74e215233a40,2901,66.0,35.0,interior,-0.0,-0.0,-0.0,-0.0,-0.0,-0.0
12,12,loading,1.15,510461c38e2d09b36ccf797606ace57de37785dfe15652e6b8dd74e215233a40,2902,67.0,35.0,interior,-0.0,-0.0,-0.0,-0.0,-0.0,-0.0
12,12,loading,1.15,510461c38e2d09b36ccf797606ace57de37785dfe15652e6b8dd74e215233a40,2903,68.0,35.0,interior,-0.0,-0.0,-0.0,-0.0,-0.0,-0.0
12,12,loading,1.15,510461c38e2d09b36ccf797606ace57de37785dfe15652e6b8dd74e215233a40,2904,69.0,35.0,interior,-0.0,-0.0,-0.0,-0.0,-0.0,-0.0
12,12,loading,1.15,510461c38e2d09b36ccf797606ace57de37785dfe15652e6b8dd74e215233a40,2905,70.0,35.0,interior,-0.0,-0.0,-0.0,-0.0,-0.0,-0.0
12,12,loading,1.15,510461c38e2d09b36ccf797606ace57de37785dfe15652e6b8dd74e215233a40,2906,71.0,35.0,interior,-0.0,-0.0,-0.0,-0.0,-0.0,-0.0
12,12,loading,1.15,510461c38e2d09b36ccf797606ace57de37785dfe15652e6b8dd74e215233a40,2907,72.0,35.0,interior,-0.0,-0.0,-0.0,-0.0,-0.0,-0.0
12,12,loading,1.15,510461c38e2d09b36ccf797606ace57de37785dfe15652e6b8dd74e215233a40,2908,73.0,35.0,interior,-0.0,-0.0,-0.0,-0.0,-0.0,-0.0
12,12,loading,1.15,510461c38e2d09b36ccf797606ace57de37785dfe15652e6b8dd74e215233a40,2909,74.0,35.0,interior,-0.0,-0.0,-0.0,-0.0,-0.0,-0.0
12,12,loading,1.15,510461c38e2d09b36ccf797606ace57de37785dfe15652e6b8dd74e215233a40,2910,75.0,35.0,interior,-0.0,-0.0,-0.0,-0.0,-0.0,-0.0
12,12,loading,1.15,510461c38e2d09b36ccf797606ace57de37785dfe15652e6b8dd74e215233a40,2911,76.0,35.0,interior,-0.0,-0.0,-0.0,-0.0,-0.0,-0.0
12,12,loading,1.15,510461c38e2d09b36ccf797606ace57de37785dfe15652e6b8dd74e215233a40,2912,77.0,35.0,interior,-0.0,-0.0,-0.0,-0.0,-0.0,-0.0
12,12,loading,1.15,510461c38e2d09b36ccf797606ace57de37785dfe15652e6b8dd74e215233a40,2913,78.0,35.0,interior,-0.0,-0.0,-0.0,-0.0,-0.0,-0.0
12,12,loading,1.15,510461c38e2d09b36ccf797606ace57de37785dfe15652e6b8dd74e215233a40,2914,79.0,35.0,interior,-0.0,-0.0,-0.0,-0.0,-0.0,-0.0
12,12,loading,1.15,510461c38e2d09b36ccf797606ace57de37785dfe15652e6b8dd74e215233a40,2915,80.0,35.0,physical_only,-0.0,-0.0,-0.0,-0.0,-0.0,-0.0
12,12,loading,1.15,510461c38e2d09b36ccf797606ace57de37785dfe15652e6b8dd74e215233a40,2978,62.0,36.0,physical_only,-3.030848501977883e-06,1.9115533040492704e-07,-1.890132185098612e-06,2.4150265895804598e-08,-1.1407163168792713e-06,1.6700506450912241e-07
12,12,loading,1.15,510461c38e2d09b36ccf797606ace57de37785dfe15652e6b8dd74e215233a40,2979,63.0,36.0,interior,-0.0,-0.0,-0.0,-0.0,-0.0,-0.0
12,12,loading,1.15,510461c38e2d09b36ccf797606ace57de37785dfe15652e6b8dd74e215233a40,2980,64.0,36.0,interior,-0.0,-0.0,-0.0,-0.0,-0.0,-0.0
12,12,loading,1.15,510461c38e2d09b36ccf797606ace57de37785dfe15652e6b8dd74e215233a40,2981,65.0,36.0,interior,-0.0,-0.0,-0.0,-0.0,-0.0,-0.0
12,12,loading,1.15,510461c38e2d09b36ccf797606ace57de37785dfe15652e6b8dd74e215233a40,2982,66.0,36.0,interior,-0.0,-0.0,-0.0,-0.0,-0.0,-0.0
12,12,loading,1.15,510461c38e2d09b36ccf797606ace57de37785dfe15652e6b8dd74e215233a40,2983,67.0,36.0,interior,-0.0,-0.0,-0.0,-0.0,-0.0,-0.0
12,12,loading,1.15,510461c38e2d09b36ccf797606ace57de37785dfe15652e6b8dd74e215233a40,2984,68.0,36.0,interior,-0.0,-0.0,-0.0,-0.0,-0.0,-0.0
12,12,loading,1.15,510461c38e2d09b36ccf797606ace57de37785dfe15652e6b8dd74e215233a40,2985,69.0,36.0,interior,-0.0,-0.0,-0.0,-0.0,-0.0,-0.0
12,12,loading,1.15,510461c38e2d09b36ccf797606ace57de37785dfe15652e6b8dd74e215233a40,2986,70.0,36.0,interior,-0.0,-0.0,-0.0,-0.0,-0.0,-0.0
12,12,loading,1.15,510461c38e2d09b36ccf797606ace57de37785dfe15652e6b8dd74e215233a40,2987,71.0,36.0,interior,-0.0,-0.0,-0.0,-0.0,-0.0,-0.0
12,12,loading,1.15,510461c38e2d09b36ccf797606ace57de37785dfe15652e6b8dd74e215233a40,2988,72.0,36.0,interior,-0.0,-0.0,-0.0,-0.0,-0.0,-0.0
12,12,loading,1.15,510461c38e2d09b36ccf797606ace57de37785dfe15652e6b8dd74e215233a40,2989,73.0,36.0,interior,-0.0,-0.0,-0.0,-0.0,-0.0,-0.0
12,12,loading,1.15,510461c38e2d09b36ccf797606ace57de37785dfe15652e6b8dd74e215233a40,2990,74.0,36.0,interior,-0.0,-0.0,-0.0,-0.0,-0.0,-0.0
12,12,loading,1.15,510461c38e2d09b36ccf797606ace57de37785dfe15652e6b8dd74e215233a40,2991,75.0,36.0,interior,-0.0,-0.0,-0.0,-0.0,-0.0,-0.0
12,12,loading,1.15,510461c38e2d09b36ccf797606ace57de37785dfe15652e6b8dd74e215233a40,2992,76.0,36.0,interior,-0.0,-0.0,-0.0,-0.0,-0.0,-0.0
12,12,loading,1.15,510461c38e2d09b36ccf797606ace57de37785dfe15652e6b8dd74e215233a40,2993,77.0,36.0,interior,-0.0,-0.0,-0.0,-0.0,-0.0,-0.0
12,12,loading,1.15,510461c38e2d09b36ccf797606ace57de37785dfe15652e6b8dd74e215233a40,2994,78.0,36.0,interior,-0.0,-0.0,-0.0,-0.0,-0.0,-0.0
12,12,loading,1.15,510461c38e2d09b36ccf797606ace57de37785dfe15652e6b8dd74e215233a40,2995,79.0,36.0,interior,-0.0,-0.0,-0.0,-0.0,-0.0,-0.0
12,12,loading,1.15,510461c38e2d09b36ccf797606ace57de37785dfe15652e6b8dd74e215233a40,2996,80.0,36.0,physical_only,-0.0,-0.0,-0.0,-0.0,-0.0,-0.0
12,12,loading,1.15,510461c38e2d09b36ccf797606ace57de37785dfe15652e6b8dd74e215233a40,3059,62.0,37.0,physical_only,-3.1647197482129267e-06,2.3063929032101042e-07,-1.935123466208219e-06,1.9502173006458392e-08,-1.2295962820047077e-06,2.1113711731455203e-07
12,12,loading,1.15,510461c38e2d09b36ccf797606ace57de37785dfe15652e6b8dd74e215233a40,3060,63.0,37.0,interior,-0.0,-0.0,-0.0,-0.0,-0.0,-0.0
12,12,loading,1.15,510461c38e2d09b36ccf797606ace57de37785dfe15652e6b8dd74e215233a40,3061,64.0,37.0,interior,-0.0,-0.0,-0.0,-0.0,-0.0,-0.0
12,12,loading,1.15,510461c38e2d09b36ccf797606ace57de37785dfe15652e6b8dd74e215233a40,3062,65.0,37.0,interior,-0.0,-0.0,-0.0,-0.0,-0.0,-0.0
12,12,loading,1.15,510461c38e2d09b36ccf797606ace57de37785dfe15652e6b8dd74e215233a40,3063,66.0,37.0,interior,-0.0,-0.0,-0.0,-0.0,-0.0,-0.0
12,12,loading,1.15,510461c38e2d09b36ccf797606ace57de37785dfe15652e6b8dd74e215233a40,3064,67.0,37.0,interior,-0.0,-0.0,-0.0,-0.0,-0.0,-0.0
12,12,loading,1.15,510461c38e2d09b36ccf797606ace57de37785dfe15652e6b8dd74e215233a40,3065,68.0,37.0,interior,-0.0,-0.0,-0.0,-0.0,-0.0,-0.0
12,12,loading,1.15,510461c38e2d09b36ccf797606ace57de37785dfe15652e6b8dd74e215233a40,3066,69.0,37.0,interior,-0.0,-0.0,-0.0,-0.0,-0.0,-0.0
12,12,loading,1.15,510461c38e2d09b36ccf797606ace57de37785dfe15652e6b8dd74e215233a40,3067,70.0,37.0,interior,-0.0,-0.0,-0.0,-0.0,-0.0,-0.0
12,12,loading,1.15,510461c38e2d09b36ccf797606ace57de37785dfe15652e6b8dd74e215233a40,3068,71.0,37.0,interior,-0.0,-0.0,-0.0,-0.0,-0.0,-0.0
12,12,loading,1.15,510461c38e2d09b36ccf797606ace57de37785dfe15652e6b8dd74e215233a40,3069,72.0,37.0,interior,-0.0,-0.0,-0.0,-0.0,-0.0,-0.0
12,12,loading,1.15,510461c38e2d09b36ccf797606ace57de37785dfe15652e6b8dd74e215233a40,3070,73.0,37.0,interior,-0.0,-0.0,-0.0,-0.0,-0.0,-0.0
12,12,loading,1.15,510461c38e2d09b36ccf797606ace57de37785dfe15652e6b8dd74e215233a40,3071,74.0,37.0,interior,-0.0,-0.0,-0.0,-0.0,-0.0,-0.0
12,12,loading,1.15,510461c38e2d09b36ccf797606ace57de37785dfe15652e6b8dd74e215233a40,3072,75.0,37.0,interior,-0.0,-0.0,-0.0,-0.0,-0.0,-0.0
12,12,loading,1.15,510461c38e2d09b36ccf797606ace57de37785dfe15652e6b8dd74e215233a40,3073,76.0,37.0,interior,-0.0,-0.0,-0.0,-0.0,-0.0,-0.0
12,12,loading,1.15,510461c38e2d09b36ccf797606ace57de37785dfe15652e6b8dd74e215233a40,3074,77.0,37.0,interior,-0.0,-0.0,-0.0,-0.0,-0.0,-0.0
12,12,loading,1.15,510461c38e2d09b36ccf797606ace57de37785dfe15652e6b8dd74e215233a40,3075,78.0,37.0,interior,-0.0,-0.0,-0.0,-0.0,-0.0,-0.0
12,12,loading,1.15,510461c38e2d09b36ccf797606ace57de37785dfe15652e6b8dd74e215233a40,3076,79.0,37.0,interior,-0.0,-0.0,-0.0,-0.0,-0.0,-0.0
12,12,loading,1.15,510461c38e2d09b36ccf797606ace57de37785dfe15652e6b8dd74e215233a40,3077,80.0,37.0,physical_only,-0.0,-0.0,-0.0,-0.0,-0.0,-0.0
12,12,loading,1.15,510461c38e2d09b36ccf797606ace57de37785dfe15652e6b8dd74e215233a40,3140,62.0,38.0,physical_only,-3.280220186507219e-06,1.8267646976194144e-07,-1.968256763487898e-06,1.3789610697227634e-08,-1.3119634230193211e-06,1.6888685906471386e-07
12,12,loading,1.15,510461c38e2d09b36ccf797606ace57de37785dfe15652e6b8dd74e215233a40,3141,63.0,38.0,interior,-0.0,-0.0,-0.0,-0.0,-0.0,-0.0
12,12,loading,1.15,510461c38e2d09b36ccf797606ace57de37785dfe15652e6b8dd74e215233a40,3142,64.0,38.0,interior,-0.0,-0.0,-0.0,-0.0,-0.0,-0.0
12,12,loading,1.15,510461c38e2d09b36ccf797606ace57de37785dfe15652e6b8dd74e215233a40,3143,65.0,38.0,interior,-0.0,-0.0,-0.0,-0.0,-0.0,-0.0
12,12,loading,1.15,510461c38e2d09b36ccf797606ace57de37785dfe15652e6b8dd74e215233a40,3144,66.0,38.0,interior,-0.0,-0.0,-0.0,-0.0,-0.0,-0.0
12,12,loading,1.15,510461c38e2d09b36ccf797606ace57de37785dfe15652e6b8dd74e215233a40,3145,67.0,38.0,interior,-0.0,-0.0,-0.0,-0.0,-0.0,-0.0
12,12,loading,1.15,510461c38e2d09b36ccf797606ace57de37785dfe15652e6b8dd74e215233a40,3146,68.0,38.0,interior,-0.0,-0.0,-0.0,-0.0,-0.0,-0.0
12,12,loading,1.15,510461c38e2d09b36ccf797606ace57de37785dfe15652e6b8dd74e215233a40,3147,69.0,38.0,interior,-0.0,-0.0,-0.0,-0.0,-0.0,-0.0
12,12,loading,1.15,510461c38e2d09b36ccf797606ace57de37785dfe15652e6b8dd74e215233a40,3148,70.0,38.0,interior,-0.0,-0.0,-0.0,-0.0,-0.0,-0.0
12,12,loading,1.15,510461c38e2d09b36ccf797606ace57de37785dfe15652e6b8dd74e215233a40,3149,71.0,38.0,interior,-0.0,-0.0,-0.0,-0.0,-0.0,-0.0
12,12,loading,1.15,510461c38e2d09b36ccf797606ace57de37785dfe15652e6b8dd74e215233a40,3150,72.0,38.0,interior,-0.0,-0.0,-0.0,-0.0,-0.0,-0.0
12,12,loading,1.15,510461c38e2d09b36ccf797606ace57de37785dfe15652e6b8dd74e215233a40,3151,73.0,38.0,interior,-0.0,-0.0,-0.0,-0.0,-0.0,-0.0
12,12,loading,1.15,510461c38e2d09b36ccf797606ace57de37785dfe15652e6b8dd74e215233a40,3152,74.0,38.0,interior,-0.0,-0.0,-0.0,-0.0,-0.0,-0.0
12,12,loading,1.15,510461c38e2d09b36ccf797606ace57de37785dfe15652e6b8dd74e215233a40,3153,75.0,38.0,interior,-0.0,-0.0,-0.0,-0.0,-0.0,-0.0
12,12,loading,1.15,510461c38e2d09b36ccf797606ace57de37785dfe15652e6b8dd74e215233a40,3154,76.0,38.0,interior,-0.0,-0.0,-0.0,-0.0,-0.0,-0.0
12,12,loading,1.15,510461c38e2d09b36ccf797606ace57de37785dfe15652e6b8dd74e215233a40,3155,77.0,38.0,interior,-0.0,-0.0,-0.0,-0.0,-0.0,-0.0
12,12,loading,1.15,510461c38e2d09b36ccf797606ace57de37785dfe15652e6b8dd74e215233a40,3156,78.0,38.0,interior,-0.0,-0.0,-0.0,-0.0,-0.0,-0.0
12,12,loading,1.15,510461c38e2d09b36ccf797606ace57de37785dfe15652e6b8dd74e215233a40,3157,79.0,38.0,interior,-0.0,-0.0,-0.0,-0.0,-0.0,-0.0
12,12,loading,1.15,510461c38e2d09b36ccf797606ace57de37785dfe15652e6b8dd74e215233a40,3158,80.0,38.0,physical_only,-0.0,-0.0,-0.0,-0.0,-0.0,-0.0
12,12,loading,1.15,510461c38e2d09b36ccf797606ace57de37785dfe15652e6b8dd74e215233a40,3221,62.0,39.0,physical_only,-3.3483131501467597e-06,9.674407715423662e-08,-1.988582797397328e-06,7.150244804365508e-09,-1.359730352749432e-06,8.959383234987112e-08
12,12,loading,1.15,510461c38e2d09b36ccf797606ace57de37785dfe15652e6b8dd74e215233a40,3222,63.0,39.0,interior,-0.0,-0.0,-0.0,-0.0,-0.0,-0.0
12,12,loading,1.15,510461c38e2d09b36ccf797606ace57de37785dfe15652e6b8dd74e215233a40,3223,64.0,39.0,interior,-0.0,-0.0,-0.0,-0.0,-0.0,-0.0
12,12,loading,1.15,510461c38e2d09b36ccf797606ace57de37785dfe15652e6b8dd74e215233a40,3224,65.0,39.0,interior,-0.0,-0.0,-0.0,-0.0,-0.0,-0.0
12,12,loading,1.15,510461c38e2d09b36ccf797606ace57de37785dfe15652e6b8dd74e215233a40,3225,66.0,39.0,interior,-0.0,-0.0,-0.0,-0.0,-0.0,-0.0
12,12,loading,1.15,510461c38e2d09b36ccf797606ace57de37785dfe15652e6b8dd74e215233a40,3226,67.0,39.0,interior,-0.0,-0.0,-0.0,-0.0,-0.0,-0.0
12,12,loading,1.15,510461c38e2d09b36ccf797606ace57de37785dfe15652e6b8dd74e215233a40,3227,68.0,39.0,interior,-0.0,-0.0,-0.0,-0.0,-0.0,-0.0
12,12,loading,1.15,510461c38e2d09b36ccf797606ace57de37785dfe15652e6b8dd74e215233a40,3228,69.0,39.0,interior,-0.0,-0.0,-0.0,-0.0,-0.0,-0.0
12,12,loading,1.15,510461c38e2d09b36ccf797606ace57de37785dfe15652e6b8dd74e215233a40,3229,70.0,39.0,interior,-0.0,-0.0,-0.0,-0.0,-0.0,-0.0
12,12,loading,1.15,510461c38e2d09b36ccf797606ace57de37785dfe15652e6b8dd74e215233a40,3230,71.0,39.0,interior,-0.0,-0.0,-0.0,-0.0,-0.0,-0.0
12,12,loading,1.15,510461c38e2d09b36ccf797606ace57de37785dfe15652e6b8dd74e215233a40,3231,72.0,39.0,interior,-0.0,-0.0,-0.0,-0.0,-0.0,-0.0
12,12,loading,1.15,510461c38e2d09b36ccf797606ace57de37785dfe15652e6b8dd74e215233a40,3232,73.0,39.0,interior,-0.0,-0.0,-0.0,-0.0,-0.0,-0.0
12,12,loading,1.15,510461c38e2d09b36ccf797606ace57de37785dfe15652e6b8dd74e215233a40,3233,74.0,39.0,interior,-0.0,-0.0,-0.0,-0.0,-0.0,-0.0
12,12,loading,1.15,510461c38e2d09b36ccf797606ace57de37785dfe15652e6b8dd74e215233a40,3234,75.0,39.0,interior,-0.0,-0.0,-0.0,-0.0,-0.0,-0.0
12,12,loading,1.15,510461c38e2d09b36ccf797606ace57de37785dfe15652e6b8dd74e215233a40,3235,76.0,39.0,interior,-0.0,-0.0,-0.0,-0.0,-0.0,-0.0
12,12,loading,1.15,510461c38e2d09b36ccf797606ace57de37785dfe15652e6b8dd74e215233a40,3236,77.0,39.0,interior,-0.0,-0.0,-0.0,-0.0,-0.0,-0.0
12,12,loading,1.15,510461c38e2d09b36ccf797606ace57de37785dfe15652e6b8dd74e215233a40,3237,78.0,39.0,interior,-0.0,-0.0,-0.0,-0.0,-0.0,-0.0
12,12,loading,1.15,510461c38e2d09b36ccf797606ace57de37785dfe15652e6b8dd74e215233a40,3238,79.0,39.0,interior,-0.0,-0.0,-0.0,-0.0,-0.0,-0.0
12,12,loading,1.15,510461c38e2d09b36ccf797606ace57de37785dfe15652e6b8dd74e215233a40,3239,80.0,39.0,physical_only,-0.0,-0.0,-0.0,-0.0,-0.0,-0.0
12,12,loading,1.15,510461c38e2d09b36ccf797606ace57de37785dfe15652e6b8dd74e215233a40,3302,62.0,40.0,physical_and_cut,-1.6848934085028106e-06,-1.0410867768264513e-06,-9.97717635863108e-07,-4.533684843353023e-07,-6.871757726397025e-07,-5.87718292491149e-07
12,12,loading,1.15,510461c38e2d09b36ccf797606ace57de37785dfe15652e6b8dd74e215233a40,3303,63.0,40.0,cut_only,-0.0,-0.0,-0.0,-0.0,-0.0,-0.0
12,12,loading,1.15,510461c38e2d09b36ccf797606ace57de37785dfe15652e6b8dd74e215233a40,3304,64.0,40.0,cut_only,-0.0,-0.0,-0.0,-0.0,-0.0,-0.0
12,12,loading,1.15,510461c38e2d09b36ccf797606ace57de37785dfe15652e6b8dd74e215233a40,3305,65.0,40.0,cut_only,-0.0,-0.0,-0.0,-0.0,-0.0,-0.0
12,12,loading,1.15,510461c38e2d09b36ccf797606ace57de37785dfe15652e6b8dd74e215233a40,3306,66.0,40.0,cut_only,-0.0,-0.0,-0.0,-0.0,-0.0,-0.0
12,12,loading,1.15,510461c38e2d09b36ccf797606ace57de37785dfe15652e6b8dd74e215233a40,3307,67.0,40.0,cut_only,-0.0,-0.0,-0.0,-0.0,-0.0,-0.0
12,12,loading,1.15,510461c38e2d09b36ccf797606ace57de37785dfe15652e6b8dd74e215233a40,3308,68.0,40.0,cut_only,-0.0,-0.0,-0.0,-0.0,-0.0,-0.0
12,12,loading,1.15,510461c38e2d09b36ccf797606ace57de37785dfe15652e6b8dd74e215233a40,3309,69.0,40.0,cut_only,-0.0,-0.0,-0.0,-0.0,-0.0,-0.0
12,12,loading,1.15,510461c38e2d09b36ccf797606ace57de37785dfe15652e6b8dd74e215233a40,3310,70.0,40.0,cut_only,-0.0,-0.0,-0.0,-0.0,-0.0,-0.0
12,12,loading,1.15,510461c38e2d09b36ccf797606ace57de37785dfe15652e6b8dd74e215233a40,3311,71.0,40.0,cut_only,-0.0,-0.0,-0.0,-0.0,-0.0,-0.0
12,12,loading,1.15,510461c38e2d09b36ccf797606ace57de37785dfe15652e6b8dd74e215233a40,3312,72.0,40.0,cut_only,-0.0,-0.0,-0.0,-0.0,-0.0,-0.0
12,12,loading,1.15,510461c38e2d09b36ccf797606ace57de37785dfe15652e6b8dd74e215233a40,3313,73.0,40.0,cut_only,-0.0,-0.0,-0.0,-0.0,-0.0,-0.0
12,12,loading,1.15,510461c38e2d09b36ccf797606ace57de37785dfe15652e6b8dd74e215233a40,3314,74.0,40.0,cut_only,-0.0,-0.0,-0.0,-0.0,-0.0,-0.0
12,12,loading,1.15,510461c38e2d09b36ccf797606ace57de37785dfe15652e6b8dd74e215233a40,3315,75.0,40.0,cut_only,-0.0,-0.0,-0.0,-0.0,-0.0,-0.0
12,12,loading,1.15,510461c38e2d09b36ccf797606ace57de37785dfe15652e6b8dd74e215233a40,3316,76.0,40.0,cut_only,-0.0,-0.0,-0.0,-0.0,-0.0,-0.0
12,12,loading,1.15,510461c38e2d09b36ccf797606ace57de37785dfe15652e6b8dd74e215233a40,3317,77.0,40.0,cut_only,-0.0,-0.0,-0.0,-0.0,-0.0,-0.0
12,12,loading,1.15,510461c38e2d09b36ccf797606ace57de37785dfe15652e6b8dd74e215233a40,3318,78.0,40.0,cut_only,-0.0,-0.0,-0.0,-0.0,-0.0,-0.0
12,12,loading,1.15,510461c38e2d09b36ccf797606ace57de37785dfe15652e6b8dd74e215233a40,3319,79.0,40.0,cut_only,-0.0,-0.0,-0.0,-0.0,-0.0,-0.0
12,12,loading,1.15,510461c38e2d09b36ccf797606ace57de37785dfe15652e6b8dd74e215233a40,3320,80.0,40.0,physical_and_cut,-0.0,-0.0,-0.0,-0.0,-0.0,-0.0
13,13,loading,1.2,33c743fb08ed7361b532d4aea920ef88578229a747b2d6a1e54b05f15a0b6f10,2573,62.0,31.0,physical_only,-0.0004156690166313305,-9.15999166428644e-05,-2.681895553537788e-06,3.0927248770117856e-06,-0.0004129871210777928,-9.469264151987614e-05
13,13,loading,1.2,33c743fb08ed7361b532d4aea920ef88578229a747b2d6a1e54b05f15a0b6f10,2574,63.0,31.0,physical_only,-1.7496892919038258e-06,-7.222110632165615e-05,-1.4919368823781348e-06,3.6747892167461837e-06,-2.5775240952569124e-07,-7.589589553840236e-05
13,13,loading,1.2,33c743fb08ed7361b532d4aea920ef88578229a747b2d6a1e54b05f15a0b6f10,2575,64.0,31.0,physical_only,-3.931051768050894e-09,-9.395076890573008e-05,-1.5268405641509054e-06,4.801130543599989e-06,1.5229095123828545e-06,-9.875189944933007e-05
13,13,loading,1.2,33c743fb08ed7361b532d4aea920ef88578229a747b2d6a1e54b05f15a0b6f10,2576,65.0,31.0,physical_only,5.654280153480283e-07,-0.00012616697470270606,-1.570538926059635e-06,6.102199064951745e-06,2.1359669414076628e-06,-0.00013226917376765772
13,13,loading,1.2,33c743fb08ed7361b532d4aea920ef88578229a747b2d6a1e54b05f15a0b6f10,2577,66.0,31.0,physical_only,-6.015085319236884e-07,-0.00016787998030234875,-1.62535673259503e-06,7.635624202228453e-06,1.023848200671342e-06,-0.00017551560450457715
13,13,loading,1.2,33c743fb08ed7361b532d4aea920ef88578229a747b2d6a1e54b05f15a0b6f10,2578,67.0,31.0,physical_only,-4.333281073504525e-06,-0.00021706542413344333,-1.6910639908510585e-06,9.47507106386658e-06,-2.6422170826534667e-06,-0.00022654049519730993
13,13,loading,1.2,33c743fb08ed7361b532d4aea920ef88578229a747b2d6a1e54b05f15a0b6f10,2579,68.0,31.0,physical_only,-6.154267114958899e-06,-0.00027638031022187933,-1.768645405313612e-06,1.1715996938335303e-05,-4.3856217096452865e-06,-0.00028809630716021464
13,13,loading,1.2,33c743fb08ed7361b532d4aea920ef88578229a747b2d6a1e54b05f15a0b6f10,2580,69.0,31.0,physical_only,-8.66673000376449e-06,-0.0003509941839247336,-1.861097618313642e-06,1.4491497351568662e-05,-6.8056323854508474e-06,-0.0003654856812763021
13,13,loading,1.2,33c743fb08ed7361b532d4aea920ef88578229a747b2d6a1e54b05f15a0b6f10,2581,70.0,31.0,physical_only,-1.1906504345745923e-05,-0.0004424974456899227,-1.9742917552516735e-06,1.7998833627498258e-05,-9.93221259049425e-06,-0.0004604962793174211
13,13,loading,1.2,33c743fb08ed7361b532d4aea920ef88578229a747b2d6a1e54b05f15a0b6f10,2582,71.0,31.0,physical_only,-1.582182450411571e-05,-0.0005539278093345018,-2.1168609412692198e-06,2.254142586366924e-05,-1.3704963562846492e-05,-0.0005764692351981709
13,13,loading,1.2,33c743fb08ed7361b532d4aea920ef88578229a747b2d6a1e54b05f15a0b6f10,2583,72.0,31.0,physical_only,-2.009771475093521e-05,-0.0006885920972761607,-2.302683069943665e-06,2.8608681438511583e-05,-1.7795031680991545e-05,-0.0007172007787146725
13,13,loading,1.2,33c743fb08ed7361b532d4aea920ef88578229a747b2d6a1e54b05f15a0b6f10,2584,73.0,31.0,physical_only,-2.327851267714656e-05,-0.0008532472163937732,-2.5559800026686303e-06,3.704160935339203e-05,-2.0722532674477927e-05,-0.0008902888257471655
13,13,loading,1.2,33c743fb08ed7361b532d4aea920ef88578229a747b2d6a1e54b05f15a0b6f10,2585,74.0,31.0,physical_only,-3.1419867304241655e-05,-0.0010541815003188171,-2.9213855070158697e-06,4.940896654662686e-05,-2.8498481797225783e-05,-0.0011035904668654445
13,13,loading,1.2,33c743fb08ed7361b532d4aea920ef88578229a747b2d6a1e54b05f15a0b6f10,2586,75.0,31.0,physical_only,-5.098449139636537e-05,-0.0012908082097708787,-3.48902748822041e-06,6.897094669858881e-05,-4.749546390814496e-05,-0.0013597791564694678
13,13,loading,1.2,33c743fb08ed7361b532d4aea920ef88578229a747b2d6a1e54b05f15a0b6f10,2587,76.0,31.0,physical_only,-0.00011255721844688994,-0.0015447608707289595,-4.468738004761188e-06,0.00010363755327381424,-0.00010808848044212876,-0.0016483984240027744
13,13,loading,1.2,33c743fb08ed7361b532d4aea920ef88578229a747b2d6a1e54b05f15a0b6f10,2588,77.0,31.0,physical_only,-0.00029050561423189043,-0.0016209030407506979,-6.438960029114672e-06,0.00017764385434900382,-0.0002840666542027758,-0.001798546895099699
13,13,loading,1.2,33c743fb08ed7361b532d4aea920ef88578229a747b2d6a1e54b05f15a0b6f10,2589,78.0,31.0,physical_only,-0.000559515453051862,-0.001600999141561572,-1.2588904664628242e-05,0.00042151694218073456,-0.0005469265483872337,-0.0020225160837423067
13,13,loading,1.2,33c743fb08ed7361b532d4aea920ef88578229a747b2d6a1e54b05f15a0b6f10,2590,79.0,31.0,physical_only,-0.0009271421985801373,0.007700125506502673,-2.7851112965222895e-05,0.0018235906642722942,-0.0008992910856149144,0.0058765348422303776
13,13,loading,1.2,33c743fb08ed7361b532d4aea920ef88578229a747b2d6a1e54b05f15a0b6f10,2591,80.0,31.0,physical_only,-0.00023776610149365602,0.1219692029647997,-0.002222201215396125,0.11562042428233496,0.001984435113902469,0.0063487786824647395
13,13,loading,1.2,33c743fb08ed7361b532d4aea920ef88578229a747b2d6a1e54b05f15a0b6f10,2654,62.0,32.0,physical_only,-5.72500066530726e-06,-1.289033624510685e-06,-1.5751114153571891e-06,5.4382325498118164e-08,-4.149889249950072e-06,-1.3434159500088028e-06
13,13,loading,1.2,33c743fb08ed7361b532d4aea920ef88578229a747b2d6a1e54b05f15a0b6f10,2655,63.0,32.0,interior,-0.0,-0.0,-0.0,-0.0,-0.0,-0.0
13,13,loading,1.2,33c743fb08ed7361b532d4aea920ef88578229a747b2d6a1e54b05f15a0b6f10,2656,64.0,32.0,interior,-0.0,-0.0,-0.0,-0.0,-0.0,-0.0
13,13,loading,1.2,33c743fb08ed7361b532d4aea920ef88578229a747b2d6a1e54b05f15a0b6f10,2657,65.0,32.0,interior,-0.0,-0.0,-0.0,-0.0,-0.0,-0.0
13,13,loading,1.2,33c743fb08ed7361b532d4aea920ef88578229a747b2d6a1e54b05f15a0b6f10,2658,66.0,32.0,interior,-0.0,-0.0,-0.0,-0.0,-0.0,-0.0
13,13,loading,1.2,33c743fb08ed7361b532d4aea920ef88578229a747b2d6a1e54b05f15a0b6f10,2659,67.0,32.0,interior,-0.0,-0.0,-0.0,-0.0,-0.0,-0.0
13,13,loading,1.2,33c743fb08ed7361b532d4aea920ef88578229a747b2d6a1e54b05f15a0b6f10,2660,68.0,32.0,interior,-0.0,-0.0,-0.0,-0.0,-0.0,-0.0
13,13,loading,1.2,33c743fb08ed7361b532d4aea920ef88578229a747b2d6a1e54b05f15a0b6f10,2661,69.0,32.0,interior,-0.0,-0.0,-0.0,-0.0,-0.0,-0.0
13,13,loading,1.2,33c743fb08ed7361b532d4aea920ef88578229a747b2d6a1e54b05f15a0b6f10,2662,70.0,32.0,interior,-0.0,-0.0,-0.0,-0.0,-0.0,-0.0
13,13,loading,1.2,33c743fb08ed7361b532d4aea920ef88578229a747b2d6a1e54b05f15a0b6f10,2663,71.0,32.0,interior,-0.0,-0.0,-0.0,-0.0,-0.0,-0.0
13,13,loading,1.2,33c743fb08ed7361b532d4aea920ef88578229a747b2d6a1e54b05f15a0b6f10,2664,72.0,32.0,interior,-0.0,-0.0,-0.0,-0.0,-0.0,-0.0
13,13,loading,1.2,33c743fb08ed7361b532d4aea920ef88578229a747b2d6a1e54b05f15a0b6f10,2665,73.0,32.0,interior,-0.0,-0.0,-0.0,-0.0,-0.0,-0.0
13,13,loading,1.2,33c743fb08ed7361b532d4aea920ef88578229a747b2d6a1e54b05f15a0b6f10,2666,74.0,32.0,interior,-0.0,-0.0,-0.0,-0.0,-0.0,-0.0
13,13,loading,1.2,33c743fb08ed7361b532d4aea920ef88578229a747b2d6a1e54b05f15a0b6f10,2667,75.0,32.0,interior,-0.0,-0.0,-0.0,-0.0,-0.0,-0.0
13,13,loading,1.2,33c743fb08ed7361b532d4aea920ef88578229a747b2d6a1e54b05f15a0b6f10,2668,76.0,32.0,interior,-0.0,-0.0,-0.0,-0.0,-0.0,-0.0
13,13,loading,1.2,33c743fb08ed7361b532d4aea920ef88578229a747b2d6a1e54b05f15a0b6f10,2669,77.0,32.0,interior,-0.0,-0.0,-0.0,-0.0,-0.0,-0.0
13,13,loading,1.2,33c743fb08ed7361b532d4aea920ef88578229a747b2d6a1e54b05f15a0b6f10,2670,78.0,32.0,interior,-0.0,-0.0,-0.0,-0.0,-0.0,-0.0
13,13,loading,1.2,33c743fb08ed7361b532d4aea920ef88578229a747b2d6a1e54b05f15a0b6f10,2671,79.0,32.0,interior,-0.0,-0.0,-0.0,-0.0,-0.0,-0.0
13,13,loading,1.2,33c743fb08ed7361b532d4aea920ef88578229a747b2d6a1e54b05f15a0b6f10,2672,80.0,32.0,physical_only,-0.0,-0.0,-0.0,-0.0,-0.0,-0.0
13,13,loading,1.2,33c743fb08ed7361b532d4aea920ef88578229a747b2d6a1e54b05f15a0b6f10,2735,62.0,33.0,physical_only,-4.018460742830718e-06,-9.121625612656374e-07,-1.6803220501549913e-06,4.0256904111894015e-08,-2.3381386926757255e-06,-9.524194653775317e-07
13,13,loading,1.2,33c743fb08ed7361b532d4aea920ef88578229a747b2d6a1e54b05f15a0b6f10,2736,63.0,33.0,interior,-0.0,-0.0,-0.0,-0.0,-0.0,-0.0
13,13,loading,1.2,33c743fb08ed7361b532d4aea920ef88578229a747b2d6a1e54b05f15a0b6f10,2737,64.0,33.0,interior,-0.0,-0.0,-0.0,-0.0,-0.0,-0.0
13,13,loading,1.2,33c743fb08ed7361b532d4aea920ef88578229a747b2d6a1e54b05f15a0b6f10,2738,65.0,33.0,interior,-0.0,-0.0,-0.0,-0.0,-0.0,-0.0
13,13,loading,1.2,33c743fb08ed7361b532d4aea920ef88578229a747b2d6a1e54b05f15a0b6f10,2739,66.0,33.0,interior,-0.0,-0.0,-0.0,-0.0,-0.0,-0.0
13,13,loading,1.2,33c743fb08ed7361b532d4aea920ef88578229a747b2d6a1e54b05f15a0b6f10,2740,67.0,33.0,interior,-0.0,-0.0,-0.0,-0.0,-0.0,-0.0
13,13,loading,1.2,33c743fb08ed7361b532d4aea920ef88578229a747b2d6a1e54b05f15a0b6f10,2741,68.0,33.0,interior,-0.0,-0.0,-0.0,-0.0,-0.0,-0.0
13,13,loading,1.2,33c743fb08ed7361b532d4aea920ef88578229a747b2d6a1e54b05f15a0b6f10,2742,69.0,33.0,interior,-0.0,-0.0,-0.0,-0.0,-0.0,-0.0
13,13,loading,1.2,33c743fb08ed7361b532d4aea920ef88578229a747b2d6a1e54b05f15a0b6f10,2743,70.0,33.0,interior,-0.0,-0.0,-0.0,-0.0,-0.0,-0.0
13,13,loading,1.2,33c743fb08ed7361b532d4aea920ef88578229a747b2d6a1e54b05f15a0b6f10,2744,71.0,33.0,interior,-0.0,-0.0,-0.0,-0.0,-0.0,-0.0
13,13,loading,1.2,33c743fb08ed7361b532d4aea920ef88578229a747b2d6a1e54b05f15a0b6f10,2745,72.0,33.0,interior,-0.0,-0.0,-0.0,-0.0,-0.0,-0.0
13,13,loading,1.2,33c743fb08ed7361b532d4aea920ef88578229a747b2d6a1e54b05f15a0b6f10,2746,73.0,33.0,interior,-0.0,-0.0,-0.0,-0.0,-0.0,-0.0
13,13,loading,1.2,33c743fb08ed7361b532d4aea920ef88578229a747b2d6a1e54b05f15a0b6f10,2747,74.0,33.0,interior,-0.0,-0.0,-0.0,-0.0,-0.0,-0.0
13,13,loading,1.2,33c743fb08ed7361b532d4aea920ef88578229a747b2d6a1e54b05f15a0b6f10,2748,75.0,33.0,interior,-0.0,-0.0,-0.0,-0.0,-0.0,-0.0
13,13,loading,1.2,33c743fb08ed7361b532d4aea920ef88578229a747b2d6a1e54b05f15a0b6f10,2749,76.0,33.0,interior,-0.0,-0.0,-0.0,-0.0,-0.0,-0.0
13,13,loading,1.2,33c743fb08ed7361b532d4aea920ef88578229a747b2d6a1e54b05f15a0b6f10,2750,77.0,33.0,interior,-0.0,-0.0,-0.0,-0.0,-0.0,-0.0
13,13,loading,1.2,33c743fb08ed7361b532d4aea920ef88578229a747b2d6a1e54b05f15a0b6f10,2751,78.0,33.0,interior,-0.0,-0.0,-0.0,-0.0,-0.0,-0.0
13,13,loading,1.2,33c743fb08ed7361b532d4aea920ef88578229a747b2d6a1e54b05f15a0b6f10,2752,79.0,33.0,interior,-0.0,-0.0,-0.0,-0.0,-0.0,-0.0
13,13,loading,1.2,33c743fb08ed7361b532d4aea920ef88578229a747b2d6a1e54b05f15a0b6f10,2753,80.0,33.0,physical_only,-0.0,-0.0,-0.0,-0.0,-0.0,-0.0
13,13,loading,1.2,33c743fb08ed7361b532d4aea920ef88578229a747b2d6a1e54b05f15a0b6f10,2816,62.0,34.0,physical_only,-3.2072286760236845e-06,-3.785362395673557e-07,-1.7638458118127686e-06,3.241018175196322e-08,-1.4433828642109164e-06,-4.109464213193189e-07
13,13,loading,1.2,33c743fb08ed7361b532d4aea920ef88578229a747b2d6a1e54b05f15a0b6f10,2817,63.0,34.0,interior,-0.0,-0.0,-0.0,-0.0,-0.0,-0.0
13,13,loading,1.2,33c743fb08ed7361b532d4aea920ef88578229a747b2d6a1e54b05f15a0b6f10,2818,64.0,34.0,interior,-0.0,-0.0,-0.0,-0.0,-0.0,-0.0
13,13,loading,1.2,33c743fb08ed7361b532d4aea920ef88578229a747b2d6a1e54b05f15a0b6f10,2819,65.0,34.0,interior,-0.0,-0.0,-0.0,-0.0,-0.0,-0.0
13,13,loading,1.2,33c743fb08ed7361b532d4aea920ef88578229a747b2d6a1e54b05f15a0b6f10,2820,66.0,34.0,interior,-0.0,-0.0,-0.0,-0.0,-0.0,-0.0
13,13,loading,1.2,33c743fb08ed7361b532d4aea920ef88578229a747b2d6a1e54b05f15a0b6f10,2821,67.0,34.0,interior,-0.0,-0.0,-0.0,-0.0,-0.0,-0.0
13,13,loading,1.2,33c743fb08ed7361b532d4aea920ef88578229a747b2d6a1e54b05f15a0b6f10,2822,68.0,34.0,interior,-0.0,-0.0,-0.0,-0.0,-0.0,-0.0
13,13,loading,1.2,33c743fb08ed7361b532d4aea920ef88578229a747b2d6a1e54b05f15a0b6f10,2823,69.0,34.0,interior,-0.0,-0.0,-0.0,-0.0,-0.0,-0.0
13,13,loading,1.2,33c743fb08ed7361b532d4aea920ef88578229a747b2d6a1e54b05f15a0b6f10,2824,70.0,34.0,interior,-0.0,-0.0,-0.0,-0.0,-0.0,-0.0
13,13,loading,1.2,33c743fb08ed7361b532d4aea920ef88578229a747b2d6a1e54b05f15a0b6f10,2825,71.0,34.0,interior,-0.0,-0.0,-0.0,-0.0,-0.0,-0.0
13,13,loading,1.2,33c743fb08ed7361b532d4aea920ef88578229a747b2d6a1e54b05f15a0b6f10,2826,72.0,34.0,interior,-0.0,-0.0,-0.0,-0.0,-0.0,-0.0
13,13,loading,1.2,33c743fb08ed7361b532d4aea920ef88578229a747b2d6a1e54b05f15a0b6f10,2827,73.0,34.0,interior,-0.0,-0.0,-0.0,-0.0,-0.0,-0.0
13,13,loading,1.2,33c743fb08ed7361b532d4aea920ef88578229a747b2d6a1e54b05f15a0b6f10,2828,74.0,34.0,interior,-0.0,-0.0,-0.0,-0.0,-0.0,-0.0
13,13,loading,1.2,33c743fb08ed7361b532d4aea920ef88578229a747b2d6a1e54b05f15a0b6f10,2829,75.0,34.0,interior,-0.0,-0.0,-0.0,-0.0,-0.0,-0.0
13,13,loading,1.2,33c743fb08ed7361b532d4aea920ef88578229a747b2d6a1e54b05f15a0b6f10,2830,76.0,34.0,interior,-0.0,-0.0,-0.0,-0.0,-0.0,-0.0
13,13,loading,1.2,33c743fb08ed7361b532d4aea920ef88578229a747b2d6a1e54b05f15a0b6f10,2831,77.0,34.0,interior,-0.0,-0.0,-0.0,-0.0,-0.0,-0.0
13,13,loading,1.2,33c743fb08ed7361b532d4aea920ef88578229a747b2d6a1e54b05f15a0b6f10,2832,78.0,34.0,interior,-0.0,-0.0,-0.0,-0.0,-0.0,-0.0
13,13,loading,1.2,33c743fb08ed7361b532d4aea920ef88578229a747b2d6a1e54b05f15a0b6f10,2833,79.0,34.0,interior,-0.0,-0.0,-0.0,-0.0,-0.0,-0.0
13,13,loading,1.2,33c743fb08ed7361b532d4aea920ef88578229a747b2d6a1e54b05f15a0b6f10,2834,80.0,34.0,physical_only,-0.0,-0.0,-0.0,-0.0,-0.0,-0.0
13,13,loading,1.2,33c743fb08ed7361b532d4aea920ef88578229a747b2d6a1e54b05f15a0b6f10,2897,62.0,35.0,physical_only,-2.9955464026116204e-06,1.4088909172458875e-08,-1.832825839984328e-06,2.781616936294559e-08,-1.162720562627292e-06,-1.3727260190486677e-08
13,13,loading,1.2,33c743fb08ed7361b532d4aea920ef88578229a747b2d6a1e54b05f15a0b6f10,2898,63.0,35.0,interior,-0.0,-0.0,-0.0,-0.0,-0.0,-0.0
13,13,loading,1.2,33c743fb08ed7361b532d4aea920ef88578229a747b2d6a1e54b05f15a0b6f10,2899,64.0,35.0,interior,-0.0,-0.0,-0.0,-0.0,-0.0,-0.0
13,13,loading,1.2,33c743fb08ed7361b532d4aea920ef88578229a747b2d6a1e54b05f15a0b6f10,2900,65.0,35.0,interior,-0.0,-0.0,-0.0,-0.0,-0.0,-0.0
13,13,loading,1.2,33c743fb08ed7361b532d4aea920ef88578229a747b2d6a1e54b05f15a0b6f10,2901,66.0,35.0,interior,-0.0,-0.0,-0.0,-0.0,-0.0,-0.0
13,13,loading,1.2,33c743fb08ed7361b532d4aea920ef88578229a747b2d6a1e54b05f15a0b6f10,2902,67.0,35.0,interior,-0.0,-0.0,-0.0,-0.0,-0.0,-0.0
13,13,loading,1.2,33c743fb08ed7361b532d4aea920ef88578229a747b2d6a1e54b05f15a0b6f10,2903,68.0,35.0,interior,-0.0,-0.0,-0.0,-0.0,-0.0,-0.0
13,13,loading,1.2,33c743fb08ed7361b532d4aea920ef88578229a747b2d6a1e54b05f15a0b6f10,2904,69.0,35.0,interior,-0.0,-0.0,-0.0,-0.0,-0.0,-0.0
13,13,loading,1.2,33c743fb08ed7361b532d4aea920ef88578229a747b2d6a1e54b05f15a0b6f10,2905,70.0,35.0,interior,-0.0,-0.0,-0.0,-0.0,-0.0,-0.0
13,13,loading,1.2,33c743fb08ed7361b532d4aea920ef88578229a747b2d6a1e54b05f15a0b6f10,2906,71.0,35.0,interior,-0.0,-0.0,-0.0,-0.0,-0.0,-0.0
13,13,loading,1.2,33c743fb08ed7361b532d4aea920ef88578229a747b2d6a1e54b05f15a0b6f10,2907,72.0,35.0,interior,-0.0,-0.0,-0.0,-0.0,-0.0,-0.0
13,13,loading,1.2,33c743fb08ed7361b532d4aea920ef88578229a747b2d6a1e54b05f15a0b6f10,2908,73.0,35.0,interior,-0.0,-0.0,-0.0,-0.0,-0.0,-0.0
13,13,loading,1.2,33c743fb08ed7361b532d4aea920ef88578229a747b2d6a1e54b05f15a0b6f10,2909,74.0,35.0,interior,-0.0,-0.0,-0.0,-0.0,-0.0,-0.0
13,13,loading,1.2,33c743fb08ed7361b532d4aea920ef88578229a747b2d6a1e54b05f15a0b6f10,2910,75.0,35.0,interior,-0.0,-0.0,-0.0,-0.0,-0.0,-0.0
13,13,loading,1.2,33c743fb08ed7361b532d4aea920ef88578229a747b2d6a1e54b05f15a0b6f10,2911,76.0,35.0,interior,-0.0,-0.0,-0.0,-0.0,-0.0,-0.0
13,13,loading,1.2,33c743fb08ed7361b532d4aea920ef88578229a747b2d6a1e54b05f15a0b6f10,2912,77.0,35.0,interior,-0.0,-0.0,-0.0,-0.0,-0.0,-0.0
13,13,loading,1.2,33c743fb08ed7361b532d4aea920ef88578229a747b2d6a1e54b05f15a0b6f10,2913,78.0,35.0,interior,-0.0,-0.0,-0.0,-0.0,-0.0,-0.0
13,13,loading,1.2,33c743fb08ed7361b532d4aea920ef88578229a747b2d6a1e54b05f15a0b6f10,2914,79.0,35.0,interior,-0.0,-0.0,-0.0,-0.0,-0.0,-0.0
13,13,loading,1.2,33c743fb08ed7361b532d4aea920ef88578229a747b2d6a1e54b05f15a0b6f10,2915,80.0,35.0,physical_only,-0.0,-0.0,-0.0,-0.0,-0.0,-0.0
13,13,loading,1.2,33c743fb08ed7361b532d4aea920ef88578229a747b2d6a1e54b05f15a0b6f10,2978,62.0,36.0,physical_only,-3.059442376829016e-06,2.0335133109806216e-07,-1.8902005377033311e-06,2.3950838929012682e-08,-1.1692418391256849e-06,1.7940049216904948e-07
13,13,loading,1.2,33c743fb08ed7361b532d4aea920ef88578229a747b2d6a1e54b05f15a0b6f10,2979,63.0,36.0,interior,-0.0,-0.0,-0.0,-0.0,-0.0,-0.0
13,13,loading,1.2,33c743fb08ed7361b532d4aea920ef88578229a747b2d6a1e54b05f15a0b6f10,2980,64.0,36.0,interior,-0.0,-0.0,-0.0,-0.0,-0.0,-0.0
13,13,loading,1.2,33c743fb08ed7361b532d4aea920ef88578229a747b2d6a1e54b05f15a0b6f10,2981,65.0,36.0,interior,-0.0,-0.0,-0.0,-0.0,-0.0,-0.0
13,13,loading,1.2,33c743fb08ed7361b532d4aea920ef88578229a747b2d6a1e54b05f15a0b6f10,2982,66.0,36.0,interior,-0.0,-0.0,-0.0,-0.0,-0.0,-0.0
13,13,loading,1.2,33c743fb08ed7361b532d4aea920ef88578229a747b2d6a1e54b05f15a0b6f10,2983,67.0,36.0,interior,-0.0,-0.0,-0.0,-0.0,-0.0,-0.0
13,13,loading,1.2,33c743fb08ed7361b532d4aea920ef88578229a747b2d6a1e54b05f15a0b6f10,2984,68.0,36.0,interior,-0.0,-0.0,-0.0,-0.0,-0.0,-0.0
13,13,loading,1.2,33c743fb08ed7361b532d4aea920ef88578229a747b2d6a1e54b05f15a0b6f10,2985,69.0,36.0,interior,-0.0,-0.0,-0.0,-0.0,-0.0,-0.0
13,13,loading,1.2,33c743fb08ed7361b532d4aea920ef88578229a747b2d6a1e54b05f15a0b6f10,2986,70.0,36.0,interior,-0.0,-0.0,-0.0,-0.0,-0.0,-0.0
13,13,loading,1.2,33c743fb08ed7361b532d4aea920ef88578229a747b2d6a1e54b05f15a0b6f10,2987,71.0,36.0,interior,-0.0,-0.0,-0.0,-0.0,-0.0,-0.0
13,13,loading,1.2,33c743fb08ed7361b532d4aea920ef88578229a747b2d6a1e54b05f15a0b6f10,2988,72.0,36.0,interior,-0.0,-0.0,-0.0,-0.0,-0.0,-0.0
13,13,loading,1.2,33c743fb08ed7361b532d4aea920ef88578229a747b2d6a1e54b05f15a0b6f10,2989,73.0,36.0,interior,-0.0,-0.0,-0.0,-0.0,-0.0,-0.0
13,13,loading,1.2,33c743fb08ed7361b532d4aea920ef88578229a747b2d6a1e54b05f15a0b6f10,2990,74.0,36.0,interior,-0.0,-0.0,-0.0,-0.0,-0.0,-0.0
13,13,loading,1.2,33c743fb08ed7361b532d4aea920ef88578229a747b2d6a1e54b05f15a0b6f10,2991,75.0,36.0,interior,-0.0,-0.0,-0.0,-0.0,-0.0,-0.0
13,13,loading,1.2,33c743fb08ed7361b532d4aea920ef88578229a747b2d6a1e54b05f15a0b6f10,2992,76.0,36.0,interior,-0.0,-0.0,-0.0,-0.0,-0.0,-0.0
13,13,loading,1.2,33c743fb08ed7361b532d4aea920ef88578229a747b2d6a1e54b05f15a0b6f10,2993,77.0,36.0,interior,-0.0,-0.0,-0.0,-0.0,-0.0,-0.0
13,13,loading,1.2,33c743fb08ed7361b532d4aea920ef88578229a747b2d6a1e54b05f15a0b6f10,2994,78.0,36.0,interior,-0.0,-0.0,-0.0,-0.0,-0.0,-0.0
13,13,loading,1.2,33c743fb08ed7361b532d4aea920ef88578229a747b2d6a1e54b05f15a0b6f10,2995,79.0,36.0,interior,-0.0,-0.0,-0.0,-0.0,-0.0,-0.0
13,13,loading,1.2,33c743fb08ed7361b532d4aea920ef88578229a747b2d6a1e54b05f15a0b6f10,2996,80.0,36.0,physical_only,-0.0,-0.0,-0.0,-0.0,-0.0,-0.0
13,13,loading,1.2,33c743fb08ed7361b532d4aea920ef88578229a747b2d6a1e54b05f15a0b6f10,3059,62.0,37.0,physical_only,-3.1963366609976903e-06,2.4083788470711007e-07,-1.936264808946616e-06,1.9408778753853024e-08,-1.2600718520510748e-06,2.2142910595325713e-07
13,13,loading,1.2,33c743fb08ed7361b532d4aea920ef88578229a747b2d6a1e54b05f15a0b6f10,3060,63.0,37.0,interior,-0.0,-0.0,-0.0,-0.0,-0.0,-0.0
13,13,loading,1.2,33c743fb08ed7361b532d4aea920ef88578229a747b2d6a1e54b05f15a0b6f10,3061,64.0,37.0,interior,-0.0,-0.0,-0.0,-0.0,-0.0,-0.0
13,13,loading,1.2,33c743fb08ed7361b532d4aea920ef88578229a747b2d6a1e54b05f15a0b6f10,3062,65.0,37.0,interior,-0.0,-0.0,-0.0,-0.0,-0.0,-0.0
13,13,loading,1.2,33c743fb08ed7361b532d4aea920ef88578229a747b2d6a1e54b05f15a0b6f10,3063,66.0,37.0,interior,-0.0,-0.0,-0.0,-0.0,-0.0,-0.0
13,13,loading,1.2,33c743fb08ed7361b532d4aea920ef88578229a747b2d6a1e54b05f15a0b6f10,3064,67.0,37.0,interior,-0.0,-0.0,-0.0,-0.0,-0.0,-0.0
13,13,loading,1.2,33c743fb08ed7361b532d4aea920ef88578229a747b2d6a1e54b05f15a0b6f10,3065,68.0,37.0,interior,-0.0,-0.0,-0.0,-0.0,-0.0,-0.0
13,13,loading,1.2,33c743fb08ed7361b532d4aea920ef88578229a747b2d6a1e54b05f15a0b6f10,3066,69.0,37.0,interior,-0.0,-0.0,-0.0,-0.0,-0.0,-0.0
13,13,loading,1.2,33c743fb08ed7361b532d4aea920ef88578229a747b2d6a1e54b05f15a0b6f10,3067,70.0,37.0,interior,-0.0,-0.0,-0.0,-0.0,-0.0,-0.0
13,13,loading,1.2,33c743fb08ed7361b532d4aea920ef88578229a747b2d6a1e54b05f15a0b6f10,3068,71.0,37.0,interior,-0.0,-0.0,-0.0,-0.0,-0.0,-0.0
13,13,loading,1.2,33c743fb08ed7361b532d4aea920ef88578229a747b2d6a1e54b05f15a0b6f10,3069,72.0,37.0,interior,-0.0,-0.0,-0.0,-0.0,-0.0,-0.0
13,13,loading,1.2,33c743fb08ed7361b532d4aea920ef88578229a747b2d6a1e54b05f15a0b6f10,3070,73.0,37.0,interior,-0.0,-0.0,-0.0,-0.0,-0.0,-0.0
13,13,loading,1.2,33c743fb08ed7361b532d4aea920ef88578229a747b2d6a1e54b05f15a0b6f10,3071,74.0,37.0,interior,-0.0,-0.0,-0.0,-0.0,-0.0,-0.0
13,13,loading,1.2,33c743fb08ed7361b532d4aea920ef88578229a747b2d6a1e54b05f15a0b6f10,3072,75.0,37.0,interior,-0.0,-0.0,-0.0,-0.0,-0.0,-0.0
13,13,loading,1.2,33c743fb08ed7361b532d4aea920ef88578229a747b2d6a1e54b05f15a0b6f10,3073,76.0,37.0,interior,-0.0,-0.0,-0.0,-0.0,-0.0,-0.0
13,13,loading,1.2,33c743fb08ed7361b532d4aea920ef88578229a747b2d6a1e54b05f15a0b6f10,3074,77.0,37.0,interior,-0.0,-0.0,-0.0,-0.0,-0.0,-0.0
13,13,loading,1.2,33c743fb08ed7361b532d4aea920ef88578229a747b2d6a1e54b05f15a0b6f10,3075,78.0,37.0,interior,-0.0,-0.0,-0.0,-0.0,-0.0,-0.0
13,13,loading,1.2,33c743fb08ed7361b532d4aea920ef88578229a747b2d6a1e54b05f15a0b6f10,3076,79.0,37.0,interior,-0.0,-0.0,-0.0,-0.0,-0.0,-0.0
13,13,loading,1.2,33c743fb08ed7361b532d4aea920ef88578229a747b2d6a1e54b05f15a0b6f10,3077,80.0,37.0,physical_only,-0.0,-0.0,-0.0,-0.0,-0.0,-0.0
13,13,loading,1.2,33c743fb08ed7361b532d4aea920ef88578229a747b2d6a1e54b05f15a0b6f10,3140,62.0,38.0,physical_only,-3.313958824066579e-06,1.895063307806329e-07,-1.9701950036017555e-06,1.3755886857406074e-08,-1.343763820464823e-06,1.7575044392322678e-07
13,13,loading,1.2,33c743fb08ed7361b532d4aea920ef88578229a747b2d6a1e54b05f15a0b6f10,3141,63.0,38.0,interior,-0.0,-0.0,-0.0,-0.0,-0.0,-0.0
13,13,loading,1.2,33c743fb08ed7361b532d4aea920ef88578229a747b2d6a1e54b05f15a0b6f10,3142,64.0,38.0,interior,-0.0,-0.0,-0.0,-0.0,-0.0,-0.0
13,13,loading,1.2,33c743fb08ed7361b532d4aea920ef88578229a747b2d6a1e54b05f15a0b6f10,3143,65.0,38.0,interior,-0.0,-0.0,-0.0,-0.0,-0.0,-0.0
13,13,loading,1.2,33c743fb08ed7361b532d4aea920ef88578229a747b2d6a1e54b05f15a0b6f10,3144,66.0,38.0,interior,-0.0,-0.0,-0.0,-0.0,-0.0,-0.0
13,13,loading,1.2,33c743fb08ed7361b532d4aea920ef88578229a747b2d6a1e54b05f15a0b6f10,3145,67.0,38.0,interior,-0.0,-0.0,-0.0,-0.0,-0.0,-0.0
13,13,loading,1.2,33c743fb08ed7361b532d4aea920ef88578229a747b2d6a1e54b05f15a0b6f10,3146,68.0,38.0,interior,-0.0,-0.0,-0.0,-0.0,-0.0,-0.0
13,13,loading,1.2,33c743fb08ed7361b532d4aea920ef88578229a747b2d6a1e54b05f15a0b6f10,3147,69.0,38.0,interior,-0.0,-0.0,-0.0,-0.0,-0.0,-0.0
13,13,loading,1.2,33c743fb08ed7361b532d4aea920ef88578229a747b2d6a1e54b05f15a0b6f10,3148,70.0,38.0,interior,-0.0,-0.0,-0.0,-0.0,-0.0,-0.0
13,13,loading,1.2,33c743fb08ed7361b532d4aea920ef88578229a747b2d6a1e54b05f15a0b6f10,3149,71.0,38.0,interior,-0.0,-0.0,-0.0,-0.0,-0.0,-0.0
13,13,loading,1.2,33c743fb08ed7361b532d4aea920ef88578229a747b2d6a1e54b05f15a0b6f10,3150,72.0,38.0,interior,-0.0,-0.0,-0.0,-0.0,-0.0,-0.0
13,13,loading,1.2,33c743fb08ed7361b532d4aea920ef88578229a747b2d6a1e54b05f15a0b6f10,3151,73.0,38.0,interior,-0.0,-0.0,-0.0,-0.0,-0.0,-0.0
13,13,loading,1.2,33c743fb08ed7361b532d4aea920ef88578229a747b2d6a1e54b05f15a0b6f10,3152,74.0,38.0,interior,-0.0,-0.0,-0.0,-0.0,-0.0,-0.0
13,13,loading,1.2,33c743fb08ed7361b532d4aea920ef88578229a747b2d6a1e54b05f15a0b6f10,3153,75.0,38.0,interior,-0.0,-0.0,-0.0,-0.0,-0.0,-0.0
13,13,loading,1.2,33c743fb08ed7361b532d4aea920ef88578229a747b2d6a1e54b05f15a0b6f10,3154,76.0,38.0,interior,-0.0,-0.0,-0.0,-0.0,-0.0,-0.0
13,13,loading,1.2,33c743fb08ed7361b532d4aea920ef88578229a747b2d6a1e54b05f15a0b6f10,3155,77.0,38.0,interior,-0.0,-0.0,-0.0,-0.0,-0.0,-0.0
13,13,loading,1.2,33c743fb08ed7361b532d4aea920ef88578229a747b2d6a1e54b05f15a0b6f10,3156,78.0,38.0,interior,-0.0,-0.0,-0.0,-0.0,-0.0,-0.0
13,13,loading,1.2,33c743fb08ed7361b532d4aea920ef88578229a747b2d6a1e54b05f15a0b6f10,3157,79.0,38.0,interior,-0.0,-0.0,-0.0,-0.0,-0.0,-0.0
13,13,loading,1.2,33c743fb08ed7361b532d4aea920ef88578229a747b2d6a1e54b05f15a0b6f10,3158,80.0,38.0,physical_only,-0.0,-0.0,-0.0,-0.0,-0.0,-0.0
13,13,loading,1.2,33c743fb08ed7361b532d4aea920ef88578229a747b2d6a1e54b05f15a0b6f10,3221,62.0,39.0,physical_only,-3.383017019755831e-06,1.00059234670005e-07,-1.9910119145955144e-06,7.14207853892473e-09,-1.3920051051603168e-06,9.291715613108038e-08
13,13,loading,1.2,33c743fb08ed7361b532d4aea920ef88578229a747b2d6a1e54b05f15a0b6f10,3222,63.0,39.0,interior,-0.0,-0.0,-0.0,-0.0,-0.0,-0.0
13,13,loading,1.2,33c743fb08ed7361b532d4aea920ef88578229a747b2d6a1e54b05f15a0b6f10,3223,64.0,39.0,interior,-0.0,-0.0,-0.0,-0.0,-0.0,-0.0
13,13,loading,1.2,33c743fb08ed7361b532d4aea920ef88578229a747b2d6a1e54b05f15a0b6f10,3224,65.0,39.0,interior,-0.0,-0.0,-0.0,-0.0,-0.0,-0.0
13,13,loading,1.2,33c743fb08ed7361b532d4aea920ef88578229a747b2d6a1e54b05f15a0b6f10,3225,66.0,39.0,interior,-0.0,-0.0,-0.0,-0.0,-0.0,-0.0
13,13,loading,1.2,33c743fb08ed7361b532d4aea920ef88578229a747b2d6a1e54b05f15a0b6f10,3226,67.0,39.0,interior,-0.0,-0.0,-0.0,-0.0,-0.0,-0.0
13,13,loading,1.2,33c743fb08ed7361b532d4aea920ef88578229a747b2d6a1e54b05f15a0b6f10,3227,68.0,39.0,interior,-0.0,-0.0,-0.0,-0.0,-0.0,-0.0
13,13,loading,1.2,33c743fb08ed7361b532d4aea920ef88578229a747b2d6a1e54b05f15a0b6f10,3228,69.0,39.0,interior,-0.0,-0.0,-0.0,-0.0,-0.0,-0.0
13,13,loading,1.2,33c743fb08ed7361b532d4aea920ef88578229a747b2d6a1e54b05f15a0b6f10,3229,70.0,39.0,interior,-0.0,-0.0,-0.0,-0.0,-0.0,-0.0
13,13,loading,1.2,33c743fb08ed7361b532d4aea920ef88578229a747b2d6a1e54b05f15a0b6f10,3230,71.0,39.0,interior,-0.0,-0.0,-0.0,-0.0,-0.0,-0.0
13,13,loading,1.2,33c743fb08ed7361b532d4aea920ef88578229a747b2d6a1e54b05f15a0b6f10,3231,72.0,39.0,interior,-0.0,-0.0,-0.0,-0.0,-0.0,-0.0
13,13,loading,1.2,33c743fb08ed7361b532d4aea920ef88578229a747b2d6a1e54b05f15a0b6f10,3232,73.0,39.0,interior,-0.0,-0.0,-0.0,-0.0,-0.0,-0.0
13,13,loading,1.2,33c743fb08ed7361b532d4aea920ef88578229a747b2d6a1e54b05f15a0b6f10,3233,74.0,39.0,interior,-0.0,-0.0,-0.0,-0.0,-0.0,-0.0
13,13,loading,1.2,33c743fb08ed7361b532d4aea920ef88578229a747b2d6a1e54b05f15a0b6f10,3234,75.0,39.0,interior,-0.0,-0.0,-0.0,-0.0,-0.0,-0.0
13,13,loading,1.2,33c743fb08ed7361b532d4aea920ef88578229a747b2d6a1e54b05f15a0b6f10,3235,76.0,39.0,interior,-0.0,-0.0,-0.0,-0.0,-0.0,-0.0
13,13,loading,1.2,33c743fb08ed7361b532d4aea920ef88578229a747b2d6a1e54b05f15a0b6f10,3236,77.0,39.0,interior,-0.0,-0.0,-0.0,-0.0,-0.0,-0.0
13,13,loading,1.2,33c743fb08ed7361b532d4aea920ef88578229a747b2d6a1e54b05f15a0b6f10,3237,78.0,39.0,interior,-0.0,-0.0,-0.0,-0.0,-0.0,-0.0
13,13,loading,1.2,33c743fb08ed7361b532d4aea920ef88578229a747b2d6a1e54b05f15a0b6f10,3238,79.0,39.0,interior,-0.0,-0.0,-0.0,-0.0,-0.0,-0.0
13,13,loading,1.2,33c743fb08ed7361b532d4aea920ef88578229a747b2d6a1e54b05f15a0b6f10,3239,80.0,39.0,physical_only,-0.0,-0.0,-0.0,-0.0,-0.0,-0.0
13,13,loading,1.2,33c743fb08ed7361b532d4aea920ef88578229a747b2d6a1e54b05f15a0b6f10,3302,62.0,40.0,physical_and_cut,-1.7023650506383146e-06,-1.0090350020432331e-06,-9.990150632370807e-07,-4.540427174164213e-07,-7.033499874012338e-07,-5.549922846268117e-07
13,13,loading,1.2,33c743fb08ed7361b532d4aea920ef88578229a747b2d6a1e54b05f15a0b6f10,3303,63.0,40.0,cut_only,-0.0,-0.0,-0.0,-0.0,-0.0,-0.0
13,13,loading,1.2,33c743fb08ed7361b532d4aea920ef88578229a747b2d6a1e54b05f15a0b6f10,3304,64.0,40.0,cut_only,-0.0,-0.0,-0.0,-0.0,-0.0,-0.0
13,13,loading,1.2,33c743fb08ed7361b532d4aea920ef88578229a747b2d6a1e54b05f15a0b6f10,3305,65.0,40.0,cut_only,-0.0,-0.0,-0.0,-0.0,-0.0,-0.0
13,13,loading,1.2,33c743fb08ed7361b532d4aea920ef88578229a747b2d6a1e54b05f15a0b6f10,3306,66.0,40.0,cut_only,-0.0,-0.0,-0.0,-0.0,-0.0,-0.0
13,13,loading,1.2,33c743fb08ed7361b532d4aea920ef88578229a747b2d6a1e54b05f15a0b6f10,3307,67.0,40.0,cut_only,-0.0,-0.0,-0.0,-0.0,-0.0,-0.0
13,13,loading,1.2,33c743fb08ed7361b532d4aea920ef88578229a747b2d6a1e54b05f15a0b6f10,3308,68.0,40.0,cut_only,-0.0,-0.0,-0.0,-0.0,-0.0,-0.0
13,13,loading,1.2,33c743fb08ed7361b532d4aea920ef88578229a747b2d6a1e54b05f15a0b6f10,3309,69.0,40.0,cut_only,-0.0,-0.0,-0.0,-0.0,-0.0,-0.0
13,13,loading,1.2,33c743fb08ed7361b532d4aea920ef88578229a747b2d6a1e54b05f15a0b6f10,3310,70.0,40.0,cut_only,-0.0,-0.0,-0.0,-0.0,-0.0,-0.0
13,13,loading,1.2,33c743fb08ed7361b532d4aea920ef88578229a747b2d6a1e54b05f15a0b6f10,3311,71.0,40.0,cut_only,-0.0,-0.0,-0.0,-0.0,-0.0,-0.0
13,13,loading,1.2,33c743fb08ed7361b532d4aea920ef88578229a747b2d6a1e54b05f15a0b6f10,3312,72.0,40.0,cut_only,-0.0,-0.0,-0.0,-0.0,-0.0,-0.0
13,13,loading,1.2,33c743fb08ed7361b532d4aea920ef88578229a747b2d6a1e54b05f15a0b6f10,3313,73.0,40.0,cut_only,-0.0,-0.0,-0.0,-0.0,-0.0,-0.0
13,13,loading,1.2,33c743fb08ed7361b532d4aea920ef88578229a747b2d6a1e54b05f15a0b6f10,3314,74.0,40.0,cut_only,-0.0,-0.0,-0.0,-0.0,-0.0,-0.0
13,13,loading,1.2,33c743fb08ed7361b532d4aea920ef88578229a747b2d6a1e54b05f15a0b6f10,3315,75.0,40.0,cut_only,-0.0,-0.0,-0.0,-0.0,-0.0,-0.0
13,13,loading,1.2,33c743fb08ed7361b532d4aea920ef88578229a747b2d6a1e54b05f15a0b6f10,3316,76.0,40.0,cut_only,-0.0,-0.0,-0.0,-0.0,-0.0,-0.0
13,13,loading,1.2,33c743fb08ed7361b532d4aea920ef88578229a747b2d6a1e54b05f15a0b6f10,3317,77.0,40.0,cut_only,-0.0,-0.0,-0.0,-0.0,-0.0,-0.0
13,13,loading,1.2,33c743fb08ed7361b532d4aea920ef88578229a747b2d6a1e54b05f15a0b6f10,3318,78.0,40.0,cut_only,-0.0,-0.0,-0.0,-0.0,-0.0,-0.0
13,13,loading,1.2,33c743fb08ed7361b532d4aea920ef88578229a747b2d6a1e54b05f15a0b6f10,3319,79.0,40.0,cut_only,-0.0,-0.0,-0.0,-0.0,-0.0,-0.0
13,13,loading,1.2,33c743fb08ed7361b532d4aea920ef88578229a747b2d6a1e54b05f15a0b6f10,3320,80.0,40.0,physical_and_cut,-0.0,-0.0,-0.0,-0.0,-0.0,-0.0
14,14,unloading,1.15,a0339e73038e29fd80b01b98875e325d3b9906be5c5bae21aafcbf87a749d4a3,2573,62.0,31.0,physical_only,-0.00042023084839843647,-8.872582695352988e-05,-2.7081042787825365e-06,3.1139574984627074e-06,-0.0004175227441196539,-9.183978445199255e-05
14,14,unloading,1.15,a0339e73038e29fd80b01b98875e325d3b9906be5c5bae21aafcbf87a749d4a3,2574,63.0,31.0,physical_only,-1.3814796511225208e-06,-7.066492239846003e-05,-1.5090043990431572e-06,3.6823618543229758e-06,1.2752474792063644e-07,-7.434728425278299e-05
14,14,unloading,1.15,a0339e73038e29fd80b01b98875e325d3b9906be5c5bae21aafcbf87a749d4a3,2575,64.0,31.0,physical_only,5.199301801628007e-07,-9.228722632274769e-05,-1.5442097661126423e-06,4.7976133124406795e-06,2.064139946275443e-06,-9.708483963518836e-05
14,14,unloading,1.15,a0339e73038e29fd80b01b98875e325d3b9906be5c5bae21aafcbf87a749d4a3,2576,65.0,31.0,physical_only,1.134184222293611e-06,-0.00012411766763006487,-1.5883448157386127e-06,6.0853758956234846e-06,2.722529038032223e-06,-0.00013020304352568833
14,14,unloading,1.15,a0339e73038e29fd80b01b98875e325d3b9906be5c5bae21aafcbf87a749d4a3,2577,66.0,31.0,physical_only,-2.919071251191098e-08,-0.00016488136126397725,-1.6434362668336336e-06,7.6024862281249095e-06,1.6142455543217222e-06,-0.00017248384749210207
14,14,unloading,1.15,a0339e73038e29fd80b01b98875e325d3b9906be5c5bae21aafcbf87a749d4a3,2578,67.0,31.0,physical_only,-3.4875424082296736e-06,-0.00021278789060511394,-1.7091025717168999e-06,9.420797343900203e-06,-1.7784398365127741e-06,-0.00022220868794901416
14,14,unloading,1.15,a0339e73038e29fd80b01b98875e325d3b9906be5c5bae21aafcbf87a749d4a3,2579,68.0,31.0,physical_only,-5.0228994488859045e-06,-0.00027059991660618966,-1.7862573022852558e-06,1.1633068544044972e-05,-3.2366421466006495e-06,-0.0002822329851502347
14,14,unloading,1.15,a0339e73038e29fd80b01b98875e325d3b9906be5c5bae21aafcbf87a749d4a3,2580,69.0,31.0,physical_only,-7.208854295722819e-06,-0.0003432180775116453,-1.8778062394726276e-06,1.4368363488724761e-05,-5.331048056250191e-06,-0.0003575864410003699
14,14,unloading,1.15,a0339e73038e29fd80b01b98875e325d3b9906be5c5bae21aafcbf87a749d4a3,2581,70.0,31.0,physical_only,-1.0046542747359962e-05,-0.0004320903749704516,-1.9893763559660545e-06,1.7817269162417278e-05,-8.057166391393908e-06,-0.00044990764413286926
14,14,unloading,1.15,a0339e73038e29fd80b01b98875e325d3b9906be5c5bae21aafcbf87a749d4a3,2582,71.0,31.0,physical_only,-1.348382779557888e-05,-0.0005400635128344263,-2.129183801522244e-06,2.227148900023787e-05,-1.1354643994056638e-05,-0.0005623350018346641
14,14,unloading,1.15,a0339e73038e29fd80b01b98875e325d3b9906be5c5bae21aafcbf87a749d4a3,2583,72.0,31.0,physical_only,-1.7213865419398446e-05,-0.0006702315373240631,-2.3103677265399e-06,2.8198654734523742e-05,-1.490349769285854e-05,-0.0006984301920585872
14,14,unloading,1.15,a0339e73038e29fd80b01b98875e325d3b9906be5c5bae21aafcbf87a749d4a3,2584,73.0,31.0,physical_only,-2.000632177765906e-05,-0.0008283142859594325,-2.555571102320988e-06,3.6395624639728654e-05,-1.7450750675338077e-05,-0.0008647099105991611
14,14,unloading,1.15,a0339e73038e29fd80b01b98875e325d3b9906be5c5bae21aafcbf87a749d4a3,2585,74.0,31.0,physical_only,-2.5661160129043702e-05,-0.001020573927908294,-2.9062546364299474e-06,4.833249885131101e-05,-2.275490549261375e-05,-0.0010689064267596048
14,14,unloading,1.15,a0339e73038e29fd80b01b98875e325d3b9906be5c5bae21aafcbf87a749d4a3,2586,75.0,31.0,physical_only,-3.9651927103584404e-05,-0.001250030761417051,-3.445714255058962e-06,6.702320226644662e-05,-3.620621284852545e-05,-0.001317053963683497
14,14,unloading,1.15,a0339e73038e29fd80b01b98875e325d3b9906be5c5bae21aafcbf87a749d4a3,2587,76.0,31.0,physical_only,-8.877041000293996e-05,-0.0015061804811724866,-4.3656198636871495e-06,9.964799460496161e-05,-8.440479013925283e-05,-0.001605828475777448
14,14,unloading,1.15,a0339e73038e29fd80b01b98875e325d3b9906be5c5bae21aafcbf87a749d4a3,2588,77.0,31.0,physical_only,-0.00024015843917166626,-0.0016215646816788495,-6.180832691021829e-06,0.00016756039316044536,-0.00023397760648064442,-0.0017891250748392953
14,14,unloading,1.15,a0339e73038e29fd80b01b98875e325d3b9906be5c5bae21aafcbf87a749d4a3,2589,78.0,31.0,physical_only,-0.00047103663911621116,-0.0016755441456560213,-1.1502743587496308e-05,0.0003766086086514908,-0.0004595338955287149,-0.002052152754307512
14,14,unloading,1.15,a0339e73038e29fd80b01b98875e325d3b9906be5c5bae21aafcbf87a749d4a3,2590,79.0,31.0,physical_only,-0.0008160899619274442,0.006222537730288465,-2.5472390447024758e-05,0.0015060133569320092,-0.0007906175714804192,0.0047165243733564574
14,14,unloading,1.15,a0339e73038e29fd80b01b98875e325d3b9906be5c5bae21aafcbf87a749d4a3,2591,80.0,31.0,physical_only,-0.0005212871084450142,0.10556763154752291,-0.002201727986839664,0.0982562607911736,0.0016804408783946498,0.007311370756349317
14,14,unloading,1.15,a0339e73038e29fd80b01b98875e325d3b9906be5c5bae21aafcbf87a749d4a3,2654,62.0,32.0,physical_only,-5.595258447513929e-06,-1.2928233930252678e-06,-1.5822441262187222e-06,5.504539256468989e-08,-4.013014321295205e-06,-1.3478687855899578e-06
14,14,unloading,1.15,a0339e73038e29fd80b01b98875e325d3b9906be5c5bae21aafcbf87a749d4a3,2655,63.0,32.0,interior,-0.0,-0.0,-0.0,-0.0,-0.0,-0.0
14,14,unloading,1.15,a0339e73038e29fd80b01b98875e325d3b9906be5c5bae21aafcbf87a749d4a3,2656,64.0,32.0,interior,-0.0,-0.0,-0.0,-0.0,-0.0,-0.0
14,14,unloading,1.15,a0339e73038e29fd80b01b98875e325d3b9906be5c5bae21aafcbf87a749d4a3,2657,65.0,32.0,interior,-0.0,-0.0,-0.0,-0.0,-0.0,-0.0
14,14,unloading,1.15,a0339e73038e29fd80b01b98875e325d3b9906be5c5bae21aafcbf87a749d4a3,2658,66.0,32.0,interior,-0.0,-0.0,-0.0,-0.0,-0.0,-0.0
14,14,unloading,1.15,a0339e73038e29fd80b01b98875e325d3b9906be5c5bae21aafcbf87a749d4a3,2659,67.0,32.0,interior,-0.0,-0.0,-0.0,-0.0,-0.0,-0.0
14,14,unloading,1.15,a0339e73038e29fd80b01b98875e325d3b9906be5c5bae21aafcbf87a749d4a3,2660,68.0,32.0,interior,-0.0,-0.0,-0.0,-0.0,-0.0,-0.0
14,14,unloading,1.15,a0339e73038e29fd80b01b98875e325d3b9906be5c5bae21aafcbf87a749d4a3,2661,69.0,32.0,interior,-0.0,-0.0,-0.0,-0.0,-0.0,-0.0
14,14,unloading,1.15,a0339e73038e29fd80b01b98875e325d3b9906be5c5bae21aafcbf87a749d4a3,2662,70.0,32.0,interior,-0.0,-0.0,-0.0,-0.0,-0.0,-0.0
14,14,unloading,1.15,a0339e73038e29fd80b01b98875e325d3b9906be5c5bae21aafcbf87a749d4a3,2663,71.0,32.0,interior,-0.0,-0.0,-0.0,-0.0,-0.0,-0.0
14,14,unloading,1.15,a0339e73038e29fd80b01b98875e325d3b9906be5c5bae21aafcbf87a749d4a3,2664,72.0,32.0,interior,-0.0,-0.0,-0.0,-0.0,-0.0,-0.0
14,14,unloading,1.15,a0339e73038e29fd80b01b98875e325d3b9906be5c5bae21aafcbf87a749d4a3,2665,73.0,32.0,interior,-0.0,-0.0,-0.0,-0.0,-0.0,-0.0
14,14,unloading,1.15,a0339e73038e29fd80b01b98875e325d3b9906be5c5bae21aafcbf87a749d4a3,2666,74.0,32.0,interior,-0.0,-0.0,-0.0,-0.0,-0.0,-0.0
14,14,unloading,1.15,a0339e73038e29fd80b01b98875e325d3b9906be5c5bae21aafcbf87a749d4a3,2667,75.0,32.0,interior,-0.0,-0.0,-0.0,-0.0,-0.0,-0.0
14,14,unloading,1.15,a0339e73038e29fd80b01b98875e325d3b9906be5c5bae21aafcbf87a749d4a3,2668,76.0,32.0,interior,-0.0,-0.0,-0.0,-0.0,-0.0,-0.0
14,14,unloading,1.15,a0339e73038e29fd80b01b98875e325d3b9906be5c5bae21aafcbf87a749d4a3,2669,77.0,32.0,interior,-0.0,-0.0,-0.0,-0.0,-0.0,-0.0
14,14,unloading,1.15,a0339e73038e29fd80b01b98875e325d3b9906be5c5bae21aafcbf87a749d4a3,2670,78.0,32.0,interior,-0.0,-0.0,-0.0,-0.0,-0.0,-0.0
14,14,unloading,1.15,a0339e73038e29fd80b01b98875e325d3b9906be5c5bae21aafcbf87a749d4a3,2671,79.0,32.0,interior,-0.0,-0.0,-0.0,-0.0,-0.0,-0.0
14,14,unloading,1.15,a0339e73038e29fd80b01b98875e325d3b9906be5c5bae21aafcbf87a749d4a3,2672,80.0,32.0,physical_only,-0.0,-0.0,-0.0,-0.0,-0.0,-0.0
14,14,unloading,1.15,a0339e73038e29fd80b01b98875e325d3b9906be5c5bae21aafcbf87a749d4a3,2735,62.0,33.0,physical_only,-3.951289952559132e-06,-9.047781586928216e-07,-1.6850261721016135e-06,4.0894482771432395e-08,-2.266263780457519e-06,-9.45672641464254e-07
14,14,unloading,1.15,a0339e73038e29fd80b01b98875e325d3b9906be5c5bae21aafcbf87a749d4a3,2736,63.0,33.0,interior,-0.0,-0.0,-0.0,-0.0,-0.0,-0.0
14,14,unloading,1.15,a0339e73038e29fd80b01b98875e325d3b9906be5c5bae21aafcbf87a749d4a3,2737,64.0,33.0,interior,-0.0,-0.0,-0.0,-0.0,-0.0,-0.0
14,14,unloading,1.15,a0339e73038e29fd80b01b98875e325d3b9906be5c5bae21aafcbf87a749d4a3,2738,65.0,33.0,interior,-0.0,-0.0,-0.0,-0.0,-0.0,-0.0
14,14,unloading,1.15,a0339e73038e29fd80b01b98875e325d3b9906be5c5bae21aafcbf87a749d4a3,2739,66.0,33.0,interior,-0.0,-0.0,-0.0,-0.0,-0.0,-0.0
14,14,unloading,1.15,a0339e73038e29fd80b01b98875e325d3b9906be5c5bae21aafcbf87a749d4a3,2740,67.0,33.0,interior,-0.0,-0.0,-0.0,-0.0,-0.0,-0.0
14,14,unloading,1.15,a0339e73038e29fd80b01b98875e325d3b9906be5c5bae21aafcbf87a749d4a3,2741,68.0,33.0,interior,-0.0,-0.0,-0.0,-0.0,-0.0,-0.0
14,14,unloading,1.15,a0339e73038e29fd80b01b98875e325d3b9906be5c5bae21aafcbf87a749d4a3,2742,69.0,33.0,interior,-0.0,-0.0,-0.0,-0.0,-0.0,-0.0
14,14,unloading,1.15,a0339e73038e29fd80b01b98875e325d3b9906be5c5bae21aafcbf87a749d4a3,2743,70.0,33.0,interior,-0.0,-0.0,-0.0,-0.0,-0.0,-0.0
14,14,unloading,1.15,a0339e73038e29fd80b01b98875e325d3b9906be5c5bae21aafcbf87a749d4a3,2744,71.0,33.0,interior,-0.0,-0.0,-0.0,-0.0,-0.0,-0.0
14,14,unloading,1.15,a0339e73038e29fd80b01b98875e325d3b9906be5c5bae21aafcbf87a749d4a3,2745,72.0,33.0,interior,-0.0,-0.0,-0.0,-0.0,-0.0,-0.0
14,14,unloading,1.15,a0339e73038e29fd80b01b98875e325d3b9906be5c5bae21aafcbf87a749d4a3,2746,73.0,33.0,interior,-0.0,-0.0,-0.0,-0.0,-0.0,-0.0
14,14,unloading,1.15,a0339e73038e29fd80b01b98875e325d3b9906be5c5bae21aafcbf87a749d4a3,2747,74.0,33.0,interior,-0.0,-0.0,-0.0,-0.0,-0.0,-0.0
14,14,unloading,1.15,a0339e73038e29fd80b01b98875e325d3b9906be5c5bae21aafcbf87a749d4a3,2748,75.0,33.0,interior,-0.0,-0.0,-0.0,-0.0,-0.0,-0.0
14,14,unloading,1.15,a0339e73038e29fd80b01b98875e325d3b9906be5c5bae21aafcbf87a749d4a3,2749,76.0,33.0,interior,-0.0,-0.0,-0.0,-0.0,-0.0,-0.0
14,14,unloading,1.15,a0339e73038e29fd80b01b98875e325d3b9906be5c5bae21aafcbf87a749d4a3,2750,77.0,33.0,interior,-0.0,-0.0,-0.0,-0.0,-0.0,-0.0
14,14,unloading,1.15,a0339e73038e29fd80b01b98875e325d3b9906be5c5bae21aafcbf87a749d4a3,2751,78.0,33.0,interior,-0.0,-0.0,-0.0,-0.0,-0.0,-0.0
14,14,unloading,1.15,a0339e73038e29fd80b01b98875e325d3b9906be5c5bae21aafcbf87a749d4a3,2752,79.0,33.0,interior,-0.0,-0.0,-0.0,-0.0,-0.0,-0.0
14,14,unloading,1.15,a0339e73038e29fd80b01b98875e325d3b9906be5c5bae21aafcbf87a749d4a3,2753,80.0,33.0,physical_only,-0.0,-0.0,-0.0,-0.0,-0.0,-0.0
14,14,unloading,1.15,a0339e73038e29fd80b01b98875e325d3b9906be5c5bae21aafcbf87a749d4a3,2816,62.0,34.0,physical_only,-3.17330852513096e-06,-3.8225139812339524e-07,-1.7666585708960493e-06,3.293028609310332e-08,-1.4066499542349101e-06,-4.1518168421649856e-07
14,14,unloading,1.15,a0339e73038e29fd80b01b98875e325d3b9906be5c5bae21aafcbf87a749d4a3,2817,63.0,34.0,interior,-0.0,-0.0,-0.0,-0.0,-0.0,-0.0
14,14,unloading,1.15,a0339e73038e29fd80b01b98875e325d3b9906be5c5bae21aafcbf87a749d4a3,2818,64.0,34.0,interior,-0.0,-0.0,-0.0,-0.0,-0.0,-0.0
14,14,unloading,1.15,a0339e73038e29fd80b01b98875e325d3b9906be5c5bae21aafcbf87a749d4a3,2819,65.0,34.0,interior,-0.0,-0.0,-0.0,-0.0,-0.0,-0.0
14,14,unloading,1.15,a0339e73038e29fd80b01b98875e325d3b9906be5c5bae21aafcbf87a749d4a3,2820,66.0,34.0,interior,-0.0,-0.0,-0.0,-0.0,-0.0,-0.0
14,14,unloading,1.15,a0339e73038e29fd80b01b98875e325d3b9906be5c5bae21aafcbf87a749d4a3,2821,67.0,34.0,interior,-0.0,-0.0,-0.0,-0.0,-0.0,-0.0
14,14,unloading,1.15,a0339e73038e29fd80b01b98875e325d3b9906be5c5bae21aafcbf87a749d4a3,2822,68.0,34.0,interior,-0.0,-0.0,-0.0,-0.0,-0.0,-0.0
14,14,unloading,1.15,a0339e73038e29fd80b01b98875e325d3b9906be5c5bae21aafcbf87a749d4a3,2823,69.0,34.0,interior,-0.0,-0.0,-0.0,-0.0,-0.0,-0.0
14,14,unloading,1.15,a0339e73038e29fd80b01b98875e325d3b9906be5c5bae21aafcbf87a749d4a3,2824,70.0,34.0,interior,-0.0,-0.0,-0.0,-0.0,-0.0,-0.0
14,14,unloading,1.15,a0339e73038e29fd80b01b98875e325d3b9906be5c5bae21aafcbf87a749d4a3,2825,71.0,34.0,interior,-0.0,-0.0,-0.0,-0.0,-0.0,-0.0
14,14,unloading,1.15,a0339e73038e29fd80b01b98875e325d3b9906be5c5bae21aafcbf87a749d4a3,2826,72.0,34.0,interior,-0.0,-0.0,-0.0,-0.0,-0.0,-0.0
14,14,unloading,1.15,a0339e73038e29fd80b01b98875e325d3b9906be5c5bae21aafcbf87a749d4a3,2827,73.0,34.0,interior,-0.0,-0.0,-0.0,-0.0,-0.0,-0.0
14,14,unloading,1.15,a0339e73038e29fd80b01b98875e325d3b9906be5c5bae21aafcbf87a749d4a3,2828,74.0,34.0,interior,-0.0,-0.0,-0.0,-0.0,-0.0,-0.0
14,14,unloading,1.15,a0339e73038e29fd80b01b98875e325d3b9906be5c5bae21aafcbf87a749d4a3,2829,75.0,34.0,interior,-0.0,-0.0,-0.0,-0.0,-0.0,-0.0
14,14,unloading,1.15,a0339e73038e29fd80b01b98875e325d3b9906be5c5bae21aafcbf87a749d4a3,2830,76.0,34.0,interior,-0.0,-0.0,-0.0,-0.0,-0.0,-0.0
14,14,unloading,1.15,a0339e73038e29fd80b01b98875e325d3b9906be5c5bae21aafcbf87a749d4a3,2831,77.0,34.0,interior,-0.0,-0.0,-0.0,-0.0,-0.0,-0.0
14,14,unloading,1.15,a0339e73038e29fd80b01b98875e325d3b9906be5c5bae21aafcbf87a749d4a3,2832,78.0,34.0,interior,-0.0,-0.0,-0.0,-0.0,-0.0,-0.0
14,14,unloading,1.15,a0339e73038e29fd80b01b98875e325d3b9906be5c5bae21aafcbf87a749d4a3,2833,79.0,34.0,interior,-0.0,-0.0,-0.0,-0.0,-0.0,-0.0
14,14,unloading,1.15,a0339e73038e29fd80b01b98875e325d3b9906be5c5bae21aafcbf87a749d4a3,2834,80.0,34.0,physical_only,-0.0,-0.0,-0.0,-0.0,-0.0,-0.0
14,14,unloading,1.15,a0339e73038e29fd80b01b98875e325d3b9906be5c5bae21aafcbf87a749d4a3,2897,62.0,35.0,physical_only,-2.96843967986572e-06,3.365249154637439e-09,-1.8340763756374993e-06,2.8166909724823594e-08,-1.1343633042282207e-06,-2.480166057018616e-08
14,14,unloading,1.15,a0339e73038e29fd80b01b98875e325d3b9906be5c5bae21aafcbf87a749d4a3,2898,63.0,35.0,interior,-0.0,-0.0,-0.0,-0.0,-0.0,-0.0
14,14,unloading,1.15,a0339e73038e29fd80b01b98875e325d3b9906be5c5bae21aafcbf87a749d4a3,2899,64.0,35.0,interior,-0.0,-0.0,-0.0,-0.0,-0.0,-0.0
14,14,unloading,1.15,a0339e73038e29fd80b01b98875e325d3b9906be5c5bae21aafcbf87a749d4a3,2900,65.0,35.0,interior,-0.0,-0.0,-0.0,-0.0,-0.0,-0.0
14,14,unloading,1.15,a0339e73038e29fd80b01b98875e325d3b9906be5c5bae21aafcbf87a749d4a3,2901,66.0,35.0,interior,-0.0,-0.0,-0.0,-0.0,-0.0,-0.0
14,14,unloading,1.15,a0339e73038e29fd80b01b98875e325d3b9906be5c5bae21aafcbf87a749d4a3,2902,67.0,35.0,interior,-0.0,-0.0,-0.0,-0.0,-0.0,-0.0
14,14,unloading,1.15,a0339e73038e29fd80b01b98875e325d3b9906be5c5bae21aafcbf87a749d4a3,2903,68.0,35.0,interior,-0.0,-0.0,-0.0,-0.0,-0.0,-0.0
14,14,unloading,1.15,a0339e73038e29fd80b01b98875e325d3b9906be5c5bae21aafcbf87a749d4a3,2904,69.0,35.0,interior,-0.0,-0.0,-0.0,-0.0,-0.0,-0.0
14,14,unloading,1.15,a0339e73038e29fd80b01b98875e325d3b9906be5c5bae21aafcbf87a749d4a3,2905,70.0,35.0,interior,-0.0,-0.0,-0.0,-0.0,-0.0,-0.0
14,14,unloading,1.15,a0339e73038e29fd80b01b98875e325d3b9906be5c5bae21aafcbf87a749d4a3,2906,71.0,35.0,interior,-0.0,-0.0,-0.0,-0.0,-0.0,-0.0
14,14,unloading,1.15,a0339e73038e29fd80b01b98875e325d3b9906be5c5bae21aafcbf87a749d4a3,2907,72.0,35.0,interior,-0.0,-0.0,-0.0,-0.0,-0.0,-0.0
14,14,unloading,1.15,a0339e73038e29fd80b01b98875e325d3b9906be5c5bae21aafcbf87a749d4a3,2908,73.0,35.0,interior,-0.0,-0.0,-0.0,-0.0,-0.0,-0.0
14,14,unloading,1.15,a0339e73038e29fd80b01b98875e325d3b9906be5c5bae21aafcbf87a749d4a3,2909,74.0,35.0,interior,-0.0,-0.0,-0.0,-0.0,-0.0,-0.0
14,14,unloading,1.15,a0339e73038e29fd80b01b98875e325d3b9906be5c5bae21aafcbf87a749d4a3,2910,75.0,35.0,interior,-0.0,-0.0,-0.0,-0.0,-0.0,-0.0
14,14,unloading,1.15,a0339e73038e29fd80b01b98875e325d3b9906be5c5bae21aafcbf87a749d4a3,2911,76.0,35.0,interior,-0.0,-0.0,-0.0,-0.0,-0.0,-0.0
14,14,unloading,1.15,a0339e73038e29fd80b01b98875e325d3b9906be5c5bae21aafcbf87a749d4a3,2912,77.0,35.0,interior,-0.0,-0.0,-0.0,-0.0,-0.0,-0.0
14,14,unloading,1.15,a0339e73038e29fd80b01b98875e325d3b9906be5c5bae21aafcbf87a749d4a3,2913,78.0,35.0,interior,-0.0,-0.0,-0.0,-0.0,-0.0,-0.0
14,14,unloading,1.15,a0339e73038e29fd80b01b98875e325d3b9906be5c5bae21aafcbf87a749d4a3,2914,79.0,35.0,interior,-0.0,-0.0,-0.0,-0.0,-0.0,-0.0
14,14,unloading,1.15,a0339e73038e29fd80b01b98875e325d3b9906be5c5bae21aafcbf87a749d4a3,2915,80.0,35.0,physical_only,-0.0,-0.0,-0.0,-0.0,-0.0,-0.0
14,14,unloading,1.15,a0339e73038e29fd80b01b98875e325d3b9906be5c5bae21aafcbf87a749d4a3,2978,62.0,36.0,physical_only,-3.0308485019779134e-06,1.911553304049272e-07,-1.8901321850986142e-06,2.415026589580465e-08,-1.1407163168792992e-06,1.6700506450912255e-07
14,14,unloading,1.15,a0339e73038e29fd80b01b98875e325d3b9906be5c5bae21aafcbf87a749d4a3,2979,63.0,36.0,interior,-0.0,-0.0,-0.0,-0.0,-0.0,-0.0
14,14,unloading,1.15,a0339e73038e29fd80b01b98875e325d3b9906be5c5bae21aafcbf87a749d4a3,2980,64.0,36.0,interior,-0.0,-0.0,-0.0,-0.0,-0.0,-0.0
14,14,unloading,1.15,a0339e73038e29fd80b01b98875e325d3b9906be5c5bae21aafcbf87a749d4a3,2981,65.0,36.0,interior,-0.0,-0.0,-0.0,-0.0,-0.0,-0.0
14,14,unloading,1.15,a0339e73038e29fd80b01b98875e325d3b9906be5c5bae21aafcbf87a749d4a3,2982,66.0,36.0,interior,-0.0,-0.0,-0.0,-0.0,-0.0,-0.0
14,14,unloading,1.15,a0339e73038e29fd80b01b98875e325d3b9906be5c5bae21aafcbf87a749d4a3,2983,67.0,36.0,interior,-0.0,-0.0,-0.0,-0.0,-0.0,-0.0
14,14,unloading,1.15,a0339e73038e29fd80b01b98875e325d3b9906be5c5bae21aafcbf87a749d4a3,2984,68.0,36.0,interior,-0.0,-0.0,-0.0,-0.0,-0.0,-0.0
14,14,unloading,1.15,a0339e73038e29fd80b01b98875e325d3b9906be5c5bae21aafcbf87a749d4a3,2985,69.0,36.0,interior,-0.0,-0.0,-0.0,-0.0,-0.0,-0.0
14,14,unloading,1.15,a0339e73038e29fd80b01b98875e325d3b9906be5c5bae21aafcbf87a749d4a3,2986,70.0,36.0,interior,-0.0,-0.0,-0.0,-0.0,-0.0,-0.0
14,14,unloading,1.15,a0339e73038e29fd80b01b98875e325d3b9906be5c5bae21aafcbf87a749d4a3,2987,71.0,36.0,interior,-0.0,-0.0,-0.0,-0.0,-0.0,-0.0
14,14,unloading,1.15,a0339e73038e29fd80b01b98875e325d3b9906be5c5bae21aafcbf87a749d4a3,2988,72.0,36.0,interior,-0.0,-0.0,-0.0,-0.0,-0.0,-0.0
14,14,unloading,1.15,a0339e73038e29fd80b01b98875e325d3b9906be5c5bae21aafcbf87a749d4a3,2989,73.0,36.0,interior,-0.0,-0.0,-0.0,-0.0,-0.0,-0.0
14,14,unloading,1.15,a0339e73038e29fd80b01b98875e325d3b9906be5c5bae21aafcbf87a749d4a3,2990,74.0,36.0,interior,-0.0,-0.0,-0.0,-0.0,-0.0,-0.0
14,14,unloading,1.15,a0339e73038e29fd80b01b98875e325d3b9906be5c5bae21aafcbf87a749d4a3,2991,75.0,36.0,interior,-0.0,-0.0,-0.0,-0.0,-0.0,-0.0
14,14,unloading,1.15,a0339e73038e29fd80b01b98875e325d3b9906be5c5bae21aafcbf87a749d4a3,2992,76.0,36.0,interior,-0.0,-0.0,-0.0,-0.0,-0.0,-0.0
14,14,unloading,1.15,a0339e73038e29fd80b01b98875e325d3b9906be5c5bae21aafcbf87a749d4a3,2993,77.0,36.0,interior,-0.0,-0.0,-0.0,-0.0,-0.0,-0.0
14,14,unloading,1.15,a0339e73038e29fd80b01b98875e325d3b9906be5c5bae21aafcbf87a749d4a3,2994,78.0,36.0,interior,-0.0,-0.0,-0.0,-0.0,-0.0,-0.0
14,14,unloading,1.15,a0339e73038e29fd80b01b98875e325d3b9906be5c5bae21aafcbf87a749d4a3,2995,79.0,36.0,interior,-0.0,-0.0,-0.0,-0.0,-0.0,-0.0
14,14,unloading,1.15,a0339e73038e29fd80b01b98875e325d3b9906be5c5bae21aafcbf87a749d4a3,2996,80.0,36.0,physical_only,-0.0,-0.0,-0.0,-0.0,-0.0,-0.0
14,14,unloading,1.15,a0339e73038e29fd80b01b98875e325d3b9906be5c5bae21aafcbf87a749d4a3,3059,62.0,37.0,physical_only,-3.1647197482129276e-06,2.3063929032101e-07,-1.9351234662082207e-06,1.950217300645834e-08,-1.2295962820047064e-06,2.1113711731455166e-07
14,14,unloading,1.15,a0339e73038e29fd80b01b98875e325d3b9906be5c5bae21aafcbf87a749d4a3,3060,63.0,37.0,interior,-0.0,-0.0,-0.0,-0.0,-0.0,-0.0
14,14,unloading,1.15,a0339e73038e29fd80b01b98875e325d3b9906be5c5bae21aafcbf87a749d4a3,3061,64.0,37.0,interior,-0.0,-0.0,-0.0,-0.0,-0.0,-0.0
14,14,unloading,1.15,a0339e73038e29fd80b01b98875e325d3b9906be5c5bae21aafcbf87a749d4a3,3062,65.0,37.0,interior,-0.0,-0.0,-0.0,-0.0,-0.0,-0.0
14,14,unloading,1.15,a0339e73038e29fd80b01b98875e325d3b9906be5c5bae21aafcbf87a749d4a3,3063,66.0,37.0,interior,-0.0,-0.0,-0.0,-0.0,-0.0,-0.0
14,14,unloading,1.15,a0339e73038e29fd80b01b98875e325d3b9906be5c5bae21aafcbf87a749d4a3,3064,67.0,37.0,interior,-0.0,-0.0,-0.0,-0.0,-0.0,-0.0
14,14,unloading,1.15,a0339e73038e29fd80b01b98875e325d3b9906be5c5bae21aafcbf87a749d4a3,3065,68.0,37.0,interior,-0.0,-0.0,-0.0,-0.0,-0.0,-0.0
14,14,unloading,1.15,a0339e73038e29fd80b01b98875e325d3b9906be5c5bae21aafcbf87a749d4a3,3066,69.0,37.0,interior,-0.0,-0.0,-0.0,-0.0,-0.0,-0.0
14,14,unloading,1.15,a0339e73038e29fd80b01b98875e325d3b9906be5c5bae21aafcbf87a749d4a3,3067,70.0,37.0,interior,-0.0,-0.0,-0.0,-0.0,-0.0,-0.0
14,14,unloading,1.15,a0339e73038e29fd80b01b98875e325d3b9906be5c5bae21aafcbf87a749d4a3,3068,71.0,37.0,interior,-0.0,-0.0,-0.0,-0.0,-0.0,-0.0
14,14,unloading,1.15,a0339e73038e29fd80b01b98875e325d3b9906be5c5bae21aafcbf87a749d4a3,3069,72.0,37.0,interior,-0.0,-0.0,-0.0,-0.0,-0.0,-0.0
14,14,unloading,1.15,a0339e73038e29fd80b01b98875e325d3b9906be5c5bae21aafcbf87a749d4a3,3070,73.0,37.0,interior,-0.0,-0.0,-0.0,-0.0,-0.0,-0.0
14,14,unloading,1.15,a0339e73038e29fd80b01b98875e325d3b9906be5c5bae21aafcbf87a749d4a3,3071,74.0,37.0,interior,-0.0,-0.0,-0.0,-0.0,-0.0,-0.0
14,14,unloading,1.15,a0339e73038e29fd80b01b98875e325d3b9906be5c5bae21aafcbf87a749d4a3,3072,75.0,37.0,interior,-0.0,-0.0,-0.0,-0.0,-0.0,-0.0
14,14,unloading,1.15,a0339e73038e29fd80b01b98875e325d3b9906be5c5bae21aafcbf87a749d4a3,3073,76.0,37.0,interior,-0.0,-0.0,-0.0,-0.0,-0.0,-0.0
14,14,unloading,1.15,a0339e73038e29fd80b01b98875e325d3b9906be5c5bae21aafcbf87a749d4a3,3074,77.0,37.0,interior,-0.0,-0.0,-0.0,-0.0,-0.0,-0.0
14,14,unloading,1.15,a0339e73038e29fd80b01b98875e325d3b9906be5c5bae21aafcbf87a749d4a3,3075,78.0,37.0,interior,-0.0,-0.0,-0.0,-0.0,-0.0,-0.0
14,14,unloading,1.15,a0339e73038e29fd80b01b98875e325d3b9906be5c5bae21aafcbf87a749d4a3,3076,79.0,37.0,interior,-0.0,-0.0,-0.0,-0.0,-0.0,-0.0
14,14,unloading,1.15,a0339e73038e29fd80b01b98875e325d3b9906be5c5bae21aafcbf87a749d4a3,3077,80.0,37.0,physical_only,-0.0,-0.0,-0.0,-0.0,-0.0,-0.0
14,14,unloading,1.15,a0339e73038e29fd80b01b98875e325d3b9906be5c5bae21aafcbf87a749d4a3,3140,62.0,38.0,physical_only,-3.2802201865072195e-06,1.8267646976194208e-07,-1.9682567634878997e-06,1.3789610697227634e-08,-1.3119634230193198e-06,1.688868590647144e-07
14,14,unloading,1.15,a0339e73038e29fd80b01b98875e325d3b9906be5c5bae21aafcbf87a749d4a3,3141,63.0,38.0,interior,-0.0,-0.0,-0.0,-0.0,-0.0,-0.0
14,14,unloading,1.15,a0339e73038e29fd80b01b98875e325d3b9906be5c5bae21aafcbf87a749d4a3,3142,64.0,38.0,interior,-0.0,-0.0,-0.0,-0.0,-0.0,-0.0
14,14,unloading,1.15,a0339e73038e29fd80b01b98875e325d3b9906be5c5bae21aafcbf87a749d4a3,3143,65.0,38.0,interior,-0.0,-0.0,-0.0,-0.0,-0.0,-0.0
14,14,unloading,1.15,a0339e73038e29fd80b01b98875e325d3b9906be5c5bae21aafcbf87a749d4a3,3144,66.0,38.0,interior,-0.0,-0.0,-0.0,-0.0,-0.0,-0.0
14,14,unloading,1.15,a0339e73038e29fd80b01b98875e325d3b9906be5c5bae21aafcbf87a749d4a3,3145,67.0,38.0,interior,-0.0,-0.0,-0.0,-0.0,-0.0,-0.0
14,14,unloading,1.15,a0339e73038e29fd80b01b98875e325d3b9906be5c5bae21aafcbf87a749d4a3,3146,68.0,38.0,interior,-0.0,-0.0,-0.0,-0.0,-0.0,-0.0
14,14,unloading,1.15,a0339e73038e29fd80b01b98875e325d3b9906be5c5bae21aafcbf87a749d4a3,3147,69.0,38.0,interior,-0.0,-0.0,-0.0,-0.0,-0.0,-0.0
14,14,unloading,1.15,a0339e73038e29fd80b01b98875e325d3b9906be5c5bae21aafcbf87a749d4a3,3148,70.0,38.0,interior,-0.0,-0.0,-0.0,-0.0,-0.0,-0.0
14,14,unloading,1.15,a0339e73038e29fd80b01b98875e325d3b9906be5c5bae21aafcbf87a749d4a3,3149,71.0,38.0,interior,-0.0,-0.0,-0.0,-0.0,-0.0,-0.0
14,14,unloading,1.15,a0339e73038e29fd80b01b98875e325d3b9906be5c5bae21aafcbf87a749d4a3,3150,72.0,38.0,interior,-0.0,-0.0,-0.0,-0.0,-0.0,-0.0
14,14,unloading,1.15,a0339e73038e29fd80b01b98875e325d3b9906be5c5bae21aafcbf87a749d4a3,3151,73.0,38.0,interior,-0.0,-0.0,-0.0,-0.0,-0.0,-0.0
14,14,unloading,1.15,a0339e73038e29fd80b01b98875e325d3b9906be5c5bae21aafcbf87a749d4a3,3152,74.0,38.0,interior,-0.0,-0.0,-0.0,-0.0,-0.0,-0.0
14,14,unloading,1.15,a0339e73038e29fd80b01b98875e325d3b9906be5c5bae21aafcbf87a749d4a3,3153,75.0,38.0,interior,-0.0,-0.0,-0.0,-0.0,-0.0,-0.0
14,14,unloading,1.15,a0339e73038e29fd80b01b98875e325d3b9906be5c5bae21aafcbf87a749d4a3,3154,76.0,38.0,interior,-0.0,-0.0,-0.0,-0.0,-0.0,-0.0
14,14,unloading,1.15,a0339e73038e29fd80b01b98875e325d3b9906be5c5bae21aafcbf87a749d4a3,3155,77.0,38.0,interior,-0.0,-0.0,-0.0,-0.0,-0.0,-0.0
14,14,unloading,1.15,a0339e73038e29fd80b01b98875e325d3b9906be5c5bae21aafcbf87a749d4a3,3156,78.0,38.0,interior,-0.0,-0.0,-0.0,-0.0,-0.0,-0.0
14,14,unloading,1.15,a0339e73038e29fd80b01b98875e325d3b9906be5c5bae21aafcbf87a749d4a3,3157,79.0,38.0,interior,-0.0,-0.0,-0.0,-0.0,-0.0,-0.0
14,14,unloading,1.15,a0339e73038e29fd80b01b98875e325d3b9906be5c5bae21aafcbf87a749d4a3,3158,80.0,38.0,physical_only,-0.0,-0.0,-0.0,-0.0,-0.0,-0.0
14,14,unloading,1.15,a0339e73038e29fd80b01b98875e325d3b9906be5c5bae21aafcbf87a749d4a3,3221,62.0,39.0,physical_only,-3.3483131501467606e-06,9.674407715423641e-08,-1.9885827973973297e-06,7.150244804365508e-09,-1.359730352749431e-06,8.959383234987101e-08
14,14,unloading,1.15,a0339e73038e29fd80b01b98875e325d3b9906be5c5bae21aafcbf87a749d4a3,3222,63.0,39.0,interior,-0.0,-0.0,-0.0,-0.0,-0.0,-0.0
14,14,unloading,1.15,a0339e73038e29fd80b01b98875e325d3b9906be5c5bae21aafcbf87a749d4a3,3223,64.0,39.0,interior,-0.0,-0.0,-0.0,-0.0,-0.0,-0.0
14,14,unloading,1.15,a0339e73038e29fd80b01b98875e325d3b9906be5c5bae21aafcbf87a749d4a3,3224,65.0,39.0,interior,-0.0,-0.0,-0.0,-0.0,-0.0,-0.0
14,14,unloading,1.15,a0339e73038e29fd80b01b98875e325d3b9906be5c5bae21aafcbf87a749d4a3,3225,66.0,39.0,interior,-0.0,-0.0,-0.0,-0.0,-0.0,-0.0
14,14,unloading,1.15,a0339e73038e29fd80b01b98875e325d3b9906be5c5bae21aafcbf87a749d4a3,3226,67.0,39.0,interior,-0.0,-0.0,-0.0,-0.0,-0.0,-0.0
14,14,unloading,1.15,a0339e73038e29fd80b01b98875e325d3b9906be5c5bae21aafcbf87a749d4a3,3227,68.0,39.0,interior,-0.0,-0.0,-0.0,-0.0,-0.0,-0.0
14,14,unloading,1.15,a0339e73038e29fd80b01b98875e325d3b9906be5c5bae21aafcbf87a749d4a3,3228,69.0,39.0,interior,-0.0,-0.0,-0.0,-0.0,-0.0,-0.0
14,14,unloading,1.15,a0339e73038e29fd80b01b98875e325d3b9906be5c5bae21aafcbf87a749d4a3,3229,70.0,39.0,interior,-0.0,-0.0,-0.0,-0.0,-0.0,-0.0
14,14,unloading,1.15,a0339e73038e29fd80b01b98875e325d3b9906be5c5bae21aafcbf87a749d4a3,3230,71.0,39.0,interior,-0.0,-0.0,-0.0,-0.0,-0.0,-0.0
14,14,unloading,1.15,a0339e73038e29fd80b01b98875e325d3b9906be5c5bae21aafcbf87a749d4a3,3231,72.0,39.0,interior,-0.0,-0.0,-0.0,-0.0,-0.0,-0.0
14,14,unloading,1.15,a0339e73038e29fd80b01b98875e325d3b9906be5c5bae21aafcbf87a749d4a3,3232,73.0,39.0,interior,-0.0,-0.0,-0.0,-0.0,-0.0,-0.0
14,14,unloading,1.15,a0339e73038e29fd80b01b98875e325d3b9906be5c5bae21aafcbf87a749d4a3,3233,74.0,39.0,interior,-0.0,-0.0,-0.0,-0.0,-0.0,-0.0
14,14,unloading,1.15,a0339e73038e29fd80b01b98875e325d3b9906be5c5bae21aafcbf87a749d4a3,3234,75.0,39.0,interior,-0.0,-0.0,-0.0,-0.0,-0.0,-0.0
14,14,unloading,1.15,a0339e73038e29fd80b01b98875e325d3b9906be5c5bae21aafcbf87a749d4a3,3235,76.0,39.0,interior,-0.0,-0.0,-0.0,-0.0,-0.0,-0.0
14,14,unloading,1.15,a0339e73038e29fd80b01b98875e325d3b9906be5c5bae21aafcbf87a749d4a3,3236,77.0,39.0,interior,-0.0,-0.0,-0.0,-0.0,-0.0,-0.0
14,14,unloading,1.15,a0339e73038e29fd80b01b98875e325d3b9906be5c5bae21aafcbf87a749d4a3,3237,78.0,39.0,interior,-0.0,-0.0,-0.0,-0.0,-0.0,-0.0
14,14,unloading,1.15,a0339e73038e29fd80b01b98875e325d3b9906be5c5bae21aafcbf87a749d4a3,3238,79.0,39.0,interior,-0.0,-0.0,-0.0,-0.0,-0.0,-0.0
14,14,unloading,1.15,a0339e73038e29fd80b01b98875e325d3b9906be5c5bae21aafcbf87a749d4a3,3239,80.0,39.0,physical_only,-0.0,-0.0,-0.0,-0.0,-0.0,-0.0
14,14,unloading,1.15,a0339e73038e29fd80b01b98875e325d3b9906be5c5bae21aafcbf87a749d4a3,3302,62.0,40.0,physical_and_cut,-1.684893408502811e-06,-1.0410867768264487e-06,-9.977176358631091e-07,-4.5336848433530275e-07,-6.871757726397019e-07,-5.87718292491146e-07
14,14,unloading,1.15,a0339e73038e29fd80b01b98875e325d3b9906be5c5bae21aafcbf87a749d4a3,3303,63.0,40.0,cut_only,-0.0,-0.0,-0.0,-0.0,-0.0,-0.0
14,14,unloading,1.15,a0339e73038e29fd80b01b98875e325d3b9906be5c5bae21aafcbf87a749d4a3,3304,64.0,40.0,cut_only,-0.0,-0.0,-0.0,-0.0,-0.0,-0.0
14,14,unloading,1.15,a0339e73038e29fd80b01b98875e325d3b9906be5c5bae21aafcbf87a749d4a3,3305,65.0,40.0,cut_only,-0.0,-0.0,-0.0,-0.0,-0.0,-0.0
14,14,unloading,1.15,a0339e73038e29fd80b01b98875e325d3b9906be5c5bae21aafcbf87a749d4a3,3306,66.0,40.0,cut_only,-0.0,-0.0,-0.0,-0.0,-0.0,-0.0
14,14,unloading,1.15,a0339e73038e29fd80b01b98875e325d3b9906be5c5bae21aafcbf87a749d4a3,3307,67.0,40.0,cut_only,-0.0,-0.0,-0.0,-0.0,-0.0,-0.0
14,14,unloading,1.15,a0339e73038e29fd80b01b98875e325d3b9906be5c5bae21aafcbf87a749d4a3,3308,68.0,40.0,cut_only,-0.0,-0.0,-0.0,-0.0,-0.0,-0.0
14,14,unloading,1.15,a0339e73038e29fd80b01b98875e325d3b9906be5c5bae21aafcbf87a749d4a3,3309,69.0,40.0,cut_only,-0.0,-0.0,-0.0,-0.0,-0.0,-0.0
14,14,unloading,1.15,a0339e73038e29fd80b01b98875e325d3b9906be5c5bae21aafcbf87a749d4a3,3310,70.0,40.0,cut_only,-0.0,-0.0,-0.0,-0.0,-0.0,-0.0
14,14,unloading,1.15,a0339e73038e29fd80b01b98875e325d3b9906be5c5bae21aafcbf87a749d4a3,3311,71.0,40.0,cut_only,-0.0,-0.0,-0.0,-0.0,-0.0,-0.0
14,14,unloading,1.15,a0339e73038e29fd80b01b98875e325d3b9906be5c5bae21aafcbf87a749d4a3,3312,72.0,40.0,cut_only,-0.0,-0.0,-0.0,-0.0,-0.0,-0.0
14,14,unloading,1.15,a0339e73038e29fd80b01b98875e325d3b9906be5c5bae21aafcbf87a749d4a3,3313,73.0,40.0,cut_only,-0.0,-0.0,-0.0,-0.0,-0.0,-0.0
14,14,unloading,1.15,a0339e73038e29fd80b01b98875e325d3b9906be5c5bae21aafcbf87a749d4a3,3314,74.0,40.0,cut_only,-0.0,-0.0,-0.0,-0.0,-0.0,-0.0
14,14,unloading,1.15,a0339e73038e29fd80b01b98875e325d3b9906be5c5bae21aafcbf87a749d4a3,3315,75.0,40.0,cut_only,-0.0,-0.0,-0.0,-0.0,-0.0,-0.0
14,14,unloading,1.15,a0339e73038e29fd80b01b98875e325d3b9906be5c5bae21aafcbf87a749d4a3,3316,76.0,40.0,cut_only,-0.0,-0.0,-0.0,-0.0,-0.0,-0.0
14,14,unloading,1.15,a0339e73038e29fd80b01b98875e325d3b9906be5c5bae21aafcbf87a749d4a3,3317,77.0,40.0,cut_only,-0.0,-0.0,-0.0,-0.0,-0.0,-0.0
14,14,unloading,1.15,a0339e73038e29fd80b01b98875e325d3b9906be5c5bae21aafcbf87a749d4a3,3318,78.0,40.0,cut_only,-0.0,-0.0,-0.0,-0.0,-0.0,-0.0
14,14,unloading,1.15,a0339e73038e29fd80b01b98875e325d3b9906be5c5bae21aafcbf87a749d4a3,3319,79.0,40.0,cut_only,-0.0,-0.0,-0.0,-0.0,-0.0,-0.0
14,14,unloading,1.15,a0339e73038e29fd80b01b98875e325d3b9906be5c5bae21aafcbf87a749d4a3,3320,80.0,40.0,physical_and_cut,-0.0,-0.0,-0.0,-0.0,-0.0,-0.0
15,15,unloading,1.1,dc37c664680c13cc79b71e19e2d358309fe80bb7117929b5acf62b7fd2b25ae3,2573,62.0,31.0,physical_only,-0.0004247548125595607,-8.582037013785765e-05,-2.734596304447111e-06,3.134308201813384e-06,-0.0004220202162551137,-8.895467833967104e-05
15,15,unloading,1.1,dc37c664680c13cc79b71e19e2d358309fe80bb7117929b5acf62b7fd2b25ae3,2574,63.0,31.0,physical_only,-1.0183831074980457e-06,-6.908406330669487e-05,-1.5261900786234903e-06,3.6886285396440474e-06,5.078069711254439e-07,-7.277269184633893e-05
15,15,unloading,1.1,dc37c664680c13cc79b71e19e2d358309fe80bb7117929b5acf62b7fd2b25ae3,2575,64.0,31.0,physical_only,1.0301081812350902e-06,-9.05883356815757e-05,-1.5616939386345054e-06,4.79244070662941e-06,2.5918021198695954e-06,-9.538077638820508e-05
15,15,unloading,1.1,dc37c664680c13cc79b71e19e2d358309fe80bb7117929b5acf62b7fd2b25ae3,2576,65.0,31.0,physical_only,1.6853678935757193e-06,-0.00012200269847212775,-1.6062491176488837e-06,6.066472860371683e-06,3.2916170112246026e-06,-0.00012806917133249943
15,15,unloading,1.1,dc37c664680c13cc79b71e19e2d358309fe80bb7117929b5acf62b7fd2b25ae3,2577,66.0,31.0,physical_only,5.273521336792443e-07,-0.00016178294059303344,-1.6615829614629527e-06,7.566704999776033e-06,2.1889350951421976e-06,-0.00016934964559280953
15,15,unloading,1.1,dc37c664680c13cc79b71e19e2d358309fe80bb7117929b5acf62b7fd2b25ae3,2578,67.0,31.0,physical_only,-2.6543135620423254e-06,-0.00020838076799088376,-1.7271697326304918e-06,9.36311739035411e-06,-9.271438294118338e-07,-0.0002177438853812379
15,15,unloading,1.1,dc37c664680c13cc79b71e19e2d358309fe80bb7117929b5acf62b7fd2b25ae3,2579,68.0,31.0,physical_only,-3.907965177110161e-06,-0.0002646596937311397,-1.8038558220457161e-06,1.1545716432733785e-05,-2.1041093550644466e-06,-0.0002762054101638734
15,15,unloading,1.1,dc37c664680c13cc79b71e19e2d358309fe80bb7117929b5acf62b7fd2b25ae3,2580,69.0,31.0,physical_only,-5.7707516446897815e-06,-0.00033524903866906613,-1.8944570370585485e-06,1.423947323040742e-05,-3.876294607631231e-06,-0.0003494885118994738
15,15,unloading,1.1,dc37c664680c13cc79b71e19e2d358309fe80bb7117929b5acf62b7fd2b25ae3,2581,70.0,31.0,physical_only,-8.209671798713095e-06,-0.00042146389283188347,-2.004357088106812e-06,1.762823656138955e-05,-6.205314710606282e-06,-0.0004390921293932729
15,15,unloading,1.1,dc37c664680c13cc79b71e19e2d358309fe80bb7117929b5acf62b7fd2b25ae3,2582,71.0,31.0,physical_only,-1.1171627100315681e-05,-0.0005259709169013567,-2.1413608406461965e-06,2.1991970569720405e-05,-9.030266259669486e-06,-0.000547962887471077
15,15,unloading,1.1,dc37c664680c13cc79b71e19e2d358309fe80bb7117929b5acf62b7fd2b25ae3,2583,72.0,31.0,physical_only,-1.435712605108801e-05,-0.0006516678340642615,-2.3178847460995224e-06,2.7776689372588294e-05,-1.2039241304988487e-05,-0.0006794445234368498
15,15,unloading,1.1,dc37c664680c13cc79b71e19e2d358309fe80bb7117929b5acf62b7fd2b25ae3,2584,73.0,31.0,physical_only,-1.6750782040316762e-05,-0.0008032950947415079,-2.555043677174672e-06,3.573593050682e-05,-1.4195738363142087e-05,-0.0008390310252483282
15,15,unloading,1.1,dc37c664680c13cc79b71e19e2d358309fe80bb7117929b5acf62b7fd2b25ae3,2585,74.0,31.0,physical_only,-2.000076981264207e-05,-0.0009871196027897112,-2.8912770183842904e-06,4.724449437853759e-05,-1.710949279425778e-05,-0.0010343640971682494
15,15,unloading,1.1,dc37c664680c13cc79b71e19e2d358309fe80bb7117929b5acf62b7fd2b25ae3,2586,75.0,31.0,physical_only,-2.86569933012932e-05,-0.0012095743456959716,-3.4034928549080738e-06,6.508319651399299e-05,-2.5253500446385128e-05,-0.0012746575422099638
15,15,unloading,1.1,dc37c664680c13cc79b71e19e2d358309fe80bb7117929b5acf62b7fd2b25ae3,2587,76.0,31.0,physical_only,-6.578589458888633e-05,-0.0014673867094406289,-4.26676207309816e-06,9.57602814591016e-05,-6.151913251578818e-05,-0.0015631469908997308
15,15,unloading,1.1,dc37c664680c13cc79b71e19e2d358309fe80bb7117929b5acf62b7fd2b25ae3,2588,77.0,31.0,physical_only,-0.00019099976220922804,-0.0016199158956806403,-5.940500104672414e-06,0.00015809294886945705,-0.0001850592621045556,-0.0017780088445500976
15,15,unloading,1.1,dc37c664680c13cc79b71e19e2d358309fe80bb7117929b5acf62b7fd2b25ae3,2589,78.0,31.0,physical_only,-0.00038375551179875914,-0.00173519463408724,-1.0583315311234854e-05,0.0003387389973987292,-0.00037317219648752434,-0.0020739336314859694
15,15,unloading,1.1,dc37c664680c13cc79b71e19e2d358309fe80bb7117929b5acf62b7fd2b25ae3,2590,79.0,31.0,physical_only,-0.000697901470447909,0.004814411832497886,-2.3713543635800654e-05,0.001270007379529839,-0.0006741879268121084,0.0035444044529680478
15,15,unloading,1.1,dc37c664680c13cc79b71e19e2d358309fe80bb7117929b5acf62b7fd2b25ae3,2591,80.0,31.0,physical_only,-0.000704648662326061,0.08918526545748179,-0.0020769512822202602,0.08091002465011819,0.0013723026198941995,0.0082752408073636
15,15,unloading,1.1,dc37c664680c13cc79b71e19e2d358309fe80bb7117929b5acf62b7fd2b25ae3,2654,62.0,32.0,physical_only,-5.467053919713787e-06,-1.29611109817553e-06,-1.5895920301562387e-06,5.568893014960648e-08,-3.877461889557548e-06,-1.3518000283251364e-06
15,15,unloading,1.1,dc37c664680c13cc79b71e19e2d358309fe80bb7117929b5acf62b7fd2b25ae3,2655,63.0,32.0,interior,-0.0,-0.0,-0.0,-0.0,-0.0,-0.0
15,15,unloading,1.1,dc37c664680c13cc79b71e19e2d358309fe80bb7117929b5acf62b7fd2b25ae3,2656,64.0,32.0,interior,-0.0,-0.0,-0.0,-0.0,-0.0,-0.0
15,15,unloading,1.1,dc37c664680c13cc79b71e19e2d358309fe80bb7117929b5acf62b7fd2b25ae3,2657,65.0,32.0,interior,-0.0,-0.0,-0.0,-0.0,-0.0,-0.0
15,15,unloading,1.1,dc37c664680c13cc79b71e19e2d358309fe80bb7117929b5acf62b7fd2b25ae3,2658,66.0,32.0,interior,-0.0,-0.0,-0.0,-0.0,-0.0,-0.0
15,15,unloading,1.1,dc37c664680c13cc79b71e19e2d358309fe80bb7117929b5acf62b7fd2b25ae3,2659,67.0,32.0,interior,-0.0,-0.0,-0.0,-0.0,-0.0,-0.0
15,15,unloading,1.1,dc37c664680c13cc79b71e19e2d358309fe80bb7117929b5acf62b7fd2b25ae3,2660,68.0,32.0,interior,-0.0,-0.0,-0.0,-0.0,-0.0,-0.0
15,15,unloading,1.1,dc37c664680c13cc79b71e19e2d358309fe80bb7117929b5acf62b7fd2b25ae3,2661,69.0,32.0,interior,-0.0,-0.0,-0.0,-0.0,-0.0,-0.0
15,15,unloading,1.1,dc37c664680c13cc79b71e19e2d358309fe80bb7117929b5acf62b7fd2b25ae3,2662,70.0,32.0,interior,-0.0,-0.0,-0.0,-0.0,-0.0,-0.0
15,15,unloading,1.1,dc37c664680c13cc79b71e19e2d358309fe80bb7117929b5acf62b7fd2b25ae3,2663,71.0,32.0,interior,-0.0,-0.0,-0.0,-0.0,-0.0,-0.0
15,15,unloading,1.1,dc37c664680c13cc79b71e19e2d358309fe80bb7117929b5acf62b7fd2b25ae3,2664,72.0,32.0,interior,-0.0,-0.0,-0.0,-0.0,-0.0,-0.0
15,15,unloading,1.1,dc37c664680c13cc79b71e19e2d358309fe80bb7117929b5acf62b7fd2b25ae3,2665,73.0,32.0,interior,-0.0,-0.0,-0.0,-0.0,-0.0,-0.0
15,15,unloading,1.1,dc37c664680c13cc79b71e19e2d358309fe80bb7117929b5acf62b7fd2b25ae3,2666,74.0,32.0,interior,-0.0,-0.0,-0.0,-0.0,-0.0,-0.0
15,15,unloading,1.1,dc37c664680c13cc79b71e19e2d358309fe80bb7117929b5acf62b7fd2b25ae3,2667,75.0,32.0,interior,-0.0,-0.0,-0.0,-0.0,-0.0,-0.0
15,15,unloading,1.1,dc37c664680c13cc79b71e19e2d358309fe80bb7117929b5acf62b7fd2b25ae3,2668,76.0,32.0,interior,-0.0,-0.0,-0.0,-0.0,-0.0,-0.0
15,15,unloading,1.1,dc37c664680c13cc79b71e19e2d358309fe80bb7117929b5acf62b7fd2b25ae3,2669,77.0,32.0,interior,-0.0,-0.0,-0.0,-0.0,-0.0,-0.0
15,15,unloading,1.1,dc37c664680c13cc79b71e19e2d358309fe80bb7117929b5acf62b7fd2b25ae3,2670,78.0,32.0,interior,-0.0,-0.0,-0.0,-0.0,-0.0,-0.0
15,15,unloading,1.1,dc37c664680c13cc79b71e19e2d358309fe80bb7117929b5acf62b7fd2b25ae3,2671,79.0,32.0,interior,-0.0,-0.0,-0.0,-0.0,-0.0,-0.0
15,15,unloading,1.1,dc37c664680c13cc79b71e19e2d358309fe80bb7117929b5acf62b7fd2b25ae3,2672,80.0,32.0,physical_only,-0.0,-0.0,-0.0,-0.0,-0.0,-0.0
15,15,unloading,1.1,dc37c664680c13cc79b71e19e2d358309fe80bb7117929b5acf62b7fd2b25ae3,2735,62.0,33.0,physical_only,-3.884680474614949e-06,-8.970469711321946e-07,-1.6899379285387884e-06,4.151531856932777e-08,-2.1947425460761604e-06,-9.385622897015223e-07
15,15,unloading,1.1,dc37c664680c13cc79b71e19e2d358309fe80bb7117929b5acf62b7fd2b25ae3,2736,63.0,33.0,interior,-0.0,-0.0,-0.0,-0.0,-0.0,-0.0
15,15,unloading,1.1,dc37c664680c13cc79b71e19e2d358309fe80bb7117929b5acf62b7fd2b25ae3,2737,64.0,33.0,interior,-0.0,-0.0,-0.0,-0.0,-0.0,-0.0
15,15,unloading,1.1,dc37c664680c13cc79b71e19e2d358309fe80bb7117929b5acf62b7fd2b25ae3,2738,65.0,33.0,interior,-0.0,-0.0,-0.0,-0.0,-0.0,-0.0
15,15,unloading,1.1,dc37c664680c13cc79b71e19e2d358309fe80bb7117929b5acf62b7fd2b25ae3,2739,66.0,33.0,interior,-0.0,-0.0,-0.0,-0.0,-0.0,-0.0
15,15,unloading,1.1,dc37c664680c13cc79b71e19e2d358309fe80bb7117929b5acf62b7fd2b25ae3,2740,67.0,33.0,interior,-0.0,-0.0,-0.0,-0.0,-0.0,-0.0
15,15,unloading,1.1,dc37c664680c13cc79b71e19e2d358309fe80bb7117929b5acf62b7fd2b25ae3,2741,68.0,33.0,interior,-0.0,-0.0,-0.0,-0.0,-0.0,-0.0
15,15,unloading,1.1,dc37c664680c13cc79b71e19e2d358309fe80bb7117929b5acf62b7fd2b25ae3,2742,69.0,33.0,interior,-0.0,-0.0,-0.0,-0.0,-0.0,-0.0
15,15,unloading,1.1,dc37c664680c13cc79b71e19e2d358309fe80bb7117929b5acf62b7fd2b25ae3,2743,70.0,33.0,interior,-0.0,-0.0,-0.0,-0.0,-0.0,-0.0
15,15,unloading,1.1,dc37c664680c13cc79b71e19e2d358309fe80bb7117929b5acf62b7fd2b25ae3,2744,71.0,33.0,interior,-0.0,-0.0,-0.0,-0.0,-0.0,-0.0
15,15,unloading,1.1,dc37c664680c13cc79b71e19e2d358309fe80bb7117929b5acf62b7fd2b25ae3,2745,72.0,33.0,interior,-0.0,-0.0,-0.0,-0.0,-0.0,-0.0
15,15,unloading,1.1,dc37c664680c13cc79b71e19e2d358309fe80bb7117929b5acf62b7fd2b25ae3,2746,73.0,33.0,interior,-0.0,-0.0,-0.0,-0.0,-0.0,-0.0
15,15,unloading,1.1,dc37c664680c13cc79b71e19e2d358309fe80bb7117929b5acf62b7fd2b25ae3,2747,74.0,33.0,interior,-0.0,-0.0,-0.0,-0.0,-0.0,-0.0
15,15,unloading,1.1,dc37c664680c13cc79b71e19e2d358309fe80bb7117929b5acf62b7fd2b25ae3,2748,75.0,33.0,interior,-0.0,-0.0,-0.0,-0.0,-0.0,-0.0
15,15,unloading,1.1,dc37c664680c13cc79b71e19e2d358309fe80bb7117929b5acf62b7fd2b25ae3,2749,76.0,33.0,interior,-0.0,-0.0,-0.0,-0.0,-0.0,-0.0
15,15,unloading,1.1,dc37c664680c13cc79b71e19e2d358309fe80bb7117929b5acf62b7fd2b25ae3,2750,77.0,33.0,interior,-0.0,-0.0,-0.0,-0.0,-0.0,-0.0
15,15,unloading,1.1,dc37c664680c13cc79b71e19e2d358309fe80bb7117929b5acf62b7fd2b25ae3,2751,78.0,33.0,interior,-0.0,-0.0,-0.0,-0.0,-0.0,-0.0
15,15,unloading,1.1,dc37c664680c13cc79b71e19e2d358309fe80bb7117929b5acf62b7fd2b25ae3,2752,79.0,33.0,interior,-0.0,-0.0,-0.0,-0.0,-0.0,-0.0
15,15,unloading,1.1,dc37c664680c13cc79b71e19e2d358309fe80bb7117929b5acf62b7fd2b25ae3,2753,80.0,33.0,physical_only,-0.0,-0.0,-0.0,-0.0,-0.0,-0.0
15,15,unloading,1.1,dc37c664680c13cc79b71e19e2d358309fe80bb7117929b5acf62b7fd2b25ae3,2816,62.0,34.0,physical_only,-3.1395985208244207e-06,-3.8560273530349273e-07,-1.7696705994365794e-06,3.343698614580247e-08,-1.369927921387843e-06,-4.1903972144929525e-07
15,15,unloading,1.1,dc37c664680c13cc79b71e19e2d358309fe80bb7117929b5acf62b7fd2b25ae3,2817,63.0,34.0,interior,-0.0,-0.0,-0.0,-0.0,-0.0,-0.0
15,15,unloading,1.1,dc37c664680c13cc79b71e19e2d358309fe80bb7117929b5acf62b7fd2b25ae3,2818,64.0,34.0,interior,-0.0,-0.0,-0.0,-0.0,-0.0,-0.0
15,15,unloading,1.1,dc37c664680c13cc79b71e19e2d358309fe80bb7117929b5acf62b7fd2b25ae3,2819,65.0,34.0,interior,-0.0,-0.0,-0.0,-0.0,-0.0,-0.0
15,15,unloading,1.1,dc37c664680c13cc79b71e19e2d358309fe80bb7117929b5acf62b7fd2b25ae3,2820,66.0,34.0,interior,-0.0,-0.0,-0.0,-0.0,-0.0,-0.0
15,15,unloading,1.1,dc37c664680c13cc79b71e19e2d358309fe80bb7117929b5acf62b7fd2b25ae3,2821,67.0,34.0,interior,-0.0,-0.0,-0.0,-0.0,-0.0,-0.0
15,15,unloading,1.1,dc37c664680c13cc79b71e19e2d358309fe80bb7117929b5acf62b7fd2b25ae3,2822,68.0,34.0,interior,-0.0,-0.0,-0.0,-0.0,-0.0,-0.0
15,15,unloading,1.1,dc37c664680c13cc79b71e19e2d358309fe80bb7117929b5acf62b7fd2b25ae3,2823,69.0,34.0,interior,-0.0,-0.0,-0.0,-0.0,-0.0,-0.0
15,15,unloading,1.1,dc37c664680c13cc79b71e19e2d358309fe80bb7117929b5acf62b7fd2b25ae3,2824,70.0,34.0,interior,-0.0,-0.0,-0.0,-0.0,-0.0,-0.0
15,15,unloading,1.1,dc37c664680c13cc79b71e19e2d358309fe80bb7117929b5acf62b7fd2b25ae3,2825,71.0,34.0,interior,-0.0,-0.0,-0.0,-0.0,-0.0,-0.0
15,15,unloading,1.1,dc37c664680c13cc79b71e19e2d358309fe80bb7117929b5acf62b7fd2b25ae3,2826,72.0,34.0,interior,-0.0,-0.0,-0.0,-0.0,-0.0,-0.0
15,15,unloading,1.1,dc37c664680c13cc79b71e19e2d358309fe80bb7117929b5acf62b7fd2b25ae3,2827,73.0,34.0,interior,-0.0,-0.0,-0.0,-0.0,-0.0,-0.0
15,15,unloading,1.1,dc37c664680c13cc79b71e19e2d358309fe80bb7117929b5acf62b7fd2b25ae3,2828,74.0,34.0,interior,-0.0,-0.0,-0.0,-0.0,-0.0,-0.0
15,15,unloading,1.1,dc37c664680c13cc79b71e19e2d358309fe80bb7117929b5acf62b7fd2b25ae3,2829,75.0,34.0,interior,-0.0,-0.0,-0.0,-0.0,-0.0,-0.0
15,15,unloading,1.1,dc37c664680c13cc79b71e19e2d358309fe80bb7117929b5acf62b7fd2b25ae3,2830,76.0,34.0,interior,-0.0,-0.0,-0.0,-0.0,-0.0,-0.0
15,15,unloading,1.1,dc37c664680c13cc79b71e19e2d358309fe80bb7117929b5acf62b7fd2b25ae3,2831,77.0,34.0,interior,-0.0,-0.0,-0.0,-0.0,-0.0,-0.0
15,15,unloading,1.1,dc37c664680c13cc79b71e19e2d358309fe80bb7117929b5acf62b7fd2b25ae3,2832,78.0,34.0,interior,-0.0,-0.0,-0.0,-0.0,-0.0,-0.0
15,15,unloading,1.1,dc37c664680c13cc79b71e19e2d358309fe80bb7117929b5acf62b7fd2b25ae3,2833,79.0,34.0,interior,-0.0,-0.0,-0.0,-0.0,-0.0,-0.0
15,15,unloading,1.1,dc37c664680c13cc79b71e19e2d358309fe80bb7117929b5acf62b7fd2b25ae3,2834,80.0,34.0,physical_only,-0.0,-0.0,-0.0,-0.0,-0.0,-0.0
15,15,unloading,1.1,dc37c664680c13cc79b71e19e2d358309fe80bb7117929b5acf62b7fd2b25ae3,2897,62.0,35.0,physical_only,-2.9414742691653005e-06,-7.07095772213831e-09,-1.8355186798241336e-06,2.8507433034387143e-08,-1.1059555893411677e-06,-3.557839075652544e-08
15,15,unloading,1.1,dc37c664680c13cc79b71e19e2d358309fe80bb7117929b5acf62b7fd2b25ae3,2898,63.0,35.0,interior,-0.0,-0.0,-0.0,-0.0,-0.0,-0.0
15,15,unloading,1.1,dc37c664680c13cc79b71e19e2d358309fe80bb7117929b5acf62b7fd2b25ae3,2899,64.0,35.0,interior,-0.0,-0.0,-0.0,-0.0,-0.0,-0.0
15,15,unloading,1.1,dc37c664680c13cc79b71e19e2d358309fe80bb7117929b5acf62b7fd2b25ae3,2900,65.0,35.0,interior,-0.0,-0.0,-0.0,-0.0,-0.0,-0.0
15,15,unloading,1.1,dc37c664680c13cc79b71e19e2d358309fe80bb7117929b5acf62b7fd2b25ae3,2901,66.0,35.0,interior,-0.0,-0.0,-0.0,-0.0,-0.0,-0.0
15,15,unloading,1.1,dc37c664680c13cc79b71e19e2d358309fe80bb7117929b5acf62b7fd2b25ae3,2902,67.0,35.0,interior,-0.0,-0.0,-0.0,-0.0,-0.0,-0.0
15,15,unloading,1.1,dc37c664680c13cc79b71e19e2d358309fe80bb7117929b5acf62b7fd2b25ae3,2903,68.0,35.0,interior,-0.0,-0.0,-0.0,-0.0,-0.0,-0.0
15,15,unloading,1.1,dc37c664680c13cc79b71e19e2d358309fe80bb7117929b5acf62b7fd2b25ae3,2904,69.0,35.0,interior,-0.0,-0.0,-0.0,-0.0,-0.0,-0.0
15,15,unloading,1.1,dc37c664680c13cc79b71e19e2d358309fe80bb7117929b5acf62b7fd2b25ae3,2905,70.0,35.0,interior,-0.0,-0.0,-0.0,-0.0,-0.0,-0.0
15,15,unloading,1.1,dc37c664680c13cc79b71e19e2d358309fe80bb7117929b5acf62b7fd2b25ae3,2906,71.0,35.0,interior,-0.0,-0.0,-0.0,-0.0,-0.0,-0.0
15,15,unloading,1.1,dc37c664680c13cc79b71e19e2d358309fe80bb7117929b5acf62b7fd2b25ae3,2907,72.0,35.0,interior,-0.0,-0.0,-0.0,-0.0,-0.0,-0.0
15,15,unloading,1.1,dc37c664680c13cc79b71e19e2d358309fe80bb7117929b5acf62b7fd2b25ae3,2908,73.0,35.0,interior,-0.0,-0.0,-0.0,-0.0,-0.0,-0.0
15,15,unloading,1.1,dc37c664680c13cc79b71e19e2d358309fe80bb7117929b5acf62b7fd2b25ae3,2909,74.0,35.0,interior,-0.0,-0.0,-0.0,-0.0,-0.0,-0.0
15,15,unloading,1.1,dc37c664680c13cc79b71e19e2d358309fe80bb7117929b5acf62b7fd2b25ae3,2910,75.0,35.0,interior,-0.0,-0.0,-0.0,-0.0,-0.0,-0.0
15,15,unloading,1.1,dc37c664680c13cc79b71e19e2d358309fe80bb7117929b5acf62b7fd2b25ae3,2911,76.0,35.0,interior,-0.0,-0.0,-0.0,-0.0,-0.0,-0.0
15,15,unloading,1.1,dc37c664680c13cc79b71e19e2d358309fe80bb7117929b5acf62b7fd2b25ae3,2912,77.0,35.0,interior,-0.0,-0.0,-0.0,-0.0,-0.0,-0.0
15,15,unloading,1.1,dc37c664680c13cc79b71e19e2d358309fe80bb7117929b5acf62b7fd2b25ae3,2913,78.0,35.0,interior,-0.0,-0.0,-0.0,-0.0,-0.0,-0.0
15,15,unloading,1.1,dc37c664680c13cc79b71e19e2d358309fe80bb7117929b5acf62b7fd2b25ae3,2914,79.0,35.0,interior,-0.0,-0.0,-0.0,-0.0,-0.0,-0.0
15,15,unloading,1.1,dc37c664680c13cc79b71e19e2d358309fe80bb7117929b5acf62b7fd2b25ae3,2915,80.0,35.0,physical_only,-0.0,-0.0,-0.0,-0.0,-0.0,-0.0
15,15,unloading,1.1,dc37c664680c13cc79b71e19e2d358309fe80bb7117929b5acf62b7fd2b25ae3,2978,62.0,36.0,physical_only,-3.002349449870218e-06,1.7914323680986465e-07,-1.8902493849624909e-06,2.4342120214662798e-08,-1.1121000649077264e-06,1.548011165952018e-07
15,15,unloading,1.1,dc37c664680c13cc79b71e19e2d358309fe80bb7117929b5acf62b7fd2b25ae3,2979,63.0,36.0,interior,-0.0,-0.0,-0.0,-0.0,-0.0,-0.0
15,15,unloading,1.1,dc37c664680c13cc79b71e19e2d358309fe80bb7117929b5acf62b7fd2b25ae3,2980,64.0,36.0,interior,-0.0,-0.0,-0.0,-0.0,-0.0,-0.0
15,15,unloading,1.1,dc37c664680c13cc79b71e19e2d358309fe80bb7117929b5acf62b7fd2b25ae3,2981,65.0,36.0,interior,-0.0,-0.0,-0.0,-0.0,-0.0,-0.0
15,15,unloading,1.1,dc37c664680c13cc79b71e19e2d358309fe80bb7117929b5acf62b7fd2b25ae3,2982,66.0,36.0,interior,-0.0,-0.0,-0.0,-0.0,-0.0,-0.0
15,15,unloading,1.1,dc37c664680c13cc79b71e19e2d358309fe80bb7117929b5acf62b7fd2b25ae3,2983,67.0,36.0,interior,-0.0,-0.0,-0.0,-0.0,-0.0,-0.0
15,15,unloading,1.1,dc37c664680c13cc79b71e19e2d358309fe80bb7117929b5acf62b7fd2b25ae3,2984,68.0,36.0,interior,-0.0,-0.0,-0.0,-0.0,-0.0,-0.0
15,15,unloading,1.1,dc37c664680c13cc79b71e19e2d358309fe80bb7117929b5acf62b7fd2b25ae3,2985,69.0,36.0,interior,-0.0,-0.0,-0.0,-0.0,-0.0,-0.0
15,15,unloading,1.1,dc37c664680c13cc79b71e19e2d358309fe80bb7117929b5acf62b7fd2b25ae3,2986,70.0,36.0,interior,-0.0,-0.0,-0.0,-0.0,-0.0,-0.0
15,15,unloading,1.1,dc37c664680c13cc79b71e19e2d358309fe80bb7117929b5acf62b7fd2b25ae3,2987,71.0,36.0,interior,-0.0,-0.0,-0.0,-0.0,-0.0,-0.0
15,15,unloading,1.1,dc37c664680c13cc79b71e19e2d358309fe80bb7117929b5acf62b7fd2b25ae3,2988,72.0,36.0,interior,-0.0,-0.0,-0.0,-0.0,-0.0,-0.0
15,15,unloading,1.1,dc37c664680c13cc79b71e19e2d358309fe80bb7117929b5acf62b7fd2b25ae3,2989,73.0,36.0,interior,-0.0,-0.0,-0.0,-0.0,-0.0,-0.0
15,15,unloading,1.1,dc37c664680c13cc79b71e19e2d358309fe80bb7117929b5acf62b7fd2b25ae3,2990,74.0,36.0,interior,-0.0,-0.0,-0.0,-0.0,-0.0,-0.0
15,15,unloading,1.1,dc37c664680c13cc79b71e19e2d358309fe80bb7117929b5acf62b7fd2b25ae3,2991,75.0,36.0,interior,-0.0,-0.0,-0.0,-0.0,-0.0,-0.0
15,15,unloading,1.1,dc37c664680c13cc79b71e19e2d358309fe80bb7117929b5acf62b7fd2b25ae3,2992,76.0,36.0,interior,-0.0,-0.0,-0.0,-0.0,-0.0,-0.0
15,15,unloading,1.1,dc37c664680c13cc79b71e19e2d358309fe80bb7117929b5acf62b7fd2b25ae3,2993,77.0,36.0,interior,-0.0,-0.0,-0.0,-0.0,-0.0,-0.0
15,15,unloading,1.1,dc37c664680c13cc79b71e19e2d358309fe80bb7117929b5acf62b7fd2b25ae3,2994,78.0,36.0,interior,-0.0,-0.0,-0.0,-0.0,-0.0,-0.0
15,15,unloading,1.1,dc37c664680c13cc79b71e19e2d358309fe80bb7117929b5acf62b7fd2b25ae3,2995,79.0,36.0,interior,-0.0,-0.0,-0.0,-0.0,-0.0,-0.0
15,15,unloading,1.1,dc37c664680c13cc79b71e19e2d358309fe80bb7117929b5acf62b7fd2b25ae3,2996,80.0,36.0,physical_only,-0.0,-0.0,-0.0,-0.0,-0.0,-0.0
15,15,unloading,1.1,dc37c664680c13cc79b71e19e2d358309fe80bb7117929b5acf62b7fd2b25ae3,3059,62.0,37.0,physical_only,-3.1331318001281805e-06,2.2053620413105461e-07,-1.9341627230784535e-06,1.9590169295932675e-08,-1.1989690770497274e-06,2.0094603483512194e-07
15,15,unloading,1.1,dc37c664680c13cc79b71e19e2d358309fe80bb7117929b5acf62b7fd2b25ae3,3060,63.0,37.0,interior,-0.0,-0.0,-0.0,-0.0,-0.0,-0.0
15,15,unloading,1.1,dc37c664680c13cc79b71e19e2d358309fe80bb7117929b5acf62b7fd2b25ae3,3061,64.0,37.0,interior,-0.0,-0.0,-0.0,-0.0,-0.0,-0.0
15,15,unloading,1.1,dc37c664680c13cc79b71e19e2d358309fe80bb7117929b5acf62b7fd2b25ae3,3062,65.0,37.0,interior,-0.0,-0.0,-0.0,-0.0,-0.0,-0.0
15,15,unloading,1.1,dc37c664680c13cc79b71e19e2d358309fe80bb7117929b5acf62b7fd2b25ae3,3063,66.0,37.0,interior,-0.0,-0.0,-0.0,-0.0,-0.0,-0.0
15,15,unloading,1.1,dc37c664680c13cc79b71e19e2d358309fe80bb7117929b5acf62b7fd2b25ae3,3064,67.0,37.0,interior,-0.0,-0.0,-0.0,-0.0,-0.0,-0.0
15,15,unloading,1.1,dc37c664680c13cc79b71e19e2d358309fe80bb7117929b5acf62b7fd2b25ae3,3065,68.0,37.0,interior,-0.0,-0.0,-0.0,-0.0,-0.0,-0.0
15,15,unloading,1.1,dc37c664680c13cc79b71e19e2d358309fe80bb7117929b5acf62b7fd2b25ae3,3066,69.0,37.0,interior,-0.0,-0.0,-0.0,-0.0,-0.0,-0.0
15,15,unloading,1.1,dc37c664680c13cc79b71e19e2d358309fe80bb7117929b5acf62b7fd2b25ae3,3067,70.0,37.0,interior,-0.0,-0.0,-0.0,-0.0,-0.0,-0.0
15,15,unloading,1.1,dc37c664680c13cc79b71e19e2d358309fe80bb7117929b5acf62b7fd2b25ae3,3068,71.0,37.0,interior,-0.0,-0.0,-0.0,-0.0,-0.0,-0.0
15,15,unloading,1.1,dc37c664680c13cc79b71e19e2d358309fe80bb7117929b5acf62b7fd2b25ae3,3069,72.0,37.0,interior,-0.0,-0.0,-0.0,-0.0,-0.0,-0.0
15,15,unloading,1.1,dc37c664680c13cc79b71e19e2d358309fe80bb7117929b5acf62b7fd2b25ae3,3070,73.0,37.0,interior,-0.0,-0.0,-0.0,-0.0,-0.0,-0.0
15,15,unloading,1.1,dc37c664680c13cc79b71e19e2d358309fe80bb7117929b5acf62b7fd2b25ae3,3071,74.0,37.0,interior,-0.0,-0.0,-0.0,-0.0,-0.0,-0.0
15,15,unloading,1.1,dc37c664680c13cc79b71e19e2d358309fe80bb7117929b5acf62b7fd2b25ae3,3072,75.0,37.0,interior,-0.0,-0.0,-0.0,-0.0,-0.0,-0.0
15,15,unloading,1.1,dc37c664680c13cc79b71e19e2d358309fe80bb7117929b5acf62b7fd2b25ae3,3073,76.0,37.0,interior,-0.0,-0.0,-0.0,-0.0,-0.0,-0.0
15,15,unloading,1.1,dc37c664680c13cc79b71e19e2d358309fe80bb7117929b5acf62b7fd2b25ae3,3074,77.0,37.0,interior,-0.0,-0.0,-0.0,-0.0,-0.0,-0.0
15,15,unloading,1.1,dc37c664680c13cc79b71e19e2d358309fe80bb7117929b5acf62b7fd2b25ae3,3075,78.0,37.0,interior,-0.0,-0.0,-0.0,-0.0,-0.0,-0.0
15,15,unloading,1.1,dc37c664680c13cc79b71e19e2d358309fe80bb7117929b5acf62b7fd2b25ae3,3076,79.0,37.0,interior,-0.0,-0.0,-0.0,-0.0,-0.0,-0.0
15,15,unloading,1.1,dc37c664680c13cc79b71e19e2d358309fe80bb7117929b5acf62b7fd2b25ae3,3077,80.0,37.0,physical_only,-0.0,-0.0,-0.0,-0.0,-0.0,-0.0
15,15,unloading,1.1,dc37c664680c13cc79b71e19e2d358309fe80bb7117929b5acf62b7fd2b25ae3,3140,62.0,38.0,physical_only,-3.2464379107329067e-06,1.7588579476705823e-07,-1.966495447189931e-06,1.3819828308842518e-08,-1.2799424635429759e-06,1.620659664582158e-07
15,15,unloading,1.1,dc37c664680c13cc79b71e19e2d358309fe80bb7117929b5acf62b7fd2b25ae3,3141,63.0,38.0,interior,-0.0,-0.0,-0.0,-0.0,-0.0,-0.0
15,15,unloading,1.1,dc37c664680c13cc79b71e19e2d358309fe80bb7117929b5acf62b7fd2b25ae3,3142,64.0,38.0,interior,-0.0,-0.0,-0.0,-0.0,-0.0,-0.0
15,15,unloading,1.1,dc37c664680c13cc79b71e19e2d358309fe80bb7117929b5acf62b7fd2b25ae3,3143,65.0,38.0,interior,-0.0,-0.0,-0.0,-0.0,-0.0,-0.0
15,15,unloading,1.1,dc37c664680c13cc79b71e19e2d358309fe80bb7117929b5acf62b7fd2b25ae3,3144,66.0,38.0,interior,-0.0,-0.0,-0.0,-0.0,-0.0,-0.0
15,15,unloading,1.1,dc37c664680c13cc79b71e19e2d358309fe80bb7117929b5acf62b7fd2b25ae3,3145,67.0,38.0,interior,-0.0,-0.0,-0.0,-0.0,-0.0,-0.0
15,15,unloading,1.1,dc37c664680c13cc79b71e19e2d358309fe80bb7117929b5acf62b7fd2b25ae3,3146,68.0,38.0,interior,-0.0,-0.0,-0.0,-0.0,-0.0,-0.0
15,15,unloading,1.1,dc37c664680c13cc79b71e19e2d358309fe80bb7117929b5acf62b7fd2b25ae3,3147,69.0,38.0,interior,-0.0,-0.0,-0.0,-0.0,-0.0,-0.0
15,15,unloading,1.1,dc37c664680c13cc79b71e19e2d358309fe80bb7117929b5acf62b7fd2b25ae3,3148,70.0,38.0,interior,-0.0,-0.0,-0.0,-0.0,-0.0,-0.0
15,15,unloading,1.1,dc37c664680c13cc79b71e19e2d358309fe80bb7117929b5acf62b7fd2b25ae3,3149,71.0,38.0,interior,-0.0,-0.0,-0.0,-0.0,-0.0,-0.0
15,15,unloading,1.1,dc37c664680c13cc79b71e19e2d358309fe80bb7117929b5acf62b7fd2b25ae3,3150,72.0,38.0,interior,-0.0,-0.0,-0.0,-0.0,-0.0,-0.0
15,15,unloading,1.1,dc37c664680c13cc79b71e19e2d358309fe80bb7117929b5acf62b7fd2b25ae3,3151,73.0,38.0,interior,-0.0,-0.0,-0.0,-0.0,-0.0,-0.0
15,15,unloading,1.1,dc37c664680c13cc79b71e19e2d358309fe80bb7117929b5acf62b7fd2b25ae3,3152,74.0,38.0,interior,-0.0,-0.0,-0.0,-0.0,-0.0,-0.0
15,15,unloading,1.1,dc37c664680c13cc79b71e19e2d358309fe80bb7117929b5acf62b7fd2b25ae3,3153,75.0,38.0,interior,-0.0,-0.0,-0.0,-0.0,-0.0,-0.0
15,15,unloading,1.1,dc37c664680c13cc79b71e19e2d358309fe80bb7117929b5acf62b7fd2b25ae3,3154,76.0,38.0,interior,-0.0,-0.0,-0.0,-0.0,-0.0,-0.0
15,15,unloading,1.1,dc37c664680c13cc79b71e19e2d358309fe80bb7117929b5acf62b7fd2b25ae3,3155,77.0,38.0,interior,-0.0,-0.0,-0.0,-0.0,-0.0,-0.0
15,15,unloading,1.1,dc37c664680c13cc79b71e19e2d358309fe80bb7117929b5acf62b7fd2b25ae3,3156,78.0,38.0,interior,-0.0,-0.0,-0.0,-0.0,-0.0,-0.0
15,15,unloading,1.1,dc37c664680c13cc79b71e19e2d358309fe80bb7117929b5acf62b7fd2b25ae3,3157,79.0,38.0,interior,-0.0,-0.0,-0.0,-0.0,-0.0,-0.0
15,15,unloading,1.1,dc37c664680c13cc79b71e19e2d358309fe80bb7117929b5acf62b7fd2b25ae3,3158,80.0,38.0,physical_only,-0.0,-0.0,-0.0,-0.0,-0.0,-0.0
15,15,unloading,1.1,dc37c664680c13cc79b71e19e2d358309fe80bb7117929b5acf62b7fd2b25ae3,3221,62.0,39.0,physical_only,-3.3135107140455177e-06,9.344058548949523e-08,-1.986328312547436e-06,7.156674956115357e-09,-1.3271824014980818e-06,8.628391053337972e-08
15,15,unloading,1.1,dc37c664680c13cc79b71e19e2d358309fe80bb7117929b5acf62b7fd2b25ae3,3222,63.0,39.0,interior,-0.0,-0.0,-0.0,-0.0,-0.0,-0.0
15,15,unloading,1.1,dc37c664680c13cc79b71e19e2d358309fe80bb7117929b5acf62b7fd2b25ae3,3223,64.0,39.0,interior,-0.0,-0.0,-0.0,-0.0,-0.0,-0.0
15,15,unloading,1.1,dc37c664680c13cc79b71e19e2d358309fe80bb7117929b5acf62b7fd2b25ae3,3224,65.0,39.0,interior,-0.0,-0.0,-0.0,-0.0,-0.0,-0.0
15,15,unloading,1.1,dc37c664680c13cc79b71e19e2d358309fe80bb7117929b5acf62b7fd2b25ae3,3225,66.0,39.0,interior,-0.0,-0.0,-0.0,-0.0,-0.0,-0.0
15,15,unloading,1.1,dc37c664680c13cc79b71e19e2d358309fe80bb7117929b5acf62b7fd2b25ae3,3226,67.0,39.0,interior,-0.0,-0.0,-0.0,-0.0,-0.0,-0.0
15,15,unloading,1.1,dc37c664680c13cc79b71e19e2d358309fe80bb7117929b5acf62b7fd2b25ae3,3227,68.0,39.0,interior,-0.0,-0.0,-0.0,-0.0,-0.0,-0.0
15,15,unloading,1.1,dc37c664680c13cc79b71e19e2d358309fe80bb7117929b5acf62b7fd2b25ae3,3228,69.0,39.0,interior,-0.0,-0.0,-0.0,-0.0,-0.0,-0.0
15,15,unloading,1.1,dc37c664680c13cc79b71e19e2d358309fe80bb7117929b5acf62b7fd2b25ae3,3229,70.0,39.0,interior,-0.0,-0.0,-0.0,-0.0,-0.0,-0.0
15,15,unloading,1.1,dc37c664680c13cc79b71e19e2d358309fe80bb7117929b5acf62b7fd2b25ae3,3230,71.0,39.0,interior,-0.0,-0.0,-0.0,-0.0,-0.0,-0.0
15,15,unloading,1.1,dc37c664680c13cc79b71e19e2d358309fe80bb7117929b5acf62b7fd2b25ae3,3231,72.0,39.0,interior,-0.0,-0.0,-0.0,-0.0,-0.0,-0.0
15,15,unloading,1.1,dc37c664680c13cc79b71e19e2d358309fe80bb7117929b5acf62b7fd2b25ae3,3232,73.0,39.0,interior,-0.0,-0.0,-0.0,-0.0,-0.0,-0.0
15,15,unloading,1.1,dc37c664680c13cc79b71e19e2d358309fe80bb7117929b5acf62b7fd2b25ae3,3233,74.0,39.0,interior,-0.0,-0.0,-0.0,-0.0,-0.0,-0.0
15,15,unloading,1.1,dc37c664680c13cc79b71e19e2d358309fe80bb7117929b5acf62b7fd2b25ae3,3234,75.0,39.0,interior,-0.0,-0.0,-0.0,-0.0,-0.0,-0.0
15,15,unloading,1.1,dc37c664680c13cc79b71e19e2d358309fe80bb7117929b5acf62b7fd2b25ae3,3235,76.0,39.0,interior,-0.0,-0.0,-0.0,-0.0,-0.0,-0.0
15,15,unloading,1.1,dc37c664680c13cc79b71e19e2d358309fe80bb7117929b5acf62b7fd2b25ae3,3236,77.0,39.0,interior,-0.0,-0.0,-0.0,-0.0,-0.0,-0.0
15,15,unloading,1.1,dc37c664680c13cc79b71e19e2d358309fe80bb7117929b5acf62b7fd2b25ae3,3237,78.0,39.0,interior,-0.0,-0.0,-0.0,-0.0,-0.0,-0.0
15,15,unloading,1.1,dc37c664680c13cc79b71e19e2d358309fe80bb7117929b5acf62b7fd2b25ae3,3238,79.0,39.0,interior,-0.0,-0.0,-0.0,-0.0,-0.0,-0.0
15,15,unloading,1.1,dc37c664680c13cc79b71e19e2d358309fe80bb7117929b5acf62b7fd2b25ae3,3239,80.0,39.0,physical_only,-0.0,-0.0,-0.0,-0.0,-0.0,-0.0
15,15,unloading,1.1,dc37c664680c13cc79b71e19e2d358309fe80bb7117929b5acf62b7fd2b25ae3,3302,62.0,40.0,physical_and_cut,-1.6673623788834668e-06,-1.0729175272604794e-06,-9.965071337592014e-07,-4.5273696389729907e-07,-6.708552451242655e-07,-6.201805633631804e-07
15,15,unloading,1.1,dc37c664680c13cc79b71e19e2d358309fe80bb7117929b5acf62b7fd2b25ae3,3303,63.0,40.0,cut_only,-0.0,-0.0,-0.0,-0.0,-0.0,-0.0
15,15,unloading,1.1,dc37c664680c13cc79b71e19e2d358309fe80bb7117929b5acf62b7fd2b25ae3,3304,64.0,40.0,cut_only,-0.0,-0.0,-0.0,-0.0,-0.0,-0.0
15,15,unloading,1.1,dc37c664680c13cc79b71e19e2d358309fe80bb7117929b5acf62b7fd2b25ae3,3305,65.0,40.0,cut_only,-0.0,-0.0,-0.0,-0.0,-0.0,-0.0
15,15,unloading,1.1,dc37c664680c13cc79b71e19e2d358309fe80bb7117929b5acf62b7fd2b25ae3,3306,66.0,40.0,cut_only,-0.0,-0.0,-0.0,-0.0,-0.0,-0.0
15,15,unloading,1.1,dc37c664680c13cc79b71e19e2d358309fe80bb7117929b5acf62b7fd2b25ae3,3307,67.0,40.0,cut_only,-0.0,-0.0,-0.0,-0.0,-0.0,-0.0
15,15,unloading,1.1,dc37c664680c13cc79b71e19e2d358309fe80bb7117929b5acf62b7fd2b25ae3,3308,68.0,40.0,cut_only,-0.0,-0.0,-0.0,-0.0,-0.0,-0.0
15,15,unloading,1.1,dc37c664680c13cc79b71e19e2d358309fe80bb7117929b5acf62b7fd2b25ae3,3309,69.0,40.0,cut_only,-0.0,-0.0,-0.0,-0.0,-0.0,-0.0
15,15,unloading,1.1,dc37c664680c13cc79b71e19e2d358309fe80bb7117929b5acf62b7fd2b25ae3,3310,70.0,40.0,cut_only,-0.0,-0.0,-0.0,-0.0,-0.0,-0.0
15,15,unloading,1.1,dc37c664680c13cc79b71e19e2d358309fe80bb7117929b5acf62b7fd2b25ae3,3311,71.0,40.0,cut_only,-0.0,-0.0,-0.0,-0.0,-0.0,-0.0
15,15,unloading,1.1,dc37c664680c13cc79b71e19e2d358309fe80bb7117929b5acf62b7fd2b25ae3,3312,72.0,40.0,cut_only,-0.0,-0.0,-0.0,-0.0,-0.0,-0.0
15,15,unloading,1.1,dc37c664680c13cc79b71e19e2d358309fe80bb7117929b5acf62b7fd2b25ae3,3313,73.0,40.0,cut_only,-0.0,-0.0,-0.0,-0.0,-0.0,-0.0
15,15,unloading,1.1,dc37c664680c13cc79b71e19e2d358309fe80bb7117929b5acf62b7fd2b25ae3,3314,74.0,40.0,cut_only,-0.0,-0.0,-0.0,-0.0,-0.0,-0.0
15,15,unloading,1.1,dc37c664680c13cc79b71e19e2d358309fe80bb7117929b5acf62b7fd2b25ae3,3315,75.0,40.0,cut_only,-0.0,-0.0,-0.0,-0.0,-0.0,-0.0
15,15,unloading,1.1,dc37c664680c13cc79b71e19e2d358309fe80bb7117929b5acf62b7fd2b25ae3,3316,76.0,40.0,cut_only,-0.0,-0.0,-0.0,-0.0,-0.0,-0.0
15,15,unloading,1.1,dc37c664680c13cc79b71e19e2d358309fe80bb7117929b5acf62b7fd2b25ae3,3317,77.0,40.0,cut_only,-0.0,-0.0,-0.0,-0.0,-0.0,-0.0
15,15,unloading,1.1,dc37c664680c13cc79b71e19e2d358309fe80bb7117929b5acf62b7fd2b25ae3,3318,78.0,40.0,cut_only,-0.0,-0.0,-0.0,-0.0,-0.0,-0.0
15,15,unloading,1.1,dc37c664680c13cc79b71e19e2d358309fe80bb7117929b5acf62b7fd2b25ae3,3319,79.0,40.0,cut_only,-0.0,-0.0,-0.0,-0.0,-0.0,-0.0
15,15,unloading,1.1,dc37c664680c13cc79b71e19e2d358309fe80bb7117929b5acf62b7fd2b25ae3,3320,80.0,40.0,physical_and_cut,-0.0,-0.0,-0.0,-0.0,-0.0,-0.0
16,16,unloading,1.0,128bd5a521014bc55b3051444744a3ca2139145d9baa07b0db5b858b54ebb37b,2573,62.0,31.0,physical_only,-0.00043368825676215207,-7.992606816246582e-05,-2.7885352535091866e-06,3.1723189034628376e-06,-0.0004308997215086429,-8.309838706592865e-05
16,16,unloading,1.0,128bd5a521014bc55b3051444744a3ca2139145d9baa07b0db5b858b54ebb37b,2574,63.0,31.0,physical_only,-3.091356838297383e-07,-6.585627959052238e-05,-1.5609735465325427e-06,3.6971753496371265e-06,1.2518378627028044e-06,-6.955345494015958e-05
16,16,unloading,1.0,128bd5a521014bc55b3051444744a3ca2139145d9baa07b0db5b858b54ebb37b,2575,64.0,31.0,physical_only,2.0075451941768445e-06,-8.709532016713464e-05,-1.5970693446237113e-06,4.7770795505516185e-06,3.6046145388005556e-06,-9.187239971768625e-05
16,16,unloading,1.0,128bd5a521014bc55b3051444744a3ca2139145d9baa07b0db5b858b54ebb37b,2576,65.0,31.0,physical_only,2.732810064046837e-06,-0.00011759290173681149,-1.6424208713129795e-06,6.022415077886268e-06,4.375230935359817e-06,-0.00012361531681469773
16,16,unloading,1.0,128bd5a521014bc55b3051444744a3ca2139145d9baa07b0db5b858b54ebb37b,2577,66.0,31.0,physical_only,1.5897952433540405e-06,-0.00015531479181336632,-1.698153741962509e-06,7.487269173628397e-06,3.287948985316545e-06,-0.00016280206098699484
16,16,unloading,1.0,128bd5a521014bc55b3051444744a3ca2139145d9baa07b0db5b858b54ebb37b,2578,67.0,31.0,physical_only,-1.0319388144644152e-06,-0.00019922033013880015,-1.7634765719337178e-06,9.237716850025666e-06,7.315377574693022e-07,-0.00020845804698882582
16,16,unloading,1.0,128bd5a521014bc55b3051444744a3ca2139145d9baa07b0db5b858b54ebb37b,2579,68.0,31.0,physical_only,-1.737242649921417e-06,-0.00025236003137155995,-1.8391140045681584e-06,1.1358129029835462e-05,1.018713546467358e-07,-0.00026371816040139553
16,16,unloading,1.0,128bd5a521014bc55b3051444744a3ca2139145d9baa07b0db5b858b54ebb37b,2580,69.0,31.0,physical_only,-2.9682886945817963e-06,-0.0003188149424546182,-1.9277061778487525e-06,1.396516635895855e-05,-1.0405825167330413e-06,-0.0003327801088135768
16,16,unloading,1.0,128bd5a521014bc55b3051444744a3ca2139145d9baa07b0db5b858b54ebb37b,2581,70.0,31.0,physical_only,-4.625854283615835e-06,-0.00039966193494610095,-2.034156026390429e-06,1.7229107776814377e-05,-2.5916982572254057e-06,-0.000416891042722915
16,16,unloading,1.0,128bd5a521014bc55b3051444744a3ca2139145d9baa07b0db5b858b54ebb37b,2582,71.0,31.0,physical_only,-6.653520545724544e-06,-0.0004972389086432927,-2.1654677409583442e-06,2.140654507353426e-05,-4.488052804766199e-06,-0.0005186454537168268
16,16,unloading,1.0,128bd5a521014bc55b3051444744a3ca2139145d9baa07b0db5b858b54ebb37b,2583,72.0,31.0,physical_only,-8.76451354259756e-06,-0.0006140967026315638,-2.33266841068886e-06,2.690104522313114e-05,-6.431845131908701e-06,-0.0006409977478546952
16,16,unloading,1.0,128bd5a521014bc55b3051444744a3ca2139145d9baa07b0db5b858b54ebb37b,2584,73.0,31.0,physical_only,-1.0342515519367422e-05,-0.000753183641040107,-2.553981325922563e-06,3.438255937554651e-05,-7.78853419344486e-06,-0.0007875662004156532
16,16,unloading,1.0,128bd5a521014bc55b3051444744a3ca2139145d9baa07b0db5b858b54ebb37b,2585,74.0,31.0,physical_only,-9.042739831757832e-06,-0.0009208576063542855,-2.8622704238256505e-06,4.504624845553972e-05,-6.180469407932181e-06,-0.0009659038548098251
16,16,unloading,1.0,128bd5a521014bc55b3051444744a3ca2139145d9baa07b0db5b858b54ebb37b,2586,75.0,31.0,physical_only,-7.763523715830025e-06,-0.0011297969741793307,-3.322971458742682e-06,6.124649079354376e-05,-4.440552257087344e-06,-0.0011910434649728746
16,16,unloading,1.0,128bd5a521014bc55b3051444744a3ca2139145d9baa07b0db5b858b54ebb37b,2587,76.0,31.0,physical_only,-2.236489026791755e-05,-0.0013893913449548323,-4.082293274034189e-06,8.831006884033466e-05,-1.8282596993883364e-05,-0.001477701413795167
16,16,unloading,1.0,128bd5a521014bc55b3051444744a3ca2139145d9baa07b0db5b858b54ebb37b,2588,77.0,31.0,physical_only,-9.674207938845165e-05,-0.0016099194346251566,-5.509358373787391e-06,0.00014086634353829768,-9.123272101466427e-05,-0.0017507857781634542
16,16,unloading,1.0,128bd5a521014bc55b3051444744a3ca2139145d9baa07b0db5b858b54ebb37b,2589,78.0,31.0,physical_only,-0.00021398949893553553,-0.0018175123213045284,-9.111117030796635e-06,0.0002782859688213383,-0.00020487838190473887,-0.0020957982901258655
16,16,unloading,1.0,128bd5a521014bc55b3051444744a3ca2139145d9baa07b0db5b858b54ebb37b,2590,79.0,31.0,physical_only,-0.0004393273994985532,0.0021239555918742027,-2.12135000999023e-05,0.0009444016359653013,-0.00041811389939865095,0.0011795539559089022
16,16,unloading,1.0,128bd5a521014bc55b3051444744a3ca2139145d9baa07b0db5b858b54ebb37b,2591,80.0,31.0,physical_only,-0.0007538674393293068,0.056575569712360885,-0.0014998229096343599,0.04638099910763312,0.000745955470305053,0.010194570604727766
16,16,unloading,1.0,128bd5a521014bc55b3051444744a3ca2139145d9baa07b0db5b858b54ebb37b,2654,62.0,32.0,physical_only,-5.215397939400565e-06,-1.3012386435998501e-06,-1.60499742377675e-06,5.691610407243144e-08,-3.6104005156238157e-06,-1.3581547476722818e-06
16,16,unloading,1.0,128bd5a521014bc55b3051444744a3ca2139145d9baa07b0db5b858b54ebb37b,2655,63.0,32.0,interior,-0.0,-0.0,-0.0,-0.0,-0.0,-0.0
16,16,unloading,1.0,128bd5a521014bc55b3051444744a3ca2139145d9baa07b0db5b858b54ebb37b,2656,64.0,32.0,interior,-0.0,-0.0,-0.0,-0.0,-0.0,-0.0
16,16,unloading,1.0,128bd5a521014bc55b3051444744a3ca2139145d9baa07b0db5b858b54ebb37b,2657,65.0,32.0,interior,-0.0,-0.0,-0.0,-0.0,-0.0,-0.0
16,16,unloading,1.0,128bd5a521014bc55b3051444744a3ca2139145d9baa07b0db5b858b54ebb37b,2658,66.0,32.0,interior,-0.0,-0.0,-0.0,-0.0,-0.0,-0.0
16,16,unloading,1.0,128bd5a521014bc55b3051444744a3ca2139145d9baa07b0db5b858b54ebb37b,2659,67.0,32.0,interior,-0.0,-0.0,-0.0,-0.0,-0.0,-0.0
16,16,unloading,1.0,128bd5a521014bc55b3051444744a3ca2139145d9baa07b0db5b858b54ebb37b,2660,68.0,32.0,interior,-0.0,-0.0,-0.0,-0.0,-0.0,-0.0
16,16,unloading,1.0,128bd5a521014bc55b3051444744a3ca2139145d9baa07b0db5b858b54ebb37b,2661,69.0,32.0,interior,-0.0,-0.0,-0.0,-0.0,-0.0,-0.0
16,16,unloading,1.0,128bd5a521014bc55b3051444744a3ca2139145d9baa07b0db5b858b54ebb37b,2662,70.0,32.0,interior,-0.0,-0.0,-0.0,-0.0,-0.0,-0.0
16,16,unloading,1.0,128bd5a521014bc55b3051444744a3ca2139145d9baa07b0db5b858b54ebb37b,2663,71.0,32.0,interior,-0.0,-0.0,-0.0,-0.0,-0.0,-0.0
16,16,unloading,1.0,128bd5a521014bc55b3051444744a3ca2139145d9baa07b0db5b858b54ebb37b,2664,72.0,32.0,interior,-0.0,-0.0,-0.0,-0.0,-0.0,-0.0
16,16,unloading,1.0,128bd5a521014bc55b3051444744a3ca2139145d9baa07b0db5b858b54ebb37b,2665,73.0,32.0,interior,-0.0,-0.0,-0.0,-0.0,-0.0,-0.0
16,16,unloading,1.0,128bd5a521014bc55b3051444744a3ca2139145d9baa07b0db5b858b54ebb37b,2666,74.0,32.0,interior,-0.0,-0.0,-0.0,-0.0,-0.0,-0.0
16,16,unloading,1.0,128bd5a521014bc55b3051444744a3ca2139145d9baa07b0db5b858b54ebb37b,2667,75.0,32.0,interior,-0.0,-0.0,-0.0,-0.0,-0.0,-0.0
16,16,unloading,1.0,128bd5a521014bc55b3051444744a3ca2139145d9baa07b0db5b858b54ebb37b,2668,76.0,32.0,interior,-0.0,-0.0,-0.0,-0.0,-0.0,-0.0
16,16,unloading,1.0,128bd5a521014bc55b3051444744a3ca2139145d9baa07b0db5b858b54ebb37b,2669,77.0,32.0,interior,-0.0,-0.0,-0.0,-0.0,-0.0,-0.0
16,16,unloading,1.0,128bd5a521014bc55b3051444744a3ca2139145d9baa07b0db5b858b54ebb37b,2670,78.0,32.0,interior,-0.0,-0.0,-0.0,-0.0,-0.0,-0.0
16,16,unloading,1.0,128bd5a521014bc55b3051444744a3ca2139145d9baa07b0db5b858b54ebb37b,2671,79.0,32.0,interior,-0.0,-0.0,-0.0,-0.0,-0.0,-0.0
16,16,unloading,1.0,128bd5a521014bc55b3051444744a3ca2139145d9baa07b0db5b858b54ebb37b,2672,80.0,32.0,physical_only,-0.0,-0.0,-0.0,-0.0,-0.0,-0.0
16,16,unloading,1.0,128bd5a521014bc55b3051444744a3ca2139145d9baa07b0db5b858b54ebb37b,2735,62.0,33.0,physical_only,-3.753227708427572e-06,-8.805906175729194e-07,-1.700446751538457e-06,4.270505961658854e-08,-2.0527809568891144e-06,-9.23295677189508e-07
16,16,unloading,1.0,128bd5a521014bc55b3051444744a3ca2139145d9baa07b0db5b858b54ebb37b,2736,63.0,33.0,interior,-0.0,-0.0,-0.0,-0.0,-0.0,-0.0
16,16,unloading,1.0,128bd5a521014bc55b3051444744a3ca2139145d9baa07b0db5b858b54ebb37b,2737,64.0,33.0,interior,-0.0,-0.0,-0.0,-0.0,-0.0,-0.0
16,16,unloading,1.0,128bd5a521014bc55b3051444744a3ca2139145d9baa07b0db5b858b54ebb37b,2738,65.0,33.0,interior,-0.0,-0.0,-0.0,-0.0,-0.0,-0.0
16,16,unloading,1.0,128bd5a521014bc55b3051444744a3ca2139145d9baa07b0db5b858b54ebb37b,2739,66.0,33.0,interior,-0.0,-0.0,-0.0,-0.0,-0.0,-0.0
16,16,unloading,1.0,128bd5a521014bc55b3051444744a3ca2139145d9baa07b0db5b858b54ebb37b,2740,67.0,33.0,interior,-0.0,-0.0,-0.0,-0.0,-0.0,-0.0
16,16,unloading,1.0,128bd5a521014bc55b3051444744a3ca2139145d9baa07b0db5b858b54ebb37b,2741,68.0,33.0,interior,-0.0,-0.0,-0.0,-0.0,-0.0,-0.0
16,16,unloading,1.0,128bd5a521014bc55b3051444744a3ca2139145d9baa07b0db5b858b54ebb37b,2742,69.0,33.0,interior,-0.0,-0.0,-0.0,-0.0,-0.0,-0.0
16,16,unloading,1.0,128bd5a521014bc55b3051444744a3ca2139145d9baa07b0db5b858b54ebb37b,2743,70.0,33.0,interior,-0.0,-0.0,-0.0,-0.0,-0.0,-0.0
16,16,unloading,1.0,128bd5a521014bc55b3051444744a3ca2139145d9baa07b0db5b858b54ebb37b,2744,71.0,33.0,interior,-0.0,-0.0,-0.0,-0.0,-0.0,-0.0
16,16,unloading,1.0,128bd5a521014bc55b3051444744a3ca2139145d9baa07b0db5b858b54ebb37b,2745,72.0,33.0,interior,-0.0,-0.0,-0.0,-0.0,-0.0,-0.0
16,16,unloading,1.0,128bd5a521014bc55b3051444744a3ca2139145d9baa07b0db5b858b54ebb37b,2746,73.0,33.0,interior,-0.0,-0.0,-0.0,-0.0,-0.0,-0.0
16,16,unloading,1.0,128bd5a521014bc55b3051444744a3ca2139145d9baa07b0db5b858b54ebb37b,2747,74.0,33.0,interior,-0.0,-0.0,-0.0,-0.0,-0.0,-0.0
16,16,unloading,1.0,128bd5a521014bc55b3051444744a3ca2139145d9baa07b0db5b858b54ebb37b,2748,75.0,33.0,interior,-0.0,-0.0,-0.0,-0.0,-0.0,-0.0
16,16,unloading,1.0,128bd5a521014bc55b3051444744a3ca2139145d9baa07b0db5b858b54ebb37b,2749,76.0,33.0,interior,-0.0,-0.0,-0.0,-0.0,-0.0,-0.0
16,16,unloading,1.0,128bd5a521014bc55b3051444744a3ca2139145d9baa07b0db5b858b54ebb37b,2750,77.0,33.0,interior,-0.0,-0.0,-0.0,-0.0,-0.0,-0.0
16,16,unloading,1.0,128bd5a521014bc55b3051444744a3ca2139145d9baa07b0db5b858b54ebb37b,2751,78.0,33.0,interior,-0.0,-0.0,-0.0,-0.0,-0.0,-0.0
16,16,unloading,1.0,128bd5a521014bc55b3051444744a3ca2139145d9baa07b0db5b858b54ebb37b,2752,79.0,33.0,interior,-0.0,-0.0,-0.0,-0.0,-0.0,-0.0
16,16,unloading,1.0,128bd5a521014bc55b3051444744a3ca2139145d9baa07b0db5b858b54ebb37b,2753,80.0,33.0,physical_only,-0.0,-0.0,-0.0,-0.0,-0.0,-0.0
16,16,unloading,1.0,128bd5a521014bc55b3051444744a3ca2139145d9baa07b0db5b858b54ebb37b,2816,62.0,34.0,physical_only,-3.072856257908758e-06,-3.912389514726031e-07,-1.7763530438355866e-06,3.4408399523813504e-08,-1.296503214073172e-06,-4.2564735099641666e-07
16,16,unloading,1.0,128bd5a521014bc55b3051444744a3ca2139145d9baa07b0db5b858b54ebb37b,2817,63.0,34.0,interior,-0.0,-0.0,-0.0,-0.0,-0.0,-0.0
16,16,unloading,1.0,128bd5a521014bc55b3051444744a3ca2139145d9baa07b0db5b858b54ebb37b,2818,64.0,34.0,interior,-0.0,-0.0,-0.0,-0.0,-0.0,-0.0
16,16,unloading,1.0,128bd5a521014bc55b3051444744a3ca2139145d9baa07b0db5b858b54ebb37b,2819,65.0,34.0,interior,-0.0,-0.0,-0.0,-0.0,-0.0,-0.0
16,16,unloading,1.0,128bd5a521014bc55b3051444744a3ca2139145d9baa07b0db5b858b54ebb37b,2820,66.0,34.0,interior,-0.0,-0.0,-0.0,-0.0,-0.0,-0.0
16,16,unloading,1.0,128bd5a521014bc55b3051444744a3ca2139145d9baa07b0db5b858b54ebb37b,2821,67.0,34.0,interior,-0.0,-0.0,-0.0,-0.0,-0.0,-0.0
16,16,unloading,1.0,128bd5a521014bc55b3051444744a3ca2139145d9baa07b0db5b858b54ebb37b,2822,68.0,34.0,interior,-0.0,-0.0,-0.0,-0.0,-0.0,-0.0
16,16,unloading,1.0,128bd5a521014bc55b3051444744a3ca2139145d9baa07b0db5b858b54ebb37b,2823,69.0,34.0,interior,-0.0,-0.0,-0.0,-0.0,-0.0,-0.0
16,16,unloading,1.0,128bd5a521014bc55b3051444744a3ca2139145d9baa07b0db5b858b54ebb37b,2824,70.0,34.0,interior,-0.0,-0.0,-0.0,-0.0,-0.0,-0.0
16,16,unloading,1.0,128bd5a521014bc55b3051444744a3ca2139145d9baa07b0db5b858b54ebb37b,2825,71.0,34.0,interior,-0.0,-0.0,-0.0,-0.0,-0.0,-0.0
16,16,unloading,1.0,128bd5a521014bc55b3051444744a3ca2139145d9baa07b0db5b858b54ebb37b,2826,72.0,34.0,interior,-0.0,-0.0,-0.0,-0.0,-0.0,-0.0
16,16,unloading,1.0,128bd5a521014bc55b3051444744a3ca2139145d9baa07b0db5b858b54ebb37b,2827,73.0,34.0,interior,-0.0,-0.0,-0.0,-0.0,-0.0,-0.0
16,16,unloading,1.0,128bd5a521014bc55b3051444744a3ca2139145d9baa07b0db5b858b54ebb37b,2828,74.0,34.0,interior,-0.0,-0.0,-0.0,-0.0,-0.0,-0.0
16,16,unloading,1.0,128bd5a521014bc55b3051444744a3ca2139145d9baa07b0db5b858b54ebb37b,2829,75.0,34.0,interior,-0.0,-0.0,-0.0,-0.0,-0.0,-0.0
16,16,unloading,1.0,128bd5a521014bc55b3051444744a3ca2139145d9baa07b0db5b858b54ebb37b,2830,76.0,34.0,interior,-0.0,-0.0,-0.0,-0.0,-0.0,-0.0
16,16,unloading,1.0,128bd5a521014bc55b3051444744a3ca2139145d9baa07b0db5b858b54ebb37b,2831,77.0,34.0,interior,-0.0,-0.0,-0.0,-0.0,-0.0,-0.0
16,16,unloading,1.0,128bd5a521014bc55b3051444744a3ca2139145d9baa07b0db5b858b54ebb37b,2832,78.0,34.0,interior,-0.0,-0.0,-0.0,-0.0,-0.0,-0.0
16,16,unloading,1.0,128bd5a521014bc55b3051444744a3ca2139145d9baa07b0db5b858b54ebb37b,2833,79.0,34.0,interior,-0.0,-0.0,-0.0,-0.0,-0.0,-0.0
16,16,unloading,1.0,128bd5a521014bc55b3051444744a3ca2139145d9baa07b0db5b858b54ebb37b,2834,80.0,34.0,physical_only,-0.0,-0.0,-0.0,-0.0,-0.0,-0.0
16,16,unloading,1.0,128bd5a521014bc55b3051444744a3ca2139145d9baa07b0db5b858b54ebb37b,2897,62.0,35.0,physical_only,-2.8880012161923886e-06,-2.7094148944596927e-08,-1.8390374232902668e-06,2.915616783656023e-08,-1.0489637929021227e-06,-5.625031678115721e-08
16,16,unloading,1.0,128bd5a521014bc55b3051444744a3ca2139145d9baa07b0db5b858b54ebb37b,2898,63.0,35.0,interior,-0.0,-0.0,-0.0,-0.0,-0.0,-0.0
16,16,unloading,1.0,128bd5a521014bc55b3051444744a3ca2139145d9baa07b0db5b858b54ebb37b,2899,64.0,35.0,interior,-0.0,-0.0,-0.0,-0.0,-0.0,-0.0
16,16,unloading,1.0,128bd5a521014bc55b3051444744a3ca2139145d9baa07b0db5b858b54ebb37b,2900,65.0,35.0,interior,-0.0,-0.0,-0.0,-0.0,-0.0,-0.0
16,16,unloading,1.0,128bd5a521014bc55b3051444744a3ca2139145d9baa07b0db5b858b54ebb37b,2901,66.0,35.0,interior,-0.0,-0.0,-0.0,-0.0,-0.0,-0.0
16,16,unloading,1.0,128bd5a521014bc55b3051444744a3ca2139145d9baa07b0db5b858b54ebb37b,2902,67.0,35.0,interior,-0.0,-0.0,-0.0,-0.0,-0.0,-0.0
16,16,unloading,1.0,128bd5a521014bc55b3051444744a3ca2139145d9baa07b0db5b858b54ebb37b,2903,68.0,35.0,interior,-0.0,-0.0,-0.0,-0.0,-0.0,-0.0
16,16,unloading,1.0,128bd5a521014bc55b3051444744a3ca2139145d9baa07b0db5b858b54ebb37b,2904,69.0,35.0,interior,-0.0,-0.0,-0.0,-0.0,-0.0,-0.0
16,16,unloading,1.0,128bd5a521014bc55b3051444744a3ca2139145d9baa07b0db5b858b54ebb37b,2905,70.0,35.0,interior,-0.0,-0.0,-0.0,-0.0,-0.0,-0.0
16,16,unloading,1.0,128bd5a521014bc55b3051444744a3ca2139145d9baa07b0db5b858b54ebb37b,2906,71.0,35.0,interior,-0.0,-0.0,-0.0,-0.0,-0.0,-0.0
16,16,unloading,1.0,128bd5a521014bc55b3051444744a3ca2139145d9baa07b0db5b858b54ebb37b,2907,72.0,35.0,interior,-0.0,-0.0,-0.0,-0.0,-0.0,-0.0
16,16,unloading,1.0,128bd5a521014bc55b3051444744a3ca2139145d9baa07b0db5b858b54ebb37b,2908,73.0,35.0,interior,-0.0,-0.0,-0.0,-0.0,-0.0,-0.0
16,16,unloading,1.0,128bd5a521014bc55b3051444744a3ca2139145d9baa07b0db5b858b54ebb37b,2909,74.0,35.0,interior,-0.0,-0.0,-0.0,-0.0,-0.0,-0.0
16,16,unloading,1.0,128bd5a521014bc55b3051444744a3ca2139145d9baa07b0db5b858b54ebb37b,2910,75.0,35.0,interior,-0.0,-0.0,-0.0,-0.0,-0.0,-0.0
16,16,unloading,1.0,128bd5a521014bc55b3051444744a3ca2139145d9baa07b0db5b858b54ebb37b,2911,76.0,35.0,interior,-0.0,-0.0,-0.0,-0.0,-0.0,-0.0
16,16,unloading,1.0,128bd5a521014bc55b3051444744a3ca2139145d9baa07b0db5b858b54ebb37b,2912,77.0,35.0,interior,-0.0,-0.0,-0.0,-0.0,-0.0,-0.0
16,16,unloading,1.0,128bd5a521014bc55b3051444744a3ca2139145d9baa07b0db5b858b54ebb37b,2913,78.0,35.0,interior,-0.0,-0.0,-0.0,-0.0,-0.0,-0.0
16,16,unloading,1.0,128bd5a521014bc55b3051444744a3ca2139145d9baa07b0db5b858b54ebb37b,2914,79.0,35.0,interior,-0.0,-0.0,-0.0,-0.0,-0.0,-0.0
16,16,unloading,1.0,128bd5a521014bc55b3051444744a3ca2139145d9baa07b0db5b858b54ebb37b,2915,80.0,35.0,physical_only,-0.0,-0.0,-0.0,-0.0,-0.0,-0.0
16,16,unloading,1.0,128bd5a521014bc55b3051444744a3ca2139145d9baa07b0db5b858b54ebb37b,2978,62.0,36.0,physical_only,-2.9456633468515267e-06,1.556628907941008e-07,-1.891097743665753e-06,2.4701673966896987e-08,-1.0545656031857737e-06,1.3096121682720382e-07
16,16,unloading,1.0,128bd5a521014bc55b3051444744a3ca2139145d9baa07b0db5b858b54ebb37b,2979,63.0,36.0,interior,-0.0,-0.0,-0.0,-0.0,-0.0,-0.0
16,16,unloading,1.0,128bd5a521014bc55b3051444744a3ca2139145d9baa07b0db5b858b54ebb37b,2980,64.0,36.0,interior,-0.0,-0.0,-0.0,-0.0,-0.0,-0.0
16,16,unloading,1.0,128bd5a521014bc55b3051444744a3ca2139145d9baa07b0db5b858b54ebb37b,2981,65.0,36.0,interior,-0.0,-0.0,-0.0,-0.0,-0.0,-0.0
16,16,unloading,1.0,128bd5a521014bc55b3051444744a3ca2139145d9baa07b0db5b858b54ebb37b,2982,66.0,36.0,interior,-0.0,-0.0,-0.0,-0.0,-0.0,-0.0
16,16,unloading,1.0,128bd5a521014bc55b3051444744a3ca2139145d9baa07b0db5b858b54ebb37b,2983,67.0,36.0,interior,-0.0,-0.0,-0.0,-0.0,-0.0,-0.0
16,16,unloading,1.0,128bd5a521014bc55b3051444744a3ca2139145d9baa07b0db5b858b54ebb37b,2984,68.0,36.0,interior,-0.0,-0.0,-0.0,-0.0,-0.0,-0.0
16,16,unloading,1.0,128bd5a521014bc55b3051444744a3ca2139145d9baa07b0db5b858b54ebb37b,2985,69.0,36.0,interior,-0.0,-0.0,-0.0,-0.0,-0.0,-0.0
16,16,unloading,1.0,128bd5a521014bc55b3051444744a3ca2139145d9baa07b0db5b858b54ebb37b,2986,70.0,36.0,interior,-0.0,-0.0,-0.0,-0.0,-0.0,-0.0
16,16,unloading,1.0,128bd5a521014bc55b3051444744a3ca2139145d9baa07b0db5b858b54ebb37b,2987,71.0,36.0,interior,-0.0,-0.0,-0.0,-0.0,-0.0,-0.0
16,16,unloading,1.0,128bd5a521014bc55b3051444744a3ca2139145d9baa07b0db5b858b54ebb37b,2988,72.0,36.0,interior,-0.0,-0.0,-0.0,-0.0,-0.0,-0.0
16,16,unloading,1.0,128bd5a521014bc55b3051444744a3ca2139145d9baa07b0db5b858b54ebb37b,2989,73.0,36.0,interior,-0.0,-0.0,-0.0,-0.0,-0.0,-0.0
16,16,unloading,1.0,128bd5a521014bc55b3051444744a3ca2139145d9baa07b0db5b858b54ebb37b,2990,74.0,36.0,interior,-0.0,-0.0,-0.0,-0.0,-0.0,-0.0
16,16,unloading,1.0,128bd5a521014bc55b3051444744a3ca2139145d9baa07b0db5b858b54ebb37b,2991,75.0,36.0,interior,-0.0,-0.0,-0.0,-0.0,-0.0,-0.0
16,16,unloading,1.0,128bd5a521014bc55b3051444744a3ca2139145d9baa07b0db5b858b54ebb37b,2992,76.0,36.0,interior,-0.0,-0.0,-0.0,-0.0,-0.0,-0.0
16,16,unloading,1.0,128bd5a521014bc55b3051444744a3ca2139145d9baa07b0db5b858b54ebb37b,2993,77.0,36.0,interior,-0.0,-0.0,-0.0,-0.0,-0.0,-0.0
16,16,unloading,1.0,128bd5a521014bc55b3051444744a3ca2139145d9baa07b0db5b858b54ebb37b,2994,78.0,36.0,interior,-0.0,-0.0,-0.0,-0.0,-0.0,-0.0
16,16,unloading,1.0,128bd5a521014bc55b3051444744a3ca2139145d9baa07b0db5b858b54ebb37b,2995,79.0,36.0,interior,-0.0,-0.0,-0.0,-0.0,-0.0,-0.0
16,16,unloading,1.0,128bd5a521014bc55b3051444744a3ca2139145d9baa07b0db5b858b54ebb37b,2996,80.0,36.0,physical_only,-0.0,-0.0,-0.0,-0.0,-0.0,-0.0
16,16,unloading,1.0,128bd5a521014bc55b3051444744a3ca2139145d9baa07b0db5b858b54ebb37b,3059,62.0,37.0,physical_only,-3.070065885953905e-06,2.0061082983340285e-07,-1.932839098621798e-06,1.9748828644982593e-08,-1.137226787332107e-06,1.8086200118842036e-07
16,16,unloading,1.0,128bd5a521014bc55b3051444744a3ca2139145d9baa07b0db5b858b54ebb37b,3060,63.0,37.0,interior,-0.0,-0.0,-0.0,-0.0,-0.0,-0.0
16,16,unloading,1.0,128bd5a521014bc55b3051444744a3ca2139145d9baa07b0db5b858b54ebb37b,3061,64.0,37.0,interior,-0.0,-0.0,-0.0,-0.0,-0.0,-0.0
16,16,unloading,1.0,128bd5a521014bc55b3051444744a3ca2139145d9baa07b0db5b858b54ebb37b,3062,65.0,37.0,interior,-0.0,-0.0,-0.0,-0.0,-0.0,-0.0
16,16,unloading,1.0,128bd5a521014bc55b3051444744a3ca2139145d9baa07b0db5b858b54ebb37b,3063,66.0,37.0,interior,-0.0,-0.0,-0.0,-0.0,-0.0,-0.0
16,16,unloading,1.0,128bd5a521014bc55b3051444744a3ca2139145d9baa07b0db5b858b54ebb37b,3064,67.0,37.0,interior,-0.0,-0.0,-0.0,-0.0,-0.0,-0.0
16,16,unloading,1.0,128bd5a521014bc55b3051444744a3ca2139145d9baa07b0db5b858b54ebb37b,3065,68.0,37.0,interior,-0.0,-0.0,-0.0,-0.0,-0.0,-0.0
16,16,unloading,1.0,128bd5a521014bc55b3051444744a3ca2139145d9baa07b0db5b858b54ebb37b,3066,69.0,37.0,interior,-0.0,-0.0,-0.0,-0.0,-0.0,-0.0
16,16,unloading,1.0,128bd5a521014bc55b3051444744a3ca2139145d9baa07b0db5b858b54ebb37b,3067,70.0,37.0,interior,-0.0,-0.0,-0.0,-0.0,-0.0,-0.0
16,16,unloading,1.0,128bd5a521014bc55b3051444744a3ca2139145d9baa07b0db5b858b54ebb37b,3068,71.0,37.0,interior,-0.0,-0.0,-0.0,-0.0,-0.0,-0.0
16,16,unloading,1.0,128bd5a521014bc55b3051444744a3ca2139145d9baa07b0db5b858b54ebb37b,3069,72.0,37.0,interior,-0.0,-0.0,-0.0,-0.0,-0.0,-0.0
16,16,unloading,1.0,128bd5a521014bc55b3051444744a3ca2139145d9baa07b0db5b858b54ebb37b,3070,73.0,37.0,interior,-0.0,-0.0,-0.0,-0.0,-0.0,-0.0
16,16,unloading,1.0,128bd5a521014bc55b3051444744a3ca2139145d9baa07b0db5b858b54ebb37b,3071,74.0,37.0,interior,-0.0,-0.0,-0.0,-0.0,-0.0,-0.0
16,16,unloading,1.0,128bd5a521014bc55b3051444744a3ca2139145d9baa07b0db5b858b54ebb37b,3072,75.0,37.0,interior,-0.0,-0.0,-0.0,-0.0,-0.0,-0.0
16,16,unloading,1.0,128bd5a521014bc55b3051444744a3ca2139145d9baa07b0db5b858b54ebb37b,3073,76.0,37.0,interior,-0.0,-0.0,-0.0,-0.0,-0.0,-0.0
16,16,unloading,1.0,128bd5a521014bc55b3051444744a3ca2139145d9baa07b0db5b858b54ebb37b,3074,77.0,37.0,interior,-0.0,-0.0,-0.0,-0.0,-0.0,-0.0
16,16,unloading,1.0,128bd5a521014bc55b3051444744a3ca2139145d9baa07b0db5b858b54ebb37b,3075,78.0,37.0,interior,-0.0,-0.0,-0.0,-0.0,-0.0,-0.0
16,16,unloading,1.0,128bd5a521014bc55b3051444744a3ca2139145d9baa07b0db5b858b54ebb37b,3076,79.0,37.0,interior,-0.0,-0.0,-0.0,-0.0,-0.0,-0.0
16,16,unloading,1.0,128bd5a521014bc55b3051444744a3ca2139145d9baa07b0db5b858b54ebb37b,3077,80.0,37.0,physical_only,-0.0,-0.0,-0.0,-0.0,-0.0,-0.0
16,16,unloading,1.0,128bd5a521014bc55b3051444744a3ca2139145d9baa07b0db5b858b54ebb37b,3140,62.0,38.0,physical_only,-3.1787615714026053e-06,1.6241776167596604e-07,-1.963558738517595e-06,1.386895573202088e-08,-1.2152028328850102e-06,1.485488059439451e-07
16,16,unloading,1.0,128bd5a521014bc55b3051444744a3ca2139145d9baa07b0db5b858b54ebb37b,3141,63.0,38.0,interior,-0.0,-0.0,-0.0,-0.0,-0.0,-0.0
16,16,unloading,1.0,128bd5a521014bc55b3051444744a3ca2139145d9baa07b0db5b858b54ebb37b,3142,64.0,38.0,interior,-0.0,-0.0,-0.0,-0.0,-0.0,-0.0
16,16,unloading,1.0,128bd5a521014bc55b3051444744a3ca2139145d9baa07b0db5b858b54ebb37b,3143,65.0,38.0,interior,-0.0,-0.0,-0.0,-0.0,-0.0,-0.0
16,16,unloading,1.0,128bd5a521014bc55b3051444744a3ca2139145d9baa07b0db5b858b54ebb37b,3144,66.0,38.0,interior,-0.0,-0.0,-0.0,-0.0,-0.0,-0.0
16,16,unloading,1.0,128bd5a521014bc55b3051444744a3ca2139145d9baa07b0db5b858b54ebb37b,3145,67.0,38.0,interior,-0.0,-0.0,-0.0,-0.0,-0.0,-0.0
16,16,unloading,1.0,128bd5a521014bc55b3051444744a3ca2139145d9baa07b0db5b858b54ebb37b,3146,68.0,38.0,interior,-0.0,-0.0,-0.0,-0.0,-0.0,-0.0
16,16,unloading,1.0,128bd5a521014bc55b3051444744a3ca2139145d9baa07b0db5b858b54ebb37b,3147,69.0,38.0,interior,-0.0,-0.0,-0.0,-0.0,-0.0,-0.0
16,16,unloading,1.0,128bd5a521014bc55b3051444744a3ca2139145d9baa07b0db5b858b54ebb37b,3148,70.0,38.0,interior,-0.0,-0.0,-0.0,-0.0,-0.0,-0.0
16,16,unloading,1.0,128bd5a521014bc55b3051444744a3ca2139145d9baa07b0db5b858b54ebb37b,3149,71.0,38.0,interior,-0.0,-0.0,-0.0,-0.0,-0.0,-0.0
16,16,unloading,1.0,128bd5a521014bc55b3051444744a3ca2139145d9baa07b0db5b858b54ebb37b,3150,72.0,38.0,interior,-0.0,-0.0,-0.0,-0.0,-0.0,-0.0
16,16,unloading,1.0,128bd5a521014bc55b3051444744a3ca2139145d9baa07b0db5b858b54ebb37b,3151,73.0,38.0,interior,-0.0,-0.0,-0.0,-0.0,-0.0,-0.0
16,16,unloading,1.0,128bd5a521014bc55b3051444744a3ca2139145d9baa07b0db5b858b54ebb37b,3152,74.0,38.0,interior,-0.0,-0.0,-0.0,-0.0,-0.0,-0.0
16,16,unloading,1.0,128bd5a521014bc55b3051444744a3ca2139145d9baa07b0db5b858b54ebb37b,3153,75.0,38.0,interior,-0.0,-0.0,-0.0,-0.0,-0.0,-0.0
16,16,unloading,1.0,128bd5a521014bc55b3051444744a3ca2139145d9baa07b0db5b858b54ebb37b,3154,76.0,38.0,interior,-0.0,-0.0,-0.0,-0.0,-0.0,-0.0
16,16,unloading,1.0,128bd5a521014bc55b3051444744a3ca2139145d9baa07b0db5b858b54ebb37b,3155,77.0,38.0,interior,-0.0,-0.0,-0.0,-0.0,-0.0,-0.0
16,16,unloading,1.0,128bd5a521014bc55b3051444744a3ca2139145d9baa07b0db5b858b54ebb37b,3156,78.0,38.0,interior,-0.0,-0.0,-0.0,-0.0,-0.0,-0.0
16,16,unloading,1.0,128bd5a521014bc55b3051444744a3ca2139145d9baa07b0db5b858b54ebb37b,3157,79.0,38.0,interior,-0.0,-0.0,-0.0,-0.0,-0.0,-0.0
16,16,unloading,1.0,128bd5a521014bc55b3051444744a3ca2139145d9baa07b0db5b858b54ebb37b,3158,80.0,38.0,physical_only,-0.0,-0.0,-0.0,-0.0,-0.0,-0.0
16,16,unloading,1.0,128bd5a521014bc55b3051444744a3ca2139145d9baa07b0db5b858b54ebb37b,3221,62.0,39.0,physical_only,-3.2436263054088782e-06,8.6866244464859e-08,-1.9823978355885182e-06,7.163923364737161e-09,-1.2612284698203602e-06,7.970232110012184e-08
16,16,unloading,1.0,128bd5a521014bc55b3051444744a3ca2139145d9baa07b0db5b858b54ebb37b,3222,63.0,39.0,interior,-0.0,-0.0,-0.0,-0.0,-0.0,-0.0
16,16,unloading,1.0,128bd5a521014bc55b3051444744a3ca2139145d9baa07b0db5b858b54ebb37b,3223,64.0,39.0,interior,-0.0,-0.0,-0.0,-0.0,-0.0,-0.0
16,16,unloading,1.0,128bd5a521014bc55b3051444744a3ca2139145d9baa07b0db5b858b54ebb37b,3224,65.0,39.0,interior,-0.0,-0.0,-0.0,-0.0,-0.0,-0.0
16,16,unloading,1.0,128bd5a521014bc55b3051444744a3ca2139145d9baa07b0db5b858b54ebb37b,3225,66.0,39.0,interior,-0.0,-0.0,-0.0,-0.0,-0.0,-0.0
16,16,unloading,1.0,128bd5a521014bc55b3051444744a3ca2139145d9baa07b0db5b858b54ebb37b,3226,67.0,39.0,interior,-0.0,-0.0,-0.0,-0.0,-0.0,-0.0
16,16,unloading,1.0,128bd5a521014bc55b3051444744a3ca2139145d9baa07b0db5b858b54ebb37b,3227,68.0,39.0,interior,-0.0,-0.0,-0.0,-0.0,-0.0,-0.0
16,16,unloading,1.0,128bd5a521014bc55b3051444744a3ca2139145d9baa07b0db5b858b54ebb37b,3228,69.0,39.0,interior,-0.0,-0.0,-0.0,-0.0,-0.0,-0.0
16,16,unloading,1.0,128bd5a521014bc55b3051444744a3ca2139145d9baa07b0db5b858b54ebb37b,3229,70.0,39.0,interior,-0.0,-0.0,-0.0,-0.0,-0.0,-0.0
16,16,unloading,1.0,128bd5a521014bc55b3051444744a3ca2139145d9baa07b0db5b858b54ebb37b,3230,71.0,39.0,interior,-0.0,-0.0,-0.0,-0.0,-0.0,-0.0
16,16,unloading,1.0,128bd5a521014bc55b3051444744a3ca2139145d9baa07b0db5b858b54ebb37b,3231,72.0,39.0,interior,-0.0,-0.0,-0.0,-0.0,-0.0,-0.0
16,16,unloading,1.0,128bd5a521014bc55b3051444744a3ca2139145d9baa07b0db5b858b54ebb37b,3232,73.0,39.0,interior,-0.0,-0.0,-0.0,-0.0,-0.0,-0.0
16,16,unloading,1.0,128bd5a521014bc55b3051444744a3ca2139145d9baa07b0db5b858b54ebb37b,3233,74.0,39.0,interior,-0.0,-0.0,-0.0,-0.0,-0.0,-0.0
16,16,unloading,1.0,128bd5a521014bc55b3051444744a3ca2139145d9baa07b0db5b858b54ebb37b,3234,75.0,39.0,interior,-0.0,-0.0,-0.0,-0.0,-0.0,-0.0
16,16,unloading,1.0,128bd5a521014bc55b3051444744a3ca2139145d9baa07b0db5b858b54ebb37b,3235,76.0,39.0,interior,-0.0,-0.0,-0.0,-0.0,-0.0,-0.0
16,16,unloading,1.0,128bd5a521014bc55b3051444744a3ca2139145d9baa07b0db5b858b54ebb37b,3236,77.0,39.0,interior,-0.0,-0.0,-0.0,-0.0,-0.0,-0.0
16,16,unloading,1.0,128bd5a521014bc55b3051444744a3ca2139145d9baa07b0db5b858b54ebb37b,3237,78.0,39.0,interior,-0.0,-0.0,-0.0,-0.0,-0.0,-0.0
16,16,unloading,1.0,128bd5a521014bc55b3051444744a3ca2139145d9baa07b0db5b858b54ebb37b,3238,79.0,39.0,interior,-0.0,-0.0,-0.0,-0.0,-0.0,-0.0
16,16,unloading,1.0,128bd5a521014bc55b3051444744a3ca2139145d9baa07b0db5b858b54ebb37b,3239,80.0,39.0,physical_only,-0.0,-0.0,-0.0,-0.0,-0.0,-0.0
16,16,unloading,1.0,128bd5a521014bc55b3051444744a3ca2139145d9baa07b0db5b858b54ebb37b,3302,62.0,40.0,physical_and_cut,-1.632129682163815e-06,-1.1358035528024167e-06,-9.943741095194654e-07,-4.5161528128641e-07,-6.377555726443497e-07,-6.841882715160067e-07
16,16,unloading,1.0,128bd5a521014bc55b3051444744a3ca2139145d9baa07b0db5b858b54ebb37b,3303,63.0,40.0,cut_only,-0.0,-0.0,-0.0,-0.0,-0.0,-0.0
16,16,unloading,1.0,128bd5a521014bc55b3051444744a3ca2139145d9baa07b0db5b858b54ebb37b,3304,64.0,40.0,cut_only,-0.0,-0.0,-0.0,-0.0,-0.0,-0.0
16,16,unloading,1.0,128bd5a521014bc55b3051444744a3ca2139145d9baa07b0db5b858b54ebb37b,3305,65.0,40.0,cut_only,-0.0,-0.0,-0.0,-0.0,-0.0,-0.0
16,16,unloading,1.0,128bd5a521014bc55b3051444744a3ca2139145d9baa07b0db5b858b54ebb37b,3306,66.0,40.0,cut_only,-0.0,-0.0,-0.0,-0.0,-0.0,-0.0
16,16,unloading,1.0,128bd5a521014bc55b3051444744a3ca2139145d9baa07b0db5b858b54ebb37b,3307,67.0,40.0,cut_only,-0.0,-0.0,-0.0,-0.0,-0.0,-0.0
16,16,unloading,1.0,128bd5a521014bc55b3051444744a3ca2139145d9baa07b0db5b858b54ebb37b,3308,68.0,40.0,cut_only,-0.0,-0.0,-0.0,-0.0,-0.0,-0.0
16,16,unloading,1.0,128bd5a521014bc55b3051444744a3ca2139145d9baa07b0db5b858b54ebb37b,3309,69.0,40.0,cut_only,-0.0,-0.0,-0.0,-0.0,-0.0,-0.0
16,16,unloading,1.0,128bd5a521014bc55b3051444744a3ca2139145d9baa07b0db5b858b54ebb37b,3310,70.0,40.0,cut_only,-0.0,-0.0,-0.0,-0.0,-0.0,-0.0
16,16,unloading,1.0,128bd5a521014bc55b3051444744a3ca2139145d9baa07b0db5b858b54ebb37b,3311,71.0,40.0,cut_only,-0.0,-0.0,-0.0,-0.0,-0.0,-0.0
16,16,unloading,1.0,128bd5a521014bc55b3051444744a3ca2139145d9baa07b0db5b858b54ebb37b,3312,72.0,40.0,cut_only,-0.0,-0.0,-0.0,-0.0,-0.0,-0.0
16,16,unloading,1.0,128bd5a521014bc55b3051444744a3ca2139145d9baa07b0db5b858b54ebb37b,3313,73.0,40.0,cut_only,-0.0,-0.0,-0.0,-0.0,-0.0,-0.0
16,16,unloading,1.0,128bd5a521014bc55b3051444744a3ca2139145d9baa07b0db5b858b54ebb37b,3314,74.0,40.0,cut_only,-0.0,-0.0,-0.0,-0.0,-0.0,-0.0
16,16,unloading,1.0,128bd5a521014bc55b3051444744a3ca2139145d9baa07b0db5b858b54ebb37b,3315,75.0,40.0,cut_only,-0.0,-0.0,-0.0,-0.0,-0.0,-0.0
16,16,unloading,1.0,128bd5a521014bc55b3051444744a3ca2139145d9baa07b0db5b858b54ebb37b,3316,76.0,40.0,cut_only,-0.0,-0.0,-0.0,-0.0,-0.0,-0.0
16,16,unloading,1.0,128bd5a521014bc55b3051444744a3ca2139145d9baa07b0db5b858b54ebb37b,3317,77.0,40.0,cut_only,-0.0,-0.0,-0.0,-0.0,-0.0,-0.0
16,16,unloading,1.0,128bd5a521014bc55b3051444744a3ca2139145d9baa07b0db5b858b54ebb37b,3318,78.0,40.0,cut_only,-0.0,-0.0,-0.0,-0.0,-0.0,-0.0
16,16,unloading,1.0,128bd5a521014bc55b3051444744a3ca2139145d9baa07b0db5b858b54ebb37b,3319,79.0,40.0,cut_only,-0.0,-0.0,-0.0,-0.0,-0.0,-0.0
16,16,unloading,1.0,128bd5a521014bc55b3051444744a3ca2139145d9baa07b0db5b858b54ebb37b,3320,80.0,40.0,physical_and_cut,-0.0,-0.0,-0.0,-0.0,-0.0,-0.0
17,17,unloading,0.9,de92c06d6d9bf98deee407c58dbba8e1de603d55799eeaadcfed8d71cec07be7,2573,62.0,31.0,physical_only,-0.0004424117463492256,-7.391696696677971e-05,-2.843662304797224e-06,3.206307938157169e-06,-0.00043956808404442847,-7.712327490493685e-05
17,17,unloading,0.9,de92c06d6d9bf98deee407c58dbba8e1de603d55799eeaadcfed8d71cec07be7,2574,63.0,31.0,physical_only,3.7332497719466147e-07,-6.25394252081138e-05,-1.5962092785350464e-06,3.699877127728449e-06,1.9695342557297077e-06,-6.623930233584229e-05
17,17,unloading,0.9,de92c06d6d9bf98deee407c58dbba8e1de603d55799eeaadcfed8d71cec07be7,2575,64.0,31.0,physical_only,2.9219855464381346e-06,-8.34707987742678e-05,-1.6328880882048147e-06,4.754401523262964e-06,4.55487363464295e-06,-8.822520029753072e-05
17,17,unloading,0.9,de92c06d6d9bf98deee407c58dbba8e1de603d55799eeaadcfed8d71cec07be7,2576,65.0,31.0,physical_only,3.700593629678781e-06,-0.00011293703904800232,-1.6789733327306044e-06,5.969279575769517e-06,5.379566962409384e-06,-0.0001189063186237719
17,17,unloading,0.9,de92c06d6d9bf98deee407c58dbba8e1de603d55799eeaadcfed8d71cec07be7,2577,66.0,31.0,physical_only,2.577344863232063e-06,-0.00014848209671292426,-1.7349867500979802e-06,7.396464815057448e-06,4.312331613330046e-06,-0.0001558785615279817
17,17,unloading,0.9,de92c06d6d9bf98deee407c58dbba8e1de603d55799eeaadcfed8d71cec07be7,2578,67.0,31.0,physical_only,5.201137465402444e-07,-0.0001896017421768887,-1.7999030926175483e-06,9.097923969111692e-06,2.3200168391577925e-06,-0.00019869966614600044
17,17,unloading,0.9,de92c06d6d9bf98deee407c58dbba8e1de603d55799eeaadcfed8d71cec07be7,2579,68.0,31.0,physical_only,3.382075977503432e-07,-0.00023951173593760207,-1.8743426354432659e-06,1.1152238579429685e-05,2.212550233193608e-06,-0.0002506639745170319
17,17,unloading,0.9,de92c06d6d9bf98deee407c58dbba8e1de603d55799eeaadcfed8d71cec07be7,2580,69.0,31.0,physical_only,-2.8689554291970825e-07,-0.00030173865683337975,-1.9607764125634572e-06,1.3667624229452196e-05,1.6738808696437528e-06,-0.0003154062810628317
17,17,unloading,0.9,de92c06d6d9bf98deee407c58dbba8e1de603d55799eeaadcfed8d71cec07be7,2581,70.0,31.0,physical_only,-1.1931181969988568e-06,-0.00037715660557342324,-2.063636207552018e-06,1.680072642772352e-05,8.705180105531636e-07,-0.00039395733200114696
17,17,unloading,0.9,de92c06d6d9bf98deee407c58dbba8e1de603d55799eeaadcfed8d71cec07be7,2582,71.0,31.0,physical_only,-2.3193833785889113e-06,-0.0004678137047008483,-2.1891575109659042e-06,2.0785018181408034e-05,-1.3022586762300624e-07,-0.0004885987228822565
17,17,unloading,0.9,de92c06d6d9bf98deee407c58dbba8e1de603d55799eeaadcfed8d71cec07be7,2583,72.0,31.0,physical_only,-3.389631692891857e-06,-0.000575969230024492,-2.3470562588247804e-06,2.5982862660764213e-05,-1.042575434067083e-06,-0.000601952092685256
17,17,unloading,0.9,de92c06d6d9bf98deee407c58dbba8e1de603d55799eeaadcfed8d71cec07be7,2584,73.0,31.0,physical_only,-4.1459827002464655e-06,-0.0007029939336440278,-2.5528853575500834e-06,3.29849759333914e-05,-1.5930973426963762e-06,-0.000735978909577419
17,17,unloading,0.9,de92c06d6d9bf98deee407c58dbba8e1de603d55799eeaadcfed8d71cec07be7,2585,74.0,31.0,physical_only,1.3290298093054794e-06,-0.0008554235167057924,-2.8345345618229417e-06,4.2821505481531424e-05,4.163564371128421e-06,-0.0008982450221873242
17,17,unloading,0.9,de92c06d6d9bf98deee407c58dbba8e1de603d55799eeaadcfed8d71cec07be7,2586,75.0,31.0,physical_only,1.1533733576731975e-05,-0.001051395113278359,-3.247558654514707e-06,5.747040237260593e-05,1.4781292231246681e-05,-0.0011088655156509652
17,17,unloading,0.9,de92c06d6d9bf98deee407c58dbba8e1de603d55799eeaadcfed8d71cec07be7,2587,76.0,31.0,physical_only,1.744025361459743e-05,-0.001310668695198484,-3.914280661044002e-06,8.126790269155321e-05,2.1354534275641435e-05,-0.0013919365978900368
17,17,unloading,0.9,de92c06d6d9bf98deee407c58dbba8e1de603d55799eeaadcfed8d71cec07be7,2588,77.0,31.0,physical_only,-8.56021307313593e-06,-0.0015907399435845914,-5.135031776969814e-06,0.00012559769461261805,-3.425181296166124e-06,-0.0017163376381972096
17,17,unloading,0.9,de92c06d6d9bf98deee407c58dbba8e1de603d55799eeaadcfed8d71cec07be7,2589,78.0,31.0,physical_only,-5.225021176847975e-05,-0.0018579295120613772,-7.981134015277664e-06,0.00023196678087189572,-4.4269077753202076e-05,-0.0020898962929332705
17,17,unloading,0.9,de92c06d6d9bf98deee407c58dbba8e1de603d55799eeaadcfed8d71cec07be7,2590,79.0,31.0,physical_only,-0.00015047687863404858,-0.0004623445644244342,-1.9409696161650716e-05,0.0007297857595123286,-0.00013106718247239785,-0.0011921303239367641
17,17,unloading,0.9,de92c06d6d9bf98deee407c58dbba8e1de603d55799eeaadcfed8d71cec07be7,2591,80.0,31.0,physical_only,-0.0003566443262567659,0.02427744280475193,-0.0004660003279211067,0.012195091821250016,0.00010935600166434079,0.012082350983501914
17,17,unloading,0.9,de92c06d6d9bf98deee407c58dbba8e1de603d55799eeaadcfed8d71cec07be7,2654,62.0,32.0,physical_only,-4.970346306482124e-06,-1.3045565232519704e-06,-1.6213636317997613e-06,5.80635509846849e-08,-3.348982674682363e-06,-1.3626200742366558e-06
17,17,unloading,0.9,de92c06d6d9bf98deee407c58dbba8e1de603d55799eeaadcfed8d71cec07be7,2655,63.0,32.0,interior,-0.0,-0.0,-0.0,-0.0,-0.0,-0.0
17,17,unloading,0.9,de92c06d6d9bf98deee407c58dbba8e1de603d55799eeaadcfed8d71cec07be7,2656,64.0,32.0,interior,-0.0,-0.0,-0.0,-0.0,-0.0,-0.0
17,17,unloading,0.9,de92c06d6d9bf98deee407c58dbba8e1de603d55799eeaadcfed8d71cec07be7,2657,65.0,32.0,interior,-0.0,-0.0,-0.0,-0.0,-0.0,-0.0
17,17,unloading,0.9,de92c06d6d9bf98deee407c58dbba8e1de603d55799eeaadcfed8d71cec07be7,2658,66.0,32.0,interior,-0.0,-0.0,-0.0,-0.0,-0.0,-0.0
17,17,unloading,0.9,de92c06d6d9bf98deee407c58dbba8e1de603d55799eeaadcfed8d71cec07be7,2659,67.0,32.0,interior,-0.0,-0.0,-0.0,-0.0,-0.0,-0.0
17,17,unloading,0.9,de92c06d6d9bf98deee407c58dbba8e1de603d55799eeaadcfed8d71cec07be7,2660,68.0,32.0,interior,-0.0,-0.0,-0.0,-0.0,-0.0,-0.0
17,17,unloading,0.9,de92c06d6d9bf98deee407c58dbba8e1de603d55799eeaadcfed8d71cec07be7,2661,69.0,32.0,interior,-0.0,-0.0,-0.0,-0.0,-0.0,-0.0
17,17,unloading,0.9,de92c06d6d9bf98deee407c58dbba8e1de603d55799eeaadcfed8d71cec07be7,2662,70.0,32.0,interior,-0.0,-0.0,-0.0,-0.0,-0.0,-0.0
17,17,unloading,0.9,de92c06d6d9bf98deee407c58dbba8e1de603d55799eeaadcfed8d71cec07be7,2663,71.0,32.0,interior,-0.0,-0.0,-0.0,-0.0,-0.0,-0.0
17,17,unloading,0.9,de92c06d6d9bf98deee407c58dbba8e1de603d55799eeaadcfed8d71cec07be7,2664,72.0,32.0,interior,-0.0,-0.0,-0.0,-0.0,-0.0,-0.0
17,17,unloading,0.9,de92c06d6d9bf98deee407c58dbba8e1de603d55799eeaadcfed8d71cec07be7,2665,73.0,32.0,interior,-0.0,-0.0,-0.0,-0.0,-0.0,-0.0
17,17,unloading,0.9,de92c06d6d9bf98deee407c58dbba8e1de603d55799eeaadcfed8d71cec07be7,2666,74.0,32.0,interior,-0.0,-0.0,-0.0,-0.0,-0.0,-0.0
17,17,unloading,0.9,de92c06d6d9bf98deee407c58dbba8e1de603d55799eeaadcfed8d71cec07be7,2667,75.0,32.0,interior,-0.0,-0.0,-0.0,-0.0,-0.0,-0.0
17,17,unloading,0.9,de92c06d6d9bf98deee407c58dbba8e1de603d55799eeaadcfed8d71cec07be7,2668,76.0,32.0,interior,-0.0,-0.0,-0.0,-0.0,-0.0,-0.0
17,17,unloading,0.9,de92c06d6d9bf98deee407c58dbba8e1de603d55799eeaadcfed8d71cec07be7,2669,77.0,32.0,interior,-0.0,-0.0,-0.0,-0.0,-0.0,-0.0
17,17,unloading,0.9,de92c06d6d9bf98deee407c58dbba8e1de603d55799eeaadcfed8d71cec07be7,2670,78.0,32.0,interior,-0.0,-0.0,-0.0,-0.0,-0.0,-0.0
17,17,unloading,0.9,de92c06d6d9bf98deee407c58dbba8e1de603d55799eeaadcfed8d71cec07be7,2671,79.0,32.0,interior,-0.0,-0.0,-0.0,-0.0,-0.0,-0.0
17,17,unloading,0.9,de92c06d6d9bf98deee407c58dbba8e1de603d55799eeaadcfed8d71cec07be7,2672,80.0,32.0,physical_only,-0.0,-0.0,-0.0,-0.0,-0.0,-0.0
17,17,unloading,0.9,de92c06d6d9bf98deee407c58dbba8e1de603d55799eeaadcfed8d71cec07be7,2735,62.0,33.0,physical_only,-3.6241899659385217e-06,-8.62933963879727e-07,-1.7118763937435652e-06,4.382457291664121e-08,-1.912313572194958e-06,-9.067585367963681e-07
17,17,unloading,0.9,de92c06d6d9bf98deee407c58dbba8e1de603d55799eeaadcfed8d71cec07be7,2736,63.0,33.0,interior,-0.0,-0.0,-0.0,-0.0,-0.0,-0.0
17,17,unloading,0.9,de92c06d6d9bf98deee407c58dbba8e1de603d55799eeaadcfed8d71cec07be7,2737,64.0,33.0,interior,-0.0,-0.0,-0.0,-0.0,-0.0,-0.0
17,17,unloading,0.9,de92c06d6d9bf98deee407c58dbba8e1de603d55799eeaadcfed8d71cec07be7,2738,65.0,33.0,interior,-0.0,-0.0,-0.0,-0.0,-0.0,-0.0
17,17,unloading,0.9,de92c06d6d9bf98deee407c58dbba8e1de603d55799eeaadcfed8d71cec07be7,2739,66.0,33.0,interior,-0.0,-0.0,-0.0,-0.0,-0.0,-0.0
17,17,unloading,0.9,de92c06d6d9bf98deee407c58dbba8e1de603d55799eeaadcfed8d71cec07be7,2740,67.0,33.0,interior,-0.0,-0.0,-0.0,-0.0,-0.0,-0.0
17,17,unloading,0.9,de92c06d6d9bf98deee407c58dbba8e1de603d55799eeaadcfed8d71cec07be7,2741,68.0,33.0,interior,-0.0,-0.0,-0.0,-0.0,-0.0,-0.0
17,17,unloading,0.9,de92c06d6d9bf98deee407c58dbba8e1de603d55799eeaadcfed8d71cec07be7,2742,69.0,33.0,interior,-0.0,-0.0,-0.0,-0.0,-0.0,-0.0
17,17,unloading,0.9,de92c06d6d9bf98deee407c58dbba8e1de603d55799eeaadcfed8d71cec07be7,2743,70.0,33.0,interior,-0.0,-0.0,-0.0,-0.0,-0.0,-0.0
17,17,unloading,0.9,de92c06d6d9bf98deee407c58dbba8e1de603d55799eeaadcfed8d71cec07be7,2744,71.0,33.0,interior,-0.0,-0.0,-0.0,-0.0,-0.0,-0.0
17,17,unloading,0.9,de92c06d6d9bf98deee407c58dbba8e1de603d55799eeaadcfed8d71cec07be7,2745,72.0,33.0,interior,-0.0,-0.0,-0.0,-0.0,-0.0,-0.0
17,17,unloading,0.9,de92c06d6d9bf98deee407c58dbba8e1de603d55799eeaadcfed8d71cec07be7,2746,73.0,33.0,interior,-0.0,-0.0,-0.0,-0.0,-0.0,-0.0
17,17,unloading,0.9,de92c06d6d9bf98deee407c58dbba8e1de603d55799eeaadcfed8d71cec07be7,2747,74.0,33.0,interior,-0.0,-0.0,-0.0,-0.0,-0.0,-0.0
17,17,unloading,0.9,de92c06d6d9bf98deee407c58dbba8e1de603d55799eeaadcfed8d71cec07be7,2748,75.0,33.0,interior,-0.0,-0.0,-0.0,-0.0,-0.0,-0.0
17,17,unloading,0.9,de92c06d6d9bf98deee407c58dbba8e1de603d55799eeaadcfed8d71cec07be7,2749,76.0,33.0,interior,-0.0,-0.0,-0.0,-0.0,-0.0,-0.0
17,17,unloading,0.9,de92c06d6d9bf98deee407c58dbba8e1de603d55799eeaadcfed8d71cec07be7,2750,77.0,33.0,interior,-0.0,-0.0,-0.0,-0.0,-0.0,-0.0
17,17,unloading,0.9,de92c06d6d9bf98deee407c58dbba8e1de603d55799eeaadcfed8d71cec07be7,2751,78.0,33.0,interior,-0.0,-0.0,-0.0,-0.0,-0.0,-0.0
17,17,unloading,0.9,de92c06d6d9bf98deee407c58dbba8e1de603d55799eeaadcfed8d71cec07be7,2752,79.0,33.0,interior,-0.0,-0.0,-0.0,-0.0,-0.0,-0.0
17,17,unloading,0.9,de92c06d6d9bf98deee407c58dbba8e1de603d55799eeaadcfed8d71cec07be7,2753,80.0,33.0,physical_only,-0.0,-0.0,-0.0,-0.0,-0.0,-0.0
17,17,unloading,0.9,de92c06d6d9bf98deee407c58dbba8e1de603d55799eeaadcfed8d71cec07be7,2816,62.0,34.0,physical_only,-3.006953598592967e-06,-3.955175772475536e-07,-1.783912607569755e-06,3.532236493728799e-08,-1.2230409910232122e-06,-4.308399421848416e-07
17,17,unloading,0.9,de92c06d6d9bf98deee407c58dbba8e1de603d55799eeaadcfed8d71cec07be7,2817,63.0,34.0,interior,-0.0,-0.0,-0.0,-0.0,-0.0,-0.0
17,17,unloading,0.9,de92c06d6d9bf98deee407c58dbba8e1de603d55799eeaadcfed8d71cec07be7,2818,64.0,34.0,interior,-0.0,-0.0,-0.0,-0.0,-0.0,-0.0
17,17,unloading,0.9,de92c06d6d9bf98deee407c58dbba8e1de603d55799eeaadcfed8d71cec07be7,2819,65.0,34.0,interior,-0.0,-0.0,-0.0,-0.0,-0.0,-0.0
17,17,unloading,0.9,de92c06d6d9bf98deee407c58dbba8e1de603d55799eeaadcfed8d71cec07be7,2820,66.0,34.0,interior,-0.0,-0.0,-0.0,-0.0,-0.0,-0.0
17,17,unloading,0.9,de92c06d6d9bf98deee407c58dbba8e1de603d55799eeaadcfed8d71cec07be7,2821,67.0,34.0,interior,-0.0,-0.0,-0.0,-0.0,-0.0,-0.0
17,17,unloading,0.9,de92c06d6d9bf98deee407c58dbba8e1de603d55799eeaadcfed8d71cec07be7,2822,68.0,34.0,interior,-0.0,-0.0,-0.0,-0.0,-0.0,-0.0
17,17,unloading,0.9,de92c06d6d9bf98deee407c58dbba8e1de603d55799eeaadcfed8d71cec07be7,2823,69.0,34.0,interior,-0.0,-0.0,-0.0,-0.0,-0.0,-0.0
17,17,unloading,0.9,de92c06d6d9bf98deee407c58dbba8e1de603d55799eeaadcfed8d71cec07be7,2824,70.0,34.0,interior,-0.0,-0.0,-0.0,-0.0,-0.0,-0.0
17,17,unloading,0.9,de92c06d6d9bf98deee407c58dbba8e1de603d55799eeaadcfed8d71cec07be7,2825,71.0,34.0,interior,-0.0,-0.0,-0.0,-0.0,-0.0,-0.0
17,17,unloading,0.9,de92c06d6d9bf98deee407c58dbba8e1de603d55799eeaadcfed8d71cec07be7,2826,72.0,34.0,interior,-0.0,-0.0,-0.0,-0.0,-0.0,-0.0
17,17,unloading,0.9,de92c06d6d9bf98deee407c58dbba8e1de603d55799eeaadcfed8d71cec07be7,2827,73.0,34.0,interior,-0.0,-0.0,-0.0,-0.0,-0.0,-0.0
17,17,unloading,0.9,de92c06d6d9bf98deee407c58dbba8e1de603d55799eeaadcfed8d71cec07be7,2828,74.0,34.0,interior,-0.0,-0.0,-0.0,-0.0,-0.0,-0.0
17,17,unloading,0.9,de92c06d6d9bf98deee407c58dbba8e1de603d55799eeaadcfed8d71cec07be7,2829,75.0,34.0,interior,-0.0,-0.0,-0.0,-0.0,-0.0,-0.0
17,17,unloading,0.9,de92c06d6d9bf98deee407c58dbba8e1de603d55799eeaadcfed8d71cec07be7,2830,76.0,34.0,interior,-0.0,-0.0,-0.0,-0.0,-0.0,-0.0
17,17,unloading,0.9,de92c06d6d9bf98deee407c58dbba8e1de603d55799eeaadcfed8d71cec07be7,2831,77.0,34.0,interior,-0.0,-0.0,-0.0,-0.0,-0.0,-0.0
17,17,unloading,0.9,de92c06d6d9bf98deee407c58dbba8e1de603d55799eeaadcfed8d71cec07be7,2832,78.0,34.0,interior,-0.0,-0.0,-0.0,-0.0,-0.0,-0.0
17,17,unloading,0.9,de92c06d6d9bf98deee407c58dbba8e1de603d55799eeaadcfed8d71cec07be7,2833,79.0,34.0,interior,-0.0,-0.0,-0.0,-0.0,-0.0,-0.0
17,17,unloading,0.9,de92c06d6d9bf98deee407c58dbba8e1de603d55799eeaadcfed8d71cec07be7,2834,80.0,34.0,physical_only,-0.0,-0.0,-0.0,-0.0,-0.0,-0.0
17,17,unloading,0.9,de92c06d6d9bf98deee407c58dbba8e1de603d55799eeaadcfed8d71cec07be7,2897,62.0,35.0,physical_only,-2.8350363076024213e-06,-4.600814876841387e-08,-1.843393831183972e-06,2.9760286522065318e-08,-9.916424764184498e-07,-7.576843529047919e-08
17,17,unloading,0.9,de92c06d6d9bf98deee407c58dbba8e1de603d55799eeaadcfed8d71cec07be7,2898,63.0,35.0,interior,-0.0,-0.0,-0.0,-0.0,-0.0,-0.0
17,17,unloading,0.9,de92c06d6d9bf98deee407c58dbba8e1de603d55799eeaadcfed8d71cec07be7,2899,64.0,35.0,interior,-0.0,-0.0,-0.0,-0.0,-0.0,-0.0
17,17,unloading,0.9,de92c06d6d9bf98deee407c58dbba8e1de603d55799eeaadcfed8d71cec07be7,2900,65.0,35.0,interior,-0.0,-0.0,-0.0,-0.0,-0.0,-0.0
17,17,unloading,0.9,de92c06d6d9bf98deee407c58dbba8e1de603d55799eeaadcfed8d71cec07be7,2901,66.0,35.0,interior,-0.0,-0.0,-0.0,-0.0,-0.0,-0.0
17,17,unloading,0.9,de92c06d6d9bf98deee407c58dbba8e1de603d55799eeaadcfed8d71cec07be7,2902,67.0,35.0,interior,-0.0,-0.0,-0.0,-0.0,-0.0,-0.0
17,17,unloading,0.9,de92c06d6d9bf98deee407c58dbba8e1de603d55799eeaadcfed8d71cec07be7,2903,68.0,35.0,interior,-0.0,-0.0,-0.0,-0.0,-0.0,-0.0
17,17,unloading,0.9,de92c06d6d9bf98deee407c58dbba8e1de603d55799eeaadcfed8d71cec07be7,2904,69.0,35.0,interior,-0.0,-0.0,-0.0,-0.0,-0.0,-0.0
17,17,unloading,0.9,de92c06d6d9bf98deee407c58dbba8e1de603d55799eeaadcfed8d71cec07be7,2905,70.0,35.0,interior,-0.0,-0.0,-0.0,-0.0,-0.0,-0.0
17,17,unloading,0.9,de92c06d6d9bf98deee407c58dbba8e1de603d55799eeaadcfed8d71cec07be7,2906,71.0,35.0,interior,-0.0,-0.0,-0.0,-0.0,-0.0,-0.0
17,17,unloading,0.9,de92c06d6d9bf98deee407c58dbba8e1de603d55799eeaadcfed8d71cec07be7,2907,72.0,35.0,interior,-0.0,-0.0,-0.0,-0.0,-0.0,-0.0
17,17,unloading,0.9,de92c06d6d9bf98deee407c58dbba8e1de603d55799eeaadcfed8d71cec07be7,2908,73.0,35.0,interior,-0.0,-0.0,-0.0,-0.0,-0.0,-0.0
17,17,unloading,0.9,de92c06d6d9bf98deee407c58dbba8e1de603d55799eeaadcfed8d71cec07be7,2909,74.0,35.0,interior,-0.0,-0.0,-0.0,-0.0,-0.0,-0.0
17,17,unloading,0.9,de92c06d6d9bf98deee407c58dbba8e1de603d55799eeaadcfed8d71cec07be7,2910,75.0,35.0,interior,-0.0,-0.0,-0.0,-0.0,-0.0,-0.0
17,17,unloading,0.9,de92c06d6d9bf98deee407c58dbba8e1de603d55799eeaadcfed8d71cec07be7,2911,76.0,35.0,interior,-0.0,-0.0,-0.0,-0.0,-0.0,-0.0
17,17,unloading,0.9,de92c06d6d9bf98deee407c58dbba8e1de603d55799eeaadcfed8d71cec07be7,2912,77.0,35.0,interior,-0.0,-0.0,-0.0,-0.0,-0.0,-0.0
17,17,unloading,0.9,de92c06d6d9bf98deee407c58dbba8e1de603d55799eeaadcfed8d71cec07be7,2913,78.0,35.0,interior,-0.0,-0.0,-0.0,-0.0,-0.0,-0.0
17,17,unloading,0.9,de92c06d6d9bf98deee407c58dbba8e1de603d55799eeaadcfed8d71cec07be7,2914,79.0,35.0,interior,-0.0,-0.0,-0.0,-0.0,-0.0,-0.0
17,17,unloading,0.9,de92c06d6d9bf98deee407c58dbba8e1de603d55799eeaadcfed8d71cec07be7,2915,80.0,35.0,physical_only,-0.0,-0.0,-0.0,-0.0,-0.0,-0.0
17,17,unloading,0.9,de92c06d6d9bf98deee407c58dbba8e1de603d55799eeaadcfed8d71cec07be7,2978,62.0,36.0,physical_only,-2.8892842523658823e-06,1.3290367369562995e-07,-1.8927508465975139e-06,2.5027625366481795e-08,-9.965334057683678e-07,1.078760483291481e-07
17,17,unloading,0.9,de92c06d6d9bf98deee407c58dbba8e1de603d55799eeaadcfed8d71cec07be7,2979,63.0,36.0,interior,-0.0,-0.0,-0.0,-0.0,-0.0,-0.0
17,17,unloading,0.9,de92c06d6d9bf98deee407c58dbba8e1de603d55799eeaadcfed8d71cec07be7,2980,64.0,36.0,interior,-0.0,-0.0,-0.0,-0.0,-0.0,-0.0
17,17,unloading,0.9,de92c06d6d9bf98deee407c58dbba8e1de603d55799eeaadcfed8d71cec07be7,2981,65.0,36.0,interior,-0.0,-0.0,-0.0,-0.0,-0.0,-0.0
17,17,unloading,0.9,de92c06d6d9bf98deee407c58dbba8e1de603d55799eeaadcfed8d71cec07be7,2982,66.0,36.0,interior,-0.0,-0.0,-0.0,-0.0,-0.0,-0.0
17,17,unloading,0.9,de92c06d6d9bf98deee407c58dbba8e1de603d55799eeaadcfed8d71cec07be7,2983,67.0,36.0,interior,-0.0,-0.0,-0.0,-0.0,-0.0,-0.0
17,17,unloading,0.9,de92c06d6d9bf98deee407c58dbba8e1de603d55799eeaadcfed8d71cec07be7,2984,68.0,36.0,interior,-0.0,-0.0,-0.0,-0.0,-0.0,-0.0
17,17,unloading,0.9,de92c06d6d9bf98deee407c58dbba8e1de603d55799eeaadcfed8d71cec07be7,2985,69.0,36.0,interior,-0.0,-0.0,-0.0,-0.0,-0.0,-0.0
17,17,unloading,0.9,de92c06d6d9bf98deee407c58dbba8e1de603d55799eeaadcfed8d71cec07be7,2986,70.0,36.0,interior,-0.0,-0.0,-0.0,-0.0,-0.0,-0.0
17,17,unloading,0.9,de92c06d6d9bf98deee407c58dbba8e1de603d55799eeaadcfed8d71cec07be7,2987,71.0,36.0,interior,-0.0,-0.0,-0.0,-0.0,-0.0,-0.0
17,17,unloading,0.9,de92c06d6d9bf98deee407c58dbba8e1de603d55799eeaadcfed8d71cec07be7,2988,72.0,36.0,interior,-0.0,-0.0,-0.0,-0.0,-0.0,-0.0
17,17,unloading,0.9,de92c06d6d9bf98deee407c58dbba8e1de603d55799eeaadcfed8d71cec07be7,2989,73.0,36.0,interior,-0.0,-0.0,-0.0,-0.0,-0.0,-0.0
17,17,unloading,0.9,de92c06d6d9bf98deee407c58dbba8e1de603d55799eeaadcfed8d71cec07be7,2990,74.0,36.0,interior,-0.0,-0.0,-0.0,-0.0,-0.0,-0.0
17,17,unloading,0.9,de92c06d6d9bf98deee407c58dbba8e1de603d55799eeaadcfed8d71cec07be7,2991,75.0,36.0,interior,-0.0,-0.0,-0.0,-0.0,-0.0,-0.0
17,17,unloading,0.9,de92c06d6d9bf98deee407c58dbba8e1de603d55799eeaadcfed8d71cec07be7,2992,76.0,36.0,interior,-0.0,-0.0,-0.0,-0.0,-0.0,-0.0
17,17,unloading,0.9,de92c06d6d9bf98deee407c58dbba8e1de603d55799eeaadcfed8d71cec07be7,2993,77.0,36.0,interior,-0.0,-0.0,-0.0,-0.0,-0.0,-0.0
17,17,unloading,0.9,de92c06d6d9bf98deee407c58dbba8e1de603d55799eeaadcfed8d71cec07be7,2994,78.0,36.0,interior,-0.0,-0.0,-0.0,-0.0,-0.0,-0.0
17,17,unloading,0.9,de92c06d6d9bf98deee407c58dbba8e1de603d55799eeaadcfed8d71cec07be7,2995,79.0,36.0,interior,-0.0,-0.0,-0.0,-0.0,-0.0,-0.0
17,17,unloading,0.9,de92c06d6d9bf98deee407c58dbba8e1de603d55799eeaadcfed8d71cec07be7,2996,80.0,36.0,physical_only,-0.0,-0.0,-0.0,-0.0,-0.0,-0.0
17,17,unloading,0.9,de92c06d6d9bf98deee407c58dbba8e1de603d55799eeaadcfed8d71cec07be7,3059,62.0,37.0,physical_only,-3.007038799739256e-06,1.8106133317047404e-07,-1.9322939945052146e-06,1.9883236270281466e-08,-1.0747448052340423e-06,1.6117809690019246e-07
17,17,unloading,0.9,de92c06d6d9bf98deee407c58dbba8e1de603d55799eeaadcfed8d71cec07be7,3060,63.0,37.0,interior,-0.0,-0.0,-0.0,-0.0,-0.0,-0.0
17,17,unloading,0.9,de92c06d6d9bf98deee407c58dbba8e1de603d55799eeaadcfed8d71cec07be7,3061,64.0,37.0,interior,-0.0,-0.0,-0.0,-0.0,-0.0,-0.0
17,17,unloading,0.9,de92c06d6d9bf98deee407c58dbba8e1de603d55799eeaadcfed8d71cec07be7,3062,65.0,37.0,interior,-0.0,-0.0,-0.0,-0.0,-0.0,-0.0
17,17,unloading,0.9,de92c06d6d9bf98deee407c58dbba8e1de603d55799eeaadcfed8d71cec07be7,3063,66.0,37.0,interior,-0.0,-0.0,-0.0,-0.0,-0.0,-0.0
17,17,unloading,0.9,de92c06d6d9bf98deee407c58dbba8e1de603d55799eeaadcfed8d71cec07be7,3064,67.0,37.0,interior,-0.0,-0.0,-0.0,-0.0,-0.0,-0.0
17,17,unloading,0.9,de92c06d6d9bf98deee407c58dbba8e1de603d55799eeaadcfed8d71cec07be7,3065,68.0,37.0,interior,-0.0,-0.0,-0.0,-0.0,-0.0,-0.0
17,17,unloading,0.9,de92c06d6d9bf98deee407c58dbba8e1de603d55799eeaadcfed8d71cec07be7,3066,69.0,37.0,interior,-0.0,-0.0,-0.0,-0.0,-0.0,-0.0
17,17,unloading,0.9,de92c06d6d9bf98deee407c58dbba8e1de603d55799eeaadcfed8d71cec07be7,3067,70.0,37.0,interior,-0.0,-0.0,-0.0,-0.0,-0.0,-0.0
17,17,unloading,0.9,de92c06d6d9bf98deee407c58dbba8e1de603d55799eeaadcfed8d71cec07be7,3068,71.0,37.0,interior,-0.0,-0.0,-0.0,-0.0,-0.0,-0.0
17,17,unloading,0.9,de92c06d6d9bf98deee407c58dbba8e1de603d55799eeaadcfed8d71cec07be7,3069,72.0,37.0,interior,-0.0,-0.0,-0.0,-0.0,-0.0,-0.0
17,17,unloading,0.9,de92c06d6d9bf98deee407c58dbba8e1de603d55799eeaadcfed8d71cec07be7,3070,73.0,37.0,interior,-0.0,-0.0,-0.0,-0.0,-0.0,-0.0
17,17,unloading,0.9,de92c06d6d9bf98deee407c58dbba8e1de603d55799eeaadcfed8d71cec07be7,3071,74.0,37.0,interior,-0.0,-0.0,-0.0,-0.0,-0.0,-0.0
17,17,unloading,0.9,de92c06d6d9bf98deee407c58dbba8e1de603d55799eeaadcfed8d71cec07be7,3072,75.0,37.0,interior,-0.0,-0.0,-0.0,-0.0,-0.0,-0.0
17,17,unloading,0.9,de92c06d6d9bf98deee407c58dbba8e1de603d55799eeaadcfed8d71cec07be7,3073,76.0,37.0,interior,-0.0,-0.0,-0.0,-0.0,-0.0,-0.0
17,17,unloading,0.9,de92c06d6d9bf98deee407c58dbba8e1de603d55799eeaadcfed8d71cec07be7,3074,77.0,37.0,interior,-0.0,-0.0,-0.0,-0.0,-0.0,-0.0
17,17,unloading,0.9,de92c06d6d9bf98deee407c58dbba8e1de603d55799eeaadcfed8d71cec07be7,3075,78.0,37.0,interior,-0.0,-0.0,-0.0,-0.0,-0.0,-0.0
17,17,unloading,0.9,de92c06d6d9bf98deee407c58dbba8e1de603d55799eeaadcfed8d71cec07be7,3076,79.0,37.0,interior,-0.0,-0.0,-0.0,-0.0,-0.0,-0.0
17,17,unloading,0.9,de92c06d6d9bf98deee407c58dbba8e1de603d55799eeaadcfed8d71cec07be7,3077,80.0,37.0,physical_only,-0.0,-0.0,-0.0,-0.0,-0.0,-0.0
17,17,unloading,0.9,de92c06d6d9bf98deee407c58dbba8e1de603d55799eeaadcfed8d71cec07be7,3140,62.0,38.0,physical_only,-3.1108289013822453e-06,1.4910218968494788e-07,-1.96138119549607e-06,1.3902199331244855e-08,-1.1494477058861753e-06,1.3519999035370302e-07
17,17,unloading,0.9,de92c06d6d9bf98deee407c58dbba8e1de603d55799eeaadcfed8d71cec07be7,3141,63.0,38.0,interior,-0.0,-0.0,-0.0,-0.0,-0.0,-0.0
17,17,unloading,0.9,de92c06d6d9bf98deee407c58dbba8e1de603d55799eeaadcfed8d71cec07be7,3142,64.0,38.0,interior,-0.0,-0.0,-0.0,-0.0,-0.0,-0.0
17,17,unloading,0.9,de92c06d6d9bf98deee407c58dbba8e1de603d55799eeaadcfed8d71cec07be7,3143,65.0,38.0,interior,-0.0,-0.0,-0.0,-0.0,-0.0,-0.0
17,17,unloading,0.9,de92c06d6d9bf98deee407c58dbba8e1de603d55799eeaadcfed8d71cec07be7,3144,66.0,38.0,interior,-0.0,-0.0,-0.0,-0.0,-0.0,-0.0
17,17,unloading,0.9,de92c06d6d9bf98deee407c58dbba8e1de603d55799eeaadcfed8d71cec07be7,3145,67.0,38.0,interior,-0.0,-0.0,-0.0,-0.0,-0.0,-0.0
17,17,unloading,0.9,de92c06d6d9bf98deee407c58dbba8e1de603d55799eeaadcfed8d71cec07be7,3146,68.0,38.0,interior,-0.0,-0.0,-0.0,-0.0,-0.0,-0.0
17,17,unloading,0.9,de92c06d6d9bf98deee407c58dbba8e1de603d55799eeaadcfed8d71cec07be7,3147,69.0,38.0,interior,-0.0,-0.0,-0.0,-0.0,-0.0,-0.0
17,17,unloading,0.9,de92c06d6d9bf98deee407c58dbba8e1de603d55799eeaadcfed8d71cec07be7,3148,70.0,38.0,interior,-0.0,-0.0,-0.0,-0.0,-0.0,-0.0
17,17,unloading,0.9,de92c06d6d9bf98deee407c58dbba8e1de603d55799eeaadcfed8d71cec07be7,3149,71.0,38.0,interior,-0.0,-0.0,-0.0,-0.0,-0.0,-0.0
17,17,unloading,0.9,de92c06d6d9bf98deee407c58dbba8e1de603d55799eeaadcfed8d71cec07be7,3150,72.0,38.0,interior,-0.0,-0.0,-0.0,-0.0,-0.0,-0.0
17,17,unloading,0.9,de92c06d6d9bf98deee407c58dbba8e1de603d55799eeaadcfed8d71cec07be7,3151,73.0,38.0,interior,-0.0,-0.0,-0.0,-0.0,-0.0,-0.0
17,17,unloading,0.9,de92c06d6d9bf98deee407c58dbba8e1de603d55799eeaadcfed8d71cec07be7,3152,74.0,38.0,interior,-0.0,-0.0,-0.0,-0.0,-0.0,-0.0
17,17,unloading,0.9,de92c06d6d9bf98deee407c58dbba8e1de603d55799eeaadcfed8d71cec07be7,3153,75.0,38.0,interior,-0.0,-0.0,-0.0,-0.0,-0.0,-0.0
17,17,unloading,0.9,de92c06d6d9bf98deee407c58dbba8e1de603d55799eeaadcfed8d71cec07be7,3154,76.0,38.0,interior,-0.0,-0.0,-0.0,-0.0,-0.0,-0.0
17,17,unloading,0.9,de92c06d6d9bf98deee407c58dbba8e1de603d55799eeaadcfed8d71cec07be7,3155,77.0,38.0,interior,-0.0,-0.0,-0.0,-0.0,-0.0,-0.0
17,17,unloading,0.9,de92c06d6d9bf98deee407c58dbba8e1de603d55799eeaadcfed8d71cec07be7,3156,78.0,38.0,interior,-0.0,-0.0,-0.0,-0.0,-0.0,-0.0
17,17,unloading,0.9,de92c06d6d9bf98deee407c58dbba8e1de603d55799eeaadcfed8d71cec07be7,3157,79.0,38.0,interior,-0.0,-0.0,-0.0,-0.0,-0.0,-0.0
17,17,unloading,0.9,de92c06d6d9bf98deee407c58dbba8e1de603d55799eeaadcfed8d71cec07be7,3158,80.0,38.0,physical_only,-0.0,-0.0,-0.0,-0.0,-0.0,-0.0
17,17,unloading,0.9,de92c06d6d9bf98deee407c58dbba8e1de603d55799eeaadcfed8d71cec07be7,3221,62.0,39.0,physical_only,-3.173260996055716e-06,8.033582332368361e-08,-1.9792145383067242e-06,7.163271263683553e-09,-1.1940464577489914e-06,7.317255206000006e-08
17,17,unloading,0.9,de92c06d6d9bf98deee407c58dbba8e1de603d55799eeaadcfed8d71cec07be7,3222,63.0,39.0,interior,-0.0,-0.0,-0.0,-0.0,-0.0,-0.0
17,17,unloading,0.9,de92c06d6d9bf98deee407c58dbba8e1de603d55799eeaadcfed8d71cec07be7,3223,64.0,39.0,interior,-0.0,-0.0,-0.0,-0.0,-0.0,-0.0
17,17,unloading,0.9,de92c06d6d9bf98deee407c58dbba8e1de603d55799eeaadcfed8d71cec07be7,3224,65.0,39.0,interior,-0.0,-0.0,-0.0,-0.0,-0.0,-0.0
17,17,unloading,0.9,de92c06d6d9bf98deee407c58dbba8e1de603d55799eeaadcfed8d71cec07be7,3225,66.0,39.0,interior,-0.0,-0.0,-0.0,-0.0,-0.0,-0.0
17,17,unloading,0.9,de92c06d6d9bf98deee407c58dbba8e1de603d55799eeaadcfed8d71cec07be7,3226,67.0,39.0,interior,-0.0,-0.0,-0.0,-0.0,-0.0,-0.0
17,17,unloading,0.9,de92c06d6d9bf98deee407c58dbba8e1de603d55799eeaadcfed8d71cec07be7,3227,68.0,39.0,interior,-0.0,-0.0,-0.0,-0.0,-0.0,-0.0
17,17,unloading,0.9,de92c06d6d9bf98deee407c58dbba8e1de603d55799eeaadcfed8d71cec07be7,3228,69.0,39.0,interior,-0.0,-0.0,-0.0,-0.0,-0.0,-0.0
17,17,unloading,0.9,de92c06d6d9bf98deee407c58dbba8e1de603d55799eeaadcfed8d71cec07be7,3229,70.0,39.0,interior,-0.0,-0.0,-0.0,-0.0,-0.0,-0.0
17,17,unloading,0.9,de92c06d6d9bf98deee407c58dbba8e1de603d55799eeaadcfed8d71cec07be7,3230,71.0,39.0,interior,-0.0,-0.0,-0.0,-0.0,-0.0,-0.0
17,17,unloading,0.9,de92c06d6d9bf98deee407c58dbba8e1de603d55799eeaadcfed8d71cec07be7,3231,72.0,39.0,interior,-0.0,-0.0,-0.0,-0.0,-0.0,-0.0
17,17,unloading,0.9,de92c06d6d9bf98deee407c58dbba8e1de603d55799eeaadcfed8d71cec07be7,3232,73.0,39.0,interior,-0.0,-0.0,-0.0,-0.0,-0.0,-0.0
17,17,unloading,0.9,de92c06d6d9bf98deee407c58dbba8e1de603d55799eeaadcfed8d71cec07be7,3233,74.0,39.0,interior,-0.0,-0.0,-0.0,-0.0,-0.0,-0.0
17,17,unloading,0.9,de92c06d6d9bf98deee407c58dbba8e1de603d55799eeaadcfed8d71cec07be7,3234,75.0,39.0,interior,-0.0,-0.0,-0.0,-0.0,-0.0,-0.0
17,17,unloading,0.9,de92c06d6d9bf98deee407c58dbba8e1de603d55799eeaadcfed8d71cec07be7,3235,76.0,39.0,interior,-0.0,-0.0,-0.0,-0.0,-0.0,-0.0
17,17,unloading,0.9,de92c06d6d9bf98deee407c58dbba8e1de603d55799eeaadcfed8d71cec07be7,3236,77.0,39.0,interior,-0.0,-0.0,-0.0,-0.0,-0.0,-0.0
17,17,unloading,0.9,de92c06d6d9bf98deee407c58dbba8e1de603d55799eeaadcfed8d71cec07be7,3237,78.0,39.0,interior,-0.0,-0.0,-0.0,-0.0,-0.0,-0.0
17,17,unloading,0.9,de92c06d6d9bf98deee407c58dbba8e1de603d55799eeaadcfed8d71cec07be7,3238,79.0,39.0,interior,-0.0,-0.0,-0.0,-0.0,-0.0,-0.0
17,17,unloading,0.9,de92c06d6d9bf98deee407c58dbba8e1de603d55799eeaadcfed8d71cec07be7,3239,80.0,39.0,physical_only,-0.0,-0.0,-0.0,-0.0,-0.0,-0.0
17,17,unloading,0.9,de92c06d6d9bf98deee407c58dbba8e1de603d55799eeaadcfed8d71cec07be7,3302,62.0,40.0,physical_and_cut,-1.5966150640871647e-06,-1.197612593302826e-06,-9.926126389354593e-07,-4.506759770255496e-07,-6.040024251517054e-07,-7.469366162772763e-07
17,17,unloading,0.9,de92c06d6d9bf98deee407c58dbba8e1de603d55799eeaadcfed8d71cec07be7,3303,63.0,40.0,cut_only,-0.0,-0.0,-0.0,-0.0,-0.0,-0.0
17,17,unloading,0.9,de92c06d6d9bf98deee407c58dbba8e1de603d55799eeaadcfed8d71cec07be7,3304,64.0,40.0,cut_only,-0.0,-0.0,-0.0,-0.0,-0.0,-0.0
17,17,unloading,0.9,de92c06d6d9bf98deee407c58dbba8e1de603d55799eeaadcfed8d71cec07be7,3305,65.0,40.0,cut_only,-0.0,-0.0,-0.0,-0.0,-0.0,-0.0
17,17,unloading,0.9,de92c06d6d9bf98deee407c58dbba8e1de603d55799eeaadcfed8d71cec07be7,3306,66.0,40.0,cut_only,-0.0,-0.0,-0.0,-0.0,-0.0,-0.0
17,17,unloading,0.9,de92c06d6d9bf98deee407c58dbba8e1de603d55799eeaadcfed8d71cec07be7,3307,67.0,40.0,cut_only,-0.0,-0.0,-0.0,-0.0,-0.0,-0.0
17,17,unloading,0.9,de92c06d6d9bf98deee407c58dbba8e1de603d55799eeaadcfed8d71cec07be7,3308,68.0,40.0,cut_only,-0.0,-0.0,-0.0,-0.0,-0.0,-0.0
17,17,unloading,0.9,de92c06d6d9bf98deee407c58dbba8e1de603d55799eeaadcfed8d71cec07be7,3309,69.0,40.0,cut_only,-0.0,-0.0,-0.0,-0.0,-0.0,-0.0
17,17,unloading,0.9,de92c06d6d9bf98deee407c58dbba8e1de603d55799eeaadcfed8d71cec07be7,3310,70.0,40.0,cut_only,-0.0,-0.0,-0.0,-0.0,-0.0,-0.0
17,17,unloading,0.9,de92c06d6d9bf98deee407c58dbba8e1de603d55799eeaadcfed8d71cec07be7,3311,71.0,40.0,cut_only,-0.0,-0.0,-0.0,-0.0,-0.0,-0.0
17,17,unloading,0.9,de92c06d6d9bf98deee407c58dbba8e1de603d55799eeaadcfed8d71cec07be7,3312,72.0,40.0,cut_only,-0.0,-0.0,-0.0,-0.0,-0.0,-0.0
17,17,unloading,0.9,de92c06d6d9bf98deee407c58dbba8e1de603d55799eeaadcfed8d71cec07be7,3313,73.0,40.0,cut_only,-0.0,-0.0,-0.0,-0.0,-0.0,-0.0
17,17,unloading,0.9,de92c06d6d9bf98deee407c58dbba8e1de603d55799eeaadcfed8d71cec07be7,3314,74.0,40.0,cut_only,-0.0,-0.0,-0.0,-0.0,-0.0,-0.0
17,17,unloading,0.9,de92c06d6d9bf98deee407c58dbba8e1de603d55799eeaadcfed8d71cec07be7,3315,75.0,40.0,cut_only,-0.0,-0.0,-0.0,-0.0,-0.0,-0.0
17,17,unloading,0.9,de92c06d6d9bf98deee407c58dbba8e1de603d55799eeaadcfed8d71cec07be7,3316,76.0,40.0,cut_only,-0.0,-0.0,-0.0,-0.0,-0.0,-0.0
17,17,unloading,0.9,de92c06d6d9bf98deee407c58dbba8e1de603d55799eeaadcfed8d71cec07be7,3317,77.0,40.0,cut_only,-0.0,-0.0,-0.0,-0.0,-0.0,-0.0
17,17,unloading,0.9,de92c06d6d9bf98deee407c58dbba8e1de603d55799eeaadcfed8d71cec07be7,3318,78.0,40.0,cut_only,-0.0,-0.0,-0.0,-0.0,-0.0,-0.0
17,17,unloading,0.9,de92c06d6d9bf98deee407c58dbba8e1de603d55799eeaadcfed8d71cec07be7,3319,79.0,40.0,cut_only,-0.0,-0.0,-0.0,-0.0,-0.0,-0.0
17,17,unloading,0.9,de92c06d6d9bf98deee407c58dbba8e1de603d55799eeaadcfed8d71cec07be7,3320,80.0,40.0,physical_and_cut,-0.0,-0.0,-0.0,-0.0,-0.0,-0.0
18,18,unloading,0.8,86e26f5fb8b27fcabb41314b751cb4e4559076147c4ed8bcfe26d0c4f2b768d3,2573,62.0,31.0,physical_only,-0.0004062818506043587,-5.1305813095979765e-05,-2.6892889085939097e-06,2.931517266936601e-06,-0.00040359256169576475,-5.4237330362916354e-05
18,18,unloading,0.8,86e26f5fb8b27fcabb41314b751cb4e4559076147c4ed8bcfe26d0c4f2b768d3,2574,63.0,31.0,physical_only,1.396788508093178e-07,-4.817358845941465e-05,-1.4771039889850325e-06,3.344562129894414e-06,1.6167828397943513e-06,-5.151815058930905e-05
18,18,unloading,0.8,86e26f5fb8b27fcabb41314b751cb4e4559076147c4ed8bcfe26d0c4f2b768d3,2575,64.0,31.0,physical_only,2.19954028758182e-06,-6.35782540940937e-05,-1.5074947926001088e-06,4.26559754036666e-06,3.7070350801819287e-06,-6.784385163446038e-05
18,18,unloading,0.8,86e26f5fb8b27fcabb41314b751cb4e4559076147c4ed8bcfe26d0c4f2b768d3,2576,65.0,31.0,physical_only,2.7560833882481367e-06,-8.46813338215259e-05,-1.5453013877347173e-06,5.310752686170838e-06,4.301384775982855e-06,-8.999208650769668e-05
18,18,unloading,0.8,86e26f5fb8b27fcabb41314b751cb4e4559076147c4ed8bcfe26d0c4f2b768d3,2577,66.0,31.0,physical_only,1.817482054851968e-06,-0.00010921971130453413,-1.590497025066765e-06,6.517079087362021e-06,3.407979079918732e-06,-0.00011573679039189616
18,18,unloading,0.8,86e26f5fb8b27fcabb41314b751cb4e4559076147c4ed8bcfe26d0c4f2b768d3,2578,67.0,31.0,physical_only,3.833523814413579e-07,-0.00013680053981197492,-1.641789735090324e-06,7.926151216858227e-06,2.0251421165316828e-06,-0.00014472669102883297
18,18,unloading,0.8,86e26f5fb8b27fcabb41314b751cb4e4559076147c4ed8bcfe26d0c4f2b768d3,2579,68.0,31.0,physical_only,3.7897917539102984e-07,-0.00016974674230599003,-1.6991436551076367e-06,9.587766009059185e-06,2.0781228304986674e-06,-0.0001793345083150493
18,18,unloading,0.8,86e26f5fb8b27fcabb41314b751cb4e4559076147c4ed8bcfe26d0c4f2b768d3,2580,69.0,31.0,physical_only,8.220988421037047e-08,-0.00021024277465175629,-1.7637834427252013e-06,1.1567184664971973e-05,1.845993326935571e-06,-0.0002218099593167285
18,18,unloading,0.8,86e26f5fb8b27fcabb41314b751cb4e4559076147c4ed8bcfe26d0c4f2b768d3,2581,70.0,31.0,physical_only,-3.825252915916005e-07,-0.0002585659712874525,-1.8380602391012313e-06,1.3954129353982116e-05,1.455534947509628e-06,-0.0002725201006414345
18,18,unloading,0.8,86e26f5fb8b27fcabb41314b751cb4e4559076147c4ed8bcfe26d0c4f2b768d3,2582,71.0,31.0,physical_only,-1.0096022717272378e-06,-0.0003157768782798664,-1.9249900590987922e-06,1.687433815923052e-05,9.153877873715574e-07,-0.0003326512164390969
18,18,unloading,0.8,86e26f5fb8b27fcabb41314b751cb4e4559076147c4ed8bcfe26d0c4f2b768d3,2583,72.0,31.0,physical_only,-1.6904425245814649e-06,-0.00038301089845645944,-2.0289696214190062e-06,2.050897541882325e-05,3.385270968375405e-07,-0.00040351987387528265
18,18,unloading,0.8,86e26f5fb8b27fcabb41314b751cb4e4559076147c4ed8bcfe26d0c4f2b768d3,2584,73.0,31.0,physical_only,-2.5700528169106867e-06,-0.0004601196334009291,-2.1562493476578703e-06,2.5127136716237095e-05,-4.138034692528147e-07,-0.00048524677011716616
18,18,unloading,0.8,86e26f5fb8b27fcabb41314b751cb4e4559076147c4ed8bcfe26d0c4f2b768d3,2585,74.0,31.0,physical_only,1.4940455522488012e-06,-0.0005507004368744211,-2.317246421108723e-06,3.114667595391757e-05,3.811291973357524e-06,-0.000581847112828339
18,18,unloading,0.8,86e26f5fb8b27fcabb41314b751cb4e4559076147c4ed8bcfe26d0c4f2b768d3,2586,75.0,31.0,physical_only,1.0033493390919162e-05,-0.0006674997825729229,-2.5310844663140565e-06,3.9261903338883055e-05,1.2564577857233218e-05,-0.0007067616859118063
18,18,unloading,0.8,86e26f5fb8b27fcabb41314b751cb4e4559076147c4ed8bcfe26d0c4f2b768d3,2587,76.0,31.0,physical_only,1.9601478008730577e-05,-0.0008269195635122761,-2.834146714164635e-06,5.0731677153497194e-05,2.243562472289522e-05,-0.000877651240665773
18,18,unloading,0.8,86e26f5fb8b27fcabb41314b751cb4e4559076147c4ed8bcfe26d0c4f2b768d3,2588,77.0,31.0,physical_only,1.6359286113931955e-05,-0.001017291162323854,-3.291175817921071e-06,6.804479429014688e-05,1.9650461931853015e-05,-0.0010853359566140013
18,18,unloading,0.8,86e26f5fb8b27fcabb41314b751cb4e4559076147c4ed8bcfe26d0c4f2b768d3,2589,78.0,31.0,physical_only,8.829592494398941e-06,-0.0012235118790397456,-4.036585283593038e-06,9.67194135093104e-05,1.2866177777991989e-05,-0.001320231292549056
18,18,unloading,0.8,86e26f5fb8b27fcabb41314b751cb4e4559076147c4ed8bcfe26d0c4f2b768d3,2590,79.0,31.0,physical_only,-6.8262724868029835e-06,-0.0012063058784691468,-5.344285773069342e-06,0.00015086704203783738,-1.4819867137336363e-06,-0.0013571729205069842
18,18,unloading,0.8,86e26f5fb8b27fcabb41314b751cb4e4559076147c4ed8bcfe26d0c4f2b768d3,2591,80.0,31.0,physical_only,-9.462479764225198e-05,0.008595377300470023,4.3666819013993095e-06,6.961751972663302e-05,-9.899147954365129e-05,0.008525759780743391
18,18,unloading,0.8,86e26f5fb8b27fcabb41314b751cb4e4559076147c4ed8bcfe26d0c4f2b768d3,2654,62.0,32.0,physical_only,-4.696113729393669e-06,-1.316405107587742e-06,-1.5625617557827446e-06,6.007384504218304e-08,-3.1335519736109243e-06,-1.376478952629925e-06
18,18,unloading,0.8,86e26f5fb8b27fcabb41314b751cb4e4559076147c4ed8bcfe26d0c4f2b768d3,2655,63.0,32.0,interior,-0.0,-0.0,-0.0,-0.0,-0.0,-0.0
18,18,unloading,0.8,86e26f5fb8b27fcabb41314b751cb4e4559076147c4ed8bcfe26d0c4f2b768d3,2656,64.0,32.0,interior,-0.0,-0.0,-0.0,-0.0,-0.0,-0.0
18,18,unloading,0.8,86e26f5fb8b27fcabb41314b751cb4e4559076147c4ed8bcfe26d0c4f2b768d3,2657,65.0,32.0,interior,-0.0,-0.0,-0.0,-0.0,-0.0,-0.0
18,18,unloading,0.8,86e26f5fb8b27fcabb41314b751cb4e4559076147c4ed8bcfe26d0c4f2b768d3,2658,66.0,32.0,interior,-0.0,-0.0,-0.0,-0.0,-0.0,-0.0
18,18,unloading,0.8,86e26f5fb8b27fcabb41314b751cb4e4559076147c4ed8bcfe26d0c4f2b768d3,2659,67.0,32.0,interior,-0.0,-0.0,-0.0,-0.0,-0.0,-0.0
18,18,unloading,0.8,86e26f5fb8b27fcabb41314b751cb4e4559076147c4ed8bcfe26d0c4f2b768d3,2660,68.0,32.0,interior,-0.0,-0.0,-0.0,-0.0,-0.0,-0.0
18,18,unloading,0.8,86e26f5fb8b27fcabb41314b751cb4e4559076147c4ed8bcfe26d0c4f2b768d3,2661,69.0,32.0,interior,-0.0,-0.0,-0.0,-0.0,-0.0,-0.0
18,18,unloading,0.8,86e26f5fb8b27fcabb41314b751cb4e4559076147c4ed8bcfe26d0c4f2b768d3,2662,70.0,32.0,interior,-0.0,-0.0,-0.0,-0.0,-0.0,-0.0
18,18,unloading,0.8,86e26f5fb8b27fcabb41314b751cb4e4559076147c4ed8bcfe26d0c4f2b768d3,2663,71.0,32.0,interior,-0.0,-0.0,-0.0,-0.0,-0.0,-0.0
18,18,unloading,0.8,86e26f5fb8b27fcabb41314b751cb4e4559076147c4ed8bcfe26d0c4f2b768d3,2664,72.0,32.0,interior,-0.0,-0.0,-0.0,-0.0,-0.0,-0.0
18,18,unloading,0.8,86e26f5fb8b27fcabb41314b751cb4e4559076147c4ed8bcfe26d0c4f2b768d3,2665,73.0,32.0,interior,-0.0,-0.0,-0.0,-0.0,-0.0,-0.0
18,18,unloading,0.8,86e26f5fb8b27fcabb41314b751cb4e4559076147c4ed8bcfe26d0c4f2b768d3,2666,74.0,32.0,interior,-0.0,-0.0,-0.0,-0.0,-0.0,-0.0
18,18,unloading,0.8,86e26f5fb8b27fcabb41314b751cb4e4559076147c4ed8bcfe26d0c4f2b768d3,2667,75.0,32.0,interior,-0.0,-0.0,-0.0,-0.0,-0.0,-0.0
18,18,unloading,0.8,86e26f5fb8b27fcabb41314b751cb4e4559076147c4ed8bcfe26d0c4f2b768d3,2668,76.0,32.0,interior,-0.0,-0.0,-0.0,-0.0,-0.0,-0.0
18,18,unloading,0.8,86e26f5fb8b27fcabb41314b751cb4e4559076147c4ed8bcfe26d0c4f2b768d3,2669,77.0,32.0,interior,-0.0,-0.0,-0.0,-0.0,-0.0,-0.0
18,18,unloading,0.8,86e26f5fb8b27fcabb41314b751cb4e4559076147c4ed8bcfe26d0c4f2b768d3,2670,78.0,32.0,interior,-0.0,-0.0,-0.0,-0.0,-0.0,-0.0
18,18,unloading,0.8,86e26f5fb8b27fcabb41314b751cb4e4559076147c4ed8bcfe26d0c4f2b768d3,2671,79.0,32.0,interior,-0.0,-0.0,-0.0,-0.0,-0.0,-0.0
18,18,unloading,0.8,86e26f5fb8b27fcabb41314b751cb4e4559076147c4ed8bcfe26d0c4f2b768d3,2672,80.0,32.0,physical_only,-0.0,-0.0,-0.0,-0.0,-0.0,-0.0
18,18,unloading,0.8,86e26f5fb8b27fcabb41314b751cb4e4559076147c4ed8bcfe26d0c4f2b768d3,2735,62.0,33.0,physical_only,-3.3971046063614442e-06,-8.718609052560767e-07,-1.643496684050289e-06,4.56615256119907e-08,-1.7536079223111552e-06,-9.175224308680673e-07
18,18,unloading,0.8,86e26f5fb8b27fcabb41314b751cb4e4559076147c4ed8bcfe26d0c4f2b768d3,2736,63.0,33.0,interior,-0.0,-0.0,-0.0,-0.0,-0.0,-0.0
18,18,unloading,0.8,86e26f5fb8b27fcabb41314b751cb4e4559076147c4ed8bcfe26d0c4f2b768d3,2737,64.0,33.0,interior,-0.0,-0.0,-0.0,-0.0,-0.0,-0.0
18,18,unloading,0.8,86e26f5fb8b27fcabb41314b751cb4e4559076147c4ed8bcfe26d0c4f2b768d3,2738,65.0,33.0,interior,-0.0,-0.0,-0.0,-0.0,-0.0,-0.0
18,18,unloading,0.8,86e26f5fb8b27fcabb41314b751cb4e4559076147c4ed8bcfe26d0c4f2b768d3,2739,66.0,33.0,interior,-0.0,-0.0,-0.0,-0.0,-0.0,-0.0
18,18,unloading,0.8,86e26f5fb8b27fcabb41314b751cb4e4559076147c4ed8bcfe26d0c4f2b768d3,2740,67.0,33.0,interior,-0.0,-0.0,-0.0,-0.0,-0.0,-0.0
18,18,unloading,0.8,86e26f5fb8b27fcabb41314b751cb4e4559076147c4ed8bcfe26d0c4f2b768d3,2741,68.0,33.0,interior,-0.0,-0.0,-0.0,-0.0,-0.0,-0.0
18,18,unloading,0.8,86e26f5fb8b27fcabb41314b751cb4e4559076147c4ed8bcfe26d0c4f2b768d3,2742,69.0,33.0,interior,-0.0,-0.0,-0.0,-0.0,-0.0,-0.0
18,18,unloading,0.8,86e26f5fb8b27fcabb41314b751cb4e4559076147c4ed8bcfe26d0c4f2b768d3,2743,70.0,33.0,interior,-0.0,-0.0,-0.0,-0.0,-0.0,-0.0
18,18,unloading,0.8,86e26f5fb8b27fcabb41314b751cb4e4559076147c4ed8bcfe26d0c4f2b768d3,2744,71.0,33.0,interior,-0.0,-0.0,-0.0,-0.0,-0.0,-0.0
18,18,unloading,0.8,86e26f5fb8b27fcabb41314b751cb4e4559076147c4ed8bcfe26d0c4f2b768d3,2745,72.0,33.0,interior,-0.0,-0.0,-0.0,-0.0,-0.0,-0.0
18,18,unloading,0.8,86e26f5fb8b27fcabb41314b751cb4e4559076147c4ed8bcfe26d0c4f2b768d3,2746,73.0,33.0,interior,-0.0,-0.0,-0.0,-0.0,-0.0,-0.0
18,18,unloading,0.8,86e26f5fb8b27fcabb41314b751cb4e4559076147c4ed8bcfe26d0c4f2b768d3,2747,74.0,33.0,interior,-0.0,-0.0,-0.0,-0.0,-0.0,-0.0
18,18,unloading,0.8,86e26f5fb8b27fcabb41314b751cb4e4559076147c4ed8bcfe26d0c4f2b768d3,2748,75.0,33.0,interior,-0.0,-0.0,-0.0,-0.0,-0.0,-0.0
18,18,unloading,0.8,86e26f5fb8b27fcabb41314b751cb4e4559076147c4ed8bcfe26d0c4f2b768d3,2749,76.0,33.0,interior,-0.0,-0.0,-0.0,-0.0,-0.0,-0.0
18,18,unloading,0.8,86e26f5fb8b27fcabb41314b751cb4e4559076147c4ed8bcfe26d0c4f2b768d3,2750,77.0,33.0,interior,-0.0,-0.0,-0.0,-0.0,-0.0,-0.0
18,18,unloading,0.8,86e26f5fb8b27fcabb41314b751cb4e4559076147c4ed8bcfe26d0c4f2b768d3,2751,78.0,33.0,interior,-0.0,-0.0,-0.0,-0.0,-0.0,-0.0
18,18,unloading,0.8,86e26f5fb8b27fcabb41314b751cb4e4559076147c4ed8bcfe26d0c4f2b768d3,2752,79.0,33.0,interior,-0.0,-0.0,-0.0,-0.0,-0.0,-0.0
18,18,unloading,0.8,86e26f5fb8b27fcabb41314b751cb4e4559076147c4ed8bcfe26d0c4f2b768d3,2753,80.0,33.0,physical_only,-0.0,-0.0,-0.0,-0.0,-0.0,-0.0
18,18,unloading,0.8,86e26f5fb8b27fcabb41314b751cb4e4559076147c4ed8bcfe26d0c4f2b768d3,2816,62.0,34.0,physical_only,-2.8034798867050266e-06,-4.1100182907035956e-07,-1.7073997346012374e-06,3.6841520313491777e-08,-1.0960801521037899e-06,-4.478433493838514e-07
18,18,unloading,0.8,86e26f5fb8b27fcabb41314b751cb4e4559076147c4ed8bcfe26d0c4f2b768d3,2817,63.0,34.0,interior,-0.0,-0.0,-0.0,-0.0,-0.0,-0.0
18,18,unloading,0.8,86e26f5fb8b27fcabb41314b751cb4e4559076147c4ed8bcfe26d0c4f2b768d3,2818,64.0,34.0,interior,-0.0,-0.0,-0.0,-0.0,-0.0,-0.0
18,18,unloading,0.8,86e26f5fb8b27fcabb41314b751cb4e4559076147c4ed8bcfe26d0c4f2b768d3,2819,65.0,34.0,interior,-0.0,-0.0,-0.0,-0.0,-0.0,-0.0
18,18,unloading,0.8,86e26f5fb8b27fcabb41314b751cb4e4559076147c4ed8bcfe26d0c4f2b768d3,2820,66.0,34.0,interior,-0.0,-0.0,-0.0,-0.0,-0.0,-0.0
18,18,unloading,0.8,86e26f5fb8b27fcabb41314b751cb4e4559076147c4ed8bcfe26d0c4f2b768d3,2821,67.0,34.0,interior,-0.0,-0.0,-0.0,-0.0,-0.0,-0.0
18,18,unloading,0.8,86e26f5fb8b27fcabb41314b751cb4e4559076147c4ed8bcfe26d0c4f2b768d3,2822,68.0,34.0,interior,-0.0,-0.0,-0.0,-0.0,-0.0,-0.0
18,18,unloading,0.8,86e26f5fb8b27fcabb41314b751cb4e4559076147c4ed8bcfe26d0c4f2b768d3,2823,69.0,34.0,interior,-0.0,-0.0,-0.0,-0.0,-0.0,-0.0
18,18,unloading,0.8,86e26f5fb8b27fcabb41314b751cb4e4559076147c4ed8bcfe26d0c4f2b768d3,2824,70.0,34.0,interior,-0.0,-0.0,-0.0,-0.0,-0.0,-0.0
18,18,unloading,0.8,86e26f5fb8b27fcabb41314b751cb4e4559076147c4ed8bcfe26d0c4f2b768d3,2825,71.0,34.0,interior,-0.0,-0.0,-0.0,-0.0,-0.0,-0.0
18,18,unloading,0.8,86e26f5fb8b27fcabb41314b751cb4e4559076147c4ed8bcfe26d0c4f2b768d3,2826,72.0,34.0,interior,-0.0,-0.0,-0.0,-0.0,-0.0,-0.0
18,18,unloading,0.8,86e26f5fb8b27fcabb41314b751cb4e4559076147c4ed8bcfe26d0c4f2b768d3,2827,73.0,34.0,interior,-0.0,-0.0,-0.0,-0.0,-0.0,-0.0
18,18,unloading,0.8,86e26f5fb8b27fcabb41314b751cb4e4559076147c4ed8bcfe26d0c4f2b768d3,2828,74.0,34.0,interior,-0.0,-0.0,-0.0,-0.0,-0.0,-0.0
18,18,unloading,0.8,86e26f5fb8b27fcabb41314b751cb4e4559076147c4ed8bcfe26d0c4f2b768d3,2829,75.0,34.0,interior,-0.0,-0.0,-0.0,-0.0,-0.0,-0.0
18,18,unloading,0.8,86e26f5fb8b27fcabb41314b751cb4e4559076147c4ed8bcfe26d0c4f2b768d3,2830,76.0,34.0,interior,-0.0,-0.0,-0.0,-0.0,-0.0,-0.0
18,18,unloading,0.8,86e26f5fb8b27fcabb41314b751cb4e4559076147c4ed8bcfe26d0c4f2b768d3,2831,77.0,34.0,interior,-0.0,-0.0,-0.0,-0.0,-0.0,-0.0
18,18,unloading,0.8,86e26f5fb8b27fcabb41314b751cb4e4559076147c4ed8bcfe26d0c4f2b768d3,2832,78.0,34.0,interior,-0.0,-0.0,-0.0,-0.0,-0.0,-0.0
18,18,unloading,0.8,86e26f5fb8b27fcabb41314b751cb4e4559076147c4ed8bcfe26d0c4f2b768d3,2833,79.0,34.0,interior,-0.0,-0.0,-0.0,-0.0,-0.0,-0.0
18,18,unloading,0.8,86e26f5fb8b27fcabb41314b751cb4e4559076147c4ed8bcfe26d0c4f2b768d3,2834,80.0,34.0,physical_only,-0.0,-0.0,-0.0,-0.0,-0.0,-0.0
18,18,unloading,0.8,86e26f5fb8b27fcabb41314b751cb4e4559076147c4ed8bcfe26d0c4f2b768d3,2897,62.0,35.0,physical_only,-2.6373591743451925e-06,-6.322755712799864e-08,-1.7599911866297092e-06,3.0894916775995496e-08,-8.773679877154839e-07,-9.412247390399408e-08
18,18,unloading,0.8,86e26f5fb8b27fcabb41314b751cb4e4559076147c4ed8bcfe26d0c4f2b768d3,2898,63.0,35.0,interior,-0.0,-0.0,-0.0,-0.0,-0.0,-0.0
18,18,unloading,0.8,86e26f5fb8b27fcabb41314b751cb4e4559076147c4ed8bcfe26d0c4f2b768d3,2899,64.0,35.0,interior,-0.0,-0.0,-0.0,-0.0,-0.0,-0.0
18,18,unloading,0.8,86e26f5fb8b27fcabb41314b751cb4e4559076147c4ed8bcfe26d0c4f2b768d3,2900,65.0,35.0,interior,-0.0,-0.0,-0.0,-0.0,-0.0,-0.0
18,18,unloading,0.8,86e26f5fb8b27fcabb41314b751cb4e4559076147c4ed8bcfe26d0c4f2b768d3,2901,66.0,35.0,interior,-0.0,-0.0,-0.0,-0.0,-0.0,-0.0
18,18,unloading,0.8,86e26f5fb8b27fcabb41314b751cb4e4559076147c4ed8bcfe26d0c4f2b768d3,2902,67.0,35.0,interior,-0.0,-0.0,-0.0,-0.0,-0.0,-0.0
18,18,unloading,0.8,86e26f5fb8b27fcabb41314b751cb4e4559076147c4ed8bcfe26d0c4f2b768d3,2903,68.0,35.0,interior,-0.0,-0.0,-0.0,-0.0,-0.0,-0.0
18,18,unloading,0.8,86e26f5fb8b27fcabb41314b751cb4e4559076147c4ed8bcfe26d0c4f2b768d3,2904,69.0,35.0,interior,-0.0,-0.0,-0.0,-0.0,-0.0,-0.0
18,18,unloading,0.8,86e26f5fb8b27fcabb41314b751cb4e4559076147c4ed8bcfe26d0c4f2b768d3,2905,70.0,35.0,interior,-0.0,-0.0,-0.0,-0.0,-0.0,-0.0
18,18,unloading,0.8,86e26f5fb8b27fcabb41314b751cb4e4559076147c4ed8bcfe26d0c4f2b768d3,2906,71.0,35.0,interior,-0.0,-0.0,-0.0,-0.0,-0.0,-0.0
18,18,unloading,0.8,86e26f5fb8b27fcabb41314b751cb4e4559076147c4ed8bcfe26d0c4f2b768d3,2907,72.0,35.0,interior,-0.0,-0.0,-0.0,-0.0,-0.0,-0.0
18,18,unloading,0.8,86e26f5fb8b27fcabb41314b751cb4e4559076147c4ed8bcfe26d0c4f2b768d3,2908,73.0,35.0,interior,-0.0,-0.0,-0.0,-0.0,-0.0,-0.0
18,18,unloading,0.8,86e26f5fb8b27fcabb41314b751cb4e4559076147c4ed8bcfe26d0c4f2b768d3,2909,74.0,35.0,interior,-0.0,-0.0,-0.0,-0.0,-0.0,-0.0
18,18,unloading,0.8,86e26f5fb8b27fcabb41314b751cb4e4559076147c4ed8bcfe26d0c4f2b768d3,2910,75.0,35.0,interior,-0.0,-0.0,-0.0,-0.0,-0.0,-0.0
18,18,unloading,0.8,86e26f5fb8b27fcabb41314b751cb4e4559076147c4ed8bcfe26d0c4f2b768d3,2911,76.0,35.0,interior,-0.0,-0.0,-0.0,-0.0,-0.0,-0.0
18,18,unloading,0.8,86e26f5fb8b27fcabb41314b751cb4e4559076147c4ed8bcfe26d0c4f2b768d3,2912,77.0,35.0,interior,-0.0,-0.0,-0.0,-0.0,-0.0,-0.0
18,18,unloading,0.8,86e26f5fb8b27fcabb41314b751cb4e4559076147c4ed8bcfe26d0c4f2b768d3,2913,78.0,35.0,interior,-0.0,-0.0,-0.0,-0.0,-0.0,-0.0
18,18,unloading,0.8,86e26f5fb8b27fcabb41314b751cb4e4559076147c4ed8bcfe26d0c4f2b768d3,2914,79.0,35.0,interior,-0.0,-0.0,-0.0,-0.0,-0.0,-0.0
18,18,unloading,0.8,86e26f5fb8b27fcabb41314b751cb4e4559076147c4ed8bcfe26d0c4f2b768d3,2915,80.0,35.0,physical_only,-0.0,-0.0,-0.0,-0.0,-0.0,-0.0
18,18,unloading,0.8,86e26f5fb8b27fcabb41314b751cb4e4559076147c4ed8bcfe26d0c4f2b768d3,2978,62.0,36.0,physical_only,-2.6926637228532603e-06,1.1769864861611453e-07,-1.8036282865110873e-06,2.580143046122874e-08,-8.89035436342173e-07,9.189721815488589e-08
18,18,unloading,0.8,86e26f5fb8b27fcabb41314b751cb4e4559076147c4ed8bcfe26d0c4f2b768d3,2979,63.0,36.0,interior,-0.0,-0.0,-0.0,-0.0,-0.0,-0.0
18,18,unloading,0.8,86e26f5fb8b27fcabb41314b751cb4e4559076147c4ed8bcfe26d0c4f2b768d3,2980,64.0,36.0,interior,-0.0,-0.0,-0.0,-0.0,-0.0,-0.0
18,18,unloading,0.8,86e26f5fb8b27fcabb41314b751cb4e4559076147c4ed8bcfe26d0c4f2b768d3,2981,65.0,36.0,interior,-0.0,-0.0,-0.0,-0.0,-0.0,-0.0
18,18,unloading,0.8,86e26f5fb8b27fcabb41314b751cb4e4559076147c4ed8bcfe26d0c4f2b768d3,2982,66.0,36.0,interior,-0.0,-0.0,-0.0,-0.0,-0.0,-0.0
18,18,unloading,0.8,86e26f5fb8b27fcabb41314b751cb4e4559076147c4ed8bcfe26d0c4f2b768d3,2983,67.0,36.0,interior,-0.0,-0.0,-0.0,-0.0,-0.0,-0.0
18,18,unloading,0.8,86e26f5fb8b27fcabb41314b751cb4e4559076147c4ed8bcfe26d0c4f2b768d3,2984,68.0,36.0,interior,-0.0,-0.0,-0.0,-0.0,-0.0,-0.0
18,18,unloading,0.8,86e26f5fb8b27fcabb41314b751cb4e4559076147c4ed8bcfe26d0c4f2b768d3,2985,69.0,36.0,interior,-0.0,-0.0,-0.0,-0.0,-0.0,-0.0
18,18,unloading,0.8,86e26f5fb8b27fcabb41314b751cb4e4559076147c4ed8bcfe26d0c4f2b768d3,2986,70.0,36.0,interior,-0.0,-0.0,-0.0,-0.0,-0.0,-0.0
18,18,unloading,0.8,86e26f5fb8b27fcabb41314b751cb4e4559076147c4ed8bcfe26d0c4f2b768d3,2987,71.0,36.0,interior,-0.0,-0.0,-0.0,-0.0,-0.0,-0.0
18,18,unloading,0.8,86e26f5fb8b27fcabb41314b751cb4e4559076147c4ed8bcfe26d0c4f2b768d3,2988,72.0,36.0,interior,-0.0,-0.0,-0.0,-0.0,-0.0,-0.0
18,18,unloading,0.8,86e26f5fb8b27fcabb41314b751cb4e4559076147c4ed8bcfe26d0c4f2b768d3,2989,73.0,36.0,interior,-0.0,-0.0,-0.0,-0.0,-0.0,-0.0
18,18,unloading,0.8,86e26f5fb8b27fcabb41314b751cb4e4559076147c4ed8bcfe26d0c4f2b768d3,2990,74.0,36.0,interior,-0.0,-0.0,-0.0,-0.0,-0.0,-0.0
18,18,unloading,0.8,86e26f5fb8b27fcabb41314b751cb4e4559076147c4ed8bcfe26d0c4f2b768d3,2991,75.0,36.0,interior,-0.0,-0.0,-0.0,-0.0,-0.0,-0.0
18,18,unloading,0.8,86e26f5fb8b27fcabb41314b751cb4e4559076147c4ed8bcfe26d0c4f2b768d3,2992,76.0,36.0,interior,-0.0,-0.0,-0.0,-0.0,-0.0,-0.0
18,18,unloading,0.8,86e26f5fb8b27fcabb41314b751cb4e4559076147c4ed8bcfe26d0c4f2b768d3,2993,77.0,36.0,interior,-0.0,-0.0,-0.0,-0.0,-0.0,-0.0
18,18,unloading,0.8,86e26f5fb8b27fcabb41314b751cb4e4559076147c4ed8bcfe26d0c4f2b768d3,2994,78.0,36.0,interior,-0.0,-0.0,-0.0,-0.0,-0.0,-0.0
18,18,unloading,0.8,86e26f5fb8b27fcabb41314b751cb4e4559076147c4ed8bcfe26d0c4f2b768d3,2995,79.0,36.0,interior,-0.0,-0.0,-0.0,-0.0,-0.0,-0.0
18,18,unloading,0.8,86e26f5fb8b27fcabb41314b751cb4e4559076147c4ed8bcfe26d0c4f2b768d3,2996,80.0,36.0,physical_only,-0.0,-0.0,-0.0,-0.0,-0.0,-0.0
18,18,unloading,0.8,86e26f5fb8b27fcabb41314b751cb4e4559076147c4ed8bcfe26d0c4f2b768d3,3059,62.0,37.0,physical_only,-2.81063767780346e-06,1.6963370277659464e-07,-1.838639316930702e-06,2.0365764479119584e-08,-9.719983608727583e-07,1.4926793829747495e-07
18,18,unloading,0.8,86e26f5fb8b27fcabb41314b751cb4e4559076147c4ed8bcfe26d0c4f2b768d3,3060,63.0,37.0,interior,-0.0,-0.0,-0.0,-0.0,-0.0,-0.0
18,18,unloading,0.8,86e26f5fb8b27fcabb41314b751cb4e4559076147c4ed8bcfe26d0c4f2b768d3,3061,64.0,37.0,interior,-0.0,-0.0,-0.0,-0.0,-0.0,-0.0
18,18,unloading,0.8,86e26f5fb8b27fcabb41314b751cb4e4559076147c4ed8bcfe26d0c4f2b768d3,3062,65.0,37.0,interior,-0.0,-0.0,-0.0,-0.0,-0.0,-0.0
18,18,unloading,0.8,86e26f5fb8b27fcabb41314b751cb4e4559076147c4ed8bcfe26d0c4f2b768d3,3063,66.0,37.0,interior,-0.0,-0.0,-0.0,-0.0,-0.0,-0.0
18,18,unloading,0.8,86e26f5fb8b27fcabb41314b751cb4e4559076147c4ed8bcfe26d0c4f2b768d3,3064,67.0,37.0,interior,-0.0,-0.0,-0.0,-0.0,-0.0,-0.0
18,18,unloading,0.8,86e26f5fb8b27fcabb41314b751cb4e4559076147c4ed8bcfe26d0c4f2b768d3,3065,68.0,37.0,interior,-0.0,-0.0,-0.0,-0.0,-0.0,-0.0
18,18,unloading,0.8,86e26f5fb8b27fcabb41314b751cb4e4559076147c4ed8bcfe26d0c4f2b768d3,3066,69.0,37.0,interior,-0.0,-0.0,-0.0,-0.0,-0.0,-0.0
18,18,unloading,0.8,86e26f5fb8b27fcabb41314b751cb4e4559076147c4ed8bcfe26d0c4f2b768d3,3067,70.0,37.0,interior,-0.0,-0.0,-0.0,-0.0,-0.0,-0.0
18,18,unloading,0.8,86e26f5fb8b27fcabb41314b751cb4e4559076147c4ed8bcfe26d0c4f2b768d3,3068,71.0,37.0,interior,-0.0,-0.0,-0.0,-0.0,-0.0,-0.0
18,18,unloading,0.8,86e26f5fb8b27fcabb41314b751cb4e4559076147c4ed8bcfe26d0c4f2b768d3,3069,72.0,37.0,interior,-0.0,-0.0,-0.0,-0.0,-0.0,-0.0
18,18,unloading,0.8,86e26f5fb8b27fcabb41314b751cb4e4559076147c4ed8bcfe26d0c4f2b768d3,3070,73.0,37.0,interior,-0.0,-0.0,-0.0,-0.0,-0.0,-0.0
18,18,unloading,0.8,86e26f5fb8b27fcabb41314b751cb4e4559076147c4ed8bcfe26d0c4f2b768d3,3071,74.0,37.0,interior,-0.0,-0.0,-0.0,-0.0,-0.0,-0.0
18,18,unloading,0.8,86e26f5fb8b27fcabb41314b751cb4e4559076147c4ed8bcfe26d0c4f2b768d3,3072,75.0,37.0,interior,-0.0,-0.0,-0.0,-0.0,-0.0,-0.0
18,18,unloading,0.8,86e26f5fb8b27fcabb41314b751cb4e4559076147c4ed8bcfe26d0c4f2b768d3,3073,76.0,37.0,interior,-0.0,-0.0,-0.0,-0.0,-0.0,-0.0
18,18,unloading,0.8,86e26f5fb8b27fcabb41314b751cb4e4559076147c4ed8bcfe26d0c4f2b768d3,3074,77.0,37.0,interior,-0.0,-0.0,-0.0,-0.0,-0.0,-0.0
18,18,unloading,0.8,86e26f5fb8b27fcabb41314b751cb4e4559076147c4ed8bcfe26d0c4f2b768d3,3075,78.0,37.0,interior,-0.0,-0.0,-0.0,-0.0,-0.0,-0.0
18,18,unloading,0.8,86e26f5fb8b27fcabb41314b751cb4e4559076147c4ed8bcfe26d0c4f2b768d3,3076,79.0,37.0,interior,-0.0,-0.0,-0.0,-0.0,-0.0,-0.0
18,18,unloading,0.8,86e26f5fb8b27fcabb41314b751cb4e4559076147c4ed8bcfe26d0c4f2b768d3,3077,80.0,37.0,physical_only,-0.0,-0.0,-0.0,-0.0,-0.0,-0.0
18,18,unloading,0.8,86e26f5fb8b27fcabb41314b751cb4e4559076147c4ed8bcfe26d0c4f2b768d3,3140,62.0,38.0,physical_only,-2.9149027713323107e-06,1.4178126547397356e-07,-1.8644345414107637e-06,1.4171458042729817e-08,-1.0504682299215473e-06,1.276098074312439e-07
18,18,unloading,0.8,86e26f5fb8b27fcabb41314b751cb4e4559076147c4ed8bcfe26d0c4f2b768d3,3141,63.0,38.0,interior,-0.0,-0.0,-0.0,-0.0,-0.0,-0.0
18,18,unloading,0.8,86e26f5fb8b27fcabb41314b751cb4e4559076147c4ed8bcfe26d0c4f2b768d3,3142,64.0,38.0,interior,-0.0,-0.0,-0.0,-0.0,-0.0,-0.0
18,18,unloading,0.8,86e26f5fb8b27fcabb41314b751cb4e4559076147c4ed8bcfe26d0c4f2b768d3,3143,65.0,38.0,interior,-0.0,-0.0,-0.0,-0.0,-0.0,-0.0
18,18,unloading,0.8,86e26f5fb8b27fcabb41314b751cb4e4559076147c4ed8bcfe26d0c4f2b768d3,3144,66.0,38.0,interior,-0.0,-0.0,-0.0,-0.0,-0.0,-0.0
18,18,unloading,0.8,86e26f5fb8b27fcabb41314b751cb4e4559076147c4ed8bcfe26d0c4f2b768d3,3145,67.0,38.0,interior,-0.0,-0.0,-0.0,-0.0,-0.0,-0.0
18,18,unloading,0.8,86e26f5fb8b27fcabb41314b751cb4e4559076147c4ed8bcfe26d0c4f2b768d3,3146,68.0,38.0,interior,-0.0,-0.0,-0.0,-0.0,-0.0,-0.0
18,18,unloading,0.8,86e26f5fb8b27fcabb41314b751cb4e4559076147c4ed8bcfe26d0c4f2b768d3,3147,69.0,38.0,interior,-0.0,-0.0,-0.0,-0.0,-0.0,-0.0
18,18,unloading,0.8,86e26f5fb8b27fcabb41314b751cb4e4559076147c4ed8bcfe26d0c4f2b768d3,3148,70.0,38.0,interior,-0.0,-0.0,-0.0,-0.0,-0.0,-0.0
18,18,unloading,0.8,86e26f5fb8b27fcabb41314b751cb4e4559076147c4ed8bcfe26d0c4f2b768d3,3149,71.0,38.0,interior,-0.0,-0.0,-0.0,-0.0,-0.0,-0.0
18,18,unloading,0.8,86e26f5fb8b27fcabb41314b751cb4e4559076147c4ed8bcfe26d0c4f2b768d3,3150,72.0,38.0,interior,-0.0,-0.0,-0.0,-0.0,-0.0,-0.0
18,18,unloading,0.8,86e26f5fb8b27fcabb41314b751cb4e4559076147c4ed8bcfe26d0c4f2b768d3,3151,73.0,38.0,interior,-0.0,-0.0,-0.0,-0.0,-0.0,-0.0
18,18,unloading,0.8,86e26f5fb8b27fcabb41314b751cb4e4559076147c4ed8bcfe26d0c4f2b768d3,3152,74.0,38.0,interior,-0.0,-0.0,-0.0,-0.0,-0.0,-0.0
18,18,unloading,0.8,86e26f5fb8b27fcabb41314b751cb4e4559076147c4ed8bcfe26d0c4f2b768d3,3153,75.0,38.0,interior,-0.0,-0.0,-0.0,-0.0,-0.0,-0.0
18,18,unloading,0.8,86e26f5fb8b27fcabb41314b751cb4e4559076147c4ed8bcfe26d0c4f2b768d3,3154,76.0,38.0,interior,-0.0,-0.0,-0.0,-0.0,-0.0,-0.0
18,18,unloading,0.8,86e26f5fb8b27fcabb41314b751cb4e4559076147c4ed8bcfe26d0c4f2b768d3,3155,77.0,38.0,interior,-0.0,-0.0,-0.0,-0.0,-0.0,-0.0
18,18,unloading,0.8,86e26f5fb8b27fcabb41314b751cb4e4559076147c4ed8bcfe26d0c4f2b768d3,3156,78.0,38.0,interior,-0.0,-0.0,-0.0,-0.0,-0.0,-0.0
18,18,unloading,0.8,86e26f5fb8b27fcabb41314b751cb4e4559076147c4ed8bcfe26d0c4f2b768d3,3157,79.0,38.0,interior,-0.0,-0.0,-0.0,-0.0,-0.0,-0.0
18,18,unloading,0.8,86e26f5fb8b27fcabb41314b751cb4e4559076147c4ed8bcfe26d0c4f2b768d3,3158,80.0,38.0,physical_only,-0.0,-0.0,-0.0,-0.0,-0.0,-0.0
18,18,unloading,0.8,86e26f5fb8b27fcabb41314b751cb4e4559076147c4ed8bcfe26d0c4f2b768d3,3221,62.0,39.0,physical_only,-2.977903248459181e-06,7.682901133547073e-08,-1.8802687389319113e-06,7.281245569244693e-09,-1.0976345095272696e-06,6.954776576622598e-08
18,18,unloading,0.8,86e26f5fb8b27fcabb41314b751cb4e4559076147c4ed8bcfe26d0c4f2b768d3,3222,63.0,39.0,interior,-0.0,-0.0,-0.0,-0.0,-0.0,-0.0
18,18,unloading,0.8,86e26f5fb8b27fcabb41314b751cb4e4559076147c4ed8bcfe26d0c4f2b768d3,3223,64.0,39.0,interior,-0.0,-0.0,-0.0,-0.0,-0.0,-0.0
18,18,unloading,0.8,86e26f5fb8b27fcabb41314b751cb4e4559076147c4ed8bcfe26d0c4f2b768d3,3224,65.0,39.0,interior,-0.0,-0.0,-0.0,-0.0,-0.0,-0.0
18,18,unloading,0.8,86e26f5fb8b27fcabb41314b751cb4e4559076147c4ed8bcfe26d0c4f2b768d3,3225,66.0,39.0,interior,-0.0,-0.0,-0.0,-0.0,-0.0,-0.0
18,18,unloading,0.8,86e26f5fb8b27fcabb41314b751cb4e4559076147c4ed8bcfe26d0c4f2b768d3,3226,67.0,39.0,interior,-0.0,-0.0,-0.0,-0.0,-0.0,-0.0
18,18,unloading,0.8,86e26f5fb8b27fcabb41314b751cb4e4559076147c4ed8bcfe26d0c4f2b768d3,3227,68.0,39.0,interior,-0.0,-0.0,-0.0,-0.0,-0.0,-0.0
18,18,unloading,0.8,86e26f5fb8b27fcabb41314b751cb4e4559076147c4ed8bcfe26d0c4f2b768d3,3228,69.0,39.0,interior,-0.0,-0.0,-0.0,-0.0,-0.0,-0.0
18,18,unloading,0.8,86e26f5fb8b27fcabb41314b751cb4e4559076147c4ed8bcfe26d0c4f2b768d3,3229,70.0,39.0,interior,-0.0,-0.0,-0.0,-0.0,-0.0,-0.0
18,18,unloading,0.8,86e26f5fb8b27fcabb41314b751cb4e4559076147c4ed8bcfe26d0c4f2b768d3,3230,71.0,39.0,interior,-0.0,-0.0,-0.0,-0.0,-0.0,-0.0
18,18,unloading,0.8,86e26f5fb8b27fcabb41314b751cb4e4559076147c4ed8bcfe26d0c4f2b768d3,3231,72.0,39.0,interior,-0.0,-0.0,-0.0,-0.0,-0.0,-0.0
18,18,unloading,0.8,86e26f5fb8b27fcabb41314b751cb4e4559076147c4ed8bcfe26d0c4f2b768d3,3232,73.0,39.0,interior,-0.0,-0.0,-0.0,-0.0,-0.0,-0.0
18,18,unloading,0.8,86e26f5fb8b27fcabb41314b751cb4e4559076147c4ed8bcfe26d0c4f2b768d3,3233,74.0,39.0,interior,-0.0,-0.0,-0.0,-0.0,-0.0,-0.0
18,18,unloading,0.8,86e26f5fb8b27fcabb41314b751cb4e4559076147c4ed8bcfe26d0c4f2b768d3,3234,75.0,39.0,interior,-0.0,-0.0,-0.0,-0.0,-0.0,-0.0
18,18,unloading,0.8,86e26f5fb8b27fcabb41314b751cb4e4559076147c4ed8bcfe26d0c4f2b768d3,3235,76.0,39.0,interior,-0.0,-0.0,-0.0,-0.0,-0.0,-0.0
18,18,unloading,0.8,86e26f5fb8b27fcabb41314b751cb4e4559076147c4ed8bcfe26d0c4f2b768d3,3236,77.0,39.0,interior,-0.0,-0.0,-0.0,-0.0,-0.0,-0.0
18,18,unloading,0.8,86e26f5fb8b27fcabb41314b751cb4e4559076147c4ed8bcfe26d0c4f2b768d3,3237,78.0,39.0,interior,-0.0,-0.0,-0.0,-0.0,-0.0,-0.0
18,18,unloading,0.8,86e26f5fb8b27fcabb41314b751cb4e4559076147c4ed8bcfe26d0c4f2b768d3,3238,79.0,39.0,interior,-0.0,-0.0,-0.0,-0.0,-0.0,-0.0
18,18,unloading,0.8,86e26f5fb8b27fcabb41314b751cb4e4559076147c4ed8bcfe26d0c4f2b768d3,3239,80.0,39.0,physical_only,-0.0,-0.0,-0.0,-0.0,-0.0,-0.0
18,18,unloading,0.8,86e26f5fb8b27fcabb41314b751cb4e4559076147c4ed8bcfe26d0c4f2b768d3,3302,62.0,40.0,physical_and_cut,-1.499062141257488e-06,-1.3727103934454592e-06,-9.428044829258419e-07,-4.2644382085892623e-07,-5.562576583316462e-07,-9.462665725865329e-07
18,18,unloading,0.8,86e26f5fb8b27fcabb41314b751cb4e4559076147c4ed8bcfe26d0c4f2b768d3,3303,63.0,40.0,cut_only,-0.0,-0.0,-0.0,-0.0,-0.0,-0.0
18,18,unloading,0.8,86e26f5fb8b27fcabb41314b751cb4e4559076147c4ed8bcfe26d0c4f2b768d3,3304,64.0,40.0,cut_only,-0.0,-0.0,-0.0,-0.0,-0.0,-0.0
18,18,unloading,0.8,86e26f5fb8b27fcabb41314b751cb4e4559076147c4ed8bcfe26d0c4f2b768d3,3305,65.0,40.0,cut_only,-0.0,-0.0,-0.0,-0.0,-0.0,-0.0
18,18,unloading,0.8,86e26f5fb8b27fcabb41314b751cb4e4559076147c4ed8bcfe26d0c4f2b768d3,3306,66.0,40.0,cut_only,-0.0,-0.0,-0.0,-0.0,-0.0,-0.0
18,18,unloading,0.8,86e26f5fb8b27fcabb41314b751cb4e4559076147c4ed8bcfe26d0c4f2b768d3,3307,67.0,40.0,cut_only,-0.0,-0.0,-0.0,-0.0,-0.0,-0.0
18,18,unloading,0.8,86e26f5fb8b27fcabb41314b751cb4e4559076147c4ed8bcfe26d0c4f2b768d3,3308,68.0,40.0,cut_only,-0.0,-0.0,-0.0,-0.0,-0.0,-0.0
18,18,unloading,0.8,86e26f5fb8b27fcabb41314b751cb4e4559076147c4ed8bcfe26d0c4f2b768d3,3309,69.0,40.0,cut_only,-0.0,-0.0,-0.0,-0.0,-0.0,-0.0
18,18,unloading,0.8,86e26f5fb8b27fcabb41314b751cb4e4559076147c4ed8bcfe26d0c4f2b768d3,3310,70.0,40.0,cut_only,-0.0,-0.0,-0.0,-0.0,-0.0,-0.0
18,18,unloading,0.8,86e26f5fb8b27fcabb41314b751cb4e4559076147c4ed8bcfe26d0c4f2b768d3,3311,71.0,40.0,cut_only,-0.0,-0.0,-0.0,-0.0,-0.0,-0.0
18,18,unloading,0.8,86e26f5fb8b27fcabb41314b751cb4e4559076147c4ed8bcfe26d0c4f2b768d3,3312,72.0,40.0,cut_only,-0.0,-0.0,-0.0,-0.0,-0.0,-0.0
18,18,unloading,0.8,86e26f5fb8b27fcabb41314b751cb4e4559076147c4ed8bcfe26d0c4f2b768d3,3313,73.0,40.0,cut_only,-0.0,-0.0,-0.0,-0.0,-0.0,-0.0
18,18,unloading,0.8,86e26f5fb8b27fcabb41314b751cb4e4559076147c4ed8bcfe26d0c4f2b768d3,3314,74.0,40.0,cut_only,-0.0,-0.0,-0.0,-0.0,-0.0,-0.0
18,18,unloading,0.8,86e26f5fb8b27fcabb41314b751cb4e4559076147c4ed8bcfe26d0c4f2b768d3,3315,75.0,40.0,cut_only,-0.0,-0.0,-0.0,-0.0,-0.0,-0.0
18,18,unloading,0.8,86e26f5fb8b27fcabb41314b751cb4e4559076147c4ed8bcfe26d0c4f2b768d3,3316,76.0,40.0,cut_only,-0.0,-0.0,-0.0,-0.0,-0.0,-0.0
18,18,unloading,0.8,86e26f5fb8b27fcabb41314b751cb4e4559076147c4ed8bcfe26d0c4f2b768d3,3317,77.0,40.0,cut_only,-0.0,-0.0,-0.0,-0.0,-0.0,-0.0
18,18,unloading,0.8,86e26f5fb8b27fcabb41314b751cb4e4559076147c4ed8bcfe26d0c4f2b768d3,3318,78.0,40.0,cut_only,-0.0,-0.0,-0.0,-0.0,-0.0,-0.0
18,18,unloading,0.8,86e26f5fb8b27fcabb41314b751cb4e4559076147c4ed8bcfe26d0c4f2b768d3,3319,79.0,40.0,cut_only,-0.0,-0.0,-0.0,-0.0,-0.0,-0.0
18,18,unloading,0.8,86e26f5fb8b27fcabb41314b751cb4e4559076147c4ed8bcfe26d0c4f2b768d3,3320,80.0,40.0,physical_and_cut,-0.0,-0.0,-0.0,-0.0,-0.0,-0.0
19,19,unloading,0.75,33c4855c41212485126207b6c9103be537129c69b6f288d7167a8a8fc258c4b4,2573,62.0,31.0,physical_only,-0.0003758023586953262,-3.745585868620504e-05,-2.5443250733036276e-06,2.7098947632910852e-06,-0.00037325803362202255,-4.016575344949614e-05
19,19,unloading,0.75,33c4855c41212485126207b6c9103be537129c69b6f288d7167a8a8fc258c4b4,2574,63.0,31.0,physical_only,-1.366687438109753e-07,-3.935632764964482e-05,-1.3731538166421014e-06,3.074075943835425e-06,1.2364850728311274e-06,-4.243040359348021e-05
19,19,unloading,0.75,33c4855c41212485126207b6c9103be537129c69b6f288d7167a8a8fc258c4b4,2575,64.0,31.0,physical_only,1.5642510376424632e-06,-5.137493735898668e-05,-1.3990409123654683e-06,3.904599252458387e-06,2.9632919500079315e-06,-5.5279536611445095e-05
19,19,unloading,0.75,33c4855c41212485126207b6c9103be537129c69b6f288d7167a8a8fc258c4b4,2576,65.0,31.0,physical_only,1.9737781328266986e-06,-6.759468468430234e-05,-1.4310505665114613e-06,4.8367619184035e-06,3.40482869933816e-06,-7.24314466027059e-05
19,19,unloading,0.75,33c4855c41212485126207b6c9103be537129c69b6f288d7167a8a8fc258c4b4,2577,66.0,31.0,physical_only,1.147678881061553e-06,-8.60091864437347e-05,-1.4689897759950063e-06,5.899220153237611e-06,2.616668657056558e-06,-9.190840659697232e-05
19,19,unloading,0.75,33c4855c41212485126207b6c9103be537129c69b6f288d7167a8a8fc258c4b4,2578,67.0,31.0,physical_only,-4.0415977632988044e-08,-0.00010621197684621881,-1.511517095192025e-06,7.122757730527128e-06,1.4711011175590349e-06,-0.00011333473457674598
19,19,unloading,0.75,33c4855c41212485126207b6c9103be537129c69b6f288d7167a8a8fc258c4b4,2579,68.0,31.0,physical_only,-6.418463152459884e-08,-0.00012998532369806303,-1.558310140544541e-06,8.542595155804722e-06,1.494125509019945e-06,-0.00013852791885386772
19,19,unloading,0.75,33c4855c41212485126207b6c9103be537129c69b6f288d7167a8a8fc258c4b4,2580,69.0,31.0,physical_only,-3.151708907370805e-07,-0.00015888877741526827,-1.6100222486736869e-06,1.0203190876150544e-05,1.2948513579366072e-06,-0.00016909196829141895
19,19,unloading,0.75,33c4855c41212485126207b6c9103be537129c69b6f288d7167a8a8fc258c4b4,2581,70.0,31.0,physical_only,-7.000271921473105e-07,-0.00019294394076636205,-1.6681087086485598e-06,1.2163571362532985e-05,9.6808151650125e-07,-0.000205107512128895
19,19,unloading,0.75,33c4855c41212485126207b6c9103be537129c69b6f288d7167a8a8fc258c4b4,2582,71.0,31.0,physical_only,-1.2319603532597747e-06,-0.0002327579434932745,-1.734296395451466e-06,1.4503178230957364e-05,5.023360421916924e-07,-0.00024726112172423196
19,19,unloading,0.75,33c4855c41212485126207b6c9103be537129c69b6f288d7167a8a8fc258c4b4,2583,72.0,31.0,physical_only,-1.8646190405249202e-06,-0.00027895339583635455,-1.8110024467749529e-06,1.7331130611301174e-05,-5.361659374996991e-08,-0.0002962845264476556
19,19,unloading,0.75,33c4855c41212485126207b6c9103be537129c69b6f288d7167a8a8fc258c4b4,2584,73.0,31.0,physical_only,-2.811523457528883e-06,-0.00033101539841799373,-1.9013747285632614e-06,2.0800395433253227e-05,-9.101487289656223e-07,-0.0003518157938512472
19,19,unloading,0.75,33c4855c41212485126207b6c9103be537129c69b6f288d7167a8a8fc258c4b4,2585,74.0,31.0,physical_only,-1.2166113408028674e-07,-0.00039112798111400103,-2.0105549779916248e-06,2.513264411950083e-05,1.888893843911335e-06,-0.000416260625233502
19,19,unloading,0.75,33c4855c41212485126207b6c9103be537129c69b6f288d7167a8a8fc258c4b4,2586,75.0,31.0,physical_only,5.934176833996408e-06,-0.00046816792048668624,-2.1478456344330203e-06,3.0667804981021236e-05,8.082022468429428e-06,-0.0004988357254677076
19,19,unloading,0.75,33c4855c41212485126207b6c9103be537129c69b6f288d7167a8a8fc258c4b4,2587,76.0,31.0,physical_only,1.3258571844794445e-05,-0.0005740171696877452,-2.330147535897158e-06,3.796642102964469e-05,1.5588719380691607e-05,-0.0006119835907173899
19,19,unloading,0.75,33c4855c41212485126207b6c9103be537129c69b6f288d7167a8a8fc258c4b4,2588,77.0,31.0,physical_only,1.2117352334187073e-05,-0.0007014321200713523,-2.5824657226965535e-06,4.800246826725226e-05,1.4699818056883623e-05,-0.0007494345883386046
19,19,unloading,0.75,33c4855c41212485126207b6c9103be537129c69b6f288d7167a8a8fc258c4b4,2589,78.0,31.0,physical_only,8.341683108270986e-06,-0.0008425288402737702,-2.9456906296164174e-06,6.256094423093451e-05,1.1287373737887415e-05,-0.0009050897845047047
19,19,unloading,0.75,33c4855c41212485126207b6c9103be537129c69b6f288d7167a8a8fc258c4b4,2590,79.0,31.0,physical_only,3.9853441495069303e-07,-0.0008727528911661401,-3.46985556537307e-06,8.504906260801483e-05,3.868389980323761e-06,-0.0009578019537741546
19,19,unloading,0.75,33c4855c41212485126207b6c9103be537129c69b6f288d7167a8a8fc258c4b4,2591,80.0,31.0,physical_only,-7.315766378584017e-05,0.00616457890845325,3.9814495285569434e-06,3.616080787361766e-05,-7.713911331439711e-05,0.0061284181005796315
19,19,unloading,0.75,33c4855c41212485126207b6c9103be537129c69b6f288d7167a8a8fc258c4b4,2654,62.0,32.0,physical_only,-4.536061296608295e-06,-1.3143099316594592e-06,-1.5035936911702472e-06,6.05967289885506e-08,-3.0324676054380476e-06,-1.37490666064801e-06
19,19,unloading,0.75,33c4855c41212485126207b6c9103be537129c69b6f288d7167a8a8fc258c4b4,2655,63.0,32.0,interior,-0.0,-0.0,-0.0,-0.0,-0.0,-0.0
19,19,unloading,0.75,33c4855c41212485126207b6c9103be537129c69b6f288d7167a8a8fc258c4b4,2656,64.0,32.0,interior,-0.0,-0.0,-0.0,-0.0,-0.0,-0.0
19,19,unloading,0.75,33c4855c41212485126207b6c9103be537129c69b6f288d7167a8a8fc258c4b4,2657,65.0,32.0,interior,-0.0,-0.0,-0.0,-0.0,-0.0,-0.0
19,19,unloading,0.75,33c4855c41212485126207b6c9103be537129c69b6f288d7167a8a8fc258c4b4,2658,66.0,32.0,interior,-0.0,-0.0,-0.0,-0.0,-0.0,-0.0
19,19,unloading,0.75,33c4855c41212485126207b6c9103be537129c69b6f288d7167a8a8fc258c4b4,2659,67.0,32.0,interior,-0.0,-0.0,-0.0,-0.0,-0.0,-0.0
19,19,unloading,0.75,33c4855c41212485126207b6c9103be537129c69b6f288d7167a8a8fc258c4b4,2660,68.0,32.0,interior,-0.0,-0.0,-0.0,-0.0,-0.0,-0.0
19,19,unloading,0.75,33c4855c41212485126207b6c9103be537129c69b6f288d7167a8a8fc258c4b4,2661,69.0,32.0,interior,-0.0,-0.0,-0.0,-0.0,-0.0,-0.0
19,19,unloading,0.75,33c4855c41212485126207b6c9103be537129c69b6f288d7167a8a8fc258c4b4,2662,70.0,32.0,interior,-0.0,-0.0,-0.0,-0.0,-0.0,-0.0
19,19,unloading,0.75,33c4855c41212485126207b6c9103be537129c69b6f288d7167a8a8fc258c4b4,2663,71.0,32.0,interior,-0.0,-0.0,-0.0,-0.0,-0.0,-0.0
19,19,unloading,0.75,33c4855c41212485126207b6c9103be537129c69b6f288d7167a8a8fc258c4b4,2664,72.0,32.0,interior,-0.0,-0.0,-0.0,-0.0,-0.0,-0.0
19,19,unloading,0.75,33c4855c41212485126207b6c9103be537129c69b6f288d7167a8a8fc258c4b4,2665,73.0,32.0,interior,-0.0,-0.0,-0.0,-0.0,-0.0,-0.0
19,19,unloading,0.75,33c4855c41212485126207b6c9103be537129c69b6f288d7167a8a8fc258c4b4,2666,74.0,32.0,interior,-0.0,-0.0,-0.0,-0.0,-0.0,-0.0
19,19,unloading,0.75,33c4855c41212485126207b6c9103be537129c69b6f288d7167a8a8fc258c4b4,2667,75.0,32.0,interior,-0.0,-0.0,-0.0,-0.0,-0.0,-0.0
19,19,unloading,0.75,33c4855c41212485126207b6c9103be537129c69b6f288d7167a8a8fc258c4b4,2668,76.0,32.0,interior,-0.0,-0.0,-0.0,-0.0,-0.0,-0.0
19,19,unloading,0.75,33c4855c41212485126207b6c9103be537129c69b6f288d7167a8a8fc258c4b4,2669,77.0,32.0,interior,-0.0,-0.0,-0.0,-0.0,-0.0,-0.0
19,19,unloading,0.75,33c4855c41212485126207b6c9103be537129c69b6f288d7167a8a8fc258c4b4,2670,78.0,32.0,interior,-0.0,-0.0,-0.0,-0.0,-0.0,-0.0
19,19,unloading,0.75,33c4855c41212485126207b6c9103be537129c69b6f288d7167a8a8fc258c4b4,2671,79.0,32.0,interior,-0.0,-0.0,-0.0,-0.0,-0.0,-0.0
19,19,unloading,0.75,33c4855c41212485126207b6c9103be537129c69b6f288d7167a8a8fc258c4b4,2672,80.0,32.0,physical_only,-0.0,-0.0,-0.0,-0.0,-0.0,-0.0
19,19,unloading,0.75,33c4855c41212485126207b6c9103be537129c69b6f288d7167a8a8fc258c4b4,2735,62.0,33.0,physical_only,-3.2493773320239686e-06,-8.767776379850863e-07,-1.5786451312851076e-06,4.622760939557817e-08,-1.6707322007388616e-06,-9.230052473806644e-07
19,19,unloading,0.75,33c4855c41212485126207b6c9103be537129c69b6f288d7167a8a8fc258c4b4,2736,63.0,33.0,interior,-0.0,-0.0,-0.0,-0.0,-0.0,-0.0
19,19,unloading,0.75,33c4855c41212485126207b6c9103be537129c69b6f288d7167a8a8fc258c4b4,2737,64.0,33.0,interior,-0.0,-0.0,-0.0,-0.0,-0.0,-0.0
19,19,unloading,0.75,33c4855c41212485126207b6c9103be537129c69b6f288d7167a8a8fc258c4b4,2738,65.0,33.0,interior,-0.0,-0.0,-0.0,-0.0,-0.0,-0.0
19,19,unloading,0.75,33c4855c41212485126207b6c9103be537129c69b6f288d7167a8a8fc258c4b4,2739,66.0,33.0,interior,-0.0,-0.0,-0.0,-0.0,-0.0,-0.0
19,19,unloading,0.75,33c4855c41212485126207b6c9103be537129c69b6f288d7167a8a8fc258c4b4,2740,67.0,33.0,interior,-0.0,-0.0,-0.0,-0.0,-0.0,-0.0
19,19,unloading,0.75,33c4855c41212485126207b6c9103be537129c69b6f288d7167a8a8fc258c4b4,2741,68.0,33.0,interior,-0.0,-0.0,-0.0,-0.0,-0.0,-0.0
19,19,unloading,0.75,33c4855c41212485126207b6c9103be537129c69b6f288d7167a8a8fc258c4b4,2742,69.0,33.0,interior,-0.0,-0.0,-0.0,-0.0,-0.0,-0.0
19,19,unloading,0.75,33c4855c41212485126207b6c9103be537129c69b6f288d7167a8a8fc258c4b4,2743,70.0,33.0,interior,-0.0,-0.0,-0.0,-0.0,-0.0,-0.0
19,19,unloading,0.75,33c4855c41212485126207b6c9103be537129c69b6f288d7167a8a8fc258c4b4,2744,71.0,33.0,interior,-0.0,-0.0,-0.0,-0.0,-0.0,-0.0
19,19,unloading,0.75,33c4855c41212485126207b6c9103be537129c69b6f288d7167a8a8fc258c4b4,2745,72.0,33.0,interior,-0.0,-0.0,-0.0,-0.0,-0.0,-0.0
19,19,unloading,0.75,33c4855c41212485126207b6c9103be537129c69b6f288d7167a8a8fc258c4b4,2746,73.0,33.0,interior,-0.0,-0.0,-0.0,-0.0,-0.0,-0.0
19,19,unloading,0.75,33c4855c41212485126207b6c9103be537129c69b6f288d7167a8a8fc258c4b4,2747,74.0,33.0,interior,-0.0,-0.0,-0.0,-0.0,-0.0,-0.0
19,19,unloading,0.75,33c4855c41212485126207b6c9103be537129c69b6f288d7167a8a8fc258c4b4,2748,75.0,33.0,interior,-0.0,-0.0,-0.0,-0.0,-0.0,-0.0
19,19,unloading,0.75,33c4855c41212485126207b6c9103be537129c69b6f288d7167a8a8fc258c4b4,2749,76.0,33.0,interior,-0.0,-0.0,-0.0,-0.0,-0.0,-0.0
19,19,unloading,0.75,33c4855c41212485126207b6c9103be537129c69b6f288d7167a8a8fc258c4b4,2750,77.0,33.0,interior,-0.0,-0.0,-0.0,-0.0,-0.0,-0.0
19,19,unloading,0.75,33c4855c41212485126207b6c9103be537129c69b6f288d7167a8a8fc258c4b4,2751,78.0,33.0,interior,-0.0,-0.0,-0.0,-0.0,-0.0,-0.0
19,19,unloading,0.75,33c4855c41212485126207b6c9103be537129c69b6f288d7167a8a8fc258c4b4,2752,79.0,33.0,interior,-0.0,-0.0,-0.0,-0.0,-0.0,-0.0
19,19,unloading,0.75,33c4855c41212485126207b6c9103be537129c69b6f288d7167a8a8fc258c4b4,2753,80.0,33.0,physical_only,-0.0,-0.0,-0.0,-0.0,-0.0,-0.0
19,19,unloading,0.75,33c4855c41212485126207b6c9103be537129c69b6f288d7167a8a8fc258c4b4,2816,62.0,34.0,physical_only,-2.6596487434741303e-06,-4.179600331678487e-07,-1.63753642090353e-06,3.733212428223652e-08,-1.022112322570599e-06,-4.552921574500855e-07
19,19,unloading,0.75,33c4855c41212485126207b6c9103be537129c69b6f288d7167a8a8fc258c4b4,2817,63.0,34.0,interior,-0.0,-0.0,-0.0,-0.0,-0.0,-0.0
19,19,unloading,0.75,33c4855c41212485126207b6c9103be537129c69b6f288d7167a8a8fc258c4b4,2818,64.0,34.0,interior,-0.0,-0.0,-0.0,-0.0,-0.0,-0.0
19,19,unloading,0.75,33c4855c41212485126207b6c9103be537129c69b6f288d7167a8a8fc258c4b4,2819,65.0,34.0,interior,-0.0,-0.0,-0.0,-0.0,-0.0,-0.0
19,19,unloading,0.75,33c4855c41212485126207b6c9103be537129c69b6f288d7167a8a8fc258c4b4,2820,66.0,34.0,interior,-0.0,-0.0,-0.0,-0.0,-0.0,-0.0
19,19,unloading,0.75,33c4855c41212485126207b6c9103be537129c69b6f288d7167a8a8fc258c4b4,2821,67.0,34.0,interior,-0.0,-0.0,-0.0,-0.0,-0.0,-0.0
19,19,unloading,0.75,33c4855c41212485126207b6c9103be537129c69b6f288d7167a8a8fc258c4b4,2822,68.0,34.0,interior,-0.0,-0.0,-0.0,-0.0,-0.0,-0.0
19,19,unloading,0.75,33c4855c41212485126207b6c9103be537129c69b6f288d7167a8a8fc258c4b4,2823,69.0,34.0,interior,-0.0,-0.0,-0.0,-0.0,-0.0,-0.0
19,19,unloading,0.75,33c4855c41212485126207b6c9103be537129c69b6f288d7167a8a8fc258c4b4,2824,70.0,34.0,interior,-0.0,-0.0,-0.0,-0.0,-0.0,-0.0
19,19,unloading,0.75,33c4855c41212485126207b6c9103be537129c69b6f288d7167a8a8fc258c4b4,2825,71.0,34.0,interior,-0.0,-0.0,-0.0,-0.0,-0.0,-0.0
19,19,unloading,0.75,33c4855c41212485126207b6c9103be537129c69b6f288d7167a8a8fc258c4b4,2826,72.0,34.0,interior,-0.0,-0.0,-0.0,-0.0,-0.0,-0.0
19,19,unloading,0.75,33c4855c41212485126207b6c9103be537129c69b6f288d7167a8a8fc258c4b4,2827,73.0,34.0,interior,-0.0,-0.0,-0.0,-0.0,-0.0,-0.0
19,19,unloading,0.75,33c4855c41212485126207b6c9103be537129c69b6f288d7167a8a8fc258c4b4,2828,74.0,34.0,interior,-0.0,-0.0,-0.0,-0.0,-0.0,-0.0
19,19,unloading,0.75,33c4855c41212485126207b6c9103be537129c69b6f288d7167a8a8fc258c4b4,2829,75.0,34.0,interior,-0.0,-0.0,-0.0,-0.0,-0.0,-0.0
19,19,unloading,0.75,33c4855c41212485126207b6c9103be537129c69b6f288d7167a8a8fc258c4b4,2830,76.0,34.0,interior,-0.0,-0.0,-0.0,-0.0,-0.0,-0.0
19,19,unloading,0.75,33c4855c41212485126207b6c9103be537129c69b6f288d7167a8a8fc258c4b4,2831,77.0,34.0,interior,-0.0,-0.0,-0.0,-0.0,-0.0,-0.0
19,19,unloading,0.75,33c4855c41212485126207b6c9103be537129c69b6f288d7167a8a8fc258c4b4,2832,78.0,34.0,interior,-0.0,-0.0,-0.0,-0.0,-0.0,-0.0
19,19,unloading,0.75,33c4855c41212485126207b6c9103be537129c69b6f288d7167a8a8fc258c4b4,2833,79.0,34.0,interior,-0.0,-0.0,-0.0,-0.0,-0.0,-0.0
19,19,unloading,0.75,33c4855c41212485126207b6c9103be537129c69b6f288d7167a8a8fc258c4b4,2834,80.0,34.0,physical_only,-0.0,-0.0,-0.0,-0.0,-0.0,-0.0
19,19,unloading,0.75,33c4855c41212485126207b6c9103be537129c69b6f288d7167a8a8fc258c4b4,2897,62.0,35.0,physical_only,-2.495088078266936e-06,-6.965729013102331e-08,-1.6858873845507427e-06,3.125677912758449e-08,-8.09200693716194e-07,-1.009140692586078e-07
19,19,unloading,0.75,33c4855c41212485126207b6c9103be537129c69b6f288d7167a8a8fc258c4b4,2898,63.0,35.0,interior,-0.0,-0.0,-0.0,-0.0,-0.0,-0.0
19,19,unloading,0.75,33c4855c41212485126207b6c9103be537129c69b6f288d7167a8a8fc258c4b4,2899,64.0,35.0,interior,-0.0,-0.0,-0.0,-0.0,-0.0,-0.0
19,19,unloading,0.75,33c4855c41212485126207b6c9103be537129c69b6f288d7167a8a8fc258c4b4,2900,65.0,35.0,interior,-0.0,-0.0,-0.0,-0.0,-0.0,-0.0
19,19,unloading,0.75,33c4855c41212485126207b6c9103be537129c69b6f288d7167a8a8fc258c4b4,2901,66.0,35.0,interior,-0.0,-0.0,-0.0,-0.0,-0.0,-0.0
19,19,unloading,0.75,33c4855c41212485126207b6c9103be537129c69b6f288d7167a8a8fc258c4b4,2902,67.0,35.0,interior,-0.0,-0.0,-0.0,-0.0,-0.0,-0.0
19,19,unloading,0.75,33c4855c41212485126207b6c9103be537129c69b6f288d7167a8a8fc258c4b4,2903,68.0,35.0,interior,-0.0,-0.0,-0.0,-0.0,-0.0,-0.0
19,19,unloading,0.75,33c4855c41212485126207b6c9103be537129c69b6f288d7167a8a8fc258c4b4,2904,69.0,35.0,interior,-0.0,-0.0,-0.0,-0.0,-0.0,-0.0
19,19,unloading,0.75,33c4855c41212485126207b6c9103be537129c69b6f288d7167a8a8fc258c4b4,2905,70.0,35.0,interior,-0.0,-0.0,-0.0,-0.0,-0.0,-0.0
19,19,unloading,0.75,33c4855c41212485126207b6c9103be537129c69b6f288d7167a8a8fc258c4b4,2906,71.0,35.0,interior,-0.0,-0.0,-0.0,-0.0,-0.0,-0.0
19,19,unloading,0.75,33c4855c41212485126207b6c9103be537129c69b6f288d7167a8a8fc258c4b4,2907,72.0,35.0,interior,-0.0,-0.0,-0.0,-0.0,-0.0,-0.0
19,19,unloading,0.75,33c4855c41212485126207b6c9103be537129c69b6f288d7167a8a8fc258c4b4,2908,73.0,35.0,interior,-0.0,-0.0,-0.0,-0.0,-0.0,-0.0
19,19,unloading,0.75,33c4855c41212485126207b6c9103be537129c69b6f288d7167a8a8fc258c4b4,2909,74.0,35.0,interior,-0.0,-0.0,-0.0,-0.0,-0.0,-0.0
19,19,unloading,0.75,33c4855c41212485126207b6c9103be537129c69b6f288d7167a8a8fc258c4b4,2910,75.0,35.0,interior,-0.0,-0.0,-0.0,-0.0,-0.0,-0.0
19,19,unloading,0.75,33c4855c41212485126207b6c9103be537129c69b6f288d7167a8a8fc258c4b4,2911,76.0,35.0,interior,-0.0,-0.0,-0.0,-0.0,-0.0,-0.0
19,19,unloading,0.75,33c4855c41212485126207b6c9103be537129c69b6f288d7167a8a8fc258c4b4,2912,77.0,35.0,interior,-0.0,-0.0,-0.0,-0.0,-0.0,-0.0
19,19,unloading,0.75,33c4855c41212485126207b6c9103be537129c69b6f288d7167a8a8fc258c4b4,2913,78.0,35.0,interior,-0.0,-0.0,-0.0,-0.0,-0.0,-0.0
19,19,unloading,0.75,33c4855c41212485126207b6c9103be537129c69b6f288d7167a8a8fc258c4b4,2914,79.0,35.0,interior,-0.0,-0.0,-0.0,-0.0,-0.0,-0.0
19,19,unloading,0.75,33c4855c41212485126207b6c9103be537129c69b6f288d7167a8a8fc258c4b4,2915,80.0,35.0,physical_only,-0.0,-0.0,-0.0,-0.0,-0.0,-0.0
19,19,unloading,0.75,33c4855c41212485126207b6c9103be537129c69b6f288d7167a8a8fc258c4b4,2978,62.0,36.0,physical_only,-2.5516705211292206e-06,1.126983075434251e-07,-1.7260195389361014e-06,2.6031186829276268e-08,-8.256509821931183e-07,8.666712071414883e-08
19,19,unloading,0.75,33c4855c41212485126207b6c9103be537129c69b6f288d7167a8a8fc258c4b4,2979,63.0,36.0,interior,-0.0,-0.0,-0.0,-0.0,-0.0,-0.0
19,19,unloading,0.75,33c4855c41212485126207b6c9103be537129c69b6f288d7167a8a8fc258c4b4,2980,64.0,36.0,interior,-0.0,-0.0,-0.0,-0.0,-0.0,-0.0
19,19,unloading,0.75,33c4855c41212485126207b6c9103be537129c69b6f288d7167a8a8fc258c4b4,2981,65.0,36.0,interior,-0.0,-0.0,-0.0,-0.0,-0.0,-0.0
19,19,unloading,0.75,33c4855c41212485126207b6c9103be537129c69b6f288d7167a8a8fc258c4b4,2982,66.0,36.0,interior,-0.0,-0.0,-0.0,-0.0,-0.0,-0.0
19,19,unloading,0.75,33c4855c41212485126207b6c9103be537129c69b6f288d7167a8a8fc258c4b4,2983,67.0,36.0,interior,-0.0,-0.0,-0.0,-0.0,-0.0,-0.0
19,19,unloading,0.75,33c4855c41212485126207b6c9103be537129c69b6f288d7167a8a8fc258c4b4,2984,68.0,36.0,interior,-0.0,-0.0,-0.0,-0.0,-0.0,-0.0
19,19,unloading,0.75,33c4855c41212485126207b6c9103be537129c69b6f288d7167a8a8fc258c4b4,2985,69.0,36.0,interior,-0.0,-0.0,-0.0,-0.0,-0.0,-0.0
19,19,unloading,0.75,33c4855c41212485126207b6c9103be537129c69b6f288d7167a8a8fc258c4b4,2986,70.0,36.0,interior,-0.0,-0.0,-0.0,-0.0,-0.0,-0.0
19,19,unloading,0.75,33c4855c41212485126207b6c9103be537129c69b6f288d7167a8a8fc258c4b4,2987,71.0,36.0,interior,-0.0,-0.0,-0.0,-0.0,-0.0,-0.0
19,19,unloading,0.75,33c4855c41212485126207b6c9103be537129c69b6f288d7167a8a8fc258c4b4,2988,72.0,36.0,interior,-0.0,-0.0,-0.0,-0.0,-0.0,-0.0
19,19,unloading,0.75,33c4855c41212485126207b6c9103be537129c69b6f288d7167a8a8fc258c4b4,2989,73.0,36.0,interior,-0.0,-0.0,-0.0,-0.0,-0.0,-0.0
19,19,unloading,0.75,33c4855c41212485126207b6c9103be537129c69b6f288d7167a8a8fc258c4b4,2990,74.0,36.0,interior,-0.0,-0.0,-0.0,-0.0,-0.0,-0.0
19,19,unloading,0.75,33c4855c41212485126207b6c9103be537129c69b6f288d7167a8a8fc258c4b4,2991,75.0,36.0,interior,-0.0,-0.0,-0.0,-0.0,-0.0,-0.0
19,19,unloading,0.75,33c4855c41212485126207b6c9103be537129c69b6f288d7167a8a8fc258c4b4,2992,76.0,36.0,interior,-0.0,-0.0,-0.0,-0.0,-0.0,-0.0
19,19,unloading,0.75,33c4855c41212485126207b6c9103be537129c69b6f288d7167a8a8fc258c4b4,2993,77.0,36.0,interior,-0.0,-0.0,-0.0,-0.0,-0.0,-0.0
19,19,unloading,0.75,33c4855c41212485126207b6c9103be537129c69b6f288d7167a8a8fc258c4b4,2994,78.0,36.0,interior,-0.0,-0.0,-0.0,-0.0,-0.0,-0.0
19,19,unloading,0.75,33c4855c41212485126207b6c9103be537129c69b6f288d7167a8a8fc258c4b4,2995,79.0,36.0,interior,-0.0,-0.0,-0.0,-0.0,-0.0,-0.0
19,19,unloading,0.75,33c4855c41212485126207b6c9103be537129c69b6f288d7167a8a8fc258c4b4,2996,80.0,36.0,physical_only,-0.0,-0.0,-0.0,-0.0,-0.0,-0.0
19,19,unloading,0.75,33c4855c41212485126207b6c9103be537129c69b6f288d7167a8a8fc258c4b4,3059,62.0,37.0,physical_only,-2.6709313363997626e-06,1.661612975336137e-07,-1.7582654745829282e-06,2.0490553339075747e-08,-9.12665861816834e-07,1.4567074419453796e-07
19,19,unloading,0.75,33c4855c41212485126207b6c9103be537129c69b6f288d7167a8a8fc258c4b4,3060,63.0,37.0,interior,-0.0,-0.0,-0.0,-0.0,-0.0,-0.0
19,19,unloading,0.75,33c4855c41212485126207b6c9103be537129c69b6f288d7167a8a8fc258c4b4,3061,64.0,37.0,interior,-0.0,-0.0,-0.0,-0.0,-0.0,-0.0
19,19,unloading,0.75,33c4855c41212485126207b6c9103be537129c69b6f288d7167a8a8fc258c4b4,3062,65.0,37.0,interior,-0.0,-0.0,-0.0,-0.0,-0.0,-0.0
19,19,unloading,0.75,33c4855c41212485126207b6c9103be537129c69b6f288d7167a8a8fc258c4b4,3063,66.0,37.0,interior,-0.0,-0.0,-0.0,-0.0,-0.0,-0.0
19,19,unloading,0.75,33c4855c41212485126207b6c9103be537129c69b6f288d7167a8a8fc258c4b4,3064,67.0,37.0,interior,-0.0,-0.0,-0.0,-0.0,-0.0,-0.0
19,19,unloading,0.75,33c4855c41212485126207b6c9103be537129c69b6f288d7167a8a8fc258c4b4,3065,68.0,37.0,interior,-0.0,-0.0,-0.0,-0.0,-0.0,-0.0
19,19,unloading,0.75,33c4855c41212485126207b6c9103be537129c69b6f288d7167a8a8fc258c4b4,3066,69.0,37.0,interior,-0.0,-0.0,-0.0,-0.0,-0.0,-0.0
19,19,unloading,0.75,33c4855c41212485126207b6c9103be537129c69b6f288d7167a8a8fc258c4b4,3067,70.0,37.0,interior,-0.0,-0.0,-0.0,-0.0,-0.0,-0.0
19,19,unloading,0.75,33c4855c41212485126207b6c9103be537129c69b6f288d7167a8a8fc258c4b4,3068,71.0,37.0,interior,-0.0,-0.0,-0.0,-0.0,-0.0,-0.0
19,19,unloading,0.75,33c4855c41212485126207b6c9103be537129c69b6f288d7167a8a8fc258c4b4,3069,72.0,37.0,interior,-0.0,-0.0,-0.0,-0.0,-0.0,-0.0
19,19,unloading,0.75,33c4855c41212485126207b6c9103be537129c69b6f288d7167a8a8fc258c4b4,3070,73.0,37.0,interior,-0.0,-0.0,-0.0,-0.0,-0.0,-0.0
19,19,unloading,0.75,33c4855c41212485126207b6c9103be537129c69b6f288d7167a8a8fc258c4b4,3071,74.0,37.0,interior,-0.0,-0.0,-0.0,-0.0,-0.0,-0.0
19,19,unloading,0.75,33c4855c41212485126207b6c9103be537129c69b6f288d7167a8a8fc258c4b4,3072,75.0,37.0,interior,-0.0,-0.0,-0.0,-0.0,-0.0,-0.0
19,19,unloading,0.75,33c4855c41212485126207b6c9103be537129c69b6f288d7167a8a8fc258c4b4,3073,76.0,37.0,interior,-0.0,-0.0,-0.0,-0.0,-0.0,-0.0
19,19,unloading,0.75,33c4855c41212485126207b6c9103be537129c69b6f288d7167a8a8fc258c4b4,3074,77.0,37.0,interior,-0.0,-0.0,-0.0,-0.0,-0.0,-0.0
19,19,unloading,0.75,33c4855c41212485126207b6c9103be537129c69b6f288d7167a8a8fc258c4b4,3075,78.0,37.0,interior,-0.0,-0.0,-0.0,-0.0,-0.0,-0.0
19,19,unloading,0.75,33c4855c41212485126207b6c9103be537129c69b6f288d7167a8a8fc258c4b4,3076,79.0,37.0,interior,-0.0,-0.0,-0.0,-0.0,-0.0,-0.0
19,19,unloading,0.75,33c4855c41212485126207b6c9103be537129c69b6f288d7167a8a8fc258c4b4,3077,80.0,37.0,physical_only,-0.0,-0.0,-0.0,-0.0,-0.0,-0.0
19,19,unloading,0.75,33c4855c41212485126207b6c9103be537129c69b6f288d7167a8a8fc258c4b4,3140,62.0,38.0,physical_only,-2.776336256802329e-06,1.3964667351491738e-07,-1.7820587397079662e-06,1.4227949418595014e-08,-9.942775170943627e-07,1.254187240963222e-07
19,19,unloading,0.75,33c4855c41212485126207b6c9103be537129c69b6f288d7167a8a8fc258c4b4,3141,63.0,38.0,interior,-0.0,-0.0,-0.0,-0.0,-0.0,-0.0
19,19,unloading,0.75,33c4855c41212485126207b6c9103be537129c69b6f288d7167a8a8fc258c4b4,3142,64.0,38.0,interior,-0.0,-0.0,-0.0,-0.0,-0.0,-0.0
19,19,unloading,0.75,33c4855c41212485126207b6c9103be537129c69b6f288d7167a8a8fc258c4b4,3143,65.0,38.0,interior,-0.0,-0.0,-0.0,-0.0,-0.0,-0.0
19,19,unloading,0.75,33c4855c41212485126207b6c9103be537129c69b6f288d7167a8a8fc258c4b4,3144,66.0,38.0,interior,-0.0,-0.0,-0.0,-0.0,-0.0,-0.0
19,19,unloading,0.75,33c4855c41212485126207b6c9103be537129c69b6f288d7167a8a8fc258c4b4,3145,67.0,38.0,interior,-0.0,-0.0,-0.0,-0.0,-0.0,-0.0
19,19,unloading,0.75,33c4855c41212485126207b6c9103be537129c69b6f288d7167a8a8fc258c4b4,3146,68.0,38.0,interior,-0.0,-0.0,-0.0,-0.0,-0.0,-0.0
19,19,unloading,0.75,33c4855c41212485126207b6c9103be537129c69b6f288d7167a8a8fc258c4b4,3147,69.0,38.0,interior,-0.0,-0.0,-0.0,-0.0,-0.0,-0.0
19,19,unloading,0.75,33c4855c41212485126207b6c9103be537129c69b6f288d7167a8a8fc258c4b4,3148,70.0,38.0,interior,-0.0,-0.0,-0.0,-0.0,-0.0,-0.0
19,19,unloading,0.75,33c4855c41212485126207b6c9103be537129c69b6f288d7167a8a8fc258c4b4,3149,71.0,38.0,interior,-0.0,-0.0,-0.0,-0.0,-0.0,-0.0
19,19,unloading,0.75,33c4855c41212485126207b6c9103be537129c69b6f288d7167a8a8fc258c4b4,3150,72.0,38.0,interior,-0.0,-0.0,-0.0,-0.0,-0.0,-0.0
19,19,unloading,0.75,33c4855c41212485126207b6c9103be537129c69b6f288d7167a8a8fc258c4b4,3151,73.0,38.0,interior,-0.0,-0.0,-0.0,-0.0,-0.0,-0.0
19,19,unloading,0.75,33c4855c41212485126207b6c9103be537129c69b6f288d7167a8a8fc258c4b4,3152,74.0,38.0,interior,-0.0,-0.0,-0.0,-0.0,-0.0,-0.0
19,19,unloading,0.75,33c4855c41212485126207b6c9103be537129c69b6f288d7167a8a8fc258c4b4,3153,75.0,38.0,interior,-0.0,-0.0,-0.0,-0.0,-0.0,-0.0
19,19,unloading,0.75,33c4855c41212485126207b6c9103be537129c69b6f288d7167a8a8fc258c4b4,3154,76.0,38.0,interior,-0.0,-0.0,-0.0,-0.0,-0.0,-0.0
19,19,unloading,0.75,33c4855c41212485126207b6c9103be537129c69b6f288d7167a8a8fc258c4b4,3155,77.0,38.0,interior,-0.0,-0.0,-0.0,-0.0,-0.0,-0.0
19,19,unloading,0.75,33c4855c41212485126207b6c9103be537129c69b6f288d7167a8a8fc258c4b4,3156,78.0,38.0,interior,-0.0,-0.0,-0.0,-0.0,-0.0,-0.0
19,19,unloading,0.75,33c4855c41212485126207b6c9103be537129c69b6f288d7167a8a8fc258c4b4,3157,79.0,38.0,interior,-0.0,-0.0,-0.0,-0.0,-0.0,-0.0
19,19,unloading,0.75,33c4855c41212485126207b6c9103be537129c69b6f288d7167a8a8fc258c4b4,3158,80.0,38.0,physical_only,-0.0,-0.0,-0.0,-0.0,-0.0,-0.0
19,19,unloading,0.75,33c4855c41212485126207b6c9103be537129c69b6f288d7167a8a8fc258c4b4,3221,62.0,39.0,physical_only,-2.8401104569251734e-06,7.582109392538577e-08,-1.7966796120598774e-06,7.300779959150026e-09,-1.0434308448652962e-06,6.852031396623585e-08
19,19,unloading,0.75,33c4855c41212485126207b6c9103be537129c69b6f288d7167a8a8fc258c4b4,3222,63.0,39.0,interior,-0.0,-0.0,-0.0,-0.0,-0.0,-0.0
19,19,unloading,0.75,33c4855c41212485126207b6c9103be537129c69b6f288d7167a8a8fc258c4b4,3223,64.0,39.0,interior,-0.0,-0.0,-0.0,-0.0,-0.0,-0.0
19,19,unloading,0.75,33c4855c41212485126207b6c9103be537129c69b6f288d7167a8a8fc258c4b4,3224,65.0,39.0,interior,-0.0,-0.0,-0.0,-0.0,-0.0,-0.0
19,19,unloading,0.75,33c4855c41212485126207b6c9103be537129c69b6f288d7167a8a8fc258c4b4,3225,66.0,39.0,interior,-0.0,-0.0,-0.0,-0.0,-0.0,-0.0
19,19,unloading,0.75,33c4855c41212485126207b6c9103be537129c69b6f288d7167a8a8fc258c4b4,3226,67.0,39.0,interior,-0.0,-0.0,-0.0,-0.0,-0.0,-0.0
19,19,unloading,0.75,33c4855c41212485126207b6c9103be537129c69b6f288d7167a8a8fc258c4b4,3227,68.0,39.0,interior,-0.0,-0.0,-0.0,-0.0,-0.0,-0.0
19,19,unloading,0.75,33c4855c41212485126207b6c9103be537129c69b6f288d7167a8a8fc258c4b4,3228,69.0,39.0,interior,-0.0,-0.0,-0.0,-0.0,-0.0,-0.0
19,19,unloading,0.75,33c4855c41212485126207b6c9103be537129c69b6f288d7167a8a8fc258c4b4,3229,70.0,39.0,interior,-0.0,-0.0,-0.0,-0.0,-0.0,-0.0
19,19,unloading,0.75,33c4855c41212485126207b6c9103be537129c69b6f288d7167a8a8fc258c4b4,3230,71.0,39.0,interior,-0.0,-0.0,-0.0,-0.0,-0.0,-0.0
19,19,unloading,0.75,33c4855c41212485126207b6c9103be537129c69b6f288d7167a8a8fc258c4b4,3231,72.0,39.0,interior,-0.0,-0.0,-0.0,-0.0,-0.0,-0.0
19,19,unloading,0.75,33c4855c41212485126207b6c9103be537129c69b6f288d7167a8a8fc258c4b4,3232,73.0,39.0,interior,-0.0,-0.0,-0.0,-0.0,-0.0,-0.0
19,19,unloading,0.75,33c4855c41212485126207b6c9103be537129c69b6f288d7167a8a8fc258c4b4,3233,74.0,39.0,interior,-0.0,-0.0,-0.0,-0.0,-0.0,-0.0
19,19,unloading,0.75,33c4855c41212485126207b6c9103be537129c69b6f288d7167a8a8fc258c4b4,3234,75.0,39.0,interior,-0.0,-0.0,-0.0,-0.0,-0.0,-0.0
19,19,unloading,0.75,33c4855c41212485126207b6c9103be537129c69b6f288d7167a8a8fc258c4b4,3235,76.0,39.0,interior,-0.0,-0.0,-0.0,-0.0,-0.0,-0.0
19,19,unloading,0.75,33c4855c41212485126207b6c9103be537129c69b6f288d7167a8a8fc258c4b4,3236,77.0,39.0,interior,-0.0,-0.0,-0.0,-0.0,-0.0,-0.0
19,19,unloading,0.75,33c4855c41212485126207b6c9103be537129c69b6f288d7167a8a8fc258c4b4,3237,78.0,39.0,interior,-0.0,-0.0,-0.0,-0.0,-0.0,-0.0
19,19,unloading,0.75,33c4855c41212485126207b6c9103be537129c69b6f288d7167a8a8fc258c4b4,3238,79.0,39.0,interior,-0.0,-0.0,-0.0,-0.0,-0.0,-0.0
19,19,unloading,0.75,33c4855c41212485126207b6c9103be537129c69b6f288d7167a8a8fc258c4b4,3239,80.0,39.0,physical_only,-0.0,-0.0,-0.0,-0.0,-0.0,-0.0
19,19,unloading,0.75,33c4855c41212485126207b6c9103be537129c69b6f288d7167a8a8fc258c4b4,3302,62.0,40.0,physical_and_cut,-1.4303015917875382e-06,-1.4793911521992544e-06,-9.008066317314551e-07,-4.061958948744418e-07,-5.29494960056083e-07,-1.0731952573248126e-06
19,19,unloading,0.75,33c4855c41212485126207b6c9103be537129c69b6f288d7167a8a8fc258c4b4,3303,63.0,40.0,cut_only,-0.0,-0.0,-0.0,-0.0,-0.0,-0.0
19,19,unloading,0.75,33c4855c41212485126207b6c9103be537129c69b6f288d7167a8a8fc258c4b4,3304,64.0,40.0,cut_only,-0.0,-0.0,-0.0,-0.0,-0.0,-0.0
19,19,unloading,0.75,33c4855c41212485126207b6c9103be537129c69b6f288d7167a8a8fc258c4b4,3305,65.0,40.0,cut_only,-0.0,-0.0,-0.0,-0.0,-0.0,-0.0
19,19,unloading,0.75,33c4855c41212485126207b6c9103be537129c69b6f288d7167a8a8fc258c4b4,3306,66.0,40.0,cut_only,-0.0,-0.0,-0.0,-0.0,-0.0,-0.0
19,19,unloading,0.75,33c4855c41212485126207b6c9103be537129c69b6f288d7167a8a8fc258c4b4,3307,67.0,40.0,cut_only,-0.0,-0.0,-0.0,-0.0,-0.0,-0.0
19,19,unloading,0.75,33c4855c41212485126207b6c9103be537129c69b6f288d7167a8a8fc258c4b4,3308,68.0,40.0,cut_only,-0.0,-0.0,-0.0,-0.0,-0.0,-0.0
19,19,unloading,0.75,33c4855c41212485126207b6c9103be537129c69b6f288d7167a8a8fc258c4b4,3309,69.0,40.0,cut_only,-0.0,-0.0,-0.0,-0.0,-0.0,-0.0
19,19,unloading,0.75,33c4855c41212485126207b6c9103be537129c69b6f288d7167a8a8fc258c4b4,3310,70.0,40.0,cut_only,-0.0,-0.0,-0.0,-0.0,-0.0,-0.0
19,19,unloading,0.75,33c4855c41212485126207b6c9103be537129c69b6f288d7167a8a8fc258c4b4,3311,71.0,40.0,cut_only,-0.0,-0.0,-0.0,-0.0,-0.0,-0.0
19,19,unloading,0.75,33c4855c41212485126207b6c9103be537129c69b6f288d7167a8a8fc258c4b4,3312,72.0,40.0,cut_only,-0.0,-0.0,-0.0,-0.0,-0.0,-0.0
19,19,unloading,0.75,33c4855c41212485126207b6c9103be537129c69b6f288d7167a8a8fc258c4b4,3313,73.0,40.0,cut_only,-0.0,-0.0,-0.0,-0.0,-0.0,-0.0
19,19,unloading,0.75,33c4855c41212485126207b6c9103be537129c69b6f288d7167a8a8fc258c4b4,3314,74.0,40.0,cut_only,-0.0,-0.0,-0.0,-0.0,-0.0,-0.0
19,19,unloading,0.75,33c4855c41212485126207b6c9103be537129c69b6f288d7167a8a8fc258c4b4,3315,75.0,40.0,cut_only,-0.0,-0.0,-0.0,-0.0,-0.0,-0.0
19,19,unloading,0.75,33c4855c41212485126207b6c9103be537129c69b6f288d7167a8a8fc258c4b4,3316,76.0,40.0,cut_only,-0.0,-0.0,-0.0,-0.0,-0.0,-0.0
19,19,unloading,0.75,33c4855c41212485126207b6c9103be537129c69b6f288d7167a8a8fc258c4b4,3317,77.0,40.0,cut_only,-0.0,-0.0,-0.0,-0.0,-0.0,-0.0
19,19,unloading,0.75,33c4855c41212485126207b6c9103be537129c69b6f288d7167a8a8fc258c4b4,3318,78.0,40.0,cut_only,-0.0,-0.0,-0.0,-0.0,-0.0,-0.0
19,19,unloading,0.75,33c4855c41212485126207b6c9103be537129c69b6f288d7167a8a8fc258c4b4,3319,79.0,40.0,cut_only,-0.0,-0.0,-0.0,-0.0,-0.0,-0.0
19,19,unloading,0.75,33c4855c41212485126207b6c9103be537129c69b6f288d7167a8a8fc258c4b4,3320,80.0,40.0,physical_and_cut,-0.0,-0.0,-0.0,-0.0,-0.0,-0.0
20,20,unloading,0.65,1b01df439effad8d0e2459bcaed32a22ce7bcb7971f565c2eead9df2c465ef46,2573,62.0,31.0,physical_only,-0.00031670599988144454,-1.5361740588647663e-05,-2.2390406428321526e-06,2.2813144559933648e-06,-0.00031446695923861243,-1.764305504464104e-05
20,20,unloading,0.65,1b01df439effad8d0e2459bcaed32a22ce7bcb7971f565c2eead9df2c465ef46,2574,63.0,31.0,physical_only,-4.801216484186067e-07,-2.5340252367331647e-05,-1.1681366218950481e-06,2.5607890954061396e-06,6.880149734764417e-07,-2.79010414627378e-05
20,20,unloading,0.65,1b01df439effad8d0e2459bcaed32a22ce7bcb7971f565c2eead9df2c465ef46,2575,64.0,31.0,physical_only,6.797413501771526e-07,-3.2439840869358835e-05,-1.1865079165781376e-06,3.2282241786435694e-06,1.8662492667552906e-06,-3.5668065048002396e-05
20,20,unloading,0.65,1b01df439effad8d0e2459bcaed32a22ce7bcb7971f565c2eead9df2c465ef46,2576,65.0,31.0,physical_only,8.808432206625074e-07,-4.1739957657951855e-05,-1.2090566995455815e-06,3.96235810082227e-06,2.0898999202080895e-06,-4.570231575877411e-05
20,20,unloading,0.65,1b01df439effad8d0e2459bcaed32a22ce7bcb7971f565c2eead9df2c465ef46,2577,66.0,31.0,physical_only,2.3692893607479147e-07,-5.170975770203961e-05,-1.235417695972498e-06,4.780236650060942e-06,1.4723466320472882e-06,-5.648999435210056e-05
20,20,unloading,0.65,1b01df439effad8d0e2459bcaed32a22ce7bcb7971f565c2eead9df2c465ef46,2578,67.0,31.0,physical_only,-5.947834449014534e-07,-6.200481101909997e-05,-1.2643025754386568e-06,5.69847683128856e-06,6.695191305372025e-07,-6.770328785038856e-05
20,20,unloading,0.65,1b01df439effad8d0e2459bcaed32a22ce7bcb7971f565c2eead9df2c465ef46,2579,68.0,31.0,physical_only,-6.508166522905954e-07,-7.370627129429713e-05,-1.2951355850007838e-06,6.734190027625615e-06,6.443189327101901e-07,-8.04404613219227e-05
20,20,unloading,0.65,1b01df439effad8d0e2459bcaed32a22ce7bcb7971f565c2eead9df2c465ef46,2580,69.0,31.0,physical_only,-8.476887001524105e-07,-8.761316672386714e-05,-1.3279797840549248e-06,7.907345389724468e-06,4.80291083902513e-07,-9.552051211359164e-05
20,20,unloading,0.65,1b01df439effad8d0e2459bcaed32a22ce7bcb7971f565c2eead9df2c465ef46,2581,70.0,31.0,physical_only,-1.1285910959290461e-06,-0.00010352362145932357,-1.363370802334977e-06,9.242829798393461e-06,2.3477970640593094e-07,-0.000112766451257717
20,20,unloading,0.65,1b01df439effad8d0e2459bcaed32a22ce7bcb7971f565c2eead9df2c465ef46,2582,71.0,31.0,physical_only,-1.5131253799463838e-06,-0.00012157884804998755,-1.4018136538882696e-06,1.0771843091653471e-05,-1.1131172605811289e-07,-0.00013235069114164114
20,20,unloading,0.65,1b01df439effad8d0e2459bcaed32a22ce7bcb7971f565c2eead9df2c465ef46,2583,72.0,31.0,physical_only,-1.9984621282138583e-06,-0.0001418965605637204,-1.4439773965818005e-06,1.2533850728494952e-05,-5.544847316320595e-07,-0.00015443041129221534
20,20,unloading,0.65,1b01df439effad8d0e2459bcaed32a22ce7bcb7971f565c2eead9df2c465ef46,2584,73.0,31.0,physical_only,-2.7777435186068485e-06,-0.0001638225725874089,-1.4905317019455669e-06,1.4579003994917355e-05,-1.2872118166612818e-06,-0.00017840157658232617
20,20,unloading,0.65,1b01df439effad8d0e2459bcaed32a22ce7bcb7971f565c2eead9df2c465ef46,2585,74.0,31.0,physical_only,-1.5481196493012592e-06,-0.00018817661067129171,-1.5427420643356637e-06,1.6972328291120254e-05,-5.377584965593826e-09,-0.000205148938962412
20,20,unloading,0.65,1b01df439effad8d0e2459bcaed32a22ce7bcb7971f565c2eead9df2c465ef46,2586,75.0,31.0,physical_only,1.5367036257835978e-06,-0.00021931707528464518,-1.6032206554588456e-06,1.9802733518426986e-05,3.1399242812424425e-06,-0.00023911980880307214
20,20,unloading,0.65,1b01df439effad8d0e2459bcaed32a22ce7bcb7971f565c2eead9df2c465ef46,2587,76.0,31.0,physical_only,5.595640233001991e-06,-0.00026318695671349456,-1.6769327790784878e-06,2.3201096573451015e-05,7.272573012080482e-06,-0.00028638805328694565
20,20,unloading,0.65,1b01df439effad8d0e2459bcaed32a22ce7bcb7971f565c2eead9df2c465ef46,2588,77.0,31.0,physical_only,5.709288949428853e-06,-0.0003162051057332817,-1.7692172293281682e-06,2.7363459972002746e-05,7.478506178757019e-06,-0.0003435685657052845
20,20,unloading,0.65,1b01df439effad8d0e2459bcaed32a22ce7bcb7971f565c2eead9df2c465ef46,2589,78.0,31.0,physical_only,4.68077188636304e-06,-0.0003749937970817566,-1.8857453711939307e-06,3.2578732114096356e-05,6.566517257556965e-06,-0.0004075725291958531
20,20,unloading,0.65,1b01df439effad8d0e2459bcaed32a22ce7bcb7971f565c2eead9df2c465ef46,2590,79.0,31.0,physical_only,2.4562502404158775e-06,-0.0004056867827836553,-2.027460727881072e-06,3.925582923900984e-05,4.4837109682969485e-06,-0.000444942612022665
20,20,unloading,0.65,1b01df439effad8d0e2459bcaed32a22ce7bcb7971f565c2eead9df2c465ef46,2591,80.0,31.0,physical_only,-3.69679689700711e-05,0.0030893767677121885,2.9873338194166684e-06,1.6185824098704078e-05,-3.9955302789487764e-05,0.0030731909436134846
20,20,unloading,0.65,1b01df439effad8d0e2459bcaed32a22ce7bcb7971f565c2eead9df2c465ef46,2654,62.0,32.0,physical_only,-4.176666597463476e-06,-1.2804259177200042e-06,-1.3662673343009883e-06,5.962251918329892e-08,-2.810399263162487e-06,-1.3400484369033029e-06
20,20,unloading,0.65,1b01df439effad8d0e2459bcaed32a22ce7bcb7971f565c2eead9df2c465ef46,2655,63.0,32.0,interior,-0.0,-0.0,-0.0,-0.0,-0.0,-0.0
20,20,unloading,0.65,1b01df439effad8d0e2459bcaed32a22ce7bcb7971f565c2eead9df2c465ef46,2656,64.0,32.0,interior,-0.0,-0.0,-0.0,-0.0,-0.0,-0.0
20,20,unloading,0.65,1b01df439effad8d0e2459bcaed32a22ce7bcb7971f565c2eead9df2c465ef46,2657,65.0,32.0,interior,-0.0,-0.0,-0.0,-0.0,-0.0,-0.0
20,20,unloading,0.65,1b01df439effad8d0e2459bcaed32a22ce7bcb7971f565c2eead9df2c465ef46,2658,66.0,32.0,interior,-0.0,-0.0,-0.0,-0.0,-0.0,-0.0
20,20,unloading,0.65,1b01df439effad8d0e2459bcaed32a22ce7bcb7971f565c2eead9df2c465ef46,2659,67.0,32.0,interior,-0.0,-0.0,-0.0,-0.0,-0.0,-0.0
20,20,unloading,0.65,1b01df439effad8d0e2459bcaed32a22ce7bcb7971f565c2eead9df2c465ef46,2660,68.0,32.0,interior,-0.0,-0.0,-0.0,-0.0,-0.0,-0.0
20,20,unloading,0.65,1b01df439effad8d0e2459bcaed32a22ce7bcb7971f565c2eead9df2c465ef46,2661,69.0,32.0,interior,-0.0,-0.0,-0.0,-0.0,-0.0,-0.0
20,20,unloading,0.65,1b01df439effad8d0e2459bcaed32a22ce7bcb7971f565c2eead9df2c465ef46,2662,70.0,32.0,interior,-0.0,-0.0,-0.0,-0.0,-0.0,-0.0
20,20,unloading,0.65,1b01df439effad8d0e2459bcaed32a22ce7bcb7971f565c2eead9df2c465ef46,2663,71.0,32.0,interior,-0.0,-0.0,-0.0,-0.0,-0.0,-0.0
20,20,unloading,0.65,1b01df439effad8d0e2459bcaed32a22ce7bcb7971f565c2eead9df2c465ef46,2664,72.0,32.0,interior,-0.0,-0.0,-0.0,-0.0,-0.0,-0.0
20,20,unloading,0.65,1b01df439effad8d0e2459bcaed32a22ce7bcb7971f565c2eead9df2c465ef46,2665,73.0,32.0,interior,-0.0,-0.0,-0.0,-0.0,-0.0,-0.0
20,20,unloading,0.65,1b01df439effad8d0e2459bcaed32a22ce7bcb7971f565c2eead9df2c465ef46,2666,74.0,32.0,interior,-0.0,-0.0,-0.0,-0.0,-0.0,-0.0
20,20,unloading,0.65,1b01df439effad8d0e2459bcaed32a22ce7bcb7971f565c2eead9df2c465ef46,2667,75.0,32.0,interior,-0.0,-0.0,-0.0,-0.0,-0.0,-0.0
20,20,unloading,0.65,1b01df439effad8d0e2459bcaed32a22ce7bcb7971f565c2eead9df2c465ef46,2668,76.0,32.0,interior,-0.0,-0.0,-0.0,-0.0,-0.0,-0.0
20,20,unloading,0.65,1b01df439effad8d0e2459bcaed32a22ce7bcb7971f565c2eead9df2c465ef46,2669,77.0,32.0,interior,-0.0,-0.0,-0.0,-0.0,-0.0,-0.0
20,20,unloading,0.65,1b01df439effad8d0e2459bcaed32a22ce7bcb7971f565c2eead9df2c465ef46,2670,78.0,32.0,interior,-0.0,-0.0,-0.0,-0.0,-0.0,-0.0
20,20,unloading,0.65,1b01df439effad8d0e2459bcaed32a22ce7bcb7971f565c2eead9df2c465ef46,2671,79.0,32.0,interior,-0.0,-0.0,-0.0,-0.0,-0.0,-0.0
20,20,unloading,0.65,1b01df439effad8d0e2459bcaed32a22ce7bcb7971f565c2eead9df2c465ef46,2672,80.0,32.0,physical_only,-0.0,-0.0,-0.0,-0.0,-0.0,-0.0
20,20,unloading,0.65,1b01df439effad8d0e2459bcaed32a22ce7bcb7971f565c2eead9df2c465ef46,2735,62.0,33.0,physical_only,-2.9373626466542036e-06,-8.657592572040695e-07,-1.4301692377303145e-06,4.579004826682089e-08,-1.5071934089238889e-06,-9.115493054708905e-07
20,20,unloading,0.65,1b01df439effad8d0e2459bcaed32a22ce7bcb7971f565c2eead9df2c465ef46,2736,63.0,33.0,interior,-0.0,-0.0,-0.0,-0.0,-0.0,-0.0
20,20,unloading,0.65,1b01df439effad8d0e2459bcaed32a22ce7bcb7971f565c2eead9df2c465ef46,2737,64.0,33.0,interior,-0.0,-0.0,-0.0,-0.0,-0.0,-0.0
20,20,unloading,0.65,1b01df439effad8d0e2459bcaed32a22ce7bcb7971f565c2eead9df2c465ef46,2738,65.0,33.0,interior,-0.0,-0.0,-0.0,-0.0,-0.0,-0.0
20,20,unloading,0.65,1b01df439effad8d0e2459bcaed32a22ce7bcb7971f565c2eead9df2c465ef46,2739,66.0,33.0,interior,-0.0,-0.0,-0.0,-0.0,-0.0,-0.0
20,20,unloading,0.65,1b01df439effad8d0e2459bcaed32a22ce7bcb7971f565c2eead9df2c465ef46,2740,67.0,33.0,interior,-0.0,-0.0,-0.0,-0.0,-0.0,-0.0
20,20,unloading,0.65,1b01df439effad8d0e2459bcaed32a22ce7bcb7971f565c2eead9df2c465ef46,2741,68.0,33.0,interior,-0.0,-0.0,-0.0,-0.0,-0.0,-0.0
20,20,unloading,0.65,1b01df439effad8d0e2459bcaed32a22ce7bcb7971f565c2eead9df2c465ef46,2742,69.0,33.0,interior,-0.0,-0.0,-0.0,-0.0,-0.0,-0.0
20,20,unloading,0.65,1b01df439effad8d0e2459bcaed32a22ce7bcb7971f565c2eead9df2c465ef46,2743,70.0,33.0,interior,-0.0,-0.0,-0.0,-0.0,-0.0,-0.0
20,20,unloading,0.65,1b01df439effad8d0e2459bcaed32a22ce7bcb7971f565c2eead9df2c465ef46,2744,71.0,33.0,interior,-0.0,-0.0,-0.0,-0.0,-0.0,-0.0
20,20,unloading,0.65,1b01df439effad8d0e2459bcaed32a22ce7bcb7971f565c2eead9df2c465ef46,2745,72.0,33.0,interior,-0.0,-0.0,-0.0,-0.0,-0.0,-0.0
20,20,unloading,0.65,1b01df439effad8d0e2459bcaed32a22ce7bcb7971f565c2eead9df2c465ef46,2746,73.0,33.0,interior,-0.0,-0.0,-0.0,-0.0,-0.0,-0.0
20,20,unloading,0.65,1b01df439effad8d0e2459bcaed32a22ce7bcb7971f565c2eead9df2c465ef46,2747,74.0,33.0,interior,-0.0,-0.0,-0.0,-0.0,-0.0,-0.0
20,20,unloading,0.65,1b01df439effad8d0e2459bcaed32a22ce7bcb7971f565c2eead9df2c465ef46,2748,75.0,33.0,interior,-0.0,-0.0,-0.0,-0.0,-0.0,-0.0
20,20,unloading,0.65,1b01df439effad8d0e2459bcaed32a22ce7bcb7971f565c2eead9df2c465ef46,2749,76.0,33.0,interior,-0.0,-0.0,-0.0,-0.0,-0.0,-0.0
20,20,unloading,0.65,1b01df439effad8d0e2459bcaed32a22ce7bcb7971f565c2eead9df2c465ef46,2750,77.0,33.0,interior,-0.0,-0.0,-0.0,-0.0,-0.0,-0.0
20,20,unloading,0.65,1b01df439effad8d0e2459bcaed32a22ce7bcb7971f565c2eead9df2c465ef46,2751,78.0,33.0,interior,-0.0,-0.0,-0.0,-0.0,-0.0,-0.0
20,20,unloading,0.65,1b01df439effad8d0e2459bcaed32a22ce7bcb7971f565c2eead9df2c465ef46,2752,79.0,33.0,interior,-0.0,-0.0,-0.0,-0.0,-0.0,-0.0
20,20,unloading,0.65,1b01df439effad8d0e2459bcaed32a22ce7bcb7971f565c2eead9df2c465ef46,2753,80.0,33.0,physical_only,-0.0,-0.0,-0.0,-0.0,-0.0,-0.0
20,20,unloading,0.65,1b01df439effad8d0e2459bcaed32a22ce7bcb7971f565c2eead9df2c465ef46,2816,62.0,34.0,physical_only,-2.365243262022797e-06,-4.2006870046626556e-07,-1.4797465621688574e-06,3.705608053271184e-08,-8.854966998539399e-07,-4.5712478099897746e-07
20,20,unloading,0.65,1b01df439effad8d0e2459bcaed32a22ce7bcb7971f565c2eead9df2c465ef46,2817,63.0,34.0,interior,-0.0,-0.0,-0.0,-0.0,-0.0,-0.0
20,20,unloading,0.65,1b01df439effad8d0e2459bcaed32a22ce7bcb7971f565c2eead9df2c465ef46,2818,64.0,34.0,interior,-0.0,-0.0,-0.0,-0.0,-0.0,-0.0
20,20,unloading,0.65,1b01df439effad8d0e2459bcaed32a22ce7bcb7971f565c2eead9df2c465ef46,2819,65.0,34.0,interior,-0.0,-0.0,-0.0,-0.0,-0.0,-0.0
20,20,unloading,0.65,1b01df439effad8d0e2459bcaed32a22ce7bcb7971f565c2eead9df2c465ef46,2820,66.0,34.0,interior,-0.0,-0.0,-0.0,-0.0,-0.0,-0.0
20,20,unloading,0.65,1b01df439effad8d0e2459bcaed32a22ce7bcb7971f565c2eead9df2c465ef46,2821,67.0,34.0,interior,-0.0,-0.0,-0.0,-0.0,-0.0,-0.0
20,20,unloading,0.65,1b01df439effad8d0e2459bcaed32a22ce7bcb7971f565c2eead9df2c465ef46,2822,68.0,34.0,interior,-0.0,-0.0,-0.0,-0.0,-0.0,-0.0
20,20,unloading,0.65,1b01df439effad8d0e2459bcaed32a22ce7bcb7971f565c2eead9df2c465ef46,2823,69.0,34.0,interior,-0.0,-0.0,-0.0,-0.0,-0.0,-0.0
20,20,unloading,0.65,1b01df439effad8d0e2459bcaed32a22ce7bcb7971f565c2eead9df2c465ef46,2824,70.0,34.0,interior,-0.0,-0.0,-0.0,-0.0,-0.0,-0.0
20,20,unloading,0.65,1b01df439effad8d0e2459bcaed32a22ce7bcb7971f565c2eead9df2c465ef46,2825,71.0,34.0,interior,-0.0,-0.0,-0.0,-0.0,-0.0,-0.0
20,20,unloading,0.65,1b01df439effad8d0e2459bcaed32a22ce7bcb7971f565c2eead9df2c465ef46,2826,72.0,34.0,interior,-0.0,-0.0,-0.0,-0.0,-0.0,-0.0
20,20,unloading,0.65,1b01df439effad8d0e2459bcaed32a22ce7bcb7971f565c2eead9df2c465ef46,2827,73.0,34.0,interior,-0.0,-0.0,-0.0,-0.0,-0.0,-0.0
20,20,unloading,0.65,1b01df439effad8d0e2459bcaed32a22ce7bcb7971f565c2eead9df2c465ef46,2828,74.0,34.0,interior,-0.0,-0.0,-0.0,-0.0,-0.0,-0.0
20,20,unloading,0.65,1b01df439effad8d0e2459bcaed32a22ce7bcb7971f565c2eead9df2c465ef46,2829,75.0,34.0,interior,-0.0,-0.0,-0.0,-0.0,-0.0,-0.0
20,20,unloading,0.65,1b01df439effad8d0e2459bcaed32a22ce7bcb7971f565c2eead9df2c465ef46,2830,76.0,34.0,interior,-0.0,-0.0,-0.0,-0.0,-0.0,-0.0
20,20,unloading,0.65,1b01df439effad8d0e2459bcaed32a22ce7bcb7971f565c2eead9df2c465ef46,2831,77.0,34.0,interior,-0.0,-0.0,-0.0,-0.0,-0.0,-0.0
20,20,unloading,0.65,1b01df439effad8d0e2459bcaed32a22ce7bcb7971f565c2eead9df2c465ef46,2832,78.0,34.0,interior,-0.0,-0.0,-0.0,-0.0,-0.0,-0.0
20,20,unloading,0.65,1b01df439effad8d0e2459bcaed32a22ce7bcb7971f565c2eead9df2c465ef46,2833,79.0,34.0,interior,-0.0,-0.0,-0.0,-0.0,-0.0,-0.0
20,20,unloading,0.65,1b01df439effad8d0e2459bcaed32a22ce7bcb7971f565c2eead9df2c465ef46,2834,80.0,34.0,physical_only,-0.0,-0.0,-0.0,-0.0,-0.0,-0.0
20,20,unloading,0.65,1b01df439effad8d0e2459bcaed32a22ce7bcb7971f565c2eead9df2c465ef46,2897,62.0,35.0,physical_only,-2.2060526396302795e-06,-7.76752298138292e-08,-1.5202782018121304e-06,3.095956495456877e-08,-6.857744378181489e-07,-1.0863479476839802e-07
20,20,unloading,0.65,1b01df439effad8d0e2459bcaed32a22ce7bcb7971f565c2eead9df2c465ef46,2898,63.0,35.0,interior,-0.0,-0.0,-0.0,-0.0,-0.0,-0.0
20,20,unloading,0.65,1b01df439effad8d0e2459bcaed32a22ce7bcb7971f565c2eead9df2c465ef46,2899,64.0,35.0,interior,-0.0,-0.0,-0.0,-0.0,-0.0,-0.0
20,20,unloading,0.65,1b01df439effad8d0e2459bcaed32a22ce7bcb7971f565c2eead9df2c465ef46,2900,65.0,35.0,interior,-0.0,-0.0,-0.0,-0.0,-0.0,-0.0
20,20,unloading,0.65,1b01df439effad8d0e2459bcaed32a22ce7bcb7971f565c2eead9df2c465ef46,2901,66.0,35.0,interior,-0.0,-0.0,-0.0,-0.0,-0.0,-0.0
20,20,unloading,0.65,1b01df439effad8d0e2459bcaed32a22ce7bcb7971f565c2eead9df2c465ef46,2902,67.0,35.0,interior,-0.0,-0.0,-0.0,-0.0,-0.0,-0.0
20,20,unloading,0.65,1b01df439effad8d0e2459bcaed32a22ce7bcb7971f565c2eead9df2c465ef46,2903,68.0,35.0,interior,-0.0,-0.0,-0.0,-0.0,-0.0,-0.0
20,20,unloading,0.65,1b01df439effad8d0e2459bcaed32a22ce7bcb7971f565c2eead9df2c465ef46,2904,69.0,35.0,interior,-0.0,-0.0,-0.0,-0.0,-0.0,-0.0
20,20,unloading,0.65,1b01df439effad8d0e2459bcaed32a22ce7bcb7971f565c2eead9df2c465ef46,2905,70.0,35.0,interior,-0.0,-0.0,-0.0,-0.0,-0.0,-0.0
20,20,unloading,0.65,1b01df439effad8d0e2459bcaed32a22ce7bcb7971f565c2eead9df2c465ef46,2906,71.0,35.0,interior,-0.0,-0.0,-0.0,-0.0,-0.0,-0.0
20,20,unloading,0.65,1b01df439effad8d0e2459bcaed32a22ce7bcb7971f565c2eead9df2c465ef46,2907,72.0,35.0,interior,-0.0,-0.0,-0.0,-0.0,-0.0,-0.0
20,20,unloading,0.65,1b01df439effad8d0e2459bcaed32a22ce7bcb7971f565c2eead9df2c465ef46,2908,73.0,35.0,interior,-0.0,-0.0,-0.0,-0.0,-0.0,-0.0
20,20,unloading,0.65,1b01df439effad8d0e2459bcaed32a22ce7bcb7971f565c2eead9df2c465ef46,2909,74.0,35.0,interior,-0.0,-0.0,-0.0,-0.0,-0.0,-0.0
20,20,unloading,0.65,1b01df439effad8d0e2459bcaed32a22ce7bcb7971f565c2eead9df2c465ef46,2910,75.0,35.0,interior,-0.0,-0.0,-0.0,-0.0,-0.0,-0.0
20,20,unloading,0.65,1b01df439effad8d0e2459bcaed32a22ce7bcb7971f565c2eead9df2c465ef46,2911,76.0,35.0,interior,-0.0,-0.0,-0.0,-0.0,-0.0,-0.0
20,20,unloading,0.65,1b01df439effad8d0e2459bcaed32a22ce7bcb7971f565c2eead9df2c465ef46,2912,77.0,35.0,interior,-0.0,-0.0,-0.0,-0.0,-0.0,-0.0
20,20,unloading,0.65,1b01df439effad8d0e2459bcaed32a22ce7bcb7971f565c2eead9df2c465ef46,2913,78.0,35.0,interior,-0.0,-0.0,-0.0,-0.0,-0.0,-0.0
20,20,unloading,0.65,1b01df439effad8d0e2459bcaed32a22ce7bcb7971f565c2eead9df2c465ef46,2914,79.0,35.0,interior,-0.0,-0.0,-0.0,-0.0,-0.0,-0.0
20,20,unloading,0.65,1b01df439effad8d0e2459bcaed32a22ce7bcb7971f565c2eead9df2c465ef46,2915,80.0,35.0,physical_only,-0.0,-0.0,-0.0,-0.0,-0.0,-0.0
20,20,unloading,0.65,1b01df439effad8d0e2459bcaed32a22ce7bcb7971f565c2eead9df2c465ef46,2978,62.0,36.0,physical_only,-2.2636093163078204e-06,1.0359820723641146e-07,-1.5539513574578136e-06,2.567405104192651e-08,-7.096579588500072e-07,7.79241561944851e-08
20,20,unloading,0.65,1b01df439effad8d0e2459bcaed32a22ce7bcb7971f565c2eead9df2c465ef46,2979,63.0,36.0,interior,-0.0,-0.0,-0.0,-0.0,-0.0,-0.0
20,20,unloading,0.65,1b01df439effad8d0e2459bcaed32a22ce7bcb7971f565c2eead9df2c465ef46,2980,64.0,36.0,interior,-0.0,-0.0,-0.0,-0.0,-0.0,-0.0
20,20,unloading,0.65,1b01df439effad8d0e2459bcaed32a22ce7bcb7971f565c2eead9df2c465ef46,2981,65.0,36.0,interior,-0.0,-0.0,-0.0,-0.0,-0.0,-0.0
20,20,unloading,0.65,1b01df439effad8d0e2459bcaed32a22ce7bcb7971f565c2eead9df2c465ef46,2982,66.0,36.0,interior,-0.0,-0.0,-0.0,-0.0,-0.0,-0.0
20,20,unloading,0.65,1b01df439effad8d0e2459bcaed32a22ce7bcb7971f565c2eead9df2c465ef46,2983,67.0,36.0,interior,-0.0,-0.0,-0.0,-0.0,-0.0,-0.0
20,20,unloading,0.65,1b01df439effad8d0e2459bcaed32a22ce7bcb7971f565c2eead9df2c465ef46,2984,68.0,36.0,interior,-0.0,-0.0,-0.0,-0.0,-0.0,-0.0
20,20,unloading,0.65,1b01df439effad8d0e2459bcaed32a22ce7bcb7971f565c2eead9df2c465ef46,2985,69.0,36.0,interior,-0.0,-0.0,-0.0,-0.0,-0.0,-0.0
20,20,unloading,0.65,1b01df439effad8d0e2459bcaed32a22ce7bcb7971f565c2eead9df2c465ef46,2986,70.0,36.0,interior,-0.0,-0.0,-0.0,-0.0,-0.0,-0.0
20,20,unloading,0.65,1b01df439effad8d0e2459bcaed32a22ce7bcb7971f565c2eead9df2c465ef46,2987,71.0,36.0,interior,-0.0,-0.0,-0.0,-0.0,-0.0,-0.0
20,20,unloading,0.65,1b01df439effad8d0e2459bcaed32a22ce7bcb7971f565c2eead9df2c465ef46,2988,72.0,36.0,interior,-0.0,-0.0,-0.0,-0.0,-0.0,-0.0
20,20,unloading,0.65,1b01df439effad8d0e2459bcaed32a22ce7bcb7971f565c2eead9df2c465ef46,2989,73.0,36.0,interior,-0.0,-0.0,-0.0,-0.0,-0.0,-0.0
20,20,unloading,0.65,1b01df439effad8d0e2459bcaed32a22ce7bcb7971f565c2eead9df2c465ef46,2990,74.0,36.0,interior,-0.0,-0.0,-0.0,-0.0,-0.0,-0.0
20,20,unloading,0.65,1b01df439effad8d0e2459bcaed32a22ce7bcb7971f565c2eead9df2c465ef46,2991,75.0,36.0,interior,-0.0,-0.0,-0.0,-0.0,-0.0,-0.0
20,20,unloading,0.65,1b01df439effad8d0e2459bcaed32a22ce7bcb7971f565c2eead9df2c465ef46,2992,76.0,36.0,interior,-0.0,-0.0,-0.0,-0.0,-0.0,-0.0
20,20,unloading,0.65,1b01df439effad8d0e2459bcaed32a22ce7bcb7971f565c2eead9df2c465ef46,2993,77.0,36.0,interior,-0.0,-0.0,-0.0,-0.0,-0.0,-0.0
20,20,unloading,0.65,1b01df439effad8d0e2459bcaed32a22ce7bcb7971f565c2eead9df2c465ef46,2994,78.0,36.0,interior,-0.0,-0.0,-0.0,-0.0,-0.0,-0.0
20,20,unloading,0.65,1b01df439effad8d0e2459bcaed32a22ce7bcb7971f565c2eead9df2c465ef46,2995,79.0,36.0,interior,-0.0,-0.0,-0.0,-0.0,-0.0,-0.0
20,20,unloading,0.65,1b01df439effad8d0e2459bcaed32a22ce7bcb7971f565c2eead9df2c465ef46,2996,80.0,36.0,physical_only,-0.0,-0.0,-0.0,-0.0,-0.0,-0.0
20,20,unloading,0.65,1b01df439effad8d0e2459bcaed32a22ce7bcb7971f565c2eead9df2c465ef46,3059,62.0,37.0,physical_only,-2.38292122782524e-06,1.5847163792768083e-07,-1.5810889376946644e-06,2.012144091202026e-08,-8.018322901305762e-07,1.3835019701566047e-07
20,20,unloading,0.65,1b01df439effad8d0e2459bcaed32a22ce7bcb7971f565c2eead9df2c465ef46,3060,63.0,37.0,interior,-0.0,-0.0,-0.0,-0.0,-0.0,-0.0
20,20,unloading,0.65,1b01df439effad8d0e2459bcaed32a22ce7bcb7971f565c2eead9df2c465ef46,3061,64.0,37.0,interior,-0.0,-0.0,-0.0,-0.0,-0.0,-0.0
20,20,unloading,0.65,1b01df439effad8d0e2459bcaed32a22ce7bcb7971f565c2eead9df2c465ef46,3062,65.0,37.0,interior,-0.0,-0.0,-0.0,-0.0,-0.0,-0.0
20,20,unloading,0.65,1b01df439effad8d0e2459bcaed32a22ce7bcb7971f565c2eead9df2c465ef46,3063,66.0,37.0,interior,-0.0,-0.0,-0.0,-0.0,-0.0,-0.0
20,20,unloading,0.65,1b01df439effad8d0e2459bcaed32a22ce7bcb7971f565c2eead9df2c465ef46,3064,67.0,37.0,interior,-0.0,-0.0,-0.0,-0.0,-0.0,-0.0
20,20,unloading,0.65,1b01df439effad8d0e2459bcaed32a22ce7bcb7971f565c2eead9df2c465ef46,3065,68.0,37.0,interior,-0.0,-0.0,-0.0,-0.0,-0.0,-0.0
20,20,unloading,0.65,1b01df439effad8d0e2459bcaed32a22ce7bcb7971f565c2eead9df2c465ef46,3066,69.0,37.0,interior,-0.0,-0.0,-0.0,-0.0,-0.0,-0.0
20,20,unloading,0.65,1b01df439effad8d0e2459bcaed32a22ce7bcb7971f565c2eead9df2c465ef46,3067,70.0,37.0,interior,-0.0,-0.0,-0.0,-0.0,-0.0,-0.0
20,20,unloading,0.65,1b01df439effad8d0e2459bcaed32a22ce7bcb7971f565c2eead9df2c465ef46,3068,71.0,37.0,interior,-0.0,-0.0,-0.0,-0.0,-0.0,-0.0
20,20,unloading,0.65,1b01df439effad8d0e2459bcaed32a22ce7bcb7971f565c2eead9df2c465ef46,3069,72.0,37.0,interior,-0.0,-0.0,-0.0,-0.0,-0.0,-0.0
20,20,unloading,0.65,1b01df439effad8d0e2459bcaed32a22ce7bcb7971f565c2eead9df2c465ef46,3070,73.0,37.0,interior,-0.0,-0.0,-0.0,-0.0,-0.0,-0.0
20,20,unloading,0.65,1b01df439effad8d0e2459bcaed32a22ce7bcb7971f565c2eead9df2c465ef46,3071,74.0,37.0,interior,-0.0,-0.0,-0.0,-0.0,-0.0,-0.0
20,20,unloading,0.65,1b01df439effad8d0e2459bcaed32a22ce7bcb7971f565c2eead9df2c465ef46,3072,75.0,37.0,interior,-0.0,-0.0,-0.0,-0.0,-0.0,-0.0
20,20,unloading,0.65,1b01df439effad8d0e2459bcaed32a22ce7bcb7971f565c2eead9df2c465ef46,3073,76.0,37.0,interior,-0.0,-0.0,-0.0,-0.0,-0.0,-0.0
20,20,unloading,0.65,1b01df439effad8d0e2459bcaed32a22ce7bcb7971f565c2eead9df2c465ef46,3074,77.0,37.0,interior,-0.0,-0.0,-0.0,-0.0,-0.0,-0.0
20,20,unloading,0.65,1b01df439effad8d0e2459bcaed32a22ce7bcb7971f565c2eead9df2c465ef46,3075,78.0,37.0,interior,-0.0,-0.0,-0.0,-0.0,-0.0,-0.0
20,20,unloading,0.65,1b01df439effad8d0e2459bcaed32a22ce7bcb7971f565c2eead9df2c465ef46,3076,79.0,37.0,interior,-0.0,-0.0,-0.0,-0.0,-0.0,-0.0
20,20,unloading,0.65,1b01df439effad8d0e2459bcaed32a22ce7bcb7971f565c2eead9df2c465ef46,3077,80.0,37.0,physical_only,-0.0,-0.0,-0.0,-0.0,-0.0,-0.0
20,20,unloading,0.65,1b01df439effad8d0e2459bcaed32a22ce7bcb7971f565c2eead9df2c465ef46,3140,62.0,38.0,physical_only,-2.488478757281185e-06,1.3438443107652868e-07,-1.6011726954924253e-06,1.3923902182071348e-08,-8.873060617887596e-07,1.2046052889445739e-07
20,20,unloading,0.65,1b01df439effad8d0e2459bcaed32a22ce7bcb7971f565c2eead9df2c465ef46,3141,63.0,38.0,interior,-0.0,-0.0,-0.0,-0.0,-0.0,-0.0
20,20,unloading,0.65,1b01df439effad8d0e2459bcaed32a22ce7bcb7971f565c2eead9df2c465ef46,3142,64.0,38.0,interior,-0.0,-0.0,-0.0,-0.0,-0.0,-0.0
20,20,unloading,0.65,1b01df439effad8d0e2459bcaed32a22ce7bcb7971f565c2eead9df2c465ef46,3143,65.0,38.0,interior,-0.0,-0.0,-0.0,-0.0,-0.0,-0.0
20,20,unloading,0.65,1b01df439effad8d0e2459bcaed32a22ce7bcb7971f565c2eead9df2c465ef46,3144,66.0,38.0,interior,-0.0,-0.0,-0.0,-0.0,-0.0,-0.0
20,20,unloading,0.65,1b01df439effad8d0e2459bcaed32a22ce7bcb7971f565c2eead9df2c465ef46,3145,67.0,38.0,interior,-0.0,-0.0,-0.0,-0.0,-0.0,-0.0
20,20,unloading,0.65,1b01df439effad8d0e2459bcaed32a22ce7bcb7971f565c2eead9df2c465ef46,3146,68.0,38.0,interior,-0.0,-0.0,-0.0,-0.0,-0.0,-0.0
20,20,unloading,0.65,1b01df439effad8d0e2459bcaed32a22ce7bcb7971f565c2eead9df2c465ef46,3147,69.0,38.0,interior,-0.0,-0.0,-0.0,-0.0,-0.0,-0.0
20,20,unloading,0.65,1b01df439effad8d0e2459bcaed32a22ce7bcb7971f565c2eead9df2c465ef46,3148,70.0,38.0,interior,-0.0,-0.0,-0.0,-0.0,-0.0,-0.0
20,20,unloading,0.65,1b01df439effad8d0e2459bcaed32a22ce7bcb7971f565c2eead9df2c465ef46,3149,71.0,38.0,interior,-0.0,-0.0,-0.0,-0.0,-0.0,-0.0
20,20,unloading,0.65,1b01df439effad8d0e2459bcaed32a22ce7bcb7971f565c2eead9df2c465ef46,3150,72.0,38.0,interior,-0.0,-0.0,-0.0,-0.0,-0.0,-0.0
20,20,unloading,0.65,1b01df439effad8d0e2459bcaed32a22ce7bcb7971f565c2eead9df2c465ef46,3151,73.0,38.0,interior,-0.0,-0.0,-0.0,-0.0,-0.0,-0.0
20,20,unloading,0.65,1b01df439effad8d0e2459bcaed32a22ce7bcb7971f565c2eead9df2c465ef46,3152,74.0,38.0,interior,-0.0,-0.0,-0.0,-0.0,-0.0,-0.0
20,20,unloading,0.65,1b01df439effad8d0e2459bcaed32a22ce7bcb7971f565c2eead9df2c465ef46,3153,75.0,38.0,interior,-0.0,-0.0,-0.0,-0.0,-0.0,-0.0
20,20,unloading,0.65,1b01df439effad8d0e2459bcaed32a22ce7bcb7971f565c2eead9df2c465ef46,3154,76.0,38.0,interior,-0.0,-0.0,-0.0,-0.0,-0.0,-0.0
20,20,unloading,0.65,1b01df439effad8d0e2459bcaed32a22ce7bcb7971f565c2eead9df2c465ef46,3155,77.0,38.0,interior,-0.0,-0.0,-0.0,-0.0,-0.0,-0.0
20,20,unloading,0.65,1b01df439effad8d0e2459bcaed32a22ce7bcb7971f565c2eead9df2c465ef46,3156,78.0,38.0,interior,-0.0,-0.0,-0.0,-0.0,-0.0,-0.0
20,20,unloading,0.65,1b01df439effad8d0e2459bcaed32a22ce7bcb7971f565c2eead9df2c465ef46,3157,79.0,38.0,interior,-0.0,-0.0,-0.0,-0.0,-0.0,-0.0
20,20,unloading,0.65,1b01df439effad8d0e2459bcaed32a22ce7bcb7971f565c2eead9df2c465ef46,3158,80.0,38.0,physical_only,-0.0,-0.0,-0.0,-0.0,-0.0,-0.0
20,20,unloading,0.65,1b01df439effad8d0e2459bcaed32a22ce7bcb7971f565c2eead9df2c465ef46,3221,62.0,39.0,physical_only,-2.5525275632901137e-06,7.320648691038743e-08,-1.6135402847539947e-06,7.129749201242721e-09,-9.389872785361189e-07,6.607673770914455e-08
20,20,unloading,0.65,1b01df439effad8d0e2459bcaed32a22ce7bcb7971f565c2eead9df2c465ef46,3222,63.0,39.0,interior,-0.0,-0.0,-0.0,-0.0,-0.0,-0.0
20,20,unloading,0.65,1b01df439effad8d0e2459bcaed32a22ce7bcb7971f565c2eead9df2c465ef46,3223,64.0,39.0,interior,-0.0,-0.0,-0.0,-0.0,-0.0,-0.0
20,20,unloading,0.65,1b01df439effad8d0e2459bcaed32a22ce7bcb7971f565c2eead9df2c465ef46,3224,65.0,39.0,interior,-0.0,-0.0,-0.0,-0.0,-0.0,-0.0
20,20,unloading,0.65,1b01df439effad8d0e2459bcaed32a22ce7bcb7971f565c2eead9df2c465ef46,3225,66.0,39.0,interior,-0.0,-0.0,-0.0,-0.0,-0.0,-0.0
20,20,unloading,0.65,1b01df439effad8d0e2459bcaed32a22ce7bcb7971f565c2eead9df2c465ef46,3226,67.0,39.0,interior,-0.0,-0.0,-0.0,-0.0,-0.0,-0.0
20,20,unloading,0.65,1b01df439effad8d0e2459bcaed32a22ce7bcb7971f565c2eead9df2c465ef46,3227,68.0,39.0,interior,-0.0,-0.0,-0.0,-0.0,-0.0,-0.0
20,20,unloading,0.65,1b01df439effad8d0e2459bcaed32a22ce7bcb7971f565c2eead9df2c465ef46,3228,69.0,39.0,interior,-0.0,-0.0,-0.0,-0.0,-0.0,-0.0
20,20,unloading,0.65,1b01df439effad8d0e2459bcaed32a22ce7bcb7971f565c2eead9df2c465ef46,3229,70.0,39.0,interior,-0.0,-0.0,-0.0,-0.0,-0.0,-0.0
20,20,unloading,0.65,1b01df439effad8d0e2459bcaed32a22ce7bcb7971f565c2eead9df2c465ef46,3230,71.0,39.0,interior,-0.0,-0.0,-0.0,-0.0,-0.0,-0.0
20,20,unloading,0.65,1b01df439effad8d0e2459bcaed32a22ce7bcb7971f565c2eead9df2c465ef46,3231,72.0,39.0,interior,-0.0,-0.0,-0.0,-0.0,-0.0,-0.0
20,20,unloading,0.65,1b01df439effad8d0e2459bcaed32a22ce7bcb7971f565c2eead9df2c465ef46,3232,73.0,39.0,interior,-0.0,-0.0,-0.0,-0.0,-0.0,-0.0
20,20,unloading,0.65,1b01df439effad8d0e2459bcaed32a22ce7bcb7971f565c2eead9df2c465ef46,3233,74.0,39.0,interior,-0.0,-0.0,-0.0,-0.0,-0.0,-0.0
20,20,unloading,0.65,1b01df439effad8d0e2459bcaed32a22ce7bcb7971f565c2eead9df2c465ef46,3234,75.0,39.0,interior,-0.0,-0.0,-0.0,-0.0,-0.0,-0.0
20,20,unloading,0.65,1b01df439effad8d0e2459bcaed32a22ce7bcb7971f565c2eead9df2c465ef46,3235,76.0,39.0,interior,-0.0,-0.0,-0.0,-0.0,-0.0,-0.0
20,20,unloading,0.65,1b01df439effad8d0e2459bcaed32a22ce7bcb7971f565c2eead9df2c465ef46,3236,77.0,39.0,interior,-0.0,-0.0,-0.0,-0.0,-0.0,-0.0
20,20,unloading,0.65,1b01df439effad8d0e2459bcaed32a22ce7bcb7971f565c2eead9df2c465ef46,3237,78.0,39.0,interior,-0.0,-0.0,-0.0,-0.0,-0.0,-0.0
20,20,unloading,0.65,1b01df439effad8d0e2459bcaed32a22ce7bcb7971f565c2eead9df2c465ef46,3238,79.0,39.0,interior,-0.0,-0.0,-0.0,-0.0,-0.0,-0.0
20,20,unloading,0.65,1b01df439effad8d0e2459bcaed32a22ce7bcb7971f565c2eead9df2c465ef46,3239,80.0,39.0,physical_only,-0.0,-0.0,-0.0,-0.0,-0.0,-0.0
20,20,unloading,0.65,1b01df439effad8d0e2459bcaed32a22ce7bcb7971f565c2eead9df2c465ef46,3302,62.0,40.0,physical_and_cut,-1.2865773542590565e-06,-1.6469177908253942e-06,-8.088590043927896e-07,-3.6233959283296484e-07,-4.777183498662669e-07,-1.2845781979924293e-06
20,20,unloading,0.65,1b01df439effad8d0e2459bcaed32a22ce7bcb7971f565c2eead9df2c465ef46,3303,63.0,40.0,cut_only,-0.0,-0.0,-0.0,-0.0,-0.0,-0.0
20,20,unloading,0.65,1b01df439effad8d0e2459bcaed32a22ce7bcb7971f565c2eead9df2c465ef46,3304,64.0,40.0,cut_only,-0.0,-0.0,-0.0,-0.0,-0.0,-0.0
20,20,unloading,0.65,1b01df439effad8d0e2459bcaed32a22ce7bcb7971f565c2eead9df2c465ef46,3305,65.0,40.0,cut_only,-0.0,-0.0,-0.0,-0.0,-0.0,-0.0
20,20,unloading,0.65,1b01df439effad8d0e2459bcaed32a22ce7bcb7971f565c2eead9df2c465ef46,3306,66.0,40.0,cut_only,-0.0,-0.0,-0.0,-0.0,-0.0,-0.0
20,20,unloading,0.65,1b01df439effad8d0e2459bcaed32a22ce7bcb7971f565c2eead9df2c465ef46,3307,67.0,40.0,cut_only,-0.0,-0.0,-0.0,-0.0,-0.0,-0.0
20,20,unloading,0.65,1b01df439effad8d0e2459bcaed32a22ce7bcb7971f565c2eead9df2c465ef46,3308,68.0,40.0,cut_only,-0.0,-0.0,-0.0,-0.0,-0.0,-0.0
20,20,unloading,0.65,1b01df439effad8d0e2459bcaed32a22ce7bcb7971f565c2eead9df2c465ef46,3309,69.0,40.0,cut_only,-0.0,-0.0,-0.0,-0.0,-0.0,-0.0
20,20,unloading,0.65,1b01df439effad8d0e2459bcaed32a22ce7bcb7971f565c2eead9df2c465ef46,3310,70.0,40.0,cut_only,-0.0,-0.0,-0.0,-0.0,-0.0,-0.0
20,20,unloading,0.65,1b01df439effad8d0e2459bcaed32a22ce7bcb7971f565c2eead9df2c465ef46,3311,71.0,40.0,cut_only,-0.0,-0.0,-0.0,-0.0,-0.0,-0.0
20,20,unloading,0.65,1b01df439effad8d0e2459bcaed32a22ce7bcb7971f565c2eead9df2c465ef46,3312,72.0,40.0,cut_only,-0.0,-0.0,-0.0,-0.0,-0.0,-0.0
20,20,unloading,0.65,1b01df439effad8d0e2459bcaed32a22ce7bcb7971f565c2eead9df2c465ef46,3313,73.0,40.0,cut_only,-0.0,-0.0,-0.0,-0.0,-0.0,-0.0
20,20,unloading,0.65,1b01df439effad8d0e2459bcaed32a22ce7bcb7971f565c2eead9df2c465ef46,3314,74.0,40.0,cut_only,-0.0,-0.0,-0.0,-0.0,-0.0,-0.0
20,20,unloading,0.65,1b01df439effad8d0e2459bcaed32a22ce7bcb7971f565c2eead9df2c465ef46,3315,75.0,40.0,cut_only,-0.0,-0.0,-0.0,-0.0,-0.0,-0.0
20,20,unloading,0.65,1b01df439effad8d0e2459bcaed32a22ce7bcb7971f565c2eead9df2c465ef46,3316,76.0,40.0,cut_only,-0.0,-0.0,-0.0,-0.0,-0.0,-0.0
20,20,unloading,0.65,1b01df439effad8d0e2459bcaed32a22ce7bcb7971f565c2eead9df2c465ef46,3317,77.0,40.0,cut_only,-0.0,-0.0,-0.0,-0.0,-0.0,-0.0
20,20,unloading,0.65,1b01df439effad8d0e2459bcaed32a22ce7bcb7971f565c2eead9df2c465ef46,3318,78.0,40.0,cut_only,-0.0,-0.0,-0.0,-0.0,-0.0,-0.0
20,20,unloading,0.65,1b01df439effad8d0e2459bcaed32a22ce7bcb7971f565c2eead9df2c465ef46,3319,79.0,40.0,cut_only,-0.0,-0.0,-0.0,-0.0,-0.0,-0.0
20,20,unloading,0.65,1b01df439effad8d0e2459bcaed32a22ce7bcb7971f565c2eead9df2c465ef46,3320,80.0,40.0,physical_and_cut,-0.0,-0.0,-0.0,-0.0,-0.0,-0.0
21,21,unloading,0.5,e4779a0525672cea25d000f4fd5083f7fd5922654275f0fff12f2064893347e3,2573,62.0,31.0,physical_only,-0.00023356993902897764,5.363500785634236e-06,-1.7526044099466584e-06,1.6801356317977257e-06,-0.00023181733461903102,3.683365153836514e-06
21,21,unloading,0.5,e4779a0525672cea25d000f4fd5083f7fd5922654275f0fff12f2064893347e3,2574,63.0,31.0,physical_only,-6.352800154538179e-07,-1.1603796106374404e-05,-8.72249726609787e-07,1.8604101046190405e-06,2.369697111559692e-07,-1.346420621099345e-05
21,21,unloading,0.5,e4779a0525672cea25d000f4fd5083f7fd5922654275f0fff12f2064893347e3,2575,64.0,31.0,physical_only,9.97739119668375e-09,-1.455665761939999e-05,-8.824628715336622e-07,2.3223631526773334e-06,8.92440262730346e-07,-1.687902077207732e-05
21,21,unloading,0.5,e4779a0525672cea25d000f4fd5083f7fd5922654275f0fff12f2064893347e3,2576,65.0,31.0,physical_only,5.0283256479636645e-08,-1.8237939399037666e-05,-8.950243743296032e-07,2.8172539145982064e-06,9.4530763080924e-07,-2.10551933136359e-05
21,21,unloading,0.5,e4779a0525672cea25d000f4fd5083f7fd5922654275f0fff12f2064893347e3,2577,66.0,31.0,physical_only,-3.746940494591307e-07,-2.170920982817723e-05,-9.095346235616823e-07,3.3527983359288774e-06,5.348405741025515e-07,-2.5062008164106095e-05
21,21,unloading,0.5,e4779a0525672cea25d000f4fd5083f7fd5922654275f0fff12f2064893347e3,2578,67.0,31.0,physical_only,-8.537459460591623e-07,-2.4794106774523868e-05,-9.249640564669232e-07,3.935257399946296e-06,7.121811040776092e-08,-2.8729364174470164e-05
21,21,unloading,0.5,e4779a0525672cea25d000f4fd5083f7fd5922654275f0fff12f2064893347e3,2579,68.0,31.0,physical_only,-9.098241307664109e-07,-2.805446281839251e-05,-9.407424498032584e-07,4.569738713054156e-06,3.091831903684684e-08,-3.262420153144667e-05
21,21,unloading,0.5,e4779a0525672cea25d000f4fd5083f7fd5922654275f0fff12f2064893347e3,2580,69.0,31.0,physical_only,-1.031978896200027e-06,-3.18077689921783e-05,-9.566916527978884e-07,5.2613177998411476e-06,-7.528724340213857e-08,-3.7069086792019434e-05
21,21,unloading,0.5,e4779a0525672cea25d000f4fd5083f7fd5922654275f0fff12f2064893347e3,2581,70.0,31.0,physical_only,-1.188798251682612e-06,-3.585979175344607e-05,-9.729170257309548e-07,6.0157828709917654e-06,-2.1588122595165665e-07,-4.1875574624437796e-05
21,21,unloading,0.5,e4779a0525672cea25d000f4fd5083f7fd5922654275f0fff12f2064893347e3,2582,71.0,31.0,physical_only,-1.3896977974038572e-06,-4.018972358865123e-05,-9.894347073063132e-07,6.839761167602975e-06,-4.0026309009754426e-07,-4.702948475625415e-05
21,21,unloading,0.5,e4779a0525672cea25d000f4fd5083f7fd5922654275f0fff12f2064893347e3,2583,72.0,31.0,physical_only,-1.6361774953911978e-06,-4.476392753481807e-05,-1.0062776922014202e-06,7.74078283246565e-06,-6.298998031897776e-07,-5.250471036728375e-05
21,21,unloading,0.5,e4779a0525672cea25d000f4fd5083f7fd5922654275f0fff12f2064893347e3,2584,73.0,31.0,physical_only,-2.0229271433426744e-06,-4.920166964966945e-05,-1.0233686677571703e-06,8.727235269814869e-06,-9.995584755855043e-07,-5.7928904919484295e-05
21,21,unloading,0.5,e4779a0525672cea25d000f4fd5083f7fd5922654275f0fff12f2064893347e3,2585,74.0,31.0,physical_only,-1.5736916742667103e-06,-5.375994958951825e-05,-1.0408581571721982e-06,9.808626068589054e-06,-5.328335170945117e-07,-6.356857565810724e-05
21,21,unloading,0.5,e4779a0525672cea25d000f4fd5083f7fd5922654275f0fff12f2064893347e3,2586,75.0,31.0,physical_only,-4.176461710220122e-07,-6.000569404153021e-05,-1.0593862224786032e-06,1.0996928301029839e-05,6.417400514565908e-07,-7.10026223425601e-05
21,21,unloading,0.5,e4779a0525672cea25d000f4fd5083f7fd5922654275f0fff12f2064893347e3,2587,76.0,31.0,physical_only,1.1145674443783772e-06,-6.990940675639327e-05,-1.0804692719419228e-06,1.230971238573558e-05,2.1950367163203004e-06,-8.22191191421288e-05
21,21,unloading,0.5,e4779a0525672cea25d000f4fd5083f7fd5922654275f0fff12f2064893347e3,2588,77.0,31.0,physical_only,1.2459900705586845e-06,-8.19017523115388e-05,-1.105215182751891e-06,1.3772150499868501e-05,2.3512052533105756e-06,-9.567390281140723e-05
21,21,unloading,0.5,e4779a0525672cea25d000f4fd5083f7fd5922654275f0fff12f2064893347e3,2589,78.0,31.0,physical_only,9.865611015327247e-07,-9.464522739158383e-05,-1.1340759758194818e-06,1.5415965467971548e-05,2.1206370773522067e-06,-0.00011006119285955542
21,21,unloading,0.5,e4779a0525672cea25d000f4fd5083f7fd5922654275f0fff12f2064893347e3,2590,79.0,31.0,physical_only,4.906221864504223e-07,-0.00010371668205732881,-1.1661249932747109e-06,1.7276921520357593e-05,1.6567471797251338e-06,-0.00012099360357768654
21,21,unloading,0.5,e4779a0525672cea25d000f4fd5083f7fd5922654275f0fff12f2064893347e3,2591,80.0,31.0,physical_only,-9.674359316493764e-06,0.0010283333620269538,1.8973659232333586e-06,7.286831410157783e-06,-1.1571725239727122e-05,0.001021046530616796
21,21,unloading,0.5,e4779a0525672cea25d000f4fd5083f7fd5922654275f0fff12f2064893347e3,2654,62.0,32.0,physical_only,-3.523203757306474e-06,-1.1539363663681892e-06,-1.116655023624854e-06,5.329323802412648e-08,-2.4065487336816195e-06,-1.2072296043923159e-06
21,21,unloading,0.5,e4779a0525672cea25d000f4fd5083f7fd5922654275f0fff12f2064893347e3,2655,63.0,32.0,interior,-0.0,-0.0,-0.0,-0.0,-0.0,-0.0
21,21,unloading,0.5,e4779a0525672cea25d000f4fd5083f7fd5922654275f0fff12f2064893347e3,2656,64.0,32.0,interior,-0.0,-0.0,-0.0,-0.0,-0.0,-0.0
21,21,unloading,0.5,e4779a0525672cea25d000f4fd5083f7fd5922654275f0fff12f2064893347e3,2657,65.0,32.0,interior,-0.0,-0.0,-0.0,-0.0,-0.0,-0.0
21,21,unloading,0.5,e4779a0525672cea25d000f4fd5083f7fd5922654275f0fff12f2064893347e3,2658,66.0,32.0,interior,-0.0,-0.0,-0.0,-0.0,-0.0,-0.0
21,21,unloading,0.5,e4779a0525672cea25d000f4fd5083f7fd5922654275f0fff12f2064893347e3,2659,67.0,32.0,interior,-0.0,-0.0,-0.0,-0.0,-0.0,-0.0
21,21,unloading,0.5,e4779a0525672cea25d000f4fd5083f7fd5922654275f0fff12f2064893347e3,2660,68.0,32.0,interior,-0.0,-0.0,-0.0,-0.0,-0.0,-0.0
21,21,unloading,0.5,e4779a0525672cea25d000f4fd5083f7fd5922654275f0fff12f2064893347e3,2661,69.0,32.0,interior,-0.0,-0.0,-0.0,-0.0,-0.0,-0.0
21,21,unloading,0.5,e4779a0525672cea25d000f4fd5083f7fd5922654275f0fff12f2064893347e3,2662,70.0,32.0,interior,-0.0,-0.0,-0.0,-0.0,-0.0,-0.0
21,21,unloading,0.5,e4779a0525672cea25d000f4fd5083f7fd5922654275f0fff12f2064893347e3,2663,71.0,32.0,interior,-0.0,-0.0,-0.0,-0.0,-0.0,-0.0
21,21,unloading,0.5,e4779a0525672cea25d000f4fd5083f7fd5922654275f0fff12f2064893347e3,2664,72.0,32.0,interior,-0.0,-0.0,-0.0,-0.0,-0.0,-0.0
21,21,unloading,0.5,e4779a0525672cea25d000f4fd5083f7fd5922654275f0fff12f2064893347e3,2665,73.0,32.0,interior,-0.0,-0.0,-0.0,-0.0,-0.0,-0.0
21,21,unloading,0.5,e4779a0525672cea25d000f4fd5083f7fd5922654275f0fff12f2064893347e3,2666,74.0,32.0,interior,-0.0,-0.0,-0.0,-0.0,-0.0,-0.0
21,21,unloading,0.5,e4779a0525672cea25d000f4fd5083f7fd5922654275f0fff12f2064893347e3,2667,75.0,32.0,interior,-0.0,-0.0,-0.0,-0.0,-0.0,-0.0
21,21,unloading,0.5,e4779a0525672cea25d000f4fd5083f7fd5922654275f0fff12f2064893347e3,2668,76.0,32.0,interior,-0.0,-0.0,-0.0,-0.0,-0.0,-0.0
21,21,unloading,0.5,e4779a0525672cea25d000f4fd5083f7fd5922654275f0fff12f2064893347e3,2669,77.0,32.0,interior,-0.0,-0.0,-0.0,-0.0,-0.0,-0.0
21,21,unloading,0.5,e4779a0525672cea25d000f4fd5083f7fd5922654275f0fff12f2064893347e3,2670,78.0,32.0,interior,-0.0,-0.0,-0.0,-0.0,-0.0,-0.0
21,21,unloading,0.5,e4779a0525672cea25d000f4fd5083f7fd5922654275f0fff12f2064893347e3,2671,79.0,32.0,interior,-0.0,-0.0,-0.0,-0.0,-0.0,-0.0
21,21,unloading,0.5,e4779a0525672cea25d000f4fd5083f7fd5922654275f0fff12f2064893347e3,2672,80.0,32.0,physical_only,-0.0,-0.0,-0.0,-0.0,-0.0,-0.0
21,21,unloading,0.5,e4779a0525672cea25d000f4fd5083f7fd5922654275f0fff12f2064893347e3,2735,62.0,33.0,physical_only,-2.4173109600852827e-06,-7.946980027627679e-07,-1.165073914525174e-06,4.128401161041795e-08,-1.2522370455601082e-06,-8.359820143731859e-07
21,21,unloading,0.5,e4779a0525672cea25d000f4fd5083f7fd5922654275f0fff12f2064893347e3,2736,63.0,33.0,interior,-0.0,-0.0,-0.0,-0.0,-0.0,-0.0
21,21,unloading,0.5,e4779a0525672cea25d000f4fd5083f7fd5922654275f0fff12f2064893347e3,2737,64.0,33.0,interior,-0.0,-0.0,-0.0,-0.0,-0.0,-0.0
21,21,unloading,0.5,e4779a0525672cea25d000f4fd5083f7fd5922654275f0fff12f2064893347e3,2738,65.0,33.0,interior,-0.0,-0.0,-0.0,-0.0,-0.0,-0.0
21,21,unloading,0.5,e4779a0525672cea25d000f4fd5083f7fd5922654275f0fff12f2064893347e3,2739,66.0,33.0,interior,-0.0,-0.0,-0.0,-0.0,-0.0,-0.0
21,21,unloading,0.5,e4779a0525672cea25d000f4fd5083f7fd5922654275f0fff12f2064893347e3,2740,67.0,33.0,interior,-0.0,-0.0,-0.0,-0.0,-0.0,-0.0
21,21,unloading,0.5,e4779a0525672cea25d000f4fd5083f7fd5922654275f0fff12f2064893347e3,2741,68.0,33.0,interior,-0.0,-0.0,-0.0,-0.0,-0.0,-0.0
21,21,unloading,0.5,e4779a0525672cea25d000f4fd5083f7fd5922654275f0fff12f2064893347e3,2742,69.0,33.0,interior,-0.0,-0.0,-0.0,-0.0,-0.0,-0.0
21,21,unloading,0.5,e4779a0525672cea25d000f4fd5083f7fd5922654275f0fff12f2064893347e3,2743,70.0,33.0,interior,-0.0,-0.0,-0.0,-0.0,-0.0,-0.0
21,21,unloading,0.5,e4779a0525672cea25d000f4fd5083f7fd5922654275f0fff12f2064893347e3,2744,71.0,33.0,interior,-0.0,-0.0,-0.0,-0.0,-0.0,-0.0
21,21,unloading,0.5,e4779a0525672cea25d000f4fd5083f7fd5922654275f0fff12f2064893347e3,2745,72.0,33.0,interior,-0.0,-0.0,-0.0,-0.0,-0.0,-0.0
21,21,unloading,0.5,e4779a0525672cea25d000f4fd5083f7fd5922654275f0fff12f2064893347e3,2746,73.0,33.0,interior,-0.0,-0.0,-0.0,-0.0,-0.0,-0.0
21,21,unloading,0.5,e4779a0525672cea25d000f4fd5083f7fd5922654275f0fff12f2064893347e3,2747,74.0,33.0,interior,-0.0,-0.0,-0.0,-0.0,-0.0,-0.0
21,21,unloading,0.5,e4779a0525672cea25d000f4fd5083f7fd5922654275f0fff12f2064893347e3,2748,75.0,33.0,interior,-0.0,-0.0,-0.0,-0.0,-0.0,-0.0
21,21,unloading,0.5,e4779a0525672cea25d000f4fd5083f7fd5922654275f0fff12f2064893347e3,2749,76.0,33.0,interior,-0.0,-0.0,-0.0,-0.0,-0.0,-0.0
21,21,unloading,0.5,e4779a0525672cea25d000f4fd5083f7fd5922654275f0fff12f2064893347e3,2750,77.0,33.0,interior,-0.0,-0.0,-0.0,-0.0,-0.0,-0.0
21,21,unloading,0.5,e4779a0525672cea25d000f4fd5083f7fd5922654275f0fff12f2064893347e3,2751,78.0,33.0,interior,-0.0,-0.0,-0.0,-0.0,-0.0,-0.0
21,21,unloading,0.5,e4779a0525672cea25d000f4fd5083f7fd5922654275f0fff12f2064893347e3,2752,79.0,33.0,interior,-0.0,-0.0,-0.0,-0.0,-0.0,-0.0
21,21,unloading,0.5,e4779a0525672cea25d000f4fd5083f7fd5922654275f0fff12f2064893347e3,2753,80.0,33.0,physical_only,-0.0,-0.0,-0.0,-0.0,-0.0,-0.0
21,21,unloading,0.5,e4779a0525672cea25d000f4fd5083f7fd5922654275f0fff12f2064893347e3,2816,62.0,34.0,physical_only,-1.9003312634089228e-06,-3.929364343663281e-07,-1.2021255954295985e-06,3.3520879696058176e-08,-6.982056679793241e-07,-4.264573140623861e-07
21,21,unloading,0.5,e4779a0525672cea25d000f4fd5083f7fd5922654275f0fff12f2064893347e3,2817,63.0,34.0,interior,-0.0,-0.0,-0.0,-0.0,-0.0,-0.0
21,21,unloading,0.5,e4779a0525672cea25d000f4fd5083f7fd5922654275f0fff12f2064893347e3,2818,64.0,34.0,interior,-0.0,-0.0,-0.0,-0.0,-0.0,-0.0
21,21,unloading,0.5,e4779a0525672cea25d000f4fd5083f7fd5922654275f0fff12f2064893347e3,2819,65.0,34.0,interior,-0.0,-0.0,-0.0,-0.0,-0.0,-0.0
21,21,unloading,0.5,e4779a0525672cea25d000f4fd5083f7fd5922654275f0fff12f2064893347e3,2820,66.0,34.0,interior,-0.0,-0.0,-0.0,-0.0,-0.0,-0.0
21,21,unloading,0.5,e4779a0525672cea25d000f4fd5083f7fd5922654275f0fff12f2064893347e3,2821,67.0,34.0,interior,-0.0,-0.0,-0.0,-0.0,-0.0,-0.0
21,21,unloading,0.5,e4779a0525672cea25d000f4fd5083f7fd5922654275f0fff12f2064893347e3,2822,68.0,34.0,interior,-0.0,-0.0,-0.0,-0.0,-0.0,-0.0
21,21,unloading,0.5,e4779a0525672cea25d000f4fd5083f7fd5922654275f0fff12f2064893347e3,2823,69.0,34.0,interior,-0.0,-0.0,-0.0,-0.0,-0.0,-0.0
21,21,unloading,0.5,e4779a0525672cea25d000f4fd5083f7fd5922654275f0fff12f2064893347e3,2824,70.0,34.0,interior,-0.0,-0.0,-0.0,-0.0,-0.0,-0.0
21,21,unloading,0.5,e4779a0525672cea25d000f4fd5083f7fd5922654275f0fff12f2064893347e3,2825,71.0,34.0,interior,-0.0,-0.0,-0.0,-0.0,-0.0,-0.0
21,21,unloading,0.5,e4779a0525672cea25d000f4fd5083f7fd5922654275f0fff12f2064893347e3,2826,72.0,34.0,interior,-0.0,-0.0,-0.0,-0.0,-0.0,-0.0
21,21,unloading,0.5,e4779a0525672cea25d000f4fd5083f7fd5922654275f0fff12f2064893347e3,2827,73.0,34.0,interior,-0.0,-0.0,-0.0,-0.0,-0.0,-0.0
21,21,unloading,0.5,e4779a0525672cea25d000f4fd5083f7fd5922654275f0fff12f2064893347e3,2828,74.0,34.0,interior,-0.0,-0.0,-0.0,-0.0,-0.0,-0.0
21,21,unloading,0.5,e4779a0525672cea25d000f4fd5083f7fd5922654275f0fff12f2064893347e3,2829,75.0,34.0,interior,-0.0,-0.0,-0.0,-0.0,-0.0,-0.0
21,21,unloading,0.5,e4779a0525672cea25d000f4fd5083f7fd5922654275f0fff12f2064893347e3,2830,76.0,34.0,interior,-0.0,-0.0,-0.0,-0.0,-0.0,-0.0
21,21,unloading,0.5,e4779a0525672cea25d000f4fd5083f7fd5922654275f0fff12f2064893347e3,2831,77.0,34.0,interior,-0.0,-0.0,-0.0,-0.0,-0.0,-0.0
21,21,unloading,0.5,e4779a0525672cea25d000f4fd5083f7fd5922654275f0fff12f2064893347e3,2832,78.0,34.0,interior,-0.0,-0.0,-0.0,-0.0,-0.0,-0.0
21,21,unloading,0.5,e4779a0525672cea25d000f4fd5083f7fd5922654275f0fff12f2064893347e3,2833,79.0,34.0,interior,-0.0,-0.0,-0.0,-0.0,-0.0,-0.0
21,21,unloading,0.5,e4779a0525672cea25d000f4fd5083f7fd5922654275f0fff12f2064893347e3,2834,80.0,34.0,physical_only,-0.0,-0.0,-0.0,-0.0,-0.0,-0.0
21,21,unloading,0.5,e4779a0525672cea25d000f4fd5083f7fd5922654275f0fff12f2064893347e3,2897,62.0,35.0,physical_only,-1.7565244281940456e-06,-7.876128763548399e-08,-1.232271522056563e-06,2.7961767247377346e-08,-5.242529061374822e-07,-1.0672305488286134e-07
21,21,unloading,0.5,e4779a0525672cea25d000f4fd5083f7fd5922654275f0fff12f2064893347e3,2898,63.0,35.0,interior,-0.0,-0.0,-0.0,-0.0,-0.0,-0.0
21,21,unloading,0.5,e4779a0525672cea25d000f4fd5083f7fd5922654275f0fff12f2064893347e3,2899,64.0,35.0,interior,-0.0,-0.0,-0.0,-0.0,-0.0,-0.0
21,21,unloading,0.5,e4779a0525672cea25d000f4fd5083f7fd5922654275f0fff12f2064893347e3,2900,65.0,35.0,interior,-0.0,-0.0,-0.0,-0.0,-0.0,-0.0
21,21,unloading,0.5,e4779a0525672cea25d000f4fd5083f7fd5922654275f0fff12f2064893347e3,2901,66.0,35.0,interior,-0.0,-0.0,-0.0,-0.0,-0.0,-0.0
21,21,unloading,0.5,e4779a0525672cea25d000f4fd5083f7fd5922654275f0fff12f2064893347e3,2902,67.0,35.0,interior,-0.0,-0.0,-0.0,-0.0,-0.0,-0.0
21,21,unloading,0.5,e4779a0525672cea25d000f4fd5083f7fd5922654275f0fff12f2064893347e3,2903,68.0,35.0,interior,-0.0,-0.0,-0.0,-0.0,-0.0,-0.0
21,21,unloading,0.5,e4779a0525672cea25d000f4fd5083f7fd5922654275f0fff12f2064893347e3,2904,69.0,35.0,interior,-0.0,-0.0,-0.0,-0.0,-0.0,-0.0
21,21,unloading,0.5,e4779a0525672cea25d000f4fd5083f7fd5922654275f0fff12f2064893347e3,2905,70.0,35.0,interior,-0.0,-0.0,-0.0,-0.0,-0.0,-0.0
21,21,unloading,0.5,e4779a0525672cea25d000f4fd5083f7fd5922654275f0fff12f2064893347e3,2906,71.0,35.0,interior,-0.0,-0.0,-0.0,-0.0,-0.0,-0.0
21,21,unloading,0.5,e4779a0525672cea25d000f4fd5083f7fd5922654275f0fff12f2064893347e3,2907,72.0,35.0,interior,-0.0,-0.0,-0.0,-0.0,-0.0,-0.0
21,21,unloading,0.5,e4779a0525672cea25d000f4fd5083f7fd5922654275f0fff12f2064893347e3,2908,73.0,35.0,interior,-0.0,-0.0,-0.0,-0.0,-0.0,-0.0
21,21,unloading,0.5,e4779a0525672cea25d000f4fd5083f7fd5922654275f0fff12f2064893347e3,2909,74.0,35.0,interior,-0.0,-0.0,-0.0,-0.0,-0.0,-0.0
21,21,unloading,0.5,e4779a0525672cea25d000f4fd5083f7fd5922654275f0fff12f2064893347e3,2910,75.0,35.0,interior,-0.0,-0.0,-0.0,-0.0,-0.0,-0.0
21,21,unloading,0.5,e4779a0525672cea25d000f4fd5083f7fd5922654275f0fff12f2064893347e3,2911,76.0,35.0,interior,-0.0,-0.0,-0.0,-0.0,-0.0,-0.0
21,21,unloading,0.5,e4779a0525672cea25d000f4fd5083f7fd5922654275f0fff12f2064893347e3,2912,77.0,35.0,interior,-0.0,-0.0,-0.0,-0.0,-0.0,-0.0
21,21,unloading,0.5,e4779a0525672cea25d000f4fd5083f7fd5922654275f0fff12f2064893347e3,2913,78.0,35.0,interior,-0.0,-0.0,-0.0,-0.0,-0.0,-0.0
21,21,unloading,0.5,e4779a0525672cea25d000f4fd5083f7fd5922654275f0fff12f2064893347e3,2914,79.0,35.0,interior,-0.0,-0.0,-0.0,-0.0,-0.0,-0.0
21,21,unloading,0.5,e4779a0525672cea25d000f4fd5083f7fd5922654275f0fff12f2064893347e3,2915,80.0,35.0,physical_only,-0.0,-0.0,-0.0,-0.0,-0.0,-0.0
21,21,unloading,0.5,e4779a0525672cea25d000f4fd5083f7fd5922654275f0fff12f2064893347e3,2978,62.0,36.0,physical_only,-1.8115292828815056e-06,8.992538042214167e-08,-1.2573628902525262e-06,2.3090877227680744e-08,-5.541663926289798e-07,6.683450319446082e-08
21,21,unloading,0.5,e4779a0525672cea25d000f4fd5083f7fd5922654275f0fff12f2064893347e3,2979,63.0,36.0,interior,-0.0,-0.0,-0.0,-0.0,-0.0,-0.0
21,21,unloading,0.5,e4779a0525672cea25d000f4fd5083f7fd5922654275f0fff12f2064893347e3,2980,64.0,36.0,interior,-0.0,-0.0,-0.0,-0.0,-0.0,-0.0
21,21,unloading,0.5,e4779a0525672cea25d000f4fd5083f7fd5922654275f0fff12f2064893347e3,2981,65.0,36.0,interior,-0.0,-0.0,-0.0,-0.0,-0.0,-0.0
21,21,unloading,0.5,e4779a0525672cea25d000f4fd5083f7fd5922654275f0fff12f2064893347e3,2982,66.0,36.0,interior,-0.0,-0.0,-0.0,-0.0,-0.0,-0.0
21,21,unloading,0.5,e4779a0525672cea25d000f4fd5083f7fd5922654275f0fff12f2064893347e3,2983,67.0,36.0,interior,-0.0,-0.0,-0.0,-0.0,-0.0,-0.0
21,21,unloading,0.5,e4779a0525672cea25d000f4fd5083f7fd5922654275f0fff12f2064893347e3,2984,68.0,36.0,interior,-0.0,-0.0,-0.0,-0.0,-0.0,-0.0
21,21,unloading,0.5,e4779a0525672cea25d000f4fd5083f7fd5922654275f0fff12f2064893347e3,2985,69.0,36.0,interior,-0.0,-0.0,-0.0,-0.0,-0.0,-0.0
21,21,unloading,0.5,e4779a0525672cea25d000f4fd5083f7fd5922654275f0fff12f2064893347e3,2986,70.0,36.0,interior,-0.0,-0.0,-0.0,-0.0,-0.0,-0.0
21,21,unloading,0.5,e4779a0525672cea25d000f4fd5083f7fd5922654275f0fff12f2064893347e3,2987,71.0,36.0,interior,-0.0,-0.0,-0.0,-0.0,-0.0,-0.0
21,21,unloading,0.5,e4779a0525672cea25d000f4fd5083f7fd5922654275f0fff12f2064893347e3,2988,72.0,36.0,interior,-0.0,-0.0,-0.0,-0.0,-0.0,-0.0
21,21,unloading,0.5,e4779a0525672cea25d000f4fd5083f7fd5922654275f0fff12f2064893347e3,2989,73.0,36.0,interior,-0.0,-0.0,-0.0,-0.0,-0.0,-0.0
21,21,unloading,0.5,e4779a0525672cea25d000f4fd5083f7fd5922654275f0fff12f2064893347e3,2990,74.0,36.0,interior,-0.0,-0.0,-0.0,-0.0,-0.0,-0.0
21,21,unloading,0.5,e4779a0525672cea25d000f4fd5083f7fd5922654275f0fff12f2064893347e3,2991,75.0,36.0,interior,-0.0,-0.0,-0.0,-0.0,-0.0,-0.0
21,21,unloading,0.5,e4779a0525672cea25d000f4fd5083f7fd5922654275f0fff12f2064893347e3,2992,76.0,36.0,interior,-0.0,-0.0,-0.0,-0.0,-0.0,-0.0
21,21,unloading,0.5,e4779a0525672cea25d000f4fd5083f7fd5922654275f0fff12f2064893347e3,2993,77.0,36.0,interior,-0.0,-0.0,-0.0,-0.0,-0.0,-0.0
21,21,unloading,0.5,e4779a0525672cea25d000f4fd5083f7fd5922654275f0fff12f2064893347e3,2994,78.0,36.0,interior,-0.0,-0.0,-0.0,-0.0,-0.0,-0.0
21,21,unloading,0.5,e4779a0525672cea25d000f4fd5083f7fd5922654275f0fff12f2064893347e3,2995,79.0,36.0,interior,-0.0,-0.0,-0.0,-0.0,-0.0,-0.0
21,21,unloading,0.5,e4779a0525672cea25d000f4fd5083f7fd5922654275f0fff12f2064893347e3,2996,80.0,36.0,physical_only,-0.0,-0.0,-0.0,-0.0,-0.0,-0.0
21,21,unloading,0.5,e4779a0525672cea25d000f4fd5083f7fd5922654275f0fff12f2064893347e3,3059,62.0,37.0,physical_only,-1.9238283092644795e-06,1.4262560646064134e-07,-1.2776740810677884e-06,1.801504579688825e-08,-6.46154228196691e-07,1.2461056066375304e-07
21,21,unloading,0.5,e4779a0525672cea25d000f4fd5083f7fd5922654275f0fff12f2064893347e3,3060,63.0,37.0,interior,-0.0,-0.0,-0.0,-0.0,-0.0,-0.0
21,21,unloading,0.5,e4779a0525672cea25d000f4fd5083f7fd5922654275f0fff12f2064893347e3,3061,64.0,37.0,interior,-0.0,-0.0,-0.0,-0.0,-0.0,-0.0
21,21,unloading,0.5,e4779a0525672cea25d000f4fd5083f7fd5922654275f0fff12f2064893347e3,3062,65.0,37.0,interior,-0.0,-0.0,-0.0,-0.0,-0.0,-0.0
21,21,unloading,0.5,e4779a0525672cea25d000f4fd5083f7fd5922654275f0fff12f2064893347e3,3063,66.0,37.0,interior,-0.0,-0.0,-0.0,-0.0,-0.0,-0.0
21,21,unloading,0.5,e4779a0525672cea25d000f4fd5083f7fd5922654275f0fff12f2064893347e3,3064,67.0,37.0,interior,-0.0,-0.0,-0.0,-0.0,-0.0,-0.0
21,21,unloading,0.5,e4779a0525672cea25d000f4fd5083f7fd5922654275f0fff12f2064893347e3,3065,68.0,37.0,interior,-0.0,-0.0,-0.0,-0.0,-0.0,-0.0
21,21,unloading,0.5,e4779a0525672cea25d000f4fd5083f7fd5922654275f0fff12f2064893347e3,3066,69.0,37.0,interior,-0.0,-0.0,-0.0,-0.0,-0.0,-0.0
21,21,unloading,0.5,e4779a0525672cea25d000f4fd5083f7fd5922654275f0fff12f2064893347e3,3067,70.0,37.0,interior,-0.0,-0.0,-0.0,-0.0,-0.0,-0.0
21,21,unloading,0.5,e4779a0525672cea25d000f4fd5083f7fd5922654275f0fff12f2064893347e3,3068,71.0,37.0,interior,-0.0,-0.0,-0.0,-0.0,-0.0,-0.0
21,21,unloading,0.5,e4779a0525672cea25d000f4fd5083f7fd5922654275f0fff12f2064893347e3,3069,72.0,37.0,interior,-0.0,-0.0,-0.0,-0.0,-0.0,-0.0
21,21,unloading,0.5,e4779a0525672cea25d000f4fd5083f7fd5922654275f0fff12f2064893347e3,3070,73.0,37.0,interior,-0.0,-0.0,-0.0,-0.0,-0.0,-0.0
21,21,unloading,0.5,e4779a0525672cea25d000f4fd5083f7fd5922654275f0fff12f2064893347e3,3071,74.0,37.0,interior,-0.0,-0.0,-0.0,-0.0,-0.0,-0.0
21,21,unloading,0.5,e4779a0525672cea25d000f4fd5083f7fd5922654275f0fff12f2064893347e3,3072,75.0,37.0,interior,-0.0,-0.0,-0.0,-0.0,-0.0,-0.0
21,21,unloading,0.5,e4779a0525672cea25d000f4fd5083f7fd5922654275f0fff12f2064893347e3,3073,76.0,37.0,interior,-0.0,-0.0,-0.0,-0.0,-0.0,-0.0
21,21,unloading,0.5,e4779a0525672cea25d000f4fd5083f7fd5922654275f0fff12f2064893347e3,3074,77.0,37.0,interior,-0.0,-0.0,-0.0,-0.0,-0.0,-0.0
21,21,unloading,0.5,e4779a0525672cea25d000f4fd5083f7fd5922654275f0fff12f2064893347e3,3075,78.0,37.0,interior,-0.0,-0.0,-0.0,-0.0,-0.0,-0.0
21,21,unloading,0.5,e4779a0525672cea25d000f4fd5083f7fd5922654275f0fff12f2064893347e3,3076,79.0,37.0,interior,-0.0,-0.0,-0.0,-0.0,-0.0,-0.0
21,21,unloading,0.5,e4779a0525672cea25d000f4fd5083f7fd5922654275f0fff12f2064893347e3,3077,80.0,37.0,physical_only,-0.0,-0.0,-0.0,-0.0,-0.0,-0.0
21,21,unloading,0.5,e4779a0525672cea25d000f4fd5083f7fd5922654275f0fff12f2064893347e3,3140,62.0,38.0,physical_only,-2.0234716886668284e-06,1.2208112983763799e-07,-1.2927696193400335e-06,1.2420987022952298e-08,-7.307020693267949e-07,1.0966014281468585e-07
21,21,unloading,0.5,e4779a0525672cea25d000f4fd5083f7fd5922654275f0fff12f2064893347e3,3141,63.0,38.0,interior,-0.0,-0.0,-0.0,-0.0,-0.0,-0.0
21,21,unloading,0.5,e4779a0525672cea25d000f4fd5083f7fd5922654275f0fff12f2064893347e3,3142,64.0,38.0,interior,-0.0,-0.0,-0.0,-0.0,-0.0,-0.0
21,21,unloading,0.5,e4779a0525672cea25d000f4fd5083f7fd5922654275f0fff12f2064893347e3,3143,65.0,38.0,interior,-0.0,-0.0,-0.0,-0.0,-0.0,-0.0
21,21,unloading,0.5,e4779a0525672cea25d000f4fd5083f7fd5922654275f0fff12f2064893347e3,3144,66.0,38.0,interior,-0.0,-0.0,-0.0,-0.0,-0.0,-0.0
21,21,unloading,0.5,e4779a0525672cea25d000f4fd5083f7fd5922654275f0fff12f2064893347e3,3145,67.0,38.0,interior,-0.0,-0.0,-0.0,-0.0,-0.0,-0.0
21,21,unloading,0.5,e4779a0525672cea25d000f4fd5083f7fd5922654275f0fff12f2064893347e3,3146,68.0,38.0,interior,-0.0,-0.0,-0.0,-0.0,-0.0,-0.0
21,21,unloading,0.5,e4779a0525672cea25d000f4fd5083f7fd5922654275f0fff12f2064893347e3,3147,69.0,38.0,interior,-0.0,-0.0,-0.0,-0.0,-0.0,-0.0
21,21,unloading,0.5,e4779a0525672cea25d000f4fd5083f7fd5922654275f0fff12f2064893347e3,3148,70.0,38.0,interior,-0.0,-0.0,-0.0,-0.0,-0.0,-0.0
21,21,unloading,0.5,e4779a0525672cea25d000f4fd5083f7fd5922654275f0fff12f2064893347e3,3149,71.0,38.0,interior,-0.0,-0.0,-0.0,-0.0,-0.0,-0.0
21,21,unloading,0.5,e4779a0525672cea25d000f4fd5083f7fd5922654275f0fff12f2064893347e3,3150,72.0,38.0,interior,-0.0,-0.0,-0.0,-0.0,-0.0,-0.0
21,21,unloading,0.5,e4779a0525672cea25d000f4fd5083f7fd5922654275f0fff12f2064893347e3,3151,73.0,38.0,interior,-0.0,-0.0,-0.0,-0.0,-0.0,-0.0
21,21,unloading,0.5,e4779a0525672cea25d000f4fd5083f7fd5922654275f0fff12f2064893347e3,3152,74.0,38.0,interior,-0.0,-0.0,-0.0,-0.0,-0.0,-0.0
21,21,unloading,0.5,e4779a0525672cea25d000f4fd5083f7fd5922654275f0fff12f2064893347e3,3153,75.0,38.0,interior,-0.0,-0.0,-0.0,-0.0,-0.0,-0.0
21,21,unloading,0.5,e4779a0525672cea25d000f4fd5083f7fd5922654275f0fff12f2064893347e3,3154,76.0,38.0,interior,-0.0,-0.0,-0.0,-0.0,-0.0,-0.0
21,21,unloading,0.5,e4779a0525672cea25d000f4fd5083f7fd5922654275f0fff12f2064893347e3,3155,77.0,38.0,interior,-0.0,-0.0,-0.0,-0.0,-0.0,-0.0
21,21,unloading,0.5,e4779a0525672cea25d000f4fd5083f7fd5922654275f0fff12f2064893347e3,3156,78.0,38.0,interior,-0.0,-0.0,-0.0,-0.0,-0.0,-0.0
21,21,unloading,0.5,e4779a0525672cea25d000f4fd5083f7fd5922654275f0fff12f2064893347e3,3157,79.0,38.0,interior,-0.0,-0.0,-0.0,-0.0,-0.0,-0.0
21,21,unloading,0.5,e4779a0525672cea25d000f4fd5083f7fd5922654275f0fff12f2064893347e3,3158,80.0,38.0,physical_only,-0.0,-0.0,-0.0,-0.0,-0.0,-0.0
21,21,unloading,0.5,e4779a0525672cea25d000f4fd5083f7fd5922654275f0fff12f2064893347e3,3221,62.0,39.0,physical_only,-2.0842102871312046e-06,6.675569080895048e-08,-1.302093129541602e-06,6.345804702307548e-09,-7.821171575896027e-07,6.040988610664288e-08
21,21,unloading,0.5,e4779a0525672cea25d000f4fd5083f7fd5922654275f0fff12f2064893347e3,3222,63.0,39.0,interior,-0.0,-0.0,-0.0,-0.0,-0.0,-0.0
21,21,unloading,0.5,e4779a0525672cea25d000f4fd5083f7fd5922654275f0fff12f2064893347e3,3223,64.0,39.0,interior,-0.0,-0.0,-0.0,-0.0,-0.0,-0.0
21,21,unloading,0.5,e4779a0525672cea25d000f4fd5083f7fd5922654275f0fff12f2064893347e3,3224,65.0,39.0,interior,-0.0,-0.0,-0.0,-0.0,-0.0,-0.0
21,21,unloading,0.5,e4779a0525672cea25d000f4fd5083f7fd5922654275f0fff12f2064893347e3,3225,66.0,39.0,interior,-0.0,-0.0,-0.0,-0.0,-0.0,-0.0
21,21,unloading,0.5,e4779a0525672cea25d000f4fd5083f7fd5922654275f0fff12f2064893347e3,3226,67.0,39.0,interior,-0.0,-0.0,-0.0,-0.0,-0.0,-0.0
21,21,unloading,0.5,e4779a0525672cea25d000f4fd5083f7fd5922654275f0fff12f2064893347e3,3227,68.0,39.0,interior,-0.0,-0.0,-0.0,-0.0,-0.0,-0.0
21,21,unloading,0.5,e4779a0525672cea25d000f4fd5083f7fd5922654275f0fff12f2064893347e3,3228,69.0,39.0,interior,-0.0,-0.0,-0.0,-0.0,-0.0,-0.0
21,21,unloading,0.5,e4779a0525672cea25d000f4fd5083f7fd5922654275f0fff12f2064893347e3,3229,70.0,39.0,interior,-0.0,-0.0,-0.0,-0.0,-0.0,-0.0
21,21,unloading,0.5,e4779a0525672cea25d000f4fd5083f7fd5922654275f0fff12f2064893347e3,3230,71.0,39.0,interior,-0.0,-0.0,-0.0,-0.0,-0.0,-0.0
21,21,unloading,0.5,e4779a0525672cea25d000f4fd5083f7fd5922654275f0fff12f2064893347e3,3231,72.0,39.0,interior,-0.0,-0.0,-0.0,-0.0,-0.0,-0.0
21,21,unloading,0.5,e4779a0525672cea25d000f4fd5083f7fd5922654275f0fff12f2064893347e3,3232,73.0,39.0,interior,-0.0,-0.0,-0.0,-0.0,-0.0,-0.0
21,21,unloading,0.5,e4779a0525672cea25d000f4fd5083f7fd5922654275f0fff12f2064893347e3,3233,74.0,39.0,interior,-0.0,-0.0,-0.0,-0.0,-0.0,-0.0
21,21,unloading,0.5,e4779a0525672cea25d000f4fd5083f7fd5922654275f0fff12f2064893347e3,3234,75.0,39.0,interior,-0.0,-0.0,-0.0,-0.0,-0.0,-0.0
21,21,unloading,0.5,e4779a0525672cea25d000f4fd5083f7fd5922654275f0fff12f2064893347e3,3235,76.0,39.0,interior,-0.0,-0.0,-0.0,-0.0,-0.0,-0.0
21,21,unloading,0.5,e4779a0525672cea25d000f4fd5083f7fd5922654275f0fff12f2064893347e3,3236,77.0,39.0,interior,-0.0,-0.0,-0.0,-0.0,-0.0,-0.0
21,21,unloading,0.5,e4779a0525672cea25d000f4fd5083f7fd5922654275f0fff12f2064893347e3,3237,78.0,39.0,interior,-0.0,-0.0,-0.0,-0.0,-0.0,-0.0
21,21,unloading,0.5,e4779a0525672cea25d000f4fd5083f7fd5922654275f0fff12f2064893347e3,3238,79.0,39.0,interior,-0.0,-0.0,-0.0,-0.0,-0.0,-0.0
21,21,unloading,0.5,e4779a0525672cea25d000f4fd5083f7fd5922654275f0fff12f2064893347e3,3239,80.0,39.0,physical_only,-0.0,-0.0,-0.0,-0.0,-0.0,-0.0
21,21,unloading,0.5,e4779a0525672cea25d000f4fd5083f7fd5922654275f0fff12f2064893347e3,3302,62.0,40.0,physical_and_cut,-1.0519185241289952e-06,-1.7513968011030706e-06,-6.526236137677795e-07,-2.891879971800163e-07,-3.9929491036121566e-07,-1.4622088039230544e-06
21,21,unloading,0.5,e4779a0525672cea25d000f4fd5083f7fd5922654275f0fff12f2064893347e3,3303,63.0,40.0,cut_only,-0.0,-0.0,-0.0,-0.0,-0.0,-0.0
21,21,unloading,0.5,e4779a0525672cea25d000f4fd5083f7fd5922654275f0fff12f2064893347e3,3304,64.0,40.0,cut_only,-0.0,-0.0,-0.0,-0.0,-0.0,-0.0
21,21,unloading,0.5,e4779a0525672cea25d000f4fd5083f7fd5922654275f0fff12f2064893347e3,3305,65.0,40.0,cut_only,-0.0,-0.0,-0.0,-0.0,-0.0,-0.0
21,21,unloading,0.5,e4779a0525672cea25d000f4fd5083f7fd5922654275f0fff12f2064893347e3,3306,66.0,40.0,cut_only,-0.0,-0.0,-0.0,-0.0,-0.0,-0.0
21,21,unloading,0.5,e4779a0525672cea25d000f4fd5083f7fd5922654275f0fff12f2064893347e3,3307,67.0,40.0,cut_only,-0.0,-0.0,-0.0,-0.0,-0.0,-0.0
21,21,unloading,0.5,e4779a0525672cea25d000f4fd5083f7fd5922654275f0fff12f2064893347e3,3308,68.0,40.0,cut_only,-0.0,-0.0,-0.0,-0.0,-0.0,-0.0
21,21,unloading,0.5,e4779a0525672cea25d000f4fd5083f7fd5922654275f0fff12f2064893347e3,3309,69.0,40.0,cut_only,-0.0,-0.0,-0.0,-0.0,-0.0,-0.0
21,21,unloading,0.5,e4779a0525672cea25d000f4fd5083f7fd5922654275f0fff12f2064893347e3,3310,70.0,40.0,cut_only,-0.0,-0.0,-0.0,-0.0,-0.0,-0.0
21,21,unloading,0.5,e4779a0525672cea25d000f4fd5083f7fd5922654275f0fff12f2064893347e3,3311,71.0,40.0,cut_only,-0.0,-0.0,-0.0,-0.0,-0.0,-0.0
21,21,unloading,0.5,e4779a0525672cea25d000f4fd5083f7fd5922654275f0fff12f2064893347e3,3312,72.0,40.0,cut_only,-0.0,-0.0,-0.0,-0.0,-0.0,-0.0
21,21,unloading,0.5,e4779a0525672cea25d000f4fd5083f7fd5922654275f0fff12f2064893347e3,3313,73.0,40.0,cut_only,-0.0,-0.0,-0.0,-0.0,-0.0,-0.0
21,21,unloading,0.5,e4779a0525672cea25d000f4fd5083f7fd5922654275f0fff12f2064893347e3,3314,74.0,40.0,cut_only,-0.0,-0.0,-0.0,-0.0,-0.0,-0.0
21,21,unloading,0.5,e4779a0525672cea25d000f4fd5083f7fd5922654275f0fff12f2064893347e3,3315,75.0,40.0,cut_only,-0.0,-0.0,-0.0,-0.0,-0.0,-0.0
21,21,unloading,0.5,e4779a0525672cea25d000f4fd5083f7fd5922654275f0fff12f2064893347e3,3316,76.0,40.0,cut_only,-0.0,-0.0,-0.0,-0.0,-0.0,-0.0
21,21,unloading,0.5,e4779a0525672cea25d000f4fd5083f7fd5922654275f0fff12f2064893347e3,3317,77.0,40.0,cut_only,-0.0,-0.0,-0.0,-0.0,-0.0,-0.0
21,21,unloading,0.5,e4779a0525672cea25d000f4fd5083f7fd5922654275f0fff12f2064893347e3,3318,78.0,40.0,cut_only,-0.0,-0.0,-0.0,-0.0,-0.0,-0.0
21,21,unloading,0.5,e4779a0525672cea25d000f4fd5083f7fd5922654275f0fff12f2064893347e3,3319,79.0,40.0,cut_only,-0.0,-0.0,-0.0,-0.0,-0.0,-0.0
21,21,unloading,0.5,e4779a0525672cea25d000f4fd5083f7fd5922654275f0fff12f2064893347e3,3320,80.0,40.0,physical_and_cut,-0.0,-0.0,-0.0,-0.0,-0.0,-0.0
22,22,unloading,0.25,b0d7da42ac551ba7bc6122f4d50321fc0ee09224068f237e0c42c62a995639b9,2573,62.0,31.0,physical_only,-0.00010913438114194585,1.4160719221693513e-05,-8.92360463843232e-07,7.836273055108942e-07,-0.00010824202067810262,1.337709191618262e-05
22,22,unloading,0.25,b0d7da42ac551ba7bc6122f4d50321fc0ee09224068f237e0c42c62a995639b9,2574,63.0,31.0,physical_only,-4.1542425301583006e-07,-1.4708057115642438e-06,-4.1435262082179886e-07,8.523413661541773e-07,-1.0716321940312002e-09,-2.323147077718417e-06
22,22,unloading,0.25,b0d7da42ac551ba7bc6122f4d50321fc0ee09224068f237e0c42c62a995639b9,2575,64.0,31.0,physical_only,-2.1218306752763815e-07,-1.949924302545795e-06,-4.1695837854157295e-07,1.04999637080894e-06,2.047753110139348e-07,-2.9999206733547296e-06
22,22,unloading,0.25,b0d7da42ac551ba7bc6122f4d50321fc0ee09224068f237e0c42c62a995639b9,2576,65.0,31.0,physical_only,-2.3376427726378925e-07,-2.4622722460161203e-06,-4.203596305921362e-07,1.254330283043537e-06,1.8659535332834684e-07,-3.716602529059655e-06
22,22,unloading,0.25,b0d7da42ac551ba7bc6122f4d50321fc0ee09224068f237e0c42c62a995639b9,2577,66.0,31.0,physical_only,-3.886256462691851e-07,-2.7149716796295273e-06,-4.243250333554869e-07,1.4672162912007176e-06,3.5699387086302e-08,-4.182187970830248e-06
22,22,unloading,0.25,b0d7da42ac551ba7bc6122f4d50321fc0ee09224068f237e0c42c62a995639b9,2578,67.0,31.0,physical_only,-5.312152002997776e-07,-2.7096568207192505e-06,-4.28362114244383e-07,1.6896238220685513e-06,-1.0285308605539487e-07,-4.3992806427878e-06
22,22,unloading,0.25,b0d7da42ac551ba7bc6122f4d50321fc0ee09224068f237e0c42c62a995639b9,2579,68.0,31.0,physical_only,-5.436981435967003e-07,-2.6403749527348578e-06,-4.3218519509538803e-07,1.9217341611135675e-06,-1.1151294850131229e-07,-4.562109113848424e-06
22,22,unloading,0.25,b0d7da42ac551ba7bc6122f4d50321fc0ee09224068f237e0c42c62a995639b9,2580,69.0,31.0,physical_only,-5.695575249876577e-07,-2.588526347556248e-06,-4.356786891476571e-07,2.1633886101933555e-06,-1.3387883584000044e-07,-4.751914957749589e-06
22,22,unloading,0.25,b0d7da42ac551ba7bc6122f4d50321fc0ee09224068f237e0c42c62a995639b9,2581,70.0,31.0,physical_only,-5.98349776935455e-07,-2.49944049549684e-06,-4.388588083065561e-07,2.4143654001686866e-06,-1.5949096862889907e-07,-4.913805895665548e-06
22,22,unloading,0.25,b0d7da42ac551ba7bc6122f4d50321fc0ee09224068f237e0c42c62a995639b9,2582,71.0,31.0,physical_only,-6.310939662503857e-07,-2.3703562051747103e-06,-4.4170126929651335e-07,2.6744182474924353e-06,-1.893926969538723e-07,-5.044774452667131e-06
22,22,unloading,0.25,b0d7da42ac551ba7bc6122f4d50321fc0ee09224068f237e0c42c62a995639b9,2583,72.0,31.0,physical_only,-6.670185687689562e-07,-2.198367020080609e-06,-4.441863188173443e-07,2.943239515917847e-06,-2.2283224995161208e-07,-5.1416065359984525e-06
22,22,unloading,0.25,b0d7da42ac551ba7bc6122f4d50321fc0ee09224068f237e0c42c62a995639b9,2584,73.0,31.0,physical_only,-7.22857422186826e-07,-1.918836610286125e-06,-4.462547737388817e-07,3.220411378374009e-06,-2.766026484479442e-07,-5.139247988660131e-06
22,22,unloading,0.25,b0d7da42ac551ba7bc6122f4d50321fc0ee09224068f237e0c42c62a995639b9,2585,74.0,31.0,physical_only,-6.217347240707356e-07,-1.597611570634038e-06,-4.4794309705074393e-07,3.505443895912982e-06,-1.7379162701999164e-07,-5.103055466547027e-06
22,22,unloading,0.25,b0d7da42ac551ba7bc6122f4d50321fc0ee09224068f237e0c42c62a995639b9,2586,75.0,31.0,physical_only,-4.204904075137302e-07,-1.4878103828401323e-06,-4.4942513456402537e-07,3.798020736160483e-06,2.8934727050295205e-08,-5.285831119000622e-06
22,22,unloading,0.25,b0d7da42ac551ba7bc6122f4d50321fc0ee09224068f237e0c42c62a995639b9,2587,76.0,31.0,physical_only,-1.9103720586051445e-07,-1.8213861223025834e-06,-4.511262629931618e-07,4.098516713753068e-06,2.600890571326474e-07,-5.919902836055654e-06
22,22,unloading,0.25,b0d7da42ac551ba7bc6122f4d50321fc0ee09224068f237e0c42c62a995639b9,2588,77.0,31.0,physical_only,-1.9164151253772978e-07,-2.267426706216758e-06,-4.532870607762423e-07,4.408140427236023e-06,2.616455482385126e-07,-6.675567133452789e-06
22,22,unloading,0.25,b0d7da42ac551ba7bc6122f4d50321fc0ee09224068f237e0c42c62a995639b9,2589,78.0,31.0,physical_only,-2.4782069087184754e-07,-2.605426236982727e-06,-4.55920455650263e-07,4.7283501457213614e-06,2.0809976477841535e-07,-7.33377638270409e-06
22,22,unloading,0.25,b0d7da42ac551ba7bc6122f4d50321fc0ee09224068f237e0c42c62a995639b9,2590,79.0,31.0,physical_only,-3.22737148573557e-07,-2.7601207331509825e-06,-4.588327480623759e-07,5.060366450963052e-06,1.3609559948881899e-07,-7.820487184114017e-06
22,22,unloading,0.25,b0d7da42ac551ba7bc6122f4d50321fc0ee09224068f237e0c42c62a995639b9,2591,80.0,31.0,physical_only,7.702483169077578e-10,0.0001267353256175408,7.467926865295764e-07,2.2604424234155936e-06,-7.460224382126686e-07,0.0001244748831941252
22,22,unloading,0.25,b0d7da42ac551ba7bc6122f4d50321fc0ee09224068f237e0c42c62a995639b9,2654,62.0,32.0,physical_only,-2.0562706118417376e-06,-7.293714213880429e-07,-6.04232520718777e-07,3.16932176718756e-08,-1.4520380911229604e-06,-7.61064639059918e-07
22,22,unloading,0.25,b0d7da42ac551ba7bc6122f4d50321fc0ee09224068f237e0c42c62a995639b9,2655,63.0,32.0,interior,-0.0,-0.0,-0.0,-0.0,-0.0,-0.0
22,22,unloading,0.25,b0d7da42ac551ba7bc6122f4d50321fc0ee09224068f237e0c42c62a995639b9,2656,64.0,32.0,interior,-0.0,-0.0,-0.0,-0.0,-0.0,-0.0
22,22,unloading,0.25,b0d7da42ac551ba7bc6122f4d50321fc0ee09224068f237e0c42c62a995639b9,2657,65.0,32.0,interior,-0.0,-0.0,-0.0,-0.0,-0.0,-0.0
22,22,unloading,0.25,b0d7da42ac551ba7bc6122f4d50321fc0ee09224068f237e0c42c62a995639b9,2658,66.0,32.0,interior,-0.0,-0.0,-0.0,-0.0,-0.0,-0.0
22,22,unloading,0.25,b0d7da42ac551ba7bc6122f4d50321fc0ee09224068f237e0c42c62a995639b9,2659,67.0,32.0,interior,-0.0,-0.0,-0.0,-0.0,-0.0,-0.0
22,22,unloading,0.25,b0d7da42ac551ba7bc6122f4d50321fc0ee09224068f237e0c42c62a995639b9,2660,68.0,32.0,interior,-0.0,-0.0,-0.0,-0.0,-0.0,-0.0
22,22,unloading,0.25,b0d7da42ac551ba7bc6122f4d50321fc0ee09224068f237e0c42c62a995639b9,2661,69.0,32.0,interior,-0.0,-0.0,-0.0,-0.0,-0.0,-0.0
22,22,unloading,0.25,b0d7da42ac551ba7bc6122f4d50321fc0ee09224068f237e0c42c62a995639b9,2662,70.0,32.0,interior,-0.0,-0.0,-0.0,-0.0,-0.0,-0.0
22,22,unloading,0.25,b0d7da42ac551ba7bc6122f4d50321fc0ee09224068f237e0c42c62a995639b9,2663,71.0,32.0,interior,-0.0,-0.0,-0.0,-0.0,-0.0,-0.0
22,22,unloading,0.25,b0d7da42ac551ba7bc6122f4d50321fc0ee09224068f237e0c42c62a995639b9,2664,72.0,32.0,interior,-0.0,-0.0,-0.0,-0.0,-0.0,-0.0
22,22,unloading,0.25,b0d7da42ac551ba7bc6122f4d50321fc0ee09224068f237e0c42c62a995639b9,2665,73.0,32.0,interior,-0.0,-0.0,-0.0,-0.0,-0.0,-0.0
22,22,unloading,0.25,b0d7da42ac551ba7bc6122f4d50321fc0ee09224068f237e0c42c62a995639b9,2666,74.0,32.0,interior,-0.0,-0.0,-0.0,-0.0,-0.0,-0.0
22,22,unloading,0.25,b0d7da42ac551ba7bc6122f4d50321fc0ee09224068f237e0c42c62a995639b9,2667,75.0,32.0,interior,-0.0,-0.0,-0.0,-0.0,-0.0,-0.0
22,22,unloading,0.25,b0d7da42ac551ba7bc6122f4d50321fc0ee09224068f237e0c42c62a995639b9,2668,76.0,32.0,interior,-0.0,-0.0,-0.0,-0.0,-0.0,-0.0
22,22,unloading,0.25,b0d7da42ac551ba7bc6122f4d50321fc0ee09224068f237e0c42c62a995639b9,2669,77.0,32.0,interior,-0.0,-0.0,-0.0,-0.0,-0.0,-0.0
22,22,unloading,0.25,b0d7da42ac551ba7bc6122f4d50321fc0ee09224068f237e0c42c62a995639b9,2670,78.0,32.0,interior,-0.0,-0.0,-0.0,-0.0,-0.0,-0.0
22,22,unloading,0.25,b0d7da42ac551ba7bc6122f4d50321fc0ee09224068f237e0c42c62a995639b9,2671,79.0,32.0,interior,-0.0,-0.0,-0.0,-0.0,-0.0,-0.0
22,22,unloading,0.25,b0d7da42ac551ba7bc6122f4d50321fc0ee09224068f237e0c42c62a995639b9,2672,80.0,32.0,physical_only,-0.0,-0.0,-0.0,-0.0,-0.0,-0.0
22,22,unloading,0.25,b0d7da42ac551ba7bc6122f4d50321fc0ee09224068f237e0c42c62a995639b9,2735,62.0,33.0,physical_only,-1.3620722370624408e-06,-5.165796260026341e-07,-6.284728057974484e-07,2.482405082493286e-08,-7.335994312649924e-07,-5.414036768275671e-07
22,22,unloading,0.25,b0d7da42ac551ba7bc6122f4d50321fc0ee09224068f237e0c42c62a995639b9,2736,63.0,33.0,interior,-0.0,-0.0,-0.0,-0.0,-0.0,-0.0
22,22,unloading,0.25,b0d7da42ac551ba7bc6122f4d50321fc0ee09224068f237e0c42c62a995639b9,2737,64.0,33.0,interior,-0.0,-0.0,-0.0,-0.0,-0.0,-0.0
22,22,unloading,0.25,b0d7da42ac551ba7bc6122f4d50321fc0ee09224068f237e0c42c62a995639b9,2738,65.0,33.0,interior,-0.0,-0.0,-0.0,-0.0,-0.0,-0.0
22,22,unloading,0.25,b0d7da42ac551ba7bc6122f4d50321fc0ee09224068f237e0c42c62a995639b9,2739,66.0,33.0,interior,-0.0,-0.0,-0.0,-0.0,-0.0,-0.0
22,22,unloading,0.25,b0d7da42ac551ba7bc6122f4d50321fc0ee09224068f237e0c42c62a995639b9,2740,67.0,33.0,interior,-0.0,-0.0,-0.0,-0.0,-0.0,-0.0
22,22,unloading,0.25,b0d7da42ac551ba7bc6122f4d50321fc0ee09224068f237e0c42c62a995639b9,2741,68.0,33.0,interior,-0.0,-0.0,-0.0,-0.0,-0.0,-0.0
22,22,unloading,0.25,b0d7da42ac551ba7bc6122f4d50321fc0ee09224068f237e0c42c62a995639b9,2742,69.0,33.0,interior,-0.0,-0.0,-0.0,-0.0,-0.0,-0.0
22,22,unloading,0.25,b0d7da42ac551ba7bc6122f4d50321fc0ee09224068f237e0c42c62a995639b9,2743,70.0,33.0,interior,-0.0,-0.0,-0.0,-0.0,-0.0,-0.0
22,22,unloading,0.25,b0d7da42ac551ba7bc6122f4d50321fc0ee09224068f237e0c42c62a995639b9,2744,71.0,33.0,interior,-0.0,-0.0,-0.0,-0.0,-0.0,-0.0
22,22,unloading,0.25,b0d7da42ac551ba7bc6122f4d50321fc0ee09224068f237e0c42c62a995639b9,2745,72.0,33.0,interior,-0.0,-0.0,-0.0,-0.0,-0.0,-0.0
22,22,unloading,0.25,b0d7da42ac551ba7bc6122f4d50321fc0ee09224068f237e0c42c62a995639b9,2746,73.0,33.0,interior,-0.0,-0.0,-0.0,-0.0,-0.0,-0.0
22,22,unloading,0.25,b0d7da42ac551ba7bc6122f4d50321fc0ee09224068f237e0c42c62a995639b9,2747,74.0,33.0,interior,-0.0,-0.0,-0.0,-0.0,-0.0,-0.0
22,22,unloading,0.25,b0d7da42ac551ba7bc6122f4d50321fc0ee09224068f237e0c42c62a995639b9,2748,75.0,33.0,interior,-0.0,-0.0,-0.0,-0.0,-0.0,-0.0
22,22,unloading,0.25,b0d7da42ac551ba7bc6122f4d50321fc0ee09224068f237e0c42c62a995639b9,2749,76.0,33.0,interior,-0.0,-0.0,-0.0,-0.0,-0.0,-0.0
22,22,unloading,0.25,b0d7da42ac551ba7bc6122f4d50321fc0ee09224068f237e0c42c62a995639b9,2750,77.0,33.0,interior,-0.0,-0.0,-0.0,-0.0,-0.0,-0.0
22,22,unloading,0.25,b0d7da42ac551ba7bc6122f4d50321fc0ee09224068f237e0c42c62a995639b9,2751,78.0,33.0,interior,-0.0,-0.0,-0.0,-0.0,-0.0,-0.0
22,22,unloading,0.25,b0d7da42ac551ba7bc6122f4d50321fc0ee09224068f237e0c42c62a995639b9,2752,79.0,33.0,interior,-0.0,-0.0,-0.0,-0.0,-0.0,-0.0
22,22,unloading,0.25,b0d7da42ac551ba7bc6122f4d50321fc0ee09224068f237e0c42c62a995639b9,2753,80.0,33.0,physical_only,-0.0,-0.0,-0.0,-0.0,-0.0,-0.0
22,22,unloading,0.25,b0d7da42ac551ba7bc6122f4d50321fc0ee09224068f237e0c42c62a995639b9,2816,62.0,34.0,physical_only,-1.0302898069108583e-06,-2.608577842970253e-07,-6.467567865955351e-07,2.025655126493942e-08,-3.835330203153234e-07,-2.811143355619648e-07
22,22,unloading,0.25,b0d7da42ac551ba7bc6122f4d50321fc0ee09224068f237e0c42c62a995639b9,2817,63.0,34.0,interior,-0.0,-0.0,-0.0,-0.0,-0.0,-0.0
22,22,unloading,0.25,b0d7da42ac551ba7bc6122f4d50321fc0ee09224068f237e0c42c62a995639b9,2818,64.0,34.0,interior,-0.0,-0.0,-0.0,-0.0,-0.0,-0.0
22,22,unloading,0.25,b0d7da42ac551ba7bc6122f4d50321fc0ee09224068f237e0c42c62a995639b9,2819,65.0,34.0,interior,-0.0,-0.0,-0.0,-0.0,-0.0,-0.0
22,22,unloading,0.25,b0d7da42ac551ba7bc6122f4d50321fc0ee09224068f237e0c42c62a995639b9,2820,66.0,34.0,interior,-0.0,-0.0,-0.0,-0.0,-0.0,-0.0
22,22,unloading,0.25,b0d7da42ac551ba7bc6122f4d50321fc0ee09224068f237e0c42c62a995639b9,2821,67.0,34.0,interior,-0.0,-0.0,-0.0,-0.0,-0.0,-0.0
22,22,unloading,0.25,b0d7da42ac551ba7bc6122f4d50321fc0ee09224068f237e0c42c62a995639b9,2822,68.0,34.0,interior,-0.0,-0.0,-0.0,-0.0,-0.0,-0.0
22,22,unloading,0.25,b0d7da42ac551ba7bc6122f4d50321fc0ee09224068f237e0c42c62a995639b9,2823,69.0,34.0,interior,-0.0,-0.0,-0.0,-0.0,-0.0,-0.0
22,22,unloading,0.25,b0d7da42ac551ba7bc6122f4d50321fc0ee09224068f237e0c42c62a995639b9,2824,70.0,34.0,interior,-0.0,-0.0,-0.0,-0.0,-0.0,-0.0
22,22,unloading,0.25,b0d7da42ac551ba7bc6122f4d50321fc0ee09224068f237e0c42c62a995639b9,2825,71.0,34.0,interior,-0.0,-0.0,-0.0,-0.0,-0.0,-0.0
22,22,unloading,0.25,b0d7da42ac551ba7bc6122f4d50321fc0ee09224068f237e0c42c62a995639b9,2826,72.0,34.0,interior,-0.0,-0.0,-0.0,-0.0,-0.0,-0.0
22,22,unloading,0.25,b0d7da42ac551ba7bc6122f4d50321fc0ee09224068f237e0c42c62a995639b9,2827,73.0,34.0,interior,-0.0,-0.0,-0.0,-0.0,-0.0,-0.0
22,22,unloading,0.25,b0d7da42ac551ba7bc6122f4d50321fc0ee09224068f237e0c42c62a995639b9,2828,74.0,34.0,interior,-0.0,-0.0,-0.0,-0.0,-0.0,-0.0
22,22,unloading,0.25,b0d7da42ac551ba7bc6122f4d50321fc0ee09224068f237e0c42c62a995639b9,2829,75.0,34.0,interior,-0.0,-0.0,-0.0,-0.0,-0.0,-0.0
22,22,unloading,0.25,b0d7da42ac551ba7bc6122f4d50321fc0ee09224068f237e0c42c62a995639b9,2830,76.0,34.0,interior,-0.0,-0.0,-0.0,-0.0,-0.0,-0.0
22,22,unloading,0.25,b0d7da42ac551ba7bc6122f4d50321fc0ee09224068f237e0c42c62a995639b9,2831,77.0,34.0,interior,-0.0,-0.0,-0.0,-0.0,-0.0,-0.0
22,22,unloading,0.25,b0d7da42ac551ba7bc6122f4d50321fc0ee09224068f237e0c42c62a995639b9,2832,78.0,34.0,interior,-0.0,-0.0,-0.0,-0.0,-0.0,-0.0
22,22,unloading,0.25,b0d7da42ac551ba7bc6122f4d50321fc0ee09224068f237e0c42c62a995639b9,2833,79.0,34.0,interior,-0.0,-0.0,-0.0,-0.0,-0.0,-0.0
22,22,unloading,0.25,b0d7da42ac551ba7bc6122f4d50321fc0ee09224068f237e0c42c62a995639b9,2834,80.0,34.0,physical_only,-0.0,-0.0,-0.0,-0.0,-0.0,-0.0
22,22,unloading,0.25,b0d7da42ac551ba7bc6122f4d50321fc0ee09224068f237e0c42c62a995639b9,2897,62.0,35.0,physical_only,-9.378621191146801e-07,-5.496090796233559e-08,-6.615734851663682e-07,1.6886122578218388e-08,-2.76288633948312e-07,-7.1847030540554e-08
22,22,unloading,0.25,b0d7da42ac551ba7bc6122f4d50321fc0ee09224068f237e0c42c62a995639b9,2898,63.0,35.0,interior,-0.0,-0.0,-0.0,-0.0,-0.0,-0.0
22,22,unloading,0.25,b0d7da42ac551ba7bc6122f4d50321fc0ee09224068f237e0c42c62a995639b9,2899,64.0,35.0,interior,-0.0,-0.0,-0.0,-0.0,-0.0,-0.0
22,22,unloading,0.25,b0d7da42ac551ba7bc6122f4d50321fc0ee09224068f237e0c42c62a995639b9,2900,65.0,35.0,interior,-0.0,-0.0,-0.0,-0.0,-0.0,-0.0
22,22,unloading,0.25,b0d7da42ac551ba7bc6122f4d50321fc0ee09224068f237e0c42c62a995639b9,2901,66.0,35.0,interior,-0.0,-0.0,-0.0,-0.0,-0.0,-0.0
22,22,unloading,0.25,b0d7da42ac551ba7bc6122f4d50321fc0ee09224068f237e0c42c62a995639b9,2902,67.0,35.0,interior,-0.0,-0.0,-0.0,-0.0,-0.0,-0.0
22,22,unloading,0.25,b0d7da42ac551ba7bc6122f4d50321fc0ee09224068f237e0c42c62a995639b9,2903,68.0,35.0,interior,-0.0,-0.0,-0.0,-0.0,-0.0,-0.0
22,22,unloading,0.25,b0d7da42ac551ba7bc6122f4d50321fc0ee09224068f237e0c42c62a995639b9,2904,69.0,35.0,interior,-0.0,-0.0,-0.0,-0.0,-0.0,-0.0
22,22,unloading,0.25,b0d7da42ac551ba7bc6122f4d50321fc0ee09224068f237e0c42c62a995639b9,2905,70.0,35.0,interior,-0.0,-0.0,-0.0,-0.0,-0.0,-0.0
22,22,unloading,0.25,b0d7da42ac551ba7bc6122f4d50321fc0ee09224068f237e0c42c62a995639b9,2906,71.0,35.0,interior,-0.0,-0.0,-0.0,-0.0,-0.0,-0.0
22,22,unloading,0.25,b0d7da42ac551ba7bc6122f4d50321fc0ee09224068f237e0c42c62a995639b9,2907,72.0,35.0,interior,-0.0,-0.0,-0.0,-0.0,-0.0,-0.0
22,22,unloading,0.25,b0d7da42ac551ba7bc6122f4d50321fc0ee09224068f237e0c42c62a995639b9,2908,73.0,35.0,interior,-0.0,-0.0,-0.0,-0.0,-0.0,-0.0
22,22,unloading,0.25,b0d7da42ac551ba7bc6122f4d50321fc0ee09224068f237e0c42c62a995639b9,2909,74.0,35.0,interior,-0.0,-0.0,-0.0,-0.0,-0.0,-0.0
22,22,unloading,0.25,b0d7da42ac551ba7bc6122f4d50321fc0ee09224068f237e0c42c62a995639b9,2910,75.0,35.0,interior,-0.0,-0.0,-0.0,-0.0,-0.0,-0.0
22,22,unloading,0.25,b0d7da42ac551ba7bc6122f4d50321fc0ee09224068f237e0c42c62a995639b9,2911,76.0,35.0,interior,-0.0,-0.0,-0.0,-0.0,-0.0,-0.0
22,22,unloading,0.25,b0d7da42ac551ba7bc6122f4d50321fc0ee09224068f237e0c42c62a995639b9,2912,77.0,35.0,interior,-0.0,-0.0,-0.0,-0.0,-0.0,-0.0
22,22,unloading,0.25,b0d7da42ac551ba7bc6122f4d50321fc0ee09224068f237e0c42c62a995639b9,2913,78.0,35.0,interior,-0.0,-0.0,-0.0,-0.0,-0.0,-0.0
22,22,unloading,0.25,b0d7da42ac551ba7bc6122f4d50321fc0ee09224068f237e0c42c62a995639b9,2914,79.0,35.0,interior,-0.0,-0.0,-0.0,-0.0,-0.0,-0.0
22,22,unloading,0.25,b0d7da42ac551ba7bc6122f4d50321fc0ee09224068f237e0c42c62a995639b9,2915,80.0,35.0,physical_only,-0.0,-0.0,-0.0,-0.0,-0.0,-0.0
22,22,unloading,0.25,b0d7da42ac551ba7bc6122f4d50321fc0ee09224068f237e0c42c62a995639b9,2978,62.0,36.0,physical_only,-9.762513181045756e-07,5.7756486434387527e-08,-6.73953675180661e-07,1.3891389669456735e-08,-3.022976429239145e-07,4.386509676493082e-08
22,22,unloading,0.25,b0d7da42ac551ba7bc6122f4d50321fc0ee09224068f237e0c42c62a995639b9,2979,63.0,36.0,interior,-0.0,-0.0,-0.0,-0.0,-0.0,-0.0
22,22,unloading,0.25,b0d7da42ac551ba7bc6122f4d50321fc0ee09224068f237e0c42c62a995639b9,2980,64.0,36.0,interior,-0.0,-0.0,-0.0,-0.0,-0.0,-0.0
22,22,unloading,0.25,b0d7da42ac551ba7bc6122f4d50321fc0ee09224068f237e0c42c62a995639b9,2981,65.0,36.0,interior,-0.0,-0.0,-0.0,-0.0,-0.0,-0.0
22,22,unloading,0.25,b0d7da42ac551ba7bc6122f4d50321fc0ee09224068f237e0c42c62a995639b9,2982,66.0,36.0,interior,-0.0,-0.0,-0.0,-0.0,-0.0,-0.0
22,22,unloading,0.25,b0d7da42ac551ba7bc6122f4d50321fc0ee09224068f237e0c42c62a995639b9,2983,67.0,36.0,interior,-0.0,-0.0,-0.0,-0.0,-0.0,-0.0
22,22,unloading,0.25,b0d7da42ac551ba7bc6122f4d50321fc0ee09224068f237e0c42c62a995639b9,2984,68.0,36.0,interior,-0.0,-0.0,-0.0,-0.0,-0.0,-0.0
22,22,unloading,0.25,b0d7da42ac551ba7bc6122f4d50321fc0ee09224068f237e0c42c62a995639b9,2985,69.0,36.0,interior,-0.0,-0.0,-0.0,-0.0,-0.0,-0.0
22,22,unloading,0.25,b0d7da42ac551ba7bc6122f4d50321fc0ee09224068f237e0c42c62a995639b9,2986,70.0,36.0,interior,-0.0,-0.0,-0.0,-0.0,-0.0,-0.0
22,22,unloading,0.25,b0d7da42ac551ba7bc6122f4d50321fc0ee09224068f237e0c42c62a995639b9,2987,71.0,36.0,interior,-0.0,-0.0,-0.0,-0.0,-0.0,-0.0
22,22,unloading,0.25,b0d7da42ac551ba7bc6122f4d50321fc0ee09224068f237e0c42c62a995639b9,2988,72.0,36.0,interior,-0.0,-0.0,-0.0,-0.0,-0.0,-0.0
22,22,unloading,0.25,b0d7da42ac551ba7bc6122f4d50321fc0ee09224068f237e0c42c62a995639b9,2989,73.0,36.0,interior,-0.0,-0.0,-0.0,-0.0,-0.0,-0.0
22,22,unloading,0.25,b0d7da42ac551ba7bc6122f4d50321fc0ee09224068f237e0c42c62a995639b9,2990,74.0,36.0,interior,-0.0,-0.0,-0.0,-0.0,-0.0,-0.0
22,22,unloading,0.25,b0d7da42ac551ba7bc6122f4d50321fc0ee09224068f237e0c42c62a995639b9,2991,75.0,36.0,interior,-0.0,-0.0,-0.0,-0.0,-0.0,-0.0
22,22,unloading,0.25,b0d7da42ac551ba7bc6122f4d50321fc0ee09224068f237e0c42c62a995639b9,2992,76.0,36.0,interior,-0.0,-0.0,-0.0,-0.0,-0.0,-0.0
22,22,unloading,0.25,b0d7da42ac551ba7bc6122f4d50321fc0ee09224068f237e0c42c62a995639b9,2993,77.0,36.0,interior,-0.0,-0.0,-0.0,-0.0,-0.0,-0.0
22,22,unloading,0.25,b0d7da42ac551ba7bc6122f4d50321fc0ee09224068f237e0c42c62a995639b9,2994,78.0,36.0,interior,-0.0,-0.0,-0.0,-0.0,-0.0,-0.0
22,22,unloading,0.25,b0d7da42ac551ba7bc6122f4d50321fc0ee09224068f237e0c42c62a995639b9,2995,79.0,36.0,interior,-0.0,-0.0,-0.0,-0.0,-0.0,-0.0
22,22,unloading,0.25,b0d7da42ac551ba7bc6122f4d50321fc0ee09224068f237e0c42c62a995639b9,2996,80.0,36.0,physical_only,-0.0,-0.0,-0.0,-0.0,-0.0,-0.0
22,22,unloading,0.25,b0d7da42ac551ba7bc6122f4d50321fc0ee09224068f237e0c42c62a995639b9,3059,62.0,37.0,physical_only,-1.0531673023982674e-06,9.407915610169738e-08,-6.840417862834743e-07,1.0789418107577829e-08,-3.691255161147933e-07,8.328973799411964e-08
22,22,unloading,0.25,b0d7da42ac551ba7bc6122f4d50321fc0ee09224068f237e0c42c62a995639b9,3060,63.0,37.0,interior,-0.0,-0.0,-0.0,-0.0,-0.0,-0.0
22,22,unloading,0.25,b0d7da42ac551ba7bc6122f4d50321fc0ee09224068f237e0c42c62a995639b9,3061,64.0,37.0,interior,-0.0,-0.0,-0.0,-0.0,-0.0,-0.0
22,22,unloading,0.25,b0d7da42ac551ba7bc6122f4d50321fc0ee09224068f237e0c42c62a995639b9,3062,65.0,37.0,interior,-0.0,-0.0,-0.0,-0.0,-0.0,-0.0
22,22,unloading,0.25,b0d7da42ac551ba7bc6122f4d50321fc0ee09224068f237e0c42c62a995639b9,3063,66.0,37.0,interior,-0.0,-0.0,-0.0,-0.0,-0.0,-0.0
22,22,unloading,0.25,b0d7da42ac551ba7bc6122f4d50321fc0ee09224068f237e0c42c62a995639b9,3064,67.0,37.0,interior,-0.0,-0.0,-0.0,-0.0,-0.0,-0.0
22,22,unloading,0.25,b0d7da42ac551ba7bc6122f4d50321fc0ee09224068f237e0c42c62a995639b9,3065,68.0,37.0,interior,-0.0,-0.0,-0.0,-0.0,-0.0,-0.0
22,22,unloading,0.25,b0d7da42ac551ba7bc6122f4d50321fc0ee09224068f237e0c42c62a995639b9,3066,69.0,37.0,interior,-0.0,-0.0,-0.0,-0.0,-0.0,-0.0
22,22,unloading,0.25,b0d7da42ac551ba7bc6122f4d50321fc0ee09224068f237e0c42c62a995639b9,3067,70.0,37.0,interior,-0.0,-0.0,-0.0,-0.0,-0.0,-0.0
22,22,unloading,0.25,b0d7da42ac551ba7bc6122f4d50321fc0ee09224068f237e0c42c62a995639b9,3068,71.0,37.0,interior,-0.0,-0.0,-0.0,-0.0,-0.0,-0.0
22,22,unloading,0.25,b0d7da42ac551ba7bc6122f4d50321fc0ee09224068f237e0c42c62a995639b9,3069,72.0,37.0,interior,-0.0,-0.0,-0.0,-0.0,-0.0,-0.0
22,22,unloading,0.25,b0d7da42ac551ba7bc6122f4d50321fc0ee09224068f237e0c42c62a995639b9,3070,73.0,37.0,interior,-0.0,-0.0,-0.0,-0.0,-0.0,-0.0
22,22,unloading,0.25,b0d7da42ac551ba7bc6122f4d50321fc0ee09224068f237e0c42c62a995639b9,3071,74.0,37.0,interior,-0.0,-0.0,-0.0,-0.0,-0.0,-0.0
22,22,unloading,0.25,b0d7da42ac551ba7bc6122f4d50321fc0ee09224068f237e0c42c62a995639b9,3072,75.0,37.0,interior,-0.0,-0.0,-0.0,-0.0,-0.0,-0.0
22,22,unloading,0.25,b0d7da42ac551ba7bc6122f4d50321fc0ee09224068f237e0c42c62a995639b9,3073,76.0,37.0,interior,-0.0,-0.0,-0.0,-0.0,-0.0,-0.0
22,22,unloading,0.25,b0d7da42ac551ba7bc6122f4d50321fc0ee09224068f237e0c42c62a995639b9,3074,77.0,37.0,interior,-0.0,-0.0,-0.0,-0.0,-0.0,-0.0
22,22,unloading,0.25,b0d7da42ac551ba7bc6122f4d50321fc0ee09224068f237e0c42c62a995639b9,3075,78.0,37.0,interior,-0.0,-0.0,-0.0,-0.0,-0.0,-0.0
22,22,unloading,0.25,b0d7da42ac551ba7bc6122f4d50321fc0ee09224068f237e0c42c62a995639b9,3076,79.0,37.0,interior,-0.0,-0.0,-0.0,-0.0,-0.0,-0.0
22,22,unloading,0.25,b0d7da42ac551ba7bc6122f4d50321fc0ee09224068f237e0c42c62a995639b9,3077,80.0,37.0,physical_only,-0.0,-0.0,-0.0,-0.0,-0.0,-0.0
22,22,unloading,0.25,b0d7da42ac551ba7bc6122f4d50321fc0ee09224068f237e0c42c62a995639b9,3140,62.0,38.0,physical_only,-1.1218157954831042e-06,8.124034728719678e-08,-6.915843254539352e-07,7.411556799201226e-09,-4.302314700291689e-07,7.382879048799545e-08
22,22,unloading,0.25,b0d7da42ac551ba7bc6122f4d50321fc0ee09224068f237e0c42c62a995639b9,3141,63.0,38.0,interior,-0.0,-0.0,-0.0,-0.0,-0.0,-0.0
22,22,unloading,0.25,b0d7da42ac551ba7bc6122f4d50321fc0ee09224068f237e0c42c62a995639b9,3142,64.0,38.0,interior,-0.0,-0.0,-0.0,-0.0,-0.0,-0.0
22,22,unloading,0.25,b0d7da42ac551ba7bc6122f4d50321fc0ee09224068f237e0c42c62a995639b9,3143,65.0,38.0,interior,-0.0,-0.0,-0.0,-0.0,-0.0,-0.0
22,22,unloading,0.25,b0d7da42ac551ba7bc6122f4d50321fc0ee09224068f237e0c42c62a995639b9,3144,66.0,38.0,interior,-0.0,-0.0,-0.0,-0.0,-0.0,-0.0
22,22,unloading,0.25,b0d7da42ac551ba7bc6122f4d50321fc0ee09224068f237e0c42c62a995639b9,3145,67.0,38.0,interior,-0.0,-0.0,-0.0,-0.0,-0.0,-0.0
22,22,unloading,0.25,b0d7da42ac551ba7bc6122f4d50321fc0ee09224068f237e0c42c62a995639b9,3146,68.0,38.0,interior,-0.0,-0.0,-0.0,-0.0,-0.0,-0.0
22,22,unloading,0.25,b0d7da42ac551ba7bc6122f4d50321fc0ee09224068f237e0c42c62a995639b9,3147,69.0,38.0,interior,-0.0,-0.0,-0.0,-0.0,-0.0,-0.0
22,22,unloading,0.25,b0d7da42ac551ba7bc6122f4d50321fc0ee09224068f237e0c42c62a995639b9,3148,70.0,38.0,interior,-0.0,-0.0,-0.0,-0.0,-0.0,-0.0
22,22,unloading,0.25,b0d7da42ac551ba7bc6122f4d50321fc0ee09224068f237e0c42c62a995639b9,3149,71.0,38.0,interior,-0.0,-0.0,-0.0,-0.0,-0.0,-0.0
22,22,unloading,0.25,b0d7da42ac551ba7bc6122f4d50321fc0ee09224068f237e0c42c62a995639b9,3150,72.0,38.0,interior,-0.0,-0.0,-0.0,-0.0,-0.0,-0.0
22,22,unloading,0.25,b0d7da42ac551ba7bc6122f4d50321fc0ee09224068f237e0c42c62a995639b9,3151,73.0,38.0,interior,-0.0,-0.0,-0.0,-0.0,-0.0,-0.0
22,22,unloading,0.25,b0d7da42ac551ba7bc6122f4d50321fc0ee09224068f237e0c42c62a995639b9,3152,74.0,38.0,interior,-0.0,-0.0,-0.0,-0.0,-0.0,-0.0
22,22,unloading,0.25,b0d7da42ac551ba7bc6122f4d50321fc0ee09224068f237e0c42c62a995639b9,3153,75.0,38.0,interior,-0.0,-0.0,-0.0,-0.0,-0.0,-0.0
22,22,unloading,0.25,b0d7da42ac551ba7bc6122f4d50321fc0ee09224068f237e0c42c62a995639b9,3154,76.0,38.0,interior,-0.0,-0.0,-0.0,-0.0,-0.0,-0.0
22,22,unloading,0.25,b0d7da42ac551ba7bc6122f4d50321fc0ee09224068f237e0c42c62a995639b9,3155,77.0,38.0,interior,-0.0,-0.0,-0.0,-0.0,-0.0,-0.0
22,22,unloading,0.25,b0d7da42ac551ba7bc6122f4d50321fc0ee09224068f237e0c42c62a995639b9,3156,78.0,38.0,interior,-0.0,-0.0,-0.0,-0.0,-0.0,-0.0
22,22,unloading,0.25,b0d7da42ac551ba7bc6122f4d50321fc0ee09224068f237e0c42c62a995639b9,3157,79.0,38.0,interior,-0.0,-0.0,-0.0,-0.0,-0.0,-0.0
22,22,unloading,0.25,b0d7da42ac551ba7bc6122f4d50321fc0ee09224068f237e0c42c62a995639b9,3158,80.0,38.0,physical_only,-0.0,-0.0,-0.0,-0.0,-0.0,-0.0
22,22,unloading,0.25,b0d7da42ac551ba7bc6122f4d50321fc0ee09224068f237e0c42c62a995639b9,3221,62.0,39.0,physical_only,-1.1639939834364753e-06,4.4616493399327935e-08,-6.962620230252268e-07,3.777673602209721e-09,-4.677319604112485e-07,4.0838819797118346e-08
22,22,unloading,0.25,b0d7da42ac551ba7bc6122f4d50321fc0ee09224068f237e0c42c62a995639b9,3222,63.0,39.0,interior,-0.0,-0.0,-0.0,-0.0,-0.0,-0.0
22,22,unloading,0.25,b0d7da42ac551ba7bc6122f4d50321fc0ee09224068f237e0c42c62a995639b9,3223,64.0,39.0,interior,-0.0,-0.0,-0.0,-0.0,-0.0,-0.0
22,22,unloading,0.25,b0d7da42ac551ba7bc6122f4d50321fc0ee09224068f237e0c42c62a995639b9,3224,65.0,39.0,interior,-0.0,-0.0,-0.0,-0.0,-0.0,-0.0
22,22,unloading,0.25,b0d7da42ac551ba7bc6122f4d50321fc0ee09224068f237e0c42c62a995639b9,3225,66.0,39.0,interior,-0.0,-0.0,-0.0,-0.0,-0.0,-0.0
22,22,unloading,0.25,b0d7da42ac551ba7bc6122f4d50321fc0ee09224068f237e0c42c62a995639b9,3226,67.0,39.0,interior,-0.0,-0.0,-0.0,-0.0,-0.0,-0.0
22,22,unloading,0.25,b0d7da42ac551ba7bc6122f4d50321fc0ee09224068f237e0c42c62a995639b9,3227,68.0,39.0,interior,-0.0,-0.0,-0.0,-0.0,-0.0,-0.0
22,22,unloading,0.25,b0d7da42ac551ba7bc6122f4d50321fc0ee09224068f237e0c42c62a995639b9,3228,69.0,39.0,interior,-0.0,-0.0,-0.0,-0.0,-0.0,-0.0
22,22,unloading,0.25,b0d7da42ac551ba7bc6122f4d50321fc0ee09224068f237e0c42c62a995639b9,3229,70.0,39.0,interior,-0.0,-0.0,-0.0,-0.0,-0.0,-0.0
22,22,unloading,0.25,b0d7da42ac551ba7bc6122f4d50321fc0ee09224068f237e0c42c62a995639b9,3230,71.0,39.0,interior,-0.0,-0.0,-0.0,-0.0,-0.0,-0.0
22,22,unloading,0.25,b0d7da42ac551ba7bc6122f4d50321fc0ee09224068f237e0c42c62a995639b9,3231,72.0,39.0,interior,-0.0,-0.0,-0.0,-0.0,-0.0,-0.0
22,22,unloading,0.25,b0d7da42ac551ba7bc6122f4d50321fc0ee09224068f237e0c42c62a995639b9,3232,73.0,39.0,interior,-0.0,-0.0,-0.0,-0.0,-0.0,-0.0
22,22,unloading,0.25,b0d7da42ac551ba7bc6122f4d50321fc0ee09224068f237e0c42c62a995639b9,3233,74.0,39.0,interior,-0.0,-0.0,-0.0,-0.0,-0.0,-0.0
22,22,unloading,0.25,b0d7da42ac551ba7bc6122f4d50321fc0ee09224068f237e0c42c62a995639b9,3234,75.0,39.0,interior,-0.0,-0.0,-0.0,-0.0,-0.0,-0.0
22,22,unloading,0.25,b0d7da42ac551ba7bc6122f4d50321fc0ee09224068f237e0c42c62a995639b9,3235,76.0,39.0,interior,-0.0,-0.0,-0.0,-0.0,-0.0,-0.0
22,22,unloading,0.25,b0d7da42ac551ba7bc6122f4d50321fc0ee09224068f237e0c42c62a995639b9,3236,77.0,39.0,interior,-0.0,-0.0,-0.0,-0.0,-0.0,-0.0
22,22,unloading,0.25,b0d7da42ac551ba7bc6122f4d50321fc0ee09224068f237e0c42c62a995639b9,3237,78.0,39.0,interior,-0.0,-0.0,-0.0,-0.0,-0.0,-0.0
22,22,unloading,0.25,b0d7da42ac551ba7bc6122f4d50321fc0ee09224068f237e0c42c62a995639b9,3238,79.0,39.0,interior,-0.0,-0.0,-0.0,-0.0,-0.0,-0.0
22,22,unloading,0.25,b0d7da42ac551ba7bc6122f4d50321fc0ee09224068f237e0c42c62a995639b9,3239,80.0,39.0,physical_only,-0.0,-0.0,-0.0,-0.0,-0.0,-0.0
22,22,unloading,0.25,b0d7da42ac551ba7bc6122f4d50321fc0ee09224068f237e0c42c62a995639b9,3302,62.0,40.0,physical_and_cut,-5.888498329362667e-07,-1.377250856050389e-06,-3.4892383669383616e-07,-1.5146484661833467e-07,-2.399259962424306e-07,-1.2257860094320543e-06
22,22,unloading,0.25,b0d7da42ac551ba7bc6122f4d50321fc0ee09224068f237e0c42c62a995639b9,3303,63.0,40.0,cut_only,-0.0,-0.0,-0.0,-0.0,-0.0,-0.0
22,22,unloading,0.25,b0d7da42ac551ba7bc6122f4d50321fc0ee09224068f237e0c42c62a995639b9,3304,64.0,40.0,cut_only,-0.0,-0.0,-0.0,-0.0,-0.0,-0.0
22,22,unloading,0.25,b0d7da42ac551ba7bc6122f4d50321fc0ee09224068f237e0c42c62a995639b9,3305,65.0,40.0,cut_only,-0.0,-0.0,-0.0,-0.0,-0.0,-0.0
22,22,unloading,0.25,b0d7da42ac551ba7bc6122f4d50321fc0ee09224068f237e0c42c62a995639b9,3306,66.0,40.0,cut_only,-0.0,-0.0,-0.0,-0.0,-0.0,-0.0
22,22,unloading,0.25,b0d7da42ac551ba7bc6122f4d50321fc0ee09224068f237e0c42c62a995639b9,3307,67.0,40.0,cut_only,-0.0,-0.0,-0.0,-0.0,-0.0,-0.0
22,22,unloading,0.25,b0d7da42ac551ba7bc6122f4d50321fc0ee09224068f237e0c42c62a995639b9,3308,68.0,40.0,cut_only,-0.0,-0.0,-0.0,-0.0,-0.0,-0.0
22,22,unloading,0.25,b0d7da42ac551ba7bc6122f4d50321fc0ee09224068f237e0c42c62a995639b9,3309,69.0,40.0,cut_only,-0.0,-0.0,-0.0,-0.0,-0.0,-0.0
22,22,unloading,0.25,b0d7da42ac551ba7bc6122f4d50321fc0ee09224068f237e0c42c62a995639b9,3310,70.0,40.0,cut_only,-0.0,-0.0,-0.0,-0.0,-0.0,-0.0
22,22,unloading,0.25,b0d7da42ac551ba7bc6122f4d50321fc0ee09224068f237e0c42c62a995639b9,3311,71.0,40.0,cut_only,-0.0,-0.0,-0.0,-0.0,-0.0,-0.0
22,22,unloading,0.25,b0d7da42ac551ba7bc6122f4d50321fc0ee09224068f237e0c42c62a995639b9,3312,72.0,40.0,cut_only,-0.0,-0.0,-0.0,-0.0,-0.0,-0.0
22,22,unloading,0.25,b0d7da42ac551ba7bc6122f4d50321fc0ee09224068f237e0c42c62a995639b9,3313,73.0,40.0,cut_only,-0.0,-0.0,-0.0,-0.0,-0.0,-0.0
22,22,unloading,0.25,b0d7da42ac551ba7bc6122f4d50321fc0ee09224068f237e0c42c62a995639b9,3314,74.0,40.0,cut_only,-0.0,-0.0,-0.0,-0.0,-0.0,-0.0
22,22,unloading,0.25,b0d7da42ac551ba7bc6122f4d50321fc0ee09224068f237e0c42c62a995639b9,3315,75.0,40.0,cut_only,-0.0,-0.0,-0.0,-0.0,-0.0,-0.0
22,22,unloading,0.25,b0d7da42ac551ba7bc6122f4d50321fc0ee09224068f237e0c42c62a995639b9,3316,76.0,40.0,cut_only,-0.0,-0.0,-0.0,-0.0,-0.0,-0.0
22,22,unloading,0.25,b0d7da42ac551ba7bc6122f4d50321fc0ee09224068f237e0c42c62a995639b9,3317,77.0,40.0,cut_only,-0.0,-0.0,-0.0,-0.0,-0.0,-0.0
22,22,unloading,0.25,b0d7da42ac551ba7bc6122f4d50321fc0ee09224068f237e0c42c62a995639b9,3318,78.0,40.0,cut_only,-0.0,-0.0,-0.0,-0.0,-0.0,-0.0
22,22,unloading,0.25,b0d7da42ac551ba7bc6122f4d50321fc0ee09224068f237e0c42c62a995639b9,3319,79.0,40.0,cut_only,-0.0,-0.0,-0.0,-0.0,-0.0,-0.0
22,22,unloading,0.25,b0d7da42ac551ba7bc6122f4d50321fc0ee09224068f237e0c42c62a995639b9,3320,80.0,40.0,physical_and_cut,-0.0,-0.0,-0.0,-0.0,-0.0,-0.0
23,23,unloading,0.0,73f1f000237306cf81fca6123e0c86b9d9d8a832fc0e046535645ebb5a1a5c2b,2573,62.0,31.0,physical_only,6.7164320092519065e-28,4.679966794584333e-28,1.3302924467351998e-29,-1.12657247206023e-29,6.583402764578386e-28,4.792624041790356e-28
23,23,unloading,0.0,73f1f000237306cf81fca6123e0c86b9d9d8a832fc0e046535645ebb5a1a5c2b,2574,63.0,31.0,physical_only,1.0635204427600226e-29,-1.6259027539172038e-29,1.0210241866516349e-29,-1.3211020204667882e-29,4.249625610838749e-31,-3.0480073345040807e-30
23,23,unloading,0.0,73f1f000237306cf81fca6123e0c86b9d9d8a832fc0e046535645ebb5a1a5c2b,2575,64.0,31.0,physical_only,6.983548656363374e-30,-1.0303312892577484e-29,1.0280671974949831e-29,-1.60036727633666e-29,-3.2971233185864554e-30,5.70035987078907e-30
23,23,unloading,0.0,73f1f000237306cf81fca6123e0c86b9d9d8a832fc0e046535645ebb5a1a5c2b,2576,65.0,31.0,physical_only,7.348997414411372e-30,-6.323437687922712e-30,1.0367696986156551e-29,-1.8830525476386553e-29,-3.0186995717451734e-30,1.2507087788463841e-29
23,23,unloading,0.0,73f1f000237306cf81fca6123e0c86b9d9d8a832fc0e046535645ebb5a1a5c2b,2577,66.0,31.0,physical_only,9.894325356352856e-30,-7.521100491719861e-30,1.046582673164435e-29,-2.1720711583773142e-29,-5.71501375291497e-31,1.4199611092053398e-29
23,23,unloading,0.0,73f1f000237306cf81fca6123e0c86b9d9d8a832fc0e046535645ebb5a1a5c2b,2578,67.0,31.0,physical_only,1.2074351503597816e-29,-1.2521176090330305e-29,1.0565001717831847e-29,-2.4683897665695795e-29,1.5093497857659675e-30,1.2162721575365456e-29
23,23,unloading,0.0,73f1f000237306cf81fca6123e0c86b9d9d8a832fc0e046535645ebb5a1a5c2b,2579,68.0,31.0,physical_only,1.2855920722409377e-29,-1.8891471758770227e-29,1.0657838510054231e-29,-2.771310837130467e-29,2.1980822123551475e-30,8.821636612534379e-30
23,23,unloading,0.0,73f1f000237306cf81fca6123e0c86b9d9d8a832fc0e046535645ebb5a1a5c2b,2580,69.0,31.0,physical_only,1.3422395953995163e-29,-2.496044000793912e-29,1.0740735654871045e-29,-3.079268481163148e-29,2.6816602991241127e-30,5.8322448036922894e-30
23,23,unloading,0.0,73f1f000237306cf81fca6123e0c86b9d9d8a832fc0e046535645ebb5a1a5c2b,2581,70.0,31.0,physical_only,1.422650014124009e-29,-3.15888452754646e-29,1.0812145771275767e-29,-3.3904158539253056e-29,3.414354369964326e-30,2.3153132637884257e-30
23,23,unloading,0.0,73f1f000237306cf81fca6123e0c86b9d9d8a832fc0e046535645ebb5a1a5c2b,2582,71.0,31.0,physical_only,1.4403044430369052e-29,-3.815661504666357e-29,1.0871459009107042e-29,-3.702826617768005e-29,3.531585421262009e-30,-1.1283488689834441e-30
23,23,unloading,0.0,73f1f000237306cf81fca6123e0c86b9d9d8a832fc0e046535645ebb5a1a5c2b,2583,72.0,31.0,physical_only,1.4815324409002498e-29,-4.4805156778884217e-29,1.0917391952353652e-29,-4.014522248859354e-29,3.897932456648849e-30,-4.659934290290676e-30
23,23,unloading,0.0,73f1f000237306cf81fca6123e0c86b9d9d8a832fc0e046535645ebb5a1a5c2b,2584,73.0,31.0,physical_only,1.489128953341418e-29,-5.196777833446616e-29,1.0949395432462272e-29,-4.3234065010477346e-29,3.9418941009519074e-30,-8.733713323988793e-30
23,23,unloading,0.0,73f1f000237306cf81fca6123e0c86b9d9d8a832fc0e046535645ebb5a1a5c2b,2585,74.0,31.0,physical_only,1.2773182772638815e-29,-5.753055476876647e-29,1.0970755358511347e-29,-4.627637384119458e-29,1.8024274141274664e-30,-1.1254180927571902e-29
23,23,unloading,0.0,73f1f000237306cf81fca6123e0c86b9d9d8a832fc0e046535645ebb5a1a5c2b,2586,75.0,31.0,physical_only,1.0182959953997558e-29,-5.875938388354178e-29,1.0988923431974841e-29,-4.9263668726014306e-29,-8.059634779772831e-31,-9.495715157527417e-30
23,23,unloading,0.0,73f1f000237306cf81fca6123e0c86b9d9d8a832fc0e046535645ebb5a1a5c2b,2587,76.0,31.0,physical_only,8.597429497891568e-30,-5.560537134698374e-29,1.1015319931495878e-29,-5.220567085855325e-29,-2.4178904336043098e-30,-3.399700488430469e-30
23,23,unloading,0.0,73f1f000237306cf81fca6123e0c86b9d9d8a832fc0e046535645ebb5a1a5c2b,2588,77.0,31.0,physical_only,1.0143861814397259e-29,-5.442220767995084e-29,1.1052402462202337e-29,-5.512559398798779e-29,-9.085406478050782e-31,7.033863080368964e-31
23,23,unloading,0.0,73f1f000237306cf81fca6123e0c86b9d9d8a832fc0e046535645ebb5a1a5c2b,2589,78.0,31.0,physical_only,1.1404819908130161e-29,-5.590399332410363e-29,1.1097088398402828e-29,-5.804346001090841e-29,3.0773150972733183e-31,2.1394666868048734e-30
23,23,unloading,0.0,73f1f000237306cf81fca6123e0c86b9d9d8a832fc0e046535645ebb5a1a5c2b,2590,79.0,31.0,physical_only,1.2799902085952287e-29,-5.745407017627553e-29,1.1144013485942025e-29,-6.097100171623997e-29,1.6558886000102644e-30,3.5169315399644e-30
23,23,unloading,0.0,73f1f000237306cf81fca6123e0c86b9d9d8a832fc0e046535645ebb5a1a5c2b,2591,80.0,31.0,physical_only,1.6029487186853914e-29,-5.348047348931978e-28,-8.120109387e-30,-2.625643423273924e-29,2.4149596573853914e-29,-5.085483006604586e-28
23,23,unloading,0.0,73f1f000237306cf81fca6123e0c86b9d9d8a832fc0e046535645ebb5a1a5c2b,2654,62.0,32.0,physical_only,-5.224353415601802e-29,-4.541029288103374e-29,4.932247659784587e-30,2.1388000775110996e-31,-5.717578181580261e-29,-4.562417288878485e-29
23,23,unloading,0.0,73f1f000237306cf81fca6123e0c86b9d9d8a832fc0e046535645ebb5a1a5c2b,2655,63.0,32.0,interior,-0.0,-0.0,-0.0,-0.0,-0.0,-0.0
23,23,unloading,0.0,73f1f000237306cf81fca6123e0c86b9d9d8a832fc0e046535645ebb5a1a5c2b,2656,64.0,32.0,interior,-0.0,-0.0,-0.0,-0.0,-0.0,-0.0
23,23,unloading,0.0,73f1f000237306cf81fca6123e0c86b9d9d8a832fc0e046535645ebb5a1a5c2b,2657,65.0,32.0,interior,-0.0,-0.0,-0.0,-0.0,-0.0,-0.0
23,23,unloading,0.0,73f1f000237306cf81fca6123e0c86b9d9d8a832fc0e046535645ebb5a1a5c2b,2658,66.0,32.0,interior,-0.0,-0.0,-0.0,-0.0,-0.0,-0.0
23,23,unloading,0.0,73f1f000237306cf81fca6123e0c86b9d9d8a832fc0e046535645ebb5a1a5c2b,2659,67.0,32.0,interior,-0.0,-0.0,-0.0,-0.0,-0.0,-0.0
23,23,unloading,0.0,73f1f000237306cf81fca6123e0c86b9d9d8a832fc0e046535645ebb5a1a5c2b,2660,68.0,32.0,interior,-0.0,-0.0,-0.0,-0.0,-0.0,-0.0
23,23,unloading,0.0,73f1f000237306cf81fca6123e0c86b9d9d8a832fc0e046535645ebb5a1a5c2b,2661,69.0,32.0,interior,-0.0,-0.0,-0.0,-0.0,-0.0,-0.0
23,23,unloading,0.0,73f1f000237306cf81fca6123e0c86b9d9d8a832fc0e046535645ebb5a1a5c2b,2662,70.0,32.0,interior,-0.0,-0.0,-0.0,-0.0,-0.0,-0.0
23,23,unloading,0.0,73f1f000237306cf81fca6123e0c86b9d9d8a832fc0e046535645ebb5a1a5c2b,2663,71.0,32.0,interior,-0.0,-0.0,-0.0,-0.0,-0.0,-0.0
23,23,unloading,0.0,73f1f000237306cf81fca6123e0c86b9d9d8a832fc0e046535645ebb5a1a5c2b,2664,72.0,32.0,interior,-0.0,-0.0,-0.0,-0.0,-0.0,-0.0
23,23,unloading,0.0,73f1f000237306cf81fca6123e0c86b9d9d8a832fc0e046535645ebb5a1a5c2b,2665,73.0,32.0,interior,-0.0,-0.0,-0.0,-0.0,-0.0,-0.0
23,23,unloading,0.0,73f1f000237306cf81fca6123e0c86b9d9d8a832fc0e046535645ebb5a1a5c2b,2666,74.0,32.0,interior,-0.0,-0.0,-0.0,-0.0,-0.0,-0.0
23,23,unloading,0.0,73f1f000237306cf81fca6123e0c86b9d9d8a832fc0e046535645ebb5a1a5c2b,2667,75.0,32.0,interior,-0.0,-0.0,-0.0,-0.0,-0.0,-0.0
23,23,unloading,0.0,73f1f000237306cf81fca6123e0c86b9d9d8a832fc0e046535645ebb5a1a5c2b,2668,76.0,32.0,interior,-0.0,-0.0,-0.0,-0.0,-0.0,-0.0
23,23,unloading,0.0,73f1f000237306cf81fca6123e0c86b9d9d8a832fc0e046535645ebb5a1a5c2b,2669,77.0,32.0,interior,-0.0,-0.0,-0.0,-0.0,-0.0,-0.0
23,23,unloading,0.0,73f1f000237306cf81fca6123e0c86b9d9d8a832fc0e046535645ebb5a1a5c2b,2670,78.0,32.0,interior,-0.0,-0.0,-0.0,-0.0,-0.0,-0.0
23,23,unloading,0.0,73f1f000237306cf81fca6123e0c86b9d9d8a832fc0e046535645ebb5a1a5c2b,2671,79.0,32.0,interior,-0.0,-0.0,-0.0,-0.0,-0.0,-0.0
23,23,unloading,0.0,73f1f000237306cf81fca6123e0c86b9d9d8a832fc0e046535645ebb5a1a5c2b,2672,80.0,32.0,physical_only,-0.0,-0.0,-0.0,-0.0,-0.0,-0.0
23,23,unloading,0.0,73f1f000237306cf81fca6123e0c86b9d9d8a832fc0e046535645ebb5a1a5c2b,2735,62.0,33.0,physical_only,-5.76634238809062e-30,-3.8735877280826656e-29,5.561107946716864e-30,-3.607995670091544e-33,-1.1327450334807502e-29,-3.8732269285156564e-29
23,23,unloading,0.0,73f1f000237306cf81fca6123e0c86b9d9d8a832fc0e046535645ebb5a1a5c2b,2736,63.0,33.0,interior,-0.0,-0.0,-0.0,-0.0,-0.0,-0.0
23,23,unloading,0.0,73f1f000237306cf81fca6123e0c86b9d9d8a832fc0e046535645ebb5a1a5c2b,2737,64.0,33.0,interior,-0.0,-0.0,-0.0,-0.0,-0.0,-0.0
23,23,unloading,0.0,73f1f000237306cf81fca6123e0c86b9d9d8a832fc0e046535645ebb5a1a5c2b,2738,65.0,33.0,interior,-0.0,-0.0,-0.0,-0.0,-0.0,-0.0
23,23,unloading,0.0,73f1f000237306cf81fca6123e0c86b9d9d8a832fc0e046535645ebb5a1a5c2b,2739,66.0,33.0,interior,-0.0,-0.0,-0.0,-0.0,-0.0,-0.0
23,23,unloading,0.0,73f1f000237306cf81fca6123e0c86b9d9d8a832fc0e046535645ebb5a1a5c2b,2740,67.0,33.0,interior,-0.0,-0.0,-0.0,-0.0,-0.0,-0.0
23,23,unloading,0.0,73f1f000237306cf81fca6123e0c86b9d9d8a832fc0e046535645ebb5a1a5c2b,2741,68.0,33.0,interior,-0.0,-0.0,-0.0,-0.0,-0.0,-0.0
23,23,unloading,0.0,73f1f000237306cf81fca6123e0c86b9d9d8a832fc0e046535645ebb5a1a5c2b,2742,69.0,33.0,interior,-0.0,-0.0,-0.0,-0.0,-0.0,-0.0
23,23,unloading,0.0,73f1f000237306cf81fca6123e0c86b9d9d8a832fc0e046535645ebb5a1a5c2b,2743,70.0,33.0,interior,-0.0,-0.0,-0.0,-0.0,-0.0,-0.0
23,23,unloading,0.0,73f1f000237306cf81fca6123e0c86b9d9d8a832fc0e046535645ebb5a1a5c2b,2744,71.0,33.0,interior,-0.0,-0.0,-0.0,-0.0,-0.0,-0.0
23,23,unloading,0.0,73f1f000237306cf81fca6123e0c86b9d9d8a832fc0e046535645ebb5a1a5c2b,2745,72.0,33.0,interior,-0.0,-0.0,-0.0,-0.0,-0.0,-0.0
23,23,unloading,0.0,73f1f000237306cf81fca6123e0c86b9d9d8a832fc0e046535645ebb5a1a5c2b,2746,73.0,33.0,interior,-0.0,-0.0,-0.0,-0.0,-0.0,-0.0
23,23,unloading,0.0,73f1f000237306cf81fca6123e0c86b9d9d8a832fc0e046535645ebb5a1a5c2b,2747,74.0,33.0,interior,-0.0,-0.0,-0.0,-0.0,-0.0,-0.0
23,23,unloading,0.0,73f1f000237306cf81fca6123e0c86b9d9d8a832fc0e046535645ebb5a1a5c2b,2748,75.0,33.0,interior,-0.0,-0.0,-0.0,-0.0,-0.0,-0.0
23,23,unloading,0.0,73f1f000237306cf81fca6123e0c86b9d9d8a832fc0e046535645ebb5a1a5c2b,2749,76.0,33.0,interior,-0.0,-0.0,-0.0,-0.0,-0.0,-0.0
23,23,unloading,0.0,73f1f000237306cf81fca6123e0c86b9d9d8a832fc0e046535645ebb5a1a5c2b,2750,77.0,33.0,interior,-0.0,-0.0,-0.0,-0.0,-0.0,-0.0
23,23,unloading,0.0,73f1f000237306cf81fca6123e0c86b9d9d8a832fc0e046535645ebb5a1a5c2b,2751,78.0,33.0,interior,-0.0,-0.0,-0.0,-0.0,-0.0,-0.0
23,23,unloading,0.0,73f1f000237306cf81fca6123e0c86b9d9d8a832fc0e046535645ebb5a1a5c2b,2752,79.0,33.0,interior,-0.0,-0.0,-0.0,-0.0,-0.0,-0.0
23,23,unloading,0.0,73f1f000237306cf81fca6123e0c86b9d9d8a832fc0e046535645ebb5a1a5c2b,2753,80.0,33.0,physical_only,-0.0,-0.0,-0.0,-0.0,-0.0,-0.0
23,23,unloading,0.0,73f1f000237306cf81fca6123e0c86b9d9d8a832fc0e046535645ebb5a1a5c2b,2816,62.0,34.0,physical_only,2.130490944776112e-29,-2.3391813663310016e-29,6.30299834800649e-30,-9.282911220198955e-32,1.5001911099754638e-29,-2.329898455110803e-29
23,23,unloading,0.0,73f1f000237306cf81fca6123e0c86b9d9d8a832fc0e046535645ebb5a1a5c2b,2817,63.0,34.0,interior,-0.0,-0.0,-0.0,-0.0,-0.0,-0.0
23,23,unloading,0.0,73f1f000237306cf81fca6123e0c86b9d9d8a832fc0e046535645ebb5a1a5c2b,2818,64.0,34.0,interior,-0.0,-0.0,-0.0,-0.0,-0.0,-0.0
23,23,unloading,0.0,73f1f000237306cf81fca6123e0c86b9d9d8a832fc0e046535645ebb5a1a5c2b,2819,65.0,34.0,interior,-0.0,-0.0,-0.0,-0.0,-0.0,-0.0
23,23,unloading,0.0,73f1f000237306cf81fca6123e0c86b9d9d8a832fc0e046535645ebb5a1a5c2b,2820,66.0,34.0,interior,-0.0,-0.0,-0.0,-0.0,-0.0,-0.0
23,23,unloading,0.0,73f1f000237306cf81fca6123e0c86b9d9d8a832fc0e046535645ebb5a1a5c2b,2821,67.0,34.0,interior,-0.0,-0.0,-0.0,-0.0,-0.0,-0.0
23,23,unloading,0.0,73f1f000237306cf81fca6123e0c86b9d9d8a832fc0e046535645ebb5a1a5c2b,2822,68.0,34.0,interior,-0.0,-0.0,-0.0,-0.0,-0.0,-0.0
23,23,unloading,0.0,73f1f000237306cf81fca6123e0c86b9d9d8a832fc0e046535645ebb5a1a5c2b,2823,69.0,34.0,interior,-0.0,-0.0,-0.0,-0.0,-0.0,-0.0
23,23,unloading,0.0,73f1f000237306cf81fca6123e0c86b9d9d8a832fc0e046535645ebb5a1a5c2b,2824,70.0,34.0,interior,-0.0,-0.0,-0.0,-0.0,-0.0,-0.0
23,23,unloading,0.0,73f1f000237306cf81fca6123e0c86b9d9d8a832fc0e046535645ebb5a1a5c2b,2825,71.0,34.0,interior,-0.0,-0.0,-0.0,-0.0,-0.0,-0.0
23,23,unloading,0.0,73f1f000237306cf81fca6123e0c86b9d9d8a832fc0e046535645ebb5a1a5c2b,2826,72.0,34.0,interior,-0.0,-0.0,-0.0,-0.0,-0.0,-0.0
23,23,unloading,0.0,73f1f000237306cf81fca6123e0c86b9d9d8a832fc0e046535645ebb5a1a5c2b,2827,73.0,34.0,interior,-0.0,-0.0,-0.0,-0.0,-0.0,-0.0
23,23,unloading,0.0,73f1f000237306cf81fca6123e0c86b9d9d8a832fc0e046535645ebb5a1a5c2b,2828,74.0,34.0,interior,-0.0,-0.0,-0.0,-0.0,-0.0,-0.0
23,23,unloading,0.0,73f1f000237306cf81fca6123e0c86b9d9d8a832fc0e046535645ebb5a1a5c2b,2829,75.0,34.0,interior,-0.0,-0.0,-0.0,-0.0,-0.0,-0.0
23,23,unloading,0.0,73f1f000237306cf81fca6123e0c86b9d9d8a832fc0e046535645ebb5a1a5c2b,2830,76.0,34.0,interior,-0.0,-0.0,-0.0,-0.0,-0.0,-0.0
23,23,unloading,0.0,73f1f000237306cf81fca6123e0c86b9d9d8a832fc0e046535645ebb5a1a5c2b,2831,77.0,34.0,interior,-0.0,-0.0,-0.0,-0.0,-0.0,-0.0
23,23,unloading,0.0,73f1f000237306cf81fca6123e0c86b9d9d8a832fc0e046535645ebb5a1a5c2b,2832,78.0,34.0,interior,-0.0,-0.0,-0.0,-0.0,-0.0,-0.0
23,23,unloading,0.0,73f1f000237306cf81fca6123e0c86b9d9d8a832fc0e046535645ebb5a1a5c2b,2833,79.0,34.0,interior,-0.0,-0.0,-0.0,-0.0,-0.0,-0.0
23,23,unloading,0.0,73f1f000237306cf81fca6123e0c86b9d9d8a832fc0e046535645ebb5a1a5c2b,2834,80.0,34.0,physical_only,-0.0,-0.0,-0.0,-0.0,-0.0,-0.0
23,23,unloading,0.0,73f1f000237306cf81fca6123e0c86b9d9d8a832fc0e046535645ebb5a1a5c2b,2897,62.0,35.0,physical_only,3.224261832115423e-29,-9.162285738273473e-30,7.008634522540805e-30,-1.0412632095980664e-31,2.5233983798613408e-29,-9.058159417313665e-30
23,23,unloading,0.0,73f1f000237306cf81fca6123e0c86b9d9d8a832fc0e046535645ebb5a1a5c2b,2898,63.0,35.0,interior,-0.0,-0.0,-0.0,-0.0,-0.0,-0.0
23,23,unloading,0.0,73f1f000237306cf81fca6123e0c86b9d9d8a832fc0e046535645ebb5a1a5c2b,2899,64.0,35.0,interior,-0.0,-0.0,-0.0,-0.0,-0.0,-0.0
23,23,unloading,0.0,73f1f000237306cf81fca6123e0c86b9d9d8a832fc0e046535645ebb5a1a5c2b,2900,65.0,35.0,interior,-0.0,-0.0,-0.0,-0.0,-0.0,-0.0
23,23,unloading,0.0,73f1f000237306cf81fca6123e0c86b9d9d8a832fc0e046535645ebb5a1a5c2b,2901,66.0,35.0,interior,-0.0,-0.0,-0.0,-0.0,-0.0,-0.0
23,23,unloading,0.0,73f1f000237306cf81fca6123e0c86b9d9d8a832fc0e046535645ebb5a1a5c2b,2902,67.0,35.0,interior,-0.0,-0.0,-0.0,-0.0,-0.0,-0.0
23,23,unloading,0.0,73f1f000237306cf81fca6123e0c86b9d9d8a832fc0e046535645ebb5a1a5c2b,2903,68.0,35.0,interior,-0.0,-0.0,-0.0,-0.0,-0.0,-0.0
23,23,unloading,0.0,73f1f000237306cf81fca6123e0c86b9d9d8a832fc0e046535645ebb5a1a5c2b,2904,69.0,35.0,interior,-0.0,-0.0,-0.0,-0.0,-0.0,-0.0
23,23,unloading,0.0,73f1f000237306cf81fca6123e0c86b9d9d8a832fc0e046535645ebb5a1a5c2b,2905,70.0,35.0,interior,-0.0,-0.0,-0.0,-0.0,-0.0,-0.0
23,23,unloading,0.0,73f1f000237306cf81fca6123e0c86b9d9d8a832fc0e046535645ebb5a1a5c2b,2906,71.0,35.0,interior,-0.0,-0.0,-0.0,-0.0,-0.0,-0.0
23,23,unloading,0.0,73f1f000237306cf81fca6123e0c86b9d9d8a832fc0e046535645ebb5a1a5c2b,2907,72.0,35.0,interior,-0.0,-0.0,-0.0,-0.0,-0.0,-0.0
23,23,unloading,0.0,73f1f000237306cf81fca6123e0c86b9d9d8a832fc0e046535645ebb5a1a5c2b,2908,73.0,35.0,interior,-0.0,-0.0,-0.0,-0.0,-0.0,-0.0
23,23,unloading,0.0,73f1f000237306cf81fca6123e0c86b9d9d8a832fc0e046535645ebb5a1a5c2b,2909,74.0,35.0,interior,-0.0,-0.0,-0.0,-0.0,-0.0,-0.0
23,23,unloading,0.0,73f1f000237306cf81fca6123e0c86b9d9d8a832fc0e046535645ebb5a1a5c2b,2910,75.0,35.0,interior,-0.0,-0.0,-0.0,-0.0,-0.0,-0.0
23,23,unloading,0.0,73f1f000237306cf81fca6123e0c86b9d9d8a832fc0e046535645ebb5a1a5c2b,2911,76.0,35.0,interior,-0.0,-0.0,-0.0,-0.0,-0.0,-0.0
23,23,unloading,0.0,73f1f000237306cf81fca6123e0c86b9d9d8a832fc0e046535645ebb5a1a5c2b,2912,77.0,35.0,interior,-0.0,-0.0,-0.0,-0.0,-0.0,-0.0
23,23,unloading,0.0,73f1f000237306cf81fca6123e0c86b9d9d8a832fc0e046535645ebb5a1a5c2b,2913,78.0,35.0,interior,-0.0,-0.0,-0.0,-0.0,-0.0,-0.0
23,23,unloading,0.0,73f1f000237306cf81fca6123e0c86b9d9d8a832fc0e046535645ebb5a1a5c2b,2914,79.0,35.0,interior,-0.0,-0.0,-0.0,-0.0,-0.0,-0.0
23,23,unloading,0.0,73f1f000237306cf81fca6123e0c86b9d9d8a832fc0e046535645ebb5a1a5c2b,2915,80.0,35.0,physical_only,-0.0,-0.0,-0.0,-0.0,-0.0,-0.0
23,23,unloading,0.0,73f1f000237306cf81fca6123e0c86b9d9d8a832fc0e046535645ebb5a1a5c2b,2978,62.0,36.0,physical_only,3.412622587790486e-29,-5.726059258990367e-31,7.602700514653956e-30,-8.144331066942464e-32,2.65235253632509e-29,-4.911626152296114e-31
23,23,unloading,0.0,73f1f000237306cf81fca6123e0c86b9d9d8a832fc0e046535645ebb5a1a5c2b,2979,63.0,36.0,interior,-0.0,-0.0,-0.0,-0.0,-0.0,-0.0
23,23,unloading,0.0,73f1f000237306cf81fca6123e0c86b9d9d8a832fc0e046535645ebb5a1a5c2b,2980,64.0,36.0,interior,-0.0,-0.0,-0.0,-0.0,-0.0,-0.0
23,23,unloading,0.0,73f1f000237306cf81fca6123e0c86b9d9d8a832fc0e046535645ebb5a1a5c2b,2981,65.0,36.0,interior,-0.0,-0.0,-0.0,-0.0,-0.0,-0.0
23,23,unloading,0.0,73f1f000237306cf81fca6123e0c86b9d9d8a832fc0e046535645ebb5a1a5c2b,2982,66.0,36.0,interior,-0.0,-0.0,-0.0,-0.0,-0.0,-0.0
23,23,unloading,0.0,73f1f000237306cf81fca6123e0c86b9d9d8a832fc0e046535645ebb5a1a5c2b,2983,67.0,36.0,interior,-0.0,-0.0,-0.0,-0.0,-0.0,-0.0
23,23,unloading,0.0,73f1f000237306cf81fca6123e0c86b9d9d8a832fc0e046535645ebb5a1a5c2b,2984,68.0,36.0,interior,-0.0,-0.0,-0.0,-0.0,-0.0,-0.0
23,23,unloading,0.0,73f1f000237306cf81fca6123e0c86b9d9d8a832fc0e046535645ebb5a1a5c2b,2985,69.0,36.0,interior,-0.0,-0.0,-0.0,-0.0,-0.0,-0.0
23,23,unloading,0.0,73f1f000237306cf81fca6123e0c86b9d9d8a832fc0e046535645ebb5a1a5c2b,2986,70.0,36.0,interior,-0.0,-0.0,-0.0,-0.0,-0.0,-0.0
23,23,unloading,0.0,73f1f000237306cf81fca6123e0c86b9d9d8a832fc0e046535645ebb5a1a5c2b,2987,71.0,36.0,interior,-0.0,-0.0,-0.0,-0.0,-0.0,-0.0
23,23,unloading,0.0,73f1f000237306cf81fca6123e0c86b9d9d8a832fc0e046535645ebb5a1a5c2b,2988,72.0,36.0,interior,-0.0,-0.0,-0.0,-0.0,-0.0,-0.0
23,23,unloading,0.0,73f1f000237306cf81fca6123e0c86b9d9d8a832fc0e046535645ebb5a1a5c2b,2989,73.0,36.0,interior,-0.0,-0.0,-0.0,-0.0,-0.0,-0.0
23,23,unloading,0.0,73f1f000237306cf81fca6123e0c86b9d9d8a832fc0e046535645ebb5a1a5c2b,2990,74.0,36.0,interior,-0.0,-0.0,-0.0,-0.0,-0.0,-0.0
23,23,unloading,0.0,73f1f000237306cf81fca6123e0c86b9d9d8a832fc0e046535645ebb5a1a5c2b,2991,75.0,36.0,interior,-0.0,-0.0,-0.0,-0.0,-0.0,-0.0
23,23,unloading,0.0,73f1f000237306cf81fca6123e0c86b9d9d8a832fc0e046535645ebb5a1a5c2b,2992,76.0,36.0,interior,-0.0,-0.0,-0.0,-0.0,-0.0,-0.0
23,23,unloading,0.0,73f1f000237306cf81fca6123e0c86b9d9d8a832fc0e046535645ebb5a1a5c2b,2993,77.0,36.0,interior,-0.0,-0.0,-0.0,-0.0,-0.0,-0.0
23,23,unloading,0.0,73f1f000237306cf81fca6123e0c86b9d9d8a832fc0e046535645ebb5a1a5c2b,2994,78.0,36.0,interior,-0.0,-0.0,-0.0,-0.0,-0.0,-0.0
23,23,unloading,0.0,73f1f000237306cf81fca6123e0c86b9d9d8a832fc0e046535645ebb5a1a5c2b,2995,79.0,36.0,interior,-0.0,-0.0,-0.0,-0.0,-0.0,-0.0
23,23,unloading,0.0,73f1f000237306cf81fca6123e0c86b9d9d8a832fc0e046535645ebb5a1a5c2b,2996,80.0,36.0,physical_only,-0.0,-0.0,-0.0,-0.0,-0.0,-0.0
23,23,unloading,0.0,73f1f000237306cf81fca6123e0c86b9d9d8a832fc0e046535645ebb5a1a5c2b,3059,62.0,37.0,physical_only,3.2443839433729303e-29,2.984535766775848e-30,8.059780757242064e-30,-5.256701930853029e-32,2.438405867648725e-29,3.0371027860843773e-30
23,23,unloading,0.0,73f1f000237306cf81fca6123e0c86b9d9d8a832fc0e046535645ebb5a1a5c2b,3060,63.0,37.0,interior,-0.0,-0.0,-0.0,-0.0,-0.0,-0.0
23,23,unloading,0.0,73f1f000237306cf81fca6123e0c86b9d9d8a832fc0e046535645ebb5a1a5c2b,3061,64.0,37.0,interior,-0.0,-0.0,-0.0,-0.0,-0.0,-0.0
23,23,unloading,0.0,73f1f000237306cf81fca6123e0c86b9d9d8a832fc0e046535645ebb5a1a5c2b,3062,65.0,37.0,interior,-0.0,-0.0,-0.0,-0.0,-0.0,-0.0
23,23,unloading,0.0,73f1f000237306cf81fca6123e0c86b9d9d8a832fc0e046535645ebb5a1a5c2b,3063,66.0,37.0,interior,-0.0,-0.0,-0.0,-0.0,-0.0,-0.0
23,23,unloading,0.0,73f1f000237306cf81fca6123e0c86b9d9d8a832fc0e046535645ebb5a1a5c2b,3064,67.0,37.0,interior,-0.0,-0.0,-0.0,-0.0,-0.0,-0.0
23,23,unloading,0.0,73f1f000237306cf81fca6123e0c86b9d9d8a832fc0e046535645ebb5a1a5c2b,3065,68.0,37.0,interior,-0.0,-0.0,-0.0,-0.0,-0.0,-0.0
23,23,unloading,0.0,73f1f000237306cf81fca6123e0c86b9d9d8a832fc0e046535645ebb5a1a5c2b,3066,69.0,37.0,interior,-0.0,-0.0,-0.0,-0.0,-0.0,-0.0
23,23,unloading,0.0,73f1f000237306cf81fca6123e0c86b9d9d8a832fc0e046535645ebb5a1a5c2b,3067,70.0,37.0,interior,-0.0,-0.0,-0.0,-0.0,-0.0,-0.0
23,23,unloading,0.0,73f1f000237306cf81fca6123e0c86b9d9d8a832fc0e046535645ebb5a1a5c2b,3068,71.0,37.0,interior,-0.0,-0.0,-0.0,-0.0,-0.0,-0.0
23,23,unloading,0.0,73f1f000237306cf81fca6123e0c86b9d9d8a832fc0e046535645ebb5a1a5c2b,3069,72.0,37.0,interior,-0.0,-0.0,-0.0,-0.0,-0.0,-0.0
23,23,unloading,0.0,73f1f000237306cf81fca6123e0c86b9d9d8a832fc0e046535645ebb5a1a5c2b,3070,73.0,37.0,interior,-0.0,-0.0,-0.0,-0.0,-0.0,-0.0
23,23,unloading,0.0,73f1f000237306cf81fca6123e0c86b9d9d8a832fc0e046535645ebb5a1a5c2b,3071,74.0,37.0,interior,-0.0,-0.0,-0.0,-0.0,-0.0,-0.0
23,23,unloading,0.0,73f1f000237306cf81fca6123e0c86b9d9d8a832fc0e046535645ebb5a1a5c2b,3072,75.0,37.0,interior,-0.0,-0.0,-0.0,-0.0,-0.0,-0.0
23,23,unloading,0.0,73f1f000237306cf81fca6123e0c86b9d9d8a832fc0e046535645ebb5a1a5c2b,3073,76.0,37.0,interior,-0.0,-0.0,-0.0,-0.0,-0.0,-0.0
23,23,unloading,0.0,73f1f000237306cf81fca6123e0c86b9d9d8a832fc0e046535645ebb5a1a5c2b,3074,77.0,37.0,interior,-0.0,-0.0,-0.0,-0.0,-0.0,-0.0
23,23,unloading,0.0,73f1f000237306cf81fca6123e0c86b9d9d8a832fc0e046535645ebb5a1a5c2b,3075,78.0,37.0,interior,-0.0,-0.0,-0.0,-0.0,-0.0,-0.0
23,23,unloading,0.0,73f1f000237306cf81fca6123e0c86b9d9d8a832fc0e046535645ebb5a1a5c2b,3076,79.0,37.0,interior,-0.0,-0.0,-0.0,-0.0,-0.0,-0.0
23,23,unloading,0.0,73f1f000237306cf81fca6123e0c86b9d9d8a832fc0e046535645ebb5a1a5c2b,3077,80.0,37.0,physical_only,-0.0,-0.0,-0.0,-0.0,-0.0,-0.0
23,23,unloading,0.0,73f1f000237306cf81fca6123e0c86b9d9d8a832fc0e046535645ebb5a1a5c2b,3140,62.0,38.0,physical_only,3.062396701967142e-29,3.225668894445175e-30,8.37937503000222e-30,-2.9038306512839763e-32,2.2244591989669203e-29,3.254707200958015e-30
23,23,unloading,0.0,73f1f000237306cf81fca6123e0c86b9d9d8a832fc0e046535645ebb5a1a5c2b,3141,63.0,38.0,interior,-0.0,-0.0,-0.0,-0.0,-0.0,-0.0
23,23,unloading,0.0,73f1f000237306cf81fca6123e0c86b9d9d8a832fc0e046535645ebb5a1a5c2b,3142,64.0,38.0,interior,-0.0,-0.0,-0.0,-0.0,-0.0,-0.0
23,23,unloading,0.0,73f1f000237306cf81fca6123e0c86b9d9d8a832fc0e046535645ebb5a1a5c2b,3143,65.0,38.0,interior,-0.0,-0.0,-0.0,-0.0,-0.0,-0.0
23,23,unloading,0.0,73f1f000237306cf81fca6123e0c86b9d9d8a832fc0e046535645ebb5a1a5c2b,3144,66.0,38.0,interior,-0.0,-0.0,-0.0,-0.0,-0.0,-0.0
23,23,unloading,0.0,73f1f000237306cf81fca6123e0c86b9d9d8a832fc0e046535645ebb5a1a5c2b,3145,67.0,38.0,interior,-0.0,-0.0,-0.0,-0.0,-0.0,-0.0
23,23,unloading,0.0,73f1f000237306cf81fca6123e0c86b9d9d8a832fc0e046535645ebb5a1a5c2b,3146,68.0,38.0,interior,-0.0,-0.0,-0.0,-0.0,-0.0,-0.0
23,23,unloading,0.0,73f1f000237306cf81fca6123e0c86b9d9d8a832fc0e046535645ebb5a1a5c2b,3147,69.0,38.0,interior,-0.0,-0.0,-0.0,-0.0,-0.0,-0.0
23,23,unloading,0.0,73f1f000237306cf81fca6123e0c86b9d9d8a832fc0e046535645ebb5a1a5c2b,3148,70.0,38.0,interior,-0.0,-0.0,-0.0,-0.0,-0.0,-0.0
23,23,unloading,0.0,73f1f000237306cf81fca6123e0c86b9d9d8a832fc0e046535645ebb5a1a5c2b,3149,71.0,38.0,interior,-0.0,-0.0,-0.0,-0.0,-0.0,-0.0
23,23,unloading,0.0,73f1f000237306cf81fca6123e0c86b9d9d8a832fc0e046535645ebb5a1a5c2b,3150,72.0,38.0,interior,-0.0,-0.0,-0.0,-0.0,-0.0,-0.0
23,23,unloading,0.0,73f1f000237306cf81fca6123e0c86b9d9d8a832fc0e046535645ebb5a1a5c2b,3151,73.0,38.0,interior,-0.0,-0.0,-0.0,-0.0,-0.0,-0.0
23,23,unloading,0.0,73f1f000237306cf81fca6123e0c86b9d9d8a832fc0e046535645ebb5a1a5c2b,3152,74.0,38.0,interior,-0.0,-0.0,-0.0,-0.0,-0.0,-0.0
23,23,unloading,0.0,73f1f000237306cf81fca6123e0c86b9d9d8a832fc0e046535645ebb5a1a5c2b,3153,75.0,38.0,interior,-0.0,-0.0,-0.0,-0.0,-0.0,-0.0
23,23,unloading,0.0,73f1f000237306cf81fca6123e0c86b9d9d8a832fc0e046535645ebb5a1a5c2b,3154,76.0,38.0,interior,-0.0,-0.0,-0.0,-0.0,-0.0,-0.0
23,23,unloading,0.0,73f1f000237306cf81fca6123e0c86b9d9d8a832fc0e046535645ebb5a1a5c2b,3155,77.0,38.0,interior,-0.0,-0.0,-0.0,-0.0,-0.0,-0.0
23,23,unloading,0.0,73f1f000237306cf81fca6123e0c86b9d9d8a832fc0e046535645ebb5a1a5c2b,3156,78.0,38.0,interior,-0.0,-0.0,-0.0,-0.0,-0.0,-0.0
23,23,unloading,0.0,73f1f000237306cf81fca6123e0c86b9d9d8a832fc0e046535645ebb5a1a5c2b,3157,79.0,38.0,interior,-0.0,-0.0,-0.0,-0.0,-0.0,-0.0
23,23,unloading,0.0,73f1f000237306cf81fca6123e0c86b9d9d8a832fc0e046535645ebb5a1a5c2b,3158,80.0,38.0,physical_only,-0.0,-0.0,-0.0,-0.0,-0.0,-0.0
23,23,unloading,0.0,73f1f000237306cf81fca6123e0c86b9d9d8a832fc0e046535645ebb5a1a5c2b,3221,62.0,39.0,physical_only,2.959598323722197e-29,1.8670502646439322e-30,8.567663405088583e-30,-1.2395889566963125e-32,2.1028319832133383e-29,1.8794461542108967e-30
23,23,unloading,0.0,73f1f000237306cf81fca6123e0c86b9d9d8a832fc0e046535645ebb5a1a5c2b,3222,63.0,39.0,interior,-0.0,-0.0,-0.0,-0.0,-0.0,-0.0
23,23,unloading,0.0,73f1f000237306cf81fca6123e0c86b9d9d8a832fc0e046535645ebb5a1a5c2b,3223,64.0,39.0,interior,-0.0,-0.0,-0.0,-0.0,-0.0,-0.0
23,23,unloading,0.0,73f1f000237306cf81fca6123e0c86b9d9d8a832fc0e046535645ebb5a1a5c2b,3224,65.0,39.0,interior,-0.0,-0.0,-0.0,-0.0,-0.0,-0.0
23,23,unloading,0.0,73f1f000237306cf81fca6123e0c86b9d9d8a832fc0e046535645ebb5a1a5c2b,3225,66.0,39.0,interior,-0.0,-0.0,-0.0,-0.0,-0.0,-0.0
23,23,unloading,0.0,73f1f000237306cf81fca6123e0c86b9d9d8a832fc0e046535645ebb5a1a5c2b,3226,67.0,39.0,interior,-0.0,-0.0,-0.0,-0.0,-0.0,-0.0
23,23,unloading,0.0,73f1f000237306cf81fca6123e0c86b9d9d8a832fc0e046535645ebb5a1a5c2b,3227,68.0,39.0,interior,-0.0,-0.0,-0.0,-0.0,-0.0,-0.0
23,23,unloading,0.0,73f1f000237306cf81fca6123e0c86b9d9d8a832fc0e046535645ebb5a1a5c2b,3228,69.0,39.0,interior,-0.0,-0.0,-0.0,-0.0,-0.0,-0.0
23,23,unloading,0.0,73f1f000237306cf81fca6123e0c86b9d9d8a832fc0e046535645ebb5a1a5c2b,3229,70.0,39.0,interior,-0.0,-0.0,-0.0,-0.0,-0.0,-0.0
23,23,unloading,0.0,73f1f000237306cf81fca6123e0c86b9d9d8a832fc0e046535645ebb5a1a5c2b,3230,71.0,39.0,interior,-0.0,-0.0,-0.0,-0.0,-0.0,-0.0
23,23,unloading,0.0,73f1f000237306cf81fca6123e0c86b9d9d8a832fc0e046535645ebb5a1a5c2b,3231,72.0,39.0,interior,-0.0,-0.0,-0.0,-0.0,-0.0,-0.0
23,23,unloading,0.0,73f1f000237306cf81fca6123e0c86b9d9d8a832fc0e046535645ebb5a1a5c2b,3232,73.0,39.0,interior,-0.0,-0.0,-0.0,-0.0,-0.0,-0.0
23,23,unloading,0.0,73f1f000237306cf81fca6123e0c86b9d9d8a832fc0e046535645ebb5a1a5c2b,3233,74.0,39.0,interior,-0.0,-0.0,-0.0,-0.0,-0.0,-0.0
23,23,unloading,0.0,73f1f000237306cf81fca6123e0c86b9d9d8a832fc0e046535645ebb5a1a5c2b,3234,75.0,39.0,interior,-0.0,-0.0,-0.0,-0.0,-0.0,-0.0
23,23,unloading,0.0,73f1f000237306cf81fca6123e0c86b9d9d8a832fc0e046535645ebb5a1a5c2b,3235,76.0,39.0,interior,-0.0,-0.0,-0.0,-0.0,-0.0,-0.0
23,23,unloading,0.0,73f1f000237306cf81fca6123e0c86b9d9d8a832fc0e046535645ebb5a1a5c2b,3236,77.0,39.0,interior,-0.0,-0.0,-0.0,-0.0,-0.0,-0.0
23,23,unloading,0.0,73f1f000237306cf81fca6123e0c86b9d9d8a832fc0e046535645ebb5a1a5c2b,3237,78.0,39.0,interior,-0.0,-0.0,-0.0,-0.0,-0.0,-0.0
23,23,unloading,0.0,73f1f000237306cf81fca6123e0c86b9d9d8a832fc0e046535645ebb5a1a5c2b,3238,79.0,39.0,interior,-0.0,-0.0,-0.0,-0.0,-0.0,-0.0
23,23,unloading,0.0,73f1f000237306cf81fca6123e0c86b9d9d8a832fc0e046535645ebb5a1a5c2b,3239,80.0,39.0,physical_only,-0.0,-0.0,-0.0,-0.0,-0.0,-0.0
23,23,unloading,0.0,73f1f000237306cf81fca6123e0c86b9d9d8a832fc0e046535645ebb5a1a5c2b,3302,62.0,40.0,physical_and_cut,1.4587252260777646e-29,-1.8049131638568528e-29,4.314881388070278e-30,1.8599693800365275e-30,1.0272370872707369e-29,-1.9909101018605055e-29
23,23,unloading,0.0,73f1f000237306cf81fca6123e0c86b9d9d8a832fc0e046535645ebb5a1a5c2b,3303,63.0,40.0,cut_only,-0.0,-0.0,-0.0,-0.0,-0.0,-0.0
23,23,unloading,0.0,73f1f000237306cf81fca6123e0c86b9d9d8a832fc0e046535645ebb5a1a5c2b,3304,64.0,40.0,cut_only,-0.0,-0.0,-0.0,-0.0,-0.0,-0.0
23,23,unloading,0.0,73f1f000237306cf81fca6123e0c86b9d9d8a832fc0e046535645ebb5a1a5c2b,3305,65.0,40.0,cut_only,-0.0,-0.0,-0.0,-0.0,-0.0,-0.0
23,23,unloading,0.0,73f1f000237306cf81fca6123e0c86b9d9d8a832fc0e046535645ebb5a1a5c2b,3306,66.0,40.0,cut_only,-0.0,-0.0,-0.0,-0.0,-0.0,-0.0
23,23,unloading,0.0,73f1f000237306cf81fca6123e0c86b9d9d8a832fc0e046535645ebb5a1a5c2b,3307,67.0,40.0,cut_only,-0.0,-0.0,-0.0,-0.0,-0.0,-0.0
23,23,unloading,0.0,73f1f000237306cf81fca6123e0c86b9d9d8a832fc0e046535645ebb5a1a5c2b,3308,68.0,40.0,cut_only,-0.0,-0.0,-0.0,-0.0,-0.0,-0.0
23,23,unloading,0.0,73f1f000237306cf81fca6123e0c86b9d9d8a832fc0e046535645ebb5a1a5c2b,3309,69.0,40.0,cut_only,-0.0,-0.0,-0.0,-0.0,-0.0,-0.0
23,23,unloading,0.0,73f1f000237306cf81fca6123e0c86b9d9d8a832fc0e046535645ebb5a1a5c2b,3310,70.0,40.0,cut_only,-0.0,-0.0,-0.0,-0.0,-0.0,-0.0
23,23,unloading,0.0,73f1f000237306cf81fca6123e0c86b9d9d8a832fc0e046535645ebb5a1a5c2b,3311,71.0,40.0,cut_only,-0.0,-0.0,-0.0,-0.0,-0.0,-0.0
23,23,unloading,0.0,73f1f000237306cf81fca6123e0c86b9d9d8a832fc0e046535645ebb5a1a5c2b,3312,72.0,40.0,cut_only,-0.0,-0.0,-0.0,-0.0,-0.0,-0.0
23,23,unloading,0.0,73f1f000237306cf81fca6123e0c86b9d9d8a832fc0e046535645ebb5a1a5c2b,3313,73.0,40.0,cut_only,-0.0,-0.0,-0.0,-0.0,-0.0,-0.0
23,23,unloading,0.0,73f1f000237306cf81fca6123e0c86b9d9d8a832fc0e046535645ebb5a1a5c2b,3314,74.0,40.0,cut_only,-0.0,-0.0,-0.0,-0.0,-0.0,-0.0
23,23,unloading,0.0,73f1f000237306cf81fca6123e0c86b9d9d8a832fc0e046535645ebb5a1a5c2b,3315,75.0,40.0,cut_only,-0.0,-0.0,-0.0,-0.0,-0.0,-0.0
23,23,unloading,0.0,73f1f000237306cf81fca6123e0c86b9d9d8a832fc0e046535645ebb5a1a5c2b,3316,76.0,40.0,cut_only,-0.0,-0.0,-0.0,-0.0,-0.0,-0.0
23,23,unloading,0.0,73f1f000237306cf81fca6123e0c86b9d9d8a832fc0e046535645ebb5a1a5c2b,3317,77.0,40.0,cut_only,-0.0,-0.0,-0.0,-0.0,-0.0,-0.0
23,23,unloading,0.0,73f1f000237306cf81fca6123e0c86b9d9d8a832fc0e046535645ebb5a1a5c2b,3318,78.0,40.0,cut_only,-0.0,-0.0,-0.0,-0.0,-0.0,-0.0
23,23,unloading,0.0,73f1f000237306cf81fca6123e0c86b9d9d8a832fc0e046535645ebb5a1a5c2b,3319,79.0,40.0,cut_only,-0.0,-0.0,-0.0,-0.0,-0.0,-0.0
23,23,unloading,0.0,73f1f000237306cf81fca6123e0c86b9d9d8a832fc0e046535645ebb5a1a5c2b,3320,80.0,40.0,physical_and_cut,-0.0,-0.0,-0.0,-0.0,-0.0,-0.0
